file,line_no,id,speaker,text,category,arc,episode
283活动剧情/2025ホワイトデー スペシャルコミュ/25白情真乃01.csv,3,4901900010010,真乃,"ピーちゃんのラテアート……っ
白くてほわほわなところがそっくりです……っ",283活动剧情,2025ホワイトデー スペシャルコミュ,25白情真乃01
283活动剧情/2025ホワイトデー スペシャルコミュ/25白情真乃01.csv,5,4901900010020,真乃,"飲んでしまうのがもったいないです……
……もう少しだけ……",283活动剧情,2025ホワイトデー スペシャルコミュ,25白情真乃01
283活动剧情/2025ホワイトデー スペシャルコミュ/25白情真乃02.csv,3,4901900020010,真乃,"ピーちゃんのラテアート……っ
白くてほわほわなところがそっくりです……っ",283活动剧情,2025ホワイトデー スペシャルコミュ,25白情真乃02
283活动剧情/2025ホワイトデー スペシャルコミュ/25白情真乃02.csv,5,4901900020020,真乃,"飲んでしまうのがもったいないです……
……",283活动剧情,2025ホワイトデー スペシャルコミュ,25白情真乃02
283活动剧情/2025ホワイトデー スペシャルコミュ/25白情真乃02.csv,7,4901900020030,真乃,"あ、いえ……
これは、私のために……",283活动剧情,2025ホワイトデー スペシャルコミュ,25白情真乃02
283活动剧情/2025ホワイトデー スペシャルコミュ/25白情真乃02.csv,8,4901900020040,真乃,"どうしても手放すことを惜しんじゃう時は
こうやって、写真に収めておくといいと聞いたので",283活动剧情,2025ホワイトデー スペシャルコミュ,25白情真乃02
283活动剧情/2025ホワイトデー スペシャルコミュ/25白情真乃02.csv,10,4901900020050,真乃,"このすてきなラテアートも、ラテの味も
プロデューサーさんとの、特別なひと時も",283活动剧情,2025ホワイトデー スペシャルコミュ,25白情真乃02
283活动剧情/2025ホワイトデー スペシャルコミュ/25白情真乃02.csv,11,4901900020060,真乃,またいつでも、思い出せるように……,283活动剧情,2025ホワイトデー スペシャルコミュ,25白情真乃02
283活动剧情/5th Anniversary 当日スペシャルコミュ/5th Anniversary-illuminationSTARS.csv,2,4901041010010,真乃,──『アイドルになってみる気はない？』,283活动剧情,5th Anniversary 当日スペシャルコミュ,5th Anniversary-illuminationSTARS
283活动剧情/5th Anniversary 当日スペシャルコミュ/5th Anniversary-illuminationSTARS.csv,3,4901041010020,真乃,"……私が、アイドルとしてたくさんの経験と、
たくさんの思いに触れられるのは……",283活动剧情,5th Anniversary 当日スペシャルコミュ,5th Anniversary-illuminationSTARS
283活动剧情/5th Anniversary 当日スペシャルコミュ/5th Anniversary-illuminationSTARS.csv,4,4901041010030,真乃,"あのときのプロデューサーさんの言葉がはじまりだ──って
……いつも、そう思い返しています……",283活动剧情,5th Anniversary 当日スペシャルコミュ,5th Anniversary-illuminationSTARS
283活动剧情/Catch the shiny tail/序章-見えない、ヒカリの先.csv,7,4001009010060,真乃,"うん
今は、すっごく堂々としてる……！",283活动剧情,Catch the shiny tail,序章-見えない、ヒカリの先
283活动剧情/Catch the shiny tail/序章-見えない、ヒカリの先.csv,9,4001009010080,真乃,頑張って、灯織ちゃんっ……,283活动剧情,Catch the shiny tail,序章-見えない、ヒカリの先
283活动剧情/Catch the shiny tail/序章-見えない、ヒカリの先.csv,12,4001009010101,真乃＆めぐる,！,283活动剧情,Catch the shiny tail,序章-見えない、ヒカリの先
283活动剧情/Catch the shiny tail/序章-見えない、ヒカリの先.csv,13,4001009010110,真乃,良かったぁ……,283活动剧情,Catch the shiny tail,序章-見えない、ヒカリの先
283活动剧情/Catch the shiny tail/序章-見えない、ヒカリの先.csv,16,4001009010140,真乃,ふふ、うんっ,283活动剧情,Catch the shiny tail,序章-見えない、ヒカリの先
283活动剧情/Catch the shiny tail/序章-見えない、ヒカリの先.csv,17,4001009010150,真乃,"──えっと……挨拶の後は、ボランティアのみなさんと
チラシを配るって言ってたよね",283活动剧情,Catch the shiny tail,序章-見えない、ヒカリの先
283活动剧情/Catch the shiny tail/序章-見えない、ヒカリの先.csv,20,4001009010180,真乃,うん、私もそう言おうと思ってたんだ、めぐるちゃん,283活动剧情,Catch the shiny tail,序章-見えない、ヒカリの先
283活动剧情/Catch the shiny tail/序章-見えない、ヒカリの先.csv,21,4001009010190,真乃,"今日は灯織ちゃんのお仕事だけど──
ボランティアとしてだったら、参加しても大丈夫だよねっ",283活动剧情,Catch the shiny tail,序章-見えない、ヒカリの先
283活动剧情/Catch the shiny tail/序章-見えない、ヒカリの先.csv,24,4001009010220,真乃,うんっ,283活动剧情,Catch the shiny tail,序章-見えない、ヒカリの先
283活动剧情/Catch the shiny tail/序章-見えない、ヒカリの先.csv,27,4001009010250,真乃,"自転車の事故を減らしましょう──
はい、こちらのチラシをお持ち帰りください、どうぞ",283活动剧情,Catch the shiny tail,序章-見えない、ヒカリの先
283活动剧情/Catch the shiny tail/序章-見えない、ヒカリの先.csv,28,4001009010260,真乃,ありがとうございますっ,283活动剧情,Catch the shiny tail,序章-見えない、ヒカリの先
283活动剧情/Catch the shiny tail/序章-見えない、ヒカリの先.csv,31,4001009010290,真乃,私たちも一緒に配らせて、灯織ちゃんっ,283活动剧情,Catch the shiny tail,序章-見えない、ヒカリの先
283活动剧情/Catch the shiny tail/序章-見えない、ヒカリの先.csv,36,4001009010340,真乃,うんっ,283活动剧情,Catch the shiny tail,序章-見えない、ヒカリの先
283活动剧情/Catch the shiny tail/序章-見えない、ヒカリの先.csv,37,4001009010350,真乃,ふふ……だから、ごめんはいらないよっ,283活动剧情,Catch the shiny tail,序章-見えない、ヒカリの先
283活动剧情/Catch the shiny tail/序章-見えない、ヒカリの先.csv,40,4001009010380,真乃,あ──,283活动剧情,Catch the shiny tail,序章-見えない、ヒカリの先
283活动剧情/Catch the shiny tail/序章-見えない、ヒカリの先.csv,45,4001009010430,真乃,ほわ……,283活动剧情,Catch the shiny tail,序章-見えない、ヒカリの先
283活动剧情/Catch the shiny tail/序章-見えない、ヒカリの先.csv,46,4001009010440,真乃,灯織ちゃん、本物のおまわりさんみたい……,283活动剧情,Catch the shiny tail,序章-見えない、ヒカリの先
283活动剧情/Catch the shiny tail/序章-見えない、ヒカリの先.csv,52,4001009010500,真乃,……！,283活动剧情,Catch the shiny tail,序章-見えない、ヒカリの先
283活动剧情/Catch the shiny tail/序章-見えない、ヒカリの先.csv,55,4001009010530,真乃,"！
あ、えっと",283活动剧情,Catch the shiny tail,序章-見えない、ヒカリの先
283活动剧情/Catch the shiny tail/序章-見えない、ヒカリの先.csv,56,4001009010540,真乃,お願いしますっ……,283活动剧情,Catch the shiny tail,序章-見えない、ヒカリの先
283活动剧情/Catch the shiny tail/序章-見えない、ヒカリの先.csv,64,4001009010600,真乃,灯織ちゃんの署長さん姿、いっぱい見てるねっ,283活动剧情,Catch the shiny tail,序章-見えない、ヒカリの先
283活动剧情/Catch the shiny tail/序章-見えない、ヒカリの先.csv,69,4001009010650,真乃,うんっ,283活动剧情,Catch the shiny tail,序章-見えない、ヒカリの先
283活动剧情/Catch the shiny tail/第1话-彼女の輝き.csv,8,4001009020050,真乃,灯織ちゃん、すごいな……っ,283活动剧情,Catch the shiny tail,第1话-彼女の輝き
283活动剧情/Catch the shiny tail/第1话-彼女の輝き.csv,13,4001009020090,真乃,わ、お疲れさまですっ……,283活动剧情,Catch the shiny tail,第1话-彼女の輝き
283活动剧情/Catch the shiny tail/第1话-彼女の輝き.csv,19,4001009020110,真乃,はい……,283活动剧情,Catch the shiny tail,第1话-彼女の輝き
283活动剧情/Catch the shiny tail/第1话-彼女の輝き.csv,20,4001009020120,真乃,灯織ちゃん、すごいな……,283活动剧情,Catch the shiny tail,第1话-彼女の輝き
283活动剧情/Catch the shiny tail/第1话-彼女の輝き.csv,21,4001009020130,真乃,……,283活动剧情,Catch the shiny tail,第1话-彼女の輝き
283活动剧情/Catch the shiny tail/第1话-彼女の輝き.csv,22,4001009020140,真乃,（……私は──……）,283活动剧情,Catch the shiny tail,第1话-彼女の輝き
283活动剧情/Catch the shiny tail/第1话-彼女の輝き.csv,23,4001009020150,真乃,（……）,283活动剧情,Catch the shiny tail,第1话-彼女の輝き
283活动剧情/Catch the shiny tail/第1话-彼女の輝き.csv,25,4001009020170,真乃,！,283活动剧情,Catch the shiny tail,第1话-彼女の輝き
283活动剧情/Catch the shiny tail/第1话-彼女の輝き.csv,27,4001009020190,真乃,……灯織ちゃん、お疲れさまっ,283活动剧情,Catch the shiny tail,第1话-彼女の輝き
283活动剧情/Catch the shiny tail/第1话-彼女の輝き.csv,31,4001009020220,真乃,すっごくかっこよかったねって,283活动剧情,Catch the shiny tail,第1话-彼女の輝き
283活动剧情/Catch the shiny tail/第1话-彼女の輝き.csv,36,4001009020270,真乃,ほわ、もったいないな……,283活动剧情,Catch the shiny tail,第1话-彼女の輝き
283活动剧情/Catch the shiny tail/第1话-彼女の輝き.csv,37,4001009020280,真乃,"せっかくの署長さんだから、
よかったら……もう少し……",283活动剧情,Catch the shiny tail,第1话-彼女の輝き
283活动剧情/Catch the shiny tail/第1话-彼女の輝き.csv,42,4001009020320,真乃,ふふっ、もちろん,283活动剧情,Catch the shiny tail,第1话-彼女の輝き
283活动剧情/Catch the shiny tail/第1话-彼女の輝き.csv,48,4001009020360,真乃,……？,283活动剧情,Catch the shiny tail,第1话-彼女の輝き
283活动剧情/Catch the shiny tail/第1话-彼女の輝き.csv,49,4001009020370,真乃,どうしたの？　灯織ちゃん,283活动剧情,Catch the shiny tail,第1话-彼女の輝き
283活动剧情/Catch the shiny tail/第1话-彼女の輝き.csv,52,4001009020400,真乃,……,283活动剧情,Catch the shiny tail,第1话-彼女の輝き
283活动剧情/Catch the shiny tail/第1话-彼女の輝き.csv,53,4001009020410,真乃,（……真ん中……）,283活动剧情,Catch the shiny tail,第1话-彼女の輝き
283活动剧情/Catch the shiny tail/第1话-彼女の輝き.csv,60,4001009020461,真乃＆灯織,──ふふっ,283活动剧情,Catch the shiny tail,第1话-彼女の輝き
283活动剧情/Catch the shiny tail/第1话-彼女の輝き.csv,62,4001009020480,真乃,みんなでおまわりさんだね……っ,283活动剧情,Catch the shiny tail,第1话-彼女の輝き
283活动剧情/Catch the shiny tail/第1话-彼女の輝き.csv,74,4001009020570,真乃,あ……うんっ、私は……,283活动剧情,Catch the shiny tail,第1话-彼女の輝き
283活动剧情/Catch the shiny tail/第1话-彼女の輝き.csv,75,4001009020580,真乃,みんなと……一緒がいいな,283活动剧情,Catch the shiny tail,第1话-彼女の輝き
283活动剧情/Catch the shiny tail/第2话-思いがけない到着駅.csv,3,4001009030020,真乃,は、はいっ、急行しますっ,283活动剧情,Catch the shiny tail,第2话-思いがけない到着駅
283活动剧情/Catch the shiny tail/第2话-思いがけない到着駅.csv,6,4001009030050,真乃,ふふっ,283活动剧情,Catch the shiny tail,第2话-思いがけない到着駅
283活动剧情/Catch the shiny tail/第2话-思いがけない到着駅.csv,7,4001009030060,真乃,こちら、紙テープを買って、急行しますっ,283活动剧情,Catch the shiny tail,第2话-思いがけない到着駅
283活动剧情/Catch the shiny tail/第2话-思いがけない到着駅.csv,11,4001009030090,真乃,うんっ,283活动剧情,Catch the shiny tail,第2话-思いがけない到着駅
283活动剧情/Catch the shiny tail/第2话-思いがけない到着駅.csv,12,4001009030100,真乃,灯織ちゃん、今日のために準備もいっぱいしてて──,283活动剧情,Catch the shiny tail,第2话-思いがけない到着駅
283活动剧情/Catch the shiny tail/第2话-思いがけない到着駅.csv,14,4001009030110,真乃,すごく頑張って、勉強もして──,283活动剧情,Catch the shiny tail,第2话-思いがけない到着駅
283活动剧情/Catch the shiny tail/第2话-思いがけない到着駅.csv,15,4001009030120,真乃,だから、あんなに素敵な署長さんになれたんだなって,283活动剧情,Catch the shiny tail,第2话-思いがけない到着駅
283活动剧情/Catch the shiny tail/第2话-思いがけない到着駅.csv,25,4001009030220,真乃,……,283活动剧情,Catch the shiny tail,第2话-思いがけない到着駅
283活动剧情/Catch the shiny tail/第2话-思いがけない到着駅.csv,27,4001009030240,真乃,──……え？,283活动剧情,Catch the shiny tail,第2话-思いがけない到着駅
283活动剧情/Catch the shiny tail/第2话-思いがけない到着駅.csv,28,4001009030250,真乃,う、うんっ,283活动剧情,Catch the shiny tail,第2话-思いがけない到着駅
283活动剧情/Catch the shiny tail/第2话-思いがけない到着駅.csv,29,4001009030260,真乃,（……そうだ……ライブ……）,283活动剧情,Catch the shiny tail,第2话-思いがけない到着駅
283活动剧情/Catch the shiny tail/第2话-思いがけない到着駅.csv,30,4001009030270,真乃,……,283活动剧情,Catch the shiny tail,第2话-思いがけない到着駅
283活动剧情/Catch the shiny tail/第2话-思いがけない到着駅.csv,31,4001009030280,真乃,"（……灯織ちゃん、
真ん中でとってもかっこよかった……）",283活动剧情,Catch the shiny tail,第2话-思いがけない到着駅
283活动剧情/Catch the shiny tail/第2话-思いがけない到着駅.csv,33,4001009030282,真乃,めぐるちゃん……,283活动剧情,Catch the shiny tail,第2话-思いがけない到着駅
283活动剧情/Catch the shiny tail/第2话-思いがけない到着駅.csv,37,4001009030286,真乃,灯織ちゃん……,283活动剧情,Catch the shiny tail,第2话-思いがけない到着駅
283活动剧情/Catch the shiny tail/第2话-思いがけない到着駅.csv,38,4001009030287,真乃,いっぱい考えてくれて……ありがとう,283活动剧情,Catch the shiny tail,第2话-思いがけない到着駅
283活动剧情/Catch the shiny tail/第2话-思いがけない到着駅.csv,39,4001009030288,真乃,"プロデューサーさんが私を選んでくれたのは……
きっと、私が一番頑張りなさいってことだよね",283活动剧情,Catch the shiny tail,第2话-思いがけない到着駅
283活动剧情/Catch the shiny tail/第2话-思いがけない到着駅.csv,40,4001009030290,真乃,……ヒカリの先……,283活动剧情,Catch the shiny tail,第2话-思いがけない到着駅
283活动剧情/Catch the shiny tail/第2话-思いがけない到着駅.csv,42,4001009030310,真乃,あ、ううんっ,283活动剧情,Catch the shiny tail,第2话-思いがけない到着駅
283活动剧情/Catch the shiny tail/第2话-思いがけない到着駅.csv,43,4001009030320,真乃,"あのね、頑張らなきゃって
そう思って",283活动剧情,Catch the shiny tail,第2话-思いがけない到着駅
283活动剧情/Catch the shiny tail/第2话-思いがけない到着駅.csv,44,4001009030330,真乃,……少し、ぼーっとしちゃった,283活动剧情,Catch the shiny tail,第2话-思いがけない到着駅
283活动剧情/Catch the shiny tail/第2话-思いがけない到着駅.csv,46,4001009030350,真乃,"ううん、違うの灯織ちゃんっ
ほんとに、全然──なんともなくてっ",283活动剧情,Catch the shiny tail,第2话-思いがけない到着駅
283活动剧情/Catch the shiny tail/第2话-思いがけない到着駅.csv,48,4001009030370,真乃,めぐるちゃん、早寝早起きだもんね,283活动剧情,Catch the shiny tail,第2话-思いがけない到着駅
283活动剧情/Catch the shiny tail/第2话-思いがけない到着駅.csv,53,4001009030420,真乃,ちょっとだけなら、いいかなぁ……,283活动剧情,Catch the shiny tail,第2话-思いがけない到着駅
283活动剧情/Catch the shiny tail/第2话-思いがけない到着駅.csv,55,4001009030431,真乃＆めぐる,ふふっ,283活动剧情,Catch the shiny tail,第2话-思いがけない到着駅
283活动剧情/Catch the shiny tail/第2话-思いがけない到着駅.csv,57,4001009030450,真乃,うん──,283活动剧情,Catch the shiny tail,第2话-思いがけない到着駅
283活动剧情/Catch the shiny tail/第2话-思いがけない到着駅.csv,59,4001009030470,真乃,（……？）,283活动剧情,Catch the shiny tail,第2话-思いがけない到着駅
283活动剧情/Catch the shiny tail/第2话-思いがけない到着駅.csv,60,4001009030480,真乃,（……灯織ちゃん……？）,283活动剧情,Catch the shiny tail,第2话-思いがけない到着駅
283活动剧情/Catch the shiny tail/第2话-思いがけない到着駅.csv,61,4001009030490,真乃,"んん……
灯織ちゃん、どうしたの……？",283活动剧情,Catch the shiny tail,第2话-思いがけない到着駅
283活动剧情/Catch the shiny tail/第2话-思いがけない到着駅.csv,63,4001009030510,真乃,……？,283活动剧情,Catch the shiny tail,第2话-思いがけない到着駅
283活动剧情/Catch the shiny tail/第2话-思いがけない到着駅.csv,64,4001009030520,真乃,……あ、あれ……！？,283活动剧情,Catch the shiny tail,第2话-思いがけない到着駅
283活动剧情/Catch the shiny tail/第2话-思いがけない到着駅.csv,65,4001009030530,真乃,ここ、どこ……！？,283活动剧情,Catch the shiny tail,第2话-思いがけない到着駅
283活动剧情/Catch the shiny tail/第3话-彼女のキラメキ.csv,3,4001009040010,真乃,"は、はい……すみません……っ
それで、あのっ……",283活动剧情,Catch the shiny tail,第3话-彼女のキラメキ
283活动剧情/Catch the shiny tail/第3话-彼女のキラメキ.csv,4,4001009040020,真乃,"本当は、もうおうちに着く時間だと思うんですけど、
着くのが、遅くなっちゃいそうでっ……",283活动剧情,Catch the shiny tail,第3话-彼女のキラメキ
283活动剧情/Catch the shiny tail/第3话-彼女のキラメキ.csv,6,4001009040030,真乃,"いえ……っ
本当に、すみませ──",283活动剧情,Catch the shiny tail,第3话-彼女のキラメキ
283活动剧情/Catch the shiny tail/第3话-彼女のキラメキ.csv,9,4001009040040,真乃,そんな……,283活动剧情,Catch the shiny tail,第3话-彼女のキラメキ
283活动剧情/Catch the shiny tail/第3话-彼女のキラメキ.csv,11,4001009040050,真乃,"は、はいっ
ふたりは──",283活动剧情,Catch the shiny tail,第3话-彼女のキラメキ
283活动剧情/Catch the shiny tail/第3话-彼女のキラメキ.csv,13,4001009040070,真乃,う、うん,283活动剧情,Catch the shiny tail,第3话-彼女のキラメキ
283活动剧情/Catch the shiny tail/第3话-彼女のキラメキ.csv,14,4001009040080,真乃,"あの、プロデューサーさんっ
今、めぐるちゃんに代わります──",283活动剧情,Catch the shiny tail,第3话-彼女のキラメキ
283活动剧情/Catch the shiny tail/第3话-彼女のキラメキ.csv,16,4001009040090,真乃,はい、めぐるちゃん,283活动剧情,Catch the shiny tail,第3话-彼女のキラメキ
283活动剧情/Catch the shiny tail/第3话-彼女のキラメキ.csv,23,4001009040151,真乃＆灯織,！,283活动剧情,Catch the shiny tail,第3话-彼女のキラメキ
283活动剧情/Catch the shiny tail/第3话-彼女のキラメキ.csv,28,4001009040200,真乃,……,283活动剧情,Catch the shiny tail,第3话-彼女のキラメキ
283活动剧情/Catch the shiny tail/第3话-彼女のキラメキ.csv,33,4001009040250,真乃,"（めぐるちゃん……すごいなぁ……
電話……すごく、テキパキしてる……）",283活动剧情,Catch the shiny tail,第3话-彼女のキラメキ
283活动剧情/Catch the shiny tail/第3话-彼女のキラメキ.csv,34,4001009040260,真乃,……,283活动剧情,Catch the shiny tail,第3话-彼女のキラメキ
283活动剧情/Catch the shiny tail/第3话-彼女のキラメキ.csv,49,4001009040410,真乃,う、うん──！,283活动剧情,Catch the shiny tail,第3话-彼女のキラメキ
283活动剧情/Catch the shiny tail/第3话-彼女のキラメキ.csv,50,4001009040420,真乃,"プロデューサーさん……
ありがとうございます……！",283活动剧情,Catch the shiny tail,第3话-彼女のキラメキ
283活动剧情/Catch the shiny tail/第3话-彼女のキラメキ.csv,52,4001009040430,真乃,"はい……
その……よろしくお願いします……っ",283活动剧情,Catch the shiny tail,第3话-彼女のキラメキ
283活动剧情/Catch the shiny tail/第3话-彼女のキラメキ.csv,54,4001009040440,真乃,じゃあ、めぐるちゃんに代わります──,283活动剧情,Catch the shiny tail,第3话-彼女のキラメキ
283活动剧情/Catch the shiny tail/第3话-彼女のキラメキ.csv,59,4001009040490,真乃,……,283活动剧情,Catch the shiny tail,第3话-彼女のキラメキ
283活动剧情/Catch the shiny tail/第3话-彼女のキラメキ.csv,60,4001009040500,真乃,（やっぱり……すごいなぁ）,283活动剧情,Catch the shiny tail,第3话-彼女のキラメキ
283活动剧情/Catch the shiny tail/第3话-彼女のキラメキ.csv,61,4001009040510,真乃,……めぐるちゃんも、ありがとう,283活动剧情,Catch the shiny tail,第3话-彼女のキラメキ
283活动剧情/Catch the shiny tail/第3话-彼女のキラメキ.csv,63,4001009040530,真乃,ううん、あの……,283活动剧情,Catch the shiny tail,第3话-彼女のキラメキ
283活动剧情/Catch the shiny tail/第3话-彼女のキラメキ.csv,64,4001009040540,真乃,"プロデューサーさんも、
きっと安心してくれてるだろうなって、思って",283活动剧情,Catch the shiny tail,第3话-彼女のキラメキ
283活动剧情/Catch the shiny tail/第3话-彼女のキラメキ.csv,69,4001009040581,真乃＆めぐる,！,283活动剧情,Catch the shiny tail,第3话-彼女のキラメキ
283活动剧情/Catch the shiny tail/第3话-彼女のキラメキ.csv,70,4001009040590,真乃,そ、そんなに……,283活动剧情,Catch the shiny tail,第3话-彼女のキラメキ
283活动剧情/Catch the shiny tail/第3话-彼女のキラメキ.csv,77,4001009040660,真乃,ほわ、ほんとだ……,283活动剧情,Catch the shiny tail,第3话-彼女のキラメキ
283活动剧情/Catch the shiny tail/第3话-彼女のキラメキ.csv,84,4001009040730,真乃,"灯織ちゃん
私も餃子、食べたいな",283活动剧情,Catch the shiny tail,第3话-彼女のキラメキ
283活动剧情/Catch the shiny tail/第3话-彼女のキラメキ.csv,87,4001009040751,真乃＆めぐる,……,283活动剧情,Catch the shiny tail,第3话-彼女のキラメキ
283活动剧情/Catch the shiny tail/第3话-彼女のキラメキ.csv,89,4001009040761,真乃＆めぐる,！,283活动剧情,Catch the shiny tail,第3话-彼女のキラメキ
283活动剧情/Catch the shiny tail/第4话-ふたりにはあるのに.csv,2,4001009050010,真乃,……ほわぁ,283活动剧情,Catch the shiny tail,第4话-ふたりにはあるのに
283活动剧情/Catch the shiny tail/第4话-ふたりにはあるのに.csv,7,4001009050060,真乃,ふふ。これ、ぷっくりしてて可愛い……,283活动剧情,Catch the shiny tail,第4话-ふたりにはあるのに
283活动剧情/Catch the shiny tail/第4话-ふたりにはあるのに.csv,9,4001009050080,真乃,"うんっ。……あ、めぐるちゃんのも可愛い
そっちの、端っこの……",283活动剧情,Catch the shiny tail,第4话-ふたりにはあるのに
283活动剧情/Catch the shiny tail/第4话-ふたりにはあるのに.csv,12,4001009050110,真乃,め、めぐるちゃん……！,283活动剧情,Catch the shiny tail,第4话-ふたりにはあるのに
283活动剧情/Catch the shiny tail/第4话-ふたりにはあるのに.csv,13,4001009050120,真乃,"う、うわー……っ
食べられたーっ",283活动剧情,Catch the shiny tail,第4话-ふたりにはあるのに
283活动剧情/Catch the shiny tail/第4话-ふたりにはあるのに.csv,18,4001009050170,真乃,うわー……っ,283活动剧情,Catch the shiny tail,第4话-ふたりにはあるのに
283活动剧情/Catch the shiny tail/第4话-ふたりにはあるのに.csv,21,4001009050200,真乃,ふふっ……,283活动剧情,Catch the shiny tail,第4话-ふたりにはあるのに
283活动剧情/Catch the shiny tail/第4话-ふたりにはあるのに.csv,24,4001009050221,真乃＆灯織＆めぐる,ふふっ,283活动剧情,Catch the shiny tail,第4话-ふたりにはあるのに
283活动剧情/Catch the shiny tail/第4话-ふたりにはあるのに.csv,25,4001009050230,真乃,……楽しいな……,283活动剧情,Catch the shiny tail,第4话-ふたりにはあるのに
283活动剧情/Catch the shiny tail/第4话-ふたりにはあるのに.csv,28,4001009050260,真乃,……えへへ,283活动剧情,Catch the shiny tail,第4话-ふたりにはあるのに
283活动剧情/Catch the shiny tail/第4话-ふたりにはあるのに.csv,29,4001009050270,真乃,灯織ちゃんとめぐるちゃんのおかげで、遠足みたい,283活动剧情,Catch the shiny tail,第4话-ふたりにはあるのに
283活动剧情/Catch the shiny tail/第4话-ふたりにはあるのに.csv,30,4001009050280,真乃,（ふたりのおかげで、こんなに楽しい……）,283活动剧情,Catch the shiny tail,第4话-ふたりにはあるのに
283活动剧情/Catch the shiny tail/第4话-ふたりにはあるのに.csv,31,4001009050290,真乃,（…………）,283活动剧情,Catch the shiny tail,第4话-ふたりにはあるのに
283活动剧情/Catch the shiny tail/第4话-ふたりにはあるのに.csv,32,4001009050300,真乃,！,283活动剧情,Catch the shiny tail,第4话-ふたりにはあるのに
283活动剧情/Catch the shiny tail/第4话-ふたりにはあるのに.csv,33,4001009050310,真乃,めぐるちゃん……？,283活动剧情,Catch the shiny tail,第4话-ふたりにはあるのに
283活动剧情/Catch the shiny tail/第4话-ふたりにはあるのに.csv,39,4001009050370,真乃,えっ、わ……っ,283活动剧情,Catch the shiny tail,第4话-ふたりにはあるのに
283活动剧情/Catch the shiny tail/第4话-ふたりにはあるのに.csv,42,4001009050391,真乃＆灯織,あーん……,283活动剧情,Catch the shiny tail,第4话-ふたりにはあるのに
283活动剧情/Catch the shiny tail/第4话-ふたりにはあるのに.csv,48,4001009050450,真乃,ふふ……じゃあめぐるちゃんも写らなきゃ,283活动剧情,Catch the shiny tail,第4话-ふたりにはあるのに
283活动剧情/Catch the shiny tail/第4话-ふたりにはあるのに.csv,49,4001009050460,真乃,今度は私が撮るよ,283活动剧情,Catch the shiny tail,第4话-ふたりにはあるのに
283活动剧情/Catch the shiny tail/第4话-ふたりにはあるのに.csv,51,4001009050480,真乃,うん──,283活动剧情,Catch the shiny tail,第4话-ふたりにはあるのに
283活动剧情/Catch the shiny tail/第4话-ふたりにはあるのに.csv,52,4001009050490,真乃,"えっと、灯織ちゃん、めぐるちゃん
次も、おっきな口でお願いしますっ……！",283活动剧情,Catch the shiny tail,第4话-ふたりにはあるのに
283活动剧情/Catch the shiny tail/第4话-ふたりにはあるのに.csv,56,4001009050530,真乃,ふふ、せーの,283活动剧情,Catch the shiny tail,第4话-ふたりにはあるのに
283活动剧情/Catch the shiny tail/第5话-私の場所.csv,7,4001009060050,真乃,めぐるちゃん、バイバイっ……,283活动剧情,Catch the shiny tail,第5话-私の場所
283活动剧情/Catch the shiny tail/第5话-私の場所.csv,8,4001009060060,真乃,…………,283活动剧情,Catch the shiny tail,第5话-私の場所
283活动剧情/Catch the shiny tail/第5话-私の場所.csv,10,4001009060070,真乃,"あの、すみません……
おうちまで送っていただいて……",283活动剧情,Catch the shiny tail,第5话-私の場所
283活动剧情/Catch the shiny tail/第5话-私の場所.csv,11,4001009060080,真乃,"……プロデューサーさんも
すごく遅くなっちゃって……",283活动剧情,Catch the shiny tail,第5话-私の場所
283活动剧情/Catch the shiny tail/第5话-私の場所.csv,14,4001009060090,真乃,そ、それは、私が決めたわけじゃなくて……,283活动剧情,Catch the shiny tail,第5话-私の場所
283活动剧情/Catch the shiny tail/第5话-私の場所.csv,15,4001009060100,真乃,…………,283活动剧情,Catch the shiny tail,第5话-私の場所
283活动剧情/Catch the shiny tail/第5话-私の場所.csv,17,4001009060110,真乃,"は、はい……
あの……ありがとうございます……",283活动剧情,Catch the shiny tail,第5话-私の場所
283活动剧情/Catch the shiny tail/第5话-私の場所.csv,19,4001009060120,真乃,……,283活动剧情,Catch the shiny tail,第5话-私の場所
283活动剧情/Catch the shiny tail/第5话-私の場所.csv,20,4001009060130,真乃,わ、めぐるちゃん……っ,283活动剧情,Catch the shiny tail,第5话-私の場所
283活动剧情/Catch the shiny tail/第5话-私の場所.csv,21,4001009060140,真乃,──写真……いっぱい,283活动剧情,Catch the shiny tail,第5话-私の場所
283活动剧情/Catch the shiny tail/第5话-私の場所.csv,24,4001009060170,真乃,ふふ,283活动剧情,Catch the shiny tail,第5话-私の場所
283活动剧情/Catch the shiny tail/第5话-私の場所.csv,26,4001009060190,真乃,"ふふふ……
灯織ちゃん、真ん中だ……",283活动剧情,Catch the shiny tail,第5话-私の場所
283活动剧情/Catch the shiny tail/第5话-私の場所.csv,27,4001009060200,真乃,…………,283活动剧情,Catch the shiny tail,第5话-私の場所
283活动剧情/Catch the shiny tail/第5话-私の場所.csv,28,4001009060210,真乃,灯織ちゃん……,283活动剧情,Catch the shiny tail,第5话-私の場所
283活动剧情/Catch the shiny tail/第5话-私の場所.csv,29,4001009060220,真乃,めぐるちゃん……,283活动剧情,Catch the shiny tail,第5话-私の場所
283活动剧情/Catch the shiny tail/第5话-私の場所.csv,30,4001009060230,真乃,…………,283活动剧情,Catch the shiny tail,第5话-私の場所
283活动剧情/Catch the shiny tail/第5话-私の場所.csv,31,4001009060240,真乃,真ん中……,283活动剧情,Catch the shiny tail,第5话-私の場所
283活动剧情/Catch the shiny tail/第5话-私の場所.csv,33,4001009060250,真乃,"あ、プロデューサーさん……
いえっ……",283活动剧情,Catch the shiny tail,第5话-私の場所
283活动剧情/Catch the shiny tail/第5话-私の場所.csv,34,4001009060260,真乃,"写真を見てて……
……今日、いっぱい撮ったんですっ",283活动剧情,Catch the shiny tail,第5话-私の場所
283活动剧情/Catch the shiny tail/第5话-私の場所.csv,37,4001009060270,真乃,"は、はいっ……
…………",283活动剧情,Catch the shiny tail,第5话-私の場所
283活动剧情/Catch the shiny tail/第5话-私の場所.csv,38,4001009060280,真乃,…………,283活动剧情,Catch the shiny tail,第5话-私の場所
283活动剧情/Catch the shiny tail/第5话-私の場所.csv,39,4001009060290,真乃,…………,283活动剧情,Catch the shiny tail,第5话-私の場所
283活动剧情/Catch the shiny tail/第5话-私の場所.csv,41,4001009060300,真乃,あ、はいっ……,283活动剧情,Catch the shiny tail,第5话-私の場所
283活动剧情/Catch the shiny tail/第5话-私の場所.csv,43,4001009060310,真乃,い、いえ…………,283活动剧情,Catch the shiny tail,第5话-私の場所
283活动剧情/Catch the shiny tail/第5话-私の場所.csv,44,4001009060320,真乃,"…………
…………あの、プロデューサーさん",283活动剧情,Catch the shiny tail,第5话-私の場所
283活动剧情/Catch the shiny tail/第5话-私の場所.csv,46,4001009060330,真乃,"あの…………
どうして私が、センターなんですか？",283活动剧情,Catch the shiny tail,第5话-私の場所
283活动剧情/Catch the shiny tail/第5话-私の場所.csv,48,4001009060340,真乃,…………,283活动剧情,Catch the shiny tail,第5话-私の場所
283活动剧情/Catch the shiny tail/第5话-私の場所.csv,49,4001009060350,真乃,"…………そ、その、みんなの前で乾杯って言ったり……
真ん中に立って歌ったり、写真を撮ったり──",283活动剧情,Catch the shiny tail,第5话-私の場所
283活动剧情/Catch the shiny tail/第5话-私の場所.csv,50,4001009060360,真乃,"灯織ちゃん、今日もとってもかっこよくて、
きらきらしてて……",283活动剧情,Catch the shiny tail,第5话-私の場所
283活动剧情/Catch the shiny tail/第5话-私の場所.csv,51,4001009060370,真乃,"めぐるちゃんも、知らない駅に急に来ちゃったのに、
落ち着いてて、みんなを引っ張ってくれて……",283活动剧情,Catch the shiny tail,第5话-私の場所
283活动剧情/Catch the shiny tail/第5话-私の場所.csv,53,4001009060380,真乃,私は……──,283活动剧情,Catch the shiny tail,第5话-私の場所
283活动剧情/Catch the shiny tail/第5话-私の場所.csv,54,4001009060390,真乃,…………,283活动剧情,Catch the shiny tail,第5话-私の場所
283活动剧情/Catch the shiny tail/第5话-私の場所.csv,55,4001009060400,真乃,"そ、その…………
…………急に、ごめんなさい……",283活动剧情,Catch the shiny tail,第5话-私の場所
283活动剧情/Catch the shiny tail/第5话-私の場所.csv,57,4001009060410,真乃,…………,283活动剧情,Catch the shiny tail,第5话-私の場所
283活动剧情/Catch the shiny tail/第5话-私の場所.csv,58,4001009060420,真乃,あの、私……,283活动剧情,Catch the shiny tail,第5话-私の場所
283活动剧情/Catch the shiny tail/第5话-私の場所.csv,59,4001009060430,真乃,灯織ちゃんとか、めぐるちゃんみたいに……,283活动剧情,Catch the shiny tail,第5话-私の場所
283活动剧情/Catch the shiny tail/第5话-私の場所.csv,60,4001009060440,真乃,…………すごくないなって,283活动剧情,Catch the shiny tail,第5话-私の場所
283活动剧情/Catch the shiny tail/第5话-私の場所.csv,61,4001009060450,真乃,…………,283活动剧情,Catch the shiny tail,第5话-私の場所
283活动剧情/Catch the shiny tail/第5话-私の場所.csv,63,4001009060460,真乃,"……
だから……",283活动剧情,Catch the shiny tail,第5话-私の場所
283活动剧情/Catch the shiny tail/第5话-私の場所.csv,64,4001009060470,真乃,"真ん中に立ってて……
いいのかなって…………",283活动剧情,Catch the shiny tail,第5话-私の場所
283活动剧情/Catch the shiny tail/第5话-私の場所.csv,65,4001009060480,真乃,──すみません…………,283活动剧情,Catch the shiny tail,第5话-私の場所
283活动剧情/Catch the shiny tail/第5话-私の場所.csv,70,4001009060490,真乃,…………プロデューサーさん……？,283活动剧情,Catch the shiny tail,第5话-私の場所
283活动剧情/Catch the shiny tail/第5话-私の場所.csv,73,4001009060500,真乃,あ、あの……いえ……──,283活动剧情,Catch the shiny tail,第5话-私の場所
283活动剧情/Catch the shiny tail/第5话-私の場所.csv,76,4001009060510,真乃,…………プロデューサーさん……,283活动剧情,Catch the shiny tail,第5话-私の場所
283活动剧情/Catch the shiny tail/第5话-私の場所.csv,80,4001009060520,真乃,…………,283活动剧情,Catch the shiny tail,第5话-私の場所
283活动剧情/Catch the shiny tail/第5话-私の場所.csv,82,4001009060530,真乃,ち、違うんですっ。あの……──,283活动剧情,Catch the shiny tail,第5话-私の場所
283活动剧情/Catch the shiny tail/第5话-私の場所.csv,86,4001009060540,真乃,…………みんなも……,283活动剧情,Catch the shiny tail,第5话-私の場所
283活动剧情/Catch the shiny tail/第5话-私の場所.csv,89,4001009060550,真乃,……？,283活动剧情,Catch the shiny tail,第5话-私の場所
283活动剧情/Catch the shiny tail/第5话-私の場所.csv,91,4001009060560,真乃,"は、はいっ……
それは、私もですっ……",283活动剧情,Catch the shiny tail,第5话-私の場所
283活动剧情/Catch the shiny tail/第5话-私の場所.csv,95,4001009060570,真乃,"……
プロデューサーさん……",283活动剧情,Catch the shiny tail,第5话-私の場所
283活动剧情/Catch the shiny tail/第5话-私の場所.csv,96,4001009060580,真乃,…………,283活动剧情,Catch the shiny tail,第5话-私の場所
283活动剧情/Catch the shiny tail/第5话-私の場所.csv,99,4001009060590,真乃,"は、はい…………
…………",283活动剧情,Catch the shiny tail,第5话-私の場所
283活动剧情/Catch the shiny tail/第5话-私の場所.csv,101,4001009060600,真乃,"はい……っ
あの……",283活动剧情,Catch the shiny tail,第5话-私の場所
283活动剧情/Catch the shiny tail/第5话-私の場所.csv,102,4001009060610,真乃,"送ってくださって、ありがとうございましたっ
それから──……",283活动剧情,Catch the shiny tail,第5话-私の場所
283活动剧情/Catch the shiny tail/第5话-私の場所.csv,103,4001009060620,真乃,…………,283活动剧情,Catch the shiny tail,第5话-私の場所
283活动剧情/Catch the shiny tail/第5话-私の場所.csv,106,4001009060630,真乃,…………！,283活动剧情,Catch the shiny tail,第5话-私の場所
283活动剧情/Catch the shiny tail/第5话-私の場所.csv,108,4001009060640,真乃,プロデューサーさん……,283活动剧情,Catch the shiny tail,第5话-私の場所
283活动剧情/Catch the shiny tail/第5话-私の場所.csv,109,4001009060650,真乃,…………,283活动剧情,Catch the shiny tail,第5话-私の場所
283活动剧情/Catch the shiny tail/第5话-私の場所.csv,110,4001009060660,真乃,…………,283活动剧情,Catch the shiny tail,第5话-私の場所
283活动剧情/Catch the shiny tail/第5话-私の場所.csv,111,4001009060670,真乃,あ……,283活动剧情,Catch the shiny tail,第5话-私の場所
283活动剧情/Catch the shiny tail/第5话-私の場所.csv,112,4001009060680,真乃,雨…………,283活动剧情,Catch the shiny tail,第5话-私の場所
283活动剧情/Catch the shiny tail/第5话-私の場所.csv,113,4001009060690,真乃,ピーちゃん、ただいま,283活动剧情,Catch the shiny tail,第5话-私の場所
283活动剧情/Catch the shiny tail/第5话-私の場所.csv,114,4001009060700,真乃,…………,283活动剧情,Catch the shiny tail,第5话-私の場所
283活动剧情/Catch the shiny tail/第5话-私の場所.csv,117,4001009060710,真乃,…………,283活动剧情,Catch the shiny tail,第5话-私の場所
283活动剧情/Catch the shiny tail/第5话-私の場所.csv,118,4001009060720,真乃,でも…………,283活动剧情,Catch the shiny tail,第5话-私の場所
283活动剧情/Catch the shiny tail/第6话-あのね、あるの、悩み事.csv,5,4001009070040,真乃,はっ、はっ……,283活动剧情,Catch the shiny tail,第6话-あのね、あるの、悩み事
283活动剧情/Catch the shiny tail/第6话-あのね、あるの、悩み事.csv,6,4001009070050,真乃,はっ、はっ……,283活动剧情,Catch the shiny tail,第6话-あのね、あるの、悩み事
283活动剧情/Catch the shiny tail/第6话-あのね、あるの、悩み事.csv,7,4001009070060,真乃,はっ、はっ……,283活动剧情,Catch the shiny tail,第6话-あのね、あるの、悩み事
283活动剧情/Catch the shiny tail/第6话-あのね、あるの、悩み事.csv,9,4001009070070,真乃,はぁっ……はぁっ……,283活动剧情,Catch the shiny tail,第6话-あのね、あるの、悩み事
283活动剧情/Catch the shiny tail/第6话-あのね、あるの、悩み事.csv,11,4001009070080,真乃,はぁっ……はぁっ……,283活动剧情,Catch the shiny tail,第6话-あのね、あるの、悩み事
283活动剧情/Catch the shiny tail/第6话-あのね、あるの、悩み事.csv,12,4001009070090,真乃,ふぅ……ふぅ……,283活动剧情,Catch the shiny tail,第6话-あのね、あるの、悩み事
283活动剧情/Catch the shiny tail/第6话-あのね、あるの、悩み事.csv,13,4001009070100,真乃,"……
ピーちゃん、休もっか",283活动剧情,Catch the shiny tail,第6话-あのね、あるの、悩み事
283活动剧情/Catch the shiny tail/第6话-あのね、あるの、悩み事.csv,14,4001009070110,真乃,ふふ……,283活动剧情,Catch the shiny tail,第6话-あのね、あるの、悩み事
283活动剧情/Catch the shiny tail/第6话-あのね、あるの、悩み事.csv,15,4001009070120,真乃,"寒いのに……
ついてきてくれてありがとう、ピーちゃん",283活动剧情,Catch the shiny tail,第6话-あのね、あるの、悩み事
283活动剧情/Catch the shiny tail/第6话-あのね、あるの、悩み事.csv,16,4001009070130,真乃,いつもより、ちょっと長く走れたよ,283活动剧情,Catch the shiny tail,第6话-あのね、あるの、悩み事
283活动剧情/Catch the shiny tail/第6话-あのね、あるの、悩み事.csv,17,4001009070140,真乃,…………,283活动剧情,Catch the shiny tail,第6话-あのね、あるの、悩み事
283活动剧情/Catch the shiny tail/第6话-あのね、あるの、悩み事.csv,20,4001009070150,真乃,…………,283活动剧情,Catch the shiny tail,第6话-あのね、あるの、悩み事
283活动剧情/Catch the shiny tail/第6话-あのね、あるの、悩み事.csv,21,4001009070160,真乃,どうしたら……いいのかな……,283活动剧情,Catch the shiny tail,第6话-あのね、あるの、悩み事
283活动剧情/Catch the shiny tail/第6话-あのね、あるの、悩み事.csv,22,4001009070170,真乃,ねぇ、ピーちゃん……,283活动剧情,Catch the shiny tail,第6话-あのね、あるの、悩み事
283活动剧情/Catch the shiny tail/第6话-あのね、あるの、悩み事.csv,23,4001009070180,真乃,…………,283活动剧情,Catch the shiny tail,第6话-あのね、あるの、悩み事
283活动剧情/Catch the shiny tail/第6话-あのね、あるの、悩み事.csv,25,4001009070200,真乃,…………,283活动剧情,Catch the shiny tail,第6话-あのね、あるの、悩み事
283活动剧情/Catch the shiny tail/第6话-あのね、あるの、悩み事.csv,27,4001009070220,真乃,……ほわ、めぐるちゃん、灯織ちゃん……！？,283活动剧情,Catch the shiny tail,第6话-あのね、あるの、悩み事
283活动剧情/Catch the shiny tail/第6话-あのね、あるの、悩み事.csv,30,4001009070250,真乃,"う、うんっ……
灯織ちゃんとめぐるちゃんは……──？",283活动剧情,Catch the shiny tail,第6话-あのね、あるの、悩み事
283活动剧情/Catch the shiny tail/第6话-あのね、あるの、悩み事.csv,33,4001009070280,真乃,あっ……,283活动剧情,Catch the shiny tail,第6话-あのね、あるの、悩み事
283活动剧情/Catch the shiny tail/第6话-あのね、あるの、悩み事.csv,36,4001009070310,真乃,わ……おっきいお弁当……っ,283活动剧情,Catch the shiny tail,第6话-あのね、あるの、悩み事
283活动剧情/Catch the shiny tail/第6话-あのね、あるの、悩み事.csv,39,4001009070340,真乃,"う、うんっ……
でも、どうしてここ……──",283活动剧情,Catch the shiny tail,第6话-あのね、あるの、悩み事
283活动剧情/Catch the shiny tail/第6话-あのね、あるの、悩み事.csv,42,4001009070370,真乃,灯織ちゃん……めぐるちゃん……,283活动剧情,Catch the shiny tail,第6话-あのね、あるの、悩み事
283活动剧情/Catch the shiny tail/第6话-あのね、あるの、悩み事.csv,43,4001009070380,真乃,すごい……！,283活动剧情,Catch the shiny tail,第6话-あのね、あるの、悩み事
283活动剧情/Catch the shiny tail/第6话-あのね、あるの、悩み事.csv,46,4001009070410,真乃,わぁ……うん……！,283活动剧情,Catch the shiny tail,第6话-あのね、あるの、悩み事
283活动剧情/Catch the shiny tail/第6话-あのね、あるの、悩み事.csv,49,4001009070440,真乃,今日の餃子もぷっくりだね……,283活动剧情,Catch the shiny tail,第6话-あのね、あるの、悩み事
283活动剧情/Catch the shiny tail/第6话-あのね、あるの、悩み事.csv,50,4001009070450,真乃,……いただきます。ん……,283活动剧情,Catch the shiny tail,第6话-あのね、あるの、悩み事
283活动剧情/Catch the shiny tail/第6话-あのね、あるの、悩み事.csv,53,4001009070480,真乃,ふふふっ……,283活动剧情,Catch the shiny tail,第6话-あのね、あるの、悩み事
283活动剧情/Catch the shiny tail/第6话-あのね、あるの、悩み事.csv,55,4001009070500,真乃,──……え？,283活动剧情,Catch the shiny tail,第6话-あのね、あるの、悩み事
283活动剧情/Catch the shiny tail/第6话-あのね、あるの、悩み事.csv,57,4001009070520,真乃,…………？,283活动剧情,Catch the shiny tail,第6话-あのね、あるの、悩み事
283活动剧情/Catch the shiny tail/第6话-あのね、あるの、悩み事.csv,59,4001009070540,真乃,…………！,283活动剧情,Catch the shiny tail,第6话-あのね、あるの、悩み事
283活动剧情/Catch the shiny tail/第6话-あのね、あるの、悩み事.csv,60,4001009070550,真乃,……めぐるちゃん,283活动剧情,Catch the shiny tail,第6话-あのね、あるの、悩み事
283活动剧情/Catch the shiny tail/第6话-あのね、あるの、悩み事.csv,62,4001009070570,真乃,……灯織ちゃん,283活动剧情,Catch the shiny tail,第6话-あのね、あるの、悩み事
283活动剧情/Catch the shiny tail/第6话-あのね、あるの、悩み事.csv,63,4001009070580,真乃,灯織ちゃん、この間も…………,283活动剧情,Catch the shiny tail,第6话-あのね、あるの、悩み事
283活动剧情/Catch the shiny tail/第6话-あのね、あるの、悩み事.csv,66,4001009070610,真乃,"あ、あのね、あるよ
……あるの、悩み事……！",283活动剧情,Catch the shiny tail,第6话-あのね、あるの、悩み事
283活动剧情/Catch the shiny tail/第6话-あのね、あるの、悩み事.csv,67,4001009070620,真乃,あの……！,283活动剧情,Catch the shiny tail,第6话-あのね、あるの、悩み事
283活动剧情/Catch the shiny tail/第6话-あのね、あるの、悩み事.csv,69,4001009070640,真乃,あの、みんなのこと、すごいなって……,283活动剧情,Catch the shiny tail,第6话-あのね、あるの、悩み事
283活动剧情/Catch the shiny tail/第6话-あのね、あるの、悩み事.csv,71,4001009070660,真乃,"灯織ちゃんも、めぐるちゃんも、
他のユニットのみんなも",283活动剧情,Catch the shiny tail,第6话-あのね、あるの、悩み事
283活动剧情/Catch the shiny tail/第6话-あのね、あるの、悩み事.csv,73,4001009070680,真乃,"みんなみんな、すごくって、素敵で、
プロデューサーさんも、特別だって言ってて……",283活动剧情,Catch the shiny tail,第6话-あのね、あるの、悩み事
283活动剧情/Catch the shiny tail/第6话-あのね、あるの、悩み事.csv,76,4001009070700,真乃,"私もそう思ってて……
でも、そんなみんなの真ん中に立って、私……",283活动剧情,Catch the shiny tail,第6话-あのね、あるの、悩み事
283活动剧情/Catch the shiny tail/第6话-あのね、あるの、悩み事.csv,77,4001009070710,真乃,"私、どうしていいか
わからなくって……！",283活动剧情,Catch the shiny tail,第6话-あのね、あるの、悩み事
283活动剧情/Catch the shiny tail/第6话-あのね、あるの、悩み事.csv,78,4001009070730,真乃,"みんなのこと……
とっても、とっても大好きなのに……",283活动剧情,Catch the shiny tail,第6话-あのね、あるの、悩み事
283活动剧情/Catch the shiny tail/第6话-あのね、あるの、悩み事.csv,79,4001009070740,真乃,なんにもできなくって……,283活动剧情,Catch the shiny tail,第6话-あのね、あるの、悩み事
283活动剧情/Catch the shiny tail/第6话-あのね、あるの、悩み事.csv,84,4001009070790,真乃,………！,283活动剧情,Catch the shiny tail,第6话-あのね、あるの、悩み事
283活动剧情/Catch the shiny tail/第6话-あのね、あるの、悩み事.csv,86,4001009070810,真乃,"え……？
……そ、そうかも……",283活动剧情,Catch the shiny tail,第6话-あのね、あるの、悩み事
283活动剧情/Catch the shiny tail/第6话-あのね、あるの、悩み事.csv,90,4001009070850,真乃,……,283活动剧情,Catch the shiny tail,第6话-あのね、あるの、悩み事
283活动剧情/Catch the shiny tail/第6话-あのね、あるの、悩み事.csv,92,4001009070870,真乃,…………！,283活动剧情,Catch the shiny tail,第6话-あのね、あるの、悩み事
283活动剧情/Catch the shiny tail/第6话-あのね、あるの、悩み事.csv,95,4001009070900,真乃,…………,283活动剧情,Catch the shiny tail,第6话-あのね、あるの、悩み事
283活动剧情/Catch the shiny tail/第6话-あのね、あるの、悩み事.csv,96,4001009070910,真乃,"ひ、灯織ちゃん……
めぐるちゃん……",283活动剧情,Catch the shiny tail,第6话-あのね、あるの、悩み事
283活动剧情/Catch the shiny tail/第6话-あのね、あるの、悩み事.csv,97,4001009070920,真乃,"あの……
えっと…………！",283活动剧情,Catch the shiny tail,第6话-あのね、あるの、悩み事
283活动剧情/Catch the shiny tail/第6话-あのね、あるの、悩み事.csv,98,4001009070930,真乃,"灯織ちゃんの隣と……
めぐるちゃんの隣……",283活动剧情,Catch the shiny tail,第6话-あのね、あるの、悩み事
283活动剧情/Catch the shiny tail/第6话-あのね、あるの、悩み事.csv,99,4001009070940,真乃,それが………………,283活动剧情,Catch the shiny tail,第6话-あのね、あるの、悩み事
283活动剧情/Catch the shiny tail/第6话-あのね、あるの、悩み事.csv,102,4001009070970,真乃,えっと…………,283活动剧情,Catch the shiny tail,第6话-あのね、あるの、悩み事
283活动剧情/Catch the shiny tail/第6话-あのね、あるの、悩み事.csv,103,4001009070980,真乃,わ、私……頭の中がぐるぐるして……,283活动剧情,Catch the shiny tail,第6话-あのね、あるの、悩み事
283活动剧情/Catch the shiny tail/第6话-あのね、あるの、悩み事.csv,104,4001009070990,真乃,あの、でも……,283活动剧情,Catch the shiny tail,第6话-あのね、あるの、悩み事
283活动剧情/Catch the shiny tail/第6话-あのね、あるの、悩み事.csv,105,4001009071000,真乃,"でも……わからないけど……
とっても嬉しい……！",283活动剧情,Catch the shiny tail,第6话-あのね、あるの、悩み事
283活动剧情/Catch the shiny tail/第6话-あのね、あるの、悩み事.csv,109,4001009071040,真乃,……う、うんっ……！,283活动剧情,Catch the shiny tail,第6话-あのね、あるの、悩み事
283活动剧情/Catch the shiny tail/第6话-あのね、あるの、悩み事.csv,110,4001009071050,真乃,……んっ……,283活动剧情,Catch the shiny tail,第6话-あのね、あるの、悩み事
283活动剧情/Catch the shiny tail/第6话-あのね、あるの、悩み事.csv,111,4001009071060,真乃,…………おいしい…………,283活动剧情,Catch the shiny tail,第6话-あのね、あるの、悩み事
283活动剧情/Catch the shiny tail/第6话-あのね、あるの、悩み事.csv,112,4001009071070,真乃,雨が上がって、青い空が見えた,283活动剧情,Catch the shiny tail,第6话-あのね、あるの、悩み事
283活动剧情/Catch the shiny tail/第6话-あのね、あるの、悩み事.csv,113,4001009071080,真乃,"こういう空のこと、知ってる
──何かが起こりそうな、ステキな予感のする空",283活动剧情,Catch the shiny tail,第6话-あのね、あるの、悩み事
283活动剧情/Catch the shiny tail/第6话-あのね、あるの、悩み事.csv,114,4001009071090,真乃,言うことを聞いてくれない、ワクワクする気持ちが,283活动剧情,Catch the shiny tail,第6话-あのね、あるの、悩み事
283活动剧情/Catch the shiny tail/第6话-あのね、あるの、悩み事.csv,115,4001009071100,真乃,ヒカリの方へ、走りだしていく,283活动剧情,Catch the shiny tail,第6话-あのね、あるの、悩み事
283活动剧情/Catch the shiny tail/终章-ヒカリの先.csv,3,4001009080020,真乃,"あ、灯織ちゃんっ
お疲れさま",283活动剧情,Catch the shiny tail,终章-ヒカリの先
283活动剧情/Catch the shiny tail/终章-ヒカリの先.csv,4,4001009080030,真乃,んしょ……,283活动剧情,Catch the shiny tail,终章-ヒカリの先
283活动剧情/Catch the shiny tail/终章-ヒカリの先.csv,6,4001009080050,真乃,……灯織ちゃんも、ミルクティーだ,283活动剧情,Catch the shiny tail,终章-ヒカリの先
283活动剧情/Catch the shiny tail/终章-ヒカリの先.csv,9,4001009080080,真乃,えへへ、ありがとう,283活动剧情,Catch the shiny tail,终章-ヒカリの先
283活动剧情/Catch the shiny tail/终章-ヒカリの先.csv,10,4001009080090,真乃,今日は大丈夫っ,283活动剧情,Catch the shiny tail,终章-ヒカリの先
283活动剧情/Catch the shiny tail/终章-ヒカリの先.csv,14,4001009080130,真乃,ふふっ、めぐるちゃんっ,283活动剧情,Catch the shiny tail,终章-ヒカリの先
283活动剧情/Catch the shiny tail/终章-ヒカリの先.csv,21,4001009080200,真乃,ふふっ、めぐるちゃん手袋してないから……,283活动剧情,Catch the shiny tail,终章-ヒカリの先
283活动剧情/Catch the shiny tail/终章-ヒカリの先.csv,24,4001009080230,真乃,うんっ！,283活动剧情,Catch the shiny tail,终章-ヒカリの先
283活动剧情/Catch the shiny tail/终章-ヒカリの先.csv,28,4001009080270,真乃,あ、コガモさんたち……っ,283活动剧情,Catch the shiny tail,终章-ヒカリの先
283活动剧情/Catch the shiny tail/终章-ヒカリの先.csv,30,4001009080290,真乃,"あの、あそこ……
群れで飛んでる鳥さんたち……",283活动剧情,Catch the shiny tail,终章-ヒカリの先
283活动剧情/Catch the shiny tail/终章-ヒカリの先.csv,32,4001009080310,真乃,うんっ……,283活动剧情,Catch the shiny tail,终章-ヒカリの先
283活动剧情/Catch the shiny tail/终章-ヒカリの先.csv,33,4001009080320,真乃,"コガモさんたち、
きっと北の方へ帰る練習をしてるの",283活动剧情,Catch the shiny tail,终章-ヒカリの先
283活动剧情/Catch the shiny tail/终章-ヒカリの先.csv,35,4001009080340,真乃,"若いコガモさんは、春までいっぱい練習してきて
これから本番なんだ",283活动剧情,Catch the shiny tail,终章-ヒカリの先
283活动剧情/Catch the shiny tail/终章-ヒカリの先.csv,38,4001009080370,真乃,"うん。時々お休みしながら、
ずっとずっと、飛んでいくの",283活动剧情,Catch the shiny tail,终章-ヒカリの先
283活动剧情/Catch the shiny tail/终章-ヒカリの先.csv,43,4001009080420,真乃,"まだ、あんまり慣れてないみたい……
──頑張って……！",283活动剧情,Catch the shiny tail,终章-ヒカリの先
283活动剧情/Catch the shiny tail/终章-ヒカリの先.csv,46,4001009080450,真乃,……ほわぁ,283活动剧情,Catch the shiny tail,终章-ヒカリの先
283活动剧情/Catch the shiny tail/终章-ヒカリの先.csv,51,4001009080500,真乃,……うん！,283活动剧情,Catch the shiny tail,终章-ヒカリの先
283活动剧情/Catch the shiny tail/终章-ヒカリの先.csv,54,4001009080530,真乃,…………,283活动剧情,Catch the shiny tail,终章-ヒカリの先
283活动剧情/Catch the shiny tail/终章-ヒカリの先.csv,55,4001009080540,真乃,……春が来るんだね,283活动剧情,Catch the shiny tail,终章-ヒカリの先
283活动剧情/Catch the shiny tail/终章-ヒカリの先.csv,58,4001009080570,真乃,"……ふふっ
灯織ちゃん、めぐるちゃん",283活动剧情,Catch the shiny tail,终章-ヒカリの先
283活动剧情/Catch the shiny tail/终章-ヒカリの先.csv,59,4001009080580,真乃,"あの……
隣にいてくれて、ありがとう",283活动剧情,Catch the shiny tail,终章-ヒカリの先
283活动剧情/Catch the shiny tail/终章-ヒカリの先.csv,64,4001009080630,真乃,……うんっ,283活动剧情,Catch the shiny tail,终章-ヒカリの先
283活动剧情/Catch the shiny tail/终章-ヒカリの先.csv,65,4001009080640,真乃,私も、ふたりの隣で、頑張るね,283活动剧情,Catch the shiny tail,终章-ヒカリの先
283活动剧情/Catch the shiny tail/终章-ヒカリの先.csv,66,4001009080650,真乃,昨日が、今日の……,283活动剧情,Catch the shiny tail,终章-ヒカリの先
283活动剧情/Catch the shiny tail/终章-ヒカリの先.csv,67,4001009080660,真乃,この日のためだったって、思えるように,283活动剧情,Catch the shiny tail,终章-ヒカリの先
283活动剧情/Detective×Murder/special_communications_490103202.csv,44,4901032020300,真乃,幼馴染……,283活动剧情,Detective×Murder,special_communications_490103202
283活动剧情/Detective×Murder/special_communications_490103202.csv,45,4901032020310,真乃,素敵だな……,283活动剧情,Detective×Murder,special_communications_490103202
283活动剧情/Detective×Murder/special_communications_490103202.csv,48,4901032020340,真乃,"ほわ……っ
探偵友達……っ",283活动剧情,Detective×Murder,special_communications_490103202
283活动剧情/Detective×Murder/special_communications_490103202.csv,49,4901032020350,真乃,"私も……っ
そういう人ができたら、うれしいです……っ",283活动剧情,Detective×Murder,special_communications_490103202
283活动剧情/Detective×Murder/special_communications_490103202.csv,50,4901032020360,真乃,"……あのっ
櫻木真乃といいます",283活动剧情,Detective×Murder,special_communications_490103202
283活动剧情/Detective×Murder/special_communications_490103202.csv,52,4901032020380,真乃,う、うん……っ,283活动剧情,Detective×Murder,special_communications_490103202
283活动剧情/Detective×Murder/special_communications_490103205.csv,11,4901032050100,真乃,は、はい……っ,283活动剧情,Detective×Murder,special_communications_490103205
283活动剧情/Detective×Murder/special_communications_490103205.csv,12,4901032050110,真乃,解毒剤を見つけないと……っ,283活动剧情,Detective×Murder,special_communications_490103205
283活动剧情/Detective×Murder/special_communications_490103205.csv,26,4901032050230,真乃,"たくさんあるお部屋……
ロビーと台所の他は、名前がないんですね……？",283活动剧情,Detective×Murder,special_communications_490103205
283活动剧情/Detective×Murder/special_communications_490103205.csv,47,4901032050360,真乃,"……あのっ
めぐるちゃん、風野さん……",283活动剧情,Detective×Murder,special_communications_490103205
283活动剧情/Detective×Murder/special_communications_490103205.csv,48,4901032050370,真乃,"よかったら、なんだけど……
『Ａ』の部屋、一緒に探してみるのはどうかな……？",283活动剧情,Detective×Murder,special_communications_490103205
283活动剧情/Detective×Murder/special_communications_490103205.csv,50,4901032050390,真乃,うん、ぜひ……っ,283活动剧情,Detective×Murder,special_communications_490103205
283活动剧情/Detective×Murder/special_communications_490103205.csv,53,4901032050420,真乃,"うん
わかった、ありがとう……っ",283活动剧情,Detective×Murder,special_communications_490103205
283活动剧情/Detective×Murder/special_communications_490103205.csv,54,4901032050430,真乃,"──……あの、それと……
これも、よかったら……",283活动剧情,Detective×Murder,special_communications_490103205
283活动剧情/Detective×Murder/special_communications_490103205.csv,55,4901032050440,真乃,灯織ちゃんって呼んでもいい……？,283活动剧情,Detective×Murder,special_communications_490103205
283活动剧情/Detective×Murder/special_communications_490103205.csv,57,4901032050460,真乃,ありがとう……っ,283活动剧情,Detective×Murder,special_communications_490103205
283活动剧情/Detective×Murder/special_communications_490103210.csv,3,4901032100010,真乃,みなさん、お疲れさまです……っ,283活动剧情,Detective×Murder,special_communications_490103210
283活动剧情/Detective×Murder/【２日目】13_18-真乃・灯織・めぐる.csv,7,4901032170020,真乃,"うん……
どうしてこんな傷がついてるんだろう……？",283活动剧情,Detective×Murder,【２日目】13_18-真乃・灯織・めぐる
283活动剧情/Detective×Murder/【２日目】13_18-真乃・灯織・めぐる.csv,16,4901032170080,真乃,"灯織ちゃん、めぐるちゃん、お弟子さんも……っ
これを見てください",283活动剧情,Detective×Murder,【２日目】13_18-真乃・灯織・めぐる
283活动剧情/Detective×Murder/【２日目】13_18-真乃・灯織・めぐる.csv,18,4901032170100,真乃,うん,283活动剧情,Detective×Murder,【２日目】13_18-真乃・灯織・めぐる
283活动剧情/Detective×Murder/【２日目】13_18-真乃・灯織・めぐる.csv,19,4901032170110,真乃,"グリップの下──金属の棒のあたりと、ヘッドの手前に
同じように跡があるんです",283活动剧情,Detective×Murder,【２日目】13_18-真乃・灯織・めぐる
283活动剧情/Detective×Murder/【２日目】13_18-真乃・灯織・めぐる.csv,22,4901032170140,真乃,うん,283活动剧情,Detective×Murder,【２日目】13_18-真乃・灯織・めぐる
283活动剧情/Detective×Murder/【２日目】13_18-真乃・灯織・めぐる.csv,32,4901032170190,真乃,お弟子さん、絨毯を動かしてみてもかまいませんか？,283活动剧情,Detective×Murder,【２日目】13_18-真乃・灯織・めぐる
283活动剧情/Detective×Murder/【２日目】13_18-真乃・灯織・めぐる.csv,36,4901032170220,真乃,うん……っ,283活动剧情,Detective×Murder,【２日目】13_18-真乃・灯織・めぐる
283活动剧情/Detective×Murder/【２日目】13_18-真乃・灯織・めぐる.csv,37,4901032170230,真乃,……っ,283活动剧情,Detective×Murder,【２日目】13_18-真乃・灯織・めぐる
283活动剧情/Detective×Murder/【２日目】13_18-真乃・灯織・めぐる.csv,38,4901032170240,真乃,この血痕……──,283活动剧情,Detective×Murder,【２日目】13_18-真乃・灯織・めぐる
283活动剧情/Detective×Murder/【２日目】13_18-真乃・灯織・めぐる.csv,43,4901032170270,真乃,犯人は、なんのために遺体を動かしたんでしょう……,283活动剧情,Detective×Murder,【２日目】13_18-真乃・灯織・めぐる
283活动剧情/Detective×Murder/【２日目】13_18-真乃・灯織・めぐる.csv,48,4901032170280,真乃,"そ、そうですね……っ
すみません……",283活动剧情,Detective×Murder,【２日目】13_18-真乃・灯織・めぐる
283活动剧情/Detective×Murder/【２日目】13_18-真乃・灯織・めぐる.csv,54,4901032170320,真乃,"えっと……
最初は死亡推定時刻をずらそうと思っていたけれど……",283活动剧情,Detective×Murder,【２日目】13_18-真乃・灯織・めぐる
283活动剧情/Detective×Murder/【２日目】13_18-真乃・灯織・めぐる.csv,55,4901032170330,真乃,"雨に打たれている姿を見て、やっぱりやめようと思った
……ということでしょうか……？",283活动剧情,Detective×Murder,【２日目】13_18-真乃・灯織・めぐる
283活动剧情/Detective×Murder/【２日目】13_18-真乃・灯織・めぐる.csv,62,4901032170400,真乃,光が……見えてきた気がします,283活动剧情,Detective×Murder,【２日目】13_18-真乃・灯織・めぐる
283活动剧情/Detective×Murder/【２日目】16_52-密室からの脱出１.csv,13,4901032280030,真乃,天窓から……,283活动剧情,Detective×Murder,【２日目】16_52-密室からの脱出１
283活动剧情/Detective×Murder/【２日目】16_52-密室からの脱出２.csv,5,4901032390020,真乃,あ、あれ……？,283活动剧情,Detective×Murder,【２日目】16_52-密室からの脱出２
283活动剧情/Detective×Murder/【２日目】16_52-密室からの脱出２.csv,9,4901032390010,真乃,"……私もそう思います……っ
きっと、犯人は──",283活动剧情,Detective×Murder,【２日目】16_52-密室からの脱出２
283活动剧情/Detective×Murder/【２日目】16_52-密室からの脱出２.csv,11,4901032390030,真乃,"……す、すみません……っ
それだと、共犯の方が部屋を出られないと思います……",283活动剧情,Detective×Murder,【２日目】16_52-密室からの脱出２
283活动剧情/Detective×Murder/【２日目】16_52-密室からの脱出２.csv,12,4901032390040,真乃,最初の犯人と、同じ状況になってしまいますから……,283活动剧情,Detective×Murder,【２日目】16_52-密室からの脱出２
283活动剧情/Detective×Murder/【２日目】17_09-犯人の名は──.csv,2,4901032290010,真乃,…………,283活动剧情,Detective×Murder,【２日目】17_09-犯人の名は──
283活动剧情/Detective×Murder/【２日目】17_09-犯人の名は──.csv,3,4901032290020,真乃,あの、お弟子さん……,283活动剧情,Detective×Murder,【２日目】17_09-犯人の名は──
283活动剧情/Detective×Murder/【２日目】17_09-犯人の名は──.csv,4,4901032290030,真乃,"今までのお話で、
どんな風に『Ａ』さんが亡くなったのかはわかりました……",283活动剧情,Detective×Murder,【２日目】17_09-犯人の名は──
283活动剧情/Detective×Murder/【２日目】17_09-犯人の名は──.csv,5,4901032290040,真乃,……でも、犯人は……,283活动剧情,Detective×Murder,【２日目】17_09-犯人の名は──
283活动剧情/Detective×Murder/【２日目】17_09-犯人の名は──.csv,6,4901032290050,真乃,お弟子さんは、おわかりなんですよね……？,283活动剧情,Detective×Murder,【２日目】17_09-犯人の名は──
283活动剧情/Detective×Murder/【２日目】18_36-理由.csv,31,4901032320250,真乃,"それで……
『Ａ』さんを……？",283活动剧情,Detective×Murder,【２日目】18_36-理由
283活动剧情/Detective×Murder/【２日目】18_36-理由.csv,56,4901032320480,真乃,それは、やっぱり……,283活动剧情,Detective×Murder,【２日目】18_36-理由
283活动剧情/Endless×Loop/Aシナリオ-正直者の頭に神宿る.csv,2,4901002010010,真乃,"それじゃあ、プロデューサーさん
いってきますねっ",283活动剧情,Endless×Loop,Aシナリオ-正直者の頭に神宿る
283活动剧情/Endless×Loop/B-1シナリオ-ドキドキはぁとふる.csv,7,4901002020030,真乃,おはようございます,283活动剧情,Endless×Loop,B-1シナリオ-ドキドキはぁとふる
283活动剧情/Endless×Loop/B-1シナリオ-ドキドキはぁとふる.csv,9,4901002020040,真乃,"ほわ……っ
ど、どうかしたんですか、プロデューサーさん？",283活动剧情,Endless×Loop,B-1シナリオ-ドキドキはぁとふる
283活动剧情/Endless×Loop/B-1シナリオ-ドキドキはぁとふる.csv,11,4901002020050,真乃,"そう、なんですか……？
どうしてそんなに──あっ……！",283活动剧情,Endless×Loop,B-1シナリオ-ドキドキはぁとふる
283活动剧情/Endless×Loop/B-1シナリオ-ドキドキはぁとふる.csv,12,4901002020060,真乃,"そ、そう言えば、今日はお休みの日でしたね……
勘違いして来ちゃいました……",283活动剧情,Endless×Loop,B-1シナリオ-ドキドキはぁとふる
283活动剧情/Endless×Loop/B-1シナリオ-ドキドキはぁとふる.csv,14,4901002020070,真乃,えへへ、ごめんなさい……,283活动剧情,Endless×Loop,B-1シナリオ-ドキドキはぁとふる
283活动剧情/Endless×Loop/B-1シナリオ-ドキドキはぁとふる.csv,17,4901002020080,真乃,"そうですね
ピーちゃんのお散歩もありますし……",283活动剧情,Endless×Loop,B-1シナリオ-ドキドキはぁとふる
283活动剧情/Endless×Loop/B-1シナリオ-ドキドキはぁとふる.csv,19,4901002020090,真乃,"はいっ
ありがとうございます、プロデューサーさんっ",283活动剧情,Endless×Loop,B-1シナリオ-ドキドキはぁとふる
283活动剧情/Endless×Loop/B-1シナリオ-ドキドキはぁとふる.csv,21,4901002020100,真乃,──,283活动剧情,Endless×Loop,B-1シナリオ-ドキドキはぁとふる
283活动剧情/Endless×Loop/B-1シナリオ-ドキドキはぁとふる.csv,23,4901002020110,真乃,……すぅ～,283活动剧情,Endless×Loop,B-1シナリオ-ドキドキはぁとふる
283活动剧情/Endless×Loop/B-1シナリオ-ドキドキはぁとふる.csv,24,4901002020120,真乃,ぽっぽる～,283活动剧情,Endless×Loop,B-1シナリオ-ドキドキはぁとふる
283活动剧情/Endless×Loop/B-1シナリオ-ドキドキはぁとふる.csv,26,4901002020130,真乃,"行こっ
ピーちゃんっ",283活动剧情,Endless×Loop,B-1シナリオ-ドキドキはぁとふる
283活动剧情/Endless×Loop/C-1シナリオ-スーパーアイドル登場！？.csv,5,4901002040010,真乃,——よいしょっと,283活动剧情,Endless×Loop,C-1シナリオ-スーパーアイドル登場！？
283活动剧情/Endless×Loop/C-1シナリオ-スーパーアイドル登場！？.csv,6,4901002040020,真乃,"ありがとう、ピーちゃんっ
今日のお散歩も楽しかったね",283活动剧情,Endless×Loop,C-1シナリオ-スーパーアイドル登場！？
283活动剧情/Endless×Loop/C-1シナリオ-スーパーアイドル登場！？.csv,8,4901002040030,真乃,"ほわっ、プロデューサーさん？
どうしたんですか？",283活动剧情,Endless×Loop,C-1シナリオ-スーパーアイドル登場！？
283活动剧情/Endless×Loop/C-1シナリオ-スーパーアイドル登場！？.csv,11,4901002040040,真乃,"……？
プロデューサーさん……？",283活动剧情,Endless×Loop,C-1シナリオ-スーパーアイドル登場！？
283活动剧情/Endless×Loop/C-1シナリオ-スーパーアイドル登場！？.csv,13,4901002040050,真乃,そう、なんですか？,283活动剧情,Endless×Loop,C-1シナリオ-スーパーアイドル登場！？
283活动剧情/Endless×Loop/C-1シナリオ-スーパーアイドル登場！？.csv,15,4901002040060,真乃,あっ、確かにそうかもしれません……,283活动剧情,Endless×Loop,C-1シナリオ-スーパーアイドル登場！？
283活动剧情/Endless×Loop/C-1シナリオ-スーパーアイドル登場！？.csv,16,4901002040070,真乃,"ふふっ、心配して来てくれたんですねっ
ありがとうございますっ",283活动剧情,Endless×Loop,C-1シナリオ-スーパーアイドル登場！？
283活动剧情/Endless×Loop/C-1シナリオ-スーパーアイドル登場！？.csv,23,4901002040110,真乃,めぐるちゃん、おはようっ,283活动剧情,Endless×Loop,C-1シナリオ-スーパーアイドル登場！？
283活动剧情/Endless×Loop/C-1シナリオ-スーパーアイドル登場！？.csv,45,4901002040230,真乃,"えっ、私たちの大切な場所が……
ど、どうしましょう……っ",283活动剧情,Endless×Loop,C-1シナリオ-スーパーアイドル登場！？
283活动剧情/Endless×Loop/C-1シナリオ-スーパーアイドル登場！？.csv,54,4901002040260,真乃,"えっと……
できるとは思いますけど……",283活动剧情,Endless×Loop,C-1シナリオ-スーパーアイドル登場！？
283活动剧情/Endless×Loop/C-1シナリオ-スーパーアイドル登場！？.csv,64,4901002040300,真乃,"い、隕石を破壊するロボットとかないんでしょうか
それに私が乗って——",283活动剧情,Endless×Loop,C-1シナリオ-スーパーアイドル登場！？
283活动剧情/Endless×Loop/C-1シナリオ-スーパーアイドル登場！？.csv,66,4901002040310,真乃,でも……プロデューサーさん……,283活动剧情,Endless×Loop,C-1シナリオ-スーパーアイドル登場！？
283活动剧情/Endless×Loop/C-1シナリオ-スーパーアイドル登場！？.csv,70,4901002040330,真乃,"プロデューサーさん
ピーちゃんの準備はできました",283活动剧情,Endless×Loop,C-1シナリオ-スーパーアイドル登場！？
283活动剧情/Endless×Loop/C-1シナリオ-スーパーアイドル登場！？.csv,81,4901002040390,真乃,"はい……っ
ピーちゃん、お願い……！",283活动剧情,Endless×Loop,C-1シナリオ-スーパーアイドル登場！？
283活动剧情/Endless×Loop/C-1シナリオ-スーパーアイドル登場！？.csv,83,4901002040400,真乃,"……プロデューサーさんっ
ピーちゃんだと、このあたりが限界みたいです",283活动剧情,Endless×Loop,C-1シナリオ-スーパーアイドル登場！？
283活动剧情/Endless×Loop/C-1シナリオ-スーパーアイドル登場！？.csv,92,4901002040430,真乃,"プ、プロデューサーさんっ
大丈夫ですか……？",283活动剧情,Endless×Loop,C-1シナリオ-スーパーアイドル登場！？
283活动剧情/Endless×Loop/C-1シナリオ-スーパーアイドル登場！？.csv,100,4901002040470,真乃,"忘れ物をしてしまって……
そしたら、プロデューサーさんが寝てたので……",283活动剧情,Endless×Loop,C-1シナリオ-スーパーアイドル登場！？
283活动剧情/Endless×Loop/C-1シナリオ-スーパーアイドル登場！？.csv,101,4901002040480,真乃,"できるだけ静かに出て行こうとしたんですけど……
ごめんなさい、起こしてしまいましたっ",283活动剧情,Endless×Loop,C-1シナリオ-スーパーアイドル登場！？
283活动剧情/Endless×Loop/C-1シナリオ-スーパーアイドル登場！？.csv,104,4901002040490,真乃,……プロデューサーさん？,283活动剧情,Endless×Loop,C-1シナリオ-スーパーアイドル登場！？
283活动剧情/Endless×Loop/C-1シナリオ-スーパーアイドル登場！？.csv,108,4901002040510,真乃,"そんなことありませんっ
それに……そういう時は私たちも頑張りますっ",283活动剧情,Endless×Loop,C-1シナリオ-スーパーアイドル登場！？
283活动剧情/Endless×Loop/C-1シナリオ-スーパーアイドル登場！？.csv,119,4901002040580,真乃,"そうだね
今日はお休みだし、事務所に誰もいなくて良かった……",283活动剧情,Endless×Loop,C-1シナリオ-スーパーアイドル登場！？
283活动剧情/Endless×Loop/C-1シナリオ-スーパーアイドル登場！？.csv,123,4901002040610,真乃,"……大丈夫！
全力のピーちゃんなら隕石よりも速く飛べます！",283活动剧情,Endless×Loop,C-1シナリオ-スーパーアイドル登場！？
283活动剧情/Endless×Loop/C-1シナリオ-スーパーアイドル登場！？.csv,129,4901002040650,真乃,"ピーちゃん……っ
大変だけど急いで……っ",283活动剧情,Endless×Loop,C-1シナリオ-スーパーアイドル登場！？
283活动剧情/Endless×Loop/C-1シナリオ-スーパーアイドル登場！？.csv,132,4901002040680,真乃,でも……私たちの事務所が……,283活动剧情,Endless×Loop,C-1シナリオ-スーパーアイドル登場！？
283活动剧情/Endless×Loop/C-1シナリオ-スーパーアイドル登場！？.csv,138,4901002040720,真乃,"ふふっ
私たちで、またはじめから頑張ろう",283活动剧情,Endless×Loop,C-1シナリオ-スーパーアイドル登場！？
283活动剧情/Endless×Loop/C-1シナリオ-スーパーアイドル登場！？.csv,140,4901002040730,真乃,"えっと……
今日のライブは、私がまず出て行って……",283活动剧情,Endless×Loop,C-1シナリオ-スーパーアイドル登場！？
283活动剧情/Endless×Loop/C-1シナリオ-スーパーアイドル登場！？.csv,143,4901002040760,真乃,"うん……っ
ありがとう、ふたりとも……！",283活动剧情,Endless×Loop,C-1シナリオ-スーパーアイドル登場！？
283活动剧情/Endless×Loop/C-1シナリオ-スーパーアイドル登場！？.csv,149,4901002040780,真乃,少しだけ、確認しておきたいことが……,283活动剧情,Endless×Loop,C-1シナリオ-スーパーアイドル登場！？
283活动剧情/Endless×Loop/C-1シナリオ-スーパーアイドル登場！？.csv,156,4901002040800,真乃,"ほ、ほわ……っ
空が急に明るくなってきました……",283活动剧情,Endless×Loop,C-1シナリオ-スーパーアイドル登場！？
283活动剧情/Endless×Loop/C-1シナリオ-スーパーアイドル登場！？.csv,158,4901002040820,真乃,"そ、そんな……！
どうしたら……！？",283活动剧情,Endless×Loop,C-1シナリオ-スーパーアイドル登場！？
283活动剧情/For Your Eyes Only/序章-謎がはじまる.csv,7,4001052010010,真乃,（文化祭……）,283活动剧情,For Your Eyes Only,序章-謎がはじまる
283活动剧情/For Your Eyes Only/序章-謎がはじまる.csv,8,4001052010020,真乃,"（どのお仕事だったら、
みんなに迷惑がかからないかな……？）",283活动剧情,For Your Eyes Only,序章-謎がはじまる
283活动剧情/For Your Eyes Only/序章-謎がはじまる.csv,9,4001052010030,真乃,…………,283活动剧情,For Your Eyes Only,序章-謎がはじまる
283活动剧情/For Your Eyes Only/序章-謎がはじまる.csv,11,4001052010040,真乃,う、うん……っ,283活动剧情,For Your Eyes Only,序章-謎がはじまる
283活动剧情/For Your Eyes Only/序章-謎がはじまる.csv,17,4001052010050,真乃,……！,283活动剧情,For Your Eyes Only,序章-謎がはじまる
283活动剧情/For Your Eyes Only/序章-謎がはじまる.csv,18,4001052010060,真乃,"そ、その……っ
私でよかったら……、ぜひ……っ",283活动剧情,For Your Eyes Only,序章-謎がはじまる
283活动剧情/For Your Eyes Only/序章-謎がはじまる.csv,21,4001052010070,真乃,"わかった
作ってみるね……っ",283活动剧情,For Your Eyes Only,序章-謎がはじまる
283活动剧情/For Your Eyes Only/序章-謎がはじまる.csv,23,4001052010080,真乃,────あ、あのっ,283活动剧情,For Your Eyes Only,序章-謎がはじまる
283活动剧情/For Your Eyes Only/序章-謎がはじまる.csv,24,4001052010090,真乃,"私にできること……
考えてくれて、ありがとう……っ",283活动剧情,For Your Eyes Only,序章-謎がはじまる
283活动剧情/For Your Eyes Only/序章-謎がはじまる.csv,27,4001052010100,真乃,うんっ,283活动剧情,For Your Eyes Only,序章-謎がはじまる
283活动剧情/For Your Eyes Only/序章-謎がはじまる.csv,49,4001052010170,真乃,"……！
わ、わかりました……っ",283活动剧情,For Your Eyes Only,序章-謎がはじまる
283活动剧情/For Your Eyes Only/序章-謎がはじまる.csv,58,4001052010220,真乃,"今までにないお仕事ですけれど……
私も、やってみたいです",283活动剧情,For Your Eyes Only,序章-謎がはじまる
283活动剧情/For Your Eyes Only/第1话-めくる.csv,7,4001052020060,真乃,──あ,283活动剧情,For Your Eyes Only,第1话-めくる
283活动剧情/For Your Eyes Only/第1话-めくる.csv,8,4001052020070,真乃,"ごめんね、チェイン見てもいいかな……？
クラスの連絡で……",283活动剧情,For Your Eyes Only,第1话-めくる
283活动剧情/For Your Eyes Only/第1话-めくる.csv,10,4001052020090,真乃,"そうみたい
……ごめんね、少しだけ",283活动剧情,For Your Eyes Only,第1话-めくる
283活动剧情/For Your Eyes Only/第1话-めくる.csv,11,4001052020100,真乃,……──ふふ,283活动剧情,For Your Eyes Only,第1话-めくる
283活动剧情/For Your Eyes Only/第1话-めくる.csv,13,4001052020120,真乃,うん……っ,283活动剧情,For Your Eyes Only,第1话-めくる
283活动剧情/For Your Eyes Only/第1话-めくる.csv,14,4001052020130,真乃,"イラストが上手な人がいるから、
絵を使った謎でもいいよって",283活动剧情,For Your Eyes Only,第1话-めくる
283活动剧情/For Your Eyes Only/第1话-めくる.csv,15,4001052020140,真乃,送ってきてくれた絵が可愛くて……っ,283活动剧情,For Your Eyes Only,第1话-めくる
283活动剧情/For Your Eyes Only/第1话-めくる.csv,19,4001052020180,真乃,うん……,283活动剧情,For Your Eyes Only,第1话-めくる
283活动剧情/For Your Eyes Only/第1话-めくる.csv,22,4001052020190,真乃,"……っ
は、はい",283活动剧情,For Your Eyes Only,第1话-めくる
283活动剧情/For Your Eyes Only/第1话-めくる.csv,27,4001052020240,真乃,ありがとう……っ,283活动剧情,For Your Eyes Only,第1话-めくる
283活动剧情/For Your Eyes Only/第1话-めくる.csv,28,4001052020250,真乃,ふふっ……,283活动剧情,For Your Eyes Only,第1话-めくる
283活动剧情/For Your Eyes Only/第1话-めくる.csv,29,4001052020260,真乃,"灯織ちゃんとめぐるちゃんと……
３人で話すの楽しいな……",283活动剧情,For Your Eyes Only,第1话-めくる
283活动剧情/For Your Eyes Only/第1话-めくる.csv,43,4001052020320,真乃,…………,283活动剧情,For Your Eyes Only,第1话-めくる
283活动剧情/For Your Eyes Only/第1话-めくる.csv,44,4001052020330,真乃,"（共感覚の持ち主、高校生漫画家『マノ』……
SNSのバズがきっかけでブレイク）",283活动剧情,For Your Eyes Only,第1话-めくる
283活动剧情/For Your Eyes Only/第1话-めくる.csv,45,4001052020340,真乃,"（同年代の中では少し浮き気味だが、
伝えたいものに関しては妥協を見せない）",283活动剧情,For Your Eyes Only,第1话-めくる
283活动剧情/For Your Eyes Only/第1话-めくる.csv,46,4001052020350,真乃,"（描く漫画のキャラクターも可愛らしいが、
どこかシビアで残酷な気配を漂わせている）",283活动剧情,For Your Eyes Only,第1话-めくる
283活动剧情/For Your Eyes Only/第1话-めくる.csv,47,4001052020360,真乃,（そして──）,283活动剧情,For Your Eyes Only,第1话-めくる
283活动剧情/For Your Eyes Only/第1话-めくる.csv,48,4001052020370,真乃,……,283活动剧情,For Your Eyes Only,第1话-めくる
283活动剧情/For Your Eyes Only/第1话-めくる.csv,63,4001052020480,真乃,そうだね……っ,283活动剧情,For Your Eyes Only,第1话-めくる
283活动剧情/For Your Eyes Only/第1话-めくる.csv,70,4001052020500,真乃,……気をつけないと、だね,283活动剧情,For Your Eyes Only,第1话-めくる
283活动剧情/For Your Eyes Only/第1话-めくる.csv,71,4001052020510,真乃,"（『マノ』には伝えたいことがあって……
繋がりたいと思っている……）",283活动剧情,For Your Eyes Only,第1话-めくる
283活动剧情/For Your Eyes Only/第1话-めくる.csv,72,4001052020520,真乃,…………,283活动剧情,For Your Eyes Only,第1话-めくる
283活动剧情/For Your Eyes Only/第1话-めくる.csv,73,4001052020530,真乃,あ……,283活动剧情,For Your Eyes Only,第1话-めくる
283活动剧情/For Your Eyes Only/第1话-めくる.csv,82,4001052020620,真乃,ふふっ……,283活动剧情,For Your Eyes Only,第1话-めくる
283活动剧情/For Your Eyes Only/第1话-めくる.csv,83,4001052020630,真乃,『私も、台本読んでたよ』,283活动剧情,For Your Eyes Only,第1话-めくる
283活动剧情/For Your Eyes Only/第1话-めくる.csv,84,4001052020640,真乃,『一緒に休憩しようかな』,283活动剧情,For Your Eyes Only,第1话-めくる
283活动剧情/For Your Eyes Only/第1话-めくる.csv,88,4001052020680,真乃,"ありがとう……
灯織ちゃん、めぐるちゃん……",283活动剧情,For Your Eyes Only,第1话-めくる
283活动剧情/For Your Eyes Only/第2话-誰かが、見ている.csv,43,4001052030270,真乃,あ…………,283活动剧情,For Your Eyes Only,第2话-誰かが、見ている
283活动剧情/For Your Eyes Only/第2话-誰かが、見ている.csv,47,4001052030280,真乃,"お疲れさまです……っ
わかりました",283活动剧情,For Your Eyes Only,第2话-誰かが、見ている
283活动剧情/For Your Eyes Only/第2话-誰かが、見ている.csv,48,4001052030290,真乃,ありがとうございます,283活动剧情,For Your Eyes Only,第2话-誰かが、見ている
283活动剧情/For Your Eyes Only/第2话-誰かが、見ている.csv,52,4001052030300,真乃,"そうだったんですね
わかりました",283活动剧情,For Your Eyes Only,第2话-誰かが、見ている
283活动剧情/For Your Eyes Only/第2话-誰かが、見ている.csv,54,4001052030310,真乃,じゃあ、それをいただきます……っ,283活动剧情,For Your Eyes Only,第2话-誰かが、見ている
283活动剧情/For Your Eyes Only/第2话-誰かが、見ている.csv,56,4001052030320,真乃,……？,283活动剧情,For Your Eyes Only,第2话-誰かが、見ている
283活动剧情/For Your Eyes Only/第2话-誰かが、見ている.csv,60,4001052030330,真乃,"わかる気がします……っ
……私も最近、なぞなぞやクイズに目がいくようになって",283活动剧情,For Your Eyes Only,第2话-誰かが、見ている
283活动剧情/For Your Eyes Only/第2话-誰かが、見ている.csv,62,4001052030340,真乃,"は、はい
……謎は、ひとつだけ……",283活动剧情,For Your Eyes Only,第2话-誰かが、見ている
283活动剧情/For Your Eyes Only/第2话-誰かが、見ている.csv,64,4001052030350,真乃,は、はい……っ,283活动剧情,For Your Eyes Only,第2话-誰かが、見ている
283活动剧情/For Your Eyes Only/第2话-誰かが、見ている.csv,65,4001052030360,真乃,こちらです……っ,283活动剧情,For Your Eyes Only,第2话-誰かが、見ている
283活动剧情/For Your Eyes Only/第2话-誰かが、見ている.csv,69,4001052030370,真乃,は、はい……っ,283活动剧情,For Your Eyes Only,第2话-誰かが、見ている
283活动剧情/For Your Eyes Only/第2话-誰かが、見ている.csv,71,4001052030380,真乃,えっと……,283活动剧情,For Your Eyes Only,第2话-誰かが、見ている
283活动剧情/For Your Eyes Only/第2话-誰かが、見ている.csv,72,4001052030390,真乃,"その……謎解きカフェの……
お土産の値段です……",283活动剧情,For Your Eyes Only,第2话-誰かが、見ている
283活动剧情/For Your Eyes Only/第2话-誰かが、見ている.csv,76,4001052030400,真乃,……はいっ,283活动剧情,For Your Eyes Only,第2话-誰かが、見ている
283活动剧情/For Your Eyes Only/第2话-誰かが、見ている.csv,77,4001052030410,真乃,……わかりにくいでしょうか……？,283活动剧情,For Your Eyes Only,第2话-誰かが、見ている
283活动剧情/For Your Eyes Only/第2话-誰かが、見ている.csv,82,4001052030420,真乃,ほわ……っ,283活动剧情,For Your Eyes Only,第2话-誰かが、見ている
283活动剧情/For Your Eyes Only/第2话-誰かが、見ている.csv,84,4001052030430,真乃,"いえ……っ
素敵なアイディアです……っ",283活动剧情,For Your Eyes Only,第2话-誰かが、見ている
283活动剧情/For Your Eyes Only/第2话-誰かが、見ている.csv,85,4001052030440,真乃,"……よかったら、
使わせていただいてもいいでしょうか？",283活动剧情,For Your Eyes Only,第2话-誰かが、見ている
283活动剧情/For Your Eyes Only/第3话-緩める.csv,16,4001052040070,真乃,"鳥さんの謎はまだ考え中で……
お札の謎は、実行委員さんに渡したんだ",283活动剧情,For Your Eyes Only,第3话-緩める
283活动剧情/For Your Eyes Only/第3话-緩める.csv,23,4001052040140,真乃,……,283活动剧情,For Your Eyes Only,第3话-緩める
283活动剧情/For Your Eyes Only/第3话-緩める.csv,25,4001052040160,真乃,"ほわ……っ
う、ううん……っ",283活动剧情,For Your Eyes Only,第3话-緩める
283活动剧情/For Your Eyes Only/第3话-緩める.csv,29,4001052040200,真乃,"──……ごめんね、ありがとう……
実は──",283活动剧情,For Your Eyes Only,第3话-緩める
283活动剧情/For Your Eyes Only/第3话-緩める.csv,36,4001052040270,真乃,うん……っ,283活动剧情,For Your Eyes Only,第3话-緩める
283活动剧情/For Your Eyes Only/第3话-緩める.csv,37,4001052040280,真乃,"……だから、
届け出はしたほうがいいなって思ってて……",283活动剧情,For Your Eyes Only,第3话-緩める
283活动剧情/For Your Eyes Only/第3话-緩める.csv,38,4001052040290,真乃,"……どうしたら
みんなに伝えられるだろうって……",283活动剧情,For Your Eyes Only,第3话-緩める
283活动剧情/For Your Eyes Only/第3话-緩める.csv,60,4001052040480,真乃,…………,283活动剧情,For Your Eyes Only,第3话-緩める
283活动剧情/For Your Eyes Only/第3话-緩める.csv,64,4001052040490,真乃,"ほわ、プロデューサーさん──
お疲れさまです……っ",283活动剧情,For Your Eyes Only,第3话-緩める
283活动剧情/For Your Eyes Only/第3话-緩める.csv,67,4001052040500,真乃,いえ……っ,283活动剧情,For Your Eyes Only,第3话-緩める
283活动剧情/For Your Eyes Only/第3话-緩める.csv,69,4001052040510,真乃,……,283活动剧情,For Your Eyes Only,第3话-緩める
283活动剧情/For Your Eyes Only/第3话-緩める.csv,71,4001052040520,真乃,その……,283活动剧情,For Your Eyes Only,第3话-緩める
283活动剧情/For Your Eyes Only/第3话-緩める.csv,72,4001052040530,真乃,……,283活动剧情,For Your Eyes Only,第3话-緩める
283活动剧情/For Your Eyes Only/第3话-緩める.csv,74,4001052040540,真乃,"…………ありがとうございます
……学校でのことなんですけれど──……",283活动剧情,For Your Eyes Only,第3话-緩める
283活动剧情/For Your Eyes Only/第3话-緩める.csv,77,4001052040550,真乃,"気が付く方だと思います
私の事情も汲んでくださったり、いろいろ……",283活动剧情,For Your Eyes Only,第3话-緩める
283活动剧情/For Your Eyes Only/第3话-緩める.csv,78,4001052040560,真乃,"……でも
来週まで研修で、いらっしゃらなくて……",283活动剧情,For Your Eyes Only,第3话-緩める
283活动剧情/For Your Eyes Only/第3话-緩める.csv,82,4001052040570,真乃,プロデューサーさん……,283活动剧情,For Your Eyes Only,第3话-緩める
283活动剧情/For Your Eyes Only/第3话-緩める.csv,83,4001052040580,真乃,……はい,283活动剧情,For Your Eyes Only,第3话-緩める
283活动剧情/For Your Eyes Only/第4话-絡まる.csv,6,4001052050010,真乃,"う、うん……っ。大きさは同じでお願いします
……えっと、答えは──",283活动剧情,For Your Eyes Only,第4话-絡まる
283活动剧情/For Your Eyes Only/第4话-絡まる.csv,10,4001052050020,真乃,"ほわ……
よかった……っ",283活动剧情,For Your Eyes Only,第4话-絡まる
283活动剧情/For Your Eyes Only/第4话-絡まる.csv,14,4001052050030,真乃,"……！
わ、私も……",283活动剧情,For Your Eyes Only,第4话-絡まる
283活动剧情/For Your Eyes Only/第4话-絡まる.csv,15,4001052050040,真乃,"……私も、一緒にできて……
うれしいし、楽しいから……",283活动剧情,For Your Eyes Only,第4话-絡まる
283活动剧情/For Your Eyes Only/第4话-絡まる.csv,16,4001052050050,真乃,……ありがとう,283活动剧情,For Your Eyes Only,第4话-絡まる
283活动剧情/For Your Eyes Only/第4话-絡まる.csv,18,4001052050060,真乃,うんっ,283活动剧情,For Your Eyes Only,第4话-絡まる
283活动剧情/For Your Eyes Only/第4话-絡まる.csv,19,4001052050070,真乃,……,283活动剧情,For Your Eyes Only,第4话-絡まる
283活动剧情/For Your Eyes Only/第5话-私が、見ている.csv,32,4001052060010,真乃,…………っ……,283活动剧情,For Your Eyes Only,第5话-私が、見ている
283活动剧情/For Your Eyes Only/第5话-私が、見ている.csv,34,4001052060020,真乃,"すみません……
あの、先生……っ",283活动剧情,For Your Eyes Only,第5话-私が、見ている
283活动剧情/For Your Eyes Only/第5话-私が、見ている.csv,36,4001052060030,真乃,いえ、その……,283活动剧情,For Your Eyes Only,第5话-私が、見ている
283活动剧情/For Your Eyes Only/第5话-私が、見ている.csv,38,4001052060040,真乃,私もその場に、いさせていただけないでしょうか……っ,283活动剧情,For Your Eyes Only,第5话-私が、見ている
283活动剧情/For Your Eyes Only/第5话-私が、見ている.csv,40,4001052060050,真乃,……お願いします……っ,283活动剧情,For Your Eyes Only,第5话-私が、見ている
283活动剧情/For Your Eyes Only/第5话-私が、見ている.csv,45,4001052060060,真乃,…………,283活动剧情,For Your Eyes Only,第5话-私が、見ている
283活动剧情/For Your Eyes Only/第5话-私が、見ている.csv,47,4001052060070,真乃,"は、はい……
ありがとうございます……っ",283活动剧情,For Your Eyes Only,第5话-私が、見ている
283活动剧情/For Your Eyes Only/第5话-私が、見ている.csv,51,4001052060071,真乃＆プロデューサー,……………………,283活动剧情,For Your Eyes Only,第5话-私が、見ている
283活动剧情/For Your Eyes Only/第5话-私が、見ている.csv,59,4001052060080,真乃,あ、あの……,283活动剧情,For Your Eyes Only,第5话-私が、見ている
283活动剧情/For Your Eyes Only/第5话-私が、見ている.csv,60,4001052060090,真乃,"……クラスのみんなが頑張っていることを、
私がいることで、なくしてしまうのは、嫌で……",283活动剧情,For Your Eyes Only,第5话-私が、見ている
283活动剧情/For Your Eyes Only/第5话-私が、見ている.csv,66,4001052060100,真乃,"……プロデューサーさん
今日は、本当にありがとうございました",283活动剧情,For Your Eyes Only,第5话-私が、見ている
283活动剧情/For Your Eyes Only/第5话-私が、見ている.csv,69,4001052060110,真乃,……？,283活动剧情,For Your Eyes Only,第5话-私が、見ている
283活动剧情/For Your Eyes Only/第5话-私が、見ている.csv,73,4001052060120,真乃,そんな……,283活动剧情,For Your Eyes Only,第5话-私が、見ている
283活动剧情/For Your Eyes Only/第5话-私が、見ている.csv,74,4001052060130,真乃,"学校のことも気にかけてくださるのは……
プロデューサーさんの、優しいお気持ちです……っ",283活动剧情,For Your Eyes Only,第5话-私が、見ている
283活动剧情/For Your Eyes Only/第5话-私が、見ている.csv,75,4001052060140,真乃,……だから……っ,283活动剧情,For Your Eyes Only,第5话-私が、見ている
283活动剧情/For Your Eyes Only/第5话-私が、見ている.csv,76,4001052060150,真乃,……とても、うれしかったんです,283活动剧情,For Your Eyes Only,第5话-私が、見ている
283活动剧情/For Your Eyes Only/第5话-私が、見ている.csv,77,4001052060160,真乃,…………,283活动剧情,For Your Eyes Only,第5话-私が、見ている
283活动剧情/For Your Eyes Only/第6话-解かれる.csv,52,4001052070390,真乃,"（謎……
たくさん解いたなぁ……）",283活动剧情,For Your Eyes Only,第6话-解かれる
283活动剧情/For Your Eyes Only/第6话-解かれる.csv,53,4001052070400,真乃,（どの謎も、面白かった────……）,283活动剧情,For Your Eyes Only,第6话-解かれる
283活动剧情/For Your Eyes Only/第6话-解かれる.csv,54,4001052070410,真乃,（…………）,283活动剧情,For Your Eyes Only,第6话-解かれる
283活动剧情/For Your Eyes Only/第6话-解かれる.csv,55,4001052070420,真乃,"（『マノ』は……
どんな気持ちで──）",283活动剧情,For Your Eyes Only,第6话-解かれる
283活动剧情/For Your Eyes Only/终章-ほどかれる.csv,2,4001052080010,真乃,（これが……最後のシーン）,283活动剧情,For Your Eyes Only,终章-ほどかれる
283活动剧情/For Your Eyes Only/终章-ほどかれる.csv,5,4001052080021,真乃＆灯織,はい……っ,283活动剧情,For Your Eyes Only,终章-ほどかれる
283活动剧情/For Your Eyes Only/终章-ほどかれる.csv,34,4001052080300,真乃,…………,283活动剧情,For Your Eyes Only,终章-ほどかれる
283活动剧情/For Your Eyes Only/终章-ほどかれる.csv,36,4001052080320,真乃,"ほわ……
めぐるちゃん……っ",283活动剧情,For Your Eyes Only,终章-ほどかれる
283活动剧情/For Your Eyes Only/终章-ほどかれる.csv,42,4001052080380,真乃,あ、あのね、灯織ちゃん、めぐるちゃん,283活动剧情,For Your Eyes Only,终章-ほどかれる
283活动剧情/For Your Eyes Only/终章-ほどかれる.csv,43,4001052080390,真乃,"クラスの人がね、SNSで見つけたドラマの感想、
集めて送ってくれるみたいで……",283活动剧情,For Your Eyes Only,终章-ほどかれる
283活动剧情/For Your Eyes Only/终章-ほどかれる.csv,44,4001052080400,真乃,ふたりの分も探してくれるって言ってたの……っ,283活动剧情,For Your Eyes Only,终章-ほどかれる
283活动剧情/For Your Eyes Only/终章-ほどかれる.csv,45,4001052080410,真乃,よかったら……っ,283活动剧情,For Your Eyes Only,终章-ほどかれる
283活动剧情/For Your Eyes Only/终章-ほどかれる.csv,49,4001052080450,真乃,ありがとう、めぐるちゃん,283活动剧情,For Your Eyes Only,终章-ほどかれる
283活动剧情/For Your Eyes Only/终章-ほどかれる.csv,50,4001052080460,真乃,"あ、あのね……
あとでお話しようと思ってたんだけど……",283活动剧情,For Your Eyes Only,终章-ほどかれる
283活动剧情/For Your Eyes Only/终章-ほどかれる.csv,51,4001052080470,真乃,ふたりにも、文化祭に来てもらえたらうれしいなって……,283活动剧情,For Your Eyes Only,终章-ほどかれる
283活动剧情/For Your Eyes Only/终章-ほどかれる.csv,52,4001052080480,真乃,"えっと、プロデューサーさんと、学校には
誘っても大丈夫って許可をもらっていて……",283活动剧情,For Your Eyes Only,终章-ほどかれる
283活动剧情/For Your Eyes Only/终章-ほどかれる.csv,57,4001052080500,真乃,わ、わかりづらかったかな……っ,283活动剧情,For Your Eyes Only,终章-ほどかれる
283活动剧情/For Your Eyes Only/终章-ほどかれる.csv,70,4001052080550,真乃,……はい,283活动剧情,For Your Eyes Only,终章-ほどかれる
283活动剧情/For Your Eyes Only/终章-ほどかれる.csv,71,4001052080560,真乃,"マノは、同じ『目』を探していました
……でも、きっと……同じじゃなくても……──",283活动剧情,For Your Eyes Only,终章-ほどかれる
283活动剧情/For Your Eyes Only/终章-ほどかれる.csv,72,4001052080570,真乃,"違っていても、
わかろうとしてくれる人がいて……",283活动剧情,For Your Eyes Only,终章-ほどかれる
283活动剧情/For Your Eyes Only/终章-ほどかれる.csv,74,4001052080580,真乃,きっと、たくさん謎を出したのは……,283活动剧情,For Your Eyes Only,终章-ほどかれる
283活动剧情/For Your Eyes Only/终章-ほどかれる.csv,75,4001052080590,真乃,"わかってほしい、見てほしい……って
思っていたからじゃないかって、思ったので……",283活动剧情,For Your Eyes Only,终章-ほどかれる
283活动剧情/For Your Eyes Only/终章-ほどかれる.csv,76,4001052080600,真乃,……そういう相手を、見ることができたらって────,283活动剧情,For Your Eyes Only,终章-ほどかれる
283活动剧情/For Your Eyes Only/终章-ほどかれる.csv,80,4001052080610,真乃,はい……っ,283活动剧情,For Your Eyes Only,终章-ほどかれる
283活动剧情/Light up the illumination/序章-輝きの始まり.csv,5,4001001010020,真乃,そ、それって……,283活动剧情,Light up the illumination,序章-輝きの始まり
283活动剧情/Light up the illumination/序章-輝きの始まり.csv,9,4001001010040,真乃,"私が、お客さんたちの前で歌う……
ほわぁ……",283活动剧情,Light up the illumination,序章-輝きの始まり
283活动剧情/Light up the illumination/序章-輝きの始まり.csv,12,4001001010070,真乃,"さ、櫻木真乃です
よろしくお願いします",283活动剧情,Light up the illumination,序章-輝きの始まり
283活动剧情/Light up the illumination/序章-輝きの始まり.csv,17,4001001010120,真乃,"ほわっ。もちろん、大丈夫だよ
私も、めぐるちゃんって呼んでもいいかな……？",283活动剧情,Light up the illumination,序章-輝きの始まり
283活动剧情/Light up the illumination/序章-輝きの始まり.csv,19,4001001010140,真乃,あのっ。よかったら、私も……,283活动剧情,Light up the illumination,序章-輝きの始まり
283活动剧情/Light up the illumination/序章-輝きの始まり.csv,22,4001001010170,真乃,ありがとう、灯織ちゃん,283活动剧情,Light up the illumination,序章-輝きの始まり
283活动剧情/Light up the illumination/序章-輝きの始まり.csv,26,4001001010200,真乃,イルミネーション……スターズ？,283活动剧情,Light up the illumination,序章-輝きの始まり
283活动剧情/Light up the illumination/序章-輝きの始まり.csv,33,4001001010260,真乃,"わ、私も……
よかったら、ふたりのこと、知りたいなって……！",283活动剧情,Light up the illumination,序章-輝きの始まり
283活动剧情/Light up the illumination/序章-輝きの始まり.csv,41,4001001010340,真乃,"わ、私は……
プロデューサーさんに、スカウトしてもらって……",283活动剧情,Light up the illumination,序章-輝きの始まり
283活动剧情/Light up the illumination/序章-輝きの始まり.csv,43,4001001010360,真乃,ほわっ。そ、そんな……！,283活动剧情,Light up the illumination,序章-輝きの始まり
283活动剧情/Light up the illumination/序章-輝きの始まり.csv,44,4001001010370,真乃,"えっと、めぐるちゃんと灯織ちゃんは、
もうレッスン始めてるんだよね？",283活动剧情,Light up the illumination,序章-輝きの始まり
283活动剧情/Light up the illumination/序章-輝きの始まり.csv,45,4001001010380,真乃,"すごいなぁ……私、まだしっかりやれてなくて……
早く追いつけるようにしないと……",283活动剧情,Light up the illumination,序章-輝きの始まり
283活动剧情/Light up the illumination/序章-輝きの始まり.csv,48,4001001010410,真乃,"す、すごいね
部活の助っ人って、毎日大変そう",283活动剧情,Light up the illumination,序章-輝きの始まり
283活动剧情/Light up the illumination/序章-輝きの始まり.csv,50,4001001010430,真乃,"私は……お散歩が好きで、日向ぼっこしたり……
季節のお花を見てまわったりするのが好きだよ",283活动剧情,Light up the illumination,序章-輝きの始まり
283活动剧情/Light up the illumination/序章-輝きの始まり.csv,52,4001001010450,真乃,ほわほわ……？,283活动剧情,Light up the illumination,序章-輝きの始まり
283活动剧情/Light up the illumination/序章-輝きの始まり.csv,61,4001001010531,真乃＆めぐる,！,283活动剧情,Light up the illumination,序章-輝きの始まり
283活动剧情/Light up the illumination/序章-輝きの始まり.csv,65,4001001010570,真乃,"私も……めぐるちゃんと同じ気持ちだよ
３人で、頑張りたい",283活动剧情,Light up the illumination,序章-輝きの始まり
283活动剧情/Light up the illumination/序章-輝きの始まり.csv,66,4001001010580,真乃,デビューライブと、『W.I.N.G.』に向けて……！,283活动剧情,Light up the illumination,序章-輝きの始まり
283活动剧情/Light up the illumination/序章-輝きの始まり.csv,68,4001001010600,真乃,うんっ……！,283活动剧情,Light up the illumination,序章-輝きの始まり
283活动剧情/Light up the illumination/第1话-チカチカ、小さく瞬くみたいな.csv,3,4001001020020,真乃,あ、あれ？　灯織ちゃん？,283活动剧情,Light up the illumination,第1话-チカチカ、小さく瞬くみたいな
283活动剧情/Light up the illumination/第1话-チカチカ、小さく瞬くみたいな.csv,5,4001001020040,真乃,"お、おはよう。灯織ちゃん、早いんだね
レッスンの時間、まだなのに",283活动剧情,Light up the illumination,第1话-チカチカ、小さく瞬くみたいな
283活动剧情/Light up the illumination/第1话-チカチカ、小さく瞬くみたいな.csv,7,4001001020060,真乃,ほわ……すごい……,283活动剧情,Light up the illumination,第1话-チカチカ、小さく瞬くみたいな
283活动剧情/Light up the illumination/第1话-チカチカ、小さく瞬くみたいな.csv,9,4001001020080,真乃,あ、ごめんねっ。あの、変な意味じゃなくて,283活动剧情,Light up the illumination,第1话-チカチカ、小さく瞬くみたいな
283活动剧情/Light up the illumination/第1话-チカチカ、小さく瞬くみたいな.csv,10,4001001020090,真乃,"灯織ちゃんは、これからのことを考えて、
今頑張ってるんだなって思ったから……",283活动剧情,Light up the illumination,第1话-チカチカ、小さく瞬くみたいな
283活动剧情/Light up the illumination/第1话-チカチカ、小さく瞬くみたいな.csv,12,4001001020110,真乃,も、もちろんそうなんだけどっ,283活动剧情,Light up the illumination,第1话-チカチカ、小さく瞬くみたいな
283活动剧情/Light up the illumination/第1话-チカチカ、小さく瞬くみたいな.csv,13,4001001020120,真乃,"……でも、私だったらきっと、
目の前のことでいっぱいいっぱいになっちゃうと思うんだ",283活动剧情,Light up the illumination,第1话-チカチカ、小さく瞬くみたいな
283活动剧情/Light up the illumination/第1话-チカチカ、小さく瞬くみたいな.csv,14,4001001020130,真乃,"だから、灯織ちゃんはすごいなって！
私も、見習わないと……",283活动剧情,Light up the illumination,第1话-チカチカ、小さく瞬くみたいな
283活动剧情/Light up the illumination/第1话-チカチカ、小さく瞬くみたいな.csv,16,4001001020150,真乃,"そ、そんなことは……！
……えっ、と……",283活动剧情,Light up the illumination,第1话-チカチカ、小さく瞬くみたいな
283活动剧情/Light up the illumination/第1话-チカチカ、小さく瞬くみたいな.csv,19,4001001020180,真乃,"あ、めぐるちゃん……！
おはよう",283活动剧情,Light up the illumination,第1话-チカチカ、小さく瞬くみたいな
283活动剧情/Light up the illumination/第1话-チカチカ、小さく瞬くみたいな.csv,22,4001001020210,真乃,"ううん
私も、今来たばかりだから",283活动剧情,Light up the illumination,第1话-チカチカ、小さく瞬くみたいな
283活动剧情/Light up the illumination/第1话-チカチカ、小さく瞬くみたいな.csv,28,4001001020270,真乃,お疲れさま……！,283活动剧情,Light up the illumination,第1话-チカチカ、小さく瞬くみたいな
283活动剧情/Light up the illumination/第1话-チカチカ、小さく瞬くみたいな.csv,30,4001001020290,真乃,"ほわっ。そ、そう、かな……？
自分では、よくわからないけど……",283活动剧情,Light up the illumination,第1话-チカチカ、小さく瞬くみたいな
283活动剧情/Light up the illumination/第1话-チカチカ、小さく瞬くみたいな.csv,32,4001001020310,真乃,"灯織ちゃんまで……
その、ありがとう……！",283活动剧情,Light up the illumination,第1话-チカチカ、小さく瞬くみたいな
283活动剧情/Light up the illumination/第1话-チカチカ、小さく瞬くみたいな.csv,34,4001001020330,真乃,うんっ,283活动剧情,Light up the illumination,第1话-チカチカ、小さく瞬くみたいな
283活动剧情/Light up the illumination/第1话-チカチカ、小さく瞬くみたいな.csv,38,4001001020370,真乃,"ほわぁ……
めぐるちゃん、すごい……",283活动剧情,Light up the illumination,第1话-チカチカ、小さく瞬くみたいな
283活动剧情/Light up the illumination/第1话-チカチカ、小さく瞬くみたいな.csv,39,4001001020380,真乃,鳥さんが……空を飛んでるみたいな……,283活动剧情,Light up the illumination,第1话-チカチカ、小さく瞬くみたいな
283活动剧情/Light up the illumination/第1话-チカチカ、小さく瞬くみたいな.csv,46,4001001020450,真乃,めぐるちゃんは、ダンスが好きなんだね,283活动剧情,Light up the illumination,第1话-チカチカ、小さく瞬くみたいな
283活动剧情/Light up the illumination/第1话-チカチカ、小さく瞬くみたいな.csv,51,4001001020500,真乃,"ほわ……ごめんなさい……
私、上手くできなくて……",283活动剧情,Light up the illumination,第1话-チカチカ、小さく瞬くみたいな
283活动剧情/Light up the illumination/第1话-チカチカ、小さく瞬くみたいな.csv,54,4001001020530,真乃,"灯織ちゃん、すごく上手だった……！
どうやったら、いいのかな……",283活动剧情,Light up the illumination,第1话-チカチカ、小さく瞬くみたいな
283活动剧情/Light up the illumination/第1话-チカチカ、小さく瞬くみたいな.csv,59,4001001020580,真乃,うん……！,283活动剧情,Light up the illumination,第1话-チカチカ、小さく瞬くみたいな
283活动剧情/Light up the illumination/第1话-チカチカ、小さく瞬くみたいな.csv,62,4001001020610,真乃,うん。お疲れさま……！,283活动剧情,Light up the illumination,第1话-チカチカ、小さく瞬くみたいな
283活动剧情/Light up the illumination/第1话-チカチカ、小さく瞬くみたいな.csv,63,4001001020620,真乃,ほわ…………,283活动剧情,Light up the illumination,第1话-チカチカ、小さく瞬くみたいな
283活动剧情/Light up the illumination/第1话-チカチカ、小さく瞬くみたいな.csv,64,4001001020630,真乃,（……今日のレッスン、ダメダメだったな……）,283活动剧情,Light up the illumination,第1话-チカチカ、小さく瞬くみたいな
283活动剧情/Light up the illumination/第1话-チカチカ、小さく瞬くみたいな.csv,65,4001001020640,真乃,"（灯織ちゃんは努力家だし、
めぐるちゃんはパワーがあって……）",283活动剧情,Light up the illumination,第1话-チカチカ、小さく瞬くみたいな
283活动剧情/Light up the illumination/第1话-チカチカ、小さく瞬くみたいな.csv,66,4001001020650,真乃,"（今のままじゃ、
きっと、みんなに迷惑をかけちゃう……）",283活动剧情,Light up the illumination,第1话-チカチカ、小さく瞬くみたいな
283活动剧情/Light up the illumination/第1话-チカチカ、小さく瞬くみたいな.csv,67,4001001020660,真乃,……がんばらないと……,283活动剧情,Light up the illumination,第1话-チカチカ、小さく瞬くみたいな
283活动剧情/Light up the illumination/第1话-チカチカ、小さく瞬くみたいな.csv,68,4001001020670,真乃,"（灯織ちゃんとめぐるちゃんと３人で、
イルミネーションスターズになるために──）",283活动剧情,Light up the illumination,第1话-チカチカ、小さく瞬くみたいな
283活动剧情/Light up the illumination/第1话-チカチカ、小さく瞬くみたいな.csv,69,4001001020680,真乃,"……よーし、頑張るぞっ
むんっ",283活动剧情,Light up the illumination,第1话-チカチカ、小さく瞬くみたいな
283活动剧情/Light up the illumination/第2话-翳る前に、曇る前に.csv,6,4001001030040,真乃,あっ,283活动剧情,Light up the illumination,第2话-翳る前に、曇る前に
283活动剧情/Light up the illumination/第2话-翳る前に、曇る前に.csv,8,4001001030060,真乃,ご、ごめんねめぐるちゃんっ。大丈夫だった？,283活动剧情,Light up the illumination,第2话-翳る前に、曇る前に
283活动剧情/Light up the illumination/第2话-翳る前に、曇る前に.csv,11,4001001030090,真乃,ごめんなさい……,283活动剧情,Light up the illumination,第2话-翳る前に、曇る前に
283活动剧情/Light up the illumination/第2话-翳る前に、曇る前に.csv,13,4001001030110,真乃,うん……！,283活动剧情,Light up the illumination,第2话-翳る前に、曇る前に
283活动剧情/Light up the illumination/第2话-翳る前に、曇る前に.csv,16,4001001030130,真乃,あっ、ごめんなさい……！　私また……！,283活动剧情,Light up the illumination,第2话-翳る前に、曇る前に
283活动剧情/Light up the illumination/第2话-翳る前に、曇る前に.csv,19,4001001030150,真乃,っ……！,283活动剧情,Light up the illumination,第2话-翳る前に、曇る前に
283活动剧情/Light up the illumination/第2话-翳る前に、曇る前に.csv,24,4001001030200,真乃,そ、そっか……ありがとう……,283活动剧情,Light up the illumination,第2话-翳る前に、曇る前に
283活动剧情/Light up the illumination/第2话-翳る前に、曇る前に.csv,26,4001001030220,真乃,わ、わかった。ごめんね灯織ちゃん……,283活动剧情,Light up the illumination,第2话-翳る前に、曇る前に
283活动剧情/Light up the illumination/第2话-翳る前に、曇る前に.csv,29,4001001030250,真乃,う、うん……,283活动剧情,Light up the illumination,第2话-翳る前に、曇る前に
283活动剧情/Light up the illumination/第2话-翳る前に、曇る前に.csv,31,4001001030270,真乃,音をよく聴いて……テンポが遅れないように……,283活动剧情,Light up the illumination,第2话-翳る前に、曇る前に
283活动剧情/Light up the illumination/第2话-翳る前に、曇る前に.csv,33,4001001030280,真乃,あっ、また……,283活动剧情,Light up the illumination,第2话-翳る前に、曇る前に
283活动剧情/Light up the illumination/第2话-翳る前に、曇る前に.csv,35,4001001030300,真乃,う、うん！　……あっ,283活动剧情,Light up the illumination,第2话-翳る前に、曇る前に
283活动剧情/Light up the illumination/第2话-翳る前に、曇る前に.csv,36,4001001030310,真乃,ふたりとも、ごめんなさい……！,283活动剧情,Light up the illumination,第2话-翳る前に、曇る前に
283活动剧情/Light up the illumination/第2话-翳る前に、曇る前に.csv,40,4001001030350,真乃,ありがとう、めぐるちゃん……,283活动剧情,Light up the illumination,第2话-翳る前に、曇る前に
283活动剧情/Light up the illumination/第2话-翳る前に、曇る前に.csv,43,4001001030380,真乃,あの、灯織ちゃん、でも……！,283活动剧情,Light up the illumination,第2话-翳る前に、曇る前に
283活动剧情/Light up the illumination/第2话-翳る前に、曇る前に.csv,46,4001001030410,真乃,……え……,283活动剧情,Light up the illumination,第2话-翳る前に、曇る前に
283活动剧情/Light up the illumination/第2话-翳る前に、曇る前に.csv,48,4001001030430,真乃,"ごめんなさい……
私が間違ってばっかりで……",283活动剧情,Light up the illumination,第2话-翳る前に、曇る前に
283活动剧情/Light up the illumination/第2话-翳る前に、曇る前に.csv,50,4001001030450,真乃,"……本当に、ごめんね
次のレッスンまでに、ダメだったところ、直してくるね",283活动剧情,Light up the illumination,第2话-翳る前に、曇る前に
283活动剧情/Light up the illumination/第2话-翳る前に、曇る前に.csv,54,4001001030480,真乃,ほわっ……！,283活动剧情,Light up the illumination,第2话-翳る前に、曇る前に
283活动剧情/Light up the illumination/第2话-翳る前に、曇る前に.csv,56,4001001030500,真乃,う、うん……！,283活动剧情,Light up the illumination,第2话-翳る前に、曇る前に
283活动剧情/Light up the illumination/第2话-翳る前に、曇る前に.csv,57,4001001030510,真乃,ひ、灯織ちゃんも、ごめんね……！,283活动剧情,Light up the illumination,第2话-翳る前に、曇る前に
283活动剧情/Light up the illumination/第2话-翳る前に、曇る前に.csv,66,4001001030590,真乃,うんっ,283活动剧情,Light up the illumination,第2话-翳る前に、曇る前に
283活动剧情/Light up the illumination/第3话-もう１度、ここから.csv,2,4001001040010,真乃,……はぁ、はぁ……どう、かな？,283活动剧情,Light up the illumination,第3话-もう１度、ここから
283活动剧情/Light up the illumination/第3话-もう１度、ここから.csv,4,4001001040030,真乃,"ほわっ、め、めぐるちゃんっ
私、汗かいてるから、くっつかない方が……",283活动剧情,Light up the illumination,第3话-もう１度、ここから
283活动剧情/Light up the illumination/第3话-もう１度、ここから.csv,6,4001001040050,真乃,めぐるちゃんのおかげだよっ,283活动剧情,Light up the illumination,第3话-もう１度、ここから
283活动剧情/Light up the illumination/第3话-もう１度、ここから.csv,8,4001001040070,真乃,あ、じゃあ、何か飲み物買ってくるね,283活动剧情,Light up the illumination,第3话-もう１度、ここから
283活动剧情/Light up the illumination/第3话-もう１度、ここから.csv,10,4001001040090,真乃,"お礼、させてほしいんだっ
待ってて、めぐるちゃん",283活动剧情,Light up the illumination,第3话-もう１度、ここから
283活动剧情/Light up the illumination/第3话-もう１度、ここから.csv,13,4001001040120,真乃,"ひ、灯織ちゃんっ？
どうしたの？　今日、お休みだったんじゃ──",283活动剧情,Light up the illumination,第3话-もう１度、ここから
283活动剧情/Light up the illumination/第3话-もう１度、ここから.csv,15,4001001040140,真乃,"ほわっ？　臨時レッスン？　私、なんにも聞いてなくて……
……あれっ。でも今日は私ずっとここを使う予定で──",283活动剧情,Light up the illumination,第3话-もう１度、ここから
283活动剧情/Light up the illumination/第3话-もう１度、ここから.csv,18,4001001040170,真乃,あの、ね……飲み物を買いに……,283活动剧情,Light up the illumination,第3话-もう１度、ここから
283活动剧情/Light up the illumination/第3话-もう１度、ここから.csv,19,4001001040180,真乃,"……ひ、灯織ちゃん！
ちょっとだけ、付き合ってもらってもいい……？",283活动剧情,Light up the illumination,第3话-もう１度、ここから
283活动剧情/Light up the illumination/第3话-もう１度、ここから.csv,20,4001001040190,真乃,"今日はね、プロデューサーさんにお願いして、
レッスン場を使わせてもらってたんだ",283活动剧情,Light up the illumination,第3话-もう１度、ここから
283活动剧情/Light up the illumination/第3话-もう１度、ここから.csv,21,4001001040200,真乃,"私、できないことが多いから……
たくさん練習しなきゃって思って",283活动剧情,Light up the illumination,第3话-もう１度、ここから
283活动剧情/Light up the illumination/第3话-もう１度、ここから.csv,23,4001001040220,真乃,"さっき、やっと上手くできたんだよっ
めぐるちゃんも、褒めてくれたんだ",283活动剧情,Light up the illumination,第3话-もう１度、ここから
283活动剧情/Light up the illumination/第3话-もう１度、ここから.csv,24,4001001040230,真乃,"早く、ふたりと同じ場所に立ちたいって思ってたから……
ちょっとだけ近づけた気がして、すごく嬉しいの",283活动剧情,Light up the illumination,第3话-もう１度、ここから
283活动剧情/Light up the illumination/第3话-もう１度、ここから.csv,25,4001001040240,真乃,"ふたりに並べるように……いつか、ふたりと一緒に
歩けるように、私、これからも頑張るねっ",283活动剧情,Light up the illumination,第3话-もう１度、ここから
283活动剧情/Light up the illumination/第3话-もう１度、ここから.csv,27,4001001040260,真乃,え……,283活动剧情,Light up the illumination,第3话-もう１度、ここから
283活动剧情/Light up the illumination/第3话-もう１度、ここから.csv,30,4001001040290,真乃,で、でも……,283活动剧情,Light up the illumination,第3话-もう１度、ここから
283活动剧情/Light up the illumination/第3话-もう１度、ここから.csv,32,4001001040310,真乃,え。えっ？,283活动剧情,Light up the illumination,第3话-もう１度、ここから
283活动剧情/Light up the illumination/第3话-もう１度、ここから.csv,35,4001001040340,真乃,"そ、そんなっ、灯織ちゃんはアドバイスしてくれただけで、
謝ることじゃないよっ",283活动剧情,Light up the illumination,第3话-もう１度、ここから
283活动剧情/Light up the illumination/第3话-もう１度、ここから.csv,42,4001001040410,真乃,"そ、そんなこと！　そんなこと全然気にしてないよっ
灯織ちゃんの気持ちに追いつけてなかったのは本当だし……",283活动剧情,Light up the illumination,第3话-もう１度、ここから
283活动剧情/Light up the illumination/第3话-もう１度、ここから.csv,43,4001001040420,真乃,"私、落ち込んじゃうばっかりで、
灯織ちゃんと全然お話できてなかった",283活动剧情,Light up the illumination,第3话-もう１度、ここから
283活动剧情/Light up the illumination/第3话-もう１度、ここから.csv,44,4001001040430,真乃,"こういうことっ、ほんとは話しておかなきゃなのに、
上手くできなくて……！",283活动剧情,Light up the illumination,第3话-もう１度、ここから
283活动剧情/Light up the illumination/第3话-もう１度、ここから.csv,45,4001001040440,真乃,"あの、えっと、とにかく、
私、灯織ちゃんと練習するの、嫌なんかじゃないよっ",283活动剧情,Light up the illumination,第3话-もう１度、ここから
283活动剧情/Light up the illumination/第3话-もう１度、ここから.csv,47,4001001040460,真乃,"……うんっ。ごめんね、灯織ちゃん
ありがとう",283活动剧情,Light up the illumination,第3话-もう１度、ここから
283活动剧情/Light up the illumination/第3话-もう１度、ここから.csv,50,4001001040490,真乃,──うんっ、私も負けないよ,283活动剧情,Light up the illumination,第3话-もう１度、ここから
283活动剧情/Light up the illumination/第3话-もう１度、ここから.csv,51,4001001040500,真乃,"……ね、灯織ちゃん。この後、一緒に練習できないかな？
特訓の成果、見てもらいたいんだ",283活动剧情,Light up the illumination,第3话-もう１度、ここから
283活动剧情/Light up the illumination/第3话-もう１度、ここから.csv,55,4001001040540,真乃,ええっと……臨時レッスン、かな？,283活动剧情,Light up the illumination,第3话-もう１度、ここから
283活动剧情/Light up the illumination/第4话-１番輝く、そのために.csv,9,4001001050080,真乃,"『誘ってくれてありがとう！　私も行きたいなっ
でも、今日は用事があって……』",283活动剧情,Light up the illumination,第4话-１番輝く、そのために
283活动剧情/Light up the illumination/第4话-１番輝く、そのために.csv,10,4001001050090,真乃,"『遅くなっちゃうので、先に行っててっ
灯織ちゃんのおうちで合流するね！』",283活动剧情,Light up the illumination,第4话-１番輝く、そのために
283活动剧情/Light up the illumination/第4话-１番輝く、そのために.csv,68,4001001050670,真乃,"ごめんね灯織ちゃん！　遅くなっちゃって……
具合、大丈夫……？",283活动剧情,Light up the illumination,第4话-１番輝く、そのために
283活动剧情/Light up the illumination/第4话-１番輝く、そのために.csv,70,4001001050690,真乃,ほわぁ、良かったぁ……！,283活动剧情,Light up the illumination,第4话-１番輝く、そのために
283活动剧情/Light up the illumination/第4话-１番輝く、そのために.csv,72,4001001050710,真乃,うんっ,283活动剧情,Light up the illumination,第4话-１番輝く、そのために
283活动剧情/Light up the illumination/第4话-１番輝く、そのために.csv,74,4001001050730,真乃,本当？　どんな──,283活动剧情,Light up the illumination,第4话-１番輝く、そのために
283活动剧情/Light up the illumination/第4话-１番輝く、そのために.csv,76,4001001050750,真乃,……！　うん、頑張ろうね、灯織ちゃん！,283活动剧情,Light up the illumination,第4话-１番輝く、そのために
283活动剧情/Light up the illumination/第4话-１番輝く、そのために.csv,77,4001001050760,真乃,えっ、今、真乃って……！,283活动剧情,Light up the illumination,第4话-１番輝く、そのために
283活动剧情/Light up the illumination/第4话-１番輝く、そのために.csv,80,4001001050781,真乃＆めぐる,うん！,283活动剧情,Light up the illumination,第4话-１番輝く、そのために
283活动剧情/Light up the illumination/第5话-３人だから灯せたもの.csv,13,4001001060120,真乃,"ほわっ！？　あ、ひ、灯織ちゃんっ……！？
お、おはようっ。早いんだねっ",283活动剧情,Light up the illumination,第5话-３人だから灯せたもの
283活动剧情/Light up the illumination/第5话-３人だから灯せたもの.csv,15,4001001060140,真乃,"そ、そうだったんだね！　えっと、もう少し後に来るって
聞いてたから、びっくりしちゃって──",283活动剧情,Light up the illumination,第5话-３人だから灯せたもの
283活动剧情/Light up the illumination/第5话-３人だから灯せたもの.csv,17,4001001060160,真乃,だ、だいじょうぶっ、なんでもないよ！,283活动剧情,Light up the illumination,第5话-３人だから灯せたもの
283活动剧情/Light up the illumination/第5话-３人だから灯せたもの.csv,18,4001001060170,真乃,"えっと、えぇっと、私っ、ちょっと急いでるから、
先に行くね！　ごめんね灯織ちゃん！",283活动剧情,Light up the illumination,第5话-３人だから灯せたもの
283活动剧情/Light up the illumination/第5话-３人だから灯せたもの.csv,24,4001001060230,真乃,"お、おはよう、めぐるちゃんっ
どうしよう、もうすぐ灯織ちゃんが来ちゃうかもっ",283活动剧情,Light up the illumination,第5话-３人だから灯せたもの
283活动剧情/Light up the illumination/第5话-３人だから灯せたもの.csv,27,4001001060260,真乃,うんっ、私も手伝うよ！　後はテーブルだけ……？,283活动剧情,Light up the illumination,第5话-３人だから灯せたもの
283活动剧情/Light up the illumination/第5话-３人だから灯せたもの.csv,29,4001001060280,真乃,わ、わかった！,283活动剧情,Light up the illumination,第5话-３人だから灯せたもの
283活动剧情/Light up the illumination/第5话-３人だから灯せたもの.csv,38,4001001060370,真乃,めぐるちゃん、はい、クラッカー,283活动剧情,Light up the illumination,第5话-３人だから灯せたもの
283活动剧情/Light up the illumination/第5话-３人だから灯せたもの.csv,40,4001001060390,真乃,パンパンパーン！　だよね？,283活动剧情,Light up the illumination,第5话-３人だから灯せたもの
283活动剧情/Light up the illumination/第5话-３人だから灯せたもの.csv,44,4001001060430,真乃,お帰りっ、灯織ちゃん！,283活动剧情,Light up the illumination,第5话-３人だから灯せたもの
283活动剧情/Light up the illumination/第5话-３人だから灯せたもの.csv,47,4001001060460,真乃,灯織ちゃん……？　大丈夫……？,283活动剧情,Light up the illumination,第5话-３人だから灯せたもの
283活动剧情/Light up the illumination/第5话-３人だから灯せたもの.csv,50,4001001060480,真乃,ふふっ,283活动剧情,Light up the illumination,第5话-３人だから灯せたもの
283活动剧情/Light up the illumination/第5话-３人だから灯せたもの.csv,61,4001001060590,真乃,あっ、私、プロデューサーさんを呼んでくるね,283活动剧情,Light up the illumination,第5话-３人だから灯せたもの
283活动剧情/Light up the illumination/第5话-３人だから灯せたもの.csv,63,4001001060610,真乃,灯織ちゃん、こっちも美味しいよ,283活动剧情,Light up the illumination,第5话-３人だから灯せたもの
283活动剧情/Light up the illumination/第5话-３人だから灯せたもの.csv,68,4001001060650,真乃,灯織ちゃんがいなくて……寂しかった、から,283活动剧情,Light up the illumination,第5话-３人だから灯せたもの
283活动剧情/Light up the illumination/第5话-３人だから灯せたもの.csv,70,4001001060661,真乃＆めぐる,どういたしまして！,283活动剧情,Light up the illumination,第5话-３人だから灯せたもの
283活动剧情/Light up the illumination/第6话-想いを重ねて、支えを光に.csv,3,4001001070020,真乃,ほわっ、めぐるちゃん……！,283活动剧情,Light up the illumination,第6话-想いを重ねて、支えを光に
283活动剧情/Light up the illumination/第6话-想いを重ねて、支えを光に.csv,7,4001001070060,真乃,"本当に……私、上手くできてたかな……？
みんなに教えてもらったこと、ちゃんと守れてたかな……？",283活动剧情,Light up the illumination,第6话-想いを重ねて、支えを光に
283活动剧情/Light up the illumination/第6话-想いを重ねて、支えを光に.csv,11,4001001070100,真乃,ほわぁ……！,283活动剧情,Light up the illumination,第6话-想いを重ねて、支えを光に
283活动剧情/Light up the illumination/第6话-想いを重ねて、支えを光に.csv,14,4001001070130,真乃,"うんっ……！
ふたりが一緒に頑張ってくれたからだよっ",283活动剧情,Light up the illumination,第6话-想いを重ねて、支えを光に
283活动剧情/Light up the illumination/第6话-想いを重ねて、支えを光に.csv,15,4001001070140,真乃,ふたりのおかげだよ、灯織ちゃん、めぐるちゃん──！,283活动剧情,Light up the illumination,第6话-想いを重ねて、支えを光に
283活动剧情/Light up the illumination/第6话-想いを重ねて、支えを光に.csv,17,4001001070160,真乃,"ごめんね、めぐるちゃん
買ってきてくれてありがとう",283活动剧情,Light up the illumination,第6话-想いを重ねて、支えを光に
283活动剧情/Light up the illumination/第6话-想いを重ねて、支えを光に.csv,23,4001001070220,真乃,"そっかぁ、ほんとだね。私たち、昨日より……
ちょっとかもしれないけど、成長してる、もんね……！",283活动剧情,Light up the illumination,第6话-想いを重ねて、支えを光に
283活动剧情/Light up the illumination/第6话-想いを重ねて、支えを光に.csv,29,4001001070280,真乃,"……でも、めぐるちゃんの言う通りだよ
私たちみんなで、進んでいかなくちゃ",283活动剧情,Light up the illumination,第6话-想いを重ねて、支えを光に
283活动剧情/Light up the illumination/第6话-想いを重ねて、支えを光に.csv,30,4001001070290,真乃,"プロデューサーさんもはづきさんも、
さっき、すごく喜んでくれてたし……",283活动剧情,Light up the illumination,第6话-想いを重ねて、支えを光に
283活动剧情/Light up the illumination/第6话-想いを重ねて、支えを光に.csv,38,4001001070361,真乃＆めぐる,うん！,283活动剧情,Light up the illumination,第6话-想いを重ねて、支えを光に
283活动剧情/Light up the illumination/第6话-想いを重ねて、支えを光に.csv,39,4001001070370,真乃,……あの、灯織ちゃん、めぐるちゃん,283活动剧情,Light up the illumination,第6话-想いを重ねて、支えを光に
283活动剧情/Light up the illumination/第6话-想いを重ねて、支えを光に.csv,40,4001001070380,真乃,私たち、ユニットを組んだばっかりで……,283活动剧情,Light up the illumination,第6话-想いを重ねて、支えを光に
283活动剧情/Light up the illumination/第6话-想いを重ねて、支えを光に.csv,41,4001001070390,真乃,"デビューライブだってまだだし、
『W.I.N.G.』なんて、遠い未来の話みたいに思えちゃうけど",283活动剧情,Light up the illumination,第6话-想いを重ねて、支えを光に
283活动剧情/Light up the illumination/第6话-想いを重ねて、支えを光に.csv,42,4001001070400,真乃,これからも……３人なら、上手くできるよね？,283活动剧情,Light up the illumination,第6话-想いを重ねて、支えを光に
283活动剧情/Light up the illumination/第6话-想いを重ねて、支えを光に.csv,56,4001001070540,真乃,まぁまぁ、ふたりともっ,283活动剧情,Light up the illumination,第6话-想いを重ねて、支えを光に
283活动剧情/Light up the illumination/第6话-想いを重ねて、支えを光に.csv,58,4001001070560,真乃,ほわっ……！？,283活动剧情,Light up the illumination,第6话-想いを重ねて、支えを光に
283活动剧情/Light up the illumination/第6话-想いを重ねて、支えを光に.csv,59,4001001070570,真乃,"……え、えっと……灯織ちゃんもめぐるちゃんも、
お互いのことをよく見てるんだなって……",283活动剧情,Light up the illumination,第6话-想いを重ねて、支えを光に
283活动剧情/Light up the illumination/第6话-想いを重ねて、支えを光に.csv,60,4001001070580,真乃,……イルミネーションスターズは,283活动剧情,Light up the illumination,第6话-想いを重ねて、支えを光に
283活动剧情/Light up the illumination/第6话-想いを重ねて、支えを光に.csv,61,4001001070590,真乃,"お互いに大好きって思ったメンバーが
集まったユニットなんだなって……そう思う、かな",283活动剧情,Light up the illumination,第6话-想いを重ねて、支えを光に
283活动剧情/Light up the illumination/第6话-想いを重ねて、支えを光に.csv,62,4001001070600,真乃,（だから……この３人で、どこまでも羽ばたきたい）,283活动剧情,Light up the illumination,第6话-想いを重ねて、支えを光に
283活动剧情/Light up the illumination/第6话-想いを重ねて、支えを光に.csv,63,4001001070610,真乃,"（デビューライブも、『W.I.N.G.』も、
その先にだって──ずっと、ずっと！）",283活动剧情,Light up the illumination,第6话-想いを重ねて、支えを光に
283活动剧情/Light up the illumination/终章-illumination STARS.csv,2,4001001080010,真乃,"もうすぐ始まるね……
き、緊張してきちゃった",283活动剧情,Light up the illumination,终章-illumination STARS
283活动剧情/Light up the illumination/终章-illumination STARS.csv,5,4001001080040,真乃,"そ、そうだよね
今までやってきたことを、信じれば",283活动剧情,Light up the illumination,终章-illumination STARS
283活动剧情/Light up the illumination/终章-illumination STARS.csv,7,4001001080060,真乃,"う、うん、わかった
……すうー……はあー……",283活动剧情,Light up the illumination,终章-illumination STARS
283活动剧情/Light up the illumination/终章-illumination STARS.csv,8,4001001080070,真乃,……ど、どうかな？　少しは、落ち着いて見える……？,283活动剧情,Light up the illumination,终章-illumination STARS
283活动剧情/Light up the illumination/终章-illumination STARS.csv,10,4001001080090,真乃,ほわぁぁ……！,283活动剧情,Light up the illumination,终章-illumination STARS
283活动剧情/Light up the illumination/终章-illumination STARS.csv,13,4001001080120,真乃,……う、うん……！,283活动剧情,Light up the illumination,终章-illumination STARS
283活动剧情/Light up the illumination/终章-illumination STARS.csv,19,4001001080180,真乃,……そう、かも……！,283活动剧情,Light up the illumination,终章-illumination STARS
283活动剧情/Light up the illumination/终章-illumination STARS.csv,22,4001001080210,真乃,……,283活动剧情,Light up the illumination,终章-illumination STARS
283活动剧情/Light up the illumination/终章-illumination STARS.csv,23,4001001080220,真乃,"……あのね
私も、灯織ちゃんとめぐるちゃんが大好き",283活动剧情,Light up the illumination,终章-illumination STARS
283活动剧情/Light up the illumination/终章-illumination STARS.csv,24,4001001080230,真乃,"私じゃ、ふたりに追いつけないかもしれないって
思ったこともあったけど──",283活动剧情,Light up the illumination,终章-illumination STARS
283活动剧情/Light up the illumination/终章-illumination STARS.csv,25,4001001080240,真乃,……あの時、頑張ろうって思えて、良かった,283活动剧情,Light up the illumination,终章-illumination STARS
283活动剧情/Light up the illumination/终章-illumination STARS.csv,26,4001001080250,真乃,"めぐるちゃんに、特訓を手伝ってもらえて良かった
灯織ちゃんに、たくさんアドバイスをもらえて良かった",283活动剧情,Light up the illumination,终章-illumination STARS
283活动剧情/Light up the illumination/终章-illumination STARS.csv,27,4001001080260,真乃,"そうじゃなかったら……
きっとここには、立ててなかったはずだから……",283活动剧情,Light up the illumination,终章-illumination STARS
283活动剧情/Light up the illumination/终章-illumination STARS.csv,28,4001001080270,真乃,"だから──ふたりに会えて、
イルミネーションスターズになれて、良かった……！",283活动剧情,Light up the illumination,终章-illumination STARS
283活动剧情/Light up the illumination/终章-illumination STARS.csv,31,4001001080300,真乃,うんっ！,283活动剧情,Light up the illumination,终章-illumination STARS
283活动剧情/Light up the illumination/终章-illumination STARS.csv,34,4001001080310,真乃,みんな、行こうっ,283活动剧情,Light up the illumination,终章-illumination STARS
283活动剧情/Light up the illumination/终章-illumination STARS.csv,36,4001001080320,真乃,あ、あれ……？,283活动剧情,Light up the illumination,终章-illumination STARS
283活动剧情/Light up the illumination/终章-illumination STARS.csv,41,4001001080370,真乃,ほわっ、やっぱりステージが近くなると違うね……！,283活动剧情,Light up the illumination,终章-illumination STARS
283活动剧情/Light up the illumination/终章-illumination STARS.csv,44,4001001080400,真乃,めぐるちゃん……？,283活动剧情,Light up the illumination,终章-illumination STARS
283活动剧情/Light up the illumination/终章-illumination STARS.csv,47,4001001080430,真乃,"でも、本当だね……
ありがとう、めぐるちゃんっ",283活动剧情,Light up the illumination,终章-illumination STARS
283活动剧情/Light up the illumination/终章-illumination STARS.csv,49,4001001080450,真乃,ほわっ……私たちのこと、呼んでくれてる……？,283活动剧情,Light up the illumination,终章-illumination STARS
283活动剧情/Light up the illumination/终章-illumination STARS.csv,51,4001001080470,真乃,"……私、プロデューサーさんがつけてくれた、
イルミネーションスターズって名前が好きなんだ",283活动剧情,Light up the illumination,终章-illumination STARS
283活动剧情/Light up the illumination/终章-illumination STARS.csv,52,4001001080480,真乃,みんなの力で、きらきら、輝けるんだって思えて……,283活动剧情,Light up the illumination,终章-illumination STARS
283活动剧情/Light up the illumination/终章-illumination STARS.csv,59,4001001080550,真乃,灯織ちゃん……！,283活动剧情,Light up the illumination,终章-illumination STARS
283活动剧情/Light up the illumination/终章-illumination STARS.csv,60,4001001080560,真乃,"うんっ。この３人だから、ここまで来れた
これからも、この３人で……ずっと、一緒に！",283活动剧情,Light up the illumination,终章-illumination STARS
283活动剧情/Light up the illumination/终章-illumination STARS.csv,62,4001001080570,真乃,それじゃあ、いくよ──,283活动剧情,Light up the illumination,终章-illumination STARS
283活动剧情/Light up the illumination/终章-illumination STARS.csv,63,4001001080580,真乃,輝きをみんなに届けようっ！,283活动剧情,Light up the illumination,终章-illumination STARS
283活动剧情/Secret×Rose/シークレット Secret×Besties.csv,9,4901011130050,真乃,…………,283活动剧情,Secret×Rose,シークレット Secret×Besties
283活动剧情/Secret×Rose/シークレット Secret×Besties.csv,11,4901011130060,真乃,"あぁ……やっと逢えた……
この時を、ずっと待ちわびていたの……",283活动剧情,Secret×Rose,シークレット Secret×Besties
283活动剧情/Secret×Rose/シークレット Secret×Besties.csv,13,4901011130070,真乃,……ねえ、どうして私を置いていってしまったの？,283活动剧情,Secret×Rose,シークレット Secret×Besties
283活动剧情/Secret×Rose/シークレット Secret×Besties.csv,15,4901011130080,真乃,"あなたのいない人生なんて、私にはなんの価値もない……
──わかるでしょう？",283活动剧情,Secret×Rose,シークレット Secret×Besties
283活动剧情/Secret×Rose/シークレット Secret×Besties.csv,17,4901011130081,真乃＆主人公,ふふっ……,283活动剧情,Secret×Rose,シークレット Secret×Besties
283活动剧情/Secret×Rose/シークレット Secret×Besties.csv,19,4901011130090,真乃,ええ……でも、それも今日まで……,283活动剧情,Secret×Rose,シークレット Secret×Besties
283活动剧情/Secret×Rose/シークレット Secret×Besties.csv,20,4901011130100,真乃,これからの時間はずっとずっと……,283活动剧情,Secret×Rose,シークレット Secret×Besties
283活动剧情/Secret×Rose/シークレット Secret×Besties.csv,22,4901011130110,真乃,はい……あなたと一緒に……,283活动剧情,Secret×Rose,シークレット Secret×Besties
283活动剧情/Secret×Rose/ユニット ED 仲良しの少女たち.csv,14,4901011070060,真乃,"えっと……
めぐるちゃんのお友達で櫻木真乃といいます",283活动剧情,Secret×Rose,ユニット ED 仲良しの少女たち
283活动剧情/Secret×Rose/ユニット ED 仲良しの少女たち.csv,17,4901011070080,真乃,"……は、はい。この学院の失踪事件は、
家出とか事件とかじゃなくて……その……",283活动剧情,Secret×Rose,ユニット ED 仲良しの少女たち
283活动剧情/Secret×Rose/ユニット ED 仲良しの少女たち.csv,31,4901011070160,真乃,"灯織ちゃん……っ
で、でも……",283活动剧情,Secret×Rose,ユニット ED 仲良しの少女たち
283活动剧情/Secret×Rose/ユニット ED 仲良しの少女たち.csv,34,4901011070190,真乃,"……うん……っ
あ、あの、先生",283活动剧情,Secret×Rose,ユニット ED 仲良しの少女たち
283活动剧情/Secret×Rose/ユニット ED 仲良しの少女たち.csv,35,4901011070200,真乃,私たちも一緒に行きますっ,283活动剧情,Secret×Rose,ユニット ED 仲良しの少女たち
283活动剧情/Secret×Rose/ユニット ED 仲良しの少女たち.csv,36,4901011070210,真乃,"先生だけに、
怖い思いはさせられませんから……っ",283活动剧情,Secret×Rose,ユニット ED 仲良しの少女たち
283活动剧情/Secret×Rose/ユニット ED 仲良しの少女たち.csv,41,4901011070220,真乃,先生？　どうかしましたか？,283活动剧情,Secret×Rose,ユニット ED 仲良しの少女たち
283活动剧情/Secret×Rose/ユニット ED 仲良しの少女たち.csv,64,4901011070320,真乃,"うん……っ
私たちも、先生の力になりたいですっ",283活动剧情,Secret×Rose,ユニット ED 仲良しの少女たち
283活动剧情/Secret×Rose/ユニット ED 仲良しの少女たち.csv,72,4901011070350,真乃,ほ、ほわ……,283活动剧情,Secret×Rose,ユニット ED 仲良しの少女たち
283活动剧情/Secret×Rose/ユニット ED 仲良しの少女たち.csv,79,4901011070390,真乃,は、離してください……っ,283活动剧情,Secret×Rose,ユニット ED 仲良しの少女たち
283活动剧情/Secret×Rose/ユニット ED 仲良しの少女たち.csv,89,4901011070430,真乃,"う、うん……
外で待ってようか",283活动剧情,Secret×Rose,ユニット ED 仲良しの少女たち
283活动剧情/Secret×Rose/ユニット ED 仲良しの少女たち.csv,113,4901011070530,真乃,"そ、そんな……
私たちの方こそありがとうございます",283活动剧情,Secret×Rose,ユニット ED 仲良しの少女たち
283活动剧情/Secret×Rose/ユニット ED 仲良しの少女たち.csv,120,4901011070580,真乃,"はい……
あれ？",283活动剧情,Secret×Rose,ユニット ED 仲良しの少女たち
283活动剧情/Secret×Rose/ユニット ED 仲良しの少女たち.csv,122,4901011070590,真乃,"扉を開けたときは
薔薇の香りがしたんですけれど……",283活动剧情,Secret×Rose,ユニット ED 仲良しの少女たち
283活动剧情/Secret×Rose/ユニット ED 仲良しの少女たち.csv,123,4901011070600,真乃,今はしなくなっちゃったなって思って,283活动剧情,Secret×Rose,ユニット ED 仲良しの少女たち
283活动剧情/Secret×Rose/ユニット ED 仲良しの少女たち.csv,127,4901011070630,真乃,"そ、そうですよね……
そうかもしれませんっ",283活动剧情,Secret×Rose,ユニット ED 仲良しの少女たち
283活动剧情/Star n dew by me/エンディング 呼吸のソルフェージュ.csv,4,4001018080021,真乃＆灯織,えっ,283活动剧情,Star n dew by me,エンディング 呼吸のソルフェージュ
283活动剧情/Star n dew by me/エンディング 呼吸のソルフェージュ.csv,15,4001018080130,真乃,ふふっ……やられちゃったね,283活动剧情,Star n dew by me,エンディング 呼吸のソルフェージュ
283活动剧情/Star n dew by me/エンディング 呼吸のソルフェージュ.csv,18,4001018080160,真乃,最後のめぐるちゃんの走りもすごかったし……っ,283活动剧情,Star n dew by me,エンディング 呼吸のソルフェージュ
283活动剧情/Star n dew by me/エンディング 呼吸のソルフェージュ.csv,21,4001018080190,真乃,う、ううんっ、そんな……,283活动剧情,Star n dew by me,エンディング 呼吸のソルフェージュ
283活动剧情/Star n dew by me/エンディング 呼吸のソルフェージュ.csv,24,4001018080220,真乃,あ……,283活动剧情,Star n dew by me,エンディング 呼吸のソルフェージュ
283活动剧情/Star n dew by me/エンディング 呼吸のソルフェージュ.csv,25,4001018080230,真乃,"ごめんね……
私、あんまり意味とかは考えてなくて……",283活动剧情,Star n dew by me,エンディング 呼吸のソルフェージュ
283活动剧情/Star n dew by me/エンディング 呼吸のソルフェージュ.csv,27,4001018080240,真乃,"めぐるちゃんはたくさんすごいところがあるけど……
そうじゃなくて……えっと……",283活动剧情,Star n dew by me,エンディング 呼吸のソルフェージュ
283活动剧情/Star n dew by me/エンディング 呼吸のソルフェージュ.csv,28,4001018080250,真乃,"すごいめぐるちゃんじゃなくて、
めぐるちゃんが好きだから",283活动剧情,Star n dew by me,エンディング 呼吸のソルフェージュ
283活动剧情/Star n dew by me/エンディング 呼吸のソルフェージュ.csv,29,4001018080260,真乃,"意味がなくても、
そばにいたいなって……",283活动剧情,Star n dew by me,エンディング 呼吸のソルフェージュ
283活动剧情/Star n dew by me/エンディング 呼吸のソルフェージュ.csv,33,4001018080300,真乃,"ううん……全然……
だから私のせいで負けちゃってたかもしれなくて……",283活动剧情,Star n dew by me,エンディング 呼吸のソルフェージュ
283活动剧情/Star n dew by me/エンディング 呼吸のソルフェージュ.csv,37,4001018080331,真乃＆灯織,えっ……！？,283活动剧情,Star n dew by me,エンディング 呼吸のソルフェージュ
283活动剧情/Star n dew by me/エンディング 呼吸のソルフェージュ.csv,44,4001018080400,真乃,めぐるちゃん……,283活动剧情,Star n dew by me,エンディング 呼吸のソルフェージュ
283活动剧情/Star n dew by me/エンディング 呼吸のソルフェージュ.csv,48,4001018080440,真乃,……ふふっ……,283活动剧情,Star n dew by me,エンディング 呼吸のソルフェージュ
283活动剧情/Star n dew by me/エンディング 呼吸のソルフェージュ.csv,53,4001018080490,真乃,ふふっ……私もだよっ,283活动剧情,Star n dew by me,エンディング 呼吸のソルフェージュ
283活动剧情/Star n dew by me/エンディング 呼吸のソルフェージュ.csv,70,4001018080570,真乃,"ほわ……っ
す、すみません、まだ……です……",283活动剧情,Star n dew by me,エンディング 呼吸のソルフェージュ
283活动剧情/Star n dew by me/エンディング 呼吸のソルフェージュ.csv,74,4001018080610,真乃,うんっ,283活动剧情,Star n dew by me,エンディング 呼吸のソルフェージュ
283活动剧情/Star n dew by me/オープニング 秋うららの物語.csv,7,4001018010030,真乃,"『えっと……
この機械の中で割り箸を回せばいいんだよね……』",283活动剧情,Star n dew by me,オープニング 秋うららの物語
283活动剧情/Star n dew by me/オープニング 秋うららの物語.csv,9,4001018010050,真乃,"『き、きっと……大丈夫
めぐるちゃんなら、きっと逃げ切って──』",283活动剧情,Star n dew by me,オープニング 秋うららの物語
283活动剧情/Star n dew by me/オープニング 秋うららの物語.csv,26,4001018010100,真乃,"う、うん……っ
私も……緊張してたかな",283活动剧情,Star n dew by me,オープニング 秋うららの物語
283活动剧情/Star n dew by me/オープニング 秋うららの物語.csv,27,4001018010110,真乃,"今日から新しい日が始まるんだなぁって……
足元がそわそわするみたいな……",283活动剧情,Star n dew by me,オープニング 秋うららの物語
283活动剧情/Star n dew by me/オープニング 秋うららの物語.csv,29,4001018010130,真乃,"ふふっ……
今は冬になりかけだけど……",283活动剧情,Star n dew by me,オープニング 秋うららの物語
283活动剧情/Star n dew by me/オープニング 秋うららの物語.csv,40,4001018010200,真乃,"は、はじめましてっ
イルミネーションスターズの櫻木真乃です",283活动剧情,Star n dew by me,オープニング 秋うららの物語
283活动剧情/Star n dew by me/オープニング 秋うららの物語.csv,51,4001018010260,真乃,ほわぁ……っ,283活动剧情,Star n dew by me,オープニング 秋うららの物語
283活动剧情/Star n dew by me/オープニング 秋うららの物語.csv,62,4001018010340,真乃,"うん、そうだね……っ
学園祭が成功するように……",283活动剧情,Star n dew by me,オープニング 秋うららの物語
283活动剧情/Star n dew by me/オープニング 秋うららの物語.csv,70,4001018010410,真乃,"うんっ、めぐるちゃんっ
──いきます……っ",283活动剧情,Star n dew by me,オープニング 秋うららの物語
283活动剧情/Star n dew by me/オープニング 秋うららの物語.csv,71,4001018010420,真乃,──輝きをみんなに届けようっ,283活动剧情,Star n dew by me,オープニング 秋うららの物語
283活动剧情/Star n dew by me/第1話 ガクエンサイGOGO！.csv,3,4001018020010,真乃,"──えっと、それじゃあ
この小さな箱が学校の『宝物』……",283活动剧情,Star n dew by me,第1話 ガクエンサイGOGO！
283活动剧情/Star n dew by me/第1話 ガクエンサイGOGO！.csv,24,4001018020090,真乃,"絶対に逃げ切らないといけない役だから……
めぐるちゃんにお願いできたら……っ",283活动剧情,Star n dew by me,第1話 ガクエンサイGOGO！
283活动剧情/Star n dew by me/第1話 ガクエンサイGOGO！.csv,30,4001018020150,真乃,ん……,283活动剧情,Star n dew by me,第1話 ガクエンサイGOGO！
283活动剧情/Star n dew by me/第1話 ガクエンサイGOGO！.csv,32,4001018020170,真乃,"あっ、ううん……っ
この『ミッション』って貼り紙、何かなって……",283活动剧情,Star n dew by me,第1話 ガクエンサイGOGO！
283活动剧情/Star n dew by me/第1話 ガクエンサイGOGO！.csv,39,4001018020210,真乃,ほわぁ……っ,283活动剧情,Star n dew by me,第1話 ガクエンサイGOGO！
283活动剧情/Star n dew by me/第1話 ガクエンサイGOGO！.csv,41,4001018020230,真乃,"えーっと……
あっ、飼育委員の動物ふれあい広場──",283活动剧情,Star n dew by me,第1話 ガクエンサイGOGO！
283活动剧情/Star n dew by me/第1話 ガクエンサイGOGO！.csv,46,4001018020270,真乃,"うん……っ
すみません１-Ａのみなさん、慌ただしくて……",283活动剧情,Star n dew by me,第1話 ガクエンサイGOGO！
283活动剧情/Star n dew by me/第1話 ガクエンサイGOGO！.csv,56,4001018020330,真乃,"灯織ちゃんっ
当てようと思わないでやってみるのがいいかも……っ",283活动剧情,Star n dew by me,第1話 ガクエンサイGOGO！
283活动剧情/Star n dew by me/第1話 ガクエンサイGOGO！.csv,61,4001018020370,真乃,"えっと……
この機械の中で割り箸を回せばいいんだよね……",283活动剧情,Star n dew by me,第1話 ガクエンサイGOGO！
283活动剧情/Star n dew by me/第1話 ガクエンサイGOGO！.csv,62,4001018020380,真乃,──ほわぁ、ふわふわ……っ,283活动剧情,Star n dew by me,第1話 ガクエンサイGOGO！
283活动剧情/Star n dew by me/第1話 ガクエンサイGOGO！.csv,65,4001018020410,真乃,ありがとう、めぐるちゃんっ,283活动剧情,Star n dew by me,第1話 ガクエンサイGOGO！
283活动剧情/Star n dew by me/第1話 ガクエンサイGOGO！.csv,68,4001018020430,真乃,…………,283活动剧情,Star n dew by me,第1話 ガクエンサイGOGO！
283活动剧情/Star n dew by me/第1話 ガクエンサイGOGO！.csv,87,4001018020510,真乃,ふふっ,283活动剧情,Star n dew by me,第1話 ガクエンサイGOGO！
283活动剧情/Star n dew by me/第1話 ガクエンサイGOGO！.csv,90,4001018020540,真乃,甘くないけど、優しいですゾ～,283活动剧情,Star n dew by me,第1話 ガクエンサイGOGO！
283活动剧情/Star n dew by me/第1話 ガクエンサイGOGO！.csv,94,4001018020570,真乃,"もうすぐ講堂のステージも始まるみたい
サッカー部の仮装ミュージカルに、バンド演奏……",283活动剧情,Star n dew by me,第1話 ガクエンサイGOGO！
283活动剧情/Star n dew by me/第1話 ガクエンサイGOGO！.csv,96,4001018020590,真乃,うんっ……ふふ……っ,283活动剧情,Star n dew by me,第1話 ガクエンサイGOGO！
283活动剧情/Star n dew by me/第1話 ガクエンサイGOGO！.csv,97,4001018020600,真乃,楽しいね、灯織ちゃん……っ,283活动剧情,Star n dew by me,第1話 ガクエンサイGOGO！
283活动剧情/Star n dew by me/第1話 ガクエンサイGOGO！.csv,100,4001018020630,真乃,"ほわ……
じゃあそのルートは避けた方がいいね……",283活动剧情,Star n dew by me,第1話 ガクエンサイGOGO！
283活动剧情/Star n dew by me/第1話 ガクエンサイGOGO！.csv,102,4001018020650,真乃,"あ……す、すみません……っ
灯織ちゃんありがと──",283活动剧情,Star n dew by me,第1話 ガクエンサイGOGO！
283活动剧情/Star n dew by me/第1話 ガクエンサイGOGO！.csv,105,4001018020680,真乃,えっ……,283活动剧情,Star n dew by me,第1話 ガクエンサイGOGO！
283活动剧情/Star n dew by me/第1話 ガクエンサイGOGO！.csv,113,4001018020760,真乃,"こ、ここにいると、
他のオニも集まって来ちゃうかな……",283活动剧情,Star n dew by me,第1話 ガクエンサイGOGO！
283活动剧情/Star n dew by me/第1話 ガクエンサイGOGO！.csv,115,4001018020780,真乃,はぁ、はぁ……,283活动剧情,Star n dew by me,第1話 ガクエンサイGOGO！
283活动剧情/Star n dew by me/第1話 ガクエンサイGOGO！.csv,117,4001018020800,真乃,……あのねっ……『宝物』──ここに、あるの……,283活动剧情,Star n dew by me,第1話 ガクエンサイGOGO！
283活动剧情/Star n dew by me/第1話 ガクエンサイGOGO！.csv,119,4001018020820,真乃,"めぐるちゃんが庇ってくれた時、
私のポケットに……",283活动剧情,Star n dew by me,第1話 ガクエンサイGOGO！
283活动剧情/Star n dew by me/第1話 ガクエンサイGOGO！.csv,123,4001018020860,真乃,…………,283活动剧情,Star n dew by me,第1話 ガクエンサイGOGO！
283活动剧情/Star n dew by me/第1話 ガクエンサイGOGO！.csv,124,4001018020870,真乃,"き、きっと……大丈夫
めぐるちゃんなら、きっと逃げ切って──",283活动剧情,Star n dew by me,第1話 ガクエンサイGOGO！
283活动剧情/Star n dew by me/第1話 ガクエンサイGOGO！.csv,128,4001018020871,真乃＆灯織,────っ,283活动剧情,Star n dew by me,第1話 ガクエンサイGOGO！
283活动剧情/Star n dew by me/第2話 Who are you_.csv,4,4001018030001,真乃＆灯織,…………,283活动剧情,Star n dew by me,第2話 Who are you_
283活动剧情/Star n dew by me/第2話 Who are you_.csv,7,4001018030030,真乃,うん……,283活动剧情,Star n dew by me,第2話 Who are you_
283活动剧情/Star n dew by me/第2話 Who are you_.csv,9,4001018030050,真乃,うん……だけど……,283活动剧情,Star n dew by me,第2話 Who are you_
283活动剧情/Star n dew by me/第2話 Who are you_.csv,13,4001018030090,真乃,"──うんっ
もちろんだよ、灯織ちゃんっ",283活动剧情,Star n dew by me,第2話 Who are you_
283活动剧情/Star n dew by me/第2話 Who are you_.csv,24,4001018030140,真乃,『髪をふたつに結んでいる子です……っ』,283活动剧情,Star n dew by me,第2話 Who are you_
283活动剧情/Star n dew by me/第2話 Who are you_.csv,25,4001018030150,真乃,校長室……っ,283活动剧情,Star n dew by me,第2話 Who are you_
283活动剧情/Star n dew by me/第2話 Who are you_.csv,30,4001018030200,真乃,"……ここのスペースはめぐるちゃんの分です
またあとで書かせてください……っ",283活动剧情,Star n dew by me,第2話 Who are you_
283活动剧情/Star n dew by me/第2話 Who are you_.csv,31,4001018030210,真乃,じゃあ、すぐに校長室がどこにあるか調べるねっ,283活动剧情,Star n dew by me,第2話 Who are you_
283活动剧情/Star n dew by me/第2話 Who are you_.csv,33,4001018030230,真乃,！,283活动剧情,Star n dew by me,第2話 Who are you_
283活动剧情/Star n dew by me/第2話 Who are you_.csv,37,4001018030270,真乃,……,283活动剧情,Star n dew by me,第2話 Who are you_
283活动剧情/Star n dew by me/第2話 Who are you_.csv,38,4001018030280,真乃,"うん……っ
わかったよ、灯織ちゃん……っ",283活动剧情,Star n dew by me,第2話 Who are you_
283活动剧情/Star n dew by me/第2話 Who are you_.csv,40,4001018030300,真乃,"灯織ちゃんの作戦だもん
３人で勝つために、みんなで頑張らなくちゃっ",283活动剧情,Star n dew by me,第2話 Who are you_
283活动剧情/Star n dew by me/第2話 Who are you_.csv,43,4001018030330,真乃,ほわ……っ,283活动剧情,Star n dew by me,第2話 Who are you_
283活动剧情/Star n dew by me/第2話 Who are you_.csv,45,4001018030350,真乃,ふふっ……,283活动剧情,Star n dew by me,第2話 Who are you_
283活动剧情/Star n dew by me/第2話 Who are you_.csv,46,4001018030360,真乃,あのねっ……,283活动剧情,Star n dew by me,第2話 Who are you_
283活动剧情/Star n dew by me/第2話 Who are you_.csv,47,4001018030370,真乃,"ふたりとたくさんランニングしたおかげで、
前より走れるようになった気がするから、頑張る……っ",283活动剧情,Star n dew by me,第2話 Who are you_
283活动剧情/Star n dew by me/第3話 みなそこで息を止めて.csv,2,4001018040010,真乃,"……また校内放送してもらって、
オニから解放する方法を募集するとか……",283活动剧情,Star n dew by me,第3話 みなそこで息を止めて
283活动剧情/Star n dew by me/第3話 みなそこで息を止めて.csv,4,4001018040030,真乃,"ほわ……チケット……？
そ、それはどんなのなんだろう……",283活动剧情,Star n dew by me,第3話 みなそこで息を止めて
283活动剧情/Star n dew by me/第3話 みなそこで息を止めて.csv,6,4001018040041,真乃＆灯織,うーん……,283活动剧情,Star n dew by me,第3話 みなそこで息を止めて
283活动剧情/Star n dew by me/第3話 みなそこで息を止めて.csv,14,4001018040080,真乃,"う、うんっ、私もそれがいいと思うな……っ
めぐるちゃんが戻ってきたら一緒に模擬店を回ろうっ",283活动剧情,Star n dew by me,第3話 みなそこで息を止めて
283活动剧情/Star n dew by me/第3話 みなそこで息を止めて.csv,27,4001018040180,真乃,…………,283活动剧情,Star n dew by me,第3話 みなそこで息を止めて
283活动剧情/Star n dew by me/第3話 みなそこで息を止めて.csv,34,4001018040230,真乃,……あれ……？,283活动剧情,Star n dew by me,第3話 みなそこで息を止めて
283活动剧情/Star n dew by me/第3話 みなそこで息を止めて.csv,35,4001018040240,真乃,何か走ってくる音が……？,283活动剧情,Star n dew by me,第3話 みなそこで息を止めて
283活动剧情/Star n dew by me/第3話 みなそこで息を止めて.csv,39,4001018040280,真乃,っ、めぐるちゃんっ……！,283活动剧情,Star n dew by me,第3話 みなそこで息を止めて
283活动剧情/Star n dew by me/第3話 みなそこで息を止めて.csv,41,4001018040291,真乃＆灯織,………………,283活动剧情,Star n dew by me,第3話 みなそこで息を止めて
283活动剧情/Star n dew by me/第3話 みなそこで息を止めて.csv,45,4001018040330,真乃,う、うん……っ,283活动剧情,Star n dew by me,第3話 みなそこで息を止めて
283活动剧情/Star n dew by me/第3話 みなそこで息を止めて.csv,51,4001018040370,真乃,…………,283活动剧情,Star n dew by me,第3話 みなそこで息を止めて
283活动剧情/Star n dew by me/第3話 みなそこで息を止めて.csv,53,4001018040390,真乃,………………,283活动剧情,Star n dew by me,第3話 みなそこで息を止めて
283活动剧情/Star n dew by me/第3話 みなそこで息を止めて.csv,55,4001018040410,真乃,……………………,283活动剧情,Star n dew by me,第3話 みなそこで息を止めて
283活动剧情/Star n dew by me/第3話 みなそこで息を止めて.csv,56,4001018040420,真乃,────ぷは……っ,283活动剧情,Star n dew by me,第3話 みなそこで息を止めて
283活动剧情/Star n dew by me/第3話 みなそこで息を止めて.csv,57,4001018040430,真乃,"……えっとねっ
いま新しい貼り紙を見つけて",283活动剧情,Star n dew by me,第3話 みなそこで息を止めて
283活动剧情/Star n dew by me/第3話 みなそこで息を止めて.csv,58,4001018040440,真乃,『廊下はお静かに』ってあったから……,283活动剧情,Star n dew by me,第3話 みなそこで息を止めて
283活动剧情/Star n dew by me/第3話 みなそこで息を止めて.csv,61,4001018040450,真乃,"ほわぁ、そうなんですか……？
ありがとうございます……",283活动剧情,Star n dew by me,第3話 みなそこで息を止めて
283活动剧情/Star n dew by me/第3話 みなそこで息を止めて.csv,62,4001018040460,真乃,『風紀委員の証』カード……？,283活动剧情,Star n dew by me,第3話 みなそこで息を止めて
283活动剧情/Star n dew by me/第3話 みなそこで息を止めて.csv,64,4001018040480,真乃,アイテムの説明文……あ、カードの裏ですか,283活动剧情,Star n dew by me,第3話 みなそこで息を止めて
283活动剧情/Star n dew by me/第3話 みなそこで息を止めて.csv,66,4001018040500,真乃,『廊下を走ってくるオニを止める』……,283活动剧情,Star n dew by me,第3話 みなそこで息を止めて
283活动剧情/Star n dew by me/第3話 みなそこで息を止めて.csv,67,4001018040510,真乃,！,283活动剧情,Star n dew by me,第3話 みなそこで息を止めて
283活动剧情/Star n dew by me/第3話 みなそこで息を止めて.csv,68,4001018040520,真乃,"廊下は走らない──だって
めぐるちゃん……っ",283活动剧情,Star n dew by me,第3話 みなそこで息を止めて
283活动剧情/Star n dew by me/第3話 みなそこで息を止めて.csv,72,4001018040560,真乃,"っ、そ、そうだね……っ
歩くのは大丈夫だね……っ",283活动剧情,Star n dew by me,第3話 みなそこで息を止めて
283活动剧情/Star n dew by me/第3話 みなそこで息を止めて.csv,74,4001018040580,真乃,あっ、で、でも廊下……,283活动剧情,Star n dew by me,第3話 みなそこで息を止めて
283活动剧情/Star n dew by me/第3話 みなそこで息を止めて.csv,76,4001018040600,真乃,……どうかな……？,283活动剧情,Star n dew by me,第3話 みなそこで息を止めて
283活动剧情/Star n dew by me/第3話 みなそこで息を止めて.csv,80,4001018040640,真乃,え？,283活动剧情,Star n dew by me,第3話 みなそこで息を止めて
283活动剧情/Star n dew by me/第3話 みなそこで息を止めて.csv,82,4001018040660,真乃,"！
こ、このカードで……っ",283活动剧情,Star n dew by me,第3話 みなそこで息を止めて
283活动剧情/Star n dew by me/第3話 みなそこで息を止めて.csv,84,4001018040680,真乃,じゃ、じゃあ、それを見つければ……っ,283活动剧情,Star n dew by me,第3話 みなそこで息を止めて
283活动剧情/Star n dew by me/第3話 みなそこで息を止めて.csv,85,4001018040681,真乃＆灯織,！,283活动剧情,Star n dew by me,第3話 みなそこで息を止めて
283活动剧情/Star n dew by me/第3話 みなそこで息を止めて.csv,88,4001018040682,真乃＆灯織,……,283活动剧情,Star n dew by me,第3話 みなそこで息を止めて
283活动剧情/Star n dew by me/第3話 みなそこで息を止めて.csv,89,4001018040690,真乃,そっか……そういえば……,283活动剧情,Star n dew by me,第3話 みなそこで息を止めて
283活动剧情/Star n dew by me/第3話 みなそこで息を止めて.csv,90,4001018040700,真乃,お腹、ぺこぺこかも……,283活动剧情,Star n dew by me,第3話 みなそこで息を止めて
283活动剧情/Star n dew by me/第4話 ううん.csv,3,4001018050020,真乃,"ありがとう。汗かいちゃったから、
冷たいの、うれしいな",283活动剧情,Star n dew by me,第4話 ううん
283活动剧情/Star n dew by me/第4話 ううん.csv,5,4001018050040,真乃,"うん……めぐるちゃんの好きなものが
たくさん入ったお弁当だといいな……",283活动剧情,Star n dew by me,第4話 ううん
283活动剧情/Star n dew by me/第4話 ううん.csv,8,4001018050061,真乃＆灯織,めぐるちゃん……っ,283活动剧情,Star n dew by me,第4話 ううん
283活动剧情/Star n dew by me/第4話 ううん.csv,10,4001018050080,真乃,"ふふっ……めぐるちゃん……っ
お昼は一緒でいいの？",283活动剧情,Star n dew by me,第4話 ううん
283活动剧情/Star n dew by me/第4話 ううん.csv,22,4001018050200,真乃,ほわっ,283活动剧情,Star n dew by me,第4話 ううん
283活动剧情/Star n dew by me/第4話 ううん.csv,25,4001018050230,真乃,ふふっ、お腹がぐーって教えてくれたんだっ,283活动剧情,Star n dew by me,第4話 ううん
283活动剧情/Star n dew by me/第4話 ううん.csv,40,4001018050380,真乃,……うん,283活动剧情,Star n dew by me,第4話 ううん
283活动剧情/Star n dew by me/第4話 ううん.csv,41,4001018050390,真乃,"灯織ちゃんと、
めぐるちゃんを取り戻す方法を考えてたの",283活动剧情,Star n dew by me,第4話 ううん
283活动剧情/Star n dew by me/第4話 ううん.csv,45,4001018050421,真乃＆灯織,……,283活动剧情,Star n dew by me,第4話 ううん
283活动剧情/Star n dew by me/第4話 ううん.csv,55,4001018050520,真乃,"ひ、灯織ちゃん……っ
それは私も、だから……っ",283活动剧情,Star n dew by me,第4話 ううん
283活动剧情/Star n dew by me/第4話 ううん.csv,65,4001018050611,真乃＆灯織,……ふふっ,283活动剧情,Star n dew by me,第4話 ううん
283活动剧情/Star n dew by me/第4話 ううん.csv,71,4001018050670,真乃,全力で……っ,283活动剧情,Star n dew by me,第4話 ううん
283活动剧情/Star n dew by me/第4話 ううん.csv,73,4001018050680,真乃,あっ、はい──,283活动剧情,Star n dew by me,第4話 ううん
283活动剧情/Star n dew by me/第4話 ううん.csv,79,4001018050730,真乃,はいっ、おいしくいただきましたっ,283活动剧情,Star n dew by me,第4話 ううん
283活动剧情/Star n dew by me/第4話 ううん.csv,80,4001018050740,真乃,"今、灯織ちゃんと打ち合わせに呼ばれて……
めぐるちゃんはまだ控室で食べてます",283活动剧情,Star n dew by me,第4話 ううん
283活动剧情/Star n dew by me/第4話 ううん.csv,82,4001018050750,真乃,はいっ,283活动剧情,Star n dew by me,第4話 ううん
283活动剧情/Star n dew by me/第5話 invent laughter.csv,69,4001018060370,真乃,"……もうちょっとで大ボス
やっつけられそうだったね……",283活动剧情,Star n dew by me,第5話 invent laughter
283活动剧情/Star n dew by me/第5話 invent laughter.csv,71,4001018060390,真乃,頑張ってみるね……むんっ,283活动剧情,Star n dew by me,第5話 invent laughter
283活动剧情/Star n dew by me/第5話 invent laughter.csv,77,4001018060440,真乃,ほわ……,283活动剧情,Star n dew by me,第5話 invent laughter
283活动剧情/Star n dew by me/第5話 invent laughter.csv,86,4001018060520,真乃,"はいっ
かつぶし、青のり、マヨネーズっ",283活动剧情,Star n dew by me,第5話 invent laughter
283活动剧情/Star n dew by me/第5話 invent laughter.csv,90,4001018060540,真乃,ありがとうございますっ,283活动剧情,Star n dew by me,第5話 invent laughter
283活动剧情/Star n dew by me/第5話 invent laughter.csv,91,4001018060550,真乃,"ほわぁっ……
『交渉チケット』……だって、灯織ちゃんっ",283活动剧情,Star n dew by me,第5話 invent laughter
283活动剧情/Star n dew by me/第5話 invent laughter.csv,92,4001018060560,真乃,"『一度だけオニと交渉することができる……
但し、宝物と引き換え──』",283活动剧情,Star n dew by me,第5話 invent laughter
283活动剧情/Star n dew by me/第5話 invent laughter.csv,93,4001018060561,真乃＆灯織,……！,283活动剧情,Star n dew by me,第5話 invent laughter
283活动剧情/Star n dew by me/第6話 魚と虹のワルツを.csv,4,4001018070030,真乃,"──めぐるちゃんっ
『宝物』はこっちだよ……っ",283活动剧情,Star n dew by me,第6話 魚と虹のワルツを
283活动剧情/Star n dew by me/第6話 魚と虹のワルツを.csv,8,4001018070070,真乃,はぁっ……はぁっ……,283活动剧情,Star n dew by me,第6話 魚と虹のワルツを
283活动剧情/Star n dew by me/第6話 魚と虹のワルツを.csv,11,4001018070100,真乃,"こ、『交渉チケット』を、
使い……ますっ……",283活动剧情,Star n dew by me,第6話 魚と虹のワルツを
283活动剧情/Star n dew by me/第6話 魚と虹のワルツを.csv,13,4001018070120,真乃,……はぁ、はぁ……,283活动剧情,Star n dew by me,第6話 魚と虹のワルツを
283活动剧情/Star n dew by me/第6話 魚と虹のワルツを.csv,14,4001018070130,真乃,ごめんね、めぐるちゃん……,283活动剧情,Star n dew by me,第6話 魚と虹のワルツを
283活动剧情/Star n dew by me/第6話 魚と虹のワルツを.csv,15,4001018070140,真乃,"──『宝物』を渡すので、
めぐるちゃんを返してください……っ",283活动剧情,Star n dew by me,第6話 魚と虹のワルツを
283活动剧情/Star n dew by me/第6話 魚と虹のワルツを.csv,26,4001018070171,真乃＆めぐる,…………,283活动剧情,Star n dew by me,第6話 魚と虹のワルツを
283活动剧情/Star n dew by me/第6話 魚と虹のワルツを.csv,28,4001018070190,真乃,"めぐるちゃんっ
あと10分で何ができるかな……っ",283活动剧情,Star n dew by me,第6話 魚と虹のワルツを
283活动剧情/Star n dew by me/第6話 魚と虹のワルツを.csv,29,4001018070200,真乃,"ど、どうにかできないかなっ……
私、頑張るから……っ",283活动剧情,Star n dew by me,第6話 魚と虹のワルツを
283活动剧情/Star n dew by me/第6話 魚と虹のワルツを.csv,33,4001018070240,真乃,うん……っ,283活动剧情,Star n dew by me,第6話 魚と虹のワルツを
283活动剧情/Star n dew by me/第6話 魚と虹のワルツを.csv,35,4001018070260,真乃,スタッフさんがどこかに……,283活动剧情,Star n dew by me,第6話 魚と虹のワルツを
283活动剧情/Star n dew by me/第6話 魚と虹のワルツを.csv,38,4001018070290,真乃,えっと……,283活动剧情,Star n dew by me,第6話 魚と虹のワルツを
283活动剧情/Star n dew by me/第6話 魚と虹のワルツを.csv,39,4001018070300,真乃,"『風紀委員の証』、『交渉チケット』……
全部、使っちゃったみたい……",283活动剧情,Star n dew by me,第6話 魚と虹のワルツを
283活动剧情/Star n dew by me/第6話 魚と虹のワルツを.csv,46,4001018070360,真乃,はぁ……はぁ……,283活动剧情,Star n dew by me,第6話 魚と虹のワルツを
283活动剧情/Star n dew by me/第6話 魚と虹のワルツを.csv,48,4001018070380,真乃,め、めぐるちゃん……,283活动剧情,Star n dew by me,第6話 魚と虹のワルツを
283活动剧情/Star n dew by me/第6話 魚と虹のワルツを.csv,49,4001018070390,真乃,"すぐに追いつくから、
先に行ってもらってもいいかな……っ",283活动剧情,Star n dew by me,第6話 魚と虹のワルツを
283活动剧情/Star n dew by me/第6話 魚と虹のワルツを.csv,51,4001018070410,真乃,"めぐるちゃんだったら、
きっと間に合うからっ……先に……っ",283活动剧情,Star n dew by me,第6話 魚と虹のワルツを
283活动剧情/Star n dew by me/第6話 魚と虹のワルツを.csv,53,4001018070421,真乃＆灯織,めぐるちゃん……っ,283活动剧情,Star n dew by me,第6話 魚と虹のワルツを
283活动剧情/Star n dew by me/第6話 魚と虹のワルツを.csv,56,4001018070450,真乃,ふぁ……はぁっ、はぁっ……,283活动剧情,Star n dew by me,第6話 魚と虹のワルツを
283活动剧情/Star n dew by me/第6話 魚と虹のワルツを.csv,58,4001018070470,真乃,うん……,283活动剧情,Star n dew by me,第6話 魚と虹のワルツを
283活动剧情/Star n dew by me/第6話 魚と虹のワルツを.csv,59,4001018070480,真乃,めぐるちゃん……速いね……,283活动剧情,Star n dew by me,第6話 魚と虹のワルツを
283活动剧情/World×Code/ビルの上で×悪の怪人×駆け落ち-敵対ロマンス（真乃）.csv,3,4901021530010,真乃,"……す、すみません……
あなたと一緒には行けなくなってしまいました……",283活动剧情,World×Code,ビルの上で×悪の怪人×駆け落ち-敵対ロマンス（真乃）
283活动剧情/World×Code/ビルの上で×悪の怪人×駆け落ち-敵対ロマンス（真乃）.csv,5,4901021530020,真乃,……私に追手がかけられました,283活动剧情,World×Code,ビルの上で×悪の怪人×駆け落ち-敵対ロマンス（真乃）
283活动剧情/World×Code/ビルの上で×悪の怪人×駆け落ち-敵対ロマンス（真乃）.csv,6,4901021530030,真乃,"あなたとの関係を知られてしまって……
こ、このままだともっと迷惑をかけちゃいます……",283活动剧情,World×Code,ビルの上で×悪の怪人×駆け落ち-敵対ロマンス（真乃）
283活动剧情/World×Code/ビルの上で×悪の怪人×駆け落ち-敵対ロマンス（真乃）.csv,8,4901021530040,真乃,"……ダメです
私と同じくらい飛べないと捕まっちゃいます",283活动剧情,World×Code,ビルの上で×悪の怪人×駆け落ち-敵対ロマンス（真乃）
283活动剧情/World×Code/ビルの上で×悪の怪人×駆け落ち-敵対ロマンス（真乃）.csv,9,4901021530050,真乃,……いっぱい悪いことをした私なのに,283活动剧情,World×Code,ビルの上で×悪の怪人×駆け落ち-敵対ロマンス（真乃）
283活动剧情/World×Code/ビルの上で×悪の怪人×駆け落ち-敵対ロマンス（真乃）.csv,10,4901021530060,真乃,"ここから連れ出してくれると約束してくれた時は
とってもうれしかったです……",283活动剧情,World×Code,ビルの上で×悪の怪人×駆け落ち-敵対ロマンス（真乃）
283活动剧情/World×Code/ビルの上で×悪の怪人×駆け落ち-敵対ロマンス（真乃）.csv,11,4901021530070,真乃,さようなら……っ,283活动剧情,World×Code,ビルの上で×悪の怪人×駆け落ち-敵対ロマンス（真乃）
283活动剧情/World×Code/岡っ引き×代官の悪事×事件を目撃-時代劇（真乃）.csv,4,4901021730010,真乃,"……
お、追いかけましょう……っ",283活动剧情,World×Code,岡っ引き×代官の悪事×事件を目撃-時代劇（真乃）
283活动剧情/World×Code/岡っ引き×代官の悪事×事件を目撃-時代劇（真乃）.csv,7,4901021730020,真乃,"……人目につかないよう、
もっと奥にあるんでしょうか……？",283活动剧情,World×Code,岡っ引き×代官の悪事×事件を目撃-時代劇（真乃）
283活动剧情/World×Code/岡っ引き×代官の悪事×事件を目撃-時代劇（真乃）.csv,9,4901021730030,真乃,きっと、もう少しです……,283活动剧情,World×Code,岡っ引き×代官の悪事×事件を目撃-時代劇（真乃）
283活动剧情/World×Code/岡っ引き×代官の悪事×事件を目撃-時代劇（真乃）.csv,11,4901021730040,真乃,……だ、大丈夫ですか……？,283活动剧情,World×Code,岡っ引き×代官の悪事×事件を目撃-時代劇（真乃）
283活动剧情/World×Code/岡っ引き×代官の悪事×事件を目撃-時代劇（真乃）.csv,13,4901021730050,真乃,"は、はい……っ
私は全然平気です……っ",283活动剧情,World×Code,岡っ引き×代官の悪事×事件を目撃-時代劇（真乃）
283活动剧情/World×Code/岡っ引き×代官の悪事×事件を目撃-時代劇（真乃）.csv,14,4901021730060,真乃,"悪代官さんたちに逃げられちゃったらダメですもんね……
頑張って追いかけます……っ",283活动剧情,World×Code,岡っ引き×代官の悪事×事件を目撃-時代劇（真乃）
283活动剧情/World×Code/岸壁で×殺人×犯人を当てる-探偵（真乃）.csv,4,4901021010010,真乃,"……ピーちゃんは、鳩さんみんなとお友達なので
なんでもお見通しです……っ",283活动剧情,World×Code,岸壁で×殺人×犯人を当てる-探偵（真乃）
283活动剧情/World×Code/岸壁で×殺人×犯人を当てる-探偵（真乃）.csv,7,4901021010020,真乃,"あのこは鳩さんのお友達のホトトギスさん……
ツツジの花と同じ字を持つ鳥さんです……っ",283活动剧情,World×Code,岸壁で×殺人×犯人を当てる-探偵（真乃）
283活动剧情/World×Code/岸壁で×殺人×犯人を当てる-探偵（真乃）.csv,10,4901021010030,真乃,"わ、アオバトさん……っ
なかなか出会えない鳥さんです……っ",283活动剧情,World×Code,岸壁で×殺人×犯人を当てる-探偵（真乃）
283活动剧情/World×Code/岸壁で×殺人×犯人を当てる-探偵（真乃）.csv,12,4901021010040,真乃,ほわ……飛んでっちゃいます……,283活动剧情,World×Code,岸壁で×殺人×犯人を当てる-探偵（真乃）
283活动剧情/World×Code/岸壁で×殺人×犯人を当てる-探偵（真乃）.csv,14,4901021010050,真乃,はい……っ,283活动剧情,World×Code,岸壁で×殺人×犯人を当てる-探偵（真乃）
283活动剧情/きよしこの夜、プレゼン・フォー・ユー！/13_15 PM.csv,19,4001019010180,真乃,すっすっ……,283活动剧情,きよしこの夜、プレゼン・フォー・ユー！,13_15 PM
283活动剧情/きよしこの夜、プレゼン・フォー・ユー！/13_15 PM.csv,20,4001019010190,真乃,はっはっ……,283活动剧情,きよしこの夜、プレゼン・フォー・ユー！,13_15 PM
283活动剧情/きよしこの夜、プレゼン・フォー・ユー！/13_15 PM.csv,37,4001019010360,真乃,ふぅ……ふぅ……,283活动剧情,きよしこの夜、プレゼン・フォー・ユー！,13_15 PM
283活动剧情/きよしこの夜、プレゼン・フォー・ユー！/13_15 PM.csv,41,4001019010400,真乃,"ぱたぱた……っ
ぱたぱた……っ",283活动剧情,きよしこの夜、プレゼン・フォー・ユー！,13_15 PM
283活动剧情/きよしこの夜、プレゼン・フォー・ユー！/13_15 PM.csv,48,4001019010470,真乃,"ふふっ。寒いのでピーちゃんはお休みですが、
３人で頑張ります……っ",283活动剧情,きよしこの夜、プレゼン・フォー・ユー！,13_15 PM
283活动剧情/きよしこの夜、プレゼン・フォー・ユー！/13_15 PM.csv,49,4001019010480,真乃,ゴールしようねっ,283活动剧情,きよしこの夜、プレゼン・フォー・ユー！,13_15 PM
283活动剧情/きよしこの夜、プレゼン・フォー・ユー！/13_15 PM.csv,50,4001019010481,真乃＆霧子＆甜花,チームピーちゃん……っ,283活动剧情,きよしこの夜、プレゼン・フォー・ユー！,13_15 PM
283活动剧情/きよしこの夜、プレゼン・フォー・ユー！/13_15 PM.csv,66,4001019010640,真乃,甜花ちゃん……っ,283活动剧情,きよしこの夜、プレゼン・フォー・ユー！,13_15 PM
283活动剧情/きよしこの夜、プレゼン・フォー・ユー！/13_15 PM.csv,67,4001019010650,真乃,"……ちょっと……
ちょっとだけストップ……しませんか……っ",283活动剧情,きよしこの夜、プレゼン・フォー・ユー！,13_15 PM
283活动剧情/きよしこの夜、プレゼン・フォー・ユー！/13_15 PM.csv,81,4001019010790,真乃,"──あ、あのね……
灯織ちゃんに習ったんだけど……",283活动剧情,きよしこの夜、プレゼン・フォー・ユー！,13_15 PM
283活动剧情/きよしこの夜、プレゼン・フォー・ユー！/13_15 PM.csv,82,4001019010800,真乃,"こうやって、ぐっ……て左手を上げて
体をこっちに反らすの……",283活动剧情,きよしこの夜、プレゼン・フォー・ユー！,13_15 PM
283活动剧情/きよしこの夜、プレゼン・フォー・ユー！/13_32 PM.csv,4,4001019020030,真乃,"う、うん……
でも、まだ苦しそう……",283活动剧情,きよしこの夜、プレゼン・フォー・ユー！,13_32 PM
283活动剧情/きよしこの夜、プレゼン・フォー・ユー！/13_32 PM.csv,24,4001019020230,真乃,"すっすっ……
はっはっ……",283活动剧情,きよしこの夜、プレゼン・フォー・ユー！,13_32 PM
283活动剧情/きよしこの夜、プレゼン・フォー・ユー！/13_32 PM.csv,26,4001019020250,真乃,"……甜花ちゃん……
一緒に走ってくれて……ありがとう……っ",283活动剧情,きよしこの夜、プレゼン・フォー・ユー！,13_32 PM
283活动剧情/きよしこの夜、プレゼン・フォー・ユー！/13_32 PM.csv,28,4001019020270,真乃,"あっ、ご、ごめんなさいっ、話しかけて……っ
お返事してもらわなくって、いいのっ",283活动剧情,きよしこの夜、プレゼン・フォー・ユー！,13_32 PM
283活动剧情/きよしこの夜、プレゼン・フォー・ユー！/13_32 PM.csv,36,4001019020350,真乃,"すっすっ……
はっはっ……",283活动剧情,きよしこの夜、プレゼン・フォー・ユー！,13_32 PM
283活动剧情/きよしこの夜、プレゼン・フォー・ユー！/13_32 PM.csv,38,4001019020370,真乃,"……
ほんとだね……っ",283活动剧情,きよしこの夜、プレゼン・フォー・ユー！,13_32 PM
283活动剧情/きよしこの夜、プレゼン・フォー・ユー！/13_32 PM.csv,39,4001019020380,真乃,"ふふふっ……空が……
『すっ』と『はっ』で……いっぱい……っ",283活动剧情,きよしこの夜、プレゼン・フォー・ユー！,13_32 PM
283活动剧情/きよしこの夜、プレゼン・フォー・ユー！/13_32 PM.csv,44,4001019020430,真乃,ふふっ……,283活动剧情,きよしこの夜、プレゼン・フォー・ユー！,13_32 PM
283活动剧情/きよしこの夜、プレゼン・フォー・ユー！/15_06 PM.csv,60,4001019050540,真乃,"うんっ
タイムも、いいみたい……っ",283活动剧情,きよしこの夜、プレゼン・フォー・ユー！,15_06 PM
283活动剧情/きよしこの夜、プレゼン・フォー・ユー！/15_06 PM.csv,61,4001019050550,真乃,"それでは、とっても頑張ってる、
チーム青春ジャージさんたちの紹介VTRをご覧くださいっ",283活动剧情,きよしこの夜、プレゼン・フォー・ユー！,15_06 PM
283活动剧情/きよしこの夜、プレゼン・フォー・ユー！/15_06 PM.csv,62,4001019050560,真乃,"──お疲れさまです……っ
画面、切り替わったよっ",283活动剧情,きよしこの夜、プレゼン・フォー・ユー！,15_06 PM
283活动剧情/きよしこの夜、プレゼン・フォー・ユー！/15_06 PM.csv,67,4001019050610,真乃,き、緊張するね……っ,283活动剧情,きよしこの夜、プレゼン・フォー・ユー！,15_06 PM
283活动剧情/きよしこの夜、プレゼン・フォー・ユー！/15_06 PM.csv,72,4001019050660,真乃,霧子ちゃん……,283活动剧情,きよしこの夜、プレゼン・フォー・ユー！,15_06 PM
283活动剧情/きよしこの夜、プレゼン・フォー・ユー！/15_06 PM.csv,73,4001019050670,真乃,"うんっ
とっても、不思議なお話だけど──",283活动剧情,きよしこの夜、プレゼン・フォー・ユー！,15_06 PM
283活动剧情/きよしこの夜、プレゼン・フォー・ユー！/15_06 PM.csv,74,4001019050680,真乃,今日は、みんなが楽しい日だといいな……っ,283活动剧情,きよしこの夜、プレゼン・フォー・ユー！,15_06 PM
283活动剧情/きよしこの夜、プレゼン・フォー・ユー！/15_06 PM.csv,75,4001019050690,真乃,"プレゼントを落とした人も……
サンタさんも……",283活动剧情,きよしこの夜、プレゼン・フォー・ユー！,15_06 PM
283活动剧情/きよしこの夜、プレゼン・フォー・ユー！/15_06 PM.csv,76,4001019050700,真乃,みんなも……っ,283活动剧情,きよしこの夜、プレゼン・フォー・ユー！,15_06 PM
283活动剧情/きよしこの夜、プレゼン・フォー・ユー！/15_06 PM.csv,79,4001019050730,真乃,"それじゃあ、実況が終わったら、
『サンタさんが来る場所その３』に行きましょうっ",283活动剧情,きよしこの夜、プレゼン・フォー・ユー！,15_06 PM
283活动剧情/きよしこの夜、プレゼン・フォー・ユー！/15_06 PM.csv,80,4001019050740,真乃,VTR開けるまで、10秒──,283活动剧情,きよしこの夜、プレゼン・フォー・ユー！,15_06 PM
283活动剧情/きよしこの夜、プレゼン・フォー・ユー！/16_57 PM.csv,82,4001019060740,真乃,"『サンタさん……
プレゼントは……あっち……』……っ",283活动剧情,きよしこの夜、プレゼン・フォー・ユー！,16_57 PM
283活动剧情/きよしこの夜、プレゼン・フォー・ユー！/16_57 PM.csv,84,4001019060760,真乃,"ふふ……っ
６時……間に合いそう……っ",283活动剧情,きよしこの夜、プレゼン・フォー・ユー！,16_57 PM
283活动剧情/きよしこの夜、プレゼン・フォー・ユー！/16_57 PM.csv,109,4001019060880,真乃,はぁっ……はぁっ……,283活动剧情,きよしこの夜、プレゼン・フォー・ユー！,16_57 PM
283活动剧情/きよしこの夜、プレゼン・フォー・ユー！/16_57 PM.csv,130,4001019061020,真乃,"だっ……誰か……
いるみたいです……っ",283活动剧情,きよしこの夜、プレゼン・フォー・ユー！,16_57 PM
283活动剧情/きよしこの夜、プレゼン・フォー・ユー！/17_46 PM.csv,56,4001019070480,真乃,"──普通の参拝の人だったみたい……
サンタさん……いないのかも……",283活动剧情,きよしこの夜、プレゼン・フォー・ユー！,17_46 PM
283活动剧情/きよしこの夜、プレゼン・フォー・ユー！/added time アマクナイヨル.csv,13,4001019080100,真乃,"サンタさんいませんの報告、完了ですっ
──会えたらよかったね……っ",283活动剧情,きよしこの夜、プレゼン・フォー・ユー！,added time アマクナイヨル
283活动剧情/きよしこの夜、プレゼン・フォー・ユー！/added time アマクナイヨル.csv,48,4001019080450,真乃,…………,283活动剧情,きよしこの夜、プレゼン・フォー・ユー！,added time アマクナイヨル
283活动剧情/きよしこの夜、プレゼン・フォー・ユー！/added time アマクナイヨル.csv,49,4001019080460,真乃,"…………
プロデューサーさん……",283活动剧情,きよしこの夜、プレゼン・フォー・ユー！,added time アマクナイヨル
283活动剧情/きよしこの夜、プレゼン・フォー・ユー！/added time アマクナイヨル.csv,50,4001019080470,真乃,そろそろ……手荷物検査場に……,283活动剧情,きよしこの夜、プレゼン・フォー・ユー！,added time アマクナイヨル
283活动剧情/きよしこの夜、プレゼン・フォー・ユー！/added time アマクナイヨル.csv,56,4001019080490,真乃,プロデューサーさん……っ,283活动剧情,きよしこの夜、プレゼン・フォー・ユー！,added time アマクナイヨル
283活动剧情/きよしこの夜、プレゼン・フォー・ユー！/added time アマクナイヨル.csv,59,4001019080510,真乃,な、ナシ……です……っ,283活动剧情,きよしこの夜、プレゼン・フォー・ユー！,added time アマクナイヨル
283活动剧情/きよしこの夜、プレゼン・フォー・ユー！/added time アマクナイヨル.csv,62,4001019080530,真乃,は、はい……っ,283活动剧情,きよしこの夜、プレゼン・フォー・ユー！,added time アマクナイヨル
283活动剧情/きよしこの夜、プレゼン・フォー・ユー！/added time アマクナイヨル.csv,63,4001019080540,真乃,"すっごく……
すっごくそうしてくれたらうれしいって思います……っ",283活动剧情,きよしこの夜、プレゼン・フォー・ユー！,added time アマクナイヨル
283活动剧情/きよしこの夜、プレゼン・フォー・ユー！/added time アマクナイヨル.csv,64,4001019080550,真乃,でも……っ,283活动剧情,きよしこの夜、プレゼン・フォー・ユー！,added time アマクナイヨル
283活动剧情/きよしこの夜、プレゼン・フォー・ユー！/added time アマクナイヨル.csv,66,4001019080570,真乃,"そうしたら、みんなで頑張ったこと……
頑張らなくてよかったって……",283活动剧情,きよしこの夜、プレゼン・フォー・ユー！,added time アマクナイヨル
283活动剧情/きよしこの夜、プレゼン・フォー・ユー！/added time アマクナイヨル.csv,67,4001019080580,真乃,なっちゃうから…………っ,283活动剧情,きよしこの夜、プレゼン・フォー・ユー！,added time アマクナイヨル
283活动剧情/きよしこの夜、プレゼン・フォー・ユー！/added time アマクナイヨル.csv,71,4001019080600,真乃,は、はい……っ,283活动剧情,きよしこの夜、プレゼン・フォー・ユー！,added time アマクナイヨル
283活动剧情/くもりガラスの銀曜日/序章-雨粒のインク.csv,23,4001025010140,真乃,"……あのね、駅前に新しいお店があったの
灯織ちゃんと一緒に食べたいねって話して、それで……",283活动剧情,くもりガラスの銀曜日,序章-雨粒のインク
283活动剧情/くもりガラスの銀曜日/序章-雨粒のインク.csv,31,4001025010210,真乃,"あの……
灯織ちゃんもたい焼きが嫌いじゃなかったら……",283活动剧情,くもりガラスの銀曜日,序章-雨粒のインク
283活动剧情/くもりガラスの銀曜日/第1话-食パンとベーコン.csv,4,4001025020030,真乃,灯織ちゃん、おはよう……っ,283活动剧情,くもりガラスの銀曜日,第1话-食パンとベーコン
283活动剧情/くもりガラスの銀曜日/第1话-食パンとベーコン.csv,6,4001025020050,真乃,"遅れないようにって思って……
ちょっと早く来ちゃったんだ",283活动剧情,くもりガラスの銀曜日,第1话-食パンとベーコン
283活动剧情/くもりガラスの銀曜日/第1话-食パンとベーコン.csv,8,4001025020070,真乃,うん、待ち合わせの時間まで、まだあるから……,283活动剧情,くもりガラスの銀曜日,第1话-食パンとベーコン
283活动剧情/くもりガラスの銀曜日/第1话-食パンとベーコン.csv,10,4001025020081,真乃＆灯織,…………,283活动剧情,くもりガラスの銀曜日,第1话-食パンとベーコン
283活动剧情/くもりガラスの銀曜日/第1话-食パンとベーコン.csv,12,4001025020100,真乃,"う、ううん
あんまり……灯織ちゃんは？",283活动剧情,くもりガラスの銀曜日,第1话-食パンとベーコン
283活动剧情/くもりガラスの銀曜日/第1话-食パンとベーコン.csv,14,4001025020120,真乃,お、遅れないように頑張るね……っ,283活动剧情,くもりガラスの銀曜日,第1话-食パンとベーコン
283活动剧情/くもりガラスの銀曜日/第1话-食パンとベーコン.csv,16,4001025020140,真乃,うん……,283活动剧情,くもりガラスの銀曜日,第1话-食パンとベーコン
283活动剧情/くもりガラスの銀曜日/第1话-食パンとベーコン.csv,19,4001025020170,真乃,"……うん
ありがとう……っ",283活动剧情,くもりガラスの銀曜日,第1话-食パンとベーコン
283活动剧情/くもりガラスの銀曜日/第1话-食パンとベーコン.csv,20,0000000000000,真乃＆灯織,……,283活动剧情,くもりガラスの銀曜日,第1话-食パンとベーコン
283活动剧情/くもりガラスの銀曜日/第1话-食パンとベーコン.csv,21,0000000000000,真乃＆灯織,…………,283活动剧情,くもりガラスの銀曜日,第1话-食パンとベーコン
283活动剧情/くもりガラスの銀曜日/第1话-食パンとベーコン.csv,22,4001025020180,真乃,……朝ごはん、食べた？,283活动剧情,くもりガラスの銀曜日,第1话-食パンとベーコン
283活动剧情/くもりガラスの銀曜日/第1话-食パンとベーコン.csv,24,4001025020200,真乃,お腹、減っちゃうもんね,283活动剧情,くもりガラスの銀曜日,第1话-食パンとベーコン
283活动剧情/くもりガラスの銀曜日/第1话-食パンとベーコン.csv,26,4001025020220,真乃,ほわっ……低血糖……,283活动剧情,くもりガラスの銀曜日,第1话-食パンとベーコン
283活动剧情/くもりガラスの銀曜日/第1话-食パンとベーコン.csv,28,4001025020240,真乃,"食べてきたよ
食パンと、ベーコン",283活动剧情,くもりガラスの銀曜日,第1话-食パンとベーコン
283活动剧情/くもりガラスの銀曜日/第1话-食パンとベーコン.csv,32,4001025020280,真乃,"ほわぁ、和のごはん……
おいしそう……",283活动剧情,くもりガラスの銀曜日,第1话-食パンとベーコン
283活动剧情/くもりガラスの銀曜日/第1话-食パンとベーコン.csv,33,0000000000000,真乃＆灯織,…………,283活动剧情,くもりガラスの銀曜日,第1话-食パンとベーコン
283活动剧情/くもりガラスの銀曜日/第1话-食パンとベーコン.csv,34,4001025020290,真乃,あ、ホトトギスさんだ……,283活动剧情,くもりガラスの銀曜日,第1话-食パンとベーコン
283活动剧情/くもりガラスの銀曜日/第1话-食パンとベーコン.csv,36,4001025020310,真乃,"あ……えっとね、この声、その……
キョキョキョキョっ……っていうの",283活动剧情,くもりガラスの銀曜日,第1话-食パンとベーコン
283活动剧情/くもりガラスの銀曜日/第1话-食パンとベーコン.csv,37,4001025020320,真乃,ホトトギスさんの声,283活动剧情,くもりガラスの銀曜日,第1话-食パンとベーコン
283活动剧情/くもりガラスの銀曜日/第1话-食パンとベーコン.csv,39,4001025020340,真乃,キョキョキョッ……,283活动剧情,くもりガラスの銀曜日,第1话-食パンとベーコン
283活动剧情/くもりガラスの銀曜日/第1话-食パンとベーコン.csv,41,4001025020360,真乃,"う、うんっ
鳥さんとお話するのとか好きで……",283活动剧情,くもりガラスの銀曜日,第1话-食パンとベーコン
283活动剧情/くもりガラスの銀曜日/第1话-食パンとベーコン.csv,43,4001025020380,真乃,家にも、ピーちゃんって鳩がいるんだよ……っ,283活动剧情,くもりガラスの銀曜日,第1话-食パンとベーコン
283活动剧情/くもりガラスの銀曜日/第1话-食パンとベーコン.csv,45,4001025020400,真乃,"うんっ、ギンバトって種類の子で……
今度、灯織ちゃんにも挨拶したいな",283活动剧情,くもりガラスの銀曜日,第1话-食パンとベーコン
283活动剧情/くもりガラスの銀曜日/第1话-食パンとベーコン.csv,46,4001025020410,真乃,……えっと、灯織ちゃんが嫌じゃなければ、だけど……,283活动剧情,くもりガラスの銀曜日,第1话-食パンとベーコン
283活动剧情/くもりガラスの銀曜日/第1话-食パンとベーコン.csv,48,4001025020430,真乃,よかった……,283活动剧情,くもりガラスの銀曜日,第1话-食パンとベーコン
283活动剧情/くもりガラスの銀曜日/第1话-食パンとベーコン.csv,52,4001025020470,真乃,ほわ……？,283活动剧情,くもりガラスの銀曜日,第1话-食パンとベーコン
283活动剧情/くもりガラスの銀曜日/第1话-食パンとベーコン.csv,54,4001025020490,真乃,う、うん……？,283活动剧情,くもりガラスの銀曜日,第1话-食パンとベーコン
283活动剧情/くもりガラスの銀曜日/第1话-食パンとベーコン.csv,60,4001025020550,真乃,"……う、うんっ
灯織ちゃん………うん……っ",283活动剧情,くもりガラスの銀曜日,第1话-食パンとベーコン
283活动剧情/くもりガラスの銀曜日/第1话-食パンとベーコン.csv,61,4001025020560,真乃,私もたくさん教えてもらえたらうれしいな……っ,283活动剧情,くもりガラスの銀曜日,第1话-食パンとベーコン
283活动剧情/くもりガラスの銀曜日/第1话-食パンとベーコン.csv,62,4001025020561,真乃＆灯織,…………,283活动剧情,くもりガラスの銀曜日,第1话-食パンとベーコン
283活动剧情/くもりガラスの銀曜日/第1话-食パンとベーコン.csv,64,4001025020580,真乃,"あっ……そうだね
時間は……",283活动剧情,くもりガラスの銀曜日,第1话-食パンとベーコン
283活动剧情/くもりガラスの銀曜日/第1话-食パンとベーコン.csv,67,4001025020610,真乃,おはよう、めぐるちゃんっ,283活动剧情,くもりガラスの銀曜日,第1话-食パンとベーコン
283活动剧情/くもりガラスの銀曜日/第1话-食パンとベーコン.csv,73,4001025020670,真乃,"うんっ、よろしくね
灯織ちゃん、めぐるちゃんっ",283活动剧情,くもりガラスの銀曜日,第1话-食パンとベーコン
283活动剧情/くもりガラスの銀曜日/第1话-食パンとベーコン.csv,77,4001025020700,真乃,"全然平気ですっ
こちらこそ急かしてしまって……",283活动剧情,くもりガラスの銀曜日,第1话-食パンとベーコン
283活动剧情/くもりガラスの銀曜日/第1话-食パンとベーコン.csv,80,4001025020720,真乃,プロデューサーさんもお仕事頑張ってくださいっ,283活动剧情,くもりガラスの銀曜日,第1话-食パンとベーコン
283活动剧情/くもりガラスの銀曜日/第2话-素敵色のハニィ.csv,7,4001025030060,真乃,"ふふっ……
私もどちらでも……",283活动剧情,くもりガラスの銀曜日,第2话-素敵色のハニィ
283活动剧情/くもりガラスの銀曜日/第2话-素敵色のハニィ.csv,8,4001025030070,真乃,あ……水曜は臨時ホームルームがあるんだっけ……,283活动剧情,くもりガラスの銀曜日,第2话-素敵色のハニィ
283活动剧情/くもりガラスの銀曜日/第2话-素敵色のハニィ.csv,9,4001025030080,真乃,"ありがとう、めぐるちゃん
水曜日は学校の用事があるので──",283活动剧情,くもりガラスの銀曜日,第2话-素敵色のハニィ
283活动剧情/くもりガラスの銀曜日/第2话-素敵色のハニィ.csv,10,4001025030090,真乃,金曜日、遊びにいけたらいいなっ,283活动剧情,くもりガラスの銀曜日,第2话-素敵色のハニィ
283活动剧情/くもりガラスの銀曜日/第2话-素敵色のハニィ.csv,11,4001025030100,真乃,ふふっ……,283活动剧情,くもりガラスの銀曜日,第2话-素敵色のハニィ
283活动剧情/くもりガラスの銀曜日/第2话-素敵色のハニィ.csv,12,4001025030110,真乃,…………,283活动剧情,くもりガラスの銀曜日,第2话-素敵色のハニィ
283活动剧情/くもりガラスの銀曜日/第2话-素敵色のハニィ.csv,13,4001025030120,真乃,"──イルミネーションスターズの……
…………櫻木真乃、です……",283活动剧情,くもりガラスの銀曜日,第2话-素敵色のハニィ
283活动剧情/くもりガラスの銀曜日/第2话-素敵色のハニィ.csv,14,4001025030130,真乃,…………,283活动剧情,くもりガラスの銀曜日,第2话-素敵色のハニィ
283活动剧情/くもりガラスの銀曜日/第2话-素敵色のハニィ.csv,15,4001025030140,真乃,あ……,283活动剧情,くもりガラスの銀曜日,第2话-素敵色のハニィ
283活动剧情/くもりガラスの銀曜日/第2话-素敵色のハニィ.csv,16,4001025030150,真乃,なんだろう。あの広場、飾りがいっぱい……,283活动剧情,くもりガラスの銀曜日,第2话-素敵色のハニィ
283活动剧情/くもりガラスの銀曜日/第2话-素敵色のハニィ.csv,17,4001025030160,真乃,イルミネーション……,283活动剧情,くもりガラスの銀曜日,第2话-素敵色のハニィ
283活动剧情/くもりガラスの銀曜日/第2话-素敵色のハニィ.csv,18,4001025030170,真乃,（星のマークのハンカチ……）,283活动剧情,くもりガラスの銀曜日,第2话-素敵色のハニィ
283活动剧情/くもりガラスの銀曜日/第2话-素敵色のハニィ.csv,19,4001025030180,真乃,（星の模様のボールペン……）,283活动剧情,くもりガラスの銀曜日,第2话-素敵色のハニィ
283活动剧情/くもりガラスの銀曜日/第2话-素敵色のハニィ.csv,20,4001025030190,真乃,ん……,283活动剧情,くもりガラスの銀曜日,第2话-素敵色のハニィ
283活动剧情/くもりガラスの銀曜日/第2话-素敵色のハニィ.csv,21,4001025030200,真乃,……ん……っ,283活动剧情,くもりガラスの銀曜日,第2话-素敵色のハニィ
283活动剧情/くもりガラスの銀曜日/第2话-素敵色のハニィ.csv,24,4001025030210,真乃,はい……っ,283活动剧情,くもりガラスの銀曜日,第2话-素敵色のハニィ
283活动剧情/くもりガラスの銀曜日/第2话-素敵色のハニィ.csv,25,4001025030220,真乃,（『星屑の羊羹』『星型のキャンディ』……）,283活动剧情,くもりガラスの銀曜日,第2话-素敵色のハニィ
283活动剧情/くもりガラスの銀曜日/第2话-素敵色のハニィ.csv,26,4001025030230,真乃,（『星のクッション』『星のペンダントライト』……）,283活动剧情,くもりガラスの銀曜日,第2话-素敵色のハニィ
283活动剧情/くもりガラスの銀曜日/第2话-素敵色のハニィ.csv,27,4001025030240,真乃,（『スターチスのお花』『キラキラのビーズ』『金平糖』）,283活动剧情,くもりガラスの銀曜日,第2话-素敵色のハニィ
283活动剧情/くもりガラスの銀曜日/第2话-素敵色のハニィ.csv,28,4001025030250,真乃,（『銀色』──……）,283活动剧情,くもりガラスの銀曜日,第2话-素敵色のハニィ
283活动剧情/くもりガラスの銀曜日/第2话-素敵色のハニィ.csv,29,4001025030260,真乃,…………,283活动剧情,くもりガラスの銀曜日,第2话-素敵色のハニィ
283活动剧情/くもりガラスの銀曜日/第2话-素敵色のハニィ.csv,30,4001025030270,真乃,（今日はこのまま曇りなのかな……）,283活动剧情,くもりガラスの銀曜日,第2话-素敵色のハニィ
283活动剧情/くもりガラスの銀曜日/第2话-素敵色のハニィ.csv,31,4001025030280,真乃,あ……,283活动剧情,くもりガラスの銀曜日,第2话-素敵色のハニィ
283活动剧情/くもりガラスの銀曜日/第2话-素敵色のハニィ.csv,32,4001025030290,真乃,マンホールにも星の模様……,283活动剧情,くもりガラスの銀曜日,第2话-素敵色のハニィ
283活动剧情/くもりガラスの銀曜日/第2话-素敵色のハニィ.csv,34,4001025030310,真乃,ほわ……っ,283活动剧情,くもりガラスの銀曜日,第2话-素敵色のハニィ
283活动剧情/くもりガラスの銀曜日/第2话-素敵色のハニィ.csv,36,4001025030330,真乃,──『銀曜日』？,283活动剧情,くもりガラスの銀曜日,第2话-素敵色のハニィ
283活动剧情/くもりガラスの銀曜日/第2话-素敵色のハニィ.csv,38,4001025030350,真乃,『銀曜日、遊びにいけたらいいな』,283活动剧情,くもりガラスの銀曜日,第2话-素敵色のハニィ
283活动剧情/くもりガラスの銀曜日/第2话-素敵色のハニィ.csv,39,4001025030360,真乃,"ご、ごめんねっ。打ち間違っちゃったみたい
ふたりからの返信にも気付かなくて……本当は──",283活动剧情,くもりガラスの銀曜日,第2话-素敵色のハニィ
283活动剧情/くもりガラスの銀曜日/第2话-素敵色のハニィ.csv,44,4001025030410,真乃,素敵な……,283活动剧情,くもりガラスの銀曜日,第2话-素敵色のハニィ
283活动剧情/くもりガラスの銀曜日/第2话-素敵色のハニィ.csv,47,4001025030440,真乃,今日を『銀曜日』に……,283活动剧情,くもりガラスの銀曜日,第2话-素敵色のハニィ
283活动剧情/くもりガラスの銀曜日/第2话-素敵色のハニィ.csv,48,4001025030450,真乃,うん……っ,283活动剧情,くもりガラスの銀曜日,第2话-素敵色のハニィ
283活动剧情/くもりガラスの銀曜日/第2话-素敵色のハニィ.csv,51,4001025030480,真乃,（……このお店）,283活动剧情,くもりガラスの銀曜日,第2话-素敵色のハニィ
283活动剧情/くもりガラスの銀曜日/第2话-素敵色のハニィ.csv,52,4001025030490,真乃,（……星の飾りでいっぱい……）,283活动剧情,くもりガラスの銀曜日,第2话-素敵色のハニィ
283活动剧情/くもりガラスの銀曜日/第2话-素敵色のハニィ.csv,55,4001025030520,真乃,"めぐるちゃんの気持ち、うれしかったよ
また灯織ちゃんも揃う時にもう一度ね",283活动剧情,くもりガラスの銀曜日,第2话-素敵色のハニィ
283活动剧情/くもりガラスの銀曜日/第2话-素敵色のハニィ.csv,57,4001025030531,真乃＆めぐる,ふふっ……,283活动剧情,くもりガラスの銀曜日,第2话-素敵色のハニィ
283活动剧情/くもりガラスの銀曜日/第2话-素敵色のハニィ.csv,58,4001025030540,真乃,"ね、電話でめぐるちゃんが話してた、
この『ドーダン』ってお店ね",283活动剧情,くもりガラスの銀曜日,第2话-素敵色のハニィ
283活动剧情/くもりガラスの銀曜日/第2话-素敵色のハニィ.csv,59,4001025030550,真乃,"看板のところ、よく見ると
星の飾りがいっぱいだよ……ほら──",283活动剧情,くもりガラスの銀曜日,第2话-素敵色のハニィ
283活动剧情/くもりガラスの銀曜日/第2话-素敵色のハニィ.csv,62,4001025030580,真乃,ほわぁっ……,283活动剧情,くもりガラスの銀曜日,第2话-素敵色のハニィ
283活动剧情/くもりガラスの銀曜日/第2话-素敵色のハニィ.csv,65,4001025030610,真乃,"そうなんだ……っ
その時間に行ったことないかも",283活动剧情,くもりガラスの銀曜日,第2话-素敵色のハニィ
283活动剧情/くもりガラスの銀曜日/第3话-ひんやりと星の匙.csv,2,4001025040001,真乃＆灯織,…………,283活动剧情,くもりガラスの銀曜日,第3话-ひんやりと星の匙
283活动剧情/くもりガラスの銀曜日/第3话-ひんやりと星の匙.csv,9,4001025040070,真乃,ほわぁ……,283活动剧情,くもりガラスの銀曜日,第3话-ひんやりと星の匙
283活动剧情/くもりガラスの銀曜日/第3话-ひんやりと星の匙.csv,11,4001025040090,真乃,う、うんっ……,283活动剧情,くもりガラスの銀曜日,第3话-ひんやりと星の匙
283活动剧情/くもりガラスの銀曜日/第3话-ひんやりと星の匙.csv,12,4001025040091,真乃＆灯織,……,283活动剧情,くもりガラスの銀曜日,第3话-ひんやりと星の匙
283活动剧情/くもりガラスの銀曜日/第3话-ひんやりと星の匙.csv,14,4001025040110,真乃,"そうみたいだね。小さいお店みたいだから……
奥に席がありそうな感じでもないし……",283活动剧情,くもりガラスの銀曜日,第3话-ひんやりと星の匙
283活动剧情/くもりガラスの銀曜日/第3话-ひんやりと星の匙.csv,15,4001025040111,真乃＆灯織,……！,283活动剧情,くもりガラスの銀曜日,第3话-ひんやりと星の匙
283活动剧情/くもりガラスの銀曜日/第3话-ひんやりと星の匙.csv,18,4001025040130,真乃,あ、ありがとう……っ,283活动剧情,くもりガラスの銀曜日,第3话-ひんやりと星の匙
283活动剧情/くもりガラスの銀曜日/第3话-ひんやりと星の匙.csv,25,4001025040200,真乃,……わ、私の方こそ……ごめんなさい,283活动剧情,くもりガラスの銀曜日,第3话-ひんやりと星の匙
283活动剧情/くもりガラスの銀曜日/第3话-ひんやりと星の匙.csv,26,4001025040210,真乃,あの……,283活动剧情,くもりガラスの銀曜日,第3话-ひんやりと星の匙
283活动剧情/くもりガラスの銀曜日/第3话-ひんやりと星の匙.csv,27,4001025040220,真乃,"ここ、看板にお星さまがたくさんだなって…………でも
もっとお店のこと調べてくればよかったなって……その……",283活动剧情,くもりガラスの銀曜日,第3话-ひんやりと星の匙
283活动剧情/くもりガラスの銀曜日/第3话-ひんやりと星の匙.csv,36,4001025040300,真乃,おすすめ……私もそれにしようかな,283活动剧情,くもりガラスの銀曜日,第3话-ひんやりと星の匙
283活动剧情/くもりガラスの銀曜日/第3话-ひんやりと星の匙.csv,45,4001025040390,真乃,ほ、ほわぁ……,283活动剧情,くもりガラスの銀曜日,第3话-ひんやりと星の匙
283活动剧情/くもりガラスの銀曜日/第3话-ひんやりと星の匙.csv,47,4001025040410,真乃,うんっ、よかった……,283活动剧情,くもりガラスの銀曜日,第3话-ひんやりと星の匙
283活动剧情/くもりガラスの銀曜日/第3话-ひんやりと星の匙.csv,50,4001025040440,真乃,とっても……美味しい,283活动剧情,くもりガラスの銀曜日,第3话-ひんやりと星の匙
283活动剧情/くもりガラスの銀曜日/第3话-ひんやりと星の匙.csv,59,4001025040530,真乃,ほわ……っ,283活动剧情,くもりガラスの銀曜日,第3话-ひんやりと星の匙
283活动剧情/くもりガラスの銀曜日/第3话-ひんやりと星の匙.csv,60,4001025040540,真乃,"は、はいっ。頑張りますっ
えっと……ではまず、この寒天をいただきます……っ",283活动剧情,くもりガラスの銀曜日,第3话-ひんやりと星の匙
283活动剧情/くもりガラスの銀曜日/第3话-ひんやりと星の匙.csv,61,4001025040550,真乃,黒蜜とあんこと、一緒に……んっ……,283活动剧情,くもりガラスの銀曜日,第3话-ひんやりと星の匙
283活动剧情/くもりガラスの銀曜日/第3话-ひんやりと星の匙.csv,62,4001025040560,真乃,…………,283活动剧情,くもりガラスの銀曜日,第3话-ひんやりと星の匙
283活动剧情/くもりガラスの銀曜日/第3话-ひんやりと星の匙.csv,64,4001025040570,真乃,ほわぁ…………,283活动剧情,くもりガラスの銀曜日,第3话-ひんやりと星の匙
283活动剧情/くもりガラスの銀曜日/第3话-ひんやりと星の匙.csv,65,4001025040580,真乃,ぷるぷるで、とっても美味しいです,283活动剧情,くもりガラスの銀曜日,第3话-ひんやりと星の匙
283活动剧情/くもりガラスの銀曜日/第3话-ひんやりと星の匙.csv,68,4001025040610,真乃,"えっ、あ……
グルメ番組ならもっと喋らないと……",283活动剧情,くもりガラスの銀曜日,第3话-ひんやりと星の匙
283活动剧情/くもりガラスの銀曜日/第3话-ひんやりと星の匙.csv,82,4001025040730,真乃,外、見えないね……くもりガラスだから……,283活动剧情,くもりガラスの銀曜日,第3话-ひんやりと星の匙
283活动剧情/くもりガラスの銀曜日/第3话-ひんやりと星の匙.csv,85,4001025040760,真乃,……この窓の向こう……綺麗な色だね,283活动剧情,くもりガラスの銀曜日,第3话-ひんやりと星の匙
283活动剧情/くもりガラスの銀曜日/第3话-ひんやりと星の匙.csv,94,4001025040840,真乃,……うん,283活动剧情,くもりガラスの銀曜日,第3话-ひんやりと星の匙
283活动剧情/くもりガラスの銀曜日/第3话-ひんやりと星の匙.csv,97,4001025040870,真乃,ほわぁっ……,283活动剧情,くもりガラスの銀曜日,第3话-ひんやりと星の匙
283活动剧情/くもりガラスの銀曜日/第4话-三角形をひとかじり.csv,2,4001025050010,真乃,ふふ、おはよう,283活动剧情,くもりガラスの銀曜日,第4话-三角形をひとかじり
283活动剧情/くもりガラスの銀曜日/第4话-三角形をひとかじり.csv,3,4001025050020,真乃,"……昨日はごめんね
あのね、もう大丈夫だよ",283活动剧情,くもりガラスの銀曜日,第4话-三角形をひとかじり
283活动剧情/くもりガラスの銀曜日/第4话-三角形をひとかじり.csv,4,4001025050030,真乃,"あの後、お布団に入ってから、
前にめぐるちゃんにもらった言葉を思い出してたの",283活动剧情,くもりガラスの銀曜日,第4话-三角形をひとかじり
283活动剧情/くもりガラスの銀曜日/第4话-三角形をひとかじり.csv,5,4001025050040,真乃,『わたしたちの真乃』って、言葉──……,283活动剧情,くもりガラスの銀曜日,第4话-三角形をひとかじり
283活动剧情/くもりガラスの銀曜日/第4话-三角形をひとかじり.csv,6,4001025050050,真乃,"そうしたら、心がぽかぽかして、
あっという間に朝になってて……",283活动剧情,くもりガラスの銀曜日,第4话-三角形をひとかじり
283活动剧情/くもりガラスの銀曜日/第4话-三角形をひとかじり.csv,7,4001025050060,真乃,"……
私、ふたりと一緒にいられることがうれしいんだ",283活动剧情,くもりガラスの銀曜日,第4话-三角形をひとかじり
283活动剧情/くもりガラスの銀曜日/第4话-三角形をひとかじり.csv,8,4001025050070,真乃,とっても、とっても……,283活动剧情,くもりガラスの銀曜日,第4话-三角形をひとかじり
283活动剧情/くもりガラスの銀曜日/第4话-三角形をひとかじり.csv,9,4001025050080,真乃,"いつか、ふたりにも
そう思ってもらえたら、いいな……っ",283活动剧情,くもりガラスの銀曜日,第4话-三角形をひとかじり
283活动剧情/くもりガラスの銀曜日/第4话-三角形をひとかじり.csv,10,4001025050090,真乃,ふふっ……,283活动剧情,くもりガラスの銀曜日,第4话-三角形をひとかじり
283活动剧情/くもりガラスの銀曜日/第4话-三角形をひとかじり.csv,11,4001025050100,真乃,今日も頑張るから、もう心配しないでね,283活动剧情,くもりガラスの銀曜日,第4话-三角形をひとかじり
283活动剧情/くもりガラスの銀曜日/第4话-三角形をひとかじり.csv,12,4001025050110,真乃,──いってきます、ピーちゃんっ,283活动剧情,くもりガラスの銀曜日,第4话-三角形をひとかじり
283活动剧情/くもりガラスの銀曜日/第4话-三角形をひとかじり.csv,13,4001025050120,真乃,"おはようございますっ
櫻木真乃です。今日はよろしくお願いしますっ",283活动剧情,くもりガラスの銀曜日,第4话-三角形をひとかじり
283活动剧情/くもりガラスの銀曜日/第4话-三角形をひとかじり.csv,15,4001025050140,真乃,灯織ちゃん……っ、おはよ──……,283活动剧情,くもりガラスの銀曜日,第4话-三角形をひとかじり
283活动剧情/くもりガラスの銀曜日/第4话-三角形をひとかじり.csv,17,4001025050160,真乃,ほわ……？　どうしたの？,283活动剧情,くもりガラスの銀曜日,第4话-三角形をひとかじり
283活动剧情/くもりガラスの銀曜日/第4话-三角形をひとかじり.csv,19,4001025050180,真乃,"えっ……
だ、大丈夫っ……？",283活动剧情,くもりガラスの銀曜日,第4话-三角形をひとかじり
283活动剧情/くもりガラスの銀曜日/第4话-三角形をひとかじり.csv,21,4001025050190,真乃,プロデューサーさん……っ,283活动剧情,くもりガラスの銀曜日,第4话-三角形をひとかじり
283活动剧情/くもりガラスの銀曜日/第4话-三角形をひとかじり.csv,22,4001025050200,真乃,"で、でも……昨日チェインでお話していた時は、
めぐるちゃんそんなこと……",283活动剧情,くもりガラスの銀曜日,第4话-三角形をひとかじり
283活动剧情/くもりガラスの銀曜日/第4话-三角形をひとかじり.csv,25,4001025050220,真乃,"う、ううん……
そんな、ごめんだなんて……",283活动剧情,くもりガラスの銀曜日,第4话-三角形をひとかじり
283活动剧情/くもりガラスの銀曜日/第4话-三角形をひとかじり.csv,29,4001025050240,真乃,は、はいっ……私も、頑張りますっ……,283活动剧情,くもりガラスの銀曜日,第4话-三角形をひとかじり
283活动剧情/くもりガラスの銀曜日/第4话-三角形をひとかじり.csv,32,4001025050270,真乃,ほわっ、あ──,283活动剧情,くもりガラスの銀曜日,第4话-三角形をひとかじり
283活动剧情/くもりガラスの銀曜日/第4话-三角形をひとかじり.csv,34,4001025050290,真乃,"えっ、う、うん……？
大丈夫だよ",283活动剧情,くもりガラスの銀曜日,第4话-三角形をひとかじり
283活动剧情/くもりガラスの銀曜日/第4话-三角形をひとかじり.csv,36,4001025050310,真乃,ど、どうしたの……？,283活动剧情,くもりガラスの銀曜日,第4话-三角形をひとかじり
283活动剧情/くもりガラスの銀曜日/第4话-三角形をひとかじり.csv,38,4001025050330,真乃,うん、もちろんだよっ,283活动剧情,くもりガラスの銀曜日,第4话-三角形をひとかじり
283活动剧情/くもりガラスの銀曜日/第4话-三角形をひとかじり.csv,41,4001025050360,真乃,灯織ちゃん……？,283活动剧情,くもりガラスの銀曜日,第4话-三角形をひとかじり
283活动剧情/くもりガラスの銀曜日/第4话-三角形をひとかじり.csv,44,4001025050390,真乃,"……
うん、初めて",283活动剧情,くもりガラスの銀曜日,第4话-三角形をひとかじり
283活动剧情/くもりガラスの銀曜日/第4话-三角形をひとかじり.csv,45,4001025050400,真乃,……私、頑張るねっ,283活动剧情,くもりガラスの銀曜日,第4话-三角形をひとかじり
283活动剧情/くもりガラスの銀曜日/第4话-三角形をひとかじり.csv,46,4001025050410,真乃,"灯織ちゃんに心配かけないように……
めぐるちゃんだってきっと心配してくれてると思うから",283活动剧情,くもりガラスの銀曜日,第4话-三角形をひとかじり
283活动剧情/くもりガラスの銀曜日/第4话-三角形をひとかじり.csv,47,4001025050420,真乃,"だから、めぐるちゃんにも安心してもらえるように、
今日は……私、頑張りたいっ……",283活动剧情,くもりガラスの銀曜日,第4话-三角形をひとかじり
283活动剧情/くもりガラスの銀曜日/第4话-三角形をひとかじり.csv,49,4001025050440,真乃,"え、えっと……
私じゃ、代わりにはなれないけど──",283活动剧情,くもりガラスの銀曜日,第4话-三角形をひとかじり
283活动剧情/くもりガラスの銀曜日/第4话-三角形をひとかじり.csv,52,4001025050470,真乃,う、うん……,283活动剧情,くもりガラスの銀曜日,第4话-三角形をひとかじり
283活动剧情/くもりガラスの銀曜日/第4话-三角形をひとかじり.csv,55,4001025050500,真乃,"えっ。だ、大丈夫だよっ
そんなこと全然思ってないよっ",283活动剧情,くもりガラスの銀曜日,第4话-三角形をひとかじり
283活动剧情/くもりガラスの銀曜日/第4话-三角形をひとかじり.csv,60,4001025050550,真乃,"あ、ありがとう
えっと……？",283活动剧情,くもりガラスの銀曜日,第4话-三角形をひとかじり
283活动剧情/くもりガラスの銀曜日/第4话-三角形をひとかじり.csv,63,4001025050580,真乃,わ……うん、ありがとう……っ,283活动剧情,くもりガラスの銀曜日,第4话-三角形をひとかじり
283活动剧情/くもりガラスの銀曜日/第4话-三角形をひとかじり.csv,64,4001025050590,真乃,灯織ちゃん、パワーストーンとか詳しいの……？,283活动剧情,くもりガラスの銀曜日,第4话-三角形をひとかじり
283活动剧情/くもりガラスの銀曜日/第4话-三角形をひとかじり.csv,67,4001025050620,真乃,……,283活动剧情,くもりガラスの銀曜日,第4话-三角形をひとかじり
283活动剧情/くもりガラスの銀曜日/第4话-三角形をひとかじり.csv,70,4001025050650,真乃,ごめんね、ロケの日取りと重なっちゃって……,283活动剧情,くもりガラスの銀曜日,第4话-三角形をひとかじり
283活动剧情/くもりガラスの銀曜日/第4话-三角形をひとかじり.csv,76,4001025050710,真乃,……えっ,283活动剧情,くもりガラスの銀曜日,第4话-三角形をひとかじり
283活动剧情/くもりガラスの銀曜日/第4话-三角形をひとかじり.csv,82,4001025050770,真乃,ふふ……っ,283活动剧情,くもりガラスの銀曜日,第4话-三角形をひとかじり
283活动剧情/くもりガラスの銀曜日/第4话-三角形をひとかじり.csv,83,4001025050780,真乃,"灯織ちゃん、無理しないでね
でも、やるならとっても楽しみにしてるからねっ",283活动剧情,くもりガラスの銀曜日,第4话-三角形をひとかじり
283活动剧情/くもりガラスの銀曜日/第4话-三角形をひとかじり.csv,89,4001025050840,真乃,ほわ……？,283活动剧情,くもりガラスの銀曜日,第4话-三角形をひとかじり
283活动剧情/くもりガラスの銀曜日/第4话-三角形をひとかじり.csv,92,4001025050870,真乃,"う、うんっ……
まだ持っててくれてたの……？",283活动剧情,くもりガラスの銀曜日,第4话-三角形をひとかじり
283活动剧情/くもりガラスの銀曜日/第4话-三角形をひとかじり.csv,95,4001025050900,真乃,"そ、そうだよ
私も灯織ちゃんから教えてもらって──",283活动剧情,くもりガラスの銀曜日,第4话-三角形をひとかじり
283活动剧情/くもりガラスの銀曜日/第4话-三角形をひとかじり.csv,99,4001025050940,真乃,"え、えっと……
私じゃ、代わりにはなれないけど──",283活动剧情,くもりガラスの銀曜日,第4话-三角形をひとかじり
283活动剧情/くもりガラスの銀曜日/第5话-思考を煮詰めたような味.csv,48,4001025060340,真乃,ごはん、ごはん～♪,283活动剧情,くもりガラスの銀曜日,第5话-思考を煮詰めたような味
283活动剧情/くもりガラスの銀曜日/第5话-思考を煮詰めたような味.csv,54,4001025060400,真乃,ごはんの後、甘いものを食べながらでもいいかも,283活动剧情,くもりガラスの銀曜日,第5话-思考を煮詰めたような味
283活动剧情/くもりガラスの銀曜日/第5话-思考を煮詰めたような味.csv,56,4001025060420,真乃,おーっ,283活动剧情,くもりガラスの銀曜日,第5话-思考を煮詰めたような味
283活动剧情/くもりガラスの銀曜日/第6话-くもりガラスの銀曜日.csv,2,4001025070010,真乃,わ……,283活动剧情,くもりガラスの銀曜日,第6话-くもりガラスの銀曜日
283活动剧情/くもりガラスの銀曜日/第6话-くもりガラスの銀曜日.csv,3,4001025070020,真乃,ツツジが綺麗だよ、灯織ちゃん,283活动剧情,くもりガラスの銀曜日,第6话-くもりガラスの銀曜日
283活动剧情/くもりガラスの銀曜日/第6话-くもりガラスの銀曜日.csv,5,4001025070040,真乃,"詳しいってわけじゃ……でも、
見かけると可愛いなって気になっちゃうんだ",283活动剧情,くもりガラスの銀曜日,第6话-くもりガラスの銀曜日
283活动剧情/くもりガラスの銀曜日/第6话-くもりガラスの銀曜日.csv,8,4001025070070,真乃,"とけん……
ううん、そんな別名があるんだ",283活动剧情,くもりガラスの銀曜日,第6话-くもりガラスの銀曜日
283活动剧情/くもりガラスの銀曜日/第6话-くもりガラスの銀曜日.csv,11,4001025070100,真乃,"おんなじ名前を持ってるんだ……っ
私、全然知らなかった……",283活动剧情,くもりガラスの銀曜日,第6话-くもりガラスの銀曜日
283活动剧情/くもりガラスの銀曜日/第6话-くもりガラスの銀曜日.csv,13,4001025070120,真乃,ほわ……そうなんだ……,283活动剧情,くもりガラスの銀曜日,第6话-くもりガラスの銀曜日
283活动剧情/くもりガラスの銀曜日/第6话-くもりガラスの銀曜日.csv,14,4001025070130,真乃,ありがとう、灯織ちゃん……,283活动剧情,くもりガラスの銀曜日,第6话-くもりガラスの銀曜日
283活动剧情/くもりガラスの銀曜日/第6话-くもりガラスの銀曜日.csv,16,4001025070150,真乃,うん、知らなかった,283活动剧情,くもりガラスの銀曜日,第6话-くもりガラスの銀曜日
283活动剧情/くもりガラスの銀曜日/第6话-くもりガラスの銀曜日.csv,20,4001025070190,真乃,ほわ……あれ、なんだっけ……,283活动剧情,くもりガラスの銀曜日,第6话-くもりガラスの銀曜日
283活动剧情/くもりガラスの銀曜日/第6话-くもりガラスの銀曜日.csv,39,4001025070340,真乃,──灯織ちゃん、めぐるちゃんっ,283活动剧情,くもりガラスの銀曜日,第6话-くもりガラスの銀曜日
283活动剧情/くもりガラスの銀曜日/第6话-くもりガラスの銀曜日.csv,40,4001025070350,真乃,よかったらこれ……,283活动剧情,くもりガラスの銀曜日,第6话-くもりガラスの銀曜日
283活动剧情/くもりガラスの銀曜日/第6话-くもりガラスの銀曜日.csv,43,4001025070380,真乃,"うんっ……
ひとつの石から、お揃いを作ったの",283活动剧情,くもりガラスの銀曜日,第6话-くもりガラスの銀曜日
283活动剧情/くもりガラスの銀曜日/第6话-くもりガラスの銀曜日.csv,44,4001025070390,真乃,"よかったら……一緒に……っ
……あのね、灯織ちゃんに教えてもらったんだ",283活动剧情,くもりガラスの銀曜日,第6话-くもりガラスの銀曜日
283活动剧情/くもりガラスの銀曜日/第6话-くもりガラスの銀曜日.csv,45,4001025070400,真乃,この石、心をつなげてくれるんだって──,283活动剧情,くもりガラスの銀曜日,第6话-くもりガラスの銀曜日
283活动剧情/くもりガラスの銀曜日/第6话-くもりガラスの銀曜日.csv,64,4001025070520,真乃,あっ……ありがとうっ,283活动剧情,くもりガラスの銀曜日,第6话-くもりガラスの銀曜日
283活动剧情/くもりガラスの銀曜日/第6话-くもりガラスの銀曜日.csv,67,4001025070550,真乃,わ、私もっ,283活动剧情,くもりガラスの銀曜日,第6话-くもりガラスの銀曜日
283活动剧情/くもりガラスの銀曜日/第6话-くもりガラスの銀曜日.csv,91,4001025070690,真乃,あっ……,283活动剧情,くもりガラスの銀曜日,第6话-くもりガラスの銀曜日
283活动剧情/くもりガラスの銀曜日/第6话-くもりガラスの銀曜日.csv,92,4001025070700,真乃,……ご、ごめんなさいっ,283活动剧情,くもりガラスの銀曜日,第6话-くもりガラスの銀曜日
283活动剧情/くもりガラスの銀曜日/第6话-くもりガラスの銀曜日.csv,93,4001025070710,真乃,この間話してたこと、思い出しちゃった……,283活动剧情,くもりガラスの銀曜日,第6话-くもりガラスの銀曜日
283活动剧情/くもりガラスの銀曜日/第6话-くもりガラスの銀曜日.csv,94,4001025070720,真乃,今日みたいな日のことだよ、銀曜日……っ,283活动剧情,くもりガラスの銀曜日,第6话-くもりガラスの銀曜日
283活动剧情/くもりガラスの銀曜日/第6话-くもりガラスの銀曜日.csv,100,4001025070770,真乃,ほわっ……えっと……,283活动剧情,くもりガラスの銀曜日,第6话-くもりガラスの銀曜日
283活动剧情/くもりガラスの銀曜日/第6话-くもりガラスの銀曜日.csv,101,4001025070780,真乃,"偶然、気持ちが揃う日のことを、
私たち、そう呼んでいた時があって……",283活动剧情,くもりガラスの銀曜日,第6话-くもりガラスの銀曜日
283活动剧情/くもりガラスの銀曜日/第6话-くもりガラスの銀曜日.csv,102,4001025070790,真乃,それで…………,283活动剧情,くもりガラスの銀曜日,第6话-くもりガラスの銀曜日
283活动剧情/くもりガラスの銀曜日/终章-星空を、ひとつまみ.csv,10,4001025080050,真乃,ふふっ……,283活动剧情,くもりガラスの銀曜日,终章-星空を、ひとつまみ
283活动剧情/くもりガラスの銀曜日/终章-星空を、ひとつまみ.csv,11,4001025080060,真乃,あ、最後のページまで埋まってる……,283活动剧情,くもりガラスの銀曜日,终章-星空を、ひとつまみ
283活动剧情/くもりガラスの銀曜日/终章-星空を、ひとつまみ.csv,14,4001025080080,真乃,"うんっ、一緒にたくさんレッスンしたんだね
お仕事も……",283活动剧情,くもりガラスの銀曜日,终章-星空を、ひとつまみ
283活动剧情/くもりガラスの銀曜日/终章-星空を、ひとつまみ.csv,21,4001025080100,真乃,……もし無かったら、後でも大丈夫ですから,283活动剧情,くもりガラスの銀曜日,终章-星空を、ひとつまみ
283活动剧情/くもりガラスの銀曜日/终章-星空を、ひとつまみ.csv,31,4001025080160,真乃,あ、まだ何か落ち……てましたっ,283活动剧情,くもりガラスの銀曜日,终章-星空を、ひとつまみ
283活动剧情/くもりガラスの銀曜日/终章-星空を、ひとつまみ.csv,36,4001025080180,真乃,"私たちの知らないプロデューサーさんが、
いっぱい隠れた鞄なんですね",283活动剧情,くもりガラスの銀曜日,终章-星空を、ひとつまみ
283活动剧情/くもりガラスの銀曜日/终章-星空を、ひとつまみ.csv,42,4001025080220,真乃,ほわっ,283活动剧情,くもりガラスの銀曜日,终章-星空を、ひとつまみ
283活动剧情/くもりガラスの銀曜日/终章-星空を、ひとつまみ.csv,52,4001025080320,真乃,灯織ちゃんの秘密は……？,283活动剧情,くもりガラスの銀曜日,终章-星空を、ひとつまみ
283活动剧情/くもりガラスの銀曜日/终章-星空を、ひとつまみ.csv,60,4001025080400,真乃,ふふっ……そうだね,283活动剧情,くもりガラスの銀曜日,终章-星空を、ひとつまみ
283活动剧情/くもりガラスの銀曜日/终章-星空を、ひとつまみ.csv,61,4001025080410,真乃,"私も知りたいな
灯織ちゃんのこと、めぐるちゃんのこと",283活动剧情,くもりガラスの銀曜日,终章-星空を、ひとつまみ
283活动剧情/くもりガラスの銀曜日/终章-星空を、ひとつまみ.csv,62,4001025080420,真乃,まだまだたくさん教えてね,283活动剧情,くもりガラスの銀曜日,终章-星空を、ひとつまみ
283活动剧情/くもりガラスの銀曜日/终章-星空を、ひとつまみ.csv,71,4001025080460,真乃,"ほわぁ……
きらきら……っ",283活动剧情,くもりガラスの銀曜日,终章-星空を、ひとつまみ
283活动剧情/くもりガラスの銀曜日/终章-星空を、ひとつまみ.csv,75,4001025080490,真乃,ありがとう、めぐるちゃん,283活动剧情,くもりガラスの銀曜日,终章-星空を、ひとつまみ
283活动剧情/くもりガラスの銀曜日/终章-星空を、ひとつまみ.csv,76,4001025080500,真乃,"あのね、このスプーン、
星の飾りがついてるの可愛いなって、いつも──",283活动剧情,くもりガラスの銀曜日,终章-星空を、ひとつまみ
283活动剧情/くもりガラスの銀曜日/终章-星空を、ひとつまみ.csv,77,4001025080510,真乃,……ほわっ……,283活动剧情,くもりガラスの銀曜日,终章-星空を、ひとつまみ
283活动剧情/くもりガラスの銀曜日/终章-星空を、ひとつまみ.csv,78,4001025080520,真乃,知らなかった……,283活动剧情,くもりガラスの銀曜日,终章-星空を、ひとつまみ
283活动剧情/くもりガラスの銀曜日/终章-星空を、ひとつまみ.csv,80,4001025080540,真乃,星の飾りにお店の名前が書いてあったの、ほら,283活动剧情,くもりガラスの銀曜日,终章-星空を、ひとつまみ
283活动剧情/くもりガラスの銀曜日/终章-星空を、ひとつまみ.csv,83,4001025080570,真乃,『ドーダン』って……,283活动剧情,くもりガラスの銀曜日,终章-星空を、ひとつまみ
283活动剧情/くもりガラスの銀曜日/终章-星空を、ひとつまみ.csv,84,4001025080580,真乃,『満天星』って書くんだね,283活动剧情,くもりガラスの銀曜日,终章-星空を、ひとつまみ
283活动剧情/はこぶものたち/序章-漕ぐ人.csv,14,4001045010070,真乃,────……,283活动剧情,はこぶものたち,序章-漕ぐ人
283活动剧情/はこぶものたち/序章-漕ぐ人.csv,16,4001045010080,真乃,は、はい……っ,283活动剧情,はこぶものたち,序章-漕ぐ人
283活动剧情/はこぶものたち/序章-漕ぐ人.csv,28,4001045010130,真乃,……────,283活动剧情,はこぶものたち,序章-漕ぐ人
283活动剧情/はこぶものたち/序章-漕ぐ人.csv,31,4001045010140,真乃,は、はい……,283活动剧情,はこぶものたち,序章-漕ぐ人
283活动剧情/はこぶものたち/序章-漕ぐ人.csv,32,4001045010150,真乃,"灯織ちゃんとめぐるちゃんからも
さっき、頑張ってって、メッセージをもらいました",283活动剧情,はこぶものたち,序章-漕ぐ人
283活动剧情/はこぶものたち/序章-漕ぐ人.csv,45,4001045010210,真乃,はい────,283活动剧情,はこぶものたち,序章-漕ぐ人
283活动剧情/はこぶものたち/序章-漕ぐ人.csv,55,4001045010260,真乃,"みなさん、こんにちは……
はじめまして……っ",283活动剧情,はこぶものたち,序章-漕ぐ人
283活动剧情/はこぶものたち/序章-漕ぐ人.csv,56,4001045010270,真乃,"イルミネーションスターズの、櫻木真乃です
創立９周年、おめでとうございます……っ",283活动剧情,はこぶものたち,序章-漕ぐ人
283活动剧情/はこぶものたち/序章-漕ぐ人.csv,57,4001045010280,真乃,"この度、記念の年に向けて、みなさんのプロモーションを
一緒にお手伝いさせていただくことになりました……っ",283活动剧情,はこぶものたち,序章-漕ぐ人
283活动剧情/はこぶものたち/序章-漕ぐ人.csv,65,4001045010320,真乃,"みなさんのフードデリバリーが
もっともっとたくさんの方に温もりを届けられるように",283活动剧情,はこぶものたち,序章-漕ぐ人
283活动剧情/はこぶものたち/序章-漕ぐ人.csv,66,4001045010330,真乃,心を込めて、応援します……っ,283活动剧情,はこぶものたち,序章-漕ぐ人
283活动剧情/はこぶものたち/序章-漕ぐ人.csv,98,4001045010530,真乃,"『メッセージありがとう
今、終わったよ』",283活动剧情,はこぶものたち,序章-漕ぐ人
283活动剧情/はこぶものたち/第1话-小さな夜.csv,17,4001045020100,真乃,────……,283活动剧情,はこぶものたち,第1话-小さな夜
283活动剧情/はこぶものたち/第1话-小さな夜.csv,18,4001045020110,真乃,"……10分前
ふふ……",283活动剧情,はこぶものたち,第1话-小さな夜
283活动剧情/はこぶものたち/第1话-小さな夜.csv,19,4001045020120,真乃,お風呂、空いたよ……っ,283活动剧情,はこぶものたち,第1话-小さな夜
283活动剧情/はこぶものたち/第1话-小さな夜.csv,24,4001045020131,真乃＆灯織,パチパチパチ……！,283活动剧情,はこぶものたち,第1话-小さな夜
283活动剧情/はこぶものたち/第1话-小さな夜.csv,26,4001045020150,真乃,……それじゃあ、はい……っ,283活动剧情,はこぶものたち,第1话-小さな夜
283活动剧情/はこぶものたち/第1话-小さな夜.csv,28,4001045020170,真乃,"はい……っ
私は、今日は学校と打ち合わせだけで────",283活动剧情,はこぶものたち,第1话-小さな夜
283活动剧情/はこぶものたち/第1话-小さな夜.csv,30,4001045020180,真乃,────だから、緊張は少なめでできたなって,283活动剧情,はこぶものたち,第1话-小さな夜
283活动剧情/はこぶものたち/第1话-小さな夜.csv,31,4001045020190,真乃,思いました……っ,283活动剧情,はこぶものたち,第1话-小さな夜
283活动剧情/はこぶものたち/第1话-小さな夜.csv,35,4001045020230,真乃,"うん
これから撮影とかイベントとかも続くみたい……",283活动剧情,はこぶものたち,第1话-小さな夜
283活动剧情/はこぶものたち/第1话-小さな夜.csv,37,4001045020250,真乃,……,283活动剧情,はこぶものたち,第1话-小さな夜
283活动剧情/はこぶものたち/第1话-小さな夜.csv,38,4001045020260,真乃,"……あの
ありがとう……っ",283活动剧情,はこぶものたち,第1话-小さな夜
283活动剧情/はこぶものたち/第1话-小さな夜.csv,39,4001045020270,真乃,"この前の報告会で、灯織ちゃんとめぐるちゃんが
やれるよって言ってくれたから……",283活动剧情,はこぶものたち,第1话-小さな夜
283活动剧情/はこぶものたち/第1话-小さな夜.csv,41,4001045020290,真乃,"……その、ひとりのお仕事だし、
デリバリーのことも、あんまりわからなくて……",283活动剧情,はこぶものたち,第1话-小さな夜
283活动剧情/はこぶものたち/第1话-小さな夜.csv,44,4001045020320,真乃,"……っ
あの……",283活动剧情,はこぶものたち,第1话-小さな夜
283活动剧情/はこぶものたち/第1话-小さな夜.csv,45,4001045020330,真乃,"うん……っ
ありがとう……",283活动剧情,はこぶものたち,第1话-小さな夜
283活动剧情/はこぶものたち/第1话-小さな夜.csv,49,4001045020360,真乃,すごい服……？,283活动剧情,はこぶものたち,第1话-小さな夜
283活动剧情/はこぶものたち/第1话-小さな夜.csv,63,4001045020430,真乃,ほわ……,283活动剧情,はこぶものたち,第1话-小さな夜
283活动剧情/はこぶものたち/第1话-小さな夜.csv,66,4001045020451,真乃＆灯織,へぇ……！,283活动剧情,はこぶものたち,第1话-小さな夜
283活动剧情/はこぶものたち/第1话-小さな夜.csv,67,4001045020460,真乃,素敵なお仕事だね……っ,283活动剧情,はこぶものたち,第1话-小さな夜
283活动剧情/はこぶものたち/第1话-小さな夜.csv,75,4001045020501,真乃＆灯織,おおー……,283活动剧情,はこぶものたち,第1话-小さな夜
283活动剧情/はこぶものたち/第1话-小さな夜.csv,76,4001045020510,真乃,うん……っ,283活动剧情,はこぶものたち,第1话-小さな夜
283活动剧情/はこぶものたち/第1话-小さな夜.csv,77,4001045020520,真乃,"めぐるちゃんが楽しそうに着てたら
いいな、って……",283活动剧情,はこぶものたち,第1话-小さな夜
283活动剧情/はこぶものたち/第1话-小さな夜.csv,78,4001045020530,真乃,私も着てみたいなって、思うよ……っ,283活动剧情,はこぶものたち,第1话-小さな夜
283活动剧情/はこぶものたち/第1话-小さな夜.csv,82,4001045020570,真乃,"うん……っ
……あの",283活动剧情,はこぶものたち,第1话-小さな夜
283活动剧情/はこぶものたち/第1话-小さな夜.csv,83,4001045020580,真乃,────やれるよ……っ,283活动剧情,はこぶものたち,第1话-小さな夜
283活动剧情/はこぶものたち/第1话-小さな夜.csv,92,4001045020660,真乃,……っ,283活动剧情,はこぶものたち,第1话-小さな夜
283活动剧情/はこぶものたち/第1话-小さな夜.csv,95,4001045020670,真乃,灯織ちゃんは、どうだった……？,283活动剧情,はこぶものたち,第1话-小さな夜
283活动剧情/はこぶものたち/第1话-小さな夜.csv,104,4001045020750,真乃,"……
プロデューサーさんに言った方がいいかな……？",283活动剧情,はこぶものたち,第1话-小さな夜
283活动剧情/はこぶものたち/第1话-小さな夜.csv,107,4001045020780,真乃,うん、私も……っ,283活动剧情,はこぶものたち,第1话-小さな夜
283活动剧情/はこぶものたち/第1话-小さな夜.csv,111,4001045020801,真乃＆めぐる,はい……っ,283活动剧情,はこぶものたち,第1话-小さな夜
283活动剧情/はこぶものたち/第1话-小さな夜.csv,115,4001045020840,真乃,えっと、静かにしてるね……っ,283活动剧情,はこぶものたち,第1话-小さな夜
283活动剧情/はこぶものたち/第1话-小さな夜.csv,118,4001045020870,真乃,ほわ、うん……っ,283活动剧情,はこぶものたち,第1话-小さな夜
283活动剧情/はこぶものたち/第1话-小さな夜.csv,122,4001045020900,真乃,うん,283活动剧情,はこぶものたち,第1话-小さな夜
283活动剧情/はこぶものたち/第1话-小さな夜.csv,124,4001045020920,真乃,"えっと……
リヤカー",283活动剧情,はこぶものたち,第1话-小さな夜
283活动剧情/はこぶものたち/第1话-小さな夜.csv,133,4001045021001,真乃＆めぐる,うん……っ,283活动剧情,はこぶものたち,第1话-小さな夜
283活动剧情/はこぶものたち/第1话-小さな夜.csv,138,4001045021030,真乃,おやすみ……っ,283活动剧情,はこぶものたち,第1话-小さな夜
283活动剧情/はこぶものたち/第2话-みんなは頑張っている.csv,9,4001045030050,真乃,"────
誰もいない……？",283活动剧情,はこぶものたち,第2话-みんなは頑張っている
283活动剧情/はこぶものたち/第2话-みんなは頑張っている.csv,10,4001045030060,真乃,"『真乃さん　出力した台本類です
お持ちください　七草』────",283活动剧情,はこぶものたち,第2话-みんなは頑張っている
283活动剧情/はこぶものたち/第2话-みんなは頑張っている.csv,11,4001045030070,真乃,"はい
頂いていきます……っ",283活动剧情,はこぶものたち,第2话-みんなは頑張っている
283活动剧情/はこぶものたち/第2话-みんなは頑張っている.csv,24,4001045030130,真乃,"……
『走れごはん！　初回しょう料むりょ』……っ",283活动剧情,はこぶものたち,第2话-みんなは頑張っている
283活动剧情/はこぶものたち/第2话-みんなは頑張っている.csv,25,4001045030140,真乃,"……
初回……送料無料……キャンペーン実施中……",283活动剧情,はこぶものたち,第2话-みんなは頑張っている
283活动剧情/はこぶものたち/第2话-みんなは頑張っている.csv,26,4001045030150,真乃,"……
『走れごはん！　初回送料無料キャンペーン実施中！』……",283活动剧情,はこぶものたち,第2话-みんなは頑張っている
283活动剧情/はこぶものたち/第2话-みんなは頑張っている.csv,27,4001045030160,真乃,『送料』で、区切ろう……,283活动剧情,はこぶものたち,第2话-みんなは頑張っている
283活动剧情/はこぶものたち/第2话-みんなは頑張っている.csv,60,4001045030350,真乃,"『走れごはん！
初回送料無料キャンペーン実施中！』……",283活动剧情,はこぶものたち,第2话-みんなは頑張っている
283活动剧情/はこぶものたち/第2话-みんなは頑張っている.csv,61,4001045030360,真乃,言えた……っ,283活动剧情,はこぶものたち,第2话-みんなは頑張っている
283活动剧情/はこぶものたち/第2话-みんなは頑張っている.csv,86,4001045030460,真乃,────練習、おしまい……,283活动剧情,はこぶものたち,第2话-みんなは頑張っている
283活动剧情/はこぶものたち/第2话-みんなは頑張っている.csv,87,4001045030470,真乃,……,283活动剧情,はこぶものたち,第2话-みんなは頑張っている
283活动剧情/はこぶものたち/第2话-みんなは頑張っている.csv,88,4001045030480,真乃,"灯織ちゃんは、打ち合わせ
めぐるちゃんは、採寸……",283活动剧情,はこぶものたち,第2话-みんなは頑張っている
283活动剧情/はこぶものたち/第2话-みんなは頑張っている.csv,89,4001045030490,真乃,"……
メッセは、ちょっとだけ我慢……っ",283活动剧情,はこぶものたち,第2话-みんなは頑張っている
283活动剧情/はこぶものたち/第3话-車輪.csv,46,4001045040211,真乃＆めぐる,わ……っ,283活动剧情,はこぶものたち,第3话-車輪
283活动剧情/はこぶものたち/第3话-車輪.csv,47,4001045040220,真乃,すごいね、灯織ちゃん……っ,283活动剧情,はこぶものたち,第3话-車輪
283活动剧情/はこぶものたち/第3话-車輪.csv,49,4001045040240,真乃,うん……っ,283活动剧情,はこぶものたち,第3话-車輪
283活动剧情/はこぶものたち/第3话-車輪.csv,54,4001045040270,真乃,うん……っ,283活动剧情,はこぶものたち,第3话-車輪
283活动剧情/はこぶものたち/第3话-車輪.csv,57,4001045040300,真乃,『風野灯織のVAR！』……っ,283活动剧情,はこぶものたち,第3话-車輪
283活动剧情/はこぶものたち/第3话-車輪.csv,67,0000000000000,真乃,────やれるよ……っ,283活动剧情,はこぶものたち,第3话-車輪
283活动剧情/はこぶものたち/第3话-車輪.csv,76,4001045040400,真乃,『バイバイ』……っ,283活动剧情,はこぶものたち,第3话-車輪
283活动剧情/はこぶものたち/第3话-車輪.csv,83,4001045040430,真乃,"うん……
そろそろ着替えとかも終わってるかも……っ",283活动剧情,はこぶものたち,第3话-車輪
283活动剧情/はこぶものたち/第3话-車輪.csv,85,4001045040441,真乃＆めぐる,"『真乃とめぐるもVAR！
#風野灯織のVAR！　#をVAR中！　#灯織がんばれ』",283活动剧情,はこぶものたち,第3话-車輪
283活动剧情/はこぶものたち/第3话-車輪.csv,96,4001045040500,真乃,"『走れごはん！
初回送料無料キャンペーン実施中！』",283活动剧情,はこぶものたち,第3话-車輪
283活动剧情/はこぶものたち/第3话-車輪.csv,97,4001045040510,真乃,『お届けちょっきり20分』,283活动剧情,はこぶものたち,第3话-車輪
283活动剧情/はこぶものたち/第3话-車輪.csv,98,4001045040520,真乃,"『食べるひとにぬくもりを、作るひとにつばさを
届けるひとにきぼうを』",283活动剧情,はこぶものたち,第3话-車輪
283活动剧情/はこぶものたち/第3话-車輪.csv,99,4001045040530,真乃,"『わたしたちが、
フードデリバリーの明日を応援します』",283活动剧情,はこぶものたち,第3话-車輪
283活动剧情/はこぶものたち/第4话-３つの夜.csv,8,4001045050010,真乃,"『食べるひとにぬくもりを、作るひとにつばさを
届けるひとにきぼうを』",283活动剧情,はこぶものたち,第4话-３つの夜
283活动剧情/はこぶものたち/第4话-３つの夜.csv,9,4001045050020,真乃,"『わたしたちが、
フードデリバリーの明日を応援します』",283活动剧情,はこぶものたち,第4话-３つの夜
283活动剧情/はこぶものたち/第4话-３つの夜.csv,10,4001045050030,真乃,────あ……,283活动剧情,はこぶものたち,第4话-３つの夜
283活动剧情/はこぶものたち/第4话-３つの夜.csv,11,4001045050040,真乃,配達員さん……,283活动剧情,はこぶものたち,第4话-３つの夜
283活动剧情/はこぶものたち/第4话-３つの夜.csv,12,4001045050050,真乃,頑張ってください……っ,283活动剧情,はこぶものたち,第4话-３つの夜
283活动剧情/はこぶものたち/第4话-３つの夜.csv,13,4001045050060,真乃,────灯織ちゃんと、めぐるちゃんも,283活动剧情,はこぶものたち,第4话-３つの夜
283活动剧情/はこぶものたち/第4话-３つの夜.csv,65,4001045050340,真乃,"────すごいな……
竹のお洋服……っ",283活动剧情,はこぶものたち,第4话-３つの夜
283活动剧情/はこぶものたち/第4话-３つの夜.csv,68,4001045050370,真乃,うんっ,283活动剧情,はこぶものたち,第4话-３つの夜
283活动剧情/はこぶものたち/第4话-３つの夜.csv,73,4001045050411,真乃＆めぐる,……っ,283活动剧情,はこぶものたち,第4话-３つの夜
283活动剧情/はこぶものたち/第4话-３つの夜.csv,75,4001045050421,真乃＆めぐる,すごい……！,283活动剧情,はこぶものたち,第4话-３つの夜
283活动剧情/はこぶものたち/第4话-３つの夜.csv,78,4001045050450,真乃,"……っ
うん……っ",283活动剧情,はこぶものたち,第4话-３つの夜
283活动剧情/はこぶものたち/第4话-３つの夜.csv,82,4001045050481,真乃＆めぐる,『……』,283活动剧情,はこぶものたち,第4话-３つの夜
283活动剧情/はこぶものたち/第4话-３つの夜.csv,85,4001045050510,真乃,"……っ
ううん……っ",283活动剧情,はこぶものたち,第4话-３つの夜
283活动剧情/はこぶものたち/第4话-３つの夜.csv,93,4001045050540,真乃,え……？,283活动剧情,はこぶものたち,第4话-３つの夜
283活动剧情/はこぶものたち/第4话-３つの夜.csv,94,4001045050550,真乃,"あ、えっと……っ
あのね、加湿器が入ってたよ……っ",283活动剧情,はこぶものたち,第4话-３つの夜
283活动剧情/はこぶものたち/第4话-３つの夜.csv,96,4001045050570,真乃,"うん。ありがとう、灯織ちゃん
灯織ちゃんのおかげで乾燥しなかった",283活动剧情,はこぶものたち,第4话-３つの夜
283活动剧情/はこぶものたち/第4话-３つの夜.csv,100,4001045050610,真乃,えっと、今日はレッスンだけで……,283活动剧情,はこぶものたち,第4话-３つの夜
283活动剧情/はこぶものたち/第4话-３つの夜.csv,101,4001045050620,真乃,"……あ、ふふっ
行く時に、ピンクの帽子の配達員さんを見たの",283活动剧情,はこぶものたち,第4话-３つの夜
283活动剧情/はこぶものたち/第4话-３つの夜.csv,108,4001045050640,真乃,"もしかして、この前の兄やんさんかなって思ったら
楽しくなって……",283活动剧情,はこぶものたち,第4话-３つの夜
283活动剧情/はこぶものたち/第4话-３つの夜.csv,121,4001045050770,真乃,"……
そうなんだね……っ",283活动剧情,はこぶものたち,第4话-３つの夜
283活动剧情/はこぶものたち/第4话-３つの夜.csv,124,4001045050790,真乃,すごく、お仕事が大変なのかも……っ,283活动剧情,はこぶものたち,第4话-３つの夜
283活动剧情/はこぶものたち/第4话-３つの夜.csv,139,4001045050860,真乃,"……
兄やんさんのこと、応援してるんだね",283活动剧情,はこぶものたち,第4话-３つの夜
283活动剧情/はこぶものたち/第4话-３つの夜.csv,149,4001045050900,真乃,"……
灯織ちゃん……",283活动剧情,はこぶものたち,第4话-３つの夜
283活动剧情/はこぶものたち/第4话-３つの夜.csv,154,4001045050901,真乃＆めぐる,灯織ちゃん────,283活动剧情,はこぶものたち,第4话-３つの夜
283活动剧情/はこぶものたち/第5话-みんなが.csv,3,4001045060020,真乃,"あの……っ
灯織ちゃんとめぐるちゃんが、よかったら……",283活动剧情,はこぶものたち,第5话-みんなが
283活动剧情/はこぶものたち/第5话-みんなが.csv,4,4001045060030,真乃,私も……っ,283活动剧情,はこぶものたち,第5话-みんなが
283活动剧情/はこぶものたち/第5话-みんなが.csv,12,4001045060101,真乃＆めぐる,灯織ちゃん……っ,283活动剧情,はこぶものたち,第5话-みんなが
283活动剧情/はこぶものたち/第5话-みんなが.csv,16,4001045060140,真乃,やっぱり、知ってるんだね……っ,283活动剧情,はこぶものたち,第5话-みんなが
283活动剧情/はこぶものたち/第5话-みんなが.csv,19,4001045060170,真乃,うん……っ,283活动剧情,はこぶものたち,第5话-みんなが
283活动剧情/はこぶものたち/第5话-みんなが.csv,22,4001045060200,真乃,"うん……っ
お仕事だもん……っ",283活动剧情,はこぶものたち,第5话-みんなが
283活动剧情/はこぶものたち/第5话-みんなが.csv,33,4001045060250,真乃,"中継、頑張ってね
灯織ちゃんっ",283活动剧情,はこぶものたち,第5话-みんなが
283活动剧情/はこぶものたち/第5话-みんなが.csv,41,4001045060290,真乃,"……
いつもと、少し違うね……",283活动剧情,はこぶものたち,第5话-みんなが
283活动剧情/はこぶものたち/第5话-みんなが.csv,44,4001045060320,真乃,"うん……
放送用のお部屋",283活动剧情,はこぶものたち,第5话-みんなが
283活动剧情/はこぶものたち/第5话-みんなが.csv,46,4001045060321,真乃＆めぐる,はい……っ,283活动剧情,はこぶものたち,第5话-みんなが
283活动剧情/はこぶものたち/第5话-みんなが.csv,54,4001045060360,真乃,"────あれ……
こっちじゃない……",283活动剧情,はこぶものたち,第5话-みんなが
283活动剧情/はこぶものたち/第5话-みんなが.csv,55,4001045060370,真乃,────……,283活动剧情,はこぶものたち,第5话-みんなが
283活动剧情/はこぶものたち/第5话-みんなが.csv,58,4001045060380,真乃,……,283活动剧情,はこぶものたち,第5话-みんなが
283活动剧情/はこぶものたち/第5话-みんなが.csv,61,4001045060390,真乃,"……
ロッカールーム……",283活动剧情,はこぶものたち,第5话-みんなが
283活动剧情/はこぶものたち/第5话-みんなが.csv,75,4001045060450,真乃,……っ,283活动剧情,はこぶものたち,第5话-みんなが
283活动剧情/はこぶものたち/第5话-みんなが.csv,77,4001045060460,真乃,"ほわ……っ
社長さん、こんにちは……っ",283活动剧情,はこぶものたち,第5话-みんなが
283活动剧情/はこぶものたち/第5话-みんなが.csv,79,4001045060470,真乃,"すみません、顔を洗おうと思ってきたら
迷ってしまって……",283活动剧情,はこぶものたち,第5话-みんなが
283活动剧情/はこぶものたち/第5话-みんなが.csv,81,4001045060480,真乃,"は、はい……っ
ありがとうございます……っ",283活动剧情,はこぶものたち,第5话-みんなが
283活动剧情/はこぶものたち/第5话-みんなが.csv,89,4001045060510,真乃,"は、はい……っ
あの……",283活动剧情,はこぶものたち,第5话-みんなが
283活动剧情/はこぶものたち/第5话-みんなが.csv,90,4001045060520,真乃,CMに出させていただいて……,283活动剧情,はこぶものたち,第5话-みんなが
283活动剧情/はこぶものたち/第5话-みんなが.csv,91,4001045060530,真乃,"こちらにも来られて……
私たちも、うれしく思っています……っ",283活动剧情,はこぶものたち,第5话-みんなが
283活动剧情/はこぶものたち/第5话-みんなが.csv,95,4001045060540,真乃,……,283活动剧情,はこぶものたち,第5话-みんなが
283活动剧情/はこぶものたち/第5话-みんなが.csv,98,4001045060550,真乃,────あ……,283活动剧情,はこぶものたち,第5话-みんなが
283活动剧情/はこぶものたち/第5话-みんなが.csv,99,4001045060560,真乃,"……
『食べるひとにぬくもりを、作るひとにつばさを』……",283活动剧情,はこぶものたち,第5话-みんなが
283活动剧情/はこぶものたち/第5话-みんなが.csv,103,4001045060570,真乃,"はい……っ
頑張ります……っ",283活动剧情,はこぶものたち,第5话-みんなが
283活动剧情/はこぶものたち/第5话-みんなが.csv,120,4001045060630,真乃,……？,283活动剧情,はこぶものたち,第5话-みんなが
283活动剧情/はこぶものたち/第5话-みんなが.csv,122,4001045060650,真乃,……うん,283活动剧情,はこぶものたち,第5话-みんなが
283活动剧情/はこぶものたち/第5话-みんなが.csv,123,4001045060660,真乃,"私たちのステージだけど……
私たちのステージっていうのじゃなくて……",283活动剧情,はこぶものたち,第5话-みんなが
283活动剧情/はこぶものたち/第5话-みんなが.csv,124,4001045060670,真乃,"……っ
なんて言ったらいいんだろう……",283活动剧情,はこぶものたち,第5话-みんなが
283活动剧情/はこぶものたち/第5话-みんなが.csv,129,4001045060710,真乃,うん……っ,283活动剧情,はこぶものたち,第5话-みんなが
283活动剧情/はこぶものたち/第5话-みんなが.csv,133,4001045060720,真乃,スタジアムのみなさん、こんにちはー！,283活动剧情,はこぶものたち,第5话-みんなが
283活动剧情/はこぶものたち/第5话-みんなが.csv,134,4001045060721,真乃＆めぐる,イルミネーションスターズです────,283活动剧情,はこぶものたち,第5话-みんなが
283活动剧情/はこぶものたち/第5话-みんなが.csv,140,4001045060740,真乃,……──────,283活动剧情,はこぶものたち,第5话-みんなが
283活动剧情/はこぶものたち/第6话-きみの座らないたくさんの席.csv,17,4001045070040,真乃,はい……っ,283活动剧情,はこぶものたち,第6话-きみの座らないたくさんの席
283活动剧情/はこぶものたち/第6话-きみの座らないたくさんの席.csv,47,4001045070200,真乃,……,283活动剧情,はこぶものたち,第6话-きみの座らないたくさんの席
283活动剧情/はこぶものたち/第6话-きみの座らないたくさんの席.csv,48,4001045070210,真乃,"あの試合に出ようっていうのは、
心のどこかで、灯織ちゃんを応援するためって",283活动剧情,はこぶものたち,第6话-きみの座らないたくさんの席
283活动剧情/はこぶものたち/第6话-きみの座らないたくさんの席.csv,49,4001045070220,真乃,"……
そんなふうに、思っていたかもしれません……",283活动剧情,はこぶものたち,第6话-きみの座らないたくさんの席
283活动剧情/はこぶものたち/第6话-きみの座らないたくさんの席.csv,51,4001045070230,真乃,"…………
スタジアムに立つまで、あそこが",283活动剧情,はこぶものたち,第6话-きみの座らないたくさんの席
283活动剧情/はこぶものたち/第6话-きみの座らないたくさんの席.csv,52,4001045070240,真乃,"いろんな人が、いろんな人を応援してる場所なんだって
……ちゃんと、わかっていなくて",283活动剧情,はこぶものたち,第6话-きみの座らないたくさんの席
283活动剧情/はこぶものたち/第6话-きみの座らないたくさんの席.csv,64,4001045070340,真乃,"……
喜びに来てもらう、場所だったのに",283活动剧情,はこぶものたち,第6话-きみの座らないたくさんの席
283活动剧情/はこぶものたち/第6话-きみの座らないたくさんの席.csv,66,4001045070341,真乃＆灯織＆めぐる,────だから……,283活动剧情,はこぶものたち,第6话-きみの座らないたくさんの席
283活动剧情/はこぶものたち/第6话-きみの座らないたくさんの席.csv,67,4001045070342,真乃＆灯織＆めぐる,────が────,283活动剧情,はこぶものたち,第6话-きみの座らないたくさんの席
283活动剧情/はこぶものたち/第6话-きみの座らないたくさんの席.csv,80,4001045070350,真乃,……,283活动剧情,はこぶものたち,第6话-きみの座らないたくさんの席
283活动剧情/はこぶものたち/第6话-きみの座らないたくさんの席.csv,88,4001045070390,真乃,"……私も
おんなじこと聞いたよ",283活动剧情,はこぶものたち,第6话-きみの座らないたくさんの席
283活动剧情/はこぶものたち/第6话-きみの座らないたくさんの席.csv,89,4001045070400,真乃,"報告会をするんだったら、
それを考えてからだよって……",283活动剧情,はこぶものたち,第6话-きみの座らないたくさんの席
283活动剧情/はこぶものたち/第6话-きみの座らないたくさんの席.csv,94,4001045070441,真乃＆めぐる,……,283活动剧情,はこぶものたち,第6话-きみの座らないたくさんの席
283活动剧情/はこぶものたち/第6话-きみの座らないたくさんの席.csv,96,4001045070460,真乃,うん……っ,283活动剧情,はこぶものたち,第6话-きみの座らないたくさんの席
283活动剧情/はこぶものたち/第6话-きみの座らないたくさんの席.csv,111,4001045070560,真乃,"私もね……
灯織ちゃんとめぐるちゃんがいいならって言ったの",283活动剧情,はこぶものたち,第6话-きみの座らないたくさんの席
283活动剧情/はこぶものたち/第6话-きみの座らないたくさんの席.csv,113,4001045070580,真乃,"ううん……っ
私もそういうつもりじゃなくて……でも……っ",283活动剧情,はこぶものたち,第6话-きみの座らないたくさんの席
283活动剧情/はこぶものたち/第6话-きみの座らないたくさんの席.csv,114,4001045070590,真乃,"出たい……って
どうして言わなかったんだろう、って……",283活动剧情,はこぶものたち,第6话-きみの座らないたくさんの席
283活动剧情/はこぶものたち/第6话-きみの座らないたくさんの席.csv,116,4001045070610,真乃,"……今だって、どうしてめぐるちゃんより先に
言わなかったんだろう、って……",283活动剧情,はこぶものたち,第6话-きみの座らないたくさんの席
283活动剧情/はこぶものたち/第6话-きみの座らないたくさんの席.csv,117,4001045070620,真乃,"ふたりのせいにすることになるかもしれないって……
どうして……",283活动剧情,はこぶものたち,第6话-きみの座らないたくさんの席
283活动剧情/はこぶものたち/第6话-きみの座らないたくさんの席.csv,124,4001045070650,真乃,……,283活动剧情,はこぶものたち,第6话-きみの座らないたくさんの席
283活动剧情/はこぶものたち/第6话-きみの座らないたくさんの席.csv,130,4001045070680,真乃,うん……,283活动剧情,はこぶものたち,第6话-きみの座らないたくさんの席
283活动剧情/はこぶものたち/终章-運ぶ人.csv,9,4001045080060,真乃,"ほわ……っ
すごいね、もう終わっちゃったんだ……っ",283活动剧情,はこぶものたち,终章-運ぶ人
283活动剧情/はこぶものたち/终章-運ぶ人.csv,14,4001045080101,真乃＆めぐる,うん……っ,283活动剧情,はこぶものたち,终章-運ぶ人
283活动剧情/はこぶものたち/终章-運ぶ人.csv,17,4001045080130,真乃,"うん
とっても静か……",283活动剧情,はこぶものたち,终章-運ぶ人
283活动剧情/はこぶものたち/终章-運ぶ人.csv,18,4001045080140,真乃,──────,283活动剧情,はこぶものたち,终章-運ぶ人
283活动剧情/はこぶものたち/终章-運ぶ人.csv,21,4001045080170,真乃,うん……,283活动剧情,はこぶものたち,终章-運ぶ人
283活动剧情/はこぶものたち/终章-運ぶ人.csv,29,4001045080201,真乃＆灯織,ああ……────,283活动剧情,はこぶものたち,终章-運ぶ人
283活动剧情/はこぶものたち/终章-運ぶ人.csv,36,4001045080230,真乃,雨、降ってくるのかな……？,283活动剧情,はこぶものたち,终章-運ぶ人
283活动剧情/はこぶものたち/终章-運ぶ人.csv,41,4001045080270,真乃,……この前も、来てくれてたかな,283活动剧情,はこぶものたち,终章-運ぶ人
283活动剧情/はこぶものたち/终章-運ぶ人.csv,48,4001045080340,真乃,うん……,283活动剧情,はこぶものたち,终章-運ぶ人
283活动剧情/はこぶものたち/终章-運ぶ人.csv,50,4001045080360,真乃,"ふふ……
席がいっぱい……",283活动剧情,はこぶものたち,终章-運ぶ人
283活动剧情/はこぶものたち/终章-運ぶ人.csv,51,4001045080370,真乃,"……
応援するのって、こうやって────",283活动剧情,はこぶものたち,终章-運ぶ人
283活动剧情/はこぶものたち/终章-運ぶ人.csv,52,4001045080380,真乃,"誰かのことを知るって
ことなんだね……",283活动剧情,はこぶものたち,终章-運ぶ人
283活动剧情/はこぶものたち/终章-運ぶ人.csv,59,4001045080441,真乃＆めぐる,うん……っ,283活动剧情,はこぶものたち,终章-運ぶ人
283活动剧情/はこぶものたち/终章-運ぶ人.csv,70,4001045080470,真乃,うん……っ,283活动剧情,はこぶものたち,终章-運ぶ人
283活动剧情/はこぶものたち/终章-運ぶ人.csv,72,4001045080480,真乃,"……ふふっ
お腹空いたね……",283活动剧情,はこぶものたち,终章-運ぶ人
283活动剧情/はこぶものたち/终章-運ぶ人.csv,78,4001045080540,真乃,『オン！』だね……っ,283活动剧情,はこぶものたち,终章-運ぶ人
283活动剧情/はこぶものたち/终章-運ぶ人.csv,96,4001045080680,真乃,"……
なるよ……っ",283活动剧情,はこぶものたち,终章-運ぶ人
283活动剧情/はこぶものたち/终章-運ぶ人.csv,101,4001045080730,真乃,"うん……っ
たこ焼き……っ",283活动剧情,はこぶものたち,终章-運ぶ人
283活动剧情/アイムベリーベリーソーリー/エンディング-あい.csv,15,4001039080110,真乃,"『何を持っていっても、何度持っていっても
彼女の心を動かすことはできなかった』",283活动剧情,アイムベリーベリーソーリー,エンディング-あい
283活动剧情/アイムベリーベリーソーリー/エンディング-あい.csv,32,4001039080230,真乃,"『かつて夫とともに蓄えた財を
少しずつ切り崩して生きているように見えた』",283活动剧情,アイムベリーベリーソーリー,エンディング-あい
283活动剧情/アイムベリーベリーソーリー/エンディング-あい.csv,41,4001039080290,真乃,"『本当に探し物をしているのかどうか
もう自分でもわからないのだ、と彼女は言っていた』",283活动剧情,アイムベリーベリーソーリー,エンディング-あい
283活动剧情/アイムベリーベリーソーリー/エンディング-あい.csv,66,4001039080460,真乃,"おはようございます……っ
今日も、よろしくお願い────",283活动剧情,アイムベリーベリーソーリー,エンディング-あい
283活动剧情/アイムベリーベリーソーリー/エンディング-あい.csv,67,4001039080470,真乃,────っ……,283活动剧情,アイムベリーベリーソーリー,エンディング-あい
283活动剧情/アイムベリーベリーソーリー/エンディング-あい.csv,75,4001039080510,真乃,"『一度そう思い始めると、
もうあまり時間が残されていないように思われた』",283活动剧情,アイムベリーベリーソーリー,エンディング-あい
283活动剧情/アイムベリーベリーソーリー/エンディング-あい.csv,84,4001039080600,真乃,『彼女が探していたものが何だったのか』,283活动剧情,アイムベリーベリーソーリー,エンディング-あい
283活动剧情/アイムベリーベリーソーリー/エンディング-あい.csv,87,4001039080630,真乃,────そうなんだ……,283活动剧情,アイムベリーベリーソーリー,エンディング-あい
283活动剧情/アイムベリーベリーソーリー/エンディング-あい.csv,92,4001039080641,真乃＆霧子,……っ,283活动剧情,アイムベリーベリーソーリー,エンディング-あい
283活动剧情/アイムベリーベリーソーリー/エンディング-あい.csv,93,4001039080650,真乃,そ、そうなんですね……,283活动剧情,アイムベリーベリーソーリー,エンディング-あい
283活动剧情/アイムベリーベリーソーリー/エンディング-あい.csv,98,4001039080680,真乃,"『あの夏、あの海に、
イーゼルとともにバラバラに砕けてしまった心』",283活动剧情,アイムベリーベリーソーリー,エンディング-あい
283活动剧情/アイムベリーベリーソーリー/エンディング-あい.csv,121,4001039080860,真乃,あ……,283活动剧情,アイムベリーベリーソーリー,エンディング-あい
283活动剧情/アイムベリーベリーソーリー/エンディング-あい.csv,122,4001039080870,真乃,────もしもし……？,283活动剧情,アイムベリーベリーソーリー,エンディング-あい
283活动剧情/アイムベリーベリーソーリー/エンディング-あい.csv,130,4001039080950,真乃,────……っ,283活动剧情,アイムベリーベリーソーリー,エンディング-あい
283活动剧情/アイムベリーベリーソーリー/エンディング-あい.csv,131,4001039080960,真乃,"は、はい
あの…………っ",283活动剧情,アイムベリーベリーソーリー,エンディング-あい
283活动剧情/アイムベリーベリーソーリー/エンディング-あい.csv,143,4001039081040,真乃,え、えっと……っ,283活动剧情,アイムベリーベリーソーリー,エンディング-あい
283活动剧情/アイムベリーベリーソーリー/エンディング-あい.csv,145,4001039081050,真乃,は、はい……っ,283活动剧情,アイムベリーベリーソーリー,エンディング-あい
283活动剧情/アイムベリーベリーソーリー/エンディング-あい.csv,147,4001039081060,真乃,──────……,283活动剧情,アイムベリーベリーソーリー,エンディング-あい
283活动剧情/アイムベリーベリーソーリー/エンディング-あい.csv,151,4001039081070,真乃,────赤ちゃんが、生まれたんだ……,283活动剧情,アイムベリーベリーソーリー,エンディング-あい
283活动剧情/アイムベリーベリーソーリー/エンディング-あい.csv,155,4001039081110,真乃,"『そして彼女が今も浜に立ち、
空からの祝福を受けていることを祈る』",283活动剧情,アイムベリーベリーソーリー,エンディング-あい
283活动剧情/アイムベリーベリーソーリー/エンディング-あい.csv,156,4001039081120,真乃,"『あの人のために
あの人の生きる世界のために』",283活动剧情,アイムベリーベリーソーリー,エンディング-あい
283活动剧情/アイムベリーベリーソーリー/オープニング-ふってきたんだ.csv,2,4001039010010,真乃,"あの人は、
どうやら何か探し物をしているらしい",283活动剧情,アイムベリーベリーソーリー,オープニング-ふってきたんだ
283活动剧情/アイムベリーベリーソーリー/オープニング-ふってきたんだ.csv,7,4001039010060,真乃,"どう見ても価値のなさそうなものに
しかし彼女はしばしば驚くような値を付けて買い取った",283活动剧情,アイムベリーベリーソーリー,オープニング-ふってきたんだ
283活动剧情/アイムベリーベリーソーリー/オープニング-ふってきたんだ.csv,20,4001039010190,真乃,……っ,283活动剧情,アイムベリーベリーソーリー,オープニング-ふってきたんだ
283活动剧情/アイムベリーベリーソーリー/オープニング-ふってきたんだ.csv,23,4001039010220,真乃,"はい……っ
『1320円になります』……っ",283活动剧情,アイムベリーベリーソーリー,オープニング-ふってきたんだ
283活动剧情/アイムベリーベリーソーリー/オープニング-ふってきたんだ.csv,28,4001039010270,真乃,うん……っ,283活动剧情,アイムベリーベリーソーリー,オープニング-ふってきたんだ
283活动剧情/アイムベリーベリーソーリー/オープニング-ふってきたんだ.csv,29,4001039010280,真乃,"────『2000』……
現計……っ",283活动剧情,アイムベリーベリーソーリー,オープニング-ふってきたんだ
283活动剧情/アイムベリーベリーソーリー/オープニング-ふってきたんだ.csv,30,4001039010281,真乃＆霧子,…………っ,283活动剧情,アイムベリーベリーソーリー,オープニング-ふってきたんだ
283活动剧情/アイムベリーベリーソーリー/オープニング-ふってきたんだ.csv,32,4001039010300,真乃,"うん……っ
『それでは、680円のお返しです』……っ",283活动剧情,アイムベリーベリーソーリー,オープニング-ふってきたんだ
283活动剧情/アイムベリーベリーソーリー/オープニング-ふってきたんだ.csv,36,4001039010320,真乃,は、はい……っ,283活动剧情,アイムベリーベリーソーリー,オープニング-ふってきたんだ
283活动剧情/アイムベリーベリーソーリー/オープニング-ふってきたんだ.csv,43,4001039010370,真乃,はい……っ,283活动剧情,アイムベリーベリーソーリー,オープニング-ふってきたんだ
283活动剧情/アイムベリーベリーソーリー/オープニング-ふってきたんだ.csv,50,4001039010390,真乃,"はい……っ
レジを打てるようになりました……っ",283活动剧情,アイムベリーベリーソーリー,オープニング-ふってきたんだ
283活动剧情/アイムベリーベリーソーリー/オープニング-ふってきたんだ.csv,55,4001039010430,真乃,"あ、あの……っ
お手伝いが必要だったら、私も────",283活动剧情,アイムベリーベリーソーリー,オープニング-ふってきたんだ
283活动剧情/アイムベリーベリーソーリー/オープニング-ふってきたんだ.csv,64,4001039010470,真乃,"────……
……ん────",283活动剧情,アイムベリーベリーソーリー,オープニング-ふってきたんだ
283活动剧情/アイムベリーベリーソーリー/オープニング-ふってきたんだ.csv,65,4001039010480,真乃,"……ほわ
ご、ごめんなさい……っ",283活动剧情,アイムベリーベリーソーリー,オープニング-ふってきたんだ
283活动剧情/アイムベリーベリーソーリー/オープニング-ふってきたんだ.csv,66,4001039010490,真乃,私、寝ちゃってたんだね……,283活动剧情,アイムベリーベリーソーリー,オープニング-ふってきたんだ
283活动剧情/アイムベリーベリーソーリー/オープニング-ふってきたんだ.csv,69,4001039010520,真乃,う、うん……,283活动剧情,アイムベリーベリーソーリー,オープニング-ふってきたんだ
283活动剧情/アイムベリーベリーソーリー/オープニング-ふってきたんだ.csv,70,4001039010530,真乃,"でも……
楽しくって……っ",283活动剧情,アイムベリーベリーソーリー,オープニング-ふってきたんだ
283活动剧情/アイムベリーベリーソーリー/オープニング-ふってきたんだ.csv,71,4001039010540,真乃,"こんなふうに、みんなでお花屋さんをやれて
その……夏休みなんだな、って……",283活动剧情,アイムベリーベリーソーリー,オープニング-ふってきたんだ
283活动剧情/アイムベリーベリーソーリー/オープニング-ふってきたんだ.csv,72,4001039010550,真乃,"楽しくって、
ちょっと興奮しすぎちゃったのかも……っ",283活动剧情,アイムベリーベリーソーリー,オープニング-ふってきたんだ
283活动剧情/アイムベリーベリーソーリー/オープニング-ふってきたんだ.csv,73,4001039010551,真乃＆霧子,ふふふ……っ,283活动剧情,アイムベリーベリーソーリー,オープニング-ふってきたんだ
283活动剧情/アイムベリーベリーソーリー/オープニング-ふってきたんだ.csv,74,4001039010560,真乃,────わ……,283活动剧情,アイムベリーベリーソーリー,オープニング-ふってきたんだ
283活动剧情/アイムベリーベリーソーリー/オープニング-ふってきたんだ.csv,75,4001039010570,真乃,ゲーム……！,283活动剧情,アイムベリーベリーソーリー,オープニング-ふってきたんだ
283活动剧情/アイムベリーベリーソーリー/オープニング-ふってきたんだ.csv,77,4001039010590,真乃,"う、ううん……っ
私が寝ちゃってたから……",283活动剧情,アイムベリーベリーソーリー,オープニング-ふってきたんだ
283活动剧情/アイムベリーベリーソーリー/オープニング-ふってきたんだ.csv,80,4001039010620,真乃,"ほわ……っ
うん……っ",283活动剧情,アイムベリーベリーソーリー,オープニング-ふってきたんだ
283活动剧情/アイムベリーベリーソーリー/オープニング-ふってきたんだ.csv,82,4001039010640,真乃,"はい……っ
────",283活动剧情,アイムベリーベリーソーリー,オープニング-ふってきたんだ
283活动剧情/アイムベリーベリーソーリー/オープニング-ふってきたんだ.csv,84,4001039010660,真乃,『そしたら、降ってきたんだ』,283活动剧情,アイムベリーベリーソーリー,オープニング-ふってきたんだ
283活动剧情/アイムベリーベリーソーリー/オープニング-ふってきたんだ.csv,85,4001039010670,真乃,『あいが』,283活动剧情,アイムベリーベリーソーリー,オープニング-ふってきたんだ
283活动剧情/アイムベリーベリーソーリー/オープニング-ふってきたんだ.csv,86,4001039010680,真乃,"『夏の空から、
あいが降ってきたんだ』",283活动剧情,アイムベリーベリーソーリー,オープニング-ふってきたんだ
283活动剧情/アイムベリーベリーソーリー/第2話-木イチゴのジャム.csv,3,4001039030020,真乃,────？,283活动剧情,アイムベリーベリーソーリー,第2話-木イチゴのジャム
283活动剧情/アイムベリーベリーソーリー/第2話-木イチゴのジャム.csv,6,4001039030050,真乃,"あ……
ええと……っ",283活动剧情,アイムベリーベリーソーリー,第2話-木イチゴのジャム
283活动剧情/アイムベリーベリーソーリー/第2話-木イチゴのジャム.csv,7,4001039030060,真乃,"霧子ちゃんの隣で、
画面を見せてもらって……",283活动剧情,アイムベリーベリーソーリー,第2話-木イチゴのジャム
283活动剧情/アイムベリーベリーソーリー/第2話-木イチゴのジャム.csv,13,4001039030120,真乃,は、はい……,283活动剧情,アイムベリーベリーソーリー,第2話-木イチゴのジャム
283活动剧情/アイムベリーベリーソーリー/第2話-木イチゴのジャム.csv,18,4001039030170,真乃,ご、ごめんなさい……っ,283活动剧情,アイムベリーベリーソーリー,第2話-木イチゴのジャム
283活动剧情/アイムベリーベリーソーリー/第2話-木イチゴのジャム.csv,25,4001039030240,真乃,"ダウンロードの仕方とかを
ちゃんと、聞けてなくて……",283活动剧情,アイムベリーベリーソーリー,第2話-木イチゴのジャム
283活动剧情/アイムベリーベリーソーリー/第2話-木イチゴのジャム.csv,27,4001039030260,真乃,"よかったら、
今やってみても……いいですか……っ",283活动剧情,アイムベリーベリーソーリー,第2話-木イチゴのジャム
283活动剧情/アイムベリーベリーソーリー/第2話-木イチゴのジャム.csv,30,4001039030290,真乃,"えっと……
あの────",283活动剧情,アイムベリーベリーソーリー,第2話-木イチゴのジャム
283活动剧情/アイムベリーベリーソーリー/第2話-木イチゴのジャム.csv,32,4001039030310,真乃,"……あの、私
どこでゲームを買えるか、わからなくって────",283活动剧情,アイムベリーベリーソーリー,第2話-木イチゴのジャム
283活动剧情/アイムベリーベリーソーリー/第2話-木イチゴのジャム.csv,42,4001039030401,真乃＆恋鐘,おお～～～！,283活动剧情,アイムベリーベリーソーリー,第2話-木イチゴのジャム
283活动剧情/アイムベリーベリーソーリー/第2話-木イチゴのジャム.csv,43,4001039030410,真乃,"にちかちゃん、
ありがとうございます……っ",283活动剧情,アイムベリーベリーソーリー,第2話-木イチゴのジャム
283活动剧情/アイムベリーベリーソーリー/第2話-木イチゴのジャム.csv,54,4001039030500,真乃,は、はい……っ,283活动剧情,アイムベリーベリーソーリー,第2話-木イチゴのジャム
283活动剧情/アイムベリーベリーソーリー/第2話-木イチゴのジャム.csv,55,4001039030510,真乃,"にちかちゃんに教えてもらって、
ダウンロード、するところでした……っ",283活动剧情,アイムベリーベリーソーリー,第2話-木イチゴのジャム
283活动剧情/アイムベリーベリーソーリー/第2話-木イチゴのジャム.csv,67,4001039030600,真乃,うん……っ,283活动剧情,アイムベリーベリーソーリー,第2話-木イチゴのジャム
283活动剧情/アイムベリーベリーソーリー/第2話-木イチゴのジャム.csv,68,4001039030610,真乃,"あの、にちかちゃんも美琴さんも……頑張ってくださいっ
なむなーむ……っ",283活动剧情,アイムベリーベリーソーリー,第2話-木イチゴのジャム
283活动剧情/アイムベリーベリーソーリー/第2話-木イチゴのジャム.csv,77,4001039030680,真乃,"うん……っ
ごめんね、ありがとう……",283活动剧情,アイムベリーベリーソーリー,第2話-木イチゴのジャム
283活动剧情/アイムベリーベリーソーリー/第2話-木イチゴのジャム.csv,78,4001039030690,真乃,"……
『いつものお花』……────",283活动剧情,アイムベリーベリーソーリー,第2話-木イチゴのジャム
283活动剧情/アイムベリーベリーソーリー/第2話-木イチゴのジャム.csv,80,4001039030700,真乃,"いえ……っ
お待たせしてしまって、すみません……っ",283活动剧情,アイムベリーベリーソーリー,第2話-木イチゴのジャム
283活动剧情/アイムベリーベリーソーリー/第2話-木イチゴのジャム.csv,83,4001039030710,真乃,"……っ、お疲れさまです……
すみません……っ、お客さまが────",283活动剧情,アイムベリーベリーソーリー,第2話-木イチゴのジャム
283活动剧情/アイムベリーベリーソーリー/第2話-木イチゴのジャム.csv,85,4001039030720,真乃,……,283活动剧情,アイムベリーベリーソーリー,第2話-木イチゴのジャム
283活动剧情/アイムベリーベリーソーリー/第2話-木イチゴのジャム.csv,87,4001039030740,真乃,"ありがとう……っ
あの、店長さんが戻られて……",283活动剧情,アイムベリーベリーソーリー,第2話-木イチゴのジャム
283活动剧情/アイムベリーベリーソーリー/第2話-木イチゴのジャム.csv,91,4001039030741,真乃＆霧子,……,283活动剧情,アイムベリーベリーソーリー,第2話-木イチゴのジャム
283活动剧情/アイムベリーベリーソーリー/第2話-木イチゴのジャム.csv,95,4001039030770,真乃,"い、いえ……っ
その……",283活动剧情,アイムベリーベリーソーリー,第2話-木イチゴのジャム
283活动剧情/アイムベリーベリーソーリー/第2話-木イチゴのジャム.csv,99,4001039030771,真乃＆霧子,……っ,283活动剧情,アイムベリーベリーソーリー,第2話-木イチゴのジャム
283活动剧情/アイムベリーベリーソーリー/第2話-木イチゴのジャム.csv,101,4001039030780,真乃,……はい……っ,283活动剧情,アイムベリーベリーソーリー,第2話-木イチゴのジャム
283活动剧情/アイムベリーベリーソーリー/第2話-木イチゴのジャム.csv,102,4001039030790,真乃,"すみません……っ
私が最初に、慌ててしまって……",283活动剧情,アイムベリーベリーソーリー,第2話-木イチゴのジャム
283活动剧情/アイムベリーベリーソーリー/第2話-木イチゴのジャム.csv,107,4001039030810,真乃,……,283活动剧情,アイムベリーベリーソーリー,第2話-木イチゴのジャム
283活动剧情/アイムベリーベリーソーリー/第2話-木イチゴのジャム.csv,111,4001039030850,真乃,"うん……
そうだね……",283活动剧情,アイムベリーベリーソーリー,第2話-木イチゴのジャム
283活动剧情/アイムベリーベリーソーリー/第2話-木イチゴのジャム.csv,112,4001039030860,真乃,"あんなに嬉しそうに抱えてもらったら……
お花もきっと、嬉しくなってくれるね……っ",283活动剧情,アイムベリーベリーソーリー,第2話-木イチゴのジャム
283活动剧情/アイムベリーベリーソーリー/第2話-木イチゴのジャム.csv,114,4001039030880,真乃,"……あ
ごめんなさい……",283活动剧情,アイムベリーベリーソーリー,第2話-木イチゴのジャム
283活动剧情/アイムベリーベリーソーリー/第2話-木イチゴのジャム.csv,118,4001039030900,真乃,う、うん……っ,283活动剧情,アイムベリーベリーソーリー,第2話-木イチゴのジャム
283活动剧情/アイムベリーベリーソーリー/第2話-木イチゴのジャム.csv,119,4001039030910,真乃,"……
店長さんは、すごいな……っ",283活动剧情,アイムベリーベリーソーリー,第2話-木イチゴのジャム
283活动剧情/アイムベリーベリーソーリー/第2話-木イチゴのジャム.csv,120,4001039030920,真乃,"10分くらいの店番だったのに
私、とっても難しくて……",283活动剧情,アイムベリーベリーソーリー,第2話-木イチゴのジャム
283活动剧情/アイムベリーベリーソーリー/第2話-木イチゴのジャム.csv,123,4001039030950,真乃,……？,283活动剧情,アイムベリーベリーソーリー,第2話-木イチゴのジャム
283活动剧情/アイムベリーベリーソーリー/第2話-木イチゴのジャム.csv,127,4001039030990,真乃,"……
霧子ちゃん……",283活动剧情,アイムベリーベリーソーリー,第2話-木イチゴのジャム
283活动剧情/アイムベリーベリーソーリー/第2話-木イチゴのジャム.csv,129,4001039031010,真乃,あ、あの……っ,283活动剧情,アイムベリーベリーソーリー,第2話-木イチゴのジャム
283活动剧情/アイムベリーベリーソーリー/第2話-木イチゴのジャム.csv,132,4001039031020,真乃,うん……っ,283活动剧情,アイムベリーベリーソーリー,第2話-木イチゴのジャム
283活动剧情/アイムベリーベリーソーリー/第2話-木イチゴのジャム.csv,133,4001039031030,真乃,ありがとう、霧子ちゃん……,283活动剧情,アイムベリーベリーソーリー,第2話-木イチゴのジャム
283活动剧情/アイムベリーベリーソーリー/第2話-木イチゴのジャム.csv,134,4001039031040,真乃,ステージと、同じなんだね……っ,283活动剧情,アイムベリーベリーソーリー,第2話-木イチゴのジャム
283活动剧情/アイムベリーベリーソーリー/第2話-木イチゴのジャム.csv,135,4001039031050,真乃,誰かの隣に、いさせてもらうことなんだね……,283活动剧情,アイムベリーベリーソーリー,第2話-木イチゴのジャム
283活动剧情/アイムベリーベリーソーリー/第4話-Crazy Sunday.csv,2,4001039050010,真乃,『──時々私は』,283活动剧情,アイムベリーベリーソーリー,第4話-Crazy Sunday
283活动剧情/アイムベリーベリーソーリー/第4話-Crazy Sunday.csv,3,4001039050020,真乃,"『あの人が、長く影の伸びる夏の午後の庭に
ひとり佇んでいる姿を目にした』",283活动剧情,アイムベリーベリーソーリー,第4話-Crazy Sunday
283活动剧情/アイムベリーベリーソーリー/第4話-Crazy Sunday.csv,6,4001039050050,真乃,────あ……,283活动剧情,アイムベリーベリーソーリー,第4話-Crazy Sunday
283活动剧情/アイムベリーベリーソーリー/第4話-Crazy Sunday.csv,7,4001039050060,真乃,"『渡り鳥たちが短い夏を楽しみ、草木が風と戯れ、
花と果実が光の祝福を浴びているその庭で』",283活动剧情,アイムベリーベリーソーリー,第4話-Crazy Sunday
283活动剧情/アイムベリーベリーソーリー/第4話-Crazy Sunday.csv,11,4001039050100,真乃,"『その姿を見ると、私はいてもたってもいられずに
夏の隅々までを徘徊し』",283活动剧情,アイムベリーベリーソーリー,第4話-Crazy Sunday
283活动剧情/アイムベリーベリーソーリー/第4話-Crazy Sunday.csv,17,4001039050160,真乃,"『ヒントありがとうございました
摩美々ちゃん』",283活动剧情,アイムベリーベリーソーリー,第4話-Crazy Sunday
283活动剧情/アイムベリーベリーソーリー/第4話-Crazy Sunday.csv,18,4001039050170,真乃,『みんなに助けてもらって、とても助かっています』,283活动剧情,アイムベリーベリーソーリー,第4話-Crazy Sunday
283活动剧情/アイムベリーベリーソーリー/第4話-Crazy Sunday.csv,19,4001039050180,真乃,"灯織ちゃんとめぐるちゃんに
ずるいって言われちゃうかな……",283活动剧情,アイムベリーベリーソーリー,第4話-Crazy Sunday
283活动剧情/アイムベリーベリーソーリー/第4話-Crazy Sunday.csv,20,4001039050190,真乃,ほわ……っ,283活动剧情,アイムベリーベリーソーリー,第4話-Crazy Sunday
283活动剧情/アイムベリーベリーソーリー/第4話-Crazy Sunday.csv,21,4001039050200,真乃,……変なお天気,283活动剧情,アイムベリーベリーソーリー,第4話-Crazy Sunday
283活动剧情/アイムベリーベリーソーリー/第4話-Crazy Sunday.csv,31,4001039050300,真乃,"『かつて若き絵描きと若き歌い手が出会ったのも
そうした夏の庭でのことだった』",283活动剧情,アイムベリーベリーソーリー,第4話-Crazy Sunday
283活动剧情/アイムベリーベリーソーリー/第4話-Crazy Sunday.csv,43,4001039050420,真乃,"『しかし、絵描きの卵も歌い手の卵も
その後町を出ることはなかった』",283活动剧情,アイムベリーベリーソーリー,第4話-Crazy Sunday
283活动剧情/アイムベリーベリーソーリー/第4話-Crazy Sunday.csv,60,4001039050590,真乃,『月日は矢のように過ぎていった』,283活动剧情,アイムベリーベリーソーリー,第4話-Crazy Sunday
283活动剧情/アイムベリーベリーソーリー/第4話-Crazy Sunday.csv,69,4001039050680,真乃,"『元歌い手の卵だった女は、渡り鳥たちの歌や
瑞々しい葉擦れの音に、ふと小さな焦りを覚えた』",283活动剧情,アイムベリーベリーソーリー,第4話-Crazy Sunday
283活动剧情/アイムベリーベリーソーリー/第4話-Crazy Sunday.csv,86,4001039050840,真乃,"『……店はどうする
家のことは？』",283活动剧情,アイムベリーベリーソーリー,第4話-Crazy Sunday
283活动剧情/アイムベリーベリーソーリー/第4話-Crazy Sunday.csv,98,4001039050950,真乃,"その返事に滲んだ、冷笑とも諧謔ともつかない響きを
妻は敏感に感じ取った",283活动剧情,アイムベリーベリーソーリー,第4話-Crazy Sunday
283活动剧情/アイムベリーベリーソーリー/第4話-Crazy Sunday.csv,109,4001039051060,真乃,"『なんだって……？　歌を習いに行けるような暮らしが
どんな商いの上に成り立っているのか、君は忘れたのか！』",283活动剧情,アイムベリーベリーソーリー,第4話-Crazy Sunday
283活动剧情/アイムベリーベリーソーリー/第4話-Crazy Sunday.csv,140,4001039051370,真乃,"『明日は台風直撃、研修は明後日以降に延期
まだ外にいるようなら、みんなも早めに帰宅してほしい』",283活动剧情,アイムベリーベリーソーリー,第4話-Crazy Sunday
283活动剧情/アイムベリーベリーソーリー/第4話-Crazy Sunday.csv,145,4001039051410,真乃,"『夫は妻の言葉を聞くと、何も言わずに立ち上がり
捨てられずに埃をかぶった古い画材を抱えて外へ出た』",283活动剧情,アイムベリーベリーソーリー,第4話-Crazy Sunday
283活动剧情/アイムベリーベリーソーリー/第4話-Crazy Sunday.csv,149,4001039051450,真乃,『彼女は、寡婦になった』,283活动剧情,アイムベリーベリーソーリー,第4話-Crazy Sunday
283活动剧情/アイムベリーベリーソーリー/第5話-ぼくらが走る理由.csv,14,4001039060060,真乃,"……っ……
……",283活动剧情,アイムベリーベリーソーリー,第5話-ぼくらが走る理由
283活动剧情/アイムベリーベリーソーリー/第5話-ぼくらが走る理由.csv,17,4001039060090,真乃,"……っ
窓……割れちゃってる……",283活动剧情,アイムベリーベリーソーリー,第5話-ぼくらが走る理由
283活动剧情/アイムベリーベリーソーリー/第5話-ぼくらが走る理由.csv,19,4001039060110,真乃,"……
お花……元気でいてくれますように……",283活动剧情,アイムベリーベリーソーリー,第5話-ぼくらが走る理由
283活动剧情/アイムベリーベリーソーリー/第5話-ぼくらが走る理由.csv,28,4001039060142,真乃＆霧子,おはようございます……っ,283活动剧情,アイムベリーベリーソーリー,第5話-ぼくらが走る理由
283活动剧情/アイムベリーベリーソーリー/第5話-ぼくらが走る理由.csv,30,4001039060150,真乃,"い、いえ……っ
摩美々ちゃんたちから聞いて……",283活动剧情,アイムベリーベリーソーリー,第5話-ぼくらが走る理由
283活动剧情/アイムベリーベリーソーリー/第5話-ぼくらが走る理由.csv,35,4001039060171,真乃＆霧子,はい……っ,283活动剧情,アイムベリーベリーソーリー,第5話-ぼくらが走る理由
283活动剧情/アイムベリーベリーソーリー/第5話-ぼくらが走る理由.csv,52,4001039060270,真乃,表、終わりました────,283活动剧情,アイムベリーベリーソーリー,第5話-ぼくらが走る理由
283活动剧情/アイムベリーベリーソーリー/第5話-ぼくらが走る理由.csv,64,4001039060310,真乃,……,283活动剧情,アイムベリーベリーソーリー,第5話-ぼくらが走る理由
283活动剧情/アイムベリーベリーソーリー/第5話-ぼくらが走る理由.csv,76,4001039060370,真乃,緑のお花じゃなきゃ……,283活动剧情,アイムベリーベリーソーリー,第5話-ぼくらが走る理由
283活动剧情/アイムベリーベリーソーリー/第5話-ぼくらが走る理由.csv,80,4001039060391,真乃＆霧子＆智代子,……,283活动剧情,アイムベリーベリーソーリー,第5話-ぼくらが走る理由
283活动剧情/アイムベリーベリーソーリー/第5話-ぼくらが走る理由.csv,83,4001039060410,真乃,"…………
あ、あの……っ",283活动剧情,アイムベリーベリーソーリー,第5話-ぼくらが走る理由
283活动剧情/アイムベリーベリーソーリー/第5話-ぼくらが走る理由.csv,84,4001039060420,真乃,他のお花屋さんから、買わせてもらうのは……,283活动剧情,アイムベリーベリーソーリー,第5話-ぼくらが走る理由
283活动剧情/アイムベリーベリーソーリー/第5話-ぼくらが走る理由.csv,90,4001039060460,真乃,────す、すみません、急に……,283活动剧情,アイムベリーベリーソーリー,第5話-ぼくらが走る理由
283活动剧情/アイムベリーベリーソーリー/第5話-ぼくらが走る理由.csv,94,4001039060470,真乃,"……あの……
それじゃあ…………",283活动剧情,アイムベリーベリーソーリー,第5話-ぼくらが走る理由
283活动剧情/アイムベリーベリーソーリー/第5話-ぼくらが走る理由.csv,97,4001039060500,真乃,智代子ちゃん……霧子ちゃん……,283活动剧情,アイムベリーベリーソーリー,第5話-ぼくらが走る理由
283活动剧情/アイムベリーベリーソーリー/第5話-ぼくらが走る理由.csv,99,4001039060520,真乃,"……っ
ま、摩美々ちゃん……",283活动剧情,アイムベリーベリーソーリー,第5話-ぼくらが走る理由
283活动剧情/アイムベリーベリーソーリー/第5話-ぼくらが走る理由.csv,100,4001039060530,真乃,"う、うん……
行きたいな……っ",283活动剧情,アイムベリーベリーソーリー,第5話-ぼくらが走る理由
283活动剧情/アイムベリーベリーソーリー/第6話-ゼア・グリーン・ヒムス.csv,2,4001039070010,真乃,プロデューサーさん……っ,283活动剧情,アイムベリーベリーソーリー,第6話-ゼア・グリーン・ヒムス
283活动剧情/アイムベリーベリーソーリー/第6話-ゼア・グリーン・ヒムス.csv,6,4001039070040,真乃,"にちかちゃん、美琴さん……っ
急に乗せてもらって……すみません……っ",283活动剧情,アイムベリーベリーソーリー,第6話-ゼア・グリーン・ヒムス
283活动剧情/アイムベリーベリーソーリー/第6話-ゼア・グリーン・ヒムス.csv,10,4001039070080,真乃,"はい……っ
よろしくお願いします……",283活动剧情,アイムベリーベリーソーリー,第6話-ゼア・グリーン・ヒムス
283活动剧情/アイムベリーベリーソーリー/第6話-ゼア・グリーン・ヒムス.csv,13,4001039070110,真乃,う、うん……気を付けて…………っ,283活动剧情,アイムベリーベリーソーリー,第6話-ゼア・グリーン・ヒムス
283活动剧情/アイムベリーベリーソーリー/第6話-ゼア・グリーン・ヒムス.csv,14,4001039070120,真乃,──すみません……,283活动剧情,アイムベリーベリーソーリー,第6話-ゼア・グリーン・ヒムス
283活动剧情/アイムベリーベリーソーリー/第6話-ゼア・グリーン・ヒムス.csv,16,4001039070140,真乃,あの……,283活动剧情,アイムベリーベリーソーリー,第6話-ゼア・グリーン・ヒムス
283活动剧情/アイムベリーベリーソーリー/第6話-ゼア・グリーン・ヒムス.csv,17,4001039070150,真乃,"台風で……
売るお花が……足りなくなって……",283活动剧情,アイムベリーベリーソーリー,第6話-ゼア・グリーン・ヒムス
283活动剧情/アイムベリーベリーソーリー/第6話-ゼア・グリーン・ヒムス.csv,23,4001039070210,真乃,……っ,283活动剧情,アイムベリーベリーソーリー,第6話-ゼア・グリーン・ヒムス
283活动剧情/アイムベリーベリーソーリー/第6話-ゼア・グリーン・ヒムス.csv,24,4001039070220,真乃,は、はい……,283活动剧情,アイムベリーベリーソーリー,第6話-ゼア・グリーン・ヒムス
283活动剧情/アイムベリーベリーソーリー/第6話-ゼア・グリーン・ヒムス.csv,29,4001039070260,真乃,"あの、はい……
お店も台風で、色々被害が出てしまって……",283活动剧情,アイムベリーベリーソーリー,第6話-ゼア・グリーン・ヒムス
283活动剧情/アイムベリーベリーソーリー/第6話-ゼア・グリーン・ヒムス.csv,31,4001039070280,真乃,……え……？,283活动剧情,アイムベリーベリーソーリー,第6話-ゼア・グリーン・ヒムス
283活动剧情/アイムベリーベリーソーリー/第6話-ゼア・グリーン・ヒムス.csv,35,4001039070320,真乃,"あ……
そ、そっか…………",283活动剧情,アイムベリーベリーソーリー,第6話-ゼア・グリーン・ヒムス
283活动剧情/アイムベリーベリーソーリー/第6話-ゼア・グリーン・ヒムス.csv,37,4001039070340,真乃,──でも……,283活动剧情,アイムベリーベリーソーリー,第6話-ゼア・グリーン・ヒムス
283活动剧情/アイムベリーベリーソーリー/第6話-ゼア・グリーン・ヒムス.csv,38,0000000000000,真乃,ステージと、同じなんだね……っ,283活动剧情,アイムベリーベリーソーリー,第6話-ゼア・グリーン・ヒムス
283活动剧情/アイムベリーベリーソーリー/第6話-ゼア・グリーン・ヒムス.csv,39,4001039070360,真乃,"────
お仕事……だから……",283活动剧情,アイムベリーベリーソーリー,第6話-ゼア・グリーン・ヒムス
283活动剧情/アイムベリーベリーソーリー/第6話-ゼア・グリーン・ヒムス.csv,40,4001039070370,真乃,"お花を、誰かの心に届けるお仕事をしてて……
だから……",283活动剧情,アイムベリーベリーソーリー,第6話-ゼア・グリーン・ヒムス
283活动剧情/アイムベリーベリーソーリー/第6話-ゼア・グリーン・ヒムス.csv,41,4001039070380,真乃,"届けられたらいいな……って
────ステージみたいに……",283活动剧情,アイムベリーベリーソーリー,第6話-ゼア・グリーン・ヒムス
283活动剧情/アイムベリーベリーソーリー/第6話-ゼア・グリーン・ヒムス.csv,46,4001039070410,真乃,"はい……っ
急に乗せていただいて、すみません……っ",283活动剧情,アイムベリーベリーソーリー,第6話-ゼア・グリーン・ヒムス
283活动剧情/アイムベリーベリーソーリー/第6話-ゼア・グリーン・ヒムス.csv,51,4001039070460,真乃,"……っ
あ、あの────",283活动剧情,アイムベリーベリーソーリー,第6話-ゼア・グリーン・ヒムス
283活动剧情/アイムベリーベリーソーリー/第6話-ゼア・グリーン・ヒムス.csv,53,4001039070480,真乃,────は、はい……っ,283活动剧情,アイムベリーベリーソーリー,第6話-ゼア・グリーン・ヒムス
283活动剧情/アイムベリーベリーソーリー/第6話-ゼア・グリーン・ヒムス.csv,87,0000000000000,真乃,"届けられたらいいな……って
────ステージみたいに……",283活动剧情,アイムベリーベリーソーリー,第6話-ゼア・グリーン・ヒムス
283活动剧情/アイムベリーベリーソーリー/第6話-ゼア・グリーン・ヒムス.csv,99,4001039070760,真乃,"『手伝ってくださって、ありがとうございました
緑のトルコキキョウです』",283活动剧情,アイムベリーベリーソーリー,第6話-ゼア・グリーン・ヒムス
283活动剧情/アイムベリーベリーソーリー/第6話-ゼア・グリーン・ヒムス.csv,107,4001039070810,真乃,ありがとうございました……っ,283活动剧情,アイムベリーベリーソーリー,第6話-ゼア・グリーン・ヒムス
283活动剧情/アイムベリーベリーソーリー/第6話-ゼア・グリーン・ヒムス.csv,110,4001039070840,真乃,"……っ……はっ……
…………",283活动剧情,アイムベリーベリーソーリー,第6話-ゼア・グリーン・ヒムス
283活动剧情/アイムベリーベリーソーリー/第6話-ゼア・グリーン・ヒムス.csv,112,4001039070850,真乃,"……──────
そういうふうにしたら……",283活动剧情,アイムベリーベリーソーリー,第6話-ゼア・グリーン・ヒムス
283活动剧情/アイムベリーベリーソーリー/第6話-ゼア・グリーン・ヒムス.csv,113,4001039070860,真乃,"自分が嬉しいっていう、だけかも……
────",283活动剧情,アイムベリーベリーソーリー,第6話-ゼア・グリーン・ヒムス
283活动剧情/アイムベリーベリーソーリー/第6話-ゼア・グリーン・ヒムス.csv,114,4001039070870,真乃,──────……,283活动剧情,アイムベリーベリーソーリー,第6話-ゼア・グリーン・ヒムス
283活动剧情/アイムベリーベリーソーリー/第6話-ゼア・グリーン・ヒムス.csv,120,4001039070890,真乃,ふふ……っ,283活动剧情,アイムベリーベリーソーリー,第6話-ゼア・グリーン・ヒムス
283活动剧情/アジェンダ２８３/序章-基本的なスタンスについて.csv,29,4001027010270,真乃,────あ……,283活动剧情,アジェンダ２８３,序章-基本的なスタンスについて
283活动剧情/アジェンダ２８３/序章-基本的なスタンスについて.csv,30,4001027010280,真乃,ノクチル……さんたち？,283活动剧情,アジェンダ２８３,序章-基本的なスタンスについて
283活动剧情/アジェンダ２８３/序章-基本的なスタンスについて.csv,33,4001027010310,真乃,────……,283活动剧情,アジェンダ２８３,序章-基本的なスタンスについて
283活动剧情/アジェンダ２８３/序章-基本的なスタンスについて.csv,35,4001027010330,真乃,"あ、うん……っ
────",283活动剧情,アジェンダ２８３,序章-基本的なスタンスについて
283活动剧情/アジェンダ２８３/序章-基本的なスタンスについて.csv,40,4001027010380,真乃,そっ、そうだね……っ,283活动剧情,アジェンダ２８３,序章-基本的なスタンスについて
283活动剧情/アジェンダ２８３/序章-基本的なスタンスについて.csv,45,4001027010430,真乃,──お、お疲れさまです……っ,283活动剧情,アジェンダ２８３,序章-基本的なスタンスについて
283活动剧情/アジェンダ２８３/序章-基本的なスタンスについて.csv,47,4001027010450,真乃,"お邪魔します……
お掃除……ですか……っ",283活动剧情,アジェンダ２８３,序章-基本的なスタンスについて
283活动剧情/アジェンダ２８３/序章-基本的なスタンスについて.csv,51,4001027010490,真乃,"あっ、う、ううん……違うんです……っ
私たちが、後から来てるし……",283活动剧情,アジェンダ２８３,序章-基本的なスタンスについて
283活动剧情/アジェンダ２８３/序章-基本的なスタンスについて.csv,57,4001027010550,真乃,"あっ、えっと……
どうしても必要なものじゃないんですけど",283活动剧情,アジェンダ２８３,序章-基本的なスタンスについて
283活动剧情/アジェンダ２８３/序章-基本的なスタンスについて.csv,58,4001027010560,真乃,ミニ扇風機────,283活动剧情,アジェンダ２８３,序章-基本的なスタンスについて
283活动剧情/アジェンダ２８３/序章-基本的なスタンスについて.csv,64,4001027010610,真乃,うん……,283活动剧情,アジェンダ２８３,序章-基本的なスタンスについて
283活动剧情/アジェンダ２８３/序章-基本的なスタンスについて.csv,66,4001027010630,真乃,"ふふっ
めぐるちゃん、いっぱい見つけててすごい……っ",283活动剧情,アジェンダ２８３,序章-基本的なスタンスについて
283活动剧情/アジェンダ２８３/序章-基本的なスタンスについて.csv,67,4001027010640,真乃,……私、まだめぐるちゃんの半分くらいかな,283活动剧情,アジェンダ２８３,序章-基本的なスタンスについて
283活动剧情/アジェンダ２８３/序章-基本的なスタンスについて.csv,72,4001027010690,真乃,"──
あー……っ",283活动剧情,アジェンダ２８３,序章-基本的なスタンスについて
283活动剧情/アジェンダ２８３/序章-基本的なスタンスについて.csv,74,4001027010700,真乃,"──あっ、見つけた
ビン、回収……っ",283活动剧情,アジェンダ２８３,序章-基本的なスタンスについて
283活动剧情/アジェンダ２８３/序章-基本的なスタンスについて.csv,76,4001027010720,真乃,"────
あのっ",283活动剧情,アジェンダ２８３,序章-基本的なスタンスについて
283活动剧情/アジェンダ２８３/序章-基本的なスタンスについて.csv,77,4001027010730,真乃,"付き合ってくれて、
ありがとう……っ",283活动剧情,アジェンダ２８３,序章-基本的なスタンスについて
283活动剧情/アジェンダ２８３/序章-基本的なスタンスについて.csv,82,4001027010770,真乃,"……っ
う、うん……っ",283活动剧情,アジェンダ２８３,序章-基本的なスタンスについて
283活动剧情/アジェンダ２８３/序章-基本的なスタンスについて.csv,83,4001027010780,真乃,じゃあ……,283活动剧情,アジェンダ２８３,序章-基本的なスタンスについて
283活动剧情/アジェンダ２８３/序章-基本的なスタンスについて.csv,84,4001027010790,真乃,やっぱり、ありがとう……っ,283活动剧情,アジェンダ２８３,序章-基本的なスタンスについて
283活动剧情/アジェンダ２８３/序章-基本的なスタンスについて.csv,89,4001027010840,真乃,"──あのね……
他のみんなは、どうだと思う……？",283活动剧情,アジェンダ２８３,序章-基本的なスタンスについて
283活动剧情/アジェンダ２８３/序章-基本的なスタンスについて.csv,91,4001027010860,真乃,"プロデューサーさんが……
せっかくなら、事務所のみんなでやってみようって",283活动剧情,アジェンダ２８３,序章-基本的なスタンスについて
283活动剧情/アジェンダ２８３/序章-基本的なスタンスについて.csv,93,4001027010880,真乃,うん……,283活动剧情,アジェンダ２８３,序章-基本的なスタンスについて
283活动剧情/アジェンダ２８３/序章-基本的なスタンスについて.csv,94,4001027010890,真乃,"ここの地域にもお世話になってるし
いいレクリエーションにもなるんじゃないかって",283活动剧情,アジェンダ２８３,序章-基本的なスタンスについて
283活动剧情/アジェンダ２８３/序章-基本的なスタンスについて.csv,96,4001027010910,真乃,"そ、その……
みんなでやれたらとってもうれしいなって思うし──",283活动剧情,アジェンダ２８３,序章-基本的なスタンスについて
283活动剧情/アジェンダ２８３/序章-基本的なスタンスについて.csv,97,4001027010920,真乃,"みんなもきっと、
うんって言ってくれるって思うんだけど……",283活动剧情,アジェンダ２８３,序章-基本的なスタンスについて
283活动剧情/アジェンダ２８３/序章-基本的なスタンスについて.csv,98,4001027010930,真乃,"でも、暑いし、忙しいし……
我慢したり無理しちゃう人、いないかなって……",283活动剧情,アジェンダ２８３,序章-基本的なスタンスについて
283活动剧情/アジェンダ２８３/序章-基本的なスタンスについて.csv,100,4001027010950,真乃,"私が、勝手に始めたことなのに
その……────",283活动剧情,アジェンダ２８３,序章-基本的なスタンスについて
283活动剧情/アジェンダ２８３/序章-基本的なスタンスについて.csv,103,4001027010980,真乃,う、うん……っ,283活动剧情,アジェンダ２８３,序章-基本的なスタンスについて
283活动剧情/アジェンダ２８３/序章-基本的なスタンスについて.csv,109,4001027011040,真乃,ふふっ、うん,283活动剧情,アジェンダ２８３,序章-基本的なスタンスについて
283活动剧情/アジェンダ２８３/序章-基本的なスタンスについて.csv,110,4001027011050,真乃,そうする……っ,283活动剧情,アジェンダ２８３,序章-基本的なスタンスについて
283活动剧情/アジェンダ２８３/序章-基本的なスタンスについて.csv,111,4001027011060,真乃,"ありがとう……
私たちって、言ってくれて────",283活动剧情,アジェンダ２８３,序章-基本的なスタンスについて
283活动剧情/アジェンダ２８３/第1话-企画概要.csv,3,4001027020020,真乃,恋鐘ちゃん……？,283活动剧情,アジェンダ２８３,第1话-企画概要
283活动剧情/アジェンダ２８３/第1话-企画概要.csv,7,4001027020060,真乃,"なんだろう
全体のグループ……",283活动剧情,アジェンダ２８３,第1话-企画概要
283活动剧情/アジェンダ２８３/第1话-企画概要.csv,10,4001027020100,真乃,────あ……,283活动剧情,アジェンダ２８３,第1话-企画概要
283活动剧情/アジェンダ２８３/第1话-企画概要.csv,13,4001027020130,真乃,ごみ拾い……？,283活动剧情,アジェンダ２８３,第1话-企画概要
283活动剧情/アジェンダ２８３/第1话-企画概要.csv,15,4001027020150,真乃,"果穂ちゃん
お疲れさまですっ",283活动剧情,アジェンダ２８３,第1话-企画概要
283活动剧情/アジェンダ２８３/第1话-企画概要.csv,18,4001027020170,真乃,"い、いえ……っ
そういうわけじゃ────",283活动剧情,アジェンダ２８３,第1话-企画概要
283活动剧情/アジェンダ２８３/第1话-企画概要.csv,20,4001027020190,真乃,"ふふっ
果穂ちゃん……",283活动剧情,アジェンダ２８３,第1话-企画概要
283活动剧情/アジェンダ２８３/第1话-企画概要.csv,21,4001027020200,真乃,"ありがとう……っ
あの────",283活动剧情,アジェンダ２８３,第1话-企画概要
283活动剧情/アジェンダ２８３/第1话-企画概要.csv,22,4001027020210,真乃,"でも、暑いし、忙しいし……
我慢したり無理しちゃう人、いないかなって……",283活动剧情,アジェンダ２８３,第1话-企画概要
283活动剧情/アジェンダ２８３/第1话-企画概要.csv,24,4001027020230,真乃,う、ううん……っ,283活动剧情,アジェンダ２８３,第1话-企画概要
283活动剧情/アジェンダ２８３/第1话-企画概要.csv,28,4001027020240,真乃,"……っ
は、はい……",283活动剧情,アジェンダ２８３,第1话-企画概要
283活动剧情/アジェンダ２８３/第1话-企画概要.csv,29,4001027020250,真乃,"すごいな……
軍手とトングがあったら、ばっちりだね……っ",283活动剧情,アジェンダ２８３,第1话-企画概要
283活动剧情/アジェンダ２８３/第1话-企画概要.csv,31,4001027020270,真乃,あ、あの……っ,283活动剧情,アジェンダ２８３,第1话-企画概要
283活动剧情/アジェンダ２８３/第1话-企画概要.csv,33,4001027020280,真乃,みんなが、その……,283活动剧情,アジェンダ２８３,第1话-企画概要
283活动剧情/アジェンダ２８３/第1话-企画概要.csv,34,4001027020290,真乃,"無理して参加してくれていたり
しないでしょうか……",283活动剧情,アジェンダ２８３,第1话-企画概要
283活动剧情/アジェンダ２８３/第1话-企画概要.csv,37,4001027020310,真乃,えっ、お勉強……？,283活动剧情,アジェンダ２８３,第1话-企画概要
283活动剧情/アジェンダ２８３/第1话-企画概要.csv,41,4001027020350,真乃,"す、すごいな……っ
環境大臣さん……",283活动剧情,アジェンダ２８３,第1话-企画概要
283活动剧情/アジェンダ２８３/第1话-企画概要.csv,43,4001027020370,真乃,う、うん……っ,283活动剧情,アジェンダ２８３,第1话-企画概要
283活动剧情/アジェンダ２８３/第1话-企画概要.csv,45,4001027020380,真乃,"……っ
プロデューサーさん……",283活动剧情,アジェンダ２８３,第1话-企画概要
283活动剧情/アジェンダ２８３/第1话-企画概要.csv,48,4001027020400,真乃,は、はい……っ,283活动剧情,アジェンダ２８３,第1话-企画概要
283活动剧情/アジェンダ２８３/第1话-企画概要.csv,51,4001027020410,真乃,────……,283活动剧情,アジェンダ２８３,第1话-企画概要
283活动剧情/アジェンダ２８３/第1话-企画概要.csv,54,4001027020420,真乃,"……っ
プロデューサーさん……",283活动剧情,アジェンダ２８３,第1话-企画概要
283活动剧情/アジェンダ２８３/第1话-企画概要.csv,55,4001027020430,真乃,……────,283活动剧情,アジェンダ２８３,第1话-企画概要
283活动剧情/アジェンダ２８３/第1话-企画概要.csv,56,4001027020440,真乃,"……
気にしすぎちゃってるのかな……",283活动剧情,アジェンダ２８３,第1话-企画概要
283活动剧情/アジェンダ２８３/第1话-企画概要.csv,57,4001027020450,真乃,──あ,283活动剧情,アジェンダ２８３,第1话-企画概要
283活动剧情/アジェンダ２８３/第1话-企画概要.csv,60,4001027020480,真乃,わ……,283活动剧情,アジェンダ２８３,第1话-企画概要
283活动剧情/アジェンダ２８３/第1话-企画概要.csv,62,4001027020500,真乃,わぁ……,283活动剧情,アジェンダ２８３,第1话-企画概要
283活动剧情/アジェンダ２８３/第1话-企画概要.csv,63,4001027020510,真乃,"えっと
『ありがとう』────",283活动剧情,アジェンダ２８３,第1话-企画概要
283活动剧情/アジェンダ２８３/第1话-企画概要.csv,64,4001027020520,真乃,"ふふっ
ありがとうってばっかり言ってる",283活动剧情,アジェンダ２８３,第1话-企画概要
283活动剧情/アジェンダ２８３/第1话-企画概要.csv,65,4001027020530,真乃,"……
うれしいな……",283活动剧情,アジェンダ２８３,第1话-企画概要
283活动剧情/アジェンダ２８３/第3话-つながりを考えましょう.csv,6,4001027040002,真乃＆灯織＆めぐる,はい……っ,283活动剧情,アジェンダ２８３,第3话-つながりを考えましょう
283活动剧情/アジェンダ２８３/第3话-つながりを考えましょう.csv,23,4001027040150,真乃,…………,283活动剧情,アジェンダ２８３,第3话-つながりを考えましょう
283活动剧情/アジェンダ２８３/第3话-つながりを考えましょう.csv,25,4001027040170,真乃,"──あっ
ううん……っ",283活动剧情,アジェンダ２８３,第3话-つながりを考えましょう
283活动剧情/アジェンダ２８３/第3话-つながりを考えましょう.csv,27,4001027040190,真乃,"う、ううん……
飲み物がないみたい",283活动剧情,アジェンダ２８３,第3话-つながりを考えましょう
283活动剧情/アジェンダ２８３/第3话-つながりを考えましょう.csv,29,4001027040210,真乃,あ、だ、大丈夫……っ,283活动剧情,アジェンダ２８３,第3话-つながりを考えましょう
283活动剧情/アジェンダ２８３/第3话-つながりを考えましょう.csv,30,4001027040220,真乃,みたい……,283活动剧情,アジェンダ２８３,第3话-つながりを考えましょう
283活动剧情/アジェンダ２８３/第3话-つながりを考えましょう.csv,32,4001027040240,真乃,うん……っ,283活动剧情,アジェンダ２８３,第3话-つながりを考えましょう
283活动剧情/アジェンダ２８３/第3话-つながりを考えましょう.csv,33,4001027040250,真乃,"買い物に行くの、
楽しそうだったから",283活动剧情,アジェンダ２８３,第3话-つながりを考えましょう
283活动剧情/アジェンダ２８３/第3话-つながりを考えましょう.csv,37,4001027040290,真乃,めぐるちゃん……っ,283活动剧情,アジェンダ２８３,第3话-つながりを考えましょう
283活动剧情/アジェンダ２８３/第3话-つながりを考えましょう.csv,41,4001027040330,真乃,……っ,283活动剧情,アジェンダ２８３,第3话-つながりを考えましょう
283活动剧情/アジェンダ２８３/第3话-つながりを考えましょう.csv,43,4001027040350,真乃,えっと……っ,283活动剧情,アジェンダ２８３,第3话-つながりを考えましょう
283活动剧情/アジェンダ２８３/第3话-つながりを考えましょう.csv,45,4001027040370,真乃,"そ、そっか……っ
…………",283活动剧情,アジェンダ２８３,第3话-つながりを考えましょう
283活动剧情/アジェンダ２８３/第3话-つながりを考えましょう.csv,46,4001027040380,真乃,"──みんな、本当は今日
ちょっと無理して来てくれてるのかもって……",283活动剧情,アジェンダ２８３,第3话-つながりを考えましょう
283活动剧情/アジェンダ２８３/第3话-つながりを考えましょう.csv,48,4001027040390,真乃,そんなことばっかり……考えちゃって,283活动剧情,アジェンダ２８３,第3话-つながりを考えましょう
283活动剧情/アジェンダ２８３/第3话-つながりを考えましょう.csv,51,4001027040420,真乃,……,283活动剧情,アジェンダ２８３,第3话-つながりを考えましょう
283活动剧情/アジェンダ２８３/第3话-つながりを考えましょう.csv,52,4001027040430,真乃,"私が楽しくなかったら
来てくれたみんなに、失礼だもんね……っ",283活动剧情,アジェンダ２８３,第3话-つながりを考えましょう
283活动剧情/アジェンダ２８３/第3话-つながりを考えましょう.csv,58,4001027040490,真乃,え、えっと……っ,283活动剧情,アジェンダ２８３,第3话-つながりを考えましょう
283活动剧情/アジェンダ２８３/第3话-つながりを考えましょう.csv,59,4001027040500,真乃,バニラ……っ,283活动剧情,アジェンダ２８３,第3话-つながりを考えましょう
283活动剧情/アジェンダ２８３/第5话-会うことのない誰かのために.csv,39,4001027060360,真乃,"お疲れさまです……っ
あの────",283活动剧情,アジェンダ２８３,第5话-会うことのない誰かのために
283活动剧情/アジェンダ２８３/第5话-会うことのない誰かのために.csv,42,4001027060390,真乃,"うん……っ
冷たいお水、どうかなって",283活动剧情,アジェンダ２８３,第5话-会うことのない誰かのために
283活动剧情/アジェンダ２８３/第5话-会うことのない誰かのために.csv,44,4001027060410,真乃,わ、じゃあ……,283活动剧情,アジェンダ２８３,第5话-会うことのない誰かのために
283活动剧情/アジェンダ２８３/第5话-会うことのない誰かのために.csv,49,4001027060450,真乃,"う、ううん……っ
私も、混ぜてもらっちゃって……",283活动剧情,アジェンダ２８３,第5话-会うことのない誰かのために
283活动剧情/アジェンダ２８３/第5话-会うことのない誰かのために.csv,61,4001027060560,真乃,わぁ、総理さん……なんだね……っ,283活动剧情,アジェンダ２８３,第5话-会うことのない誰かのために
283活动剧情/アジェンダ２８３/第5话-会うことのない誰かのために.csv,101,4001027060950,真乃,…………,283活动剧情,アジェンダ２８３,第5话-会うことのない誰かのために
283活动剧情/アジェンダ２８３/第5话-会うことのない誰かのために.csv,144,4001027061350,真乃,"……
昔の……未来……",283活动剧情,アジェンダ２８３,第5话-会うことのない誰かのために
283活动剧情/アジェンダ２８３/第5话-会うことのない誰かのために.csv,169,4001027061600,真乃,……えっと、英語の言葉……？,283活动剧情,アジェンダ２８３,第5话-会うことのない誰かのために
283活动剧情/アジェンダ２８３/第6话-つながるがつながる.csv,58,4001027070500,真乃,──じゃあ、他のみんなのところも回ってくるね……っ,283活动剧情,アジェンダ２８３,第6话-つながるがつながる
283活动剧情/アジェンダ２８３/第6话-つながるがつながる.csv,60,4001027070520,真乃,うん、また後で……っ,283活动剧情,アジェンダ２８３,第6话-つながるがつながる
283活动剧情/アジェンダ２８３/第6话-つながるがつながる.csv,72,4001027070640,真乃,"あとは、公園──
ノクチルさんたちのところ……",283活动剧情,アジェンダ２８３,第6话-つながるがつながる
283活动剧情/アジェンダ２８３/第6话-つながるがつながる.csv,75,4001027070670,真乃,"──
ノクチルさんたちも……",283活动剧情,アジェンダ２８３,第6话-つながるがつながる
283活动剧情/アジェンダ２８３/第6话-つながるがつながる.csv,76,4001027070680,真乃,楽しんで……もらえてたらいいな────,283活动剧情,アジェンダ２８３,第6话-つながるがつながる
283活动剧情/アジェンダ２８３/第6话-つながるがつながる.csv,93,4001027070850,真乃,──あれっ,283活动剧情,アジェンダ２８３,第6话-つながるがつながる
283活动剧情/アジェンダ２８３/第6话-つながるがつながる.csv,94,4001027070860,真乃,誰もいない……？,283活动剧情,アジェンダ２８３,第6话-つながるがつながる
283活动剧情/アジェンダ２８３/第6话-つながるがつながる.csv,95,4001027070870,真乃,河原に戻ったのかな……,283活动剧情,アジェンダ２８３,第6话-つながるがつながる
283活动剧情/アジェンダ２８３/第6话-つながるがつながる.csv,97,4001027070890,真乃,"……
あ……っ",283活动剧情,アジェンダ２８３,第6话-つながるがつながる
283活动剧情/アジェンダ２８３/第6话-つながるがつながる.csv,98,4001027070891,真乃＆小糸,──……！,283活动剧情,アジェンダ２８３,第6话-つながるがつながる
283活动剧情/アジェンダ２８３/第6话-つながるがつながる.csv,111,4001027071010,真乃,"あの……
隣にいてくれて、ありがとう",283活动剧情,アジェンダ２８３,第6话-つながるがつながる
283活动剧情/アジェンダ２８３/第6话-つながるがつながる.csv,116,4001027071060,真乃,"……えっ
あの……なんにも──",283活动剧情,アジェンダ２８３,第6话-つながるがつながる
283活动剧情/アジェンダ２８３/第6话-つながるがつながる.csv,117,4001027071061,真乃,わ、私も飛び出して、ごめんなさい……っ,283活动剧情,アジェンダ２８３,第6话-つながるがつながる
283活动剧情/アジェンダ２８３/第6话-つながるがつながる.csv,119,4001027071080,真乃,"…………
……え、えっと……その……",283活动剧情,アジェンダ２８３,第6话-つながるがつながる
283活动剧情/アジェンダ２８３/第6话-つながるがつながる.csv,121,4001027071100,真乃,あ、あの……みなさんは……,283活动剧情,アジェンダ２８３,第6话-つながるがつながる
283活动剧情/アジェンダ２８３/第6话-つながるがつながる.csv,126,4001027071150,真乃,"……？
雛菜ちゃん……",283活动剧情,アジェンダ２８３,第6话-つながるがつながる
283活动剧情/アジェンダ２８３/终章-今日を終える前に.csv,2,4001027080010,真乃,"それでね……
私も一緒に、缶蹴りしたの……っ",283活动剧情,アジェンダ２８３,终章-今日を終える前に
283活动剧情/アジェンダ２８３/终章-今日を終える前に.csv,4,4001027080030,真乃,うん……っ,283活动剧情,アジェンダ２８３,终章-今日を終える前に
283活动剧情/アジェンダ２８３/终章-今日を終える前に.csv,6,4001027080050,真乃,──じゃ、じゃあ……あの……,283活动剧情,アジェンダ２８３,终章-今日を終える前に
283活动剧情/アジェンダ２８３/终章-今日を終える前に.csv,7,4001027080060,真乃,"私のせいで負けちゃったから、
鬼、私がやるね……っ",283活动剧情,アジェンダ２８３,终章-今日を終える前に
283活动剧情/アジェンダ２８３/终章-今日を終える前に.csv,12,4001027080110,真乃,ほわ……,283活动剧情,アジェンダ２８３,终章-今日を終える前に
283活动剧情/アジェンダ２８３/终章-今日を終える前に.csv,15,4001027080140,真乃,……えっと……う、うん……,283活动剧情,アジェンダ２８３,终章-今日を終える前に
283活动剧情/アジェンダ２８３/终章-今日を終える前に.csv,16,4001027080150,真乃,"──でも、あの
透ちゃんは……？",283活动剧情,アジェンダ２８３,终章-今日を終える前に
283活动剧情/アジェンダ２８３/终章-今日を終える前に.csv,19,4001027080180,真乃,……っ,283活动剧情,アジェンダ２８３,终章-今日を終える前に
283活动剧情/アジェンダ２８３/终章-今日を終える前に.csv,21,4001027080200,真乃,"すごい……
仲がいいっていうか",283活动剧情,アジェンダ２８３,终章-今日を終える前に
283活动剧情/アジェンダ２８３/终章-今日を終える前に.csv,23,4001027080220,真乃,えっと、うん────,283活动剧情,アジェンダ２８３,终章-今日を終える前に
283活动剧情/アジェンダ２８３/终章-今日を終える前に.csv,24,4001027080230,真乃,──あ、円香ちゃん……,283活动剧情,アジェンダ２８３,终章-今日を終える前に
283活动剧情/アジェンダ２８３/终章-今日を終える前に.csv,26,4001027080250,真乃,"ご、ごめんなさい……っ
別のとこに行────",283活动剧情,アジェンダ２８３,终章-今日を終える前に
283活动剧情/アジェンダ２８３/终章-今日を終える前に.csv,29,4001027080280,真乃,"……っ
ありがとう……",283活动剧情,アジェンダ２８３,终章-今日を終える前に
283活动剧情/アジェンダ２８３/终章-今日を終える前に.csv,32,4001027080310,真乃,"それで、連携して勝とうってなって
私がおとりをやったんだ……っ",283活动剧情,アジェンダ２８３,终章-今日を終える前に
283活动剧情/アジェンダ２８３/终章-今日を終える前に.csv,35,4001027080331,真乃＆めぐる,え……っ,283活动剧情,アジェンダ２８３,终章-今日を終える前に
283活动剧情/アジェンダ２８３/终章-今日を終える前に.csv,36,4001027080340,真乃,それも、すごいな……っ,283活动剧情,アジェンダ２８３,终章-今日を終える前に
283活动剧情/アジェンダ２８３/终章-今日を終える前に.csv,41,4001027080381,真乃＆めぐる,わーっ！！,283活动剧情,アジェンダ２８３,终章-今日を終える前に
283活动剧情/アジェンダ２８３/终章-今日を終える前に.csv,44,4001027080390,真乃,"でも灯織ちゃん、
大変なごみのお手伝いもしたんだよね……",283活动剧情,アジェンダ２８３,终章-今日を終える前に
283活动剧情/アジェンダ２８３/终章-今日を終える前に.csv,68,4001027080630,真乃,"私たちも見習わなきゃいけないこと
いっぱいだね……っ",283活动剧情,アジェンダ２８３,终章-今日を終える前に
283活动剧情/アジェンダ２８３/终章-今日を終える前に.csv,71,4001027080651,真乃＆めぐる,…………,283活动剧情,アジェンダ２８３,终章-今日を終える前に
283活动剧情/アジェンダ２８３/终章-今日を終える前に.csv,74,4001027080680,真乃,……っ,283活动剧情,アジェンダ２８３,终章-今日を終える前に
283活动剧情/アジェンダ２８３/终章-今日を終える前に.csv,79,4001027080730,真乃,わぁ……,283活动剧情,アジェンダ２８３,终章-今日を終える前に
283活动剧情/アジェンダ２８３/终章-今日を終える前に.csv,82,4001027080760,真乃,…………っ,283活动剧情,アジェンダ２８３,终章-今日を終える前に
283活动剧情/アジェンダ２８３/终章-今日を終える前に.csv,88,4001027080770,真乃,そっ、そうだったら……,283活动剧情,アジェンダ２８３,终章-今日を終える前に
283活动剧情/アジェンダ２８３/终章-今日を終える前に.csv,89,4001027080780,真乃,そうだったら、いいな……っ,283活动剧情,アジェンダ２８３,终章-今日を終える前に
283活动剧情/アジェンダ２８３/终章-今日を終える前に.csv,90,4001027080790,真乃,"──放クラのみんなもね
すごく……いろんなことを教えてくれたの",283活动剧情,アジェンダ２８３,终章-今日を終える前に
283活动剧情/アジェンダ２８３/终章-今日を終える前に.csv,91,4001027080800,真乃,"みんなで、とっても難しいお話をしてて
ちゃんとわかったか、わからないけど────",283活动剧情,アジェンダ２８３,终章-今日を終える前に
283活动剧情/アジェンダ２８３/终章-今日を終える前に.csv,92,4001027080810,真乃,"ごみを拾ったら、
この場所はきれいになって……",283活动剧情,アジェンダ２８３,终章-今日を終える前に
283活动剧情/アジェンダ２８３/终章-今日を終える前に.csv,93,4001027080820,真乃,"でも、ごみになるものを使ったり作ったりしてる間は、
未来にごみが残り続けるって……",283活动剧情,アジェンダ２８３,终章-今日を終える前に
283活动剧情/アジェンダ２８３/终章-今日を終える前に.csv,94,4001027080830,真乃,たぶん、そういうことを言ってたんだけど────,283活动剧情,アジェンダ２８３,终章-今日を終える前に
283活动剧情/アジェンダ２８３/终章-今日を終える前に.csv,97,4001027080860,真乃,"──私
きれいだなって思うこともあるんだ",283活动剧情,アジェンダ２８３,终章-今日を終える前に
283活动剧情/アジェンダ２８３/终章-今日を終える前に.csv,99,4001027080880,真乃,"拾ってたら、
いろんなごみがあるんだけど……",283活动剧情,アジェンダ２８３,终章-今日を終える前に
283活动剧情/アジェンダ２８３/终章-今日を終える前に.csv,100,4001027080890,真乃,"どれも最初はきれいで、
おいしかったり、使いやすかったり、みんなの役に立ってて",283活动剧情,アジェンダ２８３,终章-今日を終える前に
283活动剧情/アジェンダ２８３/终章-今日を終える前に.csv,101,4001027080900,真乃,"誰かがいっぱい考えて作ってくれた、
とっても素敵なものだったって思うの",283活动剧情,アジェンダ２８３,终章-今日を終える前に
283活动剧情/アジェンダ２８３/终章-今日を終える前に.csv,107,4001027080960,真乃,"うん……っ
放クラのみんなもそう言ってた",283活动剧情,アジェンダ２８３,终章-今日を終える前に
283活动剧情/アジェンダ２８３/终章-今日を終える前に.csv,108,4001027080970,真乃,"今あるものがちゃんと自然に還るのだって
何百年もかかるんだって",283活动剧情,アジェンダ２８３,终章-今日を終える前に
283活动剧情/アジェンダ２８３/终章-今日を終える前に.csv,109,4001027080980,真乃,"私たちがいなくなった
ずっと後のことまで考えてて……",283活动剧情,アジェンダ２８３,终章-今日を終える前に
283活动剧情/アジェンダ２８３/终章-今日を終える前に.csv,110,4001027080990,真乃,とっても、すごいな,283活动剧情,アジェンダ２８３,终章-今日を終える前に
283活动剧情/アジェンダ２８３/终章-今日を終える前に.csv,112,4001027081010,真乃,……え？,283活动剧情,アジェンダ２８３,终章-今日を終える前に
283活动剧情/アジェンダ２８３/终章-今日を終える前に.csv,115,4001027081040,真乃,……っ,283活动剧情,アジェンダ２８３,终章-今日を終える前に
283活动剧情/アジェンダ２８３/终章-今日を終える前に.csv,118,4001027081070,真乃,"わ……っ
うん────",283活动剧情,アジェンダ２８３,终章-今日を終える前に
283活动剧情/アジェンダ２８３/终章-今日を終える前に.csv,120,4001027081090,真乃,"う、うん……
楽しかった……っ",283活动剧情,アジェンダ２８３,终章-今日を終える前に
283活动剧情/アジェンダ２８３/终章-今日を終える前に.csv,121,4001027081100,真乃,とっても……っ,283活动剧情,アジェンダ２８３,终章-今日を終える前に
283活动剧情/アジェンダ２８３/终章-今日を終える前に.csv,125,4001027081140,真乃,"ふふふっ
うん……っ",283活动剧情,アジェンダ２８３,终章-今日を終える前に
283活动剧情/アジェンダ２８３/终章-今日を終える前に.csv,126,4001027081150,真乃,みんなで食べよう……,283活动剧情,アジェンダ２８３,终章-今日を終える前に
283活动剧情/アジェンダ２８３/终章-今日を終える前に.csv,128,4001027081160,真乃,あっ、プロデューサーさん……っ,283活动剧情,アジェンダ２８３,终章-今日を終える前に
283活动剧情/アジェンダ２８３/终章-今日を終える前に.csv,130,4001027081170,真乃,"は、はい……
少しだけお話できたらって思って……",283活动剧情,アジェンダ２８３,终章-今日を終える前に
283活动剧情/アジェンダ２８３/终章-今日を終える前に.csv,132,4001027081180,真乃,"あの……
プロデューサーさんに言ってもらった通りでした",283活动剧情,アジェンダ２８３,终章-今日を終える前に
283活动剧情/アジェンダ２８３/终章-今日を終える前に.csv,133,4001027081190,真乃,"私、今日のこと……
とってもよかったです……っ",283活动剧情,アジェンダ２８３,终章-今日を終える前に
283活动剧情/アジェンダ２８３/终章-今日を終える前に.csv,134,4001027081200,真乃,────あ、あれっ,283活动剧情,アジェンダ２８３,终章-今日を終える前に
283活动剧情/アジェンダ２８３/终章-今日を終える前に.csv,135,4001027081210,真乃,透ちゃん……っ,283活动剧情,アジェンダ２８３,终章-今日を終える前に
283活动剧情/アジェンダ２８３/终章-今日を終える前に.csv,136,4001027081220,真乃,"私、
みんなが楽しめないんじゃないかって",283活动剧情,アジェンダ２８３,终章-今日を終える前に
283活动剧情/アジェンダ２８３/终章-今日を終える前に.csv,137,4001027081230,真乃,"みんながみんなが、って
そういうことばっかり、心配してたんですけれど────",283活动剧情,アジェンダ２８３,终章-今日を終える前に
283活动剧情/アジェンダ２８３/终章-今日を終える前に.csv,139,4001027081250,真乃,か、隠れてるの……？,283活动剧情,アジェンダ２８３,终章-今日を終える前に
283活动剧情/アジェンダ２８３/终章-今日を終える前に.csv,142,4001027081280,真乃,ほわ……っ,283活动剧情,アジェンダ２８３,终章-今日を終える前に
283活动剧情/アジェンダ２８３/终章-今日を終える前に.csv,144,4001027081300,真乃,"……えっと、動画？
そうなんだね……っ",283活动剧情,アジェンダ２８３,终章-今日を終える前に
283活动剧情/アジェンダ２８３/终章-今日を終える前に.csv,147,4001027081330,真乃,"わ……
うんっ",283活动剧情,アジェンダ２８３,终章-今日を終える前に
283活动剧情/アジェンダ２８３/终章-今日を終える前に.csv,148,4001027081340,真乃,……,283活动剧情,アジェンダ２８３,终章-今日を終える前に
283活动剧情/アジェンダ２８３/终章-今日を終える前に.csv,149,4001027081350,真乃,"あの、今日のこと
無理やり誘っちゃってたら、ごめんなさい……",283活动剧情,アジェンダ２８３,终章-今日を終える前に
283活动剧情/アジェンダ２８３/终章-今日を終える前に.csv,151,4001027081370,真乃,"ごみ拾い
みんなが楽しいわけじゃ、ないかもしれないから……",283活动剧情,アジェンダ２８３,终章-今日を終える前に
283活动剧情/アジェンダ２８３/终章-今日を終える前に.csv,152,4001027081380,真乃,"いろんな人がいて
いろんなふうに感じてる、って────",283活动剧情,アジェンダ２８３,终章-今日を終える前に
283活动剧情/アジェンダ２８３/终章-今日を終える前に.csv,153,4001027081390,真乃,"みんなが楽しいっていうのは、
みんなが私とおんなじってことじゃ、ないんだって",283活动剧情,アジェンダ２８３,终章-今日を終える前に
283活动剧情/アジェンダ２８３/终章-今日を終える前に.csv,154,4001027081400,真乃,思えてなくて,283活动剧情,アジェンダ２８３,终章-今日を終える前に
283活动剧情/アジェンダ２８３/终章-今日を終える前に.csv,157,4001027081420,真乃,……っ,283活动剧情,アジェンダ２８３,终章-今日を終える前に
283活动剧情/アジェンダ２８３/终章-今日を終える前に.csv,161,4001027081460,真乃,"……あの
────",283活动剧情,アジェンダ２８３,终章-今日を終える前に
283活动剧情/アジェンダ２８３/终章-今日を終える前に.csv,163,4001027081480,真乃,う、ううん……,283活动剧情,アジェンダ２８３,终章-今日を終える前に
283活动剧情/アジェンダ２８３/终章-今日を終える前に.csv,164,4001027081490,真乃,そういうの……っ,283活动剧情,アジェンダ２８３,终章-今日を終える前に
283活动剧情/アジェンダ２８３/终章-今日を終える前に.csv,167,4001027081500,真乃,は、はい……,283活动剧情,アジェンダ２８３,终章-今日を終える前に
283活动剧情/アジェンダ２８３/终章-今日を終える前に.csv,170,4001027081510,真乃,"……っ
はい……",283活动剧情,アジェンダ２８３,终章-今日を終える前に
283活动剧情/アジェンダ２８３/终章-今日を終える前に.csv,171,4001027081520,真乃,よかった……,283活动剧情,アジェンダ２８３,终章-今日を終える前に
283活动剧情/アジェンダ２８３/终章-今日を終える前に.csv,172,4001027081530,真乃,"透ちゃんたちのこと、
ちょっとだけ、違うふうに思っちゃってた……",283活动剧情,アジェンダ２８３,终章-今日を終える前に
283活动剧情/アジェンダ２８３/终章-今日を終える前に.csv,175,4001027081560,真乃,"う、うん……
朝……？",283活动剧情,アジェンダ２８３,终章-今日を終える前に
283活动剧情/アジェンダ２８３/终章-今日を終える前に.csv,178,4001027081590,真乃,"そ、そうなの……？
……ふふっ",283活动剧情,アジェンダ２８３,终章-今日を終える前に
283活动剧情/アジェンダ２８３/终章-今日を終える前に.csv,181,4001027081620,真乃,"やってみたら
やる前と、違ってました",283活动剧情,アジェンダ２８３,终章-今日を終える前に
283活动剧情/アジェンダ２８３/终章-今日を終える前に.csv,185,4001027081630,真乃,はい……,283活动剧情,アジェンダ２８３,终章-今日を終える前に
283活动剧情/アジェンダ２８３/终章-今日を終える前に.csv,187,4001027081650,真乃,ま、まざってくれて,283活动剧情,アジェンダ２８３,终章-今日を終える前に
283活动剧情/アジェンダ２８３/终章-今日を終える前に.csv,188,4001027081660,真乃,ありがとう……,283活动剧情,アジェンダ２８３,终章-今日を終える前に
283活动剧情/アジェンダ２８３/终章-今日を終える前に.csv,189,4001027081670,真乃,"灯織ちゃんと、めぐるちゃんと、
みんなに、教えてもらったんです",283活动剧情,アジェンダ２８３,终章-今日を終える前に
283活动剧情/アジェンダ２８３/终章-今日を終える前に.csv,190,4001027081680,真乃,"いろんなかたちでつながって……
大事なことをつなげて……",283活动剧情,アジェンダ２８３,终章-今日を終える前に
283活动剧情/アジェンダ２８３/终章-今日を終える前に.csv,191,4001027081690,真乃,そういうのが、未来になるって,283活动剧情,アジェンダ２８３,终章-今日を終える前に
283活动剧情/アジェンダ２８３/终章-今日を終える前に.csv,192,4001027081700,真乃,だから、私……,283活动剧情,アジェンダ２８３,终章-今日を終える前に
283活动剧情/アジェンダ２８３/终章-今日を終える前に.csv,193,4001027081710,真乃,私────,283活动剧情,アジェンダ２８３,终章-今日を終える前に
283活动剧情/アジェンダ２８３/终章-今日を終える前に.csv,195,4001027081720,真乃,────よかった……,283活动剧情,アジェンダ２８３,终章-今日を終える前に
283活动剧情/オペレーション・サンタ！～包囲せよ２８３プロ～/序章-パーティー・チューニング.csv,35,4001007010260,真乃,お疲れ様です,283活动剧情,オペレーション・サンタ！～包囲せよ２８３プロ～,序章-パーティー・チューニング
283活动剧情/オペレーション・サンタ！～包囲せよ２８３プロ～/序章-パーティー・チューニング.csv,38,4001007010280,真乃,"プロデューサーさん、お仕事に行かれるんですよね？
それなら、私たちで買ってきちゃいますっ",283活动剧情,オペレーション・サンタ！～包囲せよ２８３プロ～,序章-パーティー・チューニング
283活动剧情/オペレーション・サンタ！～包囲せよ２８３プロ～/序章-パーティー・チューニング.csv,40,4001007010290,真乃,はいっ,283活动剧情,オペレーション・サンタ！～包囲せよ２８３プロ～,序章-パーティー・チューニング
283活动剧情/オペレーション・サンタ！～包囲せよ２８３プロ～/序章-パーティー・チューニング.csv,42,4001007010310,真乃,ふふ、うんっ,283活动剧情,オペレーション・サンタ！～包囲せよ２８３プロ～,序章-パーティー・チューニング
283活动剧情/オペレーション・サンタ！～包囲せよ２８３プロ～/序章-パーティー・チューニング.csv,45,4001007010340,真乃,っ、めぐるちゃん……！？,283活动剧情,オペレーション・サンタ！～包囲せよ２８３プロ～,序章-パーティー・チューニング
283活动剧情/オペレーション・サンタ！～包囲せよ２８３プロ～/序章-パーティー・チューニング.csv,46,4001007010350,真乃,"──あ、あの……他にも必要なものがあったら、
グループチャットで教えてください",283活动剧情,オペレーション・サンタ！～包囲せよ２８３プロ～,序章-パーティー・チューニング
283活动剧情/オペレーション・サンタ！～包囲せよ２８３プロ～/序章-パーティー・チューニング.csv,48,4001007010360,真乃,それじゃあ、いってきますっ,283活动剧情,オペレーション・サンタ！～包囲せよ２８３プロ～,序章-パーティー・チューニング
283活动剧情/オペレーション・サンタ！～包囲せよ２８３プロ～/第4话-この味を飲み干して…….csv,71,4001007050620,真乃,みんな……大丈夫かな……！,283活动剧情,オペレーション・サンタ！～包囲せよ２８３プロ～,第4话-この味を飲み干して……
283活动剧情/オペレーション・サンタ！～包囲せよ２８３プロ～/第4话-この味を飲み干して…….csv,75,4001007050660,真乃,"うん……！
みんなで、確かめに行こう……！",283活动剧情,オペレーション・サンタ！～包囲せよ２８３プロ～,第4话-この味を飲み干して……
283活动剧情/オペレーション・サンタ！～包囲せよ２８３プロ～/第4话-この味を飲み干して…….csv,93,4001007050810,真乃,え……,283活动剧情,オペレーション・サンタ！～包囲せよ２８３プロ～,第4话-この味を飲み干して……
283活动剧情/オペレーション・サンタ！～包囲せよ２８３プロ～/第4话-この味を飲み干して…….csv,98,4001007050860,真乃,──！,283活动剧情,オペレーション・サンタ！～包囲せよ２８３プロ～,第4话-この味を飲み干して……
283活动剧情/オペレーション・サンタ！～包囲せよ２８３プロ～/第4话-この味を飲み干して…….csv,99,4001007050870,真乃,めぐるちゃん、中のみんなには外から連絡を取ろう,283活动剧情,オペレーション・サンタ！～包囲せよ２８３プロ～,第4话-この味を飲み干して……
283活动剧情/オペレーション・サンタ！～包囲せよ２８３プロ～/第4话-この味を飲み干して…….csv,100,4001007050880,真乃,今は──,283活动剧情,オペレーション・サンタ！～包囲せよ２８３プロ～,第4话-この味を飲み干して……
283活动剧情/オペレーション・サンタ！～包囲せよ２８３プロ～/第5话-くいあらためてください.csv,16,4001007060150,真乃,それに、摩美々ちゃんたちはそのためにやったんだし……,283活动剧情,オペレーション・サンタ！～包囲せよ２８３プロ～,第5话-くいあらためてください
283活动剧情/オペレーション・サンタ！～包囲せよ２８３プロ～/第5话-くいあらためてください.csv,17,4001007060160,真乃,驚いちゃうのが正解だよ,283活动剧情,オペレーション・サンタ！～包囲せよ２８３プロ～,第5话-くいあらためてください
283活动剧情/オペレーション・サンタ！～包囲せよ２８３プロ～/第5话-くいあらためてください.csv,20,4001007060190,真乃,灯織ちゃん……,283活动剧情,オペレーション・サンタ！～包囲せよ２８３プロ～,第5话-くいあらためてください
283活动剧情/オペレーション・サンタ！～包囲せよ２８３プロ～/第5话-くいあらためてください.csv,21,4001007060200,真乃,こほん,283活动剧情,オペレーション・サンタ！～包囲せよ２８３プロ～,第5话-くいあらためてください
283活动剧情/オペレーション・サンタ！～包囲せよ２８３プロ～/第5话-くいあらためてください.csv,22,4001007060210,真乃,"『気にしなくていいぞ、風野
それよりも、仲間を案じた咄嗟の行動、素晴らしかった』",283活动剧情,オペレーション・サンタ！～包囲せよ２８３プロ～,第5话-くいあらためてください
283活动剧情/オペレーション・サンタ！～包囲せよ２８３プロ～/第5话-くいあらためてください.csv,24,4001007060230,真乃,……って、言ってくれるんじゃないかな……？,283活动剧情,オペレーション・サンタ！～包囲せよ２８３プロ～,第5话-くいあらためてください
283活动剧情/オペレーション・サンタ！～包囲せよ２８３プロ～/第5话-くいあらためてください.csv,32,4001007060300,真乃,う、うん……！,283活动剧情,オペレーション・サンタ！～包囲せよ２８３プロ～,第5话-くいあらためてください
283活动剧情/オペレーション・サンタ！～包囲せよ２８３プロ～/第5话-くいあらためてください.csv,35,4001007060321,真乃＆灯織,うん,283活动剧情,オペレーション・サンタ！～包囲せよ２８３プロ～,第5话-くいあらためてください
283活动剧情/オペレーション・サンタ！～包囲せよ２８３プロ～/第5话-くいあらためてください.csv,37,4001007060330,真乃,……,283活动剧情,オペレーション・サンタ！～包囲せよ２８３プロ～,第5话-くいあらためてください
283活动剧情/オペレーション・サンタ！～包囲せよ２８３プロ～/第5话-くいあらためてください.csv,40,4001007060360,真乃,ほわっ,283活动剧情,オペレーション・サンタ！～包囲せよ２８３プロ～,第5话-くいあらためてください
283活动剧情/オペレーション・サンタ！～包囲せよ２８３プロ～/第5话-くいあらためてください.csv,41,4001007060370,真乃,"あっ、ごめんねめぐるちゃんっ
なんでもないの",283活动剧情,オペレーション・サンタ！～包囲せよ２８３プロ～,第5话-くいあらためてください
283活动剧情/オペレーション・サンタ！～包囲せよ２８３プロ～/第5话-くいあらためてください.csv,43,4001007060390,真乃,本当にっ……,283活动剧情,オペレーション・サンタ！～包囲せよ２８３プロ～,第5话-くいあらためてください
283活动剧情/オペレーション・サンタ！～包囲せよ２８３プロ～/第5话-くいあらためてください.csv,44,4001007060400,真乃,……,283活动剧情,オペレーション・サンタ！～包囲せよ２８３プロ～,第5话-くいあらためてください
283活动剧情/オペレーション・サンタ！～包囲せよ２８３プロ～/第5话-くいあらためてください.csv,45,4001007060410,真乃,ただ──……,283活动剧情,オペレーション・サンタ！～包囲せよ２８３プロ～,第5话-くいあらためてください
283活动剧情/オペレーション・サンタ！～包囲せよ２８３プロ～/第5话-くいあらためてください.csv,47,4001007060430,真乃,"泥棒さんは……泥棒をしたら、
幸せなクリスマスになるのかな……？　って……",283活动剧情,オペレーション・サンタ！～包囲せよ２８３プロ～,第5话-くいあらためてください
283活动剧情/オペレーション・サンタ！～包囲せよ２８３プロ～/第5话-くいあらためてください.csv,48,4001007060440,真乃,"幸せになれるとしたら……
このまま逃がしてあげても、いいのかな……って……",283活动剧情,オペレーション・サンタ！～包囲せよ２８３プロ～,第5话-くいあらためてください
283活动剧情/オペレーション・サンタ！～包囲せよ２８３プロ～/第5话-くいあらためてください.csv,49,4001007060450,真乃,そんなふうに……思っちゃって……,283活动剧情,オペレーション・サンタ！～包囲せよ２８３プロ～,第5话-くいあらためてください
283活动剧情/オペレーション・サンタ！～包囲せよ２８３プロ～/第5话-くいあらためてください.csv,56,4001007060520,真乃,灯織ちゃん……,283活动剧情,オペレーション・サンタ！～包囲せよ２８３プロ～,第5话-くいあらためてください
283活动剧情/オペレーション・サンタ！～包囲せよ２８３プロ～/第5话-くいあらためてください.csv,61,4001007060570,真乃,ふふっ。うん、私もっ,283活动剧情,オペレーション・サンタ！～包囲せよ２８３プロ～,第5话-くいあらためてください
283活动剧情/オペレーション・サンタ！～包囲せよ２８３プロ～/第5话-くいあらためてください.csv,68,4001007060640,真乃,じゃあ、私がクラッカーの担当だね,283活动剧情,オペレーション・サンタ！～包囲せよ２８３プロ～,第5话-くいあらためてください
283活动剧情/オペレーション・サンタ！～包囲せよ２８３プロ～/第5话-くいあらためてください.csv,69,4001007060650,真乃,"びっくりしてもらえるように……
頑張るよ、むんっ",283活动剧情,オペレーション・サンタ！～包囲せよ２８３プロ～,第5话-くいあらためてください
283活动剧情/オペレーション・サンタ！～包囲せよ２８３プロ～/第6话-観念せよ！トナカイ.csv,43,4001007070330,真乃,むんっ……！,283活动剧情,オペレーション・サンタ！～包囲せよ２８３プロ～,第6话-観念せよ！トナカイ
283活动剧情/オペレーション・サンタ！～包囲せよ２８３プロ～/终章-サンタさんつかまえた.csv,30,4001007080100,真乃,"……え、と……じゃあ、
今度こそ解決……なのかな……？",283活动剧情,オペレーション・サンタ！～包囲せよ２８３プロ～,终章-サンタさんつかまえた
283活动剧情/オペレーション・サンタ！～包囲せよ２８３プロ～/终章-サンタさんつかまえた.csv,43,4001007080160,真乃,２８３プロ……私たち、みんなで……？,283活动剧情,オペレーション・サンタ！～包囲せよ２８３プロ～,终章-サンタさんつかまえた
283活动剧情/オペレーション・サンタ！～包囲せよ２８３プロ～/终章-サンタさんつかまえた.csv,45,4001007080170,真乃,ほわぁ……！,283活动剧情,オペレーション・サンタ！～包囲せよ２８３プロ～,终章-サンタさんつかまえた
283活动剧情/オペレーション・サンタ！～包囲せよ２８３プロ～/终章-サンタさんつかまえた.csv,57,4001007080280,真乃,うんっ,283活动剧情,オペレーション・サンタ！～包囲せよ２８３プロ～,终章-サンタさんつかまえた
283活动剧情/オペレーション・サンタ！～包囲せよ２８３プロ～/终章-サンタさんつかまえた.csv,60,4001007080310,真乃,"う、うん……
大丈夫っ……",283活动剧情,オペレーション・サンタ！～包囲せよ２８３プロ～,终章-サンタさんつかまえた
283活动剧情/オペレーション・サンタ！～包囲せよ２８３プロ～/终章-サンタさんつかまえた.csv,62,4001007080330,真乃,"え、えっと……
……みんな、メリー・クリスマスっ",283活动剧情,オペレーション・サンタ！～包囲せよ２８３プロ～,终章-サンタさんつかまえた
283活动剧情/オペレーション・サンタ！～包囲せよ２８３プロ～/终章-サンタさんつかまえた.csv,63,4001007080340,真乃,"そして、甜花ちゃん甘奈ちゃん、
お誕生日おめでとうございますっ",283活动剧情,オペレーション・サンタ！～包囲せよ２８３プロ～,终章-サンタさんつかまえた
283活动剧情/オペレーション・サンタ！～包囲せよ２８３プロ～/终章-サンタさんつかまえた.csv,67,4001007080370,真乃,……うんっ,283活动剧情,オペレーション・サンタ！～包囲せよ２８３プロ～,终章-サンタさんつかまえた
283活动剧情/オペレーション・サンタ！～包囲せよ２８３プロ～/终章-サンタさんつかまえた.csv,68,4001007080380,真乃,"──２８３プロ初めての合同ライブ……
みんなで……頑張りましょうっ",283活动剧情,オペレーション・サンタ！～包囲せよ２８３プロ～,终章-サンタさんつかまえた
283活动剧情/オペレーション・サンタ！～包囲せよ２８３プロ～/终章-サンタさんつかまえた.csv,69,4001007080390,真乃,乾杯……──！,283活动剧情,オペレーション・サンタ！～包囲せよ２８３プロ～,终章-サンタさんつかまえた
283活动剧情/オペレーション・サンタ！～包囲せよ２８３プロ～/终章-サンタさんつかまえた.csv,72,4001007080410,真乃,めぐるちゃん……,283活动剧情,オペレーション・サンタ！～包囲せよ２８３プロ～,终章-サンタさんつかまえた
283活动剧情/オペレーション・サンタ！～包囲せよ２８３プロ～/终章-サンタさんつかまえた.csv,74,4001007080430,真乃,灯織ちゃん……,283活动剧情,オペレーション・サンタ！～包囲せよ２８３プロ～,终章-サンタさんつかまえた
283活动剧情/オペレーション・サンタ！～包囲せよ２８３プロ～/终章-サンタさんつかまえた.csv,75,4001007080440,真乃,"……ありがとう
えへへっ、メリー・クリスマス……",283活动剧情,オペレーション・サンタ！～包囲せよ２８３プロ～,终章-サンタさんつかまえた
283活动剧情/オペレーション・サンタ！～包囲せよ２８３プロ～/终章-サンタさんつかまえた.csv,110,4001007080790,真乃,"ふふっ……
そうだったら素敵だねっ",283活动剧情,オペレーション・サンタ！～包囲せよ２８３プロ～,终章-サンタさんつかまえた
283活动剧情/オペレーション・サンタ！～包囲せよ２８３プロ～/终章-サンタさんつかまえた.csv,115,4001007080840,真乃,"そうだね……
私も、ライブに向けて頑張らなきゃ……",283活动剧情,オペレーション・サンタ！～包囲せよ２８３プロ～,终章-サンタさんつかまえた
283活动剧情/サマー・ミーツ・ワンダーランド/夏休みの秘密.csv,34,4001015080310,真乃,……？,283活动剧情,サマー・ミーツ・ワンダーランド,夏休みの秘密
283活动剧情/サマー・ミーツ・ワンダーランド/夏休みの秘密.csv,38,4001015080341,真乃＆めぐる,？,283活动剧情,サマー・ミーツ・ワンダーランド,夏休みの秘密
283活动剧情/サマー・ミーツ・ワンダーランド/夏休みの秘密.csv,42,4001015080380,真乃,ほわっ,283活动剧情,サマー・ミーツ・ワンダーランド,夏休みの秘密
283活动剧情/サマー・ミーツ・ワンダーランド/夏休みの秘密.csv,43,4001015080390,真乃,"ううん、そんなに大変なことじゃないの
……あのね、写真が１枚消えちゃってて",283活动剧情,サマー・ミーツ・ワンダーランド,夏休みの秘密
283活动剧情/サマー・ミーツ・ワンダーランド/夏休みの秘密.csv,44,4001015080400,真乃,昨日のお風呂の帰りにおばあさんと会ったんだ,283活动剧情,サマー・ミーツ・ワンダーランド,夏休みの秘密
283活动剧情/サマー・ミーツ・ワンダーランド/夏休みの秘密.csv,45,4001015080410,真乃,"最初の日に道を教えてくれた、
あのおばあさんなんだけど──",283活动剧情,サマー・ミーツ・ワンダーランド,夏休みの秘密
283活动剧情/サマー・ミーツ・ワンダーランド/夏休みの秘密.csv,46,4001015080420,真乃,"ふゆちゃんと３人で写真を撮ったから、
灯織ちゃんとめぐるちゃんにも見てもらいたくて",283活动剧情,サマー・ミーツ・ワンダーランド,夏休みの秘密
283活动剧情/サマー・ミーツ・ワンダーランド/夏休みの秘密.csv,48,4001015080440,真乃,うん──,283活动剧情,サマー・ミーツ・ワンダーランド,夏休みの秘密
283活动剧情/サマー・ミーツ・ワンダーランド/夏休みの秘密.csv,50,4001015080460,真乃,"うん……
不思議だなって、思って……",283活动剧情,サマー・ミーツ・ワンダーランド,夏休みの秘密
283活动剧情/サマー・ミーツ・ワンダーランド/夏休みの秘密.csv,53,4001015080481,真乃＆めぐる,？,283活动剧情,サマー・ミーツ・ワンダーランド,夏休みの秘密
283活动剧情/サマー・ミーツ・ワンダーランド/夜の物語.csv,15,4001015030130,真乃,ふふふっ,283活动剧情,サマー・ミーツ・ワンダーランド,夜の物語
283活动剧情/サマー・ミーツ・ワンダーランド/夜の物語.csv,30,4001015030280,真乃,一緒ですねっ,283活动剧情,サマー・ミーツ・ワンダーランド,夜の物語
283活动剧情/サマー・ミーツ・ワンダーランド/夜の物語.csv,38,4001015030360,真乃,"ほわ……
私、枕投げってしたことがなくて……",283活动剧情,サマー・ミーツ・ワンダーランド,夜の物語
283活动剧情/サマー・ミーツ・ワンダーランド/夜の物語.csv,44,4001015030420,真乃,ふふっ,283活动剧情,サマー・ミーツ・ワンダーランド,夜の物語
283活动剧情/サマー・ミーツ・ワンダーランド/夜の物語.csv,45,4001015030430,真乃,全部できたら、楽しそう……,283活动剧情,サマー・ミーツ・ワンダーランド,夜の物語
283活动剧情/サマー・ミーツ・ワンダーランド/夜の物語.csv,47,4001015030450,真乃,ほわっ,283活动剧情,サマー・ミーツ・ワンダーランド,夜の物語
283活动剧情/サマー・ミーツ・ワンダーランド/夜の物語.csv,56,4001015030540,真乃,インディアンポーカー……,283活动剧情,サマー・ミーツ・ワンダーランド,夜の物語
283活动剧情/サマー・ミーツ・ワンダーランド/夜の物語.csv,58,4001015030560,真乃,はいっ,283活动剧情,サマー・ミーツ・ワンダーランド,夜の物語
283活动剧情/サマー・ミーツ・ワンダーランド/夜の物語.csv,59,4001015030570,真乃,"……そのっ、そしたら──
枕投げも、やってみたいです……っ",283活动剧情,サマー・ミーツ・ワンダーランド,夜の物語
283活动剧情/サマー・ミーツ・ワンダーランド/夜の物語.csv,64,4001015030620,真乃,ほわぁ……っ,283活动剧情,サマー・ミーツ・ワンダーランド,夜の物語
283活动剧情/サマー・ミーツ・ワンダーランド/夜の物語.csv,65,4001015030630,真乃,"……えっと、それじゃあ
愛依ちゃんは、やりたいこと、ありますか……？",283活动剧情,サマー・ミーツ・ワンダーランド,夜の物語
283活动剧情/サマー・ミーツ・ワンダーランド/夜の物語.csv,74,4001015030711,真乃＆智代子＆千雪,おやすみなさーい,283活动剧情,サマー・ミーツ・ワンダーランド,夜の物語
283活动剧情/サマー・ミーツ・ワンダーランド/夜の物語.csv,76,4001015030730,真乃,……智代子ちゃん？,283活动剧情,サマー・ミーツ・ワンダーランド,夜の物語
283活动剧情/サマー・ミーツ・ワンダーランド/夜の物語.csv,81,4001015030771,真乃＆結華＆千雪,ふふふっ……,283活动剧情,サマー・ミーツ・ワンダーランド,夜の物語
283活动剧情/サマー・ミーツ・ワンダーランド/夜の物語.csv,82,4001015030780,真乃,……っ,283活动剧情,サマー・ミーツ・ワンダーランド,夜の物語
283活动剧情/サマー・ミーツ・ワンダーランド/夜の物語.csv,84,4001015030800,真乃,あっ……ごめんなさい……っ,283活动剧情,サマー・ミーツ・ワンダーランド,夜の物語
283活动剧情/サマー・ミーツ・ワンダーランド/夜の物語.csv,86,4001015030820,真乃,……やっぱり、一緒ですね,283活动剧情,サマー・ミーツ・ワンダーランド,夜の物語
283活动剧情/サマー・ミーツ・ワンダーランド/夜の物語.csv,88,4001015030840,真乃,"はいっ……ふふ……
みんなでこうやって、お泊りができて……",283活动剧情,サマー・ミーツ・ワンダーランド,夜の物語
283活动剧情/サマー・ミーツ・ワンダーランド/夜の物語.csv,89,4001015030850,真乃,明日もあさっても楽しみで、ドキドキするんです,283活动剧情,サマー・ミーツ・ワンダーランド,夜の物語
283活动剧情/サマー・ミーツ・ワンダーランド/夜の物語.csv,90,4001015030860,真乃,──……寝なきゃいけないのもわかってるんですけど……,283活动剧情,サマー・ミーツ・ワンダーランド,夜の物語
283活动剧情/サマー・ミーツ・ワンダーランド/夜の物語.csv,92,4001015030871,真乃＆千雪,……羊？,283活动剧情,サマー・ミーツ・ワンダーランド,夜の物語
283活动剧情/サマー・ミーツ・ワンダーランド/夜の物語.csv,94,4001015030881,真乃＆千雪,！？,283活动剧情,サマー・ミーツ・ワンダーランド,夜の物語
283活动剧情/サマー・ミーツ・ワンダーランド/夜の物語.csv,95,4001015030890,真乃,ゆ、結華ちゃん……？,283活动剧情,サマー・ミーツ・ワンダーランド,夜の物語
283活动剧情/サマー・ミーツ・ワンダーランド/昼の物語.csv,10,4001015020080,真乃,灯織ちゃん、連絡してくれてありがとう,283活动剧情,サマー・ミーツ・ワンダーランド,昼の物語
283活动剧情/サマー・ミーツ・ワンダーランド/昼の物語.csv,21,4001015020190,真乃,"そうだね……でも、
本格的に登らなきゃいけないみたいだから……",283活动剧情,サマー・ミーツ・ワンダーランド,昼の物語
283活动剧情/サマー・ミーツ・ワンダーランド/昼の物語.csv,22,4001015020200,真乃,それに、私、海も楽しみなんだっ,283活动剧情,サマー・ミーツ・ワンダーランド,昼の物語
283活动剧情/サマー・ミーツ・ワンダーランド/昼の物語.csv,23,4001015020210,真乃,"遊歩道、放クラのみなさんも行くって言ってたから、
向こうで会えるかも",283活动剧情,サマー・ミーツ・ワンダーランド,昼の物語
283活动剧情/サマー・ミーツ・ワンダーランド/昼の物語.csv,24,4001015020220,真乃,"バスの時間がもうすぐだーって、
智代子ちゃん慌ててたの",283活动剧情,サマー・ミーツ・ワンダーランド,昼の物語
283活动剧情/サマー・ミーツ・ワンダーランド/昼の物語.csv,30,4001015020270,真乃,おーっ,283活动剧情,サマー・ミーツ・ワンダーランド,昼の物語
283活动剧情/サマー・ミーツ・ワンダーランド/昼の物語.csv,42,4001015020341,真乃＆灯織,ありがとうございます！,283活动剧情,サマー・ミーツ・ワンダーランド,昼の物語
283活动剧情/サマー・ミーツ・ワンダーランド/朝の物語.csv,74,4001015010640,真乃,ふふっ、うん……っ,283活动剧情,サマー・ミーツ・ワンダーランド,朝の物語
283活动剧情/サマー・ミーツ・ワンダーランド/湯の物語.csv,10,4001015060090,真乃,ほわぁ……,283活动剧情,サマー・ミーツ・ワンダーランド,湯の物語
283活动剧情/サマー・ミーツ・ワンダーランド/湯の物語.csv,27,4001015060260,真乃,"それは、確かに……っ
マッサージは大切だもんね",283活动剧情,サマー・ミーツ・ワンダーランド,湯の物語
283活动剧情/サマー・ミーツ・ワンダーランド/湯の物語.csv,51,4001015060491,真乃＆結華＆甜花,ふふっ……,283活动剧情,サマー・ミーツ・ワンダーランド,湯の物語
283活动剧情/サマー・ミーツ・ワンダーランド/湯の物語.csv,55,4001015060530,真乃,はづきさんも……っ,283活动剧情,サマー・ミーツ・ワンダーランド,湯の物語
283活动剧情/サマー・ミーツ・ワンダーランド/湯の物語.csv,75,4001015060710,真乃,……つい、みなさんより長居しちゃいましたね,283活动剧情,サマー・ミーツ・ワンダーランド,湯の物語
283活动剧情/サマー・ミーツ・ワンダーランド/湯の物語.csv,77,4001015060730,真乃,"ほわ、わかります……っ
夕焼けになってるのも綺麗だし……",283活动剧情,サマー・ミーツ・ワンダーランド,湯の物語
283活动剧情/サマー・ミーツ・ワンダーランド/湯の物語.csv,79,4001015060750,真乃,はいっ,283活动剧情,サマー・ミーツ・ワンダーランド,湯の物語
283活动剧情/サマー・ミーツ・ワンダーランド/湯の物語.csv,80,4001015060760,真乃,"みんなと写真も撮れたので……っ
素敵なお風呂でしたっ",283活动剧情,サマー・ミーツ・ワンダーランド,湯の物語
283活动剧情/サマー・ミーツ・ワンダーランド/湯の物語.csv,83,4001015060790,真乃,？,283活动剧情,サマー・ミーツ・ワンダーランド,湯の物語
283活动剧情/サマー・ミーツ・ワンダーランド/湯の物語.csv,85,4001015060810,真乃,ふゆちゃん……？,283活动剧情,サマー・ミーツ・ワンダーランド,湯の物語
283活动剧情/サマー・ミーツ・ワンダーランド/湯の物語.csv,88,4001015060821,真乃＆冬優子,！？,283活动剧情,サマー・ミーツ・ワンダーランド,湯の物語
283活动剧情/サマー・ミーツ・ワンダーランド/湯の物語.csv,93,4001015060850,真乃,"──あ
おととい、道を教えてくださった……",283活动剧情,サマー・ミーツ・ワンダーランド,湯の物語
283活动剧情/サマー・ミーツ・ワンダーランド/湯の物語.csv,96,4001015060870,真乃,"えっと、最初の日にお世話になったんです……っ
遊歩道までの行き方を教えていただいて……",283活动剧情,サマー・ミーツ・ワンダーランド,湯の物語
283活动剧情/サマー・ミーツ・ワンダーランド/湯の物語.csv,100,4001015060890,真乃,"はい、とてもっ
ありがとうございましたっ",283活动剧情,サマー・ミーツ・ワンダーランド,湯の物語
283活动剧情/サマー・ミーツ・ワンダーランド/湯の物語.csv,102,4001015060891,真乃＆冬優子,……──,283活动剧情,サマー・ミーツ・ワンダーランド,湯の物語
283活动剧情/サマー・ミーツ・ワンダーランド/湯の物語.csv,106,4001015060920,真乃,ほわ、素敵……っ,283活动剧情,サマー・ミーツ・ワンダーランド,湯の物語
283活动剧情/サマー・ミーツ・ワンダーランド/湯の物語.csv,107,4001015060930,真乃,おばあさん、もしよかったら、お願いしますっ……,283活动剧情,サマー・ミーツ・ワンダーランド,湯の物語
283活动剧情/サマー・ミーツ・ワンダーランド/湯の物語.csv,118,4001015060980,真乃,す、すみません……っ,283活动剧情,サマー・ミーツ・ワンダーランド,湯の物語
283活动剧情/シャイニーの日/2020年4月12日-シャイニーの日 2020 特別コミュ.csv,8,4901012010070,真乃,"うん……っ
とう、ばん、じゃん……っ",283活动剧情,シャイニーの日,2020年4月12日-シャイニーの日 2020 特別コミュ
283活动剧情/シャイニーの日/2020年4月12日-シャイニーの日 2020 特別コミュ.csv,27,4901012010250,真乃,"お疲れさまです
レッスン場の鍵、お返ししに来ました──",283活动剧情,シャイニーの日,2020年4月12日-シャイニーの日 2020 特別コミュ
283活动剧情/シャイニーの日/2020年4月12日-シャイニーの日 2020 特別コミュ.csv,28,4901012010260,真乃,"──え？　は、はい
とくに変わったことは……いつもと同じです",283活动剧情,シャイニーの日,2020年4月12日-シャイニーの日 2020 特別コミュ
283活动剧情/シャイニーの日/2020年4月12日-シャイニーの日 2020 特別コミュ.csv,29,4901012010270,真乃,"いつもと同じで、あとは……
ふふっ、とってもぽかぽかした日でした……っ",283活动剧情,シャイニーの日,2020年4月12日-シャイニーの日 2020 特別コミュ
283活动剧情/シャイニーの日/2020年4月12日-シャイニーの日 2020 特別コミュ.csv,30,4901012010280,真乃,"それじゃあ、明日もよろしくお願いします
プロデューサーさん────",283活动剧情,シャイニーの日,2020年4月12日-シャイニーの日 2020 特別コミュ
283活动剧情/シャイニーの日/2021年4月12日-シャイニーの日 2021 特別コミュ.csv,23,4901022010200,真乃,"ほわぁ……とっても美味しそうだね……っ
食べたいけど……食べたら、減っちゃうし…………",283活动剧情,シャイニーの日,2021年4月12日-シャイニーの日 2021 特別コミュ
283活动剧情/シャイニーの日/2022年4月12日-シャイニーの日 2022 特別コミュ.csv,47,4901030010310,真乃,"ふふ、うん……っ
あったかくして、『おかえりなさい』って────",283活动剧情,シャイニーの日,2022年4月12日-シャイニーの日 2022 特別コミュ
283活动剧情/シャイニーの日/2023年4月12日-シャイニーの日 2023 特別コミュ.csv,4,4901040010010,真乃,"ほわっ……
えっと……アイドル、ですか？",283活动剧情,シャイニーの日,2023年4月12日-シャイニーの日 2023 特別コミュ
283活动剧情/シャイニーの日/2023年4月12日-シャイニーの日 2023 特別コミュ.csv,20,4901040010180,真乃,今のままじゃダメだって,283活动剧情,シャイニーの日,2023年4月12日-シャイニーの日 2023 特別コミュ
283活动剧情/シャイニーの日/2023年4月12日-シャイニーの日 2023 特別コミュ.csv,21,4901040010190,真乃,もっともっと頑張らなきゃって思って……っ,283活动剧情,シャイニーの日,2023年4月12日-シャイニーの日 2023 特別コミュ
283活动剧情/シャイニーの日/シャイニーの日 2025 特別コミュ.csv,39,4902000010330,真乃,"私たちが羽ばたく姿を
これからも応援してもらえたら……うれしいです",283活动剧情,シャイニーの日,シャイニーの日 2025 特別コミュ
283活动剧情/ヒカリと夜の音楽 またはクロノスタシス/エンディング-響き渡れ、どこまでも.csv,9,4001060080080,真乃,……願い……,283活动剧情,ヒカリと夜の音楽 またはクロノスタシス,エンディング-響き渡れ、どこまでも
283活动剧情/ヒカリと夜の音楽 またはクロノスタシス/エンディング-響き渡れ、どこまでも.csv,17,4001060080160,真乃,……みんなでずっと一緒に、とか……？,283活动剧情,ヒカリと夜の音楽 またはクロノスタシス,エンディング-響き渡れ、どこまでも
283活动剧情/ヒカリと夜の音楽 またはクロノスタシス/エンディング-響き渡れ、どこまでも.csv,31,4001060080210,真乃,"ほわぁ……
お客さん、いっぱいだね……っ",283活动剧情,ヒカリと夜の音楽 またはクロノスタシス,エンディング-響き渡れ、どこまでも
283活动剧情/ヒカリと夜の音楽 またはクロノスタシス/エンディング-響き渡れ、どこまでも.csv,41,4001060080290,真乃,手紙をくれた人とか……？,283活动剧情,ヒカリと夜の音楽 またはクロノスタシス,エンディング-響き渡れ、どこまでも
283活动剧情/ヒカリと夜の音楽 またはクロノスタシス/エンディング-響き渡れ、どこまでも.csv,43,4001060080310,真乃,……いるかな？,283活动剧情,ヒカリと夜の音楽 またはクロノスタシス,エンディング-響き渡れ、どこまでも
283活动剧情/ヒカリと夜の音楽 またはクロノスタシス/エンディング-響き渡れ、どこまでも.csv,58,4001060080390,真乃,──……輝きをみんなに届けよう,283活动剧情,ヒカリと夜の音楽 またはクロノスタシス,エンディング-響き渡れ、どこまでも
283活动剧情/ヒカリと夜の音楽 またはクロノスタシス/オープニング-はじまり、それからまどろみ.csv,20,4001060010010,真乃,──……輝きをみんなに届けよう,283活动剧情,ヒカリと夜の音楽 またはクロノスタシス,オープニング-はじまり、それからまどろみ
283活动剧情/ヒカリと夜の音楽 またはクロノスタシス/オープニング-はじまり、それからまどろみ.csv,28,4001060010031,真乃＆灯織,………………,283活动剧情,ヒカリと夜の音楽 またはクロノスタシス,オープニング-はじまり、それからまどろみ
283活动剧情/ヒカリと夜の音楽 またはクロノスタシス/オープニング-はじまり、それからまどろみ.csv,29,4001060010040,真乃,…………だ、大丈夫です……っ,283活动剧情,ヒカリと夜の音楽 またはクロノスタシス,オープニング-はじまり、それからまどろみ
283活动剧情/ヒカリと夜の音楽 またはクロノスタシス/オープニング-はじまり、それからまどろみ.csv,41,4001060010060,真乃,……灯織ちゃん、めぐるちゃん,283活动剧情,ヒカリと夜の音楽 またはクロノスタシス,オープニング-はじまり、それからまどろみ
283活动剧情/ヒカリと夜の音楽 またはクロノスタシス/オープニング-はじまり、それからまどろみ.csv,42,4001060010070,真乃,行こう、一緒に……っ,283活动剧情,ヒカリと夜の音楽 またはクロノスタシス,オープニング-はじまり、それからまどろみ
283活动剧情/ヒカリと夜の音楽 またはクロノスタシス/オープニング-はじまり、それからまどろみ.csv,45,4001060010090,真乃,うん……？,283活动剧情,ヒカリと夜の音楽 またはクロノスタシス,オープニング-はじまり、それからまどろみ
283活动剧情/ヒカリと夜の音楽 またはクロノスタシス/オープニング-はじまり、それからまどろみ.csv,52,4001060010150,真乃,"……はい……新しい曲をもらったら、
すぐに覚えられるように基礎を固めようって……",283活动剧情,ヒカリと夜の音楽 またはクロノスタシス,オープニング-はじまり、それからまどろみ
283活动剧情/ヒカリと夜の音楽 またはクロノスタシス/オープニング-はじまり、それからまどろみ.csv,57,4001060010170,真乃,"……？
お手紙、ですか……？",283活动剧情,ヒカリと夜の音楽 またはクロノスタシス,オープニング-はじまり、それからまどろみ
283活动剧情/ヒカリと夜の音楽 またはクロノスタシス/オープニング-はじまり、それからまどろみ.csv,61,4001060010180,真乃,……い、いえ……っ,283活动剧情,ヒカリと夜の音楽 またはクロノスタシス,オープニング-はじまり、それからまどろみ
283活动剧情/ヒカリと夜の音楽 またはクロノスタシス/オープニング-はじまり、それからまどろみ.csv,66,4001060010220,真乃,ほ、ほわぁ……っ,283活动剧情,ヒカリと夜の音楽 またはクロノスタシス,オープニング-はじまり、それからまどろみ
283活动剧情/ヒカリと夜の音楽 またはクロノスタシス/オープニング-はじまり、それからまどろみ.csv,73,4001060010290,真乃,うん……,283活动剧情,ヒカリと夜の音楽 またはクロノスタシス,オープニング-はじまり、それからまどろみ
283活动剧情/ヒカリと夜の音楽 またはクロノスタシス/オープニング-はじまり、それからまどろみ.csv,74,4001060010300,真乃,ずっとずっと──……,283活动剧情,ヒカリと夜の音楽 またはクロノスタシス,オープニング-はじまり、それからまどろみ
283活动剧情/ヒカリと夜の音楽 またはクロノスタシス/第1話-あしたが、まだ永遠だったころ.csv,16,4001060020060,真乃,本日はありがとうございました……っ,283活动剧情,ヒカリと夜の音楽 またはクロノスタシス,第1話-あしたが、まだ永遠だったころ
283活动剧情/ヒカリと夜の音楽 またはクロノスタシス/第1話-あしたが、まだ永遠だったころ.csv,61,4001060020350,真乃,──輝きをみんなに届けよう,283活动剧情,ヒカリと夜の音楽 またはクロノスタシス,第1話-あしたが、まだ永遠だったころ
283活动剧情/ヒカリと夜の音楽 またはクロノスタシス/第1話-あしたが、まだ永遠だったころ.csv,63,4001060020360,真乃,"……みなさん、こんにちは
はじめましての人も多いでしょうか……っ",283活动剧情,ヒカリと夜の音楽 またはクロノスタシス,第1話-あしたが、まだ永遠だったころ
283活动剧情/ヒカリと夜の音楽 またはクロノスタシス/第2話-おとなは、預言者の顔をする.csv,3,4001060030020,真乃,うん……,283活动剧情,ヒカリと夜の音楽 またはクロノスタシス,第2話-おとなは、預言者の顔をする
283活动剧情/ヒカリと夜の音楽 またはクロノスタシス/第2話-おとなは、預言者の顔をする.csv,4,4001060030030,真乃,ずっとずっと、当たり前に──……,283活动剧情,ヒカリと夜の音楽 またはクロノスタシス,第2話-おとなは、預言者の顔をする
283活动剧情/ヒカリと夜の音楽 またはクロノスタシス/第2話-おとなは、預言者の顔をする.csv,16,4001060030140,真乃,『大丈夫、めぐるちゃんの声しか聞こえないよっ』,283活动剧情,ヒカリと夜の音楽 またはクロノスタシス,第2話-おとなは、預言者の顔をする
283活动剧情/ヒカリと夜の音楽 またはクロノスタシス/第2話-おとなは、預言者の顔をする.csv,18,4001060030160,真乃,『灯織ちゃん、どこで登場するのかな……』,283活动剧情,ヒカリと夜の音楽 またはクロノスタシス,第2話-おとなは、預言者の顔をする
283活动剧情/ヒカリと夜の音楽 またはクロノスタシス/第2話-おとなは、預言者の顔をする.csv,21,4001060030190,真乃,『そ、そっか……そうだよね、生放送だから……』,283活动剧情,ヒカリと夜の音楽 またはクロノスタシス,第2話-おとなは、預言者の顔をする
283活动剧情/ヒカリと夜の音楽 またはクロノスタシス/第2話-おとなは、預言者の顔をする.csv,25,4001060030230,真乃,『ほわ……め、めぐるちゃんも……っ』,283活动剧情,ヒカリと夜の音楽 またはクロノスタシス,第2話-おとなは、預言者の顔をする
283活动剧情/ヒカリと夜の音楽 またはクロノスタシス/第2話-おとなは、預言者の顔をする.csv,27,4001060030250,真乃,『う、うん……』,283活动剧情,ヒカリと夜の音楽 またはクロノスタシス,第2話-おとなは、預言者の顔をする
283活动剧情/ヒカリと夜の音楽 またはクロノスタシス/第2話-おとなは、預言者の顔をする.csv,28,4001060030260,真乃,『……心配でドキドキ、じゃなくて……』,283活动剧情,ヒカリと夜の音楽 またはクロノスタシス,第2話-おとなは、預言者の顔をする
283活动剧情/ヒカリと夜の音楽 またはクロノスタシス/第2話-おとなは、預言者の顔をする.csv,30,4001060030280,真乃,『なんだか、自分のことみたいにドキドキして……』,283活动剧情,ヒカリと夜の音楽 またはクロノスタシス,第2話-おとなは、預言者の顔をする
283活动剧情/ヒカリと夜の音楽 またはクロノスタシス/第2話-おとなは、預言者の顔をする.csv,32,4001060030300,真乃,『あっ』,283活动剧情,ヒカリと夜の音楽 またはクロノスタシス,第2話-おとなは、預言者の顔をする
283活动剧情/ヒカリと夜の音楽 またはクロノスタシス/第2話-おとなは、預言者の顔をする.csv,33,4001060030301,真乃＆めぐる,灯織！！,283活动剧情,ヒカリと夜の音楽 またはクロノスタシス,第2話-おとなは、預言者の顔をする
283活动剧情/ヒカリと夜の音楽 またはクロノスタシス/第2話-おとなは、預言者の顔をする.csv,34,4001060030302,真乃＆めぐる,────……！,283活动剧情,ヒカリと夜の音楽 またはクロノスタシス,第2話-おとなは、預言者の顔をする
283活动剧情/ヒカリと夜の音楽 またはクロノスタシス/第2話-おとなは、預言者の顔をする.csv,39,4001060030350,真乃,ふふ、うんっ,283活动剧情,ヒカリと夜の音楽 またはクロノスタシス,第2話-おとなは、預言者の顔をする
283活动剧情/ヒカリと夜の音楽 またはクロノスタシス/第2話-おとなは、預言者の顔をする.csv,55,4001060030380,真乃,"……は、はい……っ
最近いただいたものをお借りしています",283活动剧情,ヒカリと夜の音楽 またはクロノスタシス,第2話-おとなは、預言者の顔をする
283活动剧情/ヒカリと夜の音楽 またはクロノスタシス/第2話-おとなは、預言者の顔をする.csv,57,4001060030390,真乃,…………,283活动剧情,ヒカリと夜の音楽 またはクロノスタシス,第2話-おとなは、預言者の顔をする
283活动剧情/ヒカリと夜の音楽 またはクロノスタシス/第2話-おとなは、預言者の顔をする.csv,59,4001060030400,真乃,ほわ……？,283活动剧情,ヒカリと夜の音楽 またはクロノスタシス,第2話-おとなは、預言者の顔をする
283活动剧情/ヒカリと夜の音楽 またはクロノスタシス/第2話-おとなは、預言者の顔をする.csv,61,4001060030410,真乃,"そ、そうです……っ
……いつもと、同じ方からです",283活动剧情,ヒカリと夜の音楽 またはクロノスタシス,第2話-おとなは、預言者の顔をする
283活动剧情/ヒカリと夜の音楽 またはクロノスタシス/第2話-おとなは、預言者の顔をする.csv,62,4001060030420,真乃,"……今回は新曲の感想をいただきました
お友達の分も",283活动剧情,ヒカリと夜の音楽 またはクロノスタシス,第2話-おとなは、預言者の顔をする
283活动剧情/ヒカリと夜の音楽 またはクロノスタシス/第2話-おとなは、預言者の顔をする.csv,64,4001060030430,真乃,"ふふ
はい、きっと……っ",283活动剧情,ヒカリと夜の音楽 またはクロノスタシス,第2話-おとなは、預言者の顔をする
283活动剧情/ヒカリと夜の音楽 またはクロノスタシス/第2話-おとなは、預言者の顔をする.csv,70,4001060030450,真乃,"——……本当ですか……ほわぁ……
いつも応援してくれて、ありがとうございますっ",283活动剧情,ヒカリと夜の音楽 またはクロノスタシス,第2話-おとなは、預言者の顔をする
283活动剧情/ヒカリと夜の音楽 またはクロノスタシス/第2話-おとなは、預言者の顔をする.csv,83,4001060030510,真乃,みなさん、楽しんでますか……っ,283活动剧情,ヒカリと夜の音楽 またはクロノスタシス,第2話-おとなは、預言者の顔をする
283活动剧情/ヒカリと夜の音楽 またはクロノスタシス/第3話-となりに、地球の裏側.csv,4,4001060040010,真乃,"はじめて来てくださったんですか
ありがとうございます……っ",283活动剧情,ヒカリと夜の音楽 またはクロノスタシス,第3話-となりに、地球の裏側
283活动剧情/ヒカリと夜の音楽 またはクロノスタシス/第3話-となりに、地球の裏側.csv,5,4001060040020,真乃,"あ、あの櫻木真乃です
どうぞよろしくお願いします",283活动剧情,ヒカリと夜の音楽 またはクロノスタシス,第3話-となりに、地球の裏側
283活动剧情/ヒカリと夜の音楽 またはクロノスタシス/第3話-となりに、地球の裏側.csv,6,4001060040030,真乃,"あの、せーので、ハイタッチで……
はい……っ",283活动剧情,ヒカリと夜の音楽 またはクロノスタシス,第3話-となりに、地球の裏側
283活动剧情/ヒカリと夜の音楽 またはクロノスタシス/第3話-となりに、地球の裏側.csv,7,4001060040040,真乃,……せーのっ,283活动剧情,ヒカリと夜の音楽 またはクロノスタシス,第3話-となりに、地球の裏側
283活动剧情/ヒカリと夜の音楽 またはクロノスタシス/第4話-だいすき、本当に大好きだったよ.csv,9,4001060050010,真乃,"今日は、お集まりいただき
ありがとうございます……っ",283活动剧情,ヒカリと夜の音楽 またはクロノスタシス,第4話-だいすき、本当に大好きだったよ
283活动剧情/ヒカリと夜の音楽 またはクロノスタシス/第4話-だいすき、本当に大好きだったよ.csv,18,4001060050070,真乃,ほわぁ、来てくれてたんだ……っ,283活动剧情,ヒカリと夜の音楽 またはクロノスタシス,第4話-だいすき、本当に大好きだったよ
283活动剧情/ヒカリと夜の音楽 またはクロノスタシス/第4話-だいすき、本当に大好きだったよ.csv,22,4001060050110,真乃,"私も……
見なかった気がする……",283活动剧情,ヒカリと夜の音楽 またはクロノスタシス,第4話-だいすき、本当に大好きだったよ
283活动剧情/ヒカリと夜の音楽 またはクロノスタシス/第4話-だいすき、本当に大好きだったよ.csv,26,4001060050150,真乃,うん……っ,283活动剧情,ヒカリと夜の音楽 またはクロノスタシス,第4話-だいすき、本当に大好きだったよ
283活动剧情/ヒカリと夜の音楽 またはクロノスタシス/第4話-だいすき、本当に大好きだったよ.csv,32,4001060050170,真乃,──輝きをみんなに届けよう,283活动剧情,ヒカリと夜の音楽 またはクロノスタシス,第4話-だいすき、本当に大好きだったよ
283活动剧情/ヒカリと夜の音楽 またはクロノスタシス/第4話-だいすき、本当に大好きだったよ.csv,40,4001060050191,真乃＆灯織,…………っ,283活动剧情,ヒカリと夜の音楽 またはクロノスタシス,第4話-だいすき、本当に大好きだったよ
283活动剧情/ヒカリと夜の音楽 またはクロノスタシス/第4話-だいすき、本当に大好きだったよ.csv,42,4001060050210,真乃,"ほわぁ……
うん……っ",283活动剧情,ヒカリと夜の音楽 またはクロノスタシス,第4話-だいすき、本当に大好きだったよ
283活动剧情/ヒカリと夜の音楽 またはクロノスタシス/第4話-だいすき、本当に大好きだったよ.csv,50,4001060050260,真乃,うん、頑張ろう……っ,283活动剧情,ヒカリと夜の音楽 またはクロノスタシス,第4話-だいすき、本当に大好きだったよ
283活动剧情/ヒカリと夜の音楽 またはクロノスタシス/第4話-だいすき、本当に大好きだったよ.csv,51,4001060050270,真乃,"……またあとで、きつねどんとたぬきどんのお話も、
教えてほしいな……っ",283活动剧情,ヒカリと夜の音楽 またはクロノスタシス,第4話-だいすき、本当に大好きだったよ
283活动剧情/ヒカリと夜の音楽 またはクロノスタシス/第4話-だいすき、本当に大好きだったよ.csv,81,4001060050430,真乃,う、うん……っ,283活动剧情,ヒカリと夜の音楽 またはクロノスタシス,第4話-だいすき、本当に大好きだったよ
283活动剧情/ヒカリと夜の音楽 またはクロノスタシス/第5話-じかんよ、おまえは.csv,61,4001060060190,真乃,……,283活动剧情,ヒカリと夜の音楽 またはクロノスタシス,第5話-じかんよ、おまえは
283活动剧情/ヒカリと夜の音楽 またはクロノスタシス/第5話-じかんよ、おまえは.csv,62,4001060060200,真乃,"……特別回とか突発回とか、
そういうのも含めたら……えっと……",283活动剧情,ヒカリと夜の音楽 またはクロノスタシス,第5話-じかんよ、おまえは
283活动剧情/ヒカリと夜の音楽 またはクロノスタシス/第5話-じかんよ、おまえは.csv,65,4001060060230,真乃,みんな、寝る時に切っちゃったもんね……,283活动剧情,ヒカリと夜の音楽 またはクロノスタシス,第5話-じかんよ、おまえは
283活动剧情/ヒカリと夜の音楽 またはクロノスタシス/第5話-じかんよ、おまえは.csv,66,4001060060231,真乃＆灯織,ふふ……,283活动剧情,ヒカリと夜の音楽 またはクロノスタシス,第5話-じかんよ、おまえは
283活动剧情/ヒカリと夜の音楽 またはクロノスタシス/第5話-じかんよ、おまえは.csv,67,4001060060240,真乃,『今日はみんなでお泊まり会の予定です』,283活动剧情,ヒカリと夜の音楽 またはクロノスタシス,第5話-じかんよ、おまえは
283活动剧情/ヒカリと夜の音楽 またはクロノスタシス/第5話-じかんよ、おまえは.csv,68,4001060060250,真乃,"『オフの日を合わせてくださって
本当にありがとうございました』",283活动剧情,ヒカリと夜の音楽 またはクロノスタシス,第5話-じかんよ、おまえは
283活动剧情/ヒカリと夜の音楽 またはクロノスタシス/第5話-じかんよ、おまえは.csv,78,4001060060290,真乃,たぬきどんも急に踊りだすから……ふふっ,283活动剧情,ヒカリと夜の音楽 またはクロノスタシス,第5話-じかんよ、おまえは
283活动剧情/ヒカリと夜の音楽 またはクロノスタシス/第5話-じかんよ、おまえは.csv,84,4001060060321,真乃＆灯織,おやすみなさい,283活动剧情,ヒカリと夜の音楽 またはクロノスタシス,第5話-じかんよ、おまえは
283活动剧情/ヒカリと夜の音楽 またはクロノスタシス/第5話-じかんよ、おまえは.csv,92,4001060060340,真乃,うん……？,283活动剧情,ヒカリと夜の音楽 またはクロノスタシス,第5話-じかんよ、おまえは
283活动剧情/ヒカリと夜の音楽 またはクロノスタシス/第5話-じかんよ、おまえは.csv,98,4001060060400,真乃,うん……,283活动剧情,ヒカリと夜の音楽 またはクロノスタシス,第5話-じかんよ、おまえは
283活动剧情/ヒカリと夜の音楽 またはクロノスタシス/第5話-じかんよ、おまえは.csv,99,4001060060410,真乃,ずっとずっと当たり前で……,283活动剧情,ヒカリと夜の音楽 またはクロノスタシス,第5話-じかんよ、おまえは
283活动剧情/ヒカリと夜の音楽 またはクロノスタシス/第5話-じかんよ、おまえは.csv,100,4001060060420,真乃,いられますように──……,283活动剧情,ヒカリと夜の音楽 またはクロノスタシス,第5話-じかんよ、おまえは
283活动剧情/ヒカリと夜の音楽 またはクロノスタシス/第6話-きのうが、永遠になった.csv,4,4001060070010,真乃,"ほわぁ……っ
こ、こんなにたくさん……",283活动剧情,ヒカリと夜の音楽 またはクロノスタシス,第6話-きのうが、永遠になった
283活动剧情/ヒカリと夜の音楽 またはクロノスタシス/第6話-きのうが、永遠になった.csv,6,4001060070020,真乃,……ありがとうございますっ,283活动剧情,ヒカリと夜の音楽 またはクロノスタシス,第6話-きのうが、永遠になった
283活动剧情/ヒカリと夜の音楽 またはクロノスタシス/第6話-きのうが、永遠になった.csv,7,4001060070030,真乃,…………,283活动剧情,ヒカリと夜の音楽 またはクロノスタシス,第6話-きのうが、永遠になった
283活动剧情/ヒカリと夜の音楽 またはクロノスタシス/第6話-きのうが、永遠になった.csv,8,4001060070040,真乃,流れ星の封筒……,283活动剧情,ヒカリと夜の音楽 またはクロノスタシス,第6話-きのうが、永遠になった
283活动剧情/ヒカリと夜の音楽 またはクロノスタシス/第6話-きのうが、永遠になった.csv,10,4001060070050,真乃,……？,283活动剧情,ヒカリと夜の音楽 またはクロノスタシス,第6話-きのうが、永遠になった
283活动剧情/ヒカリと夜の音楽 またはクロノスタシス/第6話-きのうが、永遠になった.csv,13,4001060070060,真乃,…………,283活动剧情,ヒカリと夜の音楽 またはクロノスタシス,第6話-きのうが、永遠になった
283活动剧情/ヒカリと夜の音楽 またはクロノスタシス/第6話-きのうが、永遠になった.csv,14,4001060070070,真乃,はい、とっても可愛い封筒……,283活动剧情,ヒカリと夜の音楽 またはクロノスタシス,第6話-きのうが、永遠になった
283活动剧情/ヒカリと夜の音楽 またはクロノスタシス/第6話-きのうが、永遠になった.csv,15,4001060070080,真乃,中の手紙も大切に読みます……っ,283活动剧情,ヒカリと夜の音楽 またはクロノスタシス,第6話-きのうが、永遠になった
283活动剧情/ヒカリと夜の音楽 またはクロノスタシス/第6話-きのうが、永遠になった.csv,17,4001060070090,真乃,…………,283活动剧情,ヒカリと夜の音楽 またはクロノスタシス,第6話-きのうが、永遠になった
283活动剧情/ヒカリと夜の音楽 またはクロノスタシス/第6話-きのうが、永遠になった.csv,18,4001060070100,真乃,"……流れ星の封筒や便箋は、
たくさんいただくんですけれど",283活动剧情,ヒカリと夜の音楽 またはクロノスタシス,第6話-きのうが、永遠になった
283活动剧情/ヒカリと夜の音楽 またはクロノスタシス/第6話-きのうが、永遠になった.csv,19,4001060070110,真乃,どれも少しずつ違うんです,283活动剧情,ヒカリと夜の音楽 またはクロノスタシス,第6話-きのうが、永遠になった
283活动剧情/ヒカリと夜の音楽 またはクロノスタシス/第6話-きのうが、永遠になった.csv,20,4001060070120,真乃,"封をするシールとか、文字のインクとか、
手紙の折りたたみ方とか……",283活动剧情,ヒカリと夜の音楽 またはクロノスタシス,第6話-きのうが、永遠になった
283活动剧情/ヒカリと夜の音楽 またはクロノスタシス/第6話-きのうが、永遠になった.csv,21,4001060070130,真乃,だから……,283活动剧情,ヒカリと夜の音楽 またはクロノスタシス,第6話-きのうが、永遠になった
283活动剧情/ヒカリと夜の音楽 またはクロノスタシス/第6話-きのうが、永遠になった.csv,22,4001060070140,真乃,………………,283活动剧情,ヒカリと夜の音楽 またはクロノスタシス,第6話-きのうが、永遠になった
283活动剧情/ヒカリと夜の音楽 またはクロノスタシス/第6話-きのうが、永遠になった.csv,26,4001060070150,真乃,…………はい,283活动剧情,ヒカリと夜の音楽 またはクロノスタシス,第6話-きのうが、永遠になった
283活动剧情/ロング・ログ・エンドロール/终章-snip snap snout.csv,24,4001051080050,真乃,"みなさんに、
今日、会えたことをとってもうれしく思います",283活动剧情,ロング・ログ・エンドロール,终章-snip snap snout
283活动剧情/密着！ハロウィンワールド24時/エンディング-終わりが来るなんて.csv,2,4001041080010,真乃,あ、あれ……っ,283活动剧情,密着！ハロウィンワールド24時,エンディング-終わりが来るなんて
283活动剧情/密着！ハロウィンワールド24時/エンディング-終わりが来るなんて.csv,74,4001041080610,真乃,うん……っ,283活动剧情,密着！ハロウィンワールド24時,エンディング-終わりが来るなんて
283活动剧情/密着！ハロウィンワールド24時/エンディング-終わりが来るなんて.csv,75,4001041080620,真乃,今行くね……っ,283活动剧情,密着！ハロウィンワールド24時,エンディング-終わりが来るなんて
283活动剧情/密着！ハロウィンワールド24時/エンディング-終わりが来るなんて.csv,76,4001041080630,真乃,"あ……あのっ
プロデューサーさんっ",283活动剧情,密着！ハロウィンワールド24時,エンディング-終わりが来るなんて
283活动剧情/密着！ハロウィンワールド24時/エンディング-終わりが来るなんて.csv,77,4001041080640,真乃,"私たち……プロデューサーさんに助けていただいて
三人で一緒にいられるようになって……",283活动剧情,密着！ハロウィンワールド24時,エンディング-終わりが来るなんて
283活动剧情/密着！ハロウィンワールド24時/エンディング-終わりが来るなんて.csv,78,4001041080650,真乃,とっても……とっても、感謝しています……っ,283活动剧情,密着！ハロウィンワールド24時,エンディング-終わりが来るなんて
283活动剧情/密着！ハロウィンワールド24時/エンディング-終わりが来るなんて.csv,79,4001041080660,真乃,"だから、何か
お返しができたらって、思ったんですけれど……",283活动剧情,密着！ハロウィンワールド24時,エンディング-終わりが来るなんて
283活动剧情/密着！ハロウィンワールド24時/エンディング-終わりが来るなんて.csv,80,4001041080670,真乃,……何も、できなくて……,283活动剧情,密着！ハロウィンワールド24時,エンディング-終わりが来るなんて
283活动剧情/密着！ハロウィンワールド24時/エンディング-終わりが来るなんて.csv,83,4001041080680,真乃,…………っ,283活动剧情,密着！ハロウィンワールド24時,エンディング-終わりが来るなんて
283活动剧情/密着！ハロウィンワールド24時/第6話-救出大作戦☆守りたいのは、君.csv,7,4001041070030,真乃,よ、よかった……っ,283活动剧情,密着！ハロウィンワールド24時,第6話-救出大作戦☆守りたいのは、君
283活动剧情/密着！ハロウィンワールド24時/第6話-救出大作戦☆守りたいのは、君.csv,13,4001041070070,真乃,"プロデューサーさんに、何か
良くないことがあるかもって聞いて……",283活动剧情,密着！ハロウィンワールド24時,第6話-救出大作戦☆守りたいのは、君
283活动剧情/密着！ハロウィンワールド24時/第6話-救出大作戦☆守りたいのは、君.csv,14,4001041070080,真乃,"前に助けていただいたみたいに
今度は、私たちが何かできないかなって……っ",283活动剧情,密着！ハロウィンワールド24時,第6話-救出大作戦☆守りたいのは、君
283活动剧情/密着！ハロウィンワールド24時/第6話-救出大作戦☆守りたいのは、君.csv,15,4001041070090,真乃,だ、だから……っ,283活动剧情,密着！ハロウィンワールド24時,第6話-救出大作戦☆守りたいのは、君
283活动剧情/密着！ハロウィンワールド24時/第6話-救出大作戦☆守りたいのは、君.csv,16,4001041070100,真乃,"ぷ、プロデューサーさんのことは
私たちが、守ります……っ",283活动剧情,密着！ハロウィンワールド24時,第6話-救出大作戦☆守りたいのは、君
283活动剧情/密着！ハロウィンワールド24時/第6話-救出大作戦☆守りたいのは、君.csv,32,4001041070260,真乃,"プロデューサーさんっ
私の後ろに、隠れていてください……っ",283活动剧情,密着！ハロウィンワールド24時,第6話-救出大作戦☆守りたいのは、君
283活动剧情/密着！ハロウィンワールド24時/第6話-救出大作戦☆守りたいのは、君.csv,60,4001041070400,真乃,"頑張って……っ
めぐるちゃん……っ",283活动剧情,密着！ハロウィンワールド24時,第6話-救出大作戦☆守りたいのは、君
283活动剧情/密着！ハロウィンワールド24時/第6話-救出大作戦☆守りたいのは、君.csv,62,4001041070411,真乃＆灯織,…………っ,283活动剧情,密着！ハロウィンワールド24時,第6話-救出大作戦☆守りたいのは、君
283活动剧情/密着！ハロウィンワールド24時/第6話-救出大作戦☆守りたいのは、君.csv,92,4001041070610,真乃,"あ、あの……っ
私たちも、すみません……っ",283活动剧情,密着！ハロウィンワールド24時,第6話-救出大作戦☆守りたいのは、君
283活动剧情/密着！ハロウィンワールド24時/第6話-救出大作戦☆守りたいのは、君.csv,109,4001041070710,真乃,何かがぶつかった音にも聞こえました……っ,283活动剧情,密着！ハロウィンワールド24時,第6話-救出大作戦☆守りたいのは、君
283活动剧情/明るい部屋/第1话-オンリー・プライベート.csv,4,4001031020030,真乃,あったかい……,283活动剧情,明るい部屋,第1话-オンリー・プライベート
283活动剧情/明るい部屋/第1话-オンリー・プライベート.csv,11,4001031020091,真乃＆灯織,お疲れさまです……っ,283活动剧情,明るい部屋,第1话-オンリー・プライベート
283活动剧情/明るい部屋/第1话-オンリー・プライベート.csv,14,4001031020120,真乃,"……？
口紅……",283活动剧情,明るい部屋,第1话-オンリー・プライベート
283活动剧情/明るい部屋/第1话-オンリー・プライベート.csv,18,4001031020160,真乃,"うん……
素敵なヒールとかを履いてて……っ",283活动剧情,明るい部屋,第1话-オンリー・プライベート
283活动剧情/明るい部屋/第1话-オンリー・プライベート.csv,28,4001031020250,真乃,…………っ,283活动剧情,明るい部屋,第1话-オンリー・プライベート
283活动剧情/明るい部屋/第1话-オンリー・プライベート.csv,31,4001031020271,真乃＆灯織＆愛依,いってらっしゃい……！,283活动剧情,明るい部屋,第1话-オンリー・プライベート
283活动剧情/明るい部屋/第1话-オンリー・プライベート.csv,32,4001031020280,真乃,……お、おめかししてたね……っ,283活动剧情,明るい部屋,第1话-オンリー・プライベート
283活动剧情/明るい部屋/第1话-オンリー・プライベート.csv,40,4001031020350,真乃,"ほわ……
う、うん……っ",283活动剧情,明るい部屋,第1话-オンリー・プライベート
283活动剧情/明るい部屋/第1话-オンリー・プライベート.csv,79,4001031020690,真乃,……っ,283活动剧情,明るい部屋,第1话-オンリー・プライベート
283活动剧情/明るい部屋/第1话-オンリー・プライベート.csv,89,4001031020770,真乃,"……たぶん
ごはんとか、食べたり……っ",283活动剧情,明るい部屋,第1话-オンリー・プライベート
283活动剧情/明るい部屋/第1话-オンリー・プライベート.csv,102,4001031020850,真乃,"──こういうところ、歩くのかな
はづきさん……",283活动剧情,明るい部屋,第1话-オンリー・プライベート
283活动剧情/明るい部屋/第4话-サンタ・クローズド.csv,52,4001031050480,真乃,──よい、しょ……,283活动剧情,明るい部屋,第4话-サンタ・クローズド
283活动剧情/明るい部屋/第4话-サンタ・クローズド.csv,53,4001031050490,真乃,ワレモノは、詰めたよ……っ,283活动剧情,明るい部屋,第4话-サンタ・クローズド
283活动剧情/明るい部屋/第4话-サンタ・クローズド.csv,55,4001031050501,真乃＆甜花,────ふぅ……！,283活动剧情,明るい部屋,第4话-サンタ・クローズド
283活动剧情/明るい部屋/第4话-サンタ・クローズド.csv,57,4001031050511,真乃＆甜花,お疲れさまです……,283活动剧情,明るい部屋,第4话-サンタ・クローズド
283活动剧情/明るい部屋/第4话-サンタ・クローズド.csv,59,4001031050530,真乃,ちょっと、暑くなってきちゃって……,283活动剧情,明るい部屋,第4话-サンタ・クローズド
283活动剧情/明るい部屋/第4话-サンタ・クローズド.csv,62,4001031050560,真乃,"あっ、えっと……
タオルは、いっぱいいただいていて……っ",283活动剧情,明るい部屋,第4话-サンタ・クローズド
283活动剧情/明るい部屋/第4话-サンタ・クローズド.csv,66,4001031050591,真乃＆咲耶＆甜花,ふふふっ……,283活动剧情,明るい部屋,第4话-サンタ・クローズド
283活动剧情/明るい部屋/第4话-サンタ・クローズド.csv,67,4001031050600,真乃,"ここ……
リフォームするんですね",283活动剧情,明るい部屋,第4话-サンタ・クローズド
283活动剧情/明るい部屋/第4话-サンタ・クローズド.csv,70,4001031050630,真乃,"……ふふっ
寮に来ること、私はあんまりないので……",283活动剧情,明るい部屋,第4话-サンタ・クローズド
283活动剧情/明るい部屋/第4话-サンタ・クローズド.csv,71,4001031050640,真乃,"甜花ちゃんに誘ってもらえたの
とってもとっても、うれしくって……っ",283活动剧情,明るい部屋,第4话-サンタ・クローズド
283活动剧情/明るい部屋/第4话-サンタ・クローズド.csv,73,4001031050660,真乃,"それにここ
私たちも使っていい部屋になるって、聞きました",283活动剧情,明るい部屋,第4话-サンタ・クローズド
283活动剧情/明るい部屋/第4话-サンタ・クローズド.csv,77,4001031050700,真乃,"はい……
恋鐘ちゃんのお部屋、こういう感じじゃなかったし……",283活动剧情,明るい部屋,第4话-サンタ・クローズド
283活动剧情/明るい部屋/第4话-サンタ・クローズド.csv,79,4001031050720,真乃,"う、うん……
アンティーカのみんなと、漫画を読んだの……っ",283活动剧情,明るい部屋,第4话-サンタ・クローズド
283活动剧情/明るい部屋/第4话-サンタ・クローズド.csv,84,4001031050770,真乃,ふふ……っ,283活动剧情,明るい部屋,第4话-サンタ・クローズド
283活动剧情/明るい部屋/第4话-サンタ・クローズド.csv,85,4001031050780,真乃,仲良し……,283活动剧情,明るい部屋,第4话-サンタ・クローズド
283活动剧情/明るい部屋/第4话-サンタ・クローズド.csv,86,4001031050790,真乃,うん、仲良くなった、の……,283活动剧情,明るい部屋,第4话-サンタ・クローズド
283活动剧情/明るい部屋/第4话-サンタ・クローズド.csv,111,4001031051010,真乃,────くしゅっ……,283活动剧情,明るい部屋,第4话-サンタ・クローズド
283活动剧情/明るい部屋/第4话-サンタ・クローズド.csv,114,4001031051040,真乃,"え、えっと……っ
大丈夫です────",283活动剧情,明るい部屋,第4话-サンタ・クローズド
283活动剧情/明るい部屋/第4话-サンタ・クローズド.csv,115,4001031051050,真乃,くしゅっ,283活动剧情,明るい部屋,第4话-サンタ・クローズド
283活动剧情/明るい部屋/第4话-サンタ・クローズド.csv,117,4001031051070,真乃,"……！
あ、あの……それじゃあ……",283活动剧情,明るい部屋,第4话-サンタ・クローズド
283活动剧情/明るい部屋/第4话-サンタ・クローズド.csv,118,4001031051080,真乃,"取りに行くの、
お手伝いさせてください……っ",283活动剧情,明るい部屋,第4话-サンタ・クローズド
283活动剧情/明るい部屋/第4话-サンタ・クローズド.csv,120,4001031051100,真乃,"……っ
え、えっと……",283活动剧情,明るい部屋,第4话-サンタ・クローズド
283活动剧情/明るい部屋/第4话-サンタ・クローズド.csv,126,4001031051151,真乃＆甜花,はい……っ,283活动剧情,明るい部屋,第4话-サンタ・クローズド
283活动剧情/明るい部屋/第4话-サンタ・クローズド.csv,128,4001031051161,真乃＆甜花,めぐるちゃん……っ,283活动剧情,明るい部屋,第4话-サンタ・クローズド
283活动剧情/明るい部屋/第4话-サンタ・クローズド.csv,131,4001031051190,真乃,ふふふっ……,283活动剧情,明るい部屋,第4话-サンタ・クローズド
283活动剧情/明るい部屋/第5话-ブリアル.csv,2,4001031060001,真乃＆灯織＆めぐる,すー────,283活动剧情,明るい部屋,第5话-ブリアル
283活动剧情/明るい部屋/第5话-ブリアル.csv,14,4001031060110,真乃,"ふふっ
いいなぁ、灯織ちゃん……",283活动剧情,明るい部屋,第5话-ブリアル
283活动剧情/明るい部屋/第5话-ブリアル.csv,17,4001031060140,真乃,うん……っ,283活动剧情,明るい部屋,第5话-ブリアル
283活动剧情/明るい部屋/第5话-ブリアル.csv,18,4001031060150,真乃,"生放送とコーラスの日が
かぶってなかったらよかったなって、思うけど……",283活动剧情,明るい部屋,第5话-ブリアル
283活动剧情/明るい部屋/第5话-ブリアル.csv,19,4001031060160,真乃,"……でも、待ち時間で
掛け持ちしなきゃいけないんだもんね",283活动剧情,明るい部屋,第5话-ブリアル
283活动剧情/明るい部屋/第5话-ブリアル.csv,23,4001031060190,真乃,あ、それじゃあ,283活动剧情,明るい部屋,第5话-ブリアル
283活动剧情/明るい部屋/第5话-ブリアル.csv,24,4001031060200,真乃,"今日も灯織ちゃん、あっちの練習だし……
寮のお手伝い、どうかな……っ",283活动剧情,明るい部屋,第5话-ブリアル
283活动剧情/明るい部屋/第5话-ブリアル.csv,27,4001031060221,真乃＆めぐる,おあいこだよ……！,283活动剧情,明るい部屋,第5话-ブリアル
283活动剧情/明るい部屋/第6话-消防士.csv,84,4001031070631,真乃＆めぐる,はい……！,283活动剧情,明るい部屋,第6话-消防士
283活动剧情/绊光记/序章-停電10.7_已校.csv,11,4001073010020,真乃,……めぐるちゃん、うれしそう……,283活动剧情,绊光记,序章-停電10.7_已校
283活动剧情/绊光记/序章-停電10.7_已校.csv,13,4001073010040,真乃,ほわ……,283活动剧情,绊光记,序章-停電10.7_已校
283活动剧情/绊光记/序章-停電10.7_已校.csv,27,4001073010120,真乃,……お疲れさま、めぐるちゃん,283活动剧情,绊光记,序章-停電10.7_已校
283活动剧情/绊光记/序章-停電10.7_已校.csv,32,4001073010170,真乃,……少しだけ、読んでいくのはどうかな……,283活动剧情,绊光记,序章-停電10.7_已校
283活动剧情/绊光记/序章-停電10.7_已校.csv,34,4001073010190,真乃,"それならどうかな……
灯織ちゃん……",283活动剧情,绊光记,序章-停電10.7_已校
283活动剧情/绊光记/序章-停電10.7_已校.csv,39,4001073010240,真乃,ふふっ……可愛い……,283活动剧情,绊光记,序章-停電10.7_已校
283活动剧情/绊光记/序章-停電10.7_已校.csv,43,4001073010280,真乃,……っ,283活动剧情,绊光记,序章-停電10.7_已校
283活动剧情/绊光记/序章-停電10.7_已校.csv,46,4001073010310,真乃,うん……っ,283活动剧情,绊光记,序章-停電10.7_已校
283活动剧情/绊光记/序章-停電10.7_已校.csv,51,4001073010341,真乃＆灯織,停電……！,283活动剧情,绊光记,序章-停電10.7_已校
283活动剧情/绊光记/序章-停電10.7_已校.csv,58,4001073010410,真乃,ほわ……,283活动剧情,绊光记,序章-停電10.7_已校
283活动剧情/绊光记/序章-停電10.7_已校.csv,63,4001073010460,真乃,うん、たぶん……,283活动剧情,绊光记,序章-停電10.7_已校
283活动剧情/绊光记/序章-停電10.7_已校.csv,68,4001073010510,真乃,ふふっ,283活动剧情,绊光记,序章-停電10.7_已校
283活动剧情/绊光记/序章-停電10.7_已校.csv,76,4001073010590,真乃,うん……,283活动剧情,绊光记,序章-停電10.7_已校
283活动剧情/绊光记/序章-停電10.7_已校.csv,77,4001073010600,真乃,でも……あんまり怖くないかも……,283活动剧情,绊光记,序章-停電10.7_已校
283活动剧情/绊光记/序章-停電10.7_已校.csv,79,4001073010620,真乃,"灯織ちゃんも、めぐるちゃんも
近くにいるから……",283活动剧情,绊光记,序章-停電10.7_已校
283活动剧情/绊光记/序章-停電10.7_已校.csv,100,4001073010750,真乃,うん……,283活动剧情,绊光记,序章-停電10.7_已校
283活动剧情/绊光记/序章-停電10.7_已校.csv,103,4001073010770,真乃,めぐるちゃん？,283活动剧情,绊光记,序章-停電10.7_已校
283活动剧情/绊光记/序章-停電10.7_已校.csv,106,4001073010800,真乃,ふふっ……,283活动剧情,绊光记,序章-停電10.7_已校
283活动剧情/绊光记/第1话-カーテンのリアリズム-10.15校对.csv,2,4001073020010,真乃,……,283活动剧情,绊光记,第1话-カーテンのリアリズム-10.15校对
283活动剧情/绊光记/第1话-カーテンのリアリズム-10.15校对.csv,3,4001073020020,真乃,めぐるちゃん……,283活动剧情,绊光记,第1话-カーテンのリアリズム-10.15校对
283活动剧情/绊光记/第1话-カーテンのリアリズム-10.15校对.csv,4,4001073020030,真乃,"『急がなくて大丈夫だよ』
……",283活动剧情,绊光记,第1话-カーテンのリアリズム-10.15校对
283活动剧情/绊光记/第1话-カーテンのリアリズム-10.15校对.csv,10,4001073020050,真乃,……？,283活动剧情,绊光记,第1话-カーテンのリアリズム-10.15校对
283活动剧情/绊光记/第1话-カーテンのリアリズム-10.15校对.csv,12,4001073020060,真乃,あ…………,283活动剧情,绊光记,第1话-カーテンのリアリズム-10.15校对
283活动剧情/绊光记/第1话-カーテンのリアリズム-10.15校对.csv,17,4001073020070,真乃,私の……？,283活动剧情,绊光记,第1话-カーテンのリアリズム-10.15校对
283活动剧情/绊光记/第1话-カーテンのリアリズム-10.15校对.csv,19,4001073020080,真乃,私たちの……,283活动剧情,绊光记,第1话-カーテンのリアリズム-10.15校对
283活动剧情/绊光记/第1话-カーテンのリアリズム-10.15校对.csv,29,4001073020140,真乃,…………,283活动剧情,绊光记,第1话-カーテンのリアリズム-10.15校对
283活动剧情/绊光记/第1话-カーテンのリアリズム-10.15校对.csv,30,4001073020150,真乃,あの…………,283活动剧情,绊光记,第1话-カーテンのリアリズム-10.15校对
283活动剧情/绊光记/第1话-カーテンのリアリズム-10.15校对.csv,32,4001073020160,真乃,わ、私…………,283活动剧情,绊光记,第1话-カーテンのリアリズム-10.15校对
283活动剧情/绊光记/第1话-カーテンのリアリズム-10.15校对.csv,37,4001073020190,真乃,"あ……すみません……
……その……",283活动剧情,绊光记,第1话-カーテンのリアリズム-10.15校对
283活动剧情/绊光记/第1话-カーテンのリアリズム-10.15校对.csv,38,4001073020200,真乃,"……ちゃんと伝えられるかなって……
考えてしまって……",283活动剧情,绊光记,第1话-カーテンのリアリズム-10.15校对
283活动剧情/绊光记/第1话-カーテンのリアリズム-10.15校对.csv,39,4001073020210,真乃,…………,283活动剧情,绊光记,第1话-カーテンのリアリズム-10.15校对
283活动剧情/绊光记/第1话-カーテンのリアリズム-10.15校对.csv,42,4001073020220,真乃,え……？,283活动剧情,绊光记,第1话-カーテンのリアリズム-10.15校对
283活动剧情/绊光记/第1话-カーテンのリアリズム-10.15校对.csv,43,4001073020230,真乃,…………,283活动剧情,绊光记,第1话-カーテンのリアリズム-10.15校对
283活动剧情/绊光记/第1话-カーテンのリアリズム-10.15校对.csv,54,4001073020270,真乃,ううん……平気だよ……,283活动剧情,绊光记,第1话-カーテンのリアリズム-10.15校对
283活动剧情/绊光记/第1话-カーテンのリアリズム-10.15校对.csv,56,4001073020290,真乃,うん……,283活动剧情,绊光记,第1话-カーテンのリアリズム-10.15校对
283活动剧情/绊光记/第1话-カーテンのリアリズム-10.15校对.csv,59,4001073020320,真乃,……うん……,283活动剧情,绊光记,第1话-カーテンのリアリズム-10.15校对
283活动剧情/绊光记/第1话-カーテンのリアリズム-10.15校对.csv,71,4001073020370,真乃,素敵な映画だね……,283活动剧情,绊光记,第1话-カーテンのリアリズム-10.15校对
283活动剧情/绊光记/第2话-ナラティブⅡ-10.15校对.csv,15,4001073030040,真乃,うん……,283活动剧情,绊光记,第2话-ナラティブⅡ-10.15校对
283活动剧情/绊光记/第2话-ナラティブⅡ-10.15校对.csv,26,4001073030150,真乃,うん……めぐるちゃんはすごいよ……,283活动剧情,绊光记,第2话-ナラティブⅡ-10.15校对
283活动剧情/绊光记/第2话-ナラティブⅡ-10.15校对.csv,63,4001073030230,真乃,あ……プロデューサーさん……,283活动剧情,绊光记,第2话-ナラティブⅡ-10.15校对
283活动剧情/绊光记/第2话-ナラティブⅡ-10.15校对.csv,80,4001073030310,真乃,あ、めぐるちゃんは先に────,283活动剧情,绊光记,第2话-ナラティブⅡ-10.15校对
283活动剧情/绊光记/第2话-ナラティブⅡ-10.15校对.csv,82,4001073030320,真乃,"めぐるちゃん……っ
お待たせ……",283活动剧情,绊光记,第2话-ナラティブⅡ-10.15校对
283活动剧情/绊光记/第3话-ナラティブⅢ-10.14校对.csv,7,4001073040030,真乃,"うん……
右足なのに、左足だってふたりで……",283活动剧情,绊光记,第3话-ナラティブⅢ-10.14校对
283活动剧情/绊光记/第3话-ナラティブⅢ-10.14校对.csv,13,4001073040090,真乃,"うん……私もすごく助けてもらったよ
灯織ちゃんの動画に……",283活动剧情,绊光记,第3话-ナラティブⅢ-10.14校对
283活动剧情/绊光记/第3话-ナラティブⅢ-10.14校对.csv,22,4001073040160,真乃,めぐるちゃん……？,283活动剧情,绊光记,第3话-ナラティブⅢ-10.14校对
283活动剧情/绊光记/第3话-ナラティブⅢ-10.14校对.csv,24,4001073040171,真乃＆灯織,────……,283活动剧情,绊光记,第3话-ナラティブⅢ-10.14校对
283活动剧情/绊光记/第3话-ナラティブⅢ-10.14校对.csv,28,4001073040180,真乃,めぐるちゃん……,283活动剧情,绊光记,第3话-ナラティブⅢ-10.14校对
283活动剧情/绊光记/第3话-ナラティブⅢ-10.14校对.csv,37,4001073040261,真乃＆灯織,…………,283活动剧情,绊光记,第3话-ナラティブⅢ-10.14校对
283活动剧情/绊光记/第3话-ナラティブⅢ-10.14校对.csv,40,4001073040281,真乃＆めぐる,…………,283活动剧情,绊光记,第3话-ナラティブⅢ-10.14校对
283活动剧情/绊光记/第3话-ナラティブⅢ-10.14校对.csv,43,4001073040291,真乃＆めぐる,…………,283活动剧情,绊光记,第3话-ナラティブⅢ-10.14校对
283活动剧情/绊光记/第3话-ナラティブⅢ-10.14校对.csv,49,4001073040341,真乃＆めぐる,…………,283活动剧情,绊光记,第3话-ナラティブⅢ-10.14校对
283活动剧情/绊光记/第3话-ナラティブⅢ-10.14校对.csv,50,4001073040350,真乃,わ、私も……っ,283活动剧情,绊光记,第3话-ナラティブⅢ-10.14校对
283活动剧情/绊光记/第3话-ナラティブⅢ-10.14校对.csv,52,4001073040370,真乃,……私もね…………,283活动剧情,绊光记,第3话-ナラティブⅢ-10.14校对
283活动剧情/绊光记/第3话-ナラティブⅢ-10.14校对.csv,55,4001073040380,真乃,"よくないことなんじゃないかなって思ったけど
でも……その人が困ってることは本当で……",283活动剧情,绊光记,第3话-ナラティブⅢ-10.14校对
283活动剧情/绊光记/第3话-ナラティブⅢ-10.14校对.csv,56,4001073040390,真乃,"……何に苦しんでるのか
わかればいいのになって……",283活动剧情,绊光记,第3话-ナラティブⅢ-10.14校对
283活动剧情/绊光记/第3话-ナラティブⅢ-10.14校对.csv,57,4001073040400,真乃,"そしたら……私も何か
声をかけることはできたのかなって……",283活动剧情,绊光记,第3话-ナラティブⅢ-10.14校对
283活动剧情/绊光记/第3话-ナラティブⅢ-10.14校对.csv,71,4001073040440,真乃,被っちゃった……,283活动剧情,绊光记,第3话-ナラティブⅢ-10.14校对
283活动剧情/绊光记/第3话-ナラティブⅢ-10.14校对.csv,79,4001073040490,真乃,うん……っ,283活动剧情,绊光记,第3话-ナラティブⅢ-10.14校对
283活动剧情/绊光记/第3话-ナラティブⅢ-10.14校对.csv,84,4001073040511,真乃＆灯織,うん……,283活动剧情,绊光记,第3话-ナラティブⅢ-10.14校对
283活动剧情/绊光记/第3话-ナラティブⅢ-10.14校对.csv,85,4001073040520,真乃,頑張ろう……っ,283活动剧情,绊光记,第3话-ナラティブⅢ-10.14校对
283活动剧情/绊光记/第4话-ナラティブⅣ-10.14校对.csv,6,4001073050030,真乃,……一緒に、やってみましょう……,283活动剧情,绊光记,第4话-ナラティブⅣ-10.14校对
283活动剧情/绊光记/第4话-ナラティブⅣ-10.14校对.csv,24,4001073050050,真乃,……,283活动剧情,绊光记,第4话-ナラティブⅣ-10.14校对
283活动剧情/绊光记/第4话-ナラティブⅣ-10.14校对.csv,27,4001073050060,真乃＆ルポライター,あっ……,283活动剧情,绊光记,第4话-ナラティブⅣ-10.14校对
283活动剧情/绊光记/第4话-ナラティブⅣ-10.14校对.csv,31,4001073050070,真乃,"……はい……
とても、難しくて……",283活动剧情,绊光记,第4话-ナラティブⅣ-10.14校对
283活动剧情/绊光记/第4话-ナラティブⅣ-10.14校对.csv,32,4001073050080,真乃,"でも、少しでも……何かを伝えられるかもしれないので
すごくやりがいを感じています……",283活动剧情,绊光记,第4话-ナラティブⅣ-10.14校对
283活动剧情/绊光记/第4话-ナラティブⅣ-10.14校对.csv,34,4001073050090,真乃,ありがとうございます……,283活动剧情,绊光记,第4话-ナラティブⅣ-10.14校对
283活动剧情/绊光记/第4话-ナラティブⅣ-10.14校对.csv,35,4001073050100,真乃,……ライターさんも、頑張ってください……,283活动剧情,绊光记,第4话-ナラティブⅣ-10.14校对
283活动剧情/绊光记/第4话-ナラティブⅣ-10.14校对.csv,38,4001073050110,真乃,ほわ……っ,283活动剧情,绊光记,第4话-ナラティブⅣ-10.14校对
283活动剧情/绊光记/第4话-ナラティブⅣ-10.14校对.csv,103,4001073050371,真乃＆灯織,めぐる……！？,283活动剧情,绊光记,第4话-ナラティブⅣ-10.14校对
283活动剧情/绊光记/第5话-そういう世界.csv,25,4001073060120,真乃,トレンドも、上位に入っていました……っ,283活动剧情,绊光记,第5话-そういう世界
283活动剧情/绊光记/第5话-そういう世界.csv,30,4001073060140,真乃,"プロデューサーさんのおかげで……
前を向けた気がするので……",283活动剧情,绊光记,第5话-そういう世界
283活动剧情/绊光记/第5话-そういう世界.csv,46,4001073060160,真乃,"……その、ライターさんみたいには
全然、できないですけれど……",283活动剧情,绊光记,第5话-そういう世界
283活动剧情/绊光记/第5话-そういう世界.csv,47,4001073060170,真乃,"でも……今日みたいに……
誰かのための言葉を、考えていけたらなって思っています",283活动剧情,绊光记,第5话-そういう世界
283活动剧情/绊光记/第5话-そういう世界.csv,75,4001073060290,真乃,はい……っ,283活动剧情,绊光记,第5话-そういう世界
283活动剧情/绊光记/第5话-そういう世界.csv,78,4001073060300,真乃,"……
はい……っ",283活动剧情,绊光记,第5话-そういう世界
283活动剧情/绊光记/第5话-そういう世界.csv,80,4001073060310,真乃,見てみます……,283活动剧情,绊光记,第5话-そういう世界
283活动剧情/绊光记/第5话-そういう世界.csv,81,4001073060320,真乃,────,283活动剧情,绊光记,第5话-そういう世界
283活动剧情/绊光记/第5话-そういう世界.csv,83,4001073060330,真乃,ぷ、プロデューサーさん……,283活动剧情,绊光记,第5话-そういう世界
283活动剧情/绊光记/第6话-汎光-10.14校对.csv,2,4001073070010,真乃,……おはよう、ピーちゃん……,283活动剧情,绊光记,第6话-汎光-10.14校对
283活动剧情/绊光记/第6话-汎光-10.14校对.csv,3,4001073070020,真乃,……ぽぉっぽぉ……っ,283活动剧情,绊光记,第6话-汎光-10.14校对
283活动剧情/绊光记/第6话-汎光-10.14校对.csv,4,4001073070030,真乃,ふふ……,283活动剧情,绊光记,第6话-汎光-10.14校对
283活动剧情/绊光记/第6话-汎光-10.14校对.csv,5,4001073070040,真乃,…………,283活动剧情,绊光记,第6话-汎光-10.14校对
283活动剧情/绊光记/第6话-汎光-10.14校对.csv,75,4001073070191,真乃＆灯織,…………,283活动剧情,绊光记,第6话-汎光-10.14校对
283活动剧情/绊光记/第6话-汎光-10.14校对.csv,77,4001073070200,真乃,"……えっと、その……
わ、私も…………",283活动剧情,绊光记,第6话-汎光-10.14校对
283活动剧情/绊光记/第6话-汎光-10.14校对.csv,78,4001073070210,真乃,いい映画だなって、思いました……,283活动剧情,绊光记,第6话-汎光-10.14校对
283活动剧情/绊光记/第6话-汎光-10.14校对.csv,79,4001073070220,真乃,"先生が寄り添って……言葉がわかるようになって……
感動する姿が、すごく……",283活动剧情,绊光记,第6话-汎光-10.14校对
283活动剧情/绊光记/第6话-汎光-10.14校对.csv,80,4001073070230,真乃,……素敵、だなって……,283活动剧情,绊光记,第6话-汎光-10.14校对
283活动剧情/绊光记/第6话-汎光-10.14校对.csv,115,4001073070321,真乃＆灯織,……,283活动剧情,绊光记,第6话-汎光-10.14校对
283活动剧情/绊光记/第6话-汎光-10.14校对.csv,164,4001073070430,真乃,うん……,283活动剧情,绊光记,第6话-汎光-10.14校对
283活动剧情/绊光记/第6话-汎光-10.14校对.csv,165,4001073070440,真乃,難しい……,283活动剧情,绊光记,第6话-汎光-10.14校对
283活动剧情/绊光记/终章-前書き-10.14校对.csv,4,4001073080010,真乃,……,283活动剧情,绊光记,终章-前書き-10.14校对
283活动剧情/绊光记/终章-前書き-10.14校对.csv,5,4001073080020,真乃,"おはよう……
ピーちゃん",283活动剧情,绊光记,终章-前書き-10.14校对
283活动剧情/绊光记/终章-前書き-10.14校对.csv,6,4001073080030,真乃,……,283活动剧情,绊光记,终章-前書き-10.14校对
283活动剧情/绊光记/终章-前書き-10.14校对.csv,7,4001073080040,真乃,あ……,283活动剧情,绊光记,终章-前書き-10.14校对
283活动剧情/绊光记/终章-前書き-10.14校对.csv,16,4001073080100,真乃,……,283活动剧情,绊光记,终章-前書き-10.14校对
283活动剧情/绊光记/终章-前書き-10.14校对.csv,17,4001073080110,真乃,あ……,283活动剧情,绊光记,终章-前書き-10.14校对
283活动剧情/绊光记/终章-前書き-10.14校对.csv,18,4001073080120,真乃,今日って……,283活动剧情,绊光记,终章-前書き-10.14校对
283活动剧情/绊光记/终章-前書き-10.14校对.csv,19,4001073080130,真乃,『ラジオ頑張ってね』────,283活动剧情,绊光记,终章-前書き-10.14校对
283活动剧情/绊光记/终章-前書き-10.14校对.csv,78,4001073080300,真乃,私たちの記事……っ,283活动剧情,绊光记,终章-前書き-10.14校对
283活动剧情/绊光记/终章-前書き-10.14校对.csv,80,4001073080310,真乃,楽しみ……っ,283活动剧情,绊光记,终章-前書き-10.14校对
283活动剧情/青のReflection/序章-くじらの心は底知れぬ.csv,4,4001035010030,真乃,"灯織ちゃんの紅茶、美味しいから
うれしいな……",283活动剧情,青のReflection,序章-くじらの心は底知れぬ
283活动剧情/青のReflection/序章-くじらの心は底知れぬ.csv,8,4001035010070,真乃,"えっと……私も、ミルクティー飲みたいな……
……お砂糖、少しで……っ",283活动剧情,青のReflection,序章-くじらの心は底知れぬ
283活动剧情/青のReflection/序章-くじらの心は底知れぬ.csv,10,4001035010080,真乃,……は、はい……っ,283活动剧情,青のReflection,序章-くじらの心は底知れぬ
283活动剧情/青のReflection/序章-くじらの心は底知れぬ.csv,11,4001035010090,真乃,"明日の『ご当地・再発見！』収録の前に、
みんなで見ておけたらって……",283活动剧情,青のReflection,序章-くじらの心は底知れぬ
283活动剧情/青のReflection/序章-くじらの心は底知れぬ.csv,22,4001035010130,真乃,ほわ……しばらく見逃しちゃったね……,283活动剧情,青のReflection,序章-くじらの心は底知れぬ
283活动剧情/青のReflection/序章-くじらの心は底知れぬ.csv,24,4001035010141,真乃＆めぐる,うん……っ,283活动剧情,青のReflection,序章-くじらの心は底知れぬ
283活动剧情/青のReflection/序章-くじらの心は底知れぬ.csv,27,4001035010170,真乃,"うん、大丈夫だよめぐるちゃん……っ
……番組、面白かったね……っ",283活动剧情,青のReflection,序章-くじらの心は底知れぬ
283活动剧情/青のReflection/序章-くじらの心は底知れぬ.csv,31,4001035010210,真乃,"うん……っ
あんなふうになんでもお話できたら、素敵だな……",283活动剧情,青のReflection,序章-くじらの心は底知れぬ
283活动剧情/青のReflection/序章-くじらの心は底知れぬ.csv,33,4001035010230,真乃,ほわ……う、うん……っ,283活动剧情,青のReflection,序章-くじらの心は底知れぬ
283活动剧情/青のReflection/序章-くじらの心は底知れぬ.csv,35,4001035010250,真乃,"……そうだね
灯織ちゃん、めぐるちゃん、また明日……っ",283活动剧情,青のReflection,序章-くじらの心は底知れぬ
283活动剧情/青のReflection/序章-くじらの心は底知れぬ.csv,38,4001035010260,真乃,"こちらこそお招きいただいてうれしいです……
よろしくお願いします……っ",283活动剧情,青のReflection,序章-くじらの心は底知れぬ
283活动剧情/青のReflection/序章-くじらの心は底知れぬ.csv,53,4001035010290,真乃,"えっと……
３人でひとつのお願いでも、大丈夫です……っ",283活动剧情,青のReflection,序章-くじらの心は底知れぬ
283活动剧情/青のReflection/序章-くじらの心は底知れぬ.csv,54,4001035010300,真乃,みんなで相談して決めるので……,283活动剧情,青のReflection,序章-くじらの心は底知れぬ
283活动剧情/青のReflection/序章-くじらの心は底知れぬ.csv,56,4001035010310,真乃,はい……っ,283活动剧情,青のReflection,序章-くじらの心は底知れぬ
283活动剧情/青のReflection/序章-くじらの心は底知れぬ.csv,57,4001035010320,真乃,"……始めの頃は、すれ違ったり、気持ちを
うまく言葉にできなかったりもしたんですけれど……",283活动剧情,青のReflection,序章-くじらの心は底知れぬ
283活动剧情/青のReflection/序章-くじらの心は底知れぬ.csv,61,4001035010350,真乃,……！,283活动剧情,青のReflection,序章-くじらの心は底知れぬ
283活动剧情/青のReflection/序章-くじらの心は底知れぬ.csv,66,4001035010360,真乃,"じ、自分のことより、灯織ちゃんとめぐるちゃんのことを
先に考えちゃうのは、そうかもしれません……",283活动剧情,青のReflection,序章-くじらの心は底知れぬ
283活动剧情/青のReflection/序章-くじらの心は底知れぬ.csv,67,4001035010370,真乃,"えっと、その……それは
ぶつかり合いたくないからじゃなくて……",283活动剧情,青のReflection,序章-くじらの心は底知れぬ
283活动剧情/青のReflection/序章-くじらの心は底知れぬ.csv,68,4001035010380,真乃,…………,283活动剧情,青のReflection,序章-くじらの心は底知れぬ
283活动剧情/青のReflection/序章-くじらの心は底知れぬ.csv,78,4001035010430,真乃,は、はい……っ,283活动剧情,青のReflection,序章-くじらの心は底知れぬ
283活动剧情/青のReflection/第1话-こいぬは先触れワルツを踊る.csv,7,4001035020020,真乃,わかりました、急いで食べますね……っ,283活动剧情,青のReflection,第1话-こいぬは先触れワルツを踊る
283活动剧情/青のReflection/第1话-こいぬは先触れワルツを踊る.csv,15,4001035020060,真乃,"宿題……
難しいね",283活动剧情,青のReflection,第1话-こいぬは先触れワルツを踊る
283活动剧情/青のReflection/第1话-こいぬは先触れワルツを踊る.csv,22,4001035020120,真乃,……,283活动剧情,青のReflection,第1话-こいぬは先触れワルツを踊る
283活动剧情/青のReflection/第1话-こいぬは先触れワルツを踊る.csv,23,4001035020130,真乃,喧嘩しないのは……『自分』が無いから……,283活动剧情,青のReflection,第1话-こいぬは先触れワルツを踊る
283活动剧情/青のReflection/第1话-こいぬは先触れワルツを踊る.csv,28,4001035020171,真乃＆灯織,え？,283活动剧情,青のReflection,第1话-こいぬは先触れワルツを踊る
283活动剧情/青のReflection/第1话-こいぬは先触れワルツを踊る.csv,31,4001035020200,真乃,えっと……う、うん……？,283活动剧情,青のReflection,第1话-こいぬは先触れワルツを踊る
283活动剧情/青のReflection/第1话-こいぬは先触れワルツを踊る.csv,35,4001035020231,真乃＆灯織,…………,283活动剧情,青のReflection,第1话-こいぬは先触れワルツを踊る
283活动剧情/青のReflection/第1话-こいぬは先触れワルツを踊る.csv,38,4001035020260,真乃,い、１時間後までに……食べ終わるかな？,283活动剧情,青のReflection,第1话-こいぬは先触れワルツを踊る
283活动剧情/青のReflection/第1话-こいぬは先触れワルツを踊る.csv,41,4001035020281,真乃＆めぐる,……！,283活动剧情,青のReflection,第1话-こいぬは先触れワルツを踊る
283活动剧情/青のReflection/第1话-こいぬは先触れワルツを踊る.csv,47,4001035020340,真乃,……じゃ、じゃあ……,283活动剧情,青のReflection,第1话-こいぬは先触れワルツを踊る
283活动剧情/青のReflection/第1话-こいぬは先触れワルツを踊る.csv,48,4001035020350,真乃,"『私もめぐるちゃんと一緒に、
デザートプレート５皿、食べるよっ……』",283活动剧情,青のReflection,第1话-こいぬは先触れワルツを踊る
283活动剧情/青のReflection/第1话-こいぬは先触れワルツを踊る.csv,49,4001035020360,真乃,"『そうじゃないと
お仕事、頑張れないかも……っ』",283活动剧情,青のReflection,第1话-こいぬは先触れワルツを踊る
283活动剧情/青のReflection/第1话-こいぬは先触れワルツを踊る.csv,60,4001035020390,真乃,"だ、大丈夫ですっ
その、ちょっとした遊びみたいなものだったので……",283活动剧情,青のReflection,第1话-こいぬは先触れワルツを踊る
283活动剧情/青のReflection/第1话-こいぬは先触れワルツを踊る.csv,61,4001035020400,真乃,"あ……いえ……
真面目な遊び……なんですけれど……",283活动剧情,青のReflection,第1话-こいぬは先触れワルツを踊る
283活动剧情/青のReflection/第1话-こいぬは先触れワルツを踊る.csv,73,4001035020470,真乃,私も、締めました……っ,283活动剧情,青のReflection,第1话-こいぬは先触れワルツを踊る
283活动剧情/青のReflection/第1话-こいぬは先触れワルツを踊る.csv,95,4001035020650,真乃,灯織ちゃん……,283活动剧情,青のReflection,第1话-こいぬは先触れワルツを踊る
283活动剧情/青のReflection/第1话-こいぬは先触れワルツを踊る.csv,107,4001035020760,真乃,…………っ,283活动剧情,青のReflection,第1话-こいぬは先触れワルツを踊る
283活动剧情/青のReflection/第1话-こいぬは先触れワルツを踊る.csv,108,4001035020770,真乃,……,283活动剧情,青のReflection,第1话-こいぬは先触れワルツを踊る
283活动剧情/青のReflection/第1话-こいぬは先触れワルツを踊る.csv,110,4001035020790,真乃,あ……ううん,283活动剧情,青のReflection,第1话-こいぬは先触れワルツを踊る
283活动剧情/青のReflection/第1话-こいぬは先触れワルツを踊る.csv,111,4001035020800,真乃,"今、コメンテーターさんの宿題に
答えられそうな気がしたんだけど……",283活动剧情,青のReflection,第1话-こいぬは先触れワルツを踊る
283活动剧情/青のReflection/第1话-こいぬは先触れワルツを踊る.csv,112,4001035020810,真乃,"まだもうちょっとだけ……
私も、まだもうちょっとだけ考えてみようって……",283活动剧情,青のReflection,第1话-こいぬは先触れワルツを踊る
283活动剧情/青のReflection/第1话-こいぬは先触れワルツを踊る.csv,117,4001035020850,真乃,"……台本には、この先の詳しいことは、
私たちには秘密ってなっていましたね……",283活动剧情,青のReflection,第1话-こいぬは先触れワルツを踊る
283活动剧情/青のReflection/第2话-麦熟れ星はみかん色.csv,5,4001035030020,真乃,"いっぱいみなさんのお願いがかなうように
お星様、いっぱい見つけます……っ",283活动剧情,青のReflection,第2话-麦熟れ星はみかん色
283活动剧情/青のReflection/第2话-麦熟れ星はみかん色.csv,7,4001035030040,真乃,あ…………っ,283活动剧情,青のReflection,第2话-麦熟れ星はみかん色
283活动剧情/青のReflection/第2话-麦熟れ星はみかん色.csv,8,4001035030050,真乃,灯織ちゃん、めぐるちゃん、あれ……,283活动剧情,青のReflection,第2话-麦熟れ星はみかん色
283活动剧情/青のReflection/第2话-麦熟れ星はみかん色.csv,14,4001035030110,真乃,うん……っ,283活动剧情,青のReflection,第2话-麦熟れ星はみかん色
283活动剧情/青のReflection/第2话-麦熟れ星はみかん色.csv,19,4001035030160,真乃,…………,283活动剧情,青のReflection,第2话-麦熟れ星はみかん色
283活动剧情/青のReflection/第2话-麦熟れ星はみかん色.csv,21,4001035030180,真乃,あ、あのね……,283活动剧情,青のReflection,第2话-麦熟れ星はみかん色
283活动剧情/青のReflection/第2话-麦熟れ星はみかん色.csv,22,4001035030190,真乃,"紙を開いたとき、
なんだかいい匂いがした気がして……",283活动剧情,青のReflection,第2话-麦熟れ星はみかん色
283活动剧情/青のReflection/第2话-麦熟れ星はみかん色.csv,23,4001035030200,真乃,"……ちょっと酸っぱくて、すっきりしてて……
えっと、みかんみたいな匂い……",283活动剧情,青のReflection,第2话-麦熟れ星はみかん色
283活动剧情/青のReflection/第2话-麦熟れ星はみかん色.csv,35,4001035030320,真乃,"……あ
うん……っ",283活动剧情,青のReflection,第2话-麦熟れ星はみかん色
283活动剧情/青のReflection/第2话-麦熟れ星はみかん色.csv,36,4001035030330,真乃,"……やったこと、あるよ……っ
火とか熱であぶると、文字が浮き出てくるんだよね……",283活动剧情,青のReflection,第2话-麦熟れ星はみかん色
283活动剧情/青のReflection/第2话-麦熟れ星はみかん色.csv,39,4001035030360,真乃,ふふ、うん……,283活动剧情,青のReflection,第2话-麦熟れ星はみかん色
283活动剧情/青のReflection/第2话-麦熟れ星はみかん色.csv,40,4001035030370,真乃,"……この白い紙、
謎解きだったのかな……？",283活动剧情,青のReflection,第2话-麦熟れ星はみかん色
283活动剧情/青のReflection/第2话-麦熟れ星はみかん色.csv,43,4001035030400,真乃,……う、うん……っ,283活动剧情,青のReflection,第2话-麦熟れ星はみかん色
283活动剧情/青のReflection/第2话-麦熟れ星はみかん色.csv,44,4001035030410,真乃,"もしかしたら、探す場所のヒントとか
書いてあるかもしれないもんね……っ",283活动剧情,青のReflection,第2话-麦熟れ星はみかん色
283活动剧情/青のReflection/第2话-麦熟れ星はみかん色.csv,49,4001035030460,真乃,"ほわ……
どうやってあぶったらいいかな……",283活动剧情,青のReflection,第2话-麦熟れ星はみかん色
283活动剧情/青のReflection/第2话-麦熟れ星はみかん色.csv,55,4001035030520,真乃,うん……っ,283活动剧情,青のReflection,第2话-麦熟れ星はみかん色
283活动剧情/青のReflection/第2话-麦熟れ星はみかん色.csv,68,4001035030590,真乃,"あぶり出し……
灯織ちゃんの言うとおりだったね……っ",283活动剧情,青のReflection,第2话-麦熟れ星はみかん色
283活动剧情/青のReflection/第2话-麦熟れ星はみかん色.csv,73,4001035030620,真乃,星が落ちる場所……,283活动剧情,青のReflection,第2话-麦熟れ星はみかん色
283活动剧情/青のReflection/第2话-麦熟れ星はみかん色.csv,74,4001035030630,真乃,"……お星様が、沈んでいく方向のこと、
とかかな……？",283活动剧情,青のReflection,第2话-麦熟れ星はみかん色
283活动剧情/青のReflection/第2话-麦熟れ星はみかん色.csv,75,4001035030640,真乃,"た、たとえば、
ここから見て西にある場所、とか……",283活动剧情,青のReflection,第2话-麦熟れ星はみかん色
283活动剧情/青のReflection/第2话-麦熟れ星はみかん色.csv,80,4001035030680,真乃,うんっ,283活动剧情,青のReflection,第2话-麦熟れ星はみかん色
283活动剧情/青のReflection/第2话-麦熟れ星はみかん色.csv,81,4001035030690,真乃,"めぐるちゃん、ワッフル屋さんに気が付いて
お願いしに行ってくれて、ありがとう……っ",283活动剧情,青のReflection,第2话-麦熟れ星はみかん色
283活动剧情/青のReflection/第3话-野をゆく乙女の白真珠.csv,5,4001035040040,真乃,……小さな子たちもたくさん……っ,283活动剧情,青のReflection,第3话-野をゆく乙女の白真珠
283活动剧情/青のReflection/第3话-野をゆく乙女の白真珠.csv,13,4001035040071,真乃＆灯織,うん……！,283活动剧情,青のReflection,第3话-野をゆく乙女の白真珠
283活动剧情/青のReflection/第3话-野をゆく乙女の白真珠.csv,24,4001035040110,真乃,イースターのエッグハント……,283活动剧情,青のReflection,第3话-野をゆく乙女の白真珠
283活动剧情/青のReflection/第3话-野をゆく乙女の白真珠.csv,33,4001035040200,真乃,……,283活动剧情,青のReflection,第3话-野をゆく乙女の白真珠
283活动剧情/青のReflection/第3话-野をゆく乙女の白真珠.csv,36,4001035040230,真乃,……うん、めぐるちゃん,283活动剧情,青のReflection,第3话-野をゆく乙女の白真珠
283活动剧情/青のReflection/第3话-野をゆく乙女の白真珠.csv,37,4001035040240,真乃,"私も、そうしたいな……
みんなが楽しめるように……って",283活动剧情,青のReflection,第3话-野をゆく乙女の白真珠
283活动剧情/青のReflection/第3话-野をゆく乙女の白真珠.csv,46,4001035040300,真乃,"……お星様……お星様……
……なかなか見つからないです……",283活动剧情,青のReflection,第3话-野をゆく乙女の白真珠
283活动剧情/青のReflection/第3话-野をゆく乙女の白真珠.csv,47,4001035040310,真乃,頑張って探さないと……っ,283活动剧情,青のReflection,第3话-野をゆく乙女の白真珠
283活动剧情/青のReflection/第3话-野をゆく乙女の白真珠.csv,48,4001035040320,真乃,"──あ……っ
木の向こう、何かきらっとしたかもしれません……っ",283活动剧情,青のReflection,第3话-野をゆく乙女の白真珠
283活动剧情/青のReflection/第3话-野をゆく乙女の白真珠.csv,49,4001035040330,真乃,"わ……
ありました……っ",283活动剧情,青のReflection,第3话-野をゆく乙女の白真珠
283活动剧情/青のReflection/第3话-野をゆく乙女の白真珠.csv,51,4001035040350,真乃,灯織ちゃん、うん……っ,283活动剧情,青のReflection,第3话-野をゆく乙女の白真珠
283活动剧情/青のReflection/第3话-野をゆく乙女の白真珠.csv,54,4001035040380,真乃,"うん……
細かいところまで丁寧で、すごいな……",283活动剧情,青のReflection,第3话-野をゆく乙女の白真珠
283活动剧情/青のReflection/第3话-野をゆく乙女の白真珠.csv,57,4001035040410,真乃,"……お願いが、
叶うだけじゃなくて……",283活动剧情,青のReflection,第3话-野をゆく乙女の白真珠
283活动剧情/青のReflection/第3话-野をゆく乙女の白真珠.csv,58,4001035040420,真乃,"その想いも、
伝えられたら、いいな……",283活动剧情,青のReflection,第3话-野をゆく乙女の白真珠
283活动剧情/青のReflection/第3话-野をゆく乙女の白真珠.csv,61,4001035040430,真乃,（休憩……もう、そんな時間なんだ……）,283活动剧情,青のReflection,第3话-野をゆく乙女の白真珠
283活动剧情/青のReflection/第3话-野をゆく乙女の白真珠.csv,62,4001035040440,真乃,（……お水、いただきに行こうかな……）,283活动剧情,青のReflection,第3话-野をゆく乙女の白真珠
283活动剧情/青のReflection/第3话-野をゆく乙女の白真珠.csv,64,4001035040460,真乃,……！,283活动剧情,青のReflection,第3话-野をゆく乙女の白真珠
283活动剧情/青のReflection/第3话-野をゆく乙女の白真珠.csv,65,4001035040470,真乃,（……何か、あったのかな……）,283活动剧情,青のReflection,第3话-野をゆく乙女の白真珠
283活动剧情/青のReflection/第3话-野をゆく乙女の白真珠.csv,67,4001035040490,真乃,あっちの方から……？,283活动剧情,青のReflection,第3话-野をゆく乙女の白真珠
283活动剧情/青のReflection/第3话-野をゆく乙女の白真珠.csv,68,4001035040500,真乃,…………,283活动剧情,青のReflection,第3话-野をゆく乙女の白真珠
283活动剧情/青のReflection/第3话-野をゆく乙女の白真珠.csv,78,4001035040510,真乃,…………,283活动剧情,青のReflection,第3话-野をゆく乙女の白真珠
283活动剧情/青のReflection/第3话-野をゆく乙女の白真珠.csv,79,4001035040520,真乃,"（……『星探し』に参加してくれてる子たち
喧嘩、しちゃったのかな……）",283活动剧情,青のReflection,第3话-野をゆく乙女の白真珠
283活动剧情/青のReflection/第3话-野をゆく乙女の白真珠.csv,80,4001035040530,真乃,（…………声、かけたほうが──）,283活动剧情,青のReflection,第3话-野をゆく乙女の白真珠
283活动剧情/青のReflection/第3话-野をゆく乙女の白真珠.csv,84,4001035040540,真乃,…………,283活动剧情,青のReflection,第3话-野をゆく乙女の白真珠
283活动剧情/青のReflection/第3话-野をゆく乙女の白真珠.csv,85,4001035040550,真乃,"（……喧嘩しちゃダメって思ってるわけじゃない……
でも……）",283活动剧情,青のReflection,第3话-野をゆく乙女の白真珠
283活动剧情/青のReflection/第3话-野をゆく乙女の白真珠.csv,88,4001035040570,真乃,（……うん、そうだよね……）,283活动剧情,青のReflection,第3话-野をゆく乙女の白真珠
283活动剧情/青のReflection/第3话-野をゆく乙女の白真珠.csv,89,4001035040580,真乃,"（……私じゃ、上手く言葉を
かけてあげられないかもしれないけど……）",283活动剧情,青のReflection,第3话-野をゆく乙女の白真珠
283活动剧情/青のReflection/第3话-野をゆく乙女の白真珠.csv,90,4001035040590,真乃,（お話を聞くことなら…………）,283活动剧情,青のReflection,第3话-野をゆく乙女の白真珠
283活动剧情/青のReflection/第3话-野をゆく乙女の白真珠.csv,91,4001035040600,真乃,……あ、あの……──,283活动剧情,青のReflection,第3话-野をゆく乙女の白真珠
283活动剧情/青のReflection/第4话-しっぽの先を追いかけて.csv,2,4001035050010,真乃,……あ、あの……──,283活动剧情,青のReflection,第4话-しっぽの先を追いかけて
283活动剧情/青のReflection/第4话-しっぽの先を追いかけて.csv,4,4001035050020,真乃,……！,283活动剧情,青のReflection,第4话-しっぽの先を追いかけて
283活动剧情/青のReflection/第4话-しっぽの先を追いかけて.csv,7,4001035050030,真乃,あ…………,283活动剧情,青のReflection,第4话-しっぽの先を追いかけて
283活动剧情/青のReflection/第4话-しっぽの先を追いかけて.csv,11,4001035050070,真乃,灯織ちゃん、めぐるちゃん……,283活动剧情,青のReflection,第4话-しっぽの先を追いかけて
283活动剧情/青のReflection/第4话-しっぽの先を追いかけて.csv,12,4001035050080,真乃,"ありがとう、
お水、いただくね……",283活动剧情,青のReflection,第4话-しっぽの先を追いかけて
283活动剧情/青のReflection/第4话-しっぽの先を追いかけて.csv,13,4001035050090,真乃,"……あと、勝手に歩き回ってごめんなさい……
探させちゃったよね……",283活动剧情,青のReflection,第4话-しっぽの先を追いかけて
283活动剧情/青のReflection/第4话-しっぽの先を追いかけて.csv,17,4001035050130,真乃,えっと……あ、あのね……,283活动剧情,青のReflection,第4话-しっぽの先を追いかけて
283活动剧情/青のReflection/第4话-しっぽの先を追いかけて.csv,19,4001035050150,真乃,うん……,283活动剧情,青のReflection,第4话-しっぽの先を追いかけて
283活动剧情/青のReflection/第4话-しっぽの先を追いかけて.csv,29,4001035050250,真乃,"……そっか、
そうなのかも……",283活动剧情,青のReflection,第4话-しっぽの先を追いかけて
283活动剧情/青のReflection/第4话-しっぽの先を追いかけて.csv,30,4001035050260,真乃,"男の子たち、言葉はきつかったかもだけど
意地悪で言ってる感じはしなかったから……",283活动剧情,青のReflection,第4话-しっぽの先を追いかけて
283活动剧情/青のReflection/第4话-しっぽの先を追いかけて.csv,34,4001035050300,真乃,……うん,283活动剧情,青のReflection,第4话-しっぽの先を追いかけて
283活动剧情/青のReflection/第4话-しっぽの先を追いかけて.csv,35,4001035050310,真乃,"そうできたらいいなって思うんだけど……
また声をかけて、びっくりさせちゃわないかなって……",283活动剧情,青のReflection,第4话-しっぽの先を追いかけて
283活动剧情/青のReflection/第4话-しっぽの先を追いかけて.csv,39,4001035050350,真乃,"う、うん……
……私も、驚いた顔しちゃった…………",283活动剧情,青のReflection,第4话-しっぽの先を追いかけて
283活动剧情/青のReflection/第4话-しっぽの先を追いかけて.csv,44,4001035050400,真乃,……うん,283活动剧情,青のReflection,第4话-しっぽの先を追いかけて
283活动剧情/青のReflection/第4话-しっぽの先を追いかけて.csv,45,4001035050410,真乃,"うん、そうだよね……
やっぱり、声をかけに──",283活动剧情,青のReflection,第4话-しっぽの先を追いかけて
283活动剧情/青のReflection/第4话-しっぽの先を追いかけて.csv,46,4001035050420,真乃,あ……っ,283活动剧情,青のReflection,第4话-しっぽの先を追いかけて
283活动剧情/青のReflection/第4话-しっぽの先を追いかけて.csv,48,4001035050440,真乃,"えっとね……今、
星柄シャツの子がいたの……",283活动剧情,青のReflection,第4话-しっぽの先を追いかけて
283活动剧情/青のReflection/第4话-しっぽの先を追いかけて.csv,49,4001035050450,真乃,"その後ろから、喧嘩してた子たちも
ついていったのが見えて……",283活动剧情,青のReflection,第4话-しっぽの先を追いかけて
283活动剧情/青のReflection/第4话-しっぽの先を追いかけて.csv,51,4001035050470,真乃,う、うん……,283活动剧情,青のReflection,第4话-しっぽの先を追いかけて
283活动剧情/青のReflection/第4话-しっぽの先を追いかけて.csv,55,4001035050510,真乃,うん……っ,283活动剧情,青のReflection,第4话-しっぽの先を追いかけて
283活动剧情/青のReflection/第4话-しっぽの先を追いかけて.csv,56,4001035050520,真乃,──あ、あのねっ,283活动剧情,青のReflection,第4话-しっぽの先を追いかけて
283活动剧情/青のReflection/第4话-しっぽの先を追いかけて.csv,57,4001035050530,真乃,"灯織ちゃんと、めぐるちゃんも、
一緒に来てくれたら……うれしいな……っ",283活动剧情,青のReflection,第4话-しっぽの先を追いかけて
283活动剧情/青のReflection/第4话-しっぽの先を追いかけて.csv,60,4001035050560,真乃,灯織ちゃん、めぐるちゃん……,283活动剧情,青のReflection,第4话-しっぽの先を追いかけて
283活动剧情/青のReflection/第4话-しっぽの先を追いかけて.csv,61,4001035050570,真乃,うん、行こう……っ,283活动剧情,青のReflection,第4话-しっぽの先を追いかけて
283活动剧情/青のReflection/第5话-瞳を凝らして、見える光.csv,6,4001035060050,真乃,…………！,283活动剧情,青のReflection,第5话-瞳を凝らして、見える光
283活动剧情/青のReflection/第5话-瞳を凝らして、見える光.csv,7,4001035060060,真乃,ひ、灯織ちゃん、めぐるちゃん……あそこ……っ,283活动剧情,青のReflection,第5话-瞳を凝らして、見える光
283活动剧情/青のReflection/第5话-瞳を凝らして、見える光.csv,24,4001035060130,真乃,──ま、待って、灯織ちゃん、めぐるちゃん,283活动剧情,青のReflection,第5话-瞳を凝らして、見える光
283活动剧情/青のReflection/第5话-瞳を凝らして、見える光.csv,27,4001035060160,真乃,……あのね、うまく言えないんだけど……,283活动剧情,青のReflection,第5话-瞳を凝らして、見える光
283活动剧情/青のReflection/第5话-瞳を凝らして、見える光.csv,28,4001035060170,真乃,"白いＴシャツの子、
それでも謝ろうとしてるのかなって……",283活动剧情,青のReflection,第5话-瞳を凝らして、見える光
283活动剧情/青のReflection/第5话-瞳を凝らして、見える光.csv,29,4001035060180,真乃,"……あと、ちょっとだけ
待ってみてもいいのかなって、思ったの……",283活动剧情,青のReflection,第5话-瞳を凝らして、見える光
283活动剧情/青のReflection/第5话-瞳を凝らして、見える光.csv,47,4001035060200,真乃,"（目が、合っちゃった……？
……気付かれちゃってたのかな…………）",283活动剧情,青のReflection,第5话-瞳を凝らして、見える光
283活动剧情/青のReflection/第5话-瞳を凝らして、見える光.csv,51,4001035060220,真乃,"うん……っ
本当に……",283活动剧情,青のReflection,第5话-瞳を凝らして、見える光
283活动剧情/青のReflection/第5话-瞳を凝らして、見える光.csv,54,4001035060250,真乃,ううん、そんなことないよ……っ,283活动剧情,青のReflection,第5话-瞳を凝らして、見える光
283活动剧情/青のReflection/第5话-瞳を凝らして、見える光.csv,57,4001035060280,真乃,う、ううん……,283活动剧情,青のReflection,第5话-瞳を凝らして、見える光
283活动剧情/青のReflection/第5话-瞳を凝らして、見える光.csv,61,4001035060320,真乃,喧嘩するほど、仲がいい……,283活动剧情,青のReflection,第5话-瞳を凝らして、見える光
283活动剧情/青のReflection/第5话-瞳を凝らして、見える光.csv,62,4001035060330,真乃,……ふふ、うん……,283活动剧情,青のReflection,第5话-瞳を凝らして、見える光
283活动剧情/青のReflection/第5话-瞳を凝らして、見える光.csv,67,4001035060360,真乃,……うんっ,283活动剧情,青のReflection,第5话-瞳を凝らして、見える光
283活动剧情/青のReflection/第5话-瞳を凝らして、見える光.csv,68,4001035060370,真乃,"灯織ちゃん、めぐるちゃん……
後半も、頑張ろうね……っ",283活动剧情,青のReflection,第5话-瞳を凝らして、見える光
283活动剧情/青のReflection/第5话-瞳を凝らして、見える光.csv,69,4001035060380,真乃,（風、気持ちいい……）,283活动剧情,青のReflection,第5话-瞳を凝らして、見える光
283活动剧情/青のReflection/第5话-瞳を凝らして、見える光.csv,70,4001035060390,真乃,"（お日様もぽかぽかで……
……いい匂いもする…………）",283活动剧情,青のReflection,第5话-瞳を凝らして、見える光
283活动剧情/青のReflection/第5话-瞳を凝らして、見える光.csv,71,4001035060400,真乃,（ツツジの、香りかな……）,283活动剧情,青のReflection,第5话-瞳を凝らして、見える光
283活动剧情/青のReflection/第5话-瞳を凝らして、見える光.csv,73,4001035060410,真乃,……ふふ,283活动剧情,青のReflection,第5话-瞳を凝らして、見える光
283活动剧情/青のReflection/第5话-瞳を凝らして、見える光.csv,74,4001035060420,真乃,…………,283活动剧情,青のReflection,第5话-瞳を凝らして、見える光
283活动剧情/青のReflection/第5话-瞳を凝らして、見える光.csv,75,4001035060430,真乃,（みんな、お星様と一緒にはしゃいでる……）,283活动剧情,青のReflection,第5话-瞳を凝らして、見える光
283活动剧情/青のReflection/第5话-瞳を凝らして、見える光.csv,76,4001035060440,真乃,（……光がキラキラ反射して、いろんな色に見えて……）,283活动剧情,青のReflection,第5话-瞳を凝らして、見える光
283活动剧情/青のReflection/第5话-瞳を凝らして、見える光.csv,77,4001035060450,真乃,きれい……,283活动剧情,青のReflection,第5话-瞳を凝らして、見える光
283活动剧情/青のReflection/第6话-結んで、春の大三角.csv,8,4001035070030,真乃,"……私は、小さい子たちに手を引いてもらって
茂みの中に入ったり……",283活动剧情,青のReflection,第6话-結んで、春の大三角
283活动剧情/青のReflection/第6话-結んで、春の大三角.csv,9,4001035070040,真乃,"みんな、探すのが上手で
お星様をたくさん見つけられました……っ",283活动剧情,青のReflection,第6话-結んで、春の大三角
283活动剧情/青のReflection/第6话-結んで、春の大三角.csv,31,4001035070090,真乃,"ふふ……っ
そうだよね、楽しそうだもんね……",283活动剧情,青のReflection,第6话-結んで、春の大三角
283活动剧情/青のReflection/第6话-結んで、春の大三角.csv,32,4001035070100,真乃,すみません、よかったら回す役はみんなに……,283活动剧情,青のReflection,第6话-結んで、春の大三角
283活动剧情/青のReflection/第6话-結んで、春の大三角.csv,39,4001035070130,真乃,"……みんな、回すの楽しみにしているので……
ぜひ、一緒に……っ",283活动剧情,青のReflection,第6话-結んで、春の大三角
283活动剧情/青のReflection/第6话-結んで、春の大三角.csv,42,4001035070140,真乃,"お疲れさまです
よかったら、お飲み物どうぞです……",283活动剧情,青のReflection,第6话-結んで、春の大三角
283活动剧情/青のReflection/第6话-結んで、春の大三角.csv,54,4001035070190,真乃,噂、ですか……？,283活动剧情,青のReflection,第6话-結んで、春の大三角
283活动剧情/青のReflection/第6话-結んで、春の大三角.csv,59,4001035070200,真乃,……それは……,283活动剧情,青のReflection,第6话-結んで、春の大三角
283活动剧情/青のReflection/第6话-結んで、春の大三角.csv,60,4001035070210,真乃,えっと……,283活动剧情,青のReflection,第6话-結んで、春の大三角
283活动剧情/青のReflection/第6话-結んで、春の大三角.csv,61,4001035070220,真乃,"……もし、本当に困っているようだったら、
止めたかもしれません",283活动剧情,青のReflection,第6话-結んで、春の大三角
283活动剧情/青のReflection/第6话-結んで、春の大三角.csv,62,4001035070230,真乃,でも……,283活动剧情,青のReflection,第6话-結んで、春の大三角
283活动剧情/青のReflection/第6话-結んで、春の大三角.csv,64,4001035070240,真乃,"気持ちの伝え方は、
いろいろあるんだなって……",283活动剧情,青のReflection,第6话-結んで、春の大三角
283活动剧情/青のReflection/第6话-結んで、春の大三角.csv,65,4001035070250,真乃,"それは、邪魔しちゃいけないなって
……そう思いました",283活动剧情,青のReflection,第6话-結んで、春の大三角
283活动剧情/青のReflection/第6话-結んで、春の大三角.csv,69,4001035070260,真乃,ほわ……,283活动剧情,青のReflection,第6话-結んで、春の大三角
283活动剧情/青のReflection/终章-地に満ちるは幾千の星.csv,6,4001035080030,真乃,ありがとう、めぐるちゃん,283活动剧情,青のReflection,终章-地に満ちるは幾千の星
283活动剧情/青のReflection/终章-地に満ちるは幾千の星.csv,10,4001035080070,真乃,"観光ガイドブックも買ったんだ
飛行機の中で一緒に見ようねっ",283活动剧情,青のReflection,终章-地に満ちるは幾千の星
283活动剧情/青のReflection/终章-地に満ちるは幾千の星.csv,17,4001035080140,真乃,"ふふ……うん……っ
お仕事も遊びも、いっぱい楽しもう……",283活动剧情,青のReflection,终章-地に満ちるは幾千の星
283活动剧情/青のReflection/终章-地に満ちるは幾千の星.csv,18,4001035080150,真乃,"私も……
今日はお母さんにデジカメ借りてきたんだ",283活动剧情,青のReflection,终章-地に満ちるは幾千の星
283活动剧情/青のReflection/终章-地に満ちるは幾千の星.csv,20,4001035080170,真乃,うん……っ,283活动剧情,青のReflection,终章-地に満ちるは幾千の星
283活动剧情/青のReflection/终章-地に満ちるは幾千の星.csv,21,4001035080180,真乃,"今度のロケの時、タイムカプセルを準備する様子を
写真に撮って、一緒に入れたいなって……",283活动剧情,青のReflection,终章-地に満ちるは幾千の星
283活动剧情/青のReflection/终章-地に満ちるは幾千の星.csv,22,4001035080190,真乃,だから、ちょっとずつ撮る練習をしようと思ったの,283活动剧情,青のReflection,终章-地に満ちるは幾千の星
283活动剧情/青のReflection/终章-地に満ちるは幾千の星.csv,25,4001035080220,真乃,そうなんだ、天文台の人が……,283活动剧情,青のReflection,终章-地に満ちるは幾千の星
283活动剧情/青のReflection/终章-地に満ちるは幾千の星.csv,28,4001035080250,真乃,お星様の中に……,283活动剧情,青のReflection,终章-地に満ちるは幾千の星
283活动剧情/青のReflection/终章-地に満ちるは幾千の星.csv,29,4001035080260,真乃,わぁ……,283活动剧情,青のReflection,终章-地に満ちるは幾千の星
283活动剧情/青のReflection/终章-地に満ちるは幾千の星.csv,37,4001035080340,真乃,ふふっ……,283活动剧情,青のReflection,终章-地に満ちるは幾千の星
283活动剧情/青のReflection/终章-地に満ちるは幾千の星.csv,42,4001035080361,真乃＆めぐる,……！,283活动剧情,青のReflection,终章-地に満ちるは幾千の星
283活动剧情/青のReflection/终章-地に満ちるは幾千の星.csv,56,4001035080500,真乃,灯織ちゃん……,283活动剧情,青のReflection,终章-地に満ちるは幾千の星
283活动剧情/青のReflection/终章-地に満ちるは幾千の星.csv,60,4001035080540,真乃,うん、教えて……っ,283活动剧情,青のReflection,终章-地に満ちるは幾千の星
283活动剧情/青のReflection/终章-地に満ちるは幾千の星.csv,63,4001035080570,真乃,わあ……っ,283活动剧情,青のReflection,终章-地に満ちるは幾千の星
283活动剧情/青のReflection/终章-地に満ちるは幾千の星.csv,69,4001035080620,真乃,あ……,283活动剧情,青のReflection,终章-地に満ちるは幾千の星
283活动剧情/青のReflection/终章-地に満ちるは幾千の星.csv,70,4001035080630,真乃,"灯織ちゃん、めぐるちゃん
見て──",283活动剧情,青のReflection,终章-地に満ちるは幾千の星
283活动剧情/青のReflection/终章-地に満ちるは幾千の星.csv,75,4001035080680,真乃,……っ,283活动剧情,青のReflection,终章-地に満ちるは幾千の星
283活动剧情/青のReflection/终章-地に満ちるは幾千の星.csv,77,4001035080700,真乃,"うん……本当だね
キラキラのお星様……",283活动剧情,青のReflection,终章-地に満ちるは幾千の星
283活动剧情/青のReflection/终章-地に満ちるは幾千の星.csv,83,4001035080740,真乃,うん……っ,283活动剧情,青のReflection,终章-地に満ちるは幾千の星
283活动剧情/青のReflection/终章-地に満ちるは幾千の星.csv,84,4001035080750,真乃,行こうっ────,283活动剧情,青のReflection,终章-地に満ちるは幾千の星
283活动剧情/［MAKING］スノー・マジック！/序章-[behind]283production.csv,7,4001020010060,真乃,ほわぁ…………っ,283活动剧情,［MAKING］スノー・マジック！,序章-[behind]283production
283活动剧情/［MAKING］スノー・マジック！/序章-[behind]283production.csv,10,4001020010090,真乃,うん、とっても……,283活动剧情,［MAKING］スノー・マジック！,序章-[behind]283production
283活动剧情/［MAKING］スノー・マジック！/序章-[behind]283production.csv,14,4001020010120,真乃,"荷物を置いて、
ロッジ前に集合だよね",283活动剧情,［MAKING］スノー・マジック！,序章-[behind]283production
283活动剧情/［MAKING］スノー・マジック！/序章-[behind]283production.csv,16,4001020010140,真乃,ふふっ、うん,283活动剧情,［MAKING］スノー・マジック！,序章-[behind]283production
283活动剧情/［MAKING］スノー・マジック！/序章-[behind]283production.csv,78,4001020010720,真乃,魔法…………,283活动剧情,［MAKING］スノー・マジック！,序章-[behind]283production
283活动剧情/［MAKING］スノー・マジック！/序章-[behind]283production.csv,103,4001020010930,真乃,"ほわっ
わ、私が引いちゃっていいの？",283活动剧情,［MAKING］スノー・マジック！,序章-[behind]283production
283活动剧情/［MAKING］スノー・マジック！/序章-[behind]283production.csv,105,4001020010950,真乃,"う、うんっ
頑張るねっ",283活动剧情,［MAKING］スノー・マジック！,序章-[behind]283production
283活动剧情/［MAKING］スノー・マジック！/序章-[behind]283production.csv,106,4001020010960,真乃,"『チームピーちゃん』
櫻木真乃、頑張りますっ、むんっ",283活动剧情,［MAKING］スノー・マジック！,序章-[behind]283production
283活动剧情/［MAKING］スノー・マジック！/第5话-[behind]seishun_jersey.csv,49,4001020060440,真乃,ほわ……っ,283活动剧情,［MAKING］スノー・マジック！,第5话-[behind]seishun_jersey
283活动剧情/［MAKING］スノー・マジック！/第5话-[behind]seishun_jersey.csv,52,4001020060470,真乃,３人とも、すごい……っ,283活动剧情,［MAKING］スノー・マジック！,第5话-[behind]seishun_jersey
283活动剧情/［MAKING］スノー・マジック！/第5话-[behind]seishun_jersey.csv,55,4001020060500,真乃,"で、でも……
今話しかけちゃうと悪いかな？",283活动剧情,［MAKING］スノー・マジック！,第5话-[behind]seishun_jersey
283活动剧情/［MAKING］スノー・マジック！/第5话-[behind]seishun_jersey.csv,60,4001020060550,真乃,"うんっ
もうちょっと見てからでもいいよね……っ",283活动剧情,［MAKING］スノー・マジック！,第5话-[behind]seishun_jersey
283活动剧情/［MAKING］スノー・マジック！/第5话-[behind]seishun_jersey.csv,65,4001020060600,真乃,"あっ……昨日、
智代子ちゃんと愛依ちゃんが作ってたやつかな",283活动剧情,［MAKING］スノー・マジック！,第5话-[behind]seishun_jersey
283活动剧情/［MAKING］スノー・マジック！/第5话-[behind]seishun_jersey.csv,68,4001020060630,真乃,ほんとだねっ,283活动剧情,［MAKING］スノー・マジック！,第5话-[behind]seishun_jersey
283活动剧情/［MAKING］スノー・マジック！/第6话-[behind]pi-chan.csv,4,4001020070020,真乃,ふふっ、そうだね……っ,283活动剧情,［MAKING］スノー・マジック！,第6话-[behind]pi-chan
283活动剧情/［MAKING］スノー・マジック！/第6话-[behind]pi-chan.csv,5,4001020070030,真乃,"えっと……
それじゃあ、私たちのお年玉、開きます……っ",283活动剧情,［MAKING］スノー・マジック！,第6话-[behind]pi-chan
283活动剧情/［MAKING］スノー・マジック！/第6话-[behind]pi-chan.csv,6,4001020070040,真乃,『雪の魔法を探せ！』,283活动剧情,［MAKING］スノー・マジック！,第6话-[behind]pi-chan
283活动剧情/［MAKING］スノー・マジック！/第6话-[behind]pi-chan.csv,9,4001020070070,真乃,"ご、ごめんねっ
もっと違うの引いたらよかった……っ",283活动剧情,［MAKING］スノー・マジック！,第6话-[behind]pi-chan
283活动剧情/［MAKING］スノー・マジック！/第6话-[behind]pi-chan.csv,11,4001020070081,真乃＆霧子＆甜花,…………,283活动剧情,［MAKING］スノー・マジック！,第6话-[behind]pi-chan
283活动剧情/［MAKING］スノー・マジック！/第6话-[behind]pi-chan.csv,12,4001020070082,真乃＆霧子＆甜花,……うーん……,283活动剧情,［MAKING］スノー・マジック！,第6话-[behind]pi-chan
283活动剧情/［MAKING］スノー・マジック！/第6话-[behind]pi-chan.csv,13,4001020070090,真乃,"……あ、あのっ
まずはロッジの周りをお散歩してみるのはどうかな？",283活动剧情,［MAKING］スノー・マジック！,第6话-[behind]pi-chan
283活动剧情/［MAKING］スノー・マジック！/第6话-[behind]pi-chan.csv,14,4001020070100,真乃,何か、ヒントになることがあったらいいなって……,283活动剧情,［MAKING］スノー・マジック！,第6话-[behind]pi-chan
283活动剧情/［MAKING］スノー・マジック！/第6话-[behind]pi-chan.csv,15,4001020070110,真乃,"それに、ちょっと寒いけど
お天気が良くて空気も澄んでるから……",283活动剧情,［MAKING］スノー・マジック！,第6话-[behind]pi-chan
283活动剧情/［MAKING］スノー・マジック！/第6话-[behind]pi-chan.csv,22,4001020070180,真乃,霧子ちゃん、甜花ちゃん……っ,283活动剧情,［MAKING］スノー・マジック！,第6话-[behind]pi-chan
283活动剧情/［MAKING］スノー・マジック！/第6话-[behind]pi-chan.csv,23,4001020070190,真乃,わ、私も……っ,283活动剧情,［MAKING］スノー・マジック！,第6话-[behind]pi-chan
283活动剧情/［MAKING］スノー・マジック！/第6话-[behind]pi-chan.csv,24,4001020070200,真乃,"すぅ……
はぁ……",283活动剧情,［MAKING］スノー・マジック！,第6话-[behind]pi-chan
283活动剧情/［MAKING］スノー・マジック！/第6话-[behind]pi-chan.csv,25,4001020070210,真乃,"……ふふっ
それじゃあ、出発してもいいかな……？",283活动剧情,［MAKING］スノー・マジック！,第6话-[behind]pi-chan
283活动剧情/［MAKING］スノー・マジック！/第6话-[behind]pi-chan.csv,27,4001020070230,真乃,ほわっ、甜花ちゃんいいの？,283活动剧情,［MAKING］スノー・マジック！,第6话-[behind]pi-chan
283活动剧情/［MAKING］スノー・マジック！/第6话-[behind]pi-chan.csv,32,4001020070280,真乃,"はい……っ
じゃあお願いします……っ",283活动剧情,［MAKING］スノー・マジック！,第6话-[behind]pi-chan
283活动剧情/［MAKING］スノー・マジック！/第6话-[behind]pi-chan.csv,36,4001020070320,真乃,"……えっと、
木から雪が落ちてきたみたい",283活动剧情,［MAKING］スノー・マジック！,第6话-[behind]pi-chan
283活动剧情/［MAKING］スノー・マジック！/第6话-[behind]pi-chan.csv,43,4001020070390,真乃,"ふふ……っ
うん、そんな感じだったかも……っ",283活动剧情,［MAKING］スノー・マジック！,第6话-[behind]pi-chan
283活动剧情/［MAKING］スノー・マジック！/第6话-[behind]pi-chan.csv,46,4001020070420,真乃,"もしかして、これ
『雪の魔法』になるかな……？",283活动剧情,［MAKING］スノー・マジック！,第6话-[behind]pi-chan
283活动剧情/［MAKING］スノー・マジック！/第6话-[behind]pi-chan.csv,48,4001020070440,真乃,"そうだね……っ
でも他にも無いか、もう少し探してみるのもいいかも",283活动剧情,［MAKING］スノー・マジック！,第6话-[behind]pi-chan
283活动剧情/［MAKING］スノー・マジック！/第6话-[behind]pi-chan.csv,53,4001020070490,真乃,──あ……,283活动剧情,［MAKING］スノー・マジック！,第6话-[behind]pi-chan
283活动剧情/［MAKING］スノー・マジック！/第6话-[behind]pi-chan.csv,55,4001020070510,真乃,ううん、あのね,283活动剧情,［MAKING］スノー・マジック！,第6话-[behind]pi-chan
283活动剧情/［MAKING］スノー・マジック！/第6话-[behind]pi-chan.csv,56,4001020070520,真乃,"お天気がいいから、
お日様が雪に反射してて……",283活动剧情,［MAKING］スノー・マジック！,第6话-[behind]pi-chan
283活动剧情/［MAKING］スノー・マジック！/第6话-[behind]pi-chan.csv,57,4001020070530,真乃,"ふたりの目が、
とってもきらきらして見えるなって",283活动剧情,［MAKING］スノー・マジック！,第6话-[behind]pi-chan
283活动剧情/［MAKING］スノー・マジック！/第6话-[behind]pi-chan.csv,63,4001020070590,真乃,ふふ……,283活动剧情,［MAKING］スノー・マジック！,第6话-[behind]pi-chan
283活动剧情/［MAKING］スノー・マジック！/第6话-[behind]pi-chan.csv,64,4001020070600,真乃,"あっ、それじゃあ私
カメラ、代わるねっ",283活动剧情,［MAKING］スノー・マジック！,第6话-[behind]pi-chan
283活动剧情/［MAKING］スノー・マジック！/第6话-[behind]pi-chan.csv,66,4001020070620,真乃,はいっ,283活动剧情,［MAKING］スノー・マジック！,第6话-[behind]pi-chan
283活动剧情/［MAKING］スノー・マジック！/第6话-[behind]pi-chan.csv,69,4001020070650,真乃,──あれ……,283活动剧情,［MAKING］スノー・マジック！,第6话-[behind]pi-chan
283活动剧情/［MAKING］スノー・マジック！/第6话-[behind]pi-chan.csv,71,4001020070670,真乃,"あ……えっと
あの、ロッジの前の雪だるま……",283活动剧情,［MAKING］スノー・マジック！,第6话-[behind]pi-chan
283活动剧情/［MAKING］スノー・マジック！/第6话-[behind]pi-chan.csv,73,4001020070690,真乃,"すごく小さいから
子ども用の手袋みたい",283活动剧情,［MAKING］スノー・マジック！,第6话-[behind]pi-chan
283活动剧情/［MAKING］スノー・マジック！/第6话-[behind]pi-chan.csv,76,4001020070711,真乃＆霧子＆甜花,……………………,283活动剧情,［MAKING］スノー・マジック！,第6话-[behind]pi-chan
283活动剧情/［MAKING］スノー・マジック！/第6话-[behind]pi-chan.csv,80,4001020070750,真乃,灯織ちゃん……うん,283活动剧情,［MAKING］スノー・マジック！,第6话-[behind]pi-chan
283活动剧情/［MAKING］スノー・マジック！/第6话-[behind]pi-chan.csv,82,4001020070770,真乃,この、雪だるまなんだけど,283活动剧情,［MAKING］スノー・マジック！,第6话-[behind]pi-chan
283活动剧情/［MAKING］スノー・マジック！/第6话-[behind]pi-chan.csv,84,4001020070790,真乃,"マフラーとか帽子とか誰がかけてあげたのかなって
思ってたんだけど",283活动剧情,［MAKING］スノー・マジック！,第6话-[behind]pi-chan
283活动剧情/［MAKING］スノー・マジック！/第6话-[behind]pi-chan.csv,85,4001020070800,真乃,"お散歩して、戻ってきたら
今度は手袋が付いてて……",283活动剧情,［MAKING］スノー・マジック！,第6话-[behind]pi-chan
283活动剧情/［MAKING］スノー・マジック！/第6话-[behind]pi-chan.csv,92,4001020070870,真乃,"そっか……
ありがとう、灯織ちゃん",283活动剧情,［MAKING］スノー・マジック！,第6话-[behind]pi-chan
283活动剧情/［MAKING］スノー・マジック！/第6话-[behind]pi-chan.csv,99,4001020070920,真乃,雪の……,283活动剧情,［MAKING］スノー・マジック！,第6话-[behind]pi-chan
283活动剧情/［MAKING］スノー・マジック！/第6话-[behind]pi-chan.csv,104,4001020070950,真乃,"妖精さん……
まだ、いるかな……",283活动剧情,［MAKING］スノー・マジック！,第6话-[behind]pi-chan
283活动剧情/［MAKING］スノー・マジック！/第6话-[behind]pi-chan.csv,109,4001020071000,真乃,"甜花ちゃん、何か魔法みたいなこと
あった？",283活动剧情,［MAKING］スノー・マジック！,第6话-[behind]pi-chan
283活动剧情/［MAKING］スノー・マジック！/第6话-[behind]pi-chan.csv,113,4001020071040,真乃,甜花ちゃん……っ,283活动剧情,［MAKING］スノー・マジック！,第6话-[behind]pi-chan
283活动剧情/［MAKING］スノー・マジック！/第6话-[behind]pi-chan.csv,117,4001020071080,真乃,うんっ,283活动剧情,［MAKING］スノー・マジック！,第6话-[behind]pi-chan
283活动剧情/［MAKING］スノー・マジック！/第6话-[behind]pi-chan.csv,118,4001020071090,真乃,"──みんなと、
ここに来られてよかった……っ",283活动剧情,［MAKING］スノー・マジック！,第6话-[behind]pi-chan
283活动剧情/［MAKING］スノー・マジック！/终章-[edit].csv,72,4001020080450,真乃,"あっ……昨日、
智代子ちゃんと愛依ちゃんが作ってたやつかな",283活动剧情,［MAKING］スノー・マジック！,终章-[edit]
283活动剧情/［MAKING］スノー・マジック！/终章-[edit].csv,75,4001020080480,真乃,ほんとだねっ,283活动剧情,［MAKING］スノー・マジック！,终章-[edit]
283活动剧情/［MAKING］スノー・マジック！/终章-[edit].csv,83,4001020080530,真乃,"えっと……
それじゃあ、私たちのお年玉、開きます……っ",283活动剧情,［MAKING］スノー・マジック！,终章-[edit]
283活动剧情/［MAKING］スノー・マジック！/终章-[edit].csv,84,4001020080540,真乃,『雪の魔法を探せ！』,283活动剧情,［MAKING］スノー・マジック！,终章-[edit]
283活动剧情/［MAKING］スノー・マジック！/终章-[edit].csv,87,4001020080570,真乃,"ご、ごめんねっ
もっと違うの引いたらよかった……っ",283活动剧情,［MAKING］スノー・マジック！,终章-[edit]
283活动剧情/［MAKING］スノー・マジック！/终章-[edit].csv,89,4001020080581,真乃＆霧子＆甜花,…………,283活动剧情,［MAKING］スノー・マジック！,终章-[edit]
283活动剧情/［MAKING］スノー・マジック！/终章-[edit].csv,90,4001020080582,真乃＆霧子＆甜花,……うーん……,283活动剧情,［MAKING］スノー・マジック！,终章-[edit]
283活动剧情/［MAKING］スノー・マジック！/终章-[edit].csv,95,4001020080610,真乃,"あ……えっと
あの、ロッジの前の雪だるま……",283活动剧情,［MAKING］スノー・マジック！,终章-[edit]
283活动剧情/［MAKING］スノー・マジック！/终章-[edit].csv,97,4001020080630,真乃,"すごく小さいから
子ども用の手袋みたい",283活动剧情,［MAKING］スノー・マジック！,终章-[edit]
283活动剧情/［MAKING］スノー・マジック！/终章-[edit].csv,100,4001020080651,真乃＆霧子＆甜花,……………………,283活动剧情,［MAKING］スノー・マジック！,终章-[edit]
283活动剧情/［MAKING］スノー・マジック！/终章-[edit].csv,108,4001020080690,真乃,雪の……,283活动剧情,［MAKING］スノー・マジック！,终章-[edit]
283活动剧情/［MAKING］スノー・マジック！/终章-[edit].csv,118,4001020080750,真乃,"──みんなと、
ここに来られてよかった……っ",283活动剧情,［MAKING］スノー・マジック！,终章-[edit]
八宮めぐる/【 サンシャインシエスタ！】八宮めぐる/下から覗くきみのかんばせ.csv,10,3003010010060,真乃,"そうだね
お料理しながらだから、イキイキしてるのかも……っ",八宮めぐる,【 サンシャインシエスタ！】八宮めぐる,下から覗くきみのかんばせ
八宮めぐる/【 サンシャインシエスタ！】八宮めぐる/下から覗くきみのかんばせ.csv,11,3003010010070,真乃,ぴったりなお題を引けて、よかった,八宮めぐる,【 サンシャインシエスタ！】八宮めぐる,下から覗くきみのかんばせ
八宮めぐる/【 サンシャインシエスタ！】八宮めぐる/下から覗くきみのかんばせ.csv,15,3003010010110,真乃,"ふふっ
どっちだとしても、灯織ちゃんの実力だね",八宮めぐる,【 サンシャインシエスタ！】八宮めぐる,下から覗くきみのかんばせ
八宮めぐる/【 サンシャインシエスタ！】八宮めぐる/下から覗くきみのかんばせ.csv,19,3003010010150,真乃,"うんっ
次は何になるかなぁ──",八宮めぐる,【 サンシャインシエスタ！】八宮めぐる,下から覗くきみのかんばせ
八宮めぐる/【 サンシャインシエスタ！】八宮めぐる/下から覗くきみのかんばせ.csv,21,3003010010151,真乃＆めぐる,は、はいっ,八宮めぐる,【 サンシャインシエスタ！】八宮めぐる,下から覗くきみのかんばせ
八宮めぐる/【 サンシャインシエスタ！】八宮めぐる/下から覗くきみのかんばせ.csv,25,3003010010170,真乃,うんっ,八宮めぐる,【 サンシャインシエスタ！】八宮めぐる,下から覗くきみのかんばせ
八宮めぐる/【 サンシャインシエスタ！】八宮めぐる/下から覗くきみのかんばせ.csv,26,3003010010180,真乃,"私のは、えーっと……
『海の家』……？",八宮めぐる,【 サンシャインシエスタ！】八宮めぐる,下から覗くきみのかんばせ
八宮めぐる/【 サンシャインシエスタ！】八宮めぐる/下から覗くきみのかんばせ.csv,30,3003010010220,真乃,"めぐるちゃん……？
どうしたの？",八宮めぐる,【 サンシャインシエスタ！】八宮めぐる,下から覗くきみのかんばせ
八宮めぐる/【 サンシャインシエスタ！】八宮めぐる/下から覗くきみのかんばせ.csv,32,3003010010240,真乃,……ほわっ……！？,八宮めぐる,【 サンシャインシエスタ！】八宮めぐる,下から覗くきみのかんばせ
八宮めぐる/【 サンシャインシエスタ！】八宮めぐる/下から覗くきみのかんばせ.csv,34,3003010010260,真乃,……,八宮めぐる,【 サンシャインシエスタ！】八宮めぐる,下から覗くきみのかんばせ
八宮めぐる/【 サンシャインシエスタ！】八宮めぐる/下から覗くきみのかんばせ.csv,40,3003010010311,真乃＆めぐる,っ……,八宮めぐる,【 サンシャインシエスタ！】八宮めぐる,下から覗くきみのかんばせ
八宮めぐる/【 サンシャインシエスタ！】八宮めぐる/下から覗くきみのかんばせ.csv,43,3003010010340,真乃,"め、めぐるちゃんのせいじゃないよっ
もともと入ってたお題だし……っ",八宮めぐる,【 サンシャインシエスタ！】八宮めぐる,下から覗くきみのかんばせ
八宮めぐる/【 サンシャインシエスタ！】八宮めぐる/下から覗くきみのかんばせ.csv,44,3003010010350,真乃,"それに、ごめんは私の台詞で……っ
あの……あんまりよくない枕だと思うんだけど……",八宮めぐる,【 サンシャインシエスタ！】八宮めぐる,下から覗くきみのかんばせ
八宮めぐる/【 サンシャインシエスタ！】八宮めぐる/下から覗くきみのかんばせ.csv,50,3003010010391,真乃＆めぐる,灯織……,八宮めぐる,【 サンシャインシエスタ！】八宮めぐる,下から覗くきみのかんばせ
八宮めぐる/【 サンシャインシエスタ！】八宮めぐる/下から覗くきみのかんばせ.csv,57,3003010010450,真乃,は、はいっ……,八宮めぐる,【 サンシャインシエスタ！】八宮めぐる,下から覗くきみのかんばせ
八宮めぐる/【 サンシャインシエスタ！】八宮めぐる/下から覗くきみのかんばせ.csv,60,3003010010480,真乃,あ……,八宮めぐる,【 サンシャインシエスタ！】八宮めぐる,下から覗くきみのかんばせ
八宮めぐる/【 サンシャインシエスタ！】八宮めぐる/下から覗くきみのかんばせ.csv,61,3003010010490,真乃,"うんっ……
頑張ろう、めぐるちゃん……っ",八宮めぐる,【 サンシャインシエスタ！】八宮めぐる,下から覗くきみのかんばせ
八宮めぐる/【 サンシャインシエスタ！】八宮めぐる/下から覗くきみのかんばせ.csv,68,3003010010530,真乃,"めぐるちゃん……
だ、大丈夫……かな……？",八宮めぐる,【 サンシャインシエスタ！】八宮めぐる,下から覗くきみのかんばせ
八宮めぐる/【 サンシャインシエスタ！】八宮めぐる/下から覗くきみのかんばせ.csv,70,3003010010550,真乃,全然だよっ……,八宮めぐる,【 サンシャインシエスタ！】八宮めぐる,下から覗くきみのかんばせ
八宮めぐる/【 サンシャインシエスタ！】八宮めぐる/下から覗くきみのかんばせ.csv,71,3003010010560,真乃,"……でも、やっぱり……
ふふっ",八宮めぐる,【 サンシャインシエスタ！】八宮めぐる,下から覗くきみのかんばせ
八宮めぐる/【 サンシャインシエスタ！】八宮めぐる/下から覗くきみのかんばせ.csv,73,3003010010580,真乃,くすぐったい気持ち……かも,八宮めぐる,【 サンシャインシエスタ！】八宮めぐる,下から覗くきみのかんばせ
八宮めぐる/【 サンシャインシエスタ！】八宮めぐる/隣で見つめるきみのゆびさき.csv,9,3003010020070,真乃,……ふふっ,八宮めぐる,【 サンシャインシエスタ！】八宮めぐる,隣で見つめるきみのゆびさき
八宮めぐる/【 サンシャインシエスタ！】八宮めぐる/隣で見つめるきみのゆびさき.csv,11,3003010020090,真乃,"ううん……っ
あのね、早く食べたいなぁ、楽しみだなぁって思って",八宮めぐる,【 サンシャインシエスタ！】八宮めぐる,隣で見つめるきみのゆびさき
八宮めぐる/【 サンシャインシエスタ！】八宮めぐる/隣で見つめるきみのゆびさき.csv,15,3003010020121,真乃＆めぐる,……！,八宮めぐる,【 サンシャインシエスタ！】八宮めぐる,隣で見つめるきみのゆびさき
八宮めぐる/【 サンシャインシエスタ！】八宮めぐる/隣で見つめるきみのゆびさき.csv,16,3003010020122,真乃＆めぐる,ふふっ,八宮めぐる,【 サンシャインシエスタ！】八宮めぐる,隣で見つめるきみのゆびさき
八宮めぐる/【 サンシャインシエスタ！】八宮めぐる/隣で見つめるきみのゆびさき.csv,18,3003010020140,真乃,お願いしますっ,八宮めぐる,【 サンシャインシエスタ！】八宮めぐる,隣で見つめるきみのゆびさき
八宮めぐる/【 サンシャインシエスタ！】八宮めぐる/隣で見つめるきみのゆびさき.csv,23,3003010020180,真乃,本当……っ,八宮めぐる,【 サンシャインシエスタ！】八宮めぐる,隣で見つめるきみのゆびさき
八宮めぐる/【 サンシャインシエスタ！】八宮めぐる/隣で見つめるきみのゆびさき.csv,25,3003010020200,真乃,"あつあつとろとろです
店長さんっ",八宮めぐる,【 サンシャインシエスタ！】八宮めぐる,隣で見つめるきみのゆびさき
八宮めぐる/【 サンシャインシエスタ！】八宮めぐる/隣で見つめるきみのゆびさき.csv,32,3003010020270,真乃,"めぐるちゃん、この前の撮影のインタビューでも
そう答えてたよね",八宮めぐる,【 サンシャインシエスタ！】八宮めぐる,隣で見つめるきみのゆびさき
八宮めぐる/【 サンシャインシエスタ！】八宮めぐる/隣で見つめるきみのゆびさき.csv,36,3003010020300,真乃,"チェック用の原稿が届いたってプロデューサーさんが
言っててね、少し読ませてもらったんだ",八宮めぐる,【 サンシャインシエスタ！】八宮めぐる,隣で見つめるきみのゆびさき
八宮めぐる/【 サンシャインシエスタ！】八宮めぐる/隣で見つめるきみのゆびさき.csv,37,3003010020310,真乃,"ふたりのインタビュー、
どうなってるのか早く読みたくて……",八宮めぐる,【 サンシャインシエスタ！】八宮めぐる,隣で見つめるきみのゆびさき
八宮めぐる/【 サンシャインシエスタ！】八宮めぐる/隣で見つめるきみのゆびさき.csv,46,3003010020390,真乃,ふふふっ……,八宮めぐる,【 サンシャインシエスタ！】八宮めぐる,隣で見つめるきみのゆびさき
八宮めぐる/【 サンシャインシエスタ！】八宮めぐる/隣で見つめるきみのゆびさき.csv,50,3003010020430,真乃,それは、共通の質問だったみたい,八宮めぐる,【 サンシャインシエスタ！】八宮めぐる,隣で見つめるきみのゆびさき
八宮めぐる/【 サンシャインシエスタ！】八宮めぐる/隣で見つめるきみのゆびさき.csv,57,3003010020500,真乃,"うん、私も……
ドキドキしちゃいましたって",八宮めぐる,【 サンシャインシエスタ！】八宮めぐる,隣で見つめるきみのゆびさき
八宮めぐる/【 サンシャインシエスタ！】八宮めぐる/隣で見つめるきみのゆびさき.csv,58,3003010020510,真乃,"……あと、
心の準備が大変だったお題もありました、って",八宮めぐる,【 サンシャインシエスタ！】八宮めぐる,隣で見つめるきみのゆびさき
八宮めぐる/【Scoop up Scraps】八宮めぐる/コンソメ色の日射しの中で.csv,9,3003014020071,真乃＆灯織,はいっ,八宮めぐる,【Scoop up Scraps】八宮めぐる,コンソメ色の日射しの中で
八宮めぐる/【Scoop up Scraps】八宮めぐる/コンソメ色の日射しの中で.csv,12,3003014020091,真乃＆灯織,よろしくお願いしますっ,八宮めぐる,【Scoop up Scraps】八宮めぐる,コンソメ色の日射しの中で
八宮めぐる/【Scoop up Scraps】八宮めぐる/コンソメ色の日射しの中で.csv,16,3003014020130,真乃,うんっ,八宮めぐる,【Scoop up Scraps】八宮めぐる,コンソメ色の日射しの中で
八宮めぐる/【Scoop up Scraps】八宮めぐる/コンソメ色の日射しの中で.csv,22,3003014020190,真乃,……はいっ,八宮めぐる,【Scoop up Scraps】八宮めぐる,コンソメ色の日射しの中で
八宮めぐる/【Scoop up Scraps】八宮めぐる/コンソメ色の日射しの中で.csv,24,3003014020210,真乃,"えっと……
喧嘩しないのは『自分』が無いせいじゃないか、って",八宮めぐる,【Scoop up Scraps】八宮めぐる,コンソメ色の日射しの中で
八宮めぐる/【Scoop up Scraps】八宮めぐる/コンソメ色の日射しの中で.csv,34,3003014020310,真乃,"そ、そうだよっ
返せてなかったのは私の方で……",八宮めぐる,【Scoop up Scraps】八宮めぐる,コンソメ色の日射しの中で
八宮めぐる/【Scoop up Scraps】八宮めぐる/コンソメ色の日射しの中で.csv,36,3003014020330,真乃,"番組を見てた時には面白いトークだねって
みんなで話してたのに……",八宮めぐる,【Scoop up Scraps】八宮めぐる,コンソメ色の日射しの中で
八宮めぐる/【Scoop up Scraps】八宮めぐる/コンソメ色の日射しの中で.csv,37,3003014020340,真乃,自分に振られたら慌てちゃって……,八宮めぐる,【Scoop up Scraps】八宮めぐる,コンソメ色の日射しの中で
八宮めぐる/【Scoop up Scraps】八宮めぐる/コンソメ色の日射しの中で.csv,42,3003014020370,真乃,"そ、そうだね……
ありがとう……っ",八宮めぐる,【Scoop up Scraps】八宮めぐる,コンソメ色の日射しの中で
八宮めぐる/【Scoop up Scraps】八宮めぐる/コンソメ色の日射しの中で.csv,50,3003014020450,真乃,"ありがとう、めぐるちゃん……っ
手が油になっちゃうもんね",八宮めぐる,【Scoop up Scraps】八宮めぐる,コンソメ色の日射しの中で
八宮めぐる/【Scoop up Scraps】八宮めぐる/コンソメ色の日射しの中で.csv,58,3003014020520,真乃,"……小さな子たちも参加してくれるみたいだから、
何か思い出に残ることがいいなって……",八宮めぐる,【Scoop up Scraps】八宮めぐる,コンソメ色の日射しの中で
八宮めぐる/【Scoop up Scraps】八宮めぐる/コンソメ色の日射しの中で.csv,68,3003014020600,真乃,"……ま、まだ
コンソメ、残ってるよ……っ",八宮めぐる,【Scoop up Scraps】八宮めぐる,コンソメ色の日射しの中で
八宮めぐる/【Scoop up Scraps】八宮めぐる/ハクチョウとクマのポルカ.csv,11,3003014010100,真乃,"ただいま……っ
ちょっとレジで並んじゃって……",八宮めぐる,【Scoop up Scraps】八宮めぐる,ハクチョウとクマのポルカ
八宮めぐる/【Scoop up Scraps】八宮めぐる/ハクチョウとクマのポルカ.csv,13,3003014010120,真乃,"お話しているところだったのに、ごめんね
……私も入って大丈夫かな……？",八宮めぐる,【Scoop up Scraps】八宮めぐる,ハクチョウとクマのポルカ
八宮めぐる/【Scoop up Scraps】八宮めぐる/ハクチョウとクマのポルカ.csv,16,3003014010150,真乃,ほわ……,八宮めぐる,【Scoop up Scraps】八宮めぐる,ハクチョウとクマのポルカ
八宮めぐる/【Scoop up Scraps】八宮めぐる/ハクチョウとクマのポルカ.csv,18,3003014010170,真乃,"そっか、本当だね……
いろんなものに見えるかも……",八宮めぐる,【Scoop up Scraps】八宮めぐる,ハクチョウとクマのポルカ
八宮めぐる/【Scoop up Scraps】八宮めぐる/ハクチョウとクマのポルカ.csv,19,3003014010180,真乃,"……私はハクチョウさんの絵だなって、
そう思い込んでたみたい……",八宮めぐる,【Scoop up Scraps】八宮めぐる,ハクチョウとクマのポルカ
八宮めぐる/【Scoop up Scraps】八宮めぐる/ハクチョウとクマのポルカ.csv,22,3003014010210,真乃,ほわ……っ,八宮めぐる,【Scoop up Scraps】八宮めぐる,ハクチョウとクマのポルカ
八宮めぐる/【Scoop up Scraps】八宮めぐる/ハクチョウとクマのポルカ.csv,27,3003014010260,真乃,……ふふっ、うん,八宮めぐる,【Scoop up Scraps】八宮めぐる,ハクチョウとクマのポルカ
八宮めぐる/【Scoop up Scraps】八宮めぐる/ハクチョウとクマのポルカ.csv,28,3003014010270,真乃,"……ハクチョウさんも、
同じようなこと思っているのかな……",八宮めぐる,【Scoop up Scraps】八宮めぐる,ハクチョウとクマのポルカ
八宮めぐる/【Scoop up Scraps】八宮めぐる/ハクチョウとクマのポルカ.csv,29,3003014010280,真乃,"しんしんと降る雪とずっと一緒だと
しあわせなんだけどな……って",八宮めぐる,【Scoop up Scraps】八宮めぐる,ハクチョウとクマのポルカ
八宮めぐる/【Scoop up Scraps】八宮めぐる/ハクチョウとクマのポルカ.csv,31,3003014010300,真乃,……思っているかも……っ,八宮めぐる,【Scoop up Scraps】八宮めぐる,ハクチョウとクマのポルカ
八宮めぐる/【Scoop up Scraps】八宮めぐる/ハクチョウとクマのポルカ.csv,36,3003014010350,真乃,"そうだよね、こっちの雪は
そこまで積もったりしないから……",八宮めぐる,【Scoop up Scraps】八宮めぐる,ハクチョウとクマのポルカ
八宮めぐる/【Scoop up Scraps】八宮めぐる/ハクチョウとクマのポルカ.csv,37,3003014010360,真乃,でも……そうなんだね,八宮めぐる,【Scoop up Scraps】八宮めぐる,ハクチョウとクマのポルカ
八宮めぐる/【Scoop up Scraps】八宮めぐる/ハクチョウとクマのポルカ.csv,38,3003014010370,真乃,……雪は冷たいけど、あったかいんだ,八宮めぐる,【Scoop up Scraps】八宮めぐる,ハクチョウとクマのポルカ
八宮めぐる/【Scoop up Scraps】八宮めぐる/ハクチョウとクマのポルカ.csv,48,3003014010470,真乃,"えっと……それじゃあ……カメさん……？
お山みたいな部分が甲羅みたいで……",八宮めぐる,【Scoop up Scraps】八宮めぐる,ハクチョウとクマのポルカ
八宮めぐる/【Scoop up Scraps】八宮めぐる/ハクチョウとクマのポルカ.csv,52,3003014010501,真乃＆めぐる,あっ……,八宮めぐる,【Scoop up Scraps】八宮めぐる,ハクチョウとクマのポルカ
八宮めぐる/【Scoop up Scraps】八宮めぐる/光の海で逢いましょう.csv,49,3003014030480,真乃,……っ,八宮めぐる,【Scoop up Scraps】八宮めぐる,光の海で逢いましょう
八宮めぐる/【Scoop up Scraps】八宮めぐる/光の海で逢いましょう.csv,51,3003014030500,真乃,"うん……本当だね
キラキラのお星様……",八宮めぐる,【Scoop up Scraps】八宮めぐる,光の海で逢いましょう
八宮めぐる/【ああひかりよ】八宮めぐる/それはもうきらきらな.csv,3,3003011030020,真乃,"まだ後夜祭の最中だから……
生徒会長さんは忙しいのかな",八宮めぐる,【ああひかりよ】八宮めぐる,それはもうきらきらな
八宮めぐる/【ああひかりよ】八宮めぐる/それはもうきらきらな.csv,13,3003011030060,真乃,こ、こんなにたくさん……っ,八宮めぐる,【ああひかりよ】八宮めぐる,それはもうきらきらな
八宮めぐる/【ああひかりよ】八宮めぐる/それはもうきらきらな.csv,17,3003011030080,真乃,"い、いえっ、そんなことないですっ
あの、ありがとうございます……っ",八宮めぐる,【ああひかりよ】八宮めぐる,それはもうきらきらな
八宮めぐる/【ああひかりよ】八宮めぐる/それはもうきらきらな.csv,22,3003011030110,真乃,なんだかすみません、生徒会長さん……,八宮めぐる,【ああひかりよ】八宮めぐる,それはもうきらきらな
八宮めぐる/【ああひかりよ】八宮めぐる/それはもうきらきらな.csv,23,3003011030120,真乃,"──寄せ書き、大切に読みますねっ
本当にありがとうございます……っ",八宮めぐる,【ああひかりよ】八宮めぐる,それはもうきらきらな
八宮めぐる/【ああひかりよ】八宮めぐる/それはもうきらきらな.csv,28,3003011030150,真乃,はいっ……,八宮めぐる,【ああひかりよ】八宮めぐる,それはもうきらきらな
八宮めぐる/【ああひかりよ】八宮めぐる/それはもうきらきらな.csv,30,3003011030160,真乃,あのこと……,八宮めぐる,【ああひかりよ】八宮めぐる,それはもうきらきらな
八宮めぐる/【ああひかりよ】八宮めぐる/それはもうきらきらな.csv,36,3003011030200,真乃,す、すみません、お願いします……,八宮めぐる,【ああひかりよ】八宮めぐる,それはもうきらきらな
八宮めぐる/【ああひかりよ】八宮めぐる/それはもうきらきらな.csv,41,3003011030220,真乃,…………ふふっ……,八宮めぐる,【ああひかりよ】八宮めぐる,それはもうきらきらな
八宮めぐる/【ああひかりよ】八宮めぐる/それはもうきらきらな.csv,48,3003011030250,真乃,はい、あったかい気持ちになりました……っ,八宮めぐる,【ああひかりよ】八宮めぐる,それはもうきらきらな
八宮めぐる/【ああひかりよ】八宮めぐる/それはもうきらきらな.csv,53,3003011030280,真乃,うんっ……おめでとうございますっ,八宮めぐる,【ああひかりよ】八宮めぐる,それはもうきらきらな
八宮めぐる/【ああひかりよ】八宮めぐる/それはもうきらきらな.csv,56,3003011030300,真乃,"はいっ、私は午前中だけ……
午後はレッスンの予定です",八宮めぐる,【ああひかりよ】八宮めぐる,それはもうきらきらな
八宮めぐる/【ああひかりよ】八宮めぐる/それはもうきらきらな.csv,61,3003011030330,真乃,はいっ、私たちも……っ,八宮めぐる,【ああひかりよ】八宮めぐる,それはもうきらきらな
八宮めぐる/【ああひかりよ】八宮めぐる/それはもうきらきらな.csv,62,3003011030340,真乃,それじゃあ……,八宮めぐる,【ああひかりよ】八宮めぐる,それはもうきらきらな
八宮めぐる/【ああひかりよ】八宮めぐる/それはもうきらきらな.csv,66,3003011030380,真乃,ほわぁ……素敵なお別れ……,八宮めぐる,【ああひかりよ】八宮めぐる,それはもうきらきらな
八宮めぐる/【ああひかりよ】八宮めぐる/たいようのしずく.csv,36,3003011010160,真乃,はっ……はぁ……っ……,八宮めぐる,【ああひかりよ】八宮めぐる,たいようのしずく
八宮めぐる/【ああひかりよ】八宮めぐる/たいようのしずく.csv,39,3003011010180,真乃,生徒会長さん……っ,八宮めぐる,【ああひかりよ】八宮めぐる,たいようのしずく
八宮めぐる/【ああひかりよ】八宮めぐる/たいようのしずく.csv,40,3003011010190,真乃,"ご、ごめんなさい……っ
こんなことになってしまって……",八宮めぐる,【ああひかりよ】八宮めぐる,たいようのしずく
八宮めぐる/【ああひかりよ】八宮めぐる/たいようのしずく.csv,47,3003011010240,真乃,頑張ります……っ,八宮めぐる,【ああひかりよ】八宮めぐる,たいようのしずく
八宮めぐる/【ああひかりよ】八宮めぐる/よみちのみちしるべ.csv,2,3003011020010,真乃,──灯織ちゃん、めぐるちゃん,八宮めぐる,【ああひかりよ】八宮めぐる,よみちのみちしるべ
八宮めぐる/【ああひかりよ】八宮めぐる/よみちのみちしるべ.csv,3,3003011020020,真乃,"プロデューサーさん、
『すぐに行くから先に帰る準備していてほしい』って",八宮めぐる,【ああひかりよ】八宮めぐる,よみちのみちしるべ
八宮めぐる/【ああひかりよ】八宮めぐる/よみちのみちしるべ.csv,11,3003011020100,真乃,わ……暗いね……,八宮めぐる,【ああひかりよ】八宮めぐる,よみちのみちしるべ
八宮めぐる/【ああひかりよ】八宮めぐる/よみちのみちしるべ.csv,17,3003011020160,真乃,わっ……,八宮めぐる,【ああひかりよ】八宮めぐる,よみちのみちしるべ
八宮めぐる/【ああひかりよ】八宮めぐる/よみちのみちしるべ.csv,19,3003011020180,真乃,"うんっ
ごめんね、ちょっとだけびっくりしちゃって……",八宮めぐる,【ああひかりよ】八宮めぐる,よみちのみちしるべ
八宮めぐる/【ああひかりよ】八宮めぐる/よみちのみちしるべ.csv,26,3003011020250,真乃,ふふ……っ,八宮めぐる,【ああひかりよ】八宮めぐる,よみちのみちしるべ
八宮めぐる/【ああひかりよ】八宮めぐる/よみちのみちしるべ.csv,27,3003011020260,真乃,そういえば生徒会長さんがね,八宮めぐる,【ああひかりよ】八宮めぐる,よみちのみちしるべ
八宮めぐる/【ああひかりよ】八宮めぐる/よみちのみちしるべ.csv,28,3003011020270,真乃,"イルミネーションスターズのみなさんは、
ステージの上で太陽みたいでした……って",八宮めぐる,【ああひかりよ】八宮めぐる,よみちのみちしるべ
八宮めぐる/【ああひかりよ】八宮めぐる/よみちのみちしるべ.csv,29,3003011020280,真乃,"灯織ちゃんやめぐるちゃんにも
伝えてほしいって言ってたよ",八宮めぐる,【ああひかりよ】八宮めぐる,よみちのみちしるべ
八宮めぐる/【ああひかりよ】八宮めぐる/よみちのみちしるべ.csv,34,3003011020330,真乃,お星様よりも大きくなっちゃったね,八宮めぐる,【ああひかりよ】八宮めぐる,よみちのみちしるべ
八宮めぐる/【ああひかりよ】八宮めぐる/よみちのみちしるべ.csv,37,3003011020360,真乃,そっか、そうだね,八宮めぐる,【ああひかりよ】八宮めぐる,よみちのみちしるべ
八宮めぐる/【ああひかりよ】八宮めぐる/よみちのみちしるべ.csv,42,3003011020410,真乃,えっと、それって……？,八宮めぐる,【ああひかりよ】八宮めぐる,よみちのみちしるべ
八宮めぐる/【ああひかりよ】八宮めぐる/よみちのみちしるべ.csv,45,3003011020440,真乃,それがめぐるちゃんの気持ちなんだね,八宮めぐる,【ああひかりよ】八宮めぐる,よみちのみちしるべ
八宮めぐる/【ああひかりよ】八宮めぐる/よみちのみちしるべ.csv,51,3003011020500,真乃,ふふっ……,八宮めぐる,【ああひかりよ】八宮めぐる,よみちのみちしるべ
八宮めぐる/【ああひかりよ】八宮めぐる/よみちのみちしるべ.csv,52,3003011020510,真乃,お星様とか花火とかも、夜の光だよねっ,八宮めぐる,【ああひかりよ】八宮めぐる,よみちのみちしるべ
八宮めぐる/【わがままサンライズ】八宮めぐる/【わがままサンライズ】八宮めぐる01.csv,18,3003022010071,真乃＆灯織,よろしくお願いします……っ,八宮めぐる,【わがままサンライズ】八宮めぐる,【わがままサンライズ】八宮めぐる01
八宮めぐる/【わがままサンライズ】八宮めぐる/【わがままサンライズ】八宮めぐる01.csv,27,3003022010100,真乃,"うん
アイディア出し、頑張らなきゃ……",八宮めぐる,【わがままサンライズ】八宮めぐる,【わがままサンライズ】八宮めぐる01
八宮めぐる/【わがままサンライズ】八宮めぐる/【わがままサンライズ】八宮めぐる01.csv,39,3003022010170,真乃,"うん……
だいたいこんな感じかなって……",八宮めぐる,【わがままサンライズ】八宮めぐる,【わがままサンライズ】八宮めぐる01
八宮めぐる/【わがままサンライズ】八宮めぐる/【わがままサンライズ】八宮めぐる01.csv,45,3003022010230,真乃,『……』,八宮めぐる,【わがままサンライズ】八宮めぐる,【わがままサンライズ】八宮めぐる01
八宮めぐる/【わがままサンライズ】八宮めぐる/【わがままサンライズ】八宮めぐる01.csv,48,3003022010260,真乃,"『めぐるちゃん……
ちょっと悩んでる……かな……』",八宮めぐる,【わがままサンライズ】八宮めぐる,【わがままサンライズ】八宮めぐる01
八宮めぐる/【わがままサンライズ】八宮めぐる/【わがままサンライズ】八宮めぐる01.csv,56,3003022010331,真乃＆灯織,『…………』,八宮めぐる,【わがままサンライズ】八宮めぐる,【わがままサンライズ】八宮めぐる01
八宮めぐる/【わがままサンライズ】八宮めぐる/【わがままサンライズ】八宮めぐる01.csv,57,3003022010340,真乃,『素敵な宿題、だね……』,八宮めぐる,【わがままサンライズ】八宮めぐる,【わがままサンライズ】八宮めぐる01
八宮めぐる/【わがままサンライズ】八宮めぐる/【わがままサンライズ】八宮めぐる01.csv,60,3003022010370,真乃,『ほわ……』,八宮めぐる,【わがままサンライズ】八宮めぐる,【わがままサンライズ】八宮めぐる01
八宮めぐる/【わがままサンライズ】八宮めぐる/【わがままサンライズ】八宮めぐる01.csv,62,3003022010390,真乃,"『ふふっ
いただきます……っ』",八宮めぐる,【わがままサンライズ】八宮めぐる,【わがままサンライズ】八宮めぐる01
八宮めぐる/【わがままサンライズ】八宮めぐる/【わがままサンライズ】八宮めぐる03.csv,7,3003022030040,真乃,うん……っ,八宮めぐる,【わがままサンライズ】八宮めぐる,【わがままサンライズ】八宮めぐる03
八宮めぐる/【わがままサンライズ】八宮めぐる/【わがままサンライズ】八宮めぐる03.csv,11,3003022030060,真乃,ありがとうございます……っ,八宮めぐる,【わがままサンライズ】八宮めぐる,【わがままサンライズ】八宮めぐる03
八宮めぐる/【わがままサンライズ】八宮めぐる/【わがままサンライズ】八宮めぐる03.csv,12,3003022030070,真乃,ハッピーバレンタイン……っ,八宮めぐる,【わがままサンライズ】八宮めぐる,【わがままサンライズ】八宮めぐる03
八宮めぐる/【わがままサンライズ】八宮めぐる/【わがままサンライズ】八宮めぐる03.csv,30,3003022030151,真乃＆灯織,ほわ……っ,八宮めぐる,【わがままサンライズ】八宮めぐる,【わがままサンライズ】八宮めぐる03
八宮めぐる/【わがままサンライズ】八宮めぐる/【わがままサンライズ】八宮めぐる03.csv,33,3003022030180,真乃,"うん……っ
これも、めぐるちゃんらしいな、って……",八宮めぐる,【わがままサンライズ】八宮めぐる,【わがままサンライズ】八宮めぐる03
八宮めぐる/【アイムカミングスーン】八宮めぐる/次の春を星たちと待つ.csv,2,4001009080540,真乃,……春が来るんだね,八宮めぐる,【アイムカミングスーン】八宮めぐる,次の春を星たちと待つ
八宮めぐる/【アイムカミングスーン】八宮めぐる/次の春を星たちと待つ.csv,5,4001009080570,真乃,"……ふふっ
灯織ちゃん、めぐるちゃん",八宮めぐる,【アイムカミングスーン】八宮めぐる,次の春を星たちと待つ
八宮めぐる/【アイムカミングスーン】八宮めぐる/次の春を星たちと待つ.csv,6,4001009080580,真乃,"あの……
隣にいてくれて、ありがとう",八宮めぐる,【アイムカミングスーン】八宮めぐる,次の春を星たちと待つ
八宮めぐる/【アイムカミングスーン】八宮めぐる/次の春を星たちと待つ.csv,11,4001009080630,真乃,……うんっ,八宮めぐる,【アイムカミングスーン】八宮めぐる,次の春を星たちと待つ
八宮めぐる/【アイムカミングスーン】八宮めぐる/次の春を星たちと待つ.csv,12,4001009080640,真乃,私も、ふたりの隣で、頑張るね,八宮めぐる,【アイムカミングスーン】八宮めぐる,次の春を星たちと待つ
八宮めぐる/【アイムカミングスーン】八宮めぐる/次の春を星たちと待つ.csv,20,3003008020080,真乃,え──,八宮めぐる,【アイムカミングスーン】八宮めぐる,次の春を星たちと待つ
八宮めぐる/【アイムカミングスーン】八宮めぐる/次の春を星たちと待つ.csv,23,3003008020110,真乃,"──ふぅ……ふぅ……
め、めぐるちゃん……あの鳥さんは……──",八宮めぐる,【アイムカミングスーン】八宮めぐる,次の春を星たちと待つ
八宮めぐる/【アイムカミングスーン】八宮めぐる/次の春を星たちと待つ.csv,26,3003008020140,真乃,"ひ、灯織ちゃん……
正解っ……",八宮めぐる,【アイムカミングスーン】八宮めぐる,次の春を星たちと待つ
八宮めぐる/【アイムカミングスーン】八宮めぐる/次の春を星たちと待つ.csv,31,3003008020190,真乃,"ふふっ……
うん、多分……",八宮めぐる,【アイムカミングスーン】八宮めぐる,次の春を星たちと待つ
八宮めぐる/【アイムカミングスーン】八宮めぐる/次の春を星たちと待つ.csv,35,3003008020221,真乃＆灯織,ふふっ,八宮めぐる,【アイムカミングスーン】八宮めぐる,次の春を星たちと待つ
八宮めぐる/【アイムカミングスーン】八宮めぐる/次の春を星たちと待つ.csv,37,3003008020240,真乃,……,八宮めぐる,【アイムカミングスーン】八宮めぐる,次の春を星たちと待つ
八宮めぐる/【アイムカミングスーン】八宮めぐる/次の春を星たちと待つ.csv,38,3003008020250,真乃,"コガモさんたちは──
きっと、もう帰っちゃったんだね",八宮めぐる,【アイムカミングスーン】八宮めぐる,次の春を星たちと待つ
八宮めぐる/【アイムカミングスーン】八宮めぐる/次の春を星たちと待つ.csv,40,3003008020270,真乃,うん。……みんな上手に飛べてたから,八宮めぐる,【アイムカミングスーン】八宮めぐる,次の春を星たちと待つ
八宮めぐる/【アイムカミングスーン】八宮めぐる/次の春を星たちと待つ.csv,45,3003008020320,真乃,ふふ,八宮めぐる,【アイムカミングスーン】八宮めぐる,次の春を星たちと待つ
八宮めぐる/【アイムカミングスーン】八宮めぐる/次の春を星たちと待つ.csv,46,3003008020330,真乃,"春になったら、お花とか、動物とか
新しい生き物もいっぱい増えるんだ",八宮めぐる,【アイムカミングスーン】八宮めぐる,次の春を星たちと待つ
八宮めぐる/【アイムカミングスーン】八宮めぐる/次の春を星たちと待つ.csv,47,3003008020340,真乃,きっと、ここも……,八宮めぐる,【アイムカミングスーン】八宮めぐる,次の春を星たちと待つ
八宮めぐる/【アイムカミングスーン】八宮めぐる/次の春を星たちと待つ.csv,52,3003008020381,真乃＆灯織,……,八宮めぐる,【アイムカミングスーン】八宮めぐる,次の春を星たちと待つ
八宮めぐる/【アイムカミングスーン】八宮めぐる/次の春を星たちと待つ.csv,53,3003008020382,真乃＆灯織,うんっ,八宮めぐる,【アイムカミングスーン】八宮めぐる,次の春を星たちと待つ
八宮めぐる/【アイムカミングスーン】八宮めぐる/次の春を星たちと待つ.csv,63,3003008020471,真乃,"『春になったら、お花とか、動物とか
新しい生き物もいっぱい増えるんだ』",八宮めぐる,【アイムカミングスーン】八宮めぐる,次の春を星たちと待つ
八宮めぐる/【アップ・トゥ・ユー】八宮めぐる/#11日発売 #見てね.csv,9,3003012020080,真乃,"『私も着くのそのくらいになっちゃいそう
ごめんね』",八宮めぐる,【アップ・トゥ・ユー】八宮めぐる,#11日発売 #見てね
八宮めぐる/【アップ・トゥ・ユー】八宮めぐる/#11日発売 #見てね.csv,11,3003012020100,真乃,"『ありがとう＾＾
気を付けて向かうね』",八宮めぐる,【アップ・トゥ・ユー】八宮めぐる,#11日発売 #見てね
八宮めぐる/【アップ・トゥ・ユー】八宮めぐる/#11日発売 #見てね.csv,29,3003012020280,真乃,"『すごいね
私も早く見たいな』",八宮めぐる,【アップ・トゥ・ユー】八宮めぐる,#11日発売 #見てね
八宮めぐる/【アップ・トゥ・ユー】八宮めぐる/#11日発売 #見てね.csv,30,3003012020290,真乃,『着いたから早歩きで行くね』,八宮めぐる,【アップ・トゥ・ユー】八宮めぐる,#11日発売 #見てね
八宮めぐる/【アップ・トゥ・ユー】八宮めぐる/#11日発売 #見てね.csv,33,3003012020320,真乃,"めぐるちゃんっ
お待たせ……っ",八宮めぐる,【アップ・トゥ・ユー】八宮めぐる,#11日発売 #見てね
八宮めぐる/【アップ・トゥ・ユー】八宮めぐる/#11日発売 #見てね.csv,42,3003012020410,真乃,めぐるちゃん……ありがとう,八宮めぐる,【アップ・トゥ・ユー】八宮めぐる,#11日発売 #見てね
八宮めぐる/【アップ・トゥ・ユー】八宮めぐる/#11日発売 #見てね.csv,46,3003012020450,真乃,ほわぁ、うんっ,八宮めぐる,【アップ・トゥ・ユー】八宮めぐる,#11日発売 #見てね
八宮めぐる/【アップ・トゥ・ユー】八宮めぐる/#11日発売 #見てね.csv,48,3003012020470,真乃,そ、そうだね……っ,八宮めぐる,【アップ・トゥ・ユー】八宮めぐる,#11日発売 #見てね
八宮めぐる/【アップ・トゥ・ユー】八宮めぐる/#11日発売 #見てね.csv,49,3003012020480,真乃,１枚撮ってあとで共有、とかでもいいかな……？,八宮めぐる,【アップ・トゥ・ユー】八宮めぐる,#11日発売 #見てね
八宮めぐる/【アップ・トゥ・ユー】八宮めぐる/かっこいい #とは.csv,4,3003012030030,真乃,…………,八宮めぐる,【アップ・トゥ・ユー】八宮めぐる,かっこいい #とは
八宮めぐる/【アップ・トゥ・ユー】八宮めぐる/かっこいい #とは.csv,6,3003012030050,真乃,えっと……,八宮めぐる,【アップ・トゥ・ユー】八宮めぐる,かっこいい #とは
八宮めぐる/【アップ・トゥ・ユー】八宮めぐる/かっこいい #とは.csv,7,3003012030060,真乃,"『広告になってたね！　見に行ったし雑誌も買ったよ！
みんなかわいかった～！』",八宮めぐる,【アップ・トゥ・ユー】八宮めぐる,かっこいい #とは
八宮めぐる/【アップ・トゥ・ユー】八宮めぐる/かっこいい #とは.csv,10,3003012030090,真乃,そ、そうだね……,八宮めぐる,【アップ・トゥ・ユー】八宮めぐる,かっこいい #とは
八宮めぐる/【アップ・トゥ・ユー】八宮めぐる/かっこいい #とは.csv,13,3003012030111,真乃＆めぐる,……？,八宮めぐる,【アップ・トゥ・ユー】八宮めぐる,かっこいい #とは
八宮めぐる/【アップ・トゥ・ユー】八宮めぐる/かっこいい #とは.csv,17,3003012030150,真乃,わ、本当だ……っ,八宮めぐる,【アップ・トゥ・ユー】八宮めぐる,かっこいい #とは
八宮めぐる/【アップ・トゥ・ユー】八宮めぐる/かっこいい #とは.csv,20,3003012030180,真乃,うん、そうみたい,八宮めぐる,【アップ・トゥ・ユー】八宮めぐる,かっこいい #とは
八宮めぐる/【アップ・トゥ・ユー】八宮めぐる/かっこいい #とは.csv,25,3003012030230,真乃,ほわ……,八宮めぐる,【アップ・トゥ・ユー】八宮めぐる,かっこいい #とは
八宮めぐる/【アップ・トゥ・ユー】八宮めぐる/かっこいい #とは.csv,27,3003012030250,真乃,"あ……えっと……
『かっこいい』って言ってくれてるファンレターもあるけど",八宮めぐる,【アップ・トゥ・ユー】八宮めぐる,かっこいい #とは
八宮めぐる/【アップ・トゥ・ユー】八宮めぐる/かっこいい #とは.csv,28,3003012030260,真乃,"やっぱり
『可愛い』って意見の方が多いなって……",八宮めぐる,【アップ・トゥ・ユー】八宮めぐる,かっこいい #とは
八宮めぐる/【アップ・トゥ・ユー】八宮めぐる/かっこいい #とは.csv,32,3003012030300,真乃,"うんっ。それなら雑誌を見ながらの方がいいかな
確か、見本で送ってもらってたのがあったかも……っ",八宮めぐる,【アップ・トゥ・ユー】八宮めぐる,かっこいい #とは
八宮めぐる/【アップ・トゥ・ユー】八宮めぐる/かっこいい #とは.csv,35,3003012030330,真乃,ありがとう灯織ちゃん,八宮めぐる,【アップ・トゥ・ユー】八宮めぐる,かっこいい #とは
八宮めぐる/【アップ・トゥ・ユー】八宮めぐる/かっこいい #とは.csv,36,3003012030340,真乃,私、見本誌取ってくるねっ,八宮めぐる,【アップ・トゥ・ユー】八宮めぐる,かっこいい #とは
八宮めぐる/【アップ・トゥ・ユー】八宮めぐる/かっこいい #とは.csv,41,3003012030380,真乃,"『主観の話だから、
これっていうのは難しいねって３人でお話しました』",八宮めぐる,【アップ・トゥ・ユー】八宮めぐる,かっこいい #とは
八宮めぐる/【アップ・トゥ・ユー】八宮めぐる/かっこいい #とは.csv,42,3003012030390,真乃,"『そしたら、
めぐるちゃんが研究しようって言ってくれたんです』",八宮めぐる,【アップ・トゥ・ユー】八宮めぐる,かっこいい #とは
八宮めぐる/【アップ・トゥ・ユー】八宮めぐる/かっこいい #とは.csv,47,3003012030440,真乃,『そうだねっ』,八宮めぐる,【アップ・トゥ・ユー】八宮めぐる,かっこいい #とは
八宮めぐる/【アップ・トゥ・ユー】八宮めぐる/かっこいい #とは.csv,52,3003012030480,真乃,"『一番最近の集まりが討論会だったんですけれど……
結構脱線しちゃいました』",八宮めぐる,【アップ・トゥ・ユー】八宮めぐる,かっこいい #とは
八宮めぐる/【アップ・トゥ・ユー】八宮めぐる/かっこいい #とは.csv,57,3003012030530,真乃,"ほわ……
いつもの私たち……",八宮めぐる,【アップ・トゥ・ユー】八宮めぐる,かっこいい #とは
八宮めぐる/【アップ・トゥ・ユー】八宮めぐる/かっこいい どんな感じ [検索].csv,4,3003012010030,真乃,…………,八宮めぐる,【アップ・トゥ・ユー】八宮めぐる,かっこいい どんな感じ [検索]
八宮めぐる/【アップ・トゥ・ユー】八宮めぐる/かっこいい どんな感じ [検索].csv,8,3003012010050,真乃,……あんまり考えたことなかったから,八宮めぐる,【アップ・トゥ・ユー】八宮めぐる,かっこいい どんな感じ [検索]
八宮めぐる/【アップ・トゥ・ユー】八宮めぐる/かっこいい どんな感じ [検索].csv,9,3003012010060,真乃,"……どんなふうにしたらいいのかなって
少し悩んじゃうね……",八宮めぐる,【アップ・トゥ・ユー】八宮めぐる,かっこいい どんな感じ [検索]
八宮めぐる/【アップ・トゥ・ユー】八宮めぐる/かっこいい どんな感じ [検索].csv,11,3003012010071,真乃＆めぐる,？,八宮めぐる,【アップ・トゥ・ユー】八宮めぐる,かっこいい どんな感じ [検索]
八宮めぐる/【アップ・トゥ・ユー】八宮めぐる/かっこいい どんな感じ [検索].csv,17,3003012010130,真乃,うん……っ,八宮めぐる,【アップ・トゥ・ユー】八宮めぐる,かっこいい どんな感じ [検索]
八宮めぐる/【アップ・トゥ・ユー】八宮めぐる/かっこいい どんな感じ [検索].csv,23,3003012010190,真乃,"……『これだ』っていうふうに言葉にするの
なんだか難しいなって……",八宮めぐる,【アップ・トゥ・ユー】八宮めぐる,かっこいい どんな感じ [検索]
八宮めぐる/【アップ・トゥ・ユー】八宮めぐる/かっこいい どんな感じ [検索].csv,27,3003012010230,真乃,……あっ,八宮めぐる,【アップ・トゥ・ユー】八宮めぐる,かっこいい どんな感じ [検索]
八宮めぐる/【アップ・トゥ・ユー】八宮めぐる/かっこいい どんな感じ [検索].csv,28,3003012010240,真乃,駅、着いちゃうね……,八宮めぐる,【アップ・トゥ・ユー】八宮めぐる,かっこいい どんな感じ [検索]
八宮めぐる/【アップ・トゥ・ユー】八宮めぐる/かっこいい どんな感じ [検索].csv,32,3003012010280,真乃,ううん、ないよっ,八宮めぐる,【アップ・トゥ・ユー】八宮めぐる,かっこいい どんな感じ [検索]
八宮めぐる/【アップ・トゥ・ユー】八宮めぐる/かっこいい どんな感じ [検索].csv,38,3003012010340,真乃,"ほわ……い、いいのかな
お邪魔になっちゃったりとか……",八宮めぐる,【アップ・トゥ・ユー】八宮めぐる,かっこいい どんな感じ [検索]
八宮めぐる/【アップ・トゥ・ユー】八宮めぐる/かっこいい どんな感じ [検索].csv,42,3003012010371,真乃＆灯織,……,八宮めぐる,【アップ・トゥ・ユー】八宮めぐる,かっこいい どんな感じ [検索]
八宮めぐる/【アップ・トゥ・ユー】八宮めぐる/かっこいい どんな感じ [検索].csv,43,3003012010380,真乃,……よろしくお願いします……っ,八宮めぐる,【アップ・トゥ・ユー】八宮めぐる,かっこいい どんな感じ [検索]
八宮めぐる/【アップ・トゥ・ユー】八宮めぐる/かっこいい どんな感じ [検索].csv,46,3003012010410,真乃,"……ふふっ
どっちだったとしても、うれしいな……っ",八宮めぐる,【アップ・トゥ・ユー】八宮めぐる,かっこいい どんな感じ [検索]
八宮めぐる/【アップ・トゥ・ユー】八宮めぐる/かっこいい どんな感じ [検索].csv,49,3003012010440,真乃,今行くねっ,八宮めぐる,【アップ・トゥ・ユー】八宮めぐる,かっこいい どんな感じ [検索]
八宮めぐる/【アップ・トゥ・ユー】八宮めぐる/かっこいい どんな感じ [検索].csv,50,3003012010450,真乃,灯織ちゃん、行こうっ,八宮めぐる,【アップ・トゥ・ユー】八宮めぐる,かっこいい どんな感じ [検索]
八宮めぐる/【アップ・トゥ・ユー】八宮めぐる/かっこいい どんな感じ [検索].csv,54,3003012010490,真乃,うんっ,八宮めぐる,【アップ・トゥ・ユー】八宮めぐる,かっこいい どんな感じ [検索]
八宮めぐる/【オールウェイズ 】八宮めぐる/１＋１＝灯織.csv,2,3003017010001,真乃＆めぐる,ふふっ,八宮めぐる,【オールウェイズ 】八宮めぐる,１＋１＝灯織
八宮めぐる/【オールウェイズ 】八宮めぐる/１＋１＝灯織.csv,4,3003017010020,真乃,うん……っ,八宮めぐる,【オールウェイズ 】八宮めぐる,１＋１＝灯織
八宮めぐる/【オールウェイズ 】八宮めぐる/１＋１＝灯織.csv,5,3003017010030,真乃,"プロデューサーさんがいなかったら
入るのもドキドキしちゃってたかも……っ",八宮めぐる,【オールウェイズ 】八宮めぐる,１＋１＝灯織
八宮めぐる/【オールウェイズ 】八宮めぐる/１＋１＝灯織.csv,8,3003017010060,真乃,ね……っ,八宮めぐる,【オールウェイズ 】八宮めぐる,１＋１＝灯織
八宮めぐる/【オールウェイズ 】八宮めぐる/１＋１＝灯織.csv,10,3003017010080,真乃,"うん……っ
綺麗だし、灯織ちゃんにも見てもらいたい",八宮めぐる,【オールウェイズ 】八宮めぐる,１＋１＝灯織
八宮めぐる/【オールウェイズ 】八宮めぐる/１＋１＝灯織.csv,11,3003017010090,真乃,いいと思うな……っ,八宮めぐる,【オールウェイズ 】八宮めぐる,１＋１＝灯織
八宮めぐる/【オールウェイズ 】八宮めぐる/１＋１＝灯織.csv,17,3003017010150,真乃,うんっ,八宮めぐる,【オールウェイズ 】八宮めぐる,１＋１＝灯織
八宮めぐる/【オールウェイズ 】八宮めぐる/１＋１＝灯織.csv,20,3003017010180,真乃,お話、たくさんできそうだね……っ,八宮めぐる,【オールウェイズ 】八宮めぐる,１＋１＝灯織
八宮めぐる/【オールウェイズ 】八宮めぐる/１＋１＝灯織.csv,24,3003017010220,真乃,"うん、行こう……っ
どんなところなんだろうね……",八宮めぐる,【オールウェイズ 】八宮めぐる,１＋１＝灯織
八宮めぐる/【オールウェイズ 】八宮めぐる/１＋１＝灯織.csv,27,3003017010241,真乃＆めぐる,……！,八宮めぐる,【オールウェイズ 】八宮めぐる,１＋１＝灯織
八宮めぐる/【オールウェイズ 】八宮めぐる/１＋１＝灯織.csv,28,3003017010242,真乃＆めぐる,……っ,八宮めぐる,【オールウェイズ 】八宮めぐる,１＋１＝灯織
八宮めぐる/【オールウェイズ 】八宮めぐる/１＋１＝灯織.csv,29,3003017010250,真乃,あそこ……かな……？,八宮めぐる,【オールウェイズ 】八宮めぐる,１＋１＝灯織
八宮めぐる/【オールウェイズ 】八宮めぐる/１＋１＝灯織.csv,31,3003017010270,真乃,う、うん……っ,八宮めぐる,【オールウェイズ 】八宮めぐる,１＋１＝灯織
八宮めぐる/【オールウェイズ 】八宮めぐる/１＋１＝灯織.csv,32,3003017010271,真乃＆めぐる,……,八宮めぐる,【オールウェイズ 】八宮めぐる,１＋１＝灯織
八宮めぐる/【オールウェイズ 】八宮めぐる/１＋１＝灯織.csv,34,3003017010290,真乃,た、多分……っ,八宮めぐる,【オールウェイズ 】八宮めぐる,１＋１＝灯織
八宮めぐる/【オールウェイズ 】八宮めぐる/１＋１＝灯織.csv,35,3003017010300,真乃,"……でも
本当に自由に使っていいのか、自信なくなっちゃう……",八宮めぐる,【オールウェイズ 】八宮めぐる,１＋１＝灯織
八宮めぐる/【オールウェイズ 】八宮めぐる/１＋１＝灯織.csv,39,3003017010340,真乃,うん……っ,八宮めぐる,【オールウェイズ 】八宮めぐる,１＋１＝灯織
八宮めぐる/【オールウェイズ 】八宮めぐる/１＋１＝灯織.csv,40,3003017010341,真乃＆めぐる,……,八宮めぐる,【オールウェイズ 】八宮めぐる,１＋１＝灯織
八宮めぐる/【オールウェイズ 】八宮めぐる/１＋１＝灯織.csv,42,3003017010360,真乃,……い、行こう……っ,八宮めぐる,【オールウェイズ 】八宮めぐる,１＋１＝灯織
八宮めぐる/【オールウェイズ 】八宮めぐる/１＋１＝灯織.csv,43,3003017010361,真乃＆めぐる,……っ,八宮めぐる,【オールウェイズ 】八宮めぐる,１＋１＝灯織
八宮めぐる/【オールウェイズ 】八宮めぐる/１＋１＝灯織.csv,45,3003017010380,真乃,お、お邪魔します……っ,八宮めぐる,【オールウェイズ 】八宮めぐる,１＋１＝灯織
八宮めぐる/【オールウェイズ 】八宮めぐる/１＋１＝灯織.csv,46,3003017010381,真乃＆めぐる,……──！,八宮めぐる,【オールウェイズ 】八宮めぐる,１＋１＝灯織
八宮めぐる/【オールウェイズ 】八宮めぐる/１＋１＝灯織.csv,48,3003017010400,真乃,す、すごいね……っ,八宮めぐる,【オールウェイズ 】八宮めぐる,１＋１＝灯織
八宮めぐる/【オールウェイズ 】八宮めぐる/１＋１＝灯織.csv,51,3003017010430,真乃,"……めぐるちゃん……っ
こっちにジュースとかお菓子とかあるよ……っ",八宮めぐる,【オールウェイズ 】八宮めぐる,１＋１＝灯織
八宮めぐる/【オールウェイズ 】八宮めぐる/１＋１＝灯織.csv,52,3003017010440,真乃,"その……
ぶどうジュースも",八宮めぐる,【オールウェイズ 】八宮めぐる,１＋１＝灯織
八宮めぐる/【オールウェイズ 】八宮めぐる/１＋１＝灯織.csv,56,3003017010480,真乃,"う、うん……っ
大丈夫だと……──",八宮めぐる,【オールウェイズ 】八宮めぐる,１＋１＝灯織
八宮めぐる/【オールウェイズ 】八宮めぐる/１＋１＝灯織.csv,57,3003017010481,真乃＆めぐる,……,八宮めぐる,【オールウェイズ 】八宮めぐる,１＋１＝灯織
八宮めぐる/【オールウェイズ 】八宮めぐる/１＋１＝灯織.csv,58,3003017010482,真乃＆めぐる,……──あははっ,八宮めぐる,【オールウェイズ 】八宮めぐる,１＋１＝灯織
八宮めぐる/【オールウェイズ 】八宮めぐる/１＋１＝灯織.csv,60,3003017010500,真乃,"ふふ
灯織ちゃんがいたら心強いね",八宮めぐる,【オールウェイズ 】八宮めぐる,１＋１＝灯織
八宮めぐる/【オールウェイズ 】八宮めぐる/１＋１＝灯織.csv,61,3003017010510,真乃,"──……あ
ホテルのサイト、見てみたりとか……",八宮めぐる,【オールウェイズ 】八宮めぐる,１＋１＝灯織
八宮めぐる/【オールウェイズ 】八宮めぐる/１＋１＝灯織.csv,63,3003017010530,真乃,ラウンジのことが書いてないか、探してみるの,八宮めぐる,【オールウェイズ 】八宮めぐる,１＋１＝灯織
八宮めぐる/【オールウェイズ 】八宮めぐる/１＋１＝灯織.csv,65,3003017010550,真乃,待ってね……っ,八宮めぐる,【オールウェイズ 】八宮めぐる,１＋１＝灯織
八宮めぐる/【オールウェイズ 】八宮めぐる/１＋１＝灯織.csv,66,3003017010551,真乃＆めぐる,……,八宮めぐる,【オールウェイズ 】八宮めぐる,１＋１＝灯織
八宮めぐる/【オールウェイズ 】八宮めぐる/１＋１＝灯織.csv,67,3003017010560,真乃,──あ,八宮めぐる,【オールウェイズ 】八宮めぐる,１＋１＝灯織
八宮めぐる/【オールウェイズ 】八宮めぐる/１＋１＝灯織.csv,68,3003017010570,真乃,ご、『ご宿泊のお客様は無料でご利用いただけます』,八宮めぐる,【オールウェイズ 】八宮めぐる,１＋１＝灯織
八宮めぐる/【オールウェイズ 】八宮めぐる/１＋１＝灯織.csv,70,3003017010581,真乃＆めぐる,……っ,八宮めぐる,【オールウェイズ 】八宮めぐる,１＋１＝灯織
八宮めぐる/【オールウェイズ 】八宮めぐる/１＋１＝灯織.csv,72,3003017010600,真乃,セレブごっこで撮る？,八宮めぐる,【オールウェイズ 】八宮めぐる,１＋１＝灯織
八宮めぐる/【オールウェイズ 】八宮めぐる/１＋１＝灯織.csv,76,3003017010640,真乃,ふふ、うんっ,八宮めぐる,【オールウェイズ 】八宮めぐる,１＋１＝灯織
八宮めぐる/【オールウェイズ 】八宮めぐる/３＝イルミネ.csv,14,3003017030080,真乃,だ、大丈夫だよ……っ,八宮めぐる,【オールウェイズ 】八宮めぐる,３＝イルミネ
八宮めぐる/【オールウェイズ 】八宮めぐる/３＝イルミネ.csv,19,3003017030130,真乃,"クッションよし、ぬいぐるみよし、
小物もよし──",八宮めぐる,【オールウェイズ 】八宮めぐる,３＝イルミネ
八宮めぐる/【オールウェイズ 】八宮めぐる/３＝イルミネ.csv,22,3003017030151,真乃＆灯織,……っ,八宮めぐる,【オールウェイズ 】八宮めぐる,３＝イルミネ
八宮めぐる/【オールウェイズ 】八宮めぐる/３＝イルミネ.csv,29,3003017030210,真乃,ほわ、ふふ……っ,八宮めぐる,【オールウェイズ 】八宮めぐる,３＝イルミネ
八宮めぐる/【オールウェイズ 】八宮めぐる/３＝イルミネ.csv,33,3003017030250,真乃,みんな、ぎこちないね……っ,八宮めぐる,【オールウェイズ 】八宮めぐる,３＝イルミネ
八宮めぐる/【オールウェイズ 】八宮めぐる/３＝イルミネ.csv,42,3003017030330,真乃,こんなにリラックスしてるのにね……っ,八宮めぐる,【オールウェイズ 】八宮めぐる,３＝イルミネ
八宮めぐる/【オールウェイズ 】八宮めぐる/３＝イルミネ.csv,43,3003017030340,真乃,"お仕事と、今と……
写真、あべこべになっちゃった",八宮めぐる,【オールウェイズ 】八宮めぐる,３＝イルミネ
八宮めぐる/【オールウェイズ 】八宮めぐる/３＝イルミネ.csv,49,3003017030400,真乃,ふふ、門外不出だね,八宮めぐる,【オールウェイズ 】八宮めぐる,３＝イルミネ
八宮めぐる/【オールウェイズ 】八宮めぐる/３＝イルミネ.csv,54,3003017030441,真乃＆灯織,うん、ありがとう,八宮めぐる,【オールウェイズ 】八宮めぐる,３＝イルミネ
八宮めぐる/【オールウェイズ 】八宮めぐる/３＝イルミネ.csv,56,3003017030460,真乃,こちらも大丈夫ですっ,八宮めぐる,【オールウェイズ 】八宮めぐる,３＝イルミネ
八宮めぐる/【オールウェイズ 】八宮めぐる/３＝イルミネ.csv,60,3003017030490,真乃,"みんなも知ってる、
自然なイルミネーションスターズ？",八宮めぐる,【オールウェイズ 】八宮めぐる,３＝イルミネ
八宮めぐる/【キャプテン★パンプキン】八宮めぐる/Hallowed world.csv,4,3003006030030,真乃,めぐるちゃん、やっぱり速いねっ……,八宮めぐる,【キャプテン★パンプキン】八宮めぐる,Hallowed world
八宮めぐる/【キャプテン★パンプキン】八宮めぐる/Hallowed world.csv,9,3003006030080,真乃,灯織ちゃんのペンダント、綺麗だねぇ,八宮めぐる,【キャプテン★パンプキン】八宮めぐる,Hallowed world
八宮めぐる/【キャプテン★パンプキン】八宮めぐる/Hallowed world.csv,12,3003006030110,真乃,？,八宮めぐる,【キャプテン★パンプキン】八宮めぐる,Hallowed world
八宮めぐる/【キャプテン★パンプキン】八宮めぐる/Hallowed world.csv,15,3003006030120,真乃,──なんだか、おばけビーンズみたいだったね,八宮めぐる,【キャプテン★パンプキン】八宮めぐる,Hallowed world
八宮めぐる/【キャプテン★パンプキン】八宮めぐる/Hallowed world.csv,18,3003006030150,真乃,"うん、一緒にいるほど、
ほわぁって気持ちになれる人だったなって……",八宮めぐる,【キャプテン★パンプキン】八宮めぐる,Hallowed world
八宮めぐる/【キャプテン★パンプキン】八宮めぐる/Hallowed world.csv,20,3003006030170,真乃,"だってとっても美味しかったから
めぐるちゃんのおばけビーンズ……",八宮めぐる,【キャプテン★パンプキン】八宮めぐる,Hallowed world
八宮めぐる/【キャプテン★パンプキン】八宮めぐる/Hallowed world.csv,22,3003006030190,真乃,"ほわっ！？
そ、そんな……もらってはないよっ……",八宮めぐる,【キャプテン★パンプキン】八宮めぐる,Hallowed world
八宮めぐる/【キャプテン★パンプキン】八宮めぐる/Hallowed world.csv,24,3003006030210,真乃,め、めぐるちゃんっ……,八宮めぐる,【キャプテン★パンプキン】八宮めぐる,Hallowed world
八宮めぐる/【キャプテン★パンプキン】八宮めぐる/Hallowed world.csv,25,3003006030220,真乃,"プロデューサーさんは……
目を覚ましたら元の世界に帰るんだもん",八宮めぐる,【キャプテン★パンプキン】八宮めぐる,Hallowed world
八宮めぐる/【キャプテン★パンプキン】八宮めぐる/Hallowed world.csv,26,3003006030230,真乃,──ちゃんとお見送りしなくちゃ,八宮めぐる,【キャプテン★パンプキン】八宮めぐる,Hallowed world
八宮めぐる/【キャプテン★パンプキン】八宮めぐる/Hallowed world.csv,39,3003006030360,真乃,"うん……少しだけしかいられなかったけど
ずっと一緒にいたみたいな……",八宮めぐる,【キャプテン★パンプキン】八宮めぐる,Hallowed world
八宮めぐる/【キャプテン★パンプキン】八宮めぐる/Hallowed world.csv,44,3003006030410,真乃,えっ？　あ、うん……えっと……,八宮めぐる,【キャプテン★パンプキン】八宮めぐる,Hallowed world
八宮めぐる/【キャプテン★パンプキン】八宮めぐる/Hallowed world.csv,51,3003006030480,真乃,"ふふっ、帰ったらすぐにごはんだね
みんなでごはん、とっても久しぶり……",八宮めぐる,【キャプテン★パンプキン】八宮めぐる,Hallowed world
八宮めぐる/【キャプテン★パンプキン】八宮めぐる/Hallowed world.csv,58,3003006030550,真乃,"──あ……
ねえ、灯織ちゃん、めぐるちゃん",八宮めぐる,【キャプテン★パンプキン】八宮めぐる,Hallowed world
八宮めぐる/【キャプテン★パンプキン】八宮めぐる/Hallowed world.csv,59,3003006030560,真乃,"プロデューサーさん……
……目を覚ましそう……！",八宮めぐる,【キャプテン★パンプキン】八宮めぐる,Hallowed world
"八宮めぐる/【キャプテン★パンプキン】八宮めぐる/Whisper, Whisper.csv",4,3003006010030,真乃,"めぐるちゃん……今大丈夫かな？
ちょっと相談したいことがあって……",八宮めぐる,【キャプテン★パンプキン】八宮めぐる,"Whisper, Whisper"
"八宮めぐる/【キャプテン★パンプキン】八宮めぐる/Whisper, Whisper.csv",6,3003006010050,真乃,えっと、あの……あのねっ,八宮めぐる,【キャプテン★パンプキン】八宮めぐる,"Whisper, Whisper"
"八宮めぐる/【キャプテン★パンプキン】八宮めぐる/Whisper, Whisper.csv",7,3003006010060,真乃,"私、下の階にいたんだけど、
お腹が……減っちゃって……",八宮めぐる,【キャプテン★パンプキン】八宮めぐる,"Whisper, Whisper"
"八宮めぐる/【キャプテン★パンプキン】八宮めぐる/Whisper, Whisper.csv",10,3003006010090,真乃,"ほわっ！　すごいね、めぐるちゃん
いっぱいもぐもぐできるなんて幸せだねっ……！",八宮めぐる,【キャプテン★パンプキン】八宮めぐる,"Whisper, Whisper"
"八宮めぐる/【キャプテン★パンプキン】八宮めぐる/Whisper, Whisper.csv",12,3003006010110,真乃,ほわぁ……！,八宮めぐる,【キャプテン★パンプキン】八宮めぐる,"Whisper, Whisper"
"八宮めぐる/【キャプテン★パンプキン】八宮めぐる/Whisper, Whisper.csv",13,3003006010120,真乃,"あっ……
そ、そうじゃなくてお腹は大丈夫なの……",八宮めぐる,【キャプテン★パンプキン】八宮めぐる,"Whisper, Whisper"
"八宮めぐる/【キャプテン★パンプキン】八宮めぐる/Whisper, Whisper.csv",14,3003006010130,真乃,"お菓子をもらったから……
……人間さんに……",八宮めぐる,【キャプテン★パンプキン】八宮めぐる,"Whisper, Whisper"
"八宮めぐる/【キャプテン★パンプキン】八宮めぐる/Whisper, Whisper.csv",17,3003006010160,真乃,うん、この部屋の外で待っててもらってる……,八宮めぐる,【キャプテン★パンプキン】八宮めぐる,"Whisper, Whisper"
"八宮めぐる/【キャプテン★パンプキン】八宮めぐる/Whisper, Whisper.csv",18,3003006010170,真乃,……,八宮めぐる,【キャプテン★パンプキン】八宮めぐる,"Whisper, Whisper"
"八宮めぐる/【キャプテン★パンプキン】八宮めぐる/Whisper, Whisper.csv",19,3003006010180,真乃,めぐるちゃん……,八宮めぐる,【キャプテン★パンプキン】八宮めぐる,"Whisper, Whisper"
"八宮めぐる/【キャプテン★パンプキン】八宮めぐる/Whisper, Whisper.csv",21,3003006010200,真乃,"あのね、何言ってるの……って、
思うかもしれないけど……",八宮めぐる,【キャプテン★パンプキン】八宮めぐる,"Whisper, Whisper"
"八宮めぐる/【キャプテン★パンプキン】八宮めぐる/Whisper, Whisper.csv",22,3003006010210,真乃,"私、この人間さんが
灯織ちゃんを救ってくれるような気がしてるの",八宮めぐる,【キャプテン★パンプキン】八宮めぐる,"Whisper, Whisper"
"八宮めぐる/【キャプテン★パンプキン】八宮めぐる/Whisper, Whisper.csv",23,3003006010220,真乃,"でも、やっぱり心配になってきて……
どうしよう、灯織ちゃんに会わせても大丈夫かなって……",八宮めぐる,【キャプテン★パンプキン】八宮めぐる,"Whisper, Whisper"
"八宮めぐる/【キャプテン★パンプキン】八宮めぐる/Whisper, Whisper.csv",26,3003006010250,真乃,"うん……
き、気をつけてね……！",八宮めぐる,【キャプテン★パンプキン】八宮めぐる,"Whisper, Whisper"
"八宮めぐる/【キャプテン★パンプキン】八宮めぐる/Whisper, Whisper.csv",32,3003006010310,真乃,！　めぐるちゃん、どうして……！,八宮めぐる,【キャプテン★パンプキン】八宮めぐる,"Whisper, Whisper"
"八宮めぐる/【キャプテン★パンプキン】八宮めぐる/Whisper, Whisper.csv",35,3003006010340,真乃,じゃあ、本当に……予言の旅人さん……,八宮めぐる,【キャプテン★パンプキン】八宮めぐる,"Whisper, Whisper"
"八宮めぐる/【キャプテン★パンプキン】八宮めぐる/Whisper, Whisper.csv",37,3003006010360,真乃,そう！,八宮めぐる,【キャプテン★パンプキン】八宮めぐる,"Whisper, Whisper"
"八宮めぐる/【キャプテン★パンプキン】八宮めぐる/Whisper, Whisper.csv",40,3003006010390,真乃,"ほわぁ、私も緊張してる……
か、髪とか変になってないかな？",八宮めぐる,【キャプテン★パンプキン】八宮めぐる,"Whisper, Whisper"
"八宮めぐる/【キャプテン★パンプキン】八宮めぐる/Whisper, Whisper.csv",42,3003006010410,真乃,"めぐるちゃんも大丈夫だよ
ネジだけキュって締めておくね",八宮めぐる,【キャプテン★パンプキン】八宮めぐる,"Whisper, Whisper"
"八宮めぐる/【キャプテン★パンプキン】八宮めぐる/Whisper, Whisper.csv",44,3003006010430,真乃,"あ……私たちの飲み物って、
人間さんも飲めるのかな？",八宮めぐる,【キャプテン★パンプキン】八宮めぐる,"Whisper, Whisper"
"八宮めぐる/【キャプテン★パンプキン】八宮めぐる/Whisper, Whisper.csv",47,3003006010460,真乃,"マカロントカゲのしっぽも残ってたはずだから、
お茶請けとしてお出ししてもいいかも",八宮めぐる,【キャプテン★パンプキン】八宮めぐる,"Whisper, Whisper"
"八宮めぐる/【キャプテン★パンプキン】八宮めぐる/Whisper, Whisper.csv",49,3003006010480,真乃,あとは、あとは、えっと…………,八宮めぐる,【キャプテン★パンプキン】八宮めぐる,"Whisper, Whisper"
"八宮めぐる/【キャプテン★パンプキン】八宮めぐる/Whisper, Whisper.csv",51,3003006010500,真乃,"そ、そうだよねっ
い、い、行こう、め、めぐるちゃんっ……",八宮めぐる,【キャプテン★パンプキン】八宮めぐる,"Whisper, Whisper"
八宮めぐる/【キャプテン★パンプキン】八宮めぐる/（...hug you）.csv,4,3003006020030,真乃,めぐるちゃーん、お疲れ様……,八宮めぐる,【キャプテン★パンプキン】八宮めぐる,（...hug you）
八宮めぐる/【キャプテン★パンプキン】八宮めぐる/（...hug you）.csv,5,3003006020040,真乃,ほわっ、カボチャがいっぱいっ……,八宮めぐる,【キャプテン★パンプキン】八宮めぐる,（...hug you）
八宮めぐる/【キャプテン★パンプキン】八宮めぐる/（...hug you）.csv,8,3003006020070,真乃,ほわぁ……すごいっ……,八宮めぐる,【キャプテン★パンプキン】八宮めぐる,（...hug you）
八宮めぐる/【キャプテン★パンプキン】八宮めぐる/（...hug you）.csv,10,3003006020090,真乃,"この子たちも一緒に頑張ってくれるんだね…… 
──もうバッチリ？",八宮めぐる,【キャプテン★パンプキン】八宮めぐる,（...hug you）
八宮めぐる/【キャプテン★パンプキン】八宮めぐる/（...hug you）.csv,12,3003006020110,真乃,"……ふふっ
そうみたいだね",八宮めぐる,【キャプテン★パンプキン】八宮めぐる,（...hug you）
八宮めぐる/【キャプテン★パンプキン】八宮めぐる/（...hug you）.csv,13,3003006020120,真乃,"こんにちは、カボチャさんたち
挨拶に来てくれたの？",八宮めぐる,【キャプテン★パンプキン】八宮めぐる,（...hug you）
八宮めぐる/【キャプテン★パンプキン】八宮めぐる/（...hug you）.csv,14,3003006020130,真乃,"わ、……わわっ
待って、あんまり足元に集まると……ちょっと……",八宮めぐる,【キャプテン★パンプキン】八宮めぐる,（...hug you）
八宮めぐる/【キャプテン★パンプキン】八宮めぐる/（...hug you）.csv,15,3003006020140,真乃,──きゃっ,八宮めぐる,【キャプテン★パンプキン】八宮めぐる,（...hug you）
八宮めぐる/【キャプテン★パンプキン】八宮めぐる/（...hug you）.csv,17,3003006020160,真乃,"ご、ごめんなさいっ……
カボチャさん、踏みそうになっちゃって……",八宮めぐる,【キャプテン★パンプキン】八宮めぐる,（...hug you）
八宮めぐる/【キャプテン★パンプキン】八宮めぐる/（...hug you）.csv,19,3003006020180,真乃,"私は転ぶ前に支えてもらったから……
めぐるちゃんは？　怪我してない？",八宮めぐる,【キャプテン★パンプキン】八宮めぐる,（...hug you）
八宮めぐる/【キャプテン★パンプキン】八宮めぐる/（...hug you）.csv,22,3003006020210,真乃,……ありがとうっ、めぐるちゃん,八宮めぐる,【キャプテン★パンプキン】八宮めぐる,（...hug you）
八宮めぐる/【キャプテン★パンプキン】八宮めぐる/（...hug you）.csv,23,3003006020220,真乃,"お礼にはならないかもだけど、
良かったらこれ使って",八宮めぐる,【キャプテン★パンプキン】八宮めぐる,（...hug you）
八宮めぐる/【キャプテン★パンプキン】八宮めぐる/（...hug you）.csv,25,3003006020240,真乃,"めぐるちゃん頑張ってるから、 
夜は寒いし、冷やさないようにって持ってきたの",八宮めぐる,【キャプテン★パンプキン】八宮めぐる,（...hug you）
八宮めぐる/【キャプテン★パンプキン】八宮めぐる/（...hug you）.csv,27,3003006020260,真乃,ふふっ……,八宮めぐる,【キャプテン★パンプキン】八宮めぐる,（...hug you）
八宮めぐる/【キャプテン★パンプキン】八宮めぐる/（...hug you）.csv,28,3003006020270,真乃,"優しいって言ってもらえると嬉しいけど、
私……もうちょっと怖くなってみようかな、なんて……",八宮めぐる,【キャプテン★パンプキン】八宮めぐる,（...hug you）
八宮めぐる/【キャプテン★パンプキン】八宮めぐる/（...hug you）.csv,30,3003006020290,真乃,"明日はジャック・オー・ランタンと戦うんだもん
私も……むんっ！　って",八宮めぐる,【キャプテン★パンプキン】八宮めぐる,（...hug you）
八宮めぐる/【キャプテン★パンプキン】八宮めぐる/（...hug you）.csv,32,3003006020310,真乃,"そ、そうなんだよねっ……
怖いのって、どうすればいいのかな",八宮めぐる,【キャプテン★パンプキン】八宮めぐる,（...hug you）
八宮めぐる/【キャプテン★パンプキン】八宮めぐる/（...hug you）.csv,34,3003006020330,真乃,が、がおー！　……こんな感じ……？,八宮めぐる,【キャプテン★パンプキン】八宮めぐる,（...hug you）
八宮めぐる/【キャプテン★パンプキン】八宮めぐる/（...hug you）.csv,36,3003006020350,真乃,ぎ、ぎらーんっ……,八宮めぐる,【キャプテン★パンプキン】八宮めぐる,（...hug you）
八宮めぐる/【キャプテン★パンプキン】八宮めぐる/（...hug you）.csv,38,3003006020370,真乃,や、やってみるっ……,八宮めぐる,【キャプテン★パンプキン】八宮めぐる,（...hug you）
八宮めぐる/【キャプテン★パンプキン】八宮めぐる/（...hug you）.csv,39,3003006020380,真乃,え、ええっと……,八宮めぐる,【キャプテン★パンプキン】八宮めぐる,（...hug you）
八宮めぐる/【キャプテン★パンプキン】八宮めぐる/（...hug you）.csv,40,3003006020390,真乃,"が、がおー！　おまえたち、
回れ右しないと、た、食べちゃうぞー！",八宮めぐる,【キャプテン★パンプキン】八宮めぐる,（...hug you）
八宮めぐる/【キャプテン★パンプキン】八宮めぐる/（...hug you）.csv,41,3003006020400,真乃,…………,八宮めぐる,【キャプテン★パンプキン】八宮めぐる,（...hug you）
八宮めぐる/【キャプテン★パンプキン】八宮めぐる/（...hug you）.csv,42,3003006020410,真乃,"あれ……
う、動いてない……？",八宮めぐる,【キャプテン★パンプキン】八宮めぐる,（...hug you）
八宮めぐる/【キャプテン★パンプキン】八宮めぐる/（...hug you）.csv,44,3003006020430,真乃,"私、壊しちゃったのかな？
お、お願い……みんな……動いてっ！",八宮めぐる,【キャプテン★パンプキン】八宮めぐる,（...hug you）
八宮めぐる/【キャプテン★パンプキン】八宮めぐる/（...hug you）.csv,45,3003006020440,真乃,ほわっ……！,八宮めぐる,【キャプテン★パンプキン】八宮めぐる,（...hug you）
八宮めぐる/【キャプテン★パンプキン】八宮めぐる/（...hug you）.csv,47,3003006020460,真乃,そっかー……,八宮めぐる,【キャプテン★パンプキン】八宮めぐる,（...hug you）
八宮めぐる/【キャプテン★パンプキン】八宮めぐる/（...hug you）.csv,48,3003006020470,真乃,私も強くなれたらなって、思ったんだけど……,八宮めぐる,【キャプテン★パンプキン】八宮めぐる,（...hug you）
八宮めぐる/【キャプテン★パンプキン】八宮めぐる/（...hug you）.csv,52,3003006020510,真乃,"ふふっ……
めぐるちゃんはすごいなあ……",八宮めぐる,【キャプテン★パンプキン】八宮めぐる,（...hug you）
八宮めぐる/【キャプテン★パンプキン】八宮めぐる/（...hug you）.csv,53,3003006020520,真乃,"私も明日は頑張るね
灯織ちゃんを助け出せるように……",八宮めぐる,【キャプテン★パンプキン】八宮めぐる,（...hug you）
八宮めぐる/【キャプテン★パンプキン】八宮めぐる/（...hug you）.csv,55,3003006020540,真乃,"それから、
めぐるちゃんを守れるように……",八宮めぐる,【キャプテン★パンプキン】八宮めぐる,（...hug you）
八宮めぐる/【キャプテン★パンプキン】八宮めぐる/（...hug you）.csv,57,3003006020560,真乃,一緒に『灯織ちゃんおかえり』って言おうね,八宮めぐる,【キャプテン★パンプキン】八宮めぐる,（...hug you）
八宮めぐる/【キャプテン★パンプキン】八宮めぐる/（...hug you）.csv,61,3003006020600,真乃,"あんまり無理はしないでね
風邪引かないように……",八宮めぐる,【キャプテン★パンプキン】八宮めぐる,（...hug you）
八宮めぐる/【キャプテン★パンプキン】八宮めぐる/（...hug you）.csv,63,3003006020620,真乃,"ふふっ……また明日ね
めぐるちゃん",八宮めぐる,【キャプテン★パンプキン】八宮めぐる,（...hug you）
八宮めぐる/【キャプテン★パンプキン】八宮めぐる/（...hug you）.csv,65,3003006020640,真乃,"それから、
めぐるちゃんを守れるように……",八宮めぐる,【キャプテン★パンプキン】八宮めぐる,（...hug you）
八宮めぐる/【スタァライトショウタイム】八宮めぐる/夢想スターダム.csv,3,3003004040020,真乃,ふふ、お疲れ様,八宮めぐる,【スタァライトショウタイム】八宮めぐる,夢想スターダム
八宮めぐる/【スタァライトショウタイム】八宮めぐる/夢想スターダム.csv,7,3003004040060,真乃,"うんっ
灯織ちゃんとめぐるちゃん、みんなで行けて良かった",八宮めぐる,【スタァライトショウタイム】八宮めぐる,夢想スターダム
八宮めぐる/【スタァライトショウタイム】八宮めぐる/夢想スターダム.csv,11,3003004040100,真乃,"灯織ちゃんっ、私ね、すごく良く覚えてるよ
目を瞑ればすぐに見えるくらい……",八宮めぐる,【スタァライトショウタイム】八宮めぐる,夢想スターダム
八宮めぐる/【スタァライトショウタイム】八宮めぐる/夢想スターダム.csv,25,3003004040240,真乃,"私たちが楽しかったこととか、良いなって思ったこと
色んな人に知ってもらいたいな",八宮めぐる,【スタァライトショウタイム】八宮めぐる,夢想スターダム
八宮めぐる/【スタァライトショウタイム】八宮めぐる/夢想スターダム.csv,32,3003004040310,真乃,"ほわっ……確かにあの場所は、
私たちだけじゃ見つけられなかったかも……",八宮めぐる,【スタァライトショウタイム】八宮めぐる,夢想スターダム
八宮めぐる/【スタァライトショウタイム】八宮めぐる/夢想スターダム.csv,36,3003004040350,真乃,"私も……めぐるちゃんと灯織ちゃんと一緒に
色んなところに行ってみたいな",八宮めぐる,【スタァライトショウタイム】八宮めぐる,夢想スターダム
八宮めぐる/【スタァライトショウタイム】八宮めぐる/夢想スターダム.csv,37,3003004040360,真乃,"綺麗なところとか、びっくりするようなところとか……
もっと色んな景色を一緒に見たいっ",八宮めぐる,【スタァライトショウタイム】八宮めぐる,夢想スターダム
八宮めぐる/【スタァライトショウタイム】八宮めぐる/憧憬プランニング.csv,4,3003004020030,真乃,"めぐるちゃん……？
どうしたの？",八宮めぐる,【スタァライトショウタイム】八宮めぐる,憧憬プランニング
八宮めぐる/【スタァライトショウタイム】八宮めぐる/憧憬プランニング.csv,12,3003004020110,真乃,"めぐるちゃんもプロデューサーさんも忙しいのに……
ごめんね？めぐるちゃん",八宮めぐる,【スタァライトショウタイム】八宮めぐる,憧憬プランニング
八宮めぐる/【スタァライトショウタイム】八宮めぐる/憧憬プランニング.csv,18,3003004020170,真乃,"め、めぐるちゃん、
い、今のは……褒められてないかも？",八宮めぐる,【スタァライトショウタイム】八宮めぐる,憧憬プランニング
八宮めぐる/【スタァライトショウタイム】八宮めぐる/憧憬プランニング.csv,23,3003004020220,真乃,"ふふっ、お散歩するだけでも、
珍しい動物さんに会えそうだね",八宮めぐる,【スタァライトショウタイム】八宮めぐる,憧憬プランニング
八宮めぐる/【スタァライトショウタイム】八宮めぐる/憧憬プランニング.csv,25,3003004020240,真乃,"うんっ
可愛い鳥さんとか色の綺麗な鳥さんとかいると思うっ",八宮めぐる,【スタァライトショウタイム】八宮めぐる,憧憬プランニング
八宮めぐる/【スタァライトショウタイム】八宮めぐる/憧憬プランニング.csv,27,3003004020260,真乃,ちょ、ちょっとくらいなら……,八宮めぐる,【スタァライトショウタイム】八宮めぐる,憧憬プランニング
八宮めぐる/【スタァライトショウタイム】八宮めぐる/憧憬プランニング.csv,30,3003004020290,真乃,"そ、そっかな……頑張るねっ
むんっ",八宮めぐる,【スタァライトショウタイム】八宮めぐる,憧憬プランニング
八宮めぐる/【スタァライトショウタイム】八宮めぐる/憧憬プランニング.csv,34,3003004020330,真乃,ほわぁ、なんだか可愛い建物だねっ,八宮めぐる,【スタァライトショウタイム】八宮めぐる,憧憬プランニング
八宮めぐる/【スタァライトショウタイム】八宮めぐる/憧憬プランニング.csv,37,3003004020360,真乃,"うんっ
みんなでここに行ってみたいなっ",八宮めぐる,【スタァライトショウタイム】八宮めぐる,憧憬プランニング
八宮めぐる/【スタァライトショウタイム】八宮めぐる/星空ステージ.csv,4,3003004030030,真乃,"ほわぁ……
鳥さんもいっぱいいるね",八宮めぐる,【スタァライトショウタイム】八宮めぐる,星空ステージ
八宮めぐる/【スタァライトショウタイム】八宮めぐる/星空ステージ.csv,7,3003004030060,真乃,"大丈夫だよめぐるちゃん、
きっとまた会えるよっ",八宮めぐる,【スタァライトショウタイム】八宮めぐる,星空ステージ
八宮めぐる/【スタァライトショウタイム】八宮めぐる/星空ステージ.csv,12,3003004030110,真乃,"そうなんだねっ。確かに空気も澄んでるし、
お星さまがいっぱい見えそう……",八宮めぐる,【スタァライトショウタイム】八宮めぐる,星空ステージ
八宮めぐる/【スタァライトショウタイム】八宮めぐる/星空ステージ.csv,17,3003004030160,真乃,あ、ここからなら……,八宮めぐる,【スタァライトショウタイム】八宮めぐる,星空ステージ
八宮めぐる/【スタァライトショウタイム】八宮めぐる/星空ステージ.csv,20,3003004030190,真乃,"うん……すごいお星さま……
満天の星空って、こんな感じなのかな……",八宮めぐる,【スタァライトショウタイム】八宮めぐる,星空ステージ
八宮めぐる/【スタァライトショウタイム】八宮めぐる/星空ステージ.csv,22,3003004030210,真乃,えっ　ど、どこ……？,八宮めぐる,【スタァライトショウタイム】八宮めぐる,星空ステージ
八宮めぐる/【スタァライトショウタイム】八宮めぐる/星空ステージ.csv,26,3003004030250,真乃,"ほわぁ……ほんとだ……
いっぱい……",八宮めぐる,【スタァライトショウタイム】八宮めぐる,星空ステージ
八宮めぐる/【スタァライトショウタイム】八宮めぐる/星空ステージ.csv,30,3003004030290,真乃,"ふふ、じゃあ私たちはいつも
流れ星に包まれて、歌ってるんだね",八宮めぐる,【スタァライトショウタイム】八宮めぐる,星空ステージ
八宮めぐる/【スタァライトショウタイム】八宮めぐる/星空ステージ.csv,33,3003004030320,真乃,"ほわ
めぐるちゃん、ほんとにステージに立ってるみたい",八宮めぐる,【スタァライトショウタイム】八宮めぐる,星空ステージ
八宮めぐる/【スタァライトショウタイム】八宮めぐる/星空ステージ.csv,36,3003004030350,真乃,"でも、きっとお星さまも喜んで……
あ……",八宮めぐる,【スタァライトショウタイム】八宮めぐる,星空ステージ
八宮めぐる/【スタァライトショウタイム】八宮めぐる/星空ステージ.csv,38,3003004030370,真乃,"あ、うん。あのお星さま
めぐるちゃんみたいだなって思って",八宮めぐる,【スタァライトショウタイム】八宮めぐる,星空ステージ
八宮めぐる/【スタァライトショウタイム】八宮めぐる/星空ステージ.csv,40,3003004030390,真乃,あそこで明るく光ってるお星さまだよ,八宮めぐる,【スタァライトショウタイム】八宮めぐる,星空ステージ
八宮めぐる/【スタァライトショウタイム】八宮めぐる/星空ステージ.csv,44,3003004030430,真乃,"うんっ
すごく綺麗で灯織ちゃんらしいなって思う",八宮めぐる,【スタァライトショウタイム】八宮めぐる,星空ステージ
八宮めぐる/【スタァライトショウタイム】八宮めぐる/星空ステージ.csv,47,3003004030460,真乃,"ほわぁ……
私も、ふたりと一緒に……",八宮めぐる,【スタァライトショウタイム】八宮めぐる,星空ステージ
八宮めぐる/【スタァライトショウタイム】八宮めぐる/星空ステージ.csv,50,3003004030490,真乃,"そっか、イルミネーションスターズ……
お星さま、だねっ",八宮めぐる,【スタァライトショウタイム】八宮めぐる,星空ステージ
八宮めぐる/【スタァライトショウタイム】八宮めぐる/空想トリップ.csv,3,3003004010020,真乃,おはようございます,八宮めぐる,【スタァライトショウタイム】八宮めぐる,空想トリップ
八宮めぐる/【スタァライトショウタイム】八宮めぐる/空想トリップ.csv,8,3003004010070,真乃,旅行の……パンフレット？,八宮めぐる,【スタァライトショウタイム】八宮めぐる,空想トリップ
八宮めぐる/【スタァライトショウタイム】八宮めぐる/空想トリップ.csv,15,3003004010140,真乃,ふふ、灯織ちゃんらしいね,八宮めぐる,【スタァライトショウタイム】八宮めぐる,空想トリップ
八宮めぐる/【スタァライトショウタイム】八宮めぐる/空想トリップ.csv,17,3003004010160,真乃,"えっと……
この写真みたいな広い原っぱでお昼寝してみたいな",八宮めぐる,【スタァライトショウタイム】八宮めぐる,空想トリップ
八宮めぐる/【スタァライトショウタイム】八宮めぐる/空想トリップ.csv,20,3003004010190,真乃,ほわぁ……一緒に山登りするのも良いなぁ,八宮めぐる,【スタァライトショウタイム】八宮めぐる,空想トリップ
八宮めぐる/【スタァライトショウタイム】八宮めぐる/空想トリップ.csv,22,3003004010210,真乃,"ふふっ
めぐるちゃんと一緒にビーチバレーしたら楽しそうっ",八宮めぐる,【スタァライトショウタイム】八宮めぐる,空想トリップ
八宮めぐる/【スタァライトショウタイム】八宮めぐる/空想トリップ.csv,32,3003004010310,真乃,緑がいっぱいで、気持ちよさそうだねっ,八宮めぐる,【スタァライトショウタイム】八宮めぐる,空想トリップ
八宮めぐる/【スタァライトショウタイム】八宮めぐる/空想トリップ.csv,35,3003004010340,真乃,"うんっ
きっとすごく楽しいと思うなぁ",八宮めぐる,【スタァライトショウタイム】八宮めぐる,空想トリップ
八宮めぐる/【スタァライトショウタイム】八宮めぐる/空想トリップ.csv,37,3003004010360,真乃,灯織ちゃん？,八宮めぐる,【スタァライトショウタイム】八宮めぐる,空想トリップ
八宮めぐる/【スタァライトショウタイム】八宮めぐる/空想トリップ.csv,39,3003004010380,真乃,"ううん。でも、灯織ちゃんが見入っちゃうのもわかるよ
映画とか……空想の場所みたいだもんね……",八宮めぐる,【スタァライトショウタイム】八宮めぐる,空想トリップ
八宮めぐる/【スタァライトショウタイム】八宮めぐる/空想トリップ.csv,41,3003004010400,真乃,"ほわぁ……
みんなで旅行……楽しそうだね",八宮めぐる,【スタァライトショウタイム】八宮めぐる,空想トリップ
八宮めぐる/【スタァライトショウタイム】八宮めぐる/空想トリップ.csv,42,3003004010410,真乃,で、でも、行けるのかな……？,八宮めぐる,【スタァライトショウタイム】八宮めぐる,空想トリップ
八宮めぐる/【スタァライトショウタイム】八宮めぐる/空想トリップ.csv,45,3003004010440,真乃,"今は、アイドルとして頑張らなきゃ、だもんね
……でも、いつかみんなで行けたら良いなって思うな",八宮めぐる,【スタァライトショウタイム】八宮めぐる,空想トリップ
八宮めぐる/【スローリー・メモリー】八宮 めぐる/for 特別な時間.csv,3,3003015020020,真乃,は……はい……っ,八宮めぐる,【スローリー・メモリー】八宮 めぐる,for 特別な時間
八宮めぐる/【スローリー・メモリー】八宮 めぐる/for 特別な時間.csv,6,3003015020050,真乃,……え……,八宮めぐる,【スローリー・メモリー】八宮 めぐる,for 特別な時間
八宮めぐる/【スローリー・メモリー】八宮 めぐる/for 特別な時間.csv,10,3003015020090,真乃,…………！,八宮めぐる,【スローリー・メモリー】八宮 めぐる,for 特別な時間
八宮めぐる/【スローリー・メモリー】八宮 めぐる/for 特別な時間.csv,11,3003015020100,真乃,め、めぐるちゃん……？,八宮めぐる,【スローリー・メモリー】八宮 めぐる,for 特別な時間
八宮めぐる/【スローリー・メモリー】八宮 めぐる/for 特別な時間.csv,13,3003015020120,真乃,"う、ううん……っ
ごめんね、少しびっくりしちゃって",八宮めぐる,【スローリー・メモリー】八宮 めぐる,for 特別な時間
八宮めぐる/【スローリー・メモリー】八宮 めぐる/for 特別な時間.csv,14,3003015020130,真乃,"灯織ちゃんに話せない相談って、
ふたりに何かあったのかなって……",八宮めぐる,【スローリー・メモリー】八宮 めぐる,for 特別な時間
八宮めぐる/【スローリー・メモリー】八宮 めぐる/for 特別な時間.csv,18,3003015020170,真乃,うん……っ,八宮めぐる,【スローリー・メモリー】八宮 めぐる,for 特別な時間
八宮めぐる/【スローリー・メモリー】八宮 めぐる/for 特別な時間.csv,19,3003015020180,真乃,聞かせてほしいな……っ,八宮めぐる,【スローリー・メモリー】八宮 めぐる,for 特別な時間
八宮めぐる/【スローリー・メモリー】八宮 めぐる/for 特別な時間.csv,23,3003015020220,真乃,お泊まりとか、遊びに行く時のお弁当とか……,八宮めぐる,【スローリー・メモリー】八宮 めぐる,for 特別な時間
八宮めぐる/【スローリー・メモリー】八宮 めぐる/for 特別な時間.csv,27,3003015020260,真乃,わかるなぁ……っ,八宮めぐる,【スローリー・メモリー】八宮 めぐる,for 特別な時間
八宮めぐる/【スローリー・メモリー】八宮 めぐる/for 特別な時間.csv,28,3003015020270,真乃,"灯織ちゃんのお料理、すごくおいしいから
何回も食べたいなって思っちゃって……",八宮めぐる,【スローリー・メモリー】八宮 めぐる,for 特別な時間
八宮めぐる/【スローリー・メモリー】八宮 めぐる/for 特別な時間.csv,33,3003015020320,真乃,そうだったんだね……っ,八宮めぐる,【スローリー・メモリー】八宮 めぐる,for 特別な時間
八宮めぐる/【スローリー・メモリー】八宮 めぐる/for 特別な時間.csv,34,3003015020330,真乃,"うんっ
一緒に考えられたらうれしいな……っ",八宮めぐる,【スローリー・メモリー】八宮 めぐる,for 特別な時間
八宮めぐる/【スローリー・メモリー】八宮 めぐる/for 特別な時間.csv,39,3003015020380,真乃,はい……っ,八宮めぐる,【スローリー・メモリー】八宮 めぐる,for 特別な時間
八宮めぐる/【スローリー・メモリー】八宮 めぐる/for 特別な時間.csv,41,3003015020400,真乃,うん,八宮めぐる,【スローリー・メモリー】八宮 めぐる,for 特別な時間
八宮めぐる/【スローリー・メモリー】八宮 めぐる/for 特別な時間.csv,42,3003015020410,真乃,"それじゃあ、めぐるちゃんはリストのほうを
お願いします……っ",八宮めぐる,【スローリー・メモリー】八宮 めぐる,for 特別な時間
八宮めぐる/【スローリー・メモリー】八宮 めぐる/for 特別な時間.csv,46,3003015020450,真乃,"えっと……
親子丼、かな……っ",八宮めぐる,【スローリー・メモリー】八宮 めぐる,for 特別な時間
八宮めぐる/【スローリー・メモリー】八宮 めぐる/for 特別な時間.csv,49,3003015020480,真乃,めぐるちゃん、私も聞いてもいい……？,八宮めぐる,【スローリー・メモリー】八宮 めぐる,for 特別な時間
八宮めぐる/【スローリー・メモリー】八宮 めぐる/for 特別な時間.csv,51,3003015020500,真乃,あのね……,八宮めぐる,【スローリー・メモリー】八宮 めぐる,for 特別な時間
八宮めぐる/【スローリー・メモリー】八宮 めぐる/for 特別な時間.csv,52,3003015020510,真乃,このお料理、すごく素敵だなって思って……,八宮めぐる,【スローリー・メモリー】八宮 めぐる,for 特別な時間
八宮めぐる/【スローリー・メモリー】八宮 めぐる/for 特別な時間.csv,54,3003015020530,真乃,"お願いしてもいいかな
灯織ちゃん、大変な思いをしたりとか……",八宮めぐる,【スローリー・メモリー】八宮 めぐる,for 特別な時間
八宮めぐる/【スローリー・メモリー】八宮 めぐる/for 特別な時間.csv,57,3003015020551,真乃＆めぐる,ふふっ,八宮めぐる,【スローリー・メモリー】八宮 めぐる,for 特別な時間
八宮めぐる/【スローリー・メモリー】八宮 めぐる/for 特別な時間.csv,60,3003015020580,真乃,"……うんっ
そうだね、めぐるちゃんっ",八宮めぐる,【スローリー・メモリー】八宮 めぐる,for 特別な時間
八宮めぐる/【ハッピー・バレンタイン？】八宮めぐる/『パ』は数でも量でもなく気持ち.csv,4,3003013030030,真乃,灯織ちゃん、こんにちは,八宮めぐる,【ハッピー・バレンタイン？】八宮めぐる,『パ』は数でも量でもなく気持ち
八宮めぐる/【ハッピー・バレンタイン？】八宮めぐる/『パ』は数でも量でもなく気持ち.csv,6,3003013030050,真乃,早く着きすぎちゃって……,八宮めぐる,【ハッピー・バレンタイン？】八宮めぐる,『パ』は数でも量でもなく気持ち
八宮めぐる/【ハッピー・バレンタイン？】八宮めぐる/『パ』は数でも量でもなく気持ち.csv,14,3003013030130,真乃,これ、全部灯織ちゃんが作ったの？,八宮めぐる,【ハッピー・バレンタイン？】八宮めぐる,『パ』は数でも量でもなく気持ち
八宮めぐる/【ハッピー・バレンタイン？】八宮めぐる/『パ』は数でも量でもなく気持ち.csv,18,3003013030161,真乃＆めぐる,ハッピーバレンタイン,八宮めぐる,【ハッピー・バレンタイン？】八宮めぐる,『パ』は数でも量でもなく気持ち
八宮めぐる/【ハッピー・バレンタイン？】八宮めぐる/『パ』は数でも量でもなく気持ち.csv,21,3003013030190,真乃,うんっ,八宮めぐる,【ハッピー・バレンタイン？】八宮めぐる,『パ』は数でも量でもなく気持ち
八宮めぐる/【ハッピー・バレンタイン？】八宮めぐる/『パ』は数でも量でもなく気持ち.csv,25,3003013030230,真乃,"ふふっ
うん……っ",八宮めぐる,【ハッピー・バレンタイン？】八宮めぐる,『パ』は数でも量でもなく気持ち
八宮めぐる/【ハッピー・バレンタイン？】八宮めぐる/『パ』は数でも量でもなく気持ち.csv,28,3003013030260,真乃,私たちも、バレンタイン準備してるの……っ,八宮めぐる,【ハッピー・バレンタイン？】八宮めぐる,『パ』は数でも量でもなく気持ち
八宮めぐる/【ハッピー・バレンタイン？】八宮めぐる/『パ』は数でも量でもなく気持ち.csv,39,3003013030370,真乃,"……えっと
じゃあ、私も……っ",八宮めぐる,【ハッピー・バレンタイン？】八宮めぐる,『パ』は数でも量でもなく気持ち
八宮めぐる/【ハッピー・バレンタイン？】八宮めぐる/『パ』は数でも量でもなく気持ち.csv,40,3003013030380,真乃,"私から、
灯織ちゃんとめぐるちゃんに",八宮めぐる,【ハッピー・バレンタイン？】八宮めぐる,『パ』は数でも量でもなく気持ち
八宮めぐる/【ハッピー・バレンタイン？】八宮めぐる/『パ』は数でも量でもなく気持ち.csv,41,3003013030390,真乃,いつも一緒にいてくれてありがとうっ,八宮めぐる,【ハッピー・バレンタイン？】八宮めぐる,『パ』は数でも量でもなく気持ち
八宮めぐる/【ハッピー・バレンタイン？】八宮めぐる/『パ』は数でも量でもなく気持ち.csv,42,3003013030400,真乃,ふたりの隣にいられて、うれしいです……っ,八宮めぐる,【ハッピー・バレンタイン？】八宮めぐる,『パ』は数でも量でもなく気持ち
八宮めぐる/【ハッピー・バレンタイン？】八宮めぐる/『パ』は数でも量でもなく気持ち.csv,45,3003013030430,真乃,ふふっ,八宮めぐる,【ハッピー・バレンタイン？】八宮めぐる,『パ』は数でも量でもなく気持ち
八宮めぐる/【ハッピー・バレンタイン？】八宮めぐる/『パ』は数でも量でもなく気持ち.csv,49,3003013030461,真乃＆めぐる,うん？,八宮めぐる,【ハッピー・バレンタイン？】八宮めぐる,『パ』は数でも量でもなく気持ち
八宮めぐる/【ハッピー・バレンタイン？】八宮めぐる/『パ』は数でも量でもなく気持ち.csv,54,3003013030510,真乃,"……あのね
まあるいホットケーキを作って……",八宮めぐる,【ハッピー・バレンタイン？】八宮めぐる,『パ』は数でも量でもなく気持ち
八宮めぐる/【ハッピー・バレンタイン？】八宮めぐる/『パ』は数でも量でもなく気持ち.csv,55,3003013030520,真乃,中にチョコレートを入れたいなって……っ,八宮めぐる,【ハッピー・バレンタイン？】八宮めぐる,『パ』は数でも量でもなく気持ち
八宮めぐる/【ハッピー・バレンタイン？】八宮めぐる/灯織先生！.csv,3,3003013020020,真乃,よろしくお願いしますっ,八宮めぐる,【ハッピー・バレンタイン？】八宮めぐる,灯織先生！
八宮めぐる/【ハッピー・バレンタイン？】八宮めぐる/灯織先生！.csv,6,3003013020050,真乃,"ふふっ、うん
灯織先生っ",八宮めぐる,【ハッピー・バレンタイン？】八宮めぐる,灯織先生！
八宮めぐる/【ハッピー・バレンタイン？】八宮めぐる/灯織先生！.csv,7,3003013020060,真乃,私もお邪魔します……っ,八宮めぐる,【ハッピー・バレンタイン？】八宮めぐる,灯織先生！
八宮めぐる/【ハッピー・バレンタイン？】八宮めぐる/灯織先生！.csv,13,3003013020120,真乃,う、ううん……っ,八宮めぐる,【ハッピー・バレンタイン？】八宮めぐる,灯織先生！
八宮めぐる/【ハッピー・バレンタイン？】八宮めぐる/灯織先生！.csv,14,3003013020130,真乃,"めぐるちゃんの気持ちも、灯織ちゃんの気持ちも、
どっちも素敵だなって思うから",八宮めぐる,【ハッピー・バレンタイン？】八宮めぐる,灯織先生！
八宮めぐる/【ハッピー・バレンタイン？】八宮めぐる/灯織先生！.csv,15,3003013020140,真乃,"私も、ふたりと一緒に、
チョコ作りたいなっ",八宮めぐる,【ハッピー・バレンタイン？】八宮めぐる,灯織先生！
八宮めぐる/【ハッピー・バレンタイン？】八宮めぐる/灯織先生！.csv,18,3003013020170,真乃,え、えっと……っ,八宮めぐる,【ハッピー・バレンタイン？】八宮めぐる,灯織先生！
八宮めぐる/【ハッピー・バレンタイン？】八宮めぐる/灯織先生！.csv,19,3003013020180,真乃,灯織ちゃんとめぐるちゃん……,八宮めぐる,【ハッピー・バレンタイン？】八宮めぐる,灯織先生！
八宮めぐる/【ハッピー・バレンタイン？】八宮めぐる/灯織先生！.csv,21,3003013020200,真乃,"……あ
あと、プロデューサーさんにも……",八宮めぐる,【ハッピー・バレンタイン？】八宮めぐる,灯織先生！
八宮めぐる/【ハッピー・バレンタイン？】八宮めぐる/灯織先生！.csv,23,3003013020211,真乃＆灯織,……？,八宮めぐる,【ハッピー・バレンタイン？】八宮めぐる,灯織先生！
八宮めぐる/【ハッピー・バレンタイン？】八宮めぐる/灯織先生！.csv,27,3003013020250,真乃,"うんっ
ラッピングもたくさんあるから……っ",八宮めぐる,【ハッピー・バレンタイン？】八宮めぐる,灯織先生！
八宮めぐる/【ハッピー・バレンタイン？】八宮めぐる/灯織先生！.csv,30,3003013020280,真乃,ううんっ,八宮めぐる,【ハッピー・バレンタイン？】八宮めぐる,灯織先生！
八宮めぐる/【ハッピー・バレンタイン？】八宮めぐる/灯織先生！.csv,31,3003013020290,真乃,"あのね
私も……",八宮めぐる,【ハッピー・バレンタイン？】八宮めぐる,灯織先生！
八宮めぐる/【ハッピー・バレンタイン？】八宮めぐる/灯織先生！.csv,33,3003013020310,真乃,"真似させてほしいなって……
事務所のみんなに、バレンタイン……っ",八宮めぐる,【ハッピー・バレンタイン？】八宮めぐる,灯織先生！
八宮めぐる/【ハッピー・バレンタイン？】八宮めぐる/灯織先生！.csv,34,3003013020320,真乃,ど、どうかなっ,八宮めぐる,【ハッピー・バレンタイン？】八宮めぐる,灯織先生！
八宮めぐる/【ハッピー・バレンタイン？】八宮めぐる/灯織先生！.csv,39,3003013020370,真乃,ふふっ……いいな、それ……っ,八宮めぐる,【ハッピー・バレンタイン？】八宮めぐる,灯織先生！
八宮めぐる/【ハッピー・バレンタイン？】八宮めぐる/灯織先生！.csv,46,3003013020431,真乃＆めぐる,うんっ,八宮めぐる,【ハッピー・バレンタイン？】八宮めぐる,灯織先生！
八宮めぐる/【ハッピー・バレンタイン？】八宮めぐる/灯織先生！.csv,50,3003013020470,真乃,"ふふ……っ
はい、先生っ",八宮めぐる,【ハッピー・バレンタイン？】八宮めぐる,灯織先生！
八宮めぐる/【ハッピー・バレンタイン？】八宮めぐる/灯織先生！.csv,52,3003013020481,真乃＆めぐる,あははっ,八宮めぐる,【ハッピー・バレンタイン？】八宮めぐる,灯織先生！
八宮めぐる/【ハッピー・バレンタイン？】八宮めぐる/灯織先生！.csv,55,3003013020510,真乃,"灯織ちゃん、ラッピングに必要なもの
持ってきたよ……っ",八宮めぐる,【ハッピー・バレンタイン？】八宮めぐる,灯織先生！
八宮めぐる/【ハッピー・バレンタイン？】八宮めぐる/灯織先生！.csv,62,3003013020580,真乃,ほわ……,八宮めぐる,【ハッピー・バレンタイン？】八宮めぐる,灯織先生！
八宮めぐる/【ハッピー・バレンタイン？】八宮めぐる/灯織先生！.csv,63,3003013020590,真乃,ど、どうしよう……っ,八宮めぐる,【ハッピー・バレンタイン？】八宮めぐる,灯織先生！
八宮めぐる/【ハッピー・バレンタイン？】八宮めぐる/灯織先生！.csv,66,3003013020611,真乃＆灯織,……？,八宮めぐる,【ハッピー・バレンタイン？】八宮めぐる,灯織先生！
八宮めぐる/【ハッピー・バレンタイン？】八宮めぐる/灯織先生！.csv,72,3003013020660,真乃,"ありがとうございましたっ
もしよければ、受け取ってください……っ",八宮めぐる,【ハッピー・バレンタイン？】八宮めぐる,灯織先生！
八宮めぐる/【ワン・デイ】八宮めぐる/レッツすごろく.csv,5,3003016030040,真乃,めぐるちゃん、１続きだもんね……,八宮めぐる,【ワン・デイ】八宮めぐる,レッツすごろく
八宮めぐる/【ワン・デイ】八宮めぐる/レッツすごろく.csv,9,3003016030080,真乃,前に教えてもらったね,八宮めぐる,【ワン・デイ】八宮めぐる,レッツすごろく
八宮めぐる/【ワン・デイ】八宮めぐる/レッツすごろく.csv,11,3003016030100,真乃,……,八宮めぐる,【ワン・デイ】八宮めぐる,レッツすごろく
八宮めぐる/【ワン・デイ】八宮めぐる/レッツすごろく.csv,12,3003016030110,真乃,"あ、でも……
理由は聞いてなかった……？",八宮めぐる,【ワン・デイ】八宮めぐる,レッツすごろく
八宮めぐる/【ワン・デイ】八宮めぐる/レッツすごろく.csv,15,3003016030140,真乃,……,八宮めぐる,【ワン・デイ】八宮めぐる,レッツすごろく
八宮めぐる/【ワン・デイ】八宮めぐる/レッツすごろく.csv,18,3003016030170,真乃,"そっか
灯織ちゃん、枝豆もお豆腐も食べられるもんね",八宮めぐる,【ワン・デイ】八宮めぐる,レッツすごろく
八宮めぐる/【ワン・デイ】八宮めぐる/レッツすごろく.csv,24,3003016030230,真乃,"その人だけの苦手な食べ合わせ……
みたいなことなのかな",八宮めぐる,【ワン・デイ】八宮めぐる,レッツすごろく
八宮めぐる/【ワン・デイ】八宮めぐる/レッツすごろく.csv,28,3003016030270,真乃,めぐるちゃん、４回連続……,八宮めぐる,【ワン・デイ】八宮めぐる,レッツすごろく
八宮めぐる/【ワン・デイ】八宮めぐる/レッツすごろく.csv,33,3003016030320,真乃,ほわっ,八宮めぐる,【ワン・デイ】八宮めぐる,レッツすごろく
八宮めぐる/【ワン・デイ】八宮めぐる/レッツすごろく.csv,36,3003016030350,真乃,"ふふ
聞いてみたいなぁ……っ",八宮めぐる,【ワン・デイ】八宮めぐる,レッツすごろく
八宮めぐる/【ワン・デイ】八宮めぐる/レッツすごろく.csv,41,3003016030400,真乃,アイスクリームとジェラート、とか……？,八宮めぐる,【ワン・デイ】八宮めぐる,レッツすごろく
八宮めぐる/【ワン・デイ】八宮めぐる/レッツすごろく.csv,46,3003016030450,真乃,『自分の器に取った分は好きにしていい』ルール……っ,八宮めぐる,【ワン・デイ】八宮めぐる,レッツすごろく
八宮めぐる/【ワン・デイ】八宮めぐる/レッツすごろく.csv,54,3003016030530,真乃,"じゃあ……
よかったら、なんだけど……っ",八宮めぐる,【ワン・デイ】八宮めぐる,レッツすごろく
八宮めぐる/【ワン・デイ】八宮めぐる/レッツすごろく.csv,56,3003016030540,真乃,"冬の間に、まためぐるちゃんのお部屋にお邪魔して……
おこたに入りながら、アイスを食べる会をするのはどうかな",八宮めぐる,【ワン・デイ】八宮めぐる,レッツすごろく
八宮めぐる/【ワン・デイ】八宮めぐる/レッツすごろく.csv,57,3003016030550,真乃,今日は、やること決めちゃったから……っ,八宮めぐる,【ワン・デイ】八宮めぐる,レッツすごろく
八宮めぐる/【ワン・デイ】八宮めぐる/レッツすごろく.csv,63,3003016030601,真乃＆めぐる,？,八宮めぐる,【ワン・デイ】八宮めぐる,レッツすごろく
八宮めぐる/【ワン・デイ】八宮めぐる/レッツすごろく.csv,65,3003016030620,真乃,"あ……つい……
ずっとお話、しちゃうね……",八宮めぐる,【ワン・デイ】八宮めぐる,レッツすごろく
八宮めぐる/【ワン・デイ】八宮めぐる/レッツすごろく.csv,68,3003016030650,真乃,セーブ……？,八宮めぐる,【ワン・デイ】八宮めぐる,レッツすごろく
八宮めぐる/【ワン・デイ】八宮めぐる/レッツ作戦会議.csv,3,3003016010020,真乃,お邪魔します……っ,八宮めぐる,【ワン・デイ】八宮めぐる,レッツ作戦会議
八宮めぐる/【ワン・デイ】八宮めぐる/レッツ作戦会議.csv,5,3003016010040,真乃,ほわ……っ,八宮めぐる,【ワン・デイ】八宮めぐる,レッツ作戦会議
八宮めぐる/【ワン・デイ】八宮めぐる/レッツ作戦会議.csv,6,3003016010050,真乃,こたつ……っ,八宮めぐる,【ワン・デイ】八宮めぐる,レッツ作戦会議
八宮めぐる/【ワン・デイ】八宮めぐる/レッツ作戦会議.csv,11,3003016010100,真乃,"ふふ、うん……っ
決めてなかったよね",八宮めぐる,【ワン・デイ】八宮めぐる,レッツ作戦会議
八宮めぐる/【ワン・デイ】八宮めぐる/レッツ作戦会議.csv,13,3003016010120,真乃,あ、えっと、ううん……,八宮めぐる,【ワン・デイ】八宮めぐる,レッツ作戦会議
八宮めぐる/【ワン・デイ】八宮めぐる/レッツ作戦会議.csv,14,3003016010130,真乃,"灯織ちゃんとめぐるちゃんと一緒なら
なんでも楽しいなって……",八宮めぐる,【ワン・デイ】八宮めぐる,レッツ作戦会議
八宮めぐる/【ワン・デイ】八宮めぐる/レッツ作戦会議.csv,22,3003016010210,真乃,ふふっ,八宮めぐる,【ワン・デイ】八宮めぐる,レッツ作戦会議
八宮めぐる/【ワン・デイ】八宮めぐる/レッツ作戦会議.csv,23,3003016010220,真乃,どれも楽しそう……っ,八宮めぐる,【ワン・デイ】八宮めぐる,レッツ作戦会議
八宮めぐる/【ワン・デイ】八宮めぐる/レッツ作戦会議.csv,29,3003016010280,真乃,それじゃあ、まずはどれがいいかな,八宮めぐる,【ワン・デイ】八宮めぐる,レッツ作戦会議
八宮めぐる/【ワン・デイ】八宮めぐる/レッツ作戦会議.csv,30,3003016010290,真乃,全部は時間が足りないと思うから……,八宮めぐる,【ワン・デイ】八宮めぐる,レッツ作戦会議
八宮めぐる/【ワン・デイ】八宮めぐる/レッツ作戦会議.csv,33,3003016010311,真乃＆灯織,…………,八宮めぐる,【ワン・デイ】八宮めぐる,レッツ作戦会議
八宮めぐる/【ワン・デイ】八宮めぐる/レッツ作戦会議.csv,34,3003016010320,真乃,年越し蕎麦には早いけど……,八宮めぐる,【ワン・デイ】八宮めぐる,レッツ作戦会議
八宮めぐる/【ワン・デイ】八宮めぐる/レッツ作戦会議.csv,35,3003016010330,真乃,お昼をお蕎麦にするのはどうかな？,八宮めぐる,【ワン・デイ】八宮めぐる,レッツ作戦会議
八宮めぐる/【ワン・デイ】八宮めぐる/レッツ作戦会議.csv,41,3003016010381,真乃＆めぐる,…………！,八宮めぐる,【ワン・デイ】八宮めぐる,レッツ作戦会議
八宮めぐる/【ワン・デイ】八宮めぐる/レッツ作戦会議.csv,42,3003016010390,真乃,うん……っ,八宮めぐる,【ワン・デイ】八宮めぐる,レッツ作戦会議
八宮めぐる/【ワン・デイ】八宮めぐる/レッツ作戦会議.csv,43,3003016010400,真乃,一緒にお買い物、楽しいねっ,八宮めぐる,【ワン・デイ】八宮めぐる,レッツ作戦会議
八宮めぐる/【ワン・デイ】八宮めぐる/レッツ作戦会議.csv,46,3003016010430,真乃,めぐるちゃんは何がしたい……？,八宮めぐる,【ワン・デイ】八宮めぐる,レッツ作戦会議
八宮めぐる/【ワン・デイ】八宮めぐる/レッツ作戦会議.csv,50,3003016010461,真乃＆めぐる,……？,八宮めぐる,【ワン・デイ】八宮めぐる,レッツ作戦会議
八宮めぐる/【ワン・デイ】八宮めぐる/レッツ作戦会議.csv,53,3003016010490,真乃,ほわ……っ,八宮めぐる,【ワン・デイ】八宮めぐる,レッツ作戦会議
八宮めぐる/【ワン・デイ】八宮めぐる/レッツ作戦会議.csv,57,3003016010530,真乃,"うれしいなぁ……っ
そしたら、お買い物してお蕎麦……だね",八宮めぐる,【ワン・デイ】八宮めぐる,レッツ作戦会議
八宮めぐる/【ワン・デイ】八宮めぐる/レッツ作戦会議.csv,60,3003016010560,真乃,あ、めぐるちゃん,八宮めぐる,【ワン・デイ】八宮めぐる,レッツ作戦会議
八宮めぐる/【ワン・デイ】八宮めぐる/レッツ作戦会議.csv,61,3003016010570,真乃,荷物は置いていってもいい……？,八宮めぐる,【ワン・デイ】八宮めぐる,レッツ作戦会議
八宮めぐる/【ワン・デイ】八宮めぐる/レッツ買い出し.csv,6,3003016020050,真乃,ほわ……,八宮めぐる,【ワン・デイ】八宮めぐる,レッツ買い出し
八宮めぐる/【ワン・デイ】八宮めぐる/レッツ買い出し.csv,7,3003016020060,真乃,"ごめんね、ありがとう灯織ちゃん
私がお蕎麦って言ったから……",八宮めぐる,【ワン・デイ】八宮めぐる,レッツ買い出し
八宮めぐる/【ワン・デイ】八宮めぐる/レッツ買い出し.csv,15,3003016020131,真乃＆灯織,…………,八宮めぐる,【ワン・デイ】八宮めぐる,レッツ買い出し
八宮めぐる/【ワン・デイ】八宮めぐる/レッツ買い出し.csv,16,3003016020132,真乃＆灯織,ふふっ,八宮めぐる,【ワン・デイ】八宮めぐる,レッツ買い出し
八宮めぐる/【ワン・デイ】八宮めぐる/レッツ買い出し.csv,17,3003016020140,真乃,お蕎麦のトッピングとお菓子、何にしよう……？,八宮めぐる,【ワン・デイ】八宮めぐる,レッツ買い出し
八宮めぐる/【ワン・デイ】八宮めぐる/レッツ買い出し.csv,21,3003016020180,真乃,美味しそう……っ,八宮めぐる,【ワン・デイ】八宮めぐる,レッツ買い出し
八宮めぐる/【ワン・デイ】八宮めぐる/レッツ買い出し.csv,22,3003016020190,真乃,よかったら、油揚げも入れたいな……っ,八宮めぐる,【ワン・デイ】八宮めぐる,レッツ買い出し
八宮めぐる/【ワン・デイ】八宮めぐる/レッツ買い出し.csv,26,3003016020230,真乃,うん……っ,八宮めぐる,【ワン・デイ】八宮めぐる,レッツ買い出し
八宮めぐる/【ワン・デイ】八宮めぐる/レッツ買い出し.csv,30,3003016020270,真乃,……そうだねっ,八宮めぐる,【ワン・デイ】八宮めぐる,レッツ買い出し
八宮めぐる/【ワン・デイ】八宮めぐる/レッツ買い出し.csv,32,3003016020290,真乃,……！,八宮めぐる,【ワン・デイ】八宮めぐる,レッツ買い出し
八宮めぐる/【ワン・デイ】八宮めぐる/レッツ買い出し.csv,35,3003016020320,真乃,"でも……
灯織ちゃん、場所わかってる……よね……？",八宮めぐる,【ワン・デイ】八宮めぐる,レッツ買い出し
八宮めぐる/【ワン・デイ】八宮めぐる/レッツ買い出し.csv,40,3003016020370,真乃,ほわ……っ,八宮めぐる,【ワン・デイ】八宮めぐる,レッツ買い出し
八宮めぐる/【ワン・デイ】八宮めぐる/レッツ買い出し.csv,41,3003016020380,真乃,"あ、あれ……
さっきまで、お蕎麦の材料だけだったのに",八宮めぐる,【ワン・デイ】八宮めぐる,レッツ買い出し
八宮めぐる/【ワン・デイ】八宮めぐる/レッツ買い出し.csv,47,3003016020440,真乃,めぐるちゃん……？,八宮めぐる,【ワン・デイ】八宮めぐる,レッツ買い出し
八宮めぐる/【ワン・デイ】八宮めぐる/レッツ買い出し.csv,50,3003016020470,真乃,"──……それじゃあ、
チョコレートは私が買う分のお菓子にするね",八宮めぐる,【ワン・デイ】八宮めぐる,レッツ買い出し
八宮めぐる/【ワン・デイ】八宮めぐる/レッツ買い出し.csv,52,3003016020490,真乃,これなら、３人分……っ,八宮めぐる,【ワン・デイ】八宮めぐる,レッツ買い出し
八宮めぐる/【ワン・デイ】八宮めぐる/レッツ買い出し.csv,55,3003016020511,真乃＆灯織,…………,八宮めぐる,【ワン・デイ】八宮めぐる,レッツ買い出し
八宮めぐる/【ワン・デイ】八宮めぐる/レッツ買い出し.csv,56,3003016020512,真乃＆灯織,ふふっ,八宮めぐる,【ワン・デイ】八宮めぐる,レッツ買い出し
八宮めぐる/【ワン・デイ】八宮めぐる/レッツ買い出し.csv,58,3003016020530,真乃,私も大好きだよ、めぐるちゃん,八宮めぐる,【ワン・デイ】八宮めぐる,レッツ買い出し
八宮めぐる/【友情の花吹雪】八宮めぐる/お友達になる方法.csv,3,0000000000000,真乃,……,八宮めぐる,【友情の花吹雪】八宮めぐる,お友達になる方法
八宮めぐる/【友情の花吹雪】八宮めぐる/お友達になる方法.csv,5,0000000000000,真乃,ほわわっ？！,八宮めぐる,【友情の花吹雪】八宮めぐる,お友達になる方法
八宮めぐる/【友情の花吹雪】八宮めぐる/お友達になる方法.csv,6,0000000000000,真乃,ほわっ、何ですかっ？　誰ですかっ……！？,八宮めぐる,【友情の花吹雪】八宮めぐる,お友達になる方法
八宮めぐる/【友情の花吹雪】八宮めぐる/お友達になる方法.csv,8,0000000000000,真乃,ほわっ……,八宮めぐる,【友情の花吹雪】八宮めぐる,お友達になる方法
八宮めぐる/【友情の花吹雪】八宮めぐる/お友達になる方法.csv,9,0000000000000,真乃,……あ、めぐるちゃんだったんだね,八宮めぐる,【友情の花吹雪】八宮めぐる,お友達になる方法
八宮めぐる/【友情の花吹雪】八宮めぐる/お友達になる方法.csv,11,0000000000000,真乃,"ううん、私のほうこそ
なんだか恥ずかしいところ見られちゃった",八宮めぐる,【友情の花吹雪】八宮めぐる,お友達になる方法
八宮めぐる/【友情の花吹雪】八宮めぐる/お友達になる方法.csv,12,0000000000000,真乃,めぐるちゃんも、事務所に行くところだったの？,八宮めぐる,【友情の花吹雪】八宮めぐる,お友達になる方法
八宮めぐる/【友情の花吹雪】八宮めぐる/お友達になる方法.csv,15,0000000000000,真乃,えっ、あ、もちろん……！,八宮めぐる,【友情の花吹雪】八宮めぐる,お友達になる方法
八宮めぐる/【友情の花吹雪】八宮めぐる/お友達になる方法.csv,18,0000000000000,真乃,うん、そうだね,八宮めぐる,【友情の花吹雪】八宮めぐる,お友達になる方法
八宮めぐる/【友情の花吹雪】八宮めぐる/お友達になる方法.csv,20,0000000000000,真乃,うん、だいたいこの道を通るかな,八宮めぐる,【友情の花吹雪】八宮めぐる,お友達になる方法
八宮めぐる/【友情の花吹雪】八宮めぐる/お友達になる方法.csv,22,0000000000000,真乃,ほわっ、うん、そうだね,八宮めぐる,【友情の花吹雪】八宮めぐる,お友達になる方法
八宮めぐる/【友情の花吹雪】八宮めぐる/お友達になる方法.csv,24,0000000000000,真乃,う、うん,八宮めぐる,【友情の花吹雪】八宮めぐる,お友達になる方法
八宮めぐる/【友情の花吹雪】八宮めぐる/お友達になる方法.csv,26,0000000000000,真乃,"そ、そうだよね……！
気楽に、気楽に……！",八宮めぐる,【友情の花吹雪】八宮めぐる,お友達になる方法
八宮めぐる/【友情の花吹雪】八宮めぐる/お友達になる方法.csv,30,0000000000000,真乃,"ほわっ！？　め、めぐるちゃん……！？
……むぎゅう",八宮めぐる,【友情の花吹雪】八宮めぐる,お友達になる方法
八宮めぐる/【友情の花吹雪】八宮めぐる/お友達になる方法.csv,32,0000000000000,真乃,……ふふっ。うん、大丈夫だよ,八宮めぐる,【友情の花吹雪】八宮めぐる,お友達になる方法
八宮めぐる/【友情の花吹雪】八宮めぐる/お友達になる方法.csv,33,0000000000000,真乃,びっくりしたけど、嬉しかったから,八宮めぐる,【友情の花吹雪】八宮めぐる,お友達になる方法
八宮めぐる/【友情の花吹雪】八宮めぐる/お友達になる方法.csv,37,0000000000000,真乃,ほわっ,八宮めぐる,【友情の花吹雪】八宮めぐる,お友達になる方法
八宮めぐる/【友情の花吹雪】八宮めぐる/お友達になる方法.csv,39,0000000000000,真乃,……うん！,八宮めぐる,【友情の花吹雪】八宮めぐる,お友達になる方法
八宮めぐる/【友情の花吹雪】八宮めぐる/お友達になる方法.csv,41,0000000000000,真乃,"そ、そうかな？
私の学校はね……",八宮めぐる,【友情の花吹雪】八宮めぐる,お友達になる方法
八宮めぐる/【友情の花吹雪】八宮めぐる/似た者同士と花吹雪.csv,2,0000000000000,真乃,……,八宮めぐる,【友情の花吹雪】八宮めぐる,似た者同士と花吹雪
八宮めぐる/【友情の花吹雪】八宮めぐる/似た者同士と花吹雪.csv,4,0000000000000,真乃,あ、めぐるちゃんっ,八宮めぐる,【友情の花吹雪】八宮めぐる,似た者同士と花吹雪
八宮めぐる/【友情の花吹雪】八宮めぐる/似た者同士と花吹雪.csv,6,0000000000000,真乃,"ありがとう。あれ……？
もしかして……待っててくれたの？",八宮めぐる,【友情の花吹雪】八宮めぐる,似た者同士と花吹雪
八宮めぐる/【友情の花吹雪】八宮めぐる/似た者同士と花吹雪.csv,8,0000000000000,真乃,め、めぐるちゃん……,八宮めぐる,【友情の花吹雪】八宮めぐる,似た者同士と花吹雪
八宮めぐる/【友情の花吹雪】八宮めぐる/似た者同士と花吹雪.csv,10,0000000000000,真乃,"う、うん！
大丈夫。大丈夫だよ",八宮めぐる,【友情の花吹雪】八宮めぐる,似た者同士と花吹雪
八宮めぐる/【友情の花吹雪】八宮めぐる/似た者同士と花吹雪.csv,11,0000000000000,真乃,"……なんだか私、いつもめぐるちゃんを
待たせてばっかりだね",八宮めぐる,【友情の花吹雪】八宮めぐる,似た者同士と花吹雪
八宮めぐる/【友情の花吹雪】八宮めぐる/似た者同士と花吹雪.csv,13,0000000000000,真乃,"……あ、あのねっ
明日はきっとっ……",八宮めぐる,【友情の花吹雪】八宮めぐる,似た者同士と花吹雪
八宮めぐる/【友情の花吹雪】八宮めぐる/似た者同士と花吹雪.csv,14,0000000000000,真乃,"学校、早く終わると思うから、
私が先に待ってるよっ！　むんっ",八宮めぐる,【友情の花吹雪】八宮めぐる,似た者同士と花吹雪
八宮めぐる/【友情の花吹雪】八宮めぐる/似た者同士と花吹雪.csv,18,0000000000000,真乃,うんっ,八宮めぐる,【友情の花吹雪】八宮めぐる,似た者同士と花吹雪
八宮めぐる/【友情の花吹雪】八宮めぐる/似た者同士と花吹雪.csv,20,0000000000000,真乃,うん、うん,八宮めぐる,【友情の花吹雪】八宮めぐる,似た者同士と花吹雪
八宮めぐる/【友情の花吹雪】八宮めぐる/似た者同士と花吹雪.csv,22,0000000000000,真乃,そうなんだ,八宮めぐる,【友情の花吹雪】八宮めぐる,似た者同士と花吹雪
八宮めぐる/【友情の花吹雪】八宮めぐる/似た者同士と花吹雪.csv,24,0000000000000,真乃,わぁ……,八宮めぐる,【友情の花吹雪】八宮めぐる,似た者同士と花吹雪
八宮めぐる/【友情の花吹雪】八宮めぐる/似た者同士と花吹雪.csv,26,0000000000000,真乃,"ふふっ
……やっぱりめぐるちゃんは、すごいなぁ",八宮めぐる,【友情の花吹雪】八宮めぐる,似た者同士と花吹雪
八宮めぐる/【友情の花吹雪】八宮めぐる/似た者同士と花吹雪.csv,28,0000000000000,真乃,えっとね……っ,八宮めぐる,【友情の花吹雪】八宮めぐる,似た者同士と花吹雪
八宮めぐる/【友情の花吹雪】八宮めぐる/似た者同士と花吹雪.csv,29,0000000000000,真乃,"めぐるちゃんっていつも明るいし、元気だし……
友だちも多いでしょ",八宮めぐる,【友情の花吹雪】八宮めぐる,似た者同士と花吹雪
八宮めぐる/【友情の花吹雪】八宮めぐる/似た者同士と花吹雪.csv,30,0000000000000,真乃,それに、友だちとの話もすっごく楽しそうだから……,八宮めぐる,【友情の花吹雪】八宮めぐる,似た者同士と花吹雪
八宮めぐる/【友情の花吹雪】八宮めぐる/似た者同士と花吹雪.csv,31,0000000000000,真乃,"めぐるちゃんも、めぐるちゃんの友だちも
お互いのことが大好きなんだろうなぁって思ったんだ",八宮めぐる,【友情の花吹雪】八宮めぐる,似た者同士と花吹雪
八宮めぐる/【友情の花吹雪】八宮めぐる/似た者同士と花吹雪.csv,32,0000000000000,真乃,"だからめぐるちゃんはすごくって、
見てると、ほわぁ……！　って思うの",八宮めぐる,【友情の花吹雪】八宮めぐる,似た者同士と花吹雪
八宮めぐる/【友情の花吹雪】八宮めぐる/似た者同士と花吹雪.csv,36,0000000000000,真乃,えっ、私に？,八宮めぐる,【友情の花吹雪】八宮めぐる,似た者同士と花吹雪
八宮めぐる/【友情の花吹雪】八宮めぐる/似た者同士と花吹雪.csv,41,0000000000000,真乃,"めぐるちゃんがそんな風に思ってくれてるなんて、
私、思ってもみなかった……",八宮めぐる,【友情の花吹雪】八宮めぐる,似た者同士と花吹雪
八宮めぐる/【友情の花吹雪】八宮めぐる/似た者同士と花吹雪.csv,43,0000000000000,真乃,"……ふふっ、
たしかに、そうだね",八宮めぐる,【友情の花吹雪】八宮めぐる,似た者同士と花吹雪
八宮めぐる/【友情の花吹雪】八宮めぐる/似た者同士と花吹雪.csv,45,0000000000000,真乃,そっか……だったら、嬉しいな……！,八宮めぐる,【友情の花吹雪】八宮めぐる,似た者同士と花吹雪
八宮めぐる/【友情の花吹雪】八宮めぐる/春風フレンドシップ.csv,2,0000000000000,真乃,……,八宮めぐる,【友情の花吹雪】八宮めぐる,春風フレンドシップ
八宮めぐる/【友情の花吹雪】八宮めぐる/春風フレンドシップ.csv,4,0000000000000,真乃,ううん、私も今来たところだから,八宮めぐる,【友情の花吹雪】八宮めぐる,春風フレンドシップ
八宮めぐる/【友情の花吹雪】八宮めぐる/春風フレンドシップ.csv,6,0000000000000,真乃,めぐるちゃん、どうかしたの？,八宮めぐる,【友情の花吹雪】八宮めぐる,春風フレンドシップ
八宮めぐる/【友情の花吹雪】八宮めぐる/春風フレンドシップ.csv,8,0000000000000,真乃,"……ふふっ、
私もそう思ってるよ",八宮めぐる,【友情の花吹雪】八宮めぐる,春風フレンドシップ
八宮めぐる/【友情の花吹雪】八宮めぐる/春風フレンドシップ.csv,10,0000000000000,真乃,"ん～……
事務所に行くまでまだ時間はあるよね",八宮めぐる,【友情の花吹雪】八宮めぐる,春風フレンドシップ
八宮めぐる/【友情の花吹雪】八宮めぐる/春風フレンドシップ.csv,11,0000000000000,真乃,"でも、あんまり遅くなると
お仕事に遅れちゃうかもしれないから……",八宮めぐる,【友情の花吹雪】八宮めぐる,春風フレンドシップ
八宮めぐる/【友情の花吹雪】八宮めぐる/春風フレンドシップ.csv,13,0000000000000,真乃,じゃ、じゃあ……！,八宮めぐる,【友情の花吹雪】八宮めぐる,春風フレンドシップ
八宮めぐる/【友情の花吹雪】八宮めぐる/春風フレンドシップ.csv,14,0000000000000,真乃,ペットショップ……は、どうかな……？,八宮めぐる,【友情の花吹雪】八宮めぐる,春風フレンドシップ
八宮めぐる/【友情の花吹雪】八宮めぐる/春風フレンドシップ.csv,16,0000000000000,真乃,"もしかしてめぐるちゃん、
そういうお店は好きじゃない……？",八宮めぐる,【友情の花吹雪】八宮めぐる,春風フレンドシップ
八宮めぐる/【友情の花吹雪】八宮めぐる/春風フレンドシップ.csv,20,0000000000000,真乃,ほわぁ、そっかぁ,八宮めぐる,【友情の花吹雪】八宮めぐる,春風フレンドシップ
八宮めぐる/【友情の花吹雪】八宮めぐる/春風フレンドシップ.csv,23,0000000000000,真乃,ほわっ,八宮めぐる,【友情の花吹雪】八宮めぐる,春風フレンドシップ
八宮めぐる/【友情の花吹雪】八宮めぐる/春風フレンドシップ.csv,26,0000000000000,真乃,うん、昔から鳥さんに好かれるんだ,八宮めぐる,【友情の花吹雪】八宮めぐる,春風フレンドシップ
八宮めぐる/【友情の花吹雪】八宮めぐる/春風フレンドシップ.csv,28,0000000000000,真乃,ふふっ、そうだと嬉しいな,八宮めぐる,【友情の花吹雪】八宮めぐる,春風フレンドシップ
八宮めぐる/【友情の花吹雪】八宮めぐる/春風フレンドシップ.csv,30,0000000000000,真乃,……うん！,八宮めぐる,【友情の花吹雪】八宮めぐる,春風フレンドシップ
八宮めぐる/【友情の花吹雪】八宮めぐる/春風フレンドシップ.csv,32,0000000000000,真乃,めぐるちゃんも楽しんでくれたなら良かった,八宮めぐる,【友情の花吹雪】八宮めぐる,春風フレンドシップ
八宮めぐる/【友情の花吹雪】八宮めぐる/春風フレンドシップ.csv,33,0000000000000,真乃,"……私も、めぐるちゃんと鳥さんをいっぱい見れて
嬉しかったよっ",八宮めぐる,【友情の花吹雪】八宮めぐる,春風フレンドシップ
八宮めぐる/【友情の花吹雪】八宮めぐる/春風フレンドシップ.csv,35,0000000000000,真乃,"うんっ
あ、でも今度は……",八宮めぐる,【友情の花吹雪】八宮めぐる,春風フレンドシップ
八宮めぐる/【友情の花吹雪】八宮めぐる/春風フレンドシップ.csv,36,0000000000000,真乃,めぐるちゃんが好きなところに、行ってみたいな,八宮めぐる,【友情の花吹雪】八宮めぐる,春風フレンドシップ
八宮めぐる/【友情の花吹雪】八宮めぐる/春風フレンドシップ.csv,39,0000000000000,真乃,うんっ,八宮めぐる,【友情の花吹雪】八宮めぐる,春風フレンドシップ
八宮めぐる/【友情の花吹雪】八宮めぐる/春風フレンドシップ.csv,41,0000000000000,真乃,めぐるちゃん？,八宮めぐる,【友情の花吹雪】八宮めぐる,春風フレンドシップ
八宮めぐる/【友情の花吹雪】八宮めぐる/春風フレンドシップ.csv,43,0000000000000,真乃,ふふっ、私も！,八宮めぐる,【友情の花吹雪】八宮めぐる,春風フレンドシップ
八宮めぐる/【友達という灯り】八宮めぐる/大好きの隣.csv,3,3003005020020,真乃,"か、かんぱーい……！
……灯織ちゃんも",八宮めぐる,【友達という灯り】八宮めぐる,大好きの隣
八宮めぐる/【友達という灯り】八宮めぐる/大好きの隣.csv,6,3003005020050,真乃,うん、本当に……！　体調は、もう大丈夫？,八宮めぐる,【友達という灯り】八宮めぐる,大好きの隣
八宮めぐる/【友達という灯り】八宮めぐる/大好きの隣.csv,11,3003005020100,真乃,"あのねっ、灯織ちゃん、そうじゃなくて……！
めぐるちゃんも私も、３人でいられるのが嬉しいんだ",八宮めぐる,【友達という灯り】八宮めぐる,大好きの隣
八宮めぐる/【友達という灯り】八宮めぐる/大好きの隣.csv,12,3003005020110,真乃,"だから……それもあわせての、お祝いなの
……えっとね、その、だから──",八宮めぐる,【友達という灯り】八宮めぐる,大好きの隣
八宮めぐる/【友達という灯り】八宮めぐる/大好きの隣.csv,15,3003005020140,真乃,"謝らないで、灯織ちゃん
また一緒に練習できるの、楽しみだよ",八宮めぐる,【友達という灯り】八宮めぐる,大好きの隣
八宮めぐる/【友達という灯り】八宮めぐる/大好きの隣.csv,18,3003005020170,真乃,"仕方ないよ。場所、埋まっちゃってたし……
今日はそれぞれ個人レッスンで頑張ろう",八宮めぐる,【友達という灯り】八宮めぐる,大好きの隣
八宮めぐる/【友達という灯り】八宮めぐる/大好きの隣.csv,24,3003005020230,真乃,灯織ちゃん、飲み物のおかわりは？,八宮めぐる,【友達という灯り】八宮めぐる,大好きの隣
八宮めぐる/【友達という灯り】八宮めぐる/大好きの隣.csv,27,3003005020260,真乃,"うんっ。今日は、灯織ちゃんが主役のパーティーだから……
灯織ちゃん、どれがいい？",八宮めぐる,【友達という灯り】八宮めぐる,大好きの隣
八宮めぐる/【友達という灯り】八宮めぐる/大好きの隣.csv,29,3003005020280,真乃,"うんっ
……はい、どうぞ",八宮めぐる,【友達という灯り】八宮めぐる,大好きの隣
八宮めぐる/【友達という灯り】八宮めぐる/大好きの隣.csv,32,3003005020310,真乃,"こういうのはあんまり作らないから、
喜んでもらえるかなぁって心配だったんだけど……",八宮めぐる,【友達という灯り】八宮めぐる,大好きの隣
八宮めぐる/【友達という灯り】八宮めぐる/大好きの隣.csv,34,3003005020330,真乃,ほわ、良かったぁ……！,八宮めぐる,【友達という灯り】八宮めぐる,大好きの隣
八宮めぐる/【友達という灯り】八宮めぐる/大好きの隣.csv,37,3003005020360,真乃,"えっ。お、お礼なんて大丈夫だよ！
私たちがやりたかっただけだし……",八宮めぐる,【友達という灯り】八宮めぐる,大好きの隣
八宮めぐる/【友達という灯り】八宮めぐる/大好きの隣.csv,39,3003005020380,真乃,灯織ちゃん……！,八宮めぐる,【友達という灯り】八宮めぐる,大好きの隣
八宮めぐる/【友達という灯り】八宮めぐる/大好きの隣.csv,44,3003005020430,真乃,"ふふっ
なんだか、灯織ちゃんが帰ってきたって感じがする",八宮めぐる,【友達という灯り】八宮めぐる,大好きの隣
八宮めぐる/【友達という灯り】八宮めぐる/大好きの隣.csv,51,3003005020490,真乃,"うんっ
みんなでいると、元気が出てくるよっ",八宮めぐる,【友達という灯り】八宮めぐる,大好きの隣
八宮めぐる/【友達という灯り】八宮めぐる/大好きの隣.csv,62,3003005020600,真乃,"……あっ……あのっ……
めぐるちゃんのイメージでやるなら……",八宮めぐる,【友達という灯り】八宮めぐる,大好きの隣
八宮めぐる/【友達という灯り】八宮めぐる/大好きの隣.csv,63,3003005020610,真乃,"最後は、むんっ！　って感じにしてみるのはどうかな……？
きっと合うんじゃないかなって、思うんだけど……",八宮めぐる,【友達という灯り】八宮めぐる,大好きの隣
八宮めぐる/【友達という灯り】八宮めぐる/大好きの隣.csv,66,3003005020640,真乃,え、えっと、むんっ！　はね、頑張るぞって感じの……,八宮めぐる,【友達という灯り】八宮めぐる,大好きの隣
八宮めぐる/【春待ちララバイ】八宮 めぐる/1（お仕事だけど）休日.csv,5,3003020010040,真乃,"ふふ……
めぐるちゃん、もう楽しそう……っ",八宮めぐる,【春待ちララバイ】八宮 めぐる,1（お仕事だけど）休日
八宮めぐる/【春待ちララバイ】八宮 めぐる/1（お仕事だけど）休日.csv,9,3003020010080,真乃,荷物、置きに行く……？,八宮めぐる,【春待ちララバイ】八宮 めぐる,1（お仕事だけど）休日
八宮めぐる/【春待ちララバイ】八宮 めぐる/1（お仕事だけど）休日.csv,14,3003020010130,真乃,テーマは、『イルミネの自由で楽しい休日』……,八宮めぐる,【春待ちララバイ】八宮 めぐる,1（お仕事だけど）休日
八宮めぐる/【春待ちララバイ】八宮 めぐる/1（お仕事だけど）休日.csv,19,3003020010160,真乃,"……お仕事だけど、休日……
ちょっと、不思議な感じ……",八宮めぐる,【春待ちララバイ】八宮 めぐる,1（お仕事だけど）休日
八宮めぐる/【春待ちララバイ】八宮 めぐる/1（お仕事だけど）休日.csv,26,3003020010200,真乃,"ほわ……
それ、素敵だね……っ",八宮めぐる,【春待ちララバイ】八宮 めぐる,1（お仕事だけど）休日
八宮めぐる/【春待ちララバイ】八宮 めぐる/1（お仕事だけど）休日.csv,30,3003020010230,真乃,"めぐるちゃん……
もしかして、それ……",八宮めぐる,【春待ちララバイ】八宮 めぐる,1（お仕事だけど）休日
八宮めぐる/【春待ちララバイ】八宮 めぐる/1（お仕事だけど）休日.csv,34,3003020010270,真乃,くじ引きみたい……,八宮めぐる,【春待ちララバイ】八宮 めぐる,1（お仕事だけど）休日
八宮めぐる/【春待ちララバイ】八宮 めぐる/1（お仕事だけど）休日.csv,37,3003020010300,真乃,それじゃあ……灯織ちゃん、どうぞ……っ,八宮めぐる,【春待ちララバイ】八宮 めぐる,1（お仕事だけど）休日
八宮めぐる/【春待ちララバイ】八宮 めぐる/1（お仕事だけど）休日.csv,41,3003020010340,真乃,"……
あ……っ",八宮めぐる,【春待ちララバイ】八宮 めぐる,1（お仕事だけど）休日
八宮めぐる/【春待ちララバイ】八宮 めぐる/1（お仕事だけど）休日.csv,45,3003020010360,真乃,……あの、めぐるちゃん……？,八宮めぐる,【春待ちララバイ】八宮 めぐる,1（お仕事だけど）休日
八宮めぐる/【春待ちララバイ】八宮 めぐる/1（お仕事だけど）休日.csv,48,3003020010390,真乃,何か探してるの……？,八宮めぐる,【春待ちララバイ】八宮 めぐる,1（お仕事だけど）休日
八宮めぐる/【春待ちララバイ】八宮 めぐる/1（お仕事だけど）休日.csv,50,3003020010410,真乃,会えるって……,八宮めぐる,【春待ちララバイ】八宮 めぐる,1（お仕事だけど）休日
八宮めぐる/【春待ちララバイ】八宮 めぐる/1（お仕事だけど）休日.csv,52,3003020010430,真乃,ほわぁ……,八宮めぐる,【春待ちララバイ】八宮 めぐる,1（お仕事だけど）休日
八宮めぐる/【春待ちララバイ】八宮 めぐる/1（お仕事だけど）休日.csv,54,3003020010450,真乃,"そっか……
寒いもんね……",八宮めぐる,【春待ちララバイ】八宮 めぐる,1（お仕事だけど）休日
八宮めぐる/【春待ちララバイ】八宮 めぐる/1（お仕事だけど）休日.csv,56,3003020010470,真乃,"うん……
さえずりが聞こえたら、真似してみよう……",八宮めぐる,【春待ちララバイ】八宮 めぐる,1（お仕事だけど）休日
八宮めぐる/【春待ちララバイ】八宮 めぐる/1（お仕事だけど）休日.csv,58,3003020010481,真乃＆めぐる,え？,八宮めぐる,【春待ちララバイ】八宮 めぐる,1（お仕事だけど）休日
八宮めぐる/【春待ちララバイ】八宮 めぐる/1（お仕事だけど）休日.csv,61,3003020010510,真乃,"あ……
ごめんね、私がお散歩なんて書いたから……",八宮めぐる,【春待ちララバイ】八宮 めぐる,1（お仕事だけど）休日
八宮めぐる/【春待ちララバイ】八宮 めぐる/1（お仕事だけど）休日.csv,64,3003020010540,真乃,"……私も
とっても楽しいよ……っ",八宮めぐる,【春待ちララバイ】八宮 めぐる,1（お仕事だけど）休日
八宮めぐる/【春待ちララバイ】八宮 めぐる/1（お仕事だけど）休日.csv,68,3003020010580,真乃,一緒に……のんびり……,八宮めぐる,【春待ちララバイ】八宮 めぐる,1（お仕事だけど）休日
八宮めぐる/【春待ちララバイ】八宮 めぐる/1（お仕事だけど）休日.csv,71,3003020010601,真乃＆灯織,ゆっくり……のんびり……,八宮めぐる,【春待ちララバイ】八宮 めぐる,1（お仕事だけど）休日
八宮めぐる/【春待ちララバイ】八宮 めぐる/2まだ、もうちょっと.csv,2,3003020020010,真乃,"灯織ちゃん……
ここのお皿、持っていっても大丈夫……？",八宮めぐる,【春待ちララバイ】八宮 めぐる,2まだ、もうちょっと
八宮めぐる/【春待ちララバイ】八宮 めぐる/2まだ、もうちょっと.csv,12,3003020020090,真乃,"うん、ピーちゃん……
和紙があったから折ってみたんだ……",八宮めぐる,【春待ちララバイ】八宮 めぐる,2まだ、もうちょっと
八宮めぐる/【春待ちララバイ】八宮 めぐる/2まだ、もうちょっと.csv,15,3003020020120,真乃,ゆっくりで大丈夫だよ……,八宮めぐる,【春待ちララバイ】八宮 めぐる,2まだ、もうちょっと
八宮めぐる/【春待ちララバイ】八宮 めぐる/2まだ、もうちょっと.csv,19,3003020020160,真乃,"みんな、ぎゅっと集まってて……
色もカラフル……っ",八宮めぐる,【春待ちララバイ】八宮 めぐる,2まだ、もうちょっと
八宮めぐる/【春待ちララバイ】八宮 めぐる/2まだ、もうちょっと.csv,26,3003020020230,真乃,"うん……
素敵……",八宮めぐる,【春待ちララバイ】八宮 めぐる,2まだ、もうちょっと
八宮めぐる/【春待ちララバイ】八宮 めぐる/2まだ、もうちょっと.csv,27,3003020020240,真乃,"めぐるちゃんの『好き』は……
周りの大切な人のことなのかな……",八宮めぐる,【春待ちララバイ】八宮 めぐる,2まだ、もうちょっと
八宮めぐる/【春待ちララバイ】八宮 めぐる/2まだ、もうちょっと.csv,28,3003020020250,真乃,"その中に私たちを入れてくれて……
すごく、うれしいな……",八宮めぐる,【春待ちララバイ】八宮 めぐる,2まだ、もうちょっと
八宮めぐる/【春待ちララバイ】八宮 めぐる/2まだ、もうちょっと.csv,32,3003020020290,真乃,"食べ終わったら
また、くじ引きかな……？",八宮めぐる,【春待ちララバイ】八宮 めぐる,2まだ、もうちょっと
八宮めぐる/【春待ちララバイ】八宮 めぐる/2まだ、もうちょっと.csv,34,3003020020310,真乃,"うん……
めぐるちゃんのしたいこと、引けるかな……",八宮めぐる,【春待ちララバイ】八宮 めぐる,2まだ、もうちょっと
八宮めぐる/【春待ちララバイ】八宮 めぐる/2まだ、もうちょっと.csv,38,3003020020350,真乃,"……私は……
めぐるちゃんのしたいこと、引きたいな……",八宮めぐる,【春待ちララバイ】八宮 めぐる,2まだ、もうちょっと
八宮めぐる/【春待ちララバイ】八宮 めぐる/2まだ、もうちょっと.csv,42,3003020020390,真乃,"あ……
灯織ちゃん……",八宮めぐる,【春待ちララバイ】八宮 めぐる,2まだ、もうちょっと
八宮めぐる/【春待ちララバイ】八宮 めぐる/2まだ、もうちょっと.csv,45,3003020020420,真乃,いっぱい遊んだから……,八宮めぐる,【春待ちララバイ】八宮 めぐる,2まだ、もうちょっと
八宮めぐる/【春待ちララバイ】八宮 めぐる/2まだ、もうちょっと.csv,48,3003020020450,真乃,"大切な人と、好きなことづくし……
いっぱい贅沢しちゃった……",八宮めぐる,【春待ちララバイ】八宮 めぐる,2まだ、もうちょっと
八宮めぐる/【春待ちララバイ】八宮 めぐる/2まだ、もうちょっと.csv,56,3003020020530,真乃,……眠りながら、お話ししよう……？,八宮めぐる,【春待ちララバイ】八宮 めぐる,2まだ、もうちょっと
八宮めぐる/【春待ちララバイ】八宮 めぐる/2まだ、もうちょっと.csv,62,3003020020590,真乃,"うん……
今日も『楽しい』でいっぱいだったけど……",八宮めぐる,【春待ちララバイ】八宮 めぐる,2まだ、もうちょっと
八宮めぐる/【春待ちララバイ】八宮 めぐる/2まだ、もうちょっと.csv,63,3003020020600,真乃,"明日も……その先もずっと……
新しい『楽しい』がたくさん待ってると思うから……",八宮めぐる,【春待ちララバイ】八宮 めぐる,2まだ、もうちょっと
八宮めぐる/【春待ちララバイ】八宮 めぐる/2まだ、もうちょっと.csv,67,3003020020640,真乃,"ふにゃふにゃだ……
かわいい……",八宮めぐる,【春待ちララバイ】八宮 めぐる,2まだ、もうちょっと
八宮めぐる/【春待ちララバイ】八宮 めぐる/3『したいこと』.csv,3,3003020030020,真乃,"めぐるちゃん……
ここにいたんだね……",八宮めぐる,【春待ちララバイ】八宮 めぐる,3『したいこと』
八宮めぐる/【春待ちララバイ】八宮 めぐる/3『したいこと』.csv,5,3003020030040,真乃,うん……,八宮めぐる,【春待ちララバイ】八宮 めぐる,3『したいこと』
八宮めぐる/【春待ちララバイ】八宮 めぐる/3『したいこと』.csv,6,3003020030050,真乃,"……３人の『したいこと』……
いっぱいできて、楽しかったな……",八宮めぐる,【春待ちララバイ】八宮 めぐる,3『したいこと』
八宮めぐる/【春待ちララバイ】八宮 めぐる/3『したいこと』.csv,9,3003020030080,真乃,"３人の休日……
また、やりたいな……",八宮めぐる,【春待ちララバイ】八宮 めぐる,3『したいこと』
八宮めぐる/【春待ちララバイ】八宮 めぐる/3『したいこと』.csv,16,3003020030150,真乃,"……？
めぐるちゃん……？",八宮めぐる,【春待ちララバイ】八宮 めぐる,3『したいこと』
八宮めぐる/【春待ちララバイ】八宮 めぐる/3『したいこと』.csv,19,3003020030180,真乃,ぎゅぎゅっと……,八宮めぐる,【春待ちララバイ】八宮 めぐる,3『したいこと』
八宮めぐる/【春待ちララバイ】八宮 めぐる/3『したいこと』.csv,24,3003020030230,真乃,"うん……
今日は、これがいいな……",八宮めぐる,【春待ちララバイ】八宮 めぐる,3『したいこと』
八宮めぐる/【春待ちララバイ】八宮 めぐる/3『したいこと』.csv,28,3003020030270,真乃,"……
うん……",八宮めぐる,【春待ちララバイ】八宮 めぐる,3『したいこと』
八宮めぐる/【春待ちララバイ】八宮 めぐる/3『したいこと』.csv,31,3003020030291,真乃＆灯織,えっ……,八宮めぐる,【春待ちララバイ】八宮 めぐる,3『したいこと』
八宮めぐる/【春待ちララバイ】八宮 めぐる/3『したいこと』.csv,35,3003020030330,真乃,……めぐるちゃん……？,八宮めぐる,【春待ちララバイ】八宮 めぐる,3『したいこと』
八宮めぐる/【春待ちララバイ】八宮 めぐる/3『したいこと』.csv,46,3003020030420,真乃,"ほわぁ……
廊下、陽の光が綺麗……っ",八宮めぐる,【春待ちララバイ】八宮 めぐる,3『したいこと』
八宮めぐる/【春待ちララバイ】八宮 めぐる/3『したいこと』.csv,49,3003020030450,真乃,……っ,八宮めぐる,【春待ちララバイ】八宮 めぐる,3『したいこと』
八宮めぐる/【春待ちララバイ】八宮 めぐる/3『したいこと』.csv,52,3003020030480,真乃,え……っ,八宮めぐる,【春待ちララバイ】八宮 めぐる,3『したいこと』
八宮めぐる/【春待ちララバイ】八宮 めぐる/3『したいこと』.csv,58,3003020030540,真乃,そ、そんなに……？,八宮めぐる,【春待ちララバイ】八宮 めぐる,3『したいこと』
八宮めぐる/【春待ちララバイ】八宮 めぐる/3『したいこと』.csv,63,3003020030571,真乃＆灯織,うん……っ,八宮めぐる,【春待ちララバイ】八宮 めぐる,3『したいこと』
八宮めぐる/【春待ちララバイ】八宮 めぐる/3『したいこと』.csv,66,3003020030600,真乃,"ううん……
今日は、これがいいなって思うから……",八宮めぐる,【春待ちララバイ】八宮 めぐる,3『したいこと』
八宮めぐる/【王と蚤】八宮 めぐる/【王と蚤】八宮 めぐる1.興じたい-10.14校对.csv,13,3003021010010,真乃,こんにちは……っ,八宮めぐる,【王と蚤】八宮 めぐる,【王と蚤】八宮 めぐる1.興じたい-10.14校对
八宮めぐる/【王と蚤】八宮 めぐる/【王と蚤】八宮 めぐる1.興じたい-10.14校对.csv,22,3003021010040,真乃,"──────
ぜひぜひ、本編をお楽しみくださいっ",八宮めぐる,【王と蚤】八宮 めぐる,【王と蚤】八宮 めぐる1.興じたい-10.14校对
八宮めぐる/【王と蚤】八宮 めぐる/【王と蚤】八宮 めぐる2.通じたい-10.14校对.csv,55,3003021020310,真乃,お待たせ、めぐるちゃん……,八宮めぐる,【王と蚤】八宮 めぐる,【王と蚤】八宮 めぐる2.通じたい-10.14校对
八宮めぐる/【花笑み咲匂う】八宮めぐる/そのこころは.csv,6,3003009030050,真乃,あれ……？ お花屋さんにいるの……？,八宮めぐる,【花笑み咲匂う】八宮めぐる,そのこころは
八宮めぐる/【花笑み咲匂う】八宮めぐる/そのこころは.csv,10,3003009030090,真乃,めぐるちゃん,八宮めぐる,【花笑み咲匂う】八宮めぐる,そのこころは
八宮めぐる/【花笑み咲匂う】八宮めぐる/そのこころは.csv,13,3003009030120,真乃,"お疲れさま
もう終わって帰るところだよっ",八宮めぐる,【花笑み咲匂う】八宮めぐる,そのこころは
八宮めぐる/【花笑み咲匂う】八宮めぐる/そのこころは.csv,14,3003009030130,真乃,めぐるちゃん、先に帰ったはずなのに、,八宮めぐる,【花笑み咲匂う】八宮めぐる,そのこころは
八宮めぐる/【花笑み咲匂う】八宮めぐる/そのこころは.csv,15,0000000000000,真乃,まだ近くにいたから……,八宮めぐる,【花笑み咲匂う】八宮めぐる,そのこころは
八宮めぐる/【花笑み咲匂う】八宮めぐる/そのこころは.csv,17,3003009030150,真乃,"あっでも、すぐに終わったから
そんなに時間は経ってないと思うよっ",八宮めぐる,【花笑み咲匂う】八宮めぐる,そのこころは
八宮めぐる/【花笑み咲匂う】八宮めぐる/そのこころは.csv,18,3003009030160,真乃,"えっと。めぐるちゃん、お花、選んでたのかな？
邪魔しちゃってごめんね",八宮めぐる,【花笑み咲匂う】八宮めぐる,そのこころは
八宮めぐる/【花笑み咲匂う】八宮めぐる/そのこころは.csv,20,3003009030180,真乃,ほわっ……私、何もしてないよ……？,八宮めぐる,【花笑み咲匂う】八宮めぐる,そのこころは
八宮めぐる/【花笑み咲匂う】八宮めぐる/そのこころは.csv,24,3003009030220,真乃,めぐるちゃん、あのね……っ,八宮めぐる,【花笑み咲匂う】八宮めぐる,そのこころは
八宮めぐる/【花笑み咲匂う】八宮めぐる/そのこころは.csv,25,3003009030230,真乃,もしよかったら、めぐるちゃんと駅まで歩きたいなっ,八宮めぐる,【花笑み咲匂う】八宮めぐる,そのこころは
八宮めぐる/【花笑み咲匂う】八宮めぐる/そのこころは.csv,28,3003009030260,真乃,"めぐるちゃん……っ
えっと……これはね、お散歩だから……",八宮めぐる,【花笑み咲匂う】八宮めぐる,そのこころは
八宮めぐる/【花笑み咲匂う】八宮めぐる/そのこころは.csv,29,3003009030270,真乃,全然、遠回りじゃないよ……っ,八宮めぐる,【花笑み咲匂う】八宮めぐる,そのこころは
八宮めぐる/【花笑み咲匂う】八宮めぐる/そのこころは.csv,31,3003009030290,真乃,"うんっ
いってらっしゃい",八宮めぐる,【花笑み咲匂う】八宮めぐる,そのこころは
八宮めぐる/【花笑み咲匂う】八宮めぐる/そのこころは.csv,33,3003009030310,真乃,めぐるちゃん、毎日お花を買ってるんだね,八宮めぐる,【花笑み咲匂う】八宮めぐる,そのこころは
八宮めぐる/【花笑み咲匂う】八宮めぐる/そのこころは.csv,36,3003009030340,真乃,ふふ、そうなんだ……っ,八宮めぐる,【花笑み咲匂う】八宮めぐる,そのこころは
八宮めぐる/【花笑み咲匂う】八宮めぐる/そのこころは.csv,37,0000000000000,真乃,見てみたいなぁ,八宮めぐる,【花笑み咲匂う】八宮めぐる,そのこころは
八宮めぐる/【花笑み咲匂う】八宮めぐる/そのこころは.csv,39,3003009030360,真乃,うんっ、楽しみにしてるね,八宮めぐる,【花笑み咲匂う】八宮めぐる,そのこころは
八宮めぐる/【花笑み咲匂う】八宮めぐる/そのこころは.csv,44,3003009030410,真乃,ほわ、そんな……,八宮めぐる,【花笑み咲匂う】八宮めぐる,そのこころは
八宮めぐる/【花笑み咲匂う】八宮めぐる/そのこころは.csv,46,3003009030430,真乃,"……め、めぐるちゃん……っ 
いっぱい、考えてくれてありがとう……っ",八宮めぐる,【花笑み咲匂う】八宮めぐる,そのこころは
八宮めぐる/【花笑み咲匂う】八宮めぐる/そのこころは.csv,48,3003009030450,真乃,ふふっ……うれしいなっ,八宮めぐる,【花笑み咲匂う】八宮めぐる,そのこころは
八宮めぐる/【花笑み咲匂う】八宮めぐる/そのこころは.csv,49,3003009030460,真乃,もしかして、お花の灯織ちゃんもいるのかなっ,八宮めぐる,【花笑み咲匂う】八宮めぐる,そのこころは
八宮めぐる/【花笑み咲匂う】八宮めぐる/そのこころは.csv,54,3003009030510,真乃,"うん、私も……っ
占いが好きな灯織ちゃんらしいなって思ったんだっ",八宮めぐる,【花笑み咲匂う】八宮めぐる,そのこころは
八宮めぐる/【花笑み咲匂う】八宮めぐる/そのこころは.csv,56,3003009030530,真乃,"えっとね、花占いに使われたりするんだ……っ 
『好き』『嫌い』『好き』『嫌い』……って",八宮めぐる,【花笑み咲匂う】八宮めぐる,そのこころは
八宮めぐる/【花笑み咲匂う】八宮めぐる/そのこころは.csv,59,3003009030560,真乃,"めぐるちゃんは、
どんなところが灯織ちゃんらしいなって思ったの？",八宮めぐる,【花笑み咲匂う】八宮めぐる,そのこころは
八宮めぐる/【花笑み咲匂う】八宮めぐる/そのこころは.csv,61,3003009030580,真乃,"すごいなぁ……っ
めぐるちゃん、お花をそういうふうに見れるんだねっ……",八宮めぐる,【花笑み咲匂う】八宮めぐる,そのこころは
八宮めぐる/【花笑み咲匂う】八宮めぐる/そのこころは.csv,64,3003009030610,真乃,えっ……えっと、その……,八宮めぐる,【花笑み咲匂う】八宮めぐる,そのこころは
八宮めぐる/【花笑み咲匂う】八宮めぐる/そのこころは.csv,66,3003009030630,真乃,"ほわ……
…………ひ、ひみつなんだ……っ",八宮めぐる,【花笑み咲匂う】八宮めぐる,そのこころは
八宮めぐる/【花笑み咲匂う】八宮めぐる/そのこころは.csv,68,3003009030650,真乃,うん……っ,八宮めぐる,【花笑み咲匂う】八宮めぐる,そのこころは
八宮めぐる/【花笑み咲匂う】八宮めぐる/そのこころは.csv,70,3003009030670,真乃,ご、ごめんね……,八宮めぐる,【花笑み咲匂う】八宮めぐる,そのこころは
八宮めぐる/【花笑み咲匂う】八宮めぐる/そのこころは.csv,71,0000000000000,真乃,あっ、でも──他に伝えられることがあるよっ,八宮めぐる,【花笑み咲匂う】八宮めぐる,そのこころは
八宮めぐる/【花笑み咲匂う】八宮めぐる/そのこころは.csv,73,3003009030690,真乃,"この間のめぐるちゃんの花束──
チューリップを選んでたよねっ",八宮めぐる,【花笑み咲匂う】八宮めぐる,そのこころは
八宮めぐる/【花笑み咲匂う】八宮めぐる/そのこころは.csv,75,3003009030710,真乃,"うんっ
あのね……",八宮めぐる,【花笑み咲匂う】八宮めぐる,そのこころは
八宮めぐる/【花笑み咲匂う】八宮めぐる/そのこころは.csv,76,3003009030720,真乃,"あの時、花言葉を調べたんだけど……
とってもめぐるちゃんらしくて──",八宮めぐる,【花笑み咲匂う】八宮めぐる,そのこころは
八宮めぐる/【花笑み咲匂う】八宮めぐる/そのこころは.csv,77,3003009030730,真乃,『思いやり』だったんだっ,八宮めぐる,【花笑み咲匂う】八宮めぐる,そのこころは
八宮めぐる/【花笑み咲匂う】八宮めぐる/そのこころは.csv,79,3003009030750,真乃,ねっ、めぐるちゃんらしい──,八宮めぐる,【花笑み咲匂う】八宮めぐる,そのこころは
八宮めぐる/【花笑み咲匂う】八宮めぐる/そのこころは.csv,80,0000000000000,真乃,あれ？　めぐるちゃん？,八宮めぐる,【花笑み咲匂う】八宮めぐる,そのこころは
八宮めぐる/【花笑み咲匂う】八宮めぐる/そのこころは.csv,81,3003009030760,真乃,ど、どうしたの……？,八宮めぐる,【花笑み咲匂う】八宮めぐる,そのこころは
八宮めぐる/【花笑み咲匂う】八宮めぐる/気付いていたの.csv,4,3003009020030,真乃,"おはよう、めぐるちゃん
ふふ……何かうれしいことがあったの？",八宮めぐる,【花笑み咲匂う】八宮めぐる,気付いていたの
八宮めぐる/【花笑み咲匂う】八宮めぐる/気付いていたの.csv,6,3003009020050,真乃,わぁ……これは、ジャムかな……？,八宮めぐる,【花笑み咲匂う】八宮めぐる,気付いていたの
八宮めぐる/【花笑み咲匂う】八宮めぐる/気付いていたの.csv,17,3003009020150,真乃,ふふっ……,八宮めぐる,【花笑み咲匂う】八宮めぐる,気付いていたの
八宮めぐる/【花笑み咲匂う】八宮めぐる/気付いていたの.csv,19,3003009020170,真乃,"ご、ごめんね、めぐるちゃん……っ
でも、私も灯織ちゃんとおんなじことを思って……っ",八宮めぐる,【花笑み咲匂う】八宮めぐる,気付いていたの
八宮めぐる/【花笑み咲匂う】八宮めぐる/気付いていたの.csv,25,3003009020230,真乃,桜は塩漬けがあるから、わかるような気がするけど……,八宮めぐる,【花笑み咲匂う】八宮めぐる,気付いていたの
八宮めぐる/【花笑み咲匂う】八宮めぐる/気付いていたの.csv,26,3003009020240,真乃,お花のジャム、私も食べてみたいなっ,八宮めぐる,【花笑み咲匂う】八宮めぐる,気付いていたの
八宮めぐる/【花笑み咲匂う】八宮めぐる/気付いていたの.csv,30,3003009020280,真乃,"そっか……そうだねっ
飲むなら普通の紅茶でもいいかも……っ",八宮めぐる,【花笑み咲匂う】八宮めぐる,気付いていたの
八宮めぐる/【花笑み咲匂う】八宮めぐる/気付いていたの.csv,32,3003009020300,真乃,"うん、いいよっ
……ふふっ、ちょっとしたお茶会みたいだなぁっ",八宮めぐる,【花笑み咲匂う】八宮めぐる,気付いていたの
八宮めぐる/【花笑み咲匂う】八宮めぐる/気付いていたの.csv,35,3003009020330,真乃,"ふふ、うんっ
こっちの準備、お願いします……っ",八宮めぐる,【花笑み咲匂う】八宮めぐる,気付いていたの
八宮めぐる/【花笑み咲匂う】八宮めぐる/気付きませんように.csv,2,3003009010010,真乃,……ほわ、綺麗なお花畑……っ,八宮めぐる,【花笑み咲匂う】八宮めぐる,気付きませんように
八宮めぐる/【花笑み咲匂う】八宮めぐる/気付きませんように.csv,3,3003009010020,真乃,……♪,八宮めぐる,【花笑み咲匂う】八宮めぐる,気付きませんように
八宮めぐる/【花笑み咲匂う】八宮めぐる/気付きませんように.csv,4,3003009010030,真乃,……っ,八宮めぐる,【花笑み咲匂う】八宮めぐる,気付きませんように
八宮めぐる/【花笑み咲匂う】八宮めぐる/気付きませんように.csv,10,3003009010081,真乃＆灯織,……？,八宮めぐる,【花笑み咲匂う】八宮めぐる,気付きませんように
八宮めぐる/【花笑み咲匂う】八宮めぐる/気付きませんように.csv,17,3003009010150,真乃,……ふふ、そうだねっ,八宮めぐる,【花笑み咲匂う】八宮めぐる,気付きませんように
八宮めぐる/【花笑み咲匂う】八宮めぐる/気付きませんように.csv,20,3003009010180,真乃,"ほわ……
……あ、あの……めぐるちゃん",八宮めぐる,【花笑み咲匂う】八宮めぐる,気付きませんように
八宮めぐる/【花笑み咲匂う】八宮めぐる/気付きませんように.csv,21,3003009010190,真乃,"もしかして、私がお出かけできたらなって
思ってたこと、気付いて……？",八宮めぐる,【花笑み咲匂う】八宮めぐる,気付きませんように
八宮めぐる/【花笑み咲匂う】八宮めぐる/気付きませんように.csv,24,3003009010220,真乃,"……そうだねっ
めぐるちゃん、ありがとうっ",八宮めぐる,【花笑み咲匂う】八宮めぐる,気付きませんように
八宮めぐる/【花笑み咲匂う】八宮めぐる/気付きませんように.csv,26,3003009010240,真乃,"ふふ……
めぐるちゃんのそういうところ、素敵だと思うなっ",八宮めぐる,【花笑み咲匂う】八宮めぐる,気付きませんように
八宮めぐる/【花笑み咲匂う】八宮めぐる/気付きませんように.csv,32,3003009010290,真乃,"お散歩で見かけるお花ならわかるんだけど……
お店にあるようなのは詳しくなくて……っ",八宮めぐる,【花笑み咲匂う】八宮めぐる,気付きませんように
八宮めぐる/【花笑み咲匂う】八宮めぐる/気付きませんように.csv,37,3003009010340,真乃,"ふふっ
私たちの好きなお花、いっぱい見つけなきゃだねっ",八宮めぐる,【花笑み咲匂う】八宮めぐる,気付きませんように
八宮めぐる/【花笑み咲匂う】八宮めぐる/気付きませんように.csv,39,3003009010360,真乃,"ひ、灯織ちゃん……えっと、そのっ
…………お、お花を……調べててっ",八宮めぐる,【花笑み咲匂う】八宮めぐる,気付きませんように
八宮めぐる/【花笑み咲匂う】八宮めぐる/気付きませんように.csv,41,3003009010380,真乃,めぐるちゃん、これはどうかな……？,八宮めぐる,【花笑み咲匂う】八宮めぐる,気付きませんように
八宮めぐる/【花笑み咲匂う】八宮めぐる/気付きませんように.csv,42,3003009010390,真乃,……パイナップル……っ,八宮めぐる,【花笑み咲匂う】八宮めぐる,気付きませんように
八宮めぐる/【花笑み咲匂う】八宮めぐる/気付きませんように.csv,49,3003009010460,真乃,うん……っ,八宮めぐる,【花笑み咲匂う】八宮めぐる,気付きませんように
八宮めぐる/【花笑み咲匂う】八宮めぐる/気付きませんように.csv,50,3003009010470,真乃,"……よかった
めぐるちゃん、こういうの好きそうだなって思って……",八宮めぐる,【花笑み咲匂う】八宮めぐる,気付きませんように
八宮めぐる/【花笑み咲匂う】八宮めぐる/気付きませんように.csv,51,3003009010480,真乃,見せたくなっちゃったんだ……っ,八宮めぐる,【花笑み咲匂う】八宮めぐる,気付きませんように
八宮めぐる/【花笑み咲匂う】八宮めぐる/気付きませんように.csv,53,3003009010500,真乃,ほわっ……,八宮めぐる,【花笑み咲匂う】八宮めぐる,気付きませんように
八宮めぐる/【花笑み咲匂う】八宮めぐる/気付きませんように.csv,56,3003009010530,真乃,ううん、ちょっとびっくりしただけだから、大丈夫だよっ,八宮めぐる,【花笑み咲匂う】八宮めぐる,気付きませんように
八宮めぐる/【花笑み咲匂う】八宮めぐる/気付きませんように.csv,59,3003009010560,真乃,"灯織ちゃんらしいお花だね……っ
とっても素敵だと思うなっ",八宮めぐる,【花笑み咲匂う】八宮めぐる,気付きませんように
八宮めぐる/【花笑み咲匂う】八宮めぐる/気付きませんように.csv,63,3003009010590,真乃,私はスイートピーにしようかなって……,八宮めぐる,【花笑み咲匂う】八宮めぐる,気付きませんように
八宮めぐる/【花笑み咲匂う】八宮めぐる/気付きませんように.csv,65,3003009010610,真乃,そ、そうかなっ……？,八宮めぐる,【花笑み咲匂う】八宮めぐる,気付きませんように
八宮めぐる/【花笑み咲匂う】八宮めぐる/気付きませんように.csv,67,3003009010630,真乃,"ほわ……えっと
……あ、ありがとうっ",八宮めぐる,【花笑み咲匂う】八宮めぐる,気付きませんように
八宮めぐる/【花笑み咲匂う】八宮めぐる/気付きませんように.csv,68,3003009010640,真乃,"あの……めぐるちゃんは
飾りたいお花、決まったかな？",八宮めぐる,【花笑み咲匂う】八宮めぐる,気付きませんように
八宮めぐる/【花笑み咲匂う】八宮めぐる/気付きませんように.csv,71,3003009010660,真乃,と、とっても賑やかだなって思うよっ,八宮めぐる,【花笑み咲匂う】八宮めぐる,気付きませんように
八宮めぐる/【花笑み咲匂う】八宮めぐる/気付きませんように.csv,73,3003009010671,真乃＆めぐる,貼り紙……？,八宮めぐる,【花笑み咲匂う】八宮めぐる,気付きませんように
八宮めぐる/【花笑み咲匂う】八宮めぐる/気付きませんように.csv,76,3003009010700,真乃,ほわぁ……っ,八宮めぐる,【花笑み咲匂う】八宮めぐる,気付きませんように
八宮めぐる/【花笑み咲匂う】八宮めぐる/気付きませんように.csv,77,3003009010710,真乃,"色んなお花が集まって……
なんだか楽しそうっ",八宮めぐる,【花笑み咲匂う】八宮めぐる,気付きませんように
八宮めぐる/【花笑み咲匂う】八宮めぐる/気付きませんように.csv,79,3003009010730,真乃,"──『お好きな花やイメージで、花束おつくりします』
ふふっ……私たちの花束……",八宮めぐる,【花笑み咲匂う】八宮めぐる,気付きませんように
八宮めぐる/【花笑み咲匂う】八宮めぐる/気付きませんように.csv,80,3003009010740,真乃,ふたりとの素敵な思い出がふえてうれしいなっ,八宮めぐる,【花笑み咲匂う】八宮めぐる,気付きませんように
八宮めぐる/【青風、駆けていく】八宮めぐる/空の彼方へ.csv,7,3003019020060,真乃,…………っ,八宮めぐる,【青風、駆けていく】八宮めぐる,空の彼方へ
八宮めぐる/【青風、駆けていく】八宮めぐる/空の彼方へ.csv,9,3003019020080,真乃,"ほわ……
あ、あのね……",八宮めぐる,【青風、駆けていく】八宮めぐる,空の彼方へ
八宮めぐる/【青風、駆けていく】八宮めぐる/空の彼方へ.csv,10,3003019020090,真乃,……空が、とってもきれいだから……,八宮めぐる,【青風、駆けていく】八宮めぐる,空の彼方へ
八宮めぐる/【青風、駆けていく】八宮めぐる/空の彼方へ.csv,11,3003019020100,真乃,"この間教えてもらった影送り、
やってみようかなって……",八宮めぐる,【青風、駆けていく】八宮めぐる,空の彼方へ
八宮めぐる/【青風、駆けていく】八宮めぐる/空の彼方へ.csv,12,3003019020110,真乃,……でも、うまくいかなくて……,八宮めぐる,【青風、駆けていく】八宮めぐる,空の彼方へ
八宮めぐる/【青風、駆けていく】八宮めぐる/空の彼方へ.csv,15,3003019020140,真乃,"わ……
ありがとう、めぐるちゃん……っ",八宮めぐる,【青風、駆けていく】八宮めぐる,空の彼方へ
八宮めぐる/【青風、駆けていく】八宮めぐる/空の彼方へ.csv,16,3003019020150,真乃,１……２……３……４……５────,八宮めぐる,【青風、駆けていく】八宮めぐる,空の彼方へ
八宮めぐる/【青風、駆けていく】八宮めぐる/空の彼方へ.csv,17,3003019020160,真乃,────あ……,八宮めぐる,【青風、駆けていく】八宮めぐる,空の彼方へ
八宮めぐる/【青風、駆けていく】八宮めぐる/空の彼方へ.csv,19,3003019020180,真乃,うん……っ,八宮めぐる,【青風、駆けていく】八宮めぐる,空の彼方へ
八宮めぐる/【青風、駆けていく】八宮めぐる/空の彼方へ.csv,29,3003019020280,真乃,"……
めぐるちゃん……",八宮めぐる,【青風、駆けていく】八宮めぐる,空の彼方へ
八宮めぐる/【青風、駆けていく】八宮めぐる/空の彼方へ.csv,31,3003019020300,真乃,"──あ、あのね
だったら……っ",八宮めぐる,【青風、駆けていく】八宮めぐる,空の彼方へ
八宮めぐる/【青風、駆けていく】八宮めぐる/空の彼方へ.csv,32,3003019020310,真乃,灯織ちゃんも……いいかな……？,八宮めぐる,【青風、駆けていく】八宮めぐる,空の彼方へ
八宮めぐる/【青風、駆けていく】八宮めぐる/空の彼方へ.csv,35,3003019020340,真乃,"こうして、３人で手をつないで、
同じ影を送ってみるのはどうかな……",八宮めぐる,【青風、駆けていく】八宮めぐる,空の彼方へ
八宮めぐる/【青風、駆けていく】八宮めぐる/空の彼方へ.csv,36,3003019020350,真乃,"……そうしたら、見えたらいいなって……
同じものが……",八宮めぐる,【青風、駆けていく】八宮めぐる,空の彼方へ
八宮めぐる/【青風、駆けていく】八宮めぐる/空の彼方へ.csv,42,3003019020410,真乃,……うんっ,八宮めぐる,【青風、駆けていく】八宮めぐる,空の彼方へ
八宮めぐる/【青風、駆けていく】八宮めぐる/空の彼方へ.csv,45,3003019020431,真乃＆灯織,…………,八宮めぐる,【青風、駆けていく】八宮めぐる,空の彼方へ
八宮めぐる/【青風、駆けていく】八宮めぐる/空の彼方へ.csv,51,3003019020470,真乃,"……わ、私も、見えたよっ
３人の影がならんでた……っ",八宮めぐる,【青風、駆けていく】八宮めぐる,空の彼方へ
八宮めぐる/【青風、駆けていく】八宮めぐる/空の彼方へ.csv,55,3003019020510,真乃,……めぐるちゃん、うん……っ,八宮めぐる,【青風、駆けていく】八宮めぐる,空の彼方へ
八宮めぐる/【青風、駆けていく】八宮めぐる/踊る陽光.csv,4,3003019010010,真乃,……ありがとうございます……っ,八宮めぐる,【青風、駆けていく】八宮めぐる,踊る陽光
八宮めぐる/【青風、駆けていく】八宮めぐる/踊る陽光.csv,12,3003019010050,真乃,は、はい……,八宮めぐる,【青風、駆けていく】八宮めぐる,踊る陽光
八宮めぐる/【青風、駆けていく】八宮めぐる/踊る陽光.csv,19,3003019010060,真乃,"……っ
い、いえ……",八宮めぐる,【青風、駆けていく】八宮めぐる,踊る陽光
八宮めぐる/【青風、駆けていく】八宮めぐる/踊る陽光.csv,39,3003019010121,真乃＆めぐる,お疲れさま……っ,八宮めぐる,【青風、駆けていく】八宮めぐる,踊る陽光
八宮めぐる/【青風、駆けていく】八宮めぐる/踊る陽光.csv,40,3003019010130,真乃,"……収録、
楽しかったね……",八宮めぐる,【青風、駆けていく】八宮めぐる,踊る陽光
八宮めぐる/【青風、駆けていく】八宮めぐる/踊る陽光.csv,45,3003019010180,真乃,"うん……っ
私も、どうしたらって、思ってたから……",八宮めぐる,【青風、駆けていく】八宮めぐる,踊る陽光
八宮めぐる/【２８３プロのヒナ】八宮めぐる/ピーちゃんともお友達.csv,3,3003002010020,真乃,ふふっ……,八宮めぐる,【２８３プロのヒナ】八宮めぐる,ピーちゃんともお友達
八宮めぐる/【２８３プロのヒナ】八宮めぐる/ピーちゃんともお友達.csv,5,3003002010040,真乃,"……うん……うん
……ふふっ",八宮めぐる,【２８３プロのヒナ】八宮めぐる,ピーちゃんともお友達
八宮めぐる/【２８３プロのヒナ】八宮めぐる/ピーちゃんともお友達.csv,7,3003002010060,真乃,ほわ……っ！,八宮めぐる,【２８３プロのヒナ】八宮めぐる,ピーちゃんともお友達
八宮めぐる/【２８３プロのヒナ】八宮めぐる/ピーちゃんともお友達.csv,10,3003002010100,真乃,"ううん
気にしないで、めぐるちゃん",八宮めぐる,【２８３プロのヒナ】八宮めぐる,ピーちゃんともお友達
八宮めぐる/【２８３プロのヒナ】八宮めぐる/ピーちゃんともお友達.csv,11,3003002010110,真乃,みんな、すぐに帰ってきてくれるから大丈夫だよ,八宮めぐる,【２８３プロのヒナ】八宮めぐる,ピーちゃんともお友達
八宮めぐる/【２８３プロのヒナ】八宮めぐる/ピーちゃんともお友達.csv,13,3003002010130,真乃,あっ、ほら,八宮めぐる,【２８３プロのヒナ】八宮めぐる,ピーちゃんともお友達
八宮めぐる/【２８３プロのヒナ】八宮めぐる/ピーちゃんともお友達.csv,14,3003002010140,真乃,"ね？
来てくれたでしょ",八宮めぐる,【２８３プロのヒナ】八宮めぐる,ピーちゃんともお友達
八宮めぐる/【２８３プロのヒナ】八宮めぐる/ピーちゃんともお友達.csv,16,3003002010160,真乃,"えへへ
……あ、おかえりピーちゃん",八宮めぐる,【２８３プロのヒナ】八宮めぐる,ピーちゃんともお友達
八宮めぐる/【２８３プロのヒナ】八宮めぐる/ピーちゃんともお友達.csv,18,3003002010180,真乃,"うん
この子はね、私が飼ってる鳩のピーちゃんだよ",八宮めぐる,【２８３プロのヒナ】八宮めぐる,ピーちゃんともお友達
八宮めぐる/【２８３プロのヒナ】八宮めぐる/ピーちゃんともお友達.csv,20,3003002010200,真乃,"……め、めぐるちゃんも、よかったら
ピーちゃんに触ってあげて……？",八宮めぐる,【２８３プロのヒナ】八宮めぐる,ピーちゃんともお友達
八宮めぐる/【２８３プロのヒナ】八宮めぐる/ピーちゃんともお友達.csv,23,3003002010230,真乃,"ううん
そんなことないと思う",八宮めぐる,【２８３プロのヒナ】八宮めぐる,ピーちゃんともお友達
八宮めぐる/【２８３プロのヒナ】八宮めぐる/ピーちゃんともお友達.csv,24,3003002010240,真乃,"あ、なでてあげるときはね……
ゆっくり、優しくしてあげてね",八宮めぐる,【２８３プロのヒナ】八宮めぐる,ピーちゃんともお友達
八宮めぐる/【２８３プロのヒナ】八宮めぐる/ピーちゃんともお友達.csv,27,3003002010270,真乃,"ふふっ
触るとほわほわで、とっても気持ちいいでしょ？",八宮めぐる,【２８３プロのヒナ】八宮めぐる,ピーちゃんともお友達
八宮めぐる/【２８３プロのヒナ】八宮めぐる/ピーちゃんともお友達.csv,30,3003002010300,真乃,"う、うんっ
ふふっ……",八宮めぐる,【２８３プロのヒナ】八宮めぐる,ピーちゃんともお友達
八宮めぐる/【２８３プロのヒナ】八宮めぐる/ピーちゃんともお友達.csv,31,3003002010310,真乃,"……ピーちゃんも、めぐるちゃんのこと、
もうお友達だと思ってるんじゃないかな",八宮めぐる,【２８３プロのヒナ】八宮めぐる,ピーちゃんともお友達
月岡恋鐘/【ビコーズ・ラブ】月岡恋鐘/あいのボンゴレ・ビアンコ.csv,5,3004014020040,真乃,"『そして彼女が今も浜に立ち、
空からの祝福を受けていることを祈る』",月岡恋鐘,【ビコーズ・ラブ】月岡恋鐘,あいのボンゴレ・ビアンコ
月岡恋鐘/【ビコーズ・ラブ】月岡恋鐘/あいのボンゴレ・ビアンコ.csv,6,3004014020050,真乃,"『あの人のために
あの人の生きる世界のために』",月岡恋鐘,【ビコーズ・ラブ】月岡恋鐘,あいのボンゴレ・ビアンコ
月岡恋鐘/【ビコーズ・ラブ】月岡恋鐘/あいのボンゴレ・ビアンコ.csv,8,3004014020070,真乃,"わ……
いい匂いだね……っ",月岡恋鐘,【ビコーズ・ラブ】月岡恋鐘,あいのボンゴレ・ビアンコ
月岡恋鐘/【ビコーズ・ラブ】月岡恋鐘/あいのボンゴレ・ビアンコ.csv,22,3004014020210,真乃,う、うん……っ,月岡恋鐘,【ビコーズ・ラブ】月岡恋鐘,あいのボンゴレ・ビアンコ
月岡恋鐘/【ビコーズ・ラブ】月岡恋鐘/あいのボンゴレ・ビアンコ.csv,23,3004014020220,真乃,あの、波に濡れないように走るのとか……っ,月岡恋鐘,【ビコーズ・ラブ】月岡恋鐘,あいのボンゴレ・ビアンコ
月岡恋鐘/【ビコーズ・ラブ】月岡恋鐘/あいのボンゴレ・ビアンコ.csv,41,3004014020400,真乃,"……
お腹、減ったね……っ",月岡恋鐘,【ビコーズ・ラブ】月岡恋鐘,あいのボンゴレ・ビアンコ
月岡恋鐘/【ビコーズ・ラブ】月岡恋鐘/あいのボンゴレ・ビアンコ.csv,45,3004014020440,真乃,600円、すごいな……っ,月岡恋鐘,【ビコーズ・ラブ】月岡恋鐘,あいのボンゴレ・ビアンコ
月岡恋鐘/【ビコーズ・ラブ】月岡恋鐘/あいのボンゴレ・ビアンコ.csv,61,3004014020570,真乃,……っ,月岡恋鐘,【ビコーズ・ラブ】月岡恋鐘,あいのボンゴレ・ビアンコ
樋口円香/【湯巡】樋口円香/【湯巡】樋口円香_かけ流しの旅.csv,6,3021018010050,真乃,"私でよかったら……
────甜花ちゃん、髪の毛触ってもいい？",樋口円香,【湯巡】樋口円香,【湯巡】樋口円香_かけ流しの旅
樋口円香/【湯巡】樋口円香/【湯巡】樋口円香_かけ流しの旅.csv,8,3021018010070,真乃,"────あの……
改めて、なんですけれど……",樋口円香,【湯巡】樋口円香,【湯巡】樋口円香_かけ流しの旅
樋口円香/【湯巡】樋口円香/【湯巡】樋口円香_かけ流しの旅.csv,9,3021018010080,真乃,"温泉キャンペーンのミニライブ……
お疲れ様でした……っ",樋口円香,【湯巡】樋口円香,【湯巡】樋口円香_かけ流しの旅
樋口円香/【湯巡】樋口円香/【湯巡】樋口円香_かけ流しの旅.csv,11,3021018010090,真乃,"この雪の中、足を運んでくださったみなさんの
大切な時間を……",樋口円香,【湯巡】樋口円香,【湯巡】樋口円香_かけ流しの旅
樋口円香/【湯巡】樋口円香/【湯巡】樋口円香_かけ流しの旅.csv,12,3021018010100,真乃,"ちょっとでも彩るお手伝いが出来ていたら
うれしいな……",樋口円香,【湯巡】樋口円香,【湯巡】樋口円香_かけ流しの旅
樋口円香/【湯巡】樋口円香/【湯巡】樋口円香_かけ流しの旅.csv,19,3021018010170,真乃,そっか……,樋口円香,【湯巡】樋口円香,【湯巡】樋口円香_かけ流しの旅
樋口円香/【湯巡】樋口円香/【湯巡】樋口円香_かけ流しの旅.csv,21,3021018010190,真乃,"炭酸泉だって
行ってみよう……っ",樋口円香,【湯巡】樋口円香,【湯巡】樋口円香_かけ流しの旅
樋口円香/【湯巡】樋口円香/【湯巡】樋口円香_かけ流しの旅.csv,24,3021018010220,真乃,"肌にくっついてる泡を
こうやって撫でると……",樋口円香,【湯巡】樋口円香,【湯巡】樋口円香_かけ流しの旅
樋口円香/【湯巡】樋口円香/【湯巡】樋口円香_かけ流しの旅.csv,28,3021018010260,真乃,ほわ……っ,樋口円香,【湯巡】樋口円香,【湯巡】樋口円香_かけ流しの旅
樋口円香/【湯巡】樋口円香/【湯巡】樋口円香_かけ流しの旅.csv,34,3021018010310,真乃,"え、えっと……大丈夫だよ……っ
温泉の成分だから、その……っ",樋口円香,【湯巡】樋口円香,【湯巡】樋口円香_かけ流しの旅
樋口円香/【湯巡】樋口円香/【湯巡】樋口円香_かけ流しの旅.csv,35,3021018010320,真乃,"だんだん
お日様が落ちていくね……",樋口円香,【湯巡】樋口円香,【湯巡】樋口円香_かけ流しの旅
樋口円香/【湯巡】樋口円香/【湯巡】樋口円香_かけ流しの旅.csv,39,3021018010360,真乃,"体験レポートのためにって、いただいたのに
忘れてゆっくりしちゃってたね……",樋口円香,【湯巡】樋口円香,【湯巡】樋口円香_かけ流しの旅
樋口円香/【湯巡】樋口円香/【湯巡】樋口円香_かけ流しの旅.csv,48,3021018010450,真乃,"ガイドブックをもらったから
見てみよう",樋口円香,【湯巡】樋口円香,【湯巡】樋口円香_かけ流しの旅
櫻木真乃/2024万圣节真乃.csv,5,4901600010010,真乃,────ニンゲン……プロデューサー、さん……？,櫻木真乃,2024万圣节真乃.csv,2024万圣节真乃
櫻木真乃/2024万圣节真乃.csv,7,4901600010020,真乃,"お久しぶりです
……また、お会いできましたね……っ",櫻木真乃,2024万圣节真乃.csv,2024万圣节真乃
櫻木真乃/2024万圣节真乃.csv,8,4901600010030,真乃,……────,櫻木真乃,2024万圣节真乃.csv,2024万圣节真乃
櫻木真乃/2024万圣节真乃.csv,10,4901600010040,真乃,"あの……甘い匂いの、お菓子は……
持っていないんですか……？",櫻木真乃,2024万圣节真乃.csv,2024万圣节真乃
櫻木真乃/2024万圣节真乃.csv,13,4901600010050,真乃,"……すみません、私……
今、とてもお腹が空いていて……",櫻木真乃,2024万圣节真乃.csv,2024万圣节真乃
櫻木真乃/2024万圣节真乃.csv,15,4901600010060,真乃,"美味しそうな匂い……っ……ダメ……
……逃げて、ください……でないと────",櫻木真乃,2024万圣节真乃.csv,2024万圣节真乃
櫻木真乃/2024万圣节真乃.csv,16,4901600010070,真乃,プロデューサーさんを食べてしまいます……,櫻木真乃,2024万圣节真乃.csv,2024万圣节真乃
櫻木真乃/23Xmas/【’23Xmas】ガラスペン.csv,2,4901100020010,真乃,"『プロデューサーさんへ
素敵な贈り物をありがとうございます』",櫻木真乃,23Xmas,【’23Xmas】ガラスペン
櫻木真乃/23Xmas/【’23Xmas】ガラスペン.csv,3,4901100020020,真乃,"『頂いたガラスペンとインクで
お礼の気持ちを綴ってみました』",櫻木真乃,23Xmas,【’23Xmas】ガラスペン
櫻木真乃/23Xmas/【’23Xmas】ガラスペン.csv,4,4901100020030,真乃,"『ガラスのなかの星空も
夜空色のインクも、とてもきれいです』",櫻木真乃,23Xmas,【’23Xmas】ガラスペン
櫻木真乃/23Xmas/【’23Xmas】ガラスペン.csv,5,4901100020040,真乃,……それから……,櫻木真乃,23Xmas,【’23Xmas】ガラスペン
櫻木真乃/23Xmas/【’23Xmas】ガラスペン.csv,7,4901100020050,真乃,ふふ……っ,櫻木真乃,23Xmas,【’23Xmas】ガラスペン
櫻木真乃/23Xmas/【’23Xmas】ガラスペン.csv,8,4901100020060,真乃,『メリークリスマス』,櫻木真乃,23Xmas,【’23Xmas】ガラスペン
櫻木真乃/23Xmas/【’23Xmas】リウォームカイロ.csv,2,4901100030010,真乃,はー……,櫻木真乃,23Xmas,【’23Xmas】リウォームカイロ
櫻木真乃/23Xmas/【’23Xmas】リウォームカイロ.csv,5,4901100030020,真乃,"ほわ……
手のひらも気持ちも、ぽかぽかします……",櫻木真乃,23Xmas,【’23Xmas】リウォームカイロ
櫻木真乃/23Xmas/【’23Xmas】リウォームカイロ.csv,6,4901100030030,真乃,"……ありがとうございます
とても、心強いです……っ",櫻木真乃,23Xmas,【’23Xmas】リウォームカイロ
櫻木真乃/23Xmas/【’23Xmas】雪の結晶.csv,3,4901100040010,真乃,"……ブロックの隙間から覗いている
シロタエギクを見つけて……",櫻木真乃,23Xmas,【’23Xmas】雪の結晶
櫻木真乃/23Xmas/【’23Xmas】雪の結晶.csv,4,4901100040020,真乃,"雪の結晶が咲いているみたいです
まるで、空から降ってきたみたいに……",櫻木真乃,23Xmas,【’23Xmas】雪の結晶
櫻木真乃/23Xmas/【’23Xmas】雪の結晶.csv,7,4901100040030,真乃,"ほわ
雪が、降ってきました……",櫻木真乃,23Xmas,【’23Xmas】雪の結晶
櫻木真乃/23Xmas/【’23Xmas】雪の結晶.csv,10,4901100040040,真乃,"今年の一番雪……
すごい発見をしてしまいました……っ",櫻木真乃,23Xmas,【’23Xmas】雪の結晶
櫻木真乃/23Xmas/【’23Xmas】雪の結晶.csv,12,4901100040050,真乃,"……最初に空を降りてくる勇気と
思いがけないしあわせを、この子にもらったので……",櫻木真乃,23Xmas,【’23Xmas】雪の結晶
櫻木真乃/23Xmas/【’23Xmas】雪の結晶.csv,13,4901100040060,真乃,……えい……っ,櫻木真乃,23Xmas,【’23Xmas】雪の結晶
櫻木真乃/23Xmas/【’23Xmas】雪の結晶.csv,14,4901100040070,真乃,"……プロデューサーさんにも
おすそわけ、です……っ",櫻木真乃,23Xmas,【’23Xmas】雪の結晶
櫻木真乃/23Xmas/【’23Xmas】雪の結晶.csv,16,4901100040080,真乃,"……実は、いつお渡ししようかなって
ずっと考えていたんです……ですから……",櫻木真乃,23Xmas,【’23Xmas】雪の結晶
櫻木真乃/23Xmas/【’23Xmas】雪の結晶.csv,17,4901100040090,真乃,──メリークリスマス,櫻木真乃,23Xmas,【’23Xmas】雪の結晶
櫻木真乃/23Xmas/【’23Xmas】鳥用ベッド.csv,3,4901100010010,真乃,"ほわ……っ
ありがとうございます、これは……",櫻木真乃,23Xmas,【’23Xmas】鳥用ベッド
櫻木真乃/23Xmas/【’23Xmas】鳥用ベッド.csv,4,4901100010020,真乃,"……ピーちゃんのベッド……っ
雲みたいに、もこもこしています……",櫻木真乃,23Xmas,【’23Xmas】鳥用ベッド
櫻木真乃/23Xmas/【’23Xmas】鳥用ベッド.csv,6,4901100010030,真乃,"ふふ……っ
きっと、喜んでくれると思います",櫻木真乃,23Xmas,【’23Xmas】鳥用ベッド
櫻木真乃/23Xmas/【’23Xmas】鳥用ベッド.csv,7,4901100010040,真乃,"ピーちゃんの寝顔が撮れたら……
こっそり、お見せします",櫻木真乃,23Xmas,【’23Xmas】鳥用ベッド
櫻木真乃/G.R.A.D.篇/それでも…….csv,3,1001003040010,真乃,──みなさんこんにちは……っ,櫻木真乃,G.R.A.D.篇,それでも……
櫻木真乃/G.R.A.D.篇/それでも…….csv,4,1001003040020,真乃,"私たちは今、絶品チーズティーが飲める
こちらのお店にうかがっています……っ",櫻木真乃,G.R.A.D.篇,それでも……
櫻木真乃/G.R.A.D.篇/それでも…….csv,6,1001003040030,真乃,"えっと、チーズティーは、その……
と、鳥さんの羽みたいにふわふわした飲み物なんですっ",櫻木真乃,G.R.A.D.篇,それでも……
櫻木真乃/G.R.A.D.篇/それでも…….csv,10,1001003040040,真乃,"は、はいっ
そうなんです……っ",櫻木真乃,G.R.A.D.篇,それでも……
櫻木真乃/G.R.A.D.篇/それでも…….csv,14,1001003040050,真乃,"それでは、さっそく
チーズティーをいただいてみましょう……っ",櫻木真乃,G.R.A.D.篇,それでも……
櫻木真乃/G.R.A.D.篇/それでも…….csv,24,1001003040060,真乃,"──あっ……は、はいっ
あの……全然、平気です……っ",櫻木真乃,G.R.A.D.篇,それでも……
櫻木真乃/G.R.A.D.篇/それでも…….csv,25,1001003040070,真乃,"……プロデューサーさんも、
いつも付き添っていただいてありがとうございます",櫻木真乃,G.R.A.D.篇,それでも……
櫻木真乃/G.R.A.D.篇/それでも…….csv,28,1001003040080,真乃,"あ……えっと、あれは……
す、すみません……勝手なことをしてしまって……",櫻木真乃,G.R.A.D.篇,それでも……
櫻木真乃/G.R.A.D.篇/それでも…….csv,31,1001003040090,真乃,い、いえ……私こそ……,櫻木真乃,G.R.A.D.篇,それでも……
櫻木真乃/G.R.A.D.篇/それでも…….csv,32,1001003040100,真乃,"……その、せっかく出演させていただいているので
私、もっと頑張らなきゃダメだって──",櫻木真乃,G.R.A.D.篇,それでも……
櫻木真乃/G.R.A.D.篇/それでも…….csv,33,1001003040110,真乃,"もっと気の利いたことを言えるように
ならないとって思ったんです……",櫻木真乃,G.R.A.D.篇,それでも……
櫻木真乃/G.R.A.D.篇/それでも…….csv,34,1001003040120,真乃,…………でも、全然上手にはできなかったなって……,櫻木真乃,G.R.A.D.篇,それでも……
櫻木真乃/G.R.A.D.篇/それでも…….csv,39,1001003040130,真乃,"は、はい……
……次は……ちゃんと……",櫻木真乃,G.R.A.D.篇,それでも……
櫻木真乃/G.R.A.D.篇/それでも…….csv,41,1001003040140,真乃,"はい……
……でも、あの、プロデューサーさん……",櫻木真乃,G.R.A.D.篇,それでも……
櫻木真乃/G.R.A.D.篇/それでも…….csv,42,1001003040150,真乃,"あの……事務所に戻ったら、
このままレッスン場をお借りすることはできないでしょうか",櫻木真乃,G.R.A.D.篇,それでも……
櫻木真乃/G.R.A.D.篇/それでも…….csv,43,1001003040160,真乃,"……せめて、声を少しでも大きくしっかり出して
お話できるように、練習したいんです……っ",櫻木真乃,G.R.A.D.篇,それでも……
櫻木真乃/G.R.A.D.篇/それでも…….csv,45,1001003040170,真乃,……む、難しいでしょうか？,櫻木真乃,G.R.A.D.篇,それでも……
櫻木真乃/G.R.A.D.篇/それでも…….csv,48,1001003040180,真乃,"……っ
そ、そうですよね……すみません",櫻木真乃,G.R.A.D.篇,それでも……
櫻木真乃/G.R.A.D.篇/それでも…….csv,51,1001003040190,真乃,"……はい、プロデューサーさん
ありがとうございます……",櫻木真乃,G.R.A.D.篇,それでも……
櫻木真乃/G.R.A.D.篇/それでも…….csv,52,1001003040200,真乃,…………,櫻木真乃,G.R.A.D.篇,それでも……
櫻木真乃/G.R.A.D.篇/つづく空のはじまり.csv,3,1001003010010,真乃,"ほわぁ、こんなにたくさん……っ
ほ、本当に全部私宛てなんでしょうか……",櫻木真乃,G.R.A.D.篇,つづく空のはじまり
櫻木真乃/G.R.A.D.篇/つづく空のはじまり.csv,5,1001003010020,真乃,"……ほわ
…………ふふ……",櫻木真乃,G.R.A.D.篇,つづく空のはじまり
櫻木真乃/G.R.A.D.篇/つづく空のはじまり.csv,6,1001003010030,真乃,"──あっ
桜の便せんの方からも届いてる……",櫻木真乃,G.R.A.D.篇,つづく空のはじまり
櫻木真乃/G.R.A.D.篇/つづく空のはじまり.csv,10,1001003010040,真乃,い、いいんですか……？,櫻木真乃,G.R.A.D.篇,つづく空のはじまり
櫻木真乃/G.R.A.D.篇/つづく空のはじまり.csv,11,1001003010050,真乃,"……あの、ありがとうございます……っ
じゃあ、お言葉に甘えて……",櫻木真乃,G.R.A.D.篇,つづく空のはじまり
櫻木真乃/G.R.A.D.篇/つづく空のはじまり.csv,12,1001003010060,真乃,『この間公開された、WEBインタビュー拝見しました！』,櫻木真乃,G.R.A.D.篇,つづく空のはじまり
櫻木真乃/G.R.A.D.篇/つづく空のはじまり.csv,13,1001003010070,真乃,"『なんだか真乃ちゃんを近くに感じ、
直接お話を聞いているみたいな気持ちになって』──",櫻木真乃,G.R.A.D.篇,つづく空のはじまり
櫻木真乃/G.R.A.D.篇/つづく空のはじまり.csv,14,1001003010080,真乃,"『ライブや握手会だけじゃなく、画面越しでも
真乃ちゃんに会える機会が増えたようで嬉しいです』",櫻木真乃,G.R.A.D.篇,つづく空のはじまり
櫻木真乃/G.R.A.D.篇/つづく空のはじまり.csv,15,1001003010090,真乃,"『これからもずっと応援しています
頑張ってください』",櫻木真乃,G.R.A.D.篇,つづく空のはじまり
櫻木真乃/G.R.A.D.篇/つづく空のはじまり.csv,16,1001003010100,真乃,"ほわぁ
う、うれしいです……",櫻木真乃,G.R.A.D.篇,つづく空のはじまり
櫻木真乃/G.R.A.D.篇/つづく空のはじまり.csv,17,1001003010110,真乃,"『嬉しい』って『会える』って言ってくださって
本当に……いろんなお仕事、頑張ってよかったって……",櫻木真乃,G.R.A.D.篇,つづく空のはじまり
櫻木真乃/G.R.A.D.篇/つづく空のはじまり.csv,18,1001003010120,真乃,"この先も、もっともっと頑張ろうって
ファンのみなさんがそう思わせてくれます……っ",櫻木真乃,G.R.A.D.篇,つづく空のはじまり
櫻木真乃/G.R.A.D.篇/つづく空のはじまり.csv,20,1001003010130,真乃,…………っ,櫻木真乃,G.R.A.D.篇,つづく空のはじまり
櫻木真乃/G.R.A.D.篇/つづく空のはじまり.csv,21,1001003010140,真乃,"プロデューサーさん、
打ち合わせ始めませんか……っ",櫻木真乃,G.R.A.D.篇,つづく空のはじまり
櫻木真乃/G.R.A.D.篇/つづく空のはじまり.csv,23,1001003010150,真乃,はいっ,櫻木真乃,G.R.A.D.篇,つづく空のはじまり
櫻木真乃/G.R.A.D.篇/つづく空のはじまり.csv,24,1001003010160,真乃,"……
公開オーディション？",櫻木真乃,G.R.A.D.篇,つづく空のはじまり
櫻木真乃/G.R.A.D.篇/つづく空のはじまり.csv,26,1001003010170,真乃,……アイドル、ひとりひとりの実力……っ,櫻木真乃,G.R.A.D.篇,つづく空のはじまり
櫻木真乃/G.R.A.D.篇/つづく空のはじまり.csv,28,1001003010180,真乃,"『『G.R.A.D.』、己の力で目指せ最高のステージ
アイドルの頂点はキミだ──』",櫻木真乃,G.R.A.D.篇,つづく空のはじまり
櫻木真乃/G.R.A.D.篇/つづく空のはじまり.csv,31,1001003010190,真乃,"……個人でのPR活動……
ほわ……本当にひとりでの参加なんですね……",櫻木真乃,G.R.A.D.篇,つづく空のはじまり
櫻木真乃/G.R.A.D.篇/つづく空のはじまり.csv,33,1001003010200,真乃,"──は、はい……っ
そ、そうです、よね……",櫻木真乃,G.R.A.D.篇,つづく空のはじまり
櫻木真乃/G.R.A.D.篇/つづく空のはじまり.csv,35,1001003010210,真乃,……あっ、い、いえっ、すみません……っ,櫻木真乃,G.R.A.D.篇,つづく空のはじまり
櫻木真乃/G.R.A.D.篇/つづく空のはじまり.csv,36,1001003010220,真乃,"ここ最近はイルミネーションスターズでの──
灯織ちゃんとめぐるちゃん３人でのお仕事が多かったので",櫻木真乃,G.R.A.D.篇,つづく空のはじまり
櫻木真乃/G.R.A.D.篇/つづく空のはじまり.csv,37,1001003010230,真乃,"えっと、その……今日のお仕事のお話も
私が勝手に、３人一緒のだって思い込んでいて……",櫻木真乃,G.R.A.D.篇,つづく空のはじまり
櫻木真乃/G.R.A.D.篇/つづく空のはじまり.csv,38,1001003010240,真乃,"だから、あの……っ──だ、大丈夫ですっ
今回のお仕事、ぜひ参加させてくださいっ",櫻木真乃,G.R.A.D.篇,つづく空のはじまり
櫻木真乃/G.R.A.D.篇/つづく空のはじまり.csv,39,1001003010250,真乃,"ステージでひとりだったとしても
挑戦したいです……っ",櫻木真乃,G.R.A.D.篇,つづく空のはじまり
櫻木真乃/G.R.A.D.篇/つづく空のはじまり.csv,41,1001003010260,真乃,"はいっ
……少しだけ心細いなって思っちゃいましたけれど",櫻木真乃,G.R.A.D.篇,つづく空のはじまり
櫻木真乃/G.R.A.D.篇/つづく空のはじまり.csv,42,1001003010270,真乃,"ここまで３人で一緒に頑張ってきたことが、
私の中にたくさんありますっ",櫻木真乃,G.R.A.D.篇,つづく空のはじまり
櫻木真乃/G.R.A.D.篇/つづく空のはじまり.csv,43,1001003010280,真乃,それに……ファンのみなさんにも……,櫻木真乃,G.R.A.D.篇,つづく空のはじまり
櫻木真乃/G.R.A.D.篇/つづく空のはじまり.csv,44,1001003010290,真乃,──だから、大丈夫ですっ,櫻木真乃,G.R.A.D.篇,つづく空のはじまり
櫻木真乃/G.R.A.D.篇/つづく空のはじまり.csv,46,1001003010300,真乃,"はい……っ
よろしくお願いします、プロデューサーさんっ",櫻木真乃,G.R.A.D.篇,つづく空のはじまり
櫻木真乃/G.R.A.D.篇/とまる歩みに.csv,8,1001003050010,真乃,"あ……プロデューサーさん、お疲れさまです
えっと、なんでしょうか……？",櫻木真乃,G.R.A.D.篇,とまる歩みに
櫻木真乃/G.R.A.D.篇/とまる歩みに.csv,11,1001003050020,真乃,"──ありがとうございます……っ
ほわぁ……っ",櫻木真乃,G.R.A.D.篇,とまる歩みに
櫻木真乃/G.R.A.D.篇/とまる歩みに.csv,12,1001003050030,真乃,"レッスンが終わったら
大切に読ませていただきますね……っ",櫻木真乃,G.R.A.D.篇,とまる歩みに
櫻木真乃/G.R.A.D.篇/とまる歩みに.csv,16,1001003050040,真乃,はいっ,櫻木真乃,G.R.A.D.篇,とまる歩みに
櫻木真乃/G.R.A.D.篇/とまる歩みに.csv,19,1001003050050,真乃,"…………
鳩さん……私……",櫻木真乃,G.R.A.D.篇,とまる歩みに
櫻木真乃/G.R.A.D.篇/とまる歩みに.csv,21,1001003050060,真乃,"あ……っ
プロデューサーさん……",櫻木真乃,G.R.A.D.篇,とまる歩みに
櫻木真乃/G.R.A.D.篇/とまる歩みに.csv,24,1001003050070,真乃,"いえ……
鳩さんたちも、きっと大丈夫です……",櫻木真乃,G.R.A.D.篇,とまる歩みに
櫻木真乃/G.R.A.D.篇/とまる歩みに.csv,26,1001003050080,真乃,いえ……,櫻木真乃,G.R.A.D.篇,とまる歩みに
櫻木真乃/G.R.A.D.篇/とまる歩みに.csv,29,1001003050090,真乃,"あっ、は、はいっ
どうぞです……っ",櫻木真乃,G.R.A.D.篇,とまる歩みに
櫻木真乃/G.R.A.D.篇/とまる歩みに.csv,31,1001003050100,真乃,…………,櫻木真乃,G.R.A.D.篇,とまる歩みに
櫻木真乃/G.R.A.D.篇/とまる歩みに.csv,33,1001003050110,真乃,"……はい
レッスンが終わったので、読んでから帰りたいなって……",櫻木真乃,G.R.A.D.篇,とまる歩みに
櫻木真乃/G.R.A.D.篇/とまる歩みに.csv,36,1001003050120,真乃,"──！
い、いえ…………それは、その……",櫻木真乃,G.R.A.D.篇,とまる歩みに
櫻木真乃/G.R.A.D.篇/とまる歩みに.csv,37,1001003050130,真乃,"……あたたかい言葉がたくさんの、
とってもうれしいファンレターです……",櫻木真乃,G.R.A.D.篇,とまる歩みに
櫻木真乃/G.R.A.D.篇/とまる歩みに.csv,38,1001003050140,真乃,"…………
でも……その……",櫻木真乃,G.R.A.D.篇,とまる歩みに
櫻木真乃/G.R.A.D.篇/とまる歩みに.csv,39,1001003050150,真乃,"最近は無理をしているようで心配、前と変わらない
そのままの私でいて欲しい……って、書いてあって……",櫻木真乃,G.R.A.D.篇,とまる歩みに
櫻木真乃/G.R.A.D.篇/とまる歩みに.csv,41,1001003050160,真乃,前と変わらない……,櫻木真乃,G.R.A.D.篇,とまる歩みに
櫻木真乃/G.R.A.D.篇/とまる歩みに.csv,42,1001003050170,真乃,"私……変わらなきゃって思って、アイドルになりました
でも、まだひとりじゃなんにもできてなくて",櫻木真乃,G.R.A.D.篇,とまる歩みに
櫻木真乃/G.R.A.D.篇/とまる歩みに.csv,43,1001003050180,真乃,"全然変わってないんだって気付いて……
……アイドルとして、このままじゃダメだって",櫻木真乃,G.R.A.D.篇,とまる歩みに
櫻木真乃/G.R.A.D.篇/とまる歩みに.csv,44,1001003050190,真乃,"ファンのみなさんに気持ちをお返しするためにも……
もっともっと頑張らないとってやってきたつもりなんです",櫻木真乃,G.R.A.D.篇,とまる歩みに
櫻木真乃/G.R.A.D.篇/とまる歩みに.csv,45,1001003050200,真乃,"でも、それが……
応援してくださっている方を心配させてしまって──",櫻木真乃,G.R.A.D.篇,とまる歩みに
櫻木真乃/G.R.A.D.篇/とまる歩みに.csv,47,1001003050210,真乃,"……でも、それでも……
それでも、変わらないと私は……",櫻木真乃,G.R.A.D.篇,とまる歩みに
櫻木真乃/G.R.A.D.篇/とまる歩みに.csv,54,1001003050220,真乃,"……ほわ
変わるばかりじゃない……",櫻木真乃,G.R.A.D.篇,とまる歩みに
櫻木真乃/G.R.A.D.篇/とまる歩みに.csv,58,1001003050230,真乃,──楽しく……,櫻木真乃,G.R.A.D.篇,とまる歩みに
櫻木真乃/G.R.A.D.篇/とまる歩みに.csv,60,1001003050240,真乃,"ほわ……で、でも……
できないよりは、できたほうがいい……ですよね……",櫻木真乃,G.R.A.D.篇,とまる歩みに
櫻木真乃/G.R.A.D.篇/とまる歩みに.csv,64,1001003050250,真乃,私が、私らしく……,櫻木真乃,G.R.A.D.篇,とまる歩みに
櫻木真乃/G.R.A.D.篇/とまる歩みに.csv,66,1001003050260,真乃,"ありのままの良さ……ですか……？
……ほわ",櫻木真乃,G.R.A.D.篇,とまる歩みに
櫻木真乃/G.R.A.D.篇/とまる歩みに.csv,70,1001003050270,真乃,私の……いいところ……,櫻木真乃,G.R.A.D.篇,とまる歩みに
櫻木真乃/G.R.A.D.篇/とまる歩みに.csv,74,1001003050280,真乃,"変わることが、アイドルとして成長するのに
必要なのか……",櫻木真乃,G.R.A.D.篇,とまる歩みに
櫻木真乃/G.R.A.D.篇/とまる歩みに.csv,79,1001003050290,真乃,プロデューサーさん……,櫻木真乃,G.R.A.D.篇,とまる歩みに
櫻木真乃/G.R.A.D.篇/とまる歩みに.csv,80,1001003050300,真乃,"……はい、私──
私、ちゃんと、どうしたいのか考えてみます……っ",櫻木真乃,G.R.A.D.篇,とまる歩みに
櫻木真乃/G.R.A.D.篇/空はつづく.csv,3,1001003090010,真乃,プロデューサーさん……っ,櫻木真乃,G.R.A.D.篇,空はつづく
櫻木真乃/G.R.A.D.篇/空はつづく.csv,6,1001003090020,真乃,"ふふ……いえ……っ
鳩さんたち、きっと大丈夫です……っ",櫻木真乃,G.R.A.D.篇,空はつづく
櫻木真乃/G.R.A.D.篇/空はつづく.csv,8,1001003090030,真乃,……ふふっ,櫻木真乃,G.R.A.D.篇,空はつづく
櫻木真乃/G.R.A.D.篇/空はつづく.csv,10,1001003090040,真乃,"す、すみません
前にも同じようなことがあったなって思って",櫻木真乃,G.R.A.D.篇,空はつづく
櫻木真乃/G.R.A.D.篇/空はつづく.csv,12,1001003090050,真乃,"……あの時は、しょんぼりしていた私を
プロデューサーさんが励ましてくれました",櫻木真乃,G.R.A.D.篇,空はつづく
櫻木真乃/G.R.A.D.篇/空はつづく.csv,13,1001003090060,真乃,"……あの、事務所に戻る前に少しだけ、
ここでお話聞いてもらってもいいでしょうか……っ",櫻木真乃,G.R.A.D.篇,空はつづく
櫻木真乃/G.R.A.D.篇/空はつづく.csv,16,1001003090070,真乃,……プロデューサーさん,櫻木真乃,G.R.A.D.篇,空はつづく
櫻木真乃/G.R.A.D.篇/空はつづく.csv,17,1001003090080,真乃,"私、あの時は、変わらなきゃって
そればかり考えていました",櫻木真乃,G.R.A.D.篇,空はつづく
櫻木真乃/G.R.A.D.篇/空はつづく.csv,18,1001003090090,真乃,"……でも、
『変わること』が本当に必要なのは……",櫻木真乃,G.R.A.D.篇,空はつづく
櫻木真乃/G.R.A.D.篇/空はつづく.csv,19,1001003090100,真乃,"臆病な自分を変えなきゃって思っていた、
アイドルになる前の自分……",櫻木真乃,G.R.A.D.篇,空はつづく
櫻木真乃/G.R.A.D.篇/空はつづく.csv,20,1001003090110,真乃,アイドルじゃない時の自分だったんです,櫻木真乃,G.R.A.D.篇,空はつづく
櫻木真乃/G.R.A.D.篇/空はつづく.csv,21,1001003090120,真乃,……それが、いつの間にか,櫻木真乃,G.R.A.D.篇,空はつづく
櫻木真乃/G.R.A.D.篇/空はつづく.csv,22,1001003090130,真乃,"アイドルでいられるためには、『変わること』が
必要なんだって、そう思い込んでいました……",櫻木真乃,G.R.A.D.篇,空はつづく
櫻木真乃/G.R.A.D.篇/空はつづく.csv,24,1001003090140,真乃,"……でも今は──アイドル櫻木真乃に必要なのは
『変わること』だけじゃないってわかりました……",櫻木真乃,G.R.A.D.篇,空はつづく
櫻木真乃/G.R.A.D.篇/空はつづく.csv,26,1001003090150,真乃,"灯織ちゃん、めぐるちゃんと一緒に
アイドルでいられるのがうれしくて……",櫻木真乃,G.R.A.D.篇,空はつづく
櫻木真乃/G.R.A.D.篇/空はつづく.csv,27,1001003090160,真乃,"２８３プロで、プロデューサーさんや、
事務所のみなさんと過ごせるのがうれしくて……",櫻木真乃,G.R.A.D.篇,空はつづく
櫻木真乃/G.R.A.D.篇/空はつづく.csv,28,1001003090170,真乃,"私は、ひとりですけれど……
でも、ひとりじゃないんだって思い出したんです……っ",櫻木真乃,G.R.A.D.篇,空はつづく
櫻木真乃/G.R.A.D.篇/空はつづく.csv,30,1001003090180,真乃,それに、ファンのみなさんも……,櫻木真乃,G.R.A.D.篇,空はつづく
櫻木真乃/G.R.A.D.篇/空はつづく.csv,31,1001003090190,真乃,"今回、私が『G.R.A.D.』のステージに立てたのも、
たくさんの声援に支えられたおかげでした……",櫻木真乃,G.R.A.D.篇,空はつづく
櫻木真乃/G.R.A.D.篇/空はつづく.csv,32,1001003090200,真乃,"だから、これからも変わらず、アイドルとして
ファンのみなさんに『ありがとう』を返していきたいですっ",櫻木真乃,G.R.A.D.篇,空はつづく
櫻木真乃/G.R.A.D.篇/空はつづく.csv,33,1001003090210,真乃,"そのためにも今は、自分に何ができるのか
しっかりと考えて、伸ばしていきたいと思いますっ",櫻木真乃,G.R.A.D.篇,空はつづく
櫻木真乃/G.R.A.D.篇/空はつづく.csv,34,1001003090220,真乃,"──臆病な自分は、
まだ私の中にいるままですけれど……",櫻木真乃,G.R.A.D.篇,空はつづく
櫻木真乃/G.R.A.D.篇/空はつづく.csv,37,1001003090230,真乃,"──はいっ
ありがとうございますっ、プロデューサーさんっ",櫻木真乃,G.R.A.D.篇,空はつづく
櫻木真乃/G.R.A.D.篇/足元、ぐるりとゆがんで.csv,2,1001003030010,真乃,……おはようございます,櫻木真乃,G.R.A.D.篇,足元、ぐるりとゆがんで
櫻木真乃/G.R.A.D.篇/足元、ぐるりとゆがんで.csv,6,1001003030020,真乃,"……あ……え、えっと……
その…………",櫻木真乃,G.R.A.D.篇,足元、ぐるりとゆがんで
櫻木真乃/G.R.A.D.篇/足元、ぐるりとゆがんで.csv,8,1001003030030,真乃,"──ぷ、プロデューサーさん、あの……っ
今から、レッスン場をお借りすることはできませんかっ",櫻木真乃,G.R.A.D.篇,足元、ぐるりとゆがんで
櫻木真乃/G.R.A.D.篇/足元、ぐるりとゆがんで.csv,13,1001003030040,真乃,"あ……
は、はい……っ",櫻木真乃,G.R.A.D.篇,足元、ぐるりとゆがんで
櫻木真乃/G.R.A.D.篇/足元、ぐるりとゆがんで.csv,15,1001003030050,真乃,"あ……
ありがとうございます……っ",櫻木真乃,G.R.A.D.篇,足元、ぐるりとゆがんで
櫻木真乃/G.R.A.D.篇/足元、ぐるりとゆがんで.csv,18,1001003030060,真乃,"ほわ……飲み物まで……
す、すみません、プロデューサーさん……",櫻木真乃,G.R.A.D.篇,足元、ぐるりとゆがんで
櫻木真乃/G.R.A.D.篇/足元、ぐるりとゆがんで.csv,21,1001003030070,真乃,……ありがとうございます、いただきます,櫻木真乃,G.R.A.D.篇,足元、ぐるりとゆがんで
櫻木真乃/G.R.A.D.篇/足元、ぐるりとゆがんで.csv,22,1001003030080,真乃,──……美味しいです,櫻木真乃,G.R.A.D.篇,足元、ぐるりとゆがんで
櫻木真乃/G.R.A.D.篇/足元、ぐるりとゆがんで.csv,26,1001003030090,真乃,──……っ,櫻木真乃,G.R.A.D.篇,足元、ぐるりとゆがんで
櫻木真乃/G.R.A.D.篇/足元、ぐるりとゆがんで.csv,27,1001003030100,真乃,"何かあったわけではないんです……
でも……その……",櫻木真乃,G.R.A.D.篇,足元、ぐるりとゆがんで
櫻木真乃/G.R.A.D.篇/足元、ぐるりとゆがんで.csv,28,1001003030110,真乃,"……今日の課題、
クラスのお友達が他のみんなとやっておくからって……",櫻木真乃,G.R.A.D.篇,足元、ぐるりとゆがんで
櫻木真乃/G.R.A.D.篇/足元、ぐるりとゆがんで.csv,29,1001003030120,真乃,"私は、レッスンとかお仕事で忙しいだろうからって……
気を遣って言ってくれたんです……",櫻木真乃,G.R.A.D.篇,足元、ぐるりとゆがんで
櫻木真乃/G.R.A.D.篇/足元、ぐるりとゆがんで.csv,30,1001003030130,真乃,"でも、私……この日のために予定を空けたこと
言わなきゃいけなかったのに、伝えられなくて……",櫻木真乃,G.R.A.D.篇,足元、ぐるりとゆがんで
櫻木真乃/G.R.A.D.篇/足元、ぐるりとゆがんで.csv,31,1001003030140,真乃,何度も何度も、伝えなきゃって思ったのに……,櫻木真乃,G.R.A.D.篇,足元、ぐるりとゆがんで
櫻木真乃/G.R.A.D.篇/足元、ぐるりとゆがんで.csv,32,1001003030150,真乃,"灯織ちゃんやめぐるちゃんにお話するみたいには
……できなくて……",櫻木真乃,G.R.A.D.篇,足元、ぐるりとゆがんで
櫻木真乃/G.R.A.D.篇/足元、ぐるりとゆがんで.csv,33,1001003030160,真乃,"……私、ひとりじゃ……
なんにもできてないんだって……",櫻木真乃,G.R.A.D.篇,足元、ぐるりとゆがんで
櫻木真乃/G.R.A.D.篇/足元、ぐるりとゆがんで.csv,35,1001003030170,真乃,"……この先、『G.R.A.D.』の予選も控えているのに
今のままじゃダメだって",櫻木真乃,G.R.A.D.篇,足元、ぐるりとゆがんで
櫻木真乃/G.R.A.D.篇/足元、ぐるりとゆがんで.csv,36,1001003030180,真乃,もっともっと頑張らなきゃって思って……っ,櫻木真乃,G.R.A.D.篇,足元、ぐるりとゆがんで
櫻木真乃/G.R.A.D.篇/足元、ぐるりとゆがんで.csv,37,1001003030190,真乃,"何か、なんでもいいから何かやらなくちゃって
だから──",櫻木真乃,G.R.A.D.篇,足元、ぐるりとゆがんで
櫻木真乃/G.R.A.D.篇/足元、ぐるりとゆがんで.csv,39,1001003030200,真乃,"は、はい……
……あの……その、す、すみません……っ",櫻木真乃,G.R.A.D.篇,足元、ぐるりとゆがんで
櫻木真乃/G.R.A.D.篇/足元、ぐるりとゆがんで.csv,40,1001003030210,真乃,"わ、私のわがままで今日の予定を空けていただいたのに……
ちゃんとお話しないまま、レッスンを入れて欲しいなんて",櫻木真乃,G.R.A.D.篇,足元、ぐるりとゆがんで
櫻木真乃/G.R.A.D.篇/足元、ぐるりとゆがんで.csv,44,1001003030220,真乃,"──無理はしていないです……っ
その、本当に私のわがままで……",櫻木真乃,G.R.A.D.篇,足元、ぐるりとゆがんで
櫻木真乃/G.R.A.D.篇/足元、ぐるりとゆがんで.csv,47,1001003030230,真乃,"──っ
あ、ありがとうございます……っ",櫻木真乃,G.R.A.D.篇,足元、ぐるりとゆがんで
櫻木真乃/G.R.A.D.篇/足元、ぐるりとゆがんで.csv,50,1001003030240,真乃,はいっ,櫻木真乃,G.R.A.D.篇,足元、ぐるりとゆがんで
櫻木真乃/G.R.A.D.篇/足元、ぐるりとゆがんで.csv,51,1001003030250,真乃,"あの、本当にありがとうございます、プロデューサーさんっ
それじゃあ私、いってきますね……っ",櫻木真乃,G.R.A.D.篇,足元、ぐるりとゆがんで
櫻木真乃/G.R.A.D.篇/跳ねるように進む.csv,2,1001003020010,真乃,おはようございますっ,櫻木真乃,G.R.A.D.篇,跳ねるように進む
櫻木真乃/G.R.A.D.篇/跳ねるように進む.csv,4,1001003020020,真乃,いえっ、全然……っ,櫻木真乃,G.R.A.D.篇,跳ねるように進む
櫻木真乃/G.R.A.D.篇/跳ねるように進む.csv,6,1001003020030,真乃,今週中に……そんなに早くできるんですね……っ,櫻木真乃,G.R.A.D.篇,跳ねるように進む
櫻木真乃/G.R.A.D.篇/跳ねるように進む.csv,8,1001003020040,真乃,"ほわ……プロデューサーさんに
いろいろお任せしてしまってすみません……",櫻木真乃,G.R.A.D.篇,跳ねるように進む
櫻木真乃/G.R.A.D.篇/跳ねるように進む.csv,10,1001003020050,真乃,"でも……
動画の公開は私のわがままでもあるので……",櫻木真乃,G.R.A.D.篇,跳ねるように進む
櫻木真乃/G.R.A.D.篇/跳ねるように進む.csv,15,1001003020060,真乃,"ほわ……
あ、ありがとうございます……っ",櫻木真乃,G.R.A.D.篇,跳ねるように進む
櫻木真乃/G.R.A.D.篇/跳ねるように進む.csv,17,1001003020070,真乃,──はいっ,櫻木真乃,G.R.A.D.篇,跳ねるように進む
櫻木真乃/G.R.A.D.篇/跳ねるように進む.csv,19,1001003020080,真乃,"はいっ
──あっ、手帳を出すのでちょっとだけ待ってください",櫻木真乃,G.R.A.D.篇,跳ねるように進む
櫻木真乃/G.R.A.D.篇/跳ねるように進む.csv,20,1001003020090,真乃,"お待たせしました……っ
大丈夫です……っ",櫻木真乃,G.R.A.D.篇,跳ねるように進む
櫻木真乃/G.R.A.D.篇/跳ねるように進む.csv,23,1001003020100,真乃,"はいっ。……あっ……あと、
来週にグルメ番組の収録が入っていますっ",櫻木真乃,G.R.A.D.篇,跳ねるように進む
櫻木真乃/G.R.A.D.篇/跳ねるように進む.csv,25,1001003020110,真乃,は、はい……っ,櫻木真乃,G.R.A.D.篇,跳ねるように進む
櫻木真乃/G.R.A.D.篇/跳ねるように進む.csv,26,1001003020120,真乃,"……食レポ、久し振りなのでちゃんとできるかって
少しドキドキしちゃいます……",櫻木真乃,G.R.A.D.篇,跳ねるように進む
櫻木真乃/G.R.A.D.篇/跳ねるように進む.csv,28,1001003020130,真乃,ほわ……自然体……,櫻木真乃,G.R.A.D.篇,跳ねるように進む
櫻木真乃/G.R.A.D.篇/跳ねるように進む.csv,32,1001003020140,真乃,……き、緊張しちゃいそうだったら──,櫻木真乃,G.R.A.D.篇,跳ねるように進む
櫻木真乃/G.R.A.D.篇/跳ねるように進む.csv,33,1001003020150,真乃,"前に、プロデューサーさんが
言ってくれたことを思い出しますっ",櫻木真乃,G.R.A.D.篇,跳ねるように進む
櫻木真乃/G.R.A.D.篇/跳ねるように進む.csv,34,1001003020160,真乃,"深呼吸したり……っ
お料理を楽しむことに専念したり……っ",櫻木真乃,G.R.A.D.篇,跳ねるように進む
櫻木真乃/G.R.A.D.篇/跳ねるように進む.csv,36,1001003020170,真乃,ふふ……はいっ,櫻木真乃,G.R.A.D.篇,跳ねるように進む
櫻木真乃/G.R.A.D.篇/跳ねるように進む.csv,38,1001003020180,真乃,"はい、そうみたいです……っ
──あっ",櫻木真乃,G.R.A.D.篇,跳ねるように進む
櫻木真乃/G.R.A.D.篇/跳ねるように進む.csv,39,1001003020190,真乃,…………,櫻木真乃,G.R.A.D.篇,跳ねるように進む
櫻木真乃/G.R.A.D.篇/跳ねるように進む.csv,41,1001003020200,真乃,"あ……えっと、すぐのことではないんですけれど
その、この先のことで少しだけご相談が……",櫻木真乃,G.R.A.D.篇,跳ねるように進む
櫻木真乃/G.R.A.D.篇/跳ねるように進む.csv,44,1001003020210,真乃,は、はい……っ,櫻木真乃,G.R.A.D.篇,跳ねるように進む
櫻木真乃/G.R.A.D.篇/跳ねるように進む.csv,45,1001003020220,真乃,"先に組んでいただいたレッスンの予定で
一日だけお休みが欲しい日があるんです……",櫻木真乃,G.R.A.D.篇,跳ねるように進む
櫻木真乃/G.R.A.D.篇/跳ねるように進む.csv,46,1001003020230,真乃,"学校でグループ課題が出ていて、クラスのみんなと
調べ物をするのに集まる日が、被ってしまって……",櫻木真乃,G.R.A.D.篇,跳ねるように進む
櫻木真乃/G.R.A.D.篇/跳ねるように進む.csv,48,1001003020240,真乃,"あの……っ
私のわがままで、すみません……っ",櫻木真乃,G.R.A.D.篇,跳ねるように進む
櫻木真乃/G.R.A.D.篇/跳ねるように進む.csv,51,1001003020250,真乃,プロデューサーさん……,櫻木真乃,G.R.A.D.篇,跳ねるように進む
櫻木真乃/G.R.A.D.篇/跳ねるように進む.csv,52,1001003020260,真乃,"……はいっ、ありがとうございますっ
私、めいっぱい楽しんできますねっ",櫻木真乃,G.R.A.D.篇,跳ねるように進む
櫻木真乃/Landing Point編/ライブ1曲目前コミュ《個人》.csv,2,6001004010010,真乃,…………,櫻木真乃,Landing Point編,ライブ1曲目前コミュ《個人》
櫻木真乃/Landing Point編/ライブ1曲目前コミュ《個人》.csv,3,6001004010020,真乃,………………,櫻木真乃,Landing Point編,ライブ1曲目前コミュ《個人》
櫻木真乃/Landing Point編/ライブ1曲目前コミュ《個人》.csv,4,6001004010030,真乃,ん……っ,櫻木真乃,Landing Point編,ライブ1曲目前コミュ《個人》
櫻木真乃/Landing Point編/ライブ1曲目前コミュ《個人》.csv,5,6001004010040,真乃,"──いってきますっ
プロデューサーさん",櫻木真乃,Landing Point編,ライブ1曲目前コミュ《個人》
櫻木真乃/Landing Point編/ライブ1曲目前コミュ《個人》.csv,7,6001004010041,真乃＆プロデューサー,…………,櫻木真乃,Landing Point編,ライブ1曲目前コミュ《個人》
櫻木真乃/Landing Point編/ライブ1曲目前コミュ《個人》.csv,8,6001004010050,真乃,ふふ……っ,櫻木真乃,Landing Point編,ライブ1曲目前コミュ《個人》
櫻木真乃/Landing Point編/ライブ1曲目前コミュ《個人》.csv,10,6001004010060,真乃,い、いえ……っ,櫻木真乃,Landing Point編,ライブ1曲目前コミュ《個人》
櫻木真乃/Landing Point編/ライブ1曲目前コミュ《個人》.csv,11,6001004010070,真乃,"そうじゃないんです
とってもとっても……必要で……",櫻木真乃,Landing Point編,ライブ1曲目前コミュ《個人》
櫻木真乃/Landing Point編/ライブ1曲目前コミュ《個人》.csv,12,6001004010080,真乃,私にとって大事な言葉なので……,櫻木真乃,Landing Point編,ライブ1曲目前コミュ《個人》
櫻木真乃/Landing Point編/ライブ1曲目前コミュ《個人》.csv,13,6001004010090,真乃,……胸の中に、ちゃんといます,櫻木真乃,Landing Point編,ライブ1曲目前コミュ《個人》
櫻木真乃/Landing Point編/ライブ1曲目前コミュ《個人》.csv,14,6001004010100,真乃,優しくて、あたたかい──,櫻木真乃,Landing Point編,ライブ1曲目前コミュ《個人》
櫻木真乃/Landing Point編/ライブ2曲目前コミュ《個人》.csv,2,6001004020010,真乃,"このライブは私たちにとって初めての、
私たちだけの大きなライブです",櫻木真乃,Landing Point編,ライブ2曲目前コミュ《個人》
櫻木真乃/Landing Point編/ライブ2曲目前コミュ《個人》.csv,3,6001004020020,真乃,──この日のために、たくさん練習してきました,櫻木真乃,Landing Point編,ライブ2曲目前コミュ《個人》
櫻木真乃/Landing Point編/ライブ2曲目前コミュ《個人》.csv,4,6001004020030,真乃,"もっとこうしたら楽しんでもらえるかな？
こうした方が喜んでもらえるかな？　……って",櫻木真乃,Landing Point編,ライブ2曲目前コミュ《個人》
櫻木真乃/Landing Point編/ライブ2曲目前コミュ《個人》.csv,5,6001004020040,真乃,"灯織ちゃんやめぐるちゃんと、
たくさんたくさん話し合ってきました",櫻木真乃,Landing Point編,ライブ2曲目前コミュ《個人》
櫻木真乃/Landing Point編/ライブ2曲目前コミュ《個人》.csv,6,6001004020050,真乃,…………,櫻木真乃,Landing Point編,ライブ2曲目前コミュ《個人》
櫻木真乃/Landing Point編/ライブ2曲目前コミュ《個人》.csv,7,6001004020060,真乃,"だから、つい、精一杯頑張るので見てくださいって
言いそうになってしまうんですけれど",櫻木真乃,Landing Point編,ライブ2曲目前コミュ《個人》
櫻木真乃/Landing Point編/ライブ2曲目前コミュ《個人》.csv,8,6001004020070,真乃,今日は、弱気な気持ちをぐっとおさえて──,櫻木真乃,Landing Point編,ライブ2曲目前コミュ《個人》
櫻木真乃/Landing Point編/ライブ2曲目前コミュ《個人》.csv,9,6001004020080,真乃,"……イルミネーションスターズからみなさんへ
最高のステージをお届けします",櫻木真乃,Landing Point編,ライブ2曲目前コミュ《個人》
櫻木真乃/Landing Point編/ライブ2曲目前コミュ《個人》.csv,10,6001004020090,真乃,どうぞ楽しんでください……っ,櫻木真乃,Landing Point編,ライブ2曲目前コミュ《個人》
櫻木真乃/Landing Point編/ライブ3曲目前コミュ《個人》.csv,7,6001004030010,真乃,……はい,櫻木真乃,Landing Point編,ライブ3曲目前コミュ《個人》
櫻木真乃/Landing Point編/ライブ3曲目前コミュ《個人》.csv,9,6001004030020,真乃,…………,櫻木真乃,Landing Point編,ライブ3曲目前コミュ《個人》
櫻木真乃/Landing Point編/ライブ3曲目前コミュ《個人》.csv,12,6001004030030,真乃,はい……っ,櫻木真乃,Landing Point編,ライブ3曲目前コミュ《個人》
櫻木真乃/Landing Point編/ライブ後コミュ《個人》大成功.csv,3,6001004040010,真乃,プロデューサーさん……っ,櫻木真乃,Landing Point編,ライブ後コミュ《個人》大成功
櫻木真乃/Landing Point編/ライブ後コミュ《個人》大成功.csv,5,6001004040020,真乃,──……,櫻木真乃,Landing Point編,ライブ後コミュ《個人》大成功
櫻木真乃/Landing Point編/ライブ後コミュ《個人》大成功.csv,6,6001004040030,真乃,とっても……とっても……,櫻木真乃,Landing Point編,ライブ後コミュ《個人》大成功
櫻木真乃/Landing Point編/ライブ後コミュ《個人》大成功.csv,7,6001004040040,真乃,最高でした……っ,櫻木真乃,Landing Point編,ライブ後コミュ《個人》大成功
櫻木真乃/Landing Point編/ライブ後コミュ《個人》大成功.csv,8,6001004040050,真乃,"時間の全部、輝いていて、
本当に全部……眩しくて……っ",櫻木真乃,Landing Point編,ライブ後コミュ《個人》大成功
櫻木真乃/Landing Point編/ライブ後コミュ《個人》大成功.csv,9,6001004040060,真乃,"それで……それで……っ
ふふ……",櫻木真乃,Landing Point編,ライブ後コミュ《個人》大成功
櫻木真乃/Landing Point編/ライブ後コミュ《個人》大成功.csv,11,6001004040070,真乃,ふ、ふふ……っ,櫻木真乃,Landing Point編,ライブ後コミュ《個人》大成功
櫻木真乃/Landing Point編/ライブ後コミュ《個人》大成功.csv,12,6001004040080,真乃,"言葉に……できません……
──ふふ……っ",櫻木真乃,Landing Point編,ライブ後コミュ《個人》大成功
櫻木真乃/Landing Point編/ライブ後コミュ《個人》大成功.csv,14,6001004040090,真乃,す、すみません、でも……,櫻木真乃,Landing Point編,ライブ後コミュ《個人》大成功
櫻木真乃/Landing Point編/ライブ後コミュ《個人》大成功.csv,15,6001004040091,真乃＆プロデューサー,──ふふ……っ,櫻木真乃,Landing Point編,ライブ後コミュ《個人》大成功
櫻木真乃/Landing Point編/ライブ後コミュ《個人》成功.csv,3,6001004040010,真乃,プロデューサーさん……っ,櫻木真乃,Landing Point編,ライブ後コミュ《個人》成功
櫻木真乃/Landing Point編/ライブ後コミュ《個人》成功.csv,5,6001004040020,真乃,──……,櫻木真乃,Landing Point編,ライブ後コミュ《個人》成功
櫻木真乃/Landing Point編/ライブ後コミュ《個人》成功.csv,6,6001004040030,真乃,とっても……とっても……,櫻木真乃,Landing Point編,ライブ後コミュ《個人》成功
櫻木真乃/Landing Point編/ライブ後コミュ《個人》成功.csv,7,6001004040070,真乃,ふ、ふふ……っ,櫻木真乃,Landing Point編,ライブ後コミュ《個人》成功
櫻木真乃/Landing Point編/ライブ後コミュ《個人》成功.csv,8,6001004040080,真乃,"言葉に……できません……
──ふふ……っ",櫻木真乃,Landing Point編,ライブ後コミュ《個人》成功
櫻木真乃/Landing Point編/ライブ後コミュ《個人》成功.csv,10,6001004040090,真乃,す、すみません、でも……,櫻木真乃,Landing Point編,ライブ後コミュ《個人》成功
櫻木真乃/Landing Point編/ライブ後コミュ《個人》成功.csv,11,6001004040091,真乃＆プロデューサー,──ふふ……っ,櫻木真乃,Landing Point編,ライブ後コミュ《個人》成功
櫻木真乃/Landing Point編/不思議の夜の森.csv,5,1001004030010,真乃,"ほわぁ……ふふ……
クレヨンで書かれてます……っ",櫻木真乃,Landing Point編,不思議の夜の森
櫻木真乃/Landing Point編/不思議の夜の森.csv,6,1001004030020,真乃,番組、いろんな方が見てくださっているんですね……,櫻木真乃,Landing Point編,不思議の夜の森
櫻木真乃/Landing Point編/不思議の夜の森.csv,12,1001004030030,真乃,はい……っ,櫻木真乃,Landing Point編,不思議の夜の森
櫻木真乃/Landing Point編/不思議の夜の森.csv,13,1001004030040,真乃,……あの、スタジオトークも頑張ります……ので,櫻木真乃,Landing Point編,不思議の夜の森
櫻木真乃/Landing Point編/不思議の夜の森.csv,14,1001004030050,真乃,見守っていてくれますか……？,櫻木真乃,Landing Point編,不思議の夜の森
櫻木真乃/Landing Point編/不思議の夜の森.csv,19,1001004030060,真乃,"は、はい……っ
好きです……知っていてくれたんですか",櫻木真乃,Landing Point編,不思議の夜の森
櫻木真乃/Landing Point編/不思議の夜の森.csv,22,1001004030070,真乃,"も、持ちネタはないですけれど……っ
えっと……じゃあ……",櫻木真乃,Landing Point編,不思議の夜の森
櫻木真乃/Landing Point編/不思議の夜の森.csv,23,1001004030080,真乃,フクロウさんに助けてもらったお話を……,櫻木真乃,Landing Point編,不思議の夜の森
櫻木真乃/Landing Point編/不思議の夜の森.csv,25,1001004030090,真乃,……小さい頃、家族でキャンプした時のことなんですが,櫻木真乃,Landing Point編,不思議の夜の森
櫻木真乃/Landing Point編/不思議の夜の森.csv,26,1001004030100,真乃,"私、テントから離れて……
森の中で道がわからなくなってしまったんです",櫻木真乃,Landing Point編,不思議の夜の森
櫻木真乃/Landing Point編/不思議の夜の森.csv,27,1001004030110,真乃,"ひとりで、ずーっと……
迷って、迷って──",櫻木真乃,Landing Point編,不思議の夜の森
櫻木真乃/Landing Point編/不思議の夜の森.csv,28,1001004030120,真乃,"……今思えば、
ほんの少しの時間だったと思うのですが……っ",櫻木真乃,Landing Point編,不思議の夜の森
櫻木真乃/Landing Point編/不思議の夜の森.csv,29,1001004030130,真乃,迷っている時間は、とっても長く感じて……,櫻木真乃,Landing Point編,不思議の夜の森
櫻木真乃/Landing Point編/不思議の夜の森.csv,31,1001004030140,真乃,そんなところに──,櫻木真乃,Landing Point編,不思議の夜の森
櫻木真乃/Landing Point編/不思議の夜の森.csv,32,1001004030150,真乃,フクロウさんが来てくれたんです,櫻木真乃,Landing Point編,不思議の夜の森
櫻木真乃/Landing Point編/不思議の夜の森.csv,33,1001004030160,真乃,不安な私をなだめるように、ほーほーって……,櫻木真乃,Landing Point編,不思議の夜の森
櫻木真乃/Landing Point編/不思議の夜の森.csv,34,1001004030170,真乃,優しく、あたたかく声をかけてくれて……,櫻木真乃,Landing Point編,不思議の夜の森
櫻木真乃/Landing Point編/不思議の夜の森.csv,35,1001004030180,真乃,"分かれ道では、
こっちだよって教えてくれて──",櫻木真乃,Landing Point編,不思議の夜の森
櫻木真乃/Landing Point編/不思議の夜の森.csv,36,1001004030190,真乃,……気がついたら、テントのそばまで戻っていました,櫻木真乃,Landing Point編,不思議の夜の森
櫻木真乃/Landing Point編/不思議の夜の森.csv,39,1001004030200,真乃,"はい……っ
そうなんです",櫻木真乃,Landing Point編,不思議の夜の森
櫻木真乃/Landing Point編/不思議の夜の森.csv,40,1001004030210,真乃,フクロウさんはきっと……,櫻木真乃,Landing Point編,不思議の夜の森
櫻木真乃/Landing Point編/不思議の夜の森.csv,42,1001004030220,真乃,ほ、本当ですか……っ,櫻木真乃,Landing Point編,不思議の夜の森
櫻木真乃/Landing Point編/不思議の夜の森.csv,48,1001004030230,真乃,……,櫻木真乃,Landing Point編,不思議の夜の森
櫻木真乃/Landing Point編/不思議の夜の森.csv,50,1001004030240,真乃,…………,櫻木真乃,Landing Point編,不思議の夜の森
櫻木真乃/Landing Point編/不思議の夜の森.csv,51,1001004030250,真乃,"ふふ……っ
いえ、その……",櫻木真乃,Landing Point編,不思議の夜の森
櫻木真乃/Landing Point編/不思議の夜の森.csv,52,1001004030260,真乃,……きっと、同じ声だったと思います,櫻木真乃,Landing Point編,不思議の夜の森
櫻木真乃/Landing Point編/不思議の夜の森.csv,53,1001004030270,真乃,優しくて、あたたかい──,櫻木真乃,Landing Point編,不思議の夜の森
櫻木真乃/Landing Point編/暗がりから、つかんで.csv,4,1001004040010,真乃,はい、全然平気です……っ,櫻木真乃,Landing Point編,暗がりから、つかんで
櫻木真乃/Landing Point編/暗がりから、つかんで.csv,5,1001004040020,真乃,"あっ……
プロデューサーさんも大丈夫ですか？",櫻木真乃,Landing Point編,暗がりから、つかんで
櫻木真乃/Landing Point編/暗がりから、つかんで.csv,9,1001004040030,真乃,"ほわ……
ありがとうございます……っ",櫻木真乃,Landing Point編,暗がりから、つかんで
櫻木真乃/Landing Point編/暗がりから、つかんで.csv,12,1001004040040,真乃,"わ……はいっ
フクロウさんやミミズクさんに喜んでもらえるなら──",櫻木真乃,Landing Point編,暗がりから、つかんで
櫻木真乃/Landing Point編/暗がりから、つかんで.csv,15,1001004040050,真乃,"ほわっ、す、すみませんっ
早とちりしちゃいました……っ",櫻木真乃,Landing Point編,暗がりから、つかんで
櫻木真乃/Landing Point編/暗がりから、つかんで.csv,17,1001004040060,真乃,"で、でしたら……
はいっ、ぜひ……っ",櫻木真乃,Landing Point編,暗がりから、つかんで
櫻木真乃/Landing Point編/暗がりから、つかんで.csv,18,1001004040061,真乃＆飼育員,──ふふ……っ,櫻木真乃,Landing Point編,暗がりから、つかんで
櫻木真乃/Landing Point編/暗がりから、つかんで.csv,20,1001004040070,真乃,はい──,櫻木真乃,Landing Point編,暗がりから、つかんで
櫻木真乃/Landing Point編/暗がりから、つかんで.csv,21,1001004040080,真乃,──っ！,櫻木真乃,Landing Point編,暗がりから、つかんで
櫻木真乃/Landing Point編/暗がりから、つかんで.csv,23,1001004040090,真乃,"……プロデューサーさん
……………っ",櫻木真乃,Landing Point編,暗がりから、つかんで
櫻木真乃/Landing Point編/暗がりから、つかんで.csv,25,1001004040100,真乃,い、いえ……,櫻木真乃,Landing Point編,暗がりから、つかんで
櫻木真乃/Landing Point編/暗がりから、つかんで.csv,26,1001004040110,真乃,お医者さんはなんて……？,櫻木真乃,Landing Point編,暗がりから、つかんで
櫻木真乃/Landing Point編/暗がりから、つかんで.csv,28,1001004040120,真乃,"……
よかった、です……",櫻木真乃,Landing Point編,暗がりから、つかんで
櫻木真乃/Landing Point編/暗がりから、つかんで.csv,30,1001004040130,真乃,…………,櫻木真乃,Landing Point編,暗がりから、つかんで
櫻木真乃/Landing Point編/暗がりから、つかんで.csv,31,1001004040140,真乃,身体を動かすことはダメ……ですか……,櫻木真乃,Landing Point編,暗がりから、つかんで
櫻木真乃/Landing Point編/暗がりから、つかんで.csv,34,1001004040150,真乃,………………,櫻木真乃,Landing Point編,暗がりから、つかんで
櫻木真乃/Landing Point編/暗がりから、つかんで.csv,35,1001004040160,真乃,あ、あの……,櫻木真乃,Landing Point編,暗がりから、つかんで
櫻木真乃/Landing Point編/暗がりから、つかんで.csv,36,1001004040170,真乃,"私、大丈夫……です……
ケガのところはあまり動かさないようにするので……",櫻木真乃,Landing Point編,暗がりから、つかんで
櫻木真乃/Landing Point編/暗がりから、つかんで.csv,39,1001004040180,真乃,番組、お休みしたくないです……,櫻木真乃,Landing Point編,暗がりから、つかんで
櫻木真乃/Landing Point編/暗がりから、つかんで.csv,40,1001004040190,真乃,続けたい……です……,櫻木真乃,Landing Point編,暗がりから、つかんで
櫻木真乃/Landing Point編/暗がりから、つかんで.csv,42,1001004040200,真乃,…………,櫻木真乃,Landing Point編,暗がりから、つかんで
櫻木真乃/Landing Point編/暗がりから、つかんで.csv,43,1001004040210,真乃,"……あの……
視聴者のみなさんも楽しみにしてくださっていますし",櫻木真乃,Landing Point編,暗がりから、つかんで
櫻木真乃/Landing Point編/暗がりから、つかんで.csv,44,1001004040220,真乃,"スタッフさんや飼育員さんにも
いろいろ教えていただいて……",櫻木真乃,Landing Point編,暗がりから、つかんで
櫻木真乃/Landing Point編/暗がりから、つかんで.csv,45,1001004040230,真乃,やっと少しずつ、このお仕事にも慣れてきたと思うんです,櫻木真乃,Landing Point編,暗がりから、つかんで
櫻木真乃/Landing Point編/暗がりから、つかんで.csv,47,1001004040240,真乃,"今、休んでしまったら、
そうしたものを全部なくしてしまいそうで……",櫻木真乃,Landing Point編,暗がりから、つかんで
櫻木真乃/Landing Point編/暗がりから、つかんで.csv,48,1001004040250,真乃,もうこのお仕事に呼んでもらえないかもしれないし……,櫻木真乃,Landing Point編,暗がりから、つかんで
櫻木真乃/Landing Point編/暗がりから、つかんで.csv,49,1001004040260,真乃,だから……,櫻木真乃,Landing Point編,暗がりから、つかんで
櫻木真乃/Landing Point編/暗がりから、つかんで.csv,53,1001004040270,真乃,…………,櫻木真乃,Landing Point編,暗がりから、つかんで
櫻木真乃/Landing Point編/暗がりから、つかんで.csv,59,1001004040280,真乃,…………,櫻木真乃,Landing Point編,暗がりから、つかんで
櫻木真乃/Landing Point編/暗がりから、つかんで.csv,64,1001004040290,真乃,……はい,櫻木真乃,Landing Point編,暗がりから、つかんで
櫻木真乃/Landing Point編/暗がりから、つかんで.csv,67,1001004040300,真乃,…………っ,櫻木真乃,Landing Point編,暗がりから、つかんで
櫻木真乃/Landing Point編/暗がりから、つかんで.csv,70,1001004040310,真乃,…………,櫻木真乃,Landing Point編,暗がりから、つかんで
櫻木真乃/Landing Point編/暗がりから、つかんで.csv,72,1001004040320,真乃,……はい,櫻木真乃,Landing Point編,暗がりから、つかんで
櫻木真乃/Landing Point編/暗がりから、つかんで.csv,80,1001004040330,真乃,…………っ,櫻木真乃,Landing Point編,暗がりから、つかんで
櫻木真乃/Landing Point編/暗がりから、つかんで.csv,81,1001004040340,真乃,"わ、私……っ
すみません…………",櫻木真乃,Landing Point編,暗がりから、つかんで
櫻木真乃/Landing Point編/暗がりから、つかんで.csv,82,1001004040350,真乃,"すみません……プロデューサーさんを……
みなさんを信じられなかったわけじゃないんです",櫻木真乃,Landing Point編,暗がりから、つかんで
櫻木真乃/Landing Point編/暗がりから、つかんで.csv,83,1001004040360,真乃,……られなかったのは……,櫻木真乃,Landing Point編,暗がりから、つかんで
櫻木真乃/Landing Point編/暗がりから、つかんで.csv,84,1001004040370,真乃,信じられなかったのは──,櫻木真乃,Landing Point編,暗がりから、つかんで
櫻木真乃/Landing Point編/迷って、欲しがって.csv,2,1001004020010,真乃,"『今から、お花に囲まれた素敵な場所で
とっても楽しみにしていた収録が始まります』",櫻木真乃,Landing Point編,迷って、欲しがって
櫻木真乃/Landing Point編/迷って、欲しがって.csv,3,1001004020020,真乃,"『詳細お伝えできるようになったら
またご報告しますね』",櫻木真乃,Landing Point編,迷って、欲しがって
櫻木真乃/Landing Point編/迷って、欲しがって.csv,4,1001004020030,真乃,"『収録の後は、ライブに向けての打ち合わせがあります
今日も、頑張ります』",櫻木真乃,Landing Point編,迷って、欲しがって
櫻木真乃/Landing Point編/迷って、欲しがって.csv,9,1001004020040,真乃,"みなさん、こんにちは……っ
イルミネーションスターズの櫻木真乃です",櫻木真乃,Landing Point編,迷って、欲しがって
櫻木真乃/Landing Point編/迷って、欲しがって.csv,10,1001004020050,真乃,"きれいなお花と、たくさんの鳥さんたちに会える
こちらの花鳥園をご紹介させていただきます……っ",櫻木真乃,Landing Point編,迷って、欲しがって
櫻木真乃/Landing Point編/迷って、欲しがって.csv,11,1001004020060,真乃,"まず最初の鳥さんは……
花鳥園の人気者、フラミンゴさんです……っ",櫻木真乃,Landing Point編,迷って、欲しがって
櫻木真乃/Landing Point編/迷って、欲しがって.csv,12,1001004020070,真乃,"みなさん知っていますか？
フラミンゴさんはとっても情熱的なダンサーでもあるんです",櫻木真乃,Landing Point編,迷って、欲しがって
櫻木真乃/Landing Point編/迷って、欲しがって.csv,13,1001004020080,真乃,"こうやって……
群れのみんなで頭を振るのですが……",櫻木真乃,Landing Point編,迷って、欲しがって
櫻木真乃/Landing Point編/迷って、欲しがって.csv,14,1001004020090,真乃,"このダンスは今からみんなで恋をしよう、子育てしよう、
助け合おう……って号令でもあるそうです",櫻木真乃,Landing Point編,迷って、欲しがって
櫻木真乃/Landing Point編/迷って、欲しがって.csv,15,1001004020100,真乃,"また、フラミンゴさんが恋をする時期は、
一年でいちばん鮮やかな羽色になります",櫻木真乃,Landing Point編,迷って、欲しがって
櫻木真乃/Landing Point編/迷って、欲しがって.csv,16,1001004020110,真乃,"尾羽の下から出る赤い色素を、くちばしで丁寧に羽に塗って
きれいなピンクに見えるようにお化粧するんですよ",櫻木真乃,Landing Point編,迷って、欲しがって
櫻木真乃/Landing Point編/迷って、欲しがって.csv,17,1001004020120,真乃,"……ふふ……っ
フラミンゴさんのダンスやお化粧、見てみたいですよねっ",櫻木真乃,Landing Point編,迷って、欲しがって
櫻木真乃/Landing Point編/迷って、欲しがって.csv,18,1001004020130,真乃,それでは、その様子をVTRで──どうぞっ,櫻木真乃,Landing Point編,迷って、欲しがって
櫻木真乃/Landing Point編/迷って、欲しがって.csv,20,1001004020140,真乃,"は、はい……
ありがとうございます……っ",櫻木真乃,Landing Point編,迷って、欲しがって
櫻木真乃/Landing Point編/迷って、欲しがって.csv,23,1001004020150,真乃,"あ、お疲れさまです……っ
はい、もちろんです。なんでも──",櫻木真乃,Landing Point編,迷って、欲しがって
櫻木真乃/Landing Point編/迷って、欲しがって.csv,26,1001004020160,真乃,"い、いえっ、そんな……
飼育員さんから教えていただいたことばかりで……",櫻木真乃,Landing Point編,迷って、欲しがって
櫻木真乃/Landing Point編/迷って、欲しがって.csv,28,1001004020170,真乃,"……あの……大丈夫だったでしょうか
何か間違いとかは……",櫻木真乃,Landing Point編,迷って、欲しがって
櫻木真乃/Landing Point編/迷って、欲しがって.csv,30,1001004020180,真乃,"よかったです……
ほっとしました",櫻木真乃,Landing Point編,迷って、欲しがって
櫻木真乃/Landing Point編/迷って、欲しがって.csv,31,1001004020190,真乃,"フラミンゴさんの魅力をちゃんと伝えられているか……
とても心配だったので",櫻木真乃,Landing Point編,迷って、欲しがって
櫻木真乃/Landing Point編/迷って、欲しがって.csv,33,1001004020200,真乃,は、はい……っ,櫻木真乃,Landing Point編,迷って、欲しがって
櫻木真乃/Landing Point編/迷って、欲しがって.csv,38,1001004020210,真乃,ありがとうございます,櫻木真乃,Landing Point編,迷って、欲しがって
櫻木真乃/Landing Point編/迷って、欲しがって.csv,39,1001004020220,真乃,"飼育員さんも、お仕事頑張ってください
また……っ",櫻木真乃,Landing Point編,迷って、欲しがって
櫻木真乃/Landing Point編/迷って、欲しがって.csv,41,1001004020230,真乃,"……飼育員さんが、
優しく言葉をかけてくださったので……",櫻木真乃,Landing Point編,迷って、欲しがって
櫻木真乃/Landing Point編/迷って、欲しがって.csv,42,1001004020240,真乃,…………,櫻木真乃,Landing Point編,迷って、欲しがって
櫻木真乃/Landing Point編/迷って、欲しがって.csv,43,1001004020250,真乃,"あの……プロデューサーさんから見て、
どうでしたでしょうか……",櫻木真乃,Landing Point編,迷って、欲しがって
櫻木真乃/Landing Point編/迷って、欲しがって.csv,44,1001004020260,真乃,"うまくできていないことがあったら
教えていただけたらうれしいです……っ",櫻木真乃,Landing Point編,迷って、欲しがって
櫻木真乃/Landing Point編/迷って、欲しがって.csv,45,1001004020270,真乃,私、頑張るので……っ,櫻木真乃,Landing Point編,迷って、欲しがって
櫻木真乃/Landing Point編/迷って、欲しがって.csv,50,1001004020280,真乃,……はい,櫻木真乃,Landing Point編,迷って、欲しがって
櫻木真乃/Landing Point編/迷って、欲しがって.csv,53,1001004020290,真乃,……はいっ,櫻木真乃,Landing Point編,迷って、欲しがって
櫻木真乃/Landing Point編/迷って、欲しがって.csv,56,1001004020300,真乃,"あ……
もしかして先に移動……",櫻木真乃,Landing Point編,迷って、欲しがって
櫻木真乃/Landing Point編/迷って、欲しがって.csv,59,1001004020310,真乃,はい、小走りで……っ,櫻木真乃,Landing Point編,迷って、欲しがって
櫻木真乃/Landing Point編/降りそそぐ羽のように.csv,2,1001004060010,真乃,"本日の収録でリポートは最後になります
……ありがとうございました",櫻木真乃,Landing Point編,降りそそぐ羽のように
櫻木真乃/Landing Point編/降りそそぐ羽のように.csv,9,1001004060020,真乃,"わ……っ
いいんですか……？",櫻木真乃,Landing Point編,降りそそぐ羽のように
櫻木真乃/Landing Point編/降りそそぐ羽のように.csv,12,1001004060030,真乃,ペリカンさん、クジャクさん……っ,櫻木真乃,Landing Point編,降りそそぐ羽のように
櫻木真乃/Landing Point編/降りそそぐ羽のように.csv,14,1001004060040,真乃,……ふふ,櫻木真乃,Landing Point編,降りそそぐ羽のように
櫻木真乃/Landing Point編/降りそそぐ羽のように.csv,15,1001004060050,真乃,すみません、それではお言葉に甘えて……,櫻木真乃,Landing Point編,降りそそぐ羽のように
櫻木真乃/Landing Point編/降りそそぐ羽のように.csv,17,1001004060070,真乃,"……最後の日なので、
もっとさみしい気持ちになると思っていたんですけれど",櫻木真乃,Landing Point編,降りそそぐ羽のように
櫻木真乃/Landing Point編/降りそそぐ羽のように.csv,19,1001004060080,真乃,"はい、ちょっと居場所をつくります
でも手乗りサイズのぬいぐるみなのでそんなには",櫻木真乃,Landing Point編,降りそそぐ羽のように
櫻木真乃/Landing Point編/降りそそぐ羽のように.csv,20,1001004060090,真乃,フラミンゴさん、ハシビロコウさん、ペンギンさん,櫻木真乃,Landing Point編,降りそそぐ羽のように
櫻木真乃/Landing Point編/降りそそぐ羽のように.csv,21,1001004060100,真乃,ペリカンさん、クジャクさん……,櫻木真乃,Landing Point編,降りそそぐ羽のように
櫻木真乃/Landing Point編/降りそそぐ羽のように.csv,22,1001004060110,真乃,フクロウさん……,櫻木真乃,Landing Point編,降りそそぐ羽のように
櫻木真乃/Landing Point編/降りそそぐ羽のように.csv,23,1001004060120,真乃,……どんな時もフクロウさんが見守ってくれているので,櫻木真乃,Landing Point編,降りそそぐ羽のように
櫻木真乃/Landing Point編/降りそそぐ羽のように.csv,24,1001004060130,真乃,……私も、あまり迷わないように頑張ります,櫻木真乃,Landing Point編,降りそそぐ羽のように
櫻木真乃/Landing Point編/降りそそぐ羽のように.csv,25,1001004060140,真乃,……ちゃんと前を向いて歩くように頑張ります,櫻木真乃,Landing Point編,降りそそぐ羽のように
櫻木真乃/Landing Point編/降りそそぐ羽のように.csv,26,1001004060150,真乃,……でも……それでも迷ってしまった時には,櫻木真乃,Landing Point編,降りそそぐ羽のように
櫻木真乃/Landing Point編/降りそそぐ羽のように.csv,27,1001004060160,真乃,……また、優しくてあたたかい言葉をください,櫻木真乃,Landing Point編,降りそそぐ羽のように
櫻木真乃/Landing Point編/降りそそぐ羽のように.csv,29,1001004060170,真乃,……！,櫻木真乃,Landing Point編,降りそそぐ羽のように
櫻木真乃/Landing Point編/降りそそぐ羽のように.csv,32,1001004060180,真乃,…………,櫻木真乃,Landing Point編,降りそそぐ羽のように
櫻木真乃/Landing Point編/降りそそぐ羽のように.csv,35,1001004060190,真乃,ふふ……っ,櫻木真乃,Landing Point編,降りそそぐ羽のように
櫻木真乃/Landing Point編/降りそそぐ羽のように.csv,36,1001004060200,真乃,"…………ふふふ…………っ
はい、できれば……",櫻木真乃,Landing Point編,降りそそぐ羽のように
櫻木真乃/Landing Point編/降りそそぐ羽のように.csv,37,1001004060210,真乃,いつものプロデューサーさんの声で,櫻木真乃,Landing Point編,降りそそぐ羽のように
櫻木真乃/Landing Point編/降りつもる羽のように.csv,2,1001004010010,真乃,『ライブのお知らせ』,櫻木真乃,Landing Point編,降りつもる羽のように
櫻木真乃/Landing Point編/降りつもる羽のように.csv,3,1001004010020,真乃,"『この度、イルミネーションスターズで
ワンマンライブを開催できることになりました』",櫻木真乃,Landing Point編,降りつもる羽のように
櫻木真乃/Landing Point編/降りつもる羽のように.csv,4,1001004010030,真乃,"『応援してくださるファンのみなさんと
いっぱいいっぱい楽しい時間をすごせたらなって思います』",櫻木真乃,Landing Point編,降りつもる羽のように
櫻木真乃/Landing Point編/降りつもる羽のように.csv,5,1001004010040,真乃,『#ライブ告知 #イルミネーションスターズ』,櫻木真乃,Landing Point編,降りつもる羽のように
櫻木真乃/Landing Point編/降りつもる羽のように.csv,7,1001004010050,真乃,……見ていただいてありがとうございます,櫻木真乃,Landing Point編,降りつもる羽のように
櫻木真乃/Landing Point編/降りつもる羽のように.csv,11,1001004010060,真乃,ほわ……,櫻木真乃,Landing Point編,降りつもる羽のように
櫻木真乃/Landing Point編/降りつもる羽のように.csv,12,1001004010070,真乃,"あ、あんまり他のみなさんみたいに
ちゃんとできているか自信はないんですけれど……",櫻木真乃,Landing Point編,降りつもる羽のように
櫻木真乃/Landing Point編/降りつもる羽のように.csv,15,1001004010080,真乃,"いえ……っ
今日はこれだけです……っ",櫻木真乃,Landing Point編,降りつもる羽のように
櫻木真乃/Landing Point編/降りつもる羽のように.csv,18,1001004010090,真乃,はい……っ,櫻木真乃,Landing Point編,降りつもる羽のように
櫻木真乃/Landing Point編/降りつもる羽のように.csv,22,1001004010100,真乃,ほわぁ……花鳥園でリポート……,櫻木真乃,Landing Point編,降りつもる羽のように
櫻木真乃/Landing Point編/降りつもる羽のように.csv,26,1001004010110,真乃,"……わ、私、その……
やって、みたいです",櫻木真乃,Landing Point編,降りつもる羽のように
櫻木真乃/Landing Point編/降りつもる羽のように.csv,27,1001004010120,真乃,"……鳥さんとのお仕事なので
やりたいなっていう気持ちも大きいんですけれど……",櫻木真乃,Landing Point編,降りつもる羽のように
櫻木真乃/Landing Point編/降りつもる羽のように.csv,28,1001004010130,真乃,"いろんなお仕事を通して
ファンのみなさんとちょっとでもつながれたら……",櫻木真乃,Landing Point編,降りつもる羽のように
櫻木真乃/Landing Point編/降りつもる羽のように.csv,32,1001004010140,真乃,"……はい……っ
精一杯、頑張ります……っ",櫻木真乃,Landing Point編,降りつもる羽のように
櫻木真乃/Landing Point編/降りつもる羽のように.csv,33,1001004010150,真乃,"ワンマンライブも、リポートのお仕事も……っ
だから……",櫻木真乃,Landing Point編,降りつもる羽のように
櫻木真乃/Landing Point編/降りつもる羽のように.csv,34,1001004010160,真乃,"だから、プロデューサーさん
私のこと、見守っていてくれますか……？",櫻木真乃,Landing Point編,降りつもる羽のように
櫻木真乃/Landing Point編/鮮やかに茜さす.csv,4,1001004050010,真乃,お世話になりますっ,櫻木真乃,Landing Point編,鮮やかに茜さす
櫻木真乃/Landing Point編/鮮やかに茜さす.csv,6,1001004050020,真乃,……はい、おかげさまで,櫻木真乃,Landing Point編,鮮やかに茜さす
櫻木真乃/Landing Point編/鮮やかに茜さす.csv,7,1001004050030,真乃,"お医者さんから普段通りに動いていいって
お墨付きをいただきました",櫻木真乃,Landing Point編,鮮やかに茜さす
櫻木真乃/Landing Point編/鮮やかに茜さす.csv,11,1001004050040,真乃,……ありがとうございますっ,櫻木真乃,Landing Point編,鮮やかに茜さす
櫻木真乃/Landing Point編/鮮やかに茜さす.csv,14,1001004050050,真乃,は、はい……っ,櫻木真乃,Landing Point編,鮮やかに茜さす
櫻木真乃/Landing Point編/鮮やかに茜さす.csv,15,1001004050060,真乃,"あ……、あの、よかったらその餌籠、
私に運ばせてもらえないでしょうか",櫻木真乃,Landing Point編,鮮やかに茜さす
櫻木真乃/Landing Point編/鮮やかに茜さす.csv,16,1001004050070,真乃,"……フラミンゴさんの餌ですよね
でしたら、途中で通りますし……",櫻木真乃,Landing Point編,鮮やかに茜さす
櫻木真乃/Landing Point編/鮮やかに茜さす.csv,19,1001004050080,真乃,"はい……っ
歓迎していただいたお礼に……",櫻木真乃,Landing Point編,鮮やかに茜さす
櫻木真乃/Landing Point編/鮮やかに茜さす.csv,21,1001004050090,真乃,よい……しょっと……,櫻木真乃,Landing Point編,鮮やかに茜さす
櫻木真乃/Landing Point編/鮮やかに茜さす.csv,22,1001004050100,真乃,"あ……ふふ
焦らなくてもたくさんあるからね",櫻木真乃,Landing Point編,鮮やかに茜さす
櫻木真乃/Landing Point編/鮮やかに茜さす.csv,23,1001004050110,真乃,"ほら、きみは遠慮しないで
こっちにおいで……",櫻木真乃,Landing Point編,鮮やかに茜さす
櫻木真乃/Landing Point編/鮮やかに茜さす.csv,25,1001004050120,真乃,餌をあげている間に、覚えちゃったんです……っ,櫻木真乃,Landing Point編,鮮やかに茜さす
櫻木真乃/Landing Point編/鮮やかに茜さす.csv,26,1001004050130,真乃,"……この子は色が薄くて引っ込み思案だけど、
小さな鳥……スズメさんにも餌を分けてあげるんです",櫻木真乃,Landing Point編,鮮やかに茜さす
櫻木真乃/Landing Point編/鮮やかに茜さす.csv,27,1001004050140,真乃,"こっちにいるのは、のんびりした子で……
いつも最後まで食べていて……",櫻木真乃,Landing Point編,鮮やかに茜さす
櫻木真乃/Landing Point編/鮮やかに茜さす.csv,29,1001004050150,真乃,ふふっ……,櫻木真乃,Landing Point編,鮮やかに茜さす
櫻木真乃/Landing Point編/鮮やかに茜さす.csv,33,1001004050160,真乃,プロデューサーさん…………,櫻木真乃,Landing Point編,鮮やかに茜さす
櫻木真乃/Landing Point編/鮮やかに茜さす.csv,36,1001004050170,真乃,"お待たせしましたっ
行きましょう",櫻木真乃,Landing Point編,鮮やかに茜さす
櫻木真乃/Landing Point編/鮮やかに茜さす.csv,38,1001004050180,真乃,今日からまた頑張りますねっ,櫻木真乃,Landing Point編,鮮やかに茜さす
櫻木真乃/Landing Point編/鮮やかに茜さす.csv,41,1001004050190,真乃,……,櫻木真乃,Landing Point編,鮮やかに茜さす
櫻木真乃/Landing Point編/鮮やかに茜さす.csv,42,1001004050200,真乃,"プロデューサーさんの言葉は、
優しくて、あたたかくて……とっても安心します",櫻木真乃,Landing Point編,鮮やかに茜さす
櫻木真乃/Landing Point編/鮮やかに茜さす.csv,43,1001004050210,真乃,"……だから……わかっていたのに、
それにずっと甘えていたんです",櫻木真乃,Landing Point編,鮮やかに茜さす
櫻木真乃/Landing Point編/鮮やかに茜さす.csv,45,1001004050220,真乃,…………,櫻木真乃,Landing Point編,鮮やかに茜さす
櫻木真乃/Landing Point編/鮮やかに茜さす.csv,46,1001004050230,真乃,私、やります……,櫻木真乃,Landing Point編,鮮やかに茜さす
櫻木真乃/Landing Point編/鮮やかに茜さす.csv,47,1001004050240,真乃,"不安な気持ちを、
しっかりとした形に変えられるように",櫻木真乃,Landing Point編,鮮やかに茜さす
櫻木真乃/Landing Point編/鮮やかに茜さす.csv,48,1001004050250,真乃,"プロデューサーさんと……
自分を信じて",櫻木真乃,Landing Point編,鮮やかに茜さす
櫻木真乃/Morning/Morning⑪.csv,2,1001001001110010,真乃,おはようございます、プロデューサーさんっ,櫻木真乃,Morning,Morning⑪
櫻木真乃/Morning/Morning⑪.csv,4,1001001001110020,真乃,"実は昨日……灯織ちゃんとめぐるちゃんと、
ご飯を食べに行ってきましたっ！",櫻木真乃,Morning,Morning⑪
櫻木真乃/Morning/Morning⑪.csv,9,1001001001110030,真乃,"はいっ、ふたりともすっごく優しいんです
どれがおいしそうか一緒に選んでくれて……",櫻木真乃,Morning,Morning⑪
櫻木真乃/Morning/Morning⑪.csv,10,1001001001110040,真乃,"また行こうねって約束しました
次はどこへ行こうかなぁ……楽しみです",櫻木真乃,Morning,Morning⑪
櫻木真乃/Morning/Morning⑪.csv,12,1001001001110050,真乃,"カフェに行ってきましたっ
私、あまりカフェには詳しくないんですけど……",櫻木真乃,Morning,Morning⑪
櫻木真乃/Morning/Morning⑪.csv,13,1001001001110060,真乃,"灯織ちゃんとめぐるちゃんが色々教えてくれました
とっても楽しかったですっ",櫻木真乃,Morning,Morning⑪
櫻木真乃/Morning/Morning⑪.csv,15,1001001001110070,真乃,はい、頑張ってお仕事しますっ,櫻木真乃,Morning,Morning⑪
櫻木真乃/Morning/Morning⑪.csv,16,1001001001110080,真乃,"昨日はお仕事のことを忘れて遊んでいました
それじゃあ、ダメですよね？",櫻木真乃,Morning,Morning⑪
櫻木真乃/Morning/Morning⑫.csv,2,1001001001210010,真乃,"この前のイベントで、ファンのみなさんが
送ってくれた声援が忘れられなくて……",櫻木真乃,Morning,Morning⑫
櫻木真乃/Morning/Morning⑫.csv,3,1001001001210020,真乃,"だから今日もアイドル活動を頑張りたいです
プロデューサーさん、よろしくお願いしますねっ",櫻木真乃,Morning,Morning⑫
櫻木真乃/Morning/Morning⑫.csv,9,1001001001210030,真乃,"どうしたら大きな声援がもらえるんでしょうか
みなさんが喜んでくれるようなステージをすれば……",櫻木真乃,Morning,Morning⑫
櫻木真乃/Morning/Morning⑫.csv,10,1001001001210040,真乃,"きっとそうですよね
私、頑張ります。むんっ",櫻木真乃,Morning,Morning⑫
櫻木真乃/Morning/Morning⑫.csv,12,1001001001210050,真乃,"ほわっ、筋トレ……
はいっ、トレーニングは大切ですっ",櫻木真乃,Morning,Morning⑫
櫻木真乃/Morning/Morning⑫.csv,13,1001001001210060,真乃,基礎が大切ってことですね、プロデューサーさん,櫻木真乃,Morning,Morning⑫
櫻木真乃/Morning/Morning⑫.csv,15,1001001001210070,真乃,"はい、無理をして怪我しちゃったら大変ですよね
でも……",櫻木真乃,Morning,Morning⑫
櫻木真乃/Morning/Morning⑫.csv,16,1001001001210080,真乃,"私にできることは、
何でもやっておきたいなって思います……",櫻木真乃,Morning,Morning⑫
櫻木真乃/Morning/Morning⑬.csv,2,1001001001310010,真乃,プロデューサーさんっ……,櫻木真乃,Morning,Morning⑬
櫻木真乃/Morning/Morning⑬.csv,4,1001001001310020,真乃,"この前、ファンの方から『癒される～』って言われたんです
だけど、なんて返事していいか、わからなくて……",櫻木真乃,Morning,Morning⑬
櫻木真乃/Morning/Morning⑬.csv,9,1001001001310030,真乃,"……何も言わずに微笑めばいいんですか？
えっと……こう、でしょうか？",櫻木真乃,Morning,Morning⑬
櫻木真乃/Morning/Morning⑬.csv,10,1001001001310040,真乃,"ほわ……？
プロデューサーさんまでにこにこ顔になりました？",櫻木真乃,Morning,Morning⑬
櫻木真乃/Morning/Morning⑬.csv,12,1001001001310050,真乃,"ほわ～って言えばいいんですか……？
ええと、じゃあ練習してみますね",櫻木真乃,Morning,Morning⑬
櫻木真乃/Morning/Morning⑬.csv,13,1001001001310060,真乃,"ほわ～……違うような気が……？
ほわ～……こんな感じですか、プロデューサーさん？",櫻木真乃,Morning,Morning⑬
櫻木真乃/Morning/Morning⑬.csv,15,1001001001310070,真乃,はいっ、次からはそうしてみますねっ,櫻木真乃,Morning,Morning⑬
櫻木真乃/Morning/Morning⑬.csv,16,1001001001310080,真乃,"ほわわわ……
私って、癒されるんですねぇ……？",櫻木真乃,Morning,Morning⑬
櫻木真乃/Morning/Morning⑭.csv,3,1001001001410010,真乃,"オハヨー！　ボクは、ピーちゃんですゾ～
ぽっぽる～",櫻木真乃,Morning,Morning⑭
櫻木真乃/Morning/Morning⑭.csv,4,1001001001410020,真乃,ふふっ、なんちゃって,櫻木真乃,Morning,Morning⑭
櫻木真乃/Morning/Morning⑭.csv,9,1001001001410030,真乃,"ほわっ、プロデューサーさん、
鳩さんの物真似、すっごく上手なんですね～っ",櫻木真乃,Morning,Morning⑭
櫻木真乃/Morning/Morning⑭.csv,10,1001001001410040,真乃,"なんて言ってくれたんですか？
私は『今日も頑張ります』って言ったんですよ",櫻木真乃,Morning,Morning⑭
櫻木真乃/Morning/Morning⑭.csv,12,1001001001410050,真乃,"はいっ、でもピーちゃんは鳩さんなので、
人の言葉は喋れないんですけどね",櫻木真乃,Morning,Morning⑭
櫻木真乃/Morning/Morning⑭.csv,13,1001001001410060,真乃,"なので『ぽっぽる～』のところだけが物真似です
すごく似てるって、家族に好評なんですよっ",櫻木真乃,Morning,Morning⑭
櫻木真乃/Morning/Morning⑭.csv,15,1001001001410070,真乃,"そうなんです、ピーちゃんは私が帰るまで、
とってもお利口さんにお留守番しててくれて……",櫻木真乃,Morning,Morning⑭
櫻木真乃/Morning/Morning⑭.csv,16,1001001001410080,真乃,"ほわ……ちょっぴり、
ピーちゃんが恋しくなってきちゃいました……",櫻木真乃,Morning,Morning⑭
櫻木真乃/Morning/Morning⑮.csv,2,1001001001510010,真乃,"お仕事とはわかっていても、
ロケでいろんな所へお出かけできるのはうれしいです",櫻木真乃,Morning,Morning⑮
櫻木真乃/Morning/Morning⑮.csv,3,1001001001510020,真乃,ほわ、ちょっと不真面目でしょうか？,櫻木真乃,Morning,Morning⑮
櫻木真乃/Morning/Morning⑮.csv,9,1001001001510030,真乃,"ほわっ、富士山に登るってことですか……？
それは……その……",櫻木真乃,Morning,Morning⑮
櫻木真乃/Morning/Morning⑮.csv,10,1001001001510040,真乃,"とってもいいと思います！
頑張って登りますね、むんっ",櫻木真乃,Morning,Morning⑮
櫻木真乃/Morning/Morning⑮.csv,12,1001001001510050,真乃,"ほわっ、夜の森ですか？
それにホラ―撮影って……すごく怖そうです……",櫻木真乃,Morning,Morning⑮
櫻木真乃/Morning/Morning⑮.csv,13,1001001001510060,真乃,"でも、プロデューサーさんが見ていてくれるなら……
絶対に離れないでくださいねっ",櫻木真乃,Morning,Morning⑮
櫻木真乃/Morning/Morning⑮.csv,15,1001001001510070,真乃,"はいっ、屋内撮影も
いつものように頑張りますっ",櫻木真乃,Morning,Morning⑮
櫻木真乃/Morning/Morning⑮.csv,16,1001001001510080,真乃,ロケは……また今度の楽しみに取っておきますね,櫻木真乃,Morning,Morning⑮
櫻木真乃/Morning/morning①.csv,3,1001001000110010,真乃,"はい、お買い物に行きましたっ！
かわいい鳥さんの小物を見つけたんです",櫻木真乃,Morning,morning①
櫻木真乃/Morning/morning①.csv,4,1001001000110020,真乃,"本当にほわほわ～ってかわいくて、
買おうか迷っちゃいました",櫻木真乃,Morning,morning①
櫻木真乃/Morning/morning①.csv,9,1001001000110030,真乃,"はいっ、お散歩するのが大好きで、お店もよく覗きます
たまに素敵な物に出会えるのが楽しいですっ",櫻木真乃,Morning,morning①
櫻木真乃/Morning/morning①.csv,10,1001001000110040,真乃,"ほわ、鳥さんの小物とも素敵な出会いですよね？
うん……やっぱり、買っちゃいますっ",櫻木真乃,Morning,morning①
櫻木真乃/Morning/morning①.csv,12,1001001000110050,真乃,"モチーフはインコです
巾着になっていて、頭の紐をきゅっとすると……",櫻木真乃,Morning,morning①
櫻木真乃/Morning/morning①.csv,13,1001001000110060,真乃,"ほわわっ、そこまで聞いてないですよね……
プロデューサーさんにも見せたかったです",櫻木真乃,Morning,morning①
櫻木真乃/Morning/morning①.csv,15,1001001000110070,真乃,ほわ……そうなんでしょうか……？,櫻木真乃,Morning,morning①
櫻木真乃/Morning/morning①.csv,16,1001001000110080,真乃,"小物だけじゃなくて、
鳥さんがモチーフのものならなんでも好きです",櫻木真乃,Morning,morning①
櫻木真乃/Morning/morning②.csv,3,1001001000210010,真乃,"あ、プロデューサーさん、
おはようございますっ",櫻木真乃,Morning,morning②
櫻木真乃/Morning/morning②.csv,4,1001001000210020,真乃,今日はすっごくいいお天気ですね,櫻木真乃,Morning,morning②
櫻木真乃/Morning/morning②.csv,9,1001001000210030,真乃,"はいっ、
朝からずっとウキウキしてました",櫻木真乃,Morning,morning②
櫻木真乃/Morning/morning②.csv,10,1001001000210040,真乃,"張り切ってお仕事できそうです
頑張りますね、プロデューサーさん",櫻木真乃,Morning,morning②
櫻木真乃/Morning/morning②.csv,12,1001001000210050,真乃,"ほわっ、お天気キャスターさんですか……？
えーっと……",櫻木真乃,Morning,morning②
櫻木真乃/Morning/morning②.csv,13,1001001000210060,真乃,"本日は全国的に晴れです。洗濯物がよく乾くでしょう
こ、こんな感じでしょうか……？",櫻木真乃,Morning,morning②
櫻木真乃/Morning/morning②.csv,15,1001001000210070,真乃,ほわっ、本当ですか……？,櫻木真乃,Morning,morning②
櫻木真乃/Morning/morning②.csv,16,1001001000210080,真乃,"こんなにいいお天気なのに……
今からしょんぼりしてしまいます……",櫻木真乃,Morning,morning②
櫻木真乃/Morning/morning③.csv,2,1001001000310010,真乃,"ふぅ……
おはようございます",櫻木真乃,Morning,morning③
櫻木真乃/Morning/morning③.csv,4,1001001000310020,真乃,"実は……事務所に来るまでのバスが混んでて、
ちょっとだけ大変でした",櫻木真乃,Morning,morning③
櫻木真乃/Morning/morning③.csv,9,1001001000310030,真乃,"ほわわっ、いいんですか？
ありがとうございます、プロデューサーさんっ",櫻木真乃,Morning,morning③
櫻木真乃/Morning/morning③.csv,10,1001001000310040,真乃,"公園のきれいな空気を吸えば、
きっと元気になれます",櫻木真乃,Morning,morning③
櫻木真乃/Morning/morning③.csv,12,1001001000310050,真乃,はい……人ごみはどうしても息が詰まって……,櫻木真乃,Morning,morning③
櫻木真乃/Morning/morning③.csv,13,1001001000310060,真乃,"それに満員だと降りる時が大変で……
毎回決死の覚悟が必要なんです、むんっ",櫻木真乃,Morning,morning③
櫻木真乃/Morning/morning③.csv,15,1001001000310070,真乃,私専用の優先席ですか……？,櫻木真乃,Morning,morning③
櫻木真乃/Morning/morning③.csv,16,1001001000310080,真乃,"ほわっ……で、でも他のお客さんが座れなくて
困ってしまわないでしょうか？",櫻木真乃,Morning,morning③
櫻木真乃/Morning/morning④.csv,2,1001001000410010,真乃,～～♪,櫻木真乃,Morning,morning④
櫻木真乃/Morning/morning④.csv,3,1001001000410020,真乃,ほわ～鳥さんの鳴き声が聞こえますね,櫻木真乃,Morning,morning④
櫻木真乃/Morning/morning④.csv,9,1001001000410030,真乃,"はいっ、そうですねっ
まるで歌ってるみたいで、本当にかわいいっ",櫻木真乃,Morning,morning④
櫻木真乃/Morning/morning④.csv,10,1001001000410040,真乃,"鳥さんたちの歌を聞いてると、
私も一緒に歌いたくなっちゃうんです、ふふっ",櫻木真乃,Morning,morning④
櫻木真乃/Morning/morning④.csv,12,1001001000410050,真乃,"ほわっ……プロデューサーさんに
聞こえてたんですか？",櫻木真乃,Morning,morning④
櫻木真乃/Morning/morning④.csv,13,1001001000410060,真乃,"私、無意識に歌いたくなっちゃうんで……
ちょっと恥ずかしいです……",櫻木真乃,Morning,morning④
櫻木真乃/Morning/morning④.csv,15,1001001000410070,真乃,"ふふっ、あの小さな身体から
あんなに大きな声が出るのってすごいです",櫻木真乃,Morning,morning④
櫻木真乃/Morning/morning④.csv,16,1001001000410080,真乃,"私も……鳥さんたちに負けないくらい
大きな声が出せるようになれたらいいんですけど……",櫻木真乃,Morning,morning④
櫻木真乃/Morning/morning⑤.csv,2,1001001000510010,真乃,"今日はぽかぽかしてて、
お外でご飯が食べたくなる気分です",櫻木真乃,Morning,morning⑤
櫻木真乃/Morning/morning⑤.csv,4,1001001000510020,真乃,"プロデューサーさん、
お外でご飯を食べるなら何がいいですか？",櫻木真乃,Morning,morning⑤
櫻木真乃/Morning/morning⑤.csv,9,1001001000510030,真乃,"ほわ～、いいですね～
お野菜があふれそうなくらいパンに挟んであって……",櫻木真乃,Morning,morning⑤
櫻木真乃/Morning/morning⑤.csv,10,1001001000510040,真乃,"お昼ご飯はサンドイッチにしようかな？
ふふっ、お腹空いてきちゃいました",櫻木真乃,Morning,morning⑤
櫻木真乃/Morning/morning⑤.csv,12,1001001000510050,真乃,"ほわっ、お仕事中にですか……？
さすがはプロデューサーさん、豪快ですっ",櫻木真乃,Morning,morning⑤
櫻木真乃/Morning/morning⑤.csv,13,1001001000510060,真乃,"え？　アウトドアのご飯だと勘違いを……？
そうだったんですね、ビックリしました……",櫻木真乃,Morning,morning⑤
櫻木真乃/Morning/morning⑤.csv,15,1001001000510070,真乃,"お外で食べるお菓子は美味しいですよね
私もそう思いますっ",櫻木真乃,Morning,morning⑤
櫻木真乃/Morning/morning⑤.csv,16,1001001000510080,真乃,"……でも、できたら
ご飯もちゃんと食べてくださいね、プロデューサーさんっ",櫻木真乃,Morning,morning⑤
櫻木真乃/Morning/morning⑥.csv,2,1001001000610010,真乃,次のお休みは晴れるといいな～,櫻木真乃,Morning,morning⑥
櫻木真乃/Morning/morning⑥.csv,4,1001001000610020,真乃,"実は、次のお休みにハイキングに行こうと思って
今から楽しみなんです",櫻木真乃,Morning,morning⑥
櫻木真乃/Morning/morning⑥.csv,9,1001001000610030,真乃,"はいっ
やっぱり山へ行ったらヤッホーです",櫻木真乃,Morning,morning⑥
櫻木真乃/Morning/morning⑥.csv,10,1001001000610040,真乃,"レッスンの成果を活かして、
おっきなおっきな山びこを響かせてきますね",櫻木真乃,Morning,morning⑥
櫻木真乃/Morning/morning⑥.csv,12,1001001000610050,真乃,"山に咲くお花を見たりするのが好きで、
たまに行くことがありますっ",櫻木真乃,Morning,morning⑥
櫻木真乃/Morning/morning⑥.csv,13,1001001000610060,真乃,"今回はひさしぶりに行くので、
楽しんでこようって思ってますっ",櫻木真乃,Morning,morning⑥
櫻木真乃/Morning/morning⑥.csv,15,1001001000610070,真乃,"ほわわ……やめた方がいいんでしょうか……？
アイドルですし、よけいな怪我をしたらいけませんね……",櫻木真乃,Morning,morning⑥
櫻木真乃/Morning/morning⑥.csv,16,1001001000610080,真乃,"楽しみにしてましたけど、
やっぱりやめておきますねっ",櫻木真乃,Morning,morning⑥
櫻木真乃/Morning/morning⑦.csv,2,1001001000710010,真乃,"プロデューサーさん、
私、今日はいい日なんですっ",櫻木真乃,Morning,morning⑦
櫻木真乃/Morning/morning⑦.csv,4,1001001000710020,真乃,私が育ててるお花が咲いたんですっ,櫻木真乃,Morning,morning⑦
櫻木真乃/Morning/morning⑦.csv,9,1001001000710030,真乃,"はいっ、毎日水やりして……時々肥料もあげて
いつ咲くか楽しみにしていたんですっ",櫻木真乃,Morning,morning⑦
櫻木真乃/Morning/morning⑦.csv,10,1001001000710040,真乃,"なので今日、咲いてるのを見たときは、
ほわぁって言っちゃいました！",櫻木真乃,Morning,morning⑦
櫻木真乃/Morning/morning⑦.csv,12,1001001000710050,真乃,"はいっ、
綺麗に咲いてくれました",櫻木真乃,Morning,morning⑦
櫻木真乃/Morning/morning⑦.csv,13,1001001000710060,真乃,"ほわ、写真を撮ってくればよかったですね
そしたらプロデューサーさんにも見てもらえたのに",櫻木真乃,Morning,morning⑦
櫻木真乃/Morning/morning⑦.csv,15,1001001000710070,真乃,"ほわわっ、そうだったんですか……
それは悲しかったですよね……",櫻木真乃,Morning,morning⑦
櫻木真乃/Morning/morning⑦.csv,16,1001001000710080,真乃,"大丈夫ですっ
次はうまく育てられますから……",櫻木真乃,Morning,morning⑦
櫻木真乃/Morning/morning⑧.csv,2,1001001000810010,真乃,"プロデューサーさん、おはようございます
ふぅ……",櫻木真乃,Morning,morning⑧
櫻木真乃/Morning/morning⑧.csv,4,1001001000810020,真乃,"今日はいいお天気だったので、家から歩いてきましたっ
ふふ……思ったより遠かったです",櫻木真乃,Morning,morning⑧
櫻木真乃/Morning/morning⑧.csv,9,1001001000810030,真乃,"実は……途中から走ってきちゃいました
最初の方、のんびり歩きすぎてしまって……",櫻木真乃,Morning,morning⑧
櫻木真乃/Morning/morning⑧.csv,10,1001001000810040,真乃,"次は時間に余裕を見て、ゆっくり歩けるようにしますね
むんっ",櫻木真乃,Morning,morning⑧
櫻木真乃/Morning/morning⑧.csv,12,1001001000810050,真乃,"ダンスレッスンのおかげで、
いつの間にか足が鍛えられてたんですねぇ",櫻木真乃,Morning,morning⑧
櫻木真乃/Morning/morning⑧.csv,13,1001001000810060,真乃,日常でもレッスンの成果がわかるのはうれしいです,櫻木真乃,Morning,morning⑧
櫻木真乃/Morning/morning⑧.csv,15,1001001000810070,真乃,"そ、そうでした、今日もレッスンがありますし、
体力の使い過ぎは良くないですよね",櫻木真乃,Morning,morning⑧
櫻木真乃/Morning/morning⑧.csv,16,1001001000810080,真乃,そこまで考えていませんでした……,櫻木真乃,Morning,morning⑧
櫻木真乃/Morning/morning⑨.csv,2,1001001000910010,真乃,ふふっ、聞いてください、プロデューサーさんっ,櫻木真乃,Morning,morning⑨
櫻木真乃/Morning/morning⑨.csv,4,1001001000910020,真乃,"あのですね、今朝、
ピーちゃんが一緒に歌ってくれたんですよ！",櫻木真乃,Morning,morning⑨
櫻木真乃/Morning/morning⑨.csv,9,1001001000910030,真乃,"はいっ、とっても素敵でした
灯織ちゃん、めぐるちゃんと歌う時とはまた違って",櫻木真乃,Morning,morning⑨
櫻木真乃/Morning/morning⑨.csv,10,1001001000910040,真乃,"今度はイルミネーションスターズのみんなと
ピーちゃんとで歌いたいですっ",櫻木真乃,Morning,morning⑨
櫻木真乃/Morning/morning⑨.csv,12,1001001000910050,真乃,"はいっ、大好きです！
私の大切な家族ですから",櫻木真乃,Morning,morning⑨
櫻木真乃/Morning/morning⑨.csv,13,1001001000910060,真乃,また一緒に歌えたらいいな～,櫻木真乃,Morning,morning⑨
櫻木真乃/Morning/morning⑨.csv,15,1001001000910070,真乃,"ほわっ、どういうことですか？
ピーちゃんは飼っている鳩さんのことで……",櫻木真乃,Morning,morning⑨
櫻木真乃/Morning/morning⑨.csv,16,1001001000910080,真乃,"…………あっ！
もしかしてプロデューサーのピーですか？",櫻木真乃,Morning,morning⑨
櫻木真乃/Morning/morning⑩.csv,2,1001001001010010,真乃,"プロデューサーさん、アイドルって、
思ったより体をたくさん動かすお仕事なんですね",櫻木真乃,Morning,morning⑩
櫻木真乃/Morning/morning⑩.csv,4,1001001001010020,真乃,"いえ、体力にはちょっぴり自信があるので大丈夫です
今週もがんばります！　むんっ！",櫻木真乃,Morning,morning⑩
櫻木真乃/Morning/morning⑩.csv,9,1001001001010030,真乃,"はいっ、そう思います
いつもやっているレッスンのおかげですね",櫻木真乃,Morning,morning⑩
櫻木真乃/Morning/morning⑩.csv,10,1001001001010040,真乃,"頑張ってる成果が出てきてるんだなって思うと、
とってもうれしいです",櫻木真乃,Morning,morning⑩
櫻木真乃/Morning/morning⑩.csv,12,1001001001010050,真乃,ほわ、プロデューサーさんも元気いっぱいですねっ,櫻木真乃,Morning,morning⑩
櫻木真乃/Morning/morning⑩.csv,13,1001001001010060,真乃,"今週も一緒に頑張りましょう
むんっ",櫻木真乃,Morning,morning⑩
櫻木真乃/Morning/morning⑩.csv,15,1001001001010070,真乃,"ほわわ……いえ、私は大丈夫ですっ
心配してくれてありがとうございます",櫻木真乃,Morning,morning⑩
櫻木真乃/Morning/morning⑩.csv,16,1001001001010080,真乃,"プロデューサーさんも、
疲れたときは言ってくださいね",櫻木真乃,Morning,morning⑩
櫻木真乃/S.T.E.P.編/その風をつかまえたいと思ったの.csv,2,1001005050010,真乃,…………,櫻木真乃,S.T.E.P.編,その風をつかまえたいと思ったの
櫻木真乃/S.T.E.P.編/その風をつかまえたいと思ったの.csv,4,1001005050020,真乃,うん──,櫻木真乃,S.T.E.P.編,その風をつかまえたいと思ったの
櫻木真乃/S.T.E.P.編/その風をつかまえたいと思ったの.csv,6,1001005050030,真乃,"ほわ……っ
え、えっと──でも……",櫻木真乃,S.T.E.P.編,その風をつかまえたいと思ったの
櫻木真乃/S.T.E.P.編/その風をつかまえたいと思ったの.csv,8,1001005050040,真乃,私には……できないって……,櫻木真乃,S.T.E.P.編,その風をつかまえたいと思ったの
櫻木真乃/S.T.E.P.編/その風をつかまえたいと思ったの.csv,10,1001005050050,真乃,……,櫻木真乃,S.T.E.P.編,その風をつかまえたいと思ったの
櫻木真乃/S.T.E.P.編/その風をつかまえたいと思ったの.csv,13,1001005050060,真乃,"……？
どうして……？",櫻木真乃,S.T.E.P.編,その風をつかまえたいと思ったの
櫻木真乃/S.T.E.P.編/その風をつかまえたいと思ったの.csv,16,1001005050070,真乃,……──！,櫻木真乃,S.T.E.P.編,その風をつかまえたいと思ったの
櫻木真乃/S.T.E.P.編/その風をつかまえたいと思ったの.csv,17,1001005050080,真乃,…………──新しい世界…………,櫻木真乃,S.T.E.P.編,その風をつかまえたいと思ったの
櫻木真乃/S.T.E.P.編/その風をつかまえたいと思ったの.csv,18,1001005050090,真乃,（もし、見ることができたら──……）,櫻木真乃,S.T.E.P.編,その風をつかまえたいと思ったの
櫻木真乃/S.T.E.P.編/その風をつかまえたいと思ったの.csv,19,1001005050100,真乃,（……もしかしたら、変われたり……するかな）,櫻木真乃,S.T.E.P.編,その風をつかまえたいと思ったの
櫻木真乃/S.T.E.P.編/その風をつかまえたいと思ったの.csv,21,1001005050110,真乃,……！,櫻木真乃,S.T.E.P.編,その風をつかまえたいと思ったの
櫻木真乃/S.T.E.P.編/その風をつかまえたいと思ったの.csv,23,1001005050120,真乃,……──,櫻木真乃,S.T.E.P.編,その風をつかまえたいと思ったの
櫻木真乃/S.T.E.P.編/その風をつかまえたいと思ったの.csv,24,1001005050130,真乃,きっかけがあれば──……,櫻木真乃,S.T.E.P.編,その風をつかまえたいと思ったの
櫻木真乃/S.T.E.P.編/その風をつかまえたいと思ったの.csv,25,1001005050140,真乃,（……できるようになるかな）,櫻木真乃,S.T.E.P.編,その風をつかまえたいと思ったの
櫻木真乃/S.T.E.P.編/その風をつかまえたいと思ったの.csv,26,1001005050150,真乃,（────もっと、勇気を出せるように……）,櫻木真乃,S.T.E.P.編,その風をつかまえたいと思ったの
櫻木真乃/S.T.E.P.編/その風をつかまえたいと思ったの.csv,29,1001005050160,真乃,……,櫻木真乃,S.T.E.P.編,その風をつかまえたいと思ったの
櫻木真乃/S.T.E.P.編/その風をつかまえたいと思ったの.csv,30,1001005050170,真乃,アイドル……,櫻木真乃,S.T.E.P.編,その風をつかまえたいと思ったの
櫻木真乃/S.T.E.P.編/その風をつかまえたいと思ったの.csv,31,1001005050180,真乃,私がアイドルなんて……,櫻木真乃,S.T.E.P.編,その風をつかまえたいと思ったの
櫻木真乃/S.T.E.P.編/その風をつかまえたいと思ったの.csv,32,1001005050190,真乃,…………,櫻木真乃,S.T.E.P.編,その風をつかまえたいと思ったの
櫻木真乃/S.T.E.P.編/その風をつかまえたいと思ったの.csv,33,1001005050200,真乃,（……────でも……）,櫻木真乃,S.T.E.P.編,その風をつかまえたいと思ったの
櫻木真乃/S.T.E.P.編/その風をつかまえたいと思ったの.csv,34,1001005050210,真乃,（新しい世界──…………）,櫻木真乃,S.T.E.P.編,その風をつかまえたいと思ったの
櫻木真乃/S.T.E.P.編/その風をつかまえたいと思ったの.csv,35,1001005050220,真乃,（……これが、私のきっかけだったら────）,櫻木真乃,S.T.E.P.編,その風をつかまえたいと思ったの
櫻木真乃/S.T.E.P.編/その風をつかまえたいと思ったの.csv,36,1001005050230,真乃,──……きっかけ、だったら…………,櫻木真乃,S.T.E.P.編,その風をつかまえたいと思ったの
櫻木真乃/S.T.E.P.編/その風をつかまえたいと思ったの.csv,37,1001005050240,真乃,……！,櫻木真乃,S.T.E.P.編,その風をつかまえたいと思ったの
櫻木真乃/S.T.E.P.編/その風をつかまえたいと思ったの.csv,38,1001005050250,真乃,（もう一度、あの人に……──）,櫻木真乃,S.T.E.P.編,その風をつかまえたいと思ったの
櫻木真乃/S.T.E.P.編/その風をつかまえたいと思ったの.csv,39,1001005050260,真乃,……,櫻木真乃,S.T.E.P.編,その風をつかまえたいと思ったの
櫻木真乃/S.T.E.P.編/その風をつかまえたいと思ったの.csv,41,1001005050270,真乃,……！,櫻木真乃,S.T.E.P.編,その風をつかまえたいと思ったの
櫻木真乃/S.T.E.P.編/その風をつかまえたいと思ったの.csv,44,1001005050280,真乃,今までとは違う……,櫻木真乃,S.T.E.P.編,その風をつかまえたいと思ったの
櫻木真乃/S.T.E.P.編/その風をつかまえたいと思ったの.csv,45,1001005050290,真乃,…………はい,櫻木真乃,S.T.E.P.編,その風をつかまえたいと思ったの
櫻木真乃/S.T.E.P.編/その風をつかまえたいと思ったの.csv,46,1001005050300,真乃,私、アイドルやりますっ,櫻木真乃,S.T.E.P.編,その風をつかまえたいと思ったの
櫻木真乃/S.T.E.P.編/ふつ、ふつ.csv,8,1001005020010,真乃,……,櫻木真乃,S.T.E.P.編,ふつ、ふつ
櫻木真乃/S.T.E.P.編/ふつ、ふつ.csv,9,1001005020020,真乃,……,櫻木真乃,S.T.E.P.編,ふつ、ふつ
櫻木真乃/S.T.E.P.編/ふつ、ふつ.csv,11,1001005020030,真乃,……！,櫻木真乃,S.T.E.P.編,ふつ、ふつ
櫻木真乃/S.T.E.P.編/ふつ、ふつ.csv,12,1001005020040,真乃,"あ……
その、お疲れさま……っ",櫻木真乃,S.T.E.P.編,ふつ、ふつ
櫻木真乃/S.T.E.P.編/ふつ、ふつ.csv,13,1001005020050,真乃,"……えっと、
すごかったね、400m……",櫻木真乃,S.T.E.P.編,ふつ、ふつ
櫻木真乃/S.T.E.P.編/ふつ、ふつ.csv,16,1001005020060,真乃,"……
打ち上げ……？",櫻木真乃,S.T.E.P.編,ふつ、ふつ
櫻木真乃/S.T.E.P.編/ふつ、ふつ.csv,19,1001005020070,真乃,ほわ……,櫻木真乃,S.T.E.P.編,ふつ、ふつ
櫻木真乃/S.T.E.P.編/ふつ、ふつ.csv,20,1001005020080,真乃,（……行かせてもらっても、いいのかな）,櫻木真乃,S.T.E.P.編,ふつ、ふつ
櫻木真乃/S.T.E.P.編/ふつ、ふつ.csv,21,1001005020090,真乃,──……えっと……,櫻木真乃,S.T.E.P.編,ふつ、ふつ
櫻木真乃/S.T.E.P.編/ふつ、ふつ.csv,23,1001005020100,真乃,（……邪魔に、ならないかな）,櫻木真乃,S.T.E.P.編,ふつ、ふつ
櫻木真乃/S.T.E.P.編/ふつ、ふつ.csv,24,1001005020110,真乃,（……それでもいいなら────）,櫻木真乃,S.T.E.P.編,ふつ、ふつ
櫻木真乃/S.T.E.P.編/ふつ、ふつ.csv,25,1001005020120,真乃,……あのっ、私──,櫻木真乃,S.T.E.P.編,ふつ、ふつ
櫻木真乃/S.T.E.P.編/ふつ、ふつ.csv,30,1001005020130,真乃,"……
う、うん……っ",櫻木真乃,S.T.E.P.編,ふつ、ふつ
櫻木真乃/S.T.E.P.編/ふつ、ふつ.csv,33,1001005020140,真乃,……っ,櫻木真乃,S.T.E.P.編,ふつ、ふつ
櫻木真乃/S.T.E.P.編/ふつ、ふつ.csv,34,1001005020150,真乃,（……そう、見えるのかな）,櫻木真乃,S.T.E.P.編,ふつ、ふつ
櫻木真乃/S.T.E.P.編/ふつ、ふつ.csv,35,1001005020160,真乃,"（無理して参加してるふうに見えちゃったら──
嫌な気持ちに……させちゃうかな）",櫻木真乃,S.T.E.P.編,ふつ、ふつ
櫻木真乃/S.T.E.P.編/ふつ、ふつ.csv,36,1001005020170,真乃,（参加しない方が──でも──）,櫻木真乃,S.T.E.P.編,ふつ、ふつ
櫻木真乃/S.T.E.P.編/ふつ、ふつ.csv,37,1001005020180,真乃,……,櫻木真乃,S.T.E.P.編,ふつ、ふつ
櫻木真乃/S.T.E.P.編/ふつ、ふつ.csv,38,1001005020190,真乃,"……あ、あの、ごめんね……っ
私──",櫻木真乃,S.T.E.P.編,ふつ、ふつ
櫻木真乃/S.T.E.P.編/ふつ、ふつ.csv,40,1001005020200,真乃,あ──,櫻木真乃,S.T.E.P.編,ふつ、ふつ
櫻木真乃/S.T.E.P.編/ふつ、ふつ.csv,41,1001005020210,真乃,"（──……ど、どうしよう、そうじゃないのに
……誤解させちゃった……っ）",櫻木真乃,S.T.E.P.編,ふつ、ふつ
櫻木真乃/S.T.E.P.編/ふつ、ふつ.csv,43,1001005020220,真乃,……っ、その……違──っ,櫻木真乃,S.T.E.P.編,ふつ、ふつ
櫻木真乃/S.T.E.P.編/ふつ、ふつ.csv,44,1001005020230,真乃,…………また明日──……,櫻木真乃,S.T.E.P.編,ふつ、ふつ
櫻木真乃/S.T.E.P.編/ふつ、ふつ.csv,45,1001005020240,真乃,（……どうしてできないんだろう）,櫻木真乃,S.T.E.P.編,ふつ、ふつ
櫻木真乃/S.T.E.P.編/ふつ、ふつ.csv,47,1001005020250,真乃,……っ、えっと……,櫻木真乃,S.T.E.P.編,ふつ、ふつ
櫻木真乃/S.T.E.P.編/ふつ、ふつ.csv,48,1001005020260,真乃,"……わ、私は──
その、帰るんだ……",櫻木真乃,S.T.E.P.編,ふつ、ふつ
櫻木真乃/S.T.E.P.編/ふつ、ふつ.csv,51,1001005020270,真乃,"……うん
ご、ごめんね……っ",櫻木真乃,S.T.E.P.編,ふつ、ふつ
櫻木真乃/S.T.E.P.編/ふつ、ふつ.csv,52,1001005020280,真乃,……そ、それじゃあっ,櫻木真乃,S.T.E.P.編,ふつ、ふつ
櫻木真乃/S.T.E.P.編/ふつ、ふつ.csv,53,1001005020290,真乃,また明日……っ,櫻木真乃,S.T.E.P.編,ふつ、ふつ
櫻木真乃/S.T.E.P.編/ふつ、ふつ.csv,54,1001005020300,真乃,（……どうして、みんなみたいにできないんだろう）,櫻木真乃,S.T.E.P.編,ふつ、ふつ
櫻木真乃/S.T.E.P.編/凪.csv,2,1001005010010,真乃,……おはよう、ピーちゃん,櫻木真乃,S.T.E.P.編,凪
櫻木真乃/S.T.E.P.編/凪.csv,3,1001005010020,真乃,──……っ,櫻木真乃,S.T.E.P.編,凪
櫻木真乃/S.T.E.P.編/凪.csv,4,1001005010030,真乃,いいお天気……,櫻木真乃,S.T.E.P.編,凪
櫻木真乃/S.T.E.P.編/凪.csv,5,1001005010040,真乃,"ふふ
ご飯、ちょっと待っててね",櫻木真乃,S.T.E.P.編,凪
櫻木真乃/S.T.E.P.編/凪.csv,6,1001005010050,真乃,ピーちゃんのお部屋も掃除するからね,櫻木真乃,S.T.E.P.編,凪
櫻木真乃/S.T.E.P.編/凪.csv,7,1001005010060,真乃,いってきます……っ,櫻木真乃,S.T.E.P.編,凪
櫻木真乃/S.T.E.P.編/凪.csv,9,1001005010070,真乃,"……おはようございます
いってきます……っ",櫻木真乃,S.T.E.P.編,凪
櫻木真乃/S.T.E.P.編/凪.csv,11,1001005010080,真乃,はい……っ,櫻木真乃,S.T.E.P.編,凪
櫻木真乃/S.T.E.P.編/凪.csv,13,1001005010090,真乃,お、おはよう……,櫻木真乃,S.T.E.P.編,凪
櫻木真乃/S.T.E.P.編/凪.csv,19,1001005010100,真乃,……,櫻木真乃,S.T.E.P.編,凪
櫻木真乃/S.T.E.P.編/凪.csv,22,1001005010110,真乃,…………,櫻木真乃,S.T.E.P.編,凪
櫻木真乃/S.T.E.P.編/凪.csv,24,1001005010120,真乃,"……あっ、ごめんね……
待たせちゃって……っ",櫻木真乃,S.T.E.P.編,凪
櫻木真乃/S.T.E.P.編/凪.csv,26,1001005010130,真乃,……うん……っ,櫻木真乃,S.T.E.P.編,凪
櫻木真乃/S.T.E.P.編/凪.csv,32,1001005010140,真乃,…………,櫻木真乃,S.T.E.P.編,凪
櫻木真乃/S.T.E.P.編/凪.csv,34,1001005010150,真乃,あ……,櫻木真乃,S.T.E.P.編,凪
櫻木真乃/S.T.E.P.編/凪.csv,36,1001005010160,真乃,……うん、また明日……っ,櫻木真乃,S.T.E.P.編,凪
櫻木真乃/S.T.E.P.編/凪.csv,37,1001005010170,真乃,…………,櫻木真乃,S.T.E.P.編,凪
櫻木真乃/S.T.E.P.編/凪.csv,38,1001005010180,真乃,……,櫻木真乃,S.T.E.P.編,凪
櫻木真乃/S.T.E.P.編/凪.csv,39,1001005010190,真乃,ただいま……っ,櫻木真乃,S.T.E.P.編,凪
櫻木真乃/S.T.E.P.編/大空を少しずつ、自由に.csv,2,1001005060010,真乃,"ほわ……っ
ふふ……",櫻木真乃,S.T.E.P.編,大空を少しずつ、自由に
櫻木真乃/S.T.E.P.編/大空を少しずつ、自由に.csv,3,1001005060020,真乃,…………,櫻木真乃,S.T.E.P.編,大空を少しずつ、自由に
櫻木真乃/S.T.E.P.編/大空を少しずつ、自由に.csv,6,1001005060030,真乃,"は、はい……っ
動画を見ていました……",櫻木真乃,S.T.E.P.編,大空を少しずつ、自由に
櫻木真乃/S.T.E.P.編/大空を少しずつ、自由に.csv,8,1001005060040,真乃,はい,櫻木真乃,S.T.E.P.編,大空を少しずつ、自由に
櫻木真乃/S.T.E.P.編/大空を少しずつ、自由に.csv,9,1001005060050,真乃,"文鳥さんが飛んでいる動画です
お世話になっている方が卵から育てた子で──",櫻木真乃,S.T.E.P.編,大空を少しずつ、自由に
櫻木真乃/S.T.E.P.編/大空を少しずつ、自由に.csv,11,1001005060060,真乃,"はいっ
たくさんの鳥さんを飼っていらっしゃるママさんなんです",櫻木真乃,S.T.E.P.編,大空を少しずつ、自由に
櫻木真乃/S.T.E.P.編/大空を少しずつ、自由に.csv,12,1001005060070,真乃,"……
ピーちゃんも、ママさんから譲っていただきました",櫻木真乃,S.T.E.P.編,大空を少しずつ、自由に
櫻木真乃/S.T.E.P.編/大空を少しずつ、自由に.csv,14,1001005060080,真乃,"よく、一緒に鳥さんのお話をしています
おうちにお邪魔させていただいて──",櫻木真乃,S.T.E.P.編,大空を少しずつ、自由に
櫻木真乃/S.T.E.P.編/大空を少しずつ、自由に.csv,16,1001005060090,真乃,はいっ,櫻木真乃,S.T.E.P.編,大空を少しずつ、自由に
櫻木真乃/S.T.E.P.編/大空を少しずつ、自由に.csv,17,1001005060100,真乃,"……──他の子よりも、
少し、飛べるようになるのが遅かった子なんです",櫻木真乃,S.T.E.P.編,大空を少しずつ、自由に
櫻木真乃/S.T.E.P.編/大空を少しずつ、自由に.csv,18,1001005060110,真乃,"ママさんも心配していたんですけれど、
ちゃんと飛べるようになって",櫻木真乃,S.T.E.P.編,大空を少しずつ、自由に
櫻木真乃/S.T.E.P.編/大空を少しずつ、自由に.csv,19,1001005060120,真乃,今では一番元気に遊んでる、って……っ,櫻木真乃,S.T.E.P.編,大空を少しずつ、自由に
櫻木真乃/S.T.E.P.編/大空を少しずつ、自由に.csv,21,1001005060130,真乃,"……！
プロデューサーさんも、見ますか……？",櫻木真乃,S.T.E.P.編,大空を少しずつ、自由に
櫻木真乃/S.T.E.P.編/大空を少しずつ、自由に.csv,23,1001005060140,真乃,"は、はいっ
こちらこそ、ぜひ──",櫻木真乃,S.T.E.P.編,大空を少しずつ、自由に
櫻木真乃/S.T.E.P.編/大空を少しずつ、自由に.csv,24,1001005060141,真乃＆プロデューサー,！,櫻木真乃,S.T.E.P.編,大空を少しずつ、自由に
櫻木真乃/S.T.E.P.編/大空を少しずつ、自由に.csv,28,1001005060150,真乃,"は、はいっ
わかりました……っ",櫻木真乃,S.T.E.P.編,大空を少しずつ、自由に
櫻木真乃/S.T.E.P.編/大空を少しずつ、自由に.csv,31,1001005060160,真乃,もちろんです……っ,櫻木真乃,S.T.E.P.編,大空を少しずつ、自由に
櫻木真乃/S.T.E.P.編/大空を少しずつ、自由に.csv,33,1001005060170,真乃,はいっ、プロデューサーさん……っ,櫻木真乃,S.T.E.P.編,大空を少しずつ、自由に
櫻木真乃/S.T.E.P.編/空へ向かうための風がまだ、.csv,2,1001005030010,真乃,……,櫻木真乃,S.T.E.P.編,空へ向かうための風がまだ、
櫻木真乃/S.T.E.P.編/空へ向かうための風がまだ、.csv,3,1001005030020,真乃,"……あ、あの、ごめんね……っ
私──",櫻木真乃,S.T.E.P.編,空へ向かうための風がまだ、
櫻木真乃/S.T.E.P.編/空へ向かうための風がまだ、.csv,5,1001005030030,真乃,あ──,櫻木真乃,S.T.E.P.編,空へ向かうための風がまだ、
櫻木真乃/S.T.E.P.編/空へ向かうための風がまだ、.csv,7,1001005030040,真乃,……っ、その……違──っ,櫻木真乃,S.T.E.P.編,空へ向かうための風がまだ、
櫻木真乃/S.T.E.P.編/空へ向かうための風がまだ、.csv,8,1001005030050,真乃,……っ,櫻木真乃,S.T.E.P.編,空へ向かうための風がまだ、
櫻木真乃/S.T.E.P.編/空へ向かうための風がまだ、.csv,10,1001005030060,真乃,す、すみませんママさん……っ,櫻木真乃,S.T.E.P.編,空へ向かうための風がまだ、
櫻木真乃/S.T.E.P.編/空へ向かうための風がまだ、.csv,11,1001005030070,真乃,せっかく文鳥さんに会わせていただいているのに……っ,櫻木真乃,S.T.E.P.編,空へ向かうための風がまだ、
櫻木真乃/S.T.E.P.編/空へ向かうための風がまだ、.csv,12,1001005030080,真乃,"文鳥さんもごめんね……ぼーっとしちゃってた……
どうしたのかな……？",櫻木真乃,S.T.E.P.編,空へ向かうための風がまだ、
櫻木真乃/S.T.E.P.編/空へ向かうための風がまだ、.csv,13,1001005030090,真乃,ふふ……,櫻木真乃,S.T.E.P.編,空へ向かうための風がまだ、
櫻木真乃/S.T.E.P.編/空へ向かうための風がまだ、.csv,16,1001005030100,真乃,"は、はいっ
昨日もたくさんおしゃべりをして……",櫻木真乃,S.T.E.P.編,空へ向かうための風がまだ、
櫻木真乃/S.T.E.P.編/空へ向かうための風がまだ、.csv,18,1001005030110,真乃,……学校のこと──とか……,櫻木真乃,S.T.E.P.編,空へ向かうための風がまだ、
櫻木真乃/S.T.E.P.編/空へ向かうための風がまだ、.csv,19,1001005030120,真乃,……,櫻木真乃,S.T.E.P.編,空へ向かうための風がまだ、
櫻木真乃/S.T.E.P.編/空へ向かうための風がまだ、.csv,21,1001005030130,真乃,"……い、いえっ
その──……",櫻木真乃,S.T.E.P.編,空へ向かうための風がまだ、
櫻木真乃/S.T.E.P.編/空へ向かうための風がまだ、.csv,22,1001005030140,真乃,……,櫻木真乃,S.T.E.P.編,空へ向かうための風がまだ、
櫻木真乃/S.T.E.P.編/空へ向かうための風がまだ、.csv,23,1001005030150,真乃,"……──なんでもないんです
すみません……",櫻木真乃,S.T.E.P.編,空へ向かうための風がまだ、
櫻木真乃/S.T.E.P.編/空へ向かうための風がまだ、.csv,25,1001005030160,真乃,……,櫻木真乃,S.T.E.P.編,空へ向かうための風がまだ、
櫻木真乃/S.T.E.P.編/空へ向かうための風がまだ、.csv,28,1001005030170,真乃,……！,櫻木真乃,S.T.E.P.編,空へ向かうための風がまだ、
櫻木真乃/S.T.E.P.編/空へ向かうための風がまだ、.csv,29,1001005030180,真乃,"……
そう、なんですね……",櫻木真乃,S.T.E.P.編,空へ向かうための風がまだ、
櫻木真乃/S.T.E.P.編/空へ向かうための風がまだ、.csv,32,1001005030190,真乃,……,櫻木真乃,S.T.E.P.編,空へ向かうための風がまだ、
櫻木真乃/S.T.E.P.編/空へ向かうための風がまだ、.csv,35,1001005030200,真乃,"……ほわ
ふふ……",櫻木真乃,S.T.E.P.編,空へ向かうための風がまだ、
櫻木真乃/S.T.E.P.編/空へ向かうための風がまだ、.csv,36,1001005030210,真乃,……──,櫻木真乃,S.T.E.P.編,空へ向かうための風がまだ、
櫻木真乃/S.T.E.P.編/空へ向かうための風がまだ、.csv,37,1001005030220,真乃,"……文鳥さんも……
早く飛びたいって……思ってる……？",櫻木真乃,S.T.E.P.編,空へ向かうための風がまだ、
櫻木真乃/S.T.E.P.編/空へ向かうための風がまだ、.csv,38,1001005030230,真乃,（心配や迷惑をかけちゃうなら、そんなことがないように）,櫻木真乃,S.T.E.P.編,空へ向かうための風がまだ、
櫻木真乃/S.T.E.P.編/空へ向かうための風がまだ、.csv,39,1001005030240,真乃,（みんなにできることが、できるようになりたいって──）,櫻木真乃,S.T.E.P.編,空へ向かうための風がまだ、
櫻木真乃/S.T.E.P.編/空へ向かうための風がまだ、.csv,41,1001005030250,真乃,……！,櫻木真乃,S.T.E.P.編,空へ向かうための風がまだ、
櫻木真乃/S.T.E.P.編/空へ向かうための風がまだ、.csv,43,1001005030260,真乃,……──,櫻木真乃,S.T.E.P.編,空へ向かうための風がまだ、
櫻木真乃/S.T.E.P.編/空へ向かうための風がまだ、.csv,44,1001005030270,真乃,きっかけがあれば──……,櫻木真乃,S.T.E.P.編,空へ向かうための風がまだ、
櫻木真乃/S.T.E.P.編/空へ向かうための風がまだ、.csv,46,1001005030280,真乃,"……！
はい……っ",櫻木真乃,S.T.E.P.編,空へ向かうための風がまだ、
櫻木真乃/S.T.E.P.編/空へ向かうための風がまだ、.csv,47,1001005030290,真乃,……なれるかな、あなたのきっかけに,櫻木真乃,S.T.E.P.編,空へ向かうための風がまだ、
櫻木真乃/S.T.E.P.編/空へ向かうための風がまだ、.csv,48,1001005030300,真乃,──なれると、いいな,櫻木真乃,S.T.E.P.編,空へ向かうための風がまだ、
櫻木真乃/S.T.E.P.編/空へ向かうための風がまだ、.csv,49,1001005030310,真乃,（そうしたら、私も──）,櫻木真乃,S.T.E.P.編,空へ向かうための風がまだ、
櫻木真乃/S.T.E.P.編/羽ばたいて、飛べなくて、その次.csv,2,1001005040010,真乃,……おはよう、ピーちゃん,櫻木真乃,S.T.E.P.編,羽ばたいて、飛べなくて、その次
櫻木真乃/S.T.E.P.編/羽ばたいて、飛べなくて、その次.csv,3,1001005040020,真乃,今日はね、頑張ってみるんだ……っ,櫻木真乃,S.T.E.P.編,羽ばたいて、飛べなくて、その次
櫻木真乃/S.T.E.P.編/羽ばたいて、飛べなくて、その次.csv,4,1001005040030,真乃,"ふふ
きっかけをね、作れるように……っ",櫻木真乃,S.T.E.P.編,羽ばたいて、飛べなくて、その次
櫻木真乃/S.T.E.P.編/羽ばたいて、飛べなくて、その次.csv,5,1001005040040,真乃,……！,櫻木真乃,S.T.E.P.編,羽ばたいて、飛べなくて、その次
櫻木真乃/S.T.E.P.編/羽ばたいて、飛べなくて、その次.csv,6,1001005040050,真乃,お、おはよう……っ,櫻木真乃,S.T.E.P.編,羽ばたいて、飛べなくて、その次
櫻木真乃/S.T.E.P.編/羽ばたいて、飛べなくて、その次.csv,8,1001005040060,真乃,……,櫻木真乃,S.T.E.P.編,羽ばたいて、飛べなくて、その次
櫻木真乃/S.T.E.P.編/羽ばたいて、飛べなくて、その次.csv,9,1001005040070,真乃,……──っ,櫻木真乃,S.T.E.P.編,羽ばたいて、飛べなくて、その次
櫻木真乃/S.T.E.P.編/羽ばたいて、飛べなくて、その次.csv,10,1001005040080,真乃,あ──……,櫻木真乃,S.T.E.P.編,羽ばたいて、飛べなくて、その次
櫻木真乃/S.T.E.P.編/羽ばたいて、飛べなくて、その次.csv,11,1001005040090,真乃,…………,櫻木真乃,S.T.E.P.編,羽ばたいて、飛べなくて、その次
櫻木真乃/S.T.E.P.編/羽ばたいて、飛べなくて、その次.csv,12,1001005040100,真乃,……っ,櫻木真乃,S.T.E.P.編,羽ばたいて、飛べなくて、その次
櫻木真乃/S.T.E.P.編/羽ばたいて、飛べなくて、その次.csv,13,1001005040110,真乃,──あ、あのっ、お昼を……,櫻木真乃,S.T.E.P.編,羽ばたいて、飛べなくて、その次
櫻木真乃/S.T.E.P.編/羽ばたいて、飛べなくて、その次.csv,15,1001005040120,真乃,一緒に食べよう……っ,櫻木真乃,S.T.E.P.編,羽ばたいて、飛べなくて、その次
櫻木真乃/S.T.E.P.編/羽ばたいて、飛べなくて、その次.csv,17,1001005040130,真乃,……,櫻木真乃,S.T.E.P.編,羽ばたいて、飛べなくて、その次
櫻木真乃/S.T.E.P.編/羽ばたいて、飛べなくて、その次.csv,19,1001005040140,真乃,……あ,櫻木真乃,S.T.E.P.編,羽ばたいて、飛べなくて、その次
櫻木真乃/S.T.E.P.編/羽ばたいて、飛べなくて、その次.csv,21,1001005040150,真乃,"……そっ、掃除当番……
お疲れさま……っ",櫻木真乃,S.T.E.P.編,羽ばたいて、飛べなくて、その次
櫻木真乃/S.T.E.P.編/羽ばたいて、飛べなくて、その次.csv,24,1001005040160,真乃,"う、うん
図書室で少し──……",櫻木真乃,S.T.E.P.編,羽ばたいて、飛べなくて、その次
櫻木真乃/S.T.E.P.編/羽ばたいて、飛べなくて、その次.csv,26,1001005040170,真乃,……,櫻木真乃,S.T.E.P.編,羽ばたいて、飛べなくて、その次
櫻木真乃/S.T.E.P.編/羽ばたいて、飛べなくて、その次.csv,29,1001005040180,真乃,"……
うん、また──",櫻木真乃,S.T.E.P.編,羽ばたいて、飛べなくて、その次
櫻木真乃/S.T.E.P.編/羽ばたいて、飛べなくて、その次.csv,30,1001005040190,真乃,…………,櫻木真乃,S.T.E.P.編,羽ばたいて、飛べなくて、その次
櫻木真乃/S.T.E.P.編/羽ばたいて、飛べなくて、その次.csv,31,1001005040200,真乃,……,櫻木真乃,S.T.E.P.編,羽ばたいて、飛べなくて、その次
櫻木真乃/S.T.E.P.編/羽ばたいて、飛べなくて、その次.csv,32,1001005040210,真乃,…………──,櫻木真乃,S.T.E.P.編,羽ばたいて、飛べなくて、その次
櫻木真乃/S.T.E.P.編/羽ばたいて、飛べなくて、その次.csv,33,1001005040220,真乃,（全然ダメだった……）,櫻木真乃,S.T.E.P.編,羽ばたいて、飛べなくて、その次
櫻木真乃/S.T.E.P.編/羽ばたいて、飛べなくて、その次.csv,34,1001005040230,真乃,"……ふふ
励ましてくれてるの……？　ありがとう……",櫻木真乃,S.T.E.P.編,羽ばたいて、飛べなくて、その次
櫻木真乃/S.T.E.P.編/羽ばたいて、飛べなくて、その次.csv,35,1001005040240,真乃,…………そうだよね,櫻木真乃,S.T.E.P.編,羽ばたいて、飛べなくて、その次
櫻木真乃/S.T.E.P.編/羽ばたいて、飛べなくて、その次.csv,36,1001005040250,真乃,（──まだ、始めたばっかりだ）,櫻木真乃,S.T.E.P.編,羽ばたいて、飛べなくて、その次
櫻木真乃/S.T.E.P.編/羽ばたいて、飛べなくて、その次.csv,37,1001005040260,真乃,"（ちゃんと、きっかけを作って
みんなができることができるようになって）",櫻木真乃,S.T.E.P.編,羽ばたいて、飛べなくて、その次
櫻木真乃/S.T.E.P.編/羽ばたいて、飛べなくて、その次.csv,38,1001005040270,真乃,"（嫌な気持ちにさせちゃったり、迷惑をかけたり──
そういうことがないように）",櫻木真乃,S.T.E.P.編,羽ばたいて、飛べなくて、その次
櫻木真乃/S.T.E.P.編/羽ばたいて、飛べなくて、その次.csv,39,1001005040280,真乃,……────,櫻木真乃,S.T.E.P.編,羽ばたいて、飛べなくて、その次
櫻木真乃/S.T.E.P.編/羽ばたいて、飛べなくて、その次.csv,40,1001005040290,真乃,"わ……
いいお天気……",櫻木真乃,S.T.E.P.編,羽ばたいて、飛べなくて、その次
櫻木真乃/S.T.E.P.編/羽ばたいて、飛べなくて、その次.csv,41,1001005040300,真乃,──,櫻木真乃,S.T.E.P.編,羽ばたいて、飛べなくて、その次
櫻木真乃/S.T.E.P.編/羽ばたいて、飛べなくて、その次.csv,44,1001005040310,真乃,"ほわっ？　あっ、あの……こんにちは
人がいたなんて……気が付きませんでしたっ",櫻木真乃,S.T.E.P.編,羽ばたいて、飛べなくて、その次
櫻木真乃/S.T.E.P.編/羽ばたいて、飛べなくて、その次.csv,45,1001005040320,真乃,（き、聞かれちゃってた……？）,櫻木真乃,S.T.E.P.編,羽ばたいて、飛べなくて、その次
櫻木真乃/S.T.E.P.編/羽ばたいて、飛べなくて、その次.csv,46,1001005040330,真乃,（……──でも、きれいって……）,櫻木真乃,S.T.E.P.編,羽ばたいて、飛べなくて、その次
櫻木真乃/S.T.E.P.編/羽ばたいて、飛べなくて、その次.csv,48,1001005040340,真乃,"ほわっ……
えっと……アイドル、ですか？",櫻木真乃,S.T.E.P.編,羽ばたいて、飛べなくて、その次
櫻木真乃/S.T.E.P.編/羽ばたいて、飛べなくて、その次.csv,50,1001005040350,真乃,"えと、気持ちのいいお天気なので、つい……
歌ってると、鳩さんがよく集まってきてくれますし",櫻木真乃,S.T.E.P.編,羽ばたいて、飛べなくて、その次
櫻木真乃/S.T.E.P.編/羽ばたいて、飛べなくて、その次.csv,53,1001005040360,真乃,ほわ……,櫻木真乃,S.T.E.P.編,羽ばたいて、飛べなくて、その次
櫻木真乃/S.T.E.P.編/羽ばたいて、飛べなくて、その次.csv,54,1001005040370,真乃,（……新しい、世界────）,櫻木真乃,S.T.E.P.編,羽ばたいて、飛べなくて、その次
櫻木真乃/S.T.E.P.編/羽ばたいて、飛べなくて、その次.csv,55,1001005040380,真乃,（もし、それを見ることが……できたら──……）,櫻木真乃,S.T.E.P.編,羽ばたいて、飛べなくて、その次
櫻木真乃/S.T.E.P.編/羽ばたいて、飛べなくて、その次.csv,56,1001005040390,真乃,（…………………………でも）,櫻木真乃,S.T.E.P.編,羽ばたいて、飛べなくて、その次
櫻木真乃/S.T.E.P.編/羽ばたいて、飛べなくて、その次.csv,57,1001005040400,真乃,"多分私にはできないと思います
自信ありません……",櫻木真乃,S.T.E.P.編,羽ばたいて、飛べなくて、その次
櫻木真乃/S.T.E.P.編/羽ばたいて、飛べなくて、その次.csv,58,1001005040410,真乃,"すみません、せっかく誘ってくれたのに……
じゃあ、これで……",櫻木真乃,S.T.E.P.編,羽ばたいて、飛べなくて、その次
櫻木真乃/W.I.N.G.編/_试镜前④.csv,2,4001001000210010,真乃,他のオーディション参加者さんたち、みんな上手そうです,櫻木真乃,W.I.N.G.編,_试镜前④
櫻木真乃/W.I.N.G.編/_试镜前④.csv,7,4001001000210020,真乃,"あっ、ありがとうございます……
そう言ってくれてうれしいです、ふふっ……",櫻木真乃,W.I.N.G.編,_试镜前④
櫻木真乃/W.I.N.G.編/_试镜前④.csv,9,4001001000210030,真乃,"はい、そうですよね。自分の力を出せばいいって、
プロデューサーさんが教えてくれたの、覚えてますっ",櫻木真乃,W.I.N.G.編,_试镜前④
櫻木真乃/W.I.N.G.編/_试镜前④.csv,11,4001001000210040,真乃,"し、集中ですね。とりあえず目をつむって……むむっ
……なんだか、集中できたような気も？",櫻木真乃,W.I.N.G.編,_试镜前④
櫻木真乃/W.I.N.G.編/produce_events_100100002.csv,25,1001001010110,真乃,"櫻木真乃、１6歳です
これからよろしくお願いしますね",櫻木真乃,W.I.N.G.編,produce_events_100100002
櫻木真乃/W.I.N.G.編/ありのままで.csv,2,1001001030010,真乃,ふぅ、一段落です……,櫻木真乃,W.I.N.G.編,ありのままで
櫻木真乃/W.I.N.G.編/ありのままで.csv,5,1001001030020,真乃,"その……よくわからなくって……
どうして私が番組のオーディションに受かったんでしょう？",櫻木真乃,W.I.N.G.編,ありのままで
櫻木真乃/W.I.N.G.編/ありのままで.csv,6,1001001030030,真乃,食レポ、上手くできたって思えませんでした……,櫻木真乃,W.I.N.G.編,ありのままで
櫻木真乃/W.I.N.G.編/ありのままで.csv,8,1001001030040,真乃,人を癒す力……ですか？,櫻木真乃,W.I.N.G.編,ありのままで
櫻木真乃/W.I.N.G.編/ありのままで.csv,10,1001001030050,真乃,ほわ……？,櫻木真乃,W.I.N.G.編,ありのままで
櫻木真乃/W.I.N.G.編/ありのままで.csv,12,1001001030060,真乃,"でも……私、人の癒し方なんて全然わからないです
どうすればいいんでしょうか？",櫻木真乃,W.I.N.G.編,ありのままで
櫻木真乃/W.I.N.G.編/ありのままで.csv,13,1001001030070,真乃,"ちゃんと人を癒やせないと、
番組ディレクターさんの期待にも応えられないですよねっ",櫻木真乃,W.I.N.G.編,ありのままで
櫻木真乃/W.I.N.G.編/ありのままで.csv,15,1001001030080,真乃,"自然体に、考えない……
ほわっ、よけいに意識しちゃいますっ",櫻木真乃,W.I.N.G.編,ありのままで
櫻木真乃/W.I.N.G.編/ありのままで.csv,20,1001001030090,真乃,"普通に話す……
本当にそれだけでいいんでしょうか？",櫻木真乃,W.I.N.G.編,ありのままで
櫻木真乃/W.I.N.G.編/ありのままで.csv,22,1001001030100,真乃,そうだったんですね……,櫻木真乃,W.I.N.G.編,ありのままで
櫻木真乃/W.I.N.G.編/ありのままで.csv,23,1001001030110,真乃,"全然意識していませんでした
なんてことのない会話に癒される人も……",櫻木真乃,W.I.N.G.編,ありのままで
櫻木真乃/W.I.N.G.編/ありのままで.csv,24,1001001030120,真乃,"もし本当に誰かを癒やせてるなら
私、うれしいですっ",櫻木真乃,W.I.N.G.編,ありのままで
櫻木真乃/W.I.N.G.編/ありのままで.csv,26,1001001030130,真乃,"やってみます
ピーちゃんに話しかけるつもりで",櫻木真乃,W.I.N.G.編,ありのままで
櫻木真乃/W.I.N.G.編/ありのままで.csv,27,1001001030140,真乃,"あ、そうだっ
ピーちゃんもいいですけど……",櫻木真乃,W.I.N.G.編,ありのままで
櫻木真乃/W.I.N.G.編/ありのままで.csv,29,1001001030150,真乃,"鳥さんだけじゃなくて、他の人とも気負わず
自然体で話せるようにならないとですよねっ",櫻木真乃,W.I.N.G.編,ありのままで
櫻木真乃/W.I.N.G.編/ありのままで.csv,30,1001001030160,真乃,"だから、プロデューサーさんに話しかけるつもりで
やってみますっ",櫻木真乃,W.I.N.G.編,ありのままで
櫻木真乃/W.I.N.G.編/ありのままで.csv,31,1001001030170,真乃,"自然体になるよう、頑張りますね
むんっ",櫻木真乃,W.I.N.G.編,ありのままで
櫻木真乃/W.I.N.G.編/ありのままで.csv,33,1001001030180,真乃,"そ、そうですね
大きく息を吸って吐いて",櫻木真乃,W.I.N.G.編,ありのままで
櫻木真乃/W.I.N.G.編/ありのままで.csv,34,1001001030190,真乃,すぅ～はぁ～すぅ～はぁ～,櫻木真乃,W.I.N.G.編,ありのままで
櫻木真乃/W.I.N.G.編/ありのままで.csv,35,1001001030200,真乃,"ほわ？　どうしてプロデューサーさん、
ニコニコしてるんでしょうか？",櫻木真乃,W.I.N.G.編,ありのままで
櫻木真乃/W.I.N.G.編/ありのままで.csv,37,1001001030210,真乃,"ほわっ？　でも深呼吸の時しませんか？
両手を広げて～すぅ～はぁ～すぅ～はぁ～こんなふうに",櫻木真乃,W.I.N.G.編,ありのままで
櫻木真乃/W.I.N.G.編/ありのままで.csv,39,1001001030220,真乃,そ、そう言われたら恥ずかしいです～,櫻木真乃,W.I.N.G.編,ありのままで
櫻木真乃/W.I.N.G.編/ありのままで.csv,41,1001001030230,真乃,ほわ、そうなんですか……？,櫻木真乃,W.I.N.G.編,ありのままで
櫻木真乃/W.I.N.G.編/ありのままで.csv,44,1001001030240,真乃,"はい、わかりましたっ
ありがとうございます、プロデューサーさん",櫻木真乃,W.I.N.G.編,ありのままで
櫻木真乃/W.I.N.G.編/ありのままで.csv,46,1001001030250,真乃,"はいっ
すぅ～はぁ～すぅ～はぁ～",櫻木真乃,W.I.N.G.編,ありのままで
櫻木真乃/W.I.N.G.編/ありのままで.csv,47,1001001030260,真乃,でも……食レポが大変で楽しむ余裕なんて……,櫻木真乃,W.I.N.G.編,ありのままで
櫻木真乃/W.I.N.G.編/ありのままで.csv,49,1001001030270,真乃,いいえ、すごーく美味しかったですっ,櫻木真乃,W.I.N.G.編,ありのままで
櫻木真乃/W.I.N.G.編/ありのままで.csv,50,1001001030280,真乃,"海老は大きくてプリプリでしたし、
サラダの野菜は新鮮シャキシャキでしたっ",櫻木真乃,W.I.N.G.編,ありのままで
櫻木真乃/W.I.N.G.編/ありのままで.csv,52,1001001030290,真乃,"今みたいなのでいいんでしょうか？
普通に感想を言っただけです……",櫻木真乃,W.I.N.G.編,ありのままで
櫻木真乃/W.I.N.G.編/ありのままで.csv,54,1001001030300,真乃,ほわ……そうだったんですね,櫻木真乃,W.I.N.G.編,ありのままで
櫻木真乃/W.I.N.G.編/ありのままで.csv,55,1001001030310,真乃,"じゃあ、素直に料理を楽しみますっ
プロデューサーさんのおかげでホッとしました",櫻木真乃,W.I.N.G.編,ありのままで
櫻木真乃/W.I.N.G.編/ありのままで.csv,57,1001001030320,真乃,"ふふ……気が楽になったら
早くお料理を食べたいなぁ、って思えてきました",櫻木真乃,W.I.N.G.編,ありのままで
櫻木真乃/W.I.N.G.編/ありのままで.csv,58,1001001030330,真乃,"食レポ、頑張りますね
むんっ",櫻木真乃,W.I.N.G.編,ありのままで
櫻木真乃/W.I.N.G.編/これからも飛んでいきたい.csv,20,6001001090010,真乃,あ、プロデューサーさん,櫻木真乃,W.I.N.G.編,これからも飛んでいきたい
櫻木真乃/W.I.N.G.編/これからも飛んでいきたい.csv,22,6001001090020,真乃,"はいっ
あの最後のステージ……今までで一番うまく歌えました",櫻木真乃,W.I.N.G.編,これからも飛んでいきたい
櫻木真乃/W.I.N.G.編/これからも飛んでいきたい.csv,23,6001001090030,真乃,"灯織ちゃん、めぐるちゃんとひとつに繋がれたみたいな
不思議な感覚……",櫻木真乃,W.I.N.G.編,これからも飛んでいきたい
櫻木真乃/W.I.N.G.編/これからも飛んでいきたい.csv,24,6001001090040,真乃,よかった、最後のステージであれができて……,櫻木真乃,W.I.N.G.編,これからも飛んでいきたい
櫻木真乃/W.I.N.G.編/これからも飛んでいきたい.csv,26,6001001090050,真乃,"１位……１位なんですね
まだ……ピンときませんけど",櫻木真乃,W.I.N.G.編,これからも飛んでいきたい
櫻木真乃/W.I.N.G.編/これからも飛んでいきたい.csv,27,6001001090060,真乃,"でも、ファンのみなさんが喜んでくれたことが
何より一番うれしいですっ",櫻木真乃,W.I.N.G.編,これからも飛んでいきたい
櫻木真乃/W.I.N.G.編/これからも飛んでいきたい.csv,28,6001001090070,真乃,プロデューサーさんが褒めてくれることも,櫻木真乃,W.I.N.G.編,これからも飛んでいきたい
櫻木真乃/W.I.N.G.編/これからも飛んでいきたい.csv,30,6001001090080,真乃,ほわっ、何かおかしなこと言っちゃいましたか？,櫻木真乃,W.I.N.G.編,これからも飛んでいきたい
櫻木真乃/W.I.N.G.編/これからも飛んでいきたい.csv,33,6001001090090,真乃,"癒し……みんなそう言ってくれます
いつまで経っても実感が持てないんですけど",櫻木真乃,W.I.N.G.編,これからも飛んでいきたい
櫻木真乃/W.I.N.G.編/これからも飛んでいきたい.csv,34,6001001090100,真乃,"でも……もし私がみなさんを癒せてるなら……
それは間違いなくうれしいですっ",櫻木真乃,W.I.N.G.編,これからも飛んでいきたい
櫻木真乃/W.I.N.G.編/これからも飛んでいきたい.csv,36,6001001090110,真乃,"そうなんですね
プロデューサーさんが言うならきっとそうです",櫻木真乃,W.I.N.G.編,これからも飛んでいきたい
櫻木真乃/W.I.N.G.編/これからも飛んでいきたい.csv,38,6001001090120,真乃,"私……自分がアイドルとしてやっていけるのか
なかなか自信が持てませんでした……",櫻木真乃,W.I.N.G.編,これからも飛んでいきたい
櫻木真乃/W.I.N.G.編/これからも飛んでいきたい.csv,39,6001001090130,真乃,"でも、プロデューサーさんは
ずっとサポートしてくれましたよね？",櫻木真乃,W.I.N.G.編,これからも飛んでいきたい
櫻木真乃/W.I.N.G.編/これからも飛んでいきたい.csv,41,6001001090140,真乃,"おかげで私は、あのステージに立てました
灯織ちゃん、めぐるちゃんという素敵な仲間と一緒に",櫻木真乃,W.I.N.G.編,これからも飛んでいきたい
櫻木真乃/W.I.N.G.編/これからも飛んでいきたい.csv,42,6001001090150,真乃,"ありがとうございます、プロデューサーさん
ここまで私を連れてきてくれて",櫻木真乃,W.I.N.G.編,これからも飛んでいきたい
櫻木真乃/W.I.N.G.編/これからも飛んでいきたい.csv,44,6001001090160,真乃,"ふふ……そうでした
これで終わった気になっちゃダメですよね",櫻木真乃,W.I.N.G.編,これからも飛んでいきたい
櫻木真乃/W.I.N.G.編/これからも飛んでいきたい.csv,46,6001001090170,真乃,"はいっ
私、どこまでも飛んでいきたいです",櫻木真乃,W.I.N.G.編,これからも飛んでいきたい
櫻木真乃/W.I.N.G.編/これからも飛んでいきたい.csv,47,6001001090180,真乃,"それで、できるだけ多くの人に笑顔を届けたい……
ほわほわってなってもらいたいです",櫻木真乃,W.I.N.G.編,これからも飛んでいきたい
櫻木真乃/W.I.N.G.編/これからも飛んでいきたい.csv,49,6001001090190,真乃,ほわわわ……ありがとうございます,櫻木真乃,W.I.N.G.編,これからも飛んでいきたい
櫻木真乃/W.I.N.G.編/これからも飛んでいきたい.csv,50,6001001090200,真乃,"でも私は……プロデューサーさんの手助けがないと
羽ばたくこともできません",櫻木真乃,W.I.N.G.編,これからも飛んでいきたい
櫻木真乃/W.I.N.G.編/これからも飛んでいきたい.csv,51,6001001090210,真乃,ほわ……羽ばたけないと大変です,櫻木真乃,W.I.N.G.編,これからも飛んでいきたい
櫻木真乃/W.I.N.G.編/これからも飛んでいきたい.csv,52,6001001090220,真乃,"応援してくれるみなさんに応えるためにも
飛び続けないと",櫻木真乃,W.I.N.G.編,これからも飛んでいきたい
櫻木真乃/W.I.N.G.編/これからも飛んでいきたい.csv,54,6001001090230,真乃,"はいっ
よろしくお願いしますね、プロデューサーさん！",櫻木真乃,W.I.N.G.編,これからも飛んでいきたい
櫻木真乃/W.I.N.G.編/オーディション前①.csv,2,4001001000110010,真乃,"緊張してきちゃいました……失敗しちゃうかもしれません
ほわぁ……",櫻木真乃,W.I.N.G.編,オーディション前①
櫻木真乃/W.I.N.G.編/オーディション前①.csv,7,4001001000110020,真乃,"失敗したっていい、ですか？
……そうですね、私が楽しまないといけませんよねっ",櫻木真乃,W.I.N.G.編,オーディション前①
櫻木真乃/W.I.N.G.編/オーディション前①.csv,9,4001001000110030,真乃,"そ、そうですか！？
プロデューサーさんがそう言うなら、そうかもしれません",櫻木真乃,W.I.N.G.編,オーディション前①
櫻木真乃/W.I.N.G.編/オーディション前①.csv,11,4001001000110040,真乃,"そ、そうですよねっ。それじゃあ、強気に……むんっ！
も、もっと『むんっ！』したほうがいいですか？",櫻木真乃,W.I.N.G.編,オーディション前①
櫻木真乃/W.I.N.G.編/オーディション前②.csv,2,4001001000120010,真乃,ほわっ……す、すごい緊張感です……,櫻木真乃,W.I.N.G.編,オーディション前②
櫻木真乃/W.I.N.G.編/オーディション前②.csv,7,4001001000120020,真乃,"鳥さん……ですか？
ふふ、素敵な光景ですね",櫻木真乃,W.I.N.G.編,オーディション前②
櫻木真乃/W.I.N.G.編/オーディション前②.csv,9,4001001000120030,真乃,"そ、そうですよね……
わかりました、自分なりに頑張ってみますっ",櫻木真乃,W.I.N.G.編,オーディション前②
櫻木真乃/W.I.N.G.編/オーディション前②.csv,11,4001001000120040,真乃,"ほわっ……そ、そう言われても、
えっと『審査員さんに勝つ』って、どうしたら……？",櫻木真乃,W.I.N.G.編,オーディション前②
櫻木真乃/W.I.N.G.編/オーディション前③.csv,2,4001001000130010,真乃,"プ、プロデューサーさんっ
私の衣装……おかしなところはありませんか？",櫻木真乃,W.I.N.G.編,オーディション前③
櫻木真乃/W.I.N.G.編/オーディション前③.csv,7,4001001000130020,真乃,ありがとうございますっ……精一杯アイドルしてきます！,櫻木真乃,W.I.N.G.編,オーディション前③
櫻木真乃/W.I.N.G.編/オーディション前③.csv,9,4001001000130030,真乃,"ほわっ……
あ、どこも問題ないって意味、なんですね",櫻木真乃,W.I.N.G.編,オーディション前③
櫻木真乃/W.I.N.G.編/オーディション前③.csv,11,4001001000130040,真乃,ほわ……でも、せっかくの衣装ですし……,櫻木真乃,W.I.N.G.編,オーディション前③
櫻木真乃/W.I.N.G.編/オーディション前⑥.csv,2,4001001000230010,真乃,もう少しで本番……だ、台本は……衣装も大丈夫かな……,櫻木真乃,W.I.N.G.編,オーディション前⑥
櫻木真乃/W.I.N.G.編/オーディション前⑥.csv,7,4001001000230020,真乃,"そ、そうですよね……ふう
少し、落ち着きました。ありがとうございます",櫻木真乃,W.I.N.G.編,オーディション前⑥
櫻木真乃/W.I.N.G.編/オーディション前⑥.csv,9,4001001000230030,真乃,"ふふ……プロデューサーさんがアメをくれる姿、
なんだかかわいいです",櫻木真乃,W.I.N.G.編,オーディション前⑥
櫻木真乃/W.I.N.G.編/オーディション前⑥.csv,11,4001001000230040,真乃,"は、はい！
が、頑張りますっ",櫻木真乃,W.I.N.G.編,オーディション前⑥
櫻木真乃/W.I.N.G.編/オーディション後 勝利①.csv,3,5001001000110010,真乃,ほわぁ……,櫻木真乃,W.I.N.G.編,オーディション後 勝利①
櫻木真乃/W.I.N.G.編/オーディション後 勝利①.csv,5,5001001000110020,真乃,"いえ、あの私……
合格、できたんですねっ",櫻木真乃,W.I.N.G.編,オーディション後 勝利①
櫻木真乃/W.I.N.G.編/オーディション後 勝利①.csv,7,5001001000110030,真乃,"プロデューサーさんの喜ぶ顔を見てたら、
じわじわ実感がわいてきました。う、うれしい、です！",櫻木真乃,W.I.N.G.編,オーディション後 勝利①
櫻木真乃/W.I.N.G.編/オーディション後 勝利①.csv,8,5001001000110040,真乃,頑張りが報われるのって嬉しいですねっ,櫻木真乃,W.I.N.G.編,オーディション後 勝利①
櫻木真乃/W.I.N.G.編/オーディション後 勝利②.csv,2,5001001000210010,真乃,ほわぁ～、やりましたぁ,櫻木真乃,W.I.N.G.編,オーディション後 勝利②
櫻木真乃/W.I.N.G.編/オーディション後 勝利②.csv,4,5001001000210020,真乃,私、合格できましたっ,櫻木真乃,W.I.N.G.編,オーディション後 勝利②
櫻木真乃/W.I.N.G.編/オーディション後 勝利②.csv,6,5001001000210030,真乃,"ふふ……そう思ってくれているから、
私、がんばれるんです",櫻木真乃,W.I.N.G.編,オーディション後 勝利②
櫻木真乃/W.I.N.G.編/オーディション後 勝利②.csv,7,5001001000210040,真乃,"でも、今回が合格できたからといって、
次もうまくいくとは限りません",櫻木真乃,W.I.N.G.編,オーディション後 勝利②
櫻木真乃/W.I.N.G.編/オーディション後 勝利②.csv,8,5001001000210050,真乃,"気を引き締めていかないとですね
むんっ！",櫻木真乃,W.I.N.G.編,オーディション後 勝利②
櫻木真乃/W.I.N.G.編/オーディション後 敗北①.csv,3,5001001000120010,真乃,"プロデューサーさんが応援してくれたのに、
ごめんなさい……",櫻木真乃,W.I.N.G.編,オーディション後 敗北①
櫻木真乃/W.I.N.G.編/オーディション後 敗北①.csv,5,5001001000120020,真乃,いえ、私……まだまだ力不足でした,櫻木真乃,W.I.N.G.編,オーディション後 敗北①
櫻木真乃/W.I.N.G.編/オーディション後 敗北①.csv,7,5001001000120030,真乃,プロデューサーさんがそう言ってくれると、頑張れます,櫻木真乃,W.I.N.G.編,オーディション後 敗北①
櫻木真乃/W.I.N.G.編/オーディション後 敗北①.csv,8,5001001000120040,真乃,私、次はもっと頑張りますねっ,櫻木真乃,W.I.N.G.編,オーディション後 敗北①
櫻木真乃/W.I.N.G.編/シーズン1（クリア）.csv,3,7001001010010,真乃,"ほわぁ……私が『W.I.N.G.』の一次審査を通過？
本当に私が、ですかっ",櫻木真乃,W.I.N.G.編,シーズン1（クリア）
櫻木真乃/W.I.N.G.編/シーズン1（クリア）.csv,5,7001001010020,真乃,"なんだかすぐには実感が湧かなくて……ほわわ
頭がふわふわしてます",櫻木真乃,W.I.N.G.編,シーズン1（クリア）
櫻木真乃/W.I.N.G.編/シーズン1（クリア）.csv,6,7001001010030,真乃,"私、ついこの間アイドルになったばかりで、
まだまだだって思ってました",櫻木真乃,W.I.N.G.編,シーズン1（クリア）
櫻木真乃/W.I.N.G.編/シーズン1（クリア）.csv,7,7001001010040,真乃,"審査を通過するなんて
うれしい以上に、びっくりですっ",櫻木真乃,W.I.N.G.編,シーズン1（クリア）
櫻木真乃/W.I.N.G.編/シーズン1（クリア）.csv,10,7001001010050,真乃,はい、私なりに頑張っていたつもりですっ,櫻木真乃,W.I.N.G.編,シーズン1（クリア）
櫻木真乃/W.I.N.G.編/シーズン1（クリア）.csv,11,7001001010060,真乃,"それでも私はまだまだだなって、
思うこともありました……",櫻木真乃,W.I.N.G.編,シーズン1（クリア）
櫻木真乃/W.I.N.G.編/シーズン1（クリア）.csv,12,7001001010070,真乃,"審査を通過できるくらい頑張れたのは、
プロデューサーさんが側にいてくれたからです",櫻木真乃,W.I.N.G.編,シーズン1（クリア）
櫻木真乃/W.I.N.G.編/シーズン1（クリア）.csv,13,7001001010080,真乃,"本当にありがとうございますっ
プロデューサーさん！",櫻木真乃,W.I.N.G.編,シーズン1（クリア）
櫻木真乃/W.I.N.G.編/シーズン1（クリア）.csv,16,7001001010090,真乃,そうなんですね、プロデューサーさん,櫻木真乃,W.I.N.G.編,シーズン1（クリア）
櫻木真乃/W.I.N.G.編/シーズン1（クリア）.csv,18,7001001010100,真乃,"ほわわっ、そうでした
まだまだ審査は始まったばかりなんですよねっ",櫻木真乃,W.I.N.G.編,シーズン1（クリア）
櫻木真乃/W.I.N.G.編/シーズン1（クリア）.csv,20,7001001010110,真乃,"はいっ、どうなるかわからないですけど……
いい結果が見せられるよう、もっともっと頑張りますっ",櫻木真乃,W.I.N.G.編,シーズン1（クリア）
櫻木真乃/W.I.N.G.編/シーズン1（クリア）.csv,21,7001001010120,真乃,むんっ,櫻木真乃,W.I.N.G.編,シーズン1（クリア）
櫻木真乃/W.I.N.G.編/シーズン1（失敗）.csv,11,7001001020010,真乃,"そうですか……私なりに頑張ってみましたけど
だめだったんですね……",櫻木真乃,W.I.N.G.編,シーズン1（失敗）
櫻木真乃/W.I.N.G.編/シーズン1（失敗）.csv,12,7001001020020,真乃,"ごめんなさい……私の力不足で……
プロデューサーさんはすごくよくしてくれたのに……",櫻木真乃,W.I.N.G.編,シーズン1（失敗）
櫻木真乃/W.I.N.G.編/シーズン1（失敗）.csv,15,7001001020030,真乃,"プロデューサーさん……
ありがとうございますっ",櫻木真乃,W.I.N.G.編,シーズン1（失敗）
櫻木真乃/W.I.N.G.編/シーズン1（失敗）.csv,16,7001001020040,真乃,プロデューサーさんの気持ち、すごくうれしいです,櫻木真乃,W.I.N.G.編,シーズン1（失敗）
櫻木真乃/W.I.N.G.編/シーズン1（失敗）.csv,17,7001001020050,真乃,"私……もっと頑張りますからね
むんっ",櫻木真乃,W.I.N.G.編,シーズン1（失敗）
櫻木真乃/W.I.N.G.編/シーズン1（失敗）.csv,19,7001001020060,真乃,"はいっ、これからもよろしくお願いします
プロデューサーさんっ",櫻木真乃,W.I.N.G.編,シーズン1（失敗）
櫻木真乃/W.I.N.G.編/シーズン2（クリア）.csv,3,7001001030010,真乃,ほわわ……本当ですか、プロデューサーさんっ,櫻木真乃,W.I.N.G.編,シーズン2（クリア）
櫻木真乃/W.I.N.G.編/シーズン2（クリア）.csv,5,7001001030020,真乃,"……うれしいですっ
二次審査まで通過するなんて……",櫻木真乃,W.I.N.G.編,シーズン2（クリア）
櫻木真乃/W.I.N.G.編/シーズン2（クリア）.csv,6,7001001030030,真乃,"お母さんとお父さんに受かったって話さないと
それとピーちゃんにも？　あとは……ええっと……",櫻木真乃,W.I.N.G.編,シーズン2（クリア）
櫻木真乃/W.I.N.G.編/シーズン2（クリア）.csv,8,7001001030040,真乃,ありがとうございます、プロデューサーさんっ,櫻木真乃,W.I.N.G.編,シーズン2（クリア）
櫻木真乃/W.I.N.G.編/シーズン2（クリア）.csv,9,7001001030050,真乃,"あ、でもすみません……
ちょっと舞い上がりすぎました",櫻木真乃,W.I.N.G.編,シーズン2（クリア）
櫻木真乃/W.I.N.G.編/シーズン2（クリア）.csv,11,7001001030060,真乃,そうだったんですねっ,櫻木真乃,W.I.N.G.編,シーズン2（クリア）
櫻木真乃/W.I.N.G.編/シーズン2（クリア）.csv,13,7001001030070,真乃,"ほわぁ……プロデューサーさんにそう言ってもらえると
すごくうれしいですっ",櫻木真乃,W.I.N.G.編,シーズン2（クリア）
櫻木真乃/W.I.N.G.編/シーズン2（クリア）.csv,15,7001001030080,真乃,"三次選考……審査はどんどん厳しくなるんですよね？
私、通過できるのかな……",櫻木真乃,W.I.N.G.編,シーズン2（クリア）
櫻木真乃/W.I.N.G.編/シーズン2（クリア）.csv,16,7001001030090,真乃,"ほわっ、だめだめっ
私が今からこんなに弱気じゃいけませんね",櫻木真乃,W.I.N.G.編,シーズン2（クリア）
櫻木真乃/W.I.N.G.編/シーズン2（クリア）.csv,17,7001001030100,真乃,"せっかくプロデューサーさんやファンのみなさんが
応援してくれてるんですから",櫻木真乃,W.I.N.G.編,シーズン2（クリア）
櫻木真乃/W.I.N.G.編/シーズン2（クリア）.csv,18,7001001030110,真乃,……私、いつも多くの方から勇気をもらってます,櫻木真乃,W.I.N.G.編,シーズン2（クリア）
櫻木真乃/W.I.N.G.編/シーズン2（クリア）.csv,19,7001001030120,真乃,"いつも勇気をくれるみなさんに
私からも何かを届けたいです",櫻木真乃,W.I.N.G.編,シーズン2（クリア）
櫻木真乃/W.I.N.G.編/シーズン2（クリア）.csv,20,7001001030130,真乃,"私、もっともっと頑張りますねっ
支えてくれるみなさんのためにも",櫻木真乃,W.I.N.G.編,シーズン2（クリア）
櫻木真乃/W.I.N.G.編/シーズン2（クリア）.csv,21,7001001030140,真乃,それが……恩返しになると思いますから,櫻木真乃,W.I.N.G.編,シーズン2（クリア）
櫻木真乃/W.I.N.G.編/シーズン2（クリア）.csv,24,7001001030150,真乃,はいっ　プロデューサーさんっ,櫻木真乃,W.I.N.G.編,シーズン2（クリア）
櫻木真乃/W.I.N.G.編/シーズン2（失敗）.csv,11,7001001040010,真乃,"そう、ですか……アイドルってやっぱり厳しいですね……
私の力はまだまだ足りてないんだってよくわかりました……",櫻木真乃,W.I.N.G.編,シーズン2（失敗）
櫻木真乃/W.I.N.G.編/シーズン2（失敗）.csv,12,7001001040020,真乃,"私、自分がアイドルに向いてるのか、
まだよくわかっていません……",櫻木真乃,W.I.N.G.編,シーズン2（失敗）
櫻木真乃/W.I.N.G.編/シーズン2（失敗）.csv,13,7001001040030,真乃,"でも、ちょっとずつ歌やダンスが上手くなって、
いろんなお仕事も頂いて……毎日が楽しく思えてきたんです",櫻木真乃,W.I.N.G.編,シーズン2（失敗）
櫻木真乃/W.I.N.G.編/シーズン2（失敗）.csv,14,7001001040040,真乃,"アイドルとしてやっていけるのか、
それほど自信はありません。けど……",櫻木真乃,W.I.N.G.編,シーズン2（失敗）
櫻木真乃/W.I.N.G.編/シーズン2（失敗）.csv,15,7001001040050,真乃,まだ、アイドルを続けていきたいですっ,櫻木真乃,W.I.N.G.編,シーズン2（失敗）
櫻木真乃/W.I.N.G.編/シーズン2（失敗）.csv,16,7001001040060,真乃,"だから……プロデューサーさんさえ良ければ……
これからも私のこと応援してくれませんか……？",櫻木真乃,W.I.N.G.編,シーズン2（失敗）
櫻木真乃/W.I.N.G.編/シーズン2（失敗）.csv,18,7001001040070,真乃,"プロデューサーさん……ありがとうございますっ
私、頑張りますね",櫻木真乃,W.I.N.G.編,シーズン2（失敗）
櫻木真乃/W.I.N.G.編/シーズン2（失敗）.csv,19,7001001040080,真乃,むんっ,櫻木真乃,W.I.N.G.編,シーズン2（失敗）
櫻木真乃/W.I.N.G.編/シーズン3（クリア）.csv,2,7001001050010,真乃,"あ、あの……プロデューサーさん
審査の結果は……どうでしたか？",櫻木真乃,W.I.N.G.編,シーズン3（クリア）
櫻木真乃/W.I.N.G.編/シーズン3（クリア）.csv,4,7001001050020,真乃,"三次審査、通過……
はぁぁ……よ、よかったぁー",櫻木真乃,W.I.N.G.編,シーズン3（クリア）
櫻木真乃/W.I.N.G.編/シーズン3（クリア）.csv,6,7001001050030,真乃,"はい……結果が今日に出るって聞いて
ずっとそわそわしてました",櫻木真乃,W.I.N.G.編,シーズン3（クリア）
櫻木真乃/W.I.N.G.編/シーズン3（クリア）.csv,7,7001001050040,真乃,"楽しみなような怖いような……早く結果を知りたくて
ずーっとプロデューサーさんが来るのを待ってましたっ",櫻木真乃,W.I.N.G.編,シーズン3（クリア）
櫻木真乃/W.I.N.G.編/シーズン3（クリア）.csv,9,7001001050050,真乃,"はいっ、でも実はまだ……
『W.I.N.G.』出場が近づいてきたっていう実感がなくて",櫻木真乃,W.I.N.G.編,シーズン3（クリア）
櫻木真乃/W.I.N.G.編/シーズン3（クリア）.csv,10,7001001050060,真乃,"今はアイドルとしての毎日がすごく楽しいんです
まだ道は続いてるんだなって、まず安心しちゃいました",櫻木真乃,W.I.N.G.編,シーズン3（クリア）
櫻木真乃/W.I.N.G.編/シーズン3（クリア）.csv,11,7001001050070,真乃,"アイドルでいられるのが、この日常が続くのが
こんなにもうれしいだなんて……",櫻木真乃,W.I.N.G.編,シーズン3（クリア）
櫻木真乃/W.I.N.G.編/シーズン3（クリア）.csv,13,7001001050080,真乃,はい！　ありがとうございますっ,櫻木真乃,W.I.N.G.編,シーズン3（クリア）
櫻木真乃/W.I.N.G.編/シーズン3（クリア）.csv,14,7001001050090,真乃,"こんなにうれしかったことも……
楽しかったことも、今までなかったです",櫻木真乃,W.I.N.G.編,シーズン3（クリア）
櫻木真乃/W.I.N.G.編/シーズン3（クリア）.csv,16,7001001050100,真乃,"ほわ？
今よりもっと……？",櫻木真乃,W.I.N.G.編,シーズン3（クリア）
櫻木真乃/W.I.N.G.編/シーズン3（クリア）.csv,18,7001001050110,真乃,"私が『W.I.N.G.』で優勝……！？
そ、そんな夢みたいな……",櫻木真乃,W.I.N.G.編,シーズン3（クリア）
櫻木真乃/W.I.N.G.編/シーズン3（クリア）.csv,21,7001001050120,真乃,"ほわわ……プロデューサーさんにそう言ってもらえると
本当にできちゃう気がしてきますっ",櫻木真乃,W.I.N.G.編,シーズン3（クリア）
櫻木真乃/W.I.N.G.編/シーズン3（クリア）.csv,22,7001001050130,真乃,"そうですよね……みなさんのためにも、
出場するだけではなく……その先も目指して……",櫻木真乃,W.I.N.G.編,シーズン3（クリア）
櫻木真乃/W.I.N.G.編/シーズン3（クリア）.csv,23,7001001050140,真乃,"『W.I.N.G.』の舞台で輝けるアイドルになれるよう、
これからも頑張ります！",櫻木真乃,W.I.N.G.編,シーズン3（クリア）
櫻木真乃/W.I.N.G.編/シーズン3（クリア）.csv,25,7001001050150,真乃,"はいっ、これからも頼りにしてますね、
プロデューサーさんっ",櫻木真乃,W.I.N.G.編,シーズン3（クリア）
櫻木真乃/W.I.N.G.編/シーズン3（失敗）.csv,9,7001001060010,真乃,"あ、あの、プロデューサーさん……
……結果は、どうでしたか？",櫻木真乃,W.I.N.G.編,シーズン3（失敗）
櫻木真乃/W.I.N.G.編/シーズン3（失敗）.csv,11,7001001060020,真乃,"ほわ……
そう、ですか……だめだったんですね……",櫻木真乃,W.I.N.G.編,シーズン3（失敗）
櫻木真乃/W.I.N.G.編/シーズン3（失敗）.csv,12,7001001060030,真乃,"せっかく……プロデューサーさんや
いろいろな人が応援してくれたのに……悔しいです",櫻木真乃,W.I.N.G.編,シーズン3（失敗）
櫻木真乃/W.I.N.G.編/シーズン3（失敗）.csv,14,7001001060040,真乃,"はい……私、もっともっと先へ行って……
そこにあるものを見てみたいです",櫻木真乃,W.I.N.G.編,シーズン3（失敗）
櫻木真乃/W.I.N.G.編/シーズン3（失敗）.csv,17,7001001060050,真乃,"はいっ、これからも私を支えてくださいね
プロデューサーさんっ",櫻木真乃,W.I.N.G.編,シーズン3（失敗）
櫻木真乃/W.I.N.G.編/シーズン4（クリア）.csv,3,7001001070010,真乃,"ほ、本当に……
あの『W.I.N.G.』に、出られるんですか……？",櫻木真乃,W.I.N.G.編,シーズン4（クリア）
櫻木真乃/W.I.N.G.編/シーズン4（クリア）.csv,5,7001001070020,真乃,はいっ、ありがとうございますっ,櫻木真乃,W.I.N.G.編,シーズン4（クリア）
櫻木真乃/W.I.N.G.編/シーズン4（クリア）.csv,6,7001001070030,真乃,"ここまでくるのに
本当にいろいろなことがありました……本当に……",櫻木真乃,W.I.N.G.編,シーズン4（クリア）
櫻木真乃/W.I.N.G.編/シーズン4（クリア）.csv,7,7001001070040,真乃,"私ってアイドルになる前は、お友達とか少なくて……
このままでいいのかなって思っていたり……",櫻木真乃,W.I.N.G.編,シーズン4（クリア）
櫻木真乃/W.I.N.G.編/シーズン4（クリア）.csv,8,7001001070050,真乃,"そんなときアイドルをやってみないかって、
プロデューサーさんが誘ってくれたんです",櫻木真乃,W.I.N.G.編,シーズン4（クリア）
櫻木真乃/W.I.N.G.編/シーズン4（クリア）.csv,10,7001001070060,真乃,"真剣に誘ってくれたので、やってみようって思いました
アイドルになれば何か変わるかもしれない……",櫻木真乃,W.I.N.G.編,シーズン4（クリア）
櫻木真乃/W.I.N.G.編/シーズン4（クリア）.csv,11,7001001070070,真乃,"でも……どこか流されたみたいにアイドルを始めたから、
自信なんか全然なくて……何も変わらないままで……",櫻木真乃,W.I.N.G.編,シーズン4（クリア）
櫻木真乃/W.I.N.G.編/シーズン4（クリア）.csv,12,7001001070080,真乃,"それでもプロデューサーさんは励ましてくれたから、
ああ、この人を信じていこうって、頑張ってきましたっ",櫻木真乃,W.I.N.G.編,シーズン4（クリア）
櫻木真乃/W.I.N.G.編/シーズン4（クリア）.csv,14,7001001070090,真乃,"応援してくれる人がたくさん増えました
事務所のみんなとは仲良くなれましたし",櫻木真乃,W.I.N.G.編,シーズン4（クリア）
櫻木真乃/W.I.N.G.編/シーズン4（クリア）.csv,15,7001001070100,真乃,"今の私があるのは、プロデューサーさんや
応援してくれるみなさんのおかげです",櫻木真乃,W.I.N.G.編,シーズン4（クリア）
櫻木真乃/W.I.N.G.編/シーズン4（クリア）.csv,16,7001001070110,真乃,"みなさんが私を信じてくれたから、
私はここまで頑張れました……",櫻木真乃,W.I.N.G.編,シーズン4（クリア）
櫻木真乃/W.I.N.G.編/シーズン4（クリア）.csv,17,7001001070120,真乃,けど、今日からは自分のことを……,櫻木真乃,W.I.N.G.編,シーズン4（クリア）
櫻木真乃/W.I.N.G.編/シーズン4（クリア）.csv,18,7001001070130,真乃,"みんなが応援してくれる私のことを……
ちょっとだけ信じてみようと思いますっ",櫻木真乃,W.I.N.G.編,シーズン4（クリア）
櫻木真乃/W.I.N.G.編/シーズン4（クリア）.csv,21,7001001070140,真乃,"はい、見ててくださいね、プロデューサーさん
むんっ",櫻木真乃,W.I.N.G.編,シーズン4（クリア）
櫻木真乃/W.I.N.G.編/公園の歌声.csv,58,1001001010110,真乃,"櫻木真乃、１6歳です
これからよろしくお願いしますね",櫻木真乃,W.I.N.G.編,公園の歌声
櫻木真乃/W.I.N.G.編/敗退コミュ.csv,2,6001001020010,真乃,"すみません、プロデューサーさん
私……負けちゃいました……",櫻木真乃,W.I.N.G.編,敗退コミュ
櫻木真乃/W.I.N.G.編/敗退コミュ.csv,3,6001001020020,真乃,"本当は……負けたくなかったです
優勝……したかったです……",櫻木真乃,W.I.N.G.編,敗退コミュ
櫻木真乃/W.I.N.G.編/敗退コミュ.csv,5,6001001020030,真乃,プロデューサーさん……,櫻木真乃,W.I.N.G.編,敗退コミュ
櫻木真乃/W.I.N.G.編/敗退コミュ.csv,7,6001001020040,真乃,……はい、私あきらめないです,櫻木真乃,W.I.N.G.編,敗退コミュ
櫻木真乃/W.I.N.G.編/敗退コミュ.csv,8,6001001020050,真乃,"だって……
みなさんの喜ぶ顔が、見たいですからっ……",櫻木真乃,W.I.N.G.編,敗退コミュ
櫻木真乃/W.I.N.G.編/敗退コミュ.csv,11,6001001020060,真乃,"はいっ
私、頑張ります……",櫻木真乃,W.I.N.G.編,敗退コミュ
櫻木真乃/W.I.N.G.編/未来へ羽ばたく.csv,10,6001001070010,真乃,"終わっちゃったんですね……
私の『W.I.N.G.』への挑戦……",櫻木真乃,W.I.N.G.編,未来へ羽ばたく
櫻木真乃/W.I.N.G.編/未来へ羽ばたく.csv,12,6001001070020,真乃,"……あの、プロデューサーさん
今だからこそ、お礼を言わせてください",櫻木真乃,W.I.N.G.編,未来へ羽ばたく
櫻木真乃/W.I.N.G.編/未来へ羽ばたく.csv,13,6001001070030,真乃,"何もできなかった私を……アイドルとして、
ここまで成長させてくれて、ありがとうございますっ",櫻木真乃,W.I.N.G.編,未来へ羽ばたく
櫻木真乃/W.I.N.G.編/未来へ羽ばたく.csv,14,6001001070040,真乃,"最後に負けちゃいましたけど……ここまで来れたのは、
プロデューサーさんが支えてくれたおかげですっ",櫻木真乃,W.I.N.G.編,未来へ羽ばたく
櫻木真乃/W.I.N.G.編/未来へ羽ばたく.csv,16,6001001070050,真乃,"……いえ、まだまだずっとアイドルを続けたいです
ステージでファンのみなさんにいろんな思いを届けたい",櫻木真乃,W.I.N.G.編,未来へ羽ばたく
櫻木真乃/W.I.N.G.編/未来へ羽ばたく.csv,17,6001001070060,真乃,"私、最初はここまで来れただけで満足だったのに……
今はもっと先へと羽ばたいていきたいと思っています",櫻木真乃,W.I.N.G.編,未来へ羽ばたく
櫻木真乃/W.I.N.G.編/未来へ羽ばたく.csv,19,6001001070070,真乃,"はいっ、私、まだまだアイドル頑張ります
むんっ",櫻木真乃,W.I.N.G.編,未来へ羽ばたく
櫻木真乃/W.I.N.G.編/決勝前コミュ.csv,2,6001001040010,真乃,～～～♪♪,櫻木真乃,W.I.N.G.編,決勝前コミュ
櫻木真乃/W.I.N.G.編/決勝前コミュ.csv,5,6001001040020,真乃,"ほわっ……聴かれちゃいました
なんだか恥ずかしいですね……ふふっ",櫻木真乃,W.I.N.G.編,決勝前コミュ
櫻木真乃/W.I.N.G.編/決勝前コミュ.csv,6,6001001040030,真乃,"そういえば、プロデューサーさんと初めてあったときも、
私、歌っていましたね……",櫻木真乃,W.I.N.G.編,決勝前コミュ
櫻木真乃/W.I.N.G.編/決勝前コミュ.csv,9,6001001040040,真乃,私を輝かせてくれたのは、プロデューサーさんです,櫻木真乃,W.I.N.G.編,決勝前コミュ
櫻木真乃/W.I.N.G.編/決勝前コミュ.csv,11,6001001040050,真乃,"ふふ……それじゃあステージで、
もっともっと、きらきらしてきます！",櫻木真乃,W.I.N.G.編,決勝前コミュ
櫻木真乃/W.I.N.G.編/決勝後コミュ.csv,2,6001001060010,真乃,ほわわ…………,櫻木真乃,W.I.N.G.編,決勝後コミュ
櫻木真乃/W.I.N.G.編/決勝後コミュ.csv,4,6001001060020,真乃,"ぷ、プロデューサーさんっ……
あのっ、わ、私、本当にっ、あのっ！",櫻木真乃,W.I.N.G.編,決勝後コミュ
櫻木真乃/W.I.N.G.編/決勝後コミュ.csv,6,6001001060030,真乃,"は、はいっ
すーはー……すーはー……",櫻木真乃,W.I.N.G.編,決勝後コミュ
櫻木真乃/W.I.N.G.編/決勝後コミュ.csv,7,6001001060040,真乃,プロデューサーさん……,櫻木真乃,W.I.N.G.編,決勝後コミュ
櫻木真乃/W.I.N.G.編/決勝後コミュ.csv,8,6001001060050,真乃,"……ゆ、優勝、したんですねっ
ほ、本当に優勝したんですね……っ！",櫻木真乃,W.I.N.G.編,決勝後コミュ
櫻木真乃/W.I.N.G.編/決勝後コミュ.csv,10,6001001060060,真乃,"う、嬉しすぎて、なんて言ったら……
ほわわわ……",櫻木真乃,W.I.N.G.編,決勝後コミュ
櫻木真乃/W.I.N.G.編/決勝後コミュ.csv,11,6001001060070,真乃,"……プロデューサーさんっ
いま……今まで、本当に……ありがとうございましたっ！",櫻木真乃,W.I.N.G.編,決勝後コミュ
櫻木真乃/W.I.N.G.編/準決勝前コミュ.csv,2,6001001010010,真乃,"ほわわ……プロデューサーさん、
これから準決勝ですね……",櫻木真乃,W.I.N.G.編,準決勝前コミュ
櫻木真乃/W.I.N.G.編/準決勝前コミュ.csv,3,6001001010020,真乃,わ、私ちゃんと歌えるでしょうか……,櫻木真乃,W.I.N.G.編,準決勝前コミュ
櫻木真乃/W.I.N.G.編/準決勝前コミュ.csv,6,6001001010030,真乃,"……そうですよね
もっと自信を持たなくちゃだめですよねっ",櫻木真乃,W.I.N.G.編,準決勝前コミュ
櫻木真乃/W.I.N.G.編/準決勝前コミュ.csv,7,6001001010040,真乃,"みんなに、見て良かったって思える
最高のステージにしなくちゃ……！",櫻木真乃,W.I.N.G.編,準決勝前コミュ
櫻木真乃/W.I.N.G.編/準決勝前コミュ.csv,8,6001001010050,真乃,"私やります
むんっ",櫻木真乃,W.I.N.G.編,準決勝前コミュ
櫻木真乃/W.I.N.G.編/準決勝前コミュ.csv,10,6001001010060,真乃,"はいっ
プロデューサーさん、見守っていてください！",櫻木真乃,W.I.N.G.編,準決勝前コミュ
櫻木真乃/W.I.N.G.編/準決勝後コミュ.csv,2,6001001030010,真乃,ほわわ……私やりました,櫻木真乃,W.I.N.G.編,準決勝後コミュ
櫻木真乃/W.I.N.G.編/準決勝後コミュ.csv,4,6001001030020,真乃,はいっ、私も驚いてるんです,櫻木真乃,W.I.N.G.編,準決勝後コミュ
櫻木真乃/W.I.N.G.編/準決勝後コミュ.csv,5,6001001030030,真乃,"私、ステージの上で夢中でした
まるで夢を見ているような感じで……",櫻木真乃,W.I.N.G.編,準決勝後コミュ
櫻木真乃/W.I.N.G.編/準決勝後コミュ.csv,6,6001001030040,真乃,"だけどそのとき、みんなの応援が耳に届いたんです
頑張れ～、頑張れ～、って！",櫻木真乃,W.I.N.G.編,準決勝後コミュ
櫻木真乃/W.I.N.G.編/準決勝後コミュ.csv,7,6001001030050,真乃,"それを聞いたら、急に体がふわ～ってなって……
いつもよりもしっかり歌えたんです",櫻木真乃,W.I.N.G.編,準決勝後コミュ
櫻木真乃/W.I.N.G.編/準決勝後コミュ.csv,8,6001001030060,真乃,"だから、勝てたのは私一人の力じゃありません
応援してくれたみんなのおかげですっ",櫻木真乃,W.I.N.G.編,準決勝後コミュ
櫻木真乃/W.I.N.G.編/準決勝後コミュ.csv,11,6001001030070,真乃,"はい、私みんなの期待に応えます
むんっ",櫻木真乃,W.I.N.G.編,準決勝後コミュ
櫻木真乃/W.I.N.G.編/自信のありか.csv,4,1001001020010,真乃,"ピーちゃんとお出かけするの、久し振りだね
ほわ～いいお天気できもちいいね～",櫻木真乃,W.I.N.G.編,自信のありか
櫻木真乃/W.I.N.G.編/自信のありか.csv,6,1001001020020,真乃,"私ね、最近忙しくなってきたんだよ
レッスンに、オーディション。それから……",櫻木真乃,W.I.N.G.編,自信のありか
櫻木真乃/W.I.N.G.編/自信のありか.csv,7,1001001020030,真乃,"ユニットを組んで活動することになって……
私、本当にアイドルになっちゃったんだよ",櫻木真乃,W.I.N.G.編,自信のありか
櫻木真乃/W.I.N.G.編/自信のありか.csv,8,1001001020040,真乃,"気が付けば進みだしてて……
私、本当にライブに出ていいのかな？",櫻木真乃,W.I.N.G.編,自信のありか
櫻木真乃/W.I.N.G.編/自信のありか.csv,9,1001001020050,真乃,"ピーちゃんはどう思う？
…………",櫻木真乃,W.I.N.G.編,自信のありか
櫻木真乃/W.I.N.G.編/自信のありか.csv,12,1001001020060,真乃,"ほわっ、プロデューサーさん？
どうしてここに？",櫻木真乃,W.I.N.G.編,自信のありか
櫻木真乃/W.I.N.G.編/自信のありか.csv,14,1001001020070,真乃,"この子は家で飼っているピーちゃんですっ
今日は一緒にお散歩をしていました。お話もしたり——",櫻木真乃,W.I.N.G.編,自信のありか
櫻木真乃/W.I.N.G.編/自信のありか.csv,16,1001001020080,真乃,"ほわ～、ピーちゃんに相談してたの、
聞かれちゃったんですか？",櫻木真乃,W.I.N.G.編,自信のありか
櫻木真乃/W.I.N.G.編/自信のありか.csv,18,1001001020090,真乃,"……こんなこと言ってていいのかなぁって思うんですけど
でも……自信が持てないんです",櫻木真乃,W.I.N.G.編,自信のありか
櫻木真乃/W.I.N.G.編/自信のありか.csv,21,1001001020100,真乃,"私はただ、アイドルになるのに必要だって言われたことを
やってただけなんです……",櫻木真乃,W.I.N.G.編,自信のありか
櫻木真乃/W.I.N.G.編/自信のありか.csv,22,1001001020110,真乃,"灯織ちゃんはいつも一生懸命
めぐるちゃんは楽しそうにやってる",櫻木真乃,W.I.N.G.編,自信のありか
櫻木真乃/W.I.N.G.編/自信のありか.csv,23,1001001020120,真乃,"イルミネーションスターズのユニットの中で、
私はちゃんとできてるかなって……思ってしまうんです",櫻木真乃,W.I.N.G.編,自信のありか
櫻木真乃/W.I.N.G.編/自信のありか.csv,27,1001001020130,真乃,つらい？　つらい……,櫻木真乃,W.I.N.G.編,自信のありか
櫻木真乃/W.I.N.G.編/自信のありか.csv,28,1001001020131,真乃,いいえ、楽しかったです,櫻木真乃,W.I.N.G.編,自信のありか
櫻木真乃/W.I.N.G.編/自信のありか.csv,29,1001001020140,真乃,"それにレッスンが終わった後、
胸の中までポカポカしてきて……",櫻木真乃,W.I.N.G.編,自信のありか
櫻木真乃/W.I.N.G.編/自信のありか.csv,31,1001001020150,真乃,"あ、ええっと、なんて言うんだろう？
うーんうーん……",櫻木真乃,W.I.N.G.編,自信のありか
櫻木真乃/W.I.N.G.編/自信のありか.csv,32,1001001020151,真乃,……その、ポカポカなんです,櫻木真乃,W.I.N.G.編,自信のありか
櫻木真乃/W.I.N.G.編/自信のありか.csv,35,1001001020160,真乃,"ほわ……
私はアイドルになりたいんですか……？",櫻木真乃,W.I.N.G.編,自信のありか
櫻木真乃/W.I.N.G.編/自信のありか.csv,37,1001001020170,真乃,私はプロデューサーさんを信じてます,櫻木真乃,W.I.N.G.編,自信のありか
櫻木真乃/W.I.N.G.編/自信のありか.csv,38,1001001020180,真乃,……まだ自分がアイドルでいいのか分かりませんけど,櫻木真乃,W.I.N.G.編,自信のありか
櫻木真乃/W.I.N.G.編/自信のありか.csv,39,1001001020190,真乃,"プロデューサーさんを信じてますから、
これからもユニットの活動を頑張っていきます",櫻木真乃,W.I.N.G.編,自信のありか
櫻木真乃/W.I.N.G.編/自信のありか.csv,40,1001001020200,真乃,むんっ,櫻木真乃,W.I.N.G.編,自信のありか
櫻木真乃/W.I.N.G.編/自信のありか.csv,42,1001001020211,真乃,"ほわ……そうなんでしょうか？
……自信を持つ",櫻木真乃,W.I.N.G.編,自信のありか
櫻木真乃/W.I.N.G.編/自信のありか.csv,44,1001001020220,真乃,"はい、私なりにやれることをやってるつもりです……
レッスンも、オーディションも",櫻木真乃,W.I.N.G.編,自信のありか
櫻木真乃/W.I.N.G.編/自信のありか.csv,45,1001001020230,真乃,"でも全然足りてない気がしているんです
私は本当にしっかりできてるんでしょうか？",櫻木真乃,W.I.N.G.編,自信のありか
櫻木真乃/W.I.N.G.編/自信のありか.csv,48,1001001020240,真乃,"ほわ……そうだったんですね……
私、自信を持ってライブに出たいです",櫻木真乃,W.I.N.G.編,自信のありか
櫻木真乃/W.I.N.G.編/自信のありか.csv,49,1001001020250,真乃,"まだまだ不安でいっぱいですけど、
プロデューサーさんの言うことを信じて頑張ります",櫻木真乃,W.I.N.G.編,自信のありか
櫻木真乃/W.I.N.G.編/自信のありか.csv,51,1001001020260,真乃,"私……なんだかレッスンがしたくなってきました
身体を動かしたいですっ",櫻木真乃,W.I.N.G.編,自信のありか
櫻木真乃/W.I.N.G.編/自信のありか.csv,52,1001001020270,真乃,"ピーちゃんを家に連れて帰りますね
その後、レッスンさせてくださいっ",櫻木真乃,W.I.N.G.編,自信のありか
櫻木真乃/W.I.N.G.編/自信のありか.csv,53,1001001020280,真乃,"ピーちゃん、また一緒に遊ぼうね
その時は愚痴を聞かせたりはしないから、むんっ",櫻木真乃,W.I.N.G.編,自信のありか
櫻木真乃/W.I.N.G.編/自信のありか.csv,55,1001001020290,真乃,ほわ……これから……？,櫻木真乃,W.I.N.G.編,自信のありか
櫻木真乃/W.I.N.G.編/自信のありか.csv,57,1001001020300,真乃,"……私は私なりに頑張ろうって思っています
だけど私には素質がないのかも、って気がしていました",櫻木真乃,W.I.N.G.編,自信のありか
櫻木真乃/W.I.N.G.編/自信のありか.csv,60,1001001020310,真乃,"私が多くの人を笑顔に……ほわぁ
今までそんなこと、考えたこともなかったです",櫻木真乃,W.I.N.G.編,自信のありか
櫻木真乃/W.I.N.G.編/自信のありか.csv,61,1001001020320,真乃,"私、プロデューサーさんの言葉を信じたい……
だって誰かを笑顔にできるなんて素敵ですっ",櫻木真乃,W.I.N.G.編,自信のありか
櫻木真乃/W.I.N.G.編/自信のありか.csv,63,1001001020330,真乃,はい……私、もっと頑張れる気がしてきました,櫻木真乃,W.I.N.G.編,自信のありか
櫻木真乃/W.I.N.G.編/自信のありか.csv,64,1001001020340,真乃,ありがとうございます、プロデューサーさんっ,櫻木真乃,W.I.N.G.編,自信のありか
櫻木真乃/W.I.N.G.編/自分を信じて.csv,2,1001001050010,真乃,"ほわ……大きなお仕事なのに……
灯織ちゃんもめぐるちゃんも今日はいないなんて……",櫻木真乃,W.I.N.G.編,自分を信じて
櫻木真乃/W.I.N.G.編/自分を信じて.csv,4,1001001050020,真乃,"本当にこんな大きな歌番組に
新人の私が参加しても大丈夫なんでしょうか？",櫻木真乃,W.I.N.G.編,自分を信じて
櫻木真乃/W.I.N.G.編/自分を信じて.csv,7,1001001050030,真乃,"はいっ……晴れ舞台……わ、私の、晴れ舞台
ほわぁ！　き、緊張してしまいますっ",櫻木真乃,W.I.N.G.編,自分を信じて
櫻木真乃/W.I.N.G.編/自分を信じて.csv,8,1001001050040,真乃,"みなさんは他の人の応援がしたいんじゃないでしょうか？
ほわわ……私、どうしたらいいのか",櫻木真乃,W.I.N.G.編,自分を信じて
櫻木真乃/W.I.N.G.編/自分を信じて.csv,10,1001001050050,真乃,"プロデューサーさんは間違ったことを言いません
わ、わかりました……覚悟を決め……決めて……",櫻木真乃,W.I.N.G.編,自分を信じて
櫻木真乃/W.I.N.G.編/自分を信じて.csv,12,1001001050060,真乃,"いよいよ……い、いよいよです……
大丈夫ですよね、プロデューサーさん？",櫻木真乃,W.I.N.G.編,自分を信じて
櫻木真乃/W.I.N.G.編/自分を信じて.csv,17,1001001050070,真乃,"ほわ？
はい……わかりましたっ",櫻木真乃,W.I.N.G.編,自分を信じて
櫻木真乃/W.I.N.G.編/自分を信じて.csv,19,1001001050080,真乃,"……たくさんの小さな音が……聞こえます
なんだか、小鳥さんたちが、はばたいてるみたいな……",櫻木真乃,W.I.N.G.編,自分を信じて
櫻木真乃/W.I.N.G.編/自分を信じて.csv,20,1001001050090,真乃,"どんどん、どんどん大きくなって……
ひとつのはばたきに……これは、もしかして……",櫻木真乃,W.I.N.G.編,自分を信じて
櫻木真乃/W.I.N.G.編/自分を信じて.csv,21,1001001050100,真乃,拍手の、音……？,櫻木真乃,W.I.N.G.編,自分を信じて
櫻木真乃/W.I.N.G.編/自分を信じて.csv,23,1001001050110,真乃,ほわぁ……っ！,櫻木真乃,W.I.N.G.編,自分を信じて
櫻木真乃/W.I.N.G.編/自分を信じて.csv,24,1001001050120,真乃,"あんなにたくさんのお客さんが、
私の名前を呼んでくれています！",櫻木真乃,W.I.N.G.編,自分を信じて
櫻木真乃/W.I.N.G.編/自分を信じて.csv,26,1001001050130,真乃,"全然、知りませんでした……
私の歌を聴きにきてくれたファンの方が、こんなに……",櫻木真乃,W.I.N.G.編,自分を信じて
櫻木真乃/W.I.N.G.編/自分を信じて.csv,28,1001001050140,真乃,いいえ……私、ここにいるみなさんに応えたい,櫻木真乃,W.I.N.G.編,自分を信じて
櫻木真乃/W.I.N.G.編/自分を信じて.csv,29,1001001050150,真乃,"勇気をくれたファンのみなさんに
最高のステージを届けたいです……！",櫻木真乃,W.I.N.G.編,自分を信じて
櫻木真乃/W.I.N.G.編/自分を信じて.csv,30,1001001050160,真乃,プロデューサーさん、見守っていてくれますか？,櫻木真乃,W.I.N.G.編,自分を信じて
櫻木真乃/W.I.N.G.編/自分を信じて.csv,31,1001001050170,真乃,私……今なら、どこまでも飛べる気がしますっ,櫻木真乃,W.I.N.G.編,自分を信じて
櫻木真乃/W.I.N.G.編/自分を信じて.csv,32,1001001050180,真乃,"……信じる？
プロデューサーさんを、信じる……？",櫻木真乃,W.I.N.G.編,自分を信じて
櫻木真乃/W.I.N.G.編/自分を信じて.csv,33,1001001050190,真乃,"ほわっ、そうです
私はいつでもプロデューサーさんを信じてきましたっ",櫻木真乃,W.I.N.G.編,自分を信じて
櫻木真乃/W.I.N.G.編/自分を信じて.csv,34,1001001050200,真乃,"挫けそうになったら励ましてくれて、
逆に頑張りすぎたら止めてくれるんですっ",櫻木真乃,W.I.N.G.編,自分を信じて
櫻木真乃/W.I.N.G.編/自分を信じて.csv,37,1001001050210,真乃,"はいっ……プロデューサーさんがそう言うなら
私は信じますっ",櫻木真乃,W.I.N.G.編,自分を信じて
櫻木真乃/W.I.N.G.編/自分を信じて.csv,38,1001001050220,真乃,"私……やれます
やってみせます",櫻木真乃,W.I.N.G.編,自分を信じて
櫻木真乃/W.I.N.G.編/自分を信じて.csv,40,1001001050230,真乃,はいっ！,櫻木真乃,W.I.N.G.編,自分を信じて
櫻木真乃/W.I.N.G.編/自分を信じて.csv,41,1001001050240,真乃,"プロデューサーさん！
私、できましたっ！",櫻木真乃,W.I.N.G.編,自分を信じて
櫻木真乃/W.I.N.G.編/自分を信じて.csv,43,1001001050250,真乃,"みなさん、声援を送ってくれました
私に……私の歌に……",櫻木真乃,W.I.N.G.編,自分を信じて
櫻木真乃/W.I.N.G.編/自分を信じて.csv,45,1001001050260,真乃,"私だけでは今この場に立てていません
全部プロデューサーさんのおかげです",櫻木真乃,W.I.N.G.編,自分を信じて
櫻木真乃/W.I.N.G.編/自分を信じて.csv,46,1001001050270,真乃,"ありがとうございますっ！
プロデューサーさんを信じてよかった",櫻木真乃,W.I.N.G.編,自分を信じて
櫻木真乃/W.I.N.G.編/自分を信じて.csv,48,1001001050280,真乃,ほわわ……私、自分のことを信じていいんでしょうか？,櫻木真乃,W.I.N.G.編,自分を信じて
櫻木真乃/W.I.N.G.編/自分を信じて.csv,49,1001001050290,真乃,"今までつまずいてばかりな気がするんです
本当に信じても？",櫻木真乃,W.I.N.G.編,自分を信じて
櫻木真乃/W.I.N.G.編/自分を信じて.csv,51,1001001050300,真乃,"ほわっ、今日来てくれるって書いてありますっ
私を、応援するために……",櫻木真乃,W.I.N.G.編,自分を信じて
櫻木真乃/W.I.N.G.編/自分を信じて.csv,53,1001001050310,真乃,"ほわぁ……きっと大変です……
でも、私を応援したいから……って",櫻木真乃,W.I.N.G.編,自分を信じて
櫻木真乃/W.I.N.G.編/自分を信じて.csv,57,1001001050320,真乃,"はいっ、自分を信じて歌います
応援してくれているみなさんに応えたいですっ",櫻木真乃,W.I.N.G.編,自分を信じて
櫻木真乃/W.I.N.G.編/自分を信じて.csv,58,1001001050330,真乃,"ありがとうございます
プロデューサーさんのおかげで大切なことに気付けました",櫻木真乃,W.I.N.G.編,自分を信じて
櫻木真乃/W.I.N.G.編/自分を信じて.csv,59,1001001050340,真乃,私、やります！,櫻木真乃,W.I.N.G.編,自分を信じて
櫻木真乃/W.I.N.G.編/自分を信じて.csv,61,1001001050350,真乃,"はい、見ててくださいね
プロデューサーさんっ",櫻木真乃,W.I.N.G.編,自分を信じて
櫻木真乃/W.I.N.G.編/頑張りすぎ.csv,3,1001001040010,真乃,ほわぁぁ,櫻木真乃,W.I.N.G.編,頑張りすぎ
櫻木真乃/W.I.N.G.編/頑張りすぎ.csv,5,1001001040020,真乃,"平気です
ほわわわ……",櫻木真乃,W.I.N.G.編,頑張りすぎ
櫻木真乃/W.I.N.G.編/頑張りすぎ.csv,7,1001001040030,真乃,"でも、次のオーディションも近いですし、
レッスンしたいです",櫻木真乃,W.I.N.G.編,頑張りすぎ
櫻木真乃/W.I.N.G.編/頑張りすぎ.csv,8,1001001040040,真乃,"レッスンさせてください
お願いします！",櫻木真乃,W.I.N.G.編,頑張りすぎ
櫻木真乃/W.I.N.G.編/頑張りすぎ.csv,10,1001001040050,真乃,"最近、応援してくれる人が増えたんです
道を歩いてて声をかけられたりすることも",櫻木真乃,W.I.N.G.編,頑張りすぎ
櫻木真乃/W.I.N.G.編/頑張りすぎ.csv,11,1001001040060,真乃,"学校のみんなからも、
『頑張って』って言われるようになりました",櫻木真乃,W.I.N.G.編,頑張りすぎ
櫻木真乃/W.I.N.G.編/頑張りすぎ.csv,13,1001001040070,真乃,"みんなの応援に応えたいって、思うんです
できるだけ大勢の人に喜んでもらいたいって",櫻木真乃,W.I.N.G.編,頑張りすぎ
櫻木真乃/W.I.N.G.編/頑張りすぎ.csv,14,1001001040080,真乃,"今までの私は、自分がどこを歩いているのかも
よくわかっていませんでした",櫻木真乃,W.I.N.G.編,頑張りすぎ
櫻木真乃/W.I.N.G.編/頑張りすぎ.csv,15,1001001040090,真乃,"今もまだ、どこへ向かえばいいのかよくわかりません
でも、どこかへ飛んでいけそうなんです",櫻木真乃,W.I.N.G.編,頑張りすぎ
櫻木真乃/W.I.N.G.編/頑張りすぎ.csv,17,1001001040100,真乃,"すごく……わくわくしているんです、私
だから、やれることは全部やっておきたくて",櫻木真乃,W.I.N.G.編,頑張りすぎ
櫻木真乃/W.I.N.G.編/頑張りすぎ.csv,18,1001001040110,真乃,"プロデューサーさん、
いつもみたいに背中を押してください！",櫻木真乃,W.I.N.G.編,頑張りすぎ
櫻木真乃/W.I.N.G.編/頑張りすぎ.csv,22,1001001040120,真乃,そんな……どうしてですか？,櫻木真乃,W.I.N.G.編,頑張りすぎ
櫻木真乃/W.I.N.G.編/頑張りすぎ.csv,25,1001001040130,真乃,"ほわっ……
そう、だったんですね",櫻木真乃,W.I.N.G.編,頑張りすぎ
櫻木真乃/W.I.N.G.編/頑張りすぎ.csv,27,1001001040140,真乃,"……みんな私を大切にしてくれてます
その私が傷ついてちゃダメですよね？",櫻木真乃,W.I.N.G.編,頑張りすぎ
櫻木真乃/W.I.N.G.編/頑張りすぎ.csv,28,1001001040150,真乃,"それに……傷ついた翼ではうまく飛べない
灯織ちゃんやめぐるちゃんに迷惑はかけたくないです",櫻木真乃,W.I.N.G.編,頑張りすぎ
櫻木真乃/W.I.N.G.編/頑張りすぎ.csv,30,1001001040160,真乃,"……はい
みんな、とっても……とっても大切な人たちですっ",櫻木真乃,W.I.N.G.編,頑張りすぎ
櫻木真乃/W.I.N.G.編/頑張りすぎ.csv,31,1001001040170,真乃,今日は帰って休むことにしますね,櫻木真乃,W.I.N.G.編,頑張りすぎ
櫻木真乃/W.I.N.G.編/頑張りすぎ.csv,32,1001001040180,真乃,"プロデューサーさん、大切なことに気付かせてくれて
……いつも、ありがとうございますっ！",櫻木真乃,W.I.N.G.編,頑張りすぎ
櫻木真乃/W.I.N.G.編/頑張りすぎ.csv,33,1001001040190,真乃,"心配してくれてありがとうございます
プロデューサーさん",櫻木真乃,W.I.N.G.編,頑張りすぎ
櫻木真乃/W.I.N.G.編/頑張りすぎ.csv,34,1001001040200,真乃,"でも私は……もっと頑張って
みんなの期待に応えたいって思うんです",櫻木真乃,W.I.N.G.編,頑張りすぎ
櫻木真乃/W.I.N.G.編/頑張りすぎ.csv,36,1001001040210,真乃,"みなさんが望んでいること……
前にプロデューサーさんが教えてくれたのは……",櫻木真乃,W.I.N.G.編,頑張りすぎ
櫻木真乃/W.I.N.G.編/頑張りすぎ.csv,37,1001001040220,真乃,"癒し……？
私を見て癒されるって、教えてくれました",櫻木真乃,W.I.N.G.編,頑張りすぎ
櫻木真乃/W.I.N.G.編/頑張りすぎ.csv,39,1001001040230,真乃,"ほわっ……それなら、
みなさんに心配かけちゃいけません",櫻木真乃,W.I.N.G.編,頑張りすぎ
櫻木真乃/W.I.N.G.編/頑張りすぎ.csv,40,1001001040240,真乃,"心配してたら、癒されないです……
もっと安心してもらわないと",櫻木真乃,W.I.N.G.編,頑張りすぎ
櫻木真乃/W.I.N.G.編/頑張りすぎ.csv,41,1001001040250,真乃,お休みすることも大事ですね……,櫻木真乃,W.I.N.G.編,頑張りすぎ
櫻木真乃/W.I.N.G.編/頑張りすぎ.csv,42,1001001040260,真乃,"でも私だけお休みしていたら、
灯織ちゃんやめぐるちゃんの足を引っ張ってしまうかも……",櫻木真乃,W.I.N.G.編,頑張りすぎ
櫻木真乃/W.I.N.G.編/頑張りすぎ.csv,44,1001001040270,真乃,はい、後から見たらいいお勉強になるんですっ,櫻木真乃,W.I.N.G.編,頑張りすぎ
櫻木真乃/W.I.N.G.編/頑張りすぎ.csv,45,1001001040280,真乃,"……ほわっ、そっか
お休みしている時はビデオで復習すればいいんですね",櫻木真乃,W.I.N.G.編,頑張りすぎ
櫻木真乃/W.I.N.G.編/頑張りすぎ.csv,46,1001001040290,真乃,"ありがとうございます、プロデューサーさん
また助けてくれましたっ",櫻木真乃,W.I.N.G.編,頑張りすぎ
櫻木真乃/W.I.N.G.編/頑張りすぎ.csv,47,1001001040300,真乃,はいっ、もっともっとレッスン頑張りますっ,櫻木真乃,W.I.N.G.編,頑張りすぎ
櫻木真乃/W.I.N.G.編/頑張りすぎ.csv,49,1001001040310,真乃,はいっ、倒れるまで……,櫻木真乃,W.I.N.G.編,頑張りすぎ
櫻木真乃/W.I.N.G.編/頑張りすぎ.csv,50,1001001040320,真乃,ほわぁ、倒れたら……ダメです……,櫻木真乃,W.I.N.G.編,頑張りすぎ
櫻木真乃/W.I.N.G.編/頑張りすぎ.csv,51,1001001040330,真乃,"もしお仕事ができなかったら、
応援してくれているみなさんを悲しませてしまいます……",櫻木真乃,W.I.N.G.編,頑張りすぎ
櫻木真乃/W.I.N.G.編/頑張りすぎ.csv,52,1001001040340,真乃,"灯織ちゃんやめぐるちゃん、プロデューサーさんに
迷惑をかけてしまうし……",櫻木真乃,W.I.N.G.編,頑張りすぎ
櫻木真乃/W.I.N.G.編/頑張りすぎ.csv,54,1001001040350,真乃,"プロデューサーさんの言う通り、レッスンはお休みしますね
でも……",櫻木真乃,W.I.N.G.編,頑張りすぎ
櫻木真乃/W.I.N.G.編/頑張りすぎ.csv,56,1001001040360,真乃,"ほわ、そういう勉強の仕方もあるんですね
じゃあ、今日は見学しますっ",櫻木真乃,W.I.N.G.編,頑張りすぎ
櫻木真乃/W.I.N.G.編/頑張りすぎ.csv,57,1001001040370,真乃,"プロデューサーさんありがとうございます
これからもよろしくお願いしますねっ",櫻木真乃,W.I.N.G.編,頑張りすぎ
"櫻木真乃/【2,640のきせき】櫻木真乃/つい.csv",2,3001020010010,真乃,"……
写真集、ですか……っ",櫻木真乃,"【2,640のきせき】櫻木真乃",つい
"櫻木真乃/【2,640のきせき】櫻木真乃/つい.csv",5,3001020010020,真乃,ほわぁ……っ,櫻木真乃,"【2,640のきせき】櫻木真乃",つい
"櫻木真乃/【2,640のきせき】櫻木真乃/つい.csv",8,3001020010030,真乃,……写真集……,櫻木真乃,"【2,640のきせき】櫻木真乃",つい
"櫻木真乃/【2,640のきせき】櫻木真乃/つい.csv",9,3001020010040,真乃,……ただいま、ピーちゃん,櫻木真乃,"【2,640のきせき】櫻木真乃",つい
"櫻木真乃/【2,640のきせき】櫻木真乃/つい.csv",10,3001020010050,真乃,"あのね
今度、写真集を作ってもらえるんだって",櫻木真乃,"【2,640のきせき】櫻木真乃",つい
"櫻木真乃/【2,640のきせき】櫻木真乃/つい.csv",11,3001020010060,真乃,ふふっ、写真集っていうのは──,櫻木真乃,"【2,640のきせき】櫻木真乃",つい
"櫻木真乃/【2,640のきせき】櫻木真乃/つい.csv",13,3001020010070,真乃,こういうのだよ,櫻木真乃,"【2,640のきせき】櫻木真乃",つい
"櫻木真乃/【2,640のきせき】櫻木真乃/つい.csv",14,3001020010080,真乃,……っ,櫻木真乃,"【2,640のきせき】櫻木真乃",つい
"櫻木真乃/【2,640のきせき】櫻木真乃/つい.csv",15,3001020010090,真乃,こういう素敵なものを──……,櫻木真乃,"【2,640のきせき】櫻木真乃",つい
"櫻木真乃/【2,640のきせき】櫻木真乃/つい.csv",16,3001020010100,真乃,"灯織ちゃんとめぐるちゃんと一緒に、
イルミネーションスターズで作ってもらえるんだって……",櫻木真乃,"【2,640のきせき】櫻木真乃",つい
"櫻木真乃/【2,640のきせき】櫻木真乃/つい.csv",17,3001020010110,真乃,ふふふっ、うん,櫻木真乃,"【2,640のきせき】櫻木真乃",つい
"櫻木真乃/【2,640のきせき】櫻木真乃/つい.csv",18,3001020010120,真乃,すごく楽しみ……っ,櫻木真乃,"【2,640のきせき】櫻木真乃",つい
"櫻木真乃/【2,640のきせき】櫻木真乃/つい.csv",19,3001020010130,真乃,……できあがったら、ピーちゃんも一緒に見てくれる？,櫻木真乃,"【2,640のきせき】櫻木真乃",つい
"櫻木真乃/【2,640のきせき】櫻木真乃/つい.csv",20,3001020010140,真乃,"うん……
ありがとう",櫻木真乃,"【2,640のきせき】櫻木真乃",つい
"櫻木真乃/【2,640のきせき】櫻木真乃/つい.csv",21,3001020010150,真乃,……ごはんの時,櫻木真乃,"【2,640のきせき】櫻木真乃",つい
"櫻木真乃/【2,640のきせき】櫻木真乃/つい.csv",22,3001020010160,真乃,"お父さんとお母さんに言っちゃわないように
気を付けなくちゃ……",櫻木真乃,"【2,640のきせき】櫻木真乃",つい
"櫻木真乃/【2,640のきせき】櫻木真乃/つい.csv",23,3001020010170,真乃,……,櫻木真乃,"【2,640のきせき】櫻木真乃",つい
"櫻木真乃/【2,640のきせき】櫻木真乃/つい.csv",25,3001020010180,真乃,あ……,櫻木真乃,"【2,640のきせき】櫻木真乃",つい
"櫻木真乃/【2,640のきせき】櫻木真乃/つい.csv",26,3001020010190,真乃,……,櫻木真乃,"【2,640のきせき】櫻木真乃",つい
"櫻木真乃/【2,640のきせき】櫻木真乃/つい.csv",28,3001020010200,真乃,ふふ……,櫻木真乃,"【2,640のきせき】櫻木真乃",つい
"櫻木真乃/【2,640のきせき】櫻木真乃/つい.csv",29,3001020010210,真乃,（可愛い……）,櫻木真乃,"【2,640のきせき】櫻木真乃",つい
"櫻木真乃/【2,640のきせき】櫻木真乃/つい.csv",30,3001020010220,真乃,（こっちも……）,櫻木真乃,"【2,640のきせき】櫻木真乃",つい
"櫻木真乃/【2,640のきせき】櫻木真乃/つい.csv",32,3001020010230,真乃,"（……わ、ひとつのポーズだけ……
こういう写真集もあるんだ……）",櫻木真乃,"【2,640のきせき】櫻木真乃",つい
"櫻木真乃/【2,640のきせき】櫻木真乃/つい.csv",33,3001020010240,真乃,"（…………わ、私は、
練習しなきゃかもしれない……っ）",櫻木真乃,"【2,640のきせき】櫻木真乃",つい
"櫻木真乃/【2,640のきせき】櫻木真乃/つい.csv",34,3001020010250,真乃,"（香箱座りの猫さんも、へそ天のワンちゃんも……
すごいな……っ）",櫻木真乃,"【2,640のきせき】櫻木真乃",つい
"櫻木真乃/【2,640のきせき】櫻木真乃/つい.csv",35,3001020010260,真乃,（……練習しようかな）,櫻木真乃,"【2,640のきせき】櫻木真乃",つい
"櫻木真乃/【2,640のきせき】櫻木真乃/つい.csv",36,3001020010270,真乃,……,櫻木真乃,"【2,640のきせき】櫻木真乃",つい
"櫻木真乃/【2,640のきせき】櫻木真乃/つい.csv",39,3001020010290,真乃,ほわ,櫻木真乃,"【2,640のきせき】櫻木真乃",つい
"櫻木真乃/【2,640のきせき】櫻木真乃/つい.csv",40,3001020010300,真乃,"……？
そう……見える……？",櫻木真乃,"【2,640のきせき】櫻木真乃",つい
"櫻木真乃/【2,640のきせき】櫻木真乃/つい.csv",43,3001020010330,真乃,"……
うん……",櫻木真乃,"【2,640のきせき】櫻木真乃",つい
"櫻木真乃/【2,640のきせき】櫻木真乃/つい.csv",44,3001020010340,真乃,……あ,櫻木真乃,"【2,640のきせき】櫻木真乃",つい
"櫻木真乃/【2,640のきせき】櫻木真乃/つい.csv",46,3001020010350,真乃,……打ち合わせ,櫻木真乃,"【2,640のきせき】櫻木真乃",つい
"櫻木真乃/【2,640のきせき】櫻木真乃/つい.csv",47,3001020010360,真乃,"今日、写真集の打ち合わせが……
あるから、かも……",櫻木真乃,"【2,640のきせき】櫻木真乃",つい
"櫻木真乃/【2,640のきせき】櫻木真乃/つい.csv",51,3001020010381,真乃＆灯織,ふふ……っ,櫻木真乃,"【2,640のきせき】櫻木真乃",つい
"櫻木真乃/【2,640のきせき】櫻木真乃/つい.csv",57,3001020010440,真乃,うん……,櫻木真乃,"【2,640のきせき】櫻木真乃",つい
"櫻木真乃/【2,640のきせき】櫻木真乃/つい.csv",58,3001020010450,真乃,"……鳥さんたちの写真集とか、
自分でも買ったりするから……",櫻木真乃,"【2,640のきせき】櫻木真乃",つい
"櫻木真乃/【2,640のきせき】櫻木真乃/つい.csv",59,3001020010460,真乃,"ああいう素敵なものを
ふたりと作れるんだなって",櫻木真乃,"【2,640のきせき】櫻木真乃",つい
"櫻木真乃/【2,640のきせき】櫻木真乃/つい.csv",60,3001020010470,真乃,"……ずっと、
浮かれちゃってるみたい……",櫻木真乃,"【2,640のきせき】櫻木真乃",つい
"櫻木真乃/【2,640のきせき】櫻木真乃/渡したい人たち.csv",8,3001020030040,真乃,"……
参考にできたらって思ってたけど……",櫻木真乃,"【2,640のきせき】櫻木真乃",渡したい人たち
"櫻木真乃/【2,640のきせき】櫻木真乃/渡したい人たち.csv",10,3001020030060,真乃,"……ふふ
うん……",櫻木真乃,"【2,640のきせき】櫻木真乃",渡したい人たち
"櫻木真乃/【2,640のきせき】櫻木真乃/渡したい人たち.csv",23,3001020030140,真乃,ふふ……,櫻木真乃,"【2,640のきせき】櫻木真乃",渡したい人たち
"櫻木真乃/【2,640のきせき】櫻木真乃/渡したい人たち.csv",28,3001020030180,真乃,"……えっと
もしかしたら……",櫻木真乃,"【2,640のきせき】櫻木真乃",渡したい人たち
"櫻木真乃/【2,640のきせき】櫻木真乃/渡したい人たち.csv",32,3001020030220,真乃,……ううん,櫻木真乃,"【2,640のきせき】櫻木真乃",渡したい人たち
"櫻木真乃/【2,640のきせき】櫻木真乃/渡したい人たち.csv",33,3001020030230,真乃,"もとは同じだけど……
違うものになると思うんだ……",櫻木真乃,"【2,640のきせき】櫻木真乃",渡したい人たち
"櫻木真乃/【2,640のきせき】櫻木真乃/渡したい人たち.csv",37,3001020030270,真乃,うん……っ,櫻木真乃,"【2,640のきせき】櫻木真乃",渡したい人たち
"櫻木真乃/【2,640のきせき】櫻木真乃/渡したい人たち.csv",41,3001020030310,真乃,ありがとうございます……っ,櫻木真乃,"【2,640のきせき】櫻木真乃",渡したい人たち
"櫻木真乃/【2,640のきせき】櫻木真乃/渡したい人たち.csv",42,3001020030320,真乃,"私も、写真集を出しました……っ
よかったら……",櫻木真乃,"【2,640のきせき】櫻木真乃",渡したい人たち
"櫻木真乃/【2,640のきせき】櫻木真乃/渡したい人たち.csv",50,3001020030380,真乃,うんっ,櫻木真乃,"【2,640のきせき】櫻木真乃",渡したい人たち
"櫻木真乃/【2,640のきせき】櫻木真乃/渡したい人たち.csv",51,3001020030390,真乃,"『今日は、イルミネーションスターズの
写真集の発売日です』",櫻木真乃,"【2,640のきせき】櫻木真乃",渡したい人たち
"櫻木真乃/【2,640のきせき】櫻木真乃/渡したい人たち.csv",52,3001020030400,真乃,"『素敵な写真をたくさん撮っていただきました
灯織ちゃんとめぐるちゃんと一緒です』",櫻木真乃,"【2,640のきせき】櫻木真乃",渡したい人たち
"櫻木真乃/【2,640のきせき】櫻木真乃/渡したい人たち.csv",53,3001020030410,真乃,『手に取っていただけたら、とてもうれしいです』,櫻木真乃,"【2,640のきせき】櫻木真乃",渡したい人たち
"櫻木真乃/【2,640のきせき】櫻木真乃/渡したい人たち.csv",54,3001020030420,真乃,"『添付した写真は、灯織ちゃんとめぐるちゃんから
もらった写真集です』",櫻木真乃,"【2,640のきせき】櫻木真乃",渡したい人たち
"櫻木真乃/【2,640のきせき】櫻木真乃/渡したい人たち.csv",55,3001020030430,真乃,"『サインとメッセージが入っています
お世話になっているから、と贈ってくれました』",櫻木真乃,"【2,640のきせき】櫻木真乃",渡したい人たち
"櫻木真乃/【2,640のきせき】櫻木真乃/渡したい人たち.csv",56,3001020030440,真乃,『私も、大切なふたりに渡しました』,櫻木真乃,"【2,640のきせき】櫻木真乃",渡したい人たち
"櫻木真乃/【2,640のきせき】櫻木真乃/耳寄り裏話.csv",6,3001020020030,真乃,そ、そうだね……っ,櫻木真乃,"【2,640のきせき】櫻木真乃",耳寄り裏話
"櫻木真乃/【2,640のきせき】櫻木真乃/耳寄り裏話.csv",7,3001020020031,真乃＆灯織,…………,櫻木真乃,"【2,640のきせき】櫻木真乃",耳寄り裏話
"櫻木真乃/【2,640のきせき】櫻木真乃/耳寄り裏話.csv",10,3001020020060,真乃,"……私も
ごめんね……",櫻木真乃,"【2,640のきせき】櫻木真乃",耳寄り裏話
"櫻木真乃/【2,640のきせき】櫻木真乃/耳寄り裏話.csv",14,3001020020100,真乃,"う、うん……っ
お買い物……楽しみだな……",櫻木真乃,"【2,640のきせき】櫻木真乃",耳寄り裏話
"櫻木真乃/【2,640のきせき】櫻木真乃/耳寄り裏話.csv",17,3001020020130,真乃,"ほわ……
……な、なんだろう……",櫻木真乃,"【2,640のきせき】櫻木真乃",耳寄り裏話
"櫻木真乃/【2,640のきせき】櫻木真乃/耳寄り裏話.csv",18,3001020020140,真乃,"……街まで買いに行くとしたら……
何が自然なのかな……",櫻木真乃,"【2,640のきせき】櫻木真乃",耳寄り裏話
"櫻木真乃/【2,640のきせき】櫻木真乃/耳寄り裏話.csv",21,3001020020161,真乃＆灯織,……！,櫻木真乃,"【2,640のきせき】櫻木真乃",耳寄り裏話
"櫻木真乃/【2,640のきせき】櫻木真乃/耳寄り裏話.csv",48,3001020020270,真乃,……,櫻木真乃,"【2,640のきせき】櫻木真乃",耳寄り裏話
"櫻木真乃/【2,640のきせき】櫻木真乃/耳寄り裏話.csv",49,3001020020280,真乃,"その時、めぐるちゃんが
『わたしたちは学校のお友達です！』って言ってくれて",櫻木真乃,"【2,640のきせき】櫻木真乃",耳寄り裏話
"櫻木真乃/【2,640のきせき】櫻木真乃/耳寄り裏話.csv",50,3001020020290,真乃,"普段でも、灯織ちゃんとめぐるちゃんと同じ学校だったら
って想像してみることがあるんですけれど",櫻木真乃,"【2,640のきせき】櫻木真乃",耳寄り裏話
"櫻木真乃/【2,640のきせき】櫻木真乃/耳寄り裏話.csv",51,3001020020300,真乃,"……違う時代でも、
仲良くできていたのかなって思ったんです",櫻木真乃,"【2,640のきせき】櫻木真乃",耳寄り裏話
"櫻木真乃/【2,640のきせき】櫻木真乃/耳寄り裏話.csv",56,3001020020340,真乃,ふふ……っ、ありがとう,櫻木真乃,"【2,640のきせき】櫻木真乃",耳寄り裏話
"櫻木真乃/【2,640のきせき】櫻木真乃/耳寄り裏話.csv",60,3001020020350,真乃,！,櫻木真乃,"【2,640のきせき】櫻木真乃",耳寄り裏話
"櫻木真乃/【2,640のきせき】櫻木真乃/耳寄り裏話.csv",61,3001020020360,真乃,"は、はい……っ
大丈夫です……",櫻木真乃,"【2,640のきせき】櫻木真乃",耳寄り裏話
櫻木真乃/【by to illuminate】櫻木真乃/みんなとお仕事！.csv,2,3001011010010,真乃,私が輝ける場所があるっ,櫻木真乃,【by to illuminate】櫻木真乃,みんなとお仕事！
櫻木真乃/【by to illuminate】櫻木真乃/みんなとお仕事！.csv,6,3001011010040,真乃,──それじゃあ、灯織ちゃん、めぐるちゃん,櫻木真乃,【by to illuminate】櫻木真乃,みんなとお仕事！
櫻木真乃/【by to illuminate】櫻木真乃/みんなとお仕事！.csv,7,3001011010050,真乃,アルバイトCMの撮影、お疲れさまでしたっ,櫻木真乃,【by to illuminate】櫻木真乃,みんなとお仕事！
櫻木真乃/【by to illuminate】櫻木真乃/みんなとお仕事！.csv,12,3001011010090,真乃,ふふ……うんっ,櫻木真乃,【by to illuminate】櫻木真乃,みんなとお仕事！
櫻木真乃/【by to illuminate】櫻木真乃/みんなとお仕事！.csv,13,3001011010100,真乃,……でも、みんなお仕事頑張った後だから,櫻木真乃,【by to illuminate】櫻木真乃,みんなとお仕事！
櫻木真乃/【by to illuminate】櫻木真乃/みんなとお仕事！.csv,14,3001011010110,真乃,"その……次のお仕事も、もっと頑張るために、
たくさんご飯食べないとなって……っ",櫻木真乃,【by to illuminate】櫻木真乃,みんなとお仕事！
櫻木真乃/【by to illuminate】櫻木真乃/みんなとお仕事！.csv,15,3001011010120,真乃,だから、きっと大丈夫……っ,櫻木真乃,【by to illuminate】櫻木真乃,みんなとお仕事！
櫻木真乃/【by to illuminate】櫻木真乃/みんなとお仕事！.csv,20,3001011010170,真乃,"ほわ……っ
確かに、あの時のめぐるちゃんとってもすごかったなっ",櫻木真乃,【by to illuminate】櫻木真乃,みんなとお仕事！
櫻木真乃/【by to illuminate】櫻木真乃/みんなとお仕事！.csv,21,3001011010180,真乃,お盆にお料理乗せて運ぶところ──,櫻木真乃,【by to illuminate】櫻木真乃,みんなとお仕事！
櫻木真乃/【by to illuminate】櫻木真乃/みんなとお仕事！.csv,22,3001011010190,真乃,本物の店員さんみたいだなって……っ,櫻木真乃,【by to illuminate】櫻木真乃,みんなとお仕事！
櫻木真乃/【by to illuminate】櫻木真乃/みんなとお仕事！.csv,28,3001011010250,真乃,うんっ……私もっ,櫻木真乃,【by to illuminate】櫻木真乃,みんなとお仕事！
櫻木真乃/【by to illuminate】櫻木真乃/みんなとお仕事！.csv,31,3001011010260,真乃,"……ほわぁ
美味しそう……っ",櫻木真乃,【by to illuminate】櫻木真乃,みんなとお仕事！
櫻木真乃/【by to illuminate】櫻木真乃/みんなとお仕事！.csv,38,3001011010310,真乃,"……今の店員さん、両手いっぱいにお皿を持ってたのに
とっても手際がよかったな……っ",櫻木真乃,【by to illuminate】櫻木真乃,みんなとお仕事！
櫻木真乃/【by to illuminate】櫻木真乃/みんなとお仕事！.csv,46,3001011010390,真乃,私も、ちょっとそう思っちゃった……っ,櫻木真乃,【by to illuminate】櫻木真乃,みんなとお仕事！
櫻木真乃/【by to illuminate】櫻木真乃/みんなとお仕事！.csv,51,3001011010440,真乃,ふふっ、そうだね……っ,櫻木真乃,【by to illuminate】櫻木真乃,みんなとお仕事！
櫻木真乃/【by to illuminate】櫻木真乃/みんなとお仕事！.csv,52,3001011010450,真乃,……でも、一生懸命が伝わってたらいいなっ,櫻木真乃,【by to illuminate】櫻木真乃,みんなとお仕事！
櫻木真乃/【by to illuminate】櫻木真乃/みんなとお仕事！.csv,53,3001011010451,真乃＆灯織,──！,櫻木真乃,【by to illuminate】櫻木真乃,みんなとお仕事！
櫻木真乃/【by to illuminate】櫻木真乃/みんなとお仕事！.csv,55,3001011010470,真乃,……ふふっ,櫻木真乃,【by to illuminate】櫻木真乃,みんなとお仕事！
櫻木真乃/【by to illuminate】櫻木真乃/みんなとお仕事！.csv,56,3001011010480,真乃,"私と灯織ちゃんのお腹も、お仕事頑張った後だから
ご飯食べないとって言ってるみたい……っ",櫻木真乃,【by to illuminate】櫻木真乃,みんなとお仕事！
櫻木真乃/【by to illuminate】櫻木真乃/みんなとお仕事！.csv,59,3001011010510,真乃,うんっ,櫻木真乃,【by to illuminate】櫻木真乃,みんなとお仕事！
櫻木真乃/【by to illuminate】櫻木真乃/私たちのお仕事.csv,3,3001011020020,真乃,タッピ、タッピ、タッピオカ～♪,櫻木真乃,【by to illuminate】櫻木真乃,私たちのお仕事
櫻木真乃/【by to illuminate】櫻木真乃/私たちのお仕事.csv,4,3001011020021,真乃＆めぐる,タピオッカ、たっぴり、タッピオカ～♪,櫻木真乃,【by to illuminate】櫻木真乃,私たちのお仕事
櫻木真乃/【by to illuminate】櫻木真乃/私たちのお仕事.csv,5,3001011020022,真乃＆めぐる,タッピ、タッピ、タッピオカ～♪,櫻木真乃,【by to illuminate】櫻木真乃,私たちのお仕事
櫻木真乃/【by to illuminate】櫻木真乃/私たちのお仕事.csv,9,3001011020060,真乃,──ほわっ,櫻木真乃,【by to illuminate】櫻木真乃,私たちのお仕事
櫻木真乃/【by to illuminate】櫻木真乃/私たちのお仕事.csv,13,3001011020090,真乃,そうだね……私も……っ,櫻木真乃,【by to illuminate】櫻木真乃,私たちのお仕事
櫻木真乃/【by to illuminate】櫻木真乃/私たちのお仕事.csv,18,3001011020131,真乃＆灯織,え──？,櫻木真乃,【by to illuminate】櫻木真乃,私たちのお仕事
櫻木真乃/【by to illuminate】櫻木真乃/私たちのお仕事.csv,20,3001011020140,真乃,"あの時のCM……
もう放送されてるんだ……",櫻木真乃,【by to illuminate】櫻木真乃,私たちのお仕事
櫻木真乃/【by to illuminate】櫻木真乃/私たちのお仕事.csv,23,3001011020170,真乃,"うん……っ
なんだか……えっと、なんて言ったらいいのかな……",櫻木真乃,【by to illuminate】櫻木真乃,私たちのお仕事
櫻木真乃/【by to illuminate】櫻木真乃/私たちのお仕事.csv,25,3001011020190,真乃,"う、うんっ
そんな感じ……かも……っ",櫻木真乃,【by to illuminate】櫻木真乃,私たちのお仕事
櫻木真乃/【by to illuminate】櫻木真乃/私たちのお仕事.csv,26,3001011020200,真乃,でも──,櫻木真乃,【by to illuminate】櫻木真乃,私たちのお仕事
櫻木真乃/【by to illuminate】櫻木真乃/私たちのお仕事.csv,28,3001011020210,真乃,くすぐったい気持ちと同じくらい……,櫻木真乃,【by to illuminate】櫻木真乃,私たちのお仕事
櫻木真乃/【by to illuminate】櫻木真乃/私たちのお仕事.csv,29,3001011020220,真乃,うれしいなって──,櫻木真乃,【by to illuminate】櫻木真乃,私たちのお仕事
櫻木真乃/【by to illuminate】櫻木真乃/私たちのお仕事.csv,35,3001011020270,真乃,"ほわ……っ
え、えっと……灯織ちゃん……？",櫻木真乃,【by to illuminate】櫻木真乃,私たちのお仕事
櫻木真乃/【by to illuminate】櫻木真乃/私たちのお仕事.csv,37,3001011020290,真乃,──あっ,櫻木真乃,【by to illuminate】櫻木真乃,私たちのお仕事
櫻木真乃/【by to illuminate】櫻木真乃/私たちのお仕事.csv,38,3001011020291,真乃,ふふ……っ,櫻木真乃,【by to illuminate】櫻木真乃,私たちのお仕事
櫻木真乃/【by to illuminate】櫻木真乃/私たちのお仕事.csv,39,3001011020300,真乃,"それじゃあ、店員さんっ
タピオカミルクティーをお願いしますっ",櫻木真乃,【by to illuminate】櫻木真乃,私たちのお仕事
櫻木真乃/【by to illuminate】櫻木真乃/私たちのお仕事.csv,41,3001011020320,真乃,ありがとうございますっ,櫻木真乃,【by to illuminate】櫻木真乃,私たちのお仕事
櫻木真乃/【by to illuminate】櫻木真乃/私たちのお仕事.csv,42,3001011020330,真乃,めぐるちゃんも──,櫻木真乃,【by to illuminate】櫻木真乃,私たちのお仕事
櫻木真乃/【by to illuminate】櫻木真乃/私たちのお仕事.csv,45,3001011020360,真乃,ほわっ,櫻木真乃,【by to illuminate】櫻木真乃,私たちのお仕事
櫻木真乃/【by to illuminate】櫻木真乃/私たちのお仕事.csv,46,3001011020370,真乃,え、えっと……,櫻木真乃,【by to illuminate】櫻木真乃,私たちのお仕事
櫻木真乃/【by to illuminate】櫻木真乃/私たちのお仕事.csv,47,3001011020380,真乃,"『ご、ご注文を繰り返します 
タピオカミルクティーにナタデココをトッピングでっ』",櫻木真乃,【by to illuminate】櫻木真乃,私たちのお仕事
櫻木真乃/【by to illuminate】櫻木真乃/私たちのお仕事.csv,49,3001011020400,真乃,"ほわ……っ、そっか……みんなで店員さんだと、
よくわからないことになっちゃうよね",櫻木真乃,【by to illuminate】櫻木真乃,私たちのお仕事
櫻木真乃/【by to illuminate】櫻木真乃/私たちのお仕事.csv,52,3001011020430,真乃,ふふ、はいっ,櫻木真乃,【by to illuminate】櫻木真乃,私たちのお仕事
櫻木真乃/【by to illuminate】櫻木真乃/私たちのお仕事.csv,53,3001011020440,真乃,──『いらっしゃいませっ』,櫻木真乃,【by to illuminate】櫻木真乃,私たちのお仕事
櫻木真乃/【interStellar-Stella】櫻木真乃/きみは綺羅星.csv,5,2001016040040,真乃,ほわぁ……,櫻木真乃,【interStellar-Stella】櫻木真乃,きみは綺羅星
櫻木真乃/【interStellar-Stella】櫻木真乃/きみは綺羅星.csv,7,2001016040050,真乃,はい……っ,櫻木真乃,【interStellar-Stella】櫻木真乃,きみは綺羅星
櫻木真乃/【interStellar-Stella】櫻木真乃/きみは綺羅星.csv,9,2001016040060,真乃,私もです……っ,櫻木真乃,【interStellar-Stella】櫻木真乃,きみは綺羅星
櫻木真乃/【interStellar-Stella】櫻木真乃/きみは綺羅星.csv,10,2001016040070,真乃,──……,櫻木真乃,【interStellar-Stella】櫻木真乃,きみは綺羅星
櫻木真乃/【interStellar-Stella】櫻木真乃/きみは綺羅星.csv,11,2001016040080,真乃,……『星が、愛されているから』……,櫻木真乃,【interStellar-Stella】櫻木真乃,きみは綺羅星
櫻木真乃/【interStellar-Stella】櫻木真乃/きみは綺羅星.csv,13,2001016040090,真乃,……,櫻木真乃,【interStellar-Stella】櫻木真乃,きみは綺羅星
櫻木真乃/【interStellar-Stella】櫻木真乃/きみは綺羅星.csv,14,2001016040100,真乃,"いつでも星空を眺めていたいから、
きっと、プラネタリウムが生まれて……──",櫻木真乃,【interStellar-Stella】櫻木真乃,きみは綺羅星
櫻木真乃/【interStellar-Stella】櫻木真乃/きみは綺羅星.csv,15,2001016040110,真乃,"そんなプラネタリウムをもっと身近な存在にしたくて、
こちらのお店ができた……──",櫻木真乃,【interStellar-Stella】櫻木真乃,きみは綺羅星
櫻木真乃/【interStellar-Stella】櫻木真乃/きみは綺羅星.csv,16,2001016040120,真乃,────……,櫻木真乃,【interStellar-Stella】櫻木真乃,きみは綺羅星
櫻木真乃/【interStellar-Stella】櫻木真乃/きみは綺羅星.csv,17,2001016040130,真乃,私にとってのお星様は、元気をくれる存在です,櫻木真乃,【interStellar-Stella】櫻木真乃,きみは綺羅星
櫻木真乃/【interStellar-Stella】櫻木真乃/きみは綺羅星.csv,18,2001016040140,真乃,"きらきら瞬いて、
大丈夫だよって声をかけてくれているみたいで──",櫻木真乃,【interStellar-Stella】櫻木真乃,きみは綺羅星
櫻木真乃/【interStellar-Stella】櫻木真乃/きみは綺羅星.csv,20,2001016040150,真乃,"みなさんも同じ理由かは
わからないんですけれど──……",櫻木真乃,【interStellar-Stella】櫻木真乃,きみは綺羅星
櫻木真乃/【interStellar-Stella】櫻木真乃/きみは綺羅星.csv,21,2001016040160,真乃,"でも、店主さんも、お店にいらっしゃるお客さんたちも、
たくさんの人がお星様を大切に思っているんだって",櫻木真乃,【interStellar-Stella】櫻木真乃,きみは綺羅星
櫻木真乃/【interStellar-Stella】櫻木真乃/きみは綺羅星.csv,22,2001016040170,真乃,この空を見て、思いました,櫻木真乃,【interStellar-Stella】櫻木真乃,きみは綺羅星
櫻木真乃/【interStellar-Stella】櫻木真乃/きみは綺羅星.csv,23,2001016040180,真乃,"……あ、あの──……
いまさらかもしれないんですけれど……",櫻木真乃,【interStellar-Stella】櫻木真乃,きみは綺羅星
櫻木真乃/【interStellar-Stella】櫻木真乃/きみは綺羅星.csv,28,2001016040190,真乃,──はい……っ,櫻木真乃,【interStellar-Stella】櫻木真乃,きみは綺羅星
櫻木真乃/【interStellar-Stella】櫻木真乃/きみは綺羅星.csv,29,2001016040200,真乃,……──私たちも、星だから,櫻木真乃,【interStellar-Stella】櫻木真乃,きみは綺羅星
櫻木真乃/【interStellar-Stella】櫻木真乃/きみは綺羅星.csv,30,2001016040210,真乃,"心地よくて、心強くて……──
みなさんに慕われる存在に……",櫻木真乃,【interStellar-Stella】櫻木真乃,きみは綺羅星
櫻木真乃/【interStellar-Stella】櫻木真乃/きみは綺羅星.csv,31,2001016040220,真乃,"そうなれるように頑張らなきゃって
改めて、思ったんです",櫻木真乃,【interStellar-Stella】櫻木真乃,きみは綺羅星
櫻木真乃/【interStellar-Stella】櫻木真乃/きみは綺羅星.csv,32,2001016040230,真乃,"私たちのもとになっているものは
輝いていて、とても大きいものだから",櫻木真乃,【interStellar-Stella】櫻木真乃,きみは綺羅星
櫻木真乃/【interStellar-Stella】櫻木真乃/きみは綺羅星.csv,33,2001016040240,真乃,私には、まだまだ……遠いですけれど,櫻木真乃,【interStellar-Stella】櫻木真乃,きみは綺羅星
櫻木真乃/【interStellar-Stella】櫻木真乃/きみは綺羅星.csv,34,2001016040250,真乃,少しずつでも、近付きたいって,櫻木真乃,【interStellar-Stella】櫻木真乃,きみは綺羅星
櫻木真乃/【interStellar-Stella】櫻木真乃/きみは綺羅星.csv,37,2001016040251,真乃＆プロデューサー,……,櫻木真乃,【interStellar-Stella】櫻木真乃,きみは綺羅星
櫻木真乃/【interStellar-Stella】櫻木真乃/きみは綺羅星.csv,38,2001016040260,真乃,"すみませんっ
ずっと話してしまって……っ",櫻木真乃,【interStellar-Stella】櫻木真乃,きみは綺羅星
櫻木真乃/【interStellar-Stella】櫻木真乃/きみは綺羅星.csv,40,2001016040270,真乃,……──その,櫻木真乃,【interStellar-Stella】櫻木真乃,きみは綺羅星
櫻木真乃/【interStellar-Stella】櫻木真乃/きみは綺羅星.csv,41,2001016040280,真乃,撮影、頑張ります,櫻木真乃,【interStellar-Stella】櫻木真乃,きみは綺羅星
櫻木真乃/【interStellar-Stella】櫻木真乃/星影は青藍も知る.csv,8,2001016020060,真乃,はい……っ,櫻木真乃,【interStellar-Stella】櫻木真乃,星影は青藍も知る
櫻木真乃/【interStellar-Stella】櫻木真乃/星影は青藍も知る.csv,11,2001016020070,真乃,"ほわ……
それなら、ぜひ……っ",櫻木真乃,【interStellar-Stella】櫻木真乃,星影は青藍も知る
櫻木真乃/【interStellar-Stella】櫻木真乃/星影は青藍も知る.csv,12,2001016020080,真乃,ありがとうございます……っ,櫻木真乃,【interStellar-Stella】櫻木真乃,星影は青藍も知る
櫻木真乃/【interStellar-Stella】櫻木真乃/星影は青藍も知る.csv,15,2001016020090,真乃,……,櫻木真乃,【interStellar-Stella】櫻木真乃,星影は青藍も知る
櫻木真乃/【interStellar-Stella】櫻木真乃/星影は青藍も知る.csv,16,2001016020100,真乃,……──っ,櫻木真乃,【interStellar-Stella】櫻木真乃,星影は青藍も知る
櫻木真乃/【interStellar-Stella】櫻木真乃/星影は青藍も知る.csv,17,2001016020110,真乃,"あの、プロデューサーさんは
今、洋食でも大丈夫な気分でしょうか……？",櫻木真乃,【interStellar-Stella】櫻木真乃,星影は青藍も知る
櫻木真乃/【interStellar-Stella】櫻木真乃/星影は青藍も知る.csv,19,2001016020120,真乃,はい、ええとっ,櫻木真乃,【interStellar-Stella】櫻木真乃,星影は青藍も知る
櫻木真乃/【interStellar-Stella】櫻木真乃/星影は青藍も知る.csv,20,2001016020130,真乃,"この前、めぐるちゃんに
おすすめしてもらったお店があって……っ",櫻木真乃,【interStellar-Stella】櫻木真乃,星影は青藍も知る
櫻木真乃/【interStellar-Stella】櫻木真乃/星影は青藍も知る.csv,21,2001016020140,真乃,今調べます……っ,櫻木真乃,【interStellar-Stella】櫻木真乃,星影は青藍も知る
櫻木真乃/【interStellar-Stella】櫻木真乃/星影は青藍も知る.csv,23,2001016020150,真乃,いえ……っ,櫻木真乃,【interStellar-Stella】櫻木真乃,星影は青藍も知る
櫻木真乃/【interStellar-Stella】櫻木真乃/星影は青藍も知る.csv,24,2001016020160,真乃,このお店なんですけれど──……っ,櫻木真乃,【interStellar-Stella】櫻木真乃,星影は青藍も知る
櫻木真乃/【interStellar-Stella】櫻木真乃/星影は青藍も知る.csv,25,2001016020170,真乃,"めぐるちゃんのおすすめなら
間違いがないと思いますし",櫻木真乃,【interStellar-Stella】櫻木真乃,星影は青藍も知る
櫻木真乃/【interStellar-Stella】櫻木真乃/星影は青藍も知る.csv,26,2001016020180,真乃,"プロデューサーさんとご一緒できたら
うれしいです",櫻木真乃,【interStellar-Stella】櫻木真乃,星影は青藍も知る
櫻木真乃/【interStellar-Stella】櫻木真乃/星影は青藍も知る.csv,27,2001016020190,真乃,どうでしょうか……？,櫻木真乃,【interStellar-Stella】櫻木真乃,星影は青藍も知る
櫻木真乃/【interStellar-Stella】櫻木真乃/星影は青藍も知る.csv,34,2001016020200,真乃,ほわ……っ,櫻木真乃,【interStellar-Stella】櫻木真乃,星影は青藍も知る
櫻木真乃/【interStellar-Stella】櫻木真乃/星影は青藍も知る.csv,36,2001016020210,真乃,そ、そうだったんですね……っ,櫻木真乃,【interStellar-Stella】櫻木真乃,星影は青藍も知る
櫻木真乃/【interStellar-Stella】櫻木真乃/星影は青藍も知る.csv,37,2001016020220,真乃,……また、おそろい……,櫻木真乃,【interStellar-Stella】櫻木真乃,星影は青藍も知る
櫻木真乃/【interStellar-Stella】櫻木真乃/星影は青藍も知る.csv,40,2001016020230,真乃,ありがとうございますっ,櫻木真乃,【interStellar-Stella】櫻木真乃,星影は青藍も知る
櫻木真乃/【interStellar-Stella】櫻木真乃/星影は青藍も知る.csv,44,2001016020231,真乃＆プロデューサー,オムライス,櫻木真乃,【interStellar-Stella】櫻木真乃,星影は青藍も知る
櫻木真乃/【interStellar-Stella】櫻木真乃/星影は青藍も知る.csv,46,2001016020240,真乃,ふふっ、はい,櫻木真乃,【interStellar-Stella】櫻木真乃,星影は青藍も知る
櫻木真乃/【interStellar-Stella】櫻木真乃/星影は青藍も知る.csv,48,2001016020250,真乃,私も、そうしようと思っています……っ,櫻木真乃,【interStellar-Stella】櫻木真乃,星影は青藍も知る
櫻木真乃/【interStellar-Stella】櫻木真乃/星影は青藍も知る.csv,50,2001016020260,真乃,"ほわ……っ
はい、ぜひ……っ",櫻木真乃,【interStellar-Stella】櫻木真乃,星影は青藍も知る
櫻木真乃/【interStellar-Stella】櫻木真乃/星影は青藍も知る.csv,53,2001016020270,真乃,メニューの開拓、してみましょう……っ,櫻木真乃,【interStellar-Stella】櫻木真乃,星影は青藍も知る
櫻木真乃/【interStellar-Stella】櫻木真乃/星影は青藍も知る.csv,55,2001016020280,真乃,ほわ、よかったです……っ,櫻木真乃,【interStellar-Stella】櫻木真乃,星影は青藍も知る
櫻木真乃/【interStellar-Stella】櫻木真乃/星影は青藍も知る.csv,58,2001016020290,真乃,……,櫻木真乃,【interStellar-Stella】櫻木真乃,星影は青藍も知る
櫻木真乃/【interStellar-Stella】櫻木真乃/星影は青藍も知る.csv,59,2001016020300,真乃,"ふふ……っ
はい、フルコースですね……っ",櫻木真乃,【interStellar-Stella】櫻木真乃,星影は青藍も知る
櫻木真乃/【interStellar-Stella】櫻木真乃/桜がほころびますように.csv,8,2001016030070,真乃,────……,櫻木真乃,【interStellar-Stella】櫻木真乃,桜がほころびますように
櫻木真乃/【interStellar-Stella】櫻木真乃/桜がほころびますように.csv,11,2001016030080,真乃,"……っ、はい
すみません、ぼーっとしてしまって……",櫻木真乃,【interStellar-Stella】櫻木真乃,桜がほころびますように
櫻木真乃/【interStellar-Stella】櫻木真乃/桜がほころびますように.csv,14,2001016030090,真乃,……ありがとうございます……,櫻木真乃,【interStellar-Stella】櫻木真乃,桜がほころびますように
櫻木真乃/【interStellar-Stella】櫻木真乃/桜がほころびますように.csv,17,2001016030100,真乃,……？,櫻木真乃,【interStellar-Stella】櫻木真乃,桜がほころびますように
櫻木真乃/【interStellar-Stella】櫻木真乃/桜がほころびますように.csv,19,2001016030110,真乃,え……っ,櫻木真乃,【interStellar-Stella】櫻木真乃,桜がほころびますように
櫻木真乃/【interStellar-Stella】櫻木真乃/桜がほころびますように.csv,20,2001016030120,真乃,"ほわ……っ
あ、ありがとうございます……っ",櫻木真乃,【interStellar-Stella】櫻木真乃,桜がほころびますように
櫻木真乃/【interStellar-Stella】櫻木真乃/桜がほころびますように.csv,25,2001016030130,真乃,はい……っ,櫻木真乃,【interStellar-Stella】櫻木真乃,桜がほころびますように
櫻木真乃/【interStellar-Stella】櫻木真乃/桜がほころびますように.csv,26,2001016030140,真乃,"撮影で食べたお菓子だったんですけれど……
改めて、灯織ちゃんが作ってくれたことがあって……",櫻木真乃,【interStellar-Stella】櫻木真乃,桜がほころびますように
櫻木真乃/【interStellar-Stella】櫻木真乃/桜がほころびますように.csv,27,2001016030150,真乃,……今日も、作ってきてくれたんだ……──,櫻木真乃,【interStellar-Stella】櫻木真乃,桜がほころびますように
櫻木真乃/【interStellar-Stella】櫻木真乃/桜がほころびますように.csv,31,2001016030160,真乃,ふふ……っ,櫻木真乃,【interStellar-Stella】櫻木真乃,桜がほころびますように
櫻木真乃/【interStellar-Stella】櫻木真乃/桜がほころびますように.csv,35,2001016030170,真乃,……──,櫻木真乃,【interStellar-Stella】櫻木真乃,桜がほころびますように
櫻木真乃/【interStellar-Stella】櫻木真乃/桜がほころびますように.csv,36,2001016030180,真乃,──とっても、補充できました……っ,櫻木真乃,【interStellar-Stella】櫻木真乃,桜がほころびますように
櫻木真乃/【interStellar-Stella】櫻木真乃/桜がほころびますように.csv,41,2001016030190,真乃,ふふ,櫻木真乃,【interStellar-Stella】櫻木真乃,桜がほころびますように
櫻木真乃/【interStellar-Stella】櫻木真乃/桜がほころびますように.csv,42,2001016030200,真乃,……あの、プロデューサーさん,櫻木真乃,【interStellar-Stella】櫻木真乃,桜がほころびますように
櫻木真乃/【interStellar-Stella】櫻木真乃/桜がほころびますように.csv,43,2001016030210,真乃,"灯織ちゃんとめぐるちゃんに
お礼のメッセージを送ってもいいでしょうか……？",櫻木真乃,【interStellar-Stella】櫻木真乃,桜がほころびますように
櫻木真乃/【interStellar-Stella】櫻木真乃/桜がほころびますように.csv,45,2001016030220,真乃,ありがとうございます、すみません……,櫻木真乃,【interStellar-Stella】櫻木真乃,桜がほころびますように
櫻木真乃/【interStellar-Stella】櫻木真乃/桜がほころびますように.csv,46,2001016030230,真乃,……少しだけ、失礼します,櫻木真乃,【interStellar-Stella】櫻木真乃,桜がほころびますように
櫻木真乃/【interStellar-Stella】櫻木真乃/桜がほころびますように.csv,47,2001016030240,真乃,はい,櫻木真乃,【interStellar-Stella】櫻木真乃,桜がほころびますように
櫻木真乃/【interStellar-Stella】櫻木真乃/桜がほころびますように.csv,48,2001016030250,真乃,……なので……あの……,櫻木真乃,【interStellar-Stella】櫻木真乃,桜がほころびますように
櫻木真乃/【interStellar-Stella】櫻木真乃/桜がほころびますように.csv,50,2001016030260,真乃,"よかったら、プロデューサーさんも
一緒に食べませんか……？",櫻木真乃,【interStellar-Stella】櫻木真乃,桜がほころびますように
櫻木真乃/【interStellar-Stella】櫻木真乃/桜がほころびますように.csv,51,2001016030270,真乃,"私がハードな時は、
プロデューサーさんも一緒ですから",櫻木真乃,【interStellar-Stella】櫻木真乃,桜がほころびますように
櫻木真乃/【interStellar-Stella】櫻木真乃/桜がほころびますように.csv,53,2001016030280,真乃,はい、もちろんです,櫻木真乃,【interStellar-Stella】櫻木真乃,桜がほころびますように
櫻木真乃/【interStellar-Stella】櫻木真乃/桜がほころびますように.csv,54,2001016030290,真乃,"……？
プロデューサーさん……？",櫻木真乃,【interStellar-Stella】櫻木真乃,桜がほころびますように
櫻木真乃/【interStellar-Stella】櫻木真乃/桜がほころびますように.csv,58,2001016030300,真乃,……,櫻木真乃,【interStellar-Stella】櫻木真乃,桜がほころびますように
櫻木真乃/【interStellar-Stella】櫻木真乃/桜がほころびますように.csv,59,2001016030310,真乃,……ふふ,櫻木真乃,【interStellar-Stella】櫻木真乃,桜がほころびますように
櫻木真乃/【interStellar-Stella】櫻木真乃/桜がほころびますように.csv,60,2001016030320,真乃,"プロデューサーさんは、いつでも私たちを
思ってくださいますね",櫻木真乃,【interStellar-Stella】櫻木真乃,桜がほころびますように
櫻木真乃/【interStellar-Stella】櫻木真乃/桜がほころびますように.csv,62,2001016030330,真乃,いえっ,櫻木真乃,【interStellar-Stella】櫻木真乃,桜がほころびますように
櫻木真乃/【interStellar-Stella】櫻木真乃/桜がほころびますように.csv,63,2001016030340,真乃,……とんでもないです,櫻木真乃,【interStellar-Stella】櫻木真乃,桜がほころびますように
櫻木真乃/【interStellar-Stella】櫻木真乃/瞬き綴じて６頁.csv,4,2001016110030,真乃,ふふ……っ,櫻木真乃,【interStellar-Stella】櫻木真乃,瞬き綴じて６頁
櫻木真乃/【interStellar-Stella】櫻木真乃/瞬き綴じて６頁.csv,5,2001016110040,真乃,──……,櫻木真乃,【interStellar-Stella】櫻木真乃,瞬き綴じて６頁
櫻木真乃/【interStellar-Stella】櫻木真乃/瞬き綴じて６頁.csv,7,2001016110050,真乃,はい,櫻木真乃,【interStellar-Stella】櫻木真乃,瞬き綴じて６頁
櫻木真乃/【interStellar-Stella】櫻木真乃/瞬き綴じて６頁.csv,8,2001016110060,真乃,"灯織ちゃんの特集も、めぐるちゃんの特集も
読んでいてどきどきしました……っ",櫻木真乃,【interStellar-Stella】櫻木真乃,瞬き綴じて６頁
櫻木真乃/【interStellar-Stella】櫻木真乃/瞬き綴じて６頁.csv,10,2001016110070,真乃,"まず、写真が素敵です……っ
ふたりとも、とっても綺麗で……──",櫻木真乃,【interStellar-Stella】櫻木真乃,瞬き綴じて６頁
櫻木真乃/【interStellar-Stella】櫻木真乃/瞬き綴じて６頁.csv,11,2001016110080,真乃,"やっぱり、灯織ちゃんもめぐるちゃんも
すごいなって……っ",櫻木真乃,【interStellar-Stella】櫻木真乃,瞬き綴じて６頁
櫻木真乃/【interStellar-Stella】櫻木真乃/瞬き綴じて６頁.csv,13,2001016110090,真乃,"それから、インタビューも
答えを読むのが楽しくて……っ",櫻木真乃,【interStellar-Stella】櫻木真乃,瞬き綴じて６頁
櫻木真乃/【interStellar-Stella】櫻木真乃/瞬き綴じて６頁.csv,14,2001016110100,真乃,"編集者さんのコメントも、どんな現場だったのかなって
わかって、好きなんです",櫻木真乃,【interStellar-Stella】櫻木真乃,瞬き綴じて６頁
櫻木真乃/【interStellar-Stella】櫻木真乃/瞬き綴じて６頁.csv,16,2001016110110,真乃,"あの、それから……
私について答えてくれているところもあったので……",櫻木真乃,【interStellar-Stella】櫻木真乃,瞬き綴じて６頁
櫻木真乃/【interStellar-Stella】櫻木真乃/瞬き綴じて６頁.csv,17,2001016110120,真乃,"直接お話をしたり……
お手紙をもらったりするのとも、違うんです……っ",櫻木真乃,【interStellar-Stella】櫻木真乃,瞬き綴じて６頁
櫻木真乃/【interStellar-Stella】櫻木真乃/瞬き綴じて６頁.csv,18,2001016110130,真乃,"とってもうれしくって、
くすぐったくもあって……っ",櫻木真乃,【interStellar-Stella】櫻木真乃,瞬き綴じて６頁
櫻木真乃/【interStellar-Stella】櫻木真乃/瞬き綴じて６頁.csv,19,2001016110140,真乃,"これまでも、何度か
機会はありましたけれど──……",櫻木真乃,【interStellar-Stella】櫻木真乃,瞬き綴じて６頁
櫻木真乃/【interStellar-Stella】櫻木真乃/瞬き綴じて６頁.csv,20,2001016110150,真乃,"……ふふ
いつも、舞い上がってしまいます……",櫻木真乃,【interStellar-Stella】櫻木真乃,瞬き綴じて６頁
櫻木真乃/【interStellar-Stella】櫻木真乃/瞬き綴じて６頁.csv,21,2001016110160,真乃,……──,櫻木真乃,【interStellar-Stella】櫻木真乃,瞬き綴じて６頁
櫻木真乃/【interStellar-Stella】櫻木真乃/瞬き綴じて６頁.csv,26,2001016110170,真乃,はい,櫻木真乃,【interStellar-Stella】櫻木真乃,瞬き綴じて６頁
櫻木真乃/【interStellar-Stella】櫻木真乃/瞬き綴じて６頁.csv,30,2001016110180,真乃,ほわ……っ？,櫻木真乃,【interStellar-Stella】櫻木真乃,瞬き綴じて６頁
櫻木真乃/【interStellar-Stella】櫻木真乃/瞬き綴じて６頁.csv,32,2001016110190,真乃,"え……
あ、その……──",櫻木真乃,【interStellar-Stella】櫻木真乃,瞬き綴じて６頁
櫻木真乃/【interStellar-Stella】櫻木真乃/瞬き綴じて６頁.csv,33,2001016110200,真乃,"……──それは
待っていただけないでしょうか……？",櫻木真乃,【interStellar-Stella】櫻木真乃,瞬き綴じて６頁
櫻木真乃/【interStellar-Stella】櫻木真乃/瞬き綴じて６頁.csv,35,2001016110210,真乃,い、いえ……っ,櫻木真乃,【interStellar-Stella】櫻木真乃,瞬き綴じて６頁
櫻木真乃/【interStellar-Stella】櫻木真乃/瞬き綴じて６頁.csv,36,2001016110220,真乃,"自分で……っ
伝えたいので……っ",櫻木真乃,【interStellar-Stella】櫻木真乃,瞬き綴じて６頁
櫻木真乃/【interStellar-Stella】櫻木真乃/金糸雀をなぞる.csv,11,2001016010060,真乃,…………,櫻木真乃,【interStellar-Stella】櫻木真乃,金糸雀をなぞる
櫻木真乃/【interStellar-Stella】櫻木真乃/金糸雀をなぞる.csv,12,2001016010070,真乃,"あ……あの……
プロデューサーさん……？",櫻木真乃,【interStellar-Stella】櫻木真乃,金糸雀をなぞる
櫻木真乃/【interStellar-Stella】櫻木真乃/金糸雀をなぞる.csv,13,2001016010080,真乃,"何か……
まずかったでしょうか……っ",櫻木真乃,【interStellar-Stella】櫻木真乃,金糸雀をなぞる
櫻木真乃/【interStellar-Stella】櫻木真乃/金糸雀をなぞる.csv,16,2001016010090,真乃,……？,櫻木真乃,【interStellar-Stella】櫻木真乃,金糸雀をなぞる
櫻木真乃/【interStellar-Stella】櫻木真乃/金糸雀をなぞる.csv,20,2001016010100,真乃,……,櫻木真乃,【interStellar-Stella】櫻木真乃,金糸雀をなぞる
櫻木真乃/【interStellar-Stella】櫻木真乃/金糸雀をなぞる.csv,22,2001016010110,真乃,ほわ……,櫻木真乃,【interStellar-Stella】櫻木真乃,金糸雀をなぞる
櫻木真乃/【interStellar-Stella】櫻木真乃/金糸雀をなぞる.csv,23,2001016010120,真乃,"ふふ……
おそろい……",櫻木真乃,【interStellar-Stella】櫻木真乃,金糸雀をなぞる
櫻木真乃/【interStellar-Stella】櫻木真乃/金糸雀をなぞる.csv,24,2001016010130,真乃,……──あ,櫻木真乃,【interStellar-Stella】櫻木真乃,金糸雀をなぞる
櫻木真乃/【interStellar-Stella】櫻木真乃/金糸雀をなぞる.csv,25,2001016010140,真乃,"こ、このままだと……
めぐるちゃんに迷惑がかかったりするでしょうか……？",櫻木真乃,【interStellar-Stella】櫻木真乃,金糸雀をなぞる
櫻木真乃/【interStellar-Stella】櫻木真乃/金糸雀をなぞる.csv,27,2001016010150,真乃,"おんなじ答えじゃなくて
違うお話を伝えたいから、って……",櫻木真乃,【interStellar-Stella】櫻木真乃,金糸雀をなぞる
櫻木真乃/【interStellar-Stella】櫻木真乃/金糸雀をなぞる.csv,28,2001016010160,真乃,"めぐるちゃんの回答も
修正が必要になったりは──……",櫻木真乃,【interStellar-Stella】櫻木真乃,金糸雀をなぞる
櫻木真乃/【interStellar-Stella】櫻木真乃/金糸雀をなぞる.csv,35,2001016010170,真乃,……あのっ、プロデューサーさん,櫻木真乃,【interStellar-Stella】櫻木真乃,金糸雀をなぞる
櫻木真乃/【interStellar-Stella】櫻木真乃/金糸雀をなぞる.csv,37,2001016010180,真乃,──……一度提出したのに、すみません,櫻木真乃,【interStellar-Stella】櫻木真乃,金糸雀をなぞる
櫻木真乃/【interStellar-Stella】櫻木真乃/金糸雀をなぞる.csv,38,2001016010190,真乃,"この一問だけ、締切いっぱいまで
考え直してきてもいいでしょうか……？",櫻木真乃,【interStellar-Stella】櫻木真乃,金糸雀をなぞる
櫻木真乃/【interStellar-Stella】櫻木真乃/金糸雀をなぞる.csv,39,2001016010200,真乃,"今週末に灯織ちゃんとめぐるちゃんと遊びに行く予定で、
きっと、その時もとっても楽しいので……っ",櫻木真乃,【interStellar-Stella】櫻木真乃,金糸雀をなぞる
櫻木真乃/【interStellar-Stella】櫻木真乃/金糸雀をなぞる.csv,40,2001016010210,真乃,それを待ってから、改めて答えを考えたいなって……──,櫻木真乃,【interStellar-Stella】櫻木真乃,金糸雀をなぞる
櫻木真乃/【interStellar-Stella】櫻木真乃/金糸雀をなぞる.csv,42,2001016010220,真乃,……っ,櫻木真乃,【interStellar-Stella】櫻木真乃,金糸雀をなぞる
櫻木真乃/【interStellar-Stella】櫻木真乃/金糸雀をなぞる.csv,49,2001016010230,真乃,そ、そうですよね……っ,櫻木真乃,【interStellar-Stella】櫻木真乃,金糸雀をなぞる
櫻木真乃/【interStellar-Stella】櫻木真乃/金糸雀をなぞる.csv,52,2001016010240,真乃,──……,櫻木真乃,【interStellar-Stella】櫻木真乃,金糸雀をなぞる
櫻木真乃/【interStellar-Stella】櫻木真乃/金糸雀をなぞる.csv,53,2001016010250,真乃,と、とんでもないです……,櫻木真乃,【interStellar-Stella】櫻木真乃,金糸雀をなぞる
櫻木真乃/【interStellar-Stella】櫻木真乃/金糸雀をなぞる.csv,54,2001016010260,真乃,すみません……ありがとうございます,櫻木真乃,【interStellar-Stella】櫻木真乃,金糸雀をなぞる
櫻木真乃/【interStellar-Stella】櫻木真乃/金糸雀をなぞる.csv,57,2001016010270,真乃,"は、はい……っ
わかりました……っ",櫻木真乃,【interStellar-Stella】櫻木真乃,金糸雀をなぞる
櫻木真乃/【interStellar-Stella】櫻木真乃/金糸雀をなぞる.csv,60,2001016010280,真乃,……,櫻木真乃,【interStellar-Stella】櫻木真乃,金糸雀をなぞる
櫻木真乃/【interStellar-Stella】櫻木真乃/金糸雀をなぞる.csv,62,2001016010290,真乃,"……はいっ
ありがとうございます",櫻木真乃,【interStellar-Stella】櫻木真乃,金糸雀をなぞる
櫻木真乃/【interStellar-Stella】櫻木真乃/金糸雀をなぞる.csv,64,2001016010300,真乃,ほわ……,櫻木真乃,【interStellar-Stella】櫻木真乃,金糸雀をなぞる
櫻木真乃/【interStellar-Stella】櫻木真乃/金糸雀をなぞる.csv,66,2001016010310,真乃,……──ふふ,櫻木真乃,【interStellar-Stella】櫻木真乃,金糸雀をなぞる
櫻木真乃/【interStellar-Stella】櫻木真乃/金糸雀をなぞる.csv,67,2001016010320,真乃,"そうだったら……
うれしいんですけれど……",櫻木真乃,【interStellar-Stella】櫻木真乃,金糸雀をなぞる
櫻木真乃/【あなたと、いただきます】樱木真乃/あなたとランチを.csv,2,2001019010010,真乃,……,櫻木真乃,【あなたと、いただきます】樱木真乃,あなたとランチを
櫻木真乃/【あなたと、いただきます】樱木真乃/あなたとランチを.csv,3,2001019010020,真乃,えっと……,櫻木真乃,【あなたと、いただきます】樱木真乃,あなたとランチを
櫻木真乃/【あなたと、いただきます】樱木真乃/あなたとランチを.csv,4,2001019010030,真乃,"『特典のサインを書かせていただきました
一枚一枚、私のありったけの気持ちを込めています』",櫻木真乃,【あなたと、いただきます】樱木真乃,あなたとランチを
櫻木真乃/【あなたと、いただきます】樱木真乃/あなたとランチを.csv,5,2001019010040,真乃,"『早くみなさんのもとへお届けしたいです
楽しみにしていてください』",櫻木真乃,【あなたと、いただきます】樱木真乃,あなたとランチを
櫻木真乃/【あなたと、いただきます】樱木真乃/あなたとランチを.csv,6,2001019010050,真乃,"私のありったけの気持ちを込めて……
楽しみにしていて……ください……",櫻木真乃,【あなたと、いただきます】樱木真乃,あなたとランチを
櫻木真乃/【あなたと、いただきます】樱木真乃/あなたとランチを.csv,7,2001019010060,真乃,……はい……っ,櫻木真乃,【あなたと、いただきます】樱木真乃,あなたとランチを
櫻木真乃/【あなたと、いただきます】樱木真乃/あなたとランチを.csv,9,2001019010070,真乃,はい、どうぞ,櫻木真乃,【あなたと、いただきます】樱木真乃,あなたとランチを
櫻木真乃/【あなたと、いただきます】樱木真乃/あなたとランチを.csv,11,2001019010080,真乃,"いえ……
ちょうど、書き終わりました",櫻木真乃,【あなたと、いただきます】樱木真乃,あなたとランチを
櫻木真乃/【あなたと、いただきます】樱木真乃/あなたとランチを.csv,14,2001019010090,真乃,ほわ……,櫻木真乃,【あなたと、いただきます】樱木真乃,あなたとランチを
櫻木真乃/【あなたと、いただきます】樱木真乃/あなたとランチを.csv,16,2001019010100,真乃,"……えっと……いいんでしょうか……
……ご迷惑でなければ、ご一緒はしたいんですけれど……",櫻木真乃,【あなたと、いただきます】樱木真乃,あなたとランチを
櫻木真乃/【あなたと、いただきます】樱木真乃/あなたとランチを.csv,18,2001019010110,真乃,"い、いえ……そんな……っ
誘ってくださって、とてもうれしいです……っ",櫻木真乃,【あなたと、いただきます】樱木真乃,あなたとランチを
櫻木真乃/【あなたと、いただきます】樱木真乃/あなたとランチを.csv,19,2001019010120,真乃,"うれしいんですけど……ただ……
……ごちそうになってしまっていいのかなって……",櫻木真乃,【あなたと、いただきます】樱木真乃,あなたとランチを
櫻木真乃/【あなたと、いただきます】樱木真乃/あなたとランチを.csv,23,2001019010130,真乃,プロデューサーさんの都合、ですか……？,櫻木真乃,【あなたと、いただきます】樱木真乃,あなたとランチを
櫻木真乃/【あなたと、いただきます】樱木真乃/あなたとランチを.csv,25,2001019010140,真乃,……？,櫻木真乃,【あなたと、いただきます】樱木真乃,あなたとランチを
櫻木真乃/【あなたと、いただきます】樱木真乃/あなたとランチを.csv,33,2001019010150,真乃,"私のために……沢山考えてくださっていて
うれしいです、とても……",櫻木真乃,【あなたと、いただきます】樱木真乃,あなたとランチを
櫻木真乃/【あなたと、いただきます】樱木真乃/あなたとランチを.csv,34,2001019010160,真乃,"……それでは……また、何かしらの形で
お返しさせてください",櫻木真乃,【あなたと、いただきます】樱木真乃,あなたとランチを
櫻木真乃/【あなたと、いただきます】樱木真乃/あなたとランチを.csv,37,2001019010170,真乃,はい……っ,櫻木真乃,【あなたと、いただきます】樱木真乃,あなたとランチを
櫻木真乃/【あなたと、いただきます】樱木真乃/あなたとランチを.csv,38,2001019010180,真乃,……,櫻木真乃,【あなたと、いただきます】樱木真乃,あなたとランチを
櫻木真乃/【あなたと、いただきます】樱木真乃/あなたとランチを.csv,40,2001019010190,真乃,……その……,櫻木真乃,【あなたと、いただきます】樱木真乃,あなたとランチを
櫻木真乃/【あなたと、いただきます】樱木真乃/あなたとランチを.csv,41,2001019010200,真乃,"……SNSで、ファンのみなさんと
もっと上手にコミュニケーションをとりたくて……",櫻木真乃,【あなたと、いただきます】樱木真乃,あなたとランチを
櫻木真乃/【あなたと、いただきます】樱木真乃/あなたとランチを.csv,43,2001019010210,真乃,"先程、特典のサインについて書いてみたんです
……後で、文面を見ていただけますか……？",櫻木真乃,【あなたと、いただきます】樱木真乃,あなたとランチを
櫻木真乃/【あなたと、いただきます】樱木真乃/あなたとランチを.csv,46,2001019010220,真乃,ほわ……,櫻木真乃,【あなたと、いただきます】樱木真乃,あなたとランチを
櫻木真乃/【あなたと、いただきます】樱木真乃/あなたとランチを.csv,47,2001019010230,真乃,"……えっと……
本当に、いいんでしょうか……？",櫻木真乃,【あなたと、いただきます】樱木真乃,あなたとランチを
櫻木真乃/【あなたと、いただきます】樱木真乃/あなたとランチを.csv,49,2001019010240,真乃,"……
……サンドイッチなんて、どうでしょうか……？",櫻木真乃,【あなたと、いただきます】樱木真乃,あなたとランチを
櫻木真乃/【あなたと、いただきます】樱木真乃/あなたとランチを.csv,51,2001019010250,真乃,"はい……っ
あの、ありがとうございます……っ",櫻木真乃,【あなたと、いただきます】樱木真乃,あなたとランチを
櫻木真乃/【あなたと、いただきます】樱木真乃/あなたとランチを.csv,53,2001019010260,真乃,……あ……,櫻木真乃,【あなたと、いただきます】樱木真乃,あなたとランチを
櫻木真乃/【あなたと、いただきます】樱木真乃/あなたとランチを.csv,54,2001019010270,真乃,"私、プロデューサーさんにSNSの使い方を
相談したいと思ってたんです……",櫻木真乃,【あなたと、いただきます】樱木真乃,あなたとランチを
櫻木真乃/【あなたと、いただきます】樱木真乃/あなたとランチを.csv,55,2001019010280,真乃,"先程特典のサインについて、投稿文を作ってみたので……
……後で、見ていただけますか……？",櫻木真乃,【あなたと、いただきます】樱木真乃,あなたとランチを
櫻木真乃/【あなたと、いただきます】樱木真乃/あなたとランチを.csv,58,2001019010290,真乃,"プロデューサーさん……
……ありがとうございます……",櫻木真乃,【あなたと、いただきます】樱木真乃,あなたとランチを
櫻木真乃/【あなたと、いただきます】樱木真乃/あなたとランチを.csv,59,2001019010300,真乃,"どちらかというと、プロデューサーさんには
いつも色々もらい過ぎているくらいで……",櫻木真乃,【あなたと、いただきます】樱木真乃,あなたとランチを
櫻木真乃/【あなたと、いただきます】樱木真乃/あなたとランチを.csv,60,2001019010310,真乃,"私は、少しでもそれをお返ししたいなって
思うばかりで……すみません……",櫻木真乃,【あなたと、いただきます】樱木真乃,あなたとランチを
櫻木真乃/【あなたと、いただきます】樱木真乃/あなたとランチを.csv,63,2001019010320,真乃,はい……っ,櫻木真乃,【あなたと、いただきます】樱木真乃,あなたとランチを
櫻木真乃/【あなたと、いただきます】樱木真乃/あなたとランチを.csv,64,2001019010330,真乃,"あ……SNSの投稿文を作ってみたので
ランチの時に、見てもらえますか……？",櫻木真乃,【あなたと、いただきます】樱木真乃,あなたとランチを
櫻木真乃/【あなたと、いただきます】樱木真乃/おいしい架け橋.csv,3,2001019110010,真乃,は、はい……っ,櫻木真乃,【あなたと、いただきます】樱木真乃,おいしい架け橋
櫻木真乃/【あなたと、いただきます】樱木真乃/おいしい架け橋.csv,6,2001019110020,真乃,いただきます……っ,櫻木真乃,【あなたと、いただきます】樱木真乃,おいしい架け橋
櫻木真乃/【あなたと、いただきます】樱木真乃/おいしい架け橋.csv,9,2001019110030,真乃,"……はい……
……このお店には前にも来たことがあるんですけれど……",櫻木真乃,【あなたと、いただきます】樱木真乃,おいしい架け橋
櫻木真乃/【あなたと、いただきます】樱木真乃/おいしい架け橋.csv,10,2001019110040,真乃,"その時は期間外だったので
まだ食べられなくて……",櫻木真乃,【あなたと、いただきます】樱木真乃,おいしい架け橋
櫻木真乃/【あなたと、いただきます】樱木真乃/おいしい架け橋.csv,11,2001019110050,真乃,"また今度来たら、食べたいなって思っていたので……
連れてきてくださって、ありがとうございます……っ",櫻木真乃,【あなたと、いただきます】樱木真乃,おいしい架け橋
櫻木真乃/【あなたと、いただきます】樱木真乃/おいしい架け橋.csv,15,2001019110060,真乃,……えっと……,櫻木真乃,【あなたと、いただきます】樱木真乃,おいしい架け橋
櫻木真乃/【あなたと、いただきます】樱木真乃/おいしい架け橋.csv,16,2001019110070,真乃,"それほど、たいした話ではないかも……
なんですけれど……",櫻木真乃,【あなたと、いただきます】樱木真乃,おいしい架け橋
櫻木真乃/【あなたと、いただきます】樱木真乃/おいしい架け橋.csv,17,2001019110080,真乃,"レッスンの時、トレーナーさんに言われたことを
すぐに対応できないことがあったりして……",櫻木真乃,【あなたと、いただきます】樱木真乃,おいしい架け橋
櫻木真乃/【あなたと、いただきます】樱木真乃/おいしい架け橋.csv,18,2001019110090,真乃,"それで、帰り道もずっと
落ち込んでしまって……",櫻木真乃,【あなたと、いただきます】樱木真乃,おいしい架け橋
櫻木真乃/【あなたと、いただきます】樱木真乃/おいしい架け橋.csv,19,2001019110100,真乃,"灯織ちゃんとめぐるちゃんに
心配掛けちゃったかもって……",櫻木真乃,【あなたと、いただきます】樱木真乃,おいしい架け橋
櫻木真乃/【あなたと、いただきます】樱木真乃/おいしい架け橋.csv,21,2001019110110,真乃,"……これは、全部私の問題なので……
私がどうにかしないといけないことなんですけれど……",櫻木真乃,【あなたと、いただきます】樱木真乃,おいしい架け橋
櫻木真乃/【あなたと、いただきます】樱木真乃/おいしい架け橋.csv,24,2001019110120,真乃,そうでしょうか……,櫻木真乃,【あなたと、いただきます】樱木真乃,おいしい架け橋
櫻木真乃/【あなたと、いただきます】樱木真乃/おいしい架け橋.csv,25,2001019110130,真乃,"……すみません……
迷惑や心配を掛けたくないって思って……",櫻木真乃,【あなたと、いただきます】樱木真乃,おいしい架け橋
櫻木真乃/【あなたと、いただきます】樱木真乃/おいしい架け橋.csv,26,2001019110140,真乃,"かえって心配を掛けてしまう自分が、嫌だなって
思ってるんですけれど……",櫻木真乃,【あなたと、いただきます】樱木真乃,おいしい架け橋
櫻木真乃/【あなたと、いただきます】樱木真乃/おいしい架け橋.csv,27,2001019110150,真乃,"どこからだったら、頼ってしまってもいいのか……
……いつもわからなくて……",櫻木真乃,【あなたと、いただきます】樱木真乃,おいしい架け橋
櫻木真乃/【あなたと、いただきます】樱木真乃/おいしい架け橋.csv,30,2001019110160,真乃,"はい……っ
もちろんです……っ",櫻木真乃,【あなたと、いただきます】樱木真乃,おいしい架け橋
櫻木真乃/【あなたと、いただきます】樱木真乃/おいしい架け橋.csv,33,2001019110170,真乃,"……はい……
……ありがとうございます……",櫻木真乃,【あなたと、いただきます】樱木真乃,おいしい架け橋
櫻木真乃/【あなたと、いただきます】樱木真乃/おいしい架け橋.csv,34,2001019110180,真乃,"プロデューサーさんのお気持ちがあたたかくて
胸がぽかぽかします……",櫻木真乃,【あなたと、いただきます】樱木真乃,おいしい架け橋
櫻木真乃/【あなたと、いただきます】樱木真乃/おいしい架け橋.csv,35,2001019110190,真乃,"いつも時間の許す限り……
こうしてそばにいてくださって……",櫻木真乃,【あなたと、いただきます】樱木真乃,おいしい架け橋
櫻木真乃/【あなたと、いただきます】樱木真乃/おいしい架け橋.csv,38,2001019110200,真乃,ふふっ……,櫻木真乃,【あなたと、いただきます】樱木真乃,おいしい架け橋
櫻木真乃/【あなたと、いただきます】樱木真乃/おいしい架け橋.csv,39,2001019110210,真乃,"プロデューサーさんとのお食事の時間……
……大好きです……っ",櫻木真乃,【あなたと、いただきます】樱木真乃,おいしい架け橋
櫻木真乃/【あなたと、いただきます】樱木真乃/そしてつながる.csv,4,2001019040010,真乃,"『ありがとうございます
今、向かってます』",櫻木真乃,【あなたと、いただきます】樱木真乃,そしてつながる
櫻木真乃/【あなたと、いただきます】樱木真乃/そしてつながる.csv,12,2001019040020,真乃,すみません、お待たせしました……っ,櫻木真乃,【あなたと、いただきます】樱木真乃,そしてつながる
櫻木真乃/【あなたと、いただきます】樱木真乃/そしてつながる.csv,14,2001019040030,真乃,"……？
どうかしましたか……？",櫻木真乃,【あなたと、いただきます】樱木真乃,そしてつながる
櫻木真乃/【あなたと、いただきます】樱木真乃/そしてつながる.csv,16,2001019040040,真乃,"ほわ……
急いでいたので……",櫻木真乃,【あなたと、いただきます】樱木真乃,そしてつながる
櫻木真乃/【あなたと、いただきます】樱木真乃/そしてつながる.csv,18,2001019040050,真乃,はい……,櫻木真乃,【あなたと、いただきます】樱木真乃,そしてつながる
櫻木真乃/【あなたと、いただきます】樱木真乃/そしてつながる.csv,19,2001019040060,真乃,"先程現場で、ブランドの方が喜んでいたよって
ヘアメイクさんから教えていただきました……",櫻木真乃,【あなたと、いただきます】樱木真乃,そしてつながる
櫻木真乃/【あなたと、いただきます】樱木真乃/そしてつながる.csv,20,2001019040070,真乃,"他にも、あの投稿をきっかけに
カフェのこととか聞いてくださる方も多くて……",櫻木真乃,【あなたと、いただきます】樱木真乃,そしてつながる
櫻木真乃/【あなたと、いただきます】樱木真乃/そしてつながる.csv,23,2001019040080,真乃,はい……っ,櫻木真乃,【あなたと、いただきます】樱木真乃,そしてつながる
櫻木真乃/【あなたと、いただきます】樱木真乃/そしてつながる.csv,26,2001019040090,真乃,"……はい……
私も、同じことを考えていました……",櫻木真乃,【あなたと、いただきます】樱木真乃,そしてつながる
櫻木真乃/【あなたと、いただきます】樱木真乃/そしてつながる.csv,32,2001019040100,真乃,"はい……っ
どんなお店なんでしょうか……？",櫻木真乃,【あなたと、いただきます】樱木真乃,そしてつながる
櫻木真乃/【あなたと、いただきます】樱木真乃/そしてつながる.csv,34,2001019040110,真乃,"ほわ……
楽しみです……っ",櫻木真乃,【あなたと、いただきます】樱木真乃,そしてつながる
櫻木真乃/【あなたと、いただきます】樱木真乃/そしてつながる.csv,36,2001019040120,真乃,よろしくお願いします,櫻木真乃,【あなたと、いただきます】樱木真乃,そしてつながる
櫻木真乃/【あなたと、いただきます】樱木真乃/そしてつながる.csv,38,2001019040130,真乃,"あ……
それでしたら……",櫻木真乃,【あなたと、いただきます】樱木真乃,そしてつながる
櫻木真乃/【あなたと、いただきます】樱木真乃/そしてつながる.csv,39,2001019040140,真乃,"現場で教えていただいたところがあるので
そことか、どうでしょうか……？",櫻木真乃,【あなたと、いただきます】樱木真乃,そしてつながる
櫻木真乃/【あなたと、いただきます】樱木真乃/そしてつながる.csv,40,2001019040150,真乃,"ランチにセットでついてくるケーキが
とても綺麗で、美味しいんだそうです……っ",櫻木真乃,【あなたと、いただきます】樱木真乃,そしてつながる
櫻木真乃/【あなたと、いただきます】樱木真乃/そしてつながる.csv,41,2001019040160,真乃,"この近くにあるみたいなので
すぐに立ち寄れそうですし……",櫻木真乃,【あなたと、いただきます】樱木真乃,そしてつながる
櫻木真乃/【あなたと、いただきます】樱木真乃/そしてつながる.csv,43,2001019040170,真乃,"はい……っ
お店の名前は、確か……────",櫻木真乃,【あなたと、いただきます】樱木真乃,そしてつながる
櫻木真乃/【あなたと、いただきます】樱木真乃/そしてつながる.csv,45,2001019040180,真乃,"……えっと……
私の、行きたいところ……",櫻木真乃,【あなたと、いただきます】樱木真乃,そしてつながる
櫻木真乃/【あなたと、いただきます】樱木真乃/そしてつながる.csv,46,2001019040190,真乃,"……教室で、クラスの子が話してた……
韓国料理のお店が……",櫻木真乃,【あなたと、いただきます】樱木真乃,そしてつながる
櫻木真乃/【あなたと、いただきます】樱木真乃/そしてつながる.csv,47,2001019040200,真乃,"確か、この辺りにあるんですけれど……
……そこでもよければ……行ってみたいです……",櫻木真乃,【あなたと、いただきます】樱木真乃,そしてつながる
櫻木真乃/【あなたと、いただきます】樱木真乃/そしてつながる.csv,49,2001019040210,真乃,よろしくお願いします……っ,櫻木真乃,【あなたと、いただきます】樱木真乃,そしてつながる
櫻木真乃/【あなたと、いただきます】樱木真乃/やさしい余白.csv,2,2001019020010,真乃,"『おはようございます
レッスン前に、お散歩です』",櫻木真乃,【あなたと、いただきます】樱木真乃,やさしい余白
櫻木真乃/【あなたと、いただきます】樱木真乃/やさしい余白.csv,3,2001019020020,真乃,"『鳩さんもコゲラさんも
朝から元気いっぱいでした』",櫻木真乃,【あなたと、いただきます】樱木真乃,やさしい余白
櫻木真乃/【あなたと、いただきます】樱木真乃/やさしい余白.csv,4,2001019020030,真乃,『私も頑張りたいです』,櫻木真乃,【あなたと、いただきます】樱木真乃,やさしい余白
櫻木真乃/【あなたと、いただきます】樱木真乃/やさしい余白.csv,5,2001019020040,真乃,『みなさんもよい一日を』,櫻木真乃,【あなたと、いただきます】樱木真乃,やさしい余白
櫻木真乃/【あなたと、いただきます】樱木真乃/やさしい余白.csv,6,2001019020050,真乃,"『ラジオにゲスト出演させていただきました
ご視聴ありがとうございます』",櫻木真乃,【あなたと、いただきます】樱木真乃,やさしい余白
櫻木真乃/【あなたと、いただきます】樱木真乃/やさしい余白.csv,7,2001019020060,真乃,"『収録中、みなさんから沢山のお便りをいただいて
胸がぽかぽかしました＾＾』",櫻木真乃,【あなたと、いただきます】樱木真乃,やさしい余白
櫻木真乃/【あなたと、いただきます】樱木真乃/やさしい余白.csv,11,2001019020070,真乃,そうでしょうか……,櫻木真乃,【あなたと、いただきます】樱木真乃,やさしい余白
櫻木真乃/【あなたと、いただきます】樱木真乃/やさしい余白.csv,12,2001019020080,真乃,プロデューサーさんが、そう言ってくださるなら……,櫻木真乃,【あなたと、いただきます】樱木真乃,やさしい余白
櫻木真乃/【あなたと、いただきます】樱木真乃/やさしい余白.csv,14,2001019020090,真乃,"……その……
他の方を参考にと思って、SNSを見ていたんですけれど……",櫻木真乃,【あなたと、いただきます】樱木真乃,やさしい余白
櫻木真乃/【あなたと、いただきます】樱木真乃/やさしい余白.csv,22,2001019020100,真乃,"……ファンのみなさんとお友達のように
気さくに接していたり……",櫻木真乃,【あなたと、いただきます】樱木真乃,やさしい余白
櫻木真乃/【あなたと、いただきます】樱木真乃/やさしい余白.csv,23,2001019020110,真乃,"楽しさが伝わってくるような……
親しみを感じる内容ばかりで……",櫻木真乃,【あなたと、いただきます】樱木真乃,やさしい余白
櫻木真乃/【あなたと、いただきます】樱木真乃/やさしい余白.csv,24,2001019020120,真乃,"それに比べて、私は……
……誰に向けて発信しているのか……",櫻木真乃,【あなたと、いただきます】樱木真乃,やさしい余白
櫻木真乃/【あなたと、いただきます】樱木真乃/やさしい余白.csv,25,2001019020130,真乃,"わかっていたようで、わかっていなかったかもって
思ったんです……",櫻木真乃,【あなたと、いただきます】樱木真乃,やさしい余白
櫻木真乃/【あなたと、いただきます】樱木真乃/やさしい余白.csv,26,2001019020140,真乃,"SNSは、日記じゃなくて……
人と人とのコミュニケーションの場所なのにって……",櫻木真乃,【あなたと、いただきます】樱木真乃,やさしい余白
櫻木真乃/【あなたと、いただきます】樱木真乃/やさしい余白.csv,31,2001019020150,真乃,……はい……っ,櫻木真乃,【あなたと、いただきます】樱木真乃,やさしい余白
櫻木真乃/【あなたと、いただきます】樱木真乃/やさしい余白.csv,33,2001019020160,真乃,ありがとうございます……,櫻木真乃,【あなたと、いただきます】樱木真乃,やさしい余白
櫻木真乃/【あなたと、いただきます】樱木真乃/やさしい余白.csv,34,2001019020170,真乃,"……それと、他の方の活動を見させていただいて
本当に様々なんだなって思いました",櫻木真乃,【あなたと、いただきます】樱木真乃,やさしい余白
櫻木真乃/【あなたと、いただきます】樱木真乃/やさしい余白.csv,35,2001019020180,真乃,マネージャーさんとも、まるでお友達みたいだったり……,櫻木真乃,【あなたと、いただきます】樱木真乃,やさしい余白
櫻木真乃/【あなたと、いただきます】樱木真乃/やさしい余白.csv,41,2001019020200,真乃,大丈夫です……っ,櫻木真乃,【あなたと、いただきます】樱木真乃,やさしい余白
櫻木真乃/【あなたと、いただきます】樱木真乃/やさしい余白.csv,42,2001019020210,真乃,"プロデューサーさんには充分すぎるくらい
支えていただいていますから……",櫻木真乃,【あなたと、いただきます】樱木真乃,やさしい余白
櫻木真乃/【あなたと、いただきます】樱木真乃/やさしい余白.csv,44,2001019020220,真乃,"はい……それに、プロデューサーさんとの距離感が
遠いと感じたこともありません……",櫻木真乃,【あなたと、いただきます】樱木真乃,やさしい余白
櫻木真乃/【あなたと、いただきます】樱木真乃/やさしい余白.csv,45,2001019020230,真乃,"いつもそばにいてくださって……
心地いい、優しい距離感だなって、思ってます……",櫻木真乃,【あなたと、いただきます】樱木真乃,やさしい余白
櫻木真乃/【あなたと、いただきます】樱木真乃/やさしい余白.csv,49,2001019020240,真乃,い、いえ……っ,櫻木真乃,【あなたと、いただきます】樱木真乃,やさしい余白
櫻木真乃/【あなたと、いただきます】樱木真乃/やさしい余白.csv,50,2001019020250,真乃,"プロデューサーさんは、……その……
……そのままで……",櫻木真乃,【あなたと、いただきます】樱木真乃,やさしい余白
櫻木真乃/【あなたと、いただきます】樱木真乃/やさしい余白.csv,51,2001019020260,真乃,……ふふっ,櫻木真乃,【あなたと、いただきます】樱木真乃,やさしい余白
櫻木真乃/【あなたと、いただきます】樱木真乃/やさしい余白.csv,53,2001019020270,真乃,"すみません……灯織ちゃんとめぐるちゃんと
プロデューサーさんと、４人で遊ぶところを想像して……",櫻木真乃,【あなたと、いただきます】樱木真乃,やさしい余白
櫻木真乃/【あなたと、いただきます】樱木真乃/やさしい余白.csv,55,2001019020280,真乃,"そんな……
……でも……",櫻木真乃,【あなたと、いただきます】樱木真乃,やさしい余白
櫻木真乃/【あなたと、いただきます】樱木真乃/やさしい余白.csv,56,2001019020290,真乃,"……プロデューサーさんは、優しい距離感で
そばにいてくださっていますから……",櫻木真乃,【あなたと、いただきます】樱木真乃,やさしい余白
櫻木真乃/【あなたと、いただきます】樱木真乃/やさしい余白.csv,57,2001019020300,真乃,いいんです、そのままで,櫻木真乃,【あなたと、いただきます】樱木真乃,やさしい余白
櫻木真乃/【あなたと、いただきます】樱木真乃/やさしい余白.csv,59,2001019020310,真乃,プロデューサーさんを、ですか……？,櫻木真乃,【あなたと、いただきます】樱木真乃,やさしい余白
櫻木真乃/【あなたと、いただきます】樱木真乃/やさしい余白.csv,61,2001019020320,真乃,"そんなことで、いいんでしょうか……
お忙しいのに申し訳なくて……",櫻木真乃,【あなたと、いただきます】樱木真乃,やさしい余白
櫻木真乃/【あなたと、いただきます】樱木真乃/やさしい余白.csv,64,2001019020330,真乃,"ほわ……
ありがとうございます……っ",櫻木真乃,【あなたと、いただきます】樱木真乃,やさしい余白
櫻木真乃/【あなたと、いただきます】樱木真乃/やさしい余白.csv,65,2001019020340,真乃,"では、その時は思い切って……
お誘いしますね……っ",櫻木真乃,【あなたと、いただきます】樱木真乃,やさしい余白
櫻木真乃/【あなたと、いただきます】樱木真乃/香る、ほころぶ.csv,10,2001019030010,真乃,『おはようございます』,櫻木真乃,【あなたと、いただきます】樱木真乃,香る、ほころぶ
櫻木真乃/【あなたと、いただきます】樱木真乃/香る、ほころぶ.csv,11,2001019030020,真乃,"『私が着させていただいたブランドさんのカフェなんですね
とても素敵な衣装だったので、ぜひ行ってみたいです』",櫻木真乃,【あなたと、いただきます】樱木真乃,香る、ほころぶ
櫻木真乃/【あなたと、いただきます】樱木真乃/香る、ほころぶ.csv,12,2001019030030,真乃,"『もし、ご迷惑でなければ
プロデューサーさんをお誘いしてもいいでしょうか』",櫻木真乃,【あなたと、いただきます】樱木真乃,香る、ほころぶ
櫻木真乃/【あなたと、いただきます】樱木真乃/香る、ほころぶ.csv,16,2001019030040,真乃,"……すみません、思ったよりも
突然になってしまって……",櫻木真乃,【あなたと、いただきます】樱木真乃,香る、ほころぶ
櫻木真乃/【あなたと、いただきます】樱木真乃/香る、ほころぶ.csv,18,2001019030050,真乃,"あの時の衣装、とてもかわいいなって思っていたので……
楽しみです……っ",櫻木真乃,【あなたと、いただきます】樱木真乃,香る、ほころぶ
櫻木真乃/【あなたと、いただきます】樱木真乃/香る、ほころぶ.csv,21,2001019030060,真乃,はい……っ,櫻木真乃,【あなたと、いただきます】樱木真乃,香る、ほころぶ
櫻木真乃/【あなたと、いただきます】樱木真乃/香る、ほころぶ.csv,29,2001019030070,真乃,"ほわ……
こちらこそ、ありがとうございます……",櫻木真乃,【あなたと、いただきます】樱木真乃,香る、ほころぶ
櫻木真乃/【あなたと、いただきます】樱木真乃/香る、ほころぶ.csv,30,2001019030080,真乃,"……先程、電車の中で聞こえた会話が
気になってしまって……",櫻木真乃,【あなたと、いただきます】樱木真乃,香る、ほころぶ
櫻木真乃/【あなたと、いただきます】樱木真乃/香る、ほころぶ.csv,31,2001019030090,真乃,やっぱり……,櫻木真乃,【あなたと、いただきます】樱木真乃,香る、ほころぶ
櫻木真乃/【あなたと、いただきます】樱木真乃/香る、ほころぶ.csv,33,2001019030100,真乃,"……その……プロデューサーさんには
いつも誘っていただいてばかりだったので……",櫻木真乃,【あなたと、いただきます】樱木真乃,香る、ほころぶ
櫻木真乃/【あなたと、いただきます】樱木真乃/香る、ほころぶ.csv,34,2001019030110,真乃,私の方から誘ってみようって、思ったんです……,櫻木真乃,【あなたと、いただきます】樱木真乃,香る、ほころぶ
櫻木真乃/【あなたと、いただきます】樱木真乃/香る、ほころぶ.csv,35,2001019030120,真乃,"……実際にやってみたら、とても……
勇気がいることでした……",櫻木真乃,【あなたと、いただきます】樱木真乃,香る、ほころぶ
櫻木真乃/【あなたと、いただきます】樱木真乃/香る、ほころぶ.csv,37,2001019030130,真乃,"知らないうちに、いただいていたものにまたひとつ
気づきました……",櫻木真乃,【あなたと、いただきます】樱木真乃,香る、ほころぶ
櫻木真乃/【あなたと、いただきます】樱木真乃/香る、ほころぶ.csv,38,2001019030140,真乃,ありがとうございます、プロデューサーさん,櫻木真乃,【あなたと、いただきます】樱木真乃,香る、ほころぶ
櫻木真乃/【あなたと、いただきます】樱木真乃/香る、ほころぶ.csv,42,2001019030150,真乃,"ほわ……
風が気持ちいいです……",櫻木真乃,【あなたと、いただきます】樱木真乃,香る、ほころぶ
櫻木真乃/【あなたと、いただきます】樱木真乃/香る、ほころぶ.csv,45,2001019030160,真乃,"ふふ……お日さまもぽかぽかで
日向ぼっこができそうです……",櫻木真乃,【あなたと、いただきます】樱木真乃,香る、ほころぶ
櫻木真乃/【あなたと、いただきます】樱木真乃/香る、ほころぶ.csv,47,2001019030170,真乃,"ほわ……っ
そうですね、いただかないと……っ",櫻木真乃,【あなたと、いただきます】樱木真乃,香る、ほころぶ
櫻木真乃/【あなたと、いただきます】樱木真乃/香る、ほころぶ.csv,48,2001019030180,真乃,……あの、プロデューサーさん……,櫻木真乃,【あなたと、いただきます】樱木真乃,香る、ほころぶ
櫻木真乃/【あなたと、いただきます】樱木真乃/香る、ほころぶ.csv,49,2001019030190,真乃,"先日のイベントのお礼も添えて
ツイスタに投稿してみようと思うので……",櫻木真乃,【あなたと、いただきます】樱木真乃,香る、ほころぶ
櫻木真乃/【あなたと、いただきます】樱木真乃/香る、ほころぶ.csv,50,2001019030200,真乃,写真をお願いしてもいいでしょうか……？,櫻木真乃,【あなたと、いただきます】樱木真乃,香る、ほころぶ
櫻木真乃/【おめでとう、が咲く】櫻木真乃/【おめでとう、が咲く】櫻木真乃.csv,5,3001024010010,真乃,"『お祝いの言葉、ありがとうございます
とってもうれしいです』",櫻木真乃,【おめでとう、が咲く】櫻木真乃,【おめでとう、が咲く】櫻木真乃
櫻木真乃/【おめでとう、が咲く】櫻木真乃/【おめでとう、が咲く】櫻木真乃.csv,6,3001024010020,真乃,"『はい、大丈夫です
ちょうど、お昼の時間は空いています』",櫻木真乃,【おめでとう、が咲く】櫻木真乃,【おめでとう、が咲く】櫻木真乃
櫻木真乃/【おめでとう、が咲く】櫻木真乃/【おめでとう、が咲く】櫻木真乃.csv,7,3001024010030,真乃,『楽しみにしています』,櫻木真乃,【おめでとう、が咲く】櫻木真乃,【おめでとう、が咲く】櫻木真乃
櫻木真乃/【おめでとう、が咲く】櫻木真乃/【おめでとう、が咲く】櫻木真乃.csv,15,3001024010040,真乃,"…………
……さん……",櫻木真乃,【おめでとう、が咲く】櫻木真乃,【おめでとう、が咲く】櫻木真乃
櫻木真乃/【おめでとう、が咲く】櫻木真乃/【おめでとう、が咲く】櫻木真乃.csv,16,3001024010050,真乃,……デューサーさん……？,櫻木真乃,【おめでとう、が咲く】櫻木真乃,【おめでとう、が咲く】櫻木真乃
櫻木真乃/【おめでとう、が咲く】櫻木真乃/【おめでとう、が咲く】櫻木真乃.csv,17,3001024010060,真乃,プロデューサーさん……,櫻木真乃,【おめでとう、が咲く】櫻木真乃,【おめでとう、が咲く】櫻木真乃
櫻木真乃/【おめでとう、が咲く】櫻木真乃/【おめでとう、が咲く】櫻木真乃.csv,19,3001024010070,真乃,"あ……
はい、こんにちは",櫻木真乃,【おめでとう、が咲く】櫻木真乃,【おめでとう、が咲く】櫻木真乃
櫻木真乃/【おめでとう、が咲く】櫻木真乃/【おめでとう、が咲く】櫻木真乃.csv,20,3001024010080,真乃,"……あの、すみません
お待たせしてしまって……",櫻木真乃,【おめでとう、が咲く】櫻木真乃,【おめでとう、が咲く】櫻木真乃
櫻木真乃/【おめでとう、が咲く】櫻木真乃/【おめでとう、が咲く】櫻木真乃.csv,23,3001024010090,真乃,ほわ……,櫻木真乃,【おめでとう、が咲く】櫻木真乃,【おめでとう、が咲く】櫻木真乃
櫻木真乃/【おめでとう、が咲く】櫻木真乃/【おめでとう、が咲く】櫻木真乃.csv,24,3001024010100,真乃,"……本当に、今日はお日さまの光がぽかぽかしていて
優しい風が吹いていて",櫻木真乃,【おめでとう、が咲く】櫻木真乃,【おめでとう、が咲く】櫻木真乃
櫻木真乃/【おめでとう、が咲く】櫻木真乃/【おめでとう、が咲く】櫻木真乃.csv,25,3001024010110,真乃,みなさん気持ちよさそうです,櫻木真乃,【おめでとう、が咲く】櫻木真乃,【おめでとう、が咲く】櫻木真乃
櫻木真乃/【おめでとう、が咲く】櫻木真乃/【おめでとう、が咲く】櫻木真乃.csv,28,3001024010120,真乃,"あ……
……その……",櫻木真乃,【おめでとう、が咲く】櫻木真乃,【おめでとう、が咲く】櫻木真乃
櫻木真乃/【おめでとう、が咲く】櫻木真乃/【おめでとう、が咲く】櫻木真乃.csv,29,3001024010130,真乃,"……すみません
少し、失礼します……",櫻木真乃,【おめでとう、が咲く】櫻木真乃,【おめでとう、が咲く】櫻木真乃
櫻木真乃/【おめでとう、が咲く】櫻木真乃/【おめでとう、が咲く】櫻木真乃.csv,32,3001024010140,真乃,……取れました,櫻木真乃,【おめでとう、が咲く】櫻木真乃,【おめでとう、が咲く】櫻木真乃
櫻木真乃/【おめでとう、が咲く】櫻木真乃/【おめでとう、が咲く】櫻木真乃.csv,38,3001024010150,真乃,ありがとうございます……っ,櫻木真乃,【おめでとう、が咲く】櫻木真乃,【おめでとう、が咲く】櫻木真乃
櫻木真乃/【おめでとう、が咲く】櫻木真乃/【おめでとう、が咲く】櫻木真乃.csv,41,3001024010160,真乃,えっと……,櫻木真乃,【おめでとう、が咲く】櫻木真乃,【おめでとう、が咲く】櫻木真乃
櫻木真乃/【おめでとう、が咲く】櫻木真乃/【おめでとう、が咲く】櫻木真乃.csv,43,3001024010170,真乃,ほ、ほわ……,櫻木真乃,【おめでとう、が咲く】櫻木真乃,【おめでとう、が咲く】櫻木真乃
櫻木真乃/【おめでとう、が咲く】櫻木真乃/【おめでとう、が咲く】櫻木真乃.csv,45,3001024010180,真乃,"す、すみません……
……お願いしても、いいでしょうか……",櫻木真乃,【おめでとう、が咲く】櫻木真乃,【おめでとう、が咲く】櫻木真乃
櫻木真乃/【おめでとう、が咲く】櫻木真乃/【おめでとう、が咲く】櫻木真乃.csv,47,3001024010190,真乃,……,櫻木真乃,【おめでとう、が咲く】櫻木真乃,【おめでとう、が咲く】櫻木真乃
櫻木真乃/【おめでとう、が咲く】櫻木真乃/【おめでとう、が咲く】櫻木真乃.csv,49,3001024010200,真乃,ありがとうございます……っ,櫻木真乃,【おめでとう、が咲く】櫻木真乃,【おめでとう、が咲く】櫻木真乃
櫻木真乃/【おめでとう、が咲く】櫻木真乃/【おめでとう、が咲く】櫻木真乃.csv,51,3001024010210,真乃,ふふっ,櫻木真乃,【おめでとう、が咲く】櫻木真乃,【おめでとう、が咲く】櫻木真乃
櫻木真乃/【お揃いスナップ】櫻木真乃/サマータイム！.csv,2,3001005020010,真乃,"ごめんね
ちょっと遅くなっちゃった",櫻木真乃,【お揃いスナップ】櫻木真乃,サマータイム！
櫻木真乃/【お揃いスナップ】櫻木真乃/サマータイム！.csv,5,3001005020040,真乃,そ、そうかな……,櫻木真乃,【お揃いスナップ】櫻木真乃,サマータイム！
櫻木真乃/【お揃いスナップ】櫻木真乃/サマータイム！.csv,8,3001005020070,真乃,"ほわ、うん
一緒に撮ろうねっ",櫻木真乃,【お揃いスナップ】櫻木真乃,サマータイム！
櫻木真乃/【お揃いスナップ】櫻木真乃/サマータイム！.csv,17,3001005020160,真乃,"ふふ……
撮影、もうじき始まるね。ドキドキするなぁ",櫻木真乃,【お揃いスナップ】櫻木真乃,サマータイム！
櫻木真乃/【お揃いスナップ】櫻木真乃/サマータイム！.csv,20,3001005020190,真乃,"ほわ、プールのお掃除ってやったことないから、
ちゃんとできるかな……",櫻木真乃,【お揃いスナップ】櫻木真乃,サマータイム！
櫻木真乃/【お揃いスナップ】櫻木真乃/サマータイム！.csv,23,3001005020220,真乃,"そ、そうだよねっ……
とりあえず頑張ってみる……むんっ",櫻木真乃,【お揃いスナップ】櫻木真乃,サマータイム！
櫻木真乃/【お揃いスナップ】櫻木真乃/サマータイム！.csv,25,3001005020240,真乃,あ、そっか……,櫻木真乃,【お揃いスナップ】櫻木真乃,サマータイム！
櫻木真乃/【お揃いスナップ】櫻木真乃/サマータイム！.csv,28,3001005020270,真乃,"（ふぅ……緊張したけど、
なんとか撮影もうまくいって良かった……）",櫻木真乃,【お揃いスナップ】櫻木真乃,サマータイム！
櫻木真乃/【お揃いスナップ】櫻木真乃/サマータイム！.csv,29,3001005020280,真乃,ほわぁ……風が気持ちいいなぁ……,櫻木真乃,【お揃いスナップ】櫻木真乃,サマータイム！
櫻木真乃/【お揃いスナップ】櫻木真乃/サマータイム！.csv,30,3001005020290,真乃,"（灯織ちゃんと、めぐるちゃん
まだプールの方にいるのかな？）",櫻木真乃,【お揃いスナップ】櫻木真乃,サマータイム！
櫻木真乃/【お揃いスナップ】櫻木真乃/サマータイム！.csv,35,3001005020340,真乃,"（ふたりの声……？
どうかしたのかな？）",櫻木真乃,【お揃いスナップ】櫻木真乃,サマータイム！
櫻木真乃/【お揃いスナップ】櫻木真乃/サマータイム！.csv,40,3001005020390,真乃,（私も行ってみよう）,櫻木真乃,【お揃いスナップ】櫻木真乃,サマータイム！
櫻木真乃/【お揃いスナップ】櫻木真乃/サマータイム！.csv,41,3001005020400,真乃,ふたりとも、どうかし──,櫻木真乃,【お揃いスナップ】櫻木真乃,サマータイム！
櫻木真乃/【お揃いスナップ】櫻木真乃/サマータイム！.csv,42,3001005020410,真乃,わっ……！,櫻木真乃,【お揃いスナップ】櫻木真乃,サマータイム！
櫻木真乃/【お揃いスナップ】櫻木真乃/サマータイム！.csv,44,3001005020430,真乃,"あ……うん
平気だよっ",櫻木真乃,【お揃いスナップ】櫻木真乃,サマータイム！
櫻木真乃/【お揃いスナップ】櫻木真乃/サマータイム！.csv,46,3001005020450,真乃,"（ふたりとも、水のかけあいっこしてたんだ
私も濡れちゃったけど……楽しそうだな）",櫻木真乃,【お揃いスナップ】櫻木真乃,サマータイム！
櫻木真乃/【お揃いスナップ】櫻木真乃/サマータイム！.csv,47,3001005020460,真乃,（あっそうだ──）,櫻木真乃,【お揃いスナップ】櫻木真乃,サマータイム！
櫻木真乃/【お揃いスナップ】櫻木真乃/サマータイム！.csv,48,3001005020470,真乃,……ふふっ,櫻木真乃,【お揃いスナップ】櫻木真乃,サマータイム！
櫻木真乃/【お揃いスナップ】櫻木真乃/サマータイム！.csv,50,3001005020490,真乃,灯織ちゃん、ごめんねっ,櫻木真乃,【お揃いスナップ】櫻木真乃,サマータイム！
櫻木真乃/【お揃いスナップ】櫻木真乃/サマータイム！.csv,51,3001005020500,真乃,──えいっ,櫻木真乃,【お揃いスナップ】櫻木真乃,サマータイム！
櫻木真乃/【お揃いスナップ】櫻木真乃/サマータイム！.csv,53,3001005020520,真乃,えへへ、私からもお返しっ,櫻木真乃,【お揃いスナップ】櫻木真乃,サマータイム！
櫻木真乃/【お揃いスナップ】櫻木真乃/サマータイム！.csv,55,3001005020540,真乃,"ごめんね
ふたりが楽しそうだったから、つい",櫻木真乃,【お揃いスナップ】櫻木真乃,サマータイム！
櫻木真乃/【お揃いスナップ】櫻木真乃/サマータイム！.csv,58,3001005020570,真乃,"ほわっ？
お、お願いされるのは、ちょっと変な感じ……",櫻木真乃,【お揃いスナップ】櫻木真乃,サマータイム！
櫻木真乃/【お揃いスナップ】櫻木真乃/サマータイム！.csv,64,3001005020630,真乃,"あっ、ふたりとも、そんなにお水かけたら
びしょびしょに──",櫻木真乃,【お揃いスナップ】櫻木真乃,サマータイム！
櫻木真乃/【お揃いスナップ】櫻木真乃/サマータイム！.csv,65,3001005020640,真乃,"……ふふっ
まぁ、今日くらいはいいよねっ",櫻木真乃,【お揃いスナップ】櫻木真乃,サマータイム！
櫻木真乃/【お揃いスナップ】櫻木真乃/サマータイム！.csv,66,3001005020650,真乃,──いくよっ、めぐるちゃん！,櫻木真乃,【お揃いスナップ】櫻木真乃,サマータイム！
櫻木真乃/【お揃いスナップ】櫻木真乃/サマータイム！.csv,71,3001005020700,真乃,"ほわ……うん、そうだね
楽しかったけどお仕事中だもんね",櫻木真乃,【お揃いスナップ】櫻木真乃,サマータイム！
櫻木真乃/【お揃いスナップ】櫻木真乃/サマータイム！.csv,73,3001005020720,真乃,うんっ,櫻木真乃,【お揃いスナップ】櫻木真乃,サマータイム！
櫻木真乃/【お揃いスナップ】櫻木真乃/サマータイム！.csv,74,3001005020730,真乃,"（……また、いつかふたりと……
こういうふうに遊べたら……いいな……！）",櫻木真乃,【お揃いスナップ】櫻木真乃,サマータイム！
櫻木真乃/【お揃いスナップ】櫻木真乃/サマータイム！.csv,75,3001005020740,真乃,ふふふっ,櫻木真乃,【お揃いスナップ】櫻木真乃,サマータイム！
櫻木真乃/【お揃いスナップ】櫻木真乃/夏と言えば…….csv,2,3001005010010,真乃,おはようございます,櫻木真乃,【お揃いスナップ】櫻木真乃,夏と言えば……
櫻木真乃/【お揃いスナップ】櫻木真乃/夏と言えば…….csv,3,3001005010020,真乃,"ほわぁ……
ひんやり、気持ちいい……",櫻木真乃,【お揃いスナップ】櫻木真乃,夏と言えば……
櫻木真乃/【お揃いスナップ】櫻木真乃/夏と言えば…….csv,5,3001005010040,真乃,"あ、灯織ちゃん、おはよう
うん、日差しが強くてたくさん汗かいちゃった",櫻木真乃,【お揃いスナップ】櫻木真乃,夏と言えば……
櫻木真乃/【お揃いスナップ】櫻木真乃/夏と言えば…….csv,6,3001005010050,真乃,"……まだ打ち合わせまで時間あるけど
灯織ちゃん早いね",櫻木真乃,【お揃いスナップ】櫻木真乃,夏と言えば……
櫻木真乃/【お揃いスナップ】櫻木真乃/夏と言えば…….csv,8,3001005010070,真乃,"そっか
私たち３人で雑誌の撮影のお仕事、だったよね",櫻木真乃,【お揃いスナップ】櫻木真乃,夏と言えば……
櫻木真乃/【お揃いスナップ】櫻木真乃/夏と言えば…….csv,9,3001005010080,真乃,"（お仕事がもらえたことも嬉しいけど……
３人で一緒にいられるのが、１番嬉しいな）",櫻木真乃,【お揃いスナップ】櫻木真乃,夏と言えば……
櫻木真乃/【お揃いスナップ】櫻木真乃/夏と言えば…….csv,10,3001005010090,真乃,ふふ……今年は楽しい夏になりそう,櫻木真乃,【お揃いスナップ】櫻木真乃,夏と言えば……
櫻木真乃/【お揃いスナップ】櫻木真乃/夏と言えば…….csv,12,3001005010110,真乃,"ほわ……そ、そうだねっ
一緒の思い出作りたいねっ",櫻木真乃,【お揃いスナップ】櫻木真乃,夏と言えば……
櫻木真乃/【お揃いスナップ】櫻木真乃/夏と言えば…….csv,16,3001005010150,真乃,"去年の夏……？
え、えっと…………",櫻木真乃,【お揃いスナップ】櫻木真乃,夏と言えば……
櫻木真乃/【お揃いスナップ】櫻木真乃/夏と言えば…….csv,17,3001005010160,真乃,"ピーちゃんと一緒に公園に行ったり
鳥さんを見に山までハイキングに行ったりしたよ",櫻木真乃,【お揃いスナップ】櫻木真乃,夏と言えば……
櫻木真乃/【お揃いスナップ】櫻木真乃/夏と言えば…….csv,18,3001005010170,真乃,"……あ、あれ？
あんまりいつもと変わらないかな？",櫻木真乃,【お揃いスナップ】櫻木真乃,夏と言えば……
櫻木真乃/【お揃いスナップ】櫻木真乃/夏と言えば…….csv,20,3001005010190,真乃,"そうかな？　あっ、でもね
夏休みだから、いつもより遠くの山まで行ってきたんだっ",櫻木真乃,【お揃いスナップ】櫻木真乃,夏と言えば……
櫻木真乃/【お揃いスナップ】櫻木真乃/夏と言えば…….csv,21,3001005010200,真乃,"いつもと違うところで色んな鳥さんにも会えて……
澄んだ空気の中にいたら、ほわぁって気持ちよかったよ",櫻木真乃,【お揃いスナップ】櫻木真乃,夏と言えば……
櫻木真乃/【お揃いスナップ】櫻木真乃/夏と言えば…….csv,23,3001005010220,真乃,"うんっ
夏に咲くお花も見れてとっても楽しかったな",櫻木真乃,【お揃いスナップ】櫻木真乃,夏と言えば……
櫻木真乃/【お揃いスナップ】櫻木真乃/夏と言えば…….csv,24,3001005010230,真乃,あっ、でも去年は……,櫻木真乃,【お揃いスナップ】櫻木真乃,夏と言えば……
櫻木真乃/【お揃いスナップ】櫻木真乃/夏と言えば…….csv,26,3001005010250,真乃,"私、うっかり日焼け止めを塗り忘れちゃってね
お風呂に入るたび痛くて……すっごく大変だったんだ",櫻木真乃,【お揃いスナップ】櫻木真乃,夏と言えば……
櫻木真乃/【お揃いスナップ】櫻木真乃/夏と言えば…….csv,27,3001005010260,真乃,あの時は、ヒリヒリして本当に痛かったなぁ,櫻木真乃,【お揃いスナップ】櫻木真乃,夏と言えば……
櫻木真乃/【お揃いスナップ】櫻木真乃/夏と言えば…….csv,30,3001005010290,真乃,ほ、ほわぁ……そ、そうだよね,櫻木真乃,【お揃いスナップ】櫻木真乃,夏と言えば……
櫻木真乃/【お揃いスナップ】櫻木真乃/夏と言えば…….csv,33,3001005010320,真乃,う、うん,櫻木真乃,【お揃いスナップ】櫻木真乃,夏と言えば……
櫻木真乃/【お揃いスナップ】櫻木真乃/夏と言えば…….csv,34,3001005010330,真乃,"（灯織ちゃん……
私のこと、すごく真剣に心配してくれたんだな……）",櫻木真乃,【お揃いスナップ】櫻木真乃,夏と言えば……
櫻木真乃/【お揃いスナップ】櫻木真乃/夏と言えば…….csv,35,3001005010340,真乃,……ふふ,櫻木真乃,【お揃いスナップ】櫻木真乃,夏と言えば……
櫻木真乃/【お揃いスナップ】櫻木真乃/夏と言えば…….csv,37,3001005010360,真乃,"ううん、なんでもないよ
……日焼け止めの特集って、どれかな？",櫻木真乃,【お揃いスナップ】櫻木真乃,夏と言えば……
櫻木真乃/【お揃いスナップ】櫻木真乃/夏と言えば…….csv,39,3001005010380,真乃,"ほんとだ。でも、日焼け止めって
いっぱい種類があるね……う～ん……",櫻木真乃,【お揃いスナップ】櫻木真乃,夏と言えば……
櫻木真乃/【お揃いスナップ】櫻木真乃/夏と言えば…….csv,41,3001005010400,真乃,そうだね、そうしてみようかな──,櫻木真乃,【お揃いスナップ】櫻木真乃,夏と言えば……
櫻木真乃/【お揃いスナップ】櫻木真乃/夏と言えば…….csv,42,3001005010410,真乃,あっ,櫻木真乃,【お揃いスナップ】櫻木真乃,夏と言えば……
櫻木真乃/【お揃いスナップ】櫻木真乃/夏と言えば…….csv,43,3001005010420,真乃,……この水着、とっても可愛い……,櫻木真乃,【お揃いスナップ】櫻木真乃,夏と言えば……
櫻木真乃/【お揃いスナップ】櫻木真乃/夏と言えば…….csv,46,3001005010450,真乃,"ほわ、
そ、そうかな……？",櫻木真乃,【お揃いスナップ】櫻木真乃,夏と言えば……
櫻木真乃/【お揃いスナップ】櫻木真乃/夏と言えば…….csv,47,3001005010460,真乃,"あ、こっちの水着は
灯織ちゃんに似合いそうだよ",櫻木真乃,【お揃いスナップ】櫻木真乃,夏と言えば……
櫻木真乃/【お揃いスナップ】櫻木真乃/夏と言えば…….csv,49,3001005010480,真乃,"ふふっ
こうして雑誌を見てると、新しいのが欲しくなっちゃうね",櫻木真乃,【お揃いスナップ】櫻木真乃,夏と言えば……
櫻木真乃/【お揃いスナップ】櫻木真乃/夏と言えば…….csv,51,3001005010500,真乃,"うん。身体の力を抜いて
ふわふわ浮いてるの、楽しいから",櫻木真乃,【お揃いスナップ】櫻木真乃,夏と言えば……
櫻木真乃/【お揃いスナップ】櫻木真乃/夏と言えば…….csv,53,3001005010520,真乃,"流れるプールとかも興味あるんだけど
今まで行く機会があんまりなくて……",櫻木真乃,【お揃いスナップ】櫻木真乃,夏と言えば……
櫻木真乃/【お揃いスナップ】櫻木真乃/夏と言えば…….csv,57,3001005010560,真乃,灯織ちゃん？,櫻木真乃,【お揃いスナップ】櫻木真乃,夏と言えば……
櫻木真乃/【お揃いスナップ】櫻木真乃/夏と言えば…….csv,64,3001005010620,真乃＆灯織,……え？,櫻木真乃,【お揃いスナップ】櫻木真乃,夏と言えば……
櫻木真乃/【お揃いスナップ】櫻木真乃/色褪せないもの.csv,2,3001005030010,真乃,灯織ちゃん、めぐるちゃん、おはよう,櫻木真乃,【お揃いスナップ】櫻木真乃,色褪せないもの
櫻木真乃/【お揃いスナップ】櫻木真乃/色褪せないもの.csv,5,3001005030040,真乃,えっ！？　ほ、ほわ……,櫻木真乃,【お揃いスナップ】櫻木真乃,色褪せないもの
櫻木真乃/【お揃いスナップ】櫻木真乃/色褪せないもの.csv,6,3001005030050,真乃,"あ……えっと、この前の写真が届いたんだね
私も見たいなっ",櫻木真乃,【お揃いスナップ】櫻木真乃,色褪せないもの
櫻木真乃/【お揃いスナップ】櫻木真乃/色褪せないもの.csv,8,3001005030070,真乃,ほわぁ……！　どの写真も綺麗……,櫻木真乃,【お揃いスナップ】櫻木真乃,色褪せないもの
櫻木真乃/【お揃いスナップ】櫻木真乃/色褪せないもの.csv,15,3001005030140,真乃,あっ、この写真……,櫻木真乃,【お揃いスナップ】櫻木真乃,色褪せないもの
櫻木真乃/【お揃いスナップ】櫻木真乃/色褪せないもの.csv,18,3001005030170,真乃,う、うん、えっとね……,櫻木真乃,【お揃いスナップ】櫻木真乃,色褪せないもの
櫻木真乃/【お揃いスナップ】櫻木真乃/色褪せないもの.csv,19,3001005030180,真乃,"私たちが本当に同じ学校だったら
こんな感じで遊んでたのかなって思って",櫻木真乃,【お揃いスナップ】櫻木真乃,色褪せないもの
櫻木真乃/【お揃いスナップ】櫻木真乃/色褪せないもの.csv,26,3001005030250,真乃,うん、私もめぐるちゃんの言う通りだと思う,櫻木真乃,【お揃いスナップ】櫻木真乃,色褪せないもの
櫻木真乃/【お揃いスナップ】櫻木真乃/色褪せないもの.csv,27,3001005030260,真乃,……,櫻木真乃,【お揃いスナップ】櫻木真乃,色褪せないもの
櫻木真乃/【お揃いスナップ】櫻木真乃/色褪せないもの.csv,28,3001005030270,真乃,"あ、あのねっ
今日、みんなに渡したいものがあるんだ",櫻木真乃,【お揃いスナップ】櫻木真乃,色褪せないもの
櫻木真乃/【お揃いスナップ】櫻木真乃/色褪せないもの.csv,30,3001005030290,真乃,これなんだけど……,櫻木真乃,【お揃いスナップ】櫻木真乃,色褪せないもの
櫻木真乃/【お揃いスナップ】櫻木真乃/色褪せないもの.csv,33,3001005030320,真乃,"うん……３人で一緒の制服着て撮った写真……
素敵だなって思ったから……",櫻木真乃,【お揃いスナップ】櫻木真乃,色褪せないもの
櫻木真乃/【お揃いスナップ】櫻木真乃/色褪せないもの.csv,34,3001005030330,真乃,せっかくだから、みんなにもって思って……,櫻木真乃,【お揃いスナップ】櫻木真乃,色褪せないもの
櫻木真乃/【お揃いスナップ】櫻木真乃/色褪せないもの.csv,37,3001005030360,真乃,"ほわぁ……
喜んでくれて良かった",櫻木真乃,【お揃いスナップ】櫻木真乃,色褪せないもの
櫻木真乃/【お揃いスナップ】櫻木真乃/色褪せないもの.csv,39,3001005030380,真乃,"うんっ
私もそう思ったの",櫻木真乃,【お揃いスナップ】櫻木真乃,色褪せないもの
櫻木真乃/【お揃いスナップ】櫻木真乃/色褪せないもの.csv,40,3001005030390,真乃,……ふふ,櫻木真乃,【お揃いスナップ】櫻木真乃,色褪せないもの
櫻木真乃/【お揃いスナップ】櫻木真乃/色褪せないもの.csv,41,3001005030400,真乃,…………,櫻木真乃,【お揃いスナップ】櫻木真乃,色褪せないもの
櫻木真乃/【お揃いスナップ】櫻木真乃/色褪せないもの.csv,42,3001005030401,真乃,もう１度、みんなでプールに行きたいな……,櫻木真乃,【お揃いスナップ】櫻木真乃,色褪せないもの
櫻木真乃/【お揃いスナップ】櫻木真乃/色褪せないもの.csv,44,3001005030420,真乃,"あ、ううんっ
なんでも──",櫻木真乃,【お揃いスナップ】櫻木真乃,色褪せないもの
櫻木真乃/【お揃いスナップ】櫻木真乃/色褪せないもの.csv,46,3001005030440,真乃,え……？,櫻木真乃,【お揃いスナップ】櫻木真乃,色褪せないもの
櫻木真乃/【お揃いスナップ】櫻木真乃/色褪せないもの.csv,53,3001005030510,真乃,ふふっ……！,櫻木真乃,【お揃いスナップ】櫻木真乃,色褪せないもの
櫻木真乃/【お揃いスナップ】櫻木真乃/色褪せないもの.csv,54,3001005030520,真乃,"（灯織ちゃんとめぐるちゃんと
夏休みにも遊べるなんて嬉しいなっ）",櫻木真乃,【お揃いスナップ】櫻木真乃,色褪せないもの
櫻木真乃/【お揃いスナップ】櫻木真乃/色褪せないもの.csv,55,3001005030530,真乃,プール楽しみだねっ,櫻木真乃,【お揃いスナップ】櫻木真乃,色褪せないもの
櫻木真乃/【きみと巡り行く】櫻木真乃/click.csv,6,2001017010010,真乃,はいっ、お疲れさまでした……っ,櫻木真乃,【きみと巡り行く】櫻木真乃,click
櫻木真乃/【きみと巡り行く】櫻木真乃/click.csv,7,2001017010020,真乃,"お散歩日和の、いいお天気で……っ
気持ちよく歩くことができました",櫻木真乃,【きみと巡り行く】櫻木真乃,click
櫻木真乃/【きみと巡り行く】櫻木真乃/click.csv,9,2001017010030,真乃,"はい
おうちのまわりとか、お店を見ながらとか……",櫻木真乃,【きみと巡り行く】櫻木真乃,click
櫻木真乃/【きみと巡り行く】櫻木真乃/click.csv,10,2001017010040,真乃,"川沿いや山の方の──……
自然が多いところに行くのも好きです",櫻木真乃,【きみと巡り行く】櫻木真乃,click
櫻木真乃/【きみと巡り行く】櫻木真乃/click.csv,12,2001017010050,真乃,とても楽しい撮影でした,櫻木真乃,【きみと巡り行く】櫻木真乃,click
櫻木真乃/【きみと巡り行く】櫻木真乃/click.csv,13,2001017010060,真乃,"お散歩の、うきうきする感じや、気分が変わる感じを──
みなさんにもお届けできる仕上がりになっていると思います",櫻木真乃,【きみと巡り行く】櫻木真乃,click
櫻木真乃/【きみと巡り行く】櫻木真乃/click.csv,14,2001017010070,真乃,よかったら、雑誌を読んでいただけるとうれしいです,櫻木真乃,【きみと巡り行く】櫻木真乃,click
櫻木真乃/【きみと巡り行く】櫻木真乃/click.csv,17,2001017010080,真乃,"このインタビューでは、
私物を公開するということで──……っ",櫻木真乃,【きみと巡り行く】櫻木真乃,click
櫻木真乃/【きみと巡り行く】櫻木真乃/click.csv,18,2001017010090,真乃,まずはカバンから,櫻木真乃,【きみと巡り行く】櫻木真乃,click
櫻木真乃/【きみと巡り行く】櫻木真乃/click.csv,20,2001017010100,真乃,ありがとうございます,櫻木真乃,【きみと巡り行く】櫻木真乃,click
櫻木真乃/【きみと巡り行く】櫻木真乃/click.csv,21,2001017010110,真乃,"このリュックは、一度、
買おうか迷っている間に売れてしまって……",櫻木真乃,【きみと巡り行く】櫻木真乃,click
櫻木真乃/【きみと巡り行く】櫻木真乃/click.csv,23,2001017010120,真乃,"はい
でも、違うお店でまた見つけることができて",櫻木真乃,【きみと巡り行く】櫻木真乃,click
櫻木真乃/【きみと巡り行く】櫻木真乃/click.csv,24,2001017010130,真乃,それで買うことができたものなんです……っ,櫻木真乃,【きみと巡り行く】櫻木真乃,click
櫻木真乃/【きみと巡り行く】櫻木真乃/click.csv,26,2001017010140,真乃,"ほわっ
き、きっと、たまたまの、ラッキーで……",櫻木真乃,【きみと巡り行く】櫻木真乃,click
櫻木真乃/【きみと巡り行く】櫻木真乃/click.csv,28,2001017010150,真乃,"あ、ありがとうございます……っ
……──続いて、中身にいきます……っ",櫻木真乃,【きみと巡り行く】櫻木真乃,click
櫻木真乃/【きみと巡り行く】櫻木真乃/click.csv,30,2001017010160,真乃,まずは筆箱と、ノート,櫻木真乃,【きみと巡り行く】櫻木真乃,click
櫻木真乃/【きみと巡り行く】櫻木真乃/click.csv,31,2001017010170,真乃,"それから──
タイトルはまだお伝えできないんですけれど、台本です",櫻木真乃,【きみと巡り行く】櫻木真乃,click
櫻木真乃/【きみと巡り行く】櫻木真乃/click.csv,34,2001017010180,真乃,"ふふ
発表を楽しみにしていただけたらうれしいです",櫻木真乃,【きみと巡り行く】櫻木真乃,click
櫻木真乃/【きみと巡り行く】櫻木真乃/click.csv,35,2001017010190,真乃,あとはハンカチと、ティッシュと──,櫻木真乃,【きみと巡り行く】櫻木真乃,click
櫻木真乃/【きみと巡り行く】櫻木真乃/click.csv,36,2001017010200,真乃,あっ、あと、飲み物も持っています,櫻木真乃,【きみと巡り行く】櫻木真乃,click
櫻木真乃/【きみと巡り行く】櫻木真乃/click.csv,39,2001017010210,真乃,は、はいっ,櫻木真乃,【きみと巡り行く】櫻木真乃,click
櫻木真乃/【きみと巡り行く】櫻木真乃/click.csv,40,2001017010220,真乃,"ピーちゃんという鳩さんがおうちにいて
ずっと一緒で──",櫻木真乃,【きみと巡り行く】櫻木真乃,click
櫻木真乃/【きみと巡り行く】櫻木真乃/click.csv,42,2001017010230,真乃,わ、わかります……っ,櫻木真乃,【きみと巡り行く】櫻木真乃,click
櫻木真乃/【きみと巡り行く】櫻木真乃/click.csv,44,2001017010240,真乃,次は──,櫻木真乃,【きみと巡り行く】櫻木真乃,click
櫻木真乃/【きみと巡り行く】櫻木真乃/click.csv,49,2001017010250,真乃,"これは、灯織ちゃんとめぐるちゃんと一緒に
クレーンゲームで取ったものなんですっ",櫻木真乃,【きみと巡り行く】櫻木真乃,click
櫻木真乃/【きみと巡り行く】櫻木真乃/click.csv,50,2001017010260,真乃,お買い物をしているお店にゲームコーナーがあって,櫻木真乃,【きみと巡り行く】櫻木真乃,click
櫻木真乃/【きみと巡り行く】櫻木真乃/click.csv,51,2001017010270,真乃,"最初はちょっとだけやってみようって
言っていたんですけれど、なかなか取れなくて……",櫻木真乃,【きみと巡り行く】櫻木真乃,click
櫻木真乃/【きみと巡り行く】櫻木真乃/click.csv,52,2001017010280,真乃,"みんなでお金を出し合って
３人分取れるまでやってしまいました……",櫻木真乃,【きみと巡り行く】櫻木真乃,click
櫻木真乃/【きみと巡り行く】櫻木真乃/click.csv,54,2001017010290,真乃,私のヒヨコさんはめぐるちゃんが取ってくれて,櫻木真乃,【きみと巡り行く】櫻木真乃,click
櫻木真乃/【きみと巡り行く】櫻木真乃/click.csv,55,2001017010300,真乃,"灯織ちゃんは猫さんを、
めぐるちゃんはうさぎさんを持っていますっ",櫻木真乃,【きみと巡り行く】櫻木真乃,click
櫻木真乃/【きみと巡り行く】櫻木真乃/click.csv,56,2001017010310,真乃,"これはフクロウさんの模様なんですけれど──
灯織ちゃんとめぐるちゃんとおそろいなんですっ",櫻木真乃,【きみと巡り行く】櫻木真乃,click
櫻木真乃/【きみと巡り行く】櫻木真乃/click.csv,57,2001017010320,真乃,"フクロウさんの『フク』は幸福の『福』の当て字が
使われることもあるって、ふたりが教えてくれて──",櫻木真乃,【きみと巡り行く】櫻木真乃,click
櫻木真乃/【きみと巡り行く】櫻木真乃/click.csv,58,2001017010330,真乃,"私たちのところにも『福』を呼び込めるようにって、
お願いしながら買いました",櫻木真乃,【きみと巡り行く】櫻木真乃,click
櫻木真乃/【きみと巡り行く】櫻木真乃/click.csv,60,2001017010340,真乃,"ふくふくしているところが
とっても可愛いフクロウさんだなと思っていて",櫻木真乃,【きみと巡り行く】櫻木真乃,click
櫻木真乃/【きみと巡り行く】櫻木真乃/click.csv,61,2001017010350,真乃,"たくさん使いたいんですけれど、
くたびれてしまうのも悲しいので……",櫻木真乃,【きみと巡り行く】櫻木真乃,click
櫻木真乃/【きみと巡り行く】櫻木真乃/click.csv,62,2001017010360,真乃,──大事に、使っています……っ,櫻木真乃,【きみと巡り行く】櫻木真乃,click
櫻木真乃/【きみと巡り行く】櫻木真乃/click.csv,63,2001017010370,真乃,ハンドクリームです,櫻木真乃,【きみと巡り行く】櫻木真乃,click
櫻木真乃/【きみと巡り行く】櫻木真乃/click.csv,64,2001017010380,真乃,"最初は、お仕事でお世話になっている方から
頂いたんですけれど──",櫻木真乃,【きみと巡り行く】櫻木真乃,click
櫻木真乃/【きみと巡り行く】櫻木真乃/click.csv,66,2001017010390,真乃,"やわらかくていい香りで……
自分でも買うようになりました",櫻木真乃,【きみと巡り行く】櫻木真乃,click
櫻木真乃/【きみと巡り行く】櫻木真乃/click.csv,68,2001017010400,真乃,お気に入りです……っ,櫻木真乃,【きみと巡り行く】櫻木真乃,click
櫻木真乃/【きみと巡り行く】櫻木真乃/いつものさがし.csv,4,2001017020010,真乃,"……？
プロデューサーさん……？",櫻木真乃,【きみと巡り行く】櫻木真乃,いつものさがし
櫻木真乃/【きみと巡り行く】櫻木真乃/いつものさがし.csv,6,2001017020020,真乃,はい,櫻木真乃,【きみと巡り行く】櫻木真乃,いつものさがし
櫻木真乃/【きみと巡り行く】櫻木真乃/いつものさがし.csv,7,2001017020030,真乃,プロデューサーさんは……,櫻木真乃,【きみと巡り行く】櫻木真乃,いつものさがし
櫻木真乃/【きみと巡り行く】櫻木真乃/いつものさがし.csv,9,2001017020040,真乃,"あ──
本当ですね……",櫻木真乃,【きみと巡り行く】櫻木真乃,いつものさがし
櫻木真乃/【きみと巡り行く】櫻木真乃/いつものさがし.csv,10,2001017020050,真乃,"あの……っ
プロデューサーさんさえご面倒でなければ",櫻木真乃,【きみと巡り行く】櫻木真乃,いつものさがし
櫻木真乃/【きみと巡り行く】櫻木真乃/いつものさがし.csv,11,2001017020060,真乃,別のお店にも行ってみませんか？,櫻木真乃,【きみと巡り行く】櫻木真乃,いつものさがし
櫻木真乃/【きみと巡り行く】櫻木真乃/いつものさがし.csv,14,2001017020070,真乃,いえ,櫻木真乃,【きみと巡り行く】櫻木真乃,いつものさがし
櫻木真乃/【きみと巡り行く】櫻木真乃/いつものさがし.csv,15,2001017020080,真乃,"この辺り、たくさんコンビニがありますし──
それに、お散歩は好きです",櫻木真乃,【きみと巡り行く】櫻木真乃,いつものさがし
櫻木真乃/【きみと巡り行く】櫻木真乃/いつものさがし.csv,16,2001017020090,真乃,次のお仕事まで、まだ時間もありますしっ,櫻木真乃,【きみと巡り行く】櫻木真乃,いつものさがし
櫻木真乃/【きみと巡り行く】櫻木真乃/いつものさがし.csv,19,2001017020100,真乃,はい……っ,櫻木真乃,【きみと巡り行く】櫻木真乃,いつものさがし
櫻木真乃/【きみと巡り行く】櫻木真乃/いつものさがし.csv,20,2001017020110,真乃,"──あっ、それじゃあ、
私の分を買ってきちゃいますね……っ",櫻木真乃,【きみと巡り行く】櫻木真乃,いつものさがし
櫻木真乃/【きみと巡り行く】櫻木真乃/いつものさがし.csv,22,2001017020111,真乃＆プロデューサー,はははっ,櫻木真乃,【きみと巡り行く】櫻木真乃,いつものさがし
櫻木真乃/【きみと巡り行く】櫻木真乃/いつものさがし.csv,24,2001017020120,真乃,今、みなさんの間でブームなんでしょうか……？,櫻木真乃,【きみと巡り行く】櫻木真乃,いつものさがし
櫻木真乃/【きみと巡り行く】櫻木真乃/いつものさがし.csv,26,2001017020130,真乃,そうですね……──,櫻木真乃,【きみと巡り行く】櫻木真乃,いつものさがし
櫻木真乃/【きみと巡り行く】櫻木真乃/いつものさがし.csv,28,2001017020140,真乃,いえ、私は全然……っ,櫻木真乃,【きみと巡り行く】櫻木真乃,いつものさがし
櫻木真乃/【きみと巡り行く】櫻木真乃/いつものさがし.csv,31,2001017020150,真乃,自販機……──,櫻木真乃,【きみと巡り行く】櫻木真乃,いつものさがし
櫻木真乃/【きみと巡り行く】櫻木真乃/いつものさがし.csv,32,2001017020160,真乃,"──あ、あのっ
少し待っていていただけますか……っ",櫻木真乃,【きみと巡り行く】櫻木真乃,いつものさがし
櫻木真乃/【きみと巡り行く】櫻木真乃/いつものさがし.csv,34,2001017020170,真乃,失礼します……っ,櫻木真乃,【きみと巡り行く】櫻木真乃,いつものさがし
櫻木真乃/【きみと巡り行く】櫻木真乃/いつものさがし.csv,36,2001017020180,真乃,あ、ありました……っ,櫻木真乃,【きみと巡り行く】櫻木真乃,いつものさがし
櫻木真乃/【きみと巡り行く】櫻木真乃/いつものさがし.csv,38,2001017020190,真乃,"そこの自販機に、
もしかしたらっていうのが見えたんです",櫻木真乃,【きみと巡り行く】櫻木真乃,いつものさがし
櫻木真乃/【きみと巡り行く】櫻木真乃/いつものさがし.csv,39,2001017020200,真乃,合っててよかった……っ,櫻木真乃,【きみと巡り行く】櫻木真乃,いつものさがし
櫻木真乃/【きみと巡り行く】櫻木真乃/いつものさがし.csv,44,2001017020210,真乃,私がやりたかったので……,櫻木真乃,【きみと巡り行く】櫻木真乃,いつものさがし
櫻木真乃/【きみと巡り行く】櫻木真乃/いつものさがし.csv,47,2001017020220,真乃,はいっ,櫻木真乃,【きみと巡り行く】櫻木真乃,いつものさがし
櫻木真乃/【きみと巡り行く】櫻木真乃/いつものさがし.csv,48,2001017020230,真乃,た、たまたまです……っ,櫻木真乃,【きみと巡り行く】櫻木真乃,いつものさがし
櫻木真乃/【きみと巡り行く】櫻木真乃/いつものさがし.csv,49,2001017020240,真乃,"たまたまなんですけれど……
でも、ちょっとだけ──",櫻木真乃,【きみと巡り行く】櫻木真乃,いつものさがし
櫻木真乃/【きみと巡り行く】櫻木真乃/いつものさがし.csv,50,2001017020250,真乃,自分に、『よし……っ』と思いました,櫻木真乃,【きみと巡り行く】櫻木真乃,いつものさがし
櫻木真乃/【きみと巡り行く】櫻木真乃/いつものさがし.csv,53,2001017020260,真乃,い、いえ……っ,櫻木真乃,【きみと巡り行く】櫻木真乃,いつものさがし
櫻木真乃/【きみと巡り行く】櫻木真乃/いつものさがし.csv,54,2001017020270,真乃,"遠目なので、合っているか自信がなくて
だから",櫻木真乃,【きみと巡り行く】櫻木真乃,いつものさがし
櫻木真乃/【きみと巡り行く】櫻木真乃/いつものさがし.csv,55,2001017020280,真乃,気にしないでください……っ,櫻木真乃,【きみと巡り行く】櫻木真乃,いつものさがし
櫻木真乃/【きみと巡り行く】櫻木真乃/とくん・向こう側.csv,2,2001017110010,真乃,"『──こだわりの黒蜜を使った白玉クリームあんみつは
お店でも一番の人気商品とのことです』",櫻木真乃,【きみと巡り行く】櫻木真乃,とくん・向こう側
櫻木真乃/【きみと巡り行く】櫻木真乃/とくん・向こう側.csv,3,2001017110020,真乃,『ロアくんも食べてみてくださ──』,櫻木真乃,【きみと巡り行く】櫻木真乃,とくん・向こう側
櫻木真乃/【きみと巡り行く】櫻木真乃/とくん・向こう側.csv,5,2001017110030,真乃,『わ、お口のまわりについてるよ……っ』,櫻木真乃,【きみと巡り行く】櫻木真乃,とくん・向こう側
櫻木真乃/【きみと巡り行く】櫻木真乃/とくん・向こう側.csv,6,2001017110040,真乃,『今取るね』,櫻木真乃,【きみと巡り行く】櫻木真乃,とくん・向こう側
櫻木真乃/【きみと巡り行く】櫻木真乃/とくん・向こう側.csv,8,2001017110050,真乃,『ふふっ、たくさん食べてね』,櫻木真乃,【きみと巡り行く】櫻木真乃,とくん・向こう側
櫻木真乃/【きみと巡り行く】櫻木真乃/とくん・向こう側.csv,18,2001017110060,真乃,『お疲れさまです、プロデューサーさん……っ』,櫻木真乃,【きみと巡り行く】櫻木真乃,とくん・向こう側
櫻木真乃/【きみと巡り行く】櫻木真乃/とくん・向こう側.csv,20,2001017110070,真乃,『あ、あの……メッセ……っ』,櫻木真乃,【きみと巡り行く】櫻木真乃,とくん・向こう側
櫻木真乃/【きみと巡り行く】櫻木真乃/とくん・向こう側.csv,21,2001017110080,真乃,『メッセージを、ありがとうございました……っ』,櫻木真乃,【きみと巡り行く】櫻木真乃,とくん・向こう側
櫻木真乃/【きみと巡り行く】櫻木真乃/とくん・向こう側.csv,22,2001017110090,真乃,"『リアルタイム……でしたよね……？
お時間を割いていただいて……』",櫻木真乃,【きみと巡り行く】櫻木真乃,とくん・向こう側
櫻木真乃/【きみと巡り行く】櫻木真乃/とくん・向こう側.csv,26,2001017110100,真乃,『……はい』,櫻木真乃,【きみと巡り行く】櫻木真乃,とくん・向こう側
櫻木真乃/【きみと巡り行く】櫻木真乃/とくん・向こう側.csv,28,2001017110110,真乃,『……？』,櫻木真乃,【きみと巡り行く】櫻木真乃,とくん・向こう側
櫻木真乃/【きみと巡り行く】櫻木真乃/とくん・向こう側.csv,30,2001017110120,真乃,『ほわ……っ』,櫻木真乃,【きみと巡り行く】櫻木真乃,とくん・向こう側
櫻木真乃/【きみと巡り行く】櫻木真乃/とくん・向こう側.csv,31,2001017110130,真乃,"『あ、えっと……っ
少し待ってください……っ』",櫻木真乃,【きみと巡り行く】櫻木真乃,とくん・向こう側
櫻木真乃/【きみと巡り行く】櫻木真乃/とくん・向こう側.csv,32,2001017110140,真乃,『だ、大丈夫です……っ』,櫻木真乃,【きみと巡り行く】櫻木真乃,とくん・向こう側
櫻木真乃/【きみと巡り行く】櫻木真乃/とくん・向こう側.csv,35,2001017110150,真乃,"『は、はい……っ
プロデューサーさん……っ』",櫻木真乃,【きみと巡り行く】櫻木真乃,とくん・向こう側
櫻木真乃/【きみと巡り行く】櫻木真乃/とくん・向こう側.csv,36,2001017110160,真乃,"『あの……すみません……っ
カメラありなのは……恥ずかしいですね……っ』",櫻木真乃,【きみと巡り行く】櫻木真乃,とくん・向こう側
櫻木真乃/【きみと巡り行く】櫻木真乃/とくん・向こう側.csv,38,2001017110170,真乃,『い、いえっ』,櫻木真乃,【きみと巡り行く】櫻木真乃,とくん・向こう側
櫻木真乃/【きみと巡り行く】櫻木真乃/とくん・向こう側.csv,39,2001017110180,真乃,"『慣れていないだけなので……
よ、よろしくお願いします……っ』",櫻木真乃,【きみと巡り行く】櫻木真乃,とくん・向こう側
櫻木真乃/【きみと巡り行く】櫻木真乃/はじめて、まねっこ.csv,2,2001017040010,真乃,…………,櫻木真乃,【きみと巡り行く】櫻木真乃,はじめて、まねっこ
櫻木真乃/【きみと巡り行く】櫻木真乃/はじめて、まねっこ.csv,3,2001017040020,真乃,…………,櫻木真乃,【きみと巡り行く】櫻木真乃,はじめて、まねっこ
櫻木真乃/【きみと巡り行く】櫻木真乃/はじめて、まねっこ.csv,4,2001017040030,真乃,『ロアくんも食べてみてください』,櫻木真乃,【きみと巡り行く】櫻木真乃,はじめて、まねっこ
櫻木真乃/【きみと巡り行く】櫻木真乃/はじめて、まねっこ.csv,5,2001017040040,真乃,『おいしい！』,櫻木真乃,【きみと巡り行く】櫻木真乃,はじめて、まねっこ
櫻木真乃/【きみと巡り行く】櫻木真乃/はじめて、まねっこ.csv,6,2001017040050,真乃,…………,櫻木真乃,【きみと巡り行く】櫻木真乃,はじめて、まねっこ
櫻木真乃/【きみと巡り行く】櫻木真乃/はじめて、まねっこ.csv,10,2001017040060,真乃,は、はいっ,櫻木真乃,【きみと巡り行く】櫻木真乃,はじめて、まねっこ
櫻木真乃/【きみと巡り行く】櫻木真乃/はじめて、まねっこ.csv,13,2001017040070,真乃,プロデューサーさん……,櫻木真乃,【きみと巡り行く】櫻木真乃,はじめて、まねっこ
櫻木真乃/【きみと巡り行く】櫻木真乃/はじめて、まねっこ.csv,14,2001017040080,真乃,次のお仕事は、初めてのことなので……,櫻木真乃,【きみと巡り行く】櫻木真乃,はじめて、まねっこ
櫻木真乃/【きみと巡り行く】櫻木真乃/はじめて、まねっこ.csv,16,2001017040090,真乃,"はい、でも……
ロアくんと一緒は、初めてです",櫻木真乃,【きみと巡り行く】櫻木真乃,はじめて、まねっこ
櫻木真乃/【きみと巡り行く】櫻木真乃/はじめて、まねっこ.csv,17,2001017040100,真乃,"ひとりでやるのとも、
他の方とご一緒させていただくのとも違うなって……",櫻木真乃,【きみと巡り行く】櫻木真乃,はじめて、まねっこ
櫻木真乃/【きみと巡り行く】櫻木真乃/はじめて、まねっこ.csv,18,2001017040110,真乃,"ちゃんとロアくんと話しながら歩いているように
するためには、練習しなきゃって",櫻木真乃,【きみと巡り行く】櫻木真乃,はじめて、まねっこ
櫻木真乃/【きみと巡り行く】櫻木真乃/はじめて、まねっこ.csv,23,2001017040120,真乃,"それに……ロアくんにも、見てくださっている方にも
きちんと届く言葉にしないといけません",櫻木真乃,【きみと巡り行く】櫻木真乃,はじめて、まねっこ
櫻木真乃/【きみと巡り行く】櫻木真乃/はじめて、まねっこ.csv,29,2001017040130,真乃,"……っ
は、はい……っ",櫻木真乃,【きみと巡り行く】櫻木真乃,はじめて、まねっこ
櫻木真乃/【きみと巡り行く】櫻木真乃/はじめて、まねっこ.csv,31,2001017040140,真乃,え──,櫻木真乃,【きみと巡り行く】櫻木真乃,はじめて、まねっこ
櫻木真乃/【きみと巡り行く】櫻木真乃/はじめて、まねっこ.csv,34,2001017040150,真乃,……っ,櫻木真乃,【きみと巡り行く】櫻木真乃,はじめて、まねっこ
櫻木真乃/【きみと巡り行く】櫻木真乃/はじめて、まねっこ.csv,38,2001017040160,真乃,……──はい、ふふ……,櫻木真乃,【きみと巡り行く】櫻木真乃,はじめて、まねっこ
櫻木真乃/【きみと巡り行く】櫻木真乃/はじめて、まねっこ.csv,41,2001017040190,真乃,……プロデューサーさんの、まねっこです,櫻木真乃,【きみと巡り行く】櫻木真乃,はじめて、まねっこ
櫻木真乃/【きみと巡り行く】櫻木真乃/はじめて、まねっこ.csv,42,2001017040200,真乃,……ふふ,櫻木真乃,【きみと巡り行く】櫻木真乃,はじめて、まねっこ
櫻木真乃/【きみと巡り行く】櫻木真乃/はじめて、まねっこ.csv,44,2001017040210,真乃,"プロデューサーさんとロアくんが
教えてくれたみたいに",櫻木真乃,【きみと巡り行く】櫻木真乃,はじめて、まねっこ
櫻木真乃/【きみと巡り行く】櫻木真乃/はじめて、まねっこ.csv,45,2001017040220,真乃,心配しないで、話してみます,櫻木真乃,【きみと巡り行く】櫻木真乃,はじめて、まねっこ
櫻木真乃/【きみと巡り行く】櫻木真乃/はじめて、まねっこ.csv,47,2001017040230,真乃,"……あの
なので、もし、お願いができたら──",櫻木真乃,【きみと巡り行く】櫻木真乃,はじめて、まねっこ
櫻木真乃/【きみと巡り行く】櫻木真乃/はじめて、まねっこ.csv,48,2001017040240,真乃,"プロデューサーさんのロアくんに
練習を手伝ってもらえたらうれしいです",櫻木真乃,【きみと巡り行く】櫻木真乃,はじめて、まねっこ
櫻木真乃/【きみと巡り行く】櫻木真乃/返.csv,5,2001017030010,真乃,『真乃ちゃんとおそろいの、鳩さんの筆箱を買いました』,櫻木真乃,【きみと巡り行く】櫻木真乃,返
櫻木真乃/【きみと巡り行く】櫻木真乃/返.csv,6,2001017030020,真乃,『大事に使おうと思います』──,櫻木真乃,【きみと巡り行く】櫻木真乃,返
櫻木真乃/【きみと巡り行く】櫻木真乃/返.csv,9,2001017030030,真乃,はい……っ,櫻木真乃,【きみと巡り行く】櫻木真乃,返
櫻木真乃/【きみと巡り行く】櫻木真乃/返.csv,10,2001017030040,真乃,"こんなに……
反応を頂けるものなんですね……っ",櫻木真乃,【きみと巡り行く】櫻木真乃,返
櫻木真乃/【きみと巡り行く】櫻木真乃/返.csv,12,2001017030050,真乃,……はい,櫻木真乃,【きみと巡り行く】櫻木真乃,返
櫻木真乃/【きみと巡り行く】櫻木真乃/返.csv,13,2001017030060,真乃,"私、私物公開のお話を頂いた時は
少し恥ずかしくて",櫻木真乃,【きみと巡り行く】櫻木真乃,返
櫻木真乃/【きみと巡り行く】櫻木真乃/返.csv,14,2001017030070,真乃,"変な中身じゃないかな、とか
リュックの中を整理しなきゃ……とか",櫻木真乃,【きみと巡り行く】櫻木真乃,返
櫻木真乃/【きみと巡り行く】櫻木真乃/返.csv,15,2001017030080,真乃,そういうことばかり考えてしまったんですけれど,櫻木真乃,【きみと巡り行く】櫻木真乃,返
櫻木真乃/【きみと巡り行く】櫻木真乃/返.csv,16,2001017030090,真乃,"ファンのみなさんは、同じものを探してくださったり、
おそろいだよって教えてくださったり",櫻木真乃,【きみと巡り行く】櫻木真乃,返
櫻木真乃/【きみと巡り行く】櫻木真乃/返.csv,17,2001017030100,真乃,そういうことができるようになる企画だったんだ、って,櫻木真乃,【きみと巡り行く】櫻木真乃,返
櫻木真乃/【きみと巡り行く】櫻木真乃/返.csv,18,2001017030110,真乃,"……ぁ、すみません……っ
いまさらですよね……っ",櫻木真乃,【きみと巡り行く】櫻木真乃,返
櫻木真乃/【きみと巡り行く】櫻木真乃/返.csv,22,2001017030120,真乃,"とても……
ありがたいな、って思いました",櫻木真乃,【きみと巡り行く】櫻木真乃,返
櫻木真乃/【きみと巡り行く】櫻木真乃/返.csv,23,2001017030130,真乃,それから──,櫻木真乃,【きみと巡り行く】櫻木真乃,返
櫻木真乃/【きみと巡り行く】櫻木真乃/返.csv,24,2001017030140,真乃,"私も、灯織ちゃんとめぐるちゃんとおそろいにする時、
いつもうれしくなるので……っ",櫻木真乃,【きみと巡り行く】櫻木真乃,返
櫻木真乃/【きみと巡り行く】櫻木真乃/返.csv,25,2001017030150,真乃,"今、ファンのみなさんも、
そういう気持ちになってくださってるんだとしたら",櫻木真乃,【きみと巡り行く】櫻木真乃,返
櫻木真乃/【きみと巡り行く】櫻木真乃/返.csv,26,2001017030160,真乃,とっても、いいなって……,櫻木真乃,【きみと巡り行く】櫻木真乃,返
櫻木真乃/【きみと巡り行く】櫻木真乃/返.csv,29,2001017030170,真乃,……,櫻木真乃,【きみと巡り行く】櫻木真乃,返
櫻木真乃/【きみと巡り行く】櫻木真乃/返.csv,30,2001017030180,真乃,パフォーマンスだけじゃなくて……,櫻木真乃,【きみと巡り行く】櫻木真乃,返
櫻木真乃/【きみと巡り行く】櫻木真乃/返.csv,31,2001017030190,真乃,"こういうことでも
お返しはできるんですね……──",櫻木真乃,【きみと巡り行く】櫻木真乃,返
櫻木真乃/【きみと巡り行く】櫻木真乃/返.csv,35,2001017030200,真乃,……はい,櫻木真乃,【きみと巡り行く】櫻木真乃,返
櫻木真乃/【きみと巡り行く】櫻木真乃/返.csv,39,2001017030210,真乃,"そうだといいな、って思います
でも──",櫻木真乃,【きみと巡り行く】櫻木真乃,返
櫻木真乃/【きみと巡り行く】櫻木真乃/返.csv,40,2001017030220,真乃,きっと、一番喜んでいるのは私です,櫻木真乃,【きみと巡り行く】櫻木真乃,返
櫻木真乃/【きみと巡り行く】櫻木真乃/返.csv,43,2001017030230,真乃,ふふっ、はい,櫻木真乃,【きみと巡り行く】櫻木真乃,返
櫻木真乃/【きみと巡り行く】櫻木真乃/返.csv,45,2001017030240,真乃,……魔法……──,櫻木真乃,【きみと巡り行く】櫻木真乃,返
櫻木真乃/【きみと巡り行く】櫻木真乃/返.csv,49,2001017030250,真乃,はいっ,櫻木真乃,【きみと巡り行く】櫻木真乃,返
櫻木真乃/【きみと巡り行く】櫻木真乃/返.csv,51,2001017030260,真乃,"ほわっ？
ど、どんなものですか……？",櫻木真乃,【きみと巡り行く】櫻木真乃,返
櫻木真乃/【きみと巡り行く】櫻木真乃/返.csv,54,2001017030270,真乃,か、可愛いです……っ,櫻木真乃,【きみと巡り行く】櫻木真乃,返
櫻木真乃/【きみと巡り行く】櫻木真乃/返.csv,55,2001017030280,真乃,ふふ,櫻木真乃,【きみと巡り行く】櫻木真乃,返
櫻木真乃/【ぐうぜんBOOKS】櫻木真乃/お腹が…….csv,4,2001005020010,真乃,"はい、私は大丈夫ですっ。色んなところを回れて、
とっても楽しかったです",櫻木真乃,【ぐうぜんBOOKS】櫻木真乃,お腹が……
櫻木真乃/【ぐうぜんBOOKS】櫻木真乃/お腹が…….csv,7,2001005020020,真乃,ありがとうございます、プロデューサーさん,櫻木真乃,【ぐうぜんBOOKS】櫻木真乃,お腹が……
櫻木真乃/【ぐうぜんBOOKS】櫻木真乃/お腹が…….csv,8,2001005020030,真乃,"……あ
いい匂い……",櫻木真乃,【ぐうぜんBOOKS】櫻木真乃,お腹が……
櫻木真乃/【ぐうぜんBOOKS】櫻木真乃/お腹が…….csv,10,2001005020040,真乃,"あ、いえ
とっても美味しそうな匂いがしたので……",櫻木真乃,【ぐうぜんBOOKS】櫻木真乃,お腹が……
櫻木真乃/【ぐうぜんBOOKS】櫻木真乃/お腹が…….csv,12,2001005020050,真乃,"あっ
えっと……これは、その……",櫻木真乃,【ぐうぜんBOOKS】櫻木真乃,お腹が……
櫻木真乃/【ぐうぜんBOOKS】櫻木真乃/お腹が…….csv,17,2001005020060,真乃,"あれ？
プロデューサーさんもですか……？",櫻木真乃,【ぐうぜんBOOKS】櫻木真乃,お腹が……
櫻木真乃/【ぐうぜんBOOKS】櫻木真乃/お腹が…….csv,19,2001005020070,真乃,は、はい……そ、そうですね,櫻木真乃,【ぐうぜんBOOKS】櫻木真乃,お腹が……
櫻木真乃/【ぐうぜんBOOKS】櫻木真乃/お腹が…….csv,22,2001005020080,真乃,"ほわっ。そうなんですか……？
ちょっぴり意外です",櫻木真乃,【ぐうぜんBOOKS】櫻木真乃,お腹が……
櫻木真乃/【ぐうぜんBOOKS】櫻木真乃/お腹が…….csv,25,2001005020090,真乃,た、確かにそうかもしれません……,櫻木真乃,【ぐうぜんBOOKS】櫻木真乃,お腹が……
櫻木真乃/【ぐうぜんBOOKS】櫻木真乃/お腹が…….csv,26,2001005020100,真乃,"……あのっプロデューサーさん
私、実はお腹ぺこぺこで……",櫻木真乃,【ぐうぜんBOOKS】櫻木真乃,お腹が……
櫻木真乃/【ぐうぜんBOOKS】櫻木真乃/お腹が…….csv,27,2001005020110,真乃,良かったら、一緒にご飯食べに行きませんか……？,櫻木真乃,【ぐうぜんBOOKS】櫻木真乃,お腹が……
櫻木真乃/【ぐうぜんBOOKS】櫻木真乃/お腹が…….csv,29,2001005020120,真乃,"えっ？　いえっ
無理してたわけじゃないんです……",櫻木真乃,【ぐうぜんBOOKS】櫻木真乃,お腹が……
櫻木真乃/【ぐうぜんBOOKS】櫻木真乃/お腹が…….csv,31,2001005020130,真乃,"い、いえっ……
実は……その……",櫻木真乃,【ぐうぜんBOOKS】櫻木真乃,お腹が……
櫻木真乃/【ぐうぜんBOOKS】櫻木真乃/お腹が…….csv,32,2001005020140,真乃,"とっても美味しそうな匂いがして
お腹が反応してしまっただけなので……あの……",櫻木真乃,【ぐうぜんBOOKS】櫻木真乃,お腹が……
櫻木真乃/【ぐうぜんBOOKS】櫻木真乃/お腹が…….csv,34,2001005020150,真乃,……,櫻木真乃,【ぐうぜんBOOKS】櫻木真乃,お腹が……
櫻木真乃/【ぐうぜんBOOKS】櫻木真乃/お腹が…….csv,36,2001005020160,真乃,"……でも、お腹が鳴るのは健康な証拠だって聞きました
別に、恥ずかしがることなんてないですよねっ",櫻木真乃,【ぐうぜんBOOKS】櫻木真乃,お腹が……
櫻木真乃/【ぐうぜんBOOKS】櫻木真乃/お腹が…….csv,38,2001005020170,真乃,"それに、お腹が空っぽの時に食べるご飯は
とっても美味しくて幸せな気分になりますっ",櫻木真乃,【ぐうぜんBOOKS】櫻木真乃,お腹が……
櫻木真乃/【ぐうぜんBOOKS】櫻木真乃/お腹が…….csv,40,2001005020180,真乃,はいっ,櫻木真乃,【ぐうぜんBOOKS】櫻木真乃,お腹が……
櫻木真乃/【ぐうぜんBOOKS】櫻木真乃/お腹が…….csv,41,2001005020190,真乃,"え……？
そ、そうですか……？",櫻木真乃,【ぐうぜんBOOKS】櫻木真乃,お腹が……
櫻木真乃/【ぐうぜんBOOKS】櫻木真乃/お腹が…….csv,44,2001005020200,真乃,……ありがとうございます、プロデューサーさん,櫻木真乃,【ぐうぜんBOOKS】櫻木真乃,お腹が……
櫻木真乃/【ぐうぜんBOOKS】櫻木真乃/お腹が…….csv,45,2001005020210,真乃,"じゃあ、私、たくさんご飯を食べて
またいっぱいお仕事頑張りますっ",櫻木真乃,【ぐうぜんBOOKS】櫻木真乃,お腹が……
櫻木真乃/【ぐうぜんBOOKS】櫻木真乃/お腹が…….csv,46,2001005020220,真乃,そして、もっといっぱいお腹を空かせますねっ,櫻木真乃,【ぐうぜんBOOKS】櫻木真乃,お腹が……
櫻木真乃/【ぐうぜんBOOKS】櫻木真乃/お腹が…….csv,50,2001005020230,真乃,"ふふっ。プロデューサーさんのお腹も
何か食べたいって言ってるみたいです",櫻木真乃,【ぐうぜんBOOKS】櫻木真乃,お腹が……
櫻木真乃/【ぐうぜんBOOKS】櫻木真乃/お腹が…….csv,51,2001005020240,真乃,"もう１回頑張るためにも
まずはご飯を食べてから、ですねっ",櫻木真乃,【ぐうぜんBOOKS】櫻木真乃,お腹が……
櫻木真乃/【ぐうぜんBOOKS】櫻木真乃/想いが重なる瞬間.csv,9,2001005010030,真乃,"あれ……？
プロデューサーさん……？",櫻木真乃,【ぐうぜんBOOKS】櫻木真乃,想いが重なる瞬間
櫻木真乃/【ぐうぜんBOOKS】櫻木真乃/想いが重なる瞬間.csv,11,2001005010040,真乃,そ、そうですね……,櫻木真乃,【ぐうぜんBOOKS】櫻木真乃,想いが重なる瞬間
櫻木真乃/【ぐうぜんBOOKS】櫻木真乃/想いが重なる瞬間.csv,12,2001005010050,真乃,"さっき手が当たっちゃったの
プロデューサーさんだったんだ……",櫻木真乃,【ぐうぜんBOOKS】櫻木真乃,想いが重なる瞬間
櫻木真乃/【ぐうぜんBOOKS】櫻木真乃/想いが重なる瞬間.csv,14,2001005010060,真乃,"あっ……！　い、いえっ
なんでもないです",櫻木真乃,【ぐうぜんBOOKS】櫻木真乃,想いが重なる瞬間
櫻木真乃/【ぐうぜんBOOKS】櫻木真乃/想いが重なる瞬間.csv,17,2001005010070,真乃,"はい、そうなんです
……プロデューサーさんもですか？",櫻木真乃,【ぐうぜんBOOKS】櫻木真乃,想いが重なる瞬間
櫻木真乃/【ぐうぜんBOOKS】櫻木真乃/想いが重なる瞬間.csv,20,2001005010080,真乃,そ、そうだったんですね……,櫻木真乃,【ぐうぜんBOOKS】櫻木真乃,想いが重なる瞬間
櫻木真乃/【ぐうぜんBOOKS】櫻木真乃/想いが重なる瞬間.csv,22,2001005010090,真乃,"はい……。それもあるんですけれど
この前の撮影で、気になることがあったので……",櫻木真乃,【ぐうぜんBOOKS】櫻木真乃,想いが重なる瞬間
櫻木真乃/【ぐうぜんBOOKS】櫻木真乃/想いが重なる瞬間.csv,24,2001005010100,真乃,"えっと……私、みんなに比べて
あんまり自然に笑えてない気がしていて……",櫻木真乃,【ぐうぜんBOOKS】櫻木真乃,想いが重なる瞬間
櫻木真乃/【ぐうぜんBOOKS】櫻木真乃/想いが重なる瞬間.csv,25,2001005010110,真乃,"だから、色んな写真を見て
自分なりに勉強をしてみようと思ったんです",櫻木真乃,【ぐうぜんBOOKS】櫻木真乃,想いが重なる瞬間
櫻木真乃/【ぐうぜんBOOKS】櫻木真乃/想いが重なる瞬間.csv,27,2001005010120,真乃,"い、いえ……！　そんなっ
プ、プロデューサーさんほどじゃありません",櫻木真乃,【ぐうぜんBOOKS】櫻木真乃,想いが重なる瞬間
櫻木真乃/【ぐうぜんBOOKS】櫻木真乃/想いが重なる瞬間.csv,30,2001005010130,真乃,ふふ、私もビックリしちゃいました,櫻木真乃,【ぐうぜんBOOKS】櫻木真乃,想いが重なる瞬間
櫻木真乃/【ぐうぜんBOOKS】櫻木真乃/想いが重なる瞬間.csv,31,2001005010140,真乃,"プロデューサーさんともお会いできましたし
この本屋さんに来て正解でした",櫻木真乃,【ぐうぜんBOOKS】櫻木真乃,想いが重なる瞬間
櫻木真乃/【ぐうぜんBOOKS】櫻木真乃/想いが重なる瞬間.csv,34,2001005010150,真乃,はいっ、そうですね,櫻木真乃,【ぐうぜんBOOKS】櫻木真乃,想いが重なる瞬間
櫻木真乃/【ぐうぜんBOOKS】櫻木真乃/想いが重なる瞬間.csv,35,2001005010160,真乃,ふぅ……ちゃんと買えて良かったです,櫻木真乃,【ぐうぜんBOOKS】櫻木真乃,想いが重なる瞬間
櫻木真乃/【ぐうぜんBOOKS】櫻木真乃/想いが重なる瞬間.csv,37,2001005010170,真乃,"今日は１日お休みなので
この雑誌を見て勉強をしようって思います",櫻木真乃,【ぐうぜんBOOKS】櫻木真乃,想いが重なる瞬間
櫻木真乃/【ぐうぜんBOOKS】櫻木真乃/想いが重なる瞬間.csv,39,2001005010180,真乃,はいっ,櫻木真乃,【ぐうぜんBOOKS】櫻木真乃,想いが重なる瞬間
櫻木真乃/【ぐうぜんBOOKS】櫻木真乃/想いが重なる瞬間.csv,40,2001005010190,真乃,…………,櫻木真乃,【ぐうぜんBOOKS】櫻木真乃,想いが重なる瞬間
櫻木真乃/【ぐうぜんBOOKS】櫻木真乃/想いが重なる瞬間.csv,41,2001005010200,真乃,"……あのっ
プロデューサーさんっ",櫻木真乃,【ぐうぜんBOOKS】櫻木真乃,想いが重なる瞬間
櫻木真乃/【ぐうぜんBOOKS】櫻木真乃/想いが重なる瞬間.csv,43,2001005010210,真乃,"えっと……
この後、お時間ってありますか？",櫻木真乃,【ぐうぜんBOOKS】櫻木真乃,想いが重なる瞬間
櫻木真乃/【ぐうぜんBOOKS】櫻木真乃/想いが重なる瞬間.csv,45,2001005010220,真乃,"本当ですかっ、それなら……あの……
一緒に雑誌を見ながら、お話ししたいんです……っ",櫻木真乃,【ぐうぜんBOOKS】櫻木真乃,想いが重なる瞬間
櫻木真乃/【ぐうぜんBOOKS】櫻木真乃/想いが重なる瞬間.csv,46,2001005010230,真乃,"アイドルとしての自然な笑顔ってどんなのか、
プロデューサーさんに聞いてみたくて……",櫻木真乃,【ぐうぜんBOOKS】櫻木真乃,想いが重なる瞬間
櫻木真乃/【ぐうぜんBOOKS】櫻木真乃/想いが重なる瞬間.csv,48,2001005010240,真乃,"……で、でも
忙しかったら大丈夫ですっ",櫻木真乃,【ぐうぜんBOOKS】櫻木真乃,想いが重なる瞬間
櫻木真乃/【ぐうぜんBOOKS】櫻木真乃/想いが重なる瞬間.csv,50,2001005010250,真乃,"ほわぁ……。ありがとうございますっ
プロデューサーさんっ",櫻木真乃,【ぐうぜんBOOKS】櫻木真乃,想いが重なる瞬間
櫻木真乃/【ぐうぜんBOOKS】櫻木真乃/想いが重なる瞬間.csv,51,2001005010260,真乃,"ふふっ、どんなアドバイスがもらえるのか
とっても楽しみですっ",櫻木真乃,【ぐうぜんBOOKS】櫻木真乃,想いが重なる瞬間
櫻木真乃/【ぐうぜんBOOKS】櫻木真乃/想いが重なる瞬間.csv,55,2001005010270,真乃,行きましょう、プロデューサーさんっ,櫻木真乃,【ぐうぜんBOOKS】櫻木真乃,想いが重なる瞬間
櫻木真乃/【ぐうぜんBOOKS】櫻木真乃/癒して、癒されて.csv,2,2001005110010,真乃,ん～……！,櫻木真乃,【ぐうぜんBOOKS】櫻木真乃,癒して、癒されて
櫻木真乃/【ぐうぜんBOOKS】櫻木真乃/癒して、癒されて.csv,3,2001005110020,真乃,空気がとっても美味しいですっ,櫻木真乃,【ぐうぜんBOOKS】櫻木真乃,癒して、癒されて
櫻木真乃/【ぐうぜんBOOKS】櫻木真乃/癒して、癒されて.csv,5,2001005110030,真乃,"はい、私も全然知りませんでした
木漏れ日がキラキラしてとっても綺麗ですっ",櫻木真乃,【ぐうぜんBOOKS】櫻木真乃,癒して、癒されて
櫻木真乃/【ぐうぜんBOOKS】櫻木真乃/癒して、癒されて.csv,6,2001005110040,真乃,"プロデューサーさんのおかげで
素敵な場所に出会えましたっ",櫻木真乃,【ぐうぜんBOOKS】櫻木真乃,癒して、癒されて
櫻木真乃/【ぐうぜんBOOKS】櫻木真乃/癒して、癒されて.csv,8,2001005110050,真乃,"プロデューサーさん、
せっかくですから少し一緒に歩きませんか？",櫻木真乃,【ぐうぜんBOOKS】櫻木真乃,癒して、癒されて
櫻木真乃/【ぐうぜんBOOKS】櫻木真乃/癒して、癒されて.csv,11,2001005110060,真乃,"あっ、本当ですね
そうしましょう",櫻木真乃,【ぐうぜんBOOKS】櫻木真乃,癒して、癒されて
櫻木真乃/【ぐうぜんBOOKS】櫻木真乃/癒して、癒されて.csv,12,2001005110070,真乃,"う～～んっ。ふふ、思ったより歩いちゃいましたね
とっても楽しくて気がつきませんでした",櫻木真乃,【ぐうぜんBOOKS】櫻木真乃,癒して、癒されて
櫻木真乃/【ぐうぜんBOOKS】櫻木真乃/癒して、癒されて.csv,13,2001005110080,真乃,"プロデューサーさん
今日は連れてきてくれて、本当にありがとうございます",櫻木真乃,【ぐうぜんBOOKS】櫻木真乃,癒して、癒されて
櫻木真乃/【ぐうぜんBOOKS】櫻木真乃/癒して、癒されて.csv,16,2001005110090,真乃,"そんなっ……。私、疲れてなんていませんっ
いつだって元気いっぱいです",櫻木真乃,【ぐうぜんBOOKS】櫻木真乃,癒して、癒されて
櫻木真乃/【ぐうぜんBOOKS】櫻木真乃/癒して、癒されて.csv,17,2001005110100,真乃,……むんっ,櫻木真乃,【ぐうぜんBOOKS】櫻木真乃,癒して、癒されて
櫻木真乃/【ぐうぜんBOOKS】櫻木真乃/癒して、癒されて.csv,20,2001005110110,真乃,はいっ,櫻木真乃,【ぐうぜんBOOKS】櫻木真乃,癒して、癒されて
櫻木真乃/【ぐうぜんBOOKS】櫻木真乃/癒して、癒されて.csv,21,2001005110120,真乃,"……あの、最近お仕事をすればするほど、
元気になれる気がするんです",櫻木真乃,【ぐうぜんBOOKS】櫻木真乃,癒して、癒されて
櫻木真乃/【ぐうぜんBOOKS】櫻木真乃/癒して、癒されて.csv,23,2001005110130,真乃,"ファンのみなさんの笑顔を見ていると
もっと頑張りたいって力が沸いてくるんですっ",櫻木真乃,【ぐうぜんBOOKS】櫻木真乃,癒して、癒されて
櫻木真乃/【ぐうぜんBOOKS】櫻木真乃/癒して、癒されて.csv,24,2001005110140,真乃,"本当なら、私が元気をあげないといけないのに……
これだと、反対ですよね",櫻木真乃,【ぐうぜんBOOKS】櫻木真乃,癒して、癒されて
櫻木真乃/【ぐうぜんBOOKS】櫻木真乃/癒して、癒されて.csv,26,2001005110150,真乃,そうなんでしょうか……？,櫻木真乃,【ぐうぜんBOOKS】櫻木真乃,癒して、癒されて
櫻木真乃/【ぐうぜんBOOKS】櫻木真乃/癒して、癒されて.csv,28,2001005110160,真乃,"はいっ、ファンのみなさんと近い距離でお会いできて
とっても元気がもらえましたっ",櫻木真乃,【ぐうぜんBOOKS】櫻木真乃,癒して、癒されて
櫻木真乃/【ぐうぜんBOOKS】櫻木真乃/癒して、癒されて.csv,30,2001005110170,真乃,……？,櫻木真乃,【ぐうぜんBOOKS】櫻木真乃,癒して、癒されて
櫻木真乃/【ぐうぜんBOOKS】櫻木真乃/癒して、癒されて.csv,32,2001005110180,真乃,"あの、その誰かって、もしかして
……私、なんでしょうか",櫻木真乃,【ぐうぜんBOOKS】櫻木真乃,癒して、癒されて
櫻木真乃/【ぐうぜんBOOKS】櫻木真乃/癒して、癒されて.csv,34,2001005110190,真乃,そう……だったんですね,櫻木真乃,【ぐうぜんBOOKS】櫻木真乃,癒して、癒されて
櫻木真乃/【ぐうぜんBOOKS】櫻木真乃/癒して、癒されて.csv,35,2001005110200,真乃,"最初に私から……
だから……ファンのみなさんが、私に……",櫻木真乃,【ぐうぜんBOOKS】櫻木真乃,癒して、癒されて
櫻木真乃/【ぐうぜんBOOKS】櫻木真乃/癒して、癒されて.csv,36,2001005110210,真乃,"私、知りませんでした……
それって……それって、最高のお返しですっ",櫻木真乃,【ぐうぜんBOOKS】櫻木真乃,癒して、癒されて
櫻木真乃/【ぐうぜんBOOKS】櫻木真乃/癒して、癒されて.csv,37,2001005110220,真乃,私、最高のお返しをもらっていますっ,櫻木真乃,【ぐうぜんBOOKS】櫻木真乃,癒して、癒されて
櫻木真乃/【ぐうぜんBOOKS】櫻木真乃/癒して、癒されて.csv,38,2001005110230,真乃,"ふふ。私とファンのみなさんで元気をわけあったら
ずっとずっと元気でいられちゃいますねっ",櫻木真乃,【ぐうぜんBOOKS】櫻木真乃,癒して、癒されて
櫻木真乃/【ぐうぜんBOOKS】櫻木真乃/癒して、癒されて.csv,41,2001005110240,真乃,ほわぁ、もしそうだったら、とっても素敵です……,櫻木真乃,【ぐうぜんBOOKS】櫻木真乃,癒して、癒されて
櫻木真乃/【ぐうぜんBOOKS】櫻木真乃/癒して、癒されて.csv,42,2001005110250,真乃,"私、これからも元気に頑張りますねっ
だって、ファンのみなさんが私に元気をくれますからっ",櫻木真乃,【ぐうぜんBOOKS】櫻木真乃,癒して、癒されて
櫻木真乃/【ぐうぜんBOOKS】櫻木真乃/癒して、癒されて.csv,44,2001005110260,真乃,"はいっ、それに……
プロデューサーさんも、私にいっぱい元気をくれます",櫻木真乃,【ぐうぜんBOOKS】櫻木真乃,癒して、癒されて
櫻木真乃/【ぐうぜんBOOKS】櫻木真乃/癒して、癒されて.csv,45,2001005110270,真乃,これからもふたりで元気に頑張りましょうねっ,櫻木真乃,【ぐうぜんBOOKS】櫻木真乃,癒して、癒されて
櫻木真乃/【ぐうぜんBOOKS】櫻木真乃/癒して、癒されて.csv,46,2001005110280,真乃,むんっ,櫻木真乃,【ぐうぜんBOOKS】櫻木真乃,癒して、癒されて
櫻木真乃/【こころ、えんにならんで】櫻木真乃/さんにん。で──.csv,3,3001014030020,真乃,おはようございます……っ,櫻木真乃,【こころ、えんにならんで】櫻木真乃,さんにん。で──
櫻木真乃/【こころ、えんにならんで】櫻木真乃/さんにん。で──.csv,5,3001014030040,真乃,"……？
灯織ちゃんは……",櫻木真乃,【こころ、えんにならんで】櫻木真乃,さんにん。で──
櫻木真乃/【こころ、えんにならんで】櫻木真乃/さんにん。で──.csv,7,3001014030060,真乃,……何か用事ができちゃったのかな？,櫻木真乃,【こころ、えんにならんで】櫻木真乃,さんにん。で──
櫻木真乃/【こころ、えんにならんで】櫻木真乃/さんにん。で──.csv,9,3001014030080,真乃,うん……っ,櫻木真乃,【こころ、えんにならんで】櫻木真乃,さんにん。で──
櫻木真乃/【こころ、えんにならんで】櫻木真乃/さんにん。で──.csv,10,3001014030090,真乃,……そうだ……っ,櫻木真乃,【こころ、えんにならんで】櫻木真乃,さんにん。で──
櫻木真乃/【こころ、えんにならんで】櫻木真乃/さんにん。で──.csv,12,3001014030110,真乃,"えっと……ううん、
台本、もう一度確認しようって思ってたこと思い出して……",櫻木真乃,【こころ、えんにならんで】櫻木真乃,さんにん。で──
櫻木真乃/【こころ、えんにならんで】櫻木真乃/さんにん。で──.csv,14,3001014030130,真乃,うん……っ,櫻木真乃,【こころ、えんにならんで】櫻木真乃,さんにん。で──
櫻木真乃/【こころ、えんにならんで】櫻木真乃/さんにん。で──.csv,16,3001014030150,真乃,私、こうしないと覚えられなくて……っ,櫻木真乃,【こころ、えんにならんで】櫻木真乃,さんにん。で──
櫻木真乃/【こころ、えんにならんで】櫻木真乃/さんにん。で──.csv,17,3001014030160,真乃,……今日の歌番組、いっぱい頑張りたいなって,櫻木真乃,【こころ、えんにならんで】櫻木真乃,さんにん。で──
櫻木真乃/【こころ、えんにならんで】櫻木真乃/さんにん。で──.csv,18,3001014030170,真乃,"……私たちのこと、まだ知らない人も
見てくれるかもしれなくて……",櫻木真乃,【こころ、えんにならんで】櫻木真乃,さんにん。で──
櫻木真乃/【こころ、えんにならんで】櫻木真乃/さんにん。で──.csv,20,3001014030190,真乃,"そういう人たちにも
少しでも楽しいって思ってもらえるように──",櫻木真乃,【こころ、えんにならんで】櫻木真乃,さんにん。で──
櫻木真乃/【こころ、えんにならんで】櫻木真乃/さんにん。で──.csv,21,3001014030200,真乃,"台本にいっぱい書き込んだら
そうなるってわけじゃないんだけど……",櫻木真乃,【こころ、えんにならんで】櫻木真乃,さんにん。で──
櫻木真乃/【こころ、えんにならんで】櫻木真乃/さんにん。で──.csv,25,3001014030240,真乃,"あのね、これ……
私も、灯織ちゃんの真似なんだ……っ",櫻木真乃,【こころ、えんにならんで】櫻木真乃,さんにん。で──
櫻木真乃/【こころ、えんにならんで】櫻木真乃/さんにん。で──.csv,26,3001014030250,真乃,"前に緊張で台本がぬけちゃったことがあって
その時、灯織ちゃんが教えてくれたの",櫻木真乃,【こころ、えんにならんで】櫻木真乃,さんにん。で──
櫻木真乃/【こころ、えんにならんで】櫻木真乃/さんにん。で──.csv,27,3001014030260,真乃,"ここに書いてある情報だけじゃなくて
自分がそのときやることもメモしておいて",櫻木真乃,【こころ、えんにならんで】櫻木真乃,さんにん。で──
櫻木真乃/【こころ、えんにならんで】櫻木真乃/さんにん。で──.csv,28,3001014030270,真乃,"何回もシミュレーションしながら読み返したら
きっと大丈夫って……っ",櫻木真乃,【こころ、えんにならんで】櫻木真乃,さんにん。で──
櫻木真乃/【こころ、えんにならんで】櫻木真乃/さんにん。で──.csv,31,3001014030300,真乃,うん……っ,櫻木真乃,【こころ、えんにならんで】櫻木真乃,さんにん。で──
櫻木真乃/【こころ、えんにならんで】櫻木真乃/さんにん。で──.csv,32,3001014030310,真乃,"灯織ちゃんのおかげで、これをやってから
ちゃんとできるようになったって思うんだ……っ",櫻木真乃,【こころ、えんにならんで】櫻木真乃,さんにん。で──
櫻木真乃/【こころ、えんにならんで】櫻木真乃/さんにん。で──.csv,33,3001014030320,真乃,あいかわらず、緊張はしちゃうけど……,櫻木真乃,【こころ、えんにならんで】櫻木真乃,さんにん。で──
櫻木真乃/【こころ、えんにならんで】櫻木真乃/さんにん。で──.csv,35,3001014030340,真乃,めぐるちゃんも……？,櫻木真乃,【こころ、えんにならんで】櫻木真乃,さんにん。で──
櫻木真乃/【こころ、えんにならんで】櫻木真乃/さんにん。で──.csv,41,3001014030400,真乃,"わ、うん……っ
私も持ってきてるよ",櫻木真乃,【こころ、えんにならんで】櫻木真乃,さんにん。で──
櫻木真乃/【こころ、えんにならんで】櫻木真乃/さんにん。で──.csv,42,3001014030410,真乃,みんなでお揃いのお守り……っ,櫻木真乃,【こころ、えんにならんで】櫻木真乃,さんにん。で──
櫻木真乃/【こころ、えんにならんで】櫻木真乃/さんにん。で──.csv,44,3001014030430,真乃,ふふ……,櫻木真乃,【こころ、えんにならんで】櫻木真乃,さんにん。で──
櫻木真乃/【こころ、えんにならんで】櫻木真乃/さんにん。で──.csv,45,3001014030440,真乃,……これも、灯織ちゃんがくれたんだよね,櫻木真乃,【こころ、えんにならんで】櫻木真乃,さんにん。で──
櫻木真乃/【こころ、えんにならんで】櫻木真乃/さんにん。で──.csv,48,3001014030470,真乃,"……うん、だから、今日も絶対に持ってきたいなって
灯織ちゃんの気持ちがこもった大事なお守りだから……っ",櫻木真乃,【こころ、えんにならんで】櫻木真乃,さんにん。で──
櫻木真乃/【こころ、えんにならんで】櫻木真乃/さんにん。で──.csv,49,3001014030471,真乃＆めぐる,…………,櫻木真乃,【こころ、えんにならんで】櫻木真乃,さんにん。で──
櫻木真乃/【こころ、えんにならんで】櫻木真乃/さんにん。で──.csv,51,3001014030490,真乃,……うんっ,櫻木真乃,【こころ、えんにならんで】櫻木真乃,さんにん。で──
櫻木真乃/【こころ、えんにならんで】櫻木真乃/さんにん。で──.csv,53,3001014030501,真乃＆めぐる,灯織ちゃん……っ,櫻木真乃,【こころ、えんにならんで】櫻木真乃,さんにん。で──
櫻木真乃/【こころ、えんにならんで】櫻木真乃/さんにん。で──.csv,60,3001014030570,真乃,"うん、私も……
ありがとう、灯織ちゃんっ",櫻木真乃,【こころ、えんにならんで】櫻木真乃,さんにん。で──
櫻木真乃/【こころ、えんにならんで】櫻木真乃/さんにん。で──.csv,69,3001014030660,真乃,うんっ,櫻木真乃,【こころ、えんにならんで】櫻木真乃,さんにん。で──
櫻木真乃/【こころ、えんにならんで】櫻木真乃/ステージ。あの日の.csv,10,3001014010090,真乃,……ぽかぽかで気持ちいいなぁ,櫻木真乃,【こころ、えんにならんで】櫻木真乃,ステージ。あの日の
櫻木真乃/【こころ、えんにならんで】櫻木真乃/ステージ。あの日の.csv,11,3001014010100,真乃,"ほわぁ……鳩さんこんにちは……っ
……ここまでお散歩しにきたの？",櫻木真乃,【こころ、えんにならんで】櫻木真乃,ステージ。あの日の
櫻木真乃/【こころ、えんにならんで】櫻木真乃/ステージ。あの日の.csv,12,3001014010110,真乃,私はね、事務所に向かってるところなの,櫻木真乃,【こころ、えんにならんで】櫻木真乃,ステージ。あの日の
櫻木真乃/【こころ、えんにならんで】櫻木真乃/ステージ。あの日の.csv,13,3001014010120,真乃,"今日は、灯織ちゃんとめぐるちゃんと一緒に、
お仕事の打ち合わせがあるんだ……っ",櫻木真乃,【こころ、えんにならんで】櫻木真乃,ステージ。あの日の
櫻木真乃/【こころ、えんにならんで】櫻木真乃/ステージ。あの日の.csv,14,3001014010130,真乃,"前にも出演したことがある歌番組から
もう一度ってお声がけいただいてね──",櫻木真乃,【こころ、えんにならんで】櫻木真乃,ステージ。あの日の
櫻木真乃/【こころ、えんにならんで】櫻木真乃/ステージ。あの日の.csv,16,3001014010140,真乃,"ほわ……っ
灯織ちゃんとめぐるちゃんだ……",櫻木真乃,【こころ、えんにならんで】櫻木真乃,ステージ。あの日の
櫻木真乃/【こころ、えんにならんで】櫻木真乃/ステージ。あの日の.csv,17,3001014010150,真乃,ごめんね……私、もう行くね……っ,櫻木真乃,【こころ、えんにならんで】櫻木真乃,ステージ。あの日の
櫻木真乃/【こころ、えんにならんで】櫻木真乃/ステージ。あの日の.csv,18,3001014010160,真乃,"ふふ、また今度公園に行ったとき
一緒に日向ぼっこしようね",櫻木真乃,【こころ、えんにならんで】櫻木真乃,ステージ。あの日の
櫻木真乃/【こころ、えんにならんで】櫻木真乃/ステージ。あの日の.csv,19,3001014010170,真乃,おはよう……っ,櫻木真乃,【こころ、えんにならんで】櫻木真乃,ステージ。あの日の
櫻木真乃/【こころ、えんにならんで】櫻木真乃/ステージ。あの日の.csv,22,3001014010200,真乃,う、うん……っ,櫻木真乃,【こころ、えんにならんで】櫻木真乃,ステージ。あの日の
櫻木真乃/【こころ、えんにならんで】櫻木真乃/ステージ。あの日の.csv,23,3001014010210,真乃,"あ……っ
ごめんね、テレビ見てたんだよね……っ",櫻木真乃,【こころ、えんにならんで】櫻木真乃,ステージ。あの日の
櫻木真乃/【こころ、えんにならんで】櫻木真乃/ステージ。あの日の.csv,26,3001014010240,真乃,え……？,櫻木真乃,【こころ、えんにならんで】櫻木真乃,ステージ。あの日の
櫻木真乃/【こころ、えんにならんで】櫻木真乃/ステージ。あの日の.csv,30,3001014010280,真乃,そうだったんだね,櫻木真乃,【こころ、えんにならんで】櫻木真乃,ステージ。あの日の
櫻木真乃/【こころ、えんにならんで】櫻木真乃/ステージ。あの日の.csv,36,3001014010340,真乃,"わ、私も……出だしの振りがちっちゃくて
ふたりとちょっとずれて見えちゃってるかも……",櫻木真乃,【こころ、えんにならんで】櫻木真乃,ステージ。あの日の
櫻木真乃/【こころ、えんにならんで】櫻木真乃/ステージ。あの日の.csv,40,3001014010380,真乃,"ふふ、うん……っ
そんなに前のことじゃないようにも思うのに……",櫻木真乃,【こころ、えんにならんで】櫻木真乃,ステージ。あの日の
櫻木真乃/【こころ、えんにならんで】櫻木真乃/ステージ。あの日の.csv,43,3001014010410,真乃,"この時は……
初めてのテレビで、緊張ばっかりだったけど",櫻木真乃,【こころ、えんにならんで】櫻木真乃,ステージ。あの日の
櫻木真乃/【こころ、えんにならんで】櫻木真乃/ステージ。あの日の.csv,44,3001014010420,真乃,"灯織ちゃんとめぐるちゃんと一緒に歌えるんだって、
そのことがうれしいなって……",櫻木真乃,【こころ、えんにならんで】櫻木真乃,ステージ。あの日の
櫻木真乃/【こころ、えんにならんで】櫻木真乃/ステージ。あの日の.csv,45,3001014010430,真乃,"『イルミネーションスターズ』を
たくさんの人に届けられるんだなって……",櫻木真乃,【こころ、えんにならんで】櫻木真乃,ステージ。あの日の
櫻木真乃/【こころ、えんにならんで】櫻木真乃/ステージ。あの日の.csv,46,3001014010440,真乃,……だから次も、その……えっと──,櫻木真乃,【こころ、えんにならんで】櫻木真乃,ステージ。あの日の
櫻木真乃/【こころ、えんにならんで】櫻木真乃/ステージ。あの日の.csv,49,3001014010470,真乃,"うん……っ
頑張ろう……っ",櫻木真乃,【こころ、えんにならんで】櫻木真乃,ステージ。あの日の
櫻木真乃/【こころ、えんにならんで】櫻木真乃/ステージ。あの日の.csv,56,3001014010540,真乃,"そうだね……っ
打ち合わせの時に、プロデューサーさんに相談してみようっ",櫻木真乃,【こころ、えんにならんで】櫻木真乃,ステージ。あの日の
櫻木真乃/【こころ、えんにならんで】櫻木真乃/ステージ。あの日の.csv,58,3001014010551,真乃＆灯織,……ふふ,櫻木真乃,【こころ、えんにならんで】櫻木真乃,ステージ。あの日の
櫻木真乃/【こころ、えんにならんで】櫻木真乃/変らない、まいにち.csv,6,3001014020001,真乃＆灯織＆めぐる,"はい……っ
ありがとうございました……っ",櫻木真乃,【こころ、えんにならんで】櫻木真乃,変らない、まいにち
櫻木真乃/【こころ、えんにならんで】櫻木真乃/変らない、まいにち.csv,9,3001014020030,真乃,"……あ……えっと、もしよかったら、
いつもみたいに練習できたらうれしいな……っ",櫻木真乃,【こころ、えんにならんで】櫻木真乃,変らない、まいにち
櫻木真乃/【こころ、えんにならんで】櫻木真乃/変らない、まいにち.csv,10,3001014020040,真乃,"教えてもらった振り付け……
まだ……入りのタイミングもつかめてなくて",櫻木真乃,【こころ、えんにならんで】櫻木真乃,変らない、まいにち
櫻木真乃/【こころ、えんにならんで】櫻木真乃/変らない、まいにち.csv,15,3001014020090,真乃,"うん……っ
────あっ",櫻木真乃,【こころ、えんにならんで】櫻木真乃,変らない、まいにち
櫻木真乃/【こころ、えんにならんで】櫻木真乃/変らない、まいにち.csv,16,3001014020100,真乃,"ごめんね……っ
私まだちょっとタイミングずれちゃってるんだ……",櫻木真乃,【こころ、えんにならんで】櫻木真乃,変らない、まいにち
櫻木真乃/【こころ、えんにならんで】櫻木真乃/変らない、まいにち.csv,17,3001014020110,真乃,でも、めぐるちゃんのおかげでわかってきたよ……っ,櫻木真乃,【こころ、えんにならんで】櫻木真乃,変らない、まいにち
櫻木真乃/【こころ、えんにならんで】櫻木真乃/変らない、まいにち.csv,19,3001014020130,真乃,"うん……っ
頑張る……っ",櫻木真乃,【こころ、えんにならんで】櫻木真乃,変らない、まいにち
櫻木真乃/【こころ、えんにならんで】櫻木真乃/変らない、まいにち.csv,24,3001014020171,真乃＆灯織,うん……っ,櫻木真乃,【こころ、えんにならんで】櫻木真乃,変らない、まいにち
櫻木真乃/【こころ、えんにならんで】櫻木真乃/変らない、まいにち.csv,27,3001014020200,真乃,"うんっ
灯織ちゃん、ありがとう……っ",櫻木真乃,【こころ、えんにならんで】櫻木真乃,変らない、まいにち
櫻木真乃/【こころ、えんにならんで】櫻木真乃/変らない、まいにち.csv,31,3001014020240,真乃,おきました……っ,櫻木真乃,【こころ、えんにならんで】櫻木真乃,変らない、まいにち
櫻木真乃/【こころ、えんにならんで】櫻木真乃/変らない、まいにち.csv,36,3001014020290,真乃,うん、いただきます……っ,櫻木真乃,【こころ、えんにならんで】櫻木真乃,変らない、まいにち
櫻木真乃/【こころ、えんにならんで】櫻木真乃/変らない、まいにち.csv,38,3001014020310,真乃,"うん、そうだね……
私も……っ",櫻木真乃,【こころ、えんにならんで】櫻木真乃,変らない、まいにち
櫻木真乃/【こころ、えんにならんで】櫻木真乃/変らない、まいにち.csv,39,3001014020320,真乃,"ダンスとか、他にもいろんなこと……
めぐるちゃんのおかげだなって思うこと、いっぱいで……",櫻木真乃,【こころ、えんにならんで】櫻木真乃,変らない、まいにち
櫻木真乃/【こころ、えんにならんで】櫻木真乃/変らない、まいにち.csv,46,3001014020380,真乃,"そうだね……っ
……３人でいっぱい頑張ってきたのも、本当……っ",櫻木真乃,【こころ、えんにならんで】櫻木真乃,変らない、まいにち
櫻木真乃/【こころ、えんにならんで】櫻木真乃/変らない、まいにち.csv,50,3001014020420,真乃,"うん……っ
お願いします……っ",櫻木真乃,【こころ、えんにならんで】櫻木真乃,変らない、まいにち
櫻木真乃/【しじまに華ひととき】櫻木真乃/あのときの願い.csv,3,2001006110010,真乃,……プロデューサーさん,櫻木真乃,【しじまに華ひととき】櫻木真乃,あのときの願い
櫻木真乃/【しじまに華ひととき】櫻木真乃/あのときの願い.csv,5,2001006110020,真乃,"……
プ、プロデューサーさん……？",櫻木真乃,【しじまに華ひととき】櫻木真乃,あのときの願い
櫻木真乃/【しじまに華ひととき】櫻木真乃/あのときの願い.csv,8,2001006110030,真乃,"はいっ、さっき休憩に入りました
なのでプロデューサーさんにお伝えしなきゃって思って──",櫻木真乃,【しじまに華ひととき】櫻木真乃,あのときの願い
櫻木真乃/【しじまに華ひととき】櫻木真乃/あのときの願い.csv,9,2001006110040,真乃,"でも、真剣な表情で自販機とにらめっこしていたので、
声をかけていいかちょっと迷ってしまいました……ふふ",櫻木真乃,【しじまに華ひととき】櫻木真乃,あのときの願い
櫻木真乃/【しじまに華ひととき】櫻木真乃/あのときの願い.csv,12,2001006110050,真乃,"ほわぁ……
ありがとうございますっ",櫻木真乃,【しじまに華ひととき】櫻木真乃,あのときの願い
櫻木真乃/【しじまに華ひととき】櫻木真乃/あのときの願い.csv,14,2001006110060,真乃,"はいっ……えっと……
あ……しょうが入りのミルクティーがありますっ",櫻木真乃,【しじまに華ひととき】櫻木真乃,あのときの願い
櫻木真乃/【しじまに華ひととき】櫻木真乃/あのときの願い.csv,15,2001006110070,真乃,"体がポカポカになりそうですっ
でも、それならココアも良さそうですし……ほわぁ……",櫻木真乃,【しじまに華ひととき】櫻木真乃,あのときの願い
櫻木真乃/【しじまに華ひととき】櫻木真乃/あのときの願い.csv,17,2001006110080,真乃,"い、いえ、ちゃんとひとつに決めますっ
えっと──あっ…………",櫻木真乃,【しじまに華ひととき】櫻木真乃,あのときの願い
櫻木真乃/【しじまに華ひととき】櫻木真乃/あのときの願い.csv,18,2001006110090,真乃,"……あの、プロデューサーさんっ
私、これがいいです──",櫻木真乃,【しじまに華ひととき】櫻木真乃,あのときの願い
櫻木真乃/【しじまに華ひととき】櫻木真乃/あのときの願い.csv,20,2001006110100,真乃,"ふふ、プロデューサーさん
初詣の時も同じことを言っていました",櫻木真乃,【しじまに華ひととき】櫻木真乃,あのときの願い
櫻木真乃/【しじまに華ひととき】櫻木真乃/あのときの願い.csv,23,2001006110110,真乃,"私は一緒に挨拶ができて、
とっても嬉しかったですっ",櫻木真乃,【しじまに華ひととき】櫻木真乃,あのときの願い
櫻木真乃/【しじまに華ひととき】櫻木真乃/あのときの願い.csv,25,2001006110120,真乃,"はいっ
鳩さんもきっと喜びますっ",櫻木真乃,【しじまに華ひととき】櫻木真乃,あのときの願い
櫻木真乃/【しじまに華ひととき】櫻木真乃/あのときの願い.csv,27,2001006110130,真乃,"ふふ……
また、偶然お会いできるでしょうか",櫻木真乃,【しじまに華ひととき】櫻木真乃,あのときの願い
櫻木真乃/【しじまに華ひととき】櫻木真乃/あのときの願い.csv,28,2001006110140,真乃,"……でも、私も同じ神社に
お参りに行こうって思っているんです",櫻木真乃,【しじまに華ひととき】櫻木真乃,あのときの願い
櫻木真乃/【しじまに華ひととき】櫻木真乃/あのときの願い.csv,29,2001006110150,真乃,"……実は、初詣の時のお願い事が、
最近どんどん叶っているなって思って、驚いていて……",櫻木真乃,【しじまに華ひととき】櫻木真乃,あのときの願い
櫻木真乃/【しじまに華ひととき】櫻木真乃/あのときの願い.csv,31,2001006110160,真乃,"えっと……『今年もアイドル頑張れますように』
『アイドルとしてちょっぴり自信が持てますように……』",櫻木真乃,【しじまに華ひととき】櫻木真乃,あのときの願い
櫻木真乃/【しじまに華ひととき】櫻木真乃/あのときの願い.csv,32,2001006110170,真乃,"……今年はたくさんお願いしちゃって……
欲張りでした……",櫻木真乃,【しじまに華ひととき】櫻木真乃,あのときの願い
櫻木真乃/【しじまに華ひととき】櫻木真乃/あのときの願い.csv,36,2001006110180,真乃,……ふふ,櫻木真乃,【しじまに華ひととき】櫻木真乃,あのときの願い
櫻木真乃/【しじまに華ひととき】櫻木真乃/あのときの願い.csv,38,2001006110190,真乃,"あ、いえ……実は、プロデューサーさんを見かけた時は
１回目のお参りをした後だったなって思い出して……",櫻木真乃,【しじまに華ひととき】櫻木真乃,あのときの願い
櫻木真乃/【しじまに華ひととき】櫻木真乃/あのときの願い.csv,40,2001006110200,真乃,……え？　えっと……,櫻木真乃,【しじまに華ひととき】櫻木真乃,あのときの願い
櫻木真乃/【しじまに華ひととき】櫻木真乃/あのときの願い.csv,41,2001006110210,真乃,"その……『プロデューサーさんのお願いごとが
叶いますように』……って",櫻木真乃,【しじまに華ひととき】櫻木真乃,あのときの願い
櫻木真乃/【しじまに華ひととき】櫻木真乃/あのときの願い.csv,44,2001006110220,真乃,"なんだか、とっても真剣な表情だったので
私も、何かできたらなって思って……",櫻木真乃,【しじまに華ひととき】櫻木真乃,あのときの願い
櫻木真乃/【しじまに華ひととき】櫻木真乃/あのときの願い.csv,46,2001006110230,真乃,余計なお世話でしたでしょうか？,櫻木真乃,【しじまに華ひととき】櫻木真乃,あのときの願い
櫻木真乃/【しじまに華ひととき】櫻木真乃/あのときの願い.csv,50,2001006110240,真乃,"ほわっ……プロデューサーさんにそう言ってもらえると
すごく、頼もしいですっ",櫻木真乃,【しじまに華ひととき】櫻木真乃,あのときの願い
櫻木真乃/【しじまに華ひととき】櫻木真乃/あのときの願い.csv,51,2001006110250,真乃,"……あの、それじゃあ、プロデューサーさん
もう明けまして、ではないですけど──",櫻木真乃,【しじまに華ひととき】櫻木真乃,あのときの願い
櫻木真乃/【しじまに華ひととき】櫻木真乃/あのときの願い.csv,52,2001006110260,真乃,改めまして、これからもよろしくお願いしますねっ,櫻木真乃,【しじまに華ひととき】櫻木真乃,あのときの願い
櫻木真乃/【しじまに華ひととき】櫻木真乃/しばしお別れ、しかしすぐに.csv,2,2001006010010,真乃,"──ありがとうございましたっ
みなさん、良いお年をっ",櫻木真乃,【しじまに華ひととき】櫻木真乃,しばしお別れ、しかしすぐに
櫻木真乃/【しじまに華ひととき】櫻木真乃/しばしお別れ、しかしすぐに.csv,4,2001006010020,真乃,"あ、プロデューサーさん
お疲れさまです",櫻木真乃,【しじまに華ひととき】櫻木真乃,しばしお別れ、しかしすぐに
櫻木真乃/【しじまに華ひととき】櫻木真乃/しばしお別れ、しかしすぐに.csv,6,2001006010030,真乃,"はい、とっても楽しかったですっ
それに……",櫻木真乃,【しじまに華ひととき】櫻木真乃,しばしお別れ、しかしすぐに
櫻木真乃/【しじまに華ひととき】櫻木真乃/しばしお別れ、しかしすぐに.csv,7,2001006010040,真乃,"ファンのみなさんに、
今年最後のご挨拶ができてよかったです",櫻木真乃,【しじまに華ひととき】櫻木真乃,しばしお別れ、しかしすぐに
櫻木真乃/【しじまに華ひととき】櫻木真乃/しばしお別れ、しかしすぐに.csv,9,2001006010050,真乃,はいっ,櫻木真乃,【しじまに華ひととき】櫻木真乃,しばしお別れ、しかしすぐに
櫻木真乃/【しじまに華ひととき】櫻木真乃/しばしお別れ、しかしすぐに.csv,11,2001006010060,真乃,"は、はい……
そういえば、しばらくお休みになるんでした……",櫻木真乃,【しじまに華ひととき】櫻木真乃,しばしお別れ、しかしすぐに
櫻木真乃/【しじまに華ひととき】櫻木真乃/しばしお別れ、しかしすぐに.csv,13,2001006010070,真乃,"えっと……父や母、
それに、ピーちゃんとお家でゆっくりしてると思います",櫻木真乃,【しじまに華ひととき】櫻木真乃,しばしお別れ、しかしすぐに
櫻木真乃/【しじまに華ひととき】櫻木真乃/しばしお別れ、しかしすぐに.csv,15,2001006010080,真乃,あっ、でも……,櫻木真乃,【しじまに華ひととき】櫻木真乃,しばしお別れ、しかしすぐに
櫻木真乃/【しじまに華ひととき】櫻木真乃/しばしお別れ、しかしすぐに.csv,16,2001006010090,真乃,"これから少しの間、事務所のみんなに
会えないんだって思うと……ちょっと寂しくなります",櫻木真乃,【しじまに華ひととき】櫻木真乃,しばしお別れ、しかしすぐに
櫻木真乃/【しじまに華ひととき】櫻木真乃/しばしお別れ、しかしすぐに.csv,21,2001006010100,真乃,ほわ……バッタリ、ですか……？,櫻木真乃,【しじまに華ひととき】櫻木真乃,しばしお別れ、しかしすぐに
櫻木真乃/【しじまに華ひととき】櫻木真乃/しばしお別れ、しかしすぐに.csv,23,2001006010110,真乃,"あっ……
確かにそうかもしれません",櫻木真乃,【しじまに華ひととき】櫻木真乃,しばしお別れ、しかしすぐに
櫻木真乃/【しじまに華ひととき】櫻木真乃/しばしお別れ、しかしすぐに.csv,25,2001006010120,真乃,"……そうですね
なんとなくわかります、ふふっ",櫻木真乃,【しじまに華ひととき】櫻木真乃,しばしお別れ、しかしすぐに
櫻木真乃/【しじまに華ひととき】櫻木真乃/しばしお別れ、しかしすぐに.csv,26,2001006010130,真乃,"ありがとうございます、プロデューサーさん
今から初詣が楽しみになってきましたっ",櫻木真乃,【しじまに華ひととき】櫻木真乃,しばしお別れ、しかしすぐに
櫻木真乃/【しじまに華ひととき】櫻木真乃/しばしお別れ、しかしすぐに.csv,28,2001006010140,真乃,"……あの
プロデューサーさんは初詣に行かれますか？",櫻木真乃,【しじまに華ひととき】櫻木真乃,しばしお別れ、しかしすぐに
櫻木真乃/【しじまに華ひととき】櫻木真乃/しばしお別れ、しかしすぐに.csv,30,2001006010150,真乃,"ふふっ。それじゃあ、プロデューサーさんとも
バッタリしちゃうかもしれませんねっ",櫻木真乃,【しじまに華ひととき】櫻木真乃,しばしお別れ、しかしすぐに
櫻木真乃/【しじまに華ひととき】櫻木真乃/しばしお別れ、しかしすぐに.csv,32,2001006010160,真乃,やること、ですか……,櫻木真乃,【しじまに華ひととき】櫻木真乃,しばしお別れ、しかしすぐに
櫻木真乃/【しじまに華ひととき】櫻木真乃/しばしお別れ、しかしすぐに.csv,33,2001006010170,真乃,"……えっと……おせち作りのお手伝いして、
親戚の人にご挨拶して、年賀状のお返事を書いて……",櫻木真乃,【しじまに華ひととき】櫻木真乃,しばしお別れ、しかしすぐに
櫻木真乃/【しじまに華ひととき】櫻木真乃/しばしお別れ、しかしすぐに.csv,34,2001006010180,真乃,ほわっ……確かに、結構忙しいかもしれませんっ,櫻木真乃,【しじまに華ひととき】櫻木真乃,しばしお別れ、しかしすぐに
櫻木真乃/【しじまに華ひととき】櫻木真乃/しばしお別れ、しかしすぐに.csv,37,2001006010190,真乃,"……それじゃあ、プロデューサーさんとも
またすぐに会えますねっ",櫻木真乃,【しじまに華ひととき】櫻木真乃,しばしお別れ、しかしすぐに
櫻木真乃/【しじまに華ひととき】櫻木真乃/しばしお別れ、しかしすぐに.csv,39,2001006010200,真乃,"ふふっ、お休み明けが楽しみですっ
ありがとうございます、プロデューサーさんっ",櫻木真乃,【しじまに華ひととき】櫻木真乃,しばしお別れ、しかしすぐに
櫻木真乃/【しじまに華ひととき】櫻木真乃/しばしお別れ、しかしすぐに.csv,40,2001006010210,真乃,"でも、お正月で忙しかったら
邪魔になっちゃうかもしれませんし……",櫻木真乃,【しじまに華ひととき】櫻木真乃,しばしお別れ、しかしすぐに
櫻木真乃/【しじまに華ひととき】櫻木真乃/しばしお別れ、しかしすぐに.csv,42,2001006010220,真乃,"えっと……
遠慮してるかもしれないってことですか？",櫻木真乃,【しじまに華ひととき】櫻木真乃,しばしお別れ、しかしすぐに
櫻木真乃/【しじまに華ひととき】櫻木真乃/しばしお別れ、しかしすぐに.csv,45,2001006010230,真乃,"そ、そうですねっ
たまには、私からっ……",櫻木真乃,【しじまに華ひととき】櫻木真乃,しばしお別れ、しかしすぐに
櫻木真乃/【しじまに華ひととき】櫻木真乃/しばしお別れ、しかしすぐに.csv,47,2001006010240,真乃,……あの、プロデューサーさん,櫻木真乃,【しじまに華ひととき】櫻木真乃,しばしお別れ、しかしすぐに
櫻木真乃/【しじまに華ひととき】櫻木真乃/しばしお別れ、しかしすぐに.csv,49,2001006010250,真乃,"えっと……
プロデューサーさんにも、連絡していいですか？",櫻木真乃,【しじまに華ひととき】櫻木真乃,しばしお別れ、しかしすぐに
櫻木真乃/【しじまに華ひととき】櫻木真乃/しばしお別れ、しかしすぐに.csv,51,2001006010260,真乃,"ありがとうございますっ、プロデューサーさん
ふふっ",櫻木真乃,【しじまに華ひととき】櫻木真乃,しばしお別れ、しかしすぐに
櫻木真乃/【しじまに華ひととき】櫻木真乃/迎春の巡り逢い.csv,6,2001006020010,真乃,……,櫻木真乃,【しじまに華ひととき】櫻木真乃,迎春の巡り逢い
櫻木真乃/【しじまに華ひととき】櫻木真乃/迎春の巡り逢い.csv,8,2001006020020,真乃,"……ふふっ
偶然ですね、プロデューサーさん",櫻木真乃,【しじまに華ひととき】櫻木真乃,迎春の巡り逢い
櫻木真乃/【しじまに華ひととき】櫻木真乃/迎春の巡り逢い.csv,10,2001006020030,真乃,はい、びっくりしましたか？,櫻木真乃,【しじまに華ひととき】櫻木真乃,迎春の巡り逢い
櫻木真乃/【しじまに華ひととき】櫻木真乃/迎春の巡り逢い.csv,13,2001006020040,真乃,あ、ありがとうございます,櫻木真乃,【しじまに華ひととき】櫻木真乃,迎春の巡り逢い
櫻木真乃/【しじまに華ひととき】櫻木真乃/迎春の巡り逢い.csv,14,2001006020050,真乃,"……普段は着ない格好なので、
なんだか少し照れちゃいます……ふふ",櫻木真乃,【しじまに華ひととき】櫻木真乃,迎春の巡り逢い
櫻木真乃/【しじまに華ひととき】櫻木真乃/迎春の巡り逢い.csv,16,2001006020060,真乃,はいっ、家族と初詣に来ました,櫻木真乃,【しじまに華ひととき】櫻木真乃,迎春の巡り逢い
櫻木真乃/【しじまに華ひととき】櫻木真乃/迎春の巡り逢い.csv,18,2001006020070,真乃,"あ、はいっ
きっと喜びますっ",櫻木真乃,【しじまに華ひととき】櫻木真乃,迎春の巡り逢い
櫻木真乃/【しじまに華ひととき】櫻木真乃/迎春の巡り逢い.csv,19,2001006020080,真乃,"ふたりとも、今は少し離れたところにいて……
甘酒を貰おうと思って、私だけ戻ってきたんです",櫻木真乃,【しじまに華ひととき】櫻木真乃,迎春の巡り逢い
櫻木真乃/【しじまに華ひととき】櫻木真乃/迎春の巡り逢い.csv,21,2001006020090,真乃,"ふふ。それじゃあ、甘酒を貰ってから
行きましょうか",櫻木真乃,【しじまに華ひととき】櫻木真乃,迎春の巡り逢い
櫻木真乃/【しじまに華ひととき】櫻木真乃/迎春の巡り逢い.csv,24,2001006020100,真乃,そうですね……ふふっ,櫻木真乃,【しじまに華ひととき】櫻木真乃,迎春の巡り逢い
櫻木真乃/【しじまに華ひととき】櫻木真乃/迎春の巡り逢い.csv,26,2001006020110,真乃,"……この後の挨拶にもプロデューサーさんが
付き合ってくれるのが、嬉しくて",櫻木真乃,【しじまに華ひととき】櫻木真乃,迎春の巡り逢い
櫻木真乃/【しじまに華ひととき】櫻木真乃/迎春の巡り逢い.csv,28,2001006020120,真乃,"はいっ
ありがとうございます",櫻木真乃,【しじまに華ひととき】櫻木真乃,迎春の巡り逢い
櫻木真乃/【しじまに華ひととき】櫻木真乃/迎春の巡り逢い.csv,30,2001006020130,真乃,はい、あのベンチの辺りに行けば多分──,櫻木真乃,【しじまに華ひととき】櫻木真乃,迎春の巡り逢い
櫻木真乃/【しじまに華ひととき】櫻木真乃/迎春の巡り逢い.csv,31,2001006020140,真乃,"──鳩さんたち、こんにちは
今日も元気そうだねっ",櫻木真乃,【しじまに華ひととき】櫻木真乃,迎春の巡り逢い
櫻木真乃/【しじまに華ひととき】櫻木真乃/迎春の巡り逢い.csv,33,2001006020150,真乃,"ほわ、そうでしょうか
それじゃあ、改めて……",櫻木真乃,【しじまに華ひととき】櫻木真乃,迎春の巡り逢い
櫻木真乃/【しじまに華ひととき】櫻木真乃/迎春の巡り逢い.csv,34,2001006020160,真乃,"鳩さん、新年明けましておめでとうございます
今年もよろしくお願いしますね",櫻木真乃,【しじまに華ひととき】櫻木真乃,迎春の巡り逢い
櫻木真乃/【しじまに華ひととき】櫻木真乃/迎春の巡り逢い.csv,38,2001006020170,真乃,"……ふふっ
『こちらこそ』って言ってるみたいです……",櫻木真乃,【しじまに華ひととき】櫻木真乃,迎春の巡り逢い
櫻木真乃/【しじまに華ひととき】櫻木真乃/迎春の巡り逢い.csv,40,2001006020180,真乃,"すっかりプロデューサーさんも
鳩さんのお友達ですっ",櫻木真乃,【しじまに華ひととき】櫻木真乃,迎春の巡り逢い
櫻木真乃/【しじまに華ひととき】櫻木真乃/迎春の巡り逢い.csv,42,2001006020190,真乃,ふふ、はいっ……,櫻木真乃,【しじまに華ひととき】櫻木真乃,迎春の巡り逢い
櫻木真乃/【しじまに華ひととき】櫻木真乃/迎春の巡り逢い.csv,43,2001006020200,真乃,……あっ,櫻木真乃,【しじまに華ひととき】櫻木真乃,迎春の巡り逢い
櫻木真乃/【しじまに華ひととき】櫻木真乃/迎春の巡り逢い.csv,45,2001006020210,真乃,"そういえば、プロデューサーさんには
まだ新年のご挨拶ができていませんでした……",櫻木真乃,【しじまに華ひととき】櫻木真乃,迎春の巡り逢い
櫻木真乃/【しじまに華ひととき】櫻木真乃/迎春の巡り逢い.csv,47,2001006020220,真乃,"すみません……
それじゃあ、改めまして",櫻木真乃,【しじまに華ひととき】櫻木真乃,迎春の巡り逢い
櫻木真乃/【しじまに華ひととき】櫻木真乃/迎春の巡り逢い.csv,48,2001006020230,真乃,"プロデューサーさん、明けましておめでとうございます
今年もよろしくお願いいたしますっ",櫻木真乃,【しじまに華ひととき】櫻木真乃,迎春の巡り逢い
櫻木真乃/【しじまに華ひととき】櫻木真乃/迎春の巡り逢い.csv,50,2001006020240,真乃,はいっ,櫻木真乃,【しじまに華ひととき】櫻木真乃,迎春の巡り逢い
櫻木真乃/【しじまに華ひととき】櫻木真乃/迎春の巡り逢い.csv,51,2001006020250,真乃,"……ふふっ。新年すぐプロデューサーさんに
ご挨拶できてよかったですっ",櫻木真乃,【しじまに華ひととき】櫻木真乃,迎春の巡り逢い
櫻木真乃/【だいすきだよ】櫻木真乃/【だいすきだよ】櫻木真乃01.csv,3,3001025010010,真乃,"……はい、わかりました
よろしくお願いします……っ",櫻木真乃,【だいすきだよ】櫻木真乃,【だいすきだよ】櫻木真乃01
櫻木真乃/【だいすきだよ】櫻木真乃/【だいすきだよ】櫻木真乃01.csv,6,3001025010020,真乃,………,櫻木真乃,【だいすきだよ】櫻木真乃,【だいすきだよ】櫻木真乃01
櫻木真乃/【だいすきだよ】櫻木真乃/【だいすきだよ】櫻木真乃01.csv,9,3001025010030,真乃,はい……っ,櫻木真乃,【だいすきだよ】櫻木真乃,【だいすきだよ】櫻木真乃01
櫻木真乃/【だいすきだよ】櫻木真乃/【だいすきだよ】櫻木真乃01.csv,11,3001025010040,真乃,"……っ
あ、ありがとうございます……",櫻木真乃,【だいすきだよ】櫻木真乃,【だいすきだよ】櫻木真乃01
櫻木真乃/【だいすきだよ】櫻木真乃/【だいすきだよ】櫻木真乃01.csv,14,3001025010050,真乃,"そうなんですね
とってもかわいいなって、思っていました",櫻木真乃,【だいすきだよ】櫻木真乃,【だいすきだよ】櫻木真乃01
櫻木真乃/【だいすきだよ】櫻木真乃/【だいすきだよ】櫻木真乃01.csv,16,3001025010060,真乃,"夢を……
……すてきです",櫻木真乃,【だいすきだよ】櫻木真乃,【だいすきだよ】櫻木真乃01
櫻木真乃/【だいすきだよ】櫻木真乃/【だいすきだよ】櫻木真乃01.csv,18,3001025010070,真乃,ほわ……,櫻木真乃,【だいすきだよ】櫻木真乃,【だいすきだよ】櫻木真乃01
櫻木真乃/【だいすきだよ】櫻木真乃/【だいすきだよ】櫻木真乃01.csv,21,3001025010100,真乃,"じゃあ……現場近くのカフェに
早めに集合……で、どうかな……？",櫻木真乃,【だいすきだよ】櫻木真乃,【だいすきだよ】櫻木真乃01
櫻木真乃/【だいすきだよ】櫻木真乃/【だいすきだよ】櫻木真乃01.csv,24,3001025010130,真乃,私も、大丈夫だよ,櫻木真乃,【だいすきだよ】櫻木真乃,【だいすきだよ】櫻木真乃01
櫻木真乃/【だいすきだよ】櫻木真乃/【だいすきだよ】櫻木真乃01.csv,26,3001025010141,真乃＆めぐる,うん……っ,櫻木真乃,【だいすきだよ】櫻木真乃,【だいすきだよ】櫻木真乃01
櫻木真乃/【だいすきだよ】櫻木真乃/【だいすきだよ】櫻木真乃01.csv,27,3001025010150,真乃,……あのね,櫻木真乃,【だいすきだよ】櫻木真乃,【だいすきだよ】櫻木真乃01
櫻木真乃/【だいすきだよ】櫻木真乃/【だいすきだよ】櫻木真乃01.csv,28,3001025010160,真乃,"今日、撮影でウエディングドレスを着た時に
色々考えてみたんだ",櫻木真乃,【だいすきだよ】櫻木真乃,【だいすきだよ】櫻木真乃01
櫻木真乃/【だいすきだよ】櫻木真乃/【だいすきだよ】櫻木真乃01.csv,29,3001025010170,真乃,"いつか、私も結婚するのかな……
いつ、どんな人とだろう……って",櫻木真乃,【だいすきだよ】櫻木真乃,【だいすきだよ】櫻木真乃01
櫻木真乃/【だいすきだよ】櫻木真乃/【だいすきだよ】櫻木真乃01.csv,31,3001025010190,真乃,だけど……まだ、あんまりピンと来なくて,櫻木真乃,【だいすきだよ】櫻木真乃,【だいすきだよ】櫻木真乃01
櫻木真乃/【だいすきだよ】櫻木真乃/【だいすきだよ】櫻木真乃01.csv,32,3001025010200,真乃,"……だから今日の撮影
ちゃんと花嫁さんになれてるかなって",櫻木真乃,【だいすきだよ】櫻木真乃,【だいすきだよ】櫻木真乃01
櫻木真乃/【だいすきだよ】櫻木真乃/【だいすきだよ】櫻木真乃01.csv,33,3001025010210,真乃,……ちょっぴり不安になっちゃったんだ,櫻木真乃,【だいすきだよ】櫻木真乃,【だいすきだよ】櫻木真乃01
櫻木真乃/【だいすきだよ】櫻木真乃/【だいすきだよ】櫻木真乃01.csv,36,3001025010240,真乃,"大丈夫って言ってもらえたから
私が考えすぎてただけかもだけど……",櫻木真乃,【だいすきだよ】櫻木真乃,【だいすきだよ】櫻木真乃01
櫻木真乃/【だいすきだよ】櫻木真乃/【だいすきだよ】櫻木真乃01.csv,40,3001025010280,真乃,……背伸び、しようとしちゃってたかも……,櫻木真乃,【だいすきだよ】櫻木真乃,【だいすきだよ】櫻木真乃01
櫻木真乃/【だいすきだよ】櫻木真乃/【だいすきだよ】櫻木真乃01.csv,41,3001025010290,真乃,"……ありがとう
ふたりのおかげで、ちょっとほっとしたよ",櫻木真乃,【だいすきだよ】櫻木真乃,【だいすきだよ】櫻木真乃01
櫻木真乃/【だいすきだよ】櫻木真乃/【だいすきだよ】櫻木真乃01.csv,46,3001025010330,真乃,"ふふ
とてもすてきだったよ",櫻木真乃,【だいすきだよ】櫻木真乃,【だいすきだよ】櫻木真乃01
櫻木真乃/【だいすきだよ】櫻木真乃/【だいすきだよ】櫻木真乃01.csv,47,3001025010340,真乃,"自分はどんなウエディングドレスを着るんだろうって
考えてたけど……",櫻木真乃,【だいすきだよ】櫻木真乃,【だいすきだよ】櫻木真乃01
櫻木真乃/【だいすきだよ】櫻木真乃/【だいすきだよ】櫻木真乃01.csv,48,3001025010350,真乃,"鳥さんの羽みたいな、ふわふわであったかいデザインの
ドレスがあったらいいな……",櫻木真乃,【だいすきだよ】櫻木真乃,【だいすきだよ】櫻木真乃01
櫻木真乃/【だいすきだよ】櫻木真乃/【だいすきだよ】櫻木真乃01.csv,52,3001025010390,真乃,"ほわ……
灯織ちゃんの、すごくきれいな姿想像しちゃった……",櫻木真乃,【だいすきだよ】櫻木真乃,【だいすきだよ】櫻木真乃01
櫻木真乃/【だいすきだよ】櫻木真乃/【だいすきだよ】櫻木真乃01.csv,57,3001025010440,真乃,"結婚したら、結婚式がある……って
当たり前みたいに思ってた……",櫻木真乃,【だいすきだよ】櫻木真乃,【だいすきだよ】櫻木真乃01
櫻木真乃/【だいすきだよ】櫻木真乃/【だいすきだよ】櫻木真乃01.csv,63,3001025010500,真乃,めぐるちゃんらしいかも……,櫻木真乃,【だいすきだよ】櫻木真乃,【だいすきだよ】櫻木真乃01
櫻木真乃/【だいすきだよ】櫻木真乃/【だいすきだよ】櫻木真乃01.csv,65,3001025010520,真乃,……あ、もうこんな時間……,櫻木真乃,【だいすきだよ】櫻木真乃,【だいすきだよ】櫻木真乃01
櫻木真乃/【だいすきだよ】櫻木真乃/【だいすきだよ】櫻木真乃02.csv,4,3001025020030,真乃,私も探してきたよ……っ,櫻木真乃,【だいすきだよ】櫻木真乃,【だいすきだよ】櫻木真乃02
櫻木真乃/【だいすきだよ】櫻木真乃/【だいすきだよ】櫻木真乃02.csv,6,3001025020050,真乃,"う、うん……
買う時、なんだかそわそわしちゃった……",櫻木真乃,【だいすきだよ】櫻木真乃,【だいすきだよ】櫻木真乃02
櫻木真乃/【だいすきだよ】櫻木真乃/【だいすきだよ】櫻木真乃02.csv,8,3001025020070,真乃,"それじゃあ……
まずはせっかくだから……",櫻木真乃,【だいすきだよ】櫻木真乃,【だいすきだよ】櫻木真乃02
櫻木真乃/【だいすきだよ】櫻木真乃/【だいすきだよ】櫻木真乃02.csv,9,3001025020080,真乃,"特集ページを
みんなで読みあいっこするのはどうかな……？",櫻木真乃,【だいすきだよ】櫻木真乃,【だいすきだよ】櫻木真乃02
櫻木真乃/【だいすきだよ】櫻木真乃/【だいすきだよ】櫻木真乃02.csv,12,3001025020110,真乃,……この質問、毎回聞かれてるね,櫻木真乃,【だいすきだよ】櫻木真乃,【だいすきだよ】櫻木真乃02
櫻木真乃/【だいすきだよ】櫻木真乃/【だいすきだよ】櫻木真乃02.csv,13,3001025020120,真乃,『理想の結婚式は？』,櫻木真乃,【だいすきだよ】櫻木真乃,【だいすきだよ】櫻木真乃02
櫻木真乃/【だいすきだよ】櫻木真乃/【だいすきだよ】櫻木真乃02.csv,16,3001025020150,真乃,"……結婚式って……
なんのためにやるんだろう……",櫻木真乃,【だいすきだよ】櫻木真乃,【だいすきだよ】櫻木真乃02
櫻木真乃/【だいすきだよ】櫻木真乃/【だいすきだよ】櫻木真乃02.csv,18,3001025020170,真乃,"……あ……
え、えっと……",櫻木真乃,【だいすきだよ】櫻木真乃,【だいすきだよ】櫻木真乃02
櫻木真乃/【だいすきだよ】櫻木真乃/【だいすきだよ】櫻木真乃02.csv,19,3001025020180,真乃,ふたりと話した時から、ずっと考えてて……,櫻木真乃,【だいすきだよ】櫻木真乃,【だいすきだよ】櫻木真乃02
櫻木真乃/【だいすきだよ】櫻木真乃/【だいすきだよ】櫻木真乃02.csv,20,3001025020190,真乃,"結婚式をすることも
しないこともできるんだ……って",櫻木真乃,【だいすきだよ】櫻木真乃,【だいすきだよ】櫻木真乃02
櫻木真乃/【だいすきだよ】櫻木真乃/【だいすきだよ】櫻木真乃02.csv,24,3001025020230,真乃,え……？,櫻木真乃,【だいすきだよ】櫻木真乃,【だいすきだよ】櫻木真乃02
櫻木真乃/【だいすきだよ】櫻木真乃/【だいすきだよ】櫻木真乃02.csv,28,3001025020270,真乃,うん……,櫻木真乃,【だいすきだよ】櫻木真乃,【だいすきだよ】櫻木真乃02
櫻木真乃/【だいすきだよ】櫻木真乃/【だいすきだよ】櫻木真乃02.csv,31,3001025020300,真乃,"ほわ……
本当だ……似てるね……！",櫻木真乃,【だいすきだよ】櫻木真乃,【だいすきだよ】櫻木真乃02
櫻木真乃/【だいすきだよ】櫻木真乃/【だいすきだよ】櫻木真乃02.csv,36,3001025020350,真乃,"あ……
そうなのかな……",櫻木真乃,【だいすきだよ】櫻木真乃,【だいすきだよ】櫻木真乃02
櫻木真乃/【だいすきだよ】櫻木真乃/【だいすきだよ】櫻木真乃02.csv,40,3001025020390,真乃,"え……ううん
そんなふうに思ってないよ",櫻木真乃,【だいすきだよ】櫻木真乃,【だいすきだよ】櫻木真乃02
櫻木真乃/【だいすきだよ】櫻木真乃/【だいすきだよ】櫻木真乃02.csv,46,3001025020450,真乃,"あ……
なんか、わかったかも……",櫻木真乃,【だいすきだよ】櫻木真乃,【だいすきだよ】櫻木真乃02
櫻木真乃/【だいすきだよ】櫻木真乃/【だいすきだよ】櫻木真乃02.csv,49,3001025020480,真乃,"感謝を伝えるだけじゃなくて
受け取ることも大事なんじゃないかな……",櫻木真乃,【だいすきだよ】櫻木真乃,【だいすきだよ】櫻木真乃02
櫻木真乃/【だいすきだよ】櫻木真乃/【だいすきだよ】櫻木真乃02.csv,54,3001025020530,真乃,"心からの気持ちを贈り合いながら
自分たちも来てくれた人たちも幸せになれるような……",櫻木真乃,【だいすきだよ】櫻木真乃,【だいすきだよ】櫻木真乃02
櫻木真乃/【だいすきだよ】櫻木真乃/【だいすきだよ】櫻木真乃02.csv,55,3001025020540,真乃,"……そんな
すてきな結婚式……かな……",櫻木真乃,【だいすきだよ】櫻木真乃,【だいすきだよ】櫻木真乃02
櫻木真乃/【だいすきだよ】櫻木真乃/【だいすきだよ】櫻木真乃02.csv,59,3001025020580,真乃,ふふ,櫻木真乃,【だいすきだよ】櫻木真乃,【だいすきだよ】櫻木真乃02
櫻木真乃/【だいすきだよ】櫻木真乃/【だいすきだよ】櫻木真乃03.csv,2,3001025030010,真乃,"────おはよう
灯織ちゃん、めぐるちゃん",櫻木真乃,【だいすきだよ】櫻木真乃,【だいすきだよ】櫻木真乃03
櫻木真乃/【だいすきだよ】櫻木真乃/【だいすきだよ】櫻木真乃03.csv,5,3001025030030,真乃,うん……っ,櫻木真乃,【だいすきだよ】櫻木真乃,【だいすきだよ】櫻木真乃03
櫻木真乃/【だいすきだよ】櫻木真乃/【だいすきだよ】櫻木真乃03.csv,8,3001025030060,真乃,"記者の方にもよろこんでもらえたね
うれしいな……",櫻木真乃,【だいすきだよ】櫻木真乃,【だいすきだよ】櫻木真乃03
櫻木真乃/【だいすきだよ】櫻木真乃/【だいすきだよ】櫻木真乃03.csv,10,3001025030080,真乃,"……あ……
……あのね……",櫻木真乃,【だいすきだよ】櫻木真乃,【だいすきだよ】櫻木真乃03
櫻木真乃/【だいすきだよ】櫻木真乃/【だいすきだよ】櫻木真乃03.csv,11,3001025030090,真乃,等身大で、何もわからなくて……,櫻木真乃,【だいすきだよ】櫻木真乃,【だいすきだよ】櫻木真乃03
櫻木真乃/【だいすきだよ】櫻木真乃/【だいすきだよ】櫻木真乃03.csv,12,3001025030100,真乃,"不安で揺らいでるような……
それでいいのかも、だけど……",櫻木真乃,【だいすきだよ】櫻木真乃,【だいすきだよ】櫻木真乃03
櫻木真乃/【だいすきだよ】櫻木真乃/【だいすきだよ】櫻木真乃03.csv,13,3001025030110,真乃,"この特集に選んでいただいてから
いろんなことを知って……いっぱい、考えてきたから──",櫻木真乃,【だいすきだよ】櫻木真乃,【だいすきだよ】櫻木真乃03
櫻木真乃/【だいすきだよ】櫻木真乃/【だいすきだよ】櫻木真乃03.csv,14,3001025030120,真乃,"──だから、今の私たちが出せる
等身大の答えが出せたら……いいなって",櫻木真乃,【だいすきだよ】櫻木真乃,【だいすきだよ】櫻木真乃03
櫻木真乃/【だいすきだよ】櫻木真乃/【だいすきだよ】櫻木真乃03.csv,18,3001025030150,真乃,"ほわ……
灯織ちゃん、めぐるちゃん……",櫻木真乃,【だいすきだよ】櫻木真乃,【だいすきだよ】櫻木真乃03
櫻木真乃/【だいすきだよ】櫻木真乃/【だいすきだよ】櫻木真乃03.csv,22,3001025030190,真乃,私も……っ,櫻木真乃,【だいすきだよ】櫻木真乃,【だいすきだよ】櫻木真乃03
櫻木真乃/【だいすきだよ】櫻木真乃/【だいすきだよ】櫻木真乃03.csv,27,3001025030231,真乃＆めぐる,うん……っ,櫻木真乃,【だいすきだよ】櫻木真乃,【だいすきだよ】櫻木真乃03
櫻木真乃/【だいすきだよ】櫻木真乃/【だいすきだよ】櫻木真乃03.csv,31,3001025030270,真乃,灯織ちゃんは、どんなふうに思ったの……？,櫻木真乃,【だいすきだよ】櫻木真乃,【だいすきだよ】櫻木真乃03
櫻木真乃/【だいすきだよ】櫻木真乃/【だいすきだよ】櫻木真乃03.csv,36,3001025030320,真乃,ふたりとも、すてきな答え……っ,櫻木真乃,【だいすきだよ】櫻木真乃,【だいすきだよ】櫻木真乃03
櫻木真乃/【だいすきだよ】櫻木真乃/【だいすきだよ】櫻木真乃03.csv,38,3001025030340,真乃,う、うん……っ,櫻木真乃,【だいすきだよ】櫻木真乃,【だいすきだよ】櫻木真乃03
櫻木真乃/【だいすきだよ】櫻木真乃/【だいすきだよ】櫻木真乃03.csv,39,3001025030350,真乃,"私も、ふたりとおんなじように
考えて……",櫻木真乃,【だいすきだよ】櫻木真乃,【だいすきだよ】櫻木真乃03
櫻木真乃/【だいすきだよ】櫻木真乃/【だいすきだよ】櫻木真乃03.csv,40,3001025030360,真乃,……ふたりの答えも、いいなって思って……,櫻木真乃,【だいすきだよ】櫻木真乃,【だいすきだよ】櫻木真乃03
櫻木真乃/【だいすきだよ】櫻木真乃/【だいすきだよ】櫻木真乃03.csv,42,3001025030380,真乃,"ほわ
……あ……",櫻木真乃,【だいすきだよ】櫻木真乃,【だいすきだよ】櫻木真乃03
櫻木真乃/【だいすきだよ】櫻木真乃/【だいすきだよ】櫻木真乃03.csv,43,3001025030390,真乃,一緒にいると、自分らしくいられる人……──,櫻木真乃,【だいすきだよ】櫻木真乃,【だいすきだよ】櫻木真乃03
櫻木真乃/【だいすきだよ】櫻木真乃/【だいすきだよ】櫻木真乃03.csv,44,3001025030400,真乃,"……それも、とてもすてきだなって
思ったんだ",櫻木真乃,【だいすきだよ】櫻木真乃,【だいすきだよ】櫻木真乃03
櫻木真乃/【だいすきだよ】櫻木真乃/【だいすきだよ】櫻木真乃03.csv,47,3001025030421,真乃＆灯織,そ、そうかも……っ,櫻木真乃,【だいすきだよ】櫻木真乃,【だいすきだよ】櫻木真乃03
櫻木真乃/【だいすきだよ】櫻木真乃/【だいすきだよ】櫻木真乃03.csv,49,3001025030440,真乃,……うん,櫻木真乃,【だいすきだよ】櫻木真乃,【だいすきだよ】櫻木真乃03
櫻木真乃/【だいすきだよ】櫻木真乃/【だいすきだよ】櫻木真乃03.csv,50,3001025030450,真乃,私たちはおごそかに誓います────……,櫻木真乃,【だいすきだよ】櫻木真乃,【だいすきだよ】櫻木真乃03
櫻木真乃/【だいすきだよ】櫻木真乃/【だいすきだよ】櫻木真乃03.csv,51,3001025030460,真乃,頭上に輝く一等星のあらん限り,櫻木真乃,【だいすきだよ】櫻木真乃,【だいすきだよ】櫻木真乃03
櫻木真乃/【だいすきだよ】櫻木真乃/【だいすきだよ】櫻木真乃03.csv,55,3001025030500,真乃,"イルミネーションスターズは
ずっと一緒です……っ",櫻木真乃,【だいすきだよ】櫻木真乃,【だいすきだよ】櫻木真乃03
櫻木真乃/【つむぎ、まばゆく。星屑たち】櫻木真乃/いずれもまばゆい宝物.csv,3,3001012030020,真乃,あるかな……？,櫻木真乃,【つむぎ、まばゆく。星屑たち】櫻木真乃,いずれもまばゆい宝物
櫻木真乃/【つむぎ、まばゆく。星屑たち】櫻木真乃/いずれもまばゆい宝物.csv,8,3001012030070,真乃,うんっ,櫻木真乃,【つむぎ、まばゆく。星屑たち】櫻木真乃,いずれもまばゆい宝物
櫻木真乃/【つむぎ、まばゆく。星屑たち】櫻木真乃/いずれもまばゆい宝物.csv,9,3001012030080,真乃,"あっ……は、はいっ！
ビンゴ、です……っ！",櫻木真乃,【つむぎ、まばゆく。星屑たち】櫻木真乃,いずれもまばゆい宝物
櫻木真乃/【つむぎ、まばゆく。星屑たち】櫻木真乃/いずれもまばゆい宝物.csv,11,3001012030100,真乃,"ふふっ。アンティーカのみんなと
たこ焼きパーティーするって、思わなかった……っ",櫻木真乃,【つむぎ、まばゆく。星屑たち】櫻木真乃,いずれもまばゆい宝物
櫻木真乃/【つむぎ、まばゆく。星屑たち】櫻木真乃/いずれもまばゆい宝物.csv,15,3001012030140,真乃,"うんっ
１巻、予習しなきゃ……っ",櫻木真乃,【つむぎ、まばゆく。星屑たち】櫻木真乃,いずれもまばゆい宝物
櫻木真乃/【つむぎ、まばゆく。星屑たち】櫻木真乃/いずれもまばゆい宝物.csv,19,3001012030171,真乃＆めぐる,うんっ……,櫻木真乃,【つむぎ、まばゆく。星屑たち】櫻木真乃,いずれもまばゆい宝物
櫻木真乃/【つむぎ、まばゆく。星屑たち】櫻木真乃/いずれもまばゆい宝物.csv,23,3001012030210,真乃,ラジャーっ,櫻木真乃,【つむぎ、まばゆく。星屑たち】櫻木真乃,いずれもまばゆい宝物
櫻木真乃/【つむぎ、まばゆく。星屑たち】櫻木真乃/いずれもまばゆい宝物.csv,25,3001012030230,真乃,…………,櫻木真乃,【つむぎ、まばゆく。星屑たち】櫻木真乃,いずれもまばゆい宝物
櫻木真乃/【つむぎ、まばゆく。星屑たち】櫻木真乃/いずれもまばゆい宝物.csv,28,3001012030260,真乃,"……
うん、このページでいったん終わるね……",櫻木真乃,【つむぎ、まばゆく。星屑たち】櫻木真乃,いずれもまばゆい宝物
櫻木真乃/【つむぎ、まばゆく。星屑たち】櫻木真乃/いずれもまばゆい宝物.csv,32,3001012030300,真乃,いつでも、声かけてね……,櫻木真乃,【つむぎ、まばゆく。星屑たち】櫻木真乃,いずれもまばゆい宝物
櫻木真乃/【つむぎ、まばゆく。星屑たち】櫻木真乃/いずれもまばゆい宝物.csv,34,3001012030311,真乃＆めぐる,んー……,櫻木真乃,【つむぎ、まばゆく。星屑たち】櫻木真乃,いずれもまばゆい宝物
櫻木真乃/【つむぎ、まばゆく。星屑たち】櫻木真乃/いずれもまばゆい宝物.csv,36,3001012030330,真乃,う、うん……,櫻木真乃,【つむぎ、まばゆく。星屑たち】櫻木真乃,いずれもまばゆい宝物
櫻木真乃/【つむぎ、まばゆく。星屑たち】櫻木真乃/いずれもまばゆい宝物.csv,38,3001012030350,真乃,あ──,櫻木真乃,【つむぎ、まばゆく。星屑たち】櫻木真乃,いずれもまばゆい宝物
櫻木真乃/【つむぎ、まばゆく。星屑たち】櫻木真乃/いずれもまばゆい宝物.csv,39,3001012030360,真乃,"えっとね、
それじゃあ、あと10秒くらい……っ",櫻木真乃,【つむぎ、まばゆく。星屑たち】櫻木真乃,いずれもまばゆい宝物
櫻木真乃/【つむぎ、まばゆく。星屑たち】櫻木真乃/いずれもまばゆい宝物.csv,41,3001012030380,真乃,…………,櫻木真乃,【つむぎ、まばゆく。星屑たち】櫻木真乃,いずれもまばゆい宝物
櫻木真乃/【つむぎ、まばゆく。星屑たち】櫻木真乃/いずれもまばゆい宝物.csv,44,3001012030410,真乃,…………,櫻木真乃,【つむぎ、まばゆく。星屑たち】櫻木真乃,いずれもまばゆい宝物
櫻木真乃/【つむぎ、まばゆく。星屑たち】櫻木真乃/いずれもまばゆい宝物.csv,48,3001012030450,真乃,"う、うんっ
いつも……いつも見てたのに、どうして……っ",櫻木真乃,【つむぎ、まばゆく。星屑たち】櫻木真乃,いずれもまばゆい宝物
櫻木真乃/【つむぎ、まばゆく。星屑たち】櫻木真乃/いずれもまばゆい宝物.csv,51,3001012030480,真乃,うんっ……,櫻木真乃,【つむぎ、まばゆく。星屑たち】櫻木真乃,いずれもまばゆい宝物
櫻木真乃/【つむぎ、まばゆく。星屑たち】櫻木真乃/いずれもまばゆい宝物.csv,54,3001012030510,真乃,"お、お手紙、どうにかできないのかな……
いたずら猫さんが、持ってってくれたりとか……",櫻木真乃,【つむぎ、まばゆく。星屑たち】櫻木真乃,いずれもまばゆい宝物
櫻木真乃/【つむぎ、まばゆく。星屑たち】櫻木真乃/いずれもまばゆい宝物.csv,57,3001012030540,真乃,"し、知ってるんだもんね……
この後のことっ",櫻木真乃,【つむぎ、まばゆく。星屑たち】櫻木真乃,いずれもまばゆい宝物
櫻木真乃/【つむぎ、まばゆく。星屑たち】櫻木真乃/いずれもまばゆい宝物.csv,59,3001012030551,真乃＆めぐる,あーっ,櫻木真乃,【つむぎ、まばゆく。星屑たち】櫻木真乃,いずれもまばゆい宝物
櫻木真乃/【つむぎ、まばゆく。星屑たち】櫻木真乃/いずれもまばゆい宝物.csv,61,3001012030570,真乃,うん……っ,櫻木真乃,【つむぎ、まばゆく。星屑たち】櫻木真乃,いずれもまばゆい宝物
櫻木真乃/【つむぎ、まばゆく。星屑たち】櫻木真乃/いずれもまばゆい宝物.csv,66,3001012030610,真乃,ゆっくり見よう、灯織ちゃん,櫻木真乃,【つむぎ、まばゆく。星屑たち】櫻木真乃,いずれもまばゆい宝物
櫻木真乃/【つむぎ、まばゆく。星屑たち】櫻木真乃/いずれもまばゆい宝物.csv,72,3001012030670,真乃,わっ、大丈夫……っ,櫻木真乃,【つむぎ、まばゆく。星屑たち】櫻木真乃,いずれもまばゆい宝物
櫻木真乃/【つむぎ、まばゆく。星屑たち】櫻木真乃/いずれもまばゆい宝物.csv,76,3001012030700,真乃,"──ふふっ
ふふふっ……",櫻木真乃,【つむぎ、まばゆく。星屑たち】櫻木真乃,いずれもまばゆい宝物
櫻木真乃/【つむぎ、まばゆく。星屑たち】櫻木真乃/いずれもまばゆい宝物.csv,77,3001012030710,真乃,……楽しい……っ,櫻木真乃,【つむぎ、まばゆく。星屑たち】櫻木真乃,いずれもまばゆい宝物
櫻木真乃/【つむぎ、まばゆく。星屑たち】櫻木真乃/いずれもまばゆい宝物.csv,83,3001012030760,真乃,うん……っ,櫻木真乃,【つむぎ、まばゆく。星屑たち】櫻木真乃,いずれもまばゆい宝物
櫻木真乃/【つむぎ、まばゆく。星屑たち】櫻木真乃/いずれもまばゆい宝物.csv,84,3001012030770,真乃,…………────,櫻木真乃,【つむぎ、まばゆく。星屑たち】櫻木真乃,いずれもまばゆい宝物
櫻木真乃/【つむぎ、まばゆく。星屑たち】櫻木真乃/いずれもまばゆい宝物.csv,85,3001012030780,真乃,"──これも
いつか捨てちゃうのかな……",櫻木真乃,【つむぎ、まばゆく。星屑たち】櫻木真乃,いずれもまばゆい宝物
櫻木真乃/【つむぎ、まばゆく。星屑たち】櫻木真乃/いずれもまばゆい宝物.csv,86,3001012030790,真乃,"──私
きれいだなって思うこともあるんだ",櫻木真乃,【つむぎ、まばゆく。星屑たち】櫻木真乃,いずれもまばゆい宝物
櫻木真乃/【つむぎ、まばゆく。星屑たち】櫻木真乃/いずれもまばゆい宝物.csv,88,3001012030810,真乃,"拾ってたら、
いろんなごみがあるんだけど……",櫻木真乃,【つむぎ、まばゆく。星屑たち】櫻木真乃,いずれもまばゆい宝物
櫻木真乃/【つむぎ、まばゆく。星屑たち】櫻木真乃/いずれもまばゆい宝物.csv,89,3001012030820,真乃,"どれも最初はきれいで、
おいしかったり、使いやすかったり、みんなの役に立ってて",櫻木真乃,【つむぎ、まばゆく。星屑たち】櫻木真乃,いずれもまばゆい宝物
櫻木真乃/【つむぎ、まばゆく。星屑たち】櫻木真乃/いずれもまばゆい宝物.csv,90,3001012030830,真乃,"誰かがいっぱい考えて作ってくれた、
とっても素敵なものだったって思うの",櫻木真乃,【つむぎ、まばゆく。星屑たち】櫻木真乃,いずれもまばゆい宝物
櫻木真乃/【つむぎ、まばゆく。星屑たち】櫻木真乃/いずれもまばゆい宝物.csv,92,3001012030850,真乃,──────……,櫻木真乃,【つむぎ、まばゆく。星屑たち】櫻木真乃,いずれもまばゆい宝物
櫻木真乃/【つむぎ、まばゆく。星屑たち】櫻木真乃/いずれもまばゆい宝物.csv,93,3001012030860,真乃,"……
捨てないかぎりは、宝物だから…………",櫻木真乃,【つむぎ、まばゆく。星屑たち】櫻木真乃,いずれもまばゆい宝物
櫻木真乃/【つむぎ、まばゆく。星屑たち】櫻木真乃/いずれもまばゆい宝物.csv,94,3001012030870,真乃,この本も、たこ焼き器も────,櫻木真乃,【つむぎ、まばゆく。星屑たち】櫻木真乃,いずれもまばゆい宝物
櫻木真乃/【つむぎ、まばゆく。星屑たち】櫻木真乃/いずれもまばゆい宝物.csv,95,3001012030880,真乃,ずっと……,櫻木真乃,【つむぎ、まばゆく。星屑たち】櫻木真乃,いずれもまばゆい宝物
櫻木真乃/【つむぎ、まばゆく。星屑たち】櫻木真乃/いずれもまばゆい宝物.csv,96,3001012030890,真乃,私たちの…………,櫻木真乃,【つむぎ、まばゆく。星屑たち】櫻木真乃,いずれもまばゆい宝物
櫻木真乃/【つむぎ、まばゆく。星屑たち】櫻木真乃/両手に持てるだけの星屑.csv,2,3001012010001,真乃＆めぐる,"……っ……はっ……
……はっ……",櫻木真乃,【つむぎ、まばゆく。星屑たち】櫻木真乃,両手に持てるだけの星屑
櫻木真乃/【つむぎ、まばゆく。星屑たち】櫻木真乃/両手に持てるだけの星屑.csv,3,3001012010010,真乃,"……っ……
はっ……────",櫻木真乃,【つむぎ、まばゆく。星屑たち】櫻木真乃,両手に持てるだけの星屑
櫻木真乃/【つむぎ、まばゆく。星屑たち】櫻木真乃/両手に持てるだけの星屑.csv,5,3001012010021,真乃＆めぐる,"────
はぁ…………っ",櫻木真乃,【つむぎ、まばゆく。星屑たち】櫻木真乃,両手に持てるだけの星屑
櫻木真乃/【つむぎ、まばゆく。星屑たち】櫻木真乃/両手に持てるだけの星屑.csv,6,3001012010030,真乃,"……っ
────ふふっ……",櫻木真乃,【つむぎ、まばゆく。星屑たち】櫻木真乃,両手に持てるだけの星屑
櫻木真乃/【つむぎ、まばゆく。星屑たち】櫻木真乃/両手に持てるだけの星屑.csv,7,3001012010040,真乃,夕焼け…………,櫻木真乃,【つむぎ、まばゆく。星屑たち】櫻木真乃,両手に持てるだけの星屑
櫻木真乃/【つむぎ、まばゆく。星屑たち】櫻木真乃/両手に持てるだけの星屑.csv,10,3001012010070,真乃,"──
それじゃあ……",櫻木真乃,【つむぎ、まばゆく。星屑たち】櫻木真乃,両手に持てるだけの星屑
櫻木真乃/【つむぎ、まばゆく。星屑たち】櫻木真乃/両手に持てるだけの星屑.csv,11,3001012010080,真乃,"暗くなっちゃう前に……
もう一周……っ",櫻木真乃,【つむぎ、まばゆく。星屑たち】櫻木真乃,両手に持てるだけの星屑
櫻木真乃/【つむぎ、まばゆく。星屑たち】櫻木真乃/両手に持てるだけの星屑.csv,13,3001012010100,真乃,あ……っ,櫻木真乃,【つむぎ、まばゆく。星屑たち】櫻木真乃,両手に持てるだけの星屑
櫻木真乃/【つむぎ、まばゆく。星屑たち】櫻木真乃/両手に持てるだけの星屑.csv,15,3001012010120,真乃,う、うん……っ,櫻木真乃,【つむぎ、まばゆく。星屑たち】櫻木真乃,両手に持てるだけの星屑
櫻木真乃/【つむぎ、まばゆく。星屑たち】櫻木真乃/両手に持てるだけの星屑.csv,16,3001012010130,真乃,"空き缶、
蹴っちゃったみたい……",櫻木真乃,【つむぎ、まばゆく。星屑たち】櫻木真乃,両手に持てるだけの星屑
櫻木真乃/【つむぎ、まばゆく。星屑たち】櫻木真乃/両手に持てるだけの星屑.csv,18,3001012010150,真乃,"大丈夫
──でも、缶が……",櫻木真乃,【つむぎ、まばゆく。星屑たち】櫻木真乃,両手に持てるだけの星屑
櫻木真乃/【つむぎ、まばゆく。星屑たち】櫻木真乃/両手に持てるだけの星屑.csv,21,3001012010180,真乃,たぶん……こっちの方なんだけど……,櫻木真乃,【つむぎ、まばゆく。星屑たち】櫻木真乃,両手に持てるだけの星屑
櫻木真乃/【つむぎ、まばゆく。星屑たち】櫻木真乃/両手に持てるだけの星屑.csv,24,3001012010210,真乃,"ふふっ
サイダーだったんだね",櫻木真乃,【つむぎ、まばゆく。星屑たち】櫻木真乃,両手に持てるだけの星屑
櫻木真乃/【つむぎ、まばゆく。星屑たち】櫻木真乃/両手に持てるだけの星屑.csv,26,3001012010230,真乃,うん……,櫻木真乃,【つむぎ、まばゆく。星屑たち】櫻木真乃,両手に持てるだけの星屑
櫻木真乃/【つむぎ、まばゆく。星屑たち】櫻木真乃/両手に持てるだけの星屑.csv,27,3001012010240,真乃,持って帰ろうかな……,櫻木真乃,【つむぎ、まばゆく。星屑たち】櫻木真乃,両手に持てるだけの星屑
櫻木真乃/【つむぎ、まばゆく。星屑たち】櫻木真乃/両手に持てるだけの星屑.csv,28,3001012010250,真乃,──サイダーくんと、ランニング……っ,櫻木真乃,【つむぎ、まばゆく。星屑たち】櫻木真乃,両手に持てるだけの星屑
櫻木真乃/【つむぎ、まばゆく。星屑たち】櫻木真乃/両手に持てるだけの星屑.csv,32,3001012010290,真乃,うんっ,櫻木真乃,【つむぎ、まばゆく。星屑たち】櫻木真乃,両手に持てるだけの星屑
櫻木真乃/【つむぎ、まばゆく。星屑たち】櫻木真乃/両手に持てるだけの星屑.csv,33,3001012010300,真乃,"……っ……
はっ……はっ……",櫻木真乃,【つむぎ、まばゆく。星屑たち】櫻木真乃,両手に持てるだけの星屑
櫻木真乃/【つむぎ、まばゆく。星屑たち】櫻木真乃/両手に持てるだけの星屑.csv,34,3001012010310,真乃,────っ,櫻木真乃,【つむぎ、まばゆく。星屑たち】櫻木真乃,両手に持てるだけの星屑
櫻木真乃/【つむぎ、まばゆく。星屑たち】櫻木真乃/両手に持てるだけの星屑.csv,35,3001012010320,真乃,"……
また……缶……",櫻木真乃,【つむぎ、まばゆく。星屑たち】櫻木真乃,両手に持てるだけの星屑
櫻木真乃/【つむぎ、まばゆく。星屑たち】櫻木真乃/両手に持てるだけの星屑.csv,36,3001012010330,真乃,────よい、しょ……,櫻木真乃,【つむぎ、まばゆく。星屑たち】櫻木真乃,両手に持てるだけの星屑
櫻木真乃/【つむぎ、まばゆく。星屑たち】櫻木真乃/両手に持てるだけの星屑.csv,37,3001012010340,真乃,"……っ……はっ……
はっ……",櫻木真乃,【つむぎ、まばゆく。星屑たち】櫻木真乃,両手に持てるだけの星屑
櫻木真乃/【つむぎ、まばゆく。星屑たち】櫻木真乃/両手に持てるだけの星屑.csv,38,3001012010350,真乃,────あ……,櫻木真乃,【つむぎ、まばゆく。星屑たち】櫻木真乃,両手に持てるだけの星屑
櫻木真乃/【つむぎ、まばゆく。星屑たち】櫻木真乃/両手に持てるだけの星屑.csv,39,3001012010360,真乃,また……缶……,櫻木真乃,【つむぎ、まばゆく。星屑たち】櫻木真乃,両手に持てるだけの星屑
櫻木真乃/【つむぎ、まばゆく。星屑たち】櫻木真乃/両手に持てるだけの星屑.csv,40,3001012010370,真乃,"……っ
こっちにも────",櫻木真乃,【つむぎ、まばゆく。星屑たち】櫻木真乃,両手に持てるだけの星屑
櫻木真乃/【つむぎ、まばゆく。星屑たち】櫻木真乃/両手に持てるだけの星屑.csv,41,3001012010380,真乃,"…………
手……ふさがっちゃった……",櫻木真乃,【つむぎ、まばゆく。星屑たち】櫻木真乃,両手に持てるだけの星屑
櫻木真乃/【つむぎ、まばゆく。星屑たち】櫻木真乃/両手に持てるだけの星屑.csv,42,3001012010390,真乃,"ごめんね……
りんごジュースさん……っ",櫻木真乃,【つむぎ、まばゆく。星屑たち】櫻木真乃,両手に持てるだけの星屑
櫻木真乃/【つむぎ、まばゆく。星屑たち】櫻木真乃/両手に持てるだけの星屑.csv,43,3001012010400,真乃,後で来るね……っ,櫻木真乃,【つむぎ、まばゆく。星屑たち】櫻木真乃,両手に持てるだけの星屑
櫻木真乃/【つむぎ、まばゆく。星屑たち】櫻木真乃/両手に持てるだけの星屑.csv,44,3001012010410,真乃,"……っ
はっ……はっ……",櫻木真乃,【つむぎ、まばゆく。星屑たち】櫻木真乃,両手に持てるだけの星屑
櫻木真乃/【つむぎ、まばゆく。星屑たち】櫻木真乃/両手に持てるだけの星屑.csv,48,3001012010450,真乃,"────っ
めぐるちゃん……？",櫻木真乃,【つむぎ、まばゆく。星屑たち】櫻木真乃,両手に持てるだけの星屑
櫻木真乃/【つむぎ、まばゆく。星屑たち】櫻木真乃/両手に持てるだけの星屑.csv,50,3001012010470,真乃,"……っ
えっとね……その……────",櫻木真乃,【つむぎ、まばゆく。星屑たち】櫻木真乃,両手に持てるだけの星屑
櫻木真乃/【つむぎ、まばゆく。星屑たち】櫻木真乃/両手に持てるだけの星屑.csv,53,3001012010500,真乃,う、うん……っ,櫻木真乃,【つむぎ、まばゆく。星屑たち】櫻木真乃,両手に持てるだけの星屑
櫻木真乃/【つむぎ、まばゆく。星屑たち】櫻木真乃/両手に持てるだけの星屑.csv,54,3001012010510,真乃,"ひとつ見つけたら、
いっぱい、目に入っちゃうようになって……",櫻木真乃,【つむぎ、まばゆく。星屑たち】櫻木真乃,両手に持てるだけの星屑
櫻木真乃/【つむぎ、まばゆく。星屑たち】櫻木真乃/両手に持てるだけの星屑.csv,56,3001012010530,真乃,うん……,櫻木真乃,【つむぎ、まばゆく。星屑たち】櫻木真乃,両手に持てるだけの星屑
櫻木真乃/【つむぎ、まばゆく。星屑たち】櫻木真乃/両手に持てるだけの星屑.csv,57,3001012010540,真乃,"あの後も
走ってると、落ちてるなって……",櫻木真乃,【つむぎ、まばゆく。星屑たち】櫻木真乃,両手に持てるだけの星屑
櫻木真乃/【つむぎ、まばゆく。星屑たち】櫻木真乃/両手に持てるだけの星屑.csv,58,3001012010550,真乃,"でも、２つしか持てないから
袋を持っていくことにしたの……っ",櫻木真乃,【つむぎ、まばゆく。星屑たち】櫻木真乃,両手に持てるだけの星屑
櫻木真乃/【つむぎ、まばゆく。星屑たち】櫻木真乃/両手に持てるだけの星屑.csv,60,3001012010570,真乃,……？,櫻木真乃,【つむぎ、まばゆく。星屑たち】櫻木真乃,両手に持てるだけの星屑
櫻木真乃/【つむぎ、まばゆく。星屑たち】櫻木真乃/両手に持てるだけの星屑.csv,62,3001012010590,真乃,"……
めぐるちゃん",櫻木真乃,【つむぎ、まばゆく。星屑たち】櫻木真乃,両手に持てるだけの星屑
櫻木真乃/【つむぎ、まばゆく。星屑たち】櫻木真乃/両手に持てるだけの星屑.csv,64,3001012010610,真乃,──あっ……,櫻木真乃,【つむぎ、まばゆく。星屑たち】櫻木真乃,両手に持てるだけの星屑
櫻木真乃/【つむぎ、まばゆく。星屑たち】櫻木真乃/両手に持てるだけの星屑.csv,66,3001012010630,真乃,"い、いいの……っ
私が、勝手にやってることだから────",櫻木真乃,【つむぎ、まばゆく。星屑たち】櫻木真乃,両手に持てるだけの星屑
櫻木真乃/【つむぎ、まばゆく。星屑たち】櫻木真乃/両手に持てるだけの星屑.csv,69,3001012010660,真乃,"────っ
めぐるちゃん……",櫻木真乃,【つむぎ、まばゆく。星屑たち】櫻木真乃,両手に持てるだけの星屑
櫻木真乃/【つむぎ、まばゆく。星屑たち】櫻木真乃/両手に持てるだけの星屑.csv,70,3001012010670,真乃,そしたら、えっと────,櫻木真乃,【つむぎ、まばゆく。星屑たち】櫻木真乃,両手に持てるだけの星屑
櫻木真乃/【つむぎ、まばゆく。星屑たち】櫻木真乃/両手に持てるだけの星屑.csv,71,3001012010680,真乃,一緒に、持てるだけ……,櫻木真乃,【つむぎ、まばゆく。星屑たち】櫻木真乃,両手に持てるだけの星屑
櫻木真乃/【つむぎ、まばゆく。星屑たち】櫻木真乃/両手に持てるだけの星屑.csv,72,3001012010690,真乃,一緒に持てる分だけ、拾おう……っ,櫻木真乃,【つむぎ、まばゆく。星屑たち】櫻木真乃,両手に持てるだけの星屑
櫻木真乃/【つむぎ、まばゆく。星屑たち】櫻木真乃/両手に持てるだけの星屑.csv,73,3001012010700,真乃,──その、隣どうしで,櫻木真乃,【つむぎ、まばゆく。星屑たち】櫻木真乃,両手に持てるだけの星屑
櫻木真乃/【つむぎ、まばゆく。星屑たち】櫻木真乃/両手に持てるだけの星屑.csv,76,3001012010730,真乃,"えっ
あ──",櫻木真乃,【つむぎ、まばゆく。星屑たち】櫻木真乃,両手に持てるだけの星屑
櫻木真乃/【つむぎ、まばゆく。星屑たち】櫻木真乃/両手に持てるだけの星屑.csv,79,3001012010760,真乃,──ふふっ,櫻木真乃,【つむぎ、まばゆく。星屑たち】櫻木真乃,両手に持てるだけの星屑
櫻木真乃/【つむぎ、まばゆく。星屑たち】櫻木真乃/両手に持てるだけの星屑.csv,80,3001012010770,真乃,うん……っ,櫻木真乃,【つむぎ、まばゆく。星屑たち】櫻木真乃,両手に持てるだけの星屑
櫻木真乃/【つむぎ、まばゆく。星屑たち】櫻木真乃/今はとけても。いつかは.csv,5,3001012020040,真乃,灯織ちゃん、グレープあったよ,櫻木真乃,【つむぎ、まばゆく。星屑たち】櫻木真乃,今はとけても。いつかは
櫻木真乃/【つむぎ、まばゆく。星屑たち】櫻木真乃/今はとけても。いつかは.csv,9,3001012020080,真乃,ま、迷っちゃうね……っ,櫻木真乃,【つむぎ、まばゆく。星屑たち】櫻木真乃,今はとけても。いつかは
櫻木真乃/【つむぎ、まばゆく。星屑たち】櫻木真乃/今はとけても。いつかは.csv,11,3001012020100,真乃,"えっと……
バニラも、いっぱい種類があって……",櫻木真乃,【つむぎ、まばゆく。星屑たち】櫻木真乃,今はとけても。いつかは
櫻木真乃/【つむぎ、まばゆく。星屑たち】櫻木真乃/今はとけても。いつかは.csv,12,3001012020110,真乃,うーん……,櫻木真乃,【つむぎ、まばゆく。星屑たち】櫻木真乃,今はとけても。いつかは
櫻木真乃/【つむぎ、まばゆく。星屑たち】櫻木真乃/今はとけても。いつかは.csv,14,3001012020121,真乃＆灯織＆めぐる,──あははっ……,櫻木真乃,【つむぎ、まばゆく。星屑たち】櫻木真乃,今はとけても。いつかは
櫻木真乃/【つむぎ、まばゆく。星屑たち】櫻木真乃/今はとけても。いつかは.csv,18,3001012020160,真乃,……？,櫻木真乃,【つむぎ、まばゆく。星屑たち】櫻木真乃,今はとけても。いつかは
櫻木真乃/【つむぎ、まばゆく。星屑たち】櫻木真乃/今はとけても。いつかは.csv,20,3001012020180,真乃,"ほわ……
さっきお買い物して戻ったみたいだったけど……",櫻木真乃,【つむぎ、まばゆく。星屑たち】櫻木真乃,今はとけても。いつかは
櫻木真乃/【つむぎ、まばゆく。星屑たち】櫻木真乃/今はとけても。いつかは.csv,22,3001012020200,真乃,"あ、そっか……
私たちも、ここで捨てさせてもらった方がいいよね……っ",櫻木真乃,【つむぎ、まばゆく。星屑たち】櫻木真乃,今はとけても。いつかは
櫻木真乃/【つむぎ、まばゆく。星屑たち】櫻木真乃/今はとけても。いつかは.csv,25,3001012020230,真乃,……う、うん……っ,櫻木真乃,【つむぎ、まばゆく。星屑たち】櫻木真乃,今はとけても。いつかは
櫻木真乃/【つむぎ、まばゆく。星屑たち】櫻木真乃/今はとけても。いつかは.csv,27,3001012020250,真乃,……,櫻木真乃,【つむぎ、まばゆく。星屑たち】櫻木真乃,今はとけても。いつかは
櫻木真乃/【つむぎ、まばゆく。星屑たち】櫻木真乃/今はとけても。いつかは.csv,29,3001012020270,真乃,楽しそうだね……,櫻木真乃,【つむぎ、まばゆく。星屑たち】櫻木真乃,今はとけても。いつかは
櫻木真乃/【つむぎ、まばゆく。星屑たち】櫻木真乃/今はとけても。いつかは.csv,32,3001012020300,真乃,"……っ
そんなことは……ないと思うけど……",櫻木真乃,【つむぎ、まばゆく。星屑たち】櫻木真乃,今はとけても。いつかは
櫻木真乃/【つむぎ、まばゆく。星屑たち】櫻木真乃/今はとけても。いつかは.csv,33,3001012020310,真乃,でも……,櫻木真乃,【つむぎ、まばゆく。星屑たち】櫻木真乃,今はとけても。いつかは
櫻木真乃/【つむぎ、まばゆく。星屑たち】櫻木真乃/今はとけても。いつかは.csv,34,3001012020320,真乃,……気を遣ってくれたり、しちゃうかな……,櫻木真乃,【つむぎ、まばゆく。星屑たち】櫻木真乃,今はとけても。いつかは
櫻木真乃/【つむぎ、まばゆく。星屑たち】櫻木真乃/今はとけても。いつかは.csv,37,3001012020350,真乃,えっ？,櫻木真乃,【つむぎ、まばゆく。星屑たち】櫻木真乃,今はとけても。いつかは
櫻木真乃/【つむぎ、まばゆく。星屑たち】櫻木真乃/今はとけても。いつかは.csv,39,3001012020370,真乃,"……ふふっ
私たち……？",櫻木真乃,【つむぎ、まばゆく。星屑たち】櫻木真乃,今はとけても。いつかは
櫻木真乃/【つむぎ、まばゆく。星屑たち】櫻木真乃/今はとけても。いつかは.csv,40,3001012020380,真乃,もっと、仲良しだったりするかな……？,櫻木真乃,【つむぎ、まばゆく。星屑たち】櫻木真乃,今はとけても。いつかは
櫻木真乃/【つむぎ、まばゆく。星屑たち】櫻木真乃/今はとけても。いつかは.csv,41,3001012020390,真乃,"学校から一緒に帰って、
帰ってから、一緒に遊びに行って……",櫻木真乃,【つむぎ、まばゆく。星屑たち】櫻木真乃,今はとけても。いつかは
櫻木真乃/【つむぎ、まばゆく。星屑たち】櫻木真乃/今はとけても。いつかは.csv,44,3001012020420,真乃,"あっ
３人ともおうちが隣同士だったら素敵だな……っ",櫻木真乃,【つむぎ、まばゆく。星屑たち】櫻木真乃,今はとけても。いつかは
櫻木真乃/【つむぎ、まばゆく。星屑たち】櫻木真乃/今はとけても。いつかは.csv,46,3001012020440,真乃,"わぁ……っ
い、いいね……っ",櫻木真乃,【つむぎ、まばゆく。星屑たち】櫻木真乃,今はとけても。いつかは
櫻木真乃/【つむぎ、まばゆく。星屑たち】櫻木真乃/今はとけても。いつかは.csv,47,3001012020450,真乃,"めぐるちゃんが、
屋根を伝ってお部屋に来てくれたり……っ",櫻木真乃,【つむぎ、まばゆく。星屑たち】櫻木真乃,今はとけても。いつかは
櫻木真乃/【つむぎ、まばゆく。星屑たち】櫻木真乃/今はとけても。いつかは.csv,50,3001012020480,真乃,じゃあ、私も……っ,櫻木真乃,【つむぎ、まばゆく。星屑たち】櫻木真乃,今はとけても。いつかは
櫻木真乃/【つむぎ、まばゆく。星屑たち】櫻木真乃/今はとけても。いつかは.csv,53,3001012020510,真乃,"うん……っ
バニラ",櫻木真乃,【つむぎ、まばゆく。星屑たち】櫻木真乃,今はとけても。いつかは
櫻木真乃/【つむぎ、まばゆく。星屑たち】櫻木真乃/今はとけても。いつかは.csv,56,3001012020531,真乃＆灯織,──ふふっ,櫻木真乃,【つむぎ、まばゆく。星屑たち】櫻木真乃,今はとけても。いつかは
櫻木真乃/【つむぎ、まばゆく。星屑たち】櫻木真乃/今はとけても。いつかは.csv,57,3001012020540,真乃,"──あ……ノクチルさんたち
戻っちゃうみたい……っ",櫻木真乃,【つむぎ、まばゆく。星屑たち】櫻木真乃,今はとけても。いつかは
櫻木真乃/【つむぎ、まばゆく。星屑たち】櫻木真乃/今はとけても。いつかは.csv,60,3001012020570,真乃,……,櫻木真乃,【つむぎ、まばゆく。星屑たち】櫻木真乃,今はとけても。いつかは
櫻木真乃/【つむぎ、まばゆく。星屑たち】櫻木真乃/今はとけても。いつかは.csv,62,3001012020590,真乃,灯織ちゃん……,櫻木真乃,【つむぎ、まばゆく。星屑たち】櫻木真乃,今はとけても。いつかは
櫻木真乃/【つむぎ、まばゆく。星屑たち】櫻木真乃/今はとけても。いつかは.csv,63,3001012020600,真乃,うん,櫻木真乃,【つむぎ、まばゆく。星屑たち】櫻木真乃,今はとけても。いつかは
櫻木真乃/【つむぎ、まばゆく。星屑たち】櫻木真乃/今はとけても。いつかは.csv,64,3001012020610,真乃,私も……っ,櫻木真乃,【つむぎ、まばゆく。星屑たち】櫻木真乃,今はとけても。いつかは
櫻木真乃/【つむぎ、まばゆく。星屑たち】櫻木真乃/今はとけても。いつかは.csv,65,3001012020620,真乃,とっても、仲良しだから……,櫻木真乃,【つむぎ、まばゆく。星屑たち】櫻木真乃,今はとけても。いつかは
櫻木真乃/【つむぎ、まばゆく。星屑たち】櫻木真乃/今はとけても。いつかは.csv,66,3001012020630,真乃,"声を掛けたら、
楽しい時間、終わっちゃわないかな……って",櫻木真乃,【つむぎ、まばゆく。星屑たち】櫻木真乃,今はとけても。いつかは
櫻木真乃/【つむぎ、まばゆく。星屑たち】櫻木真乃/今はとけても。いつかは.csv,69,3001012020660,真乃,うんっ,櫻木真乃,【つむぎ、まばゆく。星屑たち】櫻木真乃,今はとけても。いつかは
櫻木真乃/【つむぎ、まばゆく。星屑たち】櫻木真乃/今はとけても。いつかは.csv,70,3001012020510,真乃,"うん……っ
バニラ",櫻木真乃,【つむぎ、まばゆく。星屑たち】櫻木真乃,今はとけても。いつかは
櫻木真乃/【つむぎ、まばゆく。星屑たち】櫻木真乃/今はとけても。いつかは.csv,71,3001012020670,真乃,"もっともっと……
たくさん時間を過ごして",櫻木真乃,【つむぎ、まばゆく。星屑たち】櫻木真乃,今はとけても。いつかは
櫻木真乃/【つむぎ、まばゆく。星屑たち】櫻木真乃/今はとけても。いつかは.csv,72,3001012020680,真乃,そうできたらいいな……っ,櫻木真乃,【つむぎ、まばゆく。星屑たち】櫻木真乃,今はとけても。いつかは
櫻木真乃/【つむぎ、まばゆく。星屑たち】櫻木真乃/今はとけても。いつかは.csv,73,3001012020690,真乃,──私たちも、そうだったみたいに,櫻木真乃,【つむぎ、まばゆく。星屑たち】櫻木真乃,今はとけても。いつかは
櫻木真乃/【としたてば旅】櫻木真乃/200102102.csv,4,2001021020010,真乃,はい,櫻木真乃,【としたてば旅】櫻木真乃,200102102
櫻木真乃/【としたてば旅】櫻木真乃/200102102.csv,10,2001021020020,真乃,わかりました……っ,櫻木真乃,【としたてば旅】櫻木真乃,200102102
櫻木真乃/【としたてば旅】櫻木真乃/200102102.csv,13,2001021020030,真乃,はい、お願いしますっ,櫻木真乃,【としたてば旅】櫻木真乃,200102102
櫻木真乃/【としたてば旅】櫻木真乃/200102102.csv,14,2001021020040,真乃,……────,櫻木真乃,【としたてば旅】櫻木真乃,200102102
櫻木真乃/【としたてば旅】櫻木真乃/200102102.csv,30,2001021020090,真乃,はいっ,櫻木真乃,【としたてば旅】櫻木真乃,200102102
櫻木真乃/【としたてば旅】櫻木真乃/200102102.csv,31,2001021020100,真乃,……いただきます,櫻木真乃,【としたてば旅】櫻木真乃,200102102
櫻木真乃/【としたてば旅】櫻木真乃/200102102.csv,32,2001021020110,真乃,ほわぁ……,櫻木真乃,【としたてば旅】櫻木真乃,200102102
櫻木真乃/【としたてば旅】櫻木真乃/200102102.csv,39,2001021020150,真乃,"始まってみたら、いつものお散歩みたいで
楽しかったです",櫻木真乃,【としたてば旅】櫻木真乃,200102102
櫻木真乃/【としたてば旅】櫻木真乃/200102102.csv,40,2001021020160,真乃,"いつも通り過ぎるのかも？　って
ちょっと心配しちゃったくらいで……",櫻木真乃,【としたてば旅】櫻木真乃,200102102
櫻木真乃/【としたてば旅】櫻木真乃/200102102.csv,44,2001021020170,真乃,"はい……
ありがとうございますっ",櫻木真乃,【としたてば旅】櫻木真乃,200102102
櫻木真乃/【としたてば旅】櫻木真乃/200102102.csv,46,2001021020180,真乃,"はい……雑貨屋さんにも
かわいいお正月飾りがたくさん並んでいます",櫻木真乃,【としたてば旅】櫻木真乃,200102102
櫻木真乃/【としたてば旅】櫻木真乃/200102102.csv,48,2001021020190,真乃,"ほわ
いいと思いますっ",櫻木真乃,【としたてば旅】櫻木真乃,200102102
櫻木真乃/【としたてば旅】櫻木真乃/200102102.csv,54,2001021020200,真乃,"……この、真ん中の扇の飾り……
風を受けるものなので、２８３っぽいかも……",櫻木真乃,【としたてば旅】櫻木真乃,200102102
櫻木真乃/【としたてば旅】櫻木真乃/200102102.csv,56,2001021020210,真乃,はい……っ,櫻木真乃,【としたてば旅】櫻木真乃,200102102
櫻木真乃/【としたてば旅】櫻木真乃/200102102.csv,57,2001021020220,真乃,小さいけれど立派な、年神様の道しるべですから……,櫻木真乃,【としたてば旅】櫻木真乃,200102102
櫻木真乃/【としたてば旅】櫻木真乃/200102102.csv,58,2001021020230,真乃,"これで、年神様が事務所までまっすぐに
迷わず降りてこられますように……",櫻木真乃,【としたてば旅】櫻木真乃,200102102
櫻木真乃/【としたてば旅】櫻木真乃/200102102.csv,60,2001021020240,真乃,ふふ、まんまるでかわいいです……,櫻木真乃,【としたてば旅】櫻木真乃,200102102
櫻木真乃/【としたてば旅】櫻木真乃/200102102.csv,63,2001021020250,真乃,……？,櫻木真乃,【としたてば旅】櫻木真乃,200102102
櫻木真乃/【としたてば旅】櫻木真乃/200102102.csv,65,2001021020260,真乃,"お餅をみんなで……
ふふ、楽しみですっ",櫻木真乃,【としたてば旅】櫻木真乃,200102102
櫻木真乃/【としたてば旅】櫻木真乃/200102102.csv,68,2001021020270,真乃,"はい……っ
頑張りますっ",櫻木真乃,【としたてば旅】櫻木真乃,200102102
櫻木真乃/【としたてば旅】櫻木真乃/200102103.csv,3,2001021030010,真乃,はい……,櫻木真乃,【としたてば旅】櫻木真乃,200102103
櫻木真乃/【としたてば旅】櫻木真乃/200102103.csv,5,2001021030020,真乃,"いえ、緊張は大丈夫かも……なんですけれど
その……",櫻木真乃,【としたてば旅】櫻木真乃,200102103
櫻木真乃/【としたてば旅】櫻木真乃/200102103.csv,9,2001021030030,真乃,……,櫻木真乃,【としたてば旅】櫻木真乃,200102103
櫻木真乃/【としたてば旅】櫻木真乃/200102103.csv,10,2001021030040,真乃,"……提案のお話を聞いた時に
頭に浮かんだのが、公園だったので……",櫻木真乃,【としたてば旅】櫻木真乃,200102103
櫻木真乃/【としたてば旅】櫻木真乃/200102103.csv,11,2001021030050,真乃,"私なりに公園の素敵な所をたくさん
おすそ分けしたいですっ",櫻木真乃,【としたてば旅】櫻木真乃,200102103
櫻木真乃/【としたてば旅】櫻木真乃/200102103.csv,14,2001021030060,真乃,はい、よろしくお願いしますっ,櫻木真乃,【としたてば旅】櫻木真乃,200102103
櫻木真乃/【としたてば旅】櫻木真乃/200102103.csv,20,2001021030110,真乃,"あ……はい
やっぱり、落ち着くなって思うので……",櫻木真乃,【としたてば旅】櫻木真乃,200102103
櫻木真乃/【としたてば旅】櫻木真乃/200102103.csv,22,2001021030120,真乃,もちろんですっ,櫻木真乃,【としたてば旅】櫻木真乃,200102103
櫻木真乃/【としたてば旅】櫻木真乃/200102103.csv,23,2001021030130,真乃,プロデューサーさん、ちょうどあそこの木に……,櫻木真乃,【としたてば旅】櫻木真乃,200102103
櫻木真乃/【としたてば旅】櫻木真乃/200102103.csv,26,2001021030140,真乃,はい、鳥さんはいないみたいですけれど……,櫻木真乃,【としたてば旅】櫻木真乃,200102103
櫻木真乃/【としたてば旅】櫻木真乃/200102103.csv,29,2001021030150,真乃,はい……,櫻木真乃,【としたてば旅】櫻木真乃,200102103
櫻木真乃/【としたてば旅】櫻木真乃/200102103.csv,31,2001021030160,真乃,鳥さんの『衣食住』……,櫻木真乃,【としたてば旅】櫻木真乃,200102103
櫻木真乃/【としたてば旅】櫻木真乃/200102103.csv,33,2001021030170,真乃,どんなに外が寒くても、どんなに忙しくても,櫻木真乃,【としたてば旅】櫻木真乃,200102103
櫻木真乃/【としたてば旅】櫻木真乃/200102103.csv,34,2001021030180,真乃,"帰る場所があれば、それだけで……
心が落ち着く……",櫻木真乃,【としたてば旅】櫻木真乃,200102103
櫻木真乃/【としたてば旅】櫻木真乃/200102103.csv,35,2001021030190,真乃,そうだったら、いいなって……思います,櫻木真乃,【としたてば旅】櫻木真乃,200102103
櫻木真乃/【としたてば旅】櫻木真乃/200102103.csv,42,2001021030200,真乃,プロデューサーさん……,櫻木真乃,【としたてば旅】櫻木真乃,200102103
櫻木真乃/【としたてば旅】櫻木真乃/200102103.csv,43,2001021030210,真乃,"私の帰る場所は、いつだって
プロデューサーさんのところです",櫻木真乃,【としたてば旅】櫻木真乃,200102103
櫻木真乃/【としたてば旅】櫻木真乃/200102103.csv,44,2001021030220,真乃,"あたたかくて、ほっとする……
かけがえのない場所です",櫻木真乃,【としたてば旅】櫻木真乃,200102103
櫻木真乃/【としたてば旅】櫻木真乃/200102103.csv,46,2001021030230,真乃,"居場所は、一緒に作っていくものなのかもって
思うので……",櫻木真乃,【としたてば旅】櫻木真乃,200102103
櫻木真乃/【としたてば旅】櫻木真乃/200102103.csv,47,2001021030240,真乃,"私もプロデューサーさんと一緒に作っていきたいです
素敵な居場所を",櫻木真乃,【としたてば旅】櫻木真乃,200102103
櫻木真乃/【としたてば旅】櫻木真乃/200102103.csv,49,2001021030250,真乃,プロデューサーさん……,櫻木真乃,【としたてば旅】櫻木真乃,200102103
櫻木真乃/【としたてば旅】櫻木真乃/200102103.csv,50,2001021030260,真乃,"いつも、プロデューサーさんの背中は
おっきいなって……思っています",櫻木真乃,【としたてば旅】櫻木真乃,200102103
櫻木真乃/【としたてば旅】櫻木真乃/200102103.csv,52,2001021030270,真乃,ふふ,櫻木真乃,【としたてば旅】櫻木真乃,200102103
櫻木真乃/【としたてば旅】櫻木真乃/200102103.csv,53,2001021030280,真乃,"……一緒に、どんな風も寒さも凌げるような場所を
作りたいです……私も",櫻木真乃,【としたてば旅】櫻木真乃,200102103
櫻木真乃/【としたてば旅】櫻木真乃/200102103.csv,54,2001021030290,真乃,"私と、プロデューサーさんと、みんなの……
安心できる場所を",櫻木真乃,【としたてば旅】櫻木真乃,200102103
櫻木真乃/【としたてば旅】櫻木真乃/200102103.csv,57,2001021030300,真乃,プロデューサーさん……,櫻木真乃,【としたてば旅】櫻木真乃,200102103
櫻木真乃/【としたてば旅】櫻木真乃/200102103.csv,58,2001021030310,真乃,"私は、もうとっくに
頼り過ぎてしまっているくらいなので……",櫻木真乃,【としたてば旅】櫻木真乃,200102103
櫻木真乃/【としたてば旅】櫻木真乃/200102103.csv,59,2001021030320,真乃,"私もプロデューサーさんにとって
頼もしいって思ってもらえるようになりたいですっ",櫻木真乃,【としたてば旅】櫻木真乃,200102103
櫻木真乃/【としたてば旅】櫻木真乃/200102103.csv,61,2001021030330,真乃,"ほわ……
……もっともっと、頼もしくなりますっ",櫻木真乃,【としたてば旅】櫻木真乃,200102103
櫻木真乃/【としたてば旅】櫻木真乃/200102103.csv,62,2001021030340,真乃,むんっ,櫻木真乃,【としたてば旅】櫻木真乃,200102103
櫻木真乃/【としたてば旅】櫻木真乃/200102104.csv,4,2001021040010,真乃,"いえ……
早朝のお散歩ができて、ちょっと楽しかったですっ",櫻木真乃,【としたてば旅】櫻木真乃,200102104
櫻木真乃/【としたてば旅】櫻木真乃/200102104.csv,8,2001021040020,真乃,はい,櫻木真乃,【としたてば旅】櫻木真乃,200102104
櫻木真乃/【としたてば旅】櫻木真乃/200102104.csv,12,2001021040030,真乃,は、はい……っ,櫻木真乃,【としたてば旅】櫻木真乃,200102104
櫻木真乃/【としたてば旅】櫻木真乃/200102104.csv,13,2001021040040,真乃,"ほわぁ……
初日の出がこんなにきれいに見えるなんて……",櫻木真乃,【としたてば旅】櫻木真乃,200102104
櫻木真乃/【としたてば旅】櫻木真乃/200102104.csv,15,2001021040050,真乃,"わかりました
よろしくお願いしますっ",櫻木真乃,【としたてば旅】櫻木真乃,200102104
櫻木真乃/【としたてば旅】櫻木真乃/200102104.csv,16,2001021040060,真乃,……────,櫻木真乃,【としたてば旅】櫻木真乃,200102104
櫻木真乃/【としたてば旅】櫻木真乃/200102104.csv,18,2001021040070,真乃,"はい……
終わっちゃいました……",櫻木真乃,【としたてば旅】櫻木真乃,200102104
櫻木真乃/【としたてば旅】櫻木真乃/200102104.csv,20,2001021040080,真乃,"あの……よかったら、プロデューサーさんも
こちらへ来ませんか？",櫻木真乃,【としたてば旅】櫻木真乃,200102104
櫻木真乃/【としたてば旅】櫻木真乃/200102104.csv,21,2001021040090,真乃,"ここからなら初日の出と、周りの景色が
とてもきれいに見えるのでっ",櫻木真乃,【としたてば旅】櫻木真乃,200102104
櫻木真乃/【としたてば旅】櫻木真乃/200102104.csv,25,2001021040100,真乃,ふふ……,櫻木真乃,【としたてば旅】櫻木真乃,200102104
櫻木真乃/【としたてば旅】櫻木真乃/200102104.csv,26,2001021040110,真乃,"さっきまで、初日の出を眺めながら
考えていたんです",櫻木真乃,【としたてば旅】櫻木真乃,200102104
櫻木真乃/【としたてば旅】櫻木真乃/200102104.csv,27,2001021040120,真乃,"私がアイドルになって……
これまでのこと……そして、これからのことを",櫻木真乃,【としたてば旅】櫻木真乃,200102104
櫻木真乃/【としたてば旅】櫻木真乃/200102104.csv,28,2001021040130,真乃,"プロデューサーさんの手を
お借りするばかりじゃなくて……",櫻木真乃,【としたてば旅】櫻木真乃,200102104
櫻木真乃/【としたてば旅】櫻木真乃/200102104.csv,29,2001021040140,真乃,"こうして、私がプロデューサーさんの手を取って
導けるように……なりたいです",櫻木真乃,【としたてば旅】櫻木真乃,200102104
櫻木真乃/【としたてば旅】櫻木真乃/200102104.csv,30,2001021040150,真乃,"プロデューサーさんに澄んだ空の
きれいな光をたくさん見せられるように……────",櫻木真乃,【としたてば旅】櫻木真乃,200102104
櫻木真乃/【としたてば旅】櫻木真乃/200102104.csv,32,2001021040160,真乃,"……実は
撮影の間に少し考えていて……",櫻木真乃,【としたてば旅】櫻木真乃,200102104
櫻木真乃/【としたてば旅】櫻木真乃/200102104.csv,33,2001021040170,真乃,"私が、『旅』というテーマを聞いて浮かんだのは
どこか遠いところへ行くようなイメージでした",櫻木真乃,【としたてば旅】櫻木真乃,200102104
櫻木真乃/【としたてば旅】櫻木真乃/200102104.csv,34,2001021040180,真乃,"でも……初日の出の光が広がって
新しい年が始まったんだって思った時に……",櫻木真乃,【としたてば旅】櫻木真乃,200102104
櫻木真乃/【としたてば旅】櫻木真乃/200102104.csv,35,2001021040190,真乃,"過去の自分から未来の自分へ
旅をしたみたいだなって、思ったんです",櫻木真乃,【としたてば旅】櫻木真乃,200102104
櫻木真乃/【としたてば旅】櫻木真乃/200102104.csv,39,2001021040200,真乃,はい,櫻木真乃,【としたてば旅】櫻木真乃,200102104
櫻木真乃/【としたてば旅】櫻木真乃/200102104.csv,40,2001021040210,真乃,"改めて……素敵な旅になるように
今年もよろしくお願いしますっ",櫻木真乃,【としたてば旅】櫻木真乃,200102104
櫻木真乃/【としたてば旅】櫻木真乃/200102111.csv,3,2001021110010,真乃,"プロデューサーさん
おはようございますっ",櫻木真乃,【としたてば旅】櫻木真乃,200102111
櫻木真乃/【としたてば旅】櫻木真乃/200102111.csv,6,2001021110020,真乃,"はいっ
いただきますっ",櫻木真乃,【としたてば旅】櫻木真乃,200102111
櫻木真乃/【としたてば旅】櫻木真乃/200102111.csv,7,2001021110030,真乃,"…………おいしいです
甘いけれど、すっきりしていて……",櫻木真乃,【としたてば旅】櫻木真乃,200102111
櫻木真乃/【としたてば旅】櫻木真乃/200102111.csv,9,2001021110040,真乃,ありがとうございます,櫻木真乃,【としたてば旅】櫻木真乃,200102111
櫻木真乃/【としたてば旅】櫻木真乃/200102111.csv,11,2001021110050,真乃,"はい、家族やピーちゃんとも
のんびりできました",櫻木真乃,【としたてば旅】櫻木真乃,200102111
櫻木真乃/【としたてば旅】櫻木真乃/200102111.csv,13,2001021110060,真乃,公園の鳩さんたちにも新年のご挨拶をして……,櫻木真乃,【としたてば旅】櫻木真乃,200102111
櫻木真乃/【としたてば旅】櫻木真乃/200102111.csv,14,2001021110070,真乃,"そうしているうちに、もう『旅』は始まっているんだなって
実感が湧いてきました",櫻木真乃,【としたてば旅】櫻木真乃,200102111
櫻木真乃/【としたてば旅】櫻木真乃/200102111.csv,17,2001021110080,真乃,あ……でしたら、お片付け手伝います,櫻木真乃,【としたてば旅】櫻木真乃,200102111
櫻木真乃/【としたてば旅】櫻木真乃/200102111.csv,19,2001021110090,真乃,……────,櫻木真乃,【としたてば旅】櫻木真乃,200102111
櫻木真乃/【としたてば旅】櫻木真乃/200102111.csv,20,2001021110100,真乃,雪が降ってきました……,櫻木真乃,【としたてば旅】櫻木真乃,200102111
櫻木真乃/【としたてば旅】櫻木真乃/200102111.csv,22,2001021110110,真乃,……,櫻木真乃,【としたてば旅】櫻木真乃,200102111
櫻木真乃/【としたてば旅】櫻木真乃/200102111.csv,23,2001021110120,真乃,あの……,櫻木真乃,【としたてば旅】櫻木真乃,200102111
櫻木真乃/【としたてば旅】櫻木真乃/200102111.csv,25,2001021110130,真乃,"WEBマガジンのお仕事のことなんですけれど……
最初、『旅』の中で感じた『衣食住』って……──",櫻木真乃,【としたてば旅】櫻木真乃,200102111
櫻木真乃/【としたてば旅】櫻木真乃/200102111.csv,26,2001021110140,真乃,少し、難しく感じていたんです,櫻木真乃,【としたてば旅】櫻木真乃,200102111
櫻木真乃/【としたてば旅】櫻木真乃/200102111.csv,28,2001021110150,真乃,……はい,櫻木真乃,【としたてば旅】櫻木真乃,200102111
櫻木真乃/【としたてば旅】櫻木真乃/200102111.csv,29,2001021110160,真乃,"なので、ちゃんと文章にできるかなって
撮影の前までは、少し心配していました……",櫻木真乃,【としたてば旅】櫻木真乃,200102111
櫻木真乃/【としたてば旅】櫻木真乃/200102111.csv,31,2001021110170,真乃,"撮影の中で、心がそっと動く瞬間みたいな……
小さな日々の積み重ねも、ちゃんと『旅』なんだなって……",櫻木真乃,【としたてば旅】櫻木真乃,200102111
櫻木真乃/【としたてば旅】櫻木真乃/200102111.csv,32,2001021110180,真乃,"みなさん、『旅』をしているんだなって……
お仕事の中で学べました",櫻木真乃,【としたてば旅】櫻木真乃,200102111
櫻木真乃/【としたてば旅】櫻木真乃/200102111.csv,35,2001021110190,真乃,ふふ……,櫻木真乃,【としたてば旅】櫻木真乃,200102111
櫻木真乃/【としたてば旅】櫻木真乃/200102111.csv,36,2001021110200,真乃,"みなさんが『旅』をしているなら……
私は……",櫻木真乃,【としたてば旅】櫻木真乃,200102111
櫻木真乃/【としたてば旅】櫻木真乃/200102111.csv,37,2001021110210,真乃,"誰かにとっての、道しるべに……
やさしい灯りになりたいなって……思いました",櫻木真乃,【としたてば旅】櫻木真乃,200102111
櫻木真乃/【としたてば旅】櫻木真乃/200102111.csv,38,2001021110220,真乃,プロデューサーさんみたいに……,櫻木真乃,【としたてば旅】櫻木真乃,200102111
櫻木真乃/【としたてば旅】櫻木真乃/200102111.csv,41,2001021110230,真乃,"ほわ
そうでしょうか……",櫻木真乃,【としたてば旅】櫻木真乃,200102111
櫻木真乃/【としたてば旅】櫻木真乃/200102111.csv,42,2001021110240,真乃,……ふふ,櫻木真乃,【としたてば旅】櫻木真乃,200102111
櫻木真乃/【としたてば旅】櫻木真乃/あたたかい部屋.csv,2,2001021010010,真乃,"──プロデューサーさん
片付けたオーナメント、全部箱にまとめておきましたっ",櫻木真乃,【としたてば旅】櫻木真乃,あたたかい部屋
櫻木真乃/【としたてば旅】櫻木真乃/あたたかい部屋.csv,4,2001021010020,真乃,"はい──それじゃあ……
……壁飾りを外しておきます",櫻木真乃,【としたてば旅】櫻木真乃,あたたかい部屋
櫻木真乃/【としたてば旅】櫻木真乃/あたたかい部屋.csv,7,2001021010030,真乃,"いえ……打ち合わせの時間より早めに来ちゃったなって
思っていたんですけれど、よかったなって……",櫻木真乃,【としたてば旅】櫻木真乃,あたたかい部屋
櫻木真乃/【としたてば旅】櫻木真乃/あたたかい部屋.csv,8,2001021010040,真乃,"プロデューサーさんと一緒に
クリスマスのお片付けができて、楽しいです",櫻木真乃,【としたてば旅】櫻木真乃,あたたかい部屋
櫻木真乃/【としたてば旅】櫻木真乃/あたたかい部屋.csv,16,2001021010050,真乃,…………,櫻木真乃,【としたてば旅】櫻木真乃,あたたかい部屋
櫻木真乃/【としたてば旅】櫻木真乃/あたたかい部屋.csv,18,2001021010060,真乃,"はい……
……でも……",櫻木真乃,【としたてば旅】櫻木真乃,あたたかい部屋
櫻木真乃/【としたてば旅】櫻木真乃/あたたかい部屋.csv,19,2001021010070,真乃,ベランダには、誰かに水をもらった植木があって……,櫻木真乃,【としたてば旅】櫻木真乃,あたたかい部屋
櫻木真乃/【としたてば旅】櫻木真乃/あたたかい部屋.csv,20,2001021010080,真乃,冷蔵庫や机に、みんなからの差し入れがあって……,櫻木真乃,【としたてば旅】櫻木真乃,あたたかい部屋
櫻木真乃/【としたてば旅】櫻木真乃/あたたかい部屋.csv,21,2001021010090,真乃,"飾り付けがなくなっても
相変わらず、事務所の中はあたたかいです",櫻木真乃,【としたてば旅】櫻木真乃,あたたかい部屋
櫻木真乃/【としたてば旅】櫻木真乃/あたたかい部屋.csv,24,2001021010100,真乃,はい,櫻木真乃,【としたてば旅】櫻木真乃,あたたかい部屋
櫻木真乃/【としたてば旅】櫻木真乃/あたたかい部屋.csv,27,2001021010110,真乃,はいっ,櫻木真乃,【としたてば旅】櫻木真乃,あたたかい部屋
櫻木真乃/【としたてば旅】櫻木真乃/あたたかい部屋.csv,29,2001021010120,真乃,"いえ、三が日は家族でゆっくり過ごせそうなので……
起用していただいたからには頑張りますっ",櫻木真乃,【としたてば旅】櫻木真乃,あたたかい部屋
櫻木真乃/【としたてば旅】櫻木真乃/あたたかい部屋.csv,31,2001021010130,真乃,ふふ……,櫻木真乃,【としたてば旅】櫻木真乃,あたたかい部屋
櫻木真乃/【としたてば旅】櫻木真乃/あたたかい部屋.csv,32,2001021010140,真乃,"もし、今よりもっと忙しい
クリスマスやお正月が来たとしても……",櫻木真乃,【としたてば旅】櫻木真乃,あたたかい部屋
櫻木真乃/【としたてば旅】櫻木真乃/あたたかい部屋.csv,33,2001021010150,真乃,"離れた場所からでも、お互いを想い合いながら
お祝いしたり楽しむことができるんだ……って",櫻木真乃,【としたてば旅】櫻木真乃,あたたかい部屋
櫻木真乃/【としたてば旅】櫻木真乃/あたたかい部屋.csv,34,2001021010160,真乃,"みんなでクリスマスを飾ったこの部屋が
教えてくれたような気がします",櫻木真乃,【としたてば旅】櫻木真乃,あたたかい部屋
櫻木真乃/【としたてば旅】櫻木真乃/あたたかい部屋.csv,40,2001021010170,真乃,…………,櫻木真乃,【としたてば旅】櫻木真乃,あたたかい部屋
櫻木真乃/【としたてば旅】櫻木真乃/あたたかい部屋.csv,42,2001021010180,真乃,"えっと……
……────",櫻木真乃,【としたてば旅】櫻木真乃,あたたかい部屋
櫻木真乃/【としたてば旅】櫻木真乃/あたたかい部屋.csv,48,2001021010190,真乃,"ほわ……
そういうもので、いいんでしょうか……？",櫻木真乃,【としたてば旅】櫻木真乃,あたたかい部屋
櫻木真乃/【としたてば旅】櫻木真乃/あたたかい部屋.csv,50,2001021010200,真乃,"……それなら……
…………",櫻木真乃,【としたてば旅】櫻木真乃,あたたかい部屋
櫻木真乃/【としたてば旅】櫻木真乃/あたたかい部屋.csv,52,2001021010210,真乃,"その……
お気に入りのお散歩スポット、なので……",櫻木真乃,【としたてば旅】櫻木真乃,あたたかい部屋
櫻木真乃/【としたてば旅】櫻木真乃/あたたかい部屋.csv,53,2001021010220,真乃,"よかったら、みなさんに教える前に
一緒にお散歩しませんか？",櫻木真乃,【としたてば旅】櫻木真乃,あたたかい部屋
櫻木真乃/【としたてば旅】櫻木真乃/あたたかい部屋.csv,58,2001021010230,真乃,ほわ、サンドイッチ……,櫻木真乃,【としたてば旅】櫻木真乃,あたたかい部屋
櫻木真乃/【としたてば旅】櫻木真乃/あたたかい部屋.csv,59,2001021010240,真乃,"はいっ
よろこんでっ",櫻木真乃,【としたてば旅】櫻木真乃,あたたかい部屋
櫻木真乃/【としたてば旅】櫻木真乃/あたたかい部屋.csv,61,2001021010250,真乃,プロデューサーさんも一緒に、ですか……？,櫻木真乃,【としたてば旅】櫻木真乃,あたたかい部屋
櫻木真乃/【としたてば旅】櫻木真乃/あたたかい部屋.csv,63,2001021010260,真乃,ほわ……,櫻木真乃,【としたてば旅】櫻木真乃,あたたかい部屋
櫻木真乃/【としたてば旅】櫻木真乃/あたたかい部屋.csv,64,2001021010270,真乃,"ありがとうございます……
では……",櫻木真乃,【としたてば旅】櫻木真乃,あたたかい部屋
櫻木真乃/【としたてば旅】櫻木真乃/あたたかい部屋.csv,65,2001021010280,真乃,付き合っていただけますか……？,櫻木真乃,【としたてば旅】櫻木真乃,あたたかい部屋
櫻木真乃/【はじまりのエピローグ】櫻木真乃/ぽかぽかの秘密.csv,2,3001007030010,真乃,"はぁーっ……
はぁーっ……",櫻木真乃,【はじまりのエピローグ】櫻木真乃,ぽかぽかの秘密
櫻木真乃/【はじまりのエピローグ】櫻木真乃/ぽかぽかの秘密.csv,3,3001007030020,真乃,"きゅっ……
きゅっ……",櫻木真乃,【はじまりのエピローグ】櫻木真乃,ぽかぽかの秘密
櫻木真乃/【はじまりのエピローグ】櫻木真乃/ぽかぽかの秘密.csv,4,3001007030030,真乃,（窓、ピカピカになってく、ふふっ）,櫻木真乃,【はじまりのエピローグ】櫻木真乃,ぽかぽかの秘密
櫻木真乃/【はじまりのエピローグ】櫻木真乃/ぽかぽかの秘密.csv,5,3001007030040,真乃,"（事務所のみんなで大掃除……
ちょっとお祭りみたいで楽しいな）",櫻木真乃,【はじまりのエピローグ】櫻木真乃,ぽかぽかの秘密
櫻木真乃/【はじまりのエピローグ】櫻木真乃/ぽかぽかの秘密.csv,6,3001007030050,真乃,はぁーっ,櫻木真乃,【はじまりのエピローグ】櫻木真乃,ぽかぽかの秘密
櫻木真乃/【はじまりのエピローグ】櫻木真乃/ぽかぽかの秘密.csv,7,3001007030060,真乃,（……指、冷たくなってきちゃった）,櫻木真乃,【はじまりのエピローグ】櫻木真乃,ぽかぽかの秘密
櫻木真乃/【はじまりのエピローグ】櫻木真乃/ぽかぽかの秘密.csv,8,3001007030070,真乃,"あ、そっか
こういう時は——",櫻木真乃,【はじまりのエピローグ】櫻木真乃,ぽかぽかの秘密
櫻木真乃/【はじまりのエピローグ】櫻木真乃/ぽかぽかの秘密.csv,11,3001007030100,真乃,うん……,櫻木真乃,【はじまりのエピローグ】櫻木真乃,ぽかぽかの秘密
櫻木真乃/【はじまりのエピローグ】櫻木真乃/ぽかぽかの秘密.csv,12,3001007030110,真乃,"階段とか真っ暗だったから
中のみんなも怪我しないといいな……",櫻木真乃,【はじまりのエピローグ】櫻木真乃,ぽかぽかの秘密
櫻木真乃/【はじまりのエピローグ】櫻木真乃/ぽかぽかの秘密.csv,26,3001007030250,真乃,"……えっ
そ、そうかな？",櫻木真乃,【はじまりのエピローグ】櫻木真乃,ぽかぽかの秘密
櫻木真乃/【はじまりのエピローグ】櫻木真乃/ぽかぽかの秘密.csv,28,3001007030270,真乃,"わ、めぐるちゃんっ
大丈夫だよ",櫻木真乃,【はじまりのエピローグ】櫻木真乃,ぽかぽかの秘密
櫻木真乃/【はじまりのエピローグ】櫻木真乃/ぽかぽかの秘密.csv,30,3001007030290,真乃,あ……ありがとう……,櫻木真乃,【はじまりのエピローグ】櫻木真乃,ぽかぽかの秘密
櫻木真乃/【はじまりのエピローグ】櫻木真乃/ぽかぽかの秘密.csv,36,3001007030350,真乃,"う、うん……！
……ぐーっ",櫻木真乃,【はじまりのエピローグ】櫻木真乃,ぽかぽかの秘密
櫻木真乃/【はじまりのエピローグ】櫻木真乃/ぽかぽかの秘密.csv,38,3001007030370,真乃,"えっと……
パー……",櫻木真乃,【はじまりのエピローグ】櫻木真乃,ぽかぽかの秘密
櫻木真乃/【はじまりのエピローグ】櫻木真乃/ぽかぽかの秘密.csv,42,3001007030410,真乃,パー……,櫻木真乃,【はじまりのエピローグ】櫻木真乃,ぽかぽかの秘密
櫻木真乃/【はじまりのエピローグ】櫻木真乃/ぽかぽかの秘密.csv,44,3001007030430,真乃,ほわぁ……,櫻木真乃,【はじまりのエピローグ】櫻木真乃,ぽかぽかの秘密
櫻木真乃/【はじまりのエピローグ】櫻木真乃/ぽかぽかの秘密.csv,45,3001007030440,真乃,……ちょっと、あたたまってきたみたい,櫻木真乃,【はじまりのエピローグ】櫻木真乃,ぽかぽかの秘密
櫻木真乃/【はじまりのエピローグ】櫻木真乃/ぽかぽかの秘密.csv,51,3001007030500,真乃,"う、うんっ。えっと……
私がクラッカーの音でびっくりさせて……",櫻木真乃,【はじまりのエピローグ】櫻木真乃,ぽかぽかの秘密
櫻木真乃/【はじまりのエピローグ】櫻木真乃/ぽかぽかの秘密.csv,56,3001007030550,真乃,"うん……
みんなも泥棒さんも、怪我しませんように……",櫻木真乃,【はじまりのエピローグ】櫻木真乃,ぽかぽかの秘密
櫻木真乃/【はじまりのエピローグ】櫻木真乃/ぽかぽかの秘密.csv,60,3001007030590,真乃,"……ふふっ、めぐるちゃんだったら泥棒さんと
お友達になっちゃいそうだね",櫻木真乃,【はじまりのエピローグ】櫻木真乃,ぽかぽかの秘密
櫻木真乃/【はじまりのエピローグ】櫻木真乃/ぽかぽかの秘密.csv,63,3001007030620,真乃,ふふふっ……！,櫻木真乃,【はじまりのエピローグ】櫻木真乃,ぽかぽかの秘密
櫻木真乃/【はじまりのエピローグ】櫻木真乃/ぽかぽかの秘密.csv,64,3001007030630,真乃,"ぐーっ……
パー……",櫻木真乃,【はじまりのエピローグ】櫻木真乃,ぽかぽかの秘密
櫻木真乃/【はじまりのエピローグ】櫻木真乃/ぽかぽかの秘密.csv,65,3001007030640,真乃,"ぐーっ……
パー……",櫻木真乃,【はじまりのエピローグ】櫻木真乃,ぽかぽかの秘密
櫻木真乃/【はじまりのエピローグ】櫻木真乃/ぽかぽかの秘密.csv,68,3001007030670,真乃,あ……私、もうちょっと……！,櫻木真乃,【はじまりのエピローグ】櫻木真乃,ぽかぽかの秘密
櫻木真乃/【はじまりのエピローグ】櫻木真乃/ぽかぽかの秘密.csv,70,3001007030690,真乃,"ううん、本当にもう少しだから……
大丈夫だよ、ありがとう",櫻木真乃,【はじまりのエピローグ】櫻木真乃,ぽかぽかの秘密
櫻木真乃/【はじまりのエピローグ】櫻木真乃/ぽかぽかの秘密.csv,73,3001007030720,真乃,"わかったっ
すぐに行くね",櫻木真乃,【はじまりのエピローグ】櫻木真乃,ぽかぽかの秘密
櫻木真乃/【はじまりのエピローグ】櫻木真乃/ぽかぽかの秘密.csv,74,3001007030730,真乃,さぁ、後もうちょっと……,櫻木真乃,【はじまりのエピローグ】櫻木真乃,ぽかぽかの秘密
櫻木真乃/【はじまりのエピローグ】櫻木真乃/ぽかぽかの秘密.csv,75,3001007030740,真乃,"手、ぽかぽかしてる
……ふふっ",櫻木真乃,【はじまりのエピローグ】櫻木真乃,ぽかぽかの秘密
櫻木真乃/【はじまりのエピローグ】櫻木真乃/希望の数字.csv,2,3001007020010,真乃,"──２８３プロ初めての合同ライブ……
みんなで……頑張りましょうっ",櫻木真乃,【はじまりのエピローグ】櫻木真乃,希望の数字
櫻木真乃/【はじまりのエピローグ】櫻木真乃/希望の数字.csv,3,3001007020020,真乃,乾杯……──！,櫻木真乃,【はじまりのエピローグ】櫻木真乃,希望の数字
櫻木真乃/【はじまりのエピローグ】櫻木真乃/希望の数字.csv,6,3001007020040,真乃,めぐるちゃん……,櫻木真乃,【はじまりのエピローグ】櫻木真乃,希望の数字
櫻木真乃/【はじまりのエピローグ】櫻木真乃/希望の数字.csv,8,3001007020060,真乃,灯織ちゃん……,櫻木真乃,【はじまりのエピローグ】櫻木真乃,希望の数字
櫻木真乃/【はじまりのエピローグ】櫻木真乃/希望の数字.csv,9,3001007020070,真乃,"……ありがとう
えへへっ、メリー・クリスマス……",櫻木真乃,【はじまりのエピローグ】櫻木真乃,希望の数字
櫻木真乃/【はじまりのエピローグ】櫻木真乃/希望の数字.csv,11,3001007020090,真乃,"ほわぁ……
うん、そうだねっ",櫻木真乃,【はじまりのエピローグ】櫻木真乃,希望の数字
櫻木真乃/【はじまりのエピローグ】櫻木真乃/希望の数字.csv,14,3001007020110,真乃,"ほわ、景品もあるんだね……
す、すごいねっ",櫻木真乃,【はじまりのエピローグ】櫻木真乃,希望の数字
櫻木真乃/【はじまりのエピローグ】櫻木真乃/希望の数字.csv,17,3001007020140,真乃,"ふふ……
むんっ",櫻木真乃,【はじまりのエピローグ】櫻木真乃,希望の数字
櫻木真乃/【はじまりのエピローグ】櫻木真乃/希望の数字.csv,22,3001007020170,真乃,"ほんとだっ
30番、来るといいねっ",櫻木真乃,【はじまりのエピローグ】櫻木真乃,希望の数字
櫻木真乃/【はじまりのエピローグ】櫻木真乃/希望の数字.csv,23,3001007020180,真乃,ビンゴ、できるといいなぁっ,櫻木真乃,【はじまりのエピローグ】櫻木真乃,希望の数字
櫻木真乃/【はじまりのエピローグ】櫻木真乃/希望の数字.csv,26,3001007020200,真乃,"ふふっ
私も30……っと",櫻木真乃,【はじまりのエピローグ】櫻木真乃,希望の数字
櫻木真乃/【はじまりのエピローグ】櫻木真乃/希望の数字.csv,29,3001007020230,真乃,う、うんっ,櫻木真乃,【はじまりのエピローグ】櫻木真乃,希望の数字
櫻木真乃/【はじまりのエピローグ】櫻木真乃/希望の数字.csv,36,3001007020300,真乃,"そ、そんな……
私だけ、ダメだよっ……",櫻木真乃,【はじまりのエピローグ】櫻木真乃,希望の数字
櫻木真乃/【はじまりのエピローグ】櫻木真乃/希望の数字.csv,38,3001007020320,真乃,え……？,櫻木真乃,【はじまりのエピローグ】櫻木真乃,希望の数字
櫻木真乃/【はじまりのエピローグ】櫻木真乃/希望の数字.csv,41,3001007020341,真乃＆灯織,……！,櫻木真乃,【はじまりのエピローグ】櫻木真乃,希望の数字
櫻木真乃/【はじまりのエピローグ】櫻木真乃/希望の数字.csv,49,3001007020410,真乃,"……灯織ちゃん、めぐるちゃん……
みんなでたこ焼き……",櫻木真乃,【はじまりのエピローグ】櫻木真乃,希望の数字
櫻木真乃/【はじまりのエピローグ】櫻木真乃/希望の数字.csv,50,3001007020420,真乃,"……うんっ
わ、私……頑張るっ",櫻木真乃,【はじまりのエピローグ】櫻木真乃,希望の数字
櫻木真乃/【はじまりのエピローグ】櫻木真乃/希望の数字.csv,52,3001007020440,真乃,"う、うんっ、開けるね……えいっ
……これであと２つ",櫻木真乃,【はじまりのエピローグ】櫻木真乃,希望の数字
櫻木真乃/【はじまりのエピローグ】櫻木真乃/希望の数字.csv,54,3001007020450,真乃,……ほわ、ない……,櫻木真乃,【はじまりのエピローグ】櫻木真乃,希望の数字
櫻木真乃/【はじまりのエピローグ】櫻木真乃/希望の数字.csv,58,3001007020480,真乃,"──はいっ
えっと……ろ、62ですっ",櫻木真乃,【はじまりのエピローグ】櫻木真乃,希望の数字
櫻木真乃/【はじまりのエピローグ】櫻木真乃/希望の数字.csv,60,3001007020500,真乃,"う、うん
あと１個……23が出れば……",櫻木真乃,【はじまりのエピローグ】櫻木真乃,希望の数字
櫻木真乃/【はじまりのエピローグ】櫻木真乃/希望の数字.csv,64,3001007020530,真乃,お、お願いしますっ,櫻木真乃,【はじまりのエピローグ】櫻木真乃,希望の数字
櫻木真乃/【はじまりのエピローグ】櫻木真乃/希望の数字.csv,68,3001007020560,真乃,"あっ……は、はいっ！
ビンゴ、です……っ！",櫻木真乃,【はじまりのエピローグ】櫻木真乃,希望の数字
櫻木真乃/【はじまりのエピローグ】櫻木真乃/希望の数字.csv,71,3001007020590,真乃,"ほわぁ、すごいっ
たこ焼き器具３点セット付だよっ",櫻木真乃,【はじまりのエピローグ】櫻木真乃,希望の数字
櫻木真乃/【はじまりのエピローグ】櫻木真乃/希望の数字.csv,75,3001007020630,真乃,"うん、とっても美味しそうだねっ
私、タコ以外の具材で食べたことないから楽しみだな",櫻木真乃,【はじまりのエピローグ】櫻木真乃,希望の数字
櫻木真乃/【はじまりのエピローグ】櫻木真乃/希望の数字.csv,76,3001007020640,真乃,……,櫻木真乃,【はじまりのエピローグ】櫻木真乃,希望の数字
櫻木真乃/【はじまりのエピローグ】櫻木真乃/希望の数字.csv,77,3001007020650,真乃,"あのね……前にたこ焼き器を見てた時、
私、ぼんやりしちゃってたけど……",櫻木真乃,【はじまりのエピローグ】櫻木真乃,希望の数字
櫻木真乃/【はじまりのエピローグ】櫻木真乃/希望の数字.csv,78,3001007020660,真乃,"私も……
みんなで、たこ焼き作りたいっ",櫻木真乃,【はじまりのエピローグ】櫻木真乃,希望の数字
櫻木真乃/【はじまりのエピローグ】櫻木真乃/希望の数字.csv,81,3001007020690,真乃,"ふふ……
うんっ",櫻木真乃,【はじまりのエピローグ】櫻木真乃,希望の数字
櫻木真乃/【はじまりのエピローグ】櫻木真乃/希望の数字.csv,82,3001007020700,真乃,３人でいっぱいたこ焼き作ろうねっ,櫻木真乃,【はじまりのエピローグ】櫻木真乃,希望の数字
櫻木真乃/【はじまりのエピローグ】櫻木真乃/希望の数字.csv,85,3001007020730,真乃,"ふふっ
楽しみだな……",櫻木真乃,【はじまりのエピローグ】櫻木真乃,希望の数字
櫻木真乃/【はじまりのエピローグ】櫻木真乃/心はずむパーティーグッズ.csv,4,3001007010020,真乃,"ほわ、めぐるちゃん……それ、とってもいいねっ
……私もつけてみようかな",櫻木真乃,【はじまりのエピローグ】櫻木真乃,心はずむパーティーグッズ
櫻木真乃/【はじまりのエピローグ】櫻木真乃/心はずむパーティーグッズ.csv,8,3001007010060,真乃,"ふふっ
３人でサンタさんみたいになるのもいいねっ",櫻木真乃,【はじまりのエピローグ】櫻木真乃,心はずむパーティーグッズ
櫻木真乃/【はじまりのエピローグ】櫻木真乃/心はずむパーティーグッズ.csv,11,3001007010090,真乃,"あっ……灯織ちゃん、めぐるちゃん
あれ……",櫻木真乃,【はじまりのエピローグ】櫻木真乃,心はずむパーティーグッズ
櫻木真乃/【はじまりのエピローグ】櫻木真乃/心はずむパーティーグッズ.csv,20,3001007010180,真乃,"……え？
あっ、ご、ごめんねっ",櫻木真乃,【はじまりのエピローグ】櫻木真乃,心はずむパーティーグッズ
櫻木真乃/【はじまりのエピローグ】櫻木真乃/心はずむパーティーグッズ.csv,24,3001007010220,真乃,"あっ、ううん、そうじゃないんだっ
……ちょっと、考え事をしちゃって……",櫻木真乃,【はじまりのエピローグ】櫻木真乃,心はずむパーティーグッズ
櫻木真乃/【はじまりのエピローグ】櫻木真乃/心はずむパーティーグッズ.csv,26,3001007010240,真乃,う、うん……,櫻木真乃,【はじまりのエピローグ】櫻木真乃,心はずむパーティーグッズ
櫻木真乃/【はじまりのエピローグ】櫻木真乃/心はずむパーティーグッズ.csv,27,3001007010250,真乃,……,櫻木真乃,【はじまりのエピローグ】櫻木真乃,心はずむパーティーグッズ
櫻木真乃/【はじまりのエピローグ】櫻木真乃/心はずむパーティーグッズ.csv,29,3001007010260,真乃,"えっと……
あのね──",櫻木真乃,【はじまりのエピローグ】櫻木真乃,心はずむパーティーグッズ
櫻木真乃/【はじまりのエピローグ】櫻木真乃/心はずむパーティーグッズ.csv,30,3001007010270,真乃,"プロデューサーさんから、
パーティーで乾杯をしてほしいってお願いされたんだ",櫻木真乃,【はじまりのエピローグ】櫻木真乃,心はずむパーティーグッズ
櫻木真乃/【はじまりのエピローグ】櫻木真乃/心はずむパーティーグッズ.csv,31,3001007010280,真乃,その時に一言、挨拶もしてほしいって言われて……,櫻木真乃,【はじまりのエピローグ】櫻木真乃,心はずむパーティーグッズ
櫻木真乃/【はじまりのエピローグ】櫻木真乃/心はずむパーティーグッズ.csv,32,3001007010290,真乃,"みんなの前で挨拶をするって
どうしたらいいのかな、とか……",櫻木真乃,【はじまりのエピローグ】櫻木真乃,心はずむパーティーグッズ
櫻木真乃/【はじまりのエピローグ】櫻木真乃/心はずむパーティーグッズ.csv,33,3001007010300,真乃,"私がそんな大事な係をしていいのかな、とか……
色々考えちゃって",櫻木真乃,【はじまりのエピローグ】櫻木真乃,心はずむパーティーグッズ
櫻木真乃/【はじまりのエピローグ】櫻木真乃/心はずむパーティーグッズ.csv,41,3001007010380,真乃,"そんな……
そう言ってもらえるのは、すっごく嬉しいけど……",櫻木真乃,【はじまりのエピローグ】櫻木真乃,心はずむパーティーグッズ
櫻木真乃/【はじまりのエピローグ】櫻木真乃/心はずむパーティーグッズ.csv,42,3001007010390,真乃,"でも──それは、ふたりも一緒だよ……？
レッスンやお仕事……いっぱい頑張ってる",櫻木真乃,【はじまりのエピローグ】櫻木真乃,心はずむパーティーグッズ
櫻木真乃/【はじまりのエピローグ】櫻木真乃/心はずむパーティーグッズ.csv,43,3001007010400,真乃,"私だけじゃなくて、他のユニットのみんなだって
おんなじように頑張ってるのに……",櫻木真乃,【はじまりのエピローグ】櫻木真乃,心はずむパーティーグッズ
櫻木真乃/【はじまりのエピローグ】櫻木真乃/心はずむパーティーグッズ.csv,46,3001007010430,真乃,あ……,櫻木真乃,【はじまりのエピローグ】櫻木真乃,心はずむパーティーグッズ
櫻木真乃/【はじまりのエピローグ】櫻木真乃/心はずむパーティーグッズ.csv,47,3001007010440,真乃,"灯織ちゃん、めぐるちゃん……
ありがとう",櫻木真乃,【はじまりのエピローグ】櫻木真乃,心はずむパーティーグッズ
櫻木真乃/【はじまりのエピローグ】櫻木真乃/心はずむパーティーグッズ.csv,48,3001007010450,真乃,──うん,櫻木真乃,【はじまりのエピローグ】櫻木真乃,心はずむパーティーグッズ
櫻木真乃/【はじまりのエピローグ】櫻木真乃/心はずむパーティーグッズ.csv,49,3001007010460,真乃,"えっと、ありがとうっ
お買い物、済ませないとっ",櫻木真乃,【はじまりのエピローグ】櫻木真乃,心はずむパーティーグッズ
櫻木真乃/【はじまりのエピローグ】櫻木真乃/心はずむパーティーグッズ.csv,54,3001007010500,真乃,……,櫻木真乃,【はじまりのエピローグ】櫻木真乃,心はずむパーティーグッズ
櫻木真乃/【はじまりのエピローグ】櫻木真乃/心はずむパーティーグッズ.csv,56,3001007010520,真乃,あっ……めぐるちゃん……,櫻木真乃,【はじまりのエピローグ】櫻木真乃,心はずむパーティーグッズ
櫻木真乃/【はじまりのエピローグ】櫻木真乃/心はずむパーティーグッズ.csv,59,3001007010550,真乃,めぐるちゃん……,櫻木真乃,【はじまりのエピローグ】櫻木真乃,心はずむパーティーグッズ
櫻木真乃/【はじまりのエピローグ】櫻木真乃/心はずむパーティーグッズ.csv,63,3001007010590,真乃,灯織ちゃん……,櫻木真乃,【はじまりのエピローグ】櫻木真乃,心はずむパーティーグッズ
櫻木真乃/【はじまりのエピローグ】櫻木真乃/心はずむパーティーグッズ.csv,64,3001007010600,真乃,いっぱい考えてくれて……ありがとう,櫻木真乃,【はじまりのエピローグ】櫻木真乃,心はずむパーティーグッズ
櫻木真乃/【はじまりのエピローグ】櫻木真乃/心はずむパーティーグッズ.csv,65,3001007010610,真乃,"プロデューサーさんが私を選んでくれたのは……
きっと、私が一番頑張りなさいってことだよね",櫻木真乃,【はじまりのエピローグ】櫻木真乃,心はずむパーティーグッズ
櫻木真乃/【はじまりのエピローグ】櫻木真乃/心はずむパーティーグッズ.csv,66,3001007010620,真乃,……むんっ,櫻木真乃,【はじまりのエピローグ】櫻木真乃,心はずむパーティーグッズ
櫻木真乃/【はじまりのエピローグ】櫻木真乃/心はずむパーティーグッズ.csv,70,3001007010660,真乃,"う、うんっ
私も……負けないっ",櫻木真乃,【はじまりのエピローグ】櫻木真乃,心はずむパーティーグッズ
櫻木真乃/【はじまりのエピローグ】櫻木真乃/心はずむパーティーグッズ.csv,73,3001007010680,真乃,"ほわ……
これ……マイク？",櫻木真乃,【はじまりのエピローグ】櫻木真乃,心はずむパーティーグッズ
櫻木真乃/【はじまりのエピローグ】櫻木真乃/心はずむパーティーグッズ.csv,77,3001007010720,真乃,"そっか……
うん、そうだよね",櫻木真乃,【はじまりのエピローグ】櫻木真乃,心はずむパーティーグッズ
櫻木真乃/【はじまりのエピローグ】櫻木真乃/心はずむパーティーグッズ.csv,78,3001007010730,真乃,"灯織ちゃん、めぐるちゃんっ
い、今から挨拶の練習、お手伝いしてもらってもいいかな？",櫻木真乃,【はじまりのエピローグ】櫻木真乃,心はずむパーティーグッズ
櫻木真乃/【はるかなる】櫻木真乃/【はるかなる】櫻木真乃01.csv,2,2001020010010,真乃,────────……っ,櫻木真乃,【はるかなる】櫻木真乃,【はるかなる】櫻木真乃01
櫻木真乃/【はるかなる】櫻木真乃/【はるかなる】櫻木真乃01.csv,5,2001020010020,真乃,────プロデューサーさん……っ,櫻木真乃,【はるかなる】櫻木真乃,【はるかなる】櫻木真乃01
櫻木真乃/【はるかなる】櫻木真乃/【はるかなる】櫻木真乃01.csv,11,2001020010030,真乃,ありがとうございます……っ,櫻木真乃,【はるかなる】櫻木真乃,【はるかなる】櫻木真乃01
櫻木真乃/【はるかなる】櫻木真乃/【はるかなる】櫻木真乃01.csv,13,2001020010040,真乃,ほわ……,櫻木真乃,【はるかなる】櫻木真乃,【はるかなる】櫻木真乃01
櫻木真乃/【はるかなる】櫻木真乃/【はるかなる】櫻木真乃01.csv,15,2001020010050,真乃,"え、えっと……
……少しだけ……",櫻木真乃,【はるかなる】櫻木真乃,【はるかなる】櫻木真乃01
櫻木真乃/【はるかなる】櫻木真乃/【はるかなる】櫻木真乃01.csv,16,2001020010060,真乃,"初めてのソロ曲
どんな感想をいただいたんだろうって……",櫻木真乃,【はるかなる】櫻木真乃,【はるかなる】櫻木真乃01
櫻木真乃/【はるかなる】櫻木真乃/【はるかなる】櫻木真乃01.csv,21,2001020010070,真乃,"……はい
お邪魔でなければ……",櫻木真乃,【はるかなる】櫻木真乃,【はるかなる】櫻木真乃01
櫻木真乃/【はるかなる】櫻木真乃/【はるかなる】櫻木真乃01.csv,23,2001020010080,真乃,……？,櫻木真乃,【はるかなる】櫻木真乃,【はるかなる】櫻木真乃01
櫻木真乃/【はるかなる】櫻木真乃/【はるかなる】櫻木真乃01.csv,26,2001020010090,真乃,……,櫻木真乃,【はるかなる】櫻木真乃,【はるかなる】櫻木真乃01
櫻木真乃/【はるかなる】櫻木真乃/【はるかなる】櫻木真乃01.csv,28,2001020010100,真乃,……ありがとうございます……っ,櫻木真乃,【はるかなる】櫻木真乃,【はるかなる】櫻木真乃01
櫻木真乃/【はるかなる】櫻木真乃/【はるかなる】櫻木真乃01.csv,31,2001020010110,真乃,……はい……っ,櫻木真乃,【はるかなる】櫻木真乃,【はるかなる】櫻木真乃01
櫻木真乃/【はるかなる】櫻木真乃/【はるかなる】櫻木真乃01.csv,33,2001020010120,真乃,……あたたかい言葉を、たくさんいただきました,櫻木真乃,【はるかなる】櫻木真乃,【はるかなる】櫻木真乃01
櫻木真乃/【はるかなる】櫻木真乃/【はるかなる】櫻木真乃01.csv,34,2001020010130,真乃,"私の歌を聴いて、ファンになってくださった方も
いたみたいで……",櫻木真乃,【はるかなる】櫻木真乃,【はるかなる】櫻木真乃01
櫻木真乃/【はるかなる】櫻木真乃/【はるかなる】櫻木真乃01.csv,36,2001020010140,真乃,はい……,櫻木真乃,【はるかなる】櫻木真乃,【はるかなる】櫻木真乃01
櫻木真乃/【はるかなる】櫻木真乃/【はるかなる】櫻木真乃01.csv,37,2001020010150,真乃,"……ですが、遠方の方なので
ライブにはなかなか来られないみたいで……",櫻木真乃,【はるかなる】櫻木真乃,【はるかなる】櫻木真乃01
櫻木真乃/【はるかなる】櫻木真乃/【はるかなる】櫻木真乃01.csv,39,2001020010160,真乃,"遠くから応援してくださる方がいるなんて
少し前の私だったら、信じられないなって思います",櫻木真乃,【はるかなる】櫻木真乃,【はるかなる】櫻木真乃01
櫻木真乃/【はるかなる】櫻木真乃/【はるかなる】櫻木真乃01.csv,40,2001020010170,真乃,"ですから、この広い空の下にいる
ファンのみなさんのもとへ",櫻木真乃,【はるかなる】櫻木真乃,【はるかなる】櫻木真乃01
櫻木真乃/【はるかなる】櫻木真乃/【はるかなる】櫻木真乃01.csv,41,2001020010180,真乃,会いにいけたらいいんですけれど……,櫻木真乃,【はるかなる】櫻木真乃,【はるかなる】櫻木真乃01
櫻木真乃/【はるかなる】櫻木真乃/【はるかなる】櫻木真乃01.csv,48,2001020010190,真乃,はい……,櫻木真乃,【はるかなる】櫻木真乃,【はるかなる】櫻木真乃01
櫻木真乃/【はるかなる】櫻木真乃/【はるかなる】櫻木真乃01.csv,49,2001020010200,真乃,"もっともっと
大きな羽にしなくちゃ、ですよね",櫻木真乃,【はるかなる】櫻木真乃,【はるかなる】櫻木真乃01
櫻木真乃/【はるかなる】櫻木真乃/【はるかなる】櫻木真乃01.csv,53,2001020010210,真乃,……はい,櫻木真乃,【はるかなる】櫻木真乃,【はるかなる】櫻木真乃01
櫻木真乃/【はるかなる】櫻木真乃/【はるかなる】櫻木真乃01.csv,54,2001020010220,真乃,よろしくお願いします、プロデューサーさん,櫻木真乃,【はるかなる】櫻木真乃,【はるかなる】櫻木真乃01
櫻木真乃/【はるかなる】櫻木真乃/【はるかなる】櫻木真乃01.csv,56,2001020010230,真乃,"私も、プロデューサーさんの期待に応えられるように
……頑張ります",櫻木真乃,【はるかなる】櫻木真乃,【はるかなる】櫻木真乃01
櫻木真乃/【はるかなる】櫻木真乃/【はるかなる】櫻木真乃01.csv,57,2001020010240,真乃,むんっ,櫻木真乃,【はるかなる】櫻木真乃,【はるかなる】櫻木真乃01
櫻木真乃/【はるかなる】櫻木真乃/【はるかなる】櫻木真乃01.csv,59,2001020010250,真乃,夢……,櫻木真乃,【はるかなる】櫻木真乃,【はるかなる】櫻木真乃01
櫻木真乃/【はるかなる】櫻木真乃/【はるかなる】櫻木真乃01.csv,60,2001020010260,真乃,"夢って、こんなふうに……
見つけるものなんですね",櫻木真乃,【はるかなる】櫻木真乃,【はるかなる】櫻木真乃01
櫻木真乃/【はるかなる】櫻木真乃/【はるかなる】櫻木真乃01.csv,62,2001020010270,真乃,"なんだか……
胸の奥があたたかくて、力が湧いてくる気がします……",櫻木真乃,【はるかなる】櫻木真乃,【はるかなる】櫻木真乃01
櫻木真乃/【はるかなる】櫻木真乃/【はるかなる】櫻木真乃01.csv,66,2001020010280,真乃,はい……っ,櫻木真乃,【はるかなる】櫻木真乃,【はるかなる】櫻木真乃01
櫻木真乃/【はるかなる】櫻木真乃/【はるかなる】櫻木真乃02.csv,4,2001020020010,真乃,────プロデューサーさん……っ,櫻木真乃,【はるかなる】櫻木真乃,【はるかなる】櫻木真乃02
櫻木真乃/【はるかなる】櫻木真乃/【はるかなる】櫻木真乃02.csv,5,2001020020020,真乃,ありがとうございました……っ,櫻木真乃,【はるかなる】櫻木真乃,【はるかなる】櫻木真乃02
櫻木真乃/【はるかなる】櫻木真乃/【はるかなる】櫻木真乃02.csv,8,2001020020030,真乃,私のことを、信じて……,櫻木真乃,【はるかなる】櫻木真乃,【はるかなる】櫻木真乃02
櫻木真乃/【はるかなる】櫻木真乃/【はるかなる】櫻木真乃02.csv,9,2001020020040,真乃,"……プロデューサーさんが
ここまで導いてくださったおかげです",櫻木真乃,【はるかなる】櫻木真乃,【はるかなる】櫻木真乃02
櫻木真乃/【はるかなる】櫻木真乃/【はるかなる】櫻木真乃02.csv,10,2001020020050,真乃,────あれだけ、追いかけていた夢が……,櫻木真乃,【はるかなる】櫻木真乃,【はるかなる】櫻木真乃02
櫻木真乃/【はるかなる】櫻木真乃/【はるかなる】櫻木真乃02.csv,11,2001020020060,真乃,あっという間です,櫻木真乃,【はるかなる】櫻木真乃,【はるかなる】櫻木真乃02
櫻木真乃/【はるかなる】櫻木真乃/【はるかなる】櫻木真乃02.csv,13,2001020020070,真乃,────────あ……,櫻木真乃,【はるかなる】櫻木真乃,【はるかなる】櫻木真乃02
櫻木真乃/【はるかなる】櫻木真乃/【はるかなる】櫻木真乃02.csv,15,2001020020080,真乃,はい……っ,櫻木真乃,【はるかなる】櫻木真乃,【はるかなる】櫻木真乃02
櫻木真乃/【はるかなる】櫻木真乃/【はるかなる】櫻木真乃02.csv,16,2001020020090,真乃,あの……,櫻木真乃,【はるかなる】櫻木真乃,【はるかなる】櫻木真乃02
櫻木真乃/【はるかなる】櫻木真乃/【はるかなる】櫻木真乃02.csv,17,2001020020100,真乃,"届けたい人、プロデューサーさんも……
なので……",櫻木真乃,【はるかなる】櫻木真乃,【はるかなる】櫻木真乃02
櫻木真乃/【はるかなる】櫻木真乃/【はるかなる】櫻木真乃02.csv,18,2001020020110,真乃,よかったら、受け取ってください,櫻木真乃,【はるかなる】櫻木真乃,【はるかなる】櫻木真乃02
櫻木真乃/【はるかなる】櫻木真乃/【はるかなる】櫻木真乃02.csv,21,2001020020120,真乃,……えっと,櫻木真乃,【はるかなる】櫻木真乃,【はるかなる】櫻木真乃02
櫻木真乃/【はるかなる】櫻木真乃/【はるかなる】櫻木真乃02.csv,22,2001020020130,真乃,"次が、本当に……
最後の曲に、なってしまいました……っ",櫻木真乃,【はるかなる】櫻木真乃,【はるかなる】櫻木真乃02
櫻木真乃/【はるかなる】櫻木真乃/【はるかなる】櫻木真乃02.csv,23,2001020020140,真乃,私も、とってもさみしいです……,櫻木真乃,【はるかなる】櫻木真乃,【はるかなる】櫻木真乃02
櫻木真乃/【はるかなる】櫻木真乃/【はるかなる】櫻木真乃02.csv,24,2001020020150,真乃,"……ですが
また必ずみなさんのもとへ、会いに来ると……約束します",櫻木真乃,【はるかなる】櫻木真乃,【はるかなる】櫻木真乃02
櫻木真乃/【はるかなる】櫻木真乃/【はるかなる】櫻木真乃02.csv,25,2001020020160,真乃,"最後なので、よかったら
みなさんも一緒に歌ってください",櫻木真乃,【はるかなる】櫻木真乃,【はるかなる】櫻木真乃02
櫻木真乃/【はるかなる】櫻木真乃/【はるかなる】櫻木真乃02.csv,26,2001020020170,真乃,それでは……────,櫻木真乃,【はるかなる】櫻木真乃,【はるかなる】櫻木真乃02
櫻木真乃/【はるかなる】櫻木真乃/【はるかなる】櫻木真乃02.csv,27,2001020020180,真乃,あ、あれ……？,櫻木真乃,【はるかなる】櫻木真乃,【はるかなる】櫻木真乃02
櫻木真乃/【はるかなる】櫻木真乃/【はるかなる】櫻木真乃02.csv,29,2001020020190,真乃,……,櫻木真乃,【はるかなる】櫻木真乃,【はるかなる】櫻木真乃02
櫻木真乃/【はるかなる】櫻木真乃/【はるかなる】櫻木真乃02.csv,30,2001020020200,真乃,"……この歌
私の、初めての……",櫻木真乃,【はるかなる】櫻木真乃,【はるかなる】櫻木真乃02
櫻木真乃/【はるかなる】櫻木真乃/【はるかなる】櫻木真乃02.csv,31,2001020020210,真乃,ほわ……っ,櫻木真乃,【はるかなる】櫻木真乃,【はるかなる】櫻木真乃02
櫻木真乃/【はるかなる】櫻木真乃/【はるかなる】櫻木真乃03.csv,26,2001020110010,真乃,"『今日は久しぶりのオフをいただいたので
公園でピーちゃんと遊んでいたんです』",櫻木真乃,【はるかなる】櫻木真乃,【はるかなる】櫻木真乃03
櫻木真乃/【はるかなる】櫻木真乃/【はるかなる】櫻木真乃03.csv,28,2001020110020,真乃,"『お散歩をしていたら
空にきれいな虹がかかっていました』",櫻木真乃,【はるかなる】櫻木真乃,【はるかなる】櫻木真乃03
櫻木真乃/【はるかなる】櫻木真乃/【はるかなる】櫻木真乃03.csv,29,2001020110030,真乃,"『プロデューサーさんにも
見えるでしょうか？』",櫻木真乃,【はるかなる】櫻木真乃,【はるかなる】櫻木真乃03
櫻木真乃/【はるかなる】櫻木真乃/【はるかなる】櫻木真乃03.csv,35,2001020110050,真乃,ほわ、プロデューサーさん,櫻木真乃,【はるかなる】櫻木真乃,【はるかなる】櫻木真乃03
櫻木真乃/【はるかなる】櫻木真乃/【はるかなる】櫻木真乃03.csv,37,2001020110060,真乃,"鳩さんに、歌を歌っていたんです
よろこんでくれるので……",櫻木真乃,【はるかなる】櫻木真乃,【はるかなる】櫻木真乃03
櫻木真乃/【はるかなる】櫻木真乃/【はるかなる】櫻木真乃03.csv,39,2001020110070,真乃,ふふ……っ,櫻木真乃,【はるかなる】櫻木真乃,【はるかなる】櫻木真乃03
櫻木真乃/【はるかなる】櫻木真乃/【はるかなる】櫻木真乃03.csv,41,2001020110080,真乃,えっと……,櫻木真乃,【はるかなる】櫻木真乃,【はるかなる】櫻木真乃03
櫻木真乃/【はるかなる】櫻木真乃/【はるかなる】櫻木真乃03.csv,42,2001020110090,真乃,空は、とっても広くて,櫻木真乃,【はるかなる】櫻木真乃,【はるかなる】櫻木真乃03
櫻木真乃/【はるかなる】櫻木真乃/【はるかなる】櫻木真乃03.csv,43,2001020110100,真乃,みんなで飛ぶと、気持ちがいいです,櫻木真乃,【はるかなる】櫻木真乃,【はるかなる】櫻木真乃03
櫻木真乃/【ひとつ、はたたく】櫻木真乃/はらはら、雪が重なるように.csv,4,2001014020010,真乃,ありがとうございます……っ,櫻木真乃,【ひとつ、はたたく】櫻木真乃,はらはら、雪が重なるように
櫻木真乃/【ひとつ、はたたく】櫻木真乃/はらはら、雪が重なるように.csv,5,2001014020020,真乃,はー……,櫻木真乃,【ひとつ、はたたく】櫻木真乃,はらはら、雪が重なるように
櫻木真乃/【ひとつ、はたたく】櫻木真乃/はらはら、雪が重なるように.csv,7,2001014020030,真乃,お疲れさまです、プロデューサーさん,櫻木真乃,【ひとつ、はたたく】櫻木真乃,はらはら、雪が重なるように
櫻木真乃/【ひとつ、はたたく】櫻木真乃/はらはら、雪が重なるように.csv,9,2001014020040,真乃,"ほわ……
ありがとうございます",櫻木真乃,【ひとつ、はたたく】櫻木真乃,はらはら、雪が重なるように
櫻木真乃/【ひとつ、はたたく】櫻木真乃/はらはら、雪が重なるように.csv,11,2001014020050,真乃,いただきます,櫻木真乃,【ひとつ、はたたく】櫻木真乃,はらはら、雪が重なるように
櫻木真乃/【ひとつ、はたたく】櫻木真乃/はらはら、雪が重なるように.csv,12,2001014020060,真乃,────……,櫻木真乃,【ひとつ、はたたく】櫻木真乃,はらはら、雪が重なるように
櫻木真乃/【ひとつ、はたたく】櫻木真乃/はらはら、雪が重なるように.csv,14,2001014020070,真乃,本当ですか……っ,櫻木真乃,【ひとつ、はたたく】櫻木真乃,はらはら、雪が重なるように
櫻木真乃/【ひとつ、はたたく】櫻木真乃/はらはら、雪が重なるように.csv,16,2001014020080,真乃,その……,櫻木真乃,【ひとつ、はたたく】櫻木真乃,はらはら、雪が重なるように
櫻木真乃/【ひとつ、はたたく】櫻木真乃/はらはら、雪が重なるように.csv,17,2001014020090,真乃,"はい、と言っていいのかは
わからないんですけれど……っ",櫻木真乃,【ひとつ、はたたく】櫻木真乃,はらはら、雪が重なるように
櫻木真乃/【ひとつ、はたたく】櫻木真乃/はらはら、雪が重なるように.csv,18,2001014020100,真乃,"でも……
うれしい、です……っ",櫻木真乃,【ひとつ、はたたく】櫻木真乃,はらはら、雪が重なるように
櫻木真乃/【ひとつ、はたたく】櫻木真乃/はらはら、雪が重なるように.csv,19,2001014020110,真乃,これは、間違いありません,櫻木真乃,【ひとつ、はたたく】櫻木真乃,はらはら、雪が重なるように
櫻木真乃/【ひとつ、はたたく】櫻木真乃/はらはら、雪が重なるように.csv,22,2001014020120,真乃,……,櫻木真乃,【ひとつ、はたたく】櫻木真乃,はらはら、雪が重なるように
櫻木真乃/【ひとつ、はたたく】櫻木真乃/はらはら、雪が重なるように.csv,24,2001014020130,真乃,だ、大丈夫ですか、プロデューサーさん……っ,櫻木真乃,【ひとつ、はたたく】櫻木真乃,はらはら、雪が重なるように
櫻木真乃/【ひとつ、はたたく】櫻木真乃/はらはら、雪が重なるように.csv,25,2001014020140,真乃,"プロデューサーさんも、
あたたかい飲み物を……っ",櫻木真乃,【ひとつ、はたたく】櫻木真乃,はらはら、雪が重なるように
櫻木真乃/【ひとつ、はたたく】櫻木真乃/はらはら、雪が重なるように.csv,28,2001014020150,真乃,"ありがとうございます……っ
でも、大丈夫です",櫻木真乃,【ひとつ、はたたく】櫻木真乃,はらはら、雪が重なるように
櫻木真乃/【ひとつ、はたたく】櫻木真乃/はらはら、雪が重なるように.csv,29,2001014020160,真乃,お茶を頂きましたから,櫻木真乃,【ひとつ、はたたく】櫻木真乃,はらはら、雪が重なるように
櫻木真乃/【ひとつ、はたたく】櫻木真乃/はらはら、雪が重なるように.csv,34,2001014020170,真乃,……？,櫻木真乃,【ひとつ、はたたく】櫻木真乃,はらはら、雪が重なるように
櫻木真乃/【ひとつ、はたたく】櫻木真乃/はらはら、雪が重なるように.csv,37,2001014020180,真乃,ほわ……っ,櫻木真乃,【ひとつ、はたたく】櫻木真乃,はらはら、雪が重なるように
櫻木真乃/【ひとつ、はたたく】櫻木真乃/はらはら、雪が重なるように.csv,39,2001014020190,真乃,────……はいっ,櫻木真乃,【ひとつ、はたたく】櫻木真乃,はらはら、雪が重なるように
櫻木真乃/【ひとつ、はたたく】櫻木真乃/はらはら、雪が重なるように.csv,41,2001014020200,真乃,"ほわ、ふふ……
そうですね……っ",櫻木真乃,【ひとつ、はたたく】櫻木真乃,はらはら、雪が重なるように
櫻木真乃/【ひとつ、はたたく】櫻木真乃/はらはら、雪が重なるように.csv,42,2001014020210,真乃,"ふっくらして……
ぎゅっと集合する鳥さん……",櫻木真乃,【ひとつ、はたたく】櫻木真乃,はらはら、雪が重なるように
櫻木真乃/【ひとつ、はたたく】櫻木真乃/はらはら、雪が重なるように.csv,44,2001014020211,真乃＆プロデューサー,──ははっ,櫻木真乃,【ひとつ、はたたく】櫻木真乃,はらはら、雪が重なるように
櫻木真乃/【ひとつ、はたたく】櫻木真乃/はらはら、雪が重なるように.csv,46,2001014020220,真乃,はい,櫻木真乃,【ひとつ、はたたく】櫻木真乃,はらはら、雪が重なるように
櫻木真乃/【ひとつ、はたたく】櫻木真乃/はらはら、雪が重なるように.csv,47,2001014020230,真乃,え……？,櫻木真乃,【ひとつ、はたたく】櫻木真乃,はらはら、雪が重なるように
櫻木真乃/【ひとつ、はたたく】櫻木真乃/はらはら、雪が重なるように.csv,51,2001014020240,真乃,……っ,櫻木真乃,【ひとつ、はたたく】櫻木真乃,はらはら、雪が重なるように
櫻木真乃/【ひとつ、はたたく】櫻木真乃/はらはら、雪が重なるように.csv,52,2001014020250,真乃,……そうですよね──,櫻木真乃,【ひとつ、はたたく】櫻木真乃,はらはら、雪が重なるように
櫻木真乃/【ひとつ、はたたく】櫻木真乃/はらはら、雪が重なるように.csv,53,2001014020260,真乃,届けられるように、頑張ります,櫻木真乃,【ひとつ、はたたく】櫻木真乃,はらはら、雪が重なるように
櫻木真乃/【ひとつ、はたたく】櫻木真乃/勇気をくださいました.csv,3,2001014040010,真乃,わかりました,櫻木真乃,【ひとつ、はたたく】櫻木真乃,勇気をくださいました
櫻木真乃/【ひとつ、はたたく】櫻木真乃/勇気をくださいました.csv,7,2001014040020,真乃,はいっ,櫻木真乃,【ひとつ、はたたく】櫻木真乃,勇気をくださいました
櫻木真乃/【ひとつ、はたたく】櫻木真乃/勇気をくださいました.csv,12,2001014040030,真乃,"──……は、はい……
どうぞ……",櫻木真乃,【ひとつ、はたたく】櫻木真乃,勇気をくださいました
櫻木真乃/【ひとつ、はたたく】櫻木真乃/勇気をくださいました.csv,15,2001014040040,真乃,……プロデューサーさん……,櫻木真乃,【ひとつ、はたたく】櫻木真乃,勇気をくださいました
櫻木真乃/【ひとつ、はたたく】櫻木真乃/勇気をくださいました.csv,16,2001014040050,真乃,"──あ、いえ……っ
大丈夫ですっ、ご心配いただくようなことは何も……っ",櫻木真乃,【ひとつ、はたたく】櫻木真乃,勇気をくださいました
櫻木真乃/【ひとつ、はたたく】櫻木真乃/勇気をくださいました.csv,18,2001014040060,真乃,はい……っ,櫻木真乃,【ひとつ、はたたく】櫻木真乃,勇気をくださいました
櫻木真乃/【ひとつ、はたたく】櫻木真乃/勇気をくださいました.csv,19,2001014040070,真乃,"あの
少し、緊張してしまっていただけなんです",櫻木真乃,【ひとつ、はたたく】櫻木真乃,勇気をくださいました
櫻木真乃/【ひとつ、はたたく】櫻木真乃/勇気をくださいました.csv,20,2001014040080,真乃,先ほど、ディレクターさんがご挨拶に来てくださって──,櫻木真乃,【ひとつ、はたたく】櫻木真乃,勇気をくださいました
櫻木真乃/【ひとつ、はたたく】櫻木真乃/勇気をくださいました.csv,21,2001014040090,真乃,はーいっ,櫻木真乃,【ひとつ、はたたく】櫻木真乃,勇気をくださいました
櫻木真乃/【ひとつ、はたたく】櫻木真乃/勇気をくださいました.csv,23,2001014040100,真乃,……っ,櫻木真乃,【ひとつ、はたたく】櫻木真乃,勇気をくださいました
櫻木真乃/【ひとつ、はたたく】櫻木真乃/勇気をくださいました.csv,24,2001014040110,真乃,"灯織ちゃんかめぐるちゃんか、
プロデューサーさんだと思ったんですけれど",櫻木真乃,【ひとつ、はたたく】櫻木真乃,勇気をくださいました
櫻木真乃/【ひとつ、はたたく】櫻木真乃/勇気をくださいました.csv,25,2001014040120,真乃,初めてお会いする方だったので、驚いてしまって,櫻木真乃,【ひとつ、はたたく】櫻木真乃,勇気をくださいました
櫻木真乃/【ひとつ、はたたく】櫻木真乃/勇気をくださいました.csv,26,2001014040130,真乃,"──……あ、あのっ
はじめまして、お疲れさまです……っ",櫻木真乃,【ひとつ、はたたく】櫻木真乃,勇気をくださいました
櫻木真乃/【ひとつ、はたたく】櫻木真乃/勇気をくださいました.csv,30,2001014040140,真乃,あ、ありがとうございます……っ,櫻木真乃,【ひとつ、はたたく】櫻木真乃,勇気をくださいました
櫻木真乃/【ひとつ、はたたく】櫻木真乃/勇気をくださいました.csv,31,2001014040150,真乃,"……その、すみません
灯織ちゃんもめぐるちゃんも、今は少し席を外していて……",櫻木真乃,【ひとつ、はたたく】櫻木真乃,勇気をくださいました
櫻木真乃/【ひとつ、はたたく】櫻木真乃/勇気をくださいました.csv,34,2001014040160,真乃,……──っ,櫻木真乃,【ひとつ、はたたく】櫻木真乃,勇気をくださいました
櫻木真乃/【ひとつ、はたたく】櫻木真乃/勇気をくださいました.csv,35,2001014040170,真乃,"どうお話をしたらいいのか、
わからなくなってしまいそうだったんですけれど──",櫻木真乃,【ひとつ、はたたく】櫻木真乃,勇気をくださいました
櫻木真乃/【ひとつ、はたたく】櫻木真乃/勇気をくださいました.csv,36,2001014040180,真乃,"──……でも
プロデューサーさんのことを思い出しました",櫻木真乃,【ひとつ、はたたく】櫻木真乃,勇気をくださいました
櫻木真乃/【ひとつ、はたたく】櫻木真乃/勇気をくださいました.csv,38,2001014040190,真乃,はいっ,櫻木真乃,【ひとつ、はたたく】櫻木真乃,勇気をくださいました
櫻木真乃/【ひとつ、はたたく】櫻木真乃/勇気をくださいました.csv,39,2001014040200,真乃,"──え、と……っ
気にかけていただいて、ありがとうございます",櫻木真乃,【ひとつ、はたたく】櫻木真乃,勇気をくださいました
櫻木真乃/【ひとつ、はたたく】櫻木真乃/勇気をくださいました.csv,40,2001014040210,真乃,"こちらこそ……っ
お仕事、ご一緒させていただけたら、うれしいです",櫻木真乃,【ひとつ、はたたく】櫻木真乃,勇気をくださいました
櫻木真乃/【ひとつ、はたたく】櫻木真乃/勇気をくださいました.csv,44,2001014040220,真乃,──……っ,櫻木真乃,【ひとつ、はたたく】櫻木真乃,勇気をくださいました
櫻木真乃/【ひとつ、はたたく】櫻木真乃/勇気をくださいました.csv,45,2001014040230,真乃,"はいっ
よろしくお願いします────",櫻木真乃,【ひとつ、はたたく】櫻木真乃,勇気をくださいました
櫻木真乃/【ひとつ、はたたく】櫻木真乃/勇気をくださいました.csv,46,2001014040240,真乃,"……その、プロデューサーさんみたいに上手には、
できなかったんですけれど……",櫻木真乃,【ひとつ、はたたく】櫻木真乃,勇気をくださいました
櫻木真乃/【ひとつ、はたたく】櫻木真乃/勇気をくださいました.csv,47,2001014040250,真乃,"でも……なんとか、お話をすることができて
笑っていただけて……っ",櫻木真乃,【ひとつ、はたたく】櫻木真乃,勇気をくださいました
櫻木真乃/【ひとつ、はたたく】櫻木真乃/勇気をくださいました.csv,48,2001014040260,真乃,プロデューサーさんが、勇気をくださいました,櫻木真乃,【ひとつ、はたたく】櫻木真乃,勇気をくださいました
櫻木真乃/【ひとつ、はたたく】櫻木真乃/勇気をくださいました.csv,55,2001014040270,真乃,え……？,櫻木真乃,【ひとつ、はたたく】櫻木真乃,勇気をくださいました
櫻木真乃/【ひとつ、はたたく】櫻木真乃/勇気をくださいました.csv,58,2001014040280,真乃,──……,櫻木真乃,【ひとつ、はたたく】櫻木真乃,勇気をくださいました
櫻木真乃/【ひとつ、はたたく】櫻木真乃/勇気をくださいました.csv,59,2001014040290,真乃,はいっ,櫻木真乃,【ひとつ、はたたく】櫻木真乃,勇気をくださいました
櫻木真乃/【ひとつ、はたたく】櫻木真乃/勇気をくださいました.csv,60,2001014040300,真乃,"──……
そんな、お礼なんて……っ",櫻木真乃,【ひとつ、はたたく】櫻木真乃,勇気をくださいました
櫻木真乃/【ひとつ、はたたく】櫻木真乃/勇気をくださいました.csv,61,2001014040310,真乃,私、おろおろしてしまっていただけで……,櫻木真乃,【ひとつ、はたたく】櫻木真乃,勇気をくださいました
櫻木真乃/【ひとつ、はたたく】櫻木真乃/勇気をくださいました.csv,64,2001014040320,真乃,はい……っ,櫻木真乃,【ひとつ、はたたく】櫻木真乃,勇気をくださいました
櫻木真乃/【ひとつ、はたたく】櫻木真乃/勇気をくださいました.csv,66,2001014040330,真乃,……っ,櫻木真乃,【ひとつ、はたたく】櫻木真乃,勇気をくださいました
櫻木真乃/【ひとつ、はたたく】櫻木真乃/勇気をくださいました.csv,68,2001014040340,真乃,──……,櫻木真乃,【ひとつ、はたたく】櫻木真乃,勇気をくださいました
櫻木真乃/【ひとつ、はたたく】櫻木真乃/勇気をくださいました.csv,69,2001014040350,真乃,"……はい
そうだったら、いいんですけれど……っ",櫻木真乃,【ひとつ、はたたく】櫻木真乃,勇気をくださいました
櫻木真乃/【ひとつ、はたたく】櫻木真乃/勇気をくださいました.csv,70,2001014040360,真乃,……っ,櫻木真乃,【ひとつ、はたたく】櫻木真乃,勇気をくださいました
櫻木真乃/【ひとつ、はたたく】櫻木真乃/勇気をくださいました.csv,72,2001014040370,真乃,──……ありがとうございます……っ,櫻木真乃,【ひとつ、はたたく】櫻木真乃,勇気をくださいました
櫻木真乃/【ひとつ、はたたく】櫻木真乃/勇気をくださいました.csv,74,2001014040380,真乃,力を貸していただいてばかりなんですけれど……,櫻木真乃,【ひとつ、はたたく】櫻木真乃,勇気をくださいました
櫻木真乃/【ひとつ、はたたく】櫻木真乃/勇気をくださいました.csv,75,2001014040390,真乃,"プロデューサーさんは、いつも
私を、導いてくださいます",櫻木真乃,【ひとつ、はたたく】櫻木真乃,勇気をくださいました
櫻木真乃/【ひとつ、はたたく】櫻木真乃/新しい空をゆくために.csv,8,2001014010010,真乃,──……,櫻木真乃,【ひとつ、はたたく】櫻木真乃,新しい空をゆくために
櫻木真乃/【ひとつ、はたたく】櫻木真乃/新しい空をゆくために.csv,11,2001014010020,真乃,"まっすぐ……
吊られているようなイメージで……",櫻木真乃,【ひとつ、はたたく】櫻木真乃,新しい空をゆくために
櫻木真乃/【ひとつ、はたたく】櫻木真乃/新しい空をゆくために.csv,12,2001014010030,真乃,…………,櫻木真乃,【ひとつ、はたたく】櫻木真乃,新しい空をゆくために
櫻木真乃/【ひとつ、はたたく】櫻木真乃/新しい空をゆくために.csv,14,2001014010040,真乃,……？,櫻木真乃,【ひとつ、はたたく】櫻木真乃,新しい空をゆくために
櫻木真乃/【ひとつ、はたたく】櫻木真乃/新しい空をゆくために.csv,15,2001014010050,真乃,ほわ……っ,櫻木真乃,【ひとつ、はたたく】櫻木真乃,新しい空をゆくために
櫻木真乃/【ひとつ、はたたく】櫻木真乃/新しい空をゆくために.csv,16,2001014010060,真乃,"ぷ、プロデューサーさん……っ
いらしてたんですね……っ",櫻木真乃,【ひとつ、はたたく】櫻木真乃,新しい空をゆくために
櫻木真乃/【ひとつ、はたたく】櫻木真乃/新しい空をゆくために.csv,18,2001014010070,真乃,"あの、もう時間でしょうか……？
すみません、すぐに出る準備を──",櫻木真乃,【ひとつ、はたたく】櫻木真乃,新しい空をゆくために
櫻木真乃/【ひとつ、はたたく】櫻木真乃/新しい空をゆくために.csv,22,2001014010080,真乃,……よかった……,櫻木真乃,【ひとつ、はたたく】櫻木真乃,新しい空をゆくために
櫻木真乃/【ひとつ、はたたく】櫻木真乃/新しい空をゆくために.csv,23,2001014010090,真乃,"それじゃあ……
もう少し練習をしていてもいいでしょうか……？",櫻木真乃,【ひとつ、はたたく】櫻木真乃,新しい空をゆくために
櫻木真乃/【ひとつ、はたたく】櫻木真乃/新しい空をゆくために.csv,25,2001014010100,真乃,ありがとうございます,櫻木真乃,【ひとつ、はたたく】櫻木真乃,新しい空をゆくために
櫻木真乃/【ひとつ、はたたく】櫻木真乃/新しい空をゆくために.csv,27,2001014010110,真乃,え……？,櫻木真乃,【ひとつ、はたたく】櫻木真乃,新しい空をゆくために
櫻木真乃/【ひとつ、はたたく】櫻木真乃/新しい空をゆくために.csv,29,2001014010120,真乃,……,櫻木真乃,【ひとつ、はたたく】櫻木真乃,新しい空をゆくために
櫻木真乃/【ひとつ、はたたく】櫻木真乃/新しい空をゆくために.csv,30,2001014010130,真乃,"……上手く、言えないんですけれど……
いつものお仕事とは違うと思っているんです",櫻木真乃,【ひとつ、はたたく】櫻木真乃,新しい空をゆくために
櫻木真乃/【ひとつ、はたたく】櫻木真乃/新しい空をゆくために.csv,32,2001014010140,真乃,"モデルのお仕事は……
お店と、お洋服が主役だと思うので……──",櫻木真乃,【ひとつ、はたたく】櫻木真乃,新しい空をゆくために
櫻木真乃/【ひとつ、はたたく】櫻木真乃/新しい空をゆくために.csv,33,2001014010150,真乃,"見てくださる方々に、たくさん
素敵なお洋服だな、って思っていただけるように",櫻木真乃,【ひとつ、はたたく】櫻木真乃,新しい空をゆくために
櫻木真乃/【ひとつ、はたたく】櫻木真乃/新しい空をゆくために.csv,34,2001014010160,真乃,いつもの私のままではいけないなって,櫻木真乃,【ひとつ、はたたく】櫻木真乃,新しい空をゆくために
櫻木真乃/【ひとつ、はたたく】櫻木真乃/新しい空をゆくために.csv,36,2001014010170,真乃,"綺麗に体を動かせるようにならなきゃ、って
思っているんですけれど",櫻木真乃,【ひとつ、はたたく】櫻木真乃,新しい空をゆくために
櫻木真乃/【ひとつ、はたたく】櫻木真乃/新しい空をゆくために.csv,37,2001014010180,真乃,"やっぱり、難しいです
……もっと練習しないと……",櫻木真乃,【ひとつ、はたたく】櫻木真乃,新しい空をゆくために
櫻木真乃/【ひとつ、はたたく】櫻木真乃/新しい空をゆくために.csv,39,2001014010190,真乃,"は、はいっ
なんでも、おっしゃってください……っ",櫻木真乃,【ひとつ、はたたく】櫻木真乃,新しい空をゆくために
櫻木真乃/【ひとつ、はたたく】櫻木真乃/新しい空をゆくために.csv,42,2001014010200,真乃,……私への…………──？,櫻木真乃,【ひとつ、はたたく】櫻木真乃,新しい空をゆくために
櫻木真乃/【ひとつ、はたたく】櫻木真乃/新しい空をゆくために.csv,48,2001014010210,真乃,……っ,櫻木真乃,【ひとつ、はたたく】櫻木真乃,新しい空をゆくために
櫻木真乃/【ひとつ、はたたく】櫻木真乃/新しい空をゆくために.csv,56,2001014010220,真乃,"──……あたたかいアドバイスを
ありがとうございます……っ",櫻木真乃,【ひとつ、はたたく】櫻木真乃,新しい空をゆくために
櫻木真乃/【ひとつ、はたたく】櫻木真乃/新しい空をゆくために.csv,57,2001014010230,真乃,よろしくお願いします、プロデューサーさん……っ,櫻木真乃,【ひとつ、はたたく】櫻木真乃,新しい空をゆくために
櫻木真乃/【ひとつ、はたたく】櫻木真乃/新しい空をゆくために.csv,58,2001014010240,真乃,"そ、その──……っ
どうしても、大丈夫かな、って思ってしまって……──",櫻木真乃,【ひとつ、はたたく】櫻木真乃,新しい空をゆくために
櫻木真乃/【ひとつ、はたたく】櫻木真乃/新しい空をゆくために.csv,59,2001014010250,真乃,でも……──,櫻木真乃,【ひとつ、はたたく】櫻木真乃,新しい空をゆくために
櫻木真乃/【ひとつ、はたたく】櫻木真乃/新しい空をゆくために.csv,60,2001014010260,真乃,"『私に』って言っていただいた気持ちに
しっかり応えたい、です……っ",櫻木真乃,【ひとつ、はたたく】櫻木真乃,新しい空をゆくために
櫻木真乃/【ひとつ、はたたく】櫻木真乃/新しい空をゆくために.csv,65,2001014010270,真乃,プロデューサーさん……,櫻木真乃,【ひとつ、はたたく】櫻木真乃,新しい空をゆくために
櫻木真乃/【ひとつ、はたたく】櫻木真乃/新しい空をゆくために.csv,66,2001014010280,真乃,"──……はいっ
ありがとうございます",櫻木真乃,【ひとつ、はたたく】櫻木真乃,新しい空をゆくために
櫻木真乃/【ひとつ、はたたく】櫻木真乃/新しい空をゆくために.csv,68,2001014010290,真乃,"は、はいっ
……その……",櫻木真乃,【ひとつ、はたたく】櫻木真乃,新しい空をゆくために
櫻木真乃/【ひとつ、はたたく】櫻木真乃/新しい空をゆくために.csv,69,2001014010300,真乃,"私……
私のことを、よくわかっていないんだ、って……",櫻木真乃,【ひとつ、はたたく】櫻木真乃,新しい空をゆくために
櫻木真乃/【ひとつ、はたたく】櫻木真乃/新しい空をゆくために.csv,70,2001014010310,真乃,"プロデューサーさん。私、もっと考えます──
ただ頑張るだけじゃなくて、何を、どうすればいいのか……",櫻木真乃,【ひとつ、はたたく】櫻木真乃,新しい空をゆくために
櫻木真乃/【ひとつ、はたたく】櫻木真乃/新しい空をゆくために.csv,71,2001014010320,真乃,"なので、教えていただけないでしょうか……っ
考えたことが、間違っていないかどうか",櫻木真乃,【ひとつ、はたたく】櫻木真乃,新しい空をゆくために
櫻木真乃/【ひとつ、はたたく】櫻木真乃/雪割草のあたま.csv,2,2001014030010,真乃,──……,櫻木真乃,【ひとつ、はたたく】櫻木真乃,雪割草のあたま
櫻木真乃/【ひとつ、はたたく】櫻木真乃/雪割草のあたま.csv,3,2001014030020,真乃,……ふふ……──,櫻木真乃,【ひとつ、はたたく】櫻木真乃,雪割草のあたま
櫻木真乃/【ひとつ、はたたく】櫻木真乃/雪割草のあたま.csv,6,2001014030030,真乃,ほわ……,櫻木真乃,【ひとつ、はたたく】櫻木真乃,雪割草のあたま
櫻木真乃/【ひとつ、はたたく】櫻木真乃/雪割草のあたま.csv,8,2001014030040,真乃,……あ、あの……,櫻木真乃,【ひとつ、はたたく】櫻木真乃,雪割草のあたま
櫻木真乃/【ひとつ、はたたく】櫻木真乃/雪割草のあたま.csv,9,2001014030050,真乃,"先日の……
プロモーションムービーを見ていました……",櫻木真乃,【ひとつ、はたたく】櫻木真乃,雪割草のあたま
櫻木真乃/【ひとつ、はたたく】櫻木真乃/雪割草のあたま.csv,12,2001014030060,真乃,──……っ,櫻木真乃,【ひとつ、はたたく】櫻木真乃,雪割草のあたま
櫻木真乃/【ひとつ、はたたく】櫻木真乃/雪割草のあたま.csv,13,2001014030070,真乃,"……──そ、その
ありがとうございます……っ",櫻木真乃,【ひとつ、はたたく】櫻木真乃,雪割草のあたま
櫻木真乃/【ひとつ、はたたく】櫻木真乃/雪割草のあたま.csv,14,2001014030080,真乃,"……実は、学校でも
同じことを言ってもらえたんです",櫻木真乃,【ひとつ、はたたく】櫻木真乃,雪割草のあたま
櫻木真乃/【ひとつ、はたたく】櫻木真乃/雪割草のあたま.csv,16,2001014030090,真乃,はい……っ,櫻木真乃,【ひとつ、はたたく】櫻木真乃,雪割草のあたま
櫻木真乃/【ひとつ、はたたく】櫻木真乃/雪割草のあたま.csv,17,2001014030100,真乃,"その子は、違うクラスの子で……
あまりお話をしたことはなかったんですけれど",櫻木真乃,【ひとつ、はたたく】櫻木真乃,雪割草のあたま
櫻木真乃/【ひとつ、はたたく】櫻木真乃/雪割草のあたま.csv,18,2001014030110,真乃,"あのブランドが、とっても好きで……
プロモーションムービーで、私を見てくれたんだそうです",櫻木真乃,【ひとつ、はたたく】櫻木真乃,雪割草のあたま
櫻木真乃/【ひとつ、はたたく】櫻木真乃/雪割草のあたま.csv,19,2001014030120,真乃,"それで……学校で私を探して、
『櫻木さん、綺麗だった！』って言いに来てくれて……っ",櫻木真乃,【ひとつ、はたたく】櫻木真乃,雪割草のあたま
櫻木真乃/【ひとつ、はたたく】櫻木真乃/雪割草のあたま.csv,21,2001014030130,真乃,はい……っ,櫻木真乃,【ひとつ、はたたく】櫻木真乃,雪割草のあたま
櫻木真乃/【ひとつ、はたたく】櫻木真乃/雪割草のあたま.csv,22,2001014030140,真乃,"こういうことは…… 
初めてで……っ",櫻木真乃,【ひとつ、はたたく】櫻木真乃,雪割草のあたま
櫻木真乃/【ひとつ、はたたく】櫻木真乃/雪割草のあたま.csv,23,2001014030150,真乃,"近くにいる人の……
身近なものに関われたことが、うれしくて",櫻木真乃,【ひとつ、はたたく】櫻木真乃,雪割草のあたま
櫻木真乃/【ひとつ、はたたく】櫻木真乃/雪割草のあたま.csv,24,2001014030160,真乃,"ファンのみなさんから応援していただいた時とは
また違った気持ちなんです",櫻木真乃,【ひとつ、はたたく】櫻木真乃,雪割草のあたま
櫻木真乃/【ひとつ、はたたく】櫻木真乃/雪割草のあたま.csv,27,2001014030170,真乃,はいっ,櫻木真乃,【ひとつ、はたたく】櫻木真乃,雪割草のあたま
櫻木真乃/【ひとつ、はたたく】櫻木真乃/雪割草のあたま.csv,28,2001014030180,真乃,でも──……,櫻木真乃,【ひとつ、はたたく】櫻木真乃,雪割草のあたま
櫻木真乃/【ひとつ、はたたく】櫻木真乃/雪割草のあたま.csv,29,2001014030190,真乃,"その時はびっくりしてしまって、
お礼しか言えなくて",櫻木真乃,【ひとつ、はたたく】櫻木真乃,雪割草のあたま
櫻木真乃/【ひとつ、はたたく】櫻木真乃/雪割草のあたま.csv,30,2001014030200,真乃,……もっとお話ができたらよかったのに、って……,櫻木真乃,【ひとつ、はたたく】櫻木真乃,雪割草のあたま
櫻木真乃/【ひとつ、はたたく】櫻木真乃/雪割草のあたま.csv,33,2001014030210,真乃,ほわ……っ,櫻木真乃,【ひとつ、はたたく】櫻木真乃,雪割草のあたま
櫻木真乃/【ひとつ、はたたく】櫻木真乃/雪割草のあたま.csv,35,2001014030220,真乃,……──はいっ,櫻木真乃,【ひとつ、はたたく】櫻木真乃,雪割草のあたま
櫻木真乃/【ひとつ、はたたく】櫻木真乃/２ステップめ.csv,7,2001014110010,真乃,"！
えっと……っ、こんにちは……っ",櫻木真乃,【ひとつ、はたたく】櫻木真乃,２ステップめ
櫻木真乃/【ひとつ、はたたく】櫻木真乃/２ステップめ.csv,9,2001014110020,真乃,う、うん……っ,櫻木真乃,【ひとつ、はたたく】櫻木真乃,２ステップめ
櫻木真乃/【ひとつ、はたたく】櫻木真乃/２ステップめ.csv,13,2001014110030,真乃,ほわ──,櫻木真乃,【ひとつ、はたたく】櫻木真乃,２ステップめ
櫻木真乃/【ひとつ、はたたく】櫻木真乃/２ステップめ.csv,17,2001014110040,真乃,あ、あの──……っ,櫻木真乃,【ひとつ、はたたく】櫻木真乃,２ステップめ
櫻木真乃/【ひとつ、はたたく】櫻木真乃/２ステップめ.csv,20,2001014110050,真乃,……っ,櫻木真乃,【ひとつ、はたたく】櫻木真乃,２ステップめ
櫻木真乃/【ひとつ、はたたく】櫻木真乃/２ステップめ.csv,22,2001014110060,真乃,ほわ……っ,櫻木真乃,【ひとつ、はたたく】櫻木真乃,２ステップめ
櫻木真乃/【ひとつ、はたたく】櫻木真乃/２ステップめ.csv,23,2001014110070,真乃,"う、ううん……っ
待ち合わせ、だから……っ",櫻木真乃,【ひとつ、はたたく】櫻木真乃,２ステップめ
櫻木真乃/【ひとつ、はたたく】櫻木真乃/２ステップめ.csv,25,2001014110080,真乃,……っ,櫻木真乃,【ひとつ、はたたく】櫻木真乃,２ステップめ
櫻木真乃/【ひとつ、はたたく】櫻木真乃/２ステップめ.csv,27,2001014110090,真乃,──ううんっ……,櫻木真乃,【ひとつ、はたたく】櫻木真乃,２ステップめ
櫻木真乃/【ひとつ、はたたく】櫻木真乃/２ステップめ.csv,30,2001014110100,真乃,──……うれしい、よ……っ,櫻木真乃,【ひとつ、はたたく】櫻木真乃,２ステップめ
櫻木真乃/【ひとつ、はたたく】櫻木真乃/２ステップめ.csv,32,2001014110110,真乃,"この間のことも……
今日、また……声をかけてくれたことも……っ",櫻木真乃,【ひとつ、はたたく】櫻木真乃,２ステップめ
櫻木真乃/【ひとつ、はたたく】櫻木真乃/２ステップめ.csv,33,2001014110120,真乃,"とっても……──っ
うれしい、です……っ",櫻木真乃,【ひとつ、はたたく】櫻木真乃,２ステップめ
櫻木真乃/【ひとつ、はたたく】櫻木真乃/２ステップめ.csv,36,2001014110130,真乃,……,櫻木真乃,【ひとつ、はたたく】櫻木真乃,２ステップめ
櫻木真乃/【ひとつ、はたたく】櫻木真乃/２ステップめ.csv,39,2001014110140,真乃,────……っ,櫻木真乃,【ひとつ、はたたく】櫻木真乃,２ステップめ
櫻木真乃/【ひとつ、はたたく】櫻木真乃/２ステップめ.csv,40,2001014110150,真乃,う、うんっ,櫻木真乃,【ひとつ、はたたく】櫻木真乃,２ステップめ
櫻木真乃/【ひとつ、はたたく】櫻木真乃/２ステップめ.csv,42,2001014110160,真乃,"プロデューサーさん……っ
お疲れさまです……っ",櫻木真乃,【ひとつ、はたたく】櫻木真乃,２ステップめ
櫻木真乃/【ひとつ、はたたく】櫻木真乃/２ステップめ.csv,45,2001014110170,真乃,はいっ,櫻木真乃,【ひとつ、はたたく】櫻木真乃,２ステップめ
櫻木真乃/【ふわり気持ち、秋かおり】櫻木真乃/秋まで走って、あと15分.csv,2,3001019010010,真乃,"すっ……すっ……
はっ……はっ……",櫻木真乃,【ふわり気持ち、秋かおり】櫻木真乃,秋まで走って、あと15分
櫻木真乃/【ふわり気持ち、秋かおり】櫻木真乃/秋まで走って、あと15分.csv,8,3001019010070,真乃,うん……っ,櫻木真乃,【ふわり気持ち、秋かおり】櫻木真乃,秋まで走って、あと15分
櫻木真乃/【ふわり気持ち、秋かおり】櫻木真乃/秋まで走って、あと15分.csv,9,3001019010080,真乃,"今日は……っ
風が……ないから……",櫻木真乃,【ふわり気持ち、秋かおり】櫻木真乃,秋まで走って、あと15分
櫻木真乃/【ふわり気持ち、秋かおり】櫻木真乃/秋まで走って、あと15分.csv,11,3001019010090,真乃,"集めた……葉っぱが……
飛ばなくて……っ",櫻木真乃,【ふわり気持ち、秋かおり】櫻木真乃,秋まで走って、あと15分
櫻木真乃/【ふわり気持ち、秋かおり】櫻木真乃/秋まで走って、あと15分.csv,16,3001019010140,真乃,うん……っ,櫻木真乃,【ふわり気持ち、秋かおり】櫻木真乃,秋まで走って、あと15分
櫻木真乃/【ふわり気持ち、秋かおり】櫻木真乃/秋まで走って、あと15分.csv,17,3001019010150,真乃,"すっ……すっ……
はっ……はっ……",櫻木真乃,【ふわり気持ち、秋かおり】櫻木真乃,秋まで走って、あと15分
櫻木真乃/【ふわり気持ち、秋かおり】櫻木真乃/秋まで走って、あと15分.csv,20,3001019010180,真乃,"すっ……すっ……
──あ……",櫻木真乃,【ふわり気持ち、秋かおり】櫻木真乃,秋まで走って、あと15分
櫻木真乃/【ふわり気持ち、秋かおり】櫻木真乃/秋まで走って、あと15分.csv,22,3001019010190,真乃,"焚き火……
してる……っ",櫻木真乃,【ふわり気持ち、秋かおり】櫻木真乃,秋まで走って、あと15分
櫻木真乃/【ふわり気持ち、秋かおり】櫻木真乃/秋まで走って、あと15分.csv,25,3001019010220,真乃,左手の……先……っ,櫻木真乃,【ふわり気持ち、秋かおり】櫻木真乃,秋まで走って、あと15分
櫻木真乃/【ふわり気持ち、秋かおり】櫻木真乃/秋まで走って、あと15分.csv,26,3001019010230,真乃,10時くらいの……,櫻木真乃,【ふわり気持ち、秋かおり】櫻木真乃,秋まで走って、あと15分
櫻木真乃/【ふわり気持ち、秋かおり】櫻木真乃/秋まで走って、あと15分.csv,29,3001019010260,真乃,"ふふ……
秋だなぁ……っ",櫻木真乃,【ふわり気持ち、秋かおり】櫻木真乃,秋まで走って、あと15分
櫻木真乃/【ふわり気持ち、秋かおり】櫻木真乃/秋まで走って、あと15分.csv,32,3001019010281,真乃＆灯織,……？,櫻木真乃,【ふわり気持ち、秋かおり】櫻木真乃,秋まで走って、あと15分
櫻木真乃/【ふわり気持ち、秋かおり】櫻木真乃/秋まで走って、あと15分.csv,35,3001019010310,真乃,"今……あそこの焚き火でも……
してるかも……っ",櫻木真乃,【ふわり気持ち、秋かおり】櫻木真乃,秋まで走って、あと15分
櫻木真乃/【ふわり気持ち、秋かおり】櫻木真乃/秋まで走って、あと15分.csv,40,3001019010360,真乃,ふふふ……っ,櫻木真乃,【ふわり気持ち、秋かおり】櫻木真乃,秋まで走って、あと15分
櫻木真乃/【ふわり気持ち、秋かおり】櫻木真乃/秋まで走って、あと15分.csv,41,3001019010370,真乃,"走ってるから……
余計に……だね……っ",櫻木真乃,【ふわり気持ち、秋かおり】櫻木真乃,秋まで走って、あと15分
櫻木真乃/【ふわり気持ち、秋かおり】櫻木真乃/秋まで走って、あと15分.csv,47,3001019010430,真乃,…………,櫻木真乃,【ふわり気持ち、秋かおり】櫻木真乃,秋まで走って、あと15分
櫻木真乃/【ふわり気持ち、秋かおり】櫻木真乃/秋まで走って、あと15分.csv,48,3001019010440,真乃,……うん……っ,櫻木真乃,【ふわり気持ち、秋かおり】櫻木真乃,秋まで走って、あと15分
櫻木真乃/【ふわり気持ち、秋かおり】櫻木真乃/秋まで走って、あと15分.csv,49,3001019010450,真乃,この前……見たよ……っ,櫻木真乃,【ふわり気持ち、秋かおり】櫻木真乃,秋まで走って、あと15分
櫻木真乃/【ふわり気持ち、秋かおり】櫻木真乃/秋まで走って、あと15分.csv,53,3001019010490,真乃,うん……っ,櫻木真乃,【ふわり気持ち、秋かおり】櫻木真乃,秋まで走って、あと15分
櫻木真乃/【ふわり気持ち、秋かおり】櫻木真乃/秋まで走って、あと15分.csv,54,3001019010500,真乃,"走り終わったら……
お芋……食べよう……っ",櫻木真乃,【ふわり気持ち、秋かおり】櫻木真乃,秋まで走って、あと15分
櫻木真乃/【ふわり気持ち、秋かおり】櫻木真乃/秋まで走って、あと15分.csv,59,3001019010550,真乃,うん……っ,櫻木真乃,【ふわり気持ち、秋かおり】櫻木真乃,秋まで走って、あと15分
櫻木真乃/【ふわり気持ち、秋かおり】櫻木真乃/秋まで走って、あと15分.csv,60,3001019010560,真乃,"じゃあ……
行けるところまで……っ",櫻木真乃,【ふわり気持ち、秋かおり】櫻木真乃,秋まで走って、あと15分
櫻木真乃/【ふわり気持ち、秋かおり】櫻木真乃/３人ならすぐだね.csv,2,3001019020010,真乃,お疲れさまです……────,櫻木真乃,【ふわり気持ち、秋かおり】櫻木真乃,３人ならすぐだね
櫻木真乃/【ふわり気持ち、秋かおり】櫻木真乃/３人ならすぐだね.csv,3,3001019020020,真乃,…………？,櫻木真乃,【ふわり気持ち、秋かおり】櫻木真乃,３人ならすぐだね
櫻木真乃/【ふわり気持ち、秋かおり】櫻木真乃/３人ならすぐだね.csv,4,3001019020030,真乃,…………,櫻木真乃,【ふわり気持ち、秋かおり】櫻木真乃,３人ならすぐだね
櫻木真乃/【ふわり気持ち、秋かおり】櫻木真乃/３人ならすぐだね.csv,5,3001019020040,真乃,……ふふ,櫻木真乃,【ふわり気持ち、秋かおり】櫻木真乃,３人ならすぐだね
櫻木真乃/【ふわり気持ち、秋かおり】櫻木真乃/３人ならすぐだね.csv,6,3001019020050,真乃,…………,櫻木真乃,【ふわり気持ち、秋かおり】櫻木真乃,３人ならすぐだね
櫻木真乃/【ふわり気持ち、秋かおり】櫻木真乃/３人ならすぐだね.csv,7,3001019020060,真乃,…………,櫻木真乃,【ふわり気持ち、秋かおり】櫻木真乃,３人ならすぐだね
櫻木真乃/【ふわり気持ち、秋かおり】櫻木真乃/３人ならすぐだね.csv,8,3001019020070,真乃,…………あ,櫻木真乃,【ふわり気持ち、秋かおり】櫻木真乃,３人ならすぐだね
櫻木真乃/【ふわり気持ち、秋かおり】櫻木真乃/３人ならすぐだね.csv,9,3001019020080,真乃,（落ち葉……）,櫻木真乃,【ふわり気持ち、秋かおり】櫻木真乃,３人ならすぐだね
櫻木真乃/【ふわり気持ち、秋かおり】櫻木真乃/３人ならすぐだね.csv,10,3001019020090,真乃,…………,櫻木真乃,【ふわり気持ち、秋かおり】櫻木真乃,３人ならすぐだね
櫻木真乃/【ふわり気持ち、秋かおり】櫻木真乃/３人ならすぐだね.csv,11,3001019020100,真乃,"（お掃除しても……
大丈夫、だよね……？）",櫻木真乃,【ふわり気持ち、秋かおり】櫻木真乃,３人ならすぐだね
櫻木真乃/【ふわり気持ち、秋かおり】櫻木真乃/３人ならすぐだね.csv,16,3001019020150,真乃,灯織ちゃん……？,櫻木真乃,【ふわり気持ち、秋かおり】櫻木真乃,３人ならすぐだね
櫻木真乃/【ふわり気持ち、秋かおり】櫻木真乃/３人ならすぐだね.csv,17,3001019020160,真乃,おはようっ,櫻木真乃,【ふわり気持ち、秋かおり】櫻木真乃,３人ならすぐだね
櫻木真乃/【ふわり気持ち、秋かおり】櫻木真乃/３人ならすぐだね.csv,19,3001019020180,真乃,"うん
落ち葉が溜まってて……",櫻木真乃,【ふわり気持ち、秋かおり】櫻木真乃,３人ならすぐだね
櫻木真乃/【ふわり気持ち、秋かおり】櫻木真乃/３人ならすぐだね.csv,20,3001019020190,真乃,時間もあったから……っ,櫻木真乃,【ふわり気持ち、秋かおり】櫻木真乃,３人ならすぐだね
櫻木真乃/【ふわり気持ち、秋かおり】櫻木真乃/３人ならすぐだね.csv,23,3001019020220,真乃,ほわ……っ,櫻木真乃,【ふわり気持ち、秋かおり】櫻木真乃,３人ならすぐだね
櫻木真乃/【ふわり気持ち、秋かおり】櫻木真乃/３人ならすぐだね.csv,24,3001019020230,真乃,"で、でも……
私が始めたことだし……っ",櫻木真乃,【ふわり気持ち、秋かおり】櫻木真乃,３人ならすぐだね
櫻木真乃/【ふわり気持ち、秋かおり】櫻木真乃/３人ならすぐだね.csv,27,3001019020260,真乃,…………,櫻木真乃,【ふわり気持ち、秋かおり】櫻木真乃,３人ならすぐだね
櫻木真乃/【ふわり気持ち、秋かおり】櫻木真乃/３人ならすぐだね.csv,28,3001019020270,真乃,うん……,櫻木真乃,【ふわり気持ち、秋かおり】櫻木真乃,３人ならすぐだね
櫻木真乃/【ふわり気持ち、秋かおり】櫻木真乃/３人ならすぐだね.csv,29,3001019020280,真乃,一緒に、やってくれる……？,櫻木真乃,【ふわり気持ち、秋かおり】櫻木真乃,３人ならすぐだね
櫻木真乃/【ふわり気持ち、秋かおり】櫻木真乃/３人ならすぐだね.csv,35,3001019020340,真乃,おはよう、めぐるちゃん,櫻木真乃,【ふわり気持ち、秋かおり】櫻木真乃,３人ならすぐだね
櫻木真乃/【ふわり気持ち、秋かおり】櫻木真乃/３人ならすぐだね.csv,36,3001019020350,真乃,ベランダのお掃除をしてて……,櫻木真乃,【ふわり気持ち、秋かおり】櫻木真乃,３人ならすぐだね
櫻木真乃/【ふわり気持ち、秋かおり】櫻木真乃/３人ならすぐだね.csv,42,3001019020401,真乃＆灯織,……？,櫻木真乃,【ふわり気持ち、秋かおり】櫻木真乃,３人ならすぐだね
櫻木真乃/【ふわり気持ち、秋かおり】櫻木真乃/３人ならすぐだね.csv,45,3001019020421,真乃＆灯織,いーいーよー,櫻木真乃,【ふわり気持ち、秋かおり】櫻木真乃,３人ならすぐだね
櫻木真乃/【ふわり気持ち、秋かおり】櫻木真乃/３人ならすぐだね.csv,49,3001019020450,真乃,風が吹くと、小さな汚れも飛んでくるのかな……,櫻木真乃,【ふわり気持ち、秋かおり】櫻木真乃,３人ならすぐだね
櫻木真乃/【ふわり気持ち、秋かおり】櫻木真乃/３人ならすぐだね.csv,53,3001019020490,真乃,"ふふっ
うん、そうだね",櫻木真乃,【ふわり気持ち、秋かおり】櫻木真乃,３人ならすぐだね
櫻木真乃/【ふわり気持ち、秋かおり】櫻木真乃/３人ならすぐだね.csv,54,3001019020500,真乃,集められるだけ……っ,櫻木真乃,【ふわり気持ち、秋かおり】櫻木真乃,３人ならすぐだね
櫻木真乃/【ふわり気持ち、秋かおり】櫻木真乃/３人ならすぐだね.csv,58,3001019020540,真乃,…………,櫻木真乃,【ふわり気持ち、秋かおり】櫻木真乃,３人ならすぐだね
櫻木真乃/【ふわり気持ち、秋かおり】櫻木真乃/３人ならすぐだね.csv,59,3001019020550,真乃,代わりに……,櫻木真乃,【ふわり気持ち、秋かおり】櫻木真乃,３人ならすぐだね
櫻木真乃/【ふわり気持ち、秋かおり】櫻木真乃/３人ならすぐだね.csv,61,3001019020570,真乃,お芋のおやつを探しに行くのはどうかな,櫻木真乃,【ふわり気持ち、秋かおり】櫻木真乃,３人ならすぐだね
櫻木真乃/【ふわり気持ち、秋かおり】櫻木真乃/３人ならすぐだね.csv,62,3001019020580,真乃,"この前焼き芋を食べたみたいに、
打ち合わせが終わったら",櫻木真乃,【ふわり気持ち、秋かおり】櫻木真乃,３人ならすぐだね
櫻木真乃/【ふわり気持ち、秋かおり】櫻木真乃/３人ならすぐだね.csv,65,3001019020610,真乃,うんっ,櫻木真乃,【ふわり気持ち、秋かおり】櫻木真乃,３人ならすぐだね
櫻木真乃/【ほわっとスマイル】櫻木真乃/いつかの気持ち.csv,3,2001004040010,真乃,はい、今日は屋外の撮影だったので楽しかったです,櫻木真乃,【ほわっとスマイル】櫻木真乃,いつかの気持ち
櫻木真乃/【ほわっとスマイル】櫻木真乃/いつかの気持ち.csv,5,2001004040020,真乃,"はいっ
……でもその",櫻木真乃,【ほわっとスマイル】櫻木真乃,いつかの気持ち
櫻木真乃/【ほわっとスマイル】櫻木真乃/いつかの気持ち.csv,7,2001004040030,真乃,"今日はとってもいいお天気なので、
まだお日様の下にいて身体を動かしたくて……",櫻木真乃,【ほわっとスマイル】櫻木真乃,いつかの気持ち
櫻木真乃/【ほわっとスマイル】櫻木真乃/いつかの気持ち.csv,8,2001004040040,真乃,だから、まだ帰らずにお出かけしてもいいですか？,櫻木真乃,【ほわっとスマイル】櫻木真乃,いつかの気持ち
櫻木真乃/【ほわっとスマイル】櫻木真乃/いつかの気持ち.csv,10,2001004040050,真乃,"ありがとうございます
じゃあ、行きましょう",櫻木真乃,【ほわっとスマイル】櫻木真乃,いつかの気持ち
櫻木真乃/【ほわっとスマイル】櫻木真乃/いつかの気持ち.csv,12,2001004040060,真乃,"ほわ……
そうでした、私ってば勝手に……",櫻木真乃,【ほわっとスマイル】櫻木真乃,いつかの気持ち
櫻木真乃/【ほわっとスマイル】櫻木真乃/いつかの気持ち.csv,13,2001004040070,真乃,"ほわわ……プロデューサーさんと一緒にいることが
増えたから、つい勝手な思い込みを……",櫻木真乃,【ほわっとスマイル】櫻木真乃,いつかの気持ち
櫻木真乃/【ほわっとスマイル】櫻木真乃/いつかの気持ち.csv,14,2001004040080,真乃,"いつも一緒にいるものだって思ってしまうなんて
私ってば……私ってば……",櫻木真乃,【ほわっとスマイル】櫻木真乃,いつかの気持ち
櫻木真乃/【ほわっとスマイル】櫻木真乃/いつかの気持ち.csv,16,2001004040090,真乃,"え、いいんですか……
本当はお忙しいんですよね？",櫻木真乃,【ほわっとスマイル】櫻木真乃,いつかの気持ち
櫻木真乃/【ほわっとスマイル】櫻木真乃/いつかの気持ち.csv,18,2001004040100,真乃,"ありがとうございますっ
えっと、プロデューサーさんはどこがいいと思いますか？",櫻木真乃,【ほわっとスマイル】櫻木真乃,いつかの気持ち
櫻木真乃/【ほわっとスマイル】櫻木真乃/いつかの気持ち.csv,24,2001004040110,真乃,"私なら平気です
たくさんお散歩して、お日様から元気をもらえました",櫻木真乃,【ほわっとスマイル】櫻木真乃,いつかの気持ち
櫻木真乃/【ほわっとスマイル】櫻木真乃/いつかの気持ち.csv,26,2001004040120,真乃,"ふふ……こんにちは、鳩さんたち
みんなも元気そうだね",櫻木真乃,【ほわっとスマイル】櫻木真乃,いつかの気持ち
櫻木真乃/【ほわっとスマイル】櫻木真乃/いつかの気持ち.csv,29,2001004040130,真乃,"今日は特に、プロデューサーさんがいてくれて
安らげます……",櫻木真乃,【ほわっとスマイル】櫻木真乃,いつかの気持ち
櫻木真乃/【ほわっとスマイル】櫻木真乃/いつかの気持ち.csv,31,2001004040140,真乃,"本当ですか……
とてもうれしいです……",櫻木真乃,【ほわっとスマイル】櫻木真乃,いつかの気持ち
櫻木真乃/【ほわっとスマイル】櫻木真乃/いつかの気持ち.csv,34,2001004040150,真乃,すう……すう……,櫻木真乃,【ほわっとスマイル】櫻木真乃,いつかの気持ち
櫻木真乃/【ほわっとスマイル】櫻木真乃/いつかの気持ち.csv,37,2001004040160,真乃,"とても素敵です
この辺りはかわいいお店がいっぱいあるんですよ",櫻木真乃,【ほわっとスマイル】櫻木真乃,いつかの気持ち
櫻木真乃/【ほわっとスマイル】櫻木真乃/いつかの気持ち.csv,39,2001004040170,真乃,"はいっ。お洋服を見たり、鳥さんの小物を見たり……
いろいろなお店を、ゆっくり回るのが好きです",櫻木真乃,【ほわっとスマイル】櫻木真乃,いつかの気持ち
櫻木真乃/【ほわっとスマイル】櫻木真乃/いつかの気持ち.csv,41,2001004040180,真乃,"え、でも……
私のお買い物は、とっても時間がかかっちゃいますよ？",櫻木真乃,【ほわっとスマイル】櫻木真乃,いつかの気持ち
櫻木真乃/【ほわっとスマイル】櫻木真乃/いつかの気持ち.csv,42,2001004040190,真乃,"だから私、お買い物する時はいつもひとりなんです
誰かと一緒だと、お待たせしちゃうのが気になって……",櫻木真乃,【ほわっとスマイル】櫻木真乃,いつかの気持ち
櫻木真乃/【ほわっとスマイル】櫻木真乃/いつかの気持ち.csv,44,2001004040200,真乃,ほわ……？,櫻木真乃,【ほわっとスマイル】櫻木真乃,いつかの気持ち
櫻木真乃/【ほわっとスマイル】櫻木真乃/いつかの気持ち.csv,46,2001004040210,真乃,"あ、そういえば……
時々、めぐるちゃんに誘ってもらえるようになりました",櫻木真乃,【ほわっとスマイル】櫻木真乃,いつかの気持ち
櫻木真乃/【ほわっとスマイル】櫻木真乃/いつかの気持ち.csv,47,2001004040220,真乃,"お待たせしてないか少し心配ですけど……
とっても楽しいです",櫻木真乃,【ほわっとスマイル】櫻木真乃,いつかの気持ち
櫻木真乃/【ほわっとスマイル】櫻木真乃/いつかの気持ち.csv,50,2001004040230,真乃,"プロデューサーさんが、そう言ってくれるなら……
実は私……行きたいお店があるんです",櫻木真乃,【ほわっとスマイル】櫻木真乃,いつかの気持ち
櫻木真乃/【ほわっとスマイル】櫻木真乃/いつかの気持ち.csv,52,2001004040240,真乃,はいっ、よろしくお願いします,櫻木真乃,【ほわっとスマイル】櫻木真乃,いつかの気持ち
櫻木真乃/【ほわっとスマイル】櫻木真乃/いつかの気持ち.csv,54,2001004040250,真乃,日当たりもいいし、風も気持ちいいですっ,櫻木真乃,【ほわっとスマイル】櫻木真乃,いつかの気持ち
櫻木真乃/【ほわっとスマイル】櫻木真乃/いつかの気持ち.csv,57,2001004040260,真乃,"ふふ……子どもたち、みんな楽しそうです
ヒーローさんは大人気ですねっ",櫻木真乃,【ほわっとスマイル】櫻木真乃,いつかの気持ち
櫻木真乃/【ほわっとスマイル】櫻木真乃/いつかの気持ち.csv,59,2001004040270,真乃,"ほわっ？
私が……ですか？",櫻木真乃,【ほわっとスマイル】櫻木真乃,いつかの気持ち
櫻木真乃/【ほわっとスマイル】櫻木真乃/いつかの気持ち.csv,62,2001004040280,真乃,"子どもの頃にみたアイドル……
はい、キラキラふわふわしていて好きでしたっ",櫻木真乃,【ほわっとスマイル】櫻木真乃,いつかの気持ち
櫻木真乃/【ほわっとスマイル】櫻木真乃/いつかの気持ち.csv,64,2001004040290,真乃,そうなんですか？,櫻木真乃,【ほわっとスマイル】櫻木真乃,いつかの気持ち
櫻木真乃/【ほわっとスマイル】櫻木真乃/いつかの気持ち.csv,66,2001004040300,真乃,"……ほわぁ
私の歌やダンスで、誰かに何かを届けられたら……",櫻木真乃,【ほわっとスマイル】櫻木真乃,いつかの気持ち
櫻木真乃/【ほわっとスマイル】櫻木真乃/いつかの気持ち.csv,67,2001004040310,真乃,"私、頑張りますね！
むんっ",櫻木真乃,【ほわっとスマイル】櫻木真乃,いつかの気持ち
櫻木真乃/【ほわっとスマイル】櫻木真乃/ずっと続く夢の先へ.csv,2,2001004110010,真乃,……ん,櫻木真乃,【ほわっとスマイル】櫻木真乃,ずっと続く夢の先へ
櫻木真乃/【ほわっとスマイル】櫻木真乃/ずっと続く夢の先へ.csv,4,2001004110020,真乃,"プロデューサーさん……？
あれ、私……",櫻木真乃,【ほわっとスマイル】櫻木真乃,ずっと続く夢の先へ
櫻木真乃/【ほわっとスマイル】櫻木真乃/ずっと続く夢の先へ.csv,5,2001004110030,真乃,"ほわわっ！
す、すみません……いつのまにか寝ちゃってて……",櫻木真乃,【ほわっとスマイル】櫻木真乃,ずっと続く夢の先へ
櫻木真乃/【ほわっとスマイル】櫻木真乃/ずっと続く夢の先へ.csv,7,2001004110040,真乃,"そうですか？
よかったです……いえ、よくないですけど……",櫻木真乃,【ほわっとスマイル】櫻木真乃,ずっと続く夢の先へ
櫻木真乃/【ほわっとスマイル】櫻木真乃/ずっと続く夢の先へ.csv,9,2001004110050,真乃,"そうですね……
息抜きに公園に来ても、うとうとすることが多くって",櫻木真乃,【ほわっとスマイル】櫻木真乃,ずっと続く夢の先へ
櫻木真乃/【ほわっとスマイル】櫻木真乃/ずっと続く夢の先へ.csv,10,2001004110060,真乃,鳩さんともそれほど遊べなかったり……,櫻木真乃,【ほわっとスマイル】櫻木真乃,ずっと続く夢の先へ
櫻木真乃/【ほわっとスマイル】櫻木真乃/ずっと続く夢の先へ.csv,11,2001004110070,真乃,"でもそれで、アイドルが嫌になるってことはないんです
どちらかと言うと……なんて言うんでしょう？",櫻木真乃,【ほわっとスマイル】櫻木真乃,ずっと続く夢の先へ
櫻木真乃/【ほわっとスマイル】櫻木真乃/ずっと続く夢の先へ.csv,12,2001004110080,真乃,"充実……そう私、充実しています
毎日が楽しいんです",櫻木真乃,【ほわっとスマイル】櫻木真乃,ずっと続く夢の先へ
櫻木真乃/【ほわっとスマイル】櫻木真乃/ずっと続く夢の先へ.csv,14,2001004110090,真乃,はい、ありがとうございます,櫻木真乃,【ほわっとスマイル】櫻木真乃,ずっと続く夢の先へ
櫻木真乃/【ほわっとスマイル】櫻木真乃/ずっと続く夢の先へ.csv,15,2001004110100,真乃,……さっきまで私、夢を見てました,櫻木真乃,【ほわっとスマイル】櫻木真乃,ずっと続く夢の先へ
櫻木真乃/【ほわっとスマイル】櫻木真乃/ずっと続く夢の先へ.csv,17,2001004110110,真乃,えっと……私が、ライブに出る夢です,櫻木真乃,【ほわっとスマイル】櫻木真乃,ずっと続く夢の先へ
櫻木真乃/【ほわっとスマイル】櫻木真乃/ずっと続く夢の先へ.csv,18,2001004110120,真乃,"灯織ちゃんやめぐるちゃんと、おっきなステージに立って
すごく遠くまでお客さんがいて……みんな笑顔でした",櫻木真乃,【ほわっとスマイル】櫻木真乃,ずっと続く夢の先へ
櫻木真乃/【ほわっとスマイル】櫻木真乃/ずっと続く夢の先へ.csv,20,2001004110130,真乃,"……はい
でも――",櫻木真乃,【ほわっとスマイル】櫻木真乃,ずっと続く夢の先へ
櫻木真乃/【ほわっとスマイル】櫻木真乃/ずっと続く夢の先へ.csv,21,2001004110140,真乃,"私が、あんなに大きなステージに立つ日が……
来るんでしょうか……",櫻木真乃,【ほわっとスマイル】櫻木真乃,ずっと続く夢の先へ
櫻木真乃/【ほわっとスマイル】櫻木真乃/ずっと続く夢の先へ.csv,24,2001004110150,真乃,"はい
もっと他の人と仲良くなれたらって思ってました……",櫻木真乃,【ほわっとスマイル】櫻木真乃,ずっと続く夢の先へ
櫻木真乃/【ほわっとスマイル】櫻木真乃/ずっと続く夢の先へ.csv,25,2001004110160,真乃,そしたら、お友達ができました,櫻木真乃,【ほわっとスマイル】櫻木真乃,ずっと続く夢の先へ
櫻木真乃/【ほわっとスマイル】櫻木真乃/ずっと続く夢の先へ.csv,26,2001004110170,真乃,もっと自分に自信が持てるようになりたかったんです,櫻木真乃,【ほわっとスマイル】櫻木真乃,ずっと続く夢の先へ
櫻木真乃/【ほわっとスマイル】櫻木真乃/ずっと続く夢の先へ.csv,27,2001004110180,真乃,"今でも相変わらずほわほわしてますけど……
私は大丈夫なんだって、思えるようになりました",櫻木真乃,【ほわっとスマイル】櫻木真乃,ずっと続く夢の先へ
櫻木真乃/【ほわっとスマイル】櫻木真乃/ずっと続く夢の先へ.csv,28,2001004110190,真乃,"まだまだですけど……
私、少しは変わることができたかなって……",櫻木真乃,【ほわっとスマイル】櫻木真乃,ずっと続く夢の先へ
櫻木真乃/【ほわっとスマイル】櫻木真乃/ずっと続く夢の先へ.csv,30,2001004110200,真乃,……そうなんですか？,櫻木真乃,【ほわっとスマイル】櫻木真乃,ずっと続く夢の先へ
櫻木真乃/【ほわっとスマイル】櫻木真乃/ずっと続く夢の先へ.csv,34,2001004110210,真乃,"今までの夢が叶ったのは……
プロデューサーさんがいてくれたからです",櫻木真乃,【ほわっとスマイル】櫻木真乃,ずっと続く夢の先へ
櫻木真乃/【ほわっとスマイル】櫻木真乃/ずっと続く夢の先へ.csv,35,2001004110220,真乃,"プロデューサーさん……
これからも、私と一緒にいてください",櫻木真乃,【ほわっとスマイル】櫻木真乃,ずっと続く夢の先へ
櫻木真乃/【ほわっとスマイル】櫻木真乃/ずっと続く夢の先へ.csv,37,2001004110230,真乃,"はい
次の夢も、その次の夢も",櫻木真乃,【ほわっとスマイル】櫻木真乃,ずっと続く夢の先へ
櫻木真乃/【ほわっとスマイル】櫻木真乃/ずっと続く夢の先へ.csv,38,2001004110240,真乃,"ずっとプロデューサーさんと一緒に
叶えていきたいです……",櫻木真乃,【ほわっとスマイル】櫻木真乃,ずっと続く夢の先へ
櫻木真乃/【ほわっとスマイル】櫻木真乃/ほわほわアイドル.csv,3,2001004010010,真乃,"ほわ……
プロデューサーさん？",櫻木真乃,【ほわっとスマイル】櫻木真乃,ほわほわアイドル
櫻木真乃/【ほわっとスマイル】櫻木真乃/ほわほわアイドル.csv,4,2001004010020,真乃,"あっ！
もしかして、もうレッスンの時間ですか！？",櫻木真乃,【ほわっとスマイル】櫻木真乃,ほわほわアイドル
櫻木真乃/【ほわっとスマイル】櫻木真乃/ほわほわアイドル.csv,5,2001004010030,真乃,"すみません
鳩さんたちと遊ぶのに夢中になって……",櫻木真乃,【ほわっとスマイル】櫻木真乃,ほわほわアイドル
櫻木真乃/【ほわっとスマイル】櫻木真乃/ほわほわアイドル.csv,7,2001004010040,真乃,"まだ大丈夫ですか
ほわ～よかったですっ",櫻木真乃,【ほわっとスマイル】櫻木真乃,ほわほわアイドル
櫻木真乃/【ほわっとスマイル】櫻木真乃/ほわほわアイドル.csv,8,2001004010050,真乃,"私、ぼんやりしているので
気をつけないと本当に夢中になってしまうんです",櫻木真乃,【ほわっとスマイル】櫻木真乃,ほわほわアイドル
櫻木真乃/【ほわっとスマイル】櫻木真乃/ほわほわアイドル.csv,9,2001004010060,真乃,"しっかりしないといけません
むんっ！",櫻木真乃,【ほわっとスマイル】櫻木真乃,ほわほわアイドル
櫻木真乃/【ほわっとスマイル】櫻木真乃/ほわほわアイドル.csv,11,2001004010070,真乃,"ほわわ……
鳩さんがいっぱい……",櫻木真乃,【ほわっとスマイル】櫻木真乃,ほわほわアイドル
櫻木真乃/【ほわっとスマイル】櫻木真乃/ほわほわアイドル.csv,14,2001004010080,真乃,"はい、鳩さんとは仲良しで、
つい時間を忘れて遊んでしまうんです",櫻木真乃,【ほわっとスマイル】櫻木真乃,ほわほわアイドル
櫻木真乃/【ほわっとスマイル】櫻木真乃/ほわほわアイドル.csv,15,2001004010090,真乃,"でも、それをプロデューサーさんに見られるなんて……
ほわわわ……",櫻木真乃,【ほわっとスマイル】櫻木真乃,ほわほわアイドル
櫻木真乃/【ほわっとスマイル】櫻木真乃/ほわほわアイドル.csv,16,2001004010100,真乃,"あの……鳩さんたち、もう行くね
明日も来るからまた遊ぼう？",櫻木真乃,【ほわっとスマイル】櫻木真乃,ほわほわアイドル
櫻木真乃/【ほわっとスマイル】櫻木真乃/ほわほわアイドル.csv,17,2001004010110,真乃,"ほわ……なんというか……
さっきはお恥ずかしいところをお見せして……",櫻木真乃,【ほわっとスマイル】櫻木真乃,ほわほわアイドル
櫻木真乃/【ほわっとスマイル】櫻木真乃/ほわほわアイドル.csv,19,2001004010120,真乃,"鳩さんとのんびりお話して
一緒にいるのはすごく楽しいんです",櫻木真乃,【ほわっとスマイル】櫻木真乃,ほわほわアイドル
櫻木真乃/【ほわっとスマイル】櫻木真乃/ほわほわアイドル.csv,20,2001004010130,真乃,"でも、人から見ると
のんびりしすぎに見えるかも……",櫻木真乃,【ほわっとスマイル】櫻木真乃,ほわほわアイドル
櫻木真乃/【ほわっとスマイル】櫻木真乃/ほわほわアイドル.csv,21,2001004010140,真乃,"私、昔から抜けているというか……
ほわほわしているってよく言われるんです",櫻木真乃,【ほわっとスマイル】櫻木真乃,ほわほわアイドル
櫻木真乃/【ほわっとスマイル】櫻木真乃/ほわほわアイドル.csv,22,2001004010150,真乃,"そんな私を変えたくて……
アイドルになりました",櫻木真乃,【ほわっとスマイル】櫻木真乃,ほわほわアイドル
櫻木真乃/【ほわっとスマイル】櫻木真乃/ほわほわアイドル.csv,24,2001004010160,真乃,"ほわ？
歌って踊って……？",櫻木真乃,【ほわっとスマイル】櫻木真乃,ほわほわアイドル
櫻木真乃/【ほわっとスマイル】櫻木真乃/ほわほわアイドル.csv,26,2001004010170,真乃,鳩さん……に、ですか？,櫻木真乃,【ほわっとスマイル】櫻木真乃,ほわほわアイドル
櫻木真乃/【ほわっとスマイル】櫻木真乃/ほわほわアイドル.csv,29,2001004010180,真乃,"ありがとうございます
そう言ってもらえると、うれしいですっ",櫻木真乃,【ほわっとスマイル】櫻木真乃,ほわほわアイドル
櫻木真乃/【ほわっとスマイル】櫻木真乃/ほわほわアイドル.csv,31,2001004010190,真乃,"はいっ
じゃあ、そろそろレッスンの時間ですよね？",櫻木真乃,【ほわっとスマイル】櫻木真乃,ほわほわアイドル
櫻木真乃/【ほわっとスマイル】櫻木真乃/ほわほわアイドル.csv,33,2001004010200,真乃,"今日もレッスン、頑張りますね
むんっ！",櫻木真乃,【ほわっとスマイル】櫻木真乃,ほわほわアイドル
櫻木真乃/【ほわっとスマイル】櫻木真乃/成長の証.csv,3,2001004030010,真乃,"あ、プロデューサーさん……
ほわっ、もうこんな時間だったんですね",櫻木真乃,【ほわっとスマイル】櫻木真乃,成長の証
櫻木真乃/【ほわっとスマイル】櫻木真乃/成長の証.csv,5,2001004030020,真乃,"はい。撮った後にも見せてもらいましたが
もう一度、見てみたくなったんです",櫻木真乃,【ほわっとスマイル】櫻木真乃,成長の証
櫻木真乃/【ほわっとスマイル】櫻木真乃/成長の証.csv,6,2001004030030,真乃,"ずっと前に撮った写真よりも、
自然な笑顔になってる気がします",櫻木真乃,【ほわっとスマイル】櫻木真乃,成長の証
櫻木真乃/【ほわっとスマイル】櫻木真乃/成長の証.csv,8,2001004030040,真乃,"ほわっ！
か、かわいい……",櫻木真乃,【ほわっとスマイル】櫻木真乃,成長の証
櫻木真乃/【ほわっとスマイル】櫻木真乃/成長の証.csv,11,2001004030050,真乃,そ、それは……そうですけど,櫻木真乃,【ほわっとスマイル】櫻木真乃,成長の証
櫻木真乃/【ほわっとスマイル】櫻木真乃/成長の証.csv,12,2001004030060,真乃,"他の方からかわいいって言われるのと、
プロデューサーさんが言ってくれるのじゃ、違います……",櫻木真乃,【ほわっとスマイル】櫻木真乃,成長の証
櫻木真乃/【ほわっとスマイル】櫻木真乃/成長の証.csv,13,2001004030070,真乃,"プロデューサーさんはいつも、
いい感じに撮れてるな、みたいな言い方ですから……",櫻木真乃,【ほわっとスマイル】櫻木真乃,成長の証
櫻木真乃/【ほわっとスマイル】櫻木真乃/成長の証.csv,15,2001004030080,真乃,"ほわわっ
いえ、そんなにいつも言ってもらわなくても！",櫻木真乃,【ほわっとスマイル】櫻木真乃,成長の証
櫻木真乃/【ほわっとスマイル】櫻木真乃/成長の証.csv,17,2001004030090,真乃,ほわわ……,櫻木真乃,【ほわっとスマイル】櫻木真乃,成長の証
櫻木真乃/【ほわっとスマイル】櫻木真乃/成長の証.csv,18,0000000000000,真乃,"あの……
じゃあ、どの写真がよく撮れてると思いますか？",櫻木真乃,【ほわっとスマイル】櫻木真乃,成長の証
櫻木真乃/【ほわっとスマイル】櫻木真乃/成長の証.csv,23,2001004030110,真乃,"これ……あまりアイドルらしくない笑い方のような……？
他のアイドルの方はもっと、笑顔がまぶしい感じです",櫻木真乃,【ほわっとスマイル】櫻木真乃,成長の証
櫻木真乃/【ほわっとスマイル】櫻木真乃/成長の証.csv,26,2001004030120,真乃,"ほわ……もしそうなってくれるならすごくうれしいですっ
ありがとうございます、プロデューサーさん",櫻木真乃,【ほわっとスマイル】櫻木真乃,成長の証
櫻木真乃/【ほわっとスマイル】櫻木真乃/成長の証.csv,27,2001004030130,真乃,"……あの、
この写真、私がもらっても良いですか？",櫻木真乃,【ほわっとスマイル】櫻木真乃,成長の証
櫻木真乃/【ほわっとスマイル】櫻木真乃/成長の証.csv,29,2001004030140,真乃,わあ、ありがとうございます,櫻木真乃,【ほわっとスマイル】櫻木真乃,成長の証
櫻木真乃/【ほわっとスマイル】櫻木真乃/成長の証.csv,30,2001004030150,真乃,"それじゃあ……あの……
もしこれ、よかったら……",櫻木真乃,【ほわっとスマイル】櫻木真乃,成長の証
櫻木真乃/【ほわっとスマイル】櫻木真乃/成長の証.csv,32,2001004030160,真乃,"はい、いつも頑張ってくれて、
大変そうなプロデューサーさんが……",櫻木真乃,【ほわっとスマイル】櫻木真乃,成長の証
櫻木真乃/【ほわっとスマイル】櫻木真乃/成長の証.csv,33,2001004030170,真乃,少しでも笑顔になってくれたらって思って……,櫻木真乃,【ほわっとスマイル】櫻木真乃,成長の証
櫻木真乃/【ほわっとスマイル】櫻木真乃/成長の証.csv,36,2001004030180,真乃,"はい。これからもいい笑顔を撮ってもらえるように、
私、頑張りますね",櫻木真乃,【ほわっとスマイル】櫻木真乃,成長の証
櫻木真乃/【ほわっとスマイル】櫻木真乃/成長の証.csv,38,2001004030190,真乃,こ、これですか！？,櫻木真乃,【ほわっとスマイル】櫻木真乃,成長の証
櫻木真乃/【ほわっとスマイル】櫻木真乃/成長の証.csv,39,2001004030200,真乃,"この写真は、その……
カメラマンさんに思い切ってみてって言われて……",櫻木真乃,【ほわっとスマイル】櫻木真乃,成長の証
櫻木真乃/【ほわっとスマイル】櫻木真乃/成長の証.csv,40,2001004030210,真乃,"わ、私じゃないみたいで……
恥ずかしいです……",櫻木真乃,【ほわっとスマイル】櫻木真乃,成長の証
櫻木真乃/【ほわっとスマイル】櫻木真乃/成長の証.csv,43,2001004030220,真乃,本当……ですか？,櫻木真乃,【ほわっとスマイル】櫻木真乃,成長の証
櫻木真乃/【ほわっとスマイル】櫻木真乃/成長の証.csv,45,2001004030230,真乃,"最初は、私らしくないんじゃないかなって
感じてました",櫻木真乃,【ほわっとスマイル】櫻木真乃,成長の証
櫻木真乃/【ほわっとスマイル】櫻木真乃/成長の証.csv,46,2001004030240,真乃,"でも、プロデューサーさんに言われてみると、
私もこんな表情ができるようになったんだなって……",櫻木真乃,【ほわっとスマイル】櫻木真乃,成長の証
櫻木真乃/【ほわっとスマイル】櫻木真乃/成長の証.csv,47,2001004030250,真乃,そんなふうに思えてきました,櫻木真乃,【ほわっとスマイル】櫻木真乃,成長の証
櫻木真乃/【ほわっとスマイル】櫻木真乃/成長の証.csv,48,2001004030260,真乃,"この写真、いただいてもいいですか？
今のプロデューサーさんの言葉、忘れずにいたいんです",櫻木真乃,【ほわっとスマイル】櫻木真乃,成長の証
櫻木真乃/【ほわっとスマイル】櫻木真乃/成長の証.csv,50,2001004030270,真乃,"ありがとうございます
新しい私、これからもっと出せるように頑張りますねっ",櫻木真乃,【ほわっとスマイル】櫻木真乃,成長の証
櫻木真乃/【ほわっとスマイル】櫻木真乃/成長の証.csv,52,2001004030280,真乃,"これは……自分では、あまり良いとは思ってませんでした
なんだか力が抜けすぎてる気がして……",櫻木真乃,【ほわっとスマイル】櫻木真乃,成長の証
櫻木真乃/【ほわっとスマイル】櫻木真乃/成長の証.csv,53,2001004030290,真乃,"最初の頃から
成長してないように思えてしまいます",櫻木真乃,【ほわっとスマイル】櫻木真乃,成長の証
櫻木真乃/【ほわっとスマイル】櫻木真乃/成長の証.csv,56,2001004030300,真乃,やっぱり前とは変わってないような……,櫻木真乃,【ほわっとスマイル】櫻木真乃,成長の証
櫻木真乃/【ほわっとスマイル】櫻木真乃/成長の証.csv,58,2001004030310,真乃,"そう言われてみればそんなふうにも……？
私、成長できてるんでしょうか？",櫻木真乃,【ほわっとスマイル】櫻木真乃,成長の証
櫻木真乃/【ほわっとスマイル】櫻木真乃/成長の証.csv,61,2001004030320,真乃,"ほわ……プロデューサーさんに、そう言ってもらえると
……とてもうれしいですっ",櫻木真乃,【ほわっとスマイル】櫻木真乃,成長の証
櫻木真乃/【ほわっとスマイル】櫻木真乃/成長の証.csv,62,2001004030330,真乃,"私、アイドルになって……
もっと、もっと自分を変えたいって思っていて……",櫻木真乃,【ほわっとスマイル】櫻木真乃,成長の証
櫻木真乃/【ほわっとスマイル】櫻木真乃/成長の証.csv,63,2001004030340,真乃,"あの、この写真、２枚ともいただいていいですか？
変われてるっていつでも確かめられるようにしたいんです",櫻木真乃,【ほわっとスマイル】櫻木真乃,成長の証
櫻木真乃/【ほわっとスマイル】櫻木真乃/成長の証.csv,65,2001004030350,真乃,"プロデューサーさんと一緒なら……
どこまでも頑張れそうです",櫻木真乃,【ほわっとスマイル】櫻木真乃,成長の証
櫻木真乃/【ほわっとスマイル】櫻木真乃/成長の証.csv,66,2001004030360,真乃,"ありがとうございます
プロデューサーさんっ",櫻木真乃,【ほわっとスマイル】櫻木真乃,成長の証
櫻木真乃/【ほわっとスマイル】櫻木真乃/真乃ならできる.csv,3,2001004020010,真乃,"……は、はい。そうです。その先を右に、曲がって……
ほわっ！？　い、いえいえ。それではお気をつけて……",櫻木真乃,【ほわっとスマイル】櫻木真乃,真乃ならできる
櫻木真乃/【ほわっとスマイル】櫻木真乃/真乃ならできる.csv,4,2001004020020,真乃,……ふう,櫻木真乃,【ほわっとスマイル】櫻木真乃,真乃ならできる
櫻木真乃/【ほわっとスマイル】櫻木真乃/真乃ならできる.csv,6,2001004020030,真乃,はいっ……！,櫻木真乃,【ほわっとスマイル】櫻木真乃,真乃ならできる
櫻木真乃/【ほわっとスマイル】櫻木真乃/真乃ならできる.csv,8,2001004020040,真乃,"あ……プロデューサーさんでしたか
ほわぁ……",櫻木真乃,【ほわっとスマイル】櫻木真乃,真乃ならできる
櫻木真乃/【ほわっとスマイル】櫻木真乃/真乃ならできる.csv,10,2001004020050,真乃,"さっきの人には、道を聞かれたんです
この先の、郵便局に行きたかったそうで……",櫻木真乃,【ほわっとスマイル】櫻木真乃,真乃ならできる
櫻木真乃/【ほわっとスマイル】櫻木真乃/真乃ならできる.csv,11,2001004020060,真乃,"でも私、あんまり上手に教えられませんでした
あの人が、迷子になったらどうしましょう……",櫻木真乃,【ほわっとスマイル】櫻木真乃,真乃ならできる
櫻木真乃/【ほわっとスマイル】櫻木真乃/真乃ならできる.csv,14,2001004020070,真乃,"ほわ～よかったです
安心しましたっ",櫻木真乃,【ほわっとスマイル】櫻木真乃,真乃ならできる
櫻木真乃/【ほわっとスマイル】櫻木真乃/真乃ならできる.csv,15,2001004020080,真乃,"急に道を聞かれたから、
私、びっくりしちゃって……",櫻木真乃,【ほわっとスマイル】櫻木真乃,真乃ならできる
櫻木真乃/【ほわっとスマイル】櫻木真乃/真乃ならできる.csv,16,2001004020090,真乃,"もっと落ち着いて、わかりやすくお伝えできたら
良かったんですけど……",櫻木真乃,【ほわっとスマイル】櫻木真乃,真乃ならできる
櫻木真乃/【ほわっとスマイル】櫻木真乃/真乃ならできる.csv,18,2001004020100,真乃,"……はい
私って、急にお話がくるとあわあわしちゃうんです",櫻木真乃,【ほわっとスマイル】櫻木真乃,真乃ならできる
櫻木真乃/【ほわっとスマイル】櫻木真乃/真乃ならできる.csv,19,2001004020110,真乃,もっと上手にお話できたらって思うんですけど……,櫻木真乃,【ほわっとスマイル】櫻木真乃,真乃ならできる
櫻木真乃/【ほわっとスマイル】櫻木真乃/真乃ならできる.csv,23,2001004020120,真乃,"は、はいっ
よろしくお願いしますっ……",櫻木真乃,【ほわっとスマイル】櫻木真乃,真乃ならできる
櫻木真乃/【ほわっとスマイル】櫻木真乃/真乃ならできる.csv,29,2001004020130,真乃,"……はい。お日様の光を浴びながら、
お散歩するのが好きです",櫻木真乃,【ほわっとスマイル】櫻木真乃,真乃ならできる
櫻木真乃/【ほわっとスマイル】櫻木真乃/真乃ならできる.csv,31,2001004020140,真乃,"はいっ、公園は大好きでよく行きます
でも、街に行って、お買い物するのも好きです",櫻木真乃,【ほわっとスマイル】櫻木真乃,真乃ならできる
櫻木真乃/【ほわっとスマイル】櫻木真乃/真乃ならできる.csv,32,2001004020150,真乃,"全然知らないところへ行って、商店街を回ったりするのも
初めて見るものがあったりで、とっても楽しいんです",櫻木真乃,【ほわっとスマイル】櫻木真乃,真乃ならできる
櫻木真乃/【ほわっとスマイル】櫻木真乃/真乃ならできる.csv,34,2001004020160,真乃,"はい。お散歩してたら、いつの間にか
遠くまでお出かけしちゃってることが多いんです",櫻木真乃,【ほわっとスマイル】櫻木真乃,真乃ならできる
櫻木真乃/【ほわっとスマイル】櫻木真乃/真乃ならできる.csv,37,2001004020170,真乃,"私の好きなお散歩みたいに、アイドルの仕事を楽しむ……
私、とってもわくわくしてきました",櫻木真乃,【ほわっとスマイル】櫻木真乃,真乃ならできる
櫻木真乃/【ほわっとスマイル】櫻木真乃/真乃ならできる.csv,38,2001004020180,真乃,"私がこれからどこまで進んでいけるか、
まだよくわかりませんけど……",櫻木真乃,【ほわっとスマイル】櫻木真乃,真乃ならできる
櫻木真乃/【ほわっとスマイル】櫻木真乃/真乃ならできる.csv,39,2001004020190,真乃,"素敵な場所に行けるように、頑張りますねっ
むんっ",櫻木真乃,【ほわっとスマイル】櫻木真乃,真乃ならできる
櫻木真乃/【ほわっとスマイル】櫻木真乃/真乃ならできる.csv,41,2001004020200,真乃,"はい。道の端っこにある樹や、お花を見て回ってます
季節が変わったら咲く花も変わって、面白いです",櫻木真乃,【ほわっとスマイル】櫻木真乃,真乃ならできる
櫻木真乃/【ほわっとスマイル】櫻木真乃/真乃ならできる.csv,42,2001004020210,真乃,後は……山に咲いているお花を見にいったりもします,櫻木真乃,【ほわっとスマイル】櫻木真乃,真乃ならできる
櫻木真乃/【ほわっとスマイル】櫻木真乃/真乃ならできる.csv,44,2001004020220,真乃,"外に出ていろんなものを見て回るのが好きなんです
ふふっ、私……山菜にもくわしいんですよっ",櫻木真乃,【ほわっとスマイル】櫻木真乃,真乃ならできる
櫻木真乃/【ほわっとスマイル】櫻木真乃/真乃ならできる.csv,45,2001004020230,真乃,"山菜を使ったお料理も好きで、よく美味しく頂くんです
心がとってもあったかくなって……ほわほわ～ってなります",櫻木真乃,【ほわっとスマイル】櫻木真乃,真乃ならできる
櫻木真乃/【ほわっとスマイル】櫻木真乃/真乃ならできる.csv,47,2001004020240,真乃,"はいっ
そうだ、今度作ったとき事務所に持ってきますね",櫻木真乃,【ほわっとスマイル】櫻木真乃,真乃ならできる
櫻木真乃/【ほわっとスマイル】櫻木真乃/真乃ならできる.csv,48,2001004020250,真乃,"みんなにも食べてもらえたらなぁ……
山菜のかき揚げは……アツアツのほうがいいし……",櫻木真乃,【ほわっとスマイル】櫻木真乃,真乃ならできる
櫻木真乃/【ほわっとスマイル】櫻木真乃/真乃ならできる.csv,49,2001004020260,真乃,"山菜の……おにぎりなら？　それならいいかも
頑張って作りますね、むんっ",櫻木真乃,【ほわっとスマイル】櫻木真乃,真乃ならできる
櫻木真乃/【ほわっとスマイル】櫻木真乃/真乃ならできる.csv,52,2001004020270,真乃,"ほわっ
それは、難しい質問ですね……む～ん……",櫻木真乃,【ほわっとスマイル】櫻木真乃,真乃ならできる
櫻木真乃/【ほわっとスマイル】櫻木真乃/真乃ならできる.csv,53,2001004020280,真乃,"あのおっきな公園も気持ちがいいですし……
あ、すぐ近くの自然公園も……",櫻木真乃,【ほわっとスマイル】櫻木真乃,真乃ならできる
櫻木真乃/【ほわっとスマイル】櫻木真乃/真乃ならできる.csv,55,2001004020290,真乃,"……あっ、今一番のお気に入りは、
事務所のすぐ近くにある、いつもの公園ですっ",櫻木真乃,【ほわっとスマイル】櫻木真乃,真乃ならできる
櫻木真乃/【ほわっとスマイル】櫻木真乃/真乃ならできる.csv,56,2001004020300,真乃,"ちょっと疲れちゃったときも、
あの公園に行けば元気になれるんです",櫻木真乃,【ほわっとスマイル】櫻木真乃,真乃ならできる
櫻木真乃/【ほわっとスマイル】櫻木真乃/真乃ならできる.csv,58,2001004020310,真乃,"はいっ
お話してたら、今日も行きたくなってきました",櫻木真乃,【ほわっとスマイル】櫻木真乃,真乃ならできる
櫻木真乃/【ほわっとスマイル】櫻木真乃/真乃ならできる.csv,59,2001004020320,真乃,"あ……こんなにのんびりお話ししてたら、
上手にお話しする練習にはなりませんよね……？",櫻木真乃,【ほわっとスマイル】櫻木真乃,真乃ならできる
櫻木真乃/【ほわっとスマイル】櫻木真乃/真乃ならできる.csv,62,2001004020330,真乃,"ほわ、ＭＣ……
私にできるでしょうか……？",櫻木真乃,【ほわっとスマイル】櫻木真乃,真乃ならできる
櫻木真乃/【ほわっとスマイル】櫻木真乃/真乃ならできる.csv,64,2001004020340,真乃,"じゃあ私、これからも勉強して、
楽しいお話ができるアイドルになりますねっ",櫻木真乃,【ほわっとスマイル】櫻木真乃,真乃ならできる
櫻木真乃/【ほわっとバースデー】櫻木真乃.csv,13,3001028010010,真乃,こちらこそ、ありがとうございますっ,櫻木真乃,【ほわっとバースデー】櫻木真乃.csv,【ほわっとバースデー】櫻木真乃
櫻木真乃/【ほわっとバースデー】櫻木真乃.csv,18,3001028010020,真乃,いえ、とっても元気ですっ,櫻木真乃,【ほわっとバースデー】櫻木真乃.csv,【ほわっとバースデー】櫻木真乃
櫻木真乃/【ほわっとバースデー】櫻木真乃.csv,20,3001028010030,真乃,"はいっ
確かに、やることはいっぱいあるんですけれど……",櫻木真乃,【ほわっとバースデー】櫻木真乃.csv,【ほわっとバースデー】櫻木真乃
櫻木真乃/【ほわっとバースデー】櫻木真乃.csv,21,3001028010040,真乃,"イベントに協力してくださる方々や
ファンのみなさんの声を聞いていたら……",櫻木真乃,【ほわっとバースデー】櫻木真乃.csv,【ほわっとバースデー】櫻木真乃
櫻木真乃/【ほわっとバースデー】櫻木真乃.csv,22,3001028010050,真乃,うれしくて、胸がいっぱいになって……,櫻木真乃,【ほわっとバースデー】櫻木真乃.csv,【ほわっとバースデー】櫻木真乃
櫻木真乃/【ほわっとバースデー】櫻木真乃.csv,23,0000000000000,真乃,……不思議と、元気が湧いてくるんですっ,櫻木真乃,【ほわっとバースデー】櫻木真乃.csv,【ほわっとバースデー】櫻木真乃
櫻木真乃/【ほわっとバースデー】櫻木真乃.csv,24,3001028010060,真乃,……ふふ,櫻木真乃,【ほわっとバースデー】櫻木真乃.csv,【ほわっとバースデー】櫻木真乃
櫻木真乃/【ほわっとバースデー】櫻木真乃.csv,27,3001028010070,真乃,"はい……みなさんのお祝いしてくださる気持ちが
あたたかいなって、思います",櫻木真乃,【ほわっとバースデー】櫻木真乃.csv,【ほわっとバースデー】櫻木真乃
櫻木真乃/【ほわっとバースデー】櫻木真乃.csv,28,3001028010080,真乃,それに──,櫻木真乃,【ほわっとバースデー】櫻木真乃.csv,【ほわっとバースデー】櫻木真乃
櫻木真乃/【ほわっとバースデー】櫻木真乃.csv,29,3001028010090,真乃,"私の誕生日がみなさんへの贈り物になるなんて
思いもしなかったので……すごいな、うれしいなって",櫻木真乃,【ほわっとバースデー】櫻木真乃.csv,【ほわっとバースデー】櫻木真乃
櫻木真乃/【ほわっとバースデー】櫻木真乃.csv,30,3001028010100,真乃,そんなふうに思うんです,櫻木真乃,【ほわっとバースデー】櫻木真乃.csv,【ほわっとバースデー】櫻木真乃
櫻木真乃/【ほわっとバースデー】櫻木真乃.csv,34,3001028010110,真乃,はいっ,櫻木真乃,【ほわっとバースデー】櫻木真乃.csv,【ほわっとバースデー】櫻木真乃
櫻木真乃/【ほわっとバースデー】櫻木真乃.csv,37,3001028010120,真乃,"今日は、私の誕生日を一緒にお祝いしてくださって
ありがとうございますっ",櫻木真乃,【ほわっとバースデー】櫻木真乃.csv,【ほわっとバースデー】櫻木真乃
櫻木真乃/【ほわっとバースデー】櫻木真乃.csv,38,3001028010130,真乃,"こうしてみなさんの前で、誕生日を迎えられて──
ひとつ成長した姿を届けることができました……っ",櫻木真乃,【ほわっとバースデー】櫻木真乃.csv,【ほわっとバースデー】櫻木真乃
櫻木真乃/【ほわっとバースデー】櫻木真乃.csv,39,3001028010140,真乃,ファンのみなさんの、星空のような笑顔を……,櫻木真乃,【ほわっとバースデー】櫻木真乃.csv,【ほわっとバースデー】櫻木真乃
櫻木真乃/【ほわっとバースデー】櫻木真乃.csv,40,0000000000000,真乃,かけがえのないプレゼントを、ありがとうございますっ,櫻木真乃,【ほわっとバースデー】櫻木真乃.csv,【ほわっとバースデー】櫻木真乃
櫻木真乃/【ほわっとバースデー】櫻木真乃.csv,41,3001028010150,真乃,────……ほわ……,櫻木真乃,【ほわっとバースデー】櫻木真乃.csv,【ほわっとバースデー】櫻木真乃
櫻木真乃/【ほわっとバースデー】櫻木真乃.csv,43,3001028010160,真乃,ほわっ,櫻木真乃,【ほわっとバースデー】櫻木真乃.csv,【ほわっとバースデー】櫻木真乃
櫻木真乃/【ほわっとバースデー】櫻木真乃.csv,44,3001028010170,真乃,"……みなさんのライトが文字になって……
ファンのみなさんからの、メッセージでしょうか……",櫻木真乃,【ほわっとバースデー】櫻木真乃.csv,【ほわっとバースデー】櫻木真乃
櫻木真乃/【ほわっとバースデー】櫻木真乃.csv,45,3001028010180,真乃,"『真乃ちゃん、ハッピーバースデー』……ふふ
また素敵なサプライズをいただいてしまいました",櫻木真乃,【ほわっとバースデー】櫻木真乃.csv,【ほわっとバースデー】櫻木真乃
櫻木真乃/【ほわっとバースデー】櫻木真乃.csv,46,3001028010190,真乃,"これから先も、みなさんと新しい夢を
叶えていけますように……",櫻木真乃,【ほわっとバースデー】櫻木真乃.csv,【ほわっとバースデー】櫻木真乃
櫻木真乃/【ほわっとバースデー】櫻木真乃.csv,47,3001028010200,真乃,……────ふぅ……っ,櫻木真乃,【ほわっとバースデー】櫻木真乃.csv,【ほわっとバースデー】櫻木真乃
櫻木真乃/【ほわっとバースデー】櫻木真乃.csv,49,3001028010210,真乃,"ありがとうございますっ
素敵なサプライズと……それから……",櫻木真乃,【ほわっとバースデー】櫻木真乃.csv,【ほわっとバースデー】櫻木真乃
櫻木真乃/【ほわっとバースデー】櫻木真乃.csv,50,3001028010220,真乃,素敵なステージを企画してくださって……,櫻木真乃,【ほわっとバースデー】櫻木真乃.csv,【ほわっとバースデー】櫻木真乃
櫻木真乃/【ほわっとバースデー】櫻木真乃.csv,53,3001028010230,真乃,……はい……っ,櫻木真乃,【ほわっとバースデー】櫻木真乃.csv,【ほわっとバースデー】櫻木真乃
櫻木真乃/【まわる音色、君色のかおり】櫻木真乃/お日様の香り.csv,2,3001013020010,真乃,洗濯物は、お日様の香り,櫻木真乃,【まわる音色、君色のかおり】櫻木真乃,お日様の香り
櫻木真乃/【まわる音色、君色のかおり】櫻木真乃/お日様の香り.csv,3,3001013020020,真乃,ふかふかで、鳥さんの声も聞こえるみたい,櫻木真乃,【まわる音色、君色のかおり】櫻木真乃,お日様の香り
櫻木真乃/【まわる音色、君色のかおり】櫻木真乃/お日様の香り.csv,5,3001013020040,真乃,……ん……あ、あれ、私……？,櫻木真乃,【まわる音色、君色のかおり】櫻木真乃,お日様の香り
櫻木真乃/【まわる音色、君色のかおり】櫻木真乃/お日様の香り.csv,8,3001013020070,真乃,"ほわ……ご、ごめんねめぐるちゃん
私、いつもここで寝ちゃって……",櫻木真乃,【まわる音色、君色のかおり】櫻木真乃,お日様の香り
櫻木真乃/【まわる音色、君色のかおり】櫻木真乃/お日様の香り.csv,10,3001013020090,真乃,"うん……なんだか
安心しちゃって……",櫻木真乃,【まわる音色、君色のかおり】櫻木真乃,お日様の香り
櫻木真乃/【まわる音色、君色のかおり】櫻木真乃/お日様の香り.csv,14,3001013020130,真乃,"う、うん……っ
私も、そう思う……っ",櫻木真乃,【まわる音色、君色のかおり】櫻木真乃,お日様の香り
櫻木真乃/【まわる音色、君色のかおり】櫻木真乃/お日様の香り.csv,16,3001013020150,真乃,……ほんとだね,櫻木真乃,【まわる音色、君色のかおり】櫻木真乃,お日様の香り
櫻木真乃/【まわる音色、君色のかおり】櫻木真乃/お日様の香り.csv,17,3001013020160,真乃,また、こうして一緒に来れるといいな……っ,櫻木真乃,【まわる音色、君色のかおり】櫻木真乃,お日様の香り
櫻木真乃/【まわる音色、君色のかおり】櫻木真乃/お日様の香り.csv,18,3001013020161,真乃＆めぐる,ふふ……っ,櫻木真乃,【まわる音色、君色のかおり】櫻木真乃,お日様の香り
櫻木真乃/【まわる音色、君色のかおり】櫻木真乃/お日様の香り.csv,21,3001013020190,真乃,"……うん、いい匂い……
ふふ……",櫻木真乃,【まわる音色、君色のかおり】櫻木真乃,お日様の香り
櫻木真乃/【まわる音色、君色のかおり】櫻木真乃/お日様の香り.csv,25,3001013020230,真乃,ほわ……めぐるちゃんも、そう思う？,櫻木真乃,【まわる音色、君色のかおり】櫻木真乃,お日様の香り
櫻木真乃/【まわる音色、君色のかおり】櫻木真乃/お日様の香り.csv,27,3001013020250,真乃,"うん……ふかふかの洗濯物の香りをかぐと、
外でいろんなことがあったんだろうなあって思うの",櫻木真乃,【まわる音色、君色のかおり】櫻木真乃,お日様の香り
櫻木真乃/【まわる音色、君色のかおり】櫻木真乃/お日様の香り.csv,29,3001013020270,真乃,"……木漏れ日がキラキラしてるところで
鳥さんが鳴いていたり……",櫻木真乃,【まわる音色、君色のかおり】櫻木真乃,お日様の香り
櫻木真乃/【まわる音色、君色のかおり】櫻木真乃/お日様の香り.csv,30,3001013020280,真乃,あったかくてやわらかい草の上を、猫さんが通ったり……,櫻木真乃,【まわる音色、君色のかおり】櫻木真乃,お日様の香り
櫻木真乃/【まわる音色、君色のかおり】櫻木真乃/お日様の香り.csv,31,3001013020290,真乃,あと、ときどき雲が出たり……,櫻木真乃,【まわる音色、君色のかおり】櫻木真乃,お日様の香り
櫻木真乃/【まわる音色、君色のかおり】櫻木真乃/お日様の香り.csv,34,3001013020320,真乃,う、うん……っ,櫻木真乃,【まわる音色、君色のかおり】櫻木真乃,お日様の香り
櫻木真乃/【まわる音色、君色のかおり】櫻木真乃/お日様の香り.csv,35,3001013020330,真乃,私、お日様の香り、大好きなんだ……,櫻木真乃,【まわる音色、君色のかおり】櫻木真乃,お日様の香り
櫻木真乃/【まわる音色、君色のかおり】櫻木真乃/お日様の香り.csv,39,3001013020370,真乃,ほわ……,櫻木真乃,【まわる音色、君色のかおり】櫻木真乃,お日様の香り
櫻木真乃/【まわる音色、君色のかおり】櫻木真乃/お日様の香り.csv,42,3001013020400,真乃,"わ……うん、そうだね……っ
お日様の香りに……",櫻木真乃,【まわる音色、君色のかおり】櫻木真乃,お日様の香り
櫻木真乃/【まわる音色、君色のかおり】櫻木真乃/お日様の香り.csv,43,3001013020410,真乃,……私も、一緒にやりたいな……っ,櫻木真乃,【まわる音色、君色のかおり】櫻木真乃,お日様の香り
櫻木真乃/【まわる音色、君色のかおり】櫻木真乃/お日様の香り.csv,45,3001013020430,真乃,うんっ,櫻木真乃,【まわる音色、君色のかおり】櫻木真乃,お日様の香り
櫻木真乃/【まわる音色、君色のかおり】櫻木真乃/お日様の香り.csv,47,3001013020450,真乃,……晴れたらいいね……っ,櫻木真乃,【まわる音色、君色のかおり】櫻木真乃,お日様の香り
櫻木真乃/【まわる音色、君色のかおり】櫻木真乃/お日様の香り.csv,48,3001013020460,真乃,…………,櫻木真乃,【まわる音色、君色のかおり】櫻木真乃,お日様の香り
櫻木真乃/【まわる音色、君色のかおり】櫻木真乃/お日様の香り.csv,49,3001013020470,真乃,……でも,櫻木真乃,【まわる音色、君色のかおり】櫻木真乃,お日様の香り
櫻木真乃/【まわる音色、君色のかおり】櫻木真乃/お日様の香り.csv,51,3001013020490,真乃,今の、この香りも……いいなって……,櫻木真乃,【まわる音色、君色のかおり】櫻木真乃,お日様の香り
櫻木真乃/【まわる音色、君色のかおり】櫻木真乃/お日様の香り.csv,53,3001013020510,真乃,"……ふふ
うん……っ",櫻木真乃,【まわる音色、君色のかおり】櫻木真乃,お日様の香り
櫻木真乃/【まわる音色、君色のかおり】櫻木真乃/お日様の香り.csv,54,3001013020520,真乃,洗濯物は大好きなお日様の香り,櫻木真乃,【まわる音色、君色のかおり】櫻木真乃,お日様の香り
櫻木真乃/【まわる音色、君色のかおり】櫻木真乃/お日様の香り.csv,55,3001013020530,真乃,ずっと一緒にいたい、お揃いの香り,櫻木真乃,【まわる音色、君色のかおり】櫻木真乃,お日様の香り
櫻木真乃/【まわる音色、君色のかおり】櫻木真乃/きみはお日様のように.csv,3,3001013010020,真乃,"う、ううん……
こっちにもないみたい……",櫻木真乃,【まわる音色、君色のかおり】櫻木真乃,きみはお日様のように
櫻木真乃/【まわる音色、君色のかおり】櫻木真乃/きみはお日様のように.csv,6,3001013010050,真乃,う、うん……っ,櫻木真乃,【まわる音色、君色のかおり】櫻木真乃,きみはお日様のように
櫻木真乃/【まわる音色、君色のかおり】櫻木真乃/きみはお日様のように.csv,7,3001013010060,真乃,……あの……めぐるちゃん,櫻木真乃,【まわる音色、君色のかおり】櫻木真乃,きみはお日様のように
櫻木真乃/【まわる音色、君色のかおり】櫻木真乃/きみはお日様のように.csv,9,3001013010080,真乃,"ご、ごめんね
……私がこんなところで落とし物なんてしちゃったから",櫻木真乃,【まわる音色、君色のかおり】櫻木真乃,きみはお日様のように
櫻木真乃/【まわる音色、君色のかおり】櫻木真乃/きみはお日様のように.csv,10,3001013010090,真乃,"……ど、どうしよう
見つからない……っ",櫻木真乃,【まわる音色、君色のかおり】櫻木真乃,きみはお日様のように
櫻木真乃/【まわる音色、君色のかおり】櫻木真乃/きみはお日様のように.csv,11,3001013010100,真乃,……っ,櫻木真乃,【まわる音色、君色のかおり】櫻木真乃,きみはお日様のように
櫻木真乃/【まわる音色、君色のかおり】櫻木真乃/きみはお日様のように.csv,14,3001013010130,真乃,"──あ……
めぐるちゃん……",櫻木真乃,【まわる音色、君色のかおり】櫻木真乃,きみはお日様のように
櫻木真乃/【まわる音色、君色のかおり】櫻木真乃/きみはお日様のように.csv,17,3001013010160,真乃,"めぐるちゃん……
……あ……わ、私……っ",櫻木真乃,【まわる音色、君色のかおり】櫻木真乃,きみはお日様のように
櫻木真乃/【まわる音色、君色のかおり】櫻木真乃/きみはお日様のように.csv,18,3001013010170,真乃,"……ファンの方からもらった、ふたりとお揃いのブローチ
橋の上から川に落としちゃって……──",櫻木真乃,【まわる音色、君色のかおり】櫻木真乃,きみはお日様のように
櫻木真乃/【まわる音色、君色のかおり】櫻木真乃/きみはお日様のように.csv,19,3001013010180,真乃,"……夕日に透かしたら綺麗だなって……
カバンからブローチを出さなかったら……",櫻木真乃,【まわる音色、君色のかおり】櫻木真乃,きみはお日様のように
櫻木真乃/【まわる音色、君色のかおり】櫻木真乃/きみはお日様のように.csv,20,3001013010190,真乃,"めぐるちゃんに迷惑かけちゃうこともなかったって……
……昨日もいっぱい探してくれたのに",櫻木真乃,【まわる音色、君色のかおり】櫻木真乃,きみはお日様のように
櫻木真乃/【まわる音色、君色のかおり】櫻木真乃/きみはお日様のように.csv,23,3001013010220,真乃,"──うん……っ
ありがとう、めぐるちゃん……っ",櫻木真乃,【まわる音色、君色のかおり】櫻木真乃,きみはお日様のように
櫻木真乃/【まわる音色、君色のかおり】櫻木真乃/きみはお日様のように.csv,24,3001013010230,真乃,絶対、見つけよう……っ,櫻木真乃,【まわる音色、君色のかおり】櫻木真乃,きみはお日様のように
櫻木真乃/【まわる音色、君色のかおり】櫻木真乃/きみはお日様のように.csv,28,3001013010270,真乃,め、めぐるちゃん……大丈夫？,櫻木真乃,【まわる音色、君色のかおり】櫻木真乃,きみはお日様のように
櫻木真乃/【まわる音色、君色のかおり】櫻木真乃/きみはお日様のように.csv,31,3001013010300,真乃,……見つからない,櫻木真乃,【まわる音色、君色のかおり】櫻木真乃,きみはお日様のように
櫻木真乃/【まわる音色、君色のかおり】櫻木真乃/きみはお日様のように.csv,32,3001013010310,真乃,"やっぱり私が落とさなかったら……
ごめんね、めぐるちゃん……",櫻木真乃,【まわる音色、君色のかおり】櫻木真乃,きみはお日様のように
櫻木真乃/【まわる音色、君色のかおり】櫻木真乃/きみはお日様のように.csv,35,3001013010340,真乃,え……？,櫻木真乃,【まわる音色、君色のかおり】櫻木真乃,きみはお日様のように
櫻木真乃/【まわる音色、君色のかおり】櫻木真乃/きみはお日様のように.csv,40,3001013010390,真乃,めぐるちゃん……,櫻木真乃,【まわる音色、君色のかおり】櫻木真乃,きみはお日様のように
櫻木真乃/【まわる音色、君色のかおり】櫻木真乃/きみはお日様のように.csv,41,3001013010400,真乃,"そ、そうだよね
諦めなかったら……きっと……っ",櫻木真乃,【まわる音色、君色のかおり】櫻木真乃,きみはお日様のように
櫻木真乃/【まわる音色、君色のかおり】櫻木真乃/きみはお日様のように.csv,46,3001013010450,真乃,"ほ、ほんとだ……ブローチかも……っ
ありがとう、めぐるちゃん……っ",櫻木真乃,【まわる音色、君色のかおり】櫻木真乃,きみはお日様のように
櫻木真乃/【まわる音色、君色のかおり】櫻木真乃/きみはお日様のように.csv,47,3001013010460,真乃,"────……ほわ……と、取れない
石、どかさなきゃ……",櫻木真乃,【まわる音色、君色のかおり】櫻木真乃,きみはお日様のように
櫻木真乃/【まわる音色、君色のかおり】櫻木真乃/きみはお日様のように.csv,48,3001013010470,真乃,"…………め、めぐるちゃん……あの……っ
一緒に石を持ち上げてもらってもいいかな……っ",櫻木真乃,【まわる音色、君色のかおり】櫻木真乃,きみはお日様のように
櫻木真乃/【まわる音色、君色のかおり】櫻木真乃/きみはお日様のように.csv,50,3001013010490,真乃,うん……っ,櫻木真乃,【まわる音色、君色のかおり】櫻木真乃,きみはお日様のように
櫻木真乃/【まわる音色、君色のかおり】櫻木真乃/きみはお日様のように.csv,51,3001013010491,真乃＆めぐる,せーの……っ,櫻木真乃,【まわる音色、君色のかおり】櫻木真乃,きみはお日様のように
櫻木真乃/【まわる音色、君色のかおり】櫻木真乃/きみはお日様のように.csv,52,3001013010492,真乃＆めぐる,あった……っ,櫻木真乃,【まわる音色、君色のかおり】櫻木真乃,きみはお日様のように
櫻木真乃/【まわる音色、君色のかおり】櫻木真乃/きみはお日様のように.csv,53,3001013010500,真乃,めぐるちゃん……本当にありがとう……っ,櫻木真乃,【まわる音色、君色のかおり】櫻木真乃,きみはお日様のように
櫻木真乃/【まわる音色、君色のかおり】櫻木真乃/きみはお日様のように.csv,55,3001013010520,真乃,……もう絶対落とさないようにするね,櫻木真乃,【まわる音色、君色のかおり】櫻木真乃,きみはお日様のように
櫻木真乃/【まわる音色、君色のかおり】櫻木真乃/きみはお日様のように.csv,57,3001013010540,真乃,あ……,櫻木真乃,【まわる音色、君色のかおり】櫻木真乃,きみはお日様のように
櫻木真乃/【まわる音色、君色のかおり】櫻木真乃/きみはお日様のように.csv,59,3001013010560,真乃,"えっと……ジャージ、
びしょ濡れになっちゃったなって……",櫻木真乃,【まわる音色、君色のかおり】櫻木真乃,きみはお日様のように
櫻木真乃/【まわる音色、君色のかおり】櫻木真乃/きみはお日様のように.csv,60,3001013010570,真乃,"か、乾くかな……
レッスンまであんまり時間なくなっちゃったかも……",櫻木真乃,【まわる音色、君色のかおり】櫻木真乃,きみはお日様のように
櫻木真乃/【まわる音色、君色のかおり】櫻木真乃/きみはお日様のように.csv,62,3001013010590,真乃,ご、ごめんね……私のせいで……,櫻木真乃,【まわる音色、君色のかおり】櫻木真乃,きみはお日様のように
櫻木真乃/【まわる音色、君色のかおり】櫻木真乃/きみはお日様のように.csv,65,3001013010620,真乃,コインランドリー……？,櫻木真乃,【まわる音色、君色のかおり】櫻木真乃,きみはお日様のように
櫻木真乃/【まわる音色、君色のかおり】櫻木真乃/きみはお日様のように.csv,68,3001013010650,真乃,わ……うん……っ,櫻木真乃,【まわる音色、君色のかおり】櫻木真乃,きみはお日様のように
櫻木真乃/【まわる音色、君色のかおり】櫻木真乃/きみはお日様のように.csv,69,3001013010660,真乃,行こう、めぐるちゃん,櫻木真乃,【まわる音色、君色のかおり】櫻木真乃,きみはお日様のように
櫻木真乃/【やさしい夜に】櫻木真乃/01段.csv,2,3001023010010,真乃,"……３つの物質が合わさってひとつに……だから……
えっと……CaCO₃＋……",櫻木真乃,【やさしい夜に】櫻木真乃,01段
櫻木真乃/【やさしい夜に】櫻木真乃/01段.csv,5,3001023010040,真乃,"『ほわ
私も……』",櫻木真乃,【やさしい夜に】櫻木真乃,01段
櫻木真乃/【やさしい夜に】櫻木真乃/01段.csv,7,3001023010060,真乃,『あ……────』,櫻木真乃,【やさしい夜に】櫻木真乃,01段
櫻木真乃/【やさしい夜に】櫻木真乃/01段.csv,8,3001023010070,真乃,"……────ほんとだ……っ
灯織ちゃんの番組、もうすぐだね……",櫻木真乃,【やさしい夜に】櫻木真乃,01段
櫻木真乃/【やさしい夜に】櫻木真乃/01段.csv,10,3001023010090,真乃,"うん……それじゃあ
準備してくるね……っ",櫻木真乃,【やさしい夜に】櫻木真乃,01段
櫻木真乃/【やさしい夜に】櫻木真乃/01段.csv,13,3001023010120,真乃,"画面共有も……うん……
オッケー……っ",櫻木真乃,【やさしい夜に】櫻木真乃,01段
櫻木真乃/【やさしい夜に】櫻木真乃/01段.csv,15,3001023010131,真乃＆めぐる,マロングラッセ……っ,櫻木真乃,【やさしい夜に】櫻木真乃,01段
櫻木真乃/【やさしい夜に】櫻木真乃/01段.csv,17,3001023010150,真乃,ほわ……っ,櫻木真乃,【やさしい夜に】櫻木真乃,01段
櫻木真乃/【やさしい夜に】櫻木真乃/01段.csv,22,3001023010200,真乃,『……？』,櫻木真乃,【やさしい夜に】櫻木真乃,01段
櫻木真乃/【やさしい夜に】櫻木真乃/01段.csv,25,3001023010230,真乃,"『私も……
イタリア語とフランス語で、少し違うんだ……』",櫻木真乃,【やさしい夜に】櫻木真乃,01段
櫻木真乃/【やさしい夜に】櫻木真乃/01段.csv,28,3001023010260,真乃,"……どうかな？　
さっきまで、メッセージくれてたけど……",櫻木真乃,【やさしい夜に】櫻木真乃,01段
櫻木真乃/【やさしい夜に】櫻木真乃/01段.csv,31,3001023010290,真乃,『私も、マロングラッセと一緒に』,櫻木真乃,【やさしい夜に】櫻木真乃,01段
櫻木真乃/【やさしい夜に】櫻木真乃/01段.csv,38,3001023010360,真乃,"配信の中の灯織ちゃんと……
今私たちとお話ししてる灯織ちゃんがいるの……",櫻木真乃,【やさしい夜に】櫻木真乃,01段
櫻木真乃/【やさしい夜に】櫻木真乃/01段.csv,39,3001023010370,真乃,……ちょっと、不思議かも……,櫻木真乃,【やさしい夜に】櫻木真乃,01段
櫻木真乃/【やさしい夜に】櫻木真乃/01段.csv,42,3001023010400,真乃,"ほわ……
そんな感じ、かも……",櫻木真乃,【やさしい夜に】櫻木真乃,01段
櫻木真乃/【やさしい夜に】櫻木真乃/01段.csv,44,3001023010420,真乃,"えっと……
『灯織ちゃん、ファイト＾＾』",櫻木真乃,【やさしい夜に】櫻木真乃,01段
櫻木真乃/【やさしい夜に】櫻木真乃/01段.csv,46,3001023010440,真乃,"私も
いただきます……っ",櫻木真乃,【やさしい夜に】櫻木真乃,01段
櫻木真乃/【やさしい夜に】櫻木真乃/01段.csv,48,3001023010460,真乃,"ん……
ほわぁ、甘い……",櫻木真乃,【やさしい夜に】櫻木真乃,01段
櫻木真乃/【やさしい夜に】櫻木真乃/01段.csv,49,3001023010470,真乃,"……ミルクティーにも、よく合って……
なんだか、落ち着くかも……",櫻木真乃,【やさしい夜に】櫻木真乃,01段
櫻木真乃/【やさしい夜に】櫻木真乃/01段.csv,52,3001023010500,真乃,うん……っ,櫻木真乃,【やさしい夜に】櫻木真乃,01段
櫻木真乃/【やさしい夜に】櫻木真乃/01段.csv,53,3001023010510,真乃,……？,櫻木真乃,【やさしい夜に】櫻木真乃,01段
櫻木真乃/【やさしい夜に】櫻木真乃/01段.csv,58,3001023010560,真乃,"私も……
一緒だよ、灯織ちゃん……",櫻木真乃,【やさしい夜に】櫻木真乃,01段
櫻木真乃/【やさしい夜に】櫻木真乃/01段.csv,59,3001023010570,真乃,次の配信も、楽しみだな……,櫻木真乃,【やさしい夜に】櫻木真乃,01段
櫻木真乃/【やさしい夜に】櫻木真乃/02段.csv,5,3001023020020,真乃,"うん、ふわふわで……
……ふあ……",櫻木真乃,【やさしい夜に】櫻木真乃,02段
櫻木真乃/【やさしい夜に】櫻木真乃/02段.csv,7,3001023020040,真乃,"ご、ごめんね……
あくび、移っちゃった……っ",櫻木真乃,【やさしい夜に】櫻木真乃,02段
櫻木真乃/【やさしい夜に】櫻木真乃/02段.csv,9,3001023020060,真乃,ほわ……っ,櫻木真乃,【やさしい夜に】櫻木真乃,02段
櫻木真乃/【やさしい夜に】櫻木真乃/02段.csv,12,3001023020090,真乃,私も、気持ちよくて……,櫻木真乃,【やさしい夜に】櫻木真乃,02段
櫻木真乃/【やさしい夜に】櫻木真乃/02段.csv,13,3001023020100,真乃,……あの,櫻木真乃,【やさしい夜に】櫻木真乃,02段
櫻木真乃/【やさしい夜に】櫻木真乃/02段.csv,14,3001023020110,真乃,……めぐるちゃんがよかったら、だけど……,櫻木真乃,【やさしい夜に】櫻木真乃,02段
櫻木真乃/【やさしい夜に】櫻木真乃/02段.csv,15,3001023020120,真乃,"今度のライブで、共演者さんにお渡しする
手土産を選びに行くのはどうかな……って……",櫻木真乃,【やさしい夜に】櫻木真乃,02段
櫻木真乃/【やさしい夜に】櫻木真乃/02段.csv,18,3001023020150,真乃,"これ……灯織ちゃんが作ってくれた
これまでにいただいたもののリスト……",櫻木真乃,【やさしい夜に】櫻木真乃,02段
櫻木真乃/【やさしい夜に】櫻木真乃/02段.csv,20,3001023020170,真乃,うん,櫻木真乃,【やさしい夜に】櫻木真乃,02段
櫻木真乃/【やさしい夜に】櫻木真乃/02段.csv,21,3001023020180,真乃,"リップクリーム、ポーチ、ネイルオイル……
普段使えるものがいいのかな……？",櫻木真乃,【やさしい夜に】櫻木真乃,02段
櫻木真乃/【やさしい夜に】櫻木真乃/02段.csv,22,3001023020181,真乃＆めぐる,めぐるちゃ────────,櫻木真乃,【やさしい夜に】櫻木真乃,02段
櫻木真乃/【やさしい夜に】櫻木真乃/02段.csv,24,3001023020200,真乃,ふふっ……,櫻木真乃,【やさしい夜に】櫻木真乃,02段
櫻木真乃/【やさしい夜に】櫻木真乃/02段.csv,25,3001023020210,真乃,普段使いができて……,櫻木真乃,【やさしい夜に】櫻木真乃,02段
櫻木真乃/【やさしい夜に】櫻木真乃/02段.csv,26,3001023020220,真乃,"できたら、使い切れるものがいいのかな……って
考えてたから……",櫻木真乃,【やさしい夜に】櫻木真乃,02段
櫻木真乃/【やさしい夜に】櫻木真乃/02段.csv,29,3001023020250,真乃,"ハンドクリーム……
……どうかな……？",櫻木真乃,【やさしい夜に】櫻木真乃,02段
櫻木真乃/【やさしい夜に】櫻木真乃/02段.csv,31,3001023020270,真乃,……,櫻木真乃,【やさしい夜に】櫻木真乃,02段
櫻木真乃/【やさしい夜に】櫻木真乃/02段.csv,33,3001023020290,真乃,"……ほわ……
よかった……っ",櫻木真乃,【やさしい夜に】櫻木真乃,02段
櫻木真乃/【やさしい夜に】櫻木真乃/02段.csv,34,3001023020300,真乃,"めぐるちゃん……
ちょっと、向かいのお店にも、寄ってもいいかな……？",櫻木真乃,【やさしい夜に】櫻木真乃,02段
櫻木真乃/【やさしい夜に】櫻木真乃/02段.csv,37,3001023020330,真乃,ありがとう,櫻木真乃,【やさしい夜に】櫻木真乃,02段
櫻木真乃/【やさしい夜に】櫻木真乃/02段.csv,38,3001023020340,真乃,"────いいのかな
めぐるちゃんにまでお金、出してもらっちゃって……",櫻木真乃,【やさしい夜に】櫻木真乃,02段
櫻木真乃/【やさしい夜に】櫻木真乃/02段.csv,41,3001023020370,真乃,"うん……
さっきの撮影でも、思ったんだけど",櫻木真乃,【やさしい夜に】櫻木真乃,02段
櫻木真乃/【やさしい夜に】櫻木真乃/02段.csv,42,3001023020380,真乃,"ナイトウェアはすごく身近に
優しく包んでくれるものだから……",櫻木真乃,【やさしい夜に】櫻木真乃,02段
櫻木真乃/【やさしい夜に】櫻木真乃/02段.csv,43,3001023020390,真乃,"いつも一緒だよ……って
励ましてくれるような気がして……",櫻木真乃,【やさしい夜に】櫻木真乃,02段
櫻木真乃/【やさしい夜に】櫻木真乃/02段.csv,44,3001023020400,真乃,"だから、お揃いのやつ……
一緒に着られたら……うれしいなって……",櫻木真乃,【やさしい夜に】櫻木真乃,02段
櫻木真乃/【やさしい夜に】櫻木真乃/02段.csv,47,3001023020430,真乃,"めぐるちゃん……
……ありがとう……",櫻木真乃,【やさしい夜に】櫻木真乃,02段
櫻木真乃/【やさしい夜に】櫻木真乃/02段.csv,49,3001023020450,真乃,ほわ……,櫻木真乃,【やさしい夜に】櫻木真乃,02段
櫻木真乃/【やさしい夜に】櫻木真乃/02段.csv,50,3001023020460,真乃,"サプライズ……
内緒にできるかな……？",櫻木真乃,【やさしい夜に】櫻木真乃,02段
櫻木真乃/【やさしい夜に】櫻木真乃/02段.csv,52,3001023020480,真乃,"レッスンの日なら、荷物も少ないから
渡しやすいかも……",櫻木真乃,【やさしい夜に】櫻木真乃,02段
櫻木真乃/【やさしい夜に】櫻木真乃/02段.csv,55,3001023020510,真乃,"じゃあ、ナイトウェアは内緒のまま
灯織ちゃんにお泊り会の相談をしなきゃ……",櫻木真乃,【やさしい夜に】櫻木真乃,02段
櫻木真乃/【やさしい夜に】櫻木真乃/02段.csv,57,3001023020530,真乃,うん……っ,櫻木真乃,【やさしい夜に】櫻木真乃,02段
櫻木真乃/【やさしい夜に】櫻木真乃/02段.csv,58,3001023020540,真乃,灯織ちゃんにも、喜んでもらえますように……,櫻木真乃,【やさしい夜に】櫻木真乃,02段
櫻木真乃/【スプラッシュビート】櫻木真乃/1.プールインサイド.csv,2,3001006010010,真乃,"ほわぁ……
ここが……ウォーターパーク……",櫻木真乃,【スプラッシュビート】櫻木真乃,1.プールインサイド
櫻木真乃/【スプラッシュビート】櫻木真乃/1.プールインサイド.csv,11,3001006010100,真乃,灯織ちゃん、めぐるちゃん、早く行こっ,櫻木真乃,【スプラッシュビート】櫻木真乃,1.プールインサイド
櫻木真乃/【スプラッシュビート】櫻木真乃/1.プールインサイド.csv,16,3001006010150,真乃,ふたりとも、どうしたの？,櫻木真乃,【スプラッシュビート】櫻木真乃,1.プールインサイド
櫻木真乃/【スプラッシュビート】櫻木真乃/1.プールインサイド.csv,18,3001006010170,真乃,──えいっ,櫻木真乃,【スプラッシュビート】櫻木真乃,1.プールインサイド
櫻木真乃/【スプラッシュビート】櫻木真乃/1.プールインサイド.csv,19,3001006010180,真乃,ふふっ、私が一番乗りだねっ,櫻木真乃,【スプラッシュビート】櫻木真乃,1.プールインサイド
櫻木真乃/【スプラッシュビート】櫻木真乃/1.プールインサイド.csv,22,3001006010210,真乃,灯織ちゃんも、早く早くっ,櫻木真乃,【スプラッシュビート】櫻木真乃,1.プールインサイド
櫻木真乃/【スプラッシュビート】櫻木真乃/1.プールインサイド.csv,25,3001006010240,真乃,ふふっ、灯織ちゃんも、ちゃんと入ろう？,櫻木真乃,【スプラッシュビート】櫻木真乃,1.プールインサイド
櫻木真乃/【スプラッシュビート】櫻木真乃/1.プールインサイド.csv,29,3001006010280,真乃,えいっ,櫻木真乃,【スプラッシュビート】櫻木真乃,1.プールインサイド
櫻木真乃/【スプラッシュビート】櫻木真乃/1.プールインサイド.csv,31,3001006010300,真乃,"ふふっ、今日は待たないよ灯織ちゃんっ
こうすれば、早くお水に慣れるかも",櫻木真乃,【スプラッシュビート】櫻木真乃,1.プールインサイド
櫻木真乃/【スプラッシュビート】櫻木真乃/1.プールインサイド.csv,32,3001006010310,真乃,えいっ,櫻木真乃,【スプラッシュビート】櫻木真乃,1.プールインサイド
櫻木真乃/【スプラッシュビート】櫻木真乃/1.プールインサイド.csv,35,3001006010340,真乃,"きゃっ──
うふふ……",櫻木真乃,【スプラッシュビート】櫻木真乃,1.プールインサイド
櫻木真乃/【スプラッシュビート】櫻木真乃/1.プールインサイド.csv,38,3001006010370,真乃,め、めぐるちゃん……？,櫻木真乃,【スプラッシュビート】櫻木真乃,1.プールインサイド
櫻木真乃/【スプラッシュビート】櫻木真乃/1.プールインサイド.csv,41,3001006010391,真乃＆灯織,きゃあー！,櫻木真乃,【スプラッシュビート】櫻木真乃,1.プールインサイド
櫻木真乃/【スプラッシュビート】櫻木真乃/1.プールインサイド.csv,45,3001006010430,真乃,——遠慮なくっ！,櫻木真乃,【スプラッシュビート】櫻木真乃,1.プールインサイド
櫻木真乃/【スプラッシュビート】櫻木真乃/1.プールインサイド.csv,46,3001006010431,真乃＆灯織,えーいっ,櫻木真乃,【スプラッシュビート】櫻木真乃,1.プールインサイド
櫻木真乃/【スプラッシュビート】櫻木真乃/1.プールインサイド.csv,50,3001006010470,真乃,"うんっ、私も行ってみたいな
前からちょっと気になってたんだっ",櫻木真乃,【スプラッシュビート】櫻木真乃,1.プールインサイド
櫻木真乃/【スプラッシュビート】櫻木真乃/1.プールインサイド.csv,52,3001006010490,真乃,"ほわぁ……！　これが流れるプール……
気持ちいい……",櫻木真乃,【スプラッシュビート】櫻木真乃,1.プールインサイド
櫻木真乃/【スプラッシュビート】櫻木真乃/1.プールインサイド.csv,55,3001006010520,真乃,ほわぁ……,櫻木真乃,【スプラッシュビート】櫻木真乃,1.プールインサイド
櫻木真乃/【スプラッシュビート】櫻木真乃/1.プールインサイド.csv,58,3001006010550,真乃,ほわぁ……,櫻木真乃,【スプラッシュビート】櫻木真乃,1.プールインサイド
櫻木真乃/【スプラッシュビート】櫻木真乃/1.プールインサイド.csv,66,3001006010630,真乃,……ほわぁ……,櫻木真乃,【スプラッシュビート】櫻木真乃,1.プールインサイド
櫻木真乃/【スプラッシュビート】櫻木真乃/1.プールインサイド.csv,68,3001006010650,真乃,"あのっ、ごめんね
浮かんでるのが楽しくて",櫻木真乃,【スプラッシュビート】櫻木真乃,1.プールインサイド
櫻木真乃/【スプラッシュビート】櫻木真乃/1.プールインサイド.csv,71,3001006010680,真乃,"……あっ、向こうのプールなんだろう？
みんなで行ってみたいなっ",櫻木真乃,【スプラッシュビート】櫻木真乃,1.プールインサイド
櫻木真乃/【スプラッシュビート】櫻木真乃/2.ほんの少しのアドベンチャー.csv,2,3001006020010,真乃,"ふふっ
次はどこ行こっか？",櫻木真乃,【スプラッシュビート】櫻木真乃,2.ほんの少しのアドベンチャー
櫻木真乃/【スプラッシュビート】櫻木真乃/2.ほんの少しのアドベンチャー.csv,6,3001006020050,真乃,"う、うん……
とっても高い……",櫻木真乃,【スプラッシュビート】櫻木真乃,2.ほんの少しのアドベンチャー
櫻木真乃/【スプラッシュビート】櫻木真乃/2.ほんの少しのアドベンチャー.csv,7,3001006020060,真乃,"めぐるちゃん、すごいなぁ
私、ちょっと怖いかも……",櫻木真乃,【スプラッシュビート】櫻木真乃,2.ほんの少しのアドベンチャー
櫻木真乃/【スプラッシュビート】櫻木真乃/2.ほんの少しのアドベンチャー.csv,10,3001006020090,真乃,あ──,櫻木真乃,【スプラッシュビート】櫻木真乃,2.ほんの少しのアドベンチャー
櫻木真乃/【スプラッシュビート】櫻木真乃/2.ほんの少しのアドベンチャー.csv,11,3001006020100,真乃,"待ってめぐるちゃんっ
私、やっぱり滑ってみたい……！",櫻木真乃,【スプラッシュビート】櫻木真乃,2.ほんの少しのアドベンチャー
櫻木真乃/【スプラッシュビート】櫻木真乃/2.ほんの少しのアドベンチャー.csv,13,3001006020120,真乃,う、うん。ちょっとは、怖いんだけどね,櫻木真乃,【スプラッシュビート】櫻木真乃,2.ほんの少しのアドベンチャー
櫻木真乃/【スプラッシュビート】櫻木真乃/2.ほんの少しのアドベンチャー.csv,14,3001006020130,真乃,"……でも、めぐるちゃんが楽しそうって思うものだったら、
やってみれば、私も楽しくなれるんじゃないかなって",櫻木真乃,【スプラッシュビート】櫻木真乃,2.ほんの少しのアドベンチャー
櫻木真乃/【スプラッシュビート】櫻木真乃/2.ほんの少しのアドベンチャー.csv,15,3001006020140,真乃,だから、一緒に滑ってみたいなって……！,櫻木真乃,【スプラッシュビート】櫻木真乃,2.ほんの少しのアドベンチャー
櫻木真乃/【スプラッシュビート】櫻木真乃/2.ほんの少しのアドベンチャー.csv,16,3001006020150,真乃,ね、灯織ちゃんっ,櫻木真乃,【スプラッシュビート】櫻木真乃,2.ほんの少しのアドベンチャー
櫻木真乃/【スプラッシュビート】櫻木真乃/2.ほんの少しのアドベンチャー.csv,18,3001006020170,真乃,３人なら、大丈夫だと思うんだっ,櫻木真乃,【スプラッシュビート】櫻木真乃,2.ほんの少しのアドベンチャー
櫻木真乃/【スプラッシュビート】櫻木真乃/2.ほんの少しのアドベンチャー.csv,23,3001006020211,真乃＆灯織,うん！,櫻木真乃,【スプラッシュビート】櫻木真乃,2.ほんの少しのアドベンチャー
櫻木真乃/【スプラッシュビート】櫻木真乃/2.ほんの少しのアドベンチャー.csv,24,3001006020220,真乃,よーし……！　むんっ,櫻木真乃,【スプラッシュビート】櫻木真乃,2.ほんの少しのアドベンチャー
櫻木真乃/【スプラッシュビート】櫻木真乃/2.ほんの少しのアドベンチャー.csv,25,3001006020230,真乃,"ほわ……
やっぱり、高い……",櫻木真乃,【スプラッシュビート】櫻木真乃,2.ほんの少しのアドベンチャー
櫻木真乃/【スプラッシュビート】櫻木真乃/2.ほんの少しのアドベンチャー.csv,30,3001006020280,真乃,めぐるちゃんなら、本当にできちゃいそう,櫻木真乃,【スプラッシュビート】櫻木真乃,2.ほんの少しのアドベンチャー
櫻木真乃/【スプラッシュビート】櫻木真乃/2.ほんの少しのアドベンチャー.csv,32,3001006020300,真乃,じゃあ……行こうっ灯織ちゃんっ,櫻木真乃,【スプラッシュビート】櫻木真乃,2.ほんの少しのアドベンチャー
櫻木真乃/【スプラッシュビート】櫻木真乃/2.ほんの少しのアドベンチャー.csv,34,3001006020320,真乃,"せーのっ
──えいっ",櫻木真乃,【スプラッシュビート】櫻木真乃,2.ほんの少しのアドベンチャー
櫻木真乃/【スプラッシュビート】櫻木真乃/2.ほんの少しのアドベンチャー.csv,35,3001006020321,真乃＆灯織,きゃぁああー！,櫻木真乃,【スプラッシュビート】櫻木真乃,2.ほんの少しのアドベンチャー
櫻木真乃/【スプラッシュビート】櫻木真乃/2.ほんの少しのアドベンチャー.csv,36,3001006020330,真乃,は、速い……っ,櫻木真乃,【スプラッシュビート】櫻木真乃,2.ほんの少しのアドベンチャー
櫻木真乃/【スプラッシュビート】櫻木真乃/2.ほんの少しのアドベンチャー.csv,37,3001006020340,真乃,"（でも……景色がきらきら流れて……
風も、とっても気持ちいいっ）",櫻木真乃,【スプラッシュビート】櫻木真乃,2.ほんの少しのアドベンチャー
櫻木真乃/【スプラッシュビート】櫻木真乃/2.ほんの少しのアドベンチャー.csv,38,3001006020350,真乃,"わ、わわっ……ふふっ
楽しいね、灯織ちゃんっ",櫻木真乃,【スプラッシュビート】櫻木真乃,2.ほんの少しのアドベンチャー
櫻木真乃/【スプラッシュビート】櫻木真乃/2.ほんの少しのアドベンチャー.csv,40,3001006020370,真乃,だ、大丈夫？,櫻木真乃,【スプラッシュビート】櫻木真乃,2.ほんの少しのアドベンチャー
櫻木真乃/【スプラッシュビート】櫻木真乃/2.ほんの少しのアドベンチャー.csv,42,3001006020381,真乃＆灯織,きゃあ！,櫻木真乃,【スプラッシュビート】櫻木真乃,2.ほんの少しのアドベンチャー
櫻木真乃/【スプラッシュビート】櫻木真乃/2.ほんの少しのアドベンチャー.csv,43,3001006020382,真乃＆灯織,…………ふ、ふふ、あははは,櫻木真乃,【スプラッシュビート】櫻木真乃,2.ほんの少しのアドベンチャー
櫻木真乃/【スプラッシュビート】櫻木真乃/2.ほんの少しのアドベンチャー.csv,45,3001006020400,真乃,（あ、めぐるちゃんの声……）,櫻木真乃,【スプラッシュビート】櫻木真乃,2.ほんの少しのアドベンチャー
櫻木真乃/【スプラッシュビート】櫻木真乃/2.ほんの少しのアドベンチャー.csv,46,3001006020410,真乃,"（めぐるちゃんもとっても楽しそうっ
私も……とっても楽しい！）",櫻木真乃,【スプラッシュビート】櫻木真乃,2.ほんの少しのアドベンチャー
櫻木真乃/【スプラッシュビート】櫻木真乃/2.ほんの少しのアドベンチャー.csv,47,3001006020420,真乃,"ふふっ……
わぁーっ",櫻木真乃,【スプラッシュビート】櫻木真乃,2.ほんの少しのアドベンチャー
櫻木真乃/【スプラッシュビート】櫻木真乃/2.ほんの少しのアドベンチャー.csv,48,3001006020430,真乃,……とっても楽しかったぁ,櫻木真乃,【スプラッシュビート】櫻木真乃,2.ほんの少しのアドベンチャー
櫻木真乃/【スプラッシュビート】櫻木真乃/2.ほんの少しのアドベンチャー.csv,49,3001006020440,真乃,"思ってたより、ずっと速くて、ちょっと怖くて……
でも、とっても気持ちよかったっ",櫻木真乃,【スプラッシュビート】櫻木真乃,2.ほんの少しのアドベンチャー
櫻木真乃/【スプラッシュビート】櫻木真乃/2.ほんの少しのアドベンチャー.csv,51,3001006020460,真乃,うんっ、もっと滑ってたいって思ったよっ,櫻木真乃,【スプラッシュビート】櫻木真乃,2.ほんの少しのアドベンチャー
櫻木真乃/【スプラッシュビート】櫻木真乃/2.ほんの少しのアドベンチャー.csv,55,3001006020500,真乃,"そうだっ
ねえ、３人で一緒に滑れたりしないかな……？",櫻木真乃,【スプラッシュビート】櫻木真乃,2.ほんの少しのアドベンチャー
櫻木真乃/【スプラッシュビート】櫻木真乃/2.ほんの少しのアドベンチャー.csv,59,3001006020540,真乃,"ふふっ
ふたりとも、早く行こっ",櫻木真乃,【スプラッシュビート】櫻木真乃,2.ほんの少しのアドベンチャー
櫻木真乃/【スプラッシュビート】櫻木真乃/3.ハッピーアイスクリーム.csv,5,3001006030040,真乃,ほわぁ……スライダー、楽しかったもんね……！,櫻木真乃,【スプラッシュビート】櫻木真乃,3.ハッピーアイスクリーム
櫻木真乃/【スプラッシュビート】櫻木真乃/3.ハッピーアイスクリーム.csv,13,3001006030120,真乃,"うんっ
私も今回は、きちんと準備できたから……",櫻木真乃,【スプラッシュビート】櫻木真乃,3.ハッピーアイスクリーム
櫻木真乃/【スプラッシュビート】櫻木真乃/3.ハッピーアイスクリーム.csv,16,3001006030150,真乃,も、もちろんっ,櫻木真乃,【スプラッシュビート】櫻木真乃,3.ハッピーアイスクリーム
櫻木真乃/【スプラッシュビート】櫻木真乃/3.ハッピーアイスクリーム.csv,17,3001006030160,真乃,"あ、でも、めぐるちゃんの肌に合うかどうか、
確かめながらの方がいいと思うから──",櫻木真乃,【スプラッシュビート】櫻木真乃,3.ハッピーアイスクリーム
櫻木真乃/【スプラッシュビート】櫻木真乃/3.ハッピーアイスクリーム.csv,22,3001006030210,真乃,おそろい……,櫻木真乃,【スプラッシュビート】櫻木真乃,3.ハッピーアイスクリーム
櫻木真乃/【スプラッシュビート】櫻木真乃/3.ハッピーアイスクリーム.csv,25,3001006030240,真乃,ほわ、本当だ……！,櫻木真乃,【スプラッシュビート】櫻木真乃,3.ハッピーアイスクリーム
櫻木真乃/【スプラッシュビート】櫻木真乃/3.ハッピーアイスクリーム.csv,29,3001006030280,真乃,……！,櫻木真乃,【スプラッシュビート】櫻木真乃,3.ハッピーアイスクリーム
櫻木真乃/【スプラッシュビート】櫻木真乃/3.ハッピーアイスクリーム.csv,30,3001006030290,真乃,"寄り道……
おやつ……",櫻木真乃,【スプラッシュビート】櫻木真乃,3.ハッピーアイスクリーム
櫻木真乃/【スプラッシュビート】櫻木真乃/3.ハッピーアイスクリーム.csv,32,3001006030310,真乃,あっ。えっと,櫻木真乃,【スプラッシュビート】櫻木真乃,3.ハッピーアイスクリーム
櫻木真乃/【スプラッシュビート】櫻木真乃/3.ハッピーアイスクリーム.csv,34,3001006030330,真乃,"う、うんっ……
みんなで買って、一緒に食べたら素敵かなって……",櫻木真乃,【スプラッシュビート】櫻木真乃,3.ハッピーアイスクリーム
櫻木真乃/【スプラッシュビート】櫻木真乃/3.ハッピーアイスクリーム.csv,35,3001006030340,真乃,灯織ちゃんとめぐるちゃんは、どう、かな……？,櫻木真乃,【スプラッシュビート】櫻木真乃,3.ハッピーアイスクリーム
櫻木真乃/【スプラッシュビート】櫻木真乃/3.ハッピーアイスクリーム.csv,44,3001006030420,真乃,ふふっ,櫻木真乃,【スプラッシュビート】櫻木真乃,3.ハッピーアイスクリーム
櫻木真乃/【スプラッシュビート】櫻木真乃/3.ハッピーアイスクリーム.csv,46,3001006030440,真乃,私は、灯織ちゃんとめぐるちゃんとおそろいにするよ,櫻木真乃,【スプラッシュビート】櫻木真乃,3.ハッピーアイスクリーム
櫻木真乃/【スプラッシュビート】櫻木真乃/3.ハッピーアイスクリーム.csv,47,3001006030450,真乃,だから、ふたりの味のミックスかなっ,櫻木真乃,【スプラッシュビート】櫻木真乃,3.ハッピーアイスクリーム
櫻木真乃/【スプラッシュビート】櫻木真乃/3.ハッピーアイスクリーム.csv,52,3001006030500,真乃,ふふ。私も、今日はすぐに寝ちゃいそう,櫻木真乃,【スプラッシュビート】櫻木真乃,3.ハッピーアイスクリーム
櫻木真乃/【スプラッシュビート】櫻木真乃/3.ハッピーアイスクリーム.csv,57,3001006030550,真乃,うんっ。ふたりとも、また明日,櫻木真乃,【スプラッシュビート】櫻木真乃,3.ハッピーアイスクリーム
櫻木真乃/【スプラッシュビート】櫻木真乃/3.ハッピーアイスクリーム.csv,58,3001006030560,真乃,……,櫻木真乃,【スプラッシュビート】櫻木真乃,3.ハッピーアイスクリーム
櫻木真乃/【スプラッシュビート】櫻木真乃/3.ハッピーアイスクリーム.csv,59,3001006030570,真乃,（……また明日、かぁ……）,櫻木真乃,【スプラッシュビート】櫻木真乃,3.ハッピーアイスクリーム
櫻木真乃/【スプラッシュビート】櫻木真乃/3.ハッピーアイスクリーム.csv,60,3001006030580,真乃,"（……灯織ちゃんとめぐるちゃんと一緒に、
また明日……）",櫻木真乃,【スプラッシュビート】櫻木真乃,3.ハッピーアイスクリーム
櫻木真乃/【スプラッシュビート】櫻木真乃/3.ハッピーアイスクリーム.csv,61,3001006030590,真乃,ふふっ,櫻木真乃,【スプラッシュビート】櫻木真乃,3.ハッピーアイスクリーム
櫻木真乃/【ソラを跳ね】櫻木真乃/あめのひ.csv,2,2001011020010,真乃,"……プロデューサーさん、
あったかいお茶、淹れてきました……",櫻木真乃,【ソラを跳ね】櫻木真乃,あめのひ
櫻木真乃/【ソラを跳ね】櫻木真乃/あめのひ.csv,4,2001011020020,真乃,"い、いえっ
あっ……え、エアコン寒かったりしませんか……？",櫻木真乃,【ソラを跳ね】櫻木真乃,あめのひ
櫻木真乃/【ソラを跳ね】櫻木真乃/あめのひ.csv,7,2001011020030,真乃,……そ、それならよかったです……,櫻木真乃,【ソラを跳ね】櫻木真乃,あめのひ
櫻木真乃/【ソラを跳ね】櫻木真乃/あめのひ.csv,9,2001011020040,真乃,"は、はい……
……すみません",櫻木真乃,【ソラを跳ね】櫻木真乃,あめのひ
櫻木真乃/【ソラを跳ね】櫻木真乃/あめのひ.csv,10,2001011020050,真乃,"……プロデューサーさんが、
びしょ濡れになって帰ってきて、びっくりしてしまって……",櫻木真乃,【ソラを跳ね】櫻木真乃,あめのひ
櫻木真乃/【ソラを跳ね】櫻木真乃/あめのひ.csv,15,2001011020060,真乃,"……通り雨も多いので
それもいいかもしれません……",櫻木真乃,【ソラを跳ね】櫻木真乃,あめのひ
櫻木真乃/【ソラを跳ね】櫻木真乃/あめのひ.csv,19,2001011020070,真乃,そうですね……,櫻木真乃,【ソラを跳ね】櫻木真乃,あめのひ
櫻木真乃/【ソラを跳ね】櫻木真乃/あめのひ.csv,21,2001011020080,真乃,…………,櫻木真乃,【ソラを跳ね】櫻木真乃,あめのひ
櫻木真乃/【ソラを跳ね】櫻木真乃/あめのひ.csv,22,2001011020090,真乃,"……私、こういう雨を見ると
ちょっとだけワクワクする気持ちもあるんです",櫻木真乃,【ソラを跳ね】櫻木真乃,あめのひ
櫻木真乃/【ソラを跳ね】櫻木真乃/あめのひ.csv,24,2001011020100,真乃,"はい……その……雨が降ってるときにしか
できないことがある気がして……",櫻木真乃,【ソラを跳ね】櫻木真乃,あめのひ
櫻木真乃/【ソラを跳ね】櫻木真乃/あめのひ.csv,25,2001011020110,真乃,"……小さい頃、たくさん雨が降った次の日に、
大きな水たまりを探すのが好きでした",櫻木真乃,【ソラを跳ね】櫻木真乃,あめのひ
櫻木真乃/【ソラを跳ね】櫻木真乃/あめのひ.csv,26,2001011020120,真乃,"晴れた日は、水たまりに空が映って
そこに飛び込んだら鳥さんになれた気がして……",櫻木真乃,【ソラを跳ね】櫻木真乃,あめのひ
櫻木真乃/【ソラを跳ね】櫻木真乃/あめのひ.csv,27,2001011020130,真乃,"……両親が心配するのも気にしないで、
びしょ濡れになって遊んでいました……",櫻木真乃,【ソラを跳ね】櫻木真乃,あめのひ
櫻木真乃/【ソラを跳ね】櫻木真乃/あめのひ.csv,29,2001011020140,真乃,ふふ……はい……っ,櫻木真乃,【ソラを跳ね】櫻木真乃,あめのひ
櫻木真乃/【ソラを跳ね】櫻木真乃/あめのひ.csv,30,2001011020150,真乃,"……今ではもう、水たまりで遊ぶなんて
しなくなっちゃいましたけれど……",櫻木真乃,【ソラを跳ね】櫻木真乃,あめのひ
櫻木真乃/【ソラを跳ね】櫻木真乃/あめのひ.csv,36,2001011020160,真乃,"ほわ……
ぷ、プロデューサーさんがですか……？",櫻木真乃,【ソラを跳ね】櫻木真乃,あめのひ
櫻木真乃/【ソラを跳ね】櫻木真乃/あめのひ.csv,38,2001011020170,真乃,ほわ……,櫻木真乃,【ソラを跳ね】櫻木真乃,あめのひ
櫻木真乃/【ソラを跳ね】櫻木真乃/あめのひ.csv,39,2001011020180,真乃,"……プロデューサーさんが水たまりで……
なんだかちょっと意外で、想像ができないです……",櫻木真乃,【ソラを跳ね】櫻木真乃,あめのひ
櫻木真乃/【ソラを跳ね】櫻木真乃/あめのひ.csv,42,2001011020190,真乃,"……ふふ、そうですね
そうかもしれません……",櫻木真乃,【ソラを跳ね】櫻木真乃,あめのひ
櫻木真乃/【ソラを跳ね】櫻木真乃/あめのひ.csv,43,2001011020200,真乃,……はい,櫻木真乃,【ソラを跳ね】櫻木真乃,あめのひ
櫻木真乃/【ソラを跳ね】櫻木真乃/あめのひ.csv,44,2001011020210,真乃,"それと…… 
お気に入りの傘を差して歩くのも楽しかったり……",櫻木真乃,【ソラを跳ね】櫻木真乃,あめのひ
櫻木真乃/【ソラを跳ね】櫻木真乃/あめのひ.csv,47,2001011020220,真乃,……ふふ,櫻木真乃,【ソラを跳ね】櫻木真乃,あめのひ
櫻木真乃/【ソラを跳ね】櫻木真乃/あめのひ.csv,48,2001011020230,真乃,"私も、雨だからちょっとだけって思ったお散歩が
楽しくなって、遠回りしちゃうことがあります……",櫻木真乃,【ソラを跳ね】櫻木真乃,あめのひ
櫻木真乃/【ソラを跳ね】櫻木真乃/あめのひ.csv,49,2001011020240,真乃,"……はい
いつもより、念入りにやってしまったりします……",櫻木真乃,【ソラを跳ね】櫻木真乃,あめのひ
櫻木真乃/【ソラを跳ね】櫻木真乃/あめのひ.csv,51,2001011020250,真乃,"……ふふっ
私も、お手伝いしてもいいですか……っ",櫻木真乃,【ソラを跳ね】櫻木真乃,あめのひ
櫻木真乃/【ソラを跳ね】櫻木真乃/あめのひ.csv,53,2001011020260,真乃,"……お片付け、結構好きなんです
レッスンの時お手伝間まで、いできたらなって……",櫻木真乃,【ソラを跳ね】櫻木真乃,あめのひ
櫻木真乃/【ソラを跳ね】櫻木真乃/あめのひ.csv,55,2001011020270,真乃,"はい……っ
ありがとうございます、プロデューサーさん……っ",櫻木真乃,【ソラを跳ね】櫻木真乃,あめのひ
櫻木真乃/【ソラを跳ね】櫻木真乃/ささやかな.csv,5,2001011010010,真乃,"……いえ
全然平気です",櫻木真乃,【ソラを跳ね】櫻木真乃,ささやかな
櫻木真乃/【ソラを跳ね】櫻木真乃/ささやかな.csv,6,2001011010020,真乃,"お仕事中なので、
本当はいけないのかもしれないんですけれど……",櫻木真乃,【ソラを跳ね】櫻木真乃,ささやかな
櫻木真乃/【ソラを跳ね】櫻木真乃/ささやかな.csv,7,2001011010030,真乃,"……こうした時間も、なんだか
うれしいなって思っちゃうんです……",櫻木真乃,【ソラを跳ね】櫻木真乃,ささやかな
櫻木真乃/【ソラを跳ね】櫻木真乃/ささやかな.csv,8,2001011010040,真乃,"……お日様が沈んだ後の森は、 
ちょっぴり怖くて、でも静かでやさしい場所で……",櫻木真乃,【ソラを跳ね】櫻木真乃,ささやかな
櫻木真乃/【ソラを跳ね】櫻木真乃/ささやかな.csv,9,2001011010050,真乃,"普段はなかなか来られないので
みなさんと、特別なところに来てるなって……",櫻木真乃,【ソラを跳ね】櫻木真乃,ささやかな
櫻木真乃/【ソラを跳ね】櫻木真乃/ささやかな.csv,12,2001011010060,真乃,……はい……っ,櫻木真乃,【ソラを跳ね】櫻木真乃,ささやかな
櫻木真乃/【ソラを跳ね】櫻木真乃/ささやかな.csv,13,2001011010061,真乃＆プロデューサー,はは,櫻木真乃,【ソラを跳ね】櫻木真乃,ささやかな
櫻木真乃/【ソラを跳ね】櫻木真乃/ささやかな.csv,14,2001011010070,真乃,"……それに
見てくださいプロデューサーさん",櫻木真乃,【ソラを跳ね】櫻木真乃,ささやかな
櫻木真乃/【ソラを跳ね】櫻木真乃/ささやかな.csv,18,2001011010080,真乃,"……ふふ、いえ……
私も、とっても綺麗な星空だなって言っちゃいます……っ",櫻木真乃,【ソラを跳ね】櫻木真乃,ささやかな
櫻木真乃/【ソラを跳ね】櫻木真乃/ささやかな.csv,20,2001011010090,真乃,……はい,櫻木真乃,【ソラを跳ね】櫻木真乃,ささやかな
櫻木真乃/【ソラを跳ね】櫻木真乃/ささやかな.csv,21,2001011010100,真乃,──あ……,櫻木真乃,【ソラを跳ね】櫻木真乃,ささやかな
櫻木真乃/【ソラを跳ね】櫻木真乃/ささやかな.csv,23,2001011010110,真乃,……あっ、すみません……,櫻木真乃,【ソラを跳ね】櫻木真乃,ささやかな
櫻木真乃/【ソラを跳ね】櫻木真乃/ささやかな.csv,24,2001011010120,真乃,えっと、あそこにアオバズクさんがいて……,櫻木真乃,【ソラを跳ね】櫻木真乃,ささやかな
櫻木真乃/【ソラを跳ね】櫻木真乃/ささやかな.csv,26,2001011010130,真乃,……はい……っ,櫻木真乃,【ソラを跳ね】櫻木真乃,ささやかな
櫻木真乃/【ソラを跳ね】櫻木真乃/ささやかな.csv,27,2001011010140,真乃,"アオバズクさん、こんばんは……
……見守ってくれているんですか……？",櫻木真乃,【ソラを跳ね】櫻木真乃,ささやかな
櫻木真乃/【ソラを跳ね】櫻木真乃/ささやかな.csv,29,2001011010150,真乃,"……時間ができたおかげでしょうか
ご挨拶ができちゃいました",櫻木真乃,【ソラを跳ね】櫻木真乃,ささやかな
櫻木真乃/【ソラを跳ね】櫻木真乃/ささやかな.csv,31,2001011010160,真乃,……はいっ,櫻木真乃,【ソラを跳ね】櫻木真乃,ささやかな
櫻木真乃/【ソラを跳ね】櫻木真乃/ささやかな.csv,32,2001011010170,真乃,"……こんなふうに、時間ができたとき
この間は、お散歩へも出かけたんです……",櫻木真乃,【ソラを跳ね】櫻木真乃,ささやかな
櫻木真乃/【ソラを跳ね】櫻木真乃/ささやかな.csv,33,2001011010180,真乃,"朝早い時間だったんですけれど、その時も
新しい鳥さんに出会えたり、うれしいことがありました",櫻木真乃,【ソラを跳ね】櫻木真乃,ささやかな
櫻木真乃/【ソラを跳ね】櫻木真乃/ささやかな.csv,38,2001011010190,真乃,"はい
私も、そう思います……",櫻木真乃,【ソラを跳ね】櫻木真乃,ささやかな
櫻木真乃/【ソラを跳ね】櫻木真乃/ささやかな.csv,39,2001011010200,真乃,"……なんでもないようなことでも
それだけで、特別に思えて……",櫻木真乃,【ソラを跳ね】櫻木真乃,ささやかな
櫻木真乃/【ソラを跳ね】櫻木真乃/ささやかな.csv,41,2001011010210,真乃,ほわ……,櫻木真乃,【ソラを跳ね】櫻木真乃,ささやかな
櫻木真乃/【ソラを跳ね】櫻木真乃/ささやかな.csv,42,2001011010220,真乃,……確かに、そうかもしれません……,櫻木真乃,【ソラを跳ね】櫻木真乃,ささやかな
櫻木真乃/【ソラを跳ね】櫻木真乃/ささやかな.csv,43,2001011010230,真乃,"プロデューサーさんとの出会いは、私にとって
とっても特別でうれしいものになりました……",櫻木真乃,【ソラを跳ね】櫻木真乃,ささやかな
櫻木真乃/【ソラを跳ね】櫻木真乃/ささやかな.csv,44,2001011010240,真乃,ほわ……え、えっと……,櫻木真乃,【ソラを跳ね】櫻木真乃,ささやかな
櫻木真乃/【ソラを跳ね】櫻木真乃/ささやかな.csv,46,2001011010250,真乃,"わ……本当ですか……っ
よかったら、ぜひです……",櫻木真乃,【ソラを跳ね】櫻木真乃,ささやかな
櫻木真乃/【ソラを跳ね】櫻木真乃/ささやかな.csv,47,2001011010260,真乃,"のぼり始めたやさしいお日様に、鳥さんも
咲いているお花も、とってもきらきらしていて……",櫻木真乃,【ソラを跳ね】櫻木真乃,ささやかな
櫻木真乃/【ソラを跳ね】櫻木真乃/ささやかな.csv,48,2001011010270,真乃,なんだかぽかぽかした気持ちになれるんです……,櫻木真乃,【ソラを跳ね】櫻木真乃,ささやかな
櫻木真乃/【ソラを跳ね】櫻木真乃/ささやかな.csv,52,2001011010280,真乃,"……私も、時間があるときは
行ったことのない道を選んでみたりします……っ",櫻木真乃,【ソラを跳ね】櫻木真乃,ささやかな
櫻木真乃/【ソラを跳ね】櫻木真乃/ささやかな.csv,53,2001011010290,真乃,どこに繋がってるのかなって、ちょっと冒険みたいで……,櫻木真乃,【ソラを跳ね】櫻木真乃,ささやかな
櫻木真乃/【ソラを跳ね】櫻木真乃/ささやかな.csv,54,2001011010300,真乃,……道に迷っちゃうこともあるんですけれど……,櫻木真乃,【ソラを跳ね】櫻木真乃,ささやかな
櫻木真乃/【ソラを跳ね】櫻木真乃/ささやかな.csv,57,2001011010310,真乃,……はいっ,櫻木真乃,【ソラを跳ね】櫻木真乃,ささやかな
櫻木真乃/【ソラを跳ね】櫻木真乃/そらをおよぐ鳥.csv,3,2001011030010,真乃,"……プロデューサーさん
どうかされましたか……？",櫻木真乃,【ソラを跳ね】櫻木真乃,そらをおよぐ鳥
櫻木真乃/【ソラを跳ね】櫻木真乃/そらをおよぐ鳥.csv,7,2001011030020,真乃,"ほわ……
……そうですね……",櫻木真乃,【ソラを跳ね】櫻木真乃,そらをおよぐ鳥
櫻木真乃/【ソラを跳ね】櫻木真乃/そらをおよぐ鳥.csv,8,2001011030030,真乃,お天気、とってもいいです……,櫻木真乃,【ソラを跳ね】櫻木真乃,そらをおよぐ鳥
櫻木真乃/【ソラを跳ね】櫻木真乃/そらをおよぐ鳥.csv,10,2001011030040,真乃,ふふ……はい,櫻木真乃,【ソラを跳ね】櫻木真乃,そらをおよぐ鳥
櫻木真乃/【ソラを跳ね】櫻木真乃/そらをおよぐ鳥.csv,11,2001011030050,真乃,──ほわ……っ,櫻木真乃,【ソラを跳ね】櫻木真乃,そらをおよぐ鳥
櫻木真乃/【ソラを跳ね】櫻木真乃/そらをおよぐ鳥.csv,13,2001011030060,真乃,"あ……
えっと、その……",櫻木真乃,【ソラを跳ね】櫻木真乃,そらをおよぐ鳥
櫻木真乃/【ソラを跳ね】櫻木真乃/そらをおよぐ鳥.csv,14,2001011030070,真乃,……私も、少しポツってきたような気がして──,櫻木真乃,【ソラを跳ね】櫻木真乃,そらをおよぐ鳥
櫻木真乃/【ソラを跳ね】櫻木真乃/そらをおよぐ鳥.csv,16,2001011030080,真乃,"……あっ、プロデューサーさん
見てください……",櫻木真乃,【ソラを跳ね】櫻木真乃,そらをおよぐ鳥
櫻木真乃/【ソラを跳ね】櫻木真乃/そらをおよぐ鳥.csv,19,2001011030090,真乃,はい、そうみたいです……っ,櫻木真乃,【ソラを跳ね】櫻木真乃,そらをおよぐ鳥
櫻木真乃/【ソラを跳ね】櫻木真乃/そらをおよぐ鳥.csv,20,2001011030100,真乃,"……ふふ、遊んでる子たちもたくさん
とっても楽しそうです……",櫻木真乃,【ソラを跳ね】櫻木真乃,そらをおよぐ鳥
櫻木真乃/【ソラを跳ね】櫻木真乃/そらをおよぐ鳥.csv,24,2001011030110,真乃,"……！　ぷ、プロデューサーさん……
で、でも──",櫻木真乃,【ソラを跳ね】櫻木真乃,そらをおよぐ鳥
櫻木真乃/【ソラを跳ね】櫻木真乃/そらをおよぐ鳥.csv,28,2001011030120,真乃,ほわ……っ,櫻木真乃,【ソラを跳ね】櫻木真乃,そらをおよぐ鳥
櫻木真乃/【ソラを跳ね】櫻木真乃/そらをおよぐ鳥.csv,29,2001011030130,真乃,"……ふふ
そうだったんですね……",櫻木真乃,【ソラを跳ね】櫻木真乃,そらをおよぐ鳥
櫻木真乃/【ソラを跳ね】櫻木真乃/そらをおよぐ鳥.csv,31,2001011030140,真乃,わ、私、ですか……っ,櫻木真乃,【ソラを跳ね】櫻木真乃,そらをおよぐ鳥
櫻木真乃/【ソラを跳ね】櫻木真乃/そらをおよぐ鳥.csv,32,2001011030150,真乃,"……い、いいんでしょうか……
その……高校生にもなって……",櫻木真乃,【ソラを跳ね】櫻木真乃,そらをおよぐ鳥
櫻木真乃/【ソラを跳ね】櫻木真乃/そらをおよぐ鳥.csv,36,2001011030160,真乃,プロデューサーさん……,櫻木真乃,【ソラを跳ね】櫻木真乃,そらをおよぐ鳥
櫻木真乃/【ソラを跳ね】櫻木真乃/そらをおよぐ鳥.csv,38,2001011030170,真乃,"い、いえっ
……私も、私も水遊び……したいです……っ",櫻木真乃,【ソラを跳ね】櫻木真乃,そらをおよぐ鳥
櫻木真乃/【ソラを跳ね】櫻木真乃/そらをおよぐ鳥.csv,39,2001011030180,真乃,そ、それに……っ,櫻木真乃,【ソラを跳ね】櫻木真乃,そらをおよぐ鳥
櫻木真乃/【ソラを跳ね】櫻木真乃/そらをおよぐ鳥.csv,40,2001011030190,真乃,"私も、タオルがあります
準備万端です……っ",櫻木真乃,【ソラを跳ね】櫻木真乃,そらをおよぐ鳥
櫻木真乃/【ソラを跳ね】櫻木真乃/そらをおよぐ鳥.csv,41,2001011030200,真乃,──ほわぁ,櫻木真乃,【ソラを跳ね】櫻木真乃,そらをおよぐ鳥
櫻木真乃/【ソラを跳ね】櫻木真乃/そらをおよぐ鳥.csv,42,2001011030210,真乃,プロデューサーさん、空を飛んでます……っ,櫻木真乃,【ソラを跳ね】櫻木真乃,そらをおよぐ鳥
櫻木真乃/【ソラを跳ね】櫻木真乃/そらをおよぐ鳥.csv,44,2001011030220,真乃,"ふふ……
プロデューサーさんの足元、空が映っていますっ",櫻木真乃,【ソラを跳ね】櫻木真乃,そらをおよぐ鳥
櫻木真乃/【ソラを跳ね】櫻木真乃/そらをおよぐ鳥.csv,47,2001011030230,真乃,"ふふふ……っ
気持ちいいですねっ、プロデューサーさんっ",櫻木真乃,【ソラを跳ね】櫻木真乃,そらをおよぐ鳥
櫻木真乃/【ソラを跳ね】櫻木真乃/たとえ何光年離れていたとしても.csv,4,2001011110010,真乃,……プロデューサーさん……？,櫻木真乃,【ソラを跳ね】櫻木真乃,たとえ何光年離れていたとしても
櫻木真乃/【ソラを跳ね】櫻木真乃/たとえ何光年離れていたとしても.csv,5,2001011110020,真乃,"お疲れさまです
おかえりなさいです……",櫻木真乃,【ソラを跳ね】櫻木真乃,たとえ何光年離れていたとしても
櫻木真乃/【ソラを跳ね】櫻木真乃/たとえ何光年離れていたとしても.csv,7,2001011110030,真乃,"あっ……す、すみません
今日は、お星様が綺麗だなって……",櫻木真乃,【ソラを跳ね】櫻木真乃,たとえ何光年離れていたとしても
櫻木真乃/【ソラを跳ね】櫻木真乃/たとえ何光年離れていたとしても.csv,8,2001011110040,真乃,"……その、電気を消した方が
よく見えるような気がして……",櫻木真乃,【ソラを跳ね】櫻木真乃,たとえ何光年離れていたとしても
櫻木真乃/【ソラを跳ね】櫻木真乃/たとえ何光年離れていたとしても.csv,10,2001011110050,真乃,"あのっ、勝手にすみません
すぐ電気点けますね──",櫻木真乃,【ソラを跳ね】櫻木真乃,たとえ何光年離れていたとしても
櫻木真乃/【ソラを跳ね】櫻木真乃/たとえ何光年離れていたとしても.csv,12,2001011110060,真乃,……ほわ……,櫻木真乃,【ソラを跳ね】櫻木真乃,たとえ何光年離れていたとしても
櫻木真乃/【ソラを跳ね】櫻木真乃/たとえ何光年離れていたとしても.csv,14,2001011110070,真乃,"あっ、は、はいっ
もちろんです……っ",櫻木真乃,【ソラを跳ね】櫻木真乃,たとえ何光年離れていたとしても
櫻木真乃/【ソラを跳ね】櫻木真乃/たとえ何光年離れていたとしても.csv,16,2001011110080,真乃,はい……,櫻木真乃,【ソラを跳ね】櫻木真乃,たとえ何光年離れていたとしても
櫻木真乃/【ソラを跳ね】櫻木真乃/たとえ何光年離れていたとしても.csv,18,2001011110090,真乃,……ふふ、いえ……,櫻木真乃,【ソラを跳ね】櫻木真乃,たとえ何光年離れていたとしても
櫻木真乃/【ソラを跳ね】櫻木真乃/たとえ何光年離れていたとしても.csv,19,2001011110100,真乃,とっても、綺麗な星空です……っ,櫻木真乃,【ソラを跳ね】櫻木真乃,たとえ何光年離れていたとしても
櫻木真乃/【ソラを跳ね】櫻木真乃/たとえ何光年離れていたとしても.csv,22,2001011110110,真乃,…………,櫻木真乃,【ソラを跳ね】櫻木真乃,たとえ何光年離れていたとしても
櫻木真乃/【ソラを跳ね】櫻木真乃/たとえ何光年離れていたとしても.csv,23,2001011110120,真乃,……昔、落ち込んだりしたとき,櫻木真乃,【ソラを跳ね】櫻木真乃,たとえ何光年離れていたとしても
櫻木真乃/【ソラを跳ね】櫻木真乃/たとえ何光年離れていたとしても.csv,25,2001011110130,真乃,"こうやって、星空を見上げて
元気をもらっていました……",櫻木真乃,【ソラを跳ね】櫻木真乃,たとえ何光年離れていたとしても
櫻木真乃/【ソラを跳ね】櫻木真乃/たとえ何光年離れていたとしても.csv,26,2001011110140,真乃,"お星様のまたたきを見ていると
大丈夫だよってお話をしてくれているように思えて……",櫻木真乃,【ソラを跳ね】櫻木真乃,たとえ何光年離れていたとしても
櫻木真乃/【ソラを跳ね】櫻木真乃/たとえ何光年離れていたとしても.csv,27,2001011110150,真乃,"それが心地よくて……心強くて……
私は、いつも励まされていました",櫻木真乃,【ソラを跳ね】櫻木真乃,たとえ何光年離れていたとしても
櫻木真乃/【ソラを跳ね】櫻木真乃/たとえ何光年離れていたとしても.csv,28,2001011110160,真乃,"……私も、誰かにとってそうあれたらって……
そんなアイドルになりたいって……",櫻木真乃,【ソラを跳ね】櫻木真乃,たとえ何光年離れていたとしても
櫻木真乃/【ソラを跳ね】櫻木真乃/たとえ何光年離れていたとしても.csv,29,2001011110170,真乃,そう、思います……,櫻木真乃,【ソラを跳ね】櫻木真乃,たとえ何光年離れていたとしても
櫻木真乃/【ソラを跳ね】櫻木真乃/たとえ何光年離れていたとしても.csv,31,2001011110180,真乃,"……まだまだ遠いかもしれませんけれど……
いつか、きっと……",櫻木真乃,【ソラを跳ね】櫻木真乃,たとえ何光年離れていたとしても
櫻木真乃/【ソラを跳ね】櫻木真乃/たとえ何光年離れていたとしても.csv,35,2001011110190,真乃,プロデューサーさん……,櫻木真乃,【ソラを跳ね】櫻木真乃,たとえ何光年離れていたとしても
櫻木真乃/【ソラを跳ね】櫻木真乃/たとえ何光年離れていたとしても.csv,36,2001011110200,真乃,"私も、プロデューサーさんが
一緒だと、とってもうれしいです……",櫻木真乃,【ソラを跳ね】櫻木真乃,たとえ何光年離れていたとしても
櫻木真乃/【ソラを跳ね】櫻木真乃/たとえ何光年離れていたとしても.csv,39,2001011110210,真乃,"はいっ
精一杯頑張ります……っ",櫻木真乃,【ソラを跳ね】櫻木真乃,たとえ何光年離れていたとしても
櫻木真乃/【ソラを跳ね】櫻木真乃/たとえ何光年離れていたとしても.csv,41,2001011110220,真乃,"ほわ……もうこんな時間……っ
す、すみません、付き合わせてしまって……",櫻木真乃,【ソラを跳ね】櫻木真乃,たとえ何光年離れていたとしても
櫻木真乃/【ソラを跳ね】櫻木真乃/たとえ何光年離れていたとしても.csv,44,2001011110230,真乃,"は、はいっ
荷物はまとめてあるので、すぐに行けますっ",櫻木真乃,【ソラを跳ね】櫻木真乃,たとえ何光年離れていたとしても
櫻木真乃/【ソラを跳ね】櫻木真乃/たとえ何光年離れていたとしても.csv,46,2001011110240,真乃,はい……っ,櫻木真乃,【ソラを跳ね】櫻木真乃,たとえ何光年離れていたとしても
櫻木真乃/【ソラを跳ね】櫻木真乃/ゆっくりでいい。そうきみにも.csv,3,2001011040010,真乃,"……いつも応援ありがとうございますっ
これからも、精一杯頑張りますね……っ",櫻木真乃,【ソラを跳ね】櫻木真乃,ゆっくりでいい。そうきみにも
櫻木真乃/【ソラを跳ね】櫻木真乃/ゆっくりでいい。そうきみにも.csv,8,2001011040020,真乃,……こんにちは……っ,櫻木真乃,【ソラを跳ね】櫻木真乃,ゆっくりでいい。そうきみにも
櫻木真乃/【ソラを跳ね】櫻木真乃/ゆっくりでいい。そうきみにも.csv,10,2001011040030,真乃,"ほわぁ……
とってもうれしいですっ",櫻木真乃,【ソラを跳ね】櫻木真乃,ゆっくりでいい。そうきみにも
櫻木真乃/【ソラを跳ね】櫻木真乃/ゆっくりでいい。そうきみにも.csv,11,2001011040040,真乃,"初めまして
今日は、来てくれてありがとうございますっ",櫻木真乃,【ソラを跳ね】櫻木真乃,ゆっくりでいい。そうきみにも
櫻木真乃/【ソラを跳ね】櫻木真乃/ゆっくりでいい。そうきみにも.csv,17,2001011040050,真乃,"いえ、全然……
お気になさらないでください",櫻木真乃,【ソラを跳ね】櫻木真乃,ゆっくりでいい。そうきみにも
櫻木真乃/【ソラを跳ね】櫻木真乃/ゆっくりでいい。そうきみにも.csv,18,2001011040060,真乃,……こういう時、なんだかあわてちゃうよね,櫻木真乃,【ソラを跳ね】櫻木真乃,ゆっくりでいい。そうきみにも
櫻木真乃/【ソラを跳ね】櫻木真乃/ゆっくりでいい。そうきみにも.csv,19,2001011040070,真乃,"あのね、でも大丈夫……
ゆっくりちょっとずつでも、お話しできたらうれしいな",櫻木真乃,【ソラを跳ね】櫻木真乃,ゆっくりでいい。そうきみにも
櫻木真乃/【ソラを跳ね】櫻木真乃/ゆっくりでいい。そうきみにも.csv,22,2001011040080,真乃,……うん,櫻木真乃,【ソラを跳ね】櫻木真乃,ゆっくりでいい。そうきみにも
櫻木真乃/【ソラを跳ね】櫻木真乃/ゆっくりでいい。そうきみにも.csv,26,2001011040090,真乃,うん、うん……,櫻木真乃,【ソラを跳ね】櫻木真乃,ゆっくりでいい。そうきみにも
櫻木真乃/【ソラを跳ね】櫻木真乃/ゆっくりでいい。そうきみにも.csv,28,2001011040100,真乃,"……ありがとう……っ
とっても、うれしいな……っ",櫻木真乃,【ソラを跳ね】櫻木真乃,ゆっくりでいい。そうきみにも
櫻木真乃/【ソラを跳ね】櫻木真乃/ゆっくりでいい。そうきみにも.csv,30,2001011040110,真乃,"うんっ
待ってるからね……っ",櫻木真乃,【ソラを跳ね】櫻木真乃,ゆっくりでいい。そうきみにも
櫻木真乃/【ソラを跳ね】櫻木真乃/ゆっくりでいい。そうきみにも.csv,33,2001011040120,真乃,……それなら、よかったです,櫻木真乃,【ソラを跳ね】櫻木真乃,ゆっくりでいい。そうきみにも
櫻木真乃/【ソラを跳ね】櫻木真乃/ゆっくりでいい。そうきみにも.csv,34,2001011040130,真乃,"……うまく言葉がでないって……私も……
なんとなく、気持ちがわかるような気がして……",櫻木真乃,【ソラを跳ね】櫻木真乃,ゆっくりでいい。そうきみにも
櫻木真乃/【ソラを跳ね】櫻木真乃/ゆっくりでいい。そうきみにも.csv,35,2001011040140,真乃,大丈夫だよって、ゆっくりでいいんだよって……,櫻木真乃,【ソラを跳ね】櫻木真乃,ゆっくりでいい。そうきみにも
櫻木真乃/【ソラを跳ね】櫻木真乃/ゆっくりでいい。そうきみにも.csv,36,2001011040150,真乃,"……いつも私がみなさんにしてもらっているみたいに
お話を聞くことができたらって……",櫻木真乃,【ソラを跳ね】櫻木真乃,ゆっくりでいい。そうきみにも
櫻木真乃/【ソラを跳ね】櫻木真乃/ゆっくりでいい。そうきみにも.csv,38,2001011040160,真乃,"……でも、私の勝手な行動で
進行を遅らせてしまって……",櫻木真乃,【ソラを跳ね】櫻木真乃,ゆっくりでいい。そうきみにも
櫻木真乃/【ソラを跳ね】櫻木真乃/ゆっくりでいい。そうきみにも.csv,39,2001011040170,真乃,色んな人にご迷惑をおかけしてしまいました……,櫻木真乃,【ソラを跳ね】櫻木真乃,ゆっくりでいい。そうきみにも
櫻木真乃/【ソラを跳ね】櫻木真乃/ゆっくりでいい。そうきみにも.csv,44,2001011040180,真乃,そう、でしょうか……,櫻木真乃,【ソラを跳ね】櫻木真乃,ゆっくりでいい。そうきみにも
櫻木真乃/【ソラを跳ね】櫻木真乃/ゆっくりでいい。そうきみにも.csv,48,2001011040190,真乃,ほわ……,櫻木真乃,【ソラを跳ね】櫻木真乃,ゆっくりでいい。そうきみにも
櫻木真乃/【ソラを跳ね】櫻木真乃/ゆっくりでいい。そうきみにも.csv,51,2001011040200,真乃,"プロデューサーさん……
……ありがとうございます",櫻木真乃,【ソラを跳ね】櫻木真乃,ゆっくりでいい。そうきみにも
櫻木真乃/【ソラを跳ね】櫻木真乃/ゆっくりでいい。そうきみにも.csv,52,2001011040210,真乃,"……プロデューサーさんの言葉は
いつも私をぽかぽかにしてくれます……",櫻木真乃,【ソラを跳ね】櫻木真乃,ゆっくりでいい。そうきみにも
櫻木真乃/【ソラを跳ね】櫻木真乃/ゆっくりでいい。そうきみにも.csv,54,2001011040220,真乃,そ、そうだったんですか……,櫻木真乃,【ソラを跳ね】櫻木真乃,ゆっくりでいい。そうきみにも
櫻木真乃/【ソラを跳ね】櫻木真乃/ゆっくりでいい。そうきみにも.csv,56,2001011040230,真乃,ほわ……,櫻木真乃,【ソラを跳ね】櫻木真乃,ゆっくりでいい。そうきみにも
櫻木真乃/【ソラを跳ね】櫻木真乃/ゆっくりでいい。そうきみにも.csv,59,2001011040240,真乃,"……は、はいっ
……ありがとうございます……っ",櫻木真乃,【ソラを跳ね】櫻木真乃,ゆっくりでいい。そうきみにも
櫻木真乃/【ソラを跳ね】櫻木真乃/ゆっくりでいい。そうきみにも.csv,60,2001011040250,真乃,私が、あの女の子だったら……,櫻木真乃,【ソラを跳ね】櫻木真乃,ゆっくりでいい。そうきみにも
櫻木真乃/【ソラを跳ね】櫻木真乃/ゆっくりでいい。そうきみにも.csv,62,2001011040260,真乃,……きっと、うれしかったと思います,櫻木真乃,【ソラを跳ね】櫻木真乃,ゆっくりでいい。そうきみにも
櫻木真乃/【ソラを跳ね】櫻木真乃/ゆっくりでいい。そうきみにも.csv,64,2001011040270,真乃,ほわ……そ、そうだといいんですけれど……,櫻木真乃,【ソラを跳ね】櫻木真乃,ゆっくりでいい。そうきみにも
櫻木真乃/【ソラを跳ね】櫻木真乃/ゆっくりでいい。そうきみにも.csv,66,2001011040280,真乃,"プロデューサーさん……
……ありがとうございます",櫻木真乃,【ソラを跳ね】櫻木真乃,ゆっくりでいい。そうきみにも
櫻木真乃/【ソラを跳ね】櫻木真乃/ゆっくりでいい。そうきみにも.csv,67,2001011040290,真乃,……少しだけ、自分に胸が張れそうです……,櫻木真乃,【ソラを跳ね】櫻木真乃,ゆっくりでいい。そうきみにも
櫻木真乃/【トリプルイルミネーション】櫻木真乃/始まりのステップ.csv,3,3001004010020,真乃,"わぁ、良かった……
今の動き、忘れないようにしなくちゃ",櫻木真乃,【トリプルイルミネーション】櫻木真乃,始まりのステップ
櫻木真乃/【トリプルイルミネーション】櫻木真乃/始まりのステップ.csv,5,3001004010040,真乃,めぐるちゃん、なんだか嬉しそうだねっ,櫻木真乃,【トリプルイルミネーション】櫻木真乃,始まりのステップ
櫻木真乃/【トリプルイルミネーション】櫻木真乃/始まりのステップ.csv,11,3001004010100,真乃,ほわぁ,櫻木真乃,【トリプルイルミネーション】櫻木真乃,始まりのステップ
櫻木真乃/【トリプルイルミネーション】櫻木真乃/始まりのステップ.csv,15,3001004010140,真乃,ふふ……,櫻木真乃,【トリプルイルミネーション】櫻木真乃,始まりのステップ
櫻木真乃/【トリプルイルミネーション】櫻木真乃/始まりのステップ.csv,18,3001004010170,真乃,"ふふ……こうしてレッスンしたり、お話したり、
ふたりと一緒にいられるのが嬉しいなって思って",櫻木真乃,【トリプルイルミネーション】櫻木真乃,始まりのステップ
櫻木真乃/【トリプルイルミネーション】櫻木真乃/始まりのステップ.csv,19,3001004010180,真乃,"今みたいに、灯織ちゃんとめぐるちゃんの
息がぴったりなところを見るのも、すごく嬉しい",櫻木真乃,【トリプルイルミネーション】櫻木真乃,始まりのステップ
櫻木真乃/【トリプルイルミネーション】櫻木真乃/始まりのステップ.csv,22,3001004010210,真乃,ふふっ,櫻木真乃,【トリプルイルミネーション】櫻木真乃,始まりのステップ
櫻木真乃/【トリプルイルミネーション】櫻木真乃/始まりのステップ.csv,23,3001004010220,真乃,（……このふたりと一緒で本当によかった）,櫻木真乃,【トリプルイルミネーション】櫻木真乃,始まりのステップ
櫻木真乃/【トリプルイルミネーション】櫻木真乃/始まりのステップ.csv,24,3001004010230,真乃,（これまで、いろいろなことがあったな……）,櫻木真乃,【トリプルイルミネーション】櫻木真乃,始まりのステップ
櫻木真乃/【トリプルイルミネーション】櫻木真乃/始まりのステップ.csv,26,3001004010240,真乃,あっ、また……,櫻木真乃,【トリプルイルミネーション】櫻木真乃,始まりのステップ
櫻木真乃/【トリプルイルミネーション】櫻木真乃/始まりのステップ.csv,28,3001004010260,真乃,う、うん！　……あっ,櫻木真乃,【トリプルイルミネーション】櫻木真乃,始まりのステップ
櫻木真乃/【トリプルイルミネーション】櫻木真乃/始まりのステップ.csv,29,3001004010270,真乃,ふたりとも、ごめんなさい……！,櫻木真乃,【トリプルイルミネーション】櫻木真乃,始まりのステップ
櫻木真乃/【トリプルイルミネーション】櫻木真乃/始まりのステップ.csv,30,3001004010280,真乃,"（わ、私またステップ間違えちゃった……
せっかくふたりがアドバイスしてくれたのに……）",櫻木真乃,【トリプルイルミネーション】櫻木真乃,始まりのステップ
櫻木真乃/【トリプルイルミネーション】櫻木真乃/始まりのステップ.csv,34,3001004010320,真乃,ありがとう、めぐるちゃん……,櫻木真乃,【トリプルイルミネーション】櫻木真乃,始まりのステップ
櫻木真乃/【トリプルイルミネーション】櫻木真乃/始まりのステップ.csv,37,3001004010350,真乃,あの、灯織ちゃん、でも……！,櫻木真乃,【トリプルイルミネーション】櫻木真乃,始まりのステップ
櫻木真乃/【トリプルイルミネーション】櫻木真乃/始まりのステップ.csv,39,3001004010370,真乃,"（私がいつまでもできないでいるから……
灯織ちゃんとめぐるちゃんに迷惑かけちゃってる……）",櫻木真乃,【トリプルイルミネーション】櫻木真乃,始まりのステップ
櫻木真乃/【トリプルイルミネーション】櫻木真乃/始まりのステップ.csv,41,3001004010390,真乃,"ごめんなさい……
私が間違ってばっかりで……",櫻木真乃,【トリプルイルミネーション】櫻木真乃,始まりのステップ
櫻木真乃/【トリプルイルミネーション】櫻木真乃/始まりのステップ.csv,43,3001004010410,真乃,"……本当に、ごめんね
次のレッスンまでに、ダメだったところ、直してくるね",櫻木真乃,【トリプルイルミネーション】櫻木真乃,始まりのステップ
櫻木真乃/【トリプルイルミネーション】櫻木真乃/始まりのステップ.csv,44,3001004010420,真乃,（帰ったら、振りつけをちゃんと見直さなきゃ……）,櫻木真乃,【トリプルイルミネーション】櫻木真乃,始まりのステップ
櫻木真乃/【トリプルイルミネーション】櫻木真乃/始まりのステップ.csv,46,3001004010440,真乃,あ……う、うん,櫻木真乃,【トリプルイルミネーション】櫻木真乃,始まりのステップ
櫻木真乃/【トリプルイルミネーション】櫻木真乃/始まりのステップ.csv,48,3001004010460,真乃,そうだね……,櫻木真乃,【トリプルイルミネーション】櫻木真乃,始まりのステップ
櫻木真乃/【トリプルイルミネーション】櫻木真乃/始まりのステップ.csv,50,3001004010480,真乃,え……？,櫻木真乃,【トリプルイルミネーション】櫻木真乃,始まりのステップ
櫻木真乃/【トリプルイルミネーション】櫻木真乃/始まりのステップ.csv,53,3001004010510,真乃,"ほわぁ……
うん、一緒に行けたら嬉しいな",櫻木真乃,【トリプルイルミネーション】櫻木真乃,始まりのステップ
櫻木真乃/【トリプルイルミネーション】櫻木真乃/始まりのステップ.csv,55,3001004010530,真乃,"ほわっ
…………",櫻木真乃,【トリプルイルミネーション】櫻木真乃,始まりのステップ
櫻木真乃/【トリプルイルミネーション】櫻木真乃/始まりのステップ.csv,56,3001004010540,真乃,あ、……あの、めぐるちゃん……,櫻木真乃,【トリプルイルミネーション】櫻木真乃,始まりのステップ
櫻木真乃/【トリプルイルミネーション】櫻木真乃/始まりのステップ.csv,57,3001004010550,真乃,"今日のレッスン……いろいろ教えてくれたのに
迷惑かけちゃって……本当に、ごめんねっ",櫻木真乃,【トリプルイルミネーション】櫻木真乃,始まりのステップ
櫻木真乃/【トリプルイルミネーション】櫻木真乃/始まりのステップ.csv,60,3001004010580,真乃,……ありがとう、めぐるちゃん,櫻木真乃,【トリプルイルミネーション】櫻木真乃,始まりのステップ
櫻木真乃/【トリプルイルミネーション】櫻木真乃/始まりのステップ.csv,61,3001004010590,真乃,"でも……灯織ちゃんやめぐるちゃんの方が
ずっと頑張ってるって、わかってるの",櫻木真乃,【トリプルイルミネーション】櫻木真乃,始まりのステップ
櫻木真乃/【トリプルイルミネーション】櫻木真乃/始まりのステップ.csv,62,3001004010600,真乃,"だから私も、もっともっと頑張って
ふたりに追いつかなくちゃ……！",櫻木真乃,【トリプルイルミネーション】櫻木真乃,始まりのステップ
櫻木真乃/【トリプルイルミネーション】櫻木真乃/始まりのステップ.csv,64,3001004010620,真乃,"それでね……あの……
めぐるちゃんに、お願いがあって……",櫻木真乃,【トリプルイルミネーション】櫻木真乃,始まりのステップ
櫻木真乃/【トリプルイルミネーション】櫻木真乃/始まりのステップ.csv,65,3001004010630,真乃,"良かったら、
自主レッスンに付き合ってもらってもいい……？",櫻木真乃,【トリプルイルミネーション】櫻木真乃,始まりのステップ
櫻木真乃/【トリプルイルミネーション】櫻木真乃/始まりのステップ.csv,67,3001004010650,真乃,"──良かった……
ありがとう、めぐるちゃん",櫻木真乃,【トリプルイルミネーション】櫻木真乃,始まりのステップ
櫻木真乃/【トリプルイルミネーション】櫻木真乃/始まりのステップ.csv,69,3001004010670,真乃,"うんっ、大丈夫だよ
……あ、でもレッスン場って使えるのかな？",櫻木真乃,【トリプルイルミネーション】櫻木真乃,始まりのステップ
櫻木真乃/【トリプルイルミネーション】櫻木真乃/始まりのステップ.csv,71,3001004010690,真乃,"（こんなに、いろんな人に助けてもらってるんだもん
……デビューライブ、絶対に成功させなくちゃ）",櫻木真乃,【トリプルイルミネーション】櫻木真乃,始まりのステップ
櫻木真乃/【トリプルイルミネーション】櫻木真乃/始まりのステップ.csv,72,3001004010700,真乃,頑張るぞっ……むんっ,櫻木真乃,【トリプルイルミネーション】櫻木真乃,始まりのステップ
櫻木真乃/【トリプルイルミネーション】櫻木真乃/特訓の成果.csv,2,3001004020010,真乃,めぐるちゃん、特訓に付き合ってくれてありがとう,櫻木真乃,【トリプルイルミネーション】櫻木真乃,特訓の成果
櫻木真乃/【トリプルイルミネーション】櫻木真乃/特訓の成果.csv,5,3001004020040,真乃,えっとね、まだ振りつけに自信がなくて……,櫻木真乃,【トリプルイルミネーション】櫻木真乃,特訓の成果
櫻木真乃/【トリプルイルミネーション】櫻木真乃/特訓の成果.csv,6,3001004020050,真乃,"昨日、ふたりがアドバイスしてくれたところ、
ちゃんと踊れるようになりたいって思ってるの",櫻木真乃,【トリプルイルミネーション】櫻木真乃,特訓の成果
櫻木真乃/【トリプルイルミネーション】櫻木真乃/特訓の成果.csv,8,3001004020070,真乃,うんっ。私、踊ってみるから、見ててもらってもいい？,櫻木真乃,【トリプルイルミネーション】櫻木真乃,特訓の成果
櫻木真乃/【トリプルイルミネーション】櫻木真乃/特訓の成果.csv,9,3001004020080,真乃,"ワン、ツー、スリー、フォー
ワン、ツー、スリー、フォー",櫻木真乃,【トリプルイルミネーション】櫻木真乃,特訓の成果
櫻木真乃/【トリプルイルミネーション】櫻木真乃/特訓の成果.csv,10,3001004020090,真乃,"……はぁ、はぁ……
ど、どうだった、かな？",櫻木真乃,【トリプルイルミネーション】櫻木真乃,特訓の成果
櫻木真乃/【トリプルイルミネーション】櫻木真乃/特訓の成果.csv,13,3001004020120,真乃,"そ、そっか……立て直さなきゃって思うと
どんどん焦っちゃうの……",櫻木真乃,【トリプルイルミネーション】櫻木真乃,特訓の成果
櫻木真乃/【トリプルイルミネーション】櫻木真乃/特訓の成果.csv,15,3001004020140,真乃,"えっ、……うん、そうかもしれない
私、ちゃんとできないと、ふたりに迷惑かけちゃうし……",櫻木真乃,【トリプルイルミネーション】櫻木真乃,特訓の成果
櫻木真乃/【トリプルイルミネーション】櫻木真乃/特訓の成果.csv,17,3001004020160,真乃,──！　で、でも……,櫻木真乃,【トリプルイルミネーション】櫻木真乃,特訓の成果
櫻木真乃/【トリプルイルミネーション】櫻木真乃/特訓の成果.csv,20,3001004020190,真乃,そう……なの？,櫻木真乃,【トリプルイルミネーション】櫻木真乃,特訓の成果
櫻木真乃/【トリプルイルミネーション】櫻木真乃/特訓の成果.csv,26,3001004020250,真乃,……そっか、そうだよねっ,櫻木真乃,【トリプルイルミネーション】櫻木真乃,特訓の成果
櫻木真乃/【トリプルイルミネーション】櫻木真乃/特訓の成果.csv,27,3001004020260,真乃,"間違いを怖がってるだけだったら、
いつまでも上手くならないよね",櫻木真乃,【トリプルイルミネーション】櫻木真乃,特訓の成果
櫻木真乃/【トリプルイルミネーション】櫻木真乃/特訓の成果.csv,29,3001004020280,真乃,"……ありがとう、めぐるちゃん
もう一回やってみるから、見ててねっ",櫻木真乃,【トリプルイルミネーション】櫻木真乃,特訓の成果
櫻木真乃/【トリプルイルミネーション】櫻木真乃/特訓の成果.csv,30,3001004020290,真乃,"今日はありがとう、めぐるちゃん
遅くまで付き合ってくれて",櫻木真乃,【トリプルイルミネーション】櫻木真乃,特訓の成果
櫻木真乃/【トリプルイルミネーション】櫻木真乃/特訓の成果.csv,32,3001004020310,真乃,え？　私は何も……,櫻木真乃,【トリプルイルミネーション】櫻木真乃,特訓の成果
櫻木真乃/【トリプルイルミネーション】櫻木真乃/特訓の成果.csv,35,3001004020340,真乃,"そうなんだ……めぐるちゃんのダンス、
完璧だと思ってたから、わからなかったよ",櫻木真乃,【トリプルイルミネーション】櫻木真乃,特訓の成果
櫻木真乃/【トリプルイルミネーション】櫻木真乃/特訓の成果.csv,37,3001004020360,真乃,私も、早くふたりに追いつけるように、頑張るねっ,櫻木真乃,【トリプルイルミネーション】櫻木真乃,特訓の成果
櫻木真乃/【トリプルイルミネーション】櫻木真乃/特訓の成果.csv,38,3001004020370,真乃,"あっ……
はぁ、はぁ──っ、ごめんねっ、また私……",櫻木真乃,【トリプルイルミネーション】櫻木真乃,特訓の成果
櫻木真乃/【トリプルイルミネーション】櫻木真乃/特訓の成果.csv,40,3001004020390,真乃,ほわぁ……あ、ありがとうっ,櫻木真乃,【トリプルイルミネーション】櫻木真乃,特訓の成果
櫻木真乃/【トリプルイルミネーション】櫻木真乃/特訓の成果.csv,41,3001004020400,真乃,"めぐるちゃんが特訓に付き合ってくれるおかげっ
自分でも最初の頃よりは、できるようになってきたって思う",櫻木真乃,【トリプルイルミネーション】櫻木真乃,特訓の成果
櫻木真乃/【トリプルイルミネーション】櫻木真乃/特訓の成果.csv,42,3001004020410,真乃,"まだまだ足がもつれちゃうけど、頑張りたいっ
最後のところ、できるまでやってみてもいいかな……？",櫻木真乃,【トリプルイルミネーション】櫻木真乃,特訓の成果
櫻木真乃/【トリプルイルミネーション】櫻木真乃/特訓の成果.csv,44,3001004020421,真乃＆めぐる,"ワン、ツー、スリー、フォー
ワン、ツー、スリー、フォー",櫻木真乃,【トリプルイルミネーション】櫻木真乃,特訓の成果
櫻木真乃/【トリプルイルミネーション】櫻木真乃/特訓の成果.csv,46,3001004020440,真乃,……はぁ、はぁ……どう、かな？,櫻木真乃,【トリプルイルミネーション】櫻木真乃,特訓の成果
櫻木真乃/【トリプルイルミネーション】櫻木真乃/特訓の成果.csv,48,3001004020460,真乃,"ほわっ、め、めぐるちゃんっ
私、汗かいてるから、くっつかないほうが……！",櫻木真乃,【トリプルイルミネーション】櫻木真乃,特訓の成果
櫻木真乃/【トリプルイルミネーション】櫻木真乃/特訓の成果.csv,50,3001004020480,真乃,めぐるちゃんのおかげだよっ,櫻木真乃,【トリプルイルミネーション】櫻木真乃,特訓の成果
櫻木真乃/【トリプルイルミネーション】櫻木真乃/特訓の成果.csv,51,3001004020490,真乃,"（それに、灯織ちゃんの真剣なアドバイスがあったから
一歩進んでこれた……今度会ったらお礼を言わなくちゃ）",櫻木真乃,【トリプルイルミネーション】櫻木真乃,特訓の成果
櫻木真乃/【トリプルイルミネーション】櫻木真乃/特訓の成果.csv,52,3001004020500,真乃,（……これからも、３人で頑張りたいな）,櫻木真乃,【トリプルイルミネーション】櫻木真乃,特訓の成果
櫻木真乃/【トリプルイルミネーション】櫻木真乃/特訓の成果.csv,54,3001004020520,真乃,あ、じゃあ、何か飲み物買ってくるね,櫻木真乃,【トリプルイルミネーション】櫻木真乃,特訓の成果
櫻木真乃/【トリプルイルミネーション】櫻木真乃/特訓の成果.csv,56,3001004020540,真乃,"お礼、させてほしいんだっ
待ってて、めぐるちゃん",櫻木真乃,【トリプルイルミネーション】櫻木真乃,特訓の成果
櫻木真乃/【トリプルイルミネーション】櫻木真乃/輝き始めた３人.csv,2,3001004030010,真乃,あ、おはよう灯織ちゃんっ,櫻木真乃,【トリプルイルミネーション】櫻木真乃,輝き始めた３人
櫻木真乃/【トリプルイルミネーション】櫻木真乃/輝き始めた３人.csv,7,3001004030060,真乃,ううんっ、気にしないで,櫻木真乃,【トリプルイルミネーション】櫻木真乃,輝き始めた３人
櫻木真乃/【トリプルイルミネーション】櫻木真乃/輝き始めた３人.csv,10,3001004030090,真乃,"ふふ、今日からまた灯織ちゃんと一緒にレッスンできるの
嬉しいな。頑張ろうねっ",櫻木真乃,【トリプルイルミネーション】櫻木真乃,輝き始めた３人
櫻木真乃/【トリプルイルミネーション】櫻木真乃/輝き始めた３人.csv,14,3001004030130,真乃,"え？　あっ
私、間違えちゃったかな……？",櫻木真乃,【トリプルイルミネーション】櫻木真乃,輝き始めた３人
櫻木真乃/【トリプルイルミネーション】櫻木真乃/輝き始めた３人.csv,17,3001004030160,真乃,"センターに来るところ……あ、あのっ
えっとねっ、私は、その……",櫻木真乃,【トリプルイルミネーション】櫻木真乃,輝き始めた３人
櫻木真乃/【トリプルイルミネーション】櫻木真乃/輝き始めた３人.csv,19,3001004030180,真乃,"う、うん……
ふぅ……えっとね……私は、",櫻木真乃,【トリプルイルミネーション】櫻木真乃,輝き始めた３人
櫻木真乃/【トリプルイルミネーション】櫻木真乃/輝き始めた３人.csv,20,3001004030190,真乃,"前まで、動きがちっちゃくなりがちだったから
大きく見せたいなって思ってるの",櫻木真乃,【トリプルイルミネーション】櫻木真乃,輝き始めた３人
櫻木真乃/【トリプルイルミネーション】櫻木真乃/輝き始めた３人.csv,21,3001004030200,真乃,鳥さんが、空に羽ばたくような感じがいいかなって……,櫻木真乃,【トリプルイルミネーション】櫻木真乃,輝き始めた３人
櫻木真乃/【トリプルイルミネーション】櫻木真乃/輝き始めた３人.csv,27,3001004030260,真乃,"鳥さんが、大空に向かって
力強く羽ばたく感じ、かな",櫻木真乃,【トリプルイルミネーション】櫻木真乃,輝き始めた３人
櫻木真乃/【トリプルイルミネーション】櫻木真乃/輝き始めた３人.csv,30,3001004030290,真乃,うんっ、灯織ちゃんめぐるちゃんありがとう,櫻木真乃,【トリプルイルミネーション】櫻木真乃,輝き始めた３人
櫻木真乃/【トリプルイルミネーション】櫻木真乃/輝き始めた３人.csv,31,3001004030300,真乃,じゃあ、いくねっ,櫻木真乃,【トリプルイルミネーション】櫻木真乃,輝き始めた３人
櫻木真乃/【トリプルイルミネーション】櫻木真乃/輝き始めた３人.csv,32,3001004030310,真乃,"ワン、ツー、スリー、フォー
ワン、ツー、スリー、フォー",櫻木真乃,【トリプルイルミネーション】櫻木真乃,輝き始めた３人
櫻木真乃/【トリプルイルミネーション】櫻木真乃/輝き始めた３人.csv,33,3001004030320,真乃,……今の感じで、どうかな？,櫻木真乃,【トリプルイルミネーション】櫻木真乃,輝き始めた３人
櫻木真乃/【トリプルイルミネーション】櫻木真乃/輝き始めた３人.csv,36,3001004030350,真乃,良かった……,櫻木真乃,【トリプルイルミネーション】櫻木真乃,輝き始めた３人
櫻木真乃/【トリプルイルミネーション】櫻木真乃/輝き始めた３人.csv,37,3001004030360,真乃,"みんなの動きがぴったりで、
３人の気持ち、ひとつになったみたい……！",櫻木真乃,【トリプルイルミネーション】櫻木真乃,輝き始めた３人
櫻木真乃/【トリプルイルミネーション】櫻木真乃/輝き始めた３人.csv,42,3001004030410,真乃,"ふふ……
やっぱり、３人一緒がいいね",櫻木真乃,【トリプルイルミネーション】櫻木真乃,輝き始めた３人
櫻木真乃/【トリプルイルミネーション】櫻木真乃/輝き始めた３人.csv,45,3001004030440,真乃,"……デビューライブまで、もうすぐだね、
このまま、頑張っていきたいなっ",櫻木真乃,【トリプルイルミネーション】櫻木真乃,輝き始めた３人
櫻木真乃/【トリプルイルミネーション】櫻木真乃/３人で、手をつないで.csv,2,3001004040010,真乃,"あっ、もうこんな時間……
レッスン終わるの、早く感じるね",櫻木真乃,【トリプルイルミネーション】櫻木真乃,３人で、手をつないで
櫻木真乃/【トリプルイルミネーション】櫻木真乃/３人で、手をつないで.csv,11,3001004040100,真乃,ありがとう、めぐるちゃん,櫻木真乃,【トリプルイルミネーション】櫻木真乃,３人で、手をつないで
櫻木真乃/【トリプルイルミネーション】櫻木真乃/３人で、手をつないで.csv,12,3001004040110,真乃,"ふふ……めぐるちゃん、いつも元気いっぱいだね
一緒にいると明るい気持ちにしてくれて、すごいなっ",櫻木真乃,【トリプルイルミネーション】櫻木真乃,３人で、手をつないで
櫻木真乃/【トリプルイルミネーション】櫻木真乃/３人で、手をつないで.csv,14,3001004040121,真乃＆灯織,…………ふふ,櫻木真乃,【トリプルイルミネーション】櫻木真乃,３人で、手をつないで
櫻木真乃/【トリプルイルミネーション】櫻木真乃/３人で、手をつないで.csv,15,3001004040130,真乃,"……あのね、灯織ちゃん
その、お礼を言わせてほしいの",櫻木真乃,【トリプルイルミネーション】櫻木真乃,３人で、手をつないで
櫻木真乃/【トリプルイルミネーション】櫻木真乃/３人で、手をつないで.csv,17,3001004040150,真乃,"最初の頃、レッスンで私が上手く踊れなかったとき
灯織ちゃん、真剣にアドバイスしてくれたから",櫻木真乃,【トリプルイルミネーション】櫻木真乃,３人で、手をつないで
櫻木真乃/【トリプルイルミネーション】櫻木真乃/３人で、手をつないで.csv,19,3001004040170,真乃,そ、そんな……そんなことないよっ,櫻木真乃,【トリプルイルミネーション】櫻木真乃,３人で、手をつないで
櫻木真乃/【トリプルイルミネーション】櫻木真乃/３人で、手をつないで.csv,20,3001004040180,真乃,"灯織ちゃんが、まっすぐに伝えてくれたから、
私、もっと頑張りたいって、変わりたいって思ったの",櫻木真乃,【トリプルイルミネーション】櫻木真乃,３人で、手をつないで
櫻木真乃/【トリプルイルミネーション】櫻木真乃/３人で、手をつないで.csv,21,3001004040190,真乃,"……だからね、
灯織ちゃん、本当にありがとうっ",櫻木真乃,【トリプルイルミネーション】櫻木真乃,３人で、手をつないで
櫻木真乃/【トリプルイルミネーション】櫻木真乃/３人で、手をつないで.csv,26,3001004040240,真乃,"──っ！　……灯織ちゃん
……私たち、これからも一緒に変わっていけるといいな",櫻木真乃,【トリプルイルミネーション】櫻木真乃,３人で、手をつないで
櫻木真乃/【トリプルイルミネーション】櫻木真乃/３人で、手をつないで.csv,28,3001004040260,真乃,"うん、めぐるちゃんもっ
ふふっ",櫻木真乃,【トリプルイルミネーション】櫻木真乃,３人で、手をつないで
櫻木真乃/【トリプルイルミネーション】櫻木真乃/３人で、手をつないで.csv,29,3001004040270,真乃,……でも、変わらないものも、きっとあって,櫻木真乃,【トリプルイルミネーション】櫻木真乃,３人で、手をつないで
櫻木真乃/【トリプルイルミネーション】櫻木真乃/３人で、手をつないで.csv,30,3001004040280,真乃,私は、それも大切にしていきたいなって思うんだっ,櫻木真乃,【トリプルイルミネーション】櫻木真乃,３人で、手をつないで
櫻木真乃/【トリプルイルミネーション】櫻木真乃/３人で、手をつないで.csv,35,3001004040330,真乃,"あ……えっと、
ご、ごめんね、めぐるちゃん",櫻木真乃,【トリプルイルミネーション】櫻木真乃,３人で、手をつないで
櫻木真乃/【トリプルイルミネーション】櫻木真乃/３人で、手をつないで.csv,37,3001004040350,真乃,め、めぐるちゃん、落ち着いて……,櫻木真乃,【トリプルイルミネーション】櫻木真乃,３人で、手をつないで
櫻木真乃/【トリプルイルミネーション】櫻木真乃/３人で、手をつないで.csv,47,3001004040450,真乃,私も、やってみたいっ,櫻木真乃,【トリプルイルミネーション】櫻木真乃,３人で、手をつないで
櫻木真乃/【トリプルイルミネーション】櫻木真乃/３人で、手をつないで.csv,53,3001004040510,真乃,ほわぁ……,櫻木真乃,【トリプルイルミネーション】櫻木真乃,３人で、手をつないで
櫻木真乃/【トリプルイルミネーション】櫻木真乃/３人で、手をつないで.csv,56,3001004040540,真乃,えっ、わ、私？,櫻木真乃,【トリプルイルミネーション】櫻木真乃,３人で、手をつないで
櫻木真乃/【トリプルイルミネーション】櫻木真乃/３人で、手をつないで.csv,57,3001004040550,真乃,えっと、イルミネーションだから……輝き……,櫻木真乃,【トリプルイルミネーション】櫻木真乃,３人で、手をつないで
櫻木真乃/【トリプルイルミネーション】櫻木真乃/３人で、手をつないで.csv,58,3001004040560,真乃,輝きを……みんなに届けよう……とか,櫻木真乃,【トリプルイルミネーション】櫻木真乃,３人で、手をつないで
櫻木真乃/【トリプルイルミネーション】櫻木真乃/３人で、手をつないで.csv,61,3001004040590,真乃,うん……それじゃ、いくね……！,櫻木真乃,【トリプルイルミネーション】櫻木真乃,３人で、手をつないで
櫻木真乃/【トリプルイルミネーション】櫻木真乃/３人で、手をつないで.csv,62,3001004040600,真乃,輝きを、みんなに届けよう！,櫻木真乃,【トリプルイルミネーション】櫻木真乃,３人で、手をつないで
櫻木真乃/【トリプルイルミネーション】櫻木真乃/３人で、手をつないで.csv,66,3001004040620,真乃,ほわっ……ライブの前……みたいだった……！,櫻木真乃,【トリプルイルミネーション】櫻木真乃,３人で、手をつないで
櫻木真乃/【トリプルイルミネーション】櫻木真乃/３人で、手をつないで.csv,69,3001004040650,真乃,うん！,櫻木真乃,【トリプルイルミネーション】櫻木真乃,３人で、手をつないで
櫻木真乃/【トリプルイルミネーション】櫻木真乃/３人で、手をつないで.csv,70,3001004040660,真乃,"（私……灯織ちゃんやめぐるちゃんと一緒なら
デビューライブも怖くないっ）",櫻木真乃,【トリプルイルミネーション】櫻木真乃,３人で、手をつないで
櫻木真乃/【トリプルイルミネーション】櫻木真乃/３人で、手をつないで.csv,71,3001004040670,真乃,（ふたりと一緒に、絶対成功させたいっ）,櫻木真乃,【トリプルイルミネーション】櫻木真乃,３人で、手をつないで
櫻木真乃/【トリプルイルミネーション】櫻木真乃/３人で、手をつないで.csv,72,3001004040680,真乃,むんっ！,櫻木真乃,【トリプルイルミネーション】櫻木真乃,３人で、手をつないで
櫻木真乃/【ナチュラルモード】櫻木真乃/ショッピング日和.csv,2,2001003010010,真乃,今日はいいお天気ですね、プロデューサーさん,櫻木真乃,【ナチュラルモード】櫻木真乃,ショッピング日和
櫻木真乃/【ナチュラルモード】櫻木真乃/ショッピング日和.csv,5,2001003010020,真乃,"はいっ。こうやってお散歩しながら、
いろんなお店を見てまわって──",櫻木真乃,【ナチュラルモード】櫻木真乃,ショッピング日和
櫻木真乃/【ナチュラルモード】櫻木真乃/ショッピング日和.csv,6,2001003010030,真乃,"可愛い雑貨屋さんはそこにいるだけで
ほわぁってなりますっ",櫻木真乃,【ナチュラルモード】櫻木真乃,ショッピング日和
櫻木真乃/【ナチュラルモード】櫻木真乃/ショッピング日和.csv,7,2001003010040,真乃,……あっ,櫻木真乃,【ナチュラルモード】櫻木真乃,ショッピング日和
櫻木真乃/【ナチュラルモード】櫻木真乃/ショッピング日和.csv,10,2001003010050,真乃,"いえっ、そんな……
私、お買い物にとても時間がかかってしまうので",櫻木真乃,【ナチュラルモード】櫻木真乃,ショッピング日和
櫻木真乃/【ナチュラルモード】櫻木真乃/ショッピング日和.csv,12,2001003010060,真乃,"でも……
プロデューサーさん、お忙しいのに……",櫻木真乃,【ナチュラルモード】櫻木真乃,ショッピング日和
櫻木真乃/【ナチュラルモード】櫻木真乃/ショッピング日和.csv,14,2001003010070,真乃,ほ、ほわぁ……,櫻木真乃,【ナチュラルモード】櫻木真乃,ショッピング日和
櫻木真乃/【ナチュラルモード】櫻木真乃/ショッピング日和.csv,15,2001003010080,真乃,それじゃあ……少しだけ、いいですか？,櫻木真乃,【ナチュラルモード】櫻木真乃,ショッピング日和
櫻木真乃/【ナチュラルモード】櫻木真乃/ショッピング日和.csv,17,2001003010090,真乃,ありがとうございます、プロデューサーさん,櫻木真乃,【ナチュラルモード】櫻木真乃,ショッピング日和
櫻木真乃/【ナチュラルモード】櫻木真乃/ショッピング日和.csv,19,2001003010100,真乃,"はいっ
このブラウンのリュックです",櫻木真乃,【ナチュラルモード】櫻木真乃,ショッピング日和
櫻木真乃/【ナチュラルモード】櫻木真乃/ショッピング日和.csv,20,2001003010110,真乃,"前に、違うお店でも可愛いなって思っていたんですけど
気が付いたら売り切れてしまって……",櫻木真乃,【ナチュラルモード】櫻木真乃,ショッピング日和
櫻木真乃/【ナチュラルモード】櫻木真乃/ショッピング日和.csv,22,2001003010120,真乃,"はいっ、だからこのお店にあるのを見つけて
驚いてしまいました",櫻木真乃,【ナチュラルモード】櫻木真乃,ショッピング日和
櫻木真乃/【ナチュラルモード】櫻木真乃/ショッピング日和.csv,23,2001003010130,真乃,ふふ……このリュック、やっぱり可愛いな,櫻木真乃,【ナチュラルモード】櫻木真乃,ショッピング日和
櫻木真乃/【ナチュラルモード】櫻木真乃/ショッピング日和.csv,29,2001003010140,真乃,"ほわ、本当ですか？
ありがとうございます……",櫻木真乃,【ナチュラルモード】櫻木真乃,ショッピング日和
櫻木真乃/【ナチュラルモード】櫻木真乃/ショッピング日和.csv,31,2001003010150,真乃,"はい
じゃあ、背負ってみますね",櫻木真乃,【ナチュラルモード】櫻木真乃,ショッピング日和
櫻木真乃/【ナチュラルモード】櫻木真乃/ショッピング日和.csv,32,2001003010160,真乃,……どうですか、プロデューサーさん,櫻木真乃,【ナチュラルモード】櫻木真乃,ショッピング日和
櫻木真乃/【ナチュラルモード】櫻木真乃/ショッピング日和.csv,34,2001003010170,真乃,"……ほわぁ
これなら持ってる服にも合いそうです",櫻木真乃,【ナチュラルモード】櫻木真乃,ショッピング日和
櫻木真乃/【ナチュラルモード】櫻木真乃/ショッピング日和.csv,35,2001003010180,真乃,レースもすごく可愛いし、いいなぁ、このリュック……,櫻木真乃,【ナチュラルモード】櫻木真乃,ショッピング日和
櫻木真乃/【ナチュラルモード】櫻木真乃/ショッピング日和.csv,36,2001003010190,真乃,"……やっぱり買おう
むんっ",櫻木真乃,【ナチュラルモード】櫻木真乃,ショッピング日和
櫻木真乃/【ナチュラルモード】櫻木真乃/ショッピング日和.csv,37,2001003010200,真乃,"すみません、プロデューサーさん
レジに行ってくるので、少し待っていていただけますか？",櫻木真乃,【ナチュラルモード】櫻木真乃,ショッピング日和
櫻木真乃/【ナチュラルモード】櫻木真乃/ショッピング日和.csv,40,2001003010210,真乃,……お待たせしましたっ,櫻木真乃,【ナチュラルモード】櫻木真乃,ショッピング日和
櫻木真乃/【ナチュラルモード】櫻木真乃/ショッピング日和.csv,41,2001003010220,真乃,"プロデューサーさんが勧めてくれたおかげで
決めることができましたっ",櫻木真乃,【ナチュラルモード】櫻木真乃,ショッピング日和
櫻木真乃/【ナチュラルモード】櫻木真乃/ショッピング日和.csv,42,2001003010230,真乃,ありがとうございます、プロデューサーさん！,櫻木真乃,【ナチュラルモード】櫻木真乃,ショッピング日和
櫻木真乃/【ナチュラルモード】櫻木真乃/ショッピング日和.csv,46,2001003010240,真乃,"ほわっ
ど、どっちにしても後悔してしまうんでしょうか？",櫻木真乃,【ナチュラルモード】櫻木真乃,ショッピング日和
櫻木真乃/【ナチュラルモード】櫻木真乃/ショッピング日和.csv,48,2001003010250,真乃,……そうですよね,櫻木真乃,【ナチュラルモード】櫻木真乃,ショッピング日和
櫻木真乃/【ナチュラルモード】櫻木真乃/ショッピング日和.csv,49,2001003010260,真乃,"…………
私……買いますっ",櫻木真乃,【ナチュラルモード】櫻木真乃,ショッピング日和
櫻木真乃/【ナチュラルモード】櫻木真乃/ショッピング日和.csv,50,2001003010270,真乃,"このリュックでお出かけしたら
きっと、ウキウキして楽しい気分になると思います",櫻木真乃,【ナチュラルモード】櫻木真乃,ショッピング日和
櫻木真乃/【ナチュラルモード】櫻木真乃/ショッピング日和.csv,52,2001003010280,真乃,はいっ、私もそんな気がします,櫻木真乃,【ナチュラルモード】櫻木真乃,ショッピング日和
櫻木真乃/【ナチュラルモード】櫻木真乃/ショッピング日和.csv,53,2001003010290,真乃,"買わない方が、きっと後悔すると思うので……
プロデューサーさんが背中を押してくれたおかげです",櫻木真乃,【ナチュラルモード】櫻木真乃,ショッピング日和
櫻木真乃/【ナチュラルモード】櫻木真乃/ショッピング日和.csv,54,2001003010300,真乃,"プロデューサーさんは
やっぱり頼もしいですねっ",櫻木真乃,【ナチュラルモード】櫻木真乃,ショッピング日和
櫻木真乃/【ナチュラルモード】櫻木真乃/ショッピング日和.csv,58,2001003010310,真乃,"……そうですね
今日はやめておきます",櫻木真乃,【ナチュラルモード】櫻木真乃,ショッピング日和
櫻木真乃/【ナチュラルモード】櫻木真乃/ショッピング日和.csv,60,2001003010320,真乃,はいっ,櫻木真乃,【ナチュラルモード】櫻木真乃,ショッピング日和
櫻木真乃/【ナチュラルモード】櫻木真乃/ショッピング日和.csv,61,2001003010330,真乃,"プロデューサーさん
おはようございますっ",櫻木真乃,【ナチュラルモード】櫻木真乃,ショッピング日和
櫻木真乃/【ナチュラルモード】櫻木真乃/ショッピング日和.csv,63,2001003010340,真乃,"はいっ
ふふ、実はこの前のリュック、やっぱり買ったんです",櫻木真乃,【ナチュラルモード】櫻木真乃,ショッピング日和
櫻木真乃/【ナチュラルモード】櫻木真乃/ショッピング日和.csv,64,2001003010350,真乃,"あのリュックがあった方が
お出かけがもっと楽しくなりそうだって思って",櫻木真乃,【ナチュラルモード】櫻木真乃,ショッピング日和
櫻木真乃/【ナチュラルモード】櫻木真乃/ショッピング日和.csv,65,2001003010360,真乃,"プロデューサーさんの言う通り時間を置いたら
自分が本当にどうしたいかがわかりました",櫻木真乃,【ナチュラルモード】櫻木真乃,ショッピング日和
櫻木真乃/【ナチュラルモード】櫻木真乃/ショッピング日和.csv,67,2001003010370,真乃,"はいっ
プロデューサーさん、ありがとうございます",櫻木真乃,【ナチュラルモード】櫻木真乃,ショッピング日和
櫻木真乃/【ナチュラルモード】櫻木真乃/ショッピング日和.csv,68,2001003010380,真乃,"また悩んだ時は、
プロデューサーさんの言葉を思い出しますね",櫻木真乃,【ナチュラルモード】櫻木真乃,ショッピング日和
櫻木真乃/【ナチュラルモード】櫻木真乃/感謝を形に.csv,3,2001003110010,真乃,"プロデューサーさん……は、はい……
少し、緊張しているかもしれません……",櫻木真乃,【ナチュラルモード】櫻木真乃,感謝を形に
櫻木真乃/【ナチュラルモード】櫻木真乃/感謝を形に.csv,6,2001003110020,真乃,ほわぁ……はいっ,櫻木真乃,【ナチュラルモード】櫻木真乃,感謝を形に
櫻木真乃/【ナチュラルモード】櫻木真乃/感謝を形に.csv,7,2001003110030,真乃,"なんだか、とてもほっとしました……
私、プロデューサーさんの言葉にいつも助けられていますね",櫻木真乃,【ナチュラルモード】櫻木真乃,感謝を形に
櫻木真乃/【ナチュラルモード】櫻木真乃/感謝を形に.csv,8,2001003110040,真乃,"…………
……あの、プロデューサーさんっ",櫻木真乃,【ナチュラルモード】櫻木真乃,感謝を形に
櫻木真乃/【ナチュラルモード】櫻木真乃/感謝を形に.csv,10,2001003110050,真乃,"こんな時に……
いえ、今だからこそ渡したいものがあって",櫻木真乃,【ナチュラルモード】櫻木真乃,感謝を形に
櫻木真乃/【ナチュラルモード】櫻木真乃/感謝を形に.csv,11,2001003110060,真乃,これ、受け取ってください！,櫻木真乃,【ナチュラルモード】櫻木真乃,感謝を形に
櫻木真乃/【ナチュラルモード】櫻木真乃/感謝を形に.csv,14,2001003110070,真乃,"その石は、プロデューサーさんと一緒に
行った川で見つけたものなんです",櫻木真乃,【ナチュラルモード】櫻木真乃,感謝を形に
櫻木真乃/【ナチュラルモード】櫻木真乃/感謝を形に.csv,15,2001003110080,真乃,"綺麗だなって眺めていたら、川に落ちてしまって
……思い出すと、恥ずかしいです",櫻木真乃,【ナチュラルモード】櫻木真乃,感謝を形に
櫻木真乃/【ナチュラルモード】櫻木真乃/感謝を形に.csv,17,2001003110090,真乃,"はいっ、それであの後調べたら
この石がメノウだってわかったんです",櫻木真乃,【ナチュラルモード】櫻木真乃,感謝を形に
櫻木真乃/【ナチュラルモード】櫻木真乃/感謝を形に.csv,18,2001003110100,真乃,"アクセサリーにも使われる石だったので
お店にお願いして、加工してもらいました",櫻木真乃,【ナチュラルモード】櫻木真乃,感謝を形に
櫻木真乃/【ナチュラルモード】櫻木真乃/感謝を形に.csv,20,2001003110110,真乃,"はい……
プロデューサーさんにはいつもお世話になっています",櫻木真乃,【ナチュラルモード】櫻木真乃,感謝を形に
櫻木真乃/【ナチュラルモード】櫻木真乃/感謝を形に.csv,21,2001003110120,真乃,いつも私の背中を押してくれて、本当に……感謝しています,櫻木真乃,【ナチュラルモード】櫻木真乃,感謝を形に
櫻木真乃/【ナチュラルモード】櫻木真乃/感謝を形に.csv,22,2001003110130,真乃,"どれだけ感謝しているか、きちんと伝えたかったんです
でも、言葉だけじゃ上手く伝えられない気がして",櫻木真乃,【ナチュラルモード】櫻木真乃,感謝を形に
櫻木真乃/【ナチュラルモード】櫻木真乃/感謝を形に.csv,23,2001003110140,真乃,"だから、私のこの気持ちを少しでも形にしようって
そう思ったんです",櫻木真乃,【ナチュラルモード】櫻木真乃,感謝を形に
櫻木真乃/【ナチュラルモード】櫻木真乃/感謝を形に.csv,25,2001003110150,真乃,"──良かったっ
ありがとうございますっ",櫻木真乃,【ナチュラルモード】櫻木真乃,感謝を形に
櫻木真乃/【ナチュラルモード】櫻木真乃/感謝を形に.csv,28,2001003110160,真乃,……実は、そのストラップはひとつじゃないんです,櫻木真乃,【ナチュラルモード】櫻木真乃,感謝を形に
櫻木真乃/【ナチュラルモード】櫻木真乃/感謝を形に.csv,29,2001003110170,真乃,"私も、持っています
これですっ",櫻木真乃,【ナチュラルモード】櫻木真乃,感謝を形に
櫻木真乃/【ナチュラルモード】櫻木真乃/感謝を形に.csv,31,2001003110180,真乃,"プロデューサーさんにお渡ししたストラップと
同じ石で作ってもらいました",櫻木真乃,【ナチュラルモード】櫻木真乃,感謝を形に
櫻木真乃/【ナチュラルモード】櫻木真乃/感謝を形に.csv,32,2001003110190,真乃,こっちは、私が大切に持っていますね,櫻木真乃,【ナチュラルモード】櫻木真乃,感謝を形に
櫻木真乃/【ナチュラルモード】櫻木真乃/感謝を形に.csv,34,2001003110200,真乃,はい、お揃いですっ,櫻木真乃,【ナチュラルモード】櫻木真乃,感謝を形に
櫻木真乃/【ナチュラルモード】櫻木真乃/感謝を形に.csv,35,2001003110210,真乃,"プロデューサーさんとお揃いのストラップがあれば
がんばろうって勇気が湧いてきますっ",櫻木真乃,【ナチュラルモード】櫻木真乃,感謝を形に
櫻木真乃/【ナチュラルモード】櫻木真乃/感謝を形に.csv,37,2001003110220,真乃,"はいっ
行ってきますっ",櫻木真乃,【ナチュラルモード】櫻木真乃,感謝を形に
櫻木真乃/【ナチュラルモード】櫻木真乃/自然とはずむ心.csv,2,2001003020010,真乃,"プロデューサーさん、今日はハイキングの引率、
ありがとうございますっ",櫻木真乃,【ナチュラルモード】櫻木真乃,自然とはずむ心
櫻木真乃/【ナチュラルモード】櫻木真乃/自然とはずむ心.csv,3,2001003020020,真乃,"灯織ちゃんもめぐるちゃんもいるし……
みんなで来られて、本当に嬉しいです",櫻木真乃,【ナチュラルモード】櫻木真乃,自然とはずむ心
櫻木真乃/【ナチュラルモード】櫻木真乃/自然とはずむ心.csv,5,2001003020030,真乃,"はいっ
お出かけ日和で、とっても気持ちいいですね",櫻木真乃,【ナチュラルモード】櫻木真乃,自然とはずむ心
櫻木真乃/【ナチュラルモード】櫻木真乃/自然とはずむ心.csv,7,2001003020040,真乃,"そ、そうですか……？
ありがとうございます……",櫻木真乃,【ナチュラルモード】櫻木真乃,自然とはずむ心
櫻木真乃/【ナチュラルモード】櫻木真乃/自然とはずむ心.csv,9,2001003020050,真乃,……ほわぁ,櫻木真乃,【ナチュラルモード】櫻木真乃,自然とはずむ心
櫻木真乃/【ナチュラルモード】櫻木真乃/自然とはずむ心.csv,10,2001003020060,真乃,すごい……とっても綺麗です！,櫻木真乃,【ナチュラルモード】櫻木真乃,自然とはずむ心
櫻木真乃/【ナチュラルモード】櫻木真乃/自然とはずむ心.csv,12,2001003020070,真乃,"飛び石を伝っていけば、もっと向こうまで行けそうです
ちょっと行ってきますねっ",櫻木真乃,【ナチュラルモード】櫻木真乃,自然とはずむ心
櫻木真乃/【ナチュラルモード】櫻木真乃/自然とはずむ心.csv,14,2001003020080,真乃,"はいっ
……気を付けて……えいっ",櫻木真乃,【ナチュラルモード】櫻木真乃,自然とはずむ心
櫻木真乃/【ナチュラルモード】櫻木真乃/自然とはずむ心.csv,15,2001003020090,真乃,"ほわぁ……本当に綺麗……
プロデューサーさんっ、お魚さんがたくさんいますよ",櫻木真乃,【ナチュラルモード】櫻木真乃,自然とはずむ心
櫻木真乃/【ナチュラルモード】櫻木真乃/自然とはずむ心.csv,18,2001003020100,真乃,きゃっ,櫻木真乃,【ナチュラルモード】櫻木真乃,自然とはずむ心
櫻木真乃/【ナチュラルモード】櫻木真乃/自然とはずむ心.csv,20,2001003020110,真乃,"あ、ありがとうございます……
ちょっと濡れてしまいました……",櫻木真乃,【ナチュラルモード】櫻木真乃,自然とはずむ心
櫻木真乃/【ナチュラルモード】櫻木真乃/自然とはずむ心.csv,23,2001003020120,真乃,"は、はい
どこも痛くないです……",櫻木真乃,【ナチュラルモード】櫻木真乃,自然とはずむ心
櫻木真乃/【ナチュラルモード】櫻木真乃/自然とはずむ心.csv,24,2001003020130,真乃,すみません、ご心配をおかけしてしまいました……,櫻木真乃,【ナチュラルモード】櫻木真乃,自然とはずむ心
櫻木真乃/【ナチュラルモード】櫻木真乃/自然とはずむ心.csv,26,2001003020140,真乃,"でも、お魚さんを驚かせちゃいました
みんな、逃げちゃって……大失敗です……",櫻木真乃,【ナチュラルモード】櫻木真乃,自然とはずむ心
櫻木真乃/【ナチュラルモード】櫻木真乃/自然とはずむ心.csv,29,2001003020150,真乃,……あ、鳥さん……,櫻木真乃,【ナチュラルモード】櫻木真乃,自然とはずむ心
櫻木真乃/【ナチュラルモード】櫻木真乃/自然とはずむ心.csv,31,2001003020160,真乃,ほわ、綺麗です……,櫻木真乃,【ナチュラルモード】櫻木真乃,自然とはずむ心
櫻木真乃/【ナチュラルモード】櫻木真乃/自然とはずむ心.csv,33,2001003020170,真乃,"はい、山にしかいない鳥さんです
……会えて嬉しいなぁ",櫻木真乃,【ナチュラルモード】櫻木真乃,自然とはずむ心
櫻木真乃/【ナチュラルモード】櫻木真乃/自然とはずむ心.csv,35,2001003020180,真乃,はいっ,櫻木真乃,【ナチュラルモード】櫻木真乃,自然とはずむ心
櫻木真乃/【ナチュラルモード】櫻木真乃/自然とはずむ心.csv,36,2001003020190,真乃,"……ふふ
プロデューサーさんは、やっぱり優しいですね",櫻木真乃,【ナチュラルモード】櫻木真乃,自然とはずむ心
櫻木真乃/【ピックアップ・スプリング】櫻木真乃/まなざし.csv,2,2001015020010,真乃,……っ,櫻木真乃,【ピックアップ・スプリング】櫻木真乃,まなざし
櫻木真乃/【ピックアップ・スプリング】櫻木真乃/まなざし.csv,4,2001015020020,真乃,…………っ,櫻木真乃,【ピックアップ・スプリング】櫻木真乃,まなざし
櫻木真乃/【ピックアップ・スプリング】櫻木真乃/まなざし.csv,6,2001015020030,真乃,……あ、違う……,櫻木真乃,【ピックアップ・スプリング】櫻木真乃,まなざし
櫻木真乃/【ピックアップ・スプリング】櫻木真乃/まなざし.csv,10,2001015020040,真乃,……？,櫻木真乃,【ピックアップ・スプリング】櫻木真乃,まなざし
櫻木真乃/【ピックアップ・スプリング】櫻木真乃/まなざし.csv,12,2001015020050,真乃,ほわ、ありがとうございます……っ,櫻木真乃,【ピックアップ・スプリング】櫻木真乃,まなざし
櫻木真乃/【ピックアップ・スプリング】櫻木真乃/まなざし.csv,15,2001015020060,真乃,"えぇっと……はい
なんとか……",櫻木真乃,【ピックアップ・スプリング】櫻木真乃,まなざし
櫻木真乃/【ピックアップ・スプリング】櫻木真乃/まなざし.csv,16,2001015020070,真乃,"これまでのお仕事で頂いた企画書を参考にして……
見よう見まねではあるんですけれど……っ",櫻木真乃,【ピックアップ・スプリング】櫻木真乃,まなざし
櫻木真乃/【ピックアップ・スプリング】櫻木真乃/まなざし.csv,21,2001015020080,真乃,"ふふ
はい、ありがとうございます……っ",櫻木真乃,【ピックアップ・スプリング】櫻木真乃,まなざし
櫻木真乃/【ピックアップ・スプリング】櫻木真乃/まなざし.csv,22,2001015020090,真乃,"あの……
それでしたら、プロデューサーさん……っ",櫻木真乃,【ピックアップ・スプリング】櫻木真乃,まなざし
櫻木真乃/【ピックアップ・スプリング】櫻木真乃/まなざし.csv,23,2001015020100,真乃,こちらを見ていただいてもいいでしょうか……？,櫻木真乃,【ピックアップ・スプリング】櫻木真乃,まなざし
櫻木真乃/【ピックアップ・スプリング】櫻木真乃/まなざし.csv,25,2001015020110,真乃,撮影交渉の時のための、原稿なんですけれど……,櫻木真乃,【ピックアップ・スプリング】櫻木真乃,まなざし
櫻木真乃/【ピックアップ・スプリング】櫻木真乃/まなざし.csv,27,2001015020120,真乃,そ、そんな……っ,櫻木真乃,【ピックアップ・スプリング】櫻木真乃,まなざし
櫻木真乃/【ピックアップ・スプリング】櫻木真乃/まなざし.csv,28,2001015020130,真乃,"慣れていないので……
心配になってしまっただけで……っ",櫻木真乃,【ピックアップ・スプリング】櫻木真乃,まなざし
櫻木真乃/【ピックアップ・スプリング】櫻木真乃/まなざし.csv,29,2001015020140,真乃,"番組のスタッフさんたちは、いろいろな企画で、
こういう準備をしていらっしゃるんですよね……",櫻木真乃,【ピックアップ・スプリング】櫻木真乃,まなざし
櫻木真乃/【ピックアップ・スプリング】櫻木真乃/まなざし.csv,30,2001015020150,真乃,"私はひとつだけなのに、いっぱいいっぱいなので……
本当にすごいです",櫻木真乃,【ピックアップ・スプリング】櫻木真乃,まなざし
櫻木真乃/【ピックアップ・スプリング】櫻木真乃/まなざし.csv,33,2001015020160,真乃,……っ,櫻木真乃,【ピックアップ・スプリング】櫻木真乃,まなざし
櫻木真乃/【ピックアップ・スプリング】櫻木真乃/まなざし.csv,40,2001015020170,真乃,ほ、本当ですか……？,櫻木真乃,【ピックアップ・スプリング】櫻木真乃,まなざし
櫻木真乃/【ピックアップ・スプリング】櫻木真乃/まなざし.csv,45,2001015020180,真乃,……っ,櫻木真乃,【ピックアップ・スプリング】櫻木真乃,まなざし
櫻木真乃/【ピックアップ・スプリング】櫻木真乃/まなざし.csv,46,2001015020190,真乃,"あ
そ、それは……──",櫻木真乃,【ピックアップ・スプリング】櫻木真乃,まなざし
櫻木真乃/【ピックアップ・スプリング】櫻木真乃/まなざし.csv,47,2001015020200,真乃,プロデューサーさんのお電話を聞いて……っ,櫻木真乃,【ピックアップ・スプリング】櫻木真乃,まなざし
櫻木真乃/【ピックアップ・スプリング】櫻木真乃/まなざし.csv,49,2001015020210,真乃,はいっ,櫻木真乃,【ピックアップ・スプリング】櫻木真乃,まなざし
櫻木真乃/【ピックアップ・スプリング】櫻木真乃/まなざし.csv,51,2001015020220,真乃,"プロデューサーさんみたいに……
と思いながら作りました",櫻木真乃,【ピックアップ・スプリング】櫻木真乃,まなざし
櫻木真乃/【ピックアップ・スプリング】櫻木真乃/まなざし.csv,52,2001015020230,真乃,"上手く、プロデューサーさんに
なれているでしょうか……？",櫻木真乃,【ピックアップ・スプリング】櫻木真乃,まなざし
櫻木真乃/【ピックアップ・スプリング】櫻木真乃/まなざし.csv,54,2001015020240,真乃,ほわ……,櫻木真乃,【ピックアップ・スプリング】櫻木真乃,まなざし
櫻木真乃/【ピックアップ・スプリング】櫻木真乃/まなざし.csv,58,2001015020250,真乃,……はいっ,櫻木真乃,【ピックアップ・スプリング】櫻木真乃,まなざし
櫻木真乃/【ピックアップ・スプリング】櫻木真乃/まなざし.csv,59,2001015020260,真乃,ありがとうございます……っ,櫻木真乃,【ピックアップ・スプリング】櫻木真乃,まなざし
櫻木真乃/【ピックアップ・スプリング】櫻木真乃/バケツいっぱいの幸せから.csv,3,2001015110010,真乃,"……っ
この辺りに、いる気がします……っ",櫻木真乃,【ピックアップ・スプリング】櫻木真乃,バケツいっぱいの幸せから
櫻木真乃/【ピックアップ・スプリング】櫻木真乃/バケツいっぱいの幸せから.csv,4,2001015110020,真乃,ほわぁ……っ,櫻木真乃,【ピックアップ・スプリング】櫻木真乃,バケツいっぱいの幸せから
櫻木真乃/【ピックアップ・スプリング】櫻木真乃/バケツいっぱいの幸せから.csv,5,2001015110030,真乃,"見てください……っ
こんなに大きいのがとれました……っ",櫻木真乃,【ピックアップ・スプリング】櫻木真乃,バケツいっぱいの幸せから
櫻木真乃/【ピックアップ・スプリング】櫻木真乃/バケツいっぱいの幸せから.csv,6,2001015110040,真乃,"ふふっ
食べるのが楽しみです……っ",櫻木真乃,【ピックアップ・スプリング】櫻木真乃,バケツいっぱいの幸せから
櫻木真乃/【ピックアップ・スプリング】櫻木真乃/バケツいっぱいの幸せから.csv,7,2001015110050,真乃,"潮干狩りの後は、
貝を使ったお料理も紹介していくので",櫻木真乃,【ピックアップ・スプリング】櫻木真乃,バケツいっぱいの幸せから
櫻木真乃/【ピックアップ・スプリング】櫻木真乃/バケツいっぱいの幸せから.csv,8,2001015110060,真乃,大漁を目指します……っ,櫻木真乃,【ピックアップ・スプリング】櫻木真乃,バケツいっぱいの幸せから
櫻木真乃/【ピックアップ・スプリング】櫻木真乃/バケツいっぱいの幸せから.csv,9,2001015110070,真乃,むんっ,櫻木真乃,【ピックアップ・スプリング】櫻木真乃,バケツいっぱいの幸せから
櫻木真乃/【ピックアップ・スプリング】櫻木真乃/バケツいっぱいの幸せから.csv,10,2001015110080,真乃,プロデューサーさん……っ,櫻木真乃,【ピックアップ・スプリング】櫻木真乃,バケツいっぱいの幸せから
櫻木真乃/【ピックアップ・スプリング】櫻木真乃/バケツいっぱいの幸せから.csv,12,2001015110090,真乃,はい、お疲れさまです,櫻木真乃,【ピックアップ・スプリング】櫻木真乃,バケツいっぱいの幸せから
櫻木真乃/【ピックアップ・スプリング】櫻木真乃/バケツいっぱいの幸せから.csv,14,2001015110100,真乃,ふふふっ、はいっ,櫻木真乃,【ピックアップ・スプリング】櫻木真乃,バケツいっぱいの幸せから
櫻木真乃/【ピックアップ・スプリング】櫻木真乃/バケツいっぱいの幸せから.csv,15,2001015110110,真乃,"これだけあれば困らないだろうって
言っていただきました……っ",櫻木真乃,【ピックアップ・スプリング】櫻木真乃,バケツいっぱいの幸せから
櫻木真乃/【ピックアップ・スプリング】櫻木真乃/バケツいっぱいの幸せから.csv,18,2001015110120,真乃,は、はいっ,櫻木真乃,【ピックアップ・スプリング】櫻木真乃,バケツいっぱいの幸せから
櫻木真乃/【ピックアップ・スプリング】櫻木真乃/バケツいっぱいの幸せから.csv,19,2001015110130,真乃,"今日とった分の貝は、砂抜きをします
なので、一度洗った後、塩水に浸けておきます",櫻木真乃,【ピックアップ・スプリング】櫻木真乃,バケツいっぱいの幸せから
櫻木真乃/【ピックアップ・スプリング】櫻木真乃/バケツいっぱいの幸せから.csv,20,2001015110140,真乃,"明日、砂抜きができたら
今度はお料理コーナーの撮影です",櫻木真乃,【ピックアップ・スプリング】櫻木真乃,バケツいっぱいの幸せから
櫻木真乃/【ピックアップ・スプリング】櫻木真乃/バケツいっぱいの幸せから.csv,21,2001015110150,真乃,"旬の貝を美味しく頂くレシピに
実際に挑戦しますっ",櫻木真乃,【ピックアップ・スプリング】櫻木真乃,バケツいっぱいの幸せから
櫻木真乃/【ピックアップ・スプリング】櫻木真乃/バケツいっぱいの幸せから.csv,24,2001015110160,真乃,ふふ、いっぱい作ります……っ,櫻木真乃,【ピックアップ・スプリング】櫻木真乃,バケツいっぱいの幸せから
櫻木真乃/【ピックアップ・スプリング】櫻木真乃/バケツいっぱいの幸せから.csv,27,2001015110170,真乃,"あ、あの……
全部、です……っ",櫻木真乃,【ピックアップ・スプリング】櫻木真乃,バケツいっぱいの幸せから
櫻木真乃/【ピックアップ・スプリング】櫻木真乃/バケツいっぱいの幸せから.csv,28,2001015110180,真乃,"どれも美味しそうだなって思って……
選んだので……",櫻木真乃,【ピックアップ・スプリング】櫻木真乃,バケツいっぱいの幸せから
櫻木真乃/【ピックアップ・スプリング】櫻木真乃/バケツいっぱいの幸せから.csv,30,2001015110190,真乃,"プロデューサーさんは……
どのお料理が楽しみですか……？",櫻木真乃,【ピックアップ・スプリング】櫻木真乃,バケツいっぱいの幸せから
櫻木真乃/【ピックアップ・スプリング】櫻木真乃/バケツいっぱいの幸せから.csv,34,2001015110200,真乃,ほわ……,櫻木真乃,【ピックアップ・スプリング】櫻木真乃,バケツいっぱいの幸せから
櫻木真乃/【ピックアップ・スプリング】櫻木真乃/バケツいっぱいの幸せから.csv,35,2001015110210,真乃,"……そうなんですね
それなら、大丈夫です",櫻木真乃,【ピックアップ・スプリング】櫻木真乃,バケツいっぱいの幸せから
櫻木真乃/【ピックアップ・スプリング】櫻木真乃/バケツいっぱいの幸せから.csv,36,2001015110220,真乃,"全部……っ
幸せに頂く予定ですから……っ",櫻木真乃,【ピックアップ・スプリング】櫻木真乃,バケツいっぱいの幸せから
櫻木真乃/【ピックアップ・スプリング】櫻木真乃/散らばる春のかけら.csv,3,2001015010010,真乃,"えっと……
桜はどうでしょうか……っ",櫻木真乃,【ピックアップ・スプリング】櫻木真乃,散らばる春のかけら
櫻木真乃/【ピックアップ・スプリング】櫻木真乃/散らばる春のかけら.csv,5,2001015010020,真乃,お団子に、桜餅……,櫻木真乃,【ピックアップ・スプリング】櫻木真乃,散らばる春のかけら
櫻木真乃/【ピックアップ・スプリング】櫻木真乃/散らばる春のかけら.csv,6,2001015010021,真乃＆プロデューサー,ははっ,櫻木真乃,【ピックアップ・スプリング】櫻木真乃,散らばる春のかけら
櫻木真乃/【ピックアップ・スプリング】櫻木真乃/散らばる春のかけら.csv,8,2001015010030,真乃,はい……っ,櫻木真乃,【ピックアップ・スプリング】櫻木真乃,散らばる春のかけら
櫻木真乃/【ピックアップ・スプリング】櫻木真乃/散らばる春のかけら.csv,12,2001015010040,真乃,はい……っ,櫻木真乃,【ピックアップ・スプリング】櫻木真乃,散らばる春のかけら
櫻木真乃/【ピックアップ・スプリング】櫻木真乃/散らばる春のかけら.csv,14,2001015010050,真乃,は、はい……っ,櫻木真乃,【ピックアップ・スプリング】櫻木真乃,散らばる春のかけら
櫻木真乃/【ピックアップ・スプリング】櫻木真乃/散らばる春のかけら.csv,15,2001015010060,真乃,"素敵なお花見のスポットを探して、リポートする……
とか……",櫻木真乃,【ピックアップ・スプリング】櫻木真乃,散らばる春のかけら
櫻木真乃/【ピックアップ・スプリング】櫻木真乃/散らばる春のかけら.csv,17,2001015010070,真乃,美味しいお団子のお店を探して、リポート──……,櫻木真乃,【ピックアップ・スプリング】櫻木真乃,散らばる春のかけら
櫻木真乃/【ピックアップ・スプリング】櫻木真乃/散らばる春のかけら.csv,18,2001015010080,真乃,……同じになってしまいました,櫻木真乃,【ピックアップ・スプリング】櫻木真乃,散らばる春のかけら
櫻木真乃/【ピックアップ・スプリング】櫻木真乃/散らばる春のかけら.csv,22,2001015010090,真乃,……っ,櫻木真乃,【ピックアップ・スプリング】櫻木真乃,散らばる春のかけら
櫻木真乃/【ピックアップ・スプリング】櫻木真乃/散らばる春のかけら.csv,28,2001015010100,真乃,ほわ……っ,櫻木真乃,【ピックアップ・スプリング】櫻木真乃,散らばる春のかけら
櫻木真乃/【ピックアップ・スプリング】櫻木真乃/散らばる春のかけら.csv,31,2001015010110,真乃,な、なるほど……っ,櫻木真乃,【ピックアップ・スプリング】櫻木真乃,散らばる春のかけら
櫻木真乃/【ピックアップ・スプリング】櫻木真乃/散らばる春のかけら.csv,33,2001015010120,真乃,"ふふ……
そうだったんですね",櫻木真乃,【ピックアップ・スプリング】櫻木真乃,散らばる春のかけら
櫻木真乃/【ピックアップ・スプリング】櫻木真乃/散らばる春のかけら.csv,35,2001015010130,真乃,"はい
考え方だけ参考に……っ",櫻木真乃,【ピックアップ・スプリング】櫻木真乃,散らばる春のかけら
櫻木真乃/【ピックアップ・スプリング】櫻木真乃/散らばる春のかけら.csv,38,2001015010140,真乃,はい……っ,櫻木真乃,【ピックアップ・スプリング】櫻木真乃,散らばる春のかけら
櫻木真乃/【ピックアップ・スプリング】櫻木真乃/散らばる春のかけら.csv,40,2001015010150,真乃,"はい、ええと……
ハイキング、ピクニック……",櫻木真乃,【ピックアップ・スプリング】櫻木真乃,散らばる春のかけら
櫻木真乃/【ピックアップ・スプリング】櫻木真乃/散らばる春のかけら.csv,41,2001015010160,真乃,"桜だけじゃなくて、家族で他のお花を
見に行ったこともあります",櫻木真乃,【ピックアップ・スプリング】櫻木真乃,散らばる春のかけら
櫻木真乃/【ピックアップ・スプリング】櫻木真乃/散らばる春のかけら.csv,42,2001015010170,真乃,"気持ちのいいお天気の日が多いので
外で過ごすことが多くて……──",櫻木真乃,【ピックアップ・スプリング】櫻木真乃,散らばる春のかけら
櫻木真乃/【ピックアップ・スプリング】櫻木真乃/散らばる春のかけら.csv,44,2001015010180,真乃,──……あとは、潮干狩り……,櫻木真乃,【ピックアップ・スプリング】櫻木真乃,散らばる春のかけら
櫻木真乃/【ピックアップ・スプリング】櫻木真乃/散らばる春のかけら.csv,45,2001015010190,真乃,"貝を見つけるのが楽しくて
ずーっと砂を掘っていた記憶があります",櫻木真乃,【ピックアップ・スプリング】櫻木真乃,散らばる春のかけら
櫻木真乃/【ピックアップ・スプリング】櫻木真乃/散らばる春のかけら.csv,46,2001015010200,真乃,"次の日のご飯が貝尽くしになるのも
とってもうれしくって……",櫻木真乃,【ピックアップ・スプリング】櫻木真乃,散らばる春のかけら
櫻木真乃/【ピックアップ・スプリング】櫻木真乃/散らばる春のかけら.csv,48,2001015010210,真乃,え……？,櫻木真乃,【ピックアップ・スプリング】櫻木真乃,散らばる春のかけら
櫻木真乃/【ピックアップ・スプリング】櫻木真乃/散らばる春のかけら.csv,53,2001015010220,真乃,と、とんでもないです……っ,櫻木真乃,【ピックアップ・スプリング】櫻木真乃,散らばる春のかけら
櫻木真乃/【ピックアップ・スプリング】櫻木真乃/散らばる春のかけら.csv,54,2001015010230,真乃,"私ひとりだったら、きっと
『潮干狩り楽しかったなぁ』で終わってしまいました",櫻木真乃,【ピックアップ・スプリング】櫻木真乃,散らばる春のかけら
櫻木真乃/【ピックアップ・スプリング】櫻木真乃/散らばる春のかけら.csv,55,2001015010240,真乃,一緒に考えていただけて、心強いです,櫻木真乃,【ピックアップ・スプリング】櫻木真乃,散らばる春のかけら
櫻木真乃/【ピックアップ・スプリング】櫻木真乃/散らばる春のかけら.csv,61,2001015010250,真乃,はいっ,櫻木真乃,【ピックアップ・スプリング】櫻木真乃,散らばる春のかけら
櫻木真乃/【ピックアップ・スプリング】櫻木真乃/散らばる春のかけら.csv,62,2001015010260,真乃,ありがとうございます、プロデューサーさん,櫻木真乃,【ピックアップ・スプリング】櫻木真乃,散らばる春のかけら
櫻木真乃/【ピックアップ・スプリング】櫻木真乃/散らばる春のかけら.csv,63,2001015010270,真乃,はい……っ,櫻木真乃,【ピックアップ・スプリング】櫻木真乃,散らばる春のかけら
櫻木真乃/【ピックアップ・スプリング】櫻木真乃/散らばる春のかけら.csv,64,2001015010280,真乃,"──あの、それで……
もしよかったら",櫻木真乃,【ピックアップ・スプリング】櫻木真乃,散らばる春のかけら
櫻木真乃/【ピックアップ・スプリング】櫻木真乃/散らばる春のかけら.csv,65,2001015010290,真乃,"プロデューサーさんだったら、どんな貝料理が紹介されたら
うれしいか、教えていただけませんか？",櫻木真乃,【ピックアップ・スプリング】櫻木真乃,散らばる春のかけら
櫻木真乃/【ピックアップ・スプリング】櫻木真乃/散らばる春のかけら.csv,66,2001015010300,真乃,参考にしたいです……っ,櫻木真乃,【ピックアップ・スプリング】櫻木真乃,散らばる春のかけら
櫻木真乃/【ピックアップ・スプリング】櫻木真乃/散らばる春のかけら.csv,68,2001015010310,真乃,"あんまり手伝っていただくのは、
ズルになってしまうかもしれないんですけれど……っ",櫻木真乃,【ピックアップ・スプリング】櫻木真乃,散らばる春のかけら
櫻木真乃/【ピックアップ・スプリング】櫻木真乃/散らばる春のかけら.csv,69,2001015010320,真乃,"プロデューサーさんと相談ができるのは、
うれしいので……っ",櫻木真乃,【ピックアップ・スプリング】櫻木真乃,散らばる春のかけら
櫻木真乃/【ピックアップ・スプリング】櫻木真乃/散らばる春のかけら.csv,71,2001015010330,真乃,"ふふ……っ
はいっ",櫻木真乃,【ピックアップ・スプリング】櫻木真乃,散らばる春のかけら
櫻木真乃/【一番星の魔法】櫻木真乃/きをつけて.csv,4,2001012110010,真乃,"おはようございます……っ
イルミネーションスターズの櫻木真乃です",櫻木真乃,【一番星の魔法】櫻木真乃,きをつけて
櫻木真乃/【一番星の魔法】櫻木真乃/きをつけて.csv,5,2001012110020,真乃,"……見てください、このイルミネーション
澄んだ冬の空にとってもきれいに輝いています……っ",櫻木真乃,【一番星の魔法】櫻木真乃,きをつけて
櫻木真乃/【一番星の魔法】櫻木真乃/きをつけて.csv,7,2001012110030,真乃,"はい……っ、電飾の数が２倍になって、
イルミネーションエリアもぐっと広がりましたっ",櫻木真乃,【一番星の魔法】櫻木真乃,きをつけて
櫻木真乃/【一番星の魔法】櫻木真乃/きをつけて.csv,8,2001012110040,真乃,"明るい時間帯でもこんなにきれいなんですけれど、
夜は見どころが満載でとってもおすすめです……っ",櫻木真乃,【一番星の魔法】櫻木真乃,きをつけて
櫻木真乃/【一番星の魔法】櫻木真乃/きをつけて.csv,11,2001012110050,真乃,"遠くから見ると、木々に小さなお花が
たくさん咲いているみたいなんですけれど……",櫻木真乃,【一番星の魔法】櫻木真乃,きをつけて
櫻木真乃/【一番星の魔法】櫻木真乃/きをつけて.csv,12,2001012110060,真乃,"近付くと、お星様の瞬きの中にいるみたいで、
星空の中をお散歩している気分になれるんです……っ",櫻木真乃,【一番星の魔法】櫻木真乃,きをつけて
櫻木真乃/【一番星の魔法】櫻木真乃/きをつけて.csv,14,2001012110070,真乃,特におすすめなのは……,櫻木真乃,【一番星の魔法】櫻木真乃,きをつけて
櫻木真乃/【一番星の魔法】櫻木真乃/きをつけて.csv,15,2001012110080,真乃,"１時間に１度、イルミネーションの光が
切り替わるタイミングです……っ",櫻木真乃,【一番星の魔法】櫻木真乃,きをつけて
櫻木真乃/【一番星の魔法】櫻木真乃/きをつけて.csv,16,2001012110090,真乃,"まるで魔法がかけられたみたいで
とっても素敵なんですっ",櫻木真乃,【一番星の魔法】櫻木真乃,きをつけて
櫻木真乃/【一番星の魔法】櫻木真乃/きをつけて.csv,17,2001012110100,真乃,"よかったら、大切な人との思い出に、
みなさんにもぜひ見に行っていただけたらと思いますっ",櫻木真乃,【一番星の魔法】櫻木真乃,きをつけて
櫻木真乃/【一番星の魔法】櫻木真乃/きをつけて.csv,18,2001012110110,真乃,期間限定ですので、お見逃しなくです……っ,櫻木真乃,【一番星の魔法】櫻木真乃,きをつけて
櫻木真乃/【一番星の魔法】櫻木真乃/きをつけて.csv,19,2001012110120,真乃,"櫻木真乃でしたっ
スタジオにお返しします──",櫻木真乃,【一番星の魔法】櫻木真乃,きをつけて
櫻木真乃/【一番星の魔法】櫻木真乃/きをつけて.csv,25,0000000000000,真乃,"『お疲れさまです、プロデューサーさん
見てくださってありがとうございます』",櫻木真乃,【一番星の魔法】櫻木真乃,きをつけて
櫻木真乃/【一番星の魔法】櫻木真乃/きをつけて.csv,26,0000000000000,真乃,"『今日は出張の日だと思うんですけれど、
大丈夫でしたでしょうか？』",櫻木真乃,【一番星の魔法】櫻木真乃,きをつけて
櫻木真乃/【一番星の魔法】櫻木真乃/きをつけて.csv,28,0000000000000,真乃,『わ、そうだったんですね』,櫻木真乃,【一番星の魔法】櫻木真乃,きをつけて
櫻木真乃/【一番星の魔法】櫻木真乃/きをつけて.csv,29,0000000000000,真乃,『収録の最中はとにかく夢中だったので……』,櫻木真乃,【一番星の魔法】櫻木真乃,きをつけて
櫻木真乃/【一番星の魔法】櫻木真乃/きをつけて.csv,31,0000000000000,真乃,"『ありがとうございます
そう言っていただけて、とってもうれしいです^^』",櫻木真乃,【一番星の魔法】櫻木真乃,きをつけて
櫻木真乃/【一番星の魔法】櫻木真乃/きをつけて.csv,32,0000000000000,真乃,"『前もってイルミネーションを見に行けたので
慌てずにお話しできたような気がします』",櫻木真乃,【一番星の魔法】櫻木真乃,きをつけて
櫻木真乃/【一番星の魔法】櫻木真乃/きをつけて.csv,33,0000000000000,真乃,『プロデューサーさんのおかげです』,櫻木真乃,【一番星の魔法】櫻木真乃,きをつけて
櫻木真乃/【一番星の魔法】櫻木真乃/きをつけて.csv,36,0000000000000,真乃,"『はいっ
ありがとうございます』",櫻木真乃,【一番星の魔法】櫻木真乃,きをつけて
櫻木真乃/【一番星の魔法】櫻木真乃/きをつけて.csv,39,0000000000000,真乃,"『お仕事のこととは
ちがうんですけれど……』",櫻木真乃,【一番星の魔法】櫻木真乃,きをつけて
櫻木真乃/【一番星の魔法】櫻木真乃/きをつけて.csv,40,0000000000000,真乃,"『そうしたら、もう一度、
イルミネーションを見に行ってもいいでしょうか』",櫻木真乃,【一番星の魔法】櫻木真乃,きをつけて
櫻木真乃/【一番星の魔法】櫻木真乃/きをつけて.csv,41,0000000000000,真乃,"『プロデューサーさんが、
出張から帰ってきたら、一緒に』",櫻木真乃,【一番星の魔法】櫻木真乃,きをつけて
櫻木真乃/【一番星の魔法】櫻木真乃/きをつけて.csv,44,2001012110130,真乃,"……灯織ちゃんとめぐるちゃんとも見れたら──
ふたりとも喜んでくれるかな……",櫻木真乃,【一番星の魔法】櫻木真乃,きをつけて
櫻木真乃/【一番星の魔法】櫻木真乃/きをつけて.csv,47,0000000000000,真乃,"『わ、本当ですか
みんなで行けたらとってもうれしいです^^』",櫻木真乃,【一番星の魔法】櫻木真乃,きをつけて
櫻木真乃/【一番星の魔法】櫻木真乃/きをつけて.csv,48,0000000000000,真乃,"『えっと、そしたら
約束です……』",櫻木真乃,【一番星の魔法】櫻木真乃,きをつけて
櫻木真乃/【一番星の魔法】櫻木真乃/きをつけて.csv,49,0000000000000,真乃,"『絶対、絶対
気を付けて帰ってきてくださいね』",櫻木真乃,【一番星の魔法】櫻木真乃,きをつけて
櫻木真乃/【一番星の魔法】櫻木真乃/きをつけて.csv,50,0000000000000,真乃,『とっても、楽しみにしています』,櫻木真乃,【一番星の魔法】櫻木真乃,きをつけて
櫻木真乃/【一番星の魔法】櫻木真乃/星降るよるに.csv,2,2001012010010,真乃,…………,櫻木真乃,【一番星の魔法】櫻木真乃,星降るよるに
櫻木真乃/【一番星の魔法】櫻木真乃/星降るよるに.csv,5,2001012010020,真乃,"は、はい……っ
……いえ、その……",櫻木真乃,【一番星の魔法】櫻木真乃,星降るよるに
櫻木真乃/【一番星の魔法】櫻木真乃/星降るよるに.csv,6,2001012010030,真乃,"……えっと……そ、そうしたら、
この近くの駅で降ろしていただいてもいいでしょうか……っ",櫻木真乃,【一番星の魔法】櫻木真乃,星降るよるに
櫻木真乃/【一番星の魔法】櫻木真乃/星降るよるに.csv,9,2001012010040,真乃,"……はい
大幅リニューアルもしたみたいで、とっても……",櫻木真乃,【一番星の魔法】櫻木真乃,星降るよるに
櫻木真乃/【一番星の魔法】櫻木真乃/星降るよるに.csv,10,2001012010050,真乃,……あの、プロデューサーさん,櫻木真乃,【一番星の魔法】櫻木真乃,星降るよるに
櫻木真乃/【一番星の魔法】櫻木真乃/星降るよるに.csv,11,2001012010060,真乃,"他にもお仕事があるはずなのに……
ここまで、すみません……っ",櫻木真乃,【一番星の魔法】櫻木真乃,星降るよるに
櫻木真乃/【一番星の魔法】櫻木真乃/星降るよるに.csv,15,2001012010070,真乃,ありがとうございます、プロデューサーさん,櫻木真乃,【一番星の魔法】櫻木真乃,星降るよるに
櫻木真乃/【一番星の魔法】櫻木真乃/星降るよるに.csv,17,2001012010080,真乃,はい……っ,櫻木真乃,【一番星の魔法】櫻木真乃,星降るよるに
櫻木真乃/【一番星の魔法】櫻木真乃/星降るよるに.csv,19,2001012010090,真乃,"ほわ……い、イルミネーション、
消えちゃいました……っ",櫻木真乃,【一番星の魔法】櫻木真乃,星降るよるに
櫻木真乃/【一番星の魔法】櫻木真乃/星降るよるに.csv,21,2001012010100,真乃,"……っ
な、なんで消えちゃったんだろう……",櫻木真乃,【一番星の魔法】櫻木真乃,星降るよるに
櫻木真乃/【一番星の魔法】櫻木真乃/星降るよるに.csv,26,2001012010110,真乃,"──ほわ……
本当です……",櫻木真乃,【一番星の魔法】櫻木真乃,星降るよるに
櫻木真乃/【一番星の魔法】櫻木真乃/星降るよるに.csv,28,2001012010120,真乃,……は、はい,櫻木真乃,【一番星の魔法】櫻木真乃,星降るよるに
櫻木真乃/【一番星の魔法】櫻木真乃/星降るよるに.csv,29,2001012010130,真乃,"……こうして見ると
あのお星様も、イルミネーションのひとつみたいです……",櫻木真乃,【一番星の魔法】櫻木真乃,星降るよるに
櫻木真乃/【一番星の魔法】櫻木真乃/星降るよるに.csv,31,2001012010140,真乃,"……
はい……",櫻木真乃,【一番星の魔法】櫻木真乃,星降るよるに
櫻木真乃/【一番星の魔法】櫻木真乃/星降るよるに.csv,32,2001012010150,真乃,…………,櫻木真乃,【一番星の魔法】櫻木真乃,星降るよるに
櫻木真乃/【一番星の魔法】櫻木真乃/星降るよるに.csv,33,2001012010160,真乃,"わ……
ぷ、プロデューサーさん……光が──",櫻木真乃,【一番星の魔法】櫻木真乃,星降るよるに
櫻木真乃/【一番星の魔法】櫻木真乃/星降るよるに.csv,35,2001012010170,真乃,ほわぁ……っ,櫻木真乃,【一番星の魔法】櫻木真乃,星降るよるに
櫻木真乃/【一番星の魔法】櫻木真乃/星降るよるに.csv,36,2001012010180,真乃,"……まばたきするたびに、
きらきら、きらきらします……",櫻木真乃,【一番星の魔法】櫻木真乃,星降るよるに
櫻木真乃/【一番星の魔法】櫻木真乃/星降るよるに.csv,37,2001012010190,真乃,…………きれい,櫻木真乃,【一番星の魔法】櫻木真乃,星降るよるに
櫻木真乃/【一番星の魔法】櫻木真乃/星降るよるに.csv,39,2001012010200,真乃,"ふふっ
お星様が、降ってきたみたいです……",櫻木真乃,【一番星の魔法】櫻木真乃,星降るよるに
櫻木真乃/【一番星の魔法】櫻木真乃/星降るよるに.csv,41,2001012010210,真乃,"ほわぁ……はいっ
あの一番星が魔法をかけてくれたんでしょうか……っ",櫻木真乃,【一番星の魔法】櫻木真乃,星降るよるに
櫻木真乃/【一番星の魔法】櫻木真乃/星降るよるに.csv,42,2001012010220,真乃,"イルミネーションがずっと向こうの方まで……
……終わりがないみたいです……っ",櫻木真乃,【一番星の魔法】櫻木真乃,星降るよるに
櫻木真乃/【一番星の魔法】櫻木真乃/星降るよるに.csv,43,2001012010230,真乃,"……灯織ちゃんとめぐるちゃんとも見れたら──
ふたりとも喜んでくれるかな……",櫻木真乃,【一番星の魔法】櫻木真乃,星降るよるに
櫻木真乃/【一番星の魔法】櫻木真乃/星降るよるに.csv,45,2001012010240,真乃,……はい,櫻木真乃,【一番星の魔法】櫻木真乃,星降るよるに
櫻木真乃/【一番星の魔法】櫻木真乃/星降るよるに.csv,46,2001012010250,真乃,"プロデューサーさん、今日は
連れてきてくださって、ありがとうございましたっ",櫻木真乃,【一番星の魔法】櫻木真乃,星降るよるに
櫻木真乃/【一番星の魔法】櫻木真乃/星降るよるに.csv,49,2001012010260,真乃,い、いいんですか……？,櫻木真乃,【一番星の魔法】櫻木真乃,星降るよるに
櫻木真乃/【一番星の魔法】櫻木真乃/星降るよるに.csv,51,2001012010270,真乃,──はいっ,櫻木真乃,【一番星の魔法】櫻木真乃,星降るよるに
櫻木真乃/【夏風渡るdiary】櫻木真乃/お姉ちゃんと呼んだら.csv,6,3001016010010,真乃,結構……違ってたね……？,櫻木真乃,【夏風渡るdiary】櫻木真乃,お姉ちゃんと呼んだら
櫻木真乃/【夏風渡るdiary】櫻木真乃/お姉ちゃんと呼んだら.csv,8,3001016010020,真乃,投票、どうなるかな……っ,櫻木真乃,【夏風渡るdiary】櫻木真乃,お姉ちゃんと呼んだら
櫻木真乃/【夏風渡るdiary】櫻木真乃/お姉ちゃんと呼んだら.csv,17,3001016010110,真乃,ふふ、うん……っ,櫻木真乃,【夏風渡るdiary】櫻木真乃,お姉ちゃんと呼んだら
櫻木真乃/【夏風渡るdiary】櫻木真乃/お姉ちゃんと呼んだら.csv,18,3001016010120,真乃,"私、きょうだいって憧れがあって──
今回のお仕事、すごくわくわくしてるんだ",櫻木真乃,【夏風渡るdiary】櫻木真乃,お姉ちゃんと呼んだら
櫻木真乃/【夏風渡るdiary】櫻木真乃/お姉ちゃんと呼んだら.csv,22,3001016010160,真乃,一緒にピーちゃんのお散歩に行ったりとか,櫻木真乃,【夏風渡るdiary】櫻木真乃,お姉ちゃんと呼んだら
櫻木真乃/【夏風渡るdiary】櫻木真乃/お姉ちゃんと呼んだら.csv,25,3001016010190,真乃,"ほわぁ……っ
ふふ、そうだったら素敵だなぁ……っ",櫻木真乃,【夏風渡るdiary】櫻木真乃,お姉ちゃんと呼んだら
櫻木真乃/【夏風渡るdiary】櫻木真乃/お姉ちゃんと呼んだら.csv,26,3001016010200,真乃,お友達みたいで、家族で──……,櫻木真乃,【夏風渡るdiary】櫻木真乃,お姉ちゃんと呼んだら
櫻木真乃/【夏風渡るdiary】櫻木真乃/お姉ちゃんと呼んだら.csv,30,3001016010230,真乃,……灯織ちゃんが一番お姉さん、かな……？,櫻木真乃,【夏風渡るdiary】櫻木真乃,お姉ちゃんと呼んだら
櫻木真乃/【夏風渡るdiary】櫻木真乃/お姉ちゃんと呼んだら.csv,34,3001016010270,真乃,"──灯織ちゃんは、とっても頼りになって、
私たちをまとめてくれるから",櫻木真乃,【夏風渡るdiary】櫻木真乃,お姉ちゃんと呼んだら
櫻木真乃/【夏風渡るdiary】櫻木真乃/お姉ちゃんと呼んだら.csv,36,3001016010290,真乃,"うんっ
だから、めぐるちゃんもお姉さん",櫻木真乃,【夏風渡るdiary】櫻木真乃,お姉ちゃんと呼んだら
櫻木真乃/【夏風渡るdiary】櫻木真乃/お姉ちゃんと呼んだら.csv,48,3001016010400,真乃,ふふっ、うんっ,櫻木真乃,【夏風渡るdiary】櫻木真乃,お姉ちゃんと呼んだら
櫻木真乃/【夏風渡るdiary】櫻木真乃/お姉ちゃんと呼んだら.csv,49,3001016010410,真乃,"──あ
告知の時間だね……っ",櫻木真乃,【夏風渡るdiary】櫻木真乃,お姉ちゃんと呼んだら
櫻木真乃/【夏風渡るdiary】櫻木真乃/お姉ちゃんと呼んだら.csv,59,3001016010430,真乃,結構……違ってたね……？,櫻木真乃,【夏風渡るdiary】櫻木真乃,お姉ちゃんと呼んだら
櫻木真乃/【夏風渡るdiary】櫻木真乃/お姉ちゃんと呼んだら.csv,64,3001016010470,真乃,うん,櫻木真乃,【夏風渡るdiary】櫻木真乃,お姉ちゃんと呼んだら
櫻木真乃/【夏風渡るdiary】櫻木真乃/お姉ちゃんと呼んだら.csv,66,3001016010490,真乃,ファンのみなさんから,櫻木真乃,【夏風渡るdiary】櫻木真乃,お姉ちゃんと呼んだら
櫻木真乃/【夏風渡るdiary】櫻木真乃/お姉ちゃんと呼んだら.csv,67,3001016010500,真乃,"私たちの知らなかった私たちのこと、
教えてもらう感じがするね",櫻木真乃,【夏風渡るdiary】櫻木真乃,お姉ちゃんと呼んだら
櫻木真乃/【夏風渡るdiary】櫻木真乃/お姉ちゃんと呼んだら.csv,70,3001016010521,真乃＆めぐる,おー！,櫻木真乃,【夏風渡るdiary】櫻木真乃,お姉ちゃんと呼んだら
櫻木真乃/【夏風渡るdiary】櫻木真乃/また会おうね、３人とも.csv,20,3001016030120,真乃,ほわ……っ,櫻木真乃,【夏風渡るdiary】櫻木真乃,また会おうね、３人とも
櫻木真乃/【夏風渡るdiary】櫻木真乃/また会おうね、３人とも.csv,57,3001016030430,真乃,ふふ、そうだね……っ,櫻木真乃,【夏風渡るdiary】櫻木真乃,また会おうね、３人とも
櫻木真乃/【夏風渡るdiary】櫻木真乃/また会おうね、３人とも.csv,58,3001016030440,真乃,"……
まななら──……",櫻木真乃,【夏風渡るdiary】櫻木真乃,また会おうね、３人とも
櫻木真乃/【夏風渡るdiary】櫻木真乃/また会おうね、３人とも.csv,60,3001016030460,真乃,"うん
『綺麗に咲いたね』って言いながら、お世話するのかなって",櫻木真乃,【夏風渡るdiary】櫻木真乃,また会おうね、３人とも
櫻木真乃/【夏風渡るdiary】櫻木真乃/また会おうね、３人とも.csv,62,3001016030480,真乃,"──きっと、このあさがおは、
三姉妹の暮らしをずっと見ていてくれていて……",櫻木真乃,【夏風渡るdiary】櫻木真乃,また会おうね、３人とも
櫻木真乃/【夏風渡るdiary】櫻木真乃/また会おうね、３人とも.csv,63,3001016030490,真乃,"だから、大切に育ててるんじゃないかなって
思ったんだ",櫻木真乃,【夏風渡るdiary】櫻木真乃,また会おうね、３人とも
櫻木真乃/【夏風渡るdiary】櫻木真乃/また会おうね、３人とも.csv,66,3001016030510,真乃,……？,櫻木真乃,【夏風渡るdiary】櫻木真乃,また会おうね、３人とも
櫻木真乃/【夏風渡るdiary】櫻木真乃/また会おうね、３人とも.csv,70,3001016030550,真乃,ほわぁ……っ,櫻木真乃,【夏風渡るdiary】櫻木真乃,また会おうね、３人とも
櫻木真乃/【夏風渡るdiary】櫻木真乃/また会おうね、３人とも.csv,71,3001016030560,真乃,もちろん、大丈夫だよ,櫻木真乃,【夏風渡るdiary】櫻木真乃,また会おうね、３人とも
櫻木真乃/【夏風渡るdiary】櫻木真乃/また会おうね、３人とも.csv,72,3001016030570,真乃,"ふふっ……
楽しみだなぁ……",櫻木真乃,【夏風渡るdiary】櫻木真乃,また会おうね、３人とも
櫻木真乃/【夏風渡るdiary】櫻木真乃/また会おうね、３人とも.csv,74,3001016030590,真乃,"そうしたら、また……ファンのみなさんが、
新しい私たちを見つけてくれるかもしれないな、って……",櫻木真乃,【夏風渡るdiary】櫻木真乃,また会おうね、３人とも
櫻木真乃/【夏風渡るdiary】櫻木真乃/また会おうね、３人とも.csv,75,3001016030600,真乃,めぐるちゃんの投稿でも、ミニドラマでも──,櫻木真乃,【夏風渡るdiary】櫻木真乃,また会おうね、３人とも
櫻木真乃/【夏風渡るdiary】櫻木真乃/また会おうね、３人とも.csv,80,3001016030650,真乃,"──じゃあ、夜の撮影もよろしくお願いします
さおり、めぐみ",櫻木真乃,【夏風渡るdiary】櫻木真乃,また会おうね、３人とも
櫻木真乃/【夏風渡るdiary】櫻木真乃/茜にとけた、こころ.csv,2,3001016020010,真乃,"『こらっ！　もう８時だよ……っ
いい加減起きなさい！』",櫻木真乃,【夏風渡るdiary】櫻木真乃,茜にとけた、こころ
櫻木真乃/【夏風渡るdiary】櫻木真乃/茜にとけた、こころ.csv,4,3001016020030,真乃,"『５分前も同じこと言ってたよ！
起きなさい、お姉ちゃんの言うことを聞きなさい……っ』",櫻木真乃,【夏風渡るdiary】櫻木真乃,茜にとけた、こころ
櫻木真乃/【夏風渡るdiary】櫻木真乃/茜にとけた、こころ.csv,10,3001016020080,真乃,"そんな……っ
私も、全然で──……",櫻木真乃,【夏風渡るdiary】櫻木真乃,茜にとけた、こころ
櫻木真乃/【夏風渡るdiary】櫻木真乃/茜にとけた、こころ.csv,15,3001016020111,真乃＆めぐる,…………,櫻木真乃,【夏風渡るdiary】櫻木真乃,茜にとけた、こころ
櫻木真乃/【夏風渡るdiary】櫻木真乃/茜にとけた、こころ.csv,19,3001016020150,真乃,私も、どのくらい怒ったらいいのかがわからなくて……,櫻木真乃,【夏風渡るdiary】櫻木真乃,茜にとけた、こころ
櫻木真乃/【夏風渡るdiary】櫻木真乃/茜にとけた、こころ.csv,24,3001016020190,真乃,そ、そうだね……っ,櫻木真乃,【夏風渡るdiary】櫻木真乃,茜にとけた、こころ
櫻木真乃/【夏風渡るdiary】櫻木真乃/茜にとけた、こころ.csv,44,3001016020220,真乃,"うん……
ふたりで仲良く食べるんだね",櫻木真乃,【夏風渡るdiary】櫻木真乃,茜にとけた、こころ
櫻木真乃/【夏風渡るdiary】櫻木真乃/茜にとけた、こころ.csv,48,3001016020260,真乃,"そしたら、『自分の分は自分で食べろよ！』
って言って──",櫻木真乃,【夏風渡るdiary】櫻木真乃,茜にとけた、こころ
櫻木真乃/【夏風渡るdiary】櫻木真乃/茜にとけた、こころ.csv,50,3001016020270,真乃,……そうだとしても、仲良し……,櫻木真乃,【夏風渡るdiary】櫻木真乃,茜にとけた、こころ
櫻木真乃/【夏風渡るdiary】櫻木真乃/茜にとけた、こころ.csv,52,3001016020280,真乃,灯織ちゃん、めぐるちゃん,櫻木真乃,【夏風渡るdiary】櫻木真乃,茜にとけた、こころ
櫻木真乃/【夏風渡るdiary】櫻木真乃/茜にとけた、こころ.csv,54,3001016020290,真乃,"それから、さおりちゃん、めぐみちゃん──
じゃなくて……",櫻木真乃,【夏風渡るdiary】櫻木真乃,茜にとけた、こころ
櫻木真乃/【夏風渡るdiary】櫻木真乃/茜にとけた、こころ.csv,55,3001016020300,真乃,『さおり』、『めぐみ』,櫻木真乃,【夏風渡るdiary】櫻木真乃,茜にとけた、こころ
櫻木真乃/【夏風渡るdiary】櫻木真乃/茜にとけた、こころ.csv,59,3001016020330,真乃,頑張ろうね,櫻木真乃,【夏風渡るdiary】櫻木真乃,茜にとけた、こころ
櫻木真乃/【天然色ピクニック】櫻木真乃/おそろいの気持ち.csv,3,3001003020020,真乃,"お疲れ様……
あ、あの……灯織ちゃん？",櫻木真乃,【天然色ピクニック】櫻木真乃,おそろいの気持ち
櫻木真乃/【天然色ピクニック】櫻木真乃/おそろいの気持ち.csv,5,3001003020040,真乃,"プロデューサーさんに聞いたよ
今度、同じ日にお休み取れたって",櫻木真乃,【天然色ピクニック】櫻木真乃,おそろいの気持ち
櫻木真乃/【天然色ピクニック】櫻木真乃/おそろいの気持ち.csv,6,3001003020050,真乃,これでピクニック一緒に行けるね,櫻木真乃,【天然色ピクニック】櫻木真乃,おそろいの気持ち
櫻木真乃/【天然色ピクニック】櫻木真乃/おそろいの気持ち.csv,8,3001003020070,真乃,……えっと、その,櫻木真乃,【天然色ピクニック】櫻木真乃,おそろいの気持ち
櫻木真乃/【天然色ピクニック】櫻木真乃/おそろいの気持ち.csv,9,3001003020080,真乃,"（無理矢理誘っちゃったけど、
本当は行きたくないのかな……）",櫻木真乃,【天然色ピクニック】櫻木真乃,おそろいの気持ち
櫻木真乃/【天然色ピクニック】櫻木真乃/おそろいの気持ち.csv,10,3001003020090,真乃,"（どうしよう……何か言わなくっちゃ……
こういう時、頭の中がまっしろになっちゃう……）",櫻木真乃,【天然色ピクニック】櫻木真乃,おそろいの気持ち
櫻木真乃/【天然色ピクニック】櫻木真乃/おそろいの気持ち.csv,12,3001003020110,真乃,……！　ど、どうしたの？,櫻木真乃,【天然色ピクニック】櫻木真乃,おそろいの気持ち
櫻木真乃/【天然色ピクニック】櫻木真乃/おそろいの気持ち.csv,15,3001003020140,真乃,（お出かけ楽しいピクニック特集……？）,櫻木真乃,【天然色ピクニック】櫻木真乃,おそろいの気持ち
櫻木真乃/【天然色ピクニック】櫻木真乃/おそろいの気持ち.csv,16,3001003020150,真乃,これを、灯織ちゃんが……？,櫻木真乃,【天然色ピクニック】櫻木真乃,おそろいの気持ち
櫻木真乃/【天然色ピクニック】櫻木真乃/おそろいの気持ち.csv,18,3001003020170,真乃,"ううんううん！
全然、変じゃないよっ",櫻木真乃,【天然色ピクニック】櫻木真乃,おそろいの気持ち
櫻木真乃/【天然色ピクニック】櫻木真乃/おそろいの気持ち.csv,20,3001003020190,真乃,"ううん、そんなことないよ
一緒に見よう？",櫻木真乃,【天然色ピクニック】櫻木真乃,おそろいの気持ち
櫻木真乃/【天然色ピクニック】櫻木真乃/おそろいの気持ち.csv,21,3001003020200,真乃,"（ほわぁ、灯織ちゃんがピクニックの本を
借りてきてくれるなんてっ）",櫻木真乃,【天然色ピクニック】櫻木真乃,おそろいの気持ち
櫻木真乃/【天然色ピクニック】櫻木真乃/おそろいの気持ち.csv,22,3001003020210,真乃,"（メンバーとしてだけじゃなく、
距離が近づいたみたい……うれしいなっ）",櫻木真乃,【天然色ピクニック】櫻木真乃,おそろいの気持ち
櫻木真乃/【天然色ピクニック】櫻木真乃/おそろいの気持ち.csv,23,3001003020220,真乃,"あ、見て見て灯織ちゃん
この公園はね、鳥さんたちがたくさんいるんだよ",櫻木真乃,【天然色ピクニック】櫻木真乃,おそろいの気持ち
櫻木真乃/【天然色ピクニック】櫻木真乃/おそろいの気持ち.csv,25,3001003020240,真乃,"あと、こっちの公園は、噴水もあって
お花もたくさん咲いてるんだよ",櫻木真乃,【天然色ピクニック】櫻木真乃,おそろいの気持ち
櫻木真乃/【天然色ピクニック】櫻木真乃/おそろいの気持ち.csv,26,3001003020250,真乃,それでこっちの公園はね──,櫻木真乃,【天然色ピクニック】櫻木真乃,おそろいの気持ち
櫻木真乃/【天然色ピクニック】櫻木真乃/おそろいの気持ち.csv,28,3001003020270,真乃,"うんっこの雑誌に載ってる所は
ほとんど行ったことがあると思うよ",櫻木真乃,【天然色ピクニック】櫻木真乃,おそろいの気持ち
櫻木真乃/【天然色ピクニック】櫻木真乃/おそろいの気持ち.csv,30,3001003020290,真乃,"もちろんあるよ
そこにはよく、お散歩に行くのっ",櫻木真乃,【天然色ピクニック】櫻木真乃,おそろいの気持ち
櫻木真乃/【天然色ピクニック】櫻木真乃/おそろいの気持ち.csv,32,3001003020310,真乃,いいの……？,櫻木真乃,【天然色ピクニック】櫻木真乃,おそろいの気持ち
櫻木真乃/【天然色ピクニック】櫻木真乃/おそろいの気持ち.csv,34,3001003020330,真乃,"（灯織ちゃんが、私の好きなところに
行ってみたいって……ほわぁ～うれしいな）",櫻木真乃,【天然色ピクニック】櫻木真乃,おそろいの気持ち
櫻木真乃/【天然色ピクニック】櫻木真乃/おそろいの気持ち.csv,36,3001003020350,真乃,"作るよっ
灯織ちゃんの分も作るからね",櫻木真乃,【天然色ピクニック】櫻木真乃,おそろいの気持ち
櫻木真乃/【天然色ピクニック】櫻木真乃/おそろいの気持ち.csv,39,3001003020380,真乃,"ほわっ
わかったよ",櫻木真乃,【天然色ピクニック】櫻木真乃,おそろいの気持ち
櫻木真乃/【天然色ピクニック】櫻木真乃/おそろいの気持ち.csv,41,3001003020400,真乃,"そうかな。
ふふ、ピクニックが楽しみだからかな～",櫻木真乃,【天然色ピクニック】櫻木真乃,おそろいの気持ち
櫻木真乃/【天然色ピクニック】櫻木真乃/おそろいの気持ち.csv,43,3001003020420,真乃,"本当に？
ほわぁ～、うれしい～",櫻木真乃,【天然色ピクニック】櫻木真乃,おそろいの気持ち
櫻木真乃/【天然色ピクニック】櫻木真乃/おそろいの気持ち.csv,44,3001003020430,真乃,"（灯織ちゃんもお弁当作ってきてくれるんだ……
それに楽しみって……）",櫻木真乃,【天然色ピクニック】櫻木真乃,おそろいの気持ち
櫻木真乃/【天然色ピクニック】櫻木真乃/おそろいの気持ち.csv,45,3001003020440,真乃,（早く次のお休み来ないかなぁ……）,櫻木真乃,【天然色ピクニック】櫻木真乃,おそろいの気持ち
櫻木真乃/【天然色ピクニック】櫻木真乃/ふたりの好きなもの.csv,2,3001003030010,真乃,"ここだよ～、灯織ちゃんっ
持ってきたレジャーシートを敷くね",櫻木真乃,【天然色ピクニック】櫻木真乃,ふたりの好きなもの
櫻木真乃/【天然色ピクニック】櫻木真乃/ふたりの好きなもの.csv,4,3001003030030,真乃,"うん、今日お天気良くてよかったね
ピクニック日和だよ",櫻木真乃,【天然色ピクニック】櫻木真乃,ふたりの好きなもの
櫻木真乃/【天然色ピクニック】櫻木真乃/ふたりの好きなもの.csv,6,3001003030050,真乃,"ほわぁ～、こんなぽかぽかの日に
お昼寝すると気持ちいいんだよ～",櫻木真乃,【天然色ピクニック】櫻木真乃,ふたりの好きなもの
櫻木真乃/【天然色ピクニック】櫻木真乃/ふたりの好きなもの.csv,8,3001003030070,真乃,そっか、じゃあ今日はやめておくよ,櫻木真乃,【天然色ピクニック】櫻木真乃,ふたりの好きなもの
櫻木真乃/【天然色ピクニック】櫻木真乃/ふたりの好きなもの.csv,9,3001003030080,真乃,"……あ、鳩さんだ
こんにちは、いいお天気だね～",櫻木真乃,【天然色ピクニック】櫻木真乃,ふたりの好きなもの
櫻木真乃/【天然色ピクニック】櫻木真乃/ふたりの好きなもの.csv,11,3001003030100,真乃,"ほわっ
な、なんだか恥ずかしいよ……",櫻木真乃,【天然色ピクニック】櫻木真乃,ふたりの好きなもの
櫻木真乃/【天然色ピクニック】櫻木真乃/ふたりの好きなもの.csv,12,3001003030110,真乃,"……でも、
私もいろんな鳥さんたちと遊んでると癒されるんだ",櫻木真乃,【天然色ピクニック】櫻木真乃,ふたりの好きなもの
櫻木真乃/【天然色ピクニック】櫻木真乃/ふたりの好きなもの.csv,15,3001003030140,真乃,そうだね、お弁当を食べよう,櫻木真乃,【天然色ピクニック】櫻木真乃,ふたりの好きなもの
櫻木真乃/【天然色ピクニック】櫻木真乃/ふたりの好きなもの.csv,17,3001003030160,真乃,"鳩さんなら寄ってきても大丈夫だよ
みんないい子さんばかりだから",櫻木真乃,【天然色ピクニック】櫻木真乃,ふたりの好きなもの
櫻木真乃/【天然色ピクニック】櫻木真乃/ふたりの好きなもの.csv,19,3001003030180,真乃,"今日は張り切ってお弁当作ったの
……灯織ちゃんもよかったらどうぞっ",櫻木真乃,【天然色ピクニック】櫻木真乃,ふたりの好きなもの
櫻木真乃/【天然色ピクニック】櫻木真乃/ふたりの好きなもの.csv,21,3001003030200,真乃,"ほわっ、すごいっ
おかずがたくさん入ってて美味しそう",櫻木真乃,【天然色ピクニック】櫻木真乃,ふたりの好きなもの
櫻木真乃/【天然色ピクニック】櫻木真乃/ふたりの好きなもの.csv,23,3001003030220,真乃,"ほわ～！　でも、どれも手が込んでいるようにみえるよっ
灯織ちゃん、お料理上手なんだね！",櫻木真乃,【天然色ピクニック】櫻木真乃,ふたりの好きなもの
櫻木真乃/【天然色ピクニック】櫻木真乃/ふたりの好きなもの.csv,25,3001003030240,真乃,"……！　いつも家事をしているの……！！
灯織ちゃんすごいなぁ～",櫻木真乃,【天然色ピクニック】櫻木真乃,ふたりの好きなもの
櫻木真乃/【天然色ピクニック】櫻木真乃/ふたりの好きなもの.csv,26,3001003030250,真乃,だからこんなに美味しそうなお弁当が作れるんだね,櫻木真乃,【天然色ピクニック】櫻木真乃,ふたりの好きなもの
櫻木真乃/【天然色ピクニック】櫻木真乃/ふたりの好きなもの.csv,28,3001003030270,真乃,"ほわっ、そうだね……ごめんなさい灯織ちゃん
一緒にピクニックに来れたことが嬉しくって",櫻木真乃,【天然色ピクニック】櫻木真乃,ふたりの好きなもの
櫻木真乃/【天然色ピクニック】櫻木真乃/ふたりの好きなもの.csv,29,3001003030280,真乃,……ふふっ、お弁当たべようかっ,櫻木真乃,【天然色ピクニック】櫻木真乃,ふたりの好きなもの
櫻木真乃/【天然色ピクニック】櫻木真乃/ふたりの好きなもの.csv,30,3001003030290,真乃,"ほわぁ～
灯織ちゃんのハンバーグ美味しい～",櫻木真乃,【天然色ピクニック】櫻木真乃,ふたりの好きなもの
櫻木真乃/【天然色ピクニック】櫻木真乃/ふたりの好きなもの.csv,32,3001003030310,真乃,ほわ、どうしたの？,櫻木真乃,【天然色ピクニック】櫻木真乃,ふたりの好きなもの
櫻木真乃/【天然色ピクニック】櫻木真乃/ふたりの好きなもの.csv,34,3001003030330,真乃,"ほわっ
どこ……？　どこ……？",櫻木真乃,【天然色ピクニック】櫻木真乃,ふたりの好きなもの
櫻木真乃/【天然色ピクニック】櫻木真乃/ふたりの好きなもの.csv,37,3001003030360,真乃,ありがとう灯織ちゃん,櫻木真乃,【天然色ピクニック】櫻木真乃,ふたりの好きなもの
櫻木真乃/【天然色ピクニック】櫻木真乃/ふたりの好きなもの.csv,42,3001003030410,真乃,"ほわわっ……
そんなふうに言われると、うれしいかも……",櫻木真乃,【天然色ピクニック】櫻木真乃,ふたりの好きなもの
櫻木真乃/【天然色ピクニック】櫻木真乃/ふたりの好きなもの.csv,45,3001003030440,真乃,"……灯織ちゃんはどうかな？
どんなのが好き？",櫻木真乃,【天然色ピクニック】櫻木真乃,ふたりの好きなもの
櫻木真乃/【天然色ピクニック】櫻木真乃/ふたりの好きなもの.csv,49,3001003030480,真乃,"そっか……それなら灯織ちゃんにも、
公園や鳥さんを好きになって欲しいな",櫻木真乃,【天然色ピクニック】櫻木真乃,ふたりの好きなもの
櫻木真乃/【天然色ピクニック】櫻木真乃/ふたりの好きなもの.csv,50,3001003030490,真乃,"でも、灯織ちゃんは私とは違うものが
好きになるかもしれないよね",櫻木真乃,【天然色ピクニック】櫻木真乃,ふたりの好きなもの
櫻木真乃/【天然色ピクニック】櫻木真乃/ふたりの好きなもの.csv,51,3001003030500,真乃,"それが何かはわからないけど……
でも私……お手伝いしたいっ",櫻木真乃,【天然色ピクニック】櫻木真乃,ふたりの好きなもの
櫻木真乃/【天然色ピクニック】櫻木真乃/ふたりの好きなもの.csv,53,3001003030520,真乃,"うん、私……灯織ちゃんが
好きなものを見つけるお手伝いをしたいな",櫻木真乃,【天然色ピクニック】櫻木真乃,ふたりの好きなもの
櫻木真乃/【天然色ピクニック】櫻木真乃/ふたりの好きなもの.csv,54,3001003030530,真乃,"灯織ちゃんが好きって言えるもの
私も一緒に探したい",櫻木真乃,【天然色ピクニック】櫻木真乃,ふたりの好きなもの
櫻木真乃/【天然色ピクニック】櫻木真乃/ふたりの好きなもの.csv,57,3001003030560,真乃,それもあるけど、それだけじゃない……かな,櫻木真乃,【天然色ピクニック】櫻木真乃,ふたりの好きなもの
櫻木真乃/【天然色ピクニック】櫻木真乃/ふたりの好きなもの.csv,58,3001003030570,真乃,"うまく言えないけど、
きっと灯織ちゃんが今日来てくれたのと同じ理由だよ？",櫻木真乃,【天然色ピクニック】櫻木真乃,ふたりの好きなもの
櫻木真乃/【天然色ピクニック】櫻木真乃/ふたりの好きなもの.csv,61,3001003030600,真乃,"うん、
どんなのが見つかるか、楽しみだね",櫻木真乃,【天然色ピクニック】櫻木真乃,ふたりの好きなもの
櫻木真乃/【天然色ピクニック】櫻木真乃/公園と約束.csv,2,3001003010010,真乃,"ほわぁ……とってもいいお天気だね
鳩さんたちも気持ちいいかな？",櫻木真乃,【天然色ピクニック】櫻木真乃,公園と約束
櫻木真乃/【天然色ピクニック】櫻木真乃/公園と約束.csv,3,3001003010020,真乃,"……ふふ
気持ちよさそうだね",櫻木真乃,【天然色ピクニック】櫻木真乃,公園と約束
櫻木真乃/【天然色ピクニック】櫻木真乃/公園と約束.csv,5,3001003010040,真乃,あっ、灯織ちゃん……,櫻木真乃,【天然色ピクニック】櫻木真乃,公園と約束
櫻木真乃/【天然色ピクニック】櫻木真乃/公園と約束.csv,7,3001003010060,真乃,"うん……
何かあったのかな……？",櫻木真乃,【天然色ピクニック】櫻木真乃,公園と約束
櫻木真乃/【天然色ピクニック】櫻木真乃/公園と約束.csv,10,3001003010090,真乃,"そうだったんだね、
私、灯織ちゃんに何か迷惑かけちゃったのかと思った……",櫻木真乃,【天然色ピクニック】櫻木真乃,公園と約束
櫻木真乃/【天然色ピクニック】櫻木真乃/公園と約束.csv,12,3001003010110,真乃,"え？
ううん、そういうわけじゃ……",櫻木真乃,【天然色ピクニック】櫻木真乃,公園と約束
櫻木真乃/【天然色ピクニック】櫻木真乃/公園と約束.csv,14,3001003010130,真乃,"そ、そうだね……
ほわわ……",櫻木真乃,【天然色ピクニック】櫻木真乃,公園と約束
櫻木真乃/【天然色ピクニック】櫻木真乃/公園と約束.csv,17,3001003010160,真乃,"あ、そっか！
ごめんなさい、ちゃんと事務所にいないとだよね",櫻木真乃,【天然色ピクニック】櫻木真乃,公園と約束
櫻木真乃/【天然色ピクニック】櫻木真乃/公園と約束.csv,18,3001003010170,真乃,すぐに戻るから──,櫻木真乃,【天然色ピクニック】櫻木真乃,公園と約束
櫻木真乃/【天然色ピクニック】櫻木真乃/公園と約束.csv,21,3001003010200,真乃,"ほわっ、あ……えっと、
お天気がよかったからだよ",櫻木真乃,【天然色ピクニック】櫻木真乃,公園と約束
櫻木真乃/【天然色ピクニック】櫻木真乃/公園と約束.csv,22,3001003010210,真乃,"私ね、公園が好きなの
鳩さんたちとお話するのも好きなんだ",櫻木真乃,【天然色ピクニック】櫻木真乃,公園と約束
櫻木真乃/【天然色ピクニック】櫻木真乃/公園と約束.csv,23,3001003010220,真乃,だからよく、ここに来るんだよ,櫻木真乃,【天然色ピクニック】櫻木真乃,公園と約束
櫻木真乃/【天然色ピクニック】櫻木真乃/公園と約束.csv,25,3001003010240,真乃,あの……私、変なこと言った……かな？,櫻木真乃,【天然色ピクニック】櫻木真乃,公園と約束
櫻木真乃/【天然色ピクニック】櫻木真乃/公園と約束.csv,28,3001003010270,真乃,そう……かな？,櫻木真乃,【天然色ピクニック】櫻木真乃,公園と約束
櫻木真乃/【天然色ピクニック】櫻木真乃/公園と約束.csv,30,3001003010290,真乃,ほわ……そうなのかな……？,櫻木真乃,【天然色ピクニック】櫻木真乃,公園と約束
櫻木真乃/【天然色ピクニック】櫻木真乃/公園と約束.csv,32,3001003010310,真乃,"自然がいっぱいのところに、
お出かけするのも好きだよ",櫻木真乃,【天然色ピクニック】櫻木真乃,公園と約束
櫻木真乃/【天然色ピクニック】櫻木真乃/公園と約束.csv,33,3001003010320,真乃,"例えば、
お弁当を持ってピクニックとか……",櫻木真乃,【天然色ピクニック】櫻木真乃,公園と約束
櫻木真乃/【天然色ピクニック】櫻木真乃/公園と約束.csv,35,3001003010340,真乃,"えっと……灯織ちゃん、あのね
……その、急にお願いして驚くと思うんだけど",櫻木真乃,【天然色ピクニック】櫻木真乃,公園と約束
櫻木真乃/【天然色ピクニック】櫻木真乃/公園と約束.csv,36,3001003010350,真乃,"……こっ、今度、
一緒にピクニックに行って……欲しいな？",櫻木真乃,【天然色ピクニック】櫻木真乃,公園と約束
櫻木真乃/【天然色ピクニック】櫻木真乃/公園と約束.csv,38,3001003010370,真乃,あ、でも……迷惑だったら別に……？,櫻木真乃,【天然色ピクニック】櫻木真乃,公園と約束
櫻木真乃/【天然色ピクニック】櫻木真乃/公園と約束.csv,40,3001003010390,真乃,"ほわっ
本当にいいの？",櫻木真乃,【天然色ピクニック】櫻木真乃,公園と約束
櫻木真乃/【天然色ピクニック】櫻木真乃/公園と約束.csv,42,3001003010410,真乃,"じゃあ、
私お弁当作るから、一緒に食べようねっ",櫻木真乃,【天然色ピクニック】櫻木真乃,公園と約束
櫻木真乃/【春日影、さんならび】櫻木真乃/春行く道.csv,2,3001017030010,真乃,いってきます……っ,櫻木真乃,【春日影、さんならび】櫻木真乃,春行く道
櫻木真乃/【春日影、さんならび】櫻木真乃/春行く道.csv,6,3001017030020,真乃,…………,櫻木真乃,【春日影、さんならび】櫻木真乃,春行く道
櫻木真乃/【春日影、さんならび】櫻木真乃/春行く道.csv,7,3001017030030,真乃,──……,櫻木真乃,【春日影、さんならび】櫻木真乃,春行く道
櫻木真乃/【春日影、さんならび】櫻木真乃/春行く道.csv,9,3001017030040,真乃,……綺麗な青……──,櫻木真乃,【春日影、さんならび】櫻木真乃,春行く道
櫻木真乃/【春日影、さんならび】櫻木真乃/春行く道.csv,10,3001017030050,真乃,……ふふっ,櫻木真乃,【春日影、さんならび】櫻木真乃,春行く道
櫻木真乃/【春日影、さんならび】櫻木真乃/春行く道.csv,12,3001017030060,真乃,……っ,櫻木真乃,【春日影、さんならび】櫻木真乃,春行く道
櫻木真乃/【春日影、さんならび】櫻木真乃/春行く道.csv,15,3001017030070,真乃,──……,櫻木真乃,【春日影、さんならび】櫻木真乃,春行く道
櫻木真乃/【春日影、さんならび】櫻木真乃/春行く道.csv,16,3001017030080,真乃,私も次はピーちゃんと一緒に来よう,櫻木真乃,【春日影、さんならび】櫻木真乃,春行く道
櫻木真乃/【春日影、さんならび】櫻木真乃/春行く道.csv,18,3001017030090,真乃,はい,櫻木真乃,【春日影、さんならび】櫻木真乃,春行く道
櫻木真乃/【春日影、さんならび】櫻木真乃/春行く道.csv,20,3001017030100,真乃,30分くらいです,櫻木真乃,【春日影、さんならび】櫻木真乃,春行く道
櫻木真乃/【春日影、さんならび】櫻木真乃/春行く道.csv,22,3001017030110,真乃,……？,櫻木真乃,【春日影、さんならび】櫻木真乃,春行く道
櫻木真乃/【春日影、さんならび】櫻木真乃/春行く道.csv,24,3001017030120,真乃,ほわ……,櫻木真乃,【春日影、さんならび】櫻木真乃,春行く道
櫻木真乃/【春日影、さんならび】櫻木真乃/春行く道.csv,25,3001017030130,真乃,────……,櫻木真乃,【春日影、さんならび】櫻木真乃,春行く道
櫻木真乃/【春日影、さんならび】櫻木真乃/春行く道.csv,29,3001017030140,真乃,そうなんですね……っ,櫻木真乃,【春日影、さんならび】櫻木真乃,春行く道
櫻木真乃/【春日影、さんならび】櫻木真乃/春行く道.csv,30,3001017030150,真乃,"あの……っ
それじゃあ、一枚頂いてもいいでしょうか……？",櫻木真乃,【春日影、さんならび】櫻木真乃,春行く道
櫻木真乃/【春日影、さんならび】櫻木真乃/春行く道.csv,33,3001017030160,真乃,ありがとうございます,櫻木真乃,【春日影、さんならび】櫻木真乃,春行く道
櫻木真乃/【春日影、さんならび】櫻木真乃/春行く道.csv,34,3001017030170,真乃,……,櫻木真乃,【春日影、さんならび】櫻木真乃,春行く道
櫻木真乃/【春日影、さんならび】櫻木真乃/春行く道.csv,36,3001017030180,真乃,……,櫻木真乃,【春日影、さんならび】櫻木真乃,春行く道
櫻木真乃/【春日影、さんならび】櫻木真乃/春行く道.csv,37,3001017030190,真乃,"ケーキ……
どうしよう……",櫻木真乃,【春日影、さんならび】櫻木真乃,春行く道
櫻木真乃/【春日影、さんならび】櫻木真乃/春行く道.csv,38,3001017030200,真乃,……うーん……,櫻木真乃,【春日影、さんならび】櫻木真乃,春行く道
櫻木真乃/【春日影、さんならび】櫻木真乃/春行く道.csv,39,3001017030210,真乃,……少しだけっ,櫻木真乃,【春日影、さんならび】櫻木真乃,春行く道
櫻木真乃/【春日影、さんならび】櫻木真乃/春行く道.csv,40,3001017030220,真乃,…………,櫻木真乃,【春日影、さんならび】櫻木真乃,春行く道
櫻木真乃/【春日影、さんならび】櫻木真乃/春行く道.csv,41,3001017030230,真乃,……しゃんとして……,櫻木真乃,【春日影、さんならび】櫻木真乃,春行く道
櫻木真乃/【春日影、さんならび】櫻木真乃/春行く道.csv,42,3001017030240,真乃,背筋が伸びる…………──,櫻木真乃,【春日影、さんならび】櫻木真乃,春行く道
櫻木真乃/【春日影、さんならび】櫻木真乃/春行く道.csv,43,3001017030250,真乃,ほわ、メジロさんも……,櫻木真乃,【春日影、さんならび】櫻木真乃,春行く道
櫻木真乃/【春日影、さんならび】櫻木真乃/春行く道.csv,44,3001017030260,真乃,ふふ,櫻木真乃,【春日影、さんならび】櫻木真乃,春行く道
櫻木真乃/【春日影、さんならび】櫻木真乃/春行く道.csv,45,3001017030270,真乃,"これからも
灯織ちゃんと、めぐるちゃんと一緒に──……",櫻木真乃,【春日影、さんならび】櫻木真乃,春行く道
櫻木真乃/【春日影、さんならび】櫻木真乃/春行く道.csv,46,3001017030280,真乃,"イルミネーションスターズとして
３人でお仕事を頑張っていけますように",櫻木真乃,【春日影、さんならび】櫻木真乃,春行く道
櫻木真乃/【春日影、さんならび】櫻木真乃/春行く道.csv,47,3001017030290,真乃,……,櫻木真乃,【春日影、さんならび】櫻木真乃,春行く道
櫻木真乃/【春日影、さんならび】櫻木真乃/春行く道.csv,48,3001017030300,真乃,……,櫻木真乃,【春日影、さんならび】櫻木真乃,春行く道
櫻木真乃/【春日影、さんならび】櫻木真乃/春行く道.csv,49,3001017030310,真乃,…………──よしっ,櫻木真乃,【春日影、さんならび】櫻木真乃,春行く道
櫻木真乃/【春日影、さんならび】櫻木真乃/春行く道.csv,50,3001017030320,真乃,ふふっ,櫻木真乃,【春日影、さんならび】櫻木真乃,春行く道
櫻木真乃/【春日影、さんならび】櫻木真乃/春行く道.csv,51,3001017030330,真乃,ただいま,櫻木真乃,【春日影、さんならび】櫻木真乃,春行く道
櫻木真乃/【春日影、さんならび】櫻木真乃/春降る道.csv,2,3001017010010,真乃,いってきます……っ,櫻木真乃,【春日影、さんならび】櫻木真乃,春降る道
櫻木真乃/【春日影、さんならび】櫻木真乃/春降る道.csv,3,3001017010020,真乃,ほわ……,櫻木真乃,【春日影、さんならび】櫻木真乃,春降る道
櫻木真乃/【春日影、さんならび】櫻木真乃/春降る道.csv,4,3001017010030,真乃,"（メジロさん……
どこにいるんだろう……）",櫻木真乃,【春日影、さんならび】櫻木真乃,春降る道
櫻木真乃/【春日影、さんならび】櫻木真乃/春降る道.csv,5,3001017010040,真乃,ふふ……,櫻木真乃,【春日影、さんならび】櫻木真乃,春降る道
櫻木真乃/【春日影、さんならび】櫻木真乃/春降る道.csv,6,3001017010050,真乃,ほわ……,櫻木真乃,【春日影、さんならび】櫻木真乃,春降る道
櫻木真乃/【春日影、さんならび】櫻木真乃/春降る道.csv,9,3001017010080,真乃,"うん……っ
メジロさん……っ",櫻木真乃,【春日影、さんならび】櫻木真乃,春降る道
櫻木真乃/【春日影、さんならび】櫻木真乃/春降る道.csv,11,3001017010100,真乃,"ふふ
今回は、灯織ちゃんも見つけてくれたから",櫻木真乃,【春日影、さんならび】櫻木真乃,春降る道
櫻木真乃/【春日影、さんならび】櫻木真乃/春降る道.csv,17,3001017010160,真乃,……メジロさんのイルミネーションスターズ……,櫻木真乃,【春日影、さんならび】櫻木真乃,春降る道
櫻木真乃/【春日影、さんならび】櫻木真乃/春降る道.csv,19,3001017010180,真乃,（今日は、どうかな……っ）,櫻木真乃,【春日影、さんならび】櫻木真乃,春降る道
櫻木真乃/【春日影、さんならび】櫻木真乃/春降る道.csv,20,3001017010190,真乃,ふふふ……っ,櫻木真乃,【春日影、さんならび】櫻木真乃,春降る道
櫻木真乃/【春日影、さんならび】櫻木真乃/春降る道.csv,29,3001017010270,真乃,────……,櫻木真乃,【春日影、さんならび】櫻木真乃,春降る道
櫻木真乃/【春日影、さんならび】櫻木真乃/春降る道.csv,30,3001017010280,真乃,大切にしなきゃ……,櫻木真乃,【春日影、さんならび】櫻木真乃,春降る道
櫻木真乃/【春日影、さんならび】櫻木真乃/春降る道.csv,31,3001017010290,真乃,あ……,櫻木真乃,【春日影、さんならび】櫻木真乃,春降る道
櫻木真乃/【春日影、さんならび】櫻木真乃/春降る道.csv,32,3001017010300,真乃,"えっと……
空気が、澄んでるような気がして……",櫻木真乃,【春日影、さんならび】櫻木真乃,春降る道
櫻木真乃/【春日影、さんならび】櫻木真乃/春降る道.csv,33,3001017010310,真乃,とっても綺麗だと思ったから……,櫻木真乃,【春日影、さんならび】櫻木真乃,春降る道
櫻木真乃/【春日影、さんならび】櫻木真乃/春降る道.csv,34,3001017010320,真乃,"撮影の時に、この雰囲気を壊さないようにしなきゃ、
って……",櫻木真乃,【春日影、さんならび】櫻木真乃,春降る道
櫻木真乃/【春日影、さんならび】櫻木真乃/春降る道.csv,39,3001017010361,真乃＆めぐる,うん,櫻木真乃,【春日影、さんならび】櫻木真乃,春降る道
櫻木真乃/【春日影、さんならび】櫻木真乃/春降る道.csv,42,3001017010370,真乃,"メジロさん……っ
おひとりですか……？",櫻木真乃,【春日影、さんならび】櫻木真乃,春降る道
櫻木真乃/【春日影、さんならび】櫻木真乃/春降る道.csv,43,3001017010380,真乃,ほわ……っ,櫻木真乃,【春日影、さんならび】櫻木真乃,春降る道
櫻木真乃/【春日影、さんならび】櫻木真乃/春降る道.csv,44,3001017010390,真乃,"ふふっ
お友達、来てくれたんだね……っ",櫻木真乃,【春日影、さんならび】櫻木真乃,春降る道
櫻木真乃/【春日影、さんならび】櫻木真乃/春降る道.csv,49,3001017010430,真乃,"灯織ちゃん、めぐるちゃん……っ
おはよう……っ",櫻木真乃,【春日影、さんならび】櫻木真乃,春降る道
櫻木真乃/【春日影、さんならび】櫻木真乃/春降る道.csv,53,3001017010470,真乃,あ、あのね……っ,櫻木真乃,【春日影、さんならび】櫻木真乃,春降る道
櫻木真乃/【春日影、さんならび】櫻木真乃/春降る道.csv,54,3001017010480,真乃,今日も、メジロさんの私たちを見つけたの……っ,櫻木真乃,【春日影、さんならび】櫻木真乃,春降る道
櫻木真乃/【春日影、さんならび】櫻木真乃/違え、合う.csv,48,3001017020380,真乃,（──ふふ、楽しみだなぁ）,櫻木真乃,【春日影、さんならび】櫻木真乃,違え、合う
櫻木真乃/【春日影、さんならび】櫻木真乃/違え、合う.csv,49,3001017020390,真乃,"（灯織ちゃんとめぐるちゃんが来たら
『お疲れさま』って言って──）",櫻木真乃,【春日影、さんならび】櫻木真乃,違え、合う
櫻木真乃/【春日影、さんならび】櫻木真乃/違え、合う.csv,50,3001017020400,真乃,（……飲み物とか、あった方がいいかな）,櫻木真乃,【春日影、さんならび】櫻木真乃,違え、合う
櫻木真乃/【春日影、さんならび】櫻木真乃/違え、合う.csv,51,3001017020410,真乃,"（ふたりとも、体を動かすお仕事の後だったよね……
少しゆっくりしてもらって……）",櫻木真乃,【春日影、さんならび】櫻木真乃,違え、合う
櫻木真乃/【春日影、さんならび】櫻木真乃/違え、合う.csv,52,3001017020420,真乃,（……何が飲みたいだろう……？）,櫻木真乃,【春日影、さんならび】櫻木真乃,違え、合う
櫻木真乃/【春日影、さんならび】櫻木真乃/違え、合う.csv,53,3001017020430,真乃,（……っ、充電……）,櫻木真乃,【春日影、さんならび】櫻木真乃,違え、合う
櫻木真乃/【春日影、さんならび】櫻木真乃/違え、合う.csv,54,3001017020440,真乃,"（充電しなくちゃ……っ
待ち合わせ、迷惑かけちゃう……っ）",櫻木真乃,【春日影、さんならび】櫻木真乃,違え、合う
櫻木真乃/【春日影、さんならび】櫻木真乃/違え、合う.csv,58,3001017020470,真乃,"ううん……っ
私の方こそ、ずっと連絡取れなくしちゃって……っ",櫻木真乃,【春日影、さんならび】櫻木真乃,違え、合う
櫻木真乃/【春日影、さんならび】櫻木真乃/違え、合う.csv,59,3001017020480,真乃,"すぐにお返事できてたら、
こんなことにならなかったのに……っ",櫻木真乃,【春日影、さんならび】櫻木真乃,違え、合う
櫻木真乃/【春日影、さんならび】櫻木真乃/違え、合う.csv,64,3001017020510,真乃,そんな……っ,櫻木真乃,【春日影、さんならび】櫻木真乃,違え、合う
櫻木真乃/【春日影、さんならび】櫻木真乃/違え、合う.csv,65,3001017020520,真乃,"灯織ちゃんとめぐるちゃんの気持ち、
とってもうれしいよ",櫻木真乃,【春日影、さんならび】櫻木真乃,違え、合う
櫻木真乃/【春日影、さんならび】櫻木真乃/違え、合う.csv,66,3001017020530,真乃,"あの……でも
心配させちゃったのは、ごめんなさい……",櫻木真乃,【春日影、さんならび】櫻木真乃,違え、合う
櫻木真乃/【春日影、さんならび】櫻木真乃/違え、合う.csv,70,3001017020560,真乃,うん……っ,櫻木真乃,【春日影、さんならび】櫻木真乃,違え、合う
櫻木真乃/【月へようこそ】櫻木真乃/1.300102201（4.1).csv,3,3001022010010,真乃,"……こんにちは
特別リポーターに就任しました……",櫻木真乃,【月へようこそ】櫻木真乃,1.300102201（4.1)
櫻木真乃/【月へようこそ】櫻木真乃/1.300102201（4.1).csv,7,3001022010040,真乃,"それでは……
せーの……っ",櫻木真乃,【月へようこそ】櫻木真乃,1.300102201（4.1)
櫻木真乃/【月へようこそ】櫻木真乃/1.300102201（4.1).csv,11,3001022010060,真乃,"……ジャンプしたら
次の場所に瞬間移動する……？",櫻木真乃,【月へようこそ】櫻木真乃,1.300102201（4.1)
櫻木真乃/【月へようこそ】櫻木真乃/1.300102201（4.1).csv,14,3001022010090,真乃,せーの……っ,櫻木真乃,【月へようこそ】櫻木真乃,1.300102201（4.1)
櫻木真乃/【月へようこそ】櫻木真乃/1.300102201（4.1).csv,18,3001022010130,真乃,"常設展のグッズも、宇宙食とか……
模型とかあって、気になっちゃうけど……",櫻木真乃,【月へようこそ】櫻木真乃,1.300102201（4.1)
櫻木真乃/【月へようこそ】櫻木真乃/1.300102201（4.1).csv,20,3001022010150,真乃,任務……？,櫻木真乃,【月へようこそ】櫻木真乃,1.300102201（4.1)
櫻木真乃/【月へようこそ】櫻木真乃/1.300102201（4.1).csv,25,3001022010200,真乃,"ほわ……
地球の未来のために、頑張らないと……っ",櫻木真乃,【月へようこそ】櫻木真乃,1.300102201（4.1)
櫻木真乃/【月へようこそ】櫻木真乃/1.300102201（4.1).csv,30,3001022010250,真乃,……それじゃあ、早速中に入ってみよう……,櫻木真乃,【月へようこそ】櫻木真乃,1.300102201（4.1)
櫻木真乃/【月へようこそ】櫻木真乃/1.300102201（4.1).csv,34,3001022010290,真乃,……すごく、遠い未来の話に感じてたけど……,櫻木真乃,【月へようこそ】櫻木真乃,1.300102201（4.1)
櫻木真乃/【月へようこそ】櫻木真乃/1.300102201（4.1).csv,35,3001022010300,真乃,"もう、そんなに開発が進んでるんだ……
もうすぐ月に住めちゃうなんて……すごいな……",櫻木真乃,【月へようこそ】櫻木真乃,1.300102201（4.1)
櫻木真乃/【月へようこそ】櫻木真乃/1.300102201（4.1).csv,38,3001022010330,真乃,"いよいよ……
月面探査機『ツバサ号』に搭乗します……",櫻木真乃,【月へようこそ】櫻木真乃,1.300102201（4.1)
櫻木真乃/【月へようこそ】櫻木真乃/1.300102201（4.1).csv,42,3001022010350,真乃,"ほわぁ……
星が窓の外を流れていくよ……",櫻木真乃,【月へようこそ】櫻木真乃,1.300102201（4.1)
櫻木真乃/【月へようこそ】櫻木真乃/1.300102201（4.1).csv,48,3001022010410,真乃,"……地球に比べたら小さくて……
ひとりひとりの時間は限られてて……",櫻木真乃,【月へようこそ】櫻木真乃,1.300102201（4.1)
櫻木真乃/【月へようこそ】櫻木真乃/1.300102201（4.1).csv,49,3001022010420,真乃,"昔、月を見上げていた人は……
そこに住もうなんて考えもしなかったかも……",櫻木真乃,【月へようこそ】櫻木真乃,1.300102201（4.1)
櫻木真乃/【月へようこそ】櫻木真乃/1.300102201（4.1).csv,50,3001022010430,真乃,"……だから、こうしたいなって思えることは……
諦めたらもったいないのかな……",櫻木真乃,【月へようこそ】櫻木真乃,1.300102201（4.1)
櫻木真乃/【月へようこそ】櫻木真乃/1.300102201（4.1).csv,54,3001022010470,真乃,うん……,櫻木真乃,【月へようこそ】櫻木真乃,1.300102201（4.1)
櫻木真乃/【月へようこそ】櫻木真乃/1.300102201（4.1).csv,58,3001022010500,真乃,"うん……
月に来た記念に……",櫻木真乃,【月へようこそ】櫻木真乃,1.300102201（4.1)
櫻木真乃/【月へようこそ】櫻木真乃/1.300102201（4.1).csv,62,3001022010530,真乃,ありがとうございました……っ,櫻木真乃,【月へようこそ】櫻木真乃,1.300102201（4.1)
櫻木真乃/【月へようこそ】櫻木真乃/2.300102202（4.1).csv,2,3001022020010,真乃,"……ここはラボエリアです……
基地のなかでお野菜を育ててるよ……",櫻木真乃,【月へようこそ】櫻木真乃,2.300102202（4.1)
櫻木真乃/【月へようこそ】櫻木真乃/2.300102202（4.1).csv,7,3001022020060,真乃,『レゴリス』……？,櫻木真乃,【月へようこそ】櫻木真乃,2.300102202（4.1)
櫻木真乃/【月へようこそ】櫻木真乃/2.300102202（4.1).csv,10,3001022020090,真乃,うん……っ,櫻木真乃,【月へようこそ】櫻木真乃,2.300102202（4.1)
櫻木真乃/【月へようこそ】櫻木真乃/2.300102202（4.1).csv,14,3001022020130,真乃,"『レゴリスを触ってみよう！』……だって
箱に手袋がくっついてるから、ここに手を通して……",櫻木真乃,【月へようこそ】櫻木真乃,2.300102202（4.1)
櫻木真乃/【月へようこそ】櫻木真乃/2.300102202（4.1).csv,18,3001022020170,真乃,"……うん、じゃあ……
いきます……っ",櫻木真乃,【月へようこそ】櫻木真乃,2.300102202（4.1)
櫻木真乃/【月へようこそ】櫻木真乃/2.300102202（4.1).csv,19,3001022020180,真乃,…………,櫻木真乃,【月へようこそ】櫻木真乃,2.300102202（4.1)
櫻木真乃/【月へようこそ】櫻木真乃/2.300102202（4.1).csv,21,3001022020200,真乃,"……さらさらだけど、少し重いような……
小麦粉みたい……？",櫻木真乃,【月へようこそ】櫻木真乃,2.300102202（4.1)
櫻木真乃/【月へようこそ】櫻木真乃/2.300102202（4.1).csv,22,3001022020210,真乃,ふたりも、どうぞ……,櫻木真乃,【月へようこそ】櫻木真乃,2.300102202（4.1)
櫻木真乃/【月へようこそ】櫻木真乃/2.300102202（4.1).csv,27,3001022020260,真乃,……うん……,櫻木真乃,【月へようこそ】櫻木真乃,2.300102202（4.1)
櫻木真乃/【月へようこそ】櫻木真乃/2.300102202（4.1).csv,29,3001022020280,真乃,"……今度から、月がちょっと美味しそうに
見えちゃうかも……",櫻木真乃,【月へようこそ】櫻木真乃,2.300102202（4.1)
櫻木真乃/【月へようこそ】櫻木真乃/2.300102202（4.1).csv,40,3001022020330,真乃,……灯織ちゃん？,櫻木真乃,【月へようこそ】櫻木真乃,2.300102202（4.1)
櫻木真乃/【月へようこそ】櫻木真乃/2.300102202（4.1).csv,43,3001022020360,真乃,うん……,櫻木真乃,【月へようこそ】櫻木真乃,2.300102202（4.1)
櫻木真乃/【月へようこそ】櫻木真乃/2.300102202（4.1).csv,46,3001022020390,真乃,"……本当に、月に移住することになったらって……
……私もちょっと、考えてたよ……",櫻木真乃,【月へようこそ】櫻木真乃,2.300102202（4.1)
櫻木真乃/【月へようこそ】櫻木真乃/2.300102202（4.1).csv,51,3001022020430,真乃,は、はい……っ,櫻木真乃,【月へようこそ】櫻木真乃,2.300102202（4.1)
櫻木真乃/【月へようこそ】櫻木真乃/2.300102202（4.1).csv,56,3001022020460,真乃,ほわ……っ,櫻木真乃,【月へようこそ】櫻木真乃,2.300102202（4.1)
櫻木真乃/【月へようこそ】櫻木真乃/2.300102202（4.1).csv,58,3001022020480,真乃,"……うん……っ
高く、飛べてるかな……？",櫻木真乃,【月へようこそ】櫻木真乃,2.300102202（4.1)
櫻木真乃/【月へようこそ】櫻木真乃/2.300102202（4.1).csv,61,3001022020500,真乃,……っ,櫻木真乃,【月へようこそ】櫻木真乃,2.300102202（4.1)
櫻木真乃/【月へようこそ】櫻木真乃/2.300102202（4.1).csv,63,3001022020520,真乃,うん……,櫻木真乃,【月へようこそ】櫻木真乃,2.300102202（4.1)
櫻木真乃/【月へようこそ】櫻木真乃/2.300102202（4.1).csv,66,3001022020550,真乃,"……そっか……
見てみたいな……月のダンス……",櫻木真乃,【月へようこそ】櫻木真乃,2.300102202（4.1)
櫻木真乃/【泡沫の石たちに乾杯】櫻木真乃/グラスの中の宝石.csv,3,3001015020010,真乃,！,櫻木真乃,【泡沫の石たちに乾杯】櫻木真乃,グラスの中の宝石
櫻木真乃/【泡沫の石たちに乾杯】櫻木真乃/グラスの中の宝石.csv,5,3001015020020,真乃,……,櫻木真乃,【泡沫の石たちに乾杯】櫻木真乃,グラスの中の宝石
櫻木真乃/【泡沫の石たちに乾杯】櫻木真乃/グラスの中の宝石.csv,10,3001015020050,真乃,……ふふ、難しいね……っ,櫻木真乃,【泡沫の石たちに乾杯】櫻木真乃,グラスの中の宝石
櫻木真乃/【泡沫の石たちに乾杯】櫻木真乃/グラスの中の宝石.csv,13,3001015020070,真乃,え……？,櫻木真乃,【泡沫の石たちに乾杯】櫻木真乃,グラスの中の宝石
櫻木真乃/【泡沫の石たちに乾杯】櫻木真乃/グラスの中の宝石.csv,18,3001015020120,真乃,……──うんっ,櫻木真乃,【泡沫の石たちに乾杯】櫻木真乃,グラスの中の宝石
櫻木真乃/【泡沫の石たちに乾杯】櫻木真乃/グラスの中の宝石.csv,23,3001015020160,真乃,"私はリンゴジュースに……
……あれ。こっちもジュース、なのかな……？",櫻木真乃,【泡沫の石たちに乾杯】櫻木真乃,グラスの中の宝石
櫻木真乃/【泡沫の石たちに乾杯】櫻木真乃/グラスの中の宝石.csv,28,3001015020190,真乃,"ほわ……
オリジナルのジュース……っ",櫻木真乃,【泡沫の石たちに乾杯】櫻木真乃,グラスの中の宝石
櫻木真乃/【泡沫の石たちに乾杯】櫻木真乃/グラスの中の宝石.csv,37,3001015020250,真乃,わ、私、お願いしてみたいなって……っ,櫻木真乃,【泡沫の石たちに乾杯】櫻木真乃,グラスの中の宝石
櫻木真乃/【泡沫の石たちに乾杯】櫻木真乃/グラスの中の宝石.csv,49,3001015020310,真乃,"ありがとうございます……っ
楽しみにいただきますっ",櫻木真乃,【泡沫の石たちに乾杯】櫻木真乃,グラスの中の宝石
櫻木真乃/【泡沫の石たちに乾杯】櫻木真乃/グラスの中の宝石.csv,54,3001015020360,真乃,うん……っ,櫻木真乃,【泡沫の石たちに乾杯】櫻木真乃,グラスの中の宝石
櫻木真乃/【泡沫の石たちに乾杯】櫻木真乃/グラスの中の宝石.csv,55,3001015020370,真乃,ステージに輝く、宝石……,櫻木真乃,【泡沫の石たちに乾杯】櫻木真乃,グラスの中の宝石
櫻木真乃/【泡沫の石たちに乾杯】櫻木真乃/グラスの中の宝石.csv,58,3001015020390,真乃,"ふふっ、グラスに止まってる、白い鳥さん……
ピーちゃんみたいでうれしいな……っ",櫻木真乃,【泡沫の石たちに乾杯】櫻木真乃,グラスの中の宝石
櫻木真乃/【泡沫の石たちに乾杯】櫻木真乃/グラスの中の宝石.csv,62,3001015020430,真乃,灯織ちゃんとめぐるちゃんに、ぴったりの色,櫻木真乃,【泡沫の石たちに乾杯】櫻木真乃,グラスの中の宝石
櫻木真乃/【泡沫の石たちに乾杯】櫻木真乃/グラスの中の宝石.csv,65,3001015020460,真乃,──ふふっ、そっか,櫻木真乃,【泡沫の石たちに乾杯】櫻木真乃,グラスの中の宝石
櫻木真乃/【泡沫の石たちに乾杯】櫻木真乃/グラスの中の宝石.csv,66,3001015020470,真乃,私たちに、ぴったりの色,櫻木真乃,【泡沫の石たちに乾杯】櫻木真乃,グラスの中の宝石
櫻木真乃/【泡沫の石たちに乾杯】櫻木真乃/グラスの中の宝石.csv,67,3001015020480,真乃,……そういうものを作っていただけるなんて──,櫻木真乃,【泡沫の石たちに乾杯】櫻木真乃,グラスの中の宝石
櫻木真乃/【泡沫の石たちに乾杯】櫻木真乃/グラスの中の宝石.csv,68,3001015020490,真乃,とってもうれしくて、幸せだね……っ,櫻木真乃,【泡沫の石たちに乾杯】櫻木真乃,グラスの中の宝石
櫻木真乃/【泡沫の石たちに乾杯】櫻木真乃/グラスの中の宝石.csv,69,3001015020500,真乃,"──あのねっ
このジュース、プロデューサーさんにも見せたいなって",櫻木真乃,【泡沫の石たちに乾杯】櫻木真乃,グラスの中の宝石
櫻木真乃/【泡沫の石たちに乾杯】櫻木真乃/グラスの中の宝石.csv,70,3001015020510,真乃,"きっと、プロデューサーさんも
喜んでくれると思うから……っ",櫻木真乃,【泡沫の石たちに乾杯】櫻木真乃,グラスの中の宝石
櫻木真乃/【泡沫の石たちに乾杯】櫻木真乃/今日、カクテルドレスで.csv,2,3001015010010,真乃,…………,櫻木真乃,【泡沫の石たちに乾杯】櫻木真乃,今日、カクテルドレスで
櫻木真乃/【泡沫の石たちに乾杯】櫻木真乃/今日、カクテルドレスで.csv,5,3001015010030,真乃,……,櫻木真乃,【泡沫の石たちに乾杯】櫻木真乃,今日、カクテルドレスで
櫻木真乃/【泡沫の石たちに乾杯】櫻木真乃/今日、カクテルドレスで.csv,8,3001015010060,真乃,"……っ
あ、ありがとうございました……っ",櫻木真乃,【泡沫の石たちに乾杯】櫻木真乃,今日、カクテルドレスで
櫻木真乃/【泡沫の石たちに乾杯】櫻木真乃/今日、カクテルドレスで.csv,10,3001015010070,真乃,"灯織ちゃん、ありがとう……
ごめんね。私、なんにも言えなくって……",櫻木真乃,【泡沫の石たちに乾杯】櫻木真乃,今日、カクテルドレスで
櫻木真乃/【泡沫の石たちに乾杯】櫻木真乃/今日、カクテルドレスで.csv,12,3001015010090,真乃,"さっきの灯織ちゃん、とってもかっこよかった
記者さんと、きちんとお話ができてて──",櫻木真乃,【泡沫の石たちに乾杯】櫻木真乃,今日、カクテルドレスで
櫻木真乃/【泡沫の石たちに乾杯】櫻木真乃/今日、カクテルドレスで.csv,17,3001015010140,真乃,"ううん
おかえりなさい、めぐるちゃん",櫻木真乃,【泡沫の石たちに乾杯】櫻木真乃,今日、カクテルドレスで
櫻木真乃/【泡沫の石たちに乾杯】櫻木真乃/今日、カクテルドレスで.csv,21,3001015010171,真乃＆灯織,？,櫻木真乃,【泡沫の石たちに乾杯】櫻木真乃,今日、カクテルドレスで
櫻木真乃/【泡沫の石たちに乾杯】櫻木真乃/今日、カクテルドレスで.csv,25,3001015010201,真乃＆灯織,？,櫻木真乃,【泡沫の石たちに乾杯】櫻木真乃,今日、カクテルドレスで
櫻木真乃/【泡沫の石たちに乾杯】櫻木真乃/今日、カクテルドレスで.csv,28,3001015010230,真乃,ほわ……っ,櫻木真乃,【泡沫の石たちに乾杯】櫻木真乃,今日、カクテルドレスで
櫻木真乃/【泡沫の石たちに乾杯】櫻木真乃/今日、カクテルドレスで.csv,31,3001015010260,真乃,……,櫻木真乃,【泡沫の石たちに乾杯】櫻木真乃,今日、カクテルドレスで
櫻木真乃/【泡沫の石たちに乾杯】櫻木真乃/今日、カクテルドレスで.csv,37,3001015010320,真乃,……めぐるちゃんもすごいなぁ,櫻木真乃,【泡沫の石たちに乾杯】櫻木真乃,今日、カクテルドレスで
櫻木真乃/【泡沫の石たちに乾杯】櫻木真乃/今日、カクテルドレスで.csv,39,3001015010340,真乃,"あのね、こういう場所でも、
いつもと変わらずとっても優しくて、素敵だなって",櫻木真乃,【泡沫の石たちに乾杯】櫻木真乃,今日、カクテルドレスで
櫻木真乃/【泡沫の石たちに乾杯】櫻木真乃/今日、カクテルドレスで.csv,40,3001015010350,真乃,"さっき、灯織ちゃんも記者さんとお話しててね
すごくかっこよかったの",櫻木真乃,【泡沫の石たちに乾杯】櫻木真乃,今日、カクテルドレスで
櫻木真乃/【泡沫の石たちに乾杯】櫻木真乃/今日、カクテルドレスで.csv,41,3001015010360,真乃,"私、まだ空気に慣れなくて……
今日はずっと、ドキドキしてばっかりだから",櫻木真乃,【泡沫の石たちに乾杯】櫻木真乃,今日、カクテルドレスで
櫻木真乃/【泡沫の石たちに乾杯】櫻木真乃/今日、カクテルドレスで.csv,42,3001015010370,真乃,だから、ふたりみたいになりたいなって,櫻木真乃,【泡沫の石たちに乾杯】櫻木真乃,今日、カクテルドレスで
櫻木真乃/【泡沫の石たちに乾杯】櫻木真乃/今日、カクテルドレスで.csv,47,3001015010420,真乃,ほわ……,櫻木真乃,【泡沫の石たちに乾杯】櫻木真乃,今日、カクテルドレスで
櫻木真乃/【泡沫の石たちに乾杯】櫻木真乃/今日、カクテルドレスで.csv,51,3001015010460,真乃,……──ふふっ,櫻木真乃,【泡沫の石たちに乾杯】櫻木真乃,今日、カクテルドレスで
櫻木真乃/【泡沫の石たちに乾杯】櫻木真乃/今日、カクテルドレスで.csv,52,3001015010470,真乃,"そっか……
そうなんだね……っ",櫻木真乃,【泡沫の石たちに乾杯】櫻木真乃,今日、カクテルドレスで
櫻木真乃/【泡沫の石たちに乾杯】櫻木真乃/今日、カクテルドレスで.csv,54,3001015010480,真乃,でも、じゃあ……っ,櫻木真乃,【泡沫の石たちに乾杯】櫻木真乃,今日、カクテルドレスで
櫻木真乃/【泡沫の石たちに乾杯】櫻木真乃/今日、カクテルドレスで.csv,55,3001015010490,真乃,"私も、『ドキドキだけど、ちゃんとお話』を
しなくちゃ……っ",櫻木真乃,【泡沫の石たちに乾杯】櫻木真乃,今日、カクテルドレスで
櫻木真乃/【泡沫の石たちに乾杯】櫻木真乃/今日、カクテルドレスで.csv,58,3001015010500,真乃,！,櫻木真乃,【泡沫の石たちに乾杯】櫻木真乃,今日、カクテルドレスで
櫻木真乃/【泡沫の石たちに乾杯】櫻木真乃/今日、カクテルドレスで.csv,59,3001015010510,真乃,"は、はいっ
こんにちは──……、あれ……？",櫻木真乃,【泡沫の石たちに乾杯】櫻木真乃,今日、カクテルドレスで
櫻木真乃/【泡沫の石たちに乾杯】櫻木真乃/今日、カクテルドレスで.csv,61,3001015010520,真乃,"の、飲み物っ……
すみません、ありがとうございます",櫻木真乃,【泡沫の石たちに乾杯】櫻木真乃,今日、カクテルドレスで
櫻木真乃/【泡沫の石たちに乾杯】櫻木真乃/今日、カクテルドレスで.csv,62,3001015010530,真乃,"──……ほわぁ……
きれいな金色……っ",櫻木真乃,【泡沫の石たちに乾杯】櫻木真乃,今日、カクテルドレスで
櫻木真乃/【泡沫の石たちに乾杯】櫻木真乃/今日、カクテルドレスで.csv,63,3001015010540,真乃,いただきますね,櫻木真乃,【泡沫の石たちに乾杯】櫻木真乃,今日、カクテルドレスで
櫻木真乃/【泡沫の石たちに乾杯】櫻木真乃/今日、カクテルドレスで.csv,69,3001015010580,真乃,わ、私もすみません……っ,櫻木真乃,【泡沫の石たちに乾杯】櫻木真乃,今日、カクテルドレスで
櫻木真乃/【泡沫の石たちに乾杯】櫻木真乃/今日、カクテルドレスで.csv,72,3001015010590,真乃,──……っ,櫻木真乃,【泡沫の石たちに乾杯】櫻木真乃,今日、カクテルドレスで
櫻木真乃/【泡沫の石たちに乾杯】櫻木真乃/今日、カクテルドレスで.csv,74,3001015010600,真乃,"ありがとう
私、気付かなくって……",櫻木真乃,【泡沫の石たちに乾杯】櫻木真乃,今日、カクテルドレスで
櫻木真乃/【泡沫の石たちに乾杯】櫻木真乃/今日、カクテルドレスで.csv,77,3001015010630,真乃,"うん……っ
きれいだったもんね──……",櫻木真乃,【泡沫の石たちに乾杯】櫻木真乃,今日、カクテルドレスで
櫻木真乃/【泡沫の石たちに乾杯】櫻木真乃/今日、カクテルドレスで.csv,78,3001015010640,真乃,……まだ、早いんだね……っ,櫻木真乃,【泡沫の石たちに乾杯】櫻木真乃,今日、カクテルドレスで
櫻木真乃/【泡沫の石たちに乾杯】櫻木真乃/今日、カクテルドレスで.csv,81,3001015010670,真乃,そ、そんな……っ,櫻木真乃,【泡沫の石たちに乾杯】櫻木真乃,今日、カクテルドレスで
櫻木真乃/【泡沫の石たちに乾杯】櫻木真乃/今日、カクテルドレスで.csv,82,3001015010680,真乃,……そう見えてたんだったら、ドキドキするね……っ,櫻木真乃,【泡沫の石たちに乾杯】櫻木真乃,今日、カクテルドレスで
櫻木真乃/【泡沫の石たちに乾杯】櫻木真乃/今日、カクテルドレスで.csv,87,3001015010721,真乃＆灯織,ふふふっ,櫻木真乃,【泡沫の石たちに乾杯】櫻木真乃,今日、カクテルドレスで
櫻木真乃/【泡沫の石たちに乾杯】櫻木真乃/今日、カクテルドレスで.csv,88,3001015010722,真乃＆灯織,うんっ,櫻木真乃,【泡沫の石たちに乾杯】櫻木真乃,今日、カクテルドレスで
櫻木真乃/【泡沫の石たちに乾杯】櫻木真乃/青にはためく.csv,3,3001015030010,真乃,"……プロデューサーさん、
お話し中だね……",櫻木真乃,【泡沫の石たちに乾杯】櫻木真乃,青にはためく
櫻木真乃/【泡沫の石たちに乾杯】櫻木真乃/青にはためく.csv,7,3001015030040,真乃,プロデューサーさんは、ああやって……,櫻木真乃,【泡沫の石たちに乾杯】櫻木真乃,青にはためく
櫻木真乃/【泡沫の石たちに乾杯】櫻木真乃/青にはためく.csv,8,3001015030050,真乃,"ずっと、私たちのために
お仕事をしてくれてるんだね……っ",櫻木真乃,【泡沫の石たちに乾杯】櫻木真乃,青にはためく
櫻木真乃/【泡沫の石たちに乾杯】櫻木真乃/青にはためく.csv,16,3001015030130,真乃,"うん
そうだね……っ",櫻木真乃,【泡沫の石たちに乾杯】櫻木真乃,青にはためく
櫻木真乃/【泡沫の石たちに乾杯】櫻木真乃/青にはためく.csv,18,3001015030150,真乃,ふふ、はいっ,櫻木真乃,【泡沫の石たちに乾杯】櫻木真乃,青にはためく
櫻木真乃/【泡沫の石たちに乾杯】櫻木真乃/青にはためく.csv,19,3001015030160,真乃,"それでは──……
乾杯っ",櫻木真乃,【泡沫の石たちに乾杯】櫻木真乃,青にはためく
櫻木真乃/【泡沫の石たちに乾杯】櫻木真乃/青にはためく.csv,21,3001015030170,真乃,"どんな味なんだろう……
いただきます……っ",櫻木真乃,【泡沫の石たちに乾杯】櫻木真乃,青にはためく
櫻木真乃/【泡沫の石たちに乾杯】櫻木真乃/青にはためく.csv,24,3001015030200,真乃,下の方、いちごみたい……っ,櫻木真乃,【泡沫の石たちに乾杯】櫻木真乃,青にはためく
櫻木真乃/【泡沫の石たちに乾杯】櫻木真乃/青にはためく.csv,27,3001015030230,真乃,ほんとだね……っ,櫻木真乃,【泡沫の石たちに乾杯】櫻木真乃,青にはためく
櫻木真乃/【泡沫の石たちに乾杯】櫻木真乃/青にはためく.csv,30,3001015030260,真乃,めっ、めぐるちゃん……ふふっ,櫻木真乃,【泡沫の石たちに乾杯】櫻木真乃,青にはためく
櫻木真乃/【泡沫の石たちに乾杯】櫻木真乃/青にはためく.csv,35,3001015030310,真乃,うんっ,櫻木真乃,【泡沫の石たちに乾杯】櫻木真乃,青にはためく
櫻木真乃/【泡沫の石たちに乾杯】櫻木真乃/青にはためく.csv,36,3001015030320,真乃,ジュース、楽しみ終わったら,櫻木真乃,【泡沫の石たちに乾杯】櫻木真乃,青にはためく
櫻木真乃/【泡沫の石たちに乾杯】櫻木真乃/青にはためく.csv,37,3001015030330,真乃,ほわぁ……っ,櫻木真乃,【泡沫の石たちに乾杯】櫻木真乃,青にはためく
櫻木真乃/【泡沫の石たちに乾杯】櫻木真乃/青にはためく.csv,42,3001015030380,真乃,"この子たちは……カモメさんっ
冬鳥だから、今しか会えないんだ",櫻木真乃,【泡沫の石たちに乾杯】櫻木真乃,青にはためく
櫻木真乃/【泡沫の石たちに乾杯】櫻木真乃/青にはためく.csv,45,3001015030410,真乃,ふふっ、ううん……っ,櫻木真乃,【泡沫の石たちに乾杯】櫻木真乃,青にはためく
櫻木真乃/【泡沫の石たちに乾杯】櫻木真乃/青にはためく.csv,47,3001015030430,真乃,"……うん……っ
とっても、きれい……っ",櫻木真乃,【泡沫の石たちに乾杯】櫻木真乃,青にはためく
櫻木真乃/【泡沫の石たちに乾杯】櫻木真乃/青にはためく.csv,48,3001015030440,真乃,船にはためく、真っ白な旗みたいで……っ,櫻木真乃,【泡沫の石たちに乾杯】櫻木真乃,青にはためく
櫻木真乃/【泡沫の石たちに乾杯】櫻木真乃/青にはためく.csv,50,3001015030460,真乃,"？
灯織ちゃん……？",櫻木真乃,【泡沫の石たちに乾杯】櫻木真乃,青にはためく
櫻木真乃/【泡沫の石たちに乾杯】櫻木真乃/青にはためく.csv,52,3001015030471,真乃＆めぐる,あーっ,櫻木真乃,【泡沫の石たちに乾杯】櫻木真乃,青にはためく
櫻木真乃/【泡沫の石たちに乾杯】櫻木真乃/青にはためく.csv,54,3001015030490,真乃,本当だね……っ,櫻木真乃,【泡沫の石たちに乾杯】櫻木真乃,青にはためく
櫻木真乃/【泡沫の石たちに乾杯】櫻木真乃/青にはためく.csv,56,3001015030501,真乃＆めぐる,うんっ,櫻木真乃,【泡沫の石たちに乾杯】櫻木真乃,青にはためく
櫻木真乃/【泡沫の石たちに乾杯】櫻木真乃/青にはためく.csv,58,3001015030520,真乃,め、めぐるちゃん……っ,櫻木真乃,【泡沫の石たちに乾杯】櫻木真乃,青にはためく
櫻木真乃/【泡沫の石たちに乾杯】櫻木真乃/青にはためく.csv,61,3001015030550,真乃,"ふふっ……
おしくらまんじゅうみたい",櫻木真乃,【泡沫の石たちに乾杯】櫻木真乃,青にはためく
櫻木真乃/【泡沫の石たちに乾杯】櫻木真乃/青にはためく.csv,67,3001015030610,真乃,"うん。とびっきりの私たちなら……
めぐるちゃんも写らなきゃだからっ",櫻木真乃,【泡沫の石たちに乾杯】櫻木真乃,青にはためく
櫻木真乃/【泡沫の石たちに乾杯】櫻木真乃/青にはためく.csv,68,3001015030620,真乃,３人で、撮ってもらおう,櫻木真乃,【泡沫の石たちに乾杯】櫻木真乃,青にはためく
櫻木真乃/【深染め、いろみぐさ】櫻木真乃/染まる景色に.csv,3,2001009040010,真乃,はいっ、プロデューサーさん,櫻木真乃,【深染め、いろみぐさ】櫻木真乃,染まる景色に
櫻木真乃/【深染め、いろみぐさ】櫻木真乃/染まる景色に.csv,5,2001009040020,真乃,"はいっ
……ふふ、ちょっとだけ貸し切りみたいです",櫻木真乃,【深染め、いろみぐさ】櫻木真乃,染まる景色に
櫻木真乃/【深染め、いろみぐさ】櫻木真乃/染まる景色に.csv,7,2001009040030,真乃,"お気遣いありがとうございます
でも、全然平気ですっ",櫻木真乃,【深染め、いろみぐさ】櫻木真乃,染まる景色に
櫻木真乃/【深染め、いろみぐさ】櫻木真乃/染まる景色に.csv,9,2001009040040,真乃,"はいっ
よろしくお願いしますっ",櫻木真乃,【深染め、いろみぐさ】櫻木真乃,染まる景色に
櫻木真乃/【深染め、いろみぐさ】櫻木真乃/染まる景色に.csv,11,2001009040050,真乃,駅からは、直接山に向かうんですか？,櫻木真乃,【深染め、いろみぐさ】櫻木真乃,染まる景色に
櫻木真乃/【深染め、いろみぐさ】櫻木真乃/染まる景色に.csv,13,2001009040060,真乃,"はいっ
今から楽しみですっ",櫻木真乃,【深染め、いろみぐさ】櫻木真乃,染まる景色に
櫻木真乃/【深染め、いろみぐさ】櫻木真乃/染まる景色に.csv,15,2001009040070,真乃,"ほわ……っ
わ、私、そんな顔に出てましたか……？",櫻木真乃,【深染め、いろみぐさ】櫻木真乃,染まる景色に
櫻木真乃/【深染め、いろみぐさ】櫻木真乃/染まる景色に.csv,17,2001009040080,真乃,"えっと……撮影場所のことを聞いてから
ずっと調べたりしていました……っ",櫻木真乃,【深染め、いろみぐさ】櫻木真乃,染まる景色に
櫻木真乃/【深染め、いろみぐさ】櫻木真乃/染まる景色に.csv,19,2001009040090,真乃,"はいっ
写真もいくつか見たんですけれど、どれも綺麗で……",櫻木真乃,【深染め、いろみぐさ】櫻木真乃,染まる景色に
櫻木真乃/【深染め、いろみぐさ】櫻木真乃/染まる景色に.csv,20,2001009040100,真乃,"この山に登れるんだなって思ったら
早く行きたいなぁって……",櫻木真乃,【深染め、いろみぐさ】櫻木真乃,染まる景色に
櫻木真乃/【深染め、いろみぐさ】櫻木真乃/染まる景色に.csv,21,2001009040110,真乃,"私が見た景色を、灯織ちゃんとめぐるちゃんにも
見てもらいたくて、写真もたくさん撮りた──",櫻木真乃,【深染め、いろみぐさ】櫻木真乃,染まる景色に
櫻木真乃/【深染め、いろみぐさ】櫻木真乃/染まる景色に.csv,22,2001009040120,真乃,──ふぁ……,櫻木真乃,【深染め、いろみぐさ】櫻木真乃,染まる景色に
櫻木真乃/【深染め、いろみぐさ】櫻木真乃/染まる景色に.csv,24,2001009040130,真乃,す、すみません……そうみたいです……,櫻木真乃,【深染め、いろみぐさ】櫻木真乃,染まる景色に
櫻木真乃/【深染め、いろみぐさ】櫻木真乃/染まる景色に.csv,26,2001009040140,真乃,"……あ、あの……
……ありがとうございます……っ",櫻木真乃,【深染め、いろみぐさ】櫻木真乃,染まる景色に
櫻木真乃/【深染め、いろみぐさ】櫻木真乃/染まる景色に.csv,27,2001009040150,真乃,"……えっと、じゃあ
少しだけ甘えさせてもらってもいいでしょうか……？",櫻木真乃,【深染め、いろみぐさ】櫻木真乃,染まる景色に
櫻木真乃/【深染め、いろみぐさ】櫻木真乃/染まる景色に.csv,29,2001009040160,真乃,"はい……
おやすみなさい、プロデューサーさん",櫻木真乃,【深染め、いろみぐさ】櫻木真乃,染まる景色に
櫻木真乃/【深染め、いろみぐさ】櫻木真乃/染まる景色に.csv,32,2001009040170,真乃,"──プロデューサーさん……
……プロデューサーさん",櫻木真乃,【深染め、いろみぐさ】櫻木真乃,染まる景色に
櫻木真乃/【深染め、いろみぐさ】櫻木真乃/染まる景色に.csv,36,2001009040180,真乃,"そんなことないです……プロデューサーさんはずっと
私たちのために頑張ってくれていますし……",櫻木真乃,【深染め、いろみぐさ】櫻木真乃,染まる景色に
櫻木真乃/【深染め、いろみぐさ】櫻木真乃/染まる景色に.csv,37,2001009040190,真乃,"それにっ、私も最初寝ていたのでっ
だから、その、気にしないでくださいっ",櫻木真乃,【深染め、いろみぐさ】櫻木真乃,染まる景色に
櫻木真乃/【深染め、いろみぐさ】櫻木真乃/染まる景色に.csv,39,2001009040200,真乃,"い、いえっ
本当に、そんな……",櫻木真乃,【深染め、いろみぐさ】櫻木真乃,染まる景色に
櫻木真乃/【深染め、いろみぐさ】櫻木真乃/染まる景色に.csv,40,2001009040210,真乃,"──あっ、見てくださいプロデューサーさんっ
もうすぐ着くみたいですっ",櫻木真乃,【深染め、いろみぐさ】櫻木真乃,染まる景色に
櫻木真乃/【深染め、いろみぐさ】櫻木真乃/染まる景色に.csv,42,2001009040220,真乃,"はいっ。今からこの中を歩けるんだって思うと
とってもどきどきしますっ",櫻木真乃,【深染め、いろみぐさ】櫻木真乃,染まる景色に
櫻木真乃/【深染め、いろみぐさ】櫻木真乃/染まる景色に.csv,43,2001009040230,真乃,──プロデューサーさん,櫻木真乃,【深染め、いろみぐさ】櫻木真乃,染まる景色に
櫻木真乃/【深染め、いろみぐさ】櫻木真乃/染まる景色に.csv,44,2001009040240,真乃,"……到着までの間、
もう少し景色を楽しみませんかっ",櫻木真乃,【深染め、いろみぐさ】櫻木真乃,染まる景色に
櫻木真乃/【深染め、いろみぐさ】櫻木真乃/秋香る.csv,5,2001009010010,真乃,"『プロデューサーさん
お芋はお好きですか？』",櫻木真乃,【深染め、いろみぐさ】櫻木真乃,秋香る
櫻木真乃/【深染め、いろみぐさ】櫻木真乃/秋香る.csv,9,2001009010020,真乃,"『わ、よかったです^^
レッスン前に事務所に持って行きます』",櫻木真乃,【深染め、いろみぐさ】櫻木真乃,秋香る
櫻木真乃/【深染め、いろみぐさ】櫻木真乃/秋香る.csv,12,2001009010030,真乃,おはようございます,櫻木真乃,【深染め、いろみぐさ】櫻木真乃,秋香る
櫻木真乃/【深染め、いろみぐさ】櫻木真乃/秋香る.csv,14,2001009010040,真乃,"あっ、プロデューサーさんっ
おはようございますっ",櫻木真乃,【深染め、いろみぐさ】櫻木真乃,秋香る
櫻木真乃/【深染め、いろみぐさ】櫻木真乃/秋香る.csv,15,2001009010050,真乃,あの、よかったらこれ──,櫻木真乃,【深染め、いろみぐさ】櫻木真乃,秋香る
櫻木真乃/【深染め、いろみぐさ】櫻木真乃/秋香る.csv,16,2001009010060,真乃,温かいうちに一緒に食べませんかっ,櫻木真乃,【深染め、いろみぐさ】櫻木真乃,秋香る
櫻木真乃/【深染め、いろみぐさ】櫻木真乃/秋香る.csv,18,2001009010070,真乃,"はいっ
事務所に来る途中で屋台を見つけて……",櫻木真乃,【深染め、いろみぐさ】櫻木真乃,秋香る
櫻木真乃/【深染め、いろみぐさ】櫻木真乃/秋香る.csv,19,2001009010080,真乃,"お芋の甘くていい匂いにつられて、
買っちゃいましたっ",櫻木真乃,【深染め、いろみぐさ】櫻木真乃,秋香る
櫻木真乃/【深染め、いろみぐさ】櫻木真乃/秋香る.csv,23,2001009010090,真乃,"ふふっ、そうですね
なんだか、秋なんだなって思って私もつい買っちゃいます",櫻木真乃,【深染め、いろみぐさ】櫻木真乃,秋香る
櫻木真乃/【深染め、いろみぐさ】櫻木真乃/秋香る.csv,29,2001009010100,真乃,"はいっ
ちょうど見ごろの時期ですっ",櫻木真乃,【深染め、いろみぐさ】櫻木真乃,秋香る
櫻木真乃/【深染め、いろみぐさ】櫻木真乃/秋香る.csv,31,2001009010110,真乃,"温泉……ほわぁ……
とってもいいですねっ",櫻木真乃,【深染め、いろみぐさ】櫻木真乃,秋香る
櫻木真乃/【深染め、いろみぐさ】櫻木真乃/秋香る.csv,33,2001009010120,真乃,"……想像するだけで
とっても気持ちよくなってきちゃいますっ",櫻木真乃,【深染め、いろみぐさ】櫻木真乃,秋香る
櫻木真乃/【深染め、いろみぐさ】櫻木真乃/秋香る.csv,34,2001009010130,真乃,"ふふ……灯織ちゃんとめぐるちゃん、ふたりとも一緒に
ゆっくり見れたら……素敵です……っ",櫻木真乃,【深染め、いろみぐさ】櫻木真乃,秋香る
櫻木真乃/【深染め、いろみぐさ】櫻木真乃/秋香る.csv,36,2001009010140,真乃,"本当ですかっ？
ありがとうございますっ",櫻木真乃,【深染め、いろみぐさ】櫻木真乃,秋香る
櫻木真乃/【深染め、いろみぐさ】櫻木真乃/秋香る.csv,37,2001009010150,真乃,"ふふっ、そうですねっ
涼しくって、でもなんだかポカポカして……",櫻木真乃,【深染め、いろみぐさ】櫻木真乃,秋香る
櫻木真乃/【深染め、いろみぐさ】櫻木真乃/秋香る.csv,38,2001009010160,真乃,私も普段より遠くまで歩いたりしちゃいますっ,櫻木真乃,【深染め、いろみぐさ】櫻木真乃,秋香る
櫻木真乃/【深染め、いろみぐさ】櫻木真乃/秋香る.csv,40,2001009010170,真乃,はいっ、葉っぱが鮮やかに色付いていて……,櫻木真乃,【深染め、いろみぐさ】櫻木真乃,秋香る
櫻木真乃/【深染め、いろみぐさ】櫻木真乃/秋香る.csv,41,2001009010171,真乃,とっても綺麗で、すごく気持ちがいいですっ,櫻木真乃,【深染め、いろみぐさ】櫻木真乃,秋香る
櫻木真乃/【深染め、いろみぐさ】櫻木真乃/秋香る.csv,43,2001009010180,真乃,"最近は、なかなか機会がないんですけれど
以前はよく行っていましたっ",櫻木真乃,【深染め、いろみぐさ】櫻木真乃,秋香る
櫻木真乃/【深染め、いろみぐさ】櫻木真乃/秋香る.csv,46,2001009010190,真乃,ほわぁ……みんなで……,櫻木真乃,【深染め、いろみぐさ】櫻木真乃,秋香る
櫻木真乃/【深染め、いろみぐさ】櫻木真乃/秋香る.csv,47,2001009010191,真乃,はいっ、ぜひ行きましょうっ,櫻木真乃,【深染め、いろみぐさ】櫻木真乃,秋香る
櫻木真乃/【深染め、いろみぐさ】櫻木真乃/秋香る.csv,48,2001009010200,真乃,……？,櫻木真乃,【深染め、いろみぐさ】櫻木真乃,秋香る
櫻木真乃/【深染め、いろみぐさ】櫻木真乃/秋香る.csv,50,2001009010210,真乃,ほわ…………,櫻木真乃,【深染め、いろみぐさ】櫻木真乃,秋香る
櫻木真乃/【深染め、いろみぐさ】櫻木真乃/秋香る.csv,53,2001009010220,真乃,"で、でも、お仕事に支障があったらいけないですし
やっぱり、普段から心掛けた方がいいですよね……",櫻木真乃,【深染め、いろみぐさ】櫻木真乃,秋香る
櫻木真乃/【深染め、いろみぐさ】櫻木真乃/秋香る.csv,56,2001009010230,真乃,……確かに、それもそうです……,櫻木真乃,【深染め、いろみぐさ】櫻木真乃,秋香る
櫻木真乃/【深染め、いろみぐさ】櫻木真乃/秋香る.csv,57,2001009010231,真乃,ありがとうございます、プロデューサーさんっ,櫻木真乃,【深染め、いろみぐさ】櫻木真乃,秋香る
櫻木真乃/【深染め、いろみぐさ】櫻木真乃/秋香る.csv,58,2001009010240,真乃,"今日のレッスン、このお芋を食べて
いっぱい頑張りますっ……むんっ",櫻木真乃,【深染め、いろみぐさ】櫻木真乃,秋香る
櫻木真乃/【深染め、いろみぐさ】櫻木真乃/空の下.csv,5,2001009030010,真乃,"あ、あれ……？
プロデューサーさん？",櫻木真乃,【深染め、いろみぐさ】櫻木真乃,空の下
櫻木真乃/【深染め、いろみぐさ】櫻木真乃/空の下.csv,6,2001009030020,真乃,"ほわっ、ピーちゃんっ
ぷ、プロデューサーさんの頭に乗っちゃうなんて……っ",櫻木真乃,【深染め、いろみぐさ】櫻木真乃,空の下
櫻木真乃/【深染め、いろみぐさ】櫻木真乃/空の下.csv,7,2001009030030,真乃,──す、すみませんっ、プロデューサーさんっ,櫻木真乃,【深染め、いろみぐさ】櫻木真乃,空の下
櫻木真乃/【深染め、いろみぐさ】櫻木真乃/空の下.csv,10,2001009030040,真乃,はい、えっと……お散歩のついでに──,櫻木真乃,【深染め、いろみぐさ】櫻木真乃,空の下
櫻木真乃/【深染め、いろみぐさ】櫻木真乃/空の下.csv,11,2001009030050,真乃,"もっと歌声を響かせられるように
肺活量を鍛えるトレーニングをしていましたっ",櫻木真乃,【深染め、いろみぐさ】櫻木真乃,空の下
櫻木真乃/【深染め、いろみぐさ】櫻木真乃/空の下.csv,12,2001009030060,真乃,"めぐるちゃんから、吸って吐いてを繰り返すだけでも
効果があるって教えてもらって……っ",櫻木真乃,【深染め、いろみぐさ】櫻木真乃,空の下
櫻木真乃/【深染め、いろみぐさ】櫻木真乃/空の下.csv,14,2001009030070,真乃,い、いえ……そんな……,櫻木真乃,【深染め、いろみぐさ】櫻木真乃,空の下
櫻木真乃/【深染め、いろみぐさ】櫻木真乃/空の下.csv,15,2001009030080,真乃,"確かにトレーニングとしてやっているんですけれど
……深呼吸しているみたいで、とっても落ち着いて……",櫻木真乃,【深染め、いろみぐさ】櫻木真乃,空の下
櫻木真乃/【深染め、いろみぐさ】櫻木真乃/空の下.csv,17,2001009030090,真乃,ふふっ、そうかもしれません,櫻木真乃,【深染め、いろみぐさ】櫻木真乃,空の下
櫻木真乃/【深染め、いろみぐさ】櫻木真乃/空の下.csv,18,2001009030100,真乃,"よかったら
プロデューサーさんも一緒にやってみませんかっ",櫻木真乃,【深染め、いろみぐさ】櫻木真乃,空の下
櫻木真乃/【深染め、いろみぐさ】櫻木真乃/空の下.csv,20,2001009030110,真乃,"はいっ
それでは、せーのっ──",櫻木真乃,【深染め、いろみぐさ】櫻木真乃,空の下
櫻木真乃/【深染め、いろみぐさ】櫻木真乃/空の下.csv,21,2001009030111,真乃＆プロデューサー,"すー……──はー……──
すー……──はー……──",櫻木真乃,【深染め、いろみぐさ】櫻木真乃,空の下
櫻木真乃/【深染め、いろみぐさ】櫻木真乃/空の下.csv,22,2001009030120,真乃,"どうですか？
プロデューサーさん",櫻木真乃,【深染め、いろみぐさ】櫻木真乃,空の下
櫻木真乃/【深染め、いろみぐさ】櫻木真乃/空の下.csv,27,2001009030130,真乃,"ふふっ
よかったですっ",櫻木真乃,【深染め、いろみぐさ】櫻木真乃,空の下
櫻木真乃/【深染め、いろみぐさ】櫻木真乃/空の下.csv,29,2001009030140,真乃,私も、同じ質問をめぐるちゃんにしたんですけれど,櫻木真乃,【深染め、いろみぐさ】櫻木真乃,空の下
櫻木真乃/【深染め、いろみぐさ】櫻木真乃/空の下.csv,30,2001009030150,真乃,"早くするだけだと、呼吸が浅くなってしまって
逆に効果が薄くなってしまうらしいんです",櫻木真乃,【深染め、いろみぐさ】櫻木真乃,空の下
櫻木真乃/【深染め、いろみぐさ】櫻木真乃/空の下.csv,33,2001009030160,真乃,はいっ、プロデューサーさんっ,櫻木真乃,【深染め、いろみぐさ】櫻木真乃,空の下
櫻木真乃/【深染め、いろみぐさ】櫻木真乃/空の下.csv,34,2001009030161,真乃＆プロデューサー,"すー……──はー……──
すー……──はー……──",櫻木真乃,【深染め、いろみぐさ】櫻木真乃,空の下
櫻木真乃/【深染め、いろみぐさ】櫻木真乃/空の下.csv,35,2001009030170,真乃,"……！
レッスンに、ですか……？",櫻木真乃,【深染め、いろみぐさ】櫻木真乃,空の下
櫻木真乃/【深染め、いろみぐさ】櫻木真乃/空の下.csv,37,2001009030180,真乃,"あの、でも……
いいんでしょうか……？",櫻木真乃,【深染め、いろみぐさ】櫻木真乃,空の下
櫻木真乃/【深染め、いろみぐさ】櫻木真乃/空の下.csv,39,2001009030190,真乃,"私は、自分で好きなことをやっていただけなので……
みんなのレッスンに入れてもいいのかなって……",櫻木真乃,【深染め、いろみぐさ】櫻木真乃,空の下
櫻木真乃/【深染め、いろみぐさ】櫻木真乃/空の下.csv,41,2001009030200,真乃,で、でも……,櫻木真乃,【深染め、いろみぐさ】櫻木真乃,空の下
櫻木真乃/【深染め、いろみぐさ】櫻木真乃/空の下.csv,44,2001009030210,真乃,"ほわ……
──わ、わかりましたっ",櫻木真乃,【深染め、いろみぐさ】櫻木真乃,空の下
櫻木真乃/【深染め、いろみぐさ】櫻木真乃/空の下.csv,45,2001009030220,真乃,プロデューサーさんがそう言ってくださるなら……っ,櫻木真乃,【深染め、いろみぐさ】櫻木真乃,空の下
櫻木真乃/【深染め、いろみぐさ】櫻木真乃/空の下.csv,46,2001009030230,真乃,"ピーちゃんもありがとうっ
私、頑張ってみるね……むんっ",櫻木真乃,【深染め、いろみぐさ】櫻木真乃,空の下
櫻木真乃/【深染め、いろみぐさ】櫻木真乃/空の下.csv,47,2001009030240,真乃,"え？
いい匂い、ですか？",櫻木真乃,【深染め、いろみぐさ】櫻木真乃,空の下
櫻木真乃/【深染め、いろみぐさ】櫻木真乃/空の下.csv,49,2001009030250,真乃,"いえ、確かにそう言われてみると……
なんだか美味しそうな……",櫻木真乃,【深染め、いろみぐさ】櫻木真乃,空の下
櫻木真乃/【深染め、いろみぐさ】櫻木真乃/空の下.csv,50,2001009030260,真乃,えっと……お魚さん、でしょうか……,櫻木真乃,【深染め、いろみぐさ】櫻木真乃,空の下
櫻木真乃/【深染め、いろみぐさ】櫻木真乃/空の下.csv,52,2001009030270,真乃,"ふふっ、もしかしたら
ウナギかもしれません",櫻木真乃,【深染め、いろみぐさ】櫻木真乃,空の下
櫻木真乃/【深染め、いろみぐさ】櫻木真乃/空の下.csv,55,2001009030280,真乃,"ふふっ、そうですね
時間もちょうどいいですし……",櫻木真乃,【深染め、いろみぐさ】櫻木真乃,空の下
櫻木真乃/【深染め、いろみぐさ】櫻木真乃/空の下.csv,56,2001009030290,真乃,"……あの、
この間美味しそうなお弁当屋さんを見つけたんです",櫻木真乃,【深染め、いろみぐさ】櫻木真乃,空の下
櫻木真乃/【深染め、いろみぐさ】櫻木真乃/空の下.csv,57,2001009030300,真乃,"えっと、秋限定のメニューもあって、
……よかったら、一緒に公園でお昼にしませんか？",櫻木真乃,【深染め、いろみぐさ】櫻木真乃,空の下
櫻木真乃/【深染め、いろみぐさ】櫻木真乃/空の下.csv,59,2001009030310,真乃,"よかったっ
じゃあ、さっそく行きましょう、プロデューサーさんっ",櫻木真乃,【深染め、いろみぐさ】櫻木真乃,空の下
櫻木真乃/【深染め、いろみぐさ】櫻木真乃/薫る秋.csv,2,2001009110010,真乃,──お疲れさまでしたっ,櫻木真乃,【深染め、いろみぐさ】櫻木真乃,薫る秋
櫻木真乃/【深染め、いろみぐさ】櫻木真乃/薫る秋.csv,4,2001009110020,真乃,"ありがとうございますっ
プロデューサーさ──",櫻木真乃,【深染め、いろみぐさ】櫻木真乃,薫る秋
櫻木真乃/【深染め、いろみぐさ】櫻木真乃/薫る秋.csv,5,2001009110030,真乃,……っ,櫻木真乃,【深染め、いろみぐさ】櫻木真乃,薫る秋
櫻木真乃/【深染め、いろみぐさ】櫻木真乃/薫る秋.csv,7,2001009110040,真乃,"は、はいっ……少しだけ……
汗をかいたからでしょうか……",櫻木真乃,【深染め、いろみぐさ】櫻木真乃,薫る秋
櫻木真乃/【深染め、いろみぐさ】櫻木真乃/薫る秋.csv,9,2001009110050,真乃,"い、いえ……っ
それじゃあ、プロデューサーさんが寒くなっちゃいますっ",櫻木真乃,【深染め、いろみぐさ】櫻木真乃,薫る秋
櫻木真乃/【深染め、いろみぐさ】櫻木真乃/薫る秋.csv,11,2001009110060,真乃,"プロデューサーさん……あ、ありがとうございます
それじゃあ、少しだけお借りしますね",櫻木真乃,【深染め、いろみぐさ】櫻木真乃,薫る秋
櫻木真乃/【深染め、いろみぐさ】櫻木真乃/薫る秋.csv,12,2001009110070,真乃,"……ほわぁ
あたたかいです……",櫻木真乃,【深染め、いろみぐさ】櫻木真乃,薫る秋
櫻木真乃/【深染め、いろみぐさ】櫻木真乃/薫る秋.csv,14,2001009110080,真乃,"はい
すっかり秋らしくなって……",櫻木真乃,【深染め、いろみぐさ】櫻木真乃,薫る秋
櫻木真乃/【深染め、いろみぐさ】櫻木真乃/薫る秋.csv,15,2001009110090,真乃,"あ……ふふっ、モズさんも鳴いていますっ
小さい秋、見つけちゃいましたっ",櫻木真乃,【深染め、いろみぐさ】櫻木真乃,薫る秋
櫻木真乃/【深染め、いろみぐさ】櫻木真乃/薫る秋.csv,18,2001009110100,真乃,"そ、そんなっ
お礼を言われるようなことじゃ……",櫻木真乃,【深染め、いろみぐさ】櫻木真乃,薫る秋
櫻木真乃/【深染め、いろみぐさ】櫻木真乃/薫る秋.csv,21,2001009110110,真乃,プロデューサーさん……,櫻木真乃,【深染め、いろみぐさ】櫻木真乃,薫る秋
櫻木真乃/【深染め、いろみぐさ】櫻木真乃/薫る秋.csv,22,2001009110120,真乃,"……私も、アイドルになってから
色んな秋を見つけられるようになった気がするんです",櫻木真乃,【深染め、いろみぐさ】櫻木真乃,薫る秋
櫻木真乃/【深染め、いろみぐさ】櫻木真乃/薫る秋.csv,24,2001009110130,真乃,"はいっ。『食欲の秋』に『スポーツの秋』に
『芸術の秋』……あっ、あと『行楽の秋』もですっ",櫻木真乃,【深染め、いろみぐさ】櫻木真乃,薫る秋
櫻木真乃/【深染め、いろみぐさ】櫻木真乃/薫る秋.csv,26,2001009110140,真乃,"これも、灯織ちゃんやめぐるちゃん
事務所のみんな……",櫻木真乃,【深染め、いろみぐさ】櫻木真乃,薫る秋
櫻木真乃/【深染め、いろみぐさ】櫻木真乃/薫る秋.csv,27,2001009110150,真乃,"そして、一番最初に背中を押してくれた
プロデューサーさんのおかげです",櫻木真乃,【深染め、いろみぐさ】櫻木真乃,薫る秋
櫻木真乃/【深染め、いろみぐさ】櫻木真乃/薫る秋.csv,28,2001009110160,真乃,改めまして、本当にありがとうございますっ,櫻木真乃,【深染め、いろみぐさ】櫻木真乃,薫る秋
櫻木真乃/【深染め、いろみぐさ】櫻木真乃/薫る秋.csv,30,2001009110170,真乃,"いえ……っ
だけ、じゃないです",櫻木真乃,【深染め、いろみぐさ】櫻木真乃,薫る秋
櫻木真乃/【深染め、いろみぐさ】櫻木真乃/薫る秋.csv,31,2001009110180,真乃,"それがなかったら、
私はずっと踏み出せないままでしたから",櫻木真乃,【深染め、いろみぐさ】櫻木真乃,薫る秋
櫻木真乃/【深染め、いろみぐさ】櫻木真乃/薫る秋.csv,33,2001009110190,真乃,──私はこれからも、たくさんの実りをつけていきたいです,櫻木真乃,【深染め、いろみぐさ】櫻木真乃,薫る秋
櫻木真乃/【深染め、いろみぐさ】櫻木真乃/薫る秋.csv,34,2001009110200,真乃,"……でも、もしかしたら、この先……
足を止めてしまうことがあるかもしれません……",櫻木真乃,【深染め、いろみぐさ】櫻木真乃,薫る秋
櫻木真乃/【深染め、いろみぐさ】櫻木真乃/薫る秋.csv,35,2001009110210,真乃,"プロデューサーさん……
そのときは、また……背中を押してほしいです……っ",櫻木真乃,【深染め、いろみぐさ】櫻木真乃,薫る秋
櫻木真乃/【深染め、いろみぐさ】櫻木真乃/薫る秋.csv,37,2001009110220,真乃,"ありがとうございますっ
……ふふ",櫻木真乃,【深染め、いろみぐさ】櫻木真乃,薫る秋
櫻木真乃/【深染め、いろみぐさ】櫻木真乃/薫る秋.csv,39,2001009110230,真乃,"……はいっ
そうですね",櫻木真乃,【深染め、いろみぐさ】櫻木真乃,薫る秋
櫻木真乃/【深染め、いろみぐさ】櫻木真乃/薫る秋.csv,40,2001009110240,真乃,"一緒に行きましょう
プロデューサーさんっ",櫻木真乃,【深染め、いろみぐさ】櫻木真乃,薫る秋
櫻木真乃/【深染め、いろみぐさ】櫻木真乃/響くやわらか.csv,4,0000000000000,真乃,～～♪,櫻木真乃,【深染め、いろみぐさ】櫻木真乃,響くやわらか
櫻木真乃/【深染め、いろみぐさ】櫻木真乃/響くやわらか.csv,8,2001009020020,真乃,……？,櫻木真乃,【深染め、いろみぐさ】櫻木真乃,響くやわらか
櫻木真乃/【深染め、いろみぐさ】櫻木真乃/響くやわらか.csv,9,2001009020030,真乃,"あ、あれ……？　プロデューサーさん……っ
お、お疲れさまですっ",櫻木真乃,【深染め、いろみぐさ】櫻木真乃,響くやわらか
櫻木真乃/【深染め、いろみぐさ】櫻木真乃/響くやわらか.csv,10,2001009020040,真乃,すみません、全然気が付きませんでした……っ,櫻木真乃,【深染め、いろみぐさ】櫻木真乃,響くやわらか
櫻木真乃/【深染め、いろみぐさ】櫻木真乃/響くやわらか.csv,12,2001009020050,真乃,"いえっ、少し早く来すぎて、
時間を潰していただけだったので大丈夫ですっ",櫻木真乃,【深染め、いろみぐさ】櫻木真乃,響くやわらか
櫻木真乃/【深染め、いろみぐさ】櫻木真乃/響くやわらか.csv,14,2001009020060,真乃,"えっと、灯織ちゃんから教えてもらった
おすすめの曲を聴いていましたっ",櫻木真乃,【深染め、いろみぐさ】櫻木真乃,響くやわらか
櫻木真乃/【深染め、いろみぐさ】櫻木真乃/響くやわらか.csv,15,2001009020070,真乃,"この前、もっと上手に歌えるようになりたいってお話したら
参考になりそうな曲をたくさん持って来てくれたんですっ",櫻木真乃,【深染め、いろみぐさ】櫻木真乃,響くやわらか
櫻木真乃/【深染め、いろみぐさ】櫻木真乃/響くやわらか.csv,17,2001009020080,真乃,"そんな……大したことはまだできていないんですけれど
ちょっとでもお勉強出来たらって……",櫻木真乃,【深染め、いろみぐさ】櫻木真乃,響くやわらか
櫻木真乃/【深染め、いろみぐさ】櫻木真乃/響くやわらか.csv,18,2001009020090,真乃,"──あのっ……よかったら、プロデューサーさんの
おすすめの曲も教えて頂けませんか？",櫻木真乃,【深染め、いろみぐさ】櫻木真乃,響くやわらか
櫻木真乃/【深染め、いろみぐさ】櫻木真乃/響くやわらか.csv,23,2001009020100,真乃,"そうですねっ
私も一番参考にしていますっ",櫻木真乃,【深染め、いろみぐさ】櫻木真乃,響くやわらか
櫻木真乃/【深染め、いろみぐさ】櫻木真乃/響くやわらか.csv,26,2001009020110,真乃,"あっ、いえ……っ、私……
プロデューサーさんのおすすめが知りたいですっ",櫻木真乃,【深染め、いろみぐさ】櫻木真乃,響くやわらか
櫻木真乃/【深染め、いろみぐさ】櫻木真乃/響くやわらか.csv,30,2001009020120,真乃,"プロデューサーさん？
えっと……どうかしましたか……？",櫻木真乃,【深染め、いろみぐさ】櫻木真乃,響くやわらか
櫻木真乃/【深染め、いろみぐさ】櫻木真乃/響くやわらか.csv,32,2001009020130,真乃,"あ、あの……それは……
なんだか、うれしいです……ふふっ",櫻木真乃,【深染め、いろみぐさ】櫻木真乃,響くやわらか
櫻木真乃/【深染め、いろみぐさ】櫻木真乃/響くやわらか.csv,34,2001009020140,真乃,"──はいっ
ありがとうございます、プロデューサーさんっ",櫻木真乃,【深染め、いろみぐさ】櫻木真乃,響くやわらか
櫻木真乃/【深染め、いろみぐさ】櫻木真乃/響くやわらか.csv,35,2001009020150,真乃,……ふふっ,櫻木真乃,【深染め、いろみぐさ】櫻木真乃,響くやわらか
櫻木真乃/【深染め、いろみぐさ】櫻木真乃/響くやわらか.csv,37,2001009020160,真乃,は、はいっ、確かにとってもお勉強になりそうですっ,櫻木真乃,【深染め、いろみぐさ】櫻木真乃,響くやわらか
櫻木真乃/【深染め、いろみぐさ】櫻木真乃/響くやわらか.csv,38,2001009020170,真乃,"でも、歌のあるクラシック曲ってどんなものなんでしょうか
……えっと、私、楽器のイメージが強くて……",櫻木真乃,【深染め、いろみぐさ】櫻木真乃,響くやわらか
櫻木真乃/【深染め、いろみぐさ】櫻木真乃/響くやわらか.csv,40,2001009020180,真乃,授業で……──ほわっ、そういえばそうでしたっ,櫻木真乃,【深染め、いろみぐさ】櫻木真乃,響くやわらか
櫻木真乃/【深染め、いろみぐさ】櫻木真乃/響くやわらか.csv,41,0000000000000,真乃,学校で何度か歌ったこともありますっ,櫻木真乃,【深染め、いろみぐさ】櫻木真乃,響くやわらか
櫻木真乃/【深染め、いろみぐさ】櫻木真乃/響くやわらか.csv,44,2001009020190,真乃,"はい、そうですねっ
……私、まずは教科書の曲から聴いてみますっ",櫻木真乃,【深染め、いろみぐさ】櫻木真乃,響くやわらか
櫻木真乃/【深染め、いろみぐさ】櫻木真乃/響くやわらか.csv,46,2001009020200,真乃,"歌う人によっても……ほわ……
ちょっと迷っちゃいそうです……",櫻木真乃,【深染め、いろみぐさ】櫻木真乃,響くやわらか
櫻木真乃/【深染め、いろみぐさ】櫻木真乃/響くやわらか.csv,47,2001009020210,真乃,"あの……プロデューサーさんの知っている曲を
いくつか教えて頂いてもいいでしょうか……？",櫻木真乃,【深染め、いろみぐさ】櫻木真乃,響くやわらか
櫻木真乃/【深染め、いろみぐさ】櫻木真乃/響くやわらか.csv,49,2001009020220,真乃,"本当ですかっ？
ありがとうございます、プロデューサーさんっ",櫻木真乃,【深染め、いろみぐさ】櫻木真乃,響くやわらか
櫻木真乃/【深染め、いろみぐさ】櫻木真乃/響くやわらか.csv,51,2001009020230,真乃,"あ……えっと、いえ……あまり積極的には……
静かな曲とか、ふわぁっとした可愛い曲の方が多いです",櫻木真乃,【深染め、いろみぐさ】櫻木真乃,響くやわらか
櫻木真乃/【深染め、いろみぐさ】櫻木真乃/響くやわらか.csv,54,2001009020240,真乃,幅……確かに、灯織ちゃんも,櫻木真乃,【深染め、いろみぐさ】櫻木真乃,響くやわらか
櫻木真乃/【深染め、いろみぐさ】櫻木真乃/響くやわらか.csv,55,0000000000000,真乃,いろんな曲を聴いてみたらって言ってましたっ,櫻木真乃,【深染め、いろみぐさ】櫻木真乃,響くやわらか
櫻木真乃/【深染め、いろみぐさ】櫻木真乃/響くやわらか.csv,57,2001009020250,真乃,自分にないものを……──はいっ,櫻木真乃,【深染め、いろみぐさ】櫻木真乃,響くやわらか
櫻木真乃/【深染め、いろみぐさ】櫻木真乃/響くやわらか.csv,58,2001009020260,真乃,"……でも、あんまり激しい曲だと
慣れるのに時間がかかっちゃいそうです",櫻木真乃,【深染め、いろみぐさ】櫻木真乃,響くやわらか
櫻木真乃/【深染め、いろみぐさ】櫻木真乃/響くやわらか.csv,60,2001009020270,真乃,"いいんですか？
……なんだか、すみません",櫻木真乃,【深染め、いろみぐさ】櫻木真乃,響くやわらか
櫻木真乃/【深染め、いろみぐさ】櫻木真乃/響くやわらか.csv,63,2001009020280,真乃,"はいっ
もちろんですっ",櫻木真乃,【深染め、いろみぐさ】櫻木真乃,響くやわらか
櫻木真乃/【深染め、いろみぐさ】櫻木真乃/響くやわらか.csv,64,2001009020290,真乃,ありがとうございます、プロデューサーさんっ,櫻木真乃,【深染め、いろみぐさ】櫻木真乃,響くやわらか
櫻木真乃/【私のハルモニア】樱木真乃/1.200101801（4.12） (1).csv,2,2001018010010,真乃,『ありったけの輝きで』──────,櫻木真乃,【私のハルモニア】樱木真乃,1.200101801（4.12） (1)
櫻木真乃/【私のハルモニア】樱木真乃/1.200101801（4.12） (1).csv,3,2001018010020,真乃,"……あ、あの、プロデューサーさん
この曲、本当に私に……でしょうか……",櫻木真乃,【私のハルモニア】樱木真乃,1.200101801（4.12） (1)
櫻木真乃/【私のハルモニア】樱木真乃/1.200101801（4.12） (1).csv,6,2001018010030,真乃,…………,櫻木真乃,【私のハルモニア】樱木真乃,1.200101801（4.12） (1)
櫻木真乃/【私のハルモニア】樱木真乃/1.200101801（4.12） (1).csv,8,2001018010040,真乃,"……は、はい
えっと、お話、とってもうれしいです……っ",櫻木真乃,【私のハルモニア】樱木真乃,1.200101801（4.12） (1)
櫻木真乃/【私のハルモニア】樱木真乃/1.200101801（4.12） (1).csv,9,2001018010050,真乃,"……
うれしいなって思うんですけれど……",櫻木真乃,【私のハルモニア】樱木真乃,1.200101801（4.12） (1)
櫻木真乃/【私のハルモニア】樱木真乃/1.200101801（4.12） (1).csv,11,2001018010060,真乃,"……ほ、本当に私でいいのかな……
とも、思ってしまって……",櫻木真乃,【私のハルモニア】樱木真乃,1.200101801（4.12） (1)
櫻木真乃/【私のハルモニア】樱木真乃/1.200101801（4.12） (1).csv,15,2001018010070,真乃,"……
はい……っ",櫻木真乃,【私のハルモニア】樱木真乃,1.200101801（4.12） (1)
櫻木真乃/【私のハルモニア】樱木真乃/1.200101801（4.12） (1).csv,16,2001018010080,真乃,"──お任せいただいたソロ曲、
精一杯頑張ります……っ",櫻木真乃,【私のハルモニア】樱木真乃,1.200101801（4.12） (1)
櫻木真乃/【私のハルモニア】樱木真乃/1.200101801（4.12） (1).csv,17,2001018010090,真乃,むんっ,櫻木真乃,【私のハルモニア】樱木真乃,1.200101801（4.12） (1)
櫻木真乃/【私のハルモニア】樱木真乃/1.200101801（4.12） (1).csv,20,2001018010100,真乃,ありがとうございます……っ,櫻木真乃,【私のハルモニア】樱木真乃,1.200101801（4.12） (1)
櫻木真乃/【私のハルモニア】樱木真乃/1.200101801（4.12） (1).csv,21,2001018010110,真乃,…………,櫻木真乃,【私のハルモニア】樱木真乃,1.200101801（4.12） (1)
櫻木真乃/【私のハルモニア】樱木真乃/1.200101801（4.12） (1).csv,22,2001018010120,真乃,"……
私の、ソロ曲……",櫻木真乃,【私のハルモニア】樱木真乃,1.200101801（4.12） (1)
櫻木真乃/【私のハルモニア】樱木真乃/1.200101801（4.12） (1).csv,23,2001018010130,真乃,……ちゃんと────,櫻木真乃,【私のハルモニア】樱木真乃,1.200101801（4.12） (1)
櫻木真乃/【私のハルモニア】樱木真乃/1.200101801（4.12） (1).csv,25,2001018010140,真乃,"……ほわ
い、いえ……その……",櫻木真乃,【私のハルモニア】樱木真乃,1.200101801（4.12） (1)
櫻木真乃/【私のハルモニア】樱木真乃/1.200101801（4.12） (1).csv,27,2001018010150,真乃,"……その
これまでの、イルミネーションスターズの曲は",櫻木真乃,【私のハルモニア】樱木真乃,1.200101801（4.12） (1)
櫻木真乃/【私のハルモニア】樱木真乃/1.200101801（4.12） (1).csv,28,2001018010160,真乃,"灯織ちゃんとめぐるちゃんと一緒に意見を出し合いながら
歌詞や曲の表現を作っていたので……",櫻木真乃,【私のハルモニア】樱木真乃,1.200101801（4.12） (1)
櫻木真乃/【私のハルモニア】樱木真乃/1.200101801（4.12） (1).csv,29,2001018010170,真乃,"……今回は、ひとりなんだなって思うと
私の考えることは正解なんだろうかって……",櫻木真乃,【私のハルモニア】樱木真乃,1.200101801（4.12） (1)
櫻木真乃/【私のハルモニア】樱木真乃/1.200101801（4.12） (1).csv,30,2001018010180,真乃,"この歌詞や、曲を作って下さる方の想いを
きちんと汲めるかどうか……",櫻木真乃,【私のハルモニア】樱木真乃,1.200101801（4.12） (1)
櫻木真乃/【私のハルモニア】樱木真乃/1.200101801（4.12） (1).csv,31,2001018010190,真乃,"……台無しにしちゃわないかって……
そう、思ってしまうんです……",櫻木真乃,【私のハルモニア】樱木真乃,1.200101801（4.12） (1)
櫻木真乃/【私のハルモニア】樱木真乃/1.200101801（4.12） (1).csv,34,2001018010200,真乃,"……
えっと……",櫻木真乃,【私のハルモニア】樱木真乃,1.200101801（4.12） (1)
櫻木真乃/【私のハルモニア】樱木真乃/1.200101801（4.12） (1).csv,35,2001018010210,真乃,"……歌詞と、メロディと
イルミネーションスターズのみんなの歌が",櫻木真乃,【私のハルモニア】樱木真乃,1.200101801（4.12） (1)
櫻木真乃/【私のハルモニア】樱木真乃/1.200101801（4.12） (1).csv,36,2001018010220,真乃,"ハーモニーになって、
きらきらしているみたいです……",櫻木真乃,【私のハルモニア】樱木真乃,1.200101801（4.12） (1)
櫻木真乃/【私のハルモニア】樱木真乃/1.200101801（4.12） (1).csv,41,2001018010230,真乃,"……っ
は、はい……っ",櫻木真乃,【私のハルモニア】樱木真乃,1.200101801（4.12） (1)
櫻木真乃/【私のハルモニア】樱木真乃/1.200101801（4.12） (1).csv,42,2001018010240,真乃,"……
ありがとうございます、プロデューサーさん……っ",櫻木真乃,【私のハルモニア】樱木真乃,1.200101801（4.12） (1)
櫻木真乃/【私のハルモニア】樱木真乃/1.200101801（4.12） (1).csv,43,2001018010250,真乃,"どんな想いを重ねるか……
私なりに、考えてみます……",櫻木真乃,【私のハルモニア】樱木真乃,1.200101801（4.12） (1)
櫻木真乃/【私のハルモニア】樱木真乃/2.200101802(4.12) (2).csv,2,2001018020010,真乃,"──『星の輝き』
きらきら空を彩る輝き……",櫻木真乃,【私のハルモニア】樱木真乃,2.200101802(4.12) (2)
櫻木真乃/【私のハルモニア】樱木真乃/2.200101802(4.12) (2).csv,3,2001018020020,真乃,"イルミネーションスターズとしての
私の目標の輝き……",櫻木真乃,【私のハルモニア】樱木真乃,2.200101802(4.12) (2)
櫻木真乃/【私のハルモニア】樱木真乃/2.200101802(4.12) (2).csv,4,2001018020030,真乃,"……それから──
『お日様の光』……『笑顔』……『緑の葉』……",櫻木真乃,【私のハルモニア】樱木真乃,2.200101802(4.12) (2)
櫻木真乃/【私のハルモニア】樱木真乃/2.200101802(4.12) (2).csv,5,2001018020040,真乃,私にとってのきらきらした、たくさんの『輝き』────,櫻木真乃,【私のハルモニア】樱木真乃,2.200101802(4.12) (2)
櫻木真乃/【私のハルモニア】樱木真乃/2.200101802(4.12) (2).csv,6,2001018020050,真乃,"……どんな想いを曲に重ねたらいいか
いろいろ考えてみました……",櫻木真乃,【私のハルモニア】樱木真乃,2.200101802(4.12) (2)
櫻木真乃/【私のハルモニア】樱木真乃/2.200101802(4.12) (2).csv,7,2001018020060,真乃,"……
『ありったけの輝きで』……",櫻木真乃,【私のハルモニア】樱木真乃,2.200101802(4.12) (2)
櫻木真乃/【私のハルモニア】樱木真乃/2.200101802(4.12) (2).csv,8,2001018020070,真乃,"曲名にもある『輝き』が
私のまわりにもたくさんあるなって……",櫻木真乃,【私のハルモニア】樱木真乃,2.200101802(4.12) (2)
櫻木真乃/【私のハルモニア】樱木真乃/2.200101802(4.12) (2).csv,9,2001018020080,真乃,"……普段の何気ない
お散歩の時とか……そういうところにたくさん",櫻木真乃,【私のハルモニア】樱木真乃,2.200101802(4.12) (2)
櫻木真乃/【私のハルモニア】樱木真乃/2.200101802(4.12) (2).csv,10,2001018020090,真乃,"なので、きらきら素敵な輝きに触れた時の
うれしいな、楽しいなっていう想いを込められたらって……",櫻木真乃,【私のハルモニア】樱木真乃,2.200101802(4.12) (2)
櫻木真乃/【私のハルモニア】樱木真乃/2.200101802(4.12) (2).csv,12,2001018020100,真乃,……はい,櫻木真乃,【私のハルモニア】樱木真乃,2.200101802(4.12) (2)
櫻木真乃/【私のハルモニア】樱木真乃/2.200101802(4.12) (2).csv,13,2001018020110,真乃,"……あ、あの
たんなるお散歩になってしまうかもなんですけれど……",櫻木真乃,【私のハルモニア】樱木真乃,2.200101802(4.12) (2)
櫻木真乃/【私のハルモニア】樱木真乃/2.200101802(4.12) (2).csv,15,2001018020120,真乃,ほわぁ……,櫻木真乃,【私のハルモニア】樱木真乃,2.200101802(4.12) (2)
櫻木真乃/【私のハルモニア】樱木真乃/2.200101802(4.12) (2).csv,16,2001018020130,真乃,"……鳥さんが
飛んでいきました……",櫻木真乃,【私のハルモニア】樱木真乃,2.200101802(4.12) (2)
櫻木真乃/【私のハルモニア】樱木真乃/2.200101802(4.12) (2).csv,18,2001018020140,真乃,"……木々がそよいで
風がきらきらして見えて……",櫻木真乃,【私のハルモニア】樱木真乃,2.200101802(4.12) (2)
櫻木真乃/【私のハルモニア】樱木真乃/2.200101802(4.12) (2).csv,19,2001018020150,真乃,"……鳥さん
とっても気持ちよさそうです……っ",櫻木真乃,【私のハルモニア】樱木真乃,2.200101802(4.12) (2)
櫻木真乃/【私のハルモニア】樱木真乃/2.200101802(4.12) (2).csv,21,2001018020160,真乃,はい……っ,櫻木真乃,【私のハルモニア】樱木真乃,2.200101802(4.12) (2)
櫻木真乃/【私のハルモニア】樱木真乃/2.200101802(4.12) (2).csv,23,2001018020170,真乃,"……は、はい
ここへ来る前に、私なりに歌に向き合ってみました……",櫻木真乃,【私のハルモニア】樱木真乃,2.200101802(4.12) (2)
櫻木真乃/【私のハルモニア】樱木真乃/2.200101802(4.12) (2).csv,24,2001018020180,真乃,"……おこがましいなって思うんですけれど……
この歌は、自分の分身みたいにも感じて……",櫻木真乃,【私のハルモニア】樱木真乃,2.200101802(4.12) (2)
櫻木真乃/【私のハルモニア】樱木真乃/2.200101802(4.12) (2).csv,27,2001018020190,真乃,"……この歌は、自分より強くて、輝いていて……
こうあれたらなって思う、もうひとりの自分です……",櫻木真乃,【私のハルモニア】樱木真乃,2.200101802(4.12) (2)
櫻木真乃/【私のハルモニア】樱木真乃/2.200101802(4.12) (2).csv,28,2001018020200,真乃,"……そんな自分に想いを重ねて、
ハーモニーにするために……",櫻木真乃,【私のハルモニア】樱木真乃,2.200101802(4.12) (2)
櫻木真乃/【私のハルモニア】樱木真乃/2.200101802(4.12) (2).csv,29,2001018020210,真乃,私が、もうひとりの自分に少しでも近づくためには……,櫻木真乃,【私のハルモニア】樱木真乃,2.200101802(4.12) (2)
櫻木真乃/【私のハルモニア】樱木真乃/2.200101802(4.12) (2).csv,30,2001018020220,真乃,"私のまわりの『輝き』を、ありったけ集めて
力を貸してもらえたらって……",櫻木真乃,【私のハルモニア】樱木真乃,2.200101802(4.12) (2)
櫻木真乃/【私のハルモニア】樱木真乃/2.200101802(4.12) (2).csv,31,2001018020230,真乃,"……私自身も
いっぱい頑張らないとですけれど……っ",櫻木真乃,【私のハルモニア】樱木真乃,2.200101802(4.12) (2)
櫻木真乃/【私のハルモニア】樱木真乃/2.200101802(4.12) (2).csv,35,2001018020240,真乃,はい……っ,櫻木真乃,【私のハルモニア】樱木真乃,2.200101802(4.12) (2)
櫻木真乃/【私のハルモニア】樱木真乃/2.200101802(4.12) (2).csv,36,2001018020250,真乃,"……プロデューサーさん
ここまでお付き合いありがとうございましたっ",櫻木真乃,【私のハルモニア】樱木真乃,2.200101802(4.12) (2)
櫻木真乃/【私のハルモニア】樱木真乃/2.200101802(4.12) (2).csv,39,2001018020260,真乃,"……
雨が降らなければ……",櫻木真乃,【私のハルモニア】樱木真乃,2.200101802(4.12) (2)
櫻木真乃/【私のハルモニア】樱木真乃/2.200101802(4.12) (2).csv,40,2001018020270,真乃,"夜になったら『星の輝き』も見られたかもなって
思っちゃいますけれど……",櫻木真乃,【私のハルモニア】樱木真乃,2.200101802(4.12) (2)
櫻木真乃/【私のハルモニア】樱木真乃/2.200101802(4.12) (2).csv,41,2001018020280,真乃,"……
でも、大丈夫です……",櫻木真乃,【私のハルモニア】樱木真乃,2.200101802(4.12) (2)
櫻木真乃/【私のハルモニア】樱木真乃/2.200101802(4.12) (2).csv,42,2001018020290,真乃,"今日だけでも、きらきらした想いを
たくさん集められました……っ",櫻木真乃,【私のハルモニア】樱木真乃,2.200101802(4.12) (2)
櫻木真乃/【私のハルモニア】樱木真乃/2.200101802(4.12) (2).csv,43,2001018020300,真乃,"……それに、雨のなかにも
『輝き』はあるかもって、思います……",櫻木真乃,【私のハルモニア】樱木真乃,2.200101802(4.12) (2)
櫻木真乃/【私のハルモニア】樱木真乃/2.200101802(4.12) (2).csv,48,2001018020310,真乃,"……
そうなんですね……",櫻木真乃,【私のハルモニア】樱木真乃,2.200101802(4.12) (2)
櫻木真乃/【私のハルモニア】樱木真乃/2.200101802(4.12) (2).csv,50,2001018020320,真乃,ほわ……,櫻木真乃,【私のハルモニア】樱木真乃,2.200101802(4.12) (2)
櫻木真乃/【私のハルモニア】樱木真乃/2.200101802(4.12) (2).csv,51,2001018020330,真乃,"……きっと、雨の後の空気は
お水をたっぷり含んでいて……",櫻木真乃,【私のハルモニア】樱木真乃,2.200101802(4.12) (2)
櫻木真乃/【私のハルモニア】樱木真乃/2.200101802(4.12) (2).csv,52,2001018020340,真乃,お日様の光が、きらきら降り注いで……,櫻木真乃,【私のハルモニア】樱木真乃,2.200101802(4.12) (2)
櫻木真乃/【私のハルモニア】樱木真乃/2.200101802(4.12) (2).csv,53,2001018020350,真乃,……そうしたら、大きな虹も……────,櫻木真乃,【私のハルモニア】樱木真乃,2.200101802(4.12) (2)
櫻木真乃/【私のハルモニア】樱木真乃/2.200101802(4.12) (2).csv,55,2001018020360,真乃,はい……,櫻木真乃,【私のハルモニア】樱木真乃,2.200101802(4.12) (2)
櫻木真乃/【私のハルモニア】樱木真乃/2.200101802(4.12) (2).csv,56,2001018020370,真乃,"……そんな、きれいな空の中を飛んだら
きっと気持ちいいんだろうな……",櫻木真乃,【私のハルモニア】樱木真乃,2.200101802(4.12) (2)
櫻木真乃/【私のハルモニア】樱木真乃/3.200101811 (3).csv,2,2001018110010,真乃,"……そんな、きれいな空の中を飛んだら
きっと気持ちいいんだろうな……",櫻木真乃,【私のハルモニア】樱木真乃,3.200101811 (3)
櫻木真乃/【私のハルモニア】樱木真乃/3.200101811 (3).csv,8,2001018110020,真乃,"……ほわ
プロデューサーさん……",櫻木真乃,【私のハルモニア】樱木真乃,3.200101811 (3)
櫻木真乃/【私のハルモニア】樱木真乃/3.200101811 (3).csv,11,2001018110030,真乃,"……鳩さんがプロデューサーさんを
連れてきてくれたんですね……",櫻木真乃,【私のハルモニア】樱木真乃,3.200101811 (3)
櫻木真乃/【私のハルモニア】樱木真乃/3.200101811 (3).csv,13,2001018110040,真乃,"……空が、とってもきれいだったので
お散歩をしていました……",櫻木真乃,【私のハルモニア】樱木真乃,3.200101811 (3)
櫻木真乃/【私のハルモニア】樱木真乃/3.200101811 (3).csv,14,2001018110050,真乃,"雨のあとの、きらきらした景色を見ていたら
いつの間にかここまで来ていて……",櫻木真乃,【私のハルモニア】樱木真乃,3.200101811 (3)
櫻木真乃/【私のハルモニア】樱木真乃/3.200101811 (3).csv,17,2001018110060,真乃,"……
あ、あの……プロデューサーさん……っ",櫻木真乃,【私のハルモニア】樱木真乃,3.200101811 (3)
櫻木真乃/【私のハルモニア】樱木真乃/3.200101811 (3).csv,19,2001018110070,真乃,"……実は、プロデューサーさんに
見ていただけたらって思ったものがあって……",櫻木真乃,【私のハルモニア】樱木真乃,3.200101811 (3)
櫻木真乃/【私のハルモニア】樱木真乃/3.200101811 (3).csv,20,2001018110080,真乃,一緒に来ていただいてもいいでしょうか……────,櫻木真乃,【私のハルモニア】樱木真乃,3.200101811 (3)
櫻木真乃/【私のハルモニア】樱木真乃/3.200101811 (3).csv,21,2001018110090,真乃,"……あそこに
虹がかかっているんです……っ",櫻木真乃,【私のハルモニア】樱木真乃,3.200101811 (3)
櫻木真乃/【私のハルモニア】樱木真乃/3.200101811 (3).csv,23,2001018110100,真乃,"……
ふふ……っ",櫻木真乃,【私のハルモニア】樱木真乃,3.200101811 (3)
櫻木真乃/【私のハルモニア】樱木真乃/3.200101811 (3).csv,24,2001018110110,真乃,"これだけは
写真では上手く伝えられなくて……",櫻木真乃,【私のハルモニア】樱木真乃,3.200101811 (3)
櫻木真乃/【私のハルモニア】樱木真乃/3.200101811 (3).csv,26,2001018110120,真乃,"……空が輝くためには
雲や雨粒も大事だって……",櫻木真乃,【私のハルモニア】樱木真乃,3.200101811 (3)
櫻木真乃/【私のハルモニア】樱木真乃/3.200101811 (3).csv,27,2001018110130,真乃,"本当に、プロデューサーさんから
聞いたとおりで……",櫻木真乃,【私のハルモニア】樱木真乃,3.200101811 (3)
櫻木真乃/【私のハルモニア】樱木真乃/3.200101811 (3).csv,28,2001018110140,真乃,"晴れたら、光でいっぱいの
とびきりの『輝き』がありました……っ",櫻木真乃,【私のハルモニア】樱木真乃,3.200101811 (3)
櫻木真乃/【私のハルモニア】樱木真乃/3.200101811 (3).csv,31,2001018110150,真乃,"……世界には、
まだまだ素敵な『輝き』があって──",櫻木真乃,【私のハルモニア】樱木真乃,3.200101811 (3)
櫻木真乃/【私のハルモニア】樱木真乃/3.200101811 (3).csv,32,2001018110160,真乃,"それに触れることが出来るたびに
胸が、ぽかぽかでいっぱいになります……",櫻木真乃,【私のハルモニア】樱木真乃,3.200101811 (3)
櫻木真乃/【私のハルモニア】樱木真乃/3.200101811 (3).csv,35,2001018110170,真乃,"…………
はい……",櫻木真乃,【私のハルモニア】樱木真乃,3.200101811 (3)
櫻木真乃/【私のハルモニア】樱木真乃/3.200101811 (3).csv,36,2001018110180,真乃,この、胸に留めた『輝き』を……,櫻木真乃,【私のハルモニア】樱木真乃,3.200101811 (3)
櫻木真乃/【私のハルモニア】樱木真乃/3.200101811 (3).csv,37,2001018110190,真乃,"……ありったけの想いを
歌に乗せてみたいです……っ",櫻木真乃,【私のハルモニア】樱木真乃,3.200101811 (3)
櫻木真乃/【私のレンズの先のこと】櫻木真乃/ひもとく.csv,4,3001018010030,真乃,ほわ……っ,櫻木真乃,【私のレンズの先のこと】櫻木真乃,ひもとく
櫻木真乃/【私のレンズの先のこと】櫻木真乃/ひもとく.csv,7,3001018010060,真乃,うん……っ,櫻木真乃,【私のレンズの先のこと】櫻木真乃,ひもとく
櫻木真乃/【私のレンズの先のこと】櫻木真乃/ひもとく.csv,10,3001018010090,真乃,"あ……
ほ、本屋さんの方でもいいかな……？",櫻木真乃,【私のレンズの先のこと】櫻木真乃,ひもとく
櫻木真乃/【私のレンズの先のこと】櫻木真乃/ひもとく.csv,12,3001018010110,真乃,"うん……っ
謎解きの本があったら",櫻木真乃,【私のレンズの先のこと】櫻木真乃,ひもとく
櫻木真乃/【私のレンズの先のこと】櫻木真乃/ひもとく.csv,14,3001018010130,真乃,……問題を作るのの参考になったらって,櫻木真乃,【私のレンズの先のこと】櫻木真乃,ひもとく
櫻木真乃/【私のレンズの先のこと】櫻木真乃/ひもとく.csv,15,3001018010140,真乃,"この間も……一冊買って、やってみたんだ
少しずつ、自分でも解けるようになって……っ",櫻木真乃,【私のレンズの先のこと】櫻木真乃,ひもとく
櫻木真乃/【私のレンズの先のこと】櫻木真乃/ひもとく.csv,17,3001018010160,真乃,で、でも、作るのはまだまだなの……っ,櫻木真乃,【私のレンズの先のこと】櫻木真乃,ひもとく
櫻木真乃/【私のレンズの先のこと】櫻木真乃/ひもとく.csv,18,3001018010170,真乃,"思いついても、簡単すぎちゃったり……
あとはこじつけみたいになっちゃったり……",櫻木真乃,【私のレンズの先のこと】櫻木真乃,ひもとく
櫻木真乃/【私のレンズの先のこと】櫻木真乃/ひもとく.csv,23,3001018010220,真乃,"……うん
そうなれるように、一生懸命作るよ……っ",櫻木真乃,【私のレンズの先のこと】櫻木真乃,ひもとく
櫻木真乃/【私のレンズの先のこと】櫻木真乃/ひもとく.csv,26,3001018010250,真乃,……？,櫻木真乃,【私のレンズの先のこと】櫻木真乃,ひもとく
櫻木真乃/【私のレンズの先のこと】櫻木真乃/ひもとく.csv,29,3001018010280,真乃,わ……,櫻木真乃,【私のレンズの先のこと】櫻木真乃,ひもとく
櫻木真乃/【私のレンズの先のこと】櫻木真乃/ひもとく.csv,31,3001018010300,真乃,ほわ……っ,櫻木真乃,【私のレンズの先のこと】櫻木真乃,ひもとく
櫻木真乃/【私のレンズの先のこと】櫻木真乃/ひもとく.csv,32,3001018010310,真乃,"あ、あのね……っ
今考え途中の謎が、鳥さんの絵を使ったもので……",櫻木真乃,【私のレンズの先のこと】櫻木真乃,ひもとく
櫻木真乃/【私のレンズの先のこと】櫻木真乃/ひもとく.csv,33,3001018010320,真乃,"だから……
大丈夫って、今、背中を押してもらえたみたいで……",櫻木真乃,【私のレンズの先のこと】櫻木真乃,ひもとく
櫻木真乃/【私のレンズの先のこと】櫻木真乃/ひもとく.csv,34,3001018010330,真乃,ありがとう,櫻木真乃,【私のレンズの先のこと】櫻木真乃,ひもとく
櫻木真乃/【私のレンズの先のこと】櫻木真乃/ひもとく.csv,39,3001018010380,真乃,"ふふっ
灯織ちゃんもめぐるちゃんも、名探偵さん",櫻木真乃,【私のレンズの先のこと】櫻木真乃,ひもとく
櫻木真乃/【私のレンズの先のこと】櫻木真乃/ひもとく.csv,45,3001018010440,真乃,"う、うん……
する……っ",櫻木真乃,【私のレンズの先のこと】櫻木真乃,ひもとく
櫻木真乃/【私のレンズの先のこと】櫻木真乃/ひもとく.csv,46,3001018010450,真乃,でも、楽しいなって,櫻木真乃,【私のレンズの先のこと】櫻木真乃,ひもとく
櫻木真乃/【私のレンズの先のこと】櫻木真乃/ひもとく.csv,49,3001018010480,真乃,うん……っ,櫻木真乃,【私のレンズの先のこと】櫻木真乃,ひもとく
櫻木真乃/【私のレンズの先のこと】櫻木真乃/ひもとく.csv,56,3001018010550,真乃,ふふふっ,櫻木真乃,【私のレンズの先のこと】櫻木真乃,ひもとく
櫻木真乃/【私のレンズの先のこと】櫻木真乃/ひもとく.csv,60,3001018010590,真乃,"そ、そうだね……っ
決めなくちゃ……っ",櫻木真乃,【私のレンズの先のこと】櫻木真乃,ひもとく
櫻木真乃/【私のレンズの先のこと】櫻木真乃/ひもとく.csv,63,3001018010620,真乃,"ほわ……っ
なんで……？",櫻木真乃,【私のレンズの先のこと】櫻木真乃,ひもとく
櫻木真乃/【私のレンズの先のこと】櫻木真乃/ひもとく.csv,68,3001018010670,真乃,そっか……,櫻木真乃,【私のレンズの先のこと】櫻木真乃,ひもとく
櫻木真乃/【私のレンズの先のこと】櫻木真乃/ひもとく.csv,69,3001018010680,真乃,ふたりとも、また正解です……っ,櫻木真乃,【私のレンズの先のこと】櫻木真乃,ひもとく
櫻木真乃/【私のレンズの先のこと】櫻木真乃/ひもとく.csv,74,3001018010720,真乃,うんっ,櫻木真乃,【私のレンズの先のこと】櫻木真乃,ひもとく
櫻木真乃/【私のレンズの先のこと】櫻木真乃/思い出さんぶんこ.csv,2,3001018020010,真乃,そ、それでは……っ,櫻木真乃,【私のレンズの先のこと】櫻木真乃,思い出さんぶんこ
櫻木真乃/【私のレンズの先のこと】櫻木真乃/思い出さんぶんこ.csv,3,3001018020020,真乃,『誰かが、見ている』、お疲れさまでした,櫻木真乃,【私のレンズの先のこと】櫻木真乃,思い出さんぶんこ
櫻木真乃/【私のレンズの先のこと】櫻木真乃/思い出さんぶんこ.csv,6,3001018020050,真乃,"うん、ありがとう……っ
灯織ちゃんもめぐるちゃんも……っ",櫻木真乃,【私のレンズの先のこと】櫻木真乃,思い出さんぶんこ
櫻木真乃/【私のレンズの先のこと】櫻木真乃/思い出さんぶんこ.csv,7,3001018020060,真乃,"……いろんな謎解きが無事に終わって
よかったですっ",櫻木真乃,【私のレンズの先のこと】櫻木真乃,思い出さんぶんこ
櫻木真乃/【私のレンズの先のこと】櫻木真乃/思い出さんぶんこ.csv,8,3001018020070,真乃,──乾杯……っ,櫻木真乃,【私のレンズの先のこと】櫻木真乃,思い出さんぶんこ
櫻木真乃/【私のレンズの先のこと】櫻木真乃/思い出さんぶんこ.csv,12,3001018020100,真乃,ほわ、そんな……っ,櫻木真乃,【私のレンズの先のこと】櫻木真乃,思い出さんぶんこ
櫻木真乃/【私のレンズの先のこと】櫻木真乃/思い出さんぶんこ.csv,16,3001018020140,真乃,"う、うん……
できる範囲で、少しだけだけど……",櫻木真乃,【私のレンズの先のこと】櫻木真乃,思い出さんぶんこ
櫻木真乃/【私のレンズの先のこと】櫻木真乃/思い出さんぶんこ.csv,17,3001018020150,真乃,"その……共感覚のことでね、学校の図書室にない本が
読みたくて、大きい図書館に探しに行ったんだ",櫻木真乃,【私のレンズの先のこと】櫻木真乃,思い出さんぶんこ
櫻木真乃/【私のレンズの先のこと】櫻木真乃/思い出さんぶんこ.csv,19,3001018020170,真乃,"見つかって、借りて帰ろうとしたんだけど……
これってネタバレになっちゃわないかな、って思って……",櫻木真乃,【私のレンズの先のこと】櫻木真乃,思い出さんぶんこ
櫻木真乃/【私のレンズの先のこと】櫻木真乃/思い出さんぶんこ.csv,21,3001018020190,真乃,"急に共感覚のことを勉強しようとしてるけど
何かあるのかな……とか",櫻木真乃,【私のレンズの先のこと】櫻木真乃,思い出さんぶんこ
櫻木真乃/【私のレンズの先のこと】櫻木真乃/思い出さんぶんこ.csv,22,3001018020200,真乃,"誰かがそう思っちゃうことも
ダメだったりするのかな……？　って、心配になって",櫻木真乃,【私のレンズの先のこと】櫻木真乃,思い出さんぶんこ
櫻木真乃/【私のレンズの先のこと】櫻木真乃/思い出さんぶんこ.csv,24,3001018020220,真乃,"だから、何冊か本を持ったまま、
貸出カウンターの前を行ったり来たりしちゃった……",櫻木真乃,【私のレンズの先のこと】櫻木真乃,思い出さんぶんこ
櫻木真乃/【私のレンズの先のこと】櫻木真乃/思い出さんぶんこ.csv,25,3001018020230,真乃,"そっちの方が『あれ……？』って
思われちゃいそうだったなって……ふふ……っ",櫻木真乃,【私のレンズの先のこと】櫻木真乃,思い出さんぶんこ
櫻木真乃/【私のレンズの先のこと】櫻木真乃/思い出さんぶんこ.csv,29,3001018020270,真乃,"うん。たくさん借りないで、その日は一冊だけ……
違う本も一緒に借りたよ",櫻木真乃,【私のレンズの先のこと】櫻木真乃,思い出さんぶんこ
櫻木真乃/【私のレンズの先のこと】櫻木真乃/思い出さんぶんこ.csv,31,3001018020290,真乃,うん,櫻木真乃,【私のレンズの先のこと】櫻木真乃,思い出さんぶんこ
櫻木真乃/【私のレンズの先のこと】櫻木真乃/思い出さんぶんこ.csv,35,3001018020330,真乃,ほ、ほわ……,櫻木真乃,【私のレンズの先のこと】櫻木真乃,思い出さんぶんこ
櫻木真乃/【私のレンズの先のこと】櫻木真乃/思い出さんぶんこ.csv,36,3001018020340,真乃,"あ、あのね、それは……
灯織ちゃんとめぐるちゃんこそ……だよっ",櫻木真乃,【私のレンズの先のこと】櫻木真乃,思い出さんぶんこ
櫻木真乃/【私のレンズの先のこと】櫻木真乃/思い出さんぶんこ.csv,40,3001018020380,真乃,そうだよ、灯織ちゃん……っ,櫻木真乃,【私のレンズの先のこと】櫻木真乃,思い出さんぶんこ
櫻木真乃/【私のレンズの先のこと】櫻木真乃/思い出さんぶんこ.csv,48,3001018020460,真乃,そっか、うん……っ,櫻木真乃,【私のレンズの先のこと】櫻木真乃,思い出さんぶんこ
櫻木真乃/【私のレンズの先のこと】櫻木真乃/思い出さんぶんこ.csv,61,3001018020590,真乃,うん……っ,櫻木真乃,【私のレンズの先のこと】櫻木真乃,思い出さんぶんこ
櫻木真乃/【私のレンズの先のこと】櫻木真乃/思い出さんぶんこ.csv,62,3001018020600,真乃,……あ,櫻木真乃,【私のレンズの先のこと】櫻木真乃,思い出さんぶんこ
櫻木真乃/【私のレンズの先のこと】櫻木真乃/思い出さんぶんこ.csv,63,3001018020610,真乃,"あのね、灯織ちゃんとめぐるちゃんに
聞いてもらいたいことがあって……",櫻木真乃,【私のレンズの先のこと】櫻木真乃,思い出さんぶんこ
櫻木真乃/【私のレンズの先のこと】櫻木真乃/思い出さんぶんこ.csv,65,3001018020620,真乃,"最終回の予告の動画──
私たちが出てるバージョンなんだけど",櫻木真乃,【私のレンズの先のこと】櫻木真乃,思い出さんぶんこ
櫻木真乃/【私のレンズの先のこと】櫻木真乃/思い出さんぶんこ.csv,66,3001018020630,真乃,謎が出されてたかもしれないって思ったの,櫻木真乃,【私のレンズの先のこと】櫻木真乃,思い出さんぶんこ
櫻木真乃/【私のレンズの先のこと】櫻木真乃/思い出さんぶんこ.csv,68,3001018020650,真乃,ここのコピーが……,櫻木真乃,【私のレンズの先のこと】櫻木真乃,思い出さんぶんこ
櫻木真乃/【私のレンズの先のこと】櫻木真乃/思い出さんぶんこ.csv,70,3001018020670,真乃,"うん
だから、問題なのかなって思って……",櫻木真乃,【私のレンズの先のこと】櫻木真乃,思い出さんぶんこ
櫻木真乃/【私のレンズの先のこと】櫻木真乃/思い出さんぶんこ.csv,71,3001018020680,真乃,ローマ字に変えて考えてみたら,櫻木真乃,【私のレンズの先のこと】櫻木真乃,思い出さんぶんこ
櫻木真乃/【私のレンズの先のこと】櫻木真乃/思い出さんぶんこ.csv,73,3001018020700,真乃,"うん……っ
それを、コピーに当てはめると──",櫻木真乃,【私のレンズの先のこと】櫻木真乃,思い出さんぶんこ
櫻木真乃/【私のレンズの先のこと】櫻木真乃/思い出さんぶんこ.csv,79,3001018020750,真乃,うんっ,櫻木真乃,【私のレンズの先のこと】櫻木真乃,思い出さんぶんこ
櫻木真乃/【私のレンズの先のこと】櫻木真乃/思い出さんぶんこ.csv,80,3001018020760,真乃,今度は一緒に謎解きできたら、うれしいな……っ,櫻木真乃,【私のレンズの先のこと】櫻木真乃,思い出さんぶんこ
櫻木真乃/【花風Smiley】櫻木真乃/はずむ、こころ.csv,2,2001013010010,真乃,"──わ
桜のいい香り……",櫻木真乃,【花風Smiley】櫻木真乃,はずむ、こころ
櫻木真乃/【花風Smiley】櫻木真乃/はずむ、こころ.csv,3,2001013010020,真乃,──……,櫻木真乃,【花風Smiley】櫻木真乃,はずむ、こころ
櫻木真乃/【花風Smiley】櫻木真乃/はずむ、こころ.csv,5,2001013010030,真乃,"は、はい……っ
とっても美味しいです……",櫻木真乃,【花風Smiley】櫻木真乃,はずむ、こころ
櫻木真乃/【花風Smiley】櫻木真乃/はずむ、こころ.csv,6,2001013010040,真乃,淹れてくださってありがとうございます……っ,櫻木真乃,【花風Smiley】櫻木真乃,はずむ、こころ
櫻木真乃/【花風Smiley】櫻木真乃/はずむ、こころ.csv,9,2001013010050,真乃,"……はい……っ
今度のライブに向けてたくさん練習できたらって",櫻木真乃,【花風Smiley】櫻木真乃,はずむ、こころ
櫻木真乃/【花風Smiley】櫻木真乃/はずむ、こころ.csv,10,2001013010060,真乃,今からでは難しいでしょうか……？,櫻木真乃,【花風Smiley】櫻木真乃,はずむ、こころ
櫻木真乃/【花風Smiley】櫻木真乃/はずむ、こころ.csv,14,2001013010070,真乃,は、はい、大丈夫です……っ,櫻木真乃,【花風Smiley】櫻木真乃,はずむ、こころ
櫻木真乃/【花風Smiley】櫻木真乃/はずむ、こころ.csv,16,2001013010080,真乃,ありがとうございます……っ,櫻木真乃,【花風Smiley】櫻木真乃,はずむ、こころ
櫻木真乃/【花風Smiley】櫻木真乃/はずむ、こころ.csv,22,2001013010090,真乃,──あ、あの……プロデューサーさん……,櫻木真乃,【花風Smiley】櫻木真乃,はずむ、こころ
櫻木真乃/【花風Smiley】櫻木真乃/はずむ、こころ.csv,23,2001013010100,真乃,まだ少し先のことなんですけれど──,櫻木真乃,【花風Smiley】櫻木真乃,はずむ、こころ
櫻木真乃/【花風Smiley】櫻木真乃/はずむ、こころ.csv,24,2001013010110,真乃,"えっと、ライブが終わった次の日に打ち上げも兼ねて
お花見しようってことになって",櫻木真乃,【花風Smiley】櫻木真乃,はずむ、こころ
櫻木真乃/【花風Smiley】櫻木真乃/はずむ、こころ.csv,25,2001013010120,真乃,"よかったらプロデューサーさんも誘えたらって
灯織ちゃんとめぐるちゃんと考えていて……",櫻木真乃,【花風Smiley】櫻木真乃,はずむ、こころ
櫻木真乃/【花風Smiley】櫻木真乃/はずむ、こころ.csv,26,2001013010130,真乃,あの、どうでしょうか……？,櫻木真乃,【花風Smiley】櫻木真乃,はずむ、こころ
櫻木真乃/【花風Smiley】櫻木真乃/はずむ、こころ.csv,29,2001013010140,真乃,ほわ……そうなんですね……,櫻木真乃,【花風Smiley】櫻木真乃,はずむ、こころ
櫻木真乃/【花風Smiley】櫻木真乃/はずむ、こころ.csv,31,2001013010150,真乃,は、はい……,櫻木真乃,【花風Smiley】櫻木真乃,はずむ、こころ
櫻木真乃/【花風Smiley】櫻木真乃/はずむ、こころ.csv,32,2001013010160,真乃,"あ、あの……そうしたら私、
お花見の写真、いっぱい撮ってきます……っ",櫻木真乃,【花風Smiley】櫻木真乃,はずむ、こころ
櫻木真乃/【花風Smiley】櫻木真乃/はずむ、こころ.csv,33,2001013010170,真乃,"……プロデューサーさんにも、
桜の花を見ていただけるように……",櫻木真乃,【花風Smiley】櫻木真乃,はずむ、こころ
櫻木真乃/【花風Smiley】櫻木真乃/はずむ、こころ.csv,34,2001013010180,真乃,……その、桜は上手に撮れたことがないので……,櫻木真乃,【花風Smiley】櫻木真乃,はずむ、こころ
櫻木真乃/【花風Smiley】櫻木真乃/はずむ、こころ.csv,35,2001013010190,真乃,"写真だと、あんまりきれいじゃないかも
しれないですけれど……",櫻木真乃,【花風Smiley】櫻木真乃,はずむ、こころ
櫻木真乃/【花風Smiley】櫻木真乃/はずむ、こころ.csv,38,2001013010200,真乃,……はいっ,櫻木真乃,【花風Smiley】櫻木真乃,はずむ、こころ
櫻木真乃/【花風Smiley】櫻木真乃/はずむ、こころ.csv,41,2001013010210,真乃,"……ふふ、そうですね、
食べ物もそうですし他にもいろいろ……",櫻木真乃,【花風Smiley】櫻木真乃,はずむ、こころ
櫻木真乃/【花風Smiley】櫻木真乃/はずむ、こころ.csv,42,2001013010220,真乃,"みんなと話しているだけで楽しくて……
詳しくは決めきれていないんです",櫻木真乃,【花風Smiley】櫻木真乃,はずむ、こころ
櫻木真乃/【花風Smiley】櫻木真乃/はずむ、こころ.csv,43,2001013010230,真乃,"……プロデューサーさんだったら
お花見では何が一番楽しみですか……？",櫻木真乃,【花風Smiley】櫻木真乃,はずむ、こころ
櫻木真乃/【花風Smiley】櫻木真乃/はずむ、こころ.csv,47,2001013010240,真乃,わ、おしゃべりですか……,櫻木真乃,【花風Smiley】櫻木真乃,はずむ、こころ
櫻木真乃/【花風Smiley】櫻木真乃/はずむ、こころ.csv,50,2001013010250,真乃,"はい……
それに、とっても気持ちよさそうです",櫻木真乃,【花風Smiley】櫻木真乃,はずむ、こころ
櫻木真乃/【花風Smiley】櫻木真乃/はずむ、こころ.csv,51,2001013010260,真乃,"……そよ風があったかくて、
みんなの笑い声も響いて",櫻木真乃,【花風Smiley】櫻木真乃,はずむ、こころ
櫻木真乃/【花風Smiley】櫻木真乃/はずむ、こころ.csv,52,2001013010270,真乃,"……ふふ、楽しい声につられて
鳥さんも遊びに来てくれるかもしれません……",櫻木真乃,【花風Smiley】櫻木真乃,はずむ、こころ
櫻木真乃/【花風Smiley】櫻木真乃/はずむ、こころ.csv,54,2001013010280,真乃,"……ふふ、食べ物がたくさんなのも
にぎやかで楽しそうです",櫻木真乃,【花風Smiley】櫻木真乃,はずむ、こころ
櫻木真乃/【花風Smiley】櫻木真乃/はずむ、こころ.csv,55,2001013010290,真乃,"お弁当は灯織ちゃんが作ってくれるって言ってて……
……私は、何を用意しようかな……",櫻木真乃,【花風Smiley】櫻木真乃,はずむ、こころ
櫻木真乃/【花風Smiley】櫻木真乃/はずむ、こころ.csv,57,2001013010300,真乃,"わぁ……あったかい飲み物……
いいかもしれません……っ",櫻木真乃,【花風Smiley】櫻木真乃,はずむ、こころ
櫻木真乃/【花風Smiley】櫻木真乃/はずむ、こころ.csv,58,2001013010310,真乃,"まだちょっと肌寒かったりするかもですし……
ぽかぽかになれるように、豚汁作ってみますね……っ",櫻木真乃,【花風Smiley】櫻木真乃,はずむ、こころ
櫻木真乃/【花風Smiley】櫻木真乃/はずむ、こころ.csv,61,2001013010320,真乃,わぁ……はい……,櫻木真乃,【花風Smiley】櫻木真乃,はずむ、こころ
櫻木真乃/【花風Smiley】櫻木真乃/はずむ、こころ.csv,62,2001013010330,真乃,"……桜の淡い色でいっぱいな中、にぎやかな声が
聞こえてくると、自分まで楽しくなっちゃうような……",櫻木真乃,【花風Smiley】櫻木真乃,はずむ、こころ
櫻木真乃/【花風Smiley】櫻木真乃/はずむ、こころ.csv,63,2001013010340,真乃,"──私、いっぱい写真撮ってきます
そんな風景も楽しめるように……",櫻木真乃,【花風Smiley】櫻木真乃,はずむ、こころ
櫻木真乃/【花風Smiley】櫻木真乃/やわらかくつつんで、春.csv,7,2001013030010,真乃,"……おはようございます……っ
プロデューサーさん",櫻木真乃,【花風Smiley】櫻木真乃,やわらかくつつんで、春
櫻木真乃/【花風Smiley】櫻木真乃/やわらかくつつんで、春.csv,8,2001013030020,真乃,"おいで、ピーちゃん
プロデューサーさんを困らせちゃダメだから……",櫻木真乃,【花風Smiley】櫻木真乃,やわらかくつつんで、春
櫻木真乃/【花風Smiley】櫻木真乃/やわらかくつつんで、春.csv,9,2001013030030,真乃,……いいこ……,櫻木真乃,【花風Smiley】櫻木真乃,やわらかくつつんで、春
櫻木真乃/【花風Smiley】櫻木真乃/やわらかくつつんで、春.csv,11,2001013030040,真乃,"すみません、プロデューサーさん
わざわざ来ていただいて……",櫻木真乃,【花風Smiley】櫻木真乃,やわらかくつつんで、春
櫻木真乃/【花風Smiley】櫻木真乃/やわらかくつつんで、春.csv,14,2001013030050,真乃,"はい、大丈夫です……っ
ここまで持ってきていただいて、ありがとうございます",櫻木真乃,【花風Smiley】櫻木真乃,やわらかくつつんで、春
櫻木真乃/【花風Smiley】櫻木真乃/やわらかくつつんで、春.csv,16,2001013030060,真乃,"はいっ
もうひと踏ん張りです……っ",櫻木真乃,【花風Smiley】櫻木真乃,やわらかくつつんで、春
櫻木真乃/【花風Smiley】櫻木真乃/やわらかくつつんで、春.csv,17,2001013030061,真乃＆プロデューサー,……はは,櫻木真乃,【花風Smiley】櫻木真乃,やわらかくつつんで、春
櫻木真乃/【花風Smiley】櫻木真乃/やわらかくつつんで、春.csv,21,2001013030070,真乃,……は、はい……,櫻木真乃,【花風Smiley】櫻木真乃,やわらかくつつんで、春
櫻木真乃/【花風Smiley】櫻木真乃/やわらかくつつんで、春.csv,22,2001013030080,真乃,……あ、あの、プロデューサーさん,櫻木真乃,【花風Smiley】櫻木真乃,やわらかくつつんで、春
櫻木真乃/【花風Smiley】櫻木真乃/やわらかくつつんで、春.csv,23,2001013030090,真乃,"事務所に戻るには、少し遠回りなんですけれど……
この近くに、桜がきれいに咲いている道があるんです",櫻木真乃,【花風Smiley】櫻木真乃,やわらかくつつんで、春
櫻木真乃/【花風Smiley】櫻木真乃/やわらかくつつんで、春.csv,24,2001013030100,真乃,……その、よかったら,櫻木真乃,【花風Smiley】櫻木真乃,やわらかくつつんで、春
櫻木真乃/【花風Smiley】櫻木真乃/やわらかくつつんで、春.csv,27,2001013030110,真乃,"ありがとうございます……
こっちです",櫻木真乃,【花風Smiley】櫻木真乃,やわらかくつつんで、春
櫻木真乃/【花風Smiley】櫻木真乃/やわらかくつつんで、春.csv,30,2001013030120,真乃,"……このあたり、毎年ちょっとだけ早めに咲くんです
朝早いと、こんなふうに人通りも少なくて……",櫻木真乃,【花風Smiley】櫻木真乃,やわらかくつつんで、春
櫻木真乃/【花風Smiley】櫻木真乃/やわらかくつつんで、春.csv,32,2001013030130,真乃,"あたたかくなってきて、ピーちゃんとも
ようやくお出かけできるようになったので……",櫻木真乃,【花風Smiley】櫻木真乃,やわらかくつつんで、春
櫻木真乃/【花風Smiley】櫻木真乃/やわらかくつつんで、春.csv,33,2001013030140,真乃,今日は久しぶりに見にこようって……,櫻木真乃,【花風Smiley】櫻木真乃,やわらかくつつんで、春
櫻木真乃/【花風Smiley】櫻木真乃/やわらかくつつんで、春.csv,34,2001013030150,真乃,プロデューサーさんともご一緒できて、よかったです,櫻木真乃,【花風Smiley】櫻木真乃,やわらかくつつんで、春
櫻木真乃/【花風Smiley】櫻木真乃/やわらかくつつんで、春.csv,38,2001013030160,真乃,……ふふ、たくさん降ってきてますね,櫻木真乃,【花風Smiley】櫻木真乃,やわらかくつつんで、春
櫻木真乃/【花風Smiley】櫻木真乃/やわらかくつつんで、春.csv,39,2001013030170,真乃,"……プロデューサーさん
あの枝のあたり、見えますか……",櫻木真乃,【花風Smiley】櫻木真乃,やわらかくつつんで、春
櫻木真乃/【花風Smiley】櫻木真乃/やわらかくつつんで、春.csv,42,2001013030180,真乃,"はい
あのこはシジュウカラさんです",櫻木真乃,【花風Smiley】櫻木真乃,やわらかくつつんで、春
櫻木真乃/【花風Smiley】櫻木真乃/やわらかくつつんで、春.csv,43,2001013030190,真乃,……桜の蜜を吸うのにああしているんだと思います,櫻木真乃,【花風Smiley】櫻木真乃,やわらかくつつんで、春
櫻木真乃/【花風Smiley】櫻木真乃/やわらかくつつんで、春.csv,46,2001013030200,真乃,あ……,櫻木真乃,【花風Smiley】櫻木真乃,やわらかくつつんで、春
櫻木真乃/【花風Smiley】櫻木真乃/やわらかくつつんで、春.csv,47,2001013030210,真乃,──えい……っ,櫻木真乃,【花風Smiley】櫻木真乃,やわらかくつつんで、春
櫻木真乃/【花風Smiley】櫻木真乃/やわらかくつつんで、春.csv,49,2001013030220,真乃,"……お花、取れました
ふふ……もうひとつ────……",櫻木真乃,【花風Smiley】櫻木真乃,やわらかくつつんで、春
櫻木真乃/【花風Smiley】櫻木真乃/やわらかくつつんで、春.csv,50,2001013030230,真乃,ほわ……ピーちゃん……,櫻木真乃,【花風Smiley】櫻木真乃,やわらかくつつんで、春
櫻木真乃/【花風Smiley】櫻木真乃/やわらかくつつんで、春.csv,51,2001013030240,真乃,"ピーちゃんを呼んだわけじゃなかったんだけど
……ふふ",櫻木真乃,【花風Smiley】櫻木真乃,やわらかくつつんで、春
櫻木真乃/【花風Smiley】櫻木真乃/やわらかくつつんで、春.csv,52,2001013030250,真乃,"おかえりなさい
とっても楽しいお散歩になったね……",櫻木真乃,【花風Smiley】櫻木真乃,やわらかくつつんで、春
櫻木真乃/【花風Smiley】櫻木真乃/カメラレッスン.csv,4,2001013020010,真乃,……よろしくお願いします……っ,櫻木真乃,【花風Smiley】櫻木真乃,カメラレッスン
櫻木真乃/【花風Smiley】櫻木真乃/カメラレッスン.csv,9,2001013020020,真乃,"……はい……っ
ありがとうございます……っ",櫻木真乃,【花風Smiley】櫻木真乃,カメラレッスン
櫻木真乃/【花風Smiley】櫻木真乃/カメラレッスン.csv,15,2001013020030,真乃,は、はい……っ,櫻木真乃,【花風Smiley】櫻木真乃,カメラレッスン
櫻木真乃/【花風Smiley】櫻木真乃/カメラレッスン.csv,16,2001013020040,真乃,"……桜の花びらがたくさん
いただきます……──",櫻木真乃,【花風Smiley】櫻木真乃,カメラレッスン
櫻木真乃/【花風Smiley】櫻木真乃/カメラレッスン.csv,17,2001013020050,真乃,わ、美味しい……,櫻木真乃,【花風Smiley】櫻木真乃,カメラレッスン
櫻木真乃/【花風Smiley】櫻木真乃/カメラレッスン.csv,19,2001013020060,真乃,"あ……えっと、その
前にも、桜味のものを口にしたなって思って……",櫻木真乃,【花風Smiley】櫻木真乃,カメラレッスン
櫻木真乃/【花風Smiley】櫻木真乃/カメラレッスン.csv,21,2001013020070,真乃,"はい……
この間から春でいっぱいで……",櫻木真乃,【花風Smiley】櫻木真乃,カメラレッスン
櫻木真乃/【花風Smiley】櫻木真乃/カメラレッスン.csv,22,2001013020080,真乃,"お花見はまだなのに、
いっぱい桜を楽しめてるなって……",櫻木真乃,【花風Smiley】櫻木真乃,カメラレッスン
櫻木真乃/【花風Smiley】櫻木真乃/カメラレッスン.csv,25,2001013020090,真乃,"は、はい、きれいなピンク色がいつもくすんでしまって
なんだかぼんやりした写真になってしまうんです……",櫻木真乃,【花風Smiley】櫻木真乃,カメラレッスン
櫻木真乃/【花風Smiley】櫻木真乃/カメラレッスン.csv,29,2001013020100,真乃,何に心が動いたかを……,櫻木真乃,【花風Smiley】櫻木真乃,カメラレッスン
櫻木真乃/【花風Smiley】櫻木真乃/カメラレッスン.csv,32,2001013020110,真乃,ほわ……,櫻木真乃,【花風Smiley】櫻木真乃,カメラレッスン
櫻木真乃/【花風Smiley】櫻木真乃/カメラレッスン.csv,34,2001013020120,真乃,"い、いえ……っ
その……うれしいです……っ",櫻木真乃,【花風Smiley】櫻木真乃,カメラレッスン
櫻木真乃/【花風Smiley】櫻木真乃/カメラレッスン.csv,35,2001013020130,真乃,"あの時、ちょっと話したことだったのに、
こんなにいろいろ教えていただいて……",櫻木真乃,【花風Smiley】櫻木真乃,カメラレッスン
櫻木真乃/【花風Smiley】櫻木真乃/カメラレッスン.csv,36,2001013020140,真乃,本までお借りしちゃっていいんでしょうか,櫻木真乃,【花風Smiley】櫻木真乃,カメラレッスン
櫻木真乃/【花風Smiley】櫻木真乃/カメラレッスン.csv,38,2001013020150,真乃,"……ありがとうございます
それじゃあ、お借りしますね",櫻木真乃,【花風Smiley】櫻木真乃,カメラレッスン
櫻木真乃/【花風Smiley】櫻木真乃/カメラレッスン.csv,39,2001013020160,真乃,"わぁ……きれいな写真
撮り方のコツもたくさん……",櫻木真乃,【花風Smiley】櫻木真乃,カメラレッスン
櫻木真乃/【花風Smiley】櫻木真乃/カメラレッスン.csv,40,2001013020170,真乃,"……どれを参考にしたらいいか
ちょっと迷っちゃいそうです",櫻木真乃,【花風Smiley】櫻木真乃,カメラレッスン
櫻木真乃/【花風Smiley】櫻木真乃/カメラレッスン.csv,50,2001013020180,真乃,"ふふ……
はい、こびとさんになった気分になります",櫻木真乃,【花風Smiley】櫻木真乃,カメラレッスン
櫻木真乃/【花風Smiley】櫻木真乃/カメラレッスン.csv,52,2001013020190,真乃,"自分の目の高さから、ずらして……
鳥さんの目線みたいに上から撮ってみる、とかもでしょうか",櫻木真乃,【花風Smiley】櫻木真乃,カメラレッスン
櫻木真乃/【花風Smiley】櫻木真乃/カメラレッスン.csv,55,2001013020200,真乃,"そうですね……っ
次、写真を撮る時に意識してやってみます……っ",櫻木真乃,【花風Smiley】櫻木真乃,カメラレッスン
櫻木真乃/【花風Smiley】櫻木真乃/カメラレッスン.csv,58,2001013020210,真乃,何を撮りたいのか……,櫻木真乃,【花風Smiley】櫻木真乃,カメラレッスン
櫻木真乃/【花風Smiley】櫻木真乃/カメラレッスン.csv,61,2001013020220,真乃,"……今までは目に映るものをきれいだなって
そのまま撮ろうとしていたかもしれません……",櫻木真乃,【花風Smiley】櫻木真乃,カメラレッスン
櫻木真乃/【花風Smiley】櫻木真乃/カメラレッスン.csv,63,2001013020230,真乃,心が動いたものを……どう伝えるか……,櫻木真乃,【花風Smiley】櫻木真乃,カメラレッスン
櫻木真乃/【花風Smiley】櫻木真乃/カメラレッスン.csv,64,2001013020240,真乃,"ありがとうございます
やってみようと思います……っ",櫻木真乃,【花風Smiley】櫻木真乃,カメラレッスン
櫻木真乃/【花風Smiley】櫻木真乃/カメラレッスン.csv,65,2001013020250,真乃,……えっと、違うものを……ですか,櫻木真乃,【花風Smiley】櫻木真乃,カメラレッスン
櫻木真乃/【花風Smiley】櫻木真乃/カメラレッスン.csv,69,2001013020260,真乃,"わ……はい……っ
見ているだけで、ウキウキが伝わってくるみたいです",櫻木真乃,【花風Smiley】櫻木真乃,カメラレッスン
櫻木真乃/【花風Smiley】櫻木真乃/カメラレッスン.csv,70,2001013020270,真乃,"……春の楽しさでいっぱいの写真
とっても素敵……",櫻木真乃,【花風Smiley】櫻木真乃,カメラレッスン
櫻木真乃/【花風Smiley】櫻木真乃/カメラレッスン.csv,71,2001013020280,真乃,"……たくさん撮りたいものが
広がりそうです……っ",櫻木真乃,【花風Smiley】櫻木真乃,カメラレッスン
櫻木真乃/【花風Smiley】櫻木真乃/カメラレッスン.csv,72,2001013020290,真乃,本を参考に、いっぱい撮ってみますね……っ,櫻木真乃,【花風Smiley】櫻木真乃,カメラレッスン
櫻木真乃/【花風Smiley】櫻木真乃/想い、その手にのせて.csv,3,2001013040010,真乃,"……プロデューサーさん
お疲れさまです……っ",櫻木真乃,【花風Smiley】櫻木真乃,想い、その手にのせて
櫻木真乃/【花風Smiley】櫻木真乃/想い、その手にのせて.csv,5,2001013040020,真乃,……い、いえ……えっと、はい……,櫻木真乃,【花風Smiley】櫻木真乃,想い、その手にのせて
櫻木真乃/【花風Smiley】櫻木真乃/想い、その手にのせて.csv,6,2001013040030,真乃,"でも、流れはもう覚えているので
大丈夫です……",櫻木真乃,【花風Smiley】櫻木真乃,想い、その手にのせて
櫻木真乃/【花風Smiley】櫻木真乃/想い、その手にのせて.csv,10,2001013040040,真乃,"……大変じゃなかった、って言ったら
ちょっと嘘になっちゃうかもしれないですけれど……",櫻木真乃,【花風Smiley】櫻木真乃,想い、その手にのせて
櫻木真乃/【花風Smiley】櫻木真乃/想い、その手にのせて.csv,11,2001013040050,真乃,"灯織ちゃんとめぐるちゃんがお家に来てくれて
作業中は、楽しいなっていう気持ちの方が強かったです",櫻木真乃,【花風Smiley】櫻木真乃,想い、その手にのせて
櫻木真乃/【花風Smiley】櫻木真乃/想い、その手にのせて.csv,12,2001013040060,真乃,"今日のライブのことを３人でお話ししながら、
いつの間にかみんな集中していたり……",櫻木真乃,【花風Smiley】櫻木真乃,想い、その手にのせて
櫻木真乃/【花風Smiley】櫻木真乃/想い、その手にのせて.csv,13,2001013040070,真乃,……ピーちゃんがお手伝いしてくれたこともあるんです,櫻木真乃,【花風Smiley】櫻木真乃,想い、その手にのせて
櫻木真乃/【花風Smiley】櫻木真乃/想い、その手にのせて.csv,14,2001013040080,真乃,切った紙吹雪を、袋にまとめていたときに……,櫻木真乃,【花風Smiley】櫻木真乃,想い、その手にのせて
櫻木真乃/【花風Smiley】櫻木真乃/想い、その手にのせて.csv,15,2001013040090,真乃,"ピーちゃんがそれを真似して、
私たちが切ったそばから、くちばしで運んでくれたり",櫻木真乃,【花風Smiley】櫻木真乃,想い、その手にのせて
櫻木真乃/【花風Smiley】櫻木真乃/想い、その手にのせて.csv,17,2001013040100,真乃,"……ふふ、ピーちゃんは遊んでいるつもりかも
しれないんですけれど……",櫻木真乃,【花風Smiley】櫻木真乃,想い、その手にのせて
櫻木真乃/【花風Smiley】櫻木真乃/想い、その手にのせて.csv,20,2001013040110,真乃,"いえ……少しでも私たちの手でファンのみなさんに
『楽しい』を届けられたらいいなって思っただけなので……",櫻木真乃,【花風Smiley】櫻木真乃,想い、その手にのせて
櫻木真乃/【花風Smiley】櫻木真乃/想い、その手にのせて.csv,26,2001013040120,真乃,ほわ……,櫻木真乃,【花風Smiley】櫻木真乃,想い、その手にのせて
櫻木真乃/【花風Smiley】櫻木真乃/想い、その手にのせて.csv,29,2001013040130,真乃,は、はい……その……,櫻木真乃,【花風Smiley】櫻木真乃,想い、その手にのせて
櫻木真乃/【花風Smiley】櫻木真乃/想い、その手にのせて.csv,30,2001013040140,真乃,"たくさんは作れなかったんですけれど、
少しだけでもって……",櫻木真乃,【花風Smiley】櫻木真乃,想い、その手にのせて
櫻木真乃/【花風Smiley】櫻木真乃/想い、その手にのせて.csv,32,2001013040150,真乃,──はい……っ,櫻木真乃,【花風Smiley】櫻木真乃,想い、その手にのせて
櫻木真乃/【花風Smiley】櫻木真乃/想い、その手にのせて.csv,37,2001013040160,真乃,……？,櫻木真乃,【花風Smiley】櫻木真乃,想い、その手にのせて
櫻木真乃/【花風Smiley】櫻木真乃/想い、その手にのせて.csv,41,2001013040170,真乃,ほわぁ……,櫻木真乃,【花風Smiley】櫻木真乃,想い、その手にのせて
櫻木真乃/【花風Smiley】櫻木真乃/想い、その手にのせて.csv,42,2001013040180,真乃,"ふふ……それじゃあ、最初の幸運は
プロデューサーさんが見つけてくれたってことですね",櫻木真乃,【花風Smiley】櫻木真乃,想い、その手にのせて
櫻木真乃/【花風Smiley】櫻木真乃/想い、その手にのせて.csv,44,2001013040190,真乃,いえ……,櫻木真乃,【花風Smiley】櫻木真乃,想い、その手にのせて
櫻木真乃/【花風Smiley】櫻木真乃/想い、その手にのせて.csv,45,2001013040200,真乃,"気付いてくださって
ありがとうございます……",櫻木真乃,【花風Smiley】櫻木真乃,想い、その手にのせて
櫻木真乃/【花風Smiley】櫻木真乃/想い、その手にのせて.csv,48,2001013040210,真乃,……はい……っ,櫻木真乃,【花風Smiley】櫻木真乃,想い、その手にのせて
櫻木真乃/【花風Smiley】櫻木真乃/想い、その手にのせて.csv,49,2001013040220,真乃,"……そうしたら、
プロデューサーさんのところまで届くように",櫻木真乃,【花風Smiley】櫻木真乃,想い、その手にのせて
櫻木真乃/【花風Smiley】櫻木真乃/想い、その手にのせて.csv,50,2001013040230,真乃,"いっぱい、いっぱい花びらを降らせるよう
頑張ります……っ",櫻木真乃,【花風Smiley】櫻木真乃,想い、その手にのせて
櫻木真乃/【花風Smiley】櫻木真乃/想い、その手にのせて.csv,52,2001013040240,真乃,は、はい……っ,櫻木真乃,【花風Smiley】櫻木真乃,想い、その手にのせて
櫻木真乃/【花風Smiley】櫻木真乃/想い、その手にのせて.csv,54,2001013040250,真乃,"はい……っ
今、できることを精一杯頑張りたいと思います……っ",櫻木真乃,【花風Smiley】櫻木真乃,想い、その手にのせて
櫻木真乃/【花風Smiley】櫻木真乃/想い、その手にのせて.csv,55,2001013040260,真乃,……見守っていてください、プロデューサーさん,櫻木真乃,【花風Smiley】櫻木真乃,想い、その手にのせて
櫻木真乃/【花風Smiley】櫻木真乃/散りつもるように、幸福.csv,3,2001013110010,真乃,"……は、はい
気付いたら、思った以上に写真を撮っていて……",櫻木真乃,【花風Smiley】櫻木真乃,散りつもるように、幸福
櫻木真乃/【花風Smiley】櫻木真乃/散りつもるように、幸福.csv,4,2001013110020,真乃,アルバムにまとめられたらって思ったんです,櫻木真乃,【花風Smiley】櫻木真乃,散りつもるように、幸福
櫻木真乃/【花風Smiley】櫻木真乃/散りつもるように、幸福.csv,6,2001013110030,真乃,"はい……っ
とっても……っ",櫻木真乃,【花風Smiley】櫻木真乃,散りつもるように、幸福
櫻木真乃/【花風Smiley】櫻木真乃/散りつもるように、幸福.csv,11,2001013110040,真乃,ふふ、はい……っ,櫻木真乃,【花風Smiley】櫻木真乃,散りつもるように、幸福
櫻木真乃/【花風Smiley】櫻木真乃/散りつもるように、幸福.csv,12,2001013110050,真乃,"灯織ちゃんが、可愛いお花の巻きずしを
たくさん作ってきてくれました……っ",櫻木真乃,【花風Smiley】櫻木真乃,散りつもるように、幸福
櫻木真乃/【花風Smiley】櫻木真乃/散りつもるように、幸福.csv,13,2001013110060,真乃,"食べるのがもったいないくらいだったんですけれど、
とっても、美味しくて……っ",櫻木真乃,【花風Smiley】櫻木真乃,散りつもるように、幸福
櫻木真乃/【花風Smiley】櫻木真乃/散りつもるように、幸福.csv,15,2001013110070,真乃,"こっちの飲み物は、めぐるちゃんが教えてくれた
ジュースの混ぜ合わせで……",櫻木真乃,【花風Smiley】櫻木真乃,散りつもるように、幸福
櫻木真乃/【花風Smiley】櫻木真乃/散りつもるように、幸福.csv,16,2001013110080,真乃,"色もきれいで、美味しくて……
みんなで作るのがとっても楽しかったです……っ",櫻木真乃,【花風Smiley】櫻木真乃,散りつもるように、幸福
櫻木真乃/【花風Smiley】櫻木真乃/散りつもるように、幸福.csv,20,2001013110090,真乃,"……プロデューサーさんが、
いろいろ教えてくださったおかげです",櫻木真乃,【花風Smiley】櫻木真乃,散りつもるように、幸福
櫻木真乃/【花風Smiley】櫻木真乃/散りつもるように、幸福.csv,21,2001013110100,真乃,"お借りした本も、とっても楽しくて
あっという間に読み終わっていました",櫻木真乃,【花風Smiley】櫻木真乃,散りつもるように、幸福
櫻木真乃/【花風Smiley】櫻木真乃/散りつもるように、幸福.csv,27,2001013110110,真乃,"あ……いえ、それは……
今回のお花見の写真ではなくて",櫻木真乃,【花風Smiley】櫻木真乃,散りつもるように、幸福
櫻木真乃/【花風Smiley】櫻木真乃/散りつもるように、幸福.csv,28,2001013110120,真乃,"えっと、シジュウカラさんが落とした
お花ではあるんですけれど……",櫻木真乃,【花風Smiley】櫻木真乃,散りつもるように、幸福
櫻木真乃/【花風Smiley】櫻木真乃/散りつもるように、幸福.csv,29,2001013110130,真乃,"……前にプロデューサーさんにご一緒いただいた
桜並木で撮ったものなんです",櫻木真乃,【花風Smiley】櫻木真乃,散りつもるように、幸福
櫻木真乃/【花風Smiley】櫻木真乃/散りつもるように、幸福.csv,31,2001013110140,真乃,"本当は、鳥さんがお花を降らせた瞬間を
撮りたかったんですけれど、上手く撮れなくて",櫻木真乃,【花風Smiley】櫻木真乃,散りつもるように、幸福
櫻木真乃/【花風Smiley】櫻木真乃/散りつもるように、幸福.csv,32,2001013110150,真乃,"でも、ちょっとでも写真に残したいなって思って
これを……",櫻木真乃,【花風Smiley】櫻木真乃,散りつもるように、幸福
櫻木真乃/【花風Smiley】櫻木真乃/散りつもるように、幸福.csv,33,2001013110160,真乃,"お花しか写っていないですけれど、
これを見ると、思い出せるんです",櫻木真乃,【花風Smiley】櫻木真乃,散りつもるように、幸福
櫻木真乃/【花風Smiley】櫻木真乃/散りつもるように、幸福.csv,34,2001013110170,真乃,プロデューサーさんと、ピーちゃんと見た桜並木……,櫻木真乃,【花風Smiley】櫻木真乃,散りつもるように、幸福
櫻木真乃/【花風Smiley】櫻木真乃/散りつもるように、幸福.csv,35,2001013110180,真乃,"シジュウカラさんが蜜を楽しんでいて、
おすそ分けにお花を降らせてくれて……",櫻木真乃,【花風Smiley】櫻木真乃,散りつもるように、幸福
櫻木真乃/【花風Smiley】櫻木真乃/散りつもるように、幸福.csv,36,2001013110190,真乃,あの時も、楽しいお花見だったなって……,櫻木真乃,【花風Smiley】櫻木真乃,散りつもるように、幸福
櫻木真乃/【駅線上の日常】櫻木真乃/1.おいしい.csv,2,3001009010010,真乃,"はぁ……はぁ……っ
──ふぅ……っ",櫻木真乃,【駅線上の日常】櫻木真乃,1.おいしい
櫻木真乃/【駅線上の日常】櫻木真乃/1.おいしい.csv,5,3001009010040,真乃,"私も、そこの振りつけが一番好きだなって思ったよっ
それに、今日は思った通りに動けてる気がして……",櫻木真乃,【駅線上の日常】櫻木真乃,1.おいしい
櫻木真乃/【駅線上の日常】櫻木真乃/1.おいしい.csv,6,3001009010050,真乃,"ふふっ
めぐるちゃんの楽しいって気持ちが伝わったのかな？",櫻木真乃,【駅線上の日常】櫻木真乃,1.おいしい
櫻木真乃/【駅線上の日常】櫻木真乃/1.おいしい.csv,10,3001009010081,真乃＆灯織,──うんっ,櫻木真乃,【駅線上の日常】櫻木真乃,1.おいしい
櫻木真乃/【駅線上の日常】櫻木真乃/1.おいしい.csv,14,3001009010120,真乃,……？,櫻木真乃,【駅線上の日常】櫻木真乃,1.おいしい
櫻木真乃/【駅線上の日常】櫻木真乃/1.おいしい.csv,21,3001009010190,真乃,"わぁ……っ
ありがとう、めぐるちゃんっ",櫻木真乃,【駅線上の日常】櫻木真乃,1.おいしい
櫻木真乃/【駅線上の日常】櫻木真乃/1.おいしい.csv,27,3001009010250,真乃,"ほわぁ……っ
それ、とっても美味しいっ",櫻木真乃,【駅線上の日常】櫻木真乃,1.おいしい
櫻木真乃/【駅線上の日常】櫻木真乃/1.おいしい.csv,29,3001009010270,真乃,"そ、そうだね
変なこと言っちゃった……",櫻木真乃,【駅線上の日常】櫻木真乃,1.おいしい
櫻木真乃/【駅線上の日常】櫻木真乃/1.おいしい.csv,30,3001009010280,真乃,食べた時のことを想像しちゃったのかも……,櫻木真乃,【駅線上の日常】櫻木真乃,1.おいしい
櫻木真乃/【駅線上の日常】櫻木真乃/1.おいしい.csv,37,3001009010340,真乃,"改札口に近づくと、
ふわーっていい匂いがしてくるよね……",櫻木真乃,【駅線上の日常】櫻木真乃,1.おいしい
櫻木真乃/【駅線上の日常】櫻木真乃/1.おいしい.csv,38,3001009010350,真乃,"あ……ふふっ
私の学校の近くの駅にも、お蕎麦屋さんがあってね",櫻木真乃,【駅線上の日常】櫻木真乃,1.おいしい
櫻木真乃/【駅線上の日常】櫻木真乃/1.おいしい.csv,39,3001009010360,真乃,電車を降りたら、お出汁の美味しそうな匂いがしてきて……,櫻木真乃,【駅線上の日常】櫻木真乃,1.おいしい
櫻木真乃/【駅線上の日常】櫻木真乃/1.おいしい.csv,40,3001009010370,真乃,"いつも、いいな……食べたいなぁ
……って思うんだっ",櫻木真乃,【駅線上の日常】櫻木真乃,1.おいしい
櫻木真乃/【駅線上の日常】櫻木真乃/1.おいしい.csv,43,3001009010400,真乃,"あ、ご、ごめんねっ、めぐるちゃん……
私が余計なお話しちゃったから……",櫻木真乃,【駅線上の日常】櫻木真乃,1.おいしい
櫻木真乃/【駅線上の日常】櫻木真乃/1.おいしい.csv,50,3001009010470,真乃,"……ふふっ
でも、私もお腹空いてきちゃった",櫻木真乃,【駅線上の日常】櫻木真乃,1.おいしい
櫻木真乃/【駅線上の日常】櫻木真乃/1.おいしい.csv,53,3001009010500,真乃,"ほわぁ
うんっ、行きたいなっ",櫻木真乃,【駅線上の日常】櫻木真乃,1.おいしい
櫻木真乃/【駅線上の日常】櫻木真乃/1.おいしい.csv,56,3001009010530,真乃,"そうだね、私も頑張るっ
……むんっ",櫻木真乃,【駅線上の日常】櫻木真乃,1.おいしい
櫻木真乃/【駅線上の日常】櫻木真乃/2.期限切れにご注意を.csv,2,3001009020010,真乃,ふふっ……,櫻木真乃,【駅線上の日常】櫻木真乃,2.期限切れにご注意を
櫻木真乃/【駅線上の日常】櫻木真乃/2.期限切れにご注意を.csv,5,3001009020040,真乃,"ほわ……？
あ……え、えっと……",櫻木真乃,【駅線上の日常】櫻木真乃,2.期限切れにご注意を
櫻木真乃/【駅線上の日常】櫻木真乃/2.期限切れにご注意を.csv,6,3001009020050,真乃,"あの……ね、学校帰りに、灯織ちゃんとめぐるちゃんと
一緒になれたのがうれしくて……",櫻木真乃,【駅線上の日常】櫻木真乃,2.期限切れにご注意を
櫻木真乃/【駅線上の日常】櫻木真乃/2.期限切れにご注意を.csv,7,3001009020060,真乃,"こうやって電車に乗ってるのが楽しいなって思って、
ちょっとぼーっとしちゃったみたい",櫻木真乃,【駅線上の日常】櫻木真乃,2.期限切れにご注意を
櫻木真乃/【駅線上の日常】櫻木真乃/2.期限切れにご注意を.csv,8,3001009020070,真乃,ごめんね、今日のレッスンのお話していたのに,櫻木真乃,【駅線上の日常】櫻木真乃,2.期限切れにご注意を
櫻木真乃/【駅線上の日常】櫻木真乃/2.期限切れにご注意を.csv,14,3001009020130,真乃,"ふふ……うんっ
だから、とってもうれしいな……",櫻木真乃,【駅線上の日常】櫻木真乃,2.期限切れにご注意を
櫻木真乃/【駅線上の日常】櫻木真乃/2.期限切れにご注意を.csv,15,3001009020140,真乃,"ほわぁ……っ。灯織ちゃんとめぐるちゃん
今日のヘアゴム、お揃いで素敵だなぁ……っ",櫻木真乃,【駅線上の日常】櫻木真乃,2.期限切れにご注意を
櫻木真乃/【駅線上の日常】櫻木真乃/2.期限切れにご注意を.csv,18,3001009020170,真乃,あっ、急にごめんね……,櫻木真乃,【駅線上の日常】櫻木真乃,2.期限切れにご注意を
櫻木真乃/【駅線上の日常】櫻木真乃/2.期限切れにご注意を.csv,19,3001009020180,真乃,"でも、ピンク色のお花がふたつ付いてて可愛い
ふたりともとっても似合ってるね……っ",櫻木真乃,【駅線上の日常】櫻木真乃,2.期限切れにご注意を
櫻木真乃/【駅線上の日常】櫻木真乃/2.期限切れにご注意を.csv,24,3001009020230,真乃,う、うん……,櫻木真乃,【駅線上の日常】櫻木真乃,2.期限切れにご注意を
櫻木真乃/【駅線上の日常】櫻木真乃/2.期限切れにご注意を.csv,26,3001009020250,真乃,"……ちょっと大変そうだけど……
と、とにかく進まないとだよね……っ",櫻木真乃,【駅線上の日常】櫻木真乃,2.期限切れにご注意を
櫻木真乃/【駅線上の日常】櫻木真乃/2.期限切れにご注意を.csv,27,3001009020260,真乃,"あっ……
すみません……っ",櫻木真乃,【駅線上の日常】櫻木真乃,2.期限切れにご注意を
櫻木真乃/【駅線上の日常】櫻木真乃/2.期限切れにご注意を.csv,29,3001009020280,真乃,う、うんっ……大丈夫──,櫻木真乃,【駅線上の日常】櫻木真乃,2.期限切れにご注意を
櫻木真乃/【駅線上の日常】櫻木真乃/2.期限切れにご注意を.csv,30,3001009020290,真乃,ほわ──す、すみません……っ,櫻木真乃,【駅線上の日常】櫻木真乃,2.期限切れにご注意を
櫻木真乃/【駅線上の日常】櫻木真乃/2.期限切れにご注意を.csv,32,3001009020310,真乃,"う、うん……
ごめんね、私、上手く通り抜けられなくて……",櫻木真乃,【駅線上の日常】櫻木真乃,2.期限切れにご注意を
櫻木真乃/【駅線上の日常】櫻木真乃/2.期限切れにご注意を.csv,37,3001009020360,真乃,灯織ちゃん、すごい……っ,櫻木真乃,【駅線上の日常】櫻木真乃,2.期限切れにご注意を
櫻木真乃/【駅線上の日常】櫻木真乃/2.期限切れにご注意を.csv,39,3001009020380,真乃,"うんっ
ありがとうっ、灯織ちゃん",櫻木真乃,【駅線上の日常】櫻木真乃,2.期限切れにご注意を
櫻木真乃/【駅線上の日常】櫻木真乃/2.期限切れにご注意を.csv,41,3001009020400,真乃,"わ、わかったっ
頑張ってついていくね……っ",櫻木真乃,【駅線上の日常】櫻木真乃,2.期限切れにご注意を
櫻木真乃/【駅線上の日常】櫻木真乃/2.期限切れにご注意を.csv,48,3001009020470,真乃,"う、うんっ、それに
灯織ちゃんがいなかったら私は改札にも行けなかったよ",櫻木真乃,【駅線上の日常】櫻木真乃,2.期限切れにご注意を
櫻木真乃/【駅線上の日常】櫻木真乃/2.期限切れにご注意を.csv,50,3001009020490,真乃,"ふふっ
でも、灯織ちゃんが忘れるなんて、ちょっと珍しいね",櫻木真乃,【駅線上の日常】櫻木真乃,2.期限切れにご注意を
櫻木真乃/【駅線上の日常】櫻木真乃/2.期限切れにご注意を.csv,53,3001009020520,真乃,"ほわ……私も──えっと……
レッスンの日の前まで、だから……覚えておかないとっ",櫻木真乃,【駅線上の日常】櫻木真乃,2.期限切れにご注意を
櫻木真乃/【駅線上の日常】櫻木真乃/2.期限切れにご注意を.csv,55,3001009020540,真乃,"ふふっ、じゃあ期限が近付いたら
めぐるちゃんにも、声かけるねっ",櫻木真乃,【駅線上の日常】櫻木真乃,2.期限切れにご注意を
櫻木真乃/【駅線上の日常】櫻木真乃/2.期限切れにご注意を.csv,61,3001009020600,真乃,"そうだねっ
私もとってもうれしいなっ",櫻木真乃,【駅線上の日常】櫻木真乃,2.期限切れにご注意を
櫻木真乃/【駅線上の日常】櫻木真乃/2.期限切れにご注意を.csv,64,3001009020621,真乃＆めぐる,ん──？,櫻木真乃,【駅線上の日常】櫻木真乃,2.期限切れにご注意を
櫻木真乃/【駅線上の日常】櫻木真乃/3.みっつステップ.csv,2,3001009030010,真乃,"ほわ……
早く来すぎちゃった……？",櫻木真乃,【駅線上の日常】櫻木真乃,3.みっつステップ
櫻木真乃/【駅線上の日常】櫻木真乃/3.みっつステップ.csv,3,3001009030020,真乃,"……ふふっ
今日は楽しみだなっ",櫻木真乃,【駅線上の日常】櫻木真乃,3.みっつステップ
櫻木真乃/【駅線上の日常】櫻木真乃/3.みっつステップ.csv,6,3001009030050,真乃,"灯織ちゃんとめぐるちゃんとお揃い……ほわぁ……
うんっ、私もそうしたいなっ",櫻木真乃,【駅線上の日常】櫻木真乃,3.みっつステップ
櫻木真乃/【駅線上の日常】櫻木真乃/3.みっつステップ.csv,8,3001009030070,真乃,"ふふっ
ふたりとも、もう来るかな……？",櫻木真乃,【駅線上の日常】櫻木真乃,3.みっつステップ
櫻木真乃/【駅線上の日常】櫻木真乃/3.みっつステップ.csv,11,3001009030100,真乃,"あっ……
めぐるちゃん、灯織ちゃん、お疲れさまっ",櫻木真乃,【駅線上の日常】櫻木真乃,3.みっつステップ
櫻木真乃/【駅線上の日常】櫻木真乃/3.みっつステップ.csv,13,3001009030120,真乃,ううん、全然そんなことないよっ,櫻木真乃,【駅線上の日常】櫻木真乃,3.みっつステップ
櫻木真乃/【駅線上の日常】櫻木真乃/3.みっつステップ.csv,14,3001009030130,真乃,"それに、ふたりにはちょっと遠回りしてもらったから……
ここまで来てくれてありがとう",櫻木真乃,【駅線上の日常】櫻木真乃,3.みっつステップ
櫻木真乃/【駅線上の日常】櫻木真乃/3.みっつステップ.csv,17,3001009030160,真乃,"そっか……ふふっ。今日のこと、とっても楽しみで
ずっとワクワクしてたから……",櫻木真乃,【駅線上の日常】櫻木真乃,3.みっつステップ
櫻木真乃/【駅線上の日常】櫻木真乃/3.みっつステップ.csv,18,3001009030170,真乃,ふたりとも、本当にありがとう……っ,櫻木真乃,【駅線上の日常】櫻木真乃,3.みっつステップ
櫻木真乃/【駅線上の日常】櫻木真乃/3.みっつステップ.csv,20,3001009030190,真乃,"ほわぁ……っ
め、めぐるちゃん……っ",櫻木真乃,【駅線上の日常】櫻木真乃,3.みっつステップ
櫻木真乃/【駅線上の日常】櫻木真乃/3.みっつステップ.csv,24,3001009030230,真乃,うんっ,櫻木真乃,【駅線上の日常】櫻木真乃,3.みっつステップ
櫻木真乃/【駅線上の日常】櫻木真乃/3.みっつステップ.csv,26,3001009030250,真乃,"ふふっ
私も、同じ日付の定期っ",櫻木真乃,【駅線上の日常】櫻木真乃,3.みっつステップ
櫻木真乃/【駅線上の日常】櫻木真乃/3.みっつステップ.csv,29,3001009030280,真乃,ふふ……うんっ,櫻木真乃,【駅線上の日常】櫻木真乃,3.みっつステップ
櫻木真乃/【駅線上の日常】櫻木真乃/3.みっつステップ.csv,31,3001009030300,真乃,あ……っ,櫻木真乃,【駅線上の日常】櫻木真乃,3.みっつステップ
櫻木真乃/【駅線上の日常】櫻木真乃/3.みっつステップ.csv,33,3001009030320,真乃,えっと、大したことじゃないんだけど……,櫻木真乃,【駅線上の日常】櫻木真乃,3.みっつステップ
櫻木真乃/【駅線上の日常】櫻木真乃/3.みっつステップ.csv,34,3001009030330,真乃,"よ、よかったら、最初の一回もみんなと一緒に……
同時に『ピッ』てしたいなって思って……",櫻木真乃,【駅線上の日常】櫻木真乃,3.みっつステップ
櫻木真乃/【駅線上の日常】櫻木真乃/3.みっつステップ.csv,40,3001009030380,真乃,……ふふっ,櫻木真乃,【駅線上の日常】櫻木真乃,3.みっつステップ
櫻木真乃/【駅線上の日常】櫻木真乃/3.みっつステップ.csv,41,3001009030390,真乃,どこに行くのも……みんなと一緒……っ,櫻木真乃,【駅線上の日常】櫻木真乃,3.みっつステップ
櫻木真乃/【駅線上の日常】櫻木真乃/3.みっつステップ.csv,46,3001009030430,真乃,灯織ちゃん……？,櫻木真乃,【駅線上の日常】櫻木真乃,3.みっつステップ
櫻木真乃/【駅線上の日常】櫻木真乃/3.みっつステップ.csv,49,3001009030460,真乃,ふふっ、お蕎麦屋さんの……っ,櫻木真乃,【駅線上の日常】櫻木真乃,3.みっつステップ
櫻木真乃/【駅線上の日常】櫻木真乃/3.みっつステップ.csv,52,3001009030490,真乃,"うんっ
私も、ふたりと一緒に食べたいなっ",櫻木真乃,【駅線上の日常】櫻木真乃,3.みっつステップ
櫻木真乃/【２８３プロのヒナ】櫻木真乃/私たち次第.csv,2,3001002010010,真乃,灯織ちゃん……おはようっ,櫻木真乃,【２８３プロのヒナ】櫻木真乃,私たち次第
櫻木真乃/【２８３プロのヒナ】櫻木真乃/私たち次第.csv,4,3001002010030,真乃,"（あ、灯織ちゃん、雑誌を読むのに真剣みたい
この前のインタビューかな……）",櫻木真乃,【２８３プロのヒナ】櫻木真乃,私たち次第
櫻木真乃/【２８３プロのヒナ】櫻木真乃/私たち次第.csv,5,3001002010040,真乃,（あれ？）,櫻木真乃,【２８３プロのヒナ】櫻木真乃,私たち次第
櫻木真乃/【２８３プロのヒナ】櫻木真乃/私たち次第.csv,6,3001002010050,真乃,占いだ……,櫻木真乃,【２８３プロのヒナ】櫻木真乃,私たち次第
櫻木真乃/【２８３プロのヒナ】櫻木真乃/私たち次第.csv,8,3001002010070,真乃,ご、ごめんねっ、勝手にのぞいちゃって,櫻木真乃,【２８３プロのヒナ】櫻木真乃,私たち次第
櫻木真乃/【２８３プロのヒナ】櫻木真乃/私たち次第.csv,10,3001002010090,真乃,灯織ちゃんって、占いが……好きなの？,櫻木真乃,【２８３プロのヒナ】櫻木真乃,私たち次第
櫻木真乃/【２８３プロのヒナ】櫻木真乃/私たち次第.csv,12,3001002010110,真乃,"そっかぁ……私もよく占いのコーナーとか読むから
一緒かなって思って……",櫻木真乃,【２８３プロのヒナ】櫻木真乃,私たち次第
櫻木真乃/【２８３プロのヒナ】櫻木真乃/私たち次第.csv,14,3001002010130,真乃,"え……いいの？
ありがとう！　……ほわっ",櫻木真乃,【２８３プロのヒナ】櫻木真乃,私たち次第
櫻木真乃/【２８３プロのヒナ】櫻木真乃/私たち次第.csv,16,3001002010150,真乃,"あのね、隣のページに友達診断があったの
灯織ちゃんと……やってみたいな",櫻木真乃,【２８３プロのヒナ】櫻木真乃,私たち次第
櫻木真乃/【２８３プロのヒナ】櫻木真乃/私たち次第.csv,18,3001002010170,真乃,やっぱり私となんて、ダメ……かな？,櫻木真乃,【２８３プロのヒナ】櫻木真乃,私たち次第
櫻木真乃/【２８３プロのヒナ】櫻木真乃/私たち次第.csv,21,3001002010200,真乃,いいの？,櫻木真乃,【２８３プロのヒナ】櫻木真乃,私たち次第
櫻木真乃/【２８３プロのヒナ】櫻木真乃/私たち次第.csv,24,3001002010230,真乃,ほわっ……覚えてくれてるの？,櫻木真乃,【２８３プロのヒナ】櫻木真乃,私たち次第
櫻木真乃/【２８３プロのヒナ】櫻木真乃/私たち次第.csv,27,3001002010260,真乃,"うん……
え～っと……あっ、あった",櫻木真乃,【２８３プロのヒナ】櫻木真乃,私たち次第
櫻木真乃/【２８３プロのヒナ】櫻木真乃/私たち次第.csv,28,3001002010270,真乃,ふたりの相性は……ほわっ？,櫻木真乃,【２８３プロのヒナ】櫻木真乃,私たち次第
櫻木真乃/【２８３プロのヒナ】櫻木真乃/私たち次第.csv,30,3001002010290,真乃,ううん、『あなたたち次第』だって,櫻木真乃,【２８３プロのヒナ】櫻木真乃,私たち次第
櫻木真乃/【２８３プロのヒナ】櫻木真乃/私たち次第.csv,32,3001002010310,真乃,ふふっ……いい結果だねっ,櫻木真乃,【２８３プロのヒナ】櫻木真乃,私たち次第
櫻木真乃/【２８３プロのヒナ】櫻木真乃/誰のこと？.csv,3,3001002020020,真乃,うん、私もめぐるちゃんが誘ってくれて、うれしいっ,櫻木真乃,【２８３プロのヒナ】櫻木真乃,誰のこと？
櫻木真乃/【２８３プロのヒナ】櫻木真乃/誰のこと？.csv,5,3001002020040,真乃,"めぐるちゃんは
どこか見たいお店とかある？",櫻木真乃,【２８３プロのヒナ】櫻木真乃,誰のこと？
櫻木真乃/【２８３プロのヒナ】櫻木真乃/誰のこと？.csv,7,3001002020060,真乃,"雑貨屋さんなら、この先にかわいいお店があるよ
格好いいのがよかったら、あのお店とか……",櫻木真乃,【２８３プロのヒナ】櫻木真乃,誰のこと？
櫻木真乃/【２８３プロのヒナ】櫻木真乃/誰のこと？.csv,9,3001002020080,真乃,うん、この辺はよく来るから,櫻木真乃,【２８３プロのヒナ】櫻木真乃,誰のこと？
櫻木真乃/【２８３プロのヒナ】櫻木真乃/誰のこと？.csv,11,3001002020100,真乃,お散歩が好きだから、あちこち見て回るの,櫻木真乃,【２８３プロのヒナ】櫻木真乃,誰のこと？
櫻木真乃/【２８３プロのヒナ】櫻木真乃/誰のこと？.csv,12,3001002020110,真乃,外にいるといろんな風景が見れて、とっても楽しいんだ,櫻木真乃,【２８３プロのヒナ】櫻木真乃,誰のこと？
櫻木真乃/【２８３プロのヒナ】櫻木真乃/誰のこと？.csv,13,3001002020120,真乃,"例えばこんなふうにゆっくり周りを見渡すとね
……ほわっ",櫻木真乃,【２８３プロのヒナ】櫻木真乃,誰のこと？
櫻木真乃/【２８３プロのヒナ】櫻木真乃/誰のこと？.csv,14,3001002020130,真乃,あの鳥さんがこんな都心に……,櫻木真乃,【２８３プロのヒナ】櫻木真乃,誰のこと？
櫻木真乃/【２８３プロのヒナ】櫻木真乃/誰のこと？.csv,17,3001002020160,真乃,"ほわっ、ごめん
あそこの電柱に珍しい鳥さんがいたから、つい……",櫻木真乃,【２８３プロのヒナ】櫻木真乃,誰のこと？
櫻木真乃/【２８３プロのヒナ】櫻木真乃/誰のこと？.csv,19,3001002020180,真乃,うん、いつもはね、山のほうに棲んでるんだよっ,櫻木真乃,【２８３プロのヒナ】櫻木真乃,誰のこと？
櫻木真乃/【２８３プロのヒナ】櫻木真乃/誰のこと？.csv,21,3001002020200,真乃,"うんっ
あの羽のモフモフ、かわいいなぁ……",櫻木真乃,【２８３プロのヒナ】櫻木真乃,誰のこと？
櫻木真乃/【２８３プロのヒナ】櫻木真乃/誰のこと？.csv,23,3001002020220,真乃,"……ふふ、そうだよね
モフモフやわらかそうだなぁ……ほわぁ～",櫻木真乃,【２８３プロのヒナ】櫻木真乃,誰のこと？
櫻木真乃/【２８３プロのヒナ】櫻木真乃/誰のこと？.csv,25,3001002020240,真乃,"ほわっ！？　ど、どうしたの、めぐるちゃんっ？
急に抱き付いて？",櫻木真乃,【２８３プロのヒナ】櫻木真乃,誰のこと？
櫻木真乃/【２８３プロのヒナ】櫻木真乃/誰のこと？.csv,27,3001002020260,真乃,"えっ……あ、あれ？
鳥さんのこと……だよね？",櫻木真乃,【２８３プロのヒナ】櫻木真乃,誰のこと？
櫻木真乃/【２８３プロのヒナ】櫻木真乃/誰のこと？.csv,29,3001002020280,真乃,"ううっ、そんなに強くしたら……
く、くるしいよぉ～",櫻木真乃,【２８３プロのヒナ】櫻木真乃,誰のこと？
櫻木真乃/【２８３プロのヒナ】櫻木真乃/誰のこと？.csv,31,3001002020300,真乃,"ほわっ
かわいいって、私のことなの～？",櫻木真乃,【２８３プロのヒナ】櫻木真乃,誰のこと？
櫻木真乃/ファン感謝祭編/『頑張りたい』.csv,4,5001002020030,真乃,相手の目を見て、一生懸命……っ,櫻木真乃,ファン感謝祭編,『頑張りたい』
櫻木真乃/ファン感謝祭編/『頑張りたい』.csv,15,5001002020080,真乃,いってきます、プロデューサーさん,櫻木真乃,ファン感謝祭編,『頑張りたい』
櫻木真乃/ファン感謝祭編/『頑張りたい』.csv,21,5001002020090,真乃,プロデューサーさん、お疲れさまでしたっ,櫻木真乃,ファン感謝祭編,『頑張りたい』
櫻木真乃/ファン感謝祭編/『頑張りたい』.csv,36,5001002020180,真乃,"ほわ、大人の味……
ちょっと、食べてみたいかも……",櫻木真乃,ファン感謝祭編,『頑張りたい』
櫻木真乃/ファン感謝祭編/『頑張りたい』.csv,37,5001002020190,真乃,美味しそう……,櫻木真乃,ファン感謝祭編,『頑張りたい』
櫻木真乃/ファン感謝祭編/『頑張りたい』.csv,38,5001002020200,真乃,……,櫻木真乃,ファン感謝祭編,『頑張りたい』
櫻木真乃/ファン感謝祭編/『頑張りたい』.csv,61,5001002020340,真乃,……,櫻木真乃,ファン感謝祭編,『頑張りたい』
櫻木真乃/ファン感謝祭編/『頑張りたい』.csv,62,5001002020350,真乃,"褒めていただけたのは、うれしいんです……
でも……",櫻木真乃,ファン感謝祭編,『頑張りたい』
櫻木真乃/ファン感謝祭編/『頑張りたい』.csv,74,5001002020401,真乃＆灯織,……,櫻木真乃,ファン感謝祭編,『頑張りたい』
櫻木真乃/ファン感謝祭編/『頑張りたい』.csv,75,5001002020402,真乃＆灯織,うん……,櫻木真乃,ファン感謝祭編,『頑張りたい』
櫻木真乃/ファン感謝祭編/あんをつつむあったかい気持ち.csv,2,0000000000000,真乃,～～♪,櫻木真乃,ファン感謝祭編,あんをつつむあったかい気持ち
櫻木真乃/ファン感謝祭編/あんをつつむあったかい気持ち.csv,4,1001002010020,真乃,──はい、ありがとうございましたっ,櫻木真乃,ファン感謝祭編,あんをつつむあったかい気持ち
櫻木真乃/ファン感謝祭編/あんをつつむあったかい気持ち.csv,6,1001002010030,真乃,"お疲れさまですっ
──ほわぁ、たい焼き……っ",櫻木真乃,ファン感謝祭編,あんをつつむあったかい気持ち
櫻木真乃/ファン感謝祭編/あんをつつむあったかい気持ち.csv,9,1001002010040,真乃,"そ、そんなに種類が……っ
ど、どうしよう……っ",櫻木真乃,ファン感謝祭編,あんをつつむあったかい気持ち
櫻木真乃/ファン感謝祭編/あんをつつむあったかい気持ち.csv,10,1001002010050,真乃,"どれも美味しそうで──……
ほわ……っ、は、早く決めないとですよねっ……",櫻木真乃,ファン感謝祭編,あんをつつむあったかい気持ち
櫻木真乃/ファン感謝祭編/あんをつつむあったかい気持ち.csv,11,1001002010060,真乃,えっと、えぇっと……っ,櫻木真乃,ファン感謝祭編,あんをつつむあったかい気持ち
櫻木真乃/ファン感謝祭編/あんをつつむあったかい気持ち.csv,12,1001002010070,真乃,"プロデューサーさん、すみませんっ……
どれも美味しそうで、ひとつに決められなくて──",櫻木真乃,ファン感謝祭編,あんをつつむあったかい気持ち
櫻木真乃/ファン感謝祭編/あんをつつむあったかい気持ち.csv,13,1001002010080,真乃,"みなさんに決めてもらってから──……
最後に、私の番にしてもらえないでしょうか……？",櫻木真乃,ファン感謝祭編,あんをつつむあったかい気持ち
櫻木真乃/ファン感謝祭編/あんをつつむあったかい気持ち.csv,15,1001002010090,真乃,え……？,櫻木真乃,ファン感謝祭編,あんをつつむあったかい気持ち
櫻木真乃/ファン感謝祭編/あんをつつむあったかい気持ち.csv,17,1001002010100,真乃,"ほわ……前にも、そう言っていただきましたね……
まだ、実感はないままですけど──",櫻木真乃,ファン感謝祭編,あんをつつむあったかい気持ち
櫻木真乃/ファン感謝祭編/あんをつつむあったかい気持ち.csv,18,1001002010110,真乃,"もし私がみなさんを癒せてるなら……
それはやっぱり、間違いなくうれしいですっ",櫻木真乃,ファン感謝祭編,あんをつつむあったかい気持ち
櫻木真乃/ファン感謝祭編/あんをつつむあったかい気持ち.csv,19,1001002010120,真乃,"……プロデューサーさんにそう言ってもらえると、
ポカポカしてきちゃいます",櫻木真乃,ファン感謝祭編,あんをつつむあったかい気持ち
櫻木真乃/ファン感謝祭編/あんをつつむあったかい気持ち.csv,20,1001002010130,真乃,"ちょっとでも……アイドルの私を信じてくれた気持ちに、
応えられたのかなって思えるから……",櫻木真乃,ファン感謝祭編,あんをつつむあったかい気持ち
櫻木真乃/ファン感謝祭編/きらめきを詰めてすすむしっぽ.csv,2,0000000000000,真乃,～～♪,櫻木真乃,ファン感謝祭編,きらめきを詰めてすすむしっぽ
櫻木真乃/ファン感謝祭編/きらめきを詰めてすすむしっぽ.csv,5,1001002020020,真乃,あ──,櫻木真乃,ファン感謝祭編,きらめきを詰めてすすむしっぽ
櫻木真乃/ファン感謝祭編/きらめきを詰めてすすむしっぽ.csv,7,1001002020030,真乃,"プロデューサーさん……っ
お疲れさまですっ",櫻木真乃,ファン感謝祭編,きらめきを詰めてすすむしっぽ
櫻木真乃/ファン感謝祭編/きらめきを詰めてすすむしっぽ.csv,9,1001002020040,真乃,"そのっ……私、プロデューサーさんに差し入れを、
って思って……たい焼きを持ってきたんです……けど……",櫻木真乃,ファン感謝祭編,きらめきを詰めてすすむしっぽ
櫻木真乃/ファン感謝祭編/きらめきを詰めてすすむしっぽ.csv,10,1001002020050,真乃,"公園に、鳩さんがたくさんいたので……
少し、寄ってしまって……",櫻木真乃,ファン感謝祭編,きらめきを詰めてすすむしっぽ
櫻木真乃/ファン感謝祭編/きらめきを詰めてすすむしっぽ.csv,11,1001002020060,真乃,……,櫻木真乃,ファン感謝祭編,きらめきを詰めてすすむしっぽ
櫻木真乃/ファン感謝祭編/きらめきを詰めてすすむしっぽ.csv,13,1001002020070,真乃,ち、違うんですっ……,櫻木真乃,ファン感謝祭編,きらめきを詰めてすすむしっぽ
櫻木真乃/ファン感謝祭編/きらめきを詰めてすすむしっぽ.csv,14,1001002020080,真乃,"たい焼きは、応援の気持ち……なので……
私からも、お渡しできたら、って……",櫻木真乃,ファン感謝祭編,きらめきを詰めてすすむしっぽ
櫻木真乃/ファン感謝祭編/きらめきを詰めてすすむしっぽ.csv,17,1001002020090,真乃,……,櫻木真乃,ファン感謝祭編,きらめきを詰めてすすむしっぽ
櫻木真乃/ファン感謝祭編/きらめきを詰めてすすむしっぽ.csv,19,1001002020100,真乃,ふふっ……,櫻木真乃,ファン感謝祭編,きらめきを詰めてすすむしっぽ
櫻木真乃/ファン感謝祭編/きらめきを詰めてすすむしっぽ.csv,20,1001002020110,真乃,"ここで歌っていると、
鳩さんたちはよく聞きに来てくれます",櫻木真乃,ファン感謝祭編,きらめきを詰めてすすむしっぽ
櫻木真乃/ファン感謝祭編/きらめきを詰めてすすむしっぽ.csv,21,1001002020120,真乃,"……こうしていると、なんだか……
私、前と変わっていないみたいです",櫻木真乃,ファン感謝祭編,きらめきを詰めてすすむしっぽ
櫻木真乃/ファン感謝祭編/きらめきを詰めてすすむしっぽ.csv,24,1001002020130,真乃,えっ……？,櫻木真乃,ファン感謝祭編,きらめきを詰めてすすむしっぽ
櫻木真乃/ファン感謝祭編/きらめきを詰めてすすむしっぽ.csv,26,1001002020140,真乃,"プロデューサーさん……？
私、もう──",櫻木真乃,ファン感謝祭編,きらめきを詰めてすすむしっぽ
櫻木真乃/ファン感謝祭編/きらめきを詰めてすすむしっぽ.csv,27,1001002020150,真乃,"！
あ……",櫻木真乃,ファン感謝祭編,きらめきを詰めてすすむしっぽ
櫻木真乃/ファン感謝祭編/きらめきを詰めてすすむしっぽ.csv,29,1001002020160,真乃,"はい……
あの……",櫻木真乃,ファン感謝祭編,きらめきを詰めてすすむしっぽ
櫻木真乃/ファン感謝祭編/きらめきを詰めてすすむしっぽ.csv,30,1001002020170,真乃,"お気持ちはうれしいです……でも
私はもう、イルミネーションスターズの櫻木真乃なんです",櫻木真乃,ファン感謝祭編,きらめきを詰めてすすむしっぽ
櫻木真乃/ファン感謝祭編/きらめきを詰めてすすむしっぽ.csv,31,1001002020180,真乃,"だから──……
新しくアイドルになることはできません",櫻木真乃,ファン感謝祭編,きらめきを詰めてすすむしっぽ
櫻木真乃/ファン感謝祭編/きらめきを詰めてすすむしっぽ.csv,32,1001002020190,真乃,"灯織ちゃんと、めぐるちゃんの隣で……
アイドルをやっていますから……っ",櫻木真乃,ファン感謝祭編,きらめきを詰めてすすむしっぽ
櫻木真乃/ファン感謝祭編/きらめきを詰めてすすむしっぽ.csv,36,1001002020200,真乃,いえ──,櫻木真乃,ファン感謝祭編,きらめきを詰めてすすむしっぽ
櫻木真乃/ファン感謝祭編/きらめきを詰めてすすむしっぽ.csv,37,1001002020210,真乃,"……ふふっ
はい、プロデューサーさんっ",櫻木真乃,ファン感謝祭編,きらめきを詰めてすすむしっぽ
櫻木真乃/ファン感謝祭編/リハーサル前.csv,2,6001002010010,真乃,たい焼き……,櫻木真乃,ファン感謝祭編,リハーサル前
櫻木真乃/ファン感謝祭編/リハーサル前.csv,4,6001002010020,真乃,"あ、いえっ
そうじゃないんですっ",櫻木真乃,ファン感謝祭編,リハーサル前
櫻木真乃/ファン感謝祭編/リハーサル前.csv,5,6001002010030,真乃,"プロデューサーさんの応援の形だなって、
思い出していて──……",櫻木真乃,ファン感謝祭編,リハーサル前
櫻木真乃/ファン感謝祭編/リハーサル前.csv,6,6001002010040,真乃,"……背中を押してもらえた気がしているんです
だから──",櫻木真乃,ファン感謝祭編,リハーサル前
櫻木真乃/ファン感謝祭編/リハーサル前.csv,7,6001002010050,真乃,"精一杯、やってみますね
プロデューサーさん",櫻木真乃,ファン感謝祭編,リハーサル前
櫻木真乃/ファン感謝祭編/何度だって最高の晴れにしよう.csv,3,5001002090010,真乃,プロデューサーさんっ……？,櫻木真乃,ファン感謝祭編,何度だって最高の晴れにしよう
櫻木真乃/ファン感謝祭編/何度だって最高の晴れにしよう.csv,10,5001002090041,真乃＆めぐる,！,櫻木真乃,ファン感謝祭編,何度だって最高の晴れにしよう
櫻木真乃/ファン感謝祭編/何度だって最高の晴れにしよう.csv,19,5001002090070,真乃,そっか……,櫻木真乃,ファン感謝祭編,何度だって最高の晴れにしよう
櫻木真乃/ファン感謝祭編/何度だって最高の晴れにしよう.csv,20,5001002090080,真乃,……少しだけでも、届いたのかな……,櫻木真乃,ファン感謝祭編,何度だって最高の晴れにしよう
櫻木真乃/ファン感謝祭編/何度だって最高の晴れにしよう.csv,25,5001002090121,真乃＆めぐる,……,櫻木真乃,ファン感謝祭編,何度だって最高の晴れにしよう
櫻木真乃/ファン感謝祭編/何度だって最高の晴れにしよう.csv,30,5001002090170,真乃,"今回の……
可愛いだけじゃない、イルミネーションスターズ……？",櫻木真乃,ファン感謝祭編,何度だって最高の晴れにしよう
櫻木真乃/ファン感謝祭編/何度だって最高の晴れにしよう.csv,35,5001002090220,真乃,ほわ……,櫻木真乃,ファン感謝祭編,何度だって最高の晴れにしよう
櫻木真乃/ファン感謝祭編/何度だって最高の晴れにしよう.csv,36,5001002090230,真乃,すごいよ、灯織ちゃん──……,櫻木真乃,ファン感謝祭編,何度だって最高の晴れにしよう
櫻木真乃/ファン感謝祭編/何度だって最高の晴れにしよう.csv,37,5001002090240,真乃,"……──でも……うん……っ
私たちは、そうやって伝えていけばいいんだね……",櫻木真乃,ファン感謝祭編,何度だって最高の晴れにしよう
櫻木真乃/ファン感謝祭編/何度だって最高の晴れにしよう.csv,41,5001002090271,真乃＆灯織,うんっ,櫻木真乃,ファン感謝祭編,何度だって最高の晴れにしよう
櫻木真乃/ファン感謝祭編/何度だって最高の晴れにしよう.csv,45,5001002090310,真乃,あ、あのっ……,櫻木真乃,ファン感謝祭編,何度だって最高の晴れにしよう
櫻木真乃/ファン感謝祭編/何度だって最高の晴れにしよう.csv,46,5001002090320,真乃,"もしお時間があったら……
プロデューサーさんも……",櫻木真乃,ファン感謝祭編,何度だって最高の晴れにしよう
櫻木真乃/ファン感謝祭編/何度だって最高の晴れにしよう.csv,53,5001002090370,真乃,プロデューサーさん、私たちも行きましょうっ,櫻木真乃,ファン感謝祭編,何度だって最高の晴れにしよう
櫻木真乃/ファン感謝祭編/何度だって最高の晴れにしよう.csv,55,5001002090380,真乃,はいっ,櫻木真乃,ファン感謝祭編,何度だって最高の晴れにしよう
櫻木真乃/ファン感謝祭編/何度だって最高の晴れにしよう.csv,56,5001002090390,真乃,──今日は、綺麗に晴れましたからっ,櫻木真乃,ファン感謝祭編,何度だって最高の晴れにしよう
櫻木真乃/ファン感謝祭編/始まり、もう一度.csv,6,5001002010030,真乃,ふふっ、うん,櫻木真乃,ファン感謝祭編,始まり、もう一度
櫻木真乃/ファン感謝祭編/始まり、もう一度.csv,11,5001002010061,真乃＆めぐる,うんっ,櫻木真乃,ファン感謝祭編,始まり、もう一度
櫻木真乃/ファン感謝祭編/始まり、もう一度.csv,17,5001002010070,真乃,感謝祭……,櫻木真乃,ファン感謝祭編,始まり、もう一度
櫻木真乃/ファン感謝祭編/始まり、もう一度.csv,26,5001002010110,真乃,"ほわ……っ
こんなにたくさんっ……",櫻木真乃,ファン感謝祭編,始まり、もう一度
櫻木真乃/ファン感謝祭編/始まり、もう一度.csv,32,5001002010160,真乃,ふふっ、本当だねっ,櫻木真乃,ファン感謝祭編,始まり、もう一度
櫻木真乃/ファン感謝祭編/始まり、もう一度.csv,40,5001002010240,真乃,"私たちのこと……こんなにたくさん、
見てくれる人ができたんだね……",櫻木真乃,ファン感謝祭編,始まり、もう一度
櫻木真乃/ファン感謝祭編/始まり、もう一度.csv,52,5001002010291,真乃＆めぐる,うんっ,櫻木真乃,ファン感謝祭編,始まり、もう一度
櫻木真乃/ファン感謝祭編/感謝祭本番前.csv,2,6001002030010,真乃,"私は、プロデューサーさんを信じています
それは、最初から今まで、ずっと変わりません",櫻木真乃,ファン感謝祭編,感謝祭本番前
櫻木真乃/ファン感謝祭編/感謝祭本番前.csv,3,6001002030020,真乃,"だから、プロデューサーさんが信じているものなら、
信じられるんです",櫻木真乃,ファン感謝祭編,感謝祭本番前
櫻木真乃/ファン感謝祭編/感謝祭本番前.csv,4,6001002030030,真乃,"……たまに、
自信がなくなっちゃう時もあるんですけど──……",櫻木真乃,ファン感謝祭編,感謝祭本番前
櫻木真乃/ファン感謝祭編/感謝祭本番前.csv,5,6001002030040,真乃,"でも……
プロデューサーさんが信じてくれる私を、私は信じます",櫻木真乃,ファン感謝祭編,感謝祭本番前
櫻木真乃/ファン感謝祭編/感謝祭本番前.csv,6,6001002030050,真乃,"──私、頑張りますっ
頑張ってみせますよ、むんっ",櫻木真乃,ファン感謝祭編,感謝祭本番前
櫻木真乃/ファン感謝祭編/感謝祭本番前.csv,9,6001002030060,真乃,"──はいっ
ありがとうございます",櫻木真乃,ファン感謝祭編,感謝祭本番前
櫻木真乃/ファン感謝祭編/感謝祭本番前.csv,10,6001002030070,真乃,"プロデューサーさん、私がしっかり飛んでいるところ──
見守っていてくださいね……っ",櫻木真乃,ファン感謝祭編,感謝祭本番前
櫻木真乃/ファン感謝祭編/感謝祭本番前（ユニット）.csv,4,5001002060010,真乃,──輝きをみんなに届けようっ！,櫻木真乃,ファン感謝祭編,感謝祭本番前（ユニット）
櫻木真乃/ファン感謝祭編/感謝祭本番後（MVP）.csv,4,5001002080030,真乃,ほわぁ……！,櫻木真乃,ファン感謝祭編,感謝祭本番後（MVP）
櫻木真乃/ファン感謝祭編/感謝祭本番後（MVP）.csv,9,5001002080040,真乃,あの……プロデューサーさんっ,櫻木真乃,ファン感謝祭編,感謝祭本番後（MVP）
櫻木真乃/ファン感謝祭編/感謝祭本番後（MVP）.csv,10,5001002080050,真乃,この間の約束、守ってきますから……っ,櫻木真乃,ファン感謝祭編,感謝祭本番後（MVP）
櫻木真乃/ファン感謝祭編/感謝祭本番後（MVP）.csv,23,5001002080170,真乃,……私たち、イルミネーションスターズは,櫻木真乃,ファン感謝祭編,感謝祭本番後（MVP）
櫻木真乃/ファン感謝祭編/感謝祭本番後（MVP）.csv,24,5001002080180,真乃,"どんな時でもみなさんを照らせるぐらい、輝きたい
どこにいてもそばに行けるように、羽ばたきたい",櫻木真乃,ファン感謝祭編,感謝祭本番後（MVP）
櫻木真乃/ファン感謝祭編/感謝祭本番後（MVP）.csv,25,5001002080190,真乃,"この気持ちに嘘をつかないように、立ち止まらないで──
もし立ち止まっても、また進んで──",櫻木真乃,ファン感謝祭編,感謝祭本番後（MVP）
櫻木真乃/ファン感謝祭編/感謝祭本番後（MVP）.csv,26,5001002080200,真乃,"……もっともっと……
一緒の時間を、過ごしたいんですっ……",櫻木真乃,ファン感謝祭編,感謝祭本番後（MVP）
櫻木真乃/ファン感謝祭編/感謝祭本番後（MVP）.csv,27,5001002080210,真乃,だから──……,櫻木真乃,ファン感謝祭編,感謝祭本番後（MVP）
櫻木真乃/ファン感謝祭編/感謝祭本番後（MVP）.csv,28,5001002080220,真乃,"灯織ちゃん、めぐるちゃん
──せーのっ",櫻木真乃,ファン感謝祭編,感謝祭本番後（MVP）
櫻木真乃/ファン感謝祭編/感謝祭本番後（通常）.csv,5,5001002070040,真乃,"うん……っ
でも──",櫻木真乃,ファン感謝祭編,感謝祭本番後（通常）
櫻木真乃/ファン感謝祭編/感謝祭本番後（通常）.csv,6,5001002070050,真乃,"──……きっと……
私たちの恩返しの気持ちも、届いてるって……",櫻木真乃,ファン感謝祭編,感謝祭本番後（通常）
櫻木真乃/ファン感謝祭編/感謝祭本番後（通常）.csv,7,5001002070060,真乃,そう……思うんだっ,櫻木真乃,ファン感謝祭編,感謝祭本番後（通常）
櫻木真乃/ファン感謝祭編/星たちは駆けて輝く.csv,4,5001002050010,真乃,『お疲れ様です』,櫻木真乃,ファン感謝祭編,星たちは駆けて輝く
櫻木真乃/ファン感謝祭編/星たちは駆けて輝く.csv,5,5001002050020,真乃,"『プロデューサーさんすみません、
練習の後に、お時間をいただけないでしょうか……？』",櫻木真乃,ファン感謝祭編,星たちは駆けて輝く
櫻木真乃/ファン感謝祭編/星たちは駆けて輝く.csv,6,5001002050030,真乃,"『私たちからプロデューサーさんに、
お伝えしたいことがあります』",櫻木真乃,ファン感謝祭編,星たちは駆けて輝く
櫻木真乃/ファン感謝祭編/星たちは駆けて輝く.csv,15,5001002050060,真乃,はぁっ、はぁっ……,櫻木真乃,ファン感謝祭編,星たちは駆けて輝く
櫻木真乃/ファン感謝祭編/星たちは駆けて輝く.csv,16,5001002050070,真乃,ぷ、プロデューサーさんっ……！,櫻木真乃,ファン感謝祭編,星たちは駆けて輝く
櫻木真乃/ファン感謝祭編/星たちは駆けて輝く.csv,29,5001002050180,真乃,私も──私も一緒です──……！,櫻木真乃,ファン感謝祭編,星たちは駆けて輝く
櫻木真乃/ファン感謝祭編/星たちは駆けて輝く.csv,30,5001002050190,真乃,"プロデューサーさんは
あの日も迷わず信じてくれたのに──",櫻木真乃,ファン感謝祭編,星たちは駆けて輝く
櫻木真乃/ファン感謝祭編/星たちは駆けて輝く.csv,31,5001002050200,真乃,この間の夕方も、信じて応援してくれたのに──,櫻木真乃,ファン感謝祭編,星たちは駆けて輝く
櫻木真乃/ファン感謝祭編/星たちは駆けて輝く.csv,32,5001002050210,真乃,私は、自分のことを信じきれてなかったんです──……っ,櫻木真乃,ファン感謝祭編,星たちは駆けて輝く
櫻木真乃/ファン感謝祭編/星たちは駆けて輝く.csv,38,5001002050270,真乃,──ごめんなさいっ……,櫻木真乃,ファン感謝祭編,星たちは駆けて輝く
櫻木真乃/ファン感謝祭編/星たちは駆けて輝く.csv,50,5001002050280,真乃,プロデューサーさん……っ,櫻木真乃,ファン感謝祭編,星たちは駆けて輝く
櫻木真乃/ファン感謝祭編/星たちは駆けて輝く.csv,52,5001002050290,真乃,"プロデューサーさんっ……！
私たち──！",櫻木真乃,ファン感謝祭編,星たちは駆けて輝く
櫻木真乃/ファン感謝祭編/星たちは駆けて輝く.csv,53,0000000000000,真乃,──っ,櫻木真乃,ファン感謝祭編,星たちは駆けて輝く
櫻木真乃/ファン感謝祭編/星たちは駆けて輝く.csv,63,5001002050320,真乃,"えっと……うん……
きっと……感謝祭のステージで──……",櫻木真乃,ファン感謝祭編,星たちは駆けて輝く
櫻木真乃/ファン感謝祭編/星たちは駆けて輝く.csv,64,5001002050330,真乃,"感謝祭のステージで、お伝えできると思います
……約束、です",櫻木真乃,ファン感謝祭編,星たちは駆けて輝く
櫻木真乃/ファン感謝祭編/星たちは駆けて輝く.csv,76,5001002050420,真乃,"そ、そんなことないよ灯織ちゃん……っ
ちゃんと会えたんだし……",櫻木真乃,ファン感謝祭編,星たちは駆けて輝く
櫻木真乃/ファン感謝祭編/空が赤いから.csv,2,5001002030010,真乃,──あのっ、自主練の件なんですけど……,櫻木真乃,ファン感謝祭編,空が赤いから
櫻木真乃/ファン感謝祭編/空が赤いから.csv,4,5001002030020,真乃,"いえ……
それで、灯織ちゃんとめぐるちゃんと話して──",櫻木真乃,ファン感謝祭編,空が赤いから
櫻木真乃/ファン感謝祭編/空が赤いから.csv,5,5001002030030,真乃,"空調工事をしている間は、
公園で練習しようって……",櫻木真乃,ファン感謝祭編,空が赤いから
櫻木真乃/ファン感謝祭編/空が赤いから.csv,6,5001002030040,真乃,……大丈夫でしょうか……？,櫻木真乃,ファン感謝祭編,空が赤いから
櫻木真乃/ファン感謝祭編/空が赤いから.csv,9,5001002030050,真乃,"……？
どうかしましたか……？",櫻木真乃,ファン感謝祭編,空が赤いから
櫻木真乃/ファン感謝祭編/空が赤いから.csv,11,5001002030060,真乃,"ありがとうございます、プロデューサーさん……
──……それじゃあ、失礼します",櫻木真乃,ファン感謝祭編,空が赤いから
櫻木真乃/ファン感謝祭編/空が赤いから.csv,15,5001002030080,真乃,──っはぁ、はぁ……,櫻木真乃,ファン感謝祭編,空が赤いから
櫻木真乃/ファン感謝祭編/空が赤いから.csv,23,5001002030160,真乃,ほわ、私もっ……,櫻木真乃,ファン感謝祭編,空が赤いから
櫻木真乃/ファン感謝祭編/空が赤いから.csv,27,5001002030200,真乃,灯織ちゃん……？,櫻木真乃,ファン感謝祭編,空が赤いから
櫻木真乃/ファン感謝祭編/空が赤いから.csv,30,5001002030221,真乃＆めぐる,……,櫻木真乃,ファン感謝祭編,空が赤いから
櫻木真乃/ファン感謝祭編/空が赤いから.csv,35,5001002030270,真乃,…………,櫻木真乃,ファン感謝祭編,空が赤いから
櫻木真乃/ファン感謝祭編/空が赤いから.csv,36,5001002030280,真乃,"──……今は……赤い空だから……
ちょっと、立ち止まる時間なんだと思うな",櫻木真乃,ファン感謝祭編,空が赤いから
櫻木真乃/ファン感謝祭編/空が赤いから.csv,40,5001002030320,真乃,プロデューサーさん……？,櫻木真乃,ファン感謝祭編,空が赤いから
櫻木真乃/ファン感謝祭編/空が赤いから.csv,49,5001002030390,真乃,……,櫻木真乃,ファン感謝祭編,空が赤いから
櫻木真乃/ファン感謝祭編/空が赤いから.csv,51,5001002030410,真乃,"……しっぽ……
……あと一口で……なくなっちゃう……",櫻木真乃,ファン感謝祭編,空が赤いから
櫻木真乃/ファン感謝祭編/空が赤いから.csv,53,5001002030430,真乃,うん……,櫻木真乃,ファン感謝祭編,空が赤いから
櫻木真乃/ファン感謝祭編/空が赤いから.csv,54,5001002030440,真乃,"っ……
……美味しかった……",櫻木真乃,ファン感謝祭編,空が赤いから
櫻木真乃/ファン感謝祭編/空が赤いから.csv,55,5001002030450,真乃,本当にありがとうございました、プロデューサーさん,櫻木真乃,ファン感謝祭編,空が赤いから
櫻木真乃/ファン感謝祭編/空が赤いから.csv,64,5001002030510,真乃,"灯織ちゃん、休憩したから平気だよ
たくさん頑張れそうっ",櫻木真乃,ファン感謝祭編,空が赤いから
櫻木真乃/ファン感謝祭編/空が赤いから.csv,78,5001002030550,真乃,"そんな、プロデューサーさん……っ
恩返しがしたいのは、私たちの方で──……",櫻木真乃,ファン感謝祭編,空が赤いから
櫻木真乃/ファン感謝祭編/空が赤いから.csv,79,5001002030560,真乃,"……でも……
そういうふうに言ってもらえるのは、とっても……",櫻木真乃,ファン感謝祭編,空が赤いから
櫻木真乃/ファン感謝祭編/空が赤いから.csv,80,5001002030570,真乃,とっても、あたたかいですっ,櫻木真乃,ファン感謝祭編,空が赤いから
櫻木真乃/ファン感謝祭編/空が赤いから.csv,100,5001002030690,真乃,そうだね,櫻木真乃,ファン感謝祭編,空が赤いから
櫻木真乃/ファン感謝祭編/空が赤いから.csv,101,5001002030700,真乃,"『赤い空が、立ち止まる時間だとしたら
青い空は──』",櫻木真乃,ファン感謝祭編,空が赤いから
櫻木真乃/ファン感謝祭編/雲なんて吹き飛ばして.csv,13,5001002040051,真乃,"『赤い空が、立ち止まる時間だとしたら
青い空は──』",櫻木真乃,ファン感謝祭編,雲なんて吹き飛ばして
櫻木真乃/ファン感謝祭編/雲なんて吹き飛ばして.csv,16,5001002040080,真乃,"うん。……ふふ
蜜を吸ってるメジロさんみたい……",櫻木真乃,ファン感謝祭編,雲なんて吹き飛ばして
櫻木真乃/ファン感謝祭編/雲なんて吹き飛ばして.csv,20,5001002040120,真乃,雲が……？,櫻木真乃,ファン感謝祭編,雲なんて吹き飛ばして
櫻木真乃/ファン感謝祭編/雲なんて吹き飛ばして.csv,28,5001002040200,真乃,ふふ,櫻木真乃,ファン感謝祭編,雲なんて吹き飛ばして
櫻木真乃/ファン感謝祭編/雲なんて吹き飛ばして.csv,31,5001002040230,真乃,"めぐるちゃんは平気？
ずっと鉄棒してたから……",櫻木真乃,ファン感謝祭編,雲なんて吹き飛ばして
櫻木真乃/ファン感謝祭編/雲なんて吹き飛ばして.csv,33,5001002040250,真乃,そっか,櫻木真乃,ファン感謝祭編,雲なんて吹き飛ばして
櫻木真乃/ファン感謝祭編/雲なんて吹き飛ばして.csv,34,5001002040260,真乃,……じゃあ、次はお昼ぐらいまで……かな,櫻木真乃,ファン感謝祭編,雲なんて吹き飛ばして
櫻木真乃/ファン感謝祭編/雲なんて吹き飛ばして.csv,43,5001002040350,真乃,灯織ちゃん……？,櫻木真乃,ファン感謝祭編,雲なんて吹き飛ばして
櫻木真乃/ファン感謝祭編/雲なんて吹き飛ばして.csv,50,5001002040420,真乃,"……ううん、灯織ちゃん──ごめんじゃないよ
きっと……みんな一緒……",櫻木真乃,ファン感謝祭編,雲なんて吹き飛ばして
櫻木真乃/ファン感謝祭編/雲なんて吹き飛ばして.csv,51,5001002040430,真乃,"私も……めぐるちゃんも……
どうしてって──……",櫻木真乃,ファン感謝祭編,雲なんて吹き飛ばして
櫻木真乃/ファン感謝祭編/雲なんて吹き飛ばして.csv,63,5001002040541,真乃＆めぐる,あ……,櫻木真乃,ファン感謝祭編,雲なんて吹き飛ばして
櫻木真乃/ファン感謝祭編/雲なんて吹き飛ばして.csv,72,5001002040620,真乃,──青空の向こうめがけて、届けるっ,櫻木真乃,ファン感謝祭編,雲なんて吹き飛ばして
櫻木真乃/ファン感謝祭編/雲なんて吹き飛ばして.csv,75,5001002040650,真乃,せーのっ,櫻木真乃,ファン感謝祭編,雲なんて吹き飛ばして
櫻木真乃/节日剧情/2022圣诞/仙人掌盆栽（サボテンの寄せ植え）.csv,2,4901035020010,真乃,"ふふ……っ
サンタさんがいます……っ",櫻木真乃,节日剧情,仙人掌盆栽（サボテンの寄せ植え）
櫻木真乃/节日剧情/2022圣诞/仙人掌盆栽（サボテンの寄せ植え）.csv,5,4901035020020,真乃,"ほわ、本当です……
ふふ……っ",櫻木真乃,节日剧情,仙人掌盆栽（サボテンの寄せ植え）
櫻木真乃/节日剧情/2022圣诞/仙人掌盆栽（サボテンの寄せ植え）.csv,6,4901035020030,真乃,……ありがとうございます、プロデューサーさん,櫻木真乃,节日剧情,仙人掌盆栽（サボテンの寄せ植え）
櫻木真乃/节日剧情/2022圣诞/手套……？（手袋……？）.csv,2,4901035030010,真乃,ほわぁ、手袋──,櫻木真乃,节日剧情,手套……？（手袋……？）
櫻木真乃/节日剧情/2022圣诞/手套……？（手袋……？）.csv,3,4901035030020,真乃,……じゃ……ない、です……？,櫻木真乃,节日剧情,手套……？（手袋……？）
櫻木真乃/节日剧情/2022圣诞/手套……？（手袋……？）.csv,7,4901035030030,真乃,そうだったんですね……,櫻木真乃,节日剧情,手套……？（手袋……？）
櫻木真乃/节日剧情/2022圣诞/手套……？（手袋……？）.csv,8,4901035030040,真乃,"プロデューサーさん……
鳩さんの鍋つかみ、ありがとうございます……っ",櫻木真乃,节日剧情,手套……？（手袋……？）
櫻木真乃/节日剧情/2022圣诞/热柠檬水（ホットレモネード）.csv,3,4901035010010,真乃,あ、ありがとうございます……っ,櫻木真乃,节日剧情,热柠檬水（ホットレモネード）
櫻木真乃/节日剧情/2022圣诞/热柠檬水（ホットレモネード）.csv,4,4901035010020,真乃,──……,櫻木真乃,节日剧情,热柠檬水（ホットレモネード）
櫻木真乃/节日剧情/2022圣诞/热柠檬水（ホットレモネード）.csv,6,4901035010030,真乃,はい……っ,櫻木真乃,节日剧情,热柠檬水（ホットレモネード）
櫻木真乃/节日剧情/2022圣诞/热柠檬水（ホットレモネード）.csv,7,4901035010040,真乃,"……こうして、一緒に見ることができて
とってもうれしいです……",櫻木真乃,节日剧情,热柠檬水（ホットレモネード）
櫻木真乃/节日剧情/2022圣诞/真乃·纸质加湿器（真乃·ペーパー加湿器）.csv,3,4901035040010,真乃,"……っ
あ、あの、大丈夫ですか……風邪とか……",櫻木真乃,节日剧情,真乃·纸质加湿器（真乃·ペーパー加湿器）
櫻木真乃/节日剧情/2022圣诞/真乃·纸质加湿器（真乃·ペーパー加湿器）.csv,7,4901035040020,真乃,……私、くんできます……っ,櫻木真乃,节日剧情,真乃·纸质加湿器（真乃·ペーパー加湿器）
櫻木真乃/节日剧情/2022圣诞/真乃·纸质加湿器（真乃·ペーパー加湿器）.csv,9,4901035040030,真乃,いえ……っ,櫻木真乃,节日剧情,真乃·纸质加湿器（真乃·ペーパー加湿器）
櫻木真乃/节日剧情/2022圣诞/真乃·纸质加湿器（真乃·ペーパー加湿器）.csv,10,4901035040040,真乃,…………,櫻木真乃,节日剧情,真乃·纸质加湿器（真乃·ペーパー加湿器）
櫻木真乃/节日剧情/2022圣诞/真乃·纸质加湿器（真乃·ペーパー加湿器）.csv,11,4901035040050,真乃,"（……これなら……
デスクにも置けるかな……）",櫻木真乃,节日剧情,真乃·纸质加湿器（真乃·ペーパー加湿器）
櫻木真乃/节日剧情/2022圣诞/真乃·纸质加湿器（真乃·ペーパー加湿器）.csv,12,4901035040060,真乃,……うん,櫻木真乃,节日剧情,真乃·纸质加湿器（真乃·ペーパー加湿器）
櫻木真乃/节日剧情/2022圣诞/真乃·纸质加湿器（真乃·ペーパー加湿器）.csv,13,4901035040070,真乃,ふふ,櫻木真乃,节日剧情,真乃·纸质加湿器（真乃·ペーパー加湿器）
櫻木真乃/节日剧情/2023情人节/【中字】樱木真乃 2023情人节准备剧情.csv,2,4901037010010,真乃,……あ……っ,櫻木真乃,节日剧情,【中字】樱木真乃 2023情人节准备剧情
櫻木真乃/节日剧情/2023情人节/【中字】樱木真乃 2023情人节准备剧情.csv,3,4901037010020,真乃,これにしよう……っ,櫻木真乃,节日剧情,【中字】樱木真乃 2023情人节准备剧情
櫻木真乃/节日剧情/2023情人节/【中字】樱木真乃 2023情人节准备剧情.csv,4,4901037010030,真乃,…………ここも……,櫻木真乃,节日剧情,【中字】樱木真乃 2023情人节准备剧情
櫻木真乃/节日剧情/2023情人节/【中字】樱木真乃 2023情人节准备剧情.csv,5,4901037010040,真乃,…………,櫻木真乃,节日剧情,【中字】樱木真乃 2023情人节准备剧情
櫻木真乃/节日剧情/2023情人节/【中字】樱木真乃 2023情人节准备剧情.csv,6,4901037010050,真乃,……うん……っ,櫻木真乃,节日剧情,【中字】樱木真乃 2023情人节准备剧情
櫻木真乃/节日剧情/2023情人节/【櫻木 真乃】2023バレンタインデー.csv,2,4901037020010,真乃,…………,櫻木真乃,节日剧情,【櫻木 真乃】2023バレンタインデー
櫻木真乃/节日剧情/2023情人节/【櫻木 真乃】2023バレンタインデー.csv,3,4901037020020,真乃,……お疲れさまです……っ,櫻木真乃,节日剧情,【櫻木 真乃】2023バレンタインデー
櫻木真乃/节日剧情/2023情人节/【櫻木 真乃】2023バレンタインデー.csv,5,4901037020030,真乃,は、はい……,櫻木真乃,节日剧情,【櫻木 真乃】2023バレンタインデー
櫻木真乃/节日剧情/2023情人节/【櫻木 真乃】2023バレンタインデー.csv,6,4901037020040,真乃,"あの……
こちらを……お渡しできたらと思って……",櫻木真乃,节日剧情,【櫻木 真乃】2023バレンタインデー
櫻木真乃/节日剧情/2023情人节/【櫻木 真乃】2023バレンタインデー.csv,7,4901037020050,真乃,いつもありがとうございます、プロデューサーさん,櫻木真乃,节日剧情,【櫻木 真乃】2023バレンタインデー
櫻木真乃/节日剧情/2023情人节/【櫻木 真乃】2023バレンタインデー.csv,9,4901037020060,真乃,いえ……っ,櫻木真乃,节日剧情,【櫻木 真乃】2023バレンタインデー
櫻木真乃/节日剧情/2023情人节/【櫻木 真乃】2023バレンタインデー.csv,10,4901037020070,真乃,"ほんの……
お礼の気持ちなので……",櫻木真乃,节日剧情,【櫻木 真乃】2023バレンタインデー
櫻木真乃/节日剧情/2023情人节/真乃へのプレゼント・クッキーサンド（チーズ）.csv,2,4901037030010,真乃,"……このクッキーサンド、知っています……っ
前に、テレビで見たことがあって……っ",櫻木真乃,节日剧情,真乃へのプレゼント・クッキーサンド（チーズ）
櫻木真乃/节日剧情/2023情人节/真乃へのプレゼント・クッキーサンド（チーズ）.csv,3,4901037030020,真乃,"チーズクリームがすごく美味しそうだなって
思っていたんです……っ",櫻木真乃,节日剧情,真乃へのプレゼント・クッキーサンド（チーズ）
櫻木真乃/节日剧情/2023情人节/真乃へのプレゼント・クッキーサンド（チーズ）.csv,4,4901037030030,真乃,"ありがとうございます……っ
プロデューサーさん",櫻木真乃,节日剧情,真乃へのプレゼント・クッキーサンド（チーズ）
櫻木真乃/节日剧情/2023白色情人节/真乃へのプレゼント・ラスク.csv,3,4901038010010,真乃,ありがとうございます……,櫻木真乃,节日剧情,真乃へのプレゼント・ラスク
櫻木真乃/节日剧情/2023白色情人节/真乃へのプレゼント・ラスク.csv,4,4901038010020,真乃,"…………プロデューサーさん
私からも、いいでしょうか……？",櫻木真乃,节日剧情,真乃へのプレゼント・ラスク
櫻木真乃/节日剧情/2023白色情人节/真乃へのプレゼント・ラスク.csv,5,4901038010030,真乃,"チョコチップクッキーを作ってきました……
よかったら、どうぞ……っ",櫻木真乃,节日剧情,真乃へのプレゼント・ラスク
櫻木真乃/节日剧情/2023白色情人节/真乃へのプレゼント・ラスク＋♥.csv,3,4901038020010,真乃,ありがとうございます……,櫻木真乃,节日剧情,真乃へのプレゼント・ラスク＋♥
櫻木真乃/节日剧情/2023白色情人节/真乃へのプレゼント・ラスク＋♥.csv,4,4901038020020,真乃,"…………プロデューサーさん
私からも、いいでしょうか……？",櫻木真乃,节日剧情,真乃へのプレゼント・ラスク＋♥
櫻木真乃/节日剧情/2023白色情人节/真乃へのプレゼント・ラスク＋♥.csv,5,4901038020030,真乃,"チョコチップクッキーを作ってきました……
よかったら、どうぞ……っ",櫻木真乃,节日剧情,真乃へのプレゼント・ラスク＋♥
櫻木真乃/节日剧情/2023白色情人节/真乃へのプレゼント・ラスク＋♥.csv,8,4901038020040,真乃,"……あ、あの……
少しだけ、お時間をいただくことはできるでしょうか……？",櫻木真乃,节日剧情,真乃へのプレゼント・ラスク＋♥
櫻木真乃/节日剧情/2023白色情人节/真乃へのプレゼント・ラスク＋♥.csv,10,4901038020050,真乃,"もしよかったら……
一緒に食べられたらうれしいです……",櫻木真乃,节日剧情,真乃へのプレゼント・ラスク＋♥
櫻木真乃/节日剧情/2024圣诞 樱木真乃/2024圣诞真乃1.csv,3,4901700010010,真乃,"……っ
は、はい……っ",櫻木真乃,节日剧情,2024圣诞真乃1
櫻木真乃/节日剧情/2024圣诞 樱木真乃/2024圣诞真乃1.csv,4,4901700010020,真乃,ピーちゃんです……っ,櫻木真乃,节日剧情,2024圣诞真乃1
櫻木真乃/节日剧情/2024圣诞 樱木真乃/2024圣诞真乃1.csv,7,4901700010030,真乃,ありがとうございます,櫻木真乃,节日剧情,2024圣诞真乃1
櫻木真乃/节日剧情/2024圣诞 樱木真乃/2024圣诞真乃1.csv,9,4901700010040,真乃,"ほわ……でしたら、私が左を持っているので
右を持っていただいてもいいでしょうか……？",櫻木真乃,节日剧情,2024圣诞真乃1
櫻木真乃/节日剧情/2024圣诞 樱木真乃/2024圣诞真乃2.csv,2,4901700020010,真乃,"プロデューサーさん
連れてきてくださってありがとうございます",櫻木真乃,节日剧情,2024圣诞真乃2
櫻木真乃/节日剧情/2024圣诞 樱木真乃/2024圣诞真乃2.csv,5,4901700020020,真乃,はい……,櫻木真乃,节日剧情,2024圣诞真乃2
櫻木真乃/节日剧情/2024圣诞 樱木真乃/2024圣诞真乃2.csv,6,4901700020030,真乃,"ですが、お忙しいかなって思っていたので……
大丈夫でしたか……？",櫻木真乃,节日剧情,2024圣诞真乃2
櫻木真乃/节日剧情/2024圣诞 樱木真乃/2024圣诞真乃2.csv,9,4901700020040,真乃,"えっと……
……ありがとうございます……",櫻木真乃,节日剧情,2024圣诞真乃2
櫻木真乃/节日剧情/2024圣诞 樱木真乃/2024圣诞真乃2.csv,10,4901700020050,真乃,"あの……
お疲れでは、なかったでしょうか……？",櫻木真乃,节日剧情,2024圣诞真乃2
櫻木真乃/节日剧情/2024圣诞 樱木真乃/2024圣诞真乃2.csv,12,4901700020060,真乃,そうなんですね……,櫻木真乃,节日剧情,2024圣诞真乃2
櫻木真乃/节日剧情/2024圣诞 樱木真乃/2024圣诞真乃2.csv,14,4901700020070,真乃,はい、よろしくお願いします……っ,櫻木真乃,节日剧情,2024圣诞真乃2
櫻木真乃/节日剧情/2024圣诞 樱木真乃/2024圣诞真乃2.csv,17,4901700020080,真乃,ほわ、ありがとうございます……,櫻木真乃,节日剧情,2024圣诞真乃2
櫻木真乃/节日剧情/2024圣诞 樱木真乃/2024圣诞真乃2.csv,18,4901700020090,真乃,冬の空気と、コーヒーと……,櫻木真乃,节日剧情,2024圣诞真乃2
櫻木真乃/节日剧情/2024圣诞 樱木真乃/2024圣诞真乃2.csv,19,4901700020100,真乃,足元の、氷の花,櫻木真乃,节日剧情,2024圣诞真乃2
櫻木真乃/节日剧情/2024圣诞 樱木真乃/2024圣诞真乃2.csv,20,4901700020110,真乃,"プロデューサーさんと一緒なら
冬の贈り物が、たくさんもらえそうです",櫻木真乃,节日剧情,2024圣诞真乃2
櫻木真乃/节日剧情/2025真乃情人节/真乃2025情人节01.csv,3,4901800010010,真乃,"あ……
プロデューサーさん、あの……",櫻木真乃,节日剧情,真乃2025情人节01
櫻木真乃/节日剧情/2025真乃情人节/真乃2025情人节01.csv,4,4901800010020,真乃,"これ、よかったら……
休憩のお供に",櫻木真乃,节日剧情,真乃2025情人节01
櫻木真乃/节日剧情/2025真乃情人节/真乃2025情人节02.csv,2,4901800020010,真乃,"プロデューサーさんへ、日頃の感謝を
どうやって形にしようか、考えていたら……",櫻木真乃,节日剧情,真乃2025情人节02
櫻木真乃/节日剧情/2025真乃情人节/真乃2025情人节02.csv,3,4901800020020,真乃,"ちょうど、テレビで
子どもたちがくす玉を作っていて",櫻木真乃,节日剧情,真乃2025情人节02
櫻木真乃/节日剧情/2025真乃情人节/真乃2025情人节02.csv,4,4901800020030,真乃,"くす玉にみんなの好きなお菓子をたくさん
詰めているのを見て、すてきだなって思ったんです",櫻木真乃,节日剧情,真乃2025情人节02
櫻木真乃/节日剧情/2025真乃情人节/真乃2025情人节02.csv,6,4901800020040,真乃,"はい……
ハッピーバレンタイン、です……っ",櫻木真乃,节日剧情,真乃2025情人节02
櫻木真乃/节日剧情/2025真乃情人节/真乃2025情人节02.csv,10,4901800020050,真乃,"ほわ
えっと……",櫻木真乃,节日剧情,真乃2025情人节02
櫻木真乃/节日剧情/2025真乃情人节/真乃2025情人节02.csv,11,4901800020060,真乃,"……はい、大丈夫です……っ
では……プロデューサーさんと一緒に",櫻木真乃,节日剧情,真乃2025情人节02
櫻木真乃/节日剧情/樱木真乃 2019圣诞/490100701.csv,3,4901007010010,真乃,"ほわ……えっと、その……
あ、ありがとうございますっプロデューサーさんっ",櫻木真乃,节日剧情,490100701
櫻木真乃/节日剧情/樱木真乃 2019圣诞/490100701.csv,4,4901007010020,真乃,"──あのっ
今、開けてもいいでしょうか？",櫻木真乃,节日剧情,490100701
櫻木真乃/节日剧情/樱木真乃 2019圣诞/490100701.csv,6,4901007010030,真乃,"──ほわぁっ、ハンドクリームですっ
ふたが鳥さんの形になっています……っ",櫻木真乃,节日剧情,490100701
櫻木真乃/节日剧情/樱木真乃 2019圣诞/490100701.csv,7,4901007010040,真乃,"……ふふっ
香りもやわらかくっていい匂い……",櫻木真乃,节日剧情,490100701
櫻木真乃/节日剧情/樱木真乃 2019圣诞/490100701.csv,8,4901007010050,真乃,"プロデューサーさんっ、今日から大事に使いますねっ
プレゼント、本当にありがとうございますっ",櫻木真乃,节日剧情,490100701
櫻木真乃/节日剧情/樱木真乃 2019圣诞/490100702.csv,3,4901007020010,真乃,"はいっ。……いつも私ばかりお世話になっているので、
プロデューサーさんにお付き合いできるのがうれしいですっ",櫻木真乃,节日剧情,490100702
櫻木真乃/节日剧情/樱木真乃 2019圣诞/490100702.csv,4,4901007020020,真乃,"……ほわぁ────
プロデューサーさん……ここ……っ",櫻木真乃,节日剧情,490100702
櫻木真乃/节日剧情/樱木真乃 2019圣诞/490100702.csv,6,4901007020030,真乃,"──ここ、私……
私、一度でいいから来てみたかったんですっ",櫻木真乃,节日剧情,490100702
櫻木真乃/节日剧情/樱木真乃 2019圣诞/490100702.csv,7,4901007020040,真乃,"プロデューサーさん、
私がここに来たかったこと知ってたんですか……っ",櫻木真乃,节日剧情,490100702
櫻木真乃/节日剧情/樱木真乃 2019圣诞/490100702.csv,8,4901007020050,真乃,"──ほわぁ…………っ
ありがとうございますっ、プロデューサーさんっ",櫻木真乃,节日剧情,490100702
櫻木真乃/节日剧情/樱木真乃 2019圣诞/490100703.csv,2,4901007030010,真乃,"──ほわぁっ、白くてまんまるのケーキ……っ
とっても美味しそうですっ",櫻木真乃,节日剧情,490100703
櫻木真乃/节日剧情/樱木真乃 2019圣诞/490100703.csv,3,4901007030020,真乃,"……あの、でも、
本当に私がいただいてしまっていいんでしょうか？",櫻木真乃,节日剧情,490100703
櫻木真乃/节日剧情/樱木真乃 2019圣诞/490100703.csv,5,4901007030030,真乃,"──はい……っ
ありがとうございます、プロデューサーさん……っ",櫻木真乃,节日剧情,490100703
櫻木真乃/节日剧情/樱木真乃 2019圣诞/490100703.csv,6,4901007030040,真乃,"……ふふっ、このケーキ、
ふかっと丸くなってるピーちゃんみたいに見えますっ",櫻木真乃,节日剧情,490100703
櫻木真乃/节日剧情/樱木真乃 2019圣诞/490100703.csv,8,4901007030050,真乃,"──……食べちゃうの、もったいないなって思っちゃいます
……でも、大事に、大事にいただきますね……っ",櫻木真乃,节日剧情,490100703
櫻木真乃/节日剧情/樱木真乃 2019圣诞/490100704.csv,4,4901007040010,真乃,ぷ、プロデューサーさん、大丈夫ですか？,櫻木真乃,节日剧情,490100704
櫻木真乃/节日剧情/樱木真乃 2019圣诞/490100704.csv,7,4901007040020,真乃,"ほわ……風邪とかじゃないといいんですけれど……
あ、あの、暖房もう少し、温度上げた方がいいでしょうか？",櫻木真乃,节日剧情,490100704
櫻木真乃/节日剧情/樱木真乃 2019圣诞/490100704.csv,9,4901007040030,真乃,は、はい……──,櫻木真乃,节日剧情,490100704
櫻木真乃/节日剧情/樱木真乃 2019圣诞/490100704.csv,10,4901007040040,真乃,…………,櫻木真乃,节日剧情,490100704
櫻木真乃/节日剧情/樱木真乃 2019圣诞/490100704.csv,11,4901007040050,真乃,"──プロデューサーさんっ
あの、よかったら……これ、受け取ってください……っ",櫻木真乃,节日剧情,490100704
櫻木真乃/节日剧情/樱木真乃 2019圣诞/490100704.csv,13,4901007040060,真乃,"は、はいっ……その、プロデューサーさんに
クリスマスのプレゼントをって、思って……",櫻木真乃,节日剧情,490100704
櫻木真乃/节日剧情/樱木真乃 2019圣诞/490100704.csv,16,4901007040070,真乃,はい……っ,櫻木真乃,节日剧情,490100704
櫻木真乃/节日剧情/樱木真乃 2019圣诞/490100704.csv,19,4901007040080,真乃,い、いえっ、そんな……,櫻木真乃,节日剧情,490100704
櫻木真乃/节日剧情/樱木真乃 2019圣诞/490100704.csv,20,4901007040090,真乃,"……プロデューサーさんが風邪を引かないように
あったかく過ごしてもらえたら……",櫻木真乃,节日剧情,490100704
櫻木真乃/节日剧情/樱木真乃 2019圣诞/490100704.csv,21,4901007040100,真乃,私も、うれしいです……っ,櫻木真乃,节日剧情,490100704
櫻木真乃/誕生日/【櫻木 真乃】 誕生日ミニコミュ④.csv,2,49020040010010,真乃,"プロデューサーさん、ありがとうございます……っ
……それから──",櫻木真乃,誕生日,【櫻木 真乃】 誕生日ミニコミュ④
櫻木真乃/誕生日/【櫻木 真乃】 誕生日ミニコミュ④.csv,3,49020040010020,真乃,"今日からの新しい一年も
引き続きプロデュースしていただけたらうれしいですっ",櫻木真乃,誕生日,【櫻木 真乃】 誕生日ミニコミュ④
浅倉透/【裏声であいつら】浅倉透/羽が落ちてて.csv,2,3020011020010,真乃,『事務所に着きました。』,浅倉透,【裏声であいつら】浅倉透,羽が落ちてて
浅倉透/【裏声であいつら】浅倉透/羽が落ちてて.csv,3,3020011020020,真乃,『忘れ物を取ってからすぐに出ます。』,浅倉透,【裏声であいつら】浅倉透,羽が落ちてて
浅倉透/【裏声であいつら】浅倉透/羽が落ちてて.csv,4,3020011020030,真乃,……,浅倉透,【裏声であいつら】浅倉透,羽が落ちてて
浅倉透/【裏声であいつら】浅倉透/羽が落ちてて.csv,5,3020011020040,真乃,……お疲れさ──────,浅倉透,【裏声であいつら】浅倉透,羽が落ちてて
浅倉透/【裏声であいつら】浅倉透/羽が落ちてて.csv,8,3020011020070,真乃,──────,浅倉透,【裏声であいつら】浅倉透,羽が落ちてて
浅倉透/【裏声であいつら】浅倉透/羽が落ちてて.csv,9,3020011020080,真乃,"……
少しだけ……お邪魔します…………っ",浅倉透,【裏声であいつら】浅倉透,羽が落ちてて
浅倉透/【裏声であいつら】浅倉透/羽が落ちてて.csv,10,3020011020090,真乃,────────っ,浅倉透,【裏声であいつら】浅倉透,羽が落ちてて
浅倉透/【裏声であいつら】浅倉透/羽が落ちてて.csv,12,3020011020110,真乃,…………,浅倉透,【裏声であいつら】浅倉透,羽が落ちてて
浅倉透/【裏声であいつら】浅倉透/羽が落ちてて.csv,14,3020011020130,真乃,──────っ,浅倉透,【裏声であいつら】浅倉透,羽が落ちてて
浅倉透/【裏声であいつら】浅倉透/羽が落ちてて.csv,15,3020011020140,真乃,…………ほわ,浅倉透,【裏声であいつら】浅倉透,羽が落ちてて
浅倉透/【裏声であいつら】浅倉透/羽が落ちてて.csv,16,3020011020160,真乃,"……
お腹……",浅倉透,【裏声であいつら】浅倉透,羽が落ちてて
浅倉透/【裏声であいつら】浅倉透/羽が落ちてて.csv,18,3020011020180,真乃,"……
お腹、めくれたみたい……",浅倉透,【裏声であいつら】浅倉透,羽が落ちてて
浅倉透/【裏声であいつら】浅倉透/羽が落ちてて.csv,19,3020011020190,真乃,ちょっとだけ、直すね…………っ,浅倉透,【裏声であいつら】浅倉透,羽が落ちてて
浅倉透/【裏声であいつら】浅倉透/羽が落ちてて.csv,20,3020011020210,真乃,……おやすみなさい,浅倉透,【裏声であいつら】浅倉透,羽が落ちてて
浅倉透/【裏声であいつら】浅倉透/羽が落ちてて.csv,22,3020011020230,真乃,戻りました──────,浅倉透,【裏声であいつら】浅倉透,羽が落ちてて
浅倉透/【裏声であいつら】浅倉透/羽が落ちてて.csv,23,3020011020240,真乃,────ほわ……っ,浅倉透,【裏声であいつら】浅倉透,羽が落ちてて
浅倉透/【裏声であいつら】浅倉透/羽が落ちてて.csv,25,3020011020260,真乃,"……
ごめんなさい……すぐ、出るね…………っ",浅倉透,【裏声であいつら】浅倉透,羽が落ちてて
浅倉透/【裏声であいつら】浅倉透/羽が落ちてて.csv,27,3020011020280,真乃,……,浅倉透,【裏声であいつら】浅倉透,羽が落ちてて
浅倉透/【裏声であいつら】浅倉透/羽が落ちてて.csv,28,3020011020290,真乃,スマホ……,浅倉透,【裏声であいつら】浅倉透,羽が落ちてて
浅倉透/【裏声であいつら】浅倉透/羽が落ちてて.csv,30,3020011020310,真乃,"……
スマホ……落ちそうなの…………",浅倉透,【裏声であいつら】浅倉透,羽が落ちてて
浅倉透/【裏声であいつら】浅倉透/羽が落ちてて.csv,31,3020011020320,真乃,ちょっとだけ、触るね…………っ,浅倉透,【裏声であいつら】浅倉透,羽が落ちてて
浅倉透/【裏声であいつら】浅倉透/羽が落ちてて.csv,33,3020011020340,真乃,──────っ,浅倉透,【裏声であいつら】浅倉透,羽が落ちてて
浅倉透/【裏声であいつら】浅倉透/羽が落ちてて.csv,35,3020011020360,真乃,……,浅倉透,【裏声であいつら】浅倉透,羽が落ちてて
浅倉透/【裏声であいつら】浅倉透/羽が落ちてて.csv,36,3020011020370,真乃,……またまた、おやすみなさい……,浅倉透,【裏声であいつら】浅倉透,羽が落ちてて
浅倉透/【裏声であいつら】浅倉透/羽が落ちてて.csv,38,3020011020390,真乃,……,浅倉透,【裏声であいつら】浅倉透,羽が落ちてて
浅倉透/【裏声であいつら】浅倉透/羽が落ちてて.csv,44,3020011020450,真乃,──────わ……,浅倉透,【裏声であいつら】浅倉透,羽が落ちてて
浅倉透/【裏声であいつら】浅倉透/羽が落ちてて.csv,45,3020011020460,真乃,もう、お月様…………,浅倉透,【裏声であいつら】浅倉透,羽が落ちてて
浅倉透/【裏声であいつら】浅倉透/羽が落ちてて.csv,47,3020011020480,真乃,……,浅倉透,【裏声であいつら】浅倉透,羽が落ちてて
浅倉透/【裏声であいつら】浅倉透/羽が落ちてて.csv,50,3020011020510,真乃,"────もう少しだけ……
事務所のお部屋、あったかいままになりますように",浅倉透,【裏声であいつら】浅倉透,羽が落ちてて
营业剧情/illuminationSTARS.csv,4,990100010030,真乃,めぐるちゃん、よかったら私の傘に入って,营业剧情,illuminationSTARS.csv,illuminationSTARS
营业剧情/illuminationSTARS.csv,8,990100010070,真乃,"ふふ、大丈夫だよ
めぐるちゃんと一緒に歩けるの楽しいからっ",营业剧情,illuminationSTARS.csv,illuminationSTARS
营业剧情/illuminationSTARS.csv,14,990100010130,真乃,ほわ……っ,营业剧情,illuminationSTARS.csv,illuminationSTARS
風野灯織/Landing Point編/1曲目前コミュ《ユニット》.csv,5,5001004010080,真乃,私たちが楽しむステージ……,風野灯織,Landing Point編,1曲目前コミュ《ユニット》
風野灯織/Landing Point編/1曲目前コミュ《ユニット》.csv,6,5001004010090,真乃,…………,風野灯織,Landing Point編,1曲目前コミュ《ユニット》
風野灯織/Landing Point編/1曲目前コミュ《ユニット》.csv,7,5001004010100,真乃,ふふ……っ,風野灯織,Landing Point編,1曲目前コミュ《ユニット》
風野灯織/Landing Point編/1曲目前コミュ《ユニット》.csv,8,5001004010110,真乃,"……あのね、私……
今、すごくドキドキして……",風野灯織,Landing Point編,1曲目前コミュ《ユニット》
風野灯織/Landing Point編/1曲目前コミュ《ユニット》.csv,9,5001004010120,真乃,わくわくしてる……,風野灯織,Landing Point編,1曲目前コミュ《ユニット》
風野灯織/Landing Point編/1曲目前コミュ《ユニット限定》.csv,3,5001004010020,真乃,──うん……っ,風野灯織,Landing Point編,1曲目前コミュ《ユニット限定》
風野灯織/Landing Point編/1曲目前コミュ《ユニット限定》.csv,9,5001004010080,真乃,私たちが楽しむステージ……,風野灯織,Landing Point編,1曲目前コミュ《ユニット限定》
風野灯織/Landing Point編/1曲目前コミュ《ユニット限定》.csv,10,5001004010090,真乃,…………,風野灯織,Landing Point編,1曲目前コミュ《ユニット限定》
風野灯織/Landing Point編/1曲目前コミュ《ユニット限定》.csv,11,5001004010100,真乃,ふふ……っ,風野灯織,Landing Point編,1曲目前コミュ《ユニット限定》
風野灯織/Landing Point編/1曲目前コミュ《ユニット限定》.csv,12,5001004010110,真乃,"……あのね、私……
今、すごくドキドキして……",風野灯織,Landing Point編,1曲目前コミュ《ユニット限定》
風野灯織/Landing Point編/1曲目前コミュ《ユニット限定》.csv,13,5001004010120,真乃,わくわくしてる……,風野灯織,Landing Point編,1曲目前コミュ《ユニット限定》
風野灯織/Landing Point編/2曲目前コミュ《ユニット限定》.csv,3,5001004030010,真乃,"──みなさんっ………
今日…………あの……っ",風野灯織,Landing Point編,2曲目前コミュ《ユニット限定》
風野灯織/Landing Point編/2曲目前コミュ《ユニット限定》.csv,4,5001004030020,真乃,"す、少しだけ……
待ってくださいっ……息が……っ",風野灯織,Landing Point編,2曲目前コミュ《ユニット限定》
風野灯織/Landing Point編/2曲目前コミュ《ユニット限定》.csv,8,5001004030050,真乃,……,風野灯織,Landing Point編,2曲目前コミュ《ユニット限定》
風野灯織/Landing Point編/2曲目前コミュ《ユニット限定》.csv,9,5001004030060,真乃,……始まったばかりなのに、もう胸がいっぱいです,風野灯織,Landing Point編,2曲目前コミュ《ユニット限定》
風野灯織/Landing Point編/2曲目前コミュ《ユニット限定》.csv,10,5001004030070,真乃,"みなさんに、
今日、会えたことをとってもうれしく思います",風野灯織,Landing Point編,2曲目前コミュ《ユニット限定》
風野灯織/Landing Point編/3曲目前コミュ《ユニット限定》.csv,8,5001004040040,真乃,…………,風野灯織,Landing Point編,3曲目前コミュ《ユニット限定》
風野灯織/Landing Point編/3曲目前コミュ《ユニット限定》.csv,10,5001004040050,真乃,"……っ
プロデューサーさん",風野灯織,Landing Point編,3曲目前コミュ《ユニット限定》
風野灯織/Landing Point編/3曲目前コミュ《ユニット限定》.csv,12,5001004040060,真乃,"あ、いえ……っ
大丈夫です",風野灯織,Landing Point編,3曲目前コミュ《ユニット限定》
風野灯織/Landing Point編/3曲目前コミュ《ユニット限定》.csv,13,5001004040070,真乃,"……ここまであっという間で……
気付いたら、次が最後の曲だったので……",風野灯織,Landing Point編,3曲目前コミュ《ユニット限定》
風野灯織/Landing Point編/3曲目前コミュ《ユニット限定》.csv,14,5001004040080,真乃,忘れたくなくて……,風野灯織,Landing Point編,3曲目前コミュ《ユニット限定》
風野灯織/Landing Point編/3曲目前コミュ《ユニット限定》.csv,15,5001004040090,真乃,この時間を、ちゃんと覚えておきたくて……,風野灯織,Landing Point編,3曲目前コミュ《ユニット限定》
風野灯織/Landing Point編/ライブ後コミュ《ユニット》.csv,3,5001004050020,真乃,……うん,風野灯織,Landing Point編,ライブ後コミュ《ユニット》
風野灯織/Landing Point編/ライブ後コミュ《ユニット》.csv,10,5001004050090,真乃,"うん、私も……
このまま終わりたくない、から……",風野灯織,Landing Point編,ライブ後コミュ《ユニット》
風野灯織/Landing Point編/ライブ後コミュ《ユニット》.csv,11,5001004050100,真乃,……『またステージで』って、言ってもいいですか……？,風野灯織,Landing Point編,ライブ後コミュ《ユニット》
風野灯織/【Can't give up】風野灯織/1.強くなる.csv,4,3002017010020,真乃,本当だ……っ,風野灯織,【Can't give up】風野灯織,1.強くなる
風野灯織/【Can't give up】風野灯織/1.強くなる.csv,7,3002017010041,真乃＆めぐる,ふふっ、うん！,風野灯織,【Can't give up】風野灯織,1.強くなる
風野灯織/【Can't give up】風野灯織/1.強くなる.csv,10,3002017010061,真乃＆灯織,ふふっ,風野灯織,【Can't give up】風野灯織,1.強くなる
風野灯織/【Can't give up】風野灯織/1.強くなる.csv,12,3002017010080,真乃,う、ううん……っ,風野灯織,【Can't give up】風野灯織,1.強くなる
風野灯織/【Can't give up】風野灯織/1.強くなる.csv,15,3002017010110,真乃,うん……っ,風野灯織,【Can't give up】風野灯織,1.強くなる
風野灯織/【Can't give up】風野灯織/1.強くなる.csv,20,3002017010160,真乃,"そうだよね……
私も……っ",風野灯織,【Can't give up】風野灯織,1.強くなる
風野灯織/【Can't give up】風野灯織/1.強くなる.csv,21,3002017010161,真乃＆灯織,んっ……んっ……,風野灯織,【Can't give up】風野灯織,1.強くなる
風野灯織/【Can't give up】風野灯織/1.強くなる.csv,24,3002017010181,真乃＆灯織,────はぁっ……,風野灯織,【Can't give up】風野灯織,1.強くなる
風野灯織/【Can't give up】風野灯織/1.強くなる.csv,27,3002017010201,真乃＆めぐる,うんっ,風野灯織,【Can't give up】風野灯織,1.強くなる
風野灯織/【Can't give up】風野灯織/1.強くなる.csv,31,3002017010240,真乃,うん……っ,風野灯織,【Can't give up】風野灯織,1.強くなる
風野灯織/【Can't give up】風野灯織/1.強くなる.csv,32,3002017010250,真乃,"たくさん走って、
体力をつけていけたらいいな……",風野灯織,【Can't give up】風野灯織,1.強くなる
風野灯織/【Can't give up】風野灯織/1.強くなる.csv,35,3002017010271,真乃＆灯織,……？,風野灯織,【Can't give up】風野灯織,1.強くなる
風野灯織/【Can't give up】風野灯織/1.強くなる.csv,41,3002017010330,真乃,そっか、確かに……っ,風野灯織,【Can't give up】風野灯織,1.強くなる
風野灯織/【Can't give up】風野灯織/1.強くなる.csv,46,3002017010380,真乃,ほわ……っ,風野灯織,【Can't give up】風野灯織,1.強くなる
風野灯織/【Can't give up】風野灯織/1.強くなる.csv,51,3002017010430,真乃,ふふっ……,風野灯織,【Can't give up】風野灯織,1.強くなる
風野灯織/【Can't give up】風野灯織/1.強くなる.csv,52,3002017010431,真乃＆灯織,おー！,風野灯織,【Can't give up】風野灯織,1.強くなる
風野灯織/【Can't give up】風野灯織/3.強くなった.csv,19,3002017030130,真乃,"灯織ちゃん……っ
ファイト……っ",風野灯織,【Can't give up】風野灯織,3.強くなった
風野灯織/【Can't give up】風野灯織/3.強くなった.csv,40,3002017030300,真乃,"灯織ちゃん……
お疲れさま……っ",風野灯織,【Can't give up】風野灯織,3.強くなった
風野灯織/【Can't give up】風野灯織/3.強くなった.csv,46,3002017030360,真乃,"えっと……借り物の紙……
『友達』って書いてあったんだよね……？",風野灯織,【Can't give up】風野灯織,3.強くなった
風野灯織/【Can't give up】風野灯織/3.強くなった.csv,50,3002017030391,真乃＆めぐる,…………,風野灯織,【Can't give up】風野灯織,3.強くなった
風野灯織/【Can't give up】風野灯織/3.強くなった.csv,52,3002017030401,真乃＆めぐる,…………！,風野灯織,【Can't give up】風野灯織,3.強くなった
風野灯織/【Can't give up】風野灯織/3.強くなった.csv,53,3002017030410,真乃,灯織ちゃん……っ,風野灯織,【Can't give up】風野灯織,3.強くなった
風野灯織/【Can't give up】風野灯織/3.強くなった.csv,56,3002017030431,真乃＆めぐる,あっ……,風野灯織,【Can't give up】風野灯織,3.強くなった
風野灯織/【Can't give up】風野灯織/3.強くなった.csv,57,3002017030440,真乃,ひ、灯織ちゃん……っ,風野灯織,【Can't give up】風野灯織,3.強くなった
風野灯織/【Can't give up】風野灯織/3.強くなった.csv,63,3002017030491,真乃＆めぐる,…………,風野灯織,【Can't give up】風野灯織,3.強くなった
風野灯織/【Can't give up】風野灯織/3.強くなった.csv,68,3002017030540,真乃,うん……っ,風野灯織,【Can't give up】風野灯織,3.強くなった
風野灯織/【Can't give up】風野灯織/3.強くなった.csv,70,3002017030551,真乃＆めぐる,…………,風野灯織,【Can't give up】風野灯織,3.強くなった
風野灯織/【WtoW】風野灯織/イルミネ間取引.csv,3,3002016010020,真乃,"『今回の放送はいかがでしたか……？
少しでも春の訪れを感じてもらえたならうれしいです』",風野灯織,【WtoW】風野灯織,イルミネ間取引
風野灯織/【WtoW】風野灯織/イルミネ間取引.csv,6,3002016010050,真乃,"いいお天気……
あったかい",風野灯織,【WtoW】風野灯織,イルミネ間取引
風野灯織/【WtoW】風野灯織/イルミネ間取引.csv,9,3002016010080,真乃,"今日は先生のご都合でお休みで、他には何も……
灯織ちゃんは？",風野灯織,【WtoW】風野灯織,イルミネ間取引
風野灯織/【WtoW】風野灯織/イルミネ間取引.csv,16,3002016010150,真乃,急ぎの用事？,風野灯織,【WtoW】風野灯織,イルミネ間取引
風野灯織/【WtoW】風野灯織/イルミネ間取引.csv,20,3002016010181,真乃＆灯織,……！,風野灯織,【WtoW】風野灯織,イルミネ間取引
風野灯織/【WtoW】風野灯織/イルミネ間取引.csv,23,3002016010210,真乃,"ふふ……
依頼主さんからのオーダーはなんでしたか？",風野灯織,【WtoW】風野灯織,イルミネ間取引
風野灯織/【WtoW】風野灯織/イルミネ間取引.csv,36,3002016010340,真乃,……？,風野灯織,【WtoW】風野灯織,イルミネ間取引
風野灯織/【WtoW】風野灯織/イルミネ間取引.csv,38,3002016010360,真乃,ほわ……っ,風野灯織,【WtoW】風野灯織,イルミネ間取引
風野灯織/【WtoW】風野灯織/イルミネ間取引.csv,40,3002016010380,真乃,"あ、ありがとう
でも汚れちゃう──",風野灯織,【WtoW】風野灯織,イルミネ間取引
風野灯織/【WtoW】風野灯織/イルミネ間取引.csv,51,3002016010481,真乃＆めぐる,……！,風野灯織,【WtoW】風野灯織,イルミネ間取引
風野灯織/【WtoW】風野灯織/イルミネ間取引.csv,53,3002016010491,真乃＆めぐる,……うん！,風野灯織,【WtoW】風野灯織,イルミネ間取引
風野灯織/【WtoW】風野灯織/イルミネ間取引.csv,55,3002016010510,真乃,丁寧に,風野灯織,【WtoW】風野灯織,イルミネ間取引
風野灯織/【WtoW】風野灯織/イルミネ間取引.csv,60,3002016010530,真乃,────イルミネデリバリーです,風野灯織,【WtoW】風野灯織,イルミネ間取引
風野灯織/【WtoW】風野灯織/オン.csv,2,3002016020010,真乃,うん……,風野灯織,【WtoW】風野灯織,オン
風野灯織/【WtoW】風野灯織/オン.csv,4,3002016020030,真乃,"ふふ……
席がいっぱい……",風野灯織,【WtoW】風野灯織,オン
風野灯織/【WtoW】風野灯織/オン.csv,5,3002016020040,真乃,"……
応援するのって、こうやって────",風野灯織,【WtoW】風野灯織,オン
風野灯織/【WtoW】風野灯織/オン.csv,6,3002016020050,真乃,"誰かのことを知るって
ことなんだね……",風野灯織,【WtoW】風野灯織,オン
風野灯織/【WtoW】風野灯織/オン.csv,11,3002016020100,真乃,じー……,風野灯織,【WtoW】風野灯織,オン
風野灯織/【WtoW】風野灯織/オン.csv,14,3002016020121,真乃＆めぐる,じー…………,風野灯織,【WtoW】風野灯織,オン
風野灯織/【WtoW】風野灯織/オン.csv,24,3002016020200,真乃,"……っ
はい……っ",風野灯織,【WtoW】風野灯織,オン
風野灯織/【WtoW】風野灯織/オン.csv,25,3002016020210,真乃,じっくり、見ました……っ,風野灯織,【WtoW】風野灯織,オン
風野灯織/【WtoW】風野灯織/オン.csv,45,3002016020350,真乃,"ほわ……っ
えっと、私は……",風野灯織,【WtoW】風野灯織,オン
風野灯織/【WtoW】風野灯織/オン.csv,46,3002016020360,真乃,"……少しだけ、斜めに……？
飛んじゃうのかも、って思ったよ……っ",風野灯織,【WtoW】風野灯織,オン
風野灯織/【WtoW】風野灯織/オン.csv,64,3002016020490,真乃,おじいちゃん先生はなんて……？,風野灯織,【WtoW】風野灯織,オン
風野灯織/【WtoW】風野灯織/オン.csv,70,3002016020501,真乃＆めぐる,おおー……,風野灯織,【WtoW】風野灯織,オン
風野灯織/【WtoW】風野灯織/オン.csv,71,3002016020510,真乃,"コツじゃなくて、
続けることが大事ってことなんだね……っ",風野灯織,【WtoW】風野灯織,オン
風野灯織/【WtoW】風野灯織/オン.csv,78,3002016020570,真乃,……ふふ,風野灯織,【WtoW】風野灯織,オン
風野灯織/【WtoW】風野灯織/オン.csv,79,3002016020580,真乃,"でも、番組が終わってからも頑張ってる灯織ちゃん
すごいな……っ",風野灯織,【WtoW】風野灯織,オン
風野灯織/【WtoW】風野灯織/オン.csv,96,3002016020690,真乃,"じゃあ、
『オン！』だね……っ",風野灯織,【WtoW】風野灯織,オン
風野灯織/【ふたりといる夜のこと】風野灯織/ある公演の夜の話.csv,3,3002018020020,真乃,"……うん、スタッフさん
外に出てもいいっておっしゃってたけど……",風野灯織,【ふたりといる夜のこと】風野灯織,ある公演の夜の話
風野灯織/【ふたりといる夜のこと】風野灯織/ある公演の夜の話.csv,8,3002018020061,真乃＆灯織,…………,風野灯織,【ふたりといる夜のこと】風野灯織,ある公演の夜の話
風野灯織/【ふたりといる夜のこと】風野灯織/ある公演の夜の話.csv,10,3002018020080,真乃,わぁ……,風野灯織,【ふたりといる夜のこと】風野灯織,ある公演の夜の話
風野灯織/【ふたりといる夜のこと】風野灯織/ある公演の夜の話.csv,13,3002018020110,真乃,ファンのみなさんがいっぱい……,風野灯織,【ふたりといる夜のこと】風野灯織,ある公演の夜の話
風野灯織/【ふたりといる夜のこと】風野灯織/ある公演の夜の話.csv,14,3002018020120,真乃,"……じゃ、じゃあ
今は出ないほうがいいね……",風野灯織,【ふたりといる夜のこと】風野灯織,ある公演の夜の話
風野灯織/【ふたりといる夜のこと】風野灯織/ある公演の夜の話.csv,18,3002018020160,真乃,"……うん
そのほうがいいかな……",風野灯織,【ふたりといる夜のこと】風野灯織,ある公演の夜の話
風野灯織/【ふたりといる夜のこと】風野灯織/ある公演の夜の話.csv,19,3002018020170,真乃,"プロデューサーさんに
お手間をかけちゃうけど……",風野灯織,【ふたりといる夜のこと】風野灯織,ある公演の夜の話
風野灯織/【ふたりといる夜のこと】風野灯織/ある公演の夜の話.csv,22,3002018020191,真乃＆めぐる,……？,風野灯織,【ふたりといる夜のこと】風野灯織,ある公演の夜の話
風野灯織/【ふたりといる夜のこと】風野灯織/ある公演の夜の話.csv,24,3002018020201,真乃＆めぐる,え……っ,風野灯織,【ふたりといる夜のこと】風野灯織,ある公演の夜の話
風野灯織/【ふたりといる夜のこと】風野灯織/ある公演の夜の話.csv,27,3002018020230,真乃,……え、えっと……,風野灯織,【ふたりといる夜のこと】風野灯織,ある公演の夜の話
風野灯織/【ふたりといる夜のこと】風野灯織/ある公演の夜の話.csv,31,3002018020270,真乃,……し、しー……っ,風野灯織,【ふたりといる夜のこと】風野灯織,ある公演の夜の話
風野灯織/【ふたりといる夜のこと】風野灯織/ある公演の夜の話.csv,34,3002018020300,真乃,"……うんっ
うなずいてくれてる……",風野灯織,【ふたりといる夜のこと】風野灯織,ある公演の夜の話
風野灯織/【ふたりといる夜のこと】風野灯織/ある公演の夜の話.csv,37,3002018020330,真乃,……いい人で良かったね……っ,風野灯織,【ふたりといる夜のこと】風野灯織,ある公演の夜の話
風野灯織/【ふたりといる夜のこと】風野灯織/ある公演の夜の話.csv,42,3002018020380,真乃,……ふふ,風野灯織,【ふたりといる夜のこと】風野灯織,ある公演の夜の話
風野灯織/【ふたりといる夜のこと】風野灯織/ある公演の夜の話.csv,43,3002018020390,真乃,"……今日のライブに
来てくれたのかな……",風野灯織,【ふたりといる夜のこと】風野灯織,ある公演の夜の話
風野灯織/【ふたりといる夜のこと】風野灯織/ある公演の夜の話.csv,46,3002018020411,真乃＆めぐる,そうだね,風野灯織,【ふたりといる夜のこと】風野灯織,ある公演の夜の話
風野灯織/【ふたりといる夜のこと】風野灯織/ある公演の夜の話.csv,48,3002018020430,真乃,……あっという間だったね,風野灯織,【ふたりといる夜のこと】風野灯織,ある公演の夜の話
風野灯織/【ふたりといる夜のこと】風野灯織/ある公演の夜の話.csv,51,3002018020460,真乃,"う、うん……っ
下手のほうに……",風野灯織,【ふたりといる夜のこと】風野灯織,ある公演の夜の話
風野灯織/【ふたりといる夜のこと】風野灯織/ある公演の夜の話.csv,54,3002018020490,真乃,"ふふ……ありがとうが、
届くといいなって思ったり……",風野灯織,【ふたりといる夜のこと】風野灯織,ある公演の夜の話
風野灯織/【ふたりといる夜のこと】風野灯織/ある公演の夜の話.csv,55,3002018020500,真乃,"ひとりだけ特別になっちゃうのは
やっぱり、ダメかなって思ったり……",風野灯織,【ふたりといる夜のこと】風野灯織,ある公演の夜の話
風野灯織/【ふたりといる夜のこと】風野灯織/ある公演の夜の話.csv,60,3002018020550,真乃,びっくりしたね……,風野灯織,【ふたりといる夜のこと】風野灯織,ある公演の夜の話
風野灯織/【ふたりといる夜のこと】風野灯織/ある公演の夜の話.csv,62,3002018020570,真乃,ふふっ,風野灯織,【ふたりといる夜のこと】風野灯織,ある公演の夜の話
風野灯織/【ふたりといる夜のこと】風野灯織/ある公演の夜の話.csv,68,3002018020630,真乃,ふふっ,風野灯織,【ふたりといる夜のこと】風野灯織,ある公演の夜の話
風野灯織/【ふたりといる夜のこと】風野灯織/ある公演の夜の話.csv,71,3002018020660,真乃,ほわ……,風野灯織,【ふたりといる夜のこと】風野灯織,ある公演の夜の話
風野灯織/【ふたりといる夜のこと】風野灯織/ある公演の夜の話.csv,72,3002018020670,真乃,会場のご迷惑になっちゃうね……,風野灯織,【ふたりといる夜のこと】風野灯織,ある公演の夜の話
風野灯織/【ふたりといる夜のこと】風野灯織/ある公演の夜の話.csv,74,3002018020681,真乃＆めぐる,うんっ,風野灯織,【ふたりといる夜のこと】風野灯織,ある公演の夜の話
風野灯織/【ふたりといる夜のこと】風野灯織/今はこんな夜もあって.csv,2,3002018010010,真乃,"……
お味噌汁かな……っ",風野灯織,【ふたりといる夜のこと】風野灯織,今はこんな夜もあって
風野灯織/【ふたりといる夜のこと】風野灯織/今はこんな夜もあって.csv,4,3002018010030,真乃,"……美味しそう……っ
灯織ちゃんは……？",風野灯織,【ふたりといる夜のこと】風野灯織,今はこんな夜もあって
風野灯織/【ふたりといる夜のこと】風野灯織/今はこんな夜もあって.csv,8,3002018010070,真乃,"……うん
今日はずっとみたい……",風野灯織,【ふたりといる夜のこと】風野灯織,今はこんな夜もあって
風野灯織/【ふたりといる夜のこと】風野灯織/今はこんな夜もあって.csv,13,3002018010120,真乃,"……そっか、灯織ちゃん
お夕飯の買い出しとか行かなくちゃだから……",風野灯織,【ふたりといる夜のこと】風野灯織,今はこんな夜もあって
風野灯織/【ふたりといる夜のこと】風野灯織/今はこんな夜もあって.csv,14,3002018010130,真乃,"……お買い物、雨の日だと
ちょっと大変そうだね……",風野灯織,【ふたりといる夜のこと】風野灯織,今はこんな夜もあって
風野灯織/【ふたりといる夜のこと】風野灯織/今はこんな夜もあって.csv,19,3002018010180,真乃,……ふふ、うん,風野灯織,【ふたりといる夜のこと】風野灯織,今はこんな夜もあって
風野灯織/【ふたりといる夜のこと】風野灯織/今はこんな夜もあって.csv,21,3002018010200,真乃,……ほわっ,風野灯織,【ふたりといる夜のこと】風野灯織,今はこんな夜もあって
風野灯織/【ふたりといる夜のこと】風野灯織/今はこんな夜もあって.csv,23,3002018010211,真乃＆めぐる,？,風野灯織,【ふたりといる夜のこと】風野灯織,今はこんな夜もあって
風野灯織/【ふたりといる夜のこと】風野灯織/今はこんな夜もあって.csv,26,3002018010231,真乃＆めぐる,…………,風野灯織,【ふたりといる夜のこと】風野灯織,今はこんな夜もあって
風野灯織/【ふたりといる夜のこと】風野灯織/今はこんな夜もあって.csv,29,3002018010260,真乃,"うん……っ
いつもと違って、なんだか楽しいな……",風野灯織,【ふたりといる夜のこと】風野灯織,今はこんな夜もあって
風野灯織/【ふたりといる夜のこと】風野灯織/今はこんな夜もあって.csv,33,3002018010300,真乃,…………ほわ,風野灯織,【ふたりといる夜のこと】風野灯織,今はこんな夜もあって
風野灯織/【ふたりといる夜のこと】風野灯織/今はこんな夜もあって.csv,36,3002018010330,真乃,"……あ、えっと……
あの自販機、ちょっと気になっちゃって……",風野灯織,【ふたりといる夜のこと】風野灯織,今はこんな夜もあって
風野灯織/【ふたりといる夜のこと】風野灯織/今はこんな夜もあって.csv,38,3002018010350,真乃,"う、うん……
コーンポタージュ、おしるこ、甘酒……──",風野灯織,【ふたりといる夜のこと】風野灯織,今はこんな夜もあって
風野灯織/【ふたりといる夜のこと】風野灯織/今はこんな夜もあって.csv,42,3002018010390,真乃,……わ,風野灯織,【ふたりといる夜のこと】風野灯織,今はこんな夜もあって
風野灯織/【ふたりといる夜のこと】風野灯織/今はこんな夜もあって.csv,47,3002018010440,真乃,"……ふふ、うん
賛成──",風野灯織,【ふたりといる夜のこと】風野灯織,今はこんな夜もあって
風野灯織/【ふたりといる夜のこと】風野灯織/今はこんな夜もあって.csv,48,3002018010450,真乃,"……
お味噌汁かな……っ",風野灯織,【ふたりといる夜のこと】風野灯織,今はこんな夜もあって
風野灯織/【ふたりといる夜のこと】風野灯織/今はこんな夜もあって.csv,50,3002018010470,真乃,"……美味しそう……っ
灯織ちゃんは……？",風野灯織,【ふたりといる夜のこと】風野灯織,今はこんな夜もあって
風野灯織/【ふたりといる夜のこと】風野灯織/今はこんな夜もあって.csv,54,3002018010510,真乃,……わ、美味しそう……っ,風野灯織,【ふたりといる夜のこと】風野灯織,今はこんな夜もあって
風野灯織/【ふたりといる夜のこと】風野灯織/今はこんな夜もあって.csv,55,3002018010520,真乃,私も灯織ちゃんの真似してもいいかな……？,風野灯織,【ふたりといる夜のこと】風野灯織,今はこんな夜もあって
風野灯織/【ふたりといる夜のこと】風野灯織/今はこんな夜もあって.csv,59,3002018010560,真乃,"……ほわぁ
う、うん……っ",風野灯織,【ふたりといる夜のこと】風野灯織,今はこんな夜もあって
風野灯織/【ふたりといる夜のこと】風野灯織/今はこんな夜もあって.csv,63,3002018010600,真乃,はいっ,風野灯織,【ふたりといる夜のこと】風野灯織,今はこんな夜もあって
風野灯織/【ふたりといる夜のこと】風野灯織/今はこんな夜もあって.csv,66,3002018010621,真乃＆めぐる,はーい,風野灯織,【ふたりといる夜のこと】風野灯織,今はこんな夜もあって
風野灯織/【ふたりといる夜のこと】風野灯織/夜は長くて短い.csv,4,3002018030030,真乃,ふふふっ,風野灯織,【ふたりといる夜のこと】風野灯織,夜は長くて短い
風野灯織/【ふたりといる夜のこと】風野灯織/夜は長くて短い.csv,5,3002018030040,真乃,めぐるちゃん、お疲れさま……,風野灯織,【ふたりといる夜のこと】風野灯織,夜は長くて短い
風野灯織/【ふたりといる夜のこと】風野灯織/夜は長くて短い.csv,10,3002018030090,真乃,"……楽しくて
あっという間だった……っ",風野灯織,【ふたりといる夜のこと】風野灯織,夜は長くて短い
風野灯織/【ふたりといる夜のこと】風野灯織/夜は長くて短い.csv,11,3002018030100,真乃,"あのね、灯織ちゃんとめぐるちゃんにもって
おみやげもいただいたの……",風野灯織,【ふたりといる夜のこと】風野灯織,夜は長くて短い
風野灯織/【ふたりといる夜のこと】風野灯織/夜は長くて短い.csv,12,3002018030110,真乃,事務所にあるから、明日渡すね,風野灯織,【ふたりといる夜のこと】風野灯織,夜は長くて短い
風野灯織/【ふたりといる夜のこと】風野灯織/夜は長くて短い.csv,15,3002018030140,真乃,"ふふ……
お楽しみに……っ",風野灯織,【ふたりといる夜のこと】風野灯織,夜は長くて短い
風野灯織/【ふたりといる夜のこと】風野灯織/夜は長くて短い.csv,16,3002018030150,真乃,"灯織ちゃんは……
ラジオのゲストだったよね",風野灯織,【ふたりといる夜のこと】風野灯織,夜は長くて短い
風野灯織/【ふたりといる夜のこと】風野灯織/夜は長くて短い.csv,20,3002018030190,真乃,……うんっ,風野灯織,【ふたりといる夜のこと】風野灯織,夜は長くて短い
風野灯織/【ふたりといる夜のこと】風野灯織/夜は長くて短い.csv,21,3002018030200,真乃,"……今日は、みんなバラバラだったけど、
明日は一緒に打合せだね……",風野灯織,【ふたりといる夜のこと】風野灯織,夜は長くて短い
風野灯織/【ふたりといる夜のこと】風野灯織/夜は長くて短い.csv,22,3002018030210,真乃,集まれるのうれしいなっ,風野灯織,【ふたりといる夜のこと】風野灯織,夜は長くて短い
風野灯織/【ふたりといる夜のこと】風野灯織/夜は長くて短い.csv,26,3002018030250,真乃,"……ふふ
ふたりとお話するの楽しいから……",風野灯織,【ふたりといる夜のこと】風野灯織,夜は長くて短い
風野灯織/【ふたりといる夜のこと】風野灯織/夜は長くて短い.csv,27,3002018030260,真乃,"こんなことがあったよって、
こうして伝えられるのもうれしいな……",風野灯織,【ふたりといる夜のこと】風野灯織,夜は長くて短い
風野灯織/【ふたりといる夜のこと】風野灯織/夜は長くて短い.csv,31,3002018030300,真乃,うん,風野灯織,【ふたりといる夜のこと】風野灯織,夜は長くて短い
風野灯織/【ふたりといる夜のこと】風野灯織/夜は長くて短い.csv,32,3002018030301,真乃＆灯織,…………,風野灯織,【ふたりといる夜のこと】風野灯織,夜は長くて短い
風野灯織/【ふたりといる夜のこと】風野灯織/夜は長くて短い.csv,33,3002018030310,真乃,ほわ……,風野灯織,【ふたりといる夜のこと】風野灯織,夜は長くて短い
風野灯織/【ふたりといる夜のこと】風野灯織/夜は長くて短い.csv,36,3002018030340,真乃,……めぐるちゃん……？,風野灯織,【ふたりといる夜のこと】風野灯織,夜は長くて短い
風野灯織/【ふたりといる夜のこと】風野灯織/夜は長くて短い.csv,37,3002018030341,真乃＆灯織,…………,風野灯織,【ふたりといる夜のこと】風野灯織,夜は長くて短い
風野灯織/【ふたりといる夜のこと】風野灯織/夜は長くて短い.csv,39,3002018030360,真乃,"う、うん……
『ちょっと遠くまで行った』って言ってたから……",風野灯織,【ふたりといる夜のこと】風野灯織,夜は長くて短い
風野灯織/【ふたりといる夜のこと】風野灯織/夜は長くて短い.csv,40,3002018030370,真乃,いつもより疲れてたのかも,風野灯織,【ふたりといる夜のこと】風野灯織,夜は長くて短い
風野灯織/【ふたりといる夜のこと】風野灯織/夜は長くて短い.csv,43,3002018030400,真乃,……たくさん寝て、たくさん休めたらいいな,風野灯織,【ふたりといる夜のこと】風野灯織,夜は長くて短い
風野灯織/【ふたりといる夜のこと】風野灯織/夜は長くて短い.csv,47,3002018030440,真乃,そうだねっ,風野灯織,【ふたりといる夜のこと】風野灯織,夜は長くて短い
風野灯織/【ふたりといる夜のこと】風野灯織/夜は長くて短い.csv,48,3002018030450,真乃,"じゃあ……
また明日、灯織ちゃん",風野灯織,【ふたりといる夜のこと】風野灯織,夜は長くて短い
風野灯織/【ふたりといる夜のこと】風野灯織/夜は長くて短い.csv,49,3002018030460,真乃,おやすみなさい,風野灯織,【ふたりといる夜のこと】風野灯織,夜は長くて短い
風野灯織/【ふたりといる夜のこと】風野灯織/夜は長くて短い.csv,53,3002018030500,真乃,"おやすみなさい、めぐるちゃん
疲れてるのにごめんね、ありがとう",風野灯織,【ふたりといる夜のこと】風野灯織,夜は長くて短い
風野灯織/【ふたりといる夜のこと】風野灯織/夜は長くて短い.csv,56,3002018030530,真乃,"……うん
ありがとう灯織ちゃん",風野灯織,【ふたりといる夜のこと】風野灯織,夜は長くて短い
風野灯織/【ふたりといる夜のこと】風野灯織/夜は長くて短い.csv,59,3002018030560,真乃,おやすみなさい,風野灯織,【ふたりといる夜のこと】風野灯織,夜は長くて短い
風野灯織/【みんなと結んだもの】風野灯織/お返しには甘さを添えて.csv,6,3002005030050,真乃,"うんっ、『この間はありがとうございます』って
めぐるちゃんは？",風野灯織,【みんなと結んだもの】風野灯織,お返しには甘さを添えて
風野灯織/【みんなと結んだもの】風野灯織/お返しには甘さを添えて.csv,13,3002005030120,真乃,うんっ、私も行ってみたいな,風野灯織,【みんなと結んだもの】風野灯織,お返しには甘さを添えて
風野灯織/【みんなと結んだもの】風野灯織/お返しには甘さを添えて.csv,16,3002005030150,真乃,"ふふっ、ほんとだね
芝生で横になったら気持ちよさそう",風野灯織,【みんなと結んだもの】風野灯織,お返しには甘さを添えて
風野灯織/【みんなと結んだもの】風野灯織/お返しには甘さを添えて.csv,21,3002005030200,真乃,"ほわ……
きゅ、急にどうしたの、灯織ちゃん……？",風野灯織,【みんなと結んだもの】風野灯織,お返しには甘さを添えて
風野灯織/【みんなと結んだもの】風野灯織/お返しには甘さを添えて.csv,28,3002005030270,真乃,灯織ちゃん！,風野灯織,【みんなと結んだもの】風野灯織,お返しには甘さを添えて
風野灯織/【みんなと結んだもの】風野灯織/お返しには甘さを添えて.csv,30,3002005030290,真乃,"あの、私ねっ。苦手なことから逃げない灯織ちゃんを見て、
すごいなって……",風野灯織,【みんなと結んだもの】風野灯織,お返しには甘さを添えて
風野灯織/【みんなと結んだもの】風野灯織/お返しには甘さを添えて.csv,31,3002005030300,真乃,灯織ちゃんみたいになりたいなって、そう思ったよっ,風野灯織,【みんなと結んだもの】風野灯織,お返しには甘さを添えて
風野灯織/【みんなと結んだもの】風野灯織/お返しには甘さを添えて.csv,38,3002005030370,真乃,ほわぁ……ラッピング、可愛いなぁ,風野灯織,【みんなと結んだもの】風野灯織,お返しには甘さを添えて
風野灯織/【みんなと結んだもの】風野灯織/お返しには甘さを添えて.csv,43,3002005030420,真乃,ありがとう、灯織ちゃんっ,風野灯織,【みんなと結んだもの】風野灯織,お返しには甘さを添えて
風野灯織/【みんなと結んだもの】風野灯織/お返しには甘さを添えて.csv,45,3002005030440,真乃,"……私、このカップケーキと一緒に写真が撮りたいな
灯織ちゃんとめぐるちゃんと、一緒にっ",風野灯織,【みんなと結んだもの】風野灯織,お返しには甘さを添えて
風野灯織/【みんなと結んだもの】風野灯織/お返しには甘さを添えて.csv,52,3002005030510,真乃,じゃあ、いただきますっ,風野灯織,【みんなと結んだもの】風野灯織,お返しには甘さを添えて
風野灯織/【みんなと結んだもの】風野灯織/お返しには甘さを添えて.csv,54,3002005030530,真乃,"……甘くて、ふわふわだねぇっ
ほわぁ……",風野灯織,【みんなと結んだもの】風野灯織,お返しには甘さを添えて
風野灯織/【みんなと結んだもの】風野灯織/不安と安心と.csv,3,3002005010020,真乃,"うんっ
とっても素敵な色だったね",風野灯織,【みんなと結んだもの】風野灯織,不安と安心と
風野灯織/【みんなと結んだもの】風野灯織/不安と安心と.csv,7,3002005010060,真乃,灯織ちゃん？　……どうしたの？,風野灯織,【みんなと結んだもの】風野灯織,不安と安心と
風野灯織/【みんなと結んだもの】風野灯織/不安と安心と.csv,9,3002005010080,真乃,でも、なんだか顔色が悪いような気がして……,風野灯織,【みんなと結んだもの】風野灯織,不安と安心と
風野灯織/【みんなと結んだもの】風野灯織/不安と安心と.csv,16,3002005010150,真乃,"そ、そうだよね
こういうことって、まだ慣れないもんね……",風野灯織,【みんなと結んだもの】風野灯織,不安と安心と
風野灯織/【みんなと結んだもの】風野灯織/不安と安心と.csv,20,3002005010190,真乃,"ほわっ……じゃあきっと灯織ちゃんが
私たちのことも守ってくれてたんだね",風野灯織,【みんなと結んだもの】風野灯織,不安と安心と
風野灯織/【みんなと結んだもの】風野灯織/不安と安心と.csv,32,3002005010310,真乃,"うんっ
……あっ、灯織ちゃんめぐるちゃん、おみくじがあるよ",風野灯織,【みんなと結んだもの】風野灯織,不安と安心と
風野灯織/【みんなと結んだもの】風野灯織/不安と安心と.csv,34,3002005010330,真乃,うん、私もやりたいっ,風野灯織,【みんなと結んだもの】風野灯織,不安と安心と
風野灯織/【みんなと結んだもの】風野灯織/不安と安心と.csv,37,3002005010360,真乃,私は……これっ,風野灯織,【みんなと結んだもの】風野灯織,不安と安心と
風野灯織/【みんなと結んだもの】風野灯織/不安と安心と.csv,39,3002005010380,真乃,"ほわっ、めぐるちゃんも？
私も中吉だったよっ",風野灯織,【みんなと結んだもの】風野灯織,不安と安心と
風野灯織/【みんなと結んだもの】風野灯織/不安と安心と.csv,45,3002005010440,真乃,"……わかったよ灯織ちゃんっ
じゃあ……開くねっ、むんっ",風野灯織,【みんなと結んだもの】風野灯織,不安と安心と
風野灯織/【みんなと結んだもの】風野灯織/不安と安心と.csv,46,3002005010450,真乃,"……！！
灯織ちゃん、これ……！",風野灯織,【みんなと結んだもの】風野灯織,不安と安心と
風野灯織/【みんなと結んだもの】風野灯織/不安と安心と.csv,51,3002005010500,真乃,ふふ、そうだねっ,風野灯織,【みんなと結んだもの】風野灯織,不安と安心と
風野灯織/【みんなと結んだもの】風野灯織/幸運の彩りを繋いで.csv,3,3002005020020,真乃,"ほわぁ……
頑張らないと……むんっ",風野灯織,【みんなと結んだもの】風野灯織,幸運の彩りを繋いで
風野灯織/【みんなと結んだもの】風野灯織/幸運の彩りを繋いで.csv,8,3002005020070,真乃,"……！　灯織ちゃんっ
『人と人互いに力合わせてすれば良き道あり』だよっ",風野灯織,【みんなと結んだもの】風野灯織,幸運の彩りを繋いで
風野灯織/【みんなと結んだもの】風野灯織/幸運の彩りを繋いで.csv,11,3002005020100,真乃,"うんっ、私たちも一緒
みんなで力を合わせたら、なんだって大丈夫っ",風野灯織,【みんなと結んだもの】風野灯織,幸運の彩りを繋いで
風野灯織/【みんなと結んだもの】風野灯織/幸運の彩りを繋いで.csv,16,3002005020130,真乃,"みんなでお揃いのこの衣装……
私、とっても気に入ってるんだ",風野灯織,【みんなと結んだもの】風野灯織,幸運の彩りを繋いで
風野灯織/【みんなと結んだもの】風野灯織/幸運の彩りを繋いで.csv,25,3002005020220,真乃,ほわぁ……こんな偶然ってあるんだね！,風野灯織,【みんなと結んだもの】風野灯織,幸運の彩りを繋いで
風野灯織/【みんなと結んだもの】風野灯織/幸運の彩りを繋いで.csv,33,3002005020300,真乃,ふふ、本当だね、灯織ちゃんっ,風野灯織,【みんなと結んだもの】風野灯織,幸運の彩りを繋いで
風野灯織/【みんなと結んだもの】風野灯織/幸運の彩りを繋いで.csv,37,3002005020340,真乃,"——……本当ですか……ほわぁ……
いつも応援してくれて、ありがとうございますっ",風野灯織,【みんなと結んだもの】風野灯織,幸運の彩りを繋いで
風野灯織/【みんなと結んだもの】風野灯織/幸運の彩りを繋いで.csv,44,3002005020410,真乃,"……握手会、色んなお話ができて
とっても嬉しかったなぁ",風野灯織,【みんなと結んだもの】風野灯織,幸運の彩りを繋いで
風野灯織/【みんなと結んだもの】風野灯織/幸運の彩りを繋いで.csv,53,3002005020500,真乃,ふふっ、これからも３人なら大丈夫だねっ,風野灯織,【みんなと結んだもの】風野灯織,幸運の彩りを繋いで
風野灯織/【みんなと結んだもの】風野灯織/幸運の彩りを繋いで.csv,56,3002005020530,真乃,"ほわぁ……良いと思うっ
ありがとうは、きちんと言いに行かなきゃだよねっ",風野灯織,【みんなと結んだもの】風野灯織,幸運の彩りを繋いで
風野灯織/【クローズ・ドゥ・ユー】風野灯織/にらめっこしましょ.csv,3,3002011010020,真乃,"うんっ、えっとね、
野生に戻れない子たちの保護も兼ねてるところで……",風野灯織,【クローズ・ドゥ・ユー】風野灯織,にらめっこしましょ
風野灯織/【クローズ・ドゥ・ユー】風野灯織/にらめっこしましょ.csv,4,3002011010030,真乃,色んな動物さんと触れ合ったりできるみたいなんだ……っ,風野灯織,【クローズ・ドゥ・ユー】風野灯織,にらめっこしましょ
風野灯織/【クローズ・ドゥ・ユー】風野灯織/にらめっこしましょ.csv,5,3002011010040,真乃,"この雑誌の記事を見た時、灯織ちゃんとめぐるちゃんと
行ってみたいなって思って……っ",風野灯織,【クローズ・ドゥ・ユー】風野灯織,にらめっこしましょ
風野灯織/【クローズ・ドゥ・ユー】風野灯織/にらめっこしましょ.csv,6,3002011010050,真乃,"えっと、猫さんとか、うさぎさんとか
ハリネズミさんとかがいて……",風野灯織,【クローズ・ドゥ・ユー】風野灯織,にらめっこしましょ
風野灯織/【クローズ・ドゥ・ユー】風野灯織/にらめっこしましょ.csv,7,3002011010060,真乃,"……あ、あとっ
フクロウさんもいるところなのっ",風野灯織,【クローズ・ドゥ・ユー】風野灯織,にらめっこしましょ
風野灯織/【クローズ・ドゥ・ユー】風野灯織/にらめっこしましょ.csv,14,3002011010121,真乃＆めぐる,うんっ,風野灯織,【クローズ・ドゥ・ユー】風野灯織,にらめっこしましょ
風野灯織/【クローズ・ドゥ・ユー】風野灯織/にらめっこしましょ.csv,28,3002011010260,真乃,"……ふふっ
猫さん、気持ちよさそう……っ",風野灯織,【クローズ・ドゥ・ユー】風野灯織,にらめっこしましょ
風野灯織/【クローズ・ドゥ・ユー】風野灯織/にらめっこしましょ.csv,30,3002011010280,真乃,"うんっ、灯織ちゃんの手、とっても優しいから……
撫でてもらうのいいなって思ってるみたい……っ",風野灯織,【クローズ・ドゥ・ユー】風野灯織,にらめっこしましょ
風野灯織/【クローズ・ドゥ・ユー】風野灯織/にらめっこしましょ.csv,39,3002011010370,真乃,うん、そうだね、めぐるちゃんの言う通りかも……っ,風野灯織,【クローズ・ドゥ・ユー】風野灯織,にらめっこしましょ
風野灯織/【クローズ・ドゥ・ユー】風野灯織/にらめっこしましょ.csv,40,3002011010380,真乃,"……中には、今は遊ばなくてもいいなって
思ってる子もいるかもしれなくて……",風野灯織,【クローズ・ドゥ・ユー】風野灯織,にらめっこしましょ
風野灯織/【クローズ・ドゥ・ユー】風野灯織/にらめっこしましょ.csv,41,3002011010390,真乃,"そういう子が、素っ気なかったり、
どこかへ行っちゃったりすることもあるんだけど……",風野灯織,【クローズ・ドゥ・ユー】風野灯織,にらめっこしましょ
風野灯織/【クローズ・ドゥ・ユー】風野灯織/にらめっこしましょ.csv,42,3002011010400,真乃,"でも、遊びたいか、そうじゃないかは、
遊ぼうって言ってみないとわからないなって……っ",風野灯織,【クローズ・ドゥ・ユー】風野灯織,にらめっこしましょ
風野灯織/【クローズ・ドゥ・ユー】風野灯織/にらめっこしましょ.csv,50,3002011010480,真乃,"いっぱい撫でて気持ちよくしてもらったから、
『もういいよっ』ってことなのかも……っ",風野灯織,【クローズ・ドゥ・ユー】風野灯織,にらめっこしましょ
風野灯織/【クローズ・ドゥ・ユー】風野灯織/にらめっこしましょ.csv,54,3002011010511,真乃＆めぐる,……！,風野灯織,【クローズ・ドゥ・ユー】風野灯織,にらめっこしましょ
風野灯織/【クローズ・ドゥ・ユー】風野灯織/にらめっこしましょ.csv,56,3002011010530,真乃,"うんっ
私、きっとめぐるちゃんと同じこと考えてると思うなっ",風野灯織,【クローズ・ドゥ・ユー】風野灯織,にらめっこしましょ
風野灯織/【クローズ・ドゥ・ユー】風野灯織/にらめっこしましょ.csv,65,3002011010620,真乃,"ふふっ、灯織ちゃんとフクロウさん、
今も、にらめっこして遊んでるみたいだなって思うよっ",風野灯織,【クローズ・ドゥ・ユー】風野灯織,にらめっこしましょ
風野灯織/【レンズの先に見えたもの】風野灯織/【レンズの先に見えたもの】風野灯織01.csv,3,3002022010020,真乃,"めぐるちゃん……？
……それって……",風野灯織,【レンズの先に見えたもの】風野灯織,【レンズの先に見えたもの】風野灯織01
風野灯織/【レンズの先に見えたもの】風野灯織/【レンズの先に見えたもの】風野灯織01.csv,8,3002022010070,真乃,"会社員……大人の人の役……
……ちょっと、緊張するかも……",風野灯織,【レンズの先に見えたもの】風野灯織,【レンズの先に見えたもの】風野灯織01
風野灯織/【レンズの先に見えたもの】風野灯織/【レンズの先に見えたもの】風野灯織01.csv,16,3002022010141,真乃＆めぐる,私も……,風野灯織,【レンズの先に見えたもの】風野灯織,【レンズの先に見えたもの】風野灯織01
風野灯織/【レンズの先に見えたもの】風野灯織/【レンズの先に見えたもの】風野灯織01.csv,19,3002022010170,真乃,ほわっ……,風野灯織,【レンズの先に見えたもの】風野灯織,【レンズの先に見えたもの】風野灯織01
風野灯織/【レンズの先に見えたもの】風野灯織/【レンズの先に見えたもの】風野灯織01.csv,22,3002022010200,真乃,ふふっ……楽しみ,風野灯織,【レンズの先に見えたもの】風野灯織,【レンズの先に見えたもの】風野灯織01
風野灯織/【レンズの先に見えたもの】風野灯織/【レンズの先に見えたもの】風野灯織01.csv,25,3002022010230,真乃,うん……っ,風野灯織,【レンズの先に見えたもの】風野灯織,【レンズの先に見えたもの】風野灯織01
風野灯織/【レンズの先に見えたもの】風野灯織/【レンズの先に見えたもの】風野灯織01.csv,27,3002022010250,真乃,"……灯織ちゃんもめぐるちゃんも
すごく似合ってて、素敵だったよ",風野灯織,【レンズの先に見えたもの】風野灯織,【レンズの先に見えたもの】風野灯織01
風野灯織/【レンズの先に見えたもの】風野灯織/【レンズの先に見えたもの】風野灯織01.csv,29,3002022010270,真乃,"ふふっ……背筋がぴんって伸びて
いつもの自分じゃないみたいだった……",風野灯織,【レンズの先に見えたもの】風野灯織,【レンズの先に見えたもの】風野灯織01
風野灯織/【レンズの先に見えたもの】風野灯織/【レンズの先に見えたもの】風野灯織01.csv,40,3002022010380,真乃,"うん……
私も、面白くて止まらなくて……",風野灯織,【レンズの先に見えたもの】風野灯織,【レンズの先に見えたもの】風野灯織01
風野灯織/【レンズの先に見えたもの】風野灯織/【レンズの先に見えたもの】風野灯織01.csv,45,3002022010430,真乃,"予想がつかないな……
生まれる前の、肌で感じたことのない時代……",風野灯織,【レンズの先に見えたもの】風野灯織,【レンズの先に見えたもの】風野灯織01
風野灯織/【レンズの先に見えたもの】風野灯織/【レンズの先に見えたもの】風野灯織01.csv,50,3002022010480,真乃,"うん
私も大丈夫だよ",風野灯織,【レンズの先に見えたもの】風野灯織,【レンズの先に見えたもの】風野灯織01
風野灯織/【レンズの先に見えたもの】風野灯織/【レンズの先に見えたもの】風野灯織01.csv,52,3002022010491,真乃＆灯織,ほわ,風野灯織,【レンズの先に見えたもの】風野灯織,【レンズの先に見えたもの】風野灯織01
風野灯織/【レンズの先に見えたもの】風野灯織/【レンズの先に見えたもの】風野灯織01.csv,55,3002022010520,真乃,ふふっ……,風野灯織,【レンズの先に見えたもの】風野灯織,【レンズの先に見えたもの】風野灯織01
風野灯織/【レンズの先に見えたもの】風野灯織/【レンズの先に見えたもの】風野灯織02.csv,6,3002022020020,真乃,"ぜひドラマを観ながらわくわくしたり
ドキドキしていただけたらうれしいです……っ",風野灯織,【レンズの先に見えたもの】風野灯織,【レンズの先に見えたもの】風野灯織02
風野灯織/【レンズの先に見えたもの】風野灯織/【レンズの先に見えたもの】風野灯織02.csv,16,3002022020060,真乃,"30年前の生活の一部を切り取っているように
ちゃんと、見せられるよう……",風野灯織,【レンズの先に見えたもの】風野灯織,【レンズの先に見えたもの】風野灯織02
風野灯織/【レンズの先に見えたもの】風野灯織/【レンズの先に見えたもの】風野灯織02.csv,17,3002022020070,真乃,"父や母に聞いたり、本を読んだりしてから
撮影に臨みました……っ",風野灯織,【レンズの先に見えたもの】風野灯織,【レンズの先に見えたもの】風野灯織02
風野灯織/【レンズの先に見えたもの】風野灯織/【レンズの先に見えたもの】風野灯織02.csv,28,3002022020130,真乃,ちょうど、このシーンを撮影した日だったよね……？,風野灯織,【レンズの先に見えたもの】風野灯織,【レンズの先に見えたもの】風野灯織02
風野灯織/【レンズの先に見えたもの】風野灯織/【レンズの先に見えたもの】風野灯織02.csv,38,3002022020181,真乃＆灯織,うん……,風野灯織,【レンズの先に見えたもの】風野灯織,【レンズの先に見えたもの】風野灯織02
風野灯織/【レンズの先に見えたもの】風野灯織/【レンズの先に見えたもの】風野灯織02.csv,49,3002022020220,真乃,"……えっと……
未来は、とっておきたいかも……なので……",風野灯織,【レンズの先に見えたもの】風野灯織,【レンズの先に見えたもの】風野灯織02
風野灯織/【レンズの先に見えたもの】風野灯織/【レンズの先に見えたもの】風野灯織02.csv,50,3002022020230,真乃,"……美味しかったパフェを、もう一回
食べられたら……とかでも、大丈夫ですか……？",風野灯織,【レンズの先に見えたもの】風野灯織,【レンズの先に見えたもの】風野灯織02
風野灯織/【レンズの先に見えたもの】風野灯織/【レンズの先に見えたもの】風野灯織03.csv,4,3002022030020,真乃,"うん……
合成って、全然わからないかも……",風野灯織,【レンズの先に見えたもの】風野灯織,【レンズの先に見えたもの】風野灯織03
風野灯織/【レンズの先に見えたもの】風野灯織/【レンズの先に見えたもの】風野灯織03.csv,8,3002022030060,真乃,"そうだね
すっごく、楽しかったから……",風野灯織,【レンズの先に見えたもの】風野灯織,【レンズの先に見えたもの】風野灯織03
風野灯織/【レンズの先に見えたもの】風野灯織/【レンズの先に見えたもの】風野灯織03.csv,12,3002022030100,真乃,"素敵な記事にしてくださって
うれしいな……",風野灯織,【レンズの先に見えたもの】風野灯織,【レンズの先に見えたもの】風野灯織03
風野灯織/【レンズの先に見えたもの】風野灯織/【レンズの先に見えたもの】風野灯織03.csv,13,3002022030110,真乃,"このなかに
思い出がいっぱい詰まってるから……",風野灯織,【レンズの先に見えたもの】風野灯織,【レンズの先に見えたもの】風野灯織03
風野灯織/【レンズの先に見えたもの】風野灯織/【レンズの先に見えたもの】風野灯織03.csv,43,3002022030311,真乃＆めぐる,……,風野灯織,【レンズの先に見えたもの】風野灯織,【レンズの先に見えたもの】風野灯織03
風野灯織/【レンズの先に見えたもの】風野灯織/【レンズの先に見えたもの】風野灯織03.csv,45,3002022030330,真乃,……？,風野灯織,【レンズの先に見えたもの】風野灯織,【レンズの先に見えたもの】風野灯織03
風野灯織/【レンズの先に見えたもの】風野灯織/【レンズの先に見えたもの】風野灯織03.csv,46,3002022030340,真乃,灯織ちゃん……？,風野灯織,【レンズの先に見えたもの】風野灯織,【レンズの先に見えたもの】風野灯織03
風野灯織/【レンズの先に見えたもの】風野灯織/【レンズの先に見えたもの】風野灯織03.csv,51,3002022030390,真乃,"ちょうど
ドラマも観終わっちゃった……",風野灯織,【レンズの先に見えたもの】風野灯織,【レンズの先に見えたもの】風野灯織03
風野灯織/【レンズの先に見えたもの】風野灯織/【レンズの先に見えたもの】風野灯織03.csv,54,3002022030411,真乃＆めぐる,うん……っ,風野灯織,【レンズの先に見えたもの】風野灯織,【レンズの先に見えたもの】風野灯織03
風野灯織/【優雅に願いをかけて】風野灯織/1.オマジナイをかけて (1).csv,7,3002023010060,真乃,"……灯織ちゃん、走ってきたの？　
顔が少し赤くなってる……",風野灯織,【優雅に願いをかけて】風野灯織,1.オマジナイをかけて (1)
風野灯織/【優雅に願いをかけて】風野灯織/1.オマジナイをかけて (1).csv,10,3002023010090,真乃,"ほんとだ……
私の手じゃ、温めきれないかも……",風野灯織,【優雅に願いをかけて】風野灯織,1.オマジナイをかけて (1)
風野灯織/【優雅に願いをかけて】風野灯織/1.オマジナイをかけて (1).csv,12,3002023010110,真乃,"うん……っ
えっと……温かい飲み物、いれてくるね……っ",風野灯織,【優雅に願いをかけて】風野灯織,1.オマジナイをかけて (1)
風野灯織/【優雅に願いをかけて】風野灯織/1.オマジナイをかけて (1).csv,18,3002023010170,真乃,"お待たせ……っ
灯織ちゃん、温かい紅茶だよ",風野灯織,【優雅に願いをかけて】風野灯織,1.オマジナイをかけて (1)
風野灯織/【優雅に願いをかけて】風野灯織/1.オマジナイをかけて (1).csv,22,3002023010201,真乃＆めぐる,よかった……っ,風野灯織,【優雅に願いをかけて】風野灯織,1.オマジナイをかけて (1)
風野灯織/【優雅に願いをかけて】風野灯織/1.オマジナイをかけて (1).csv,26,3002023010240,真乃,じゃあ、用意するね,風野灯織,【優雅に願いをかけて】風野灯織,1.オマジナイをかけて (1)
風野灯織/【優雅に願いをかけて】風野灯織/1.オマジナイをかけて (1).csv,28,3002023010260,真乃,……いっぱい、思いつくけど……,風野灯織,【優雅に願いをかけて】風野灯織,1.オマジナイをかけて (1)
風野灯織/【優雅に願いをかけて】風野灯織/1.オマジナイをかけて (1).csv,33,3002023010310,真乃,ほわ……アフタヌーンティー……っ,風野灯織,【優雅に願いをかけて】風野灯織,1.オマジナイをかけて (1)
風野灯織/【優雅に願いをかけて】風野灯織/1.オマジナイをかけて (1).csv,37,3002023010350,真乃,"うん、ゆっくりお茶を飲みながら
お話を楽しめるって……",風野灯織,【優雅に願いをかけて】風野灯織,1.オマジナイをかけて (1)
風野灯織/【優雅に願いをかけて】風野灯織/1.オマジナイをかけて (1).csv,38,3002023010360,真乃,"灯織ちゃんとめぐるちゃんとなら
きっとすごく楽しいかも……",風野灯織,【優雅に願いをかけて】風野灯織,1.オマジナイをかけて (1)
風野灯織/【優雅に願いをかけて】風野灯織/1.オマジナイをかけて (1).csv,43,3002023010410,真乃,うん……っ,風野灯織,【優雅に願いをかけて】風野灯織,1.オマジナイをかけて (1)
風野灯織/【優雅に願いをかけて】風野灯織/1.オマジナイをかけて (1).csv,47,3002023010450,真乃,なかなかいい日が見つからないね……,風野灯織,【優雅に願いをかけて】風野灯織,1.オマジナイをかけて (1)
風野灯織/【優雅に願いをかけて】風野灯織/1.オマジナイをかけて (1).csv,54,3002023010520,真乃,それじゃあ、私も口に出して……,風野灯織,【優雅に願いをかけて】風野灯織,1.オマジナイをかけて (1)
風野灯織/【優雅に願いをかけて】風野灯織/1.オマジナイをかけて (1).csv,55,3002023010530,真乃,"灯織ちゃんとめぐるちゃんと
アフタヌーンティー……っ",風野灯織,【優雅に願いをかけて】風野灯織,1.オマジナイをかけて (1)
風野灯織/【優雅に願いをかけて】風野灯織/1.オマジナイをかけて (1).csv,58,3002023010560,真乃,"灯織ちゃんとめぐるちゃんと
お出かけ……っ",風野灯織,【優雅に願いをかけて】風野灯織,1.オマジナイをかけて (1)
風野灯織/【優雅に願いをかけて】風野灯織/2.オネガイを叶えて.csv,7,3002023020030,真乃,"お洋服も、ふわふわしてて
ケーキみたい……",風野灯織,【優雅に願いをかけて】風野灯織,2.オネガイを叶えて
風野灯織/【優雅に願いをかけて】風野灯織/2.オネガイを叶えて.csv,13,3002023020090,真乃,……？,風野灯織,【優雅に願いをかけて】風野灯織,2.オネガイを叶えて
風野灯織/【優雅に願いをかけて】風野灯織/2.オネガイを叶えて.csv,17,3002023020130,真乃,"うん……『コミュニケーションの場』として
お菓子とお茶を楽しむんだったよね",風野灯織,【優雅に願いをかけて】風野灯織,2.オネガイを叶えて
風野灯織/【優雅に願いをかけて】風野灯織/2.オネガイを叶えて.csv,24,3002023020191,真乃＆めぐる,ほわ……,風野灯織,【優雅に願いをかけて】風野灯織,2.オネガイを叶えて
風野灯織/【優雅に願いをかけて】風野灯織/2.オネガイを叶えて.csv,27,3002023020220,真乃,灯織ちゃん、すごく綺麗だよ……っ,風野灯織,【優雅に願いをかけて】風野灯織,2.オネガイを叶えて
風野灯織/【優雅に願いをかけて】風野灯織/2.オネガイを叶えて.csv,30,3002023020250,真乃,"えっと……
灯織さんのおすすめ、いただきますわ",風野灯織,【優雅に願いをかけて】風野灯織,2.オネガイを叶えて
風野灯織/【優雅に願いをかけて】風野灯織/2.オネガイを叶えて.csv,32,3002023020270,真乃,"『うん、どれも繊細で華やかで
紅茶の香りを運んでくれて……』",風野灯織,【優雅に願いをかけて】風野灯織,2.オネガイを叶えて
風野灯織/【優雅に願いをかけて】風野灯織/2.オネガイを叶えて.csv,36,3002023020310,真乃,『ほわっ……』,風野灯織,【優雅に願いをかけて】風野灯織,2.オネガイを叶えて
風野灯織/【優雅に願いをかけて】風野灯織/2.オネガイを叶えて.csv,38,3002023020330,真乃,"『えっと……
それは、楽しそうですわ』",風野灯織,【優雅に願いをかけて】風野灯織,2.オネガイを叶えて
風野灯織/【優雅に願いをかけて】風野灯織/2.オネガイを叶えて.csv,43,3002023020380,真乃,"『ええ、ぜひ
またやりたいですわ』",風野灯織,【優雅に願いをかけて】風野灯織,2.オネガイを叶えて
風野灯織/【優雅に願いをかけて】風野灯織/2.オネガイを叶えて.csv,51,3002023020440,真乃,『ふふっ』,風野灯織,【優雅に願いをかけて】風野灯織,2.オネガイを叶えて
風野灯織/【優雅に願いをかけて】風野灯織/2.オネガイを叶えて.csv,53,3002023020460,真乃,『うん、お嬢様になるのも忘れて……』,風野灯織,【優雅に願いをかけて】風野灯織,2.オネガイを叶えて
風野灯織/【優雅に願いをかけて】風野灯織/2.オネガイを叶えて.csv,56,3002023020481,真乃＆めぐる,『うん』,風野灯織,【優雅に願いをかけて】風野灯織,2.オネガイを叶えて
風野灯織/【守って！スターリー☆ナイト】風野灯織/きらめくひとかけら.csv,2,3002021020010,真乃,"はぁ……はぁ……
ここ、かな……",風野灯織,【守って！スターリー☆ナイト】風野灯織,きらめくひとかけら
風野灯織/【守って！スターリー☆ナイト】風野灯織/きらめくひとかけら.csv,6,3002021020040,真乃,"もしかして……
天文台の中から……？",風野灯織,【守って！スターリー☆ナイト】風野灯織,きらめくひとかけら
風野灯織/【守って！スターリー☆ナイト】風野灯織/きらめくひとかけら.csv,8,3002021020060,真乃,────待って……っ,風野灯織,【守って！スターリー☆ナイト】風野灯織,きらめくひとかけら
風野灯織/【守って！スターリー☆ナイト】風野灯織/きらめくひとかけら.csv,10,3002021020080,真乃,"誰か、来る……
あの子じゃないと思う……",風野灯織,【守って！スターリー☆ナイト】風野灯織,きらめくひとかけら
風野灯織/【守って！スターリー☆ナイト】風野灯織/きらめくひとかけら.csv,16,3002021020120,真乃,"……それじゃあ……
あれとか、試してみるのはどうかな……？",風野灯織,【守って！スターリー☆ナイト】風野灯織,きらめくひとかけら
風野灯織/【守って！スターリー☆ナイト】風野灯織/きらめくひとかけら.csv,22,3002021020170,真乃,真っ黒……,風野灯織,【守って！スターリー☆ナイト】風野灯織,きらめくひとかけら
風野灯織/【守って！スターリー☆ナイト】風野灯織/きらめくひとかけら.csv,29,3002021020190,真乃,……っ,風野灯織,【守って！スターリー☆ナイト】風野灯織,きらめくひとかけら
風野灯織/【守って！スターリー☆ナイト】風野灯織/きらめくひとかけら.csv,36,3002021020240,真乃,"……うん……
精一杯、やってみよう……",風野灯織,【守って！スターリー☆ナイト】風野灯織,きらめくひとかけら
風野灯織/【守って！スターリー☆ナイト】風野灯織/きらめくひとかけら.csv,39,3002021020270,真乃,うん……っ,風野灯織,【守って！スターリー☆ナイト】風野灯織,きらめくひとかけら
風野灯織/【守って！スターリー☆ナイト】風野灯織/きらめくひとかけら.csv,40,3002021020271,真乃＆めぐる,────！,風野灯織,【守って！スターリー☆ナイト】風野灯織,きらめくひとかけら
風野灯織/【守って！スターリー☆ナイト】風野灯織/きらめくひとかけら.csv,43,3002021020290,真乃,"灯織ちゃん……
今だよ……っ",風野灯織,【守って！スターリー☆ナイト】風野灯織,きらめくひとかけら
風野灯織/【守って！スターリー☆ナイト】風野灯織/きらめくひとかけら.csv,48,3002021020340,真乃,かっこよかったよ、灯織ちゃん……,風野灯織,【守って！スターリー☆ナイト】風野灯織,きらめくひとかけら
風野灯織/【守って！スターリー☆ナイト】風野灯織/きらめくひとかけら.csv,52,3002021020380,真乃,これで、12個目だね……,風野灯織,【守って！スターリー☆ナイト】風野灯織,きらめくひとかけら
風野灯織/【守って！スターリー☆ナイト】風野灯織/きらめくひとかけら.csv,54,3002021020400,真乃,"でも……一歩、近づいたんじゃないかな……
一人前の魔法使いに……っ",風野灯織,【守って！スターリー☆ナイト】風野灯織,きらめくひとかけら
風野灯織/【守って！スターリー☆ナイト】風野灯織/きらめくひとかけら.csv,59,3002021020430,真乃,……空、見てみて……,風野灯織,【守って！スターリー☆ナイト】風野灯織,きらめくひとかけら
風野灯織/【守って！スターリー☆ナイト】風野灯織/きらめくひとかけら.csv,67,3002021020480,真乃,お姉ちゃんたちと一緒に、帰ろう……？,風野灯織,【守って！スターリー☆ナイト】風野灯織,きらめくひとかけら
風野灯織/【守って！スターリー☆ナイト】風野灯織/見習い魔法使いは今日も.csv,10,3002021010070,真乃,"うん……私たちは、大丈夫だよ
……学校の、日直……？",風野灯織,【守って！スターリー☆ナイト】風野灯織,見習い魔法使いは今日も
風野灯織/【守って！スターリー☆ナイト】風野灯織/見習い魔法使いは今日も.csv,15,3002021010120,真乃,"……大変……
プリント、見つかった……？",風野灯織,【守って！スターリー☆ナイト】風野灯織,見習い魔法使いは今日も
風野灯織/【守って！スターリー☆ナイト】風野灯織/見習い魔法使いは今日も.csv,18,3002021010150,真乃,"あ……っ
めぐるちゃん……",風野灯織,【守って！スターリー☆ナイト】風野灯織,見習い魔法使いは今日も
風野灯織/【守って！スターリー☆ナイト】風野灯織/見習い魔法使いは今日も.csv,22,3002021010190,真乃,"……誰にも聞かれてないんじゃないかな……
みんな、遊ぶのに夢中みたいだから……",風野灯織,【守って！スターリー☆ナイト】風野灯織,見習い魔法使いは今日も
風野灯織/【守って！スターリー☆ナイト】風野灯織/見習い魔法使いは今日も.csv,26,3002021010230,真乃,……正体を隠し続けるの、難しいな……,風野灯織,【守って！スターリー☆ナイト】風野灯織,見習い魔法使いは今日も
風野灯織/【守って！スターリー☆ナイト】風野灯織/見習い魔法使いは今日も.csv,30,3002021010270,真乃,……11個、かな……,風野灯織,【守って！スターリー☆ナイト】風野灯織,見習い魔法使いは今日も
風野灯織/【守って！スターリー☆ナイト】風野灯織/見習い魔法使いは今日も.csv,33,3002021010290,真乃,"うん……
そうだね、私も……ふたりと一緒でよかった……",風野灯織,【守って！スターリー☆ナイト】風野灯織,見習い魔法使いは今日も
風野灯織/【守って！スターリー☆ナイト】風野灯織/見習い魔法使いは今日も.csv,38,3002021010330,真乃,"……これ……落としたよ
……はい、どうぞ……",風野灯織,【守って！スターリー☆ナイト】風野灯織,見習い魔法使いは今日も
風野灯織/【守って！スターリー☆ナイト】風野灯織/見習い魔法使いは今日も.csv,55,3002021010400,真乃,……そうだといいな……,風野灯織,【守って！スターリー☆ナイト】風野灯織,見習い魔法使いは今日も
風野灯織/【守って！スターリー☆ナイト】風野灯織/見習い魔法使いは今日も.csv,60,3002021010450,真乃,"ほわ……っ
イルミネーション・コンパクトが光ってる……",風野灯織,【守って！スターリー☆ナイト】風野灯織,見習い魔法使いは今日も
風野灯織/【守って！スターリー☆ナイト】風野灯織/見習い魔法使いは今日も.csv,61,3002021010460,真乃,こんばんは、お師匠様……,風野灯織,【守って！スターリー☆ナイト】風野灯織,見習い魔法使いは今日も
風野灯織/【宝石色のしおり】風野灯織/ただの石ころ.csv,27,3002012020260,真乃,うん……大丈夫かな？,風野灯織,【宝石色のしおり】風野灯織,ただの石ころ
風野灯織/【宝石色のしおり】風野灯織/ただの石ころ.csv,35,3002012020340,真乃,灯織ちゃんも急用って言ってたけど大丈夫？,風野灯織,【宝石色のしおり】風野灯織,ただの石ころ
風野灯織/【宝石色のしおり】風野灯織/ただの石ころ.csv,37,3002012020360,真乃,ううん。灯織ちゃんが大丈夫ならいいの……,風野灯織,【宝石色のしおり】風野灯織,ただの石ころ
風野灯織/【宝石色のしおり】風野灯織/ただの石ころ.csv,47,3002012020460,真乃,"私も、私の分をめぐるちゃんにもらったからっ
それは灯織ちゃんのだよ",風野灯織,【宝石色のしおり】風野灯織,ただの石ころ
風野灯織/【宝石色のしおり】風野灯織/ただの石ころ.csv,55,3002012020540,真乃,"あ、あのっ
じゃあ私からもっ……",風野灯織,【宝石色のしおり】風野灯織,ただの石ころ
風野灯織/【宝石色のしおり】風野灯織/ただの石ころ.csv,56,3002012020550,真乃,──灯織ちゃん、めぐるちゃんっ,風野灯織,【宝石色のしおり】風野灯織,ただの石ころ
風野灯織/【宝石色のしおり】風野灯織/ただの石ころ.csv,57,3002012020560,真乃,よかったらこれ……,風野灯織,【宝石色のしおり】風野灯織,ただの石ころ
風野灯織/【宝石色のしおり】風野灯織/ただの石ころ.csv,61,3002012020600,真乃,"うんっ……
ひとつの石から、お揃いを作ったの",風野灯織,【宝石色のしおり】風野灯織,ただの石ころ
風野灯織/【宝石色のしおり】風野灯織/ただの石ころ.csv,62,3002012020610,真乃,"よかったら……一緒に……っ
……あのね、灯織ちゃんに教えてもらったんだ",風野灯織,【宝石色のしおり】風野灯織,ただの石ころ
風野灯織/【宝石色のしおり】風野灯織/ただの石ころ.csv,63,3002012020620,真乃,この石、心をつなげてくれるんだって,風野灯織,【宝石色のしおり】風野灯織,ただの石ころ
風野灯織/【宝石色のしおり】風野灯織/ただの石ころ.csv,66,3002012020650,真乃,うんっ、私の方こそもらってくれたらうれしいな,風野灯織,【宝石色のしおり】風野灯織,ただの石ころ
風野灯織/【宝石色のしおり】風野灯織/ただの石ころ.csv,67,3002012020660,真乃,"灯織ちゃんはメノウのお守り持ってるから、もしかしたら
邪魔になっちゃうかな、とも思ったんだけど……",風野灯織,【宝石色のしおり】風野灯織,ただの石ころ
風野灯織/【宝石色のしおり】風野灯織/ただの石ころ.csv,73,3002012020711,真乃＆めぐる,ふふっ……,風野灯織,【宝石色のしおり】風野灯織,ただの石ころ
風野灯織/【宝石色のしおり】風野灯織/ただの石ころ.csv,74,3002012020712,真乃＆めぐる,届いてるよ、灯織ちゃん,風野灯織,【宝石色のしおり】風野灯織,ただの石ころ
風野灯織/【宝石色のしおり】風野灯織/たわいのない会話.csv,9,3002012030060,真乃,あ……っ,風野灯織,【宝石色のしおり】風野灯織,たわいのない会話
風野灯織/【宝石色のしおり】風野灯織/たわいのない会話.csv,17,3002012030131,真乃＆めぐる,──！,風野灯織,【宝石色のしおり】風野灯織,たわいのない会話
風野灯織/【宝石色のしおり】風野灯織/たわいのない会話.csv,21,3002012030170,真乃,し、しー……っ,風野灯織,【宝石色のしおり】風野灯織,たわいのない会話
風野灯織/【宝石色のしおり】風野灯織/たわいのない会話.csv,29,3002012030250,真乃,美味しいもんね……,風野灯織,【宝石色のしおり】風野灯織,たわいのない会話
風野灯織/【宝石色のしおり】風野灯織/たわいのない会話.csv,36,3002012030320,真乃,……あ,風野灯織,【宝石色のしおり】風野灯織,たわいのない会話
風野灯織/【宝石色のしおり】風野灯織/たわいのない会話.csv,37,3002012030330,真乃,そういえば、グルメ番組のディレクターさんが言ってたかも,風野灯織,【宝石色のしおり】風野灯織,たわいのない会話
風野灯織/【宝石色のしおり】風野灯織/たわいのない会話.csv,38,3002012030340,真乃,美味しいお店あったら教えてねって,風野灯織,【宝石色のしおり】風野灯織,たわいのない会話
風野灯織/【宝石色のしおり】風野灯織/たわいのない会話.csv,43,3002012030380,真乃,あ、そこで、ここのお店の名前を出していけば……,風野灯織,【宝石色のしおり】風野灯織,たわいのない会話
風野灯織/【宝石色のしおり】風野灯織/たわいのない会話.csv,45,3002012030400,真乃,ほわぁ……っ,風野灯織,【宝石色のしおり】風野灯織,たわいのない会話
風野灯織/【宝石色のしおり】風野灯織/たわいのない会話.csv,49,3002012030431,真乃＆めぐる,あ…………,風野灯織,【宝石色のしおり】風野灯織,たわいのない会話
風野灯織/【宝石色のしおり】風野灯織/たわいのない会話.csv,51,3002012030450,真乃,ううんっ、私こそ……つい……,風野灯織,【宝石色のしおり】風野灯織,たわいのない会話
風野灯織/【宝石色のしおり】風野灯織/たわいのない会話.csv,54,3002012030480,真乃,"ふふ……
なれるかな……？",風野灯織,【宝石色のしおり】風野灯織,たわいのない会話
風野灯織/【宝石色のしおり】風野灯織/たわいのない会話.csv,57,3002012030510,真乃,……『静かで、落ち着く、あんみつが美味しいお店ですっ』,風野灯織,【宝石色のしおり】風野灯織,たわいのない会話
風野灯織/【宝石色のしおり】風野灯織/たわいのない会話.csv,59,3002012030521,真乃＆めぐる,……ふふっ,風野灯織,【宝石色のしおり】風野灯織,たわいのない会話
風野灯織/【幾星霜の先に】風野灯織/今は言える話.csv,4,3002014010030,真乃,…………？,風野灯織,【幾星霜の先に】風野灯織,今は言える話
風野灯織/【幾星霜の先に】風野灯織/今は言える話.csv,5,3002014010040,真乃,灯織ちゃん……？,風野灯織,【幾星霜の先に】風野灯織,今は言える話
風野灯織/【幾星霜の先に】風野灯織/今は言える話.csv,8,3002014010070,真乃,う、うん……っ,風野灯織,【幾星霜の先に】風野灯織,今は言える話
風野灯織/【幾星霜の先に】風野灯織/今は言える話.csv,9,3002014010080,真乃,"……あのね、
『制服が人気の学校』、って……",風野灯織,【幾星霜の先に】風野灯織,今は言える話
風野灯織/【幾星霜の先に】風野灯織/今は言える話.csv,10,3002014010090,真乃,"……ちょっと気になって、
呼んじゃった……",風野灯織,【幾星霜の先に】風野灯織,今は言える話
風野灯織/【幾星霜の先に】風野灯織/今は言える話.csv,13,3002014010120,真乃,"わ……
い、いいの……？",風野灯織,【幾星霜の先に】風野灯織,今は言える話
風野灯織/【幾星霜の先に】風野灯織/今は言える話.csv,15,3002014010140,真乃,ありがとう、灯織ちゃん,風野灯織,【幾星霜の先に】風野灯織,今は言える話
風野灯織/【幾星霜の先に】風野灯織/今は言える話.csv,17,3002014010160,真乃,いろんな高校の制服がいっぱい……,風野灯織,【幾星霜の先に】風野灯織,今は言える話
風野灯織/【幾星霜の先に】風野灯織/今は言える話.csv,20,3002014010190,真乃,"うん……
どれも素敵だなぁ……っ",風野灯織,【幾星霜の先に】風野灯織,今は言える話
風野灯織/【幾星霜の先に】風野灯織/今は言える話.csv,23,3002014010220,真乃,……う、うん……っ,風野灯織,【幾星霜の先に】風野灯織,今は言える話
風野灯織/【幾星霜の先に】風野灯織/今は言える話.csv,24,3002014010230,真乃,……,風野灯織,【幾星霜の先に】風野灯織,今は言える話
風野灯織/【幾星霜の先に】風野灯織/今は言える話.csv,25,3002014010240,真乃,"……私たちの学校も
載ってたりするかな……？",風野灯織,【幾星霜の先に】風野灯織,今は言える話
風野灯織/【幾星霜の先に】風野灯織/今は言える話.csv,28,3002014010270,真乃,…………,風野灯織,【幾星霜の先に】風野灯織,今は言える話
風野灯織/【幾星霜の先に】風野灯織/今は言える話.csv,30,3002014010290,真乃,うん、そうだね……,風野灯織,【幾星霜の先に】風野灯織,今は言える話
風野灯織/【幾星霜の先に】風野灯織/今は言える話.csv,34,3002014010330,真乃,……わ、私も……,風野灯織,【幾星霜の先に】風野灯織,今は言える話
風野灯織/【幾星霜の先に】風野灯織/今は言える話.csv,35,3002014010340,真乃,"灯織ちゃんの制服、ネクタイとっても似合ってて
可愛いなって……っ",風野灯織,【幾星霜の先に】風野灯織,今は言える話
風野灯織/【幾星霜の先に】風野灯織/今は言える話.csv,36,3002014010341,真乃＆灯織,ふふっ,風野灯織,【幾星霜の先に】風野灯織,今は言える話
風野灯織/【幾星霜の先に】風野灯織/今は言える話.csv,38,3002014010360,真乃,"ううん、考えたことなかったかも……
……でも、気に入ってるんだ……",風野灯織,【幾星霜の先に】風野灯織,今は言える話
風野灯織/【幾星霜の先に】風野灯織/今は言える話.csv,39,3002014010370,真乃,灯織ちゃんは？,風野灯織,【幾星霜の先に】風野灯織,今は言える話
風野灯織/【幾星霜の先に】風野灯織/今は言える話.csv,44,3002014010420,真乃,なあに、灯織ちゃん,風野灯織,【幾星霜の先に】風野灯織,今は言える話
風野灯織/【幾星霜の先に】風野灯織/今は言える話.csv,47,3002014010450,真乃,ほわ……っ,風野灯織,【幾星霜の先に】風野灯織,今は言える話
風野灯織/【幾星霜の先に】風野灯織/今は言える話.csv,52,3002014010500,真乃,……灯織ちゃん,風野灯織,【幾星霜の先に】風野灯織,今は言える話
風野灯織/【幾星霜の先に】風野灯織/今は言える話.csv,54,3002014010520,真乃,"……私ね、ネクタイ結んだことないんだけど、
大丈夫かな……",風野灯織,【幾星霜の先に】風野灯織,今は言える話
風野灯織/【幾星霜の先に】風野灯織/今は言える話.csv,58,3002014010560,真乃,うん……っ,風野灯織,【幾星霜の先に】風野灯織,今は言える話
風野灯織/【幾星霜の先に】風野灯織/今は言える話.csv,61,3002014010590,真乃,……ふふ,風野灯織,【幾星霜の先に】風野灯織,今は言える話
風野灯織/【幾星霜の先に】風野灯織/今は言える話.csv,65,3002014010630,真乃,"……なんだか、ちょっと
くすぐったいな……",風野灯織,【幾星霜の先に】風野灯織,今は言える話
風野灯織/【幾星霜の先に】風野灯織/今は言える話.csv,67,3002014010650,真乃,"……ううん
ゆっくりで、大丈夫だから……──────",風野灯織,【幾星霜の先に】風野灯織,今は言える話
風野灯織/【星合アステリズム】風野灯織/今の私ができること.csv,11,3002008010091,真乃＆灯織,うんっ,風野灯織,【星合アステリズム】風野灯織,今の私ができること
風野灯織/【星合アステリズム】風野灯織/今の私ができること.csv,14,3002008010120,真乃,"？
めぐるちゃん……？",風野灯織,【星合アステリズム】風野灯織,今の私ができること
風野灯織/【星合アステリズム】風野灯織/今の私ができること.csv,18,3002008010160,真乃,私もね、初詣でお着物を着た時、少し緊張したんだ,風野灯織,【星合アステリズム】風野灯織,今の私ができること
風野灯織/【星合アステリズム】風野灯織/今の私ができること.csv,19,3002008010170,真乃,"せっかくだから、
綺麗に着ていられるようにしたいなって思って──",風野灯織,【星合アステリズム】風野灯織,今の私ができること
風野灯織/【星合アステリズム】風野灯織/今の私ができること.csv,21,3002008010190,真乃,"うんっ……
背筋がすっと伸びる感じがするなって",風野灯織,【星合アステリズム】風野灯織,今の私ができること
風野灯織/【星合アステリズム】風野灯織/今の私ができること.csv,36,3002008010340,真乃,『和服だから、和菓子だねっ』,風野灯織,【星合アステリズム】風野灯織,今の私ができること
風野灯織/【星合アステリズム】風野灯織/今の私ができること.csv,37,3002008010350,真乃,"『通りに何か売ってるかな……？
お団子とか、たい焼きとか……』",風野灯織,【星合アステリズム】風野灯織,今の私ができること
風野灯織/【星合アステリズム】風野灯織/今の私ができること.csv,39,3002008010370,真乃,『わあっ、美味しそう……っ』,風野灯織,【星合アステリズム】風野灯織,今の私ができること
風野灯織/【星合アステリズム】風野灯織/今の私ができること.csv,45,3002008010430,真乃,"『そうなんだねっ
ありがとう、灯織ちゃんっ』",風野灯織,【星合アステリズム】風野灯織,今の私ができること
風野灯織/【星合アステリズム】風野灯織/今の私ができること.csv,50,3002008010480,真乃,"『そっか……っ
一本ずつにして、みっつの味』",風野灯織,【星合アステリズム】風野灯織,今の私ができること
風野灯織/【星合アステリズム】風野灯織/今の私ができること.csv,56,3002008010540,真乃,『私もだよっ』,風野灯織,【星合アステリズム】風野灯織,今の私ができること
風野灯織/【星合アステリズム】風野灯織/今の私ができること.csv,61,3002008010590,真乃,ふふっ,風野灯織,【星合アステリズム】風野灯織,今の私ができること
風野灯織/【星合アステリズム】風野灯織/今の私ができること.csv,62,3002008010600,真乃,"でも、灯織ちゃん──
早くわけっこしにいこうっ",風野灯織,【星合アステリズム】風野灯織,今の私ができること
風野灯織/【星合アステリズム】風野灯織/桜黄の星に願うこと.csv,3,3002008030020,真乃,ふふっ、そうだね,風野灯織,【星合アステリズム】風野灯織,桜黄の星に願うこと
風野灯織/【星合アステリズム】風野灯織/桜黄の星に願うこと.csv,4,3002008030030,真乃,すっかり暗くなっちゃった──,風野灯織,【星合アステリズム】風野灯織,桜黄の星に願うこと
風野灯織/【星合アステリズム】風野灯織/桜黄の星に願うこと.csv,7,3002008030051,真乃＆めぐる,？,風野灯織,【星合アステリズム】風野灯織,桜黄の星に願うこと
風野灯織/【星合アステリズム】風野灯織/桜黄の星に願うこと.csv,11,3002008030081,真乃＆めぐる,──,風野灯織,【星合アステリズム】風野灯織,桜黄の星に願うこと
風野灯織/【星合アステリズム】風野灯織/桜黄の星に願うこと.csv,16,3002008030130,真乃,私も賛成……っ,風野灯織,【星合アステリズム】風野灯織,桜黄の星に願うこと
風野灯織/【星合アステリズム】風野灯織/桜黄の星に願うこと.csv,17,3002008030140,真乃,"ひとつ後のバスまで、お星さまを見るのはどうかな……？
もう少し……でも、遅くなりすぎないように……",風野灯織,【星合アステリズム】風野灯織,桜黄の星に願うこと
風野灯織/【星合アステリズム】風野灯織/桜黄の星に願うこと.csv,22,3002008030190,真乃,？,風野灯織,【星合アステリズム】風野灯織,桜黄の星に願うこと
風野灯織/【星合アステリズム】風野灯織/桜黄の星に願うこと.csv,36,3002008030330,真乃,"ほわ……
そうだなぁ……",風野灯織,【星合アステリズム】風野灯織,桜黄の星に願うこと
風野灯織/【星合アステリズム】風野灯織/桜黄の星に願うこと.csv,37,3002008030340,真乃,……めぐるちゃんの練習試合を見に行けますように,風野灯織,【星合アステリズム】風野灯織,桜黄の星に願うこと
風野灯織/【星合アステリズム】風野灯織/桜黄の星に願うこと.csv,38,3002008030350,真乃,灯織ちゃんのビーフシチューを食べられますように,風野灯織,【星合アステリズム】風野灯織,桜黄の星に願うこと
風野灯織/【星合アステリズム】風野灯織/桜黄の星に願うこと.csv,48,3002008030440,真乃,うんっ,風野灯織,【星合アステリズム】風野灯織,桜黄の星に願うこと
風野灯織/【星合アステリズム】風野灯織/桜黄の星に願うこと.csv,53,3002008030481,真乃＆めぐる,！？,風野灯織,【星合アステリズム】風野灯織,桜黄の星に願うこと
風野灯織/【星合アステリズム】風野灯織/青い短冊に願いごと.csv,4,3002008020030,真乃,うん……っ,風野灯織,【星合アステリズム】風野灯織,青い短冊に願いごと
風野灯織/【星合アステリズム】風野灯織/青い短冊に願いごと.csv,5,3002008020040,真乃,それに、昔にタイムスリップしたみたいで──,風野灯織,【星合アステリズム】風野灯織,青い短冊に願いごと
風野灯織/【星合アステリズム】風野灯織/青い短冊に願いごと.csv,12,3002008020101,真乃＆めぐる,……？,風野灯織,【星合アステリズム】風野灯織,青い短冊に願いごと
風野灯織/【星合アステリズム】風野灯織/青い短冊に願いごと.csv,15,3002008020121,真乃＆めぐる,……ふふっ,風野灯織,【星合アステリズム】風野灯織,青い短冊に願いごと
風野灯織/【星合アステリズム】風野灯織/青い短冊に願いごと.csv,17,3002008020140,真乃,"おひおちゃん、短冊のことも調べててくれたんだねっ
ありがとうっ",風野灯織,【星合アステリズム】風野灯織,青い短冊に願いごと
風野灯織/【星合アステリズム】風野灯織/青い短冊に願いごと.csv,23,3002008020200,真乃,ほわ、本当だね,風野灯織,【星合アステリズム】風野灯織,青い短冊に願いごと
風野灯織/【星合アステリズム】風野灯織/青い短冊に願いごと.csv,24,3002008020210,真乃,……それなら、赤にしようかなぁ,風野灯織,【星合アステリズム】風野灯織,青い短冊に願いごと
風野灯織/【星合アステリズム】風野灯織/青い短冊に願いごと.csv,29,3002008020250,真乃,お願いごと……,風野灯織,【星合アステリズム】風野灯織,青い短冊に願いごと
風野灯織/【星合アステリズム】風野灯織/青い短冊に願いごと.csv,38,3002008020340,真乃,ううん,風野灯織,【星合アステリズム】風野灯織,青い短冊に願いごと
風野灯織/【星合アステリズム】風野灯織/青い短冊に願いごと.csv,39,3002008020350,真乃,上手くなりたいこと、書きたいな,風野灯織,【星合アステリズム】風野灯織,青い短冊に願いごと
風野灯織/【星合アステリズム】風野灯織/青い短冊に願いごと.csv,40,3002008020360,真乃,"赤と青と黄色の短冊で──
私たちが、上達したいこと",風野灯織,【星合アステリズム】風野灯織,青い短冊に願いごと
風野灯織/【星合アステリズム】風野灯織/青い短冊に願いごと.csv,45,3002008020410,真乃,"めぐるちゃん、それは……
上達とは少し違うかも……？",風野灯織,【星合アステリズム】風野灯織,青い短冊に願いごと
風野灯織/【星合アステリズム】風野灯織/青い短冊に願いごと.csv,52,3002008020480,真乃,"め、めぐるちゃん……っ
浴衣、崩れちゃうよっ……！？",風野灯織,【星合アステリズム】風野灯織,青い短冊に願いごと
風野灯織/【星掬い藍仰ぐ】風野灯織/気付いてほしい.csv,3,3002010020020,真乃,"うんっ
……満天の星、とっても綺麗だねっ",風野灯織,【星掬い藍仰ぐ】風野灯織,気付いてほしい
風野灯織/【星掬い藍仰ぐ】風野灯織/気付いてほしい.csv,6,3002010020050,真乃,"そうだねっ
３人占め……っ",風野灯織,【星掬い藍仰ぐ】風野灯織,気付いてほしい
風野灯織/【星掬い藍仰ぐ】風野灯織/気付いてほしい.csv,10,3002010020090,真乃,なんだか楽しそう……っ,風野灯織,【星掬い藍仰ぐ】風野灯織,気付いてほしい
風野灯織/【星掬い藍仰ぐ】風野灯織/気付いてほしい.csv,14,3002010020130,真乃,"お外の寒さも気にならないくらい、
お湯に浸かってるとぽかぽかするね……っ",風野灯織,【星掬い藍仰ぐ】風野灯織,気付いてほしい
風野灯織/【星掬い藍仰ぐ】風野灯織/気付いてほしい.csv,16,3002010020150,真乃,……めぐるちゃん？,風野灯織,【星掬い藍仰ぐ】風野灯織,気付いてほしい
風野灯織/【星掬い藍仰ぐ】風野灯織/気付いてほしい.csv,18,3002010020170,真乃,あの、眠かったり、するのかなって……,風野灯織,【星掬い藍仰ぐ】風野灯織,気付いてほしい
風野灯織/【星掬い藍仰ぐ】風野灯織/気付いてほしい.csv,21,3002010020200,真乃,そんなに遅くないと思うんだけど……っ,風野灯織,【星掬い藍仰ぐ】風野灯織,気付いてほしい
風野灯織/【星掬い藍仰ぐ】風野灯織/気付いてほしい.csv,22,3002010020210,真乃,"……お腹いっぱいで眠くなっちゃったのかも
いつもよりたくさんごはん食べたって言ってたから……",風野灯織,【星掬い藍仰ぐ】風野灯織,気付いてほしい
風野灯織/【星掬い藍仰ぐ】風野灯織/気付いてほしい.csv,25,3002010020240,真乃,うんっ,風野灯織,【星掬い藍仰ぐ】風野灯織,気付いてほしい
風野灯織/【星掬い藍仰ぐ】風野灯織/気付いてほしい.csv,26,3002010020250,真乃,"めぐるちゃん、めぐるちゃん
もう上がろう？",風野灯織,【星掬い藍仰ぐ】風野灯織,気付いてほしい
風野灯織/【星掬い藍仰ぐ】風野灯織/気付いてほしい.csv,32,3002010020310,真乃,めぐるちゃん、起きた？,風野灯織,【星掬い藍仰ぐ】風野灯織,気付いてほしい
風野灯織/【星掬い藍仰ぐ】風野灯織/気付いてほしい.csv,38,3002010020370,真乃,"ポーチかな？
開けてもいい……？",風野灯織,【星掬い藍仰ぐ】風野灯織,気付いてほしい
風野灯織/【星掬い藍仰ぐ】風野灯織/気付いてほしい.csv,42,3002010020410,真乃,服は自分で着てたもんねっ,風野灯織,【星掬い藍仰ぐ】風野灯織,気付いてほしい
風野灯織/【星掬い藍仰ぐ】風野灯織/気付いてほしい.csv,47,3002010020460,真乃,ふふっ,風野灯織,【星掬い藍仰ぐ】風野灯織,気付いてほしい
風野灯織/【星掬い藍仰ぐ】風野灯織/気付いてほしい.csv,48,3002010020470,真乃,"めぐるちゃん、灯織ちゃんに髪を乾かしてもらってる間、
そのままスキンケアしちゃうのはどうかな？",風野灯織,【星掬い藍仰ぐ】風野灯織,気付いてほしい
風野灯織/【星掬い藍仰ぐ】風野灯織/気付いてほしい.csv,51,3002010020500,真乃,"うん、そうだねっ
じゃあ、灯織ちゃんの髪は、私が乾かすねっ",風野灯織,【星掬い藍仰ぐ】風野灯織,気付いてほしい
風野灯織/【星掬い藍仰ぐ】風野灯織/気付いてほしい.csv,53,3002010020520,真乃,"もちろんだよっ
私の髪はすぐ乾くから……っ",風野灯織,【星掬い藍仰ぐ】風野灯織,気付いてほしい
風野灯織/【星掬い藍仰ぐ】風野灯織/気付いてほしい.csv,55,3002010020540,真乃,"ふふっ
お願いしますっ",風野灯織,【星掬い藍仰ぐ】風野灯織,気付いてほしい
風野灯織/【星掬い藍仰ぐ】風野灯織/気付いてほしい.csv,58,3002010020570,真乃,私が灯織ちゃんの後ろに行くから……,風野灯織,【星掬い藍仰ぐ】風野灯織,気付いてほしい
風野灯織/【星掬い藍仰ぐ】風野灯織/気付いてほしい.csv,59,3002010020580,真乃,"灯織ちゃんはそのまま、
めぐるちゃんの髪を乾かしててほしいなっ",風野灯織,【星掬い藍仰ぐ】風野灯織,気付いてほしい
風野灯織/【星掬い藍仰ぐ】風野灯織/気付いてほしい.csv,61,3002010020600,真乃,うんっ,風野灯織,【星掬い藍仰ぐ】風野灯織,気付いてほしい
風野灯織/【星掬い藍仰ぐ】風野灯織/気付かないはずがない（第一版）.csv,3,3002010010020,真乃,"うんっ
──『秋の彩り懐石』とっても美味しそうだね……っ",風野灯織,【星掬い藍仰ぐ】風野灯織,気付かないはずがない（第一版）
風野灯織/【星掬い藍仰ぐ】風野灯織/気付かないはずがない（第一版）.csv,5,3002010010040,真乃,ふふっ,風野灯織,【星掬い藍仰ぐ】風野灯織,気付かないはずがない（第一版）
風野灯織/【星掬い藍仰ぐ】風野灯織/気付かないはずがない（第一版）.csv,6,3002010010050,真乃,"それぞれのお皿に
紅葉とか木の実が添えてあるのも、いいなっ",風野灯織,【星掬い藍仰ぐ】風野灯織,気付かないはずがない（第一版）
風野灯織/【星掬い藍仰ぐ】風野灯織/気付かないはずがない（第一版）.csv,9,3002010010080,真乃,"今回のお仕事──
このロケのおかげだねっ",風野灯織,【星掬い藍仰ぐ】風野灯織,気付かないはずがない（第一版）
風野灯織/【星掬い藍仰ぐ】風野灯織/気付かないはずがない（第一版）.csv,11,3002010010100,真乃,"で、でもっ
スタッフさんは、これが撮りたいって言ってたからっ",風野灯織,【星掬い藍仰ぐ】風野灯織,気付かないはずがない（第一版）
風野灯織/【星掬い藍仰ぐ】風野灯織/気付かないはずがない（第一版）.csv,12,3002010010110,真乃,きっと、大丈夫……っ,風野灯織,【星掬い藍仰ぐ】風野灯織,気付かないはずがない（第一版）
風野灯織/【星掬い藍仰ぐ】風野灯織/気付かないはずがない（第一版）.csv,18,3002010010170,真乃,ほわぁ……,風野灯織,【星掬い藍仰ぐ】風野灯織,気付かないはずがない（第一版）
風野灯織/【星掬い藍仰ぐ】風野灯織/気付かないはずがない（第一版）.csv,21,3002010010200,真乃,"灯織ちゃんもっ
ふふっ……お料理、美味しいねっ",風野灯織,【星掬い藍仰ぐ】風野灯織,気付かないはずがない（第一版）
風野灯織/【星掬い藍仰ぐ】風野灯織/気付かないはずがない（第一版）.csv,24,3002010010230,真乃,"お出汁の香りかな……？
お料理の種類、たくさんあるからわからないね……",風野灯織,【星掬い藍仰ぐ】風野灯織,気付かないはずがない（第一版）
風野灯織/【星掬い藍仰ぐ】風野灯織/気付かないはずがない（第一版）.csv,26,3002010010250,真乃,……灯織ちゃん？,風野灯織,【星掬い藍仰ぐ】風野灯織,気付かないはずがない（第一版）
風野灯織/【星掬い藍仰ぐ】風野灯織/気付かないはずがない（第一版）.csv,28,3002010010270,真乃,"ううん、ちょっと難しい顔してたから、
どうかしたのかなって……",風野灯織,【星掬い藍仰ぐ】風野灯織,気付かないはずがない（第一版）
風野灯織/【星掬い藍仰ぐ】風野灯織/気付かないはずがない（第一版）.csv,31,3002010010300,真乃,わぁ、綺麗な黄緑色……っ,風野灯織,【星掬い藍仰ぐ】風野灯織,気付かないはずがない（第一版）
風野灯織/【星掬い藍仰ぐ】風野灯織/気付かないはずがない（第一版）.csv,34,3002010010330,真乃,あんのお出汁のにおいだったんだねっ,風野灯織,【星掬い藍仰ぐ】風野灯織,気付かないはずがない（第一版）
風野灯織/【星掬い藍仰ぐ】風野灯織/気付かないはずがない（第一版）.csv,40,3002010010370,真乃,……っ,風野灯織,【星掬い藍仰ぐ】風野灯織,気付かないはずがない（第一版）
風野灯織/【星掬い藍仰ぐ】風野灯織/気付かないはずがない（第一版）.csv,41,3002010010371,真乃,ふふっ……本当だね、美味しいっ,風野灯織,【星掬い藍仰ぐ】風野灯織,気付かないはずがない（第一版）
風野灯織/【星掬い藍仰ぐ】風野灯織/気付かないはずがない（第一版）.csv,42,3002010010380,真乃,灯織ちゃんもどうかな……っ,風野灯織,【星掬い藍仰ぐ】風野灯織,気付かないはずがない（第一版）
風野灯織/【星掬い藍仰ぐ】風野灯織/気付かないはずがない（第一版）.csv,47,3002010010430,真乃,"……あれ？　……でも……あの、
灯織ちゃんがお豆腐食べるの、見たことあるような……？",風野灯織,【星掬い藍仰ぐ】風野灯織,気付かないはずがない（第一版）
風野灯織/【星掬い藍仰ぐ】風野灯織/気付かないはずがない（第一版）.csv,49,3002010010450,真乃,"めぐるちゃんは、
どうしてお豆腐苦手なのかなって思ったの？",風野灯織,【星掬い藍仰ぐ】風野灯織,気付かないはずがない（第一版）
風野灯織/【星掬い藍仰ぐ】風野灯織/気付かないはずがない（第一版）.csv,55,3002010010510,真乃,ううん、そんなことないよ、灯織ちゃん,風野灯織,【星掬い藍仰ぐ】風野灯織,気付かないはずがない（第一版）
風野灯織/【星掬い藍仰ぐ】風野灯織/気付かないはずがない（第一版）.csv,63,3002010010590,真乃,あっ,風野灯織,【星掬い藍仰ぐ】風野灯織,気付かないはずがない（第一版）
風野灯織/【星掬い藍仰ぐ】風野灯織/気付かないはずがない（第一版）.csv,65,3002010010600,真乃,"えっと、ね
枝豆豆腐と、何かを交換するのはどうかなっ",風野灯織,【星掬い藍仰ぐ】風野灯織,気付かないはずがない（第一版）
風野灯織/【星掬い藍仰ぐ】風野灯織/気付かないはずがない（第一版）.csv,73,3002010010680,真乃,……ふふっ,風野灯織,【星掬い藍仰ぐ】風野灯織,気付かないはずがない（第一版）
風野灯織/【水面を仰いで海の底】風野灯織/あれって目じゃなかったんだ.csv,3,3002013020020,真乃,ほわ……思ったより暗いね,風野灯織,【水面を仰いで海の底】風野灯織,あれって目じゃなかったんだ
風野灯織/【水面を仰いで海の底】風野灯織/あれって目じゃなかったんだ.csv,10,3002013020090,真乃,ふふっ……楽しみだなっ,風野灯織,【水面を仰いで海の底】風野灯織,あれって目じゃなかったんだ
風野灯織/【水面を仰いで海の底】風野灯織/あれって目じゃなかったんだ.csv,15,3002013020130,真乃,そうだね……っ,風野灯織,【水面を仰いで海の底】風野灯織,あれって目じゃなかったんだ
風野灯織/【水面を仰いで海の底】風野灯織/あれって目じゃなかったんだ.csv,16,3002013020140,真乃,大きいってわかってたのに……,風野灯織,【水面を仰いで海の底】風野灯織,あれって目じゃなかったんだ
風野灯織/【水面を仰いで海の底】風野灯織/あれって目じゃなかったんだ.csv,21,3002013020190,真乃,ほわぁ……っ,風野灯織,【水面を仰いで海の底】風野灯織,あれって目じゃなかったんだ
風野灯織/【水面を仰いで海の底】風野灯織/あれって目じゃなかったんだ.csv,22,3002013020200,真乃,"……本当に海の底にいるみたい……
とっても素敵だなぁ……",風野灯織,【水面を仰いで海の底】風野灯織,あれって目じゃなかったんだ
風野灯織/【水面を仰いで海の底】風野灯織/あれって目じゃなかったんだ.csv,26,3002013020240,真乃,"いつも一緒で……
みんな仲良しなのかも……",風野灯織,【水面を仰いで海の底】風野灯織,あれって目じゃなかったんだ
風野灯織/【水面を仰いで海の底】風野灯織/あれって目じゃなかったんだ.csv,31,3002013020290,真乃,わ……本当だね……っ,風野灯織,【水面を仰いで海の底】風野灯織,あれって目じゃなかったんだ
風野灯織/【水面を仰いで海の底】風野灯織/あれって目じゃなかったんだ.csv,32,3002013020300,真乃,にっこりしてるみたい……,風野灯織,【水面を仰いで海の底】風野灯織,あれって目じゃなかったんだ
風野灯織/【水面を仰いで海の底】風野灯織/あれって目じゃなかったんだ.csv,35,3002013020330,真乃,……人が気になるのかな……っ,風野灯織,【水面を仰いで海の底】風野灯織,あれって目じゃなかったんだ
風野灯織/【水面を仰いで海の底】風野灯織/あれって目じゃなかったんだ.csv,39,3002013020370,真乃,ふふっ,風野灯織,【水面を仰いで海の底】風野灯織,あれって目じゃなかったんだ
風野灯織/【水面を仰いで海の底】風野灯織/あれって目じゃなかったんだ.csv,40,3002013020380,真乃,『エイ隊長、見回りお疲れさまですっ』,風野灯織,【水面を仰いで海の底】風野灯織,あれって目じゃなかったんだ
風野灯織/【水面を仰いで海の底】風野灯織/あれって目じゃなかったんだ.csv,42,3002013020391,真乃＆めぐる,……ふふっ,風野灯織,【水面を仰いで海の底】風野灯織,あれって目じゃなかったんだ
風野灯織/【水面を仰いで海の底】風野灯織/あれって目じゃなかったんだ.csv,46,3002013020430,真乃,うん……,風野灯織,【水面を仰いで海の底】風野灯織,あれって目じゃなかったんだ
風野灯織/【水面を仰いで海の底】風野灯織/あれって目じゃなかったんだ.csv,49,3002013020441,真乃＆めぐる,……？,風野灯織,【水面を仰いで海の底】風野灯織,あれって目じゃなかったんだ
風野灯織/【水面を仰いで海の底】風野灯織/あれって目じゃなかったんだ.csv,53,3002013020480,真乃,"まだ、見て回りたいところ
あったもんね……っ",風野灯織,【水面を仰いで海の底】風野灯織,あれって目じゃなかったんだ
風野灯織/【水面を仰いで海の底】風野灯織/あれって目じゃなかったんだ.csv,56,3002013020510,真乃,ふふ、お土産屋さんまで行ったのに……,風野灯織,【水面を仰いで海の底】風野灯織,あれって目じゃなかったんだ
風野灯織/【水面を仰いで海の底】風野灯織/あれって目じゃなかったんだ.csv,58,3002013020530,真乃,"うん……
もう一回みんなで海の底行きたいなぁって……",風野灯織,【水面を仰いで海の底】風野灯織,あれって目じゃなかったんだ
風野灯織/【水面を仰いで海の底】風野灯織/ふたりの耳を貸してほしい.csv,37,3002013010330,真乃,『めぐるちゃん、こんにちは』,風野灯織,【水面を仰いで海の底】風野灯織,ふたりの耳を貸してほしい
風野灯織/【水面を仰いで海の底】風野灯織/ふたりの耳を貸してほしい.csv,38,3002013010340,真乃,"『私も、灯織ちゃんとめぐるちゃんと
遊びに行きたいな＾＾』",風野灯織,【水面を仰いで海の底】風野灯織,ふたりの耳を貸してほしい
風野灯織/【水面を仰いで海の底】風野灯織/ふたりの耳を貸してほしい.csv,48,3002013010440,真乃,『わあ水族館＾＾』,風野灯織,【水面を仰いで海の底】風野灯織,ふたりの耳を貸してほしい
風野灯織/【水面を仰いで海の底】風野灯織/ふたりの耳を貸してほしい.csv,49,3002013010450,真乃,"『ペンギンさんとかもいるかな
いたらいいな』",風野灯織,【水面を仰いで海の底】風野灯織,ふたりの耳を貸してほしい
風野灯織/【水面を仰いで海の底】風野灯織/ふたりの耳を貸してほしい.csv,55,3002013010510,真乃,"『灯織ちゃんありがとう
聞かせてもらえたらうれしいな』",風野灯織,【水面を仰いで海の底】風野灯織,ふたりの耳を貸してほしい
風野灯織/【水面を仰いで海の底】風野灯織/ふたりの耳を貸してほしい.csv,57,3002013010530,真乃,『はい＾＾』,風野灯織,【水面を仰いで海の底】風野灯織,ふたりの耳を貸してほしい
風野灯織/【水面を仰いで海の底】風野灯織/ふたりの耳を貸してほしい.csv,62,3002013010580,真乃,『お風呂って200リットルもあるんだね』,風野灯織,【水面を仰いで海の底】風野灯織,ふたりの耳を貸してほしい
風野灯織/【水面を仰いで海の底】風野灯織/魚の口になっちゃってる.csv,2,3002013030010,真乃,ちょっと……はしゃぎすぎちゃったかな……,風野灯織,【水面を仰いで海の底】風野灯織,魚の口になっちゃってる
風野灯織/【水面を仰いで海の底】風野灯織/魚の口になっちゃってる.csv,7,3002013030060,真乃,もうおやつの時間が近いもんね,風野灯織,【水面を仰いで海の底】風野灯織,魚の口になっちゃってる
風野灯織/【水面を仰いで海の底】風野灯織/魚の口になっちゃってる.csv,8,3002013030070,真乃,私もお腹空いちゃったな……,風野灯織,【水面を仰いで海の底】風野灯織,魚の口になっちゃってる
風野灯織/【水面を仰いで海の底】風野灯織/魚の口になっちゃってる.csv,11,3002013030091,真乃＆めぐる,うんっ,風野灯織,【水面を仰いで海の底】風野灯織,魚の口になっちゃってる
風野灯織/【水面を仰いで海の底】風野灯織/魚の口になっちゃってる.csv,13,3002013030110,真乃,"……お腹が空きすぎて
なんだか迷っちゃうかも……",風野灯織,【水面を仰いで海の底】風野灯織,魚の口になっちゃってる
風野灯織/【水面を仰いで海の底】風野灯織/魚の口になっちゃってる.csv,16,3002013030140,真乃,灯織ちゃんは、何か食べたいものある？,風野灯織,【水面を仰いで海の底】風野灯織,魚の口になっちゃってる
風野灯織/【水面を仰いで海の底】風野灯織/魚の口になっちゃってる.csv,18,3002013030160,真乃,？,風野灯織,【水面を仰いで海の底】風野灯織,魚の口になっちゃってる
風野灯織/【水面を仰いで海の底】風野灯織/魚の口になっちゃってる.csv,22,3002013030200,真乃,お魚？,風野灯織,【水面を仰いで海の底】風野灯織,魚の口になっちゃってる
風野灯織/【水面を仰いで海の底】風野灯織/魚の口になっちゃってる.csv,25,3002013030230,真乃,"うん……っ
……水族館のお魚さん、美味しそうだったもんね",風野灯織,【水面を仰いで海の底】風野灯織,魚の口になっちゃってる
風野灯織/【水面を仰いで海の底】風野灯織/魚の口になっちゃってる.csv,27,3002013030250,真乃,ふふ……うん,風野灯織,【水面を仰いで海の底】風野灯織,魚の口になっちゃってる
風野灯織/【水面を仰いで海の底】風野灯織/魚の口になっちゃってる.csv,28,3002013030260,真乃,"サバさんとかイワシさんとかまるまるしててきれいで
きっと新鮮なんだろうなぁって……",風野灯織,【水面を仰いで海の底】風野灯織,魚の口になっちゃってる
風野灯織/【水面を仰いで海の底】風野灯織/魚の口になっちゃってる.csv,29,3002013030270,真乃,"……あ、えっと……
泳いでるから新鮮なのはそうなんだけど……っ",風野灯織,【水面を仰いで海の底】風野灯織,魚の口になっちゃってる
風野灯織/【水面を仰いで海の底】風野灯織/魚の口になっちゃってる.csv,40,3002013030380,真乃,うん……っ,風野灯織,【水面を仰いで海の底】風野灯織,魚の口になっちゃってる
風野灯織/【水面を仰いで海の底】風野灯織/魚の口になっちゃってる.csv,43,3002013030410,真乃,"もちろんだよ……っ
お魚食べに行こう、灯織ちゃん……っ",風野灯織,【水面を仰いで海の底】風野灯織,魚の口になっちゃってる
風野灯織/【水面を仰いで海の底】風野灯織/魚の口になっちゃってる.csv,47,3002013030450,真乃,"お寿司に、お刺身に、煮付けと、焼き魚……
お魚でもいろいろあるから迷っちゃうね……っ",風野灯織,【水面を仰いで海の底】風野灯織,魚の口になっちゃってる
風野灯織/【水面を仰いで海の底】風野灯織/魚の口になっちゃってる.csv,52,3002013030500,真乃,そうしたら、旬のお魚がいいかなぁ……？,風野灯織,【水面を仰いで海の底】風野灯織,魚の口になっちゃってる
風野灯織/【水面を仰いで海の底】風野灯織/魚の口になっちゃってる.csv,57,3002013030550,真乃,ブリ大根も美味しいよ……っ,風野灯織,【水面を仰いで海の底】風野灯織,魚の口になっちゃってる
風野灯織/【水面を仰いで海の底】風野灯織/魚の口になっちゃってる.csv,59,3002013030570,真乃,"桜エビも旬みたい……
かき揚げ食べたいなぁ",風野灯織,【水面を仰いで海の底】風野灯織,魚の口になっちゃってる
風野灯織/【水面を仰いで海の底】風野灯織/魚の口になっちゃってる.csv,63,3002013030610,真乃,私もお腹が鳴っちゃいそう……っ,風野灯織,【水面を仰いで海の底】風野灯織,魚の口になっちゃってる
風野灯織/【水面を仰いで海の底】風野灯織/魚の口になっちゃってる.csv,67,3002013030641,真乃＆めぐる,ふふっ,風野灯織,【水面を仰いで海の底】風野灯織,魚の口になっちゃってる
風野灯織/【水面を仰いで海の底】風野灯織/魚の口になっちゃってる.csv,68,3002013030642,真乃＆めぐる,ラジャー！,風野灯織,【水面を仰いで海の底】風野灯織,魚の口になっちゃってる
風野灯織/【永遠の方程式】風野灯織/⇔L5.csv,10,3002015030090,真乃,灯織ちゃん……？,風野灯織,【永遠の方程式】風野灯織,⇔L5
風野灯織/【永遠の方程式】風野灯織/⇔L5.csv,12,3002015030110,真乃,……？,風野灯織,【永遠の方程式】風野灯織,⇔L5
風野灯織/【永遠の方程式】風野灯織/⇔L5.csv,13,3002015030120,真乃,"……あの…………
何か……──",風野灯織,【永遠の方程式】風野灯織,⇔L5
風野灯織/【永遠の方程式】風野灯織/⇔L5.csv,15,3002015030140,真乃,"そ、その……っ、変なこと聞いちゃってたらごめんね……っ
言いたくないことだったら、全然……っ",風野灯織,【永遠の方程式】風野灯織,⇔L5
風野灯織/【永遠の方程式】風野灯織/⇔L5.csv,19,3002015030180,真乃,ほわ……っ,風野灯織,【永遠の方程式】風野灯織,⇔L5
風野灯織/【永遠の方程式】風野灯織/⇔L5.csv,20,3002015030190,真乃,これ……っ,風野灯織,【永遠の方程式】風野灯織,⇔L5
風野灯織/【永遠の方程式】風野灯織/⇔L5.csv,27,3002015030260,真乃,灯織ちゃん……,風野灯織,【永遠の方程式】風野灯織,⇔L5
風野灯織/【永遠の方程式】風野灯織/⇔L5.csv,28,3002015030270,真乃,──……これ、私がもらっちゃってもいいの……？,風野灯織,【永遠の方程式】風野灯織,⇔L5
風野灯織/【永遠の方程式】風野灯織/⇔L5.csv,29,3002015030280,真乃,こんなに素敵なもの……っ,風野灯織,【永遠の方程式】風野灯織,⇔L5
風野灯織/【永遠の方程式】風野灯織/⇔L5.csv,35,3002015030340,真乃,今……,風野灯織,【永遠の方程式】風野灯織,⇔L5
風野灯織/【永遠の方程式】風野灯織/⇔L5.csv,36,3002015030350,真乃,…………,風野灯織,【永遠の方程式】風野灯織,⇔L5
風野灯織/【永遠の方程式】風野灯織/⇔L5.csv,37,3002015030360,真乃,何かあった……──？,風野灯織,【永遠の方程式】風野灯織,⇔L5
風野灯織/【永遠の方程式】風野灯織/⇔L5.csv,39,3002015030380,真乃,……,風野灯織,【永遠の方程式】風野灯織,⇔L5
風野灯織/【永遠の方程式】風野灯織/⇔L5.csv,40,3002015030390,真乃,じゃあ、灯織ちゃんに……？,風野灯織,【永遠の方程式】風野灯織,⇔L5
風野灯織/【永遠の方程式】風野灯織/⇔L5.csv,42,3002015030410,真乃,──……,風野灯織,【永遠の方程式】風野灯織,⇔L5
風野灯織/【永遠の方程式】風野灯織/⇔L5.csv,45,3002015030440,真乃,"！
それは、私もだよ……っ",風野灯織,【永遠の方程式】風野灯織,⇔L5
風野灯織/【永遠の方程式】風野灯織/⇔L5.csv,46,3002015030450,真乃,私も、灯織ちゃんとめぐるちゃんがいてくれるから……っ,風野灯織,【永遠の方程式】風野灯織,⇔L5
風野灯織/【永遠の方程式】風野灯織/⇔L5.csv,52,3002015030510,真乃,"ううんっ
そんなことないよ、灯織ちゃん",風野灯織,【永遠の方程式】風野灯織,⇔L5
風野灯織/【永遠の方程式】風野灯織/⇔L5.csv,53,3002015030520,真乃,──…………灯織ちゃんは、やっぱり……,風野灯織,【永遠の方程式】風野灯織,⇔L5
風野灯織/【永遠の方程式】風野灯織/⇔L5.csv,54,3002015030530,真乃,……──たくさん、考えてくれてたんだね,風野灯織,【永遠の方程式】風野灯織,⇔L5
風野灯織/【永遠の方程式】風野灯織/⇔L5.csv,55,3002015030540,真乃,"灯織ちゃんが作ってくれたお菓子、
もらってもいいかな……っ",風野灯織,【永遠の方程式】風野灯織,⇔L5
風野灯織/【永遠の方程式】風野灯織/トライアングル（正）.csv,6,3002015010050,真乃,"おはよう、めぐるちゃん
私も見たよ……っ",風野灯織,【永遠の方程式】風野灯織,トライアングル（正）
風野灯織/【永遠の方程式】風野灯織/トライアングル（正）.csv,10,3002015010090,真乃,カラフルだったね,風野灯織,【永遠の方程式】風野灯織,トライアングル（正）
風野灯織/【永遠の方程式】風野灯織/トライアングル（正）.csv,15,3002015010140,真乃,うん……っ,風野灯織,【永遠の方程式】風野灯織,トライアングル（正）
風野灯織/【永遠の方程式】風野灯織/トライアングル（正）.csv,16,3002015010150,真乃,"ちょっとだけ、仮装みたいなことも
できるんだよね……っ",風野灯織,【永遠の方程式】風野灯織,トライアングル（正）
風野灯織/【永遠の方程式】風野灯織/トライアングル（正）.csv,17,3002015010160,真乃,"どんな衣装になるのかなって
楽しみなんだ",風野灯織,【永遠の方程式】風野灯織,トライアングル（正）
風野灯織/【永遠の方程式】風野灯織/トライアングル（正）.csv,23,3002015010220,真乃,"私たちの楽しいなって気持ちが伝わって、
たくさんの人に来てもらえたらうれしいな……っ",風野灯織,【永遠の方程式】風野灯織,トライアングル（正）
風野灯織/【永遠の方程式】風野灯織/トライアングル（正）.csv,27,3002015010251,真乃＆灯織,……？,風野灯織,【永遠の方程式】風野灯織,トライアングル（正）
風野灯織/【永遠の方程式】風野灯織/トライアングル（正）.csv,30,3002015010280,真乃,……？,風野灯織,【永遠の方程式】風野灯織,トライアングル（正）
風野灯織/【永遠の方程式】風野灯織/トライアングル（正）.csv,32,3002015010291,真乃＆灯織,……！,風野灯織,【永遠の方程式】風野灯織,トライアングル（正）
風野灯織/【永遠の方程式】風野灯織/トライアングル（正）.csv,33,3002015010300,真乃,"ほわ
そうなんだね……っ",風野灯織,【永遠の方程式】風野灯織,トライアングル（正）
風野灯織/【永遠の方程式】風野灯織/トライアングル（正）.csv,41,3002015010380,真乃,"ふふ、うんっ
『初めて聞きました』って顔……っ",風野灯織,【永遠の方程式】風野灯織,トライアングル（正）
風野灯織/【永遠の方程式】風野灯織/トライアングル（正）.csv,46,3002015010421,真乃＆めぐる,ふふっ,風野灯織,【永遠の方程式】風野灯織,トライアングル（正）
風野灯織/【永遠の方程式】風野灯織/トライアングル（正）.csv,47,3002015010422,真乃＆めぐる,うんっ,風野灯織,【永遠の方程式】風野灯織,トライアングル（正）
風野灯織/【永遠の方程式】風野灯織/トライアングル（正）.csv,53,3002015010460,真乃,可愛いのも、ちょっと怖いのもあるけど……,風野灯織,【永遠の方程式】風野灯織,トライアングル（正）
風野灯織/【永遠の方程式】風野灯織/トライアングル（正）.csv,54,3002015010470,真乃,"どれも食べられるんだよね……
すごいなぁ……っ",風野灯織,【永遠の方程式】風野灯織,トライアングル（正）
風野灯織/【永遠の方程式】風野灯織/トライアングル（正）.csv,56,3002015010490,真乃,！,風野灯織,【永遠の方程式】風野灯織,トライアングル（正）
風野灯織/【永遠の方程式】風野灯織/トライアングル（正）.csv,57,3002015010500,真乃,"──……ふふっ
それじゃあ、お願いしちゃおうかな……っ",風野灯織,【永遠の方程式】風野灯織,トライアングル（正）
風野灯織/【混ぜ込む気持ち】風野灯織/ドキドキはたくさん.csv,29,3002019010280,真乃,"────それでは、みなさん
準備はいいでしょうか……っ",風野灯織,【混ぜ込む気持ち】風野灯織,ドキドキはたくさん
風野灯織/【混ぜ込む気持ち】風野灯織/ドキドキはたくさん.csv,32,3002019010310,真乃,"……じゃあ、第一陣
生地を流していきます……っ",風野灯織,【混ぜ込む気持ち】風野灯織,ドキドキはたくさん
風野灯織/【混ぜ込む気持ち】風野灯織/ドキドキはたくさん.csv,33,3002019010320,真乃,灯織ちゃん、お願いしますっ,風野灯織,【混ぜ込む気持ち】風野灯織,ドキドキはたくさん
風野灯織/【混ぜ込む気持ち】風野灯織/ドキドキはたくさん.csv,35,3002019010340,真乃,……ほわ,風野灯織,【混ぜ込む気持ち】風野灯織,ドキドキはたくさん
風野灯織/【混ぜ込む気持ち】風野灯織/ドキドキはたくさん.csv,36,3002019010350,真乃,"わさびも、入れていくよね……
入れるところ、見ないようにしなきゃ……っ",風野灯織,【混ぜ込む気持ち】風野灯織,ドキドキはたくさん
風野灯織/【混ぜ込む気持ち】風野灯織/ドキドキはたくさん.csv,40,3002019010381,真乃＆めぐる,……うんっ,風野灯織,【混ぜ込む気持ち】風野灯織,ドキドキはたくさん
風野灯織/【混ぜ込む気持ち】風野灯織/ドキドキはたくさん.csv,44,3002019010420,真乃,"……はいっ 
流します……っ",風野灯織,【混ぜ込む気持ち】風野灯織,ドキドキはたくさん
風野灯織/【混ぜ込む気持ち】風野灯織/ドキドキはたくさん.csv,48,3002019010451,真乃＆めぐる,……うんっ,風野灯織,【混ぜ込む気持ち】風野灯織,ドキドキはたくさん
風野灯織/【混ぜ込む気持ち】風野灯織/ドキドキはたくさん.csv,52,3002019010490,真乃,ふふ、うんっ,風野灯織,【混ぜ込む気持ち】風野灯織,ドキドキはたくさん
風野灯織/【混ぜ込む気持ち】風野灯織/ドキドキはたくさん.csv,53,3002019010500,真乃,"……でも、この中の何個かは
『当たり』があるんだよね……っ",風野灯織,【混ぜ込む気持ち】風野灯織,ドキドキはたくさん
風野灯織/【混ぜ込む気持ち】風野灯織/ドキドキはたくさん.csv,56,3002019010521,真乃＆めぐる,えっ,風野灯織,【混ぜ込む気持ち】風野灯織,ドキドキはたくさん
風野灯織/【混ぜ込む気持ち】風野灯織/ドキドキはたくさん.csv,59,3002019010541,真乃＆めぐる,……！,風野灯織,【混ぜ込む気持ち】風野灯織,ドキドキはたくさん
風野灯織/【混ぜ込む気持ち】風野灯織/ドキドキはたくさん.csv,63,3002019010580,真乃,うん……っ,風野灯織,【混ぜ込む気持ち】風野灯織,ドキドキはたくさん
風野灯織/【混ぜ込む気持ち】風野灯織/ドキドキはたくさん.csv,67,3002019010620,真乃,"うんっ
……それに",風野灯織,【混ぜ込む気持ち】風野灯織,ドキドキはたくさん
風野灯織/【混ぜ込む気持ち】風野灯織/ドキドキはたくさん.csv,68,3002019010630,真乃,ふたりとなら、どんなこともとっても楽しいな,風野灯織,【混ぜ込む気持ち】風野灯織,ドキドキはたくさん
風野灯織/【混ぜ込む気持ち】風野灯織/ドキドキはたくさん.csv,70,3002019010650,真乃,……シャッフル終わりましたっ,風野灯織,【混ぜ込む気持ち】風野灯織,ドキドキはたくさん
風野灯織/【混ぜ込む気持ち】風野灯織/隠し味の正体.csv,3,3002019020020,真乃,"……ふふ、どれを食べようって
選ぶのもドキドキして楽しいねっ",風野灯織,【混ぜ込む気持ち】風野灯織,隠し味の正体
風野灯織/【混ぜ込む気持ち】風野灯織/隠し味の正体.csv,9,3002019020080,真乃,"うん……っ
それに、少しくらい辛くてもきっと大丈夫っ",風野灯織,【混ぜ込む気持ち】風野灯織,隠し味の正体
風野灯織/【混ぜ込む気持ち】風野灯織/隠し味の正体.csv,14,3002019020121,真乃＆めぐる,……？,風野灯織,【混ぜ込む気持ち】風野灯織,隠し味の正体
風野灯織/【混ぜ込む気持ち】風野灯織/隠し味の正体.csv,16,3002019020131,真乃＆めぐる,――――！,風野灯織,【混ぜ込む気持ち】風野灯織,隠し味の正体
風野灯織/【混ぜ込む気持ち】風野灯織/隠し味の正体.csv,20,3002019020170,真乃,"……私は、灯織ちゃんと、めぐるちゃんと
一緒に食べたいな……っ",風野灯織,【混ぜ込む気持ち】風野灯織,隠し味の正体
風野灯織/【混ぜ込む気持ち】風野灯織/隠し味の正体.csv,27,3002019020240,真乃,"……私は
こっちにしようかな……",風野灯織,【混ぜ込む気持ち】風野灯織,隠し味の正体
風野灯織/【混ぜ込む気持ち】風野灯織/隠し味の正体.csv,30,3002019020261,真乃＆めぐる,うんっ,風野灯織,【混ぜ込む気持ち】風野灯織,隠し味の正体
風野灯織/【混ぜ込む気持ち】風野灯織/隠し味の正体.csv,32,3002019020270,真乃,…………？,風野灯織,【混ぜ込む気持ち】風野灯織,隠し味の正体
風野灯織/【混ぜ込む気持ち】風野灯織/隠し味の正体.csv,34,3002019020290,真乃,めぐるちゃんも……？,風野灯織,【混ぜ込む気持ち】風野灯織,隠し味の正体
風野灯織/【混ぜ込む気持ち】風野灯織/隠し味の正体.csv,36,3002019020310,真乃,う、うん……っ,風野灯織,【混ぜ込む気持ち】風野灯織,隠し味の正体
風野灯織/【混ぜ込む気持ち】風野灯織/隠し味の正体.csv,40,3002019020350,真乃,"──……
少しだけ、わさびを感じるかも……っ",風野灯織,【混ぜ込む気持ち】風野灯織,隠し味の正体
風野灯織/【混ぜ込む気持ち】風野灯織/隠し味の正体.csv,41,3002019020360,真乃,ちょっとだけ、入ってるみたいっ,風野灯織,【混ぜ込む気持ち】風野灯織,隠し味の正体
風野灯織/【混ぜ込む気持ち】風野灯織/隠し味の正体.csv,49,3002019020440,真乃,"……
今度は３人で焼くのはどうかな……",風野灯織,【混ぜ込む気持ち】風野灯織,隠し味の正体
風野灯織/【混ぜ込む気持ち】風野灯織/隠し味の正体.csv,53,3002019020480,真乃,"──はふっ
熱いけど、とろとろで美味しい……っ",風野灯織,【混ぜ込む気持ち】風野灯織,隠し味の正体
風野灯織/【混ぜ込む気持ち】風野灯織/隠し味の正体.csv,59,3002019020540,真乃,"……私も、
灯織ちゃんとめぐるちゃんとたこ焼き焼けて楽しいな……っ",風野灯織,【混ぜ込む気持ち】風野灯織,隠し味の正体
風野灯織/【混ぜ込む気持ち】風野灯織/隠し味の正体.csv,60,3002019020550,真乃,"……きっと
３人で作ったおかげで美味しくなったのかなって……っ",風野灯織,【混ぜ込む気持ち】風野灯織,隠し味の正体
風野灯織/【混ぜ込む気持ち】風野灯織/隠し味の正体.csv,65,3002019020600,真乃,"……まだまだ、いっぱいあるから
食べよう……っ",風野灯織,【混ぜ込む気持ち】風野灯織,隠し味の正体
風野灯織/【混ぜ込む気持ち】風野灯織/隠し味の正体.csv,69,3002019020631,真乃＆灯織,ふふっ,風野灯織,【混ぜ込む気持ち】風野灯織,隠し味の正体
風野灯織/【遊び疲れて……】風野灯織/ひと時のおやすみ.csv,4,3002004030030,真乃,"ふふっ
すごく楽しかったもんね",風野灯織,【遊び疲れて……】風野灯織,ひと時のおやすみ
風野灯織/【遊び疲れて……】風野灯織/ひと時のおやすみ.csv,7,3002004030060,真乃,"そういえば、荷物は一旦事務所に置いといてもいいって
はづきさんが……",風野灯織,【遊び疲れて……】風野灯織,ひと時のおやすみ
風野灯織/【遊び疲れて……】風野灯織/ひと時のおやすみ.csv,16,3002004030150,真乃,……ふふっ,風野灯織,【遊び疲れて……】風野灯織,ひと時のおやすみ
風野灯織/【遊び疲れて……】風野灯織/ひと時のおやすみ.csv,19,3002004030180,真乃,"ふふっ
また３人で見に行こうねっ",風野灯織,【遊び疲れて……】風野灯織,ひと時のおやすみ
風野灯織/【遊び疲れて……】風野灯織/ひと時のおやすみ.csv,22,3002004030210,真乃,"うんっ
後は持って帰るものだけだよ",風野灯織,【遊び疲れて……】風野灯織,ひと時のおやすみ
風野灯織/【遊び疲れて……】風野灯織/ひと時のおやすみ.csv,24,3002004030230,真乃,"そうだね
よいしょ…………ふふっ",風野灯織,【遊び疲れて……】風野灯織,ひと時のおやすみ
風野灯織/【遊び疲れて……】風野灯織/ひと時のおやすみ.csv,26,3002004030250,真乃,"あのね
旅行、本当に行って良かったと思って",風野灯織,【遊び疲れて……】風野灯織,ひと時のおやすみ
風野灯織/【遊び疲れて……】風野灯織/ひと時のおやすみ.csv,28,3002004030270,真乃,"灯織ちゃんが提案してくれた釣り
本当に楽しかったな",風野灯織,【遊び疲れて……】風野灯織,ひと時のおやすみ
風野灯織/【遊び疲れて……】風野灯織/ひと時のおやすみ.csv,29,3002004030280,真乃,"１番大きいのを釣ったのは、灯織ちゃんだったね
すごかったなぁ",風野灯織,【遊び疲れて……】風野灯織,ひと時のおやすみ
風野灯織/【遊び疲れて……】風野灯織/ひと時のおやすみ.csv,31,3002004030300,真乃,"そうだね……ふふっ
でも、お魚さんだけじゃなくて、空き缶も釣っちゃってた",風野灯織,【遊び疲れて……】風野灯織,ひと時のおやすみ
風野灯織/【遊び疲れて……】風野灯織/ひと時のおやすみ.csv,34,3002004030330,真乃,"うん……
……そのあとおかしくなっちゃって……",風野灯織,【遊び疲れて……】風野灯織,ひと時のおやすみ
風野灯織/【遊び疲れて……】風野灯織/ひと時のおやすみ.csv,35,3002004030340,真乃,……みんなで一緒に……笑ったね,風野灯織,【遊び疲れて……】風野灯織,ひと時のおやすみ
風野灯織/【遊び疲れて……】風野灯織/ひと時のおやすみ.csv,39,3002004030380,真乃,……,風野灯織,【遊び疲れて……】風野灯織,ひと時のおやすみ
風野灯織/【遊び疲れて……】風野灯織/ひと時のおやすみ.csv,41,3002004030400,真乃,すー……すー……,風野灯織,【遊び疲れて……】風野灯織,ひと時のおやすみ
風野灯織/【遊び疲れて……】風野灯織/ひと時のおやすみ.csv,43,3002004030420,真乃,すー……,風野灯織,【遊び疲れて……】風野灯織,ひと時のおやすみ
風野灯織/【遊び疲れて……】風野灯織/ひと時のおやすみ.csv,47,3002004030460,真乃,すー……すー……,風野灯織,【遊び疲れて……】風野灯織,ひと時のおやすみ
風野灯織/【遊び疲れて……】風野灯織/ひと時のおやすみ.csv,54,3002004030510,真乃,すー……,風野灯織,【遊び疲れて……】風野灯織,ひと時のおやすみ
風野灯織/【遊び疲れて……】風野灯織/忍耐と結果と.csv,17,3002004020150,真乃,"うんっ
これで大丈夫かな",風野灯織,【遊び疲れて……】風野灯織,忍耐と結果と
風野灯織/【遊び疲れて……】風野灯織/忍耐と結果と.csv,20,3002004020180,真乃,うん、本で見たとおりにやったらできたんだ,風野灯織,【遊び疲れて……】風野灯織,忍耐と結果と
風野灯織/【遊び疲れて……】風野灯織/忍耐と結果と.csv,23,3002004020210,真乃,"えっと……ここをこう持って……
はいっ、できたよ",風野灯織,【遊び疲れて……】風野灯織,忍耐と結果と
風野灯織/【遊び疲れて……】風野灯織/忍耐と結果と.csv,30,3002004020280,真乃,お魚さん……どこかへ行っちゃったのかな……,風野灯織,【遊び疲れて……】風野灯織,忍耐と結果と
風野灯織/【遊び疲れて……】風野灯織/忍耐と結果と.csv,35,3002004020330,真乃,"まだまだこれから、なんだね
……私も頑張ろう、むんっ",風野灯織,【遊び疲れて……】風野灯織,忍耐と結果と
風野灯織/【遊び疲れて……】風野灯織/忍耐と結果と.csv,38,3002004020360,真乃,え？　めぐるちゃん、すごい！,風野灯織,【遊び疲れて……】風野灯織,忍耐と結果と
風野灯織/【遊び疲れて……】風野灯織/忍耐と結果と.csv,42,3002004020400,真乃,やったね！　めぐるちゃん──,風野灯織,【遊び疲れて……】風野灯織,忍耐と結果と
風野灯織/【遊び疲れて……】風野灯織/忍耐と結果と.csv,43,3002004020410,真乃,"──あ、あれ？
私のも、もしかして……",風野灯織,【遊び疲れて……】風野灯織,忍耐と結果と
風野灯織/【遊び疲れて……】風野灯織/忍耐と結果と.csv,45,3002004020430,真乃,"や、やっぱりっ
ど、どうしたら……",風野灯織,【遊び疲れて……】風野灯織,忍耐と結果と
風野灯織/【遊び疲れて……】風野灯織/忍耐と結果と.csv,47,3002004020450,真乃,"ほわぁ……！
お魚さん、釣れちゃった……！",風野灯織,【遊び疲れて……】風野灯織,忍耐と結果と
風野灯織/【遊び疲れて……】風野灯織/忍耐と結果と.csv,57,3002004020550,真乃,"ひ、灯織ちゃん……！
私も手伝うよ……！",風野灯織,【遊び疲れて……】風野灯織,忍耐と結果と
風野灯織/【遊び疲れて……】風野灯織/忍耐と結果と.csv,61,3002004020580,真乃,"……やったぁ！
灯織ちゃん、お魚さん釣れたねっ",風野灯織,【遊び疲れて……】風野灯織,忍耐と結果と
風野灯織/【遊び疲れて……】風野灯織/忍耐と結果と.csv,66,3002004020630,真乃,ふふっ,風野灯織,【遊び疲れて……】風野灯織,忍耐と結果と
風野灯織/【遊び疲れて……】風野灯織/精一杯楽しむために.csv,5,3002004010040,真乃,"おはようございます
……あれ？　灯織ちゃん、何か読んでるの？",風野灯織,【遊び疲れて……】風野灯織,精一杯楽しむために
風野灯織/【遊び疲れて……】風野灯織/精一杯楽しむために.csv,9,3002004010080,真乃,ほわ、みんなで旅行に行くところだ……,風野灯織,【遊び疲れて……】風野灯織,精一杯楽しむために
風野灯織/【遊び疲れて……】風野灯織/精一杯楽しむために.csv,10,3002004010090,真乃,"もしかして、色々調べてくれてたの？
ありがとうっ、灯織ちゃん",風野灯織,【遊び疲れて……】風野灯織,精一杯楽しむために
風野灯織/【遊び疲れて……】風野灯織/精一杯楽しむために.csv,14,3002004010130,真乃,"本当だ……
水が透明で、きらきらしてて……",風野灯織,【遊び疲れて……】風野灯織,精一杯楽しむために
風野灯織/【遊び疲れて……】風野灯織/精一杯楽しむために.csv,17,3002004010160,真乃,"ほわぁ……
灯織ちゃん、こんなに予定立ててくれたんだ……！",風野灯織,【遊び疲れて……】風野灯織,精一杯楽しむために
風野灯織/【遊び疲れて……】風野灯織/精一杯楽しむために.csv,24,3002004010230,真乃,"？
どうしたの？",風野灯織,【遊び疲れて……】風野灯織,精一杯楽しむために
風野灯織/【遊び疲れて……】風野灯織/精一杯楽しむために.csv,33,3002004010320,真乃,そうだよ、灯織ちゃんっ,風野灯織,【遊び疲れて……】風野灯織,精一杯楽しむために
風野灯織/【遊び疲れて……】風野灯織/精一杯楽しむために.csv,37,3002004010360,真乃,"ふふ、決まりっ
どんなお魚さんがいるかな",風野灯織,【遊び疲れて……】風野灯織,精一杯楽しむために
風野灯織/【遊び疲れて……】風野灯織/精一杯楽しむために.csv,42,3002004010410,真乃,"ありがとう、灯織ちゃん
お魚さん、みんなでたくさん釣れるといいな",風野灯織,【遊び疲れて……】風野灯織,精一杯楽しむために
風野灯織/【風野署長の一日勤務回想録】風野灯織/Q＆A・トレイン.csv,3,3002007020020,真乃,ふふっ、はい,風野灯織,【風野署長の一日勤務回想録】風野灯織,Q＆A・トレイン
風野灯織/【風野署長の一日勤務回想録】風野灯織/Q＆A・トレイン.csv,5,3002007020040,真乃,え、えっと……いいえ,風野灯織,【風野署長の一日勤務回想録】風野灯織,Q＆A・トレイン
風野灯織/【風野署長の一日勤務回想録】風野灯織/Q＆A・トレイン.csv,7,3002007020060,真乃,はい,風野灯織,【風野署長の一日勤務回想録】風野灯織,Q＆A・トレイン
風野灯織/【風野署長の一日勤務回想録】風野灯織/Q＆A・トレイン.csv,10,3002007020090,真乃,は、はいっ,風野灯織,【風野署長の一日勤務回想録】風野灯織,Q＆A・トレイン
風野灯織/【風野署長の一日勤務回想録】風野灯織/Q＆A・トレイン.csv,14,3002007020120,真乃,はい,風野灯織,【風野署長の一日勤務回想録】風野灯織,Q＆A・トレイン
風野灯織/【風野署長の一日勤務回想録】風野灯織/Q＆A・トレイン.csv,16,3002007020140,真乃,はい……っ,風野灯織,【風野署長の一日勤務回想録】風野灯織,Q＆A・トレイン
風野灯織/【風野署長の一日勤務回想録】風野灯織/Q＆A・トレイン.csv,21,3002007020180,真乃,ほわぁ,風野灯織,【風野署長の一日勤務回想録】風野灯織,Q＆A・トレイン
風野灯織/【風野署長の一日勤務回想録】風野灯織/Q＆A・トレイン.csv,22,3002007020190,真乃,当たりだよっ,風野灯織,【風野署長の一日勤務回想録】風野灯織,Q＆A・トレイン
風野灯織/【風野署長の一日勤務回想録】風野灯織/Q＆A・トレイン.csv,25,3002007020220,真乃,ふふ,風野灯織,【風野署長の一日勤務回想録】風野灯織,Q＆A・トレイン
風野灯織/【風野署長の一日勤務回想録】風野灯織/Q＆A・トレイン.csv,26,3002007020230,真乃,"それじゃあ……10問以内に正解したから、
私からふたりにチョコを１つずつ、だね",風野灯織,【風野署長の一日勤務回想録】風野灯織,Q＆A・トレイン
風野灯織/【風野署長の一日勤務回想録】風野灯織/Q＆A・トレイン.csv,29,3002007020260,真乃,ふふ……うん,風野灯織,【風野署長の一日勤務回想録】風野灯織,Q＆A・トレイン
風野灯織/【風野署長の一日勤務回想録】風野灯織/Q＆A・トレイン.csv,30,3002007020270,真乃,……でも、そんなに簡単だったかなぁ……？,風野灯織,【風野署長の一日勤務回想録】風野灯織,Q＆A・トレイン
風野灯織/【風野署長の一日勤務回想録】風野灯織/Q＆A・トレイン.csv,34,3002007020300,真乃,そ、そっか……,風野灯織,【風野署長の一日勤務回想録】風野灯織,Q＆A・トレイン
風野灯織/【風野署長の一日勤務回想録】風野灯織/Q＆A・トレイン.csv,43,3002007020390,真乃,"じゃ、じゃあ、いくね……っ
……生き物ですか？",風野灯織,【風野署長の一日勤務回想録】風野灯織,Q＆A・トレイン
風野灯織/【風野署長の一日勤務回想録】風野灯織/Q＆A・トレイン.csv,47,3002007020430,真乃,おっきいですか？,風野灯織,【風野署長の一日勤務回想録】風野灯織,Q＆A・トレイン
風野灯織/【風野署長の一日勤務回想録】風野灯織/Q＆A・トレイン.csv,53,3002007020490,真乃,私たちが、知ってる人ですか？,風野灯織,【風野署長の一日勤務回想録】風野灯織,Q＆A・トレイン
風野灯織/【風野署長の一日勤務回想録】風野灯織/Q＆A・トレイン.csv,58,3002007020540,真乃,……あと４問だね……っ,風野灯織,【風野署長の一日勤務回想録】風野灯織,Q＆A・トレイン
風野灯織/【風野署長の一日勤務回想録】風野灯織/Q＆A・トレイン.csv,60,3002007020560,真乃,"ううん、まだ……えっと、知ってる人だから……
女の子ですか？",風野灯織,【風野署長の一日勤務回想録】風野灯織,Q＆A・トレイン
風野灯織/【風野署長の一日勤務回想録】風野灯織/Q＆A・トレイン.csv,64,3002007020600,真乃,"めぐるちゃん、すごい
ふふっ……私、わかっちゃったかも",風野灯織,【風野署長の一日勤務回想録】風野灯織,Q＆A・トレイン
風野灯織/【風野署長の一日勤務回想録】風野灯織/Q＆A・トレイン.csv,65,3002007020610,真乃,"えっと……
その人はとっても頼もしくって、優しい人ですか？",風野灯織,【風野署長の一日勤務回想録】風野灯織,Q＆A・トレイン
風野灯織/【風野署長の一日勤務回想録】風野灯織/Q＆A・トレイン.csv,71,3002007020670,真乃,うんっ,風野灯織,【風野署長の一日勤務回想録】風野灯織,Q＆A・トレイン
風野灯織/【風野署長の一日勤務回想録】風野灯織/Q＆A・トレイン.csv,73,3002007020681,真乃＆めぐる,せーのっ,風野灯織,【風野署長の一日勤務回想録】風野灯織,Q＆A・トレイン
風野灯織/【風野署長の一日勤務回想録】風野灯織/Q＆A・トレイン.csv,74,3002007020682,真乃＆めぐる,──っ,風野灯織,【風野署長の一日勤務回想録】風野灯織,Q＆A・トレイン
風野灯織/【風野署長の一日勤務回想録】風野灯織/Q＆A・トレイン.csv,75,3002007020683,真乃＆めぐる,！,風野灯織,【風野署長の一日勤務回想録】風野灯織,Q＆A・トレイン
風野灯織/【風野署長の一日勤務回想録】風野灯織/Q＆A・トレイン.csv,76,3002007020684,真乃＆めぐる,えーっ,風野灯織,【風野署長の一日勤務回想録】風野灯織,Q＆A・トレイン
風野灯織/【風野署長の一日勤務回想録】風野灯織/Q＆A・トレイン.csv,78,3002007020700,真乃,"ひ、灯織ちゃん、
正解は誰……？",風野灯織,【風野署長の一日勤務回想録】風野灯織,Q＆A・トレイン
風野灯織/【風野署長の一日勤務回想録】風野灯織/Q＆A・トレイン.csv,81,3002007020730,真乃,めぐるちゃんだよね……？,風野灯織,【風野署長の一日勤務回想録】風野灯織,Q＆A・トレイン
風野灯織/【風野署長の一日勤務回想録】風野灯織/Q＆A・トレイン.csv,84,3002007020760,真乃,……？,風野灯織,【風野署長の一日勤務回想録】風野灯織,Q＆A・トレイン
風野灯織/【風野署長の一日勤務回想録】風野灯織/Q＆A・トレイン.csv,88,3002007020800,真乃,"わ、私も……っ
めぐるちゃんならわかるけど……",風野灯織,【風野署長の一日勤務回想録】風野灯織,Q＆A・トレイン
風野灯織/【風野署長の一日勤務回想録】風野灯織/Q＆A・トレイン.csv,90,3002007020811,真乃＆めぐる,……！,風野灯織,【風野署長の一日勤務回想録】風野灯織,Q＆A・トレイン
風野灯織/【風野署長の一日勤務回想録】風野灯織/ミルクティーの体温.csv,5,3002007030040,真乃,あ──,風野灯織,【風野署長の一日勤務回想録】風野灯織,ミルクティーの体温
風野灯織/【風野署長の一日勤務回想録】風野灯織/ミルクティーの体温.csv,6,3002007030050,真乃,灯織ちゃん、お疲れさま,風野灯織,【風野署長の一日勤務回想録】風野灯織,ミルクティーの体温
風野灯織/【風野署長の一日勤務回想録】風野灯織/ミルクティーの体温.csv,9,3002007030080,真乃,う、うん──,風野灯織,【風野署長の一日勤務回想録】風野灯織,ミルクティーの体温
風野灯織/【風野署長の一日勤務回想録】風野灯織/ミルクティーの体温.csv,10,3002007030090,真乃,あ,風野灯織,【風野署長の一日勤務回想録】風野灯織,ミルクティーの体温
風野灯織/【風野署長の一日勤務回想録】風野灯織/ミルクティーの体温.csv,12,3002007030110,真乃,"えへへ……
冷たいのと、間違えちゃったみたい……",風野灯織,【風野署長の一日勤務回想録】風野灯織,ミルクティーの体温
風野灯織/【風野署長の一日勤務回想録】風野灯織/ミルクティーの体温.csv,14,3002007030130,真乃,……っ……,風野灯織,【風野署長の一日勤務回想録】風野灯織,ミルクティーの体温
風野灯織/【風野署長の一日勤務回想録】風野灯織/ミルクティーの体温.csv,17,3002007030160,真乃,あ、灯織ちゃん──,風野灯織,【風野署長の一日勤務回想録】風野灯織,ミルクティーの体温
風野灯織/【風野署長の一日勤務回想録】風野灯織/ミルクティーの体温.csv,19,3002007030180,真乃,ご、ごめんね……っ,風野灯織,【風野署長の一日勤務回想録】風野灯織,ミルクティーの体温
風野灯織/【風野署長の一日勤務回想録】風野灯織/ミルクティーの体温.csv,20,3002007030190,真乃,"えっと、そっちのはカバンに入れようかな……っ
あ、あったかいのも買い直さなきゃ……",風野灯織,【風野署長の一日勤務回想録】風野灯織,ミルクティーの体温
風野灯織/【風野署長の一日勤務回想録】風野灯織/ミルクティーの体温.csv,23,3002007030220,真乃,え……？,風野灯織,【風野署長の一日勤務回想録】風野灯織,ミルクティーの体温
風野灯織/【風野署長の一日勤務回想録】風野灯織/ミルクティーの体温.csv,25,3002007030240,真乃,"ほわぁ……っ
そ、そうだね",風野灯織,【風野署長の一日勤務回想録】風野灯織,ミルクティーの体温
風野灯織/【風野署長の一日勤務回想録】風野灯織/ミルクティーの体温.csv,26,3002007030250,真乃,……ふふ、灯織ちゃん、ありがとう,風野灯織,【風野署長の一日勤務回想録】風野灯織,ミルクティーの体温
風野灯織/【風野署長の一日勤務回想録】風野灯織/ミルクティーの体温.csv,29,3002007030280,真乃,……,風野灯織,【風野署長の一日勤務回想録】風野灯織,ミルクティーの体温
風野灯織/【風野署長の一日勤務回想録】風野灯織/ミルクティーの体温.csv,31,3002007030300,真乃,──あっ……,風野灯織,【風野署長の一日勤務回想録】風野灯織,ミルクティーの体温
風野灯織/【風野署長の一日勤務回想録】風野灯織/ミルクティーの体温.csv,33,3002007030320,真乃,"灯織ちゃん、ごめん……っ
私、傘──自販機のところに置いてきちゃった",風野灯織,【風野署長の一日勤務回想録】風野灯織,ミルクティーの体温
風野灯織/【風野署長の一日勤務回想録】風野灯織/ミルクティーの体温.csv,35,3002007030340,真乃,"ほ、ほんとにごめんねっ……
取ってくるから、行ってて……っ",風野灯織,【風野署長の一日勤務回想録】風野灯織,ミルクティーの体温
風野灯織/【風野署長の一日勤務回想録】風野灯織/ミルクティーの体温.csv,39,3002007030380,真乃,……,風野灯織,【風野署長の一日勤務回想録】風野灯織,ミルクティーの体温
風野灯織/【風野署長の一日勤務回想録】風野灯織/ミルクティーの体温.csv,41,3002007030400,真乃,あ──,風野灯織,【風野署長の一日勤務回想録】風野灯織,ミルクティーの体温
風野灯織/【風野署長の一日勤務回想録】風野灯織/ミルクティーの体温.csv,42,3002007030410,真乃,っ、……まだ、ちょっと冷たい……,風野灯織,【風野署長の一日勤務回想録】風野灯織,ミルクティーの体温
風野灯織/【風野署長の一日勤務回想録】風野灯織/ミルクティーの体温.csv,43,3002007030420,真乃,……,風野灯織,【風野署長の一日勤務回想録】風野灯織,ミルクティーの体温
風野灯織/【風野署長の一日勤務回想録】風野灯織/ミルクティーの体温.csv,45,3002007030440,真乃,……えっ？　あ──,風野灯織,【風野署長の一日勤務回想録】風野灯織,ミルクティーの体温
風野灯織/【風野署長の一日勤務回想録】風野灯織/ミルクティーの体温.csv,46,3002007030450,真乃,"ごめんね、灯織ちゃん……っ
どうかした……？",風野灯織,【風野署長の一日勤務回想録】風野灯織,ミルクティーの体温
風野灯織/【風野署長の一日勤務回想録】風野灯織/ミルクティーの体温.csv,49,3002007030480,真乃,……？,風野灯織,【風野署長の一日勤務回想録】風野灯織,ミルクティーの体温
風野灯織/【風野署長の一日勤務回想録】風野灯織/ミルクティーの体温.csv,51,3002007030500,真乃,っ,風野灯織,【風野署長の一日勤務回想録】風野灯織,ミルクティーの体温
風野灯織/【風野署長の一日勤務回想録】風野灯織/ミルクティーの体温.csv,52,3002007030510,真乃,"……う、ううんっ
どうして……？",風野灯織,【風野署長の一日勤務回想録】風野灯織,ミルクティーの体温
風野灯織/【風野署長の一日勤務回想録】風野灯織/ミルクティーの体温.csv,54,3002007030530,真乃,あ──,風野灯織,【風野署長の一日勤務回想録】風野灯織,ミルクティーの体温
風野灯織/【風野署長の一日勤務回想録】風野灯織/ミルクティーの体温.csv,55,3002007030540,真乃,"ご、ごめんね……っ
ライブも近いのに、ぼんやりしてちゃ、ダメだよねっ",風野灯織,【風野署長の一日勤務回想録】風野灯織,ミルクティーの体温
風野灯織/【風野署長の一日勤務回想録】風野灯織/ミルクティーの体温.csv,58,3002007030570,真乃,っ……,風野灯織,【風野署長の一日勤務回想録】風野灯織,ミルクティーの体温
風野灯織/【風野署長の一日勤務回想録】風野灯織/ミルクティーの体温.csv,62,3002007030610,真乃,う、うん……っ,風野灯織,【風野署長の一日勤務回想録】風野灯織,ミルクティーの体温
風野灯織/【風野署長の一日勤務回想録】風野灯織/ミルクティーの体温.csv,63,3002007030620,真乃,"ありがとう……
持ってきてもらっちゃって、ごめんね……",風野灯織,【風野署長の一日勤務回想録】風野灯織,ミルクティーの体温
風野灯織/【風野署長の一日勤務回想録】風野灯織/ミルクティーの体温.csv,67,3002007030660,真乃,──,風野灯織,【風野署長の一日勤務回想録】風野灯織,ミルクティーの体温
風野灯織/【風野署長の一日勤務回想録】風野灯織/ミルクティーの体温.csv,68,3002007030670,真乃,灯織ちゃん、はいっ,風野灯織,【風野署長の一日勤務回想録】風野灯織,ミルクティーの体温
風野灯織/【風野署長の一日勤務回想録】風野灯織/ミルクティーの体温.csv,69,3002007030680,真乃,よかったら、灯織ちゃんも飲んで,風野灯織,【風野署長の一日勤務回想録】風野灯織,ミルクティーの体温
風野灯織/【風野署長の一日勤務回想録】風野灯織/ミルクティーの体温.csv,71,3002007030700,真乃,あったかくしてくれたの、灯織ちゃんだから,風野灯織,【風野署長の一日勤務回想録】風野灯織,ミルクティーの体温
風野灯織/【風野署長の一日勤務回想録】風野灯織/ミルクティーの体温.csv,75,3002007030740,真乃,"ううん。隣で……
一緒にミルクティー、嬉しいんだ",風野灯織,【風野署長の一日勤務回想録】風野灯織,ミルクティーの体温
風野灯織/【風野署長の一日勤務回想録】風野灯織/ミルクティーの体温.csv,77,3002007030760,真乃,……灯織ちゃん、あのね,風野灯織,【風野署長の一日勤務回想録】風野灯織,ミルクティーの体温
風野灯織/【風野署長の一日勤務回想録】風野灯織/ミルクティーの体温.csv,78,3002007030770,真乃,"……私……
ぼーっとしてちゃ、ダメだよね",風野灯織,【風野署長の一日勤務回想録】風野灯織,ミルクティーの体温
風野灯織/【風野署長の一日勤務回想録】風野灯織/ミルクティーの体温.csv,80,3002007030790,真乃,ちゃんと、頑張らなきゃ……,風野灯織,【風野署長の一日勤務回想録】風野灯織,ミルクティーの体温
風野灯織/【風野署長の一日勤務回想録】風野灯織/ミルクティーの体温.csv,83,3002007030820,真乃,……,風野灯織,【風野署長の一日勤務回想録】風野灯織,ミルクティーの体温
風野灯織/【魔法の階段を上って……】風野灯織/夢見る少女のように.csv,3,3002006010020,真乃,"うん
灯織ちゃん、めぐるちゃんお疲れ様",風野灯織,【魔法の階段を上って……】風野灯織,夢見る少女のように
風野灯織/【魔法の階段を上って……】風野灯織/夢見る少女のように.csv,7,3002006010060,真乃,"主役のシンデレラだもんね
ドレス姿の灯織ちゃん、きっと綺麗なんだろうなぁ",風野灯織,【魔法の階段を上って……】風野灯織,夢見る少女のように
風野灯織/【魔法の階段を上って……】風野灯織/夢見る少女のように.csv,9,3002006010080,真乃,私、公演が始まったら絶対観に行くねっ,風野灯織,【魔法の階段を上って……】風野灯織,夢見る少女のように
風野灯織/【魔法の階段を上って……】風野灯織/夢見る少女のように.csv,13,3002006010120,真乃,灯織ちゃん……,風野灯織,【魔法の階段を上って……】風野灯織,夢見る少女のように
風野灯織/【魔法の階段を上って……】風野灯織/夢見る少女のように.csv,18,3002006010170,真乃,私も灯織ちゃんのお手伝いしたいな,風野灯織,【魔法の階段を上って……】風野灯織,夢見る少女のように
風野灯織/【魔法の階段を上って……】風野灯織/夢見る少女のように.csv,20,3002006010190,真乃,もちろん！,風野灯織,【魔法の階段を上って……】風野灯織,夢見る少女のように
風野灯織/【魔法の階段を上って……】風野灯織/夢見る少女のように.csv,26,3002006010250,真乃,"うんっ
それじゃ、私から……",風野灯織,【魔法の階段を上って……】風野灯織,夢見る少女のように
風野灯織/【魔法の階段を上って……】風野灯織/夢見る少女のように.csv,27,3002006010260,真乃,"『シンデレラっ
シンデレラはいる？』",風野灯織,【魔法の階段を上って……】風野灯織,夢見る少女のように
風野灯織/【魔法の階段を上って……】風野灯織/夢見る少女のように.csv,33,3002006010320,真乃,"『それより、今日の舞踏会は
王子様のお妃様を決める大切な催しだよ』",風野灯織,【魔法の階段を上って……】風野灯織,夢見る少女のように
風野灯織/【魔法の階段を上って……】風野灯織/夢見る少女のように.csv,34,3002006010330,真乃,"『選ばれるよう早くおめかしをして
準備してきなさい』",風野灯織,【魔法の階段を上って……】風野灯織,夢見る少女のように
風野灯織/【魔法の階段を上って……】風野灯織/夢見る少女のように.csv,37,3002006010360,真乃,『それが終わったら、私の部屋もよっ……！』,風野灯織,【魔法の階段を上って……】風野灯織,夢見る少女のように
風野灯織/【魔法の階段を上って……】風野灯織/夢見る少女のように.csv,38,3002006010370,真乃,"……えっと
こんな感じで大丈夫かな？",風野灯織,【魔法の階段を上って……】風野灯織,夢見る少女のように
風野灯織/【魔法の階段を上って……】風野灯織/夢見る少女のように.csv,48,3002006010470,真乃,"お疲れ様、灯織ちゃん！
すっごく良かったよっ",風野灯織,【魔法の階段を上って……】風野灯織,夢見る少女のように
風野灯織/【魔法の階段を上って……】風野灯織/夢見る少女のように.csv,53,3002006010520,真乃,大丈夫だよ、灯織ちゃん,風野灯織,【魔法の階段を上って……】風野灯織,夢見る少女のように
風野灯織/【魔法の階段を上って……】風野灯織/鐘が鳴るその時までは…….csv,3,3002006020020,真乃,"灯織ちゃん……
私は、すごく上手になってると思うよっ",風野灯織,【魔法の階段を上って……】風野灯織,鐘が鳴るその時までは……
風野灯織/【魔法の階段を上って……】風野灯織/鐘が鳴るその時までは…….csv,14,3002006020130,真乃,"ほわぁ、じゃあもう１回やってみようよ
灯織ちゃんっ！",風野灯織,【魔法の階段を上って……】風野灯織,鐘が鳴るその時までは……
風野灯織/【魔法の階段を上って……】風野灯織/鐘が鳴るその時までは…….csv,16,3002006020150,真乃,"『馬車もお供も、必要なものは全て用意したわ
さぁ、舞踏会に行っておいで』",風野灯織,【魔法の階段を上って……】風野灯織,鐘が鳴るその時までは……
風野灯織/【魔法の階段を上って……】風野灯織/鐘が鳴るその時までは…….csv,18,3002006020170,真乃,"『それも必要だったわね
それなら……ほら、これで大丈夫よ』",風野灯織,【魔法の階段を上って……】風野灯織,鐘が鳴るその時までは……
風野灯織/【魔法の階段を上って……】風野灯織/鐘が鳴るその時までは…….csv,20,3002006020190,真乃,"『ただし、この魔法は12時を過ぎたら消えてしまうから
鐘が鳴り終わる前に戻ってくるんだよ』",風野灯織,【魔法の階段を上って……】風野灯織,鐘が鳴るその時までは……
風野灯織/【魔法の階段を上って……】風野灯織/鐘が鳴るその時までは…….csv,40,3002006020360,真乃,"本当に……
本当に、お姫様みたいだったよっ",風野灯織,【魔法の階段を上って……】風野灯織,鐘が鳴るその時までは……
風野灯織/【魔法の階段を上って……】風野灯織/鐘が鳴るその時までは…….csv,45,3002006020410,真乃,ふふっ,風野灯織,【魔法の階段を上って……】風野灯織,鐘が鳴るその時までは……
風野灯織/【魔法の階段を上って……】風野灯織/鐘が鳴るその時までは…….csv,52,3002006020480,真乃,プロデューサーさんとか……？,風野灯織,【魔法の階段を上って……】風野灯織,鐘が鳴るその時までは……
風野灯織/【２８３プロのヒナ】風野灯織/真乃と過ごす休日.csv,2,3002002010010,真乃,あ……灯織ちゃん,風野灯織,【２８３プロのヒナ】風野灯織,真乃と過ごす休日
風野灯織/【２８３プロのヒナ】風野灯織/真乃と過ごす休日.csv,4,3002002010030,真乃,"私は、お散歩してたところだよ
灯織ちゃんは？",風野灯織,【２８３プロのヒナ】風野灯織,真乃と過ごす休日
風野灯織/【２８３プロのヒナ】風野灯織/真乃と過ごす休日.csv,6,3002002010050,真乃,ＣＤショップ……かぁ,風野灯織,【２８３プロのヒナ】風野灯織,真乃と過ごす休日
風野灯織/【２８３プロのヒナ】風野灯織/真乃と過ごす休日.csv,7,3002002010060,真乃,あの……私もついて行ってもいいかな？,風野灯織,【２８３プロのヒナ】風野灯織,真乃と過ごす休日
風野灯織/【２８３プロのヒナ】風野灯織/真乃と過ごす休日.csv,9,3002002010080,真乃,わぁ、ありがとう,風野灯織,【２８３プロのヒナ】風野灯織,真乃と過ごす休日
風野灯織/【２８３プロのヒナ】風野灯織/真乃と過ごす休日.csv,10,3002002010090,真乃,"ほわぁ……ＣＤショップ、面白かった～
いろんなＣＤがたくさんあったね",風野灯織,【２８３プロのヒナ】風野灯織,真乃と過ごす休日
風野灯織/【２８３プロのヒナ】風野灯織/真乃と過ごす休日.csv,12,3002002010110,真乃,えへへ……そうだよね,風野灯織,【２８３プロのヒナ】風野灯織,真乃と過ごす休日
風野灯織/【２８３プロのヒナ】風野灯織/真乃と過ごす休日.csv,15,3002002010140,真乃,ほわ！　ねえ、灯織ちゃん,風野灯織,【２８３プロのヒナ】風野灯織,真乃と過ごす休日
風野灯織/【２８３プロのヒナ】風野灯織/真乃と過ごす休日.csv,17,3002002010160,真乃,"あそこにいる男の子……迷子じゃないかな
ひとりで、泣いてるみたいで……",風野灯織,【２８３プロのヒナ】風野灯織,真乃と過ごす休日
風野灯織/【２８３プロのヒナ】風野灯織/真乃と過ごす休日.csv,19,3002002010180,真乃,"そ、そうだよね……！
早く行かなくちゃ……！",風野灯織,【２８３プロのヒナ】風野灯織,真乃と過ごす休日
風野灯織/【２８３プロのヒナ】風野灯織/真乃と過ごす休日.csv,21,3002002010200,真乃,……ふふっ,風野灯織,【２８３プロのヒナ】風野灯織,真乃と過ごす休日
風野灯織/【２８３プロのヒナ】風野灯織/真乃と過ごす休日.csv,23,3002002010220,真乃,ううん、灯織ちゃんは優しいなと思って,風野灯織,【２８３プロのヒナ】風野灯織,真乃と過ごす休日
風野灯織/【２８３プロのヒナ】風野灯織/真乃と過ごす休日.csv,25,3002002010240,真乃,ううん、そんなことないよ,風野灯織,【２８３プロのヒナ】風野灯織,真乃と過ごす休日
風野灯織/【２８３プロのヒナ】風野灯織/真乃と過ごす休日.csv,26,3002002010250,真乃,"だって、あの男の子が迷子になって
泣いていたとき……",風野灯織,【２８３プロのヒナ】風野灯織,真乃と過ごす休日
風野灯織/【２８３プロのヒナ】風野灯織/真乃と過ごす休日.csv,27,3002002010260,真乃,"すぐに交番に連れていこうって
言ってくれたのは、灯織ちゃんだよ",風野灯織,【２８３プロのヒナ】風野灯織,真乃と過ごす休日
