file,line_no,id,speaker,text,category,arc,episode
283活动剧情/#２８３をひろげよう/エンディング-REPLY PARTY.csv,5,4001044080011,めぐる＆円香＆雛菜,…………,283活动剧情,#２８３をひろげよう,エンディング-REPLY PARTY
283活动剧情/#２８３をひろげよう/エンディング-REPLY PARTY.csv,10,4001044080050,円香,"……総合的に考えた結果なんですよね？
それなら、やむを得ないことだったのでは",283活动剧情,#２８３をひろげよう,エンディング-REPLY PARTY
283活动剧情/#２８３をひろげよう/エンディング-REPLY PARTY.csv,27,4001044080150,円香,"まあ、次はないと
……何度も謝るからにはそういうことでいいんですよね？",283活动剧情,#２８３をひろげよう,エンディング-REPLY PARTY
283活动剧情/#２８３をひろげよう/エンディング-REPLY PARTY.csv,28,4001044080160,円香,"レッスン室を増設するのかなんなのか……
解決の仕方は知りませんが",283活动剧情,#２８３をひろげよう,エンディング-REPLY PARTY
283活动剧情/#２８３をひろげよう/エンディング-REPLY PARTY.csv,47,4001044080310,円香,今行くから,283活动剧情,#２８３をひろげよう,エンディング-REPLY PARTY
283活动剧情/#２８３をひろげよう/エンディング-REPLY PARTY.csv,65,4001044080430,円香,雛菜、モニターの角度調整して,283活动剧情,#２８３をひろげよう,エンディング-REPLY PARTY
283活动剧情/#２８３をひろげよう/オープニング-PROJECT.csv,33,4001044010170,円香,…………,283活动剧情,#２８３をひろげよう,オープニング-PROJECT
283活动剧情/#２８３をひろげよう/オープニング-PROJECT.csv,34,4001044010180,円香,…………,283活动剧情,#２８３をひろげよう,オープニング-PROJECT
283活动剧情/#２８３をひろげよう/第1話-MEETING.csv,19,4001044020180,円香,…………,283活动剧情,#２８３をひろげよう,第1話-MEETING
283活动剧情/#２８３をひろげよう/第1話-MEETING.csv,20,4001044020190,円香,プロデューサーは？,283活动剧情,#２８３をひろげよう,第1話-MEETING
283活动剧情/#２８３をひろげよう/第1話-MEETING.csv,35,4001044020340,円香,"私は今度のユニットの練習を
撮影したいってことと",283活动剧情,#２８３をひろげよう,第1話-MEETING
283活动剧情/#２８３をひろげよう/第1話-MEETING.csv,36,4001044020350,円香,時間があれば撮影も手伝ってくれって聞いてるけど,283活动剧情,#２８３をひろげよう,第1話-MEETING
283活动剧情/#２８３をひろげよう/第1話-MEETING.csv,39,4001044020380,円香,ん,283活动剧情,#２８３をひろげよう,第1話-MEETING
283活动剧情/#２８３をひろげよう/第1話-MEETING.csv,60,4001044020540,円香,うちも残りふたりは、都合がつかなかったから,283活动剧情,#２８３をひろげよう,第1話-MEETING
283活动剧情/#２８３をひろげよう/第1話-MEETING.csv,62,4001044020560,円香,"そうじゃなくても、
全員集まってっていうのは難しい気がする",283活动剧情,#２８３をひろげよう,第1話-MEETING
283活动剧情/#２８３をひろげよう/第1話-MEETING.csv,63,4001044020570,円香,"全ユニットの全メンバーってなれば
相当な人数だし",283活动剧情,#２８３をひろげよう,第1話-MEETING
283活动剧情/#２８３をひろげよう/第1話-MEETING.csv,84,4001044020650,円香,…………,283活动剧情,#２８３をひろげよう,第1話-MEETING
283活动剧情/#２８３をひろげよう/第2話-[283PRO]MEETING bhd.csv,4,4001044030030,円香,"ああ……
これそういう名前の会議だったの",283活动剧情,#２８３をひろげよう,第2話-[283PRO]MEETING bhd
283活动剧情/#２８３をひろげよう/第2話-[283PRO]MEETING bhd.csv,14,4001044030130,円香,いいんじゃないの,283活动剧情,#２８３をひろげよう,第2話-[283PRO]MEETING bhd
283活动剧情/#２８３をひろげよう/第3話-[283PRO]LESSON bhd.csv,3,4001044040020,円香,"……
大丈夫じゃない？",283活动剧情,#２８３をひろげよう,第3話-[283PRO]LESSON bhd
283活动剧情/#２８３をひろげよう/第3話-[283PRO]LESSON bhd.csv,4,4001044040030,円香,"みんなで撮りあった映像ってことで
載せるみたいだし",283活动剧情,#２８３をひろげよう,第3話-[283PRO]LESSON bhd
283活动剧情/#２８３をひろげよう/第3話-[283PRO]LESSON bhd.csv,5,4001044040040,円香,"頑張りすぎない方が
むしろ臨場感が出るかも",283活动剧情,#２８３をひろげよう,第3話-[283PRO]LESSON bhd
283活动剧情/#２８３をひろげよう/第3話-[283PRO]LESSON bhd.csv,16,4001044040141,円香＆雛菜,…………,283活动剧情,#２８３をひろげよう,第3話-[283PRO]LESSON bhd
283活动剧情/#２８３をひろげよう/第3話-[283PRO]LESSON bhd.csv,21,4001044040190,円香,"まあ、色々都合がよかったんじゃない？
実際",283活动剧情,#２８３をひろげよう,第3話-[283PRO]LESSON bhd
283活动剧情/#２８３をひろげよう/第3話-[283PRO]LESSON bhd.csv,22,4001044040200,円香,"テレビやライブの為に準備してる
パフォーマンスだと、ネタバレになるから",283活动剧情,#２８３をひろげよう,第3話-[283PRO]LESSON bhd
283活动剧情/#２８３をひろげよう/第3話-[283PRO]LESSON bhd.csv,32,4001044040270,円香,なんですか,283活动剧情,#２８３をひろげよう,第3話-[283PRO]LESSON bhd
283活动剧情/#２８３をひろげよう/第3話-[283PRO]LESSON bhd.csv,38,4001044040281,めぐる＆円香＆雛菜,………………,283活动剧情,#２８３をひろげよう,第3話-[283PRO]LESSON bhd
283活动剧情/#２８３をひろげよう/第3話-[283PRO]LESSON bhd.csv,42,4001044040300,円香,わかりました,283活动剧情,#２８３をひろげよう,第3話-[283PRO]LESSON bhd
283活动剧情/#２８３をひろげよう/第3話-[283PRO]LESSON bhd.csv,43,4001044040310,円香,"浅倉と小糸には中止になったと
連絡しておきます",283活动剧情,#２８３をひろげよう,第3話-[283PRO]LESSON bhd
283活动剧情/#２８３をひろげよう/第3話-[283PRO]LESSON bhd.csv,50,4001044040360,円香,"さあ……
でも歌番組に向けた練習なんでしょ",283活动剧情,#２８３をひろげよう,第3話-[283PRO]LESSON bhd
283活动剧情/#２８３をひろげよう/第3話-[283PRO]LESSON bhd.csv,56,4001044040410,円香,私は別に,283活动剧情,#２８３をひろげよう,第3話-[283PRO]LESSON bhd
283活动剧情/#２８３をひろげよう/第3話-[283PRO]LESSON bhd.csv,57,4001044040420,円香,"……それより
悠長に喋っている暇はあるんですか",283活动剧情,#２８３をひろげよう,第3話-[283PRO]LESSON bhd
283活动剧情/#２８３をひろげよう/第3話-[283PRO]LESSON bhd.csv,60,4001044040431,めぐる＆円香,………………,283活动剧情,#２８３をひろげよう,第3話-[283PRO]LESSON bhd
283活动剧情/#２８３をひろげよう/第3話-[283PRO]LESSON bhd.csv,69,4001044040470,円香,……,283活动剧情,#２８３をひろげよう,第3話-[283PRO]LESSON bhd
283活动剧情/#２８３をひろげよう/第3話-[283PRO]LESSON bhd.csv,79,4001044040570,円香,へえ……,283活动剧情,#２８３をひろげよう,第3話-[283PRO]LESSON bhd
283活动剧情/#２８３をひろげよう/第6話-COLLABORATION.csv,9,4001044070060,円香,ほんと、なんでだかね,283活动剧情,#２８３をひろげよう,第6話-COLLABORATION
283活动剧情/#２８３をひろげよう/第6話-COLLABORATION.csv,11,4001044070080,円香,"コンビニじゃんけんしようって
言い出したの、雛菜",283活动剧情,#２８３をひろげよう,第6話-COLLABORATION
283活动剧情/#２８３をひろげよう/第6話-COLLABORATION.csv,14,4001044070110,円香,まあ、わかる,283活动剧情,#２８３をひろげよう,第6話-COLLABORATION
283活动剧情/#２８３をひろげよう/第6話-COLLABORATION.csv,17,4001044070140,円香,"私も温かいの
……浅倉と小糸のは？",283活动剧情,#２８３をひろげよう,第6話-COLLABORATION
283活动剧情/#２８３をひろげよう/第6話-COLLABORATION.csv,20,4001044070170,円香,採用,283活动剧情,#２８３をひろげよう,第6話-COLLABORATION
283活动剧情/#２８３をひろげよう/第6話-COLLABORATION.csv,22,4001044070190,円香,……何？,283活动剧情,#２８３をひろげよう,第6話-COLLABORATION
283活动剧情/#２８３をひろげよう/第6話-COLLABORATION.csv,24,4001044070210,円香,え？,283活动剧情,#２８３をひろげよう,第6話-COLLABORATION
283活动剧情/#２８３をひろげよう/第6話-COLLABORATION.csv,26,4001044070230,円香,ふうん,283活动剧情,#２８３をひろげよう,第6話-COLLABORATION
283活动剧情/#２８３をひろげよう/第6話-COLLABORATION.csv,27,4001044070240,円香,こんなのあるんだ,283活动剧情,#２８３をひろげよう,第6話-COLLABORATION
283活动剧情/#２８３をひろげよう/第6話-COLLABORATION.csv,32,4001044070290,円香,"え
買うの、これ",283活动剧情,#２８３をひろげよう,第6話-COLLABORATION
283活动剧情/#２８３をひろげよう/第6話-COLLABORATION.csv,34,4001044070310,円香,"運試し……？
……誰が欲しいの",283活动剧情,#２８３をひろげよう,第6話-COLLABORATION
283活动剧情/#２８３をひろげよう/第6話-COLLABORATION.csv,38,4001044070350,円香,………………,283活动剧情,#２８３をひろげよう,第6話-COLLABORATION
283活动剧情/#２８３をひろげよう/第6話-COLLABORATION.csv,40,4001044070370,円香,開けてるし,283活动剧情,#２８３をひろげよう,第6話-COLLABORATION
283活动剧情/#２８３をひろげよう/第6話-COLLABORATION.csv,42,4001044070390,円香,別にいいけど,283活动剧情,#２８３をひろげよう,第6話-COLLABORATION
283活动剧情/#２８３をひろげよう/第6話-COLLABORATION.csv,45,4001044070420,円香,"…………
なりたいの",283活动剧情,#２８３をひろげよう,第6話-COLLABORATION
283活动剧情/#２８３をひろげよう/第6話-COLLABORATION.csv,46,4001044070430,円香,そういうふうに,283活动剧情,#２８３をひろげよう,第6話-COLLABORATION
283活动剧情/#２８３をひろげよう/第6話-COLLABORATION.csv,58,4001044070550,円香,…………,283活动剧情,#２８３をひろげよう,第6話-COLLABORATION
283活动剧情/#２８３をひろげよう/第6話-COLLABORATION.csv,61,4001044070580,円香,………………,283活动剧情,#２８３をひろげよう,第6話-COLLABORATION
283活动剧情/#２８３をひろげよう/第6話-COLLABORATION.csv,62,4001044070590,円香,かもね,283活动剧情,#２８３をひろげよう,第6話-COLLABORATION
283活动剧情/#２８３をひろげよう/第6話-COLLABORATION.csv,63,4001044070600,円香,……さむ,283活动剧情,#２８３をひろげよう,第6話-COLLABORATION
283活动剧情/#２８３をひろげよう/第6話-COLLABORATION.csv,64,4001044070610,円香,早く帰ろう,283活动剧情,#２８３をひろげよう,第6話-COLLABORATION
283活动剧情/#２８３をひろげよう/第6話-COLLABORATION.csv,65,4001044070620,円香,豚まん、冷める,283活动剧情,#２８３をひろげよう,第6話-COLLABORATION
283活动剧情/2025ホワイトデー スペシャルコミュ/25白情円2.csv,3,4901900420010,円香,……,283活动剧情,2025ホワイトデー スペシャルコミュ,25白情円2
283活动剧情/2025ホワイトデー スペシャルコミュ/25白情円2.csv,5,4901900420020,円香,……ありがとうございます,283活动剧情,2025ホワイトデー スペシャルコミュ,25白情円2
283活动剧情/2025ホワイトデー スペシャルコミュ/25白情円2.csv,6,4901900420030,円香,"あなたは込めましたか？
これに、何か気持ちを",283活动剧情,2025ホワイトデー スペシャルコミュ,25白情円2
283活动剧情/2025ホワイトデー スペシャルコミュ/25白情円2.csv,8,4901900420040,円香,ふうん,283活动剧情,2025ホワイトデー スペシャルコミュ,25白情円2
283活动剧情/2025ホワイトデー スペシャルコミュ/25白情円2.csv,9,4901900420050,円香,"では、美味しいと感じたら
あなたは嘘つきということで",283活动剧情,2025ホワイトデー スペシャルコミュ,25白情円2
283活动剧情/2025ホワイトデー スペシャルコミュ/25白情円2.csv,10,4901900420060,円香,……いただきます,283活动剧情,2025ホワイトデー スペシャルコミュ,25白情円2
283活动剧情/2025ホワイトデー スペシャルコミュ/25白情圆香1.csv,3,4901900410010,円香,……,283活动剧情,2025ホワイトデー スペシャルコミュ,25白情圆香1
283活动剧情/2025ホワイトデー スペシャルコミュ/25白情圆香1.csv,5,4901900410020,円香,"……ありがとうございます
いただきます",283活动剧情,2025ホワイトデー スペシャルコミュ,25白情圆香1
283活动剧情/5th Anniversary 当日スペシャルコミュ/5th Anniversary-ノクチル.csv,5,4901041060040,円香,…………,283活动剧情,5th Anniversary 当日スペシャルコミュ,5th Anniversary-ノクチル
283活动剧情/5th Anniversary 当日スペシャルコミュ/5th Anniversary-ノクチル.csv,6,4901041060050,円香,……別に、何も言うことはないけど,283活动剧情,5th Anniversary 当日スペシャルコミュ,5th Anniversary-ノクチル
283活动剧情/5th Anniversary 当日スペシャルコミュ/5th Anniversary-ノクチル.csv,7,4901041060060,円香,"今、私がここにいる理由を、
考えていただけ",283活动剧情,5th Anniversary 当日スペシャルコミュ,5th Anniversary-ノクチル
283活动剧情/Detective×Murder/special_communications_490103202.csv,15,4901032020070,円香,"……とりあえず、従いましょう
あなたを信用したわけではありませんが",283活动剧情,Detective×Murder,special_communications_490103202
283活动剧情/Detective×Murder/special_communications_490103202.csv,16,4901032020080,円香,"ま、名高い探偵を集めるのなら、
疑われるくらいは織り込み済みですよね",283活动剧情,Detective×Murder,special_communications_490103202
283活动剧情/Detective×Murder/special_communications_490103202.csv,42,4901032020280,円香,"ああ、別に……
近くに住んでるからってだけ",283活动剧情,Detective×Murder,special_communications_490103202
283活动剧情/Detective×Murder/special_communications_490103202.csv,43,4901032020290,円香,幼馴染と言ってもいいけど,283活动剧情,Detective×Murder,special_communications_490103202
283活动剧情/Detective×Murder/special_communications_490103212.csv,10,4901032120090,円香,"……浅倉は？
その時間、何してたの",283活动剧情,Detective×Murder,special_communications_490103212
283活动剧情/Detective×Murder/special_communications_490103212.csv,12,4901032120110,円香,………………,283活动剧情,Detective×Murder,special_communications_490103212
283活动剧情/Detective×Murder/special_communications_490103212.csv,13,4901032120120,円香,じゃ、アリバイなしってことで,283活动剧情,Detective×Murder,special_communications_490103212
283活动剧情/Detective×Murder/【２日目】16_52-密室からの脱出１.csv,14,4901032280040,円香,"なるほど
詳しくお聞かせください",283活动剧情,Detective×Murder,【２日目】16_52-密室からの脱出１
283活动剧情/Detective×Murder/【２日目】16_52-密室からの脱出１.csv,15,4901032280050,円香,一応、現場の様子をおさらいすると,283活动剧情,Detective×Murder,【２日目】16_52-密室からの脱出１
283活动剧情/Detective×Murder/【２日目】16_52-密室からの脱出１.csv,16,4901032280060,円香,"天窓の外にロープをかけられるような場所はなく、
部屋のオブジェも足場にはできない──",283活动剧情,Detective×Murder,【２日目】16_52-密室からの脱出１
283活动剧情/Detective×Murder/【２日目】18_36-理由.csv,63,4901032320540,円香,…………だそうです,283活动剧情,Detective×Murder,【２日目】18_36-理由
283活动剧情/Detective×Murder/【２日目】19_00-追跡者.csv,5,4901032220020,円香,笑える,283活动剧情,Detective×Murder,【２日目】19_00-追跡者
283活动剧情/Detective×Murder/【２日目】19_00-追跡者.csv,6,4901032220030,円香,"解毒剤は……
……偽物だったってこと……",283活动剧情,Detective×Murder,【２日目】19_00-追跡者
283活动剧情/Detective×Murder/【２日目】午前-透・円香・小糸・雛菜.csv,7,4901032150060,円香,……じゃ、それ調べる？,283活动剧情,Detective×Murder,【２日目】午前-透・円香・小糸・雛菜
283活动剧情/Detective×Murder/【２日目】午前-透・円香・小糸・雛菜.csv,8,4901032150070,円香,"すみません
あなたにも手伝ってもらいたいのですが",283活动剧情,Detective×Murder,【２日目】午前-透・円香・小糸・雛菜
283活动剧情/Detective×Murder/【２日目】午前-透・円香・小糸・雛菜.csv,10,4901032150080,円香,他に誰かいるんですか,283活动剧情,Detective×Murder,【２日目】午前-透・円香・小糸・雛菜
283活动剧情/Detective×Murder/【２日目】午前-透・円香・小糸・雛菜.csv,20,4901032150150,円香,"……まあ、今はわからないけど
読ませようとした誰か、ってことね",283活动剧情,Detective×Murder,【２日目】午前-透・円香・小糸・雛菜
283活动剧情/Detective×Murder/【２日目】午前-透・円香・小糸・雛菜.csv,21,4901032150160,円香,"弟子のあなたは、
手帳の中身を知っています？",283活动剧情,Detective×Murder,【２日目】午前-透・円香・小糸・雛菜
283活动剧情/Detective×Murder/【２日目】午前-透・円香・小糸・雛菜.csv,23,4901032150170,円香,……そうですか,283活动剧情,Detective×Murder,【２日目】午前-透・円香・小糸・雛菜
283活动剧情/Detective×Murder/【２日目】午前-透・円香・小糸・雛菜.csv,24,4901032150180,円香,それならあなたも見るべきですね,283活动剧情,Detective×Murder,【２日目】午前-透・円香・小糸・雛菜
283活动剧情/Detective×Murder/【２日目】午前-透・円香・小糸・雛菜.csv,36,4901032150240,円香,予断は禁物,283活动剧情,Detective×Murder,【２日目】午前-透・円香・小糸・雛菜
283活动剧情/Detective×Murder/【２日目】午前-透・円香・小糸・雛菜.csv,41,4901032150290,円香,"……
外って確認できますか",283活动剧情,Detective×Murder,【２日目】午前-透・円香・小糸・雛菜
283活动剧情/Detective×Murder/【２日目】午前-透・円香・小糸・雛菜.csv,42,4901032150300,円香,よければ案内してもらえると,283活动剧情,Detective×Murder,【２日目】午前-透・円香・小糸・雛菜
283活动剧情/Detective×Murder/【２日目】午前-透・円香・小糸・雛菜.csv,45,4901032150310,円香,……話が早くて助かります,283活动剧情,Detective×Murder,【２日目】午前-透・円香・小糸・雛菜
283活动剧情/Detective×Murder/【２日目】午前-透・円香・小糸・雛菜.csv,51,4901032150360,円香,"多分、八宮さんと有栖川さんの……？
外、うろついていたって言ってたし",283活动剧情,Detective×Murder,【２日目】午前-透・円香・小糸・雛菜
283活动剧情/Detective×Murder/【２日目】午前-透・円香・小糸・雛菜.csv,68,4901032150480,円香,"何……？
飛んだってこと？",283活动剧情,Detective×Murder,【２日目】午前-透・円香・小糸・雛菜
283活动剧情/Detective×Murder/【２日目】午前-透・円香・小糸・雛菜.csv,75,4901032150550,円香,"…………
ありえないとは言わないけど、考えづらい",283活动剧情,Detective×Murder,【２日目】午前-透・円香・小糸・雛菜
283活动剧情/Detective×Murder/【２日目】午前-透・円香・小糸・雛菜.csv,76,4901032150560,円香,"偶然、天窓を開けたままにした、
呼んでもいない人間を迎え入れた……",283活动剧情,Detective×Murder,【２日目】午前-透・円香・小糸・雛菜
283活动剧情/Detective×Murder/【２日目】午前-透・円香・小糸・雛菜.csv,77,4901032150570,円香,"そんな杜撰さで不審者の侵入を許したと？
『Ａ』ともあろう人が",283活动剧情,Detective×Murder,【２日目】午前-透・円香・小糸・雛菜
283活动剧情/Detective×Murder/【２日目】午前-透・円香・小糸・雛菜.csv,94,4901032150720,円香,……弟子のあなたにとっては朗報では？,283活动剧情,Detective×Murder,【２日目】午前-透・円香・小糸・雛菜
283活动剧情/Detective×Murder/【２日目】午前-透・円香・小糸・雛菜.csv,95,4901032150730,円香,この足跡は自分のものではない、と主張できるわけですから,283活动剧情,Detective×Murder,【２日目】午前-透・円香・小糸・雛菜
283活动剧情/PiCNiC BASKET！/出るんだって、虹.csv,7,4001011090040,円香,『アイドル』なんだから、それくらい当然でしょ,283活动剧情,PiCNiC BASKET！,出るんだって、虹
283活动剧情/PiCNiC BASKET！/出るんだって、虹.csv,11,4001011090051,透＆円香＆小糸＆雛菜,…………,283活动剧情,PiCNiC BASKET！,出るんだって、虹
283活动剧情/PiCNiC BASKET！/出るんだって、虹.csv,14,4001011090080,円香,別に、それっぽくならできるでしょ,283活动剧情,PiCNiC BASKET！,出るんだって、虹
283活动剧情/PiCNiC BASKET！/出るんだって、虹.csv,22,4001011090121,円香＆プロデューサー,…………,283活动剧情,PiCNiC BASKET！,出るんだって、虹
283活动剧情/PiCNiC BASKET！/出るんだって、虹.csv,24,4001011090130,円香,"──あなたと同じ反応
しているわけじゃないですから",283活动剧情,PiCNiC BASKET！,出るんだって、虹
283活动剧情/PiCNiC BASKET！/出るんだって、虹.csv,26,4001011090150,円香,"ちょ……
貸して",283活动剧情,PiCNiC BASKET！,出るんだって、虹
283活动剧情/World×Code/大泥棒×町人の喧嘩×一件落着-時代劇（円香）.csv,3,4901021690010,円香,そうですね……,283活动剧情,World×Code,大泥棒×町人の喧嘩×一件落着-時代劇（円香）
283活动剧情/World×Code/大泥棒×町人の喧嘩×一件落着-時代劇（円香）.csv,5,4901021690020,円香,そうですね,283活动剧情,World×Code,大泥棒×町人の喧嘩×一件落着-時代劇（円香）
283活动剧情/World×Code/大泥棒×町人の喧嘩×一件落着-時代劇（円香）.csv,7,4901021690030,円香,こっちも泥棒であることには変わりないでしょ,283活动剧情,World×Code,大泥棒×町人の喧嘩×一件落着-時代劇（円香）
283活动剧情/World×Code/大泥棒×町人の喧嘩×一件落着-時代劇（円香）.csv,8,4901021690040,円香,"今回はたまたま
私たちが狙った相手が悪党だったってだけ",283活动剧情,World×Code,大泥棒×町人の喧嘩×一件落着-時代劇（円香）
283活动剧情/World×Code/大泥棒×町人の喧嘩×一件落着-時代劇（円香）.csv,10,4901021690050,円香,"同じ穴のムジナのくせに、
意気揚々と『義賊』だなんて──",283活动剧情,World×Code,大泥棒×町人の喧嘩×一件落着-時代劇（円香）
283活动剧情/World×Code/大泥棒×町人の喧嘩×一件落着-時代劇（円香）.csv,11,4901021690060,円香,言葉で飾るべきじゃない,283活动剧情,World×Code,大泥棒×町人の喧嘩×一件落着-時代劇（円香）
283活动剧情/World×Code/岸壁で×爆破装置×決めセリフ-探偵（円香）.csv,2,4901021080010,円香,赤か……青か……,283活动剧情,World×Code,岸壁で×爆破装置×決めセリフ-探偵（円香）
283活动剧情/World×Code/岸壁で×爆破装置×決めセリフ-探偵（円香）.csv,4,4901021080020,円香,……死にたいの？,283活动剧情,World×Code,岸壁で×爆破装置×決めセリフ-探偵（円香）
283活动剧情/World×Code/岸壁で×爆破装置×決めセリフ-探偵（円香）.csv,5,4901021080030,円香,そうじゃないなら消えて,283活动剧情,World×Code,岸壁で×爆破装置×決めセリフ-探偵（円香）
283活动剧情/World×Code/岸壁で×爆破装置×決めセリフ-探偵（円香）.csv,8,4901021080040,円香,そういうことは聞いてない,283活动剧情,World×Code,岸壁で×爆破装置×決めセリフ-探偵（円香）
283活动剧情/World×Code/岸壁で×爆破装置×決めセリフ-探偵（円香）.csv,10,4901021080050,円香,人の覚悟を奪わないで,283活动剧情,World×Code,岸壁で×爆破装置×決めセリフ-探偵（円香）
283活动剧情/World×Code/岸壁で×爆破装置×決めセリフ-探偵（円香）.csv,12,4901021080060,円香,"………………
知ってる？",283活动剧情,World×Code,岸壁で×爆破装置×決めセリフ-探偵（円香）
283活动剧情/World×Code/岸壁で×爆破装置×決めセリフ-探偵（円香）.csv,13,4901021080070,円香,"一緒に死んだら、
次も一緒に生まれるって迷信",283活动剧情,World×Code,岸壁で×爆破装置×決めセリフ-探偵（円香）
283活动剧情/World×Code/岸壁で×爆破装置×決めセリフ-探偵（円香）.csv,14,4901021080080,円香,最悪じゃない？,283活动剧情,World×Code,岸壁で×爆破装置×決めセリフ-探偵（円香）
283活动剧情/World×Code/戦場で×怪盗×裏切り-敵対ロマンス（円香）.csv,6,4901021280010,円香,笑顔に騙されて,283活动剧情,World×Code,戦場で×怪盗×裏切り-敵対ロマンス（円香）
283活动剧情/World×Code/戦場で×怪盗×裏切り-敵対ロマンス（円香）.csv,8,4901021280020,円香,触れるのもためらって,283活动剧情,World×Code,戦場で×怪盗×裏切り-敵対ロマンス（円香）
283活动剧情/World×Code/戦場で×怪盗×裏切り-敵対ロマンス（円香）.csv,10,4901021280030,円香,……,283活动剧情,World×Code,戦場で×怪盗×裏切り-敵対ロマンス（円香）
283活动剧情/World×Code/戦場で×怪盗×裏切り-敵対ロマンス（円香）.csv,11,4901021280040,円香,"…………死ぬふりをして、
あなたの前から消えることもできた",283活动剧情,World×Code,戦場で×怪盗×裏切り-敵対ロマンス（円香）
283活动剧情/World×Code/戦場で×怪盗×裏切り-敵対ロマンス（円香）.csv,13,4901021280050,円香,あなただけは──,283活动剧情,World×Code,戦場で×怪盗×裏切り-敵対ロマンス（円香）
283活动剧情/World×Code/戦場で×怪盗×裏切り-敵対ロマンス（円香）.csv,14,4901021280060,円香,私に、騙されてほしくなかったのに,283活动剧情,World×Code,戦場で×怪盗×裏切り-敵対ロマンス（円香）
283活动剧情/さざなみはいつも凡庸な音がする/エンディング-凡庸な音たち.csv,14,4001040080090,円香,……で、かけ直したの？,283活动剧情,さざなみはいつも凡庸な音がする,エンディング-凡庸な音たち
283活动剧情/さざなみはいつも凡庸な音がする/エンディング-凡庸な音たち.csv,23,4001040080160,円香,樋口です,283活动剧情,さざなみはいつも凡庸な音がする,エンディング-凡庸な音たち
283活动剧情/さざなみはいつも凡庸な音がする/エンディング-凡庸な音たち.csv,28,4001040080190,円香,すみませんが簡潔にお願いします,283活动剧情,さざなみはいつも凡庸な音がする,エンディング-凡庸な音たち
283活动剧情/さざなみはいつも凡庸な音がする/エンディング-凡庸な音たち.csv,29,4001040080200,円香,昼休み、そんなに長くはないので,283活动剧情,さざなみはいつも凡庸な音がする,エンディング-凡庸な音たち
283活动剧情/さざなみはいつも凡庸な音がする/エンディング-凡庸な音たち.csv,44,4001040080280,円香,"なんでもありません
続けて下さい",283活动剧情,さざなみはいつも凡庸な音がする,エンディング-凡庸な音たち
283活动剧情/さざなみはいつも凡庸な音がする/エンディング-凡庸な音たち.csv,48,4001040080300,円香,……そうですか、わかりました,283活动剧情,さざなみはいつも凡庸な音がする,エンディング-凡庸な音たち
283活动剧情/さざなみはいつも凡庸な音がする/エンディング-凡庸な音たち.csv,49,4001040080310,円香,"ご連絡ありがとうございました
では",283活动剧情,さざなみはいつも凡庸な音がする,エンディング-凡庸な音たち
283活动剧情/さざなみはいつも凡庸な音がする/エンディング-凡庸な音たち.csv,77,4001040080480,円香,"そうだ
あれ、まだやってなかった",283活动剧情,さざなみはいつも凡庸な音がする,エンディング-凡庸な音たち
283活动剧情/さざなみはいつも凡庸な音がする/エンディング-凡庸な音たち.csv,79,4001040080500,円香,"雑巾がけの
小糸にジュース奢るやつ",283活动剧情,さざなみはいつも凡庸な音がする,エンディング-凡庸な音たち
283活动剧情/さざなみはいつも凡庸な音がする/オープニング-成長.csv,8,4001040010050,円香,"投票でしょ
今度出る番組の",283活动剧情,さざなみはいつも凡庸な音がする,オープニング-成長
283活动剧情/さざなみはいつも凡庸な音がする/オープニング-成長.csv,10,4001040010070,円香,やってない,283活动剧情,さざなみはいつも凡庸な音がする,オープニング-成長
283活动剧情/さざなみはいつも凡庸な音がする/オープニング-成長.csv,18,4001040010130,円香,そういえば,283活动剧情,さざなみはいつも凡庸な音がする,オープニング-成長
283活动剧情/さざなみはいつも凡庸な音がする/オープニング-成長.csv,27,4001040010200,円香,ていうか、投票しても無駄じゃない？,283活动剧情,さざなみはいつも凡庸な音がする,オープニング-成長
283活动剧情/さざなみはいつも凡庸な音がする/オープニング-成長.csv,29,4001040010220,円香,"私たちが全員で入れても、
１日たったの４票だけだし",283活动剧情,さざなみはいつも凡庸な音がする,オープニング-成長
283活动剧情/さざなみはいつも凡庸な音がする/オープニング-成長.csv,30,4001040010230,円香,期間中毎日入れたって、大した数にならない,283活动剧情,さざなみはいつも凡庸な音がする,オープニング-成長
283活动剧情/さざなみはいつも凡庸な音がする/オープニング-成長.csv,33,4001040010260,円香,"……だとしたらこの番組、
最初から終わってるでしょ",283活动剧情,さざなみはいつも凡庸な音がする,オープニング-成長
283活动剧情/さざなみはいつも凡庸な音がする/オープニング-成長.csv,39,4001040010320,円香,………………,283活动剧情,さざなみはいつも凡庸な音がする,オープニング-成長
283活动剧情/さざなみはいつも凡庸な音がする/オープニング-成長.csv,40,4001040010330,円香,どうせ、番組を盛り上げるための出来レース,283活动剧情,さざなみはいつも凡庸な音がする,オープニング-成長
283活动剧情/さざなみはいつも凡庸な音がする/オープニング-成長.csv,41,4001040010340,円香,"本当は決まってるんじゃない？
内容なんて、最初から",283活动剧情,さざなみはいつも凡庸な音がする,オープニング-成長
283活动剧情/さざなみはいつも凡庸な音がする/オープニング-成長.csv,50,4001040010410,円香,小糸、なんで来たの,283活动剧情,さざなみはいつも凡庸な音がする,オープニング-成長
283活动剧情/さざなみはいつも凡庸な音がする/オープニング-成長.csv,51,4001040010420,円香,"夏期講習じゃなかった？
今日も",283活动剧情,さざなみはいつも凡庸な音がする,オープニング-成長
283活动剧情/さざなみはいつも凡庸な音がする/オープニング-成長.csv,63,4001040010520,円香,"今度出る番組のやつ
投票、今日まで",283活动剧情,さざなみはいつも凡庸な音がする,オープニング-成長
283活动剧情/さざなみはいつも凡庸な音がする/オープニング-成長.csv,72,4001040010610,円香,"そうなんじゃない
表向きは",283活动剧情,さざなみはいつも凡庸な音がする,オープニング-成長
283活动剧情/さざなみはいつも凡庸な音がする/オープニング-成長.csv,77,4001040010651,透＆円香＆雛菜,………………,283活动剧情,さざなみはいつも凡庸な音がする,オープニング-成長
283活动剧情/さざなみはいつも凡庸な音がする/オープニング-成長.csv,83,4001040010690,円香,自分が食べたいだけでしょ,283活动剧情,さざなみはいつも凡庸な音がする,オープニング-成長
283活动剧情/さざなみはいつも凡庸な音がする/オープニング-成長.csv,87,4001040010730,円香,"どうもしない
普通にやるだけ",283活动剧情,さざなみはいつも凡庸な音がする,オープニング-成長
283活动剧情/さざなみはいつも凡庸な音がする/オープニング-成長.csv,88,4001040010740,円香,それが仕事でしょ,283活动剧情,さざなみはいつも凡庸な音がする,オープニング-成長
283活动剧情/さざなみはいつも凡庸な音がする/第1話-遠く遠くまで.csv,5,4001040020020,円香,……………,283活动剧情,さざなみはいつも凡庸な音がする,第1話-遠く遠くまで
283活动剧情/さざなみはいつも凡庸な音がする/第1話-遠く遠くまで.csv,36,4001040020230,円香,"はいはい、うるさい
もう起きてる",283活动剧情,さざなみはいつも凡庸な音がする,第1話-遠く遠くまで
283活动剧情/さざなみはいつも凡庸な音がする/第1話-遠く遠くまで.csv,42,4001040020260,円香,"おはようございます
ノクチルです、よろしくお願いします",283活动剧情,さざなみはいつも凡庸な音がする,第1話-遠く遠くまで
283活动剧情/さざなみはいつも凡庸な音がする/第1話-遠く遠くまで.csv,54,4001040020370,円香,"……小糸
何してるの",283活动剧情,さざなみはいつも凡庸な音がする,第1話-遠く遠くまで
283活动剧情/さざなみはいつも凡庸な音がする/第1話-遠く遠くまで.csv,55,4001040020380,円香,早く行くよ,283活动剧情,さざなみはいつも凡庸な音がする,第1話-遠く遠くまで
283活动剧情/さざなみはいつも凡庸な音がする/第1話-遠く遠くまで.csv,68,4001040020430,円香,……さっさと着替えよ,283活动剧情,さざなみはいつも凡庸な音がする,第1話-遠く遠くまで
283活动剧情/さざなみはいつも凡庸な音がする/第1話-遠く遠くまで.csv,69,4001040020440,円香,"すぐメイク入ってって
言ってたし",283活动剧情,さざなみはいつも凡庸な音がする,第1話-遠く遠くまで
283活动剧情/さざなみはいつも凡庸な音がする/第1話-遠く遠くまで.csv,74,4001040020490,円香,そりゃ、撮影で来てるんだから,283活动剧情,さざなみはいつも凡庸な音がする,第1話-遠く遠くまで
283活动剧情/さざなみはいつも凡庸な音がする/第1話-遠く遠くまで.csv,88,4001040020521,透＆円香＆雛菜,…………？,283活动剧情,さざなみはいつも凡庸な音がする,第1話-遠く遠くまで
283活动剧情/さざなみはいつも凡庸な音がする/第1話-遠く遠くまで.csv,93,4001040020570,円香,投票が本当ならね,283活动剧情,さざなみはいつも凡庸な音がする,第1話-遠く遠くまで
283活动剧情/さざなみはいつも凡庸な音がする/第1話-遠く遠くまで.csv,94,4001040020580,円香,"番組を盛り上げるために投票させただけで、
最初から内容は決まってたのかも",283活动剧情,さざなみはいつも凡庸な音がする,第1話-遠く遠くまで
283活动剧情/さざなみはいつも凡庸な音がする/第1話-遠く遠くまで.csv,99,4001040020630,円香,"もし本当にこれが投票で選ばれた内容なら、
身も心も入れ替えてこいってことでしょ",283活动剧情,さざなみはいつも凡庸な音がする,第1話-遠く遠くまで
283活动剧情/さざなみはいつも凡庸な音がする/第1話-遠く遠くまで.csv,100,4001040020640,円香,私たち,283活动剧情,さざなみはいつも凡庸な音がする,第1話-遠く遠くまで
283活动剧情/さざなみはいつも凡庸な音がする/第1話-遠く遠くまで.csv,107,4001040020710,円香,……そういうとこじゃないの,283活动剧情,さざなみはいつも凡庸な音がする,第1話-遠く遠くまで
283活动剧情/さざなみはいつも凡庸な音がする/第1話-遠く遠くまで.csv,119,4001040020730,円香,裏の階段から海岸の方に降りられるって,283活动剧情,さざなみはいつも凡庸な音がする,第1話-遠く遠くまで
283活动剧情/さざなみはいつも凡庸な音がする/第1話-遠く遠くまで.csv,122,4001040020760,円香,知らない,283活动剧情,さざなみはいつも凡庸な音がする,第1話-遠く遠くまで
283活动剧情/さざなみはいつも凡庸な音がする/第2話-普通.csv,6,4001040030020,円香,"はい
よろしくお願いします",283活动剧情,さざなみはいつも凡庸な音がする,第2話-普通
283活动剧情/さざなみはいつも凡庸な音がする/第2話-普通.csv,15,4001040030100,円香,それ、『浅倉』は読まなくていいやつ,283活动剧情,さざなみはいつも凡庸な音がする,第2話-普通
283活动剧情/さざなみはいつも凡庸な音がする/第2話-普通.csv,17,4001040030120,円香,"『正しい作法を教えていただきながら実践し
心を清め、成長を祈願していきます』",283活动剧情,さざなみはいつも凡庸な音がする,第2話-普通
283活动剧情/さざなみはいつも凡庸な音がする/第2話-普通.csv,18,4001040030130,円香,『よろしくお願いします』,283活动剧情,さざなみはいつも凡庸な音がする,第2話-普通
283活动剧情/さざなみはいつも凡庸な音がする/第2話-普通.csv,33,4001040030200,円香,…………,283活动剧情,さざなみはいつも凡庸な音がする,第2話-普通
283活动剧情/さざなみはいつも凡庸な音がする/第2話-普通.csv,44,4001040030250,円香,…………,283活动剧情,さざなみはいつも凡庸な音がする,第2話-普通
283活动剧情/さざなみはいつも凡庸な音がする/第2話-普通.csv,47,4001040030280,円香,……できました,283活动剧情,さざなみはいつも凡庸な音がする,第2話-普通
283活动剧情/さざなみはいつも凡庸な音がする/第2話-普通.csv,49,4001040030300,円香,……？,283活动剧情,さざなみはいつも凡庸な音がする,第2話-普通
283活动剧情/さざなみはいつも凡庸な音がする/第2話-普通.csv,52,4001040030330,円香,"なぞったものだから
別に私の字が綺麗ってわけじゃないけど",283活动剧情,さざなみはいつも凡庸な音がする,第2話-普通
283活动剧情/さざなみはいつも凡庸な音がする/第2話-普通.csv,59,4001040030400,円香,"雛菜
まだ小糸がやってる",283活动剧情,さざなみはいつも凡庸な音がする,第2話-普通
283活动剧情/さざなみはいつも凡庸な音がする/第2話-普通.csv,64,4001040030450,円香,"字、はみ出すぎ
なぞる気あったの、それ",283活动剧情,さざなみはいつも凡庸な音がする,第2話-普通
283活动剧情/さざなみはいつも凡庸な音がする/第2話-普通.csv,67,4001040030480,円香,"……？
どうしたの、小糸",283活动剧情,さざなみはいつも凡庸な音がする,第2話-普通
283活动剧情/さざなみはいつも凡庸な音がする/第2話-普通.csv,88,4001040030530,円香,知らない,283活动剧情,さざなみはいつも凡庸な音がする,第2話-普通
283活动剧情/さざなみはいつも凡庸な音がする/第2話-普通.csv,121,4001040030600,円香,"いいんじゃない？
こんなところで話してる方が悪い",283活动剧情,さざなみはいつも凡庸な音がする,第2話-普通
283活动剧情/さざなみはいつも凡庸な音がする/第3話-立っているだけでも.csv,6,4001040040030,円香,"うわ……
ちょっと、埃",283活动剧情,さざなみはいつも凡庸な音がする,第3話-立っているだけでも
283活动剧情/さざなみはいつも凡庸な音がする/第3話-立っているだけでも.csv,15,4001040040120,円香,"……どうでもいいけど、眠い
私は寝る",283活动剧情,さざなみはいつも凡庸な音がする,第3話-立っているだけでも
283活动剧情/さざなみはいつも凡庸な音がする/第3話-立っているだけでも.csv,20,4001040040170,円香,"いいんじゃない
１回くらい叩かれた方が目が覚めて",283活动剧情,さざなみはいつも凡庸な音がする,第3話-立っているだけでも
283活动剧情/さざなみはいつも凡庸な音がする/第3話-立っているだけでも.csv,22,4001040040190,円香,さぁ、知らないけど,283活动剧情,さざなみはいつも凡庸な音がする,第3話-立っているだけでも
283活动剧情/さざなみはいつも凡庸な音がする/第3話-立っているだけでも.csv,25,4001040040220,円香,…………,283活动剧情,さざなみはいつも凡庸な音がする,第3話-立っているだけでも
283活动剧情/さざなみはいつも凡庸な音がする/第3話-立っているだけでも.csv,26,4001040040230,円香,アラーム、設定,283活动剧情,さざなみはいつも凡庸な音がする,第3話-立っているだけでも
283活动剧情/さざなみはいつも凡庸な音がする/第3話-立っているだけでも.csv,43,4001040040400,円香,寝起きすぐは顔がむくんで見えるんじゃない,283活动剧情,さざなみはいつも凡庸な音がする,第3話-立っているだけでも
283活动剧情/さざなみはいつも凡庸な音がする/第3話-立っているだけでも.csv,48,4001040040450,円香,"した
電気消すよ",283活动剧情,さざなみはいつも凡庸な音がする,第3話-立っているだけでも
283活动剧情/さざなみはいつも凡庸な音がする/第3話-立っているだけでも.csv,52,4001040040490,円香,…………おやすみ,283活动剧情,さざなみはいつも凡庸な音がする,第3話-立っているだけでも
283活动剧情/さざなみはいつも凡庸な音がする/第3話-立っているだけでも.csv,84,4001040040810,円香,……小糸は？,283活动剧情,さざなみはいつも凡庸な音がする,第3話-立っているだけでも
283活动剧情/さざなみはいつも凡庸な音がする/第3話-立っているだけでも.csv,86,4001040040830,円香,起きてた,283活动剧情,さざなみはいつも凡庸な音がする,第3話-立っているだけでも
283活动剧情/さざなみはいつも凡庸な音がする/第3話-立っているだけでも.csv,89,4001040040860,円香,……そう,283活动剧情,さざなみはいつも凡庸な音がする,第3話-立っているだけでも
283活动剧情/さざなみはいつも凡庸な音がする/第3話-立っているだけでも.csv,92,4001040040890,円香,"…………
寝よう",283活动剧情,さざなみはいつも凡庸な音がする,第3話-立っているだけでも
283活动剧情/さざなみはいつも凡庸な音がする/第3話-立っているだけでも.csv,93,4001040040900,円香,"もう起きる時間まで
そんな無いし",283活动剧情,さざなみはいつも凡庸な音がする,第3話-立っているだけでも
283活动剧情/さざなみはいつも凡庸な音がする/第3話-立っているだけでも.csv,95,4001040040920,円香,グッナイ,283活动剧情,さざなみはいつも凡庸な音がする,第3話-立っているだけでも
283活动剧情/さざなみはいつも凡庸な音がする/第4話-理解.csv,3,4001040050020,円香,"うん
そろそろ行かないとまずいけど",283活动剧情,さざなみはいつも凡庸な音がする,第4話-理解
283活动剧情/さざなみはいつも凡庸な音がする/第4話-理解.csv,8,4001040050070,円香,…………,283活动剧情,さざなみはいつも凡庸な音がする,第4話-理解
283活动剧情/さざなみはいつも凡庸な音がする/第4話-理解.csv,22,4001040050210,円香,……完全に,283活动剧情,さざなみはいつも凡庸な音がする,第4話-理解
283活动剧情/さざなみはいつも凡庸な音がする/第4話-理解.csv,50,4001040050380,円香,ああ、そういえば,283活动剧情,さざなみはいつも凡庸な音がする,第4話-理解
283活动剧情/さざなみはいつも凡庸な音がする/第4話-理解.csv,51,4001040050390,円香,"昨日のディレクターさんとの内緒話、
普通に響いてましたよ",283活动剧情,さざなみはいつも凡庸な音がする,第4話-理解
283活动剧情/さざなみはいつも凡庸な音がする/第4話-理解.csv,52,4001040050400,円香,聞くつもりがなくても、聞いてしまうくらい,283活动剧情,さざなみはいつも凡庸な音がする,第4話-理解
283活动剧情/さざなみはいつも凡庸な音がする/第4話-理解.csv,54,4001040050410,円香,"あ、別に気にしていませんので
私も浅倉も……当然、雛菜も",283活动剧情,さざなみはいつも凡庸な音がする,第4話-理解
283活动剧情/さざなみはいつも凡庸な音がする/第4話-理解.csv,60,4001040050420,円香,そうですか,283活动剧情,さざなみはいつも凡庸な音がする,第4話-理解
283活动剧情/さざなみはいつも凡庸な音がする/第4話-理解.csv,61,4001040050430,円香,それなら話す手間が省けてよかったですね,283活动剧情,さざなみはいつも凡庸な音がする,第4話-理解
283活动剧情/さざなみはいつも凡庸な音がする/第4話-理解.csv,62,4001040050440,円香,もう小糸も知っています,283活动剧情,さざなみはいつも凡庸な音がする,第4話-理解
283活动剧情/さざなみはいつも凡庸な音がする/第4話-理解.csv,67,4001040050450,円香,でしょうね,283活动剧情,さざなみはいつも凡庸な音がする,第4話-理解
283活动剧情/さざなみはいつも凡庸な音がする/第4話-理解.csv,68,4001040050460,円香,ありがとうございます,283活动剧情,さざなみはいつも凡庸な音がする,第4話-理解
283活动剧情/さざなみはいつも凡庸な音がする/第4話-理解.csv,70,4001040050470,円香,ご安心ください,283活动剧情,さざなみはいつも凡庸な音がする,第4話-理解
283活动剧情/さざなみはいつも凡庸な音がする/第4話-理解.csv,71,4001040050480,円香,"私たちがどう輝くか……
あなたたちがどう輝かせるか",283活动剧情,さざなみはいつも凡庸な音がする,第4話-理解
283活动剧情/さざなみはいつも凡庸な音がする/第4話-理解.csv,72,4001040050490,円香,"画面に映る以上
輝くことは、確定事項なのだと",283活动剧情,さざなみはいつも凡庸な音がする,第4話-理解
283活动剧情/さざなみはいつも凡庸な音がする/第4話-理解.csv,73,4001040050500,円香,みんな、理解しましたから,283活动剧情,さざなみはいつも凡庸な音がする,第4話-理解
283活动剧情/さざなみはいつも凡庸な音がする/第4話-理解.csv,77,4001040050530,円香,……今行く,283活动剧情,さざなみはいつも凡庸な音がする,第4話-理解
283活动剧情/さざなみはいつも凡庸な音がする/第4話-理解.csv,81,4001040050560,円香,"どっちでも
適当にじゃんけんで",283活动剧情,さざなみはいつも凡庸な音がする,第4話-理解
283活动剧情/さざなみはいつも凡庸な音がする/第5話-かんむり.csv,14,4001040060130,円香,暑…………,283活动剧情,さざなみはいつも凡庸な音がする,第5話-かんむり
283活动剧情/さざなみはいつも凡庸な音がする/第5話-かんむり.csv,18,4001040060170,円香,…………,283活动剧情,さざなみはいつも凡庸な音がする,第5話-かんむり
283活动剧情/さざなみはいつも凡庸な音がする/第5話-かんむり.csv,19,4001040060180,円香,"……寝不足の時に炎天下にいるの
あんまりよくないんじゃない",283活动剧情,さざなみはいつも凡庸な音がする,第5話-かんむり
283活动剧情/さざなみはいつも凡庸な音がする/第5話-かんむり.csv,23,4001040060220,円香,"……ふうん
じゃあ頑張って",283活动剧情,さざなみはいつも凡庸な音がする,第5話-かんむり
283活动剧情/さざなみはいつも凡庸な音がする/第5話-かんむり.csv,34,4001040060330,円香,"──水もらったんだけど
小糸も飲む？",283活动剧情,さざなみはいつも凡庸な音がする,第5話-かんむり
283活动剧情/さざなみはいつも凡庸な音がする/第5話-かんむり.csv,35,4001040060340,円香,"持ちながらやっていいって
ゴミ拾い",283活动剧情,さざなみはいつも凡庸な音がする,第5話-かんむり
283活动剧情/さざなみはいつも凡庸な音がする/第5話-かんむり.csv,38,4001040060370,円香,"お寺の人や近所の人が
ボランティアで掃除してるらしいから",283活动剧情,さざなみはいつも凡庸な音がする,第5話-かんむり
283活动剧情/さざなみはいつも凡庸な音がする/第5話-かんむり.csv,39,4001040060380,円香,そこまでは汚れてないみたいだけど,283活动剧情,さざなみはいつも凡庸な音がする,第5話-かんむり
283活动剧情/さざなみはいつも凡庸な音がする/第5話-かんむり.csv,41,4001040060400,円香,それでも、ひとつも無いわけじゃない,283活动剧情,さざなみはいつも凡庸な音がする,第5話-かんむり
283活动剧情/さざなみはいつも凡庸な音がする/第5話-かんむり.csv,44,4001040060430,円香,……さあ,283活动剧情,さざなみはいつも凡庸な音がする,第5話-かんむり
283活动剧情/さざなみはいつも凡庸な音がする/第5話-かんむり.csv,62,4001040060610,円香,本当は見つからない方がいいんだけどね,283活动剧情,さざなみはいつも凡庸な音がする,第5話-かんむり
283活动剧情/さざなみはいつも凡庸な音がする/第5話-かんむり.csv,65,4001040060640,円香,……？,283活动剧情,さざなみはいつも凡庸な音がする,第5話-かんむり
283活动剧情/さざなみはいつも凡庸な音がする/第5話-かんむり.csv,67,4001040060660,円香,どこ？,283活动剧情,さざなみはいつも凡庸な音がする,第5話-かんむり
283活动剧情/さざなみはいつも凡庸な音がする/第5話-かんむり.csv,70,4001040060690,円香,何？,283活动剧情,さざなみはいつも凡庸な音がする,第5話-かんむり
283活动剧情/さざなみはいつも凡庸な音がする/第5話-かんむり.csv,72,4001040060710,円香,ふうん……,283活动剧情,さざなみはいつも凡庸な音がする,第5話-かんむり
283活动剧情/さざなみはいつも凡庸な音がする/第5話-かんむり.csv,76,4001040060750,円香,……わからない,283活动剧情,さざなみはいつも凡庸な音がする,第5話-かんむり
283活动剧情/さざなみはいつも凡庸な音がする/第5話-かんむり.csv,77,4001040060760,円香,私たちが知らないだけかも,283活动剧情,さざなみはいつも凡庸な音がする,第5話-かんむり
283活动剧情/さざなみはいつも凡庸な音がする/第5話-かんむり.csv,90,4001040060890,円香,オッケー,283活动剧情,さざなみはいつも凡庸な音がする,第5話-かんむり
283活动剧情/さざなみはいつも凡庸な音がする/第5話-かんむり.csv,91,4001040060900,円香,"まあ、掃除なんかしなくても
もともと綺麗だったし",283活动剧情,さざなみはいつも凡庸な音がする,第5話-かんむり
283活动剧情/さざなみはいつも凡庸な音がする/第5話-かんむり.csv,94,4001040060930,円香,……よかったね,283活动剧情,さざなみはいつも凡庸な音がする,第5話-かんむり
283活动剧情/さざなみはいつも凡庸な音がする/第5話-かんむり.csv,96,4001040060950,円香,ん？,283活动剧情,さざなみはいつも凡庸な音がする,第5話-かんむり
283活动剧情/さざなみはいつも凡庸な音がする/第5話-かんむり.csv,99,4001040060980,円香,…………,283活动剧情,さざなみはいつも凡庸な音がする,第5話-かんむり
283活动剧情/さざなみはいつも凡庸な音がする/第5話-かんむり.csv,100,4001040060990,円香,……じゃ、どうするの？,283活动剧情,さざなみはいつも凡庸な音がする,第5話-かんむり
283活动剧情/さざなみはいつも凡庸な音がする/第5話-かんむり.csv,101,4001040061000,円香,"海も心も綺麗にしてこいって企画だし
間違ってはいないと思うけど",283活动剧情,さざなみはいつも凡庸な音がする,第5話-かんむり
283活动剧情/さざなみはいつも凡庸な音がする/第5話-かんむり.csv,103,4001040061020,円香,全然面白くはないけどね,283活动剧情,さざなみはいつも凡庸な音がする,第5話-かんむり
283活动剧情/さざなみはいつも凡庸な音がする/第6話-結局.csv,5,4001040070040,円香,それで,283活动剧情,さざなみはいつも凡庸な音がする,第6話-結局
283活动剧情/さざなみはいつも凡庸な音がする/第6話-結局.csv,14,4001040070130,円香,ん,283活动剧情,さざなみはいつも凡庸な音がする,第6話-結局
283活动剧情/さざなみはいつも凡庸な音がする/第6話-結局.csv,25,4001040070240,円香,"あーーー
だる",283活动剧情,さざなみはいつも凡庸な音がする,第6話-結局
283活动剧情/さざなみはいつも凡庸な音がする/第6話-結局.csv,31,4001040070300,円香,じゃ、小糸ってことで,283活动剧情,さざなみはいつも凡庸な音がする,第6話-結局
283活动剧情/さざなみはいつも凡庸な音がする/第6話-結局.csv,51,4001040070500,円香,そう,283活动剧情,さざなみはいつも凡庸な音がする,第6話-結局
283活动剧情/さざなみはいつも凡庸な音がする/第6話-結局.csv,68,4001040070670,円香,……この企画のタイトル,283活动剧情,さざなみはいつも凡庸な音がする,第6話-結局
283活动剧情/さざなみはいつも凡庸な音がする/第6話-結局.csv,69,4001040070680,円香,"『成長中』で『（仮）』だから
成長しました、とは言ってない",283活动剧情,さざなみはいつも凡庸な音がする,第6話-結局
283活动剧情/さざなみはいつも凡庸な音がする/第6話-結局.csv,71,4001040070700,円香,"だから、いいんじゃない
次で",283活动剧情,さざなみはいつも凡庸な音がする,第6話-結局
283活动剧情/さざなみはいつも凡庸な音がする/第6話-結局.csv,81,4001040070770,円香,"どうしたんですか
何かの罰でも受けているんですか",283活动剧情,さざなみはいつも凡庸な音がする,第6話-結局
283活动剧情/さざなみはいつも凡庸な音がする/第6話-結局.csv,88,4001040070820,円香,どうも,283活动剧情,さざなみはいつも凡庸な音がする,第6話-結局
283活动剧情/さざなみはいつも凡庸な音がする/第6話-結局.csv,89,4001040070830,円香,ありがとうございます,283活动剧情,さざなみはいつも凡庸な音がする,第6話-結局
283活动剧情/アジェンダ２８３/序章-基本的なスタンスについて.csv,6,4001027010050,円香,"あっつ……
ここ、エアコンないの",283活动剧情,アジェンダ２８３,序章-基本的なスタンスについて
283活动剧情/アジェンダ２８３/序章-基本的なスタンスについて.csv,7,4001027010060,円香,いや、風が生ぬるい,283活动剧情,アジェンダ２８３,序章-基本的なスタンスについて
283活动剧情/アジェンダ２８３/序章-基本的なスタンスについて.csv,19,4001027010180,円香,何ケタくらいまで言えるの？,283活动剧情,アジェンダ２８３,序章-基本的なスタンスについて
283活动剧情/アジェンダ２８３/序章-基本的なスタンスについて.csv,22,4001027010210,円香,"それルート２
覚え方も間違ってるし",283活动剧情,アジェンダ２８３,序章-基本的なスタンスについて
283活动剧情/アジェンダ２８３/序章-基本的なスタンスについて.csv,32,4001027010300,円香,"だから生ぬるい
やめて",283活动剧情,アジェンダ２８３,序章-基本的なスタンスについて
283活动剧情/アジェンダ２８３/序章-基本的なスタンスについて.csv,50,4001027010480,円香,"行こう
私たち、邪魔",283活动剧情,アジェンダ２８３,序章-基本的なスタンスについて
283活动剧情/アジェンダ２８３/第3话-つながりを考えましょう.csv,15,4001027040070,円香,コンビニ行けば,283活动剧情,アジェンダ２８３,第3话-つながりを考えましょう
283活动剧情/アジェンダ２８３/第3话-つながりを考えましょう.csv,19,4001027040110,円香,"まあ、長丁場だし
私も冷たいのにする",283活动剧情,アジェンダ２８３,第3话-つながりを考えましょう
283活动剧情/アジェンダ２８３/终章-今日を終える前に.csv,10,4001027080090,円香,気にしなくていいよ,283活动剧情,アジェンダ２８３,终章-今日を終える前に
283活动剧情/アジェンダ２８３/终章-今日を終える前に.csv,11,4001027080100,円香,"連携悪いから、
大体鬼が勝つ",283活动剧情,アジェンダ２８３,终章-今日を終える前に
283活动剧情/アジェンダ２８３/终章-今日を終える前に.csv,18,4001027080170,円香,"……ほっといていい
どうせそのうち出てくる",283活动剧情,アジェンダ２８３,终章-今日を終える前に
283活动剧情/アジェンダ２８３/终章-今日を終える前に.csv,25,4001027080240,円香,ん……？,283活动剧情,アジェンダ２８３,终章-今日を終える前に
283活动剧情/アジェンダ２８３/终章-今日を終える前に.csv,27,4001027080260,円香,"いい
しゃがんで",283活动剧情,アジェンダ２８３,终章-今日を終える前に
283活动剧情/アジェンダ２８３/终章-今日を終える前に.csv,28,4001027080270,円香,……小糸、もう戻るから,283活动剧情,アジェンダ２８３,终章-今日を終える前に
283活动剧情/アジェンダ２８３/终章-今日を終える前に.csv,30,4001027080290,円香,……,283活动剧情,アジェンダ２８３,终章-今日を終える前に
283活动剧情/アジェンダ２８３/终章-今日を終える前に.csv,31,4001027080300,円香,"……
じゃあさ────",283活动剧情,アジェンダ２８３,终章-今日を終える前に
283活动剧情/コースティクス・ノクチルカ/コースティクス・ノクチルカ序章.csv,22,4001084010040,円香,……それで、話というのは？,283活动剧情,コースティクス・ノクチルカ,コースティクス・ノクチルカ序章
283活动剧情/コースティクス・ノクチルカ/コースティクス・ノクチルカ序章.csv,28,4001084010042,透＆円香,はい,283活动剧情,コースティクス・ノクチルカ,コースティクス・ノクチルカ序章
283活动剧情/コースティクス・ノクチルカ/コースティクス・ノクチルカ第1话.csv,27,4001084020140,円香,"『ご心配なく
スタジオ近くまで来ました』",283活动剧情,コースティクス・ノクチルカ,コースティクス・ノクチルカ第1话
283活动剧情/コースティクス・ノクチルカ/コースティクス・ノクチルカ第1话.csv,31,4001084020150,円香,『ですから、ご心配なく』,283活动剧情,コースティクス・ノクチルカ,コースティクス・ノクチルカ第1话
283活动剧情/コースティクス・ノクチルカ/コースティクス・ノクチルカ第1话.csv,34,4001084020160,円香,ひょったこくん……,283活动剧情,コースティクス・ノクチルカ,コースティクス・ノクチルカ第1话
283活动剧情/コースティクス・ノクチルカ/コースティクス・ノクチルカ第1话.csv,35,4001084020170,円香,…………,283活动剧情,コースティクス・ノクチルカ,コースティクス・ノクチルカ第1话
283活动剧情/コースティクス・ノクチルカ/コースティクス・ノクチルカ第1话.csv,38,4001084020190,円香,お疲れ様です,283活动剧情,コースティクス・ノクチルカ,コースティクス・ノクチルカ第1话
283活动剧情/コースティクス・ノクチルカ/コースティクス・ノクチルカ第1话.csv,40,4001084020200,円香,見ての通り,283活动剧情,コースティクス・ノクチルカ,コースティクス・ノクチルカ第1话
283活动剧情/コースティクス・ノクチルカ/コースティクス・ノクチルカ第1话.csv,42,4001084020220,円香,浅倉の歌,283活动剧情,コースティクス・ノクチルカ,コースティクス・ノクチルカ第1话
283活动剧情/コースティクス・ノクチルカ/コースティクス・ノクチルカ第1话.csv,43,4001084020230,円香,"聴いていましたよね
お邪魔してすみません",283活动剧情,コースティクス・ノクチルカ,コースティクス・ノクチルカ第1话
283活动剧情/コースティクス・ノクチルカ/コースティクス・ノクチルカ第1话.csv,45,4001084020240,円香,"私は向こうで待機しているので
どうぞお構いなく",283活动剧情,コースティクス・ノクチルカ,コースティクス・ノクチルカ第1话
283活动剧情/コースティクス・ノクチルカ/コースティクス・ノクチルカ第1话.csv,57,4001084020280,円香,お疲れ,283活动剧情,コースティクス・ノクチルカ,コースティクス・ノクチルカ第1话
283活动剧情/コースティクス・ノクチルカ/コースティクス・ノクチルカ第1话.csv,61,4001084020310,円香,水は？,283活动剧情,コースティクス・ノクチルカ,コースティクス・ノクチルカ第1话
283活动剧情/コースティクス・ノクチルカ/コースティクス・ノクチルカ第1话.csv,70,4001084020330,円香,……はい、よろしくお願いします,283活动剧情,コースティクス・ノクチルカ,コースティクス・ノクチルカ第1话
283活动剧情/コースティクス・ノクチルカ/コースティクス・ノクチルカ第1话.csv,72,4001084020340,円香,ええ,283活动剧情,コースティクス・ノクチルカ,コースティクス・ノクチルカ第1话
283活动剧情/コースティクス・ノクチルカ/コースティクス・ノクチルカ第1话.csv,74,4001084020350,円香,はい,283活动剧情,コースティクス・ノクチルカ,コースティクス・ノクチルカ第1话
283活动剧情/コースティクス・ノクチルカ/コースティクス・ノクチルカ第1话.csv,76,4001084020360,円香,……────────────────,283活动剧情,コースティクス・ノクチルカ,コースティクス・ノクチルカ第1话
283活动剧情/コースティクス・ノクチルカ/コースティクス・ノクチルカ第1话.csv,78,4001084020370,円香,は？,283活动剧情,コースティクス・ノクチルカ,コースティクス・ノクチルカ第1话
283活动剧情/コースティクス・ノクチルカ/コースティクス・ノクチルカ第1话.csv,81,4001084020380,円香,特に何も,283活动剧情,コースティクス・ノクチルカ,コースティクス・ノクチルカ第1话
283活动剧情/コースティクス・ノクチルカ/コースティクス・ノクチルカ第1话.csv,82,4001084020390,円香,"誰かが変えたいと言えば
それでもいいですし",283活动剧情,コースティクス・ノクチルカ,コースティクス・ノクチルカ第1话
283活动剧情/コースティクス・ノクチルカ/コースティクス・ノクチルカ第1话.csv,83,4001084020400,円香,私はなんでも,283活动剧情,コースティクス・ノクチルカ,コースティクス・ノクチルカ第1话
283活动剧情/コースティクス・ノクチルカ/コースティクス・ノクチルカ第1话.csv,94,0000000000000,円香,────────────────……,283活动剧情,コースティクス・ノクチルカ,コースティクス・ノクチルカ第1话
283活动剧情/コースティクス・ノクチルカ/コースティクス・ノクチルカ第3话.csv,4,4001084040030,円香,"さあ
そこまで深く考えてないかもよ",283活动剧情,コースティクス・ノクチルカ,コースティクス・ノクチルカ第3话
283活动剧情/コースティクス・ノクチルカ/コースティクス・ノクチルカ第3话.csv,5,4001084040040,円香,"気になるなら聞いてみたらいいんじゃない？
また一緒に仕事する機会があればだけど",283活动剧情,コースティクス・ノクチルカ,コースティクス・ノクチルカ第3话
283活动剧情/コースティクス・ノクチルカ/コースティクス・ノクチルカ第3话.csv,11,4001084040100,円香,"ストップ
会場から離れ過ぎる",283活动剧情,コースティクス・ノクチルカ,コースティクス・ノクチルカ第3话
283活动剧情/コースティクス・ノクチルカ/コースティクス・ノクチルカ第3话.csv,14,4001084040130,円香,自分で調べれば,283活动剧情,コースティクス・ノクチルカ,コースティクス・ノクチルカ第3话
283活动剧情/コースティクス・ノクチルカ/コースティクス・ノクチルカ第3话.csv,16,4001084040150,円香,連絡に書いてあったでしょ,283活动剧情,コースティクス・ノクチルカ,コースティクス・ノクチルカ第3话
283活动剧情/コースティクス・ノクチルカ/コースティクス・ノクチルカ第3话.csv,20,4001084040190,円香,"……もともとはコンビニ行くって話だったのに
どうしてこうなった",283活动剧情,コースティクス・ノクチルカ,コースティクス・ノクチルカ第3话
283活动剧情/コースティクス・ノクチルカ/コースティクス・ノクチルカ第3话.csv,29,4001084040260,円香,……どうする？,283活动剧情,コースティクス・ノクチルカ,コースティクス・ノクチルカ第3话
283活动剧情/コースティクス・ノクチルカ/コースティクス・ノクチルカ第3话.csv,31,4001084040280,円香,今日はもう何も乗りたくないんじゃなかった？,283活动剧情,コースティクス・ノクチルカ,コースティクス・ノクチルカ第3话
283活动剧情/コースティクス・ノクチルカ/コースティクス・ノクチルカ第3话.csv,37,4001084040330,円香,"……だそうなので
位置情報を送ります",283活动剧情,コースティクス・ノクチルカ,コースティクス・ノクチルカ第3话
283活动剧情/コースティクス・ノクチルカ/コースティクス・ノクチルカ第3话.csv,55,4001084040380,円香,"……ないもの。つまりライブで使うものは
ほぼ外付けになるんですね",283活动剧情,コースティクス・ノクチルカ,コースティクス・ノクチルカ第3话
283活动剧情/コースティクス・ノクチルカ/コースティクス・ノクチルカ第3话.csv,74,4001084040480,円香,…………,283活动剧情,コースティクス・ノクチルカ,コースティクス・ノクチルカ第3话
283活动剧情/コースティクス・ノクチルカ/コースティクス・ノクチルカ第3话.csv,76,4001084040500,円香,"……晴れ所により曇り
だって",283活动剧情,コースティクス・ノクチルカ,コースティクス・ノクチルカ第3话
283活动剧情/コースティクス・ノクチルカ/コースティクス・ノクチルカ第3话.csv,78,4001084040520,円香,さあ,283活动剧情,コースティクス・ノクチルカ,コースティクス・ノクチルカ第3话
283活动剧情/コースティクス・ノクチルカ/コースティクス・ノクチルカ第3话.csv,82,4001084040560,円香,誰,283活动剧情,コースティクス・ノクチルカ,コースティクス・ノクチルカ第3话
283活动剧情/コースティクス・ノクチルカ/コースティクス・ノクチルカ第3话.csv,88,4001084040590,円香,隣移ろ,283活动剧情,コースティクス・ノクチルカ,コースティクス・ノクチルカ第3话
283活动剧情/コースティクス・ノクチルカ/コースティクス・ノクチルカ第3话.csv,104,4001084040710,円香,"……浅倉、ちゃんと前見て歩かないと
転ぶよ",283活动剧情,コースティクス・ノクチルカ,コースティクス・ノクチルカ第3话
283活动剧情/コースティクス・ノクチルカ/コースティクス・ノクチルカ第3话.csv,111,4001084040780,円香,"雲の切れ間から出てる
光の柱のことじゃない",283活动剧情,コースティクス・ノクチルカ,コースティクス・ノクチルカ第3话
283活动剧情/コースティクス・ノクチルカ/コースティクス・ノクチルカ第3话.csv,115,4001084040820,円香,道、またわかれてるけど,283活动剧情,コースティクス・ノクチルカ,コースティクス・ノクチルカ第3话
283活动剧情/コースティクス・ノクチルカ/コースティクス・ノクチルカ第4话.csv,16,4001084050050,円香,普通じゃダメってこと,283活动剧情,コースティクス・ノクチルカ,コースティクス・ノクチルカ第4话
283活动剧情/コースティクス・ノクチルカ/コースティクス・ノクチルカ第4话.csv,23,4001084050091,円香＆雛菜,……っ,283活动剧情,コースティクス・ノクチルカ,コースティクス・ノクチルカ第4话
283活动剧情/コースティクス・ノクチルカ/コースティクス・ノクチルカ第4话.csv,24,4001084050100,円香,ぶつかるな,283活动剧情,コースティクス・ノクチルカ,コースティクス・ノクチルカ第4话
283活动剧情/コースティクス・ノクチルカ/コースティクス・ノクチルカ第4话.csv,26,4001084050120,円香,私はポジション動いてない,283活动剧情,コースティクス・ノクチルカ,コースティクス・ノクチルカ第4话
283活动剧情/コースティクス・ノクチルカ/コースティクス・ノクチルカ第4话.csv,28,4001084050121,円香＆雛菜,……はい,283活动剧情,コースティクス・ノクチルカ,コースティクス・ノクチルカ第4话
283活动剧情/コースティクス・ノクチルカ/コースティクス・ノクチルカ第4话.csv,42,4001084050150,円香,"お祝いって……
本番は明日ですが",283活动剧情,コースティクス・ノクチルカ,コースティクス・ノクチルカ第4话
283活动剧情/コースティクス・ノクチルカ/コースティクス・ノクチルカ第4话.csv,53,4001084050250,円香,『歴史とニュージェネレーション』,283活动剧情,コースティクス・ノクチルカ,コースティクス・ノクチルカ第4话
283活动剧情/コースティクス・ノクチルカ/コースティクス・ノクチルカ第4话.csv,56,4001084050280,円香,"……それより決めたの？
何買うか",283活动剧情,コースティクス・ノクチルカ,コースティクス・ノクチルカ第4话
283活动剧情/コースティクス・ノクチルカ/コースティクス・ノクチルカ第4话.csv,64,4001084050360,円香,"了解
けど、それ今じゃなくていい",283活动剧情,コースティクス・ノクチルカ,コースティクス・ノクチルカ第4话
283活动剧情/コースティクス・ノクチルカ/コースティクス・ノクチルカ第4话.csv,70,4001084050420,円香,じゃ、私もそれ,283活动剧情,コースティクス・ノクチルカ,コースティクス・ノクチルカ第4话
283活动剧情/コースティクス・ノクチルカ/コースティクス・ノクチルカ第4话.csv,71,4001084050430,円香,浅倉も何か買うつもりなら早く,283活动剧情,コースティクス・ノクチルカ,コースティクス・ノクチルカ第4话
283活动剧情/コースティクス・ノクチルカ/コースティクス・ノクチルカ第4话.csv,75,4001084050470,円香,"オッケー
じゃ、買ってくる",283活动剧情,コースティクス・ノクチルカ,コースティクス・ノクチルカ第4话
283活动剧情/コースティクス・ノクチルカ/コースティクス・ノクチルカ第5话.csv,3,4001084060020,円香,"私はもう出る
ふたりはまだ入ってる？",283活动剧情,コースティクス・ノクチルカ,コースティクス・ノクチルカ第5话
283活动剧情/コースティクス・ノクチルカ/コースティクス・ノクチルカ第5话.csv,6,4001084060050,円香,ん,283活动剧情,コースティクス・ノクチルカ,コースティクス・ノクチルカ第5话
283活动剧情/コースティクス・ノクチルカ/コースティクス・ノクチルカ第5话.csv,40,4001084060330,円香,────でしょ,283活动剧情,コースティクス・ノクチルカ,コースティクス・ノクチルカ第5话
283活动剧情/コースティクス・ノクチルカ/コースティクス・ノクチルカ第5话.csv,41,4001084060340,円香,"────────とか
……から、ノクチルはもう────",283活动剧情,コースティクス・ノクチルカ,コースティクス・ノクチルカ第5话
283活动剧情/コースティクス・ノクチルカ/コースティクス・ノクチルカ第5话.csv,42,4001084060350,円香,ステージに立つ理由にはならない,283活动剧情,コースティクス・ノクチルカ,コースティクス・ノクチルカ第5话
283活动剧情/コースティクス・ノクチルカ/コースティクス・ノクチルカ第5话.csv,45,4001084060380,円香,"売店、もうすぐ閉まるから
買うなら急ぎな",283活动剧情,コースティクス・ノクチルカ,コースティクス・ノクチルカ第5话
283活动剧情/コースティクス・ノクチルカ/コースティクス・ノクチルカ第5话.csv,48,4001084060410,円香,雛菜、アップルパイもまだある,283活动剧情,コースティクス・ノクチルカ,コースティクス・ノクチルカ第5话
283活动剧情/コースティクス・ノクチルカ/コースティクス・ノクチルカ第5话.csv,50,4001084060430,円香,……,283活动剧情,コースティクス・ノクチルカ,コースティクス・ノクチルカ第5话
283活动剧情/コースティクス・ノクチルカ/コースティクス・ノクチルカ第5话.csv,52,4001084060450,円香,……,283活动剧情,コースティクス・ノクチルカ,コースティクス・ノクチルカ第5话
283活动剧情/コースティクス・ノクチルカ/コースティクス・ノクチルカ第5话.csv,54,4001084060470,円香,謝らなくていい,283活动剧情,コースティクス・ノクチルカ,コースティクス・ノクチルカ第5话
283活动剧情/コースティクス・ノクチルカ/コースティクス・ノクチルカ第5话.csv,55,4001084060480,円香,聞こえるところで話してた方が悪い,283活动剧情,コースティクス・ノクチルカ,コースティクス・ノクチルカ第5话
283活动剧情/コースティクス・ノクチルカ/コースティクス・ノクチルカ第5话.csv,58,4001084060510,円香,続ける理由がない,283活动剧情,コースティクス・ノクチルカ,コースティクス・ノクチルカ第5话
283活动剧情/コースティクス・ノクチルカ/コースティクス・ノクチルカ第5话.csv,59,4001084060520,円香,けど……まだ考えてるところ,283活动剧情,コースティクス・ノクチルカ,コースティクス・ノクチルカ第5话
283活动剧情/コースティクス・ノクチルカ/コースティクス・ノクチルカ第5话.csv,62,4001084060550,円香,……いや、先戻るけど,283活动剧情,コースティクス・ノクチルカ,コースティクス・ノクチルカ第5话
283活动剧情/コースティクス・ノクチルカ/コースティクス・ノクチルカ第5话.csv,63,4001084060560,円香,……,283活动剧情,コースティクス・ノクチルカ,コースティクス・ノクチルカ第5话
283活动剧情/コースティクス・ノクチルカ/コースティクス・ノクチルカ第5话.csv,67,4001084060570,円香,"……まあ
そうでしたね",283活动剧情,コースティクス・ノクチルカ,コースティクス・ノクチルカ第5话
283活动剧情/コースティクス・ノクチルカ/コースティクス・ノクチルカ第5话.csv,70,4001084060580,円香,……,283活动剧情,コースティクス・ノクチルカ,コースティクス・ノクチルカ第5话
283活动剧情/コースティクス・ノクチルカ/コースティクス・ノクチルカ第5话.csv,73,4001084060590,円香,今更でしょ,283活动剧情,コースティクス・ノクチルカ,コースティクス・ノクチルカ第5话
283活动剧情/コースティクス・ノクチルカ/コースティクス・ノクチルカ第5话.csv,74,4001084060600,円香,浅倉がどうとか,283活动剧情,コースティクス・ノクチルカ,コースティクス・ノクチルカ第5话
283活动剧情/コースティクス・ノクチルカ/コースティクス・ノクチルカ第5话.csv,75,4001084060610,円香,あなたは誠実なプロデューサー,283活动剧情,コースティクス・ノクチルカ,コースティクス・ノクチルカ第5话
283活动剧情/コースティクス・ノクチルカ/コースティクス・ノクチルカ第5话.csv,76,4001084060620,円香,"仮にそうやって騙しているのだとしても
騙し続けることができる",283活动剧情,コースティクス・ノクチルカ,コースティクス・ノクチルカ第5话
283活动剧情/コースティクス・ノクチルカ/コースティクス・ノクチルカ第5话.csv,77,4001084060630,円香,そういう人,283活动剧情,コースティクス・ノクチルカ,コースティクス・ノクチルカ第5话
283活动剧情/コースティクス・ノクチルカ/コースティクス・ノクチルカ第5话.csv,79,4001084060640,円香,"……そういうところ
もう、嫌というほどわかりましたから",283活动剧情,コースティクス・ノクチルカ,コースティクス・ノクチルカ第5话
283活动剧情/コースティクス・ノクチルカ/コースティクス・ノクチルカ第5话.csv,80,4001084060650,円香,"ですから、ノクチルはもう
ステージに立つ理由にはならない",283活动剧情,コースティクス・ノクチルカ,コースティクス・ノクチルカ第5话
283活动剧情/コースティクス・ノクチルカ/コースティクス・ノクチルカ第5话.csv,83,4001084060660,円香,は？,283活动剧情,コースティクス・ノクチルカ,コースティクス・ノクチルカ第5话
283活动剧情/コースティクス・ノクチルカ/コースティクス・ノクチルカ第5话.csv,88,4001084060670,円香,"見た？
聴いたではなく？",283活动剧情,コースティクス・ノクチルカ,コースティクス・ノクチルカ第5话
283活动剧情/コースティクス・ノクチルカ/コースティクス・ノクチルカ第5话.csv,92,4001084060680,円香,……,283活动剧情,コースティクス・ノクチルカ,コースティクス・ノクチルカ第5话
283活动剧情/コースティクス・ノクチルカ/コースティクス・ノクチルカ第6话.csv,9,4001084070040,円香,"知識を深めてもらいたいとか
そういう感じでしょ",283活动剧情,コースティクス・ノクチルカ,コースティクス・ノクチルカ第6话
283活动剧情/コースティクス・ノクチルカ/コースティクス・ノクチルカ第6话.csv,12,4001084070070,円香,"当然
プロが考えたんだから",283活动剧情,コースティクス・ノクチルカ,コースティクス・ノクチルカ第6话
283活动剧情/コースティクス・ノクチルカ/コースティクス・ノクチルカ第6话.csv,19,4001084070140,円香,……緊張してる？,283活动剧情,コースティクス・ノクチルカ,コースティクス・ノクチルカ第6话
283活动剧情/コースティクス・ノクチルカ/コースティクス・ノクチルカ第6话.csv,23,4001084070180,円香,"……大丈夫
なるようになるから",283活动剧情,コースティクス・ノクチルカ,コースティクス・ノクチルカ第6话
283活动剧情/コースティクス・ノクチルカ/コースティクス・ノクチルカ第6话.csv,24,4001084070190,円香,"リハーサルも特に問題なかったし
覚えたことをそのままやればいいだけ",283活动剧情,コースティクス・ノクチルカ,コースティクス・ノクチルカ第6话
283活动剧情/コースティクス・ノクチルカ/コースティクス・ノクチルカ第6话.csv,30,4001084070230,円香,からの、うちらってわけね,283活动剧情,コースティクス・ノクチルカ,コースティクス・ノクチルカ第6话
283活动剧情/コースティクス・ノクチルカ/コースティクス・ノクチルカ第6话.csv,35,4001084070250,円香,何よりです,283活动剧情,コースティクス・ノクチルカ,コースティクス・ノクチルカ第6话
283活动剧情/コースティクス・ノクチルカ/コースティクス・ノクチルカ第6话.csv,45,4001084070310,円香,……,283活动剧情,コースティクス・ノクチルカ,コースティクス・ノクチルカ第6话
283活动剧情/コースティクス・ノクチルカ/コースティクス・ノクチルカ第6话.csv,58,4001084070390,円香,ん,283活动剧情,コースティクス・ノクチルカ,コースティクス・ノクチルカ第6话
283活动剧情/コースティクス・ノクチルカ/コースティクス・ノクチルカ终章.csv,2,4001084080010,円香,タクシー、まだ捕まらないって,283活动剧情,コースティクス・ノクチルカ,コースティクス・ノクチルカ终章
283活动剧情/コースティクス・ノクチルカ/コースティクス・ノクチルカ终章.csv,8,4001084080070,円香,……,283活动剧情,コースティクス・ノクチルカ,コースティクス・ノクチルカ终章
283活动剧情/コースティクス・ノクチルカ/コースティクス・ノクチルカ终章.csv,9,4001084080080,円香,"駅まで
ギリギリ歩ける距離だけど",283活动剧情,コースティクス・ノクチルカ,コースティクス・ノクチルカ终章
283活动剧情/コースティクス・ノクチルカ/コースティクス・ノクチルカ终章.csv,11,4001084080100,円香,"……誰か、代わりに地図見れる？
電池切れそう",283活动剧情,コースティクス・ノクチルカ,コースティクス・ノクチルカ终章
283活动剧情/コースティクス・ノクチルカ/コースティクス・ノクチルカ终章.csv,13,4001084080120,円香,"持ってきてない
あまり使わないと思ってたから",283活动剧情,コースティクス・ノクチルカ,コースティクス・ノクチルカ终章
283活动剧情/コースティクス・ノクチルカ/コースティクス・ノクチルカ终章.csv,14,4001084080130,円香,"────切れた
後はよろしく",283活动剧情,コースティクス・ノクチルカ,コースティクス・ノクチルカ终章
283活动剧情/コースティクス・ノクチルカ/コースティクス・ノクチルカ终章.csv,17,4001084080160,円香,まあ,283活动剧情,コースティクス・ノクチルカ,コースティクス・ノクチルカ终章
283活动剧情/コースティクス・ノクチルカ/コースティクス・ノクチルカ终章.csv,21,4001084080200,円香,"遊んだ帰りに、いつもと違う道でも
帰れるかもしれないとか言って",283活动剧情,コースティクス・ノクチルカ,コースティクス・ノクチルカ终章
283活动剧情/コースティクス・ノクチルカ/コースティクス・ノクチルカ终章.csv,22,4001084080210,円香,歩き通して、結局迎えに来てもらったやつ,283活动剧情,コースティクス・ノクチルカ,コースティクス・ノクチルカ终章
283活动剧情/コースティクス・ノクチルカ/コースティクス・ノクチルカ终章.csv,28,4001084080270,円香,"途中、帰れそうな道はあったのに
浅倉が行きたい道ばかり選ぶから",283活动剧情,コースティクス・ノクチルカ,コースティクス・ノクチルカ终章
283活动剧情/コースティクス・ノクチルカ/コースティクス・ノクチルカ终章.csv,30,4001084080290,円香,……今、どの辺？,283活动剧情,コースティクス・ノクチルカ,コースティクス・ノクチルカ终章
283活动剧情/コースティクス・ノクチルカ/コースティクス・ノクチルカ终章.csv,35,4001084080340,円香,"いや聞いてない……
どっか、近くに入れそうな屋根とか……",283活动剧情,コースティクス・ノクチルカ,コースティクス・ノクチルカ终章
283活动剧情/コースティクス・ノクチルカ/コースティクス・ノクチルカ终章.csv,38,4001084080370,円香,問題ない,283活动剧情,コースティクス・ノクチルカ,コースティクス・ノクチルカ终章
283活动剧情/コースティクス・ノクチルカ/コースティクス・ノクチルカ终章.csv,42,4001084080410,円香,小糸号、発進,283活动剧情,コースティクス・ノクチルカ,コースティクス・ノクチルカ终章
283活动剧情/コースティクス・ノクチルカ/コースティクス・ノクチルカ终章.csv,45,4001084080430,円香,"とりあえず屋根が見えたから入ったけど
ここどこ？",283活动剧情,コースティクス・ノクチルカ,コースティクス・ノクチルカ终章
283活动剧情/コースティクス・ノクチルカ/コースティクス・ノクチルカ终章.csv,51,4001084080490,円香,"雨宿りできて、待ってれば駅にも行けるんなら
悪くないんじゃない",283活动剧情,コースティクス・ノクチルカ,コースティクス・ノクチルカ终章
283活动剧情/コースティクス・ノクチルカ/コースティクス・ノクチルカ终章.csv,64,4001084080610,円香,"せめてもう少し後に降ってくれたら
もっと助かったけど",283活动剧情,コースティクス・ノクチルカ,コースティクス・ノクチルカ终章
283活动剧情/コースティクス・ノクチルカ/コースティクス・ノクチルカ终章.csv,66,4001084080630,円香,……,283活动剧情,コースティクス・ノクチルカ,コースティクス・ノクチルカ终章
283活动剧情/コースティクス・ノクチルカ/コースティクス・ノクチルカ终章.csv,83,4001084080800,円香,透,283活动剧情,コースティクス・ノクチルカ,コースティクス・ノクチルカ终章
283活动剧情/コースティクス・ノクチルカ/コースティクス・ノクチルカ终章.csv,85,4001084080820,円香,傘、そこで差しといて,283活动剧情,コースティクス・ノクチルカ,コースティクス・ノクチルカ终章
283活动剧情/ゴシップ・キャンディ！-魔法の本とおかしな食べ物-/序章-ハロウィン・ゴシップ.csv,9,4001029010080,円香,それ、あくまで噂でしょ,283活动剧情,ゴシップ・キャンディ！-魔法の本とおかしな食べ物-,序章-ハロウィン・ゴシップ
283活动剧情/ゴシップ・キャンディ！-魔法の本とおかしな食べ物-/序章-ハロウィン・ゴシップ.csv,10,4001029010090,円香,実際に行ったら全然違うかもよ,283活动剧情,ゴシップ・キャンディ！-魔法の本とおかしな食べ物-,序章-ハロウィン・ゴシップ
283活动剧情/ゴシップ・キャンディ！-魔法の本とおかしな食べ物-/序章-ハロウィン・ゴシップ.csv,44,4001029010320,円香,……その本、汚れすぎじゃない？,283活动剧情,ゴシップ・キャンディ！-魔法の本とおかしな食べ物-,序章-ハロウィン・ゴシップ
283活动剧情/ゴシップ・キャンディ！-魔法の本とおかしな食べ物-/序章-ハロウィン・ゴシップ.csv,45,4001029010330,円香,どこにあったやつ？,283活动剧情,ゴシップ・キャンディ！-魔法の本とおかしな食べ物-,序章-ハロウィン・ゴシップ
283活动剧情/ゴシップ・キャンディ！-魔法の本とおかしな食べ物-/序章-ハロウィン・ゴシップ.csv,54,4001029010380,円香,そんなこと言っても仕方ないでしょ,283活动剧情,ゴシップ・キャンディ！-魔法の本とおかしな食べ物-,序章-ハロウィン・ゴシップ
283活动剧情/ゴシップ・キャンディ！-魔法の本とおかしな食べ物-/序章-ハロウィン・ゴシップ.csv,55,4001029010390,円香,どうせ行けないんだから,283活动剧情,ゴシップ・キャンディ！-魔法の本とおかしな食べ物-,序章-ハロウィン・ゴシップ
283活动剧情/ゴシップ・キャンディ！-魔法の本とおかしな食べ物-/序章-ハロウィン・ゴシップ.csv,59,4001029010430,円香,は？,283活动剧情,ゴシップ・キャンディ！-魔法の本とおかしな食べ物-,序章-ハロウィン・ゴシップ
283活动剧情/ゴシップ・キャンディ！-魔法の本とおかしな食べ物-/第1话-呼んだんだけど.csv,11,4001029020090,円香,……絶対違う,283活动剧情,ゴシップ・キャンディ！-魔法の本とおかしな食べ物-,第1话-呼んだんだけど
283活动剧情/ゴシップ・キャンディ！-魔法の本とおかしな食べ物-/第1话-呼んだんだけど.csv,19,4001029020170,円香,ほんと、完全に失敗,283活动剧情,ゴシップ・キャンディ！-魔法の本とおかしな食べ物-,第1话-呼んだんだけど
283活动剧情/ゴシップ・キャンディ！-魔法の本とおかしな食べ物-/第1话-呼んだんだけど.csv,20,4001029020180,円香,なんなの、これ,283活动剧情,ゴシップ・キャンディ！-魔法の本とおかしな食べ物-,第1话-呼んだんだけど
283活动剧情/ゴシップ・キャンディ！-魔法の本とおかしな食べ物-/第1话-呼んだんだけど.csv,22,4001029020190,円香,"こんな間の抜けた顔の生き物
初めて見た",283活动剧情,ゴシップ・キャンディ！-魔法の本とおかしな食べ物-,第1话-呼んだんだけど
283活动剧情/ゴシップ・キャンディ！-魔法の本とおかしな食べ物-/第1话-呼んだんだけど.csv,29,4001029020260,円香,やめといたら,283活动剧情,ゴシップ・キャンディ！-魔法の本とおかしな食べ物-,第1话-呼んだんだけど
283活动剧情/ゴシップ・キャンディ！-魔法の本とおかしな食べ物-/第1话-呼んだんだけど.csv,30,4001029020270,円香,こんなの食べたらお腹壊す,283活动剧情,ゴシップ・キャンディ！-魔法の本とおかしな食べ物-,第1话-呼んだんだけど
283活动剧情/ゴシップ・キャンディ！-魔法の本とおかしな食べ物-/第1话-呼んだんだけど.csv,32,4001029020290,円香,吸わない,283活动剧情,ゴシップ・キャンディ！-魔法の本とおかしな食べ物-,第1话-呼んだんだけど
283活动剧情/ゴシップ・キャンディ！-魔法の本とおかしな食べ物-/第1话-呼んだんだけど.csv,33,4001029020300,円香,"ヴァンパイアだからって
今時ニンゲンの血なんて吸わないから",283活动剧情,ゴシップ・キャンディ！-魔法の本とおかしな食べ物-,第1话-呼んだんだけど
283活动剧情/ゴシップ・キャンディ！-魔法の本とおかしな食べ物-/第1话-呼んだんだけど.csv,38,4001029020330,円香,…………,283活动剧情,ゴシップ・キャンディ！-魔法の本とおかしな食べ物-,第1话-呼んだんだけど
283活动剧情/ゴシップ・キャンディ！-魔法の本とおかしな食べ物-/第1话-呼んだんだけど.csv,66,4001029020470,円香,……ざっと目を通しましたが,283活动剧情,ゴシップ・キャンディ！-魔法の本とおかしな食べ物-,第1话-呼んだんだけど
283活动剧情/ゴシップ・キャンディ！-魔法の本とおかしな食べ物-/第1话-呼んだんだけど.csv,67,4001029020480,円香,"あなたを呼び出したこの本に
あなたを元の場所に戻す方法は載っていませんね",283活动剧情,ゴシップ・キャンディ！-魔法の本とおかしな食べ物-,第1话-呼んだんだけど
283活动剧情/ゴシップ・キャンディ！-魔法の本とおかしな食べ物-/第1话-呼んだんだけど.csv,76,4001029020550,円香,じゃ、図書館にあるのかもね,283活动剧情,ゴシップ・キャンディ！-魔法の本とおかしな食べ物-,第1话-呼んだんだけど
283活动剧情/ゴシップ・キャンディ！-魔法の本とおかしな食べ物-/第1话-呼んだんだけど.csv,77,4001029020560,円香,この本にも図書館の印字があるし,283活动剧情,ゴシップ・キャンディ！-魔法の本とおかしな食べ物-,第1话-呼んだんだけど
283活动剧情/ゴシップ・キャンディ！-魔法の本とおかしな食べ物-/第3话-兼・魔女見習いたち.csv,33,4001029040220,円香,"……そんなことより
見つかったんですか？",283活动剧情,ゴシップ・キャンディ！-魔法の本とおかしな食べ物-,第3话-兼・魔女見習いたち
283活动剧情/ゴシップ・キャンディ！-魔法の本とおかしな食べ物-/第3话-兼・魔女見習いたち.csv,34,4001029040230,円香,帰る方法,283活动剧情,ゴシップ・キャンディ！-魔法の本とおかしな食べ物-,第3话-兼・魔女見習いたち
283活动剧情/ゴシップ・キャンディ！-魔法の本とおかしな食べ物-/第3话-兼・魔女見習いたち.csv,38,4001029040240,円香,…………はぁ,283活动剧情,ゴシップ・キャンディ！-魔法の本とおかしな食べ物-,第3话-兼・魔女見習いたち
283活动剧情/ゴシップ・キャンディ！-魔法の本とおかしな食べ物-/第3话-兼・魔女見習いたち.csv,39,4001029040250,円香,じゃあ、なんの成果もなしってこと,283活动剧情,ゴシップ・キャンディ！-魔法の本とおかしな食べ物-,第3话-兼・魔女見習いたち
283活动剧情/ゴシップ・キャンディ！-魔法の本とおかしな食べ物-/第3话-兼・魔女見習いたち.csv,59,4001029040370,円香,……管理、杜撰すぎでしょ,283活动剧情,ゴシップ・キャンディ！-魔法の本とおかしな食べ物-,第3话-兼・魔女見習いたち
283活动剧情/ゴシップ・キャンディ！-魔法の本とおかしな食べ物-/第3话-兼・魔女見習いたち.csv,60,4001029040380,円香,"この分じゃ、対になる本も
無いんじゃないの？",283活动剧情,ゴシップ・キャンディ！-魔法の本とおかしな食べ物-,第3话-兼・魔女見習いたち
283活动剧情/ゴシップ・キャンディ！-魔法の本とおかしな食べ物-/第3话-兼・魔女見習いたち.csv,69,4001029040440,円香,"無理でしょ
ニンゲンがこっちで暮らすなんて",283活动剧情,ゴシップ・キャンディ！-魔法の本とおかしな食べ物-,第3话-兼・魔女見習いたち
283活动剧情/ゴシップ・キャンディ！-魔法の本とおかしな食べ物-/第3话-兼・魔女見習いたち.csv,73,4001029040480,円香,…………私は嫌,283活动剧情,ゴシップ・キャンディ！-魔法の本とおかしな食べ物-,第3话-兼・魔女見習いたち
283活动剧情/ゴシップ・キャンディ！-魔法の本とおかしな食べ物-/第3话-兼・魔女見習いたち.csv,74,4001029040490,円香,"これの肌を直接噛むとか……
絶対に嫌",283活动剧情,ゴシップ・キャンディ！-魔法の本とおかしな食べ物-,第3话-兼・魔女見習いたち
283活动剧情/ゴシップ・キャンディ！-魔法の本とおかしな食べ物-/第3话-兼・魔女見習いたち.csv,83,4001029040540,円香,"…………
無いかもしれないですよ",283活动剧情,ゴシップ・キャンディ！-魔法の本とおかしな食べ物-,第3话-兼・魔女見習いたち
283活动剧情/ゴシップ・キャンディ！-魔法の本とおかしな食べ物-/第3话-兼・魔女見習いたち.csv,84,4001029040550,円香,"本……ていうか
帰る方法なんて、そもそも",283活动剧情,ゴシップ・キャンディ！-魔法の本とおかしな食べ物-,第3话-兼・魔女見習いたち
283活动剧情/ゴシップ・キャンディ！-魔法の本とおかしな食べ物-/第3话-兼・魔女見習いたち.csv,87,4001029040560,円香,…………,283活动剧情,ゴシップ・キャンディ！-魔法の本とおかしな食べ物-,第3话-兼・魔女見習いたち
283活动剧情/ゴシップ・キャンディ！-魔法の本とおかしな食べ物-/第5话-コンビニ・キャンディ.csv,9,4001029060050,円香,"…………
どっちにしろ失敗だったけど",283活动剧情,ゴシップ・キャンディ！-魔法の本とおかしな食べ物-,第5话-コンビニ・キャンディ
283活动剧情/ゴシップ・キャンディ！-魔法の本とおかしな食べ物-/第5话-コンビニ・キャンディ.csv,10,4001029060060,円香,…………,283活动剧情,ゴシップ・キャンディ！-魔法の本とおかしな食べ物-,第5话-コンビニ・キャンディ
283活动剧情/ゴシップ・キャンディ！-魔法の本とおかしな食べ物-/第5话-コンビニ・キャンディ.csv,22,4001029060140,円香,……何？,283活动剧情,ゴシップ・キャンディ！-魔法の本とおかしな食べ物-,第5话-コンビニ・キャンディ
283活动剧情/ゴシップ・キャンディ！-魔法の本とおかしな食べ物-/第5话-コンビニ・キャンディ.csv,43,4001029060250,円香,…………,283活动剧情,ゴシップ・キャンディ！-魔法の本とおかしな食べ物-,第5话-コンビニ・キャンディ
283活动剧情/ゴシップ・キャンディ！-魔法の本とおかしな食べ物-/第5话-コンビニ・キャンディ.csv,49,4001029060310,円香,…………,283活动剧情,ゴシップ・キャンディ！-魔法の本とおかしな食べ物-,第5话-コンビニ・キャンディ
283活动剧情/ゴシップ・キャンディ！-魔法の本とおかしな食べ物-/第5话-コンビニ・キャンディ.csv,50,4001029060320,円香,"呼び出したのは、
これだったのかも",283活动剧情,ゴシップ・キャンディ！-魔法の本とおかしな食べ物-,第5话-コンビニ・キャンディ
283活动剧情/ゴシップ・キャンディ！-魔法の本とおかしな食べ物-/第5话-コンビニ・キャンディ.csv,52,4001029060330,円香,"浅倉は、あっちの世界の美味しい物を
呼び出そうとしたんでしょ？",283活动剧情,ゴシップ・キャンディ！-魔法の本とおかしな食べ物-,第5话-コンビニ・キャンディ
283活动剧情/ゴシップ・キャンディ！-魔法の本とおかしな食べ物-/第5话-コンビニ・キャンディ.csv,54,4001029060350,円香,"だったら、呼び出したのは
このアメとかいうやつだったんじゃないの",283活动剧情,ゴシップ・キャンディ！-魔法の本とおかしな食べ物-,第5话-コンビニ・キャンディ
283活动剧情/ゴシップ・キャンディ！-魔法の本とおかしな食べ物-/第5话-コンビニ・キャンディ.csv,55,4001029060360,円香,"やたらかさばるおまけも
付いてきたけど",283活动剧情,ゴシップ・キャンディ！-魔法の本とおかしな食べ物-,第5话-コンビニ・キャンディ
283活动剧情/ゴシップ・キャンディ！-魔法の本とおかしな食べ物-/第5话-コンビニ・キャンディ.csv,59,4001029060390,円香,………………,283活动剧情,ゴシップ・キャンディ！-魔法の本とおかしな食べ物-,第5话-コンビニ・キャンディ
283活动剧情/ゴシップ・キャンディ！-魔法の本とおかしな食べ物-/终章-次のハロウィンには.csv,34,0000000000000,円香,…………,283活动剧情,ゴシップ・キャンディ！-魔法の本とおかしな食べ物-,终章-次のハロウィンには
283活动剧情/ゴシップ・キャンディ！-魔法の本とおかしな食べ物-/终章-次のハロウィンには.csv,37,4001029080290,円香,"貰いっぱなしは
気持ちが悪いので",283活动剧情,ゴシップ・キャンディ！-魔法の本とおかしな食べ物-,终章-次のハロウィンには
283活动剧情/ゴシップ・キャンディ！-魔法の本とおかしな食べ物-/终章-次のハロウィンには.csv,40,4001029080300,円香,"…………
さっさと行ってください",283活动剧情,ゴシップ・キャンディ！-魔法の本とおかしな食べ物-,终章-次のハロウィンには
283活动剧情/ゴシップ・キャンディ！-魔法の本とおかしな食べ物-/终章-次のハロウィンには.csv,41,4001029080310,円香,"その間の抜けた顔
もう見たくないですから",283活动剧情,ゴシップ・キャンディ！-魔法の本とおかしな食べ物-,终章-次のハロウィンには
283活动剧情/ゴシップ・キャンディ！-魔法の本とおかしな食べ物-/终章-次のハロウィンには.csv,46,4001029080340,円香,………………,283活动剧情,ゴシップ・キャンディ！-魔法の本とおかしな食べ物-,终章-次のハロウィンには
283活动剧情/ゴシップ・キャンディ！-魔法の本とおかしな食べ物-/终章-次のハロウィンには.csv,49,4001029080370,円香,は？,283活动剧情,ゴシップ・キャンディ！-魔法の本とおかしな食べ物-,终章-次のハロウィンには
283活动剧情/ゴシップ・キャンディ！-魔法の本とおかしな食べ物-/终章-次のハロウィンには.csv,50,4001029080380,円香,……当たり前でしょ,283活动剧情,ゴシップ・キャンディ！-魔法の本とおかしな食べ物-,终章-次のハロウィンには
283活动剧情/シャイニーの日/2020年4月12日-シャイニーの日 2020 特別コミュ.csv,26,4901012010240,円香,"大丈夫です、お構いなく
浅倉の日誌、置きにきただけなので──",283活动剧情,シャイニーの日,2020年4月12日-シャイニーの日 2020 特別コミュ
283活动剧情/シャイニーの日/2021年4月12日-シャイニーの日 2021 特別コミュ.csv,52,4901022010470,円香,"……なんか言われると面倒だから
事務所にある鍵、取りに入る",283活动剧情,シャイニーの日,2021年4月12日-シャイニーの日 2021 特別コミュ
283活动剧情/シャイニーの日/2022年4月12日-シャイニーの日 2022 特別コミュ.csv,35,4901030010240,円香,……こんぶ,283活动剧情,シャイニーの日,2022年4月12日-シャイニーの日 2022 特別コミュ
283活动剧情/シャイニーの日/2023年4月12日-シャイニーの日 2023 特別コミュ.csv,25,4901040010240,円香,"では教えてください
──────アイドルとは？",283活动剧情,シャイニーの日,2023年4月12日-シャイニーの日 2023 特別コミュ
283活动剧情/シャイニーの日/シャイニーの日 2025 特別コミュ.csv,6,4902000010030,円香,"おはよう。……これ？　仕事で頂いて……
飾れそうな場所、まだ空いてる？",283活动剧情,シャイニーの日,シャイニーの日 2025 特別コミュ
283活动剧情/ワールプールフールガールズ/序章-なんなんだよ今度は.csv,6,4001059010040,円香,……しゃべりまーす,283活动剧情,ワールプールフールガールズ,序章-なんなんだよ今度は
283活动剧情/ワールプールフールガールズ/序章-なんなんだよ今度は.csv,11,4001059010070,円香,あざます,283活动剧情,ワールプールフールガールズ,序章-なんなんだよ今度は
283活动剧情/ワールプールフールガールズ/序章-なんなんだよ今度は.csv,17,4001059010120,円香,……,283活动剧情,ワールプールフールガールズ,序章-なんなんだよ今度は
283活动剧情/ワールプールフールガールズ/序章-なんなんだよ今度は.csv,63,4001059010340,円香,……,283活动剧情,ワールプールフールガールズ,序章-なんなんだよ今度は
283活动剧情/ワールプールフールガールズ/序章-なんなんだよ今度は.csv,68,4001059010370,円香,……,283活动剧情,ワールプールフールガールズ,序章-なんなんだよ今度は
283活动剧情/ワールプールフールガールズ/序章-なんなんだよ今度は.csv,73,4001059010390,円香,宿題、やらないなら帰る,283活动剧情,ワールプールフールガールズ,序章-なんなんだよ今度は
283活动剧情/ワールプールフールガールズ/序章-なんなんだよ今度は.csv,76,4001059010420,円香,……春休み、充実してて何より,283活动剧情,ワールプールフールガールズ,序章-なんなんだよ今度は
283活动剧情/ワールプールフールガールズ/序章-なんなんだよ今度は.csv,80,4001059010440,円香,じゃ,283活动剧情,ワールプールフールガールズ,序章-なんなんだよ今度は
283活动剧情/ワールプールフールガールズ/序章-なんなんだよ今度は.csv,84,4001059010460,円香,────お邪魔しました……,283活动剧情,ワールプールフールガールズ,序章-なんなんだよ今度は
283活动剧情/ワールプールフールガールズ/序章-なんなんだよ今度は.csv,87,4001059010490,円香,……,283活动剧情,ワールプールフールガールズ,序章-なんなんだよ今度は
283活动剧情/ワールプールフールガールズ/序章-なんなんだよ今度は.csv,90,4001059010500,円香,……お疲れ,283活动剧情,ワールプールフールガールズ,序章-なんなんだよ今度は
283活动剧情/ワールプールフールガールズ/序章-なんなんだよ今度は.csv,97,4001059010540,円香,……入ったら？,283活动剧情,ワールプールフールガールズ,序章-なんなんだよ今度は
283活动剧情/ワールプールフールガールズ/序章-なんなんだよ今度は.csv,104,4001059010600,円香,……,283活动剧情,ワールプールフールガールズ,序章-なんなんだよ今度は
283活动剧情/ワールプールフールガールズ/第1话-押し入れ・THE・WORLD.csv,61,4001059020160,円香,あるある,283活动剧情,ワールプールフールガールズ,第1话-押し入れ・THE・WORLD
283活动剧情/ワールプールフールガールズ/第1话-押し入れ・THE・WORLD.csv,68,4001059020230,円香,……うわ,283活动剧情,ワールプールフールガールズ,第1话-押し入れ・THE・WORLD
283活动剧情/ワールプールフールガールズ/第1话-押し入れ・THE・WORLD.csv,70,4001059020250,円香,すごい音してたけど,283活动剧情,ワールプールフールガールズ,第1话-押し入れ・THE・WORLD
283活动剧情/ワールプールフールガールズ/第1话-押し入れ・THE・WORLD.csv,73,4001059020280,円香,ああ……,283活动剧情,ワールプールフールガールズ,第1话-押し入れ・THE・WORLD
283活动剧情/ワールプールフールガールズ/第1话-押し入れ・THE・WORLD.csv,74,4001059020281,透＆円香,てつ──────,283活动剧情,ワールプールフールガールズ,第1话-押し入れ・THE・WORLD
283活动剧情/ワールプールフールガールズ/第1话-押し入れ・THE・WORLD.csv,83,4001059020350,円香,……,283活动剧情,ワールプールフールガールズ,第1话-押し入れ・THE・WORLD
283活动剧情/ワールプールフールガールズ/第1话-押し入れ・THE・WORLD.csv,85,4001059020370,円香,まだ着るなら春物,283活动剧情,ワールプールフールガールズ,第1话-押し入れ・THE・WORLD
283活动剧情/ワールプールフールガールズ/第1话-押し入れ・THE・WORLD.csv,87,4001059020390,円香,……冬物で,283活动剧情,ワールプールフールガールズ,第1话-押し入れ・THE・WORLD
283活动剧情/ワールプールフールガールズ/第1话-押し入れ・THE・WORLD.csv,108,4001059020550,円香,やらないって言った,283活动剧情,ワールプールフールガールズ,第1话-押し入れ・THE・WORLD
283活动剧情/ワールプールフールガールズ/第1话-押し入れ・THE・WORLD.csv,110,4001059020570,円香,200円,283活动剧情,ワールプールフールガールズ,第1话-押し入れ・THE・WORLD
283活动剧情/ワールプールフールガールズ/第1话-押し入れ・THE・WORLD.csv,118,4001059020631,透＆円香＆小糸,ふふっ,283活动剧情,ワールプールフールガールズ,第1话-押し入れ・THE・WORLD
283活动剧情/ワールプールフールガールズ/第1话-押し入れ・THE・WORLD.csv,123,4001059020650,円香,……ポケットに物、入れすぎ,283活动剧情,ワールプールフールガールズ,第1话-押し入れ・THE・WORLD
283活动剧情/ワールプールフールガールズ/第1话-押し入れ・THE・WORLD.csv,125,4001059020670,円香,"輪ゴム……ネジ？　……リップ
リップ何本め……",283活动剧情,ワールプールフールガールズ,第1话-押し入れ・THE・WORLD
283活动剧情/ワールプールフールガールズ/第1话-押し入れ・THE・WORLD.csv,127,4001059020690,円香,……いつの,283活动剧情,ワールプールフールガールズ,第1话-押し入れ・THE・WORLD
283活动剧情/ワールプールフールガールズ/第1话-押し入れ・THE・WORLD.csv,130,4001059020710,円香,"────
何か入ってない服がない",283活动剧情,ワールプールフールガールズ,第1话-押し入れ・THE・WORLD
283活动剧情/ワールプールフールガールズ/第1话-押し入れ・THE・WORLD.csv,136,4001059020760,円香,"……
それ────",283活动剧情,ワールプールフールガールズ,第1话-押し入れ・THE・WORLD
283活动剧情/ワールプールフールガールズ/第2话-返す.csv,9,4001059030030,円香,……,283活动剧情,ワールプールフールガールズ,第2话-返す
283活动剧情/ワールプールフールガールズ/第2话-返す.csv,14,4001059030080,円香,服っていうより、ガラクタ,283活动剧情,ワールプールフールガールズ,第2话-返す
283活动剧情/ワールプールフールガールズ/第2话-返す.csv,35,4001059030200,円香,……,283活动剧情,ワールプールフールガールズ,第2话-返す
283活动剧情/ワールプールフールガールズ/第2话-返す.csv,41,4001059030260,円香,"……これもじゃない？
名前入ってる",283活动剧情,ワールプールフールガールズ,第2话-返す
283活动剧情/ワールプールフールガールズ/第2话-返す.csv,42,4001059030270,円香,"裁ちばさみ
……ソフトクラブの子？",283活动剧情,ワールプールフールガールズ,第2话-返す
283活动剧情/ワールプールフールガールズ/第2话-返す.csv,45,4001059030300,円香,"……
借りパクね",283活动剧情,ワールプールフールガールズ,第2话-返す
283活动剧情/ワールプールフールガールズ/第2话-返す.csv,49,4001059030320,円香,────ていうか、これもそう,283活动剧情,ワールプールフールガールズ,第2话-返す
283活动剧情/ワールプールフールガールズ/第2话-返す.csv,51,4001059030340,円香,"……
小糸も知ってる",283活动剧情,ワールプールフールガールズ,第2话-返す
283活动剧情/ワールプールフールガールズ/第2话-返す.csv,54,4001059030370,円香,……別に,283活动剧情,ワールプールフールガールズ,第2话-返す
283活动剧情/ワールプールフールガールズ/第2话-返す.csv,55,4001059030380,円香,捨てていいと思うけど,283活动剧情,ワールプールフールガールズ,第2话-返す
283活动剧情/ワールプールフールガールズ/第2话-返す.csv,66,4001059030480,円香,"同じクラスだったこともある
いつもセンターの部屋、占領して────",283活动剧情,ワールプールフールガールズ,第2话-返す
283活动剧情/ワールプールフールガールズ/第2话-返す.csv,73,4001059030530,円香,……,283活动剧情,ワールプールフールガールズ,第2话-返す
283活动剧情/ワールプールフールガールズ/第2话-返す.csv,82,4001059030620,円香,なんでこっちも巻き込む前提？,283活动剧情,ワールプールフールガールズ,第2话-返す
283活动剧情/ワールプールフールガールズ/第2话-返す.csv,85,4001059030650,円香,────500円,283活动剧情,ワールプールフールガールズ,第2话-返す
283活动剧情/ワールプールフールガールズ/第2话-返す.csv,89,4001059030680,円香,──────……,283活动剧情,ワールプールフールガールズ,第2话-返す
283活动剧情/ワールプールフールガールズ/第2话-返す.csv,91,4001059030690,円香,────っ,283活动剧情,ワールプールフールガールズ,第2话-返す
283活动剧情/ワールプールフールガールズ/第2话-返す.csv,95,4001059030710,円香,こんにちは,283活动剧情,ワールプールフールガールズ,第2话-返す
283活动剧情/ワールプールフールガールズ/第2话-返す.csv,97,4001059030730,円香,樋口円香です,283活动剧情,ワールプールフールガールズ,第2话-返す
283活动剧情/ワールプールフールガールズ/第2话-返す.csv,103,4001059030750,円香,『ありがとうございます』,283活动剧情,ワールプールフールガールズ,第2话-返す
283活动剧情/ワールプールフールガールズ/第2话-返す.csv,110,4001059030810,円香,……内容のないトークで申し訳ないです,283活动剧情,ワールプールフールガールズ,第2话-返す
283活动剧情/ワールプールフールガールズ/第2话-返す.csv,112,4001059030820,円香,それでは今日も内容薄めでお送りしてまいります,283活动剧情,ワールプールフールガールズ,第2话-返す
283活动剧情/ワールプールフールガールズ/第2话-返す.csv,120,4001059030850,円香,ん、一粒一粒ね,283活动剧情,ワールプールフールガールズ,第2话-返す
283活动剧情/ワールプールフールガールズ/第2话-返す.csv,122,4001059030851,円香＆ラジオMC,樋口くーん！,283活动剧情,ワールプールフールガールズ,第2话-返す
283活动剧情/ワールプールフールガールズ/第2话-返す.csv,127,4001059030852,透＆円香,『はい』,283活动剧情,ワールプールフールガールズ,第2话-返す
283活动剧情/ワールプールフールガールズ/第2话-返す.csv,132,4001059030880,円香,中身、ありました？,283活动剧情,ワールプールフールガールズ,第2话-返す
283活动剧情/ワールプールフールガールズ/第3话-星から来たヤツ.csv,19,4001059040060,円香,……私まで小言を聞かされる必要があるんですか？,283活动剧情,ワールプールフールガールズ,第3话-星から来たヤツ
283活动剧情/ワールプールフールガールズ/第3话-星から来たヤツ.csv,24,4001059040070,円香,……,283活动剧情,ワールプールフールガールズ,第3话-星から来たヤツ
283活动剧情/ワールプールフールガールズ/第3话-星から来たヤツ.csv,25,4001059040080,円香,そうですね、失礼します,283活动剧情,ワールプールフールガールズ,第3话-星から来たヤツ
283活动剧情/ワールプールフールガールズ/第3话-星から来たヤツ.csv,27,4001059040100,円香,……さあ,283活动剧情,ワールプールフールガールズ,第3话-星から来たヤツ
283活动剧情/ワールプールフールガールズ/第3话-星から来たヤツ.csv,29,4001059040101,透＆円香,うぃー,283活动剧情,ワールプールフールガールズ,第3话-星から来たヤツ
283活动剧情/ワールプールフールガールズ/第3话-星から来たヤツ.csv,30,4001059040110,円香,……ちゃんとやれ的な,283活动剧情,ワールプールフールガールズ,第3话-星から来たヤツ
283活动剧情/ワールプールフールガールズ/第3话-星から来たヤツ.csv,31,4001059040120,円香,いつもの,283活动剧情,ワールプールフールガールズ,第3话-星から来たヤツ
283活动剧情/ワールプールフールガールズ/第3话-星から来たヤツ.csv,54,4001059040210,円香,……,283活动剧情,ワールプールフールガールズ,第3话-星から来たヤツ
283活动剧情/ワールプールフールガールズ/第3话-星から来たヤツ.csv,58,4001059040250,円香,……行かないなら帰るけど,283活动剧情,ワールプールフールガールズ,第3话-星から来たヤツ
283活动剧情/ワールプールフールガールズ/第3话-星から来たヤツ.csv,64,4001059040310,円香,私も,283活动剧情,ワールプールフールガールズ,第3话-星から来たヤツ
283活动剧情/ワールプールフールガールズ/第3话-星から来たヤツ.csv,71,4001059040380,円香,熨斗がそれっぽい,283活动剧情,ワールプールフールガールズ,第3话-星から来たヤツ
283活动剧情/ワールプールフールガールズ/第3话-星から来たヤツ.csv,77,4001059040440,円香,……,283活动剧情,ワールプールフールガールズ,第3话-星から来たヤツ
283活动剧情/ワールプールフールガールズ/第3话-星から来たヤツ.csv,80,4001059040470,円香,"……興味ない
ヒト、かつ人間",283活动剧情,ワールプールフールガールズ,第3话-星から来たヤツ
283活动剧情/ワールプールフールガールズ/第3话-星から来たヤツ.csv,84,4001059040510,円香,はいはい,283活动剧情,ワールプールフールガールズ,第3话-星から来たヤツ
283活动剧情/ワールプールフールガールズ/第3话-星から来たヤツ.csv,89,4001059040540,円香,"久しぶり
急にごめん",283活动剧情,ワールプールフールガールズ,第3话-星から来たヤツ
283活动剧情/ワールプールフールガールズ/第3话-星から来たヤツ.csv,114,4001059040630,円香,……ん,283活动剧情,ワールプールフールガールズ,第3话-星から来たヤツ
283活动剧情/ワールプールフールガールズ/第3话-星から来たヤツ.csv,115,4001059040640,円香,名前とかは？　入れる？,283活动剧情,ワールプールフールガールズ,第3话-星から来たヤツ
283活动剧情/ワールプールフールガールズ/第3话-星から来たヤツ.csv,117,4001059040650,円香,いいけど,283活动剧情,ワールプールフールガールズ,第3话-星から来たヤツ
283活动剧情/ワールプールフールガールズ/第3话-星から来たヤツ.csv,119,4001059040660,円香,ん……,283活动剧情,ワールプールフールガールズ,第3话-星から来たヤツ
283活动剧情/ワールプールフールガールズ/第3话-星から来たヤツ.csv,121,4001059040670,円香,……アイドル？,283活动剧情,ワールプールフールガールズ,第3话-星から来たヤツ
283活动剧情/ワールプールフールガールズ/第3话-星から来たヤツ.csv,125,4001059040680,円香,……,283活动剧情,ワールプールフールガールズ,第3话-星から来たヤツ
283活动剧情/ワールプールフールガールズ/第3话-星から来たヤツ.csv,126,4001059040690,円香,そう見える？,283活动剧情,ワールプールフールガールズ,第3话-星から来たヤツ
283活动剧情/ワールプールフールガールズ/第3话-星から来たヤツ.csv,129,4001059040700,円香,ああ……,283活动剧情,ワールプールフールガールズ,第3话-星から来たヤツ
283活动剧情/ワールプールフールガールズ/第3话-星から来たヤツ.csv,130,4001059040710,円香,まあ、たまたま,283活动剧情,ワールプールフールガールズ,第3话-星から来たヤツ
283活动剧情/ワールプールフールガールズ/第3话-星から来たヤツ.csv,140,4001059040751,透＆円香＆雛菜,……,283活动剧情,ワールプールフールガールズ,第3话-星から来たヤツ
283活动剧情/ワールプールフールガールズ/第3话-星から来たヤツ.csv,148,4001059040810,円香,──こんな場所だったっけ,283活动剧情,ワールプールフールガールズ,第3话-星から来たヤツ
283活动剧情/ワールプールフールガールズ/第3话-星から来たヤツ.csv,160,4001059040890,円香,……,283活动剧情,ワールプールフールガールズ,第3话-星から来たヤツ
283活动剧情/ワールプールフールガールズ/第3话-星から来たヤツ.csv,161,4001059040900,円香,いいんじゃない,283活动剧情,ワールプールフールガールズ,第3话-星から来たヤツ
283活动剧情/ワールプールフールガールズ/第4话-うらない（NOTFORSALE！）.csv,25,4001059050150,円香,────小糸は？,283活动剧情,ワールプールフールガールズ,第4话-うらない（NOTFORSALE！）
283活动剧情/ワールプールフールガールズ/第4话-うらない（NOTFORSALE！）.csv,27,4001059050170,円香,ん……,283活动剧情,ワールプールフールガールズ,第4话-うらない（NOTFORSALE！）
283活动剧情/ワールプールフールガールズ/第4话-うらない（NOTFORSALE！）.csv,31,4001059050200,円香,……お疲れ様です,283活动剧情,ワールプールフールガールズ,第4话-うらない（NOTFORSALE！）
283活动剧情/ワールプールフールガールズ/第4话-うらない（NOTFORSALE！）.csv,36,4001059050230,円香,……お騒がせしています,283活动剧情,ワールプールフールガールズ,第4话-うらない（NOTFORSALE！）
283活动剧情/ワールプールフールガールズ/第4话-うらない（NOTFORSALE！）.csv,46,4001059050261,円香＆雛菜,なんで冗談なんですか～？,283活动剧情,ワールプールフールガールズ,第4话-うらない（NOTFORSALE！）
283活动剧情/ワールプールフールガールズ/第4话-うらない（NOTFORSALE！）.csv,51,4001059050280,円香,……冗談です,283活动剧情,ワールプールフールガールズ,第4话-うらない（NOTFORSALE！）
283活动剧情/ワールプールフールガールズ/第4话-うらない（NOTFORSALE！）.csv,58,4001059050320,円香,ひとりずつだったしね,283活动剧情,ワールプールフールガールズ,第4话-うらない（NOTFORSALE！）
283活动剧情/ワールプールフールガールズ/第4话-うらない（NOTFORSALE！）.csv,59,4001059050330,円香,"……べつに、間に合わなくてもいいんじゃない
もの返すだけだし",283活动剧情,ワールプールフールガールズ,第4话-うらない（NOTFORSALE！）
283活动剧情/ワールプールフールガールズ/第4话-うらない（NOTFORSALE！）.csv,68,4001059050380,円香,ああ……,283活动剧情,ワールプールフールガールズ,第4话-うらない（NOTFORSALE！）
283活动剧情/ワールプールフールガールズ/第4话-うらない（NOTFORSALE！）.csv,69,4001059050390,円香,コンビニ入るか,283活动剧情,ワールプールフールガールズ,第4话-うらない（NOTFORSALE！）
283活动剧情/ワールプールフールガールズ/第4话-うらない（NOTFORSALE！）.csv,80,4001059050450,円香,……,283活动剧情,ワールプールフールガールズ,第4话-うらない（NOTFORSALE！）
283活动剧情/ワールプールフールガールズ/第4话-うらない（NOTFORSALE！）.csv,93,4001059050530,円香,"……
占いって",283活动剧情,ワールプールフールガールズ,第4话-うらない（NOTFORSALE！）
283活动剧情/ワールプールフールガールズ/第4话-うらない（NOTFORSALE！）.csv,103,4001059050600,円香,当たるの？,283活动剧情,ワールプールフールガールズ,第4话-うらない（NOTFORSALE！）
283活动剧情/ワールプールフールガールズ/第4话-うらない（NOTFORSALE！）.csv,108,4001059050630,円香,……ふうん,283活动剧情,ワールプールフールガールズ,第4话-うらない（NOTFORSALE！）
283活动剧情/ワールプールフールガールズ/第4话-うらない（NOTFORSALE！）.csv,109,4001059050640,円香,……,283活动剧情,ワールプールフールガールズ,第4话-うらない（NOTFORSALE！）
283活动剧情/ワールプールフールガールズ/第5话-とびぐるま.csv,10,4001059060040,円香,……,283活动剧情,ワールプールフールガールズ,第5话-とびぐるま
283活动剧情/ワールプールフールガールズ/第5话-とびぐるま.csv,17,4001059060090,円香,いるかわからないけどね,283活动剧情,ワールプールフールガールズ,第5话-とびぐるま
283活动剧情/ワールプールフールガールズ/第5话-とびぐるま.csv,20,4001059060111,円香＆小糸＆雛菜,──────,283活动剧情,ワールプールフールガールズ,第5话-とびぐるま
283活动剧情/ワールプールフールガールズ/第5话-とびぐるま.csv,27,4001059060150,円香,……要するにネタ枠,283活动剧情,ワールプールフールガールズ,第5话-とびぐるま
283活动剧情/ワールプールフールガールズ/第5话-とびぐるま.csv,34,4001059060190,円香,"……
何、ここ",283活动剧情,ワールプールフールガールズ,第5话-とびぐるま
283活动剧情/ワールプールフールガールズ/第5话-とびぐるま.csv,69,4001059060340,円香,……,283活动剧情,ワールプールフールガールズ,第5话-とびぐるま
283活动剧情/ワールプールフールガールズ/第5话-とびぐるま.csv,70,4001059060350,円香,聞かなくていいの？,283活动剧情,ワールプールフールガールズ,第5话-とびぐるま
283活动剧情/ワールプールフールガールズ/第5话-とびぐるま.csv,81,4001059060410,円香,……そう,283活动剧情,ワールプールフールガールズ,第5话-とびぐるま
283活动剧情/ワールプールフールガールズ/第5话-とびぐるま.csv,82,4001059060420,円香,知らなかったら忘れて,283活动剧情,ワールプールフールガールズ,第5话-とびぐるま
283活动剧情/ワールプールフールガールズ/第5话-とびぐるま.csv,97,4001059060471,透＆円香,……え,283活动剧情,ワールプールフールガールズ,第5话-とびぐるま
283活动剧情/ワールプールフールガールズ/第5话-とびぐるま.csv,105,4001059060500,円香,……どうする？,283活动剧情,ワールプールフールガールズ,第5话-とびぐるま
283活动剧情/ワールプールフールガールズ/第5话-とびぐるま.csv,115,4001059060550,円香,……,283活动剧情,ワールプールフールガールズ,第5话-とびぐるま
283活动剧情/ワールプールフールガールズ/第6话-返る.csv,8,4001059070070,円香,とり釜弁当,283活动剧情,ワールプールフールガールズ,第6话-返る
283活动剧情/ワールプールフールガールズ/第6话-返る.csv,9,4001059070080,円香,"あと、お茶も買う
あったかいやつ",283活动剧情,ワールプールフールガールズ,第6话-返る
283活动剧情/ワールプールフールガールズ/第6话-返る.csv,28,4001059070170,円香,……何？,283活动剧情,ワールプールフールガールズ,第6话-返る
283活动剧情/ワールプールフールガールズ/第6话-返る.csv,30,4001059070190,円香,"……
だろうね",283活动剧情,ワールプールフールガールズ,第6话-返る
283活动剧情/ワールプールフールガールズ/第6话-返る.csv,34,4001059070210,円香,……,283活动剧情,ワールプールフールガールズ,第6话-返る
283活动剧情/ワールプールフールガールズ/第6话-返る.csv,39,4001059070250,円香,……,283活动剧情,ワールプールフールガールズ,第6话-返る
283活动剧情/ワールプールフールガールズ/第6话-返る.csv,40,4001059070260,円香,だったら、押し入れの奥で忘れられてないんじゃない,283活动剧情,ワールプールフールガールズ,第6话-返る
283活动剧情/ワールプールフールガールズ/第6话-返る.csv,43,4001059070290,円香,ぜんぜん覚えてないの？,283活动剧情,ワールプールフールガールズ,第6话-返る
283活动剧情/ワールプールフールガールズ/第6话-返る.csv,50,4001059070320,円香,"────別に入っちゃいけないとかきまりはないけど
クラブが優先みたいな雰囲気になってた",283活动剧情,ワールプールフールガールズ,第6话-返る
283活动剧情/ワールプールフールガールズ/第6话-返る.csv,53,4001059070350,円香,"……まあ、うちらもしつこかったと思うけど
それで────",283活动剧情,ワールプールフールガールズ,第6话-返る
283活动剧情/ワールプールフールガールズ/第6话-返る.csv,55,4001059070360,円香,"────
置いてた雛菜のランドセル、思いきり蹴られた",283活动剧情,ワールプールフールガールズ,第6话-返る
283活动剧情/ワールプールフールガールズ/第6话-返る.csv,60,4001059070400,円香,"……こっちのほうに越してきたくらいの頃
蹴られた時は図書室かどっか行ってたと思うけど",283活动剧情,ワールプールフールガールズ,第6话-返る
283活动剧情/ワールプールフールガールズ/第6话-返る.csv,63,4001059070430,円香,"────
それで……",283活动剧情,ワールプールフールガールズ,第6话-返る
283活动剧情/ワールプールフールガールズ/第6话-返る.csv,65,4001059070450,円香,聞いてるなら自分で説明して,283活动剧情,ワールプールフールガールズ,第6话-返る
283活动剧情/ワールプールフールガールズ/第6话-返る.csv,66,4001059070460,円香,……お弁当のゴミ、捨ててくる,283活动剧情,ワールプールフールガールズ,第6话-返る
283活动剧情/ワールプールフールガールズ/第6话-返る.csv,80,4001059070570,円香,……アイドルの追っかけとか言ってたけど,283活动剧情,ワールプールフールガールズ,第6话-返る
283活动剧情/ワールプールフールガールズ/第6话-返る.csv,81,4001059070580,円香,将棋はやめたの？,283活动剧情,ワールプールフールガールズ,第6话-返る
283活动剧情/ワールプールフールガールズ/第6话-返る.csv,91,4001059070630,円香,……,283活动剧情,ワールプールフールガールズ,第6话-返る
283活动剧情/ワールプールフールガールズ/第6话-返る.csv,93,4001059070640,円香,……ゴミを捨てにきただけです,283活动剧情,ワールプールフールガールズ,第6话-返る
283活动剧情/ワールプールフールガールズ/第6话-返る.csv,96,4001059070650,円香,はい,283活动剧情,ワールプールフールガールズ,第6话-返る
283活动剧情/ワールプールフールガールズ/第6话-返る.csv,101,4001059070660,円香,……どうでしょう,283活动剧情,ワールプールフールガールズ,第6话-返る
283活动剧情/ワールプールフールガールズ/终章-各自決行されたし.csv,7,4001059080030,円香,────『やめんなー』,283活动剧情,ワールプールフールガールズ,终章-各自決行されたし
283活动剧情/ワールプールフールガールズ/终章-各自決行されたし.csv,18,4001059080110,円香,……スマホ動かしたら、地図も動く,283活动剧情,ワールプールフールガールズ,终章-各自決行されたし
283活动剧情/ワールプールフールガールズ/终章-各自決行されたし.csv,24,4001059080140,円香,……,283活动剧情,ワールプールフールガールズ,终章-各自決行されたし
283活动剧情/ワールプールフールガールズ/终章-各自決行されたし.csv,29,4001059080170,円香,"……
郊外って、どこもこうなんじゃない",283活动剧情,ワールプールフールガールズ,终章-各自決行されたし
283活动剧情/ワールプールフールガールズ/终章-各自決行されたし.csv,41,4001059080270,円香,……竜王、見つけられなかったっぽい,283活动剧情,ワールプールフールガールズ,终章-各自決行されたし
283活动剧情/ワールプールフールガールズ/终章-各自決行されたし.csv,59,4001059080400,円香,……しゃべりまーす,283活动剧情,ワールプールフールガールズ,终章-各自決行されたし
283活动剧情/ワールプールフールガールズ/终章-各自決行されたし.csv,74,4001059080480,円香,……まあまあ,283活动剧情,ワールプールフールガールズ,终章-各自決行されたし
283活动剧情/ワールプールフールガールズ/终章-各自決行されたし.csv,85,4001059080550,円香,……,283活动剧情,ワールプールフールガールズ,终章-各自決行されたし
283活动剧情/ワールプールフールガールズ/终章-各自決行されたし.csv,96,4001059080620,円香,グー,283活动剧情,ワールプールフールガールズ,终章-各自決行されたし
283活动剧情/ワールプールフールガールズ/终章-各自決行されたし.csv,119,4001059080780,円香,ですが────,283活动剧情,ワールプールフールガールズ,终章-各自決行されたし
283活动剧情/ワールプールフールガールズ/终章-各自決行されたし.csv,120,4001059080790,円香,"……『ですが、ここに来てくださっている人に
私たちの言い分だけ押し付けるのも違うかもしれません』",283活动剧情,ワールプールフールガールズ,终章-各自決行されたし
283活动剧情/ワールプールフールガールズ/终章-各自決行されたし.csv,121,4001059080800,円香,"『少なくとも、いろいろなものをもらったり
お借りしたりしているので』",283活动剧情,ワールプールフールガールズ,终章-各自決行されたし
283活动剧情/ワールプールフールガールズ/终章-各自決行されたし.csv,122,4001059080810,円香,何も借りたくなかったけど,283活动剧情,ワールプールフールガールズ,终章-各自決行されたし
283活动剧情/ワールプールフールガールズ/终章-各自決行されたし.csv,123,4001059080820,円香,結果的に,283活动剧情,ワールプールフールガールズ,终章-各自決行されたし
283活动剧情/ワールプールフールガールズ/终章-各自決行されたし.csv,127,4001059080830,円香,……,283活动剧情,ワールプールフールガールズ,终章-各自決行されたし
283活动剧情/ワールプールフールガールズ/终章-各自決行されたし.csv,128,4001059080840,円香,あんたとか？,283活动剧情,ワールプールフールガールズ,终章-各自決行されたし
283活动剧情/ワールプールフールガールズ/终章-各自決行されたし.csv,132,4001059080850,円香,────『いつも、勝手をさせていただいているので』,283活动剧情,ワールプールフールガールズ,终章-各自決行されたし
283活动剧情/ワールプールフールガールズ/终章-各自決行されたし.csv,133,4001059080860,円香,"『今日は、これまで頂いたものを
お返しするステージにできればと思います』",283活动剧情,ワールプールフールガールズ,终章-各自決行されたし
283活动剧情/ワールプールフールガールズ/终章-各自決行されたし.csv,134,4001059080870,円香,"『でも、永遠にそうできるわけじゃない
お互いに』",283活动剧情,ワールプールフールガールズ,终章-各自決行されたし
283活动剧情/ワールプールフールガールズ/终章-各自決行されたし.csv,138,4001059080910,円香,────だから,283活动剧情,ワールプールフールガールズ,终章-各自決行されたし
283活动剧情/ワールプールフールガールズ/终章-各自決行されたし.csv,149,4001059080970,円香,……はい,283活动剧情,ワールプールフールガールズ,终章-各自決行されたし
283活动剧情/ワールプールフールガールズ/终章-各自決行されたし.csv,161,4001059081040,円香,"正論じゃない？
めちゃくちゃ勝手だし",283活动剧情,ワールプールフールガールズ,终章-各自決行されたし
283活动剧情/ワールプールフールガールズ/终章-各自決行されたし.csv,168,4001059081140,円香,……,283活动剧情,ワールプールフールガールズ,终章-各自決行されたし
283活动剧情/ワールプールフールガールズ/终章-各自決行されたし.csv,169,4001059081150,円香,最悪,283活动剧情,ワールプールフールガールズ,终章-各自決行されたし
283活动剧情/ワールプールフールガールズ/终章-各自決行されたし.csv,170,4001059081160,円香,"……みんなほんと
もっとキレていい",283活动剧情,ワールプールフールガールズ,终章-各自決行されたし
283活动剧情/ワールプールフールガールズ/终章-各自決行されたし.csv,174,4001059081190,円香,……,283活动剧情,ワールプールフールガールズ,终章-各自決行されたし
283活动剧情/ワールプールフールガールズ/终章-各自決行されたし.csv,181,4001059081250,円香,イエー,283活动剧情,ワールプールフールガールズ,终章-各自決行されたし
283活动剧情/冬が灯る先/序章.csv,4,4001080010010,円香,"窓は開けてない
空調はつけたままにしてる",283活动剧情,冬が灯る先,序章
283活动剧情/冬が灯る先/序章.csv,5,4001080010020,円香,"もし終わりの時間になっても
次が来てないようだったら──",283活动剧情,冬が灯る先,序章
283活动剧情/冬が灯る先/序章.csv,6,4001080010030,円香,消してから退室,283活动剧情,冬が灯る先,序章
283活动剧情/冬が灯る先/序章.csv,8,4001080010050,円香,"あと、今日の差し入れ
ゼリーだから",283活动剧情,冬が灯る先,序章
283活动剧情/冬が灯る先/序章.csv,9,4001080010060,円香,"いつもの場所じゃなくて、冷蔵庫
ひとりひとつ持っていって",283活动剧情,冬が灯る先,序章
283活动剧情/冬が灯る先/序章.csv,10,4001080010070,円香,"……伝言
コメティックにもよろしく",283活动剧情,冬が灯る先,序章
283活动剧情/冬が灯る先/序章.csv,12,4001080010090,円香,それじゃ,283活动剧情,冬が灯る先,序章
283活动剧情/冬が灯る先/序章.csv,14,4001080010110,円香,うん、お疲れ様,283活动剧情,冬が灯る先,序章
283活动剧情/冬が灯る先/第一话.csv,22,4001080020160,円香,お疲れ様です,283活动剧情,冬が灯る先,第一话
283活动剧情/冬が灯る先/第一话.csv,24,4001080020171,円香＆ルカ,……,283活动剧情,冬が灯る先,第一话
283活动剧情/冬が灯る先/第一话.csv,25,4001080020180,円香,"……
お茶を淹れるところだったんですが",283活动剧情,冬が灯る先,第一话
283活动剧情/冬が灯る先/第一话.csv,26,4001080020190,円香,飲まれます？,283活动剧情,冬が灯る先,第一话
283活动剧情/冬が灯る先/第一话.csv,28,4001080020210,円香,そうですか,283活动剧情,冬が灯る先,第一话
283活动剧情/冬が灯る先/第一话.csv,29,4001080020220,円香,冷蔵庫にお菓子があるそうです,283活动剧情,冬が灯る先,第一话
283活动剧情/冬が灯る先/第一话.csv,31,4001080020240,円香,"人数分あるので、
必ず食べるか持って帰るかしてほしいとのことでした",283活动剧情,冬が灯る先,第一话
283活动剧情/冬が灯る先/第一话.csv,32,4001080020250,円香,余ってしまうと処理に困るからと,283活动剧情,冬が灯る先,第一话
283活动剧情/冬が灯る先/第一话.csv,33,4001080020260,円香,はづきさんから伝言です,283活动剧情,冬が灯る先,第一话
283活动剧情/冬が灯る先/第一话.csv,35,4001080020280,円香,……,283活动剧情,冬が灯る先,第一话
283活动剧情/冬が灯る先/第一话.csv,40,4001080020310,円香,……お疲れ様です,283活动剧情,冬が灯る先,第一话
283活动剧情/冬が灯る先/第一话.csv,43,4001080020320,円香,……,283活动剧情,冬が灯る先,第一话
283活动剧情/冬が灯る先/第五话.csv,2,4001080060010,円香,…………,283活动剧情,冬が灯る先,第五话
283活动剧情/冬が灯る先/第五话.csv,4,4001080060030,円香,……,283活动剧情,冬が灯る先,第五话
283活动剧情/冬が灯る先/第五话.csv,7,4001080060060,円香,……お疲れ様です,283活动剧情,冬が灯る先,第五话
283活动剧情/冬が灯る先/第五话.csv,10,4001080060090,円香,……取り込み中みたいで,283活动剧情,冬が灯る先,第五话
283活动剧情/冬が灯る先/第五话.csv,14,4001080060130,円香,……,283活动剧情,冬が灯る先,第五话
283活动剧情/冬が灯る先/第五话.csv,16,4001080060150,円香,……風野さんは……,283活动剧情,冬が灯る先,第五话
283活动剧情/冬が灯る先/第五话.csv,18,4001080060170,円香,……,283活动剧情,冬が灯る先,第五话
283活动剧情/冬が灯る先/第五话.csv,19,4001080060180,円香,……タイミングが悪かったですね,283活动剧情,冬が灯る先,第五话
283活动剧情/冬が灯る先/第五话.csv,20,4001080060190,円香,"たまたま少し早く来て
コンビニか事務所かで時間を潰そうとしたんですが",283活动剧情,冬が灯る先,第五话
283活动剧情/冬が灯る先/第五话.csv,21,4001080060200,円香,"こんなことなら
コンビニを選んでおけばよかった",283活动剧情,冬が灯る先,第五话
283活动剧情/冬が灯る先/第五话.csv,24,4001080060230,円香,"……
ええ、ほんとに",283活动剧情,冬が灯る先,第五话
283活动剧情/冬が灯る先/第五话.csv,27,4001080060260,円香,"いえ、そこまでしてもらうのは
お気持ちだけで",283活动剧情,冬が灯る先,第五话
283活动剧情/冬が灯る先/第五话.csv,30,4001080060290,円香,は？,283活动剧情,冬が灯る先,第五话
283活动剧情/冬が灯る先/第五话.csv,31,4001080060300,円香,この流れで？,283活动剧情,冬が灯る先,第五话
283活动剧情/冬が灯る先/第五话.csv,33,4001080060320,円香,……では、お言葉に甘えておきます,283活动剧情,冬が灯る先,第五话
283活动剧情/冬が灯る先/第五话.csv,35,4001080060340,円香,はい,283活动剧情,冬が灯る先,第五话
283活动剧情/冬が灯る先/第五话.csv,37,4001080060360,円香,……いえ、特には,283活动剧情,冬が灯る先,第五话
283活动剧情/冬が灯る先/第五话.csv,41,4001080060400,円香,……お任せします,283活动剧情,冬が灯る先,第五话
283活动剧情/冬が灯る先/第五话.csv,43,4001080060411,千雪＆円香,──,283活动剧情,冬が灯る先,第五话
283活动剧情/天塵/序章-ハウ・スーン・イズ・ナ→ウ.csv,4,4001026010030,円香,……いつ帰るの,283活动剧情,天塵,序章-ハウ・スーン・イズ・ナ→ウ
283活动剧情/天塵/序章-ハウ・スーン・イズ・ナ→ウ.csv,9,4001026010080,円香,"ひなな
とおるはとおるのおうちの人と行くんだから",283活动剧情,天塵,序章-ハウ・スーン・イズ・ナ→ウ
283活动剧情/天塵/序章-ハウ・スーン・イズ・ナ→ウ.csv,12,4001026010110,円香,……,283活动剧情,天塵,序章-ハウ・スーン・イズ・ナ→ウ
283活动剧情/天塵/序章-ハウ・スーン・イズ・ナ→ウ.csv,13,4001026010120,円香,────…………,283活动剧情,天塵,序章-ハウ・スーン・イズ・ナ→ウ
283活动剧情/天塵/序章-ハウ・スーン・イズ・ナ→ウ.csv,20,4001026010190,円香,────……降ろして,283活动剧情,天塵,序章-ハウ・スーン・イズ・ナ→ウ
283活动剧情/天塵/序章-ハウ・スーン・イズ・ナ→ウ.csv,23,4001026010220,円香,"──どうやって買うの
すごく、なん万もするよ",283活动剧情,天塵,序章-ハウ・スーン・イズ・ナ→ウ
283活动剧情/天塵/序章-ハウ・スーン・イズ・ナ→ウ.csv,28,4001026010270,円香,"……でも、運転めんきょがいるんだよ
おとなにならないと、運転できないんだから",283活动剧情,天塵,序章-ハウ・スーン・イズ・ナ→ウ
283活动剧情/天塵/序章-ハウ・スーン・イズ・ナ→ウ.csv,30,4001026010290,円香,降ろして,283活动剧情,天塵,序章-ハウ・スーン・イズ・ナ→ウ
283活动剧情/天塵/序章-ハウ・スーン・イズ・ナ→ウ.csv,32,4001026010300,円香,……私、このあたりで降りた方が近いので,283活动剧情,天塵,序章-ハウ・スーン・イズ・ナ→ウ
283活动剧情/天塵/序章-ハウ・スーン・イズ・ナ→ウ.csv,35,4001026010310,円香,────,283活动剧情,天塵,序章-ハウ・スーン・イズ・ナ→ウ
283活动剧情/天塵/序章-ハウ・スーン・イズ・ナ→ウ.csv,36,4001026010320,円香,降ろしてください,283活动剧情,天塵,序章-ハウ・スーン・イズ・ナ→ウ
283活动剧情/天塵/序章-ハウ・スーン・イズ・ナ→ウ.csv,39,4001026010330,円香,"……
内容はなんですか",283活动剧情,天塵,序章-ハウ・スーン・イズ・ナ→ウ
283活动剧情/天塵/序章-ハウ・スーン・イズ・ナ→ウ.csv,41,4001026010340,円香,"……興味があるのは、
害があるかどうかということだけです",283活动剧情,天塵,序章-ハウ・スーン・イズ・ナ→ウ
283活动剧情/天塵/序章-ハウ・スーン・イズ・ナ→ウ.csv,44,4001026010350,円香,"……
そうですか",283活动剧情,天塵,序章-ハウ・スーン・イズ・ナ→ウ
283活动剧情/天塵/序章-ハウ・スーン・イズ・ナ→ウ.csv,45,4001026010360,円香,"では話を聞いてから判断します
お疲れ様でした",283活动剧情,天塵,序章-ハウ・スーン・イズ・ナ→ウ
283活动剧情/天塵/序章-ハウ・スーン・イズ・ナ→ウ.csv,47,4001026010370,円香,"────……
『初仕事が決まった』って、顔に書いてある",283活动剧情,天塵,序章-ハウ・スーン・イズ・ナ→ウ
283活动剧情/天塵/序章-ハウ・スーン・イズ・ナ→ウ.csv,48,4001026010380,円香,…………,283活动剧情,天塵,序章-ハウ・スーン・イズ・ナ→ウ
283活动剧情/天塵/序章-ハウ・スーン・イズ・ナ→ウ.csv,49,4001026010390,円香,"……でも、運転めんきょがいるんだよ
おとなにならないと、運転できないんだから",283活动剧情,天塵,序章-ハウ・スーン・イズ・ナ→ウ
283活动剧情/天塵/序章-ハウ・スーン・イズ・ナ→ウ.csv,51,4001026010410,円香,──えっ,283活动剧情,天塵,序章-ハウ・スーン・イズ・ナ→ウ
283活动剧情/天塵/序章-ハウ・スーン・イズ・ナ→ウ.csv,53,4001026010430,円香,"……
ためてもいいけど",283活动剧情,天塵,序章-ハウ・スーン・イズ・ナ→ウ
283活动剧情/天塵/序章-ハウ・スーン・イズ・ナ→ウ.csv,54,4001026010440,円香,でも、どこりょこう行くの？,283活动剧情,天塵,序章-ハウ・スーン・イズ・ナ→ウ
283活动剧情/天塵/序章-ハウ・スーン・イズ・ナ→ウ.csv,58,4001026010480,円香,……,283活动剧情,天塵,序章-ハウ・スーン・イズ・ナ→ウ
283活动剧情/天塵/序章-ハウ・スーン・イズ・ナ→ウ.csv,59,4001026010490,円香,どこ、行くの────,283活动剧情,天塵,序章-ハウ・スーン・イズ・ナ→ウ
283活动剧情/天塵/序章-ハウ・スーン・イズ・ナ→ウ.csv,62,4001026010520,円香,────…………,283活动剧情,天塵,序章-ハウ・スーン・イズ・ナ→ウ
283活动剧情/天塵/序章-ハウ・スーン・イズ・ナ→ウ.csv,63,4001026010530,円香,"どこ行くの
私たち────",283活动剧情,天塵,序章-ハウ・スーン・イズ・ナ→ウ
283活动剧情/天塵/第1话-屋上.csv,3,4001026020020,円香,"──てててん、のとこ
こう",283活动剧情,天塵,第1话-屋上
283活动剧情/天塵/第1话-屋上.csv,5,4001026020040,円香,"大丈夫
ほら、せーの",283活动剧情,天塵,第1话-屋上
283活动剧情/天塵/第1话-屋上.csv,6,4001026020041,円香＆小糸,てってん、てててん,283活动剧情,天塵,第1话-屋上
283活动剧情/天塵/第1话-屋上.csv,7,4001026020050,円香,──そう。いい感じ,283活动剧情,天塵,第1话-屋上
283活动剧情/天塵/第1话-屋上.csv,9,4001026020070,円香,"……浅倉は
大丈夫なの",283活动剧情,天塵,第1话-屋上
283活动剧情/天塵/第1话-屋上.csv,12,4001026020100,円香,"……おにぎりのことじゃなくて
今日、振りのテストでしょ",283活动剧情,天塵,第1话-屋上
283活动剧情/天塵/第1话-屋上.csv,15,4001026020130,円香,……,283活动剧情,天塵,第1话-屋上
283活动剧情/天塵/第1话-屋上.csv,32,4001026020300,円香,"うん
ふたり、遊び始めちゃったし",283活动剧情,天塵,第1话-屋上
283活动剧情/天塵/第1话-屋上.csv,34,4001026020320,円香,"……
小糸も踊れたでしょ",283活动剧情,天塵,第1话-屋上
283活动剧情/天塵/第1话-屋上.csv,37,4001026020350,円香,……そうだね,283活动剧情,天塵,第1话-屋上
283活动剧情/天塵/第1话-屋上.csv,38,4001026020360,円香,"私の幼馴染がそちらに所属することになりまして
騙されてないか、確かめに来たんです",283活动剧情,天塵,第1话-屋上
283活动剧情/天塵/第1话-屋上.csv,39,4001026020370,円香,"偉い、小糸
──飴あげる",283活动剧情,天塵,第1话-屋上
283活动剧情/天塵/第1话-屋上.csv,43,4001026020410,円香,……ありがとう,283活动剧情,天塵,第1话-屋上
283活动剧情/天塵/第1话-屋上.csv,60,4001026020580,円香,…………,283活动剧情,天塵,第1话-屋上
283活动剧情/天塵/第1话-屋上.csv,61,4001026020590,円香,ん……,283活动剧情,天塵,第1话-屋上
283活动剧情/天塵/第1话-屋上.csv,63,4001026020610,円香,────…………,283活动剧情,天塵,第1话-屋上
283活动剧情/天塵/第1话-屋上.csv,64,4001026020620,円香,"てってん……
てててん……",283活动剧情,天塵,第1话-屋上
283活动剧情/天塵/第1话-屋上.csv,69,4001026020670,円香,……聞きたいことがあるんですが,283活动剧情,天塵,第1话-屋上
283活动剧情/天塵/第1话-屋上.csv,70,4001026020680,円香,なぜ、あの仕事なんですか？,283活动剧情,天塵,第1话-屋上
283活动剧情/天塵/第1话-屋上.csv,72,4001026020690,円香,"そうですね
あなたとは価値観が違うので",283活动剧情,天塵,第1话-屋上
283活动剧情/天塵/第1话-屋上.csv,74,4001026020700,円香,"それで？
浅倉透がディレクターの目にとまった？",283活动剧情,天塵,第1话-屋上
283活动剧情/天塵/第1话-屋上.csv,76,4001026020710,円香,"……
あの番組についてはもう調べました",283活动剧情,天塵,第1话-屋上
283活动剧情/天塵/第1话-屋上.csv,77,4001026020720,円香,"確かに視聴者数が売りの番組
……それだけの番組",283活动剧情,天塵,第1话-屋上
283活动剧情/天塵/第1话-屋上.csv,80,4001026020730,円香,……,283活动剧情,天塵,第1话-屋上
283活动剧情/天塵/第1话-屋上.csv,84,4001026020740,円香,"──好きに言ってくれますね
矢面に立つ、売り物はこっちなのに",283活动剧情,天塵,第1话-屋上
283活动剧情/天塵/第1话-屋上.csv,86,4001026020750,円香,"どうせ５分。トークは台本あり
視聴者の評価は……どうでもいいけど",283活动剧情,天塵,第1话-屋上
283活动剧情/天塵/第1话-屋上.csv,87,4001026020760,円香,でも──,283活动剧情,天塵,第1话-屋上
283活动剧情/天塵/第1话-屋上.csv,88,4001026020770,円香,何かあったら、許しませんので,283活动剧情,天塵,第1话-屋上
283活动剧情/天塵/第1话-屋上.csv,100,4001026020820,円香,"雛菜
──気を付けます。ありがとうございました",283活动剧情,天塵,第1话-屋上
283活动剧情/天塵/第1话-屋上.csv,102,4001026020830,円香,"──……っ
はぁ…………",283活动剧情,天塵,第1话-屋上
283活动剧情/天塵/第1话-屋上.csv,109,4001026020880,円香,…………,283活动剧情,天塵,第1话-屋上
283活动剧情/天塵/第1话-屋上.csv,119,4001026020940,円香,……,283活动剧情,天塵,第1话-屋上
283活动剧情/天塵/第1话-屋上.csv,124,4001026020970,円香,…………,283活动剧情,天塵,第1话-屋上
283活动剧情/天塵/第1话-屋上.csv,129,4001026021000,円香,…………──────,283活动剧情,天塵,第1话-屋上
283活动剧情/天塵/第1话-屋上.csv,130,4001026021010,円香,透は……,283活动剧情,天塵,第1话-屋上
283活动剧情/天塵/第1话-屋上.csv,134,4001026021040,円香,走り出してしまった,283活动剧情,天塵,第1话-屋上
283活动剧情/天塵/第2话-視界１.csv,34,4001026030250,円香,"はっ……はっ…………
……はぁ────",283活动剧情,天塵,第2话-視界１
283活动剧情/天塵/第2话-視界１.csv,35,4001026030260,円香,"────…………
このくらい……余裕……────",283活动剧情,天塵,第2话-視界１
283活动剧情/天塵/第2话-視界１.csv,36,4001026030270,円香,はっ……はっ……──────,283活动剧情,天塵,第2话-視界１
283活动剧情/天塵/第2话-視界１.csv,48,4001026030390,円香,"ちがうよ
ずっと行ったら、まちとか、工場になるもん",283活动剧情,天塵,第2话-視界１
283活动剧情/天塵/第2话-視界１.csv,62,4001026030490,円香,"──お疲れ、小糸
よかったんじゃない？",283活动剧情,天塵,第2话-視界１
283活动剧情/天塵/第2话-視界１.csv,72,4001026030590,円香,……,283活动剧情,天塵,第2话-視界１
283活动剧情/天塵/第2话-視界１.csv,78,4001026030650,円香,はいはい,283活动剧情,天塵,第2话-視界１
283活动剧情/天塵/第2话-視界１.csv,85,4001026030720,円香,雛菜、それ私の,283活动剧情,天塵,第2话-視界１
283活动剧情/天塵/第2话-視界１.csv,90,4001026030770,円香,する～？　じゃない,283活动剧情,天塵,第2话-視界１
283活动剧情/天塵/第2话-視界１.csv,100,4001026030870,円香,…………,283活动剧情,天塵,第2话-視界１
283活动剧情/天塵/第2话-視界１.csv,102,4001026030890,円香,……使いすぎ,283活动剧情,天塵,第2话-視界１
283活动剧情/天塵/第2话-視界１.csv,110,4001026030970,円香,財布は？,283活动剧情,天塵,第2话-視界１
283活动剧情/天塵/第3话-アンプラグド.csv,10,4001026040090,円香,"──よくない。恥ずかしいし……
遊びに来てるんじゃないんだから",283活动剧情,天塵,第3话-アンプラグド
283活动剧情/天塵/第3话-アンプラグド.csv,20,4001026040160,円香,"──どっちもどっちでしょ
入ろう。着替えないと",283活动剧情,天塵,第3话-アンプラグド
283活动剧情/天塵/第3话-アンプラグド.csv,33,4001026040240,円香,……挨拶って、こういうものなんですか？,283活动剧情,天塵,第3话-アンプラグド
283活动剧情/天塵/第3话-アンプラグド.csv,43,4001026040290,円香,……どうぞ、ごゆっくり,283活动剧情,天塵,第3话-アンプラグド
283活动剧情/天塵/第3话-アンプラグド.csv,53,4001026040390,円香,…………,283活动剧情,天塵,第3话-アンプラグド
283活动剧情/天塵/第3话-アンプラグド.csv,65,4001026040420,円香,……それは口パクってことですか？,283活动剧情,天塵,第3话-アンプラグド
283活动剧情/天塵/第3话-アンプラグド.csv,67,4001026040430,円香,"すみません、横から
……そういうことでしょうか？",283活动剧情,天塵,第3话-アンプラグド
283活动剧情/天塵/第3话-アンプラグド.csv,70,4001026040440,円香,…………っ,283活动剧情,天塵,第3话-アンプラグド
283活动剧情/天塵/第3话-アンプラグド.csv,76,4001026040461,透＆円香＆雛菜,……,283活动剧情,天塵,第3话-アンプラグド
283活动剧情/天塵/第3话-アンプラグド.csv,77,4001026040470,円香,小糸……,283活动剧情,天塵,第3话-アンプラグド
283活动剧情/天塵/第3话-アンプラグド.csv,88,4001026040530,円香,……,283活动剧情,天塵,第3话-アンプラグド
283活动剧情/天塵/第3话-アンプラグド.csv,91,4001026040560,円香,"──何もかも話が違ってる
どうせその程度の枠だったってこと",283活动剧情,天塵,第3话-アンプラグド
283活动剧情/天塵/第3话-アンプラグド.csv,94,4001026040590,円香,"小糸はちゃんとやれるでしょ
最初から約束が違ってた",283活动剧情,天塵,第3话-アンプラグド
283活动剧情/天塵/第3话-アンプラグド.csv,97,4001026040620,円香,…………,283活动剧情,天塵,第3话-アンプラグド
283活动剧情/天塵/第3话-アンプラグド.csv,100,4001026040650,円香,…………,283活动剧情,天塵,第3话-アンプラグド
283活动剧情/天塵/第3话-アンプラグド.csv,120,4001026040750,円香,"……
段取りも質問も、全然違う",283活动剧情,天塵,第3话-アンプラグド
283活动剧情/天塵/第3话-アンプラグド.csv,127,4001026040810,円香,ん,283活动剧情,天塵,第3话-アンプラグド
283活动剧情/天塵/第3话-アンプラグド.csv,156,4001026041070,円香,……ふっ────,283活动剧情,天塵,第3话-アンプラグド
283活动剧情/天塵/第4话-視界２.csv,2,4001026050010,円香,────……,283活动剧情,天塵,第4话-視界２
283活动剧情/天塵/第4话-視界２.csv,5,4001026050020,円香,…………,283活动剧情,天塵,第4话-視界２
283活动剧情/天塵/第4话-視界２.csv,6,4001026050030,円香,────………,283活动剧情,天塵,第4话-視界２
283活动剧情/天塵/第4话-視界２.csv,7,4001026050040,円香,行かないの、補講,283活动剧情,天塵,第4话-視界２
283活动剧情/天塵/第4话-視界２.csv,10,4001026050070,円香,まだだけど,283活动剧情,天塵,第4话-視界２
283活动剧情/天塵/第4话-視界２.csv,12,4001026050090,円香,──サボりかもよ、私,283活动剧情,天塵,第4话-視界２
283活动剧情/天塵/第4话-視界２.csv,15,4001026050120,円香,……,283活动剧情,天塵,第4话-視界２
283活动剧情/天塵/第4话-視界２.csv,17,4001026050140,円香,ん,283活动剧情,天塵,第4话-視界２
283活动剧情/天塵/第4话-視界２.csv,18,4001026050150,円香,──────,283活动剧情,天塵,第4话-視界２
283活动剧情/天塵/第4话-視界２.csv,19,4001026050160,円香,浅倉,283活动剧情,天塵,第4话-視界２
283活动剧情/天塵/第4话-視界２.csv,21,4001026050180,円香,"────……
あ……ううん",283活动剧情,天塵,第4话-視界２
283活动剧情/天塵/第4话-視界２.csv,22,4001026050190,円香,下にいる,283活动剧情,天塵,第4话-視界２
283活动剧情/天塵/第4话-視界２.csv,23,4001026050200,円香,……やっぱり、騙されてる,283活动剧情,天塵,第4话-視界２
283活动剧情/天塵/第4话-視界２.csv,24,4001026050210,円香,騙されてないか、確かめに来たんです,283活动剧情,天塵,第4话-視界２
283活动剧情/天塵/第4话-視界２.csv,26,4001026050230,円香,…………,283活动剧情,天塵,第4话-視界２
283活动剧情/天塵/第4话-視界２.csv,27,4001026050240,円香,どこに行くんだろう,283活动剧情,天塵,第4话-視界２
283活动剧情/天塵/第4话-視界２.csv,28,4001026050250,円香,私たち,283活动剧情,天塵,第4话-視界２
283活动剧情/天塵/第4话-視界２.csv,53,4001026050380,円香,"……っ……はっ……
…………っ",283活动剧情,天塵,第4话-視界２
283活动剧情/天塵/第4话-視界２.csv,54,4001026050390,円香,…………ふぅ…………,283活动剧情,天塵,第4话-視界２
283活动剧情/天塵/第4话-視界２.csv,57,4001026050420,円香,────小糸,283活动剧情,天塵,第4话-視界２
283活动剧情/天塵/第4话-視界２.csv,59,4001026050440,円香,"……終わった
小糸は、自主練？",283活动剧情,天塵,第4话-視界２
283活动剧情/天塵/第4话-視界２.csv,61,4001026050460,円香,どっちかっていうと気分転換だけど,283活动剧情,天塵,第4话-視界２
283活动剧情/天塵/第4话-視界２.csv,63,4001026050480,円香,体力があって悪いことはないし,283活动剧情,天塵,第4话-視界２
283活动剧情/天塵/第4话-視界２.csv,66,4001026050510,円香,"……小糸もでしょ
全然、歌えて踊れてる",283活动剧情,天塵,第4话-視界２
283活动剧情/天塵/第4话-視界２.csv,69,4001026050540,円香,……,283活动剧情,天塵,第4话-視界２
283活动剧情/天塵/第4话-視界２.csv,70,4001026050550,円香,ちょっと、座る？,283活动剧情,天塵,第4话-視界２
283活动剧情/天塵/第4话-視界２.csv,72,4001026050570,円香,"……なんのために練習してるのか
とか、思ったりしないの",283活动剧情,天塵,第4话-視界２
283活动剧情/天塵/第4话-視界２.csv,76,4001026050610,円香,『干されてるのに』って？,283活动剧情,天塵,第4话-視界２
283活动剧情/天塵/第4话-視界２.csv,78,4001026050630,円香,"うん。まだスタートラインに立ってないでしょ
干される前に、知られてないから",283活动剧情,天塵,第4话-視界２
283活动剧情/天塵/第4话-視界２.csv,80,4001026050650,円香,"──
あの時映ってたのが、ちゃんと浅倉だったらって",283活动剧情,天塵,第4话-視界２
283活动剧情/天塵/第4话-視界２.csv,82,4001026050670,円香,思ってるんだったら、大間違い,283活动剧情,天塵,第4话-視界２
283活动剧情/天塵/第4话-視界２.csv,84,4001026050690,円香,"あいつ、３回に１回くらい
歌詞ごまかしてるから",283活动剧情,天塵,第4话-視界２
283活动剧情/天塵/第4话-視界２.csv,86,4001026050710,円香,"ほんと
やたら堂々としてるから、気付かれないけど",283活动剧情,天塵,第4话-視界２
283活动剧情/天塵/第4话-視界２.csv,88,4001026050730,円香,……,283活动剧情,天塵,第4话-視界２
283活动剧情/天塵/第4话-視界２.csv,89,4001026050740,円香,……だから,283活动剧情,天塵,第4话-視界２
283活动剧情/天塵/第4话-視界２.csv,90,4001026050750,円香,"いちばん『仕事』していたのは小糸
──小糸がカメラに映ってくれてよかったの",283活动剧情,天塵,第4话-視界２
283活动剧情/天塵/第4话-視界２.csv,92,4001026050770,円香,"ひとりでずっと練習してたの
知ってる",283活动剧情,天塵,第4话-視界２
283活动剧情/天塵/第4话-視界２.csv,94,4001026050790,円香,"……知られたくないのかも
っては思ってたけど",283活动剧情,天塵,第4话-視界２
283活动剧情/天塵/第4话-視界２.csv,95,4001026050800,円香,ごめん,283活动剧情,天塵,第4话-視界２
283活动剧情/天塵/第4话-視界２.csv,104,4001026050890,円香,…………,283活动剧情,天塵,第4话-視界２
283活动剧情/天塵/第4话-視界２.csv,105,4001026050900,円香,どこへ────,283活动剧情,天塵,第4话-視界２
283活动剧情/天塵/第4话-視界２.csv,106,4001026050910,円香,うん,283活动剧情,天塵,第4话-視界２
283活动剧情/天塵/第4话-視界２.csv,107,4001026050920,円香,"そんなこと、
心配しなくてもいいのに",283活动剧情,天塵,第4话-視界２
283活动剧情/天塵/第4话-視界２.csv,109,4001026050940,円香,────,283活动剧情,天塵,第4话-視界２
283活动剧情/天塵/第4话-視界２.csv,110,4001026050950,円香,……そうだね,283活动剧情,天塵,第4话-視界２
283活动剧情/天塵/第4话-視界２.csv,111,4001026050960,円香,でも、私もほんとは心配なのかも,283活动剧情,天塵,第4话-視界２
283活动剧情/天塵/第4话-視界２.csv,114,4001026050990,円香,"どんどん走っていって……
危なっかしいから",283活动剧情,天塵,第4话-視界２
283活动剧情/天塵/第4话-視界２.csv,115,4001026051000,円香,見張るのも大変,283活动剧情,天塵,第4话-視界２
283活动剧情/天塵/第4话-視界２.csv,118,4001026051030,円香,……小糸,283活动剧情,天塵,第4话-視界２
283活动剧情/天塵/第4话-視界２.csv,120,4001026051050,円香,…………────,283活动剧情,天塵,第4话-視界２
283活动剧情/天塵/第4话-視界２.csv,121,4001026051060,円香,うん,283活动剧情,天塵,第4话-視界２
283活动剧情/天塵/第4话-視界２.csv,122,4001026051070,円香,練習しよう,283活动剧情,天塵,第4话-視界２
283活动剧情/天塵/第4话-視界２.csv,123,4001026051080,円香,ストレッチは？,283活动剧情,天塵,第4话-視界２
283活动剧情/天塵/第4话-視界２.csv,125,4001026051100,円香,じゃ、フォローするから,283活动剧情,天塵,第4话-視界２
283活动剧情/天塵/第4话-視界２.csv,128,4001026051130,円香,どこへいくんだろう,283活动剧情,天塵,第4话-視界２
283活动剧情/天塵/第4话-視界２.csv,129,4001026051140,円香,ねぇ、透────,283活动剧情,天塵,第4话-視界２
283活动剧情/天塵/第5话-視界３.csv,14,4001026060130,円香,……,283活动剧情,天塵,第5话-視界３
283活动剧情/天塵/第5话-視界３.csv,110,4001026060830,円香,売り物はこっちなのに,283活动剧情,天塵,第5话-視界３
283活动剧情/天塵/第5话-視界３.csv,114,4001026060840,円香,"こんばんはー
お邪魔します",283活动剧情,天塵,第5话-視界３
283活动剧情/天塵/第5话-視界３.csv,116,4001026060850,円香,……,283活动剧情,天塵,第5话-視界３
283活动剧情/天塵/第5话-視界３.csv,120,4001026060890,円香,…………,283活动剧情,天塵,第5话-視界３
283活动剧情/天塵/第5话-視界３.csv,124,4001026060920,円香,……────,283活动剧情,天塵,第5话-視界３
283活动剧情/天塵/第5话-視界３.csv,125,4001026060930,円香,お邪魔しましたー,283活动剧情,天塵,第5话-視界３
283活动剧情/天塵/第5话-視界３.csv,126,4001026060940,円香,…………,283活动剧情,天塵,第5话-視界３
283活动剧情/天塵/第6话-海.csv,3,4001026070020,円香,今日は帰らないの,283活动剧情,天塵,第6话-海
283活动剧情/天塵/第6话-海.csv,5,4001026070040,円香,聞こえないならいい,283活动剧情,天塵,第6话-海
283活动剧情/天塵/第6话-海.csv,7,4001026070060,円香,……,283活动剧情,天塵,第6话-海
283活动剧情/天塵/第6话-海.csv,8,4001026070070,円香,あっそ,283活动剧情,天塵,第6话-海
283活动剧情/天塵/第6话-海.csv,10,4001026070090,円香,確かにね,283活动剧情,天塵,第6话-海
283活动剧情/天塵/第6话-海.csv,12,4001026070110,円香,"小糸と透はね
まぁ、私も今日は暇だし",283活动剧情,天塵,第6话-海
283活动剧情/天塵/第6话-海.csv,15,4001026070140,円香,……それは雛菜の観点でしょ,283活动剧情,天塵,第6话-海
283活动剧情/天塵/第6话-海.csv,24,4001026070230,円香,"ありがと
──じゃ、メニュー続けよう",283活动剧情,天塵,第6话-海
283活动剧情/天塵/第6话-海.csv,30,4001026070280,円香,……,283活动剧情,天塵,第6话-海
283活动剧情/天塵/第6话-海.csv,47,4001026070350,円香,さぞ業界も注目しているでしょうね,283活动剧情,天塵,第6话-海
283活动剧情/天塵/第6话-海.csv,50,4001026070360,円香,……,283活动剧情,天塵,第6话-海
283活动剧情/天塵/第6话-海.csv,56,4001026070380,円香,……,283活动剧情,天塵,第6话-海
283活动剧情/天塵/第6话-海.csv,64,4001026070391,透＆円香,……,283活动剧情,天塵,第6话-海
283活动剧情/天塵/第6话-海.csv,68,4001026070410,円香,…………,283活动剧情,天塵,第6话-海
283活动剧情/天塵/第6话-海.csv,69,4001026070420,円香,でも、私もほんとは心配なのかも,283活动剧情,天塵,第6话-海
283活动剧情/天塵/第6话-海.csv,70,4001026070430,円香,──この仕事、何か意味ある？,283活动剧情,天塵,第6话-海
283活动剧情/天塵/第6话-海.csv,74,4001026070470,円香,……,283活动剧情,天塵,第6话-海
283活动剧情/天塵/第6话-海.csv,75,4001026070480,円香,"……
ちょっと考える",283活动剧情,天塵,第6话-海
283活动剧情/天塵/第6话-海.csv,77,4001026070500,円香,…………────,283活动剧情,天塵,第6话-海
283活动剧情/天塵/第6话-海.csv,78,4001026070510,円香,"いちばん『仕事』していたのは小糸
──小糸がカメラに映ってくれてよかったの",283活动剧情,天塵,第6话-海
283活动剧情/天塵/第6话-海.csv,79,4001026070520,円香,"どんどん走っていって……
危なっかしいから",283活动剧情,天塵,第6话-海
283活动剧情/天塵/第6话-海.csv,84,4001026070570,円香,…………小糸,283活动剧情,天塵,第6话-海
283活动剧情/天塵/第6话-海.csv,87,4001026070600,円香,────…………,283活动剧情,天塵,第6话-海
283活动剧情/天塵/第6话-海.csv,91,4001026070640,円香,"ずっと一緒にいられる
……ステージに出なくたって",283活动剧情,天塵,第6话-海
283活动剧情/天塵/第6话-海.csv,96,4001026070681,透＆円香,……,283活动剧情,天塵,第6话-海
283活动剧情/天塵/第6话-海.csv,105,4001026070770,円香,────,283活动剧情,天塵,第6话-海
283活动剧情/天塵/第6话-海.csv,106,4001026070780,円香,透は……,283活动剧情,天塵,第6话-海
283活动剧情/天塵/第6话-海.csv,107,4001026070790,円香,……浅倉はどうなの,283活动剧情,天塵,第6话-海
283活动剧情/天塵/第6话-海.csv,109,4001026070810,円香,浅倉を追いかけるって,283活动剧情,天塵,第6话-海
283活动剧情/天塵/第6话-海.csv,110,4001026070820,円香,どうしたいの,283活动剧情,天塵,第6话-海
283活动剧情/天塵/第6话-海.csv,111,4001026070830,円香,"浅倉がやりたくないなら、
話が変わってくるでしょ",283活动剧情,天塵,第6话-海
283活动剧情/天塵/第6话-海.csv,114,4001026070860,円香,どうせ、わかんないって言うんだろうけど,283活动剧情,天塵,第6话-海
283活动剧情/天塵/第6话-海.csv,118,4001026070900,円香,ほらね,283活动剧情,天塵,第6话-海
283活动剧情/天塵/第6话-海.csv,121,4001026070930,円香,けど────,283活动剧情,天塵,第6话-海
283活动剧情/天塵/第6话-海.csv,122,4001026070940,円香,"どこに行くか知ってて
走り出してる",283活动剧情,天塵,第6话-海
283活动剧情/天塵/第6话-海.csv,130,4001026071010,円香,私は──……,283活动剧情,天塵,第6话-海
283活动剧情/天塵/第6话-海.csv,134,4001026071050,円香,────……,283活动剧情,天塵,第6话-海
283活动剧情/天塵/第6话-海.csv,135,4001026071060,円香,はぁ……,283活动剧情,天塵,第6话-海
283活动剧情/天塵/第6话-海.csv,136,4001026071070,円香,行く,283活动剧情,天塵,第6话-海
283活动剧情/天塵/第6话-海.csv,138,4001026071090,円香,いいんじゃない？　無くても,283活动剧情,天塵,第6话-海
283活动剧情/天塵/第6话-海.csv,144,4001026071150,円香,"──
ほんとに、中身のない会話",283活动剧情,天塵,第6话-海
283活动剧情/天塵/第6话-海.csv,148,4001026071190,円香,"行きたい理由は無い
────ただ、言えるのは",283活动剧情,天塵,第6话-海
283活动剧情/天塵/第6话-海.csv,149,4001026071200,円香,透にできることで、私にできないことはない,283活动剧情,天塵,第6话-海
283活动剧情/天塵/终章-ハング・ザ・ノクチル！.csv,4,4001026080030,円香,"──音響もやばいんじゃない
さっきの歌手のリハ、ボーカルしか聞こえなかった",283活动剧情,天塵,终章-ハング・ザ・ノクチル！
283活动剧情/天塵/终章-ハング・ザ・ノクチル！.csv,19,4001026080170,円香,出音……完全に花火に負けてる,283活动剧情,天塵,终章-ハング・ザ・ノクチル！
283活动剧情/天塵/终章-ハング・ザ・ノクチル！.csv,24,4001026080211,円香＆小糸＆雛菜,──────,283活动剧情,天塵,终章-ハング・ザ・ノクチル！
283活动剧情/天塵/终章-ハング・ザ・ノクチル！.csv,27,4001026080240,円香,────,283活动剧情,天塵,终章-ハング・ザ・ノクチル！
283活动剧情/天塵/终章-ハング・ザ・ノクチル！.csv,28,4001026080250,円香,"海に来たんだな……
みたいなことを思ってた",283活动剧情,天塵,终章-ハング・ザ・ノクチル！
283活动剧情/天塵/终章-ハング・ザ・ノクチル！.csv,29,4001026080260,円香,"花火がうるさくて
返しなんて全然聞こえなくて",283活动剧情,天塵,终章-ハング・ザ・ノクチル！
283活动剧情/天塵/终章-ハング・ザ・ノクチル！.csv,30,4001026080270,円香,"客席とか、現実感なくて
ぼんやりしてた",283活动剧情,天塵,终章-ハング・ザ・ノクチル！
283活动剧情/天塵/终章-ハング・ザ・ノクチル！.csv,33,4001026080300,円香,────,283活动剧情,天塵,终章-ハング・ザ・ノクチル！
283活动剧情/天塵/终章-ハング・ザ・ノクチル！.csv,34,4001026080310,円香,"ステージに立ってるのは
全然、悪い感じじゃなかった",283活动剧情,天塵,终章-ハング・ザ・ノクチル！
283活动剧情/天塵/终章-ハング・ザ・ノクチル！.csv,35,4001026080320,円香,透も、歌詞を間違えなかった,283活动剧情,天塵,终章-ハング・ザ・ノクチル！
283活动剧情/天塵/终章-ハング・ザ・ノクチル！.csv,50,4001026080470,円香,別にいいよ,283活动剧情,天塵,终章-ハング・ザ・ノクチル！
283活动剧情/天塵/终章-ハング・ザ・ノクチル！.csv,51,4001026080480,円香,今の……いい感じだったから,283活动剧情,天塵,终章-ハング・ザ・ノクチル！
283活动剧情/天塵/终章-ハング・ザ・ノクチル！.csv,56,4001026080500,円香,……,283活动剧情,天塵,终章-ハング・ザ・ノクチル！
283活动剧情/天塵/终章-ハング・ザ・ノクチル！.csv,63,4001026080560,円香,────……,283活动剧情,天塵,终章-ハング・ザ・ノクチル！
283活动剧情/天塵/终章-ハング・ザ・ノクチル！.csv,72,4001026080610,円香,こっち見ろー,283活动剧情,天塵,终章-ハング・ザ・ノクチル！
283活动剧情/天塵/终章-ハング・ザ・ノクチル！.csv,81,4001026080690,円香,────……,283活动剧情,天塵,终章-ハング・ザ・ノクチル！
283活动剧情/天塵/终章-ハング・ザ・ノクチル！.csv,83,4001026080710,円香,……覚えてる,283活动剧情,天塵,终章-ハング・ザ・ノクチル！
283活动剧情/天塵/终章-ハング・ザ・ノクチル！.csv,85,4001026080730,円香,"お金貯めて、
車で行こうって言ってたやつでしょ",283活动剧情,天塵,终章-ハング・ザ・ノクチル！
283活动剧情/天塵/终章-ハング・ザ・ノクチル！.csv,87,4001026080750,円香,"……っ
覚えてないの？",283活动剧情,天塵,终章-ハング・ザ・ノクチル！
283活动剧情/天塵/终章-ハング・ザ・ノクチル！.csv,89,4001026080770,円香,あんたが？　うそ,283活动剧情,天塵,终章-ハング・ザ・ノクチル！
283活动剧情/天塵/终章-ハング・ザ・ノクチル！.csv,97,4001026080841,円香＆小糸＆雛菜,────,283活动剧情,天塵,终章-ハング・ザ・ノクチル！
283活动剧情/天塵/终章-ハング・ザ・ノクチル！.csv,99,4001026080860,円香,……え？,283活动剧情,天塵,终章-ハング・ザ・ノクチル！
283活动剧情/天塵/终章-ハング・ザ・ノクチル！.csv,102,4001026080890,円香,──……,283活动剧情,天塵,终章-ハング・ザ・ノクチル！
283活动剧情/天塵/终章-ハング・ザ・ノクチル！.csv,117,4001026080970,円香,…………,283活动剧情,天塵,终章-ハング・ザ・ノクチル！
283活动剧情/天槛/序章-やつらのゲーム.csv,13,4001049010030,円香,……,283活动剧情,天槛,序章-やつらのゲーム
283活动剧情/天槛/序章-やつらのゲーム.csv,27,4001049010130,円香,リンゴの炭酸,283活动剧情,天槛,序章-やつらのゲーム
283活动剧情/天槛/序章-やつらのゲーム.csv,30,4001049010151,円香＆小糸,乾杯……！,283活动剧情,天槛,序章-やつらのゲーム
283活动剧情/天槛/序章-やつらのゲーム.csv,39,4001049010180,円香,"……すごい経営者とすごいアーティストと、
すごい投資家とすごい料理人とすごいモデル",283活动剧情,天槛,序章-やつらのゲーム
283活动剧情/天槛/序章-やつらのゲーム.csv,40,4001049010190,円香,あと何？,283活动剧情,天槛,序章-やつらのゲーム
283活动剧情/天槛/序章-やつらのゲーム.csv,43,4001049010220,円香,全部、自称,283活动剧情,天槛,序章-やつらのゲーム
283活动剧情/天槛/序章-やつらのゲーム.csv,51,4001049010270,円香,行くか,283活动剧情,天槛,序章-やつらのゲーム
283活动剧情/天槛/序章-やつらのゲーム.csv,58,4001049010310,円香,はいはい,283活动剧情,天槛,序章-やつらのゲーム
283活动剧情/天槛/序章-やつらのゲーム.csv,62,4001049010340,円香,……どうでしょう？,283活动剧情,天槛,序章-やつらのゲーム
283活动剧情/天槛/序章-やつらのゲーム.csv,68,4001049010370,円香,……すみません、後ほど伺います,283活动剧情,天槛,序章-やつらのゲーム
283活动剧情/天槛/序章-やつらのゲーム.csv,81,4001049010440,円香,……,283活动剧情,天槛,序章-やつらのゲーム
283活动剧情/天槛/序章-やつらのゲーム.csv,85,4001049010450,円香,……新キャラ来た,283活动剧情,天槛,序章-やつらのゲーム
283活动剧情/天槛/序章-やつらのゲーム.csv,97,4001049010510,円香,…………,283活动剧情,天槛,序章-やつらのゲーム
283活动剧情/天槛/序章-やつらのゲーム.csv,115,4001049010600,円香,……,283活动剧情,天槛,序章-やつらのゲーム
283活动剧情/天槛/序章-やつらのゲーム.csv,117,4001049010620,円香,"……うわ
なんか来てる",283活动剧情,天槛,序章-やつらのゲーム
283活动剧情/天槛/序章-やつらのゲーム.csv,119,4001049010640,円香,"行くか
向こう側まで",283活动剧情,天槛,序章-やつらのゲーム
283活动剧情/天槛/序章-やつらのゲーム.csv,127,4001049010690,円香,……ふっ,283活动剧情,天槛,序章-やつらのゲーム
283活动剧情/天槛/序章-やつらのゲーム.csv,132,4001049010720,円香,"……反省文400字
頑張れー",283活动剧情,天槛,序章-やつらのゲーム
283活动剧情/天槛/第1话-鎖状時間.csv,4,4001049020030,円香,"次、実験
教室移動あるから",283活动剧情,天槛,第1话-鎖状時間
283活动剧情/天槛/第1话-鎖状時間.csv,11,4001049020100,円香,……ジュレいただき,283活动剧情,天槛,第1话-鎖状時間
283活动剧情/天槛/第1话-鎖状時間.csv,13,4001049020120,円香,じゃ、お先,283活动剧情,天槛,第1话-鎖状時間
283活动剧情/天槛/第1话-鎖状時間.csv,52,4001049020360,円香,……────,283活动剧情,天槛,第1话-鎖状時間
283活动剧情/天槛/第1话-鎖状時間.csv,61,4001049020370,円香,……,283活动剧情,天槛,第1话-鎖状時間
283活动剧情/天槛/第1话-鎖状時間.csv,76,4001049020400,円香,……,283活动剧情,天槛,第1话-鎖状時間
283活动剧情/天槛/第1话-鎖状時間.csv,90,4001049020460,円香,ぁ……,283活动剧情,天槛,第1话-鎖状時間
283活动剧情/天槛/第1话-鎖状時間.csv,93,4001049020470,円香,……,283活动剧情,天槛,第1话-鎖状時間
283活动剧情/天槛/第1话-鎖状時間.csv,105,4001049020510,円香,────……,283活动剧情,天槛,第1话-鎖状時間
283活动剧情/天槛/第1话-鎖状時間.csv,109,4001049020520,円香,"あ……
ありがとう",283活动剧情,天槛,第1话-鎖状時間
283活动剧情/天槛/第1话-鎖状時間.csv,110,4001049020530,円香,"これがDNAだってことは
なんでわかるの",283活动剧情,天槛,第1话-鎖状時間
283活动剧情/天槛/第2话-ずっと仲良しノクチルとか笑.csv,11,4001049030100,円香,……お疲れ,283活动剧情,天槛,第2话-ずっと仲良しノクチルとか笑
283活动剧情/天槛/第2话-ずっと仲良しノクチルとか笑.csv,13,4001049030120,円香,"いいけど
今日、購買で買うから",283活动剧情,天槛,第2话-ずっと仲良しノクチルとか笑
283活动剧情/天槛/第2话-ずっと仲良しノクチルとか笑.csv,15,4001049030140,円香,────クリームパン、売り切れてる,283活动剧情,天槛,第2话-ずっと仲良しノクチルとか笑
283活动剧情/天槛/第2话-ずっと仲良しノクチルとか笑.csv,17,4001049030160,円香,こっちでいいか,283活动剧情,天槛,第2话-ずっと仲良しノクチルとか笑
283活动剧情/天槛/第2话-ずっと仲良しノクチルとか笑.csv,33,4001049030220,円香,────……,283活动剧情,天槛,第2话-ずっと仲良しノクチルとか笑
283活动剧情/天槛/第2话-ずっと仲良しノクチルとか笑.csv,35,4001049030240,円香,"ああ……
なんか騒がれてるやつ",283活动剧情,天槛,第2话-ずっと仲良しノクチルとか笑
283活动剧情/天槛/第2话-ずっと仲良しノクチルとか笑.csv,37,4001049030260,円香,"……全然知らない人
最近増えただけじゃない",283活动剧情,天槛,第2话-ずっと仲良しノクチルとか笑
283活动剧情/天槛/第2话-ずっと仲良しノクチルとか笑.csv,39,4001049030280,円香,騒がれてるから、ファンになる,283活动剧情,天槛,第2话-ずっと仲良しノクチルとか笑
283活动剧情/天槛/第2话-ずっと仲良しノクチルとか笑.csv,42,4001049030310,円香,……,283活动剧情,天槛,第2话-ずっと仲良しノクチルとか笑
283活动剧情/天槛/第2话-ずっと仲良しノクチルとか笑.csv,53,4001049030330,円香,"……
私じゃないんかーい",283活动剧情,天槛,第2话-ずっと仲良しノクチルとか笑
283活动剧情/天槛/第2话-ずっと仲良しノクチルとか笑.csv,71,4001049030400,円香,……クリームパン,283活动剧情,天槛,第2话-ずっと仲良しノクチルとか笑
283活动剧情/天槛/第2话-ずっと仲良しノクチルとか笑.csv,85,4001049030480,円香,……,283活动剧情,天槛,第2话-ずっと仲良しノクチルとか笑
283活动剧情/天槛/第2话-ずっと仲良しノクチルとか笑.csv,89,4001049030490,円香,"────あ
はい……お願いします",283活动剧情,天槛,第2话-ずっと仲良しノクチルとか笑
283活动剧情/天槛/第2话-ずっと仲良しノクチルとか笑.csv,91,4001049030500,円香,……,283活动剧情,天槛,第2话-ずっと仲良しノクチルとか笑
283活动剧情/天槛/第2话-ずっと仲良しノクチルとか笑.csv,95,4001049030530,円香,いえ、大丈夫です,283活动剧情,天槛,第2话-ずっと仲良しノクチルとか笑
283活动剧情/天槛/第2话-ずっと仲良しノクチルとか笑.csv,97,4001049030540,円香,"……
雑誌がなかったので",283活动剧情,天槛,第2话-ずっと仲良しノクチルとか笑
283活动剧情/天槛/第2话-ずっと仲良しノクチルとか笑.csv,98,4001049030550,円香,とくに読んでいるわけでは,283活动剧情,天槛,第2话-ずっと仲良しノクチルとか笑
283活动剧情/天槛/第2话-ずっと仲良しノクチルとか笑.csv,100,4001049030560,円香,……,283活动剧情,天槛,第2话-ずっと仲良しノクチルとか笑
283活动剧情/天槛/第2话-ずっと仲良しノクチルとか笑.csv,102,4001049030570,円香,……どうでしょう？,283活动剧情,天槛,第2话-ずっと仲良しノクチルとか笑
283活动剧情/天槛/第2话-ずっと仲良しノクチルとか笑.csv,111,4001049030600,円香,……,283活动剧情,天槛,第2话-ずっと仲良しノクチルとか笑
283活动剧情/天槛/第2话-ずっと仲良しノクチルとか笑.csv,112,4001049030610,円香,いいというのは────……,283活动剧情,天槛,第2话-ずっと仲良しノクチルとか笑
283活动剧情/天槛/第2话-ずっと仲良しノクチルとか笑.csv,114,4001049030620,円香,……いえ,283活动剧情,天槛,第2话-ずっと仲良しノクチルとか笑
283活动剧情/天槛/第2话-ずっと仲良しノクチルとか笑.csv,117,4001049030650,円香,"……そうですね
よく言われます",283活动剧情,天槛,第2话-ずっと仲良しノクチルとか笑
283活动剧情/天槛/第2话-ずっと仲良しノクチルとか笑.csv,120,4001049030660,円香,……,283活动剧情,天槛,第2话-ずっと仲良しノクチルとか笑
283活动剧情/天槛/第2话-ずっと仲良しノクチルとか笑.csv,123,4001049030670,円香,……,283活动剧情,天槛,第2话-ずっと仲良しノクチルとか笑
283活动剧情/天槛/第2话-ずっと仲良しノクチルとか笑.csv,124,4001049030680,円香,はい,283活动剧情,天槛,第2话-ずっと仲良しノクチルとか笑
283活动剧情/天槛/第2话-ずっと仲良しノクチルとか笑.csv,144,4001049030760,円香,……はい,283活动剧情,天槛,第2话-ずっと仲良しノクチルとか笑
283活动剧情/天槛/第2话-ずっと仲良しノクチルとか笑.csv,145,4001049030770,円香,よろしくお願いします,283活动剧情,天槛,第2话-ずっと仲良しノクチルとか笑
283活动剧情/天槛/第3话-いまはいつなのかっていう.csv,24,4001049040081,透＆円香,はい……,283活动剧情,天槛,第3话-いまはいつなのかっていう
283活动剧情/天槛/第3话-いまはいつなのかっていう.csv,47,4001049040180,円香,……提供,283活动剧情,天槛,第3话-いまはいつなのかっていう
283活动剧情/天槛/第3话-いまはいつなのかっていう.csv,50,4001049040200,円香,サーモン丼です,283活动剧情,天槛,第3话-いまはいつなのかっていう
283活动剧情/天槛/第3话-いまはいつなのかっていう.csv,55,4001049040220,円香,ありがとうございました,283活动剧情,天槛,第3话-いまはいつなのかっていう
283活动剧情/天槛/第3话-いまはいつなのかっていう.csv,71,4001049040282,透＆円香,お疲れ様でした……,283活动剧情,天槛,第3话-いまはいつなのかっていう
283活动剧情/天槛/第3话-いまはいつなのかっていう.csv,113,4001049040540,円香,────早いじゃん,283活动剧情,天槛,第3话-いまはいつなのかっていう
283活动剧情/天槛/第3话-いまはいつなのかっていう.csv,115,4001049040560,円香,……,283活动剧情,天槛,第3话-いまはいつなのかっていう
283活动剧情/天槛/第3话-いまはいつなのかっていう.csv,117,4001049040580,円香,ふうん,283活动剧情,天槛,第3话-いまはいつなのかっていう
283活动剧情/天槛/第3话-いまはいつなのかっていう.csv,126,4001049040660,円香,……,283活动剧情,天槛,第3话-いまはいつなのかっていう
283活动剧情/天槛/第3话-いまはいつなのかっていう.csv,128,4001049040680,円香,……,283活动剧情,天槛,第3话-いまはいつなのかっていう
283活动剧情/天槛/第3话-いまはいつなのかっていう.csv,130,4001049040700,円香,いる,283活动剧情,天槛,第3话-いまはいつなのかっていう
283活动剧情/天槛/第3话-いまはいつなのかっていう.csv,139,4001049040750,円香,……,283活动剧情,天槛,第3话-いまはいつなのかっていう
283活动剧情/天槛/第3话-いまはいつなのかっていう.csv,141,4001049040770,円香,何？,283活动剧情,天槛,第3话-いまはいつなのかっていう
283活动剧情/天槛/第3话-いまはいつなのかっていう.csv,143,4001049040790,円香,誰？,283活动剧情,天槛,第3话-いまはいつなのかっていう
283活动剧情/天槛/第3话-いまはいつなのかっていう.csv,145,4001049040810,円香,へえ……,283活动剧情,天槛,第3话-いまはいつなのかっていう
283活动剧情/天槛/第3话-いまはいつなのかっていう.csv,147,4001049040830,円香,……,283活动剧情,天槛,第3话-いまはいつなのかっていう
283活动剧情/天槛/第3话-いまはいつなのかっていう.csv,155,4001049040910,円香,きりがいい,283活动剧情,天槛,第3话-いまはいつなのかっていう
283活动剧情/天槛/第3话-いまはいつなのかっていう.csv,157,4001049040930,円香,留学とか、ちょうどきりがいいタイミング,283活动剧情,天槛,第3话-いまはいつなのかっていう
283活动剧情/天槛/第3话-いまはいつなのかっていう.csv,169,4001049041050,円香,……パリ？,283活动剧情,天槛,第3话-いまはいつなのかっていう
283活动剧情/天槛/第3话-いまはいつなのかっていう.csv,170,4001049041060,円香,いいかもね,283活动剧情,天槛,第3话-いまはいつなのかっていう
283活动剧情/天槛/第3话-いまはいつなのかっていう.csv,172,4001049041070,円香,……メッセ,283活动剧情,天槛,第3话-いまはいつなのかっていう
283活动剧情/天槛/第4话-熱帯夜.csv,8,4001049050040,円香,……,283活动剧情,天槛,第4话-熱帯夜
283活动剧情/天槛/第4话-熱帯夜.csv,17,0000000000000,円香,……,283活动剧情,天槛,第4话-熱帯夜
283活动剧情/天槛/第4话-熱帯夜.csv,29,4001049050180,円香,……,283活动剧情,天槛,第4话-熱帯夜
283活动剧情/天槛/第4话-熱帯夜.csv,31,4001049050200,円香,……なんか、違うんじゃない,283活动剧情,天槛,第4话-熱帯夜
283活动剧情/天槛/第4话-熱帯夜.csv,32,4001049050210,円香,それ、パーティーかなんかで歌うやつでしょ,283活动剧情,天槛,第4话-熱帯夜
283活动剧情/天槛/第4话-熱帯夜.csv,35,4001049050240,円香,さあ,283活动剧情,天槛,第4话-熱帯夜
283活动剧情/天槛/第4话-熱帯夜.csv,37,4001049050260,円香,……その曲って────,283活动剧情,天槛,第4话-熱帯夜
283活动剧情/天槛/第4话-熱帯夜.csv,39,4001049050280,円香,"……
音源確認したら",283活动剧情,天槛,第4话-熱帯夜
283活动剧情/天槛/第4话-熱帯夜.csv,42,4001049050310,円香,は？,283活动剧情,天槛,第4话-熱帯夜
283活动剧情/天槛/第4话-熱帯夜.csv,44,4001049050330,円香,……,283活动剧情,天槛,第4话-熱帯夜
283活动剧情/天槛/第4话-熱帯夜.csv,46,4001049050350,円香,……200円,283活动剧情,天槛,第4话-熱帯夜
283活动剧情/天槛/第4话-熱帯夜.csv,49,4001049050380,円香,────……,283活动剧情,天槛,第4话-熱帯夜
283活动剧情/天槛/第4话-熱帯夜.csv,50,4001049050390,円香,────んー……,283活动剧情,天槛,第4话-熱帯夜
283活动剧情/天槛/第4话-熱帯夜.csv,62,4001049050470,円香,サンキュ,283活动剧情,天槛,第4话-熱帯夜
283活动剧情/天槛/第4话-熱帯夜.csv,73,4001049050540,円香,明日のお弁当に入ってたら、もらう,283活动剧情,天槛,第4话-熱帯夜
283活动剧情/天槛/第4话-熱帯夜.csv,98,4001049050730,円香,……,283活动剧情,天槛,第4话-熱帯夜
283活动剧情/天槛/第4话-熱帯夜.csv,113,4001049050820,円香,ツイスタ？,283活动剧情,天槛,第4话-熱帯夜
283活动剧情/天槛/第4话-熱帯夜.csv,125,4001049050920,円香＆雛菜,────じゃね～,283活动剧情,天槛,第4话-熱帯夜
283活动剧情/天槛/第4话-熱帯夜.csv,129,4001049050940,円香,ありがとうございます,283活动剧情,天槛,第4话-熱帯夜
283活动剧情/天槛/第4话-熱帯夜.csv,140,4001049051010,円香,……ん？,283活动剧情,天槛,第4话-熱帯夜
283活动剧情/天槛/第4话-熱帯夜.csv,142,4001049051020,円香,……何,283活动剧情,天槛,第4话-熱帯夜
283活动剧情/天槛/第4话-熱帯夜.csv,145,4001049051050,円香,……,283活动剧情,天槛,第4话-熱帯夜
283活动剧情/天槛/第4话-熱帯夜.csv,147,4001049051070,円香,……,283活动剧情,天槛,第4话-熱帯夜
283活动剧情/天槛/第4话-熱帯夜.csv,148,4001049051080,円香,……んー──────,283活动剧情,天槛,第4话-熱帯夜
283活动剧情/天槛/第5话-枝状未来.csv,28,4001049060160,円香,ん……,283活动剧情,天槛,第5话-枝状未来
283活动剧情/天槛/第5话-枝状未来.csv,29,4001049060170,円香,レッスン？,283活动剧情,天槛,第5话-枝状未来
283活动剧情/天槛/第5话-枝状未来.csv,33,4001049060210,円香,"……急に自習になって、帰ってきた
浅倉いないから",283活动剧情,天槛,第5话-枝状未来
283活动剧情/天槛/第5话-枝状未来.csv,37,4001049060250,円香,"ああ……
プレス向けのイベントね",283活动剧情,天槛,第5话-枝状未来
283活动剧情/天槛/第5话-枝状未来.csv,41,4001049060260,円香,"変なこと言ったら
ニュースサイトのトップに出るんじゃない",283活动剧情,天槛,第5话-枝状未来
283活动剧情/天槛/第5话-枝状未来.csv,44,0000000000000,円香,……,283活动剧情,天槛,第5话-枝状未来
283活动剧情/天槛/第5话-枝状未来.csv,54,4001049060350,円香,……,283活动剧情,天槛,第5话-枝状未来
283活动剧情/天槛/第5话-枝状未来.csv,55,4001049060360,円香,────んー……ん……,283活动剧情,天槛,第5话-枝状未来
283活动剧情/天槛/第5话-枝状未来.csv,56,4001049060370,円香,ただいま,283活动剧情,天槛,第5话-枝状未来
283活动剧情/天槛/第5话-枝状未来.csv,101,4001049060650,円香,耳元で、声張って,283活动剧情,天槛,第5话-枝状未来
283活动剧情/天槛/第5话-枝状未来.csv,105,4001049060671,円香＆小糸＆雛菜,お疲れ様です……！,283活动剧情,天槛,第5话-枝状未来
283活动剧情/天槛/第5话-枝状未来.csv,109,4001049060680,円香,……,283活动剧情,天槛,第5话-枝状未来
283活动剧情/天槛/第6话-くじらを捕まえろ.csv,44,4001049070230,円香,"────……
べつに",283活动剧情,天槛,第6话-くじらを捕まえろ
283活动剧情/天槛/第6话-くじらを捕まえろ.csv,45,4001049070240,円香,趣味の悪い場所だと思っているだけです,283活动剧情,天槛,第6话-くじらを捕まえろ
283活动剧情/天槛/第6话-くじらを捕まえろ.csv,47,0000000000000,円香,……,283活动剧情,天槛,第6话-くじらを捕まえろ
283活动剧情/天槛/第6话-くじらを捕まえろ.csv,54,4001049070280,円香,そうですか,283活动剧情,天槛,第6话-くじらを捕まえろ
283活动剧情/天槛/第6话-くじらを捕まえろ.csv,55,4001049070290,円香,……で、それが何？,283活动剧情,天槛,第6话-くじらを捕まえろ
283活动剧情/天槛/第6话-くじらを捕まえろ.csv,58,4001049070300,円香,……浅倉に？,283活动剧情,天槛,第6话-くじらを捕まえろ
283活动剧情/天槛/第6话-くじらを捕まえろ.csv,60,4001049070310,円香,でなければ、幼なじみのアイドルユニットに？,283活动剧情,天槛,第6话-くじらを捕まえろ
283活动剧情/天槛/第6话-くじらを捕まえろ.csv,69,0000000000000,円香,……,283活动剧情,天槛,第6话-くじらを捕まえろ
283活动剧情/天槛/第6话-くじらを捕まえろ.csv,89,4001049070470,円香,……さあ,283活动剧情,天槛,第6话-くじらを捕まえろ
283活动剧情/天槛/第6话-くじらを捕まえろ.csv,90,4001049070480,円香,"ほんとなんてものがあるのかだって
知らないけど",283活动剧情,天槛,第6话-くじらを捕まえろ
283活动剧情/天槛/第6话-くじらを捕まえろ.csv,93,4001049070490,円香,……あなたは、『ほんとにわかってる人』？,283活动剧情,天槛,第6话-くじらを捕まえろ
283活动剧情/天槛/第6话-くじらを捕まえろ.csv,102,4001049070550,円香,"……
何か飲んできます",283活动剧情,天槛,第6话-くじらを捕まえろ
283活动剧情/天槛/第6话-くじらを捕まえろ.csv,105,4001049070560,円香,……,283活动剧情,天槛,第6话-くじらを捕まえろ
283活动剧情/天槛/第6话-くじらを捕まえろ.csv,118,4001049070620,円香,──水をください,283活动剧情,天槛,第6话-くじらを捕まえろ
283活动剧情/天槛/第6话-くじらを捕まえろ.csv,120,4001049070630,円香,──ミネラルウォーター……,283活动剧情,天槛,第6话-くじらを捕まえろ
283活动剧情/天槛/第6话-くじらを捕まえろ.csv,139,4001049070730,円香,……小糸？,283活动剧情,天槛,第6话-くじらを捕まえろ
283活动剧情/天槛/第6话-くじらを捕まえろ.csv,144,4001049070750,円香,……,283活动剧情,天槛,第6话-くじらを捕まえろ
283活动剧情/天槛/第6话-くじらを捕まえろ.csv,146,4001049070770,円香,──水……,283活动剧情,天槛,第6话-くじらを捕まえろ
283活动剧情/天槛/第6话-くじらを捕まえろ.csv,147,4001049070780,円香,"──なんで、ここ……
始まるんじゃないの……",283活动剧情,天槛,第6话-くじらを捕まえろ
283活动剧情/天槛/第6话-くじらを捕まえろ.csv,150,4001049070810,円香,……,283活动剧情,天槛,第6话-くじらを捕まえろ
283活动剧情/天槛/第6话-くじらを捕まえろ.csv,151,4001049070820,円香,──自分で買ったら……？,283活动剧情,天槛,第6话-くじらを捕まえろ
283活动剧情/天槛/第6话-くじらを捕まえろ.csv,159,4001049070900,円香,……,283活动剧情,天槛,第6话-くじらを捕まえろ
283活动剧情/天槛/第6话-くじらを捕まえろ.csv,169,4001049070970,円香,"──67円って……
ドリンク代じゃない",283活动剧情,天槛,第6话-くじらを捕まえろ
283活动剧情/天槛/第6话-くじらを捕まえろ.csv,173,0000000000000,円香,"……浅倉に？
でなければ、幼なじみのアイドルユニットに？",283活动剧情,天槛,第6话-くじらを捕まえろ
283活动剧情/天槛/第6话-くじらを捕まえろ.csv,174,4001049071010,円香,……だから何────,283活动剧情,天槛,第6话-くじらを捕まえろ
283活动剧情/天槛/第6话-くじらを捕まえろ.csv,178,4001049071050,円香,────,283活动剧情,天槛,第6话-くじらを捕まえろ
283活动剧情/天槛/第6话-くじらを捕まえろ.csv,179,4001049071060,円香,……,283活动剧情,天槛,第6话-くじらを捕まえろ
283活动剧情/天槛/第6话-くじらを捕まえろ.csv,180,4001049071070,円香,────安すぎる,283活动剧情,天槛,第6话-くじらを捕まえろ
283活动剧情/天槛/第6话-くじらを捕まえろ.csv,181,4001049071080,円香,けど,283活动剧情,天槛,第6话-くじらを捕まえろ
283活动剧情/天槛/第6话-くじらを捕まえろ.csv,184,4001049071090,円香,ここ全部もらってくっていうのは、いいかもね,283活动剧情,天槛,第6话-くじらを捕まえろ
283活动剧情/天槛/第6话-くじらを捕まえろ.csv,201,4001049071170,円香,──────,283活动剧情,天槛,第6话-くじらを捕まえろ
283活动剧情/天槛/第6话-くじらを捕まえろ.csv,223,4001049071290,円香,"……
出番終わったし、パーティーは自由参加だし",283活动剧情,天槛,第6话-くじらを捕まえろ
283活动剧情/天槛/第6话-くじらを捕まえろ.csv,227,4001049071330,円香,タクシー……！,283活动剧情,天槛,第6话-くじらを捕まえろ
283活动剧情/天槛/终章-それでもいましか見えないよ.csv,4,4001049080030,円香,"……あれ、朝まで続くんでしょ
知らないけど",283活动剧情,天槛,终章-それでもいましか見えないよ
283活动剧情/天槛/终章-それでもいましか見えないよ.csv,24,4001049080110,円香,……ていうか、どこ向かってるの,283活动剧情,天槛,终章-それでもいましか見えないよ
283活动剧情/天槛/终章-それでもいましか見えないよ.csv,36,4001049080180,円香,……行くか,283活动剧情,天槛,终章-それでもいましか見えないよ
283活动剧情/天槛/终章-それでもいましか見えないよ.csv,37,4001049080190,円香,戻るのも面倒だし,283活动剧情,天槛,终章-それでもいましか見えないよ
283活动剧情/天槛/终章-それでもいましか見えないよ.csv,42,4001049080210,円香,……たぶん、追いかけてくるだろうけど,283活动剧情,天槛,终章-それでもいましか見えないよ
283活动剧情/天槛/终章-それでもいましか見えないよ.csv,45,4001049080240,円香,どっちみち戻れない,283活动剧情,天槛,终章-それでもいましか見えないよ
283活动剧情/天槛/终章-それでもいましか見えないよ.csv,65,4001049080320,円香,……,283活动剧情,天槛,终章-それでもいましか見えないよ
283活动剧情/天槛/终章-それでもいましか見えないよ.csv,73,4001049080380,円香,……,283活动剧情,天槛,终章-それでもいましか見えないよ
283活动剧情/天槛/终章-それでもいましか見えないよ.csv,78,4001049080430,円香,"……行くのも、戻るのも
中途半端",283活动剧情,天槛,终章-それでもいましか見えないよ
283活动剧情/天槛/终章-それでもいましか見えないよ.csv,90,0000000000000,円香,……あなたは、『ほんとにわかってる人』？,283活动剧情,天槛,终章-それでもいましか見えないよ
283活动剧情/天槛/终章-それでもいましか見えないよ.csv,111,4001049080540,円香,まあね,283活动剧情,天槛,终章-それでもいましか見えないよ
283活动剧情/天槛/终章-それでもいましか見えないよ.csv,120,4001049080610,円香,"寝てれば
レッスン、疲れたんでしょ",283活动剧情,天槛,终章-それでもいましか見えないよ
283活动剧情/天槛/终章-それでもいましか見えないよ.csv,129,4001049080700,円香,……,283活动剧情,天槛,终章-それでもいましか見えないよ
283活动剧情/天槛/终章-それでもいましか見えないよ.csv,137,4001049080780,円香,"これなら歌詞飛ばないって思ったんでしょ
……２番、怪しそうだったけど",283活动剧情,天槛,终章-それでもいましか見えないよ
283活动剧情/天槛/终章-それでもいましか見えないよ.csv,143,4001049080840,円香,……,283活动剧情,天槛,终章-それでもいましか見えないよ
283活动剧情/天槛/终章-それでもいましか見えないよ.csv,147,4001049080880,円香,結局、みんなで帰ったからね,283活动剧情,天槛,终章-それでもいましか見えないよ
283活动剧情/天槛/终章-それでもいましか見えないよ.csv,152,4001049080910,円香,歌がよかった,283活动剧情,天槛,终章-それでもいましか見えないよ
283活动剧情/密着！ハロウィンワールド24時/エンディング-終わりが来るなんて.csv,56,4001041080440,円香,まあね,283活动剧情,密着！ハロウィンワールド24時,エンディング-終わりが来るなんて
283活动剧情/密着！ハロウィンワールド24時/エンディング-終わりが来るなんて.csv,58,4001041080460,円香,それはどうでもいい,283活动剧情,密着！ハロウィンワールド24時,エンディング-終わりが来るなんて
283活动剧情/密着！ハロウィンワールド24時/第2話-アノトキノ・キャンディ.csv,16,4001041030100,円香,…………,283活动剧情,密着！ハロウィンワールド24時,第2話-アノトキノ・キャンディ
283活动剧情/密着！ハロウィンワールド24時/第2話-アノトキノ・キャンディ.csv,25,4001041030150,円香,"それで、今度は何に
追われているんですか",283活动剧情,密着！ハロウィンワールド24時,第2話-アノトキノ・キャンディ
283活动剧情/密着！ハロウィンワールド24時/第2話-アノトキノ・キャンディ.csv,27,4001041030160,円香,"走っていましたよね
息切れするほど",283活动剧情,密着！ハロウィンワールド24時,第2話-アノトキノ・キャンディ
283活动剧情/密着！ハロウィンワールド24時/第2話-アノトキノ・キャンディ.csv,28,4001041030170,円香,前に会った時もそうだったでしょ,283活动剧情,密着！ハロウィンワールド24時,第2話-アノトキノ・キャンディ
283活动剧情/密着！ハロウィンワールド24時/第2話-アノトキノ・キャンディ.csv,39,4001041030240,円香,かもね,283活动剧情,密着！ハロウィンワールド24時,第2話-アノトキノ・キャンディ
283活动剧情/密着！ハロウィンワールド24時/第2話-アノトキノ・キャンディ.csv,49,4001041030310,円香,"じゃ、すぐには問題ないってことですね
あなたが同意しない限りは",283活动剧情,密着！ハロウィンワールド24時,第2話-アノトキノ・キャンディ
283活动剧情/密着！ハロウィンワールド24時/第2話-アノトキノ・キャンディ.csv,60,4001041030380,円香,……すぐ騙されそう,283活动剧情,密着！ハロウィンワールド24時,第2話-アノトキノ・キャンディ
283活动剧情/密着！ハロウィンワールド24時/第2話-アノトキノ・キャンディ.csv,61,4001041030390,円香,"ていうか、もう騙されてそう
気が付いてないだけで",283活动剧情,密着！ハロウィンワールド24時,第2話-アノトキノ・キャンディ
283活动剧情/密着！ハロウィンワールド24時/第2話-アノトキノ・キャンディ.csv,75,4001041030500,円香,断る,283活动剧情,密着！ハロウィンワールド24時,第2話-アノトキノ・キャンディ
283活动剧情/密着！ハロウィンワールド24時/第2話-アノトキノ・キャンディ.csv,79,4001041030540,円香,別に,283活动剧情,密着！ハロウィンワールド24時,第2話-アノトキノ・キャンディ
283活动剧情/密着！ハロウィンワールド24時/第2話-アノトキノ・キャンディ.csv,90,4001041030580,円香,"命を惜しがったり
なのに永遠を嫌ったり──",283活动剧情,密着！ハロウィンワールド24時,第2話-アノトキノ・キャンディ
283活动剧情/密着！ハロウィンワールド24時/第2話-アノトキノ・キャンディ.csv,91,4001041030590,円香,"おかしい
ニンゲンって",283活动剧情,密着！ハロウィンワールド24時,第2話-アノトキノ・キャンディ
283活动剧情/密着！ハロウィンワールド24時/第2話-アノトキノ・キャンディ.csv,94,4001041030610,円香,"ま、今は死にたくないなら
さっさと逃げれば",283活动剧情,密着！ハロウィンワールド24時,第2話-アノトキノ・キャンディ
283活动剧情/密着！ハロウィンワールド24時/第2話-アノトキノ・キャンディ.csv,95,4001041030620,円香,追われているんじゃなかったんですか,283活动剧情,密着！ハロウィンワールド24時,第2話-アノトキノ・キャンディ
283活动剧情/密着！ハロウィンワールド24時/第2話-アノトキノ・キャンディ.csv,106,4001041030680,円香,"いいですよ
貸しってことで",283活动剧情,密着！ハロウィンワールド24時,第2話-アノトキノ・キャンディ
283活动剧情/密着！ハロウィンワールド24時/第2話-アノトキノ・キャンディ.csv,107,4001041030690,円香,そのうち利子つけて返してください,283活动剧情,密着！ハロウィンワールド24時,第2話-アノトキノ・キャンディ
283活动剧情/密着！ハロウィンワールド24時/第2話-アノトキノ・キャンディ.csv,111,4001041030710,円香,……,283活动剧情,密着！ハロウィンワールド24時,第2話-アノトキノ・キャンディ
283活动剧情/密着！ハロウィンワールド24時/第2話-アノトキノ・キャンディ.csv,112,4001041030720,円香,わからない,283活动剧情,密着！ハロウィンワールド24時,第2話-アノトキノ・キャンディ
283活动剧情/密着！ハロウィンワールド24時/第2話-アノトキノ・キャンディ.csv,118,4001041030780,円香,えー,283活动剧情,密着！ハロウィンワールド24時,第2話-アノトキノ・キャンディ
283活动剧情/密着！ハロウィンワールド24時/第2話-アノトキノ・キャンディ.csv,119,4001041030790,円香,"面倒
疲れるし",283活动剧情,密着！ハロウィンワールド24時,第2話-アノトキノ・キャンディ
283活动剧情/密着！ハロウィンワールド24時/第2話-アノトキノ・キャンディ.csv,121,4001041030810,円香,何,283活动剧情,密着！ハロウィンワールド24時,第2話-アノトキノ・キャンディ
283活动剧情/明るい部屋/第3话-ラブコメ.csv,4,4001031040020,円香,"喜びの時も
悲しみの時も",283活动剧情,明るい部屋,第3话-ラブコメ
283活动剧情/明るい部屋/第3话-ラブコメ.csv,12,4001031040090,円香,これを敬い,283活动剧情,明るい部屋,第3话-ラブコメ
283活动剧情/明るい部屋/第3话-ラブコメ.csv,50,4001031040290,円香,キッチンとか給仕とか,283活动剧情,明るい部屋,第3话-ラブコメ
283活动剧情/明るい部屋/第3话-ラブコメ.csv,54,4001031040330,円香,うわ……,283活动剧情,明るい部屋,第3话-ラブコメ
283活动剧情/明るい部屋/第3话-ラブコメ.csv,60,4001031040390,円香,浅倉はいくら欲しいの,283活动剧情,明るい部屋,第3话-ラブコメ
283活动剧情/明るい部屋/第3话-ラブコメ.csv,69,4001031040480,円香,どうせテレビ,283活动剧情,明るい部屋,第3话-ラブコメ
283活动剧情/明るい部屋/第3话-ラブコメ.csv,140,4001031041140,円香,いいけど、なんのイベント？,283活动剧情,明るい部屋,第3话-ラブコメ
283活动剧情/明るい部屋/第3话-ラブコメ.csv,141,4001031041150,円香,"アイドル関連で、
敵情視察とか思われると面倒",283活动剧情,明るい部屋,第3话-ラブコメ
283活动剧情/明るい部屋/第3话-ラブコメ.csv,148,4001031041220,円香,『クリスマスケーキ』,283活动剧情,明るい部屋,第3话-ラブコメ
283活动剧情/明るい部屋/第3话-ラブコメ.csv,150,4001031041240,円香,"……て、書いてあるけど
そこ",283活动剧情,明るい部屋,第3话-ラブコメ
283活动剧情/明るい部屋/第6话-消防士.csv,50,4001031070340,円香,"その格好じゃね
……ケーキ売り場、外らしいけど",283活动剧情,明るい部屋,第6话-消防士
283活动剧情/明るい部屋/第6话-消防士.csv,53,4001031070370,円香,知らない,283活动剧情,明るい部屋,第6话-消防士
283活动剧情/明るい部屋/第6话-消防士.csv,67,4001031070490,円香,"ケーキ売るのも時給も、
変わらないけどね",283活动剧情,明るい部屋,第6话-消防士
283活动剧情/明るい部屋/第6话-消防士.csv,71,4001031070530,円香,うちも来るって,283活动剧情,明るい部屋,第6话-消防士
283活动剧情/明るい部屋/终章-La chambre libre.csv,5,4001031080020,円香,はい,283活动剧情,明るい部屋,终章-La chambre libre
283活动剧情/明るい部屋/终章-La chambre libre.csv,6,4001031080030,円香,"……あ、すみません
かまぼこは一緒にお会計できないので店内でお願いします",283活动剧情,明るい部屋,终章-La chambre libre
283活动剧情/明るい部屋/终章-La chambre libre.csv,41,4001031080340,円香,"悪くない
というか巻き込んでごめん",283活动剧情,明るい部屋,终章-La chambre libre
283活动剧情/明るい部屋/终章-La chambre libre.csv,42,4001031080350,円香,……行かなくていいの,283活动剧情,明るい部屋,终章-La chambre libre
283活动剧情/明るい部屋/终章-La chambre libre.csv,50,4001031080430,円香,"……
１個買ったら、写真か握手ができる",283活动剧情,明るい部屋,终章-La chambre libre
283活动剧情/明るい部屋/终章-La chambre libre.csv,57,4001031080500,円香,……３個、買ってなくない？,283活动剧情,明るい部屋,终章-La chambre libre
283活动剧情/明るい部屋/终章-La chambre libre.csv,60,4001031080511,透＆円香＆雛菜,……？,283活动剧情,明るい部屋,终章-La chambre libre
283活动剧情/明るい部屋/终章-La chambre libre.csv,65,4001031080540,円香,ケーキは売れてます,283活动剧情,明るい部屋,终章-La chambre libre
283活动剧情/明るい部屋/终章-La chambre libre.csv,67,4001031080550,円香,"買わないならどいてください
そこ、お客さんの邪魔なので",283活动剧情,明るい部屋,终章-La chambre libre
283活动剧情/明るい部屋/终章-La chambre libre.csv,69,4001031080560,円香,……,283活动剧情,明るい部屋,终章-La chambre libre
283活动剧情/明るい部屋/终章-La chambre libre.csv,73,4001031080570,円香,"……
テンプレートみたいな説教",283活动剧情,明るい部屋,终章-La chambre libre
283活动剧情/明るい部屋/终章-La chambre libre.csv,77,4001031080580,円香,はーい、承ります,283活动剧情,明るい部屋,终章-La chambre libre
283活动剧情/海へ出るつもりじゃなかったし/序章-ノロマたちの午後.csv,32,4001032010250,円香,……ふっ,283活动剧情,海へ出るつもりじゃなかったし,序章-ノロマたちの午後
283活动剧情/海へ出るつもりじゃなかったし/序章-ノロマたちの午後.csv,34,4001032010270,円香,"そう？
ほんとにのろのろしてるんじゃない",283活动剧情,海へ出るつもりじゃなかったし,序章-ノロマたちの午後
283活动剧情/海へ出るつもりじゃなかったし/序章-ノロマたちの午後.csv,46,4001032010320,円香,"そうだね
予算もちょうどっぽい",283活动剧情,海へ出るつもりじゃなかったし,序章-ノロマたちの午後
283活动剧情/海へ出るつもりじゃなかったし/序章-ノロマたちの午後.csv,49,4001032010350,円香,"……浅倉、ちゃんと選んだら？
おばさん、私たちに頼んだわけじゃない",283活动剧情,海へ出るつもりじゃなかったし,序章-ノロマたちの午後
283活动剧情/海へ出るつもりじゃなかったし/序章-ノロマたちの午後.csv,54,4001032010400,円香,"ん
いい、いい",283活动剧情,海へ出るつもりじゃなかったし,序章-ノロマたちの午後
283活动剧情/海へ出るつもりじゃなかったし/序章-ノロマたちの午後.csv,55,4001032010410,円香,お遣い終わり,283活动剧情,海へ出るつもりじゃなかったし,序章-ノロマたちの午後
283活动剧情/海へ出るつもりじゃなかったし/序章-ノロマたちの午後.csv,66,4001032010490,円香,"『今年を表す一文字は』とか、
聞かれるんじゃない",283活动剧情,海へ出るつもりじゃなかったし,序章-ノロマたちの午後
283活动剧情/海へ出るつもりじゃなかったし/序章-ノロマたちの午後.csv,75,4001032010580,円香,……,283活动剧情,海へ出るつもりじゃなかったし,序章-ノロマたちの午後
283活动剧情/海へ出るつもりじゃなかったし/序章-ノロマたちの午後.csv,80,4001032010620,円香,ピース,283活动剧情,海へ出るつもりじゃなかったし,序章-ノロマたちの午後
283活动剧情/海へ出るつもりじゃなかったし/第1话-タック用意.csv,34,4001032020170,円香,────……,283活动剧情,海へ出るつもりじゃなかったし,第1话-タック用意
283活动剧情/海へ出るつもりじゃなかったし/第1话-タック用意.csv,35,4001032020180,円香,──────,283活动剧情,海へ出るつもりじゃなかったし,第1话-タック用意
283活动剧情/海へ出るつもりじゃなかったし/第1话-タック用意.csv,38,4001032020190,円香,────ん？,283活动剧情,海へ出るつもりじゃなかったし,第1话-タック用意
283活动剧情/海へ出るつもりじゃなかったし/第1话-タック用意.csv,40,4001032020200,円香,────ああ……,283活动剧情,海へ出るつもりじゃなかったし,第1话-タック用意
283活动剧情/海へ出るつもりじゃなかったし/第1话-タック用意.csv,41,4001032020210,円香,……この本、探してた？,283活动剧情,海へ出るつもりじゃなかったし,第1话-タック用意
283活动剧情/海へ出るつもりじゃなかったし/第1话-タック用意.csv,43,4001032020220,円香,……はい,283活动剧情,海へ出るつもりじゃなかったし,第1话-タック用意
283活动剧情/海へ出るつもりじゃなかったし/第1话-タック用意.csv,45,4001032020230,円香,"うん
べつに見たかったわけじゃないから",283活动剧情,海へ出るつもりじゃなかったし,第1话-タック用意
283活动剧情/海へ出るつもりじゃなかったし/第1话-タック用意.csv,46,4001032020240,円香,はい,283活动剧情,海へ出るつもりじゃなかったし,第1话-タック用意
283活动剧情/海へ出るつもりじゃなかったし/第1话-タック用意.csv,48,4001032020250,円香,…………,283活动剧情,海へ出るつもりじゃなかったし,第1话-タック用意
283活动剧情/海へ出るつもりじゃなかったし/第1话-タック用意.csv,49,4001032020260,円香,……なんか来てる,283活动剧情,海へ出るつもりじゃなかったし,第1话-タック用意
283活动剧情/海へ出るつもりじゃなかったし/第1话-タック用意.csv,51,4001032020270,円香,……,283活动剧情,海へ出るつもりじゃなかったし,第1话-タック用意
283活动剧情/海へ出るつもりじゃなかったし/第1话-タック用意.csv,52,4001032020280,円香,場所的に無理,283活动剧情,海へ出るつもりじゃなかったし,第1话-タック用意
283活动剧情/海へ出るつもりじゃなかったし/第1话-タック用意.csv,64,4001032020380,円香,……あ,283活动剧情,海へ出るつもりじゃなかったし,第1话-タック用意
283活动剧情/海へ出るつもりじゃなかったし/第1话-タック用意.csv,73,4001032020450,円香,"『どうする
通話はできるけど』",283活动剧情,海へ出るつもりじゃなかったし,第1话-タック用意
283活动剧情/海へ出るつもりじゃなかったし/第1话-タック用意.csv,80,4001032020510,円香,『助かる』,283活动剧情,海へ出るつもりじゃなかったし,第1话-タック用意
283活动剧情/海へ出るつもりじゃなかったし/第1话-タック用意.csv,89,4001032020560,円香,『はい』,283活动剧情,海へ出るつもりじゃなかったし,第1话-タック用意
283活动剧情/海へ出るつもりじゃなかったし/第1话-タック用意.csv,94,4001032020590,円香,…………,283活动剧情,海へ出るつもりじゃなかったし,第1话-タック用意
283活动剧情/海へ出るつもりじゃなかったし/第1话-タック用意.csv,102,4001032020640,円香,"アイドル同士で大玉転がし……
──降板が出た分の数合わせでしょ",283活动剧情,海へ出るつもりじゃなかったし,第1话-タック用意
283活动剧情/海へ出るつもりじゃなかったし/第1话-タック用意.csv,122,4001032020710,円香,『……』,283活动剧情,海へ出るつもりじゃなかったし,第1话-タック用意
283活动剧情/海へ出るつもりじゃなかったし/第1话-タック用意.csv,126,4001032020730,円香,……,283活动剧情,海へ出るつもりじゃなかったし,第1话-タック用意
283活动剧情/海へ出るつもりじゃなかったし/第1话-タック用意.csv,127,4001032020740,円香,ま、いいや,283活动剧情,海へ出るつもりじゃなかったし,第1话-タック用意
283活动剧情/海へ出るつもりじゃなかったし/第2话-風のない夜.csv,10,4001032030060,円香,…………,283活动剧情,海へ出るつもりじゃなかったし,第2话-風のない夜
283活动剧情/海へ出るつもりじゃなかったし/第2话-風のない夜.csv,13,4001032030090,円香,…………,283活动剧情,海へ出るつもりじゃなかったし,第2话-風のない夜
283活动剧情/海へ出るつもりじゃなかったし/第2话-風のない夜.csv,14,4001032030100,円香,……手伝う？　掃除,283活动剧情,海へ出るつもりじゃなかったし,第2话-風のない夜
283活动剧情/海へ出るつもりじゃなかったし/第2话-風のない夜.csv,17,4001032030130,円香,……,283活动剧情,海へ出るつもりじゃなかったし,第2话-風のない夜
283活动剧情/海へ出るつもりじゃなかったし/第2话-風のない夜.csv,19,4001032030150,円香,"……すす払いするって
追い出されただけ",283活动剧情,海へ出るつもりじゃなかったし,第2话-風のない夜
283活动剧情/海へ出るつもりじゃなかったし/第2话-風のない夜.csv,21,4001032030170,円香,何したらいい？,283活动剧情,海へ出るつもりじゃなかったし,第2话-風のない夜
283活动剧情/海へ出るつもりじゃなかったし/第2话-風のない夜.csv,23,4001032030190,円香,"……
それ手伝う",283活动剧情,海へ出るつもりじゃなかったし,第2话-風のない夜
283活动剧情/海へ出るつもりじゃなかったし/第2话-風のない夜.csv,25,4001032030210,円香,"本、あいうえお順に並べてるんでしょ
……それが掃除になるのか知らないけど",283活动剧情,海へ出るつもりじゃなかったし,第2话-風のない夜
283活动剧情/海へ出るつもりじゃなかったし/第2话-風のない夜.csv,28,4001032030240,円香,並べてる説明になってない,283活动剧情,海へ出るつもりじゃなかったし,第2话-風のない夜
283活动剧情/海へ出るつもりじゃなかったし/第2话-風のない夜.csv,30,4001032030260,円香,……,283活动剧情,海へ出るつもりじゃなかったし,第2话-風のない夜
283活动剧情/海へ出るつもりじゃなかったし/第2话-風のない夜.csv,33,4001032030290,円香,……50音順じゃなくなる,283活动剧情,海へ出るつもりじゃなかったし,第2话-風のない夜
283活动剧情/海へ出るつもりじゃなかったし/第2话-風のない夜.csv,35,4001032030300,円香,"何、こいつ
うるさい",283活动剧情,海へ出るつもりじゃなかったし,第2话-風のない夜
283活动剧情/海へ出るつもりじゃなかったし/第2话-風のない夜.csv,37,4001032030320,円香,"……あ、初詣の前に、
一回、家に戻るから────",283活动剧情,海へ出るつもりじゃなかったし,第2话-風のない夜
283活动剧情/海へ出るつもりじゃなかったし/第2话-風のない夜.csv,62,4001032030500,円香,"大丈夫
108回越えても、つかせてもらえる",283活动剧情,海へ出るつもりじゃなかったし,第2话-風のない夜
283活动剧情/海へ出るつもりじゃなかったし/第2话-風のない夜.csv,68,4001032030560,円香,ああ,283活动剧情,海へ出るつもりじゃなかったし,第2话-風のない夜
283活动剧情/海へ出るつもりじゃなかったし/第2话-風のない夜.csv,71,4001032030590,円香,──普段だったら、出歩けないからね,283活动剧情,海へ出るつもりじゃなかったし,第2话-風のない夜
283活动剧情/海へ出るつもりじゃなかったし/第2话-風のない夜.csv,84,4001032030720,円香,……,283活动剧情,海へ出るつもりじゃなかったし,第2话-風のない夜
283活动剧情/海へ出るつもりじゃなかったし/第2话-風のない夜.csv,85,4001032030730,円香,車、通らないのはいいかもね,283活动剧情,海へ出るつもりじゃなかったし,第2话-風のない夜
283活动剧情/海へ出るつもりじゃなかったし/第2话-風のない夜.csv,91,4001032030790,円香,ええ……,283活动剧情,海へ出るつもりじゃなかったし,第2话-風のない夜
283活动剧情/海へ出るつもりじゃなかったし/第2话-風のない夜.csv,93,4001032030810,円香,すごく悪目立ちする,283活动剧情,海へ出るつもりじゃなかったし,第2话-風のない夜
283活动剧情/海へ出るつもりじゃなかったし/第2话-風のない夜.csv,99,4001032030860,円香,ういうい,283活动剧情,海へ出るつもりじゃなかったし,第2话-風のない夜
283活动剧情/海へ出るつもりじゃなかったし/第2话-風のない夜.csv,106,4001032030920,円香,"こんばんはって
言いそびれた",283活动剧情,海へ出るつもりじゃなかったし,第2话-風のない夜
283活动剧情/海へ出るつもりじゃなかったし/第2话-風のない夜.csv,110,4001032030960,円香,……おとといのやつ,283活动剧情,海へ出るつもりじゃなかったし,第2话-風のない夜
283活动剧情/海へ出るつもりじゃなかったし/第2话-風のない夜.csv,117,4001032031030,円香,"急なオファーだし、
適当な扱いされて終わると思うけど",283活动剧情,海へ出るつもりじゃなかったし,第2话-風のない夜
283活动剧情/海へ出るつもりじゃなかったし/第2话-風のない夜.csv,121,4001032031070,円香,"返事しないといけないからでしょ
期日、明日",283活动剧情,海へ出るつもりじゃなかったし,第2话-風のない夜
283活动剧情/海へ出るつもりじゃなかったし/第2话-風のない夜.csv,124,4001032031100,円香,で、どうする,283活动剧情,海へ出るつもりじゃなかったし,第2话-風のない夜
283活动剧情/海へ出るつもりじゃなかったし/第2话-風のない夜.csv,131,4001032031150,円香,ん,283活动剧情,海へ出るつもりじゃなかったし,第2话-風のない夜
283活动剧情/海へ出るつもりじゃなかったし/第2话-風のない夜.csv,138,4001032031220,円香,"年明け最初の
仕事でもあるけど",283活动剧情,海へ出るつもりじゃなかったし,第2话-風のない夜
283活动剧情/海へ出るつもりじゃなかったし/第2话-風のない夜.csv,140,4001032031240,円香,"──
12時になる",283活动剧情,海へ出るつもりじゃなかったし,第2话-風のない夜
283活动剧情/海へ出るつもりじゃなかったし/第2话-風のない夜.csv,148,4001032031320,円香,特別な感じになる,283活动剧情,海へ出るつもりじゃなかったし,第2话-風のない夜
283活动剧情/海へ出るつもりじゃなかったし/第2话-風のない夜.csv,159,4001032031430,円香,"……
２、１────",283活动剧情,海へ出るつもりじゃなかったし,第2话-風のない夜
283活动剧情/海へ出るつもりじゃなかったし/第2话-風のない夜.csv,165,4001032031480,円香,おめでとう,283活动剧情,海へ出るつもりじゃなかったし,第2话-風のない夜
283活动剧情/海へ出るつもりじゃなかったし/第2话-風のない夜.csv,172,4001032031550,円香,ニューイエー,283活动剧情,海へ出るつもりじゃなかったし,第2话-風のない夜
283活动剧情/海へ出るつもりじゃなかったし/第3话-口笛.csv,56,4001032040420,円香,"──じゃ
今回断るってチェインしないとね",283活动剧情,海へ出るつもりじゃなかったし,第3话-口笛
283活动剧情/海へ出るつもりじゃなかったし/第3话-口笛.csv,65,4001032040510,円香,……,283活动剧情,海へ出るつもりじゃなかったし,第3话-口笛
283活动剧情/海へ出るつもりじゃなかったし/第3话-口笛.csv,66,4001032040520,円香,正論じゃない、浅倉,283活动剧情,海へ出るつもりじゃなかったし,第3话-口笛
283活动剧情/海へ出るつもりじゃなかったし/第3话-口笛.csv,73,4001032040560,円香,年賀状出しに,283活动剧情,海へ出るつもりじゃなかったし,第3话-口笛
283活动剧情/海へ出るつもりじゃなかったし/第3话-口笛.csv,75,4001032040570,円香,"そうだけど
頼まれたから",283活动剧情,海へ出るつもりじゃなかったし,第3话-口笛
283活动剧情/海へ出るつもりじゃなかったし/第3话-口笛.csv,77,4001032040580,円香,"いい、洗ったばっかりでしょ
散歩ついでに行ってくるから",283活动剧情,海へ出るつもりじゃなかったし,第3话-口笛
283活动剧情/海へ出るつもりじゃなかったし/第3话-口笛.csv,79,4001032040590,円香,ふうん,283活动剧情,海へ出るつもりじゃなかったし,第3话-口笛
283活动剧情/海へ出るつもりじゃなかったし/第3话-口笛.csv,80,4001032040600,円香,暇なんじゃない,283活动剧情,海へ出るつもりじゃなかったし,第3话-口笛
283活动剧情/海へ出るつもりじゃなかったし/第3话-口笛.csv,81,4001032040610,円香,じゃ、いってくる,283活动剧情,海へ出るつもりじゃなかったし,第3话-口笛
283活动剧情/海へ出るつもりじゃなかったし/第3话-口笛.csv,82,4001032040620,円香,────,283活动剧情,海へ出るつもりじゃなかったし,第3话-口笛
283活动剧情/海へ出るつもりじゃなかったし/第3话-口笛.csv,87,4001032040670,円香,期限守ってるから、待たせてないけどね,283活动剧情,海へ出るつもりじゃなかったし,第3话-口笛
283活动剧情/海へ出るつもりじゃなかったし/第3话-口笛.csv,94,4001032040740,円香,"頼む方が下じゃない
知らないけど",283活动剧情,海へ出るつもりじゃなかったし,第3话-口笛
283活动剧情/海へ出るつもりじゃなかったし/第3话-口笛.csv,99,4001032040780,円香,そこが変なんじゃない？,283活动剧情,海へ出るつもりじゃなかったし,第3话-口笛
283活动剧情/海へ出るつもりじゃなかったし/第3话-口笛.csv,104,4001032040830,円香,それ、もうちょっと丁寧な感じで,283活动剧情,海へ出るつもりじゃなかったし,第3话-口笛
283活动剧情/海へ出るつもりじゃなかったし/第3话-口笛.csv,109,4001032040880,円香,いいんじゃない,283活动剧情,海へ出るつもりじゃなかったし,第3话-口笛
283活动剧情/海へ出るつもりじゃなかったし/第3话-口笛.csv,115,4001032040940,円香,────,283活动剧情,海へ出るつもりじゃなかったし,第3话-口笛
283活动剧情/海へ出るつもりじゃなかったし/第3话-口笛.csv,127,4001032040990,円香,『はい』,283活动剧情,海へ出るつもりじゃなかったし,第3话-口笛
283活动剧情/海へ出るつもりじゃなかったし/第3话-口笛.csv,131,4001032041030,円香,……,283活动剧情,海へ出るつもりじゃなかったし,第3话-口笛
283活动剧情/海へ出るつもりじゃなかったし/第3话-口笛.csv,132,4001032041040,円香,……いい天気,283活动剧情,海へ出るつもりじゃなかったし,第3话-口笛
283活动剧情/海へ出るつもりじゃなかったし/第3话-口笛.csv,133,4001032041050,円香,"暇だね
浅倉",283活动剧情,海へ出るつもりじゃなかったし,第3话-口笛
283活动剧情/海へ出るつもりじゃなかったし/第4话-汽水域にて.csv,22,0000000000000,円香,『はい』,283活动剧情,海へ出るつもりじゃなかったし,第4话-汽水域にて
283活动剧情/海へ出るつもりじゃなかったし/第4话-汽水域にて.csv,39,4001032050250,円香,────いってきます,283活动剧情,海へ出るつもりじゃなかったし,第4话-汽水域にて
283活动剧情/海へ出るつもりじゃなかったし/第4话-汽水域にて.csv,42,4001032050260,円香,"……出かけるっていうか
散歩",283活动剧情,海へ出るつもりじゃなかったし,第4话-汽水域にて
283活动剧情/海へ出るつもりじゃなかったし/第4话-汽水域にて.csv,43,4001032050270,円香,暇だから,283活动剧情,海へ出るつもりじゃなかったし,第4话-汽水域にて
283活动剧情/海へ出るつもりじゃなかったし/第4话-汽水域にて.csv,45,4001032050280,円香,……散歩だから,283活动剧情,海へ出るつもりじゃなかったし,第4话-汽水域にて
283活动剧情/海へ出るつもりじゃなかったし/第4话-汽水域にて.csv,47,4001032050290,円香,ん,283活动剧情,海へ出るつもりじゃなかったし,第4话-汽水域にて
283活动剧情/海へ出るつもりじゃなかったし/第4话-汽水域にて.csv,48,4001032050300,円香,──なんか買ってくるけど、いらない？,283活动剧情,海へ出るつもりじゃなかったし,第4话-汽水域にて
283活动剧情/海へ出るつもりじゃなかったし/第4话-汽水域にて.csv,76,4001032050390,円香,……あ、お願いします,283活动剧情,海へ出るつもりじゃなかったし,第4话-汽水域にて
283活动剧情/海へ出るつもりじゃなかったし/第4话-汽水域にて.csv,78,4001032050400,円香,────,283活动剧情,海へ出るつもりじゃなかったし,第4话-汽水域にて
283活动剧情/海へ出るつもりじゃなかったし/第4话-汽水域にて.csv,80,4001032050410,円香,はい……,283活动剧情,海へ出るつもりじゃなかったし,第4话-汽水域にて
283活动剧情/海へ出るつもりじゃなかったし/第4话-汽水域にて.csv,81,4001032050420,円香,────あ……,283活动剧情,海へ出るつもりじゃなかったし,第4话-汽水域にて
283活动剧情/海へ出るつもりじゃなかったし/第4话-汽水域にて.csv,83,4001032050430,円香,…………,283活动剧情,海へ出るつもりじゃなかったし,第4话-汽水域にて
283活动剧情/海へ出るつもりじゃなかったし/第4话-汽水域にて.csv,109,4001032050510,円香,"……
親戚か",283活动剧情,海へ出るつもりじゃなかったし,第4话-汽水域にて
283活动剧情/海へ出るつもりじゃなかったし/第4话-汽水域にて.csv,110,4001032050520,円香,ただいまー……,283活动剧情,海へ出るつもりじゃなかったし,第4话-汽水域にて
283活动剧情/海へ出るつもりじゃなかったし/第4话-汽水域にて.csv,111,4001032050530,円香,ハンバーガー買ってきた,283活动剧情,海へ出るつもりじゃなかったし,第4话-汽水域にて
283活动剧情/海へ出るつもりじゃなかったし/第4话-汽水域にて.csv,114,4001032050540,円香,うん,283活动剧情,海へ出るつもりじゃなかったし,第4话-汽水域にて
283活动剧情/海へ出るつもりじゃなかったし/第4话-汽水域にて.csv,117,4001032050550,円香,お母さんの分もあるけど,283活动剧情,海へ出るつもりじゃなかったし,第4话-汽水域にて
283活动剧情/海へ出るつもりじゃなかったし/第4话-汽水域にて.csv,119,4001032050560,円香,ん,283活动剧情,海へ出るつもりじゃなかったし,第4话-汽水域にて
283活动剧情/海へ出るつもりじゃなかったし/第4话-汽水域にて.csv,130,4001032050620,円香,……２、１────,283活动剧情,海へ出るつもりじゃなかったし,第4话-汽水域にて
283活动剧情/海へ出るつもりじゃなかったし/第5话-ココア・説教・ミジンコ.csv,14,4001032060130,円香,まだいたの,283活动剧情,海へ出るつもりじゃなかったし,第5话-ココア・説教・ミジンコ
283活动剧情/海へ出るつもりじゃなかったし/第5话-ココア・説教・ミジンコ.csv,18,4001032060170,円香,"……
来なかったかもしれないけど",283活动剧情,海へ出るつもりじゃなかったし,第5话-ココア・説教・ミジンコ
283活动剧情/海へ出るつもりじゃなかったし/第5话-ココア・説教・ミジンコ.csv,21,4001032060200,円香,ん,283活动剧情,海へ出るつもりじゃなかったし,第5话-ココア・説教・ミジンコ
283活动剧情/海へ出るつもりじゃなかったし/第5话-ココア・説教・ミジンコ.csv,37,4001032060360,円香,"生物のテスト？
誰が",283活动剧情,海へ出るつもりじゃなかったし,第5话-ココア・説教・ミジンコ
283活动剧情/海へ出るつもりじゃなかったし/第5话-ココア・説教・ミジンコ.csv,40,4001032060390,円香,"へぇ
で？",283活动剧情,海へ出るつもりじゃなかったし,第5话-ココア・説教・ミジンコ
283活动剧情/海へ出るつもりじゃなかったし/第5话-ココア・説教・ミジンコ.csv,42,4001032060410,円香,……,283活动剧情,海へ出るつもりじゃなかったし,第5话-ココア・説教・ミジンコ
283活动剧情/海へ出るつもりじゃなかったし/第5话-ココア・説教・ミジンコ.csv,44,4001032060430,円香,さぁ、見てないし,283活动剧情,海へ出るつもりじゃなかったし,第5话-ココア・説教・ミジンコ
283活动剧情/海へ出るつもりじゃなかったし/第5话-ココア・説教・ミジンコ.csv,47,4001032060460,円香,"私たちも、
たらたら歩いてるからね",283活动剧情,海へ出るつもりじゃなかったし,第5话-ココア・説教・ミジンコ
283活动剧情/海へ出るつもりじゃなかったし/第5话-ココア・説教・ミジンコ.csv,56,4001032060550,円香,……,283活动剧情,海へ出るつもりじゃなかったし,第5话-ココア・説教・ミジンコ
283活动剧情/海へ出るつもりじゃなかったし/第5话-ココア・説教・ミジンコ.csv,58,4001032060570,円香,うん,283活动剧情,海へ出るつもりじゃなかったし,第5话-ココア・説教・ミジンコ
283活动剧情/海へ出るつもりじゃなかったし/第5话-ココア・説教・ミジンコ.csv,67,4001032060640,円香,ココア、冷めにくいから,283活动剧情,海へ出るつもりじゃなかったし,第5话-ココア・説教・ミジンコ
283活动剧情/海へ出るつもりじゃなかったし/第5话-ココア・説教・ミジンコ.csv,69,4001032060660,円香,……止まって飲む？,283活动剧情,海へ出るつもりじゃなかったし,第5话-ココア・説教・ミジンコ
283活动剧情/海へ出るつもりじゃなかったし/第5话-ココア・説教・ミジンコ.csv,71,4001032060680,円香,"時間ないけど
ま、小糸と雛菜だから……",283活动剧情,海へ出るつもりじゃなかったし,第5话-ココア・説教・ミジンコ
283活动剧情/海へ出るつもりじゃなかったし/第5话-ココア・説教・ミジンコ.csv,74,4001032060710,円香,慌てて飲みたくない,283活动剧情,海へ出るつもりじゃなかったし,第5话-ココア・説教・ミジンコ
283活动剧情/海へ出るつもりじゃなかったし/第5话-ココア・説教・ミジンコ.csv,84,4001032060790,円香,ちょ……いきなり止まらないで,283活动剧情,海へ出るつもりじゃなかったし,第5话-ココア・説教・ミジンコ
283活动剧情/海へ出るつもりじゃなかったし/第5话-ココア・説教・ミジンコ.csv,95,4001032060850,円香,……,283活动剧情,海へ出るつもりじゃなかったし,第5话-ココア・説教・ミジンコ
283活动剧情/海へ出るつもりじゃなかったし/第5话-ココア・説教・ミジンコ.csv,98,4001032060870,円香,……はい,283活动剧情,海へ出るつもりじゃなかったし,第5话-ココア・説教・ミジンコ
283活动剧情/海へ出るつもりじゃなかったし/第5话-ココア・説教・ミジンコ.csv,101,4001032060890,円香,……,283活动剧情,海へ出るつもりじゃなかったし,第5话-ココア・説教・ミジンコ
283活动剧情/海へ出るつもりじゃなかったし/第5话-ココア・説教・ミジンコ.csv,111,4001032060930,円香,……,283活动剧情,海へ出るつもりじゃなかったし,第5话-ココア・説教・ミジンコ
283活动剧情/海へ出るつもりじゃなかったし/第5话-ココア・説教・ミジンコ.csv,115,4001032060950,円香,……負けた時点でフレームからも消える,283活动剧情,海へ出るつもりじゃなかったし,第5话-ココア・説教・ミジンコ
283活动剧情/海へ出るつもりじゃなかったし/第5话-ココア・説教・ミジンコ.csv,125,4001032061010,円香,……私も大丈夫です,283活动剧情,海へ出るつもりじゃなかったし,第5话-ココア・説教・ミジンコ
283活动剧情/海へ出るつもりじゃなかったし/第5话-ココア・説教・ミジンコ.csv,136,4001032061070,円香,……あの条件のこと？,283活动剧情,海へ出るつもりじゃなかったし,第5话-ココア・説教・ミジンコ
283活动剧情/海へ出るつもりじゃなかったし/第5话-ココア・説教・ミジンコ.csv,139,4001032061090,円香,"……
優勝ね……",283活动剧情,海へ出るつもりじゃなかったし,第5话-ココア・説教・ミジンコ
283活动剧情/海へ出るつもりじゃなかったし/第5话-ココア・説教・ミジンコ.csv,145,4001032061140,円香,説教したいんでしょ,283活动剧情,海へ出るつもりじゃなかったし,第5话-ココア・説教・ミジンコ
283活动剧情/海へ出るつもりじゃなかったし/第5话-ココア・説教・ミジンコ.csv,146,4001032061150,円香,"努力しろとか
ちゃんと考えて仕事しろとか",283活动剧情,海へ出るつもりじゃなかったし,第5话-ココア・説教・ミジンコ
283活动剧情/海へ出るつもりじゃなかったし/第5话-ココア・説教・ミジンコ.csv,147,4001032061160,円香,ココア飲んでたらたら遅刻してんじゃない、とか,283活动剧情,海へ出るつもりじゃなかったし,第5话-ココア・説教・ミジンコ
283活动剧情/海へ出るつもりじゃなかったし/第5话-ココア・説教・ミジンコ.csv,149,4001032061180,円香,"小糸にじゃない
……こっちに言いたいこと",283活动剧情,海へ出るつもりじゃなかったし,第5话-ココア・説教・ミジンコ
283活动剧情/海へ出るつもりじゃなかったし/第5话-ココア・説教・ミジンコ.csv,153,4001032061220,円香,"塗るっていうか
切っとかないと危ない",283活动剧情,海へ出るつもりじゃなかったし,第5话-ココア・説教・ミジンコ
283活动剧情/海へ出るつもりじゃなかったし/第5话-ココア・説教・ミジンコ.csv,155,4001032061240,円香,下でも、騎馬組むでしょ,283活动剧情,海へ出るつもりじゃなかったし,第5话-ココア・説教・ミジンコ
283活动剧情/海へ出るつもりじゃなかったし/第5话-ココア・説教・ミジンコ.csv,160,4001032061290,円香,"……なんか飲む
待って",283活动剧情,海へ出るつもりじゃなかったし,第5话-ココア・説教・ミジンコ
283活动剧情/海へ出るつもりじゃなかったし/第5话-ココア・説教・ミジンコ.csv,163,4001032061320,円香,そっちは？　いいの,283活动剧情,海へ出るつもりじゃなかったし,第5话-ココア・説教・ミジンコ
283活动剧情/海へ出るつもりじゃなかったし/第5话-ココア・説教・ミジンコ.csv,166,4001032061350,円香,────あつ……,283活动剧情,海へ出るつもりじゃなかったし,第5话-ココア・説教・ミジンコ
283活动剧情/海へ出るつもりじゃなかったし/第5话-ココア・説教・ミジンコ.csv,168,4001032061370,円香,いい,283活动剧情,海へ出るつもりじゃなかったし,第5话-ココア・説教・ミジンコ
283活动剧情/海へ出るつもりじゃなかったし/第5话-ココア・説教・ミジンコ.csv,169,4001032061380,円香,────ったく、簡単に,283活动剧情,海へ出るつもりじゃなかったし,第5话-ココア・説教・ミジンコ
283活动剧情/海へ出るつもりじゃなかったし/第5话-ココア・説教・ミジンコ.csv,171,4001032061400,円香,優勝するとか、簡単に言いすぎ,283活动剧情,海へ出るつもりじゃなかったし,第5话-ココア・説教・ミジンコ
283活动剧情/海へ出るつもりじゃなかったし/第5话-ココア・説教・ミジンコ.csv,173,4001032061420,円香,"べつに
出たかった？",283活动剧情,海へ出るつもりじゃなかったし,第5话-ココア・説教・ミジンコ
283活动剧情/海へ出るつもりじゃなかったし/第5话-ココア・説教・ミジンコ.csv,176,4001032061450,円香,まあね,283活动剧情,海へ出るつもりじゃなかったし,第5话-ココア・説教・ミジンコ
283活动剧情/海へ出るつもりじゃなかったし/第5话-ココア・説教・ミジンコ.csv,177,4001032061460,円香,…………,283活动剧情,海へ出るつもりじゃなかったし,第5话-ココア・説教・ミジンコ
283活动剧情/海へ出るつもりじゃなかったし/第5话-ココア・説教・ミジンコ.csv,178,4001032061470,円香,"するっていうなら、
優勝はする",283活动剧情,海へ出るつもりじゃなかったし,第5话-ココア・説教・ミジンコ
283活动剧情/海へ出るつもりじゃなかったし/第5话-ココア・説教・ミジンコ.csv,181,4001032061500,円香,……は────,283活动剧情,海へ出るつもりじゃなかったし,第5话-ココア・説教・ミジンコ
283活动剧情/海へ出るつもりじゃなかったし/第5话-ココア・説教・ミジンコ.csv,184,4001032061530,円香,……,283活动剧情,海へ出るつもりじゃなかったし,第5话-ココア・説教・ミジンコ
283活动剧情/海へ出るつもりじゃなかったし/第5话-ココア・説教・ミジンコ.csv,186,4001032061550,円香,ん,283活动剧情,海へ出るつもりじゃなかったし,第5话-ココア・説教・ミジンコ
283活动剧情/海へ出るつもりじゃなかったし/第5话-ココア・説教・ミジンコ.csv,187,4001032061560,円香,────…………,283活动剧情,海へ出るつもりじゃなかったし,第5话-ココア・説教・ミジンコ
283活动剧情/海へ出るつもりじゃなかったし/第6话-あけの星に口づけ.csv,5,4001032070040,円香,じゃあ、浅倉と私,283活动剧情,海へ出るつもりじゃなかったし,第6话-あけの星に口づけ
283活动剧情/海へ出るつもりじゃなかったし/第6话-あけの星に口づけ.csv,16,4001032070120,円香,ちゃんとやってね,283活动剧情,海へ出るつもりじゃなかったし,第6话-あけの星に口づけ
283活动剧情/海へ出るつもりじゃなかったし/第6话-あけの星に口づけ.csv,18,4001032070140,円香,なぜ、優勝なんですか,283活动剧情,海へ出るつもりじゃなかったし,第6话-あけの星に口づけ
283活动剧情/海へ出るつもりじゃなかったし/第6话-あけの星に口づけ.csv,22,4001032070160,円香,"小糸、足かけて
──せーので立ち上がる",283活动剧情,海へ出るつもりじゃなかったし,第6话-あけの星に口づけ
283活动剧情/海へ出るつもりじゃなかったし/第6话-あけの星に口づけ.csv,23,4001032070170,円香,せーの────,283活动剧情,海へ出るつもりじゃなかったし,第6话-あけの星に口づけ
283活动剧情/海へ出るつもりじゃなかったし/第6话-あけの星に口づけ.csv,27,4001032070210,円香,……,283活动剧情,海へ出るつもりじゃなかったし,第6话-あけの星に口づけ
283活动剧情/海へ出るつもりじゃなかったし/第6话-あけの星に口づけ.csv,39,4001032070320,円香,"いい
遠慮してたらやられる",283活动剧情,海へ出るつもりじゃなかったし,第6话-あけの星に口づけ
283活动剧情/海へ出るつもりじゃなかったし/第6话-あけの星に口づけ.csv,44,4001032070360,円香,できなかったら反省文？,283活动剧情,海へ出るつもりじゃなかったし,第6话-あけの星に口づけ
283活动剧情/海へ出るつもりじゃなかったし/第6话-あけの星に口づけ.csv,53,4001032070430,円香,はいはい,283活动剧情,海へ出るつもりじゃなかったし,第6话-あけの星に口づけ
283活动剧情/海へ出るつもりじゃなかったし/第6话-あけの星に口づけ.csv,60,4001032070490,円香,"行く方向と、
走るか歩くかくらいは言って",283活动剧情,海へ出るつもりじゃなかったし,第6话-あけの星に口づけ
283活动剧情/海へ出るつもりじゃなかったし/第6话-あけの星に口づけ.csv,65,4001032070540,円香,"ん
いい、いい",283活动剧情,海へ出るつもりじゃなかったし,第6话-あけの星に口づけ
283活动剧情/海へ出るつもりじゃなかったし/第6话-あけの星に口づけ.csv,66,4001032070550,円香,"優勝するって言わなきゃ
出られないんでしょ",283活动剧情,海へ出るつもりじゃなかったし,第6话-あけの星に口づけ
283活动剧情/海へ出るつもりじゃなかったし/第6话-あけの星に口づけ.csv,72,4001032070610,円香,行くよ、小糸,283活动剧情,海へ出るつもりじゃなかったし,第6话-あけの星に口づけ
283活动剧情/海へ出るつもりじゃなかったし/第6话-あけの星に口づけ.csv,76,4001032070630,円香,雛菜にちゃんとつかまって,283活动剧情,海へ出るつもりじゃなかったし,第6话-あけの星に口づけ
283活动剧情/海へ出るつもりじゃなかったし/第6话-あけの星に口づけ.csv,86,4001032070730,円香,壁まで行ったら、右に曲がって,283活动剧情,海へ出るつもりじゃなかったし,第6话-あけの星に口づけ
283活动剧情/海へ出るつもりじゃなかったし/第6话-あけの星に口づけ.csv,91,4001032070780,円香,帽子取るイメージ,283活动剧情,海へ出るつもりじゃなかったし,第6话-あけの星に口づけ
283活动剧情/海へ出るつもりじゃなかったし/第6话-あけの星に口づけ.csv,107,4001032070900,円香,"さぁ……
居残りっていっても、宿題終わらせるだけだから",283活动剧情,海へ出るつもりじゃなかったし,第6话-あけの星に口づけ
283活动剧情/海へ出るつもりじゃなかったし/第6话-あけの星に口づけ.csv,108,4001032070910,円香,…………────,283活动剧情,海へ出るつもりじゃなかったし,第6话-あけの星に口づけ
283活动剧情/海へ出るつもりじゃなかったし/第6话-あけの星に口づけ.csv,110,4001032070930,円香,"そうだね
大掃除で出てきたっぽい",283活动剧情,海へ出るつもりじゃなかったし,第6话-あけの星に口づけ
283活动剧情/海へ出るつもりじゃなかったし/第6话-あけの星に口づけ.csv,112,4001032070950,円香,ん……,283活动剧情,海へ出るつもりじゃなかったし,第6话-あけの星に口づけ
283活动剧情/海へ出るつもりじゃなかったし/第6话-あけの星に口づけ.csv,113,4001032070960,円香,見る？,283活动剧情,海へ出るつもりじゃなかったし,第6话-あけの星に口づけ
283活动剧情/海へ出るつもりじゃなかったし/第6话-あけの星に口づけ.csv,115,4001032070980,円香,ちゃんと読んでたわけじゃないから,283活动剧情,海へ出るつもりじゃなかったし,第6话-あけの星に口づけ
283活动剧情/海へ出るつもりじゃなかったし/第6话-あけの星に口づけ.csv,117,4001032071000,円香,"……みたいね
きょうだい４人が、ヨットで冒険してる",283活动剧情,海へ出るつもりじゃなかったし,第6话-あけの星に口づけ
283活动剧情/海へ出るつもりじゃなかったし/第6话-あけの星に口づけ.csv,121,4001032071030,円香,"ううん
避暑で田舎に来て……湖の島でキャンプしてる",283活动剧情,海へ出るつもりじゃなかったし,第6话-あけの星に口づけ
283活动剧情/海へ出るつもりじゃなかったし/第6话-あけの星に口づけ.csv,122,4001032071040,円香,"魚釣ったり、泳いだり、
たき火で料理したりとか",283活动剧情,海へ出るつもりじゃなかったし,第6话-あけの星に口づけ
283活动剧情/海へ出るつもりじゃなかったし/第6话-あけの星に口づけ.csv,124,4001032071060,円香,そうだね,283活动剧情,海へ出るつもりじゃなかったし,第6话-あけの星に口づけ
283活动剧情/海へ出るつもりじゃなかったし/第6话-あけの星に口づけ.csv,126,4001032071080,円香,────でも、この子たちには海に見えてる,283活动剧情,海へ出るつもりじゃなかったし,第6话-あけの星に口づけ
283活动剧情/海へ出るつもりじゃなかったし/第6话-あけの星に口づけ.csv,128,4001032071100,円香,"お互いのこと、航海士みたいに呼び合って……
どこかの海で、海賊と戦ってるつもりになってる",283活动剧情,海へ出るつもりじゃなかったし,第6话-あけの星に口づけ
283活动剧情/海へ出るつもりじゃなかったし/第6话-あけの星に口づけ.csv,133,4001032071140,円香,……ん？,283活动剧情,海へ出るつもりじゃなかったし,第6话-あけの星に口づけ
283活动剧情/海へ出るつもりじゃなかったし/第6话-あけの星に口づけ.csv,137,4001032071170,円香,"同じだね
アイドルごっこして",283活动剧情,海へ出るつもりじゃなかったし,第6话-あけの星に口づけ
283活动剧情/海へ出るつもりじゃなかったし/第6话-あけの星に口づけ.csv,139,4001032071190,円香,ほんとは、湖なのにね,283活动剧情,海へ出るつもりじゃなかったし,第6话-あけの星に口づけ
283活动剧情/海へ出るつもりじゃなかったし/第6话-あけの星に口づけ.csv,142,4001032071220,円香,…………でも,283活动剧情,海へ出るつもりじゃなかったし,第6话-あけの星に口づけ
283活动剧情/海へ出るつもりじゃなかったし/第6话-あけの星に口づけ.csv,145,4001032071250,円香,海を知らないわけじゃない,283活动剧情,海へ出るつもりじゃなかったし,第6话-あけの星に口づけ
283活动剧情/海へ出るつもりじゃなかったし/第6话-あけの星に口づけ.csv,151,4001032071291,円香＆小糸,…………？,283活动剧情,海へ出るつもりじゃなかったし,第6话-あけの星に口づけ
283活动剧情/海へ出るつもりじゃなかったし/第6话-あけの星に口づけ.csv,155,4001032071330,円香,そんなすぐ覚えるの,283活动剧情,海へ出るつもりじゃなかったし,第6话-あけの星に口づけ
283活动剧情/海へ出るつもりじゃなかったし/第6话-あけの星に口づけ.csv,160,4001032071370,円香,……,283活动剧情,海へ出るつもりじゃなかったし,第6话-あけの星に口づけ
283活动剧情/海へ出るつもりじゃなかったし/第6话-あけの星に口づけ.csv,162,4001032071390,円香,飲み物、もらってくる,283活动剧情,海へ出るつもりじゃなかったし,第6话-あけの星に口づけ
283活动剧情/海へ出るつもりじゃなかったし/终章-うみを盗んだやつら.csv,10,4001032080050,円香,私たち以外はね,283活动剧情,海へ出るつもりじゃなかったし,终章-うみを盗んだやつら
283活动剧情/海へ出るつもりじゃなかったし/终章-うみを盗んだやつら.csv,17,4001032080090,円香,……浅倉,283活动剧情,海へ出るつもりじゃなかったし,终章-うみを盗んだやつら
283活动剧情/海へ出るつもりじゃなかったし/终章-うみを盗んだやつら.csv,24,4001032080140,円香,"……外、出よう
もうリハーサル始まる",283活动剧情,海へ出るつもりじゃなかったし,终章-うみを盗んだやつら
283活动剧情/海へ出るつもりじゃなかったし/终章-うみを盗んだやつら.csv,46,4001032080240,円香,……,283活动剧情,海へ出るつもりじゃなかったし,终章-うみを盗んだやつら
283活动剧情/海へ出るつもりじゃなかったし/终章-うみを盗んだやつら.csv,58,4001032080341,透＆円香,うん……！,283活动剧情,海へ出るつもりじゃなかったし,终章-うみを盗んだやつら
283活动剧情/海へ出るつもりじゃなかったし/终章-うみを盗んだやつら.csv,60,4001032080360,円香,……左も来た,283活动剧情,海へ出るつもりじゃなかったし,终章-うみを盗んだやつら
283活动剧情/海へ出るつもりじゃなかったし/终章-うみを盗んだやつら.csv,70,4001032080420,円香,距離、とってたのに,283活动剧情,海へ出るつもりじゃなかったし,终章-うみを盗んだやつら
283活动剧情/海へ出るつもりじゃなかったし/终章-うみを盗んだやつら.csv,84,4001032080440,円香,"……それはわからない
作戦が悪いのかも",283活动剧情,海へ出るつもりじゃなかったし,终章-うみを盗んだやつら
283活动剧情/海へ出るつもりじゃなかったし/终章-うみを盗んだやつら.csv,91,4001032080470,円香,リハーサルだから、何,283活动剧情,海へ出るつもりじゃなかったし,终章-うみを盗んだやつら
283活动剧情/海へ出るつもりじゃなかったし/终章-うみを盗んだやつら.csv,94,4001032080500,円香,……,283活动剧情,海へ出るつもりじゃなかったし,终章-うみを盗んだやつら
283活动剧情/海へ出るつもりじゃなかったし/终章-うみを盗んだやつら.csv,110,4001032080570,円香,なるほどね,283活动剧情,海へ出るつもりじゃなかったし,终章-うみを盗んだやつら
283活动剧情/海へ出るつもりじゃなかったし/终章-うみを盗んだやつら.csv,113,4001032080600,円香,……ふっ,283活动剧情,海へ出るつもりじゃなかったし,终章-うみを盗んだやつら
283活动剧情/海へ出るつもりじゃなかったし/终章-うみを盗んだやつら.csv,114,4001032080610,円香,何しに来たアイドルなの、私たち……,283活动剧情,海へ出るつもりじゃなかったし,终章-うみを盗んだやつら
283活动剧情/海へ出るつもりじゃなかったし/终章-うみを盗んだやつら.csv,128,4001032080690,円香,"──あっちの、
機材の近くに退避でいいんじゃない",283活动剧情,海へ出るつもりじゃなかったし,终章-うみを盗んだやつら
283活动剧情/海へ出るつもりじゃなかったし/终章-うみを盗んだやつら.csv,131,4001032080720,円香,小糸、大丈夫？,283活动剧情,海へ出るつもりじゃなかったし,终章-うみを盗んだやつら
283活动剧情/海へ出るつもりじゃなかったし/终章-うみを盗んだやつら.csv,135,4001032080760,円香,じゃあ、適当にうろうろして,283活动剧情,海へ出るつもりじゃなかったし,终章-うみを盗んだやつら
283活动剧情/海へ出るつもりじゃなかったし/终章-うみを盗んだやつら.csv,139,4001032080800,円香,じゃ、せーの────,283活动剧情,海へ出るつもりじゃなかったし,终章-うみを盗んだやつら
283活动剧情/海へ出るつもりじゃなかったし/终章-うみを盗んだやつら.csv,142,4001032080830,円香,"ん
雛菜",283活动剧情,海へ出るつもりじゃなかったし,终章-うみを盗んだやつら
283活动剧情/海へ出るつもりじゃなかったし/终章-うみを盗んだやつら.csv,148,4001032080880,円香,真っ直ぐ！　走る,283活动剧情,海へ出るつもりじゃなかったし,终章-うみを盗んだやつら
283活动剧情/海へ出るつもりじゃなかったし/终章-うみを盗んだやつら.csv,154,4001032080900,円香,狙われてたんだ、あの人,283活动剧情,海へ出るつもりじゃなかったし,终章-うみを盗んだやつら
283活动剧情/海へ出るつもりじゃなかったし/终章-うみを盗んだやつら.csv,158,4001032080920,円香,"────どうする
どっちかがどっちかを攻めれば、加勢だろうけど",283活动剧情,海へ出るつもりじゃなかったし,终章-うみを盗んだやつら
283活动剧情/海へ出るつもりじゃなかったし/终章-うみを盗んだやつら.csv,167,4001032081010,円香,……,283活动剧情,海へ出るつもりじゃなかったし,终章-うみを盗んだやつら
283活动剧情/海へ出るつもりじゃなかったし/终章-うみを盗んだやつら.csv,168,4001032081020,円香,あのふたつも、背、高そうだけど,283活动剧情,海へ出るつもりじゃなかったし,终章-うみを盗んだやつら
283活动剧情/海へ出るつもりじゃなかったし/终章-うみを盗んだやつら.csv,178,4001032081110,円香,当然、そう,283活动剧情,海へ出るつもりじゃなかったし,终章-うみを盗んだやつら
283活动剧情/海へ出るつもりじゃなかったし/终章-うみを盗んだやつら.csv,188,4001032081210,円香,いつ？,283活动剧情,海へ出るつもりじゃなかったし,终章-うみを盗んだやつら
283活动剧情/海へ出るつもりじゃなかったし/终章-うみを盗んだやつら.csv,194,4001032081270,円香,"小糸は？
すごく揺れるんじゃない",283活动剧情,海へ出るつもりじゃなかったし,终章-うみを盗んだやつら
283活动剧情/海へ出るつもりじゃなかったし/终章-うみを盗んだやつら.csv,197,4001032081300,円香,……もう、なんでもありか,283活动剧情,海へ出るつもりじゃなかったし,终章-うみを盗んだやつら
283活动剧情/海へ出るつもりじゃなかったし/终章-うみを盗んだやつら.csv,205,4001032081351,円香＆小糸＆雛菜,──────,283活动剧情,海へ出るつもりじゃなかったし,终章-うみを盗んだやつら
283活动剧情/海へ出るつもりじゃなかったし/终章-うみを盗んだやつら.csv,218,4001032081420,円香,どこか寄る？,283活动剧情,海へ出るつもりじゃなかったし,终章-うみを盗んだやつら
283活动剧情/海へ出るつもりじゃなかったし/终章-うみを盗んだやつら.csv,219,4001032081430,円香,あんまりそういう気分じゃないけど,283活动剧情,海へ出るつもりじゃなかったし,终章-うみを盗んだやつら
283活动剧情/海へ出るつもりじゃなかったし/终章-うみを盗んだやつら.csv,226,4001032081500,円香,……,283活动剧情,海へ出るつもりじゃなかったし,终章-うみを盗んだやつら
283活动剧情/海へ出るつもりじゃなかったし/终章-うみを盗んだやつら.csv,227,4001032081510,円香,"終わったね
正月",283活动剧情,海へ出るつもりじゃなかったし,终章-うみを盗んだやつら
283活动剧情/海へ出るつもりじゃなかったし/终章-うみを盗んだやつら.csv,230,4001032081540,円香,……もう言った,283活动剧情,海へ出るつもりじゃなかったし,终章-うみを盗んだやつら
283活动剧情/海へ出るつもりじゃなかったし/终章-うみを盗んだやつら.csv,233,4001032081570,円香,うん,283活动剧情,海へ出るつもりじゃなかったし,终章-うみを盗んだやつら
283活动剧情/海へ出るつもりじゃなかったし/终章-うみを盗んだやつら.csv,234,4001032081580,円香,年が始まる,283活动剧情,海へ出るつもりじゃなかったし,终章-うみを盗んだやつら
283活动剧情/海へ出るつもりじゃなかったし/终章-うみを盗んだやつら.csv,238,4001032081620,円香,"知らない
正月が終わったから",283活动剧情,海へ出るつもりじゃなかったし,终章-うみを盗んだやつら
283活动剧情/海へ出るつもりじゃなかったし/终章-うみを盗んだやつら.csv,246,4001032081690,円香,"あんなの
それらしいこと言ってるだけ",283活动剧情,海へ出るつもりじゃなかったし,终章-うみを盗んだやつら
283活动剧情/海へ出るつもりじゃなかったし/终章-うみを盗んだやつら.csv,256,4001032081790,円香,"行こう
すごく寒い",283活动剧情,海へ出るつもりじゃなかったし,终章-うみを盗んだやつら
283活动剧情/海へ出るつもりじゃなかったし/终章-うみを盗んだやつら.csv,263,4001032081860,円香,うるさい、何,283活动剧情,海へ出るつもりじゃなかったし,终章-うみを盗んだやつら
283活动剧情/海へ出るつもりじゃなかったし/终章-うみを盗んだやつら.csv,274,4001032081970,円香,"うるさい
来ないけど",283活动剧情,海へ出るつもりじゃなかったし,终章-うみを盗んだやつら
283活动剧情/海へ出るつもりじゃなかったし/终章-うみを盗んだやつら.csv,275,4001032081980,円香,────♪,283活动剧情,海へ出るつもりじゃなかったし,终章-うみを盗んだやつら
市川雛菜/【CR-EAT-I❤N】市川雛菜/YKS.csv,16,3023009010150,円香,……,市川雛菜,【CR-EAT-I❤N】市川雛菜,YKS
市川雛菜/【CR-EAT-I❤N】市川雛菜/YKS.csv,45,3023009010400,円香,……,市川雛菜,【CR-EAT-I❤N】市川雛菜,YKS
市川雛菜/【CR-EAT-I❤N】市川雛菜/YKS.csv,50,3023009010450,円香,どっちでもいい,市川雛菜,【CR-EAT-I❤N】市川雛菜,YKS
市川雛菜/【CR-EAT-I❤N】市川雛菜/gRA AAAA aar.csv,45,3023009020440,円香,"……
何やってるの",市川雛菜,【CR-EAT-I❤N】市川雛菜,gRA AAAA aar
市川雛菜/【CR-EAT-I❤N】市川雛菜/gRA AAAA aar.csv,48,3023009020470,円香,……話が見えないんだけど,市川雛菜,【CR-EAT-I❤N】市川雛菜,gRA AAAA aar
市川雛菜/【CR-EAT-I❤N】市川雛菜/gRA AAAA aar.csv,50,3023009020490,円香,……,市川雛菜,【CR-EAT-I❤N】市川雛菜,gRA AAAA aar
市川雛菜/【CR-EAT-I❤N】市川雛菜/gRA AAAA aar.csv,52,3023009020510,円香,……手伝うって、何を,市川雛菜,【CR-EAT-I❤N】市川雛菜,gRA AAAA aar
市川雛菜/【CR-EAT-I❤N】市川雛菜/gRA AAAA aar.csv,56,3023009020550,円香,……,市川雛菜,【CR-EAT-I❤N】市川雛菜,gRA AAAA aar
市川雛菜/【CR-EAT-I❤N】市川雛菜/gRA AAAA aar.csv,58,3023009020570,円香,了解,市川雛菜,【CR-EAT-I❤N】市川雛菜,gRA AAAA aar
市川雛菜/【CR-EAT-I❤N】市川雛菜/gRA AAAA aar.csv,60,3023009020590,円香,……小糸はそっち,市川雛菜,【CR-EAT-I❤N】市川雛菜,gRA AAAA aar
市川雛菜/【CR-EAT-I❤N】市川雛菜/gRA AAAA aar.csv,64,3023009020630,円香,"……小糸
雛菜に食らいつけ",市川雛菜,【CR-EAT-I❤N】市川雛菜,gRA AAAA aar
市川雛菜/【CR-EAT-I❤N】市川雛菜/gRA AAAA aar.csv,66,3023009020650,円香,横向いて口開けて、大きく,市川雛菜,【CR-EAT-I❤N】市川雛菜,gRA AAAA aar
市川雛菜/【CR-EAT-I❤N】市川雛菜/gRA AAAA aar.csv,70,3023009020690,円香,小糸怪獣、ゴー,市川雛菜,【CR-EAT-I❤N】市川雛菜,gRA AAAA aar
市川雛菜/【DIVEIN!】市川雛菜/▽POOL.csv,13,3023007010070,円香,"……はい
ありがとうございます",市川雛菜,【DIVEIN!】市川雛菜,▽POOL
市川雛菜/【DIVEIN!】市川雛菜/▽POOL.csv,20,3023007010140,円香,……じゃ、もう行ける？,市川雛菜,【DIVEIN!】市川雛菜,▽POOL
市川雛菜/【DIVEIN!】市川雛菜/▽POOL.csv,23,3023007010170,円香,いないみたい,市川雛菜,【DIVEIN!】市川雛菜,▽POOL
市川雛菜/【DIVEIN!】市川雛菜/▽POOL.csv,28,3023007010220,円香,じゃ、小糸はやめとく？,市川雛菜,【DIVEIN!】市川雛菜,▽POOL
市川雛菜/【DIVEIN!】市川雛菜/▽POOL.csv,32,3023007010260,円香,…………,市川雛菜,【DIVEIN!】市川雛菜,▽POOL
市川雛菜/【DIVEIN!】市川雛菜/▽POOL.csv,41,3023007010330,円香,さあね,市川雛菜,【DIVEIN!】市川雛菜,▽POOL
市川雛菜/【DIVEIN!】市川雛菜/▽POOL.csv,53,3023007010450,円香,それなら早く終わらせて帰ろう,市川雛菜,【DIVEIN!】市川雛菜,▽POOL
市川雛菜/【DIVEIN!】市川雛菜/▽POOL.csv,55,3023007010470,円香,ふうん,市川雛菜,【DIVEIN!】市川雛菜,▽POOL
市川雛菜/【LaLa ! Bitter】市川雛菜/Bitter：Honey.csv,12,3023010020110,円香,……サイダー,市川雛菜,【LaLa ! Bitter】市川雛菜,Bitter：Honey
市川雛菜/【LaLa ! Bitter】市川雛菜/Bitter：Honey.csv,15,3023010020140,円香,……ん,市川雛菜,【LaLa ! Bitter】市川雛菜,Bitter：Honey
市川雛菜/【LaLa ! Bitter】市川雛菜/Bitter：Honey.csv,21,3023010020190,円香,…………,市川雛菜,【LaLa ! Bitter】市川雛菜,Bitter：Honey
市川雛菜/【LaLa ! Bitter】市川雛菜/Bitter：Honey.csv,28,3023010020260,円香,自業自得,市川雛菜,【LaLa ! Bitter】市川雛菜,Bitter：Honey
市川雛菜/【LaLa ! Bitter】市川雛菜/Bitter：Honey.csv,34,3023010020320,円香,…………,市川雛菜,【LaLa ! Bitter】市川雛菜,Bitter：Honey
市川雛菜/【LaLa ! Bitter】市川雛菜/Bitter：Honey.csv,35,3023010020330,円香,……シュガー,市川雛菜,【LaLa ! Bitter】市川雛菜,Bitter：Honey
市川雛菜/【LaLa ! Bitter】市川雛菜/Bitter：Honey.csv,45,3023010020430,円香,ある意味新作,市川雛菜,【LaLa ! Bitter】市川雛菜,Bitter：Honey
市川雛菜/【LaLa ! Bitter】市川雛菜/RuRuLa♡latté.csv,15,3023010010140,円香,………………,市川雛菜,【LaLa ! Bitter】市川雛菜,RuRuLa♡latté
市川雛菜/【LaLa ! Bitter】市川雛菜/RuRuLa♡latté.csv,17,3023010010160,円香,別に……新作があるなと思っただけ,市川雛菜,【LaLa ! Bitter】市川雛菜,RuRuLa♡latté
市川雛菜/【LaLa ! Bitter】市川雛菜/RuRuLa♡latté.csv,19,3023010010180,円香,これ、このラテ,市川雛菜,【LaLa ! Bitter】市川雛菜,RuRuLa♡latté
市川雛菜/【LaLa ! Bitter】市川雛菜/RuRuLa♡latté.csv,21,3023010010200,円香,…………,市川雛菜,【LaLa ! Bitter】市川雛菜,RuRuLa♡latté
市川雛菜/【LaLa ! Bitter】市川雛菜/RuRuLa♡latté.csv,22,3023010010210,円香,レモンティーでいいや,市川雛菜,【LaLa ! Bitter】市川雛菜,RuRuLa♡latté
市川雛菜/【LaLa ! Bitter】市川雛菜/RuRuLa♡latté.csv,24,3023010010230,円香,新作かどうかはどうでもいい,市川雛菜,【LaLa ! Bitter】市川雛菜,RuRuLa♡latté
市川雛菜/【LaLa ! Bitter】市川雛菜/RuRuLa♡latté.csv,30,3023010010290,円香,好きにすれば,市川雛菜,【LaLa ! Bitter】市川雛菜,RuRuLa♡latté
市川雛菜/【LaLa ! Bitter】市川雛菜/RuRuLa♡latté.csv,34,3023010010330,円香,ん,市川雛菜,【LaLa ! Bitter】市川雛菜,RuRuLa♡latté
市川雛菜/【LaLa ! Bitter】市川雛菜/RuRuLa♡latté.csv,47,3023010010460,円香,"ようかんラテとか
おしるこラテとか",市川雛菜,【LaLa ! Bitter】市川雛菜,RuRuLa♡latté
市川雛菜/【LaLa ! Bitter】市川雛菜/RuRuLa♡latté.csv,49,3023010010480,円香,知らん,市川雛菜,【LaLa ! Bitter】市川雛菜,RuRuLa♡latté
市川雛菜/【MY：♡ur Castle】市川雛菜/1.mycastle.csv,16,3023012010100,円香,……雛菜,市川雛菜,【MY：♡ur Castle】市川雛菜,1.mycastle
市川雛菜/【MY：♡ur Castle】市川雛菜/1.mycastle.csv,19,3023012010130,円香,"そこのチラシ見てたけど
部屋でも探してるの？",市川雛菜,【MY：♡ur Castle】市川雛菜,1.mycastle
市川雛菜/【MY：♡ur Castle】市川雛菜/1.mycastle.csv,22,3023012010160,円香,"ああ……あれね
私も去年、同じことやった",市川雛菜,【MY：♡ur Castle】市川雛菜,1.mycastle
市川雛菜/【MY：♡ur Castle】市川雛菜/1.mycastle.csv,25,3023012010190,円香,は？,市川雛菜,【MY：♡ur Castle】市川雛菜,1.mycastle
市川雛菜/【MY：♡ur Castle】市川雛菜/1.mycastle.csv,26,3023012010200,円香,急に聞かれても……そんなの、考えたことない,市川雛菜,【MY：♡ur Castle】市川雛菜,1.mycastle
市川雛菜/【MY：♡ur Castle】市川雛菜/1.mycastle.csv,30,3023012010240,円香,"機能性に欠ける
クローゼットはひとつでいいでしょ",市川雛菜,【MY：♡ur Castle】市川雛菜,1.mycastle
市川雛菜/【MY：♡ur Castle】市川雛菜/1.mycastle.csv,33,3023012010270,円香,"……まあ
想像するだけなら自由",市川雛菜,【MY：♡ur Castle】市川雛菜,1.mycastle
市川雛菜/【MY：♡ur Castle】市川雛菜/1.mycastle.csv,35,3023012010290,円香,"……住むのに困らない広さで
清潔で、セキュリティが充実してる",市川雛菜,【MY：♡ur Castle】市川雛菜,1.mycastle
市川雛菜/【MY：♡ur Castle】市川雛菜/1.mycastle.csv,37,3023012010310,円香,"広すぎても持て余すし
平均より少し広いくらいでいいんじゃない？",市川雛菜,【MY：♡ur Castle】市川雛菜,1.mycastle
市川雛菜/【MY：♡ur Castle】市川雛菜/1.mycastle.csv,38,3023012010320,円香,"ひとり暮らしの荷物なんて
たかが知れてるんだから",市川雛菜,【MY：♡ur Castle】市川雛菜,1.mycastle
市川雛菜/【MY：♡ur Castle】市川雛菜/1.mycastle.csv,40,3023012010340,円香,住めれば上等,市川雛菜,【MY：♡ur Castle】市川雛菜,1.mycastle
市川雛菜/【MY：♡ur Castle】市川雛菜/1.mycastle.csv,42,3023012010360,円香,"……違うって思ったなら
参考になったんじゃない？",市川雛菜,【MY：♡ur Castle】市川雛菜,1.mycastle
市川雛菜/【MY：♡ur Castle】市川雛菜/1.mycastle.csv,45,3023012010390,円香,……ない,市川雛菜,【MY：♡ur Castle】市川雛菜,1.mycastle
市川雛菜/【MY：♡ur Castle】市川雛菜/1.mycastle.csv,47,3023012010410,円香,"家賃とか、設備とか、駅近とか
そういう────",市川雛菜,【MY：♡ur Castle】市川雛菜,1.mycastle
市川雛菜/【MY：♡ur Castle】市川雛菜/1.mycastle.csv,48,3023012010420,円香,……いや、もう帰る,市川雛菜,【MY：♡ur Castle】市川雛菜,1.mycastle
市川雛菜/【MY：♡ur Castle】市川雛菜/1.mycastle.csv,51,3023012010450,円香,"はいはい
建てたらね",市川雛菜,【MY：♡ur Castle】市川雛菜,1.mycastle
市川雛菜/【PEEPS! 】市川雛菜/Me rom pan.csv,5,3023003020040,円香,…………,市川雛菜,【PEEPS! 】市川雛菜,Me rom pan
市川雛菜/【PEEPS! 】市川雛菜/Me rom pan.csv,35,3023003020360,円香,………………,市川雛菜,【PEEPS! 】市川雛菜,Me rom pan
市川雛菜/【PEEPS! 】市川雛菜/Me rom pan.csv,36,3023003020370,円香,……盛り上がってるけど,市川雛菜,【PEEPS! 】市川雛菜,Me rom pan
市川雛菜/【PEEPS! 】市川雛菜/Me rom pan.csv,37,3023003020380,円香,"委員会の連絡事項
伝えに来てただけだから",市川雛菜,【PEEPS! 】市川雛菜,Me rom pan
市川雛菜/【PEEPS! 】市川雛菜/Me rom pan.csv,40,3023003020410,円香,…………,市川雛菜,【PEEPS! 】市川雛菜,Me rom pan
市川雛菜/【PEEPS! 】市川雛菜/Me rom pan.csv,41,3023003020420,円香,"勝手に覗いて
勝手にがっかりしないでくれる？",市川雛菜,【PEEPS! 】市川雛菜,Me rom pan
市川雛菜/【PEEPS! 】市川雛菜/Me rom pan.csv,57,3023003020580,円香,………………,市川雛菜,【PEEPS! 】市川雛菜,Me rom pan
市川雛菜/【PEEPS! 】市川雛菜/Un pan.csv,49,3023003010480,円香,──何が？,市川雛菜,【PEEPS! 】市川雛菜,Un pan
市川雛菜/【PEEPS! 】市川雛菜/Un pan.csv,53,3023003010520,円香,……悪趣味,市川雛菜,【PEEPS! 】市川雛菜,Un pan
市川雛菜/【PEEPS! 】市川雛菜/Un pan.csv,56,3023003010550,円香,………………,市川雛菜,【PEEPS! 】市川雛菜,Un pan
市川雛菜/【PEEPS! 】市川雛菜/Un pan.csv,57,3023003010560,円香,"くだらないことしてないで
教室戻ったら？",市川雛菜,【PEEPS! 】市川雛菜,Un pan
市川雛菜/【PEEPS! 】市川雛菜/Un pan.csv,58,3023003010570,円香,もう昼休み終わるんじゃない？,市川雛菜,【PEEPS! 】市川雛菜,Un pan
市川雛菜/【ROOKIE!】市川雛菜/LPP.csv,32,3023004020310,円香,"──ここ、
２年のフロアだけど",市川雛菜,【ROOKIE!】市川雛菜,LPP
市川雛菜/【ROOKIE!】市川雛菜/LPP.csv,33,3023004020320,円香,何してるの？,市川雛菜,【ROOKIE!】市川雛菜,LPP
市川雛菜/【ROOKIE!】市川雛菜/LPP.csv,37,3023004020360,円香,購買行ったけど、何,市川雛菜,【ROOKIE!】市川雛菜,LPP
市川雛菜/【ROOKIE!】市川雛菜/LPP.csv,40,3023004020390,円香,…………,市川雛菜,【ROOKIE!】市川雛菜,LPP
市川雛菜/【ROOKIE!】市川雛菜/LPP.csv,42,3023004020410,円香,……好きにすれば,市川雛菜,【ROOKIE!】市川雛菜,LPP
市川雛菜/【ROOKIE!】市川雛菜/LPP.csv,45,3023004020440,円香,……はぁ,市川雛菜,【ROOKIE!】市川雛菜,LPP
市川雛菜/【ROOKIE!】市川雛菜/LPP.csv,48,3023004020470,円香,"は？
何──……",市川雛菜,【ROOKIE!】市川雛菜,LPP
市川雛菜/【ROOKIE!】市川雛菜/Run4it.csv,8,3023004030070,円香,……雛菜うるさい,市川雛菜,【ROOKIE!】市川雛菜,Run4it
市川雛菜/【ROOKIE!】市川雛菜/Run4it.csv,9,3023004030080,円香,何？　迷惑なんだけど,市川雛菜,【ROOKIE!】市川雛菜,Run4it
市川雛菜/【ROOKIE!】市川雛菜/Run4it.csv,13,3023004030120,円香,……で,市川雛菜,【ROOKIE!】市川雛菜,Run4it
市川雛菜/【ROOKIE!】市川雛菜/Run4it.csv,14,3023004030130,円香,小糸連れて、何の用？,市川雛菜,【ROOKIE!】市川雛菜,Run4it
市川雛菜/【ROOKIE!】市川雛菜/Run4it.csv,21,3023004030200,円香,"……帰る方向一緒なんだから
嫌でもそうなるでしょ",市川雛菜,【ROOKIE!】市川雛菜,Run4it
市川雛菜/【ROOKIE!】市川雛菜/Run4it.csv,44,3023004030410,円香,……はぁ,市川雛菜,【ROOKIE!】市川雛菜,Run4it
市川雛菜/【ROOKIE!】市川雛菜/Run4it.csv,50,3023004030470,円香,………………,市川雛菜,【ROOKIE!】市川雛菜,Run4it
市川雛菜/【ROOKIE!】市川雛菜/Run4it.csv,51,3023004030480,円香,……ほんと馬鹿,市川雛菜,【ROOKIE!】市川雛菜,Run4it
市川雛菜/【ReBIRTH】市川雛菜/00__03_hospital.csv,8,3023005010060,円香,さあ,市川雛菜,【ReBIRTH】市川雛菜,00__03_hospital
市川雛菜/【ReBIRTH】市川雛菜/00__03_hospital.csv,11,3023005010090,円香,"小糸反対
……こっちだから",市川雛菜,【ReBIRTH】市川雛菜,00__03_hospital
市川雛菜/【ReBIRTH】市川雛菜/00__03_hospital.csv,13,3023005010110,円香,いいんじゃない？　知らないけど,市川雛菜,【ReBIRTH】市川雛菜,00__03_hospital
市川雛菜/【ReBIRTH】市川雛菜/00__03_hospital.csv,19,3023005010170,円香,…………,市川雛菜,【ReBIRTH】市川雛菜,00__03_hospital
市川雛菜/【ReBIRTH】市川雛菜/00__03_hospital.csv,28,3023005010260,円香,"……
何……？",市川雛菜,【ReBIRTH】市川雛菜,00__03_hospital
市川雛菜/【ReBIRTH】市川雛菜/00__03_hospital.csv,35,3023005010330,円香,…………小糸？,市川雛菜,【ReBIRTH】市川雛菜,00__03_hospital
市川雛菜/【ReBIRTH】市川雛菜/00__03_hospital.csv,36,3023005010340,円香,…………小糸いなくない？,市川雛菜,【ReBIRTH】市川雛菜,00__03_hospital
市川雛菜/【ReBIRTH】市川雛菜/00__03_hospital.csv,41,3023005010390,円香,これ、探さないとダメなやつ？,市川雛菜,【ReBIRTH】市川雛菜,00__03_hospital
市川雛菜/【ReBIRTH】市川雛菜/00__03_hospital.csv,50,3023005010480,円香,いる,市川雛菜,【ReBIRTH】市川雛菜,00__03_hospital
市川雛菜/【ReBIRTH】市川雛菜/00__03_hospital.csv,52,3023005010500,円香,……テンション高,市川雛菜,【ReBIRTH】市川雛菜,00__03_hospital
市川雛菜/【ReBIRTH】市川雛菜/00__03_hospital.csv,54,3023005010520,円香,あ？,市川雛菜,【ReBIRTH】市川雛菜,00__03_hospital
市川雛菜/【ReBIRTH】市川雛菜/00__03_hospital.csv,56,3023005010540,円香,ノーサンキュー,市川雛菜,【ReBIRTH】市川雛菜,00__03_hospital
市川雛菜/【ReBIRTH】市川雛菜/00__03_hospital.csv,59,3023005010570,円香,…………もういい,市川雛菜,【ReBIRTH】市川雛菜,00__03_hospital
市川雛菜/【ReBIRTH】市川雛菜/01_hallway.csv,50,3023005020490,円香,"…………今
なんか声、しなかった？",市川雛菜,【ReBIRTH】市川雛菜,01_hallway
市川雛菜/【ReBIRTH】市川雛菜/01_hallway.csv,53,3023005020520,円香,"…………
浅倉、足元",市川雛菜,【ReBIRTH】市川雛菜,01_hallway
市川雛菜/【ReBIRTH】市川雛菜/01_hallway.csv,56,3023005020550,円香,落とし物……？,市川雛菜,【ReBIRTH】市川雛菜,01_hallway
市川雛菜/【ReBIRTH】市川雛菜/01_hallway.csv,58,3023005020570,円香,"…………
さっきの、小糸たち？",市川雛菜,【ReBIRTH】市川雛菜,01_hallway
市川雛菜/【ReBIRTH】市川雛菜/01_hallway.csv,60,3023005020590,円香,……電話する,市川雛菜,【ReBIRTH】市川雛菜,01_hallway
市川雛菜/【ReBIRTH】市川雛菜/02_invitation.csv,12,3023005030110,円香,"そこ左で突きあたりの部屋の
ロッカー開けて",市川雛菜,【ReBIRTH】市川雛菜,02_invitation
市川雛菜/【ReBIRTH】市川雛菜/02_invitation.csv,14,3023005030130,円香,"この間実況動画で見た
浅倉と",市川雛菜,【ReBIRTH】市川雛菜,02_invitation
市川雛菜/【ReBIRTH】市川雛菜/02_invitation.csv,21,3023005030200,円香,"……実況動画の人は
簡単そうにやってたけど",市川雛菜,【ReBIRTH】市川雛菜,02_invitation
市川雛菜/【ReBIRTH】市川雛菜/02_invitation.csv,22,3023005030210,円香,"前に進む操作も精一杯じゃ
クリアは難しいかもね",市川雛菜,【ReBIRTH】市川雛菜,02_invitation
市川雛菜/【ReBIRTH】市川雛菜/02_invitation.csv,30,3023005030290,円香,今そっち行ったら間違いなくやられるけど,市川雛菜,【ReBIRTH】市川雛菜,02_invitation
市川雛菜/【ReBIRTH】市川雛菜/02_invitation.csv,37,3023005030360,円香,"小糸、どいて
そこにいられると邪魔",市川雛菜,【ReBIRTH】市川雛菜,02_invitation
市川雛菜/【THE W♡ＲＬＤ】市川雛菜/4tune.csv,42,3023008010240,円香,"は？
占い？",市川雛菜,【THE W♡ＲＬＤ】市川雛菜,4tune
市川雛菜/【THE W♡ＲＬＤ】市川雛菜/4tune.csv,43,3023008010250,円香,当たるの？　それ,市川雛菜,【THE W♡ＲＬＤ】市川雛菜,4tune
市川雛菜/【THE W♡ＲＬＤ】市川雛菜/turn！.csv,30,3023008020160,円香,イエー,市川雛菜,【THE W♡ＲＬＤ】市川雛菜,turn！
市川雛菜/【THE W♡ＲＬＤ】市川雛菜/turn！.csv,45,3023008020270,円香,お邪魔します,市川雛菜,【THE W♡ＲＬＤ】市川雛菜,turn！
市川雛菜/【THE W♡ＲＬＤ】市川雛菜/turn！.csv,51,3023008020310,円香,並んでるとこね,市川雛菜,【THE W♡ＲＬＤ】市川雛菜,turn！
市川雛菜/【THE W♡ＲＬＤ】市川雛菜/turn！.csv,57,3023008020340,円香,ありがとうございます,市川雛菜,【THE W♡ＲＬＤ】市川雛菜,turn！
市川雛菜/【great on U】市川雛菜/your best♡ .csv,11,3023015010050,円香,あの、テーマについてお伺いしても？,市川雛菜,【great on U】市川雛菜,your best♡ 
市川雛菜/【sa!l】市川雛菜/【sa!l】市川雛菜01.csv,2,3023013010010,円香,とりあえず、着替えたけど……,市川雛菜,【sa!l】市川雛菜,【sa!l】市川雛菜01
市川雛菜/【sa!l】市川雛菜/【sa!l】市川雛菜01.csv,4,3023013010030,円香,"……こんな状態で
帰ることになるなんて",市川雛菜,【sa!l】市川雛菜,【sa!l】市川雛菜01
市川雛菜/【sa!l】市川雛菜/【sa!l】市川雛菜01.csv,11,3023013010100,円香,問題ない,市川雛菜,【sa!l】市川雛菜,【sa!l】市川雛菜01
市川雛菜/【sa!l】市川雛菜/【sa!l】市川雛菜01.csv,15,3023013010140,円香,小糸号、発進,市川雛菜,【sa!l】市川雛菜,【sa!l】市川雛菜01
市川雛菜/【sa!l】市川雛菜/【sa!l】市川雛菜01.csv,18,3023013010160,円香,傘、壊れちゃったんでしょ？,市川雛菜,【sa!l】市川雛菜,【sa!l】市川雛菜01
市川雛菜/【sa!l】市川雛菜/【sa!l】市川雛菜01.csv,21,3023013010190,円香,"最後、浅倉が傘を使って返した後
しまおうとしたらポッキリだって",市川雛菜,【sa!l】市川雛菜,【sa!l】市川雛菜01
市川雛菜/【sa!l】市川雛菜/【sa!l】市川雛菜01.csv,23,3023013010210,円香,"そもそも
あの中を傘差して走れば、そりゃ壊れる",市川雛菜,【sa!l】市川雛菜,【sa!l】市川雛菜01
市川雛菜/【sa!l】市川雛菜/【sa!l】市川雛菜01.csv,31,3023013010290,円香,"じゃ、次も同じようなことがあった時
傘に入れてもらう代として",市川雛菜,【sa!l】市川雛菜,【sa!l】市川雛菜01
市川雛菜/【sa!l】市川雛菜/【sa!l】市川雛菜01.csv,37,3023013010350,円香,"うちらで出すなら
わりとしっかりした傘が買えるんじゃない",市川雛菜,【sa!l】市川雛菜,【sa!l】市川雛菜01
市川雛菜/【sa!l】市川雛菜/【sa!l】市川雛菜01.csv,39,3023013010370,円香,小糸の希望は？,市川雛菜,【sa!l】市川雛菜,【sa!l】市川雛菜01
市川雛菜/【sa!l】市川雛菜/【sa!l】市川雛菜01.csv,43,3023013010401,円香＆雛菜,ん,市川雛菜,【sa!l】市川雛菜,【sa!l】市川雛菜01
市川雛菜/【sa!l】市川雛菜/【sa!l】市川雛菜01.csv,44,3023013010410,円香,いつ行く？,市川雛菜,【sa!l】市川雛菜,【sa!l】市川雛菜01
市川雛菜/【sa!l】市川雛菜/【sa!l】市川雛菜01.csv,47,3023013010440,円香,却下、だるい,市川雛菜,【sa!l】市川雛菜,【sa!l】市川雛菜01
市川雛菜/【sa!l】市川雛菜/【sa!l】市川雛菜01.csv,52,3023013010490,円香,……それなら,市川雛菜,【sa!l】市川雛菜,【sa!l】市川雛菜01
市川雛菜/【spare☆☆☆☆time】市川雛菜/exam：before.csv,32,0000000000000,円香,…………,市川雛菜,【spare☆☆☆☆time】市川雛菜,exam：before
市川雛菜/【spare☆☆☆☆time】市川雛菜/exam：before.csv,41,3023011010370,円香,いい,市川雛菜,【spare☆☆☆☆time】市川雛菜,exam：before
市川雛菜/【spare☆☆☆☆time】市川雛菜/exam：before.csv,42,3023011010380,円香,"それより寒い……
私は先に行くから",市川雛菜,【spare☆☆☆☆time】市川雛菜,exam：before
市川雛菜/【spare☆☆☆☆time】市川雛菜/exam：before.csv,51,3023011010420,円香,"滅相もない
帰宅部のたわむれ",市川雛菜,【spare☆☆☆☆time】市川雛菜,exam：before
市川雛菜/【spare☆☆☆☆time】市川雛菜/exam：over.csv,2,3023011030010,円香,さむ,市川雛菜,【spare☆☆☆☆time】市川雛菜,exam：over
市川雛菜/【spare☆☆☆☆time】市川雛菜/exam：over.csv,6,3023011030050,円香,"タイツ履いてても今日は無理
寒すぎ",市川雛菜,【spare☆☆☆☆time】市川雛菜,exam：over
市川雛菜/【spare☆☆☆☆time】市川雛菜/exam：over.csv,29,3023011030250,円香,"適当に
パスとかシュートとか、そんな感じの",市川雛菜,【spare☆☆☆☆time】市川雛菜,exam：over
市川雛菜/【spare☆☆☆☆time】市川雛菜/exam：over.csv,42,3023011030380,円香,"ジャージあるなら
履いてくれば",市川雛菜,【spare☆☆☆☆time】市川雛菜,exam：over
市川雛菜/【spare☆☆☆☆time】市川雛菜/exam：over.csv,45,3023011030410,円香,別に何も,市川雛菜,【spare☆☆☆☆time】市川雛菜,exam：over
市川雛菜/【spare☆☆☆☆time】市川雛菜/exam：over.csv,48,3023011030440,円香,起きれば、とりあえず,市川雛菜,【spare☆☆☆☆time】市川雛菜,exam：over
市川雛菜/【spare☆☆☆☆time】市川雛菜/exam：over.csv,62,3023011030520,円香,行くよ、邪魔になるから,市川雛菜,【spare☆☆☆☆time】市川雛菜,exam：over
市川雛菜/【♡like】市川雛菜/PICTURE.csv,17,3023006010160,円香,ま、とりあえず無事終了ってことで,市川雛菜,【♡like】市川雛菜,PICTURE
市川雛菜/【♡like】市川雛菜/PICTURE.csv,18,3023006010170,円香,"次があるなら、
ユニットでやってもいいんじゃない",市川雛菜,【♡like】市川雛菜,PICTURE
市川雛菜/【♡like】市川雛菜/PICTURE.csv,35,3023006010340,円香,ん……,市川雛菜,【♡like】市川雛菜,PICTURE
市川雛菜/【２８３プロのヒナ】市川雛菜/produce_events_302300201.csv,27,3023002010260,円香,…………,市川雛菜,【２８３プロのヒナ】市川雛菜,produce_events_302300201
市川雛菜/【２８３プロのヒナ】市川雛菜/produce_events_302300201.csv,28,3023002010270,円香,……はぁ,市川雛菜,【２８３プロのヒナ】市川雛菜,produce_events_302300201
市川雛菜/【２８３プロのヒナ】市川雛菜/produce_events_302300201.csv,29,3023002010280,円香,……ほんと、内容ゼロの会話,市川雛菜,【２８３プロのヒナ】市川雛菜,produce_events_302300201
市川雛菜/【２８３プロのヒナ】市川雛菜/produce_events_302300201.csv,32,3023002010310,円香,……雛菜が来るより前からいたけど,市川雛菜,【２８３プロのヒナ】市川雛菜,produce_events_302300201
市川雛菜/【２８３プロのヒナ】市川雛菜/produce_events_302300201.csv,35,3023002010340,円香,"別に
雛菜の視野が狭くても私は困らないから",市川雛菜,【２８３プロのヒナ】市川雛菜,produce_events_302300201
市川雛菜/【２８３プロのヒナ】市川雛菜/produce_events_302300201.csv,37,3023002010360,円香,"その『今、気付いた』みたいな言い方、笑う
普通に昔からそうでしょ",市川雛菜,【２８３プロのヒナ】市川雛菜,produce_events_302300201
市川雛菜/【２８３プロのヒナ】市川雛菜/produce_events_302300201.csv,41,3023002010400,円香,…………,市川雛菜,【２８３プロのヒナ】市川雛菜,produce_events_302300201
市川雛菜/【２８３プロのヒナ】市川雛菜/produce_events_302300201.csv,44,3023002010430,円香,ちょっと、小糸は……,市川雛菜,【２８３プロのヒナ】市川雛菜,produce_events_302300201
市川雛菜/【２８３プロのヒナ】市川雛菜/produce_events_302300201.csv,47,3023002010460,円香,……はぁ……,市川雛菜,【２８３プロのヒナ】市川雛菜,produce_events_302300201
市川雛菜/【２８３プロのヒナ】市川雛菜/produce_events_302300202.csv,9,3023002020080,円香,"それなら早く行ったら？
私たちは──……",市川雛菜,【２８３プロのヒナ】市川雛菜,produce_events_302300202
市川雛菜/【２８３プロのヒナ】市川雛菜/produce_events_302300202.csv,11,3023002020100,円香,"は……？
ちょっと……",市川雛菜,【２８３プロのヒナ】市川雛菜,produce_events_302300202
市川雛菜/【２８３プロのヒナ】市川雛菜/produce_events_302300202.csv,16,3023002020150,円香,……この後、まだ練習するって話だったでしょ,市川雛菜,【２８３プロのヒナ】市川雛菜,produce_events_302300202
市川雛菜/【２８３プロのヒナ】市川雛菜/produce_events_302300202.csv,20,3023002020190,円香,…………,市川雛菜,【２８３プロのヒナ】市川雛菜,produce_events_302300202
市川雛菜/【２８３プロのヒナ】市川雛菜/produce_events_302300202.csv,23,3023002020220,円香,"……はぁ
もういい、好きにして",市川雛菜,【２８３プロのヒナ】市川雛菜,produce_events_302300202
市川雛菜/【２８３プロのヒナ】市川雛菜/produce_events_302300202.csv,25,3023002020240,円香,……とんだ巻き添えよ,市川雛菜,【２８３プロのヒナ】市川雛菜,produce_events_302300202
市川雛菜/【２８３プロのヒナ】市川雛菜/produce_events_302300202.csv,27,3023002020260,円香,は……？,市川雛菜,【２８３プロのヒナ】市川雛菜,produce_events_302300202
市川雛菜/【２８３プロのヒナ】市川雛菜/produce_events_302300202.csv,31,3023002020300,円香,小糸、無理しなくていいから,市川雛菜,【２８３プロのヒナ】市川雛菜,produce_events_302300202
市川雛菜/【２８３プロのヒナ】市川雛菜/produce_events_302300202.csv,34,3023002020330,円香,"……無理して雛菜に
付き合わなくていいってこと",市川雛菜,【２８３プロのヒナ】市川雛菜,produce_events_302300202
市川雛菜/【２８３プロのヒナ】市川雛菜/produce_events_302300202.csv,39,3023002020380,円香,……雛菜、ほんとうるさい,市川雛菜,【２８３プロのヒナ】市川雛菜,produce_events_302300202
市川雛菜/【２８３プロのヒナ】市川雛菜/produce_events_302300202.csv,41,3023002020400,円香,"別に
小糸は謝るようなことしてないでしょ",市川雛菜,【２８３プロのヒナ】市川雛菜,produce_events_302300202
市川雛菜/【２８３プロのヒナ】市川雛菜/produce_events_302300202.csv,45,3023002020440,円香,…………,市川雛菜,【２８３プロのヒナ】市川雛菜,produce_events_302300202
市川雛菜/【２８３プロのヒナ】市川雛菜/produce_events_302300202.csv,48,3023002020470,円香,……言ってること、すぐ変わる,市川雛菜,【２８３プロのヒナ】市川雛菜,produce_events_302300202
市川雛菜/【２８３プロのヒナ】市川雛菜/produce_events_302300202.csv,50,3023002020490,円香,はいはい,市川雛菜,【２８３プロのヒナ】市川雛菜,produce_events_302300202
樋口円香/G.R.A.D.編/G.R.A.D.淘汰剧情①.csv,3,1021003080010,円香,そうですか、わかりました,樋口円香,G.R.A.D.編,G.R.A.D.淘汰剧情①
樋口円香/G.R.A.D.編/G.R.A.D.淘汰剧情①.csv,5,1021003080020,円香,言われなくても,樋口円香,G.R.A.D.編,G.R.A.D.淘汰剧情①
樋口円香/G.R.A.D.編/G.R.A.D.淘汰剧情②前.csv,3,1021003070010,円香,…………,樋口円香,G.R.A.D.編,G.R.A.D.淘汰剧情②前
樋口円香/G.R.A.D.編/G.R.A.D.淘汰剧情②後.csv,2,1021003070020,円香,ありがとうございました,樋口円香,G.R.A.D.編,G.R.A.D.淘汰剧情②後
樋口円香/G.R.A.D.編/G.R.A.D.淘汰剧情②後.csv,3,1021003070030,円香,"思っていたより遠いんですね
客席から見る、ステージ",樋口円香,G.R.A.D.編,G.R.A.D.淘汰剧情②後
樋口円香/G.R.A.D.編/G.R.A.D.淘汰剧情②後.csv,4,1021003070040,円香,……,樋口円香,G.R.A.D.編,G.R.A.D.淘汰剧情②後
樋口円香/G.R.A.D.編/G.R.A.D.淘汰剧情②後.csv,5,1021003070050,円香,面白い,樋口円香,G.R.A.D.編,G.R.A.D.淘汰剧情②後
樋口円香/G.R.A.D.編/予選前コミュ.csv,2,6021003010010,円香,……今、話すことでも無いんですが,樋口円香,G.R.A.D.編,予選前コミュ
樋口円香/G.R.A.D.編/予選前コミュ.csv,3,6021003010020,円香,"聞かなくていいんですか？
なぜ、私がエントリーしたのか",樋口円香,G.R.A.D.編,予選前コミュ
樋口円香/G.R.A.D.編/予選前コミュ.csv,5,6021003010030,円香,質問に質問で返すのはどうかと,樋口円香,G.R.A.D.編,予選前コミュ
樋口円香/G.R.A.D.編/予選前コミュ.csv,7,6021003010040,円香,嫌です,樋口円香,G.R.A.D.編,予選前コミュ
樋口円香/G.R.A.D.編/予選前コミュ.csv,9,6021003010050,円香,…………,樋口円香,G.R.A.D.編,予選前コミュ
樋口円香/G.R.A.D.編/予選前コミュ.csv,10,6021003010060,円香,ま、なんとかなりますよ,樋口円香,G.R.A.D.編,予選前コミュ
樋口円香/G.R.A.D.編/予選前コミュ.csv,11,6021003010070,円香,笑っていれば,樋口円香,G.R.A.D.編,予選前コミュ
樋口円香/G.R.A.D.編/予選後コミュ 胜利.csv,3,6021003020010,円香,はい、ありがとうございます,樋口円香,G.R.A.D.編,予選後コミュ 胜利
樋口円香/G.R.A.D.編/予選後コミュ 胜利.csv,5,6021003020020,円香,"予選ですし、
こんなものじゃないですか",樋口円香,G.R.A.D.編,予選後コミュ 胜利
樋口円香/G.R.A.D.編/予選後コミュ 胜利.csv,6,6021003020030,円香,普通にやっていれば、そうそう落ちることも無いでしょ,樋口円香,G.R.A.D.編,予選後コミュ 胜利
樋口円香/G.R.A.D.編/予選後コミュ 胜利.csv,9,6021003020040,円香,ああ……,樋口円香,G.R.A.D.編,予選後コミュ 胜利
樋口円香/G.R.A.D.編/予選後コミュ 胜利.csv,10,6021003020050,円香,"良かったですね
なんとかなって",樋口円香,G.R.A.D.編,予選後コミュ 胜利
樋口円香/G.R.A.D.編/予選後コミュ 胜利.csv,11,6021003020060,円香,この先はわかりませんが,樋口円香,G.R.A.D.編,予選後コミュ 胜利
樋口円香/G.R.A.D.編/予選後コミュ　失败.csv,3,6021003030010,円香,あ、お疲れさまです。落ちました,樋口円香,G.R.A.D.編,予選後コミュ　失败
樋口円香/G.R.A.D.編/予選後コミュ　失败.csv,4,6021003030020,円香,"求められた結果を出せず、
申し訳ありません",樋口円香,G.R.A.D.編,予選後コミュ　失败
樋口円香/G.R.A.D.編/予選後コミュ　失败.csv,6,6021003030030,円香,"いいステージではなかったから
落ちたものと思いますが",樋口円香,G.R.A.D.編,予選後コミュ　失败
樋口円香/G.R.A.D.編/予選後コミュ　失败.csv,9,6021003030040,円香,詭弁,樋口円香,G.R.A.D.編,予選後コミュ　失败
樋口円香/G.R.A.D.編/予選後コミュ　失败.csv,10,6021003030050,円香,"薄っぺらい言葉
よく自信たっぷりに言えますね",樋口円香,G.R.A.D.編,予選後コミュ　失败
樋口円香/G.R.A.D.編/予選後コミュ　失败.csv,11,6021003030060,円香,"まったく信じられませんが、
……騙されておいてあげます",樋口円香,G.R.A.D.編,予選後コミュ　失败
樋口円香/G.R.A.D.編/予選後コミュ　失败.csv,12,6021003030070,円香,それが、あなたの優しさなら,樋口円香,G.R.A.D.編,予選後コミュ　失败
樋口円香/G.R.A.D.編/决赛前剧情.csv,4,6021003070010,円香,大仰,樋口円香,G.R.A.D.編,决赛前剧情
樋口円香/G.R.A.D.編/决赛前剧情.csv,7,6021003070020,円香,"言葉がなければ、
表現が軽くなるだけ",樋口円香,G.R.A.D.編,决赛前剧情
樋口円香/G.R.A.D.編/决赛前剧情.csv,9,6021003070030,円香,言葉遊び,樋口円香,G.R.A.D.編,决赛前剧情
樋口円香/G.R.A.D.編/决赛前剧情.csv,12,6021003070040,円香,黙ってもらえます？,樋口円香,G.R.A.D.編,决赛前剧情
樋口円香/G.R.A.D.編/决赛前剧情.csv,13,6021003070050,円香,──もう言葉はいらないんでしょ,樋口円香,G.R.A.D.編,决赛前剧情
樋口円香/G.R.A.D.編/决赛后剧情 胜利.csv,2,6021003080010,円香,聞こえました？,樋口円香,G.R.A.D.編,决赛后剧情 胜利
樋口円香/G.R.A.D.編/决赛后剧情 胜利.csv,3,6021003080020,円香,"最後のステップで、
……思い切りステージを踏みつけた、音",樋口円香,G.R.A.D.編,决赛后剧情 胜利
樋口円香/G.R.A.D.編/决赛后剧情 胜利.csv,5,6021003080030,円香,あ、聞こえなかったなら結構です,樋口円香,G.R.A.D.編,决赛后剧情 胜利
樋口円香/G.R.A.D.編/决赛后剧情 胜利.csv,7,6021003080040,円香,はい、でしょうね,樋口円香,G.R.A.D.編,决赛后剧情 胜利
樋口円香/G.R.A.D.編/决赛后剧情 胜利.csv,8,6021003080050,円香,というか私の耳にも聞こえませんでしたし,樋口円香,G.R.A.D.編,决赛后剧情 胜利
樋口円香/G.R.A.D.編/决赛后剧情 胜利.csv,11,6021003080060,円香,……ダメでしたか？,樋口円香,G.R.A.D.編,决赛后剧情 胜利
樋口円香/G.R.A.D.編/决赛后剧情 胜利.csv,14,6021003080070,円香,ゾウ？,樋口円香,G.R.A.D.編,决赛后剧情 胜利
樋口円香/G.R.A.D.編/决赛后剧情 胜利.csv,16,6021003080071,円香＆プロデューサー,……………………,樋口円香,G.R.A.D.編,决赛后剧情 胜利
樋口円香/G.R.A.D.編/决赛后剧情 胜利.csv,17,6021003080072,円香＆プロデューサー,……ふっ,樋口円香,G.R.A.D.編,决赛后剧情 胜利
樋口円香/G.R.A.D.編/决赛后剧情 胜利.csv,18,6021003080073,円香＆プロデューサー,ふふっ………,樋口円香,G.R.A.D.編,决赛后剧情 胜利
樋口円香/G.R.A.D.編/决赛后剧情　失败①.csv,2,6021003090010,円香,"この『もしかして』と思う瞬間が、
一番好きじゃない",樋口円香,G.R.A.D.編,决赛后剧情　失败①
樋口円香/G.R.A.D.編/决赛后剧情　失败①.csv,3,6021003090020,円香,正確には『もしかして』と思う瞬間の自分,樋口円香,G.R.A.D.編,决赛后剧情　失败①
樋口円香/G.R.A.D.編/决赛后剧情　失败①.csv,5,6021003090030,円香,大概ですね、私も,樋口円香,G.R.A.D.編,决赛后剧情　失败①
樋口円香/G.R.A.D.編/决赛后剧情　失败①.csv,6,6021003090040,円香,あなたと一緒にいるとたまに忘れますが,樋口円香,G.R.A.D.編,决赛后剧情　失败①
樋口円香/G.R.A.D.編/决赛后剧情　失败①.csv,8,6021003090050,円香,"え……………………
うわ…………",樋口円香,G.R.A.D.編,决赛后剧情　失败①
樋口円香/G.R.A.D.編/决赛后剧情　失败①.csv,9,6021003090060,円香,"あなたに寄り添うくらいなら、
さっさと脱します",樋口円香,G.R.A.D.編,决赛后剧情　失败①
樋口円香/G.R.A.D.編/决赛后剧情　失败①.csv,11,6021003090070,円香,……,樋口円香,G.R.A.D.編,决赛后剧情　失败①
樋口円香/G.R.A.D.編/决赛后剧情　失败①.csv,14,6021003090080,円香,……本当に成長なんだろうか、って？,樋口円香,G.R.A.D.編,决赛后剧情　失败①
樋口円香/G.R.A.D.編/决赛后剧情　失败①.csv,15,6021003090090,円香,──当たり？,樋口円香,G.R.A.D.編,决赛后剧情　失败①
樋口円香/G.R.A.D.編/决赛后剧情　失败②.csv,3,6021003100010,円香,今日は……,樋口円香,G.R.A.D.編,决赛后剧情　失败②
樋口円香/G.R.A.D.編/决赛后剧情　失败②.csv,4,6021003100020,円香,"ただ、息を吸い込んで、
肺を満たして",樋口円香,G.R.A.D.編,决赛后剧情　失败②
樋口円香/G.R.A.D.編/决赛后剧情　失败②.csv,5,6021003100030,円香,喉を開いて、奥から出しただけ,樋口円香,G.R.A.D.編,决赛后剧情　失败②
樋口円香/G.R.A.D.編/决赛后剧情　失败②.csv,6,6021003100040,円香,"宛先が無いから、
誰にも届かないのに鳴り響いただけ",樋口円香,G.R.A.D.編,决赛后剧情　失败②
樋口円香/G.R.A.D.編/决赛后剧情　失败②.csv,7,6021003100050,円香,それだけの歌でした,樋口円香,G.R.A.D.編,决赛后剧情　失败②
樋口円香/G.R.A.D.編/决赛后剧情　失败②.csv,8,6021003100060,円香,期待に応えられず申し訳ありません,樋口円香,G.R.A.D.編,决赛后剧情　失败②
樋口円香/G.R.A.D.編/决赛后剧情　失败②.csv,11,6021003100070,円香,……,樋口円香,G.R.A.D.編,决赛后剧情　失败②
樋口円香/G.R.A.D.編/决赛后剧情　失败②.csv,12,6021003100080,円香,さあ、覚えていません,樋口円香,G.R.A.D.編,决赛后剧情　失败②
樋口円香/G.R.A.D.編/决赛后剧情　失败②.csv,13,6021003100090,円香,決勝のオーディションということも忘れていたので,樋口円香,G.R.A.D.編,决赛后剧情　失败②
樋口円香/G.R.A.D.編/息遣いを聞く.csv,2,1021003030010,円香,軽やかに──,樋口円香,G.R.A.D.編,息遣いを聞く
樋口円香/G.R.A.D.編/息遣いを聞く.csv,16,1021003030020,円香,ん,樋口円香,G.R.A.D.編,息遣いを聞く
樋口円香/G.R.A.D.編/息遣いを聞く.csv,19,1021003030030,円香,…………,樋口円香,G.R.A.D.編,息遣いを聞く
樋口円香/G.R.A.D.編/息遣いを聞く.csv,20,1021003030040,円香,人の宣材写真をにやにや見るのやめてもらえます？,樋口円香,G.R.A.D.編,息遣いを聞く
樋口円香/G.R.A.D.編/息遣いを聞く.csv,22,1021003030050,円香,"別に隠れていませんが
ちょうど帰るところだったんです",樋口円香,G.R.A.D.編,息遣いを聞く
樋口円香/G.R.A.D.編/息遣いを聞く.csv,23,1021003030060,円香,でも、あなたがまったく気が付かないので,樋口円香,G.R.A.D.編,息遣いを聞く
樋口円香/G.R.A.D.編/息遣いを聞く.csv,25,1021003030070,円香,"どのタイミングですか？
くたくたな様子でソファに座り込んだところ？",樋口円香,G.R.A.D.編,息遣いを聞く
樋口円香/G.R.A.D.編/息遣いを聞く.csv,26,1021003030080,円香,"ハッと立ち上がったところ？
封筒を手に微笑みながら──",樋口円香,G.R.A.D.編,息遣いを聞く
樋口円香/G.R.A.D.編/息遣いを聞く.csv,29,1021003030090,円香,結構です、まだバスがありますし,樋口円香,G.R.A.D.編,息遣いを聞く
樋口円香/G.R.A.D.編/息遣いを聞く.csv,31,1021003030100,円香,……でしたら余計に結構です,樋口円香,G.R.A.D.編,息遣いを聞く
樋口円香/G.R.A.D.編/息遣いを聞く.csv,33,1021003030110,円香,ご心配なく,樋口円香,G.R.A.D.編,息遣いを聞く
樋口円香/G.R.A.D.編/息遣いを聞く.csv,34,1021003030120,円香,言いませんよ、今回は,樋口円香,G.R.A.D.編,息遣いを聞く
樋口円香/G.R.A.D.編/息遣いを聞く.csv,35,1021003030130,円香,休んでください,樋口円香,G.R.A.D.編,息遣いを聞く
樋口円香/G.R.A.D.編/息遣いを聞く.csv,37,1021003030140,円香,『バラエティ番組用の事前アンケートは机に置きました』,樋口円香,G.R.A.D.編,息遣いを聞く
樋口円香/G.R.A.D.編/息遣いを聞く.csv,41,1021003030160,円香,『台本がありますし番組の要望に沿ってやります』,樋口円香,G.R.A.D.編,息遣いを聞く
樋口円香/G.R.A.D.編/息遣いを聞く.csv,42,1021003030170,円香,『問題ありません』,樋口円香,G.R.A.D.編,息遣いを聞く
樋口円香/G.R.A.D.編/息遣いを聞く.csv,48,1021003030180,円香,……,樋口円香,G.R.A.D.編,息遣いを聞く
樋口円香/G.R.A.D.編/息遣いを聞く.csv,52,1021003030190,円香,軽やか──,樋口円香,G.R.A.D.編,息遣いを聞く
樋口円香/G.R.A.D.編/息遣いを聞く.csv,53,1021003030200,円香,というより,樋口円香,G.R.A.D.編,息遣いを聞く
樋口円香/G.R.A.D.編/敗者復活前コミュ.csv,4,6021003040010,円香,はい,樋口円香,G.R.A.D.編,敗者復活前コミュ
樋口円香/G.R.A.D.編/敗者復活前コミュ.csv,5,6021003040020,円香,"……何もしなくても回るなら、
なんでわざわざ回すんでしょうね",樋口円香,G.R.A.D.編,敗者復活前コミュ
樋口円香/G.R.A.D.編/敗者復活前コミュ.csv,7,6021003040030,円香,衝動……,樋口円香,G.R.A.D.編,敗者復活前コミュ
樋口円香/G.R.A.D.編/敗者復活前コミュ.csv,8,6021003040040,円香,………………,樋口円香,G.R.A.D.編,敗者復活前コミュ
樋口円香/G.R.A.D.編/敗者復活前コミュ.csv,9,6021003040050,円香,ここでたくさんの人が落ちると思いますが,樋口円香,G.R.A.D.編,敗者復活前コミュ
樋口円香/G.R.A.D.編/敗者復活前コミュ.csv,10,6021003040060,円香,"10年後、20年後……
何人が『あの頃は無謀な夢を見た』と言うのでしょうね",樋口円香,G.R.A.D.編,敗者復活前コミュ
樋口円香/G.R.A.D.編/敗者復活前コミュ.csv,11,6021003040070,円香,"必死に針を回したのに、
そんな過去の自分を笑って",樋口円香,G.R.A.D.編,敗者復活前コミュ
樋口円香/G.R.A.D.編/敗者復活前コミュ.csv,12,6021003040080,円香,きっと乗り越えた顔をする,樋口円香,G.R.A.D.編,敗者復活前コミュ
樋口円香/G.R.A.D.編/敗者復活後コミュ　失败.csv,2,6021003060010,円香,"もういいですよね？
先に行きます",樋口円香,G.R.A.D.編,敗者復活後コミュ　失败
樋口円香/G.R.A.D.編/敗者復活後コミュ　失败.csv,4,6021003060020,円香,向こう、見て,樋口円香,G.R.A.D.編,敗者復活後コミュ　失败
樋口円香/G.R.A.D.編/敗者復活後コミュ　失败.csv,6,6021003060030,円香,はい,樋口円香,G.R.A.D.編,敗者復活後コミュ　失败
樋口円香/G.R.A.D.編/敗者復活後コミュ　失败.csv,7,6021003060040,円香,"舞台裏は感情のエンターテインメント
盛り上がるのはわかりますよ",樋口円香,G.R.A.D.編,敗者復活後コミュ　失败
樋口円香/G.R.A.D.編/敗者復活後コミュ　失败.csv,8,6021003060050,円香,手が届かない画面の向こうの話ならね,樋口円香,G.R.A.D.編,敗者復活後コミュ　失败
樋口円香/G.R.A.D.編/敗者復活後コミュ　胜利.csv,2,6021003050010,円香,"今まで、諦めるって
道から離れることだと思っていました",樋口円香,G.R.A.D.編,敗者復活後コミュ　胜利
樋口円香/G.R.A.D.編/敗者復活後コミュ　胜利.csv,3,6021003050020,円香,"もしくは、立ち止まるとか、
後ずさるとかそういう風に──",樋口円香,G.R.A.D.編,敗者復活後コミュ　胜利
樋口円香/G.R.A.D.編/敗者復活後コミュ　胜利.csv,4,6021003050030,円香,でも……,樋口円香,G.R.A.D.編,敗者復活後コミュ　胜利
樋口円香/G.R.A.D.編/敗者復活後コミュ　胜利.csv,5,6021003050040,円香,…………,樋口円香,G.R.A.D.編,敗者復活後コミュ　胜利
樋口円香/G.R.A.D.編/敗者復活後コミュ　胜利.csv,6,6021003050050,円香,そうじゃなかったんですね,樋口円香,G.R.A.D.編,敗者復活後コミュ　胜利
樋口円香/G.R.A.D.編/敗者復活後コミュ　胜利.csv,7,6021003050060,円香,諦めるのは踏み出すこと,樋口円香,G.R.A.D.編,敗者復活後コミュ　胜利
樋口円香/G.R.A.D.編/敗者復活後コミュ　胜利.csv,8,6021003050070,円香,始める時と同じように,樋口円香,G.R.A.D.編,敗者復活後コミュ　胜利
樋口円香/G.R.A.D.編/敗者復活後コミュ　胜利.csv,10,6021003050080,円香,知っていたんですか？,樋口円香,G.R.A.D.編,敗者復活後コミュ　胜利
樋口円香/G.R.A.D.編/敗者復活後コミュ　胜利.csv,11,6021003050090,円香,あなたは,樋口円香,G.R.A.D.編,敗者復活後コミュ　胜利
樋口円香/G.R.A.D.編/椅子の背もたれに.csv,4,1021003050010,円香,…………,樋口円香,G.R.A.D.編,椅子の背もたれに
樋口円香/G.R.A.D.編/椅子の背もたれに.csv,5,1021003050020,円香,"待っている間に軽食を頼んでしまったので、
あなたも食べたかったらどうぞ",樋口円香,G.R.A.D.編,椅子の背もたれに
樋口円香/G.R.A.D.編/椅子の背もたれに.csv,11,1021003050030,円香,"場を和ます雑談なら、
遠慮しておきます",樋口円香,G.R.A.D.編,椅子の背もたれに
樋口円香/G.R.A.D.編/椅子の背もたれに.csv,12,1021003050040,円香,…………,樋口円香,G.R.A.D.編,椅子の背もたれに
樋口円香/G.R.A.D.編/椅子の背もたれに.csv,13,1021003050050,円香,"バラエティ番組の件、
申し訳ありませんでした",樋口円香,G.R.A.D.編,椅子の背もたれに
樋口円香/G.R.A.D.編/椅子の背もたれに.csv,14,1021003050060,円香,本当に余計なことを言いました,樋口円香,G.R.A.D.編,椅子の背もたれに
樋口円香/G.R.A.D.編/椅子の背もたれに.csv,18,1021003050070,円香,…………,樋口円香,G.R.A.D.編,椅子の背もたれに
樋口円香/G.R.A.D.編/椅子の背もたれに.csv,23,1021003050080,円香,つまり進め方としては失敗ですよね,樋口円香,G.R.A.D.編,椅子の背もたれに
樋口円香/G.R.A.D.編/椅子の背もたれに.csv,24,1021003050090,円香,"あの瞬間、私は発言の後始末を考えていなかった
もっと慎重になるべきだった",樋口円香,G.R.A.D.編,椅子の背もたれに
樋口円香/G.R.A.D.編/椅子の背もたれに.csv,25,1021003050100,円香,何より……,樋口円香,G.R.A.D.編,椅子の背もたれに
樋口円香/G.R.A.D.編/椅子の背もたれに.csv,26,1021003050110,円香,彼女のチャンスを潰した,樋口円香,G.R.A.D.編,椅子の背もたれに
樋口円香/G.R.A.D.編/椅子の背もたれに.csv,31,1021003050120,円香,…………,樋口円香,G.R.A.D.編,椅子の背もたれに
樋口円香/G.R.A.D.編/椅子の背もたれに.csv,32,1021003050130,円香,"……食べながらで適当に、
聞き流してもらいたいのですが",樋口円香,G.R.A.D.編,椅子の背もたれに
樋口円香/G.R.A.D.編/椅子の背もたれに.csv,33,1021003050140,円香,"ありがたいことに
私は恵まれているのだと思います",樋口円香,G.R.A.D.編,椅子の背もたれに
樋口円香/G.R.A.D.編/椅子の背もたれに.csv,34,1021003050150,円香,"私はアイドル活動を抜きにしても、
苦労してきた方ではないはずです",樋口円香,G.R.A.D.編,椅子の背もたれに
樋口円香/G.R.A.D.編/椅子の背もたれに.csv,35,1021003050160,円香,"必要な努力はしますが
なんとなくでも、だいたいできる",樋口円香,G.R.A.D.編,椅子の背もたれに
樋口円香/G.R.A.D.編/椅子の背もたれに.csv,36,1021003050170,円香,多分、とても恵まれている,樋口円香,G.R.A.D.編,椅子の背もたれに
樋口円香/G.R.A.D.編/椅子の背もたれに.csv,37,1021003050180,円香,だから、軽い,樋口円香,G.R.A.D.編,椅子の背もたれに
樋口円香/G.R.A.D.編/椅子の背もたれに.csv,38,1021003050190,円香,私の言葉は重さを持たない,樋口円香,G.R.A.D.編,椅子の背もたれに
樋口円香/G.R.A.D.編/椅子の背もたれに.csv,39,1021003050200,円香,"みんなから笑われていた、
彼女の言葉の方がずっと重い",樋口円香,G.R.A.D.編,椅子の背もたれに
樋口円香/G.R.A.D.編/椅子の背もたれに.csv,40,1021003050210,円香,……黙っていればよかった,樋口円香,G.R.A.D.編,椅子の背もたれに
樋口円香/G.R.A.D.編/椅子の背もたれに.csv,41,1021003050220,円香,"薄っぺらい言葉なんて、
言うんじゃなかった",樋口円香,G.R.A.D.編,椅子の背もたれに
樋口円香/G.R.A.D.編/椅子の背もたれに.csv,44,1021003050230,円香,あなたは、あなたのままで、間違っていない,樋口円香,G.R.A.D.編,椅子の背もたれに
樋口円香/G.R.A.D.編/椅子の背もたれに.csv,46,1021003050240,円香,……？,樋口円香,G.R.A.D.編,椅子の背もたれに
樋口円香/G.R.A.D.編/椅子の背もたれに.csv,50,1021003050250,円香,…………,樋口円香,G.R.A.D.編,椅子の背もたれに
樋口円香/G.R.A.D.編/椅子の背もたれに.csv,53,1021003050260,円香,…………,樋口円香,G.R.A.D.編,椅子の背もたれに
樋口円香/G.R.A.D.編/椅子の背もたれに.csv,60,1021003050270,円香,そうですか,樋口円香,G.R.A.D.編,椅子の背もたれに
樋口円香/G.R.A.D.編/椅子の背もたれに.csv,61,1021003050280,円香,あなたは、そう思うんですね,樋口円香,G.R.A.D.編,椅子の背もたれに
樋口円香/G.R.A.D.編/椅子の背もたれに.csv,64,1021003050290,円香,……それは、未熟を肯定する言い訳,樋口円香,G.R.A.D.編,椅子の背もたれに
樋口円香/G.R.A.D.編/椅子の背もたれに.csv,68,1021003050300,円香,…………,樋口円香,G.R.A.D.編,椅子の背もたれに
樋口円香/G.R.A.D.編/椅子の背もたれに.csv,69,1021003050310,円香,詭弁,樋口円香,G.R.A.D.編,椅子の背もたれに
樋口円香/G.R.A.D.編/椅子の背もたれに.csv,72,1021003050320,円香,……でしょうね,樋口円香,G.R.A.D.編,椅子の背もたれに
樋口円香/G.R.A.D.編/椅子の背もたれに.csv,73,1021003050330,円香,あなたはそういう人,樋口円香,G.R.A.D.編,椅子の背もたれに
樋口円香/G.R.A.D.編/椅子の背もたれに.csv,74,1021003050340,円香,…………,樋口円香,G.R.A.D.編,椅子の背もたれに
樋口円香/G.R.A.D.編/椅子の背もたれに.csv,75,1021003050350,円香,今の言葉はプロデューサーとしての？,樋口円香,G.R.A.D.編,椅子の背もたれに
樋口円香/G.R.A.D.編/椅子の背もたれに.csv,76,1021003050360,円香,それとも、あなた自身としての？,樋口円香,G.R.A.D.編,椅子の背もたれに
樋口円香/G.R.A.D.編/椅子の背もたれに.csv,78,1021003050370,円香,……ふうん,樋口円香,G.R.A.D.編,椅子の背もたれに
樋口円香/G.R.A.D.編/椅子の背もたれに.csv,79,1021003050380,円香,"それなら申し訳ありません
しっかりと聞いてしまいました",樋口円香,G.R.A.D.編,椅子の背もたれに
樋口円香/G.R.A.D.編/椅子の背もたれに.csv,82,1021003050390,円香,…………,樋口円香,G.R.A.D.編,椅子の背もたれに
樋口円香/G.R.A.D.編/椅子の背もたれに.csv,83,1021003050400,円香,……でしたら,樋口円香,G.R.A.D.編,椅子の背もたれに
樋口円香/G.R.A.D.編/椅子の背もたれに.csv,84,1021003050410,円香,ホットのレモンティーを追加で,樋口円香,G.R.A.D.編,椅子の背もたれに
樋口円香/G.R.A.D.編/無機質な廊下.csv,9,1021003040010,円香,『お疲れさまです』,樋口円香,G.R.A.D.編,無機質な廊下
樋口円香/G.R.A.D.編/無機質な廊下.csv,10,1021003040020,円香,『バラエティ番組のLIVE配信は終了しましたが』,樋口円香,G.R.A.D.編,無機質な廊下
樋口円香/G.R.A.D.編/無機質な廊下.csv,11,1021003040030,円香,『申し訳ありません。失敗しました』,樋口円香,G.R.A.D.編,無機質な廊下
樋口円香/G.R.A.D.編/無機質な廊下.csv,18,1021003040040,円香,あ……,樋口円香,G.R.A.D.編,無機質な廊下
樋口円香/G.R.A.D.編/無機質な廊下.csv,21,1021003040050,円香,……こちらこそありがとうございました,樋口円香,G.R.A.D.編,無機質な廊下
樋口円香/G.R.A.D.編/無機質な廊下.csv,25,1021003040060,円香,…………,樋口円香,G.R.A.D.編,無機質な廊下
樋口円香/G.R.A.D.編/無機質な廊下.csv,31,1021003040070,円香,ごめんなさい,樋口円香,G.R.A.D.編,無機質な廊下
樋口円香/G.R.A.D.編/無機質な廊下.csv,54,1021003040080,円香,『…………』,樋口円香,G.R.A.D.編,無機質な廊下
樋口円香/G.R.A.D.編/無機質な廊下.csv,55,1021003040090,円香,『……無理です、笑えない』,樋口円香,G.R.A.D.編,無機質な廊下
樋口円香/G.R.A.D.編/無機質な廊下.csv,56,1021003040100,円香,『他の人にも笑ってほしくない』,樋口円香,G.R.A.D.編,無機質な廊下
樋口円香/G.R.A.D.編/無機質な廊下.csv,57,1021003040110,円香,『あなたは、あなたのままで、間違っていない』,樋口円香,G.R.A.D.編,無機質な廊下
樋口円香/G.R.A.D.編/無機質な廊下.csv,60,1021003040120,円香,『はい』,樋口円香,G.R.A.D.編,無機質な廊下
樋口円香/G.R.A.D.編/無機質な廊下.csv,63,1021003040130,円香,『…………』,樋口円香,G.R.A.D.編,無機質な廊下
樋口円香/G.R.A.D.編/無機質な廊下.csv,64,1021003040140,円香,『はい。では、待っています』,樋口円香,G.R.A.D.編,無機質な廊下
樋口円香/G.R.A.D.編/空は晴れている.csv,2,1021003020010,円香,──着てみました。いかがでしょうか,樋口円香,G.R.A.D.編,空は晴れている
樋口円香/G.R.A.D.編/空は晴れている.csv,5,1021003020020,円香,はい、大丈夫です,樋口円香,G.R.A.D.編,空は晴れている
樋口円香/G.R.A.D.編/空は晴れている.csv,7,1021003020030,円香,"……そうですね
これくらいなら問題ありません",樋口円香,G.R.A.D.編,空は晴れている
樋口円香/G.R.A.D.編/空は晴れている.csv,8,1021003020040,円香,踊れると思います,樋口円香,G.R.A.D.編,空は晴れている
樋口円香/G.R.A.D.編/空は晴れている.csv,20,1021003020050,円香,……っ,樋口円香,G.R.A.D.編,空は晴れている
樋口円香/G.R.A.D.編/空は晴れている.csv,27,1021003020060,円香,今度お礼を言っておきます,樋口円香,G.R.A.D.編,空は晴れている
樋口円香/G.R.A.D.編/空は晴れている.csv,29,1021003020070,円香,……,樋口円香,G.R.A.D.編,空は晴れている
樋口円香/G.R.A.D.編/空は晴れている.csv,30,1021003020080,円香,今日はやっていないんですね,樋口円香,G.R.A.D.編,空は晴れている
樋口円香/G.R.A.D.編/空は晴れている.csv,32,1021003020090,円香,"そこのCDショップのイベント
毎週やっているんじゃなかったんでしたっけ",樋口円香,G.R.A.D.編,空は晴れている
樋口円香/G.R.A.D.編/空は晴れている.csv,34,1021003020100,円香,そうですか,樋口円香,G.R.A.D.編,空は晴れている
樋口円香/G.R.A.D.編/空は晴れている.csv,35,1021003020110,円香,……,樋口円香,G.R.A.D.編,空は晴れている
樋口円香/G.R.A.D.編/空は晴れている.csv,36,1021003020120,円香,あの,樋口円香,G.R.A.D.編,空は晴れている
樋口円香/G.R.A.D.編/空は晴れている.csv,37,1021003020130,円香,宣材写真って撮り直してもいいんでしたっけ,樋口円香,G.R.A.D.編,空は晴れている
樋口円香/G.R.A.D.編/空は晴れている.csv,39,1021003020140,円香,お願いします,樋口円香,G.R.A.D.編,空は晴れている
樋口円香/G.R.A.D.編/空は晴れている.csv,41,1021003020150,円香,どうぞ、お構いなく,樋口円香,G.R.A.D.編,空は晴れている
樋口円香/G.R.A.D.編/空は晴れている.csv,43,1021003020160,円香,…………,樋口円香,G.R.A.D.編,空は晴れている
樋口円香/G.R.A.D.編/空は晴れている.csv,44,1021003020170,円香,彼女は……,樋口円香,G.R.A.D.編,空は晴れている
樋口円香/G.R.A.D.編/空は晴れている.csv,45,1021003020180,円香,未熟で、未完成のまま──,樋口円香,G.R.A.D.編,空は晴れている
樋口円香/G.R.A.D.編/空は晴れている.csv,46,1021003020190,円香,終わろうとしている,樋口円香,G.R.A.D.編,空は晴れている
樋口円香/G.R.A.D.編/空は晴れている.csv,50,1021003020200,円香,…………,樋口円香,G.R.A.D.編,空は晴れている
樋口円香/G.R.A.D.編/脈を打て.csv,5,1021003010010,円香,…………,樋口円香,G.R.A.D.編,脈を打て
樋口円香/G.R.A.D.編/脈を打て.csv,8,1021003010020,円香,あ……はい,樋口円香,G.R.A.D.編,脈を打て
樋口円香/G.R.A.D.編/脈を打て.csv,10,1021003010030,円香,22階,樋口円香,G.R.A.D.編,脈を打て
樋口円香/G.R.A.D.編/脈を打て.csv,13,1021003010040,円香,ん……,樋口円香,G.R.A.D.編,脈を打て
樋口円香/G.R.A.D.編/脈を打て.csv,15,1021003010050,円香,……こんにちは,樋口円香,G.R.A.D.編,脈を打て
樋口円香/G.R.A.D.編/脈を打て.csv,19,1021003010060,円香,"あ、はい
前にオーディションで一緒になって",樋口円香,G.R.A.D.編,脈を打て
樋口円香/G.R.A.D.編/脈を打て.csv,20,1021003010070,円香,……こちら、所属事務所のプロデューサーです,樋口円香,G.R.A.D.編,脈を打て
樋口円香/G.R.A.D.編/脈を打て.csv,24,1021003010080,円香,……,樋口円香,G.R.A.D.編,脈を打て
樋口円香/G.R.A.D.編/脈を打て.csv,25,1021003010090,円香,"送ってくれた『G.R.A.D.』のPR動画、
かなり再生されてたね",樋口円香,G.R.A.D.編,脈を打て
樋口円香/G.R.A.D.編/脈を打て.csv,29,1021003010100,円香,最後？,樋口円香,G.R.A.D.編,脈を打て
樋口円香/G.R.A.D.編/脈を打て.csv,34,1021003010110,円香,…………,樋口円香,G.R.A.D.編,脈を打て
樋口円香/G.R.A.D.編/脈を打て.csv,43,1021003010120,円香,……っ,樋口円香,G.R.A.D.編,脈を打て
樋口円香/G.R.A.D.編/願いは叶う.csv,2,1021003090010,円香,哀れみ……,樋口円香,G.R.A.D.編,願いは叶う
樋口円香/G.R.A.D.編/願いは叶う.csv,3,1021003090020,円香,励まし……,樋口円香,G.R.A.D.編,願いは叶う
樋口円香/G.R.A.D.編/願いは叶う.csv,6,1021003090030,円香,"お疲れさまでした
この先のスケジュールを整理したいのですが",樋口円香,G.R.A.D.編,願いは叶う
樋口円香/G.R.A.D.編/願いは叶う.csv,8,1021003090040,円香,あ……,樋口円香,G.R.A.D.編,願いは叶う
樋口円香/G.R.A.D.編/願いは叶う.csv,13,1021003090050,円香,尊敬……称賛……？　──違う、どれも失礼,樋口円香,G.R.A.D.編,願いは叶う
樋口円香/G.R.A.D.編/願いは叶う.csv,14,1021003090060,円香,私はこの子になりたいとは思わない,樋口円香,G.R.A.D.編,願いは叶う
樋口円香/G.R.A.D.編/願いは叶う.csv,15,1021003090070,円香,なら優越感……いや──……,樋口円香,G.R.A.D.編,願いは叶う
樋口円香/G.R.A.D.編/願いは叶う.csv,17,1021003090080,円香,"え、いや
あれは私が──",樋口円香,G.R.A.D.編,願いは叶う
樋口円香/G.R.A.D.編/願いは叶う.csv,19,1021003090090,円香,…………,樋口円香,G.R.A.D.編,願いは叶う
樋口円香/G.R.A.D.編/願いは叶う.csv,23,1021003090100,円香,…………,樋口円香,G.R.A.D.編,願いは叶う
樋口円香/G.R.A.D.編/願いは叶う.csv,28,1021003090130,円香,……待って,樋口円香,G.R.A.D.編,願いは叶う
樋口円香/G.R.A.D.編/願いは叶う.csv,29,1021003090140,円香,あのね,樋口円香,G.R.A.D.編,願いは叶う
樋口円香/G.R.A.D.編/願いは叶う.csv,30,1021003090150,円香,あなたの一歩は、軽くない,樋口円香,G.R.A.D.編,願いは叶う
樋口円香/G.R.A.D.編/願いは叶う.csv,31,1021003090160,円香,とても重くて、力強い,樋口円香,G.R.A.D.編,願いは叶う
樋口円香/G.R.A.D.編/願いは叶う.csv,32,1021003090170,円香,……頑張ろう。お互いに,樋口円香,G.R.A.D.編,願いは叶う
樋口円香/G.R.A.D.編/願いは叶う.csv,36,1021003090180,円香,おかげさまで,樋口円香,G.R.A.D.編,願いは叶う
樋口円香/G.R.A.D.編/願いは叶う.csv,37,1021003090190,円香,終わりも始まりも、同じように,樋口円香,G.R.A.D.編,願いは叶う
樋口円香/G.R.A.D.編/願いは叶う.csv,38,1021003090200,円香,軽やかで,樋口円香,G.R.A.D.編,願いは叶う
樋口円香/G.R.A.D.編/願いは叶う.csv,39,1021003090210,円香,しかし,樋口円香,G.R.A.D.編,願いは叶う
樋口円香/G.R.A.D.編/願いは叶う.csv,40,1021003090220,円香,行きましょう,樋口円香,G.R.A.D.編,願いは叶う
樋口円香/Landing Point編/color.csv,2,1021004060001,円香,おはようございます,樋口円香,Landing Point編,color
樋口円香/Landing Point編/color.csv,6,1021004060010,円香,はい,樋口円香,Landing Point編,color
樋口円香/Landing Point編/color.csv,7,1021004060020,円香,よろしくお願いします,樋口円香,Landing Point編,color
樋口円香/Landing Point編/color.csv,12,1021004060030,円香,────……,樋口円香,Landing Point編,color
樋口円香/Landing Point編/color.csv,13,1021004060040,円香,他人のためなんて自己陶酔,樋口円香,Landing Point編,color
樋口円香/Landing Point編/color.csv,14,1021004060050,円香,そんな奉仕的な気持ちはない,樋口円香,Landing Point編,color
樋口円香/Landing Point編/color.csv,15,1021004060060,円香,"もちろん自己承認の欲もない
──特に飢えてはいなかったから",樋口円香,Landing Point編,color
樋口円香/Landing Point編/color.csv,16,1021004060070,円香,でも、そうしたことより,樋口円香,Landing Point編,color
樋口円香/Landing Point編/color.csv,17,1021004060080,円香,体が歌いたいと言っている,樋口円香,Landing Point編,color
樋口円香/Landing Point編/color.csv,18,1021004060090,円香,私はその衝動で歌う,樋口円香,Landing Point編,color
樋口円香/Landing Point編/color.csv,19,1021004060100,円香,誰のためでもない,樋口円香,Landing Point編,color
樋口円香/Landing Point編/color.csv,20,1021004060110,円香,そういう誰のためでもない歌だから────,樋口円香,Landing Point編,color
樋口円香/Landing Point編/color.csv,21,1021004060120,円香,それを聞く『ひとりひとり』の歌になれ,樋口円香,Landing Point編,color
樋口円香/Landing Point編/color.csv,22,1021004060130,円香,そして、それを聞きたいと集まった人がいることを,樋口円香,Landing Point編,color
樋口円香/Landing Point編/color.csv,23,1021004060140,円香,私は,樋口円香,Landing Point編,color
樋口円香/Landing Point編/color.csv,31,1021004060150,円香,『スケジュールの相談です』,樋口円香,Landing Point編,color
樋口円香/Landing Point編/color.csv,32,1021004060160,円香,『今日、ボーカルレッスンを入れられますか』,樋口円香,Landing Point編,color
樋口円香/Landing Point編/color.csv,35,1021004060170,円香,『急ですみません。無理であれば────』,樋口円香,Landing Point編,color
樋口円香/Landing Point編/color.csv,40,1021004060180,円香,適当に近くでいいんじゃないですか,樋口円香,Landing Point編,color
樋口円香/Landing Point編/color.csv,43,1021004060190,円香,そうですね,樋口円香,Landing Point編,color
樋口円香/Landing Point編/fu tari.csv,3,1021004020010,円香,適当に近くでいいんじゃないですか,樋口円香,Landing Point編,fu tari
樋口円香/Landing Point編/fu tari.csv,5,1021004020020,円香,はい,樋口円香,Landing Point編,fu tari
樋口円香/Landing Point編/fu tari.csv,8,1021004020030,円香,"……ここに書いてある数字、
客席の数ですよね",樋口円香,Landing Point編,fu tari
樋口円香/Landing Point編/fu tari.csv,9,1021004020040,円香,どれも広すぎるのでは,樋口円香,Landing Point編,fu tari
樋口円香/Landing Point編/fu tari.csv,11,1021004020050,円香,チケットが余るでしょ,樋口円香,Landing Point編,fu tari
樋口円香/Landing Point編/fu tari.csv,14,1021004020060,円香,……,樋口円香,Landing Point編,fu tari
樋口円香/Landing Point編/fu tari.csv,15,1021004020070,円香,それなら好きにしてください,樋口円香,Landing Point編,fu tari
樋口円香/Landing Point編/fu tari.csv,16,1021004020080,円香,こういう部分は任せてもいいんですよね,樋口円香,Landing Point編,fu tari
樋口円香/Landing Point編/fu tari.csv,18,0000000000000,円香,…………,樋口円香,Landing Point編,fu tari
樋口円香/Landing Point編/fu tari.csv,19,1021004020100,円香,あなたも暇じゃないでしょ,樋口円香,Landing Point編,fu tari
樋口円香/Landing Point編/fu tari.csv,20,1021004020110,円香,"ユニットのライブで忙しい時期に
これを企画する必要がありました？",樋口円香,Landing Point編,fu tari
樋口円香/Landing Point編/fu tari.csv,23,1021004020120,円香,……そうですか,樋口円香,Landing Point編,fu tari
樋口円香/Landing Point編/fu tari.csv,24,1021004020130,円香,"すみません、段取りについて詳しくないもので
余計なことを言いました",樋口円香,Landing Point編,fu tari
樋口円香/Landing Point編/fu tari.csv,26,0000000000000,円香,…………,樋口円香,Landing Point編,fu tari
樋口円香/Landing Point編/fu tari.csv,27,1021004020150,円香,……私の宿題になっていた、曲の候補,樋口円香,Landing Point編,fu tari
樋口円香/Landing Point編/fu tari.csv,28,1021004020160,円香,チェインで送ります,樋口円香,Landing Point編,fu tari
樋口円香/Landing Point編/fu tari.csv,31,1021004020170,円香,…………,樋口円香,Landing Point編,fu tari
樋口円香/Landing Point編/fu tari.csv,32,1021004020180,円香,……なんでも言っていいんですよね,樋口円香,Landing Point編,fu tari
樋口円香/Landing Point編/fu tari.csv,34,1021004020190,円香,カラオケと何が違うんですか、これ,樋口円香,Landing Point編,fu tari
樋口円香/Landing Point編/fu tari.csv,35,1021004020200,円香,私の歌にどれだけの価値があるのかわかりませんが,樋口円香,Landing Point編,fu tari
樋口円香/Landing Point編/fu tari.csv,36,1021004020210,円香,私ならもっと上手いアーティストのライブに行きます,樋口円香,Landing Point編,fu tari
樋口円香/Landing Point編/fu tari.csv,39,1021004020220,円香,……,樋口円香,Landing Point編,fu tari
樋口円香/Landing Point編/fu tari.csv,43,1021004020230,円香,……エビを出せば私が納得するとでも,樋口円香,Landing Point編,fu tari
樋口円香/Landing Point編/fu tari.csv,45,1021004020240,円香,本当に,樋口円香,Landing Point編,fu tari
樋口円香/Landing Point編/fu tari.csv,46,1021004020250,円香,とてもわかりやすいたとえ,樋口円香,Landing Point編,fu tari
樋口円香/Landing Point編/fu tari.csv,50,0000000000000,円香,……,樋口円香,Landing Point編,fu tari
樋口円香/Landing Point編/fu tari.csv,55,1021004020270,円香,『チケット代のもとが取れるようにはします』,樋口円香,Landing Point編,fu tari
樋口円香/Landing Point編/fu tari.csv,58,0000000000000,円香,…………,樋口円香,Landing Point編,fu tari
樋口円香/Landing Point編/fu tari.csv,59,1021004020290,円香,……,樋口円香,Landing Point編,fu tari
樋口円香/Landing Point編/kore kara.csv,2,1021004010010,円香,では──,樋口円香,Landing Point編,kore kara
樋口円香/Landing Point編/kore kara.csv,3,1021004010020,円香,教えてください,樋口円香,Landing Point編,kore kara
樋口円香/Landing Point編/kore kara.csv,4,1021004010030,円香,アイドルとは？,樋口円香,Landing Point編,kore kara
樋口円香/Landing Point編/kore kara.csv,7,1021004010040,円香,はい,樋口円香,Landing Point編,kore kara
樋口円香/Landing Point編/kore kara.csv,8,1021004010050,円香,ソロライブ,樋口円香,Landing Point編,kore kara
樋口円香/Landing Point編/kore kara.csv,9,1021004010060,円香,今、動いているユニットのワンマンライブとは別？,樋口円香,Landing Point編,kore kara
樋口円香/Landing Point編/kore kara.csv,12,0000000000000,円香,…………,樋口円香,Landing Point編,kore kara
樋口円香/Landing Point編/kore kara.csv,13,1021004010080,円香,どういう意味ですか,樋口円香,Landing Point編,kore kara
樋口円香/Landing Point編/kore kara.csv,15,1021004010090,円香,私が？,樋口円香,Landing Point編,kore kara
樋口円香/Landing Point編/kore kara.csv,16,1021004010100,円香,"あなたが遊び半分で作ったというなら、
この場で破り捨てますが",樋口円香,Landing Point編,kore kara
樋口円香/Landing Point編/kore kara.csv,17,1021004010110,円香,利益になると考えての企画なんですよね,樋口円香,Landing Point編,kore kara
樋口円香/Landing Point編/kore kara.csv,19,1021004010120,円香,それなら私が判断すべきものではないかと,樋口円香,Landing Point編,kore kara
樋口円香/Landing Point編/kore kara.csv,27,0000000000000,円香,…………,樋口円香,Landing Point編,kore kara
樋口円香/Landing Point編/kore kara.csv,28,1021004010140,円香,"……『自由にやった体』ではなく、
本当に自由にやれということなのですね",樋口円香,Landing Point編,kore kara
樋口円香/Landing Point編/kore kara.csv,30,1021004010150,円香,"職務放棄では？
あなたの肩書はなんでしたっけ",樋口円香,Landing Point編,kore kara
樋口円香/Landing Point編/kore kara.csv,33,0000000000000,円香,…………,樋口円香,Landing Point編,kore kara
樋口円香/Landing Point編/kore kara.csv,34,1021004010170,円香,………………,樋口円香,Landing Point編,kore kara
樋口円香/Landing Point編/kore kara.csv,35,1021004010180,円香,…………車、動かさないんですか,樋口円香,Landing Point編,kore kara
樋口円香/Landing Point編/kore kara.csv,36,1021004010190,円香,いつもは走らせながら話すでしょ,樋口円香,Landing Point編,kore kara
樋口円香/Landing Point編/kore kara.csv,39,0000000000000,円香,……………………,樋口円香,Landing Point編,kore kara
樋口円香/Landing Point編/kore kara.csv,41,1021004010210,円香,…………,樋口円香,Landing Point編,kore kara
樋口円香/Landing Point編/kore kara.csv,42,1021004010220,円香,いつもと同じ,樋口円香,Landing Point編,kore kara
樋口円香/Landing Point編/kore kara.csv,43,1021004010230,円香,"そうやって逃げ場を塞いで話をする
──あなたの得意な手口",樋口円香,Landing Point編,kore kara
樋口円香/Landing Point編/kore kara.csv,44,1021004010240,円香,────────……,樋口円香,Landing Point編,kore kara
樋口円香/Landing Point編/mizu kara.csv,2,1021004030010,円香,"よかった
座れて",樋口円香,Landing Point編,mizu kara
樋口円香/Landing Point編/mizu kara.csv,3,1021004030020,円香,満員電車で立ちっぱなしはない,樋口円香,Landing Point編,mizu kara
樋口円香/Landing Point編/mizu kara.csv,4,1021004030030,円香,ねむ……,樋口円香,Landing Point編,mizu kara
樋口円香/Landing Point編/mizu kara.csv,16,1021004030040,円香,ないない,樋口円香,Landing Point編,mizu kara
樋口円香/Landing Point編/mizu kara.csv,17,1021004030050,円香,せっかくいい席に座れたのに,樋口円香,Landing Point編,mizu kara
樋口円香/Landing Point編/mizu kara.csv,18,1021004030060,円香,途中で降りるわけ,樋口円香,Landing Point編,mizu kara
樋口円香/Landing Point編/mizu kara.csv,19,1021004030070,円香,ない,樋口円香,Landing Point編,mizu kara
樋口円香/Landing Point編/mizu kara.csv,21,1021004030080,円香,あーーーーー…………,樋口円香,Landing Point編,mizu kara
樋口円香/Landing Point編/mizu kara.csv,34,1021004030090,円香,自分を,樋口円香,Landing Point編,mizu kara
樋口円香/Landing Point編/mizu kara.csv,35,1021004030100,円香,騙していないだろうか,樋口円香,Landing Point編,mizu kara
樋口円香/Landing Point編/mizu kara.csv,36,1021004030110,円香,私は今でも変わっていない,樋口円香,Landing Point編,mizu kara
樋口円香/Landing Point編/mizu kara.csv,37,1021004030120,円香,私は、誰かのために歌っていない,樋口円香,Landing Point編,mizu kara
樋口円香/Landing Point編/mizu kara.csv,38,1021004030130,円香,あーーーーー…………,樋口円香,Landing Point編,mizu kara
樋口円香/Landing Point編/mizu kara.csv,39,1021004030140,円香,それならこれはきっと,樋口円香,Landing Point編,mizu kara
樋口円香/Landing Point編/mizu kara.csv,40,1021004030150,円香,ただ、衝動のようなもの,樋口円香,Landing Point編,mizu kara
樋口円香/Landing Point編/mizu kara.csv,47,1021004030160,円香,わからない,樋口円香,Landing Point編,mizu kara
樋口円香/Landing Point編/mizu kara.csv,48,1021004030170,円香,歌もダンスも未熟な頃から,樋口円香,Landing Point編,mizu kara
樋口円香/Landing Point編/mizu kara.csv,49,1021004030180,円香,みんな何を,樋口円香,Landing Point編,mizu kara
樋口円香/Landing Point編/mizu kara.csv,52,1021004030190,円香,"あ……はい、ありがとうございます
大丈夫です",樋口円香,Landing Point編,mizu kara
樋口円香/Landing Point編/mizu kara.csv,54,1021004030200,円香,はい,樋口円香,Landing Point編,mizu kara
樋口円香/Landing Point編/mizu kara.csv,55,1021004030210,円香,見ています,樋口円香,Landing Point編,mizu kara
樋口円香/Landing Point編/mizu kara.csv,56,1021004030220,円香,見ています,樋口円香,Landing Point編,mizu kara
樋口円香/Landing Point編/mizu kara.csv,58,1021004030230,円香,見て,樋口円香,Landing Point編,mizu kara
樋口円香/Landing Point編/mizu kara.csv,59,1021004030240,円香,……あ,樋口円香,Landing Point編,mizu kara
樋口円香/Landing Point編/moku suru.csv,3,1021004040010,円香,私は部屋に戻ります,樋口円香,Landing Point編,moku suru
樋口円香/Landing Point編/moku suru.csv,4,1021004040020,円香,風が,樋口円香,Landing Point編,moku suru
樋口円香/Landing Point編/moku suru.csv,5,1021004040030,円香,冷たいので,樋口円香,Landing Point編,moku suru
樋口円香/Landing Point編/moku suru.csv,9,1021004040040,円香,──────♪,樋口円香,Landing Point編,moku suru
樋口円香/Landing Point編/moku suru.csv,21,1021004040050,円香,『ソロライブの販促ポスターについて』,樋口円香,Landing Point編,moku suru
樋口円香/Landing Point編/moku suru.csv,22,1021004040060,円香,『撮影場所の案です』────,樋口円香,Landing Point編,moku suru
樋口円香/Landing Point編/moku suru.csv,39,1021004040070,円香,……お疲れ様です,樋口円香,Landing Point編,moku suru
樋口円香/Landing Point編/moku suru.csv,42,1021004040080,円香,いえ、問題ありません,樋口円香,Landing Point編,moku suru
樋口円香/Landing Point編/moku suru.csv,45,1021004040090,円香,……どういう意味ですか,樋口円香,Landing Point編,moku suru
樋口円香/Landing Point編/moku suru.csv,47,1021004040100,円香,それはいいことですね,樋口円香,Landing Point編,moku suru
樋口円香/Landing Point編/moku suru.csv,50,1021004040110,円香,"なんですか
はっきり言ってください",樋口円香,Landing Point編,moku suru
樋口円香/Landing Point編/moku suru.csv,52,1021004040120,円香,ありません,樋口円香,Landing Point編,moku suru
樋口円香/Landing Point編/moku suru.csv,55,1021004040130,円香,"……強いて言うなら、
日が昇る前のチェインに迷惑したことくらいですかね",樋口円香,Landing Point編,moku suru
樋口円香/Landing Point編/moku suru.csv,57,1021004040140,円香,あなたのことです,樋口円香,Landing Point編,moku suru
樋口円香/Landing Point編/yoru ni.csv,16,1021004050010,円香,"遠くには行きませんので
ご心配なく",樋口円香,Landing Point編,yoru ni
樋口円香/Landing Point編/yoru ni.csv,18,1021004050020,円香,それって,樋口円香,Landing Point編,yoru ni
樋口円香/Landing Point編/yoru ni.csv,19,1021004050030,円香,あなたがいれば安全ってこと？,樋口円香,Landing Point編,yoru ni
樋口円香/Landing Point編/yoru ni.csv,21,1021004050040,円香,"そうですか
騒がしいと思いますが",樋口円香,Landing Point編,yoru ni
樋口円香/Landing Point編/yoru ni.csv,26,1021004050050,円香,……でも、そこに立たせたいんでしょう,樋口円香,Landing Point編,yoru ni
樋口円香/Landing Point編/yoru ni.csv,27,1021004050060,円香,あなたがソロライブを企画した理由はわかっています,樋口円香,Landing Point編,yoru ni
樋口円香/Landing Point編/yoru ni.csv,28,1021004050070,円香,世間に私の価値を知らしめたいから,樋口円香,Landing Point編,yoru ni
樋口円香/Landing Point編/yoru ni.csv,29,1021004050080,円香,ですよね,樋口円香,Landing Point編,yoru ni
樋口円香/Landing Point編/yoru ni.csv,35,1021004050090,円香,……………………,樋口円香,Landing Point編,yoru ni
樋口円香/Landing Point編/yoru ni.csv,36,1021004050100,円香,何？,樋口円香,Landing Point編,yoru ni
樋口円香/Landing Point編/yoru ni.csv,41,0000000000000,円香,…………,樋口円香,Landing Point編,yoru ni
樋口円香/Landing Point編/yoru ni.csv,46,0000000000000,円香,…………,樋口円香,Landing Point編,yoru ni
樋口円香/Landing Point編/yoru ni.csv,48,1021004050130,円香,………………,樋口円香,Landing Point編,yoru ni
樋口円香/Landing Point編/yoru ni.csv,49,1021004050140,円香,………………でしょうね,樋口円香,Landing Point編,yoru ni
樋口円香/Landing Point編/yoru ni.csv,50,1021004050150,円香,アイドルとは────,樋口円香,Landing Point編,yoru ni
樋口円香/Landing Point編/yoru ni.csv,51,1021004050160,円香,生き様を見せるもの,樋口円香,Landing Point編,yoru ni
樋口円香/Landing Point編/yoru ni.csv,52,1021004050170,円香,"ファンが見ているのは、
歌ではない、ダンスでもない",樋口円香,Landing Point編,yoru ni
樋口円香/Landing Point編/yoru ni.csv,53,1021004050180,円香,────私、そのもの,樋口円香,Landing Point編,yoru ni
樋口円香/Landing Point編/yoru ni.csv,54,1021004050190,円香,私を見て、楽しみ、喜び、悲しみ、嗤い、誹る,樋口円香,Landing Point編,yoru ni
樋口円香/Landing Point編/yoru ni.csv,55,1021004050200,円香,私は娯楽のための見世物じゃない……,樋口円香,Landing Point編,yoru ni
樋口円香/Landing Point編/yoru ni.csv,57,1021004050210,円香,私は誰にも縛られない……,樋口円香,Landing Point編,yoru ni
樋口円香/Landing Point編/yoru ni.csv,65,1021004050220,円香,………………っ,樋口円香,Landing Point編,yoru ni
樋口円香/Landing Point編/yoru ni.csv,66,1021004050230,円香,………,樋口円香,Landing Point編,yoru ni
樋口円香/Landing Point編/yoru ni.csv,74,1021004050240,円香,…………るさい、うるさい、うるさい……っ,樋口円香,Landing Point編,yoru ni
樋口円香/Landing Point編/yoru ni.csv,75,1021004050250,円香,──────…………！,樋口円香,Landing Point編,yoru ni
樋口円香/Landing Point編/yoru ni.csv,76,1021004050260,円香,………！,樋口円香,Landing Point編,yoru ni
樋口円香/Landing Point編/yoru ni.csv,79,1021004050270,円香,…………っ,樋口円香,Landing Point編,yoru ni
樋口円香/Landing Point編/yoru ni.csv,81,1021004050280,円香,…………,樋口円香,Landing Point編,yoru ni
樋口円香/Landing Point編/yoru ni.csv,83,1021004050290,円香,…………,樋口円香,Landing Point編,yoru ni
樋口円香/Landing Point編/yoru ni.csv,84,1021004050300,円香,あなたを掴むくらいなら溺れて死ぬ,樋口円香,Landing Point編,yoru ni
樋口円香/Landing Point編/yoru ni.csv,89,0000000000000,円香,………………,樋口円香,Landing Point編,yoru ni
樋口円香/Landing Point編/yoru ni.csv,91,1021004050310,円香,…………っ,樋口円香,Landing Point編,yoru ni
樋口円香/Landing Point編/yoru ni.csv,93,1021004050320,円香,……………………,樋口円香,Landing Point編,yoru ni
樋口円香/Landing Point編/yoru ni.csv,94,1021004050330,円香,………,樋口円香,Landing Point編,yoru ni
樋口円香/Landing Point編/yoru ni.csv,95,1021004050340,円香,嫌い……,樋口円香,Landing Point編,yoru ni
樋口円香/Landing Point編/yoru ni.csv,96,1021004050350,円香,……本当に……,樋口円香,Landing Point編,yoru ni
樋口円香/Landing Point編/yoru ni.csv,97,1021004050360,円香,……………………,樋口円香,Landing Point編,yoru ni
樋口円香/Landing Point編/ライブ1曲目前コミュ《個人》.csv,4,6021004010010,円香,本番直前に聞くことですか、それ,樋口円香,Landing Point編,ライブ1曲目前コミュ《個人》
樋口円香/Landing Point編/ライブ1曲目前コミュ《個人》.csv,5,6021004010020,円香,……問題ありません,樋口円香,Landing Point編,ライブ1曲目前コミュ《個人》
樋口円香/Landing Point編/ライブ1曲目前コミュ《個人》.csv,7,0000000000000,円香,………………,樋口円香,Landing Point編,ライブ1曲目前コミュ《個人》
樋口円香/Landing Point編/ライブ1曲目前コミュ《個人》.csv,8,6021004010040,円香,"私は誤解していたかもしれません
あなたのことを──",樋口円香,Landing Point編,ライブ1曲目前コミュ《個人》
樋口円香/Landing Point編/ライブ1曲目前コミュ《個人》.csv,9,6021004010050,円香,あなたはアイドルをプロデュースしていない,樋口円香,Landing Point編,ライブ1曲目前コミュ《個人》
樋口円香/Landing Point編/ライブ1曲目前コミュ《個人》.csv,10,6021004010060,円香,私をプロデュースしようとしている,樋口円香,Landing Point編,ライブ1曲目前コミュ《個人》
樋口円香/Landing Point編/ライブ1曲目前コミュ《個人》.csv,11,6021004010070,円香,……そう見える,樋口円香,Landing Point編,ライブ1曲目前コミュ《個人》
樋口円香/Landing Point編/ライブ1曲目前コミュ《個人》.csv,12,6021004010080,円香,…………いい迷惑,樋口円香,Landing Point編,ライブ1曲目前コミュ《個人》
樋口円香/Landing Point編/ライブ2曲目前コミュ《個人》.csv,2,6021004020010,円香,……お越しくださいましてありがとうございます,樋口円香,Landing Point編,ライブ2曲目前コミュ《個人》
樋口円香/Landing Point編/ライブ2曲目前コミュ《個人》.csv,3,6021004020020,円香,みなさんと会えたことをとても嬉しく思います,樋口円香,Landing Point編,ライブ2曲目前コミュ《個人》
樋口円香/Landing Point編/ライブ2曲目前コミュ《個人》.csv,4,6021004020030,円香,………………,樋口円香,Landing Point編,ライブ2曲目前コミュ《個人》
樋口円香/Landing Point編/ライブ2曲目前コミュ《個人》.csv,5,6021004020040,円香,私は…………,樋口円香,Landing Point編,ライブ2曲目前コミュ《個人》
樋口円香/Landing Point編/ライブ2曲目前コミュ《個人》.csv,6,6021004020050,円香,歌は耳で聞くものではなく,樋口円香,Landing Point編,ライブ2曲目前コミュ《個人》
樋口円香/Landing Point編/ライブ2曲目前コミュ《個人》.csv,7,6021004020060,円香,心で、聞くものだと思います,樋口円香,Landing Point編,ライブ2曲目前コミュ《個人》
樋口円香/Landing Point編/ライブ2曲目前コミュ《個人》.csv,8,6021004020070,円香,"みなさんの心を……
生き方を通して響く歌です",樋口円香,Landing Point編,ライブ2曲目前コミュ《個人》
樋口円香/Landing Point編/ライブ2曲目前コミュ《個人》.csv,9,6021004020080,円香,だから、世界にひとつとして同じ歌はありません,樋口円香,Landing Point編,ライブ2曲目前コミュ《個人》
樋口円香/Landing Point編/ライブ2曲目前コミュ《個人》.csv,10,6021004020090,円香,──今日ここで、あなたの歌を聞いてください,樋口円香,Landing Point編,ライブ2曲目前コミュ《個人》
樋口円香/Landing Point編/ライブ3曲目前コミュ《個人》.csv,2,6021004030010,円香,────………………,樋口円香,Landing Point編,ライブ3曲目前コミュ《個人》
樋口円香/Landing Point編/ライブ3曲目前コミュ《個人》.csv,3,6021004030020,円香,…………,樋口円香,Landing Point編,ライブ3曲目前コミュ《個人》
樋口円香/Landing Point編/ライブ3曲目前コミュ《個人》.csv,9,6021004030030,円香,"すみません
話は後にしてもらえますか",樋口円香,Landing Point編,ライブ3曲目前コミュ《個人》
樋口円香/Landing Point編/ライブ3曲目前コミュ《個人》.csv,10,6021004030040,円香,今、集中しているので,樋口円香,Landing Point編,ライブ3曲目前コミュ《個人》
樋口円香/Landing Point編/ライブ3曲目前コミュ《個人》.csv,11,6021004030050,円香,とても集中しているので,樋口円香,Landing Point編,ライブ3曲目前コミュ《個人》
樋口円香/Landing Point編/ライブ後コミュ《個人》 大成功.csv,2,6021004040010,円香,…………,樋口円香,Landing Point編,ライブ後コミュ《個人》 大成功
樋口円香/Landing Point編/ライブ後コミュ《個人》 大成功.csv,6,6021004040020,円香,……お疲れ様です,樋口円香,Landing Point編,ライブ後コミュ《個人》 大成功
樋口円香/Landing Point編/ライブ後コミュ《個人》 大成功.csv,7,6021004040030,円香,プロデューサー,樋口円香,Landing Point編,ライブ後コミュ《個人》 大成功
樋口円香/Landing Point編/ライブ後コミュ《個人》 成功.csv,2,6021004040010,円香,…………,樋口円香,Landing Point編,ライブ後コミュ《個人》 成功
樋口円香/Landing Point編/ライブ後コミュ《個人》 成功.csv,6,6021004040020,円香,……お疲れ様です,樋口円香,Landing Point編,ライブ後コミュ《個人》 成功
樋口円香/Morning/produce_communications_102100100011.csv,3,1021001000110010,円香,はい,樋口円香,Morning,produce_communications_102100100011
樋口円香/Morning/produce_communications_102100100011.csv,4,1021001000110020,円香,…………,樋口円香,Morning,produce_communications_102100100011
樋口円香/Morning/produce_communications_102100100011.csv,9,1021001000110030,円香,はい,樋口円香,Morning,produce_communications_102100100011
樋口円香/Morning/produce_communications_102100100011.csv,10,1021001000110040,円香,知っています,樋口円香,Morning,produce_communications_102100100011
樋口円香/Morning/produce_communications_102100100011.csv,12,1021001000110050,円香,……つまらない質問,樋口円香,Morning,produce_communications_102100100011
樋口円香/Morning/produce_communications_102100100011.csv,13,1021001000110060,円香,"そこからどうやって会話を広げるのか、
逆に見ものですね",樋口円香,Morning,produce_communications_102100100011
樋口円香/Morning/produce_communications_102100100011.csv,15,1021001000110070,円香,話しかけないでください,樋口円香,Morning,produce_communications_102100100011
樋口円香/Morning/produce_communications_102100100011.csv,16,1021001000110080,円香,無駄な会話にエネルギーを使いたくないので,樋口円香,Morning,produce_communications_102100100011
樋口円香/Morning/produce_communications_102100100021.csv,3,1021001000210010,円香,おはようございます,樋口円香,Morning,produce_communications_102100100021
樋口円香/Morning/produce_communications_102100100021.csv,4,1021001000210020,円香,"私のことは構わず、
どうぞ仕事に集中してください",樋口円香,Morning,produce_communications_102100100021
樋口円香/Morning/produce_communications_102100100021.csv,9,1021001000210030,円香,……みんなにも関わることですか？,樋口円香,Morning,produce_communications_102100100021
樋口円香/Morning/produce_communications_102100100021.csv,10,1021001000210040,円香,"従うかどうかは聞いてから考えますが
とりあえず、話してください",樋口円香,Morning,produce_communications_102100100021
樋口円香/Morning/produce_communications_102100100021.csv,12,1021001000210050,円香,はい、わかりました,樋口円香,Morning,produce_communications_102100100021
樋口円香/Morning/produce_communications_102100100021.csv,13,1021001000210060,円香,見ておきます,樋口円香,Morning,produce_communications_102100100021
樋口円香/Morning/produce_communications_102100100021.csv,15,1021001000210070,円香,あなたに話せることがあるんですか？,樋口円香,Morning,produce_communications_102100100021
樋口円香/Morning/produce_communications_102100100021.csv,16,1021001000210080,円香,余計なアドバイスなら結構です,樋口円香,Morning,produce_communications_102100100021
樋口円香/Morning/produce_communications_102100100031.csv,4,1021001000310010,円香,無いです,樋口円香,Morning,produce_communications_102100100031
樋口円香/Morning/produce_communications_102100100031.csv,9,1021001000310020,円香,あるので大丈夫です,樋口円香,Morning,produce_communications_102100100031
樋口円香/Morning/produce_communications_102100100031.csv,10,1021001000310030,円香,お構いなく,樋口円香,Morning,produce_communications_102100100031
樋口円香/Morning/produce_communications_102100100031.csv,12,1021001000310040,円香,しません,樋口円香,Morning,produce_communications_102100100031
樋口円香/Morning/produce_communications_102100100031.csv,13,1021001000310050,円香,貸しを作りたくないので,樋口円香,Morning,produce_communications_102100100031
樋口円香/Morning/produce_communications_102100100031.csv,15,1021001000310060,円香,は？,樋口円香,Morning,produce_communications_102100100031
樋口円香/Morning/produce_communications_102100100031.csv,16,1021001000310070,円香,"欲しいものは無いと言っているのに、
なんのためですか？",樋口円香,Morning,produce_communications_102100100031
樋口円香/Morning/produce_communications_102100100041.csv,2,1021001000410010,円香,これ,樋口円香,Morning,produce_communications_102100100041
樋口円香/Morning/produce_communications_102100100041.csv,4,1021001000410020,円香,"他に誰もいなかったので、
私が受け取っておきました",樋口円香,Morning,produce_communications_102100100041
樋口円香/Morning/produce_communications_102100100041.csv,9,1021001000410030,円香,……こういう時は対応してもいいんですか？,樋口円香,Morning,produce_communications_102100100041
樋口円香/Morning/produce_communications_102100100041.csv,10,1021001000410040,円香,"勝手に受け取っていいものか、
判断できないことに後で気付きまして",樋口円香,Morning,produce_communications_102100100041
樋口円香/Morning/produce_communications_102100100041.csv,12,1021001000410050,円香,いえ,樋口円香,Morning,produce_communications_102100100041
樋口円香/Morning/produce_communications_102100100041.csv,13,1021001000410060,円香,それでは,樋口円香,Morning,produce_communications_102100100041
樋口円香/Morning/produce_communications_102100100041.csv,15,1021001000410070,円香,……私がそこまで非常識だと思いますか,樋口円香,Morning,produce_communications_102100100041
樋口円香/Morning/produce_communications_102100100041.csv,16,1021001000410080,円香,それとも、見られたらまずいものでした？,樋口円香,Morning,produce_communications_102100100041
樋口円香/Morning/produce_communications_102100100051.csv,2,1021001000510010,円香,……窓を開けますね,樋口円香,Morning,produce_communications_102100100051
樋口円香/Morning/produce_communications_102100100051.csv,4,1021001000510020,円香,"空気がこもっているので
換気のために",樋口円香,Morning,produce_communications_102100100051
樋口円香/Morning/produce_communications_102100100051.csv,9,1021001000510030,円香,はい,樋口円香,Morning,produce_communications_102100100051
樋口円香/Morning/produce_communications_102100100051.csv,10,1021001000510040,円香,……気持ちいい,樋口円香,Morning,produce_communications_102100100051
樋口円香/Morning/produce_communications_102100100051.csv,12,1021001000510050,円香,そうですか？,樋口円香,Morning,produce_communications_102100100051
樋口円香/Morning/produce_communications_102100100051.csv,13,1021001000510060,円香,私はちょうどいいです,樋口円香,Morning,produce_communications_102100100051
樋口円香/Morning/produce_communications_102100100051.csv,15,1021001000510070,円香,"空気を入れ換えている間くらい
我慢できないんですか",樋口円香,Morning,produce_communications_102100100051
樋口円香/Morning/produce_communications_102100100051.csv,16,1021001000510080,円香,"それに、うるさいというなら、
あなたの声の方がよほど耳障りです",樋口円香,Morning,produce_communications_102100100051
樋口円香/Morning/produce_communications_102100100061.csv,2,1021001000610010,円香,……,樋口円香,Morning,produce_communications_102100100061
樋口円香/Morning/produce_communications_102100100061.csv,3,1021001000610020,円香,"今日の事務所、
……いい香りがします",樋口円香,Morning,produce_communications_102100100061
樋口円香/Morning/produce_communications_102100100061.csv,5,1021001000610030,円香,…………,樋口円香,Morning,produce_communications_102100100061
樋口円香/Morning/produce_communications_102100100061.csv,9,1021001000610040,円香,あ、新しい花……,樋口円香,Morning,produce_communications_102100100061
樋口円香/Morning/produce_communications_102100100061.csv,10,1021001000610050,円香,ちゃんと世話をしている人がいるんですね……,樋口円香,Morning,produce_communications_102100100061
樋口円香/Morning/produce_communications_102100100061.csv,12,1021001000610060,円香,……それはいつもですよね。あなたのせいで,樋口円香,Morning,produce_communications_102100100061
樋口円香/Morning/produce_communications_102100100061.csv,13,1021001000610070,円香,私が言っているのは違います,樋口円香,Morning,produce_communications_102100100061
樋口円香/Morning/produce_communications_102100100061.csv,15,1021001000610080,円香,え、あなたのシャツの……？,樋口円香,Morning,produce_communications_102100100061
樋口円香/Morning/produce_communications_102100100061.csv,16,1021001000610090,円香,はぁ……言うんじゃなかった……,樋口円香,Morning,produce_communications_102100100061
樋口円香/Morning/produce_communications_102100100071.csv,2,1021001000710010,円香,"今日は朝から出かけるって
言ってませんでしたっけ",樋口円香,Morning,produce_communications_102100100071
樋口円香/Morning/produce_communications_102100100071.csv,4,1021001000710020,円香,あの時計、止まっていますよ,樋口円香,Morning,produce_communications_102100100071
樋口円香/Morning/produce_communications_102100100071.csv,9,1021001000710030,円香,……はいはい,樋口円香,Morning,produce_communications_102100100071
樋口円香/Morning/produce_communications_102100100071.csv,10,1021001000710040,円香,"せいぜい頑張って、
コメツキバッタみたいに謝ってきてください",樋口円香,Morning,produce_communications_102100100071
樋口円香/Morning/produce_communications_102100100071.csv,12,1021001000710050,円香,やっぱり気付いてなかったんですね,樋口円香,Morning,produce_communications_102100100071
樋口円香/Morning/produce_communications_102100100071.csv,13,1021001000710060,円香,だとしても、時間感覚が無さすぎじゃないですか,樋口円香,Morning,produce_communications_102100100071
樋口円香/Morning/produce_communications_102100100071.csv,15,1021001000710070,円香,大声、出さないでください,樋口円香,Morning,produce_communications_102100100071
樋口円香/Morning/produce_communications_102100100071.csv,16,1021001000710080,円香,……教えなければよかった,樋口円香,Morning,produce_communications_102100100071
樋口円香/Morning/produce_communications_102100100081.csv,3,1021001000810010,円香,……スマホの充電が切れたので,樋口円香,Morning,produce_communications_102100100081
樋口円香/Morning/produce_communications_102100100081.csv,5,1021001000810020,円香,……あったらとっくにしています,樋口円香,Morning,produce_communications_102100100081
樋口円香/Morning/produce_communications_102100100081.csv,9,1021001000810030,円香,いえ、あなたに貸しは作りたくないので……,樋口円香,Morning,produce_communications_102100100081
樋口円香/Morning/produce_communications_102100100081.csv,10,1021001000810040,円香,………………少しだけ借ります,樋口円香,Morning,produce_communications_102100100081
樋口円香/Morning/produce_communications_102100100081.csv,12,1021001000810050,円香,家に忘れただけだと思います,樋口円香,Morning,produce_communications_102100100081
樋口円香/Morning/produce_communications_102100100081.csv,13,1021001000810060,円香,"あ、もしかして透の家……？
それかレッスン室とか……",樋口円香,Morning,produce_communications_102100100081
樋口円香/Morning/produce_communications_102100100081.csv,15,1021001000810070,円香,別にいいでしょ,樋口円香,Morning,produce_communications_102100100081
樋口円香/Morning/produce_communications_102100100081.csv,16,1021001000810080,円香,ほっといてください,樋口円香,Morning,produce_communications_102100100081
樋口円香/Morning/produce_communications_102100100091.csv,2,1021001000910010,円香,そういえば──,樋口円香,Morning,produce_communications_102100100091
樋口円香/Morning/produce_communications_102100100091.csv,3,1021001000910020,円香,"この間、浅倉からあなたの写真が
送られてきたんですが",樋口円香,Morning,produce_communications_102100100091
樋口円香/Morning/produce_communications_102100100091.csv,4,1021001000910030,円香,──なんですかこれ。どういうつもり？,樋口円香,Morning,produce_communications_102100100091
樋口円香/Morning/produce_communications_102100100091.csv,9,1021001000910040,円香,…………………………,樋口円香,Morning,produce_communications_102100100091
樋口円香/Morning/produce_communications_102100100091.csv,10,1021001000910050,円香,"はい、よく言葉を選べましたね
ミスター・不純物",樋口円香,Morning,produce_communications_102100100091
樋口円香/Morning/produce_communications_102100100091.csv,12,1021001000910060,円香,"はあ、そうですね
浅倉とツーショットでピース？",樋口円香,Morning,produce_communications_102100100091
樋口円香/Morning/produce_communications_102100100091.csv,13,1021001000910070,円香,どうでもいいけど、二度としないで,樋口円香,Morning,produce_communications_102100100091
樋口円香/Morning/produce_communications_102100100091.csv,15,1021001000910080,円香,は？,樋口円香,Morning,produce_communications_102100100091
樋口円香/Morning/produce_communications_102100100091.csv,16,1021001000910090,円香,浅倉のせいにするの？　は？,樋口円香,Morning,produce_communications_102100100091
樋口円香/Morning/produce_communications_102100100101.csv,3,1021001001010010,円香,答えません,樋口円香,Morning,produce_communications_102100100101
樋口円香/Morning/produce_communications_102100100101.csv,5,1021001001010020,円香,……プライベートです,樋口円香,Morning,produce_communications_102100100101
樋口円香/Morning/produce_communications_102100100101.csv,9,1021001001010030,円香,あなたと一緒にしないでください,樋口円香,Morning,produce_communications_102100100101
樋口円香/Morning/produce_communications_102100100101.csv,10,1021001001010040,円香,知らないけど,樋口円香,Morning,produce_communications_102100100101
樋口円香/Morning/produce_communications_102100100101.csv,12,1021001001010050,円香,"必要な時にはやりますが、
でも、それくらいは普通でしょ？",樋口円香,Morning,produce_communications_102100100101
樋口円香/Morning/produce_communications_102100100101.csv,13,1021001001010060,円香,机にかじりつくような優等生にでも見えましたか,樋口円香,Morning,produce_communications_102100100101
樋口円香/Morning/produce_communications_102100100101.csv,15,1021001001010070,円香,……その聞き方から察するに,樋口円香,Morning,produce_communications_102100100101
樋口円香/Morning/produce_communications_102100100101.csv,16,1021001001010080,円香,あなたは休みの日以外、家事をしないみたいですね,樋口円香,Morning,produce_communications_102100100101
樋口円香/Morning/produce_communications_102100100111.csv,3,1021001001110010,円香,"今、台本に集中しているんです
見てわかりませんか",樋口円香,Morning,produce_communications_102100100111
樋口円香/Morning/produce_communications_102100100111.csv,5,1021001001110020,円香,…………,樋口円香,Morning,produce_communications_102100100111
樋口円香/Morning/produce_communications_102100100111.csv,9,1021001001110030,円香,……………………,樋口円香,Morning,produce_communications_102100100111
樋口円香/Morning/produce_communications_102100100111.csv,10,1021001001110040,円香,………………………………取れた？,樋口円香,Morning,produce_communications_102100100111
樋口円香/Morning/produce_communications_102100100111.csv,12,1021001001110050,円香,ふうん、詳しいんですね,樋口円香,Morning,produce_communications_102100100111
樋口円香/Morning/produce_communications_102100100111.csv,13,1021001001110060,円香,差し上げるので、早く持っていってください,樋口円香,Morning,produce_communications_102100100111
樋口円香/Morning/produce_communications_102100100111.csv,15,1021001001110070,円香,…………,樋口円香,Morning,produce_communications_102100100111
樋口円香/Morning/produce_communications_102100100111.csv,16,1021001001110080,円香,……早く、どうにかして,樋口円香,Morning,produce_communications_102100100111
樋口円香/Morning/produce_communications_102100100121.csv,3,1021001001210010,円香,どちらでも,樋口円香,Morning,produce_communications_102100100121
樋口円香/Morning/produce_communications_102100100121.csv,5,1021001001210020,円香,は？,樋口円香,Morning,produce_communications_102100100121
樋口円香/Morning/produce_communications_102100100121.csv,10,1021001001210030,円香,──私の勝ちですね,樋口円香,Morning,produce_communications_102100100121
樋口円香/Morning/produce_communications_102100100121.csv,11,1021001001210040,円香,……チェリーで,樋口円香,Morning,produce_communications_102100100121
樋口円香/Morning/produce_communications_102100100121.csv,13,1021001001210050,円香,──で、あいこの場合は？,樋口円香,Morning,produce_communications_102100100121
樋口円香/Morning/produce_communications_102100100121.csv,14,1021001001210060,円香,"はぁ、とにかくどうでもいいので、
適当にください",樋口円香,Morning,produce_communications_102100100121
樋口円香/Morning/produce_communications_102100100121.csv,16,1021001001210070,円香,何、ひとりではしゃいでいるんですか,樋口円香,Morning,produce_communications_102100100121
樋口円香/Morning/produce_communications_102100100121.csv,17,1021001001210080,円香,付き合いませんよ,樋口円香,Morning,produce_communications_102100100121
樋口円香/Morning/produce_communications_102100100131.csv,3,1021001001310010,円香,おはようございます,樋口円香,Morning,produce_communications_102100100131
樋口円香/Morning/produce_communications_102100100131.csv,5,1021001001310020,円香,……話の前に、するべきことは？,樋口円香,Morning,produce_communications_102100100131
樋口円香/Morning/produce_communications_102100100131.csv,9,1021001001310030,円香,"そうですね。あなたからもらう風邪とか、
発熱よりも絶望の方で寝込みます",樋口円香,Morning,produce_communications_102100100131
樋口円香/Morning/produce_communications_102100100131.csv,10,1021001001310040,円香,いますぐ息を止めて、回れ右,樋口円香,Morning,produce_communications_102100100131
樋口円香/Morning/produce_communications_102100100131.csv,12,1021001001310050,円香,はい、満点の答えです,樋口円香,Morning,produce_communications_102100100131
樋口円香/Morning/produce_communications_102100100131.csv,13,1021001001310060,円香,"赤ちゃん基準の採点ですが
さすがでちゅね",樋口円香,Morning,produce_communications_102100100131
樋口円香/Morning/produce_communications_102100100131.csv,15,1021001001310070,円香,わかっているなら早くして,樋口円香,Morning,produce_communications_102100100131
樋口円香/Morning/produce_communications_102100100131.csv,16,1021001001310080,円香,ああ、消滅しないように気をつけてくださいね,樋口円香,Morning,produce_communications_102100100131
樋口円香/Morning/produce_communications_102100100141.csv,3,1021001001410010,円香,……昨日と一緒ですが,樋口円香,Morning,produce_communications_102100100141
樋口円香/Morning/produce_communications_102100100141.csv,9,1021001001410030,円香,"……さっきからなんですか？
些細な変化にも気付けちゃうアピール？",樋口円香,Morning,produce_communications_102100100141
樋口円香/Morning/produce_communications_102100100141.csv,10,1021001001410040,円香,色気付いた中学生みたい……ふふっ,樋口円香,Morning,produce_communications_102100100141
樋口円香/Morning/produce_communications_102100100141.csv,12,1021001001410050,円香,じろじろ見ないでください,樋口円香,Morning,produce_communications_102100100141
樋口円香/Morning/produce_communications_102100100141.csv,13,1021001001410060,円香,普通に考えて失礼な行動はやめてもらえますか,樋口円香,Morning,produce_communications_102100100141
樋口円香/Morning/produce_communications_102100100141.csv,15,1021001001410070,円香,え、こわ……,樋口円香,Morning,produce_communications_102100100141
樋口円香/Morning/produce_communications_102100100141.csv,16,1021001001410080,円香,近づかないでください……,樋口円香,Morning,produce_communications_102100100141
樋口円香/Morning/produce_communications_102100100151.csv,3,1021001001510010,円香,……,樋口円香,Morning,produce_communications_102100100151
樋口円香/Morning/produce_communications_102100100151.csv,4,1021001001510020,円香,"……ああ、やっぱり
あなたに撮ってもらうのは無しで",樋口円香,Morning,produce_communications_102100100151
樋口円香/Morning/produce_communications_102100100151.csv,5,1021001001510030,円香,"写真は自撮りにします
サイトにはそれを使ってください",樋口円香,Morning,produce_communications_102100100151
樋口円香/Morning/produce_communications_102100100151.csv,9,1021001001510040,円香,……,樋口円香,Morning,produce_communications_102100100151
樋口円香/Morning/produce_communications_102100100151.csv,10,1021001001510050,円香,ん…………,樋口円香,Morning,produce_communications_102100100151
樋口円香/Morning/produce_communications_102100100151.csv,12,1021001001510060,円香,うわ……,樋口円香,Morning,produce_communications_102100100151
樋口円香/Morning/produce_communications_102100100151.csv,13,1021001001510070,円香,"動かないでそのまま……
………………ん、撮りますよ",樋口円香,Morning,produce_communications_102100100151
樋口円香/Morning/produce_communications_102100100151.csv,15,1021001001510080,円香,……何それ、最低,樋口円香,Morning,produce_communications_102100100151
樋口円香/Morning/produce_communications_102100100151.csv,16,1021001001510090,円香,そんなので絶対に笑いませんので,樋口円香,Morning,produce_communications_102100100151
樋口円香/S.T.E.P編/描く空は澄んでいた.csv,4,1021005050010,円香,……何？,樋口円香,S.T.E.P編,描く空は澄んでいた
樋口円香/S.T.E.P編/描く空は澄んでいた.csv,8,1021005050020,円香,"さあ？
本人に聞いたら",樋口円香,S.T.E.P編,描く空は澄んでいた
樋口円香/S.T.E.P編/描く空は澄んでいた.csv,9,1021005050030,円香,確実に知りたければね,樋口円香,S.T.E.P編,描く空は澄んでいた
樋口円香/S.T.E.P編/描く空は澄んでいた.csv,13,1021005050050,円香,……なんで,樋口円香,S.T.E.P編,描く空は澄んでいた
樋口円香/S.T.E.P編/描く空は澄んでいた.csv,16,1021005050080,円香,"……本日100回目
浅倉のこと聞かれたの",樋口円香,S.T.E.P編,描く空は澄んでいた
樋口円香/S.T.E.P編/描く空は澄んでいた.csv,20,1021005050120,円香,"私もやることになったから
アイドル",樋口円香,S.T.E.P編,描く空は澄んでいた
樋口円香/S.T.E.P編/描く空は澄んでいた.csv,21,1021005050130,円香,浅倉と同じ事務所で,樋口円香,S.T.E.P編,描く空は澄んでいた
樋口円香/S.T.E.P編/描く空は澄んでいた.csv,23,1021005050132,透＆円香,…………,樋口円香,S.T.E.P編,描く空は澄んでいた
樋口円香/S.T.E.P編/描く空は澄んでいた.csv,26,1021005050160,円香,"まだ契約しただけ
たいしたことしてない",樋口円香,S.T.E.P編,描く空は澄んでいた
樋口円香/S.T.E.P編/描く空は澄んでいた.csv,27,1021005050170,円香,今の連絡だって、レッスンのことだから,樋口円香,S.T.E.P編,描く空は澄んでいた
樋口円香/S.T.E.P編/描く空は澄んでいた.csv,30,1021005050200,円香,そんな楽しいものじゃない,樋口円香,S.T.E.P編,描く空は澄んでいた
樋口円香/S.T.E.P編/描く空は澄んでいた.csv,32,1021005050220,円香,"買いに行く？
私も汗吸うタオル欲しいし",樋口円香,S.T.E.P編,描く空は澄んでいた
樋口円香/S.T.E.P編/描く空は澄んでいた.csv,36,1021005050260,円香,了解,樋口円香,S.T.E.P編,描く空は澄んでいた
樋口円香/S.T.E.P編/描く空は澄んでいた.csv,45,1021005050350,円香,────────……,樋口円香,S.T.E.P編,描く空は澄んでいた
樋口円香/S.T.E.P編/描く空は澄んでいた.csv,46,1021005050360,円香,『承知しました』,樋口円香,S.T.E.P編,描く空は澄んでいた
樋口円香/S.T.E.P編/描く空は澄んでいた.csv,47,1021005050370,円香,…………,樋口円香,S.T.E.P編,描く空は澄んでいた
樋口円香/S.T.E.P編/描く空は澄んでいた.csv,48,1021005050380,円香,『それから』,樋口円香,S.T.E.P編,描く空は澄んでいた
樋口円香/S.T.E.P編/描く空は澄んでいた.csv,49,1021005050390,円香,『あなたが言った絵空事』,樋口円香,S.T.E.P編,描く空は澄んでいた
樋口円香/S.T.E.P編/描く空は澄んでいた.csv,50,1021005050400,円香,『理由はそれだけ』,樋口円香,S.T.E.P編,描く空は澄んでいた
樋口円香/S.T.E.P編/歌声もきれぎれに.csv,3,1021005060010,円香,"特に問題ありません
いつも通り",樋口円香,S.T.E.P編,歌声もきれぎれに
樋口円香/S.T.E.P編/歌声もきれぎれに.csv,6,1021005060020,円香,"暇だったんですね
お待たせしてすみません",樋口円香,S.T.E.P編,歌声もきれぎれに
樋口円香/S.T.E.P編/歌声もきれぎれに.csv,9,1021005060030,円香,………………,樋口円香,S.T.E.P編,歌声もきれぎれに
樋口円香/S.T.E.P編/歌声もきれぎれに.csv,10,1021005060040,円香,"……あなたは変わらないですね
あの時からずっと",樋口円香,S.T.E.P編,歌声もきれぎれに
樋口円香/S.T.E.P編/歌声もきれぎれに.csv,11,1021005060050,円香,私は……────,樋口円香,S.T.E.P編,歌声もきれぎれに
樋口円香/S.T.E.P編/歌声もきれぎれに.csv,21,1021005060110,円香,私はここでも大丈夫ですが,樋口円香,S.T.E.P編,歌声もきれぎれに
樋口円香/S.T.E.P編/歌声もきれぎれに.csv,22,1021005060120,円香,"……ここからなら
電車でも帰れるので",樋口円香,S.T.E.P編,歌声もきれぎれに
樋口円香/S.T.E.P編/歌声もきれぎれに.csv,24,1021005060130,円香,"お気遣いなく
駅とかその辺で買えばいいだけ",樋口円香,S.T.E.P編,歌声もきれぎれに
樋口円香/S.T.E.P編/歌声もきれぎれに.csv,25,1021005060140,円香,"……ガソリンスタンド
うちの近くにはないですから",樋口円香,S.T.E.P編,歌声もきれぎれに
樋口円香/S.T.E.P編/歌声もきれぎれに.csv,29,1021005060150,円香,"どちらでも構いません
お任せします",樋口円香,S.T.E.P編,歌声もきれぎれに
樋口円香/S.T.E.P編/歌声もきれぎれに.csv,30,1021005060160,円香,…………,樋口円香,S.T.E.P編,歌声もきれぎれに
樋口円香/S.T.E.P編/水盤に落針.csv,7,1021005010020,円香,…………,樋口円香,S.T.E.P編,水盤に落針
樋口円香/S.T.E.P編/水盤に落針.csv,14,1021005010080,円香,────２８３プロダクション,樋口円香,S.T.E.P編,水盤に落針
樋口円香/S.T.E.P編/水盤に落針.csv,21,1021005010150,円香,……,樋口円香,S.T.E.P編,水盤に落針
樋口円香/S.T.E.P編/水盤に落針.csv,24,1021005010180,円香,……ポテト、食べないならもらうけど,樋口円香,S.T.E.P編,水盤に落針
樋口円香/S.T.E.P編/水盤に落針.csv,29,0000000000000,円香,…………,樋口円香,S.T.E.P編,水盤に落針
樋口円香/S.T.E.P編/水盤に落針.csv,34,1021005010260,円香,はい,樋口円香,S.T.E.P編,水盤に落針
樋口円香/S.T.E.P編/水盤に落針.csv,36,1021005010270,円香,いいえ,樋口円香,S.T.E.P編,水盤に落針
樋口円香/S.T.E.P編/水盤に落針.csv,40,1021005010300,円香,あー……、知ってる,樋口円香,S.T.E.P編,水盤に落針
樋口円香/S.T.E.P編/水盤に落針.csv,43,1021005010310,円香,"ないでしょ
もう……ご飯後でいい、寝る",樋口円香,S.T.E.P編,水盤に落針
樋口円香/S.T.E.P編/水盤に落針.csv,44,1021005010320,円香,……おにぎり,樋口円香,S.T.E.P編,水盤に落針
樋口円香/S.T.E.P編/水盤に落針.csv,45,1021005010330,円香,"…………
……………無理",樋口円香,S.T.E.P編,水盤に落針
樋口円香/S.T.E.P編/水盤に落針.csv,46,1021005010340,円香,────────────……,樋口円香,S.T.E.P編,水盤に落針
樋口円香/S.T.E.P編/糖蜜と塩.csv,4,1021005030010,円香,……は……？,樋口円香,S.T.E.P編,糖蜜と塩
樋口円香/S.T.E.P編/糖蜜と塩.csv,6,1021005030020,円香,"は……？　ふざけないでください
近寄らないで",樋口円香,S.T.E.P編,糖蜜と塩
樋口円香/S.T.E.P編/糖蜜と塩.csv,8,1021005030030,円香,…………,樋口円香,S.T.E.P編,糖蜜と塩
樋口円香/S.T.E.P編/糖蜜と塩.csv,13,1021005030040,円香,………………,樋口円香,S.T.E.P編,糖蜜と塩
樋口円香/S.T.E.P編/糖蜜と塩.csv,16,1021005030050,円香,……契約書,樋口円香,S.T.E.P編,糖蜜と塩
樋口円香/S.T.E.P編/糖蜜と塩.csv,19,1021005030060,円香,…………,樋口円香,S.T.E.P編,糖蜜と塩
樋口円香/S.T.E.P編/糖蜜と塩.csv,21,1021005030070,円香,私もスカウトされた,樋口円香,S.T.E.P編,糖蜜と塩
樋口円香/S.T.E.P編/糖蜜と塩.csv,24,1021005030080,円香,……まだなるとは,樋口円香,S.T.E.P編,糖蜜と塩
樋口円香/S.T.E.P編/糖蜜と塩.csv,27,1021005030090,円香,"もう……いい？
考えたいから",樋口円香,S.T.E.P編,糖蜜と塩
樋口円香/S.T.E.P編/糖蜜と塩.csv,29,1021005030100,円香,……,樋口円香,S.T.E.P編,糖蜜と塩
樋口円香/S.T.E.P編/糖蜜と塩.csv,30,1021005030110,円香,………………,樋口円香,S.T.E.P編,糖蜜と塩
樋口円香/S.T.E.P編/糖蜜と塩.csv,31,1021005030120,円香,……ちゃんとした事務所？,樋口円香,S.T.E.P編,糖蜜と塩
樋口円香/S.T.E.P編/糖蜜と塩.csv,32,1021005030130,円香,こんな書面で測れるわけない,樋口円香,S.T.E.P編,糖蜜と塩
樋口円香/S.T.E.P編/糖蜜と塩.csv,33,1021005030140,円香,ダイヤの原石？,樋口円香,S.T.E.P編,糖蜜と塩
樋口円香/S.T.E.P編/糖蜜と塩.csv,34,1021005030150,円香,いかにもな言葉,樋口円香,S.T.E.P編,糖蜜と塩
樋口円香/S.T.E.P編/糖蜜と塩.csv,35,1021005030160,円香,胡散臭いスカウトマンの常套句,樋口円香,S.T.E.P編,糖蜜と塩
樋口円香/S.T.E.P編/糖蜜と塩.csv,36,1021005030170,円香,…………,樋口円香,S.T.E.P編,糖蜜と塩
樋口円香/S.T.E.P編/糖蜜と塩.csv,37,1021005030180,円香,────────……,樋口円香,S.T.E.P編,糖蜜と塩
樋口円香/S.T.E.P編/糖蜜と塩.csv,38,1021005030190,円香,……疲れた,樋口円香,S.T.E.P編,糖蜜と塩
樋口円香/S.T.E.P編/糖蜜と塩.csv,39,1021005030200,円香,……,樋口円香,S.T.E.P編,糖蜜と塩
樋口円香/S.T.E.P編/糖蜜と塩.csv,41,0000000000000,円香,………………,樋口円香,S.T.E.P編,糖蜜と塩
樋口円香/S.T.E.P編/糖蜜と塩.csv,51,1021005030320,円香,"…………
ああ……",樋口円香,S.T.E.P編,糖蜜と塩
樋口円香/S.T.E.P編/糖蜜と塩.csv,52,1021005030330,円香,"『用事がある
３人で行ってきて』",樋口円香,S.T.E.P編,糖蜜と塩
樋口円香/S.T.E.P編/胸に抱く鬼燈.csv,6,1021005040010,円香,…………,樋口円香,S.T.E.P編,胸に抱く鬼燈
樋口円香/S.T.E.P編/胸に抱く鬼燈.csv,7,1021005040020,円香,"浅倉はもう
活動を始めているんですよね",樋口円香,S.T.E.P編,胸に抱く鬼燈
樋口円香/S.T.E.P編/胸に抱く鬼燈.csv,10,1021005040030,円香,そうですか,樋口円香,S.T.E.P編,胸に抱く鬼燈
樋口円香/S.T.E.P編/胸に抱く鬼燈.csv,13,1021005040040,円香,はい,樋口円香,S.T.E.P編,胸に抱く鬼燈
樋口円香/S.T.E.P編/胸に抱く鬼燈.csv,15,1021005040050,円香,お任せします,樋口円香,S.T.E.P編,胸に抱く鬼燈
樋口円香/S.T.E.P編/胸に抱く鬼燈.csv,18,0000000000000,円香,……,樋口円香,S.T.E.P編,胸に抱く鬼燈
樋口円香/S.T.E.P編/胸に抱く鬼燈.csv,20,1021005040070,円香,……今さら理由が必要ですか？,樋口円香,S.T.E.P編,胸に抱く鬼燈
樋口円香/S.T.E.P編/胸に抱く鬼燈.csv,24,1021005040080,円香,………………,樋口円香,S.T.E.P編,胸に抱く鬼燈
樋口円香/S.T.E.P編/胸に抱く鬼燈.csv,25,1021005040090,円香,"……あなたは
勘違いをしているようですが",樋口円香,S.T.E.P編,胸に抱く鬼燈
樋口円香/S.T.E.P編/胸に抱く鬼燈.csv,26,1021005040100,円香,"夢とか目標とか、ありません
そんなもの",樋口円香,S.T.E.P編,胸に抱く鬼燈
樋口円香/S.T.E.P編/胸に抱く鬼燈.csv,28,1021005040110,円香,"仕事であるからにはきちんとやります
ほどほどに",樋口円香,S.T.E.P編,胸に抱く鬼燈
樋口円香/S.T.E.P編/胸に抱く鬼燈.csv,29,1021005040120,円香,"ですからどうぞ
あなたのその熱意は、他のアイドルに注いでください",樋口円香,S.T.E.P編,胸に抱く鬼燈
樋口円香/S.T.E.P編/胸に抱く鬼燈.csv,30,1021005040130,円香,"勝手に期待するだけして
後からがっかりされても困るので",樋口円香,S.T.E.P編,胸に抱く鬼燈
樋口円香/S.T.E.P編/胸に抱く鬼燈.csv,32,1021005040140,円香,"……契約を取りやめたいというなら
それでも構いません",樋口円香,S.T.E.P編,胸に抱く鬼燈
樋口円香/S.T.E.P編/胸に抱く鬼燈.csv,36,1021005040150,円香,…………,樋口円香,S.T.E.P編,胸に抱く鬼燈
樋口円香/S.T.E.P編/胸に抱く鬼燈.csv,39,1021005040160,円香,……なるほど？,樋口円香,S.T.E.P編,胸に抱く鬼燈
樋口円香/S.T.E.P編/胸に抱く鬼燈.csv,40,1021005040170,円香,"あなたが浅倉をスカウトする場面が
目に浮かぶようでした",樋口円香,S.T.E.P編,胸に抱く鬼燈
樋口円香/S.T.E.P編/胸に抱く鬼燈.csv,42,1021005040180,円香,"まあ
今さら断るつもりもありません",樋口円香,S.T.E.P編,胸に抱く鬼燈
樋口円香/S.T.E.P編/胸に抱く鬼燈.csv,43,1021005040190,円香,"あなたの言葉が欺瞞かどうか
やってみればわかることですから",樋口円香,S.T.E.P編,胸に抱く鬼燈
樋口円香/S.T.E.P編/胸に抱く鬼燈.csv,46,1021005040200,円香,…………,樋口円香,S.T.E.P編,胸に抱く鬼燈
樋口円香/S.T.E.P編/胸に抱く鬼燈.csv,47,1021005040210,円香,"では、レッスンのカリキュラムについては
お任せします",樋口円香,S.T.E.P編,胸に抱く鬼燈
樋口円香/S.T.E.P編/胸に抱く鬼燈.csv,49,1021005040220,円香,……それでは,樋口円香,S.T.E.P編,胸に抱く鬼燈
樋口円香/S.T.E.P編/胸に抱く鬼燈.csv,50,1021005040230,円香,だから,樋口円香,S.T.E.P編,胸に抱く鬼燈
樋口円香/S.T.E.P編/胸に抱く鬼燈.csv,51,1021005040240,円香,──────────,樋口円香,S.T.E.P編,胸に抱く鬼燈
樋口円香/S.T.E.P編/鏡の花、水の中の月.csv,2,1021005020010,円香,"……浅倉、ビジョンに映ってた
新人アイドルを紹介するやつ",樋口円香,S.T.E.P編,鏡の花、水の中の月
樋口円香/S.T.E.P編/鏡の花、水の中の月.csv,5,1021005020040,円香,さあ、そんなに見てない,樋口円香,S.T.E.P編,鏡の花、水の中の月
樋口円香/S.T.E.P編/鏡の花、水の中の月.csv,10,0000000000000,円香,…………,樋口円香,S.T.E.P編,鏡の花、水の中の月
樋口円香/S.T.E.P編/鏡の花、水の中の月.csv,13,1021005020060,円香,"ねえ、どこで買った？
このチョコ",樋口円香,S.T.E.P編,鏡の花、水の中の月
樋口円香/S.T.E.P編/鏡の花、水の中の月.csv,19,1021005020090,円香,ん,樋口円香,S.T.E.P編,鏡の花、水の中の月
樋口円香/S.T.E.P編/鏡の花、水の中の月.csv,21,1021005020110,円香,"やらん
３秒以内に取らないと私が食べる",樋口円香,S.T.E.P編,鏡の花、水の中の月
樋口円香/S.T.E.P編/鏡の花、水の中の月.csv,27,1021005020140,円香,ね、それ美味い,樋口円香,S.T.E.P編,鏡の花、水の中の月
樋口円香/S.T.E.P編/鏡の花、水の中の月.csv,28,0000000000000,円香,……,樋口円香,S.T.E.P編,鏡の花、水の中の月
樋口円香/S.T.E.P編/鏡の花、水の中の月.csv,29,1021005020160,円香,"……やるの？
こういうこと",樋口円香,S.T.E.P編,鏡の花、水の中の月
樋口円香/S.T.E.P編/鏡の花、水の中の月.csv,31,1021005020180,円香,ふうん,樋口円香,S.T.E.P編,鏡の花、水の中の月
樋口円香/S.T.E.P編/鏡の花、水の中の月.csv,34,1021005020190,円香,………………,樋口円香,S.T.E.P編,鏡の花、水の中の月
樋口円香/S.T.E.P編/鏡の花、水の中の月.csv,36,1021005020210,円香,……仕事？,樋口円香,S.T.E.P編,鏡の花、水の中の月
樋口円香/S.T.E.P編/鏡の花、水の中の月.csv,38,1021005020230,円香,"…………
……なる必要あった？",樋口円香,S.T.E.P編,鏡の花、水の中の月
樋口円香/S.T.E.P編/鏡の花、水の中の月.csv,39,1021005020240,円香,アイドルなんて,樋口円香,S.T.E.P編,鏡の花、水の中の月
樋口円香/W.I.N.G.編/TV出演後コミュ①.csv,3,6021001000110010,円香,そうですか,樋口円香,W.I.N.G.編,TV出演後コミュ①
樋口円香/W.I.N.G.編/TV出演後コミュ①.csv,6,6021001000110020,円香,……,樋口円香,W.I.N.G.編,TV出演後コミュ①
樋口円香/W.I.N.G.編/TV出演後コミュ①.csv,8,6021001000110030,円香,いえ、別に。聞き流していただけです,樋口円香,W.I.N.G.編,TV出演後コミュ①
樋口円香/W.I.N.G.編/TV出演後コミュ①.csv,10,6021001000110040,円香,とりあえず、ありがとうございます,樋口円香,W.I.N.G.編,TV出演後コミュ①
樋口円香/W.I.N.G.編/TV出演後コミュ①.csv,11,6021001000110050,円香,"このくらいで褒めてもらえるなら、
それなりにやっていけそうですね",樋口円香,W.I.N.G.編,TV出演後コミュ①
樋口円香/W.I.N.G.編/TV出演後コミュ②.csv,3,6021001000210010,円香,別に、普通です,樋口円香,W.I.N.G.編,TV出演後コミュ②
樋口円香/W.I.N.G.編/TV出演後コミュ②.csv,5,6021001000210020,円香,……ワンパターンみたいに言われるのも癪ですね,樋口円香,W.I.N.G.編,TV出演後コミュ②
樋口円香/W.I.N.G.編/TV出演後コミュ②.csv,7,6021001000210030,円香,…………,樋口円香,W.I.N.G.編,TV出演後コミュ②
樋口円香/W.I.N.G.編/TV出演後コミュ②.csv,8,6021001000210040,円香,秘密です,樋口円香,W.I.N.G.編,TV出演後コミュ②
樋口円香/W.I.N.G.編/TV出演後コミュ②.csv,10,6021001000210050,円香,"ずるい？　ふふ、かわいらしい語彙力
小学生よりも稚拙な煽りしかできないんですね",樋口円香,W.I.N.G.編,TV出演後コミュ②
樋口円香/W.I.N.G.編/TV出演後コミュ②.csv,12,6021001000210060,円香,はい、とっても大人な対応をありがとうございます,樋口円香,W.I.N.G.編,TV出演後コミュ②
樋口円香/W.I.N.G.編/produce_communication_cheers_402100100011.csv,2,4021001000110010,円香,何か飲み物をもらえませんか,樋口円香,W.I.N.G.編,produce_communication_cheers_402100100011
樋口円香/W.I.N.G.編/produce_communication_cheers_402100100011.csv,7,4021001000110020,円香,ありがとうございます,樋口円香,W.I.N.G.編,produce_communication_cheers_402100100011
樋口円香/W.I.N.G.編/produce_communication_cheers_402100100011.csv,9,4021001000110030,円香,……それなら結構です,樋口円香,W.I.N.G.編,produce_communication_cheers_402100100011
樋口円香/W.I.N.G.編/produce_communication_cheers_402100100011.csv,11,4021001000110040,円香,……呆れた,樋口円香,W.I.N.G.編,produce_communication_cheers_402100100011
樋口円香/W.I.N.G.編/produce_communication_cheers_402100100012.csv,2,4021001000120010,円香,……ふぅ,樋口円香,W.I.N.G.編,produce_communication_cheers_402100100012
樋口円香/W.I.N.G.編/produce_communication_cheers_402100100012.csv,7,4021001000120020,円香,…………,樋口円香,W.I.N.G.編,produce_communication_cheers_402100100012
樋口円香/W.I.N.G.編/produce_communication_cheers_402100100012.csv,9,4021001000120030,円香,"……あなたが喋るほどパフォーマンスが落ちますが、
それでもよければ続けてください",樋口円香,W.I.N.G.編,produce_communication_cheers_402100100012
樋口円香/W.I.N.G.編/produce_communication_cheers_402100100012.csv,11,4021001000120040,円香,"……は？　飴を転がしながら、
ステージに立てと言いたいんですか？",樋口円香,W.I.N.G.編,produce_communication_cheers_402100100012
樋口円香/W.I.N.G.編/produce_communication_cheers_402100100013.csv,2,4021001000130010,円香,"そろそろ出番のようなので
いってきます",樋口円香,W.I.N.G.編,produce_communication_cheers_402100100013
樋口円香/W.I.N.G.編/produce_communication_cheers_402100100013.csv,7,4021001000130020,円香,はい,樋口円香,W.I.N.G.編,produce_communication_cheers_402100100013
樋口円香/W.I.N.G.編/produce_communication_cheers_402100100013.csv,9,4021001000130030,円香,"……まあ、そのつもりですが
当たり前のことを言う必要ってあります？",樋口円香,W.I.N.G.編,produce_communication_cheers_402100100013
樋口円香/W.I.N.G.編/produce_communication_cheers_402100100013.csv,11,4021001000130040,円香,"はい、床でも見ていてください
あなたの視線はうっとうしいので",樋口円香,W.I.N.G.編,produce_communication_cheers_402100100013
樋口円香/W.I.N.G.編/produce_communication_cheers_402100100021.csv,2,4021001000210010,円香,…………,樋口円香,W.I.N.G.編,produce_communication_cheers_402100100021
樋口円香/W.I.N.G.編/produce_communication_cheers_402100100021.csv,7,4021001000210020,円香,……さあ？　やってみないとわかりません,樋口円香,W.I.N.G.編,produce_communication_cheers_402100100021
樋口円香/W.I.N.G.編/produce_communication_cheers_402100100021.csv,9,4021001000210030,円香,……そうですか。では、そうします,樋口円香,W.I.N.G.編,produce_communication_cheers_402100100021
樋口円香/W.I.N.G.編/produce_communication_cheers_402100100021.csv,11,4021001000210040,円香,……なんのことですか？　別にいつも通りです,樋口円香,W.I.N.G.編,produce_communication_cheers_402100100021
樋口円香/W.I.N.G.編/produce_communication_cheers_402100100022.csv,2,4021001000220010,円香,"審査員は、具体的に
どんな部分を見ているんですか",樋口円香,W.I.N.G.編,produce_communication_cheers_402100100022
樋口円香/W.I.N.G.編/produce_communication_cheers_402100100022.csv,7,4021001000220020,円香,"ふうん……わかりました
意識してみます",樋口円香,W.I.N.G.編,produce_communication_cheers_402100100022
樋口円香/W.I.N.G.編/produce_communication_cheers_402100100022.csv,9,4021001000220030,円香,"抽象的な感覚の代表みたいな答えですね
……ま、言葉にできない部分を見ているということですか？",樋口円香,W.I.N.G.編,produce_communication_cheers_402100100022
樋口円香/W.I.N.G.編/produce_communication_cheers_402100100022.csv,11,4021001000220040,円香,"だからそれを噛み砕いてもらいたいんですが
……もういいです",樋口円香,W.I.N.G.編,produce_communication_cheers_402100100022
樋口円香/W.I.N.G.編/produce_communication_cheers_402100100023.csv,2,4021001000230010,円香,……？　ねえ、ちょっと,樋口円香,W.I.N.G.編,produce_communication_cheers_402100100023
樋口円香/W.I.N.G.編/produce_communication_cheers_402100100023.csv,7,4021001000230020,円香,"真剣な顔は面白いけど、もう少しリラックスしたらどうですか
ステージに上がるのはあなたじゃないでしょ",樋口円香,W.I.N.G.編,produce_communication_cheers_402100100023
樋口円香/W.I.N.G.編/produce_communication_cheers_402100100023.csv,9,4021001000230030,円香,"さっきから拳を握りしめているのは、何？
まさか緊張とか言いませんよね",樋口円香,W.I.N.G.編,produce_communication_cheers_402100100023
樋口円香/W.I.N.G.編/produce_communication_cheers_402100100023.csv,11,4021001000230040,円香,"これ、あなたの分です
さっきスタッフさんが配っていた水",樋口円香,W.I.N.G.編,produce_communication_cheers_402100100023
樋口円香/W.I.N.G.編/produce_events_102100002.csv,42,1021001010220,円香,"……樋口円香です
よろしくお願いします",樋口円香,W.I.N.G.編,produce_events_102100002
樋口円香/W.I.N.G.編/produce_events_102100101.csv,75,1021001010220,円香,"……樋口円香です
よろしくお願いします",樋口円香,W.I.N.G.編,produce_events_102100101
樋口円香/W.I.N.G.編/produce_events_102100102.csv,3,1021001020010,円香,……はい,樋口円香,W.I.N.G.編,produce_events_102100102
樋口円香/W.I.N.G.編/produce_events_102100102.csv,5,1021001020020,円香,それなりに,樋口円香,W.I.N.G.編,produce_events_102100102
樋口円香/W.I.N.G.編/produce_events_102100102.csv,8,1021001020030,円香,……,樋口円香,W.I.N.G.編,produce_events_102100102
樋口円香/W.I.N.G.編/produce_events_102100102.csv,10,1021001020040,円香,"樋口円香です
よろしくお願いします",樋口円香,W.I.N.G.編,produce_events_102100102
樋口円香/W.I.N.G.編/produce_events_102100102.csv,14,1021001020050,円香,……ふふっ,樋口円香,W.I.N.G.編,produce_events_102100102
樋口円香/W.I.N.G.編/produce_events_102100102.csv,15,1021001020060,円香,仕事熱心な人ですね,樋口円香,W.I.N.G.編,produce_events_102100102
樋口円香/W.I.N.G.編/produce_events_102100102.csv,17,1021001020070,円香,ええ、嫌というほど伝わってきます,樋口円香,W.I.N.G.編,produce_events_102100102
樋口円香/W.I.N.G.編/produce_events_102100102.csv,19,1021001020080,円香,"でしょうね
ミスター・オールドタイプ",樋口円香,W.I.N.G.編,produce_events_102100102
樋口円香/W.I.N.G.編/produce_events_102100102.csv,20,1021001020090,円香,"いちいち情熱を燃やさないと、
まともに仕事できないんですか？",樋口円香,W.I.N.G.編,produce_events_102100102
樋口円香/W.I.N.G.編/produce_events_102100102.csv,21,1021001020100,円香,高燃費、ご苦労様です,樋口円香,W.I.N.G.編,produce_events_102100102
樋口円香/W.I.N.G.編/produce_events_102100102.csv,25,1021001020110,円香,何よりですね,樋口円香,W.I.N.G.編,produce_events_102100102
樋口円香/W.I.N.G.編/produce_events_102100102.csv,27,1021001020120,円香,はい。ほどほどに,樋口円香,W.I.N.G.編,produce_events_102100102
樋口円香/W.I.N.G.編/produce_events_102100102.csv,31,1021001020130,円香,は……？　こんな路上で？,樋口円香,W.I.N.G.編,produce_events_102100102
樋口円香/W.I.N.G.編/produce_events_102100102.csv,34,1021001020140,円香,………………ふうん,樋口円香,W.I.N.G.編,produce_events_102100102
樋口円香/W.I.N.G.編/produce_events_102100102.csv,35,1021001020150,円香,素敵ですね,樋口円香,W.I.N.G.編,produce_events_102100102
樋口円香/W.I.N.G.編/produce_events_102100102.csv,37,1021001020160,円香,はい、私の想像通り,樋口円香,W.I.N.G.編,produce_events_102100102
樋口円香/W.I.N.G.編/produce_events_102100102.csv,38,1021001020170,円香,"笑っておけばなんとかなる
アイドルって楽な商売",樋口円香,W.I.N.G.編,produce_events_102100102
樋口円香/W.I.N.G.編/produce_events_102100102.csv,40,1021001020180,円香,"別に否定してませんよ？
おかげで私みたいな素人でもやれるんですから",樋口円香,W.I.N.G.編,produce_events_102100102
樋口円香/W.I.N.G.編/produce_events_102100102.csv,45,1021001020190,円香,"は？　ないです、そんなの
宣材写真に全力が必要なんですか？",樋口円香,W.I.N.G.編,produce_events_102100102
樋口円香/W.I.N.G.編/produce_events_102100102.csv,46,1021001020200,円香,私は普通にやっただけです,樋口円香,W.I.N.G.編,produce_events_102100102
樋口円香/W.I.N.G.編/produce_events_102100102.csv,47,1021001020210,円香,"でも『宣材写真にしておくのはもったいない』
素晴らしい出来栄えだったんですよね？",樋口円香,W.I.N.G.編,produce_events_102100102
樋口円香/W.I.N.G.編/produce_events_102100102.csv,49,1021001020220,円香,"さすが……
人を見る目がおありですね",樋口円香,W.I.N.G.編,produce_events_102100102
樋口円香/W.I.N.G.編/produce_events_102100102.csv,51,1021001020230,円香,"それはすみませんでした
私にはあの笑顔が自己顕示欲の塊に見えたので",樋口円香,W.I.N.G.編,produce_events_102100102
樋口円香/W.I.N.G.編/produce_events_102100102.csv,53,1021001020240,円香,ありがとうございます,樋口円香,W.I.N.G.編,produce_events_102100102
樋口円香/W.I.N.G.編/produce_events_102100102.csv,54,1021001020250,円香,"では、いつかわかる日が来るまでは、
ほどほどの愛想で構いませんね",樋口円香,W.I.N.G.編,produce_events_102100102
樋口円香/W.I.N.G.編/produce_events_102100102.csv,55,1021001020260,円香,恥ずかしいですから,樋口円香,W.I.N.G.編,produce_events_102100102
樋口円香/W.I.N.G.編/produce_events_102100102.csv,57,1021001020270,円香,つまり未完成でも商売になるってことですよね,樋口円香,W.I.N.G.編,produce_events_102100102
樋口円香/W.I.N.G.編/produce_events_102100102.csv,58,1021001020280,円香,"社会ってもっと厳しいものだと思っていました
私の勘違いで何よりです",樋口円香,W.I.N.G.編,produce_events_102100102
樋口円香/W.I.N.G.編/produce_events_102100102.csv,60,1021001020290,円香,では教えてください。アイドルとは？,樋口円香,W.I.N.G.編,produce_events_102100102
樋口円香/W.I.N.G.編/produce_events_102100102.csv,62,1021001020300,円香,ふふっ……,樋口円香,W.I.N.G.編,produce_events_102100102
樋口円香/W.I.N.G.編/produce_events_102100102.csv,64,1021001020310,円香,はい、どうぞおひとりで,樋口円香,W.I.N.G.編,produce_events_102100102
樋口円香/W.I.N.G.編/produce_events_102100103.csv,3,1021001030010,円香,………………はぁ,樋口円香,W.I.N.G.編,produce_events_102100103
樋口円香/W.I.N.G.編/produce_events_102100103.csv,5,1021001030020,円香,"笑いながら言うセリフですか？
みんながあなたみたいに能天気なら世界も平和でしょうね",樋口円香,W.I.N.G.編,produce_events_102100103
樋口円香/W.I.N.G.編/produce_events_102100103.csv,7,1021001030030,円香,……,樋口円香,W.I.N.G.編,produce_events_102100103
樋口円香/W.I.N.G.編/produce_events_102100103.csv,9,1021001030040,円香,はい、はづきさんから受け取るものがありまして,樋口円香,W.I.N.G.編,produce_events_102100103
樋口円香/W.I.N.G.編/produce_events_102100103.csv,13,1021001030050,円香,……はい、そうですが,樋口円香,W.I.N.G.編,produce_events_102100103
樋口円香/W.I.N.G.編/produce_events_102100103.csv,16,1021001030060,円香,あ、ええと…………,樋口円香,W.I.N.G.編,produce_events_102100103
樋口円香/W.I.N.G.編/produce_events_102100103.csv,18,1021001030070,円香,……,樋口円香,W.I.N.G.編,produce_events_102100103
樋口円香/W.I.N.G.編/produce_events_102100103.csv,19,1021001030080,円香,"……ええ、もちろん
応援ありがとうございます",樋口円香,W.I.N.G.編,produce_events_102100103
樋口円香/W.I.N.G.編/produce_events_102100103.csv,22,1021001030090,円香,"……
そうですね",樋口円香,W.I.N.G.編,produce_events_102100103
樋口円香/W.I.N.G.編/produce_events_102100103.csv,24,1021001030100,円香,──疑問が先立って,樋口円香,W.I.N.G.編,produce_events_102100103
樋口円香/W.I.N.G.編/produce_events_102100103.csv,25,1021001030110,円香,私に何を期待しているんだろうと,樋口円香,W.I.N.G.編,produce_events_102100103
樋口円香/W.I.N.G.編/produce_events_102100103.csv,26,1021001030120,円香,"まあ、わからなくても対応しますよ
アイドルには必要なことみたいですから",樋口円香,W.I.N.G.編,produce_events_102100103
樋口円香/W.I.N.G.編/produce_events_102100103.csv,31,1021001030130,円香,その言葉は無理をしそうな人にかけるべきです,樋口円香,W.I.N.G.編,produce_events_102100103
樋口円香/W.I.N.G.編/produce_events_102100103.csv,32,1021001030140,円香,"それかちょっと優しくすれば、
簡単に落とせそうな子にね",樋口円香,W.I.N.G.編,produce_events_102100103
樋口円香/W.I.N.G.編/produce_events_102100103.csv,33,1021001030150,円香,"雰囲気でしゃべるのはやめていただけますか？
ミスター・好青年",樋口円香,W.I.N.G.編,produce_events_102100103
樋口円香/W.I.N.G.編/produce_events_102100103.csv,36,1021001030160,円香,はい、そうですね,樋口円香,W.I.N.G.編,produce_events_102100103
樋口円香/W.I.N.G.編/produce_events_102100103.csv,38,1021001030170,円香,はい、そうですね,樋口円香,W.I.N.G.編,produce_events_102100103
樋口円香/W.I.N.G.編/produce_events_102100103.csv,40,1021001030180,円香,はい、そうですね,樋口円香,W.I.N.G.編,produce_events_102100103
樋口円香/W.I.N.G.編/produce_events_102100103.csv,41,1021001030190,円香,…………,樋口円香,W.I.N.G.編,produce_events_102100103
樋口円香/W.I.N.G.編/produce_events_102100103.csv,44,1021001030200,円香,"逆に聞きますが
あるように見えますか？",樋口円香,W.I.N.G.編,produce_events_102100103
樋口円香/W.I.N.G.編/produce_events_102100103.csv,46,1021001030210,円香,"クレイジーな人ですね
勝算のない賭けに興じるなんて",樋口円香,W.I.N.G.編,produce_events_102100103
樋口円香/W.I.N.G.編/produce_events_102100103.csv,47,1021001030220,円香,──私、やりたいことはもうやっています,樋口円香,W.I.N.G.編,produce_events_102100103
樋口円香/W.I.N.G.編/produce_events_102100103.csv,49,1021001030230,円香,あなたと事務所が悪さをしないか見張ること,樋口円香,W.I.N.G.編,produce_events_102100103
樋口円香/W.I.N.G.編/produce_events_102100103.csv,52,1021001030240,円香,…………そういうところが癇にさわる,樋口円香,W.I.N.G.編,produce_events_102100103
樋口円香/W.I.N.G.編/produce_events_102100103.csv,58,1021001030260,円香,特にありません,樋口円香,W.I.N.G.編,produce_events_102100103
樋口円香/W.I.N.G.編/produce_events_102100103.csv,60,1021001030270,円香,では、ほどほどに生きることです,樋口円香,W.I.N.G.編,produce_events_102100103
樋口円香/W.I.N.G.編/produce_events_102100103.csv,61,1021001030280,円香,"トップアイドルなんて高望みしませんので
まあ、それなりに",樋口円香,W.I.N.G.編,produce_events_102100103
樋口円香/W.I.N.G.編/produce_events_102100103.csv,62,1021001030290,円香,──ありがとうございます、はづきさん,樋口円香,W.I.N.G.編,produce_events_102100103
樋口円香/W.I.N.G.編/produce_events_102100103.csv,64,1021001030300,円香,はい。……ああ、そうだ,樋口円香,W.I.N.G.編,produce_events_102100103
樋口円香/W.I.N.G.編/produce_events_102100103.csv,65,1021001030310,円香,"あなたの話し相手になる場合、
次からは特別手当をいただきますので",樋口円香,W.I.N.G.編,produce_events_102100103
樋口円香/W.I.N.G.編/produce_events_102100104.csv,3,1021001040010,円香,…………,樋口円香,W.I.N.G.編,produce_events_102100104
樋口円香/W.I.N.G.編/produce_events_102100104.csv,5,1021001040020,円香,え？　ああ……今日の感想ですか,樋口円香,W.I.N.G.編,produce_events_102100104
樋口円香/W.I.N.G.編/produce_events_102100104.csv,6,1021001040030,円香,"別に……強いて言うなら、
もっと居心地のいい控室がよかったですね",樋口円香,W.I.N.G.編,produce_events_102100104
樋口円香/W.I.N.G.編/produce_events_102100104.csv,8,1021001040040,円香,──空気の話です,樋口円香,W.I.N.G.編,produce_events_102100104
樋口円香/W.I.N.G.編/produce_events_102100104.csv,9,1021001040050,円香,"手の震えが止まらない子、
何度も深呼吸している子……",樋口円香,W.I.N.G.編,produce_events_102100104
樋口円香/W.I.N.G.編/produce_events_102100104.csv,10,1021001040060,円香,"オーディションが終わった後、
大声で泣き出す子もいましたね",樋口円香,W.I.N.G.編,produce_events_102100104
樋口円香/W.I.N.G.編/produce_events_102100104.csv,11,1021001040070,円香,"失敗した、悔しい、情けないって
まだ結果も出ていないのに",樋口円香,W.I.N.G.編,produce_events_102100104
樋口円香/W.I.N.G.編/produce_events_102100104.csv,14,1021001040080,円香,……さすが、難なく正解ということで,樋口円香,W.I.N.G.編,produce_events_102100104
樋口円香/W.I.N.G.編/produce_events_102100104.csv,16,1021001040090,円香,"…………
本当に？",樋口円香,W.I.N.G.編,produce_events_102100104
樋口円香/W.I.N.G.編/produce_events_102100104.csv,17,1021001040100,円香,"本当にそう思ってます？
それ、あなたの本心ですか？",樋口円香,W.I.N.G.編,produce_events_102100104
樋口円香/W.I.N.G.編/produce_events_102100104.csv,24,1021001040110,円香,そうですか,樋口円香,W.I.N.G.編,produce_events_102100104
樋口円香/W.I.N.G.編/produce_events_102100104.csv,25,1021001040120,円香,"信じるのは勝手ですが、
その期待は背負いませんので",樋口円香,W.I.N.G.編,produce_events_102100104
樋口円香/W.I.N.G.編/produce_events_102100104.csv,27,1021001040130,円香,………………,樋口円香,W.I.N.G.編,produce_events_102100104
樋口円香/W.I.N.G.編/produce_events_102100104.csv,28,1021001040140,円香,……前に見たアイドル、覚えてますか,樋口円香,W.I.N.G.編,produce_events_102100104
樋口円香/W.I.N.G.編/produce_events_102100104.csv,30,1021001040150,円香,そうです、あの安っぽい笑顔で歌っていた人,樋口円香,W.I.N.G.編,produce_events_102100104
樋口円香/W.I.N.G.編/produce_events_102100104.csv,31,1021001040160,円香,……今日のオーディションにいました,樋口円香,W.I.N.G.編,produce_events_102100104
樋口円香/W.I.N.G.編/produce_events_102100104.csv,33,1021001040170,円香,…………,樋口円香,W.I.N.G.編,produce_events_102100104
樋口円香/W.I.N.G.編/produce_events_102100104.csv,34,1021001040180,円香,控室で泣いていたの、その子です,樋口円香,W.I.N.G.編,produce_events_102100104
樋口円香/W.I.N.G.編/produce_events_102100104.csv,39,1021001040190,円香,……,樋口円香,W.I.N.G.編,produce_events_102100104
樋口円香/W.I.N.G.編/produce_events_102100104.csv,41,1021001040200,円香,いえ。あなたがどう思っているか聞いただけですから,樋口円香,W.I.N.G.編,produce_events_102100104
樋口円香/W.I.N.G.編/produce_events_102100104.csv,43,1021001040210,円香,"私は不合格だと思います
このあたりが潮時じゃないですか",樋口円香,W.I.N.G.編,produce_events_102100104
樋口円香/W.I.N.G.編/produce_events_102100104.csv,45,1021001040220,円香,"そうですね
まあどんな結果が出ても──",樋口円香,W.I.N.G.編,produce_events_102100104
樋口円香/W.I.N.G.編/produce_events_102100104.csv,46,1021001040230,円香,私が泣くことはないですね,樋口円香,W.I.N.G.編,produce_events_102100104
樋口円香/W.I.N.G.編/produce_events_102100104.csv,49,1021001040240,円香,これ、全員合格だったとかあります？,樋口円香,W.I.N.G.編,produce_events_102100104
樋口円香/W.I.N.G.編/produce_events_102100104.csv,51,1021001040250,円香,……ふうん……,樋口円香,W.I.N.G.編,produce_events_102100104
樋口円香/W.I.N.G.編/produce_events_102100104.csv,52,1021001040260,円香,"強い言葉を使う時は、
そう思い込もうとしている時",樋口円香,W.I.N.G.編,produce_events_102100104
樋口円香/W.I.N.G.編/produce_events_102100104.csv,53,1021001040270,円香,違いますか？,樋口円香,W.I.N.G.編,produce_events_102100104
樋口円香/W.I.N.G.編/produce_events_102100104.csv,56,1021001040280,円香,…………,樋口円香,W.I.N.G.編,produce_events_102100104
樋口円香/W.I.N.G.編/produce_events_102100104.csv,57,1021001040290,円香,『W.I.N.G.』で優勝したら泣きそう,樋口円香,W.I.N.G.編,produce_events_102100104
樋口円香/W.I.N.G.編/produce_events_102100104.csv,59,1021001040300,円香,違う、あなたが,樋口円香,W.I.N.G.編,produce_events_102100104
樋口円香/W.I.N.G.編/produce_events_102100104.csv,62,1021001040310,円香,"……あーあ
最近、まわりにいるのは簡単に泣くような人ばっかり",樋口円香,W.I.N.G.編,produce_events_102100104
樋口円香/W.I.N.G.編/produce_events_102100104.csv,63,1021001040320,円香,………………疲れる,樋口円香,W.I.N.G.編,produce_events_102100104
樋口円香/W.I.N.G.編/produce_events_102100104.csv,66,1021001040330,円香,"控室にいた人たち、ものすごく必死だったのに
つまり、勝ち負けは気持ちの問題じゃない",樋口円香,W.I.N.G.編,produce_events_102100104
樋口円香/W.I.N.G.編/produce_events_102100104.csv,67,1021001040340,円香,──違いますか？,樋口円香,W.I.N.G.編,produce_events_102100104
樋口円香/W.I.N.G.編/produce_events_102100105.csv,2,1021001050010,円香,お疲れ様でした、お先に──,樋口円香,W.I.N.G.編,produce_events_102100105
樋口円香/W.I.N.G.編/produce_events_102100105.csv,4,1021001050020,円香,"……前にも言いましたが
特別手当をもらえないなら断ります",樋口円香,W.I.N.G.編,produce_events_102100105
樋口円香/W.I.N.G.編/produce_events_102100105.csv,6,1021001050030,円香,…………,樋口円香,W.I.N.G.編,produce_events_102100105
樋口円香/W.I.N.G.編/produce_events_102100105.csv,8,1021001050040,円香,……次の……,樋口円香,W.I.N.G.編,produce_events_102100105
樋口円香/W.I.N.G.編/produce_events_102100105.csv,10,1021001050050,円香,…………,樋口円香,W.I.N.G.編,produce_events_102100105
樋口円香/W.I.N.G.編/produce_events_102100105.csv,11,1021001050060,円香,あなたはなぜ私をアイドルにしたんですか,樋口円香,W.I.N.G.編,produce_events_102100105
樋口円香/W.I.N.G.編/produce_events_102100105.csv,13,1021001050070,円香,"……私のことはさっさと追い払うべきでした
本当に見る目がない……",樋口円香,W.I.N.G.編,produce_events_102100105
樋口円香/W.I.N.G.編/produce_events_102100105.csv,17,1021001050080,円香,"歯の浮くようなセリフ……！
ここは舞踏会ですか、王子様……？",樋口円香,W.I.N.G.編,produce_events_102100105
樋口円香/W.I.N.G.編/produce_events_102100105.csv,19,1021001050090,円香,"さらにもっと？　そこで知るのは？
身の程って現実でしょ",樋口円香,W.I.N.G.編,produce_events_102100105
樋口円香/W.I.N.G.編/produce_events_102100105.csv,20,1021001050100,円香,──……,樋口円香,W.I.N.G.編,produce_events_102100105
樋口円香/W.I.N.G.編/produce_events_102100105.csv,22,1021001050110,円香,アイドルなんか知りたくなかった,樋口円香,W.I.N.G.編,produce_events_102100105
樋口円香/W.I.N.G.編/produce_events_102100105.csv,23,1021001050120,円香,"期待なんか背負いたくない
必死になんか生きたくない",樋口円香,W.I.N.G.編,produce_events_102100105
樋口円香/W.I.N.G.編/produce_events_102100105.csv,24,1021001050130,円香,"自分のレベルなんか試されたくない
何度も……何度も……",樋口円香,W.I.N.G.編,produce_events_102100105
樋口円香/W.I.N.G.編/produce_events_102100105.csv,25,1021001050140,円香,そんなの私は……,樋口円香,W.I.N.G.編,produce_events_102100105
樋口円香/W.I.N.G.編/produce_events_102100105.csv,26,1021001050150,円香,怖い……,樋口円香,W.I.N.G.編,produce_events_102100105
樋口円香/W.I.N.G.編/produce_events_102100105.csv,30,1021001050160,円香,……,樋口円香,W.I.N.G.編,produce_events_102100105
樋口円香/W.I.N.G.編/produce_events_102100105.csv,35,1021001050170,円香,絶対……？,樋口円香,W.I.N.G.編,produce_events_102100105
樋口円香/W.I.N.G.編/produce_events_102100105.csv,37,1021001050180,円香,そんな言葉に騙されない,樋口円香,W.I.N.G.編,produce_events_102100105
樋口円香/W.I.N.G.編/produce_events_102100105.csv,40,1021001050190,円香,──…………本当に的外れ,樋口円香,W.I.N.G.編,produce_events_102100105
樋口円香/W.I.N.G.編/produce_events_102100105.csv,42,1021001050200,円香,でも……それ、誰にも言わないで,樋口円香,W.I.N.G.編,produce_events_102100105
樋口円香/W.I.N.G.編/produce_events_102100105.csv,43,1021001050210,円香,…………言わないで,樋口円香,W.I.N.G.編,produce_events_102100105
樋口円香/W.I.N.G.編/produce_events_102100105.csv,44,1021001050220,円香,だから、私は──,樋口円香,W.I.N.G.編,produce_events_102100105
樋口円香/W.I.N.G.編/produce_events_102100105.csv,47,1021001050230,円香,……………,樋口円香,W.I.N.G.編,produce_events_102100105
樋口円香/W.I.N.G.編/produce_events_102100105.csv,48,1021001050240,円香,"それでも……何度チャレンジしても、
越えられないハードルがあったら？",樋口円香,W.I.N.G.編,produce_events_102100105
樋口円香/W.I.N.G.編/produce_events_102100105.csv,51,1021001050250,円香,…………,樋口円香,W.I.N.G.編,produce_events_102100105
樋口円香/W.I.N.G.編/produce_events_102100105.csv,52,1021001050260,円香,どこまでも価値観が合いませんね,樋口円香,W.I.N.G.編,produce_events_102100105
樋口円香/W.I.N.G.編/produce_events_102100105.csv,53,1021001050270,円香,私……泣きませんので,樋口円香,W.I.N.G.編,produce_events_102100105
樋口円香/W.I.N.G.編/produce_events_102100105.csv,55,1021001050280,円香,……それくらいはわかるんですね,樋口円香,W.I.N.G.編,produce_events_102100105
樋口円香/W.I.N.G.編/produce_events_102100105.csv,60,1021001050290,円香,………………,樋口円香,W.I.N.G.編,produce_events_102100105
樋口円香/W.I.N.G.編/produce_events_102100105.csv,61,1021001050300,円香,……私、あなたには期待しません,樋口円香,W.I.N.G.編,produce_events_102100105
樋口円香/W.I.N.G.編/produce_events_102100105.csv,62,1021001050310,円香,"代わりに行動で……
無理矢理にでも信じさせてください",樋口円香,W.I.N.G.編,produce_events_102100105
樋口円香/W.I.N.G.編/produce_events_102100105.csv,63,1021001050320,円香,……それから……,樋口円香,W.I.N.G.編,produce_events_102100105
樋口円香/W.I.N.G.編/produce_events_102100105.csv,64,1021001050330,円香,八つ当たりされたら注意すること,樋口円香,W.I.N.G.編,produce_events_102100105
樋口円香/W.I.N.G.編/produce_events_102100105.csv,65,1021001050340,円香,甘いだけの人は頼れませんから,樋口円香,W.I.N.G.編,produce_events_102100105
樋口円香/W.I.N.G.編/produce_events_602100101.csv,3,6021001010010,円香,は？,樋口円香,W.I.N.G.編,produce_events_602100101
樋口円香/W.I.N.G.編/produce_events_602100101.csv,6,6021001010020,円香,"……あなたにしては気が利きますね
本当に大丈夫なんですか？",樋口円香,W.I.N.G.編,produce_events_602100101
樋口円香/W.I.N.G.編/produce_events_602100101.csv,8,6021001010030,円香,…………,樋口円香,W.I.N.G.編,produce_events_602100101
樋口円香/W.I.N.G.編/produce_events_602100101.csv,9,6021001010040,円香,いえ、ここでいいです,樋口円香,W.I.N.G.編,produce_events_602100101
樋口円香/W.I.N.G.編/produce_events_602100101.csv,11,6021001010050,円香,はい,樋口円香,W.I.N.G.編,produce_events_602100101
樋口円香/W.I.N.G.編/produce_events_602100101.csv,12,6021001010060,円香,……ここで,樋口円香,W.I.N.G.編,produce_events_602100101
樋口円香/W.I.N.G.編/produce_events_602100102.csv,3,6021001020010,円香,すー……,樋口円香,W.I.N.G.編,produce_events_602100102
樋口円香/W.I.N.G.編/produce_events_602100102.csv,4,6021001020020,円香,……はー……,樋口円香,W.I.N.G.編,produce_events_602100102
樋口円香/W.I.N.G.編/produce_events_602100102.csv,5,6021001020030,円香,…………飛べなかった,樋口円香,W.I.N.G.編,produce_events_602100102
樋口円香/W.I.N.G.編/produce_events_602100102.csv,7,6021001020040,円香,……でも,樋口円香,W.I.N.G.編,produce_events_602100102
樋口円香/W.I.N.G.編/produce_events_602100102.csv,8,6021001020050,円香,飛ぼうとした……,樋口円香,W.I.N.G.編,produce_events_602100102
樋口円香/W.I.N.G.編/produce_events_602100102.csv,9,6021001020060,円香,…………はぁ……ふふっ,樋口円香,W.I.N.G.編,produce_events_602100102
樋口円香/W.I.N.G.編/produce_events_602100102.csv,10,6021001020070,円香,ああ、この感覚──,樋口円香,W.I.N.G.編,produce_events_602100102
樋口円香/W.I.N.G.編/produce_events_602100102.csv,11,6021001020080,円香,この感覚……,樋口円香,W.I.N.G.編,produce_events_602100102
樋口円香/W.I.N.G.編/produce_events_602100103.csv,3,6021001030010,円香,……いえ、別に……,樋口円香,W.I.N.G.編,produce_events_602100103
樋口円香/W.I.N.G.編/produce_events_602100103.csv,5,6021001030020,円香,"……それより、喉が乾いたので、
飲み物をもらいたいんですが",樋口円香,W.I.N.G.編,produce_events_602100103
樋口円香/W.I.N.G.編/produce_events_602100103.csv,7,6021001030030,円香,はい。……んっ……,樋口円香,W.I.N.G.編,produce_events_602100103
樋口円香/W.I.N.G.編/produce_events_602100103.csv,8,6021001030040,円香,っ……！　けほっ……けほっ…………,樋口円香,W.I.N.G.編,produce_events_602100103
樋口円香/W.I.N.G.編/produce_events_602100103.csv,10,6021001030050,円香,大丈夫です、気管に入っただ……けほっ……,樋口円香,W.I.N.G.編,produce_events_602100103
樋口円香/W.I.N.G.編/produce_events_602100103.csv,12,6021001030060,円香,うるさい大丈夫──けほっ……こほっ……！,樋口円香,W.I.N.G.編,produce_events_602100103
樋口円香/W.I.N.G.編/produce_events_602100104.csv,2,6021001040010,円香,いってきます,樋口円香,W.I.N.G.編,produce_events_602100104
樋口円香/W.I.N.G.編/produce_events_602100104.csv,4,6021001040020,円香,"……いいんですか
もっと強く送り出さなくて",樋口円香,W.I.N.G.編,produce_events_602100104
樋口円香/W.I.N.G.編/produce_events_602100104.csv,6,6021001040030,円香,これで最後なんですよ,樋口円香,W.I.N.G.編,produce_events_602100104
樋口円香/W.I.N.G.編/produce_events_602100104.csv,7,6021001040040,円香,……,樋口円香,W.I.N.G.編,produce_events_602100104
樋口円香/W.I.N.G.編/produce_events_602100104.csv,11,6021001040050,円香,──何それ,樋口円香,W.I.N.G.編,produce_events_602100104
樋口円香/W.I.N.G.編/produce_events_602100104.csv,12,6021001040060,円香,最低,樋口円香,W.I.N.G.編,produce_events_602100104
樋口円香/W.I.N.G.編/produce_events_602100106.csv,3,6021001060010,円香,あ……,樋口円香,W.I.N.G.編,produce_events_602100106
樋口円香/W.I.N.G.編/produce_events_602100106.csv,4,6021001060020,円香,見てましたか,樋口円香,W.I.N.G.編,produce_events_602100106
樋口円香/W.I.N.G.編/produce_events_602100106.csv,6,6021001060030,円香,あ、はい。優勝です,樋口円香,W.I.N.G.編,produce_events_602100106
樋口円香/W.I.N.G.編/produce_events_602100106.csv,9,6021001060040,円香,…………,樋口円香,W.I.N.G.編,produce_events_602100106
樋口円香/W.I.N.G.編/produce_events_602100106.csv,10,6021001060050,円香,ハンカチ、貸しましょうか,樋口円香,W.I.N.G.編,produce_events_602100106
樋口円香/W.I.N.G.編/produce_events_602100106.csv,12,6021001060060,円香,……いえ,樋口円香,W.I.N.G.編,produce_events_602100106
樋口円香/W.I.N.G.編/produce_events_602100106.csv,13,6021001060070,円香,私……泣きませんので,樋口円香,W.I.N.G.編,produce_events_602100106
樋口円香/W.I.N.G.編/produce_events_602100107.csv,3,6021001070010,円香,大丈夫じゃない……,樋口円香,W.I.N.G.編,produce_events_602100107
樋口円香/W.I.N.G.編/produce_events_602100107.csv,4,6021001070020,円香,なんて言うと思います？　学ばない人ですね,樋口円香,W.I.N.G.編,produce_events_602100107
樋口円香/W.I.N.G.編/produce_events_602100107.csv,6,6021001070030,円香,……冷静に考えてみると,樋口円香,W.I.N.G.編,produce_events_602100107
樋口円香/W.I.N.G.編/produce_events_602100107.csv,7,6021001070040,円香,私がアイドルって本当に意味不明,樋口円香,W.I.N.G.編,produce_events_602100107
樋口円香/W.I.N.G.編/produce_events_602100107.csv,8,6021001070050,円香,"熱意があればいいわけでも、
技術があればいいわけでもない",樋口円香,W.I.N.G.編,produce_events_602100107
樋口円香/W.I.N.G.編/produce_events_602100107.csv,9,6021001070060,円香,"勝ち上がったところで
将来の保証があるわけでもない",樋口円香,W.I.N.G.編,produce_events_602100107
樋口円香/W.I.N.G.編/produce_events_602100107.csv,10,6021001070070,円香,なんでそんなものに挑んでいたんだか,樋口円香,W.I.N.G.編,produce_events_602100107
樋口円香/W.I.N.G.編/produce_events_602100107.csv,11,6021001070080,円香,ふふっ……,樋口円香,W.I.N.G.編,produce_events_602100107
樋口円香/W.I.N.G.編/produce_events_602100107.csv,12,6021001070090,円香,でも、冷静になるまで気付かなかったってことは,樋口円香,W.I.N.G.編,produce_events_602100107
樋口円香/W.I.N.G.編/produce_events_602100107.csv,13,6021001070100,円香,つまり……ねえ、どういうことだと思います？,樋口円香,W.I.N.G.編,produce_events_602100107
樋口円香/W.I.N.G.編/produce_events_602100107.csv,16,6021001070110,円香,……本当に学ばない人ですね,樋口円香,W.I.N.G.編,produce_events_602100107
樋口円香/W.I.N.G.編/produce_events_602100107.csv,18,6021001070120,円香,……………………,樋口円香,W.I.N.G.編,produce_events_602100107
樋口円香/W.I.N.G.編/produce_events_602100107.csv,19,6021001070130,円香,はい,樋口円香,W.I.N.G.編,produce_events_602100107
樋口円香/W.I.N.G.編/produce_events_602100109.csv,20,6021001090010,円香,"……何か用ですか
もう帰るところなんですが",樋口円香,W.I.N.G.編,produce_events_602100109
樋口円香/W.I.N.G.編/produce_events_602100109.csv,22,6021001090020,円香,ふふっ……,樋口円香,W.I.N.G.編,produce_events_602100109
樋口円香/W.I.N.G.編/produce_events_602100109.csv,23,6021001090030,円香,涙、ちゃんと拭いてきましたか,樋口円香,W.I.N.G.編,produce_events_602100109
樋口円香/W.I.N.G.編/produce_events_602100109.csv,25,6021001090040,円香,え？　まさか泣いてくれなかったんですか？,樋口円香,W.I.N.G.編,produce_events_602100109
樋口円香/W.I.N.G.編/produce_events_602100109.csv,27,6021001090050,円香,"あなたの情熱はこういう時こそ活用すべきですよね
何やってるんですか？",樋口円香,W.I.N.G.編,produce_events_602100109
樋口円香/W.I.N.G.編/produce_events_602100109.csv,29,6021001090060,円香,"驚きです。直球勝負しか能がないあなたに
恥なんて高等な感情が残っていたとは",樋口円香,W.I.N.G.編,produce_events_602100109
樋口円香/W.I.N.G.編/produce_events_602100109.csv,31,6021001090070,円香,で、要件は？,樋口円香,W.I.N.G.編,produce_events_602100109
樋口円香/W.I.N.G.編/produce_events_602100109.csv,33,6021001090071,円香＆プロデューサー,『優勝おめでとう！』,樋口円香,W.I.N.G.編,produce_events_602100109
樋口円香/W.I.N.G.編/produce_events_602100109.csv,34,6021001090080,円香,…………それしかないですよね,樋口円香,W.I.N.G.編,produce_events_602100109
樋口円香/W.I.N.G.編/produce_events_602100109.csv,36,6021001090090,円香,……,樋口円香,W.I.N.G.編,produce_events_602100109
樋口円香/W.I.N.G.編/produce_events_602100109.csv,39,6021001090100,円香,……とりあえず、ひとつ言っておきますが,樋口円香,W.I.N.G.編,produce_events_602100109
樋口円香/W.I.N.G.編/produce_events_602100109.csv,40,6021001090110,円香,"私の実力ではここまで来ることはできませんでした
すべてあなたのおかげです",樋口円香,W.I.N.G.編,produce_events_602100109
樋口円香/W.I.N.G.編/produce_events_602100109.csv,41,6021001090120,円香,本当にありがとうございました,樋口円香,W.I.N.G.編,produce_events_602100109
樋口円香/W.I.N.G.編/produce_events_602100109.csv,43,6021001090130,円香,──わ、私だって……,樋口円香,W.I.N.G.編,produce_events_602100109
樋口円香/W.I.N.G.編/produce_events_602100109.csv,44,6021001090140,円香,嬉しくないわけじゃないんです……,樋口円香,W.I.N.G.編,produce_events_602100109
樋口円香/W.I.N.G.編/produce_events_602100109.csv,45,6021001090150,円香,"あからさまに喜ぶのも……
……ってだけで……その……",樋口円香,W.I.N.G.編,produce_events_602100109
樋口円香/W.I.N.G.編/produce_events_602100109.csv,46,6021001090160,円香,これでも……嬉しいんです……だから,樋口円香,W.I.N.G.編,produce_events_602100109
樋口円香/W.I.N.G.編/produce_events_602100109.csv,47,6021001090170,円香,あ、ありがとうございます……,樋口円香,W.I.N.G.編,produce_events_602100109
樋口円香/W.I.N.G.編/produce_events_602100109.csv,51,6021001090180,円香,…………,樋口円香,W.I.N.G.編,produce_events_602100109
樋口円香/W.I.N.G.編/produce_events_602100109.csv,52,6021001090190,円香,はい、今日くらいは素直に聞いてあげます,樋口円香,W.I.N.G.編,produce_events_602100109
樋口円香/W.I.N.G.編/produce_events_602100109.csv,54,6021001090200,円香,もちろん、あなたの気が緩まないように,樋口円香,W.I.N.G.編,produce_events_602100109
樋口円香/W.I.N.G.編/produce_events_602100109.csv,55,6021001090210,円香,"……それでは、お先に
また明日からもよろしくお願いします",樋口円香,W.I.N.G.編,produce_events_602100109
樋口円香/W.I.N.G.編/produce_events_602100109.csv,56,6021001090220,円香,…………,樋口円香,W.I.N.G.編,produce_events_602100109
樋口円香/W.I.N.G.編/produce_events_602100109.csv,57,6021001090230,円香,………………プロデューサー,樋口円香,W.I.N.G.編,produce_events_602100109
樋口円香/W.I.N.G.編/produce_events_702100101.csv,3,7021001010010,円香,そうですか,樋口円香,W.I.N.G.編,produce_events_702100101
樋口円香/W.I.N.G.編/produce_events_702100101.csv,5,7021001010020,円香,……まあ、通るだろうなと思っていましたので,樋口円香,W.I.N.G.編,produce_events_702100101
樋口円香/W.I.N.G.編/produce_events_702100101.csv,7,7021001010030,円香,"……
よかったですね",樋口円香,W.I.N.G.編,produce_events_702100101
樋口円香/W.I.N.G.編/produce_events_702100101.csv,9,7021001010040,円香,あなたがそこまで喜ぶ理由はわかりませんが……,樋口円香,W.I.N.G.編,produce_events_702100101
樋口円香/W.I.N.G.編/produce_events_702100101.csv,10,7021001010050,円香,簡単に通過できるということはわかったので,樋口円香,W.I.N.G.編,produce_events_702100101
樋口円香/W.I.N.G.編/produce_events_702100101.csv,11,7021001010060,円香,それは確かに嬉しく思います,樋口円香,W.I.N.G.編,produce_events_702100101
樋口円香/W.I.N.G.編/produce_events_702100101.csv,12,7021001010070,円香,"このまま頑張りますね
……それなりに",樋口円香,W.I.N.G.編,produce_events_702100101
樋口円香/W.I.N.G.編/produce_events_702100102.csv,11,7021001020010,円香,ふうん、わかりました,樋口円香,W.I.N.G.編,produce_events_702100102
樋口円香/W.I.N.G.編/produce_events_702100102.csv,12,7021001020020,円香,話はそれだけですか？　では──,樋口円香,W.I.N.G.編,produce_events_702100102
樋口円香/W.I.N.G.編/produce_events_702100102.csv,15,7021001020030,円香,そういうの結構ですので,樋口円香,W.I.N.G.編,produce_events_702100102
樋口円香/W.I.N.G.編/produce_events_702100102.csv,18,7021001020040,円香,はい。『浅倉たちと一緒に』頑張ります,樋口円香,W.I.N.G.編,produce_events_702100102
樋口円香/W.I.N.G.編/produce_events_702100103.csv,4,7021001030010,円香,手紙？,樋口円香,W.I.N.G.編,produce_events_702100103
樋口円香/W.I.N.G.編/produce_events_702100103.csv,6,7021001030020,円香,え……,樋口円香,W.I.N.G.編,produce_events_702100103
樋口円香/W.I.N.G.編/produce_events_702100103.csv,8,7021001030030,円香,ずいぶんな物好きですね,樋口円香,W.I.N.G.編,produce_events_702100103
樋口円香/W.I.N.G.編/produce_events_702100103.csv,11,7021001030040,円香,私も？,樋口円香,W.I.N.G.編,produce_events_702100103
樋口円香/W.I.N.G.編/produce_events_702100103.csv,13,7021001030050,円香,生命力……？,樋口円香,W.I.N.G.編,produce_events_702100103
樋口円香/W.I.N.G.編/produce_events_702100103.csv,15,7021001030060,円香,"ああ、はい……もういいです
よくわかりました",樋口円香,W.I.N.G.編,produce_events_702100103
樋口円香/W.I.N.G.編/produce_events_702100103.csv,16,7021001030070,円香,"この業界にいる人って、
アイドルも、スタッフも、ファンも──",樋口円香,W.I.N.G.編,produce_events_702100103
樋口円香/W.I.N.G.編/produce_events_702100103.csv,17,7021001030080,円香,みんなエネルギッシュですよね,樋口円香,W.I.N.G.編,produce_events_702100103
樋口円香/W.I.N.G.編/produce_events_702100103.csv,19,7021001030090,円香,でしょうね、あなたと同じ人種なんですから,樋口円香,W.I.N.G.編,produce_events_702100103
樋口円香/W.I.N.G.編/produce_events_702100103.csv,21,7021001030100,円香,"……まあ
悪どい人種よりは、ほんの少しだけマシですね",樋口円香,W.I.N.G.編,produce_events_702100103
樋口円香/W.I.N.G.編/produce_events_702100103.csv,23,7021001030110,円香,……今ほど失言を後悔したことはありません,樋口円香,W.I.N.G.編,produce_events_702100103
樋口円香/W.I.N.G.編/produce_events_702100103.csv,25,7021001030120,円香,……,樋口円香,W.I.N.G.編,produce_events_702100103
樋口円香/W.I.N.G.編/produce_events_702100103.csv,26,7021001030130,円香,いえ、大丈夫です,樋口円香,W.I.N.G.編,produce_events_702100103
樋口円香/W.I.N.G.編/produce_events_702100104.csv,11,7021001040010,円香,"え？　ああ……
特に頑張ったつもりはありませんが",樋口円香,W.I.N.G.編,produce_events_702100104
樋口円香/W.I.N.G.編/produce_events_702100104.csv,12,7021001040020,円香,まあ、そこまで簡単ではなかったってことですね,樋口円香,W.I.N.G.編,produce_events_702100104
樋口円香/W.I.N.G.編/produce_events_702100104.csv,15,7021001040030,円香,……はあ,樋口円香,W.I.N.G.編,produce_events_702100104
樋口円香/W.I.N.G.編/produce_events_702100104.csv,16,7021001040040,円香,なんであなたが落ち込むんですか,樋口円香,W.I.N.G.編,produce_events_702100104
樋口円香/W.I.N.G.編/produce_events_702100104.csv,17,7021001040050,円香,"そういうのは向こうに行って、
ひとりでやってくれません？",樋口円香,W.I.N.G.編,produce_events_702100104
樋口円香/W.I.N.G.編/produce_events_702100104.csv,18,7021001040060,円香,あなたが情に厚いのは十分わかりましたから,樋口円香,W.I.N.G.編,produce_events_702100104
樋口円香/W.I.N.G.編/produce_events_702100105.csv,2,7021001050010,円香,通過したんですか,樋口円香,W.I.N.G.編,produce_events_702100105
樋口円香/W.I.N.G.編/produce_events_702100105.csv,4,7021001050020,円香,ふうん……,樋口円香,W.I.N.G.編,produce_events_702100105
樋口円香/W.I.N.G.編/produce_events_702100105.csv,6,7021001050030,円香,……いえ？,樋口円香,W.I.N.G.編,produce_events_702100105
樋口円香/W.I.N.G.編/produce_events_702100105.csv,8,7021001050040,円香,"それは何よりです
あなたの思い通りにならなくて",樋口円香,W.I.N.G.編,produce_events_702100105
樋口円香/W.I.N.G.編/produce_events_702100105.csv,9,7021001050050,円香,……,樋口円香,W.I.N.G.編,produce_events_702100105
樋口円香/W.I.N.G.編/produce_events_702100105.csv,10,7021001050060,円香,"でも、そうですね
他の子なら大喜びしてるでしょうし",樋口円香,W.I.N.G.編,produce_events_702100105
樋口円香/W.I.N.G.編/produce_events_702100105.csv,12,7021001050070,円香,いえ、そんなことは,樋口円香,W.I.N.G.編,produce_events_702100105
樋口円香/W.I.N.G.編/produce_events_702100105.csv,16,7021001050080,円香,嫌ですね,樋口円香,W.I.N.G.編,produce_events_702100105
樋口円香/W.I.N.G.編/produce_events_702100105.csv,17,7021001050090,円香,全てを評価されたいとか思っていないので,樋口円香,W.I.N.G.編,produce_events_702100105
樋口円香/W.I.N.G.編/produce_events_702100105.csv,18,7021001050100,円香,この先の審査はさらに厳しくなるんでしょうし,樋口円香,W.I.N.G.編,produce_events_702100105
樋口円香/W.I.N.G.編/produce_events_702100105.csv,19,7021001050110,円香,私はもう──,樋口円香,W.I.N.G.編,produce_events_702100105
樋口円香/W.I.N.G.編/produce_events_702100106.csv,10,7021001060010,円香,"ああ、落ちたんですね
わかりました",樋口円香,W.I.N.G.編,produce_events_702100106
樋口円香/W.I.N.G.編/produce_events_702100106.csv,12,7021001060020,円香,"ふふっ、深刻そうな顔で呼び出すから
何事かと思いました",樋口円香,W.I.N.G.編,produce_events_702100106
樋口円香/W.I.N.G.編/produce_events_702100106.csv,13,7021001060030,円香,"いちいち大げさにするの、
やめてもらえます？",樋口円香,W.I.N.G.編,produce_events_702100106
樋口円香/W.I.N.G.編/produce_events_702100106.csv,15,7021001060040,円香,…………,樋口円香,W.I.N.G.編,produce_events_702100106
樋口円香/W.I.N.G.編/produce_events_702100106.csv,17,7021001060050,円香,"そもそもとして、
受かりたいと思ったことがありませんので",樋口円香,W.I.N.G.編,produce_events_702100106
樋口円香/W.I.N.G.編/produce_events_702100106.csv,18,7021001060060,円香,このあたりで落ちておくのが、ちょうどいいですよ,樋口円香,W.I.N.G.編,produce_events_702100106
樋口円香/W.I.N.G.編/produce_events_702100107.csv,2,7021001070010,円香,あーあ,樋口円香,W.I.N.G.編,produce_events_702100107
樋口円香/W.I.N.G.編/produce_events_702100107.csv,3,7021001070020,円香,あなたのせいですね,樋口円香,W.I.N.G.編,produce_events_702100107
樋口円香/W.I.N.G.編/produce_events_702100107.csv,5,7021001070030,円香,はい,樋口円香,W.I.N.G.編,produce_events_702100107
樋口円香/W.I.N.G.編/produce_events_702100107.csv,6,7021001070040,円香,私はここまで来る気はありませんでした,樋口円香,W.I.N.G.編,produce_events_702100107
樋口円香/W.I.N.G.編/produce_events_702100107.csv,7,7021001070050,円香,だから費やした時間も労力も、結果も,樋口円香,W.I.N.G.編,produce_events_702100107
樋口円香/W.I.N.G.編/produce_events_702100107.csv,8,7021001070060,円香,すべて、あなたのせい,樋口円香,W.I.N.G.編,produce_events_702100107
樋口円香/W.I.N.G.編/produce_events_702100107.csv,11,7021001070070,円香,私のせいってことですか？,樋口円香,W.I.N.G.編,produce_events_702100107
樋口円香/W.I.N.G.編/produce_events_702100107.csv,13,7021001070071,円香＆プロデューサー,…………,樋口円香,W.I.N.G.編,produce_events_702100107
樋口円香/W.I.N.G.編/produce_events_702100107.csv,14,7021001070072,円香＆プロデューサー,ふふっ,樋口円香,W.I.N.G.編,produce_events_702100107
樋口円香/W.I.N.G.編/produce_events_702100107.csv,15,7021001070080,円香,ま、私もリタイアしなかったので,樋口円香,W.I.N.G.編,produce_events_702100107
樋口円香/W.I.N.G.編/produce_events_702100107.csv,16,7021001070090,円香,願ったようなものですかね,樋口円香,W.I.N.G.編,produce_events_702100107
樋口円香/W.I.N.G.編/produce_events_702100107.csv,18,7021001070100,円香,"そこは断言してほしかったですね
ミスター・ドリーマー？",樋口円香,W.I.N.G.編,produce_events_702100107
樋口円香/W.I.N.G.編/produce_events_702100107.csv,19,7021001070110,円香,"まあいいですけど
──ちょっと出かけてきます",樋口円香,W.I.N.G.編,produce_events_702100107
樋口円香/W.I.N.G.編/produce_events_702100107.csv,21,7021001070120,円香,今はそういう気分じゃないので,樋口円香,W.I.N.G.編,produce_events_702100107
樋口円香/W.I.N.G.編/produce_events_702100107.csv,22,7021001070130,円香,あ、はづきさんに伝えておいてください──,樋口円香,W.I.N.G.編,produce_events_702100107
樋口円香/W.I.N.G.編/produce_events_702100107.csv,24,7021001070140,円香,……！,樋口円香,W.I.N.G.編,produce_events_702100107
樋口円香/W.I.N.G.編/produce_events_702100107.csv,25,7021001070150,円香,…………『レッスン室の鍵、明日返します』で,樋口円香,W.I.N.G.編,produce_events_702100107
樋口円香/W.I.N.G.編/produce_events_702100107.csv,27,7021001070160,円香,…………いつから気付いてたの,樋口円香,W.I.N.G.編,produce_events_702100107
樋口円香/W.I.N.G.編/produce_events_702100107.csv,28,7021001070170,円香,……そういうところが嫌い,樋口円香,W.I.N.G.編,produce_events_702100107
樋口円香/W.I.N.G.編/produce_events_702100108.csv,11,7021001080010,円香,え……,樋口円香,W.I.N.G.編,produce_events_702100108
樋口円香/W.I.N.G.編/produce_events_702100108.csv,12,7021001080020,円香,"ああ、そうなんですね
わかりました",樋口円香,W.I.N.G.編,produce_events_702100108
樋口円香/W.I.N.G.編/produce_events_702100108.csv,14,7021001080030,円香,"気を使わなくていいですよ
ショックはないので",樋口円香,W.I.N.G.編,produce_events_702100108
樋口円香/W.I.N.G.編/produce_events_702100108.csv,15,7021001080040,円香,まあこんなところじゃないですか,樋口円香,W.I.N.G.編,produce_events_702100108
樋口円香/W.I.N.G.編/produce_events_702100108.csv,16,7021001080050,円香,"だけど……ふふっ
なんだかひどく中途半端に終わりましたね",樋口円香,W.I.N.G.編,produce_events_702100108
樋口円香/W.I.N.G.編/produce_events_702100108.csv,17,7021001080060,円香,格好悪い,樋口円香,W.I.N.G.編,produce_events_702100108
樋口円香/W.I.N.G.編/produce_events_702100108.csv,19,7021001080070,円香,あ、そうだ,樋口円香,W.I.N.G.編,produce_events_702100108
樋口円香/W.I.N.G.編/produce_events_702100108.csv,20,7021001080080,円香,これ、はづきさんに返しておいてもらえます？,樋口円香,W.I.N.G.編,produce_events_702100108
樋口円香/W.I.N.G.編/produce_events_702100108.csv,22,7021001080090,円香,もういらなくなったので,樋口円香,W.I.N.G.編,produce_events_702100108
樋口円香/W.I.N.G.編/produce_events_702100108.csv,23,7021001080100,円香,帰ります、お疲れ様でした,樋口円香,W.I.N.G.編,produce_events_702100108
樋口円香/W.I.N.G.編/オーディション後 勝利①.csv,3,5021001000110010,円香,はい、よかったですね,樋口円香,W.I.N.G.編,オーディション後 勝利①
樋口円香/W.I.N.G.編/オーディション後 勝利①.csv,4,5021001000110020,円香,"この後、何かありますか？
無ければ帰ります",樋口円香,W.I.N.G.編,オーディション後 勝利①
樋口円香/W.I.N.G.編/オーディション後 勝利①.csv,6,5021001000110030,円香,"それなら、ここで解散ですね
お疲れ様でした",樋口円香,W.I.N.G.編,オーディション後 勝利①
樋口円香/W.I.N.G.編/オーディション後 勝利①.csv,8,5021001000110040,円香,だからそれを拒否しているんです。では,樋口円香,W.I.N.G.編,オーディション後 勝利①
樋口円香/W.I.N.G.編/オーディション後 勝利②.csv,3,5021001000210010,円香,はい、そうみたいですね,樋口円香,W.I.N.G.編,オーディション後 勝利②
樋口円香/W.I.N.G.編/オーディション後 勝利②.csv,4,5021001000210020,円香,"……
どうでしたか？",樋口円香,W.I.N.G.編,オーディション後 勝利②
樋口円香/W.I.N.G.編/オーディション後 勝利②.csv,6,5021001000210030,円香,"そうですか、なんの役にも立たないコメント
ありがとうございます……では",樋口円香,W.I.N.G.編,オーディション後 勝利②
樋口円香/W.I.N.G.編/オーディション後 勝利②.csv,9,5021001000210040,円香,……どーも,樋口円香,W.I.N.G.編,オーディション後 勝利②
樋口円香/W.I.N.G.編/オーディション後 敗北①.csv,2,5021001000120010,円香,あ、慰めとかは結構ですので,樋口円香,W.I.N.G.編,オーディション後 敗北①
樋口円香/W.I.N.G.編/オーディション後 敗北①.csv,3,5021001000120020,円香,"それとも謝罪が必要でしたか？
この度は至らない結果で申し訳ありません",樋口円香,W.I.N.G.編,オーディション後 敗北①
樋口円香/W.I.N.G.編/オーディション後 敗北①.csv,5,5021001000120030,円香,"これからは心を入れ替えて頑張ります
明日からまたよろしくお願い申し上げます",樋口円香,W.I.N.G.編,オーディション後 敗北①
樋口円香/W.I.N.G.編/オーディション後 敗北①.csv,7,5021001000120040,円香,まだ何か？,樋口円香,W.I.N.G.編,オーディション後 敗北①
樋口円香/W.I.N.G.編/オーディション後 敗北①.csv,9,5021001000120060,円香,お断りします,樋口円香,W.I.N.G.編,オーディション後 敗北①
樋口円香/W.I.N.G.編/オーディション後 敗北②.csv,2,5021001000220010,円香,"言いたいことがあるなら、
形式として聞きますのでどうぞ",樋口円香,W.I.N.G.編,オーディション後 敗北②
樋口円香/W.I.N.G.編/オーディション後 敗北②.csv,6,5021001000220020,円香,"…………
私、別に疲れていませんが",樋口円香,W.I.N.G.編,オーディション後 敗北②
樋口円香/W.I.N.G.編/オーディション後 敗北②.csv,8,5021001000220030,円香,ふふっ…………あなたも言うようになりましたね,樋口円香,W.I.N.G.編,オーディション後 敗北②
樋口円香/W.I.N.G.編/オーディション後 敗北②.csv,9,5021001000220040,円香,"失礼しました
ゆっくり休みます……お言葉に甘えて",樋口円香,W.I.N.G.編,オーディション後 敗北②
樋口円香/【Feb】樋口円香/くま.csv,2,3021006020010,円香,──え,樋口円香,【Feb】樋口円香,くま
樋口円香/【Feb】樋口円香/くま.csv,3,3021006020020,円香,"あの……
多分、この荷物ではないと思うのですが……",樋口円香,【Feb】樋口円香,くま
樋口円香/【Feb】樋口円香/くま.csv,4,3021006020030,円香,"もっと小さい箱じゃないかと
中身、ストラップなので……",樋口円香,【Feb】樋口円香,くま
樋口円香/【Feb】樋口円香/くま.csv,7,3021006020040,円香,はい,樋口円香,【Feb】樋口円香,くま
樋口円香/【Feb】樋口円香/くま.csv,10,3021006020050,円香,"……
同じですね",樋口円香,【Feb】樋口円香,くま
樋口円香/【Feb】樋口円香/くま.csv,12,3021006020060,円香,"あ……はい、すみません
大丈夫です",樋口円香,【Feb】樋口円香,くま
樋口円香/【Feb】樋口円香/くま.csv,13,3021006020070,円香,支払いはICカードでお願いします──,樋口円香,【Feb】樋口円香,くま
樋口円香/【Feb】樋口円香/くま.csv,14,3021006020080,円香,…………,樋口円香,【Feb】樋口円香,くま
樋口円香/【Feb】樋口円香/くま.csv,15,3021006020090,円香,はあ………………,樋口円香,【Feb】樋口円香,くま
樋口円香/【Feb】樋口円香/くま.csv,16,3021006020100,円香,やられた……,樋口円香,【Feb】樋口円香,くま
樋口円香/【Feb】樋口円香/くま.csv,17,3021006020110,円香,これだから通販の写真は……,樋口円香,【Feb】樋口円香,くま
樋口円香/【Feb】樋口円香/くま.csv,18,3021006020120,円香,"サイズ……書いてあったっけ……
ああ……写真しか見てなかった……",樋口円香,【Feb】樋口円香,くま
樋口円香/【Feb】樋口円香/くま.csv,20,3021006020140,円香,ん──……,樋口円香,【Feb】樋口円香,くま
樋口円香/【Feb】樋口円香/くま.csv,22,3021006020160,円香,……別に,樋口円香,【Feb】樋口円香,くま
樋口円香/【Feb】樋口円香/くま.csv,23,3021006020170,円香,"事務所行くとこ
小糸もでしょ、ミーティング",樋口円香,【Feb】樋口円香,くま
樋口円香/【Feb】樋口円香/くま.csv,25,3021006020190,円香,"じゃ、行こっか
それともコンビニ寄る？",樋口円香,【Feb】樋口円香,くま
樋口円香/【Feb】樋口円香/くま.csv,29,3021006020230,円香,え？　ああ……,樋口円香,【Feb】樋口円香,くま
樋口円香/【Feb】樋口円香/くま.csv,30,3021006020240,円香,なんか間違って買ったみたい,樋口円香,【Feb】樋口円香,くま
樋口円香/【Feb】樋口円香/くま.csv,32,3021006020260,円香,……何それ,樋口円香,【Feb】樋口円香,くま
樋口円香/【Feb】樋口円香/くま.csv,33,3021006020270,円香,"私はいらないから、
もう捨てるしかないんだけど",樋口円香,【Feb】樋口円香,くま
樋口円香/【Feb】樋口円香/くま.csv,34,3021006020280,円香,小糸、いる？,樋口円香,【Feb】樋口円香,くま
樋口円香/【Feb】樋口円香/くま.csv,36,3021006020300,円香,これ、小糸が持ってたのと同じでしょ,樋口円香,【Feb】樋口円香,くま
樋口円香/【Feb】樋口円香/くま.csv,38,3021006020320,円香,"この間、話したやつ
ずっとランドセルにつけてたあれ",樋口円香,【Feb】樋口円香,くま
樋口円香/【Feb】樋口円香/くま.csv,39,3021006020330,円香,"ストラップじゃないけど
もし小糸が好きなキャラクターなんだったら",樋口円香,【Feb】樋口円香,くま
樋口円香/【Feb】樋口円香/くま.csv,42,3021006020360,円香,…………,樋口円香,【Feb】樋口円香,くま
樋口円香/【Feb】樋口円香/くま.csv,43,3021006020370,円香,……そうだっけ,樋口円香,【Feb】樋口円香,くま
樋口円香/【Feb】樋口円香/くま.csv,45,3021006020390,円香,"…………
そうだったっけ……？",樋口円香,【Feb】樋口円香,くま
樋口円香/【Feb】樋口円香/くま.csv,46,3021006020400,円香,…………,樋口円香,【Feb】樋口円香,くま
樋口円香/【Feb】樋口円香/くま.csv,49,3021006020430,円香,"……いい、返品する
それか適当にフリマにでも出す",樋口円香,【Feb】樋口円香,くま
樋口円香/【Feb】樋口円香/くま.csv,51,3021006020450,円香,"こんなサイズじゃ、
押し付けるのもちょっとね",樋口円香,【Feb】樋口円香,くま
樋口円香/【Feb】樋口円香/くま.csv,53,3021006020470,円香,……,樋口円香,【Feb】樋口円香,くま
樋口円香/【Feb】樋口円香/くま.csv,54,3021006020480,円香,本気？,樋口円香,【Feb】樋口円香,くま
樋口円香/【Feb】樋口円香/くま.csv,57,3021006020510,円香,……小糸、それ持ったまま歩けないでしょ,樋口円香,【Feb】樋口円香,くま
樋口円香/【Feb】樋口円香/バス.csv,3,3021006010020,円香,ん,樋口円香,【Feb】樋口円香,バス
樋口円香/【Feb】樋口円香/バス.csv,5,3021006010040,円香,"次でよくない？
すぐ来るでしょ",樋口円香,【Feb】樋口円香,バス
樋口円香/【Feb】樋口円香/バス.csv,7,3021006010060,円香,いいよ、遅れても,樋口円香,【Feb】樋口円香,バス
樋口円香/【Feb】樋口円香/バス.csv,10,3021006010090,円香,えー,樋口円香,【Feb】樋口円香,バス
樋口円香/【Feb】樋口円香/バス.csv,12,3021006010110,円香,別にいいのに,樋口円香,【Feb】樋口円香,バス
樋口円香/【Feb】樋口円香/バス.csv,14,3021006010130,円香,……足元、何か落ちてる,樋口円香,【Feb】樋口円香,バス
樋口円香/【Feb】樋口円香/バス.csv,16,3021006010150,円香,なんかぬいぐるみ……,樋口円香,【Feb】樋口円香,バス
樋口円香/【Feb】樋口円香/バス.csv,17,3021006010160,円香,…………,樋口円香,【Feb】樋口円香,バス
樋口円香/【Feb】樋口円香/バス.csv,18,3021006010170,円香,"違った
ぬいぐるみがついたストラップ",樋口円香,【Feb】樋口円香,バス
樋口円香/【Feb】樋口円香/バス.csv,19,3021006010180,円香,……小糸の？,樋口円香,【Feb】樋口円香,バス
樋口円香/【Feb】樋口円香/バス.csv,21,3021006010200,円香,…………,樋口円香,【Feb】樋口円香,バス
樋口円香/【Feb】樋口円香/バス.csv,22,3021006010210,円香,降りる時、運転手さんに渡そう,樋口円香,【Feb】樋口円香,バス
樋口円香/【Feb】樋口円香/バス.csv,26,3021006010250,円香,知らない,樋口円香,【Feb】樋口円香,バス
樋口円香/【Feb】樋口円香/バス.csv,27,3021006010260,円香,小糸の方が詳しいでしょ,樋口円香,【Feb】樋口円香,バス
樋口円香/【Feb】樋口円香/バス.csv,29,3021006010280,円香,"ふうん……
でも持ってなかったっけ、なんか",樋口円香,【Feb】樋口円香,バス
樋口円香/【Feb】樋口円香/バス.csv,30,3021006010290,円香,"ずっとランドセルにつけてたでしょ
こういうの",樋口円香,【Feb】樋口円香,バス
樋口円香/【Feb】樋口円香/バス.csv,33,3021006010320,円香,……何？,樋口円香,【Feb】樋口円香,バス
樋口円香/【Feb】樋口円香/バス.csv,37,3021006010360,円香,……？,樋口円香,【Feb】樋口円香,バス
樋口円香/【Feb】樋口円香/バス.csv,38,3021006010370,円香,そうなんだ,樋口円香,【Feb】樋口円香,バス
樋口円香/【Feb】樋口円香/バス.csv,41,3021006010400,円香,………,樋口円香,【Feb】樋口円香,バス
樋口円香/【Feb】樋口円香/バス.csv,42,3021006010410,円香,なんで私に謝るの？,樋口円香,【Feb】樋口円香,バス
樋口円香/【Feb】樋口円香/バス.csv,45,3021006010440,円香,……,樋口円香,【Feb】樋口円香,バス
樋口円香/【Feb】樋口円香/バス.csv,46,3021006010450,円香,私があげたんだっけ,樋口円香,【Feb】樋口円香,バス
樋口円香/【Feb】樋口円香/バス.csv,48,3021006010470,円香,……そうだったかも,樋口円香,【Feb】樋口円香,バス
樋口円香/【Feb】樋口円香/バス.csv,51,3021006010500,円香,別に、あげたことも覚えてなかったし,樋口円香,【Feb】樋口円香,バス
樋口円香/【Feb】樋口円香/バス.csv,52,3021006010510,円香,"……私がいらないやつを『小糸はいる？』って
聞いただけじゃなかったっけ",樋口円香,【Feb】樋口円香,バス
樋口円香/【Feb】樋口円香/バス.csv,55,3021006010540,円香,…………,樋口円香,【Feb】樋口円香,バス
樋口円香/【Feb】樋口円香/バス.csv,56,3021006010550,円香,何これ、たっか……,樋口円香,【Feb】樋口円香,バス
樋口円香/【Feb】樋口円香/バス.csv,57,3021006010560,円香,"ストラップのくせに……
プレミアでもついたの……？",樋口円香,【Feb】樋口円香,バス
樋口円香/【Feb】樋口円香/バス.csv,58,3021006010570,円香,…………,樋口円香,【Feb】樋口円香,バス
樋口円香/【Feb】樋口円香/バス.csv,59,3021006010580,円香,"ま……
いっか……",樋口円香,【Feb】樋口円香,バス
樋口円香/【Feb】樋口円香/バス.csv,60,3021006010590,円香,ただいまー,樋口円香,【Feb】樋口円香,バス
樋口円香/【Feb】樋口円香/バス.csv,62,3021006010600,円香,"ん……ねえ、あさっての昼って家にいる？
通販、受け取ってほしいんだけど──……",樋口円香,【Feb】樋口円香,バス
樋口円香/【Merry】樋口円香/GIFT.csv,6,2021010110010,円香,…………,樋口円香,【Merry】樋口円香,GIFT
樋口円香/【Merry】樋口円香/GIFT.csv,8,2021010110020,円香,自覚があったんですね,樋口円香,【Merry】樋口円香,GIFT
樋口円香/【Merry】樋口円香/GIFT.csv,13,2021010110030,円香,さあ,樋口円香,【Merry】樋口円香,GIFT
樋口円香/【Merry】樋口円香/GIFT.csv,14,2021010110040,円香,"それか、そういうところもひっくるめて、
私を騙そうとしているか",樋口円香,【Merry】樋口円香,GIFT
樋口円香/【Merry】樋口円香/GIFT.csv,16,2021010110050,円香,そう、ひどい人,樋口円香,【Merry】樋口円香,GIFT
樋口円香/【Merry】樋口円香/GIFT.csv,17,2021010110060,円香,自覚がないから余計にひどい,樋口円香,【Merry】樋口円香,GIFT
樋口円香/【Merry】樋口円香/GIFT.csv,19,2021010110070,円香,そういうことになりますね,樋口円香,【Merry】樋口円香,GIFT
樋口円香/【Merry】樋口円香/GIFT.csv,20,2021010110080,円香,でも、正しくは騙されたんじゃなくて,樋口円香,【Merry】樋口円香,GIFT
樋口円香/【Merry】樋口円香/GIFT.csv,21,2021010110090,円香,騙されたふりをしてあげただけ,樋口円香,【Merry】樋口円香,GIFT
樋口円香/【Merry】樋口円香/GIFT.csv,24,2021010110100,円香,"ひどい言い草
最低",樋口円香,【Merry】樋口円香,GIFT
樋口円香/【Merry】樋口円香/GIFT.csv,25,2021010110110,円香,……でも、同感,樋口円香,【Merry】樋口円香,GIFT
樋口円香/【Merry】樋口円香/GIFT.csv,26,2021010110111,円香＆プロデューサー,ふふ……────,樋口円香,【Merry】樋口円香,GIFT
樋口円香/【Merry】樋口円香/GIFT.csv,27,2021010110120,円香,もし、あの日に戻れたら,樋口円香,【Merry】樋口円香,GIFT
樋口円香/【Merry】樋口円香/GIFT.csv,28,2021010110130,円香,"私はきっと事務所に行かない
そんな気がする",樋口円香,【Merry】樋口円香,GIFT
樋口円香/【Merry】樋口円香/GIFT.csv,31,2021010110140,円香,どうなんですかね,樋口円香,【Merry】樋口円香,GIFT
樋口円香/【Merry】樋口円香/GIFT.csv,32,2021010110150,円香,まだ言語化できない,樋口円香,【Merry】樋口円香,GIFT
樋口円香/【Merry】樋口円香/GIFT.csv,33,2021010110160,円香,……そうしたら出会うこともありませんでしたね,樋口円香,【Merry】樋口円香,GIFT
樋口円香/【Merry】樋口円香/GIFT.csv,36,2021010110170,円香,……でしょうね,樋口円香,【Merry】樋口円香,GIFT
樋口円香/【Merry】樋口円香/GIFT.csv,37,2021010110180,円香,知ってる,樋口円香,【Merry】樋口円香,GIFT
樋口円香/【Merry】樋口円香/GIFT.csv,39,2021010110190,円香,ええ……,樋口円香,【Merry】樋口円香,GIFT
樋口円香/【Merry】樋口円香/GIFT.csv,47,2021010110200,円香,…………これ……,樋口円香,【Merry】樋口円香,GIFT
樋口円香/【Merry】樋口円香/GIFT.csv,49,2021010110210,円香,…………宝石箱────,樋口円香,【Merry】樋口円香,GIFT
樋口円香/【Merry】樋口円香/GIFT.csv,52,2021010110211,円香＆プロデューサー,…………,樋口円香,【Merry】樋口円香,GIFT
樋口円香/【Merry】樋口円香/GIFT.csv,53,2021010110212,円香＆プロデューサー,メリークリスマス,樋口円香,【Merry】樋口円香,GIFT
樋口円香/【Merry】樋口円香/HOLIDAY.csv,5,2021010030010,円香,お久しぶりです────,樋口円香,【Merry】樋口円香,HOLIDAY
樋口円香/【Merry】樋口円香/HOLIDAY.csv,7,2021010030020,円香,ありがとうございます,樋口円香,【Merry】樋口円香,HOLIDAY
樋口円香/【Merry】樋口円香/HOLIDAY.csv,9,2021010030030,円香,なんか、暑……,樋口円香,【Merry】樋口円香,HOLIDAY
樋口円香/【Merry】樋口円香/HOLIDAY.csv,11,2021010030040,円香,"……冷たい飲み物をいただいてきます
何か飲みます？",樋口円香,【Merry】樋口円香,HOLIDAY
樋口円香/【Merry】樋口円香/HOLIDAY.csv,16,2021010030060,円香,お疲れ様でした,樋口円香,【Merry】樋口円香,HOLIDAY
樋口円香/【Merry】樋口円香/HOLIDAY.csv,18,2021010030070,円香,"お構いなく
あなたもパーティまでが仕事でしょ？",樋口円香,【Merry】樋口円香,HOLIDAY
樋口円香/【Merry】樋口円香/HOLIDAY.csv,20,2021010030080,円香,帰り道くらい自由にさせてください,樋口円香,【Merry】樋口円香,HOLIDAY
樋口円香/【Merry】樋口円香/HOLIDAY.csv,21,2021010030090,円香,……それでは,樋口円香,【Merry】樋口円香,HOLIDAY
樋口円香/【Merry】樋口円香/HOLIDAY.csv,23,2021010030100,円香,…………,樋口円香,【Merry】樋口円香,HOLIDAY
樋口円香/【Merry】樋口円香/HOLIDAY.csv,27,2021010030110,円香,ん……,樋口円香,【Merry】樋口円香,HOLIDAY
樋口円香/【Merry】樋口円香/HOLIDAY.csv,31,2021010030120,円香,は……？,樋口円香,【Merry】樋口円香,HOLIDAY
樋口円香/【Merry】樋口円香/HOLIDAY.csv,34,2021010030130,円香,"…………
知り合いでは……",樋口円香,【Merry】樋口円香,HOLIDAY
樋口円香/【Merry】樋口円香/HOLIDAY.csv,38,0000000000000,円香,………………,樋口円香,【Merry】樋口円香,HOLIDAY
樋口円香/【Merry】樋口円香/HOLIDAY.csv,39,2021010030150,円香,花子です,樋口円香,【Merry】樋口円香,HOLIDAY
樋口円香/【Merry】樋口円香/HOLIDAY.csv,44,0000000000000,円香＆プロデューサー,……………………,樋口円香,【Merry】樋口円香,HOLIDAY
樋口円香/【Merry】樋口円香/HOLIDAY.csv,47,2021010030160,円香,"いや、何？
どういう設定ですか、今の",樋口円香,【Merry】樋口円香,HOLIDAY
樋口円香/【Merry】樋口円香/HOLIDAY.csv,49,2021010030170,円香,は……？,樋口円香,【Merry】樋口円香,HOLIDAY
樋口円香/【Merry】樋口円香/HOLIDAY.csv,51,2021010030180,円香,上手だったとでも？,樋口円香,【Merry】樋口円香,HOLIDAY
樋口円香/【Merry】樋口円香/HOLIDAY.csv,52,2021010030190,円香,……だいたいナンパじゃないですし,樋口円香,【Merry】樋口円香,HOLIDAY
樋口円香/【Merry】樋口円香/HOLIDAY.csv,54,2021010030200,円香,"じゃ、途中で切り替えれば？
ファンサは仕事として必要でしょ？",樋口円香,【Merry】樋口円香,HOLIDAY
樋口円香/【Merry】樋口円香/HOLIDAY.csv,56,2021010030210,円香,…………,樋口円香,【Merry】樋口円香,HOLIDAY
樋口円香/【Merry】樋口円香/HOLIDAY.csv,57,2021010030220,円香,オフなら私の面倒を見る必要もないのでは,樋口円香,【Merry】樋口円香,HOLIDAY
樋口円香/【Merry】樋口円香/HOLIDAY.csv,58,2021010030230,円香,論理破綻,樋口円香,【Merry】樋口円香,HOLIDAY
樋口円香/【Merry】樋口円香/HOLIDAY.csv,59,2021010030240,円香,"……ついてくるあなたは、何
家庭教師？",樋口円香,【Merry】樋口円香,HOLIDAY
樋口円香/【Merry】樋口円香/HOLIDAY.csv,62,2021010030250,円香,さあ,樋口円香,【Merry】樋口円香,HOLIDAY
樋口円香/【Merry】樋口円香/HOLIDAY.csv,63,2021010030260,円香,………………,樋口円香,【Merry】樋口円香,HOLIDAY
樋口円香/【Merry】樋口円香/HOLIDAY.csv,64,2021010030270,円香,秘密,樋口円香,【Merry】樋口円香,HOLIDAY
樋口円香/【Merry】樋口円香/NREM.csv,2,2021010010010,円香,──ああ、アイドル志望というのは嘘です,樋口円香,【Merry】樋口円香,NREM
樋口円香/【Merry】樋口円香/NREM.csv,3,2021010010020,円香,"私の幼馴染がそちらに所属することになりまして
騙されてないか、確かめに来たんです",樋口円香,【Merry】樋口円香,NREM
樋口円香/【Merry】樋口円香/NREM.csv,10,2021010010030,円香,"いちいち情熱を燃やさないと、
まともに仕事できないんですか？",樋口円香,【Merry】樋口円香,NREM
樋口円香/【Merry】樋口円香/NREM.csv,11,2021010010040,円香,"笑っておけばなんとかなる
アイドルって楽な商売",樋口円香,【Merry】樋口円香,NREM
樋口円香/【Merry】樋口円香/NREM.csv,12,2021010010050,円香,"社会ってもっと厳しいものだと思っていました
私の勘違いで何よりです",樋口円香,【Merry】樋口円香,NREM
樋口円香/【Merry】樋口円香/NREM.csv,13,2021010010060,円香,私は、誰かのために歌っていない,樋口円香,【Merry】樋口円香,NREM
樋口円香/【Merry】樋口円香/NREM.csv,15,2021010010070,円香,それって、あなたがいれば安全ってこと？,樋口円香,【Merry】樋口円香,NREM
樋口円香/【Merry】樋口円香/NREM.csv,16,2021010010080,円香,嫌い……,樋口円香,【Merry】樋口円香,NREM
樋口円香/【Merry】樋口円香/NREM.csv,17,2021010010090,円香,……本当に……,樋口円香,【Merry】樋口円香,NREM
樋口円香/【Merry】樋口円香/NREM.csv,20,2021010010100,円香,────どうして私を助けたんです？,樋口円香,【Merry】樋口円香,NREM
樋口円香/【Merry】樋口円香/NREM.csv,22,2021010010110,円香,助けなくていいって言ったのに,樋口円香,【Merry】樋口円香,NREM
樋口円香/【Merry】樋口円香/NREM.csv,25,2021010010120,円香,……ふうん,樋口円香,【Merry】樋口円香,NREM
樋口円香/【Merry】樋口円香/NREM.csv,26,2021010010130,円香,私がオフで『アイドル』でない時も？,樋口円香,【Merry】樋口円香,NREM
樋口円香/【Merry】樋口円香/NREM.csv,28,2021010010140,円香,じゃ、私が『アイドル』ではなくなったら？,樋口円香,【Merry】樋口円香,NREM
樋口円香/【Merry】樋口円香/NREM.csv,29,2021010010150,円香,そうなったら、ようやく────,樋口円香,【Merry】樋口円香,NREM
樋口円香/【Merry】樋口円香/NREM.csv,34,2021010010160,円香,おはようございます,樋口円香,【Merry】樋口円香,NREM
樋口円香/【Merry】樋口円香/NREM.csv,39,2021010010170,円香,……いけませんか？,樋口円香,【Merry】樋口円香,NREM
樋口円香/【Merry】樋口円香/NREM.csv,41,2021010010180,円香,"今日はオフです
学校に行く前に、寄っただけ",樋口円香,【Merry】樋口円香,NREM
樋口円香/【Merry】樋口円香/NREM.csv,42,2021010010190,円香,事務所に忘れ物をしたので,樋口円香,【Merry】樋口円香,NREM
樋口円香/【Merry】樋口円香/NREM.csv,44,2021010010200,円香,…………声,樋口円香,【Merry】樋口円香,NREM
樋口円香/【Merry】樋口円香/NREM.csv,45,2021010010210,円香,……声、枯れてる,樋口円香,【Merry】樋口円香,NREM
樋口円香/【Merry】樋口円香/NREM.csv,46,2021010010220,円香,寝起きですか,樋口円香,【Merry】樋口円香,NREM
樋口円香/【Merry】樋口円香/NREM.csv,48,2021010010230,円香,"まあ、見ればわかりますけど
……よれよれのシャツ",樋口円香,【Merry】樋口円香,NREM
樋口円香/【Merry】樋口円香/NREM.csv,49,2021010010240,円香,"では
失礼しました",樋口円香,【Merry】樋口円香,NREM
樋口円香/【Merry】樋口円香/NREM.csv,53,2021010010250,円香,"……じゃ、私が『アイドル』ではなくなったら？
そうなったら、ようやく────",樋口円香,【Merry】樋口円香,NREM
樋口円香/【Merry】樋口円香/NREM.csv,59,0000000000000,円香,……………………,樋口円香,【Merry】樋口円香,NREM
樋口円香/【Merry】樋口円香/NREM.csv,60,2021010010270,円香,まあ、はい,樋口円香,【Merry】樋口円香,NREM
樋口円香/【Merry】樋口円香/NREM.csv,62,2021010010280,円香,"……仕事の打ち合わせは明日です
今日はオフ",樋口円香,【Merry】樋口円香,NREM
樋口円香/【Merry】樋口円香/NREM.csv,65,2021010010290,円香,学校に行く前に忘れ物を取りに来ただけ,樋口円香,【Merry】樋口円香,NREM
樋口円香/【Merry】樋口円香/NREM.csv,66,2021010010300,円香,……それだけです,樋口円香,【Merry】樋口円香,NREM
樋口円香/【Merry】樋口円香/NREM.csv,67,2021010010310,円香,"あとは二度寝でもなんでも
…………ごゆっくり",樋口円香,【Merry】樋口円香,NREM
樋口円香/【Merry】樋口円香/NREM.csv,70,2021010010320,円香,"……じゃ、私が『アイドル』ではなくなったら？
そうなったら、ようやく────",樋口円香,【Merry】樋口円香,NREM
樋口円香/【Merry】樋口円香/NREM.csv,74,2021010010330,円香,……なんですか？,樋口円香,【Merry】樋口円香,NREM
樋口円香/【Merry】樋口円香/NREM.csv,77,2021010010340,円香,…………？,樋口円香,【Merry】樋口円香,NREM
樋口円香/【Merry】樋口円香/NREM.csv,78,2021010010350,円香,まだ、おねむのようで,樋口円香,【Merry】樋口円香,NREM
樋口円香/【Merry】樋口円香/NREM.csv,81,2021010010360,円香,"でしたら申し訳ありません
急に来てしまったので",樋口円香,【Merry】樋口円香,NREM
樋口円香/【Merry】樋口円香/NREM.csv,83,2021010010370,円香,別に,樋口円香,【Merry】樋口円香,NREM
樋口円香/【Merry】樋口円香/NREM.csv,84,2021010010380,円香,学校に行く前に忘れ物を取りに来ただけです,樋口円香,【Merry】樋口円香,NREM
樋口円香/【Merry】樋口円香/NREM.csv,87,2021010010390,円香,"……じゃ、私が『アイドル』ではなくなったら？
そうなったら、ようやく────",樋口円香,【Merry】樋口円香,NREM
樋口円香/【Merry】樋口円香/REM.csv,21,2021010040100,円香,────なんですか,樋口円香,【Merry】樋口円香,REM
樋口円香/【Merry】樋口円香/REM.csv,22,2021010040110,円香,今日はずいぶんと改まって,樋口円香,【Merry】樋口円香,REM
樋口円香/【Merry】樋口円香/REM.csv,24,2021010040120,円香,…………,樋口円香,【Merry】樋口円香,REM
樋口円香/【Merry】樋口円香/REM.csv,25,2021010040130,円香,……ふうん？,樋口円香,【Merry】樋口円香,REM
樋口円香/【Merry】樋口円香/REM.csv,30,0000000000000,円香,…………,樋口円香,【Merry】樋口円香,REM
樋口円香/【Merry】樋口円香/REM.csv,32,2021010040150,円香,……本気？,樋口円香,【Merry】樋口円香,REM
樋口円香/【Merry】樋口円香/REM.csv,33,2021010040160,円香,"あなたが思うプロデューサーという仕事は、
365日聖人であることなんでしょ",樋口円香,【Merry】樋口円香,REM
樋口円香/【Merry】樋口円香/REM.csv,35,2021010040170,円香,………………,樋口円香,【Merry】樋口円香,REM
樋口円香/【Merry】樋口円香/REM.csv,36,2021010040180,円香,何も望んでない,樋口円香,【Merry】樋口円香,REM
樋口円香/【Merry】樋口円香/REM.csv,38,2021010040190,円香,"……わからない
あなたが私にそこまでする理由がない",樋口円香,【Merry】樋口円香,REM
樋口円香/【Merry】樋口円香/REM.csv,43,2021010040200,円香,────────………………,樋口円香,【Merry】樋口円香,REM
樋口円香/【Merry】樋口円香/REM.csv,44,2021010040210,円香,ぅぐおあああぁ………………………………,樋口円香,【Merry】樋口円香,REM
樋口円香/【Merry】樋口円香/REM.csv,46,2021010040220,円香,ああ、願わくは────,樋口円香,【Merry】樋口円香,REM
樋口円香/【Merry】樋口円香/REM.csv,47,2021010040230,円香,"あーーーー、いやもういい、もういい
ないないないない",樋口円香,【Merry】樋口円香,REM
樋口円香/【Merry】樋口円香/REM.csv,48,2021010040240,円香,あああぁ………,樋口円香,【Merry】樋口円香,REM
樋口円香/【Merry】樋口円香/REM.csv,49,2021010040250,円香,………………,樋口円香,【Merry】樋口円香,REM
樋口円香/【Merry】樋口円香/REM.csv,51,2021010040260,円香,別に問題ありません,樋口円香,【Merry】樋口円香,REM
樋口円香/【Merry】樋口円香/REM.csv,53,2021010040270,円香,………………………………,樋口円香,【Merry】樋口円香,REM
樋口円香/【Merry】樋口円香/REM.csv,58,2021010040280,円香,……いえ,樋口円香,【Merry】樋口円香,REM
樋口円香/【Merry】樋口円香/REM.csv,60,2021010040290,円香,"寝たくないんです
……嫌な夢を見るから",樋口円香,【Merry】樋口円香,REM
樋口円香/【Merry】樋口円香/REM.csv,65,2021010040300,円香,あー…………,樋口円香,【Merry】樋口円香,REM
樋口円香/【Merry】樋口円香/REM.csv,66,2021010040310,円香,…………,樋口円香,【Merry】樋口円香,REM
樋口円香/【Merry】樋口円香/REM.csv,70,2021010040320,円香,………………,樋口円香,【Merry】樋口円香,REM
樋口円香/【Merry】樋口円香/REM.csv,71,2021010040330,円香,"そういうの
……本当、結構です",樋口円香,【Merry】樋口円香,REM
樋口円香/【Merry】樋口円香/REM.csv,72,2021010040340,円香,……窓、開けますね,樋口円香,【Merry】樋口円香,REM
樋口円香/【Merry】樋口円香/REM.csv,75,2021010040350,円香,空気を入れ替える間だけ,樋口円香,【Merry】樋口円香,REM
樋口円香/【Merry】樋口円香/WEEKDAY.csv,6,2021010020030,円香,……クリスマスプレゼントに何が欲しいか、なんて,樋口円香,【Merry】樋口円香,WEEKDAY
樋口円香/【Merry】樋口円香/WEEKDAY.csv,7,2021010020040,円香,"絶対に聞かないでしょうね
あなたは",樋口円香,【Merry】樋口円香,WEEKDAY
樋口円香/【Merry】樋口円香/WEEKDAY.csv,9,2021010020050,円香,"だけど用意するんでしょ
好きそうなものを",樋口円香,【Merry】樋口円香,WEEKDAY
樋口円香/【Merry】樋口円香/WEEKDAY.csv,11,2021010020060,円香,違いましたか？,樋口円香,【Merry】樋口円香,WEEKDAY
樋口円香/【Merry】樋口円香/WEEKDAY.csv,13,2021010020070,円香,"え……
まだ……？",樋口円香,【Merry】樋口円香,WEEKDAY
樋口円香/【Merry】樋口円香/WEEKDAY.csv,15,2021010020080,円香,……ありがとうございます,樋口円香,【Merry】樋口円香,WEEKDAY
樋口円香/【Merry】樋口円香/WEEKDAY.csv,17,2021010020090,円香,結構な人数になりそうですね,樋口円香,【Merry】樋口円香,WEEKDAY
樋口円香/【Merry】樋口円香/WEEKDAY.csv,19,2021010020100,円香,"……任せます
でも、とりあえず相手の得意分野は避けた方がいいのでは？",樋口円香,【Merry】樋口円香,WEEKDAY
樋口円香/【Merry】樋口円香/WEEKDAY.csv,20,2021010020110,円香,……一応、聞きますが,樋口円香,【Merry】樋口円香,WEEKDAY
樋口円香/【Merry】樋口円香/WEEKDAY.csv,21,2021010020120,円香,リサーチ対象には私も含まれます？,樋口円香,【Merry】樋口円香,WEEKDAY
樋口円香/【Merry】樋口円香/WEEKDAY.csv,24,0000000000000,円香,…………,樋口円香,【Merry】樋口円香,WEEKDAY
樋口円香/【Merry】樋口円香/WEEKDAY.csv,25,2021010020140,円香,そういうのって、何？,樋口円香,【Merry】樋口円香,WEEKDAY
樋口円香/【Merry】樋口円香/WEEKDAY.csv,28,2021010020150,円香,……そうですか,樋口円香,【Merry】樋口円香,WEEKDAY
樋口円香/【Merry】樋口円香/WEEKDAY.csv,29,2021010020160,円香,まあ、あなたが誰に何を贈るのも勝手ですが,樋口円香,【Merry】樋口円香,WEEKDAY
樋口円香/【Merry】樋口円香/WEEKDAY.csv,30,2021010020170,円香,…………,樋口円香,【Merry】樋口円香,WEEKDAY
樋口円香/【Merry】樋口円香/WEEKDAY.csv,34,2021010020180,円香,は？,樋口円香,【Merry】樋口円香,WEEKDAY
樋口円香/【Merry】樋口円香/WEEKDAY.csv,35,2021010020190,円香,……じゃ、あなた,樋口円香,【Merry】樋口円香,WEEKDAY
樋口円香/【Merry】樋口円香/WEEKDAY.csv,36,2021010020200,円香,プロデューサーじゃない時のあなた,樋口円香,【Merry】樋口円香,WEEKDAY
樋口円香/【Merry】樋口円香/WEEKDAY.csv,39,2021010020210,円香,…………,樋口円香,【Merry】樋口円香,WEEKDAY
樋口円香/【Merry】樋口円香/WEEKDAY.csv,40,2021010020220,円香,よかった、予想通りに困ってくれて,樋口円香,【Merry】樋口円香,WEEKDAY
樋口円香/【Merry】樋口円香/WEEKDAY.csv,42,2021010020230,円香,"別に欲しいものなんてない
でも、ないって言ってもどうせ何か買うでしょ",樋口円香,【Merry】樋口円香,WEEKDAY
樋口円香/【Merry】樋口円香/WEEKDAY.csv,43,2021010020240,円香,だから、あなたが絶対あげられないもので,樋口円香,【Merry】樋口円香,WEEKDAY
樋口円香/【Merry】樋口円香/WEEKDAY.csv,51,0000000000000,円香,………………,樋口円香,【Merry】樋口円香,WEEKDAY
樋口円香/【Merry】樋口円香/WEEKDAY.csv,52,2021010020260,円香,"私もたまにわからない
勘違いしそうになる",樋口円香,【Merry】樋口円香,WEEKDAY
樋口円香/【Merry】樋口円香/WEEKDAY.csv,53,2021010020270,円香,"あなたは仕事の為ならなんでもする人なのかと
……心がない人間なのかと",樋口円香,【Merry】樋口円香,WEEKDAY
樋口円香/【Merry】樋口円香/WEEKDAY.csv,54,2021010020280,円香,"私が何を言っても、
あなたは聖人君子みたいに受け止める",樋口円香,【Merry】樋口円香,WEEKDAY
樋口円香/【Merry】樋口円香/WEEKDAY.csv,55,2021010020290,円香,"そういうのが、すごく嫌
それだけ",樋口円香,【Merry】樋口円香,WEEKDAY
樋口円香/【Merry】樋口円香/WEEKDAY.csv,57,2021010020300,円香,ほら,樋口円香,【Merry】樋口円香,WEEKDAY
樋口円香/【Merry】樋口円香/WEEKDAY.csv,58,2021010020310,円香,"こんなことを言っても、
あなたは怒ったりしない",樋口円香,【Merry】樋口円香,WEEKDAY
樋口円香/【Merry】樋口円香/WEEKDAY.csv,59,2021010020320,円香,悲しんだりも,樋口円香,【Merry】樋口円香,WEEKDAY
樋口円香/【Merry】樋口円香/WEEKDAY.csv,60,2021010020330,円香,さあ……,樋口円香,【Merry】樋口円香,WEEKDAY
樋口円香/【Merry】樋口円香/WEEKDAY.csv,61,2021010020340,円香,"どうなんですかね
私もそんなに考えて喋っているわけではないので",樋口円香,【Merry】樋口円香,WEEKDAY
樋口円香/【Merry】樋口円香/WEEKDAY.csv,62,2021010020350,円香,"………………
……でも",樋口円香,【Merry】樋口円香,WEEKDAY
樋口円香/【Merry】樋口円香/WEEKDAY.csv,63,2021010020360,円香,"プロデューサーらしいあなたも、
それを放棄したあなたも",樋口円香,【Merry】樋口円香,WEEKDAY
樋口円香/【Merry】樋口円香/WEEKDAY.csv,64,2021010020370,円香,多分、どっちも嫌,樋口円香,【Merry】樋口円香,WEEKDAY
樋口円香/【Merry】樋口円香/WEEKDAY.csv,66,2021010020380,円香,"なんで笑うの
怒るところでしょ",樋口円香,【Merry】樋口円香,WEEKDAY
樋口円香/【Merry】樋口円香/WEEKDAY.csv,67,2021010020390,円香,……勘違いしそうになるのでやめてください,樋口円香,【Merry】樋口円香,WEEKDAY
樋口円香/【Merry】樋口円香/WEEKDAY.csv,68,2021010020400,円香,あなたは何を言われても傷つかないって,樋口円香,【Merry】樋口円香,WEEKDAY
樋口円香/【Merry】樋口円香/WEEKDAY.csv,69,2021010020410,円香,……じゃあ、そうやって尋ねないでもらえます？,樋口円香,【Merry】樋口円香,WEEKDAY
樋口円香/【Merry】樋口円香/WEEKDAY.csv,70,2021010020420,円香,"優しい顔で寄り添うこともやめてください
……勘違いしそうになるので",樋口円香,【Merry】樋口円香,WEEKDAY
樋口円香/【Merry】樋口円香/WEEKDAY.csv,72,2021010020430,円香,"別に仕事の為に生きてるわけじゃないでしょ？
他人のために自分を殺しているのは誰？",樋口円香,【Merry】樋口円香,WEEKDAY
樋口円香/【Merry】樋口円香/WEEKDAY.csv,74,2021010020440,円香,…………別にいいけど,樋口円香,【Merry】樋口円香,WEEKDAY
樋口円香/【Merry】樋口円香/WEEKDAY.csv,75,2021010020450,円香,"とにかく、プレゼントしたいならご自由に
どうぞ勝手に選んでください",樋口円香,【Merry】樋口円香,WEEKDAY
樋口円香/【Merry】樋口円香/WEEKDAY.csv,76,2021010020460,円香,『私のために選んだ』という言い訳なしで,樋口円香,【Merry】樋口円香,WEEKDAY
樋口円香/【UNTITLED】樋口 円香/以外.csv,9,3021005020050,円香,逆に邪魔になるんじゃない,樋口円香,【UNTITLED】樋口 円香,以外
樋口円香/【UNTITLED】樋口 円香/以外.csv,10,3021005020060,円香,"それより
……見てたら？",樋口円香,【UNTITLED】樋口 円香,以外
樋口円香/【UNTITLED】樋口 円香/以外.csv,13,3021005020070,円香,……次、小糸の番でしょ,樋口円香,【UNTITLED】樋口 円香,以外
樋口円香/【UNTITLED】樋口 円香/以外.csv,16,3021005020100,円香,ん,樋口円香,【UNTITLED】樋口 円香,以外
樋口円香/【UNTITLED】樋口 円香/以外.csv,19,3021005020110,円香,"……ここからだと、
全部は聞こえないけどね",樋口円香,【UNTITLED】樋口 円香,以外
樋口円香/【UNTITLED】樋口 円香/以外.csv,21,3021005020130,円香,……邪魔じゃない？,樋口円香,【UNTITLED】樋口 円香,以外
樋口円香/【UNTITLED】樋口 円香/以外.csv,26,3021005020180,円香,ん？,樋口円香,【UNTITLED】樋口 円香,以外
樋口円香/【UNTITLED】樋口 円香/以外.csv,31,3021005020230,円香,小糸も同じくらい注目されるよ,樋口円香,【UNTITLED】樋口 円香,以外
樋口円香/【UNTITLED】樋口 円香/以外.csv,33,3021005020250,円香,知らないけど、多分ね,樋口円香,【UNTITLED】樋口 円香,以外
樋口円香/【UNTITLED】樋口 円香/以外.csv,40,3021005020270,円香,あ……はい,樋口円香,【UNTITLED】樋口 円香,以外
樋口円香/【UNTITLED】樋口 円香/以外.csv,42,3021005020280,円香,……ごめん、ちょっと先に,樋口円香,【UNTITLED】樋口 円香,以外
樋口円香/【UNTITLED】樋口 円香/以外.csv,45,3021005020310,円香,うい。良かったじゃん,樋口円香,【UNTITLED】樋口 円香,以外
樋口円香/【UNTITLED】樋口 円香/以外.csv,47,3021005020330,円香,みんな、見惚れてた,樋口円香,【UNTITLED】樋口 円香,以外
樋口円香/【UNTITLED】樋口 円香/以外.csv,48,3021005020340,円香,小糸も雛菜も、スタッフさんも,樋口円香,【UNTITLED】樋口 円香,以外
樋口円香/【UNTITLED】樋口 円香/以外.csv,51,3021005020360,円香,はい、よろしくお願いします,樋口円香,【UNTITLED】樋口 円香,以外
樋口円香/【UNTITLED】樋口 円香/以外.csv,62,3021005020390,円香,"……いえ、とっても素敵です
ありがとうございます",樋口円香,【UNTITLED】樋口 円香,以外
樋口円香/【UNTITLED】樋口 円香/以外.csv,65,3021005020391,透＆円香,はーい,樋口円香,【UNTITLED】樋口 円香,以外
樋口円香/【UNTITLED】樋口 円香/以外.csv,68,0000000000000,透＆円香,……,樋口円香,【UNTITLED】樋口 円香,以外
樋口円香/【UNTITLED】樋口 円香/以外.csv,69,3021005020400,円香,色々、考えてきたんだ？,樋口円香,【UNTITLED】樋口 円香,以外
樋口円香/【UNTITLED】樋口 円香/以外.csv,72,3021005020440,円香,いい、知ってる,樋口円香,【UNTITLED】樋口 円香,以外
樋口円香/【UNTITLED】樋口 円香/存在.csv,21,3021005010010,円香,……お疲れ,樋口円香,【UNTITLED】樋口 円香,存在
樋口円香/【UNTITLED】樋口 円香/存在.csv,23,3021005010020,円香,"遅れてごめん
どこ掃除したらいい？",樋口円香,【UNTITLED】樋口 円香,存在
樋口円香/【UNTITLED】樋口 円香/存在.csv,40,3021005010030,円香,……おはようございます,樋口円香,【UNTITLED】樋口 円香,存在
樋口円香/【UNTITLED】樋口 円香/存在.csv,41,3021005010040,円香,"15時からの樋口円香です
本日はよろしくお願いします",樋口円香,【UNTITLED】樋口 円香,存在
樋口円香/【UNTITLED】樋口 円香/存在.csv,43,3021005010050,円香,すみません、ちょっと早めに着いてしまって……,樋口円香,【UNTITLED】樋口 円香,存在
樋口円香/【UNTITLED】樋口 円香/存在.csv,47,3021005010060,円香,"はい、ノクチルの樋口円香です
よろしくお願いします",樋口円香,【UNTITLED】樋口 円香,存在
樋口円香/【UNTITLED】樋口 円香/存在.csv,50,3021005010070,円香,……ありがとうございます,樋口円香,【UNTITLED】樋口 円香,存在
樋口円香/【UNTITLED】樋口 円香/存在.csv,52,3021005010080,円香,はい、ありがとうございます,樋口円香,【UNTITLED】樋口 円香,存在
樋口円香/【UNTITLED】樋口 円香/存在.csv,55,3021005010110,円香,ん,樋口円香,【UNTITLED】樋口 円香,存在
樋口円香/【UNTITLED】樋口 円香/存在.csv,58,0000000000000,円香,……,樋口円香,【UNTITLED】樋口 円香,存在
樋口円香/【UNTITLED】樋口 円香/存在.csv,62,3021005010140,円香,いってらっしゃい,樋口円香,【UNTITLED】樋口 円香,存在
樋口円香/【UNTITLED】樋口 円香/部屋.csv,2,3021005030010,円香,…………,樋口円香,【UNTITLED】樋口 円香,部屋
樋口円香/【UNTITLED】樋口 円香/部屋.csv,3,3021005030020,円香,なんか……あっつ……,樋口円香,【UNTITLED】樋口 円香,部屋
樋口円香/【UNTITLED】樋口 円香/部屋.csv,4,3021005030030,円香,"ちょっと……
部屋、暑い",樋口円香,【UNTITLED】樋口 円香,部屋
樋口円香/【UNTITLED】樋口 円香/部屋.csv,6,3021005030050,円香,"エアコンの温度、下げるよ
いい？",樋口円香,【UNTITLED】樋口 円香,部屋
樋口円香/【UNTITLED】樋口 円香/部屋.csv,8,3021005030070,円香,……浅倉？,樋口円香,【UNTITLED】樋口 円香,部屋
樋口円香/【UNTITLED】樋口 円香/部屋.csv,10,3021005030090,円香,…………,樋口円香,【UNTITLED】樋口 円香,部屋
樋口円香/【UNTITLED】樋口 円香/部屋.csv,11,3021005030100,円香,……ったく,樋口円香,【UNTITLED】樋口 円香,部屋
樋口円香/【UNTITLED】樋口 円香/部屋.csv,12,3021005030110,円香,……浅倉、浅倉,樋口円香,【UNTITLED】樋口 円香,部屋
樋口円香/【UNTITLED】樋口 円香/部屋.csv,14,3021005030130,円香,"起きて
起きないならほっとく",樋口円香,【UNTITLED】樋口 円香,部屋
樋口円香/【UNTITLED】樋口 円香/部屋.csv,16,3021005030150,円香,……寝るなら、ベッド,樋口円香,【UNTITLED】樋口 円香,部屋
樋口円香/【UNTITLED】樋口 円香/部屋.csv,19,3021005030180,円香,…………,樋口円香,【UNTITLED】樋口 円香,部屋
樋口円香/【UNTITLED】樋口 円香/部屋.csv,22,3021005030210,円香,"……それでもいいけど
なんかもう０時過ぎてるし",樋口円香,【UNTITLED】樋口 円香,部屋
樋口円香/【UNTITLED】樋口 円香/部屋.csv,23,3021005030220,円香,"ちゃんと寝たら
私も帰る",樋口円香,【UNTITLED】樋口 円香,部屋
樋口円香/【UNTITLED】樋口 円香/部屋.csv,26,3021005030250,円香,明日の予定は？　わかってる？,樋口円香,【UNTITLED】樋口 円香,部屋
樋口円香/【UNTITLED】樋口 円香/部屋.csv,28,3021005030270,円香,言ってみて,樋口円香,【UNTITLED】樋口 円香,部屋
樋口円香/【UNTITLED】樋口 円香/部屋.csv,30,3021005030290,円香,…………,樋口円香,【UNTITLED】樋口 円香,部屋
樋口円香/【UNTITLED】樋口 円香/部屋.csv,31,3021005030300,円香,寝な、おやすみ,樋口円香,【UNTITLED】樋口 円香,部屋
樋口円香/【UNTITLED】樋口 円香/部屋.csv,33,3021005030320,円香,……,樋口円香,【UNTITLED】樋口 円香,部屋
樋口円香/【UNTITLED】樋口 円香/部屋.csv,35,3021005030340,円香,……,樋口円香,【UNTITLED】樋口 円香,部屋
樋口円香/【UNTITLED】樋口 円香/部屋.csv,51,3021005030410,円香,『色々、考えてきたんだ？』,樋口円香,【UNTITLED】樋口 円香,部屋
樋口円香/【UNTITLED】樋口 円香/部屋.csv,58,0000000000000,円香,…………,樋口円香,【UNTITLED】樋口 円香,部屋
樋口円香/【UNTITLED】樋口 円香/部屋.csv,60,0000000000000,円香,…………,樋口円香,【UNTITLED】樋口 円香,部屋
樋口円香/【UNTITLED】樋口 円香/部屋.csv,62,3021005030520,円香,もう行く,樋口円香,【UNTITLED】樋口 円香,部屋
樋口円香/【UNTITLED】樋口 円香/部屋.csv,65,3021005030560,円香,見てない,樋口円香,【UNTITLED】樋口 円香,部屋
樋口円香/【fuka】樋口円香/Trace.csv,4,3021015010030,円香,……観たまま書いてどうすんの,樋口円香,【fuka】樋口円香,Trace
樋口円香/【fuka】樋口円香/Trace.csv,6,3021015010050,円香,"ダメなんじゃない
自分の言葉で話せる人を求めてるんだから",樋口円香,【fuka】樋口円香,Trace
樋口円香/【fuka】樋口円香/Trace.csv,7,3021015010060,円香,"うちらが受けるオーディション
元々このドラマが好きな人も集まるだろうし",樋口円香,【fuka】樋口円香,Trace
樋口円香/【fuka】樋口円香/Trace.csv,8,3021015010070,円香,……今更観始めてる時点で付け焼き刃なんだけど,樋口円香,【fuka】樋口円香,Trace
樋口円香/【fuka】樋口円香/Trace.csv,9,3021015010080,円香,"事前アンケートくらいは
その辺上手くごまかした方がいいんじゃない？",樋口円香,【fuka】樋口円香,Trace
樋口円香/【fuka】樋口円香/Trace.csv,13,3021015010120,円香,……取り敢えず最後まで観ない？,樋口円香,【fuka】樋口円香,Trace
樋口円香/【fuka】樋口円香/Trace.csv,15,3021015010140,円香,……,樋口円香,【fuka】樋口円香,Trace
樋口円香/【fuka】樋口円香/Trace.csv,16,3021015010150,円香,……うちらがトーク番組のゲストなんて,樋口円香,【fuka】樋口円香,Trace
樋口円香/【fuka】樋口円香/Trace.csv,17,3021015010160,円香,…………,樋口円香,【fuka】樋口円香,Trace
樋口円香/【fuka】樋口円香/Trace.csv,20,3021015010190,円香,"……知ってる
一緒に聞いてた",樋口円香,【fuka】樋口円香,Trace
樋口円香/【fuka】樋口円香/Trace.csv,22,3021015010210,円香,"別に反発してるわけじゃないから
だから観るんでしょ、こうやって",樋口円香,【fuka】樋口円香,Trace
樋口円香/【fuka】樋口円香/Trace.csv,23,3021015010220,円香,ぶっ通しで,樋口円香,【fuka】樋口円香,Trace
樋口円香/【fuka】樋口円香/Trace.csv,26,3021015010250,円香,"……いや、いい
もう帰る",樋口円香,【fuka】樋口円香,Trace
樋口円香/【fuka】樋口円香/Trace.csv,27,3021015010260,円香,明日には観終わるでしょ,樋口円香,【fuka】樋口円香,Trace
樋口円香/【fuka】樋口円香/Trace.csv,30,3021015010290,円香,……,樋口円香,【fuka】樋口円香,Trace
樋口円香/【fuka】樋口円香/Trace.csv,31,3021015010300,円香,……そうだね,樋口円香,【fuka】樋口円香,Trace
樋口円香/【fuka】樋口円香/Trace.csv,33,3021015010320,円香,"どうせ隣だし
準備したらまた来る",樋口円香,【fuka】樋口円香,Trace
樋口円香/【fuka】樋口円香/Trace.csv,37,3021015010360,円香,……それじゃあ、お言葉に甘えて,樋口円香,【fuka】樋口円香,Trace
樋口円香/【fuka】樋口円香/Trace.csv,39,3021015010380,円香,……,樋口円香,【fuka】樋口円香,Trace
樋口円香/【fuka】樋口円香/Trace.csv,41,3021015010400,円香,んー,樋口円香,【fuka】樋口円香,Trace
樋口円香/【fuka】樋口円香/Trace.csv,46,3021015010450,円香,どうも,樋口円香,【fuka】樋口円香,Trace
樋口円香/【fuka】樋口円香/Trace.csv,47,3021015010460,円香,……,樋口円香,【fuka】樋口円香,Trace
樋口円香/【fuka】樋口円香/sub.csv,3,3021015020020,円香,あと何話くらい？,樋口円香,【fuka】樋口円香,sub
樋口円香/【fuka】樋口円香/sub.csv,6,3021015020050,円香,……,樋口円香,【fuka】樋口円香,sub
樋口円香/【fuka】樋口円香/sub.csv,7,3021015020060,円香,"ていうか、このドラマ
恋人の代わりに配信する流れから……",樋口円香,【fuka】樋口円香,sub
樋口円香/【fuka】樋口円香/sub.csv,8,3021015020070,円香,"いつのまにか恋人を殺した関係者に報復するっていう
設定が出てきて、それメインになってる",樋口円香,【fuka】樋口円香,sub
樋口円香/【fuka】樋口円香/sub.csv,10,3021015020090,円香,"……まあ、ノリと勢いだけで話が進む方が
頭使わないで観れるから助かるけど",樋口円香,【fuka】樋口円香,sub
樋口円香/【fuka】樋口円香/sub.csv,12,3021015020110,円香,トイレ？,樋口円香,【fuka】樋口円香,sub
樋口円香/【fuka】樋口円香/sub.csv,15,3021015020140,円香,"……夜食ね
それなら私も行く",樋口円香,【fuka】樋口円香,sub
樋口円香/【fuka】樋口円香/sub.csv,17,3021015020160,円香,早く行って、ぶつかる,樋口円香,【fuka】樋口円香,sub
樋口円香/【fuka】樋口円香/sub.csv,20,3021015020190,円香,なんでもいい,樋口円香,【fuka】樋口円香,sub
樋口円香/【fuka】樋口円香/sub.csv,23,3021015020220,円香,じゃあ……お茶漬けにする？,樋口円香,【fuka】樋口円香,sub
樋口円香/【fuka】樋口円香/sub.csv,25,3021015020231,透＆円香,終わった……,樋口円香,【fuka】樋口円香,sub
樋口円香/【fuka】樋口円香/sub.csv,27,3021015020250,円香,"……ねえ、ここ
私の布団だけど",樋口円香,【fuka】樋口円香,sub
樋口円香/【fuka】樋口円香/sub.csv,29,3021015020270,円香,"……ベッド
行ってくれないと眠れない",樋口円香,【fuka】樋口円香,sub
樋口円香/【fuka】樋口円香/sub.csv,31,0000000000000,円香,……,樋口円香,【fuka】樋口円香,sub
樋口円香/【fuka】樋口円香/sub.csv,33,3021015020310,円香,ん,樋口円香,【fuka】樋口円香,sub
樋口円香/【fuka】樋口円香/sub.csv,35,0000000000000,円香,……,樋口円香,【fuka】樋口円香,sub
樋口円香/【fuka】樋口円香/sub.csv,41,3021015020390,円香,……あの長回しの……,樋口円香,【fuka】樋口円香,sub
樋口円香/【fuka】樋口円香/sub.csv,43,3021015020410,円香,……同意,樋口円香,【fuka】樋口円香,sub
樋口円香/【fuka】樋口円香/sub.csv,44,3021015020420,円香,…………,樋口円香,【fuka】樋口円香,sub
樋口円香/【fuka】樋口円香/sub.csv,47,3021015020450,円香,"……そんなの
……",樋口円香,【fuka】樋口円香,sub
樋口円香/【fuka】樋口円香/sub.csv,48,3021015020460,円香,…………,樋口円香,【fuka】樋口円香,sub
樋口円香/【オイサラバエル】樋口円香/ドライフラワー.csv,4,2021009030010,円香,よろしくお願いします,樋口円香,【オイサラバエル】樋口円香,ドライフラワー
樋口円香/【オイサラバエル】樋口円香/ドライフラワー.csv,6,2021009030020,円香,はい,樋口円香,【オイサラバエル】樋口円香,ドライフラワー
樋口円香/【オイサラバエル】樋口円香/ドライフラワー.csv,7,2021009030030,円香,……じゃ、学校の友達みたいなつもりで,樋口円香,【オイサラバエル】樋口円香,ドライフラワー
樋口円香/【オイサラバエル】樋口円香/ドライフラワー.csv,17,2021009030040,円香,────そうですね……,樋口円香,【オイサラバエル】樋口円香,ドライフラワー
樋口円香/【オイサラバエル】樋口円香/ドライフラワー.csv,18,2021009030050,円香,"本格的に育てたことはありませんが、
毎日、水を換えたり、日に当てたり……",樋口円香,【オイサラバエル】樋口円香,ドライフラワー
樋口円香/【オイサラバエル】樋口円香/ドライフラワー.csv,19,2021009030060,円香,それでもしおれてしまうこともあって,樋口円香,【オイサラバエル】樋口円香,ドライフラワー
樋口円香/【オイサラバエル】樋口円香/ドライフラワー.csv,20,2021009030070,円香,"……そうなんです。長生きしてほしいと思っても……
生き物って難しいですよね",樋口円香,【オイサラバエル】樋口円香,ドライフラワー
樋口円香/【オイサラバエル】樋口円香/ドライフラワー.csv,21,2021009030080,円香,"いままで、花って枯れてしまったら
終わりだと思っていたんです",樋口円香,【オイサラバエル】樋口円香,ドライフラワー
樋口円香/【オイサラバエル】樋口円香/ドライフラワー.csv,22,2021009030090,円香,"というか、枯れてしまうから、
咲いている時が余計に大切に思えるというか",樋口円香,【オイサラバエル】樋口円香,ドライフラワー
樋口円香/【オイサラバエル】樋口円香/ドライフラワー.csv,23,2021009030100,円香,……はい,樋口円香,【オイサラバエル】樋口円香,ドライフラワー
樋口円香/【オイサラバエル】樋口円香/ドライフラワー.csv,24,2021009030110,円香,"だからこのお店のドライフラワーを見て、
驚いたんです",樋口円香,【オイサラバエル】樋口円香,ドライフラワー
樋口円香/【オイサラバエル】樋口円香/ドライフラワー.csv,25,2021009030120,円香,花の色がちゃんと残っていて,樋口円香,【オイサラバエル】樋口円香,ドライフラワー
樋口円香/【オイサラバエル】樋口円香/ドライフラワー.csv,26,2021009030130,円香,"あ、茶色じゃない
うちで枯らしてしまったものとは違うって",樋口円香,【オイサラバエル】樋口円香,ドライフラワー
樋口円香/【オイサラバエル】樋口円香/ドライフラワー.csv,29,2021009030140,円香,……すみません,樋口円香,【オイサラバエル】樋口円香,ドライフラワー
樋口円香/【オイサラバエル】樋口円香/ドライフラワー.csv,30,2021009030150,円香,でも、本当にイメージが変わったというか,樋口円香,【オイサラバエル】樋口円香,ドライフラワー
樋口円香/【オイサラバエル】樋口円香/ドライフラワー.csv,31,2021009030160,円香,こうやって生かすこともできるんだって,樋口円香,【オイサラバエル】樋口円香,ドライフラワー
樋口円香/【オイサラバエル】樋口円香/ドライフラワー.csv,36,2021009030170,円香,ふうん……,樋口円香,【オイサラバエル】樋口円香,ドライフラワー
樋口円香/【オイサラバエル】樋口円香/ドライフラワー.csv,38,2021009030180,円香,……冊子、私にも見せてもらえますか,樋口円香,【オイサラバエル】樋口円香,ドライフラワー
樋口円香/【オイサラバエル】樋口円香/ドライフラワー.csv,39,2021009030190,円香,…………,樋口円香,【オイサラバエル】樋口円香,ドライフラワー
樋口円香/【オイサラバエル】樋口円香/ドライフラワー.csv,40,2021009030200,円香,『コツは』,樋口円香,【オイサラバエル】樋口円香,ドライフラワー
樋口円香/【オイサラバエル】樋口円香/ドライフラワー.csv,41,2021009030210,円香,『蕾は避けること』,樋口円香,【オイサラバエル】樋口円香,ドライフラワー
樋口円香/【オイサラバエル】樋口円香/ドライフラワー.csv,42,2021009030220,円香,『しっかり水を与えること』,樋口円香,【オイサラバエル】樋口円香,ドライフラワー
樋口円香/【オイサラバエル】樋口円香/ドライフラワー.csv,43,2021009030230,円香,『そうしてもっとも鮮やかな瞬間に』,樋口円香,【オイサラバエル】樋口円香,ドライフラワー
樋口円香/【オイサラバエル】樋口円香/ドライフラワー.csv,44,2021009030240,円香,『吊るすこと』,樋口円香,【オイサラバエル】樋口円香,ドライフラワー
樋口円香/【オイサラバエル】樋口円香/ドライフラワー.csv,47,2021009030250,円香,…………,樋口円香,【オイサラバエル】樋口円香,ドライフラワー
樋口円香/【オイサラバエル】樋口円香/ドライフラワー.csv,48,2021009030260,円香,────綺麗？,樋口円香,【オイサラバエル】樋口円香,ドライフラワー
樋口円香/【オイサラバエル】樋口円香/ドライフラワー.csv,49,2021009030270,円香,本当に？,樋口円香,【オイサラバエル】樋口円香,ドライフラワー
樋口円香/【オイサラバエル】樋口円香/ノンフィニート.csv,6,2021009040010,円香,はい,樋口円香,【オイサラバエル】樋口円香,ノンフィニート
樋口円香/【オイサラバエル】樋口円香/ノンフィニート.csv,8,2021009040020,円香,……はい,樋口円香,【オイサラバエル】樋口円香,ノンフィニート
樋口円香/【オイサラバエル】樋口円香/ノンフィニート.csv,10,2021009040030,円香,…………,樋口円香,【オイサラバエル】樋口円香,ノンフィニート
樋口円香/【オイサラバエル】樋口円香/ノンフィニート.csv,11,2021009040040,円香,聞いてないけど,樋口円香,【オイサラバエル】樋口円香,ノンフィニート
樋口円香/【オイサラバエル】樋口円香/ノンフィニート.csv,13,2021009040050,円香,監督の趣味ですかね,樋口円香,【オイサラバエル】樋口円香,ノンフィニート
樋口円香/【オイサラバエル】樋口円香/ノンフィニート.csv,16,2021009040060,円香,ねえ,樋口円香,【オイサラバエル】樋口円香,ノンフィニート
樋口円香/【オイサラバエル】樋口円香/ノンフィニート.csv,17,2021009040070,円香,"あなたの言葉は
一体、どこまで本当なの",樋口円香,【オイサラバエル】樋口円香,ノンフィニート
樋口円香/【オイサラバエル】樋口円香/ノンフィニート.csv,18,2021009040080,円香,別に、最初から連載回数は決まっていましたので,樋口円香,【オイサラバエル】樋口円香,ノンフィニート
樋口円香/【オイサラバエル】樋口円香/ノンフィニート.csv,22,0000000000000,円香,……,樋口円香,【オイサラバエル】樋口円香,ノンフィニート
樋口円香/【オイサラバエル】樋口円香/ノンフィニート.csv,24,2021009040100,円香,あなたは,樋口円香,【オイサラバエル】樋口円香,ノンフィニート
樋口円香/【オイサラバエル】樋口円香/ノンフィニート.csv,25,2021009040110,円香,欠けた部分に完璧を見るの？,樋口円香,【オイサラバエル】樋口円香,ノンフィニート
樋口円香/【オイサラバエル】樋口円香/ノンフィニート.csv,26,2021009040120,円香,……ふうん,樋口円香,【オイサラバエル】樋口円香,ノンフィニート
樋口円香/【オイサラバエル】樋口円香/ノンフィニート.csv,27,2021009040130,円香,"じゃ、この仕事が終わったら
あなたのくだらない話はなくなるんですね",樋口円香,【オイサラバエル】樋口円香,ノンフィニート
樋口円香/【オイサラバエル】樋口円香/ノンフィニート.csv,30,2021009040140,円香,ねえ,樋口円香,【オイサラバエル】樋口円香,ノンフィニート
樋口円香/【オイサラバエル】樋口円香/ノンフィニート.csv,31,2021009040150,円香,あなたは、おそらく,樋口円香,【オイサラバエル】樋口円香,ノンフィニート
樋口円香/【オイサラバエル】樋口円香/ノンフィニート.csv,32,2021009040160,円香,まあ,樋口円香,【オイサラバエル】樋口円香,ノンフィニート
樋口円香/【オイサラバエル】樋口円香/ノンフィニート.csv,33,2021009040170,円香,どうせするんでしょ,樋口円香,【オイサラバエル】樋口円香,ノンフィニート
樋口円香/【オイサラバエル】樋口円香/ノンフィニート.csv,34,2021009040180,円香,"この仕事が終わった後も
くだらない話",樋口円香,【オイサラバエル】樋口円香,ノンフィニート
樋口円香/【オイサラバエル】樋口円香/ノンフィニート.csv,37,2021009040190,円香,そうは言ってない,樋口円香,【オイサラバエル】樋口円香,ノンフィニート
樋口円香/【オイサラバエル】樋口円香/ノンフィニート.csv,39,2021009040200,円香,"あなたは欠けたものを
そのままに愛する人では",樋口円香,【オイサラバエル】樋口円香,ノンフィニート
樋口円香/【オイサラバエル】樋口円香/ノンフィニート.csv,40,2021009040210,円香,過去ではなく今を見る人では,樋口円香,【オイサラバエル】樋口円香,ノンフィニート
樋口円香/【オイサラバエル】樋口円香/ノンフィニート.csv,43,2021009040220,円香,"枯れた花を、
枯れたまま美しいと思う人では",樋口円香,【オイサラバエル】樋口円香,ノンフィニート
樋口円香/【オイサラバエル】樋口円香/ノンフィニート.csv,44,2021009040230,円香,私とは違って,樋口円香,【オイサラバエル】樋口円香,ノンフィニート
樋口円香/【オイサラバエル】樋口円香/ノンフィニート.csv,45,2021009040240,円香,"そうですね
せっかくのお申し出をいただいたので、できれば",樋口円香,【オイサラバエル】樋口円香,ノンフィニート
樋口円香/【オイサラバエル】樋口円香/ノンフィニート.csv,47,2021009040250,円香,知らないけど,樋口円香,【オイサラバエル】樋口円香,ノンフィニート
樋口円香/【オイサラバエル】樋口円香/ノンフィニート.csv,50,2021009040260,円香,……監督やスタッフのみなさんは？,樋口円香,【オイサラバエル】樋口円香,ノンフィニート
樋口円香/【オイサラバエル】樋口円香/ノンフィニート.csv,57,2021009040270,円香,はい,樋口円香,【オイサラバエル】樋口円香,ノンフィニート
樋口円香/【オイサラバエル】樋口円香/ノンフィニート.csv,58,2021009040280,円香,"目に見えるものは、
極まったところで落ちていく",樋口円香,【オイサラバエル】樋口円香,ノンフィニート
樋口円香/【オイサラバエル】樋口円香/ノンフィニート.csv,59,2021009040290,円香,だから,樋口円香,【オイサラバエル】樋口円香,ノンフィニート
樋口円香/【オイサラバエル】樋口円香/ノンフィニート.csv,60,2021009040300,円香,どこまでも見えないものこそが,樋口円香,【オイサラバエル】樋口円香,ノンフィニート
樋口円香/【オイサラバエル】樋口円香/ノンフィニート.csv,61,2021009040310,円香,きっと,樋口円香,【オイサラバエル】樋口円香,ノンフィニート
樋口円香/【オイサラバエル】樋口円香/ノンフィニート.csv,63,2021009040320,円香,"大丈夫です
自分で持ちます",樋口円香,【オイサラバエル】樋口円香,ノンフィニート
樋口円香/【オイサラバエル】樋口円香/ノンフィニート.csv,64,2021009040330,円香,"日は沈む
花は枯れる",樋口円香,【オイサラバエル】樋口円香,ノンフィニート
樋口円香/【オイサラバエル】樋口円香/ノンフィニート.csv,65,2021009040340,円香,極まったものは衰える,樋口円香,【オイサラバエル】樋口円香,ノンフィニート
樋口円香/【オイサラバエル】樋口円香/ノンフィニート.csv,66,2021009040350,円香,"完璧なものは、完璧だから
完璧ではない",樋口円香,【オイサラバエル】樋口円香,ノンフィニート
樋口円香/【オイサラバエル】樋口円香/ノンフィニート.csv,67,2021009040360,円香,なら、不完全なものは,樋口円香,【オイサラバエル】樋口円香,ノンフィニート
樋口円香/【オイサラバエル】樋口円香/ノンフィニート.csv,70,2021009040370,円香,はあ……？,樋口円香,【オイサラバエル】樋口円香,ノンフィニート
樋口円香/【オイサラバエル】樋口円香/ノンフィニート.csv,71,2021009040380,円香,──あなたも心をさらけ出しているようで,樋口円香,【オイサラバエル】樋口円香,ノンフィニート
樋口円香/【オイサラバエル】樋口円香/ノンフィニート.csv,72,2021009040390,円香,本当のところが、私には見えない,樋口円香,【オイサラバエル】樋口円香,ノンフィニート
樋口円香/【オイサラバエル】樋口円香/ノンフィニート.csv,75,2021009040400,円香,……,樋口円香,【オイサラバエル】樋口円香,ノンフィニート
樋口円香/【オイサラバエル】樋口円香/ノンフィニート.csv,78,2021009040410,円香,……ああ,樋口円香,【オイサラバエル】樋口円香,ノンフィニート
樋口円香/【オイサラバエル】樋口円香/ノンフィニート.csv,79,2021009040420,円香,枯れたものは枯れたもの,樋口円香,【オイサラバエル】樋口円香,ノンフィニート
樋口円香/【オイサラバエル】樋口円香/ノンフィニート.csv,80,2021009040430,円香,それを美しいと私は言えない,樋口円香,【オイサラバエル】樋口円香,ノンフィニート
樋口円香/【オイサラバエル】樋口円香/ノンフィニート.csv,81,2021009040440,円香,"ただ、形がないものなら
時間にとらわれることがない",樋口円香,【オイサラバエル】樋口円香,ノンフィニート
樋口円香/【オイサラバエル】樋口円香/ノンフィニート.csv,82,2021009040450,円香,"だから結局、
美しいものは",樋口円香,【オイサラバエル】樋口円香,ノンフィニート
樋口円香/【オイサラバエル】樋口円香/序.csv,2,2021009010010,円香,あるがままではなく,樋口円香,【オイサラバエル】樋口円香,序
樋口円香/【オイサラバエル】樋口円香/序.csv,11,2021009010020,円香,はい,樋口円香,【オイサラバエル】樋口円香,序
樋口円香/【オイサラバエル】樋口円香/序.csv,13,2021009010030,円香,ふうん,樋口円香,【オイサラバエル】樋口円香,序
樋口円香/【オイサラバエル】樋口円香/序.csv,16,2021009010040,円香,……,樋口円香,【オイサラバエル】樋口円香,序
樋口円香/【オイサラバエル】樋口円香/序.csv,17,2021009010050,円香,"目に見えない部分があるせいで、
完璧になると",樋口円香,【オイサラバエル】樋口円香,序
樋口円香/【オイサラバエル】樋口円香/序.csv,19,2021009010060,円香,"皮肉ですね
欠けたことによって完璧と言われるなんて",樋口円香,【オイサラバエル】樋口円香,序
樋口円香/【オイサラバエル】樋口円香/序.csv,22,2021009010070,円香,言葉遊び,樋口円香,【オイサラバエル】樋口円香,序
樋口円香/【オイサラバエル】樋口円香/序.csv,24,2021009010080,円香,……,樋口円香,【オイサラバエル】樋口円香,序
樋口円香/【オイサラバエル】樋口円香/序.csv,25,2021009010090,円香,つまり、こういうこと？,樋口円香,【オイサラバエル】樋口円香,序
樋口円香/【オイサラバエル】樋口円香/序.csv,26,2021009010100,円香,"人気の絶頂で引退した、
アイドル、俳優、ミュージシャン",樋口円香,【オイサラバエル】樋口円香,序
樋口円香/【オイサラバエル】樋口円香/序.csv,27,2021009010110,円香,そういう人ほど名が残る,樋口円香,【オイサラバエル】樋口円香,序
樋口円香/【オイサラバエル】樋口円香/序.csv,29,2021009010120,円香,もちろん、それだけのことをしたからだと思いますが,樋口円香,【オイサラバエル】樋口円香,序
樋口円香/【オイサラバエル】樋口円香/序.csv,32,2021009010130,円香,もしくは、活躍していた頃よりも美化されて,樋口円香,【オイサラバエル】樋口円香,序
樋口円香/【オイサラバエル】樋口円香/序.csv,35,2021009010140,円香,………………,樋口円香,【オイサラバエル】樋口円香,序
樋口円香/【オイサラバエル】樋口円香/序.csv,39,0000000000000,円香＆プロデューサー,………………,樋口円香,【オイサラバエル】樋口円香,序
樋口円香/【オイサラバエル】樋口円香/序.csv,41,2021009010150,円香,呼ばれませんね,樋口円香,【オイサラバエル】樋口円香,序
樋口円香/【オイサラバエル】樋口円香/序.csv,44,2021009010160,円香,まだあなたのターン,樋口円香,【オイサラバエル】樋口円香,序
樋口円香/【オイサラバエル】樋口円香/序.csv,46,2021009010170,円香,今の『面白い話』でした？,樋口円香,【オイサラバエル】樋口円香,序
樋口円香/【オイサラバエル】樋口円香/序.csv,47,0000000000000,円香＆プロデューサー,…………………………,樋口円香,【オイサラバエル】樋口円香,序
樋口円香/【オイサラバエル】樋口円香/序.csv,54,2021009010180,円香,"え、今ので終わりですか
ダメでしょ",樋口円香,【オイサラバエル】樋口円香,序
樋口円香/【オイサラバエル】樋口円香/序.csv,56,2021009010190,円香,退屈しのぎが退屈ってどういうことですか,樋口円香,【オイサラバエル】樋口円香,序
樋口円香/【オイサラバエル】樋口円香/序.csv,62,2021009010200,円香,"そうですね
大した話では",樋口円香,【オイサラバエル】樋口円香,序
樋口円香/【オイサラバエル】樋口円香/序.csv,65,2021009010210,円香,……じゃ、なんの話だったんですか,樋口円香,【オイサラバエル】樋口円香,序
樋口円香/【オイサラバエル】樋口円香/序.csv,68,2021009010220,円香,見えないものの話？,樋口円香,【オイサラバエル】樋口円香,序
樋口円香/【オイサラバエル】樋口円香/序.csv,72,2021009010230,円香,ふぁ……,樋口円香,【オイサラバエル】樋口円香,序
樋口円香/【オイサラバエル】樋口円香/序.csv,73,2021009010240,円香,……何か言いました？,樋口円香,【オイサラバエル】樋口円香,序
樋口円香/【オイサラバエル】樋口円香/序.csv,76,2021009010250,円香,"あ……
でも結局電波が入らないので",樋口円香,【オイサラバエル】樋口円香,序
樋口円香/【オイサラバエル】樋口円香/序.csv,78,2021009010260,円香,"……こんな山奥の美術館にも、
昔は人が来ていたんですよね",樋口円香,【オイサラバエル】樋口円香,序
樋口円香/【オイサラバエル】樋口円香/序.csv,80,2021009010270,円香,そう……,樋口円香,【オイサラバエル】樋口円香,序
樋口円香/【オイサラバエル】樋口円香/序.csv,82,2021009010280,円香,……,樋口円香,【オイサラバエル】樋口円香,序
樋口円香/【オイサラバエル】樋口円香/序.csv,83,2021009010290,円香,次は、なんの話？,樋口円香,【オイサラバエル】樋口円香,序
樋口円香/【オイサラバエル】樋口円香/廃墟、エントロピー.csv,8,0000000000000,円香,…………,樋口円香,【オイサラバエル】樋口円香,廃墟、エントロピー
樋口円香/【オイサラバエル】樋口円香/廃墟、エントロピー.csv,9,2021009020020,円香,あまり,樋口円香,【オイサラバエル】樋口円香,廃墟、エントロピー
樋口円香/【オイサラバエル】樋口円香/廃墟、エントロピー.csv,10,2021009020030,円香,このあたりはまだ手入れされている方でしたし,樋口円香,【オイサラバエル】樋口円香,廃墟、エントロピー
樋口円香/【オイサラバエル】樋口円香/廃墟、エントロピー.csv,12,2021009020040,円香,監督、本当はそこまで行きたかったんだと思いますが,樋口円香,【オイサラバエル】樋口円香,廃墟、エントロピー
樋口円香/【オイサラバエル】樋口円香/廃墟、エントロピー.csv,13,2021009020050,円香,"……サンルームの天井が割れて、
そこから雨が入って",樋口円香,【オイサラバエル】樋口円香,廃墟、エントロピー
樋口円香/【オイサラバエル】樋口円香/廃墟、エントロピー.csv,14,2021009020060,円香,水たまりになっているところがあるそうです,樋口円香,【オイサラバエル】樋口円香,廃墟、エントロピー
樋口円香/【オイサラバエル】樋口円香/廃墟、エントロピー.csv,15,2021009020070,円香,"草が生えて、どろどろで、
底が見えなくて",樋口円香,【オイサラバエル】樋口円香,廃墟、エントロピー
樋口円香/【オイサラバエル】樋口円香/廃墟、エントロピー.csv,16,2021009020080,円香,とても綺麗だと,樋口円香,【オイサラバエル】樋口円香,廃墟、エントロピー
樋口円香/【オイサラバエル】樋口円香/廃墟、エントロピー.csv,18,2021009020090,円香,"それのどこが綺麗なのか、
尋ねようかとも思ったのですが",樋口円香,【オイサラバエル】樋口円香,廃墟、エントロピー
樋口円香/【オイサラバエル】樋口円香/廃墟、エントロピー.csv,19,2021009020100,円香,…………,樋口円香,【オイサラバエル】樋口円香,廃墟、エントロピー
樋口円香/【オイサラバエル】樋口円香/廃墟、エントロピー.csv,22,2021009020110,円香,まあ、撮影の前だったので,樋口円香,【オイサラバエル】樋口円香,廃墟、エントロピー
樋口円香/【オイサラバエル】樋口円香/廃墟、エントロピー.csv,24,2021009020120,円香,…………,樋口円香,【オイサラバエル】樋口円香,廃墟、エントロピー
樋口円香/【オイサラバエル】樋口円香/廃墟、エントロピー.csv,25,2021009020130,円香,意図を汲みたいと思ったことは嘘じゃないけど,樋口円香,【オイサラバエル】樋口円香,廃墟、エントロピー
樋口円香/【オイサラバエル】樋口円香/廃墟、エントロピー.csv,27,2021009020140,円香,もう撮影は終わったので,樋口円香,【オイサラバエル】樋口円香,廃墟、エントロピー
樋口円香/【オイサラバエル】樋口円香/廃墟、エントロピー.csv,28,2021009020150,円香,別に、今さら,樋口円香,【オイサラバエル】樋口円香,廃墟、エントロピー
樋口円香/【オイサラバエル】樋口円香/廃墟、エントロピー.csv,31,2021009020160,円香,お気遣いなく,樋口円香,【オイサラバエル】樋口円香,廃墟、エントロピー
樋口円香/【オイサラバエル】樋口円香/廃墟、エントロピー.csv,32,2021009020170,円香,監督のような感性があることは理解しますが,樋口円香,【オイサラバエル】樋口円香,廃墟、エントロピー
樋口円香/【オイサラバエル】樋口円香/廃墟、エントロピー.csv,33,2021009020180,円香,"いくら考えたところで、
同じ気持ちになれるとは",樋口円香,【オイサラバエル】樋口円香,廃墟、エントロピー
樋口円香/【オイサラバエル】樋口円香/廃墟、エントロピー.csv,34,2021009020190,円香,多分、理屈でもないのでしょうし,樋口円香,【オイサラバエル】樋口円香,廃墟、エントロピー
樋口円香/【オイサラバエル】樋口円香/廃墟、エントロピー.csv,36,2021009020200,円香,……,樋口円香,【オイサラバエル】樋口円香,廃墟、エントロピー
樋口円香/【オイサラバエル】樋口円香/廃墟、エントロピー.csv,40,2021009020210,円香,"ありがとうございます
でも大丈夫です",樋口円香,【オイサラバエル】樋口円香,廃墟、エントロピー
樋口円香/【オイサラバエル】樋口円香/廃墟、エントロピー.csv,42,2021009020220,円香,そうしたら落ちる前に掴んでくれるんですよね？,樋口円香,【オイサラバエル】樋口円香,廃墟、エントロピー
樋口円香/【オイサラバエル】樋口円香/廃墟、エントロピー.csv,44,2021009020230,円香,よくおわかりで,樋口円香,【オイサラバエル】樋口円香,廃墟、エントロピー
樋口円香/【オイサラバエル】樋口円香/廃墟、エントロピー.csv,49,2021009020240,円香,…………,樋口円香,【オイサラバエル】樋口円香,廃墟、エントロピー
樋口円香/【オイサラバエル】樋口円香/廃墟、エントロピー.csv,50,2021009020250,円香,行きませんよ、どこにも,樋口円香,【オイサラバエル】樋口円香,廃墟、エントロピー
樋口円香/【オイサラバエル】樋口円香/廃墟、エントロピー.csv,52,2021009020260,円香,……,樋口円香,【オイサラバエル】樋口円香,廃墟、エントロピー
樋口円香/【オイサラバエル】樋口円香/廃墟、エントロピー.csv,53,2021009020270,円香,…………,樋口円香,【オイサラバエル】樋口円香,廃墟、エントロピー
樋口円香/【オイサラバエル】樋口円香/廃墟、エントロピー.csv,54,2021009020280,円香,……────,樋口円香,【オイサラバエル】樋口円香,廃墟、エントロピー
樋口円香/【オイサラバエル】樋口円香/廃墟、エントロピー.csv,55,2021009020290,円香,"この廃墟を好ましいとは思えない
けど",樋口円香,【オイサラバエル】樋口円香,廃墟、エントロピー
樋口円香/【オイサラバエル】樋口円香/廃墟、エントロピー.csv,56,2021009020300,円香,今はないということは,樋口円香,【オイサラバエル】樋口円香,廃墟、エントロピー
樋口円香/【オイサラバエル】樋口円香/廃墟、エントロピー.csv,57,2021009020310,円香,かつて、あったということ,樋口円香,【オイサラバエル】樋口円香,廃墟、エントロピー
樋口円香/【オイサラバエル】樋口円香/廃墟、エントロピー.csv,58,2021009020320,円香,"かつて、あって、
今はなくなってしまったものは",樋口円香,【オイサラバエル】樋口円香,廃墟、エントロピー
樋口円香/【オイサラバエル】樋口円香/廃墟、エントロピー.csv,59,2021009020330,円香,どれほど,樋口円香,【オイサラバエル】樋口円香,廃墟、エントロピー
樋口円香/【オイサラバエル】樋口円香/廃墟、エントロピー.csv,60,2021009020340,円香,ごゆっくりどうぞ,樋口円香,【オイサラバエル】樋口円香,廃墟、エントロピー
樋口円香/【オイサラバエル】樋口円香/廃墟、エントロピー.csv,62,2021009020350,円香,……,樋口円香,【オイサラバエル】樋口円香,廃墟、エントロピー
樋口円香/【オイサラバエル】樋口円香/廃墟、エントロピー.csv,63,2021009020360,円香,…………,樋口円香,【オイサラバエル】樋口円香,廃墟、エントロピー
樋口円香/【オイサラバエル】樋口円香/廃墟、エントロピー.csv,64,2021009020370,円香,……────,樋口円香,【オイサラバエル】樋口円香,廃墟、エントロピー
樋口円香/【オイサラバエル】樋口円香/廃墟、エントロピー.csv,65,2021009020380,円香,"この場所のことなど
何も知らないのに",樋口円香,【オイサラバエル】樋口円香,廃墟、エントロピー
樋口円香/【オイサラバエル】樋口円香/廃墟、エントロピー.csv,66,2021009020390,円香,"かつては賑やかな声、
ひとびとの希望が溢れていたのだろう",樋口円香,【オイサラバエル】樋口円香,廃墟、エントロピー
樋口円香/【オイサラバエル】樋口円香/廃墟、エントロピー.csv,67,2021009020400,円香,"未来が輝いていたのだろうと
勝手な想像をする",樋口円香,【オイサラバエル】樋口円香,廃墟、エントロピー
樋口円香/【オイサラバエル】樋口円香/廃墟、エントロピー.csv,68,2021009020410,円香,そういう自分が,樋口円香,【オイサラバエル】樋口円香,廃墟、エントロピー
樋口円香/【オイサラバエル】樋口円香/廃墟、エントロピー.csv,69,2021009020420,円香,疎ましい,樋口円香,【オイサラバエル】樋口円香,廃墟、エントロピー
樋口円香/【オイサラバエル】樋口円香/廃墟、エントロピー.csv,70,2021009020430,円香,行きません,樋口円香,【オイサラバエル】樋口円香,廃墟、エントロピー
樋口円香/【オイサラバエル】樋口円香/廃墟、エントロピー.csv,72,2021009020440,円香,……,樋口円香,【オイサラバエル】樋口円香,廃墟、エントロピー
樋口円香/【オイサラバエル】樋口円香/廃墟、エントロピー.csv,73,2021009020450,円香,…………,樋口円香,【オイサラバエル】樋口円香,廃墟、エントロピー
樋口円香/【オイサラバエル】樋口円香/廃墟、エントロピー.csv,74,2021009020460,円香,……────,樋口円香,【オイサラバエル】樋口円香,廃墟、エントロピー
樋口円香/【オイサラバエル】樋口円香/廃墟、エントロピー.csv,75,2021009020470,円香,目を閉じて,樋口円香,【オイサラバエル】樋口円香,廃墟、エントロピー
樋口円香/【オイサラバエル】樋口円香/廃墟、エントロピー.csv,76,2021009020480,円香,この建物の始まりを見る,樋口円香,【オイサラバエル】樋口円香,廃墟、エントロピー
樋口円香/【オイサラバエル】樋口円香/廃墟、エントロピー.csv,77,2021009020490,円香,終わるために始まったわけじゃない,樋口円香,【オイサラバエル】樋口円香,廃墟、エントロピー
樋口円香/【オイサラバエル】樋口円香/廃墟、エントロピー.csv,78,2021009020500,円香,それでも,樋口円香,【オイサラバエル】樋口円香,廃墟、エントロピー
樋口円香/【オイサラバエル】樋口円香/廃墟、エントロピー.csv,79,2021009020510,円香,────……,樋口円香,【オイサラバエル】樋口円香,廃墟、エントロピー
樋口円香/【オイサラバエル】樋口円香/廃墟、エントロピー.csv,80,2021009020520,円香,私は未来を知っている,樋口円香,【オイサラバエル】樋口円香,廃墟、エントロピー
樋口円香/【オイサラバエル】樋口円香/美しいもの.csv,2,2021009110010,円香,朝が来る,樋口円香,【オイサラバエル】樋口円香,美しいもの
樋口円香/【オイサラバエル】樋口円香/美しいもの.csv,3,2021009110020,円香,花が開く,樋口円香,【オイサラバエル】樋口円香,美しいもの
樋口円香/【オイサラバエル】樋口円香/美しいもの.csv,4,2021009110030,円香,土が湿る,樋口円香,【オイサラバエル】樋口円香,美しいもの
樋口円香/【オイサラバエル】樋口円香/美しいもの.csv,5,2021009110040,円香,透き通る,樋口円香,【オイサラバエル】樋口円香,美しいもの
樋口円香/【オイサラバエル】樋口円香/美しいもの.csv,6,2021009110050,円香,"ありがとうございます
大切にします",樋口円香,【オイサラバエル】樋口円香,美しいもの
樋口円香/【オイサラバエル】樋口円香/美しいもの.csv,9,2021009110060,円香,"不完全なものは、不完全だから
不完全ではなくて",樋口円香,【オイサラバエル】樋口円香,美しいもの
樋口円香/【オイサラバエル】樋口円香/美しいもの.csv,11,2021009110070,円香,駐車場まですぐそこですので,樋口円香,【オイサラバエル】樋口円香,美しいもの
樋口円香/【オイサラバエル】樋口円香/美しいもの.csv,12,2021009110080,円香,軽いし,樋口円香,【オイサラバエル】樋口円香,美しいもの
樋口円香/【オイサラバエル】樋口円香/美しいもの.csv,15,2021009110090,円香,"……持ちたいんじゃなくて、
見たかったんですか？",樋口円香,【オイサラバエル】樋口円香,美しいもの
樋口円香/【オイサラバエル】樋口円香/美しいもの.csv,16,2021009110100,円香,最初からそう言ってください,樋口円香,【オイサラバエル】樋口円香,美しいもの
樋口円香/【オイサラバエル】樋口円香/美しいもの.csv,18,2021009110110,円香,どうぞ,樋口円香,【オイサラバエル】樋口円香,美しいもの
樋口円香/【オイサラバエル】樋口円香/美しいもの.csv,19,2021009110120,円香,形ではなく、その奥を見る,樋口円香,【オイサラバエル】樋口円香,美しいもの
樋口円香/【オイサラバエル】樋口円香/美しいもの.csv,21,2021009110130,円香,"……その言い方は
さすがに怖気が",樋口円香,【オイサラバエル】樋口円香,美しいもの
樋口円香/【オイサラバエル】樋口円香/美しいもの.csv,25,2021009110140,円香,…………,樋口円香,【オイサラバエル】樋口円香,美しいもの
樋口円香/【オイサラバエル】樋口円香/美しいもの.csv,27,2021009110150,円香,…………,樋口円香,【オイサラバエル】樋口円香,美しいもの
樋口円香/【オイサラバエル】樋口円香/美しいもの.csv,30,2021009110160,円香,透明、なのかもしれない,樋口円香,【オイサラバエル】樋口円香,美しいもの
樋口円香/【オイサラバエル】樋口円香/美しいもの.csv,31,2021009110170,円香,美しいものは,樋口円香,【オイサラバエル】樋口円香,美しいもの
樋口円香/【オイサラバエル】樋口円香/美しいもの.csv,32,2021009110180,円香,"……
なんでもいいですけど",樋口円香,【オイサラバエル】樋口円香,美しいもの
樋口円香/【オイサラバエル】樋口円香/美しいもの.csv,33,2021009110190,円香,"ガードレール
目の前",樋口円香,【オイサラバエル】樋口円香,美しいもの
樋口円香/【オイサラバエル】樋口円香/美しいもの.csv,37,2021009110200,円香,はい,樋口円香,【オイサラバエル】樋口円香,美しいもの
樋口円香/【オイサラバエル】樋口円香/美しいもの.csv,38,2021009110210,円香,………………,樋口円香,【オイサラバエル】樋口円香,美しいもの
樋口円香/【オイサラバエル】樋口円香/美しいもの.csv,39,2021009110220,円香,朝が来る,樋口円香,【オイサラバエル】樋口円香,美しいもの
樋口円香/【オイサラバエル】樋口円香/美しいもの.csv,40,2021009110230,円香,水が滴る,樋口円香,【オイサラバエル】樋口円香,美しいもの
樋口円香/【オイサラバエル】樋口円香/美しいもの.csv,41,2021009110240,円香,酸素が満ちる,樋口円香,【オイサラバエル】樋口円香,美しいもの
樋口円香/【オイサラバエル】樋口円香/美しいもの.csv,42,2021009110250,円香,透き通る,樋口円香,【オイサラバエル】樋口円香,美しいもの
樋口円香/【オイサラバエル】樋口円香/美しいもの.csv,43,2021009110260,円香,透き通る,樋口円香,【オイサラバエル】樋口円香,美しいもの
樋口円香/【オイサラバエル】樋口円香/美しいもの.csv,44,2021009110270,円香,透,樋口円香,【オイサラバエル】樋口円香,美しいもの
樋口円香/【オイサラバエル】樋口円香/美しいもの.csv,45,2021009110280,円香,き,樋口円香,【オイサラバエル】樋口円香,美しいもの
樋口円香/【オイサラバエル】樋口円香/美しいもの.csv,46,2021009110290,円香,と　お,樋口円香,【オイサラバエル】樋口円香,美しいもの
樋口円香/【カラカラカラ】樋口円香/エンジン.csv,3,2021004110010,円香,なんですか、それ,樋口円香,【カラカラカラ】樋口円香,エンジン
樋口円香/【カラカラカラ】樋口円香/エンジン.csv,5,2021004110020,円香,"あの中身のない雑談ですか？
私は適当な相槌しか打っていませんが",樋口円香,【カラカラカラ】樋口円香,エンジン
樋口円香/【カラカラカラ】樋口円香/エンジン.csv,6,2021004110030,円香,まあ、初対面の相手に厳しいとか非常識でしょ,樋口円香,【カラカラカラ】樋口円香,エンジン
樋口円香/【カラカラカラ】樋口円香/エンジン.csv,9,0000000000000,円香＆プロデューサー,…………………………,樋口円香,【カラカラカラ】樋口円香,エンジン
樋口円香/【カラカラカラ】樋口円香/エンジン.csv,10,2021004110040,円香,……あなたの考えていること当てましょうか,樋口円香,【カラカラカラ】樋口円香,エンジン
樋口円香/【カラカラカラ】樋口円香/エンジン.csv,12,2021004110050,円香,…………,樋口円香,【カラカラカラ】樋口円香,エンジン
樋口円香/【カラカラカラ】樋口円香/エンジン.csv,13,2021004110060,円香,あなたは例外です,樋口円香,【カラカラカラ】樋口円香,エンジン
樋口円香/【カラカラカラ】樋口円香/エンジン.csv,15,2021004110070,円香,初対面の時から、理由がありましたから,樋口円香,【カラカラカラ】樋口円香,エンジン
樋口円香/【カラカラカラ】樋口円香/エンジン.csv,20,2021004110080,円香,……,樋口円香,【カラカラカラ】樋口円香,エンジン
樋口円香/【カラカラカラ】樋口円香/エンジン.csv,23,2021004110090,円香,…………あ,樋口円香,【カラカラカラ】樋口円香,エンジン
樋口円香/【カラカラカラ】樋口円香/エンジン.csv,24,2021004110100,円香,あなたがそれをするだけの、理由が……,樋口円香,【カラカラカラ】樋口円香,エンジン
樋口円香/【カラカラカラ】樋口円香/エンジン.csv,25,2021004110110,円香,私に──………………,樋口円香,【カラカラカラ】樋口円香,エンジン
樋口円香/【カラカラカラ】樋口円香/エンジン.csv,27,2021004110120,円香,いえ,樋口円香,【カラカラカラ】樋口円香,エンジン
樋口円香/【カラカラカラ】樋口円香/エンジン.csv,28,2021004110130,円香,なんでもありません、答えないで,樋口円香,【カラカラカラ】樋口円香,エンジン
樋口円香/【カラカラカラ】樋口円香/エンジン.csv,31,2021004110140,円香,答えないでって言ってる,樋口円香,【カラカラカラ】樋口円香,エンジン
樋口円香/【カラカラカラ】樋口円香/エンジン.csv,33,2021004110150,円香,ダメ、忘れて,樋口円香,【カラカラカラ】樋口円香,エンジン
樋口円香/【カラカラカラ】樋口円香/エンジン.csv,35,2021004110160,円香,今こそ鳥頭の真価を発揮する時でしょ,樋口円香,【カラカラカラ】樋口円香,エンジン
樋口円香/【カラカラカラ】樋口円香/エンジン.csv,37,2021004110170,円香,ダメ,樋口円香,【カラカラカラ】樋口円香,エンジン
樋口円香/【カラカラカラ】樋口円香/エンジン.csv,38,2021004110171,円香＆プロデューサー,………………,樋口円香,【カラカラカラ】樋口円香,エンジン
樋口円香/【カラカラカラ】樋口円香/エンジン.csv,40,2021004110180,円香,ダメだって言ってるでしょ……！,樋口円香,【カラカラカラ】樋口円香,エンジン
樋口円香/【カラカラカラ】樋口円香/エンジン.csv,42,2021004110190,円香,…………！,樋口円香,【カラカラカラ】樋口円香,エンジン
樋口円香/【カラカラカラ】樋口円香/エンジン.csv,43,2021004110200,円香,最悪,樋口円香,【カラカラカラ】樋口円香,エンジン
樋口円香/【カラカラカラ】樋口円香/エンジン.csv,47,2021004110210,円香,…………わかりました,樋口円香,【カラカラカラ】樋口円香,エンジン
樋口円香/【カラカラカラ】樋口円香/エンジン.csv,48,2021004110220,円香,………………,樋口円香,【カラカラカラ】樋口円香,エンジン
樋口円香/【カラカラカラ】樋口円香/エンジン.csv,49,2021004110230,円香,とりあえず、あなたがこの車を止めるまでね,樋口円香,【カラカラカラ】樋口円香,エンジン
樋口円香/【カラカラカラ】樋口円香/ニガニガ.csv,10,2021004010010,円香,……挨拶なら、来た時にしましたけど,樋口円香,【カラカラカラ】樋口円香,ニガニガ
樋口円香/【カラカラカラ】樋口円香/ニガニガ.csv,12,2021004010020,円香,…………,樋口円香,【カラカラカラ】樋口円香,ニガニガ
樋口円香/【カラカラカラ】樋口円香/ニガニガ.csv,13,2021004010030,円香,"……キッチンにあるものって使っていいんですよね？
これいただきたいんですが",樋口円香,【カラカラカラ】樋口円香,ニガニガ
樋口円香/【カラカラカラ】樋口円香/ニガニガ.csv,15,2021004010040,円香,ありがとうございます,樋口円香,【カラカラカラ】樋口円香,ニガニガ
樋口円香/【カラカラカラ】樋口円香/ニガニガ.csv,16,2021004010050,円香,…………,樋口円香,【カラカラカラ】樋口円香,ニガニガ
樋口円香/【カラカラカラ】樋口円香/ニガニガ.csv,21,2021004010060,円香,"は？　これは私が買ってきたんですが
キャップ開いてたでしょ？",樋口円香,【カラカラカラ】樋口円香,ニガニガ
樋口円香/【カラカラカラ】樋口円香/ニガニガ.csv,23,2021004010070,円香,"ああ、最近同じのをよく飲んでますよね
どこで買ったの？",樋口円香,【カラカラカラ】樋口円香,ニガニガ
樋口円香/【カラカラカラ】樋口円香/ニガニガ.csv,25,2021004010080,円香,"そうですか。私はコンビニで買いました
……バーコードのところを見て",樋口円香,【カラカラカラ】樋口円香,ニガニガ
樋口円香/【カラカラカラ】樋口円香/ニガニガ.csv,28,2021004010090,円香,まさか……飲んだの？,樋口円香,【カラカラカラ】樋口円香,ニガニガ
樋口円香/【カラカラカラ】樋口円香/ニガニガ.csv,32,2021004010100,円香,は？？　何この番組,樋口円香,【カラカラカラ】樋口円香,ニガニガ
樋口円香/【カラカラカラ】樋口円香/ニガニガ.csv,34,2021004010110,円香,……テレビをつけたのは私,樋口円香,【カラカラカラ】樋口円香,ニガニガ
樋口円香/【カラカラカラ】樋口円香/ニガニガ.csv,36,2021004010120,円香,この番組を見てたわけじゃないけど,樋口円香,【カラカラカラ】樋口円香,ニガニガ
樋口円香/【カラカラカラ】樋口円香/ニガニガ.csv,38,2021004010130,円香,…………,樋口円香,【カラカラカラ】樋口円香,ニガニガ
樋口円香/【カラカラカラ】樋口円香/ニガニガ.csv,41,2021004010140,円香,………………変態,樋口円香,【カラカラカラ】樋口円香,ニガニガ
樋口円香/【カラカラカラ】樋口円香/ニガニガ.csv,44,2021004010150,円香,……？,樋口円香,【カラカラカラ】樋口円香,ニガニガ
樋口円香/【カラカラカラ】樋口円香/ニガニガ.csv,45,2021004010151,円香＆プロデューサー,何──,樋口円香,【カラカラカラ】樋口円香,ニガニガ
樋口円香/【カラカラカラ】樋口円香/ニガニガ.csv,46,2021004010152,円香＆プロデューサー,ちょっと……,樋口円香,【カラカラカラ】樋口円香,ニガニガ
樋口円香/【カラカラカラ】樋口円香/ニガニガ.csv,47,2021004010153,円香＆プロデューサー,…………,樋口円香,【カラカラカラ】樋口円香,ニガニガ
樋口円香/【カラカラカラ】樋口円香/ニガニガ.csv,48,2021004010160,円香,何！？,樋口円香,【カラカラカラ】樋口円香,ニガニガ
樋口円香/【カラカラカラ】樋口円香/ニガニガ.csv,50,2021004010170,円香,"……これは私の。あなたのは机の上にありますよね
その積んである書類のところに",樋口円香,【カラカラカラ】樋口円香,ニガニガ
樋口円香/【カラカラカラ】樋口円香/ニガニガ.csv,52,2021004010180,円香,…………飲んでないですよね？,樋口円香,【カラカラカラ】樋口円香,ニガニガ
樋口円香/【カラカラカラ】樋口円香/ニガニガ.csv,56,2021004010190,円香,……,樋口円香,【カラカラカラ】樋口円香,ニガニガ
樋口円香/【カラカラカラ】樋口円香/ニガニガ.csv,57,2021004010200,円香,"何？　私と間接キスしたんじゃないかって
慌てているんですか",樋口円香,【カラカラカラ】樋口円香,ニガニガ
樋口円香/【カラカラカラ】樋口円香/ニガニガ.csv,59,2021004010210,円香,"……このドラマの中学生と同レベル？
いつまでも初々しくていいですね",樋口円香,【カラカラカラ】樋口円香,ニガニガ
樋口円香/【カラカラカラ】樋口円香/ニガニガ.csv,60,2021004010220,円香,青春ごっこは他所でどうぞ,樋口円香,【カラカラカラ】樋口円香,ニガニガ
樋口円香/【カラカラカラ】樋口円香/ニガニガ.csv,62,2021004010230,円香,飲んでいません、あなたの後には,樋口円香,【カラカラカラ】樋口円香,ニガニガ
樋口円香/【カラカラカラ】樋口円香/ニガニガ.csv,66,2021004010240,円香,……？,樋口円香,【カラカラカラ】樋口円香,ニガニガ
樋口円香/【カラカラカラ】樋口円香/ニガニガ.csv,68,2021004010250,円香,…………は？,樋口円香,【カラカラカラ】樋口円香,ニガニガ
樋口円香/【カラカラカラ】樋口円香/ニガニガ.csv,70,2021004010260,円香,……いらない,樋口円香,【カラカラカラ】樋口円香,ニガニガ
樋口円香/【カラカラカラ】樋口円香/ニガニガ.csv,72,2021004010270,円香,"いらない
……買ってすぐに一口飲んだけど",樋口円香,【カラカラカラ】樋口円香,ニガニガ
樋口円香/【カラカラカラ】樋口円香/ニガニガ.csv,73,2021004010280,円香,"全然美味しくなかったので
もう一本もらっても、むしろ迷惑です",樋口円香,【カラカラカラ】樋口円香,ニガニガ
樋口円香/【カラカラカラ】樋口円香/ニガニガ.csv,76,2021004010290,円香,……,樋口円香,【カラカラカラ】樋口円香,ニガニガ
樋口円香/【カラカラカラ】樋口円香/ニガニガ.csv,77,2021004010300,円香,レモンティー、微糖の,樋口円香,【カラカラカラ】樋口円香,ニガニガ
樋口円香/【カラカラカラ】樋口円香/ニガニガ.csv,79,2021004010310,円香,…………,樋口円香,【カラカラカラ】樋口円香,ニガニガ
樋口円香/【カラカラカラ】樋口円香/ニガニガ.csv,80,2021004010320,円香,なんでこんなに苦いのを……,樋口円香,【カラカラカラ】樋口円香,ニガニガ
樋口円香/【カラカラカラ】樋口円香/ニガニガ.csv,82,2021004010330,円香,"全然美味しくないのを、
いつも飲んでるの",樋口円香,【カラカラカラ】樋口円香,ニガニガ
樋口円香/【カラカラカラ】樋口円香/ニガニガ.csv,83,2021004010340,円香,……意味わからない,樋口円香,【カラカラカラ】樋口円香,ニガニガ
樋口円香/【カラカラカラ】樋口円香/手すりの錆.csv,6,0000000000000,円香,…………,樋口円香,【カラカラカラ】樋口円香,手すりの錆
樋口円香/【カラカラカラ】樋口円香/手すりの錆.csv,8,2021004040010,円香,……何か、ご用ですか,樋口円香,【カラカラカラ】樋口円香,手すりの錆
樋口円香/【カラカラカラ】樋口円香/手すりの錆.csv,10,2021004040020,円香,そうですか、そのためにわざわざ,樋口円香,【カラカラカラ】樋口円香,手すりの錆
樋口円香/【カラカラカラ】樋口円香/手すりの錆.csv,13,2021004040030,円香,あなたを喜ばせるためじゃありません,樋口円香,【カラカラカラ】樋口円香,手すりの錆
樋口円香/【カラカラカラ】樋口円香/手すりの錆.csv,16,2021004040040,円香,いえ、適当に書いただけです,樋口円香,【カラカラカラ】樋口円香,手すりの錆
樋口円香/【カラカラカラ】樋口円香/手すりの錆.csv,18,2021004040050,円香,一発書き,樋口円香,【カラカラカラ】樋口円香,手すりの錆
樋口円香/【カラカラカラ】樋口円香/手すりの錆.csv,20,2021004040060,円香,"安っぽい言葉
そういうの、嫌いです",樋口円香,【カラカラカラ】樋口円香,手すりの錆
樋口円香/【カラカラカラ】樋口円香/手すりの錆.csv,21,2021004040070,円香,私の心を開こうとしているのが見え透くので,樋口円香,【カラカラカラ】樋口円香,手すりの錆
樋口円香/【カラカラカラ】樋口円香/手すりの錆.csv,24,2021004040080,円香,…………,樋口円香,【カラカラカラ】樋口円香,手すりの錆
樋口円香/【カラカラカラ】樋口円香/手すりの錆.csv,25,2021004040090,円香,──食えない男,樋口円香,【カラカラカラ】樋口円香,手すりの錆
樋口円香/【カラカラカラ】樋口円香/手すりの錆.csv,27,2021004040100,円香,"そうやってすぐ笑う
余裕ぶって",樋口円香,【カラカラカラ】樋口円香,手すりの錆
樋口円香/【カラカラカラ】樋口円香/手すりの錆.csv,30,2021004040110,円香,……対等？,樋口円香,【カラカラカラ】樋口円香,手すりの錆
樋口円香/【カラカラカラ】樋口円香/手すりの錆.csv,32,2021004040120,円香,は？,樋口円香,【カラカラカラ】樋口円香,手すりの錆
樋口円香/【カラカラカラ】樋口円香/手すりの錆.csv,34,2021004040130,円香,……少しはわかってきたじゃないですか,樋口円香,【カラカラカラ】樋口円香,手すりの錆
樋口円香/【カラカラカラ】樋口円香/手すりの錆.csv,36,2021004040140,円香,……,樋口円香,【カラカラカラ】樋口円香,手すりの錆
樋口円香/【カラカラカラ】樋口円香/手すりの錆.csv,39,2021004040150,円香,……好きとか嫌いとか、あえて考えたりしませんね,樋口円香,【カラカラカラ】樋口円香,手すりの錆
樋口円香/【カラカラカラ】樋口円香/手すりの錆.csv,40,2021004040160,円香,一緒にいるのが当たり前なので,樋口円香,【カラカラカラ】樋口円香,手すりの錆
樋口円香/【カラカラカラ】樋口円香/手すりの錆.csv,44,2021004040170,円香,……さあ、どうでしょうか,樋口円香,【カラカラカラ】樋口円香,手すりの錆
樋口円香/【カラカラカラ】樋口円香/手すりの錆.csv,46,2021004040180,円香,……もういいですか,樋口円香,【カラカラカラ】樋口円香,手すりの錆
樋口円香/【カラカラカラ】樋口円香/手すりの錆.csv,47,2021004040190,円香,それでは,樋口円香,【カラカラカラ】樋口円香,手すりの錆
樋口円香/【カラカラカラ】樋口円香/掴もうとして.csv,3,2021004030010,円香,"ありがとうございます
またよろしくお願いします",樋口円香,【カラカラカラ】樋口円香,掴もうとして
樋口円香/【カラカラカラ】樋口円香/掴もうとして.csv,5,2021004030020,円香,"お疲れ様です
今日はここで解散で構いませんか？",樋口円香,【カラカラカラ】樋口円香,掴もうとして
樋口円香/【カラカラカラ】樋口円香/掴もうとして.csv,8,2021004030030,円香,……誰から聞いたんですか？,樋口円香,【カラカラカラ】樋口円香,掴もうとして
樋口円香/【カラカラカラ】樋口円香/掴もうとして.csv,10,2021004030040,円香,ふうん,樋口円香,【カラカラカラ】樋口円香,掴もうとして
樋口円香/【カラカラカラ】樋口円香/掴もうとして.csv,11,2021004030050,円香,……問題ありません、行きます,樋口円香,【カラカラカラ】樋口円香,掴もうとして
樋口円香/【カラカラカラ】樋口円香/掴もうとして.csv,14,2021004030060,円香,はい、お疲れ様です,樋口円香,【カラカラカラ】樋口円香,掴もうとして
樋口円香/【カラカラカラ】樋口円香/掴もうとして.csv,15,2021004030070,円香,……──……,樋口円香,【カラカラカラ】樋口円香,掴もうとして
樋口円香/【カラカラカラ】樋口円香/掴もうとして.csv,16,2021004030080,円香,……っ,樋口円香,【カラカラカラ】樋口円香,掴もうとして
樋口円香/【カラカラカラ】樋口円香/掴もうとして.csv,18,2021004030090,円香,"もう終わりました
何か用ですか？",樋口円香,【カラカラカラ】樋口円香,掴もうとして
樋口円香/【カラカラカラ】樋口円香/掴もうとして.csv,20,2021004030100,円香,"一足どころじゃないですね
かなり前に終わりました",樋口円香,【カラカラカラ】樋口円香,掴もうとして
樋口円香/【カラカラカラ】樋口円香/掴もうとして.csv,21,2021004030110,円香,"では、帰るので
そこどいてもらえます？",樋口円香,【カラカラカラ】樋口円香,掴もうとして
樋口円香/【カラカラカラ】樋口円香/掴もうとして.csv,24,2021004030120,円香,……,樋口円香,【カラカラカラ】樋口円香,掴もうとして
樋口円香/【カラカラカラ】樋口円香/掴もうとして.csv,26,2021004030130,円香,いいですよ、別に,樋口円香,【カラカラカラ】樋口円香,掴もうとして
樋口円香/【カラカラカラ】樋口円香/掴もうとして.csv,27,2021004030140,円香,お先に失礼します,樋口円香,【カラカラカラ】樋口円香,掴もうとして
樋口円香/【カラカラカラ】樋口円香/掴もうとして.csv,30,2021004030150,円香,経費の無駄遣い,樋口円香,【カラカラカラ】樋口円香,掴もうとして
樋口円香/【カラカラカラ】樋口円香/掴もうとして.csv,32,2021004030160,円香,"結構です
やっとあなたと離れられるのになんでわざわざ？",樋口円香,【カラカラカラ】樋口円香,掴もうとして
樋口円香/【カラカラカラ】樋口円香/掴もうとして.csv,33,2021004030170,円香,"お気持ちだけありがたく
……お疲れ様です",樋口円香,【カラカラカラ】樋口円香,掴もうとして
樋口円香/【カラカラカラ】樋口円香/掴もうとして.csv,34,2021004030180,円香,……では,樋口円香,【カラカラカラ】樋口円香,掴もうとして
樋口円香/【カラカラカラ】樋口円香/掴もうとして.csv,35,2021004030190,円香,……お疲れ様でした,樋口円香,【カラカラカラ】樋口円香,掴もうとして
樋口円香/【カラカラカラ】樋口円香/掴もうとして.csv,36,2021004030200,円香,──さようなら,樋口円香,【カラカラカラ】樋口円香,掴もうとして
樋口円香/【カラカラカラ】樋口円香/掴もうとして.csv,41,2021004030210,円香,────……ねえ,樋口円香,【カラカラカラ】樋口円香,掴もうとして
樋口円香/【カラカラカラ】樋口円香/掴もうとして.csv,43,2021004030220,円香,本当、あなたってダメな人……,樋口円香,【カラカラカラ】樋口円香,掴もうとして
樋口円香/【カラカラカラ】樋口円香/掴もうとして.csv,45,2021004030230,円香,──いつまで寝ているんですか,樋口円香,【カラカラカラ】樋口円香,掴もうとして
樋口円香/【カラカラカラ】樋口円香/水、風、緑.csv,2,2021004020010,円香,この川沿いを？,樋口円香,【カラカラカラ】樋口円香,水、風、緑
樋口円香/【カラカラカラ】樋口円香/水、風、緑.csv,5,2021004020020,円香,わかりました,樋口円香,【カラカラカラ】樋口円香,水、風、緑
樋口円香/【カラカラカラ】樋口円香/水、風、緑.csv,7,2021004020030,円香,……言われずとも,樋口円香,【カラカラカラ】樋口円香,水、風、緑
樋口円香/【カラカラカラ】樋口円香/水、風、緑.csv,9,2021004020040,円香,……はい,樋口円香,【カラカラカラ】樋口円香,水、風、緑
樋口円香/【カラカラカラ】樋口円香/水、風、緑.csv,11,2021004020050,円香,……そうですか,樋口円香,【カラカラカラ】樋口円香,水、風、緑
樋口円香/【カラカラカラ】樋口円香/水、風、緑.csv,13,2021004020060,円香,さあ……どうでしょうね,樋口円香,【カラカラカラ】樋口円香,水、風、緑
樋口円香/【カラカラカラ】樋口円香/水、風、緑.csv,15,2021004020070,円香,お構いなく,樋口円香,【カラカラカラ】樋口円香,水、風、緑
樋口円香/【カラカラカラ】樋口円香/水、風、緑.csv,17,2021004020080,円香,…………,樋口円香,【カラカラカラ】樋口円香,水、風、緑
樋口円香/【カラカラカラ】樋口円香/水、風、緑.csv,18,2021004020090,円香,──…………,樋口円香,【カラカラカラ】樋口円香,水、風、緑
樋口円香/【カラカラカラ】樋口円香/水、風、緑.csv,19,2021004020100,円香,…………,樋口円香,【カラカラカラ】樋口円香,水、風、緑
樋口円香/【カラカラカラ】樋口円香/水、風、緑.csv,24,2021004020110,円香,──あっ,樋口円香,【カラカラカラ】樋口円香,水、風、緑
樋口円香/【カラカラカラ】樋口円香/水、風、緑.csv,30,2021004020120,円香,………！,樋口円香,【カラカラカラ】樋口円香,水、風、緑
樋口円香/【カラカラカラ】樋口円香/水、風、緑.csv,33,2021004020130,円香,"少し濡れただけです
サンダルですし、別に",樋口円香,【カラカラカラ】樋口円香,水、風、緑
樋口円香/【カラカラカラ】樋口円香/水、風、緑.csv,34,2021004020140,円香,それよりも……あなたの靴,樋口円香,【カラカラカラ】樋口円香,水、風、緑
樋口円香/【カラカラカラ】樋口円香/水、風、緑.csv,36,2021004020150,円香,なんであなたまで濡れているんですか,樋口円香,【カラカラカラ】樋口円香,水、風、緑
樋口円香/【カラカラカラ】樋口円香/水、風、緑.csv,39,2021004020160,円香,……革靴はダメでしょ,樋口円香,【カラカラカラ】樋口円香,水、風、緑
樋口円香/【カラカラカラ】樋口円香/水、風、緑.csv,43,2021004020170,円香,…………,樋口円香,【カラカラカラ】樋口円香,水、風、緑
樋口円香/【カラカラカラ】樋口円香/水、風、緑.csv,44,2021004020180,円香,あなたもスタッフさんにサンダル借りたら？,樋口円香,【カラカラカラ】樋口円香,水、風、緑
樋口円香/【カラカラカラ】樋口円香/水、風、緑.csv,46,2021004020190,円香,"……
離して",樋口円香,【カラカラカラ】樋口円香,水、風、緑
樋口円香/【カラカラカラ】樋口円香/水、風、緑.csv,48,2021004020200,円香,"あるわけないでしょ
……転んでないんだから",樋口円香,【カラカラカラ】樋口円香,水、風、緑
樋口円香/【カラカラカラ】樋口円香/水、風、緑.csv,49,2021004020210,円香,あなたのおかげで,樋口円香,【カラカラカラ】樋口円香,水、風、緑
樋口円香/【カラカラカラ】樋口円香/水、風、緑.csv,52,2021004020220,円香,"転びかけたのはすみませんでした
でも、あなたに助けてもらうのは──",樋口円香,【カラカラカラ】樋口円香,水、風、緑
樋口円香/【カラカラカラ】樋口円香/水、風、緑.csv,53,2021004020230,円香,──っ！,樋口円香,【カラカラカラ】樋口円香,水、風、緑
樋口円香/【カラカラカラ】樋口円香/水、風、緑.csv,56,2021004020240,円香,……離して,樋口円香,【カラカラカラ】樋口円香,水、風、緑
樋口円香/【カラカラカラ】樋口円香/水、風、緑.csv,58,2021004020250,円香,腰、掴むとか……許さない,樋口円香,【カラカラカラ】樋口円香,水、風、緑
樋口円香/【カラカラカラ】樋口円香/水、風、緑.csv,60,2021004020260,円香,……嫌、許さない,樋口円香,【カラカラカラ】樋口円香,水、風、緑
樋口円香/【カラカラカラ】樋口円香/水、風、緑.csv,61,2021004020270,円香,──っ……,樋口円香,【カラカラカラ】樋口円香,水、風、緑
樋口円香/【カラカラカラ】樋口円香/水、風、緑.csv,63,2021004020280,円香,"……ひとりで立てますので
…………",樋口円香,【カラカラカラ】樋口円香,水、風、緑
樋口円香/【カラカラカラ】樋口円香/水、風、緑.csv,65,2021004020290,円香,……？　ん……,樋口円香,【カラカラカラ】樋口円香,水、風、緑
樋口円香/【カラカラカラ】樋口円香/水、風、緑.csv,67,2021004020300,円香,えっ……,樋口円香,【カラカラカラ】樋口円香,水、風、緑
樋口円香/【カラカラカラ】樋口円香/水、風、緑.csv,69,2021004020310,円香,ありがとう、ございます……,樋口円香,【カラカラカラ】樋口円香,水、風、緑
樋口円香/【カラカラカラ】樋口円香/水、風、緑.csv,71,2021004020320,円香,……そうですね,樋口円香,【カラカラカラ】樋口円香,水、風、緑
樋口円香/【カラカラカラ】樋口円香/水、風、緑.csv,72,2021004020330,円香,"私のじゃないですが
それ、スタッフさんに借りたものです",樋口円香,【カラカラカラ】樋口円香,水、風、緑
樋口円香/【カラカラカラ】樋口円香/水、風、緑.csv,74,2021004020340,円香,でも、だから……なくさないで、よかったです,樋口円香,【カラカラカラ】樋口円香,水、風、緑
樋口円香/【カラカラカラ】樋口円香/水、風、緑.csv,76,2021004020350,円香,"……いつまで川の中にいるんですか
革靴、濡れてる。スラックスも",樋口円香,【カラカラカラ】樋口円香,水、風、緑
樋口円香/【カラカラカラ】樋口円香/水、風、緑.csv,78,2021004020360,円香,え……,樋口円香,【カラカラカラ】樋口円香,水、風、緑
樋口円香/【カラメル】樋口円香/and（call）.csv,2,2021008110010,円香,はい,樋口円香,【カラメル】樋口円香,and（call）
樋口円香/【カラメル】樋口円香/and（call）.csv,3,2021008110020,円香,……はい、お疲れ様です,樋口円香,【カラメル】樋口円香,and（call）
樋口円香/【カラメル】樋口円香/and（call）.csv,4,2021008110030,円香,…………,樋口円香,【カラメル】樋口円香,and（call）
樋口円香/【カラメル】樋口円香/and（call）.csv,6,2021008110040,円香,『まあ』,樋口円香,【カラメル】樋口円香,and（call）
樋口円香/【カラメル】樋口円香/and（call）.csv,10,2021008110050,円香,『……』,樋口円香,【カラメル】樋口円香,and（call）
樋口円香/【カラメル】樋口円香/and（call）.csv,11,2021008110060,円香,『……明日の放課後、行きます』,樋口円香,【カラメル】樋口円香,and（call）
樋口円香/【カラメル】樋口円香/and（call）.csv,13,2021008110070,円香,『はい』,樋口円香,【カラメル】樋口円香,and（call）
樋口円香/【カラメル】樋口円香/and（call）.csv,14,2021008110080,円香,『……それだけですか』,樋口円香,【カラメル】樋口円香,and（call）
樋口円香/【カラメル】樋口円香/and（call）.csv,17,0000000000000,円香,『………………』,樋口円香,【カラメル】樋口円香,and（call）
樋口円香/【カラメル】樋口円香/and（call）.csv,19,2021008110100,円香,『わかりました』,樋口円香,【カラメル】樋口円香,and（call）
樋口円香/【カラメル】樋口円香/and（call）.csv,21,2021008110110,円香,『…………』,樋口円香,【カラメル】樋口円香,and（call）
樋口円香/【カラメル】樋口円香/and（call）.csv,22,2021008110120,円香,『３つは食べすぎでは』,樋口円香,【カラメル】樋口円香,and（call）
樋口円香/【カラメル】樋口円香/and（call）.csv,25,2021008110130,円香,『……わかりました』,樋口円香,【カラメル】樋口円香,and（call）
樋口円香/【カラメル】樋口円香/and（call）.csv,26,2021008110140,円香,『もういいですか』,樋口円香,【カラメル】樋口円香,and（call）
樋口円香/【カラメル】樋口円香/and（call）.csv,29,0000000000000,円香,『……………………』,樋口円香,【カラメル】樋口円香,and（call）
樋口円香/【カラメル】樋口円香/and（call）.csv,31,2021008110160,円香,『そうでしたか』,樋口円香,【カラメル】樋口円香,and（call）
樋口円香/【カラメル】樋口円香/and（call）.csv,33,2021008110170,円香,『はい』,樋口円香,【カラメル】樋口円香,and（call）
樋口円香/【カラメル】樋口円香/and（call）.csv,35,2021008110180,円香,『別にいいですよ、あなたの判断で』,樋口円香,【カラメル】樋口円香,and（call）
樋口円香/【カラメル】樋口円香/and（call）.csv,37,2021008110190,円香,『……何、その自己アピール』,樋口円香,【カラメル】樋口円香,and（call）
樋口円香/【カラメル】樋口円香/and（call）.csv,38,2021008110200,円香,『そういうのはもうわかっています』,樋口円香,【カラメル】樋口円香,and（call）
樋口円香/【カラメル】樋口円香/and（call）.csv,39,2021008110210,円香,『でも、まあ』,樋口円香,【カラメル】樋口円香,and（call）
樋口円香/【カラメル】樋口円香/and（call）.csv,40,2021008110220,円香,『プロデューサーのことは少し心配なので』,樋口円香,【カラメル】樋口円香,and（call）
樋口円香/【カラメル】樋口円香/and（call）.csv,41,2021008110230,円香,『今回は、何か決める前に私にも声をかけてください』,樋口円香,【カラメル】樋口円香,and（call）
樋口円香/【カラメル】樋口円香/and（call）.csv,44,2021008110240,円香,『……何』,樋口円香,【カラメル】樋口円香,and（call）
樋口円香/【カラメル】樋口円香/and（call）.csv,47,2021008110250,円香,『……』,樋口円香,【カラメル】樋口円香,and（call）
樋口円香/【カラメル】樋口円香/and（call）.csv,48,2021008110260,円香,『そう呼ばれたいんですか』,樋口円香,【カラメル】樋口円香,and（call）
樋口円香/【カラメル】樋口円香/and（call）.csv,50,2021008110270,円香,『自分だけが、そう呼ばれたいと』,樋口円香,【カラメル】樋口円香,and（call）
樋口円香/【カラメル】樋口円香/and（call）.csv,53,2021008110280,円香,『………………』,樋口円香,【カラメル】樋口円香,and（call）
樋口円香/【カラメル】樋口円香/and（call）.csv,56,2021008110290,円香,『そうですか。ではそうします』,樋口円香,【カラメル】樋口円香,and（call）
樋口円香/【カラメル】樋口円香/and（call）.csv,57,2021008110300,円香,『残念でしたね』,樋口円香,【カラメル】樋口円香,and（call）
樋口円香/【カラメル】樋口円香/and（call）.csv,58,2021008110310,円香,本当、ダメな人,樋口円香,【カラメル】樋口円香,and（call）
樋口円香/【カラメル】樋口円香/あまい.csv,2,2021008010010,円香,はい,樋口円香,【カラメル】樋口円香,あまい
樋口円香/【カラメル】樋口円香/あまい.csv,3,2021008010020,円香,……はい、お疲れ様です,樋口円香,【カラメル】樋口円香,あまい
樋口円香/【カラメル】樋口円香/あまい.csv,4,2021008010030,円香,プロデューサー,樋口円香,【カラメル】樋口円香,あまい
樋口円香/【カラメル】樋口円香/あまい.csv,5,2021008010040,円香,"はい
大丈夫です",樋口円香,【カラメル】樋口円香,あまい
樋口円香/【カラメル】樋口円香/あまい.csv,6,2021008010050,円香,"あ……ただすみません、出先なので……
まわりが騒がしく────",樋口円香,【カラメル】樋口円香,あまい
樋口円香/【カラメル】樋口円香/あまい.csv,7,2021008010060,円香,…………,樋口円香,【カラメル】樋口円香,あまい
樋口円香/【カラメル】樋口円香/あまい.csv,8,2021008010070,円香,"……ちょっと静かな道に行きます
お待ちください",樋口円香,【カラメル】樋口円香,あまい
樋口円香/【カラメル】樋口円香/あまい.csv,9,2021008010080,円香,もしもし,樋口円香,【カラメル】樋口円香,あまい
樋口円香/【カラメル】樋口円香/あまい.csv,10,2021008010090,円香,……すみません、大丈夫です,樋口円香,【カラメル】樋口円香,あまい
樋口円香/【カラメル】樋口円香/あまい.csv,11,2021008010100,円香,"いえ、お気になさらず
どうされました？",樋口円香,【カラメル】樋口円香,あまい
樋口円香/【カラメル】樋口円香/あまい.csv,12,2021008010110,円香,明日の集合場所を変更、はい,樋口円香,【カラメル】樋口円香,あまい
樋口円香/【カラメル】樋口円香/あまい.csv,13,2021008010120,円香,"……確かに言っていましたよね
駅から離れると方向音痴には辛いって",樋口円香,【カラメル】樋口円香,あまい
樋口円香/【カラメル】樋口円香/あまい.csv,14,2021008010130,円香,"はい
覚えています",樋口円香,【カラメル】樋口円香,あまい
樋口円香/【カラメル】樋口円香/あまい.csv,15,2021008010140,円香,そうですか？,樋口円香,【カラメル】樋口円香,あまい
樋口円香/【カラメル】樋口円香/あまい.csv,16,2021008010150,円香,それは出発前にナビを見ましたから,樋口円香,【カラメル】樋口円香,あまい
樋口円香/【カラメル】樋口円香/あまい.csv,17,2021008010160,円香,すぐ近くのレストランでしたし,樋口円香,【カラメル】樋口円香,あまい
樋口円香/【カラメル】樋口円香/あまい.csv,18,2021008010170,円香,……それはプロデューサーが……,樋口円香,【カラメル】樋口円香,あまい
樋口円香/【カラメル】樋口円香/あまい.csv,19,2021008010180,円香,そう、方向音痴だから……？,樋口円香,【カラメル】樋口円香,あまい
樋口円香/【カラメル】樋口円香/あまい.csv,20,2021008010190,円香,私の記憶がいいとか悪いとかの問題では,樋口円香,【カラメル】樋口円香,あまい
樋口円香/【カラメル】樋口円香/あまい.csv,21,2021008010200,円香,"いいですよ
そんな",樋口円香,【カラメル】樋口円香,あまい
樋口円香/【カラメル】樋口円香/あまい.csv,22,2021008010210,円香,……もともとは集合場所の話だったって覚えています？,樋口円香,【カラメル】樋口円香,あまい
樋口円香/【カラメル】樋口円香/あまい.csv,23,2021008010220,円香,……,樋口円香,【カラメル】樋口円香,あまい
樋口円香/【カラメル】樋口円香/あまい.csv,24,2021008010230,円香,"……わかりました
ありがとうございます",樋口円香,【カラメル】樋口円香,あまい
樋口円香/【カラメル】樋口円香/あまい.csv,25,2021008010240,円香,あまり褒められると気恥ずかしいですが,樋口円香,【カラメル】樋口円香,あまい
樋口円香/【カラメル】樋口円香/あまい.csv,29,2021008010250,円香,……いえ,樋口円香,【カラメル】樋口円香,あまい
樋口円香/【カラメル】樋口円香/あまい.csv,30,2021008010260,円香,"ああ……
今日も忙しそうですね",樋口円香,【カラメル】樋口円香,あまい
樋口円香/【カラメル】樋口円香/あまい.csv,31,2021008010270,円香,何時の新幹線ですか？,樋口円香,【カラメル】樋口円香,あまい
樋口円香/【カラメル】樋口円香/あまい.csv,32,2021008010280,円香,え……,樋口円香,【カラメル】樋口円香,あまい
樋口円香/【カラメル】樋口円香/あまい.csv,33,2021008010290,円香,時間……,樋口円香,【カラメル】樋口円香,あまい
樋口円香/【カラメル】樋口円香/あまい.csv,34,2021008010300,円香,"……今、51分です
３分後には出発かと思いますが……",樋口円香,【カラメル】樋口円香,あまい
樋口円香/【カラメル】樋口円香/あまい.csv,35,2021008010310,円香,"今、車内ですか？
それかホーム────",樋口円香,【カラメル】樋口円香,あまい
樋口円香/【カラメル】樋口円香/あまい.csv,36,2021008010320,円香,駅前…………,樋口円香,【カラメル】樋口円香,あまい
樋口円香/【カラメル】樋口円香/あまい.csv,37,2021008010330,円香,それはちょっと急いだほうが良いかと……,樋口円香,【カラメル】樋口円香,あまい
樋口円香/【カラメル】樋口円香/あまい.csv,38,2021008010340,円香,そうしてください,樋口円香,【カラメル】樋口円香,あまい
樋口円香/【カラメル】樋口円香/あまい.csv,39,2021008010350,円香,"いえ、はい、お気になさらず
事務所のメール宛でも構いませんし",樋口円香,【カラメル】樋口円香,あまい
樋口円香/【カラメル】樋口円香/あまい.csv,40,2021008010360,円香,いえ、いえ,樋口円香,【カラメル】樋口円香,あまい
樋口円香/【カラメル】樋口円香/あまい.csv,41,2021008010370,円香,え、何番線……,樋口円香,【カラメル】樋口円香,あまい
樋口円香/【カラメル】樋口円香/あまい.csv,42,2021008010380,円香,"そうですね、記憶力の問題では…………
駅員さんに────",樋口円香,【カラメル】樋口円香,あまい
樋口円香/【カラメル】樋口円香/あまい.csv,43,2021008010390,円香,……はい、お願いします,樋口円香,【カラメル】樋口円香,あまい
樋口円香/【カラメル】樋口円香/あまい.csv,44,2021008010400,円香,……,樋口円香,【カラメル】樋口円香,あまい
樋口円香/【カラメル】樋口円香/あまい.csv,45,2021008010410,円香,…………間に合うといいけど,樋口円香,【カラメル】樋口円香,あまい
樋口円香/【カラメル】樋口円香/あまい.csv,46,2021008010420,円香,……あ、そういえば……,樋口円香,【カラメル】樋口円香,あまい
樋口円香/【カラメル】樋口円香/あまい.csv,47,2021008010430,円香,"この間の現場に万年筆が落ちていたのですが……
プロデューサーのだったりしませんか？",樋口円香,【カラメル】樋口円香,あまい
樋口円香/【カラメル】樋口円香/あまい.csv,48,2021008010440,円香,……やっぱり,樋口円香,【カラメル】樋口円香,あまい
樋口円香/【カラメル】樋口円香/あまい.csv,49,2021008010450,円香,"持ち主がわからなかったので、
スタッフさんに預けてしまいました",樋口円香,【カラメル】樋口円香,あまい
樋口円香/【カラメル】樋口円香/あまい.csv,50,2021008010460,円香,今度、聞いてみてください,樋口円香,【カラメル】樋口円香,あまい
樋口円香/【カラメル】樋口円香/あまい.csv,51,2021008010470,円香,いえ、よかったです,樋口円香,【カラメル】樋口円香,あまい
樋口円香/【カラメル】樋口円香/あまい.csv,52,2021008010480,円香,はい,樋口円香,【カラメル】樋口円香,あまい
樋口円香/【カラメル】樋口円香/あまい.csv,53,2021008010490,円香,"あ……すみません
それで集合場所は…………",樋口円香,【カラメル】樋口円香,あまい
樋口円香/【カラメル】樋口円香/あまい.csv,54,2021008010500,円香,"駅の北口ですね
わかりました……ありがとうございます",樋口円香,【カラメル】樋口円香,あまい
樋口円香/【カラメル】樋口円香/あまい.csv,55,2021008010510,円香,はい。それでは,樋口円香,【カラメル】樋口円香,あまい
樋口円香/【カラメル】樋口円香/あまい.csv,56,2021008010520,円香,……,樋口円香,【カラメル】樋口円香,あまい
樋口円香/【カラメル】樋口円香/あまい.csv,57,2021008010530,円香,…………今日も忙しそう,樋口円香,【カラメル】樋口円香,あまい
樋口円香/【カラメル】樋口円香/あまい.csv,58,2021008010540,円香,……,樋口円香,【カラメル】樋口円香,あまい
樋口円香/【カラメル】樋口円香/あまい.csv,59,2021008010550,円香,あ……誰ですか？,樋口円香,【カラメル】樋口円香,あまい
樋口円香/【カラメル】樋口円香/あまい.csv,60,2021008010560,円香,"ああ……どうでしょうか
ちょっとまだわかりませんが",樋口円香,【カラメル】樋口円香,あまい
樋口円香/【カラメル】樋口円香/あまい.csv,61,2021008010570,円香,ん……？,樋口円香,【カラメル】樋口円香,あまい
樋口円香/【カラメル】樋口円香/あまい.csv,62,2021008010580,円香,そうなんですか,樋口円香,【カラメル】樋口円香,あまい
樋口円香/【カラメル】樋口円香/あまい.csv,63,2021008010590,円香,ああ………………,樋口円香,【カラメル】樋口円香,あまい
樋口円香/【カラメル】樋口円香/あまい.csv,64,2021008010600,円香,"さあ……
どうでしょう",樋口円香,【カラメル】樋口円香,あまい
樋口円香/【カラメル】樋口円香/あまい.csv,65,2021008010610,円香,前々回の収録でご挨拶していますよね？,樋口円香,【カラメル】樋口円香,あまい
樋口円香/【カラメル】樋口円香/あまい.csv,66,2021008010620,円香,"…………
じゃ、きっとそういう人ですよ",樋口円香,【カラメル】樋口円香,あまい
樋口円香/【カラメル】樋口円香/あまい.csv,67,2021008010630,円香,"…………
……ふふっ……",樋口円香,【カラメル】樋口円香,あまい
樋口円香/【カラメル】樋口円香/あまい.csv,68,2021008010640,円香,ああ、いえ,樋口円香,【カラメル】樋口円香,あまい
樋口円香/【カラメル】樋口円香/あまい.csv,69,2021008010650,円香,"私からのコメントは差し控えておきます
また機会もあると思いますので",樋口円香,【カラメル】樋口円香,あまい
樋口円香/【カラメル】樋口円香/あまい.csv,70,2021008010660,円香,"それですみません
明日の集合場所は……",樋口円香,【カラメル】樋口円香,あまい
樋口円香/【カラメル】樋口円香/あまい.csv,71,2021008010670,円香,"わかりました
駅の北口ですね",樋口円香,【カラメル】樋口円香,あまい
樋口円香/【カラメル】樋口円香/あまい.csv,72,2021008010680,円香,"はい
ありがとうございました",樋口円香,【カラメル】樋口円香,あまい
樋口円香/【カラメル】樋口円香/あまい.csv,73,2021008010690,円香,よろしくお願いします,樋口円香,【カラメル】樋口円香,あまい
樋口円香/【カラメル】樋口円香/あまい.csv,74,2021008010700,円香,……,樋口円香,【カラメル】樋口円香,あまい
樋口円香/【カラメル】樋口円香/あまい.csv,75,2021008010710,円香,…………何、どういう質問なの,樋口円香,【カラメル】樋口円香,あまい
樋口円香/【カラメル】樋口円香/にがい.csv,2,2021008020010,円香,はい,樋口円香,【カラメル】樋口円香,にがい
樋口円香/【カラメル】樋口円香/にがい.csv,3,2021008020020,円香,……はい、お疲れ様です,樋口円香,【カラメル】樋口円香,にがい
樋口円香/【カラメル】樋口円香/にがい.csv,4,2021008020030,円香,プロデューサー,樋口円香,【カラメル】樋口円香,にがい
樋口円香/【カラメル】樋口円香/にがい.csv,5,2021008020040,円香,"なんでしょう
私で答えられることでしたら",樋口円香,【カラメル】樋口円香,にがい
樋口円香/【カラメル】樋口円香/にがい.csv,6,2021008020050,円香,いつもより１時間早く、ですね,樋口円香,【カラメル】樋口円香,にがい
樋口円香/【カラメル】樋口円香/にがい.csv,7,2021008020060,円香,"……予定を確認してから、
またご連絡するでも構いませんか",樋口円香,【カラメル】樋口円香,にがい
樋口円香/【カラメル】樋口円香/にがい.csv,8,2021008020070,円香,……これからの話……,樋口円香,【カラメル】樋口円香,にがい
樋口円香/【カラメル】樋口円香/にがい.csv,9,2021008020080,円香,"すみません、私が知らないだけなら申し訳ないのですが、
ゲスト出演は次でおしまいだった気がして────",樋口円香,【カラメル】樋口円香,にがい
樋口円香/【カラメル】樋口円香/にがい.csv,10,2021008020090,円香,……,樋口円香,【カラメル】樋口円香,にがい
樋口円香/【カラメル】樋口円香/にがい.csv,11,2021008020100,円香,サブレギュラー,樋口円香,【カラメル】樋口円香,にがい
樋口円香/【カラメル】樋口円香/にがい.csv,12,2021008020110,円香,"……そうだったのですね
ありがとうございます",樋口円香,【カラメル】樋口円香,にがい
樋口円香/【カラメル】樋口円香/にがい.csv,13,2021008020120,円香,…………,樋口円香,【カラメル】樋口円香,にがい
樋口円香/【カラメル】樋口円香/にがい.csv,14,2021008020130,円香,"……はい
楽しみにしています",樋口円香,【カラメル】樋口円香,にがい
樋口円香/【カラメル】樋口円香/にがい.csv,15,2021008020140,円香,………………,樋口円香,【カラメル】樋口円香,にがい
樋口円香/【カラメル】樋口円香/にがい.csv,16,2021008020150,円香,あの……,樋口円香,【カラメル】樋口円香,にがい
樋口円香/【カラメル】樋口円香/にがい.csv,17,2021008020160,円香,……ちょっと代わりますね,樋口円香,【カラメル】樋口円香,にがい
樋口円香/【カラメル】樋口円香/にがい.csv,31,2021008020170,円香,……ん,樋口円香,【カラメル】樋口円香,にがい
樋口円香/【カラメル】樋口円香/にがい.csv,34,2021008020180,円香,ちょっと大雑把なんですよね、彼女,樋口円香,【カラメル】樋口円香,にがい
樋口円香/【カラメル】樋口円香/にがい.csv,36,2021008020190,円香,"私のような新人にもフランクで公私の区別がないというか
それがいいところでもあると思いますが",樋口円香,【カラメル】樋口円香,にがい
樋口円香/【カラメル】樋口円香/にがい.csv,38,2021008020200,円香,"構いません
今後困るようであればまたご相談します",樋口円香,【カラメル】樋口円香,にがい
樋口円香/【カラメル】樋口円香/にがい.csv,40,2021008020210,円香,突然パスしてすみませんでした,樋口円香,【カラメル】樋口円香,にがい
樋口円香/【カラメル】樋口円香/にがい.csv,44,2021008020220,円香,"ありがとうございます
こちらで問題ありません",樋口円香,【カラメル】樋口円香,にがい
樋口円香/【カラメル】樋口円香/にがい.csv,45,2021008020230,円香,……どうぞ,樋口円香,【カラメル】樋口円香,にがい
樋口円香/【カラメル】樋口円香/にがい.csv,46,2021008020240,円香,嫌いですか,樋口円香,【カラメル】樋口円香,にがい
樋口円香/【カラメル】樋口円香/にがい.csv,50,2021008020250,円香,…………,樋口円香,【カラメル】樋口円香,にがい
樋口円香/【カラメル】樋口円香/にがい.csv,51,2021008020260,円香,"そういえば前に彼女からあなたのことを聞かれました
どういう人なのかって",樋口円香,【カラメル】樋口円香,にがい
樋口円香/【カラメル】樋口円香/にがい.csv,53,2021008020270,円香,第一印象は爽やかで優しそうだったとのことですが,樋口円香,【カラメル】樋口円香,にがい
樋口円香/【カラメル】樋口円香/にがい.csv,54,2021008020280,円香,"収録を見守る目は真剣で……真剣すぎたので────
実は怖い人だったりしないのかって",樋口円香,【カラメル】樋口円香,にがい
樋口円香/【カラメル】樋口円香/にがい.csv,56,2021008020290,円香,"ということで
あとはよろしくお願いします",樋口円香,【カラメル】樋口円香,にがい
樋口円香/【カラメル】樋口円香/にがい.csv,59,2021008020300,円香,さあ,樋口円香,【カラメル】樋口円香,にがい
樋口円香/【キン・コン】樋口円香/上澄.csv,10,2021012010010,円香,お疲れ様です,樋口円香,【キン・コン】樋口円香,上澄
樋口円香/【キン・コン】樋口円香/上澄.csv,13,2021012010020,円香,………………,樋口円香,【キン・コン】樋口円香,上澄
樋口円香/【キン・コン】樋口円香/上澄.csv,14,2021012010030,円香,……それでは,樋口円香,【キン・コン】樋口円香,上澄
樋口円香/【キン・コン】樋口円香/上澄.csv,16,2021012010040,円香,"……何？
急ぎの話でもなければ、後にしてもらえますか",樋口円香,【キン・コン】樋口円香,上澄
樋口円香/【キン・コン】樋口円香/上澄.csv,18,2021012010050,円香,まあ……少しであれば,樋口円香,【キン・コン】樋口円香,上澄
樋口円香/【キン・コン】樋口円香/上澄.csv,19,2021012010060,円香,机の上に置きざらしのカップ麺に免じて,樋口円香,【キン・コン】樋口円香,上澄
樋口円香/【キン・コン】樋口円香/上澄.csv,22,2021012010070,円香,…………,樋口円香,【キン・コン】樋口円香,上澄
樋口円香/【キン・コン】樋口円香/上澄.csv,25,2021012010080,円香,はい,樋口円香,【キン・コン】樋口円香,上澄
樋口円香/【キン・コン】樋口円香/上澄.csv,27,2021012010090,円香,……町おこしの祭りか何かの……,樋口円香,【キン・コン】樋口円香,上澄
樋口円香/【キン・コン】樋口円香/上澄.csv,32,2021012010100,円香,"ご心配なく
どうせバラシだろうと思っていたので",樋口円香,【キン・コン】樋口円香,上澄
樋口円香/【キン・コン】樋口円香/上澄.csv,36,2021012010110,円香,"傲慢では？
使う側が使いたい人を選ぶだけなんだから",樋口円香,【キン・コン】樋口円香,上澄
樋口円香/【キン・コン】樋口円香/上澄.csv,39,2021012010120,円香,…………,樋口円香,【キン・コン】樋口円香,上澄
樋口円香/【キン・コン】樋口円香/上澄.csv,41,2021012010130,円香,はいはい,樋口円香,【キン・コン】樋口円香,上澄
樋口円香/【キン・コン】樋口円香/上澄.csv,42,2021012010140,円香,"そうやって自分を高めて
本当にご立派",樋口円香,【キン・コン】樋口円香,上澄
樋口円香/【キン・コン】樋口円香/上澄.csv,43,2021012010150,円香,"……まだ、何か話がありますか
いい加減遅れる",樋口円香,【キン・コン】樋口円香,上澄
樋口円香/【キン・コン】樋口円香/上澄.csv,45,2021012010160,円香,……失礼します,樋口円香,【キン・コン】樋口円香,上澄
樋口円香/【キン・コン】樋口円香/上澄.csv,50,2021012010170,円香,…………,樋口円香,【キン・コン】樋口円香,上澄
樋口円香/【キン・コン】樋口円香/上澄.csv,51,2021012010180,円香,"……そうですか
それならよかったですね",樋口円香,【キン・コン】樋口円香,上澄
樋口円香/【キン・コン】樋口円香/上澄.csv,53,2021012010190,円香,"……まだ、何か話がありますか
いい加減遅れる",樋口円香,【キン・コン】樋口円香,上澄
樋口円香/【キン・コン】樋口円香/上澄.csv,55,2021012010200,円香,……失礼します,樋口円香,【キン・コン】樋口円香,上澄
樋口円香/【キン・コン】樋口円香/上澄.csv,60,2021012010210,円香,"あつ……
冷房効いてます？",樋口円香,【キン・コン】樋口円香,上澄
樋口円香/【キン・コン】樋口円香/上澄.csv,63,2021012010220,円香,わかりました,樋口円香,【キン・コン】樋口円香,上澄
樋口円香/【キン・コン】樋口円香/上澄.csv,64,2021012010230,円香,"話は終わりましたよね
行きます……レッスンの時間なので",樋口円香,【キン・コン】樋口円香,上澄
樋口円香/【キン・コン】樋口円香/上澄.csv,66,2021012010240,円香,……失礼します,樋口円香,【キン・コン】樋口円香,上澄
樋口円香/【キン・コン】樋口円香/宙へ還る.csv,7,2021012030040,円香,"今日の役目なんて……花火までの、
人を集めるための添え物だから",樋口円香,【キン・コン】樋口円香,宙へ還る
樋口円香/【キン・コン】樋口円香/宙へ還る.csv,8,2021012030050,円香,あの程度のMCなら、誰でも出来る,樋口円香,【キン・コン】樋口円香,宙へ還る
樋口円香/【キン・コン】樋口円香/宙へ還る.csv,12,2021012030060,円香,………………,樋口円香,【キン・コン】樋口円香,宙へ還る
樋口円香/【キン・コン】樋口円香/宙へ還る.csv,13,2021012030070,円香,……花火,樋口円香,【キン・コン】樋口円香,宙へ還る
樋口円香/【キン・コン】樋口円香/宙へ還る.csv,14,2021012030080,円香,"こんなに近くで見られる部屋、
本来なら旅行客が利用するべきなのに",樋口円香,【キン・コン】樋口円香,宙へ還る
樋口円香/【キン・コン】樋口円香/宙へ還る.csv,17,2021012030090,円香,何？,樋口円香,【キン・コン】樋口円香,宙へ還る
樋口円香/【キン・コン】樋口円香/宙へ還る.csv,19,2021012030100,円香,"……打ち合わせは終わりですよね
部屋に戻ります",樋口円香,【キン・コン】樋口円香,宙へ還る
樋口円香/【キン・コン】樋口円香/宙へ還る.csv,20,2021012030110,円香,"おひとりではしゃいでいてください
他の宿泊客の迷惑にならない程度に",樋口円香,【キン・コン】樋口円香,宙へ還る
樋口円香/【キン・コン】樋口円香/宙へ還る.csv,23,2021012030120,円香,…………,樋口円香,【キン・コン】樋口円香,宙へ還る
樋口円香/【キン・コン】樋口円香/宙へ還る.csv,24,2021012030130,円香,"明日は朝早いので、
私の時間は私なりに、有意義に使わせて頂きます",樋口円香,【キン・コン】樋口円香,宙へ還る
樋口円香/【キン・コン】樋口円香/宙へ還る.csv,26,2021012030140,円香,"……あなたが起こしに来てくれるなら
お言葉に甘えますが",樋口円香,【キン・コン】樋口円香,宙へ還る
樋口円香/【キン・コン】樋口円香/宙へ還る.csv,28,2021012030150,円香,模範的な回答ですね,樋口円香,【キン・コン】樋口円香,宙へ還る
樋口円香/【キン・コン】樋口円香/宙へ還る.csv,29,2021012030160,円香,……では、お先に失礼します,樋口円香,【キン・コン】樋口円香,宙へ還る
樋口円香/【キン・コン】樋口円香/宙へ還る.csv,33,2021012030170,円香,…………しつこい,樋口円香,【キン・コン】樋口円香,宙へ還る
樋口円香/【キン・コン】樋口円香/宙へ還る.csv,34,2021012030180,円香,"……風情とか、そういうのいいので
お気持ちだけで",樋口円香,【キン・コン】樋口円香,宙へ還る
樋口円香/【キン・コン】樋口円香/宙へ還る.csv,38,2021012030190,円香,…………,樋口円香,【キン・コン】樋口円香,宙へ還る
樋口円香/【キン・コン】樋口円香/宙へ還る.csv,39,2021012030200,円香,単に、散り様を消費されて消えていく,樋口円香,【キン・コン】樋口円香,宙へ還る
樋口円香/【キン・コン】樋口円香/宙へ還る.csv,40,2021012030210,円香,……そういう存在かと,樋口円香,【キン・コン】樋口円香,宙へ還る
樋口円香/【キン・コン】樋口円香/宙へ還る.csv,42,2021012030220,円香,そうですか,樋口円香,【キン・コン】樋口円香,宙へ還る
樋口円香/【キン・コン】樋口円香/宙へ還る.csv,43,2021012030230,円香,……情緒に浸るのはおひとりでどうぞ,樋口円香,【キン・コン】樋口円香,宙へ還る
樋口円香/【キン・コン】樋口円香/宙へ還る.csv,45,2021012030240,円香,"一応、言っておきますが、
モーニングコールは要りませんので────失礼します",樋口円香,【キン・コン】樋口円香,宙へ還る
樋口円香/【キン・コン】樋口円香/宙へ還る.csv,47,2021012030250,円香,みたいですね,樋口円香,【キン・コン】樋口円香,宙へ還る
樋口円香/【キン・コン】樋口円香/宙へ還る.csv,49,2021012030260,円香,残念でしたね,樋口円香,【キン・コン】樋口円香,宙へ還る
樋口円香/【キン・コン】樋口円香/宙へ還る.csv,52,2021012030270,円香,…………,樋口円香,【キン・コン】樋口円香,宙へ還る
樋口円香/【キン・コン】樋口円香/宙へ還る.csv,53,2021012030280,円香,"ぱっと咲いて、ぱっと散る？
……陳腐な感想",樋口円香,【キン・コン】樋口円香,宙へ還る
樋口円香/【キン・コン】樋口円香/宙へ還る.csv,55,2021012030290,円香,……部屋に戻ります,樋口円香,【キン・コン】樋口円香,宙へ還る
樋口円香/【キン・コン】樋口円香/宙へ還る.csv,57,2021012030300,円香,"明日、ロビーに集合でしたよね
……それでは",樋口円香,【キン・コン】樋口円香,宙へ還る
樋口円香/【キン・コン】樋口円香/宙へ還る.csv,60,2021012030310,円香,…………,樋口円香,【キン・コン】樋口円香,宙へ還る
樋口円香/【キン・コン】樋口円香/宙へ還る.csv,62,2021012030320,円香,……ええ,樋口円香,【キン・コン】樋口円香,宙へ還る
樋口円香/【キン・コン】樋口円香/宙へ還る.csv,67,2021012030330,円香,…………,樋口円香,【キン・コン】樋口円香,宙へ還る
樋口円香/【キン・コン】樋口円香/宙へ還る.csv,71,2021012030340,円香,"………………
……回りくどい励ましの言葉",樋口円香,【キン・コン】樋口円香,宙へ還る
樋口円香/【キン・コン】樋口円香/宙へ還る.csv,72,2021012030350,円香,わざわざどうも、ありがとうございます,樋口円香,【キン・コン】樋口円香,宙へ還る
樋口円香/【キン・コン】樋口円香/宙へ還る.csv,73,2021012030360,円香,"明日はロビーに集合でしたよね
……それでは",樋口円香,【キン・コン】樋口円香,宙へ還る
樋口円香/【キン・コン】樋口円香/定義する、今.csv,16,2021012110010,円香,アイスカフェラテひとつ,樋口円香,【キン・コン】樋口円香,定義する、今
樋口円香/【キン・コン】樋口円香/定義する、今.csv,19,2021012110020,円香,……じゃあそれでお願いします,樋口円香,【キン・コン】樋口円香,定義する、今
樋口円香/【キン・コン】樋口円香/定義する、今.csv,21,2021012110030,円香,………………,樋口円香,【キン・コン】樋口円香,定義する、今
樋口円香/【キン・コン】樋口円香/定義する、今.csv,22,2021012110040,円香,……いや、大きすぎる,樋口円香,【キン・コン】樋口円香,定義する、今
樋口円香/【キン・コン】樋口円香/定義する、今.csv,23,2021012110050,円香,はあ……,樋口円香,【キン・コン】樋口円香,定義する、今
樋口円香/【キン・コン】樋口円香/定義する、今.csv,30,2021012110120,円香,……風、つよ,樋口円香,【キン・コン】樋口円香,定義する、今
樋口円香/【キン・コン】樋口円香/定義する、今.csv,31,2021012110130,円香,………………,樋口円香,【キン・コン】樋口円香,定義する、今
樋口円香/【キン・コン】樋口円香/定義する、今.csv,32,2021012110140,円香,……こいつのせいか,樋口円香,【キン・コン】樋口円香,定義する、今
樋口円香/【キン・コン】樋口円香/定義する、今.csv,34,2021012110160,円香,────────……,樋口円香,【キン・コン】樋口円香,定義する、今
樋口円香/【キン・コン】樋口円香/定義する、今.csv,36,2021012110180,円香,……さむ,樋口円香,【キン・コン】樋口円香,定義する、今
樋口円香/【キン・コン】樋口円香/瀝青観測.csv,3,2021012020010,円香,"お疲れ様でした
こちらこそ、２日間よろしくお願いします",樋口円香,【キン・コン】樋口円香,瀝青観測
樋口円香/【キン・コン】樋口円香/瀝青観測.csv,6,2021012020020,円香,…………,樋口円香,【キン・コン】樋口円香,瀝青観測
樋口円香/【キン・コン】樋口円香/瀝青観測.csv,8,2021012020030,円香,スタッフの方が的確に指示してくださったおかげです,樋口円香,【キン・コン】樋口円香,瀝青観測
樋口円香/【キン・コン】樋口円香/瀝青観測.csv,10,2021012020040,円香,……無理やり持ち上げようとしないで,樋口円香,【キン・コン】樋口円香,瀝青観測
樋口円香/【キン・コン】樋口円香/瀝青観測.csv,15,2021012020050,円香,……そうですか,樋口円香,【キン・コン】樋口円香,瀝青観測
樋口円香/【キン・コン】樋口円香/瀝青観測.csv,16,2021012020060,円香,"まるで叙情的な舞台のような言い回し
ステージはあちらですよ、役者さん",樋口円香,【キン・コン】樋口円香,瀝青観測
樋口円香/【キン・コン】樋口円香/瀝青観測.csv,21,2021012020070,円香,"２８３プロダクションの樋口円香です
精一杯務めさせて頂きますので、よろしくお願いします",樋口円香,【キン・コン】樋口円香,瀝青観測
樋口円香/【キン・コン】樋口円香/瀝青観測.csv,23,2021012020080,円香,お気遣いありがとうございます,樋口円香,【キン・コン】樋口円香,瀝青観測
樋口円香/【キン・コン】樋口円香/瀝青観測.csv,25,2021012020081,円香＆プロデューサー,………………,樋口円香,【キン・コン】樋口円香,瀝青観測
樋口円香/【キン・コン】樋口円香/瀝青観測.csv,30,2021012020090,円香,"良いご縁を頂けたからには
この町の魅力を同世代の方にも伝えられるよう",樋口円香,【キン・コン】樋口円香,瀝青観測
樋口円香/【キン・コン】樋口円香/瀝青観測.csv,31,2021012020100,円香,ご期待に添えるように、頑張ります,樋口円香,【キン・コン】樋口円香,瀝青観測
樋口円香/【キン・コン】樋口円香/瀝青観測.csv,43,0000000000000,円香,…………,樋口円香,【キン・コン】樋口円香,瀝青観測
樋口円香/【キン・コン】樋口円香/瀝青観測.csv,44,2021012020120,円香,プロデューサー,樋口円香,【キン・コン】樋口円香,瀝青観測
樋口円香/【キン・コン】樋口円香/瀝青観測.csv,49,2021012020130,円香,…………,樋口円香,【キン・コン】樋口円香,瀝青観測
樋口円香/【キン・コン】樋口円香/瀝青観測.csv,51,2021012020140,円香,"……チェックインの時間
そろそろですよね",樋口円香,【キン・コン】樋口円香,瀝青観測
樋口円香/【キン・コン】樋口円香/瀝青観測.csv,56,2021012020150,円香,"…………未熟ながら、
……青いうちは柔軟さもあるので",樋口円香,【キン・コン】樋口円香,瀝青観測
樋口円香/【キン・コン】樋口円香/瀝青観測.csv,57,2021012020160,円香,"町おこしの想いを汲んで、それを表現出来たらと
……対応力も、少しは付いてきたようですし",樋口円香,【キン・コン】樋口円香,瀝青観測
樋口円香/【キン・コン】樋口円香/瀝青観測.csv,60,2021012020170,円香,……何？　さっきの,樋口円香,【キン・コン】樋口円香,瀝青観測
樋口円香/【キン・コン】樋口円香/瀝青観測.csv,62,2021012020180,円香,……はい,樋口円香,【キン・コン】樋口円香,瀝青観測
樋口円香/【キン・コン】樋口円香/火毬.csv,3,2021012040010,円香,ありがとうございます,樋口円香,【キン・コン】樋口円香,火毬
樋口円香/【キン・コン】樋口円香/火毬.csv,6,2021012040020,円香,………………,樋口円香,【キン・コン】樋口円香,火毬
樋口円香/【キン・コン】樋口円香/火毬.csv,8,2021012040030,円香,……そうですか,樋口円香,【キン・コン】樋口円香,火毬
樋口円香/【キン・コン】樋口円香/火毬.csv,11,2021012040040,円香,"わかりました
せっかくですから、お言葉に甘えさせて頂きます",樋口円香,【キン・コン】樋口円香,火毬
樋口円香/【キン・コン】樋口円香/火毬.csv,12,2021012040050,円香,────────────────……,樋口円香,【キン・コン】樋口円香,火毬
樋口円香/【キン・コン】樋口円香/火毬.csv,17,2021012040090,円香,……………………,樋口円香,【キン・コン】樋口円香,火毬
樋口円香/【キン・コン】樋口円香/火毬.csv,20,2021012040100,円香,……は？,樋口円香,【キン・コン】樋口円香,火毬
樋口円香/【キン・コン】樋口円香/火毬.csv,22,0000000000000,円香,……………………,樋口円香,【キン・コン】樋口円香,火毬
樋口円香/【キン・コン】樋口円香/火毬.csv,23,2021012040120,円香,……忙しそうに出ていった、と聞いていましたが,樋口円香,【キン・コン】樋口円香,火毬
樋口円香/【キン・コン】樋口円香/火毬.csv,24,2021012040130,円香,"呑気さを演出する余裕があるようで
なによりです",樋口円香,【キン・コン】樋口円香,火毬
樋口円香/【キン・コン】樋口円香/火毬.csv,25,2021012040140,円香,ミスター・フェスティバル,樋口円香,【キン・コン】樋口円香,火毬
樋口円香/【キン・コン】樋口円香/火毬.csv,28,2021012040150,円香,そうですか,樋口円香,【キン・コン】樋口円香,火毬
樋口円香/【キン・コン】樋口円香/火毬.csv,32,2021012040160,円香,……いつまで着けているんですか、それ,樋口円香,【キン・コン】樋口円香,火毬
樋口円香/【キン・コン】樋口円香/火毬.csv,38,2021012040190,円香,……まったく似合いませんね,樋口円香,【キン・コン】樋口円香,火毬
樋口円香/【ギンコ・ビローバ】樋口円香/信.csv,33,2021005020010,円香,『余計な気遣い』,樋口円香,【ギンコ・ビローバ】樋口円香,信
樋口円香/【ギンコ・ビローバ】樋口円香/信.csv,36,2021005020020,円香,"『噂話くらい、誰でもする』
『自分にはするなとか不可能でしょ』",樋口円香,【ギンコ・ビローバ】樋口円香,信
樋口円香/【ギンコ・ビローバ】樋口円香/信.csv,37,2021005020030,円香,『気にするだけ無駄』,樋口円香,【ギンコ・ビローバ】樋口円香,信
樋口円香/【ギンコ・ビローバ】樋口円香/信.csv,43,2021005020040,円香,『大して変わらない』,樋口円香,【ギンコ・ビローバ】樋口円香,信
樋口円香/【ギンコ・ビローバ】樋口円香/信.csv,44,2021005020050,円香,"『どこにでも噂話はありますし』
『今は、その範囲が広くなっただけ』",樋口円香,【ギンコ・ビローバ】樋口円香,信
樋口円香/【ギンコ・ビローバ】樋口円香/信.csv,45,2021005020060,円香,『わかっていたことなので』,樋口円香,【ギンコ・ビローバ】樋口円香,信
樋口円香/【ギンコ・ビローバ】樋口円香/信.csv,49,2021005020070,円香,『はい』,樋口円香,【ギンコ・ビローバ】樋口円香,信
樋口円香/【ギンコ・ビローバ】樋口円香/信.csv,50,2021005020080,円香,『何も知らずにいてもらいます』,樋口円香,【ギンコ・ビローバ】樋口円香,信
樋口円香/【ギンコ・ビローバ】樋口円香/信.csv,51,2021005020090,円香,『これからもずっと』,樋口円香,【ギンコ・ビローバ】樋口円香,信
樋口円香/【ギンコ・ビローバ】樋口円香/信.csv,56,2021005020100,円香,"『それなら別の車両に行ってくれて構いません』
『引き止めてすみませんでした』",樋口円香,【ギンコ・ビローバ】樋口円香,信
樋口円香/【ギンコ・ビローバ】樋口円香/信.csv,57,2021005020110,円香,『私の』,樋口円香,【ギンコ・ビローバ】樋口円香,信
樋口円香/【ギンコ・ビローバ】樋口円香/信.csv,58,2021005020120,円香,『代弁者になろうとしないで』,樋口円香,【ギンコ・ビローバ】樋口円香,信
樋口円香/【ギンコ・ビローバ】樋口円香/信.csv,61,2021005020130,円香,『起こしませんよ』,樋口円香,【ギンコ・ビローバ】樋口円香,信
樋口円香/【ギンコ・ビローバ】樋口円香/信.csv,66,0000000000000,円香,………………,樋口円香,【ギンコ・ビローバ】樋口円香,信
樋口円香/【ギンコ・ビローバ】樋口円香/信.csv,67,2021005020150,円香,さっきの『アイドルになれそうって言った時』の……返事,樋口円香,【ギンコ・ビローバ】樋口円香,信
樋口円香/【ギンコ・ビローバ】樋口円香/信.csv,68,2021005020160,円香,あれ、あの子の嘘なので,樋口円香,【ギンコ・ビローバ】樋口円香,信
樋口円香/【ギンコ・ビローバ】樋口円香/信.csv,71,2021005020170,円香,…………寝てたんじゃないんですか,樋口円香,【ギンコ・ビローバ】樋口円香,信
樋口円香/【ギンコ・ビローバ】樋口円香/偽.csv,4,2021005040010,円香,…………,樋口円香,【ギンコ・ビローバ】樋口円香,偽
樋口円香/【ギンコ・ビローバ】樋口円香/偽.csv,7,2021005040020,円香,"いいから……──………………
……大丈夫……",樋口円香,【ギンコ・ビローバ】樋口円香,偽
樋口円香/【ギンコ・ビローバ】樋口円香/偽.csv,9,2021005040030,円香,……、……………………,樋口円香,【ギンコ・ビローバ】樋口円香,偽
樋口円香/【ギンコ・ビローバ】樋口円香/偽.csv,16,2021005040040,円香,……うん。いってらっしゃい,樋口円香,【ギンコ・ビローバ】樋口円香,偽
樋口円香/【ギンコ・ビローバ】樋口円香/偽.csv,18,2021005040050,円香,……いたんですか,樋口円香,【ギンコ・ビローバ】樋口円香,偽
樋口円香/【ギンコ・ビローバ】樋口円香/偽.csv,20,2021005040060,円香,……,樋口円香,【ギンコ・ビローバ】樋口円香,偽
樋口円香/【ギンコ・ビローバ】樋口円香/偽.csv,22,2021005040070,円香,…………,樋口円香,【ギンコ・ビローバ】樋口円香,偽
樋口円香/【ギンコ・ビローバ】樋口円香/偽.csv,23,2021005040080,円香,別に、私は優しくないので,樋口円香,【ギンコ・ビローバ】樋口円香,偽
樋口円香/【ギンコ・ビローバ】樋口円香/偽.csv,24,2021005040090,円香,願いは叶わない、適当に生きる方が楽……,樋口円香,【ギンコ・ビローバ】樋口円香,偽
樋口円香/【ギンコ・ビローバ】樋口円香/偽.csv,25,2021005040100,円香,そう教えてあげなかっただけです,樋口円香,【ギンコ・ビローバ】樋口円香,偽
樋口円香/【ギンコ・ビローバ】樋口円香/偽.csv,27,2021005040110,円香,……,樋口円香,【ギンコ・ビローバ】樋口円香,偽
樋口円香/【ギンコ・ビローバ】樋口円香/偽.csv,28,2021005040120,円香,……無理だと思いますよ、あの子は,樋口円香,【ギンコ・ビローバ】樋口円香,偽
樋口円香/【ギンコ・ビローバ】樋口円香/偽.csv,30,2021005040130,円香,"言いたいんでしょ
願いは叶うこともあるって",樋口円香,【ギンコ・ビローバ】樋口円香,偽
樋口円香/【ギンコ・ビローバ】樋口円香/偽.csv,32,2021005040140,円香,……,樋口円香,【ギンコ・ビローバ】樋口円香,偽
樋口円香/【ギンコ・ビローバ】樋口円香/偽.csv,38,0000000000000,円香,……,樋口円香,【ギンコ・ビローバ】樋口円香,偽
樋口円香/【ギンコ・ビローバ】樋口円香/偽.csv,39,2021005040160,円香,……この寒いのに,樋口円香,【ギンコ・ビローバ】樋口円香,偽
樋口円香/【ギンコ・ビローバ】樋口円香/偽.csv,40,2021005040170,円香,"アイドルだからって
薄手の衣装とかありえない",樋口円香,【ギンコ・ビローバ】樋口円香,偽
樋口円香/【ギンコ・ビローバ】樋口円香/偽.csv,41,2021005040180,円香,"まわりの人たちは、
身を守るためにあたたかい服を着てるのに",樋口円香,【ギンコ・ビローバ】樋口円香,偽
樋口円香/【ギンコ・ビローバ】樋口円香/偽.csv,43,2021005040190,円香,…………,樋口円香,【ギンコ・ビローバ】樋口円香,偽
樋口円香/【ギンコ・ビローバ】樋口円香/偽.csv,44,2021005040200,円香,今日だけじゃ、ありませんが,樋口円香,【ギンコ・ビローバ】樋口円香,偽
樋口円香/【ギンコ・ビローバ】樋口円香/偽.csv,47,2021005040210,円香,"……
たぶんをつければ何を言っても許されるとでも",樋口円香,【ギンコ・ビローバ】樋口円香,偽
樋口円香/【ギンコ・ビローバ】樋口円香/偽.csv,50,2021005040220,円香,…………,樋口円香,【ギンコ・ビローバ】樋口円香,偽
樋口円香/【ギンコ・ビローバ】樋口円香/偽.csv,51,2021005040230,円香,じゃ、それで構いません,樋口円香,【ギンコ・ビローバ】樋口円香,偽
樋口円香/【ギンコ・ビローバ】樋口円香/偽.csv,52,2021005040240,円香,たぶんね,樋口円香,【ギンコ・ビローバ】樋口円香,偽
樋口円香/【ギンコ・ビローバ】樋口円香/偽.csv,55,2021005040250,円香,……,樋口円香,【ギンコ・ビローバ】樋口円香,偽
樋口円香/【ギンコ・ビローバ】樋口円香/偽.csv,56,2021005040260,円香,"うまくいったら、それはそれで
ライバルを増やしただけですが",樋口円香,【ギンコ・ビローバ】樋口円香,偽
樋口円香/【ギンコ・ビローバ】樋口円香/偽.csv,58,2021005040270,円香,受けて立つのはあなたじゃないでしょ,樋口円香,【ギンコ・ビローバ】樋口円香,偽
樋口円香/【ギンコ・ビローバ】樋口円香/偽.csv,59,2021005040280,円香,…………,樋口円香,【ギンコ・ビローバ】樋口円香,偽
樋口円香/【ギンコ・ビローバ】樋口円香/噤.csv,5,2021005030010,円香,……,樋口円香,【ギンコ・ビローバ】樋口円香,噤
樋口円香/【ギンコ・ビローバ】樋口円香/噤.csv,7,2021005030020,円香,え、はい,樋口円香,【ギンコ・ビローバ】樋口円香,噤
樋口円香/【ギンコ・ビローバ】樋口円香/噤.csv,9,2021005030030,円香,……レモンでお願いします,樋口円香,【ギンコ・ビローバ】樋口円香,噤
樋口円香/【ギンコ・ビローバ】樋口円香/噤.csv,11,2021005030040,円香,"すみません
聞いていませんでした",樋口円香,【ギンコ・ビローバ】樋口円香,噤
樋口円香/【ギンコ・ビローバ】樋口円香/噤.csv,13,2021005030050,円香,…………,樋口円香,【ギンコ・ビローバ】樋口円香,噤
樋口円香/【ギンコ・ビローバ】樋口円香/噤.csv,15,2021005030060,円香,いい映画でした,樋口円香,【ギンコ・ビローバ】樋口円香,噤
樋口円香/【ギンコ・ビローバ】樋口円香/噤.csv,21,2021005030070,円香,"今日は素晴らしい機会をいただきまして、
本当にありがとうございました",樋口円香,【ギンコ・ビローバ】樋口円香,噤
樋口円香/【ギンコ・ビローバ】樋口円香/噤.csv,23,2021005030080,円香,はい,樋口円香,【ギンコ・ビローバ】樋口円香,噤
樋口円香/【ギンコ・ビローバ】樋口円香/噤.csv,24,2021005030090,円香,"言葉で表せないくらい、
素晴らしかったです",樋口円香,【ギンコ・ビローバ】樋口円香,噤
樋口円香/【ギンコ・ビローバ】樋口円香/噤.csv,25,2021005030100,円香,"最初は……恐縮ながら、
主人公をつまらない男だと思っていたのですが",樋口円香,【ギンコ・ビローバ】樋口円香,噤
樋口円香/【ギンコ・ビローバ】樋口円香/噤.csv,26,2021005030110,円香,"途中で、主人公の心情がピアノの音と
リンクしていることに気付いて本当に驚きました",樋口円香,【ギンコ・ビローバ】樋口円香,噤
樋口円香/【ギンコ・ビローバ】樋口円香/噤.csv,28,2021005030120,円香,"ラストシーン、埃だらけのピアノに触れた瞬間、
世界が金色に染まったのは……",樋口円香,【ギンコ・ビローバ】樋口円香,噤
樋口円香/【ギンコ・ビローバ】樋口円香/噤.csv,29,2021005030130,円香,彼の心が世界に溢れ出た表れなのだろうなと,樋口円香,【ギンコ・ビローバ】樋口円香,噤
樋口円香/【ギンコ・ビローバ】樋口円香/噤.csv,31,2021005030140,円香,"……すみません、素人の解釈なので、
間違っているかもしれませんが……",樋口円香,【ギンコ・ビローバ】樋口円香,噤
樋口円香/【ギンコ・ビローバ】樋口円香/噤.csv,32,2021005030150,円香,"一般公開されたら、もう一度……一度とは言わず何度も、
繰り返し、観させていただきます",樋口円香,【ギンコ・ビローバ】樋口円香,噤
樋口円香/【ギンコ・ビローバ】樋口円香/噤.csv,33,2021005030160,円香,本当に感動しました,樋口円香,【ギンコ・ビローバ】樋口円香,噤
樋口円香/【ギンコ・ビローバ】樋口円香/噤.csv,40,2021005030170,円香,はい、まだバスも電車もありますので,樋口円香,【ギンコ・ビローバ】樋口円香,噤
樋口円香/【ギンコ・ビローバ】樋口円香/噤.csv,42,2021005030180,円香,お疲れ様でした,樋口円香,【ギンコ・ビローバ】樋口円香,噤
樋口円香/【ギンコ・ビローバ】樋口円香/噤.csv,47,2021005030190,円香,…………,樋口円香,【ギンコ・ビローバ】樋口円香,噤
樋口円香/【ギンコ・ビローバ】樋口円香/噤.csv,49,2021005030200,円香,"……あの映画は、
できればひとりで観たいものでした",樋口円香,【ギンコ・ビローバ】樋口円香,噤
樋口円香/【ギンコ・ビローバ】樋口円香/噤.csv,50,2021005030210,円香,"感想を言葉にしなくていい時、
しばらくの間、誰とも話さなくていい時に",樋口円香,【ギンコ・ビローバ】樋口円香,噤
樋口円香/【ギンコ・ビローバ】樋口円香/噤.csv,51,2021005030220,円香,そういう映画でした,樋口円香,【ギンコ・ビローバ】樋口円香,噤
樋口円香/【ギンコ・ビローバ】樋口円香/噤.csv,53,2021005030230,円香,…………,樋口円香,【ギンコ・ビローバ】樋口円香,噤
樋口円香/【ギンコ・ビローバ】樋口円香/噤.csv,54,2021005030240,円香,いえ,樋口円香,【ギンコ・ビローバ】樋口円香,噤
樋口円香/【ギンコ・ビローバ】樋口円香/噤.csv,55,2021005030250,円香,必要な時間だったと思いますので,樋口円香,【ギンコ・ビローバ】樋口円香,噤
樋口円香/【ギンコ・ビローバ】樋口円香/噤.csv,56,2021005030260,円香,"大切なんでしょ
ああいう積み重ねも",樋口円香,【ギンコ・ビローバ】樋口円香,噤
樋口円香/【ギンコ・ビローバ】樋口円香/噤.csv,58,2021005030270,円香,"まあ、どんな話だったか、
半分くらいは覚えていませんが",樋口円香,【ギンコ・ビローバ】樋口円香,噤
樋口円香/【ギンコ・ビローバ】樋口円香/噤.csv,60,2021005030280,円香,……適当すぎ,樋口円香,【ギンコ・ビローバ】樋口円香,噤
樋口円香/【ギンコ・ビローバ】樋口円香/噤.csv,62,2021005030290,円香,特には,樋口円香,【ギンコ・ビローバ】樋口円香,噤
樋口円香/【ギンコ・ビローバ】樋口円香/噤.csv,66,2021005030300,円香,"……考えておきます
おそらく永遠にお返事できませんが",樋口円香,【ギンコ・ビローバ】樋口円香,噤
樋口円香/【ギンコ・ビローバ】樋口円香/噤.csv,68,2021005030310,円香,………………,樋口円香,【ギンコ・ビローバ】樋口円香,噤
樋口円香/【ギンコ・ビローバ】樋口円香/噤.csv,69,2021005030320,円香,"……仮に見つかったとしたら、
それこそ話さないのでは",樋口円香,【ギンコ・ビローバ】樋口円香,噤
樋口円香/【ギンコ・ビローバ】樋口円香/噤.csv,70,2021005030330,円香,大切なものほど、そうでしょ,樋口円香,【ギンコ・ビローバ】樋口円香,噤
樋口円香/【ギンコ・ビローバ】樋口円香/噤.csv,72,2021005030340,円香,さあ、どうですかね,樋口円香,【ギンコ・ビローバ】樋口円香,噤
樋口円香/【ギンコ・ビローバ】樋口円香/囀.csv,6,0000000000000,円香＆プロデューサー,………………………………,樋口円香,【ギンコ・ビローバ】樋口円香,囀
樋口円香/【ギンコ・ビローバ】樋口円香/囀.csv,7,0000000000000,円香＆プロデューサー,………………,樋口円香,【ギンコ・ビローバ】樋口円香,囀
樋口円香/【ギンコ・ビローバ】樋口円香/囀.csv,9,2021005010010,円香,"……あなたは、
割と偉そうな肩書きだったと思いますが",樋口円香,【ギンコ・ビローバ】樋口円香,囀
樋口円香/【ギンコ・ビローバ】樋口円香/囀.csv,10,2021005010020,円香,死ぬほど暇なんですね,樋口円香,【ギンコ・ビローバ】樋口円香,囀
樋口円香/【ギンコ・ビローバ】樋口円香/囀.csv,12,2021005010030,円香,いえ,樋口円香,【ギンコ・ビローバ】樋口円香,囀
樋口円香/【ギンコ・ビローバ】樋口円香/囀.csv,17,2021005010040,円香,……わかりました,樋口円香,【ギンコ・ビローバ】樋口円香,囀
樋口円香/【ギンコ・ビローバ】樋口円香/囀.csv,18,2021005010050,円香,"あなたが暇を持て余すくらい、
優雅なご身分であることは",樋口円香,【ギンコ・ビローバ】樋口円香,囀
樋口円香/【ギンコ・ビローバ】樋口円香/囀.csv,20,2021005010060,円香,それから、『美味しそうならとっといて』と雛菜が,樋口円香,【ギンコ・ビローバ】樋口円香,囀
樋口円香/【ギンコ・ビローバ】樋口円香/囀.csv,27,2021005010070,円香,……やめてもらえます？,樋口円香,【ギンコ・ビローバ】樋口円香,囀
樋口円香/【ギンコ・ビローバ】樋口円香/囀.csv,28,2021005010080,円香,"レッスンまでの時間を潰しているだけなのに
そう言われたら待っているみたいじゃないですか",樋口円香,【ギンコ・ビローバ】樋口円香,囀
樋口円香/【ギンコ・ビローバ】樋口円香/囀.csv,30,2021005010090,円香,……自由すぎるでしょ,樋口円香,【ギンコ・ビローバ】樋口円香,囀
樋口円香/【ギンコ・ビローバ】樋口円香/囀.csv,32,2021005010100,円香,"そうですね
部屋中に伸びやかな歌声が響き渡って",樋口円香,【ギンコ・ビローバ】樋口円香,囀
樋口円香/【ギンコ・ビローバ】樋口円香/囀.csv,34,2021005010110,円香,歌いたい時に歌っていいのは小鳥だけ,樋口円香,【ギンコ・ビローバ】樋口円香,囀
樋口円香/【ギンコ・ビローバ】樋口円香/囀.csv,36,2021005010120,円香,"聞いてません
ミスター・ミュージカル",樋口円香,【ギンコ・ビローバ】樋口円香,囀
樋口円香/【ギンコ・ビローバ】樋口円香/囀.csv,38,2021005010130,円香,そういうことじゃありません,樋口円香,【ギンコ・ビローバ】樋口円香,囀
樋口円香/【ギンコ・ビローバ】樋口円香/囀.csv,40,2021005010140,円香,……では、私はレッスンに行きますね,樋口円香,【ギンコ・ビローバ】樋口円香,囀
樋口円香/【ギンコ・ビローバ】樋口円香/囀.csv,44,2021005010150,円香,"……
やめてもらえます？",樋口円香,【ギンコ・ビローバ】樋口円香,囀
樋口円香/【ギンコ・ビローバ】樋口円香/囀.csv,45,2021005010160,円香,最後だけ『プロデューサー』みたいにするの,樋口円香,【ギンコ・ビローバ】樋口円香,囀
樋口円香/【ギンコ・ビローバ】樋口円香/囀.csv,46,2021005010170,円香,"……あなたの手作りとか、
なんの罰ゲームですか",樋口円香,【ギンコ・ビローバ】樋口円香,囀
樋口円香/【ギンコ・ビローバ】樋口円香/囀.csv,49,2021005010180,円香,……気持ち？,樋口円香,【ギンコ・ビローバ】樋口円香,囀
樋口円香/【ギンコ・ビローバ】樋口円香/囀.csv,51,2021005010190,円香,頑張れしか言ってない,樋口円香,【ギンコ・ビローバ】樋口円香,囀
樋口円香/【ギンコ・ビローバ】樋口円香/囀.csv,53,2021005010200,円香,"……
偉そうな肩書きの癖に",樋口円香,【ギンコ・ビローバ】樋口円香,囀
樋口円香/【ギンコ・ビローバ】樋口円香/囀.csv,56,2021005010210,円香,だから、業務時間中にお菓子作りをすると,樋口円香,【ギンコ・ビローバ】樋口円香,囀
樋口円香/【ギンコ・ビローバ】樋口円香/囀.csv,58,2021005010220,円香,……,樋口円香,【ギンコ・ビローバ】樋口円香,囀
樋口円香/【ギンコ・ビローバ】樋口円香/囀.csv,59,2021005010230,円香,このオーブンの中……マフィンですか,樋口円香,【ギンコ・ビローバ】樋口円香,囀
樋口円香/【ギンコ・ビローバ】樋口円香/囀.csv,61,2021005010240,円香,"さあ……
黒くは見えませんが",樋口円香,【ギンコ・ビローバ】樋口円香,囀
樋口円香/【ギンコ・ビローバ】樋口円香/囀.csv,62,2021005010250,円香,あなたが込めたとかいう気持ちも、見えませんね,樋口円香,【ギンコ・ビローバ】樋口円香,囀
樋口円香/【ギンコ・ビローバ】樋口円香/囀.csv,64,2021005010260,円香,……業務命令であれば,樋口円香,【ギンコ・ビローバ】樋口円香,囀
樋口円香/【ギンコ・ビローバ】樋口円香/囀.csv,67,2021005010270,円香,……随分と長い昼休みでしたね,樋口円香,【ギンコ・ビローバ】樋口円香,囀
樋口円香/【ギンコ・ビローバ】樋口円香/囀.csv,70,2021005010280,円香,"そこの腕時計、あなたのでしょ
……外しっぱなし",樋口円香,【ギンコ・ビローバ】樋口円香,囀
樋口円香/【ギンコ・ビローバ】樋口円香/囀.csv,72,2021005010290,円香,では、私はレッスンなので,樋口円香,【ギンコ・ビローバ】樋口円香,囀
樋口円香/【ギンコ・ビローバ】樋口円香/囀.csv,74,2021005010300,円香,……,樋口円香,【ギンコ・ビローバ】樋口円香,囀
樋口円香/【ギンコ・ビローバ】樋口円香/囀.csv,76,2021005010310,円香,いってきます,樋口円香,【ギンコ・ビローバ】樋口円香,囀
樋口円香/【ギンコ・ビローバ】樋口円香/囀.csv,78,2021005010320,円香,…………,樋口円香,【ギンコ・ビローバ】樋口円香,囀
樋口円香/【ギンコ・ビローバ】樋口円香/囀.csv,79,2021005010330,円香,ちゃーう、ちゃうちゃう……,樋口円香,【ギンコ・ビローバ】樋口円香,囀
樋口円香/【ギンコ・ビローバ】樋口円香/囀.csv,82,2021005010340,円香,──ちゃーみんぐ、クーッキーング……,樋口円香,【ギンコ・ビローバ】樋口円香,囀
樋口円香/【ギンコ・ビローバ】樋口円香/銀.csv,2,2021005110010,円香,……,樋口円香,【ギンコ・ビローバ】樋口円香,銀
樋口円香/【ギンコ・ビローバ】樋口円香/銀.csv,3,2021005110020,円香,"真面目で誠実、少しだけユニークで、
商店街のみなさんからも大人気な好青年……",樋口円香,【ギンコ・ビローバ】樋口円香,銀
樋口円香/【ギンコ・ビローバ】樋口円香/銀.csv,4,2021005110030,円香,──笑える,樋口円香,【ギンコ・ビローバ】樋口円香,銀
樋口円香/【ギンコ・ビローバ】樋口円香/銀.csv,5,2021005110040,円香,"完璧な自己プロデュース……一流ですね
ミスター・プロデューサー",樋口円香,【ギンコ・ビローバ】樋口円香,銀
樋口円香/【ギンコ・ビローバ】樋口円香/銀.csv,7,2021005110050,円香,"柿はクリーニング店の奥さんからですよね
それだけじゃない",樋口円香,【ギンコ・ビローバ】樋口円香,銀
樋口円香/【ギンコ・ビローバ】樋口円香/銀.csv,8,2021005110060,円香,"かぼちゃは精肉店の店員さんから
ながいもは畳店の旦那さんから",樋口円香,【ギンコ・ビローバ】樋口円香,銀
樋口円香/【ギンコ・ビローバ】樋口円香/銀.csv,11,2021005110070,円香,……,樋口円香,【ギンコ・ビローバ】樋口円香,銀
樋口円香/【ギンコ・ビローバ】樋口円香/銀.csv,12,2021005110080,円香,あと数メートルで車です,樋口円香,【ギンコ・ビローバ】樋口円香,銀
樋口円香/【ギンコ・ビローバ】樋口円香/銀.csv,14,2021005110090,円香,…………,樋口円香,【ギンコ・ビローバ】樋口円香,銀
樋口円香/【ギンコ・ビローバ】樋口円香/銀.csv,17,2021005110100,円香,……袖,樋口円香,【ギンコ・ビローバ】樋口円香,銀
樋口円香/【ギンコ・ビローバ】樋口円香/銀.csv,19,2021005110110,円香,泥,樋口円香,【ギンコ・ビローバ】樋口円香,銀
樋口円香/【ギンコ・ビローバ】樋口円香/銀.csv,21,2021005110120,円香,…………,樋口円香,【ギンコ・ビローバ】樋口円香,銀
樋口円香/【ギンコ・ビローバ】樋口円香/銀.csv,22,2021005110130,円香,"あなたは欠点も愛嬌に変えて、
結果『いいひと』『すごいひと』にしか見せないですよね",樋口円香,【ギンコ・ビローバ】樋口円香,銀
樋口円香/【ギンコ・ビローバ】樋口円香/銀.csv,23,2021005110140,円香,本当に、信用ならない,樋口円香,【ギンコ・ビローバ】樋口円香,銀
樋口円香/【ギンコ・ビローバ】樋口円香/銀.csv,27,2021005110150,円香,……,樋口円香,【ギンコ・ビローバ】樋口円香,銀
樋口円香/【ギンコ・ビローバ】樋口円香/銀.csv,31,2021005110160,円香,……,樋口円香,【ギンコ・ビローバ】樋口円香,銀
樋口円香/【ギンコ・ビローバ】樋口円香/銀.csv,34,0000000000000,円香,…………,樋口円香,【ギンコ・ビローバ】樋口円香,銀
樋口円香/【ギンコ・ビローバ】樋口円香/銀.csv,35,2021005110180,円香,"つまりスーツを着ている時は、
できた人間だと自負していると",樋口円香,【ギンコ・ビローバ】樋口円香,銀
樋口円香/【ギンコ・ビローバ】樋口円香/銀.csv,37,2021005110190,円香,そういう言い方でしたよね,樋口円香,【ギンコ・ビローバ】樋口円香,銀
樋口円香/【ギンコ・ビローバ】樋口円香/銀.csv,39,2021005110200,円香,あなたは,樋口円香,【ギンコ・ビローバ】樋口円香,銀
樋口円香/【ギンコ・ビローバ】樋口円香/銀.csv,40,2021005110210,円香,愚直で,樋口円香,【ギンコ・ビローバ】樋口円香,銀
樋口円香/【ギンコ・ビローバ】樋口円香/銀.csv,41,2021005110220,円香,スーツも,樋口円香,【ギンコ・ビローバ】樋口円香,銀
樋口円香/【ギンコ・ビローバ】樋口円香/銀.csv,42,2021005110230,円香,折り目正しく,樋口円香,【ギンコ・ビローバ】樋口円香,銀
樋口円香/【ギンコ・ビローバ】樋口円香/銀.csv,43,2021005110240,円香,美しい,樋口円香,【ギンコ・ビローバ】樋口円香,銀
樋口円香/【ギンコ・ビローバ】樋口円香/銀.csv,44,2021005110250,円香,ああ,樋口円香,【ギンコ・ビローバ】樋口円香,銀
樋口円香/【ギンコ・ビローバ】樋口円香/銀.csv,45,2021005110260,円香,"ぐちゃぐちゃに
引き裂かれてしまえばいいのに",樋口円香,【ギンコ・ビローバ】樋口円香,銀
樋口円香/【ジャンク・ション】樋口円香/マンホール.csv,3,2021014010010,円香,ラテで,樋口円香,【ジャンク・ション】樋口円香,マンホール
樋口円香/【ジャンク・ション】樋口円香/マンホール.csv,7,2021014010020,円香,お好きに,樋口円香,【ジャンク・ション】樋口円香,マンホール
樋口円香/【ジャンク・ション】樋口円香/マンホール.csv,9,2021014010030,円香,"そうですね
ノクチルでの仕事を含めたら、本当にいろいろ",樋口円香,【ジャンク・ション】樋口円香,マンホール
樋口円香/【ジャンク・ション】樋口円香/マンホール.csv,14,2021014010040,円香,……,樋口円香,【ジャンク・ション】樋口円香,マンホール
樋口円香/【ジャンク・ション】樋口円香/マンホール.csv,18,2021014010050,円香,"……あなたの仕事選びには
どこか、意図があると思っていましたが",樋口円香,【ジャンク・ション】樋口円香,マンホール
樋口円香/【ジャンク・ション】樋口円香/マンホール.csv,19,2021014010060,円香,"やっぱり
そういうこと",樋口円香,【ジャンク・ション】樋口円香,マンホール
樋口円香/【ジャンク・ション】樋口円香/マンホール.csv,23,0000000000000,円香,……,樋口円香,【ジャンク・ション】樋口円香,マンホール
樋口円香/【ジャンク・ション】樋口円香/マンホール.csv,25,2021014010080,円香,"だから、私が自分の気持ちと向き合えるように
仕事を振っていたと",樋口円香,【ジャンク・ション】樋口円香,マンホール
樋口円香/【ジャンク・ション】樋口円香/マンホール.csv,26,2021014010090,円香,私情もいいところですね,樋口円香,【ジャンク・ション】樋口円香,マンホール
樋口円香/【ジャンク・ション】樋口円香/マンホール.csv,27,2021014010100,円香,"……回りくどいし
いい迷惑",樋口円香,【ジャンク・ション】樋口円香,マンホール
樋口円香/【ジャンク・ション】樋口円香/マンホール.csv,29,2021014010110,円香,そうですね,樋口円香,【ジャンク・ション】樋口円香,マンホール
樋口円香/【ジャンク・ション】樋口円香/マンホール.csv,33,2021014010120,円香,……私には,樋口円香,【ジャンク・ション】樋口円香,マンホール
樋口円香/【ジャンク・ション】樋口円香/マンホール.csv,34,2021014010130,円香,"……もう
アイドルを続ける理由が……",樋口円香,【ジャンク・ション】樋口円香,マンホール
樋口円香/【ジャンク・ション】樋口円香/マンホール.csv,36,2021014010140,円香,"私は……
あなたの言葉で言うなら",樋口円香,【ジャンク・ション】樋口円香,マンホール
樋口円香/【ジャンク・ション】樋口円香/マンホール.csv,37,2021014010150,円香,望む空では飛べない,樋口円香,【ジャンク・ション】樋口円香,マンホール
樋口円香/【ジャンク・ション】樋口円香/マンホール.csv,38,2021014010160,円香,"そう
思い出したから",樋口円香,【ジャンク・ション】樋口円香,マンホール
樋口円香/【ジャンク・ション】樋口円香/マンホール.csv,45,2021014010170,円香,だったら,樋口円香,【ジャンク・ション】樋口円香,マンホール
樋口円香/【ジャンク・ション】樋口円香/マンホール.csv,46,2021014010180,円香,引き留めてくれるんですか？,樋口円香,【ジャンク・ション】樋口円香,マンホール
樋口円香/【ジャンク・ション】樋口円香/マンホール.csv,49,2021014010190,円香,……,樋口円香,【ジャンク・ション】樋口円香,マンホール
樋口円香/【ジャンク・ション】樋口円香/マンホール.csv,52,2021014010200,円香,私は────……,樋口円香,【ジャンク・ション】樋口円香,マンホール
樋口円香/【ジャンク・ション】樋口円香/マンホール.csv,56,2021014010210,円香,"ミスター・プラス思考
あなたはそうかもしれませんが",樋口円香,【ジャンク・ション】樋口円香,マンホール
樋口円香/【ジャンク・ション】樋口円香/マンホール.csv,57,2021014010220,円香,"飛ぶということは
落ちるかもしれないということ",樋口円香,【ジャンク・ション】樋口円香,マンホール
樋口円香/【ジャンク・ション】樋口円香/マンホール.csv,58,2021014010230,円香,飛んでみたら、なんて……,樋口円香,【ジャンク・ション】樋口円香,マンホール
樋口円香/【ジャンク・ション】樋口円香/マンホール.csv,59,2021014010240,円香,…………,樋口円香,【ジャンク・ション】樋口円香,マンホール
樋口円香/【ジャンク・ション】樋口円香/マンホール.csv,63,2021014010250,円香,ええ……,樋口円香,【ジャンク・ション】樋口円香,マンホール
樋口円香/【ジャンク・ション】樋口円香/マンホール.csv,69,2021014010260,円香,……わかりました,樋口円香,【ジャンク・ション】樋口円香,マンホール
樋口円香/【ジャンク・ション】樋口円香/マンホール.csv,70,0000000000000,円香,……────────,樋口円香,【ジャンク・ション】樋口円香,マンホール
樋口円香/【ジャンク・ション】樋口円香/忘れ物.csv,15,2021014110010,円香,『お久しぶりです』,樋口円香,【ジャンク・ション】樋口円香,忘れ物
樋口円香/【ジャンク・ション】樋口円香/忘れ物.csv,16,2021014110020,円香,"『ライブのお知らせ、いつもわざわざ
ありがとうございます』",樋口円香,【ジャンク・ション】樋口円香,忘れ物
樋口円香/【ジャンク・ション】樋口円香/忘れ物.csv,17,2021014110030,円香,『今後は不要です』,樋口円香,【ジャンク・ション】樋口円香,忘れ物
樋口円香/【ジャンク・ション】樋口円香/忘れ物.csv,21,2021014110040,円香,……ミスター・プラス思考,樋口円香,【ジャンク・ション】樋口円香,忘れ物
樋口円香/【ジャンク・ション】樋口円香/忘れ物.csv,23,2021014110050,円香,『無理』,樋口円香,【ジャンク・ション】樋口円香,忘れ物
樋口円香/【ジャンク・ション】樋口円香/忘れ物.csv,24,2021014110060,円香,『いまさら』,樋口円香,【ジャンク・ション】樋口円香,忘れ物
樋口円香/【ジャンク・ション】樋口円香/忘れ物.csv,25,2021014110070,円香,"『あなたも暇ではないと思いますが
毎回律儀に送られてくるので』",樋口円香,【ジャンク・ション】樋口円香,忘れ物
樋口円香/【ジャンク・ション】樋口円香/忘れ物.csv,26,2021014110080,円香,"『いい加減
はっきり伝えておくべきかと』",樋口円香,【ジャンク・ション】樋口円香,忘れ物
樋口円香/【ジャンク・ション】樋口円香/忘れ物.csv,27,2021014110090,円香,"『返信したのは
それだけのためです』",樋口円香,【ジャンク・ション】樋口円香,忘れ物
樋口円香/【ジャンク・ション】樋口円香/忘れ物.csv,37,2021014110100,円香,……,樋口円香,【ジャンク・ション】樋口円香,忘れ物
樋口円香/【ジャンク・ション】樋口円香/忘れ物.csv,38,2021014110110,円香,…………,樋口円香,【ジャンク・ション】樋口円香,忘れ物
樋口円香/【ジャンク・ション】樋口円香/忘れ物.csv,39,2021014110120,円香,……,樋口円香,【ジャンク・ション】樋口円香,忘れ物
樋口円香/【ジャンク・ション】樋口円香/高架下.csv,2,2021014020010,円香,……,樋口円香,【ジャンク・ション】樋口円香,高架下
樋口円香/【ジャンク・ション】樋口円香/高架下.csv,3,2021014020020,円香,……はい,樋口円香,【ジャンク・ション】樋口円香,高架下
樋口円香/【ジャンク・ション】樋口円香/高架下.csv,5,2021014020030,円香,ん,樋口円香,【ジャンク・ション】樋口円香,高架下
樋口円香/【ジャンク・ション】樋口円香/高架下.csv,7,2021014020040,円香,どんまい,樋口円香,【ジャンク・ション】樋口円香,高架下
樋口円香/【ジャンク・ション】樋口円香/高架下.csv,11,2021014020050,円香,ん,樋口円香,【ジャンク・ション】樋口円香,高架下
樋口円香/【ジャンク・ション】樋口円香/高架下.csv,13,2021014020060,円香,"今見てる
同じの",樋口円香,【ジャンク・ション】樋口円香,高架下
樋口円香/【ジャンク・ション】樋口円香/高架下.csv,15,2021014020070,円香,……,樋口円香,【ジャンク・ション】樋口円香,高架下
樋口円香/【ジャンク・ション】樋口円香/高架下.csv,16,2021014020080,円香,"支度するから
切るよ",樋口円香,【ジャンク・ション】樋口円香,高架下
樋口円香/【ジャンク・ション】樋口円香/高架下.csv,18,2021014020090,円香,"徹夜明けのテンションお断り
じゃあね、寝ても起こさないから",樋口円香,【ジャンク・ション】樋口円香,高架下
樋口円香/【ジャンク・ション】樋口円香/高架下.csv,19,2021014020100,円香,遅れず来なね,樋口円香,【ジャンク・ション】樋口円香,高架下
樋口円香/【ジャンク・ション】樋口円香/高架下.csv,20,2021014020110,円香,……,樋口円香,【ジャンク・ション】樋口円香,高架下
樋口円香/【ジャンク・ション】樋口円香/高架下.csv,32,2021014020120,円香,……,樋口円香,【ジャンク・ション】樋口円香,高架下
樋口円香/【ジャンク・ション】樋口円香/高架下.csv,33,2021014020130,円香,……,樋口円香,【ジャンク・ション】樋口円香,高架下
樋口円香/【ジャンク・ション】樋口円香/高架下.csv,34,2021014020140,円香,……,樋口円香,【ジャンク・ション】樋口円香,高架下
樋口円香/【ジャンク・ション】樋口円香/高架下.csv,36,2021014020150,円香,……,樋口円香,【ジャンク・ション】樋口円香,高架下
樋口円香/【ジャンク・ション】樋口円香/高架下.csv,37,2021014020160,円香,"……？
まだ何か……",樋口円香,【ジャンク・ション】樋口円香,高架下
樋口円香/【ジャンク・ション】樋口円香/高架下.csv,39,2021014020170,円香,……────,樋口円香,【ジャンク・ション】樋口円香,高架下
樋口円香/【ダウト】樋口円香/90%.csv,5,2021006010010,円香,……お疲れ様です,樋口円香,【ダウト】樋口円香,90%
樋口円香/【ダウト】樋口円香/90%.csv,7,2021006010020,円香,"歌のコントロールについてご指導いただきました
初めての気付きが多かったです",樋口円香,【ダウト】樋口円香,90%
樋口円香/【ダウト】樋口円香/90%.csv,9,2021006010030,円香,"はい
お願いします",樋口円香,【ダウト】樋口円香,90%
樋口円香/【ダウト】樋口円香/90%.csv,11,2021006010040,円香,ひとりで帰れますが,樋口円香,【ダウト】樋口円香,90%
樋口円香/【ダウト】樋口円香/90%.csv,14,2021006010050,円香,"強引ですね
私の都合も確認せず",樋口円香,【ダウト】樋口円香,90%
樋口円香/【ダウト】樋口円香/90%.csv,16,2021006010060,円香,……別に,樋口円香,【ダウト】樋口円香,90%
樋口円香/【ダウト】樋口円香/90%.csv,18,2021006010070,円香,……え,樋口円香,【ダウト】樋口円香,90%
樋口円香/【ダウト】樋口円香/90%.csv,20,2021006010080,円香,あなたと？,樋口円香,【ダウト】樋口円香,90%
樋口円香/【ダウト】樋口円香/90%.csv,22,2021006010090,円香,"買い物が終わるまで
待っていたりはしませんよね",樋口円香,【ダウト】樋口円香,90%
樋口円香/【ダウト】樋口円香/90%.csv,23,2021006010100,円香,"日が高くなったとはいえ、
到着する頃には暗くなると思いますが",樋口円香,【ダウト】樋口円香,90%
樋口円香/【ダウト】樋口円香/90%.csv,26,2021006010110,円香,そうですか,樋口円香,【ダウト】樋口円香,90%
樋口円香/【ダウト】樋口円香/90%.csv,29,2021006010120,円香,寄りません,樋口円香,【ダウト】樋口円香,90%
樋口円香/【ダウト】樋口円香/90%.csv,32,2021006010130,円香,いえ、オファーがあるなら,樋口円香,【ダウト】樋口円香,90%
樋口円香/【ダウト】樋口円香/90%.csv,35,2021006010140,円香,────は？,樋口円香,【ダウト】樋口円香,90%
樋口円香/【ダウト】樋口円香/90%.csv,37,2021006010150,円香,………………,樋口円香,【ダウト】樋口円香,90%
樋口円香/【ダウト】樋口円香/90%.csv,38,2021006010160,円香,"そうですか
結局、そういうこと",樋口円香,【ダウト】樋口円香,90%
樋口円香/【ダウト】樋口円香/90%.csv,40,2021006010170,円香,"やらせたいのですよね
あなたが私にそういう仕事を",樋口円香,【ダウト】樋口円香,90%
樋口円香/【ダウト】樋口円香/90%.csv,43,2021006010180,円香,"ありがとうございます
私の気持ちに優しく寄り添ってくださって",樋口円香,【ダウト】樋口円香,90%
樋口円香/【ダウト】樋口円香/90%.csv,44,2021006010190,円香,下心は隠せていませんが,樋口円香,【ダウト】樋口円香,90%
樋口円香/【ダウト】樋口円香/90%.csv,46,2021006010200,円香,近寄らないで,樋口円香,【ダウト】樋口円香,90%
樋口円香/【ダウト】樋口円香/90%.csv,49,2021006010210,円香,"……？
ちょっと……",樋口円香,【ダウト】樋口円香,90%
樋口円香/【ダウト】樋口円香/90%.csv,50,2021006010220,円香,横断歩道、赤,樋口円香,【ダウト】樋口円香,90%
樋口円香/【ダウト】樋口円香/90%.csv,52,2021006010230,円香,……？,樋口円香,【ダウト】樋口円香,90%
樋口円香/【ダウト】樋口円香/90%.csv,57,2021006010240,円香,いえ、オファーがあるなら,樋口円香,【ダウト】樋口円香,90%
樋口円香/【ダウト】樋口円香/90%.csv,63,2021006010250,円香,問題ありません,樋口円香,【ダウト】樋口円香,90%
樋口円香/【ダウト】樋口円香/90%.csv,65,2021006010260,円香,は？,樋口円香,【ダウト】樋口円香,90%
樋口円香/【ダウト】樋口円香/90%.csv,67,2021006010261,円香,…………,樋口円香,【ダウト】樋口円香,90%
樋口円香/【ダウト】樋口円香/90%.csv,70,2021006010270,円香,問題ありません,樋口円香,【ダウト】樋口円香,90%
樋口円香/【ダウト】樋口円香/90%.csv,73,2021006010280,円香,"お気遣いありがとうございます
……でも",樋口円香,【ダウト】樋口円香,90%
樋口円香/【ダウト】樋口円香/90%.csv,74,2021006010290,円香,その聞き方も失礼では,樋口円香,【ダウト】樋口円香,90%
樋口円香/【ダウト】樋口円香/90%.csv,75,2021006010300,円香,"……
いつにも増して挙動不審ですね",樋口円香,【ダウト】樋口円香,90%
樋口円香/【ダウト】樋口円香/90%.csv,80,2021006010310,円香,"わかりました
問題ありません",樋口円香,【ダウト】樋口円香,90%
樋口円香/【ダウト】樋口円香/90%.csv,82,2021006010320,円香,まあ、あえて言うなら,樋口円香,【ダウト】樋口円香,90%
樋口円香/【ダウト】樋口円香/90%.csv,83,2021006010330,円香,私の意思を問われる方が困りますね,樋口円香,【ダウト】樋口円香,90%
樋口円香/【ダウト】樋口円香/シャワー.csv,3,2021006020010,円香,はい,樋口円香,【ダウト】樋口円香,シャワー
樋口円香/【ダウト】樋口円香/シャワー.csv,5,2021006020020,円香,すみません、今はちょっと,樋口円香,【ダウト】樋口円香,シャワー
樋口円香/【ダウト】樋口円香/シャワー.csv,6,2021006020030,円香,近くに置いておいてください,樋口円香,【ダウト】樋口円香,シャワー
樋口円香/【ダウト】樋口円香/シャワー.csv,9,2021006020040,円香,どうでしたか,樋口円香,【ダウト】樋口円香,シャワー
樋口円香/【ダウト】樋口円香/シャワー.csv,11,2021006020050,円香,今日の撮影,樋口円香,【ダウト】樋口円香,シャワー
樋口円香/【ダウト】樋口円香/シャワー.csv,16,2021006020060,円香,"そうですか
カメラマンさんが",樋口円香,【ダウト】樋口円香,シャワー
樋口円香/【ダウト】樋口円香/シャワー.csv,17,2021006020070,円香,で、あなたの評価は？,樋口円香,【ダウト】樋口円香,シャワー
樋口円香/【ダウト】樋口円香/シャワー.csv,20,2021006020080,円香,"そうですよね
どこにもいなかった",樋口円香,【ダウト】樋口円香,シャワー
樋口円香/【ダウト】樋口円香/シャワー.csv,24,2021006020090,円香,…………あえて,樋口円香,【ダウト】樋口円香,シャワー
樋口円香/【ダウト】樋口円香/シャワー.csv,25,2021006020100,円香,見ないようにしたわけではない、ってことですね,樋口円香,【ダウト】樋口円香,シャワー
樋口円香/【ダウト】樋口円香/シャワー.csv,27,2021006020110,円香,ふうん,樋口円香,【ダウト】樋口円香,シャワー
樋口円香/【ダウト】樋口円香/シャワー.csv,28,2021006020120,円香,じゃ、目を閉じている理由は？,樋口円香,【ダウト】樋口円香,シャワー
樋口円香/【ダウト】樋口円香/シャワー.csv,30,2021006020130,円香,さっきからずっと目を閉じてるでしょ,樋口円香,【ダウト】樋口円香,シャワー
樋口円香/【ダウト】樋口円香/シャワー.csv,32,2021006020140,円香,衝立の隙間から,樋口円香,【ダウト】樋口円香,シャワー
樋口円香/【ダウト】樋口円香/シャワー.csv,35,2021006020150,円香,相変わらず紳士的なことで,樋口円香,【ダウト】樋口円香,シャワー
樋口円香/【ダウト】樋口円香/シャワー.csv,38,2021006020160,円香,なぜですか,樋口円香,【ダウト】樋口円香,シャワー
樋口円香/【ダウト】樋口円香/シャワー.csv,41,2021006020170,円香,"……珍しい
あなたが叱るなんて",樋口円香,【ダウト】樋口円香,シャワー
樋口円香/【ダウト】樋口円香/シャワー.csv,42,2021006020180,円香,でも────,樋口円香,【ダウト】樋口円香,シャワー
樋口円香/【ダウト】樋口円香/シャワー.csv,43,2021006020190,円香,────────……！！,樋口円香,【ダウト】樋口円香,シャワー
樋口円香/【ダウト】樋口円香/シャワー.csv,44,2021006020200,円香,きゃ…………！,樋口円香,【ダウト】樋口円香,シャワー
樋口円香/【ダウト】樋口円香/シャワー.csv,46,2021006020210,円香,…………,樋口円香,【ダウト】樋口円香,シャワー
樋口円香/【ダウト】樋口円香/シャワー.csv,48,2021006020220,円香,…………………………,樋口円香,【ダウト】樋口円香,シャワー
樋口円香/【ダウト】樋口円香/シャワー.csv,49,2021006020230,円香,……なんでもありません,樋口円香,【ダウト】樋口円香,シャワー
樋口円香/【ダウト】樋口円香/シャワー.csv,51,2021006020240,円香,それより…………,樋口円香,【ダウト】樋口円香,シャワー
樋口円香/【ダウト】樋口円香/シャワー.csv,52,2021006020250,円香,"トラブルがあっても目を閉じ続けているなんて、
さすが、紳士の鏡ですね",樋口円香,【ダウト】樋口円香,シャワー
樋口円香/【ダウト】樋口円香/シャワー.csv,53,2021006020260,円香,もっとも──,樋口円香,【ダウト】樋口円香,シャワー
樋口円香/【ダウト】樋口円香/シャワー.csv,54,2021006020270,円香,私はずっと水着を着ていましたが,樋口円香,【ダウト】樋口円香,シャワー
樋口円香/【ダウト】樋口円香/横顔.csv,2,2021006110010,円香,つまり、恥ずかしかったんですよね,樋口円香,【ダウト】樋口円香,横顔
樋口円香/【ダウト】樋口円香/横顔.csv,4,2021006110020,円香,"むきになるということは、
事実だと証明しているようなもの",樋口円香,【ダウト】樋口円香,横顔
樋口円香/【ダウト】樋口円香/横顔.csv,6,2021006110030,円香,耳まで真っ赤でしたが,樋口円香,【ダウト】樋口円香,横顔
樋口円香/【ダウト】樋口円香/横顔.csv,8,2021006110040,円香,"こっちは水着を着ていたのに、
ひとりで意識していたとか",樋口円香,【ダウト】樋口円香,横顔
樋口円香/【ダウト】樋口円香/横顔.csv,9,2021006110050,円香,中学生レベル,樋口円香,【ダウト】樋口円香,横顔
樋口円香/【ダウト】樋口円香/横顔.csv,11,2021006110060,円香,その上、説教まで,樋口円香,【ダウト】樋口円香,横顔
樋口円香/【ダウト】樋口円香/横顔.csv,14,2021006110070,円香,…………,樋口円香,【ダウト】樋口円香,横顔
樋口円香/【ダウト】樋口円香/横顔.csv,15,2021006110080,円香,隙を見せるからです,樋口円香,【ダウト】樋口円香,横顔
樋口円香/【ダウト】樋口円香/横顔.csv,16,2021006110090,円香,……一瞬の隙を見せるから,樋口円香,【ダウト】樋口円香,横顔
樋口円香/【ダウト】樋口円香/横顔.csv,18,2021006110100,円香,恥ずかしく思っているのだと知られたら終わり,樋口円香,【ダウト】樋口円香,横顔
樋口円香/【ダウト】樋口円香/横顔.csv,19,2021006110110,円香,その後、取り繕っても無駄,樋口円香,【ダウト】樋口円香,横顔
樋口円香/【ダウト】樋口円香/横顔.csv,21,2021006110120,円香,"事も無げにしていたら、
良かったんじゃないですか？",樋口円香,【ダウト】樋口円香,横顔
樋口円香/【ダウト】樋口円香/横顔.csv,22,2021006110130,円香,何事も、撥ねつけるくらいなら受け入れる方が楽,樋口円香,【ダウト】樋口円香,横顔
樋口円香/【ダウト】樋口円香/横顔.csv,23,2021006110140,円香,"何も問題ないと、
すました顔をしていれば",樋口円香,【ダウト】樋口円香,横顔
樋口円香/【ダウト】樋口円香/横顔.csv,25,2021006110150,円香,まあ、それでも耳は赤いままですが,樋口円香,【ダウト】樋口円香,横顔
樋口円香/【ダウト】樋口円香/横顔.csv,27,2021006110160,円香,さあ？　どうでしょうね,樋口円香,【ダウト】樋口円香,横顔
樋口円香/【ダウト】樋口円香/横顔.csv,31,2021006110170,円香,そうでしたか,樋口円香,【ダウト】樋口円香,横顔
樋口円香/【ダウト】樋口円香/横顔.csv,34,2021006110180,円香,"私からは聞きませんので、
どうぞご自由にお話ください",樋口円香,【ダウト】樋口円香,横顔
樋口円香/【ダウト】樋口円香/横顔.csv,37,2021006110190,円香,"そうですね
虫は苦手なもので",樋口円香,【ダウト】樋口円香,横顔
樋口円香/【ダウト】樋口円香/横顔.csv,39,2021006110200,円香,"でも、隙を見せても、
あなたは何もしないでしょ？",樋口円香,【ダウト】樋口円香,横顔
樋口円香/【ダウト】樋口円香/横顔.csv,40,2021006110210,円香,ねえ,樋口円香,【ダウト】樋口円香,横顔
樋口円香/【ダウト】樋口円香/横顔.csv,41,2021006110220,円香,ミスター・ジェントルマン,樋口円香,【ダウト】樋口円香,横顔
樋口円香/【ダ・カラ】樋口圆香/み.csv,2,3021011010010,円香,おはようございます,樋口円香,【ダ・カラ】樋口圆香,み
樋口円香/【ダ・カラ】樋口圆香/み.csv,8,3021011010020,円香,あの日,樋口円香,【ダ・カラ】樋口圆香,み
樋口円香/【ダ・カラ】樋口圆香/み.csv,9,3021011010030,円香,なぜ、私は開けてしまったのか,樋口円香,【ダ・カラ】樋口圆香,み
樋口円香/【ダ・カラ】樋口圆香/み.csv,10,3021011010040,円香,────………………,樋口円香,【ダ・カラ】樋口圆香,み
樋口円香/【ダ・カラ】樋口圆香/み.csv,11,3021011010050,円香,…………あーーーーー…………,樋口円香,【ダ・カラ】樋口圆香,み
樋口円香/【ダ・カラ】樋口圆香/み.csv,16,3021011010060,円香,…………,樋口円香,【ダ・カラ】樋口圆香,み
樋口円香/【ダ・カラ】樋口圆香/み.csv,17,3021011010070,円香,ありがとうございます,樋口円香,【ダ・カラ】樋口圆香,み
樋口円香/【ダ・カラ】樋口圆香/み.csv,18,3021011010080,円香,"見える世界に
美しいものはなかった",樋口円香,【ダ・カラ】樋口圆香,み
樋口円香/【ダ・カラ】樋口圆香/み.csv,19,3021011010090,円香,"みんながきれいだという、
花も、星も、虹も",樋口円香,【ダ・カラ】樋口圆香,み
樋口円香/【ダ・カラ】樋口圆香/み.csv,20,3021011010100,円香,大したものとは思えなかった,樋口円香,【ダ・カラ】樋口圆香,み
樋口円香/【ダ・カラ】樋口圆香/み.csv,21,3021011010110,円香,物心ついた時から、そう思っていた,樋口円香,【ダ・カラ】樋口圆香,み
樋口円香/【ダ・カラ】樋口圆香/み.csv,23,3021011010120,円香,そう……だったでしょうか,樋口円香,【ダ・カラ】樋口圆香,み
樋口円香/【ダ・カラ】樋口圆香/み.csv,26,3021011010130,円香,……………………,樋口円香,【ダ・カラ】樋口圆香,み
樋口円香/【ダ・カラ】樋口圆香/み.csv,27,3021011010140,円香,そうですね……,樋口円香,【ダ・カラ】樋口圆香,み
樋口円香/【ダ・カラ】樋口圆香/み.csv,28,3021011010150,円香,"すみません、先生に教えてもらっていたのに、
なかなか……正しい歌い方ができなくて……",樋口円香,【ダ・カラ】樋口圆香,み
樋口円香/【ダ・カラ】樋口圆香/み.csv,29,3021011010160,円香,"何か、もっと……
正しい音があるように思っていて……",樋口円香,【ダ・カラ】樋口圆香,み
樋口円香/【ダ・カラ】樋口圆香/み.csv,30,3021011010170,円香,歌が持っているあるべきかたちというか……,樋口円香,【ダ・カラ】樋口圆香,み
樋口円香/【ダ・カラ】樋口圆香/み.csv,31,3021011010180,円香,"いや、なんだろ……
すみません、よくわからないことを言いました",樋口円香,【ダ・カラ】樋口圆香,み
樋口円香/【ダ・カラ】樋口圆香/み.csv,35,3021011010190,円香,ここ……,樋口円香,【ダ・カラ】樋口圆香,み
樋口円香/【ダ・カラ】樋口圆香/み.csv,41,3021011010200,円香,………………,樋口円香,【ダ・カラ】樋口圆香,み
樋口円香/【ダ・カラ】樋口圆香/み.csv,42,3021011010210,円香,はい,樋口円香,【ダ・カラ】樋口圆香,み
樋口円香/【ダ・カラ】樋口圆香/み.csv,47,3021011010250,円香,………………,樋口円香,【ダ・カラ】樋口圆香,み
樋口円香/【ダ・カラ】樋口圆香/み.csv,48,3021011010260,円香,浅倉,樋口円香,【ダ・カラ】樋口圆香,み
樋口円香/【ダ・カラ】樋口圆香/み.csv,54,3021011010310,円香,……もう出発するって,樋口円香,【ダ・カラ】樋口圆香,み
樋口円香/【ダ・カラ】樋口圆香/み.csv,56,3021011010330,円香,"……車、来た
行こう",樋口円香,【ダ・カラ】樋口圆香,み
樋口円香/【ダ・カラ】樋口圆香/み.csv,58,3021011010350,円香,"……探してた、みんな
浅倉……どこに行ったのかって",樋口円香,【ダ・カラ】樋口圆香,み
樋口円香/【ダ・カラ】樋口圆香/み.csv,60,3021011010370,円香,勝手にどこか行かないで,樋口円香,【ダ・カラ】樋口圆香,み
樋口円香/【ダ・カラ】樋口圆香/み.csv,64,3021011010410,円香,………………,樋口円香,【ダ・カラ】樋口圆香,み
樋口円香/【ダ・カラ】樋口圆香/る.csv,2,3021011020010,円香,………………,樋口円香,【ダ・カラ】樋口圆香,る
樋口円香/【ダ・カラ】樋口圆香/る.csv,3,3021011020020,円香,"見える世界は
退屈だった",樋口円香,【ダ・カラ】樋口圆香,る
樋口円香/【ダ・カラ】樋口圆香/る.csv,4,3021011020030,円香,"だいたいなんでもできたし
だいたい褒められたし",樋口円香,【ダ・カラ】樋口圆香,る
樋口円香/【ダ・カラ】樋口圆香/る.csv,5,3021011020040,円香,生きていくには充分だった,樋口円香,【ダ・カラ】樋口圆香,る
樋口円香/【ダ・カラ】樋口圆香/る.csv,6,3021011020050,円香,人生ってこんなものか,樋口円香,【ダ・カラ】樋口圆香,る
樋口円香/【ダ・カラ】樋口圆香/る.csv,7,3021011020060,円香,物心ついた時から、そう思っていた,樋口円香,【ダ・カラ】樋口圆香,る
樋口円香/【ダ・カラ】樋口圆香/る.csv,10,3021011020070,円香,欲しいものも、なりたいものも、特になかった,樋口円香,【ダ・カラ】樋口圆香,る
樋口円香/【ダ・カラ】樋口圆香/る.csv,12,3021011020080,円香,"こんにちは
とおる、いる？",樋口円香,【ダ・カラ】樋口圆香,る
樋口円香/【ダ・カラ】樋口圆香/る.csv,15,3021011020090,円香,おじゃまします,樋口円香,【ダ・カラ】樋口圆香,る
樋口円香/【ダ・カラ】樋口圆香/る.csv,16,3021011020100,円香,…………,樋口円香,【ダ・カラ】樋口圆香,る
樋口円香/【ダ・カラ】樋口圆香/る.csv,19,3021011020110,円香,"……まだ……
急ぐ時間じゃない、けど",樋口円香,【ダ・カラ】樋口圆香,る
樋口円香/【ダ・カラ】樋口圆香/る.csv,21,3021011020120,円香,………………,樋口円香,【ダ・カラ】樋口圆香,る
樋口円香/【ダ・カラ】樋口圆香/る.csv,22,3021011020130,円香,今日は、決して特別な日ではなかった,樋口円香,【ダ・カラ】樋口圆香,る
樋口円香/【ダ・カラ】樋口圆香/る.csv,25,3021011020140,円香,……………………,樋口円香,【ダ・カラ】樋口圆香,る
樋口円香/【ダ・カラ】樋口圆香/る.csv,26,3021011020150,円香,タクシーでも拾うか……,樋口円香,【ダ・カラ】樋口圆香,る
樋口円香/【ダ・カラ】樋口圆香/る.csv,27,3021011020160,円香,スタジオの住所……,樋口円香,【ダ・カラ】樋口圆香,る
樋口円香/【ダ・カラ】樋口圆香/る.csv,28,3021011020170,円香,おそらく、あの日もそうだった,樋口円香,【ダ・カラ】樋口圆香,る
樋口円香/【ダ・カラ】樋口圆香/る.csv,30,3021011020180,円香,意外と近い……,樋口円香,【ダ・カラ】樋口圆香,る
樋口円香/【ダ・カラ】樋口圆香/る.csv,31,3021011020190,円香,………………,樋口円香,【ダ・カラ】樋口圆香,る
樋口円香/【ダ・カラ】樋口圆香/る.csv,32,3021011020200,円香,走るか,樋口円香,【ダ・カラ】樋口圆香,る
樋口円香/【ダ・カラ】樋口圆香/る.csv,34,3021011020210,円香,うん,樋口円香,【ダ・カラ】樋口圆香,る
樋口円香/【ダ・カラ】樋口圆香/る.csv,37,3021011020220,円香,おはようございます,樋口円香,【ダ・カラ】樋口圆香,る
樋口円香/【ダ・カラ】樋口圆香/る.csv,39,3021011020230,円香,すみません、遅くなって……,樋口円香,【ダ・カラ】樋口圆香,る
樋口円香/【ダ・カラ】樋口圆香/る.csv,41,3021011020240,円香,とおる,樋口円香,【ダ・カラ】樋口圆香,る
樋口円香/【ダ・カラ】樋口圆香/る.csv,42,3021011020250,円香,……あけるよ,樋口円香,【ダ・カラ】樋口圆香,る
樋口円香/【ダ・カラ】樋口圆香/る.csv,46,3021011020260,円香,そこには透がいた,樋口円香,【ダ・カラ】樋口圆香,る
樋口円香/【ダ・カラ】樋口圆香/る.csv,47,3021011020270,円香,そこで、はじめて、私は見た,樋口円香,【ダ・カラ】樋口圆香,る
樋口円香/【ダ・カラ】樋口圆香/る.csv,48,3021011020280,円香,何を、と問われると難しい,樋口円香,【ダ・カラ】樋口圆香,る
樋口円香/【ダ・カラ】樋口圆香/る.csv,49,3021011020290,円香,"顔ではない、姿でもない
────目に見える何かではない何かを見た",樋口円香,【ダ・カラ】樋口圆香,る
樋口円香/【ダ・カラ】樋口圆香/る.csv,50,3021011020300,円香,わかった,樋口円香,【ダ・カラ】樋口圆香,る
樋口円香/【ダ・カラ】樋口圆香/る.csv,51,3021011020310,円香,あれが,樋口円香,【ダ・カラ】樋口圆香,る
樋口円香/【ダ・カラ】樋口圆香/る.csv,52,3021011020320,円香,美しいものだ,樋口円香,【ダ・カラ】樋口圆香,る
樋口円香/【ダ・カラ】樋口圆香/る.csv,53,3021011020330,円香,わかってしまった,樋口円香,【ダ・カラ】樋口圆香,る
樋口円香/【ダ・カラ】樋口圆香/る.csv,54,3021011020340,円香,私が欲しかったのは、あれだ,樋口円香,【ダ・カラ】樋口圆香,る
樋口円香/【ダ・カラ】樋口圆香/る.csv,55,3021011020350,円香,私は,樋口円香,【ダ・カラ】樋口圆香,る
樋口円香/【ダ・カラ】樋口圆香/る.csv,56,3021011020360,円香,ああ,樋口円香,【ダ・カラ】樋口圆香,る
樋口円香/【ダ・カラ】樋口圆香/る.csv,57,3021011020370,円香,在りたい,樋口円香,【ダ・カラ】樋口圆香,る
樋口円香/【ダ・カラ】樋口圆香/る.csv,60,3021011020400,円香,──────駄目だ,樋口円香,【ダ・カラ】樋口圆香,る
樋口円香/【ダ・カラ】樋口圆香/る.csv,62,3021011020410,円香,"駄目だ、この願いは叶わない
努力でどうにかなるものじゃない",樋口円香,【ダ・カラ】樋口圆香,る
樋口円香/【ダ・カラ】樋口圆香/る.csv,63,3021011020420,円香,私は、絶対に、ああ、は、なれない,樋口円香,【ダ・カラ】樋口圆香,る
樋口円香/【ダ・カラ】樋口圆香/る.csv,64,3021011020430,円香,願うな,樋口円香,【ダ・カラ】樋口圆香,る
樋口円香/【ダ・カラ】樋口圆香/る.csv,65,3021011020440,円香,願ったところで、いつか、必ず,樋口円香,【ダ・カラ】樋口圆香,る
樋口円香/【ダ・カラ】樋口圆香/る.csv,66,3021011020450,円香,身の程を知る,樋口円香,【ダ・カラ】樋口圆香,る
樋口円香/【ダ・カラ】樋口圆香/る.csv,69,3021011020460,円香,そうだ,樋口円香,【ダ・カラ】樋口圆香,る
樋口円香/【ダ・カラ】樋口圆香/る.csv,70,3021011020470,円香,わかった,樋口円香,【ダ・カラ】樋口圆香,る
樋口円香/【ダ・カラ】樋口圆香/る.csv,71,3021011020480,円香,私は浅倉透が,樋口円香,【ダ・カラ】樋口圆香,る
樋口円香/【ダ・カラ】樋口圆香/る.csv,72,3021011020490,円香,好き,樋口円香,【ダ・カラ】樋口圆香,る
樋口円香/【ダ・カラ】樋口圆香/る.csv,73,3021011020500,円香,じゃない,樋口円香,【ダ・カラ】樋口圆香,る
樋口円香/【ダ・カラ】樋口圆香/る.csv,74,3021011020510,円香,嫌い,樋口円香,【ダ・カラ】樋口圆香,る
樋口円香/【ダ・カラ】樋口圆香/る.csv,75,3021011020520,円香,ああ、大嫌い,樋口円香,【ダ・カラ】樋口圆香,る
樋口円香/【ダ・カラ】樋口圆香/る.csv,76,3021011020530,円香,浅倉透は美しい,樋口円香,【ダ・カラ】樋口圆香,る
樋口円香/【ダ・カラ】樋口圆香/る.csv,77,3021011020540,円香,精巧で、複雑で、繊細で,樋口円香,【ダ・カラ】樋口圆香,る
樋口円香/【ダ・カラ】樋口圆香/る.csv,78,3021011020550,円香,透明な音のようだ,樋口円香,【ダ・カラ】樋口圆香,る
樋口円香/【ダ・カラ】樋口圆香/る.csv,79,3021011020560,円香,私と違って,樋口円香,【ダ・カラ】樋口圆香,る
樋口円香/【ダ・カラ】樋口圆香/る.csv,80,3021011020570,円香,ああ、本当に────……………,樋口円香,【ダ・カラ】樋口圆香,る
樋口円香/【ダ・カラ】樋口圆香/る.csv,81,3021011020580,円香,………………,樋口円香,【ダ・カラ】樋口圆香,る
樋口円香/【ダ・カラ】樋口圆香/る.csv,82,3021011020590,円香,"死ぬまで
忘れたままでいたかったのに",樋口円香,【ダ・カラ】樋口圆香,る
樋口円香/【ダ・カラ】樋口圆香/る.csv,84,3021011020600,円香,──────っ,樋口円香,【ダ・カラ】樋口圆香,る
樋口円香/【ダ・カラ】樋口圆香/る.csv,85,3021011020610,円香,アイドルなんかなるんじゃなかった,樋口円香,【ダ・カラ】樋口圆香,る
樋口円香/【ナカキヨノ】樋口円香/1.とおのねふりの.csv,2,3021020010010,円香,夢,樋口円香,【ナカキヨノ】樋口円香,1.とおのねふりの
樋口円香/【ナカキヨノ】樋口円香/1.とおのねふりの.csv,3,3021020010020,円香,俯瞰しながら,樋口円香,【ナカキヨノ】樋口円香,1.とおのねふりの
樋口円香/【ナカキヨノ】樋口円香/1.とおのねふりの.csv,4,3021020010030,円香,そこにいる,樋口円香,【ナカキヨノ】樋口円香,1.とおのねふりの
樋口円香/【ナカキヨノ】樋口円香/1.とおのねふりの.csv,5,3021020010040,円香,大海原の船の上,樋口円香,【ナカキヨノ】樋口円香,1.とおのねふりの
樋口円香/【ナカキヨノ】樋口円香/1.とおのねふりの.csv,6,3021020010050,円香,…………,樋口円香,【ナカキヨノ】樋口円香,1.とおのねふりの
樋口円香/【ナカキヨノ】樋口円香/1.とおのねふりの.csv,7,3021020010060,円香,からっぽの帆船,樋口円香,【ナカキヨノ】樋口円香,1.とおのねふりの
樋口円香/【ナカキヨノ】樋口円香/1.とおのねふりの.csv,8,3021020010070,円香,と,樋口円香,【ナカキヨノ】樋口円香,1.とおのねふりの
樋口円香/【ナカキヨノ】樋口円香/1.とおのねふりの.csv,13,3021020010120,円香,…………,樋口円香,【ナカキヨノ】樋口円香,1.とおのねふりの
樋口円香/【ナカキヨノ】樋口円香/1.とおのねふりの.csv,18,3021020010170,円香,……,樋口円香,【ナカキヨノ】樋口円香,1.とおのねふりの
樋口円香/【ナカキヨノ】樋口円香/1.とおのねふりの.csv,19,3021020010180,円香,ねえ,樋口円香,【ナカキヨノ】樋口円香,1.とおのねふりの
樋口円香/【ナカキヨノ】樋口円香/1.とおのねふりの.csv,20,3021020010190,円香,"この船、海に浮かんだまま
進んでない",樋口円香,【ナカキヨノ】樋口円香,1.とおのねふりの
樋口円香/【ナカキヨノ】樋口円香/1.とおのねふりの.csv,23,3021020010220,円香,……うちらどこ向かってるんだっけ,樋口円香,【ナカキヨノ】樋口円香,1.とおのねふりの
樋口円香/【ナカキヨノ】樋口円香/1.とおのねふりの.csv,25,3021020010240,円香,は？,樋口円香,【ナカキヨノ】樋口円香,1.とおのねふりの
樋口円香/【ナカキヨノ】樋口円香/1.とおのねふりの.csv,27,3021020010260,円香,……じゃあ、質問を変えるけど,樋口円香,【ナカキヨノ】樋口円香,1.とおのねふりの
樋口円香/【ナカキヨノ】樋口円香/1.とおのねふりの.csv,28,3021020010270,円香,何してるの？,樋口円香,【ナカキヨノ】樋口円香,1.とおのねふりの
樋口円香/【ナカキヨノ】樋口円香/1.とおのねふりの.csv,31,3021020010300,円香,"船の上、何もないし
何も釣れた様子がないんだけど",樋口円香,【ナカキヨノ】樋口円香,1.とおのねふりの
樋口円香/【ナカキヨノ】樋口円香/1.とおのねふりの.csv,33,3021020010320,円香,……うちら遭難してる？,樋口円香,【ナカキヨノ】樋口円香,1.とおのねふりの
樋口円香/【ナカキヨノ】樋口円香/1.とおのねふりの.csv,34,3021020010330,円香,それで、食料調達してるの？,樋口円香,【ナカキヨノ】樋口円香,1.とおのねふりの
樋口円香/【ナカキヨノ】樋口円香/1.とおのねふりの.csv,36,3021020010350,円香,それともただ退屈なだけ？,樋口円香,【ナカキヨノ】樋口円香,1.とおのねふりの
樋口円香/【ナカキヨノ】樋口円香/1.とおのねふりの.csv,38,3021020010370,円香,……,樋口円香,【ナカキヨノ】樋口円香,1.とおのねふりの
樋口円香/【ナカキヨノ】樋口円香/1.とおのねふりの.csv,39,3021020010380,円香,わからない,樋口円香,【ナカキヨノ】樋口円香,1.とおのねふりの
樋口円香/【ナカキヨノ】樋口円香/1.とおのねふりの.csv,40,3021020010390,円香,私はなんで乗ってるの？,樋口円香,【ナカキヨノ】樋口円香,1.とおのねふりの
樋口円香/【ナカキヨノ】樋口円香/1.とおのねふりの.csv,41,3021020010400,円香,……いや,樋口円香,【ナカキヨノ】樋口円香,1.とおのねふりの
樋口円香/【ナカキヨノ】樋口円香/1.とおのねふりの.csv,42,3021020010410,円香,どうせ考えたって無駄,樋口円香,【ナカキヨノ】樋口円香,1.とおのねふりの
樋口円香/【ナカキヨノ】樋口円香/1.とおのねふりの.csv,45,3021020010440,円香,さあ,樋口円香,【ナカキヨノ】樋口円香,1.とおのねふりの
樋口円香/【ナカキヨノ】樋口円香/1.とおのねふりの.csv,46,3021020010450,円香,"そもそも
なんで乗ってるのか",樋口円香,【ナカキヨノ】樋口円香,1.とおのねふりの
樋口円香/【ナカキヨノ】樋口円香/1.とおのねふりの.csv,51,3021020010500,円香,それはきっかけでしょ,樋口円香,【ナカキヨノ】樋口円香,1.とおのねふりの
樋口円香/【ナカキヨノ】樋口円香/1.とおのねふりの.csv,52,3021020010510,円香,みんなはどうして乗り続けるの,樋口円香,【ナカキヨノ】樋口円香,1.とおのねふりの
樋口円香/【ナカキヨノ】樋口円香/1.とおのねふりの.csv,53,3021020010520,円香,この船に,樋口円香,【ナカキヨノ】樋口円香,1.とおのねふりの
樋口円香/【ナカキヨノ】樋口円香/2.みなめさめ.csv,2,3021020020010,円香,まって,樋口円香,【ナカキヨノ】樋口円香,2.みなめさめ
樋口円香/【ナカキヨノ】樋口円香/2.みなめさめ.csv,4,3021020020030,円香,"……ううん
気にしなくていい",樋口円香,【ナカキヨノ】樋口円香,2.みなめさめ
樋口円香/【ナカキヨノ】樋口円香/2.みなめさめ.csv,5,3021020020040,円香,行こ,樋口円香,【ナカキヨノ】樋口円香,2.みなめさめ
樋口円香/【ナカキヨノ】樋口円香/2.みなめさめ.csv,7,3021020020060,円香,…………,樋口円香,【ナカキヨノ】樋口円香,2.みなめさめ
樋口円香/【ナカキヨノ】樋口円香/2.みなめさめ.csv,8,3021020020070,円香,同じ場所を、同じ足取りで歩く,樋口円香,【ナカキヨノ】樋口円香,2.みなめさめ
樋口円香/【ナカキヨノ】樋口円香/2.みなめさめ.csv,9,3021020020080,円香,正しいかたちをなぞるように,樋口円香,【ナカキヨノ】樋口円香,2.みなめさめ
樋口円香/【ナカキヨノ】樋口円香/2.みなめさめ.csv,10,3021020020090,円香,無自覚に,樋口円香,【ナカキヨノ】樋口円香,2.みなめさめ
樋口円香/【ナカキヨノ】樋口円香/2.みなめさめ.csv,11,3021020020100,円香,…………,樋口円香,【ナカキヨノ】樋口円香,2.みなめさめ
樋口円香/【ナカキヨノ】樋口円香/2.みなめさめ.csv,13,3021020020120,円香,…………,樋口円香,【ナカキヨノ】樋口円香,2.みなめさめ
樋口円香/【ナカキヨノ】樋口円香/2.みなめさめ.csv,14,3021020020130,円香,……なんで、海？,樋口円香,【ナカキヨノ】樋口円香,2.みなめさめ
樋口円香/【ナカキヨノ】樋口円香/2.みなめさめ.csv,17,3021020020160,円香,…………,樋口円香,【ナカキヨノ】樋口円香,2.みなめさめ
樋口円香/【ナカキヨノ】樋口円香/2.みなめさめ.csv,18,3021020020170,円香,…………っ,樋口円香,【ナカキヨノ】樋口円香,2.みなめさめ
樋口円香/【ナカキヨノ】樋口円香/2.みなめさめ.csv,20,3021020020190,円香,まだ、ここから,樋口円香,【ナカキヨノ】樋口円香,2.みなめさめ
樋口円香/【ナカキヨノ】樋口円香/2.みなめさめ.csv,21,3021020020200,円香,横に並べる？,樋口円香,【ナカキヨノ】樋口円香,2.みなめさめ
樋口円香/【ナカキヨノ】樋口円香/2.みなめさめ.csv,22,3021020020210,円香,"いや、もうやめたほうがいい
そういうの",樋口円香,【ナカキヨノ】樋口円香,2.みなめさめ
樋口円香/【ナカキヨノ】樋口円香/2.みなめさめ.csv,23,3021020020220,円香,夢はいつか覚めるものだし,樋口円香,【ナカキヨノ】樋口円香,2.みなめさめ
樋口円香/【ナカキヨノ】樋口円香/2.みなめさめ.csv,24,3021020020230,円香,飛べばいつかは落ちる,樋口円香,【ナカキヨノ】樋口円香,2.みなめさめ
樋口円香/【ナカキヨノ】樋口円香/2.みなめさめ.csv,25,3021020020240,円香,うつくしいもの？,樋口円香,【ナカキヨノ】樋口円香,2.みなめさめ
樋口円香/【ナカキヨノ】樋口円香/2.みなめさめ.csv,26,3021020020250,円香,なんだっていい,樋口円香,【ナカキヨノ】樋口円香,2.みなめさめ
樋口円香/【ナカキヨノ】樋口円香/2.みなめさめ.csv,29,3021020020280,円香,…………,樋口円香,【ナカキヨノ】樋口円香,2.みなめさめ
樋口円香/【ナカキヨノ】樋口円香/2.みなめさめ.csv,30,3021020020290,円香,私は,樋口円香,【ナカキヨノ】樋口円香,2.みなめさめ
樋口円香/【ナカキヨノ】樋口円香/2.みなめさめ.csv,31,3021020020300,円香,ここでいい,樋口円香,【ナカキヨノ】樋口円香,2.みなめさめ
樋口円香/【ナカキヨノ】樋口円香/2.みなめさめ.csv,32,3021020020310,円香,なんて,樋口円香,【ナカキヨノ】樋口円香,2.みなめさめ
樋口円香/【ナカキヨノ】樋口円香/2.みなめさめ.csv,33,3021020020320,円香,嘘,樋口円香,【ナカキヨノ】樋口円香,2.みなめさめ
樋口円香/【ナカキヨノ】樋口円香/2.みなめさめ.csv,34,3021020020330,円香,浅倉だけが先を行くように見えるのは,樋口円香,【ナカキヨノ】樋口円香,2.みなめさめ
樋口円香/【ナカキヨノ】樋口円香/2.みなめさめ.csv,35,3021020020350,円香,────────っ,樋口円香,【ナカキヨノ】樋口円香,2.みなめさめ
樋口円香/【ナカキヨノ】樋口円香/2.みなめさめ.csv,36,3021020020340,円香,許せない,樋口円香,【ナカキヨノ】樋口円香,2.みなめさめ
樋口円香/【ナカキヨノ】樋口円香/2.みなめさめ.csv,39,3021020020370,円香,苦しいし、みっともない,樋口円香,【ナカキヨノ】樋口円香,2.みなめさめ
樋口円香/【ナカキヨノ】樋口円香/2.みなめさめ.csv,40,3021020020380,円香,"正しいかたちを
なぞっているのに",樋口円香,【ナカキヨノ】樋口円香,2.みなめさめ
樋口円香/【ナカキヨノ】樋口円香/2.みなめさめ.csv,41,3021020020390,円香,あるべきかたちになっていく,樋口円香,【ナカキヨノ】樋口円香,2.みなめさめ
樋口円香/【ナカキヨノ】樋口円香/2.みなめさめ.csv,42,3021020020400,円香,もうやめたい,樋口円香,【ナカキヨノ】樋口円香,2.みなめさめ
樋口円香/【ナカキヨノ】樋口円香/2.みなめさめ.csv,43,3021020020410,円香,魂を曝け出したくなんかない,樋口円香,【ナカキヨノ】樋口円香,2.みなめさめ
樋口円香/【ナカキヨノ】樋口円香/2.みなめさめ.csv,44,3021020020420,円香,嘘,樋口円香,【ナカキヨノ】樋口円香,2.みなめさめ
樋口円香/【ナカキヨノ】樋口円香/2.みなめさめ.csv,45,3021020020430,円香,私は,樋口円香,【ナカキヨノ】樋口円香,2.みなめさめ
樋口円香/【ナカキヨノ】樋口円香/2.みなめさめ.csv,46,3021020020440,円香,走りたい,樋口円香,【ナカキヨノ】樋口円香,2.みなめさめ
樋口円香/【ナカキヨノ】樋口円香/2.みなめさめ.csv,47,3021020020450,円香,走る,樋口円香,【ナカキヨノ】樋口円香,2.みなめさめ
樋口円香/【ナカキヨノ】樋口円香/2.みなめさめ.csv,48,3021020020460,円香,炎が、空を焼く,樋口円香,【ナカキヨノ】樋口円香,2.みなめさめ
樋口円香/【ナカキヨノ】樋口円香/2.みなめさめ.csv,49,3021020020470,円香,湧き上がる感情のまま,樋口円香,【ナカキヨノ】樋口円香,2.みなめさめ
樋口円香/【ナカキヨノ】樋口円香/2.みなめさめ.csv,50,3021020020480,円香,ぜんぶ,樋口円香,【ナカキヨノ】樋口円香,2.みなめさめ
樋口円香/【ナカキヨノ】樋口円香/2.みなめさめ.csv,51,3021020020490,円香,ぜんぶ焼き尽くせ,樋口円香,【ナカキヨノ】樋口円香,2.みなめさめ
樋口円香/【ナカキヨノ】樋口円香/3.なみのりふねのおとのよきかな.csv,3,3021020030010,円香,ん……,樋口円香,【ナカキヨノ】樋口円香,3.なみのりふねのおとのよきかな
樋口円香/【ナカキヨノ】樋口円香/3.なみのりふねのおとのよきかな.csv,5,3021020030030,円香,……ひとつでいい,樋口円香,【ナカキヨノ】樋口円香,3.なみのりふねのおとのよきかな
樋口円香/【ナカキヨノ】樋口円香/3.なみのりふねのおとのよきかな.csv,7,3021020030040,円香,んー……,樋口円香,【ナカキヨノ】樋口円香,3.なみのりふねのおとのよきかな
樋口円香/【ナカキヨノ】樋口円香/3.なみのりふねのおとのよきかな.csv,8,3021020030050,円香,……,樋口円香,【ナカキヨノ】樋口円香,3.なみのりふねのおとのよきかな
樋口円香/【ナカキヨノ】樋口円香/3.なみのりふねのおとのよきかな.csv,9,3021020030060,円香,……年賀状届いてる,樋口円香,【ナカキヨノ】樋口円香,3.なみのりふねのおとのよきかな
樋口円香/【ナカキヨノ】樋口円香/3.なみのりふねのおとのよきかな.csv,10,3021020030070,円香,クラスメイト……事務所……関係者……,樋口円香,【ナカキヨノ】樋口円香,3.なみのりふねのおとのよきかな
樋口円香/【ナカキヨノ】樋口円香/3.なみのりふねのおとのよきかな.csv,11,3021020030080,円香,…………,樋口円香,【ナカキヨノ】樋口円香,3.なみのりふねのおとのよきかな
樋口円香/【ナカキヨノ】樋口円香/3.なみのりふねのおとのよきかな.csv,12,3021020030090,円香,……おはよ,樋口円香,【ナカキヨノ】樋口円香,3.なみのりふねのおとのよきかな
樋口円香/【ナカキヨノ】樋口円香/3.なみのりふねのおとのよきかな.csv,14,3021020030100,円香,……あけましておめでとう,樋口円香,【ナカキヨノ】樋口円香,3.なみのりふねのおとのよきかな
樋口円香/【ナカキヨノ】樋口円香/3.なみのりふねのおとのよきかな.csv,15,3021020030110,円香,"ねえ、年賀状のお返し書きたいんだけど
まだハガキ残ってる？",樋口円香,【ナカキヨノ】樋口円香,3.なみのりふねのおとのよきかな
樋口円香/【ナカキヨノ】樋口円香/3.なみのりふねのおとのよきかな.csv,18,3021020030120,円香,聞こえてるから,樋口円香,【ナカキヨノ】樋口円香,3.なみのりふねのおとのよきかな
樋口円香/【ナカキヨノ】樋口円香/3.なみのりふねのおとのよきかな.csv,20,3021020030130,円香,……分かった,樋口円香,【ナカキヨノ】樋口円香,3.なみのりふねのおとのよきかな
樋口円香/【ナカキヨノ】樋口円香/3.なみのりふねのおとのよきかな.csv,22,3021020030140,円香,……,樋口円香,【ナカキヨノ】樋口円香,3.なみのりふねのおとのよきかな
樋口円香/【ナカキヨノ】樋口円香/3.なみのりふねのおとのよきかな.csv,23,3021020030150,円香,"……じゃ、この七福神のやつ
宝船に乗ってる方",樋口円香,【ナカキヨノ】樋口円香,3.なみのりふねのおとのよきかな
樋口円香/【ナカキヨノ】樋口円香/3.なみのりふねのおとのよきかな.csv,26,3021020030180,円香,ミッションクリア,樋口円香,【ナカキヨノ】樋口円香,3.なみのりふねのおとのよきかな
樋口円香/【ナカキヨノ】樋口円香/3.なみのりふねのおとのよきかな.csv,30,3021020030220,円香,"そういうのを見越して
うちは控えめにしてたから",樋口円香,【ナカキヨノ】樋口円香,3.なみのりふねのおとのよきかな
樋口円香/【ナカキヨノ】樋口円香/3.なみのりふねのおとのよきかな.csv,31,3021020030230,円香,それでも飽食状態だったけど,樋口円香,【ナカキヨノ】樋口円香,3.なみのりふねのおとのよきかな
樋口円香/【ナカキヨノ】樋口円香/3.なみのりふねのおとのよきかな.csv,35,3021020030270,円香,お菓子コーナーはあっち,樋口円香,【ナカキヨノ】樋口円香,3.なみのりふねのおとのよきかな
樋口円香/【ナカキヨノ】樋口円香/3.なみのりふねのおとのよきかな.csv,39,3021020030310,円香,そんな感じ,樋口円香,【ナカキヨノ】樋口円香,3.なみのりふねのおとのよきかな
樋口円香/【ナカキヨノ】樋口円香/3.なみのりふねのおとのよきかな.csv,41,3021020030330,円香,欲しいなら買えば？,樋口円香,【ナカキヨノ】樋口円香,3.なみのりふねのおとのよきかな
樋口円香/【ナカキヨノ】樋口円香/3.なみのりふねのおとのよきかな.csv,45,3021020030370,円香,"どうせ縁起がいいって言われて
おしまいでしょ",樋口円香,【ナカキヨノ】樋口円香,3.なみのりふねのおとのよきかな
樋口円香/【ナカキヨノ】樋口円香/3.なみのりふねのおとのよきかな.csv,51,3021020030430,円香,……私も,樋口円香,【ナカキヨノ】樋口円香,3.なみのりふねのおとのよきかな
樋口円香/【ナカキヨノ】樋口円香/3.なみのりふねのおとのよきかな.csv,53,3021020030450,円香,"そんな時間ないし
おつかい頼まれてるんだから",樋口円香,【ナカキヨノ】樋口円香,3.なみのりふねのおとのよきかな
樋口円香/【ナカキヨノ】樋口円香/3.なみのりふねのおとのよきかな.csv,59,3021020030510,円香,……,樋口円香,【ナカキヨノ】樋口円香,3.なみのりふねのおとのよきかな
樋口円香/【ナカキヨノ】樋口円香/3.なみのりふねのおとのよきかな.csv,60,3021020030520,円香,"それ、すぐなくなるから
ふた袋くらい買っとけば",樋口円香,【ナカキヨノ】樋口円香,3.なみのりふねのおとのよきかな
樋口円香/【バグ・ル】樋口円香/bird.csv,4,2021011110010,円香,………………,樋口円香,【バグ・ル】樋口円香,bird
樋口円香/【バグ・ル】樋口円香/bird.csv,5,2021011110020,円香,ない,樋口円香,【バグ・ル】樋口円香,bird
樋口円香/【バグ・ル】樋口円香/bird.csv,6,2021011110030,円香,儚い夢に興味はないし,樋口円香,【バグ・ル】樋口円香,bird
樋口円香/【バグ・ル】樋口円香/bird.csv,7,2021011110040,円香,陽だまりには帰らないし,樋口円香,【バグ・ル】樋口円香,bird
樋口円香/【バグ・ル】樋口円香/bird.csv,8,2021011110050,円香,それから,樋口円香,【バグ・ル】樋口円香,bird
樋口円香/【バグ・ル】樋口円香/bird.csv,9,2021011110060,円香,美しいものに棘はないし,樋口円香,【バグ・ル】樋口円香,bird
樋口円香/【バグ・ル】樋口円香/bird.csv,11,2021011110070,円香,特に無いから誤魔化すしかないし,樋口円香,【バグ・ル】樋口円香,bird
樋口円香/【バグ・ル】樋口円香/bird.csv,13,2021011110080,円香,……………………,樋口円香,【バグ・ル】樋口円香,bird
樋口円香/【バグ・ル】樋口円香/bird.csv,14,2021011110090,円香,ん？,樋口円香,【バグ・ル】樋口円香,bird
樋口円香/【バグ・ル】樋口円香/bird.csv,15,2021011110100,円香,"なんだろう
今、心に何か引っかかった",樋口円香,【バグ・ル】樋口円香,bird
樋口円香/【バグ・ル】樋口円香/bird.csv,16,2021011110110,円香,"なんだろう、この引っかかり
……この感覚……",樋口円香,【バグ・ル】樋口円香,bird
樋口円香/【バグ・ル】樋口円香/bird.csv,17,2021011110120,円香,……………………,樋口円香,【バグ・ル】樋口円香,bird
樋口円香/【バグ・ル】樋口円香/bird.csv,18,2021011110130,円香,いや、ダメだ,樋口円香,【バグ・ル】樋口円香,bird
樋口円香/【バグ・ル】樋口円香/bird.csv,19,2021011110140,円香,言語化できない,樋口円香,【バグ・ル】樋口円香,bird
樋口円香/【バグ・ル】樋口円香/bird.csv,21,2021011110150,円香,みなさん、どうぞ私の歌を聞いてください,樋口円香,【バグ・ル】樋口円香,bird
樋口円香/【バグ・ル】樋口円香/bird.csv,22,2021011110160,円香,"……そう言ってほしいんでしょ
わかってるけどね",樋口円香,【バグ・ル】樋口円香,bird
樋口円香/【バグ・ル】樋口円香/bird.csv,23,2021011110170,円香,……正直、とても難しい歌でした,樋口円香,【バグ・ル】樋口円香,bird
樋口円香/【バグ・ル】樋口円香/bird.csv,24,2021011110180,円香,私自身、理解できていないと思っています,樋口円香,【バグ・ル】樋口円香,bird
樋口円香/【バグ・ル】樋口円香/bird.csv,25,2021011110190,円香,"でも、強い想いで描かれた曲だとも感じています
だから────",樋口円香,【バグ・ル】樋口円香,bird
樋口円香/【バグ・ル】樋口円香/bird.csv,26,2021011110200,円香,たくさん聴いてもらえたら嬉しいです,樋口円香,【バグ・ル】樋口円香,bird
樋口円香/【バグ・ル】樋口円香/bird.csv,27,2021011110210,円香,だから、私は考える必要がある,樋口円香,【バグ・ル】樋口円香,bird
樋口円香/【バグ・ル】樋口円香/bird.csv,28,2021011110220,円香,私のものにはならないこの歌を,樋口円香,【バグ・ル】樋口円香,bird
樋口円香/【バグ・ル】樋口円香/bird.csv,29,2021011110230,円香,"誰かのものであるこの歌を、
……ステージの上でどう歌うのか",樋口円香,【バグ・ル】樋口円香,bird
樋口円香/【バグ・ル】樋口円香/bird.csv,30,2021011110240,円香,考えないと,樋口円香,【バグ・ル】樋口円香,bird
樋口円香/【バグ・ル】樋口円香/bird.csv,32,2021011110250,円香,ありがとうございます,樋口円香,【バグ・ル】樋口円香,bird
樋口円香/【バグ・ル】樋口円香/bird.csv,35,2021011110260,円香,いいんですか？,樋口円香,【バグ・ル】樋口円香,bird
樋口円香/【バグ・ル】樋口円香/bird.csv,37,2021011110270,円香,あ……うーん……,樋口円香,【バグ・ル】樋口円香,bird
樋口円香/【バグ・ル】樋口円香/bird.csv,38,2021011110280,円香,"悩みますけど……
じゃあ、これを────……",樋口円香,【バグ・ル】樋口円香,bird
樋口円香/【バグ・ル】樋口円香/bird.csv,40,2021011110290,円香,家に帰るだけです,樋口円香,【バグ・ル】樋口円香,bird
樋口円香/【バグ・ル】樋口円香/bird.csv,43,2021011110300,円香,"……？
レッスン室の鍵？",樋口円香,【バグ・ル】樋口円香,bird
樋口円香/【バグ・ル】樋口円香/bird.csv,45,2021011110310,円香,……………………,樋口円香,【バグ・ル】樋口円香,bird
樋口円香/【バグ・ル】樋口円香/bird.csv,46,2021011110320,円香,…………まさか、ミネラルウォーターで？,樋口円香,【バグ・ル】樋口円香,bird
樋口円香/【バグ・ル】樋口円香/bird.csv,48,2021011110330,円香,その洞察力、割と普通に引きますね,樋口円香,【バグ・ル】樋口円香,bird
樋口円香/【バグ・ル】樋口円香/bird.csv,50,2021011110340,円香,…………,樋口円香,【バグ・ル】樋口円香,bird
樋口円香/【バグ・ル】樋口円香/bird.csv,53,0000000000000,円香,………………,樋口円香,【バグ・ル】樋口円香,bird
樋口円香/【バグ・ル】樋口円香/bird.csv,54,2021011110360,円香,……飛ぶ夢を見ているつもりで,樋口円香,【バグ・ル】樋口円香,bird
樋口円香/【バグ・ル】樋口円香/bird.csv,56,2021011110370,円香,……それじゃない……,樋口円香,【バグ・ル】樋口円香,bird
樋口円香/【バグ・ル】樋口円香/bird.csv,58,2021011110380,円香,鳥,樋口円香,【バグ・ル】樋口円香,bird
樋口円香/【バグ・ル】樋口円香/bird.csv,59,2021011110390,円香,"飛べない鳥が、
飛び回る夢を見ているつもりで",樋口円香,【バグ・ル】樋口円香,bird
樋口円香/【バグ・ル】樋口円香/bird.csv,61,2021011110400,円香,本気？,樋口円香,【バグ・ル】樋口円香,bird
樋口円香/【バグ・ル】樋口円香/bird.csv,62,2021011110410,円香,残酷でしょ,樋口円香,【バグ・ル】樋口円香,bird
樋口円香/【バグ・ル】樋口円香/bug.csv,7,2021011010010,円香,夢,樋口円香,【バグ・ル】樋口円香,bug
樋口円香/【バグ・ル】樋口円香/bug.csv,9,2021011010020,円香,……そうですね、たまに,樋口円香,【バグ・ル】樋口円香,bug
樋口円香/【バグ・ル】樋口円香/bug.csv,11,2021011010030,円香,ん……、最近は……,樋口円香,【バグ・ル】樋口円香,bug
樋口円香/【バグ・ル】樋口円香/bug.csv,12,2021011010040,円香,"……悪夢が多かった気がします
あまり覚えていませんが",樋口円香,【バグ・ル】樋口円香,bug
樋口円香/【バグ・ル】樋口円香/bug.csv,15,2021011010050,円香,"……じゃ、そうなのかもしれません
熟睡できていなかったのかも",樋口円香,【バグ・ル】樋口円香,bug
樋口円香/【バグ・ル】樋口円香/bug.csv,19,2021011010060,円香,…………,樋口円香,【バグ・ル】樋口円香,bug
樋口円香/【バグ・ル】樋口円香/bug.csv,20,2021011010070,円香,できれば、さっさと起きたいですね,樋口円香,【バグ・ル】樋口円香,bug
樋口円香/【バグ・ル】樋口円香/bug.csv,21,2021011010080,円香,"私が願っても願わなくても、
夢は覚めるものなので",樋口円香,【バグ・ル】樋口円香,bug
樋口円香/【バグ・ル】樋口円香/bug.csv,23,2021011010090,円香,……そうですね、そう思ってしまう前に,樋口円香,【バグ・ル】樋口円香,bug
樋口円香/【バグ・ル】樋口円香/bug.csv,24,2021011010100,円香,夢は無意味,樋口円香,【バグ・ル】樋口円香,bug
樋口円香/【バグ・ル】樋口円香/bug.csv,25,2021011010110,円香,願いは叶わない,樋口円香,【バグ・ル】樋口円香,bug
樋口円香/【バグ・ル】樋口円香/bug.csv,26,2021011010120,円香,適当に生きる方が楽,樋口円香,【バグ・ル】樋口円香,bug
樋口円香/【バグ・ル】樋口円香/bug.csv,28,2021011010130,円香,素敵な曲だと思います,樋口円香,【バグ・ル】樋口円香,bug
樋口円香/【バグ・ル】樋口円香/bug.csv,30,2021011010140,円香,"どうでしょうね
今、聞いたばかりですし",樋口円香,【バグ・ル】樋口円香,bug
樋口円香/【バグ・ル】樋口円香/bug.csv,33,2021011010150,円香,わかりました,樋口円香,【バグ・ル】樋口円香,bug
樋口円香/【バグ・ル】樋口円香/bug.csv,36,2021011010160,円香,はい,樋口円香,【バグ・ル】樋口円香,bug
樋口円香/【バグ・ル】樋口円香/bug.csv,39,2021011010170,円香,……はい,樋口円香,【バグ・ル】樋口円香,bug
樋口円香/【バグ・ル】樋口円香/bug.csv,41,2021011010180,円香,思いませんね,樋口円香,【バグ・ル】樋口円香,bug
樋口円香/【バグ・ル】樋口円香/bug.csv,43,2021011010190,円香,"この歌詞の出力も、
もらっていって良いですか？",樋口円香,【バグ・ル】樋口円香,bug
樋口円香/【バグ・ル】樋口円香/bug.csv,47,2021011010200,円香,……夢を見る鳥？,樋口円香,【バグ・ル】樋口円香,bug
樋口円香/【バグ・ル】樋口円香/bug.csv,49,2021011010210,円香,蝶？,樋口円香,【バグ・ル】樋口円香,bug
樋口円香/【バグ・ル】樋口円香/bug.csv,50,2021011010220,円香,……え、蝶？　虫の？,樋口円香,【バグ・ル】樋口円香,bug
樋口円香/【バグ・ル】樋口円香/or.csv,4,2021011020010,円香,そういう見方もあるんですね,樋口円香,【バグ・ル】樋口円香,or
樋口円香/【バグ・ル】樋口円香/or.csv,8,2021011020020,円香,……正直、あまり考えたことないですね,樋口円香,【バグ・ル】樋口円香,or
樋口円香/【バグ・ル】樋口円香/or.csv,9,2021011020030,円香,もう空気のような存在なので,樋口円香,【バグ・ル】樋口円香,or
樋口円香/【バグ・ル】樋口円香/or.csv,10,2021011020040,円香,あらためて考える必要もないというか,樋口円香,【バグ・ル】樋口円香,or
樋口円香/【バグ・ル】樋口円香/or.csv,12,2021011020050,円香,……お疲れ様です,樋口円香,【バグ・ル】樋口円香,or
樋口円香/【バグ・ル】樋口円香/or.csv,14,2021011020060,円香,"……経費精算で事務所に寄っただけ
もう帰るところです",樋口円香,【バグ・ル】樋口円香,or
樋口円香/【バグ・ル】樋口円香/or.csv,16,2021011020070,円香,……スケジュール管理もあなたの仕事では？,樋口円香,【バグ・ル】樋口円香,or
樋口円香/【バグ・ル】樋口円香/or.csv,18,2021011020080,円香,"何……？
事務所なら逆方向ですが",樋口円香,【バグ・ル】樋口円香,or
樋口円香/【バグ・ル】樋口円香/or.csv,20,2021011020090,円香,"それならどうぞ私に構わず
遅れないように急いでください",樋口円香,【バグ・ル】樋口円香,or
樋口円香/【バグ・ル】樋口円香/or.csv,23,2021011020100,円香,……『夢見鳥』の話？,樋口円香,【バグ・ル】樋口円香,or
樋口円香/【バグ・ル】樋口円香/or.csv,27,2021011020110,円香,……万物斉同,樋口円香,【バグ・ル】樋口円香,or
樋口円香/【バグ・ル】樋口円香/or.csv,29,2021011020120,円香,曲の意味を知る必要があったので,樋口円香,【バグ・ル】樋口円香,or
樋口円香/【バグ・ル】樋口円香/or.csv,32,0000000000000,円香,………………,樋口円香,【バグ・ル】樋口円香,or
樋口円香/【バグ・ル】樋口円香/or.csv,33,2021011020140,円香,いえ、まったく,樋口円香,【バグ・ル】樋口円香,or
樋口円香/【バグ・ル】樋口円香/or.csv,34,2021011020150,円香,"理解も共感もできそうにありません
残念ながら",樋口円香,【バグ・ル】樋口円香,or
樋口円香/【バグ・ル】樋口円香/or.csv,36,2021011020160,円香,たとえ理解できても,樋口円香,【バグ・ル】樋口円香,or
樋口円香/【バグ・ル】樋口円香/or.csv,37,2021011020170,円香,"私が感じたことを、
誰かに伝えたいとは思えないので",樋口円香,【バグ・ル】樋口円香,or
樋口円香/【バグ・ル】樋口円香/or.csv,38,2021011020180,円香,……この歌は、私のものになりません,樋口円香,【バグ・ル】樋口円香,or
樋口円香/【バグ・ル】樋口円香/or.csv,40,2021011020190,円香,家に帰るだけです,樋口円香,【バグ・ル】樋口円香,or
樋口円香/【バグ・ル】樋口円香/or.csv,43,2021011020200,円香,……お疲れ様でした,樋口円香,【バグ・ル】樋口円香,or
樋口円香/【ピトス・エルピス】樋口円香/gem.csv,3,2021007110010,円香,"大丈夫です
ご心配おかけしました",樋口円香,【ピトス・エルピス】樋口円香,gem
樋口円香/【ピトス・エルピス】樋口円香/gem.csv,7,2021007110020,円香,そう言われると,樋口円香,【ピトス・エルピス】樋口円香,gem
樋口円香/【ピトス・エルピス】樋口円香/gem.csv,8,2021007110030,円香,歌いたくなりますが,樋口円香,【ピトス・エルピス】樋口円香,gem
樋口円香/【ピトス・エルピス】樋口円香/gem.csv,9,2021007110040,円香,…………,樋口円香,【ピトス・エルピス】樋口円香,gem
樋口円香/【ピトス・エルピス】樋口円香/gem.csv,10,2021007110050,円香,────………………,樋口円香,【ピトス・エルピス】樋口円香,gem
樋口円香/【ピトス・エルピス】樋口円香/gem.csv,12,2021007110060,円香,"……
鍵は……",樋口円香,【ピトス・エルピス】樋口円香,gem
樋口円香/【ピトス・エルピス】樋口円香/gem.csv,15,2021007110070,円香,……どういうことですか,樋口円香,【ピトス・エルピス】樋口円香,gem
樋口円香/【ピトス・エルピス】樋口円香/gem.csv,17,2021007110080,円香,"中身を見ないようにって？
別に……",樋口円香,【ピトス・エルピス】樋口円香,gem
樋口円香/【ピトス・エルピス】樋口円香/gem.csv,18,2021007110090,円香,"ほら、やっぱり
何も入ってない",樋口円香,【ピトス・エルピス】樋口円香,gem
樋口円香/【ピトス・エルピス】樋口円香/gem.csv,19,2021007110100,円香,"この間、部屋を片付けた時に出てきたんです
クローゼットの奥に落ちていて……",樋口円香,【ピトス・エルピス】樋口円香,gem
樋口円香/【ピトス・エルピス】樋口円香/gem.csv,20,2021007110110,円香,"そんな物の中に、
私が何か入れっぱなしにするわけないと思っていました",樋口円香,【ピトス・エルピス】樋口円香,gem
樋口円香/【ピトス・エルピス】樋口円香/gem.csv,21,2021007110120,円香,"ここのダンボールって、
倉庫を片付けた時のゴミですよね",樋口円香,【ピトス・エルピス】樋口円香,gem
樋口円香/【ピトス・エルピス】樋口円香/gem.csv,22,2021007110130,円香,一緒に捨てておいてください,樋口円香,【ピトス・エルピス】樋口円香,gem
樋口円香/【ピトス・エルピス】樋口円香/gem.csv,23,2021007110140,円香,けほっ……こほ…………,樋口円香,【ピトス・エルピス】樋口円香,gem
樋口円香/【ピトス・エルピス】樋口円香/gem.csv,24,2021007110150,円香,────………………,樋口円香,【ピトス・エルピス】樋口円香,gem
樋口円香/【ピトス・エルピス】樋口円香/gem.csv,29,2021007110160,円香,────………………,樋口円香,【ピトス・エルピス】樋口円香,gem
樋口円香/【ピトス・エルピス】樋口円香/gem.csv,30,2021007110170,円香,…………あーーーーー…………,樋口円香,【ピトス・エルピス】樋口円香,gem
樋口円香/【ピトス・エルピス】樋口円香/gem.csv,33,2021007110180,円香,あーーーーー…………,樋口円香,【ピトス・エルピス】樋口円香,gem
樋口円香/【ピトス・エルピス】樋口円香/hako.csv,2,2021007020010,円香,──ん、これ,樋口円香,【ピトス・エルピス】樋口円香,hako
樋口円香/【ピトス・エルピス】樋口円香/hako.csv,3,2021007020020,円香,なんだっけ……,樋口円香,【ピトス・エルピス】樋口円香,hako
樋口円香/【ピトス・エルピス】樋口円香/hako.csv,4,2021007020030,円香,"…………
──開かないし",樋口円香,【ピトス・エルピス】樋口円香,hako
樋口円香/【ピトス・エルピス】樋口円香/hako.csv,5,2021007020040,円香,…………,樋口円香,【ピトス・エルピス】樋口円香,hako
樋口円香/【ピトス・エルピス】樋口円香/hako.csv,7,2021007020050,円香,棚の前にお願いします,樋口円香,【ピトス・エルピス】樋口円香,hako
樋口円香/【ピトス・エルピス】樋口円香/hako.csv,8,2021007020060,円香,まだ増えます？,樋口円香,【ピトス・エルピス】樋口円香,hako
樋口円香/【ピトス・エルピス】樋口円香/hako.csv,10,2021007020070,円香,ここにあるものを片付ければ今日は終わりですね,樋口円香,【ピトス・エルピス】樋口円香,hako
樋口円香/【ピトス・エルピス】樋口円香/hako.csv,12,2021007020080,円香,あなたは先にこっち,樋口円香,【ピトス・エルピス】樋口円香,hako
樋口円香/【ピトス・エルピス】樋口円香/hako.csv,13,2021007020090,円香,"仕舞う場所がわからなかった物は
このダンボールに集めておきました",樋口円香,【ピトス・エルピス】樋口円香,hako
樋口円香/【ピトス・エルピス】樋口円香/hako.csv,14,2021007020100,円香,"捨てるでいいような気もしましたが
私には判断できないので",樋口円香,【ピトス・エルピス】樋口円香,hako
樋口円香/【ピトス・エルピス】樋口円香/hako.csv,18,2021007020110,円香,そうですか,樋口円香,【ピトス・エルピス】樋口円香,hako
樋口円香/【ピトス・エルピス】樋口円香/hako.csv,21,2021007020120,円香,"……何それ
未練がましい言葉",樋口円香,【ピトス・エルピス】樋口円香,hako
樋口円香/【ピトス・エルピス】樋口円香/hako.csv,22,2021007020130,円香,……家は？,樋口円香,【ピトス・エルピス】樋口円香,hako
樋口円香/【ピトス・エルピス】樋口円香/hako.csv,24,2021007020140,円香,"捨てたくないなら、
自分の家に持って帰ったら",樋口円香,【ピトス・エルピス】樋口円香,hako
樋口円香/【ピトス・エルピス】樋口円香/hako.csv,26,2021007020150,円香,"ああ、家のキャパも溢れていると
すでに足の踏み場もありませんでしたか",樋口円香,【ピトス・エルピス】樋口円香,hako
樋口円香/【ピトス・エルピス】樋口円香/hako.csv,32,2021007020160,円香,……ああ,樋口円香,【ピトス・エルピス】樋口円香,hako
樋口円香/【ピトス・エルピス】樋口円香/hako.csv,33,2021007020170,円香,"そうやってさらっとプライベートを
聞き出していくのが手口ですか",樋口円香,【ピトス・エルピス】樋口円香,hako
樋口円香/【ピトス・エルピス】樋口円香/hako.csv,35,2021007020180,円香,"……まあ、名誉のために言いますが普通に片付いています
いらないものは残しませんので",樋口円香,【ピトス・エルピス】樋口円香,hako
樋口円香/【ピトス・エルピス】樋口円香/hako.csv,39,2021007020190,円香,はい,樋口円香,【ピトス・エルピス】樋口円香,hako
樋口円香/【ピトス・エルピス】樋口円香/hako.csv,41,0000000000000,円香,…………,樋口円香,【ピトス・エルピス】樋口円香,hako
樋口円香/【ピトス・エルピス】樋口円香/hako.csv,43,0000000000000,円香,…………,樋口円香,【ピトス・エルピス】樋口円香,hako
樋口円香/【ピトス・エルピス】樋口円香/hako.csv,44,2021007020220,円香,あなたには大切なものが多すぎるのでは,樋口円香,【ピトス・エルピス】樋口円香,hako
樋口円香/【ピトス・エルピス】樋口円香/hako.csv,45,2021007020230,円香,"人間にだってキャパはある
大切なものを全部抱えていることはできないでしょ",樋口円香,【ピトス・エルピス】樋口円香,hako
樋口円香/【ピトス・エルピス】樋口円香/hako.csv,51,0000000000000,円香,…………,樋口円香,【ピトス・エルピス】樋口円香,hako
樋口円香/【ピトス・エルピス】樋口円香/hako.csv,52,2021007020250,円香,そうかもしれませんね,樋口円香,【ピトス・エルピス】樋口円香,hako
樋口円香/【ピトス・エルピス】樋口円香/hako.csv,53,0000000000000,円香＆プロデューサー,…………,樋口円香,【ピトス・エルピス】樋口円香,hako
樋口円香/【ピトス・エルピス】樋口円香/hako.csv,54,0000000000000,円香＆プロデューサー,……………………………………,樋口円香,【ピトス・エルピス】樋口円香,hako
樋口円香/【ピトス・エルピス】樋口円香/hako.csv,56,2021007020260,円香,面倒だったので,樋口円香,【ピトス・エルピス】樋口円香,hako
樋口円香/【ピトス・エルピス】樋口円香/hako.csv,57,2021007020270,円香,"手放すことを恐れない
これが片付けのコツだそうです",樋口円香,【ピトス・エルピス】樋口円香,hako
樋口円香/【ピトス・エルピス】樋口円香/hako.csv,59,2021007020280,円香,苦手そうですね、ご愁傷さまです,樋口円香,【ピトス・エルピス】樋口円香,hako
樋口円香/【ピトス・エルピス】樋口円香/hako.csv,61,2021007020290,円香,"さあ、知りませんが
部屋は片付いていますね",樋口円香,【ピトス・エルピス】樋口円香,hako
樋口円香/【ピトス・エルピス】樋口円香/hako.csv,62,2021007020300,円香,必要な物ならまた買えばいいし,樋口円香,【ピトス・エルピス】樋口円香,hako
樋口円香/【ピトス・エルピス】樋口円香/hako.csv,65,2021007020310,円香,"それなら諦めるしかないですね
最初からなかったんです、そんなものは",樋口円香,【ピトス・エルピス】樋口円香,hako
樋口円香/【ピトス・エルピス】樋口円香/hako.csv,67,0000000000000,円香＆プロデューサー,……………………………………,樋口円香,【ピトス・エルピス】樋口円香,hako
樋口円香/【ピトス・エルピス】樋口円香/hako.csv,69,2021007020320,円香,面倒だったので,樋口円香,【ピトス・エルピス】樋口円香,hako
樋口円香/【ピトス・エルピス】樋口円香/hibi.csv,2,2021007010010,円香,……おはようございます,樋口円香,【ピトス・エルピス】樋口円香,hibi
樋口円香/【ピトス・エルピス】樋口円香/hibi.csv,5,2021007010020,円香,"トレーナーさんから、
１時間ずらしてほしいと連絡がありまして",樋口円香,【ピトス・エルピス】樋口円香,hibi
樋口円香/【ピトス・エルピス】樋口円香/hibi.csv,7,2021007010030,円香,ここで朝食をいただいてもいいですよね,樋口円香,【ピトス・エルピス】樋口円香,hibi
樋口円香/【ピトス・エルピス】樋口円香/hibi.csv,9,2021007010040,円香,………………,樋口円香,【ピトス・エルピス】樋口円香,hibi
樋口円香/【ピトス・エルピス】樋口円香/hibi.csv,11,2021007010050,円香,………………,樋口円香,【ピトス・エルピス】樋口円香,hibi
樋口円香/【ピトス・エルピス】樋口円香/hibi.csv,12,2021007010060,円香,………………,樋口円香,【ピトス・エルピス】樋口円香,hibi
樋口円香/【ピトス・エルピス】樋口円香/hibi.csv,15,2021007010070,円香,"…………
……うるさいですか",樋口円香,【ピトス・エルピス】樋口円香,hibi
樋口円香/【ピトス・エルピス】樋口円香/hibi.csv,18,2021007010080,円香,そうですか,樋口円香,【ピトス・エルピス】樋口円香,hibi
樋口円香/【ピトス・エルピス】樋口円香/hibi.csv,20,2021007010090,円香,そうですね,樋口円香,【ピトス・エルピス】樋口円香,hibi
樋口円香/【ピトス・エルピス】樋口円香/hibi.csv,21,2021007010100,円香,……何？,樋口円香,【ピトス・エルピス】樋口円香,hibi
樋口円香/【ピトス・エルピス】樋口円香/hibi.csv,23,2021007010110,円香,"仕事中ですよね
……消します",樋口円香,【ピトス・エルピス】樋口円香,hibi
樋口円香/【ピトス・エルピス】樋口円香/hibi.csv,26,2021007010120,円香,…………,樋口円香,【ピトス・エルピス】樋口円香,hibi
樋口円香/【ピトス・エルピス】樋口円香/hibi.csv,28,2021007010130,円香,全然,樋口円香,【ピトス・エルピス】樋口円香,hibi
樋口円香/【ピトス・エルピス】樋口円香/hibi.csv,30,2021007010140,円香,"うらやましい限りです
こんなくだらないもので笑えるなんて",樋口円香,【ピトス・エルピス】樋口円香,hibi
樋口円香/【ピトス・エルピス】樋口円香/hibi.csv,32,2021007010150,円香,あなたほど単純にはできていないので,樋口円香,【ピトス・エルピス】樋口円香,hibi
樋口円香/【ピトス・エルピス】樋口円香/hibi.csv,35,2021007010160,円香,………………,樋口円香,【ピトス・エルピス】樋口円香,hibi
樋口円香/【ピトス・エルピス】樋口円香/hibi.csv,38,2021007010170,円香,うぉふっ──……！！,樋口円香,【ピトス・エルピス】樋口円香,hibi
樋口円香/【ピトス・エルピス】樋口円香/hibi.csv,40,2021007010180,円香,けふっ……、………！　こふっ、ぉふ………,樋口円香,【ピトス・エルピス】樋口円香,hibi
樋口円香/【ピトス・エルピス】樋口円香/hibi.csv,44,2021007010190,円香,大丈夫で……けふっ……ぉふっ……,樋口円香,【ピトス・エルピス】樋口円香,hibi
樋口円香/【ピトス・エルピス】樋口円香/hibi.csv,46,2021007010200,円香,──……うっ……こふっ……！,樋口円香,【ピトス・エルピス】樋口円香,hibi
樋口円香/【ピトス・エルピス】樋口円香/hibi.csv,48,2021007010210,円香,テレビは……関係……ない……！,樋口円香,【ピトス・エルピス】樋口円香,hibi
樋口円香/【ピトス・エルピス】樋口円香/hibi.csv,51,2021007010220,円香,～～～～～！,樋口円香,【ピトス・エルピス】樋口円香,hibi
樋口円香/【ピトス・エルピス】樋口円香/hibi.csv,52,2021007010230,円香,……片付けます,樋口円香,【ピトス・エルピス】樋口円香,hibi
樋口円香/【ピトス・エルピス】樋口円香/hibi.csv,53,2021007010240,円香,あなたは何もしないでください,樋口円香,【ピトス・エルピス】樋口円香,hibi
樋口円香/【ピトス・エルピス】樋口円香/hibi.csv,58,2021007010250,円香,"けふっ、こふっ………
気管に……入っただ……けふっ……",樋口円香,【ピトス・エルピス】樋口円香,hibi
樋口円香/【ピトス・エルピス】樋口円香/hibi.csv,63,2021007010260,円香,こんっ……んっ……、はあ……,樋口円香,【ピトス・エルピス】樋口円香,hibi
樋口円香/【ピトス・エルピス】樋口円香/hibi.csv,66,2021007010270,円香,は？,樋口円香,【ピトス・エルピス】樋口円香,hibi
樋口円香/【ピトス・エルピス】樋口円香/hibi.csv,69,2021007010280,円香,"……
すみません",樋口円香,【ピトス・エルピス】樋口円香,hibi
樋口円香/【ピトス・エルピス】樋口円香/hibi.csv,71,2021007010290,円香,…………,樋口円香,【ピトス・エルピス】樋口円香,hibi
樋口円香/【ピトス・エルピス】樋口円香/hibi.csv,72,2021007010300,円香,面白くありません,樋口円香,【ピトス・エルピス】樋口円香,hibi
樋口円香/【ピトス・エルピス】樋口円香/hibi.csv,73,2021007010310,円香,かふっ──んん……けふっ──……,樋口円香,【ピトス・エルピス】樋口円香,hibi
樋口円香/【ピトス・エルピス】樋口円香/hibi.csv,79,2021007010320,円香,いえ、自分で…………こふっ、っ──,樋口円香,【ピトス・エルピス】樋口円香,hibi
樋口円香/【ピトス・エルピス】樋口円香/hibi.csv,81,2021007010330,円香,…………かかったでしょ,樋口円香,【ピトス・エルピス】樋口円香,hibi
樋口円香/【ピトス・エルピス】樋口円香/hibi.csv,83,2021007010340,円香,シャツに,樋口円香,【ピトス・エルピス】樋口円香,hibi
樋口円香/【ピトス・エルピス】樋口円香/hibi.csv,85,2021007010350,円香,嘘,樋口円香,【ピトス・エルピス】樋口円香,hibi
樋口円香/【ピトス・エルピス】樋口円香/hibi.csv,87,2021007010360,円香,……最悪,樋口円香,【ピトス・エルピス】樋口円香,hibi
樋口円香/【ピトス・エルピス】樋口円香/kara su.csv,2,2021007040010,円香,……んん……っ,樋口円香,【ピトス・エルピス】樋口円香,kara su
樋口円香/【ピトス・エルピス】樋口円香/kara su.csv,3,2021007040020,円香,…………,樋口円香,【ピトス・エルピス】樋口円香,kara su
樋口円香/【ピトス・エルピス】樋口円香/kara su.csv,5,0000000000000,円香,…………,樋口円香,【ピトス・エルピス】樋口円香,kara su
樋口円香/【ピトス・エルピス】樋口円香/kara su.csv,9,2021007040040,円香,……？,樋口円香,【ピトス・エルピス】樋口円香,kara su
樋口円香/【ピトス・エルピス】樋口円香/kara su.csv,11,2021007040050,円香,……ああ、カラスの巣？,樋口円香,【ピトス・エルピス】樋口円香,kara su
樋口円香/【ピトス・エルピス】樋口円香/kara su.csv,13,2021007040060,円香,"そこの柵の下じゃない
そのあたりから、よく声がした",樋口円香,【ピトス・エルピス】樋口円香,kara su
樋口円香/【ピトス・エルピス】樋口円香/kara su.csv,15,2021007040070,円香,何？,樋口円香,【ピトス・エルピス】樋口円香,kara su
樋口円香/【ピトス・エルピス】樋口円香/kara su.csv,17,2021007040080,円香,"ああ……別に……
次の仕事までに治します",樋口円香,【ピトス・エルピス】樋口円香,kara su
樋口円香/【ピトス・エルピス】樋口円香/kara su.csv,19,2021007040090,円香,"……別にじゃないか
報告せず申し訳ありません",樋口円香,【ピトス・エルピス】樋口円香,kara su
樋口円香/【ピトス・エルピス】樋口円香/kara su.csv,22,2021007040100,円香,そう言われると喋りたくなりますが,樋口円香,【ピトス・エルピス】樋口円香,kara su
樋口円香/【ピトス・エルピス】樋口円香/kara su.csv,25,2021007040110,円香,…………,樋口円香,【ピトス・エルピス】樋口円香,kara su
樋口円香/【ピトス・エルピス】樋口円香/kara su.csv,27,2021007040120,円香,撤去するんですか？,樋口円香,【ピトス・エルピス】樋口円香,kara su
樋口円香/【ピトス・エルピス】樋口円香/kara su.csv,29,2021007040130,円香,……,樋口円香,【ピトス・エルピス】樋口円香,kara su
樋口円香/【ピトス・エルピス】樋口円香/kara su.csv,36,2021007040140,円香,…………,樋口円香,【ピトス・エルピス】樋口円香,kara su
樋口円香/【ピトス・エルピス】樋口円香/kara su.csv,38,2021007040150,円香,落ちるほど乗り出してない,樋口円香,【ピトス・エルピス】樋口円香,kara su
樋口円香/【ピトス・エルピス】樋口円香/kara su.csv,41,2021007040160,円香,なんでも守ろうとするのは癖？,樋口円香,【ピトス・エルピス】樋口円香,kara su
樋口円香/【ピトス・エルピス】樋口円香/kara su.csv,42,2021007040170,円香,それから詮索するのも,樋口円香,【ピトス・エルピス】樋口円香,kara su
樋口円香/【ピトス・エルピス】樋口円香/kara su.csv,50,2021007040180,円香,"でも、撤去
するんでしょ",樋口円香,【ピトス・エルピス】樋口円香,kara su
樋口円香/【ピトス・エルピス】樋口円香/kara su.csv,52,2021007040190,円香,不衛生ですしね,樋口円香,【ピトス・エルピス】樋口円香,kara su
樋口円香/【ピトス・エルピス】樋口円香/kara su.csv,53,2021007040200,円香,カラスも自分で捨てたんだし,樋口円香,【ピトス・エルピス】樋口円香,kara su
樋口円香/【ピトス・エルピス】樋口円香/kara su.csv,63,2021007040210,円香,"あれのこと……？
木の実か何かでは",樋口円香,【ピトス・エルピス】樋口円香,kara su
樋口円香/【ピトス・エルピス】樋口円香/kara su.csv,65,2021007040220,円香,"わかりません
汚れすぎ",樋口円香,【ピトス・エルピス】樋口円香,kara su
樋口円香/【ピトス・エルピス】樋口円香/kara su.csv,66,2021007040230,円香,"ていうか
どうでもいい",樋口円香,【ピトス・エルピス】樋口円香,kara su
樋口円香/【ピトス・エルピス】樋口円香/kara su.csv,68,2021007040240,円香,"あとはお一人で
好きなだけ、童心に帰ってください",樋口円香,【ピトス・エルピス】樋口円香,kara su
樋口円香/【ピトス・エルピス】樋口円香/kara su.csv,69,2021007040250,円香,……けほっ,樋口円香,【ピトス・エルピス】樋口円香,kara su
樋口円香/【ピトス・エルピス】樋口円香/uru uru.csv,2,2021007030010,円香,技術,樋口円香,【ピトス・エルピス】樋口円香,uru uru
樋口円香/【ピトス・エルピス】樋口円香/uru uru.csv,3,2021007030020,円香,"いかに涙を誘う曲であっても、
泣きながらステージに立つわけではない",樋口円香,【ピトス・エルピス】樋口円香,uru uru
樋口円香/【ピトス・エルピス】樋口円香/uru uru.csv,4,2021007030030,円香,譜面に合わせた緩急、強弱──,樋口円香,【ピトス・エルピス】樋口円香,uru uru
樋口円香/【ピトス・エルピス】樋口円香/uru uru.csv,5,2021007030040,円香,"演奏する者の内面ではなく技術こそが
観客に楽しさや悲しさをもたらすのだと",樋口円香,【ピトス・エルピス】樋口円香,uru uru
樋口円香/【ピトス・エルピス】樋口円香/uru uru.csv,6,2021007030050,円香,"そう言っていましたよ
どこかの有名な演奏家が",樋口円香,【ピトス・エルピス】樋口円香,uru uru
樋口円香/【ピトス・エルピス】樋口円香/uru uru.csv,7,2021007030060,円香,私も同感です,樋口円香,【ピトス・エルピス】樋口円香,uru uru
樋口円香/【ピトス・エルピス】樋口円香/uru uru.csv,10,2021007030070,円香,うるっと？,樋口円香,【ピトス・エルピス】樋口円香,uru uru
樋口円香/【ピトス・エルピス】樋口円香/uru uru.csv,12,2021007030080,円香,はい,樋口円香,【ピトス・エルピス】樋口円香,uru uru
樋口円香/【ピトス・エルピス】樋口円香/uru uru.csv,14,2021007030090,円香,……何,樋口円香,【ピトス・エルピス】樋口円香,uru uru
樋口円香/【ピトス・エルピス】樋口円香/uru uru.csv,17,2021007030100,円香,残念でしたね,樋口円香,【ピトス・エルピス】樋口円香,uru uru
樋口円香/【ピトス・エルピス】樋口円香/uru uru.csv,20,2021007030110,円香,…………,樋口円香,【ピトス・エルピス】樋口円香,uru uru
樋口円香/【ピトス・エルピス】樋口円香/uru uru.csv,23,2021007030120,円香,…………,樋口円香,【ピトス・エルピス】樋口円香,uru uru
樋口円香/【ピトス・エルピス】樋口円香/uru uru.csv,24,2021007030130,円香,──……,樋口円香,【ピトス・エルピス】樋口円香,uru uru
樋口円香/【ピトス・エルピス】樋口円香/uru uru.csv,25,2021007030140,円香,──…………,樋口円香,【ピトス・エルピス】樋口円香,uru uru
樋口円香/【ピトス・エルピス】樋口円香/uru uru.csv,26,2021007030150,円香,ん……,樋口円香,【ピトス・エルピス】樋口円香,uru uru
樋口円香/【ピトス・エルピス】樋口円香/uru uru.csv,28,2021007030160,円香,すみません、すぐに出ます,樋口円香,【ピトス・エルピス】樋口円香,uru uru
樋口円香/【ピトス・エルピス】樋口円香/uru uru.csv,32,2021007030170,円香,いえ、特には,樋口円香,【ピトス・エルピス】樋口円香,uru uru
樋口円香/【ピトス・エルピス】樋口円香/uru uru.csv,33,2021007030180,円香,……,樋口円香,【ピトス・エルピス】樋口円香,uru uru
樋口円香/【ピトス・エルピス】樋口円香/uru uru.csv,34,2021007030190,円香,んん…………,樋口円香,【ピトス・エルピス】樋口円香,uru uru
樋口円香/【ピトス・エルピス】樋口円香/uru uru.csv,38,2021007030200,円香,…………,樋口円香,【ピトス・エルピス】樋口円香,uru uru
樋口円香/【ピトス・エルピス】樋口円香/uru uru.csv,39,2021007030210,円香,"……トレーナーさんにも評価いただいていますし、
求められているレベルには達しているかと",樋口円香,【ピトス・エルピス】樋口円香,uru uru
樋口円香/【ピトス・エルピス】樋口円香/uru uru.csv,42,0000000000000,円香,…………,樋口円香,【ピトス・エルピス】樋口円香,uru uru
樋口円香/【ピトス・エルピス】樋口円香/uru uru.csv,43,2021007030230,円香,私にとって、ではなく……,樋口円香,【ピトス・エルピス】樋口円香,uru uru
樋口円香/【ピトス・エルピス】樋口円香/uru uru.csv,44,2021007030240,円香,"違うものは……
違う……",樋口円香,【ピトス・エルピス】樋口円香,uru uru
樋口円香/【ピトス・エルピス】樋口円香/uru uru.csv,45,2021007030250,円香,まあ、知りませんが,樋口円香,【ピトス・エルピス】樋口円香,uru uru
樋口円香/【ピトス・エルピス】樋口円香/uru uru.csv,49,2021007030260,円香,"……まあ、そうかもしれませんね
軽く休ませておきます",樋口円香,【ピトス・エルピス】樋口円香,uru uru
樋口円香/【ピトス・エルピス】樋口円香/uru uru.csv,51,2021007030270,円香,歌は喉を使うだけではありません,樋口円香,【ピトス・エルピス】樋口円香,uru uru
樋口円香/【ピトス・エルピス】樋口円香/uru uru.csv,53,2021007030280,円香,"……歌について学ぶほど
必要なのは技術なのだと思います",樋口円香,【ピトス・エルピス】樋口円香,uru uru
樋口円香/【ピトス・エルピス】樋口円香/uru uru.csv,54,2021007030290,円香,精巧な技術がなくてはならない,樋口円香,【ピトス・エルピス】樋口円香,uru uru
樋口円香/【ピトス・エルピス】樋口円香/uru uru.csv,55,2021007030300,円香,"感動も陶酔も、
自由で伸びやかに見せるのも技術",樋口円香,【ピトス・エルピス】樋口円香,uru uru
樋口円香/【ピトス・エルピス】樋口円香/uru uru.csv,56,2021007030310,円香,なんて、語るにはおこがましいレベルですが,樋口円香,【ピトス・エルピス】樋口円香,uru uru
樋口円香/【ピトス・エルピス】樋口円香/uru uru.csv,60,2021007030320,円香,……そうですか,樋口円香,【ピトス・エルピス】樋口円香,uru uru
樋口円香/【ピトス・エルピス】樋口円香/uru uru.csv,63,2021007030330,円香,……え？,樋口円香,【ピトス・エルピス】樋口円香,uru uru
樋口円香/【ピトス・エルピス】樋口円香/uru uru.csv,65,0000000000000,円香,…………,樋口円香,【ピトス・エルピス】樋口円香,uru uru
樋口円香/【ピトス・エルピス】樋口円香/uru uru.csv,66,2021007030350,円香,"そもそも美しくありません
私にとっては",樋口円香,【ピトス・エルピス】樋口円香,uru uru
樋口円香/【フリークス・アリー】樋口円香/Dive.csv,6,2021013010010,円香,…………,樋口円香,【フリークス・アリー】樋口円香,Dive
樋口円香/【フリークス・アリー】樋口円香/Dive.csv,9,2021013010020,円香,……,樋口円香,【フリークス・アリー】樋口円香,Dive
樋口円香/【フリークス・アリー】樋口円香/Dive.csv,12,2021013010030,円香,"作品を拝見しましたが
万人受けではないですよね",樋口円香,【フリークス・アリー】樋口円香,Dive
樋口円香/【フリークス・アリー】樋口円香/Dive.csv,15,2021013010040,円香,……台本を読んでから判断してほしいと？,樋口円香,【フリークス・アリー】樋口円香,Dive
樋口円香/【フリークス・アリー】樋口円香/Dive.csv,18,2021013010050,円香,"モノクロフィルムの映画なのに
鮮やかな印象を受けました",樋口円香,【フリークス・アリー】樋口円香,Dive
樋口円香/【フリークス・アリー】樋口円香/Dive.csv,19,2021013010060,円香,歪んでいるのに、イノセント,樋口円香,【フリークス・アリー】樋口円香,Dive
樋口円香/【フリークス・アリー】樋口円香/Dive.csv,20,2021013010070,円香,"台本から受けた印象に近いです
軸にこの作品があるからだと……そう感じました",樋口円香,【フリークス・アリー】樋口円香,Dive
樋口円香/【フリークス・アリー】樋口円香/Dive.csv,25,2021013010080,円香,"はじめまして、樋口円香です
お招きいただきありがとうございました",樋口円香,【フリークス・アリー】樋口円香,Dive
樋口円香/【フリークス・アリー】樋口円香/Dive.csv,32,2021013010090,円香,そこまでして、どうして私を？,樋口円香,【フリークス・アリー】樋口円香,Dive
樋口円香/【フリークス・アリー】樋口円香/Dive.csv,33,2021013010100,円香,台本を読ませていただきましたが,樋口円香,【フリークス・アリー】樋口円香,Dive
樋口円香/【フリークス・アリー】樋口円香/Dive.csv,34,2021013010110,円香,"この役が私でないと表現できないかと言われたら
そうではない気がして",樋口円香,【フリークス・アリー】樋口円香,Dive
樋口円香/【フリークス・アリー】樋口円香/Dive.csv,37,2021013010120,円香,私の……？,樋口円香,【フリークス・アリー】樋口円香,Dive
樋口円香/【フリークス・アリー】樋口円香/Dive.csv,46,2021013010130,円香,"あなたもどちらかといえば
そちら側では？",樋口円香,【フリークス・アリー】樋口円香,Dive
樋口円香/【フリークス・アリー】樋口円香/Dive.csv,47,2021013010140,円香,スーツを着た芸術家,樋口円香,【フリークス・アリー】樋口円香,Dive
樋口円香/【フリークス・アリー】樋口円香/Dive.csv,50,2021013010150,円香,……,樋口円香,【フリークス・アリー】樋口円香,Dive
樋口円香/【フリークス・アリー】樋口円香/Dive.csv,52,2021013010160,円香,"そうですね……
……やってみます",樋口円香,【フリークス・アリー】樋口円香,Dive
樋口円香/【フリークス・アリー】樋口円香/Dive.csv,53,2021013010170,円香,私も行きます,樋口円香,【フリークス・アリー】樋口円香,Dive
樋口円香/【フリークス・アリー】樋口円香/Dive.csv,56,2021013010180,円香,"……まだ、そこまででは
ただ……",樋口円香,【フリークス・アリー】樋口円香,Dive
樋口円香/【フリークス・アリー】樋口円香/Dive.csv,57,2021013010190,円香,"監督が私を通して見たものが
……────",樋口円香,【フリークス・アリー】樋口円香,Dive
樋口円香/【フリークス・アリー】樋口円香/Dive.csv,59,2021013010200,円香,……さあ,樋口円香,【フリークス・アリー】樋口円香,Dive
樋口円香/【フリークス・アリー】樋口円香/Dive.csv,63,2021013010210,円香,"……あなたが受けてもいいというなら
私は問題ありません",樋口円香,【フリークス・アリー】樋口円香,Dive
樋口円香/【フリークス・アリー】樋口円香/Dive.csv,64,2021013010220,円香,興味はあるので,樋口円香,【フリークス・アリー】樋口円香,Dive
樋口円香/【フリークス・アリー】樋口円香/Underground.csv,11,2021013040060,円香,さあ、どうだか,樋口円香,【フリークス・アリー】樋口円香,Underground
樋口円香/【フリークス・アリー】樋口円香/Underground.csv,17,2021013040070,円香,"こちらこそ
私でよければ",樋口円香,【フリークス・アリー】樋口円香,Underground
樋口円香/【フリークス・アリー】樋口円香/Underground.csv,20,2021013040080,円香,……ありがとうございます,樋口円香,【フリークス・アリー】樋口円香,Underground
樋口円香/【フリークス・アリー】樋口円香/Underground.csv,22,2021013040090,円香,彼が人間だったこと？,樋口円香,【フリークス・アリー】樋口円香,Underground
樋口円香/【フリークス・アリー】樋口円香/Underground.csv,27,2021013040100,円香,そうですね,樋口円香,【フリークス・アリー】樋口円香,Underground
樋口円香/【フリークス・アリー】樋口円香/Underground.csv,28,2021013040110,円香,"メイド長が吸血鬼だったことにも
気付かないまま",樋口円香,【フリークス・アリー】樋口円香,Underground
樋口円香/【フリークス・アリー】樋口円香/Underground.csv,29,2021013040120,円香,"……チョコレートに何が入っているかも
知らないで",樋口円香,【フリークス・アリー】樋口円香,Underground
樋口円香/【フリークス・アリー】樋口円香/Underground.csv,34,2021013040130,円香,……咎めているんですか？,樋口円香,【フリークス・アリー】樋口円香,Underground
樋口円香/【フリークス・アリー】樋口円香/Underground.csv,37,2021013040140,円香,そうですね,樋口円香,【フリークス・アリー】樋口円香,Underground
樋口円香/【フリークス・アリー】樋口円香/Underground.csv,38,2021013040150,円香,"受け取る側がそう感じたなら
それがあなたにとっての解釈ってことで",樋口円香,【フリークス・アリー】樋口円香,Underground
樋口円香/【フリークス・アリー】樋口円香/Underground.csv,41,2021013040160,円香,"さあ、理解出来ますか？
あなたに",樋口円香,【フリークス・アリー】樋口円香,Underground
樋口円香/【フリークス・アリー】樋口円香/Underground.csv,46,2021013040200,円香,……,樋口円香,【フリークス・アリー】樋口円香,Underground
樋口円香/【フリークス・アリー】樋口円香/Underground.csv,48,2021013040210,円香,"チョコレート、あまりをいただいたので
おすそ分けです",樋口円香,【フリークス・アリー】樋口円香,Underground
樋口円香/【フリークス・アリー】樋口円香/Underground.csv,49,2021013040220,円香,……その味を覚えておいてください,樋口円香,【フリークス・アリー】樋口円香,Underground
樋口円香/【フリークス・アリー】樋口円香/Underground.csv,50,2021013040230,円香,いつか私がそう望んだ時のためにでも,樋口円香,【フリークス・アリー】樋口円香,Underground
樋口円香/【フリークス・アリー】樋口円香/Wallow.csv,13,2021013110010,円香,……こちらこそ,樋口円香,【フリークス・アリー】樋口円香,Wallow
樋口円香/【フリークス・アリー】樋口円香/Wallow.csv,14,2021013110020,円香,"私なりの表現を探るなど
挑戦的な試みができて、いい刺激になりました",樋口円香,【フリークス・アリー】樋口円香,Wallow
樋口円香/【フリークス・アリー】樋口円香/Wallow.csv,15,2021013110030,円香,"ここまで拘りを持って作られた作品に
携わることができて光栄です",樋口円香,【フリークス・アリー】樋口円香,Wallow
樋口円香/【フリークス・アリー】樋口円香/Wallow.csv,16,2021013110040,円香,ありがとうございました,樋口円香,【フリークス・アリー】樋口円香,Wallow
樋口円香/【フリークス・アリー】樋口円香/Wallow.csv,21,2021013110050,円香,…………,樋口円香,【フリークス・アリー】樋口円香,Wallow
樋口円香/【フリークス・アリー】樋口円香/Wallow.csv,23,2021013110060,円香,……お疲れ様です,樋口円香,【フリークス・アリー】樋口円香,Wallow
樋口円香/【フリークス・アリー】樋口円香/Wallow.csv,25,2021013110070,円香,"はい。あなたのシーン
怯えや興奮が伝わってきて、印象的でした",樋口円香,【フリークス・アリー】樋口円香,Wallow
樋口円香/【フリークス・アリー】樋口円香/Wallow.csv,29,2021013110080,円香,……お芝居が好きなんですね,樋口円香,【フリークス・アリー】樋口円香,Wallow
樋口円香/【フリークス・アリー】樋口円香/Wallow.csv,30,2021013110090,円香,情熱を感じます,樋口円香,【フリークス・アリー】樋口円香,Wallow
樋口円香/【フリークス・アリー】樋口円香/Wallow.csv,35,2021013110100,円香,……,樋口円香,【フリークス・アリー】樋口円香,Wallow
樋口円香/【フリークス・アリー】樋口円香/Wallow.csv,39,2021013110110,円香,…………,樋口円香,【フリークス・アリー】樋口円香,Wallow
樋口円香/【フリークス・アリー】樋口円香/Wallow.csv,43,2021013110120,円香,……言葉遊び,樋口円香,【フリークス・アリー】樋口円香,Wallow
樋口円香/【フリークス・アリー】樋口円香/Wallow.csv,45,2021013110130,円香,"はい
……そういうことらしいので。失礼します",樋口円香,【フリークス・アリー】樋口円香,Wallow
樋口円香/【フリークス・アリー】樋口円香/Wallow.csv,46,2021013110140,円香,あなたはどちらの意味で言ったんですか？,樋口円香,【フリークス・アリー】樋口円香,Wallow
樋口円香/【フリークス・アリー】樋口円香/Wallow.csv,48,2021013110150,円香,"そんなところだろうとは
思いましたが",樋口円香,【フリークス・アリー】樋口円香,Wallow
樋口円香/【フリークス・アリー】樋口円香/Wallow.csv,50,2021013110160,円香,……,樋口円香,【フリークス・アリー】樋口円香,Wallow
樋口円香/【フリークス・アリー】樋口円香/Wallow.csv,52,2021013110170,円香,…………,樋口円香,【フリークス・アリー】樋口円香,Wallow
樋口円香/【フリークス・アリー】樋口円香/into.csv,8,2021013020010,円香,情熱的ですね,樋口円香,【フリークス・アリー】樋口円香,into
樋口円香/【フリークス・アリー】樋口円香/into.csv,9,2021013020020,円香,"私に表現するほどの熱意が
あるかというと",樋口円香,【フリークス・アリー】樋口円香,into
樋口円香/【フリークス・アリー】樋口円香/into.csv,10,2021013020030,円香,……あなたの方が、馴染みがあるのでは？,樋口円香,【フリークス・アリー】樋口円香,into
樋口円香/【フリークス・アリー】樋口円香/into.csv,11,2021013020040,円香,"仮に、私がビジネスを度外視した活動がしたいと言ったら
あなたは快く背中を押しますよね",樋口円香,【フリークス・アリー】樋口円香,into
樋口円香/【フリークス・アリー】樋口円香/into.csv,12,2021013020050,円香,それがあなたの美学だから,樋口円香,【フリークス・アリー】樋口円香,into
樋口円香/【フリークス・アリー】樋口円香/into.csv,15,2021013020060,円香,嫌なひと,樋口円香,【フリークス・アリー】樋口円香,into
樋口円香/【フリークス・アリー】樋口円香/into.csv,16,2021013020070,円香,…………,樋口円香,【フリークス・アリー】樋口円香,into
樋口円香/【フリークス・アリー】樋口円香/into.csv,26,2021013020080,円香,…………,樋口円香,【フリークス・アリー】樋口円香,into
樋口円香/【フリークス・アリー】樋口円香/into.csv,28,2021013020090,円香,……,樋口円香,【フリークス・アリー】樋口円香,into
樋口円香/【フリークス・アリー】樋口円香/into.csv,31,2021013020100,円香,……ありがとうございます,樋口円香,【フリークス・アリー】樋口円香,into
樋口円香/【フリークス・アリー】樋口円香/into.csv,32,2021013020110,円香,"あなたもメイド役ですよね
よろしくお願いします",樋口円香,【フリークス・アリー】樋口円香,into
樋口円香/【フリークス・アリー】樋口円香/into.csv,36,2021013020120,円香,事務所の中でも競争が？,樋口円香,【フリークス・アリー】樋口円香,into
樋口円香/【フリークス・アリー】樋口円香/into.csv,38,2021013020130,円香,……それほど大きな事務所ではないので,樋口円香,【フリークス・アリー】樋口円香,into
樋口円香/【フリークス・アリー】樋口円香/into.csv,41,2021013020140,円香,"さすがにもう、それほど甘い世界ではないと
身に染みています",樋口円香,【フリークス・アリー】樋口円香,into
樋口円香/【フリークス・アリー】樋口円香/into.csv,45,2021013020150,円香,……,樋口円香,【フリークス・アリー】樋口円香,into
樋口円香/【フリークス・アリー】樋口円香/into.csv,48,2021013020160,円香,"……それが本気なら
安易に言わないほうがいいのでは",樋口円香,【フリークス・アリー】樋口円香,into
樋口円香/【フリークス・アリー】樋口円香/into.csv,49,2021013020170,円香,"中途半端に引き止められても
面倒ですから",樋口円香,【フリークス・アリー】樋口円香,into
樋口円香/【フリークス・アリー】樋口円香/into.csv,54,2021013020180,円香,"一応
ひと通りは教えていただきました",樋口円香,【フリークス・アリー】樋口円香,into
樋口円香/【フリークス・アリー】樋口円香/into.csv,58,2021013020190,円香,そう……,樋口円香,【フリークス・アリー】樋口円香,into
樋口円香/【フリークス・アリー】樋口円香/into.csv,59,2021013020200,円香,ええ、特には,樋口円香,【フリークス・アリー】樋口円香,into
樋口円香/【フリークス・アリー】樋口円香/into.csv,60,2021013020210,円香,"台本の内容に触れていくのは
次回からですよね",樋口円香,【フリークス・アリー】樋口円香,into
樋口円香/【フリークス・アリー】樋口円香/into.csv,63,2021013020220,円香,はい,樋口円香,【フリークス・アリー】樋口円香,into
樋口円香/【フリークス・アリー】樋口円香/into.csv,64,2021013020230,円香,…………,樋口円香,【フリークス・アリー】樋口円香,into
樋口円香/【フリークス・アリー】樋口円香/into.csv,65,2021013020240,円香,"いえ、今日は帰ります
ワークショップで食べたばかりなので",樋口円香,【フリークス・アリー】樋口円香,into
樋口円香/【フリークス・アリー】樋口円香/into.csv,67,2021013020250,円香,"はい
日常生活でも使えそうな技術なので",樋口円香,【フリークス・アリー】樋口円香,into
樋口円香/【フリークス・アリー】樋口円香/into.csv,68,2021013020260,円香,"できるだけ手慣れて見えるように
家でも動いてみるつもりです",樋口円香,【フリークス・アリー】樋口円香,into
樋口円香/【フリークス・アリー】樋口円香/into.csv,70,2021013020270,円香,……,樋口円香,【フリークス・アリー】樋口円香,into
樋口円香/【フリークス・アリー】樋口円香/the.csv,21,2021013030030,円香,……,樋口円香,【フリークス・アリー】樋口円香,the
樋口円香/【フリークス・アリー】樋口円香/the.csv,25,2021013030040,円香,"大丈夫です
まだ余力があるので",樋口円香,【フリークス・アリー】樋口円香,the
樋口円香/【フリークス・アリー】樋口円香/the.csv,27,2021013030050,円香,"監督の目には
私がどう映っていますか",樋口円香,【フリークス・アリー】樋口円香,the
樋口円香/【フリークス・アリー】樋口円香/the.csv,28,2021013030060,円香,私は……,樋口円香,【フリークス・アリー】樋口円香,the
樋口円香/【フリークス・アリー】樋口円香/the.csv,29,2021013030070,円香,……美しい、とは,樋口円香,【フリークス・アリー】樋口円香,the
樋口円香/【フリークス・アリー】樋口円香/the.csv,30,2021013030080,円香,うまく言語化できませんが,樋口円香,【フリークス・アリー】樋口円香,the
樋口円香/【フリークス・アリー】樋口円香/the.csv,32,2021013030090,円香,"……監督の、美しいは
背徳的ですよね",樋口円香,【フリークス・アリー】樋口円香,the
樋口円香/【フリークス・アリー】樋口円香/the.csv,36,2021013030100,円香,"……その美しさは
監督の心にあるものを描いているんですか",樋口円香,【フリークス・アリー】樋口円香,the
樋口円香/【フリークス・アリー】樋口円香/the.csv,37,2021013030110,円香,それとも、渇望から？,樋口円香,【フリークス・アリー】樋口円香,the
樋口円香/【フリークス・アリー】樋口円香/the.csv,40,2021013030120,円香,……ありません,樋口円香,【フリークス・アリー】樋口円香,the
樋口円香/【フリークス・アリー】樋口円香/the.csv,41,2021013030130,円香,空も、海も,樋口円香,【フリークス・アリー】樋口円香,the
樋口円香/【フリークス・アリー】樋口円香/the.csv,43,2021013030140,円香,……,樋口円香,【フリークス・アリー】樋口円香,the
樋口円香/【フリークス・アリー】樋口円香/the.csv,45,2021013030150,円香,"……いえ
何もありません",樋口円香,【フリークス・アリー】樋口円香,the
樋口円香/【フリークス・アリー】樋口円香/the.csv,49,2021013030160,円香,……,樋口円香,【フリークス・アリー】樋口円香,the
樋口円香/【フリークス・アリー】樋口円香/the.csv,56,2021013030170,円香,……お言葉に甘えて,樋口円香,【フリークス・アリー】樋口円香,the
樋口円香/【フリークス・アリー】樋口円香/the.csv,57,2021013030180,円香,…………,樋口円香,【フリークス・アリー】樋口円香,the
樋口円香/【フリークス・アリー】樋口円香/the.csv,58,2021013030190,円香,そんなもの、あるわけ……,樋口円香,【フリークス・アリー】樋口円香,the
樋口円香/【フリークス・アリー】樋口円香/the.csv,62,2021013030200,円香,"いえ、あなたのそういうところは
いつものことなので",樋口円香,【フリークス・アリー】樋口円香,the
樋口円香/【フリークス・アリー】樋口円香/the.csv,63,2021013030210,円香,"あなたの意図も
大体は汲めるようになってきました",樋口円香,【フリークス・アリー】樋口円香,the
樋口円香/【フリークス・アリー】樋口円香/the.csv,64,2021013030220,円香,逆も然りですよね,樋口円香,【フリークス・アリー】樋口円香,the
樋口円香/【フリークス・アリー】樋口円香/the.csv,66,2021013030230,円香,……,樋口円香,【フリークス・アリー】樋口円香,the
樋口円香/【フリークス・アリー】樋口円香/the.csv,67,2021013030240,円香,行きましょう,樋口円香,【フリークス・アリー】樋口円香,the
樋口円香/【フリークス・アリー】樋口円香/the.csv,68,2021013030250,円香,すぐにでも、お腹に詰め込みたい気分,樋口円香,【フリークス・アリー】樋口円香,the
樋口円香/【フリークス・アリー】樋口円香/the.csv,71,2021013030260,円香,いいですね、そこで,樋口円香,【フリークス・アリー】樋口円香,the
樋口円香/【フリークス・アリー】樋口円香/the.csv,73,2021013030270,円香,……遠慮なく,樋口円香,【フリークス・アリー】樋口円香,the
樋口円香/【射陽】樋口円香/かわたれ.csv,12,0000000000000,円香,…………,樋口円香,【射陽】樋口円香,かわたれ
樋口円香/【射陽】樋口円香/かわたれ.csv,14,3021008020130,円香,ん…………,樋口円香,【射陽】樋口円香,かわたれ
樋口円香/【射陽】樋口円香/かわたれ.csv,16,3021008020150,円香,ふわ……………………,樋口円香,【射陽】樋口円香,かわたれ
樋口円香/【射陽】樋口円香/かわたれ.csv,18,3021008020170,円香,んん…………,樋口円香,【射陽】樋口円香,かわたれ
樋口円香/【射陽】樋口円香/かわたれ.csv,19,3021008020180,円香,ん…………,樋口円香,【射陽】樋口円香,かわたれ
樋口円香/【射陽】樋口円香/かわたれ.csv,21,3021008020200,円香,あっ……,樋口円香,【射陽】樋口円香,かわたれ
樋口円香/【射陽】樋口円香/かわたれ.csv,23,3021008020220,円香,ん……,樋口円香,【射陽】樋口円香,かわたれ
樋口円香/【射陽】樋口円香/かわたれ.csv,25,3021008020240,円香,ありがとう,樋口円香,【射陽】樋口円香,かわたれ
樋口円香/【射陽】樋口円香/かわたれ.csv,26,3021008020250,円香,"……側溝に落ちるところだったね
拾ってくれて助かった",樋口円香,【射陽】樋口円香,かわたれ
樋口円香/【射陽】樋口円香/かわたれ.csv,29,3021008020280,円香,ん、おはよ,樋口円香,【射陽】樋口円香,かわたれ
樋口円香/【射陽】樋口円香/かわたれ.csv,30,3021008020290,円香,"うしろにいたんだ
気付かなかった",樋口円香,【射陽】樋口円香,かわたれ
樋口円香/【射陽】樋口円香/かわたれ.csv,32,3021008020310,円香,……拾ってくれたこれ、知ってる？,樋口円香,【射陽】樋口円香,かわたれ
樋口円香/【射陽】樋口円香/かわたれ.csv,34,3021008020330,円香,そう。これ────,樋口円香,【射陽】樋口円香,かわたれ
樋口円香/【射陽】樋口円香/かわたれ.csv,35,3021008020340,円香,駅の──……………………,樋口円香,【射陽】樋口円香,かわたれ
樋口円香/【射陽】樋口円香/かわたれ.csv,36,3021008020350,円香,……………………,樋口円香,【射陽】樋口円香,かわたれ
樋口円香/【射陽】樋口円香/かわたれ.csv,37,3021008020351,灯織＆円香,………………,樋口円香,【射陽】樋口円香,かわたれ
樋口円香/【射陽】樋口円香/かわたれ.csv,38,3021008020352,灯織＆円香,ふふっ……,樋口円香,【射陽】樋口円香,かわたれ
樋口円香/【射陽】樋口円香/かわたれ.csv,39,3021008020360,円香,……これ、駅の近くにしか売ってないんだけど、おすすめ,樋口円香,【射陽】樋口円香,かわたれ
樋口円香/【射陽】樋口円香/かわたれ.csv,41,3021008020380,円香,香りもないし、結構使いやすい,樋口円香,【射陽】樋口円香,かわたれ
樋口円香/【射陽】樋口円香/かわたれ.csv,42,3021008020390,円香,肌に合う合わないはあると思うけど,樋口円香,【射陽】樋口円香,かわたれ
樋口円香/【射陽】樋口円香/かわたれ.csv,45,3021008020420,円香,そう,樋口円香,【射陽】樋口円香,かわたれ
樋口円香/【射陽】樋口円香/かわたれ.csv,47,3021008020440,円香,"あ、全然……
置き忘れた本を取りに行くだけ",樋口円香,【射陽】樋口円香,かわたれ
樋口円香/【射陽】樋口円香/かわたれ.csv,49,3021008020460,円香,今日の昼が図書館の返却期限で,樋口円香,【射陽】樋口円香,かわたれ
樋口円香/【射陽】樋口円香/かわたれ.csv,50,3021008020470,円香,風野さんは仕事？,樋口円香,【射陽】樋口円香,かわたれ
樋口円香/【射陽】樋口円香/かわたれ.csv,52,3021008020490,円香,……そっちは本当に忙しそう,樋口円香,【射陽】樋口円香,かわたれ
樋口円香/【射陽】樋口円香/かわたれ.csv,53,3021008020500,円香,頑張って,樋口円香,【射陽】樋口円香,かわたれ
樋口円香/【射陽】樋口円香/かわたれ.csv,57,3021008020540,円香,"え……？
ああ、星座……？",樋口円香,【射陽】樋口円香,かわたれ
樋口円香/【射陽】樋口円香/たそがれ.csv,4,0000000000000,円香,………………,樋口円香,【射陽】樋口円香,たそがれ
樋口円香/【射陽】樋口円香/たそがれ.csv,11,3021008010100,円香,寒いなら部屋に戻ったら,樋口円香,【射陽】樋口円香,たそがれ
樋口円香/【射陽】樋口円香/たそがれ.csv,12,3021008010110,円香,"……って言ってくれる、
優しいお姉さんはここにはいないから",樋口円香,【射陽】樋口円香,たそがれ
樋口円香/【射陽】樋口円香/たそがれ.csv,13,3021008010120,円香,"自分で考えて、
ちゃんと戻りなよ",樋口円香,【射陽】樋口円香,たそがれ
樋口円香/【射陽】樋口円香/たそがれ.csv,16,3021008010150,円香,大丈夫,樋口円香,【射陽】樋口円香,たそがれ
樋口円香/【射陽】樋口円香/たそがれ.csv,19,3021008010180,円香,"別に
そういうわけじゃない",樋口円香,【射陽】樋口円香,たそがれ
樋口円香/【射陽】樋口円香/たそがれ.csv,23,3021008010220,円香,……そうなんだ,樋口円香,【射陽】樋口円香,たそがれ
樋口円香/【射陽】樋口円香/たそがれ.csv,26,3021008010250,円香,……え？,樋口円香,【射陽】樋口円香,たそがれ
樋口円香/【射陽】樋口円香/たそがれ.csv,29,3021008010280,円香,……何？,樋口円香,【射陽】樋口円香,たそがれ
樋口円香/【射陽】樋口円香/たそがれ.csv,30,3021008010290,円香,"どこかのドラマみたいなセリフ
どういう意味？",樋口円香,【射陽】樋口円香,たそがれ
樋口円香/【射陽】樋口円香/たそがれ.csv,32,0000000000000,円香,……………………,樋口円香,【射陽】樋口円香,たそがれ
樋口円香/【射陽】樋口円香/たそがれ.csv,33,3021008010320,円香,うん,樋口円香,【射陽】樋口円香,たそがれ
樋口円香/【射陽】樋口円香/たそがれ.csv,35,3021008010340,円香,そう,樋口円香,【射陽】樋口円香,たそがれ
樋口円香/【射陽】樋口円香/たそがれ.csv,36,3021008010350,円香,"……一応、教えてあげるけど
『たそがれ』に考え事をするって意味はない",樋口円香,【射陽】樋口円香,たそがれ
樋口円香/【射陽】樋口円香/たそがれ.csv,37,3021008010360,円香,"夕暮れ、それから終わりに近づく時……
そういう意味しかない",樋口円香,【射陽】樋口円香,たそがれ
樋口円香/【射陽】樋口円香/たそがれ.csv,38,3021008010370,円香,テストに出たら間違えないようにね,樋口円香,【射陽】樋口円香,たそがれ
樋口円香/【射陽】樋口円香/たそがれ.csv,40,3021008010390,円香,……話を戻すけど,樋口円香,【射陽】樋口円香,たそがれ
樋口円香/【射陽】樋口円香/たそがれ.csv,41,3021008010400,円香,私は別に『たそがれ』ていたわけじゃない,樋口円香,【射陽】樋口円香,たそがれ
樋口円香/【射陽】樋口円香/たそがれ.csv,43,3021008010420,円香,でも、そう見えたの？,樋口円香,【射陽】樋口円香,たそがれ
樋口円香/【射陽】樋口円香/たそがれ.csv,46,3021008010450,円香,……ん？,樋口円香,【射陽】樋口円香,たそがれ
樋口円香/【射陽】樋口円香/たそがれ.csv,48,3021008010470,円香,……,樋口円香,【射陽】樋口円香,たそがれ
樋口円香/【射陽】樋口円香/たそがれ.csv,49,3021008010480,円香,怒ったように見えた？,樋口円香,【射陽】樋口円香,たそがれ
樋口円香/【射陽】樋口円香/たそがれ.csv,51,3021008010500,円香,怒ってない,樋口円香,【射陽】樋口円香,たそがれ
樋口円香/【射陽】樋口円香/たそがれ.csv,52,3021008010510,円香,ごめんね,樋口円香,【射陽】樋口円香,たそがれ
樋口円香/【射陽】樋口円香/たそがれ.csv,54,3021008010530,円香,……ごめんね、小学生と接する機会があまりなくて,樋口円香,【射陽】樋口円香,たそがれ
樋口円香/【射陽】樋口円香/たそがれ.csv,55,3021008010540,円香,"いつもあなたを取り囲んでいるお姉さんたちみたいな
ああいう接し方ができないの",樋口円香,【射陽】樋口円香,たそがれ
樋口円香/【射陽】樋口円香/たそがれ.csv,57,3021008010560,円香,"だから、悪いんだけど、
あまり年を気にしない感じで接したいんだけど、いい？",樋口円香,【射陽】樋口円香,たそがれ
樋口円香/【射陽】樋口円香/たそがれ.csv,59,3021008010580,円香,"ん……
ありがとう",樋口円香,【射陽】樋口円香,たそがれ
樋口円香/【射陽】樋口円香/たそがれ.csv,60,3021008010590,円香,"それで……
もう一回、話を戻すけど",樋口円香,【射陽】樋口円香,たそがれ
樋口円香/【射陽】樋口円香/たそがれ.csv,61,3021008010600,円香,"さっきの『ご一緒しても』っていうのは……
何か、私を心配してくれたってこと？",樋口円香,【射陽】樋口円香,たそがれ
樋口円香/【射陽】樋口円香/たそがれ.csv,67,3021008010660,円香,……心配になった？,樋口円香,【射陽】樋口円香,たそがれ
樋口円香/【射陽】樋口円香/たそがれ.csv,69,3021008010680,円香,そっか,樋口円香,【射陽】樋口円香,たそがれ
樋口円香/【射陽】樋口円香/たそがれ.csv,70,3021008010690,円香,優しいんだね,樋口円香,【射陽】樋口円香,たそがれ
樋口円香/【射陽】樋口円香/たそがれ.csv,71,3021008010700,円香,"食べる？　クッキー
お腹、鳴らしてたでしょ",樋口円香,【射陽】樋口円香,たそがれ
樋口円香/【射陽】樋口円香/たそがれ.csv,73,3021008010720,円香,それはまあ,樋口円香,【射陽】樋口円香,たそがれ
樋口円香/【射陽】樋口円香/たそがれ.csv,77,3021008010760,円香,……近く？,樋口円香,【射陽】樋口円香,たそがれ
樋口円香/【射陽】樋口円香/たそがれ.csv,80,3021008010790,円香,そっか,樋口円香,【射陽】樋口円香,たそがれ
樋口円香/【射陽】樋口円香/たそがれ.csv,81,3021008010800,円香,じゃ、悪いけど案内してもらえる？,樋口円香,【射陽】樋口円香,たそがれ
樋口円香/【射陽】樋口円香/たそがれ.csv,85,3021008010840,円香,ふうん,樋口円香,【射陽】樋口円香,たそがれ
樋口円香/【射陽】樋口円香/たそがれ.csv,87,3021008010860,円香,ああ……,樋口円香,【射陽】樋口円香,たそがれ
樋口円香/【射陽】樋口円香/たそがれ.csv,88,3021008010870,円香,あなたには、空がこんなふうに見えているの,樋口円香,【射陽】樋口円香,たそがれ
樋口円香/【射陽】樋口円香/たそがれ.csv,89,3021008010880,円香,あたたかい色,樋口円香,【射陽】樋口円香,たそがれ
樋口円香/【暑熱】樋口円香/潤す.csv,2,3021013010010,円香,…………,樋口円香,【暑熱】樋口円香,潤す
樋口円香/【暑熱】樋口円香/潤す.csv,3,3021013010020,円香,……ふぁ……,樋口円香,【暑熱】樋口円香,潤す
樋口円香/【暑熱】樋口円香/潤す.csv,4,3021013010030,円香,"あー……
今日…………",樋口円香,【暑熱】樋口円香,潤す
樋口円香/【暑熱】樋口円香/潤す.csv,13,3021013010120,円香,…………,樋口円香,【暑熱】樋口円香,潤す
樋口円香/【暑熱】樋口円香/潤す.csv,20,3021013010150,円香,いってきます,樋口円香,【暑熱】樋口円香,潤す
樋口円香/【暑熱】樋口円香/潤す.csv,22,3021013010160,円香,レッスンだから,樋口円香,【暑熱】樋口円香,潤す
樋口円香/【暑熱】樋口円香/潤す.csv,27,3021013010190,円香,ん,樋口円香,【暑熱】樋口円香,潤す
樋口円香/【暑熱】樋口円香/潤す.csv,29,3021013010210,円香,……行くか,樋口円香,【暑熱】樋口円香,潤す
樋口円香/【暑熱】樋口円香/潤す.csv,32,3021013010240,円香,…………,樋口円香,【暑熱】樋口円香,潤す
樋口円香/【暑熱】樋口円香/潤す.csv,33,3021013010250,円香,…………あっつ,樋口円香,【暑熱】樋口円香,潤す
樋口円香/【暑熱】樋口円香/潤す.csv,52,3021013010440,円香,……おつ,樋口円香,【暑熱】樋口円香,潤す
樋口円香/【暑熱】樋口円香/潤す.csv,54,3021013010460,円香,…………,樋口円香,【暑熱】樋口円香,潤す
樋口円香/【暑熱】樋口円香/潤す.csv,55,3021013010470,円香,"っていうより
……暑い",樋口円香,【暑熱】樋口円香,潤す
樋口円香/【暑熱】樋口円香/潤す.csv,59,3021013010510,円香,……なんか、ずいぶん元気じゃない？,樋口円香,【暑熱】樋口円香,潤す
樋口円香/【暑熱】樋口円香/潤す.csv,61,3021013010530,円香,あー……,樋口円香,【暑熱】樋口円香,潤す
樋口円香/【暑熱】樋口円香/潤す.csv,66,3021013010580,円香,このあとレッスンとか嘘でしょ……,樋口円香,【暑熱】樋口円香,潤す
樋口円香/【暑熱】樋口円香/潤す.csv,75,3021013010630,円香,は…………,樋口円香,【暑熱】樋口円香,潤す
樋口円香/【暑熱】樋口円香/潤す.csv,87,3021013010690,円香,……仕事,樋口円香,【暑熱】樋口円香,潤す
樋口円香/【暑熱】樋口円香/潤す.csv,93,3021013010730,円香,……もっとスムーズに,樋口円香,【暑熱】樋口円香,潤す
樋口円香/【暑熱】樋口円香/潤す.csv,94,3021013010740,円香,もう一回,樋口円香,【暑熱】樋口円香,潤す
樋口円香/【水平】樋口円香/bluebird.csv,10,3021016010070,円香,……,樋口円香,【水平】樋口円香,bluebird
樋口円香/【水平】樋口円香/bluebird.csv,13,3021016010090,円香,……,樋口円香,【水平】樋口円香,bluebird
樋口円香/【水平】樋口円香/bluebird.csv,18,3021016010110,円香,……おはよ,樋口円香,【水平】樋口円香,bluebird
樋口円香/【水平】樋口円香/bluebird.csv,20,3021016010130,円香,邪魔されたくなかったら、来ないから,樋口円香,【水平】樋口円香,bluebird
樋口円香/【水平】樋口円香/bluebird.csv,23,3021016010160,円香,"プレゼン番組の動画
授業までに聴かなきゃいけないやつ",樋口円香,【水平】樋口円香,bluebird
樋口円香/【水平】樋口円香/bluebird.csv,25,3021016010170,円香,"……浅倉もあるでしょ
同じ課題",樋口円香,【水平】樋口円香,bluebird
樋口円香/【水平】樋口円香/bluebird.csv,27,3021016010190,円香,"まあ……授業まで時間あるだろうし
それまでに聴いとけば？",樋口円香,【水平】樋口円香,bluebird
樋口円香/【水平】樋口円香/bluebird.csv,40,3021016010240,円香,"……すみません、プライベートなんで
ちょっと……",樋口円香,【水平】樋口円香,bluebird
樋口円香/【水平】樋口円香/bluebird.csv,56,3021016010330,円香,"バックボード係とか応援係とか、部活対抗リレーとかに
それぞれ参加することになるんですよね",樋口円香,【水平】樋口円香,bluebird
樋口円香/【水平】樋口円香/bluebird.csv,58,3021016010340,円香,……,樋口円香,【水平】樋口円香,bluebird
樋口円香/【水平】樋口円香/bluebird.csv,59,3021016010350,円香,"……正直、モチベーションは高くないので
あまりメリットはないと思いますよ",樋口円香,【水平】樋口円香,bluebird
樋口円香/【水平】樋口円香/bluebird.csv,70,3021016010370,円香,……,樋口円香,【水平】樋口円香,bluebird
樋口円香/【水平】樋口円香/fly.csv,5,3021016020010,円香,……,樋口円香,【水平】樋口円香,fly
樋口円香/【水平】樋口円香/fly.csv,9,3021016020020,円香,まだ,樋口円香,【水平】樋口円香,fly
樋口円香/【水平】樋口円香/fly.csv,11,3021016020030,円香,"いや、私も玉入れとかでいいけど
第一希望からあぶれた時が困るから────……",樋口円香,【水平】樋口円香,fly
樋口円香/【水平】樋口円香/fly.csv,19,3021016020040,円香,……,樋口円香,【水平】樋口円香,fly
樋口円香/【水平】樋口円香/fly.csv,28,3021016020050,円香,"嬉しさとか幸せなんて
悔しさや悲しみを感じるくらいなら",樋口円香,【水平】樋口円香,fly
樋口円香/【水平】樋口円香/fly.csv,29,3021016020060,円香,"そこまでして
欲しくない",樋口円香,【水平】樋口円香,fly
樋口円香/【水平】樋口円香/fly.csv,30,3021016020070,円香,波風立てることなく,樋口円香,【水平】樋口円香,fly
樋口円香/【水平】樋口円香/fly.csv,31,3021016020080,円香,過不足なく生きているほうがまし,樋口円香,【水平】樋口円香,fly
樋口円香/【水平】樋口円香/fly.csv,36,3021016020120,円香,"来たっていうか
余りものが集められたっていうか",樋口円香,【水平】樋口円香,fly
樋口円香/【水平】樋口円香/fly.csv,41,3021016020130,円香,……バックボード係でしょ,樋口円香,【水平】樋口円香,fly
樋口円香/【水平】樋口円香/fly.csv,46,3021016020160,円香,ん,樋口円香,【水平】樋口円香,fly
樋口円香/【水平】樋口円香/fly.csv,58,3021016020190,円香,……,樋口円香,【水平】樋口円香,fly
樋口円香/【水平】樋口円香/fly.csv,64,3021016020240,円香,"結婚式
誰が着るの？",樋口円香,【水平】樋口円香,fly
樋口円香/【水平】樋口円香/fly.csv,65,3021016020250,円香,ウエディングドレス,樋口円香,【水平】樋口円香,fly
樋口円香/【水平】樋口円香/fly.csv,67,3021016020270,円香,"勝った人？
負けた人？",樋口円香,【水平】樋口円香,fly
樋口円香/【水平】樋口円香/to the sky.csv,11,3021016030060,円香,……とは？,樋口円香,【水平】樋口円香,to the sky
樋口円香/【水平】樋口円香/to the sky.csv,13,3021016030070,円香,ああ,樋口円香,【水平】樋口円香,to the sky
樋口円香/【水平】樋口円香/to the sky.csv,14,3021016030080,円香,"大丈夫
ありがとね、気にしてくれて",樋口円香,【水平】樋口円香,to the sky
樋口円香/【水平】樋口円香/to the sky.csv,15,3021016030090,円香,"……衣装
家庭科部がアレンジしたんだよね",樋口円香,【水平】樋口円香,to the sky
樋口円香/【水平】樋口円香/to the sky.csv,18,3021016030100,円香,……つまり？,樋口円香,【水平】樋口円香,to the sky
樋口円香/【水平】樋口円香/to the sky.csv,20,3021016030110,円香,……なるほど,樋口円香,【水平】樋口円香,to the sky
樋口円香/【水平】樋口円香/to the sky.csv,23,3021016030130,円香,オーケー,樋口円香,【水平】樋口円香,to the sky
樋口円香/【水平】樋口円香/to the sky.csv,28,3021016030150,円香,"そういうのはいいので
行きましょう",樋口円香,【水平】樋口円香,to the sky
樋口円香/【水平】樋口円香/to the sky.csv,31,3021016030180,円香,同感,樋口円香,【水平】樋口円香,to the sky
樋口円香/【水平】樋口円香/to the sky.csv,34,3021016030190,円香,結婚して,樋口円香,【水平】樋口円香,to the sky
樋口円香/【水平】樋口円香/to the sky.csv,35,3021016030200,円香,バラバラになって,樋口円香,【水平】樋口円香,to the sky
樋口円香/【水平】樋口円香/to the sky.csv,36,3021016030210,円香,いずれはそうなるとしても,樋口円香,【水平】樋口円香,to the sky
樋口円香/【水平】樋口円香/to the sky.csv,37,3021016030220,円香,今はまだ、想像できない,樋口円香,【水平】樋口円香,to the sky
樋口円香/【水平】樋口円香/to the sky.csv,49,3021016030300,円香,……じゃ,樋口円香,【水平】樋口円香,to the sky
樋口円香/【水平】樋口円香/to the sky.csv,50,3021016030310,円香,"騎馬戦と同じ
呼吸は私に合わせて",樋口円香,【水平】樋口円香,to the sky
樋口円香/【水平】樋口円香/to the sky.csv,51,3021016030320,円香,……せーの,樋口円香,【水平】樋口円香,to the sky
樋口円香/【水平】樋口円香/to the sky.csv,55,3021016030340,円香,幸せはいらない,樋口円香,【水平】樋口円香,to the sky
樋口円香/【水平】樋口円香/to the sky.csv,56,3021016030350,円香,だから,樋口円香,【水平】樋口円香,to the sky
樋口円香/【水平】樋口円香/to the sky.csv,57,3021016030360,円香,悲しみもなしで,樋口円香,【水平】樋口円香,to the sky
樋口円香/【水平】樋口円香/to the sky.csv,58,3021016030370,円香,……,樋口円香,【水平】樋口円香,to the sky
樋口円香/【水平】樋口円香/to the sky.csv,65,3021016030420,円香,ちゃんと働いてありついた飯だから,樋口円香,【水平】樋口円香,to the sky
樋口円香/【水平】樋口円香/to the sky.csv,67,3021016030440,円香,イヤホン、片耳外してる,樋口円香,【水平】樋口円香,to the sky
樋口円香/【水平】樋口円香/to the sky.csv,72,3021016030490,円香,"功労賞ってことだから
いいんじゃない？",樋口円香,【水平】樋口円香,to the sky
樋口円香/【水平】樋口円香/to the sky.csv,73,3021016030500,円香,"分けたってたいしたものにはならないし
みんなが納得して贈ってくれたなら",樋口円香,【水平】樋口円香,to the sky
樋口円香/【水平】樋口円香/to the sky.csv,74,3021016030510,円香,"ありがたく受け取っといた方が
渡した方も気持ちがいいだろうしね",樋口円香,【水平】樋口円香,to the sky
樋口円香/【水平】樋口円香/to the sky.csv,76,3021016030530,円香,ん,樋口円香,【水平】樋口円香,to the sky
樋口円香/【洒落】樋口円香/クリームパン.csv,2,3021009020010,円香,……あ,樋口円香,【洒落】樋口円香,クリームパン
樋口円香/【洒落】樋口円香/クリームパン.csv,3,3021009020020,円香,購買、寄る,樋口円香,【洒落】樋口円香,クリームパン
樋口円香/【洒落】樋口円香/クリームパン.csv,9,3021009020080,円香,ん……,樋口円香,【洒落】樋口円香,クリームパン
樋口円香/【洒落】樋口円香/クリームパン.csv,11,3021009020091,透＆円香,クリームパン──────,樋口円香,【洒落】樋口円香,クリームパン
樋口円香/【洒落】樋口円香/クリームパン.csv,12,3021009020100,円香,……最後のひとつなんだけど,樋口円香,【洒落】樋口円香,クリームパン
樋口円香/【洒落】樋口円香/クリームパン.csv,15,3021009020130,円香,まあ,樋口円香,【洒落】樋口円香,クリームパン
樋口円香/【洒落】樋口円香/クリームパン.csv,16,3021009020140,円香,この間、売り切れてたから,樋口円香,【洒落】樋口円香,クリームパン
樋口円香/【洒落】樋口円香/クリームパン.csv,18,3021009020160,円香,浅倉はよく食べてるでしょ,樋口円香,【洒落】樋口円香,クリームパン
樋口円香/【洒落】樋口円香/クリームパン.csv,19,3021009020170,円香,"他のにしたら
今日は",樋口円香,【洒落】樋口円香,クリームパン
樋口円香/【洒落】樋口円香/クリームパン.csv,22,3021009020200,円香,"最近っていつ？
昨日？",樋口円香,【洒落】樋口円香,クリームパン
樋口円香/【洒落】樋口円香/クリームパン.csv,25,3021009020221,透＆円香,…………………………,樋口円香,【洒落】樋口円香,クリームパン
樋口円香/【洒落】樋口円香/クリームパン.csv,26,3021009020230,円香,この前、500円貸した,樋口円香,【洒落】樋口円香,クリームパン
樋口円香/【洒落】樋口円香/クリームパン.csv,30,3021009020270,円香,傘は返した,樋口円香,【洒落】樋口円香,クリームパン
樋口円香/【洒落】樋口円香/クリームパン.csv,31,3021009020280,円香,それで500円が帳消し？,樋口円香,【洒落】樋口円香,クリームパン
樋口円香/【洒落】樋口円香/クリームパン.csv,33,3021009020300,円香,おかしいでしょ,樋口円香,【洒落】樋口円香,クリームパン
樋口円香/【洒落】樋口円香/クリームパン.csv,35,3021009020320,円香,"だからここは
譲るっていうのも、アリ",樋口円香,【洒落】樋口円香,クリームパン
樋口円香/【洒落】樋口円香/クリームパン.csv,38,3021009020350,円香,ん,樋口円香,【洒落】樋口円香,クリームパン
樋口円香/【洒落】樋口円香/クリームパン.csv,41,3021009020380,円香,…………………………,樋口円香,【洒落】樋口円香,クリームパン
樋口円香/【洒落】樋口円香/クリームパン.csv,42,3021009020390,円香,……まあ,樋口円香,【洒落】樋口円香,クリームパン
樋口円香/【洒落】樋口円香/クリームパン.csv,43,3021009020400,円香,"別に……
めっちゃってほどじゃない",樋口円香,【洒落】樋口円香,クリームパン
樋口円香/【洒落】樋口円香/クリームパン.csv,46,3021009020430,円香,いやおかしいでしょ,樋口円香,【洒落】樋口円香,クリームパン
樋口円香/【洒落】樋口円香/クリームパン.csv,48,3021009020450,円香,浅倉は食べたいの？,樋口円香,【洒落】樋口円香,クリームパン
樋口円香/【洒落】樋口円香/クリームパン.csv,50,3021009020470,円香,ふーん,樋口円香,【洒落】樋口円香,クリームパン
樋口円香/【洒落】樋口円香/クリームパン.csv,51,3021009020480,円香,じゃ、もらっていい？,樋口円香,【洒落】樋口円香,クリームパン
樋口円香/【洒落】樋口円香/クリームパン.csv,54,3021009020510,円香,……,樋口円香,【洒落】樋口円香,クリームパン
樋口円香/【洒落】樋口円香/クリームパン.csv,57,3021009020540,円香,………………,樋口円香,【洒落】樋口円香,クリームパン
樋口円香/【洒落】樋口円香/クリームパン.csv,58,3021009020550,円香,いい、もう,樋口円香,【洒落】樋口円香,クリームパン
樋口円香/【洒落】樋口円香/クリームパン.csv,60,3021009020570,円香,あげる,樋口円香,【洒落】樋口円香,クリームパン
樋口円香/【洒落】樋口円香/クリームパン.csv,61,3021009020580,円香,"他のにするから
どうぞ",樋口円香,【洒落】樋口円香,クリームパン
樋口円香/【洒落】樋口円香/クリームパン.csv,68,3021009020641,透＆円香,…………………………,樋口円香,【洒落】樋口円香,クリームパン
樋口円香/【洒落】樋口円香/クリームパン.csv,71,3021009020661,透＆円香,…………………………,樋口円香,【洒落】樋口円香,クリームパン
樋口円香/【洒落】樋口円香/クリームパン.csv,72,3021009020662,透＆円香,まだ,樋口円香,【洒落】樋口円香,クリームパン
樋口円香/【洒落】樋口円香/麻婆豆腐.csv,9,3021009010080,円香,"あ
次、頂戴",樋口円香,【洒落】樋口円香,麻婆豆腐
樋口円香/【洒落】樋口円香/麻婆豆腐.csv,11,3021009010100,円香,……浅倉は？　いる？,樋口円香,【洒落】樋口円香,麻婆豆腐
樋口円香/【洒落】樋口円香/麻婆豆腐.csv,14,3021009010130,円香,…………,樋口円香,【洒落】樋口円香,麻婆豆腐
樋口円香/【洒落】樋口円香/麻婆豆腐.csv,15,3021009010140,円香,２リットル、もうなくなった,樋口円香,【洒落】樋口円香,麻婆豆腐
樋口円香/【洒落】樋口円香/麻婆豆腐.csv,19,3021009010180,円香,……でも後からじわじわ来る,樋口円香,【洒落】樋口円香,麻婆豆腐
樋口円香/【洒落】樋口円香/麻婆豆腐.csv,28,3021009010210,円香,…………やば……,樋口円香,【洒落】樋口円香,麻婆豆腐
樋口円香/【洒落】樋口円香/麻婆豆腐.csv,35,3021009010230,円香,目の毒,樋口円香,【洒落】樋口円香,麻婆豆腐
樋口円香/【洒落】樋口円香/麻婆豆腐.csv,37,3021009010250,円香,見すぎ,樋口円香,【洒落】樋口円香,麻婆豆腐
樋口円香/【洒落】樋口円香/麻婆豆腐.csv,38,3021009010260,円香,……全員やばい顔してたから,樋口円香,【洒落】樋口円香,麻婆豆腐
樋口円香/【洒落】樋口円香/麻婆豆腐.csv,42,3021009010290,円香,……ナシだけどアリ,樋口円香,【洒落】樋口円香,麻婆豆腐
樋口円香/【洒落】樋口円香/麻婆豆腐.csv,46,3021009010292,円香＆雛菜,……………………,樋口円香,【洒落】樋口円香,麻婆豆腐
樋口円香/【洒落】樋口円香/麻婆豆腐.csv,54,3021009010330,円香,"普通ならね
でも仕事なら──",樋口円香,【洒落】樋口円香,麻婆豆腐
樋口円香/【洒落】樋口円香/麻婆豆腐.csv,56,3021009010350,円香,"ゴールデンのバラエティでしょ
ノクチルに来た話",樋口円香,【洒落】樋口円香,麻婆豆腐
樋口円香/【洒落】樋口円香/麻婆豆腐.csv,58,3021009010360,円香,……これもゴールデンのバラエティ,樋口円香,【洒落】樋口円香,麻婆豆腐
樋口円香/【洒落】樋口円香/麻婆豆腐.csv,64,3021009010400,円香,……これは？,樋口円香,【洒落】樋口円香,麻婆豆腐
樋口円香/【洒落】樋口円香/麻婆豆腐.csv,72,3021009010450,円香,……全員やばい顔してたから,樋口円香,【洒落】樋口円香,麻婆豆腐
樋口円香/【洒落】樋口円香/麻婆豆腐.csv,73,3021009010460,円香,麻婆豆腐、食べ終わってないし,樋口円香,【洒落】樋口円香,麻婆豆腐
樋口円香/【洒落】樋口円香/麻婆豆腐.csv,77,3021009010490,円香,……ナシだけどアリ,樋口円香,【洒落】樋口円香,麻婆豆腐
樋口円香/【湯巡】樋口円香/【湯巡】樋口円香_かけ流しの旅.csv,3,3021018010020,円香,はい、身体だけで,樋口円香,【湯巡】樋口円香,【湯巡】樋口円香_かけ流しの旅
樋口円香/【湯巡】樋口円香/【湯巡】樋口円香_かけ流しの旅.csv,10,3021018010081,甜花＆円香＆美琴,お疲れ様、でした……！,樋口円香,【湯巡】樋口円香,【湯巡】樋口円香_かけ流しの旅
樋口円香/【湯巡】樋口円香/【湯巡】樋口円香_かけ流しの旅.csv,16,3021018010140,円香,雪見風呂って言うんだって,樋口円香,【湯巡】樋口円香,【湯巡】樋口円香_かけ流しの旅
樋口円香/【湯巡】樋口円香/【湯巡】樋口円香_かけ流しの旅.csv,17,3021018010150,円香,"キャンペーンサイトに掲載する
体験レポート頼まれてたし",樋口円香,【湯巡】樋口円香,【湯巡】樋口円香_かけ流しの旅
樋口円香/【湯巡】樋口円香/【湯巡】樋口円香_かけ流しの旅.csv,18,3021018010160,円香,"たぶんアピールポイントだろうから
書いておけば喜ばれるんじゃない？",樋口円香,【湯巡】樋口円香,【湯巡】樋口円香_かけ流しの旅
樋口円香/【湯巡】樋口円香/【湯巡】樋口円香_かけ流しの旅.csv,23,3021018010210,円香,"ゆっくり浸かれるようにとか
そんなところでは",樋口円香,【湯巡】樋口円香,【湯巡】樋口円香_かけ流しの旅
樋口円香/【湯巡】樋口円香/【湯巡】樋口円香_かけ流しの旅.csv,27,3021018010250,円香,…………,樋口円香,【湯巡】樋口円香,【湯巡】樋口円香_かけ流しの旅
樋口円香/【湯巡】樋口円香/【湯巡】樋口円香_かけ流しの旅.csv,32,3021018010300,円香,"実際溶けてるんじゃない？
知らないけど",樋口円香,【湯巡】樋口円香,【湯巡】樋口円香_かけ流しの旅
樋口円香/【湯巡】樋口円香/【湯巡】樋口円香_かけ流しの旅.csv,37,3021018010340,円香,"……ずいぶんのんびりしてるけど
運営の人からもらったの、外湯めぐり券だよね",樋口円香,【湯巡】樋口円香,【湯巡】樋口円香_かけ流しの旅
樋口円香/【湯巡】樋口円香/【湯巡】樋口円香_かけ流しの旅.csv,40,3021018010370,円香,"どうする？
今から別のところ行くなら、さすがに休憩挟みたいけど",樋口円香,【湯巡】樋口円香,【湯巡】樋口円香_かけ流しの旅
樋口円香/【湯巡】樋口円香/【湯巡】樋口円香_かけ流しの旅.csv,45,3021018010420,円香,ステイ,樋口円香,【湯巡】樋口円香,【湯巡】樋口円香_かけ流しの旅
樋口円香/【湯巡】樋口円香/【湯巡】樋口円香_かけ流しの旅.csv,47,3021018010440,円香,……とりあえず出ない？,樋口円香,【湯巡】樋口円香,【湯巡】樋口円香_かけ流しの旅
樋口円香/【湯巡】樋口円香/【湯巡】樋口円香_かけ流しの旅.csv,50,3021018010470,円香,"……じゃ
アイスクリーム食べながら作戦会議",樋口円香,【湯巡】樋口円香,【湯巡】樋口円香_かけ流しの旅
樋口円香/【漠漠】樋口円香/帰宅.csv,2,3021012030010,円香,…………,樋口円香,【漠漠】樋口円香,帰宅
樋口円香/【漠漠】樋口円香/帰宅.csv,3,3021012030020,円香,どうしてこうなった……,樋口円香,【漠漠】樋口円香,帰宅
樋口円香/【漠漠】樋口円香/帰宅.csv,4,3021012030030,円香,──ちょっとそれ貸して,樋口円香,【漠漠】樋口円香,帰宅
樋口円香/【漠漠】樋口円香/帰宅.csv,6,3021012030050,円香,持ち歩いているのも変でしょ,樋口円香,【漠漠】樋口円香,帰宅
樋口円香/【漠漠】樋口円香/帰宅.csv,7,3021012030060,円香,"まとめて鞄に入れとく
解散する時、出すから",樋口円香,【漠漠】樋口円香,帰宅
樋口円香/【漠漠】樋口円香/帰宅.csv,8,3021012030070,円香,……,樋口円香,【漠漠】樋口円香,帰宅
樋口円香/【漠漠】樋口円香/帰宅.csv,9,3021012030080,円香,……出すの忘れてた,樋口円香,【漠漠】樋口円香,帰宅
樋口円香/【漠漠】樋口円香/帰宅.csv,10,3021012030090,円香,あー,樋口円香,【漠漠】樋口円香,帰宅
樋口円香/【漠漠】樋口円香/帰宅.csv,17,3021012030160,円香,…………,樋口円香,【漠漠】樋口円香,帰宅
樋口円香/【漠漠】樋口円香/帰宅.csv,18,3021012030170,円香,……今、隣に置いてきてもいいけど,樋口円香,【漠漠】樋口円香,帰宅
樋口円香/【漠漠】樋口円香/帰宅.csv,19,3021012030180,円香,いいか,樋口円香,【漠漠】樋口円香,帰宅
樋口円香/【漠漠】樋口円香/帰宅.csv,20,3021012030190,円香,しばらくの間だけ,樋口円香,【漠漠】樋口円香,帰宅
樋口円香/【漠漠】樋口円香/帰宅.csv,21,3021012030200,円香,………………,樋口円香,【漠漠】樋口円香,帰宅
樋口円香/【漠漠】樋口円香/帰宅.csv,22,3021012030210,円香,手紙……,樋口円香,【漠漠】樋口円香,帰宅
樋口円香/【漠漠】樋口円香/帰宅.csv,30,3021012030220,円香,…………,樋口円香,【漠漠】樋口円香,帰宅
樋口円香/【漠漠】樋口円香/帰宅.csv,31,3021012030230,円香,こっちは、逆に,樋口円香,【漠漠】樋口円香,帰宅
樋口円香/【漠漠】樋口円香/帰宅.csv,32,3021012030240,円香,あんな遠くにもファンがいたのかって思うけど,樋口円香,【漠漠】樋口円香,帰宅
樋口円香/【漠漠】樋口円香/帰宅.csv,33,3021012030250,円香,……,樋口円香,【漠漠】樋口円香,帰宅
樋口円香/【漠漠】樋口円香/帰宅.csv,34,3021012030260,円香,それから、ずっと並べておくのは……,樋口円香,【漠漠】樋口円香,帰宅
樋口円香/【漠漠】樋口円香/帰宅.csv,35,3021012030270,円香,……,樋口円香,【漠漠】樋口円香,帰宅
樋口円香/【漠漠】樋口円香/帰宅.csv,36,3021012030280,円香,ノクチル,樋口円香,【漠漠】樋口円香,帰宅
樋口円香/【漠漠】樋口円香/帰宅.csv,37,3021012030290,円香,……ノクチル,樋口円香,【漠漠】樋口円香,帰宅
樋口円香/【漠漠】樋口円香/帰宅.csv,38,3021012030300,円香,…………,樋口円香,【漠漠】樋口円香,帰宅
樋口円香/【漠漠】樋口円香/帰宅.csv,39,3021012030310,円香,私は,樋口円香,【漠漠】樋口円香,帰宅
樋口円香/【漠漠】樋口円香/帰宅.csv,40,3021012030320,円香,なんでノクチルなんだっけ,樋口円香,【漠漠】樋口円香,帰宅
樋口円香/【漠漠】樋口円香/帰宅.csv,41,3021012030330,円香,浅倉がおかしな芸能事務所に騙されないため？,樋口円香,【漠漠】樋口円香,帰宅
樋口円香/【漠漠】樋口円香/帰宅.csv,42,3021012030340,円香,"もういいでしょ
そういうのは",樋口円香,【漠漠】樋口円香,帰宅
樋口円香/【漠漠】樋口円香/帰宅.csv,43,3021012030350,円香,理由がない,樋口円香,【漠漠】樋口円香,帰宅
樋口円香/【漠漠】樋口円香/帰宅.csv,44,3021012030360,円香,もうノクチルを続ける理由がない,樋口円香,【漠漠】樋口円香,帰宅
樋口円香/【漠漠】樋口円香/帰宅.csv,45,3021012030370,円香,私は,樋口円香,【漠漠】樋口円香,帰宅
樋口円香/【漠漠】樋口円香/帰宅.csv,46,3021012030380,円香,………………いや何,樋口円香,【漠漠】樋口円香,帰宅
樋口円香/【漠漠】樋口円香/帰宅.csv,50,3021012030390,円香,……何やってんの,樋口円香,【漠漠】樋口円香,帰宅
樋口円香/【漠漠】樋口円香/帰宅.csv,51,3021012030400,円香,"──割と空腹が限界
ごはんって……",樋口円香,【漠漠】樋口円香,帰宅
樋口円香/【漠漠】樋口円香/帰宅.csv,54,3021012030410,円香,んー,樋口円香,【漠漠】樋口円香,帰宅
樋口円香/【漠漠】樋口円香/帰宅.csv,56,3021012030420,円香,山盛り,樋口円香,【漠漠】樋口円香,帰宅
樋口円香/【漠漠】樋口円香/潮風.csv,7,3021012020060,円香,オッケー,樋口円香,【漠漠】樋口円香,潮風
樋口円香/【漠漠】樋口円香/潮風.csv,8,3021012020070,円香,やば,樋口円香,【漠漠】樋口円香,潮風
樋口円香/【漠漠】樋口円香/潮風.csv,9,3021012020080,円香,電車、１時間後,樋口円香,【漠漠】樋口円香,潮風
樋口円香/【漠漠】樋口円香/潮風.csv,11,3021012020100,円香,"各駅なら何本かあるけど
乗り換えだるいでしょ",樋口円香,【漠漠】樋口円香,潮風
樋口円香/【漠漠】樋口円香/潮風.csv,17,3021012020150,円香,"……
とりあえず……",樋口円香,【漠漠】樋口円香,潮風
樋口円香/【漠漠】樋口円香/潮風.csv,18,3021012020160,円香,食べ物じゃない？,樋口円香,【漠漠】樋口円香,潮風
樋口円香/【漠漠】樋口円香/潮風.csv,21,3021012020190,円香,知らん,樋口円香,【漠漠】樋口円香,潮風
樋口円香/【漠漠】樋口円香/潮風.csv,30,3021012020280,円香,"漁船があるなら、
食堂もありそうなのに",樋口円香,【漠漠】樋口円香,潮風
樋口円香/【漠漠】樋口円香/潮風.csv,32,3021012020300,円香,ない,樋口円香,【漠漠】樋口円香,潮風
樋口円香/【漠漠】樋口円香/潮風.csv,33,3021012020310,円香,正確にはあるけど遠い,樋口円香,【漠漠】樋口円香,潮風
樋口円香/【漠漠】樋口円香/潮風.csv,35,3021012020330,円香,"口コミもないし、営業時間も書いてない
リスクが大きい",樋口円香,【漠漠】樋口円香,潮風
樋口円香/【漠漠】樋口円香/潮風.csv,37,3021012020350,円香,今日はごはん抜きで,樋口円香,【漠漠】樋口円香,潮風
樋口円香/【漠漠】樋口円香/潮風.csv,40,3021012020380,円香,"電車？
じゃあ戻るか",樋口円香,【漠漠】樋口円香,潮風
樋口円香/【漠漠】樋口円香/潮風.csv,42,3021012020400,円香,"ああ……
ぬいぐるみ？",樋口円香,【漠漠】樋口円香,潮風
樋口円香/【漠漠】樋口円香/潮風.csv,43,3021012020410,円香,あげる,樋口円香,【漠漠】樋口円香,潮風
樋口円香/【漠漠】樋口円香/潮風.csv,45,3021012020430,円香,飾る場所ないし,樋口円香,【漠漠】樋口円香,潮風
樋口円香/【漠漠】樋口円香/潮風.csv,48,3021012020460,円香,……え、ファンが来てたの？,樋口円香,【漠漠】樋口円香,潮風
樋口円香/【漠漠】樋口円香/潮風.csv,50,3021012020480,円香,……酔狂,樋口円香,【漠漠】樋口円香,潮風
樋口円香/【漠漠】樋口円香/潮風.csv,52,3021012020500,円香,……各人で持ち帰ったらバラバラになるけど,樋口円香,【漠漠】樋口円香,潮風
樋口円香/【漠漠】樋口円香/潮風.csv,55,3021012020530,円香,どこでもいい,樋口円香,【漠漠】樋口円香,潮風
樋口円香/【漠漠】樋口円香/潮風.csv,60,3021012020580,円香,…………,樋口円香,【漠漠】樋口円香,潮風
樋口円香/【漠漠】樋口円香/潮風.csv,62,3021012020600,円香,……２時間後,樋口円香,【漠漠】樋口円香,潮風
樋口円香/【漠漠】樋口円香/潮風.csv,65,3021012020620,円香,……さすがにちょっと,樋口円香,【漠漠】樋口円香,潮風
樋口円香/【漠漠】樋口円香/潮風.csv,66,3021012020630,円香,ポンコツすぎる,樋口円香,【漠漠】樋口円香,潮風
樋口円香/【漠漠】樋口円香/線路.csv,44,3021012010310,円香,……ん,樋口円香,【漠漠】樋口円香,線路
樋口円香/【漠漠】樋口円香/線路.csv,45,3021012010320,円香,駅弁は？,樋口円香,【漠漠】樋口円香,線路
樋口円香/【漠漠】樋口円香/線路.csv,48,3021012010350,円香,ところどころ,樋口円香,【漠漠】樋口円香,線路
樋口円香/【漠漠】樋口円香/線路.csv,49,3021012010360,円香,…………,樋口円香,【漠漠】樋口円香,線路
樋口円香/【漠漠】樋口円香/線路.csv,50,3021012010370,円香,"……もう現地に着いてから食べたら
仕事が始まるまで少しは時間あるでしょ",樋口円香,【漠漠】樋口円香,線路
樋口円香/【漠漠】樋口円香/線路.csv,52,3021012010390,円香,あるある,樋口円香,【漠漠】樋口円香,線路
樋口円香/【漠漠】樋口円香/線路.csv,54,3021012010410,円香,それじゃ,樋口円香,【漠漠】樋口円香,線路
樋口円香/【漠漠】樋口円香/線路.csv,56,3021012010430,円香,ん、空腹も紛れるし,樋口円香,【漠漠】樋口円香,線路
樋口円香/【漠漠】樋口円香/線路.csv,57,3021012010440,円香,着いたら起こして,樋口円香,【漠漠】樋口円香,線路
樋口円香/【漠漠】樋口円香/線路.csv,61,3021012010470,円香,店がない,樋口円香,【漠漠】樋口円香,線路
樋口円香/【無色】樋口圆香/ストロボ.csv,3,3021014020020,円香,ありきたり,樋口円香,【無色】樋口圆香,ストロボ
樋口円香/【無色】樋口圆香/ストロボ.csv,7,3021014020060,円香,うわ、寒そう,樋口円香,【無色】樋口圆香,ストロボ
樋口円香/【無色】樋口圆香/ストロボ.csv,14,3021014020130,円香,"……正直
うちらじゃ不利",樋口円香,【無色】樋口圆香,ストロボ
樋口円香/【無色】樋口圆香/ストロボ.csv,15,3021014020140,円香,"インフルエンサーとか配信者とか、
自分を自分でプロデュースするプロが集まってるんだから",樋口円香,【無色】樋口圆香,ストロボ
樋口円香/【無色】樋口圆香/ストロボ.csv,16,3021014020150,円香,"撮影も、楽しむ演出も、
お手の物でしょ",樋口円香,【無色】樋口圆香,ストロボ
樋口円香/【無色】樋口圆香/ストロボ.csv,20,3021014020190,円香,……いや,樋口円香,【無色】樋口圆香,ストロボ
樋口円香/【無色】樋口圆香/ストロボ.csv,21,3021014020200,円香,"頼らなくていい
うちらはノクチルとしてどう仕事するか考えよ",樋口円香,【無色】樋口圆香,ストロボ
樋口円香/【無色】樋口圆香/ストロボ.csv,33,3021014020320,円香,"化学的じゃない？
どちらかというと",樋口円香,【無色】樋口圆香,ストロボ
樋口円香/【無色】樋口圆香/ストロボ.csv,36,3021014020340,円香,……ええ,樋口円香,【無色】樋口圆香,ストロボ
樋口円香/【無色】樋口圆香/ストロボ.csv,44,3021014020370,円香,…………！,樋口円香,【無色】樋口圆香,ストロボ
樋口円香/【無色】樋口圆香/ストロボ.csv,46,3021014020390,円香,……やめて,樋口円香,【無色】樋口圆香,ストロボ
樋口円香/【無色】樋口圆香/ストロボ.csv,49,3021014020420,円香,"いい……もう
言わないで",樋口円香,【無色】樋口圆香,ストロボ
樋口円香/【無色】樋口圆香/ストロボ.csv,51,3021014020440,円香,本気？,樋口円香,【無色】樋口圆香,ストロボ
樋口円香/【無色】樋口圆香/ストロボ.csv,54,3021014020470,円香,…………,樋口円香,【無色】樋口圆香,ストロボ
樋口円香/【無色】樋口圆香/ストロボ.csv,58,3021014020510,円香,眩し……,樋口円香,【無色】樋口圆香,ストロボ
樋口円香/【無色】樋口圆香/ストロボ.csv,60,3021014020520,円香,先程の……,樋口円香,【無色】樋口圆香,ストロボ
樋口円香/【無色】樋口圆香/ストロボ.csv,62,3021014020530,円香,………………,樋口円香,【無色】樋口圆香,ストロボ
樋口円香/【無色】樋口圆香/ストロボ.csv,63,3021014020540,円香,"……その、ストロボ
貸して頂いても？",樋口円香,【無色】樋口圆香,ストロボ
樋口円香/【無色】樋口圆香/ストロボ.csv,68,3021014020580,円香,結局,樋口円香,【無色】樋口圆香,ストロボ
樋口円香/【無色】樋口圆香/ストロボ.csv,69,3021014020590,円香,"一瞬だったね
うちらが映ったの",樋口円香,【無色】樋口圆香,ストロボ
樋口円香/【無色】樋口圆香/雨に彗.csv,19,3021014010140,円香,バーベキュー,樋口円香,【無色】樋口圆香,雨に彗
樋口円香/【無色】樋口圆香/雨に彗.csv,27,3021014010170,円香,"……インフルエンサーとか動画配信者ばかり
私たち、少し浮いてるんじゃない？",樋口円香,【無色】樋口圆香,雨に彗
樋口円香/【無色】樋口圆香/雨に彗.csv,34,3021014010240,円香,"どうせだから、
『幻想的な雪』っぽく撮っといてよ",樋口円香,【無色】樋口圆香,雨に彗
樋口円香/【無色】樋口圆香/雨に彗.csv,36,3021014010260,円香,エンジョイ勢ってことで,樋口円香,【無色】樋口圆香,雨に彗
樋口円香/【無色】樋口圆香/雨に彗.csv,39,3021014010290,円香,さあ,樋口円香,【無色】樋口圆香,雨に彗
樋口円香/【無色】樋口圆香/雨に彗.csv,44,3021014010330,円香,"のんきに食べてるの
私たちくらいかもね",樋口円香,【無色】樋口圆香,雨に彗
樋口円香/【無色】樋口圆香/雨に彗.csv,45,3021014010340,円香,このままじゃ画にもならない,樋口円香,【無色】樋口圆香,雨に彗
樋口円香/【無色】樋口圆香/雨に彗.csv,53,3021014010420,円香,"現実にはないことを、心に思い描くこと
……だって",樋口円香,【無色】樋口圆香,雨に彗
樋口円香/【無色】樋口圆香/雨に彗.csv,54,3021014010430,円香,心に思い描く、非現実的な雪,樋口円香,【無色】樋口圆香,雨に彗
樋口円香/【無色】樋口圆香/雨に彗.csv,55,3021014010440,円香,さぞ……────────,樋口円香,【無色】樋口圆香,雨に彗
樋口円香/【遊魚】樋口円香/乾かす.csv,3,3021004020020,円香,こっち見ろー,樋口円香,【遊魚】樋口円香,乾かす
樋口円香/【遊魚】樋口円香/乾かす.csv,8,3021004020070,円香,"……
なんか焦げ臭いんだけど",樋口円香,【遊魚】樋口円香,乾かす
樋口円香/【遊魚】樋口円香/乾かす.csv,9,3021004020080,円香,"あ……
浅倉、ちょっと近づけすぎ",樋口円香,【遊魚】樋口円香,乾かす
樋口円香/【遊魚】樋口円香/乾かす.csv,11,3021004020100,円香,"焦げたら意味ないでしょ
借りてる衣装だって意識ある？",樋口円香,【遊魚】樋口円香,乾かす
樋口円香/【遊魚】樋口円香/乾かす.csv,13,3021004020120,円香,"はいはい
その言葉は聞き飽きた",樋口円香,【遊魚】樋口円香,乾かす
樋口円香/【遊魚】樋口円香/乾かす.csv,18,3021004020160,円香,"乾きにくそうな部分に、
当てておくだけでもマシでしょ",樋口円香,【遊魚】樋口円香,乾かす
樋口円香/【遊魚】樋口円香/乾かす.csv,21,3021004020190,円香,…………,樋口円香,【遊魚】樋口円香,乾かす
樋口円香/【遊魚】樋口円香/乾かす.csv,22,3021004020200,円香,千円崩してくるから待ってて,樋口円香,【遊魚】樋口円香,乾かす
樋口円香/【遊魚】樋口円香/乾かす.csv,24,3021004020220,円香,"ああ……両替機は無いみたいだから
自販機で水でも買ってくれる？",樋口円香,【遊魚】樋口円香,乾かす
樋口円香/【遊魚】樋口円香/乾かす.csv,26,3021004020240,円香,……雛菜？　何片付けてんの,樋口円香,【遊魚】樋口円香,乾かす
樋口円香/【遊魚】樋口円香/乾かす.csv,28,3021004020260,円香,それじゃ朝までに乾かないでしょ,樋口円香,【遊魚】樋口円香,乾かす
樋口円香/【遊魚】樋口円香/乾かす.csv,30,3021004020280,円香,"ありがと
あと、小糸は雛菜を引き止めておいて",樋口円香,【遊魚】樋口円香,乾かす
樋口円香/【遊魚】樋口円香/乾かす.csv,32,3021004020300,円香,……浅倉、100円玉,樋口円香,【遊魚】樋口円香,乾かす
樋口円香/【遊魚】樋口円香/乾かす.csv,34,3021004020320,円香,"20円で１分を続けてても意味ないでしょ
100円玉なら５分使える",樋口円香,【遊魚】樋口円香,乾かす
樋口円香/【遊魚】樋口円香/乾かす.csv,35,3021004020330,円香,ほら、雛菜のも100円入れたから、持って,樋口円香,【遊魚】樋口円香,乾かす
樋口円香/【遊魚】樋口円香/乾かす.csv,36,3021004020340,円香,……雛菜…………雛菜？,樋口円香,【遊魚】樋口円香,乾かす
樋口円香/【遊魚】樋口円香/乾かす.csv,38,3021004020360,円香,衣装も置きっぱなしで？,樋口円香,【遊魚】樋口円香,乾かす
樋口円香/【遊魚】樋口円香/乾かす.csv,39,3021004020370,円香,"……
それじゃ、このドライヤーは小糸に",樋口円香,【遊魚】樋口円香,乾かす
樋口円香/【遊魚】樋口円香/乾かす.csv,41,3021004020390,円香,自分の乾かしなよ,樋口円香,【遊魚】樋口円香,乾かす
樋口円香/【遊魚】樋口円香/乾かす.csv,43,3021004020410,円香,…………,樋口円香,【遊魚】樋口円香,乾かす
樋口円香/【遊魚】樋口円香/乾かす.csv,44,3021004020420,円香,いい,樋口円香,【遊魚】樋口円香,乾かす
樋口円香/【遊魚】樋口円香/乾かす.csv,46,3021004020440,円香,……焦がすでしょ,樋口円香,【遊魚】樋口円香,乾かす
樋口円香/【遊魚】樋口円香/乾かす.csv,48,3021004020460,円香,いいから自分のに集中して,樋口円香,【遊魚】樋口円香,乾かす
樋口円香/【遊魚】樋口円香/乾かす.csv,50,3021004020480,円香,……,樋口円香,【遊魚】樋口円香,乾かす
樋口円香/【遊魚】樋口円香/乾かす.csv,52,3021004020500,円香,……何,樋口円香,【遊魚】樋口円香,乾かす
樋口円香/【遊魚】樋口円香/乾かす.csv,54,3021004020520,円香,えっ,樋口円香,【遊魚】樋口円香,乾かす
樋口円香/【遊魚】樋口円香/乾かす.csv,57,3021004020550,円香,──～～！！,樋口円香,【遊魚】樋口円香,乾かす
樋口円香/【遊魚】樋口円香/乾かす.csv,58,3021004020560,円香,な、何か、足に触った……！,樋口円香,【遊魚】樋口円香,乾かす
樋口円香/【遊魚】樋口円香/乾かす.csv,61,3021004020590,円香,えっ、ちょっと小糸……！,樋口円香,【遊魚】樋口円香,乾かす
樋口円香/【遊魚】樋口円香/乾かす.csv,62,3021004020600,円香,……浅倉……,樋口円香,【遊魚】樋口円香,乾かす
樋口円香/【遊魚】樋口円香/乾かす.csv,64,3021004020620,円香,……バッタ、どこかやって,樋口円香,【遊魚】樋口円香,乾かす
樋口円香/【遊魚】樋口円香/乾かす.csv,66,3021004020640,円香,"両手がドライヤーでふさがってるの
見てわからない……？",樋口円香,【遊魚】樋口円香,乾かす
樋口円香/【遊魚】樋口円香/乾かす.csv,67,3021004020650,円香,……５分、長……！,樋口円香,【遊魚】樋口円香,乾かす
樋口円香/【遊魚】樋口円香/乾かす.csv,70,3021004020680,円香,え……,樋口円香,【遊魚】樋口円香,乾かす
樋口円香/【遊魚】樋口円香/乾かす.csv,72,3021004020700,円香,や………！！,樋口円香,【遊魚】樋口円香,乾かす
樋口円香/【遊魚】樋口円香/乾かす.csv,77,3021004020750,円香,………………バッタは……ね,樋口円香,【遊魚】樋口円香,乾かす
樋口円香/【遊魚】樋口円香/乾かす.csv,78,3021004020751,透＆円香＆小糸,…………,樋口円香,【遊魚】樋口円香,乾かす
樋口円香/【遊魚】樋口円香/乾かす.csv,79,3021004020760,円香,…………,樋口円香,【遊魚】樋口円香,乾かす
樋口円香/【遊魚】樋口円香/乾かす.csv,80,3021004020770,円香,……自然乾燥にしよう,樋口円香,【遊魚】樋口円香,乾かす
樋口円香/【遊魚】樋口円香/賭ける.csv,3,3021004030020,円香,千円,樋口円香,【遊魚】樋口円香,賭ける
樋口円香/【遊魚】樋口円香/賭ける.csv,6,3021004030050,円香,"だって小学生の時なんでしょ
絶対、千円と一万円を間違えてる",樋口円香,【遊魚】樋口円香,賭ける
樋口円香/【遊魚】樋口円香/賭ける.csv,15,3021004030131,透＆円香＆小糸,千円,樋口円香,【遊魚】樋口円香,賭ける
樋口円香/【遊魚】樋口円香/賭ける.csv,17,3021004030150,円香,……賭けにならない,樋口円香,【遊魚】樋口円香,賭ける
樋口円香/【遊魚】樋口円香/賭ける.csv,18,3021004030160,円香,ちょっと貸して,樋口円香,【遊魚】樋口円香,賭ける
樋口円香/【遊魚】樋口円香/賭ける.csv,19,3021004030170,円香,……これ、小銭も入ってる,樋口円香,【遊魚】樋口円香,賭ける
樋口円香/【遊魚】樋口円香/賭ける.csv,20,3021004030180,円香,………1320円,樋口円香,【遊魚】樋口円香,賭ける
樋口円香/【遊魚】樋口円香/賭ける.csv,31,3021004030290,円香,"上げすぎじゃない？
小学生の雛菜だよ",樋口円香,【遊魚】樋口円香,賭ける
樋口円香/【遊魚】樋口円香/賭ける.csv,33,3021004030310,円香,"……
そりゃ、500円玉多めって可能性もあるけど",樋口円香,【遊魚】樋口円香,賭ける
樋口円香/【遊魚】樋口円香/賭ける.csv,35,3021004030330,円香,……調子いい,樋口円香,【遊魚】樋口円香,賭ける
樋口円香/【遊魚】樋口円香/賭ける.csv,38,3021004030360,円香,違う,樋口円香,【遊魚】樋口円香,賭ける
樋口円香/【遊魚】樋口円香/賭ける.csv,39,3021004030370,円香,……一万、とんで320円,樋口円香,【遊魚】樋口円香,賭ける
樋口円香/【遊魚】樋口円香/賭ける.csv,40,3021004030380,円香,ダンゴで勝負しても仕方ないでしょ,樋口円香,【遊魚】樋口円香,賭ける
樋口円香/【遊魚】樋口円香/賭ける.csv,41,3021004030390,円香,勝算は無いけどね,樋口円香,【遊魚】樋口円香,賭ける
樋口円香/【遊魚】樋口円香/賭ける.csv,47,3021004030450,円香,……そのままでいいよ,樋口円香,【遊魚】樋口円香,賭ける
樋口円香/【遊魚】樋口円香/賭ける.csv,53,3021004030501,透＆円香＆小糸,………………,樋口円香,【遊魚】樋口円香,賭ける
樋口円香/【遊魚】樋口円香/賭ける.csv,56,3021004030530,円香,……嘘でしょ,樋口円香,【遊魚】樋口円香,賭ける
樋口円香/【遊魚】樋口円香/賭ける.csv,58,3021004030550,円香,予想外すぎる,樋口円香,【遊魚】樋口円香,賭ける
樋口円香/【遊魚】樋口円香/賭ける.csv,63,3021004030600,円香,……,樋口円香,【遊魚】樋口円香,賭ける
樋口円香/【遊魚】樋口円香/賭ける.csv,64,3021004030610,円香,"それ、これからは４人で貯めてくんでしょ
この部屋に置いとくの？",樋口円香,【遊魚】樋口円香,賭ける
樋口円香/【遊魚】樋口円香/賭ける.csv,66,3021004030630,円香,"……ってことは、いつか
またここで開封式するってことね",樋口円香,【遊魚】樋口円香,賭ける
樋口円香/【遊魚】樋口円香/賭ける.csv,67,3021004030640,円香,"小糸が買いに行く時、呼んで
一緒に選ぶから",樋口円香,【遊魚】樋口円香,賭ける
樋口円香/【遊魚】樋口円香/賭ける.csv,69,3021004030660,円香,……そうじゃなくて,樋口円香,【遊魚】樋口円香,賭ける
樋口円香/【遊魚】樋口円香/賭ける.csv,70,3021004030670,円香,"割ったのはいいけど、
この後始末、誰もやる気ないでしょ",樋口円香,【遊魚】樋口円香,賭ける
樋口円香/【遊魚】樋口円香/賭ける.csv,72,3021004030680,円香,…………うん,樋口円香,【遊魚】樋口円香,賭ける
樋口円香/【遊魚】樋口円香/賭ける.csv,73,3021004030690,円香,"私も選ぶから
割らなくていいやつ",樋口円香,【遊魚】樋口円香,賭ける
樋口円香/【遊魚】樋口円香/飲む.csv,2,3021004010010,円香,……小糸,樋口円香,【遊魚】樋口円香,飲む
樋口円香/【遊魚】樋口円香/飲む.csv,3,3021004010020,円香,喉、乾かない？,樋口円香,【遊魚】樋口円香,飲む
樋口円香/【遊魚】樋口円香/飲む.csv,5,3021004010040,円香,オッケー,樋口円香,【遊魚】樋口円香,飲む
樋口円香/【遊魚】樋口円香/飲む.csv,7,3021004010060,円香,"……でも、何？
買っちゃったけど",樋口円香,【遊魚】樋口円香,飲む
樋口円香/【遊魚】樋口円香/飲む.csv,10,3021004010090,円香,……,樋口円香,【遊魚】樋口円香,飲む
樋口円香/【遊魚】樋口円香/飲む.csv,11,3021004010100,円香,"いつも飴くれるでしょ
それのお返し",樋口円香,【遊魚】樋口円香,飲む
樋口円香/【遊魚】樋口円香/飲む.csv,13,3021004010120,円香,……,樋口円香,【遊魚】樋口円香,飲む
樋口円香/【遊魚】樋口円香/飲む.csv,14,3021004010130,円香,じゃ、口止め料ってことで,樋口円香,【遊魚】樋口円香,飲む
樋口円香/【遊魚】樋口円香/飲む.csv,15,3021004010140,円香,"今日、小糸が自主練してたこと、
誰にも言わない",樋口円香,【遊魚】樋口円香,飲む
樋口円香/【遊魚】樋口円香/飲む.csv,16,3021004010150,円香,その証ってことにして,樋口円香,【遊魚】樋口円香,飲む
樋口円香/【遊魚】樋口円香/飲む.csv,19,3021004010180,円香,"ふふっ
ま、細かいことは気にしない",樋口円香,【遊魚】樋口円香,飲む
樋口円香/【遊魚】樋口円香/飲む.csv,24,3021004010230,円香,……,樋口円香,【遊魚】樋口円香,飲む
樋口円香/【遊魚】樋口円香/飲む.csv,27,3021004010260,円香,……,樋口円香,【遊魚】樋口円香,飲む
樋口円香/【遊魚】樋口円香/飲む.csv,29,3021004010280,円香,……ん,樋口円香,【遊魚】樋口円香,飲む
樋口円香/【遊魚】樋口円香/飲む.csv,30,3021004010290,円香,ま、その口止め料にはならないんだけどね,樋口円香,【遊魚】樋口円香,飲む
樋口円香/【遊魚】樋口円香/飲む.csv,31,3021004010300,円香,"言ったでしょ？
私は自主練というより気分転換だって",樋口円香,【遊魚】樋口円香,飲む
樋口円香/【遊魚】樋口円香/飲む.csv,32,3021004010310,円香,"だから、小糸とは違う
……私も隠したいみたいに言うのやめてくれる？",樋口円香,【遊魚】樋口円香,飲む
樋口円香/【遊魚】樋口円香/飲む.csv,34,3021004010330,円香,……別に,樋口円香,【遊魚】樋口円香,飲む
樋口円香/【遊魚】樋口円香/飲む.csv,35,3021004010340,円香,小糸が気付いてないだけ,樋口円香,【遊魚】樋口円香,飲む
樋口円香/【遊魚】樋口円香/飲む.csv,37,3021004010360,円香,……私は……,樋口円香,【遊魚】樋口円香,飲む
樋口円香/【遊魚】樋口円香/飲む.csv,38,3021004010370,円香,"さっきからずっと、
小糸をからかってるだけなんだけど",樋口円香,【遊魚】樋口円香,飲む
樋口円香/【遊魚】樋口円香/飲む.csv,40,3021004010390,円香,……何？　ビックリした,樋口円香,【遊魚】樋口円香,飲む
樋口円香/【遊魚】樋口円香/飲む.csv,42,3021004010410,円香,"買っちゃった
レモンティー",樋口円香,【遊魚】樋口円香,飲む
樋口円香/【遊魚】樋口円香/飲む.csv,44,3021004010430,円香,……もしかして昨日のお返し？　もういいって,樋口円香,【遊魚】樋口円香,飲む
樋口円香/【遊魚】樋口円香/飲む.csv,47,3021004010460,円香,……はあ？,樋口円香,【遊魚】樋口円香,飲む
樋口円香/【遊魚】樋口円香/飲む.csv,48,3021004010470,円香,何？　小糸からもいつも貰ってるでしょって言えばいいの？,樋口円香,【遊魚】樋口円香,飲む
樋口円香/【遊魚】樋口円香/飲む.csv,49,3021004010480,円香,キリが無いんだけど,樋口円香,【遊魚】樋口円香,飲む
樋口円香/【遊魚】樋口円香/飲む.csv,51,3021004010500,円香,……とにかく、今はもう自分で買ったから今度にして,樋口円香,【遊魚】樋口円香,飲む
樋口円香/【遊魚】樋口円香/飲む.csv,52,3021004010510,円香,……また河原で会った時とか,樋口円香,【遊魚】樋口円香,飲む
樋口円香/【遊魚】樋口円香/飲む.csv,55,3021004010540,円香,自販機、何か買いに来たんじゃないの？,樋口円香,【遊魚】樋口円香,飲む
樋口円香/【遊魚】樋口円香/飲む.csv,57,3021004010560,円香,……,樋口円香,【遊魚】樋口円香,飲む
樋口円香/【遊魚】樋口円香/飲む.csv,58,3021004010570,円香,……まあ,樋口円香,【遊魚】樋口円香,飲む
樋口円香/【遊魚】樋口円香/飲む.csv,59,3021004010580,円香,また会うかどうかはわからないけど,樋口円香,【遊魚】樋口円香,飲む
樋口円香/【閑話】樋口円香/水滴.csv,4,3021003010030,円香,"……ちょっとテーブル拭く
ふたりともノート上げて",樋口円香,【閑話】樋口円香,水滴
樋口円香/【閑話】樋口円香/水滴.csv,7,3021003010060,円香,飲み物、置きっぱなしだから,樋口円香,【閑話】樋口円香,水滴
樋口円香/【閑話】樋口円香/水滴.csv,8,3021003010070,円香,"片付けたら
もう勉強しないでしょ",樋口円香,【閑話】樋口円香,水滴
樋口円香/【閑話】樋口円香/水滴.csv,11,3021003010100,円香,まだ,樋口円香,【閑話】樋口円香,水滴
樋口円香/【閑話】樋口円香/水滴.csv,12,3021003010110,円香,……今、ついたみたい,樋口円香,【閑話】樋口円香,水滴
樋口円香/【閑話】樋口円香/水滴.csv,14,3021003010130,円香,……何見てるの,樋口円香,【閑話】樋口円香,水滴
樋口円香/【閑話】樋口円香/水滴.csv,15,3021003010140,円香,"……
クレーンゲーム？",樋口円香,【閑話】樋口円香,水滴
樋口円香/【閑話】樋口円香/水滴.csv,21,3021003010191,透＆円香,おつかれ,樋口円香,【閑話】樋口円香,水滴
樋口円香/【閑話】樋口円香/水滴.csv,27,3021003010250,円香,ちょっとっていうか、ずっとね,樋口円香,【閑話】樋口円香,水滴
樋口円香/【閑話】樋口円香/水滴.csv,33,3021003010310,円香,そんなところまで行ってきたの？,樋口円香,【閑話】樋口円香,水滴
樋口円香/【閑話】樋口円香/水滴.csv,35,3021003010330,円香,"小糸、シェイク
──溶けるよ、どうでもいいけど",樋口円香,【閑話】樋口円香,水滴
樋口円香/【閑話】樋口円香/水滴.csv,37,3021003010350,円香,……課題、少し休んでからにしたら？,樋口円香,【閑話】樋口円香,水滴
樋口円香/【閑話】樋口円香/水滴.csv,40,3021003010380,円香,"じゃ、やりながらでいいから
口開けて、ポテト",樋口円香,【閑話】樋口円香,水滴
樋口円香/【閑話】樋口円香/水滴.csv,42,3021003010400,円香,ん,樋口円香,【閑話】樋口円香,水滴
樋口円香/【閑話】樋口円香/水滴.csv,45,3021003010430,円香,……ほら、あーん,樋口円香,【閑話】樋口円香,水滴
樋口円香/【閑話】樋口円香/水滴.csv,48,3021003010460,円香,……小糸,樋口円香,【閑話】樋口円香,水滴
樋口円香/【閑話】樋口円香/水滴.csv,49,3021003010470,円香,ハムスターみたい,樋口円香,【閑話】樋口円香,水滴
樋口円香/【閑話】樋口円香/水滴.csv,52,3021003010500,円香,ごめん、やりすぎた,樋口円香,【閑話】樋口円香,水滴
樋口円香/【閑話】樋口円香/水滴.csv,54,3021003010520,円香,雛菜、課題は？,樋口円香,【閑話】樋口円香,水滴
樋口円香/【閑話】樋口円香/水滴.csv,61,3021003010590,円香,自分で買ったんでしょ,樋口円香,【閑話】樋口円香,水滴
樋口円香/【閑話】樋口円香/水滴.csv,65,3021003010630,円香,雛菜,樋口円香,【閑話】樋口円香,水滴
樋口円香/【閑話】樋口円香/水滴.csv,67,3021003010650,円香,"乗せて食べれば
──プリンパイに",樋口円香,【閑話】樋口円香,水滴
樋口円香/【閑話】樋口円香/水滴.csv,72,3021003010700,円香,ね、贅沢,樋口円香,【閑話】樋口円香,水滴
樋口円香/【閑話】樋口円香/水滴.csv,74,3021003010720,円香,アイス、私にも一口,樋口円香,【閑話】樋口円香,水滴
樋口円香/【閑話】樋口円香/水滴.csv,76,3021003010740,円香,食べ終わったら帰ろう,樋口円香,【閑話】樋口円香,水滴
樋口円香/【閑話】樋口円香/水滴.csv,78,3021003010760,円香,そりゃね、ほぼやってないから,樋口円香,【閑話】樋口円香,水滴
樋口円香/【閑話】樋口円香/水滴.csv,81,3021003010790,円香,残りは各自で,樋口円香,【閑話】樋口円香,水滴
樋口円香/【閑話】樋口円香/飴玉.csv,3,3021003020020,円香,はいはい,樋口円香,【閑話】樋口円香,飴玉
樋口円香/【閑話】樋口円香/飴玉.csv,10,3021003020090,円香,"……このぬいぐるみ？
さっき浅倉と見てたやつ",樋口円香,【閑話】樋口円香,飴玉
樋口円香/【閑話】樋口円香/飴玉.csv,11,3021003020100,円香,まだ取れそうじゃん,樋口円香,【閑話】樋口円香,飴玉
樋口円香/【閑話】樋口円香/飴玉.csv,13,3021003020120,円香,…………,樋口円香,【閑話】樋口円香,飴玉
樋口円香/【閑話】樋口円香/飴玉.csv,14,3021003020130,円香,"……ああ
一番、取りやすい位置にあるのが、ってこと？",樋口円香,【閑話】樋口円香,飴玉
樋口円香/【閑話】樋口円香/飴玉.csv,16,3021003020150,円香,…………,樋口円香,【閑話】樋口円香,飴玉
樋口円香/【閑話】樋口円香/飴玉.csv,17,3021003020160,円香,……ん,樋口円香,【閑話】樋口円香,飴玉
樋口円香/【閑話】樋口円香/飴玉.csv,19,3021003020180,円香,３プレイ500円,樋口円香,【閑話】樋口円香,飴玉
樋口円香/【閑話】樋口円香/飴玉.csv,21,3021003020200,円香,さあ。でもそんなに難しくなさそう,樋口円香,【閑話】樋口円香,飴玉
樋口円香/【閑話】樋口円香/飴玉.csv,24,3021003020230,円香,"……
別にこのぬいぐるみ欲しくないんだけど",樋口円香,【閑話】樋口円香,飴玉
樋口円香/【閑話】樋口円香/飴玉.csv,26,3021003020250,円香,……ったく,樋口円香,【閑話】樋口円香,飴玉
樋口円香/【閑話】樋口円香/飴玉.csv,28,3021003020270,円香,…………,樋口円香,【閑話】樋口円香,飴玉
樋口円香/【閑話】樋口円香/飴玉.csv,29,3021003020280,円香,ほら、雛菜,樋口円香,【閑話】樋口円香,飴玉
樋口円香/【閑話】樋口円香/飴玉.csv,31,3021003020300,円香,……大して変わらないでしょ,樋口円香,【閑話】樋口円香,飴玉
樋口円香/【閑話】樋口円香/飴玉.csv,33,3021003020320,円香,……よくわかんないけど,樋口円香,【閑話】樋口円香,飴玉
樋口円香/【閑話】樋口円香/飴玉.csv,34,3021003020330,円香,"…………
あの、奥にあるハートのでいいの？",樋口円香,【閑話】樋口円香,飴玉
樋口円香/【閑話】樋口円香/飴玉.csv,36,3021003020350,円香,…………,樋口円香,【閑話】樋口円香,飴玉
樋口円香/【閑話】樋口円香/飴玉.csv,38,3021003020370,円香,別に,樋口円香,【閑話】樋口円香,飴玉
樋口円香/【閑話】樋口円香/飴玉.csv,41,3021003020400,円香,……アームの力、弱すぎじゃない？,樋口円香,【閑話】樋口円香,飴玉
樋口円香/【閑話】樋口円香/飴玉.csv,43,3021003020420,円香,引っ掛ける？　……どこに？,樋口円香,【閑話】樋口円香,飴玉
樋口円香/【閑話】樋口円香/飴玉.csv,46,3021003020450,円香,できないじゃん,樋口円香,【閑話】樋口円香,飴玉
樋口円香/【閑話】樋口円香/飴玉.csv,47,3021003020460,円香,掠ってもいない,樋口円香,【閑話】樋口円香,飴玉
樋口円香/【閑話】樋口円香/飴玉.csv,49,3021003020480,円香,貸して,樋口円香,【閑話】樋口円香,飴玉
樋口円香/【閑話】樋口円香/飴玉.csv,51,3021003020500,円香,あー……何やってんの、行き過ぎ,樋口円香,【閑話】樋口円香,飴玉
樋口円香/【閑話】樋口円香/飴玉.csv,53,3021003020520,円香,……,樋口円香,【閑話】樋口円香,飴玉
樋口円香/【閑話】樋口円香/飴玉.csv,54,3021003020530,円香,雛菜、最後までやっていい,樋口円香,【閑話】樋口円香,飴玉
樋口円香/【閑話】樋口円香/飴玉.csv,56,3021003020550,円香,ピッタリなんでしょ？,樋口円香,【閑話】樋口円香,飴玉
樋口円香/【閑話】樋口円香/飴玉.csv,59,3021003020580,円香,は？,樋口円香,【閑話】樋口円香,飴玉
樋口円香/【閑話】樋口円香/飴玉.csv,61,3021003020591,円香＆雛菜,あー,樋口円香,【閑話】樋口円香,飴玉
樋口円香/【閑話】樋口円香/飴玉.csv,64,3021003020620,円香,……おかえり,樋口円香,【閑話】樋口円香,飴玉
樋口円香/【閑話】樋口円香/飴玉.csv,69,3021003020670,円香,……あとで全員から250円徴収ね,樋口円香,【閑話】樋口円香,飴玉
樋口円香/【雨情】樋口円香/場面・傘.csv,3,3021007030020,円香,……何,樋口円香,【雨情】樋口円香,場面・傘
樋口円香/【雨情】樋口円香/場面・傘.csv,5,3021007030040,円香,"いい
雛菜、真ん中で持たないから",樋口円香,【雨情】樋口円香,場面・傘
樋口円香/【雨情】樋口円香/場面・傘.csv,7,3021007030060,円香,"雛菜が持ってた時、
肩、っていうか８割濡れた",樋口円香,【雨情】樋口円香,場面・傘
樋口円香/【雨情】樋口円香/場面・傘.csv,9,3021007030080,円香,そうだった,樋口円香,【雨情】樋口円香,場面・傘
樋口円香/【雨情】樋口円香/場面・傘.csv,11,3021007030100,円香,なんで,樋口円香,【雨情】樋口円香,場面・傘
樋口円香/【雨情】樋口円香/場面・傘.csv,13,3021007030120,円香,頭、下げれば,樋口円香,【雨情】樋口円香,場面・傘
樋口円香/【雨情】樋口円香/場面・傘.csv,15,3021007030140,円香,"……
やっぱり一本じゃ無理",樋口円香,【雨情】樋口円香,場面・傘
樋口円香/【雨情】樋口円香/場面・傘.csv,16,3021007030150,円香,行くよ、もう一軒。コンビニ,樋口円香,【雨情】樋口円香,場面・傘
樋口円香/【雨情】樋口円香/場面・傘.csv,18,3021007030170,円香,無いの？,樋口円香,【雨情】樋口円香,場面・傘
樋口円香/【雨情】樋口円香/場面・傘.csv,21,3021007030200,円香,どこで,樋口円香,【雨情】樋口円香,場面・傘
樋口円香/【雨情】樋口円香/場面・傘.csv,23,3021007030220,円香,…………,樋口円香,【雨情】樋口円香,場面・傘
樋口円香/【雨情】樋口円香/場面・傘.csv,24,3021007030230,円香,"じゃあ、そうすれば
私は傘で帰る",樋口円香,【雨情】樋口円香,場面・傘
樋口円香/【雨情】樋口円香/場面・傘.csv,27,3021007030260,円香,…………,樋口円香,【雨情】樋口円香,場面・傘
樋口円香/【雨情】樋口円香/場面・傘.csv,29,3021007030280,円香,主導権どっちにあると思ってんの,樋口円香,【雨情】樋口円香,場面・傘
樋口円香/【雨情】樋口円香/場面・傘.csv,31,3021007030300,円香,買ったの私で、しょ……！,樋口円香,【雨情】樋口円香,場面・傘
樋口円香/【雨情】樋口円香/場面・傘.csv,33,3021007030320,円香,…………,樋口円香,【雨情】樋口円香,場面・傘
樋口円香/【雨情】樋口円香/場面・傘.csv,34,3021007030330,円香,……何,樋口円香,【雨情】樋口円香,場面・傘
樋口円香/【雨情】樋口円香/場面・傘.csv,35,3021007030340,円香,"言うほど濡れてないじゃん
さっき雛菜が持ってた時の方が全然濡れたんだけど",樋口円香,【雨情】樋口円香,場面・傘
樋口円香/【雨情】樋口円香/場面・傘.csv,37,3021007030360,円香,コンビニ？,樋口円香,【雨情】樋口円香,場面・傘
樋口円香/【雨情】樋口円香/場面・傘.csv,39,3021007030380,円香,それ早く言ってよ,樋口円香,【雨情】樋口円香,場面・傘
樋口円香/【雨情】樋口円香/場面・傘.csv,42,3021007030410,円香,"知ってる
さっきもコンビニで聞いた",樋口円香,【雨情】樋口円香,場面・傘
樋口円香/【雨情】樋口円香/場面・傘.csv,43,3021007030420,円香,……後日、利子つけて請求するから,樋口円香,【雨情】樋口円香,場面・傘
樋口円香/【雨情】樋口円香/場面・傘.csv,45,3021007030440,円香,雛菜が自分勝手な理由で逃げてもいいようにね,樋口円香,【雨情】樋口円香,場面・傘
樋口円香/【雨情】樋口円香/場面・傘.csv,47,3021007030460,円香,"たとえば交換日記
毎日交換するとは決まってないって止めてた",樋口円香,【雨情】樋口円香,場面・傘
樋口円香/【雨情】樋口円香/場面・傘.csv,52,3021007030510,円香,……よく覚えてるね,樋口円香,【雨情】樋口円香,場面・傘
樋口円香/【雨情】樋口円香/場面・傘.csv,56,3021007030550,円香,んー,樋口円香,【雨情】樋口円香,場面・傘
樋口円香/【雨情】樋口円香/場面・傘.csv,58,3021007030570,円香,あー……疲れた,樋口円香,【雨情】樋口円香,場面・傘
樋口円香/【雨情】樋口円香/場面・傘.csv,59,3021007030580,円香,腕、痛……,樋口円香,【雨情】樋口円香,場面・傘
樋口円香/【雨情】樋口円香/場面・雨.csv,3,3021007010010,円香,ん,樋口円香,【雨情】樋口円香,場面・雨
樋口円香/【雨情】樋口円香/場面・雨.csv,5,3021007010020,円香,大丈夫,樋口円香,【雨情】樋口円香,場面・雨
樋口円香/【雨情】樋口円香/場面・雨.csv,7,3021007010030,円香,……,樋口円香,【雨情】樋口円香,場面・雨
樋口円香/【雨情】樋口円香/場面・雨.csv,8,3021007010040,円香,"みかんゼリー
あとヨーグルト",樋口円香,【雨情】樋口円香,場面・雨
樋口円香/【雨情】樋口円香/場面・雨.csv,11,3021007010050,円香,まあまあ悪い,樋口円香,【雨情】樋口円香,場面・雨
樋口円香/【雨情】樋口円香/場面・雨.csv,13,3021007010060,円香,ん,樋口円香,【雨情】樋口円香,場面・雨
樋口円香/【雨情】樋口円香/場面・雨.csv,15,3021007010070,円香,んー,樋口円香,【雨情】樋口円香,場面・雨
樋口円香/【雨情】樋口円香/場面・雨.csv,16,3021007010080,円香,…………,樋口円香,【雨情】樋口円香,場面・雨
樋口円香/【雨情】樋口円香/場面・雨.csv,17,3021007010090,円香,"……
今日は特に大事な授業とか、無いし……",樋口円香,【雨情】樋口円香,場面・雨
樋口円香/【雨情】樋口円香/場面・雨.csv,18,3021007010100,円香,…………,樋口円香,【雨情】樋口円香,場面・雨
樋口円香/【雨情】樋口円香/場面・雨.csv,19,3021007010110,円香,あ、持久走やるとか言ってたっけ……,樋口円香,【雨情】樋口円香,場面・雨
樋口円香/【雨情】樋口円香/場面・雨.csv,20,3021007010120,円香,休めてラッキー……,樋口円香,【雨情】樋口円香,場面・雨
樋口円香/【雨情】樋口円香/場面・雨.csv,21,3021007010130,円香,いやどっちにしろ雨だから中止か,樋口円香,【雨情】樋口円香,場面・雨
樋口円香/【雨情】樋口円香/場面・雨.csv,22,3021007010140,円香,……でも体育館でやったかもしれないし,樋口円香,【雨情】樋口円香,場面・雨
樋口円香/【雨情】樋口円香/場面・雨.csv,23,3021007010150,円香,…………,樋口円香,【雨情】樋口円香,場面・雨
樋口円香/【雨情】樋口円香/場面・雨.csv,24,3021007010160,円香,"レッスンも……
事務所に寄る用事も無い……",樋口円香,【雨情】樋口円香,場面・雨
樋口円香/【雨情】樋口円香/場面・雨.csv,25,3021007010170,円香,完璧じゃん……,樋口円香,【雨情】樋口円香,場面・雨
樋口円香/【雨情】樋口円香/場面・雨.csv,26,3021007010180,円香,最高,樋口円香,【雨情】樋口円香,場面・雨
樋口円香/【雨情】樋口円香/場面・雨.csv,27,3021007010190,円香,今日、金曜だから土日含めて三連休……,樋口円香,【雨情】樋口円香,場面・雨
樋口円香/【雨情】樋口円香/場面・雨.csv,28,3021007010200,円香,……明日までに治そ,樋口円香,【雨情】樋口円香,場面・雨
樋口円香/【雨情】樋口円香/場面・雨.csv,29,3021007010210,円香,小学校は３時間目が終わる頃か,樋口円香,【雨情】樋口円香,場面・雨
樋口円香/【雨情】樋口円香/場面・雨.csv,30,3021007010220,円香,給食の匂いがしてくる頃,樋口円香,【雨情】樋口円香,場面・雨
樋口円香/【雨情】樋口円香/場面・雨.csv,31,3021007010230,円香,……雷？,樋口円香,【雨情】樋口円香,場面・雨
樋口円香/【雨情】樋口円香/場面・雨.csv,32,3021007010240,円香,雨、強くなりそう,樋口円香,【雨情】樋口円香,場面・雨
樋口円香/【雨情】樋口円香/場面・雨.csv,33,3021007010250,円香,…………,樋口円香,【雨情】樋口円香,場面・雨
樋口円香/【雨情】樋口円香/場面・雨.csv,34,3021007010260,円香,ふふ……,樋口円香,【雨情】樋口円香,場面・雨
樋口円香/【雨情】樋口円香/場面・雨.csv,35,3021007010270,円香,外にいる人たち、ご愁傷さま……,樋口円香,【雨情】樋口円香,場面・雨
樋口円香/【雨情】樋口円香/場面・雨.csv,36,3021007010280,円香,……？,樋口円香,【雨情】樋口円香,場面・雨
樋口円香/【雨情】樋口円香/場面・雨.csv,37,3021007010290,円香,"宅配……？
再配達でいいか……",樋口円香,【雨情】樋口円香,場面・雨
樋口円香/【雨情】樋口円香/場面・雨.csv,38,3021007010300,円香,…………,樋口円香,【雨情】樋口円香,場面・雨
樋口円香/【雨情】樋口円香/場面・雨.csv,39,3021007010310,円香,モニタだけ見るか,樋口円香,【雨情】樋口円香,場面・雨
樋口円香/【雨情】樋口円香/場面・雨.csv,40,3021007010320,円香,小糸……？,樋口円香,【雨情】樋口円香,場面・雨
樋口円香/【雨情】樋口円香/場面・雨.csv,42,3021007010340,円香,どうしたの,樋口円香,【雨情】樋口円香,場面・雨
樋口円香/【雨情】樋口円香/場面・雨.csv,44,3021007010360,円香,"いいから
ちょっと入れば",樋口円香,【雨情】樋口円香,場面・雨
樋口円香/【雨情】樋口円香/場面・雨.csv,46,3021007010380,円香,いいから,樋口円香,【雨情】樋口円香,場面・雨
樋口円香/【雨情】樋口円香/場面・雨.csv,48,3021007010400,円香,親なら出かけた,樋口円香,【雨情】樋口円香,場面・雨
樋口円香/【雨情】樋口円香/場面・雨.csv,50,3021007010420,円香,別に……,樋口円香,【雨情】樋口円香,場面・雨
樋口円香/【雨情】樋口円香/場面・雨.csv,51,3021007010430,円香,っていうか、小糸、学校は？,樋口円香,【雨情】樋口円香,場面・雨
樋口円香/【雨情】樋口円香/場面・雨.csv,54,3021007010460,円香,……誰から？,樋口円香,【雨情】樋口円香,場面・雨
樋口円香/【雨情】樋口円香/場面・雨.csv,56,0000000000000,円香,…………,樋口円香,【雨情】樋口円香,場面・雨
樋口円香/【雨情】樋口円香/場面・雨.csv,59,3021007010510,円香,"いいのに
大した熱じゃないし",樋口円香,【雨情】樋口円香,場面・雨
樋口円香/【雨情】樋口円香/場面・雨.csv,60,3021007010520,円香,"……まあ、ありがと
こんな雨の中、わざわざ",樋口円香,【雨情】樋口円香,場面・雨
樋口円香/【雨情】樋口円香/場面・雨.csv,62,3021007010540,円香,"……昼、食べてくでしょ
昨日の余り物でもいい？",樋口円香,【雨情】樋口円香,場面・雨
樋口円香/【雨情】樋口円香/場面・雨.csv,64,3021007010560,円香,"雷鳴ってるじゃん
雨宿りしていけば",樋口円香,【雨情】樋口円香,場面・雨
樋口円香/【雨情】樋口円香/場面・雨.csv,67,3021007010590,円香,ん,樋口円香,【雨情】樋口円香,場面・雨
樋口円香/【雨情】樋口円香/場面・雨.csv,68,3021007010600,円香,"小糸も気をつけてね
サボりを怒られないように",樋口円香,【雨情】樋口円香,場面・雨
樋口円香/【雨情】樋口円香/場面・雨.csv,70,3021007010620,円香,不良への第一歩,樋口円香,【雨情】樋口円香,場面・雨
樋口円香/【雨情】樋口円香/場面・雨.csv,72,3021007010640,円香,……それじゃ,樋口円香,【雨情】樋口円香,場面・雨
樋口円香/【雨情】樋口円香/場面・雨.csv,74,3021007010660,円香,"……そういえば前にも、
雨なのにわざわざ来たことあったな、小糸",樋口円香,【雨情】樋口円香,場面・雨
樋口円香/【雨情】樋口円香/場面・雨.csv,75,3021007010670,円香,"それで何か持ってきた
なんだっけ……",樋口円香,【雨情】樋口円香,場面・雨
樋口円香/【雨情】樋口円香/場面・雨.csv,76,3021007010680,円香,小糸だからクラスのプリントじゃないし……,樋口円香,【雨情】樋口円香,場面・雨
樋口円香/【雨情】樋口円香/場面・雨.csv,77,3021007010690,円香,あ…………,樋口円香,【雨情】樋口円香,場面・雨
樋口円香/【雨情】樋口円香/場面・雨.csv,78,3021007010700,円香,交換日記だ,樋口円香,【雨情】樋口円香,場面・雨
樋口円香/【雨情】樋口円香/場面・鳴.csv,3,3021007020020,円香,交通機関の乱れが予想されるため,樋口円香,【雨情】樋口円香,場面・鳴
樋口円香/【雨情】樋口円香/場面・鳴.csv,6,3021007020050,円香,ご了承ください,樋口円香,【雨情】樋口円香,場面・鳴
樋口円香/【雨情】樋口円香/場面・鳴.csv,8,3021007020070,円香,オッケー,樋口円香,【雨情】樋口円香,場面・鳴
樋口円香/【雨情】樋口円香/場面・鳴.csv,11,3021007020100,円香,まだ返信待ち,樋口円香,【雨情】樋口円香,場面・鳴
樋口円香/【雨情】樋口円香/場面・鳴.csv,13,3021007020120,円香,"まだだって言ってるでしょ
すぐに来いってことになるかもしれない",樋口円香,【雨情】樋口円香,場面・鳴
樋口円香/【雨情】樋口円香/場面・鳴.csv,15,3021007020140,円香,仕事だから,樋口円香,【雨情】樋口円香,場面・鳴
樋口円香/【雨情】樋口円香/場面・鳴.csv,17,3021007020160,円香,……ああ,樋口円香,【雨情】樋口円香,場面・鳴
樋口円香/【雨情】樋口円香/場面・鳴.csv,21,3021007020200,円香,部外者でしょ,樋口円香,【雨情】樋口円香,場面・鳴
樋口円香/【雨情】樋口円香/場面・鳴.csv,24,3021007020230,円香,保護者、じゃない,樋口円香,【雨情】樋口円香,場面・鳴
樋口円香/【雨情】樋口円香/場面・鳴.csv,29,3021007020280,円香,弱まらないんだけど,樋口円香,【雨情】樋口円香,場面・鳴
樋口円香/【雨情】樋口円香/場面・鳴.csv,32,3021007020310,円香,…………,樋口円香,【雨情】樋口円香,場面・鳴
樋口円香/【雨情】樋口円香/場面・鳴.csv,33,3021007020320,円香,……夜になりそう,樋口円香,【雨情】樋口円香,場面・鳴
樋口円香/【雨情】樋口円香/場面・鳴.csv,35,3021007020340,円香,逆に、することある？,樋口円香,【雨情】樋口円香,場面・鳴
樋口円香/【雨情】樋口円香/場面・鳴.csv,38,3021007020361,透＆円香＆雛菜,食べる,樋口円香,【雨情】樋口円香,場面・鳴
樋口円香/【雨情】樋口円香/場面・鳴.csv,42,3021007020400,円香,うま,樋口円香,【雨情】樋口円香,場面・鳴
樋口円香/【雨情】樋口円香/場面・鳴.csv,43,3021007020410,円香,……っていうか、うちの吹部ってさ,樋口円香,【雨情】樋口円香,場面・鳴
樋口円香/【雨情】樋口円香/場面・鳴.csv,45,3021007020430,円香,いつになったら上手くなるの,樋口円香,【雨情】樋口円香,場面・鳴
樋口円香/【雨情】樋口円香/場面・鳴.csv,47,3021007020450,円香,下手だし、いつも同じところしか練習してない,樋口円香,【雨情】樋口円香,場面・鳴
樋口円香/【雨情】樋口円香/場面・鳴.csv,49,3021007020470,円香,……本当にそう思ってんの？,樋口円香,【雨情】樋口円香,場面・鳴
樋口円香/【雨情】樋口円香/場面・鳴.csv,52,3021007020500,円香,"できるの？
楽器",樋口円香,【雨情】樋口円香,場面・鳴
樋口円香/【雨情】樋口円香/場面・鳴.csv,55,3021007020530,円香,じゃ、混ざってくれば,樋口円香,【雨情】樋口円香,場面・鳴
樋口円香/【雨情】樋口円香/場面・鳴.csv,60,3021007020571,透＆円香＆雛菜,…………,樋口円香,【雨情】樋口円香,場面・鳴
樋口円香/【雨情】樋口円香/場面・鳴.csv,64,3021007020610,円香,やったっけ,樋口円香,【雨情】樋口円香,場面・鳴
樋口円香/【雨情】樋口円香/場面・鳴.csv,66,3021007020630,円香,何日続いたやつ？,樋口円香,【雨情】樋口円香,場面・鳴
樋口円香/【雨情】樋口円香/場面・鳴.csv,70,3021007020670,円香,このメンツで何か続いた試しがない,樋口円香,【雨情】樋口円香,場面・鳴
樋口円香/【雨情】樋口円香/場面・鳴.csv,71,3021007020680,円香,リコーダーも、勉強会も、交換日記も,樋口円香,【雨情】樋口円香,場面・鳴
樋口円香/【雨情】樋口円香/場面・鳴.csv,75,3021007020720,円香,アイドル……？,樋口円香,【雨情】樋口円香,場面・鳴
樋口円香/【雨情】樋口円香/場面・鳴.csv,77,3021007020740,円香,っていうか……,樋口円香,【雨情】樋口円香,場面・鳴
樋口円香/【雨情】樋口円香/場面・鳴.csv,78,3021007020750,円香,──なんか、雨、酷くなってない？,樋口円香,【雨情】樋口円香,場面・鳴
樋口円香/【雨情】樋口円香/場面・鳴.csv,79,3021007020760,円香,ちょっと雨雲予想見て、小糸,樋口円香,【雨情】樋口円香,場面・鳴
樋口円香/【露光】樋口円香/chira chira.csv,3,3021017010011,円香＆小糸＆雛菜,お疲れ,樋口円香,【露光】樋口円香,chira chira
樋口円香/【露光】樋口円香/chira chira.csv,7,3021017010050,円香,"そんなつもりじゃなくて
自分のパートだと思ったんでしょ",樋口円香,【露光】樋口円香,chira chira
樋口円香/【露光】樋口円香/chira chira.csv,10,3021017010080,円香,"なんとかなったんなら
気にしない",樋口円香,【露光】樋口円香,chira chira
樋口円香/【露光】樋口円香/chira chira.csv,12,3021017010100,円香,"差し入れもらったから食べよ
分けるのも面倒だし",樋口円香,【露光】樋口円香,chira chira
樋口円香/【露光】樋口円香/chira chira.csv,13,3021017010110,円香,"ここに置くから
食べたいやつ勝手に取って",樋口円香,【露光】樋口円香,chira chira
樋口円香/【露光】樋口円香/chira chira.csv,15,3021017010130,円香,私もそれ狙ってたんだけど,樋口円香,【露光】樋口円香,chira chira
樋口円香/【露光】樋口円香/chira chira.csv,23,3021017010210,円香,それ、水使うって書いてあるけど,樋口円香,【露光】樋口円香,chira chira
樋口円香/【露光】樋口円香/chira chira.csv,27,3021017010250,円香,自己責任で,樋口円香,【露光】樋口円香,chira chira
樋口円香/【露光】樋口円香/chira chira.csv,39,3021017010311,透＆円香,ライト────,樋口円香,【露光】樋口円香,chira chira
樋口円香/【露光】樋口円香/chira chira.csv,41,3021017010330,円香,……,樋口円香,【露光】樋口円香,chira chira
樋口円香/【露光】樋口円香/chira chira.csv,42,3021017010340,円香,……光,樋口円香,【露光】樋口円香,chira chira
樋口円香/【露光】樋口円香/chira chira.csv,43,3021017010350,円香,"見てたでしょ
そうやって",樋口円香,【露光】樋口円香,chira chira
樋口円香/【露光】樋口円香/chira chira.csv,44,3021017010360,円香,ステージの上でも,樋口円香,【露光】樋口円香,chira chira
樋口円香/【露光】樋口円香/chira chira.csv,49,3021017010410,円香,ほどほどにね,樋口円香,【露光】樋口円香,chira chira
樋口円香/【露光】樋口円香/chira chira.csv,50,3021017010420,円香,"直視し過ぎると
目、悪くなるから",樋口円香,【露光】樋口円香,chira chira
樋口円香/【露光】樋口円香/sun sun.csv,2,3021017020010,円香,小糸、撮影まだかかるって,樋口円香,【露光】樋口円香,sun sun
樋口円香/【露光】樋口円香/sun sun.csv,7,3021017020060,円香,"だったら
先行けば？",樋口円香,【露光】樋口円香,sun sun
樋口円香/【露光】樋口円香/sun sun.csv,12,3021017020110,円香,"あるけど
少し歩く",樋口円香,【露光】樋口円香,sun sun
樋口円香/【露光】樋口円香/sun sun.csv,14,3021017020130,円香,とりあえずビルの中に戻る？,樋口円香,【露光】樋口円香,sun sun
樋口円香/【露光】樋口円香/sun sun.csv,18,3021017020170,円香,"さすがに現場まで戻るのは迷惑だから
ここで待つしかない",樋口円香,【露光】樋口円香,sun sun
樋口円香/【露光】樋口円香/sun sun.csv,20,3021017020190,円香,……,樋口円香,【露光】樋口円香,sun sun
樋口円香/【露光】樋口円香/sun sun.csv,23,3021017020220,円香,そりゃそうでしょ,樋口円香,【露光】樋口円香,sun sun
樋口円香/【露光】樋口円香/sun sun.csv,24,3021017020230,円香,"冒険はおしまい
戻ろ",樋口円香,【露光】樋口円香,sun sun
樋口円香/【露光】樋口円香/sun sun.csv,27,3021017020260,円香,……,樋口円香,【露光】樋口円香,sun sun
樋口円香/【露光】樋口円香/sun sun.csv,30,3021017020290,円香,"……直視したらね
そのくらいは別に",樋口円香,【露光】樋口円香,sun sun
樋口円香/【露光】樋口円香/sun sun.csv,31,3021017020300,円香,何か見えた？,樋口円香,【露光】樋口円香,sun sun
樋口円香/【露光】樋口円香/sun sun.csv,36,3021017020350,円香,……,樋口円香,【露光】樋口円香,sun sun
樋口円香/【露光】樋口円香/sun sun.csv,37,3021017020360,円香,このビル、高層ビルに囲まれてたけど,樋口円香,【露光】樋口円香,sun sun
樋口円香/【露光】樋口円香/sun sun.csv,38,3021017020370,円香,"見えたとしても
コンクリートの壁とかじゃない？",樋口円香,【露光】樋口円香,sun sun
樋口円香/【露光】樋口円香/sun sun.csv,42,3021017020410,円香,そりゃあるだろうけど,樋口円香,【露光】樋口円香,sun sun
樋口円香/【露光】樋口円香/sun sun.csv,43,3021017020420,円香,"真上に
小さな空くらいは",樋口円香,【露光】樋口円香,sun sun
樋口円香/【露光】樋口円香/sun sun.csv,44,3021017020430,円香,"……けどそれって
何もないより、空しいんじゃない？",樋口円香,【露光】樋口円香,sun sun
樋口円香/【露光】樋口円香/sun sun.csv,51,3021017020500,円香,……ん,樋口円香,【露光】樋口円香,sun sun
樋口円香/【２８３プロのヒナ】樋口円香/produce_events_302100201.csv,6,3021002010030,円香,ん,樋口円香,【２８３プロのヒナ】樋口円香,produce_events_302100201
樋口円香/【２８３プロのヒナ】樋口円香/produce_events_302100201.csv,8,3021002010050,円香,いた,樋口円香,【２８３プロのヒナ】樋口円香,produce_events_302100201
樋口円香/【２８３プロのヒナ】樋口円香/produce_events_302100201.csv,10,3021002010070,円香,ううん,樋口円香,【２８３プロのヒナ】樋口円香,produce_events_302100201
樋口円香/【２８３プロのヒナ】樋口円香/produce_events_302100201.csv,11,3021002010080,円香,入った時から、いるのは気付いてたけど,樋口円香,【２８３プロのヒナ】樋口円香,produce_events_302100201
樋口円香/【２８３プロのヒナ】樋口円香/produce_events_302100201.csv,14,3021002010100,円香,あ……あと、カフェラテのMで,樋口円香,【２８３プロのヒナ】樋口円香,produce_events_302100201
樋口円香/【２８３プロのヒナ】樋口円香/produce_events_302100201.csv,16,3021002010110,円香,"ICカードでお願いします
……じゃ、お疲れ",樋口円香,【２８３プロのヒナ】樋口円香,produce_events_302100201
樋口円香/【２８３プロのヒナ】樋口円香/produce_events_302100201.csv,19,3021002010130,円香,……あれ,樋口円香,【２８３プロのヒナ】樋口円香,produce_events_302100201
樋口円香/【２８３プロのヒナ】樋口円香/produce_events_302100201.csv,21,3021002010150,円香,……待っててくれたの？,樋口円香,【２８３プロのヒナ】樋口円香,produce_events_302100201
樋口円香/【２８３プロのヒナ】樋口円香/produce_events_302100201.csv,23,3021002010170,円香,……じゃ、帰ろうか,樋口円香,【２８３プロのヒナ】樋口円香,produce_events_302100201
樋口円香/【２８３プロのヒナ】樋口円香/produce_events_302100201.csv,26,3021002010200,円香,……,樋口円香,【２８３プロのヒナ】樋口円香,produce_events_302100201
樋口円香/【２８３プロのヒナ】樋口円香/produce_events_302100201.csv,28,3021002010220,円香,は？,樋口円香,【２８３プロのヒナ】樋口円香,produce_events_302100201
樋口円香/【２８３プロのヒナ】樋口円香/produce_events_302100201.csv,29,3021002010230,円香,何、急に。夜だけど,樋口円香,【２８３プロのヒナ】樋口円香,produce_events_302100201
樋口円香/【２８３プロのヒナ】樋口円香/produce_events_302100201.csv,32,3021002010260,円香,え？　あー……,樋口円香,【２８３プロのヒナ】樋口円香,produce_events_302100201
樋口円香/【２８３プロのヒナ】樋口円香/produce_events_302100201.csv,33,3021002010270,円香,"働き方が色々だから、
時間帯問わずでおはよう……なんだっけ",樋口円香,【２８３プロのヒナ】樋口円香,produce_events_302100201
樋口円香/【２８３プロのヒナ】樋口円香/produce_events_302100201.csv,36,3021002010300,円香,私、芸能人じゃないし,樋口円香,【２８３プロのヒナ】樋口円香,produce_events_302100201
樋口円香/【２８３プロのヒナ】樋口円香/produce_events_302100201.csv,38,3021002010320,円香,そっちはどうなの？,樋口円香,【２８３プロのヒナ】樋口円香,produce_events_302100201
樋口円香/【２８３プロのヒナ】樋口円香/produce_events_302100201.csv,41,3021002010350,円香,ほら,樋口円香,【２８３プロのヒナ】樋口円香,produce_events_302100201
樋口円香/【２８３プロのヒナ】樋口円香/produce_events_302100201.csv,43,3021002010370,円香,ふうん……,樋口円香,【２８３プロのヒナ】樋口円香,produce_events_302100201
樋口円香/【２８３プロのヒナ】樋口円香/produce_events_302100201.csv,44,3021002010380,円香,……,樋口円香,【２８３プロのヒナ】樋口円香,produce_events_302100201
樋口円香/【２８３プロのヒナ】樋口円香/produce_events_302100201.csv,45,3021002010390,円香,もう、色々やってるんだ,樋口円香,【２８３プロのヒナ】樋口円香,produce_events_302100201
樋口円香/【２８３プロのヒナ】樋口円香/produce_events_302100201.csv,47,3021002010410,円香,ふうん……,樋口円香,【２８３プロのヒナ】樋口円香,produce_events_302100201
樋口円香/【２８３プロのヒナ】樋口円香/produce_events_302100201.csv,49,3021002010430,円香,宣材写真、撮った,樋口円香,【２８３プロのヒナ】樋口円香,produce_events_302100201
樋口円香/【２８３プロのヒナ】樋口円香/produce_events_302100201.csv,52,3021002010460,円香,嫌,樋口円香,【２８３プロのヒナ】樋口円香,produce_events_302100201
樋口円香/【２８３プロのヒナ】樋口円香/produce_events_302100201.csv,54,3021002010480,円香,なんか嫌。勘違いしてるみたいで,樋口円香,【２８３プロのヒナ】樋口円香,produce_events_302100201
樋口円香/【２８３プロのヒナ】樋口円香/produce_events_302100201.csv,56,3021002010500,円香,…………,樋口円香,【２８３プロのヒナ】樋口円香,produce_events_302100201
樋口円香/【２８３プロのヒナ】樋口円香/produce_events_302100201.csv,57,3021002010510,円香,"っていうかさ、
浅倉は、なんで──……",樋口円香,【２８３プロのヒナ】樋口円香,produce_events_302100201
樋口円香/【２８３プロのヒナ】樋口円香/produce_events_302100201.csv,59,3021002010530,円香,…………,樋口円香,【２８３プロのヒナ】樋口円香,produce_events_302100201
樋口円香/【２８３プロのヒナ】樋口円香/produce_events_302100201.csv,60,3021002010540,円香,……コンビニにいたの？,樋口円香,【２８３プロのヒナ】樋口円香,produce_events_302100201
樋口円香/【２８３プロのヒナ】樋口円香/produce_events_302100201.csv,63,3021002010570,円香,ま、そうだよね,樋口円香,【２８３プロのヒナ】樋口円香,produce_events_302100201
樋口円香/【２８３プロのヒナ】樋口円香/produce_events_302100201.csv,66,3021002010600,円香,ううん、別に,樋口円香,【２８３プロのヒナ】樋口円香,produce_events_302100201
樋口円香/【２８３プロのヒナ】樋口円香/produce_events_302100201.csv,68,3021002010620,円香,ん、お疲れ,樋口円香,【２８３プロのヒナ】樋口円香,produce_events_302100201
樋口円香/【２８３プロのヒナ】樋口円香/produce_events_302100201.csv,71,3021002010650,円香,ふっ……それ、絶対違うでしょ,樋口円香,【２８３プロのヒナ】樋口円香,produce_events_302100201
樋口円香/【２８３プロのヒナ】樋口円香/produce_events_302100202.csv,16,3021002020150,円香,"ただいま……
ちょっと奥入れて",樋口円香,【２８３プロのヒナ】樋口円香,produce_events_302100202
樋口円香/【２８３プロのヒナ】樋口円香/produce_events_302100202.csv,19,3021002020180,円香,……曲始まってるけど、誰の？　歌わないの？,樋口円香,【２８３プロのヒナ】樋口円香,produce_events_302100202
樋口円香/【２８３プロのヒナ】樋口円香/produce_events_302100202.csv,21,3021002020200,円香,なんかさっきから雛菜ばっかり歌ってない？,樋口円香,【２８３プロのヒナ】樋口円香,produce_events_302100202
樋口円香/【２８３プロのヒナ】樋口円香/produce_events_302100202.csv,31,3021002020300,円香,"息抜きでカラオケ来たのに、
そこで練習するとか意味ないよね",樋口円香,【２８３プロのヒナ】樋口円香,produce_events_302100202
樋口円香/【２８３プロのヒナ】樋口円香/produce_events_302100202.csv,34,3021002020330,円香,まあ、だいたい,樋口円香,【２８３プロのヒナ】樋口円香,produce_events_302100202
樋口円香/【２８３プロのヒナ】樋口円香/produce_events_302100202.csv,44,3021002020430,円香,私は取ってきたばかりでしょ,樋口円香,【２８３プロのヒナ】樋口円香,produce_events_302100202
樋口円香/【２８３プロのヒナ】樋口円香/produce_events_302100202.csv,45,3021002020440,円香,……曲、鳴りっぱなしだから消しとくよ,樋口円香,【２８３プロのヒナ】樋口円香,produce_events_302100202
樋口円香/【２８３プロのヒナ】樋口円香/produce_events_302100202.csv,47,3021002020460,円香,"はいはい、どーぞ
ごゆっくり",樋口円香,【２８３プロのヒナ】樋口円香,produce_events_302100202
樋口円香/【２８３プロのヒナ】樋口円香/produce_events_302100202.csv,52,3021002020510,円香,…………,樋口円香,【２８３プロのヒナ】樋口円香,produce_events_302100202
樋口円香/【２８３プロのヒナ】樋口円香/produce_events_302100202.csv,53,3021002020520,円香,……,樋口円香,【２８３プロのヒナ】樋口円香,produce_events_302100202
樋口円香/【２８３プロのヒナ】樋口円香/produce_events_302100202.csv,54,3021002020530,円香,……歌詞,樋口円香,【２８３プロのヒナ】樋口円香,produce_events_302100202
樋口円香/【２８３プロのヒナ】樋口円香/produce_events_302100202.csv,55,3021002020540,円香,……,樋口円香,【２８３プロのヒナ】樋口円香,produce_events_302100202
樋口円香/【２８３プロのヒナ】樋口円香/produce_events_302100202.csv,56,3021002020550,円香,んん……,樋口円香,【２８３プロのヒナ】樋口円香,produce_events_302100202
樋口円香/【２８３プロのヒナ】樋口円香/produce_events_302100202.csv,57,3021002020560,円香,……………………,樋口円香,【２８３プロのヒナ】樋口円香,produce_events_302100202
樋口円香/【２８３プロのヒナ】樋口円香/produce_events_302100202.csv,58,3021002020570,円香,～…,樋口円香,【２８３プロのヒナ】樋口円香,produce_events_302100202
樋口円香/ファン感謝祭編/4ピーエム・スナック.csv,6,5006002010050,円香,"……取ってくる
ふたりは？",樋口円香,ファン感謝祭編,4ピーエム・スナック
樋口円香/ファン感謝祭編/4ピーエム・スナック.csv,9,5006002010080,円香,小糸は？,樋口円香,ファン感謝祭編,4ピーエム・スナック
樋口円香/ファン感謝祭編/4ピーエム・スナック.csv,11,5006002010100,円香,"冷蔵庫のおやつ、
持ってくるか聞いたの",樋口円香,ファン感謝祭編,4ピーエム・スナック
樋口円香/ファン感謝祭編/4ピーエム・スナック.csv,30,5006002010290,円香,"──そういうのって
プロに任せるんじゃないんだ",樋口円香,ファン感謝祭編,4ピーエム・スナック
樋口円香/ファン感謝祭編/4ピーエム・スナック.csv,32,5006002010310,円香,費用だって時間だって限られてるだろうし,樋口円香,ファン感謝祭編,4ピーエム・スナック
樋口円香/ファン感謝祭編/4ピーエム・スナック.csv,33,5006002010320,円香,"私たちにできることって、
そんなに無さそう",樋口円香,ファン感謝祭編,4ピーエム・スナック
樋口円香/ファン感謝祭編/4ピーエム・スナック.csv,35,5006002010340,円香,"下手に手出すより、
細かいところはスタッフさんに任せて",樋口円香,ファン感謝祭編,4ピーエム・スナック
樋口円香/ファン感謝祭編/4ピーエム・スナック.csv,36,5006002010350,円香,"その分練習したほうが
マシになる気がするけど",樋口円香,ファン感謝祭編,4ピーエム・スナック
樋口円香/ファン感謝祭編/4ピーエム・スナック.csv,41,5006002010400,円香,……それで,樋口円香,ファン感謝祭編,4ピーエム・スナック
樋口円香/ファン感謝祭編/4ピーエム・スナック.csv,42,5006002010410,円香,呼び出した本人は、どこにいるの,樋口円香,ファン感謝祭編,4ピーエム・スナック
樋口円香/ファン感謝祭編/4ピーエム・スナック.csv,47,5006002010450,円香,ついに時間も守れなくなったんですね,樋口円香,ファン感謝祭編,4ピーエム・スナック
樋口円香/ファン感謝祭編/ライク・ザ・シー.csv,12,5006002090110,円香,よかったんじゃない,樋口円香,ファン感謝祭編,ライク・ザ・シー
樋口円香/ファン感謝祭編/ライク・ザ・シー.csv,13,5006002090120,円香,客席も喜んでたっぽいし,樋口円香,ファン感謝祭編,ライク・ザ・シー
樋口円香/ファン感謝祭編/ライク・ザ・シー.csv,15,5006002090140,円香,"浅倉は
どうだったの？",樋口円香,ファン感謝祭編,ライク・ザ・シー
樋口円香/ファン感謝祭編/ライク・ザ・シー.csv,30,5006002090290,円香,……,樋口円香,ファン感謝祭編,ライク・ザ・シー
樋口円香/ファン感謝祭編/ライク・ザ・シー.csv,31,5006002090300,円香,見てるぶん、見られてたんじゃない,樋口円香,ファン感謝祭編,ライク・ザ・シー
樋口円香/ファン感謝祭編/リハーサル前.csv,2,6021002010010,円香,……,樋口円香,ファン感謝祭編,リハーサル前
樋口円香/ファン感謝祭編/リハーサル前.csv,4,6021002010020,円香,はい,樋口円香,ファン感謝祭編,リハーサル前
樋口円香/ファン感謝祭編/リハーサル前.csv,6,6021002010030,円香,……いえ,樋口円香,ファン感謝祭編,リハーサル前
樋口円香/ファン感謝祭編/リハーサル前.csv,7,6021002010040,円香,"思っていたより、
ちゃんとしたリハですね",樋口円香,ファン感謝祭編,リハーサル前
樋口円香/ファン感謝祭編/リハーサル前.csv,9,6021002010050,円香,てっきり学園祭レベルかと,樋口円香,ファン感謝祭編,リハーサル前
樋口円香/ファン感謝祭編/リハーサル前.csv,11,6021002010060,円香,はい,樋口円香,ファン感謝祭編,リハーサル前
樋口円香/ファン感謝祭編/リハーサル前.csv,12,6021002010070,円香,"私たちでステージを作れというのは、
……そういうことでしょ？",樋口円香,ファン感謝祭編,リハーサル前
樋口円香/ファン感謝祭編/リハーサル後.csv,3,6021002020010,円香,……,樋口円香,ファン感謝祭編,リハーサル後
樋口円香/ファン感謝祭編/リハーサル後.csv,4,6021002020020,円香,……現時点では？,樋口円香,ファン感謝祭編,リハーサル後
樋口円香/ファン感謝祭編/リハーサル後.csv,6,6021002020030,円香,はい,樋口円香,ファン感謝祭編,リハーサル後
樋口円香/ファン感謝祭編/リハーサル後.csv,9,6021002020040,円香,…………,樋口円香,ファン感謝祭編,リハーサル後
樋口円香/ファン感謝祭編/リハーサル後.csv,10,6021002020050,円香,"その気持ちにどれだけの価値があるのか、
わかりませんが",樋口円香,ファン感謝祭編,リハーサル後
樋口円香/ファン感謝祭編/リハーサル後.csv,12,6021002020060,円香,"……まあ、ステージの価値を高めているのは、
現状、どう考えてもスタッフさんですので",樋口円香,ファン感謝祭編,リハーサル後
樋口円香/ファン感謝祭編/リハーサル後.csv,13,6021002020070,円香,……だから、やりますよ,樋口円香,ファン感謝祭編,リハーサル後
樋口円香/ファン感謝祭編/リハーサル後.csv,14,6021002020080,円香,少しはまともな飾りになれるように,樋口円香,ファン感謝祭編,リハーサル後
樋口円香/ファン感謝祭編/希望.csv,57,5006002030560,円香,………………,樋口円香,ファン感謝祭編,希望
樋口円香/ファン感謝祭編/希望.csv,59,5006002030580,円香,……浅倉は？,樋口円香,ファン感謝祭編,希望
樋口円香/ファン感謝祭編/希望.csv,61,5006002030600,円香,"『感謝祭』でやりたいこと
多分、今日また聞かれるから",樋口円香,ファン感謝祭編,希望
樋口円香/ファン感謝祭編/希望.csv,63,5006002030620,円香,…………,樋口円香,ファン感謝祭編,希望
樋口円香/ファン感謝祭編/希望.csv,65,5006002030640,円香,……ん,樋口円香,ファン感謝祭編,希望
樋口円香/ファン感謝祭編/希望.csv,66,5006002030650,円香,"ま、いいけど
中入ろう",樋口円香,ファン感謝祭編,希望
樋口円香/ファン感謝祭編/希望.csv,68,5006002030670,円香,……？,樋口円香,ファン感謝祭編,希望
樋口円香/ファン感謝祭編/希望.csv,70,5006002030690,円香,…………,樋口円香,ファン感謝祭編,希望
樋口円香/ファン感謝祭編/希望.csv,71,5006002030700,円香,さあ,樋口円香,ファン感謝祭編,希望
樋口円香/ファン感謝祭編/感謝祭本番前.csv,4,6021002030010,円香,……そうですね、きっと,樋口円香,ファン感謝祭編,感謝祭本番前
樋口円香/ファン感謝祭編/感謝祭本番前.csv,5,6021002030020,円香,受け取り側が解釈する形で,樋口円香,ファン感謝祭編,感謝祭本番前
樋口円香/ファン感謝祭編/感謝祭本番前.csv,7,6021002030030,円香,いえ、別に,樋口円香,ファン感謝祭編,感謝祭本番前
樋口円香/ファン感謝祭編/感謝祭本番前.csv,9,6021002030040,円香,"一方的に照らされて
一方的に視線を受ける……",樋口円香,ファン感謝祭編,感謝祭本番前
樋口円香/ファン感謝祭編/感謝祭本番前.csv,10,6021002030050,円香,ここは本当にアンフェアな場所,樋口円香,ファン感謝祭編,感謝祭本番前
樋口円香/ファン感謝祭編/感謝祭本番前.csv,11,6021002030060,円香,"ステージから見えるのは、
今日、その人が客席にいるという事実だけ",樋口円香,ファン感謝祭編,感謝祭本番前
樋口円香/ファン感謝祭編/感謝祭本番前.csv,14,6021002030070,円香,……ということで,樋口円香,ファン感謝祭編,感謝祭本番前
樋口円香/ファン感謝祭編/感謝祭本番前.csv,16,6021002030080,円香,いってきます,樋口円香,ファン感謝祭編,感謝祭本番前
樋口円香/ファン感謝祭編/感謝祭本番前（ユニット）.csv,5,5006002060020,円香,……なんですか？,樋口円香,ファン感謝祭編,感謝祭本番前（ユニット）
樋口円香/ファン感謝祭編/感謝祭本番後（MVP）.csv,3,5006002080020,円香,"小糸の手紙、
読めるじゃん",樋口円香,ファン感謝祭編,感謝祭本番後（MVP）
樋口円香/ファン感謝祭編/感謝祭本番後（MVP）.csv,12,5006002080090,円香,…………,樋口円香,ファン感謝祭編,感謝祭本番後（MVP）
樋口円香/ファン感謝祭編/感謝祭本番後（MVP）.csv,19,5006002080160,円香,やるか,樋口円香,ファン感謝祭編,感謝祭本番後（MVP）
樋口円香/ファン感謝祭編/感謝祭本番後（通常）.csv,4,5006002070030,円香,"そうだね
意外と早かった",樋口円香,ファン感謝祭編,感謝祭本番後（通常）
樋口円香/ファン感謝祭編/未完.csv,3,5006002050020,円香,……ん……,樋口円香,ファン感謝祭編,未完
樋口円香/ファン感謝祭編/未完.csv,19,5006002050090,円香,……すみません,樋口円香,ファン感謝祭編,未完
樋口円香/ファン感謝祭編/未完.csv,28,5006002050130,円香,そりゃ,樋口円香,ファン感謝祭編,未完
樋口円香/ファン感謝祭編/未完.csv,29,5006002050140,円香,雛菜が描いたやつだから,樋口円香,ファン感謝祭編,未完
樋口円香/ファン感謝祭編/未完.csv,39,5006002050230,円香,問題ないです,樋口円香,ファン感謝祭編,未完
樋口円香/ファン感謝祭編/未完.csv,50,5006002050300,円香,"……いいんじゃない？
小糸ひとりで拾うなら",樋口円香,ファン感謝祭編,未完
樋口円香/ファン感謝祭編/未完.csv,56,5006002050330,円香,…………,樋口円香,ファン感謝祭編,未完
樋口円香/ファン感謝祭編/未完.csv,67,5006002050410,円香,…………,樋口円香,ファン感謝祭編,未完
樋口円香/ファン感謝祭編/未完.csv,72,5006002050450,円香,"そういうの、
小糸しかできないしね",樋口円香,ファン感謝祭編,未完
樋口円香/ファン感謝祭編/未完.csv,79,5006002050520,円香,"『レッスン室でできないことは
ステージの上じゃ絶対できない』",樋口円香,ファン感謝祭編,未完
樋口円香/ファン感謝祭編/未完.csv,80,5006002050530,円香,……って、トレーナーも言ってなかったっけ？,樋口円香,ファン感謝祭編,未完
樋口円香/ファン感謝祭編/未完.csv,89,5006002050560,円香,いいから静かにしてください,樋口円香,ファン感謝祭編,未完
樋口円香/ファン感謝祭編/未完.csv,90,5006002050570,円香,小糸が読み始められないんですが,樋口円香,ファン感謝祭編,未完
樋口円香/ファン感謝祭編/未達.csv,7,5006002020030,円香,……雛菜,樋口円香,ファン感謝祭編,未達
樋口円香/ファン感謝祭編/未達.csv,10,5006002020040,円香,……はい,樋口円香,ファン感謝祭編,未達
樋口円香/ファン感謝祭編/未達.csv,28,5006002020110,円香,ふーん,樋口円香,ファン感謝祭編,未達
樋口円香/ファン感謝祭編/未達.csv,35,5006002020160,円香,……じゃあ、任せる,樋口円香,ファン感謝祭編,未達
樋口円香/ファン感謝祭編/未達.csv,36,5006002020170,円香,"歌もダンスも
まだ全然できてないけどね",樋口円香,ファン感謝祭編,未達
樋口円香/ファン感謝祭編/未達.csv,38,5006002020190,円香,……それ、あんたが言うの？,樋口円香,ファン感謝祭編,未達
樋口円香/ファン感謝祭編/未達.csv,40,5006002020210,円香,"とにかく
『今のままじゃ話にならない』……って",樋口円香,ファン感謝祭編,未達
樋口円香/ファン感謝祭編/未達.csv,41,5006002020220,円香,さっき言われたばっかりだからね,樋口円香,ファン感謝祭編,未達
樋口円香/ファン感謝祭編/未達.csv,50,5006002020310,円香,……お疲れ,樋口円香,ファン感謝祭編,未達
樋口円香/ファン感謝祭編/未達.csv,52,5006002020330,円香,はいはい,樋口円香,ファン感謝祭編,未達
樋口円香/ファン感謝祭編/未達.csv,60,5006002020380,円香,"──小糸
さっき……何か言いかけた？",樋口円香,ファン感謝祭編,未達
樋口円香/ファン感謝祭編/未達.csv,63,5006002020410,円香,……そう？,樋口円香,ファン感謝祭編,未達
樋口円香/ファン感謝祭編/未達.csv,65,5006002020430,円香,浅倉もやってくの,樋口円香,ファン感謝祭編,未達
樋口円香/ファン感謝祭編/未達.csv,70,5006002020480,円香,…………,樋口円香,ファン感謝祭編,未達
樋口円香/ファン感謝祭編/無に送信.csv,2,1021002010010,円香,はい,樋口円香,ファン感謝祭編,無に送信
樋口円香/ファン感謝祭編/無に送信.csv,4,1021002010020,円香,……,樋口円香,ファン感謝祭編,無に送信
樋口円香/ファン感謝祭編/無に送信.csv,5,1021002010030,円香,何？,樋口円香,ファン感謝祭編,無に送信
樋口円香/ファン感謝祭編/無に送信.csv,7,1021002010040,円香,『……この音、もしかして走ってます？』,樋口円香,ファン感謝祭編,無に送信
樋口円香/ファン感謝祭編/無に送信.csv,9,1021002010050,円香,『…………』,樋口円香,ファン感謝祭編,無に送信
樋口円香/ファン感謝祭編/無に送信.csv,12,1021002010060,円香,『……』,樋口円香,ファン感謝祭編,無に送信
樋口円香/ファン感謝祭編/無に送信.csv,13,1021002010070,円香,『……焼き芋は』,樋口円香,ファン感謝祭編,無に送信
樋口円香/ファン感謝祭編/無に送信.csv,16,1021002010080,円香,『なんの音ですか？』,樋口円香,ファン感謝祭編,無に送信
樋口円香/ファン感謝祭編/無に送信.csv,18,1021002010090,円香,"『……？
…………………………』",樋口円香,ファン感謝祭編,無に送信
樋口円香/ファン感謝祭編/無に送信.csv,20,1021002010100,円香,『ちょっと……何……？』,樋口円香,ファン感謝祭編,無に送信
樋口円香/ファン感謝祭編/無に送信.csv,21,1021002010110,円香,"『……こっちの声、
…………聞こえますか』",樋口円香,ファン感謝祭編,無に送信
樋口円香/ファン感謝祭編/無に送信.csv,23,1021002010120,円香,『…………』,樋口円香,ファン感謝祭編,無に送信
樋口円香/ファン感謝祭編/無に送信.csv,25,1021002010130,円香,『…………何も』,樋口円香,ファン感謝祭編,無に送信
樋口円香/ファン感謝祭編/無に送信.csv,26,1021002010140,円香,『何も聞こえない』,樋口円香,ファン感謝祭編,無に送信
樋口円香/ファン感謝祭編/然るに受信.csv,3,1021002020010,円香,………………,樋口円香,ファン感謝祭編,然るに受信
樋口円香/ファン感謝祭編/然るに受信.csv,4,1021002020011,円香,まあ、焼き芋の味がしますね,樋口円香,ファン感謝祭編,然るに受信
樋口円香/ファン感謝祭編/然るに受信.csv,6,1021002020020,円香,"……何それ
美味しいともなんとも言ってないんですが",樋口円香,ファン感謝祭編,然るに受信
樋口円香/ファン感謝祭編/然るに受信.csv,8,1021002020030,円香,"別に
とても美味しいです",樋口円香,ファン感謝祭編,然るに受信
樋口円香/ファン感謝祭編/然るに受信.csv,9,1021002020040,円香,"いくらでしたか
800円くらい？",樋口円香,ファン感謝祭編,然るに受信
樋口円香/ファン感謝祭編/然るに受信.csv,11,1021002020050,円香,"ありがとうございます
でも、余計な気遣い無しで",樋口円香,ファン感謝祭編,然るに受信
樋口円香/ファン感謝祭編/然るに受信.csv,13,1021002020060,円香,取引として,樋口円香,ファン感謝祭編,然るに受信
樋口円香/ファン感謝祭編/然るに受信.csv,15,1021002020070,円香,"……もうどっちでもいいけど
手間の分も上乗せで払いますので",樋口円香,ファン感謝祭編,然るに受信
樋口円香/ファン感謝祭編/然るに受信.csv,17,1021002020080,円香,"……強情
じゃあ、それで",樋口円香,ファン感謝祭編,然るに受信
樋口円香/ファン感謝祭編/然るに受信.csv,19,1021002020090,円香,"……
あなたが謝る理由もありませんが",樋口円香,ファン感謝祭編,然るに受信
樋口円香/ファン感謝祭編/然るに受信.csv,20,1021002020100,円香,"気持ちを押し付けられても、
私は返す気がないので",樋口円香,ファン感謝祭編,然るに受信
樋口円香/ファン感謝祭編/然るに受信.csv,21,1021002020110,円香,"なるべく受け取りたくない
それだけです",樋口円香,ファン感謝祭編,然るに受信
樋口円香/ファン感謝祭編/然るに受信.csv,23,1021002020120,円香,……まあ、場合により,樋口円香,ファン感謝祭編,然るに受信
樋口円香/ファン感謝祭編/然るに受信.csv,25,1021002020130,円香,わかってないですよね,樋口円香,ファン感謝祭編,然るに受信
樋口円香/ファン感謝祭編/然るに受信.csv,29,1021002020140,円香,……それはどうも,樋口円香,ファン感謝祭編,然るに受信
樋口円香/ファン感謝祭編/然るに受信.csv,31,1021002020150,円香,……いえ,樋口円香,ファン感謝祭編,然るに受信
樋口円香/ファン感謝祭編/然るに受信.csv,34,1021002020160,円香,……,樋口円香,ファン感謝祭編,然るに受信
樋口円香/ファン感謝祭編/然るに受信.csv,35,1021002020170,円香,"それは歌詞や曲や何かの力で、
私は関係ない",樋口円香,ファン感謝祭編,然るに受信
樋口円香/ファン感謝祭編/然るに受信.csv,37,1021002020180,円香,だって、私は,樋口円香,ファン感謝祭編,然るに受信
樋口円香/ファン感謝祭編/然るに受信.csv,38,1021002020190,円香,誰かのために、歌っていない,樋口円香,ファン感謝祭編,然るに受信
樋口円香/ファン感謝祭編/然るに受信.csv,39,1021002020200,円香,………,樋口円香,ファン感謝祭編,然るに受信
樋口円香/ファン感謝祭編/願望.csv,4,5006002040030,円香,……ふう……,樋口円香,ファン感謝祭編,願望
樋口円香/ファン感謝祭編/願望.csv,8,5006002040070,円香,"浅倉は
途中の歌詞飛んでたけど",樋口円香,ファン感謝祭編,願望
樋口円香/ファン感謝祭編/願望.csv,10,5006002040090,円香,……小糸はできてたんじゃない？,樋口円香,ファン感謝祭編,願望
樋口円香/ファン感謝祭編/願望.csv,17,5006002040160,円香,じゃ、今日は終わり？,樋口円香,ファン感謝祭編,願望
樋口円香/ファン感謝祭編/願望.csv,19,5006002040180,円香,別に,樋口円香,ファン感謝祭編,願望
樋口円香/ファン感謝祭編/願望.csv,26,5006002040250,円香,帰り道、気をつけて,樋口円香,ファン感謝祭編,願望
樋口円香/ファン感謝祭編/願望.csv,29,5006002040280,円香,お疲れ,樋口円香,ファン感謝祭編,願望
樋口円香/ファン感謝祭編/願望.csv,31,5006002040300,円香,………………,樋口円香,ファン感謝祭編,願望
樋口円香/ファン感謝祭編/願望.csv,33,5006002040320,円香,だね,樋口円香,ファン感謝祭編,願望
樋口円香/ファン感謝祭編/願望.csv,34,5006002040330,円香,"レッスン時間も増えて
自主練もしてるんだから",樋口円香,ファン感謝祭編,願望
樋口円香/ファン感謝祭編/願望.csv,39,5006002040380,円香,……行く,樋口円香,ファン感謝祭編,願望
樋口円香/ファン感謝祭編/願望.csv,48,5006002040470,円香,………………,樋口円香,ファン感謝祭編,願望
樋口円香/ファン感謝祭編/願望.csv,49,5006002040480,円香,──うわ、何これ,樋口円香,ファン感謝祭編,願望
樋口円香/ファン感謝祭編/願望.csv,50,5006002040490,円香,"雛菜
散らかしっぱなし",樋口円香,ファン感謝祭編,願望
樋口円香/ファン感謝祭編/願望.csv,52,5006002040510,円香,…………はぁ,樋口円香,ファン感謝祭編,願望
樋口円香/ファン感謝祭編/願望.csv,54,5006002040530,円香,"私が散らかった所に
いたくないだけ",樋口円香,ファン感謝祭編,願望
樋口円香/ファン感謝祭編/願望.csv,56,5006002040550,円香,ん,樋口円香,ファン感謝祭編,願望
樋口円香/ファン感謝祭編/願望.csv,57,5006002040560,円香,……？,樋口円香,ファン感謝祭編,願望
樋口円香/ファン感謝祭編/願望.csv,58,5006002040570,円香,"このノート、
雛菜のじゃない？",樋口円香,ファン感謝祭編,願望
樋口円香/ファン感謝祭編/願望.csv,60,5006002040590,円香,…………,樋口円香,ファン感謝祭編,願望
樋口円香/ファン感謝祭編/願望.csv,67,5006002040640,円香,……うん,樋口円香,ファン感謝祭編,願望
樋口円香/樋口円香2025情人节/圆香2025情人节01终.csv,3,4901800410010,円香,たまたま上手くいっただけ,樋口円香,樋口円香2025情人节,圆香2025情人节01终
樋口円香/樋口円香2025情人节/圆香2025情人节01终.csv,5,4901800410020,円香,このチョコとか？,樋口円香,樋口円香2025情人节,圆香2025情人节01终
樋口円香/樋口円香2025情人节/圆香2025情人节02.csv,2,4901800420010,円香,……────なんて,樋口円香,樋口円香2025情人节,圆香2025情人节02
樋口円香/樋口円香2025情人节/圆香2025情人节02.csv,4,4901800420020,円香,さあ,樋口円香,樋口円香2025情人节,圆香2025情人节02
樋口円香/樋口円香2025情人节/圆香2025情人节02.csv,6,4901800420030,円香,……どうぞ,樋口円香,樋口円香2025情人节,圆香2025情人节02
樋口円香/樋口円香2025情人节/圆香2025情人节02.csv,8,4901800420040,円香,それで？,樋口円香,樋口円香2025情人节,圆香2025情人节02
樋口円香/樋口円香2025情人节/圆香2025情人节02.csv,11,4901800420050,円香,？,樋口円香,樋口円香2025情人节,圆香2025情人节02
樋口円香/节日剧情/2022圣诞节/special_communications_490103581.csv,7,4901035810001,円香＆プロデューサー,──────…………,樋口円香,节日剧情,special_communications_490103581
樋口円香/节日剧情/2022圣诞节/special_communications_490103582.csv,3,4901035820010,円香,"相変わらずまめですね
あなたも──……",樋口円香,节日剧情,special_communications_490103582
樋口円香/节日剧情/2022圣诞节/special_communications_490103582.csv,4,0000000000000,円香,………………,樋口円香,节日剧情,special_communications_490103582
樋口円香/节日剧情/2022圣诞节/special_communications_490103582.csv,5,4901035820030,円香,"────なんで、手ぬぐい……？
……どのあたりがクリスマス……？",樋口円香,节日剧情,special_communications_490103582
樋口円香/节日剧情/2022圣诞节/special_communications_490103582.csv,6,4901035820040,円香,"いや別になんでもいいけど……
だからってなんで……豆しぼりの手ぬぐい……豆……",樋口円香,节日剧情,special_communications_490103582
樋口円香/节日剧情/2022圣诞节/special_communications_490103582.csv,7,4901035820050,円香,"……あ、『まめだから』とかそういう駄洒落？
まさかツッコミ待ち？　うわ、めんど…………",樋口円香,节日剧情,special_communications_490103582
樋口円香/节日剧情/2022圣诞节/special_communications_490103582.csv,8,4901035820060,円香,……とりあえず、ありがとうございます,樋口円香,节日剧情,special_communications_490103582
樋口円香/节日剧情/2022圣诞节/special_communications_490103583.csv,4,4901035830010,円香,……だから？,樋口円香,节日剧情,special_communications_490103583
樋口円香/节日剧情/2022圣诞节/special_communications_490103583.csv,6,4901035830020,円香,"もう少しシンプルに言ってもらえませんか
……これがなんなのか",樋口円香,节日剧情,special_communications_490103583
樋口円香/节日剧情/2022圣诞节/special_communications_490103583.csv,8,4901035830030,円香,……そうですか、わかりました,樋口円香,节日剧情,special_communications_490103583
樋口円香/节日剧情/2022圣诞节/special_communications_490103583.csv,9,4901035830040,円香,────じゃ、無理はせず,樋口円香,节日剧情,special_communications_490103583
樋口円香/节日剧情/2022圣诞节/special_communications_490103584.csv,4,4901035840010,円香,……？,樋口円香,节日剧情,special_communications_490103584
樋口円香/节日剧情/2022圣诞节/special_communications_490103584.csv,6,4901035840020,円香,……誰も、あげるなんて言っていませんが,樋口円香,节日剧情,special_communications_490103584
樋口円香/节日剧情/2022圣诞节/special_communications_490103584.csv,8,4901035840030,円香,……,樋口円香,节日剧情,special_communications_490103584
樋口円香/节日剧情/2022圣诞节/special_communications_490103584.csv,9,4901035840040,円香,"それなら、ミスター・モノローグ
あなたが欲しいものは？",樋口円香,节日剧情,special_communications_490103584
樋口円香/节日剧情/2022圣诞节/special_communications_490103584.csv,11,4901035840050,円香,独り言なら遠慮する必要ないですよね,樋口円香,节日剧情,special_communications_490103584
樋口円香/节日剧情/2022圣诞节/special_communications_490103584.csv,14,4901035840060,円香,抱えられないやつ,樋口円香,节日剧情,special_communications_490103584
樋口円香/节日剧情/2022圣诞节/special_communications_490103584.csv,16,4901035840070,円香,どうやって,樋口円香,节日剧情,special_communications_490103584
樋口円香/节日剧情/2023圆香生日.csv,2,49020050210010,円香,"ああ、はい
わざわざ選んでいただいて",樋口円香,节日剧情,2023圆香生日
樋口円香/节日剧情/2023圆香生日.csv,3,49020050210020,円香,"わざわざかわいいラッピングまで選んでくださって
本当にどうもありがとうございます",樋口円香,节日剧情,2023圆香生日
樋口円香/节日剧情/2023圣诞圆香/special_communications_490110081.csv,4,4901100810001,プロデューサー＆円香,"…………
…………",樋口円香,节日剧情,special_communications_490110081
樋口円香/节日剧情/2023圣诞圆香/special_communications_490110081.csv,7,4901100810010,円香,……………,樋口円香,节日剧情,special_communications_490110081
樋口円香/节日剧情/2023圣诞圆香/special_communications_490110082.csv,3,4901100820010,円香,"クリスマスローズ
……花の色や形が、どれも少しずつ違うんですね",樋口円香,节日剧情,special_communications_490110082
樋口円香/节日剧情/2023圣诞圆香/special_communications_490110082.csv,5,4901100820020,円香,"……では
この鉢をください",樋口円香,节日剧情,special_communications_490110082
樋口円香/节日剧情/2023圣诞圆香/special_communications_490110082.csv,8,4901100820030,円香,……そうですか,樋口円香,节日剧情,special_communications_490110082
樋口円香/节日剧情/2023圣诞圆香/special_communications_490110083.csv,2,4901100830010,円香,…………,樋口円香,节日剧情,special_communications_490110083
樋口円香/节日剧情/2023圣诞圆香/special_communications_490110083.csv,5,4901100830020,円香,…………うわ,樋口円香,节日剧情,special_communications_490110083
樋口円香/节日剧情/2023圣诞圆香/special_communications_490110083.csv,6,4901100830030,円香,"まさかここまでクレイジーだとは
……よいクリスマスを",樋口円香,节日剧情,special_communications_490110083
樋口円香/节日剧情/2023圣诞圆香/special_communications_490110084.csv,2,4901100840010,円香,はい,樋口円香,节日剧情,special_communications_490110084
樋口円香/节日剧情/2023圣诞圆香/special_communications_490110084.csv,4,4901100840020,円香,……律儀にお礼の電話、ありがとうございます,樋口円香,节日剧情,special_communications_490110084
樋口円香/节日剧情/2023圣诞圆香/special_communications_490110084.csv,7,4901100840030,円香,"いえ
たいしたものではありませんので",樋口円香,节日剧情,special_communications_490110084
樋口円香/节日剧情/2023圣诞圆香/special_communications_490110084.csv,8,4901100840040,円香,"……いま、事務所にいるんですね
お疲れ様です",樋口円香,节日剧情,special_communications_490110084
樋口円香/节日剧情/2023圣诞圆香/special_communications_490110084.csv,12,4901100840050,円香,…………,樋口円香,节日剧情,special_communications_490110084
樋口円香/节日剧情/2023圣诞圆香/special_communications_490110084.csv,15,4901100840060,円香,"……驚きました
本当に",樋口円香,节日剧情,special_communications_490110084
樋口円香/节日剧情/2023圣诞圆香/special_communications_490110084.csv,16,4901100840070,円香,くれぐれも自己責任で,樋口円香,节日剧情,special_communications_490110084
樋口円香/节日剧情/2023情人节/490103762.csv,3,4901037620010,円香,はい,樋口円香,节日剧情,490103762
樋口円香/节日剧情/2023情人节/490103762.csv,5,4901037620020,円香,"はい
……では、お疲れ様でした",樋口円香,节日剧情,490103762
樋口円香/节日剧情/2023情人节/490103762.csv,8,4901037620030,円香,ああ、はい,樋口円香,节日剧情,490103762
樋口円香/节日剧情/2023情人节/490103762.csv,10,4901037620040,円香,……はい、あなたとは違うので,樋口円香,节日剧情,490103762
樋口円香/节日剧情/2023情人节/490103762.csv,11,4901037620050,円香,"もう置いておきました
……ダッシュボードの中に",樋口円香,节日剧情,490103762
樋口円香/节日剧情/2023情人节/490103762.csv,13,4901037620060,円香,……それでは、お疲れ様でした,樋口円香,节日剧情,490103762
樋口円香/节日剧情/2023情人节/490103763.csv,2,4901037630010,円香,"…………？
このポーチ……なんか、重……",樋口円香,节日剧情,490103763
樋口円香/节日剧情/2023情人节/490103763.csv,3,4901037630020,円香,"何か入ってる……？
充電コード以外に……",樋口円香,节日剧情,490103763
樋口円香/节日剧情/2023情人节/490103763.csv,4,4901037630030,円香,"…………………………
やられた…………",樋口円香,节日剧情,490103763
樋口円香/节日剧情/2023情人节/special_communications_490103761.csv,9,4901037610010,円香,………………,樋口円香,节日剧情,special_communications_490103761
樋口円香/节日剧情/2024圣诞 樋口円香/2024圣诞礼物圆1.csv,3,4901700410010,円香,もう帰るところです,樋口円香,节日剧情,2024圣诞礼物圆1
樋口円香/节日剧情/2024圣诞 樋口円香/2024圣诞礼物圆1.csv,6,4901700410020,円香,……では、お先に,樋口円香,节日剧情,2024圣诞礼物圆1
樋口円香/节日剧情/2024圣诞 樋口円香/2024圣诞礼物圆2.csv,4,4901700420010,円香,"私も、監督としてはやはり
とても優れた方なんだろうと思いました",樋口円香,节日剧情,2024圣诞礼物圆2
樋口円香/节日剧情/2024圣诞 樋口円香/2024圣诞礼物圆2.csv,5,4901700420020,円香,好きにはなれませんでしたが,樋口円香,节日剧情,2024圣诞礼物圆2
樋口円香/节日剧情/2024圣诞 樋口円香/2024圣诞礼物圆2.csv,7,4901700420030,円香,そんな表面的なことで言ってない,樋口円香,节日剧情,2024圣诞礼物圆2
樋口円香/节日剧情/2024圣诞 樋口円香/2024圣诞礼物圆2.csv,8,4901700420040,円香,"あなたも感じのいい人でしたが
それだけの人だったなら",樋口円香,节日剧情,2024圣诞礼物圆2
樋口円香/节日剧情/2024圣诞 樋口円香/2024圣诞礼物圆2.csv,9,4901700420050,円香,"……あなたのことは中身を知ったうえで
大嫌い",樋口円香,节日剧情,2024圣诞礼物圆2
樋口円香/节日剧情/2024圣诞 樋口円香/2024圣诞礼物圆2.csv,11,4901700420060,円香,そう、大嫌い,樋口円香,节日剧情,2024圣诞礼物圆2
樋口円香/节日剧情/2024圣诞 樋口円香/2024圣诞礼物圆2.csv,13,4901700420070,円香,"あなたが勝手に隣を歩こうとしてくるから
いちいち避けるのも疲れたので",樋口円香,节日剧情,2024圣诞礼物圆2
樋口円香/节日剧情/2024圣诞 樋口円香/2024圣诞礼物圆2.csv,15,4901700420080,円香,……,樋口円香,节日剧情,2024圣诞礼物圆2
樋口円香/节日剧情/2024圣诞 樋口円香/2024圣诞礼物圆2.csv,20,4901700420090,円香,……,樋口円香,节日剧情,2024圣诞礼物圆2
樋口円香/节日剧情/2024圣诞 樋口円香/2024圣诞礼物圆2.csv,21,4901700420100,円香,私も,樋口円香,节日剧情,2024圣诞礼物圆2
樋口円香/节日剧情/2024情人节/490120061.csv,3,4901200610010,円香,"はい。お言葉に甘えて
丁度、今年はどうしようかと考えていたので",樋口円香,节日剧情,490120061
樋口円香/节日剧情/2024情人节/490120061.csv,6,4901200610020,円香,"そうですね
とてもユニークで、印象的でしたから……",樋口円香,节日剧情,490120061
樋口円香/节日剧情/2024情人节/490120061.csv,7,4901200610030,円香,……参考にさせていただきます,樋口円香,节日剧情,490120061
樋口円香/节日剧情/2024情人节/490120062.csv,3,4901200620010,円香,大丈夫です、私は,樋口円香,节日剧情,490120062
樋口円香/节日剧情/2024情人节/490120062.csv,5,4901200620020,円香,チョコでよければどうぞ,樋口円香,节日剧情,490120062
樋口円香/节日剧情/2024情人节/490120062.csv,8,4901200620030,円香,いえ,樋口円香,节日剧情,490120062
樋口円香/节日剧情/2024情人节/490120062.csv,10,4901200620040,円香,温かいミルクティーで,樋口円香,节日剧情,490120062
樋口円香/节日剧情/2024情人节/490120063.csv,2,4901200630010,円香,"どうも
……このチョコ、私が取材で……",樋口円香,节日剧情,490120063
樋口円香/节日剧情/2024情人节/490120063.csv,3,4901200630020,円香,"まさか
私の雑誌での言葉を真に受けて？",樋口円香,节日剧情,490120063
樋口円香/节日剧情/2024情人节/490120063.csv,4,4901200630030,円香,…………,樋口円香,节日剧情,490120063
樋口円香/节日剧情/2024情人节/490120063.csv,5,4901200630031,円香,…………,樋口円香,节日剧情,490120063
樋口円香/节日剧情/2024白情/490130041.csv,3,4901300410010,円香,ありがとうございます,樋口円香,节日剧情,490130041
樋口円香/节日剧情/2024白情/490130041.csv,5,4901300410020,円香,"……
……でしょうね",樋口円香,节日剧情,490130041
樋口円香/节日剧情/2024白情/490130042.csv,3,4901300420010,円香,ありがとうございま────……,樋口円香,节日剧情,490130042
樋口円香/节日剧情/2024白情/490130042.csv,5,4901300420020,円香,"……そういえば
そういう遊び心がありましたね",樋口円香,节日剧情,490130042
樋口円香/节日剧情/2024白情/490130042.csv,8,4901300420030,円香,"もう覚えていませんが
チョコはチョコでしかないので",樋口円香,节日剧情,490130042
樋口円香/节日剧情/2024白情/490130042.csv,9,4901300420040,円香,"それ以上でもそれ以下でも
意味なんてないですよ",樋口円香,节日剧情,490130042
樋口円香/节日剧情/2024白情/490130042.csv,11,4901300420050,円香,……そうですね……,樋口円香,节日剧情,490130042
樋口円香/节日剧情/万圣节/圆香2023万圣.csv,3,4901043210010,円香,…………,樋口円香,节日剧情,圆香2023万圣
樋口円香/节日剧情/万圣节/圆香2023万圣.csv,7,4901043210020,円香,…………,樋口円香,节日剧情,圆香2023万圣
樋口円香/节日剧情/万圣节/圆香2023万圣.csv,10,4901043210030,円香,…………っ！,樋口円香,节日剧情,圆香2023万圣
樋口円香/节日剧情/万圣节/圆香2023万圣.csv,12,4901043210040,円香,虫は……,樋口円香,节日剧情,圆香2023万圣
樋口円香/节日剧情/万圣节/圆香2023万圣.csv,14,4901043210050,円香,"やっぱり、こんなところで寝るなんて
どうかしてました",樋口円香,节日剧情,圆香2023万圣
樋口円香/节日剧情/万圣节/圆香2023万圣.csv,15,4901043210060,円香,……それでは,樋口円香,节日剧情,圆香2023万圣
樋口円香/节日剧情/万圣节/圆香2024万圣.csv,5,4901600210010,円香,……うわ,樋口円香,节日剧情,圆香2024万圣
樋口円香/节日剧情/万圣节/圆香2024万圣.csv,8,4901600210020,円香,"……できればもう二度と
会いたくはなかったですが",樋口円香,节日剧情,圆香2024万圣
樋口円香/节日剧情/万圣节/圆香2024万圣.csv,10,4901600210030,円香,は？,樋口円香,节日剧情,圆香2024万圣
樋口円香/节日剧情/万圣节/圆香2024万圣.csv,11,0000000000000,円香,────────────……,樋口円香,节日剧情,圆香2024万圣
樋口円香/节日剧情/万圣节/圆香2024万圣.csv,13,4901600210050,円香,ニンゲンの採集、観察、飼育……,樋口円香,节日剧情,圆香2024万圣
樋口円香/节日剧情/万圣节/圆香2024万圣.csv,14,4901600210060,円香,"あなたの内側まで余す所なく
暴いてあげる",樋口円香,节日剧情,圆香2024万圣
樋口円香/节日剧情/万圣节/圆香2024万圣.csv,15,4901600210070,円香,……ぐちゃぐちゃに引き裂いてやる,樋口円香,节日剧情,圆香2024万圣
樋口円香/节日剧情/圣诞节/2021圣诞节/special_communications_490102681.csv,4,4901026810010,円香,ああ、私に話しかけていたんですか,樋口円香,节日剧情,special_communications_490102681
樋口円香/节日剧情/圣诞节/2021圣诞节/special_communications_490102681.csv,6,4901026810020,円香,広場のベルから音楽が流れるんですよね,樋口円香,节日剧情,special_communications_490102681
樋口円香/节日剧情/圣诞节/2021圣诞节/special_communications_490102681.csv,8,4901026810030,円香,"１時間ごとに流れるって、
入り口の看板に書いてありましたもんね",樋口円香,节日剧情,special_communications_490102681
樋口円香/节日剧情/圣诞节/2021圣诞节/special_communications_490102682.csv,2,4901026820010,円香,……落ち着いた色合いでいいですね,樋口円香,节日剧情,special_communications_490102682
樋口円香/节日剧情/圣诞节/2021圣诞节/special_communications_490102682.csv,4,4901026820020,円香,"ちょうど買おうと思っていたんです
母が欲しがっていたので",樋口円香,节日剧情,special_communications_490102682
樋口円香/节日剧情/圣诞节/2021圣诞节/special_communications_490102682.csv,5,4901026820030,円香,"きっと喜ぶと思います
ありがたくいただきます",樋口円香,节日剧情,special_communications_490102682
樋口円香/节日剧情/圣诞节/2021圣诞节/special_communications_490102682.csv,8,4901026820040,円香,"………………
うわ……",樋口円香,节日剧情,special_communications_490102682
樋口円香/节日剧情/圣诞节/2021圣诞节/special_communications_490102683.csv,3,4901026830010,円香,はい,樋口円香,节日剧情,special_communications_490102683
樋口円香/节日剧情/圣诞节/2021圣诞节/special_communications_490102683.csv,5,4901026830020,円香,"……保冷バッグ？
中身はなんですか",樋口円香,节日剧情,special_communications_490102683
樋口円香/节日剧情/圣诞节/2021圣诞节/special_communications_490102683.csv,7,4901026830030,円香,高価なものじゃないですよね,樋口円香,节日剧情,special_communications_490102683
樋口円香/节日剧情/圣诞节/2021圣诞节/special_communications_490102684.csv,2,4901026840010,円香,はい,樋口円香,节日剧情,special_communications_490102684
樋口円香/节日剧情/圣诞节/2021圣诞节/special_communications_490102684.csv,4,4901026840020,円香,…………,樋口円香,节日剧情,special_communications_490102684
樋口円香/节日剧情/圣诞节/2021圣诞节/special_communications_490102684.csv,5,4901026840021,円香＆プロデューサー,『クリスマスプレゼント、ありがとう』,樋口円香,节日剧情,special_communications_490102684
樋口円香/节日剧情/圣诞节/2021圣诞节/special_communications_490102684.csv,7,4901026840030,円香,『そうですね』,樋口円香,节日剧情,special_communications_490102684
樋口円香/节日剧情/圣诞节/2021圣诞节/special_communications_490102684.csv,11,4901026840040,円香,『……え？』,樋口円香,节日剧情,special_communications_490102684
樋口円香/节日剧情/圣诞节/2021圣诞节/special_communications_490102684.csv,13,0000000000000,円香,『……』,樋口円香,节日剧情,special_communications_490102684
樋口円香/节日剧情/圣诞节/2021圣诞节/special_communications_490102684.csv,15,4901026840060,円香,『…………』,樋口円香,节日剧情,special_communications_490102684
樋口円香/节日剧情/圣诞节/2021圣诞节/special_communications_490102684.csv,16,4901026840070,円香,"『まあ、どのように使おうが
あなたの勝手なので止めませんが』",樋口円香,节日剧情,special_communications_490102684
樋口円香/节日剧情/圣诞节/2021圣诞节/special_communications_490102684.csv,17,4901026840080,円香,『どうぞ、自己責任で』,樋口円香,节日剧情,special_communications_490102684
浅倉透/S.T.E.P.篇/そうなのかも.csv,9,1020005050080,円香,……急ぎ？,浅倉透,S.T.E.P.篇,そうなのかも
浅倉透/【faaaar】浅倉透/so easy.csv,6,3020007010050,円香,────,浅倉透,【faaaar】浅倉透,so easy
浅倉透/【faaaar】浅倉透/so easy.csv,65,3020007010550,円香,『何』,浅倉透,【faaaar】浅倉透,so easy
浅倉透/【faaaar】浅倉透/so smooth.csv,9,3020007020080,円香,"……
首より、あっちの方がよくない？",浅倉透,【faaaar】浅倉透,so smooth
浅倉透/【faaaar】浅倉透/so smooth.csv,17,3020007020160,円香,あつ……,浅倉透,【faaaar】浅倉透,so smooth
浅倉透/【faaaar】浅倉透/so smooth.csv,18,3020007020170,円香,何,浅倉透,【faaaar】浅倉透,so smooth
浅倉透/【faaaar】浅倉透/so smooth.csv,20,3020007020190,円香,いい,浅倉透,【faaaar】浅倉透,so smooth
浅倉透/【faaaar】浅倉透/so smooth.csv,24,3020007020230,円香,……それ、どういうこと？,浅倉透,【faaaar】浅倉透,so smooth
浅倉透/【faaaar】浅倉透/so smooth.csv,28,3020007020270,円香,養殖に失礼,浅倉透,【faaaar】浅倉透,so smooth
浅倉透/【faaaar】浅倉透/so smooth.csv,36,3020007020350,円香,持つ？,浅倉透,【faaaar】浅倉透,so smooth
浅倉透/【faaaar】浅倉透/so smooth.csv,40,3020007020390,円香,え……どこから来たの,浅倉透,【faaaar】浅倉透,so smooth
浅倉透/【faaaar】浅倉透/so smooth.csv,43,3020007020420,円香,変な物、食べさせない方がいいと思うけど,浅倉透,【faaaar】浅倉透,so smooth
浅倉透/【faaaar】浅倉透/so smooth.csv,45,3020007020440,円香,はいはい,浅倉透,【faaaar】浅倉透,so smooth
浅倉透/【faaaar】浅倉透/so smooth.csv,54,3020007020530,円香,天然物らしいからね,浅倉透,【faaaar】浅倉透,so smooth
浅倉透/【faaaar】浅倉透/so smooth.csv,72,3020007020690,円香,"……
犬違いね",浅倉透,【faaaar】浅倉透,so smooth
浅倉透/【faaaar】浅倉透/so smooth.csv,76,3020007020730,円香,"……確かに
いきはよかったんじゃない",浅倉透,【faaaar】浅倉透,so smooth
浅倉透/【floooat】浅倉透/浮いてる？.csv,11,3020013030040,円香,……休憩、まだかかりそう,浅倉透,【floooat】浅倉透,浮いてる？
浅倉透/【floooat】浅倉透/浮いてる？.csv,12,3020013030050,円香,一旦ロケバスで休ませてもらう？,浅倉透,【floooat】浅倉透,浮いてる？
浅倉透/【floooat】浅倉透/浮いてる？.csv,14,3020013030070,円香,"……
小糸、暑くない？",浅倉透,【floooat】浅倉透,浮いてる？
浅倉透/【floooat】浅倉透/浮いてる？.csv,17,3020013030100,円香,……いい,浅倉透,【floooat】浅倉透,浮いてる？
浅倉透/【floooat】浅倉透/浮いてる？.csv,21,3020013030140,円香,はいはい、みんなでね,浅倉透,【floooat】浅倉透,浮いてる？
浅倉透/【floooat】浅倉透/浮いてる？.csv,24,3020013030160,円香,……,浅倉透,【floooat】浅倉透,浮いてる？
浅倉透/【floooat】浅倉透/浮いてる？.csv,26,3020013030180,円香,……花,浅倉透,【floooat】浅倉透,浮いてる？
浅倉透/【floooat】浅倉透/浮いてる？.csv,33,3020013030250,円香,……何？,浅倉透,【floooat】浅倉透,浮いてる？
浅倉透/【floooat】浅倉透/浮いてる？.csv,35,3020013030270,円香,"アリなの？
それ",浅倉透,【floooat】浅倉透,浮いてる？
浅倉透/【floooat】浅倉透/浮いてる？.csv,37,3020013030290,円香,"知らない
他にしたら？",浅倉透,【floooat】浅倉透,浮いてる？
浅倉透/【floooat】浅倉透/浮いてる？.csv,39,3020013030310,円香,あるでしょ、いっぱい,浅倉透,【floooat】浅倉透,浮いてる？
浅倉透/【floooat】浅倉透/浮いてる？.csv,46,3020013030370,円香,『る』,浅倉透,【floooat】浅倉透,浮いてる？
浅倉透/【floooat】浅倉透/浮いてる？.csv,49,3020013030400,円香,え……なに？,浅倉透,【floooat】浅倉透,浮いてる？
浅倉透/【floooat】浅倉透/浮いてる？.csv,55,3020013030460,円香,……いい加減始まるんじゃない,浅倉透,【floooat】浅倉透,浮いてる？
浅倉透/【floooat】浅倉透/溶けてる.csv,12,3020013010030,円香,……ほっときな,浅倉透,【floooat】浅倉透,溶けてる
浅倉透/【floooat】浅倉透/溶けてる.csv,18,3020013010090,円香,……,浅倉透,【floooat】浅倉透,溶けてる
浅倉透/【floooat】浅倉透/溶けてる.csv,26,3020013010170,円香,……浅倉？,浅倉透,【floooat】浅倉透,溶けてる
浅倉透/【floooat】浅倉透/溶けてる.csv,28,3020013010190,円香,……は？,浅倉透,【floooat】浅倉透,溶けてる
浅倉透/【floooat】浅倉透/溶けてる.csv,30,3020013010210,円香,……,浅倉透,【floooat】浅倉透,溶けてる
浅倉透/【floooat】浅倉透/溶けてる.csv,40,3020013010310,円香,……何、さっきから,浅倉透,【floooat】浅倉透,溶けてる
浅倉透/【floooat】浅倉透/溶けてる.csv,49,3020013010400,円香,"でもこの人、さっきから喋ってばっかで
全然食べてない",浅倉透,【floooat】浅倉透,溶けてる
浅倉透/【floooat】浅倉透/落ちてる.csv,5,3020013020040,円香,"……あそこ
かき氷屋さん",浅倉透,【floooat】浅倉透,落ちてる
浅倉透/【floooat】浅倉透/落ちてる.csv,17,3020013020160,円香,"軽いし、転がりそう
キーホルダーでもなさそうだけど",浅倉透,【floooat】浅倉透,落ちてる
浅倉透/【floooat】浅倉透/落ちてる.csv,24,3020013020230,円香,……それがなんでここに？,浅倉透,【floooat】浅倉透,落ちてる
浅倉透/【floooat】浅倉透/落ちてる.csv,35,3020013020340,円香,"……で、どうするの
かき氷",浅倉透,【floooat】浅倉透,落ちてる
浅倉透/【floooat】浅倉透/落ちてる.csv,41,3020013020400,円香,……,浅倉透,【floooat】浅倉透,落ちてる
浅倉透/【floooat】浅倉透/落ちてる.csv,49,3020013020480,円香,……,浅倉透,【floooat】浅倉透,落ちてる
浅倉透/【floooat】浅倉透/落ちてる.csv,61,3020013020580,円香,……え？,浅倉透,【floooat】浅倉透,落ちてる
浅倉透/【pooool】浅倉 透/プール・フール.csv,3,3020005030020,円香,"どれ？
違うけど",浅倉透,【pooool】浅倉 透,プール・フール
浅倉透/【pooool】浅倉 透/プール・フール.csv,7,3020005030060,円香,それ、似てるけど別の人,浅倉透,【pooool】浅倉 透,プール・フール
浅倉透/【pooool】浅倉 透/プール・フール.csv,13,3020005030120,円香,何？　どんな基準？,浅倉透,【pooool】浅倉 透,プール・フール
浅倉透/【pooool】浅倉 透/プール・フール.csv,16,3020005030150,円香,"……だから、この人
鉄工所の映画の人じゃない",浅倉透,【pooool】浅倉 透,プール・フール
浅倉透/【pooool】浅倉 透/プール・フール.csv,29,3020005030280,円香,年末だからね,浅倉透,【pooool】浅倉 透,プール・フール
浅倉透/【pooool】浅倉 透/プール・フール.csv,32,3020005030290,円香,"……和牛でテンション上げなきゃいけないとか
ほとんど罰ゲーム",浅倉透,【pooool】浅倉 透,プール・フール
浅倉透/【pooool】浅倉 透/プール・フール.csv,40,3020005030360,円香,"カンペでも貰ってたんじゃないの
こいつに和牛食べさせるために",浅倉透,【pooool】浅倉 透,プール・フール
浅倉透/【pooool】浅倉 透/プール・フール.csv,42,3020005030371,透＆円香,……,浅倉透,【pooool】浅倉 透,プール・フール
浅倉透/【pooool】浅倉 透/プール・フール.csv,44,3020005030390,円香,小糸が答えてくれる,浅倉透,【pooool】浅倉 透,プール・フール
浅倉透/【pooool】浅倉 透/プール・フール.csv,54,3020005030490,円香,大体どこも同じ,浅倉透,【pooool】浅倉 透,プール・フール
浅倉透/【pooool】浅倉 透/プール・フール.csv,67,3020005030610,円香,"……寒い
眠い",浅倉透,【pooool】浅倉 透,プール・フール
浅倉透/【pooool】浅倉 透/泳げばとうとし.csv,5,3020005010040,円香,──どうせ家のカギとかでしょ,浅倉透,【pooool】浅倉 透,泳げばとうとし
浅倉透/【pooool】浅倉 透/泳げばとうとし.csv,7,3020005010060,円香,……,浅倉透,【pooool】浅倉 透,泳げばとうとし
浅倉透/【pooool】浅倉 透/泳げばとうとし.csv,11,3020005010100,円香,"入れると思うけど
生徒指導とかに見つかったらだるい",浅倉透,【pooool】浅倉 透,泳げばとうとし
浅倉透/【pooool】浅倉 透/泳げばとうとし.csv,18,3020005010170,円香,……パス,浅倉透,【pooool】浅倉 透,泳げばとうとし
浅倉透/【pooool】浅倉 透/泳げばとうとし.csv,35,3020005010330,円香,"拾いに行くんだし
いいことでしょ",浅倉透,【pooool】浅倉 透,泳げばとうとし
浅倉透/【pooool】浅倉 透/泳げばとうとし.csv,40,3020005010380,円香,"──誰か来るかも
早く",浅倉透,【pooool】浅倉 透,泳げばとうとし
浅倉透/【pooool】浅倉 透/泳げばとうとし.csv,49,3020005010440,円香,──セーフ,浅倉透,【pooool】浅倉 透,泳げばとうとし
浅倉透/【pooool】浅倉 透/泳げばとうとし.csv,59,3020005010540,円香,排水溝のあたりとか,浅倉透,【pooool】浅倉 透,泳げばとうとし
浅倉透/【pooool】浅倉 透/泳げばとうとし.csv,70,3020005010650,円香,狙ってけー,浅倉透,【pooool】浅倉 透,泳げばとうとし
浅倉透/【pooool】浅倉 透/泳げばとうとし.csv,76,3020005010690,円香,"行こ
外には出したし",浅倉透,【pooool】浅倉 透,泳げばとうとし
浅倉透/【pooool】浅倉 透/泳げばとうとし.csv,79,3020005010720,円香,寒いしね,浅倉透,【pooool】浅倉 透,泳げばとうとし
浅倉透/【pooool】浅倉 透/泳げばとうとし.csv,80,3020005010730,円香,──浅倉,浅倉透,【pooool】浅倉 透,泳げばとうとし
浅倉透/【かっとばし党の逆襲】浅倉透/おもいこんだら.csv,2,3020003010010,円香,"１、２、３、４
右、右、右、キメ……",浅倉透,【かっとばし党の逆襲】浅倉透,おもいこんだら
浅倉透/【かっとばし党の逆襲】浅倉透/おもいこんだら.csv,4,3020003010030,円香,"いや、キメ
──こうじゃない？",浅倉透,【かっとばし党の逆襲】浅倉透,おもいこんだら
浅倉透/【かっとばし党の逆襲】浅倉透/おもいこんだら.csv,6,3020003010050,円香,"こう
──なんか違う",浅倉透,【かっとばし党の逆襲】浅倉透,おもいこんだら
浅倉透/【かっとばし党の逆襲】浅倉透/おもいこんだら.csv,9,3020003010080,円香,"知らない
じゃあ、左行ったら",浅倉透,【かっとばし党の逆襲】浅倉透,おもいこんだら
浅倉透/【かっとばし党の逆襲】浅倉透/おもいこんだら.csv,11,3020003010100,円香,"……もうやめとく？
どうせ自主練だし",浅倉透,【かっとばし党の逆襲】浅倉透,おもいこんだら
浅倉透/【かっとばし党の逆襲】浅倉透/おもいこんだら.csv,17,3020003010160,円香,……,浅倉透,【かっとばし党の逆襲】浅倉透,おもいこんだら
浅倉透/【かっとばし党の逆襲】浅倉透/おもいこんだら.csv,19,3020003010171,透＆円香,────！,浅倉透,【かっとばし党の逆襲】浅倉透,おもいこんだら
浅倉透/【かっとばし党の逆襲】浅倉透/おもいこんだら.csv,21,3020003010190,円香,無理じゃない？　これ,浅倉透,【かっとばし党の逆襲】浅倉透,おもいこんだら
浅倉透/【かっとばし党の逆襲】浅倉透/おもいこんだら.csv,23,3020003010210,円香,…………,浅倉透,【かっとばし党の逆襲】浅倉透,おもいこんだら
浅倉透/【かっとばし党の逆襲】浅倉透/おもいこんだら.csv,25,3020003010230,円香,"ちょ……
ちゃんと前向いて",浅倉透,【かっとばし党の逆襲】浅倉透,おもいこんだら
浅倉透/【かっとばし党の逆襲】浅倉透/おもいこんだら.csv,26,3020003010240,円香,全然ダメじゃん,浅倉透,【かっとばし党の逆襲】浅倉透,おもいこんだら
浅倉透/【かっとばし党の逆襲】浅倉透/おもいこんだら.csv,28,3020003010260,円香,────全然、かっとんでない,浅倉透,【かっとばし党の逆襲】浅倉透,おもいこんだら
浅倉透/【かっとばし党の逆襲】浅倉透/おもいこんだら.csv,29,3020003010270,円香,"ていうか、なんで急にこんなとこ
──ドラマでも観た？",浅倉透,【かっとばし党の逆襲】浅倉透,おもいこんだら
浅倉透/【かっとばし党の逆襲】浅倉透/おもいこんだら.csv,33,3020003010310,円香,"…………
いい。打つならしゃべらないで",浅倉透,【かっとばし党の逆襲】浅倉透,おもいこんだら
浅倉透/【かっとばし党の逆襲】浅倉透/おもいこんだら.csv,36,3020003010340,円香,うわ、そのまんま,浅倉透,【かっとばし党の逆襲】浅倉透,おもいこんだら
浅倉透/【かっとばし党の逆襲】浅倉透/おもいこんだら.csv,38,3020003010360,円香,──で、かっとぶの？,浅倉透,【かっとばし党の逆襲】浅倉透,おもいこんだら
浅倉透/【かっとばし党の逆襲】浅倉透/おもいこんだら.csv,41,3020003010390,円香,……,浅倉透,【かっとばし党の逆襲】浅倉透,おもいこんだら
浅倉透/【かっとばし党の逆襲】浅倉透/おもいこんだら.csv,43,3020003010410,円香,……駄作感がやばい,浅倉透,【かっとばし党の逆襲】浅倉透,おもいこんだら
浅倉透/【かっとばし党の逆襲】浅倉透/おもいこんだら.csv,46,3020003010431,透＆円香,頑張らなきゃかっとばない──────,浅倉透,【かっとばし党の逆襲】浅倉透,おもいこんだら
浅倉透/【かっとばし党の逆襲】浅倉透/おもいこんだら.csv,49,3020003010460,円香,だから、打つかしゃべるかにして,浅倉透,【かっとばし党の逆襲】浅倉透,おもいこんだら
浅倉透/【かっとばし党の逆襲】浅倉透/おもいこんだら.csv,52,3020003010490,円香,うん,浅倉透,【かっとばし党の逆襲】浅倉透,おもいこんだら
浅倉透/【かっとばし党の逆襲】浅倉透/おもいこんだら.csv,54,3020003010510,円香,"……
目的が逆になってる",浅倉透,【かっとばし党の逆襲】浅倉透,おもいこんだら
浅倉透/【かっとばし党の逆襲】浅倉透/おもいこんだら.csv,58,3020003010550,円香,……,浅倉透,【かっとばし党の逆襲】浅倉透,おもいこんだら
浅倉透/【かっとばし党の逆襲】浅倉透/われらはつくるわれらのりゆう.csv,6,3020003020050,円香,……,浅倉透,【かっとばし党の逆襲】浅倉透,われらはつくるわれらのりゆう
浅倉透/【かっとばし党の逆襲】浅倉透/われらはつくるわれらのりゆう.csv,15,3020003020140,円香,ったく,浅倉透,【かっとばし党の逆襲】浅倉透,われらはつくるわれらのりゆう
浅倉透/【かっとばし党の逆襲】浅倉透/われらはつくるわれらのりゆう.csv,18,3020003020170,円香,いい、いい,浅倉透,【かっとばし党の逆襲】浅倉透,われらはつくるわれらのりゆう
浅倉透/【かっとばし党の逆襲】浅倉透/われらはつくるわれらのりゆう.csv,38,3020003020350,円香,────見せて,浅倉透,【かっとばし党の逆襲】浅倉透,われらはつくるわれらのりゆう
浅倉透/【かっとばし党の逆襲】浅倉透/われらはつくるわれらのりゆう.csv,40,3020003020370,円香,"ふうん……
でも確かにすごくかぶりそう",浅倉透,【かっとばし党の逆襲】浅倉透,われらはつくるわれらのりゆう
浅倉透/【かっとばし党の逆襲】浅倉透/われらはつくるわれらのりゆう.csv,50,0000000000000,円香,……,浅倉透,【かっとばし党の逆襲】浅倉透,われらはつくるわれらのりゆう
浅倉透/【かっとばし党の逆襲】浅倉透/われらはつくるわれらのりゆう.csv,60,3020003020500,円香,……,浅倉透,【かっとばし党の逆襲】浅倉透,われらはつくるわれらのりゆう
浅倉透/【かっとばし党の逆襲】浅倉透/われらはつくるわれらのりゆう.csv,62,3020003020520,円香,……打てるか,浅倉透,【かっとばし党の逆襲】浅倉透,われらはつくるわれらのりゆう
浅倉透/【かっとばし党の長い夏】浅倉透/だいたい７月終わりくらい.csv,10,3020010010090,円香,……お先,浅倉透,【かっとばし党の長い夏】浅倉透,だいたい７月終わりくらい
浅倉透/【かっとばし党の長い夏】浅倉透/だいたい７月終わりくらい.csv,21,3020010010190,円香,……,浅倉透,【かっとばし党の長い夏】浅倉透,だいたい７月終わりくらい
浅倉透/【かっとばし党の長い夏】浅倉透/だいたい７月終わりくらい.csv,24,3020010010211,円香＆小糸＆雛菜,……！,浅倉透,【かっとばし党の長い夏】浅倉透,だいたい７月終わりくらい
浅倉透/【かっとばし党の長い夏】浅倉透/だいたい７月終わりくらい.csv,35,3020010010320,円香,……いいんじゃない。よく効きそう,浅倉透,【かっとばし党の長い夏】浅倉透,だいたい７月終わりくらい
浅倉透/【かっとばし党の長い夏】浅倉透/だいたい７月終わりくらい.csv,46,3020010010430,円香,まつ毛でしょ,浅倉透,【かっとばし党の長い夏】浅倉透,だいたい７月終わりくらい
浅倉透/【かっとばし党の長い夏】浅倉透/だいたい７月終わりくらい.csv,50,3020010010461,円香＆小糸＆雛菜,……,浅倉透,【かっとばし党の長い夏】浅倉透,だいたい７月終わりくらい
浅倉透/【かっとばし党の長い夏】浅倉透/だいたい７月終わりくらい.csv,52,3020010010480,円香,ん……,浅倉透,【かっとばし党の長い夏】浅倉透,だいたい７月終わりくらい
浅倉透/【かっとばし党の長い夏】浅倉透/だいたい７月終わりくらい.csv,64,3020010010600,円香,"……
虫、お疲れー",浅倉透,【かっとばし党の長い夏】浅倉透,だいたい７月終わりくらい
浅倉透/【かっとばし党の長い夏】浅倉透/今日.csv,7,3020010030060,円香,あと３日,浅倉透,【かっとばし党の長い夏】浅倉透,今日
浅倉透/【かっとばし党の長い夏】浅倉透/今日.csv,9,3020010030080,円香,……夏休みのことじゃないの,浅倉透,【かっとばし党の長い夏】浅倉透,今日
浅倉透/【かっとばし党の長い夏】浅倉透/今日.csv,11,3020010030091,透＆円香,終わってないから,浅倉透,【かっとばし党の長い夏】浅倉透,今日
浅倉透/【かっとばし党の長い夏】浅倉透/今日.csv,26,3020010030180,円香,頑張れー,浅倉透,【かっとばし党の長い夏】浅倉透,今日
浅倉透/【かっとばし党の長い夏】浅倉透/今日.csv,29,3020010030201,透＆円香,──────,浅倉透,【かっとばし党の長い夏】浅倉透,今日
浅倉透/【かっとばし党の長い夏】浅倉透/今日.csv,33,3020010030220,円香,……,浅倉透,【かっとばし党の長い夏】浅倉透,今日
浅倉透/【かっとばし党の長い夏】浅倉透/今日.csv,46,3020010030330,円香,……,浅倉透,【かっとばし党の長い夏】浅倉透,今日
浅倉透/【かっとばし党の長い夏】浅倉透/今日.csv,55,3020010030400,円香,……,浅倉透,【かっとばし党の長い夏】浅倉透,今日
浅倉透/【かっとばし党の長い夏】浅倉透/今日.csv,62,3020010030470,円香,違うんじゃない,浅倉透,【かっとばし党の長い夏】浅倉透,今日
浅倉透/【かっとばし党の長い夏】浅倉透/今日.csv,64,3020010030490,円香,……じゃなくて、漢字,浅倉透,【かっとばし党の長い夏】浅倉透,今日
浅倉透/【かっとばし党の長い夏】浅倉透/今日.csv,66,3020010030510,円香,"じょこうのじょ
ギョウニンベン",浅倉透,【かっとばし党の長い夏】浅倉透,今日
浅倉透/【かっとばし党の長い夏】浅倉透/今日.csv,68,3020010030530,円香,"で、メロンはどうするの
味しなくなるってよ",浅倉透,【かっとばし党の長い夏】浅倉透,今日
浅倉透/【かっとばし党の長い夏】浅倉透/今日.csv,77,3020010030600,円香,……,浅倉透,【かっとばし党の長い夏】浅倉透,今日
浅倉透/【がんばれ！ノロマ号】浅倉透/いつか忘れること.csv,15,3020006030080,円香,素直じゃない,浅倉透,【がんばれ！ノロマ号】浅倉透,いつか忘れること
浅倉透/【がんばれ！ノロマ号】浅倉透/いつか忘れること.csv,17,3020006030090,円香,……へんなやつ,浅倉透,【がんばれ！ノロマ号】浅倉透,いつか忘れること
浅倉透/【がんばれ！ノロマ号】浅倉透/いつか忘れること.csv,35,3020006030270,円香,ふーん,浅倉透,【がんばれ！ノロマ号】浅倉透,いつか忘れること
浅倉透/【がんばれ！ノロマ号】浅倉透/いつか忘れること.csv,37,3020006030290,円香,……,浅倉透,【がんばれ！ノロマ号】浅倉透,いつか忘れること
浅倉透/【がんばれ！ノロマ号】浅倉透/いつか忘れること.csv,46,3020006030370,円香,"あんなの
それらしいこと言ってるだけ",浅倉透,【がんばれ！ノロマ号】浅倉透,いつか忘れること
浅倉透/【がんばれ！ノロマ号】浅倉透/いつか忘れること.csv,56,3020006030470,円香,"今度は
まともな言葉、覚えてきて",浅倉透,【がんばれ！ノロマ号】浅倉透,いつか忘れること
浅倉透/【がんばれ！ノロマ号】浅倉透/いつか忘れること.csv,67,3020006030570,円香,"……？
知らない",浅倉透,【がんばれ！ノロマ号】浅倉透,いつか忘れること
浅倉透/【がんばれ！ノロマ号】浅倉透/かんぱい.csv,3,3020006020020,円香,一応、親だけ,浅倉透,【がんばれ！ノロマ号】浅倉透,かんぱい
浅倉透/【がんばれ！ノロマ号】浅倉透/かんぱい.csv,7,3020006020060,円香,"誰に？
たぶん、映らないけど",浅倉透,【がんばれ！ノロマ号】浅倉透,かんぱい
浅倉透/【がんばれ！ノロマ号】浅倉透/かんぱい.csv,15,3020006020140,円香,いいネタになるだけ,浅倉透,【がんばれ！ノロマ号】浅倉透,かんぱい
浅倉透/【がんばれ！ノロマ号】浅倉透/かんぱい.csv,23,3020006020200,円香,すごい実況,浅倉透,【がんばれ！ノロマ号】浅倉透,かんぱい
浅倉透/【がんばれ！ノロマ号】浅倉透/かんぱい.csv,28,3020006020240,円香,カメラなんていなかったけど,浅倉透,【がんばれ！ノロマ号】浅倉透,かんぱい
浅倉透/【がんばれ！ノロマ号】浅倉透/かんぱい.csv,36,3020006020280,円香,この人たちのドキュメンタリーも同然だから,浅倉透,【がんばれ！ノロマ号】浅倉透,かんぱい
浅倉透/【がんばれ！ノロマ号】浅倉透/かんぱい.csv,42,3020006020310,円香,……,浅倉透,【がんばれ！ノロマ号】浅倉透,かんぱい
浅倉透/【がんばれ！ノロマ号】浅倉透/かんぱい.csv,50,3020006020350,円香,んー,浅倉透,【がんばれ！ノロマ号】浅倉透,かんぱい
浅倉透/【がんばれ！ノロマ号】浅倉透/かんぱい.csv,54,3020006020380,円香,"まあ……
実況のテンションにも合わないし……",浅倉透,【がんばれ！ノロマ号】浅倉透,かんぱい
浅倉透/【がんばれ！ノロマ号】浅倉透/かんぱい.csv,58,3020006020410,円香,頭、引っ込めて,浅倉透,【がんばれ！ノロマ号】浅倉透,かんぱい
浅倉透/【がんばれ！ノロマ号】浅倉透/かんぱい.csv,60,3020006020430,円香,走力が落ちてる,浅倉透,【がんばれ！ノロマ号】浅倉透,かんぱい
浅倉透/【がんばれ！ノロマ号】浅倉透/かんぱい.csv,67,3020006020480,円香,"手、つないでるとこ
汗で緩んできてる",浅倉透,【がんばれ！ノロマ号】浅倉透,かんぱい
浅倉透/【がんばれ！ノロマ号】浅倉透/かんぱい.csv,68,3020006020490,円香,やばいかも,浅倉透,【がんばれ！ノロマ号】浅倉透,かんぱい
浅倉透/【がんばれ！ノロマ号】浅倉透/かんぱい.csv,73,3020006020520,円香,…………,浅倉透,【がんばれ！ノロマ号】浅倉透,かんぱい
浅倉透/【がんばれ！ノロマ号】浅倉透/かんぱい.csv,84,3020006020600,円香,盛り上がった,浅倉透,【がんばれ！ノロマ号】浅倉透,かんぱい
浅倉透/【がんばれ！ノロマ号】浅倉透/かんぱい.csv,90,3020006020660,円香,見た覚えがない,浅倉透,【がんばれ！ノロマ号】浅倉透,かんぱい
浅倉透/【がんばれ！ノロマ号】浅倉透/鳥.csv,9,3020006010080,円香,"うわ
久しぶりに見た",浅倉透,【がんばれ！ノロマ号】浅倉透,鳥
浅倉透/【がんばれ！ノロマ号】浅倉透/鳥.csv,11,3020006010100,円香,"いらない
子ども服もらってどうするの",浅倉透,【がんばれ！ノロマ号】浅倉透,鳥
浅倉透/【がんばれ！ノロマ号】浅倉透/鳥.csv,25,3020006010200,円香,どういう飼い主なの,浅倉透,【がんばれ！ノロマ号】浅倉透,鳥
浅倉透/【がんばれ！ノロマ号】浅倉透/鳥.csv,38,3020006010290,円香,…………,浅倉透,【がんばれ！ノロマ号】浅倉透,鳥
浅倉透/【がんばれ！ノロマ号】浅倉透/鳥.csv,55,3020006010450,円香,この、レーヨンのブラウス,浅倉透,【がんばれ！ノロマ号】浅倉透,鳥
浅倉透/【がんばれ！ノロマ号】浅倉透/鳥.csv,58,3020006010480,円香,あと、そっちのセーター,浅倉透,【がんばれ！ノロマ号】浅倉透,鳥
浅倉透/【がんばれ！ノロマ号】浅倉透/鳥.csv,60,3020006010500,円香,リボンがかわいい,浅倉透,【がんばれ！ノロマ号】浅倉透,鳥
浅倉透/【がんばれ！ノロマ号】浅倉透/鳥.csv,72,3020006010580,円香,サイズもよさそう,浅倉透,【がんばれ！ノロマ号】浅倉透,鳥
浅倉透/【たすものについて】浅倉透/うちあがる.csv,13,3020014010020,円香,"……でしたら
私が撮りましょうか？",浅倉透,【たすものについて】浅倉透,うちあがる
浅倉透/【たすものについて】浅倉透/うちあがる.csv,15,3020014010030,円香,え,浅倉透,【たすものについて】浅倉透,うちあがる
浅倉透/【たすものについて】浅倉透/うちあがる.csv,19,3020014010050,円香,ええ、どうぞ,浅倉透,【たすものについて】浅倉透,うちあがる
浅倉透/【たすものについて】浅倉透/うちあがる.csv,63,3020014010190,円香,"では
それがラストショットということで",浅倉透,【たすものについて】浅倉透,うちあがる
浅倉透/【たすものについて】浅倉透/マシてく.csv,4,3020014020030,円香,また？,浅倉透,【たすものについて】浅倉透,マシてく
浅倉透/【たすものについて】浅倉透/マシてく.csv,14,3020014020121,円香＆小糸＆雛菜,……,浅倉透,【たすものについて】浅倉透,マシてく
浅倉透/【たすものについて】浅倉透/マシてく.csv,20,3020014020180,円香,からの、シメのリゾット,浅倉透,【たすものについて】浅倉透,マシてく
浅倉透/【たすものについて】浅倉透/マシてく.csv,21,3020014020190,円香,"……でも、美味しかった
ごちそうさま",浅倉透,【たすものについて】浅倉透,マシてく
浅倉透/【たすものについて】浅倉透/マシてく.csv,25,3020014020230,円香,は？,浅倉透,【たすものについて】浅倉透,マシてく
浅倉透/【たすものについて】浅倉透/マシてく.csv,28,3020014020260,円香,考えるだけで口から出そう,浅倉透,【たすものについて】浅倉透,マシてく
浅倉透/【たすものについて】浅倉透/マシてく.csv,31,3020014020290,円香,ご自由に,浅倉透,【たすものについて】浅倉透,マシてく
浅倉透/【たすものについて】浅倉透/マシてく.csv,37,3020014020350,円香,さむ,浅倉透,【たすものについて】浅倉透,マシてく
浅倉透/【たすものについて】浅倉透/マシてく.csv,41,3020014020390,円香,貸して,浅倉透,【たすものについて】浅倉透,マシてく
浅倉透/【たすものについて】浅倉透/マシてく.csv,43,3020014020410,円香,"……ぬるい
ほとんど小糸のぬくもり",浅倉透,【たすものについて】浅倉透,マシてく
浅倉透/【たすものについて】浅倉透/マシてく.csv,45,3020014020430,円香,"でも、借りる
ありがと",浅倉透,【たすものについて】浅倉透,マシてく
浅倉透/【てやんでぇ】浅倉透/できてりゃいいじゃねぇか.csv,15,3020015030080,円香,"どんな演目？
見たやつ",浅倉透,【てやんでぇ】浅倉透,できてりゃいいじゃねぇか
浅倉透/【てやんでぇ】浅倉透/できてりゃいいじゃねぇか.csv,17,3020015030100,円香,"……
着替えよ",浅倉透,【てやんでぇ】浅倉透,できてりゃいいじゃねぇか
浅倉透/【てやんでぇ】浅倉透/できてりゃいいじゃねぇか.csv,18,3020015030110,円香,"衣装、袴だし
着るの時間かかりそう",浅倉透,【てやんでぇ】浅倉透,できてりゃいいじゃねぇか
浅倉透/【てやんでぇ】浅倉透/できてりゃいいじゃねぇか.csv,23,3020015030160,円香,"時間まで、やることないからでしょ
散歩でもすれば？",浅倉透,【てやんでぇ】浅倉透,できてりゃいいじゃねぇか
浅倉透/【てやんでぇ】浅倉透/できてりゃいいじゃねぇか.csv,24,3020015030170,円香,するなら付き合うけど,浅倉透,【てやんでぇ】浅倉透,できてりゃいいじゃねぇか
浅倉透/【てやんでぇ】浅倉透/できてりゃいいじゃねぇか.csv,31,3020015030240,円香,……落語？,浅倉透,【てやんでぇ】浅倉透,できてりゃいいじゃねぇか
浅倉透/【てやんでぇ】浅倉透/できてりゃいいじゃねぇか.csv,40,3020015030330,円香,……,浅倉透,【てやんでぇ】浅倉透,できてりゃいいじゃねぇか
浅倉透/【てやんでぇ】浅倉透/できてりゃいいじゃねぇか.csv,42,3020015030350,円香,家の人も間抜け？,浅倉透,【てやんでぇ】浅倉透,できてりゃいいじゃねぇか
浅倉透/【てやんでぇ】浅倉透/できてりゃいいじゃねぇか.csv,52,3020015030450,円香,────『出来心』？,浅倉透,【てやんでぇ】浅倉透,できてりゃいいじゃねぇか
浅倉透/【てやんでぇ】浅倉透/ひぃふぅみぃよぉ.csv,35,3020015010340,円香,……,浅倉透,【てやんでぇ】浅倉透,ひぃふぅみぃよぉ
浅倉透/【てやんでぇ】浅倉透/ひぃふぅみぃよぉ.csv,37,3020015010350,円香,……,浅倉透,【てやんでぇ】浅倉透,ひぃふぅみぃよぉ
浅倉透/【てやんでぇ】浅倉透/ひぃふぅみぃよぉ.csv,39,3020015010370,円香,"おかえり
これ",浅倉透,【てやんでぇ】浅倉透,ひぃふぅみぃよぉ
浅倉透/【てやんでぇ】浅倉透/ひぃふぅみぃよぉ.csv,41,3020015010390,円香,食べたいんでしょ,浅倉透,【てやんでぇ】浅倉透,ひぃふぅみぃよぉ
浅倉透/【てやんでぇ】浅倉透/ひぃふぅみぃよぉ.csv,43,3020015010410,円香,"……いらないならいい
自分で食べるから",浅倉透,【てやんでぇ】浅倉透,ひぃふぅみぃよぉ
浅倉透/【てやんでぇ】浅倉透/ひぃふぅみぃよぉ.csv,46,3020015010440,円香,"……ただの割り箸と
プラスチック容器だけど",浅倉透,【てやんでぇ】浅倉透,ひぃふぅみぃよぉ
浅倉透/【てやんでぇ】浅倉透/ひぃふぅみぃよぉ.csv,49,3020015010470,円香,400円,浅倉透,【てやんでぇ】浅倉透,ひぃふぅみぃよぉ
浅倉透/【てやんでぇ】浅倉透/ひぃふぅみぃよぉ.csv,52,3020015010500,円香,ん,浅倉透,【てやんでぇ】浅倉透,ひぃふぅみぃよぉ
浅倉透/【てやんでぇ】浅倉透/ひぃふぅみぃよぉ.csv,55,3020015010530,円香,──２時,浅倉透,【てやんでぇ】浅倉透,ひぃふぅみぃよぉ
浅倉透/【てやんでぇ】浅倉透/ひぃふぅみぃよぉ.csv,57,3020015010550,円香,１枚多い,浅倉透,【てやんでぇ】浅倉透,ひぃふぅみぃよぉ
浅倉透/【てやんでぇ】浅倉透/ひぃふぅみぃよぉ.csv,60,3020015010580,円香,旦那それは受け取れねえ、お返ししやす,浅倉透,【てやんでぇ】浅倉透,ひぃふぅみぃよぉ
浅倉透/【てやんでぇ】浅倉透/種ってやつぁ.csv,2,3020015020010,円香,浅倉の見舞い、どうする？,浅倉透,【てやんでぇ】浅倉透,種ってやつぁ
浅倉透/【てやんでぇ】浅倉透/種ってやつぁ.csv,12,3020015020110,円香,さあ,浅倉透,【てやんでぇ】浅倉透,種ってやつぁ
浅倉透/【てやんでぇ】浅倉透/種ってやつぁ.csv,14,3020015020121,円香＆小糸,ん,浅倉透,【てやんでぇ】浅倉透,種ってやつぁ
浅倉透/【てやんでぇ】浅倉透/種ってやつぁ.csv,21,3020015020190,円香,"あと、果物とか
そのまま食べられるやつ",浅倉透,【てやんでぇ】浅倉透,種ってやつぁ
浅倉透/【てやんでぇ】浅倉透/種ってやつぁ.csv,40,3020015020371,円香＆小糸＆雛菜,おじゃまします,浅倉透,【てやんでぇ】浅倉透,種ってやつぁ
浅倉透/【てやんでぇ】浅倉透/種ってやつぁ.csv,53,3020015020500,円香,"これ、お見舞い
フルーツとか、色々",浅倉透,【てやんでぇ】浅倉透,種ってやつぁ
浅倉透/【てやんでぇ】浅倉透/種ってやつぁ.csv,58,3020015020541,円香＆小糸＆雛菜,……,浅倉透,【てやんでぇ】浅倉透,種ってやつぁ
浅倉透/【みずになりかけ】浅倉透/、夏夏.csv,17,3020012020150,円香,はい,浅倉透,【みずになりかけ】浅倉透,、夏夏
浅倉透/【みずになりかけ】浅倉透/、夏夏.csv,35,3020012020261,円香＆小糸＆雛菜,………………,浅倉透,【みずになりかけ】浅倉透,、夏夏
浅倉透/【みずになりかけ】浅倉透/な    つ.csv,8,3020012010070,円香,"そういえばアイス
……買ったの忘れてた",浅倉透,【みずになりかけ】浅倉透,な    つ
浅倉透/【みずになりかけ】浅倉透/な    つ.csv,27,3020012010260,円香,……スケボー？,浅倉透,【みずになりかけ】浅倉透,な    つ
浅倉透/【みずになりかけ】浅倉透/な    つ.csv,55,3020012010480,円香,できるんじゃない？,浅倉透,【みずになりかけ】浅倉透,な    つ
浅倉透/【みずになりかけ】浅倉透/な    つ.csv,56,3020012010490,円香,知らないけど,浅倉透,【みずになりかけ】浅倉透,な    つ
浅倉透/【ハウ・アー・UFO】浅倉透/うわの宙.csv,7,3020004030060,円香,……もういいの,浅倉透,【ハウ・アー・UFO】浅倉透,うわの宙
浅倉透/【ハウ・アー・UFO】浅倉透/うわの宙.csv,17,3020004030160,円香,夜中だからね,浅倉透,【ハウ・アー・UFO】浅倉透,うわの宙
浅倉透/【ハウ・アー・UFO】浅倉透/うわの宙.csv,21,3020004030200,円香,"人工衛星だったら
今も飛んでるんじゃない",浅倉透,【ハウ・アー・UFO】浅倉透,うわの宙
浅倉透/【ハウ・アー・UFO】浅倉透/うわの宙.csv,27,3020004030260,円香,…………,浅倉透,【ハウ・アー・UFO】浅倉透,うわの宙
浅倉透/【ハウ・アー・UFO】浅倉透/うわの宙.csv,28,3020004030270,円香,課題とかは？,浅倉透,【ハウ・アー・UFO】浅倉透,うわの宙
浅倉透/【ハウ・アー・UFO】浅倉透/うわの宙.csv,30,3020004030290,円香,学校、もうちょっとで始まるから,浅倉透,【ハウ・アー・UFO】浅倉透,うわの宙
浅倉透/【ハウ・アー・UFO】浅倉透/うわの宙.csv,34,3020004030330,円香,"それで終わるんなら
だいぶ余裕",浅倉透,【ハウ・アー・UFO】浅倉透,うわの宙
浅倉透/【ハウ・アー・UFO】浅倉透/うわの宙.csv,36,3020004030350,円香,"いいけど、
すぐ寝るんだったら帰る",浅倉透,【ハウ・アー・UFO】浅倉透,うわの宙
浅倉透/【ハウ・アー・UFO】浅倉透/うわの宙.csv,39,3020004030380,円香,"……
私もやってないんだけど",浅倉透,【ハウ・アー・UFO】浅倉透,うわの宙
浅倉透/【ハウ・アー・UFO】浅倉透/うわの宙.csv,43,3020004030420,円香,"じゃあ、前半と後半に手分け
終わったら合流して写す",浅倉透,【ハウ・アー・UFO】浅倉透,うわの宙
浅倉透/【ハウ・アー・UFO】浅倉透/たぶん絶対、おそらく.csv,12,3020004010110,円香,ふうん,浅倉透,【ハウ・アー・UFO】浅倉透,たぶん絶対、おそらく
浅倉透/【ハウ・アー・UFO】浅倉透/たぶん絶対、おそらく.csv,24,3020004010230,円香,……小糸の言ってたこと、聞いてた？,浅倉透,【ハウ・アー・UFO】浅倉透,たぶん絶対、おそらく
浅倉透/【ハウ・アー・UFO】浅倉透/たぶん絶対、おそらく.csv,26,3020004010250,円香,"……
自己責任でね",浅倉透,【ハウ・アー・UFO】浅倉透,たぶん絶対、おそらく
浅倉透/【ハウ・アー・UFO】浅倉透/たぶん絶対、おそらく.csv,33,3020004010320,円香,"昼か夜かは
関係なくない？",浅倉透,【ハウ・アー・UFO】浅倉透,たぶん絶対、おそらく
浅倉透/【ハウ・アー・UFO】浅倉透/たぶん絶対、おそらく.csv,43,3020004010420,円香,"……
来たら逃げる",浅倉透,【ハウ・アー・UFO】浅倉透,たぶん絶対、おそらく
浅倉透/【ハウ・アー・UFO】浅倉透/たぶん絶対、おそらく.csv,51,3020004010491,円香＆小糸＆雛菜,──────,浅倉透,【ハウ・アー・UFO】浅倉透,たぶん絶対、おそらく
浅倉透/【ハウ・アー・UFO】浅倉透/たぶん絶対、おそらく.csv,52,3020004010500,円香,……今日は来ないんじゃない,浅倉透,【ハウ・アー・UFO】浅倉透,たぶん絶対、おそらく
浅倉透/【ハウ・アー・UFO】浅倉透/たぶん絶対、おそらく.csv,69,3020004010670,円香,……,浅倉透,【ハウ・アー・UFO】浅倉透,たぶん絶対、おそらく
浅倉透/【ハウ・アー・UFO】浅倉透/たぶん絶対、おそらく.csv,72,3020004010700,円香,写った？,浅倉透,【ハウ・アー・UFO】浅倉透,たぶん絶対、おそらく
浅倉透/【ハウ・アー・UFO】浅倉透/たぶん絶対、おそらく.csv,81,3020004010790,円香,……,浅倉透,【ハウ・アー・UFO】浅倉透,たぶん絶対、おそらく
浅倉透/【ハウ・アー・UFO】浅倉透/ろーかる銀河.csv,2,3020004020010,円香,結局、いか焼きしか買ってない,浅倉透,【ハウ・アー・UFO】浅倉透,ろーかる銀河
浅倉透/【ハウ・アー・UFO】浅倉透/ろーかる銀河.csv,3,3020004020020,円香,私、ベビカス────,浅倉透,【ハウ・アー・UFO】浅倉透,ろーかる銀河
浅倉透/【ハウ・アー・UFO】浅倉透/ろーかる銀河.csv,4,3020004020030,円香,"──やめた
量多すぎ",浅倉透,【ハウ・アー・UFO】浅倉透,ろーかる銀河
浅倉透/【ハウ・アー・UFO】浅倉透/ろーかる銀河.csv,14,3020004020130,円香,またその話？,浅倉透,【ハウ・アー・UFO】浅倉透,ろーかる銀河
浅倉透/【ハウ・アー・UFO】浅倉透/ろーかる銀河.csv,20,3020004020190,円香,宇宙人？,浅倉透,【ハウ・アー・UFO】浅倉透,ろーかる銀河
浅倉透/【ハウ・アー・UFO】浅倉透/ろーかる銀河.csv,27,3020004020250,円香,……ミステリーサークル,浅倉透,【ハウ・アー・UFO】浅倉透,ろーかる銀河
浅倉透/【ハウ・アー・UFO】浅倉透/ろーかる銀河.csv,30,3020004020280,円香,浅倉に言って,浅倉透,【ハウ・アー・UFO】浅倉透,ろーかる銀河
浅倉透/【ハウ・アー・UFO】浅倉透/ろーかる銀河.csv,32,3020004020300,円香,……,浅倉透,【ハウ・アー・UFO】浅倉透,ろーかる銀河
浅倉透/【ハウ・アー・UFO】浅倉透/ろーかる銀河.csv,41,3020004020390,円香,頑張って小糸,浅倉透,【ハウ・アー・UFO】浅倉透,ろーかる銀河
浅倉透/【ハウ・アー・UFO】浅倉透/ろーかる銀河.csv,46,3020004020440,円香,……,浅倉透,【ハウ・アー・UFO】浅倉透,ろーかる銀河
浅倉透/【ハウ・アー・UFO】浅倉透/ろーかる銀河.csv,53,3020004020490,円香,あと、勝つ気があるかどうか,浅倉透,【ハウ・アー・UFO】浅倉透,ろーかる銀河
浅倉透/【ハウ・アー・UFO】浅倉透/ろーかる銀河.csv,62,3020004020580,円香,何,浅倉透,【ハウ・アー・UFO】浅倉透,ろーかる銀河
浅倉透/【ハウ・アー・UFO】浅倉透/ろーかる銀河.csv,68,3020004020631,円香＆小糸＆雛菜,────,浅倉透,【ハウ・アー・UFO】浅倉透,ろーかる銀河
浅倉透/【２８３プロのヒナ】浅倉透/produce_events_302000201.csv,2,3020002010010,円香,…………,浅倉透,【２８３プロのヒナ】浅倉透,produce_events_302000201
浅倉透/【２８３プロのヒナ】浅倉透/produce_events_302000201.csv,4,3020002010030,円香,……おかえり,浅倉透,【２８３プロのヒナ】浅倉透,produce_events_302000201
浅倉透/【２８３プロのヒナ】浅倉透/produce_events_302000201.csv,8,3020002010070,円香,……,浅倉透,【２８３プロのヒナ】浅倉透,produce_events_302000201
浅倉透/【２８３プロのヒナ】浅倉透/produce_events_302000201.csv,11,3020002010100,円香,……,浅倉透,【２８３プロのヒナ】浅倉透,produce_events_302000201
浅倉透/【２８３プロのヒナ】浅倉透/produce_events_302000201.csv,12,3020002010110,円香,──冷湿布系？　温湿布系？,浅倉透,【２８３プロのヒナ】浅倉透,produce_events_302000201
浅倉透/【２８３プロのヒナ】浅倉透/produce_events_302000201.csv,14,3020002010130,円香,……──,浅倉透,【２８３プロのヒナ】浅倉透,produce_events_302000201
浅倉透/【２８３プロのヒナ】浅倉透/produce_events_302000201.csv,16,3020002010150,円香,……,浅倉透,【２８３プロのヒナ】浅倉透,produce_events_302000201
浅倉透/【２８３プロのヒナ】浅倉透/produce_events_302000201.csv,18,3020002010170,円香,……聞こえてるくせに、まったく,浅倉透,【２８３プロのヒナ】浅倉透,produce_events_302000201
浅倉透/【２８３プロのヒナ】浅倉透/produce_events_302000201.csv,19,3020002010180,円香,…………,浅倉透,【２８３プロのヒナ】浅倉透,produce_events_302000201
浅倉透/【２８３プロのヒナ】浅倉透/produce_events_302000201.csv,22,3020002010210,円香,"うん……
おばさんにも言われた",浅倉透,【２８３プロのヒナ】浅倉透,produce_events_302000201
浅倉透/【２８３プロのヒナ】浅倉透/produce_events_302000201.csv,24,3020002010230,円香,"あ……
うん",浅倉透,【２８３プロのヒナ】浅倉透,produce_events_302000201
浅倉透/【２８３プロのヒナ】浅倉透/produce_events_302000201.csv,27,3020002010260,円香,"……
湿布、貸して",浅倉透,【２８３プロのヒナ】浅倉透,produce_events_302000201
浅倉透/【２８３プロのヒナ】浅倉透/produce_events_302000201.csv,29,3020002010280,円香,"……
肩出して",浅倉透,【２８３プロのヒナ】浅倉透,produce_events_302000201
浅倉透/【２８３プロのヒナ】浅倉透/produce_events_302000201.csv,33,3020002010320,円香,知ってる,浅倉透,【２８３プロのヒナ】浅倉透,produce_events_302000201
浅倉透/【２８３プロのヒナ】浅倉透/produce_events_302000201.csv,34,3020002010330,円香,──ていうか、なんで冷の方かわかってるの？,浅倉透,【２８３プロのヒナ】浅倉透,produce_events_302000201
浅倉透/【２８３プロのヒナ】浅倉透/produce_events_302000201.csv,37,3020002010360,円香,──,浅倉透,【２８３プロのヒナ】浅倉透,produce_events_302000201
浅倉透/【２８３プロのヒナ】浅倉透/produce_events_302000201.csv,39,3020002010380,円香,…………はぁ？,浅倉透,【２８３プロのヒナ】浅倉透,produce_events_302000201
浅倉透/【２８３プロのヒナ】浅倉透/produce_events_302000201.csv,41,3020002010400,円香,"……
説明だるい……",浅倉透,【２８３プロのヒナ】浅倉透,produce_events_302000201
浅倉透/【２８３プロのヒナ】浅倉透/produce_events_302000201.csv,42,3020002010410,円香,……今日体育もレッスンもないし,浅倉透,【２８３プロのヒナ】浅倉透,produce_events_302000201
浅倉透/【２８３プロのヒナ】浅倉透/produce_events_302000201.csv,43,3020002010420,円香,寝違えたんじゃないの,浅倉透,【２８３プロのヒナ】浅倉透,produce_events_302000201
浅倉透/【２８３プロのヒナ】浅倉透/produce_events_302000201.csv,46,3020002010450,円香,だから、冷,浅倉透,【２８３プロのヒナ】浅倉透,produce_events_302000201
浅倉透/【２８３プロのヒナ】浅倉透/produce_events_302000201.csv,48,3020002010470,円香,"１時間くらいしたら取って
長く冷やすのよくないから",浅倉透,【２８３プロのヒナ】浅倉透,produce_events_302000201
浅倉透/【２８３プロのヒナ】浅倉透/produce_events_302000201.csv,51,3020002010500,円香,……,浅倉透,【２８３プロのヒナ】浅倉透,produce_events_302000201
浅倉透/【２８３プロのヒナ】浅倉透/produce_events_302000201.csv,52,3020002010510,円香,……すごい湿布の匂い,浅倉透,【２８３プロのヒナ】浅倉透,produce_events_302000201
浅倉透/【２８３プロのヒナ】浅倉透/produce_events_302000201.csv,54,3020002010530,円香,……浅倉、あっちで食べたら,浅倉透,【２８３プロのヒナ】浅倉透,produce_events_302000201
浅倉透/【２８３プロのヒナ】浅倉透/produce_events_302000201.csv,56,3020002010550,円香,湿布でメロンが死ぬから,浅倉透,【２８３プロのヒナ】浅倉透,produce_events_302000201
浅倉透/【２８３プロのヒナ】浅倉透/produce_events_302000201.csv,59,3020002010580,円香,……っ,浅倉透,【２８３プロのヒナ】浅倉透,produce_events_302000201
浅倉透/【２８３プロのヒナ】浅倉透/produce_events_302000201.csv,60,3020002010590,円香,なんで,浅倉透,【２８３プロのヒナ】浅倉透,produce_events_302000201
浅倉透/【２８３プロのヒナ】浅倉透/produce_events_302000202.csv,62,3020002020560,円香,──……え,浅倉透,【２８３プロのヒナ】浅倉透,produce_events_302000202
浅倉透/【２８３プロのヒナ】浅倉透/produce_events_302000202.csv,63,3020002020570,円香,財布……？,浅倉透,【２８３プロのヒナ】浅倉透,produce_events_302000202
浅倉透/【２８３プロのヒナ】浅倉透/produce_events_302000202.csv,64,3020002020580,円香,……透のじゃん,浅倉透,【２８３プロのヒナ】浅倉透,produce_events_302000202
浅倉透/【２８３プロのヒナ】浅倉透/produce_events_302000202.csv,65,3020002020590,円香,…………,浅倉透,【２８３プロのヒナ】浅倉透,produce_events_302000202
浅倉透/【２８３プロのヒナ】浅倉透/produce_events_302000202.csv,66,3020002020600,円香,はぁー……,浅倉透,【２８３プロのヒナ】浅倉透,produce_events_302000202
福丸小糸/【きせつはアイスクリン】福丸小糸/とこなつココナツ.csv,14,3022003010130,円香,"…………
私は快適だけど",福丸小糸,【きせつはアイスクリン】福丸小糸,とこなつココナツ
福丸小糸/【きせつはアイスクリン】福丸小糸/とこなつココナツ.csv,26,3022003010250,円香,……私は別にいいけど,福丸小糸,【きせつはアイスクリン】福丸小糸,とこなつココナツ
福丸小糸/【きせつはアイスクリン】福丸小糸/とこなつココナツ.csv,39,3022003010380,円香,……無い,福丸小糸,【きせつはアイスクリン】福丸小糸,とこなつココナツ
福丸小糸/【きせつはアイスクリン】福丸小糸/とこなつココナツ.csv,40,3022003010390,円香,"ちょ……
布団めくらないでよ",福丸小糸,【きせつはアイスクリン】福丸小糸,とこなつココナツ
福丸小糸/【きせつはアイスクリン】福丸小糸/とこなつココナツ.csv,41,3022003010400,円香,寒い,福丸小糸,【きせつはアイスクリン】福丸小糸,とこなつココナツ
福丸小糸/【きせつはアイスクリン】福丸小糸/プールサイダー.csv,3,3022003020020,円香,遅れてくるでしょ、どうせ,福丸小糸,【きせつはアイスクリン】福丸小糸,プールサイダー
福丸小糸/【きせつはアイスクリン】福丸小糸/プールサイダー.csv,5,3022003020040,円香,来てない,福丸小糸,【きせつはアイスクリン】福丸小糸,プールサイダー
福丸小糸/【きせつはアイスクリン】福丸小糸/プールサイダー.csv,7,3022003020060,円香,……,福丸小糸,【きせつはアイスクリン】福丸小糸,プールサイダー
福丸小糸/【きせつはアイスクリン】福丸小糸/プールサイダー.csv,16,3022003020150,円香,──盛り上がってるけど,福丸小糸,【きせつはアイスクリン】福丸小糸,プールサイダー
福丸小糸/【きせつはアイスクリン】福丸小糸/プールサイダー.csv,17,3022003020160,円香,"今日、臨時休業だって
プール",福丸小糸,【きせつはアイスクリン】福丸小糸,プールサイダー
福丸小糸/【きせつはアイスクリン】福丸小糸/プールサイダー.csv,19,3022003020180,円香,サイトに載ってた,福丸小糸,【きせつはアイスクリン】福丸小糸,プールサイダー
福丸小糸/【きせつはアイスクリン】福丸小糸/プールサイダー.csv,20,3022003020190,円香,"まあ、出発する前に気付いて
よかったんじゃない",福丸小糸,【きせつはアイスクリン】福丸小糸,プールサイダー
福丸小糸/【きせつはアイスクリン】福丸小糸/プールサイダー.csv,33,3022003020320,円香,……小糸は日焼けしてもいいの？,福丸小糸,【きせつはアイスクリン】福丸小糸,プールサイダー
福丸小糸/【きせつはアイスクリン】福丸小糸/プールサイダー.csv,37,3022003020360,円香,別に今日行かなくたって,福丸小糸,【きせつはアイスクリン】福丸小糸,プールサイダー
福丸小糸/【きせつはアイスクリン】福丸小糸/プールサイダー.csv,38,3022003020370,円香,"……また
いつでも行ける",福丸小糸,【きせつはアイスクリン】福丸小糸,プールサイダー
福丸小糸/【きせつはアイスクリン】福丸小糸/プールサイダー.csv,41,3022003020400,円香,…………,福丸小糸,【きせつはアイスクリン】福丸小糸,プールサイダー
福丸小糸/【きせつはアイスクリン】福丸小糸/プールサイダー.csv,47,3022003020460,円香,……はぁ,福丸小糸,【きせつはアイスクリン】福丸小糸,プールサイダー
福丸小糸/【きっと色褪せるけど】福丸小糸/指でつくった四角のむこう.csv,34,3022009020330,円香,……いた,福丸小糸,【きっと色褪せるけど】福丸小糸,指でつくった四角のむこう
福丸小糸/【きっと色褪せるけど】福丸小糸/指でつくった四角のむこう.csv,36,3022009020350,円香,"呼び出すなら場所くらい書いて
返信も無いし",福丸小糸,【きっと色褪せるけど】福丸小糸,指でつくった四角のむこう
福丸小糸/【きっと色褪せるけど】福丸小糸/指でつくった四角のむこう.csv,38,3022009020370,円香,"………………
何してるの、そっちのふたり",福丸小糸,【きっと色褪せるけど】福丸小糸,指でつくった四角のむこう
福丸小糸/【きっと色褪せるけど】福丸小糸/指でつくった四角のむこう.csv,41,3022009020400,円香,……帰るわ,福丸小糸,【きっと色褪せるけど】福丸小糸,指でつくった四角のむこう
福丸小糸/【きっと色褪せるけど】福丸小糸/指でつくった四角のむこう.csv,43,3022009020420,円香,何,福丸小糸,【きっと色褪せるけど】福丸小糸,指でつくった四角のむこう
福丸小糸/【きっと色褪せるけど】福丸小糸/指でつくった四角のむこう.csv,47,3022009020451,透＆円香＆雛菜,…………,福丸小糸,【きっと色褪せるけど】福丸小糸,指でつくった四角のむこう
福丸小糸/【きっと色褪せるけど】福丸小糸/指でつくった四角のむこう.csv,49,3022009020470,円香,……ここ、座ればいいの？,福丸小糸,【きっと色褪せるけど】福丸小糸,指でつくった四角のむこう
福丸小糸/【さよならメランコリー】福丸小糸/できない天使.csv,25,3022012030110,円香,近くにコンビニあった,福丸小糸,【さよならメランコリー】福丸小糸,できない天使
福丸小糸/【さよならメランコリー】福丸小糸/できない天使.csv,42,3022012030230,円香,なんか言われた？,福丸小糸,【さよならメランコリー】福丸小糸,できない天使
福丸小糸/【さよならメランコリー】福丸小糸/やみかわチャレンジ.csv,32,3022012010190,円香,"私はオレンジ
と、コーラ",福丸小糸,【さよならメランコリー】福丸小糸,やみかわチャレンジ
福丸小糸/【さよならメランコリー】福丸小糸/やみかわチャレンジ.csv,38,3022012010250,円香,"そういえば、あの編集者さん
ノクチルのファンなんだって",福丸小糸,【さよならメランコリー】福丸小糸,やみかわチャレンジ
福丸小糸/【さよならメランコリー】福丸小糸/やみかわチャレンジ.csv,42,3022012010290,円香,社交辞令かもよ,福丸小糸,【さよならメランコリー】福丸小糸,やみかわチャレンジ
福丸小糸/【さよならメランコリー】福丸小糸/わたしのファン.csv,12,3022012020080,円香,"そういえば、あの編集者さん
ノクチルのファンなんだって",福丸小糸,【さよならメランコリー】福丸小糸,わたしのファン
福丸小糸/【さよならメランコリー】福丸小糸/わたしのファン.csv,39,3022012020240,円香,……,福丸小糸,【さよならメランコリー】福丸小糸,わたしのファン
福丸小糸/【さよならメランコリー】福丸小糸/わたしのファン.csv,56,3022012020350,円香,……気にすることない,福丸小糸,【さよならメランコリー】福丸小糸,わたしのファン
福丸小糸/【さよならメランコリー】福丸小糸/わたしのファン.csv,57,3022012020360,円香,"向こうも、こっちがどこまでできるか
わからなくて、言ってみてるだけだから",福丸小糸,【さよならメランコリー】福丸小糸,わたしのファン
福丸小糸/【さよならメランコリー】福丸小糸/わたしのファン.csv,59,3022012020380,円香,……,福丸小糸,【さよならメランコリー】福丸小糸,わたしのファン
福丸小糸/【さよならメランコリー】福丸小糸/わたしのファン.csv,65,3022012020411,透＆円香＆雛菜,はーい,福丸小糸,【さよならメランコリー】福丸小糸,わたしのファン
福丸小糸/【はるとあめ】福丸小糸/おなかは空くの.csv,12,3022008020110,円香,何？,福丸小糸,【はるとあめ】福丸小糸,おなかは空くの
福丸小糸/【はるとあめ】福丸小糸/おなかは空くの.csv,21,3022008020200,円香,やるか,福丸小糸,【はるとあめ】福丸小糸,おなかは空くの
福丸小糸/【はるとあめ】福丸小糸/おなかは空くの.csv,24,3022008020230,円香,じゃ、小糸は不参加？,福丸小糸,【はるとあめ】福丸小糸,おなかは空くの
福丸小糸/【はるとあめ】福丸小糸/おなかは空くの.csv,37,3022008020360,円香,はい,福丸小糸,【はるとあめ】福丸小糸,おなかは空くの
福丸小糸/【はるとあめ】福丸小糸/おなかは空くの.csv,51,3022008020500,円香,よろしく,福丸小糸,【はるとあめ】福丸小糸,おなかは空くの
福丸小糸/【はるとあめ】福丸小糸/晴れときどき桜.csv,4,3022008030030,円香,ん,福丸小糸,【はるとあめ】福丸小糸,晴れときどき桜
福丸小糸/【はるとあめ】福丸小糸/晴れときどき桜.csv,10,3022008030090,円香,まあ、あれだけ雨が続けばね,福丸小糸,【はるとあめ】福丸小糸,晴れときどき桜
福丸小糸/【はるとあめ】福丸小糸/晴れときどき桜.csv,11,3022008030100,円香,仕方ないんじゃない？,福丸小糸,【はるとあめ】福丸小糸,晴れときどき桜
福丸小糸/【はるとあめ】福丸小糸/晴れときどき桜.csv,13,3022008030120,円香,むしろ、結構残った方だと思うけど,福丸小糸,【はるとあめ】福丸小糸,晴れときどき桜
福丸小糸/【はるとあめ】福丸小糸/晴れときどき桜.csv,22,3022008030210,円香,花びら、まだ雨で濡れてるっぽい,福丸小糸,【はるとあめ】福丸小糸,晴れときどき桜
福丸小糸/【はるとあめ】福丸小糸/晴れときどき桜.csv,23,3022008030220,円香,樹の下通ったら服が濡れそう,福丸小糸,【はるとあめ】福丸小糸,晴れときどき桜
福丸小糸/【はるとあめ】福丸小糸/晴れときどき桜.csv,47,3022008030460,円香,行くよ,福丸小糸,【はるとあめ】福丸小糸,晴れときどき桜
福丸小糸/【パーティーのやくそく】福丸小糸/いたずらおばけめ！.csv,7,3022004030060,円香,"……ん
よかったね",福丸小糸,【パーティーのやくそく】福丸小糸,いたずらおばけめ！
福丸小糸/【パーティーのやくそく】福丸小糸/いたずらおばけめ！.csv,10,3022004030090,円香,…………,福丸小糸,【パーティーのやくそく】福丸小糸,いたずらおばけめ！
福丸小糸/【パーティーのやくそく】福丸小糸/いたずらおばけめ！.csv,11,3022004030100,円香,"あのふたり、
何も持ってきてないみたいだけど",福丸小糸,【パーティーのやくそく】福丸小糸,いたずらおばけめ！
福丸小糸/【パーティーのやくそく】福丸小糸/いたずらおばけめ！.csv,27,3022004030260,円香,これ、用意したのは全部小糸,福丸小糸,【パーティーのやくそく】福丸小糸,いたずらおばけめ！
福丸小糸/【パーティーのやくそく】福丸小糸/いたずらおばけめ！.csv,29,3022004030280,円香,『お菓子は小糸ちゃんの担当？』,福丸小糸,【パーティーのやくそく】福丸小糸,いたずらおばけめ！
福丸小糸/【パーティーのやくそく】福丸小糸/いたずらおばけめ！.csv,30,3022004030290,円香,って、言われてるけど,福丸小糸,【パーティーのやくそく】福丸小糸,いたずらおばけめ！
福丸小糸/【パーティーのやくそく】福丸小糸/いたずらおばけめ！.csv,35,3022004030340,円香,何……,福丸小糸,【パーティーのやくそく】福丸小糸,いたずらおばけめ！
福丸小糸/【パーティーのやくそく】福丸小糸/いたずらおばけめ！.csv,37,3022004030360,円香,…………お待ちくださーい,福丸小糸,【パーティーのやくそく】福丸小糸,いたずらおばけめ！
福丸小糸/【パーティーのやくそく】福丸小糸/いたずらおばけめ！.csv,45,3022004030440,円香,『何この配信』,福丸小糸,【パーティーのやくそく】福丸小糸,いたずらおばけめ！
福丸小糸/【パーティーのやくそく】福丸小糸/いたずらおばけめ！.csv,46,3022004030450,円香,『自由すぎる』,福丸小糸,【パーティーのやくそく】福丸小糸,いたずらおばけめ！
福丸小糸/【パーティーのやくそく】福丸小糸/いたずらおばけめ！.csv,47,3022004030460,円香,…………同感,福丸小糸,【パーティーのやくそく】福丸小糸,いたずらおばけめ！
福丸小糸/【パーティーのやくそく】福丸小糸/いたずらおばけめ！.csv,51,3022004030500,円香,雛菜、ステイ,福丸小糸,【パーティーのやくそく】福丸小糸,いたずらおばけめ！
福丸小糸/【パーティーのやくそく】福丸小糸/いたずらおばけめ！.csv,57,3022004030560,円香,"『最近一番嬉しかったこと』
だって、小糸",福丸小糸,【パーティーのやくそく】福丸小糸,いたずらおばけめ！
福丸小糸/【パーティーのやくそく】福丸小糸/いたずらおばけめ！.csv,63,3022004030620,円香,それ、小糸が作ったやつ,福丸小糸,【パーティーのやくそく】福丸小糸,いたずらおばけめ！
福丸小糸/【パーティーのやくそく】福丸小糸/いたずらおばけめ！.csv,69,3022004030680,円香,あおらないの,福丸小糸,【パーティーのやくそく】福丸小糸,いたずらおばけめ！
福丸小糸/【パーティーのやくそく】福丸小糸/夕陽はかぼちゃ色.csv,11,3022004020100,円香,──小糸？,福丸小糸,【パーティーのやくそく】福丸小糸,夕陽はかぼちゃ色
福丸小糸/【パーティーのやくそく】福丸小糸/夕陽はかぼちゃ色.csv,13,3022004020120,円香,……何やってんの,福丸小糸,【パーティーのやくそく】福丸小糸,夕陽はかぼちゃ色
福丸小糸/【パーティーのやくそく】福丸小糸/夕陽はかぼちゃ色.csv,15,3022004020140,円香,"粉だらけじゃん
……散らかしてるね",福丸小糸,【パーティーのやくそく】福丸小糸,夕陽はかぼちゃ色
福丸小糸/【パーティーのやくそく】福丸小糸/夕陽はかぼちゃ色.csv,19,3022004020180,円香,ふうん,福丸小糸,【パーティーのやくそく】福丸小糸,夕陽はかぼちゃ色
福丸小糸/【パーティーのやくそく】福丸小糸/夕陽はかぼちゃ色.csv,23,3022004020220,円香,……もうコンビニでお菓子買ったから,福丸小糸,【パーティーのやくそく】福丸小糸,夕陽はかぼちゃ色
福丸小糸/【パーティーのやくそく】福丸小糸/夕陽はかぼちゃ色.csv,24,3022004020230,円香,これ、置きに来ただけ,福丸小糸,【パーティーのやくそく】福丸小糸,夕陽はかぼちゃ色
福丸小糸/【パーティーのやくそく】福丸小糸/夕陽はかぼちゃ色.csv,26,3022004020250,円香,ごめんね,福丸小糸,【パーティーのやくそく】福丸小糸,夕陽はかぼちゃ色
福丸小糸/【パーティーのやくそく】福丸小糸/夕陽はかぼちゃ色.csv,27,3022004020260,円香,そんな張り切っても────,福丸小糸,【パーティーのやくそく】福丸小糸,夕陽はかぼちゃ色
福丸小糸/【パーティーのやくそく】福丸小糸/夕陽はかぼちゃ色.csv,29,3022004020280,円香,じゃ、頑張って,福丸小糸,【パーティーのやくそく】福丸小糸,夕陽はかぼちゃ色
福丸小糸/【パーティーのやくそく】福丸小糸/夕陽はかぼちゃ色.csv,32,3022004020310,円香,え……,福丸小糸,【パーティーのやくそく】福丸小糸,夕陽はかぼちゃ色
福丸小糸/【パーティーのやくそく】福丸小糸/夕陽はかぼちゃ色.csv,35,3022004020340,円香,"…………
頑張りすぎじゃない？",福丸小糸,【パーティーのやくそく】福丸小糸,夕陽はかぼちゃ色
福丸小糸/【パーティーのやくそく】福丸小糸/夕陽はかぼちゃ色.csv,38,3022004020370,円香,…………,福丸小糸,【パーティーのやくそく】福丸小糸,夕陽はかぼちゃ色
福丸小糸/【パーティーのやくそく】福丸小糸/夕陽はかぼちゃ色.csv,41,3022004020400,円香,…………,福丸小糸,【パーティーのやくそく】福丸小糸,夕陽はかぼちゃ色
福丸小糸/【パーティーのやくそく】福丸小糸/夕陽はかぼちゃ色.csv,45,3022004020440,円香,そんなに待てないから,福丸小糸,【パーティーのやくそく】福丸小糸,夕陽はかぼちゃ色
福丸小糸/【パーティーのやくそく】福丸小糸/夕陽はかぼちゃ色.csv,46,3022004020450,円香,…………ん,福丸小糸,【パーティーのやくそく】福丸小糸,夕陽はかぼちゃ色
福丸小糸/【パーティーのやくそく】福丸小糸/夕陽はかぼちゃ色.csv,48,3022004020470,円香,……感想いる？,福丸小糸,【パーティーのやくそく】福丸小糸,夕陽はかぼちゃ色
福丸小糸/【パーティーのやくそく】福丸小糸/夕陽はかぼちゃ色.csv,50,3022004020490,円香,……ん,福丸小糸,【パーティーのやくそく】福丸小糸,夕陽はかぼちゃ色
福丸小糸/【パーティーのやくそく】福丸小糸/夕陽はかぼちゃ色.csv,51,3022004020500,円香,じゃ、帰るよ,福丸小糸,【パーティーのやくそく】福丸小糸,夕陽はかぼちゃ色
福丸小糸/【パーティーのやくそく】福丸小糸/夕陽はかぼちゃ色.csv,53,3022004020520,円香,別に,福丸小糸,【パーティーのやくそく】福丸小糸,夕陽はかぼちゃ色
福丸小糸/【パーティーのやくそく】福丸小糸/夕陽はかぼちゃ色.csv,55,3022004020540,円香,…………,福丸小糸,【パーティーのやくそく】福丸小糸,夕陽はかぼちゃ色
福丸小糸/【パーティーのやくそく】福丸小糸/画用紙コウモリ.csv,11,3022004010100,円香,……,福丸小糸,【パーティーのやくそく】福丸小糸,画用紙コウモリ
福丸小糸/【パーティーのやくそく】福丸小糸/画用紙コウモリ.csv,12,3022004010110,円香,何？　その程度の意見でいいの？,福丸小糸,【パーティーのやくそく】福丸小糸,画用紙コウモリ
福丸小糸/【パーティーのやくそく】福丸小糸/画用紙コウモリ.csv,20,3022004010190,円香,いいなら、いいんじゃない,福丸小糸,【パーティーのやくそく】福丸小糸,画用紙コウモリ
福丸小糸/【パーティーのやくそく】福丸小糸/画用紙コウモリ.csv,26,3022004010250,円香,……ああ,福丸小糸,【パーティーのやくそく】福丸小糸,画用紙コウモリ
福丸小糸/【パーティーのやくそく】福丸小糸/画用紙コウモリ.csv,31,3022004010300,円香,いいなら、オッケー,福丸小糸,【パーティーのやくそく】福丸小糸,画用紙コウモリ
福丸小糸/【パーティーのやくそく】福丸小糸/画用紙コウモリ.csv,46,3022004010450,円香,……ったく適当なんだから,福丸小糸,【パーティーのやくそく】福丸小糸,画用紙コウモリ
福丸小糸/【パーティーのやくそく】福丸小糸/画用紙コウモリ.csv,50,3022004010490,円香,"……雛菜
何するつもりか、バレてるからね",福丸小糸,【パーティーのやくそく】福丸小糸,画用紙コウモリ
福丸小糸/【傍白のあいだ】福丸 小糸/ここは４パーセント.csv,3,3022007010020,円香,ん,福丸小糸,【傍白のあいだ】福丸 小糸,ここは４パーセント
福丸小糸/【傍白のあいだ】福丸 小糸/ここは４パーセント.csv,8,3022007010070,円香,まあ,福丸小糸,【傍白のあいだ】福丸 小糸,ここは４パーセント
福丸小糸/【傍白のあいだ】福丸 小糸/ここは４パーセント.csv,9,3022007010080,円香,冠番組だからね,福丸小糸,【傍白のあいだ】福丸 小糸,ここは４パーセント
福丸小糸/【傍白のあいだ】福丸 小糸/ここは４パーセント.csv,17,3022007010160,円香,それ、『浅倉』は読まなくていいやつ,福丸小糸,【傍白のあいだ】福丸 小糸,ここは４パーセント
福丸小糸/【傍白のあいだ】福丸 小糸/ここは４パーセント.csv,20,3022007010190,円香,"後から笑い声
乗せてるんでしょ",福丸小糸,【傍白のあいだ】福丸 小糸,ここは４パーセント
福丸小糸/【傍白のあいだ】福丸 小糸/ここは４パーセント.csv,25,3022007010240,円香,ていうか、それが狙いなんじゃない？,福丸小糸,【傍白のあいだ】福丸 小糸,ここは４パーセント
福丸小糸/【傍白のあいだ】福丸 小糸/ここは４パーセント.csv,26,3022007010250,円香,知らないけど,福丸小糸,【傍白のあいだ】福丸 小糸,ここは４パーセント
福丸小糸/【傍白のあいだ】福丸 小糸/ここは４パーセント.csv,31,3022007010300,円香,……完全に,福丸小糸,【傍白のあいだ】福丸 小糸,ここは４パーセント
福丸小糸/【傍白のあいだ】福丸 小糸/ここは４パーセント.csv,41,3022007010400,円香,"……雛菜、夜も爆睡してたのに
なんでここでも寝てたの",福丸小糸,【傍白のあいだ】福丸 小糸,ここは４パーセント
福丸小糸/【傍白のあいだ】福丸 小糸/ここは４パーセント.csv,44,3022007010430,円香,あっそ,福丸小糸,【傍白のあいだ】福丸 小糸,ここは４パーセント
福丸小糸/【傍白のあいだ】福丸 小糸/ここは４パーセント.csv,49,3022007010480,円香,じゃ、小糸ってことで,福丸小糸,【傍白のあいだ】福丸 小糸,ここは４パーセント
福丸小糸/【傍白のあいだ】福丸 小糸/ここは４パーセント.csv,60,3022007010590,円香,……ま、そういうことで,福丸小糸,【傍白のあいだ】福丸 小糸,ここは４パーセント
福丸小糸/【傍白のあいだ】福丸 小糸/ここは４パーセント.csv,66,3022007010650,円香,何？　面白くなかった？,福丸小糸,【傍白のあいだ】福丸 小糸,ここは４パーセント
福丸小糸/【傍白のあいだ】福丸 小糸/秋を燃やして.csv,28,3022007020210,円香,……掃除当番？,福丸小糸,【傍白のあいだ】福丸 小糸,秋を燃やして
福丸小糸/【傍白のあいだ】福丸 小糸/秋を燃やして.csv,42,3022007020350,円香,は？,福丸小糸,【傍白のあいだ】福丸 小糸,秋を燃やして
福丸小糸/【傍白のあいだ】福丸 小糸/秋を燃やして.csv,48,3022007020410,円香,逃げたの？,福丸小糸,【傍白のあいだ】福丸 小糸,秋を燃やして
福丸小糸/【傍白のあいだ】福丸 小糸/秋を燃やして.csv,51,3022007020440,円香,やりたいことだけ行動が早すぎる,福丸小糸,【傍白のあいだ】福丸 小糸,秋を燃やして
福丸小糸/【傍白のあいだ】福丸 小糸/秋を燃やして.csv,54,3022007020470,円香,別に,福丸小糸,【傍白のあいだ】福丸 小糸,秋を燃やして
福丸小糸/【傍白のあいだ】福丸 小糸/秋を燃やして.csv,55,3022007020480,円香,"押し付けてきた教師……っていうか
当番がサボってるのが悪いんじゃない",福丸小糸,【傍白のあいだ】福丸 小糸,秋を燃やして
福丸小糸/【学割キャンペーン】福丸小糸/ちがうミルク.csv,12,3022010020110,円香,……,福丸小糸,【学割キャンペーン】福丸小糸,ちがうミルク
福丸小糸/【学割キャンペーン】福丸小糸/ちがうミルク.csv,24,3022010020230,円香,だろうね,福丸小糸,【学割キャンペーン】福丸小糸,ちがうミルク
福丸小糸/【学割キャンペーン】福丸小糸/ちがうミルク.csv,28,3022010020270,円香,"でも結局全員、
一周はしたんじゃない",福丸小糸,【学割キャンペーン】福丸小糸,ちがうミルク
福丸小糸/【学割キャンペーン】福丸小糸/ちがうミルク.csv,32,3022010020310,円香,"……まあ、特に問題はなかったみたいだし
良い写真が撮れたって言ってたから",福丸小糸,【学割キャンペーン】福丸小糸,ちがうミルク
福丸小糸/【学割キャンペーン】福丸小糸/ちがうミルク.csv,33,3022010020320,円香,結果オーライ,福丸小糸,【学割キャンペーン】福丸小糸,ちがうミルク
福丸小糸/【学割キャンペーン】福丸小糸/ちがうミルク.csv,37,3022010020360,円香,そこ、自販機,福丸小糸,【学割キャンペーン】福丸小糸,ちがうミルク
福丸小糸/【学割キャンペーン】福丸小糸/ちがうミルク.csv,46,3022010020450,円香,……普通の牛乳でいいや,福丸小糸,【学割キャンペーン】福丸小糸,ちがうミルク
福丸小糸/【学割キャンペーン】福丸小糸/ちがうミルク.csv,53,3022010020520,円香,合わせる必要もないし,福丸小糸,【学割キャンペーン】福丸小糸,ちがうミルク
福丸小糸/【学割キャンペーン】福丸小糸/とげにシャボン.csv,17,3022010010160,円香,それかタオル？,福丸小糸,【学割キャンペーン】福丸小糸,とげにシャボン
福丸小糸/【学割キャンペーン】福丸小糸/とげにシャボン.csv,18,3022010010170,円香,"今公式サイトに載ってる写真も
タオル巻いて入ってるし",福丸小糸,【学割キャンペーン】福丸小糸,とげにシャボン
福丸小糸/【学割キャンペーン】福丸小糸/とげにシャボン.csv,33,3022010010320,円香,"『準備って？
何か必要だっけ』",福丸小糸,【学割キャンペーン】福丸小糸,とげにシャボン
福丸小糸/【学割キャンペーン】福丸小糸/とげにシャボン.csv,42,3022010010410,円香,『あー』,福丸小糸,【学割キャンペーン】福丸小糸,とげにシャボン
福丸小糸/【学割キャンペーン】福丸小糸/とげにシャボン.csv,43,3022010010420,円香,『まあいつも通りでいい気がするけど』,福丸小糸,【学割キャンペーン】福丸小糸,とげにシャボン
福丸小糸/【学割キャンペーン】福丸小糸/とげにシャボン.csv,44,3022010010430,円香,『考えとく』,福丸小糸,【学割キャンペーン】福丸小糸,とげにシャボン
福丸小糸/【学割キャンペーン】福丸小糸/とげにシャボン.csv,52,3022010010420,円香,『まあいつも通りでいい気がするけど』,福丸小糸,【学割キャンペーン】福丸小糸,とげにシャボン
福丸小糸/【思い出にもならない】福丸小糸/ありふれた約束.csv,3,3022006010020,円香,…………？,福丸小糸,【思い出にもならない】福丸小糸,ありふれた約束
福丸小糸/【思い出にもならない】福丸小糸/ありふれた約束.csv,6,3022006010050,円香,"おはよう
走ってこなくてもいいのに",福丸小糸,【思い出にもならない】福丸小糸,ありふれた約束
福丸小糸/【思い出にもならない】福丸小糸/ありふれた約束.csv,9,3022006010080,円香,…………,福丸小糸,【思い出にもならない】福丸小糸,ありふれた約束
福丸小糸/【思い出にもならない】福丸小糸/ありふれた約束.csv,11,3022006010100,円香,……コンビニ寄ってくって,福丸小糸,【思い出にもならない】福丸小糸,ありふれた約束
福丸小糸/【思い出にもならない】福丸小糸/ありふれた約束.csv,13,3022006010120,円香,"そもそも
一緒に行ってる訳じゃないし",福丸小糸,【思い出にもならない】福丸小糸,ありふれた約束
福丸小糸/【思い出にもならない】福丸小糸/ありふれた約束.csv,14,3022006010130,円香,"家が隣で同じような時間に出発するから
一緒になるってだけ",福丸小糸,【思い出にもならない】福丸小糸,ありふれた約束
福丸小糸/【思い出にもならない】福丸小糸/ありふれた約束.csv,17,3022006010160,円香,…………,福丸小糸,【思い出にもならない】福丸小糸,ありふれた約束
福丸小糸/【思い出にもならない】福丸小糸/ありふれた約束.csv,19,3022006010180,円香,まあ、大体はね,福丸小糸,【思い出にもならない】福丸小糸,ありふれた約束
福丸小糸/【思い出にもならない】福丸小糸/ありふれた約束.csv,23,3022006010220,円香,……何、許可が欲しいの？,福丸小糸,【思い出にもならない】福丸小糸,ありふれた約束
福丸小糸/【思い出にもならない】福丸小糸/ありふれた約束.csv,24,3022006010230,円香,小糸の好きにしたら,福丸小糸,【思い出にもならない】福丸小糸,ありふれた約束
福丸小糸/【思い出にもならない】福丸小糸/ありふれた約束.csv,26,3022006010250,円香,"……でも、小糸は
いつももっと早く出てるでしょ",福丸小糸,【思い出にもならない】福丸小糸,ありふれた約束
福丸小糸/【思い出にもならない】福丸小糸/ありふれた約束.csv,28,3022006010270,円香,無理して合わせなくてもいいと思うけど,福丸小糸,【思い出にもならない】福丸小糸,ありふれた約束
福丸小糸/【思い出にもならない】福丸小糸/ありふれた約束.csv,35,3022006010340,円香,…………,福丸小糸,【思い出にもならない】福丸小糸,ありふれた約束
福丸小糸/【思い出にもならない】福丸小糸/ありふれた約束.csv,38,3022006010370,円香,……ふうん,福丸小糸,【思い出にもならない】福丸小糸,ありふれた約束
福丸小糸/【思い出にもならない】福丸小糸/ありふれた約束.csv,39,3022006010380,円香,"じゃ、いいんじゃない？
このくらいの時間で",福丸小糸,【思い出にもならない】福丸小糸,ありふれた約束
福丸小糸/【思い出にもならない】福丸小糸/ありふれた約束.csv,40,3022006010390,円香,遅くも早くも無いくらいだし,福丸小糸,【思い出にもならない】福丸小糸,ありふれた約束
福丸小糸/【思い出にもならない】福丸小糸/ありふれた約束.csv,44,3022006010430,円香,別に、私は何もしないんだけど,福丸小糸,【思い出にもならない】福丸小糸,ありふれた約束
福丸小糸/【思い出にもならない】福丸小糸/ありふれた約束.csv,48,3022006010470,円香,…………,福丸小糸,【思い出にもならない】福丸小糸,ありふれた約束
福丸小糸/【思い出にもならない】福丸小糸/ありふれた約束.csv,52,3022006010510,円香,そう？,福丸小糸,【思い出にもならない】福丸小糸,ありふれた約束
福丸小糸/【思い出にもならない】福丸小糸/ありふれた約束.csv,53,3022006010520,円香,"そんなちゃんと見てないし
よくわかんないけど",福丸小糸,【思い出にもならない】福丸小糸,ありふれた約束
福丸小糸/【思い出にもならない】福丸小糸/ありふれた約束.csv,55,3022006010540,円香,……けど,福丸小糸,【思い出にもならない】福丸小糸,ありふれた約束
福丸小糸/【思い出にもならない】福丸小糸/ありふれた約束.csv,56,3022006010550,円香,小糸がそう言うなら、そうなのかもね,福丸小糸,【思い出にもならない】福丸小糸,ありふれた約束
福丸小糸/【思い出にもならない】福丸小糸/いつか忘れる本の題名.csv,21,3022006020200,円香,…………小糸？,福丸小糸,【思い出にもならない】福丸小糸,いつか忘れる本の題名
福丸小糸/【思い出にもならない】福丸小糸/いつか忘れる本の題名.csv,23,3022006020220,円香,……声,福丸小糸,【思い出にもならない】福丸小糸,いつか忘れる本の題名
福丸小糸/【思い出にもならない】福丸小糸/いつか忘れる本の題名.csv,31,3022006020300,円香,"……夏の大会とか終わって
３年が部活引退したら増えるんじゃない",福丸小糸,【思い出にもならない】福丸小糸,いつか忘れる本の題名
福丸小糸/【思い出にもならない】福丸小糸/いつか忘れる本の題名.csv,32,3022006020310,円香,受験勉強する人とか,福丸小糸,【思い出にもならない】福丸小糸,いつか忘れる本の題名
福丸小糸/【思い出にもならない】福丸小糸/いつか忘れる本の題名.csv,35,3022006020340,円香,…………,福丸小糸,【思い出にもならない】福丸小糸,いつか忘れる本の題名
福丸小糸/【思い出にもならない】福丸小糸/いつか忘れる本の題名.csv,37,3022006020360,円香,"違う
浅倉が今日までの課題やるって",福丸小糸,【思い出にもならない】福丸小糸,いつか忘れる本の題名
福丸小糸/【思い出にもならない】福丸小糸/いつか忘れる本の題名.csv,48,3022006020470,円香,"知らない
30分くらいで終わらせてほしいけど",福丸小糸,【思い出にもならない】福丸小糸,いつか忘れる本の題名
福丸小糸/【思い出にもならない】福丸小糸/いつか忘れる本の題名.csv,56,3022006020550,円香,"……じゃ、
終わったら声かける",福丸小糸,【思い出にもならない】福丸小糸,いつか忘れる本の題名
福丸小糸/【翅がみえた】福丸小糸/1.フェアリー (1).csv,3,3022013010020,円香,"まあ……ここのスイーツ展って
毎回SNSとかで話題になるし",福丸小糸,【翅がみえた】福丸小糸,1.フェアリー (1)
福丸小糸/【翅がみえた】福丸小糸/1.フェアリー (1).csv,4,3022013010030,円香,"小糸もそれで来たいって
思ったんでしょ？",福丸小糸,【翅がみえた】福丸小糸,1.フェアリー (1)
福丸小糸/【翅がみえた】福丸小糸/1.フェアリー (1).csv,12,3022013010080,円香,……いいの？,福丸小糸,【翅がみえた】福丸小糸,1.フェアリー (1)
福丸小糸/【翅がみえた】福丸小糸/1.フェアリー (1).csv,14,3022013010100,円香,……っ……,福丸小糸,【翅がみえた】福丸小糸,1.フェアリー (1)
福丸小糸/【翅がみえた】福丸小糸/1.フェアリー (1).csv,16,3022013010110,円香,じゃあ、とりあえず動かない？,福丸小糸,【翅がみえた】福丸小糸,1.フェアリー (1)
福丸小糸/【翅がみえた】福丸小糸/1.フェアリー (1).csv,19,3022013010140,円香,"ん
じゃあそこ行こ",福丸小糸,【翅がみえた】福丸小糸,1.フェアリー (1)
福丸小糸/【翅がみえた】福丸小糸/1.フェアリー (1).csv,20,3022013010150,円香,…………,福丸小糸,【翅がみえた】福丸小糸,1.フェアリー (1)
福丸小糸/【翅がみえた】福丸小糸/1.フェアリー (1).csv,23,3022013010180,円香,"……こっちの味も食べる？
ひと口",福丸小糸,【翅がみえた】福丸小糸,1.フェアリー (1)
福丸小糸/【翅がみえた】福丸小糸/1.フェアリー (1).csv,24,3022013010190,円香,はい,福丸小糸,【翅がみえた】福丸小糸,1.フェアリー (1)
福丸小糸/【翅がみえた】福丸小糸/1.フェアリー (1).csv,28,3022013010230,円香,私はいい,福丸小糸,【翅がみえた】福丸小糸,1.フェアリー (1)
福丸小糸/【翅がみえた】福丸小糸/1.フェアリー (1).csv,32,3022013010270,円香,気にしてない,福丸小糸,【翅がみえた】福丸小糸,1.フェアリー (1)
福丸小糸/【翅がみえた】福丸小糸/1.フェアリー (1).csv,34,3022013010290,円香,休んだら、また行こう,福丸小糸,【翅がみえた】福丸小糸,1.フェアリー (1)
福丸小糸/【翅がみえた】福丸小糸/1.フェアリー (1).csv,35,3022013010300,円香,"あるんでしょ
まだ見たいところ",福丸小糸,【翅がみえた】福丸小糸,1.フェアリー (1)
福丸小糸/【翅がみえた】福丸小糸/1.フェアリー (1).csv,36,3022013010310,円香,私もあるから,福丸小糸,【翅がみえた】福丸小糸,1.フェアリー (1)
福丸小糸/【翅がみえた】福丸小糸/1.フェアリー (1).csv,39,3022013010340,円香,買わない後悔より、買った後悔,福丸小糸,【翅がみえた】福丸小糸,1.フェアリー (1)
福丸小糸/【翅がみえた】福丸小糸/1.フェアリー (1).csv,43,3022013010380,円香,ふうん,福丸小糸,【翅がみえた】福丸小糸,1.フェアリー (1)
福丸小糸/【翅がみえた】福丸小糸/1.フェアリー (1).csv,45,3022013010400,円香,欲しいの？,福丸小糸,【翅がみえた】福丸小糸,1.フェアリー (1)
福丸小糸/【翅がみえた】福丸小糸/1.フェアリー (1).csv,55,3022013010460,円香,確かに、落ち着きます,福丸小糸,【翅がみえた】福丸小糸,1.フェアリー (1)
福丸小糸/【翅がみえた】福丸小糸/1.フェアリー (1).csv,57,3022013010470,円香,"額装されてるけど
元は一冊の本なんだね",福丸小糸,【翅がみえた】福丸小糸,1.フェアリー (1)
福丸小糸/【翅がみえた】福丸小糸/1.フェアリー (1).csv,61,3022013010500,円香,すみません、わざわざ……,福丸小糸,【翅がみえた】福丸小糸,1.フェアリー (1)
福丸小糸/【翅がみえた】福丸小糸/2.わたしにもみえた (1).csv,5,3022013020011,円香＆小糸,はい,福丸小糸,【翅がみえた】福丸小糸,2.わたしにもみえた (1)
福丸小糸/【翅がみえた】福丸小糸/2.わたしにもみえた (1).csv,9,3022013020020,円香,"素敵ですね、この光の使い方とか……
とても印象的です",福丸小糸,【翅がみえた】福丸小糸,2.わたしにもみえた (1)
福丸小糸/【翅がみえた】福丸小糸/2.わたしにもみえた (1).csv,14,3022013020041,円香＆小糸,よろしくお願いします,福丸小糸,【翅がみえた】福丸小糸,2.わたしにもみえた (1)
福丸小糸/【翅がみえた】福丸小糸/2.わたしにもみえた (1).csv,22,3022013020070,円香,小糸？,福丸小糸,【翅がみえた】福丸小糸,2.わたしにもみえた (1)
福丸小糸/【翅がみえた】福丸小糸/2.わたしにもみえた (1).csv,26,3022013020110,円香,"撮影に適した公園ってなると
やっぱり少し離れた場所になるんじゃない",福丸小糸,【翅がみえた】福丸小糸,2.わたしにもみえた (1)
福丸小糸/【翅がみえた】福丸小糸/2.わたしにもみえた (1).csv,31,3022013020160,円香,そう？,福丸小糸,【翅がみえた】福丸小糸,2.わたしにもみえた (1)
福丸小糸/【翅がみえた】福丸小糸/2.わたしにもみえた (1).csv,34,3022013020190,円香,魅せるものがカメラの中にいないって思う？,福丸小糸,【翅がみえた】福丸小糸,2.わたしにもみえた (1)
福丸小糸/【翅がみえた】福丸小糸/2.わたしにもみえた (1).csv,37,3022013020220,円香,え、妖精ならそこにいるけど,福丸小糸,【翅がみえた】福丸小糸,2.わたしにもみえた (1)
福丸小糸/【翅がみえた】福丸小糸/2.わたしにもみえた (1).csv,38,3022013020230,円香,小糸には見えないんだ,福丸小糸,【翅がみえた】福丸小糸,2.わたしにもみえた (1)
福丸小糸/【２８３プロのヒナ】福丸小糸/produce_events_302200202.csv,2,3022002020010,円香,──小糸、私たち帰るけど……,福丸小糸,【２８３プロのヒナ】福丸小糸,produce_events_302200202
福丸小糸/【２８３プロのヒナ】福丸小糸/produce_events_302200202.csv,6,3022002020050,円香,そう？　じゃあ一緒に帰る？,福丸小糸,【２８３プロのヒナ】福丸小糸,produce_events_302200202
福丸小糸/【２８３プロのヒナ】福丸小糸/produce_events_302200202.csv,9,3022002020080,円香,"…………
ん、わかった",福丸小糸,【２８３プロのヒナ】福丸小糸,produce_events_302200202
福丸小糸/【２８３プロのヒナ】福丸小糸/produce_events_302200202.csv,10,3022002020090,円香,行こう、浅倉,福丸小糸,【２８３プロのヒナ】福丸小糸,produce_events_302200202
福丸小糸/【２８３プロのヒナ】福丸小糸/produce_events_302200202.csv,19,3022002020180,円香,──小糸,福丸小糸,【２８３プロのヒナ】福丸小糸,produce_events_302200202
福丸小糸/【２８３プロのヒナ】福丸小糸/produce_events_302200202.csv,21,3022002020200,円香,……驚きすぎ,福丸小糸,【２８３プロのヒナ】福丸小糸,produce_events_302200202
福丸小糸/【２８３プロのヒナ】福丸小糸/produce_events_302200202.csv,24,3022002020230,円香,そう、そんなところ,福丸小糸,【２８３プロのヒナ】福丸小糸,produce_events_302200202
福丸小糸/【２８３プロのヒナ】福丸小糸/produce_events_302200202.csv,26,3022002020250,円香,──小糸、手出して,福丸小糸,【２８３プロのヒナ】福丸小糸,produce_events_302200202
福丸小糸/【２８３プロのヒナ】福丸小糸/produce_events_302200202.csv,28,3022002020270,円香,これ、あげる,福丸小糸,【２８３プロのヒナ】福丸小糸,produce_events_302200202
福丸小糸/【２８３プロのヒナ】福丸小糸/produce_events_302200202.csv,31,3022002020300,円香,よくなかったらあげないでしょ,福丸小糸,【２８３プロのヒナ】福丸小糸,produce_events_302200202
福丸小糸/【２８３プロのヒナ】福丸小糸/produce_events_302200202.csv,33,3022002020320,円香,……小糸は頑張ってて、偉いね,福丸小糸,【２８３プロのヒナ】福丸小糸,produce_events_302200202
福丸小糸/【２８３プロのヒナ】福丸小糸/produce_events_302200202.csv,35,3022002020340,円香,ふふっ、そうかもね,福丸小糸,【２８３プロのヒナ】福丸小糸,produce_events_302200202
福丸小糸/【２８３プロのヒナ】福丸小糸/produce_events_302200202.csv,38,3022002020370,円香,"ん、もう大丈夫
今行く",福丸小糸,【２８３プロのヒナ】福丸小糸,produce_events_302200202
福丸小糸/【２８３プロのヒナ】福丸小糸/produce_events_302200202.csv,40,3022002020390,円香,渡したでしょ、それ,福丸小糸,【２８３プロのヒナ】福丸小糸,produce_events_302200202
福丸小糸/【２８３プロのヒナ】福丸小糸/produce_events_302200202.csv,42,3022002020410,円香,渡すの、忘れてたと思って,福丸小糸,【２８３プロのヒナ】福丸小糸,produce_events_302200202
福丸小糸/【２８３プロのヒナ】福丸小糸/produce_events_302200202.csv,44,3022002020430,円香,じゃあね、小糸,福丸小糸,【２８３プロのヒナ】福丸小糸,produce_events_302200202
福丸小糸/【２８３プロのヒナ】福丸小糸/produce_events_302200202.csv,47,3022002020460,円香,……ばいばい,福丸小糸,【２８３プロのヒナ】福丸小糸,produce_events_302200202
福丸小糸/小糸STEP/怖くないの？.csv,27,1022005020220,円香,……小糸？,福丸小糸,小糸STEP,怖くないの？
福丸小糸/小糸STEP/怖くないの？.csv,31,1022005020260,円香,……レッスン,福丸小糸,小糸STEP,怖くないの？
福丸小糸/小糸STEP/怖くないの？.csv,33,1022005020280,円香,両方,福丸小糸,小糸STEP,怖くないの？
福丸小糸/小糸STEP/怖くないの？.csv,38,1022005020320,円香,……────,福丸小糸,小糸STEP,怖くないの？
福丸小糸/小糸STEP/怖くないの？.csv,39,1022005020330,円香,ああいうのは、少数でしょ,福丸小糸,小糸STEP,怖くないの？
福丸小糸/小糸STEP/怖くないの？.csv,42,1022005020360,円香,……小糸にはそんなふうにみえるんだ,福丸小糸,小糸STEP,怖くないの？
福丸小糸/小糸STEP/怖くないの？.csv,44,1022005020380,円香,──なんでもない,福丸小糸,小糸STEP,怖くないの？
福丸小糸/小糸STEP/怖くないの？.csv,45,1022005020390,円香,もう行くね,福丸小糸,小糸STEP,怖くないの？
福丸小糸/小糸STEP/本当はずっと選びたかった.csv,17,1022005050100,円香,人それぞれだから、進路,福丸小糸,小糸STEP,本当はずっと選びたかった
緋田美琴/【GIFT】緋田美琴/【GIFT】緋田美琴02.csv,6,3025014020010,円香,……結構、残り少ないね,緋田美琴,【GIFT】緋田美琴,【GIFT】緋田美琴02
緋田美琴/【GIFT】緋田美琴/【GIFT】緋田美琴02.csv,11,3025014020060,円香,中身はなんだったの？,緋田美琴,【GIFT】緋田美琴,【GIFT】緋田美琴02
緋田美琴/【GIFT】緋田美琴/【GIFT】緋田美琴02.csv,15,3025014020091,灯織＆智代子＆円香,お疲れ様です……！,緋田美琴,【GIFT】緋田美琴,【GIFT】緋田美琴02
緋田美琴/【GIFT】緋田美琴/【GIFT】緋田美琴02.csv,17,3025014020101,灯織＆智代子＆円香,はい……！,緋田美琴,【GIFT】緋田美琴,【GIFT】緋田美琴02
緋田美琴/【GIFT】緋田美琴/【GIFT】緋田美琴02.csv,20,3025014020130,円香,"……
いいよ。風野さんから決めて",緋田美琴,【GIFT】緋田美琴,【GIFT】緋田美琴02
緋田美琴/【GIFT】緋田美琴/【GIFT】緋田美琴02.csv,23,3025014020160,円香,"私のことは気にしなくていいから
ゆっくり決めて",緋田美琴,【GIFT】緋田美琴,【GIFT】緋田美琴02
緋田美琴/【GIFT】緋田美琴/【GIFT】緋田美琴02.csv,25,3025014020180,円香,……,緋田美琴,【GIFT】緋田美琴,【GIFT】緋田美琴02
