file,line_no,id,speaker,trans,category,arc,episode
283活动剧情\2025ホワイトデー スペシャルコミュ\25白情甘奈1.csv,2,4901900270010,甘奈,"哇，好厉害！
做得好漂亮～！",283活动剧情,2025ホワイトデー スペシャルコミュ,25白情甘奈1
283活动剧情\2025ホワイトデー スペシャルコミュ\25白情甘奈1.csv,4,4901900270020,甘奈,"一看就知道了～……！
肯定花了不少功夫……！  谢谢啦！",283活动剧情,2025ホワイトデー スペシャルコミュ,25白情甘奈1
283活动剧情\2025ホワイトデー スペシャルコミュ\25白情甘奈2.csv,2,4901900280010,甘奈,"哇，好厉害！
做得好漂亮～！",283活动剧情,2025ホワイトデー スペシャルコミュ,25白情甘奈2
283活动剧情\2025ホワイトデー スペシャルコミュ\25白情甘奈2.csv,4,4901900280020,甘奈,"一看就知道了～……！
肯定花了不少功夫……！  谢谢啦！",283活动剧情,2025ホワイトデー スペシャルコミュ,25白情甘奈2
283活动剧情\2025ホワイトデー スペシャルコミュ\25白情甘奈2.csv,5,4901900280030,甘奈,,283活动剧情,2025ホワイトデー スペシャルコミュ,25白情甘奈2
283活动剧情\2025ホワイトデー スペシャルコミュ\25白情甘奈2.csv,7,4901900280040,甘奈,"诶嘿嘿……
被你发现了……",283活动剧情,2025ホワイトデー スペシャルコミュ,25白情甘奈2
283活动剧情\2025ホワイトデー スペシャルコミュ\25白情甘奈2.csv,8,4901900280050,甘奈,,283活动剧情,2025ホワイトデー スペシャルコミュ,25白情甘奈2
283活动剧情\2025ホワイトデー スペシャルコミュ\25白情甘奈2.csv,9,4901900280060,甘奈,"…………
可不可以……也像之前那样？",283活动剧情,2025ホワイトデー スペシャルコミュ,25白情甘奈2
283活动剧情\2025ホワイトデー スペシャルコミュ\25白情甘奈2.csv,11,4901900280070,甘奈,"甘奈，也有点
想要……制作人喂……！",283活动剧情,2025ホワイトデー スペシャルコミュ,25白情甘奈2
283活动剧情\5th Anniversary 当日スペシャルコミュ\5th Anniversary-アルストロメリア.csv,2,4901041040010,甘奈,"制作人……
那个……，谢谢你……！",283活动剧情,5th Anniversary 当日スペシャルコミュ,5th Anniversary-アルストロメリア
283活动剧情\5th Anniversary 当日スペシャルコミュ\5th Anniversary-アルストロメリア.csv,3,4901041040020,甘奈,"话说啊，现在的甘奈的幸福
是有了制作人先生才能实现的，所以……",283活动剧情,5th Anniversary 当日スペシャルコミュ,5th Anniversary-アルストロメリア
283活动剧情\5th Anniversary 当日スペシャルコミュ\5th Anniversary-アルストロメリア.csv,4,4901041040030,甘奈,不由得就想要……说一些感谢的话语……！,283活动剧情,5th Anniversary 当日スペシャルコミュ,5th Anniversary-アルストロメリア
283活动剧情\Detective×Murder\special_communications_490103204.csv,4,4901032040010,甘奈,"弟子先生，谢谢你！
诶嘿嘿，看起来很好吃呢",283活动剧情,Detective×Murder,special_communications_490103204
283活动剧情\Detective×Murder\special_communications_490103204.csv,5,4901032040020,甘奈,"顺带一提……
这个是主菜吗？",283活动剧情,Detective×Murder,special_communications_490103204
283活动剧情\Detective×Murder\special_communications_490103204.csv,6,4901032040030,甘奈,"如果“A”先生也会同席，
我觉得现在就全部吃完不太好吧",283活动剧情,Detective×Murder,special_communications_490103204
283活动剧情\Detective×Murder\special_communications_490103204.csv,19,4901032040080,甘奈,是这样吗……,283活动剧情,Detective×Murder,special_communications_490103204
283活动剧情\Detective×Murder\special_communications_490103204.csv,20,4901032040090,甘奈,"毕竟那可是从不在任何人面前露脸的“A”嘛！
哪怕只是露个脸我也很高兴了！",283活动剧情,Detective×Murder,special_communications_490103204
283活动剧情\Detective×Murder\special_communications_490103205.csv,16,4901032050150,甘奈,是呢……！,283活动剧情,Detective×Murder,special_communications_490103205
283活动剧情\Detective×Murder\special_communications_490103205.csv,17,4901032050160,甘奈,弟子先生，能帮我们画一份主楼的布局图吗？,283活动剧情,Detective×Murder,special_communications_490103205
283活动剧情\Detective×Murder\special_communications_490103205.csv,18,4901032050170,甘奈,"我觉得比起到处乱转，
还是有某种类似指针的东西会比较好",283活动剧情,Detective×Murder,special_communications_490103205
283活动剧情\Detective×Murder\special_communications_490103207.csv,12,4901032070100,甘奈,"甘奈之前参与的事件里，
也出现过类似的情况哦",283活动剧情,Detective×Murder,special_communications_490103207
283活动剧情\Detective×Murder\special_communications_490103207.csv,13,4901032070110,甘奈,"比如用冰冷却遗体，
让死亡推定时刻被误认得比实际时间更早",283活动剧情,Detective×Murder,special_communications_490103207
283活动剧情\Detective×Murder\special_communications_490103207.csv,16,4901032070140,甘奈,"啊，来了——！
小甜花，千雪小姐，我们走吧？",283活动剧情,Detective×Murder,special_communications_490103207
283活动剧情\Detective×Murder\special_communications_490103212.csv,20,4901032120190,甘奈,"明明如果我们一直陪着千雪小姐到饼干烤好，
就能帮她做不在场证明了……",283活动剧情,Detective×Murder,special_communications_490103212
283活动剧情\Detective×Murder\【２日目】16_05-推理開始.csv,10,4901032250040,甘奈,"弟子先生……
做了那种事情的犯人，到底是……？",283活动剧情,Detective×Murder,【２日目】16_05-推理開始
283活动剧情\Detective×Murder\【２日目】16_28-凶器について１.csv,20,4901032270120,甘奈,沾上了树胶糖浆的环保袋就是凶器……,283活动剧情,Detective×Murder,【２日目】16_28-凶器について１
283活动剧情\Detective×Murder\【２日目】16_28-凶器について１.csv,22,4901032270130,甘奈,但是，环保袋应该很薄而且很轻……吧？,283活动剧情,Detective×Murder,【２日目】16_28-凶器について１
283活动剧情\Detective×Murder\【２日目】16_28-凶器について１.csv,23,4901032270140,甘奈,要拿它当凶器是不是有点困难呢……？,283活动剧情,Detective×Murder,【２日目】16_28-凶器について１
283活动剧情\Detective×Murder\【２日目】16_28-凶器について２.csv,10,4901032380010,甘奈,"虽然千雪小姐做的饼干
确实很脆很轻盈，但……",283活动剧情,Detective×Murder,【２日目】16_28-凶器について２
283活动剧情\Detective×Murder\【２日目】16_28-凶器について２.csv,34,4901032380130,甘奈,"但是，那样的话……
犯人是在什么时候，怎样杀害了“A”的呢……？",283活动剧情,Detective×Murder,【２日目】16_28-凶器について２
283活动剧情\Detective×Murder\【２日目】18_36-理由.csv,4,4901032320010,甘奈,"呐，千雪小姐……
为什么……？",283活动剧情,Detective×Murder,【２日目】18_36-理由
283活动剧情\Detective×Murder\【２日目】18_36-理由.csv,5,4901032320020,甘奈,"你已经最早抵达了“A”的房间
并证明了自己的实力，所以完全没有这么做的必要……",283活动剧情,Detective×Murder,【２日目】18_36-理由
283活动剧情\Detective×Murder\【２日目】午前-甘奈・甜花・千雪.csv,4,4901032160030,甘奈,是啊,283活动剧情,Detective×Murder,【２日目】午前-甘奈・甜花・千雪
283活动剧情\Detective×Murder\【２日目】午前-甘奈・甜花・千雪.csv,5,4901032160040,甘奈,"而且，如果大家都去查看现场了
还是稍微错开一下时间会比较好吧",283活动剧情,Detective×Murder,【２日目】午前-甘奈・甜花・千雪
283活动剧情\Detective×Murder\【２日目】午前-甘奈・甜花・千雪.csv,12,4901032160090,甘奈,啊、弟子先生！,283活动剧情,Detective×Murder,【２日目】午前-甘奈・甜花・千雪
283活动剧情\Detective×Murder\【２日目】午前-甘奈・甜花・千雪.csv,13,4901032160100,甘奈,"你来得正好！
我们刚才正好在向千雪小姐传达状况",283活动剧情,Detective×Murder,【２日目】午前-甘奈・甜花・千雪
283活动剧情\Detective×Murder\【２日目】午前-甘奈・甜花・千雪.csv,15,4901032160120,甘奈,"千雪小姐当时正在大堂和小朝日她们说话
所以，我们就趁着那段时间去了一趟……！",283活动剧情,Detective×Murder,【２日目】午前-甘奈・甜花・千雪
283活动剧情\Detective×Murder\【２日目】午前-甘奈・甜花・千雪.csv,16,4901032160130,甘奈,"……我调查了“A”的夹克，
发现里面的便条上的字都渗开了",283活动剧情,Detective×Murder,【２日目】午前-甘奈・甜花・千雪
283活动剧情\Detective×Murder\【２日目】午前-甘奈・甜花・千雪.csv,20,4901032160170,甘奈,绒毯和书都只有靠近遗体旁边的部分湿了,283活动剧情,Detective×Murder,【２日目】午前-甘奈・甜花・千雪
283活动剧情\Detective×Murder\【２日目】午前-甘奈・甜花・千雪.csv,21,4901032160180,甘奈,所以，甘奈我们在想,283活动剧情,Detective×Murder,【２日目】午前-甘奈・甜花・千雪
283活动剧情\Detective×Murder\【２日目】午前-甘奈・甜花・千雪.csv,22,4901032160190,甘奈,“A”的遗体，是不是被雨淋过一段时间呢……？,283活动剧情,Detective×Murder,【２日目】午前-甘奈・甜花・千雪
283活动剧情\Detective×Murder\【２日目】午前-甘奈・甜花・千雪.csv,30,4901032160320,甘奈,嗯，甘奈好像听说过“A”是当即死亡的？,283活动剧情,Detective×Murder,【２日目】午前-甘奈・甜花・千雪
283活动剧情\Detective×Murder\【２日目】午前-甘奈・甜花・千雪.csv,31,4901032160330,甘奈,“A”的遗体，可能一开始在天窗下面？,283活动剧情,Detective×Murder,【２日目】午前-甘奈・甜花・千雪
283活动剧情\Detective×Murder\【２日目】午前-甘奈・甜花・千雪.csv,34,4901032160240,甘奈,"如果是从门进来的，就会被摄像头拍到……
收拾血痕和道具应该也会很麻烦",283活动剧情,Detective×Murder,【２日目】午前-甘奈・甜花・千雪
283活动剧情\Detective×Murder\【２日目】午前-甘奈・甜花・千雪.csv,37,4901032160270,甘奈,嗯……,283活动剧情,Detective×Murder,【２日目】午前-甘奈・甜花・千雪
283活动剧情\Detective×Murder\【２日目】午前-甘奈・甜花・千雪.csv,38,4901032160280,甘奈,"“A”的遗体，有可能一开始是在
有雨落进来的天窗下面的……？",283活动剧情,Detective×Murder,【２日目】午前-甘奈・甜花・千雪
283活动剧情\Detective×Murder\【２日目】午前-甘奈・甜花・千雪.csv,39,4901032160200,甘奈,嗯……,283活动剧情,Detective×Murder,【２日目】午前-甘奈・甜花・千雪
283活动剧情\Detective×Murder\【２日目】午前-甘奈・甜花・千雪.csv,40,4901032160210,甘奈,“A”的遗体有可能一开始是在天窗下面的……,283活动剧情,Detective×Murder,【２日目】午前-甘奈・甜花・千雪
283活动剧情\Detective×Murder\【２日目】午前-甘奈・甜花・千雪.csv,44,4901032160370,甘奈,"如果冷却了身体，
应该就能引导我们误算死亡推定时刻了吧……",283活动剧情,Detective×Murder,【２日目】午前-甘奈・甜花・千雪
283活动剧情\Detective×Murder\【２日目】午前-甘奈・甜花・千雪.csv,51,4901032160400,甘奈,"昨天晚上，在9点半左右还有10点半之后，
甘奈我们都在厨房见到了千雪小姐",283活动剧情,Detective×Murder,【２日目】午前-甘奈・甜花・千雪
283活动剧情\Detective×Murder\【２日目】午前-甘奈・甜花・千雪.csv,54,4901032160430,甘奈,"9点半左右，我们想一起喝点热可可，
所以就去了厨房",283活动剧情,Detective×Murder,【２日目】午前-甘奈・甜花・千雪
283活动剧情\Detective×Murder\【２日目】午前-甘奈・甜花・千雪.csv,58,4901032160470,甘奈,"牛奶也洒到了甘奈和小甜花的衣服上，
真的很不得了呢",283活动剧情,Detective×Murder,【２日目】午前-甘奈・甜花・千雪
283活动剧情\Detective×Murder\【２日目】午前-甘奈・甜花・千雪.csv,59,4901032160480,甘奈,"但是，千雪小姐对我们说
“我之后会一起收拾的所以没关系”……",283活动剧情,Detective×Murder,【２日目】午前-甘奈・甜花・千雪
283活动剧情\Detective×Murder\【２日目】午前-甘奈・甜花・千雪.csv,62,4901032160510,甘奈,"我们已经趁着晚上洗好了哦！
谢谢你担心我们，千雪小姐！",283活动剧情,Detective×Murder,【２日目】午前-甘奈・甜花・千雪
283活动剧情\Detective×Murder\【２日目】午前-甘奈・甜花・千雪.csv,67,4901032160560,甘奈,"10点半我们再次见面的时候
千雪小姐就已经换上了睡衣呢",283活动剧情,Detective×Murder,【２日目】午前-甘奈・甜花・千雪
283活动剧情\Detective×Murder\【２日目】午前-甘奈・甜花・千雪.csv,75,4901032160610,甘奈,"来拿饼干的时候，大堂还有其他人在等我们，
所以我们没能好好道谢",283活动剧情,Detective×Murder,【２日目】午前-甘奈・甜花・千雪
283活动剧情\Detective×Murder\【２日目】午前-甘奈・甜花・千雪.csv,76,4901032160620,甘奈,所以，我们现在才会过来,283活动剧情,Detective×Murder,【２日目】午前-甘奈・甜花・千雪
283活动剧情\Detective×Murder\【２日目】午前-甘奈・甜花・千雪.csv,81,4901032160630,甘奈,"虽然甘奈也这么想过……
但刚才调查了一下之后，我发现并没有制冷不均的问题",283活动剧情,Detective×Murder,【２日目】午前-甘奈・甜花・千雪
283活动剧情\Detective×Murder\【２日目】午前-甘奈・甜花・千雪.csv,84,4901032160660,甘奈,"嗯，我记得牛奶的旁边放着一瓶可乐
但那瓶可乐并没有冻住……",283活动剧情,Detective×Murder,【２日目】午前-甘奈・甜花・千雪
283活动剧情\Endless×Loop\Aシナリオ-正直者の頭に神宿る.csv,4,4901002010020,甘奈,"甘奈我们也！
出发了☆",283活动剧情,Endless×Loop,Aシナリオ-正直者の頭に神宿る
283活动剧情\Endless×Loop\C-2シナリオ-プロデューサーじゃない！.csv,8,4901002050040,甘奈,"欢迎回来，哥哥～
今天工作也辛苦了☆",283活动剧情,Endless×Loop,C-2シナリオ-プロデューサーじゃない！
283活动剧情\Endless×Loop\C-2シナリオ-プロデューサーじゃない！.csv,10,4901002050050,甘奈,咦？有哪里奇怪吗？,283活动剧情,Endless×Loop,C-2シナリオ-プロデューサーじゃない！
283活动剧情\Endless×Loop\C-2シナリオ-プロデューサーじゃない！.csv,23,4901002050130,甘奈,是长子☆,283活动剧情,Endless×Loop,C-2シナリオ-プロデューサーじゃない！
283活动剧情\Endless×Loop\C-2シナリオ-プロデューサーじゃない！.csv,38,4901002050200,甘奈,甜花……！,283活动剧情,Endless×Loop,C-2シナリオ-プロデューサーじゃない！
283活动剧情\Endless×Loop\C-2シナリオ-プロデューサーじゃない！.csv,40,4901002050210,甘奈,"嗯！
那今天甘奈负责拿盘子",283活动剧情,Endless×Loop,C-2シナリオ-プロデューサーじゃない！
283活动剧情\Endless×Loop\C-2シナリオ-プロデューサーじゃない！.csv,47,4901002050240,甘奈,"太好了呢，甜花
努力做出来没有白费苦心",283活动剧情,Endless×Loop,C-2シナリオ-プロデューサーじゃない！
283活动剧情\Endless×Loop\C-2シナリオ-プロデューサーじゃない！.csv,49,4901002050251,甘奈＆千雪,呵呵……,283活动剧情,Endless×Loop,C-2シナリオ-プロデューサーじゃない！
283活动剧情\Endless×Loop\C-2シナリオ-プロデューサーじゃない！.csv,51,4901002050260,甘奈,"啊！哥哥，筷子停下来了哦？
甘奈，要不要替你吃掉呢",283活动剧情,Endless×Loop,C-2シナリオ-プロデューサーじゃない！
283活动剧情\Endless×Loop\C-2シナリオ-プロデューサーじゃない！.csv,55,4901002050280,甘奈,"呼……！
甘奈，吃得很饱……！",283活动剧情,Endless×Loop,C-2シナリオ-プロデューサーじゃない！
283活动剧情\Endless×Loop\C-2シナリオ-プロデューサーじゃない！.csv,59,4901002050310,甘奈,"那么……
哥哥，接下来跟甘奈我们玩吧！",283活动剧情,Endless×Loop,C-2シナリオ-プロデューサーじゃない！
283活动剧情\Endless×Loop\C-2シナリオ-プロデューサーじゃない！.csv,64,4901002050340,甘奈,"诶……哥哥，要出去吗……？
不要啊……",283活动剧情,Endless×Loop,C-2シナリオ-プロデューサーじゃない！
283活动剧情\Endless×Loop\C-2シナリオ-プロデューサーじゃない！.csv,69,4901002050370,甘奈,但是……！,283活动剧情,Endless×Loop,C-2シナリオ-プロデューサーじゃない！
283活动剧情\Endless×Loop\C-2シナリオ-プロデューサーじゃない！.csv,71,4901002050390,甘奈,……嗯……,283活动剧情,Endless×Loop,C-2シナリオ-プロデューサーじゃない！
283活动剧情\Endless×Loop\C-2シナリオ-プロデューサーじゃない！.csv,78,4901002050440,甘奈,是啊……毕竟是重要的事情……,283活动剧情,Endless×Loop,C-2シナリオ-プロデューサーじゃない！
283活动剧情\Endless×Loop\C-2シナリオ-プロデューサーじゃない！.csv,86,4901002050470,甘奈,"没事吗？
制作人，最近没有工作过头吗……？",283活动剧情,Endless×Loop,C-2シナリオ-プロデューサーじゃない！
283活动剧情\Endless×Loop\C-2シナリオ-プロデューサーじゃない！.csv,94,4901002050510,甘奈,"诶？
突然是怎么了啊",283活动剧情,Endless×Loop,C-2シナリオ-プロデューサーじゃない！
283活动剧情\Endless×Loop\C-2シナリオ-プロデューサーじゃない！.csv,98,4901002050540,甘奈,"诶嘿嘿，是啊
总觉得，心里变得暖洋洋的",283活动剧情,Endless×Loop,C-2シナリオ-プロデューサーじゃない！
283活动剧情\Endless×Loop\C-2シナリオ-プロデューサーじゃない！.csv,128,4901002050690,甘奈,"啊～！就只有你们俩给哥哥吃，
总觉得好狡猾啊～！",283活动剧情,Endless×Loop,C-2シナリオ-プロデューサーじゃない！
283活动剧情\Endless×Loop\C-2シナリオ-プロデューサーじゃない！.csv,129,4901002050700,甘奈,甘奈也要做些什么！,283活动剧情,Endless×Loop,C-2シナリオ-プロデューサーじゃない！
283活动剧情\Endless×Loop\C-2シナリオ-プロデューサーじゃない！.csv,131,4901002050710,甘奈,哥哥……就只吃不下甘奈做的菜吗……？,283活动剧情,Endless×Loop,C-2シナリオ-プロデューサーじゃない！
283活动剧情\Endless×Loop\C-2シナリオ-プロデューサーじゃない！.csv,134,4901002050730,甘奈,"可是～……
只有甘奈没请哥哥吃自己做的菜……",283活动剧情,Endless×Loop,C-2シナリオ-プロデューサーじゃない！
283活动剧情\Endless×Loop\C-2シナリオ-プロデューサーじゃない！.csv,136,4901002050740,甘奈,诶！可以吗！？太好了☆,283活动剧情,Endless×Loop,C-2シナリオ-プロデューサーじゃない！
283活动剧情\Endless×Loop\C-2シナリオ-プロデューサーじゃない！.csv,138,4901002050760,甘奈,"嗯！明天早上
会做非常好吃的菜哦，哥哥！",283活动剧情,Endless×Loop,C-2シナリオ-プロデューサーじゃない！
283活动剧情\Endless×Loop\C-2シナリオ-プロデューサーじゃない！.csv,144,4901002050790,甘奈,"是啊，甜花
明天再跟哥哥一起尽情地玩耍吧！",283活动剧情,Endless×Loop,C-2シナリオ-プロデューサーじゃない！
283活动剧情\Endless×Loop\C-2シナリオ-プロデューサーじゃない！.csv,146,4901002050810,甘奈,晚安☆,283活动剧情,Endless×Loop,C-2シナリオ-プロデューサーじゃない！
283活动剧情\Endless×Loop\C-2シナリオ-プロデューサーじゃない！.csv,156,4901002050840,甘奈,啊！哥哥！？,283活动剧情,Endless×Loop,C-2シナリオ-プロデューサーじゃない！
283活动剧情\Endless×Loop\C-2シナリオ-プロデューサーじゃない！.csv,160,4901002050860,甘奈,"诶嘿嘿，
哥哥一～直在我们家哦☆",283活动剧情,Endless×Loop,C-2シナリオ-プロデューサーじゃない！
283活动剧情\Secret×Rose\シナリオB カウンセラー室にて.csv,52,4901011020210,甘奈,打扰～了……,283活动剧情,Secret×Rose,シナリオB カウンセラー室にて
283活动剧情\Secret×Rose\シナリオB カウンセラー室にて.csv,53,4901011020220,甘奈,……！辅导室原来是这样的啊……,283活动剧情,Secret×Rose,シナリオB カウンセラー室にて
283活动剧情\Secret×Rose\シナリオB カウンセラー室にて.csv,55,4901011020230,甘奈,"啊……突然到访
很抱歉我还没做自我介绍",283活动剧情,Secret×Rose,シナリオB カウンセラー室にて
283活动剧情\Secret×Rose\シナリオB カウンセラー室にて.csv,56,4901011020240,甘奈,我是大崎甘奈，请多关照,283活动剧情,Secret×Rose,シナリオB カウンセラー室にて
283活动剧情\Secret×Rose\シナリオB カウンセラー室にて.csv,58,4901011020250,甘奈,"啊，好的……
甘奈最近有烦恼的事情……",283活动剧情,Secret×Rose,シナリオB カウンセラー室にて
283活动剧情\Secret×Rose\シナリオB カウンセラー室にて.csv,59,4901011020260,甘奈,"那个……甘奈，很担心
甜花……",283活动剧情,Secret×Rose,シナリオB カウンセラー室にて
283活动剧情\Secret×Rose\シナリオB カウンセラー室にて.csv,61,4901011020270,甘奈,"是甘奈的双胞胎姐姐！
超可爱的——",283活动剧情,Secret×Rose,シナリオB カウンセラー室にて
283活动剧情\Secret×Rose\シナリオB カウンセラー室にて.csv,62,4901011020280,甘奈,"……啊！
抱，抱歉，突然这么大声……",283活动剧情,Secret×Rose,シナリオB カウンセラー室にて
283活动剧情\Secret×Rose\シナリオB カウンセラー室にて.csv,64,4901011020290,甘奈,"嗯……甘奈，只要是为了甜花
什么都会做的",283活动剧情,Secret×Rose,シナリオB カウンセラー室にて
283活动剧情\Secret×Rose\シナリオB カウンセラー室にて.csv,65,4901011020300,甘奈,但是……总觉得最近的甜花……,283活动剧情,Secret×Rose,シナリオB カウンセラー室にて
283活动剧情\Secret×Rose\シナリオB カウンセラー室にて.csv,67,4901011020310,甘奈,"也不是说变得无精打采……
总感觉有点奇怪……",283活动剧情,Secret×Rose,シナリオB カウンセラー室にて
283活动剧情\Secret×Rose\シナリオB カウンセラー室にて.csv,68,4901011020320,甘奈,"只是隐隐约约的
在一起的时候感觉和往常不一样……",283活动剧情,Secret×Rose,シナリオB カウンセラー室にて
283活动剧情\Secret×Rose\シナリオB カウンセラー室にて.csv,70,4901011020330,甘奈,"嗯……不知道该怎么说明……
该说是变得不像是甜花了吗……",283活动剧情,Secret×Rose,シナリオB カウンセラー室にて
283活动剧情\Secret×Rose\シナリオB カウンセラー室にて.csv,71,4901011020340,甘奈,"但是，是真的……！
甜花她，和往常有点不一样……",283活动剧情,Secret×Rose,シナリオB カウンセラー室にて
283活动剧情\Secret×Rose\シナリオB カウンセラー室にて.csv,74,4901011020350,甘奈,"啊，对了……！我大概知道
甜花改变的契机",283活动剧情,Secret×Rose,シナリオB カウンセラー室にて
283活动剧情\Secret×Rose\シナリオB カウンセラー室にて.csv,76,4901011020360,甘奈,"嗯。甜花，
上课时经常打瞌睡",283活动剧情,Secret×Rose,シナリオB カウンセラー室にて
283活动剧情\Secret×Rose\シナリオB カウンセラー室にて.csv,78,4901011020370,甘奈,"之前有被带去忏悔室反省
从那时起她就变得奇怪了",283活动剧情,Secret×Rose,シナリオB カウンセラー室にて
283活动剧情\Secret×Rose\シナリオB カウンセラー室にて.csv,79,4901011020380,甘奈,我觉得，那个房间里，肯定有什么……,283活动剧情,Secret×Rose,シナリオB カウンセラー室にて
283活动剧情\Secret×Rose\シナリオB カウンセラー室にて.csv,80,4901011020390,甘奈,"校内新闻也报导过
看见过奇怪的东西……",283活动剧情,Secret×Rose,シナリオB カウンセラー室にて
283活动剧情\Secret×Rose\シークレット Secret×Fragrance.csv,9,4901011160050,甘奈,…………,283活动剧情,Secret×Rose,シークレット Secret×Fragrance
283活动剧情\Secret×Rose\シークレット Secret×Fragrance.csv,11,4901011160060,甘奈,"……终于见到你了……
我一直，都在等待这一刻……",283活动剧情,Secret×Rose,シークレット Secret×Fragrance
283活动剧情\Secret×Rose\シークレット Secret×Fragrance.csv,13,4901011160070,甘奈,……为什么要丢下我一个人呢？,283活动剧情,Secret×Rose,シークレット Secret×Fragrance
283活动剧情\Secret×Rose\シークレット Secret×Fragrance.csv,15,4901011160080,甘奈,"对我来说，没有你的人生根本毫无价值……
——你知道的吧？",283活动剧情,Secret×Rose,シークレット Secret×Fragrance
283活动剧情\Secret×Rose\シークレット Secret×Fragrance.csv,17,4901011160081,甘奈＆主人公,呵呵……,283活动剧情,Secret×Rose,シークレット Secret×Fragrance
283活动剧情\Secret×Rose\シークレット Secret×Fragrance.csv,19,4901011160090,甘奈,是啊……但，到此为止了……,283活动剧情,Secret×Rose,シークレット Secret×Fragrance
283活动剧情\Secret×Rose\シークレット Secret×Fragrance.csv,20,4901011160100,甘奈,从今以后要一直在一起……,283活动剧情,Secret×Rose,シークレット Secret×Fragrance
283活动剧情\Secret×Rose\シークレット Secret×Fragrance.csv,22,4901011160110,甘奈,好……我会和你一起……,283活动剧情,Secret×Rose,シークレット Secret×Fragrance
283活动剧情\Secret×Rose\ユニット ED 仲間たる少女たち.csv,3,4901011090010,甘奈,"真的吗？
太好啦……！",283活动剧情,Secret×Rose,ユニット ED 仲間たる少女たち
283活动剧情\Secret×Rose\ユニット ED 仲間たる少女たち.csv,5,4901011090020,甘奈,"嗯！
谢谢您，老师！",283活动剧情,Secret×Rose,ユニット ED 仲間たる少女たち
283活动剧情\Secret×Rose\ユニット ED 愛らしい少女たち.csv,4,4901011080010,甘奈,确实是这样……,283活动剧情,Secret×Rose,ユニット ED 愛らしい少女たち
283活动剧情\Secret×Rose\ユニット ED 愛らしい少女たち.csv,5,4901011080020,甘奈,"那我把她介绍给你认识吧！
这个时间她应该在教室",283活动剧情,Secret×Rose,ユニット ED 愛らしい少女たち
283活动剧情\Secret×Rose\ユニット ED 愛らしい少女たち.csv,8,4901011080050,甘奈,"放心吧，甜花
老师的话没问题的",283活动剧情,Secret×Rose,ユニット ED 愛らしい少女たち
283活动剧情\Secret×Rose\ユニット ED 愛らしい少女たち.csv,10,4901011080070,甘奈,"老师
这位就是甜花",283活动剧情,Secret×Rose,ユニット ED 愛らしい少女たち
283活动剧情\Secret×Rose\ユニット ED 愛らしい少女たち.csv,27,4901011080150,甘奈,"唔～……
但，还是和往常有点不太一样……",283活动剧情,Secret×Rose,ユニット ED 愛らしい少女たち
283活动剧情\Secret×Rose\ユニット ED 愛らしい少女たち.csv,29,4901011080160,甘奈,"……对了……！
去问问学姐吧……",283活动剧情,Secret×Rose,ユニット ED 愛らしい少女たち
283活动剧情\Secret×Rose\ユニット ED 愛らしい少女たち.csv,30,4901011080170,甘奈,老师，来这里！,283活动剧情,Secret×Rose,ユニット ED 愛らしい少女たち
283活动剧情\Secret×Rose\ユニット ED 愛らしい少女たち.csv,32,4901011080180,甘奈,"到了！
这里是手工艺部的社团活动室",283活动剧情,Secret×Rose,ユニット ED 愛らしい少女たち
283活动剧情\Secret×Rose\ユニット ED 愛らしい少女たち.csv,33,4901011080190,甘奈,打扰——了,283活动剧情,Secret×Rose,ユニット ED 愛らしい少女たち
283活动剧情\Secret×Rose\ユニット ED 愛らしい少女たち.csv,34,4901011080200,甘奈,千雪学姐！,283活动剧情,Secret×Rose,ユニット ED 愛らしい少女たち
283活动剧情\Secret×Rose\ユニット ED 愛らしい少女たち.csv,37,4901011080230,甘奈,"啊，我来给你介绍吧
这位是新来的老师",283活动剧情,Secret×Rose,ユニット ED 愛らしい少女たち
283活动剧情\Secret×Rose\ユニット ED 愛らしい少女たち.csv,40,4901011080250,甘奈,"那个，今天想向千雪学姐
打听一些事情",283活动剧情,Secret×Rose,ユニット ED 愛らしい少女たち
283活动剧情\Secret×Rose\ユニット ED 愛らしい少女たち.csv,42,4901011080270,甘奈,"是关于甜花……
总觉得，她变得和以往不一样……",283活动剧情,Secret×Rose,ユニット ED 愛らしい少女たち
283活动剧情\Secret×Rose\ユニット ED 愛らしい少女たち.csv,44,4901011080290,甘奈,莫非千雪学姐也是……？,283活动剧情,Secret×Rose,ユニット ED 愛らしい少女たち
283活动剧情\Secret×Rose\ユニット ED 愛らしい少女たち.csv,48,4901011080320,甘奈,"不知道，
这样说是否贴切……",283活动剧情,Secret×Rose,ユニット ED 愛らしい少女たち
283活动剧情\Secret×Rose\ユニット ED 愛らしい少女たち.csv,49,4901011080330,甘奈,"甜花她，变成了另一个
长得和甜花很像的人",283活动剧情,Secret×Rose,ユニット ED 愛らしい少女たち
283活动剧情\Secret×Rose\ユニット ED 愛らしい少女たち.csv,51,4901011080350,甘奈,啊，甜花……,283活动剧情,Secret×Rose,ユニット ED 愛らしい少女たち
283活动剧情\Secret×Rose\ユニット ED 愛らしい少女たち.csv,52,4901011080360,甘奈,难道，你听见了……？,283活动剧情,Secret×Rose,ユニット ED 愛らしい少女たち
283活动剧情\Secret×Rose\ユニット ED 愛らしい少女たち.csv,54,4901011080371,甘奈＆甜花,……,283活动剧情,Secret×Rose,ユニット ED 愛らしい少女たち
283活动剧情\Secret×Rose\ユニット ED 愛らしい少女たち.csv,58,4901011080410,甘奈,甜花……,283活动剧情,Secret×Rose,ユニット ED 愛らしい少女たち
283活动剧情\Secret×Rose\ユニット ED 愛らしい少女たち.csv,59,4901011080420,甘奈,"不
我才是得向你道歉",283活动剧情,Secret×Rose,ユニット ED 愛らしい少女たち
283活动剧情\Secret×Rose\ユニット ED 愛らしい少女たち.csv,63,4901011080450,甘奈,"不，多亏了和老师谈过
才把事情解决了！谢谢您☆",283活动剧情,Secret×Rose,ユニット ED 愛らしい少女たち
283活动剧情\Secret×Rose\ユニット ED 愛らしい少女たち.csv,72,4901011080540,甘奈,哇～，能闻到甘甜的香气～！,283活动剧情,Secret×Rose,ユニット ED 愛らしい少女たち
283活动剧情\Secret×Rose\ユニット ED 愛らしい少女たち.csv,75,4901011080570,甘奈,味道真棒啊……,283活动剧情,Secret×Rose,ユニット ED 愛らしい少女たち
283活动剧情\Secret×Rose\ユニット ED 愛らしい少女たち.csv,89,4901011080630,甘奈,"老师，这里有些饼干，
请用☆",283活动剧情,Secret×Rose,ユニット ED 愛らしい少女たち
283活动剧情\Secret×Rose\ユニット ED 愛らしい少女たち.csv,98,4901011080650,甘奈,诶嘿嘿……总算抓到你了……,283活动剧情,Secret×Rose,ユニット ED 愛らしい少女たち
283活动剧情\Secret×Rose\ユニット ED 愛らしい少女たち.csv,105,4901011080700,甘奈,"哈……
甜花泡的茶，真的很好喝",283活动剧情,Secret×Rose,ユニット ED 愛らしい少女たち
283活动剧情\Secret×Rose\ユニット ED 愛らしい少女たち.csv,108,4901011080720,甘奈,"……咦？
老师，一点也没喝……",283活动剧情,Secret×Rose,ユニット ED 愛らしい少女たち
283活动剧情\Secret×Rose\ユニット ED 愛らしい少女たち.csv,111,4901011080740,甘奈,"难得甜花泡的茶，
不马上喝掉的话～",283活动剧情,Secret×Rose,ユニット ED 愛らしい少女たち
283活动剧情\Secret×Rose\ユニット ED 愛らしい少女たち.csv,117,4901011080780,甘奈,诶嘿嘿……,283活动剧情,Secret×Rose,ユニット ED 愛らしい少女たち
283活动剧情\Secret×Rose\ユニット ED 愛らしい少女たち.csv,124,4901011080800,甘奈,"快点喝吧……
不喝的话……",283活动剧情,Secret×Rose,ユニット ED 愛らしい少女たち
283活动剧情\Secret×Rose\ユニット ED 愛らしい少女たち.csv,129,4901011080840,甘奈,"可惜了～……
能坐久一点的话就好了",283活动剧情,Secret×Rose,ユニット ED 愛らしい少女たち
283活动剧情\Secret×Rose\ユニット ED 愛らしい少女たち.csv,135,4901011080870,甘奈,"啊，老师！
您好☆",283活动剧情,Secret×Rose,ユニット ED 愛らしい少女たち
283活动剧情\Secret×Rose\ユニット ED 愛らしい少女たち.csv,140,4901011080891,甘奈＆甜花,诶？,283活动剧情,Secret×Rose,ユニット ED 愛らしい少女たち
283活动剧情\Secret×Rose\ユニット ED 愛らしい少女たち.csv,141,4901011080900,甘奈,"——不好意思，老师
看起来有点怪是指？",283活动剧情,Secret×Rose,ユニット ED 愛らしい少女たち
283活动剧情\Secret×Rose\ユニット ED 愛らしい少女たち.csv,145,4901011080911,甘奈＆甜花,……………？,283活动剧情,Secret×Rose,ユニット ED 愛らしい少女たち
283活动剧情\Secret×Rose\ユニット ED 愛らしい少女たち.csv,147,4901011080920,甘奈,"呵呵，
奇怪的老师",283活动剧情,Secret×Rose,ユニット ED 愛らしい少女たち
283活动剧情\World×Code\大泥棒×町人の喧嘩×悪者を成敗-時代劇（甘奈）.csv,7,4901021680020,甘奈,"诶嘿嘿～，我是在江户街道上捣乱的大盗
甘奈～☆",283活动剧情,World×Code,大泥棒×町人の喧嘩×悪者を成敗-時代劇（甘奈）
283活动剧情\World×Code\大泥棒×町人の喧嘩×悪者を成敗-時代劇（甘奈）.csv,9,4901021680030,甘奈,"——比起这个……！
你们刚刚说这孩子“可爱”对吧！？",283活动剧情,World×Code,大泥棒×町人の喧嘩×悪者を成敗-時代劇（甘奈）
283活动剧情\World×Code\大泥棒×町人の喧嘩×悪者を成敗-時代劇（甘奈）.csv,11,4901021680040,甘奈,"对吧！甜花！
超可爱的——！",283活动剧情,World×Code,大泥棒×町人の喧嘩×悪者を成敗-時代劇（甘奈）
283活动剧情\World×Code\大泥棒×町人の喧嘩×悪者を成敗-時代劇（甘奈）.csv,12,4901021680050,甘奈,"这个送给你们了！
可以装饰在家里哦！拜拜！",283活动剧情,World×Code,大泥棒×町人の喧嘩×悪者を成敗-時代劇（甘奈）
283活动剧情\World×Code\大泥棒×町人の喧嘩×悪者を成敗-時代劇（甘奈）.csv,14,4901021680060,甘奈,"诶嘿嘿，争吵的种子
甘奈偷走了☆",283活动剧情,World×Code,大泥棒×町人の喧嘩×悪者を成敗-時代劇（甘奈）
283活动剧情\World×Code\密室で×殺人×犯人を当てる-探偵（甘奈）.csv,2,4901021100010,甘奈,"犯人是你对吧……？
……妹妹",283活动剧情,World×Code,密室で×殺人×犯人を当てる-探偵（甘奈）
283活动剧情\World×Code\密室で×殺人×犯人を当てる-探偵（甘奈）.csv,4,4901021100020,甘奈,被害人是姐姐的跟踪狂,283活动剧情,World×Code,密室で×殺人×犯人を当てる-探偵（甘奈）
283活动剧情\World×Code\密室で×殺人×犯人を当てる-探偵（甘奈）.csv,5,4901021100030,甘奈,"所以在姐姐遇上危险前
才想做些什么的吧……？",283活动剧情,World×Code,密室で×殺人×犯人を当てる-探偵（甘奈）
283活动剧情\World×Code\密室で×殺人×犯人を当てる-探偵（甘奈）.csv,7,4901021100040,甘奈,,283活动剧情,World×Code,密室で×殺人×犯人を当てる-探偵（甘奈）
283活动剧情\World×Code\密室で×殺人×犯人を当てる-探偵（甘奈）.csv,8,4901021100050,甘奈,……因为我能了解啊,283活动剧情,World×Code,密室で×殺人×犯人を当てる-探偵（甘奈）
283活动剧情\World×Code\密室で×殺人×犯人を当てる-探偵（甘奈）.csv,9,4901021100060,甘奈,你的心情,283活动剧情,World×Code,密室で×殺人×犯人を当てる-探偵（甘奈）
283活动剧情\World×Code\屋敷で×軍人×敵対-敵対ロマンス（甘奈）.csv,3,4901021420010,甘奈,"……谢谢……
尽管很想这么说……",283活动剧情,World×Code,屋敷で×軍人×敵対-敵対ロマンス（甘奈）
283活动剧情\World×Code\屋敷で×軍人×敵対-敵対ロマンス（甘奈）.csv,4,4901021420020,甘奈,"现在就算被你夸奖了……
也完全高兴不起来啊……",283活动剧情,World×Code,屋敷で×軍人×敵対-敵対ロマンス（甘奈）
283活动剧情\World×Code\屋敷で×軍人×敵対-敵対ロマンス（甘奈）.csv,5,4901021420030,甘奈,"……呐……我们……
不论如何都注定是这样的命运吗……？",283活动剧情,World×Code,屋敷で×軍人×敵対-敵対ロマンス（甘奈）
283活动剧情\World×Code\屋敷で×軍人×敵対-敵対ロマンス（甘奈）.csv,8,4901021420040,甘奈,,283活动剧情,World×Code,屋敷で×軍人×敵対-敵対ロマンス（甘奈）
283活动剧情\World×Code\屋敷で×軍人×敵対-敵対ロマンス（甘奈）.csv,11,4901021420050,甘奈,…………甘奈,283活动剧情,World×Code,屋敷で×軍人×敵対-敵対ロマンス（甘奈）
283活动剧情\World×Code\屋敷で×軍人×敵対-敵対ロマンス（甘奈）.csv,12,4901021420060,甘奈,"并不知道过去的选择
是否全都是正确的……但是",283活动剧情,World×Code,屋敷で×軍人×敵対-敵対ロマンス（甘奈）
283活动剧情\World×Code\屋敷で×軍人×敵対-敵対ロマンス（甘奈）.csv,13,4901021420070,甘奈,现在肯定是不会错的,283活动剧情,World×Code,屋敷で×軍人×敵対-敵対ロマンス（甘奈）
283活动剧情\World×Code\屋敷で×軍人×敵対-敵対ロマンス（甘奈）.csv,14,4901021420080,甘奈,"……要一直
……在一起哦",283活动剧情,World×Code,屋敷で×軍人×敵対-敵対ロマンス（甘奈）
283活动剧情\YOUR MY Love letter\序章-I am..csv,66,4001047010010,甘奈,"“是的是的──！　
是甘奈特别重要的人☆”",283活动剧情,YOUR MY Love letter,序章-I am.
283活动剧情\YOUR MY Love letter\序章-I am..csv,67,4001047010020,甘奈,“已经准备好叫她们了吗！？”,283活动剧情,YOUR MY Love letter,序章-I am.
283活动剧情\YOUR MY Love letter\序章-I am..csv,70,4001047010030,甘奈,“欸嘿嘿……！”,283活动剧情,YOUR MY Love letter,序章-I am.
283活动剧情\YOUR MY Love letter\序章-I am..csv,71,4001047010040,甘奈,“那么，赶紧……！”,283活动剧情,YOUR MY Love letter,序章-I am.
283活动剧情\YOUR MY Love letter\序章-I am..csv,74,4001047010050,甘奈,"“甜花！　千雪！
请出来～！”",283活动剧情,YOUR MY Love letter,序章-I am.
283活动剧情\YOUR MY Love letter\序章-I am..csv,76,4001047010060,甘奈,“那么！　让我们重新打个招呼”,283活动剧情,YOUR MY Love letter,序章-I am.
283活动剧情\YOUR MY Love letter\序章-I am..csv,78,4001047010070,甘奈,“三个人一起就是～～～～？”,283活动剧情,YOUR MY Love letter,序章-I am.
283活动剧情\YOUR MY Love letter\第4话-off stage.csv,108,4001047050250,甘奈,哈……哈————,283活动剧情,YOUR MY Love letter,第4话-off stage
283活动剧情\YOUR MY Love letter\第4话-off stage.csv,109,4001047050260,甘奈,（呼吸，还是白白的……）,283活动剧情,YOUR MY Love letter,第4话-off stage
283活动剧情\YOUR MY Love letter\第4话-off stage.csv,110,4001047050270,甘奈,"（之前把外套收起来，
是不是太早了）",283活动剧情,YOUR MY Love letter,第4话-off stage
283活动剧情\YOUR MY Love letter\第4话-off stage.csv,111,4001047050280,甘奈,（还以为差不多变暖了……）,283活动剧情,YOUR MY Love letter,第4话-off stage
283活动剧情\YOUR MY Love letter\第4话-off stage.csv,112,4001047050290,甘奈,（晚上还是有点……）,283活动剧情,YOUR MY Love letter,第4话-off stage
283活动剧情\YOUR MY Love letter\第4话-off stage.csv,113,4001047050300,甘奈,“到练习室了～！”,283活动剧情,YOUR MY Love letter,第4话-off stage
283活动剧情\YOUR MY Love letter\第4话-off stage.csv,116,4001047050330,甘奈,“嗯”,283活动剧情,YOUR MY Love letter,第4话-off stage
283活动剧情\YOUR MY Love letter\第4话-off stage.csv,117,4001047050340,甘奈,“晚饭不用等我了”,283活动剧情,YOUR MY Love letter,第4话-off stage
283活动剧情\YOUR MY Love letter\第4话-off stage.csv,119,4001047050360,甘奈,“刚才吃了能量沙拉没问题！”,283活动剧情,YOUR MY Love letter,第4话-off stage
283活动剧情\YOUR MY Love letter\第4话-off stage.csv,120,4001047050370,甘奈,"“快看快看～！
一个人包场了～”",283活动剧情,YOUR MY Love letter,第4话-off stage
283活动剧情\YOUR MY Love letter\第4话-off stage.csv,123,4001047050400,甘奈,“好的！  谢谢！”,283活动剧情,YOUR MY Love letter,第4话-off stage
283活动剧情\YOUR MY Love letter\第4话-off stage.csv,125,4001047050420,甘奈,“嗯！”,283活动剧情,YOUR MY Love letter,第4话-off stage
283活动剧情\YOUR MY Love letter\第4话-off stage.csv,126,4001047050430,甘奈,“能收到甜花的加油，太好了”,283活动剧情,YOUR MY Love letter,第4话-off stage
283活动剧情\YOUR MY Love letter\第4话-off stage.csv,127,4001047050440,甘奈,“现在暖和多了～！”,283活动剧情,YOUR MY Love letter,第4话-off stage
283活动剧情\YOUR MY Love letter\第4话-off stage.csv,128,4001047050450,甘奈,那么，等我回去的时候……再联系吧,283活动剧情,YOUR MY Love letter,第4话-off stage
283活动剧情\YOUR MY Love letter\第4话-off stage.csv,129,4001047050460,甘奈,,283活动剧情,YOUR MY Love letter,第4话-off stage
283活动剧情\YOUR MY Love letter\第4话-off stage.csv,130,4001047050470,甘奈,……哈………,283活动剧情,YOUR MY Love letter,第4话-off stage
283活动剧情\YOUR MY Love letter\第4话-off stage.csv,131,4001047050480,甘奈,（大家都在支持着甘奈）,283活动剧情,YOUR MY Love letter,第4话-off stage
283活动剧情\YOUR MY Love letter\第4话-off stage.csv,132,4001047050490,甘奈,"（如果我诉苦的话，
也会好好的听我说完）",283活动剧情,YOUR MY Love letter,第4话-off stage
283活动剧情\YOUR MY Love letter\第4话-off stage.csv,133,4001047050500,甘奈,（也会说很多，能安慰甘奈的话）,283活动剧情,YOUR MY Love letter,第4话-off stage
283活动剧情\YOUR MY Love letter\第4话-off stage.csv,134,4001047050510,甘奈,所以，不可以这样,283活动剧情,YOUR MY Love letter,第4话-off stage
283活动剧情\YOUR MY Love letter\第4话-off stage.csv,135,4001047050520,甘奈,因为会不自觉的变得想去撒娇,283活动剧情,YOUR MY Love letter,第4话-off stage
283活动剧情\YOUR MY Love letter\第4话-off stage.csv,136,4001047050530,甘奈,现在的甘奈————,283活动剧情,YOUR MY Love letter,第4话-off stage
283活动剧情\YOUR MY Love letter\第4话-off stage.csv,137,4001047050540,甘奈,……自己,283活动剧情,YOUR MY Love letter,第4话-off stage
283活动剧情\YOUR MY Love letter\第4话-off stage.csv,138,4001047050550,甘奈,……能鼓励自己的人，想变成这样,283活动剧情,YOUR MY Love letter,第4话-off stage
283活动剧情\YOUR MY Love letter\第4话-off stage.csv,139,4001047050560,甘奈,,283活动剧情,YOUR MY Love letter,第4话-off stage
283活动剧情\YOUR MY Love letter\第4话-off stage.csv,140,4001047050570,甘奈,也别依赖空调……！,283活动剧情,YOUR MY Love letter,第4话-off stage
283活动剧情\YOUR MY Love letter\第4话-off stage.csv,141,4001047050580,甘奈,站起来，甘奈……！,283活动剧情,YOUR MY Love letter,第4话-off stage
283活动剧情\YOUR MY Love letter\第4话-off stage.csv,142,4001047050590,甘奈,先从热身开始吧！,283活动剧情,YOUR MY Love letter,第4话-off stage
283活动剧情\YOUR MY Love letter\第4话-off stage.csv,143,4001047050600,甘奈,开始吧～────！,283活动剧情,YOUR MY Love letter,第4话-off stage
283活动剧情\YOUR MY Love letter\第5话-good night.csv,97,4001047060160,甘奈,努力了不一定就有结果,283活动剧情,YOUR MY Love letter,第5话-good night
283活动剧情\YOUR MY Love letter\第5话-good night.csv,98,4001047060170,甘奈,"不管怎么样努力
都会有触碰不到目标的时候",283活动剧情,YOUR MY Love letter,第5话-good night
283活动剧情\YOUR MY Love letter\第5话-good night.csv,99,4001047060180,甘奈,但是，正因如此才要继续下去,283活动剧情,YOUR MY Love letter,第5话-good night
283活动剧情\YOUR MY Love letter\第5话-good night.csv,100,4001047060190,甘奈,……得继续下去,283活动剧情,YOUR MY Love letter,第5话-good night
283活动剧情\YOUR MY Love letter\第5话-good night.csv,101,4001047060200,甘奈,"日常这种东西，
为什么会把人追得这么紧呢",283活动剧情,YOUR MY Love letter,第5话-good night
283活动剧情\YOUR MY Love letter\第6话-present.csv,6,4001047070050,甘奈,晚上好，我是大崎甘奈！,283活动剧情,YOUR MY Love letter,第6话-present
283活动剧情\YOUR MY Love letter\第6话-present.csv,8,4001047070070,甘奈,打扰了,283活动剧情,YOUR MY Love letter,第6话-present
283活动剧情\YOUR MY Love letter\第6话-present.csv,20,4001047070190,甘奈,欸嘿嘿……！,283活动剧情,YOUR MY Love letter,第6话-present
283活动剧情\YOUR MY Love letter\第6话-present.csv,24,4001047070220,甘奈,————那么，下一封来信是……,283活动剧情,YOUR MY Love letter,第6话-present
283活动剧情\YOUR MY Love letter\第6话-present.csv,44,4001047070420,甘奈,,283活动剧情,YOUR MY Love letter,第6话-present
283活动剧情\YOUR MY Love letter\第6话-present.csv,49,4001047070470,甘奈,嗯……,283活动剧情,YOUR MY Love letter,第6话-present
283活动剧情\YOUR MY Love letter\第6话-present.csv,50,4001047070480,甘奈,"就跟信里说的一样，
您的女儿一定是在非常需要努力的时期",283活动剧情,YOUR MY Love letter,第6话-present
283活动剧情\YOUR MY Love letter\第6话-present.csv,51,4001047070490,甘奈,“非常，非常……的去努力”,283活动剧情,YOUR MY Love letter,第6话-present
283活动剧情\YOUR MY Love letter\第6话-present.csv,52,4001047070500,甘奈,“因为不想被担心，所以现在可能没怎么联络……”,283活动剧情,YOUR MY Love letter,第6话-present
283活动剧情\YOUR MY Love letter\第6话-present.csv,53,4001047070510,甘奈,“也许是积累了许多好消息也说不定……”,283活动剧情,YOUR MY Love letter,第6话-present
283活动剧情\YOUR MY Love letter\第6话-present.csv,54,4001047070520,甘奈,"“所以，能被无名先生守望着
女儿一定也很开心吧”",283活动剧情,YOUR MY Love letter,第6话-present
283活动剧情\YOUR MY Love letter\第6话-present.csv,156,4001047070820,甘奈,“就算没有直接的传达到”,283活动剧情,YOUR MY Love letter,第6话-present
283活动剧情\YOUR MY Love letter\第6话-present.csv,159,4001047070850,甘奈,“转了一圈又一圈也一定会传达到”,283活动剧情,YOUR MY Love letter,第6话-present
283活动剧情\YOUR MY Love letter\第6话-present.csv,175,4001047070880,甘奈,“传达到”,283活动剧情,YOUR MY Love letter,第6话-present
283活动剧情\YOUR MY Love letter\第6话-present.csv,188,4001047070910,甘奈,“绽放吧”,283活动剧情,YOUR MY Love letter,第6话-present
283活动剧情\YOUR MY Love letter\终章-You are..csv,89,4001047080050,甘奈,"要去跑步哦～
虽然只是小跑一会儿",283活动剧情,YOUR MY Love letter,终章-You are.
283活动剧情\YOUR MY Love letter\终章-You are..csv,91,4001047080070,甘奈,嗯！  没打算跑到很远的地方,283活动剧情,YOUR MY Love letter,终章-You are.
283活动剧情\YOUR MY Love letter\终章-You are..csv,93,4001047080090,甘奈,欸嘿嘿，跑起来的话就没问题☆,283活动剧情,YOUR MY Love letter,终章-You are.
283活动剧情\YOUR MY Love letter\终章-You are..csv,95,4001047080110,甘奈,"制作人等会要过来吧？
那么，甜花得在家里才行呢！",283活动剧情,YOUR MY Love letter,终章-You are.
283活动剧情\YOUR MY Love letter\终章-You are..csv,96,4001047080120,甘奈,……没关系的,283活动剧情,YOUR MY Love letter,终章-You are.
283活动剧情\YOUR MY Love letter\终章-You are..csv,97,4001047080130,甘奈,……行吧？,283活动剧情,YOUR MY Love letter,终章-You are.
283活动剧情\YOUR MY Love letter\终章-You are..csv,99,4001047080150,甘奈,"回来的时候去便利店顺便买些什么，
有什么想要的吗?",283活动剧情,YOUR MY Love letter,终章-You are.
283活动剧情\YOUR MY Love letter\终章-You are..csv,162,4001047080370,甘奈,“嘀”,283活动剧情,YOUR MY Love letter,终章-You are.
283活动剧情\YOUR MY Love letter\终章-You are..csv,165,4001047080400,甘奈,“嘀”,283活动剧情,YOUR MY Love letter,终章-You are.
283活动剧情\きよしこの夜、プレゼン・フォー・ユー！\13_32 PM.csv,95,4001019020880,甘奈,“呀……！”,283活动剧情,きよしこの夜、プレゼン・フォー・ユー！,13_32 PM
283活动剧情\きよしこの夜、プレゼン・フォー・ユー！\14_11 PM.csv,4,4001019030030,甘奈,————痛痛痛……,283活动剧情,きよしこの夜、プレゼン・フォー・ユー！,14_11 PM
283活动剧情\きよしこの夜、プレゼン・フォー・ユー！\14_11 PM.csv,6,4001019030050,甘奈,"嗯，嗯……没事……
也谢谢工作人员了……",283活动剧情,きよしこの夜、プレゼン・フォー・ユー！,14_11 PM
283活动剧情\きよしこの夜、プレゼン・フォー・ユー！\14_11 PM.csv,7,4001019030060,甘奈,……对不起，礼物……,283活动剧情,きよしこの夜、プレゼン・フォー・ユー！,14_11 PM
283活动剧情\きよしこの夜、プレゼン・フォー・ユー！\14_11 PM.csv,14,4001019030130,甘奈,"——好……
那边有10个……——",283活动剧情,きよしこの夜、プレゼン・フォー・ユー！,14_11 PM
283活动剧情\きよしこの夜、プレゼン・フォー・ユー！\14_11 PM.csv,15,4001019030140,甘奈,"——咦，咦……？
礼物，到底有几个",283活动剧情,きよしこの夜、プレゼン・フォー・ユー！,14_11 PM
283活动剧情\きよしこの夜、プレゼン・フォー・ユー！\14_11 PM.csv,18,4001019030170,甘奈,"诶，嗯……
好像，多了一个……？",283活动剧情,きよしこの夜、プレゼン・フォー・ユー！,14_11 PM
283活动剧情\きよしこの夜、プレゼン・フォー・ユー！\14_11 PM.csv,20,4001019030190,甘奈,好像，有21个礼物,283活动剧情,きよしこの夜、プレゼン・フォー・ユー！,14_11 PM
283活动剧情\きよしこの夜、プレゼン・フォー・ユー！\14_11 PM.csv,27,4001019030250,甘奈,——啊,283活动剧情,きよしこの夜、プレゼン・フォー・ユー！,14_11 PM
283活动剧情\きよしこの夜、プレゼン・フォー・ユー！\14_11 PM.csv,28,4001019030260,甘奈,这样的话，根本分不清哪个是哪个！,283活动剧情,きよしこの夜、プレゼン・フォー・ユー！,14_11 PM
283活动剧情\きよしこの夜、プレゼン・フォー・ユー！\14_11 PM.csv,31,4001019030290,甘奈,"无线电吗？
——咦，消失了",283活动剧情,きよしこの夜、プレゼン・フォー・ユー！,14_11 PM
283活动剧情\きよしこの夜、プレゼン・フォー・ユー！\14_11 PM.csv,37,4001019030350,甘奈,还跑出了不错的成绩呢！,283活动剧情,きよしこの夜、プレゼン・フォー・ユー！,14_11 PM
283活动剧情\きよしこの夜、プレゼン・フォー・ユー！\14_11 PM.csv,40,4001019030380,甘奈,——就好像，在更上面的星星那样——,283活动剧情,きよしこの夜、プレゼン・フォー・ユー！,14_11 PM
283活动剧情\きよしこの夜、プレゼン・フォー・ユー！\14_11 PM.csv,41,4001019030390,甘奈,"我想把之后的大家要跑的路
照耀地亮亮晶晶的☆",283活动剧情,きよしこの夜、プレゼン・フォー・ユー！,14_11 PM
283活动剧情\きよしこの夜、プレゼン・フォー・ユー！\14_11 PM.csv,44,4001019030411,灯織＆果穂＆甘奈,一等星组！,283活动剧情,きよしこの夜、プレゼン・フォー・ユー！,14_11 PM
283活动剧情\きよしこの夜、プレゼン・フォー・ユー！\14_11 PM.csv,48,4001019030430,甘奈,摩美美……,283活动剧情,きよしこの夜、プレゼン・フォー・ユー！,14_11 PM
283活动剧情\きよしこの夜、プレゼン・フォー・ユー！\14_11 PM.csv,56,4001019030510,甘奈,知道了！　跑吧,283活动剧情,きよしこの夜、プレゼン・フォー・ユー！,14_11 PM
283活动剧情\きよしこの夜、プレゼン・フォー・ユー！\14_11 PM.csv,57,4001019030520,甘奈,拖延的时间，得补回来☆,283活动剧情,きよしこの夜、プレゼン・フォー・ユー！,14_11 PM
283活动剧情\きよしこの夜、プレゼン・フォー・ユー！\14_11 PM.csv,81,4001019030740,甘奈,"……呜……哈……
——抱歉……是甘奈……！",283活动剧情,きよしこの夜、プレゼン・フォー・ユー！,14_11 PM
283活动剧情\きよしこの夜、プレゼン・フォー・ユー！\14_11 PM.csv,83,4001019030760,甘奈,"不……不行不行……！
这样的话……！",283活动剧情,きよしこの夜、プレゼン・フォー・ユー！,14_11 PM
283活动剧情\きよしこの夜、プレゼン・フォー・ユー！\14_11 PM.csv,84,4001019030770,甘奈,制作人……还在等……,283活动剧情,きよしこの夜、プレゼン・フォー・ユー！,14_11 PM
283活动剧情\きよしこの夜、プレゼン・フォー・ユー！\14_11 PM.csv,86,4001019030790,甘奈,"计划书……国外的外景……
要大家一起……",283活动剧情,きよしこの夜、プレゼン・フォー・ユー！,14_11 PM
283活动剧情\きよしこの夜、プレゼン・フォー・ユー！\14_11 PM.csv,90,4001019030830,甘奈,——诶……果穗……,283活动剧情,きよしこの夜、プレゼン・フォー・ユー！,14_11 PM
283活动剧情\きよしこの夜、プレゼン・フォー・ユー！\14_11 PM.csv,94,4001019030870,甘奈,…………那个……,283活动剧情,きよしこの夜、プレゼン・フォー・ユー！,14_11 PM
283活动剧情\きよしこの夜、プレゼン・フォー・ユー！\14_11 PM.csv,97,4001019030900,甘奈,…………,283活动剧情,きよしこの夜、プレゼン・フォー・ユー！,14_11 PM
283活动剧情\きよしこの夜、プレゼン・フォー・ユー！\14_11 PM.csv,98,4001019030910,甘奈,"对了……
手……！",283活动剧情,きよしこの夜、プレゼン・フォー・ユー！,14_11 PM
283活动剧情\きよしこの夜、プレゼン・フォー・ユー！\14_11 PM.csv,99,4001019030920,甘奈,我想试试　“乓”☆……！,283活动剧情,きよしこの夜、プレゼン・フォー・ユー！,14_11 PM
283活动剧情\きよしこの夜、プレゼン・フォー・ユー！\14_11 PM.csv,104,4001019030970,甘奈,谢谢你们……诶嘿嘿—……,283活动剧情,きよしこの夜、プレゼン・フォー・ユー！,14_11 PM
283活动剧情\きよしこの夜、プレゼン・フォー・ユー！\14_11 PM.csv,105,4001019030980,甘奈,"明明是一等星……
却能……看到两颗……",283活动剧情,きよしこの夜、プレゼン・フォー・ユー！,14_11 PM
283活动剧情\きよしこの夜、プレゼン・フォー・ユー！\14_11 PM.csv,106,4001019030990,甘奈,——“乓”☆,283活动剧情,きよしこの夜、プレゼン・フォー・ユー！,14_11 PM
283活动剧情\きよしこの夜、プレゼン・フォー・ユー！\16_57 PM.csv,4,4001019060030,甘奈,"这个区间，能到机场附近吧
总算靠近终点了！",283活动剧情,きよしこの夜、プレゼン・フォー・ユー！,16_57 PM
283活动剧情\きよしこの夜、プレゼン・フォー・ユー！\16_57 PM.csv,5,4001019060040,甘奈,"河川汇流进大海，
真的超棒的☆",283活动剧情,きよしこの夜、プレゼン・フォー・ユー！,16_57 PM
283活动剧情\きよしこの夜、プレゼン・フォー・ユー！\16_57 PM.csv,18,4001019060170,甘奈,"就差一点了！
加油！",283活动剧情,きよしこの夜、プレゼン・フォー・ユー！,16_57 PM
283活动剧情\きよしこの夜、プレゼン・フォー・ユー！\17_46 PM.csv,31,4001019070280,甘奈,"“虽然有点早，
不过我们来到转播车上了☆”",283活动剧情,きよしこの夜、プレゼン・フォー・ユー！,17_46 PM
283活动剧情\きよしこの夜、プレゼン・フォー・ユー！\17_46 PM.csv,84,4001019070760,甘奈,"加油！
就差一点，就差一点了！",283活动剧情,きよしこの夜、プレゼン・フォー・ユー！,17_46 PM
283活动剧情\きよしこの夜、プレゼン・フォー・ユー！\added time アマクナイヨル.csv,74,4001019080610,甘奈,一路顺风……！,283活动剧情,きよしこの夜、プレゼン・フォー・ユー！,added time アマクナイヨル
283活动剧情\よっつのものがたり\よっつのものがたり01.csv,3,4001086010010,甘奈,"啊，爸爸
已经打扫完了吗？",283活动剧情,よっつのものがたり,よっつのものがたり01
283活动剧情\よっつのものがたり\よっつのものがたり01.csv,5,4001086010020,甘奈,"不不！
还有杂志什么的要整理所以没关系！",283活动剧情,よっつのものがたり,よっつのものがたり01
283活动剧情\よっつのものがたり\よっつのものがたり01.csv,7,4001086010030,甘奈,谢谢！,283活动剧情,よっつのものがたり,よっつのものがたり01
283活动剧情\よっつのものがたり\よっつのものがたり01.csv,8,4001086010040,甘奈,（这本……已经看得差不多了吧）,283活动剧情,よっつのものがたり,よっつのものがたり01
283活动剧情\よっつのものがたり\よっつのものがたり01.csv,9,4001086010050,甘奈,"（……
好像还剩一点……）",283活动剧情,よっつのものがたり,よっつのものがたり01
283活动剧情\よっつのものがたり\よっつのものがたり01.csv,10,4001086010060,甘奈,"……？
笔记……？",283活动剧情,よっつのものがたり,よっつのものがたり01
283活动剧情\よっつのものがたり\よっつのものがたり01.csv,11,4001086010070,甘奈,『终于买到啦，看中好久的大衣！』,283活动剧情,よっつのものがたり,よっつのものがたり01
283活动剧情\よっつのものがたり\よっつのものがたり01.csv,12,4001086010080,甘奈,"『只剩最后一件了，还是半价
太走运啦—！』",283活动剧情,よっつのものがたり,よっつのものがたり01
283活动剧情\よっつのものがたり\よっつのものがたり01.csv,13,4001086010090,甘奈,『要怎么搭配好呢—』,283活动剧情,よっつのものがたり,よっつのものがたり01
283活动剧情\よっつのものがたり\よっつのものがたり01.csv,14,4001086010100,甘奈,,283活动剧情,よっつのものがたり,よっつのものがたり01
283活动剧情\よっつのものがたり\よっつのものがたり01.csv,15,4001086010110,甘奈,"『好耶！　甘奈合格了！
真是太开心了！』",283活动剧情,よっつのものがたり,よっつのものがたり01
283活动剧情\よっつのものがたり\よっつのものがたり01.csv,16,4001086010120,甘奈,,283活动剧情,よっつのものがたり,よっつのものがたり01
283活动剧情\よっつのものがたり\よっつのものがたり01.csv,17,4001086010130,甘奈,"『不过，更令人开心的是……
甜花也合格了！』",283活动剧情,よっつのものがたり,よっつのものがたり01
283活动剧情\よっつのものがたり\よっつのものがたり01.csv,18,4001086010140,甘奈,"『两个人一起穿上漂亮的衣服
两个人一起在舞台上唱歌跳舞』",283活动剧情,よっつのものがたり,よっつのものがたり01
283活动剧情\よっつのものがたり\よっつのものがたり01.csv,19,4001086010150,甘奈,『光想想就好兴奋』,283活动剧情,よっつのものがたり,よっつのものがたり01
283活动剧情\よっつのものがたり\よっつのものがたり01.csv,20,4001086010160,甘奈,『283Pro好像很多时候是以组合的形式开展活动的！』,283活动剧情,よっつのものがたり,よっつのものがたり01
283活动剧情\よっつのものがたり\よっつのものがたり01.csv,21,4001086010170,甘奈,"『甘奈和甜花的组合……
要取什么名字好呢』",283活动剧情,よっつのものがたり,よっつのものがたり01
283活动剧情\よっつのものがたり\よっつのものがたり01.csv,22,4001086010180,甘奈,『甘甜双子』,283活动剧情,よっつのものがたり,よっつのものがたり01
283活动剧情\よっつのものがたり\よっつのものがたり01.csv,23,4001086010190,甘奈,,283活动剧情,よっつのものがたり,よっつのものがたり01
283活动剧情\よっつのものがたり\よっつのものがたり01.csv,24,4001086010200,甘奈,『会是这样的名字吗！　好期待！』,283活动剧情,よっつのものがたり,よっつのものがたり01
283活动剧情\よっつのものがたり\よっつのものがたり01.csv,25,4001086010210,甘奈,——……一切都是从这里开始的吧,283活动剧情,よっつのものがたり,よっつのものがたり01
283活动剧情\よっつのものがたり\よっつのものがたり01.csv,33,4001086010241,甘奈＆プロデューサー,……怎么了？,283活动剧情,よっつのものがたり,よっつのものがたり01
283活动剧情\よっつのものがたり\よっつのものがたり01.csv,52,4001086010350,甘奈,"诶……？
呃……",283活动剧情,よっつのものがたり,よっつのものがたり01
283活动剧情\よっつのものがたり\よっつのものがたり01.csv,53,4001086010360,甘奈,"有好多东西能写
还真不好说……！",283活动剧情,よっつのものがたり,よっつのものがたり01
283活动剧情\よっつのものがたり\よっつのものがたり03.csv,78,4001086030610,甘奈,"诶……
真的吗……！？",283活动剧情,よっつのものがたり,よっつのものがたり03
283活动剧情\よっつのものがたり\よっつのものがたり03.csv,81,4001086030640,甘奈,……没在逞强吧？,283活动剧情,よっつのものがたり,よっつのものがたり03
283活动剧情\よっつのものがたり\よっつのものがたり03.csv,83,4001086030660,甘奈,"……
是吗……",283活动剧情,よっつのものがたり,よっつのものがたり03
283活动剧情\よっつのものがたり\よっつのものがたり03.csv,84,4001086030670,甘奈,"……
会是一个什么样的人呢……？",283活动剧情,よっつのものがたり,よっつのものがたり03
283活动剧情\よっつのものがたり\よっつのものがたり03.csv,108,4001086030850,甘奈,"（对甘奈来说──
ALSTROEMERIA的故事…………──）",283活动剧情,よっつのものがたり,よっつのものがたり03
283活动剧情\よっつのものがたり\よっつのものがたり03.csv,109,4001086030860,甘奈,……,283活动剧情,よっつのものがたり,よっつのものがたり03
283活动剧情\よっつのものがたり\よっつのものがたり04.csv,2,4001086040010,甘奈,,283活动剧情,よっつのものがたり,よっつのものがたり04
283活动剧情\よっつのものがたり\よっつのものがたり04.csv,3,4001086040020,甘奈,"（那时的甘奈啊——…… 
满脑子只想着和甜花两个人的事情）",283活动剧情,よっつのものがたり,よっつのものがたり04
283活动剧情\よっつのものがたり\よっつのものがたり04.csv,4,4001086040030,甘奈,（────组合什么的……）,283活动剧情,よっつのものがたり,よっつのものがたり04
283活动剧情\よっつのものがたり\よっつのものがたり04.csv,5,4001086040040,甘奈,,283活动剧情,よっつのものがたり,よっつのものがたり04
283活动剧情\よっつのものがたり\よっつのものがたり04.csv,7,4001086040060,甘奈,"啊……！
欢迎回来甜花！　去哪里啦？",283活动剧情,よっつのものがたり,よっつのものがたり04
283活动剧情\よっつのものがたり\よっつのものがたり04.csv,9,4001086040080,甘奈,好厉—害！,283活动剧情,よっつのものがたり,よっつのものがたり04
283活动剧情\よっつのものがたり\よっつのものがたり04.csv,13,4001086040120,甘奈,"唔……
稍微有点……！",283活动剧情,よっつのものがたり,よっつのものがたり04
283活动剧情\よっつのものがたり\よっつのものがたり04.csv,21,4001086040200,甘奈,"说得也是……
我会考虑看看的！",283活动剧情,よっつのものがたり,よっつのものがたり04
283活动剧情\よっつのものがたり\よっつのものがたり04.csv,22,4001086040210,甘奈,谢谢啊，甜花！,283活动剧情,よっつのものがたり,よっつのものがたり04
283活动剧情\よっつのものがたり\よっつのものがたり04.csv,24,4001086040230,甘奈,,283活动剧情,よっつのものがたり,よっつのものがたり04
283活动剧情\よっつのものがたり\よっつのものがたり04.csv,25,4001086040240,甘奈,,283活动剧情,よっつのものがたり,よっつのものがたり04
283活动剧情\よっつのものがたり\よっつのものがたり04.csv,26,4001086040250,甘奈,"啊……
制作人，辛苦了……！",283活动剧情,よっつのものがたり,よっつのものがたり04
283活动剧情\よっつのものがたり\よっつのものがたり04.csv,27,4001086040260,甘奈,"……没事……
其实甘奈也正想联系您呢……！",283活动剧情,よっつのものがたり,よっつのものがたり04
283活动剧情\よっつのものがたり\よっつのものがたり04.csv,28,4001086040270,甘奈,"……对不起，让您担心了……
毕竟快到截止日期了嘛……",283活动剧情,よっつのものがたり,よっつのものがたり04
283活动剧情\よっつのものがたり\よっつのものがたり04.csv,29,4001086040280,甘奈,……谢谢,283活动剧情,よっつのものがたり,よっつのものがたり04
283活动剧情\よっつのものがたり\よっつのものがたり04.csv,30,4001086040290,甘奈,"……那就承蒙好意
占用您一点时间可以吗？",283活动剧情,よっつのものがたり,よっつのものがたり04
283活动剧情\よっつのものがたり\よっつのものがたり04.csv,31,4001086040300,甘奈,有些事想和您说说,283活动剧情,よっつのものがたり,よっつのものがたり04
283活动剧情\よっつのものがたり\よっつのものがたり04.csv,32,4001086040310,甘奈,……,283活动剧情,よっつのものがたり,よっつのものがたり04
283活动剧情\よっつのものがたり\よっつのものがたり04.csv,35,4001086040320,甘奈,"怎，怎么会……！
该道歉的是甘奈……！",283活动剧情,よっつのものがたり,よっつのものがたり04
283活动剧情\よっつのものがたり\よっつのものがたり04.csv,37,4001086040330,甘奈,"嗯，没事
我就是来商量这个的……！",283活动剧情,よっつのものがたり,よっつのものがたり04
283活动剧情\よっつのものがたり\よっつのものがたり04.csv,38,4001086040340,甘奈,"关于甘奈以前的事
制作人还记得吗？",283活动剧情,よっつのものがたり,よっつのものがたり04
283活动剧情\よっつのものがたり\よっつのものがたり04.csv,41,4001086040350,甘奈,"『甘奈未必真的想当偶像』这句话……
您应该不记得了吧……？",283活动剧情,よっつのものがたり,よっつのものがたり04
283活动剧情\よっつのものがたり\よっつのものがたり04.csv,44,4001086040360,甘奈,……谢谢,283活动剧情,よっつのものがたり,よっつのものがたり04
283活动剧情\よっつのものがたり\よっつのものがたり04.csv,45,4001086040370,甘奈,但，不仅仅是这件事,283活动剧情,よっつのものがたり,よっつのものがたり04
283活动剧情\よっつのものがたり\よっつのものがたり04.csv,47,4001086040380,甘奈,"自己明明说过
想把甜花的可爱之处展现给所有人……",283活动剧情,よっつのものがたり,よっつのものがたり04
283活动剧情\よっつのものがたり\よっつのものがたり04.csv,48,4001086040390,甘奈,"可看到她那么拼命努力，
反而害怕起她会离开甘奈身边……",283活动剧情,よっつのものがたり,よっつのものがたり04
283活动剧情\よっつのものがたり\よっつのものがたり04.csv,49,4001086040400,甘奈,于是变得越来越不安，甚至无法衷心地为她高兴……,283活动剧情,よっつのものがたり,よっつのものがたり04
283活动剧情\よっつのものがたり\よっつのものがたり04.csv,50,4001086040410,甘奈,还恐惧着两个人的关系会因此改变……,283活动剧情,よっつのものがたり,よっつのものがたり04
283活动剧情\よっつのものがたり\よっつのものがたり04.csv,51,4001086040420,甘奈,"现在想来，
这就是所谓的以自己为中心吧",283活动剧情,よっつのものがたり,よっつのものがたり04
283活动剧情\よっつのものがたり\よっつのものがたり04.csv,53,4001086040430,甘奈,在得知要成立组合的时候也是……,283活动剧情,よっつのものがたり,よっつのものがたり04
283活动剧情\よっつのものがたり\よっつのものがたり04.csv,54,4001086040440,甘奈,"那时的甘奈满心只想着
『和甜花两个人的组合就够了』",283活动剧情,よっつのものがたり,よっつのものがたり04
283活动剧情\よっつのものがたり\よっつのものがたり04.csv,55,4001086040450,甘奈,"所以当甜花说
不是双人组合也没关系的时候",283活动剧情,よっつのものがたり,よっつのものがたり04
283活动剧情\よっつのものがたり\よっつのものがたり04.csv,56,4001086040460,甘奈,甘奈心里……有些五味杂陈……,283活动剧情,よっつのものがたり,よっつのものがたり04
283活动剧情\よっつのものがたり\よっつのものがたり04.csv,57,4001086040470,甘奈,对甜花，对千雪姐……,283活动剧情,よっつのものがたり,よっつのものがたり04
283活动剧情\よっつのものがたり\よっつのものがたり04.csv,58,4001086040480,甘奈,"乃至为我们费心筹划的制作人
都是非常失礼的",283活动剧情,よっつのものがたり,よっつのものがたり04
283活动剧情\よっつのものがたり\よっつのものがたり04.csv,61,4001086040490,甘奈,诶……？,283活动剧情,よっつのものがたり,よっつのものがたり04
283活动剧情\よっつのものがたり\よっつのものがたり04.csv,65,4001086040500,甘奈,……！,283活动剧情,よっつのものがたり,よっつのものがたり04
283活动剧情\よっつのものがたり\よっつのものがたり04.csv,66,4001086040510,甘奈,……,283活动剧情,よっつのものがたり,よっつのものがたり04
283活动剧情\よっつのものがたり\よっつのものがたり04.csv,67,4001086040520,甘奈,"谢谢您，制作人
甘奈决定好了",283活动剧情,よっつのものがたり,よっつのものがたり04
283活动剧情\よっつのものがたり\よっつのものがたり05.csv,2,4001086050010,甘奈,,283活动剧情,よっつのものがたり,よっつのものがたり05
283活动剧情\よっつのものがたり\よっつのものがたり05.csv,3,4001086050020,甘奈,,283活动剧情,よっつのものがたり,よっつのものがたり05
283活动剧情\よっつのものがたり\よっつのものがたり05.csv,4,4001086050030,甘奈,"（不能一个劲地只想着……
怎样才能写得好看……）",283活动剧情,よっつのものがたり,よっつのものがたり05
283活动剧情\よっつのものがたり\よっつのものがたり05.csv,5,4001086050040,甘奈,"（总之……
先写点什么……！）",283活动剧情,よっつのものがたり,よっつのものがたり05
283活动剧情\よっつのものがたり\よっつのものがたり05.csv,6,4001086050050,甘奈,"『如果要用一个词来描述
刚刚成为偶像的自己』",283活动剧情,よっつのものがたり,よっつのものがたり05
283活动剧情\よっつのものがたり\よっつのものがたり05.csv,7,4001086050060,甘奈,『那便是，一片空白』,283活动剧情,よっつのものがたり,よっつのものがたり05
283活动剧情\よっつのものがたり\よっつのものがたり05.csv,8,4001086050070,甘奈,『虽然表面上看起来很认真』,283活动剧情,よっつのものがたり,よっつのものがたり05
283活动剧情\よっつのものがたり\よっつのものがたり05.csv,9,4001086050080,甘奈,"『但却从未思考过自己想要成为什么，
只是一味地害怕着改变』",283活动剧情,よっつのものがたり,よっつのものがたり05
283活动剧情\よっつのものがたり\よっつのものがたり05.csv,10,4001086050090,甘奈,『曾经的我就是这样的人』,283活动剧情,よっつのものがたり,よっつのものがたり05
283活动剧情\よっつのものがたり\よっつのものがたり05.csv,11,4001086050100,甘奈,……没在逞强吧？,283活动剧情,よっつのものがたり,よっつのものがたり05
283活动剧情\よっつのものがたり\よっつのものがたり05.csv,13,4001086050120,甘奈,"……
是吗……",283活动剧情,よっつのものがたり,よっつのものがたり05
283活动剧情\よっつのものがたり\よっつのものがたり05.csv,14,4001086050130,甘奈,『在得知要成立组合的时候也是……』,283活动剧情,よっつのものがたり,よっつのものがたり05
283活动剧情\よっつのものがたり\よっつのものがたり05.csv,15,4001086050140,甘奈,『自己一直以来都是和甜花两个人一起』,283活动剧情,よっつのものがたり,よっつのものがたり05
283活动剧情\よっつのものがたり\よっつのものがたり05.csv,16,4001086050150,甘奈,"『就从来没思考过
不只有两个人的可能性』",283活动剧情,よっつのものがたり,よっつのものがたり05
283活动剧情\よっつのものがたり\よっつのものがたり05.csv,17,4001086050160,甘奈,"『于是一厢情愿地相信
即使当上了偶像也还是如此』",283活动剧情,よっつのものがたり,よっつのものがたり05
283活动剧情\よっつのものがたり\よっつのものがたり05.csv,18,4001086050170,甘奈,『所以，』,283活动剧情,よっつのものがたり,よっつのものがたり05
283活动剧情\よっつのものがたり\よっつのものがたり05.csv,19,4001086050180,甘奈,,283活动剧情,よっつのものがたり,よっつのものがたり05
283活动剧情\よっつのものがたり\よっつのものがたり05.csv,20,4001086050190,甘奈,"『自己当时就想着，
明明自己和甜花两个人一起就够了』",283活动剧情,よっつのものがたり,よっつのものがたり05
283活动剧情\よっつのものがたり\よっつのものがたり05.csv,21,4001086050200,甘奈,甘奈，真的是好任性～……,283活动剧情,よっつのものがたり,よっつのものがたり05
283活动剧情\よっつのものがたり\よっつのものがたり05.csv,22,4001086050210,甘奈,"『还想着，
甜花说不定要被同组合的那个人抢走了之类的』",283活动剧情,よっつのものがたり,よっつのものがたり05
283活动剧情\よっつのものがたり\よっつのものがたり05.csv,23,4001086050220,甘奈,『总之就是一通胡思乱想』,283活动剧情,よっつのものがたり,よっつのものがたり05
283活动剧情\よっつのものがたり\よっつのものがたり05.csv,24,4001086050230,甘奈,,283活动剧情,よっつのものがたり,よっつのものがたり05
283活动剧情\よっつのものがたり\よっつのものがたり05.csv,30,4001086050280,甘奈,"是甜花你，
认识的人……？",283活动剧情,よっつのものがたり,よっつのものがたり05
283活动剧情\よっつのものがたり\よっつのものがたり05.csv,31,4001086050290,甘奈,"啊——
难道说……",283活动剧情,よっつのものがたり,よっつのものがたり05
283活动剧情\よっつのものがたり\よっつのものがたり05.csv,41,4001086050370,甘奈,,283活动剧情,よっつのものがたり,よっつのものがたり05
283活动剧情\よっつのものがたり\よっつのものがたり05.csv,43,4001086050390,甘奈,啊……！,283活动剧情,よっつのものがたり,よっつのものがたり05
283活动剧情\よっつのものがたり\よっつのものがたり05.csv,44,4001086050400,甘奈,我是，大崎甘奈！,283活动剧情,よっつのものがたり,よっつのものがたり05
283活动剧情\よっつのものがたり\よっつのものがたり05.csv,45,4001086050410,甘奈,"感谢您在那个时候
照顾了甜花！",283活动剧情,よっつのものがたり,よっつのものがたり05
283活动剧情\よっつのものがたり\よっつのものがたり05.csv,50,4001086050440,甘奈,"是的！
对了……您觉得我们两个之中，哪个才是姐姐呢？",283活动剧情,よっつのものがたり,よっつのものがたり05
283活动剧情\よっつのものがたり\よっつのものがたり05.csv,53,4001086050461,甘奈＆甜花,,283活动剧情,よっつのものがたり,よっつのものがたり05
283活动剧情\よっつのものがたり\よっつのものがたり05.csv,56,4001086050481,甘奈＆甜花,哇……,283活动剧情,よっつのものがたり,よっつのものがたり05
283活动剧情\よっつのものがたり\よっつのものがたり05.csv,57,4001086050490,甘奈,您是怎么猜到的呢！？,283活动剧情,よっつのものがたり,よっつのものがたり05
283活动剧情\よっつのものがたり\よっつのものがたり05.csv,63,4001086050540,甘奈,桑山小姐，也有兄弟姐妹吗？,283活动剧情,よっつのものがたり,よっつのものがたり05
283活动剧情\よっつのものがたり\よっつのものがたり05.csv,67,4001086050580,甘奈,,283活动剧情,よっつのものがたり,よっつのものがたり05
283活动剧情\よっつのものがたり\よっつのものがたり05.csv,69,4001086050600,甘奈,啊……有的！,283活动剧情,よっつのものがたり,よっつのものがたり05
283活动剧情\よっつのものがたり\よっつのものがたり05.csv,70,4001086050610,甘奈,桑山小姐，是大学生吗？,283活动剧情,よっつのものがたり,よっつのものがたり05
283活动剧情\よっつのものがたり\よっつのものがたり05.csv,72,4001086050630,甘奈,"原来已经是社会人了啊！
好厉害，是吧甜花！",283活动剧情,よっつのものがたり,よっつのものがたり05
283活动剧情\よっつのものがたり\よっつのものがたり05.csv,79,4001086050700,甘奈,『稍微，只是聊了聊』,283活动剧情,よっつのものがたり,よっつのものがたり05
283活动剧情\よっつのものがたり\よっつのものがたり05.csv,80,4001086050710,甘奈,"『我便明白
为什么甜花变得那么积极了』",283活动剧情,よっつのものがたり,よっつのものがたり05
283活动剧情\よっつのものがたり\よっつのものがたり05.csv,81,4001086050720,甘奈,『她真的非常值得尊敬』,283活动剧情,よっつのものがたり,よっつのものがたり05
283活动剧情\よっつのものがたり\よっつのものがたり05.csv,82,4001086050730,甘奈,"『甘奈当时也想要和这个人
一起当偶像了呢』",283活动剧情,よっつのものがたり,よっつのものがたり05
283活动剧情\よっつのものがたり\よっつのものがたり05.csv,83,4001086050740,甘奈,『但是，也不能忘记』,283活动剧情,よっつのものがたり,よっつのものがたり05
283活动剧情\よっつのものがたり\よっつのものがたり05.csv,84,4001086050750,甘奈,『在尊敬的同时』,283活动剧情,よっつのものがたり,よっつのものがたり05
283活动剧情\よっつのものがたり\よっつのものがたり05.csv,85,4001086050760,甘奈,"『自己也获得了一种
这个人应该不会把甜花抢走的安心感』",283活动剧情,よっつのものがたり,よっつのものがたり05
283活动剧情\よっつのものがたり\よっつのものがたり05.csv,88,4001086050790,甘奈,"不不，甘奈才要
感谢您愿意读我写的随笔",283活动剧情,よっつのものがたり,よっつのものがたり05
283活动剧情\よっつのものがたり\よっつのものがたり05.csv,90,4001086050810,甘奈,"诶……？
嗯，嗯……！",283活动剧情,よっつのものがたり,よっつのものがたり05
283活动剧情\よっつのものがたり\よっつのものがたり05.csv,94,4001086050840,甘奈,"那个……
这是……？",283活动剧情,よっつのものがたり,よっつのものがたり05
283活动剧情\よっつのものがたり\よっつのものがたり05.csv,98,4001086050880,甘奈,"……谢谢
我开动了",283活动剧情,よっつのものがたり,よっつのものがたり05
283活动剧情\よっつのものがたり\よっつのものがたり05.csv,100,4001086050900,甘奈,诶……？,283活动剧情,よっつのものがたり,よっつのものがたり05
283活动剧情\よっつのものがたり\よっつのものがたり05.csv,102,4001086050920,甘奈,,283活动剧情,よっつのものがたり,よっつのものがたり05
283活动剧情\よっつのものがたり\よっつのものがたり05.csv,103,4001086050930,甘奈,"——在千雪姐看来
甘奈，哪里变了呢？",283活动剧情,よっつのものがたり,よっつのものがたり05
283活动剧情\よっつのものがたり\よっつのものがたり05.csv,107,4001086050970,甘奈,"诶嘿嘿……
也许，是吧",283活动剧情,よっつのものがたり,よっつのものがたり05
283活动剧情\よっつのものがたり\よっつのものがたり05.csv,110,4001086051000,甘奈,,283活动剧情,よっつのものがたり,よっつのものがたり05
283活动剧情\よっつのものがたり\よっつのものがたり05.csv,111,4001086051010,甘奈,"千雪姐
真的非常感谢您愿意看我写的随笔",283活动剧情,よっつのものがたり,よっつのものがたり05
283活动剧情\よっつのものがたり\よっつのものがたり05.csv,113,4001086051030,甘奈,——……等写完了之后，可以再请您读一遍吗？,283活动剧情,よっつのものがたり,よっつのものがたり05
283活动剧情\よっつのものがたり\よっつのものがたり06.csv,2,4001086060010,甘奈,『甜花』,283活动剧情,よっつのものがたり,よっつのものがたり06
283活动剧情\よっつのものがたり\よっつのものがたり06.csv,3,4001086060020,甘奈,『是甘奈最重要的最重要的，姐姐』,283活动剧情,よっつのものがたり,よっつのものがたり06
283活动剧情\よっつのものがたり\よっつのものがたり06.csv,4,4001086060030,甘奈,"『但是，曾经的甘奈
并不理解』",283活动剧情,よっつのものがたり,よっつのものがたり06
283活动剧情\よっつのものがたり\よっつのものがたり06.csv,5,4001086060040,甘奈,『什么才是真正的珍视』,283活动剧情,よっつのものがたり,よっつのものがたり06
283活动剧情\よっつのものがたり\よっつのものがたり06.csv,12,4001086060090,甘奈,"辛苦了！
应该还够哦！",283活动剧情,よっつのものがたり,よっつのものがたり06
283活动剧情\よっつのものがたり\よっつのものがたり06.csv,13,4001086060100,甘奈,感谢您的关心！,283活动剧情,よっつのものがたり,よっつのものがたり06
283活动剧情\よっつのものがたり\よっつのものがたり06.csv,16,4001086060120,甘奈,诶嘿嘿，没事啦～！,283活动剧情,よっつのものがたり,よっつのものがたり06
283活动剧情\よっつのものがたり\よっつのものがたり06.csv,17,4001086060130,甘奈,"甘奈的差不多快发完了
就把甜花这里的也拿走了哦～",283活动剧情,よっつのものがたり,よっつのものがたり06
283活动剧情\よっつのものがたり\よっつのものがたり06.csv,19,4001086060150,甘奈,"『只是一心想着让甜花
避免那些麻烦的事情』",283活动剧情,よっつのものがたり,よっつのものがたり06
283活动剧情\よっつのものがたり\よっつのものがたり06.csv,20,4001086060160,甘奈,『并不是真正为甜花着想』,283活动剧情,よっつのものがたり,よっつのものがたり06
283活动剧情\よっつのものがたり\よっつのものがたり06.csv,22,4001086060180,甘奈,"对不起……
让甜花为难了……",283活动剧情,よっつのものがたり,よっつのものがたり06
283活动剧情\よっつのものがたり\よっつのものがたり06.csv,24,4001086060200,甘奈,但是甘奈，不想和大家说谎，所以……,283活动剧情,よっつのものがたり,よっつのものがたり06
283活动剧情\よっつのものがたり\よっつのものがたり06.csv,27,4001086060230,甘奈,,283活动剧情,よっつのものがたり,よっつのものがたり06
283活动剧情\よっつのものがたり\よっつのものがたり06.csv,28,4001086060240,甘奈,"现在……
只写了——『曾经的甘奈』……",283活动剧情,よっつのものがたり,よっつのものがたり06
283活动剧情\よっつのものがたり\よっつのものがたり06.csv,29,4001086060250,甘奈,……甘奈会再去想想的,283活动剧情,よっつのものがたり,よっつのものがたり06
283活动剧情\よっつのものがたり\よっつのものがたり06.csv,30,4001086060260,甘奈,"该怎么说呢……
不想仅仅只是直面『曾经的甘奈』啊——",283活动剧情,よっつのものがたり,よっつのものがたり06
283活动剧情\よっつのものがたり\よっつのものがたり06.csv,31,4001086060270,甘奈,,283活动剧情,よっつのものがたり,よっつのものがたり06
283活动剧情\よっつのものがたり\よっつのものがたり06.csv,32,4001086060280,甘奈,……不想只是做到这个程度啊,283活动剧情,よっつのものがたり,よっつのものがたり06
283活动剧情\よっつのものがたり\よっつのものがたり06.csv,33,4001086060290,甘奈,"若只是自顾自地道歉
那就和『曾经的甘奈』一样，只是自我满足而已",283活动剧情,よっつのものがたり,よっつのものがたり06
283活动剧情\よっつのものがたり\よっつのものがたり06.csv,35,4001086060310,甘奈,"诶嘿嘿……
谢谢……！",283活动剧情,よっつのものがたり,よっつのものがたり06
283活动剧情\よっつのものがたり\よっつのものがたり06.csv,36,4001086060320,甘奈,"对于甘奈来说
ALSTROEMERIA是……",283活动剧情,よっつのものがたり,よっつのものがたり06
283活动剧情\よっつのものがたり\よっつのものがたり06.csv,37,4001086060330,甘奈,"（……
想不出来……）",283活动剧情,よっつのものがたり,よっつのものがたり06
283活动剧情\よっつのものがたり\よっつのものがたり06.csv,38,4001086060340,甘奈,"（曾经的事情都写过了……
但这之后要怎么办呢……）",283活动剧情,よっつのものがたり,よっつのものがたり06
283活动剧情\よっつのものがたり\よっつのものがたり06.csv,39,4001086060350,甘奈,,283活动剧情,よっつのものがたり,よっつのものがたり06
283活动剧情\よっつのものがたり\よっつのものがたり06.csv,40,4001086060360,甘奈,多谢款待！,283活动剧情,よっつのものがたり,よっつのものがたり06
283活动剧情\よっつのものがたり\よっつのものがたり06.csv,42,4001086060370,甘奈,"嗯……！
只差一点了！",283活动剧情,よっつのものがたり,よっつのものがたり06
283活动剧情\よっつのものがたり\よっつのものがたり06.csv,44,4001086060380,甘奈,好——的！,283活动剧情,よっつのものがたり,よっつのものがたり06
283活动剧情\よっつのものがたり\よっつのものがたり06.csv,49,4001086060420,甘奈,"（和现在的……
还有未来的甘奈有关的事……）",283活动剧情,よっつのものがたり,よっつのものがたり06
283活动剧情\よっつのものがたり\よっつのものがたり06.csv,50,4001086060430,甘奈,,283活动剧情,よっつのものがたり,よっつのものがたり06
283活动剧情\よっつのものがたり\よっつのものがたり06.csv,51,4001086060440,甘奈,"……呜
不行……必须要写下去……",283活动剧情,よっつのものがたり,よっつのものがたり06
283活动剧情\よっつのものがたり\よっつのものがたり06.csv,52,4001086060450,甘奈,"……
嗯……",283活动剧情,よっつのものがたり,よっつのものがたり06
283活动剧情\よっつのものがたり\よっつのものがたり06.csv,53,4001086060460,甘奈,（还是睡着了啊……）,283活动剧情,よっつのものがたり,よっつのものがたり06
283活动剧情\よっつのものがたり\よっつのものがたり06.csv,54,4001086060470,甘奈,（明明要坚持努力才行的……）,283活动剧情,よっつのものがたり,よっつのものがたり06
283活动剧情\よっつのものがたり\よっつのものがたり06.csv,55,4001086060480,甘奈,毛毯……？,283活动剧情,よっつのものがたり,よっつのものがたり06
283活动剧情\よっつのものがたり\よっつのものがたり06.csv,56,4001086060490,甘奈,（有谁，替我盖上了……）,283活动剧情,よっつのものがたり,よっつのものがたり06
283活动剧情\よっつのものがたり\よっつのものがたり06.csv,57,4001086060500,甘奈,"有东西放在这了……
是什么呢……？",283活动剧情,よっつのものがたり,よっつのものがたり06
283活动剧情\よっつのものがたり\よっつのものがたり06.csv,59,4001086060520,甘奈,这是……,283活动剧情,よっつのものがたり,よっつのものがたり06
283活动剧情\よっつのものがたり\よっつのものがたり06.csv,60,4001086060530,甘奈,（甜花写的，随笔……？）,283活动剧情,よっつのものがたり,よっつのものがたり06
283活动剧情\よっつのものがたり\よっつのものがたり06.csv,88,4001086060790,甘奈,"……
甜花……！",283活动剧情,よっつのものがたり,よっつのものがたり06
283活动剧情\よっつのものがたり\よっつのものがたり06.csv,89,4001086060800,甘奈,甜花……！,283活动剧情,よっつのものがたり,よっつのものがたり06
283活动剧情\よっつのものがたり\よっつのものがたり06.csv,91,4001086060810,甘奈,啊……,283活动剧情,よっつのものがたり,よっつのものがたり06
283活动剧情\よっつのものがたり\よっつのものがたり06.csv,92,4001086060820,甘奈,……这样啊……,283活动剧情,よっつのものがたり,よっつのものがたり06
283活动剧情\よっつのものがたり\よっつのものがたり06.csv,94,4001086060830,甘奈,"……只是有些话想和她说……
……不是现在也没关系！",283活动剧情,よっつのものがたり,よっつのものがたり06
283活动剧情\よっつのものがたり\よっつのものがたり06.csv,95,4001086060840,甘奈,"……谢谢你
甜花……",283活动剧情,よっつのものがたり,よっつのものがたり06
283活动剧情\よっつのものがたり\よっつのものがたり06.csv,96,4001086060850,甘奈,"（又在甘奈的背后
推了一把……）",283活动剧情,よっつのものがたり,よっつのものがたり06
283活动剧情\よっつのものがたり\よっつのものがたり06.csv,97,4001086060860,甘奈,谢谢您，千雪姐,283活动剧情,よっつのものがたり,よっつのものがたり06
283活动剧情\よっつのものがたり\よっつのものがたり06.csv,98,4001086060870,甘奈,"（愿意对过去的甘奈
说一句『没关系』）",283活动剧情,よっつのものがたり,よっつのものがたり06
283活动剧情\よっつのものがたり\よっつのものがたり06.csv,100,4001086060890,甘奈,"——在千雪姐看来
甘奈，哪里变了呢？",283活动剧情,よっつのものがたり,よっつのものがたり06
283活动剧情\よっつのものがたり\よっつのものがたり06.csv,101,4001086060900,甘奈,"……！
原来如此……那个时候，甘奈……",283活动剧情,よっつのものがたり,よっつのものがたり06
283活动剧情\よっつのものがたり\よっつのものがたり06.csv,102,4001086060910,甘奈,（……这样的话，甘奈要写的就是……！）,283活动剧情,よっつのものがたり,よっつのものがたり06
283活动剧情\よっつのものがたり\よっつのものがたり07.csv,2,4001086070010,甘奈,"『只是一心想着让甜花
避免那些麻烦的事情』",283活动剧情,よっつのものがたり,よっつのものがたり07
283活动剧情\よっつのものがたり\よっつのものがたり07.csv,3,4001086070020,甘奈,『并不是真正为甜花着想』,283活动剧情,よっつのものがたり,よっつのものがたり07
283活动剧情\よっつのものがたり\よっつのものがたり07.csv,4,4001086070030,甘奈,『但就在那时，甘奈身边』,283活动剧情,よっつのものがたり,よっつのものがたり07
283活动剧情\よっつのものがたり\よっつのものがたり07.csv,5,4001086070040,甘奈,『发生了一件事』,283活动剧情,よっつのものがたり,よっつのものがたり07
283活动剧情\よっつのものがたり\よっつのものがたり07.csv,6,4001086070050,甘奈,"桑山小姐！
您现在方便吗！？",283活动剧情,よっつのものがたり,よっつのものがたり07
283活动剧情\よっつのものがたり\よっつのものがたり07.csv,8,4001086070070,甘奈,"甘奈觉得，桑山小姐
真的是位很出色～很了不起的大人",283活动剧情,よっつのものがたり,よっつのものがたり07
283活动剧情\よっつのものがたり\よっつのものがたり07.csv,9,4001086070080,甘奈,"所以想问问
怎样才能做到！",283活动剧情,よっつのものがたり,よっつのものがたり07
283活动剧情\よっつのものがたり\よっつのものがたり07.csv,11,4001086070100,甘奈,一点也不夸张！,283活动剧情,よっつのものがたり,よっつのものがたり07
283活动剧情\よっつのものがたり\よっつのものがたり07.csv,13,4001086070120,甘奈,,283活动剧情,よっつのものがたり,よっつのものがたり07
283活动剧情\よっつのものがたり\よっつのものがたり07.csv,14,4001086070130,甘奈,"那么……
甘奈能先问问！  您做这份工作的动力是什么吗？",283活动剧情,よっつのものがたり,よっつのものがたり07
283活动剧情\よっつのものがたり\よっつのものがたり07.csv,18,4001086070170,甘奈,,283活动剧情,よっつのものがたり,よっつのものがたり07
283活动剧情\よっつのものがたり\よっつのものがたり07.csv,22,4001086070210,甘奈,"……您对每个人
……都会认真对待呢……！",283活动剧情,よっつのものがたり,よっつのものがたり07
283活动剧情\よっつのものがたり\よっつのものがたり07.csv,23,4001086070220,甘奈,甘奈能真切，体会到这点……！,283活动剧情,よっつのものがたり,よっつのものがたり07
283活动剧情\よっつのものがたり\よっつのものがたり07.csv,25,4001086070240,甘奈,"那……
有什么辛苦的地方呢？",283活动剧情,よっつのものがたり,よっつのものがたり07
283活动剧情\よっつのものがたり\よっつのものがたり07.csv,30,4001086070290,甘奈,"您真的是很喜欢这份工作啊
这才真叫乐在其中呢……！",283活动剧情,よっつのものがたり,よっつのものがたり07
283活动剧情\よっつのものがたり\よっつのものがたり07.csv,31,4001086070300,甘奈,"甘奈终于掌握了一个
成为出色的大人的秘诀啦！",283活动剧情,よっつのものがたり,よっつのものがたり07
283活动剧情\よっつのものがたり\よっつのものがたり07.csv,33,4001086070320,甘奈,"（不过……
既然如此）",283活动剧情,よっつのものがたり,よっつのものがたり07
283活动剧情\よっつのものがたり\よっつのものがたり07.csv,35,4001086070340,甘奈,啊，那个……,283活动剧情,よっつのものがたり,よっつのものがたり07
283活动剧情\よっつのものがたり\よっつのものがたり07.csv,38,4001086070370,甘奈,……能让甘奈，知道这是为什么吗？,283活动剧情,よっつのものがたり,よっつのものがたり07
283活动剧情\よっつのものがたり\よっつのものがたり07.csv,44,4001086070430,甘奈,,283活动剧情,よっつのものがたり,よっつのものがたり07
283活动剧情\よっつのものがたり\よっつのものがたり07.csv,46,4001086070450,甘奈,"不会！　不过，也不能随便说
这是很好理解的东西",283活动剧情,よっつのものがたり,よっつのものがたり07
283活动剧情\よっつのものがたり\よっつのものがたり07.csv,47,4001086070460,甘奈,那样对桑山小姐就太失礼了,283活动剧情,よっつのものがたり,よっつのものがたり07
283活动剧情\よっつのものがたり\よっつのものがたり07.csv,48,4001086070470,甘奈,"『千雪姐
那时给了甘奈一把钥匙』",283活动剧情,よっつのものがたり,よっつのものがたり07
283活动剧情\よっつのものがたり\よっつのものがたり07.csv,49,4001086070480,甘奈,『去开启那扇教会人何为珍视的大门』,283活动剧情,よっつのものがたり,よっつのものがたり07
283活动剧情\よっつのものがたり\よっつのものがたり07.csv,50,4001086070490,甘奈,"『从那时起
甘奈进行了很多很多的思考』",283活动剧情,よっつのものがたり,よっつのものがたり07
283活动剧情\よっつのものがたり\よっつのものがたり07.csv,51,4001086070500,甘奈,"『自己究竟该怎么做
才能让甜花真正闪耀起来』",283活动剧情,よっつのものがたり,よっつのものがたり07
283活动剧情\よっつのものがたり\よっつのものがたり07.csv,52,4001086070510,甘奈,"甜花，今天的课
有什么不明白的地方吗？",283活动剧情,よっつのものがたり,よっつのものがたり07
283活动剧情\よっつのものがたり\よっつのものがたり07.csv,54,4001086070530,甘奈,"那，要不要和甘奈一起
看看录像确认一下？",283活动剧情,よっつのものがたり,よっつのものがたり07
283活动剧情\よっつのものがたり\よっつのものがたり07.csv,55,4001086070540,甘奈,"甘奈也有些地方不太懂
我们一起解决吧！",283活动剧情,よっつのものがたり,よっつのものがたり07
283活动剧情\よっつのものがたり\よっつのものがたり07.csv,57,4001086070560,甘奈,『不是靠远离来避免麻烦，而是拉近身边一起烦恼』,283活动剧情,よっつのものがたり,よっつのものがたり07
283活动剧情\よっつのものがたり\よっつのものがたり07.csv,58,4001086070570,甘奈,『不是保护，而是陪伴』,283活动剧情,よっつのものがたり,よっつのものがたり07
283活动剧情\よっつのものがたり\よっつのものがたり07.csv,59,4001086070580,甘奈,"『只有相信，一同前进，才是真正的珍视
甘奈得出了这样的答案』",283活动剧情,よっつのものがたり,よっつのものがたり07
283活动剧情\よっつのものがたり\よっつのものがたり07.csv,60,4001086070590,甘奈,『也就是思考方式发生改变这一时刻，那扇大门才终于向甘奈打开』,283活动剧情,よっつのものがたり,よっつのものがたり07
283活动剧情\よっつのものがたり\よっつのものがたり07.csv,61,4001086070600,甘奈,"『谢谢你，千雪姐
谢谢你指引了甘奈』",283活动剧情,よっつのものがたり,よっつのものがたり07
283活动剧情\よっつのものがたり\よっつのものがたり07.csv,62,4001086070610,甘奈,『请原谅过去的甘奈』,283活动剧情,よっつのものがたり,よっつのものがたり07
283活动剧情\よっつのものがたり\よっつのものがたり07.csv,63,4001086070620,甘奈,『还有就是，甜花』,283活动剧情,よっつのものがたり,よっつのものがたり07
283活动剧情\よっつのものがたり\よっつのものがたり07.csv,64,4001086070630,甘奈,"『谢谢你在甘奈建议
一起做偶像的时候答应』",283活动剧情,よっつのものがたり,よっつのものがたり07
283活动剧情\よっつのものがたり\よっつのものがたり07.csv,65,4001086070640,甘奈,『谢谢你在要成立组合的时候给了甘奈勇气』,283活动剧情,よっつのものがたり,よっつのものがたり07
283活动剧情\よっつのものがたり\よっつのものがたり07.csv,66,4001086070650,甘奈,『谢谢你一直支持着甘奈』,283活动剧情,よっつのものがたり,よっつのものがたり07
283活动剧情\よっつのものがたり\よっつのものがたり07.csv,67,4001086070660,甘奈,『谢谢你』,283活动剧情,よっつのものがたり,よっつのものがたり07
283活动剧情\よっつのものがたり\よっつのものがたり07.csv,68,4001086070670,甘奈,"『正因有甜花在身边
甘奈一路走来才能如此安心』",283活动剧情,よっつのものがたり,よっつのものがたり07
283活动剧情\よっつのものがたり\よっつのものがたり07.csv,69,4001086070680,甘奈,『千雪姐，甜花』,283活动剧情,よっつのものがたり,よっつのものがたり07
283活动剧情\よっつのものがたり\よっつのものがたり07.csv,70,4001086070690,甘奈,『你们都给予了甘奈许多』,283活动剧情,よっつのものがたり,よっつのものがたり07
283活动剧情\よっつのものがたり\よっつのものがたり07.csv,71,4001086070700,甘奈,『直面自己内心的方法』,283活动剧情,よっつのものがたり,よっつのものがたり07
283活动剧情\よっつのものがたり\よっつのものがたり07.csv,72,4001086070710,甘奈,『坦诚去做自己的道理』,283活动剧情,よっつのものがたり,よっつのものがたり07
283活动剧情\よっつのものがたり\よっつのものがたり07.csv,73,4001086070720,甘奈,『以及，名为ALSTROEMERIA的归属』,283活动剧情,よっつのものがたり,よっつのものがたり07
283活动剧情\よっつのものがたり\よっつのものがたり07.csv,74,4001086070730,甘奈,"『多亏了你们
甘奈才能产生如此巨大的变化』",283活动剧情,よっつのものがたり,よっつのものがたり07
283活动剧情\よっつのものがたり\よっつのものがたり07.csv,75,4001086070740,甘奈,『作为一名偶像，作为一个人』,283活动剧情,よっつのものがたり,よっつのものがたり07
283活动剧情\よっつのものがたり\よっつのものがたり07.csv,76,4001086070750,甘奈,"『如果那时的甘奈
看见如今的自己，肯定也会发出感叹吧』",283活动剧情,よっつのものがたり,よっつのものがたり07
283活动剧情\よっつのものがたり\よっつのものがたり07.csv,78,4001086070760,甘奈,"……
能看得出来吗……？",283活动剧情,よっつのものがたり,よっつのものがたり07
283活动剧情\よっつのものがたり\よっつのものがたり07.csv,81,4001086070770,甘奈,谢谢……,283活动剧情,よっつのものがたり,よっつのものがたり07
283活动剧情\よっつのものがたり\よっつのものがたり07.csv,83,4001086070780,甘奈,"……？
嗯",283活动剧情,よっつのものがたり,よっつのものがたり07
283活动剧情\よっつのものがたり\よっつのものがたり07.csv,85,4001086070790,甘奈,……应该，是怪自己不成器吧,283活动剧情,よっつのものがたり,よっつのものがたり07
283活动剧情\よっつのものがたり\よっつのものがたり07.csv,86,4001086070800,甘奈,"不过，虽说不成器但还是坚持到了现在
才有机会成为如今的自己",283活动剧情,よっつのものがたり,よっつのものがたり07
283活动剧情\よっつのものがたり\よっつのものがたり07.csv,87,4001086070810,甘奈,"所以……
嗯……",283活动剧情,よっつのものがたり,よっつのものがたり07
283活动剧情\よっつのものがたり\よっつのものがたり07.csv,88,4001086070820,甘奈,"我想对自己说一句
辛苦了",283活动剧情,よっつのものがたり,よっつのものがたり07
283活动剧情\よっつのものがたり\よっつのものがたり07.csv,90,4001086070830,甘奈,"『虽然和曾经自己想象中的形式有所不同
但这份未来，还是实现了』",283活动剧情,よっつのものがたり,よっつのものがたり07
283活动剧情\よっつのものがたり\よっつのものがたり07.csv,91,4001086070840,甘奈,"『认识了千雪姐，这位最棒的伙伴
值得信赖的人生导师，以及好朋友』",283活动剧情,よっつのものがたり,よっつのものがたり07
283活动剧情\よっつのものがたり\よっつのものがたり07.csv,92,4001086070850,甘奈,"『多亏了身边有如此出色的人
甜花能变得如此闪耀』",283活动剧情,よっつのものがたり,よっつのものがたり07
283活动剧情\よっつのものがたり\よっつのものがたり07.csv,93,4001086070860,甘奈,『然后，甘奈也是一样』,283活动剧情,よっつのものがたり,よっつのものがたり07
283活动剧情\よっつのものがたり\よっつのものがたり07.csv,94,4001086070870,甘奈,『真想拉着那时的自己』,283活动剧情,よっつのものがたり,よっつのものがたり07
283活动剧情\よっつのものがたり\よっつのものがたり07.csv,95,4001086070880,甘奈,『看看如今的ALSTROEMERIA』,283活动剧情,よっつのものがたり,よっつのものがたり07
283活动剧情\よっつのものがたり\よっつのものがたり07.csv,96,4001086070890,甘奈,,283活动剧情,よっつのものがたり,よっつのものがたり07
283活动剧情\よっつのものがたり\よっつのものがたり07.csv,97,4001086070900,甘奈,『对甘奈来说，ALSTROEMERIA』,283活动剧情,よっつのものがたり,よっつのものがたり07
283活动剧情\よっつのものがたり\よっつのものがたり07.csv,98,4001086070910,甘奈,『是一段关于改变的故事』,283活动剧情,よっつのものがたり,よっつのものがたり07
283活动剧情\よっつのものがたり\よっつのものがたり08.csv,14,4001086080010,甘奈,,283活动剧情,よっつのものがたり,よっつのものがたり08
283活动剧情\よっつのものがたり\よっつのものがたり08.csv,16,4001086080020,甘奈,谢谢！,283活动剧情,よっつのものがたり,よっつのものがたり08
283活动剧情\よっつのものがたり\よっつのものがたり08.csv,19,4001086080030,甘奈,甘奈会加油的,283活动剧情,よっつのものがたり,よっつのものがたり08
283活动剧情\よっつのものがたり\よっつのものがたり08.csv,20,4001086080040,甘奈,"不过，如果真能拿第一的话
那也是您的功劳！",283活动剧情,よっつのものがたり,よっつのものがたり08
283活动剧情\よっつのものがたり\よっつのものがたり08.csv,22,4001086080050,甘奈,诶嘿嘿……,283活动剧情,よっつのものがたり,よっつのものがたり08
283活动剧情\よっつのものがたり\よっつのものがたり08.csv,23,4001086080060,甘奈,"啊，如果我是第一名的话
那件事能拜托您吗？",283活动剧情,よっつのものがたり,よっつのものがたり08
283活动剧情\よっつのものがたり\よっつのものがたり08.csv,26,4001086080070,甘奈,『甘奈的故事，讲述的是改变』,283活动剧情,よっつのものがたり,よっつのものがたり08
283活动剧情\よっつのものがたり\よっつのものがたり08.csv,27,4001086080080,甘奈,"『但与此同时
其本身也化为了甘奈前进的过程』",283活动剧情,よっつのものがたり,よっつのものがたり08
283活动剧情\よっつのものがたり\よっつのものがたり08.csv,28,4001086080090,甘奈,"『最开始所惧怕的
是改变』",283活动剧情,よっつのものがたり,よっつのものがたり08
283活动剧情\よっつのものがたり\よっつのものがたり08.csv,29,4001086080100,甘奈,『但正因能直面改变』,283活动剧情,よっつのものがたり,よっつのものがたり08
283活动剧情\よっつのものがたり\よっつのものがたり08.csv,30,4001086080110,甘奈,"『甘奈才有机会喜欢上这么多事物
不论是时尚，还是这次的工作』",283活动剧情,よっつのものがたり,よっつのものがたり08
283活动剧情\よっつのものがたり\よっつのものがたり08.csv,31,4001086080120,甘奈,『因此，改变已与如今的甘奈密不可分』,283活动剧情,よっつのものがたり,よっつのものがたり08
283活动剧情\よっつのものがたり\よっつのものがたり08.csv,68,4001086080380,甘奈,『改变』,283活动剧情,よっつのものがたり,よっつのものがたり08
283活动剧情\よっつのものがたり\よっつのものがたり08.csv,71,4001086080410,甘奈,『我们今后』,283活动剧情,よっつのものがたり,よっつのものがたり08
283活动剧情\よっつのものがたり\よっつのものがたり08.csv,72,4001086080420,甘奈,『也会在各自的道路上』,283活动剧情,よっつのものがたり,よっつのものがたり08
283活动剧情\よっつのものがたり\よっつのものがたり08.csv,73,4001086080430,甘奈,『不断地走下去』,283活动剧情,よっつのものがたり,よっつのものがたり08
283活动剧情\アジェンダ２８３\第2话-大きなヴィジョンを持ちましょう.csv,84,4001027030820,甘奈,"好，OK
准备好了",283活动剧情,アジェンダ２８３,第2话-大きなヴィジョンを持ちましょう
283活动剧情\アジェンダ２８３\第2话-大きなヴィジョンを持ちましょう.csv,86,4001027030840,甘奈,"千雪回来的话
就能回去了",283活动剧情,アジェンダ２８３,第2话-大きなヴィジョンを持ちましょう
283活动剧情\アジェンダ２８３\第2话-大きなヴィジョンを持ちましょう.csv,89,4001027030870,甘奈,"——消息？
要发给谁",283活动剧情,アジェンダ２８３,第2话-大きなヴィジョンを持ちましょう
283活动剧情\アジェンダ２８３\第2话-大きなヴィジョンを持ちましょう.csv,91,4001027030890,甘奈,"哇，发什么～！
——啊——，捡垃圾啊！",283活动剧情,アジェンダ２８３,第2话-大きなヴィジョンを持ちましょう
283活动剧情\アジェンダ２８３\第2话-大きなヴィジョンを持ちましょう.csv,93,4001027030910,甘奈,"啊，千雪等一下～
甜花好像在发消息",283活动剧情,アジェンダ２８３,第2话-大きなヴィジョンを持ちましょう
283活动剧情\アジェンダ２８３\第2话-大きなヴィジョンを持ちましょう.csv,97,4001027030950,甘奈,"嗯——
甘奈不觉得特别短啊————",283活动剧情,アジェンダ２８３,第2话-大きなヴィジョンを持ちましょう
283活动剧情\アジェンダ２８３\第2话-大きなヴィジョンを持ちましょう.csv,99,4001027030970,甘奈,"嗯！
可是……",283活动剧情,アジェンダ２８３,第2话-大きなヴィジョンを持ちましょう
283活动剧情\アジェンダ２８３\第2话-大きなヴィジョンを持ちましょう.csv,100,4001027030980,甘奈,"甜花，
并不这么想吧",283活动剧情,アジェンダ２８３,第2话-大きなヴィジョンを持ちましょう
283活动剧情\アジェンダ２８３\第2话-大きなヴィジョンを持ちましょう.csv,102,4001027031000,甘奈,那就这样————！,283活动剧情,アジェンダ２８３,第2话-大きなヴィジョンを持ちましょう
283活动剧情\アジェンダ２８３\第2话-大きなヴィジョンを持ちましょう.csv,104,4001027031020,甘奈,"发照片过去☆
对了，千雪也来～",283活动剧情,アジェンダ２８３,第2话-大きなヴィジョンを持ちましょう
283活动剧情\アジェンダ２８３\第2话-大きなヴィジョンを持ちましょう.csv,106,4001027031040,甘奈,,283活动剧情,アジェンダ２８３,第2话-大きなヴィジョンを持ちましょう
283活动剧情\アジェンダ２８３\第2话-大きなヴィジョンを持ちましょう.csv,117,4001027031150,甘奈,"诶嘿嘿
所以用照片拍下心意承载在消息上啊☆",283活动剧情,アジェンダ２８３,第2话-大きなヴィジョンを持ちましょう
283活动剧情\アジェンダ２８３\第2话-大きなヴィジョンを持ちましょう.csv,120,4001027031180,甘奈,诶嘿嘿，甘奈也要——！,283活动剧情,アジェンダ２８３,第2话-大きなヴィジョンを持ちましょう
283活动剧情\アジェンダ２８３\第2话-大きなヴィジョンを持ちましょう.csv,121,4001027031190,甘奈,——对吧，甜花,283活动剧情,アジェンダ２８３,第2话-大きなヴィジョンを持ちましょう
283活动剧情\アジェンダ２８３\第3话-つながりを考えましょう.csv,69,4001027040590,甘奈,————嗯，还活着……,283活动剧情,アジェンダ２８３,第3话-つながりを考えましょう
283活动剧情\アジェンダ２８３\第3话-つながりを考えましょう.csv,70,4001027040600,甘奈,"那个——！ 捡了好多出来～！
大家都什么情况——？",283活动剧情,アジェンダ２８３,第3话-つながりを考えましょう
283活动剧情\アジェンダ２８３\第3话-つながりを考えましょう.csv,71,4001027040610,甘奈,…………咦,283活动剧情,アジェンダ２８３,第3话-つながりを考えましょう
283活动剧情\アジェンダ２８３\第3话-つながりを考えましょう.csv,72,4001027040620,甘奈,"喂——……
甜花，千雪————",283活动剧情,アジェンダ２８３,第3话-つながりを考えましょう
283活动剧情\アジェンダ２８３\第3话-つながりを考えましょう.csv,74,4001027040640,甘奈,哇————！,283活动剧情,アジェンダ２８３,第3话-つながりを考えましょう
283活动剧情\アジェンダ２８３\第3话-つながりを考えましょう.csv,76,4001027040651,甘奈＆千雪,啊哈哈……,283活动剧情,アジェンダ２８３,第3话-つながりを考えましょう
283活动剧情\アジェンダ２８３\第3话-つながりを考えましょう.csv,78,4001027040670,甘奈,"吓死了！
还以为是熊或者野猪……",283活动剧情,アジェンダ２８３,第3话-つながりを考えましょう
283活动剧情\アジェンダ２８３\第3话-つながりを考えましょう.csv,81,4001027040691,甘奈＆千雪,呀……！,283活动剧情,アジェンダ２８３,第3话-つながりを考えましょう
283活动剧情\アジェンダ２８３\第3话-つながりを考えましょう.csv,82,4001027040692,甘奈＆千雪,,283活动剧情,アジェンダ２８３,第3话-つながりを考えましょう
283活动剧情\アジェンダ２８３\第3话-つながりを考えましょう.csv,83,4001027040700,甘奈,小，小鸟……！？,283活动剧情,アジェンダ２８３,第3话-つながりを考えましょう
283活动剧情\アジェンダ２８３\第3话-つながりを考えましょう.csv,86,4001027040730,甘奈,"诶嘿嘿，不是熊啊
————哇，停在附近了！",283活动剧情,アジェンダ２８３,第3话-つながりを考えましょう
283活动剧情\アジェンダ２８３\第3话-つながりを考えましょう.csv,88,4001027040750,甘奈,好像在找食物……？,283活动剧情,アジェンダ２８３,第3话-つながりを考えましょう
283活动剧情\アジェンダ２８３\第3话-つながりを考えましょう.csv,89,4001027040760,甘奈,"……啊，小鸟
那是瓶盖——……！",283活动剧情,アジェンダ２８３,第3话-つながりを考えましょう
283活动剧情\アジェンダ２８３\第3话-つながりを考えましょう.csv,92,4001027040790,甘奈,"不，不可以！
小鸟——！",283活动剧情,アジェンダ２８３,第3话-つながりを考えましょう
283活动剧情\アジェンダ２８３\第3话-つながりを考えましょう.csv,94,4001027040810,甘奈,"————
哈……太好了！",283活动剧情,アジェンダ２８３,第3话-つながりを考えましょう
283活动剧情\アジェンダ２８３\第3话-つながりを考えましょう.csv,96,4001027040830,甘奈,"这个……
会就那样吃下去吗",283活动剧情,アジェンダ２８３,第3话-つながりを考えましょう
283活动剧情\アジェンダ２８３\第3话-つながりを考えましょう.csv,104,4001027040910,甘奈,"啊，小鸟
好像抓到什么了！",283活动剧情,アジェンダ２８３,第3话-つながりを考えましょう
283活动剧情\アジェンダ２８３\第3话-つながりを考えましょう.csv,106,4001027040930,甘奈,"嗯
能吃到饭真是太好了！",283活动剧情,アジェンダ２８３,第3话-つながりを考えましょう
283活动剧情\アジェンダ２８３\第3话-つながりを考えましょう.csv,108,4001027040950,甘奈,辛苦了！,283活动剧情,アジェンダ２８３,第3话-つながりを考えましょう
283活动剧情\アジェンダ２８３\第6话-つながるがつながる.csv,2,4001027070010,甘奈,"可燃，不可燃，不可燃
这个……也不可燃",283活动剧情,アジェンダ２８３,第6话-つながるがつながる
283活动剧情\アジェンダ２８３\第6话-つながるがつながる.csv,8,4001027070061,めぐる＆甘奈＆千雪,,283活动剧情,アジェンダ２８３,第6话-つながるがつながる
283活动剧情\アジェンダ２８３\第6话-つながるがつながる.csv,9,4001027070062,めぐる＆甘奈＆千雪,呵呵呵……,283活动剧情,アジェンダ２８３,第6话-つながるがつながる
283活动剧情\アジェンダ２８３\第6话-つながるがつながる.csv,12,4001027070090,甘奈,"诶嘿嘿
很好玩，没关系",283活动剧情,アジェンダ２８３,第6话-つながるがつながる
283活动剧情\アジェンダ２８３\第6话-つながるがつながる.csv,13,4001027070100,甘奈,甜花，很困扰吗？,283活动剧情,アジェンダ２８３,第6话-つながるがつながる
283活动剧情\アジェンダ２８３\第6话-つながるがつながる.csv,20,4001027070170,甘奈,"甘奈觉得
这一定是陷阱题！",283活动剧情,アジェンダ２８３,第6话-つながるがつながる
283活动剧情\アジェンダ２８３\第6话-つながるがつながる.csv,21,4001027070180,甘奈,可燃！,283活动剧情,アジェンダ２８３,第6话-つながるがつながる
283活动剧情\アジェンダ２８３\第6话-つながるがつながる.csv,31,4001027070271,めぐる＆甘奈＆千雪,——啊哈哈……！,283活动剧情,アジェンダ２８３,第6话-つながるがつながる
283活动剧情\アジェンダ２８３\第6话-つながるがつながる.csv,38,4001027070320,甘奈,"诶嘿嘿——
果然是陷阱题",283活动剧情,アジェンダ２８３,第6话-つながるがつながる
283活动剧情\アジェンダ２８３\第6话-つながるがつながる.csv,42,4001027070360,甘奈,"哇
那里面装的果然不是好东西吗！",283活动剧情,アジェンダ２８３,第6话-つながるがつながる
283活动剧情\アジェンダ２８３\第6话-つながるがつながる.csv,47,4001027070401,めぐる＆甘奈,嗯嗯！,283活动剧情,アジェンダ２８３,第6话-つながるがつながる
283活动剧情\アジェンダ２８３\第6话-つながるがつながる.csv,51,4001027070431,甘奈＆千雪,,283活动剧情,アジェンダ２８３,第6话-つながるがつながる
283活动剧情\アジェンダ２８３\第6话-つながるがつながる.csv,77,4001027070690,甘奈,"——这样啊……
这里对于小巡们而言也是很重要的地方吧",283活动剧情,アジェンダ２８３,第6话-つながるがつながる
283活动剧情\アジェンダ２８３\第6话-つながるがつながる.csv,91,4001027070830,甘奈,"嗯！
怎么说呢……！",283活动剧情,アジェンダ２８３,第6话-つながるがつながる
283活动剧情\アジェンダ２８３\第6话-つながるがつながる.csv,92,4001027070840,甘奈,珍贵的东西连起来了！,283活动剧情,アジェンダ２８３,第6话-つながるがつながる
283活动剧情\アジェンダ２８３\第6话-つながるがつながる.csv,106,4001027070970,甘奈,"嗯
可不燃",283活动剧情,アジェンダ２８３,第6话-つながるがつながる
283活动剧情\アジェンダ２８３\第6话-つながるがつながる.csv,108,4001027070990,甘奈,好，那就继续分类吧,283活动剧情,アジェンダ２８３,第6话-つながるがつながる
283活动剧情\アンカーボルトソング\エンディング-槌をうつ音がきこえる.csv,5,4001037080020,甘奈,"今天的现场是，新建的购物中心吧？
甘奈，早就想来了——！",283活动剧情,アンカーボルトソング,エンディング-槌をうつ音がきこえる
283活动剧情\アンカーボルトソング\エンディング-槌をうつ音がきこえる.csv,8,4001037080050,甘奈,"表演完了之后不知道能不能去逛一下──？
好么，甜花也说想去看看",283活动剧情,アンカーボルトソング,エンディング-槌をうつ音がきこえる
283活动剧情\アンカーボルトソング\エンディング-槌をうつ音がきこえる.csv,15,4001037080110,甘奈,YES☆,283活动剧情,アンカーボルトソング,エンディング-槌をうつ音がきこえる
283活动剧情\アンカーボルトソング\エンディング-槌をうつ音がきこえる.csv,27,4001037080140,甘奈,────走吧,283活动剧情,アンカーボルトソング,エンディング-槌をうつ音がきこえる
283活动剧情\アンカーボルトソング\エンディング-槌をうつ音がきこえる.csv,32,4001037080190,甘奈,欸嘿嘿，嗯……！,283活动剧情,アンカーボルトソング,エンディング-槌をうつ音がきこえる
283活动剧情\アンカーボルトソング\エンディング-槌をうつ音がきこえる.csv,33,4001037080200,甘奈,"为了……
能一直能这样下去……",283活动剧情,アンカーボルトソング,エンディング-槌をうつ音がきこえる
283活动剧情\アンカーボルトソング\エンディング-槌をうつ音がきこえる.csv,37,4001037080230,甘奈,呜，嗯……！,283活动剧情,アンカーボルトソング,エンディング-槌をうつ音がきこえる
283活动剧情\アンカーボルトソング\エンディング-槌をうつ音がきこえる.csv,42,4001037080260,甘奈,"欸嘿嘿，是谁在叫我呢～？
YES☆",283活动剧情,アンカーボルトソング,エンディング-槌をうつ音がきこえる
283活动剧情\アンカーボルトソング\エンディング-槌をうつ音がきこえる.csv,47,4001037080290,甘奈,"甜花，还好吗……?
甘奈的太小了",283活动剧情,アンカーボルトソング,エンディング-槌をうつ音がきこえる
283活动剧情\アンカーボルトソング\エンディング-槌をうつ音がきこえる.csv,48,4001037080300,甘奈,"……？
怎么了……？",283活动剧情,アンカーボルトソング,エンディング-槌をうつ音がきこえる
283活动剧情\アンカーボルトソング\エンディング-槌をうつ音がきこえる.csv,58,4001037080390,甘奈,"嗯！　甘奈也想到了……！
这附近，有很多大楼互相连着！",283活动剧情,アンカーボルトソング,エンディング-槌をうつ音がきこえる
283活动剧情\アンカーボルトソング\エンディング-槌をうつ音がきこえる.csv,64,4001037080440,甘奈,"欸嘿嘿！　原来今天的开业庆典的
主角就是当时还在建造中的他……！",283活动剧情,アンカーボルトソング,エンディング-槌をうつ音がきこえる
283活动剧情\アンカーボルトソング\エンディング-槌をうつ音がきこえる.csv,70,4001037080500,甘奈,"嗯……！
得努力让这些时间成为宝贵的回忆……！",283活动剧情,アンカーボルトソング,エンディング-槌をうつ音がきこえる
283活动剧情\アンカーボルトソング\エンディング-槌をうつ音がきこえる.csv,71,4001037080510,甘奈,"为了，能成为大家
关于ALSTROEMERIA新的幻灯片…………！",283活动剧情,アンカーボルトソング,エンディング-槌をうつ音がきこえる
283活动剧情\アンカーボルトソング\エンディング-槌をうつ音がきこえる.csv,79,4001037080570,甘奈,"嗯
刚才有一瞬间变成了幻灯片！",283活动剧情,アンカーボルトソング,エンディング-槌をうつ音がきこえる
283活动剧情\アンカーボルトソング\エンディング-槌をうつ音がきこえる.csv,86,4001037080630,甘奈,"欸嘿嘿
因为，都光是些美好的回忆！",283活动剧情,アンカーボルトソング,エンディング-槌をうつ音がきこえる
283活动剧情\アンカーボルトソング\エンディング-槌をうつ音がきこえる.csv,89,4001037080660,甘奈,"啊哈哈
那样就成为不了最棒的相册了——！",283活动剧情,アンカーボルトソング,エンディング-槌をうつ音がきこえる
283活动剧情\アンカーボルトソング\エンディング-槌をうつ音がきこえる.csv,95,4001037080720,甘奈,"……？
是这样的……",283活动剧情,アンカーボルトソング,エンディング-槌をうつ音がきこえる
283活动剧情\アンカーボルトソング\エンディング-槌をうつ音がきこえる.csv,96,4001037080730,甘奈,都已经建好这栋楼了！,283活动剧情,アンカーボルトソング,エンディング-槌をうつ音がきこえる
283活动剧情\アンカーボルトソング\エンディング-槌をうつ音がきこえる.csv,98,4001037080750,甘奈,"啊，甘奈也是这样想的……！
都没见过他停工的时候！",283活动剧情,アンカーボルトソング,エンディング-槌をうつ音がきこえる
283活动剧情\アンカーボルトソング\エンディング-槌をうつ音がきこえる.csv,102,4001037080790,甘奈,"哈哈
原来如此——！",283活动剧情,アンカーボルトソング,エンディング-槌をうつ音がきこえる
283活动剧情\アンカーボルトソング\オープニング-雨の中のあたたかい錆のにおい.csv,4,4001037010020,甘奈,呜，嗯……！,283活动剧情,アンカーボルトソング,オープニング-雨の中のあたたかい錆のにおい
283活动剧情\アンカーボルトソング\オープニング-雨の中のあたたかい錆のにおい.csv,7,4001037010040,甘奈,"甜花，还好吗……?
甘奈的太小了",283活动剧情,アンカーボルトソング,オープニング-雨の中のあたたかい錆のにおい
283活动剧情\アンカーボルトソング\オープニング-雨の中のあたたかい錆のにおい.csv,13,4001037010080,甘奈,"欸嘿嘿，是谁在叫我呢～？
YES☆",283活动剧情,アンカーボルトソング,オープニング-雨の中のあたたかい錆のにおい
283活动剧情\アンカーボルトソング\オープニング-雨の中のあたたかい錆のにおい.csv,15,4001037010090,甘奈,"────…………！
没，没事吧？　甜花……！",283活动剧情,アンカーボルトソング,オープニング-雨の中のあたたかい錆のにおい
283活动剧情\アンカーボルトソング\オープニング-雨の中のあたたかい錆のにおい.csv,18,4001037010120,甘奈,"……？
怎么了……？",283活动剧情,アンカーボルトソング,オープニング-雨の中のあたたかい錆のにおい
283活动剧情\アンカーボルトソング\オープニング-雨の中のあたたかい錆のにおい.csv,24,4001037010170,甘奈,"啊，甜花！
肩膀淋湿了！",283活动剧情,アンカーボルトソング,オープニング-雨の中のあたたかい錆のにおい
283活动剧情\アンカーボルトソング\オープニング-雨の中のあたたかい錆のにおい.csv,31,4001037010240,甘奈,啊，这样的话不就变成千雪被淋湿了吗……！,283活动剧情,アンカーボルトソング,オープニング-雨の中のあたたかい錆のにおい
283活动剧情\アンカーボルトソング\オープニング-雨の中のあたたかい錆のにおい.csv,37,4001037010291,甘奈＆千雪,"……！
甜花……！",283活动剧情,アンカーボルトソング,オープニング-雨の中のあたたかい錆のにおい
283活动剧情\アンカーボルトソング\オープニング-雨の中のあたたかい錆のにおい.csv,41,4001037010320,甘奈,甜花……,283活动剧情,アンカーボルトソング,オープニング-雨の中のあたたかい錆のにおい
283活动剧情\アンカーボルトソング\オープニング-雨の中のあたたかい錆のにおい.csv,46,4001037010360,甘奈,"直到开场之前抱歉了！
请在屋檐下等等──！",283活动剧情,アンカーボルトソング,オープニング-雨の中のあたたかい錆のにおい
283活动剧情\アンカーボルトソング\オープニング-雨の中のあたたかい錆のにおい.csv,62,4001037010470,甘奈,"谢谢！
大家，之后再见啦☆",283活动剧情,アンカーボルトソング,オープニング-雨の中のあたたかい錆のにおい
283活动剧情\アンカーボルトソング\第1話-かわった.csv,10,4001037020080,甘奈,欸、好厉害……！,283活动剧情,アンカーボルトソング,第1話-かわった
283活动剧情\アンカーボルトソング\第1話-かわった.csv,11,4001037020090,甘奈,"甜花甜花！
千雪当上主持人了！",283活动剧情,アンカーボルトソング,第1話-かわった
283活动剧情\アンカーボルトソング\第1話-かわった.csv,14,4001037020120,甘奈,"呵呵！
那么，会遇见各种各样的艺人吗！？",283活动剧情,アンカーボルトソング,第1話-かわった
283活动剧情\アンカーボルトソング\第1話-かわった.csv,16,4001037020131,甘奈＆甜花,哇啊…………！,283活动剧情,アンカーボルトソング,第1話-かわった
283活动剧情\アンカーボルトソング\第1話-かわった.csv,45,4001037020340,甘奈,"────哇
………………！",283活动剧情,アンカーボルトソング,第1話-かわった
283活动剧情\アンカーボルトソング\第1話-かわった.csv,46,4001037020350,甘奈,"……所以这个
是……真的吗…………？",283活动剧情,アンカーボルトソング,第1話-かわった
283活动剧情\アンカーボルトソング\第1話-かわった.csv,48,4001037020360,甘奈,"……！
好，好厉害好厉害……好厉害……！",283活动剧情,アンカーボルトソング,第1話-かわった
283活动剧情\アンカーボルトソング\第1話-かわった.csv,51,4001037020370,甘奈,嗯……！,283活动剧情,アンカーボルトソング,第1話-かわった
283活动剧情\アンカーボルトソング\第1話-かわった.csv,52,4001037020380,甘奈,唇膏和，化妆品袋……,283活动剧情,アンカーボルトソング,第1話-かわった
283活动剧情\アンカーボルトソング\第1話-かわった.csv,53,4001037020390,甘奈,"真的真的，
可以让甘奈，来考虑怎么制作吗……！？",283活动剧情,アンカーボルトソング,第1話-かわった
283活动剧情\アンカーボルトソング\第1話-かわった.csv,55,4001037020400,甘奈,"怎么办呢……！
谢谢你，制作人────！",283活动剧情,アンカーボルトソング,第1話-かわった
283活动剧情\アンカーボルトソング\第1話-かわった.csv,56,4001037020410,甘奈,甘奈，稍微跟两人联系一下！,283活动剧情,アンカーボルトソング,第1話-かわった
283活动剧情\アンカーボルトソング\第1話-かわった.csv,58,4001037020420,甘奈,新……闻……！,283活动剧情,アンカーボルトソング,第1話-かわった
283活动剧情\アンカーボルトソング\第1話-かわった.csv,72,4001037020510,甘奈,"────然后呢，非……常厉害的呢！
连香味的成分都可以让甘奈来决定呢！",283活动剧情,アンカーボルトソング,第1話-かわった
283活动剧情\アンカーボルトソング\第1話-かわった.csv,74,4001037020530,甘奈,"能跟研究者们一起开会的样子！
甘奈也能穿上白衣哦……！",283活动剧情,アンカーボルトソング,第1話-かわった
283活动剧情\アンカーボルトソング\第1話-かわった.csv,76,4001037020550,甘奈,"欸嘿嘿～！
甜花觉得那边好呢～？",283活动剧情,アンカーボルトソング,第1話-かわった
283活动剧情\アンカーボルトソング\第1話-かわった.csv,79,4001037020580,甘奈,"也想跟千雪商谈一下～！
唇膏还是，怎样的东西才好呢！",283活动剧情,アンカーボルトソング,第1話-かわった
283活动剧情\アンカーボルトソング\第1話-かわった.csv,81,4001037020600,甘奈,……！,283活动剧情,アンカーボルトソング,第1話-かわった
283活动剧情\アンカーボルトソング\第1話-かわった.csv,83,4001037020620,甘奈,"啊──！　社交软件，没有能去确认……！
头脑里装了很多想法就回家到了……",283活动剧情,アンカーボルトソング,第1話-かわった
283活动剧情\アンカーボルトソング\第1話-かわった.csv,84,4001037020630,甘奈,"────哇……！
和很多艺人在一起……",283活动剧情,アンカーボルトソング,第1話-かわった
283活动剧情\アンカーボルトソング\第1話-かわった.csv,86,4001037020650,甘奈,"嗯……！
出演者，和粉丝的大家也是……！",283活动剧情,アンカーボルトソング,第1話-かわった
283活动剧情\アンカーボルトソング\第1話-かわった.csv,87,4001037020651,甘奈＆甜花,…………────,283活动剧情,アンカーボルトソング,第1話-かわった
283活动剧情\アンカーボルトソング\第1話-かわった.csv,88,4001037020660,甘奈,"……
千雪，真漂亮啊──……",283活动剧情,アンカーボルトソング,第1話-かわった
283活动剧情\アンカーボルトソング\第1話-かわった.csv,91,4001037020690,甘奈,……？,283活动剧情,アンカーボルトソング,第1話-かわった
283活动剧情\アンカーボルトソング\第1話-かわった.csv,93,4001037020710,甘奈,"……
嗯……",283活动剧情,アンカーボルトソング,第1話-かわった
283活动剧情\アンカーボルトソング\第1話-かわった.csv,94,4001037020711,甘奈＆甜花,,283活动剧情,アンカーボルトソング,第1話-かわった
283活动剧情\アンカーボルトソング\第2話-ひとりずつ３人.csv,9,4001037030070,甘奈,非常感谢！,283活动剧情,アンカーボルトソング,第2話-ひとりずつ３人
283活动剧情\アンカーボルトソング\第2話-ひとりずつ３人.csv,11,4001037030080,甘奈,"啊，是的……！
今天的衣服是私物，这样就可以出去了！",283活动剧情,アンカーボルトソング,第2話-ひとりずつ３人
283活动剧情\アンカーボルトソング\第2話-ひとりずつ３人.csv,12,4001037030090,甘奈,"────啊，欸嘿嘿
不行，手环，并不是甘奈的",283活动剧情,アンカーボルトソング,第2話-ひとりずつ３人
283活动剧情\アンカーボルトソング\第2話-ひとりずつ３人.csv,14,4001037030100,甘奈,不用，那样的话感觉不好意思……！,283活动剧情,アンカーボルトソング,第2話-ひとりずつ３人
283活动剧情\アンカーボルトソング\第2話-ひとりずつ３人.csv,20,4001037030140,甘奈,"《私物☆★》
《#手环是最喜欢的造型师的》",283活动剧情,アンカーボルトソング,第2話-ひとりずつ３人
283活动剧情\アンカーボルトソング\第2話-ひとりずつ３人.csv,31,4001037030230,甘奈,"────水果香，糖果香
木香，然后还有……",283活动剧情,アンカーボルトソング,第2話-ひとりずつ３人
283活动剧情\アンカーボルトソング\第2話-ひとりずつ３人.csv,32,4001037030240,甘奈,光是香气的种类有这么多……！,283活动剧情,アンカーボルトソング,第2話-ひとりずつ３人
283活动剧情\アンカーボルトソング\第2話-ひとりずつ３人.csv,34,4001037030250,甘奈,"……好厉害，只是唇膏
但是感觉非常的，硬核…………！",283活动剧情,アンカーボルトソング,第2話-ひとりずつ３人
283活动剧情\アンカーボルトソング\第2話-ひとりずつ３人.csv,36,4001037030260,甘奈,……！,283活动剧情,アンカーボルトソング,第2話-ひとりずつ３人
283活动剧情\アンカーボルトソング\第2話-ひとりずつ３人.csv,39,4001037030270,甘奈,啊，那个，不敢当……,283活动剧情,アンカーボルトソング,第2話-ひとりずつ３人
283活动剧情\アンカーボルトソング\第2話-ひとりずつ３人.csv,41,4001037030280,甘奈,"不，不是的！　不是这样的
我也────",283活动剧情,アンカーボルトソング,第2話-ひとりずつ３人
283活动剧情\アンカーボルトソング\第2話-ひとりずつ３人.csv,42,4001037030290,甘奈,"我也，能像这样学习到这么多，
真的非常高兴！",283活动剧情,アンカーボルトソング,第2話-ひとりずつ３人
283活动剧情\アンカーボルトソング\第2話-ひとりずつ３人.csv,44,4001037030300,甘奈,"自己也想去调查，资料也是
渐渐变得非常想看……！　就是────",283活动剧情,アンカーボルトソング,第2話-ひとりずつ３人
283活动剧情\アンカーボルトソング\第2話-ひとりずつ３人.csv,45,4001037030310,甘奈,我想努力做下去……！,283活动剧情,アンカーボルトソング,第2話-ひとりずつ３人
283活动剧情\アンカーボルトソング\第2話-ひとりずつ３人.csv,46,4001037030320,甘奈,"《#水果香　#糖果香
#木香　#跟研究者一起学习中　#还是秘密》",283活动剧情,アンカーボルトソング,第2話-ひとりずつ３人
283活动剧情\アンカーボルトソング\第2話-ひとりずつ３人.csv,55,4001037030380,甘奈,────哈~……！,283活动剧情,アンカーボルトソング,第2話-ひとりずつ３人
283活动剧情\アンカーボルトソング\第2話-ひとりずつ３人.csv,57,4001037030390,甘奈,"制作人……
欸嘿嘿",283活动剧情,アンカーボルトソング,第2話-ひとりずつ３人
283活动剧情\アンカーボルトソング\第2話-ひとりずつ３人.csv,58,4001037030400,甘奈,"就感觉，是甘奈
要上啦，的样子",283活动剧情,アンカーボルトソング,第2話-ひとりずつ３人
283活动剧情\アンカーボルトソング\第2話-ひとりずつ３人.csv,60,4001037030410,甘奈,"自己也感觉很不可思议……！
虽然感觉各种各样的工作全部全部，都很有趣的样子────",283活动剧情,アンカーボルトソング,第2話-ひとりずつ３人
283活动剧情\アンカーボルトソング\第2話-ひとりずつ３人.csv,61,4001037030420,甘奈,"──怎么说呢，甘奈也
…………",283活动剧情,アンカーボルトソング,第2話-ひとりずつ３人
283活动剧情\アンカーボルトソング\第2話-ひとりずつ３人.csv,62,4001037030430,甘奈,想要闪亮亮。更加,283活动剧情,アンカーボルトソング,第2話-ひとりずつ３人
283活动剧情\アンカーボルトソング\第2話-ひとりずつ３人.csv,65,4001037030440,甘奈,"……
制作人……",283活动剧情,アンカーボルトソング,第2話-ひとりずつ３人
283活动剧情\アンカーボルトソング\第2話-ひとりずつ３人.csv,66,4001037030450,甘奈,嗯……,283活动剧情,アンカーボルトソング,第2話-ひとりずつ３人
283活动剧情\アンカーボルトソング\第2話-ひとりずつ３人.csv,82,4001037030520,甘奈,借了这么多书……,283活动剧情,アンカーボルトソング,第2話-ひとりずつ３人
283活动剧情\アンカーボルトソング\第2話-ひとりずつ３人.csv,83,4001037030530,甘奈,"我看看……要练明天的台本……
听一下样本音源，还有什么来着，检查采访的原稿",283活动剧情,アンカーボルトソング,第2話-ひとりずつ３人
283活动剧情\アンカーボルトソング\第2話-ひとりずつ３人.csv,84,4001037030540,甘奈,然后、还有作业……,283活动剧情,アンカーボルトソング,第2話-ひとりずつ３人
283活动剧情\アンカーボルトソング\第2話-ひとりずつ３人.csv,85,4001037030550,甘奈,"台本10点看……10点半听完样本音源
11点差不多检查完原稿……可能会更花时间────",283活动剧情,アンカーボルトソング,第2話-ひとりずつ３人
283活动剧情\アンカーボルトソング\第2話-ひとりずつ３人.csv,86,4001037030560,甘奈,"────……
做作业的话可能就读不了书了……",283活动剧情,アンカーボルトソング,第2話-ひとりずつ３人
283活动剧情\アンカーボルトソング\第2話-ひとりずつ３人.csv,92,4001037030610,甘奈,"……
呜嗯──…………！",283活动剧情,アンカーボルトソング,第2話-ひとりずつ３人
283活动剧情\アンカーボルトソング\第2話-ひとりずつ３人.csv,93,4001037030620,甘奈,"哈啊……
台本看不完──…………",283活动剧情,アンカーボルトソング,第2話-ひとりずつ３人
283活动剧情\アンカーボルトソング\第3話-memory.csv,3,4001037040020,甘奈,"欸嘿嘿～
这个人──，是整体的负责人！　director──",283活动剧情,アンカーボルトソング,第3話-memory
283活动剧情\アンカーボルトソング\第3話-memory.csv,4,4001037040030,甘奈,"真的……是，一个什么都知道的人！
现场的人也非常的依靠他",283活动剧情,アンカーボルトソング,第3話-memory
283活动剧情\アンカーボルトソング\第3話-memory.csv,8,4001037040070,甘奈,嗯！　了不起，而且很厉害的人！,283活动剧情,アンカーボルトソング,第3話-memory
283活动剧情\アンカーボルトソング\第3話-memory.csv,10,4001037040090,甘奈,"欸──？　啊哈哈，在找他吗？
我觉得应该没在用吧────啊",283活动剧情,アンカーボルトソング,第3話-memory
283活动剧情\アンカーボルトソング\第3話-memory.csv,11,4001037040100,甘奈,这个人的话可能在用吧……！,283活动剧情,アンカーボルトソング,第3話-memory
283活动剧情\アンカーボルトソング\第3話-memory.csv,13,4001037040120,甘奈,"这个嘛，他是产品设计师！
从感觉上看起来就是个很潮流的人──……！",283活动剧情,アンカーボルトソング,第3話-memory
283活动剧情\アンカーボルトソング\第3話-memory.csv,15,4001037040140,甘奈,"有很多的点子……
非常的帅气……！",283活动剧情,アンカーボルトソング,第3話-memory
283活动剧情\アンカーボルトソング\第3話-memory.csv,19,4001037040180,甘奈,"嗯！
让我学到了很多……！",283活动剧情,アンカーボルトソング,第3話-memory
283活动剧情\アンカーボルトソング\第3話-memory.csv,21,4001037040200,甘奈,啊，甘奈差不多，要去准备明天的事情才行了……！,283活动剧情,アンカーボルトソング,第3話-memory
283活动剧情\アンカーボルトソング\第3話-memory.csv,22,4001037040210,甘奈,"欸？　对不起！
刚才要说什么～？",283活动剧情,アンカーボルトソング,第3話-memory
283活动剧情\アンカーボルトソング\第3話-memory.csv,25,4001037040240,甘奈,嗯！　之后会听录音的,283活动剧情,アンカーボルトソング,第3話-memory
283活动剧情\アンカーボルトソング\第3話-memory.csv,26,4001037040250,甘奈,"甜花才是，明天是非常重要的日子
今天要好好睡觉，做好准备才行！",283活动剧情,アンカーボルトソング,第3話-memory
283活动剧情\アンカーボルトソング\第3話-memory.csv,28,4001037040270,甘奈,"综艺节目的话，
就可以能遇到各种各样的人了……！",283活动剧情,アンカーボルトソング,第3話-memory
283活动剧情\アンカーボルトソング\第3話-memory.csv,29,4001037040280,甘奈,"要是和谁变得要好的话，
一定要告诉甘奈，好吗？",283活动剧情,アンカーボルトソング,第3話-memory
283活动剧情\アンカーボルトソング\第3話-memory.csv,32,4001037040310,甘奈,能做到的……,283活动剧情,アンカーボルトソング,第3話-memory
283活动剧情\アンカーボルトソング\第3話-memory.csv,33,4001037040320,甘奈,"参加工作的时候，怎么说呢……
是不是有一种？　整体感……",283活动剧情,アンカーボルトソング,第3話-memory
283活动剧情\アンカーボルトソング\第3話-memory.csv,34,4001037040330,甘奈,"变成那样的话，
甘奈就觉得可以变得，要好！",283活动剧情,アンカーボルトソング,第3話-memory
283活动剧情\アンカーボルトソング\第4話-ダメだった.csv,11,4001037050070,甘奈,────啊──……！\呜──…………,283活动剧情,アンカーボルトソング,第4話-ダメだった
283活动剧情\アンカーボルトソング\第4話-ダメだった.csv,12,4001037050080,甘奈,根本没有做作业的空闲──……,283活动剧情,アンカーボルトソング,第4話-ダメだった
283活动剧情\アンカーボルトソング\第4話-ダメだった.csv,14,4001037050100,甘奈,"修正一下计划……
11时45分之前做作业，然后的30分钟────",283活动剧情,アンカーボルトソング,第4話-ダメだった
283活动剧情\アンカーボルトソング\第4話-ダメだった.csv,16,4001037050120,甘奈,呼啊……────,283活动剧情,アンカーボルトソング,第4話-ダメだった
283活动剧情\アンカーボルトソング\第4話-ダメだった.csv,18,4001037050140,甘奈,"啊──……！　不行，要做的事情太多了集中不了注意力……
明明睡眠时间也要确保的…………！",283活动剧情,アンカーボルトソング,第4話-ダメだった
283活动剧情\アンカーボルトソング\第4話-ダメだった.csv,20,4001037050160,甘奈,"……啊，甜花！
对不起，没注意到……！",283活动剧情,アンカーボルトソング,第4話-ダメだった
283活动剧情\アンカーボルトソング\第4話-ダメだった.csv,22,4001037050180,甘奈,"甜花也有收录的工作，
不快点睡觉的话……！",283活动剧情,アンカーボルトソング,第4話-ダメだった
283活动剧情\アンカーボルトソング\第4話-ダメだった.csv,23,4001037050190,甘奈,"可爱的甜花
不让大家多看看可是不行的！",283活动剧情,アンカーボルトソング,第4話-ダメだった
283活动剧情\アンカーボルトソング\第4話-ダメだった.csv,26,4001037050220,甘奈,嗯，这样就好……！,283活动剧情,アンカーボルトソング,第4話-ダメだった
283活动剧情\アンカーボルトソング\第4話-ダメだった.csv,27,4001037050230,甘奈,"甘奈，因为还想在集中一下精神
所以再多使用一下房间……！",283活动剧情,アンカーボルトソング,第4話-ダメだった
283活动剧情\アンカーボルトソング\第4話-ダメだった.csv,28,4001037050240,甘奈,"晚安……！
真的，要好好睡觉……！",283活动剧情,アンカーボルトソング,第4話-ダメだった
283活动剧情\アンカーボルトソング\第4話-ダメだった.csv,30,4001037050260,甘奈,晚安──！,283活动剧情,アンカーボルトソング,第4話-ダメだった
283活动剧情\アンカーボルトソング\第4話-ダメだった.csv,69,4001037050590,甘奈,"────然后呢，
现在甘奈想到的设计是────",283活动剧情,アンカーボルトソング,第4話-ダメだった
283活动剧情\アンカーボルトソング\第4話-ダメだった.csv,77,4001037050670,甘奈,"────啊……哎
对，对不起……！　刚才稍微有点走神了……！",283活动剧情,アンカーボルトソング,第4話-ダメだった
283活动剧情\アンカーボルトソング\第4話-ダメだった.csv,79,4001037050690,甘奈,没、没有────！,283活动剧情,アンカーボルトソング,第4話-ダメだった
283活动剧情\アンカーボルトソング\第4話-ダメだった.csv,82,4001037050720,甘奈,……？,283活动剧情,アンカーボルトソング,第4話-ダメだった
283活动剧情\アンカーボルトソング\第4話-ダメだった.csv,86,4001037050751,甘奈＆千雪,───哎,283活动剧情,アンカーボルトソング,第4話-ダメだった
283活动剧情\アンカーボルトソング\第4話-ダメだった.csv,88,4001037050770,甘奈,甜、甜花……！,283活动剧情,アンカーボルトソング,第4話-ダメだった
283活动剧情\アンカーボルトソング\第4話-ダメだった.csv,89,4001037050780,甘奈,"甜花，手机是关机了吗！？
制作人说正在等你……！",283活动剧情,アンカーボルトソング,第4話-ダメだった
283活动剧情\アンカーボルトソング\第4話-ダメだった.csv,94,4001037050830,甘奈,"『今天是发表日！　好紧张　
#心跳　#奈　#要上了！』",283活动剧情,アンカーボルトソング,第4話-ダメだった
283活动剧情\アンカーボルトソング\第5話-みんな.csv,3,4001037060020,甘奈,"────那个……
我觉得，按照Ａ方案来做就挺好的……",283活动剧情,アンカーボルトソング,第5話-みんな
283活动剧情\アンカーボルトソング\第5話-みんな.csv,4,4001037060030,甘奈,"这是我经过了很多学习之后……得到的答案！
跟袋子的印象比较符合的就是Ａ方案────",283活动剧情,アンカーボルトソング,第5話-みんな
283活动剧情\アンカーボルトソング\第5話-みんな.csv,5,4001037060040,甘奈,────……,283活动剧情,アンカーボルトソング,第5話-みんな
283活动剧情\アンカーボルトソング\第5話-みんな.csv,7,4001037060050,甘奈,"…………
那么…………",283活动剧情,アンカーボルトソング,第5話-みんな
283活动剧情\アンカーボルトソング\第5話-みんな.csv,8,4001037060060,甘奈,"那么，为什么非要………找甘奈来参加
这个项目呢………",283活动剧情,アンカーボルトソング,第5話-みんな
283活动剧情\アンカーボルトソング\第5話-みんな.csv,10,4001037060070,甘奈,"甘奈，甘奈想着得要做出自己能想到的最好的东西
……",283活动剧情,アンカーボルトソング,第5話-みんな
283活动剧情\アンカーボルトソング\第5話-みんな.csv,11,4001037060080,甘奈,……就像她们两人一样────,283活动剧情,アンカーボルトソング,第5話-みんな
283活动剧情\アンカーボルトソング\第5話-みんな.csv,14,4001037060090,甘奈,但是，负责人说已经决定好了,283活动剧情,アンカーボルトソング,第5話-みんな
283活动剧情\アンカーボルトソング\第5話-みんな.csv,16,4001037060100,甘奈,"…………
这个队伍，明明之前都……",283活动剧情,アンカーボルトソング,第5話-みんな
283活动剧情\アンカーボルトソング\第5話-みんな.csv,17,4001037060110,甘奈,感觉还很不错的……,283活动剧情,アンカーボルトソング,第5話-みんな
283活动剧情\アンカーボルトソング\第5話-みんな.csv,36,4001037060190,甘奈,────……,283活动剧情,アンカーボルトソング,第5話-みんな
283活动剧情\アンカーボルトソング\第5話-みんな.csv,40,4001037060210,甘奈,"啊……甜花……！
欢迎回家！",283活动剧情,アンカーボルトソング,第5話-みんな
283活动剧情\アンカーボルトソング\第5話-みんな.csv,42,4001037060230,甘奈,"啊，嗯……！
没有到那么要紧的程度……",283活动剧情,アンカーボルトソング,第5話-みんな
283活动剧情\アンカーボルトソング\第5話-みんな.csv,43,4001037060240,甘奈,────今天回家挺早！,283活动剧情,アンカーボルトソング,第5話-みんな
283活动剧情\アンカーボルトソング\第5話-みんな.csv,45,4001037060260,甘奈,啊，甘奈去泡杯奶茶！,283活动剧情,アンカーボルトソング,第5話-みんな
283活动剧情\アンカーボルトソング\第5話-みんな.csv,46,4001037060270,甘奈,"甜花才刚刚录音回来！
坐下来休息一下把！",283活动剧情,アンカーボルトソング,第5話-みんな
283活动剧情\アンカーボルトソング\第5話-みんな.csv,48,4001037060290,甘奈,"没事没事！
奶茶是为了给辛苦劳累了的人才泡的！",283活动剧情,アンカーボルトソング,第5話-みんな
283活动剧情\アンカーボルトソング\第5話-みんな.csv,49,4001037060300,甘奈,好吗？,283活动剧情,アンカーボルトソング,第5話-みんな
283活动剧情\アンカーボルトソング\第5話-みんな.csv,64,4001037060380,甘奈,……奶茶──、也差不多热了,283活动剧情,アンカーボルトソング,第5話-みんな
283活动剧情\アンカーボルトソング\第5話-みんな.csv,66,4001037060400,甘奈,"嗯……
……",283活动剧情,アンカーボルトソング,第5話-みんな
283活动剧情\アンカーボルトソング\第5話-みんな.csv,67,4001037060410,甘奈,────……,283活动剧情,アンカーボルトソング,第5話-みんな
283活动剧情\アンカーボルトソング\第5話-みんな.csv,74,4001037060470,甘奈,"……所以，甘奈
觉得自己的心情有没有多传达到一些",283活动剧情,アンカーボルトソング,第5話-みんな
283活动剧情\アンカーボルトソング\第5話-みんな.csv,76,4001037060490,甘奈,"……嗯。如果不是甘奈来决定的话，
就感觉有点不像是甘奈企划了……",283活动剧情,アンカーボルトソング,第5話-みんな
283活动剧情\アンカーボルトソング\第5話-みんな.csv,80,4001037060530,甘奈,"……抱歉了
谢谢，能听我说这些",283活动剧情,アンカーボルトソング,第5話-みんな
283活动剧情\アンカーボルトソング\第5話-みんな.csv,82,4001037060550,甘奈,"甘奈也是，明白的。专业人士已经努力去想了，
然后才做出的判断",283活动剧情,アンカーボルトソング,第5話-みんな
283活动剧情\アンカーボルトソング\第5話-みんな.csv,83,4001037060560,甘奈,但是，甘奈……,283活动剧情,アンカーボルトソング,第5話-みんな
283活动剧情\アンカーボルトソング\第5話-みんな.csv,84,4001037060570,甘奈,…………远去了──────,283活动剧情,アンカーボルトソング,第5話-みんな
283活动剧情\アンカーボルトソング\第5話-みんな.csv,88,4001037060610,甘奈,"────心里想着能不能像
你们两人一样耀眼的话，就会…………",283活动剧情,アンカーボルトソング,第5話-みんな
283活动剧情\アンカーボルトソング\第5話-みんな.csv,89,4001037060620,甘奈,"想让这个企划，
绝对一定，要能超成功才行…………",283活动剧情,アンカーボルトソング,第5話-みんな
283活动剧情\アンカーボルトソング\第5話-みんな.csv,98,4001037060670,甘奈,"……
那，哪有……",283活动剧情,アンカーボルトソング,第5話-みんな
283活动剧情\アンカーボルトソング\第5話-みんな.csv,99,4001037060680,甘奈,"在节目上也受人瞩目……
…………跟那孩子也是",283活动剧情,アンカーボルトソング,第5話-みんな
283活动剧情\アンカーボルトソング\第5話-みんな.csv,107,4001037060740,甘奈,……,283活动剧情,アンカーボルトソング,第5話-みんな
283活动剧情\アンカーボルトソング\第5話-みんな.csv,109,4001037060760,甘奈,"……啊 
……甜花…………",283活动剧情,アンカーボルトソング,第5話-みんな
283活动剧情\アンカーボルトソング\第5話-みんな.csv,111,4001037060780,甘奈,没，没有的事……！,283活动剧情,アンカーボルトソング,第5話-みんな
283活动剧情\アンカーボルトソング\第5話-みんな.csv,120,4001037060830,甘奈,"…………
这个，我看过……",283活动剧情,アンカーボルトソング,第5話-みんな
283活动剧情\アンカーボルトソング\第5話-みんな.csv,122,4001037060850,甘奈,"在粉丝里还挺火的
好棒……",283活动剧情,アンカーボルトソング,第5話-みんな
283活动剧情\アンカーボルトソング\第5話-みんな.csv,123,4001037060860,甘奈,"无论，哪一个……
都是非常棒的回忆……",283活动剧情,アンカーボルトソング,第5話-みんな
283活动剧情\アンカーボルトソング\第5話-みんな.csv,127,4001037060900,甘奈,────我去把它重新……弄一下……,283活动剧情,アンカーボルトソング,第5話-みんな
283活动剧情\アンカーボルトソング\第5話-みんな.csv,129,4001037060920,甘奈,"对不起……
不是的……不是…………",283活动剧情,アンカーボルトソング,第5話-みんな
283活动剧情\アンカーボルトソング\第5話-みんな.csv,130,4001037060930,甘奈,"甘奈说的是，现在非得要去
认真思考的事情……",283活动剧情,アンカーボルトソング,第5話-みんな
283活动剧情\アンカーボルトソング\第5話-みんな.csv,131,4001037060940,甘奈,"我自己是清楚的。就算甜花不再用社交软件的话
那么甘奈，也不……────",283活动剧情,アンカーボルトソング,第5話-みんな
283活动剧情\アンカーボルトソング\第5話-みんな.csv,137,4001037061000,甘奈,…………,283活动剧情,アンカーボルトソング,第5話-みんな
283活动剧情\アンカーボルトソング\第5話-みんな.csv,138,4001037061010,甘奈,"甘奈也觉得，甜花……
也是非常厉害的……",283活动剧情,アンカーボルトソング,第5話-みんな
283活动剧情\アンカーボルトソング\第5話-みんな.csv,139,4001037061020,甘奈,然后……,283活动剧情,アンカーボルトソング,第5話-みんな
283活动剧情\アンカーボルトソング\第5話-みんな.csv,140,4001037061030,甘奈,"……三个人一起
大家一起……才是ALSTROEMERIA…………",283活动剧情,アンカーボルトソング,第5話-みんな
283活动剧情\アンカーボルトソング\第6話-のびる、びる.csv,3,4001037070010,甘奈,要到最后了──……！,283活动剧情,アンカーボルトソング,第6話-のびる、びる
283活动剧情\アンカーボルトソング\第6話-のびる、びる.csv,6,4001037070020,甘奈,"嗯！
YES☆",283活动剧情,アンカーボルトソング,第6話-のびる、びる
283活动剧情\アンカーボルトソング\第6話-のびる、びる.csv,8,4001037070030,甘奈,"欸嘿嘿
虽然已经很久没跳舞了，但是身体还是会自己跳起来！",283活动剧情,アンカーボルトソング,第6話-のびる、びる
283活动剧情\アンカーボルトソング\第6話-のびる、びる.csv,16,4001037070080,甘奈,"……啊
虽然……可能是这么回事……",283活动剧情,アンカーボルトソング,第6話-のびる、びる
283活动剧情\アンカーボルトソング\第6話-のびる、びる.csv,21,4001037070100,甘奈,"千──雪────……！
YES──……☆",283活动剧情,アンカーボルトソング,第6話-のびる、びる
283活动剧情\アンカーボルトソング\第6話-のびる、びる.csv,31,4001037070160,甘奈,嗯……！,283活动剧情,アンカーボルトソング,第6話-のびる、びる
283活动剧情\アンカーボルトソング\第6話-のびる、びる.csv,32,4001037070170,甘奈,"制作人说的事……
虽然不知道，是不是唱卡拉OK……",283活动剧情,アンカーボルトソング,第6話-のびる、びる
283活动剧情\アンカーボルトソング\第6話-のびる、びる.csv,35,4001037070200,甘奈,那么，这样就行了吗……？,283活动剧情,アンカーボルトソング,第6話-のびる、びる
283活动剧情\アンカーボルトソング\第6話-のびる、びる.csv,45,4001037070290,甘奈,欸嘿嘿，千雪也看过了──,283活动剧情,アンカーボルトソング,第6話-のびる、びる
283活动剧情\アンカーボルトソング\第6話-のびる、びる.csv,51,4001037070340,甘奈,"千，千雪……！
为什么，要这样想…………！",283活动剧情,アンカーボルトソング,第6話-のびる、びる
283活动剧情\アンカーボルトソング\第6話-のびる、びる.csv,55,4001037070380,甘奈,……,283活动剧情,アンカーボルトソング,第6話-のびる、びる
283活动剧情\アンカーボルトソング\第6話-のびる、びる.csv,60,4001037070430,甘奈,是，是啊……,283活动剧情,アンカーボルトソング,第6話-のびる、びる
283活动剧情\アンカーボルトソング\第6話-のびる、びる.csv,65,4001037070480,甘奈,"没有……
甘奈也是这样想的",283活动剧情,アンカーボルトソング,第6話-のびる、びる
283活动剧情\アンカーボルトソング\第6話-のびる、びる.csv,66,4001037070490,甘奈,"想要一直这样下去……
但是……",283活动剧情,アンカーボルトソング,第6話-のびる、びる
283活动剧情\アンカーボルトソング\第6話-のびる、びる.csv,72,4001037070550,甘奈,"……！
昨天甘奈和甜花也说了类似的话……！",283活动剧情,アンカーボルトソング,第6話-のびる、びる
283活动剧情\アンカーボルトソング\第6話-のびる、びる.csv,73,4001037070560,甘奈,"……甘奈和甜花也是，
最近一团糟",283活动剧情,アンカーボルトソング,第6話-のびる、びる
283活动剧情\アンカーボルトソング\第6話-のびる、びる.csv,82,4001037070641,甘奈＆千雪,──────…………,283活动剧情,アンカーボルトソング,第6話-のびる、びる
283活动剧情\アンカーボルトソング\第6話-のびる、びる.csv,83,4001037070650,甘奈,偷，偷偷告诉他们吧……,283活动剧情,アンカーボルトソング,第6話-のびる、びる
283活动剧情\アンカーボルトソング\第6話-のびる、びる.csv,84,4001037070660,甘奈,"告诉他们！
现在，我们正在一起的事情……",283活动剧情,アンカーボルトソング,第6話-のびる、びる
283活动剧情\アンカーボルトソング\第6話-のびる、びる.csv,85,4001037070670,甘奈,"告诉现在正在寂寞的人……
ALSTROEMERIA，一直都在一起……！",283活动剧情,アンカーボルトソング,第6話-のびる、びる
283活动剧情\アンカーボルトソング\第6話-のびる、びる.csv,89,4001037070710,甘奈,"欸——
千雪也要一起的哦——！",283活动剧情,アンカーボルトソング,第6話-のびる、びる
283活动剧情\アンカーボルトソング\第6話-のびる、びる.csv,93,4001037070750,甘奈,"……！
真是的，甘奈想要第一个说的～！",283活动剧情,アンカーボルトソング,第6話-のびる、びる
283活动剧情\アンカーボルトソング\第6話-のびる、びる.csv,94,4001037070760,甘奈,"怎么样？
甜花……！",283活动剧情,アンカーボルトソング,第6話-のびる、びる
283活动剧情\アンカーボルトソング\第6話-のびる、びる.csv,97,4001037070790,甘奈,《♡　#永远》,283活动剧情,アンカーボルトソング,第6話-のびる、びる
283活动剧情\アンカーボルトソング\第6話-のびる、びる.csv,106,4001037070860,甘奈,嗯，嗯────────！,283活动剧情,アンカーボルトソング,第6話-のびる、びる
283活动剧情\アンカーボルトソング\第6話-のびる、びる.csv,108,4001037070870,甘奈,哈────……！,283活动剧情,アンカーボルトソング,第6話-のびる、びる
283活动剧情\アンカーボルトソング\第6話-のびる、びる.csv,109,4001037070880,甘奈,哈……──────,283活动剧情,アンカーボルトソング,第6話-のびる、びる
283活动剧情\アンカーボルトソング\第6話-のびる、びる.csv,110,4001037070890,甘奈,"甜花，千雪
我去去就回……！",283活动剧情,アンカーボルトソング,第6話-のびる、びる
283活动剧情\オペレーション・サンタ！～包囲せよ２８３プロ～\第3话-キラキラノンシュガートラップ.csv,107,4001007040930,甘奈,"咦？刚才有什么声音吗？
「咚咚咚」的",283活动剧情,オペレーション・サンタ！～包囲せよ２８３プロ～,第3话-キラキラノンシュガートラップ
283活动剧情\オペレーション・サンタ！～包囲せよ２８３プロ～\第3话-キラキラノンシュガートラップ.csv,109,4001007040950,甘奈,"……嗯——可能是我搞错了吧……
抱歉！千雪姐",283活动剧情,オペレーション・サンタ！～包囲せよ２８３プロ～,第3话-キラキラノンシュガートラップ
283活动剧情\オペレーション・サンタ！～包囲せよ２８３プロ～\第3话-キラキラノンシュガートラップ.csv,111,4001007040970,甘奈,对哦，是这样呢！,283活动剧情,オペレーション・サンタ！～包囲せよ２８３プロ～,第3话-キラキラノンシュガートラップ
283活动剧情\オペレーション・サンタ！～包囲せよ２８３プロ～\第3话-キラキラノンシュガートラップ.csv,115,4001007041010,甘奈,"啊——！甘奈明白了——
那个是，制作人先生对吧☆",283活动剧情,オペレーション・サンタ！～包囲せよ２８３プロ～,第3话-キラキラノンシュガートラップ
283活动剧情\オペレーション・サンタ！～包囲せよ２８３プロ～\第3话-キラキラノンシュガートラップ.csv,119,4001007041041,甘奈＆甜花,嗯！,283活动剧情,オペレーション・サンタ！～包囲せよ２８３プロ～,第3话-キラキラノンシュガートラップ
283活动剧情\オペレーション・サンタ！～包囲せよ２８３プロ～\第5话-くいあらためてください.csv,70,4001007060660,甘奈,"呐千雪姐
千雪姐到几岁为止，还相信有圣诞老人呢？",283活动剧情,オペレーション・サンタ！～包囲せよ２８３プロ～,第5话-くいあらためてください
283活动剧情\オペレーション・サンタ！～包囲せよ２８３プロ～\第5话-くいあらためてください.csv,72,4001007060671,甘奈＆甜花,诶——！？,283活动剧情,オペレーション・サンタ！～包囲せよ２８３プロ～,第5话-くいあらためてください
283活动剧情\オペレーション・サンタ！～包囲せよ２８３プロ～\第5话-くいあらためてください.csv,73,4001007060680,甘奈,为什么为什么！？,283活动剧情,オペレーション・サンタ！～包囲せよ２８３プロ～,第5话-くいあらためてください
283活动剧情\オペレーション・サンタ！～包囲せよ２８３プロ～\第5话-くいあらためてください.csv,82,4001007060770,甘奈,"哇……！
小时候的千雪姐好可爱——……☆",283活动剧情,オペレーション・サンタ！～包囲せよ２８３プロ～,第5话-くいあらためてください
283活动剧情\オペレーション・サンタ！～包囲せよ２８３プロ～\第5话-くいあらためてください.csv,88,4001007060830,甘奈,"诶~~！感觉好棒啊！
千雪姐和弟弟都好纯真呢！",283活动剧情,オペレーション・サンタ！～包囲せよ２８３プロ～,第5话-くいあらためてください
283活动剧情\オペレーション・サンタ！～包囲せよ２８３プロ～\第5话-くいあらためてください.csv,90,4001007060850,甘奈,但曾想过一起抓住圣诞老人呢——,283活动剧情,オペレーション・サンタ！～包囲せよ２８３プロ～,第5话-くいあらためてください
283活动剧情\オペレーション・サンタ！～包囲せよ２８３プロ～\第5话-くいあらためてください.csv,93,4001007060880,甘奈,因为，他总是回去得很快嘛！,283活动剧情,オペレーション・サンタ！～包囲せよ２８３プロ～,第5话-くいあらためてください
283活动剧情\オペレーション・サンタ！～包囲せよ２８３プロ～\第5话-くいあらためてください.csv,94,4001007060890,甘奈,"不是通过写信，而是想当面向他道谢
还有就是，想摸摸看驯鹿！",283活动剧情,オペレーション・サンタ！～包囲せよ２８３プロ～,第5话-くいあらためてください
283活动剧情\オペレーション・サンタ！～包囲せよ２８３プロ～\第6话-観念せよ！トナカイ.csv,65,4001007070480,甘奈,"咦，大家聚在一起！？
甜花酱，千雪姐，快点快点",283活动剧情,オペレーション・サンタ！～包囲せよ２８３プロ～,第6话-観念せよ！トナカイ
283活动剧情\オペレーション・サンタ！～包囲せよ２８３プロ～\第6话-観念せよ！トナカイ.csv,69,4001007070510,甘奈,"撬棍……？对不起，不太清楚
我们一直在房间里制作装饰品……",283活动剧情,オペレーション・サンタ！～包囲せよ２８３プロ～,第6话-観念せよ！トナカイ
283活动剧情\オペレーション・サンタ！～包囲せよ２８３プロ～\第6话-観念せよ！トナカイ.csv,71,4001007070520,甘奈,是需要用撬棍吗？,283活动剧情,オペレーション・サンタ！～包囲せよ２８３プロ～,第6话-観念せよ！トナカイ
283活动剧情\オペレーション・サンタ！～包囲せよ２８３プロ～\第6话-観念せよ！トナカイ.csv,87,4001007070630,甘奈,"怎，怎么了！？
制作人先生，还有大家都怎么了……？",283活动剧情,オペレーション・サンタ！～包囲せよ２８３プロ～,第6话-観念せよ！トナカイ
283活动剧情\オペレーション・サンタ！～包囲せよ２８３プロ～\第6话-観念せよ！トナカイ.csv,89,4001007070650,甘奈,嗯，嗯……！,283活动剧情,オペレーション・サンタ！～包囲せよ２８３プロ～,第6话-観念せよ！トナカイ
283活动剧情\オペレーション・サンタ！～包囲せよ２８３プロ～\终章-サンタさんつかまえた.csv,42,4001007080150,甘奈,诶……！,283活动剧情,オペレーション・サンタ！～包囲せよ２８３プロ～,终章-サンタさんつかまえた
283活动剧情\オペレーション・サンタ！～包囲せよ２８３プロ～\终章-サンタさんつかまえた.csv,48,4001007080190,甘奈,"嗯！
是大家一起站上舞台哦，果穗☆",283活动剧情,オペレーション・サンタ！～包囲せよ２８３プロ～,终章-サンタさんつかまえた
283活动剧情\オペレーション・サンタ！～包囲せよ２８３プロ～\终章-サンタさんつかまえた.csv,64,4001007080341,甘奈＆甜花,诶嘿嘿☆,283活动剧情,オペレーション・サンタ！～包囲せよ２８３プロ～,终章-サンタさんつかまえた
283活动剧情\オペレーション・サンタ！～包囲せよ２８３プロ～\终章-サンタさんつかまえた.csv,86,4001007080550,甘奈,"嗯！
甘奈也这么觉得——☆",283活动剧情,オペレーション・サンタ！～包囲せよ２８３プロ～,终章-サンタさんつかまえた
283活动剧情\オペレーション・サンタ！～包囲せよ２８３プロ～\终章-サンタさんつかまえた.csv,107,4001007080760,甘奈,哇，真的！是雪~！,283活动剧情,オペレーション・サンタ！～包囲せよ２８３プロ～,终章-サンタさんつかまえた
283活动剧情\オペレーション・サンタ！～包囲せよ２８３プロ～\终章-サンタさんつかまえた.csv,122,4001007080910,甘奈,…………,283活动剧情,オペレーション・サンタ！～包囲せよ２８３プロ～,终章-サンタさんつかまえた
283活动剧情\オペレーション・サンタ！～包囲せよ２８３プロ～\终章-サンタさんつかまえた.csv,126,4001007080950,甘奈,嘘——……！,283活动剧情,オペレーション・サンタ！～包囲せよ２８３プロ～,终章-サンタさんつかまえた
283活动剧情\オペレーション・サンタ！～包囲せよ２８３プロ～\终章-サンタさんつかまえた.csv,129,4001007080980,甘奈,诶嘿嘿，抓到圣诞老人了☆,283活动剧情,オペレーション・サンタ！～包囲せよ２８３プロ～,终章-サンタさんつかまえた
283活动剧情\オペレーション・サンタ！～包囲せよ２８３プロ～\终章-サンタさんつかまえた.csv,132,4001007081010,甘奈,"诶嘿嘿~不行哦，千雪姐
得让甘奈和甜花也做一回圣诞老人☆",283活动剧情,オペレーション・サンタ！～包囲せよ２８３プロ～,终章-サンタさんつかまえた
283活动剧情\オペレーション・サンタ！～包囲せよ２８３プロ～\终章-サンタさんつかまえた.csv,136,4001007081050,甘奈,诶嘿嘿，但是……,283活动剧情,オペレーション・サンタ！～包囲せよ２８３プロ～,终章-サンタさんつかまえた
283活动剧情\オペレーション・サンタ！～包囲せよ２８３プロ～\终章-サンタさんつかまえた.csv,140,4001007081090,甘奈,哇，千雪姐……！,283活动剧情,オペレーション・サンタ！～包囲せよ２８３プロ～,终章-サンタさんつかまえた
283活动剧情\オペレーション・サンタ！～包囲せよ２８３プロ～\终章-サンタさんつかまえた.csv,144,4001007081130,甘奈,啊~是甘奈先抓到的！,283活动剧情,オペレーション・サンタ！～包囲せよ２８３プロ～,终章-サンタさんつかまえた
283活动剧情\オペレーション・サンタ！～包囲せよ２８３プロ～\终章-サンタさんつかまえた.csv,146,4001007081150,甘奈,抱~~☆,283活动剧情,オペレーション・サンタ！～包囲せよ２８３プロ～,终章-サンタさんつかまえた
283活动剧情\サマー・ミーツ・ワンダーランド\夏休みの秘密.csv,24,4001015080210,甘奈,,283活动剧情,サマー・ミーツ・ワンダーランド,夏休みの秘密
283活动剧情\サマー・ミーツ・ワンダーランド\夏休みの秘密.csv,26,4001015080230,甘奈,"——没什么
四天三夜，虽然一转眼就过去了，但也相当长啊",283活动剧情,サマー・ミーツ・ワンダーランド,夏休みの秘密
283活动剧情\サマー・ミーツ・ワンダーランド\夏休みの秘密.csv,27,4001015080240,甘奈,"毕竟是第一次
和甜花分开这么久",283活动剧情,サマー・ミーツ・ワンダーランド,夏休みの秘密
283活动剧情\サマー・ミーツ・ワンダーランド\夏休みの秘密.csv,29,4001015080260,甘奈,当然很棒了！,283活动剧情,サマー・ミーツ・ワンダーランド,夏休みの秘密
283活动剧情\サマー・ミーツ・ワンダーランド\夏休みの秘密.csv,32,4001015080290,甘奈,——……嗯,283活动剧情,サマー・ミーツ・ワンダーランド,夏休みの秘密
283活动剧情\サマー・ミーツ・ワンダーランド\時の物語.csv,56,4001015040520,甘奈,诶？,283活动剧情,サマー・ミーツ・ワンダーランド,時の物語
283活动剧情\サマー・ミーツ・ワンダーランド\時の物語.csv,58,4001015040540,甘奈,"——啊啊……嗯！没错！
大家已经游了很久了呢～",283活动剧情,サマー・ミーツ・ワンダーランド,時の物語
283活动剧情\サマー・ミーツ・ワンダーランド\時の物語.csv,59,4001015040550,甘奈,必须要享受大海～☆ 这么说了,283活动剧情,サマー・ミーツ・ワンダーランド,時の物語
283活动剧情\サマー・ミーツ・ワンダーランド\時の物語.csv,61,4001015040570,甘奈,呵呵……,283活动剧情,サマー・ミーツ・ワンダーランド,時の物語
283活动剧情\サマー・ミーツ・ワンダーランド\時の物語.csv,64,4001015040600,甘奈,诶,283活动剧情,サマー・ミーツ・ワンダーランド,時の物語
283活动剧情\サマー・ミーツ・ワンダーランド\時の物語.csv,66,4001015040620,甘奈,——……嗯,283活动剧情,サマー・ミーツ・ワンダーランド,時の物語
283活动剧情\サマー・ミーツ・ワンダーランド\時の物語.csv,67,4001015040630,甘奈,"我和甜花
约好了之后告诉她今天发生的事",283活动剧情,サマー・ミーツ・ワンダーランド,時の物語
283活动剧情\サマー・ミーツ・ワンダーランド\時の物語.csv,69,4001015040650,甘奈,,283活动剧情,サマー・ミーツ・ワンダーランド,時の物語
283活动剧情\サマー・ミーツ・ワンダーランド\時の物語.csv,71,4001015040670,甘奈,"诶！？
就，就算问怎么样！",283活动剧情,サマー・ミーツ・ワンダーランド,時の物語
283活动剧情\サマー・ミーツ・ワンダーランド\時の物語.csv,73,4001015040690,甘奈,"等一下等一下！
突然要我说很困扰的",283活动剧情,サマー・ミーツ・ワンダーランド,時の物語
283活动剧情\サマー・ミーツ・ワンダーランド\時の物語.csv,75,4001015040710,甘奈,哇——摩美美坏心眼～,283活动剧情,サマー・ミーツ・ワンダーランド,時の物語
283活动剧情\サマー・ミーツ・ワンダーランド\時の物語.csv,79,4001015040750,甘奈,欢迎回来☆,283活动剧情,サマー・ミーツ・ワンダーランド,時の物語
283活动剧情\サマー・ミーツ・ワンダーランド\時の物語.csv,88,4001015040831,摩美々＆甘奈,,283活动剧情,サマー・ミーツ・ワンダーランド,時の物語
283活动剧情\サマー・ミーツ・ワンダーランド\時の物語.csv,89,4001015040832,摩美々＆甘奈,现在就不必了,283活动剧情,サマー・ミーツ・ワンダーランド,時の物語
283活动剧情\サマー・ミーツ・ワンダーランド\時の物語.csv,92,4001015040860,甘奈,青色的美人鱼也是,283活动剧情,サマー・ミーツ・ワンダーランド,時の物語
283活动剧情\サマー・ミーツ・ワンダーランド\時の物語.csv,99,4001015040900,甘奈,制作人也来游泳吗？,283活动剧情,サマー・ミーツ・ワンダーランド,時の物語
283活动剧情\サマー・ミーツ・ワンダーランド\朝の物語.csv,81,4001015010710,甘奈,AISTROEMERIA也没问题☆,283活动剧情,サマー・ミーツ・ワンダーランド,朝の物語
283活动剧情\サマー・ミーツ・ワンダーランド\鏡の物語.csv,10,4001015050072,甘奈＆あさひ,……嗯嗯……,283活动剧情,サマー・ミーツ・ワンダーランド,鏡の物語
283活动剧情\シャイニーの日\2020年4月12日-シャイニーの日 2020 特別コミュ.csv,18,4901012010160,甘奈,"——诶嘿嘿～昨天放进冰箱里当做奖赏的甜点☆
来吃吧，甜花",283活动剧情,シャイニーの日,2020年4月12日-シャイニーの日 2020 特別コミュ
283活动剧情\シャイニーの日\2021年4月12日-シャイニーの日 2021 特別コミュ.csv,44,4901022010390,甘奈,"诶嘿嘿～！千雪姐的华夫饼，出来吧～☆
————咦，好像里面很多东西哦！",283活动剧情,シャイニーの日,2021年4月12日-シャイニーの日 2021 特別コミュ
283活动剧情\シャイニーの日\2022年4月12日-シャイニーの日 2022 特別コミュ.csv,9,4901030010030,甘奈,"OK，交给我们吧☆
──啊，制作人……！？",283活动剧情,シャイニーの日,2022年4月12日-シャイニーの日 2022 特別コミュ
283活动剧情\シャイニーの日\2023年4月12日-シャイニーの日 2023 特別コミュ.csv,10,4901040010080,甘奈,"甘奈我……现在非常幸福
所以我在想，如果未来也能……",283活动剧情,シャイニーの日,2023年4月12日-シャイニーの日 2023 特別コミュ
283活动剧情\シャイニーの日\2023年4月12日-シャイニーの日 2023 特別コミュ.csv,11,4901040010090,甘奈,"也能如此刻一般
永远不变该有多好……",283活动剧情,シャイニーの日,2023年4月12日-シャイニーの日 2023 特別コミュ
283活动剧情\シャイニーの日\シャイニーの日 2025 特別コミュ.csv,27,4902000010230,甘奈,"谢啦☆　早上我特意看了占卜
说是『今日女孩子宜主动出击』～",283活动剧情,シャイニーの日,シャイニーの日 2025 特別コミュ
283活动剧情\ミルキィウェイ61-世界と世界がまじわる夜に-\序章-お下がりくださいっ.csv,55,4001017010340,甘奈,——……应该,283活动剧情,ミルキィウェイ61-世界と世界がまじわる夜に-,序章-お下がりくださいっ
283活动剧情\ミルキィウェイ61-世界と世界がまじわる夜に-\序章-お下がりくださいっ.csv,56,4001017010350,甘奈,是这辆列车吧,283活动剧情,ミルキィウェイ61-世界と世界がまじわる夜に-,序章-お下がりくださいっ
283活动剧情\ミルキィウェイ61-世界と世界がまじわる夜に-\序章-お下がりくださいっ.csv,58,4001017010370,甘奈,,283活动剧情,ミルキィウェイ61-世界と世界がまじわる夜に-,序章-お下がりくださいっ
283活动剧情\ミルキィウェイ61-世界と世界がまじわる夜に-\序章-お下がりくださいっ.csv,60,4001017010390,甘奈,嗯……,283活动剧情,ミルキィウェイ61-世界と世界がまじわる夜に-,序章-お下がりくださいっ
283活动剧情\ミルキィウェイ61-世界と世界がまじわる夜に-\序章-お下がりくださいっ.csv,61,4001017010400,甘奈,……“经由蛇夫座，银河方向”,283活动剧情,ミルキィウェイ61-世界と世界がまじわる夜に-,序章-お下がりくださいっ
283活动剧情\ミルキィウェイ61-世界と世界がまじわる夜に-\序章-お下がりくださいっ.csv,62,4001017010410,甘奈,“将前往织女星”,283活动剧情,ミルキィウェイ61-世界と世界がまじわる夜に-,序章-お下がりくださいっ
283活动剧情\ミルキィウェイ61-世界と世界がまじわる夜に-\第1话-キャラメルのバラッド.csv,2,4001017020010,甘奈,"……
车型很旧呢……",283活动剧情,ミルキィウェイ61-世界と世界がまじわる夜に-,第1话-キャラメルのバラッド
283活动剧情\ミルキィウェイ61-世界と世界がまじわる夜に-\第1话-キャラメルのバラッド.csv,5,4001017020040,甘奈,嗯……,283活动剧情,ミルキィウェイ61-世界と世界がまじわる夜に-,第1话-キャラメルのバラッド
283活动剧情\ミルキィウェイ61-世界と世界がまじわる夜に-\第1话-キャラメルのバラッド.csv,6,4001017020050,甘奈,——甜花……,283活动剧情,ミルキィウェイ61-世界と世界がまじわる夜に-,第1话-キャラメルのバラッド
283活动剧情\ミルキィウェイ61-世界と世界がまじわる夜に-\第1话-キャラメルのバラッド.csv,9,4001017020080,甘奈,"……
说的也是……",283活动剧情,ミルキィウェイ61-世界と世界がまじわる夜に-,第1话-キャラメルのバラッド
283活动剧情\ミルキィウェイ61-世界と世界がまじわる夜に-\第1话-キャラメルのバラッド.csv,10,4001017020090,甘奈,,283活动剧情,ミルキィウェイ61-世界と世界がまじわる夜に-,第1话-キャラメルのバラッド
283活动剧情\ミルキィウェイ61-世界と世界がまじわる夜に-\第1话-キャラメルのバラッド.csv,15,4001017020140,甘奈,,283活动剧情,ミルキィウェイ61-世界と世界がまじわる夜に-,第1话-キャラメルのバラッド
283活动剧情\ミルキィウェイ61-世界と世界がまじわる夜に-\第1话-キャラメルのバラッド.csv,25,4001017020240,甘奈,,283活动剧情,ミルキィウェイ61-世界と世界がまじわる夜に-,第1话-キャラメルのバラッド
283活动剧情\ミルキィウェイ61-世界と世界がまじわる夜に-\第1话-キャラメルのバラッド.csv,30,4001017020290,甘奈,,283活动剧情,ミルキィウェイ61-世界と世界がまじわる夜に-,第1话-キャラメルのバラッド
283活动剧情\ミルキィウェイ61-世界と世界がまじわる夜に-\第1话-キャラメルのバラッド.csv,42,4001017020410,甘奈,……嗯,283活动剧情,ミルキィウェイ61-世界と世界がまじわる夜に-,第1话-キャラメルのバラッド
283活动剧情\ミルキィウェイ61-世界と世界がまじわる夜に-\第1话-キャラメルのバラッド.csv,43,4001017020420,甘奈,────……千雪，谢谢,283活动剧情,ミルキィウェイ61-世界と世界がまじわる夜に-,第1话-キャラメルのバラッド
283活动剧情\ミルキィウェイ61-世界と世界がまじわる夜に-\第1话-キャラメルのバラッド.csv,45,4001017020440,甘奈,现在……我们什么也做不了……,283活动剧情,ミルキィウェイ61-世界と世界がまじわる夜に-,第1话-キャラメルのバラッド
283活动剧情\ミルキィウェイ61-世界と世界がまじわる夜に-\第1话-キャラメルのバラッド.csv,47,4001017020460,甘奈,"嗯……
吃点甜的，维持在一个发生什么都能行动的状态才行",283活动剧情,ミルキィウェイ61-世界と世界がまじわる夜に-,第1话-キャラメルのバラッド
283活动剧情\ミルキィウェイ61-世界と世界がまじわる夜に-\第1话-キャラメルのバラッド.csv,49,4001017020480,甘奈,"……
真的",283活动剧情,ミルキィウェイ61-世界と世界がまじわる夜に-,第1话-キャラメルのバラッド
283活动剧情\ミルキィウェイ61-世界と世界がまじわる夜に-\第1话-キャラメルのバラッド.csv,50,4001017020490,甘奈,很甜……,283活动剧情,ミルキィウェイ61-世界と世界がまじわる夜に-,第1话-キャラメルのバラッド
283活动剧情\ミルキィウェイ61-世界と世界がまじわる夜に-\第2话-ちょっとした荒事.csv,83,4001017030600,甘奈,,283活动剧情,ミルキィウェイ61-世界と世界がまじわる夜に-,第2话-ちょっとした荒事
283活动剧情\ミルキィウェイ61-世界と世界がまじわる夜に-\第2话-ちょっとした荒事.csv,84,4001017030610,甘奈,和小马一起的女孩子……,283活动剧情,ミルキィウェイ61-世界と世界がまじわる夜に-,第2话-ちょっとした荒事
283活动剧情\ミルキィウェイ61-世界と世界がまじわる夜に-\第2话-ちょっとした荒事.csv,86,4001017030630,甘奈,——还说赏金猎人……,283活动剧情,ミルキィウェイ61-世界と世界がまじわる夜に-,第2话-ちょっとした荒事
283活动剧情\ミルキィウェイ61-世界と世界がまじわる夜に-\第3话-ラ・ラ・ラ・ミルキィウェイ.csv,14,4001017040100,甘奈,"警卫……
都不在……",283活动剧情,ミルキィウェイ61-世界と世界がまじわる夜に-,第3话-ラ・ラ・ラ・ミルキィウェイ
283活动剧情\ミルキィウェイ61-世界と世界がまじわる夜に-\第3话-ラ・ラ・ラ・ミルキィウェイ.csv,16,4001017040120,甘奈,可能不在这辆车厢里吧……,283活动剧情,ミルキィウェイ61-世界と世界がまじわる夜に-,第3话-ラ・ラ・ラ・ミルキィウェイ
283活动剧情\ミルキィウェイ61-世界と世界がまじわる夜に-\第3话-ラ・ラ・ラ・ミルキィウェイ.csv,17,4001017040130,甘奈,本来还想问问赏金猎人的事的……,283活动剧情,ミルキィウェイ61-世界と世界がまじわる夜に-,第3话-ラ・ラ・ラ・ミルキィウェイ
283活动剧情\ミルキィウェイ61-世界と世界がまじわる夜に-\第3话-ラ・ラ・ラ・ミルキィウェイ.csv,19,4001017040150,甘奈,……甜花……,283活动剧情,ミルキィウェイ61-世界と世界がまじわる夜に-,第3话-ラ・ラ・ラ・ミルキィウェイ
283活动剧情\ミルキィウェイ61-世界と世界がまじわる夜に-\第3话-ラ・ラ・ラ・ミルキィウェイ.csv,22,4001017040180,甘奈,"！
警卫在吗！？",283活动剧情,ミルキィウェイ61-世界と世界がまじわる夜に-,第3话-ラ・ラ・ラ・ミルキィウェイ
283活动剧情\ミルキィウェイ61-世界と世界がまじわる夜に-\第3话-ラ・ラ・ラ・ミルキィウェイ.csv,25,4001017040210,甘奈,,283活动剧情,ミルキィウェイ61-世界と世界がまじわる夜に-,第3话-ラ・ラ・ラ・ミルキィウェイ
283活动剧情\ミルキィウェイ61-世界と世界がまじわる夜に-\第3话-ラ・ラ・ラ・ミルキィウェイ.csv,27,4001017040230,甘奈,……嗯……,283活动剧情,ミルキィウェイ61-世界と世界がまじわる夜に-,第3话-ラ・ラ・ラ・ミルキィウェイ
283活动剧情\ミルキィウェイ61-世界と世界がまじわる夜に-\第3话-ラ・ラ・ラ・ミルキィウェイ.csv,28,4001017040240,甘奈,"——这种时候偏偏……
真漂亮……",283活动剧情,ミルキィウェイ61-世界と世界がまじわる夜に-,第3话-ラ・ラ・ラ・ミルキィウェイ
283活动剧情\ミルキィウェイ61-世界と世界がまじわる夜に-\第3话-ラ・ラ・ラ・ミルキィウェイ.csv,30,4001017040260,甘奈,"明明……
该是3个人一起看得……",283活动剧情,ミルキィウェイ61-世界と世界がまじわる夜に-,第3话-ラ・ラ・ラ・ミルキィウェイ
283活动剧情\ミルキィウェイ61-世界と世界がまじわる夜に-\第3话-ラ・ラ・ラ・ミルキィウェイ.csv,33,4001017040290,甘奈,可是，千雪,283活动剧情,ミルキィウェイ61-世界と世界がまじわる夜に-,第3话-ラ・ラ・ラ・ミルキィウェイ
283活动剧情\ミルキィウェイ61-世界と世界がまじわる夜に-\第3话-ラ・ラ・ラ・ミルキィウェイ.csv,35,4001017040310,甘奈,……是啊,283活动剧情,ミルキィウェイ61-世界と世界がまじわる夜に-,第3话-ラ・ラ・ラ・ミルキィウェイ
283活动剧情\ミルキィウェイ61-世界と世界がまじわる夜に-\第3话-ラ・ラ・ラ・ミルキィウェイ.csv,36,4001017040320,甘奈,"…………
船开走的话，会怎么样呢",283活动剧情,ミルキィウェイ61-世界と世界がまじわる夜に-,第3话-ラ・ラ・ラ・ミルキィウェイ
283活动剧情\ミルキィウェイ61-世界と世界がまじわる夜に-\第3话-ラ・ラ・ラ・ミルキィウェイ.csv,38,4001017040340,甘奈,,283活动剧情,ミルキィウェイ61-世界と世界がまじわる夜に-,第3话-ラ・ラ・ラ・ミルキィウェイ
283活动剧情\ミルキィウェイ61-世界と世界がまじわる夜に-\第3话-ラ・ラ・ラ・ミルキィウェイ.csv,41,4001017040370,甘奈,,283活动剧情,ミルキィウェイ61-世界と世界がまじわる夜に-,第3话-ラ・ラ・ラ・ミルキィウェイ
283活动剧情\ミルキィウェイ61-世界と世界がまじわる夜に-\第3话-ラ・ラ・ラ・ミルキィウェイ.csv,43,4001017040390,甘奈,……可以吗？,283活动剧情,ミルキィウェイ61-世界と世界がまじわる夜に-,第3话-ラ・ラ・ラ・ミルキィウェイ
283活动剧情\ミルキィウェイ61-世界と世界がまじわる夜に-\第3话-ラ・ラ・ラ・ミルキィウェイ.csv,45,4001017040410,甘奈,,283活动剧情,ミルキィウェイ61-世界と世界がまじわる夜に-,第3话-ラ・ラ・ラ・ミルキィウェイ
283活动剧情\ミルキィウェイ61-世界と世界がまじわる夜に-\第3话-ラ・ラ・ラ・ミルキィウェイ.csv,48,4001017040440,甘奈,……嗯,283活动剧情,ミルキィウェイ61-世界と世界がまじわる夜に-,第3话-ラ・ラ・ラ・ミルキィウェイ
283活动剧情\ミルキィウェイ61-世界と世界がまじわる夜に-\第3话-ラ・ラ・ラ・ミルキィウェイ.csv,49,4001017040450,甘奈,"——对不起
谢谢你……",283活动剧情,ミルキィウェイ61-世界と世界がまじわる夜に-,第3话-ラ・ラ・ラ・ミルキィウェイ
283活动剧情\ミルキィウェイ61-世界と世界がまじわる夜に-\第3话-ラ・ラ・ラ・ミルキィウェイ.csv,50,4001017040460,甘奈,吃了它，然后要保存体力,283活动剧情,ミルキィウェイ61-世界と世界がまじわる夜に-,第3话-ラ・ラ・ラ・ミルキィウェイ
283活动剧情\ミルキィウェイ61-世界と世界がまじわる夜に-\第3话-ラ・ラ・ラ・ミルキィウェイ.csv,51,4001017040470,甘奈,,283活动剧情,ミルキィウェイ61-世界と世界がまじわる夜に-,第3话-ラ・ラ・ラ・ミルキィウェイ
283活动剧情\ミルキィウェイ61-世界と世界がまじわる夜に-\第4话-ジャストライクキョンシーブルース.csv,10,4001017050010,甘奈,不，不会。我才是……！,283活动剧情,ミルキィウェイ61-世界と世界がまじわる夜に-,第4话-ジャストライクキョンシーブルース
283活动剧情\ミルキィウェイ61-世界と世界がまじわる夜に-\第4话-ジャストライクキョンシーブルース.csv,15,4001017050030,甘奈,呜呜呜……,283活动剧情,ミルキィウェイ61-世界と世界がまじわる夜に-,第4话-ジャストライクキョンシーブルース
283活动剧情\ミルキィウェイ61-世界と世界がまじわる夜に-\第4话-ジャストライクキョンシーブルース.csv,17,4001017050040,甘奈,"呜……啊……
啊——……",283活动剧情,ミルキィウェイ61-世界と世界がまじわる夜に-,第4话-ジャストライクキョンシーブルース
283活动剧情\ミルキィウェイ61-世界と世界がまじわる夜に-\第4话-ジャストライクキョンシーブルース.csv,21,4001017050070,甘奈,,283活动剧情,ミルキィウェイ61-世界と世界がまじわる夜に-,第4话-ジャストライクキョンシーブルース
283活动剧情\ミルキィウェイ61-世界と世界がまじわる夜に-\第4话-ジャストライクキョンシーブルース.csv,22,4001017050080,甘奈,,283活动剧情,ミルキィウェイ61-世界と世界がまじわる夜に-,第4话-ジャストライクキョンシーブルース
283活动剧情\ミルキィウェイ61-世界と世界がまじわる夜に-\第4话-ジャストライクキョンシーブルース.csv,23,4001017050090,甘奈,！ 甘奈，刚才！,283活动剧情,ミルキィウェイ61-世界と世界がまじわる夜に-,第4话-ジャストライクキョンシーブルース
283活动剧情\ミルキィウェイ61-世界と世界がまじわる夜に-\第4话-ジャストライクキョンシーブルース.csv,25,4001017050110,甘奈,"不会吧……！
对，对不起……！",283活动剧情,ミルキィウェイ61-世界と世界がまじわる夜に-,第4话-ジャストライクキョンシーブルース
283活动剧情\ミルキィウェイ61-世界と世界がまじわる夜に-\第4话-ジャストライクキョンシーブルース.csv,36,4001017050180,甘奈,"千，千雪……！
等等——",283活动剧情,ミルキィウェイ61-世界と世界がまじわる夜に-,第4话-ジャストライクキョンシーブルース
283活动剧情\ミルキィウェイ61-世界と世界がまじわる夜に-\第4话-ジャストライクキョンシーブルース.csv,37,4001017050190,甘奈,——他不是食物啊——！,283活动剧情,ミルキィウェイ61-世界と世界がまじわる夜に-,第4话-ジャストライクキョンシーブルース
283活动剧情\ミルキィウェイ61-世界と世界がまじわる夜に-\第4话-ジャストライクキョンシーブルース.csv,38,4001017050200,甘奈,"对不起……！
都因为甘奈吃了太多牛奶糖……",283活动剧情,ミルキィウェイ61-世界と世界がまじわる夜に-,第4话-ジャストライクキョンシーブルース
283活动剧情\ミルキィウェイ61-世界と世界がまじわる夜に-\第4话-ジャストライクキョンシーブルース.csv,39,4001017050210,甘奈,——千雪，其实很饿吧……,283活动剧情,ミルキィウェイ61-世界と世界がまじわる夜に-,第4话-ジャストライクキョンシーブルース
283活动剧情\ミルキィウェイ61-世界と世界がまじわる夜に-\第4话-ジャストライクキョンシーブルース.csv,50,4001017050251,甘奈＆千雪,,283活动剧情,ミルキィウェイ61-世界と世界がまじわる夜に-,第4话-ジャストライクキョンシーブルース
283活动剧情\ミルキィウェイ61-世界と世界がまじわる夜に-\第4话-ジャストライクキョンシーブルース.csv,53,4001017050252,甘奈＆千雪,呵呵……！,283活动剧情,ミルキィウェイ61-世界と世界がまじわる夜に-,第4话-ジャストライクキョンシーブルース
283活动剧情\ミルキィウェイ61-世界と世界がまじわる夜に-\第4话-ジャストライクキョンシーブルース.csv,56,4001017050271,甘奈＆千雪,,283活动剧情,ミルキィウェイ61-世界と世界がまじわる夜に-,第4话-ジャストライクキョンシーブルース
283活动剧情\ミルキィウェイ61-世界と世界がまじわる夜に-\第4话-ジャストライクキョンシーブルース.csv,57,4001017050280,甘奈,千雪，走吧……！,283活动剧情,ミルキィウェイ61-世界と世界がまじわる夜に-,第4话-ジャストライクキョンシーブルース
283活动剧情\ミルキィウェイ61-世界と世界がまじわる夜に-\第5话-鳴かないでベイビー.csv,3,4001017060020,甘奈,那个！ 发生什么了！,283活动剧情,ミルキィウェイ61-世界と世界がまじわる夜に-,第5话-鳴かないでベイビー
283活动剧情\ミルキィウェイ61-世界と世界がまじわる夜に-\第5话-鳴かないでベイビー.csv,6,4001017060050,甘奈,不，那个——！,283活动剧情,ミルキィウェイ61-世界と世界がまじわる夜に-,第5话-鳴かないでベイビー
283活动剧情\ミルキィウェイ61-世界と世界がまじわる夜に-\第5话-鳴かないでベイビー.csv,11,4001017060080,甘奈,"刚才发生的
是不是和一个女孩子还有小马有关？",283活动剧情,ミルキィウェイ61-世界と世界がまじわる夜に-,第5话-鳴かないでベイビー
283活动剧情\ミルキィウェイ61-世界と世界がまじわる夜に-\第5话-鳴かないでベイビー.csv,19,4001017060141,果穂＆甘奈＆千雪,,283活动剧情,ミルキィウェイ61-世界と世界がまじわる夜に-,第5话-鳴かないでベイビー
283活动剧情\ミルキィウェイ61-世界と世界がまじわる夜に-\第5话-鳴かないでベイビー.csv,21,4001017060151,甘奈＆千雪,,283活动剧情,ミルキィウェイ61-世界と世界がまじわる夜に-,第5话-鳴かないでベイビー
283活动剧情\ミルキィウェイ61-世界と世界がまじわる夜に-\第5话-鳴かないでベイビー.csv,43,4001017060301,甘奈＆千雪,甜花……！,283活动剧情,ミルキィウェイ61-世界と世界がまじわる夜に-,第5话-鳴かないでベイビー
283活动剧情\ミルキィウェイ61-世界と世界がまじわる夜に-\第5话-鳴かないでベイビー.csv,51,4001017060380,甘奈,"然后，藏起来的时候
火车动起来了……",283活动剧情,ミルキィウェイ61-世界と世界がまじわる夜に-,第5话-鳴かないでベイビー
283活动剧情\ミルキィウェイ61-世界と世界がまじわる夜に-\第5话-鳴かないでベイビー.csv,52,4001017060390,甘奈,"……
甜花，很害怕吧…………",283活动剧情,ミルキィウェイ61-世界と世界がまじわる夜に-,第5话-鳴かないでベイビー
283活动剧情\ミルキィウェイ61-世界と世界がまじわる夜に-\第5话-鳴かないでベイビー.csv,59,4001017060460,甘奈,"嗯
小马也很亲甜花呢！",283活动剧情,ミルキィウェイ61-世界と世界がまじわる夜に-,第5话-鳴かないでベイビー
283活动剧情\ミルキィウェイ61-世界と世界がまじわる夜に-\第5话-鳴かないでベイビー.csv,60,4001017060470,甘奈,好像……在说谢谢呢,283活动剧情,ミルキィウェイ61-世界と世界がまじわる夜に-,第5话-鳴かないでベイビー
283活动剧情\ミルキィウェイ61-世界と世界がまじわる夜に-\第5话-鳴かないでベイビー.csv,68,4001017060550,甘奈,……嗯……,283活动剧情,ミルキィウェイ61-世界と世界がまじわる夜に-,第5话-鳴かないでベイビー
283活动剧情\ミルキィウェイ61-世界と世界がまじわる夜に-\第5话-鳴かないでベイビー.csv,69,4001017060560,甘奈,嗯，当然了☆,283活动剧情,ミルキィウェイ61-世界と世界がまじわる夜に-,第5话-鳴かないでベイビー
283活动剧情\ミルキィウェイ61-世界と世界がまじわる夜に-\第5话-鳴かないでベイビー.csv,76,4001017060621,甘奈＆千雪,,283活动剧情,ミルキィウェイ61-世界と世界がまじわる夜に-,第5话-鳴かないでベイビー
283活动剧情\ミルキィウェイ61-世界と世界がまじわる夜に-\第6话-轟・銀河暴走幸福論.csv,8,4001017070060,甘奈,"……甘奈，要搭“天船”回去
这边的说法好像叫“英仙座”",283活动剧情,ミルキィウェイ61-世界と世界がまじわる夜に-,第6话-轟・銀河暴走幸福論
283活动剧情\ミルキィウェイ61-世界と世界がまじわる夜に-\第6话-轟・銀河暴走幸福論.csv,81,4001017070640,甘奈,——那，那个……各位……！,283活动剧情,ミルキィウェイ61-世界と世界がまじわる夜に-,第6话-轟・銀河暴走幸福論
283活动剧情\ミルキィウェイ61-世界と世界がまじわる夜に-\第6话-轟・銀河暴走幸福論.csv,82,4001017070650,甘奈,我们，非常开心……,283活动剧情,ミルキィウェイ61-世界と世界がまじわる夜に-,第6话-轟・銀河暴走幸福論
283活动剧情\ミルキィウェイ61-世界と世界がまじわる夜に-\第6话-轟・銀河暴走幸福論.csv,109,4001017070920,甘奈,,283活动剧情,ミルキィウェイ61-世界と世界がまじわる夜に-,第6话-轟・銀河暴走幸福論
283活动剧情\ミルキィウェイ61-世界と世界がまじわる夜に-\第6话-轟・銀河暴走幸福論.csv,111,4001017070940,甘奈,"千雪，
甘奈，要拿下符纸了",283活动剧情,ミルキィウェイ61-世界と世界がまじわる夜に-,第6话-轟・銀河暴走幸福論
283活动剧情\ミルキィウェイ61-世界と世界がまじわる夜に-\终章-ローリンストーンのように.csv,3,4001017080020,甘奈,"甘奈把后面的车厢分离完之后，
千雪，能够……重新帮甘奈贴好符纸吗？",283活动剧情,ミルキィウェイ61-世界と世界がまじわる夜に-,终章-ローリンストーンのように
283活动剧情\ミルキィウェイ61-世界と世界がまじわる夜に-\终章-ローリンストーンのように.csv,7,4001017080060,甘奈,甜花，跟小马待在一起吧,283活动剧情,ミルキィウェイ61-世界と世界がまじわる夜に-,终章-ローリンストーンのように
283活动剧情\ミルキィウェイ61-世界と世界がまじわる夜に-\终章-ローリンストーンのように.csv,8,4001017080070,甘奈,……必须这样,283活动剧情,ミルキィウェイ61-世界と世界がまじわる夜に-,终章-ローリンストーンのように
283活动剧情\ミルキィウェイ61-世界と世界がまじわる夜に-\终章-ローリンストーンのように.csv,10,4001017080080,甘奈,"——甘奈啊，是叫僵尸的种族
还……挺强的——",283活动剧情,ミルキィウェイ61-世界と世界がまじわる夜に-,终章-ローリンストーンのように
283活动剧情\ミルキィウェイ61-世界と世界がまじわる夜に-\终章-ローリンストーンのように.csv,11,4001017080090,甘奈,"啊，记得吧……
这个符纸拿来控制力量",283活动剧情,ミルキィウェイ61-世界と世界がまじわる夜に-,终章-ローリンストーンのように
283活动剧情\ミルキィウェイ61-世界と世界がまじわる夜に-\终章-ローリンストーンのように.csv,18,4001017080150,甘奈,"——没事的，甜花
也没时间了",283活动剧情,ミルキィウェイ61-世界と世界がまじわる夜に-,终章-ローリンストーンのように
283活动剧情\ミルキィウェイ61-世界と世界がまじわる夜に-\终章-ローリンストーンのように.csv,20,4001017080170,甘奈,嗯,283活动剧情,ミルキィウェイ61-世界と世界がまじわる夜に-,终章-ローリンストーンのように
283活动剧情\ミルキィウェイ61-世界と世界がまじわる夜に-\终章-ローリンストーンのように.csv,22,4001017080190,甘奈,——唔……唔啊啊……！,283活动剧情,ミルキィウェイ61-世界と世界がまじわる夜に-,终章-ローリンストーンのように
283活动剧情\ミルキィウェイ61-世界と世界がまじわる夜に-\终章-ローリンストーンのように.csv,31,4001017080270,甘奈,唔……呜啊…………！,283活动剧情,ミルキィウェイ61-世界と世界がまじわる夜に-,终章-ローリンストーンのように
283活动剧情\ミルキィウェイ61-世界と世界がまじわる夜に-\终章-ローリンストーンのように.csv,33,4001017080290,甘奈,呜啊……啊…………！,283活动剧情,ミルキィウェイ61-世界と世界がまじわる夜に-,终章-ローリンストーンのように
283活动剧情\ミルキィウェイ61-世界と世界がまじわる夜に-\终章-ローリンストーンのように.csv,59,4001017080520,甘奈,唔……啊……啊…………！,283活动剧情,ミルキィウェイ61-世界と世界がまじわる夜に-,终章-ローリンストーンのように
283活动剧情\ミルキィウェイ61-世界と世界がまじわる夜に-\终章-ローリンストーンのように.csv,61,4001017080540,甘奈,,283活动剧情,ミルキィウェイ61-世界と世界がまじわる夜に-,终章-ローリンストーンのように
283活动剧情\ミルキィウェイ61-世界と世界がまじわる夜に-\终章-ローリンストーンのように.csv,90,4001017080740,甘奈,"……嗯……
在银河里………………！",283活动剧情,ミルキィウェイ61-世界と世界がまじわる夜に-,终章-ローリンストーンのように
283活动剧情\ロング・ログ・エンドロール\序章-long long ago.csv,6,4001051010050,甘奈,"啊，但是……
唔……是右边吗？",283活动剧情,ロング・ログ・エンドロール,序章-long long ago
283活动剧情\ロング・ログ・エンドロール\序章-long long ago.csv,12,4001051010110,甘奈,嘿嘿嘿，走对了！,283活动剧情,ロング・ログ・エンドロール,序章-long long ago
283活动剧情\ロング・ログ・エンドロール\序章-long long ago.csv,28,4001051010230,甘奈,"唔～捞金鱼会不会太难了呀？
又不是马上就回去──",283活动剧情,ロング・ログ・エンドロール,序章-long long ago
283活动剧情\ロング・ログ・エンドロール\序章-long long ago.csv,64,4001051010310,甘奈,到这附近应该就快到了呀,283活动剧情,ロング・ログ・エンドロール,序章-long long ago
283活动剧情\ロング・ログ・エンドロール\序章-long long ago.csv,76,4001051010411,果穂＆甘奈,好棒啊！,283活动剧情,ロング・ログ・エンドロール,序章-long long ago
283活动剧情\ロング・ログ・エンドロール\序章-long long ago.csv,77,4001051010420,甘奈,"呐！真的很不错吧
房间也好大！",283活动剧情,ロング・ログ・エンドロール,序章-long long ago
283活动剧情\ロング・ログ・エンドロール\序章-long long ago.csv,78,4001051010430,甘奈,果穗，我们去里面看看吧！,283活动剧情,ロング・ログ・エンドロール,序章-long long ago
283活动剧情\ロング・ログ・エンドロール\序章-long long ago.csv,84,4001051010481,果穂＆甘奈,好！,283活动剧情,ロング・ログ・エンドロール,序章-long long ago
283活动剧情\ロング・ログ・エンドロール\序章-long long ago.csv,90,4001051010530,甘奈,欢迎来到我们的小屋,283活动剧情,ロング・ログ・エンドロール,序章-long long ago
283活动剧情\ロング・ログ・エンドロール\第1话-１日目 午後.csv,65,4001051020360,甘奈,嘿嘿嘿，河豚伙伴,283活动剧情,ロング・ログ・エンドロール,第1话-１日目 午後
283活动剧情\ロング・ログ・エンドロール\第1话-１日目 午後.csv,68,4001051020381,甘奈＆甜花,嗯？……,283活动剧情,ロング・ログ・エンドロール,第1话-１日目 午後
283活动剧情\ロング・ログ・エンドロール\第1话-１日目 午後.csv,71,4001051020410,甘奈,"这，这样啊……！
没搞错真是太好了",283活动剧情,ロング・ログ・エンドロール,第1话-１日目 午後
283活动剧情\ロング・ログ・エンドロール\第1话-１日目 午後.csv,76,4001051020460,甘奈,,283活动剧情,ロング・ログ・エンドロール,第1话-１日目 午後
283活动剧情\ロング・ログ・エンドロール\第1话-１日目 午後.csv,81,4001051020510,甘奈,,283活动剧情,ロング・ログ・エンドロール,第1话-１日目 午後
283活动剧情\ロング・ログ・エンドロール\第1话-１日目 午後.csv,82,4001051020520,甘奈,"甜，甜花和爱依……
今天要把河豚两字记住喔",283活动剧情,ロング・ログ・エンドロール,第1话-１日目 午後
283活动剧情\ロング・ログ・エンドロール\第2话-１日目 夜.csv,2,4001051030010,甘奈,我吹好之后就是甜花了哟,283活动剧情,ロング・ログ・エンドロール,第2话-１日目 夜
283活动剧情\ロング・ログ・エンドロール\第2话-１日目 夜.csv,5,4001051030040,甘奈,"不行！
我来帮你吹好好的弄干吧？",283活动剧情,ロング・ログ・エンドロール,第2话-１日目 夜
283活动剧情\ロング・ログ・エンドロール\第2话-１日目 夜.csv,8,4001051030070,甘奈,——啊,283活动剧情,ロング・ログ・エンドロール,第2话-１日目 夜
283活动剧情\ロング・ログ・エンドロール\第2话-１日目 夜.csv,9,4001051030080,甘奈,"甜花……！
你不会早有预谋吧……？",283活动剧情,ロング・ログ・エンドロール,第2话-１日目 夜
283活动剧情\ロング・ログ・エンドロール\第2话-１日目 夜.csv,11,4001051030100,甘奈,真是，大聪明啊！,283活动剧情,ロング・ログ・エンドロール,第2话-１日目 夜
283活动剧情\ロング・ログ・エンドロール\第2话-１日目 夜.csv,12,4001051030110,甘奈,"好了！那个狡猾的家伙
赶紧把衣服换好来这边坐好！",283活动剧情,ロング・ログ・エンドロール,第2话-１日目 夜
283活动剧情\ロング・ログ・エンドロール\第2话-１日目 夜.csv,15,4001051030140,甘奈,"？
甜花？",283活动剧情,ロング・ログ・エンドロール,第2话-１日目 夜
283活动剧情\ロング・ログ・エンドロール\第2话-１日目 夜.csv,17,4001051030160,甘奈,"？
在房间里？",283活动剧情,ロング・ログ・エンドロール,第2话-１日目 夜
283活动剧情\ロング・ログ・エンドロール\第2话-１日目 夜.csv,55,4001051030480,甘奈,嗯……,283活动剧情,ロング・ログ・エンドロール,第2话-１日目 夜
283活动剧情\ロング・ログ・エンドロール\第2话-１日目 夜.csv,66,4001051030571,果穂＆甘奈＆甜花,,283活动剧情,ロング・ログ・エンドロール,第2话-１日目 夜
283活动剧情\ロング・ログ・エンドロール\第2话-１日目 夜.csv,75,4001051030651,夏葉＆甘奈,来……,283活动剧情,ロング・ログ・エンドロール,第2话-１日目 夜
283活动剧情\ロング・ログ・エンドロール\第2话-１日目 夜.csv,76,4001051030660,甘奈,"不好意思！
甘奈我听错了",283活动剧情,ロング・ログ・エンドロール,第2话-１日目 夜
283活动剧情\ロング・ログ・エンドロール\第2话-１日目 夜.csv,80,4001051030700,甘奈,！嗯！,283活动剧情,ロング・ログ・エンドロール,第2话-１日目 夜
283活动剧情\ロング・ログ・エンドロール\第2话-１日目 夜.csv,82,4001051030711,夏葉＆甘奈,烟花啊～！,283活动剧情,ロング・ログ・エンドロール,第2话-１日目 夜
283活动剧情\ロング・ログ・エンドロール\第2话-１日目 夜.csv,83,4001051030712,夏葉＆甘奈,呵呵,283活动剧情,ロング・ログ・エンドロール,第2话-１日目 夜
283活动剧情\ロング・ログ・エンドロール\第2话-１日目 夜.csv,124,4001051031100,甘奈,甘奈也可以去吗？,283活动剧情,ロング・ログ・エンドロール,第2话-１日目 夜
283活动剧情\ロング・ログ・エンドロール\第2话-１日目 夜.csv,128,4001051031140,甘奈,对，对喔……！,283活动剧情,ロング・ログ・エンドロール,第2话-１日目 夜
283活动剧情\ロング・ログ・エンドロール\第3话-１日目 夜遅く.csv,2,4001051040010,甘奈,,283活动剧情,ロング・ログ・エンドロール,第3话-１日目 夜遅く
283活动剧情\ロング・ログ・エンドロール\第3话-１日目 夜遅く.csv,4,4001051040030,甘奈,呃……,283活动剧情,ロング・ログ・エンドロール,第3话-１日目 夜遅く
283活动剧情\ロング・ログ・エンドロール\第3话-１日目 夜遅く.csv,6,4001051040050,甘奈,,283活动剧情,ロング・ログ・エンドロール,第3话-１日目 夜遅く
283活动剧情\ロング・ログ・エンドロール\第3话-１日目 夜遅く.csv,8,4001051040070,甘奈,"啊……！
这样……！",283活动剧情,ロング・ログ・エンドロール,第3话-１日目 夜遅く
283活动剧情\ロング・ログ・エンドロール\第3话-１日目 夜遅く.csv,11,4001051040100,甘奈,……──谢谢，冬优子,283活动剧情,ロング・ログ・エンドロール,第3话-１日目 夜遅く
283活动剧情\ロング・ログ・エンドロール\第3话-１日目 夜遅く.csv,27,4001051040260,甘奈,────吃！,283活动剧情,ロング・ログ・エンドロール,第3话-１日目 夜遅く
283活动剧情\ロング・ログ・エンドロール\第3话-１日目 夜遅く.csv,29,4001051040280,甘奈,卡路里就交给明天的甘奈吧！,283活动剧情,ロング・ログ・エンドロール,第3话-１日目 夜遅く
283活动剧情\ロング・ログ・エンドロール\第3话-１日目 夜遅く.csv,31,4001051040300,甘奈,"唔！
等下，我拿下钱包……",283活动剧情,ロング・ログ・エンドロール,第3话-１日目 夜遅く
283活动剧情\ロング・ログ・エンドロール\第3话-１日目 夜遅く.csv,33,4001051040320,甘奈,嗯！,283活动剧情,ロング・ログ・エンドロール,第3话-１日目 夜遅く
283活动剧情\ロング・ログ・エンドロール\第4话-２日目 朝早く.csv,15,4001051050130,甘奈,,283活动剧情,ロング・ログ・エンドロール,第4话-２日目 朝早く
283活动剧情\ロング・ログ・エンドロール\第4话-２日目 朝早く.csv,17,4001051050150,甘奈,"啊，夏叶……
早上好……",283活动剧情,ロング・ログ・エンドロール,第4话-２日目 朝早く
283活动剧情\ロング・ログ・エンドロール\第4话-２日目 朝早く.csv,19,4001051050170,甘奈,"真早呢……
去哪了？",283活动剧情,ロング・ログ・エンドロール,第4话-２日目 朝早く
283活动剧情\ロング・ログ・エンドロール\第4话-２日目 朝早く.csv,21,4001051050190,甘奈,"……晨练……？
好厉害啊……",283活动剧情,ロング・ログ・エンドロール,第4话-２日目 朝早く
283活动剧情\ロング・ログ・エンドロール\第4话-２日目 朝早く.csv,24,4001051050220,甘奈,嘿嘿嘿……这样啊……,283活动剧情,ロング・ログ・エンドロール,第4话-２日目 朝早く
283活动剧情\ロング・ログ・エンドロール\第4话-２日目 朝早く.csv,25,4001051050230,甘奈,"甘奈也要起来
做准备了",283活动剧情,ロング・ログ・エンドロール,第4话-２日目 朝早く
283活动剧情\ロング・ログ・エンドロール\第4话-２日目 朝早く.csv,27,4001051050250,甘奈,"谢谢……！
那，红茶吧",283活动剧情,ロング・ログ・エンドロール,第4话-２日目 朝早く
283活动剧情\ロング・ログ・エンドロール\第4话-２日目 朝早く.csv,29,4001051050270,甘奈,……夏叶也喝点？,283活动剧情,ロング・ログ・エンドロール,第4话-２日目 朝早く
283活动剧情\ロング・ログ・エンドロール\第4话-２日目 朝早く.csv,31,4001051050290,甘奈,呵呵,283活动剧情,ロング・ログ・エンドロール,第4话-２日目 朝早く
283活动剧情\ロング・ログ・エンドロール\第4话-２日目 朝早く.csv,32,4001051050300,甘奈,"明天就要回去了
真讨厌",283活动剧情,ロング・ログ・エンドロール,第4话-２日目 朝早く
283活动剧情\ロング・ログ・エンドロール\第4话-２日目 朝早く.csv,34,4001051050320,甘奈,"住的这么开心
真想一直住在着……",283活动剧情,ロング・ログ・エンドロール,第4话-２日目 朝早く
283活动剧情\ロング・ログ・エンドロール\第4话-２日目 朝早く.csv,37,4001051050350,甘奈,……嗯,283活动剧情,ロング・ログ・エンドロール,第4话-２日目 朝早く
283活动剧情\ロング・ログ・エンドロール\第4话-２日目 朝早く.csv,39,4001051050370,甘奈,──嗯，谢谢,283活动剧情,ロング・ログ・エンドロール,第4话-２日目 朝早く
283活动剧情\ロング・ログ・エンドロール\第4话-２日目 朝早く.csv,40,4001051050380,甘奈,"制作人
也拍点SNS用的照片怎么样？",283活动剧情,ロング・ログ・エンドロール,第4话-２日目 朝早く
283活动剧情\ロング・ログ・エンドロール\第4话-２日目 朝早く.csv,41,4001051050390,甘奈,甜花和我还有冬优3人的,283活动剧情,ロング・ログ・エンドロール,第4话-２日目 朝早く
283活动剧情\ロング・ログ・エンドロール\第4话-２日目 朝早く.csv,46,4001051050411,甘奈＆冬優子,,283活动剧情,ロング・ログ・エンドロール,第4话-２日目 朝早く
283活动剧情\ロング・ログ・エンドロール\第4话-２日目 朝早く.csv,47,4001051050420,甘奈,"啊！等下制作人
相机在那边稍微有点……",283活动剧情,ロング・ログ・エンドロール,第4话-２日目 朝早く
283活动剧情\ロング・ログ・エンドロール\第5话-２日目 夕方.csv,42,4001051060340,甘奈,爱依为什么选“鼎”呢,283活动剧情,ロング・ログ・エンドロール,第5话-２日目 夕方
283活动剧情\ロング・ログ・エンドロール\第5话-２日目 夕方.csv,47,4001051060390,甘奈,呵呵，这样啊,283活动剧情,ロング・ログ・エンドロール,第5话-２日目 夕方
283活动剧情\ロング・ログ・エンドロール\第5话-２日目 夕方.csv,49,4001051060410,甘奈,甘奈呢，想着和爱依一样就行,283活动剧情,ロング・ログ・エンドロール,第5话-２日目 夕方
283活动剧情\ロング・ログ・エンドロール\第5话-２日目 夕方.csv,51,4001051060430,甘奈,嘿嘿嘿〜☆,283活动剧情,ロング・ログ・エンドロール,第5话-２日目 夕方
283活动剧情\ロング・ログ・エンドロール\第5话-２日目 夕方.csv,52,4001051060440,甘奈,"啊，爱依，往卖刨冰那边走吧？
之前就想过下次看到了就要去买",283活动剧情,ロング・ログ・エンドロール,第5话-２日目 夕方
283活动剧情\ロング・ログ・エンドロール\第5话-２日目 夕方.csv,55,4001051060470,甘奈,呵呵，好呀～,283活动剧情,ロング・ログ・エンドロール,第5话-２日目 夕方
283活动剧情\ロング・ログ・エンドロール\第5话-２日目 夕方.csv,57,4001051060490,甘奈,对啊,283活动剧情,ロング・ログ・エンドロール,第5话-２日目 夕方
283活动剧情\ロング・ログ・エンドロール\第5话-２日目 夕方.csv,58,4001051060500,甘奈,"一不小心的话就会迷路了……！
有些地方还一片黑",283活动剧情,ロング・ログ・エンドロール,第5话-２日目 夕方
283活动剧情\ロング・ログ・エンドロール\第5话-２日目 夕方.csv,92,4001051060520,甘奈,"……好奇怪
制作人，完全联系不上……",283活动剧情,ロング・ログ・エンドロール,第5话-２日目 夕方
283活动剧情\ロング・ログ・エンドロール\第5话-２日目 夕方.csv,94,4001051060540,甘奈,唔……,283活动剧情,ロング・ログ・エンドロール,第5话-２日目 夕方
283活动剧情\ロング・ログ・エンドロール\第5话-２日目 夕方.csv,95,4001051060550,甘奈,……咦，不在信号区？,283活动剧情,ロング・ログ・エンドロール,第5话-２日目 夕方
283活动剧情\ロング・ログ・エンドロール\第5话-２日目 夕方.csv,97,4001051060570,甘奈,……明明刚才为止都还没事的……,283活动剧情,ロング・ログ・エンドロール,第5话-２日目 夕方
283活动剧情\ロング・ログ・エンドロール\第5话-２日目 夕方.csv,99,4001051060581,甘奈＆愛依,！？,283活动剧情,ロング・ログ・エンドロール,第5话-２日目 夕方
283活动剧情\ロング・ログ・エンドロール\第6话-？日目 _________.csv,38,4001051070300,甘奈,啊？,283活动剧情,ロング・ログ・エンドロール,第6话-？日目 _________
283活动剧情\ロング・ログ・エンドロール\第6话-？日目 _________.csv,40,4001051070320,甘奈,"啊，对喔……！
和昨天一样的时间",283活动剧情,ロング・ログ・エンドロール,第6话-？日目 _________
283活动剧情\ロング・ログ・エンドロール\第6话-？日目 _________.csv,42,4001051070340,甘奈,"好主意啊爱依……！
烟花的话我不会错过的！",283活动剧情,ロング・ログ・エンドロール,第6话-？日目 _________
283活动剧情\ロング・ログ・エンドロール\第6话-？日目 _________.csv,44,4001051070360,甘奈,但是……――,283活动剧情,ロング・ログ・エンドロール,第6话-？日目 _________
283活动剧情\ロング・ログ・エンドロール\第6话-？日目 _________.csv,47,4001051070390,甘奈,嗯……,283活动剧情,ロング・ログ・エンドロール,第6话-？日目 _________
283活动剧情\ロング・ログ・エンドロール\第6话-？日目 _________.csv,48,4001051070391,甘奈＆愛依,,283活动剧情,ロング・ログ・エンドロール,第6话-？日目 _________
283活动剧情\ロング・ログ・エンドロール\第6话-？日目 _________.csv,62,4001051070462,甘奈＆兎面の少女,哇……,283活动剧情,ロング・ログ・エンドロール,第6话-？日目 _________
283活动剧情\ロング・ログ・エンドロール\第6话-？日目 _________.csv,64,4001051070480,甘奈,"哇，抱歉啊！
甘奈我在看别处没注意……！",283活动剧情,ロング・ログ・エンドロール,第6话-？日目 _________
283活动剧情\ロング・ログ・エンドロール\第6话-？日目 _________.csv,65,4001051070490,甘奈,"没事吧？能站起来吗？
有没有受伤……？",283活动剧情,ロング・ログ・エンドロール,第6话-？日目 _________
283活动剧情\ロング・ログ・エンドロール\第6话-？日目 _________.csv,67,4001051070500,甘奈,浴衣有没有弄脏的地方啊……？,283活动剧情,ロング・ログ・エンドロール,第6话-？日目 _________
283活动剧情\ロング・ログ・エンドロール\第6话-？日目 _________.csv,70,4001051070520,甘奈,太好了，这边也是……！,283活动剧情,ロング・ログ・エンドロール,第6话-？日目 _________
283活动剧情\ロング・ログ・エンドロール\第6话-？日目 _________.csv,71,4001051070530,甘奈,"很可爱的衣服喔
不要再摔倒了喔",283活动剧情,ロング・ログ・エンドロール,第6话-？日目 _________
283活动剧情\ロング・ログ・エンドロール\第6话-？日目 _________.csv,73,4001051070540,甘奈,嗯，很棒很棒,283活动剧情,ロング・ログ・エンドロール,第6话-？日目 _________
283活动剧情\ロング・ログ・エンドロール\第6话-？日目 _________.csv,74,4001051070550,甘奈,你们这是要去哪啊？,283活动剧情,ロング・ログ・エンドロール,第6话-？日目 _________
283活动剧情\ロング・ログ・エンドロール\第6话-？日目 _________.csv,77,4001051070560,甘奈,那，个……？,283活动剧情,ロング・ログ・エンドロール,第6话-？日目 _________
283活动剧情\ロング・ログ・エンドロール\第6话-？日目 _________.csv,88,4001051070621,甘奈＆愛依,,283活动剧情,ロング・ログ・エンドロール,第6话-？日目 _________
283活动剧情\ロング・ログ・エンドロール\第6话-？日目 _________.csv,90,4001051070630,甘奈,咦,283活动剧情,ロング・ログ・エンドロール,第6话-？日目 _________
283活动剧情\ロング・ログ・エンドロール\第6话-？日目 _________.csv,91,4001051070640,甘奈,爱依，那个孩子和她穿着一样的浴衣,283活动剧情,ロング・ログ・エンドロール,第6话-？日目 _________
283活动剧情\ロング・ログ・エンドロール\第6话-？日目 _________.csv,97,4001051070651,甘奈＆愛依,万事如常是……？,283活动剧情,ロング・ログ・エンドロール,第6话-？日目 _________
283活动剧情\ロング・ログ・エンドロール\第6话-？日目 _________.csv,100,4001051070660,甘奈,……姐妹吗……也可能是双胞胎……,283活动剧情,ロング・ログ・エンドロール,第6话-？日目 _________
283活动剧情\ロング・ログ・エンドロール\第6话-？日目 _________.csv,102,4001051070680,甘奈,总之，一起吧,283活动剧情,ロング・ログ・エンドロール,第6话-？日目 _________
283活动剧情\ロング・ログ・エンドロール\第6话-？日目 _________.csv,107,4001051070730,甘奈,"……？
这里，原来有这么安静吗……",283活动剧情,ロング・ログ・エンドロール,第6话-？日目 _________
283活动剧情\ロング・ログ・エンドロール\终章-snip snap snout.csv,32,4001051080100,甘奈,甘奈，绝对会让粉丝开心的！,283活动剧情,ロング・ログ・エンドロール,终章-snip snap snout
283活动剧情\ロング・ログ・エンドロール\终章-snip snap snout.csv,71,4001051080160,甘奈,哇，等下等下……！,283活动剧情,ロング・ログ・エンドロール,终章-snip snap snout
283活动剧情\ロング・ログ・エンドロール\终章-snip snap snout.csv,76,4001051080171,甘奈＆愛依,,283活动剧情,ロング・ログ・エンドロール,终章-snip snap snout
283活动剧情\ロング・ログ・エンドロール\终章-snip snap snout.csv,77,4001051080172,甘奈＆愛依,,283活动剧情,ロング・ログ・エンドロール,终章-snip snap snout
283活动剧情\ロング・ログ・エンドロール\终章-snip snap snout.csv,84,4001051080181,甘奈＆愛依,,283活动剧情,ロング・ログ・エンドロール,终章-snip snap snout
283活动剧情\ロング・ログ・エンドロール\终章-snip snap snout.csv,87,4001051080200,甘奈,,283活动剧情,ロング・ログ・エンドロール,终章-snip snap snout
283活动剧情\ロング・ログ・エンドロール\终章-snip snap snout.csv,88,4001051080210,甘奈,……日子就算会变得呀……,283活动剧情,ロング・ログ・エンドロール,终章-snip snap snout
283活动剧情\ロング・ログ・エンドロール\终章-snip snap snout.csv,89,4001051080220,甘奈,────快乐也是会变的吧……？,283活动剧情,ロング・ログ・エンドロール,终章-snip snap snout
283活动剧情\ロング・ログ・エンドロール\终章-snip snap snout.csv,95,4001051080230,甘奈,啊！？,283活动剧情,ロング・ログ・エンドロール,终章-snip snap snout
283活动剧情\ロング・ログ・エンドロール\终章-snip snap snout.csv,150,4001051080452,甘奈＆愛依,,283活动剧情,ロング・ログ・エンドロール,终章-snip snap snout
283活动剧情\ロング・ログ・エンドロール\终章-snip snap snout.csv,151,4001051080460,甘奈,制作人！？,283活动剧情,ロング・ログ・エンドロール,终章-snip snap snout
283活动剧情\ロング・ログ・エンドロール\终章-snip snap snout.csv,161,4001051080520,甘奈,甜花！,283活动剧情,ロング・ログ・エンドロール,终章-snip snap snout
283活动剧情\ロング・ログ・エンドロール\终章-snip snap snout.csv,162,4001051080530,甘奈,"啊……
抱歉啊，给你添麻烦了……吧……？",283活动剧情,ロング・ログ・エンドロール,终章-snip snap snout
283活动剧情\ロング・ログ・エンドロール\终章-snip snap snout.csv,207,4001051080650,甘奈,"对了！
回酒店的路是那边对吧？",283活动剧情,ロング・ログ・エンドロール,终章-snip snap snout
283活动剧情\ロング・ログ・エンドロール\终章-snip snap snout.csv,213,4001051080700,甘奈,"制作人好可爱☆
真好呐，甘奈也当时也买一个就好了",283活动剧情,ロング・ログ・エンドロール,终章-snip snap snout
283活动剧情\ロング・ログ・エンドロール\终章-snip snap snout.csv,218,4001051080741,結華＆甘奈,赞，成！,283活动剧情,ロング・ログ・エンドロール,终章-snip snap snout
283活动剧情\完録、クエストロメリア！ ～サイコロ編～\Happy Ending Story.csv,3,4001012080010,甘奈,诶～！完全不明白啊——！,283活动剧情,完録、クエストロメリア！ ～サイコロ編～,Happy Ending Story
283活动剧情\完録、クエストロメリア！ ～サイコロ編～\Happy Ending Story.csv,4,4001012080020,甘奈,幸福，是能摘下来的东西来着吗——！？,283活动剧情,完録、クエストロメリア！ ～サイコロ編～,Happy Ending Story
283活动剧情\完録、クエストロメリア！ ～サイコロ編～\Happy Ending Story.csv,10,4001012080070,甘奈,"那就是提示吗！？
打听，是向普通的客人们对吧……",283活动剧情,完録、クエストロメリア！ ～サイコロ編～,Happy Ending Story
283活动剧情\完録、クエストロメリア！ ～サイコロ編～\Happy Ending Story.csv,13,4001012080100,甘奈,"——没关系的，甜花
尽管依靠甘奈就好了！",283活动剧情,完録、クエストロメリア！ ～サイコロ編～,Happy Ending Story
283活动剧情\完録、クエストロメリア！ ～サイコロ編～\Happy Ending Story.csv,15,4001012080120,甘奈,"就算如果扔到甜花了，
那时候就去交涉！",283活动剧情,完録、クエストロメリア！ ～サイコロ編～,Happy Ending Story
283活动剧情\完録、クエストロメリア！ ～サイコロ編～\Happy Ending Story.csv,16,4001012080130,甘奈,"因为剩下的时间，
要好—好地享受嘛☆",283活动剧情,完録、クエストロメリア！ ～サイコロ編～,Happy Ending Story
283活动剧情\完録、クエストロメリア！ ～サイコロ編～\Happy Ending Story.csv,20,4001012080170,甘奈,"好～。那么，要扔骰子了哦！
——Happy Revenge☆",283活动剧情,完録、クエストロメリア！ ～サイコロ編～,Happy Ending Story
283活动剧情\完録、クエストロメリア！ ～サイコロ編～\Happy Ending Story.csv,21,4001012080180,甘奈,……啊！是甘奈,283活动剧情,完録、クエストロメリア！ ～サイコロ編～,Happy Ending Story
283活动剧情\完録、クエストロメリア！ ～サイコロ編～\Happy Ending Story.csv,23,4001012080200,甘奈,"诶嘿嘿，好——……
去问问那边的人吧",283活动剧情,完録、クエストロメリア！ ～サイコロ編～,Happy Ending Story
283活动剧情\完録、クエストロメリア！ ～サイコロ編～\Happy Ending Story.csv,24,4001012080210,甘奈,甘奈，出动了——！,283活动剧情,完録、クエストロメリア！ ～サイコロ編～,Happy Ending Story
283活动剧情\完録、クエストロメリア！ ～サイコロ編～\Happy Ending Story.csv,26,4001012080230,甘奈,"……！
甜花……？",283活动剧情,完録、クエストロメリア！ ～サイコロ編～,Happy Ending Story
283活动剧情\完録、クエストロメリア！ ～サイコロ編～\Happy Ending Story.csv,28,4001012080250,甘奈,——诶？,283活动剧情,完録、クエストロメリア！ ～サイコロ編～,Happy Ending Story
283活动剧情\完録、クエストロメリア！ ～サイコロ編～\Happy Ending Story.csv,31,4001012080280,甘奈,…………！,283活动剧情,完録、クエストロメリア！ ～サイコロ編～,Happy Ending Story
283活动剧情\完録、クエストロメリア！ ～サイコロ編～\Happy Ending Story.csv,34,4001012080310,甘奈,那、那种事情……——,283活动剧情,完録、クエストロメリア！ ～サイコロ編～,Happy Ending Story
283活动剧情\完録、クエストロメリア！ ～サイコロ編～\Happy Ending Story.csv,36,4001012080330,甘奈,…………甜花,283活动剧情,完録、クエストロメリア！ ～サイコロ編～,Happy Ending Story
283活动剧情\完録、クエストロメリア！ ～サイコロ編～\Happy Ending Story.csv,51,4001012080480,甘奈,……——,283活动剧情,完録、クエストロメリア！ ～サイコロ編～,Happy Ending Story
283活动剧情\完録、クエストロメリア！ ～サイコロ編～\Happy Ending Story.csv,53,4001012080500,甘奈,…………,283活动剧情,完録、クエストロメリア！ ～サイコロ編～,Happy Ending Story
283活动剧情\完録、クエストロメリア！ ～サイコロ編～\Happy Ending Story.csv,55,4001012080520,甘奈,"——……
甜花……",283活动剧情,完録、クエストロメリア！ ～サイコロ編～,Happy Ending Story
283活动剧情\完録、クエストロメリア！ ～サイコロ編～\Happy Ending Story.csv,56,4001012080530,甘奈,忍耐着恐惧，愿意去考虑甘奈的事情,283活动剧情,完録、クエストロメリア！ ～サイコロ編～,Happy Ending Story
283活动剧情\完録、クエストロメリア！ ～サイコロ編～\Happy Ending Story.csv,57,4001012080540,甘奈,明明是那样，甘奈……,283活动剧情,完録、クエストロメリア！ ～サイコロ編～,Happy Ending Story
283活动剧情\完録、クエストロメリア！ ～サイコロ編～\Happy Ending Story.csv,59,4001012080560,甘奈,"……甘奈也，说不出代替甜花去这样的话
所以——",283活动剧情,完録、クエストロメリア！ ～サイコロ編～,Happy Ending Story
283活动剧情\完録、クエストロメリア！ ～サイコロ編～\Happy Ending Story.csv,60,4001012080570,甘奈,这个，我借走了哦……！,283活动剧情,完録、クエストロメリア！ ～サイコロ編～,Happy Ending Story
283活动剧情\完録、クエストロメリア！ ～サイコロ編～\Happy Ending Story.csv,62,4001012080590,甘奈,——嘿,283活动剧情,完録、クエストロメリア！ ～サイコロ編～,Happy Ending Story
283活动剧情\完録、クエストロメリア！ ～サイコロ編～\Happy Ending Story.csv,66,4001012080630,甘奈,"嗯……！
甘奈，虽然已经充分地露出过笑容了——",283活动剧情,完録、クエストロメリア！ ～サイコロ編～,Happy Ending Story
283活动剧情\完録、クエストロメリア！ ～サイコロ編～\Happy Ending Story.csv,67,4001012080640,甘奈,还想更多更多地，好好——地享受……！,283活动剧情,完録、クエストロメリア！ ～サイコロ編～,Happy Ending Story
283活动剧情\完録、クエストロメリア！ ～サイコロ編～\Happy Ending Story.csv,68,4001012080650,甘奈,"甜花，谢谢
请代替甘奈，去吧……！",283活动剧情,完録、クエストロメリア！ ～サイコロ編～,Happy Ending Story
283活动剧情\完録、クエストロメリア！ ～サイコロ編～\Happy Ending Story.csv,77,4001012080740,甘奈,"——啊……
甜花，在和别人说话……！",283活动剧情,完録、クエストロメリア！ ～サイコロ編～,Happy Ending Story
283活动剧情\完録、クエストロメリア！ ～サイコロ編～\Happy Ending Story.csv,79,4001012080760,甘奈,啊，又一个……！,283活动剧情,完録、クエストロメリア！ ～サイコロ編～,Happy Ending Story
283活动剧情\完録、クエストロメリア！ ～サイコロ編～\Happy Ending Story.csv,82,4001012080790,甘奈,——千雪……？,283活动剧情,完録、クエストロメリア！ ～サイコロ編～,Happy Ending Story
283活动剧情\完録、クエストロメリア！ ～サイコロ編～\Happy Ending Story.csv,84,4001012080810,甘奈,……？,283活动剧情,完録、クエストロメリア！ ～サイコロ編～,Happy Ending Story
283活动剧情\完録、クエストロメリア！ ～サイコロ編～\Happy Ending Story.csv,88,4001012080841,甘奈＆甜花,任务达成～！,283活动剧情,完録、クエストロメリア！ ～サイコロ編～,Happy Ending Story
283活动剧情\完録、クエストロメリア！ ～サイコロ編～\Happy Ending Story.csv,89,4001012080850,甘奈,"“幸福之钟”的话，这样一来就完成了！
都多亏了甜花的打听调查呢",283活动剧情,完録、クエストロメリア！ ～サイコロ編～,Happy Ending Story
283活动剧情\完録、クエストロメリア！ ～サイコロ編～\Happy Ending Story.csv,92,4001012080880,甘奈,那种事情轻松轻松～！,283活动剧情,完録、クエストロメリア！ ～サイコロ編～,Happy Ending Story
283活动剧情\完録、クエストロメリア！ ～サイコロ編～\Happy Ending Story.csv,93,4001012080890,甘奈,"毕竟知道了“摘下幸福”指的就是四叶草的话，
已经马上能找到正确答案了嘛",283活动剧情,完録、クエストロメリア！ ～サイコロ編～,Happy Ending Story
283活动剧情\完録、クエストロメリア！ ～サイコロ編～\Happy Ending Story.csv,94,4001012080900,甘奈,对吧，千雪？,283活动剧情,完録、クエストロメリア！ ～サイコロ編～,Happy Ending Story
283活动剧情\完録、クエストロメリア！ ～サイコロ編～\Happy Ending Story.csv,96,4001012080920,甘奈,……千、千雪……！？,283活动剧情,完録、クエストロメリア！ ～サイコロ編～,Happy Ending Story
283活动剧情\完録、クエストロメリア！ ～サイコロ編～\Happy Ending Story.csv,100,4001012080960,甘奈,甘奈，说了什么奇怪的……——,283活动剧情,完録、クエストロメリア！ ～サイコロ編～,Happy Ending Story
283活动剧情\完録、クエストロメリア！ ～サイコロ編～\Happy Ending Story.csv,104,4001012081000,甘奈,……幸福地“Try”……,283活动剧情,完録、クエストロメリア！ ～サイコロ編～,Happy Ending Story
283活动剧情\完録、クエストロメリア！ ～サイコロ編～\Happy Ending Story.csv,109,4001012081050,甘奈,嗯！,283活动剧情,完録、クエストロメリア！ ～サイコロ編～,Happy Ending Story
283活动剧情\完録、クエストロメリア！ ～サイコロ編～\Happy Ending Story.csv,113,4001012081090,甘奈,啊，甘奈也是甘奈也是——！,283活动剧情,完録、クエストロメリア！ ～サイコロ編～,Happy Ending Story
283活动剧情\完録、クエストロメリア！ ～サイコロ編～\Happy Ending Story.csv,115,4001012081110,甘奈,呵呵……,283活动剧情,完録、クエストロメリア！ ～サイコロ編～,Happy Ending Story
283活动剧情\完録、クエストロメリア！ ～サイコロ編～\Happy Ending Story.csv,119,4001012081150,甘奈,嗯！,283活动剧情,完録、クエストロメリア！ ～サイコロ編～,Happy Ending Story
283活动剧情\完録、クエストロメリア！ ～サイコロ編～\Happy Ending Story.csv,121,4001012081170,甘奈,"这就是、“幸福”！
去摘一——堆吧☆",283活动剧情,完録、クエストロメリア！ ～サイコロ編～,Happy Ending Story
283活动剧情\完録、クエストロメリア！ ～サイコロ編～\Happy Ending Story.csv,123,4001012081190,甘奈,诶嘿嘿，但是三叶的是,283活动剧情,完録、クエストロメリア！ ～サイコロ編～,Happy Ending Story
283活动剧情\完録、クエストロメリア！ ～サイコロ編～\Happy Ending Story.csv,125,4001012081210,甘奈,嗯！,283活动剧情,完録、クエストロメリア！ ～サイコロ編～,Happy Ending Story
283活动剧情\完録、クエストロメリア！ ～サイコロ編～\Happy Ending Story.csv,130,4001012081260,甘奈,是啊是啊，是超幸福的草叶！,283活动剧情,完録、クエストロメリア！ ～サイコロ編～,Happy Ending Story
283活动剧情\完録、クエストロメリア！ ～サイコロ編～\Keep／Problem／Try.csv,2,4001012020010,甘奈,起立,283活动剧情,完録、クエストロメリア！ ～サイコロ編～,Keep／Problem／Try
283活动剧情\完録、クエストロメリア！ ～サイコロ編～\Keep／Problem／Try.csv,3,4001012020020,甘奈,敬礼,283活动剧情,完録、クエストロメリア！ ～サイコロ編～,Keep／Problem／Try
283活动剧情\完録、クエストロメリア！ ～サイコロ編～\Keep／Problem／Try.csv,5,4001012020030,甘奈,"那么就开始班会了
今天，来做关于这个月的活动的……——",283活动剧情,完録、クエストロメリア！ ～サイコロ編～,Keep／Problem／Try
283活动剧情\完録、クエストロメリア！ ～サイコロ編～\Keep／Problem／Try.csv,6,4001012020040,甘奈,——K……KPT吧！,283活动剧情,完録、クエストロメリア！ ～サイコロ編～,Keep／Problem／Try
283活动剧情\完録、クエストロメリア！ ～サイコロ編～\Keep／Problem／Try.csv,8,4001012020060,甘奈,KPT……！,283活动剧情,完録、クエストロメリア！ ～サイコロ編～,Keep／Problem／Try
283活动剧情\完録、クエストロメリア！ ～サイコロ編～\Keep／Problem／Try.csv,9,4001012020070,甘奈,"——那个，台本只写到了这里
甘奈也不知道这到底是什么……",283活动剧情,完録、クエストロメリア！ ～サイコロ編～,Keep／Problem／Try
283活动剧情\完録、クエストロメリア！ ～サイコロ編～\Keep／Problem／Try.csv,13,4001012020080,甘奈,呼～嗯……,283活动剧情,完録、クエストロメリア！ ～サイコロ編～,Keep／Problem／Try
283活动剧情\完録、クエストロメリア！ ～サイコロ編～\Keep／Problem／Try.csv,15,4001012020090,甘奈,"诶——！
虽然知道了，但是完全不明白啊——",283活动剧情,完録、クエストロメリア！ ～サイコロ編～,Keep／Problem／Try
283活动剧情\完録、クエストロメリア！ ～サイコロ編～\Keep／Problem／Try.csv,18,4001012020110,甘奈,嗯，甘奈也是！说不定挺有趣的呢！,283活动剧情,完録、クエストロメリア！ ～サイコロ編～,Keep／Problem／Try
283活动剧情\完録、クエストロメリア！ ～サイコロ編～\Keep／Problem／Try.csv,20,4001012020130,甘奈,继续做比较好的事情……——,283活动剧情,完録、クエストロメリア！ ～サイコロ編～,Keep／Problem／Try
283活动剧情\完録、クエストロメリア！ ～サイコロ編～\Keep／Problem／Try.csv,22,4001012020150,甘奈,请说，甜花,283活动剧情,完録、クエストロメリア！ ～サイコロ編～,Keep／Problem／Try
283活动剧情\完録、クエストロメリア！ ～サイコロ編～\Keep／Problem／Try.csv,27,4001012020180,甘奈,那个啊，大家事先决定好起床的时间——,283活动剧情,完録、クエストロメリア！ ～サイコロ編～,Keep／Problem／Try
283活动剧情\完録、クエストロメリア！ ～サイコロ編～\Keep／Problem／Try.csv,32,4001012020220,甘奈,"啊，真好啊——！那甘奈就那个
“在课程中被表扬的日子的，彩虹色蛋糕”!",283活动剧情,完録、クエストロメリア！ ～サイコロ編～,Keep／Problem／Try
283活动剧情\完録、クエストロメリア！ ～サイコロ編～\Keep／Problem／Try.csv,36,4001012020250,甘奈,仅限被表扬的日子，会去那里吃哦☆,283活动剧情,完録、クエストロメリア！ ～サイコロ編～,Keep／Problem／Try
283活动剧情\完録、クエストロメリア！ ～サイコロ編～\Keep／Problem／Try.csv,40,4001012020280,甘奈,呜哇，太好了——！,283活动剧情,完録、クエストロメリア！ ～サイコロ編～,Keep／Problem／Try
283活动剧情\完録、クエストロメリア！ ～サイコロ編～\Keep／Problem／Try.csv,42,4001012020290,甘奈,那——个，“问题”……,283活动剧情,完録、クエストロメリア！ ～サイコロ編～,Keep／Problem／Try
283活动剧情\完録、クエストロメリア！ ～サイコロ編～\Keep／Problem／Try.csv,43,0000000000000,甘奈,甘奈，说不定最近地理的预习不太行……,283活动剧情,完録、クエストロメリア！ ～サイコロ編～,Keep／Problem／Try
283活动剧情\完録、クエストロメリア！ ～サイコロ編～\Keep／Problem／Try.csv,45,4001012020310,甘奈,"但是，要和学校和家里之类的事情无关呢……
嗯——",283活动剧情,完録、クエストロメリア！ ～サイコロ編～,Keep／Problem／Try
283活动剧情\完録、クエストロメリア！ ～サイコロ編～\Keep／Problem／Try.csv,48,4001012020340,甘奈,"啊——……
那个，虽然是大家的规定——",283活动剧情,完録、クエストロメリア！ ～サイコロ編～,Keep／Problem／Try
283活动剧情\完録、クエストロメリア！ ～サイコロ編～\Keep／Problem／Try.csv,50,4001012020360,甘奈,"要注意才行……
甘奈，绝——对再也不会忘记！",283活动剧情,完録、クエストロメリア！ ～サイコロ編～,Keep／Problem／Try
283活动剧情\完録、クエストロメリア！ ～サイコロ編～\Keep／Problem／Try.csv,55,4001012020400,甘奈,"这样啊！下一个就到“尝试”了呢
想想要怎么才能不忘记吧",283活动剧情,完録、クエストロメリア！ ～サイコロ編～,Keep／Problem／Try
283活动剧情\完録、クエストロメリア！ ～サイコロ編～\Keep／Problem／Try.csv,56,4001012020410,甘奈,"这里——！
在冰箱里，写上超大的字！",283活动剧情,完録、クエストロメリア！ ～サイコロ編～,Keep／Problem／Try
283活动剧情\完録、クエストロメリア！ ～サイコロ編～\Keep／Problem／Try.csv,60,4001012020450,甘奈,"哇哇……
那不写的话就有危机了呢……？",283活动剧情,完録、クエストロメリア！ ～サイコロ編～,Keep／Problem／Try
283活动剧情\完録、クエストロメリア！ ～サイコロ編～\Keep／Problem／Try.csv,63,4001012020480,甘奈,"——啊，那在冰箱旁边放着准备好的便利贴和笔
这个怎么样！",283活动剧情,完録、クエストロメリア！ ～サイコロ編～,Keep／Problem／Try
283活动剧情\完録、クエストロメリア！ ～サイコロ編～\Keep／Problem／Try.csv,73,4001012020540,甘奈,千雪……,283活动剧情,完録、クエストロメリア！ ～サイコロ編～,Keep／Problem／Try
283活动剧情\完録、クエストロメリア！ ～サイコロ編～\Keep／Problem／Try.csv,76,4001012020570,甘奈,"不会！
因为甘奈，绝对绝对再也不会忘记了！",283活动剧情,完録、クエストロメリア！ ～サイコロ編～,Keep／Problem／Try
283活动剧情\完録、クエストロメリア！ ～サイコロ編～\Keep／Problem／Try.csv,78,4001012020590,甘奈,毕竟不能向愿意支撑我们的人撒娇呢,283活动剧情,完録、クエストロメリア！ ～サイコロ編～,Keep／Problem／Try
283活动剧情\完録、クエストロメリア！ ～サイコロ編～\Keep／Problem／Try.csv,81,4001012020620,甘奈,——哇，是下课铃……！,283活动剧情,完録、クエストロメリア！ ～サイコロ編～,Keep／Problem／Try
283活动剧情\完録、クエストロメリア！ ～サイコロ編～\Keep／Problem／Try.csv,85,4001012020640,甘奈,"诶——……
但……但是……——？",283活动剧情,完録、クエストロメリア！ ～サイコロ編～,Keep／Problem／Try
283活动剧情\完録、クエストロメリア！ ～サイコロ編～\Keep／Problem／Try.csv,90,4001012020660,甘奈,诶，什么什么！？,283活动剧情,完録、クエストロメリア！ ～サイコロ編～,Keep／Problem／Try
283活动剧情\完録、クエストロメリア！ ～サイコロ編～\Keep／Problem／Try.csv,93,4001012020680,甘奈,诶、诶……！,283活动剧情,完録、クエストロメリア！ ～サイコロ編～,Keep／Problem／Try
283活动剧情\完録、クエストロメリア！ ～サイコロ編～\Keep／Problem／Try.csv,96,4001012020700,甘奈,甜花……！？,283活动剧情,完録、クエストロメリア！ ～サイコロ編～,Keep／Problem／Try
283活动剧情\完録、クエストロメリア！ ～サイコロ編～\Keep／Problem／Try.csv,100,4001012020730,甘奈,甜、甜花……千雪……！,283活动剧情,完録、クエストロメリア！ ～サイコロ編～,Keep／Problem／Try
283活动剧情\完録、クエストロメリア！ ～サイコロ編～\Keep／Problem／Try.csv,101,4001012020740,甘奈,…………！,283活动剧情,完録、クエストロメリア！ ～サイコロ編～,Keep／Problem／Try
283活动剧情\完録、クエストロメリア！ ～サイコロ編～\Keep／Problem／Try.csv,102,4001012020750,甘奈,——嘿……！,283活动剧情,完録、クエストロメリア！ ～サイコロ編～,Keep／Problem／Try
283活动剧情\完録、クエストロメリア！ ～サイコロ編～\Keep／Problem／Try.csv,104,4001012020770,甘奈,…………呜、呜～……！,283活动剧情,完録、クエストロメリア！ ～サイコロ編～,Keep／Problem／Try
283活动剧情\完録、クエストロメリア！ ～サイコロ編～\Keep／Problem／Try.csv,108,4001012020800,甘奈,不、不行了～～！,283活动剧情,完録、クエストロメリア！ ～サイコロ編～,Keep／Problem／Try
283活动剧情\完録、クエストロメリア！ ～サイコロ編～\Keep／Problem／Try.csv,109,4001012020810,甘奈,明明难得开完了超棒的班会～！,283活动剧情,完録、クエストロメリア！ ～サイコロ編～,Keep／Problem／Try
283活动剧情\完録、クエストロメリア！ ～サイコロ編～\『プロブレム』.csv,3,4001012060010,甘奈,"诶——？
那个……火腿蛋松饼和",283活动剧情,完録、クエストロメリア！ ～サイコロ編～,『プロブレム』
283活动剧情\完録、クエストロメリア！ ～サイコロ編～\『プロブレム』.csv,6,4001012060040,甘奈,"还有，混合了什锦热带水果的
椰浆酸奶呢",283活动剧情,完録、クエストロメリア！ ～サイコロ編～,『プロブレム』
283活动剧情\完録、クエストロメリア！ ～サイコロ編～\『プロブレム』.csv,11,4001012060071,甘奈＆千雪,诶……！,283活动剧情,完録、クエストロメリア！ ～サイコロ編～,『プロブレム』
283活动剧情\完録、クエストロメリア！ ～サイコロ編～\『プロブレム』.csv,14,4001012060090,甘奈,"嗯！点心有很多！
那个，这个和这个和……——",283活动剧情,完録、クエストロメリア！ ～サイコロ編～,『プロブレム』
283活动剧情\完録、クエストロメリア！ ～サイコロ編～\『プロブレム』.csv,15,4001012060100,甘奈,呜哇——！呐呐，是鹿耶～！,283活动剧情,完録、クエストロメリア！ ～サイコロ編～,『プロブレム』
283活动剧情\完録、クエストロメリア！ ～サイコロ編～\『プロブレム』.csv,18,4001012060130,甘奈,"哇啊，真的……！
因为来到了高处嘛！",283活动剧情,完録、クエストロメリア！ ～サイコロ編～,『プロブレム』
283活动剧情\完録、クエストロメリア！ ～サイコロ編～\『プロブレム』.csv,22,4001012060170,甘奈,"啊，千雪
甘奈也要吃～！",283活动剧情,完録、クエストロメリア！ ～サイコロ編～,『プロブレム』
283活动剧情\完録、クエストロメリア！ ～サイコロ編～\『プロブレム』.csv,26,4001012060190,甘奈,"诶，到了啊！
——那个，展望台在……",283活动剧情,完録、クエストロメリア！ ～サイコロ編～,『プロブレム』
283活动剧情\完録、クエストロメリア！ ～サイコロ編～\『プロブレム』.csv,31,4001012060220,甘奈,"太好了～！
那，let's go吧☆",283活动剧情,完録、クエストロメリア！ ～サイコロ編～,『プロブレム』
283活动剧情\完録、クエストロメリア！ ～サイコロ編～\『プロブレム』.csv,34,4001012060240,甘奈,诶……？啊……——,283活动剧情,完録、クエストロメリア！ ～サイコロ編～,『プロブレム』
283活动剧情\完録、クエストロメリア！ ～サイコロ編～\『プロブレム』.csv,35,4001012060250,甘奈,水洼……！,283活动剧情,完録、クエストロメリア！ ～サイコロ編～,『プロブレム』
283活动剧情\完録、クエストロメリア！ ～サイコロ編～\『プロブレム』.csv,40,4001012060280,甘奈,……——,283活动剧情,完録、クエストロメリア！ ～サイコロ編～,『プロブレム』
283活动剧情\完録、クエストロメリア！ ～サイコロ編～\『プロブレム』.csv,43,4001012060310,甘奈,…………,283活动剧情,完録、クエストロメリア！ ～サイコロ編～,『プロブレム』
283活动剧情\完録、クエストロメリア！ ～サイコロ編～\『プロブレム』.csv,44,4001012060320,甘奈,……嗯,283活动剧情,完録、クエストロメリア！ ～サイコロ編～,『プロブレム』
283活动剧情\完録、クエストロメリア！ ～サイコロ編～\『プロブレム』.csv,45,4001012060330,甘奈,甜花，千雪——,283活动剧情,完録、クエストロメリア！ ～サイコロ編～,『プロブレム』
283活动剧情\完録、クエストロメリア！ ～サイコロ編～\『プロブレム』.csv,46,4001012060340,甘奈,"那个啊，因为只有甘奈没拿着行李，
甘奈想去给staff帮忙",283活动剧情,完録、クエストロメリア！ ～サイコロ編～,『プロブレム』
283活动剧情\完録、クエストロメリア！ ～サイコロ編～\『プロブレム』.csv,48,4001012060360,甘奈,……“撒娇是不行的的时候”“尽管撒娇吧的时候”,283活动剧情,完録、クエストロメリア！ ～サイコロ編～,『プロブレム』
283活动剧情\完録、クエストロメリア！ ～サイコロ編～\『プロブレム』.csv,49,4001012060370,甘奈,"还有呢，“尽管撒娇吧的时候”也是
我觉得如果有的话就好了",283活动剧情,完録、クエストロメリア！ ～サイコロ編～,『プロブレム』
283活动剧情\完録、クエストロメリア！ ～サイコロ編～\『プロブレム』.csv,51,4001012060390,甘奈,"今天也是昨天也是……
甘奈，一个劲地只是在得到",283活动剧情,完録、クエストロメリア！ ～サイコロ編～,『プロブレム』
283活动剧情\完録、クエストロメリア！ ～サイコロ編～\『プロブレム』.csv,52,4001012060400,甘奈,"那个……！
行李的搬运，我也来帮忙！",283活动剧情,完録、クエストロメリア！ ～サイコロ編～,『プロブレム』
283活动剧情\完録、クエストロメリア！ ～サイコロ編～\『プロブレム』.csv,54,4001012060420,甘奈,无论是什么都请尽管说！,283活动剧情,完録、クエストロメリア！ ～サイコロ編～,『プロブレム』
283活动剧情\完録、クエストロメリア！ ～サイコロ編～\『プロブレム』.csv,57,4001012060430,甘奈,"我没关系的，那个……！
…………——",283活动剧情,完録、クエストロメリア！ ～サイコロ編～,『プロブレム』
283活动剧情\完録、クエストロメリア！ ～サイコロ編～\『プロブレム』.csv,58,4001012060440,甘奈,"非、非常抱歉……
那个……反倒添了麻烦、吗……",283活动剧情,完録、クエストロメリア！ ～サイコロ編～,『プロブレム』
283活动剧情\完録、クエストロメリア！ ～サイコロ編～\『プロブレム』.csv,60,4001012060450,甘奈,"哇……！小小的保温箱……！
是，我会小心地搬运的！",283活动剧情,完録、クエストロメリア！ ～サイコロ編～,『プロブレム』
283活动剧情\完録、クエストロメリア！ ～サイコロ編～\『プロブレム』.csv,62,4001012060470,甘奈,没关系的哦。一个的话没事☆,283活动剧情,完録、クエストロメリア！ ～サイコロ編～,『プロブレム』
283活动剧情\完録、クエストロメリア！ ～サイコロ編～\『プロブレム』.csv,65,4001012060500,甘奈,甜、甜花……！甜花！,283活动剧情,完録、クエストロメリア！ ～サイコロ編～,『プロブレム』
283活动剧情\完録、クエストロメリア！ ～サイコロ編～\『プロブレム』.csv,67,4001012060520,甘奈,没受伤吧——呀……！,283活动剧情,完録、クエストロメリア！ ～サイコロ編～,『プロブレム』
283活动剧情\完録、クエストロメリア！ ～サイコロ編～\『プロブレム』.csv,70,4001012060550,甘奈,好疼好疼……,283活动剧情,完録、クエストロメリア！ ～サイコロ編～,『プロブレム』
283活动剧情\完録、クエストロメリア！ ～サイコロ編～\『プロブレム』.csv,73,4001012060580,甘奈,甘奈的、衣服……,283活动剧情,完録、クエストロメリア！ ～サイコロ編～,『プロブレム』
283活动剧情\完録、クエストロメリア！ ～サイコロ編～\『プロブレム』.csv,75,4001012060600,甘奈,受伤……并没有,283活动剧情,完録、クエストロメリア！ ～サイコロ編～,『プロブレム』
283活动剧情\完録、クエストロメリア！ ～サイコロ編～\『プロブレム』.csv,80,4001012060630,甘奈,诶，制作——,283活动剧情,完録、クエストロメリア！ ～サイコロ編～,『プロブレム』
283活动剧情\完録、クエストロメリア！ ～サイコロ編～\『プロブレム』.csv,88,4001012060670,甘奈,甘、甘奈也是……！,283活动剧情,完録、クエストロメリア！ ～サイコロ編～,『プロブレム』
283活动剧情\完録、クエストロメリア！ ～サイコロ編～\『プロブレム』.csv,95,4001012060700,甘奈,…………,283活动剧情,完録、クエストロメリア！ ～サイコロ編～,『プロブレム』
283活动剧情\完録、クエストロメリア！ ～サイコロ編～\『プロブレム』.csv,98,4001012060710,甘奈,……是,283活动剧情,完録、クエストロメリア！ ～サイコロ編～,『プロブレム』
283活动剧情\完録、クエストロメリア！ ～サイコロ編～\『プロブレム』.csv,101,4001012060730,甘奈,千雪……,283活动剧情,完録、クエストロメリア！ ～サイコロ編～,『プロブレム』
283活动剧情\完録、クエストロメリア！ ～サイコロ編～\『プロブレム』.csv,103,4001012060750,甘奈,甜花……,283活动剧情,完録、クエストロメリア！ ～サイコロ編～,『プロブレム』
283活动剧情\完録、クエストロメリア！ ～サイコロ編～\『プロブレム』.csv,104,4001012060760,甘奈,"……嗯……
拜托你们了……",283活动剧情,完録、クエストロメリア！ ～サイコロ編～,『プロブレム』
283活动剧情\完録、クエストロメリア！ ～サイコロ編～\『プロブレム』.csv,106,4001012060770,甘奈,……！,283活动剧情,完録、クエストロメリア！ ～サイコロ編～,『プロブレム』
283活动剧情\完録、クエストロメリア！ ～サイコロ編～\『プロブレム』.csv,111,4001012060800,甘奈,…………,283活动剧情,完録、クエストロメリア！ ～サイコロ編～,『プロブレム』
283活动剧情\完録、クエストロメリア！ ～サイコロ編～\『プロブレム』.csv,112,4001012060801,甘奈＆千雪,甘奈的错——,283活动剧情,完録、クエストロメリア！ ～サイコロ編～,『プロブレム』
283活动剧情\完録、クエストロメリア！ ～サイコロ編～\『プロブレム』.csv,113,4001012060810,甘奈,……！,283活动剧情,完録、クエストロメリア！ ～サイコロ編～,『プロブレム』
283活动剧情\完録、クエストロメリア！ ～サイコロ編～\『プロブレム』.csv,115,4001012060830,甘奈,"……不，是甘奈不好。我知道的
虽然监督先生说了“累了”……",283活动剧情,完録、クエストロメリア！ ～サイコロ編～,『プロブレム』
283活动剧情\完録、クエストロメリア！ ～サイコロ編～\『プロブレム』.csv,116,4001012060840,甘奈,"毕竟气氛，稍微变得有点沉重了……
甘奈……虽然希望不要让事情变成那样——",283活动剧情,完録、クエストロメリア！ ～サイコロ編～,『プロブレム』
283活动剧情\完録、クエストロメリア！ ～サイコロ編～\『プロブレム』.csv,119,4001012060870,甘奈,……甜花也……没有错啊,283活动剧情,完録、クエストロメリア！ ～サイコロ編～,『プロブレム』
283活动剧情\完録、クエストロメリア！ ～サイコロ編～\『プロブレム』.csv,126,4001012060930,甘奈,……诶,283活动剧情,完録、クエストロメリア！ ～サイコロ編～,『プロブレム』
283活动剧情\完録、クエストロメリア！ ～サイコロ編～\『プロブレム』.csv,132,4001012060990,甘奈,“尝试”…………,283活动剧情,完録、クエストロメリア！ ～サイコロ編～,『プロブレム』
283活动剧情\完録、クエストロメリア！ ～サイコロ編～\『プロブレム』.csv,133,4001012061000,甘奈,"嗯……！
甘奈也，想要想想……！",283活动剧情,完録、クエストロメリア！ ～サイコロ編～,『プロブレム』
283活动剧情\完録、クエストロメリア！ ～サイコロ編～\にっこりまで.csv,2,4001012070010,甘奈,"那个啊，“问题”……
我，姑且还是知道的哦",283活动剧情,完録、クエストロメリア！ ～サイコロ編～,にっこりまで
283活动剧情\完録、クエストロメリア！ ～サイコロ編～\にっこりまで.csv,3,4001012070020,甘奈,"是我把衣服弄脏了的事，
是我把刚才的摄影全部拜托给你们两个的事",283活动剧情,完録、クエストロメリア！ ～サイコロ編～,にっこりまで
283活动剧情\完録、クエストロメリア！ ～サイコロ編～\にっこりまで.csv,4,4001012070030,甘奈,"是我让大家担心的事
——……明明，摄影也是甘奈的工作，",283活动剧情,完録、クエストロメリア！ ～サイコロ編～,にっこりまで
283活动剧情\完録、クエストロメリア！ ～サイコロ編～\にっこりまで.csv,5,4001012070040,甘奈,"为了做其它的事情，
彻彻底底地没法完成那件工作了",283活动剧情,完録、クエストロメリア！ ～サイコロ編～,にっこりまで
283活动剧情\完録、クエストロメリア！ ～サイコロ編～\にっこりまで.csv,6,4001012070050,甘奈,……真的、真的非常抱歉……,283活动剧情,完録、クエストロメリア！ ～サイコロ編～,にっこりまで
283活动剧情\完録、クエストロメリア！ ～サイコロ編～\にっこりまで.csv,15,4001012070130,甘奈,千雪，甜花——……,283活动剧情,完録、クエストロメリア！ ～サイコロ編～,にっこりまで
283活动剧情\完録、クエストロメリア！ ～サイコロ編～\にっこりまで.csv,17,4001012070150,甘奈,"嗯。毕竟必须得转换一下才行——
不露出笑容、就不行",283活动剧情,完録、クエストロメリア！ ～サイコロ編～,にっこりまで
283活动剧情\完録、クエストロメリア！ ～サイコロ編～\にっこりまで.csv,18,4001012070160,甘奈,…………,283活动剧情,完録、クエストロメリア！ ～サイコロ編～,にっこりまで
283活动剧情\完録、クエストロメリア！ ～サイコロ編～\にっこりまで.csv,22,4001012070191,甘奈＆甜花,诶？,283活动剧情,完録、クエストロメリア！ ～サイコロ編～,にっこりまで
283活动剧情\完録、クエストロメリア！ ～サイコロ編～\にっこりまで.csv,25,4001012070220,甘奈,千雪……——,283活动剧情,完録、クエストロメリア！ ～サイコロ編～,にっこりまで
283活动剧情\完録、クエストロメリア！ ～サイコロ編～\にっこりまで.csv,29,4001012070260,甘奈,"等、等等！
甘奈还没有决定好模仿什——",283活动剧情,完録、クエストロメリア！ ～サイコロ編～,にっこりまで
283活动剧情\完録、クエストロメリア！ ～サイコロ編～\にっこりまで.csv,33,4001012070300,甘奈,"你们两个真狡猾～！
都选了这么常见的动物～～！",283活动剧情,完録、クエストロメリア！ ～サイコロ編～,にっこりまで
283活动剧情\完録、クエストロメリア！ ～サイコロ編～\にっこりまで.csv,36,4001012070330,甘奈,"熊猫是怎么叫的来着……！？
嗯嗯，那个——嘎嗷——！嘎嗷——！",283活动剧情,完録、クエストロメリア！ ～サイコロ編～,にっこりまで
283活动剧情\完録、クエストロメリア！ ～サイコロ編～\にっこりまで.csv,38,4001012070350,甘奈,"甘奈知道的熊猫就是这种感觉哦！
嘎嗷嘎嗷、嘎嗷——",283活动剧情,完録、クエストロメリア！ ～サイコロ編～,にっこりまで
283活动剧情\完録、クエストロメリア！ ～サイコロ編～\にっこりまで.csv,41,4001012070380,甘奈,！诶嘿嘿……！,283活动剧情,完録、クエストロメリア！ ～サイコロ編～,にっこりまで
283活动剧情\完録、クエストロメリア！ ～サイコロ編～\にっこりまで.csv,44,4001012070400,甘奈,甜花……？,283活动剧情,完録、クエストロメリア！ ～サイコロ編～,にっこりまで
283活动剧情\完録、クエストロメリア！ ～サイコロ編～\にっこりまで.csv,46,4001012070420,甘奈,没、关、系……？,283活动剧情,完録、クエストロメリア！ ～サイコロ編～,にっこりまで
283活动剧情\完録、クエストロメリア！ ～サイコロ編～\にっこりまで.csv,51,4001012070470,甘奈,甜花……——！,283活动剧情,完録、クエストロメリア！ ～サイコロ編～,にっこりまで
283活动剧情\完録、クエストロメリア！ ～サイコロ編～\にっこりまで.csv,52,4001012070480,甘奈,……嗯。嗯……！,283活动剧情,完録、クエストロメリア！ ～サイコロ編～,にっこりまで
283活动剧情\完録、クエストロメリア！ ～サイコロ編～\にっこりまで.csv,53,4001012070490,甘奈,"——甘奈，没关系的。
能够、笑出来了！",283活动剧情,完録、クエストロメリア！ ～サイコロ編～,にっこりまで
283活动剧情\完録、クエストロメリア！ ～サイコロ編～\にっこりまで.csv,56,4001012070520,甘奈,那——骰子，要扔了哦！,283活动剧情,完録、クエストロメリア！ ～サイコロ編～,にっこりまで
283活动剧情\完録、クエストロメリア！ ～サイコロ編～\にっこりまで.csv,58,4001012070530,甘奈,下一个任务是——,283活动剧情,完録、クエストロメリア！ ～サイコロ編～,にっこりまで
283活动剧情\完録、クエストロメリア！ ～サイコロ編～\ふたりとひとりの夜.csv,6,4001012040030,甘奈,"那么，甘奈就吃吃看肉料理！
居然，这好像是A5级别的美食！",283活动剧情,完録、クエストロメリア！ ～サイコロ編～,ふたりとひとりの夜
283活动剧情\完録、クエストロメリア！ ～サイコロ編～\ふたりとひとりの夜.csv,7,4001012040040,甘奈,我开动了——……——嗯～！,283活动剧情,完録、クエストロメリア！ ～サイコロ編～,ふたりとひとりの夜
283活动剧情\完録、クエストロメリア！ ～サイコロ編～\ふたりとひとりの夜.csv,8,0000000000000,甘奈,好厉害——这是什么！？一下就融化了——☆,283活动剧情,完録、クエストロメリア！ ～サイコロ編～,ふたりとひとりの夜
283活动剧情\完録、クエストロメリア！ ～サイコロ編～\ふたりとひとりの夜.csv,10,4001012040060,甘奈,"嗯！
甘奈是第一次吃到这么好吃的东西……！",283活动剧情,完録、クエストロメリア！ ～サイコロ編～,ふたりとひとりの夜
283活动剧情\完録、クエストロメリア！ ～サイコロ編～\ふたりとひとりの夜.csv,13,4001012040080,甘奈,"诶——，为什么！？
明明在感觉这么好地吃饭——！",283活动剧情,完録、クエストロメリア！ ～サイコロ編～,ふたりとひとりの夜
283活动剧情\完録、クエストロメリア！ ～サイコロ編～\ふたりとひとりの夜.csv,16,4001012040091,甘奈＆千雪,啊——嗯……！,283活动剧情,完録、クエストロメリア！ ～サイコロ編～,ふたりとひとりの夜
283活动剧情\完録、クエストロメリア！ ～サイコロ編～\ふたりとひとりの夜.csv,18,4001012040100,甘奈,也就是说……？,283活动剧情,完録、クエストロメリア！ ～サイコロ編～,ふたりとひとりの夜
283活动剧情\完録、クエストロメリア！ ～サイコロ編～\ふたりとひとりの夜.csv,22,4001012040120,甘奈,"如果要赌上甜点的话……！
就算对手是千雪也绝不留情哦……！",283活动剧情,完録、クエストロメリア！ ～サイコロ編～,ふたりとひとりの夜
283活动剧情\完録、クエストロメリア！ ～サイコロ編～\ふたりとひとりの夜.csv,26,4001012040140,甘奈,我开动了——……！,283活动剧情,完録、クエストロメリア！ ～サイコロ編～,ふたりとひとりの夜
283活动剧情\完録、クエストロメリア！ ～サイコロ編～\ふたりとひとりの夜.csv,27,4001012040150,甘奈,嗯——…………真好啊——！,283活动剧情,完録、クエストロメリア！ ～サイコロ編～,ふたりとひとりの夜
283活动剧情\完録、クエストロメリア！ ～サイコロ編～\ふたりとひとりの夜.csv,29,4001012040170,甘奈,"诶嘿嘿——！“好”是安全的对吧？
这个鳗鱼，真好啊☆——",283活动剧情,完録、クエストロメリア！ ～サイコロ編～,ふたりとひとりの夜
283活动剧情\完録、クエストロメリア！ ～サイコロ編～\ふたりとひとりの夜.csv,31,4001012040190,甘奈,"那个啊——，鳗鱼的口感——
这么说的话好像会很危险，所以——……",283活动剧情,完録、クエストロメリア！ ～サイコロ編～,ふたりとひとりの夜
283活动剧情\完録、クエストロメリア！ ～サイコロ編～\ふたりとひとりの夜.csv,32,4001012040200,甘奈,"面部！
大概是觉得，鳗鱼的面部真好啊——",283活动剧情,完録、クエストロメリア！ ～サイコロ編～,ふたりとひとりの夜
283活动剧情\完録、クエストロメリア！ ～サイコロ編～\ふたりとひとりの夜.csv,35,4001012040220,甘奈,太好了——！顺利地完成了～!,283活动剧情,完録、クエストロメリア！ ～サイコロ編～,ふたりとひとりの夜
283活动剧情\完録、クエストロメリア！ ～サイコロ編～\ふたりとひとりの夜.csv,37,4001012040240,甘奈,呐呐，NG词汇是什么啊？,283活动剧情,完録、クエストロメリア！ ～サイコロ編～,ふたりとひとりの夜
283活动剧情\完録、クエストロメリア！ ～サイコロ編～\ふたりとひとりの夜.csv,39,4001012040260,甘奈,"骗人的吧——！？好险……！
甘奈，其实最开始想说“柔软”的！",283活动剧情,完録、クエストロメリア！ ～サイコロ編～,ふたりとひとりの夜
283活动剧情\完録、クエストロメリア！ ～サイコロ編～\ふたりとひとりの夜.csv,43,4001012040290,甘奈,千雪，出局了——！,283活动剧情,完録、クエストロメリア！ ～サイコロ編～,ふたりとひとりの夜
283活动剧情\完録、クエストロメリア！ ～サイコロ編～\ふたりとひとりの夜.csv,45,4001012040310,甘奈,“好棒的汤汁”是NG词汇哦☆,283活动剧情,完録、クエストロメリア！ ～サイコロ編～,ふたりとひとりの夜
283活动剧情\完録、クエストロメリア！ ～サイコロ編～\ふたりとひとりの夜.csv,56,4001012040380,甘奈,"只有甘奈吃了甜点十分抱歉！
甜点十分美味！",283活动剧情,完録、クエストロメリア！ ～サイコロ編～,ふたりとひとりの夜
283活动剧情\完録、クエストロメリア！ ～サイコロ編～\ふたりとひとりの夜.csv,59,4001012040410,甘奈,多谢款待——☆,283活动剧情,完録、クエストロメリア！ ～サイコロ編～,ふたりとひとりの夜
283活动剧情\完録、クエストロメリア！ ～サイコロ編～\ふたりとひとりの夜.csv,85,4001012040661,甘奈＆千雪,甜花——，晚上好——！,283活动剧情,完録、クエストロメリア！ ～サイコロ編～,ふたりとひとりの夜
283活动剧情\完録、クエストロメリア！ ～サイコロ編～\ふたりとひとりの夜.csv,87,4001012040680,甘奈,"——诶嘿嘿——！
是“潜入摄影”哦，甜花！",283活动剧情,完録、クエストロメリア！ ～サイコロ編～,ふたりとひとりの夜
283活动剧情\完録、クエストロメリア！ ～サイコロ編～\サイコロツアー、スタート！.csv,4,4001012010020,甘奈,早上好——☆,283活动剧情,完録、クエストロメリア！ ～サイコロ編～,サイコロツアー、スタート！
283活动剧情\完録、クエストロメリア！ ～サイコロ編～\サイコロツアー、スタート！.csv,8,4001012010060,甘奈,"甘奈也是！
因为总觉得有一种ALSTROEMERIA要去修学旅行～的感觉……！",283活动剧情,完録、クエストロメリア！ ～サイコロ編～,サイコロツアー、スタート！
283活动剧情\完録、クエストロメリア！ ～サイコロ編～\サイコロツアー、スタート！.csv,9,4001012010070,甘奈,"——但是但是，居然，目的地还没有决定！
要决定甘奈我们的命运的是——锵锵！",283活动剧情,完録、クエストロメリア！ ～サイコロ編～,サイコロツアー、スタート！
283活动剧情\完録、クエストロメリア！ ～サイコロ編～\サイコロツアー、スタート！.csv,15,4001012010100,甘奈,"对吧～☆
甜花，快投骰子投骰子——！",283活动剧情,完録、クエストロメリア！ ～サイコロ編～,サイコロツアー、スタート！
283活动剧情\完録、クエストロメリア！ ～サイコロ編～\サイコロツアー、スタート！.csv,17,4001012010120,甘奈,3……也就是说,283活动剧情,完録、クエストロメリア！ ～サイコロ編～,サイコロツアー、スタート！
283活动剧情\完録、クエストロメリア！ ～サイコロ編～\サイコロツアー、スタート！.csv,24,4001012010150,甘奈,真的吗——！？,283活动剧情,完録、クエストロメリア！ ～サイコロ編～,サイコロツアー、スタート！
283活动剧情\完録、クエストロメリア！ ～サイコロ編～\サイコロツアー、スタート！.csv,25,0000000000000,甘奈,会见到什么呢～甜花！真期待啊,283活动剧情,完録、クエストロメリア！ ～サイコロ編～,サイコロツアー、スタート！
283活动剧情\完録、クエストロメリア！ ～サイコロ編～\サイコロツアー、スタート！.csv,29,4001012010171,甘奈＆甜花,诶！,283活动剧情,完録、クエストロメリア！ ～サイコロ編～,サイコロツアー、スタート！
283活动剧情\完録、クエストロメリア！ ～サイコロ編～\サイコロツアー、スタート！.csv,31,4001012010190,甘奈,别这么说，千雪！,283活动剧情,完録、クエストロメリア！ ～サイコロ編～,サイコロツアー、スタート！
283活动剧情\完録、クエストロメリア！ ～サイコロ編～\サイコロツアー、スタート！.csv,32,4001012010200,甘奈,"甜花没有错，
是因为甘奈说了“来玩游戏吧”～",283活动剧情,完録、クエストロメリア！ ～サイコロ編～,サイコロツアー、スタート！
283活动剧情\完録、クエストロメリア！ ～サイコロ編～\サイコロツアー、スタート！.csv,37,4001012010250,甘奈,"不可以提高难度～！
骰子是运气啊，运气！",283活动剧情,完録、クエストロメリア！ ～サイコロ編～,サイコロツアー、スタート！
283活动剧情\完録、クエストロメリア！ ～サイコロ編～\サイコロツアー、スタート！.csv,38,4001012010260,甘奈,"因为甘奈我们充分准备了的
是思想准备之类的地方",283活动剧情,完録、クエストロメリア！ ～サイコロ編～,サイコロツアー、スタート！
283活动剧情\完録、クエストロメリア！ ～サイコロ編～\サイコロツアー、スタート！.csv,39,4001012010270,甘奈,对吧，甜花！,283活动剧情,完録、クエストロメリア！ ～サイコロ編～,サイコロツアー、スタート！
283活动剧情\完録、クエストロメリア！ ～サイコロ編～\サイコロツアー、スタート！.csv,42,4001012010300,甘奈,诶？,283活动剧情,完録、クエストロメリア！ ～サイコロ編～,サイコロツアー、スタート！
283活动剧情\完録、クエストロメリア！ ～サイコロ編～\サイコロツアー、スタート！.csv,44,4001012010320,甘奈,诶！？甜花，不是放在桌子上了吗？,283活动剧情,完録、クエストロメリア！ ～サイコロ編～,サイコロツアー、スタート！
283活动剧情\完録、クエストロメリア！ ～サイコロ編～\サイコロツアー、スタート！.csv,49,4001012010360,甘奈,"嗯、嗯
为了今天，我们买了相同的小瓶化妆水",283活动剧情,完録、クエストロメリア！ ～サイコロ編～,サイコロツアー、スタート！
283活动剧情\完録、クエストロメリア！ ～サイコロ編～\サイコロツアー、スタート！.csv,50,4001012010370,甘奈,——甜花，找到了吗？,283活动剧情,完録、クエストロメリア！ ～サイコロ編～,サイコロツアー、スタート！
283活动剧情\完録、クエストロメリア！ ～サイコロ編～\サイコロツアー、スタート！.csv,55,4001012010410,甘奈,"完全没事！没关系的哦甜花！
一起用甘奈的就好了嘛！",283活动剧情,完録、クエストロメリア！ ～サイコロ編～,サイコロツアー、スタート！
283活动剧情\完録、クエストロメリア！ ～サイコロ編～\サイコロツアー、スタート！.csv,59,4001012010450,甘奈,"确实……！
千雪的化妆水，不会很贵之类的吗……！？",283活动剧情,完録、クエストロメリア！ ～サイコロ編～,サイコロツアー、スタート！
283活动剧情\完録、クエストロメリア！ ～サイコロ編～\サイコロツアー、スタート！.csv,65,4001012010500,甘奈,"——……好、好厉害！
好好闻～！",283活动剧情,完録、クエストロメリア！ ～サイコロ編～,サイコロツアー、スタート！
283活动剧情\完録、クエストロメリア！ ～サイコロ編～\サイコロツアー、スタート！.csv,70,4001012010540,甘奈,"甘奈我们的化妆水，虽然是便宜的款式……
不过我们选择了可爱的旅行用容器——",283活动剧情,完録、クエストロメリア！ ～サイコロ編～,サイコロツアー、スタート！
283活动剧情\完録、クエストロメリア！ ～サイコロ編～\サイコロツアー、スタート！.csv,71,4001012010550,甘奈,我现在就拿过来！,283活动剧情,完録、クエストロメリア！ ～サイコロ編～,サイコロツアー、スタート！
283活动剧情\完録、クエストロメリア！ ～サイコロ編～\サイコロツアー、スタート！.csv,74,4001012010560,甘奈,——看，就是这个！,283活动剧情,完録、クエストロメリア！ ～サイコロ編～,サイコロツアー、スタート！
283活动剧情\完録、クエストロメリア！ ～サイコロ編～\サイコロツアー、スタート！.csv,84,4001012010600,甘奈,顺便，名胜都是那些呢……？,283活动剧情,完録、クエストロメリア！ ～サイコロ編～,サイコロツアー、スタート！
283活动剧情\完録、クエストロメリア！ ～サイコロ編～\サイコロツアー、スタート！.csv,86,4001012010610,甘奈,诶，好想看～！,283活动剧情,完録、クエストロメリア！ ～サイコロ編～,サイコロツアー、スタート！
283活动剧情\完録、クエストロメリア！ ～サイコロ編～\サイコロツアー、スタート！.csv,88,4001012010630,甘奈,"啊，甜花真聪明！
嗯——！",283活动剧情,完録、クエストロメリア！ ～サイコロ編～,サイコロツアー、スタート！
283活动剧情\完録、クエストロメリア！ ～サイコロ編～\サイコロツアー、スタート！.csv,90,4001012010640,甘奈,……那、那一块……？,283活动剧情,完録、クエストロメリア！ ～サイコロ編～,サイコロツアー、スタート！
283活动剧情\完録、クエストロメリア！ ～サイコロ編～\サイコロツアー、スタート！.csv,94,4001012010670,甘奈,哇～～～～！！,283活动剧情,完録、クエストロメリア！ ～サイコロ編～,サイコロツアー、スタート！
283活动剧情\完録、クエストロメリア！ ～サイコロ編～\サイコロツアー、スタート！.csv,98,4001012010710,甘奈,"这么说，可以进到里面吗！？
好厉害，甘奈我们进去也没关系吗？",283活动剧情,完録、クエストロメリア！ ～サイコロ編～,サイコロツアー、スタート！
283活动剧情\完録、クエストロメリア！ ～サイコロ編～\サイコロツアー、スタート！.csv,102,4001012010730,甘奈,"甜花，千雪！
这回大家一起扔吧？",283活动剧情,完録、クエストロメリア！ ～サイコロ編～,サイコロツアー、スタート！
283活动剧情\完録、クエストロメリア！ ～サイコロ編～\サイコロツアー、スタート！.csv,106,4001012010761,甘奈＆甜花,“来开班会吧”,283活动剧情,完録、クエストロメリア！ ～サイコロ編～,サイコロツアー、スタート！
283活动剧情\完録、クエストロメリア！ ～サイコロ編～\サイコロツアー、スタート！.csv,108,4001012010780,甘奈,今天千雪也是同学了呢！,283活动剧情,完録、クエストロメリア！ ～サイコロ編～,サイコロツアー、スタート！
283活动剧情\完録、クエストロメリア！ ～サイコロ編～\サイコロツアー、スタート！.csv,110,4001012010800,甘奈,甘奈也是甘奈也是——,283活动剧情,完録、クエストロメリア！ ～サイコロ編～,サイコロツアー、スタート！
283活动剧情\完録、クエストロメリア！ ～サイコロ編～\サイコロツアー、スタート！.csv,111,0000000000000,甘奈,啊，但是，因为甘奈也不能不坐在甜花旁边——,283活动剧情,完録、クエストロメリア！ ～サイコロ編～,サイコロツアー、スタート！
283活动剧情\完録、クエストロメリア！ ～サイコロ編～\サイコロツアー、スタート！.csv,113,4001012010820,甘奈,啊哈哈，那样的话就没法面向老师的方向了——！,283活动剧情,完録、クエストロメリア！ ～サイコロ編～,サイコロツアー、スタート！
283活动剧情\完録、クエストロメリア！ ～サイコロ編～\大人じゃないんだもん.csv,2,4001012050010,甘奈,呀——！,283活动剧情,完録、クエストロメリア！ ～サイコロ編～,大人じゃないんだもん
283活动剧情\完録、クエストロメリア！ ～サイコロ編～\大人じゃないんだもん.csv,5,4001012050030,甘奈,我知道的我知道的～☆,283活动剧情,完録、クエストロメリア！ ～サイコロ編～,大人じゃないんだもん
283活动剧情\完録、クエストロメリア！ ～サイコロ編～\大人じゃないんだもん.csv,6,4001012050040,甘奈,——呀……！,283活动剧情,完録、クエストロメリア！ ～サイコロ編～,大人じゃないんだもん
283活动剧情\完録、クエストロメリア！ ～サイコロ編～\大人じゃないんだもん.csv,8,4001012050060,甘奈,"呐，甜花
这回把两只手举起来滑吧！",283活动剧情,完録、クエストロメリア！ ～サイコロ編～,大人じゃないんだもん
283活动剧情\完録、クエストロメリア！ ～サイコロ編～\大人じゃないんだもん.csv,11,4001012050090,甘奈,啊，好——☆,283活动剧情,完録、クエストロメリア！ ～サイコロ編～,大人じゃないんだもん
283活动剧情\完録、クエストロメリア！ ～サイコロ編～\大人じゃないんだもん.csv,16,4001012050120,甘奈,甜花，再来一次～！,283活动剧情,完録、クエストロメリア！ ～サイコロ編～,大人じゃないんだもん
283活动剧情\完録、クエストロメリア！ ～サイコロ編～\大人じゃないんだもん.csv,26,4001012050170,甘奈,还远远没有结束哦——！,283活动剧情,完録、クエストロメリア！ ～サイコロ編～,大人じゃないんだもん
283活动剧情\完録、クエストロメリア！ ～サイコロ編～\大人じゃないんだもん.csv,29,4001012050200,甘奈,"诶嘿嘿，不会等的哦～
3秒前！",283活动剧情,完録、クエストロメリア！ ～サイコロ編～,大人じゃないんだもん
283活动剧情\完録、クエストロメリア！ ～サイコロ編～\大人じゃないんだもん.csv,32,4001012050230,甘奈,呀——！,283活动剧情,完録、クエストロメリア！ ～サイコロ編～,大人じゃないんだもん
283活动剧情\完録、クエストロメリア！ ～サイコロ編～\大人じゃないんだもん.csv,37,4001012050270,甘奈,"呼——谢谢你千雪！
我玩得很高兴……！",283活动剧情,完録、クエストロメリア！ ～サイコロ編～,大人じゃないんだもん
283活动剧情\完録、クエストロメリア！ ～サイコロ編～\大人じゃないんだもん.csv,38,4001012050280,甘奈,——呐呐，千雪你们在说什么啊——？,283活动剧情,完録、クエストロメリア！ ～サイコロ編～,大人じゃないんだもん
283活动剧情\完録、クエストロメリア！ ～サイコロ編～\大人じゃないんだもん.csv,41,4001012050310,甘奈,诶，愿意表扬我们吗～！,283活动剧情,完録、クエストロメリア！ ～サイコロ編～,大人じゃないんだもん
283活动剧情\完録、クエストロメリア！ ～サイコロ編～\大人じゃないんだもん.csv,46,4001012050340,甘奈,甜花……,283活动剧情,完録、クエストロメリア！ ～サイコロ編～,大人じゃないんだもん
283活动剧情\完録、クエストロメリア！ ～サイコロ編～\大人じゃないんだもん.csv,52,4001012050400,甘奈,"……诶嘿嘿
好厉害啊，甜花……",283活动剧情,完録、クエストロメリア！ ～サイコロ編～,大人じゃないんだもん
283活动剧情\完録、クエストロメリア！ ～サイコロ編～\大人じゃないんだもん.csv,53,4001012050410,甘奈,——“撒娇是不行的”吗……,283活动剧情,完録、クエストロメリア！ ～サイコロ編～,大人じゃないんだもん
283活动剧情\完録、クエストロメリア！ ～サイコロ編～\大人じゃないんだもん.csv,54,4001012050420,甘奈,"那个啊，“去潜入取材吧”
是千雪提议的",283活动剧情,完録、クエストロメリア！ ～サイコロ編～,大人じゃないんだもん
283活动剧情\完録、クエストロメリア！ ～サイコロ編～\大人じゃないんだもん.csv,55,4001012050430,甘奈,但是，因为不可以给staff们添麻烦——,283活动剧情,完録、クエストロメリア！ ～サイコロ編～,大人じゃないんだもん
283活动剧情\完録、クエストロメリア！ ～サイコロ編～\大人じゃないんだもん.csv,60,4001012050470,甘奈,谢谢你，制作人！,283活动剧情,完録、クエストロメリア！ ～サイコロ編～,大人じゃないんだもん
283活动剧情\完録、クエストロメリア！ ～サイコロ編～\大人じゃないんだもん.csv,70,4001012050550,甘奈,"……！
虽然撒娇是不行的，如果加油的话时不时——",283活动剧情,完録、クエストロメリア！ ～サイコロ編～,大人じゃないんだもん
283活动剧情\完録、クエストロメリア！ ～サイコロ編～\大人じゃないんだもん.csv,71,4001012050560,甘奈,"——这样啊，嗯
这样的话果然，得加油才行呢！",283活动剧情,完録、クエストロメリア！ ～サイコロ編～,大人じゃないんだもん
283活动剧情\完録、クエストロメリア！ ～サイコロ編～\大人じゃないんだもん.csv,73,4001012050580,甘奈,"哈啊——……！
千雪，超成熟啊……！",283活动剧情,完録、クエストロメリア！ ～サイコロ編～,大人じゃないんだもん
283活动剧情\完録、クエストロメリア！ ～サイコロ編～\大人じゃないんだもん.csv,75,4001012050600,甘奈,"甘奈不知道的事情，
千雪知道好～多",283活动剧情,完録、クエストロメリア！ ～サイコロ編～,大人じゃないんだもん
283活动剧情\完録、クエストロメリア！ ～サイコロ編～\大人じゃないんだもん.csv,79,4001012050640,甘奈,千雪……？,283活动剧情,完録、クエストロメリア！ ～サイコロ編～,大人じゃないんだもん
283活动剧情\完録、クエストロメリア！ ～サイコロ編～\大人じゃないんだもん.csv,84,4001012050690,甘奈,"啊——，千雪
要滑滑梯吗～！？",283活动剧情,完録、クエストロメリア！ ～サイコロ編～,大人じゃないんだもん
283活动剧情\完録、クエストロメリア！ ～サイコロ編～\大人じゃないんだもん.csv,88,4001012050720,甘奈,千雪等等～！,283活动剧情,完録、クエストロメリア！ ～サイコロ編～,大人じゃないんだもん
283活动剧情\完録、クエストロメリア！ ～サイコロ編～\大人じゃないんだもん.csv,90,4001012050740,甘奈,嘿……呀——！,283活动剧情,完録、クエストロメリア！ ～サイコロ編～,大人じゃないんだもん
283活动剧情\完録、クエストロメリア！ ～サイコロ編～\大人じゃないんだもん.csv,92,4001012050750,甘奈,"啊哈哈，制作人也来～！
这里这里——！",283活动剧情,完録、クエストロメリア！ ～サイコロ編～,大人じゃないんだもん
283活动剧情\完録、クエストロメリア！ ～サイコロ編～\甜花は大丈夫.csv,2,4001012030010,甘奈,……化妆水，得去便利店买了,283活动剧情,完録、クエストロメリア！ ～サイコロ編～,甜花は大丈夫
283活动剧情\完録、クエストロメリア！ ～サイコロ編～\甜花は大丈夫.csv,4,4001012030030,甘奈,千雪……,283活动剧情,完録、クエストロメリア！ ～サイコロ編～,甜花は大丈夫
283活动剧情\完録、クエストロメリア！ ～サイコロ編～\甜花は大丈夫.csv,5,4001012030040,甘奈,……诶嘿嘿，谢谢,283活动剧情,完録、クエストロメリア！ ～サイコロ編～,甜花は大丈夫
283活动剧情\完録、クエストロメリア！ ～サイコロ編～\甜花は大丈夫.csv,7,4001012030060,甘奈,……嗯。只有一点,283活动剧情,完録、クエストロメリア！ ～サイコロ編～,甜花は大丈夫
283活动剧情\完録、クエストロメリア！ ～サイコロ編～\甜花は大丈夫.csv,10,4001012030070,甘奈,诶……！？,283活动剧情,完録、クエストロメリア！ ～サイコロ編～,甜花は大丈夫
283活动剧情\完録、クエストロメリア！ ～サイコロ編～\甜花は大丈夫.csv,12,4001012030090,甘奈,"……甘奈，真的吓到了……
刚才，还去逼问了制作人",283活动剧情,完録、クエストロメリア！ ～サイコロ編～,甜花は大丈夫
283活动剧情\完録、クエストロメリア！ ～サイコロ編～\甜花は大丈夫.csv,13,4001012030100,甘奈,"这种事情从来没听说过！  甜花
会变成一个人的话甘奈就替她去！  这样",283活动剧情,完録、クエストロメリア！ ～サイコロ編～,甜花は大丈夫
283活动剧情\完録、クエストロメリア！ ～サイコロ編～\甜花は大丈夫.csv,15,4001012030120,甘奈,"然后呢，制作人就说了
“去问问甜花的意愿吧”",283活动剧情,完録、クエストロメリア！ ～サイコロ編～,甜花は大丈夫
283活动剧情\完録、クエストロメリア！ ～サイコロ編～\甜花は大丈夫.csv,17,4001012030140,甘奈,……甜花说她没关系,283活动剧情,完録、クエストロメリア！ ～サイコロ編～,甜花は大丈夫
283活动剧情\完録、クエストロメリア！ ～サイコロ編～\甜花は大丈夫.csv,18,4001012030150,甘奈,"一个人也没关系
——但是…………",283活动剧情,完録、クエストロメリア！ ～サイコロ編～,甜花は大丈夫
283活动剧情\完録、クエストロメリア！ ～サイコロ編～\甜花は大丈夫.csv,21,4001012030180,甘奈,……,283活动剧情,完録、クエストロメリア！ ～サイコロ編～,甜花は大丈夫
283活动剧情\完録、クエストロメリア！ ～サイコロ編～\甜花は大丈夫.csv,22,4001012030190,甘奈,嗯……,283活动剧情,完録、クエストロメリア！ ～サイコロ編～,甜花は大丈夫
283活动剧情\完録、クエストロメリア！ ～サイコロ編～\甜花は大丈夫.csv,23,4001012030200,甘奈,才不是“但是”，吧……,283活动剧情,完録、クエストロメリア！ ～サイコロ編～,甜花は大丈夫
283活动剧情\完録、クエストロメリア！ ～サイコロ編～\甜花は大丈夫.csv,24,4001012030210,甘奈,"虽然说了担心甜花，之类的
大概，只是甘奈寂寞了吧",283活动剧情,完録、クエストロメリア！ ～サイコロ編～,甜花は大丈夫
283活动剧情\完録、クエストロメリア！ ～サイコロ編～\甜花は大丈夫.csv,25,4001012030220,甘奈,"所以我就把化妆水交给甜花了
作为甘奈的代替！",283活动剧情,完録、クエストロメリア！ ～サイコロ編～,甜花は大丈夫
283活动剧情\完録、クエストロメリア！ ～サイコロ編～\甜花は大丈夫.csv,28,4001012030250,甘奈,千雪……,283活动剧情,完録、クエストロメリア！ ～サイコロ編～,甜花は大丈夫
283活动剧情\完録、クエストロメリア！ ～サイコロ編～\甜花は大丈夫.csv,31,4001012030280,甘奈,……嗯,283活动剧情,完録、クエストロメリア！ ～サイコロ編～,甜花は大丈夫
283活动剧情\完録、クエストロメリア！ ～サイコロ編～\甜花は大丈夫.csv,35,4001012030320,甘奈,"是啊……毕竟得让愿意观看节目的观众们
变得高兴才行啊",283活动剧情,完録、クエストロメリア！ ～サイコロ編～,甜花は大丈夫
283活动剧情\完録、クエストロメリア！ ～サイコロ編～\甜花は大丈夫.csv,37,4001012030340,甘奈,"嗯
——诶嘿嘿，尽是在说“嗯”呢",283活动剧情,完録、クエストロメリア！ ～サイコロ編～,甜花は大丈夫
283活动剧情\完録、クエストロメリア！ ～サイコロ編～\甜花は大丈夫.csv,40,4001012030370,甘奈,嗯……——诶！？,283活动剧情,完録、クエストロメリア！ ～サイコロ編～,甜花は大丈夫
283活动剧情\完録、クエストロメリア！ ～サイコロ編～\甜花は大丈夫.csv,42,4001012030390,甘奈,"诶，嗯，嗯……！？
但是，要怎么……！？  因为节目组的规则是——",283活动剧情,完録、クエストロメリア！ ～サイコロ編～,甜花は大丈夫
283活动剧情\完録、クエストロメリア！ ～サイコロ編～\甜花は大丈夫.csv,45,4001012030420,甘奈,千、千雪……！,283活动剧情,完録、クエストロメリア！ ～サイコロ編～,甜花は大丈夫
283活动剧情\完録、クエストロメリア！ ～サイコロ編～\甜花は大丈夫.csv,46,4001012030430,甘奈,那个，是很厉害的主意啊……！,283活动剧情,完録、クエストロメリア！ ～サイコロ編～,甜花は大丈夫
283活动剧情\密着！ハロウィンワールド24時\エンディング-終わりが来るなんて.csv,26,4001041080200,甘奈,啊……！,283活动剧情,密着！ハロウィンワールド24時,エンディング-終わりが来るなんて
283活动剧情\密着！ハロウィンワールド24時\エンディング-終わりが来るなんて.csv,30,4001041080230,甘奈,"甘奈们，很担心你
那之后也试着在找你",283活动剧情,密着！ハロウィンワールド24時,エンディング-終わりが来るなんて
283活动剧情\密着！ハロウィンワールド24時\エンディング-終わりが来るなんて.csv,31,4001041080240,甘奈,"人类的世界乱糟糟的
我们迷路了",283活动剧情,密着！ハロウィンワールド24時,エンディング-終わりが来るなんて
283活动剧情\密着！ハロウィンワールド24時\エンディング-終わりが来るなんて.csv,32,4001041080250,甘奈,"不过，途中搭上了黑猫列车，
然后就到这里来了……！",283活动剧情,密着！ハロウィンワールド24時,エンディング-終わりが来るなんて
283活动剧情\密着！ハロウィンワールド24時\エンディング-終わりが来るなんて.csv,35,4001041080260,甘奈,嗯……！,283活动剧情,密着！ハロウィンワールド24時,エンディング-終わりが来るなんて
283活动剧情\密着！ハロウィンワールド24時\第1話-迷わないでベイビー.csv,58,4001041020340,甘奈,————甜花……！,283活动剧情,密着！ハロウィンワールド24時,第1話-迷わないでベイビー
283活动剧情\密着！ハロウィンワールド24時\第1話-迷わないでベイビー.csv,61,4001041020370,甘奈,"因为甜花你
突然就不见了……！",283活动剧情,密着！ハロウィンワールド24時,第1話-迷わないでベイビー
283活动剧情\密着！ハロウィンワールド24時\第1話-迷わないでベイビー.csv,62,4001041020380,甘奈,"甘奈想着要是当时牵着你的手就好了
非常后悔——……",283活动剧情,密着！ハロウィンワールド24時,第1話-迷わないでベイビー
283活动剧情\密着！ハロウィンワールド24時\第1話-迷わないでベイビー.csv,67,4001041020430,甘奈,"咦……！
你是之前黑猫列车上的……？",283活动剧情,密着！ハロウィンワールド24時,第1話-迷わないでベイビー
283活动剧情\密着！ハロウィンワールド24時\第1話-迷わないでベイビー.csv,70,4001041020450,甘奈,"当然记得啦～！
不过，没想到会在这种地方再见到你——……",283活动剧情,密着！ハロウィンワールド24時,第1話-迷わないでベイビー
283活动剧情\密着！ハロウィンワールド24時\第1話-迷わないでベイビー.csv,74,4001041020490,甘奈,死神……？,283活动剧情,密着！ハロウィンワールド24時,第1話-迷わないでベイビー
283活动剧情\密着！ハロウィンワールド24時\第1話-迷わないでベイビー.csv,76,4001041020500,甘奈,"诶诶……！
也就是说……",283活动剧情,密着！ハロウィンワールド24時,第1話-迷わないでベイビー
283活动剧情\密着！ハロウィンワールド24時\第1話-迷わないでベイビー.csv,86,4001041020550,甘奈,"好主意呢甜花！
甘奈也来帮忙～！",283活动剧情,密着！ハロウィンワールド24時,第1話-迷わないでベイビー
283活动剧情\密着！ハロウィンワールド24時\第1話-迷わないでベイビー.csv,89,4001041020570,甘奈,"嗯！
交给我们吧！",283活动剧情,密着！ハロウィンワールド24時,第1話-迷わないでベイビー
283活动剧情\密着！ハロウィンワールド24時\第1話-迷わないでベイビー.csv,95,4001041020601,甘奈＆千雪,嗯……！,283活动剧情,密着！ハロウィンワールド24時,第1話-迷わないでベイビー
283活动剧情\密着！ハロウィンワールド24時\第1話-迷わないでベイビー.csv,96,4001041020610,甘奈,"哇～……不好了～！
甘奈的灵符要掉了～……！",283活动剧情,密着！ハロウィンワールド24時,第1話-迷わないでベイビー
283活动剧情\密着！ハロウィンワールド24時\第1話-迷わないでベイビー.csv,107,4001041020710,甘奈,"那、那个人，
在反方向的很里面很里面的车厢里……！",283活动剧情,密着！ハロウィンワールド24時,第1話-迷わないでベイビー
283活动剧情\密着！ハロウィンワールド24時\第1話-迷わないでベイビー.csv,121,4001041020830,甘奈,"甘奈们的演技，
还不赖吧！？",283活动剧情,密着！ハロウィンワールド24時,第1話-迷わないでベイビー
283活动剧情\密着！ハロウィンワールド24時\第1話-迷わないでベイビー.csv,128,4001041020890,甘奈,"没这回事哦！
甜花已经很好地保护了小马",283活动剧情,密着！ハロウィンワールド24時,第1話-迷わないでベイビー
283活动剧情\密着！ハロウィンワールド24時\第1話-迷わないでベイビー.csv,129,4001041020900,甘奈,刚才也是……————,283活动剧情,密着！ハロウィンワールド24時,第1話-迷わないでベイビー
283活动剧情\密着！ハロウィンワールド24時\第1話-迷わないでベイビー.csv,130,4001041020910,甘奈,"…………不过，
果然还是很让人在意呢",283活动剧情,密着！ハロウィンワールド24時,第1話-迷わないでベイビー
283活动剧情\密着！ハロウィンワールド24時\第1話-迷わないでベイビー.csv,131,4001041020920,甘奈,"黑猫列车的时候，
也受过他的帮助",283活动剧情,密着！ハロウィンワールド24時,第1話-迷わないでベイビー
283活动剧情\密着！ハロウィンワールド24時\第1話-迷わないでベイビー.csv,132,4001041020930,甘奈,"这次，
甘奈们，也得——……",283活动剧情,密着！ハロウィンワールド24時,第1話-迷わないでベイビー
283活动剧情\密着！ハロウィンワールド24時\第1話-迷わないでベイビー.csv,136,4001041020970,甘奈,"甘奈也一样！　赞成……！
到关键时刻，会把灵符取下……！",283活动剧情,密着！ハロウィンワールド24時,第1話-迷わないでベイビー
283活动剧情\明るい部屋\第2话-ドタバタ.csv,7,4001031030040,甘奈,"快，快点千雪！
快进来！",283活动剧情,明るい部屋,第2话-ドタバタ
283活动剧情\明るい部屋\第2话-ドタバタ.csv,20,4001031030170,甘奈,"嗯
然后听到了很大的声音……！",283活动剧情,明るい部屋,第2话-ドタバタ
283活动剧情\明るい部屋\第2话-ドタバタ.csv,22,4001031030190,甘奈,"甘奈也看到了……！
——不知道能不能去看看……",283活动剧情,明るい部屋,第2话-ドタバタ
283活动剧情\明るい部屋\第2话-ドタバタ.csv,23,4001031030200,甘奈,——是，《I surrender ……》,283活动剧情,明るい部屋,第2话-ドタバタ
283活动剧情\明るい部屋\第2话-ドタバタ.csv,25,4001031030211,甘奈＆甜花,嘘……！,283活动剧情,明るい部屋,第2话-ドタバタ
283活动剧情\明るい部屋\第2话-ドタバタ.csv,26,4001031030220,甘奈,这是英语，甜花……！,283活动剧情,明るい部屋,第2话-ドタバタ
283活动剧情\明るい部屋\第2话-ドタバタ.csv,28,4001031030231,甘奈＆甜花,哇……！,283活动剧情,明るい部屋,第2话-ドタバタ
283活动剧情\明るい部屋\第2话-ドタバタ.csv,29,4001031030232,甘奈＆甜花,呵呵呵呵……,283活动剧情,明るい部屋,第2话-ドタバタ
283活动剧情\明るい部屋\第2话-ドタバタ.csv,30,4001031030240,甘奈,嘘——……！,283活动剧情,明るい部屋,第2话-ドタバタ
283活动剧情\明るい部屋\第2话-ドタバタ.csv,31,4001031030250,甘奈,"不可以，大崎……！
这里是宿舍！",283活动剧情,明るい部屋,第2话-ドタバタ
283活动剧情\明るい部屋\第2话-ドタバタ.csv,35,4001031030272,甘奈＆甜花,——哇……！,283活动剧情,明るい部屋,第2话-ドタバタ
283活动剧情\明るい部屋\第2话-ドタバタ.csv,36,4001031030273,甘奈＆甜花,——嘘——……！,283活动剧情,明るい部屋,第2话-ドタバタ
283活动剧情\明るい部屋\第2话-ドタバタ.csv,59,4001031030500,甘奈,然后……,283活动剧情,明るい部屋,第2话-ドタバタ
283活动剧情\明るい部屋\第2话-ドタバタ.csv,61,4001031030273,甘奈＆甜花,——嘘——……！,283活动剧情,明るい部屋,第2话-ドタバタ
283活动剧情\明るい部屋\第2话-ドタバタ.csv,62,4001031030510,甘奈,怎，怎么了，甜花……,283活动剧情,明るい部屋,第2话-ドタバタ
283活动剧情\明るい部屋\第2话-ドタバタ.csv,70,4001031030590,甘奈,呀——……！,283活动剧情,明るい部屋,第2话-ドタバタ
283活动剧情\明るい部屋\第2话-ドタバタ.csv,72,4001031030610,甘奈,"对……！
所以呢，大家都冲进来了……！",283活动剧情,明るい部屋,第2话-ドタバタ
283活动剧情\明るい部屋\第2话-ドタバタ.csv,92,4001031030810,甘奈,"千雪在的话
宿舍的人都能得救了吧？",283活动剧情,明るい部屋,第2话-ドタバタ
283活动剧情\明るい部屋\第2话-ドタバタ.csv,146,4001031031330,甘奈,,283活动剧情,明るい部屋,第2话-ドタバタ
283活动剧情\明るい部屋\第3话-ラブコメ.csv,157,4001031041290,甘奈,"啊，对哦！
发音和平常不一样呢",283活动剧情,明るい部屋,第3话-ラブコメ
283活动剧情\明るい部屋\第4话-サンタ・クローズド.csv,91,4001031050820,甘奈,"————哈……！
已经要喘不过气了～！",283活动剧情,明るい部屋,第4话-サンタ・クローズド
283活动剧情\明るい部屋\第4话-サンタ・クローズド.csv,92,4001031050830,甘奈,"合唱
可真难啊～～！",283活动剧情,明るい部屋,第4话-サンタ・クローズド
283活动剧情\明るい部屋\第4话-サンタ・クローズド.csv,94,4001031050850,甘奈,真，真的～！？,283活动剧情,明るい部屋,第4话-サンタ・クローズド
283活动剧情\明るい部屋\第4话-サンタ・クローズド.csv,96,4001031050870,甘奈,————诶，诶……！？,283活动剧情,明るい部屋,第4话-サンタ・クローズド
283活动剧情\明るい部屋\第6话-消防士.csv,89,4001031070670,甘奈,是，是啊……！,283活动剧情,明るい部屋,第6话-消防士
283活动剧情\明るい部屋\第6话-消防士.csv,92,4001031070700,甘奈,"嗯
采访也交给你们了……！",283活动剧情,明るい部屋,第6话-消防士
283活动剧情\明るい部屋\第6话-消防士.csv,151,4001031071250,甘奈,要像练习那样排吗？,283活动剧情,明るい部屋,第6话-消防士
283活动剧情\明るい部屋\第6话-消防士.csv,169,4001031071410,甘奈,"诶嘿嘿
不过甘奈赞成☆",283活动剧情,明るい部屋,第6话-消防士
283活动剧情\明るい部屋\第6话-消防士.csv,170,4001031071420,甘奈,"爱依
在正中，好好听甘奈的声音哦！",283活动剧情,明るい部屋,第6话-消防士
283活动剧情\明るい部屋\第6话-消防士.csv,173,4001031071450,甘奈,毕竟6个人呢,283活动剧情,明るい部屋,第6话-消防士
283活动剧情\流れ星が消えるまでのジャーニー\序章-夜が来るよ、ジュメル.csv,5,4001030010010,甘奈,“诶嘿嘿……！”,283活动剧情,流れ星が消えるまでのジャーニー,序章-夜が来るよ、ジュメル
283活动剧情\流れ星が消えるまでのジャーニー\序章-夜が来るよ、ジュメル.csv,60,4001030010320,甘奈,甜花……,283活动剧情,流れ星が消えるまでのジャーニー,序章-夜が来るよ、ジュメル
283活动剧情\流れ星が消えるまでのジャーニー\序章-夜が来るよ、ジュメル.csv,61,4001030010330,甘奈,你在家了啊，欢迎回来,283活动剧情,流れ星が消えるまでのジャーニー,序章-夜が来るよ、ジュメル
283活动剧情\流れ星が消えるまでのジャーニー\序章-夜が来るよ、ジュメル.csv,63,4001030010350,甘奈,"诶嘿嘿……嗯……
还有点发烧，所以睡到现在……",283活动剧情,流れ星が消えるまでのジャーニー,序章-夜が来るよ、ジュメル
283活动剧情\流れ星が消えるまでのジャーニー\序章-夜が来るよ、ジュメル.csv,64,4001030010360,甘奈,"……？
爸爸和妈妈，回来了……？",283活动剧情,流れ星が消えるまでのジャーニー,序章-夜が来るよ、ジュメル
283活动剧情\流れ星が消えるまでのジャーニー\序章-夜が来るよ、ジュメル.csv,67,4001030010380,甘奈,制，制作人，先生……,283活动剧情,流れ星が消えるまでのジャーニー,序章-夜が来るよ、ジュメル
283活动剧情\流れ星が消えるまでのジャーニー\序章-夜が来るよ、ジュメル.csv,70,4001030010390,甘奈,"诶，啊，嗯……
没事……",283活动剧情,流れ星が消えるまでのジャーニー,序章-夜が来るよ、ジュメル
283活动剧情\流れ星が消えるまでのジャーニー\序章-夜が来るよ、ジュメル.csv,71,4001030010400,甘奈,"是来看我的吗……？
……那个……现在，刚睡醒……",283活动剧情,流れ星が消えるまでのジャーニー,序章-夜が来るよ、ジュメル
283活动剧情\流れ星が消えるまでのジャーニー\序章-夜が来るよ、ジュメル.csv,72,4001030010410,甘奈,稍微……稍微等一下……！,283活动剧情,流れ星が消えるまでのジャーニー,序章-夜が来るよ、ジュメル
283活动剧情\流れ星が消えるまでのジャーニー\序章-夜が来るよ、ジュメル.csv,75,4001030010430,甘奈,"诶嘿嘿……谢谢——……！
我只是想去洗个脸……",283活动剧情,流れ星が消えるまでのジャーニー,序章-夜が来るよ、ジュメル
283活动剧情\流れ星が消えるまでのジャーニー\序章-夜が来るよ、ジュメル.csv,83,4001030010490,甘奈,"对不起……
千雪，谢谢……",283活动剧情,流れ星が消えるまでのジャーニー,序章-夜が来るよ、ジュメル
283活动剧情\流れ星が消えるまでのジャーニー\第1话-セピアの森でチカチカ光る.csv,13,4001030020070,甘奈,“朋友？”,283活动剧情,流れ星が消えるまでのジャーニー,第1话-セピアの森でチカチカ光る
283活动剧情\流れ星が消えるまでのジャーニー\第1话-セピアの森でチカチカ光る.csv,16,4001030020090,甘奈,“非常，非常，大……！”,283活动剧情,流れ星が消えるまでのジャーニー,第1话-セピアの森でチカチカ光る
283活动剧情\流れ星が消えるまでのジャーニー\第1话-セピアの森でチカチカ光る.csv,19,4001030020110,甘奈,"“爸爸，妈妈……
谢谢——！”",283活动剧情,流れ星が消えるまでのジャーニー,第1话-セピアの森でチカチカ光る
283活动剧情\流れ星が消えるまでのジャーニー\第1话-セピアの森でチカチカ光る.csv,28,4001030020200,甘奈,"“甜花，怎么了？
……在生气吗……？”",283活动剧情,流れ星が消えるまでのジャーニー,第1话-セピアの森でチカチカ光る
283活动剧情\流れ星が消えるまでのジャーニー\第1话-セピアの森でチカチカ光る.csv,31,4001030020230,甘奈,“……甜花”,283活动剧情,流れ星が消えるまでのジャーニー,第1话-セピアの森でチカチカ光る
283活动剧情\流れ星が消えるまでのジャーニー\第1话-セピアの森でチカチカ光る.csv,33,4001030020250,甘奈,“……甜花”,283活动剧情,流れ星が消えるまでのジャーニー,第1话-セピアの森でチカチカ光る
283活动剧情\流れ星が消えるまでのジャーニー\第1话-セピアの森でチカチカ光る.csv,36,4001030020280,甘奈,“给你”,283活动剧情,流れ星が消えるまでのジャーニー,第1话-セピアの森でチカチカ光る
283活动剧情\流れ星が消えるまでのジャーニー\第1话-セピアの森でチカチカ光る.csv,37,4001030020290,甘奈,"“总是甘奈在和恶魔太郎玩了
甜花，也想和它玩吧”",283活动剧情,流れ星が消えるまでのジャーニー,第1话-セピアの森でチカチカ光る
283活动剧情\流れ星が消えるまでのジャーニー\第1话-セピアの森でチカチカ光る.csv,38,4001030020300,甘奈,“对不起”,283活动剧情,流れ星が消えるまでのジャーニー,第1话-セピアの森でチカチカ光る
283活动剧情\流れ星が消えるまでのジャーニー\第1话-セピアの森でチカチカ光る.csv,39,4001030020310,甘奈,“所以这个，还给甜花”,283活动剧情,流れ星が消えるまでのジャーニー,第1话-セピアの森でチカチカ光る
283活动剧情\流れ星が消えるまでのジャーニー\第1话-セピアの森でチカチカ光る.csv,51,4001030020400,甘奈,呼——……呼——……,283活动剧情,流れ星が消えるまでのジャーニー,第1话-セピアの森でチカチカ光る
283活动剧情\流れ星が消えるまでのジャーニー\第2话-ふとなんとなく輪郭に触れ.csv,2,4001030030010,甘奈,嗯……,283活动剧情,流れ星が消えるまでのジャーニー,第2话-ふとなんとなく輪郭に触れ
283活动剧情\流れ星が消えるまでのジャーニー\第2话-ふとなんとなく輪郭に触れ.csv,3,4001030030020,甘奈,……啊…………现在，几点……,283活动剧情,流れ星が消えるまでのジャーニー,第2话-ふとなんとなく輪郭に触れ
283活动剧情\流れ星が消えるまでのジャーニー\第2话-ふとなんとなく輪郭に触れ.csv,4,4001030030030,甘奈,"甜花……
起床了吗……",283活动剧情,流れ星が消えるまでのジャーニー,第2话-ふとなんとなく輪郭に触れ
283活动剧情\流れ星が消えるまでのジャーニー\第2话-ふとなんとなく輪郭に触れ.csv,6,4001030030050,甘奈,甜花……！,283活动剧情,流れ星が消えるまでのジャーニー,第2话-ふとなんとなく輪郭に触れ
283活动剧情\流れ星が消えるまでのジャーニー\第2话-ふとなんとなく輪郭に触れ.csv,8,4001030030070,甘奈,"……谢谢
早上好像有点退了",283活动剧情,流れ星が消えるまでのジャーニー,第2话-ふとなんとなく輪郭に触れ
283活动剧情\流れ星が消えるまでのジャーニー\第2话-ふとなんとなく輪郭に触れ.csv,9,4001030030080,甘奈,早饭，准备好我的了……？,283活动剧情,流れ星が消えるまでのジャーニー,第2话-ふとなんとなく輪郭に触れ
283活动剧情\流れ星が消えるまでのジャーニー\第2话-ふとなんとなく輪郭に触れ.csv,12,4001030030110,甘奈,真的？ 好厉害,283活动剧情,流れ星が消えるまでのジャーニー,第2话-ふとなんとなく輪郭に触れ
283活动剧情\流れ星が消えるまでのジャーニー\第2话-ふとなんとなく輪郭に触れ.csv,15,4001030030140,甘奈,,283活动剧情,流れ星が消えるまでのジャーニー,第2话-ふとなんとなく輪郭に触れ
283活动剧情\流れ星が消えるまでのジャーニー\第2话-ふとなんとなく輪郭に触れ.csv,16,4001030030150,甘奈,"现在有点精神
所以……可以在这里吃吗？",283活动剧情,流れ星が消えるまでのジャーニー,第2话-ふとなんとなく輪郭に触れ
283活动剧情\流れ星が消えるまでのジャーニー\第2话-ふとなんとなく輪郭に触れ.csv,18,4001030030170,甘奈,嗯，我想和甜花一起吃,283活动剧情,流れ星が消えるまでのジャーニー,第2话-ふとなんとなく輪郭に触れ
283活动剧情\流れ星が消えるまでのジャーニー\第2话-ふとなんとなく輪郭に触れ.csv,20,4001030030180,甘奈,嗯…………,283活动剧情,流れ星が消えるまでのジャーニー,第2话-ふとなんとなく輪郭に触れ
283活动剧情\流れ星が消えるまでのジャーニー\第2话-ふとなんとなく輪郭に触れ.csv,21,4001030030190,甘奈,哇……,283活动剧情,流れ星が消えるまでのジャーニー,第2话-ふとなんとなく輪郭に触れ
283活动剧情\流れ星が消えるまでのジャーニー\第2话-ふとなんとなく輪郭に触れ.csv,23,4001030030210,甘奈,嗯……！,283活动剧情,流れ星が消えるまでのジャーニー,第2话-ふとなんとなく輪郭に触れ
283活动剧情\流れ星が消えるまでのジャーニー\第2话-ふとなんとなく輪郭に触れ.csv,24,4001030030220,甘奈,"啊，嗯——……可能因为鼻子
不知道所有的味道……",283活动剧情,流れ星が消えるまでのジャーニー,第2话-ふとなんとなく輪郭に触れ
283活动剧情\流れ星が消えるまでのジャーニー\第2话-ふとなんとなく輪郭に触れ.csv,25,4001030030230,甘奈,感觉这个味道非常温暖,283活动剧情,流れ星が消えるまでのジャーニー,第2话-ふとなんとなく輪郭に触れ
283活动剧情\流れ星が消えるまでのジャーニー\第2话-ふとなんとなく輪郭に触れ.csv,27,4001030030250,甘奈,诶嘿嘿……不过这是甜花准备的吧？,283活动剧情,流れ星が消えるまでのジャーニー,第2话-ふとなんとなく輪郭に触れ
283活动剧情\流れ星が消えるまでのジャーニー\第2话-ふとなんとなく輪郭に触れ.csv,28,4001030030260,甘奈,"所以是，非常非常，
温柔的味道……",283活动剧情,流れ星が消えるまでのジャーニー,第2话-ふとなんとなく輪郭に触れ
283活动剧情\流れ星が消えるまでのジャーニー\第2话-ふとなんとなく輪郭に触れ.csv,30,4001030030280,甘奈,"咦……
要去哪里？ 不吃吗？",283活动剧情,流れ星が消えるまでのジャーニー,第2话-ふとなんとなく輪郭に触れ
283活动剧情\流れ星が消えるまでのジャーニー\第2话-ふとなんとなく輪郭に触れ.csv,32,4001030030300,甘奈,真是——,283活动剧情,流れ星が消えるまでのジャーニー,第2话-ふとなんとなく輪郭に触れ
283活动剧情\流れ星が消えるまでのジャーニー\第2话-ふとなんとなく輪郭に触れ.csv,36,4001030030310,甘奈,诶～……,283活动剧情,流れ星が消えるまでのジャーニー,第2话-ふとなんとなく輪郭に触れ
283活动剧情\流れ星が消えるまでのジャーニー\第2话-ふとなんとなく輪郭に触れ.csv,39,4001030030320,甘奈,,283活动剧情,流れ星が消えるまでのジャーニー,第2话-ふとなんとなく輪郭に触れ
283活动剧情\流れ星が消えるまでのジャーニー\第2话-ふとなんとなく輪郭に触れ.csv,40,4001030030330,甘奈,"……奇怪？ 恶魔太郎……
去了哪里……",283活动剧情,流れ星が消えるまでのジャーニー,第2话-ふとなんとなく輪郭に触れ
283活动剧情\流れ星が消えるまでのジャーニー\第2话-ふとなんとなく輪郭に触れ.csv,41,4001030030340,甘奈,"这个……不是呢
这是恶魔太郎抱枕……",283活动剧情,流れ星が消えるまでのジャーニー,第2话-ふとなんとなく輪郭に触れ
283活动剧情\流れ星が消えるまでのジャーニー\第2话-ふとなんとなく輪郭に触れ.csv,43,4001030030360,甘奈,"啊，没事……！
谢谢你的梅干，我收下了",283活动剧情,流れ星が消えるまでのジャーニー,第2话-ふとなんとなく輪郭に触れ
283活动剧情\流れ星が消えるまでのジャーニー\第2话-ふとなんとなく輪郭に触れ.csv,45,4001030030380,甘奈,,283活动剧情,流れ星が消えるまでのジャーニー,第2话-ふとなんとなく輪郭に触れ
283活动剧情\流れ星が消えるまでのジャーニー\第2话-ふとなんとなく輪郭に触れ.csv,47,4001030030400,甘奈,……？ 甜花？,283活动剧情,流れ星が消えるまでのジャーニー,第2话-ふとなんとなく輪郭に触れ
283活动剧情\流れ星が消えるまでのジャーニー\第2话-ふとなんとなく輪郭に触れ.csv,49,4001030030420,甘奈,嗯……？,283活动剧情,流れ星が消えるまでのジャーニー,第2话-ふとなんとなく輪郭に触れ
283活动剧情\流れ星が消えるまでのジャーニー\第2话-ふとなんとなく輪郭に触れ.csv,50,4001030030430,甘奈,"……甘奈的头发，有什么奇怪的吗？
还有哪里，翘起来了吗",283活动剧情,流れ星が消えるまでのジャーニー,第2话-ふとなんとなく輪郭に触れ
283活动剧情\流れ星が消えるまでのジャーニー\第2话-ふとなんとなく輪郭に触れ.csv,53,4001030030460,甘奈,啊……昨天…………,283活动剧情,流れ星が消えるまでのジャーニー,第2话-ふとなんとなく輪郭に触れ
283活动剧情\流れ星が消えるまでのジャーニー\第2话-ふとなんとなく輪郭に触れ.csv,55,4001030030480,甘奈,,283活动剧情,流れ星が消えるまでのジャーニー,第2话-ふとなんとなく輪郭に触れ
283活动剧情\流れ星が消えるまでのジャーニー\第2话-ふとなんとなく輪郭に触れ.csv,56,4001030030490,甘奈,"嗯……
谢谢，甜花",283活动剧情,流れ星が消えるまでのジャーニー,第2话-ふとなんとなく輪郭に触れ
283活动剧情\流れ星が消えるまでのジャーニー\第2话-ふとなんとなく輪郭に触れ.csv,60,4001030030530,甘奈,"最近倒是没怎么梳哦？
因为甜花很靠得住",283活动剧情,流れ星が消えるまでのジャーニー,第2话-ふとなんとなく輪郭に触れ
283活动剧情\流れ星が消えるまでのジャーニー\第2话-ふとなんとなく輪郭に触れ.csv,61,4001030030540,甘奈,"不过……是嘛
好像和平常反过来了",283活动剧情,流れ星が消えるまでのジャーニー,第2话-ふとなんとなく輪郭に触れ
283活动剧情\流れ星が消えるまでのジャーニー\第2话-ふとなんとなく輪郭に触れ.csv,63,4001030030560,甘奈,那，甜花就是甘奈……？,283活动剧情,流れ星が消えるまでのジャーニー,第2话-ふとなんとなく輪郭に触れ
283活动剧情\流れ星が消えるまでのジャーニー\第2话-ふとなんとなく輪郭に触れ.csv,65,4001030030571,甘奈＆甜花,诶嘿嘿……,283活动剧情,流れ星が消えるまでのジャーニー,第2话-ふとなんとなく輪郭に触れ
283活动剧情\流れ星が消えるまでのジャーニー\第2话-ふとなんとなく輪郭に触れ.csv,69,4001030030590,甘奈,"嗯……！
草莓的酸奶，喜欢～",283活动剧情,流れ星が消えるまでのジャーニー,第2话-ふとなんとなく輪郭に触れ
283活动剧情\流れ星が消えるまでのジャーニー\第2话-ふとなんとなく輪郭に触れ.csv,72,4001030030610,甘奈,已经是双子座流星雨的时期了啊,283活动剧情,流れ星が消えるまでのジャーニー,第2话-ふとなんとなく輪郭に触れ
283活动剧情\流れ星が消えるまでのジャーニー\第2话-ふとなんとなく輪郭に触れ.csv,74,4001030030630,甘奈,嗯……,283活动剧情,流れ星が消えるまでのジャーニー,第2话-ふとなんとなく輪郭に触れ
283活动剧情\流れ星が消えるまでのジャーニー\第2话-ふとなんとなく輪郭に触れ.csv,76,4001030030650,甘奈,"嗯……
马上也有推不掉的工作了……",283活动剧情,流れ星が消えるまでのジャーニー,第2话-ふとなんとなく輪郭に触れ
283活动剧情\流れ星が消えるまでのジャーニー\第2话-ふとなんとなく輪郭に触れ.csv,80,4001030030670,甘奈,……吃饱了,283活动剧情,流れ星が消えるまでのジャーニー,第2话-ふとなんとなく輪郭に触れ
283活动剧情\流れ星が消えるまでのジャーニー\第2话-ふとなんとなく輪郭に触れ.csv,83,4001030030700,甘奈,诶…………,283活动剧情,流れ星が消えるまでのジャーニー,第2话-ふとなんとなく輪郭に触れ
283活动剧情\流れ星が消えるまでのジャーニー\第3话-小さな記憶のピルエット.csv,27,4001030040160,甘奈,“——对不起”,283活动剧情,流れ星が消えるまでのジャーニー,第3话-小さな記憶のピルエット
283活动剧情\流れ星が消えるまでのジャーニー\第3话-小さな記憶のピルエット.csv,28,4001030040170,甘奈,"“总是甘奈在和恶魔太郎玩了
甜花，也想和它玩吧”",283活动剧情,流れ星が消えるまでのジャーニー,第3话-小さな記憶のピルエット
283活动剧情\流れ星が消えるまでのジャーニー\第3话-小さな記憶のピルエット.csv,29,4001030040180,甘奈,“所以这个，还给甜花”,283活动剧情,流れ星が消えるまでのジャーニー,第3话-小さな記憶のピルエット
283活动剧情\流れ星が消えるまでのジャーニー\第3话-小さな記憶のピルエット.csv,31,4001030040200,甘奈,“诶嘿嘿……不过这是甜花准备的吧？”,283活动剧情,流れ星が消えるまでのジャーニー,第3话-小さな記憶のピルエット
283活动剧情\流れ星が消えるまでのジャーニー\第3话-小さな記憶のピルエット.csv,32,4001030040210,甘奈,"“所以是，非常非常，
温柔的味道……”",283活动剧情,流れ星が消えるまでのジャーニー,第3话-小さな記憶のピルエット
283活动剧情\流れ星が消えるまでのジャーニー\第3话-小さな記憶のピルエット.csv,34,4001030040230,甘奈,"“不过……是嘛
好像和平常反过来了”",283活动剧情,流れ星が消えるまでのジャーニー,第3话-小さな記憶のピルエット
283活动剧情\流れ星が消えるまでのジャーニー\第3话-小さな記憶のピルエット.csv,36,4001030040250,甘奈,“那，甜花就是甘奈……？”,283活动剧情,流れ星が消えるまでのジャーニー,第3话-小さな記憶のピルエット
283活动剧情\流れ星が消えるまでのジャーニー\第3话-小さな記憶のピルエット.csv,41,4001030040290,甘奈,"快点快点～
要迟到了～",283活动剧情,流れ星が消えるまでのジャーニー,第3话-小さな記憶のピルエット
283活动剧情\流れ星が消えるまでのジャーニー\第3话-小さな記憶のピルエット.csv,43,4001030040310,甘奈,"OK——！
那，妈妈，我们出门了！",283活动剧情,流れ星が消えるまでのジャーニー,第3话-小さな記憶のピルエット
283活动剧情\流れ星が消えるまでのジャーニー\第3话-小さな記憶のピルエット.csv,45,4001030040320,甘奈,啊，忘记了……！,283活动剧情,流れ星が消えるまでのジャーニー,第3话-小さな記憶のピルエット
283活动剧情\流れ星が消えるまでのジャーニー\第3话-小さな記憶のピルエット.csv,48,4001030040321,甘奈＆甜花,嗯……！,283活动剧情,流れ星が消えるまでのジャーニー,第3话-小さな記憶のピルエット
283活动剧情\流れ星が消えるまでのジャーニー\第3话-小さな記憶のピルエット.csv,50,4001030040330,甘奈,是吧～！ 万圣节明明才刚结束,283活动剧情,流れ星が消えるまでのジャーニー,第3话-小さな記憶のピルエット
283活动剧情\流れ星が消えるまでのジャーニー\第3话-小さな記憶のピルエット.csv,52,4001030040340,甘奈,"甘奈还在想……
甜花呢？",283活动剧情,流れ星が消えるまでのジャーニー,第3话-小さな記憶のピルエット
283活动剧情\流れ星が消えるまでのジャーニー\第3话-小さな記憶のピルエット.csv,57,4001030040370,甘奈,"甘奈想去看衣服和饰品……！
还有化妆品……！",283活动剧情,流れ星が消えるまでのジャーニー,第3话-小さな記憶のピルエット
283活动剧情\流れ星が消えるまでのジャーニー\第3话-小さな記憶のピルエット.csv,59,4001030040380,甘奈,诶——？ 现在这样很普通了哦,283活动剧情,流れ星が消えるまでのジャーニー,第3话-小さな記憶のピルエット
283活动剧情\流れ星が消えるまでのジャーニー\第3话-小さな記憶のピルエット.csv,79,4001030040481,甘奈＆甜花,“诶嘿嘿……！”,283活动剧情,流れ星が消えるまでのジャーニー,第3话-小さな記憶のピルエット
283活动剧情\流れ星が消えるまでのジャーニー\第3话-小さな記憶のピルエット.csv,80,4001030040482,甘奈＆甜花,“才没有那种事”,283活动剧情,流れ星が消えるまでのジャーニー,第3话-小さな記憶のピルエット
283活动剧情\流れ星が消えるまでのジャーニー\第3话-小さな記憶のピルエット.csv,83,4001030040490,甘奈,,283活动剧情,流れ星が消えるまでのジャーニー,第3话-小さな記憶のピルエット
283活动剧情\流れ星が消えるまでのジャーニー\第3话-小さな記憶のピルエット.csv,84,4001030040500,甘奈,,283活动剧情,流れ星が消えるまでのジャーニー,第3话-小さな記憶のピルエット
283活动剧情\流れ星が消えるまでのジャーニー\第3话-小さな記憶のピルエット.csv,85,4001030040510,甘奈,……呼……,283活动剧情,流れ星が消えるまでのジャーニー,第3话-小さな記憶のピルエット
283活动剧情\流れ星が消えるまでのジャーニー\第3话-小さな記憶のピルエット.csv,86,4001030040520,甘奈,……嗯？,283活动剧情,流れ星が消えるまでのジャーニー,第3话-小さな記憶のピルエット
283活动剧情\流れ星が消えるまでのジャーニー\第3话-小さな記憶のピルエット.csv,89,4001030040550,甘奈,,283活动剧情,流れ星が消えるまでのジャーニー,第3话-小さな記憶のピルエット
283活动剧情\流れ星が消えるまでのジャーニー\第3话-小さな記憶のピルエット.csv,90,4001030040560,甘奈,"还想再看看呢
……刚才那个梦的后续",283活动剧情,流れ星が消えるまでのジャーニー,第3话-小さな記憶のピルエット
283活动剧情\流れ星が消えるまでのジャーニー\第4话-近くて遠くてピカピカでキラキラ.csv,2,4001030050010,甘奈,"——诶嘿嘿，谢谢妈妈！
不过没关系。感觉之后不会再变得更糟了",283活动剧情,流れ星が消えるまでのジャーニー,第4话-近くて遠くてピカピカでキラキラ
283活动剧情\流れ星が消えるまでのジャーニー\第4话-近くて遠くてピカピカでキラキラ.csv,3,4001030050020,甘奈,"……嗯，要按预定时间回来哦
妈妈勉强的话我也会很困扰……嗯……嗯……",283活动剧情,流れ星が消えるまでのジャーニー,第4话-近くて遠くてピカピカでキラキラ
283活动剧情\流れ星が消えるまでのジャーニー\第4话-近くて遠くてピカピカでキラキラ.csv,4,4001030050030,甘奈,"……啊哈哈，太夸张了，真是的……好——，不会勉强了
妈妈和爸爸都要加油……那就再聊……",283活动剧情,流れ星が消えるまでのジャーニー,第4话-近くて遠くてピカピカでキラキラ
283活动剧情\流れ星が消えるまでのジャーニー\第4话-近くて遠くてピカピカでキラキラ.csv,5,4001030050040,甘奈,…………,283活动剧情,流れ星が消えるまでのジャーニー,第4话-近くて遠くてピカピカでキラキラ
283活动剧情\流れ星が消えるまでのジャーニー\第4话-近くて遠くてピカピカでキラキラ.csv,6,4001030050050,甘奈,"没事，没事……
……甘奈现在没有勉强自己",283活动剧情,流れ星が消えるまでのジャーニー,第4话-近くて遠くてピカピカでキラキラ
283活动剧情\流れ星が消えるまでのジャーニー\第4话-近くて遠くてピカピカでキラキラ.csv,7,4001030050060,甘奈,"啊……
……诶嘿嘿……",283活动剧情,流れ星が消えるまでのジャーニー,第4话-近くて遠くてピカピカでキラキラ
283活动剧情\流れ星が消えるまでのジャーニー\第4话-近くて遠くてピカピカでキラキラ.csv,8,4001030050070,甘奈,现在没问题，而且拿了5天的药吧～制作人先生～……,283活动剧情,流れ星が消えるまでのジャーニー,第4话-近くて遠くてピカピカでキラキラ
283活动剧情\流れ星が消えるまでのジャーニー\第4话-近くて遠くてピカピカでキラキラ.csv,9,4001030050080,甘奈,"嗯……？ 呵呵
为什么甜花也同时发来了……",283活动剧情,流れ星が消えるまでのジャーニー,第4话-近くて遠くてピカピカでキラキラ
283活动剧情\流れ星が消えるまでのジャーニー\第4话-近くて遠くてピカピカでキラキラ.csv,10,4001030050090,甘奈,啊，今天是和制作人先生在街边录节目啊……,283活动剧情,流れ星が消えるまでのジャーニー,第4话-近くて遠くてピカピカでキラキラ
283活动剧情\流れ星が消えるまでのジャーニー\第4话-近くて遠くてピカピカでキラキラ.csv,11,4001030050100,甘奈,——OK,283活动剧情,流れ星が消えるまでのジャーニー,第4话-近くて遠くてピカピカでキラキラ
283活动剧情\流れ星が消えるまでのジャーニー\第4话-近くて遠くてピカピカでキラキラ.csv,14,4001030050110,甘奈,"啊……对了……
查一下好了…………",283活动剧情,流れ星が消えるまでのジャーニー,第4话-近くて遠くてピカピカでキラキラ
283活动剧情\流れ星が消えるまでのジャーニー\第4话-近くて遠くてピカピカでキラキラ.csv,19,4001030050120,甘奈,"……高峰是中午啊……
不过，晚上也能看到客人呢……",283活动剧情,流れ星が消えるまでのジャーニー,第4话-近くて遠くてピカピカでキラキラ
283活动剧情\流れ星が消えるまでのジャーニー\第4话-近くて遠くてピカピカでキラキラ.csv,20,4001030050130,甘奈,好像不会下雨……,283活动剧情,流れ星が消えるまでのジャーニー,第4话-近くて遠くてピカピカでキラキラ
283活动剧情\流れ星が消えるまでのジャーニー\第4话-近くて遠くてピカピカでキラキラ.csv,22,4001030050140,甘奈,嗯……！,283活动剧情,流れ星が消えるまでのジャーニー,第4话-近くて遠くてピカピカでキラキラ
283活动剧情\流れ星が消えるまでのジャーニー\第4话-近くて遠くてピカピカでキラキラ.csv,23,4001030050150,甘奈,千雪～！ 好久不见！！,283活动剧情,流れ星が消えるまでのジャーニー,第4话-近くて遠くてピカピカでキラキラ
283活动剧情\流れ星が消えるまでのジャーニー\第4话-近くて遠くてピカピカでキラキラ.csv,25,4001030050170,甘奈,"嗯，没问题……
还差一点就完全没问题了！",283活动剧情,流れ星が消えるまでのジャーニー,第4话-近くて遠くてピカピカでキラキラ
283活动剧情\流れ星が消えるまでのジャーニー\第4话-近くて遠くてピカピカでキラキラ.csv,27,4001030050190,甘奈,"诶嘿嘿……嗯，谢谢
对不起，添麻烦了……",283活动剧情,流れ星が消えるまでのジャーニー,第4话-近くて遠くてピカピカでキラキラ
283活动剧情\流れ星が消えるまでのジャーニー\第4话-近くて遠くてピカピカでキラキラ.csv,28,4001030050200,甘奈,"可以的话就进来吧！
来这里的路上应该也很冷吧",283活动剧情,流れ星が消えるまでのジャーニー,第4话-近くて遠くてピカピカでキラキラ
283活动剧情\流れ星が消えるまでのジャーニー\第4话-近くて遠くてピカピカでキラキラ.csv,33,4001030050250,甘奈,哇，是什么……？,283活动剧情,流れ星が消えるまでのジャーニー,第4话-近くて遠くてピカピカでキラキラ
283活动剧情\流れ星が消えるまでのジャーニー\第4话-近くて遠くてピカピカでキラキラ.csv,34,4001030050260,甘奈,"……恶魔太郎……！！
诶，这是我们家里的恶魔太郎吧……？",283活动剧情,流れ星が消えるまでのジャーニー,第4话-近くて遠くてピカピカでキラキラ
283活动剧情\流れ星が消えるまでのジャーニー\第4话-近くて遠くてピカピカでキラキラ.csv,37,4001030050290,甘奈,"是这样啊……
之前还在想怎么不见了……",283活动剧情,流れ星が消えるまでのジャーニー,第4话-近くて遠くてピカピカでキラキラ
283活动剧情\流れ星が消えるまでのジャーニー\第4话-近くて遠くてピカピカでキラキラ.csv,38,4001030050300,甘奈,"是吗，千雪把它变漂亮了啊……
太好了～……",283活动剧情,流れ星が消えるまでのジャーニー,第4话-近くて遠くてピカピカでキラキラ
283活动剧情\流れ星が消えるまでのジャーニー\第4话-近くて遠くてピカピカでキラキラ.csv,39,4001030050310,甘奈,其实，它啊，是第一个来我们家的恶魔太郎,283活动剧情,流れ星が消えるまでのジャーニー,第4话-近くて遠くてピカピカでキラキラ
283活动剧情\流れ星が消えるまでのジャーニー\第4话-近くて遠くてピカピカでキラキラ.csv,40,4001030050320,甘奈,"虽然现在是甜花的恶魔太郎，
不过我们两个都很珍惜它……",283活动剧情,流れ星が消えるまでのジャーニー,第4话-近くて遠くてピカピカでキラキラ
283活动剧情\流れ星が消えるまでのジャーニー\第4话-近くて遠くてピカピカでキラキラ.csv,41,4001030050330,甘奈,"所以，我很开心
谢谢，千雪",283活动剧情,流れ星が消えるまでのジャーニー,第4话-近くて遠くてピカピカでキラキラ
283活动剧情\流れ星が消えるまでのジャーニー\第4话-近くて遠くてピカピカでキラキラ.csv,43,4001030050350,甘奈,"可是，我非常想道谢……！
怎么样，进来喝个茶也好？",283活动剧情,流れ星が消えるまでのジャーニー,第4话-近くて遠くてピカピカでキラキラ
283活动剧情\流れ星が消えるまでのジャーニー\第4话-近くて遠くてピカピカでキラキラ.csv,46,4001030050380,甘奈,"呜，呜呜……
也是……",283活动剧情,流れ星が消えるまでのジャーニー,第4话-近くて遠くてピカピカでキラキラ
283活动剧情\流れ星が消えるまでのジャーニー\第4话-近くて遠くてピカピカでキラキラ.csv,47,4001030050390,甘奈,"啊，那，流星雨！
一直想说要和千雪一起看的",283活动剧情,流れ星が消えるまでのジャーニー,第4话-近くて遠くてピカピカでキラキラ
283活动剧情\流れ星が消えるまでのジャーニー\第4话-近くて遠くてピカピカでキラキラ.csv,49,4001030050410,甘奈,"对！ 到那时候，
再来好好招待你",283活动剧情,流れ星が消えるまでのジャーニー,第4话-近くて遠くてピカピカでキラキラ
283活动剧情\流れ星が消えるまでのジャーニー\第4话-近くて遠くてピカピカでキラキラ.csv,50,4001030050420,甘奈,如果千雪可以的话，就……,283活动剧情,流れ星が消えるまでのジャーニー,第4话-近くて遠くてピカピカでキラキラ
283活动剧情\流れ星が消えるまでのジャーニー\第4话-近くて遠くてピカピカでキラキラ.csv,53,4001030050450,甘奈,我会加油的……！,283活动剧情,流れ星が消えるまでのジャーニー,第4话-近くて遠くてピカピカでキラキラ
283活动剧情\流れ星が消えるまでのジャーニー\第4话-近くて遠くてピカピカでキラキラ.csv,55,4001030050470,甘奈,"啊……
………………",283活动剧情,流れ星が消えるまでのジャーニー,第4话-近くて遠くてピカピカでキラキラ
283活动剧情\流れ星が消えるまでのジャーニー\第4话-近くて遠くてピカピカでキラキラ.csv,56,4001030050480,甘奈,嗯，要确认哦……！,283活动剧情,流れ星が消えるまでのジャーニー,第4话-近くて遠くてピカピカでキラキラ
283活动剧情\流れ星が消えるまでのジャーニー\第4话-近くて遠くてピカピカでキラキラ.csv,58,4001030050500,甘奈,啊，对不起，那个……,283活动剧情,流れ星が消えるまでのジャーニー,第4话-近くて遠くてピカピカでキラキラ
283活动剧情\流れ星が消えるまでのジャーニー\第4话-近くて遠くてピカピカでキラキラ.csv,59,4001030050510,甘奈,刚才,283活动剧情,流れ星が消えるまでのジャーニー,第4话-近くて遠くてピカピカでキラキラ
283活动剧情\流れ星が消えるまでのジャーニー\第4话-近くて遠くてピカピカでキラキラ.csv,60,4001030050520,甘奈,,283活动剧情,流れ星が消えるまでのジャーニー,第4话-近くて遠くてピカピカでキラキラ
283活动剧情\流れ星が消えるまでのジャーニー\第4话-近くて遠くてピカピカでキラキラ.csv,62,4001030050540,甘奈,诶嘿嘿，对不起～,283活动剧情,流れ星が消えるまでのジャーニー,第4话-近くて遠くてピカピカでキラキラ
283活动剧情\流れ星が消えるまでのジャーニー\第4话-近くて遠くてピカピカでキラキラ.csv,63,4001030050550,甘奈,啊，甜花发来的,283活动剧情,流れ星が消えるまでのジャーニー,第4话-近くて遠くてピカピカでキラキラ
283活动剧情\流れ星が消えるまでのジャーニー\第4话-近くて遠くてピカピカでキラキラ.csv,66,4001030050570,甘奈,"这个电视上有……！
真好啊～！ 好像很好吃～！",283活动剧情,流れ星が消えるまでのジャーニー,第4话-近くて遠くてピカピカでキラキラ
283活动剧情\流れ星が消えるまでのジャーニー\第4话-近くて遠くてピカピカでキラキラ.csv,68,4001030050590,甘奈,"诶～！ 那之后大家一起去这家店吧～！
病好了之后，一定一定！",283活动剧情,流れ星が消えるまでのジャーニー,第4话-近くて遠くてピカピカでキラキラ
283活动剧情\流れ星が消えるまでのジャーニー\第4话-近くて遠くてピカピカでキラキラ.csv,71,4001030050620,甘奈,"嗯，这边才是……
真的很感谢千雪",283活动剧情,流れ星が消えるまでのジャーニー,第4话-近くて遠くてピカピカでキラキラ
283活动剧情\流れ星が消えるまでのジャーニー\第4话-近くて遠くてピカピカでキラキラ.csv,73,4001030050640,甘奈,"甜花……
这次是拉面吗……",283活动剧情,流れ星が消えるまでのジャーニー,第4话-近くて遠くてピカピカでキラキラ
283活动剧情\流れ星が消えるまでのジャーニー\第4话-近くて遠くてピカピカでキラキラ.csv,74,4001030050650,甘奈,"诶嘿嘿……
今天的工作好像很忙……",283活动剧情,流れ星が消えるまでのジャーニー,第4话-近くて遠くてピカピカでキラキラ
283活动剧情\流れ星が消えるまでのジャーニー\第4话-近くて遠くてピカピカでキラキラ.csv,75,4001030050660,甘奈,,283活动剧情,流れ星が消えるまでのジャーニー,第4话-近くて遠くてピカピカでキラキラ
283活动剧情\流れ星が消えるまでのジャーニー\第4话-近くて遠くてピカピカでキラキラ.csv,76,4001030050670,甘奈,"没关系，没关系……
……现在的甘奈没有在勉强，嗯",283活动剧情,流れ星が消えるまでのジャーニー,第4话-近くて遠くてピカピカでキラキラ
283活动剧情\流れ星が消えるまでのジャーニー\第4话-近くて遠くてピカピカでキラキラ.csv,77,4001030050680,甘奈,对吧？ 恶魔太郎～……,283活动剧情,流れ星が消えるまでのジャーニー,第4话-近くて遠くてピカピカでキラキラ
283活动剧情\流れ星が消えるまでのジャーニー\第4话-近くて遠くてピカピカでキラキラ.csv,78,4001030050690,甘奈,——快点治好吧！,283活动剧情,流れ星が消えるまでのジャーニー,第4话-近くて遠くてピカピカでキラキラ
283活动剧情\流れ星が消えるまでのジャーニー\第5话-とろけるおふとん.csv,17,4001030060070,甘奈,咦，这个吃的……？,283活动剧情,流れ星が消えるまでのジャーニー,第5话-とろけるおふとん
283活动剧情\流れ星が消えるまでのジャーニー\第5话-とろけるおふとん.csv,20,4001030060100,甘奈,"啊，是这样啊！ 谢谢……！
……那个…………",283活动剧情,流れ星が消えるまでのジャーニー,第5话-とろけるおふとん
283活动剧情\流れ星が消えるまでのジャーニー\第5话-とろけるおふとん.csv,22,4001030060120,甘奈,"是，是吗……！
来都来了真是不好意思……",283活动剧情,流れ星が消えるまでのジャーニー,第5话-とろけるおふとん
283活动剧情\流れ星が消えるまでのジャーニー\第5话-とろけるおふとん.csv,23,4001030060130,甘奈,那就用Chain道谢——,283活动剧情,流れ星が消えるまでのジャーニー,第5话-とろけるおふとん
283活动剧情\流れ星が消えるまでのジャーニー\第5话-とろけるおふとん.csv,28,4001030060170,甘奈,……没事吧？ 冷不冷？,283活动剧情,流れ星が消えるまでのジャーニー,第5话-とろけるおふとん
283活动剧情\流れ星が消えるまでのジャーニー\第5话-とろけるおふとん.csv,29,4001030060180,甘奈,"现在来换额头上的贴布……
会有一点凉凉的",283活动剧情,流れ星が消えるまでのジャーニー,第5话-とろけるおふとん
283活动剧情\流れ星が消えるまでのジャーニー\第5话-とろけるおふとん.csv,31,4001030060200,甘奈,要喝水吗？,283活动剧情,流れ星が消えるまでのジャーニー,第5话-とろけるおふとん
283活动剧情\流れ星が消えるまでのジャーニー\第5话-とろけるおふとん.csv,33,4001030060220,甘奈,"嗯，那慢慢抬起头吧
有吸管……",283活动剧情,流れ星が消えるまでのジャーニー,第5话-とろけるおふとん
283活动剧情\流れ星が消えるまでのジャーニー\第5话-とろけるおふとん.csv,36,4001030060250,甘奈,嗯……,283活动剧情,流れ星が消えるまでのジャーニー,第5话-とろけるおふとん
283活动剧情\流れ星が消えるまでのジャーニー\第5话-とろけるおふとん.csv,37,4001030060260,甘奈,"有什么就用手机叫我吧
我马上就能过来……",283活动剧情,流れ星が消えるまでのジャーニー,第5话-とろけるおふとん
283活动剧情\流れ星が消えるまでのジャーニー\第5话-とろけるおふとん.csv,40,4001030060290,甘奈,诶嘿嘿……谢谢——,283活动剧情,流れ星が消えるまでのジャーニー,第5话-とろけるおふとん
283活动剧情\流れ星が消えるまでのジャーニー\第5话-とろけるおふとん.csv,41,4001030060300,甘奈,"只是去整理一下
洗好的衣服而已",283活动剧情,流れ星が消えるまでのジャーニー,第5话-とろけるおふとん
283活动剧情\流れ星が消えるまでのジャーニー\第5话-とろけるおふとん.csv,48,4001030060370,甘奈,,283活动剧情,流れ星が消えるまでのジャーニー,第5话-とろけるおふとん
283活动剧情\流れ星が消えるまでのジャーニー\第5话-とろけるおふとん.csv,50,4001030060390,甘奈,诶嘿嘿……,283活动剧情,流れ星が消えるまでのジャーニー,第5话-とろけるおふとん
283活动剧情\流れ星が消えるまでのジャーニー\第5话-とろけるおふとん.csv,52,4001030060410,甘奈,一起睡吧……甜花,283活动剧情,流れ星が消えるまでのジャーニー,第5话-とろけるおふとん
283活动剧情\流れ星が消えるまでのジャーニー\第5话-とろけるおふとん.csv,54,4001030060430,甘奈,千雪坐制作人先生的车回去了哦,283活动剧情,流れ星が消えるまでのジャーニー,第5话-とろけるおふとん
283活动剧情\流れ星が消えるまでのジャーニー\第5话-とろけるおふとん.csv,57,4001030060460,甘奈,甜花说的感冒，是谁的感冒呢——……？,283活动剧情,流れ星が消えるまでのジャーニー,第5话-とろけるおふとん
283活动剧情\流れ星が消えるまでのジャーニー\第5话-とろけるおふとん.csv,59,4001030060471,甘奈＆甜花,,283活动剧情,流れ星が消えるまでのジャーニー,第5话-とろけるおふとん
283活动剧情\流れ星が消えるまでのジャーニー\第5话-とろけるおふとん.csv,60,4001030060472,甘奈＆甜花,诶嘿嘿……,283活动剧情,流れ星が消えるまでのジャーニー,第5话-とろけるおふとん
283活动剧情\流れ星が消えるまでのジャーニー\第5话-とろけるおふとん.csv,61,4001030060480,甘奈,"……小时候，
也有这种事吧",283活动剧情,流れ星が消えるまでのジャーニー,第5话-とろけるおふとん
283活动剧情\流れ星が消えるまでのジャーニー\第5话-とろけるおふとん.csv,62,4001030060490,甘奈,"爸爸和妈妈总说
不能靠近感冒的甜花……",283活动剧情,流れ星が消えるまでのジャーニー,第5话-とろけるおふとん
283活动剧情\流れ星が消えるまでのジャーニー\第5话-とろけるおふとん.csv,64,4001030060510,甘奈,"甘奈感冒的时候，
甜花也有来吧……？",283活动剧情,流れ星が消えるまでのジャーニー,第5话-とろけるおふとん
283活动剧情\流れ星が消えるまでのジャーニー\第5话-とろけるおふとん.csv,65,4001030060520,甘奈,然后，最后两个人都感冒了……,283活动剧情,流れ星が消えるまでのジャーニー,第5话-とろけるおふとん
283活动剧情\流れ星が消えるまでのジャーニー\第5话-とろけるおふとん.csv,67,4001030060540,甘奈,"总觉得……都很久没有，
一起感冒了……",283活动剧情,流れ星が消えるまでのジャーニー,第5话-とろけるおふとん
283活动剧情\流れ星が消えるまでのジャーニー\第5话-とろけるおふとん.csv,69,4001030060560,甘奈,嗯？,283活动剧情,流れ星が消えるまでのジャーニー,第5话-とろけるおふとん
283活动剧情\流れ星が消えるまでのジャーニー\第5话-とろけるおふとん.csv,72,4001030060590,甘奈,,283活动剧情,流れ星が消えるまでのジャーニー,第5话-とろけるおふとん
283活动剧情\流れ星が消えるまでのジャーニー\第5话-とろけるおふとん.csv,73,4001030060600,甘奈,"因为甜花也发烧了，
……所以又交换了",283活动剧情,流れ星が消えるまでのジャーニー,第5话-とろけるおふとん
283活动剧情\流れ星が消えるまでのジャーニー\第5话-とろけるおふとん.csv,74,4001030060610,甘奈,"甜花变回甜花，
甘奈变回甘奈",283活动剧情,流れ星が消えるまでのジャーニー,第5话-とろけるおふとん
283活动剧情\流れ星が消えるまでのジャーニー\第5话-とろけるおふとん.csv,77,4001030060640,甘奈,嗯……,283活动剧情,流れ星が消えるまでのジャーニー,第5话-とろけるおふとん
283活动剧情\流れ星が消えるまでのジャーニー\第5话-とろけるおふとん.csv,78,4001030060650,甘奈,"然后，甘奈，
最——喜欢是甜花的甜花了",283活动剧情,流れ星が消えるまでのジャーニー,第5话-とろけるおふとん
283活动剧情\流れ星が消えるまでのジャーニー\第5话-とろけるおふとん.csv,79,4001030060660,甘奈,……最喜欢哦？,283活动剧情,流れ星が消えるまでのジャーニー,第5话-とろけるおふとん
283活动剧情\流れ星が消えるまでのジャーニー\第5话-とろけるおふとん.csv,82,4001030060690,甘奈,……嗯？,283活动剧情,流れ星が消えるまでのジャーニー,第5话-とろけるおふとん
283活动剧情\流れ星が消えるまでのジャーニー\第5话-とろけるおふとん.csv,86,4001030060730,甘奈,,283活动剧情,流れ星が消えるまでのジャーニー,第5话-とろけるおふとん
283活动剧情\流れ星が消えるまでのジャーニー\第5话-とろけるおふとん.csv,87,4001030060740,甘奈,嗯…………,283活动剧情,流れ星が消えるまでのジャーニー,第5话-とろけるおふとん
283活动剧情\流れ星が消えるまでのジャーニー\第5话-とろけるおふとん.csv,91,4001030060780,甘奈,"是不是9岁啊……
9岁的生日的时候",283活动剧情,流れ星が消えるまでのジャーニー,第5话-とろけるおふとん
283活动剧情\流れ星が消えるまでのジャーニー\第5话-とろけるおふとん.csv,94,4001030060810,甘奈,"啊——……那大概，
是10岁的时候吧……",283活动剧情,流れ星が消えるまでのジャーニー,第5话-とろけるおふとん
283活动剧情\流れ星が消えるまでのジャーニー\第5话-とろけるおふとん.csv,97,4001030060840,甘奈,诶……是这样吗？,283活动剧情,流れ星が消えるまでのジャーニー,第5话-とろけるおふとん
283活动剧情\流れ星が消えるまでのジャーニー\第5话-とろけるおふとん.csv,99,4001030060860,甘奈,"是这样啊……
明明许愿要一样的礼物也很好啊",283活动剧情,流れ星が消えるまでのジャーニー,第5话-とろけるおふとん
283活动剧情\流れ星が消えるまでのジャーニー\第5话-とろけるおふとん.csv,104,4001030060910,甘奈,那样爸爸和妈妈会说不行吧,283活动剧情,流れ星が消えるまでのジャーニー,第5话-とろけるおふとん
283活动剧情\流れ星が消えるまでのジャーニー\第5话-とろけるおふとん.csv,106,4001030060930,甘奈,"之前邀请了千雪
一起去看流星雨",283活动剧情,流れ星が消えるまでのジャーニー,第5话-とろけるおふとん
283活动剧情\流れ星が消えるまでのジャーニー\第5话-とろけるおふとん.csv,109,4001030060960,甘奈,"一定能治好
还有好几天呢",283活动剧情,流れ星が消えるまでのジャーニー,第5话-とろけるおふとん
283活动剧情\流れ星が消えるまでのジャーニー\第5话-とろけるおふとん.csv,111,4001030060980,甘奈,甜花……,283活动剧情,流れ星が消えるまでのジャーニー,第5话-とろけるおふとん
283活动剧情\流れ星が消えるまでのジャーニー\第5话-とろけるおふとん.csv,112,4001030060990,甘奈,"要向流星……
许什么愿望呢……？",283活动剧情,流れ星が消えるまでのジャーニー,第5话-とろけるおふとん
283活动剧情\流れ星が消えるまでのジャーニー\第5话-とろけるおふとん.csv,115,4001030061000,甘奈,,283活动剧情,流れ星が消えるまでのジャーニー,第5话-とろけるおふとん
283活动剧情\流れ星が消えるまでのジャーニー\第6话-静かに、夜が逃げないように.csv,2,4001030070010,甘奈,"早上好！
请多指教——！",283活动剧情,流れ星が消えるまでのジャーニー,第6话-静かに、夜が逃げないように
283活动剧情\流れ星が消えるまでのジャーニー\第6话-静かに、夜が逃げないように.csv,4,4001030070020,甘奈,"让您担心了……！
只是有些感冒了",283活动剧情,流れ星が消えるまでのジャーニー,第6话-静かに、夜が逃げないように
283活动剧情\流れ星が消えるまでのジャーニー\第6话-静かに、夜が逃げないように.csv,7,4001030070030,甘奈,"诶嘿嘿，非常感谢
不过，我已经没问题了！",283活动剧情,流れ星が消えるまでのジャーニー,第6话-静かに、夜が逃げないように
283活动剧情\流れ星が消えるまでのジャーニー\第6话-静かに、夜が逃げないように.csv,8,4001030070040,甘奈,超——级，没问题☆,283活动剧情,流れ星が消えるまでのジャーニー,第6话-静かに、夜が逃げないように
283活动剧情\流れ星が消えるまでのジャーニー\第6话-静かに、夜が逃げないように.csv,15,4001030070070,甘奈,"……啊，在了
千雪～！",283活动剧情,流れ星が消えるまでのジャーニー,第6话-静かに、夜が逃げないように
283活动剧情\流れ星が消えるまでのジャーニー\第6话-静かに、夜が逃げないように.csv,18,4001030070090,甘奈,"诶嘿嘿，昨天的工作
还和甘奈在一起……",283活动剧情,流れ星が消えるまでのジャーニー,第6话-静かに、夜が逃げないように
283活动剧情\流れ星が消えるまでのジャーニー\第6话-静かに、夜が逃げないように.csv,21,4001030070120,甘奈,"甜花可是努力
做到了“吃饱，睡好，病就好”呢！",283活动剧情,流れ星が消えるまでのジャーニー,第6话-静かに、夜が逃げないように
283活动剧情\流れ星が消えるまでのジャーニー\第6话-静かに、夜が逃げないように.csv,24,4001030070150,甘奈,先去哪呢,283活动剧情,流れ星が消えるまでのジャーニー,第6话-静かに、夜が逃げないように
283活动剧情\流れ星が消えるまでのジャーニー\第6话-静かに、夜が逃げないように.csv,26,4001030070170,甘奈,"商场里面可能会有呢
去看看吧！",283活动剧情,流れ星が消えるまでのジャーニー,第6话-静かに、夜が逃げないように
283活动剧情\流れ星が消えるまでのジャーニー\第6话-静かに、夜が逃げないように.csv,29,4001030070200,甘奈,"嗯——……
是这种……信封型吧……？",283活动剧情,流れ星が消えるまでのジャーニー,第6话-静かに、夜が逃げないように
283活动剧情\流れ星が消えるまでのジャーニー\第6话-静かに、夜が逃げないように.csv,31,4001030070220,甘奈,"啊，不是！
家里有的是小时候用的",283活动剧情,流れ星が消えるまでのジャーニー,第6话-静かに、夜が逃げないように
283活动剧情\流れ星が消えるまでのジャーニー\第6话-静かに、夜が逃げないように.csv,32,4001030070230,甘奈,"以前，全家去野营的时候用的
应该也用不了了",283活动剧情,流れ星が消えるまでのジャーニー,第6话-静かに、夜が逃げないように
283活动剧情\流れ星が消えるまでのジャーニー\第6话-静かに、夜が逃げないように.csv,35,4001030070260,甘奈,"啊……对哦
有的话或许能用呢",283活动剧情,流れ星が消えるまでのジャーニー,第6话-静かに、夜が逃げないように
283活动剧情\流れ星が消えるまでのジャーニー\第6话-静かに、夜が逃げないように.csv,36,4001030070270,甘奈,"千雪，等一下！
我用Chain问问妈妈——",283活动剧情,流れ星が消えるまでのジャーニー,第6话-静かに、夜が逃げないように
283活动剧情\流れ星が消えるまでのジャーニー\第6话-静かに、夜が逃げないように.csv,38,4001030070290,甘奈,,283活动剧情,流れ星が消えるまでのジャーニー,第6话-静かに、夜が逃げないように
283活动剧情\流れ星が消えるまでのジャーニー\第6话-静かに、夜が逃げないように.csv,55,4001030070350,甘奈,"……诶嘿嘿☆ 非——常，感谢——！！
有这么可爱的女孩子支持可真好！",283活动剧情,流れ星が消えるまでのジャーニー,第6话-静かに、夜が逃げないように
283活动剧情\流れ星が消えるまでのジャーニー\第6话-静かに、夜が逃げないように.csv,57,4001030070360,甘奈,欸嘿嘿……对不起，你注意到了吗？,283活动剧情,流れ星が消えるまでのジャーニー,第6话-静かに、夜が逃げないように
283活动剧情\流れ星が消えるまでのジャーニー\第6话-静かに、夜が逃げないように.csv,58,4001030070370,甘奈,广播很熟练的甜花……在这边！,283活动剧情,流れ星が消えるまでのジャーニー,第6话-静かに、夜が逃げないように
283活动剧情\流れ星が消えるまでのジャーニー\第6话-静かに、夜が逃げないように.csv,72,4001030070441,甘奈＆甜花,诶嘿嘿……,283活动剧情,流れ星が消えるまでのジャーニー,第6话-静かに、夜が逃げないように
283活动剧情\流れ星が消えるまでのジャーニー\第6话-静かに、夜が逃げないように.csv,73,4001030070442,甘奈＆甜花,谢谢你……！,283活动剧情,流れ星が消えるまでのジャーニー,第6话-静かに、夜が逃げないように
283活动剧情\流れ星が消えるまでのジャーニー\第6话-静かに、夜が逃げないように.csv,76,4001030070443,甘奈＆甜花,不冷——……！,283活动剧情,流れ星が消えるまでのジャーニー,第6话-静かに、夜が逃げないように
283活动剧情\流れ星が消えるまでのジャーニー\第6话-静かに、夜が逃げないように.csv,79,4001030070444,甘奈＆甜花,好——！,283活动剧情,流れ星が消えるまでのジャーニー,第6话-静かに、夜が逃げないように
283活动剧情\流れ星が消えるまでのジャーニー\第6话-静かに、夜が逃げないように.csv,80,4001030070450,甘奈,,283活动剧情,流れ星が消えるまでのジャーニー,第6话-静かに、夜が逃げないように
283活动剧情\流れ星が消えるまでのジャーニー\第6话-静かに、夜が逃げないように.csv,81,4001030070460,甘奈,,283活动剧情,流れ星が消えるまでのジャーニー,第6话-静かに、夜が逃げないように
283活动剧情\流れ星が消えるまでのジャーニー\第6话-静かに、夜が逃げないように.csv,84,4001030070490,甘奈,……嗯，不会分开,283活动剧情,流れ星が消えるまでのジャーニー,第6话-静かに、夜が逃げないように
283活动剧情\流れ星が消えるまでのジャーニー\第6话-静かに、夜が逃げないように.csv,85,4001030070500,甘奈,,283活动剧情,流れ星が消えるまでのジャーニー,第6话-静かに、夜が逃げないように
283活动剧情\流れ星が消えるまでのジャーニー\第6话-静かに、夜が逃げないように.csv,86,4001030070510,甘奈,甜花……,283活动剧情,流れ星が消えるまでのジャーニー,第6话-静かに、夜が逃げないように
283活动剧情\流れ星が消えるまでのジャーニー\第6话-静かに、夜が逃げないように.csv,87,4001030070520,甘奈,不怕黑吗……？,283活动剧情,流れ星が消えるまでのジャーニー,第6话-静かに、夜が逃げないように
283活动剧情\流れ星が消えるまでのジャーニー\第6话-静かに、夜が逃げないように.csv,91,4001030070560,甘奈,,283活动剧情,流れ星が消えるまでのジャーニー,第6话-静かに、夜が逃げないように
283活动剧情\流れ星が消えるまでのジャーニー\第6话-静かに、夜が逃げないように.csv,92,4001030070570,甘奈,嗯,283活动剧情,流れ星が消えるまでのジャーニー,第6话-静かに、夜が逃げないように
283活动剧情\流れ星が消えるまでのジャーニー\第6话-静かに、夜が逃げないように.csv,93,4001030070580,甘奈,……甜花,283活动剧情,流れ星が消えるまでのジャーニー,第6话-静かに、夜が逃げないように
283活动剧情\流れ星が消えるまでのジャーニー\第6话-静かに、夜が逃げないように.csv,94,4001030070590,甘奈,甜花的手，很温暖呢,283活动剧情,流れ星が消えるまでのジャーニー,第6话-静かに、夜が逃げないように
283活动剧情\流れ星が消えるまでのジャーニー\第6话-静かに、夜が逃げないように.csv,97,4001030070591,甘奈＆甜花,哇……！,283活动剧情,流れ星が消えるまでのジャーニー,第6话-静かに、夜が逃げないように
283活动剧情\流れ星が消えるまでのジャーニー\第6话-静かに、夜が逃げないように.csv,101,4001030070610,甘奈,啊，有了——！,283活动剧情,流れ星が消えるまでのジャーニー,第6话-静かに、夜が逃げないように
283活动剧情\流れ星が消えるまでのジャーニー\第6话-静かに、夜が逃げないように.csv,105,4001030070621,甘奈＆甜花,,283活动剧情,流れ星が消えるまでのジャーニー,第6话-静かに、夜が逃げないように
283活动剧情\流れ星が消えるまでのジャーニー\终章-シャンテ、これからも.csv,6,4001030080010,甘奈,衣服，是2件不一样的,283活动剧情,流れ星が消えるまでのジャーニー,终章-シャンテ、これからも
283活动剧情\流れ星が消えるまでのジャーニー\终章-シャンテ、これからも.csv,8,4001030080030,甘奈,玩的不一样，愿望不一样,283活动剧情,流れ星が消えるまでのジャーニー,终章-シャンテ、これからも
283活动剧情\流れ星が消えるまでのジャーニー\终章-シャンテ、これからも.csv,10,4001030080041,甘奈＆甜花,砂糖的点心，对半分,283活动剧情,流れ星が消えるまでのジャーニー,终章-シャンテ、これからも
283活动剧情\流れ星が消えるまでのジャーニー\终章-シャンテ、これからも.csv,11,4001030080042,甘奈＆甜花,恶魔太郎！ 恶魔太郎！ 恶魔太郎！,283活动剧情,流れ星が消えるまでのジャーニー,终章-シャンテ、これからも
283活动剧情\流れ星が消えるまでのジャーニー\终章-シャンテ、これからも.csv,12,4001030080043,甘奈＆甜花,恶魔太郎！ 恶魔太郎！ 恶魔太郎！,283活动剧情,流れ星が消えるまでのジャーニー,终章-シャンテ、これからも
283活动剧情\流れ星が消えるまでのジャーニー\终章-シャンテ、これからも.csv,15,4001030080070,甘奈,对吧～！？,283活动剧情,流れ星が消えるまでのジャーニー,终章-シャンテ、これからも
283活动剧情\流れ星が消えるまでのジャーニー\终章-シャンテ、これからも.csv,20,4001030080100,甘奈,"诶——，是这样吗！？
完全没注意到……",283活动剧情,流れ星が消えるまでのジャーニー,终章-シャンテ、これからも
283活动剧情\流れ星が消えるまでのジャーニー\终章-シャンテ、これからも.csv,22,4001030080120,甘奈,"呜呜……今天也不在野营场……
还会打扰到附近的人……只能心里喊了……",283活动剧情,流れ星が消えるまでのジャーニー,终章-シャンテ、これからも
283活动剧情\流れ星が消えるまでのジャーニー\终章-シャンテ、これからも.csv,24,4001030080140,甘奈,才，才不坏呢～！,283活动剧情,流れ星が消えるまでのジャーニー,终章-シャンテ、これからも
283活动剧情\流れ星が消えるまでのジャーニー\终章-シャンテ、これからも.csv,29,4001030080170,甘奈,"啊 对！
是甘奈让妈妈做的",283活动剧情,流れ星が消えるまでのジャーニー,终章-シャンテ、これからも
283活动剧情\流れ星が消えるまでのジャーニー\终章-シャンテ、これからも.csv,30,4001030080180,甘奈,因为今天的千雪是大崎家的贵宾……！,283活动剧情,流れ星が消えるまでのジャーニー,终章-シャンテ、これからも
283活动剧情\流れ星が消えるまでのジャーニー\终章-シャンテ、これからも.csv,33,4001030080210,甘奈,"没事的，不如说，
很抱歉只能招待你来我们家……！",283活动剧情,流れ星が消えるまでのジャーニー,终章-シャンテ、これからも
283活动剧情\流れ星が消えるまでのジャーニー\终章-シャンテ、これからも.csv,34,4001030080220,甘奈,"不过今天是“向千雪道谢的日子”
莅临寒舍，还请让我好好地～招待你吧☆",283活动剧情,流れ星が消えるまでのジャーニー,终章-シャンテ、これからも
283活动剧情\流れ星が消えるまでのジャーニー\终章-シャンテ、これからも.csv,41,4001030080290,甘奈,……啊，快看……！,283活动剧情,流れ星が消えるまでのジャーニー,终章-シャンテ、これからも
283活动剧情\流れ星が消えるまでのジャーニー\终章-シャンテ、これからも.csv,42,4001030080300,甘奈,流星……！,283活动剧情,流れ星が消えるまでのジャーニー,终章-シャンテ、これからも
283活动剧情\流れ星が消えるまでのジャーニー\终章-シャンテ、これからも.csv,52,4001030080350,甘奈,嗯,283活动剧情,流れ星が消えるまでのジャーニー,终章-シャンテ、これからも
283活动剧情\流れ星が消えるまでのジャーニー\终章-シャンテ、これからも.csv,54,4001030080370,甘奈,在那期间,283活动剧情,流れ星が消えるまでのジャーニー,终章-シャンテ、これからも
283活动剧情\流れ星が消えるまでのジャーニー\终章-シャンテ、これからも.csv,60,4001030080420,甘奈,诶嘿嘿，和恶魔太郎独处好坏哦～,283活动剧情,流れ星が消えるまでのジャーニー,终章-シャンテ、これからも
283活动剧情\流れ星が消えるまでのジャーニー\终章-シャンテ、これからも.csv,61,4001030080430,甘奈,甘奈也要进来,283活动剧情,流れ星が消えるまでのジャーニー,终章-シャンテ、これからも
283活动剧情\流れ星が消えるまでのジャーニー\终章-シャンテ、これからも.csv,62,4001030080440,甘奈,"要在一起哦……
甜花",283活动剧情,流れ星が消えるまでのジャーニー,终章-シャンテ、これからも
283活动剧情\流れ星が消えるまでのジャーニー\终章-シャンテ、これからも.csv,64,4001030080460,甘奈,嗯……,283活动剧情,流れ星が消えるまでのジャーニー,终章-シャンテ、これからも
283活动剧情\流れ星が消えるまでのジャーニー\终章-シャンテ、これからも.csv,65,4001030080470,甘奈,……所以，要保密哦？,283活动剧情,流れ星が消えるまでのジャーニー,终章-シャンテ、これからも
283活动剧情\流れ星が消えるまでのジャーニー\终章-シャンテ、これからも.csv,67,4001030080481,甘奈＆甜花,,283活动剧情,流れ星が消えるまでのジャーニー,终章-シャンテ、これからも
283活动剧情\流れ星が消えるまでのジャーニー\终章-シャンテ、これからも.csv,68,4001030080490,甘奈,对了，甜花……,283活动剧情,流れ星が消えるまでのジャーニー,终章-シャンテ、これからも
283活动剧情\流れ星が消えるまでのジャーニー\终章-シャンテ、これからも.csv,70,4001030080510,甘奈,"发烧的时候，
就来……依靠甘奈吧",283活动剧情,流れ星が消えるまでのジャーニー,终章-シャンテ、これからも
283活动剧情\流れ星が消えるまでのジャーニー\终章-シャンテ、これからも.csv,73,4001030080540,甘奈,,283活动剧情,流れ星が消えるまでのジャーニー,终章-シャンテ、これからも
283活动剧情\流れ星が消えるまでのジャーニー\终章-シャンテ、これからも.csv,74,4001030080550,甘奈,谢谢……,283活动剧情,流れ星が消えるまでのジャーニー,终章-シャンテ、これからも
283活动剧情\流れ星が消えるまでのジャーニー\终章-シャンテ、これからも.csv,75,4001030080551,甘奈＆甜花,,283活动剧情,流れ星が消えるまでのジャーニー,终章-シャンテ、これからも
283活动剧情\流れ星が消えるまでのジャーニー\终章-シャンテ、これからも.csv,76,4001030080552,甘奈＆甜花,,283活动剧情,流れ星が消えるまでのジャーニー,终章-シャンテ、これからも
283活动剧情\流れ星が消えるまでのジャーニー\终章-シャンテ、これからも.csv,77,4001030080553,甘奈＆甜花,,283活动剧情,流れ星が消えるまでのジャーニー,终章-シャンテ、これからも
283活动剧情\満開、アルストロメリア流幸福論─つなぐ・まごころ・みっつ─\エンディング-花ざかり、これからも。.csv,5,4001004080040,甘奈,……千、千雪姐？,283活动剧情,満開、アルストロメリア流幸福論─つなぐ・まごころ・みっつ─,エンディング-花ざかり、これからも。
283活动剧情\満開、アルストロメリア流幸福論─つなぐ・まごころ・みっつ─\エンディング-花ざかり、これからも。.csv,8,4001004080070,甘奈,"早上好千雪姐
那个，那把伞……是在练习射击吗？",283活动剧情,満開、アルストロメリア流幸福論─つなぐ・まごころ・みっつ─,エンディング-花ざかり、これからも。
283活动剧情\満開、アルストロメリア流幸福論─つなぐ・まごころ・みっつ─\エンディング-花ざかり、これからも。.csv,10,4001004080090,甘奈,"果然是啊！
嘿嘿，看得很清楚哦☆",283活动剧情,満開、アルストロメリア流幸福論─つなぐ・まごころ・みっつ─,エンディング-花ざかり、これからも。
283活动剧情\満開、アルストロメリア流幸福論─つなぐ・まごころ・みっつ─\エンディング-花ざかり、これからも。.csv,16,4001004080150,甘奈,"诶！ 只有甜花和千雪姐太狡猾了
也让甘奈试试啊！？",283活动剧情,満開、アルストロメリア流幸福論─つなぐ・まごころ・みっつ─,エンディング-花ざかり、これからも。
283活动剧情\満開、アルストロメリア流幸福論─つなぐ・まごころ・みっつ─\エンディング-花ざかり、これからも。.csv,18,4001004080170,甘奈,放松……,283活动剧情,満開、アルストロメリア流幸福論─つなぐ・まごころ・みっつ─,エンディング-花ざかり、これからも。
283活动剧情\満開、アルストロメリア流幸福論─つなぐ・まごころ・みっつ─\エンディング-花ざかり、これからも。.csv,19,4001004080171,甘奈,放松下来了，甜花老师！,283活动剧情,満開、アルストロメリア流幸福論─つなぐ・まごころ・みっつ─,エンディング-花ざかり、これからも。
283活动剧情\満開、アルストロメリア流幸福論─つなぐ・まごころ・みっつ─\エンディング-花ざかり、これからも。.csv,22,4001004080200,甘奈,"知道了！
那么，一，二──",283活动剧情,満開、アルストロメリア流幸福論─つなぐ・まごころ・みっつ─,エンディング-花ざかり、これからも。
283活动剧情\満開、アルストロメリア流幸福論─つなぐ・まごころ・みっつ─\エンディング-花ざかり、これからも。.csv,26,4001004080220,甘奈,……哇,283活动剧情,満開、アルストロメリア流幸福論─つなぐ・まごころ・みっつ─,エンディング-花ざかり、これからも。
283活动剧情\満開、アルストロメリア流幸福論─つなぐ・まごころ・みっつ─\エンディング-花ざかり、これからも。.csv,32,4001004080270,甘奈,"制作人，
刚才被甘奈我们用枪击中了哦☆",283活动剧情,満開、アルストロメリア流幸福論─つなぐ・まごころ・みっつ─,エンディング-花ざかり、これからも。
283活动剧情\満開、アルストロメリア流幸福論─つなぐ・まごころ・みっつ─\エンディング-花ざかり、これからも。.csv,34,4001004080280,甘奈,"诶嘿嘿，制作人！
好弱啊～",283活动剧情,満開、アルストロメリア流幸福論─つなぐ・まごころ・みっつ─,エンディング-花ざかり、これからも。
283活动剧情\満開、アルストロメリア流幸福論─つなぐ・まごころ・みっつ─\エンディング-花ざかり、これからも。.csv,38,4001004080310,甘奈,"嗯！好像千雪姐在那次取材后
对射击很感兴趣呢",283活动剧情,満開、アルストロメリア流幸福論─つなぐ・まごころ・みっつ─,エンディング-花ざかり、これからも。
283活动剧情\満開、アルストロメリア流幸福論─つなぐ・まごころ・みっつ─\エンディング-花ざかり、これからも。.csv,42,4001004080340,甘奈,"甘奈也是！
那之后，又去了那家图书咖啡馆",283活动剧情,満開、アルストロメリア流幸福論─つなぐ・まごころ・みっつ─,エンディング-花ざかり、これからも。
283活动剧情\満開、アルストロメリア流幸福論─つなぐ・まごころ・みっつ─\エンディング-花ざかり、これからも。.csv,43,4001004080350,甘奈,"可以的话，
还想和千雪姐一起去呢！",283活动剧情,満開、アルストロメリア流幸福論─つなぐ・まごころ・みっつ─,エンディング-花ざかり、これからも。
283活动剧情\満開、アルストロメリア流幸福論─つなぐ・まごころ・みっつ─\エンディング-花ざかり、これからも。.csv,48,4001004080390,甘奈,真的吗！？甘奈想看看！,283活动剧情,満開、アルストロメリア流幸福論─つなぐ・まごころ・みっつ─,エンディング-花ざかり、これからも。
283活动剧情\満開、アルストロメリア流幸福論─つなぐ・まごころ・みっつ─\エンディング-花ざかり、これからも。.csv,51,4001004080410,甘奈,"“话题沸腾中的新店铺，图书咖啡馆VS.
在本地备受喜爱的怀旧游戏中心”",283活动剧情,満開、アルストロメリア流幸福論─つなぐ・まごころ・みっつ─,エンディング-花ざかり、これからも。
283活动剧情\満開、アルストロメリア流幸福論─つなぐ・まごころ・みっつ─\エンディング-花ざかり、これからも。.csv,52,4001004080420,甘奈,"……千雪姐想的标题直接被采用了呢～！
要是甘奈也能想出，可以刊登在书上的话就好了～",283活动剧情,満開、アルストロメリア流幸福論─つなぐ・まごころ・みっつ─,エンディング-花ざかり、これからも。
283活动剧情\満開、アルストロメリア流幸福論─つなぐ・まごころ・みっつ─\エンディング-花ざかり、これからも。.csv,56,4001004080460,甘奈,"啊，没什么，那之后舌头变得很红……
在想有没有拍到……！",283活动剧情,満開、アルストロメリア流幸福論─つなぐ・まごころ・みっつ─,エンディング-花ざかり、これからも。
283活动剧情\満開、アルストロメリア流幸福論─つなぐ・まごころ・みっつ─\エンディング-花ざかり、これからも。.csv,59,4001004080490,甘奈,"嗯！发饰闪闪发亮着
甘奈我们，看起来是这样的呢",283活动剧情,満開、アルストロメリア流幸福論─つなぐ・まごころ・みっつ─,エンディング-花ざかり、これからも。
283活动剧情\満開、アルストロメリア流幸福論─つなぐ・まごころ・みっつ─\エンディング-花ざかり、これからも。.csv,66,4001004080560,甘奈,"千雪姐……
…………现在呢？",283活动剧情,満開、アルストロメリア流幸福論─つなぐ・まごころ・みっつ─,エンディング-花ざかり、これからも。
283活动剧情\満開、アルストロメリア流幸福論─つなぐ・まごころ・みっつ─\エンディング-花ざかり、これからも。.csv,69,4001004080590,甘奈,哇，是啊！甘奈也赞同！,283活动剧情,満開、アルストロメリア流幸福論─つなぐ・まごころ・みっつ─,エンディング-花ざかり、これからも。
283活动剧情\満開、アルストロメリア流幸福論─つなぐ・まごころ・みっつ─\エンディング-花ざかり、これからも。.csv,72,4001004080620,甘奈,那么，今天是甘奈我们的纪念日呢☆,283活动剧情,満開、アルストロメリア流幸福論─つなぐ・まごころ・みっつ─,エンディング-花ざかり、これからも。
283活动剧情\満開、アルストロメリア流幸福論─つなぐ・まごころ・みっつ─\エンディング-花ざかり、これからも。.csv,74,4001004080640,甘奈,对吧！那我们吃了蛋糕再回去吧,283活动剧情,満開、アルストロメリア流幸福論─つなぐ・まごころ・みっつ─,エンディング-花ざかり、これからも。
283活动剧情\満開、アルストロメリア流幸福論─つなぐ・まごころ・みっつ─\エンディング-花ざかり、これからも。.csv,76,4001004080660,甘奈,好啊～☆ 插几根？,283活动剧情,満開、アルストロメリア流幸福論─つなぐ・まごころ・みっつ─,エンディング-花ざかり、これからも。
283活动剧情\満開、アルストロメリア流幸福論─つなぐ・まごころ・みっつ─\オープニング-私達の目的地.csv,2,4001004010010,甘奈,"千雪姐
这个可以拿起来比一下吗？",283活动剧情,満開、アルストロメリア流幸福論─つなぐ・まごころ・みっつ─,オープニング-私達の目的地
283活动剧情\満開、アルストロメリア流幸福論─つなぐ・まごころ・みっつ─\オープニング-私達の目的地.csv,5,4001004010030,甘奈,"啊，制作人
嗯，据说这个叫做经锦！",283活动剧情,満開、アルストロメリア流幸福論─つなぐ・まごころ・みっつ─,オープニング-私達の目的地
283活动剧情\満開、アルストロメリア流幸福論─つなぐ・まごころ・みっつ─\オープニング-私達の目的地.csv,12,4001004010070,甘奈,这块锦缎，是千雪姐织的哦！,283活动剧情,満開、アルストロメリア流幸福論─つなぐ・まごころ・みっつ─,オープニング-私達の目的地
283活动剧情\満開、アルストロメリア流幸福論─つなぐ・まごころ・みっつ─\オープニング-私達の目的地.csv,16,4001004010110,甘奈,"非常漂亮呢……
……诶嘿嘿，怎么样！腰带合适吗？",283活动剧情,満開、アルストロメリア流幸福論─つなぐ・まごころ・みっつ─,オープニング-私達の目的地
283活动剧情\満開、アルストロメリア流幸福論─つなぐ・まごころ・みっつ─\オープニング-私達の目的地.csv,19,4001004010140,甘奈,"啊，不用的！
难得洗干净了，系上去会起皱的",283活动剧情,満開、アルストロメリア流幸福論─つなぐ・まごころ・みっつ─,オープニング-私達の目的地
283活动剧情\満開、アルストロメリア流幸福論─つなぐ・まごころ・みっつ─\オープニング-私達の目的地.csv,20,4001004010150,甘奈,"只是这样拿在腰上比一下就很开心了！
甜花也来试试，换反面吧",283活动剧情,満開、アルストロメリア流幸福論─つなぐ・まごころ・みっつ─,オープニング-私達の目的地
283活动剧情\満開、アルストロメリア流幸福論─つなぐ・まごころ・みっつ─\オープニング-私達の目的地.csv,23,4001004010180,甘奈,没这回事哦！,283活动剧情,満開、アルストロメリア流幸福論─つなぐ・まごころ・みっつ─,オープニング-私達の目的地
283活动剧情\満開、アルストロメリア流幸福論─つなぐ・まごころ・みっつ─\オープニング-私達の目的地.csv,25,4001004010200,甘奈,"嗯！
甘奈也想变得适合这种图案☆",283活动剧情,満開、アルストロメリア流幸福論─つなぐ・まごころ・みっつ─,オープニング-私達の目的地
283活动剧情\満開、アルストロメリア流幸福論─つなぐ・まごころ・みっつ─\オープニング-私達の目的地.csv,27,4001004010220,甘奈,"甘奈我们没有浴衣……
不过挑选发饰还有小物件之类的，应该会很开心！",283活动剧情,満開、アルストロメリア流幸福論─つなぐ・まごころ・みっつ─,オープニング-私達の目的地
283活动剧情\満開、アルストロメリア流幸福論─つなぐ・まごころ・みっつ─\オープニング-私達の目的地.csv,29,4001004010240,甘奈,"诶——！甜花才更适合啊！
……零用钱有存着，够不够买浴衣呢？",283活动剧情,満開、アルストロメリア流幸福論─つなぐ・まごころ・みっつ─,オープニング-私達の目的地
283活动剧情\満開、アルストロメリア流幸福論─つなぐ・まごころ・みっつ─\オープニング-私達の目的地.csv,34,4001004010260,甘奈,哇，是什么工作！？,283活动剧情,満開、アルストロメリア流幸福論─つなぐ・まごころ・みっつ─,オープニング-私達の目的地
283活动剧情\満開、アルストロメリア流幸福論─つなぐ・まごころ・みっつ─\オープニング-私達の目的地.csv,37,4001004010270,甘奈,唔哇！庙会的取材！,283活动剧情,満開、アルストロメリア流幸福論─つなぐ・まごころ・みっつ─,オープニング-私達の目的地
283活动剧情\満開、アルストロメリア流幸福論─つなぐ・まごころ・みっつ─\オープニング-私達の目的地.csv,38,4001004010280,甘奈,"……啊，对不起，制作人
还没说完呢……",283活动剧情,満開、アルストロメリア流幸福論─つなぐ・まごころ・みっつ─,オープニング-私達の目的地
283活动剧情\満開、アルストロメリア流幸福論─つなぐ・まごころ・みっつ─\オープニング-私達の目的地.csv,43,4001004010320,甘奈,嗯！然后，今年一定要穿浴衣！,283活动剧情,満開、アルストロメリア流幸福論─つなぐ・まごころ・みっつ─,オープニング-私達の目的地
283活动剧情\満開、アルストロメリア流幸福論─つなぐ・まごころ・みっつ─\オープニング-私達の目的地.csv,44,4001004010330,甘奈,"要是钱不够买的话，就去租来穿吧☆
怎么样，甜花！",283活动剧情,満開、アルストロメリア流幸福論─つなぐ・まごころ・みっつ─,オープニング-私達の目的地
283活动剧情\満開、アルストロメリア流幸福論─つなぐ・まごころ・みっつ─\オープニング-私達の目的地.csv,46,4001004010350,甘奈,会不会有跟这条腰带类似的图案呢,283活动剧情,満開、アルストロメリア流幸福論─つなぐ・まごころ・みっつ─,オープニング-私達の目的地
283活动剧情\満開、アルストロメリア流幸福論─つなぐ・まごころ・みっつ─\オープニング-私達の目的地.csv,50,4001004010390,甘奈,"嗯！
哈啊～都有点等不及了呢",283活动剧情,満開、アルストロメリア流幸福論─つなぐ・まごころ・みっつ─,オープニング-私達の目的地
283活动剧情\満開、アルストロメリア流幸福論─つなぐ・まごころ・みっつ─\オープニング-私達の目的地.csv,56,4001004010420,甘奈,"知道了！选哪里好呢
……甜花，有想到哪里吗？",283活动剧情,満開、アルストロメリア流幸福論─つなぐ・まごころ・みっつ─,オープニング-私達の目的地
283活动剧情\満開、アルストロメリア流幸福論─つなぐ・まごころ・みっつ─\オープニング-私達の目的地.csv,58,4001004010440,甘奈,"比如甜花经常去的地方……
制作人，像这种地方也可以吗？",283活动剧情,満開、アルストロメリア流幸福論─つなぐ・まごころ・みっつ─,オープニング-私達の目的地
283活动剧情\満開、アルストロメリア流幸福論─つなぐ・まごころ・みっつ─\オープニング-私達の目的地.csv,61,4001004010460,甘奈,"怎么样！
想到不错的地方了吗？",283活动剧情,満開、アルストロメリア流幸福論─つなぐ・まごころ・みっつ─,オープニング-私達の目的地
283活动剧情\満開、アルストロメリア流幸福論─つなぐ・まごころ・みっつ─\オープニング-私達の目的地.csv,64,4001004010490,甘奈,千雪姐，有什么想法吗～？,283活动剧情,満開、アルストロメリア流幸福論─つなぐ・まごころ・みっつ─,オープニング-私達の目的地
283活动剧情\満開、アルストロメリア流幸福論─つなぐ・まごころ・みっつ─\オープニング-私達の目的地.csv,69,4001004010530,甘奈,"好的～
甜花和千雪姐想去的地方，甘奈很期待哦！",283活动剧情,満開、アルストロメリア流幸福論─つなぐ・まごころ・みっつ─,オープニング-私達の目的地
283活动剧情\満開、アルストロメリア流幸福論─つなぐ・まごころ・みっつ─\第1話-パールホワイト.csv,4,4001004020030,甘奈,"诶～？很奇怪吗
甘奈，会去各种地方哦？",283活动剧情,満開、アルストロメリア流幸福論─つなぐ・まごころ・みっつ─,第1話-パールホワイト
283活动剧情\満開、アルストロメリア流幸福論─つなぐ・まごころ・みっつ─\第1話-パールホワイト.csv,7,4001004020060,甘奈,没事！甘奈并没有在意哦！,283活动剧情,満開、アルストロメリア流幸福論─つなぐ・まごころ・みっつ─,第1話-パールホワイト
283活动剧情\満開、アルストロメリア流幸福論─つなぐ・まごころ・みっつ─\第1話-パールホワイト.csv,10,4001004020080,甘奈,辛苦了～！,283活动剧情,満開、アルストロメリア流幸福論─つなぐ・まごころ・みっつ─,第1話-パールホワイト
283活动剧情\満開、アルストロメリア流幸福論─つなぐ・まごころ・みっつ─\第1話-パールホワイト.csv,13,4001004020110,甘奈,"这个啊～……
是个有些怀旧风的游戏中心～",283活动剧情,満開、アルストロメリア流幸福論─つなぐ・まごころ・みっつ─,第1話-パールホワイト
283活动剧情\満開、アルストロメリア流幸福論─つなぐ・まごころ・みっつ─\第1話-パールホワイト.csv,15,4001004020130,甘奈,甘奈，经常和学校的朋友一起去哦！,283活动剧情,満開、アルストロメリア流幸福論─つなぐ・まごころ・みっつ─,第1話-パールホワイト
283活动剧情\満開、アルストロメリア流幸福論─つなぐ・まごころ・みっつ─\第1話-パールホワイト.csv,16,4001004020140,甘奈,拍大头贴的时候，顺便去一下这样……,283活动剧情,満開、アルストロメリア流幸福論─つなぐ・まごころ・みっつ─,第1話-パールホワイト
283活动剧情\満開、アルストロメリア流幸福論─つなぐ・まごころ・みっつ─\第1話-パールホワイト.csv,18,4001004020160,甘奈,没错没错！,283活动剧情,満開、アルストロメリア流幸福論─つなぐ・まごころ・みっつ─,第1話-パールホワイト
283活动剧情\満開、アルストロメリア流幸福論─つなぐ・まごころ・みっつ─\第1話-パールホワイト.csv,19,4001004020170,甘奈,感觉是个会有很多真格游戏的地方！,283活动剧情,満開、アルストロメリア流幸福論─つなぐ・まごころ・みっつ─,第1話-パールホワイト
283活动剧情\満開、アルストロメリア流幸福論─つなぐ・まごころ・みっつ─\第1話-パールホワイト.csv,24,4001004020210,甘奈,啊！是新开的那家吧！,283活动剧情,満開、アルストロメリア流幸福論─つなぐ・まごころ・みっつ─,第1話-パールホワイト
283活动剧情\満開、アルストロメリア流幸福論─つなぐ・まごころ・みっつ─\第1話-パールホワイト.csv,30,4001004020260,甘奈,"嗯！甘奈也这么觉得！
而且，是这附近商品最丰富的地方了呢～！",283活动剧情,満開、アルストロメリア流幸福論─つなぐ・まごころ・みっつ─,第1話-パールホワイト
283活动剧情\満開、アルストロメリア流幸福論─つなぐ・まごころ・みっつ─\第1話-パールホワイト.csv,31,4001004020270,甘奈,"啊～……
最近，还没过买新出的东西呢……",283活动剧情,満開、アルストロメリア流幸福論─つなぐ・まごころ・みっつ─,第1話-パールホワイト
283活动剧情\満開、アルストロメリア流幸福論─つなぐ・まごころ・みっつ─\第1話-パールホワイト.csv,35,4001004020310,甘奈,"……虽然图书咖啡馆也不错
不过，甘奈比较想去游戏中心呢☆",283活动剧情,満開、アルストロメリア流幸福論─つなぐ・まごころ・みっつ─,第1話-パールホワイト
283活动剧情\満開、アルストロメリア流幸福論─つなぐ・まごころ・みっつ─\第1話-パールホワイト.csv,38,4001004020340,甘奈,甜花……,283活动剧情,満開、アルストロメリア流幸福論─つなぐ・まごころ・みっつ─,第1話-パールホワイト
283活动剧情\満開、アルストロメリア流幸福論─つなぐ・まごころ・みっつ─\第1話-パールホワイト.csv,39,4001004020350,甘奈,……嘿嘿，图书咖啡馆确实也很棒呢☆,283活动剧情,満開、アルストロメリア流幸福論─つなぐ・まごころ・みっつ─,第1話-パールホワイト
283活动剧情\満開、アルストロメリア流幸福論─つなぐ・まごころ・みっつ─\第1話-パールホワイト.csv,40,4001004020360,甘奈,"但是，如果想要有真正的本地特色……
选一个不怎么出名的地方也不错吧",283活动剧情,満開、アルストロメリア流幸福論─つなぐ・まごころ・みっつ─,第1話-パールホワイト
283活动剧情\満開、アルストロメリア流幸福論─つなぐ・まごころ・みっつ─\第1話-パールホワイト.csv,43,4001004020381,甘奈＆甜花,唔……,283活动剧情,満開、アルストロメリア流幸福論─つなぐ・まごころ・みっつ─,第1話-パールホワイト
283活动剧情\満開、アルストロメリア流幸福論─つなぐ・まごころ・みっつ─\第1話-パールホワイト.csv,50,4001004020440,甘奈,"这样啊～……千雪姐好厉害！
还可以这么做呢！",283活动剧情,満開、アルストロメリア流幸福論─つなぐ・まごころ・みっつ─,第1話-パールホワイト
283活动剧情\満開、アルストロメリア流幸福論─つなぐ・まごころ・みっつ─\第1話-パールホワイト.csv,51,4001004020450,甘奈,"嘿嘿！这样的话，
千雪姐也要说一下想去的地方才行！",283活动剧情,満開、アルストロメリア流幸福論─つなぐ・まごころ・みっつ─,第1話-パールホワイト
283活动剧情\満開、アルストロメリア流幸福論─つなぐ・まごころ・みっつ─\第1話-パールホワイト.csv,55,4001004020490,甘奈,是吗……？,283活动剧情,満開、アルストロメリア流幸福論─つなぐ・まごころ・みっつ─,第1話-パールホワイト
283活动剧情\満開、アルストロメリア流幸福論─つなぐ・まごころ・みっつ─\第1話-パールホワイト.csv,58,4001004020520,甘奈,"是吗～……
那么，也得找到千雪姐想去的地方呢☆",283活动剧情,満開、アルストロメリア流幸福論─つなぐ・まごころ・みっつ─,第1話-パールホワイト
283活动剧情\満開、アルストロメリア流幸福論─つなぐ・まごころ・みっつ─\第2話-天と地、屈折.csv,2,4001004030010,甘奈,"马上就找到了空着的座位，太好了☆
看来会比想象中的要悠闲，真让人高兴啊",283活动剧情,満開、アルストロメリア流幸福論─つなぐ・まごころ・みっつ─,第2話-天と地、屈折
283活动剧情\満開、アルストロメリア流幸福論─つなぐ・まごころ・みっつ─\第2話-天と地、屈折.csv,7,4001004030060,甘奈,对啊对啊，甘奈也很感谢甜花！,283活动剧情,満開、アルストロメリア流幸福論─つなぐ・まごころ・みっつ─,第2話-天と地、屈折
283活动剧情\満開、アルストロメリア流幸福論─つなぐ・まごころ・みっつ─\第2話-天と地、屈折.csv,12,4001004030110,甘奈,啊，甘奈能明白这种心情～,283活动剧情,満開、アルストロメリア流幸福論─つなぐ・まごころ・みっつ─,第2話-天と地、屈折
283活动剧情\満開、アルストロメリア流幸福論─つなぐ・まごころ・みっつ─\第2話-天と地、屈折.csv,13,4001004030120,甘奈,"一看到像这样排成长排的书柜
会感觉很兴奋呢",283活动剧情,満開、アルストロメリア流幸福論─つなぐ・まごころ・みっつ─,第2話-天と地、屈折
283活动剧情\満開、アルストロメリア流幸福論─つなぐ・まごころ・みっつ─\第2話-天と地、屈折.csv,14,4001004030130,甘奈,"不知道会有些什么书，
让人充满了期待☆",283活动剧情,満開、アルストロメリア流幸福論─つなぐ・まごころ・みっつ─,第2話-天と地、屈折
283活动剧情\満開、アルストロメリア流幸福論─つなぐ・まごころ・みっつ─\第2話-天と地、屈折.csv,17,4001004030160,甘奈,"OK☆
那待会儿见，甜花！",283活动剧情,満開、アルストロメリア流幸福論─つなぐ・まごころ・みっつ─,第2話-天と地、屈折
283活动剧情\満開、アルストロメリア流幸福論─つなぐ・まごころ・みっつ─\第2話-天と地、屈折.csv,18,4001004030170,甘奈,"这本，是最近电视上介绍过的小说
说是讲的故事非常动人！",283活动剧情,満開、アルストロメリア流幸福論─つなぐ・まごころ・みっつ─,第2話-天と地、屈折
283活动剧情\満開、アルストロメリア流幸福論─つなぐ・まごころ・みっつ─\第2話-天と地、屈折.csv,19,4001004030180,甘奈,"之前就想读读看了呢～
拿上这本吧☆",283活动剧情,満開、アルストロメリア流幸福論─つなぐ・まごころ・みっつ─,第2話-天と地、屈折
283活动剧情\満開、アルストロメリア流幸福論─つなぐ・まごころ・みっつ─\第2話-天と地、屈折.csv,20,4001004030190,甘奈,"……啊！还有之前没买到的！
怎么办，有点在意新书的内容啊……",283活动剧情,満開、アルストロメリア流幸福論─つなぐ・まごころ・みっつ─,第2話-天と地、屈折
283活动剧情\満開、アルストロメリア流幸福論─つなぐ・まごころ・みっつ─\第2話-天と地、屈折.csv,23,4001004030220,甘奈,诶嘿嘿……果然会感到意外吗？,283活动剧情,満開、アルストロメリア流幸福論─つなぐ・まごころ・みっつ─,第2話-天と地、屈折
283活动剧情\満開、アルストロメリア流幸福論─つなぐ・まごころ・みっつ─\第2話-天と地、屈折.csv,24,4001004030230,甘奈,"虽然最近没什么时间看，
不过之前也会去下书店之类的地方哦",283活动剧情,満開、アルストロメリア流幸福論─つなぐ・まごころ・みっつ─,第2話-天と地、屈折
283活动剧情\満開、アルストロメリア流幸福論─つなぐ・まごころ・みっつ─\第2話-天と地、屈折.csv,25,4001004030240,甘奈,"家附近有一间书店，虽然跟这里比起来没什么人气，
不过那里很安静，能悠闲地看书",283活动剧情,満開、アルストロメリア流幸福論─つなぐ・まごころ・みっつ─,第2話-天と地、屈折
283活动剧情\満開、アルストロメリア流幸福論─つなぐ・まごころ・みっつ─\第2話-天と地、屈折.csv,26,4001004030250,甘奈,放学回家的时候，偶尔会顺路去下那里,283活动剧情,満開、アルストロメリア流幸福論─つなぐ・まごころ・みっつ─,第2話-天と地、屈折
283活动剧情\満開、アルストロメリア流幸福論─つなぐ・まごころ・みっつ─\第2話-天と地、屈折.csv,28,4001004030270,甘奈,唔……也说不上喜欢吧……,283活动剧情,満開、アルストロメリア流幸福論─つなぐ・まごころ・みっつ─,第2話-天と地、屈折
283活动剧情\満開、アルストロメリア流幸福論─つなぐ・まごころ・みっつ─\第2話-天と地、屈折.csv,29,4001004030280,甘奈,"……不知道为什么……
偶尔会想去读一些难懂的书呢",283活动剧情,満開、アルストロメリア流幸福論─つなぐ・まごころ・みっつ─,第2話-天と地、屈折
283活动剧情\満開、アルストロメリア流幸福論─つなぐ・まごころ・みっつ─\第2話-天と地、屈折.csv,30,4001004030290,甘奈,"明明应该不太理解书的内容……
但是一打开来，不管是哪本书，看起来都散发着光芒呢",283活动剧情,満開、アルストロメリア流幸福論─つなぐ・まごころ・みっつ─,第2話-天と地、屈折
283活动剧情\満開、アルストロメリア流幸福論─つなぐ・まごころ・みっつ─\第2話-天と地、屈折.csv,31,4001004030300,甘奈,……甘奈，没有什么想做的事，将来的梦想也不太清楚,283活动剧情,満開、アルストロメリア流幸福論─つなぐ・まごころ・みっつ─,第2話-天と地、屈折
283活动剧情\満開、アルストロメリア流幸福論─つなぐ・まごころ・みっつ─\第2話-天と地、屈折.csv,32,4001004030310,甘奈,"所以……也许是，
……很享受像这样的体验吧",283活动剧情,満開、アルストロメリア流幸福論─つなぐ・まごころ・みっつ─,第2話-天と地、屈折
283活动剧情\満開、アルストロメリア流幸福論─つなぐ・まごころ・みっつ─\第2話-天と地、屈折.csv,35,4001004030340,甘奈,是、是这样吗……？,283活动剧情,満開、アルストロメリア流幸福論─つなぐ・まごころ・みっつ─,第2話-天と地、屈折
283活动剧情\満開、アルストロメリア流幸福論─つなぐ・まごころ・みっつ─\第2話-天と地、屈折.csv,38,4001004030370,甘奈,"诶？那个……千雪姐的话……
……嗯……比如这本！",283活动剧情,満開、アルストロメリア流幸福論─つなぐ・まごころ・みっつ─,第2話-天と地、屈折
283活动剧情\満開、アルストロメリア流幸福論─つなぐ・まごころ・みっつ─\第2話-天と地、屈折.csv,40,4001004030390,甘奈,"千雪姐做的手工品经常是西洋风的，
偶尔试试这种路线也不错吧……怎么样？",283活动剧情,満開、アルストロメリア流幸福論─つなぐ・まごころ・みっつ─,第2話-天と地、屈折
283活动剧情\満開、アルストロメリア流幸福論─つなぐ・まごころ・みっつ─\第2話-天と地、屈折.csv,43,4001004030420,甘奈,"甜花！
有找到什么好东西吗？",283活动剧情,満開、アルストロメリア流幸福論─つなぐ・まごころ・みっつ─,第2話-天と地、屈折
283活动剧情\満開、アルストロメリア流幸福論─つなぐ・まごころ・みっつ─\第2話-天と地、屈折.csv,47,4001004030460,甘奈,是吗，这里也摆着很多杂货呢,283活动剧情,満開、アルストロメリア流幸福論─つなぐ・まごころ・みっつ─,第2話-天と地、屈折
283活动剧情\満開、アルストロメリア流幸福論─つなぐ・まごころ・みっつ─\第2話-天と地、屈折.csv,52,4001004030510,甘奈,好棒！有很多可爱的首饰呢☆,283活动剧情,満開、アルストロメリア流幸福論─つなぐ・まごころ・みっつ─,第2話-天と地、屈折
283活动剧情\満開、アルストロメリア流幸福論─つなぐ・まごころ・みっつ─\第2話-天と地、屈折.csv,54,4001004030530,甘奈,"确实很好看，感觉会很适合千雪姐！
戴上去看看吧？",283活动剧情,満開、アルストロメリア流幸福論─つなぐ・まごころ・みっつ─,第2話-天と地、屈折
283活动剧情\満開、アルストロメリア流幸福論─つなぐ・まごころ・みっつ─\第2話-天と地、屈折.csv,58,4001004030570,甘奈,没这回事哦！,283活动剧情,満開、アルストロメリア流幸福論─つなぐ・まごころ・みっつ─,第2話-天と地、屈折
283活动剧情\満開、アルストロメリア流幸福論─つなぐ・まごころ・みっつ─\第2話-天と地、屈折.csv,59,4001004030580,甘奈,"啊，不对，这个首饰确实可爱，
但千雪姐本来就很可爱呀☆",283活动剧情,満開、アルストロメリア流幸福論─つなぐ・まごころ・みっつ─,第2話-天と地、屈折
283活动剧情\満開、アルストロメリア流幸福論─つなぐ・まごころ・みっつ─\第2話-天と地、屈折.csv,64,4001004030630,甘奈,"果然很厉害呢～☆
而且，感觉很喜欢那个首饰的样子！",283活动剧情,満開、アルストロメリア流幸福論─つなぐ・まごころ・みっつ─,第2話-天と地、屈折
283活动剧情\満開、アルストロメリア流幸福論─つなぐ・まごころ・みっつ─\第2話-天と地、屈折.csv,65,4001004030640,甘奈,千雪姐，不买下来吗？,283活动剧情,満開、アルストロメリア流幸福論─つなぐ・まごころ・みっつ─,第2話-天と地、屈折
283活动剧情\満開、アルストロメリア流幸福論─つなぐ・まごころ・みっつ─\第2話-天と地、屈折.csv,69,4001004030680,甘奈,诶──，明明那么可爱,283活动剧情,満開、アルストロメリア流幸福論─つなぐ・まごころ・みっつ─,第2話-天と地、屈折
283活动剧情\満開、アルストロメリア流幸福論─つなぐ・まごころ・みっつ─\第2話-天と地、屈折.csv,74,4001004030730,甘奈,"哇，真的呢！
差不多该回去了吧？",283活动剧情,満開、アルストロメリア流幸福論─つなぐ・まごころ・みっつ─,第2話-天と地、屈折
283活动剧情\満開、アルストロメリア流幸福論─つなぐ・まごころ・みっつ─\第2話-天と地、屈折.csv,77,4001004030760,甘奈,"嗯──
……那个，千雪姐",283活动剧情,満開、アルストロメリア流幸福論─つなぐ・まごころ・みっつ─,第2話-天と地、屈折
283活动剧情\満開、アルストロメリア流幸福論─つなぐ・まごころ・みっつ─\第2話-天と地、屈折.csv,78,4001004030770,甘奈,"千雪姐……肯定是以甘奈和甜花想去的地方
为优先吧",283活动剧情,満開、アルストロメリア流幸福論─つなぐ・まごころ・みっつ─,第2話-天と地、屈折
283活动剧情\満開、アルストロメリア流幸福論─つなぐ・まごころ・みっつ─\第2話-天と地、屈折.csv,79,4001004030780,甘奈,其实很想……多看看小物件之类的，对吧,283活动剧情,満開、アルストロメリア流幸福論─つなぐ・まごころ・みっつ─,第2話-天と地、屈折
283活动剧情\満開、アルストロメリア流幸福論─つなぐ・まごころ・みっつ─\第2話-天と地、屈折.csv,81,4001004030800,甘奈,回去时再顺便去一趟杂货区怎么样？,283活动剧情,満開、アルストロメリア流幸福論─つなぐ・まごころ・みっつ─,第2話-天と地、屈折
283活动剧情\満開、アルストロメリア流幸福論─つなぐ・まごころ・みっつ─\第2話-天と地、屈折.csv,83,4001004030820,甘奈,……真是的……,283活动剧情,満開、アルストロメリア流幸福論─つなぐ・まごころ・みっつ─,第2話-天と地、屈折
283活动剧情\満開、アルストロメリア流幸福論─つなぐ・まごころ・みっつ─\第2話-天と地、屈折.csv,84,4001004030830,甘奈,……这应该由甘奈来说才对啊，谢谢你，千雪姐,283活动剧情,満開、アルストロメリア流幸福論─つなぐ・まごころ・みっつ─,第2話-天と地、屈折
283活动剧情\満開、アルストロメリア流幸福論─つなぐ・まごころ・みっつ─\第2話-天と地、屈折.csv,85,4001004030840,甘奈,"──好了，甘奈也去收拾一下吧☆
甜花，等一等！",283活动剧情,満開、アルストロメリア流幸福論─つなぐ・まごころ・みっつ─,第2話-天と地、屈折
283活动剧情\満開、アルストロメリア流幸福論─つなぐ・まごころ・みっつ─\第2話-天と地、屈折.csv,88,4001004030870,甘奈,"快乐的时光总是这么短暂……
能再多待一会儿就好了～",283活动剧情,満開、アルストロメリア流幸福論─つなぐ・まごころ・みっつ─,第2話-天と地、屈折
283活动剧情\満開、アルストロメリア流幸福論─つなぐ・まごころ・みっつ─\第2話-天と地、屈折.csv,90,4001004030890,甘奈,嗯！很开心哦☆,283活动剧情,満開、アルストロメリア流幸福論─つなぐ・まごころ・みっつ─,第2話-天と地、屈折
283活动剧情\満開、アルストロメリア流幸福論─つなぐ・まごころ・みっつ─\第2話-天と地、屈折.csv,91,4001004030900,甘奈,"读了一下之前说过的那本小说，
比想象中的还要厉害，是一部超级大作呢……！",283活动剧情,満開、アルストロメリア流幸福論─つなぐ・まごころ・みっつ─,第2話-天と地、屈折
283活动剧情\満開、アルストロメリア流幸福論─つなぐ・まごころ・みっつ─\第2話-天と地、屈折.csv,92,4001004030910,甘奈,推荐甜花也读读看哦☆,283活动剧情,満開、アルストロメリア流幸福論─つなぐ・まごころ・みっつ─,第2話-天と地、屈折
283活动剧情\満開、アルストロメリア流幸福論─つなぐ・まごころ・みっつ─\第2話-天と地、屈折.csv,94,4001004030930,甘奈,"下次加上续集一起买下，
我们一起看吧？",283活动剧情,満開、アルストロメリア流幸福論─つなぐ・まごころ・みっつ─,第2話-天と地、屈折
283活动剧情\満開、アルストロメリア流幸福論─つなぐ・まごころ・みっつ─\第3話-甜花の敵じゃない.csv,3,4001004040020,甘奈,甜花，来了好多哦！,283活动剧情,満開、アルストロメリア流幸福論─つなぐ・まごころ・みっつ─,第3話-甜花の敵じゃない
283活动剧情\満開、アルストロメリア流幸福論─つなぐ・まごころ・みっつ─\第3話-甜花の敵じゃない.csv,7,4001004040060,甘奈,"哇──☆
不愧是甜花～！非常帅气哦☆",283活动剧情,満開、アルストロメリア流幸福論─つなぐ・まごころ・みっつ─,第3話-甜花の敵じゃない
283活动剧情\満開、アルストロメリア流幸福論─つなぐ・まごころ・みっつ─\第3話-甜花の敵じゃない.csv,15,4001004040140,甘奈,噢噢，甜花，像是专家一样！,283活动剧情,満開、アルストロメリア流幸福論─つなぐ・まごころ・みっつ─,第3話-甜花の敵じゃない
283活动剧情\満開、アルストロメリア流幸福論─つなぐ・まごころ・みっつ─\第3話-甜花の敵じゃない.csv,16,4001004040150,甘奈,"不过要做到条件反射很难呢。千雪姐还是第一次玩……
再说明一次比较好吧？",283活动剧情,満開、アルストロメリア流幸福論─つなぐ・まごころ・みっつ─,第3話-甜花の敵じゃない
283活动剧情\満開、アルストロメリア流幸福論─つなぐ・まごころ・みっつ─\第3話-甜花の敵じゃない.csv,27,4001004040260,甘奈,"甜花，千雪姐，加油☆
甘奈拍一下录像！",283活动剧情,満開、アルストロメリア流幸福論─つなぐ・まごころ・みっつ─,第3話-甜花の敵じゃない
283活动剧情\満開、アルストロメリア流幸福論─つなぐ・まごころ・みっつ─\第3話-甜花の敵じゃない.csv,29,4001004040280,甘奈,"甜花很厉害呢～！
那边的敌人，看起来很快就会消灭完！",283活动剧情,満開、アルストロメリア流幸福論─つなぐ・まごころ・みっつ─,第3話-甜花の敵じゃない
283活动剧情\満開、アルストロメリア流幸福論─つなぐ・まごころ・みっつ─\第3話-甜花の敵じゃない.csv,31,4001004040300,甘奈,千雪姐！右边右边！,283活动剧情,満開、アルストロメリア流幸福論─つなぐ・まごころ・みっつ─,第3話-甜花の敵じゃない
283活动剧情\満開、アルストロメリア流幸福論─つなぐ・まごころ・みっつ─\第3話-甜花の敵じゃない.csv,37,4001004040360,甘奈,"哇，好厉害啊千雪姐！
一发击中要害了呢！",283活动剧情,満開、アルストロメリア流幸福論─つなぐ・まごころ・みっつ─,第3話-甜花の敵じゃない
283活动剧情\満開、アルストロメリア流幸福論─つなぐ・まごころ・みっつ─\第3話-甜花の敵じゃない.csv,42,4001004040410,甘奈,"啊，千雪姐！？
敌人来到前面了哦，射击射击～！",283活动剧情,満開、アルストロメリア流幸福論─つなぐ・まごころ・みっつ─,第3話-甜花の敵じゃない
283活动剧情\満開、アルストロメリア流幸福論─つなぐ・まごころ・みっつ─\第3話-甜花の敵じゃない.csv,45,4001004040440,甘奈,是啊！甜花看起来很开心，太好了☆,283活动剧情,満開、アルストロメリア流幸福論─つなぐ・まごころ・みっつ─,第3話-甜花の敵じゃない
283活动剧情\満開、アルストロメリア流幸福論─つなぐ・まごころ・みっつ─\第3話-甜花の敵じゃない.csv,47,4001004040460,甘奈,有各种各样的游戏呢～☆,283活动剧情,満開、アルストロメリア流幸福論─つなぐ・まごころ・みっつ─,第3話-甜花の敵じゃない
283活动剧情\満開、アルストロメリア流幸福論─つなぐ・まごころ・みっつ─\第3話-甜花の敵じゃない.csv,55,4001004040540,甘奈,"啊，不好意思！
甘奈忘记东西在里面了！",283活动剧情,満開、アルストロメリア流幸福論─つなぐ・まごころ・みっつ─,第3話-甜花の敵じゃない
283活动剧情\満開、アルストロメリア流幸福論─つなぐ・まごころ・みっつ─\第3話-甜花の敵じゃない.csv,56,4001004040550,甘奈,稍等一下！,283活动剧情,満開、アルストロメリア流幸福論─つなぐ・まごころ・みっつ─,第3話-甜花の敵じゃない
283活动剧情\満開、アルストロメリア流幸福論─つなぐ・まごころ・みっつ─\第3話-甜花の敵じゃない.csv,78,4001004040770,甘奈,让你们久等了～……！对不起,283活动剧情,満開、アルストロメリア流幸福論─つなぐ・まごころ・みっつ─,第3話-甜花の敵じゃない
283活动剧情\満開、アルストロメリア流幸福論─つなぐ・まごころ・みっつ─\第3話-甜花の敵じゃない.csv,80,4001004040790,甘奈,嗯，忘在了射击游戏那个地方──,283活动剧情,満開、アルストロメリア流幸福論─つなぐ・まごころ・みっつ─,第3話-甜花の敵じゃない
283活动剧情\満開、アルストロメリア流幸福論─つなぐ・まごころ・みっつ─\第3話-甜花の敵じゃない.csv,81,4001004040800,甘奈,"里面有人在玩那个游戏，
果然看起来很开心的样子，让人想要多玩会儿呢",283活动剧情,満開、アルストロメリア流幸福論─つなぐ・まごころ・みっつ─,第3話-甜花の敵じゃない
283活动剧情\満開、アルストロメリア流幸福論─つなぐ・まごころ・みっつ─\第3話-甜花の敵じゃない.csv,82,4001004040810,甘奈,……那个，取材的地方，选哪里好呢？,283活动剧情,満開、アルストロメリア流幸福論─つなぐ・まごころ・みっつ─,第3話-甜花の敵じゃない
283活动剧情\満開、アルストロメリア流幸福論─つなぐ・まごころ・みっつ─\第3話-甜花の敵じゃない.csv,83,4001004040820,甘奈,图书咖啡馆和游戏中心，两个地方都很棒啊……,283活动剧情,満開、アルストロメリア流幸福論─つなぐ・まごころ・みっつ─,第3話-甜花の敵じゃない
283活动剧情\満開、アルストロメリア流幸福論─つなぐ・まごころ・みっつ─\第3話-甜花の敵じゃない.csv,88,4001004040861,甘奈＆甜花,,283活动剧情,満開、アルストロメリア流幸福論─つなぐ・まごころ・みっつ─,第3話-甜花の敵じゃない
283活动剧情\満開、アルストロメリア流幸福論─つなぐ・まごころ・みっつ─\第3話-甜花の敵じゃない.csv,93,4001004040910,甘奈,"哇……！
千雪姐，是个好主意啊☆",283活动剧情,満開、アルストロメリア流幸福論─つなぐ・まごころ・みっつ─,第3話-甜花の敵じゃない
283活动剧情\満開、アルストロメリア流幸福論─つなぐ・まごころ・みっつ─\第3話-甜花の敵じゃない.csv,96,4001004040931,甘奈＆甜花,嗯……！,283活动剧情,満開、アルストロメリア流幸福論─つなぐ・まごころ・みっつ─,第3話-甜花の敵じゃない
283活动剧情\満開、アルストロメリア流幸福論─つなぐ・まごころ・みっつ─\第4話-私をもっと知りたくて.csv,2,4001004050010,甘奈,"千雪姐，果然是大人呢～……
真让人憧憬啊",283活动剧情,満開、アルストロメリア流幸福論─つなぐ・まごころ・みっつ─,第4話-私をもっと知りたくて
283活动剧情\満開、アルストロメリア流幸福論─つなぐ・まごころ・みっつ─\第4話-私をもっと知りたくて.csv,3,4001004050020,甘奈,"用那个办法的话，
游戏中心和图书咖啡馆都能报道呢☆",283活动剧情,満開、アルストロメリア流幸福論─つなぐ・まごころ・みっつ─,第4話-私をもっと知りたくて
283活动剧情\満開、アルストロメリア流幸福論─つなぐ・まごころ・みっつ─\第4話-私をもっと知りたくて.csv,7,4001004050060,甘奈,甜花……诶嘿嘿,283活动剧情,満開、アルストロメリア流幸福論─つなぐ・まごころ・みっつ─,第4話-私をもっと知りたくて
283活动剧情\満開、アルストロメリア流幸福論─つなぐ・まごころ・みっつ─\第4話-私をもっと知りたくて.csv,9,4001004050080,甘奈,果然甘奈我们，想法一样呢,283活动剧情,満開、アルストロメリア流幸福論─つなぐ・まごころ・みっつ─,第4話-私をもっと知りたくて
283活动剧情\満開、アルストロメリア流幸福論─つなぐ・まごころ・みっつ─\第4話-私をもっと知りたくて.csv,11,4001004050100,甘奈,……但是，没能去千雪姐想去的地方呢,283活动剧情,満開、アルストロメリア流幸福論─つなぐ・まごころ・みっつ─,第4話-私をもっと知りたくて
283活动剧情\満開、アルストロメリア流幸福論─つなぐ・まごころ・みっつ─\第4話-私をもっと知りたくて.csv,13,4001004050120,甘奈,这样下去的话，会没有千雪姐的报道呀……,283活动剧情,満開、アルストロメリア流幸福論─つなぐ・まごころ・みっつ─,第4話-私をもっと知りたくて
283活动剧情\満開、アルストロメリア流幸福論─つなぐ・まごころ・みっつ─\第4話-私をもっと知りたくて.csv,15,4001004050140,甘奈,"想去的地方，肯定是有的
会不会是千雪姐顾虑到我们才没说呢……",283活动剧情,満開、アルストロメリア流幸福論─つなぐ・まごころ・みっつ─,第4話-私をもっと知りたくて
283活动剧情\満開、アルストロメリア流幸福論─つなぐ・まごころ・みっつ─\第4話-私をもっと知りたくて.csv,18,4001004050170,甘奈,"诶？……嗯，很喜欢哦
──甜花呢？",283活动剧情,満開、アルストロメリア流幸福論─つなぐ・まごころ・みっつ─,第4話-私をもっと知りたくて
283活动剧情\満開、アルストロメリア流幸福論─つなぐ・まごころ・みっつ─\第4話-私をもっと知りたくて.csv,22,4001004050210,甘奈,嗯……既温柔又成熟……,283活动剧情,満開、アルストロメリア流幸福論─つなぐ・まごころ・みっつ─,第4話-私をもっと知りたくて
283活动剧情\満開、アルストロメリア流幸福論─つなぐ・まごころ・みっつ─\第4話-私をもっと知りたくて.csv,23,4001004050220,甘奈,因为，甘奈也想成为像千雪姐那样出色的女性！,283活动剧情,満開、アルストロメリア流幸福論─つなぐ・まごころ・みっつ─,第4話-私をもっと知りたくて
283活动剧情\満開、アルストロメリア流幸福論─つなぐ・まごころ・みっつ─\第4話-私をもっと知りたくて.csv,25,4001004050240,甘奈,甜花呢？,283活动剧情,満開、アルストロメリア流幸福論─つなぐ・まごころ・みっつ─,第4話-私をもっと知りたくて
283活动剧情\満開、アルストロメリア流幸福論─つなぐ・まごころ・みっつ─\第4話-私をもっと知りたくて.csv,30,4001004050290,甘奈,"诶嘿嘿……
那，果然……",283活动剧情,満開、アルストロメリア流幸福論─つなぐ・まごころ・みっつ─,第4話-私をもっと知りたくて
283活动剧情\満開、アルストロメリア流幸福論─つなぐ・まごころ・みっつ─\第4話-私をもっと知りたくて.csv,31,4001004050300,甘奈,"果然是一模一样！
甜花和甘奈确实是双胞胎呢☆",283活动剧情,満開、アルストロメリア流幸福論─つなぐ・まごころ・みっつ─,第4話-私をもっと知りたくて
283活动剧情\満開、アルストロメリア流幸福論─つなぐ・まごころ・みっつ─\第4話-私をもっと知りたくて.csv,34,4001004050330,甘奈,……诶？,283活动剧情,満開、アルストロメリア流幸福論─つなぐ・まごころ・みっつ─,第4話-私をもっと知りたくて
283活动剧情\満開、アルストロメリア流幸福論─つなぐ・まごころ・みっつ─\第4話-私をもっと知りたくて.csv,36,4001004050350,甘奈,诶……要怎么做？,283活动剧情,満開、アルストロメリア流幸福論─つなぐ・まごころ・みっつ─,第4話-私をもっと知りたくて
283活动剧情\満開、アルストロメリア流幸福論─つなぐ・まごころ・みっつ─\第4話-私をもっと知りたくて.csv,38,4001004050370,甘奈,以千雪姐……为主角……？,283活动剧情,満開、アルストロメリア流幸福論─つなぐ・まごころ・みっつ─,第4話-私をもっと知りたくて
283活动剧情\満開、アルストロメリア流幸福論─つなぐ・まごころ・みっつ─\第4話-私をもっと知りたくて.csv,40,4001004050390,甘奈,嗯……虽然有些模糊的想法……,283活动剧情,満開、アルストロメリア流幸福論─つなぐ・まごころ・みっつ─,第4話-私をもっと知りたくて
283活动剧情\満開、アルストロメリア流幸福論─つなぐ・まごころ・みっつ─\第4話-私をもっと知りたくて.csv,41,4001004050391,甘奈,……啊！,283活动剧情,満開、アルストロメリア流幸福論─つなぐ・まごころ・みっつ─,第4話-私をもっと知りたくて
283活动剧情\満開、アルストロメリア流幸福論─つなぐ・まごころ・みっつ─\第4話-私をもっと知りたくて.csv,42,4001004050400,甘奈,"千雪姐，很喜欢之前在图书咖啡馆
看见的那个发饰吧？",283活动剧情,満開、アルストロメリア流幸福論─つなぐ・まごころ・みっつ─,第4話-私をもっと知りたくて
283活动剧情\満開、アルストロメリア流幸福論─つなぐ・まごころ・みっつ─\第4話-私をもっと知りたくて.csv,43,4001004050410,甘奈,虽然那个发饰是平时戴的那种……,283活动剧情,満開、アルストロメリア流幸福論─つなぐ・まごころ・みっつ─,第4話-私をもっと知りたくて
283活动剧情\満開、アルストロメリア流幸福論─つなぐ・まごころ・みっつ─\第4話-私をもっと知りたくて.csv,44,4001004050420,甘奈,"把和那个感觉差不多的，穿和服时戴的发饰送给她的话
她应该会很高兴吧！",283活动剧情,満開、アルストロメリア流幸福論─つなぐ・まごころ・みっつ─,第4話-私をもっと知りたくて
283活动剧情\満開、アルストロメリア流幸福論─つなぐ・まごころ・みっつ─\第4話-私をもっと知りたくて.csv,45,4001004050430,甘奈,"然后，让她戴着发饰拍照，
这样在报道里也会很显眼吧！？",283活动剧情,満開、アルストロメリア流幸福論─つなぐ・まごころ・みっつ─,第4話-私をもっと知りたくて
283活动剧情\満開、アルストロメリア流幸福論─つなぐ・まごころ・みっつ─\第4話-私をもっと知りたくて.csv,47,4001004050450,甘奈,那我们赶紧去买吧！,283活动剧情,満開、アルストロメリア流幸福論─つなぐ・まごころ・みっつ─,第4話-私をもっと知りたくて
283活动剧情\満開、アルストロメリア流幸福論─つなぐ・まごころ・みっつ─\第4話-私をもっと知りたくて.csv,49,4001004050470,甘奈,"……啊啊～，
……买了发饰，可能就租不起浴衣了啊……！",283活动剧情,満開、アルストロメリア流幸福論─つなぐ・まごころ・みっつ─,第4話-私をもっと知りたくて
283活动剧情\満開、アルストロメリア流幸福論─つなぐ・まごころ・みっつ─\第4話-私をもっと知りたくて.csv,51,4001004050490,甘奈,……不过，嗯……,283活动剧情,満開、アルストロメリア流幸福論─つなぐ・まごころ・みっつ─,第4話-私をもっと知りたくて
283活动剧情\満開、アルストロメリア流幸福論─つなぐ・まごころ・みっつ─\第4話-私をもっと知りたくて.csv,53,4001004050510,甘奈,"嗯！毕竟要让千雪姐当主角嘛
这样就好！",283活动剧情,満開、アルストロメリア流幸福論─つなぐ・まごころ・みっつ─,第4話-私をもっと知りたくて
283活动剧情\満開、アルストロメリア流幸福論─つなぐ・まごころ・みっつ─\第5話-まごころ・みっつ重ねて.csv,15,4001004060130,甘奈,"千雪姐！辛苦了☆
锵！",283活动剧情,満開、アルストロメリア流幸福論─つなぐ・まごころ・みっつ─,第5話-まごころ・みっつ重ねて
283活动剧情\満開、アルストロメリア流幸福論─つなぐ・まごころ・みっつ─\第5話-まごころ・みっつ重ねて.csv,18,4001004060160,甘奈,"诶嘿嘿，秘密
你打开看看！",283活动剧情,満開、アルストロメリア流幸福論─つなぐ・まごころ・みっつ─,第5話-まごころ・みっつ重ねて
283活动剧情\満開、アルストロメリア流幸福論─つなぐ・まごころ・みっつ─\第5話-まごころ・みっつ重ねて.csv,22,4001004060200,甘奈,嗯……！,283活动剧情,満開、アルストロメリア流幸福論─つなぐ・まごころ・みっつ─,第5話-まごころ・みっつ重ねて
283活动剧情\満開、アルストロメリア流幸福論─つなぐ・まごころ・みっつ─\第5話-まごころ・みっつ重ねて.csv,27,4001004060250,甘奈,我们想让千雪姐戴上这个……,283活动剧情,満開、アルストロメリア流幸福論─つなぐ・まごころ・みっつ─,第5話-まごころ・みっつ重ねて
283活动剧情\満開、アルストロメリア流幸福論─つなぐ・まごころ・みっつ─\第5話-まごころ・みっつ重ねて.csv,28,4001004060260,甘奈,成为今天取材时的主角！,283活动剧情,満開、アルストロメリア流幸福論─つなぐ・まごころ・みっつ─,第5話-まごころ・みっつ重ねて
283活动剧情\満開、アルストロメリア流幸福論─つなぐ・まごころ・みっつ─\第5話-まごころ・みっつ重ねて.csv,30,4001004060280,甘奈,"对！只有千雪姐没介绍想去的地方吧？
所以，就用庙会上千雪姐的可爱照片来代替☆",283活动剧情,満開、アルストロメリア流幸福論─つなぐ・まごころ・みっつ─,第5話-まごころ・みっつ重ねて
283活动剧情\満開、アルストロメリア流幸福論─つなぐ・まごころ・みっつ─\第5話-まごころ・みっつ重ねて.csv,33,4001004060310,甘奈,"所以，千雪姐就戴上这个可爱的发饰吧
……肯定很搭之前那条腰带的！",283活动剧情,満開、アルストロメリア流幸福論─つなぐ・まごころ・みっつ─,第5話-まごころ・みっつ重ねて
283活动剧情\満開、アルストロメリア流幸福論─つなぐ・まごころ・みっつ─\第5話-まごころ・みっつ重ねて.csv,35,4001004060330,甘奈,诶，千雪姐……？,283活动剧情,満開、アルストロメリア流幸福論─つなぐ・まごころ・みっつ─,第5話-まごころ・みっつ重ねて
283活动剧情\満開、アルストロメリア流幸福論─つなぐ・まごころ・みっつ─\第5話-まごころ・みっつ重ねて.csv,38,4001004060360,甘奈,"嘿嘿～，因为很可爱啊！
是叫做“手捏花”对吧？",283活动剧情,満開、アルストロメリア流幸福論─つなぐ・まごころ・みっつ─,第5話-まごころ・みっつ重ねて
283活动剧情\満開、アルストロメリア流幸福論─つなぐ・まごころ・みっつ─\第5話-まごころ・みっつ重ねて.csv,39,4001004060370,甘奈,"给千雪姐喜欢的首饰，加上了大崎式定制☆
因为要配合浴衣，所以想做得华丽一些！",283活动剧情,満開、アルストロメリア流幸福論─つなぐ・まごころ・みっつ─,第5話-まごころ・みっつ重ねて
283活动剧情\満開、アルストロメリア流幸福論─つなぐ・まごころ・みっつ─\第5話-まごころ・みっつ重ねて.csv,46,4001004060440,甘奈,诶、诶诶～！,283活动剧情,満開、アルストロメリア流幸福論─つなぐ・まごころ・みっつ─,第5話-まごころ・みっつ重ねて
283活动剧情\満開、アルストロメリア流幸福論─つなぐ・まごころ・みっつ─\第5話-まごころ・みっつ重ねて.csv,48,4001004060460,甘奈,"但、但是……
那条腰带，怎么了……？",283活动剧情,満開、アルストロメリア流幸福論─つなぐ・まごころ・みっつ─,第5話-まごころ・みっつ重ねて
283活动剧情\満開、アルストロメリア流幸福論─つなぐ・まごころ・みっつ─\第5話-まごころ・みっつ重ねて.csv,51,4001004060490,甘奈,"……哇！好漂亮……！
这是，发饰……？",283活动剧情,満開、アルストロメリア流幸福論─つなぐ・まごころ・みっつ─,第5話-まごころ・みっつ重ねて
283活动剧情\満開、アルストロメリア流幸福論─つなぐ・まごころ・みっつ─\第5話-まごころ・みっつ重ねて.csv,57,4001004060550,甘奈,……千雪姐,283活动剧情,満開、アルストロメリア流幸福論─つなぐ・まごころ・みっつ─,第5話-まごころ・みっつ重ねて
283活动剧情\満開、アルストロメリア流幸福論─つなぐ・まごころ・みっつ─\第5話-まごころ・みっつ重ねて.csv,63,4001004060610,甘奈,,283活动剧情,満開、アルストロメリア流幸福論─つなぐ・まごころ・みっつ─,第5話-まごころ・みっつ重ねて
283活动剧情\満開、アルストロメリア流幸福論─つなぐ・まごころ・みっつ─\第5話-まごころ・みっつ重ねて.csv,64,4001004060620,甘奈,"那……
那么，我们一起做主角吧，千雪姐☆",283活动剧情,満開、アルストロメリア流幸福論─つなぐ・まごころ・みっつ─,第5話-まごころ・みっつ重ねて
283活动剧情\満開、アルストロメリア流幸福論─つなぐ・まごころ・みっつ─\第5話-まごころ・みっつ重ねて.csv,65,4001004060630,甘奈,"虽然千雪姐在为甘奈我们着想，
但我们也想让千雪姐做今天的主角啊！",283活动剧情,満開、アルストロメリア流幸福論─つなぐ・まごころ・みっつ─,第5話-まごころ・みっつ重ねて
283活动剧情\満開、アルストロメリア流幸福論─つなぐ・まごころ・みっつ─\第5話-まごころ・みっつ重ねて.csv,71,4001004060690,甘奈,当然了～！,283活动剧情,満開、アルストロメリア流幸福論─つなぐ・まごころ・みっつ─,第5話-まごころ・みっつ重ねて
283活动剧情\満開、アルストロメリア流幸福論─つなぐ・まごころ・みっつ─\第5話-まごころ・みっつ重ねて.csv,74,4001004060720,甘奈,诶？甘奈我们也没有哦？,283活动剧情,満開、アルストロメリア流幸福論─つなぐ・まごころ・みっつ─,第5話-まごころ・みっつ重ねて
283活动剧情\満開、アルストロメリア流幸福論─つなぐ・まごころ・みっつ─\第5話-まごころ・みっつ重ねて.csv,78,4001004060760,甘奈,"不可以道歉哦！千雪姐！
甘奈我们，只是做了最想做的事情☆",283活动剧情,満開、アルストロメリア流幸福論─つなぐ・まごころ・みっつ─,第5話-まごころ・みっつ重ねて
283活动剧情\満開、アルストロメリア流幸福論─つなぐ・まごころ・みっつ─\第5話-まごころ・みっつ重ねて.csv,82,4001004060800,甘奈,"诶，真的吗！
千雪姐要帮我们戴吗！",283活动剧情,満開、アルストロメリア流幸福論─つなぐ・まごころ・みっつ─,第5話-まごころ・みっつ重ねて
283活动剧情\満開、アルストロメリア流幸福論─つなぐ・まごころ・みっつ─\第5話-まごころ・みっつ重ねて.csv,85,4001004060830,甘奈,"甘奈也要！
……甜花，甘奈帮你戴吧！",283活动剧情,満開、アルストロメリア流幸福論─つなぐ・まごころ・みっつ─,第5話-まごころ・みっつ重ねて
283活动剧情\満開、アルストロメリア流幸福論─つなぐ・まごころ・みっつ─\第5話-まごころ・みっつ重ねて.csv,89,4001004060870,甘奈,那甘奈想让千雪姐帮忙戴～！,283活动剧情,満開、アルストロメリア流幸福論─つなぐ・まごころ・みっつ─,第5話-まごころ・みっつ重ねて
283活动剧情\満開、アルストロメリア流幸福論─つなぐ・まごころ・みっつ─\第6話-私達の幸福論.csv,2,4001004070010,甘奈,"甜花和制作人的份，
买这么多够了吗～",283活动剧情,満開、アルストロメリア流幸福論─つなぐ・まごころ・みっつ─,第6話-私達の幸福論
283活动剧情\満開、アルストロメリア流幸福論─つなぐ・まごころ・みっつ─\第6話-私達の幸福論.csv,3,4001004070020,甘奈,"给甜花买了汽水，
还有人形烧……",283活动剧情,満開、アルストロメリア流幸福論─つなぐ・まごころ・みっつ─,第6話-私達の幸福論
283活动剧情\満開、アルストロメリア流幸福論─つなぐ・まごころ・みっつ─\第6話-私達の幸福論.csv,4,4001004070030,甘奈,"给制作人买了章鱼烧和炒面！
……啊，要不再买些烤肉串吧！",283活动剧情,満開、アルストロメリア流幸福論─つなぐ・まごころ・みっつ─,第6話-私達の幸福論
283活动剧情\満開、アルストロメリア流幸福論─つなぐ・まごころ・みっつ─\第6話-私達の幸福論.csv,6,4001004070050,甘奈,说的也是，甜花她们在等着呢☆,283活动剧情,満開、アルストロメリア流幸福論─つなぐ・まごころ・みっつ─,第6話-私達の幸福論
283活动剧情\満開、アルストロメリア流幸福論─つなぐ・まごころ・みっつ─\第6話-私達の幸福論.csv,7,4001004070060,甘奈,有好多店铺，不由得被吸引住了～……,283活动剧情,満開、アルストロメリア流幸福論─つなぐ・まごころ・みっつ─,第6話-私達の幸福論
283活动剧情\満開、アルストロメリア流幸福論─つなぐ・まごころ・みっつ─\第6話-私達の幸福論.csv,9,4001004070080,甘奈,嗯嗯！甘奈小时候也经常和甜花一起去庙会──,283活动剧情,満開、アルストロメリア流幸福論─つなぐ・まごころ・みっつ─,第6話-私達の幸福論
283活动剧情\満開、アルストロメリア流幸福論─つなぐ・まごころ・みっつ─\第6話-私達の幸福論.csv,10,4001004070090,甘奈,啊，还有射击游戏,283活动剧情,満開、アルストロメリア流幸福論─つなぐ・まごころ・みっつ─,第6話-私達の幸福論
283活动剧情\満開、アルストロメリア流幸福論─つなぐ・まごころ・みっつ─\第6話-私達の幸福論.csv,12,4001004070110,甘奈,没有，正相反,283活动剧情,満開、アルストロメリア流幸福論─つなぐ・まごころ・みっつ─,第6話-私達の幸福論
283活动剧情\満開、アルストロメリア流幸福論─つなぐ・まごころ・みっつ─\第6話-私達の幸福論.csv,13,4001004070120,甘奈,"有一次，我们非常努力地去射击
结果还是没能拿到奖品",283活动剧情,満開、アルストロメリア流幸福論─つなぐ・まごころ・みっつ─,第6話-私達の幸福論
283活动剧情\満開、アルストロメリア流幸福論─つなぐ・まごころ・みっつ─\第6話-私達の幸福論.csv,15,4001004070140,甘奈,"里面有一个我们都很喜欢的玩偶，
两个人把零花钱凑到一起付了钱，可是……",283活动剧情,満開、アルストロメリア流幸福論─つなぐ・まごころ・みっつ─,第6話-私達の幸福論
283活动剧情\満開、アルストロメリア流幸福論─つなぐ・まごころ・みっつ─\第6話-私達の幸福論.csv,16,4001004070150,甘奈,"完全不行呢☆
瞄准都做不好，枪太重了",283活动剧情,満開、アルストロメリア流幸福論─つなぐ・まごころ・みっつ─,第6話-私達の幸福論
283活动剧情\満開、アルストロメリア流幸福論─つなぐ・まごころ・みっつ─\第6話-私達の幸福論.csv,17,4001004070160,甘奈,"……然后，甜花她因为没拿到甘奈想要的玩偶
哭了起来",283活动剧情,満開、アルストロメリア流幸福論─つなぐ・まごころ・みっつ─,第6話-私達の幸福論
283活动剧情\満開、アルストロメリア流幸福論─つなぐ・まごころ・みっつ─\第6話-私達の幸福論.csv,18,4001004070170,甘奈,"……那时候甘奈就想，
甜花果然是甘奈的姐姐呢",283活动剧情,満開、アルストロメリア流幸福論─つなぐ・まごころ・みっつ─,第6話-私達の幸福論
283活动剧情\満開、アルストロメリア流幸福論─つなぐ・まごころ・みっつ─\第6話-私達の幸福論.csv,19,4001004070180,甘奈,"甜花一哭，甘奈也被带着哭起来了
两个人一起嚎啕大哭。诶嘿嘿……",283活动剧情,満開、アルストロメリア流幸福論─つなぐ・まごころ・みっつ─,第6話-私達の幸福論
283活动剧情\満開、アルストロメリア流幸福論─つなぐ・まごころ・みっつ─\第6話-私達の幸福論.csv,22,4001004070210,甘奈,诶，射击游戏吗？,283活动剧情,満開、アルストロメリア流幸福論─つなぐ・まごころ・みっつ─,第6話-私達の幸福論
283活动剧情\満開、アルストロメリア流幸福論─つなぐ・まごころ・みっつ─\第6話-私達の幸福論.csv,26,4001004070250,甘奈,,283活动剧情,満開、アルストロメリア流幸福論─つなぐ・まごころ・みっつ─,第6話-私達の幸福論
283活动剧情\満開、アルストロメリア流幸福論─つなぐ・まごころ・みっつ─\第6話-私達の幸福論.csv,27,4001004070260,甘奈,嗯！,283活动剧情,満開、アルストロメリア流幸福論─つなぐ・まごころ・みっつ─,第6話-私達の幸福論
283活动剧情\満開、アルストロメリア流幸福論─つなぐ・まごころ・みっつ─\第6話-私達の幸福論.csv,28,4001004070270,甘奈,啊～！不行啊……就剩最后一发了～……！,283活动剧情,満開、アルストロメリア流幸福論─つなぐ・まごころ・みっつ─,第6話-私達の幸福論
283活动剧情\満開、アルストロメリア流幸福論─つなぐ・まごころ・みっつ─\第6話-私達の幸福論.csv,30,4001004070290,甘奈,诶？,283活动剧情,満開、アルストロメリア流幸福論─つなぐ・まごころ・みっつ─,第6話-私達の幸福論
283活动剧情\満開、アルストロメリア流幸福論─つなぐ・まごころ・みっつ─\第6話-私達の幸福論.csv,33,4001004070320,甘奈,──！ ……知道了。甘奈试试看！,283活动剧情,満開、アルストロメリア流幸福論─つなぐ・まごころ・みっつ─,第6話-私達の幸福論
283活动剧情\満開、アルストロメリア流幸福論─つなぐ・まごころ・みっつ─\第6話-私達の幸福論.csv,34,4001004070330,甘奈,──好好瞄准──……！,283活动剧情,満開、アルストロメリア流幸福論─つなぐ・まごころ・みっつ─,第6話-私達の幸福論
283活动剧情\満開、アルストロメリア流幸福論─つなぐ・まごころ・みっつ─\第6話-私達の幸福論.csv,35,4001004070340,甘奈,啊──,283活动剧情,満開、アルストロメリア流幸福論─つなぐ・まごころ・みっつ─,第6話-私達の幸福論
283活动剧情\満開、アルストロメリア流幸福論─つなぐ・まごころ・みっつ─\第6話-私達の幸福論.csv,37,4001004070360,甘奈,"嗯、嗯……！
真的……拿到了……！",283活动剧情,満開、アルストロメリア流幸福論─つなぐ・まごころ・みっつ─,第6話-私達の幸福論
283活动剧情\満開、アルストロメリア流幸福論─つなぐ・まごころ・みっつ─\第6話-私達の幸福論.csv,38,4001004070370,甘奈,……诶嘿嘿，真可爱呀……☆,283活动剧情,満開、アルストロメリア流幸福論─つなぐ・まごころ・みっつ─,第6話-私達の幸福論
283活动剧情\満開、アルストロメリア流幸福論─つなぐ・まごころ・みっつ─\第6話-私達の幸福論.csv,39,4001004070380,甘奈,……甘奈，这次拿到奖品了呢……,283活动剧情,満開、アルストロメリア流幸福論─つなぐ・まごころ・みっつ─,第6話-私達の幸福論
283活动剧情\満開、アルストロメリア流幸福論─つなぐ・まごころ・みっつ─\第6話-私達の幸福論.csv,40,4001004070390,甘奈,"多亏了千雪姐叫甘奈尝试一下，
还有甜花的建议……",283活动剧情,満開、アルストロメリア流幸福論─つなぐ・まごころ・みっつ─,第6話-私達の幸福論
283活动剧情\満開、アルストロメリア流幸福論─つなぐ・まごころ・みっつ─\第6話-私達の幸福論.csv,41,4001004070400,甘奈,……诶嘿嘿……！,283活动剧情,満開、アルストロメリア流幸福論─つなぐ・まごころ・みっつ─,第6話-私達の幸福論
283活动剧情\満開、アルストロメリア流幸福論─つなぐ・まごころ・みっつ─\第6話-私達の幸福論.csv,42,4001004070410,甘奈,得让甜花早点看见呢！,283活动剧情,満開、アルストロメリア流幸福論─つなぐ・まごころ・みっつ─,第6話-私達の幸福論
283活动剧情\満開、アルストロメリア流幸福論─つなぐ・まごころ・みっつ─\第6話-私達の幸福論.csv,48,4001004070450,甘奈,嗯──,283活动剧情,満開、アルストロメリア流幸福論─つなぐ・まごころ・みっつ─,第6話-私達の幸福論
283活动剧情\満開、アルストロメリア流幸福論─つなぐ・まごころ・みっつ─\第6話-私達の幸福論.csv,49,4001004070460,甘奈,"甜花，你看这个
……玩偶，玩射击游戏拿到的",283活动剧情,満開、アルストロメリア流幸福論─つなぐ・まごころ・みっつ─,第6話-私達の幸福論
283活动剧情\満開、アルストロメリア流幸福論─つなぐ・まごころ・みっつ─\第6話-私達の幸福論.csv,53,4001004070500,甘奈,不是哦，甜花,283活动剧情,満開、アルストロメリア流幸福論─つなぐ・まごころ・みっつ─,第6話-私達の幸福論
283活动剧情\満開、アルストロメリア流幸福論─つなぐ・まごころ・みっつ─\第6話-私達の幸福論.csv,54,4001004070510,甘奈,甘奈参考了之前甜花教给千雪姐的诀窍,283活动剧情,満開、アルストロメリア流幸福論─つなぐ・まごころ・みっつ─,第6話-私達の幸福論
283活动剧情\満開、アルストロメリア流幸福論─つなぐ・まごころ・みっつ─\第6話-私達の幸福論.csv,55,4001004070520,甘奈,千雪姐教给了甘奈,283活动剧情,満開、アルストロメリア流幸福論─つなぐ・まごころ・みっつ─,第6話-私達の幸福論
283活动剧情\満開、アルストロメリア流幸福論─つなぐ・まごころ・みっつ─\第6話-私達の幸福論.csv,56,4001004070530,甘奈,──所以，这个玩偶是我们一起赢来的哦,283活动剧情,満開、アルストロメリア流幸福論─つなぐ・まごころ・みっつ─,第6話-私達の幸福論
283活动剧情\満開、アルストロメリア流幸福論─つなぐ・まごころ・みっつ─\第6話-私達の幸福論.csv,57,4001004070540,甘奈,缺一不可，是我们三人赢来的……☆,283活动剧情,満開、アルストロメリア流幸福論─つなぐ・まごころ・みっつ─,第6話-私達の幸福論
283活动剧情\満開、アルストロメリア流幸福論─つなぐ・まごころ・みっつ─\第6話-私達の幸福論.csv,61,4001004070580,甘奈,接下来去哪里好呢？,283活动剧情,満開、アルストロメリア流幸福論─つなぐ・まごころ・みっつ─,第6話-私達の幸福論
283活动剧情\満開、アルストロメリア流幸福論─つなぐ・まごころ・みっつ─\第6話-私達の幸福論.csv,63,4001004070600,甘奈,"好厉害！甜花，
和平时不一样，很有精神呢！",283活动剧情,満開、アルストロメリア流幸福論─つなぐ・まごころ・みっつ─,第6話-私達の幸福論
283活动剧情\満開、アルストロメリア流幸福論─つなぐ・まごころ・みっつ─\第6話-私達の幸福論.csv,65,4001004070620,甘奈,诶嘿嘿，甘奈也有同感☆,283活动剧情,満開、アルストロメリア流幸福論─つなぐ・まごころ・みっつ─,第6話-私達の幸福論
283活动剧情\満開、アルストロメリア流幸福論─つなぐ・まごころ・みっつ─\第6話-私達の幸福論.csv,67,4001004070640,甘奈,好啊☆ 去吧去吧,283活动剧情,満開、アルストロメリア流幸福論─つなぐ・まごころ・みっつ─,第6話-私達の幸福論
283活动剧情\満開、アルストロメリア流幸福論─つなぐ・まごころ・みっつ─\第6話-私達の幸福論.csv,69,4001004070660,甘奈,真的呢！,283活动剧情,満開、アルストロメリア流幸福論─つなぐ・まごころ・みっつ─,第6話-私達の幸福論
283活动剧情\満開、アルストロメリア流幸福論─つなぐ・まごころ・みっつ─\第6話-私達の幸福論.csv,70,4001004070670,甘奈,"……大哥哥，你好！
麻烦要一个苹果糖──这样就可以吧千雪姐？",283活动剧情,満開、アルストロメリア流幸福論─つなぐ・まごころ・みっつ─,第6話-私達の幸福論
283活动剧情\満開、アルストロメリア流幸福論─つなぐ・まごころ・みっつ─\第6話-私達の幸福論.csv,74,4001004070710,甘奈,"是啊──☆
而且，非常光润～",283活动剧情,満開、アルストロメリア流幸福論─つなぐ・まごころ・みっつ─,第6話-私達の幸福論
283活动剧情\満開、アルストロメリア流幸福論─つなぐ・まごころ・みっつ─\第6話-私達の幸福論.csv,77,4001004070740,甘奈,"诶，但是……
千雪姐不是很想吃吗？",283活动剧情,満開、アルストロメリア流幸福論─つなぐ・まごころ・みっつ─,第6話-私達の幸福論
283活动剧情\満開、アルストロメリア流幸福論─つなぐ・まごころ・みっつ─\第6話-私達の幸福論.csv,80,4001004070761,甘奈＆甜花,,283活动剧情,満開、アルストロメリア流幸福論─つなぐ・まごころ・みっつ─,第6話-私達の幸福論
283活动剧情\満開、アルストロメリア流幸福論─つなぐ・まごころ・みっつ─\第6話-私達の幸福論.csv,81,4001004070762,甘奈＆甜花,嗯！,283活动剧情,満開、アルストロメリア流幸福論─つなぐ・まごころ・みっつ─,第6話-私達の幸福論
283活动剧情\満開、アルストロメリア流幸福論─つなぐ・まごころ・みっつ─\第6話-私達の幸福論.csv,83,4001004070780,甘奈,"甜花等一下等一下！
“我开动了”还没有说呢！",283活动剧情,満開、アルストロメリア流幸福論─つなぐ・まごころ・みっつ─,第6話-私達の幸福論
283活动剧情\満開、アルストロメリア流幸福論─つなぐ・まごころ・みっつ─\第6話-私達の幸福論.csv,86,4001004070810,甘奈,"不行不行，难得三个人一起吃
要三个人一起说“我开动了”才行！",283活动剧情,満開、アルストロメリア流幸福論─つなぐ・まごころ・みっつ─,第6話-私達の幸福論
283活动剧情\満開、アルストロメリア流幸福論─つなぐ・まごころ・みっつ─\第6話-私達の幸福論.csv,89,4001004070840,甘奈,"所以大家一起来！
预备──",283活动剧情,満開、アルストロメリア流幸福論─つなぐ・まごころ・みっつ─,第6話-私達の幸福論
283活动剧情\薄桃色にこんがらがって\エンディング エンドロールは流れない.csv,2,4001022080010,甘奈,,283活动剧情,薄桃色にこんがらがって,エンディング エンドロールは流れない
283活动剧情\薄桃色にこんがらがって\エンディング エンドロールは流れない.csv,3,4001022080020,甘奈,"——兴趣是，挑选衣服和思考衣服设计
关于贵刊，这次是我第一次学习——",283活动剧情,薄桃色にこんがらがって,エンディング エンドロールは流れない
283活动剧情\薄桃色にこんがらがって\エンディング エンドロールは流れない.csv,5,4001022080040,甘奈,"我很惊讶杂志与我平常看到的世界完全不一样
例如北欧的设计，童话氛围十分吸引人",283活动剧情,薄桃色にこんがらがって,エンディング エンドロールは流れない
283活动剧情\薄桃色にこんがらがって\エンディング エンドロールは流れない.csv,7,4001022080060,甘奈,"所以现在，我至今为止最喜欢的时尚
以及《银杏》的世界——",283活动剧情,薄桃色にこんがらがって,エンディング エンドロールは流れない
283活动剧情\薄桃色にこんがらがって\エンディング エンドロールは流れない.csv,9,4001022080080,甘奈,"————我正在思考，
如何将这两个世界，维系在一起",283活动剧情,薄桃色にこんがらがって,エンディング エンドロールは流れない
283活动剧情\薄桃色にこんがらがって\エンディング エンドロールは流れない.csv,10,4001022080090,甘奈,————嗯,283活动剧情,薄桃色にこんがらがって,エンディング エンドロールは流れない
283活动剧情\薄桃色にこんがらがって\エンディング エンドロールは流れない.csv,11,4001022080100,甘奈,甘奈也会…………！,283活动剧情,薄桃色にこんがらがって,エンディング エンドロールは流れない
283活动剧情\薄桃色にこんがらがって\エンディング エンドロールは流れない.csv,15,4001022080130,甘奈,,283活动剧情,薄桃色にこんがらがって,エンディング エンドロールは流れない
283活动剧情\薄桃色にこんがらがって\エンディング エンドロールは流れない.csv,17,4001022080150,甘奈,"谢谢……
甘奈知道了",283活动剧情,薄桃色にこんがらがって,エンディング エンドロールは流れない
283活动剧情\薄桃色にこんがらがって\エンディング エンドロールは流れない.csv,21,4001022080190,甘奈,"我知道的
3个人……在一起这点",283活动剧情,薄桃色にこんがらがって,エンディング エンドロールは流れない
283活动剧情\薄桃色にこんがらがって\エンディング エンドロールは流れない.csv,23,4001022080210,甘奈,,283活动剧情,薄桃色にこんがらがって,エンディング エンドロールは流れない
283活动剧情\薄桃色にこんがらがって\エンディング エンドロールは流れない.csv,25,4001022080230,甘奈,甘奈，没问题的,283活动剧情,薄桃色にこんがらがって,エンディング エンドロールは流れない
283活动剧情\薄桃色にこんがらがって\エンディング エンドロールは流れない.csv,26,4001022080240,甘奈,"这个就是，
“最重要的事物”……！",283活动剧情,薄桃色にこんがらがって,エンディング エンドロールは流れない
283活动剧情\薄桃色にこんがらがって\エンディング エンドロールは流れない.csv,31,4001022080270,甘奈,诶,283活动剧情,薄桃色にこんがらがって,エンディング エンドロールは流れない
283活动剧情\薄桃色にこんがらがって\エンディング エンドロールは流れない.csv,53,4001022080470,甘奈,能够让甘奈们觉得是大家一起获得的……,283活动剧情,薄桃色にこんがらがって,エンディング エンドロールは流れない
283活动剧情\薄桃色にこんがらがって\エンディング エンドロールは流れない.csv,54,4001022080480,甘奈,"就算结果是一样的，
但只有一个人的话……是绝对不会变成这样的",283活动剧情,薄桃色にこんがらがって,エンディング エンドロールは流れない
283活动剧情\薄桃色にこんがらがって\エンディング エンドロールは流れない.csv,55,4001022080490,甘奈,所以，我必须努力才行,283活动剧情,薄桃色にこんがらがって,エンディング エンドロールは流れない
283活动剧情\薄桃色にこんがらがって\エンディング エンドロールは流れない.csv,56,4001022080500,甘奈,因为我不是一个人,283活动剧情,薄桃色にこんがらがって,エンディング エンドロールは流れない
283活动剧情\薄桃色にこんがらがって\エンディング エンドロールは流れない.csv,60,4001022080510,甘奈,嗯…………！,283活动剧情,薄桃色にこんがらがって,エンディング エンドロールは流れない
283活动剧情\薄桃色にこんがらがって\オープニング 予感.csv,3,4001022010020,甘奈,好☆,283活动剧情,薄桃色にこんがらがって,オープニング 予感
283活动剧情\薄桃色にこんがらがって\オープニング 予感.csv,4,4001022010030,甘奈,"我是从283事务所来的
大崎甘奈，17岁☆",283活动剧情,薄桃色にこんがらがって,オープニング 予感
283活动剧情\薄桃色にこんがらがって\オープニング 予感.csv,5,4001022010040,甘奈,"最喜欢研究流行
平常也会关注流行杂志和社交软件上的情报",283活动剧情,薄桃色にこんがらがって,オープニング 予感
283活动剧情\薄桃色にこんがらがって\オープニング 予感.csv,6,4001022010050,甘奈,"甘奈，想要挑战更多工作
所以如果能被贵刊选为封面女孩的话——",283活动剧情,薄桃色にこんがらがって,オープニング 予感
283活动剧情\薄桃色にこんがらがって\オープニング 予感.csv,7,4001022010060,甘奈,"我会挑战更多
能够将贵刊传达给更多人的工作的！",283活动剧情,薄桃色にこんがらがって,オープニング 予感
283活动剧情\薄桃色にこんがらがって\オープニング 予感.csv,9,4001022010080,甘奈,诶，这就合格了吗——！,283活动剧情,薄桃色にこんがらがって,オープニング 予感
283活动剧情\薄桃色にこんがらがって\オープニング 予感.csv,11,4001022010100,甘奈,"诶～，你骗人～
能再严格一点吗—！",283活动剧情,薄桃色にこんがらがって,オープニング 予感
283活动剧情\薄桃色にこんがらがって\オープニング 予感.csv,12,4001022010110,甘奈,"因为，当天还有走秀，
穿着和发型都得考虑好——",283活动剧情,薄桃色にこんがらがって,オープニング 予感
283活动剧情\薄桃色にこんがらがって\オープニング 予感.csv,13,4001022010120,甘奈,"而且如果是压迫面试的话，
一定会被说得很过分的……！",283活动剧情,薄桃色にこんがらがって,オープニング 予感
283活动剧情\薄桃色にこんがらがって\オープニング 予感.csv,21,4001022010200,甘奈,——我，我的精神……被削弱了……,283活动剧情,薄桃色にこんがらがって,オープニング 予感
283活动剧情\薄桃色にこんがらがって\オープニング 予感.csv,22,4001022010210,甘奈,"——不好意思……！
能否，再给我一次机会呢……！",283活动剧情,薄桃色にこんがらがって,オープニング 予感
283活动剧情\薄桃色にこんがらがって\オープニング 予感.csv,23,4001022010220,甘奈,"这次……
会以200%的干劲回答的……！",283活动剧情,薄桃色にこんがらがって,オープニング 予感
283活动剧情\薄桃色にこんがらがって\オープニング 予感.csv,25,4001022010240,甘奈,"……！？
是，假装说反话……！？",283活动剧情,薄桃色にこんがらがって,オープニング 予感
283活动剧情\薄桃色にこんがらがって\オープニング 予感.csv,27,4001022010260,甘奈,"甜花真是的～
太宠甘奈了～！",283活动剧情,薄桃色にこんがらがって,オープニング 予感
283活动剧情\薄桃色にこんがらがって\オープニング 予感.csv,32,4001022010310,甘奈,"对对！ 因为说是新杂志，
所以我也不知道是什么感觉……",283活动剧情,薄桃色にこんがらがって,オープニング 予感
283活动剧情\薄桃色にこんがらがって\オープニング 予感.csv,33,4001022010320,甘奈,"杂志名好像是
叫《银杏》……什么的——",283活动剧情,薄桃色にこんがらがって,オープニング 予感
283活动剧情\薄桃色にこんがらがって\オープニング 予感.csv,35,4001022010340,甘奈,"咦，好像不是新刊，
是“复刊”……？",283活动剧情,薄桃色にこんがらがって,オープニング 予感
283活动剧情\薄桃色にこんがらがって\オープニング 予感.csv,38,4001022010370,甘奈,千雪，你知道的吗……！？,283活动剧情,薄桃色にこんがらがって,オープニング 予感
283活动剧情\薄桃色にこんがらがって\オープニング 予感.csv,43,4001022010420,甘奈,嗯！,283活动剧情,薄桃色にこんがらがって,オープニング 予感
283活动剧情\薄桃色にこんがらがって\オープニング 予感.csv,44,4001022010430,甘奈,"欸嘿嘿
谢谢千雪还有甜花",283活动剧情,薄桃色にこんがらがって,オープニング 予感
283活动剧情\薄桃色にこんがらがって\オープニング 予感.csv,45,4001022010440,甘奈,"明明是甘奈自己的事情
却能这么帮忙……",283活动剧情,薄桃色にこんがらがって,オープニング 予感
283活动剧情\薄桃色にこんがらがって\オープニング 予感.csv,48,4001022010470,甘奈,"是吗……
嗯……！",283活动剧情,薄桃色にこんがらがって,オープニング 予感
283活动剧情\薄桃色にこんがらがって\オープニング 予感.csv,49,4001022010480,甘奈,"甘奈，会想象是和大家出场一样
去努力的……！",283活动剧情,薄桃色にこんがらがって,オープニング 予感
283活动剧情\薄桃色にこんがらがって\オープニング 予感.csv,50,4001022010490,甘奈,那就，明天见—！☆,283活动剧情,薄桃色にこんがらがって,オープニング 予感
283活动剧情\薄桃色にこんがらがって\第1話 アプリコット.csv,18,4001022020030,甘奈,"嗯！ 好像，以前就很有名的样子
很多网站都有介绍",283活动剧情,薄桃色にこんがらがって,第1話 アプリコット
283活动剧情\薄桃色にこんがらがって\第1話 アプリコット.csv,20,4001022020050,甘奈,"嗯！
像是拍摄国外的儿童房间，或者花园……",283活动剧情,薄桃色にこんがらがって,第1話 アプリコット
283活动剧情\薄桃色にこんがらがって\第1話 アプリコット.csv,22,4001022020070,甘奈,"对！
不管是衣服还是小饰品，全部都很可爱！",283活动剧情,薄桃色にこんがらがって,第1話 アプリコット
283活动剧情\薄桃色にこんがらがって\第1話 アプリコット.csv,24,4001022020090,甘奈,嗯！ 总觉得——,283活动剧情,薄桃色にこんがらがって,第1話 アプリコット
283活动剧情\薄桃色にこんがらがって\第1話 アプリコット.csv,25,4001022020091,甘奈＆甜花,让人想起千雪了……！,283活动剧情,薄桃色にこんがらがって,第1話 アプリコット
283活动剧情\薄桃色にこんがらがって\第2話 反対ごっこ.csv,3,4001022030020,甘奈,"唔……！
放在头上走路……1本就是极限了啦～",283活动剧情,薄桃色にこんがらがって,第2話 反対ごっこ
283活动剧情\薄桃色にこんがらがって\第2話 反対ごっこ.csv,6,4001022030050,甘奈,呜，呜哇，嗯……！,283活动剧情,薄桃色にこんがらがって,第2話 反対ごっこ
283活动剧情\薄桃色にこんがらがって\第2話 反対ごっこ.csv,8,4001022030070,甘奈,呜，嗯……,283活动剧情,薄桃色にこんがらがって,第2話 反対ごっこ
283活动剧情\薄桃色にこんがらがって\第2話 反対ごっこ.csv,10,4001022030090,甘奈,"不放松的话……
就会缩起来，变成猩猩了吧……！",283活动剧情,薄桃色にこんがらがって,第2話 反対ごっこ
283活动剧情\薄桃色にこんがらがって\第2話 反対ごっこ.csv,13,4001022030120,甘奈,"诶诶！？
——呜哇……",283活动剧情,薄桃色にこんがらがって,第2話 反対ごっこ
283活动剧情\薄桃色にこんがらがって\第2話 反対ごっこ.csv,15,4001022030140,甘奈,"——啊哈哈……
真是的，都说不能夸人了！ 假装说反话！",283活动剧情,薄桃色にこんがらがって,第2話 反対ごっこ
283活动剧情\薄桃色にこんがらがって\第2話 反対ごっこ.csv,16,4001022030141,甘奈＆甜花,欸嘿嘿……,283活动剧情,薄桃色にこんがらがって,第2話 反対ごっこ
283活动剧情\薄桃色にこんがらがって\第2話 反対ごっこ.csv,18,4001022030160,甘奈,"啊，千雪！
嗯",283活动剧情,薄桃色にこんがらがって,第2話 反対ごっこ
283活动剧情\薄桃色にこんがらがって\第2話 反対ごっこ.csv,19,4001022030170,甘奈,你要回去了吗—？,283活动剧情,薄桃色にこんがらがって,第2話 反対ごっこ
283活动剧情\薄桃色にこんがらがって\第2話 反対ごっこ.csv,22,4001022030200,甘奈,"啊，不用了！ 美容室比较优先！
走台步的话，有在和专门的老师学习所以没问题☆",283活动剧情,薄桃色にこんがらがって,第2話 反対ごっこ
283活动剧情\薄桃色にこんがらがって\第2話 反対ごっこ.csv,24,4001022030220,甘奈,"我记得—
好像叫……《银杏》——",283活动剧情,薄桃色にこんがらがって,第2話 反対ごっこ
283活动剧情\薄桃色にこんがらがって\第2話 反対ごっこ.csv,26,4001022030240,甘奈,"——不过啊，虽然要在试镜前
尽可能排满课程",283活动剧情,薄桃色にこんがらがって,第2話 反対ごっこ
283活动剧情\薄桃色にこんがらがって\第2話 反対ごっこ.csv,27,4001022030250,甘奈,"可是老师却很难约到……
后天本来可以约的，但是没有地方",283活动剧情,薄桃色にこんがらがって,第2話 反対ごっこ
283活动剧情\薄桃色にこんがらがって\第2話 反対ごっこ.csv,30,4001022030280,甘奈,"啊，没事！
我不是这意思……！",283活动剧情,薄桃色にこんがらがって,第2話 反対ごっこ
283活动剧情\薄桃色にこんがらがって\第2話 反対ごっこ.csv,31,4001022030290,甘奈,"毕竟是你先约的！
所以后天就是千雪努力的时间了☆",283活动剧情,薄桃色にこんがらがって,第2話 反対ごっこ
283活动剧情\薄桃色にこんがらがって\第2話 反対ごっこ.csv,34,4001022030310,甘奈,"“因为说是新的杂志，
也不知道是什么风格的……”",283活动剧情,薄桃色にこんがらがって,第2話 反対ごっこ
283活动剧情\薄桃色にこんがらがって\第2話 反対ごっこ.csv,37,4001022030340,甘奈,"没事！ 甘奈才是说了奇怪的话……
没关系，甘奈也会去和制作人商量的！",283活动剧情,薄桃色にこんがらがって,第2話 反対ごっこ
283活动剧情\薄桃色にこんがらがって\第2話 反対ごっこ.csv,42,4001022030390,甘奈,"……哇！
这是，《银杏》……！？",283活动剧情,薄桃色にこんがらがって,第2話 反対ごっこ
283活动剧情\薄桃色にこんがらがって\第2話 反対ごっこ.csv,43,4001022030400,甘奈,千雪……你原来有吗……！,283活动剧情,薄桃色にこんがらがって,第2話 反対ごっこ
283活动剧情\薄桃色にこんがらがって\第2話 反対ごっこ.csv,46,4001022030430,甘奈,好可爱—……！,283活动剧情,薄桃色にこんがらがって,第2話 反対ごっこ
283活动剧情\薄桃色にこんがらがって\第2話 反対ごっこ.csv,50,4001022030470,甘奈,——谢谢你，千雪,283活动剧情,薄桃色にこんがらがって,第2話 反対ごっこ
283活动剧情\薄桃色にこんがらがって\第2話 反対ごっこ.csv,51,4001022030480,甘奈,甘奈，学—习了好多之后……！,283活动剧情,薄桃色にこんがらがって,第2話 反対ごっこ
283活动剧情\薄桃色にこんがらがって\第2話 反対ごっこ.csv,53,4001022030500,甘奈,"嗯，努力过头了……！
甘奈也饿扁了！",283活动剧情,薄桃色にこんがらがって,第2話 反対ごっこ
283活动剧情\薄桃色にこんがらがって\第2話 反対ごっこ.csv,54,4001022030510,甘奈,晚饭，是什么呢？,283活动剧情,薄桃色にこんがらがって,第2話 反対ごっこ
283活动剧情\薄桃色にこんがらがって\第2話 反対ごっこ.csv,56,4001022030530,甘奈,"啊—，甘奈也想到一块了！
胡萝卜，希望能切成星星的样子☆",283活动剧情,薄桃色にこんがらがって,第2話 反対ごっこ
283活动剧情\薄桃色にこんがらがって\第2話 反対ごっこ.csv,58,4001022030550,甘奈,"嗯！ “为了无聊星星的炖菜”！
还有，番茄酱炒饭和……",283活动剧情,薄桃色にこんがらがって,第2話 反対ごっこ
283活动剧情\薄桃色にこんがらがって\第2話 反対ごっこ.csv,60,4001022030570,甘奈,"欸嘿嘿
试着拜托妈妈吧！",283活动剧情,薄桃色にこんがらがって,第2話 反対ごっこ
283活动剧情\薄桃色にこんがらがって\第2話 反対ごっこ.csv,63,4001022030600,甘奈,"……
……千雪——",283活动剧情,薄桃色にこんがらがって,第2話 反対ごっこ
283活动剧情\薄桃色にこんがらがって\第2話 反対ごっこ.csv,64,4001022030610,甘奈,"……我在想，千雪——
是不是，看过《Apricot》",283活动剧情,薄桃色にこんがらがって,第2話 反対ごっこ
283活动剧情\薄桃色にこんがらがって\第2話 反対ごっこ.csv,68,4001022030650,甘奈,"……
或许……是呢……",283活动剧情,薄桃色にこんがらがって,第2話 反対ごっこ
283活动剧情\薄桃色にこんがらがって\第2話 反対ごっこ.csv,70,4001022030670,甘奈,"……嗯
不过，如果是那样的话…………",283活动剧情,薄桃色にこんがらがって,第2話 反対ごっこ
283活动剧情\薄桃色にこんがらがって\第2話 反対ごっこ.csv,71,4001022030680,甘奈,,283活动剧情,薄桃色にこんがらがって,第2話 反対ごっこ
283活动剧情\薄桃色にこんがらがって\第2話 反対ごっこ.csv,78,4001022030750,甘奈,"毕竟是你先约的！
所以后天就是千雪努力的时间了☆",283活动剧情,薄桃色にこんがらがって,第2話 反対ごっこ
283活动剧情\薄桃色にこんがらがって\第3話 そして彼女はインターホンを鳴らす.csv,2,4001022040001,甘奈＆甜花＆千雪,——啊——啊——啊——啊——啊——……,283活动剧情,薄桃色にこんがらがって,第3話 そして彼女はインターホンを鳴らす
283活动剧情\薄桃色にこんがらがって\第3話 そして彼女はインターホンを鳴らす.csv,3,4001022040002,甘奈＆甜花＆千雪,——啊——啊——啊——啊——啊——……,283活动剧情,薄桃色にこんがらがって,第3話 そして彼女はインターホンを鳴らす
283活动剧情\薄桃色にこんがらがって\第3話 そして彼女はインターホンを鳴らす.csv,5,4001022040020,甘奈,……没，没事……！,283活动剧情,薄桃色にこんがらがって,第3話 そして彼女はインターホンを鳴らす
283活动剧情\薄桃色にこんがらがって\第3話 そして彼女はインターホンを鳴らす.csv,7,4001022040040,甘奈,"不，不是啦……！
只是……肚子好像要叫了……",283活动剧情,薄桃色にこんがらがって,第3話 そして彼女はインターホンを鳴らす
283活动剧情\薄桃色にこんがらがって\第3話 そして彼女はインターホンを鳴らす.csv,11,4001022040070,甘奈,啊——！！,283活动剧情,薄桃色にこんがらがって,第3話 そして彼女はインターホンを鳴らす
283活动剧情\薄桃色にこんがらがって\第3話 そして彼女はインターホンを鳴らす.csv,15,4001022040110,甘奈,"欸嘿嘿～
完～全盖过去了☆",283活动剧情,薄桃色にこんがらがって,第3話 そして彼女はインターホンを鳴らす
283活动剧情\薄桃色にこんがらがって\第3話 そして彼女はインターホンを鳴らす.csv,17,4001022040120,甘奈,3个人在一起的话，就是最强的声音呢！,283活动剧情,薄桃色にこんがらがって,第3話 そして彼女はインターホンを鳴らす
283活动剧情\薄桃色にこんがらがって\第3話 そして彼女はインターホンを鳴らす.csv,20,4001022040150,甘奈,"啊—，过分！
又要宠我了～！",283活动剧情,薄桃色にこんがらがって,第3話 そして彼女はインターホンを鳴らす
283活动剧情\薄桃色にこんがらがって\第3話 そして彼女はインターホンを鳴らす.csv,23,4001022040180,甘奈,————,283活动剧情,薄桃色にこんがらがって,第3話 そして彼女はインターホンを鳴らす
283活动剧情\薄桃色にこんがらがって\第3話 そして彼女はインターホンを鳴らす.csv,27,4001022040220,甘奈,"……呜～！
你们这么说我也很害羞啊～！",283活动剧情,薄桃色にこんがらがって,第3話 そして彼女はインターホンを鳴らす
283活动剧情\薄桃色にこんがらがって\第3話 そして彼女はインターホンを鳴らす.csv,30,4001022040250,甘奈,"哇，千雪……！
可以吗——！？",283活动剧情,薄桃色にこんがらがって,第3話 そして彼女はインターホンを鳴らす
283活动剧情\薄桃色にこんがらがって\第3話 そして彼女はインターホンを鳴らす.csv,34,4001022040281,甘奈＆甜花,,283活动剧情,薄桃色にこんがらがって,第3話 そして彼女はインターホンを鳴らす
283活动剧情\薄桃色にこんがらがって\第3話 そして彼女はインターホンを鳴らす.csv,36,4001022040300,甘奈,"那是……嗯
谢谢你……我会加油的！",283活动剧情,薄桃色にこんがらがって,第3話 そして彼女はインターホンを鳴らす
283活动剧情\薄桃色にこんがらがって\第3話 そして彼女はインターホンを鳴らす.csv,38,4001022040320,甘奈,"……对了，比起这个，
看到牛奶糖就想起来了",283活动剧情,薄桃色にこんがらがって,第3話 そして彼女はインターホンを鳴らす
283活动剧情\薄桃色にこんがらがって\第3話 そして彼女はインターホンを鳴らす.csv,39,4001022040330,甘奈,"我们常去的店！
出了超级可爱的风味拿铁！",283活动剧情,薄桃色にこんがらがって,第3話 そして彼女はインターホンを鳴らす
283活动剧情\薄桃色にこんがらがって\第3話 そして彼女はインターホンを鳴らす.csv,41,4001022040350,甘奈,"嗯，都排起队了！
对了，我明天去买吧☆",283活动剧情,薄桃色にこんがらがって,第3話 そして彼女はインターホンを鳴らす
283活动剧情\薄桃色にこんがらがって\第3話 そして彼女はインターホンを鳴らす.csv,45,4001022040390,甘奈,"……
说，说的也是…………！",283活动剧情,薄桃色にこんがらがって,第3話 そして彼女はインターホンを鳴らす
283活动剧情\薄桃色にこんがらがって\第3話 そして彼女はインターホンを鳴らす.csv,47,4001022040410,甘奈,"才没有! 你说得很对……！
甘奈才要对不起……",283活动剧情,薄桃色にこんがらがって,第3話 そして彼女はインターホンを鳴らす
283活动剧情\薄桃色にこんがらがって\第3話 そして彼女はインターホンを鳴らす.csv,51,4001022040450,甘奈,千雪，怎么可以去做这种——,283活动剧情,薄桃色にこんがらがって,第3話 そして彼女はインターホンを鳴らす
283活动剧情\薄桃色にこんがらがって\第3話 そして彼女はインターホンを鳴らす.csv,53,4001022040470,甘奈,"……
甜花……",283活动剧情,薄桃色にこんがらがって,第3話 そして彼女はインターホンを鳴らす
283活动剧情\薄桃色にこんがらがって\第3話 そして彼女はインターホンを鳴らす.csv,56,4001022040500,甘奈,……哇——！ 谢谢你☆,283活动剧情,薄桃色にこんがらがって,第3話 そして彼女はインターホンを鳴らす
283活动剧情\薄桃色にこんがらがって\第3話 そして彼女はインターホンを鳴らす.csv,57,4001022040510,甘奈,"未来的甘奈，
获得了，风味拿铁—……☆",283活动剧情,薄桃色にこんがらがって,第3話 そして彼女はインターホンを鳴らす
283活动剧情\薄桃色にこんがらがって\第3話 そして彼女はインターホンを鳴らす.csv,58,4001022040511,甘奈＆千雪,,283活动剧情,薄桃色にこんがらがって,第3話 そして彼女はインターホンを鳴らす
283活动剧情\薄桃色にこんがらがって\第3話 そして彼女はインターホンを鳴らす.csv,59,4001022040520,甘奈,都是甘奈的错……,283活动剧情,薄桃色にこんがらがって,第3話 そして彼女はインターホンを鳴らす
283活动剧情\薄桃色にこんがらがって\第3話 そして彼女はインターホンを鳴らす.csv,61,4001022040540,甘奈,,283活动剧情,薄桃色にこんがらがって,第3話 そして彼女はインターホンを鳴らす
283活动剧情\薄桃色にこんがらがって\第3話 そして彼女はインターホンを鳴らす.csv,62,4001022040550,甘奈,"关于试镜……
果然……",283活动剧情,薄桃色にこんがらがって,第3話 そして彼女はインターホンを鳴らす
283活动剧情\薄桃色にこんがらがって\第3話 そして彼女はインターホンを鳴らす.csv,63,4001022040560,甘奈,…………不对,283活动剧情,薄桃色にこんがらがって,第3話 そして彼女はインターホンを鳴らす
283活动剧情\薄桃色にこんがらがって\第3話 そして彼女はインターホンを鳴らす.csv,64,4001022040570,甘奈,"因为太在意，
反而觉得很奇怪……",283活动剧情,薄桃色にこんがらがって,第3話 そして彼女はインターホンを鳴らす
283活动剧情\薄桃色にこんがらがって\第3話 そして彼女はインターホンを鳴らす.csv,65,4001022040580,甘奈,"千雪……
明明，只是来为甘奈加油而已……",283活动剧情,薄桃色にこんがらがって,第3話 そして彼女はインターホンを鳴らす
283活动剧情\薄桃色にこんがらがって\第3話 そして彼女はインターホンを鳴らす.csv,66,4001022040590,甘奈,,283活动剧情,薄桃色にこんがらがって,第3話 そして彼女はインターホンを鳴らす
283活动剧情\薄桃色にこんがらがって\第3話 そして彼女はインターホンを鳴らす.csv,85,4001022040720,甘奈,3个人在一起的话，就是最强的声音呢！,283活动剧情,薄桃色にこんがらがって,第3話 そして彼女はインターホンを鳴らす
283活动剧情\薄桃色にこんがらがって\第3話 そして彼女はインターホンを鳴らす.csv,87,4001022040740,甘奈,我回来了——……,283活动剧情,薄桃色にこんがらがって,第3話 そして彼女はインターホンを鳴らす
283活动剧情\薄桃色にこんがらがって\第3話 そして彼女はインターホンを鳴らす.csv,88,4001022040750,甘奈,……啊，对哦,283活动剧情,薄桃色にこんがらがって,第3話 そして彼女はインターホンを鳴らす
283活动剧情\薄桃色にこんがらがって\第3話 そして彼女はインターホンを鳴らす.csv,89,4001022040760,甘奈,今天只有我一个人吃饭……,283活动剧情,薄桃色にこんがらがって,第3話 そして彼女はインターホンを鳴らす
283活动剧情\薄桃色にこんがらがって\第3話 そして彼女はインターホンを鳴らす.csv,90,4001022040770,甘奈,……“要记得热炖饭哦”,283活动剧情,薄桃色にこんがらがって,第3話 そして彼女はインターホンを鳴らす
283活动剧情\薄桃色にこんがらがって\第3話 そして彼女はインターホンを鳴らす.csv,91,4001022040780,甘奈,…………胡萝卜，星星,283活动剧情,薄桃色にこんがらがって,第3話 そして彼女はインターホンを鳴らす
283活动剧情\薄桃色にこんがらがって\第3話 そして彼女はインターホンを鳴らす.csv,107,4001022040880,甘奈,——咦，是妈妈她们……？,283活动剧情,薄桃色にこんがらがって,第3話 そして彼女はインターホンを鳴らす
283活动剧情\薄桃色にこんがらがって\第3話 そして彼女はインターホンを鳴らす.csv,110,4001022040910,甘奈,诶……,283活动剧情,薄桃色にこんがらがって,第3話 そして彼女はインターホンを鳴らす
283活动剧情\薄桃色にこんがらがって\第3話 そして彼女はインターホンを鳴らす.csv,112,4001022040930,甘奈,"没关系
怎么了……？",283活动剧情,薄桃色にこんがらがって,第3話 そして彼女はインターホンを鳴らす
283活动剧情\薄桃色にこんがらがって\第3話 そして彼女はインターホンを鳴らす.csv,114,4001022040950,甘奈,……对甘奈说？,283活动剧情,薄桃色にこんがらがって,第3話 そして彼女はインターホンを鳴らす
283活动剧情\薄桃色にこんがらがって\第3話 そして彼女はインターホンを鳴らす.csv,117,4001022040971,甘奈＆甜花,…………,283活动剧情,薄桃色にこんがらがって,第3話 そして彼女はインターホンを鳴らす
283活动剧情\薄桃色にこんがらがって\第5話 こわい.csv,2,4001022060010,甘奈,,283活动剧情,薄桃色にこんがらがって,第5話 こわい
283活动剧情\薄桃色にこんがらがって\第5話 こわい.csv,5,4001022060040,甘奈,"……怎，怎么会……
那样的话……千雪明明更…………",283活动剧情,薄桃色にこんがらがって,第5話 こわい
283活动剧情\薄桃色にこんがらがって\第5話 こわい.csv,7,4001022060060,甘奈,,283活动剧情,薄桃色にこんがらがって,第5話 こわい
283活动剧情\薄桃色にこんがらがって\第5話 こわい.csv,9,4001022060080,甘奈,,283活动剧情,薄桃色にこんがらがって,第5話 こわい
283活动剧情\薄桃色にこんがらがって\第5話 こわい.csv,15,4001022060140,甘奈,…………,283活动剧情,薄桃色にこんがらがって,第5話 こわい
283活动剧情\薄桃色にこんがらがって\第5話 こわい.csv,16,4001022060150,甘奈,"嗯……！
那我……当然会了……",283活动剧情,薄桃色にこんがらがって,第5話 こわい
283活动剧情\薄桃色にこんがらがって\第5話 こわい.csv,18,4001022060170,甘奈,谢谢你来，千雪……,283活动剧情,薄桃色にこんがらがって,第5話 こわい
283活动剧情\薄桃色にこんがらがって\第5話 こわい.csv,19,4001022060180,甘奈,甘奈，得努力了……！,283活动剧情,薄桃色にこんがらがって,第5話 こわい
283活动剧情\薄桃色にこんがらがって\第5話 こわい.csv,20,4001022060190,甘奈,"…………
甘奈，得努力了…………",283活动剧情,薄桃色にこんがらがって,第5話 こわい
283活动剧情\薄桃色にこんがらがって\第5話 こわい.csv,22,4001022060210,甘奈,"……
甘奈，并没有……",283活动剧情,薄桃色にこんがらがって,第5話 こわい
283活动剧情\薄桃色にこんがらがって\第5話 こわい.csv,23,4001022060220,甘奈,,283活动剧情,薄桃色にこんがらがって,第5話 こわい
283活动剧情\薄桃色にこんがらがって\第5話 こわい.csv,26,4001022060250,甘奈,"——哇……！ 甜花……
是甜花，为我泡的吗……？",283活动剧情,薄桃色にこんがらがって,第5話 こわい
283活动剧情\薄桃色にこんがらがって\第5話 こわい.csv,27,4001022060260,甘奈,……你明明才刚回来，对不————,283活动剧情,薄桃色にこんがらがって,第5話 こわい
283活动剧情\薄桃色にこんがらがって\第5話 こわい.csv,30,4001022060290,甘奈,"……！
好，好厉害—……",283活动剧情,薄桃色にこんがらがって,第5話 こわい
283活动剧情\薄桃色にこんがらがって\第5話 こわい.csv,33,4001022060320,甘奈,"诶嘿嘿……我知道……
是《银杏》上的文章……",283活动剧情,薄桃色にこんがらがって,第5話 こわい
283活动剧情\薄桃色にこんがらがって\第5話 こわい.csv,34,4001022060330,甘奈,"——
我开动了……",283活动剧情,薄桃色にこんがらがって,第5話 こわい
283活动剧情\薄桃色にこんがらがって\第5話 こわい.csv,35,4001022060340,甘奈,,283活动剧情,薄桃色にこんがらがって,第5話 こわい
283活动剧情\薄桃色にこんがらがって\第5話 こわい.csv,37,4001022060360,甘奈,——……甜花,283活动剧情,薄桃色にこんがらがって,第5話 こわい
283活动剧情\薄桃色にこんがらがって\第5話 こわい.csv,38,4001022060370,甘奈,"……
为什么甘奈会是种子选手呢……",283活动剧情,薄桃色にこんがらがって,第5話 こわい
283活动剧情\薄桃色にこんがらがって\第5話 こわい.csv,40,4001022060390,甘奈,"千雪……
当不上种子选手的话，很奇怪吧",283活动剧情,薄桃色にこんがらがって,第5話 こわい
283活动剧情\薄桃色にこんがらがって\第5話 こわい.csv,45,4001022060430,甘奈,——假装说反话的话，这些话就能说出来的……,283活动剧情,薄桃色にこんがらがって,第5話 こわい
283活动剧情\薄桃色にこんがらがって\第5話 こわい.csv,46,4001022060440,甘奈,"……甘奈啊
完全……没有自信",283活动剧情,薄桃色にこんがらがって,第5話 こわい
283活动剧情\薄桃色にこんがらがって\第5話 こわい.csv,48,4001022060460,甘奈,"……之前说的“得努力了”
其实……是反话……",283活动剧情,薄桃色にこんがらがって,第5話 こわい
283活动剧情\薄桃色にこんがらがって\第5話 こわい.csv,51,4001022060490,甘奈,,283活动剧情,薄桃色にこんがらがって,第5話 こわい
283活动剧情\薄桃色にこんがらがって\第5話 こわい.csv,53,4001022060510,甘奈,"甜花觉得……
谁……比较好……？",283活动剧情,薄桃色にこんがらがって,第5話 こわい
283活动剧情\薄桃色にこんがらがって\第5話 こわい.csv,55,4001022060530,甘奈,"……
虽然平常也有两边都选不了的情况……",283活动剧情,薄桃色にこんがらがって,第5話 こわい
283活动剧情\薄桃色にこんがらがって\第5話 こわい.csv,56,4001022060540,甘奈,"但是也有……
其中一个人，选不上的情况吧……",283活动剧情,薄桃色にこんがらがって,第5話 こわい
283活动剧情\薄桃色にこんがらがって\第5話 こわい.csv,59,4001022060560,甘奈,"我就在想……
变成那样的话…………会怎么样……",283活动剧情,薄桃色にこんがらがって,第5話 こわい
283活动剧情\薄桃色にこんがらがって\第5話 こわい.csv,60,4001022060570,甘奈,"希望……
能够一直—都是……以往那————",283活动剧情,薄桃色にこんがらがって,第5話 こわい
283活动剧情\薄桃色にこんがらがって\第5話 こわい.csv,61,4001022060580,甘奈,"————…………
不对……",283活动剧情,薄桃色にこんがらがって,第5話 こわい
283活动剧情\薄桃色にこんがらがって\第5話 こわい.csv,64,4001022060610,甘奈,"嗯……工作，还有练习……
还有住宿……全都很开心……",283活动剧情,薄桃色にこんがらがって,第5話 こわい
283活动剧情\薄桃色にこんがらがって\第5話 こわい.csv,66,4001022060630,甘奈,嗯,283活动剧情,薄桃色にこんがらがって,第5話 こわい
283活动剧情\薄桃色にこんがらがって\第5話 こわい.csv,67,4001022060640,甘奈,"紧紧地——……
内心……靠在一起……",283活动剧情,薄桃色にこんがらがって,第5話 こわい
283活动剧情\薄桃色にこんがらがって\第5話 こわい.csv,70,4001022060670,甘奈,甜花…………,283活动剧情,薄桃色にこんがらがって,第5話 こわい
283活动剧情\薄桃色にこんがらがって\第5話 こわい.csv,74,4001022060710,甘奈,"…………
……甜花",283活动剧情,薄桃色にこんがらがって,第5話 こわい
283活动剧情\薄桃色にこんがらがって\第5話 こわい.csv,79,4001022060750,甘奈,"……
嗯……",283活动剧情,薄桃色にこんがらがって,第5話 こわい
283活动剧情\薄桃色にこんがらがって\第5話 こわい.csv,80,4001022060760,甘奈,"……
千雪……也一定……",283活动剧情,薄桃色にこんがらがって,第5話 こわい
283活动剧情\薄桃色にこんがらがって\第5話 こわい.csv,82,4001022060780,甘奈,可是……所以……,283活动剧情,薄桃色にこんがらがって,第5話 こわい
283活动剧情\薄桃色にこんがらがって\第5話 こわい.csv,83,4001022060790,甘奈,因为是全力……————,283活动剧情,薄桃色にこんがらがって,第5話 こわい
283活动剧情\薄桃色にこんがらがって\第5話 こわい.csv,84,4001022060800,甘奈,"才会害怕，
输掉的时候…………",283活动剧情,薄桃色にこんがらがって,第5話 こわい
283活动剧情\薄桃色にこんがらがって\第5話 こわい.csv,109,4001022060810,甘奈,制作人先生……！,283活动剧情,薄桃色にこんがらがって,第5話 こわい
283活动剧情\薄桃色にこんがらがって\第5話 こわい.csv,112,4001022060820,甘奈,"对不起……！
甘奈……",283活动剧情,薄桃色にこんがらがって,第5話 こわい
283活动剧情\薄桃色にこんがらがって\第5話 こわい.csv,113,4001022060830,甘奈,"想要退出
《银杏》的试镜……！",283活动剧情,薄桃色にこんがらがって,第5話 こわい
283活动剧情\薄桃色にこんがらがって\第6話 薄桃色にこんがらがって.csv,4,4001022070030,甘奈,"——甘奈啊，想了非常多
甘奈，想要支持千雪……！",283活动剧情,薄桃色にこんがらがって,第6話 薄桃色にこんがらがって
283活动剧情\薄桃色にこんがらがって\第6話 薄桃色にこんがらがって.csv,5,4001022070040,甘奈,"适合《银杏》的，
果然还是千雪了……！",283活动剧情,薄桃色にこんがらがって,第6話 薄桃色にこんがらがって
283活动剧情\薄桃色にこんがらがって\第6話 薄桃色にこんがらがって.csv,7,4001022070060,甘奈,"制作人先生……
甘奈，明明知道这点——",283活动剧情,薄桃色にこんがらがって,第6話 薄桃色にこんがらがって
283活动剧情\薄桃色にこんがらがって\第6話 薄桃色にこんがらがって.csv,8,4001022070070,甘奈,"却不知道，
怎么样去准备试镜……",283活动剧情,薄桃色にこんがらがって,第6話 薄桃色にこんがらがって
283活动剧情\薄桃色にこんがらがって\第6話 薄桃色にこんがらがって.csv,11,4001022070090,甘奈,"不对，我知道的……！
对不起……",283活动剧情,薄桃色にこんがらがって,第6話 薄桃色にこんがらがって
283活动剧情\薄桃色にこんがらがって\第6話 薄桃色にこんがらがって.csv,12,4001022070100,甘奈,"这种做法……
非常，非常让人困扰吧……",283活动剧情,薄桃色にこんがらがって,第6話 薄桃色にこんがらがって
283活动剧情\薄桃色にこんがらがって\第6話 薄桃色にこんがらがって.csv,14,4001022070110,甘奈,"不过，如果一边想这些一边出场的话……
会更不好的……！",283活动剧情,薄桃色にこんがらがって,第6話 薄桃色にこんがらがって
283活动剧情\薄桃色にこんがらがって\第6話 薄桃色にこんがらがって.csv,18,4001022070140,甘奈,……千，千雪……,283活动剧情,薄桃色にこんがらがって,第6話 薄桃色にこんがらがって
283活动剧情\薄桃色にこんがらがって\第6話 薄桃色にこんがらがって.csv,21,4001022070170,甘奈,,283活动剧情,薄桃色にこんがらがって,第6話 薄桃色にこんがらがって
283活动剧情\薄桃色にこんがらがって\第6話 薄桃色にこんがらがって.csv,24,4001022070200,甘奈,"…………
千雪…………不对————",283活动剧情,薄桃色にこんがらがって,第6話 薄桃色にこんがらがって
283活动剧情\薄桃色にこんがらがって\第6話 薄桃色にこんがらがって.csv,25,4001022070210,甘奈,"我很害怕，
输掉的时候…………",283活动剧情,薄桃色にこんがらがって,第6話 薄桃色にこんがらがって
283活动剧情\薄桃色にこんがらがって\第6話 薄桃色にこんがらがって.csv,26,4001022070220,甘奈,,283活动剧情,薄桃色にこんがらがって,第6話 薄桃色にこんがらがって
283活动剧情\薄桃色にこんがらがって\第6話 薄桃色にこんがらがって.csv,31,4001022070240,甘奈,…………诶,283活动剧情,薄桃色にこんがらがって,第6話 薄桃色にこんがらがって
283活动剧情\薄桃色にこんがらがって\第6話 薄桃色にこんがらがって.csv,35,4001022070260,甘奈,"——怎，怎么会……！
那样的话，甘奈就是耍————",283活动剧情,薄桃色にこんがらがって,第6話 薄桃色にこんがらがって
283活动剧情\薄桃色にこんがらがって\第6話 薄桃色にこんがらがって.csv,40,4001022070270,甘奈,,283活动剧情,薄桃色にこんがらがって,第6話 薄桃色にこんがらがって
283活动剧情\薄桃色にこんがらがって\第6話 薄桃色にこんがらがって.csv,43,4001022070280,甘奈,"……
制作人先生……",283活动剧情,薄桃色にこんがらがって,第6話 薄桃色にこんがらがって
283活动剧情\薄桃色にこんがらがって\第6話 薄桃色にこんがらがって.csv,57,4001022070330,甘奈,"对甘奈而言……
最……重要的是……",283活动剧情,薄桃色にこんがらがって,第6話 薄桃色にこんがらがって
283活动剧情\薄桃色にこんがらがって\第6話 薄桃色にこんがらがって.csv,58,4001022070340,甘奈,,283活动剧情,薄桃色にこんがらがって,第6話 薄桃色にこんがらがって
283活动剧情\薄桃色にこんがらがって\第6話 薄桃色にこんがらがって.csv,59,4001022070350,甘奈,"……
甘奈，会赢啊…………",283活动剧情,薄桃色にこんがらがって,第6話 薄桃色にこんがらがって
283活动剧情\薄桃色にこんがらがって\第6話 薄桃色にこんがらがって.csv,60,4001022070360,甘奈,,283活动剧情,薄桃色にこんがらがって,第6話 薄桃色にこんがらがって
283活动剧情\薄桃色にこんがらがって\第6話 薄桃色にこんがらがって.csv,62,4001022070380,甘奈,"——对不起，甜花
突然……就不说话了……",283活动剧情,薄桃色にこんがらがって,第6話 薄桃色にこんがらがって
283活动剧情\薄桃色にこんがらがって\第6話 薄桃色にこんがらがって.csv,64,4001022070400,甘奈,,283活动剧情,薄桃色にこんがらがって,第6話 薄桃色にこんがらがって
283活动剧情\薄桃色にこんがらがって\第6話 薄桃色にこんがらがって.csv,66,4001022070420,甘奈,……再走一段路，就回去吧,283活动剧情,薄桃色にこんがらがって,第6話 薄桃色にこんがらがって
283活动剧情\薄桃色にこんがらがって\第6話 薄桃色にこんがらがって.csv,68,4001022070440,甘奈,,283活动剧情,薄桃色にこんがらがって,第6話 薄桃色にこんがらがって
283活动剧情\薄桃色にこんがらがって\第6話 薄桃色にこんがらがって.csv,70,4001022070460,甘奈,3个人在一起的话，就是最强的声音呢！,283活动剧情,薄桃色にこんがらがって,第6話 薄桃色にこんがらがって
283活动剧情\薄桃色にこんがらがって\第6話 薄桃色にこんがらがって.csv,73,4001022070490,甘奈,"最适合《银杏》的，
果然还是千雪了……！",283活动剧情,薄桃色にこんがらがって,第6話 薄桃色にこんがらがって
283活动剧情\薄桃色にこんがらがって\第6話 薄桃色にこんがらがって.csv,77,4001022070520,甘奈,,283活动剧情,薄桃色にこんがらがって,第6話 薄桃色にこんがらがって
283活动剧情\薄桃色にこんがらがって\第6話 薄桃色にこんがらがって.csv,81,4001022070560,甘奈,"……就，就是
想着在回家之前，稍微散个步……",283活动剧情,薄桃色にこんがらがって,第6話 薄桃色にこんがらがって
283活动剧情\薄桃色にこんがらがって\第6話 薄桃色にこんがらがって.csv,83,4001022070580,甘奈,……是，是这样啊——！,283活动剧情,薄桃色にこんがらがって,第6話 薄桃色にこんがらがって
283活动剧情\薄桃色にこんがらがって\第6話 薄桃色にこんがらがって.csv,85,4001022070600,甘奈,,283活动剧情,薄桃色にこんがらがって,第6話 薄桃色にこんがらがって
283活动剧情\薄桃色にこんがらがって\第6話 薄桃色にこんがらがって.csv,89,4001022070640,甘奈,"…………千，千雪……！
那个……————",283活动剧情,薄桃色にこんがらがって,第6話 薄桃色にこんがらがって
283活动剧情\薄桃色にこんがらがって\第6話 薄桃色にこんがらがって.csv,92,4001022070670,甘奈,"……
就，就是…………",283活动剧情,薄桃色にこんがらがって,第6話 薄桃色にこんがらがって
283活动剧情\薄桃色にこんがらがって\第6話 薄桃色にこんがらがって.csv,94,4001022070690,甘奈,"……对，对不起
甘奈也有点……发不出声音",283活动剧情,薄桃色にこんがらがって,第6話 薄桃色にこんがらがって
283活动剧情\薄桃色にこんがらがって\第6話 薄桃色にこんがらがって.csv,101,4001022070760,甘奈,……诶————,283活动剧情,薄桃色にこんがらがって,第6話 薄桃色にこんがらがって
283活动剧情\薄桃色にこんがらがって\第6話 薄桃色にこんがらがって.csv,105,4001022070800,甘奈,,283活动剧情,薄桃色にこんがらがって,第6話 薄桃色にこんがらがって
283活动剧情\薄桃色にこんがらがって\第6話 薄桃色にこんがらがって.csv,107,4001022070820,甘奈,,283活动剧情,薄桃色にこんがらがって,第6話 薄桃色にこんがらがって
283活动剧情\薄桃色にこんがらがって\第6話 薄桃色にこんがらがって.csv,111,4001022070860,甘奈,,283活动剧情,薄桃色にこんがらがって,第6話 薄桃色にこんがらがって
283活动剧情\薄桃色にこんがらがって\第6話 薄桃色にこんがらがって.csv,114,4001022070890,甘奈,"才会害怕，
输掉的时候…………",283活动剧情,薄桃色にこんがらがって,第6話 薄桃色にこんがらがって
283活动剧情\薄桃色にこんがらがって\第6話 薄桃色にこんがらがって.csv,115,4001022070900,甘奈,,283活动剧情,薄桃色にこんがらがって,第6話 薄桃色にこんがらがって
283活动剧情\薄桃色にこんがらがって\第6話 薄桃色にこんがらがって.csv,117,4001022070920,甘奈,,283活动剧情,薄桃色にこんがらがって,第6話 薄桃色にこんがらがって
283活动剧情\薄桃色にこんがらがって\第6話 薄桃色にこんがらがって.csv,118,4001022070930,甘奈,"…………千，千雪……
输掉试镜……就好了——…………！",283活动剧情,薄桃色にこんがらがって,第6話 薄桃色にこんがらがって
283活动剧情\薄桃色にこんがらがって\第6話 薄桃色にこんがらがって.csv,120,4001022070950,甘奈,"千雪，绝对绝对绝对……
输掉了就好————…………！",283活动剧情,薄桃色にこんがらがって,第6話 薄桃色にこんがらがって
283活动剧情\薄桃色にこんがらがって\第6話 薄桃色にこんがらがって.csv,125,4001022071000,甘奈,,283活动剧情,薄桃色にこんがらがって,第6話 薄桃色にこんがらがって
283活动剧情\薄桃色にこんがらがって\第6話 薄桃色にこんがらがって.csv,126,4001022071010,甘奈,"…………
甘，甘奈也…………",283活动剧情,薄桃色にこんがらがって,第6話 薄桃色にこんがらがって
283活动剧情\薄桃色にこんがらがって\第6話 薄桃色にこんがらがって.csv,127,4001022071020,甘奈,想输————…………！,283活动剧情,薄桃色にこんがらがって,第6話 薄桃色にこんがらがって
283活动剧情\薄桃色にこんがらがって\第6話 薄桃色にこんがらがって.csv,133,4001022071080,甘奈,…………,283活动剧情,薄桃色にこんがらがって,第6話 薄桃色にこんがらがって
283活动剧情\薄桃色にこんがらがって\第6話 薄桃色にこんがらがって.csv,135,4001022071100,甘奈,"……！ Alsrtoemeria…………
……Alsrtoemeria……什么的——————……！",283活动剧情,薄桃色にこんがらがって,第6話 薄桃色にこんがらがって
283活动剧情\薄桃色にこんがらがって\第6話 薄桃色にこんがらがって.csv,137,4001022071120,甘奈,,283活动剧情,薄桃色にこんがらがって,第6話 薄桃色にこんがらがって
283活动剧情\薄桃色にこんがらがって\第6話 薄桃色にこんがらがって.csv,142,4001022071170,甘奈,不要……！,283活动剧情,薄桃色にこんがらがって,第6話 薄桃色にこんがらがって
283活动剧情\薄桃色にこんがらがって\第6話 薄桃色にこんがらがって.csv,144,4001022071190,甘奈,"不要……！
千雪，我不要……",283活动剧情,薄桃色にこんがらがって,第6話 薄桃色にこんがらがって
283活动剧情\薄桃色にこんがらがって\第6話 薄桃色にこんがらがって.csv,145,4001022071200,甘奈,甘奈，不想和千雪战斗……！,283活动剧情,薄桃色にこんがらがって,第6話 薄桃色にこんがらがって
283活动剧情\薄桃色にこんがらがって\第6話 薄桃色にこんがらがって.csv,146,4001022071210,甘奈,——想和千雪战斗……！,283活动剧情,薄桃色にこんがらがって,第6話 薄桃色にこんがらがって
283活动剧情\薄桃色にこんがらがって\第6話 薄桃色にこんがらがって.csv,148,4001022071230,甘奈,假，假装说反话，结束……！,283活动剧情,薄桃色にこんがらがって,第6話 薄桃色にこんがらがって
283活动剧情\薄桃色にこんがらがって\第6話 薄桃色にこんがらがって.csv,149,4001022071240,甘奈,"————甘奈其实……
很害怕，输掉…………",283活动剧情,薄桃色にこんがらがって,第6話 薄桃色にこんがらがって
283活动剧情\薄桃色にこんがらがって\第6話 薄桃色にこんがらがって.csv,150,4001022071250,甘奈,"不管是败北……
还是输掉之后……还能不能像以往那样",283活动剧情,薄桃色にこんがらがって,第6話 薄桃色にこんがらがって
283活动剧情\薄桃色にこんがらがって\第6話 薄桃色にこんがらがって.csv,151,4001022071260,甘奈,从甘奈被告知是优胜之后，就……,283活动剧情,薄桃色にこんがらがって,第6話 薄桃色にこんがらがって
283活动剧情\薄桃色にこんがらがって\第6話 薄桃色にこんがらがって.csv,153,4001022071280,甘奈,没有……只到刚才,283活动剧情,薄桃色にこんがらがって,第6話 薄桃色にこんがらがって
283活动剧情\薄桃色にこんがらがって\第6話 薄桃色にこんがらがって.csv,154,4001022071290,甘奈,"……假装说反话的时候喊出来之后
就不再害怕了————",283活动剧情,薄桃色にこんがらがって,第6話 薄桃色にこんがらがって
283活动剧情\薄桃色にこんがらがって\第6話 薄桃色にこんがらがって.csv,156,4001022071310,甘奈,3个人才是Alstroemeria………………,283活动剧情,薄桃色にこんがらがって,第6話 薄桃色にこんがらがって
283活动剧情\薄桃色にこんがらがって\第6話 薄桃色にこんがらがって.csv,157,4001022071320,甘奈,"————
请和甘奈战斗吧，千雪",283活动剧情,薄桃色にこんがらがって,第6話 薄桃色にこんがらがって
283活动剧情\［MAKING］スノー・マジック！\序章-[behind]283production.csv,20,4001020010180,甘奈,"啊，甜花等等！
有好好涂上防晒霜吗？",283活动剧情,［MAKING］スノー・マジック！,序章-[behind]283production
283活动剧情\［MAKING］スノー・マジック！\序章-[behind]283production.csv,22,4001020010200,甘奈,"那就用甘奈的吧！
千雪也是，如果可以的话请用——",283活动剧情,［MAKING］スノー・マジック！,序章-[behind]283production
283活动剧情\［MAKING］スノー・マジック！\序章-[behind]283production.csv,23,4001020010210,甘奈,甘奈这里还有很多！,283活动剧情,［MAKING］スノー・マジック！,序章-[behind]283production
283活动剧情\［MAKING］スノー・マジック！\序章-[behind]283production.csv,25,4001020010230,甘奈,"诶嘿嘿
毕竟我非常期待呢～",283活动剧情,［MAKING］スノー・マジック！,序章-[behind]283production
283活动剧情\［MAKING］スノー・マジック！\序章-[behind]283production.csv,67,4001020010610,甘奈,"……叶月小姐，我想问个问题！
拍下来的视频会被怎样使用呢？",283活动剧情,［MAKING］スノー・マジック！,序章-[behind]283production
283活动剧情\［MAKING］スノー・マジック！\序章-[behind]283production.csv,71,4001020010650,甘奈,是这样啊！,283活动剧情,［MAKING］スノー・マジック！,序章-[behind]283production
283活动剧情\［MAKING］スノー・マジック！\序章-[behind]283production.csv,85,4001020010780,甘奈,嗯，甘奈也觉得这样比较好☆,283活动剧情,［MAKING］スノー・マジック！,序章-[behind]283production
283活动剧情\［MAKING］スノー・マジック！\序章-[behind]283production.csv,87,4001020010791,灯織＆甘奈,当然！,283活动剧情,［MAKING］スノー・マジック！,序章-[behind]283production
283活动剧情\［MAKING］スノー・マジック！\第1话-[behind]ichibanboshi.csv,3,4001020020010,甘奈,"——对了
果穗也来用这个，请用——！",283活动剧情,［MAKING］スノー・マジック！,第1话-[behind]ichibanboshi
283活动剧情\［MAKING］スノー・マジック！\第1话-[behind]ichibanboshi.csv,5,4001020020030,甘奈,"嗯！好像是如果在滑雪场的话
会比夏天还要容易晒伤",283活动剧情,［MAKING］スノー・マジック！,第1话-[behind]ichibanboshi
283活动剧情\［MAKING］スノー・マジック！\第1话-[behind]ichibanboshi.csv,10,4001020020080,甘奈,"诶嘿嘿……
因为甘奈、非常期待这次外景",283活动剧情,［MAKING］スノー・マジック！,第1话-[behind]ichibanboshi
283活动剧情\［MAKING］スノー・マジック！\第1话-[behind]ichibanboshi.csv,11,4001020020090,甘奈,"就调查了很多
“在滑雪场必要的东西”之类的",283活动剧情,［MAKING］スノー・マジック！,第1话-[behind]ichibanboshi
283活动剧情\［MAKING］スノー・マジック！\第1话-[behind]ichibanboshi.csv,14,4001020020120,甘奈,"嗯！实在是太期待了，
昨天都没怎么睡好☆",283活动剧情,［MAKING］スノー・マジック！,第1话-[behind]ichibanboshi
283活动剧情\［MAKING］スノー・マジック！\第1话-[behind]ichibanboshi.csv,17,4001020020150,甘奈,"既然果穗抽中了“滑雪挑战！”，
就来尽情享受它吧！",283活动剧情,［MAKING］スノー・マジック！,第1话-[behind]ichibanboshi
283活动剧情\［MAKING］スノー・マジック！\第1话-[behind]ichibanboshi.csv,20,4001020020180,甘奈,"甘奈滑过好多次哦
小时候住在富山，在那段时间经常滑",283活动剧情,［MAKING］スノー・マジック！,第1话-[behind]ichibanboshi
283活动剧情\［MAKING］スノー・マジック！\第1话-[behind]ichibanboshi.csv,23,4001020020210,甘奈,灯织呢？,283活动剧情,［MAKING］スノー・マジック！,第1话-[behind]ichibanboshi
283活动剧情\［MAKING］スノー・マジック！\第1话-[behind]ichibanboshi.csv,28,4001020020260,甘奈,嗯！甘奈也OK哦☆,283活动剧情,［MAKING］スノー・マジック！,第1话-[behind]ichibanboshi
283活动剧情\［MAKING］スノー・マジック！\第1话-[behind]ichibanboshi.csv,33,4001020020310,甘奈,"那甘奈我们就从上面
向着灯织滑下来哦！",283活动剧情,［MAKING］スノー・マジック！,第1话-[behind]ichibanboshi
283活动剧情\［MAKING］スノー・マジック！\第1话-[behind]ichibanboshi.csv,42,4001020020400,甘奈,首先从最低的平台开始挑战哦☆——,283活动剧情,［MAKING］スノー・マジック！,第1话-[behind]ichibanboshi
283活动剧情\［MAKING］スノー・マジック！\第1话-[behind]ichibanboshi.csv,79,4001020020770,甘奈,"灯、灯织——……！
果穗……！",283活动剧情,［MAKING］スノー・マジック！,第1话-[behind]ichibanboshi
283活动剧情\［MAKING］スノー・マジック！\第1话-[behind]ichibanboshi.csv,80,4001020020780,甘奈,总感觉，比想象的还要难——……,283活动剧情,［MAKING］スノー・マジック！,第1话-[behind]ichibanboshi
283活动剧情\［MAKING］スノー・マジック！\第1话-[behind]ichibanboshi.csv,81,4001020020790,甘奈,哇……！,283活动剧情,［MAKING］スノー・マジック！,第1话-[behind]ichibanboshi
283活动剧情\［MAKING］スノー・マジック！\第1话-[behind]ichibanboshi.csv,83,4001020020810,甘奈,停不下来了……！,283活动剧情,［MAKING］スノー・マジック！,第1话-[behind]ichibanboshi
283活动剧情\［MAKING］スノー・マジック！\第1话-[behind]ichibanboshi.csv,85,4001020020830,甘奈,"……抱歉，甘奈没事……！
灯织呢……？",283活动剧情,［MAKING］スノー・マジック！,第1话-[behind]ichibanboshi
283活动剧情\［MAKING］スノー・マジック！\第1话-[behind]ichibanboshi.csv,87,4001020020841,灯織＆甘奈,,283活动剧情,［MAKING］スノー・マジック！,第1话-[behind]ichibanboshi
283活动剧情\［MAKING］スノー・マジック！\第1话-[behind]ichibanboshi.csv,90,4001020020870,甘奈,甘奈也是，觉得要是能做得更好的话就好了……,283活动剧情,［MAKING］スノー・マジック！,第1话-[behind]ichibanboshi
283活动剧情\［MAKING］スノー・マジック！\第1话-[behind]ichibanboshi.csv,95,4001020020920,甘奈,果穗……,283活动剧情,［MAKING］スノー・マジック！,第1话-[behind]ichibanboshi
283活动剧情\［MAKING］スノー・マジック！\第1话-[behind]ichibanboshi.csv,104,4001020021010,甘奈,甘奈也是——！,283活动剧情,［MAKING］スノー・マジック！,第1话-[behind]ichibanboshi
283活动剧情\［MAKING］スノー・マジック！\第1话-[behind]ichibanboshi.csv,109,4001020021060,甘奈,"诶嘿嘿，请多指教
果穗老师！",283活动剧情,［MAKING］スノー・マジック！,第1话-[behind]ichibanboshi
283活动剧情\［MAKING］スノー・マジック！\第6话-[behind]pi-chan.csv,77,4001020070720,甘奈,"——哎
甜花你们，怎么了吗？",283活动剧情,［MAKING］スノー・マジック！,第6话-[behind]pi-chan
283活动剧情\［MAKING］スノー・マジック！\第6话-[behind]pi-chan.csv,89,4001020070840,甘奈,果穗老师——！等等——！,283活动剧情,［MAKING］スノー・マジック！,第6话-[behind]pi-chan
主页剧情\甘奈-万圣节2020.csv,6,4901016140010,甘奈,"制作人先……
啊……睡的好香啊……",主页剧情,甘奈-万圣节2020.csv,甘奈-万圣节2020
主页剧情\甘奈-万圣节2020.csv,7,4901016140020,甘奈,"……一直都有在努力呢……
现在是在睡懒觉吗",主页剧情,甘奈-万圣节2020.csv,甘奈-万圣节2020
主页剧情\甘奈-万圣节2020.csv,8,4901016140030,甘奈,诶嘿嘿……能做个好梦就好了啊……,主页剧情,甘奈-万圣节2020.csv,甘奈-万圣节2020
主页剧情\甘奈-万圣节2020.csv,9,4901016140040,甘奈,"哇！　……早、早上好……！
制作人先生……！",主页剧情,甘奈-万圣节2020.csv,甘奈-万圣节2020
"大崎甘奈\G.R.A.D.編\care, care, care....csv",3,1014003010010,甘奈,——诶,大崎甘奈,G.R.A.D.編,"care, care, care..."
"大崎甘奈\G.R.A.D.編\care, care, care....csv",6,1014003010020,甘奈,"——……好，好的
不好意思，请让我再试一次……！",大崎甘奈,G.R.A.D.編,"care, care, care..."
"大崎甘奈\G.R.A.D.編\care, care, care....csv",7,1014003010030,甘奈,——……不在ALSTROEMERIA中的，甘奈……,大崎甘奈,G.R.A.D.編,"care, care, care..."
"大崎甘奈\G.R.A.D.編\care, care, care....csv",9,1014003010040,甘奈,那个——……,大崎甘奈,G.R.A.D.編,"care, care, care..."
"大崎甘奈\G.R.A.D.編\care, care, care....csv",10,1014003010050,甘奈,做的不好，对不起……,大崎甘奈,G.R.A.D.編,"care, care, care..."
"大崎甘奈\G.R.A.D.編\care, care, care....csv",15,1014003010060,甘奈,——不在ALSTROEMERIA里面的甘奈，提供的价值……,大崎甘奈,G.R.A.D.編,"care, care, care..."
"大崎甘奈\G.R.A.D.編\care, care, care....csv",16,1014003010070,甘奈,…………甘奈……——,大崎甘奈,G.R.A.D.編,"care, care, care..."
"大崎甘奈\G.R.A.D.編\care, care, care....csv",17,1014003010080,甘奈,"甜花真的开始闪耀的话……
总感觉有点害怕起来了呢……大概",大崎甘奈,G.R.A.D.編,"care, care, care..."
"大崎甘奈\G.R.A.D.編\care, care, care....csv",18,1014003010090,甘奈,"感觉会离开甘奈身边，
向着哪里离去",大崎甘奈,G.R.A.D.編,"care, care, care..."
"大崎甘奈\G.R.A.D.編\care, care, care....csv",19,1014003010100,甘奈,"甘奈描绘的未来呢，
是想着要一直想现在这样就好了",大崎甘奈,G.R.A.D.編,"care, care, care..."
"大崎甘奈\G.R.A.D.編\care, care, care....csv",20,1014003010110,甘奈,"和她们两个人在一起
现在很幸福，在这之后就不期望着什么了……",大崎甘奈,G.R.A.D.編,"care, care, care..."
"大崎甘奈\G.R.A.D.編\care, care, care....csv",21,1014003010120,甘奈,"一直……
像现在这样……继————",大崎甘奈,G.R.A.D.編,"care, care, care..."
"大崎甘奈\G.R.A.D.編\care, care, care....csv",22,1014003010130,甘奈,"————…………
不对……",大崎甘奈,G.R.A.D.編,"care, care, care..."
"大崎甘奈\G.R.A.D.編\care, care, care....csv",23,1014003010140,甘奈,……不在ALSTROEMERIA的甘奈——……,大崎甘奈,G.R.A.D.編,"care, care, care..."
"大崎甘奈\G.R.A.D.編\care, care, care....csv",24,1014003010150,甘奈,……甘奈明明，一直在ALSTROEMERIA里面,大崎甘奈,G.R.A.D.編,"care, care, care..."
"大崎甘奈\G.R.A.D.編\care, care, care....csv",25,1014003010160,甘奈,——……,大崎甘奈,G.R.A.D.編,"care, care, care..."
"大崎甘奈\G.R.A.D.編\care, care, care....csv",26,1014003010170,甘奈,"她们一定能很简单地找到的吧……
不是她们两个，就做不到的事情……",大崎甘奈,G.R.A.D.編,"care, care, care..."
"大崎甘奈\G.R.A.D.編\care, care, care....csv",27,1014003010180,甘奈,甘奈的话…………——,大崎甘奈,G.R.A.D.編,"care, care, care..."
"大崎甘奈\G.R.A.D.編\care, care, care....csv",28,1014003010190,甘奈,…………,大崎甘奈,G.R.A.D.編,"care, care, care..."
"大崎甘奈\G.R.A.D.編\care, care, care....csv",30,1014003010200,甘奈,！,大崎甘奈,G.R.A.D.編,"care, care, care..."
"大崎甘奈\G.R.A.D.編\care, care, care....csv",32,1014003010210,甘奈,"——嗯！
今天也很尽力了——☆",大崎甘奈,G.R.A.D.編,"care, care, care..."
"大崎甘奈\G.R.A.D.編\care, care, care....csv",34,1014003010220,甘奈,……,大崎甘奈,G.R.A.D.編,"care, care, care..."
"大崎甘奈\G.R.A.D.編\care, care, care....csv",37,1014003010230,甘奈,"真是的——
制作人不是一直都在努力嘛！",大崎甘奈,G.R.A.D.編,"care, care, care..."
"大崎甘奈\G.R.A.D.編\care, care, care....csv",38,1014003010240,甘奈,"……诶嘿嘿，不过
谢谢你——，制作人☆",大崎甘奈,G.R.A.D.編,"care, care, care..."
"大崎甘奈\G.R.A.D.編\care, care, care....csv",39,1014003010250,甘奈,"……然后呢，对不起呢……
制作人",大崎甘奈,G.R.A.D.編,"care, care, care..."
大崎甘奈\G.R.A.D.編\こわいものはなに？.csv,2,1014003020010,甘奈,"非常感谢——！
多亏了大家才有了最棒的舞台呢☆",大崎甘奈,G.R.A.D.編,こわいものはなに？
大崎甘奈\G.R.A.D.編\こわいものはなに？.csv,4,1014003020020,甘奈,"……诶嘿嘿，谢谢你们
……真的。今天能这么美好地度过真是太棒了",大崎甘奈,G.R.A.D.編,こわいものはなに？
大崎甘奈\G.R.A.D.編\こわいものはなに？.csv,5,1014003020030,甘奈,"……要和往常一样。和往常一样……
烦恼什么的，不想让人知道……",大崎甘奈,G.R.A.D.編,こわいものはなに？
大崎甘奈\G.R.A.D.編\こわいものはなに？.csv,6,1014003020040,甘奈,——这样不行……！,大崎甘奈,G.R.A.D.編,こわいものはなに？
大崎甘奈\G.R.A.D.編\こわいものはなに？.csv,7,1014003020050,甘奈,——再来一次……！,大崎甘奈,G.R.A.D.編,こわいものはなに？
大崎甘奈\G.R.A.D.編\こわいものはなに？.csv,8,1014003020060,甘奈,"——因为
只有甘奈一直在原地踏步",大崎甘奈,G.R.A.D.編,こわいものはなに？
大崎甘奈\G.R.A.D.編\こわいものはなに？.csv,10,1014003020070,甘奈,"哇，真的吗！？
非常感谢！",大崎甘奈,G.R.A.D.編,こわいものはなに？
大崎甘奈\G.R.A.D.編\こわいものはなに？.csv,12,1014003020080,甘奈,好的！,大崎甘奈,G.R.A.D.編,こわいものはなに？
大崎甘奈\G.R.A.D.編\こわいものはなに？.csv,13,1014003020090,甘奈,……一直，在害怕着什么,大崎甘奈,G.R.A.D.編,こわいものはなに？
大崎甘奈\G.R.A.D.編\こわいものはなに？.csv,15,1014003020100,甘奈,"好，好的
抱歉……！",大崎甘奈,G.R.A.D.編,こわいものはなに？
大崎甘奈\G.R.A.D.編\こわいものはなに？.csv,16,1014003020110,甘奈,～～…………,大崎甘奈,G.R.A.D.編,こわいものはなに？
大崎甘奈\G.R.A.D.編\こわいものはなに？.csv,17,1014003020120,甘奈,"……抱歉
请让甘奈再来一次……！",大崎甘奈,G.R.A.D.編,こわいものはなに？
大崎甘奈\G.R.A.D.編\こわいものはなに？.csv,20,1014003020130,甘奈,"——然后呢，关于甜花的日程
甘奈有想确认的地方——",大崎甘奈,G.R.A.D.編,こわいものはなに？
大崎甘奈\G.R.A.D.編\こわいものはなに？.csv,22,1014003020140,甘奈,"嗯？
怎么了，制作人",大崎甘奈,G.R.A.D.編,こわいものはなに？
大崎甘奈\G.R.A.D.編\こわいものはなに？.csv,25,1014003020150,甘奈,诶——,大崎甘奈,G.R.A.D.編,こわいものはなに？
大崎甘奈\G.R.A.D.編\こわいものはなに？.csv,26,1014003020160,甘奈,——没问题哦☆,大崎甘奈,G.R.A.D.編,こわいものはなに？
大崎甘奈\G.R.A.D.編\こわいものはなに？.csv,27,1014003020170,甘奈,"突然问这个，制作人真是奇怪
最近的甘奈有哪里很奇怪吗？",大崎甘奈,G.R.A.D.編,こわいものはなに？
大崎甘奈\G.R.A.D.編\こわいものはなに？.csv,30,1014003020180,甘奈,"……让你担心了吗？
担心了的话那真是对不起！",大崎甘奈,G.R.A.D.編,こわいものはなに？
大崎甘奈\G.R.A.D.編\こわいものはなに？.csv,31,1014003020190,甘奈,因为“G.R.A.D”只有甘奈一个人,大崎甘奈,G.R.A.D.編,こわいものはなに？
大崎甘奈\G.R.A.D.編\こわいものはなに？.csv,32,1014003020200,甘奈,"所以也许想要努力的心情
比平常的时候更加强烈呢……",大崎甘奈,G.R.A.D.編,こわいものはなに？
大崎甘奈\G.R.A.D.編\こわいものはなに？.csv,33,1014003020210,甘奈,"不过，真的没问题！
只是在竭尽全力而已！",大崎甘奈,G.R.A.D.編,こわいものはなに？
大崎甘奈\G.R.A.D.編\こわいものはなに？.csv,36,1014003020220,甘奈,制作人……？,大崎甘奈,G.R.A.D.編,こわいものはなに？
大崎甘奈\G.R.A.D.編\こわいものはなに？.csv,40,1014003020230,甘奈,——……,大崎甘奈,G.R.A.D.編,こわいものはなに？
大崎甘奈\G.R.A.D.編\こわいものはなに？.csv,42,1014003020240,甘奈,…………嗯,大崎甘奈,G.R.A.D.編,こわいものはなに？
大崎甘奈\G.R.A.D.編\こわいものはなに？.csv,43,1014003020250,甘奈,…………不可能说出来的……,大崎甘奈,G.R.A.D.編,こわいものはなに？
大崎甘奈\G.R.A.D.編\こわいものはなに？.csv,44,1014003020260,甘奈,（……“G.R.A.D”……）,大崎甘奈,G.R.A.D.編,こわいものはなに？
大崎甘奈\G.R.A.D.編\こわいものはなに？.csv,45,1014003020270,甘奈,"（甘奈会顺利地突破它，
好好地前进来证明给你看的……）",大崎甘奈,G.R.A.D.編,こわいものはなに？
大崎甘奈\G.R.A.D.編\こわいものはなに？.csv,46,1014003020280,甘奈,拜托了，制作人……,大崎甘奈,G.R.A.D.編,こわいものはなに？
大崎甘奈\G.R.A.D.編\こわいものはなに？.csv,47,1014003020290,甘奈,……不要再察觉下去了,大崎甘奈,G.R.A.D.編,こわいものはなに？
大崎甘奈\G.R.A.D.編\予選前コミュ.csv,2,6014003010010,甘奈,——……,大崎甘奈,G.R.A.D.編,予選前コミュ
大崎甘奈\G.R.A.D.編\予選前コミュ.csv,4,6014003010020,甘奈,"啊，制作人！
……诶嘿嘿，果然会有点紧张呢",大崎甘奈,G.R.A.D.編,予選前コミュ
大崎甘奈\G.R.A.D.編\予選前コミュ.csv,5,6014003010030,甘奈,"不过呢，没关系☆　甘奈会把至今做到的东西
好好地发挥出来的！",大崎甘奈,G.R.A.D.編,予選前コミュ
大崎甘奈\G.R.A.D.編\予選前コミュ.csv,6,6014003010040,甘奈,"为了能让甘奈胜利留下来，
应援也拜托制作人了呢！",大崎甘奈,G.R.A.D.編,予選前コミュ
大崎甘奈\G.R.A.D.編\予選前コミュ.csv,8,6014003010050,甘奈,？,大崎甘奈,G.R.A.D.編,予選前コミュ
大崎甘奈\G.R.A.D.編\予選前コミュ.csv,10,6014003010060,甘奈,好——的☆,大崎甘奈,G.R.A.D.編,予選前コミュ
大崎甘奈\G.R.A.D.編\予選後コミュ　胜利.csv,2,6014003020010,甘奈,……甘奈，赢了呢……,大崎甘奈,G.R.A.D.編,予選後コミュ　胜利
大崎甘奈\G.R.A.D.編\予選後コミュ　胜利.csv,3,6014003020020,甘奈,…………,大崎甘奈,G.R.A.D.編,予選後コミュ　胜利
大崎甘奈\G.R.A.D.編\予選後コミュ　胜利.csv,5,6014003020030,甘奈,啊……——,大崎甘奈,G.R.A.D.編,予選後コミュ　胜利
大崎甘奈\G.R.A.D.編\予選後コミュ　胜利.csv,6,6014003020040,甘奈,"诶嘿嘿——，谢谢——制作人☆
甘奈，努力了",大崎甘奈,G.R.A.D.編,予選後コミュ　胜利
大崎甘奈\G.R.A.D.編\予選後コミュ　胜利.csv,7,6014003020050,甘奈,也许是制作人的应援的功劳！,大崎甘奈,G.R.A.D.編,予選後コミュ　胜利
大崎甘奈\G.R.A.D.編\予選後コミュ　胜利.csv,9,6014003020060,甘奈,甘奈的实力……,大崎甘奈,G.R.A.D.編,予選後コミュ　胜利
大崎甘奈\G.R.A.D.編\予選後コミュ　胜利.csv,10,6014003020070,甘奈,……这样啊☆,大崎甘奈,G.R.A.D.編,予選後コミュ　胜利
大崎甘奈\G.R.A.D.編\予選後コミュ　胜利.csv,11,6014003020080,甘奈,"那么，接下来甘奈也要为了能与实力相称地活跃
不好好——地加油的话可不行呢！",大崎甘奈,G.R.A.D.編,予選後コミュ　胜利
大崎甘奈\G.R.A.D.編\決勝前コミュ.csv,2,6014003070010,甘奈,"那个呢，制作人
甘奈现在，果然很害怕在这里",大崎甘奈,G.R.A.D.編,決勝前コミュ
大崎甘奈\G.R.A.D.編\決勝前コミュ.csv,4,6014003070020,甘奈,……但是呢，能感觉到害怕真是太好了,大崎甘奈,G.R.A.D.編,決勝前コミュ
大崎甘奈\G.R.A.D.編\決勝前コミュ.csv,5,6014003070030,甘奈,"因为甘奈接下来就要去说
“好好注视着甘奈！”了呢",大崎甘奈,G.R.A.D.編,決勝前コミュ
大崎甘奈\G.R.A.D.編\決勝前コミュ.csv,6,6014003070040,甘奈,"也许，
会有人看都不看就对甘奈说“不要”",大崎甘奈,G.R.A.D.編,決勝前コミュ
大崎甘奈\G.R.A.D.編\決勝前コミュ.csv,7,6014003070050,甘奈,"好好地注视着甘奈的人，
也有可能会说“不能满足”",大崎甘奈,G.R.A.D.編,決勝前コミュ
大崎甘奈\G.R.A.D.編\決勝前コミュ.csv,8,6014003070060,甘奈,"害怕这个是很普通的事情对吧？
试镜失败了的话会很失落的",大崎甘奈,G.R.A.D.編,決勝前コミュ
大崎甘奈\G.R.A.D.編\決勝前コミュ.csv,10,6014003070070,甘奈,"……对。落选的话会很失落呢
会很伤心，也会很悔恨。……甘奈觉得自己一定会这样想的",大崎甘奈,G.R.A.D.編,決勝前コミュ
大崎甘奈\G.R.A.D.編\決勝前コミュ.csv,11,6014003070080,甘奈,"所以，现在——……甘奈，想要好好地合格
因为有了这样的实感，所以“能感觉到害怕真是太好了”",大崎甘奈,G.R.A.D.編,決勝前コミュ
大崎甘奈\G.R.A.D.編\決勝前コミュ.csv,13,6014003070090,甘奈,"不会哦，当然☆　害怕就到此为止了
甘奈会把害怕放在制作人这里的",大崎甘奈,G.R.A.D.編,決勝前コミュ
大崎甘奈\G.R.A.D.編\決勝前コミュ.csv,14,6014003070100,甘奈,"害怕是正常的，
所以就算这样想也不用害怕——",大崎甘奈,G.R.A.D.編,決勝前コミュ
大崎甘奈\G.R.A.D.編\決勝前コミュ.csv,15,6014003070110,甘奈,"甘奈只要用完美的笑容，
让客人们尽情享受就行了！",大崎甘奈,G.R.A.D.編,決勝前コミュ
大崎甘奈\G.R.A.D.編\決勝後コミュ　勝利.csv,2,6014003080010,甘奈,制作人！,大崎甘奈,G.R.A.D.編,決勝後コミュ　勝利
大崎甘奈\G.R.A.D.編\決勝後コミュ　勝利.csv,4,6014003080020,甘奈,做到了，甘奈也做到了……！,大崎甘奈,G.R.A.D.編,決勝後コミュ　勝利
大崎甘奈\G.R.A.D.編\決勝後コミュ　勝利.csv,5,6014003080030,甘奈,"虽然属于ALSTROEMERIA，
但不是在ALSTROEMERIA中的甘奈——",大崎甘奈,G.R.A.D.編,決勝後コミュ　勝利
大崎甘奈\G.R.A.D.編\決勝後コミュ　勝利.csv,6,6014003080040,甘奈,好好地……甘奈的事情，传达到了……！,大崎甘奈,G.R.A.D.編,決勝後コミュ　勝利
大崎甘奈\G.R.A.D.編\決勝後コミュ　勝利.csv,8,6014003080050,甘奈,嗯……！,大崎甘奈,G.R.A.D.編,決勝後コミュ　勝利
大崎甘奈\G.R.A.D.編\決勝後コミュ　勝利.csv,9,6014003080060,甘奈,"——然后，啊……！
抱，抱歉　制作人",大崎甘奈,G.R.A.D.編,決勝後コミュ　勝利
大崎甘奈\G.R.A.D.編\決勝後コミュ　勝利.csv,10,6014003080070,甘奈,甘奈，一不小心就……！,大崎甘奈,G.R.A.D.編,決勝後コミュ　勝利
大崎甘奈\G.R.A.D.編\決勝後コミュ　勝利.csv,14,6014003080080,甘奈,——……,大崎甘奈,G.R.A.D.編,決勝後コミュ　勝利
大崎甘奈\G.R.A.D.編\決勝後コミュ　勝利.csv,15,6014003080090,甘奈,……——好的，制作人！,大崎甘奈,G.R.A.D.編,決勝後コミュ　勝利
大崎甘奈\G.R.A.D.編\無理にでも浮かび上がる.csv,6,1014003030010,甘奈,诶！？,大崎甘奈,G.R.A.D.編,無理にでも浮かび上がる
大崎甘奈\G.R.A.D.編\無理にでも浮かび上がる.csv,8,1014003030020,甘奈,"……——这个品牌……！
这么有名的地方——！",大崎甘奈,G.R.A.D.編,無理にでも浮かび上がる
大崎甘奈\G.R.A.D.編\無理にでも浮かび上がる.csv,12,1014003030030,甘奈,“Apricot”的……——,大崎甘奈,G.R.A.D.編,無理にでも浮かび上がる
大崎甘奈\G.R.A.D.編\無理にでも浮かび上がる.csv,15,1014003030040,甘奈,——,大崎甘奈,G.R.A.D.編,無理にでも浮かび上がる
大崎甘奈\G.R.A.D.編\無理にでも浮かび上がる.csv,16,1014003030050,甘奈,"这份工作真棒，制作人！
谢谢你能帮甘奈拿到它！",大崎甘奈,G.R.A.D.編,無理にでも浮かび上がる
大崎甘奈\G.R.A.D.編\無理にでも浮かび上がる.csv,17,1014003030060,甘奈,"我当然会努力的☆
请期待着吧！",大崎甘奈,G.R.A.D.編,無理にでも浮かび上がる
大崎甘奈\G.R.A.D.編\無理にでも浮かび上がる.csv,20,1014003030070,甘奈,（——……甘奈刚才好好地高兴了吗）,大崎甘奈,G.R.A.D.編,無理にでも浮かび上がる
大崎甘奈\G.R.A.D.編\無理にでも浮かび上がる.csv,21,1014003030080,甘奈,…………,大崎甘奈,G.R.A.D.編,無理にでも浮かび上がる
大崎甘奈\G.R.A.D.編\無理にでも浮かび上がる.csv,22,1014003030090,甘奈,（……只有甘奈的工作　也就是说）,大崎甘奈,G.R.A.D.編,無理にでも浮かび上がる
大崎甘奈\G.R.A.D.編\無理にでも浮かび上がる.csv,23,1014003030100,甘奈,"（……这是
给不在ALSTROEMERIA里面的甘奈的工作……）",大崎甘奈,G.R.A.D.編,無理にでも浮かび上がる
大崎甘奈\G.R.A.D.編\無理にでも浮かび上がる.csv,24,1014003030110,甘奈,（但是…………）,大崎甘奈,G.R.A.D.編,無理にでも浮かび上がる
大崎甘奈\G.R.A.D.編\無理にでも浮かび上がる.csv,25,1014003030120,甘奈,——…………,大崎甘奈,G.R.A.D.編,無理にでも浮かび上がる
大崎甘奈\G.R.A.D.編\無理にでも浮かび上がる.csv,29,1014003030130,甘奈,不在ALSTROEMERIA里面的甘奈什么的，我明明不明白,大崎甘奈,G.R.A.D.編,無理にでも浮かび上がる
大崎甘奈\G.R.A.D.編\無理にでも浮かび上がる.csv,30,1014003030140,甘奈,"——……明明不明白
却好像能做到似的在前进……",大崎甘奈,G.R.A.D.編,無理にでも浮かび上がる
大崎甘奈\G.R.A.D.編\無理にでも浮かび上がる.csv,31,1014003030150,甘奈,…………,大崎甘奈,G.R.A.D.編,無理にでも浮かび上がる
大崎甘奈\G.R.A.D.編\無理にでも浮かび上がる.csv,32,1014003030160,甘奈,"……为什么
不是大家一起出场的工作呢",大崎甘奈,G.R.A.D.編,無理にでも浮かび上がる
大崎甘奈\G.R.A.D.編\無理にでも浮かび上がる.csv,33,1014003030170,甘奈,……大家一起上场的试镜的话——,大崎甘奈,G.R.A.D.編,無理にでも浮かび上がる
大崎甘奈\G.R.A.D.編\無理にでも浮かび上がる.csv,34,1014003030180,甘奈,…………,大崎甘奈,G.R.A.D.編,無理にでも浮かび上がる
大崎甘奈\G.R.A.D.編\無理にでも浮かび上がる.csv,35,1014003030190,甘奈,……甘奈一个人——做什么才好呢……,大崎甘奈,G.R.A.D.編,無理にでも浮かび上がる
大崎甘奈\G.R.A.D.編\無理にでも浮かび上がる.csv,36,1014003030200,甘奈,制作人……？,大崎甘奈,G.R.A.D.編,無理にでも浮かび上がる
大崎甘奈\G.R.A.D.編\無理にでも浮かび上がる.csv,41,1014003030210,甘奈,……——,大崎甘奈,G.R.A.D.編,無理にでも浮かび上がる
大崎甘奈\G.R.A.D.編\無理にでも浮かび上がる.csv,42,1014003030220,甘奈,"“谢谢——☆
制作人！”",大崎甘奈,G.R.A.D.編,無理にでも浮かび上がる
大崎甘奈\G.R.A.D.編\無理にでも浮かび上がる.csv,43,1014003030230,甘奈,“甘奈，会好好学习的！”,大崎甘奈,G.R.A.D.編,無理にでも浮かび上がる
大崎甘奈\G.R.A.D.編\無理にでも浮かび上がる.csv,44,1014003030240,甘奈,"……甘奈
原来很擅长服装啊",大崎甘奈,G.R.A.D.編,無理にでも浮かび上がる
大崎甘奈\G.R.A.D.編\無理にでも浮かび上がる.csv,45,1014003030250,甘奈,…………没有自信啊……制作人……,大崎甘奈,G.R.A.D.編,無理にでも浮かび上がる
大崎甘奈\G.R.A.D.編\無理にでも浮かび上がる.csv,46,1014003030260,甘奈,……,大崎甘奈,G.R.A.D.編,無理にでも浮かび上がる
大崎甘奈\G.R.A.D.編\無理にでも浮かび上がる.csv,47,1014003030270,甘奈,"……这样不行的吧甘奈……
这样就是不负责任了……",大崎甘奈,G.R.A.D.編,無理にでも浮かび上がる
大崎甘奈\G.R.A.D.編\無理にでも浮かび上がる.csv,48,1014003030280,甘奈,"因为被指名了……
因为说了可以做到……",大崎甘奈,G.R.A.D.編,無理にでも浮かび上がる
大崎甘奈\G.R.A.D.編\無理にでも浮かび上がる.csv,49,1014003030290,甘奈,不好好做的话不行……,大崎甘奈,G.R.A.D.編,無理にでも浮かび上がる
大崎甘奈\G.R.A.D.編\無理にでも浮かび上がる.csv,50,1014003030300,甘奈,～～～～……！,大崎甘奈,G.R.A.D.編,無理にでも浮かび上がる
大崎甘奈\G.R.A.D.編\無理にでも浮かび上がる.csv,51,1014003030310,甘奈,——练习吧……！,大崎甘奈,G.R.A.D.編,無理にでも浮かび上がる
大崎甘奈\G.R.A.D.編\突き放して（甘やかして）.csv,2,1014003040010,甘奈,————……,大崎甘奈,G.R.A.D.編,突き放して（甘やかして）
大崎甘奈\G.R.A.D.編\突き放して（甘やかして）.csv,4,1014003040020,甘奈,"…………甘奈一个人……
……要怎么办才好——……？",大崎甘奈,G.R.A.D.編,突き放して（甘やかして）
大崎甘奈\G.R.A.D.編\突き放して（甘やかして）.csv,9,1014003040030,甘奈,诶——,大崎甘奈,G.R.A.D.編,突き放して（甘やかして）
大崎甘奈\G.R.A.D.編\突き放して（甘やかして）.csv,10,1014003040040,甘奈,"——真是的，制作人
还在担心吗？　都说了甘奈没事的——",大崎甘奈,G.R.A.D.編,突き放して（甘やかして）
大崎甘奈\G.R.A.D.編\突き放して（甘やかして）.csv,12,1014003040050,甘奈,……,大崎甘奈,G.R.A.D.編,突き放して（甘やかして）
大崎甘奈\G.R.A.D.編\突き放して（甘やかして）.csv,14,1014003040060,甘奈,…………狡猾,大崎甘奈,G.R.A.D.編,突き放して（甘やかして）
大崎甘奈\G.R.A.D.編\突き放して（甘やかして）.csv,15,1014003040070,甘奈,"这样的说法太狡猾了
甘奈明明不想说的……——",大崎甘奈,G.R.A.D.編,突き放して（甘やかして）
大崎甘奈\G.R.A.D.編\突き放して（甘やかして）.csv,17,1014003040080,甘奈,"…………
制作人这个笨蛋……",大崎甘奈,G.R.A.D.編,突き放して（甘やかして）
大崎甘奈\G.R.A.D.編\突き放して（甘やかして）.csv,18,1014003040090,甘奈,"甘奈现在一定在
非要跨越不可的墙壁面前呢",大崎甘奈,G.R.A.D.編,突き放して（甘やかして）
大崎甘奈\G.R.A.D.編\突き放して（甘やかして）.csv,19,1014003040100,甘奈,…………所以，不要再温柔了,大崎甘奈,G.R.A.D.編,突き放して（甘やかして）
大崎甘奈\G.R.A.D.編\突き放して（甘やかして）.csv,20,1014003040110,甘奈,"制作人，
想要你不让甘奈撒娇——",大崎甘奈,G.R.A.D.編,突き放して（甘やかして）
大崎甘奈\G.R.A.D.編\突き放して（甘やかして）.csv,21,1014003040120,甘奈,对甘奈说点严厉的话吧……？,大崎甘奈,G.R.A.D.編,突き放して（甘やかして）
大崎甘奈\G.R.A.D.編\突き放して（甘やかして）.csv,24,1014003040130,甘奈,——…………,大崎甘奈,G.R.A.D.編,突き放して（甘やかして）
大崎甘奈\G.R.A.D.編\突き放して（甘やかして）.csv,25,1014003040140,甘奈,"不想说……
因为甘奈，其实——……",大崎甘奈,G.R.A.D.編,突き放して（甘やかして）
大崎甘奈\G.R.A.D.編\突き放して（甘やかして）.csv,27,1014003040150,甘奈,……,大崎甘奈,G.R.A.D.編,突き放して（甘やかして）
大崎甘奈\G.R.A.D.編\突き放して（甘やかして）.csv,30,1014003040160,甘奈,"不是的
不是制作人不对",大崎甘奈,G.R.A.D.編,突き放して（甘やかして）
大崎甘奈\G.R.A.D.編\突き放して（甘やかして）.csv,31,1014003040170,甘奈,是因为甘奈很不像话……——！,大崎甘奈,G.R.A.D.編,突き放して（甘やかして）
大崎甘奈\G.R.A.D.編\突き放して（甘やかして）.csv,32,1014003040180,甘奈,…………,大崎甘奈,G.R.A.D.編,突き放して（甘やかして）
大崎甘奈\G.R.A.D.編\突き放して（甘やかして）.csv,34,1014003040190,甘奈,甘奈……始终是不负责任的……,大崎甘奈,G.R.A.D.編,突き放して（甘やかして）
大崎甘奈\G.R.A.D.編\突き放して（甘やかして）.csv,35,1014003040200,甘奈,"明明没有做好独自工作的觉悟……！
装作能做到的样子……！",大崎甘奈,G.R.A.D.編,突き放して（甘やかして）
大崎甘奈\G.R.A.D.編\突き放して（甘やかして）.csv,36,1014003040210,甘奈,"从头到尾……
都好像在对大家说谎似的……",大崎甘奈,G.R.A.D.編,突き放して（甘やかして）
大崎甘奈\G.R.A.D.編\突き放して（甘やかして）.csv,37,1014003040220,甘奈,"明明是自己造成的……
却在中途难过了起来……",大崎甘奈,G.R.A.D.編,突き放して（甘やかして）
大崎甘奈\G.R.A.D.編\突き放して（甘やかして）.csv,38,1014003040230,甘奈,……一直都太不像话了……,大崎甘奈,G.R.A.D.編,突き放して（甘やかして）
大崎甘奈\G.R.A.D.編\突き放して（甘やかして）.csv,39,1014003040240,甘奈,所以……！,大崎甘奈,G.R.A.D.編,突き放して（甘やかして）
大崎甘奈\G.R.A.D.編\突き放して（甘やかして）.csv,41,1014003040250,甘奈,诶——,大崎甘奈,G.R.A.D.編,突き放して（甘やかして）
大崎甘奈\G.R.A.D.編\突き放して（甘やかして）.csv,43,1014003040260,甘奈,"……没有惊讶吗……？
问为什么会这样，然后生气什么的……——",大崎甘奈,G.R.A.D.編,突き放して（甘やかして）
大崎甘奈\G.R.A.D.編\突き放して（甘やかして）.csv,47,1014003040270,甘奈,……但是……,大崎甘奈,G.R.A.D.編,突き放して（甘やかして）
大崎甘奈\G.R.A.D.編\突き放して（甘やかして）.csv,48,1014003040280,甘奈,"甘奈一定是想着——……
不这么做的话甘奈会被讨厌的……",大崎甘奈,G.R.A.D.編,突き放して（甘やかして）
大崎甘奈\G.R.A.D.編\突き放して（甘やかして）.csv,49,1014003040290,甘奈,最后，并不是为了别人，只是为了甘奈自己——,大崎甘奈,G.R.A.D.編,突き放して（甘やかして）
大崎甘奈\G.R.A.D.編\突き放して（甘やかして）.csv,52,1014003040300,甘奈,——……！？,大崎甘奈,G.R.A.D.編,突き放して（甘やかして）
大崎甘奈\G.R.A.D.編\突き放して（甘やかして）.csv,56,1014003040310,甘奈,…………,大崎甘奈,G.R.A.D.編,突き放して（甘やかして）
大崎甘奈\G.R.A.D.編\突き放して（甘やかして）.csv,57,1014003040320,甘奈,……甘奈，也许会做不好哦……？,大崎甘奈,G.R.A.D.編,突き放して（甘やかして）
大崎甘奈\G.R.A.D.編\突き放して（甘やかして）.csv,59,1014003040330,甘奈,……也许会让大家失望的……,大崎甘奈,G.R.A.D.編,突き放して（甘やかして）
大崎甘奈\G.R.A.D.編\突き放して（甘やかして）.csv,61,1014003040340,甘奈,——……噗噗……,大崎甘奈,G.R.A.D.編,突き放して（甘やかして）
大崎甘奈\G.R.A.D.編\突き放して（甘やかして）.csv,62,1014003040350,甘奈,……制作人，真是温柔呢……,大崎甘奈,G.R.A.D.編,突き放して（甘やかして）
大崎甘奈\Landing Point編\1.Result is ….csv,3,1014004010010,甘奈,（！）,大崎甘奈,Landing Point編,1.Result is …
大崎甘奈\Landing Point編\1.Result is ….csv,5,1014004010020,甘奈,（……）,大崎甘奈,Landing Point編,1.Result is …
大崎甘奈\Landing Point編\1.Result is ….csv,7,1014004010030,甘奈,（……！）,大崎甘奈,Landing Point編,1.Result is …
大崎甘奈\Landing Point編\1.Result is ….csv,9,1014004010040,甘奈,"（…………
……哈啊……）",大崎甘奈,Landing Point編,1.Result is …
大崎甘奈\Landing Point編\1.Result is ….csv,10,1014004010050,甘奈,（失败了……）,大崎甘奈,Landing Point編,1.Result is …
大崎甘奈\Landing Point編\1.Result is ….csv,11,1014004010060,甘奈,（『本次落选』……）,大崎甘奈,Landing Point編,1.Result is …
大崎甘奈\Landing Point編\1.Result is ….csv,12,1014004010070,甘奈,（……）,大崎甘奈,Landing Point編,1.Result is …
大崎甘奈\Landing Point編\1.Result is ….csv,13,1014004010080,甘奈,"（因为是喜欢的品牌
明明我非常努力了——）",大崎甘奈,Landing Point編,1.Result is …
大崎甘奈\Landing Point編\1.Result is ….csv,16,1014004010090,甘奈,诶……？,大崎甘奈,Landing Point編,1.Result is …
大崎甘奈\Landing Point編\1.Result is ….csv,18,1014004010100,甘奈,"妈、妈妈……！
不！没事哦！",大崎甘奈,Landing Point編,1.Result is …
大崎甘奈\Landing Point編\1.Result is ….csv,20,1014004010110,甘奈,"嗯！
抱歉，有什么事吗？",大崎甘奈,Landing Point編,1.Result is …
大崎甘奈\Landing Point編\1.Result is ….csv,22,1014004010120,甘奈,"嗯！
我现在就去~",大崎甘奈,Landing Point編,1.Result is …
大崎甘奈\Landing Point編\1.Result is ….csv,24,1014004010130,甘奈,诶嘿嘿，谢谢妈妈,大崎甘奈,Landing Point編,1.Result is …
大崎甘奈\Landing Point編\1.Result is ….csv,25,1014004010140,甘奈,这就是全部了……吗,大崎甘奈,Landing Point編,1.Result is …
大崎甘奈\Landing Point編\1.Result is ….csv,26,1014004010150,甘奈,（……比平时多了不少呢）,大崎甘奈,Landing Point編,1.Result is …
大崎甘奈\Landing Point編\1.Result is ….csv,27,1014004010160,甘奈,"如果我说自己看了这么多的杂志
……他们会不会理解我呢……",大崎甘奈,Landing Point編,1.Result is …
大崎甘奈\Landing Point編\1.Result is ….csv,28,1014004010170,甘奈,（不……这样做没有意义……）,大崎甘奈,Landing Point編,1.Result is …
大崎甘奈\Landing Point編\1.Result is ….csv,29,1014004010180,甘奈,"（评委关注的只有设计本身
只关注作品是好是坏）",大崎甘奈,Landing Point編,1.Result is …
大崎甘奈\Landing Point編\1.Result is ….csv,30,1014004010190,甘奈,（只在乎甘奈拿出的是不是好作品……）,大崎甘奈,Landing Point編,1.Result is …
大崎甘奈\Landing Point編\1.Result is ….csv,31,1014004010200,甘奈,"（『努力』之类的打分点
是不存在的呢……）",大崎甘奈,Landing Point編,1.Result is …
大崎甘奈\Landing Point編\1.Result is ….csv,32,1014004010210,甘奈,……,大崎甘奈,Landing Point編,1.Result is …
大崎甘奈\Landing Point編\1.Result is ….csv,33,1014004010220,甘奈,尽快收拾掉吧,大崎甘奈,Landing Point編,1.Result is …
大崎甘奈\Landing Point編\1.Result is ….csv,34,1014004010230,甘奈,……,大崎甘奈,Landing Point編,1.Result is …
大崎甘奈\Landing Point編\1.Result is ….csv,36,1014004010240,甘奈,"……啊，制作人先生
你辛苦了……！",大崎甘奈,Landing Point編,1.Result is …
大崎甘奈\Landing Point編\1.Result is ….csv,38,1014004010250,甘奈,"嗯、嗯……！没问题！
Ok哦！",大崎甘奈,Landing Point編,1.Result is …
大崎甘奈\Landing Point編\1.Result is ….csv,40,1014004010260,甘奈,谢谢……！,大崎甘奈,Landing Point編,1.Result is …
大崎甘奈\Landing Point編\1.Result is ….csv,41,1014004010270,甘奈,……真想，取得好的结果啊……,大崎甘奈,Landing Point編,1.Result is …
大崎甘奈\Landing Point編\1.Result is ….csv,43,1014004010280,甘奈,"配合放映时期，如果电视剧能成功的话
我想单独演唱会也能变得更热闹！",大崎甘奈,Landing Point編,1.Result is …
大崎甘奈\Landing Point編\10.3曲目前コミュ《ユニット限定》.csv,9,5004004040030,甘奈,"没错没错
甘奈们还没『尽兴』呢！",大崎甘奈,Landing Point編,10.3曲目前コミュ《ユニット限定》
大崎甘奈\Landing Point編\11.ライブ3曲目前コミュ《個人》.csv,2,6014004030010,甘奈,"……
……呼……",大崎甘奈,Landing Point編,11.ライブ3曲目前コミュ《個人》
大崎甘奈\Landing Point編\11.ライブ3曲目前コミュ《個人》.csv,4,6014004030020,甘奈,诶嘿嘿，都是因为粉丝们好好注视着我们呢！,大崎甘奈,Landing Point編,11.ライブ3曲目前コミュ《個人》
大崎甘奈\Landing Point編\11.ライブ3曲目前コミュ《個人》.csv,7,6014004030030,甘奈,"…………
嗯……！",大崎甘奈,Landing Point編,11.ライブ3曲目前コミュ《個人》
大崎甘奈\Landing Point編\11.ライブ3曲目前コミュ《個人》.csv,8,6014004030040,甘奈,后半部分也会继续加油哦！,大崎甘奈,Landing Point編,11.ライブ3曲目前コミュ《個人》
大崎甘奈\Landing Point編\11.ライブ3曲目前コミュ《個人》.csv,9,6014004030050,甘奈,为了让今天的一切，也成为向前的重要一步……！,大崎甘奈,Landing Point編,11.ライブ3曲目前コミュ《個人》
大崎甘奈\Landing Point編\12.ライブ後コミュ《ユニット》.csv,2,5004004050010,甘奈,啊~……！,大崎甘奈,Landing Point編,12.ライブ後コミュ《ユニット》
大崎甘奈\Landing Point編\12.ライブ後コミュ《ユニット》.csv,3,5004004050020,甘奈,"演唱会，结束了呢……
有些寂寞呢……！",大崎甘奈,Landing Point編,12.ライブ後コミュ《ユニット》
大崎甘奈\Landing Point編\12.ライブ後コミュ《ユニット》.csv,10,5004004050090,甘奈,是……这样呢,大崎甘奈,Landing Point編,12.ライブ後コミュ《ユニット》
大崎甘奈\Landing Point編\12.ライブ後コミュ《ユニット》.csv,11,5004004050100,甘奈,"——那么！
今天，真的……",大崎甘奈,Landing Point編,12.ライブ後コミュ《ユニット》
大崎甘奈\Landing Point編\13.ライブ後コミュ《個人》大成功.csv,2,6014004040010,甘奈,……结束了……,大崎甘奈,Landing Point編,13.ライブ後コミュ《個人》大成功
大崎甘奈\Landing Point編\13.ライブ後コミュ《個人》大成功.csv,3,6014004040020,甘奈,但是大家，有好好地看着我们……,大崎甘奈,Landing Point編,13.ライブ後コミュ《個人》大成功
大崎甘奈\Landing Point編\13.ライブ後コミュ《個人》大成功.csv,5,6014004040030,甘奈,？是什么？,大崎甘奈,Landing Point編,13.ライブ後コミュ《個人》大成功
大崎甘奈\Landing Point編\13.ライブ後コミュ《個人》大成功.csv,7,6014004040040,甘奈,……是这样啊……！,大崎甘奈,Landing Point編,13.ライブ後コミュ《個人》大成功
大崎甘奈\Landing Point編\13.ライブ後コミュ《個人》大成功.csv,8,6014004040050,甘奈,……太好了……！,大崎甘奈,Landing Point編,13.ライブ後コミュ《個人》大成功
大崎甘奈\Landing Point編\13.ライブ後コミュ《個人》大成功.csv,10,6014004040060,甘奈,"不，没这回事哦！
毕竟我已经尽全力了嘛！",大崎甘奈,Landing Point編,13.ライブ後コミュ《個人》大成功
大崎甘奈\Landing Point編\13.ライブ後コミュ《個人》大成功.csv,11,6014004040070,甘奈,虽然，确实有些镜头没能展现,大崎甘奈,Landing Point編,13.ライブ後コミュ《個人》大成功
大崎甘奈\Landing Point編\13.ライブ後コミュ《個人》大成功.csv,12,6014004040080,甘奈,"但是那时候的努力也是甘奈的一部分
……好好支撑着今天的甘奈",大崎甘奈,Landing Point編,13.ライブ後コミュ《個人》大成功
大崎甘奈\Landing Point編\13.ライブ後コミュ《個人》大成功.csv,13,6014004040090,甘奈,"所以，我明白了
不存在没有意义的事情！",大崎甘奈,Landing Point編,13.ライブ後コミュ《個人》大成功
大崎甘奈\Landing Point編\13.ライブ後コミュ《個人》大成功.csv,15,6014004040100,甘奈,制作人先生！,大崎甘奈,Landing Point編,13.ライブ後コミュ《個人》大成功
大崎甘奈\Landing Point編\13.ライブ後コミュ《個人》大成功.csv,17,6014004040110,甘奈,明天起我也会好好加油哦☆,大崎甘奈,Landing Point編,13.ライブ後コミュ《個人》大成功
大崎甘奈\Landing Point編\14.Secret Effort ☆.csv,4,1014004060010,甘奈,"啊，找到了！制作人先生！
辛苦你了~☆",大崎甘奈,Landing Point編,14.Secret Effort ☆
大崎甘奈\Landing Point編\14.Secret Effort ☆.csv,5,1014004060020,甘奈,"是在收拾吧？
甘奈也来帮忙吧~",大崎甘奈,Landing Point編,14.Secret Effort ☆
大崎甘奈\Landing Point編\14.Secret Effort ☆.csv,7,1014004060030,甘奈,是吗？这捆杂志不需要搬出去吗？,大崎甘奈,Landing Point編,14.Secret Effort ☆
大崎甘奈\Landing Point編\14.Secret Effort ☆.csv,9,1014004060040,甘奈,这种程度没事的啦~,大崎甘奈,Landing Point編,14.Secret Effort ☆
大崎甘奈\Landing Point編\14.Secret Effort ☆.csv,11,1014004060050,甘奈,了解——,大崎甘奈,Landing Point編,14.Secret Effort ☆
大崎甘奈\Landing Point編\14.Secret Effort ☆.csv,12,1014004060060,甘奈,——啊，这个杂志我有看过~,大崎甘奈,Landing Point編,14.Secret Effort ☆
大崎甘奈\Landing Point編\14.Secret Effort ☆.csv,14,1014004060070,甘奈,嗯！参加时装设计比赛的时候参考过~,大崎甘奈,Landing Point編,14.Secret Effort ☆
大崎甘奈\Landing Point編\14.Secret Effort ☆.csv,15,1014004060080,甘奈,啊……,大崎甘奈,Landing Point編,14.Secret Effort ☆
大崎甘奈\Landing Point編\14.Secret Effort ☆.csv,16,1014004060090,甘奈,这本也是……,大崎甘奈,Landing Point編,14.Secret Effort ☆
大崎甘奈\Landing Point編\14.Secret Effort ☆.csv,18,1014004060100,甘奈,诶嘿嘿……,大崎甘奈,Landing Point編,14.Secret Effort ☆
大崎甘奈\Landing Point編\14.Secret Effort ☆.csv,19,1014004060110,甘奈,尽快收拾掉吧,大崎甘奈,Landing Point編,14.Secret Effort ☆
大崎甘奈\Landing Point編\14.Secret Effort ☆.csv,20,1014004060120,甘奈,（现在的话，一定……）,大崎甘奈,Landing Point編,14.Secret Effort ☆
大崎甘奈\Landing Point編\14.Secret Effort ☆.csv,21,1014004060130,甘奈,"制作人先生
那个——",大崎甘奈,Landing Point編,14.Secret Effort ☆
大崎甘奈\Landing Point編\14.Secret Effort ☆.csv,23,1014004060140,甘奈,！,大崎甘奈,Landing Point編,14.Secret Effort ☆
大崎甘奈\Landing Point編\14.Secret Effort ☆.csv,25,1014004060150,甘奈,……谢谢你！,大崎甘奈,Landing Point編,14.Secret Effort ☆
大崎甘奈\Landing Point編\14.Secret Effort ☆.csv,27,1014004060160,甘奈,"诶诶~这多不好~
这只是甘奈的任性而已~",大崎甘奈,Landing Point編,14.Secret Effort ☆
大崎甘奈\Landing Point編\14.Secret Effort ☆.csv,30,1014004060170,甘奈,诶……？,大崎甘奈,Landing Point編,14.Secret Effort ☆
大崎甘奈\Landing Point編\14.Secret Effort ☆.csv,32,1014004060180,甘奈,制作人先生……,大崎甘奈,Landing Point編,14.Secret Effort ☆
大崎甘奈\Landing Point編\14.Secret Effort ☆.csv,33,1014004060190,甘奈,"那就，一边找杂志
一边让我听听制作人的故事吧？",大崎甘奈,Landing Point編,14.Secret Effort ☆
大崎甘奈\Landing Point編\14.Secret Effort ☆.csv,35,1014004060200,甘奈,真是的，你明白的吧~？,大崎甘奈,Landing Point編,14.Secret Effort ☆
大崎甘奈\Landing Point編\14.Secret Effort ☆.csv,36,1014004060210,甘奈,制作人先生非常努力,大崎甘奈,Landing Point編,14.Secret Effort ☆
大崎甘奈\Landing Point編\14.Secret Effort ☆.csv,37,1014004060220,甘奈,但是，谁都不知道的故事☆,大崎甘奈,Landing Point編,14.Secret Effort ☆
大崎甘奈\Landing Point編\2.Most important.csv,6,1014004020010,甘奈,那么，请让我提一个问题——,大崎甘奈,Landing Point編,2.Most important
大崎甘奈\Landing Point編\2.Most important.csv,7,1014004020020,甘奈,"如果有什么指定我的理由
能请您告诉我吗？",大崎甘奈,Landing Point編,2.Most important
大崎甘奈\Landing Point編\2.Most important.csv,10,1014004020030,甘奈,『结果』……吗……？,大崎甘奈,Landing Point編,2.Most important
大崎甘奈\Landing Point編\2.Most important.csv,13,1014004020040,甘奈,原来如此……！,大崎甘奈,Landing Point編,2.Most important
大崎甘奈\Landing Point編\2.Most important.csv,15,1014004020050,甘奈,……！,大崎甘奈,Landing Point編,2.Most important
大崎甘奈\Landing Point編\2.Most important.csv,16,1014004020060,甘奈,非常感谢,大崎甘奈,Landing Point編,2.Most important
大崎甘奈\Landing Point編\2.Most important.csv,17,1014004020070,甘奈,"我一定会回应您的期待！
从今以后还请多多指教！",大崎甘奈,Landing Point編,2.Most important
大崎甘奈\Landing Point編\2.Most important.csv,19,1014004020080,甘奈,嗯……！,大崎甘奈,Landing Point編,2.Most important
大崎甘奈\Landing Point編\2.Most important.csv,20,1014004020090,甘奈,必须要……取得好结果呢……！,大崎甘奈,Landing Point編,2.Most important
大崎甘奈\Landing Point編\2.Most important.csv,23,1014004020100,甘奈,诶？,大崎甘奈,Landing Point編,2.Most important
大崎甘奈\Landing Point編\2.Most important.csv,25,1014004020110,甘奈,那个……,大崎甘奈,Landing Point編,2.Most important
大崎甘奈\Landing Point編\2.Most important.csv,26,1014004020120,甘奈,并没有什么特别的原因,大崎甘奈,Landing Point編,2.Most important
大崎甘奈\Landing Point編\2.Most important.csv,27,1014004020130,甘奈,只是觉得，结果真的是很重要呢,大崎甘奈,Landing Point編,2.Most important
大崎甘奈\Landing Point編\2.Most important.csv,28,1014004020140,甘奈,能展现给世人，并在大家记忆中留下印象的,大崎甘奈,Landing Point編,2.Most important
大崎甘奈\Landing Point編\2.Most important.csv,29,1014004020150,甘奈,果然还是那些得到认可的东西,大崎甘奈,Landing Point編,2.Most important
大崎甘奈\Landing Point編\2.Most important.csv,31,1014004020160,甘奈,嗯……,大崎甘奈,Landing Point編,2.Most important
大崎甘奈\Landing Point編\2.Most important.csv,32,1014004020170,甘奈,大家向甘奈寻求的，并不是做出了多少努力,大崎甘奈,Landing Point編,2.Most important
大崎甘奈\Landing Point編\2.Most important.csv,33,1014004020180,甘奈,而是将大家认可的东西，变成可以展现的有形之物……,大崎甘奈,Landing Point編,2.Most important
大崎甘奈\Landing Point編\2.Most important.csv,34,1014004020190,甘奈,……,大崎甘奈,Landing Point編,2.Most important
大崎甘奈\Landing Point編\2.Most important.csv,39,1014004020200,甘奈,"谢谢……！
我会注意不添麻烦的……！",大崎甘奈,Landing Point編,2.Most important
大崎甘奈\Landing Point編\2.Most important.csv,41,1014004020210,甘奈,但是……,大崎甘奈,Landing Point編,2.Most important
大崎甘奈\Landing Point編\2.Most important.csv,44,1014004020220,甘奈,……！,大崎甘奈,Landing Point編,2.Most important
大崎甘奈\Landing Point編\2.Most important.csv,45,1014004020230,甘奈,……,大崎甘奈,Landing Point編,2.Most important
大崎甘奈\Landing Point編\2.Most important.csv,46,1014004020240,甘奈,谢谢你……,大崎甘奈,Landing Point編,2.Most important
大崎甘奈\Landing Point編\2.Most important.csv,48,1014004020250,甘奈,嗯……！,大崎甘奈,Landing Point編,2.Most important
大崎甘奈\Landing Point編\3.Effort and effort.csv,3,1014004030010,甘奈,1……2……3……4……！,大崎甘奈,Landing Point編,3.Effort and effort
大崎甘奈\Landing Point編\3.Effort and effort.csv,6,1014004030020,甘奈,"哈啊……哈啊……
非常……感谢……！",大崎甘奈,Landing Point編,3.Effort and effort
大崎甘奈\Landing Point編\3.Effort and effort.csv,10,1014004030030,甘奈,好的！您辛苦了！,大崎甘奈,Landing Point編,3.Effort and effort
大崎甘奈\Landing Point編\3.Effort and effort.csv,12,1014004030040,甘奈,"啊，制作人先生……！
辛苦了！你来看我了啊！",大崎甘奈,Landing Point編,3.Effort and effort
大崎甘奈\Landing Point編\3.Effort and effort.csv,14,1014004030050,甘奈,"谢谢！从制作人先生的角度来看
有什么在意的地方吗？",大崎甘奈,Landing Point編,3.Effort and effort
大崎甘奈\Landing Point編\3.Effort and effort.csv,17,1014004030060,甘奈,……为什么？,大崎甘奈,Landing Point編,3.Effort and effort
大崎甘奈\Landing Point編\3.Effort and effort.csv,19,1014004030070,甘奈,……,大崎甘奈,Landing Point編,3.Effort and effort
大崎甘奈\Landing Point編\3.Effort and effort.csv,20,1014004030080,甘奈,嗯……,大崎甘奈,Landing Point編,3.Effort and effort
大崎甘奈\Landing Point編\3.Effort and effort.csv,22,1014004030090,甘奈,"……之前电视剧的排练
惹导演生气了",大崎甘奈,Landing Point編,3.Effort and effort
大崎甘奈\Landing Point編\3.Effort and effort.csv,23,1014004030100,甘奈,"他说，『对角色的理解太肤浅了
你这只是在照本宣科罢了』",大崎甘奈,Landing Point編,3.Effort and effort
大崎甘奈\Landing Point編\3.Effort and effort.csv,24,1014004030110,甘奈,『这样下去是不会有结果的』,大崎甘奈,Landing Point編,3.Effort and effort
大崎甘奈\Landing Point編\3.Effort and effort.csv,26,1014004030120,甘奈,嗯……,大崎甘奈,Landing Point編,3.Effort and effort
大崎甘奈\Landing Point編\3.Effort and effort.csv,27,1014004030130,甘奈,"所以我就想着
必须要变得能让导演认可才行……！",大崎甘奈,Landing Point編,3.Effort and effort
大崎甘奈\Landing Point編\3.Effort and effort.csv,28,1014004030140,甘奈,不然的话，是得不到好结果的,大崎甘奈,Landing Point編,3.Effort and effort
大崎甘奈\Landing Point編\3.Effort and effort.csv,30,1014004030150,甘奈,制作人先生，这之后练习室空着吗？,大崎甘奈,Landing Point編,3.Effort and effort
大崎甘奈\Landing Point編\3.Effort and effort.csv,32,1014004030160,甘奈,那，我可以继续使用吗？,大崎甘奈,Landing Point編,3.Effort and effort
大崎甘奈\Landing Point編\3.Effort and effort.csv,34,1014004030170,甘奈,嗯，还不要紧,大崎甘奈,Landing Point編,3.Effort and effort
大崎甘奈\Landing Point編\3.Effort and effort.csv,35,1014004030180,甘奈,"还有呢
也想商量一下日程表",大崎甘奈,Landing Point編,3.Effort and effort
大崎甘奈\Landing Point編\3.Effort and effort.csv,36,1014004030190,甘奈,我想再增加一点电视剧的练习时间,大崎甘奈,Landing Point編,3.Effort and effort
大崎甘奈\Landing Point編\3.Effort and effort.csv,38,1014004030200,甘奈,——但是，还不够……,大崎甘奈,Landing Point編,3.Effort and effort
大崎甘奈\Landing Point編\3.Effort and effort.csv,40,1014004030210,甘奈,……,大崎甘奈,Landing Point編,3.Effort and effort
大崎甘奈\Landing Point編\3.Effort and effort.csv,41,1014004030220,甘奈,嗯……,大崎甘奈,Landing Point編,3.Effort and effort
大崎甘奈\Landing Point編\3.Effort and effort.csv,42,1014004030230,甘奈,"但是……！不稍微勉强一下的话
电视剧的工作也好……单独演唱会也好……",大崎甘奈,Landing Point編,3.Effort and effort
大崎甘奈\Landing Point編\3.Effort and effort.csv,43,1014004030240,甘奈,感觉都会变得不上不下……！,大崎甘奈,Landing Point編,3.Effort and effort
大崎甘奈\Landing Point編\3.Effort and effort.csv,44,1014004030250,甘奈,"所以现在……
能答应我吗",大崎甘奈,Landing Point編,3.Effort and effort
大崎甘奈\Landing Point編\3.Effort and effort.csv,45,1014004030260,甘奈,我想要……好好取得结果,大崎甘奈,Landing Point編,3.Effort and effort
大崎甘奈\Landing Point編\3.Effort and effort.csv,48,1014004030270,甘奈,……,大崎甘奈,Landing Point編,3.Effort and effort
大崎甘奈\Landing Point編\3.Effort and effort.csv,50,1014004030280,甘奈,……嗯……,大崎甘奈,Landing Point編,3.Effort and effort
大崎甘奈\Landing Point編\3.Effort and effort.csv,52,1014004030290,甘奈,……谢谢你，制作人先生！,大崎甘奈,Landing Point編,3.Effort and effort
大崎甘奈\Landing Point編\4.How to give up.csv,4,1014004040010,甘奈,……,大崎甘奈,Landing Point編,4.How to give up
大崎甘奈\Landing Point編\4.How to give up.csv,17,1014004040020,甘奈,"——制作人先生……！
等一下……！",大崎甘奈,Landing Point編,4.How to give up
大崎甘奈\Landing Point編\4.How to give up.csv,19,1014004040030,甘奈,导演，真的非常抱歉……！,大崎甘奈,Landing Point編,4.How to give up
大崎甘奈\Landing Point編\4.How to give up.csv,20,1014004040040,甘奈,删减的情况，我已经明白了,大崎甘奈,Landing Point編,4.How to give up
大崎甘奈\Landing Point編\4.How to give up.csv,21,1014004040050,甘奈,"我会在其他镜头尽力挽回的
还请继续指教……！",大崎甘奈,Landing Point編,4.How to give up
大崎甘奈\Landing Point編\4.How to give up.csv,22,1014004040060,甘奈,……,大崎甘奈,Landing Point編,4.How to give up
大崎甘奈\Landing Point編\4.How to give up.csv,25,1014004040070,甘奈,嗯……没事……,大崎甘奈,Landing Point編,4.How to give up
大崎甘奈\Landing Point編\4.How to give up.csv,27,1014004040080,甘奈,但是……,大崎甘奈,Landing Point編,4.How to give up
大崎甘奈\Landing Point編\4.How to give up.csv,28,1014004040090,甘奈,又一次，失败了啊……,大崎甘奈,Landing Point編,4.How to give up
大崎甘奈\Landing Point編\4.How to give up.csv,30,1014004040100,甘奈,"……其实呢，不久之前
我参加了时装设计比赛",大崎甘奈,Landing Point編,4.How to give up
大崎甘奈\Landing Point編\4.How to give up.csv,32,1014004040110,甘奈,……嗯,大崎甘奈,Landing Point編,4.How to give up
大崎甘奈\Landing Point編\4.How to give up.csv,33,1014004040120,甘奈,"想要测试一下自己的能力……
……就瞒着制作人",大崎甘奈,Landing Point編,4.How to give up
大崎甘奈\Landing Point編\4.How to give up.csv,34,1014004040130,甘奈,……,大崎甘奈,Landing Point編,4.How to give up
大崎甘奈\Landing Point編\4.How to give up.csv,35,1014004040140,甘奈,"因为是超级喜欢的品牌
我买了好多杂志",大崎甘奈,Landing Point編,4.How to give up
大崎甘奈\Landing Point編\4.How to give up.csv,36,1014004040150,甘奈,做了好多研究,大崎甘奈,Landing Point編,4.How to give up
大崎甘奈\Landing Point編\4.How to give up.csv,37,1014004040160,甘奈,思考了好多种设计,大崎甘奈,Landing Point編,4.How to give up
大崎甘奈\Landing Point編\4.How to give up.csv,38,1014004040170,甘奈,但是，失败了……,大崎甘奈,Landing Point編,4.How to give up
大崎甘奈\Landing Point編\4.How to give up.csv,40,1014004040180,甘奈,"我非常努力了
但是，完全不行……",大崎甘奈,Landing Point編,4.How to give up
大崎甘奈\Landing Point編\4.How to give up.csv,41,1014004040190,甘奈,像这样的，这次是第二次……,大崎甘奈,Landing Point編,4.How to give up
大崎甘奈\Landing Point編\4.How to give up.csv,42,1014004040200,甘奈,……虽然，还只是第二次……,大崎甘奈,Landing Point編,4.How to give up
大崎甘奈\Landing Point編\4.How to give up.csv,44,1014004040210,甘奈,得不到想要的结果……,大崎甘奈,Landing Point編,4.How to give up
大崎甘奈\Landing Point編\4.How to give up.csv,45,1014004040220,甘奈,……真难受啊……,大崎甘奈,Landing Point編,4.How to give up
大崎甘奈\Landing Point編\4.How to give up.csv,50,1014004040230,甘奈,？,大崎甘奈,Landing Point編,4.How to give up
大崎甘奈\Landing Point編\4.How to give up.csv,52,1014004040240,甘奈,"……
可以是可以……要做什么吗？",大崎甘奈,Landing Point編,4.How to give up
大崎甘奈\Landing Point編\4.How to give up.csv,54,1014004040250,甘奈,"……那
我就得准备好训练服了呢",大崎甘奈,Landing Point編,4.How to give up
大崎甘奈\Landing Point編\4.How to give up.csv,56,1014004040260,甘奈,……我明白了,大崎甘奈,Landing Point編,4.How to give up
大崎甘奈\Landing Point編\5.Carve !.csv,2,1014004050010,甘奈,"制作人先生
我换好鞋子了",大崎甘奈,Landing Point編,5.Carve !
大崎甘奈\Landing Point編\5.Carve !.csv,4,1014004050020,甘奈,……,大崎甘奈,Landing Point編,5.Carve !
大崎甘奈\Landing Point編\5.Carve !.csv,6,1014004050030,甘奈,嗯，演唱会之前，我也一直有在锻炼体力呢,大崎甘奈,Landing Point編,5.Carve !
大崎甘奈\Landing Point編\5.Carve !.csv,8,1014004050040,甘奈,……,大崎甘奈,Landing Point編,5.Carve !
大崎甘奈\Landing Point編\5.Carve !.csv,10,1014004050050,甘奈,"……是啊
有点渴了，可以休息一下吗？",大崎甘奈,Landing Point編,5.Carve !
大崎甘奈\Landing Point編\5.Carve !.csv,13,1014004050060,甘奈,嗯，谢谢,大崎甘奈,Landing Point編,5.Carve !
大崎甘奈\Landing Point編\5.Carve !.csv,14,1014004050070,甘奈,"……
呼……",大崎甘奈,Landing Point編,5.Carve !
大崎甘奈\Landing Point編\5.Carve !.csv,16,1014004050080,甘奈,嗯，是啊……,大崎甘奈,Landing Point編,5.Carve !
大崎甘奈\Landing Point編\5.Carve !.csv,18,1014004050090,甘奈,……嗯,大崎甘奈,Landing Point編,5.Carve !
大崎甘奈\Landing Point編\5.Carve !.csv,20,1014004050100,甘奈,……那个，制作人先生,大崎甘奈,Landing Point編,5.Carve !
大崎甘奈\Landing Point編\5.Carve !.csv,22,1014004050110,甘奈,你是在担心我吧……？,大崎甘奈,Landing Point編,5.Carve !
大崎甘奈\Landing Point編\5.Carve !.csv,23,1014004050120,甘奈,因为甘奈很失落……,大崎甘奈,Landing Point編,5.Carve !
大崎甘奈\Landing Point編\5.Carve !.csv,25,1014004050130,甘奈,下一次工作……我会好好做的,大崎甘奈,Landing Point編,5.Carve !
大崎甘奈\Landing Point編\5.Carve !.csv,26,1014004050140,甘奈,……会好好做出成果的……,大崎甘奈,Landing Point編,5.Carve !
大崎甘奈\Landing Point編\5.Carve !.csv,28,1014004050150,甘奈,……嗯,大崎甘奈,Landing Point編,5.Carve !
大崎甘奈\Landing Point編\5.Carve !.csv,31,1014004050160,甘奈,诶,大崎甘奈,Landing Point編,5.Carve !
大崎甘奈\Landing Point編\5.Carve !.csv,32,1014004050161,甘奈＆プロデューサー,——哇！,大崎甘奈,Landing Point編,5.Carve !
大崎甘奈\Landing Point編\5.Carve !.csv,34,1014004050170,甘奈,嗯……都湿透了,大崎甘奈,Landing Point編,5.Carve !
大崎甘奈\Landing Point編\5.Carve !.csv,36,1014004050180,甘奈,……是呢,大崎甘奈,Landing Point編,5.Carve !
大崎甘奈\Landing Point編\5.Carve !.csv,38,1014004050190,甘奈,诶？,大崎甘奈,Landing Point編,5.Carve !
大崎甘奈\Landing Point編\5.Carve !.csv,41,1014004050200,甘奈,……,大崎甘奈,Landing Point編,5.Carve !
大崎甘奈\Landing Point編\5.Carve !.csv,43,1014004050210,甘奈,"……呵呵……
不，没有这回事哦……！",大崎甘奈,Landing Point編,5.Carve !
大崎甘奈\Landing Point編\5.Carve !.csv,44,1014004050220,甘奈,制作人先生明明浑身湿透，却说着这么有道理的话,大崎甘奈,Landing Point編,5.Carve !
大崎甘奈\Landing Point編\5.Carve !.csv,45,1014004050230,甘奈,"总觉得……诶嘿嘿……
越想越有趣……",大崎甘奈,Landing Point編,5.Carve !
大崎甘奈\Landing Point編\5.Carve !.csv,47,1014004050240,甘奈,"不过，谢谢你……！
感觉打起精神了！",大崎甘奈,Landing Point編,5.Carve !
大崎甘奈\Landing Point編\5.Carve !.csv,49,1014004050250,甘奈,嗯！,大崎甘奈,Landing Point編,5.Carve !
大崎甘奈\Landing Point編\5.Carve !.csv,50,1014004050260,甘奈,不过，这样一来就越来越不甘心了！,大崎甘奈,Landing Point編,5.Carve !
大崎甘奈\Landing Point編\5.Carve !.csv,51,1014004050270,甘奈,所以呢，甘奈会这样做,大崎甘奈,Landing Point編,5.Carve !
大崎甘奈\Landing Point編\5.Carve !.csv,52,1014004050280,甘奈,"时装设计大赛……！
好想赢啊……！",大崎甘奈,Landing Point編,5.Carve !
大崎甘奈\Landing Point編\5.Carve !.csv,53,1014004050290,甘奈,"电视剧的场景……！
全部……！都想要出演啊……！",大崎甘奈,Landing Point編,5.Carve !
大崎甘奈\Landing Point編\5.Carve !.csv,57,1014004050300,甘奈,嗯！这样就好！,大崎甘奈,Landing Point編,5.Carve !
大崎甘奈\Landing Point編\5.Carve !.csv,58,1014004050310,甘奈,这份心情，绝对不想忘记！,大崎甘奈,Landing Point編,5.Carve !
大崎甘奈\Landing Point編\5.Carve !.csv,59,1014004050320,甘奈,这份不甘心，是只属于甘奈的东西,大崎甘奈,Landing Point編,5.Carve !
大崎甘奈\Landing Point編\5.Carve !.csv,61,1014004050330,甘奈,那个努力到会对失败很不甘心的，过去的自己,大崎甘奈,Landing Point編,5.Carve !
大崎甘奈\Landing Point編\5.Carve !.csv,62,1014004050340,甘奈,甘奈，是绝对不会忘记的,大崎甘奈,Landing Point編,5.Carve !
大崎甘奈\Landing Point編\5.Carve !.csv,63,1014004050350,甘奈,也绝对不想忘记……！,大崎甘奈,Landing Point編,5.Carve !
大崎甘奈\Landing Point編\5.Carve !.csv,69,1014004050360,甘奈,……嗯！,大崎甘奈,Landing Point編,5.Carve !
大崎甘奈\Landing Point編\5.Carve !.csv,71,1014004050370,甘奈,……谢谢！,大崎甘奈,Landing Point編,5.Carve !
大崎甘奈\Landing Point編\5.Carve !.csv,72,1014004050380,甘奈,……嗯！,大崎甘奈,Landing Point編,5.Carve !
大崎甘奈\Landing Point編\5.Carve !.csv,74,1014004050381,甘奈＆プロデューサー,…………,大崎甘奈,Landing Point編,5.Carve !
大崎甘奈\Landing Point編\5.Carve !.csv,76,1014004050390,甘奈,诶嘿嘿……没有消失呢,大崎甘奈,Landing Point編,5.Carve !
大崎甘奈\Landing Point編\5.Carve !.csv,77,1014004050400,甘奈,制作人先生……有吗？,大崎甘奈,Landing Point編,5.Carve !
大崎甘奈\Landing Point編\5.Carve !.csv,79,1014004050410,甘奈,非常努力却没有结果的经历,大崎甘奈,Landing Point編,5.Carve !
大崎甘奈\Landing Point編\5.Carve !.csv,81,1014004050420,甘奈,诶，原来有啊……,大崎甘奈,Landing Point編,5.Carve !
大崎甘奈\Landing Point編\5.Carve !.csv,83,1014004050430,甘奈,……这次不行吗？,大崎甘奈,Landing Point編,5.Carve !
大崎甘奈\Landing Point編\5.Carve !.csv,85,1014004050440,甘奈,……呵呵，是这样啊……！,大崎甘奈,Landing Point編,5.Carve !
大崎甘奈\Landing Point編\6.1曲目前コミュ《ユニット限定》.csv,2,5004004010010,甘奈,……——,大崎甘奈,Landing Point編,6.1曲目前コミュ《ユニット限定》
大崎甘奈\Landing Point編\6.1曲目前コミュ《ユニット限定》.csv,5,5004004010040,甘奈,"哇……！嗯！
那就三人一起补充能量吧☆",大崎甘奈,Landing Point編,6.1曲目前コミュ《ユニット限定》
大崎甘奈\Landing Point編\6.1曲目前コミュ《ユニット限定》.csv,6,5004004010050,甘奈,那个，甜花酱在——,大崎甘奈,Landing Point編,6.1曲目前コミュ《ユニット限定》
大崎甘奈\Landing Point編\6.1曲目前コミュ《ユニット限定》.csv,10,5004004010090,甘奈,"——来，甜花酱
我们牵手吧？",大崎甘奈,Landing Point編,6.1曲目前コミュ《ユニット限定》
大崎甘奈\Landing Point編\6.1曲目前コミュ《ユニット限定》.csv,12,5004004010110,甘奈,千雪姐也来,大崎甘奈,Landing Point編,6.1曲目前コミュ《ユニット限定》
大崎甘奈\Landing Point編\6.1曲目前コミュ《ユニット限定》.csv,13,5004004010120,甘奈,那么，要上咯——,大崎甘奈,Landing Point編,6.1曲目前コミュ《ユニット限定》
大崎甘奈\Landing Point編\6.1曲目前コミュ《ユニット限定》.csv,14,5004004010121,甘奈＆千雪,～～～～～～～…………！,大崎甘奈,Landing Point編,6.1曲目前コミュ《ユニット限定》
大崎甘奈\Landing Point編\6.1曲目前コミュ《ユニット限定》.csv,16,5004004010140,甘奈,"——好
充能完毕☆",大崎甘奈,Landing Point編,6.1曲目前コミュ《ユニット限定》
大崎甘奈\Landing Point編\7.ライブ1曲目前コミュ《個人》.csv,2,6014004010010,甘奈,……,大崎甘奈,Landing Point編,7.ライブ1曲目前コミュ《個人》
大崎甘奈\Landing Point編\7.ライブ1曲目前コミュ《個人》.csv,3,6014004010020,甘奈,观众席的声音，听得超清楚,大崎甘奈,Landing Point編,7.ライブ1曲目前コミュ《個人》
大崎甘奈\Landing Point編\7.ライブ1曲目前コミュ《個人》.csv,5,6014004010030,甘奈,诶嘿嘿，是这样呢……！,大崎甘奈,Landing Point編,7.ライブ1曲目前コミュ《個人》
大崎甘奈\Landing Point編\7.ライブ1曲目前コミュ《個人》.csv,7,6014004010040,甘奈,嗯……大家，注视着我们……！,大崎甘奈,Landing Point編,7.ライブ1曲目前コミュ《個人》
大崎甘奈\Landing Point編\7.ライブ1曲目前コミュ《個人》.csv,8,6014004010050,甘奈,所以，我会尽全力……,大崎甘奈,Landing Point編,7.ライブ1曲目前コミュ《個人》
大崎甘奈\Landing Point編\7.ライブ1曲目前コミュ《個人》.csv,9,6014004010060,甘奈,带去一场能深深停留在记忆中的演唱会☆,大崎甘奈,Landing Point編,7.ライブ1曲目前コミュ《個人》
大崎甘奈\Landing Point編\7.ライブ1曲目前コミュ《個人》.csv,10,6014004010070,甘奈,我去去就回！,大崎甘奈,Landing Point編,7.ライブ1曲目前コミュ《個人》
大崎甘奈\Landing Point編\8.2曲目前コミュ《ユニット限定》.csv,2,5004004030010,甘奈,————大家~！,大崎甘奈,Landing Point編,8.2曲目前コミュ《ユニット限定》
大崎甘奈\Landing Point編\8.2曲目前コミュ《ユニット限定》.csv,3,5004004030020,甘奈,"ALSTROEMERIA的单独演唱会——
大家觉得开心吗~？",大崎甘奈,Landing Point編,8.2曲目前コミュ《ユニット限定》
大崎甘奈\Landing Point編\8.2曲目前コミュ《ユニット限定》.csv,9,5004004030070,甘奈,"诶嘿嘿
甘奈们和大家，好像是一样的心情呢！",大崎甘奈,Landing Point編,8.2曲目前コミュ《ユニット限定》
大崎甘奈\Landing Point編\9.ライブ2曲目前コミュ《個人》.csv,2,6014004020010,甘奈,大家~！我是甘奈哦~！,大崎甘奈,Landing Point編,9.ライブ2曲目前コミュ《個人》
大崎甘奈\Landing Point編\9.ライブ2曲目前コミュ《個人》.csv,3,6014004020020,甘奈,诶嘿嘿，大家看起来很开心呢~！,大崎甘奈,Landing Point編,9.ライブ2曲目前コミュ《個人》
大崎甘奈\Landing Point編\9.ライブ2曲目前コミュ《個人》.csv,4,6014004020030,甘奈,虽然有些突然，但是甘奈有话想对大家说~！,大崎甘奈,Landing Point編,9.ライブ2曲目前コミュ《個人》
大崎甘奈\Landing Point編\9.ライブ2曲目前コミュ《個人》.csv,5,6014004020040,甘奈,一直以来都好好关注着甘奈……,大崎甘奈,Landing Point編,9.ライブ2曲目前コミュ《個人》
大崎甘奈\Landing Point編\9.ライブ2曲目前コミュ《個人》.csv,6,6014004020050,甘奈,谢谢你们~！,大崎甘奈,Landing Point編,9.ライブ2曲目前コミュ《個人》
大崎甘奈\Landing Point編\9.ライブ2曲目前コミュ《個人》.csv,7,6014004020060,甘奈,正是因为大家来听甘奈的歌,大崎甘奈,Landing Point編,9.ライブ2曲目前コミュ《個人》
大崎甘奈\Landing Point編\9.ライブ2曲目前コミュ《個人》.csv,8,6014004020070,甘奈,为甘奈加油呐喊,大崎甘奈,Landing Point編,9.ライブ2曲目前コミュ《個人》
大崎甘奈\Landing Point編\9.ライブ2曲目前コミュ《個人》.csv,9,6014004020080,甘奈,甘奈才能拼命努力——！,大崎甘奈,Landing Point編,9.ライブ2曲目前コミュ《個人》
大崎甘奈\Landing Point編\9.ライブ2曲目前コミュ《個人》.csv,10,6014004020090,甘奈,所以，真的……,大崎甘奈,Landing Point編,9.ライブ2曲目前コミュ《個人》
大崎甘奈\Landing Point編\9.ライブ2曲目前コミュ《個人》.csv,11,6014004020100,甘奈,谢谢大家~！,大崎甘奈,Landing Point編,9.ライブ2曲目前コミュ《個人》
大崎甘奈\Morning\Morning①.csv,2,1014001000110010,甘奈,"嗯~，这个问题的解法在教材的……
啊！有了有了☆",大崎甘奈,Morning,Morning①
大崎甘奈\Morning\Morning①.csv,4,1014001000110020,甘奈,"没错——
下次，会有一个小测验",大崎甘奈,Morning,Morning①
大崎甘奈\Morning\Morning①.csv,9,1014001000110030,甘奈,"嗯
虽然很难，但我也有好好的学习了呢☆",大崎甘奈,Morning,Morning①
大崎甘奈\Morning\Morning①.csv,10,1014001000110040,甘奈,"其实甘奈呢，意外的成绩很好哦？
这次考试也肯定能拿到很不错的分数哦ー！",大崎甘奈,Morning,Morning①
大崎甘奈\Morning\Morning①.csv,12,1014001000110050,甘奈,"现在虽然解不出来
但学生时期一定能解出来吧",大崎甘奈,Morning,Morning①
大崎甘奈\Morning\Morning①.csv,13,1014001000110060,甘奈,"制作人先生，在学生时代是什么样的呢？
真让人浮想联翩啊",大崎甘奈,Morning,Morning①
大崎甘奈\Morning\Morning①.csv,15,1014001000110070,甘奈,"那不是当然的吗？
难不成在这方面对我不放心吗？",大崎甘奈,Morning,Morning①
大崎甘奈\Morning\Morning①.csv,16,1014001000110080,甘奈,"偶像活动也好学习也好我会兼顾两边的。
这一点你可以相信我，制作人先生",大崎甘奈,Morning,Morning①
大崎甘奈\Morning\Morning②.csv,3,1014001000210010,甘奈,"哇
这件衣服，不是超可爱的吗？",大崎甘奈,Morning,Morning②
大崎甘奈\Morning\Morning②.csv,4,1014001000210020,甘奈,这种款式，甘奈最喜欢了,大崎甘奈,Morning,Morning②
大崎甘奈\Morning\Morning②.csv,9,1014001000210030,甘奈,"嗯！
成为偶像的话，能穿到各种各样的服装吧",大崎甘奈,Morning,Morning②
大崎甘奈\Morning\Morning②.csv,10,1014001000210040,甘奈,"会是什么样的服装呢——
甘奈，好期待☆",大崎甘奈,Morning,Morning②
大崎甘奈\Morning\Morning②.csv,12,1014001000210050,甘奈,"嗯，喜欢！
边参考杂志考虑穿搭也很喜欢哟",大崎甘奈,Morning,Morning②
大崎甘奈\Morning\Morning②.csv,13,1014001000210060,甘奈,"橱窗购物也让人心动不已——
时尚，真的是非常有意思呢！",大崎甘奈,Morning,Morning②
大崎甘奈\Morning\Morning②.csv,15,1014001000210070,甘奈,"什么都好看？
只有这样吗——",大崎甘奈,Morning,Morning②
大崎甘奈\Morning\Morning②.csv,16,1014001000210080,甘奈,希望制作人先生能给出点意见啊~,大崎甘奈,Morning,Morning②
大崎甘奈\Morning\Morning③.csv,2,1014001000310010,甘奈,美甲，差不多该换一种了吧——,大崎甘奈,Morning,Morning③
大崎甘奈\Morning\Morning③.csv,4,1014001000310020,甘奈,"我正在想下一个美甲该做什么样的呢
制作人先生觉得什么样的比较好呢？",大崎甘奈,Morning,Morning③
大崎甘奈\Morning\Morning③.csv,9,1014001000310030,甘奈,"说的对啊！
简单一点，充满大人的感觉也很不错啊——☆",大崎甘奈,Morning,Morning③
大崎甘奈\Morning\Morning③.csv,10,1014001000310040,甘奈,"不愧是，制作人先生！
很懂啊☆",大崎甘奈,Morning,Morning③
大崎甘奈\Morning\Morning③.csv,12,1014001000310050,甘奈,"流行嘛——
最近好像很流行自然色的样子呐——！",大崎甘奈,Morning,Morning③
大崎甘奈\Morning\Morning③.csv,13,1014001000310060,甘奈,下次，参考一下杂志吧,大崎甘奈,Morning,Morning③
大崎甘奈\Morning\Morning③.csv,15,1014001000310070,甘奈,"嗯——……
华丽一点虽然也不坏",大崎甘奈,Morning,Morning③
大崎甘奈\Morning\Morning③.csv,16,1014001000310080,甘奈,但做得太过火会变得很辣眼睛吧——,大崎甘奈,Morning,Morning③
大崎甘奈\Morning\Morning④.csv,2,1014001000410010,甘奈,诶，这样弄感觉很不错哦——,大崎甘奈,Morning,Morning④
大崎甘奈\Morning\Morning④.csv,4,1014001000410020,甘奈,"啊，快看快看！ 制作人先生！
之前拍的这张照片，不觉得超——可爱的吗？",大崎甘奈,Morning,Morning④
大崎甘奈\Morning\Morning④.csv,9,1014001000410030,甘奈,"对吧，这个猫耳，很可爱吧！
最近的应用好厉害啊——！",大崎甘奈,Morning,Morning④
大崎甘奈\Morning\Morning④.csv,10,1014001000410040,甘奈,"按下这里的话，就可以拍出这种风格的照片
这里这样做的话，这种编辑都可以做到哦☆",大崎甘奈,Morning,Morning④
大崎甘奈\Morning\Morning④.csv,12,1014001000410050,甘奈,"是吧ー☆
这张，十分中意呢——！",大崎甘奈,Morning,Morning④
大崎甘奈\Morning\Morning④.csv,13,1014001000410060,甘奈,"拍出不错的照片的话
心情也会跟着变得不错呢——！",大崎甘奈,Morning,Morning④
大崎甘奈\Morning\Morning④.csv,15,1014001000410070,甘奈,"虽然我也觉得表情很不错——
但还是从整体上来看也很可爱的吧",大崎甘奈,Morning,Morning④
大崎甘奈\Morning\Morning④.csv,16,1014001000410080,甘奈,再拍摄许多各种各样的可爱的照片啊——,大崎甘奈,Morning,Morning④
大崎甘奈\Morning\Morning⑤.csv,3,1014001000510010,甘奈,"啊，从小甜花那里传来了短信
还附带图像啊——",大崎甘奈,Morning,Morning⑤
大崎甘奈\Morning\Morning⑤.csv,4,1014001000510020,甘奈,"诶嘿嘿，
还是那么可爱啊～，小甜花",大崎甘奈,Morning,Morning⑤
大崎甘奈\Morning\Morning⑤.csv,9,1014001000510030,甘奈,"当然的啦——！
甘奈可喜欢小甜花了☆",大崎甘奈,Morning,Morning⑤
大崎甘奈\Morning\Morning⑤.csv,10,1014001000510040,甘奈,"光是看到小甜花的短信就能重新打起精神了
该怎么回信呢——？",大崎甘奈,Morning,Morning⑤
大崎甘奈\Morning\Morning⑤.csv,12,1014001000510050,甘奈,偶尔也会有人这么说哦,大崎甘奈,Morning,Morning⑤
大崎甘奈\Morning\Morning⑤.csv,13,1014001000510060,甘奈,"但是，甘奈从来没这么想过
毕竟一直都在依赖小甜花嘛",大崎甘奈,Morning,Morning⑤
大崎甘奈\Morning\Morning⑤.csv,15,1014001000510070,甘奈,诶嘿嘿，羡慕吧？,大崎甘奈,Morning,Morning⑤
大崎甘奈\Morning\Morning⑤.csv,16,1014001000510080,甘奈,但是，小甜花是只属于甘奈的姐姐哦！,大崎甘奈,Morning,Morning⑤
大崎甘奈\Morning\Morning⑥.csv,3,1014001000610010,甘奈,"嗯——
最近，因为训练过度导致有点疲惫了",大崎甘奈,Morning,Morning⑥
大崎甘奈\Morning\Morning⑥.csv,4,1014001000610020,甘奈,"但是没关系的☆
今天也得努力呢！",大崎甘奈,Morning,Morning⑥
大崎甘奈\Morning\Morning⑥.csv,9,1014001000610030,甘奈,"真的——？
诶嘿嘿，那样的话甘奈也要加油了☆",大崎甘奈,Morning,Morning⑥
大崎甘奈\Morning\Morning⑥.csv,10,1014001000610040,甘奈,"是在鼓励我吧？
谢谢，制作人先生！",大崎甘奈,Morning,Morning⑥
大崎甘奈\Morning\Morning⑥.csv,12,1014001000610050,甘奈,"是这样吗？
……嗯——确实感觉身体轻快一些了！",大崎甘奈,Morning,Morning⑥
大崎甘奈\Morning\Morning⑥.csv,13,1014001000610060,甘奈,"以后感到疲惫的时候
就做一下舒展运动吧！",大崎甘奈,Morning,Morning⑥
大崎甘奈\Morning\Morning⑥.csv,15,1014001000610070,甘奈,"嗯
休息很重要这件事，甘奈自己也很清楚",大崎甘奈,Morning,Morning⑥
大崎甘奈\Morning\Morning⑥.csv,16,1014001000610080,甘奈,"但是，训练也同样重要
所以平常就要注意管理好自己的身体呐！",大崎甘奈,Morning,Morning⑥
大崎甘奈\Morning\Morning⑦.csv,2,1014001000710010,甘奈,"哦，制作人先生！
听我说听我说——",大崎甘奈,Morning,Morning⑦
大崎甘奈\Morning\Morning⑦.csv,4,1014001000710020,甘奈,"诶嘿
不久，常去的那家店会有打折活动哦☆",大崎甘奈,Morning,Morning⑦
大崎甘奈\Morning\Morning⑦.csv,9,1014001000710030,甘奈,"检查广告可是重要事项！
思考要买什么真的十分有趣！",大崎甘奈,Morning,Morning⑦
大崎甘奈\Morning\Morning⑦.csv,10,1014001000710040,甘奈,"存好自己的零用钱
想要的衣服，完美地把他它拿下☆",大崎甘奈,Morning,Morning⑦
大崎甘奈\Morning\Morning⑦.csv,12,1014001000710050,甘奈,"虽然是打折，但也不能随便买哦？
要存钱的嘛☆",大崎甘奈,Morning,Morning⑦
大崎甘奈\Morning\Morning⑦.csv,13,1014001000710060,甘奈,"只能买自己真正喜欢的东西呐——
忍耐，忍耐！",大崎甘奈,Morning,Morning⑦
大崎甘奈\Morning\Morning⑦.csv,15,1014001000710070,甘奈,"就是因为拥挤才有趣啊！
能让人情绪高涨起来",大崎甘奈,Morning,Morning⑦
大崎甘奈\Morning\Morning⑦.csv,16,1014001000710080,甘奈,难不成只有女孩子会这么觉得吧——？,大崎甘奈,Morning,Morning⑦
大崎甘奈\W.I.N.G.編\growing sweet.csv,2,1014001050010,甘奈,,大崎甘奈,W.I.N.G.編,growing sweet
大崎甘奈\W.I.N.G.編\growing sweet.csv,3,1014001050020,甘奈,"甘奈，必须要加油……才行呢
想让粉丝们看见甘奈好的一面……",大崎甘奈,W.I.N.G.編,growing sweet
大崎甘奈\W.I.N.G.編\growing sweet.csv,7,1014001050030,甘奈,"制作人……
甘奈，看起来在紧张吗",大崎甘奈,W.I.N.G.編,growing sweet
大崎甘奈\W.I.N.G.編\growing sweet.csv,9,1014001050040,甘奈,"是吗……
其实……说出来制作人你不要笑哦……",大崎甘奈,W.I.N.G.編,growing sweet
大崎甘奈\W.I.N.G.編\growing sweet.csv,10,1014001050050,甘奈,"“想和甜花一起闪耀！甘奈想要认真做偶像！”
开始这么想之后",大崎甘奈,W.I.N.G.編,growing sweet
大崎甘奈\W.I.N.G.編\growing sweet.csv,11,1014001050060,甘奈,"突然变得害怕失败了
诶嘿嘿。这样会不像甘奈吗？",大崎甘奈,W.I.N.G.編,growing sweet
大崎甘奈\W.I.N.G.編\growing sweet.csv,13,1014001050070,甘奈,是这样吗？,大崎甘奈,W.I.N.G.編,growing sweet
大崎甘奈\W.I.N.G.編\growing sweet.csv,15,1014001050080,甘奈,"虽然自己没注意过……
也许是吧",大崎甘奈,W.I.N.G.編,growing sweet
大崎甘奈\W.I.N.G.編\growing sweet.csv,17,1014001050090,甘奈,"甘奈知道的哦，只要像往常一样
虽然知道……但这么紧张还是第一次啊",大崎甘奈,W.I.N.G.編,growing sweet
大崎甘奈\W.I.N.G.編\growing sweet.csv,18,1014001050100,甘奈,"甘奈真的能行吗？
不会失败吗？",大崎甘奈,W.I.N.G.編,growing sweet
大崎甘奈\W.I.N.G.編\growing sweet.csv,22,1014001050110,甘奈,……说的是啊！,大崎甘奈,W.I.N.G.編,growing sweet
大崎甘奈\W.I.N.G.編\growing sweet.csv,24,1014001050120,甘奈,嗯，最近的甜花……真的很努力,大崎甘奈,W.I.N.G.編,growing sweet
大崎甘奈\W.I.N.G.編\growing sweet.csv,25,1014001050130,甘奈,"正因为不断奋战着
才会那么耀眼夺目呢！",大崎甘奈,W.I.N.G.編,growing sweet
大崎甘奈\W.I.N.G.編\growing sweet.csv,27,1014001050140,甘奈,"……怎么做……吗
答案，就只有一个对吧",大崎甘奈,W.I.N.G.編,growing sweet
大崎甘奈\W.I.N.G.編\growing sweet.csv,28,1014001050150,甘奈,"想要和甜花一起闪耀！
甘奈也要努力",大崎甘奈,W.I.N.G.編,growing sweet
大崎甘奈\W.I.N.G.編\growing sweet.csv,29,1014001050160,甘奈,"好好看着哦，制作人
甘奈绝对会让这场演出成功的！",大崎甘奈,W.I.N.G.編,growing sweet
大崎甘奈\W.I.N.G.編\growing sweet.csv,30,1014001050170,甘奈,诶……？,大崎甘奈,W.I.N.G.編,growing sweet
大崎甘奈\W.I.N.G.編\growing sweet.csv,34,1014001050180,甘奈,……嗯，也许是吧,大崎甘奈,W.I.N.G.編,growing sweet
大崎甘奈\W.I.N.G.編\growing sweet.csv,35,1014001050190,甘奈,"但是……没关系的对吧？
因为甘奈不是独自一人",大崎甘奈,W.I.N.G.編,growing sweet
大崎甘奈\W.I.N.G.編\growing sweet.csv,37,1014001050200,甘奈,而且……制作人也在是吧？,大崎甘奈,W.I.N.G.編,growing sweet
大崎甘奈\W.I.N.G.編\growing sweet.csv,39,1014001050210,甘奈,"诶嘿嘿，感觉心里变得踏实了些
不会再害怕失败了",大崎甘奈,W.I.N.G.編,growing sweet
大崎甘奈\W.I.N.G.編\growing sweet.csv,41,1014001050220,甘奈,"嗯，是这样呢
是因为有大家在身边，甘奈才能努力！",大崎甘奈,W.I.N.G.編,growing sweet
大崎甘奈\W.I.N.G.編\growing sweet.csv,42,1014001050230,甘奈,"谢谢你，制作人！
甘奈过去了！",大崎甘奈,W.I.N.G.編,growing sweet
大崎甘奈\W.I.N.G.編\growing sweet.csv,44,1014001050240,甘奈,"嗯，也许吧
因为想要和甜花一起闪耀……",大崎甘奈,W.I.N.G.編,growing sweet
大崎甘奈\W.I.N.G.編\growing sweet.csv,46,1014001050250,甘奈,"嗯，非常开心，还有希望大家也能好好享受！
就是这种感觉吧",大崎甘奈,W.I.N.G.編,growing sweet
大崎甘奈\W.I.N.G.編\growing sweet.csv,47,1014001050260,甘奈,很紧张，也很兴奋！,大崎甘奈,W.I.N.G.編,growing sweet
大崎甘奈\W.I.N.G.編\growing sweet.csv,49,1014001050270,甘奈,……嗯！,大崎甘奈,W.I.N.G.編,growing sweet
大崎甘奈\W.I.N.G.編\growing sweet.csv,51,1014001050280,甘奈,"……嗯……各种各样的舞台和活动，
每一次都感觉很开心呢",大崎甘奈,W.I.N.G.編,growing sweet
大崎甘奈\W.I.N.G.編\growing sweet.csv,53,1014001050290,甘奈,"嗯
甘奈从没有觉得不愉快呢",大崎甘奈,W.I.N.G.編,growing sweet
大崎甘奈\W.I.N.G.編\growing sweet.csv,54,1014001050300,甘奈,"……啊，是这样啊
现在，开心的事情正等着甘奈呢",大崎甘奈,W.I.N.G.編,growing sweet
大崎甘奈\W.I.N.G.編\growing sweet.csv,55,1014001050310,甘奈,对吧？制作人,大崎甘奈,W.I.N.G.編,growing sweet
大崎甘奈\W.I.N.G.編\growing sweet.csv,57,1014001050320,甘奈,"诶嘿嘿，甘奈
好像忘记了很重要的事情呢",大崎甘奈,W.I.N.G.編,growing sweet
大崎甘奈\W.I.N.G.編\growing sweet.csv,58,1014001050330,甘奈,"能想起来都是多亏了制作人！
甘奈会好好享受这个舞台的☆",大崎甘奈,W.I.N.G.編,growing sweet
大崎甘奈\W.I.N.G.編\produce_events_101400002.csv,7,1014001010020,甘奈,"好的
名字是大崎甘奈。17岁哦！",大崎甘奈,W.I.N.G.編,produce_events_101400002
大崎甘奈\W.I.N.G.編\produce_events_101400002.csv,9,1014001010030,甘奈,诶嘿，在学校里也经常被人这么说呢☆,大崎甘奈,W.I.N.G.編,produce_events_101400002
大崎甘奈\W.I.N.G.編\produce_events_101400002.csv,11,1014001010040,甘奈,"那个啊……跟朋友聊聊时尚的话题，
放学后会去购物之类的",大崎甘奈,W.I.N.G.編,produce_events_101400002
大崎甘奈\W.I.N.G.編\produce_events_101400002.csv,12,1014001010050,甘奈,啊，最近比较喜欢自拍☆,大崎甘奈,W.I.N.G.編,produce_events_101400002
大崎甘奈\W.I.N.G.編\produce_events_101400002.csv,14,1014001010060,甘奈,"当然了！
然后经常被人说外表看起来挺辣妹风的",大崎甘奈,W.I.N.G.編,produce_events_101400002
大崎甘奈\W.I.N.G.編\produce_events_101400002.csv,15,1014001010070,甘奈,"这也是因为，
想要尽情享受只有现在才能做到的事",大崎甘奈,W.I.N.G.編,produce_events_101400002
大崎甘奈\W.I.N.G.編\produce_events_101400002.csv,18,1014001010080,甘奈,"这个嘛，
是因为想和甜花一起成为偶像哦",大崎甘奈,W.I.N.G.編,produce_events_101400002
大崎甘奈\W.I.N.G.編\produce_events_101400002.csv,20,1014001010090,甘奈,"对对！
甜花她啊，超可爱的！",大崎甘奈,W.I.N.G.編,produce_events_101400002
大崎甘奈\W.I.N.G.編\produce_events_101400002.csv,21,1014001010100,甘奈,"甜花成为偶像的话，
大家肯定会被迷得神魂颠倒的！",大崎甘奈,W.I.N.G.編,produce_events_101400002
大崎甘奈\W.I.N.G.編\produce_events_101400002.csv,23,1014001010110,甘奈,当然，很喜欢哦☆,大崎甘奈,W.I.N.G.編,produce_events_101400002
大崎甘奈\W.I.N.G.編\produce_events_101400002.csv,25,1014001010120,甘奈,"诶嘿，是这样呢
那个，理由是吧",大崎甘奈,W.I.N.G.編,produce_events_101400002
大崎甘奈\W.I.N.G.編\produce_events_101400002.csv,26,1014001010130,甘奈,"甘奈啊，想和甜花一起成为偶像，
想和甜花一起闪耀",大崎甘奈,W.I.N.G.編,produce_events_101400002
大崎甘奈\W.I.N.G.編\produce_events_101400002.csv,27,1014001010140,甘奈,这个理由可以吗？,大崎甘奈,W.I.N.G.編,produce_events_101400002
大崎甘奈\W.I.N.G.編\produce_events_101400002.csv,29,1014001010150,甘奈,"没关系！
并不是随便说说的",大崎甘奈,W.I.N.G.編,produce_events_101400002
大崎甘奈\W.I.N.G.編\produce_events_101400002.csv,30,1014001010160,甘奈,"甘奈打算要做的话就认真做
不想给支持着自己的事务所的人们添麻烦呢",大崎甘奈,W.I.N.G.編,produce_events_101400002
大崎甘奈\W.I.N.G.編\produce_events_101400002.csv,35,1014001010170,甘奈,"诶，真的吗？
甘奈合格了？",大崎甘奈,W.I.N.G.編,produce_events_101400002
大崎甘奈\W.I.N.G.編\produce_events_101400002.csv,37,1014001010180,甘奈,"太好了
甘奈才是，请多关照！",大崎甘奈,W.I.N.G.編,produce_events_101400002
大崎甘奈\W.I.N.G.編\オーディション前①.csv,2,4014001000110010,甘奈,哇——，好像稍微有点心跳加速了呢！,大崎甘奈,W.I.N.G.編,オーディション前①
大崎甘奈\W.I.N.G.編\オーディション前①.csv,7,4014001000110020,甘奈,"诶嘿嘿☆　笑容的话甘奈很擅长哦！
这次也会加油的！",大崎甘奈,W.I.N.G.編,オーディション前①
大崎甘奈\W.I.N.G.編\オーディション前①.csv,9,4014001000110030,甘奈,"总会有办法的……吗！　诶嘿嘿，是这样啊☆
那甘奈也会尽力优胜的！",大崎甘奈,W.I.N.G.編,オーディション前①
大崎甘奈\W.I.N.G.編\オーディション前①.csv,11,4014001000110040,甘奈,"诶诶～
希望能说得再具体一些",大崎甘奈,W.I.N.G.編,オーディション前①
大崎甘奈\W.I.N.G.編\オーディション前②.csv,2,4014001000120010,甘奈,"课程的结果都能展现出来吗？
……稍微有些不安呢",大崎甘奈,W.I.N.G.編,オーディション前②
大崎甘奈\W.I.N.G.編\オーディション前②.csv,7,4014001000120020,甘奈,"嗯……一，二——……啊，好像没问题！
只要像这样表演就行了吧。谢谢！",大崎甘奈,W.I.N.G.編,オーディション前②
大崎甘奈\W.I.N.G.編\オーディション前②.csv,9,4014001000120030,甘奈,"……也是呢……甘奈试试！
嗯，谢谢，好像只是心情变好了",大崎甘奈,W.I.N.G.編,オーディション前②
大崎甘奈\W.I.N.G.編\オーディション前②.csv,11,4014001000120040,甘奈,"嗯……是这样的吗？
甘奈可能还不太清楚呢——",大崎甘奈,W.I.N.G.編,オーディション前②
大崎甘奈\W.I.N.G.編\オーディション前③.csv,2,4014001000130010,甘奈,制作人，今天的甘奈，怎么样？,大崎甘奈,W.I.N.G.編,オーディション前③
大崎甘奈\W.I.N.G.編\オーディション前③.csv,7,4014001000130020,甘奈,"诶！？　啊，真的！　没注意到呢
……好了，这样就完美了！　谢谢你告诉甘奈☆",大崎甘奈,W.I.N.G.編,オーディション前③
大崎甘奈\W.I.N.G.編\オーディション前③.csv,9,4014001000130030,甘奈,"嗯，状态确实不错！
那甘奈上台了！",大崎甘奈,W.I.N.G.編,オーディション前③
大崎甘奈\W.I.N.G.編\オーディション前③.csv,11,4014001000130040,甘奈,"诶诶……啊，嗯。是这样呢
制作人说话时这么激动真是少见呢",大崎甘奈,W.I.N.G.編,オーディション前③
大崎甘奈\W.I.N.G.編\オーディション前⑥.csv,2,4014001000230010,甘奈,为了粉丝们也好，不能输呢……,大崎甘奈,W.I.N.G.編,オーディション前⑥
大崎甘奈\W.I.N.G.編\オーディション前⑥.csv,7,4014001000230020,甘奈,"啊，是甘奈第一次收到的粉丝来信。真令人怀念……
好的！　制作人，甘奈上台了！",大崎甘奈,W.I.N.G.編,オーディション前⑥
大崎甘奈\W.I.N.G.編\オーディション前⑥.csv,9,4014001000230030,甘奈,"也是呢！
甘奈会为了粉丝的大家加油的！",大崎甘奈,W.I.N.G.編,オーディション前⑥
大崎甘奈\W.I.N.G.編\オーディション前⑥.csv,11,4014001000230040,甘奈,"不过，一想着要赢就很难放松……
嗯——，怎么办啊……",大崎甘奈,W.I.N.G.編,オーディション前⑥
大崎甘奈\W.I.N.G.編\オーディション後 勝利①.csv,3,5014001000110010,甘奈,嗯！　真棒！　制作人,大崎甘奈,W.I.N.G.編,オーディション後 勝利①
大崎甘奈\W.I.N.G.編\オーディション後 勝利①.csv,4,5014001000110020,甘奈,"意外地很开心呢
这大概是一件好事呢☆",大崎甘奈,W.I.N.G.編,オーディション後 勝利①
大崎甘奈\W.I.N.G.編\オーディション後 勝利①.csv,6,5014001000110030,甘奈,诶嘿嘿，是这样也说不定呢——☆,大崎甘奈,W.I.N.G.編,オーディション後 勝利①
大崎甘奈\W.I.N.G.編\オーディション後 勝利①.csv,8,5014001000110040,甘奈,"嗯！
为了能这样做，甘奈会更加努力的！",大崎甘奈,W.I.N.G.編,オーディション後 勝利①
大崎甘奈\W.I.N.G.編\オーディション後 勝利②.csv,3,5014001000210010,甘奈,"太棒了太棒了！
诶嘿嘿，真高兴呢",大崎甘奈,W.I.N.G.編,オーディション後 勝利②
大崎甘奈\W.I.N.G.編\オーディション後 勝利②.csv,5,5014001000210020,甘奈,"甘奈呢，想着要让粉丝的大家高兴，
所以才能加油的☆",大崎甘奈,W.I.N.G.編,オーディション後 勝利②
大崎甘奈\W.I.N.G.編\オーディション後 勝利②.csv,7,5014001000210030,甘奈,"诶嘿嘿，是的呢
好——的，这样就能更加努力了☆",大崎甘奈,W.I.N.G.編,オーディション後 勝利②
大崎甘奈\W.I.N.G.編\オーディション後 勝利②.csv,8,5014001000210040,甘奈,"从今以后也请多关照☆
制作人！",大崎甘奈,W.I.N.G.編,オーディション後 勝利②
大崎甘奈\W.I.N.G.編\オーディション後 敗北①.csv,3,5014001000120010,甘奈,嗯……稍微有点可惜……,大崎甘奈,W.I.N.G.編,オーディション後 敗北①
大崎甘奈\W.I.N.G.編\オーディション後 敗北①.csv,5,5014001000120020,甘奈,谢谢你，制作人,大崎甘奈,W.I.N.G.編,オーディション後 敗北①
大崎甘奈\W.I.N.G.編\オーディション後 敗北①.csv,7,5014001000120030,甘奈,"嗯，不能像这样就结束了对吧！
甘奈，会加油的！",大崎甘奈,W.I.N.G.編,オーディション後 敗北①
大崎甘奈\W.I.N.G.編\オーディション後 敗北①.csv,9,5014001000120040,甘奈,好——的！　那回去之后就继续课程了！,大崎甘奈,W.I.N.G.編,オーディション後 敗北①
大崎甘奈\W.I.N.G.編\シーズン1（クリア）.csv,3,7014001010010,甘奈,"诶，合格！？
这样啊……太好了——",大崎甘奈,W.I.N.G.編,シーズン1（クリア）
大崎甘奈\W.I.N.G.編\シーズン1（クリア）.csv,5,7014001010020,甘奈,"诶嘿嘿，看上去是这样的吗？
不过，可能就像制作人说的一样吧",大崎甘奈,W.I.N.G.編,シーズン1（クリア）
大崎甘奈\W.I.N.G.編\シーズン1（クリア）.csv,7,7014001010030,甘奈,是这样，吗？,大崎甘奈,W.I.N.G.編,シーズン1（クリア）
大崎甘奈\W.I.N.G.編\シーズン1（クリア）.csv,10,7014001010040,甘奈,诶～评价太夸张了啦～,大崎甘奈,W.I.N.G.編,シーズン1（クリア）
大崎甘奈\W.I.N.G.編\シーズン1（クリア）.csv,13,7014001010050,甘奈,诶嘿嘿，谢谢！,大崎甘奈,W.I.N.G.編,シーズン1（クリア）
大崎甘奈\W.I.N.G.編\シーズン1（クリア）.csv,14,7014001010060,甘奈,"不过，制作人这么说的话
就感觉真的能行了呢！",大崎甘奈,W.I.N.G.編,シーズン1（クリア）
大崎甘奈\W.I.N.G.編\シーズン1（クリア）.csv,16,7014001010070,甘奈,那么，甘奈也期待一下吧,大崎甘奈,W.I.N.G.編,シーズン1（クリア）
大崎甘奈\W.I.N.G.編\シーズン1（クリア）.csv,17,7014001010080,甘奈,甘奈，下一次上台也会努力的,大崎甘奈,W.I.N.G.編,シーズン1（クリア）
大崎甘奈\W.I.N.G.編\シーズン1（クリア）.csv,18,7014001010090,甘奈,"赶紧去上课吧
制作人，你能陪着甘奈吗？",大崎甘奈,W.I.N.G.編,シーズン1（クリア）
大崎甘奈\W.I.N.G.編\シーズン1（失敗）.csv,11,7014001020010,甘奈,"是吗——
没做到呢",大崎甘奈,W.I.N.G.編,シーズン1（失敗）
大崎甘奈\W.I.N.G.編\シーズン1（失敗）.csv,13,7014001020020,甘奈,"甘奈没事的！　
甘奈才要道歉呢，没能通过审查",大崎甘奈,W.I.N.G.編,シーズン1（失敗）
大崎甘奈\W.I.N.G.編\シーズン1（失敗）.csv,14,7014001020030,甘奈,"制作人
明明都为甘奈那么努力了……",大崎甘奈,W.I.N.G.編,シーズン1（失敗）
大崎甘奈\W.I.N.G.編\シーズン1（失敗）.csv,16,7014001020040,甘奈,"不过，偶像的世界真是严格呢——
一定是甘奈的努力还不够呢",大崎甘奈,W.I.N.G.編,シーズン1（失敗）
大崎甘奈\W.I.N.G.編\シーズン1（失敗）.csv,18,7014001020050,甘奈,"谢谢——制作人！
甘奈才刚刚起步呢",大崎甘奈,W.I.N.G.編,シーズン1（失敗）
大崎甘奈\W.I.N.G.編\シーズン1（失敗）.csv,19,7014001020060,甘奈,"所以想要你教会甘奈更多关于偶像的事情呢☆
甘奈还会继续成长的！",大崎甘奈,W.I.N.G.編,シーズン1（失敗）
大崎甘奈\W.I.N.G.編\シーズン2（クリア）.csv,3,7014001030010,甘奈,"真的！？
太好了～",大崎甘奈,W.I.N.G.編,シーズン2（クリア）
大崎甘奈\W.I.N.G.編\シーズン2（クリア）.csv,4,7014001030020,甘奈,"诶嘿嘿
是合格了——！",大崎甘奈,W.I.N.G.編,シーズン2（クリア）
大崎甘奈\W.I.N.G.編\シーズン2（クリア）.csv,6,7014001030030,甘奈,"嘛——
甘奈最近也有稍微在努力了的自觉呢！",大崎甘奈,W.I.N.G.編,シーズン2（クリア）
大崎甘奈\W.I.N.G.編\シーズン2（クリア）.csv,7,7014001030040,甘奈,"所以这份努力能有了这样的结果
甘奈觉得很高兴",大崎甘奈,W.I.N.G.編,シーズン2（クリア）
大崎甘奈\W.I.N.G.編\シーズン2（クリア）.csv,10,7014001030050,甘奈,诶，制作人一直知道的吗？,大崎甘奈,W.I.N.G.編,シーズン2（クリア）
大崎甘奈\W.I.N.G.編\シーズン2（クリア）.csv,12,7014001030060,甘奈,"诶嘿嘿，感觉好像……
稍微有些高兴呢……",大崎甘奈,W.I.N.G.編,シーズン2（クリア）
大崎甘奈\W.I.N.G.編\シーズン2（クリア）.csv,13,7014001030070,甘奈,"……啊，对了对了！
甘奈，还有一件高兴的事情",大崎甘奈,W.I.N.G.編,シーズン2（クリア）
大崎甘奈\W.I.N.G.編\シーズン2（クリア）.csv,15,7014001030080,甘奈,"最近，感觉为甘奈应援的人
开始逐渐地增加了",大崎甘奈,W.I.N.G.編,シーズン2（クリア）
大崎甘奈\W.I.N.G.編\シーズン2（クリア）.csv,16,7014001030090,甘奈,"变得能坦率地为此感到高兴了，
这也许是因为意识到了，自己的努力得到了大家的认可",大崎甘奈,W.I.N.G.編,シーズン2（クリア）
大崎甘奈\W.I.N.G.編\シーズン2（クリア）.csv,20,7014001030100,甘奈,"诶嘿嘿，被夸奖了☆
真的有在好好注视着我们呢",大崎甘奈,W.I.N.G.編,シーズン2（クリア）
大崎甘奈\W.I.N.G.編\シーズン2（クリア）.csv,21,7014001030110,甘奈,制作人，一直以来谢谢了！,大崎甘奈,W.I.N.G.編,シーズン2（クリア）
大崎甘奈\W.I.N.G.編\シーズン2（クリア）.csv,22,7014001030120,甘奈,"好——
为了第三次审查也能通过，甘奈，要加油了——！",大崎甘奈,W.I.N.G.編,シーズン2（クリア）
大崎甘奈\W.I.N.G.編\シーズン2（失敗）.csv,11,7014001040010,甘奈,"是吗……
看来实力还远远不够啊……",大崎甘奈,W.I.N.G.編,シーズン2（失敗）
大崎甘奈\W.I.N.G.編\シーズン2（失敗）.csv,12,7014001040020,甘奈,"对不起，难得制作人花时间来陪甘奈练习
……却没能通过审查",大崎甘奈,W.I.N.G.編,シーズン2（失敗）
大崎甘奈\W.I.N.G.編\シーズン2（失敗）.csv,14,7014001040030,甘奈,可是……,大崎甘奈,W.I.N.G.編,シーズン2（失敗）
大崎甘奈\W.I.N.G.編\シーズン2（失敗）.csv,17,7014001040040,甘奈,"说的……是呢
既然制作人这么说，甘奈会加油的！",大崎甘奈,W.I.N.G.編,シーズン2（失敗）
大崎甘奈\W.I.N.G.編\シーズン2（失敗）.csv,18,7014001040050,甘奈,"今后要加倍努力
请多指教！",大崎甘奈,W.I.N.G.編,シーズン2（失敗）
大崎甘奈\W.I.N.G.編\シーズン3（クリア）.csv,3,7014001050010,甘奈,"诶，真的吗？
太好了～！",大崎甘奈,W.I.N.G.編,シーズン3（クリア）
大崎甘奈\W.I.N.G.編\シーズン3（クリア）.csv,4,7014001050020,甘奈,"怎么办怎么办
感觉超级兴奋起来了！",大崎甘奈,W.I.N.G.編,シーズン3（クリア）
大崎甘奈\W.I.N.G.編\シーズン3（クリア）.csv,8,7014001050030,甘奈,"……是啊，想要闪耀了呢，
现在的甘奈",大崎甘奈,W.I.N.G.編,シーズン3（クリア）
大崎甘奈\W.I.N.G.編\シーズン3（クリア）.csv,9,7014001050040,甘奈,"因为想要认真地加油了，
才察觉了这份心情呢",大崎甘奈,W.I.N.G.編,シーズン3（クリア）
大崎甘奈\W.I.N.G.編\シーズン3（クリア）.csv,11,7014001050050,甘奈,嗯，真的太好了！,大崎甘奈,W.I.N.G.編,シーズン3（クリア）
大崎甘奈\W.I.N.G.編\シーズン3（クリア）.csv,12,7014001050060,甘奈,"然，然后呢，制作人
甘奈，还察觉了一件事情",大崎甘奈,W.I.N.G.編,シーズン3（クリア）
大崎甘奈\W.I.N.G.編\シーズン3（クリア）.csv,14,7014001050070,甘奈,"甘奈之所以能够闪耀
是因为有支持着甘奈的大家这件事！",大崎甘奈,W.I.N.G.編,シーズン3（クリア）
大崎甘奈\W.I.N.G.編\シーズン3（クリア）.csv,17,7014001050080,甘奈,欸嘿，有可能！,大崎甘奈,W.I.N.G.編,シーズン3（クリア）
大崎甘奈\W.I.N.G.編\シーズン3（クリア）.csv,18,7014001050090,甘奈,"好想在“W.I.N.G”出场，回应大家的期待
让大家看到闪亮的甘奈！",大崎甘奈,W.I.N.G.編,シーズン3（クリア）
大崎甘奈\W.I.N.G.編\シーズン3（クリア）.csv,20,7014001050100,甘奈,"嗯　要向着“W.I.N.G”前进
和甜花一起闪耀呢！",大崎甘奈,W.I.N.G.編,シーズン3（クリア）
大崎甘奈\W.I.N.G.編\シーズン3（失敗）.csv,10,7014001060010,甘奈,这样啊……,大崎甘奈,W.I.N.G.編,シーズン3（失敗）
大崎甘奈\W.I.N.G.編\シーズン3（失敗）.csv,11,7014001060020,甘奈,"虽然最近很努力了
还是不行啊……",大崎甘奈,W.I.N.G.編,シーズン3（失敗）
大崎甘奈\W.I.N.G.編\シーズン3（失敗）.csv,13,7014001060030,甘奈,"嗯，没关系的
虽然没关系……",大崎甘奈,W.I.N.G.編,シーズン3（失敗）
大崎甘奈\W.I.N.G.編\シーズン3（失敗）.csv,14,7014001060040,甘奈,"好想参加“W.I.N.G”啊
……现在想是不是太晚了？",大崎甘奈,W.I.N.G.編,シーズン3（失敗）
大崎甘奈\W.I.N.G.編\シーズン3（失敗）.csv,16,7014001060050,甘奈,"是啊
从今往后甘奈也还是偶像呢",大崎甘奈,W.I.N.G.編,シーズン3（失敗）
大崎甘奈\W.I.N.G.編\シーズン3（失敗）.csv,17,7014001060060,甘奈,"那么，就要趁现在全力去做能做到的事情！
想让粉丝们更加洋溢着笑容！",大崎甘奈,W.I.N.G.編,シーズン3（失敗）
大崎甘奈\W.I.N.G.編\シーズン3（失敗）.csv,18,7014001060070,甘奈,"作为偶像想做的事情还有许多！
制作人，从今往后也要一起奔跑哦☆",大崎甘奈,W.I.N.G.編,シーズン3（失敗）
大崎甘奈\W.I.N.G.編\シーズン4（クリア）.csv,3,7014001070010,甘奈,怎么了……？,大崎甘奈,W.I.N.G.編,シーズン4（クリア）
大崎甘奈\W.I.N.G.編\シーズン4（クリア）.csv,6,7014001070020,甘奈,"……诶？
真的吗？　太好了……！",大崎甘奈,W.I.N.G.編,シーズン4（クリア）
大崎甘奈\W.I.N.G.編\シーズン4（クリア）.csv,8,7014001070030,甘奈,"嗯！
这也是制作人的功劳呢",大崎甘奈,W.I.N.G.編,シーズン4（クリア）
大崎甘奈\W.I.N.G.編\シーズン4（クリア）.csv,9,7014001070040,甘奈,"把甘奈一直带到这里来
谢谢——！",大崎甘奈,W.I.N.G.編,シーズン4（クリア）
大崎甘奈\W.I.N.G.編\シーズン4（クリア）.csv,11,7014001070050,甘奈,诶嘿嘿嘿，知道的啦～,大崎甘奈,W.I.N.G.編,シーズン4（クリア）
大崎甘奈\W.I.N.G.編\シーズン4（クリア）.csv,12,7014001070060,甘奈,"虽然知道
但是刚才无论如何都想道谢呢——",大崎甘奈,W.I.N.G.編,シーズン4（クリア）
大崎甘奈\W.I.N.G.編\シーズン4（クリア）.csv,13,7014001070070,甘奈,"所以能走这么远
是因为制作人改变了甘奈呢",大崎甘奈,W.I.N.G.編,シーズン4（クリア）
大崎甘奈\W.I.N.G.編\シーズン4（クリア）.csv,15,7014001070080,甘奈,"虽然甘奈觉得不是这样的啊——
不过，制作人能这样说感觉很开心☆",大崎甘奈,W.I.N.G.編,シーズン4（クリア）
大崎甘奈\W.I.N.G.編\シーズン4（クリア）.csv,17,7014001070090,甘奈,"嗯！　为了让大家能十分享受这段时间
要作为偶像在“W.I.N.G”上让气氛热烈起来呢！",大崎甘奈,W.I.N.G.編,シーズン4（クリア）
大崎甘奈\W.I.N.G.編\シーズン4（クリア）.csv,19,7014001070100,甘奈,"诶嘿，
制作人说了一句很棒的话呢☆",大崎甘奈,W.I.N.G.編,シーズン4（クリア）
大崎甘奈\W.I.N.G.編\シーズン4（クリア）.csv,20,7014001070110,甘奈,甘奈，会用尽全力享受的！,大崎甘奈,W.I.N.G.編,シーズン4（クリア）
大崎甘奈\W.I.N.G.編\シーズン4（クリア）.csv,21,7014001070120,甘奈,"为了制作人，为了大家……
绝对会带来最棒的舞台的！",大崎甘奈,W.I.N.G.編,シーズン4（クリア）
大崎甘奈\W.I.N.G.編\シーズン4（失敗）.csv,11,7014001080010,甘奈,这样啊……,大崎甘奈,W.I.N.G.編,シーズン4（失敗）
大崎甘奈\W.I.N.G.編\シーズン4（失敗）.csv,12,7014001080020,甘奈,……超……,大崎甘奈,W.I.N.G.編,シーズン4（失敗）
大崎甘奈\W.I.N.G.編\シーズン4（失敗）.csv,13,7014001080030,甘奈,……超不甘心～的！,大崎甘奈,W.I.N.G.編,シーズン4（失敗）
大崎甘奈\W.I.N.G.編\シーズン4（失敗）.csv,15,7014001080040,甘奈,"甘奈，自己居然会这样不甘心什么的，
完全没想到！",大崎甘奈,W.I.N.G.編,シーズン4（失敗）
大崎甘奈\W.I.N.G.編\シーズン4（失敗）.csv,16,7014001080050,甘奈,超级不甘心——！,大崎甘奈,W.I.N.G.編,シーズン4（失敗）
大崎甘奈\W.I.N.G.編\シーズン4（失敗）.csv,18,7014001080060,甘奈,制作人！,大崎甘奈,W.I.N.G.編,シーズン4（失敗）
大崎甘奈\W.I.N.G.編\シーズン4（失敗）.csv,20,7014001080070,甘奈,"虽然不能出场“W.I.N.G”，
但是想让你把甘奈带到更大的舞台上去呢",大崎甘奈,W.I.N.G.編,シーズン4（失敗）
大崎甘奈\W.I.N.G.編\シーズン4（失敗）.csv,21,7014001080080,甘奈,"不然刚才的不甘心是不会消散的！
甘奈会加油的，所以拜托了哦！",大崎甘奈,W.I.N.G.編,シーズン4（失敗）
大崎甘奈\W.I.N.G.編\ジェミニ.csv,3,1014001030010,甘奈,谢谢！,大崎甘奈,W.I.N.G.編,ジェミニ
大崎甘奈\W.I.N.G.編\ジェミニ.csv,7,1014001030020,甘奈,"好的！啊……
是这样吗？",大崎甘奈,W.I.N.G.編,ジェミニ
大崎甘奈\W.I.N.G.編\ジェミニ.csv,11,1014001030030,甘奈,"……啊……！好的！
……这样吗？",大崎甘奈,W.I.N.G.編,ジェミニ
大崎甘奈\W.I.N.G.編\ジェミニ.csv,17,1014001030040,甘奈,"没什么，只是感觉有点没法集中精神
就说了想休息一下",大崎甘奈,W.I.N.G.編,ジェミニ
大崎甘奈\W.I.N.G.編\ジェミニ.csv,19,1014001030050,甘奈,诶……！,大崎甘奈,W.I.N.G.編,ジェミニ
大崎甘奈\W.I.N.G.編\ジェミニ.csv,22,1014001030060,甘奈,"制作人，真亏你能发现呢
不愧是你——☆",大崎甘奈,W.I.N.G.編,ジェミニ
大崎甘奈\W.I.N.G.編\ジェミニ.csv,23,1014001030070,甘奈,"……其实啊，甘奈刚才在想甜花的事情
她现在在做什么呢～像这样在意着",大崎甘奈,W.I.N.G.編,ジェミニ
大崎甘奈\W.I.N.G.編\ジェミニ.csv,25,1014001030080,甘奈,甜花，偶像做的还顺利吗,大崎甘奈,W.I.N.G.編,ジェミニ
大崎甘奈\W.I.N.G.編\ジェミニ.csv,29,1014001030090,甘奈,就算制作人这么说，甘奈还是会担心啊,大崎甘奈,W.I.N.G.編,ジェミニ
大崎甘奈\W.I.N.G.編\ジェミニ.csv,32,1014001030100,甘奈,甜花，这么努力啊……,大崎甘奈,W.I.N.G.編,ジェミニ
大崎甘奈\W.I.N.G.編\ジェミニ.csv,33,1014001030110,甘奈,（……啊，那甘奈呢……？）,大崎甘奈,W.I.N.G.編,ジェミニ
大崎甘奈\W.I.N.G.編\ジェミニ.csv,34,1014001030120,甘奈,"（明明甜花这么努力，
甘奈就这样下去可以吗……？）",大崎甘奈,W.I.N.G.編,ジェミニ
大崎甘奈\W.I.N.G.編\ジェミニ.csv,37,1014001030130,甘奈,……没什么！,大崎甘奈,W.I.N.G.編,ジェミニ
大崎甘奈\W.I.N.G.編\ジェミニ.csv,38,1014001030140,甘奈,"只是在想，竟然能让甜花拿出干劲来，
制作人真厉害呢",大崎甘奈,W.I.N.G.編,ジェミニ
大崎甘奈\W.I.N.G.編\ジェミニ.csv,40,1014001030150,甘奈,又在谦虚了,大崎甘奈,W.I.N.G.編,ジェミニ
大崎甘奈\W.I.N.G.編\ジェミニ.csv,41,1014001030160,甘奈,"怎么说呢……甘奈也得加油才行呢
毕竟甜花跟制作人都这么努力",大崎甘奈,W.I.N.G.編,ジェミニ
大崎甘奈\W.I.N.G.編\ジェミニ.csv,43,1014001030170,甘奈,"诶……
甘奈没有听说过这件事啊",大崎甘奈,W.I.N.G.編,ジェミニ
大崎甘奈\W.I.N.G.編\ジェミニ.csv,45,1014001030180,甘奈,"是吗……
所以比起以前……",大崎甘奈,W.I.N.G.編,ジェミニ
大崎甘奈\W.I.N.G.編\ジェミニ.csv,46,1014001030190,甘奈,"（甜花，散发着耀眼的光芒呢……
没有跟甘奈商量这件事感觉有些寂寞，但是……）",大崎甘奈,W.I.N.G.編,ジェミニ
大崎甘奈\W.I.N.G.編\ジェミニ.csv,47,1014001030200,甘奈,"太好了，有制作人在甜花身边
今后也要继续支持甜花哦，好吗？",大崎甘奈,W.I.N.G.編,ジェミニ
大崎甘奈\W.I.N.G.編\ジェミニ.csv,50,1014001030210,甘奈,诶嘿嘿，谢谢,大崎甘奈,W.I.N.G.編,ジェミニ
大崎甘奈\W.I.N.G.編\ジェミニ.csv,51,1014001030220,甘奈,"制作人，从今以后
也要好好看着甜花和甘奈哦！",大崎甘奈,W.I.N.G.編,ジェミニ
大崎甘奈\W.I.N.G.編\ジェミニ.csv,52,1014001030230,甘奈,"（总觉得，像是被甜花给落下了一样……
不，没这回事。甘奈也要更加努力才行！）",大崎甘奈,W.I.N.G.編,ジェミニ
大崎甘奈\W.I.N.G.編\ジェミニ.csv,53,1014001030240,甘奈,诶？什么意思？,大崎甘奈,W.I.N.G.編,ジェミニ
大崎甘奈\W.I.N.G.編\ジェミニ.csv,55,1014001030250,甘奈,甜花也是……？,大崎甘奈,W.I.N.G.編,ジェミニ
大崎甘奈\W.I.N.G.編\ジェミニ.csv,57,1014001030260,甘奈,"是吗，甜花对甘奈……
诶嘿嘿，真开心啊",大崎甘奈,W.I.N.G.編,ジェミニ
大崎甘奈\W.I.N.G.編\ジェミニ.csv,58,1014001030270,甘奈,"为了能带着甜花前进，
甘奈也会加油的！",大崎甘奈,W.I.N.G.編,ジェミニ
大崎甘奈\W.I.N.G.編\ジェミニ.csv,59,1014001030280,甘奈,"（没事的。甜花
……是一定不会离开甘奈的吧）",大崎甘奈,W.I.N.G.編,ジェミニ
大崎甘奈\W.I.N.G.編\一等星の体温.csv,20,6014001090030,甘奈,……那个，制作人,大崎甘奈,W.I.N.G.編,一等星の体温
大崎甘奈\W.I.N.G.編\一等星の体温.csv,22,6014001090040,甘奈,可以占用制作人一点时间吗？,大崎甘奈,W.I.N.G.編,一等星の体温
大崎甘奈\W.I.N.G.編\一等星の体温.csv,24,6014001090050,甘奈,"甘奈是因为想让大家知道甜花有多么可爱
才开始做偶像的吧？",大崎甘奈,W.I.N.G.編,一等星の体温
大崎甘奈\W.I.N.G.編\一等星の体温.csv,26,6014001090060,甘奈,然后……虽然从来没有说过……其实,大崎甘奈,W.I.N.G.編,一等星の体温
大崎甘奈\W.I.N.G.編\一等星の体温.csv,27,6014001090070,甘奈,"甘奈觉得，即便自己开始做偶像，
也不能做好来……",大崎甘奈,W.I.N.G.編,一等星の体温
大崎甘奈\W.I.N.G.編\一等星の体温.csv,28,6014001090080,甘奈,并不是甘奈自己想要来当偶像……,大崎甘奈,W.I.N.G.編,一等星の体温
大崎甘奈\W.I.N.G.編\一等星の体温.csv,31,6014001090090,甘奈,"不愧是制作人
感觉不管是什么都能看透呢",大崎甘奈,W.I.N.G.編,一等星の体温
大崎甘奈\W.I.N.G.編\一等星の体温.csv,33,6014001090100,甘奈,"嗯。现在打心底里觉得，
能成为偶像真是太好了",大崎甘奈,W.I.N.G.編,一等星の体温
大崎甘奈\W.I.N.G.編\一等星の体温.csv,34,6014001090110,甘奈,"因为做了偶像，自己才会得到成长
甜花也在一起",大崎甘奈,W.I.N.G.編,一等星の体温
大崎甘奈\W.I.N.G.編\一等星の体温.csv,35,6014001090120,甘奈,"甘奈和甜花能像这样在一起，
都是多亏了制作人能让我们一起成为偶像",大崎甘奈,W.I.N.G.編,一等星の体温
大崎甘奈\W.I.N.G.編\一等星の体温.csv,37,6014001090130,甘奈,诶嘿嘿，谢谢,大崎甘奈,W.I.N.G.編,一等星の体温
大崎甘奈\W.I.N.G.編\一等星の体温.csv,38,6014001090140,甘奈,"啊，对了对了！还有最近啊
大家开始认识到甜花的可爱之处了吧？",大崎甘奈,W.I.N.G.編,一等星の体温
大崎甘奈\W.I.N.G.編\一等星の体温.csv,40,6014001090150,甘奈,"但是，
甜花的魅力还远远不止如此",大崎甘奈,W.I.N.G.編,一等星の体温
大崎甘奈\W.I.N.G.編\一等星の体温.csv,41,6014001090160,甘奈,"这件事……明明甘奈应该是最清楚的，
好像有过无意中忘掉的时候呢",大崎甘奈,W.I.N.G.編,一等星の体温
大崎甘奈\W.I.N.G.編\一等星の体温.csv,42,6014001090170,甘奈,"所以啊，甘奈……
不想输给甜花",大崎甘奈,W.I.N.G.編,一等星の体温
大崎甘奈\W.I.N.G.編\一等星の体温.csv,45,6014001090180,甘奈,"比双子座更为耀眼的偶像……！
诶嘿嘿，对甘奈和甜花来说很合适呢",大崎甘奈,W.I.N.G.編,一等星の体温
大崎甘奈\W.I.N.G.編\一等星の体温.csv,47,6014001090190,甘奈,当然了！会加油的,大崎甘奈,W.I.N.G.編,一等星の体温
大崎甘奈\W.I.N.G.編\一等星の体温.csv,48,6014001090200,甘奈,"诶嘿嘿……制作人，
这一路上，一直在旁边看着甘奈和甜花呢",大崎甘奈,W.I.N.G.編,一等星の体温
大崎甘奈\W.I.N.G.編\一等星の体温.csv,50,6014001090210,甘奈,"虽然一本正经地说这些，
会有些难为情……",大崎甘奈,W.I.N.G.編,一等星の体温
大崎甘奈\W.I.N.G.編\一等星の体温.csv,51,6014001090220,甘奈,今后也请多多关照,大崎甘奈,W.I.N.G.編,一等星の体温
大崎甘奈\W.I.N.G.編\不安な時期.csv,2,1014001040010,甘奈,"1，2，3……
转身！",大崎甘奈,W.I.N.G.編,不安な時期
大崎甘奈\W.I.N.G.編\不安な時期.csv,3,1014001040020,甘奈,"哎呀，跳的不太行啊……
再来一次！",大崎甘奈,W.I.N.G.編,不安な時期
大崎甘奈\W.I.N.G.編\不安な時期.csv,5,1014001040030,甘奈,"制作人，
谢谢你陪我练习！",大崎甘奈,W.I.N.G.編,不安な時期
大崎甘奈\W.I.N.G.編\不安な時期.csv,7,1014001040040,甘奈,现在甘奈跳的怎么样了？,大崎甘奈,W.I.N.G.編,不安な時期
大崎甘奈\W.I.N.G.編\不安な時期.csv,9,1014001040050,甘奈,"诶嘿嘿，
那真是太好了",大崎甘奈,W.I.N.G.編,不安な時期
大崎甘奈\W.I.N.G.編\不安な時期.csv,10,1014001040060,甘奈,"……啊！
对了制作人，那个啊",大崎甘奈,W.I.N.G.編,不安な時期
大崎甘奈\W.I.N.G.編\不安な時期.csv,12,1014001040070,甘奈,"是关于甜花的事情，
最近她很努力呢",大崎甘奈,W.I.N.G.編,不安な時期
大崎甘奈\W.I.N.G.編\不安な時期.csv,13,1014001040080,甘奈,回到家之后马上就睡着了,大崎甘奈,W.I.N.G.編,不安な時期
大崎甘奈\W.I.N.G.編\不安な時期.csv,14,1014001040090,甘奈,"努力自主练习到这个程度，
真的很厉害呢！",大崎甘奈,W.I.N.G.編,不安な時期
大崎甘奈\W.I.N.G.編\不安な時期.csv,15,1014001040100,甘奈,所以，甘奈也要更加努力才行！,大崎甘奈,W.I.N.G.編,不安な時期
大崎甘奈\W.I.N.G.編\不安な時期.csv,17,1014001040110,甘奈,诶……没有哦？,大崎甘奈,W.I.N.G.編,不安な時期
大崎甘奈\W.I.N.G.編\不安な時期.csv,19,1014001040120,甘奈,"……诶嘿嘿
瞒不过制作人呢……",大崎甘奈,W.I.N.G.編,不安な時期
大崎甘奈\W.I.N.G.編\不安な時期.csv,20,1014001040130,甘奈,"那个啊，甜花成为偶像展现出耀眼身姿的话，
大家就会发觉甜花有多么可爱吧？",大崎甘奈,W.I.N.G.編,不安な時期
大崎甘奈\W.I.N.G.編\不安な時期.csv,21,1014001040140,甘奈,这明明应该就是甘奈所期望的,大崎甘奈,W.I.N.G.編,不安な時期
大崎甘奈\W.I.N.G.編\不安な時期.csv,23,1014001040150,甘奈,明明这个愿望，到了现在也应该不会变的……,大崎甘奈,W.I.N.G.編,不安な時期
大崎甘奈\W.I.N.G.編\不安な時期.csv,24,1014001040160,甘奈,"可甜花真的作为偶像开始崭露头角后……
总觉得，有些害怕起来了……",大崎甘奈,W.I.N.G.編,不安な時期
大崎甘奈\W.I.N.G.編\不安な時期.csv,25,1014001040170,甘奈,在想，甜花好像会离开甘奈，去到某处地方,大崎甘奈,W.I.N.G.編,不安な時期
大崎甘奈\W.I.N.G.編\不安な時期.csv,26,1014001040180,甘奈,制作人……甘奈该怎么做？,大崎甘奈,W.I.N.G.編,不安な時期
大崎甘奈\W.I.N.G.編\不安な時期.csv,30,1014001040190,甘奈,是……这样吗？,大崎甘奈,W.I.N.G.編,不安な時期
大崎甘奈\W.I.N.G.編\不安な時期.csv,32,1014001040200,甘奈,虽然是这样，可现在……,大崎甘奈,W.I.N.G.編,不安な時期
大崎甘奈\W.I.N.G.編\不安な時期.csv,35,1014001040210,甘奈,"……嗯……是呢
这件事，甘奈从小时候起就很明白呢",大崎甘奈,W.I.N.G.編,不安な時期
大崎甘奈\W.I.N.G.編\不安な時期.csv,36,1014001040220,甘奈,"虽然在一起的时间减少了，
尽管如此，在一起的时候和以前并没有什么不同……",大崎甘奈,W.I.N.G.編,不安な時期
大崎甘奈\W.I.N.G.編\不安な時期.csv,37,1014001040230,甘奈,关系一直都很好,大崎甘奈,W.I.N.G.編,不安な時期
大崎甘奈\W.I.N.G.編\不安な時期.csv,39,1014001040240,甘奈,"嗯，对啊！不去想这些多余的事情
要和甜花一起努力绽放光芒！",大崎甘奈,W.I.N.G.編,不安な時期
大崎甘奈\W.I.N.G.編\不安な時期.csv,41,1014001040250,甘奈,诶嘿嘿，制作人，谢谢你！,大崎甘奈,W.I.N.G.編,不安な時期
大崎甘奈\W.I.N.G.編\不安な時期.csv,42,1014001040260,甘奈,"是吗？
甘奈自己不太清楚……",大崎甘奈,W.I.N.G.編,不安な時期
大崎甘奈\W.I.N.G.編\不安な時期.csv,44,1014001040270,甘奈,"甘奈也是吗……
嗯……也许是呢……",大崎甘奈,W.I.N.G.編,不安な時期
大崎甘奈\W.I.N.G.編\不安な時期.csv,45,1014001040280,甘奈,"一站上舞台就会感到开心
只有这份心情从一开始就没有变过",大崎甘奈,W.I.N.G.編,不安な時期
大崎甘奈\W.I.N.G.編\不安な時期.csv,46,1014001040290,甘奈,"能得到粉丝们的支持，
就会感到很开心！",大崎甘奈,W.I.N.G.編,不安な時期
大崎甘奈\W.I.N.G.編\不安な時期.csv,49,1014001040300,甘奈,"嗯，是啊！
今后甘奈会努力让自己绽放光芒的！",大崎甘奈,W.I.N.G.編,不安な時期
大崎甘奈\W.I.N.G.編\不安な時期.csv,50,1014001040310,甘奈,这样子，有些……害怕啊,大崎甘奈,W.I.N.G.編,不安な時期
大崎甘奈\W.I.N.G.編\不安な時期.csv,52,1014001040320,甘奈,"但是，明明甜花正在努力绽放光芒，
要是甘奈阻碍到了甜花……",大崎甘奈,W.I.N.G.編,不安な時期
大崎甘奈\W.I.N.G.編\不安な時期.csv,54,1014001040330,甘奈,这是指……,大崎甘奈,W.I.N.G.編,不安な時期
大崎甘奈\W.I.N.G.編\不安な時期.csv,56,1014001040340,甘奈,"对手？
明明关系这么好",大崎甘奈,W.I.N.G.編,不安な時期
大崎甘奈\W.I.N.G.編\不安な時期.csv,58,1014001040350,甘奈,明明关系很好，却是对手……,大崎甘奈,W.I.N.G.編,不安な時期
大崎甘奈\W.I.N.G.編\不安な時期.csv,59,1014001040360,甘奈,"这样的话，和甜花一起……
不，今后会更加……！",大崎甘奈,W.I.N.G.編,不安な時期
大崎甘奈\W.I.N.G.編\不安な時期.csv,60,1014001040370,甘奈,"诶嘿嘿，感觉挺好的！
会很开心的样子",大崎甘奈,W.I.N.G.編,不安な時期
大崎甘奈\W.I.N.G.編\不安な時期.csv,62,1014001040380,甘奈,"真的吗？
甘奈会认真的哦？",大崎甘奈,W.I.N.G.編,不安な時期
大崎甘奈\W.I.N.G.編\不安な時期.csv,64,1014001040390,甘奈,"嗯，甘奈相信制作人！今后为了能成为超厉害
超可爱的双胞胎偶像，甘奈会加油的☆",大崎甘奈,W.I.N.G.編,不安な時期
大崎甘奈\W.I.N.G.編\决赛前剧情.csv,3,6014001040010,甘奈,诶嘿嘿，果然还是有些紧张呢,大崎甘奈,W.I.N.G.編,决赛前剧情
大崎甘奈\W.I.N.G.編\决赛前剧情.csv,4,6014001040020,甘奈,"因为啊，甘奈
没想到自己能进决赛",大崎甘奈,W.I.N.G.編,决赛前剧情
大崎甘奈\W.I.N.G.編\决赛前剧情.csv,5,6014001040030,甘奈,不过，甘奈现在……,大崎甘奈,W.I.N.G.編,决赛前剧情
大崎甘奈\W.I.N.G.編\决赛前剧情.csv,6,6014001040040,甘奈,诶？不知道怎么说才好……,大崎甘奈,W.I.N.G.編,决赛前剧情
大崎甘奈\W.I.N.G.編\决赛前剧情.csv,8,6014001040050,甘奈,嗯。是啊……,大崎甘奈,W.I.N.G.編,决赛前剧情
大崎甘奈\W.I.N.G.編\决赛前剧情.csv,9,6014001040060,甘奈,"诶嘿嘿，感觉跟制作人说了之后，
稍微放松一些了",大崎甘奈,W.I.N.G.編,决赛前剧情
大崎甘奈\W.I.N.G.編\决赛前剧情.csv,10,6014001040070,甘奈,"那么，制作人
甘奈上了……！",大崎甘奈,W.I.N.G.編,决赛前剧情
大崎甘奈\W.I.N.G.編\决赛后剧情.csv,3,6014001060010,甘奈,"嗯，
谢谢你，制作人",大崎甘奈,W.I.N.G.編,决赛后剧情
大崎甘奈\W.I.N.G.編\决赛后剧情.csv,4,6014001060020,甘奈,"想要绽放光芒……这个梦想实现了……哇！
——诶嘿嘿，感觉一放心下来都有点站不稳了",大崎甘奈,W.I.N.G.編,决赛后剧情
大崎甘奈\W.I.N.G.編\决赛后剧情.csv,6,6014001060030,甘奈,"嗯，已经没事了……对了制作人
在舞台上能看见众多粉丝们……",大崎甘奈,W.I.N.G.編,决赛后剧情
大崎甘奈\W.I.N.G.編\决赛后剧情.csv,7,6014001060040,甘奈,"大家都面带笑容，
看见那些笑脸，甘奈也笑了起来……",大崎甘奈,W.I.N.G.編,决赛后剧情
大崎甘奈\W.I.N.G.編\决赛后剧情.csv,8,6014001060050,甘奈,咦，这是怎么了……,大崎甘奈,W.I.N.G.編,决赛后剧情
大崎甘奈\W.I.N.G.編\决赛后剧情.csv,10,6014001060060,甘奈,"制作人……甘奈，
能做偶像真是太好了……！",大崎甘奈,W.I.N.G.編,决赛后剧情
大崎甘奈\W.I.N.G.編\决赛后剧情.csv,12,6014001060070,甘奈,"……嗯！是啊……！
制作人，今后也请多多指教！",大崎甘奈,W.I.N.G.編,决赛后剧情
大崎甘奈\W.I.N.G.編\半决赛前剧情.csv,3,6014001010010,甘奈,没事的没事的……,大崎甘奈,W.I.N.G.編,半决赛前剧情
大崎甘奈\W.I.N.G.編\半决赛前剧情.csv,4,6014001010020,甘奈,啊！,大崎甘奈,W.I.N.G.編,半决赛前剧情
大崎甘奈\W.I.N.G.編\半决赛前剧情.csv,5,6014001010030,甘奈,"对不起！制作人……
把水弄洒了",大崎甘奈,W.I.N.G.編,半决赛前剧情
大崎甘奈\W.I.N.G.編\半决赛前剧情.csv,7,6014001010040,甘奈,"诶、诶嘿嘿……被发现了呢
老实说，现在稍微有些紧张",大崎甘奈,W.I.N.G.編,半决赛前剧情
大崎甘奈\W.I.N.G.編\半决赛前剧情.csv,9,6014001010050,甘奈,"制作人……谢谢
甘奈会相信自己的",大崎甘奈,W.I.N.G.編,半决赛前剧情
大崎甘奈\W.I.N.G.編\半决赛前剧情.csv,10,6014001010060,甘奈,"那么，制作人
甘奈过去了！",大崎甘奈,W.I.N.G.編,半决赛前剧情
大崎甘奈\W.I.N.G.編\半决赛后剧情.csv,3,6014001030010,甘奈,甘奈能参加决赛了！？,大崎甘奈,W.I.N.G.編,半决赛后剧情
大崎甘奈\W.I.N.G.編\半决赛后剧情.csv,5,6014001030020,甘奈,"是吗……呵呵，呵呵呵
没想到能进决赛呢",大崎甘奈,W.I.N.G.編,半决赛后剧情
大崎甘奈\W.I.N.G.編\半决赛后剧情.csv,7,6014001030030,甘奈,诶嘿嘿……是啊,大崎甘奈,W.I.N.G.編,半决赛后剧情
大崎甘奈\W.I.N.G.編\半决赛后剧情.csv,8,6014001030040,甘奈,"正因为有支持着甘奈的人在
甘奈，会努力到最后的！",大崎甘奈,W.I.N.G.編,半决赛后剧情
大崎甘奈\W.I.N.G.編\半决赛后剧情.csv,9,6014001030050,甘奈,所以要好好看着哦？制作人☆,大崎甘奈,W.I.N.G.編,半决赛后剧情
大崎甘奈\W.I.N.G.編\淘汰剧情.csv,2,6014001020010,甘奈,"对不起，制作人
比赛输了……",大崎甘奈,W.I.N.G.編,淘汰剧情
大崎甘奈\W.I.N.G.編\淘汰剧情.csv,3,6014001020020,甘奈,明明甘奈也想要散发光芒……结果却……,大崎甘奈,W.I.N.G.編,淘汰剧情
大崎甘奈\W.I.N.G.編\淘汰剧情.csv,4,6014001020030,甘奈,"甘奈所做的努力
没有被认可吗……",大崎甘奈,W.I.N.G.編,淘汰剧情
大崎甘奈\W.I.N.G.編\淘汰剧情.csv,7,6014001020040,甘奈,……甘奈可以相信，制作人说的话吧？,大崎甘奈,W.I.N.G.編,淘汰剧情
大崎甘奈\W.I.N.G.編\淘汰剧情.csv,9,6014001020050,甘奈,"谢谢你，制作人
甘奈今后会更加努力的！",大崎甘奈,W.I.N.G.編,淘汰剧情
大崎甘奈\W.I.N.G.編\無理をしてでも.csv,11,6014001070010,甘奈,"制作人……
没关系，甘奈现在想要练习",大崎甘奈,W.I.N.G.編,無理をしてでも
大崎甘奈\W.I.N.G.編\無理をしてでも.csv,12,6014001070020,甘奈,"如果甘奈能早点认真去做偶像……
多认清自己的话，或许就不会……",大崎甘奈,W.I.N.G.編,無理をしてでも
大崎甘奈\W.I.N.G.編\無理をしてでも.csv,14,6014001070030,甘奈,"“想要作为偶像努力往高处攀爬”
这种心情来得太迟了呢",大崎甘奈,W.I.N.G.編,無理をしてでも
大崎甘奈\W.I.N.G.編\無理をしてでも.csv,15,6014001070040,甘奈,"一想到正因如此，才会是这样的结果，
就非常后悔……",大崎甘奈,W.I.N.G.編,無理をしてでも
大崎甘奈\W.I.N.G.編\無理をしてでも.csv,18,6014001070050,甘奈,"制作人……
诶嘿嘿，谢谢……！",大崎甘奈,W.I.N.G.編,無理をしてでも
大崎甘奈\W.I.N.G.編\無理をしてでも.csv,19,6014001070060,甘奈,"……那今后甘奈会加倍努力的！
制作人，要严格训练甘奈哦",大崎甘奈,W.I.N.G.編,無理をしてでも
大崎甘奈\W.I.N.G.編\甘奈の資質.csv,2,1014001020010,甘奈,"哇——好厉害
在这里的大家都是偶像呢",大崎甘奈,W.I.N.G.編,甘奈の資質
大崎甘奈\W.I.N.G.編\甘奈の資質.csv,5,1014001020020,甘奈,“W.I.N.G.”是……？,大崎甘奈,W.I.N.G.編,甘奈の資質
大崎甘奈\W.I.N.G.編\甘奈の資質.csv,6,1014001020021,甘奈,啊！就是那个很厉害的演唱会吧！,大崎甘奈,W.I.N.G.編,甘奈の資質
大崎甘奈\W.I.N.G.編\甘奈の資質.csv,7,1014001020030,甘奈,甘奈知道的哦！,大崎甘奈,W.I.N.G.編,甘奈の資質
大崎甘奈\W.I.N.G.編\甘奈の資質.csv,11,1014001020040,甘奈,嗯！制作人，甘奈过去了！,大崎甘奈,W.I.N.G.編,甘奈の資質
大崎甘奈\W.I.N.G.編\甘奈の資質.csv,12,1014001020050,甘奈,"大家——！今天请多关照——！
好好享受这场演唱会吧——！",大崎甘奈,W.I.N.G.編,甘奈の資質
大崎甘奈\W.I.N.G.編\甘奈の資質.csv,13,1014001020060,甘奈,"诶嘿嘿，谢谢——！
甘奈也最喜欢大家了哦——！",大崎甘奈,W.I.N.G.編,甘奈の資質
大崎甘奈\W.I.N.G.編\甘奈の資質.csv,16,1014001020070,甘奈,制作人，甘奈回来了！,大崎甘奈,W.I.N.G.編,甘奈の資質
大崎甘奈\W.I.N.G.編\甘奈の資質.csv,19,1014001020080,甘奈,"诶嘿嘿，谢谢！
这次演唱会非常愉快！",大崎甘奈,W.I.N.G.編,甘奈の資質
大崎甘奈\W.I.N.G.編\甘奈の資質.csv,20,1014001020090,甘奈,"观众们很热情地给甘奈加油
真的很开心",大崎甘奈,W.I.N.G.編,甘奈の資質
大崎甘奈\W.I.N.G.編\甘奈の資質.csv,23,1014001020100,甘奈,诶嘿嘿，是这样啊,大崎甘奈,W.I.N.G.編,甘奈の資質
大崎甘奈\W.I.N.G.編\甘奈の資質.csv,24,1014001020110,甘奈,"对偶像来说重要的事情吗
嗯……",大崎甘奈,W.I.N.G.編,甘奈の資質
大崎甘奈\W.I.N.G.編\甘奈の資質.csv,26,1014001020120,甘奈,"那个，制作人你觉得
甘奈，怎么样呢？",大崎甘奈,W.I.N.G.編,甘奈の資質
大崎甘奈\W.I.N.G.編\甘奈の資質.csv,29,1014001020130,甘奈,那个……甘奈，能做好偶像吗？,大崎甘奈,W.I.N.G.編,甘奈の資質
大崎甘奈\W.I.N.G.編\甘奈の資質.csv,35,1014001020140,甘奈,"制作人真是的，夸过头啦～
诶嘿嘿，不过甘奈很开心。谢谢！",大崎甘奈,W.I.N.G.編,甘奈の資質
大崎甘奈\W.I.N.G.編\甘奈の資質.csv,38,1014001020150,甘奈,"诶……？
不是……没有什么哦",大崎甘奈,W.I.N.G.編,甘奈の資質
大崎甘奈\W.I.N.G.編\甘奈の資質.csv,39,1014001020160,甘奈,"只是，看见其他的偶像努力的样子
在担心自己真的能行吗",大崎甘奈,W.I.N.G.編,甘奈の資質
大崎甘奈\W.I.N.G.編\甘奈の資質.csv,40,1014001020170,甘奈,"不过，制作人说了没问题
甘奈就放心了！嗯，谢谢！",大崎甘奈,W.I.N.G.編,甘奈の資質
大崎甘奈\W.I.N.G.編\甘奈の資質.csv,42,1014001020180,甘奈,真的吗？,大崎甘奈,W.I.N.G.編,甘奈の資質
大崎甘奈\W.I.N.G.編\甘奈の資質.csv,45,1014001020190,甘奈,"制作人，是这么想的啊
可是，甘奈……",大崎甘奈,W.I.N.G.編,甘奈の資質
大崎甘奈\W.I.N.G.編\甘奈の資質.csv,47,1014001020200,甘奈,诶？,大崎甘奈,W.I.N.G.編,甘奈の資質
大崎甘奈\W.I.N.G.編\甘奈の資質.csv,49,1014001020210,甘奈,"啊，这样啊
甘奈有甜花在……",大崎甘奈,W.I.N.G.編,甘奈の資質
大崎甘奈\W.I.N.G.編\甘奈の資質.csv,51,1014001020220,甘奈,……没有，不会呢,大崎甘奈,W.I.N.G.編,甘奈の資質
大崎甘奈\W.I.N.G.編\甘奈の資質.csv,52,1014001020230,甘奈,"说的没错，
能和大家一起加油的话，肯定没问题的！",大崎甘奈,W.I.N.G.編,甘奈の資質
大崎甘奈\W.I.N.G.編\甘奈の資質.csv,55,1014001020240,甘奈,虽然还没有到不安的程度,大崎甘奈,W.I.N.G.編,甘奈の資質
大崎甘奈\W.I.N.G.編\甘奈の資質.csv,56,1014001020250,甘奈,"看见周围的偶像们那干劲满满的样子……
有些担心，自己能不能跟上她们的步伐",大崎甘奈,W.I.N.G.編,甘奈の資質
大崎甘奈\W.I.N.G.編\甘奈の資質.csv,59,1014001020260,甘奈,诶？为什么？,大崎甘奈,W.I.N.G.編,甘奈の資質
大崎甘奈\W.I.N.G.編\甘奈の資質.csv,61,1014001020270,甘奈,"制作人……
有好好考虑着甘奈的事呢",大崎甘奈,W.I.N.G.編,甘奈の資質
大崎甘奈\W.I.N.G.編\甘奈の資質.csv,63,1014001020280,甘奈,制作人，谢谢你！,大崎甘奈,W.I.N.G.編,甘奈の資質
大崎甘奈\W.I.N.G.編\甘奈の資質.csv,64,1014001020290,甘奈,那么，制作人要认真听甘奈说哦,大崎甘奈,W.I.N.G.編,甘奈の資質
大崎甘奈\W.I.N.G.編\笑顔の輝き.csv,40,1014001010020,甘奈,"好的
名字是大崎甘奈。17岁哦！",大崎甘奈,W.I.N.G.編,笑顔の輝き
大崎甘奈\W.I.N.G.編\笑顔の輝き.csv,42,1014001010030,甘奈,诶嘿，在学校里也经常被人这么说呢☆,大崎甘奈,W.I.N.G.編,笑顔の輝き
大崎甘奈\W.I.N.G.編\笑顔の輝き.csv,44,1014001010040,甘奈,"那个啊……跟朋友聊聊时尚的话题，
放学后会去购物之类的",大崎甘奈,W.I.N.G.編,笑顔の輝き
大崎甘奈\W.I.N.G.編\笑顔の輝き.csv,45,1014001010050,甘奈,啊，最近比较喜欢自拍☆,大崎甘奈,W.I.N.G.編,笑顔の輝き
大崎甘奈\W.I.N.G.編\笑顔の輝き.csv,47,1014001010060,甘奈,"当然了！
然后经常被人说外表看起来挺辣妹风的",大崎甘奈,W.I.N.G.編,笑顔の輝き
大崎甘奈\W.I.N.G.編\笑顔の輝き.csv,48,1014001010070,甘奈,"这也是因为，
想要尽情享受只有现在才能做到的事",大崎甘奈,W.I.N.G.編,笑顔の輝き
大崎甘奈\W.I.N.G.編\笑顔の輝き.csv,51,1014001010080,甘奈,"这个嘛，
是因为想和甜花一起成为偶像哦",大崎甘奈,W.I.N.G.編,笑顔の輝き
大崎甘奈\W.I.N.G.編\笑顔の輝き.csv,53,1014001010090,甘奈,"对对！
甜花她啊，超可爱的！",大崎甘奈,W.I.N.G.編,笑顔の輝き
大崎甘奈\W.I.N.G.編\笑顔の輝き.csv,54,1014001010100,甘奈,"甜花成为偶像的话，
大家肯定会被迷得神魂颠倒的！",大崎甘奈,W.I.N.G.編,笑顔の輝き
大崎甘奈\W.I.N.G.編\笑顔の輝き.csv,56,1014001010110,甘奈,当然，很喜欢哦☆,大崎甘奈,W.I.N.G.編,笑顔の輝き
大崎甘奈\W.I.N.G.編\笑顔の輝き.csv,58,1014001010120,甘奈,"诶嘿，是这样呢
那个，理由是吧",大崎甘奈,W.I.N.G.編,笑顔の輝き
大崎甘奈\W.I.N.G.編\笑顔の輝き.csv,59,1014001010130,甘奈,"甘奈啊，想和甜花一起成为偶像，
想和甜花一起闪耀",大崎甘奈,W.I.N.G.編,笑顔の輝き
大崎甘奈\W.I.N.G.編\笑顔の輝き.csv,60,1014001010140,甘奈,这个理由可以吗？,大崎甘奈,W.I.N.G.編,笑顔の輝き
大崎甘奈\W.I.N.G.編\笑顔の輝き.csv,62,1014001010150,甘奈,"没关系！
并不是随便说说的",大崎甘奈,W.I.N.G.編,笑顔の輝き
大崎甘奈\W.I.N.G.編\笑顔の輝き.csv,63,1014001010160,甘奈,"甘奈打算要做的话就认真做
不想给支持着自己的事务所的人们添麻烦呢",大崎甘奈,W.I.N.G.編,笑顔の輝き
大崎甘奈\W.I.N.G.編\笑顔の輝き.csv,68,1014001010170,甘奈,"诶，真的吗？
甘奈合格了？",大崎甘奈,W.I.N.G.編,笑顔の輝き
大崎甘奈\W.I.N.G.編\笑顔の輝き.csv,70,1014001010180,甘奈,"太好了
甘奈才是，请多关照！",大崎甘奈,W.I.N.G.編,笑顔の輝き
大崎甘奈\W.I.N.G.編\试镜后 失败②.csv,3,5014001000220010,甘奈,虽然感觉最近自己挺努力了……,大崎甘奈,W.I.N.G.編,试镜后 失败②
大崎甘奈\W.I.N.G.編\试镜后 失败②.csv,5,5014001000220020,甘奈,制作人！,大崎甘奈,W.I.N.G.編,试镜后 失败②
大崎甘奈\W.I.N.G.編\试镜后 失败②.csv,6,5014001000220030,甘奈,"等回到事务所后，甘奈想找出需要反省的地方
给甘奈看下拍下的视频哦！",大崎甘奈,W.I.N.G.編,试镜后 失败②
大崎甘奈\W.I.N.G.編\试镜后 失败②.csv,8,5014001000220040,甘奈,谢谢！下次绝对会合格的！,大崎甘奈,W.I.N.G.編,试镜后 失败②
大崎甘奈\【D★wner】大崎甘奈\【D★wner】大崎甘奈01.csv,2,3014022010010,甘奈,诶嘿嘿～☆,大崎甘奈,【D★wner】大崎甘奈,【D★wner】大崎甘奈01
大崎甘奈\【D★wner】大崎甘奈\【D★wner】大崎甘奈01.csv,4,3014022010030,甘奈,"我听说～，下次的拍摄
要拍出『和平时不一样的气质』哦～",大崎甘奈,【D★wner】大崎甘奈,【D★wner】大崎甘奈01
大崎甘奈\【D★wner】大崎甘奈\【D★wner】大崎甘奈01.csv,5,3014022010040,甘奈,"制作人说，我可以去期待会有新鲜感
所以我超级兴奋的！",大崎甘奈,【D★wner】大崎甘奈,【D★wner】大崎甘奈01
大崎甘奈\【D★wner】大崎甘奈\【D★wner】大崎甘奈01.csv,7,3014022010060,甘奈,待会儿我就来告诉甜花！,大崎甘奈,【D★wner】大崎甘奈,【D★wner】大崎甘奈01
大崎甘奈\【D★wner】大崎甘奈\【D★wner】大崎甘奈01.csv,8,3014022010070,甘奈,…………,大崎甘奈,【D★wner】大崎甘奈,【D★wner】大崎甘奈01
大崎甘奈\【D★wner】大崎甘奈\【D★wner】大崎甘奈01.csv,9,3014022010080,甘奈,"……？
看完了……",大崎甘奈,【D★wner】大崎甘奈,【D★wner】大崎甘奈01
大崎甘奈\【D★wner】大崎甘奈\【D★wner】大崎甘奈01.csv,10,3014022010090,甘奈,千雪……,大崎甘奈,【D★wner】大崎甘奈,【D★wner】大崎甘奈01
大崎甘奈\【D★wner】大崎甘奈\【D★wner】大崎甘奈01.csv,12,3014022010110,甘奈,把那本杂志递给我,大崎甘奈,【D★wner】大崎甘奈,【D★wner】大崎甘奈01
大崎甘奈\【D★wner】大崎甘奈\【D★wner】大崎甘奈01.csv,14,3014022010130,甘奈,"……
行……",大崎甘奈,【D★wner】大崎甘奈,【D★wner】大崎甘奈01
大崎甘奈\【D★wner】大崎甘奈\【D★wner】大崎甘奈01.csv,15,3014022010140,甘奈,……呼……,大崎甘奈,【D★wner】大崎甘奈,【D★wner】大崎甘奈01
大崎甘奈\【D★wner】大崎甘奈\【D★wner】大崎甘奈01.csv,16,3014022010150,甘奈,…………,大崎甘奈,【D★wner】大崎甘奈,【D★wner】大崎甘奈01
大崎甘奈\【D★wner】大崎甘奈\【D★wner】大崎甘奈01.csv,18,3014022010170,甘奈,……好困……,大崎甘奈,【D★wner】大崎甘奈,【D★wner】大崎甘奈01
大崎甘奈\【D★wner】大崎甘奈\【D★wner】大崎甘奈01.csv,27,3014022010241,甘奈＆千雪,……？,大崎甘奈,【D★wner】大崎甘奈,【D★wner】大崎甘奈01
大崎甘奈\【D★wner】大崎甘奈\【D★wner】大崎甘奈01.csv,29,3014022010250,甘奈,"…………
啊……",大崎甘奈,【D★wner】大崎甘奈,【D★wner】大崎甘奈01
大崎甘奈\【D★wner】大崎甘奈\【D★wner】大崎甘奈01.csv,37,3014022010330,甘奈,……没有安排……,大崎甘奈,【D★wner】大崎甘奈,【D★wner】大崎甘奈01
大崎甘奈\【D★wner】大崎甘奈\【D★wner】大崎甘奈01.csv,40,3014022010360,甘奈,……哈……,大崎甘奈,【D★wner】大崎甘奈,【D★wner】大崎甘奈01
大崎甘奈\【D★wner】大崎甘奈\【D★wner】大崎甘奈01.csv,43,3014022010381,甘奈＆千雪,…………？,大崎甘奈,【D★wner】大崎甘奈,【D★wner】大崎甘奈01
大崎甘奈\【D★wner】大崎甘奈\【D★wner】大崎甘奈01.csv,45,3014022010400,甘奈,"啊，那个，甜花……！
那个……！",大崎甘奈,【D★wner】大崎甘奈,【D★wner】大崎甘奈01
大崎甘奈\【D★wner】大崎甘奈\【D★wner】大崎甘奈01.csv,49,3014022010440,甘奈,"我听说～，下次的拍摄
要拍出『和平时不一样的气质』哦～",大崎甘奈,【D★wner】大崎甘奈,【D★wner】大崎甘奈01
大崎甘奈\【D★wner】大崎甘奈\【D★wner】大崎甘奈01.csv,51,3014022010460,甘奈,"嗯！ 所以，刚才那段时间
我们是在模仿那种类型的角色",大崎甘奈,【D★wner】大崎甘奈,【D★wner】大崎甘奈01
大崎甘奈\【D★wner】大崎甘奈\【D★wner】大崎甘奈01.csv,55,3014022010500,甘奈,……？,大崎甘奈,【D★wner】大崎甘奈,【D★wner】大崎甘奈01
大崎甘奈\【D★wner】大崎甘奈\【D★wner】大崎甘奈01.csv,56,3014022010510,甘奈,"……甜花，千雪姐。制作人
看起来不像是没事的样子……？",大崎甘奈,【D★wner】大崎甘奈,【D★wner】大崎甘奈01
大崎甘奈\【D★wner】大崎甘奈\【D★wner】大崎甘奈01.csv,62,3014022010570,甘奈,"……大家给制作人
各发一句对不起吧……！",大崎甘奈,【D★wner】大崎甘奈,【D★wner】大崎甘奈01
大崎甘奈\【D★wner】大崎甘奈\【D★wner】大崎甘奈02.csv,2,3014022020010,甘奈,…………,大崎甘奈,【D★wner】大崎甘奈,【D★wner】大崎甘奈02
大崎甘奈\【D★wner】大崎甘奈\【D★wner】大崎甘奈02.csv,5,3014022020030,甘奈,诶嘿嘿，谢谢您──,大崎甘奈,【D★wner】大崎甘奈,【D★wner】大崎甘奈02
大崎甘奈\【D★wner】大崎甘奈\【D★wner】大崎甘奈02.csv,7,3014022020040,甘奈,"…………
多谢……",大崎甘奈,【D★wner】大崎甘奈,【D★wner】大崎甘奈02
大崎甘奈\【D★wner】大崎甘奈\【D★wner】大崎甘奈02.csv,9,3014022020051,甘奈＆千雪,辛苦了～！,大崎甘奈,【D★wner】大崎甘奈,【D★wner】大崎甘奈02
大崎甘奈\【D★wner】大崎甘奈\【D★wner】大崎甘奈02.csv,10,3014022020060,甘奈,"千雪姐，你阴郁的气质
真是越来越有韵味了呢～！",大崎甘奈,【D★wner】大崎甘奈,【D★wner】大崎甘奈02
大崎甘奈\【D★wner】大崎甘奈\【D★wner】大崎甘奈02.csv,12,3014022020080,甘奈,"什么什么～！？
教教我！",大崎甘奈,【D★wner】大崎甘奈,【D★wner】大崎甘奈02
大崎甘奈\【D★wner】大崎甘奈\【D★wner】大崎甘奈02.csv,18,3014022020140,甘奈,会会～！,大崎甘奈,【D★wner】大崎甘奈,【D★wner】大崎甘奈02
大崎甘奈\【D★wner】大崎甘奈\【D★wner】大崎甘奈02.csv,21,3014022020170,甘奈,"好聪明的方法～！
把自己当作参考，确实能表现得更加自然呢～！",大崎甘奈,【D★wner】大崎甘奈,【D★wner】大崎甘奈02
大崎甘奈\【D★wner】大崎甘奈\【D★wner】大崎甘奈02.csv,22,3014022020180,甘奈,"啊！那些照片现在还存着吗！？
我想看看千雪姐疲惫的样子！",大崎甘奈,【D★wner】大崎甘奈,【D★wner】大崎甘奈02
大崎甘奈\【D★wner】大崎甘奈\【D★wner】大崎甘奈02.csv,24,3014022020200,甘奈,真是可惜～,大崎甘奈,【D★wner】大崎甘奈,【D★wner】大崎甘奈02
大崎甘奈\【D★wner】大崎甘奈\【D★wner】大崎甘奈02.csv,27,3014022020230,甘奈,诶嘿嘿，甘奈呢～……,大崎甘奈,【D★wner】大崎甘奈,【D★wner】大崎甘奈02
大崎甘奈\【D★wner】大崎甘奈\【D★wner】大崎甘奈02.csv,34,3014022020250,甘奈,……嗯……,大崎甘奈,【D★wner】大崎甘奈,【D★wner】大崎甘奈02
大崎甘奈\【D★wner】大崎甘奈\【D★wner】大崎甘奈02.csv,38,3014022020270,甘奈,"…………
嗯……",大崎甘奈,【D★wner】大崎甘奈,【D★wner】大崎甘奈02
大崎甘奈\【D★wner】大崎甘奈\【D★wner】大崎甘奈02.csv,43,3014022020280,甘奈,"……那个……最近工作上
需要用到这种演技……或者说这种气质",大崎甘奈,【D★wner】大崎甘奈,【D★wner】大崎甘奈02
大崎甘奈\【D★wner】大崎甘奈\【D★wner】大崎甘奈02.csv,44,3014022020290,甘奈,所以，我想尽量去适应一下……！,大崎甘奈,【D★wner】大崎甘奈,【D★wner】大崎甘奈02
大崎甘奈\【D★wner】大崎甘奈\【D★wner】大崎甘奈02.csv,45,3014022020300,甘奈,"没提前说清楚……
不好意思……！",大崎甘奈,【D★wner】大崎甘奈,【D★wner】大崎甘奈02
大崎甘奈\【D★wner】大崎甘奈\【D★wner】大崎甘奈02.csv,47,3014022020310,甘奈,"……甜花……
平时其实也用不着刻意去表现吧……？",大崎甘奈,【D★wner】大崎甘奈,【D★wner】大崎甘奈02
大崎甘奈\【D★wner】大崎甘奈\【D★wner】大崎甘奈02.csv,51,3014022020350,甘奈,"是，是吗……也是呢……！
我知道了……！",大崎甘奈,【D★wner】大崎甘奈,【D★wner】大崎甘奈02
大崎甘奈\【D★wner】大崎甘奈\【D★wner】大崎甘奈02.csv,54,3014022020380,甘奈,"……
以上……",大崎甘奈,【D★wner】大崎甘奈,【D★wner】大崎甘奈02
大崎甘奈\【D★wner】大崎甘奈\【D★wner】大崎甘奈02.csv,55,3014022020390,甘奈,"就是这样，我在甜花的帮助下
尽可能长时间地维持在了阴郁的状态里",大崎甘奈,【D★wner】大崎甘奈,【D★wner】大崎甘奈02
大崎甘奈\【D★wner】大崎甘奈\【D★wner】大崎甘奈02.csv,57,3014022020410,甘奈,我回来了～,大崎甘奈,【D★wner】大崎甘奈,【D★wner】大崎甘奈02
大崎甘奈\【D★wner】大崎甘奈\【D★wner】大崎甘奈02.csv,59,3014022020430,甘奈,"……？
怎么了？",大崎甘奈,【D★wner】大崎甘奈,【D★wner】大崎甘奈02
大崎甘奈\【D★wner】大崎甘奈\【D★wner】大崎甘奈02.csv,61,3014022020450,甘奈,很棘手的事……？,大崎甘奈,【D★wner】大崎甘奈,【D★wner】大崎甘奈02
大崎甘奈\【D★wner】大崎甘奈\【D★wner】大崎甘奈02.csv,64,3014022020480,甘奈,那不是挺好的吗！！,大崎甘奈,【D★wner】大崎甘奈,【D★wner】大崎甘奈02
大崎甘奈\【D★wner】大崎甘奈\【D★wner】大崎甘奈02.csv,66,3014022020500,甘奈,"那我们赶紧出去玩吧☆
去购物？ 还是咖啡厅？ 想去哪？",大崎甘奈,【D★wner】大崎甘奈,【D★wner】大崎甘奈02
大崎甘奈\【ever-】大崎甘奈\アマイ永遠.csv,3,3014012020020,甘奈,"樱——
化学的笔记，谢谢你借给我————",大崎甘奈,【ever-】大崎甘奈,アマイ永遠
大崎甘奈\【ever-】大崎甘奈\アマイ永遠.csv,5,3014012020040,甘奈,————啊,大崎甘奈,【ever-】大崎甘奈,アマイ永遠
大崎甘奈\【ever-】大崎甘奈\アマイ永遠.csv,6,3014012020050,甘奈,呃，那个……,大崎甘奈,【ever-】大崎甘奈,アマイ永遠
大崎甘奈\【ever-】大崎甘奈\アマイ永遠.csv,8,3014012020070,甘奈,没有……！,大崎甘奈,【ever-】大崎甘奈,アマイ永遠
大崎甘奈\【ever-】大崎甘奈\アマイ永遠.csv,10,3014012020090,甘奈,"…………嗯、嗯
可能、看到了一点",大崎甘奈,【ever-】大崎甘奈,アマイ永遠
大崎甘奈\【ever-】大崎甘奈\アマイ永遠.csv,12,3014012020110,甘奈,————你喜欢吗？,大崎甘奈,【ever-】大崎甘奈,アマイ永遠
大崎甘奈\【ever-】大崎甘奈\アマイ永遠.csv,14,3014012020130,甘奈,前辈,大崎甘奈,【ever-】大崎甘奈,アマイ永遠
大崎甘奈\【ever-】大崎甘奈\アマイ永遠.csv,18,3014012020170,甘奈,这么说着的双唇，,大崎甘奈,【ever-】大崎甘奈,アマイ永遠
大崎甘奈\【ever-】大崎甘奈\アマイ永遠.csv,19,3014012020180,甘奈,"……
嘿诶——",大崎甘奈,【ever-】大崎甘奈,アマイ永遠
大崎甘奈\【ever-】大崎甘奈\アマイ永遠.csv,20,3014012020190,甘奈,有着樱桃一般的颜色,大崎甘奈,【ever-】大崎甘奈,アマイ永遠
大崎甘奈\【ever-】大崎甘奈\アマイ永遠.csv,21,3014012020200,甘奈,"————
和喜欢不同吗？",大崎甘奈,【ever-】大崎甘奈,アマイ永遠
大崎甘奈\【ever-】大崎甘奈\アマイ永遠.csv,23,3014012020211,甘奈＆甜花,…………说不定,大崎甘奈,【ever-】大崎甘奈,アマイ永遠
大崎甘奈\【ever-】大崎甘奈\アマイ永遠.csv,26,3014012020240,甘奈,"咀嚼那片叶子的话
无论何时，心中都有微风吹拂",大崎甘奈,【ever-】大崎甘奈,アマイ永遠
大崎甘奈\【ever-】大崎甘奈\アマイ永遠.csv,29,3014012020270,甘奈,"只是说不可思议我还不明白
再多说些，天使",大崎甘奈,【ever-】大崎甘奈,アマイ永遠
大崎甘奈\【ever-】大崎甘奈\アマイ永遠.csv,32,3014012020300,甘奈,天使的气息，成为了音乐,大崎甘奈,【ever-】大崎甘奈,アマイ永遠
大崎甘奈\【ever-】大崎甘奈\アマイ永遠.csv,33,3014012020310,甘奈,"哇啊，真漂亮！
再吹一吹",大崎甘奈,【ever-】大崎甘奈,アマイ永遠
大崎甘奈\【ever-】大崎甘奈\アマイ永遠.csv,36,3014012020340,甘奈,再次呼出的气息，成为了众多的色彩,大崎甘奈,【ever-】大崎甘奈,アマイ永遠
大崎甘奈\【ever-】大崎甘奈\アマイ永遠.csv,37,3014012020350,甘奈,"哇啊，真漂亮！
再多吹些",大崎甘奈,【ever-】大崎甘奈,アマイ永遠
大崎甘奈\【ever-】大崎甘奈\アマイ永遠.csv,39,3014012020370,甘奈,嗯,大崎甘奈,【ever-】大崎甘奈,アマイ永遠
大崎甘奈\【ever-】大崎甘奈\アマイ永遠.csv,41,3014012020390,甘奈,呼——……,大崎甘奈,【ever-】大崎甘奈,アマイ永遠
大崎甘奈\【ever-】大崎甘奈\アマイ永遠.csv,43,3014012020410,甘奈,大地之上初次生出了回忆,大崎甘奈,【ever-】大崎甘奈,アマイ永遠
大崎甘奈\【ever-】大崎甘奈\アマイ永遠.csv,44,3014012020411,甘奈＆甜花,呵呵,大崎甘奈,【ever-】大崎甘奈,アマイ永遠
大崎甘奈\【ever-】大崎甘奈\アマイ永遠.csv,48,3014012020450,甘奈,"嗯！
抱歉我来晚了，甘奈",大崎甘奈,【ever-】大崎甘奈,アマイ永遠
大崎甘奈\【ever-】大崎甘奈\アマイ永遠.csv,50,3014012020470,甘奈,"诶嘿嘿
想起来的，是什么样的事情呢？",大崎甘奈,【ever-】大崎甘奈,アマイ永遠
大崎甘奈\【ever-】大崎甘奈\アマイ永遠.csv,52,3014012020490,甘奈,"嘿诶……！
那之后的事情呢？",大崎甘奈,【ever-】大崎甘奈,アマイ永遠
大崎甘奈\【ever-】大崎甘奈\アマイ永遠.csv,54,3014012020510,甘奈,是什么样的事情……！？,大崎甘奈,【ever-】大崎甘奈,アマイ永遠
大崎甘奈\【ever-】大崎甘奈\アマイ永遠.csv,59,3014012020560,甘奈,嗯……！,大崎甘奈,【ever-】大崎甘奈,アマイ永遠
大崎甘奈\【ever-】大崎甘奈\アマイ永遠.csv,60,3014012020570,甘奈,看来，你度过了快乐的一生呢,大崎甘奈,【ever-】大崎甘奈,アマイ永遠
大崎甘奈\【ever-】大崎甘奈\アマイ永遠.csv,62,3014012020590,甘奈,"辛苦了，甘奈！
你还会被再次诞生下来吗？",大崎甘奈,【ever-】大崎甘奈,アマイ永遠
大崎甘奈\【ever-】大崎甘奈\アマイ永遠.csv,64,3014012020610,甘奈,那能记住吗？在这个世界发生的事情,大崎甘奈,【ever-】大崎甘奈,アマイ永遠
大崎甘奈\【ever-】大崎甘奈\アマイ永遠.csv,72,3014012020660,甘奈,,大崎甘奈,【ever-】大崎甘奈,アマイ永遠
大崎甘奈\【ever-】大崎甘奈\ポーチできたの☆.csv,54,3014012030320,甘奈,配套的化妆包里，有一个小小的机关,大崎甘奈,【ever-】大崎甘奈,ポーチできたの☆
大崎甘奈\【ever-】大崎甘奈\ポーチできたの☆.csv,55,3014012030330,甘奈,其实，我非常中意这个————,大崎甘奈,【ever-】大崎甘奈,ポーチできたの☆
大崎甘奈\【ever-】大崎甘奈\ポーチできたの☆.csv,56,3014012030340,甘奈,"锵——！
打开包，就可以看见底部写的字",大崎甘奈,【ever-】大崎甘奈,ポーチできたの☆
大崎甘奈\【ever-】大崎甘奈\ポーチできたの☆.csv,64,3014012030400,甘奈,,大崎甘奈,【ever-】大崎甘奈,ポーチできたの☆
大崎甘奈\【ever-】大崎甘奈\２回目.csv,2,3014012010010,甘奈,————呼…………,大崎甘奈,【ever-】大崎甘奈,２回目
大崎甘奈\【ever-】大崎甘奈\２回目.csv,3,3014012010020,甘奈,哈……——————,大崎甘奈,【ever-】大崎甘奈,２回目
大崎甘奈\【ever-】大崎甘奈\２回目.csv,4,3014012010030,甘奈,……要上了哦，甘奈,大崎甘奈,【ever-】大崎甘奈,２回目
大崎甘奈\【ever-】大崎甘奈\２回目.csv,7,3014012010060,甘奈,"是的！
感觉很诱人吧～！",大崎甘奈,【ever-】大崎甘奈,２回目
大崎甘奈\【ever-】大崎甘奈\２回目.csv,9,3014012010080,甘奈,真、真的吗……！？,大崎甘奈,【ever-】大崎甘奈,２回目
大崎甘奈\【ever-】大崎甘奈\２回目.csv,11,3014012010100,甘奈,"嗯！
甘奈想要做出不管什么时候都想要涂上的唇膏！",大崎甘奈,【ever-】大崎甘奈,２回目
大崎甘奈\【ever-】大崎甘奈\２回目.csv,12,3014012010110,甘奈,"…………但是，这个没有通过
……说是只是这样还不够",大崎甘奈,【ever-】大崎甘奈,２回目
大崎甘奈\【ever-】大崎甘奈\２回目.csv,14,3014012010130,甘奈,"这之前会议的时候，
被批评说冲击力太弱————",大崎甘奈,【ever-】大崎甘奈,２回目
大崎甘奈\【ever-】大崎甘奈\２回目.csv,16,3014012010150,甘奈,"……虽然甘奈也知道，
樱桃味的唇膏有很多……",大崎甘奈,【ever-】大崎甘奈,２回目
大崎甘奈\【ever-】大崎甘奈\２回目.csv,17,3014012010160,甘奈,但是，甘奈调查了很多东西……！,大崎甘奈,【ever-】大崎甘奈,２回目
大崎甘奈\【ever-】大崎甘奈\２回目.csv,18,3014012010170,甘奈,"也比较了很多样本，分析了它们对什么有效，
有没有加入不好的成分，之类的——",大崎甘奈,【ever-】大崎甘奈,２回目
大崎甘奈\【ever-】大崎甘奈\２回目.csv,19,3014012010180,甘奈,"然后，甘奈就想到，就是这个……！
明明是这样……",大崎甘奈,【ever-】大崎甘奈,２回目
大崎甘奈\【ever-】大崎甘奈\２回目.csv,20,3014012010190,甘奈,"因为这是十分努力才得到的结果
没有被采用，还是有点遗憾————",大崎甘奈,【ever-】大崎甘奈,２回目
大崎甘奈\【ever-】大崎甘奈\２回目.csv,23,3014012010220,甘奈,"是、是的……！
就是这样…………",大崎甘奈,【ever-】大崎甘奈,２回目
大崎甘奈\【ever-】大崎甘奈\２回目.csv,24,3014012010230,甘奈,"下次，还有一次发表的机会
所以，甘奈好好重新思考了被批评的点",大崎甘奈,【ever-】大崎甘奈,２回目
大崎甘奈\【ever-】大崎甘奈\２回目.csv,25,3014012010240,甘奈,“……但是，甘奈”,大崎甘奈,【ever-】大崎甘奈,２回目
大崎甘奈\【ever-】大崎甘奈\２回目.csv,26,3014012010250,甘奈,“我认为，没有觉得产品卖得不好也行的开发者”,大崎甘奈,【ever-】大崎甘奈,２回目
大崎甘奈\【ever-】大崎甘奈\２回目.csv,28,3014012010270,甘奈,"“要怎样紧紧抓住顾客的心……
试着再这样想想的话，肯定能对甘奈有帮助”",大崎甘奈,【ever-】大崎甘奈,２回目
大崎甘奈\【ever-】大崎甘奈\２回目.csv,29,3014012010280,甘奈,……他这么说！,大崎甘奈,【ever-】大崎甘奈,２回目
大崎甘奈\【ever-】大崎甘奈\２回目.csv,31,3014012010300,甘奈,"……
这个……甘奈觉得，说不定确实是这样",大崎甘奈,【ever-】大崎甘奈,２回目
大崎甘奈\【ever-】大崎甘奈\２回目.csv,32,3014012010310,甘奈,首先，是关于香味,大崎甘奈,【ever-】大崎甘奈,２回目
大崎甘奈\【ever-】大崎甘奈\２回目.csv,34,3014012010330,甘奈,诶？,大崎甘奈,【ever-】大崎甘奈,２回目
大崎甘奈\【ever-】大崎甘奈\２回目.csv,36,3014012010350,甘奈,甘奈的风格……,大崎甘奈,【ever-】大崎甘奈,２回目
大崎甘奈\【ever-】大崎甘奈\２回目.csv,40,3014012010390,甘奈,,大崎甘奈,【ever-】大崎甘奈,２回目
大崎甘奈\【ever-】大崎甘奈\２回目.csv,41,3014012010400,甘奈,"甘奈想要提案，
在作为基底的樱桃上加上一种其它的香味……！",大崎甘奈,【ever-】大崎甘奈,２回目
大崎甘奈\【ever-】大崎甘奈\２回目.csv,42,3014012010410,甘奈,————那个啊,大崎甘奈,【ever-】大崎甘奈,２回目
大崎甘奈\【ever-】大崎甘奈\２回目.csv,43,3014012010420,甘奈,"甘奈，
想要做出不管什么时候都想涂上，不管什么时候————",大崎甘奈,【ever-】大崎甘奈,２回目
大崎甘奈\【ever-】大崎甘奈\２回目.csv,44,3014012010430,甘奈,"不管什么时候，只要涂上就会变得幸福的
这样的唇膏",大崎甘奈,【ever-】大崎甘奈,２回目
大崎甘奈\【ever-】大崎甘奈\２回目.csv,46,3014012010450,甘奈,"然后……甘奈就闭上眼睛，
思考着，自己在什么样的时候会觉得幸福呢————",大崎甘奈,【ever-】大崎甘奈,２回目
大崎甘奈\【ever-】大崎甘奈\２回目.csv,47,3014012010460,甘奈,"然后，
脑中就浮现出了许多……各种各样的回忆！",大崎甘奈,【ever-】大崎甘奈,２回目
大崎甘奈\【ever-】大崎甘奈\２回目.csv,48,3014012010470,甘奈,"Alstromeria的回忆
像是幻灯片那次一样……！",大崎甘奈,【ever-】大崎甘奈,２回目
大崎甘奈\【ever-】大崎甘奈\２回目.csv,50,3014012010490,甘奈,"嗯
在一瞬间，好像变成了幻灯片一样——！",大崎甘奈,【ever-】大崎甘奈,２回目
大崎甘奈\【ever-】大崎甘奈\２回目.csv,54,3014012010530,甘奈,"在樱桃的香味之上，
加入清爽的薄荷怎么样呢！",大崎甘奈,【ever-】大崎甘奈,２回目
大崎甘奈\【ever-】大崎甘奈\２回目.csv,56,3014012010550,甘奈,诶嘿嘿,大崎甘奈,【ever-】大崎甘奈,２回目
大崎甘奈\【ever-】大崎甘奈\２回目.csv,57,3014012010560,甘奈,"我们一起吃了樱花味的果冻对吧？
就是之前练习茶道的那时候！",大崎甘奈,【ever-】大崎甘奈,２回目
大崎甘奈\【ever-】大崎甘奈\２回目.csv,59,3014012010580,甘奈,"不仅仅是甜味，
像是能让人回忆起什么，感受到什么的……",大崎甘奈,【ever-】大崎甘奈,２回目
大崎甘奈\【ever-】大崎甘奈\２回目.csv,60,3014012010590,甘奈,甘奈想加入这样的，能让人大吃一惊的印象,大崎甘奈,【ever-】大崎甘奈,２回目
大崎甘奈\【ever-】大崎甘奈\２回目.csv,62,3014012010610,甘奈,"诶嘿嘿
虽然甘奈试着从大家一起吃过的东西中选出一种————",大崎甘奈,【ever-】大崎甘奈,２回目
大崎甘奈\【ever-】大崎甘奈\２回目.csv,63,3014012010620,甘奈,"比如说，
樱花的叶片和花瓣就有着不可思议的香味吧",大崎甘奈,【ever-】大崎甘奈,２回目
大崎甘奈\【ever-】大崎甘奈\２回目.csv,64,3014012010630,甘奈,就是这种，令人有些难以忘怀、总能萦绕在心中的香味,大崎甘奈,【ever-】大崎甘奈,２回目
大崎甘奈\【ever-】大崎甘奈\２回目.csv,67,3014012010660,甘奈,"对！就是那样！但是，如果樱花就会变成春天的印象
甘奈就想到，樱桃怎么样呢……",大崎甘奈,【ever-】大崎甘奈,２回目
大崎甘奈\【ever-】大崎甘奈\２回目.csv,68,3014012010670,甘奈,甘奈希望，涂上这支唇膏的人，\可以在那个瞬间想起快乐的事情和幸福的事情,大崎甘奈,【ever-】大崎甘奈,２回目
大崎甘奈\【ever-】大崎甘奈\２回目.csv,69,3014012010680,甘奈,"希望，它能够成为能让人们开心地、
有活力地度过一整天的产品",大崎甘奈,【ever-】大崎甘奈,２回目
大崎甘奈\【ever-】大崎甘奈\２回目.csv,71,3014012010700,甘奈,……诶,大崎甘奈,【ever-】大崎甘奈,２回目
大崎甘奈\【ever-】大崎甘奈\２回目.csv,74,3014012010730,甘奈,"……！
好厉害……！",大崎甘奈,【ever-】大崎甘奈,２回目
大崎甘奈\【ever-】大崎甘奈\２回目.csv,75,3014012010740,甘奈,"千雪，谢谢你……！
甘奈，好像有点明白了……！",大崎甘奈,【ever-】大崎甘奈,２回目
大崎甘奈\【ever-】大崎甘奈\２回目.csv,77,3014012010760,甘奈,这支唇膏，是开关,大崎甘奈,【ever-】大崎甘奈,２回目
大崎甘奈\【ever-】大崎甘奈\２回目.csv,78,3014012010770,甘奈,甘奈希望，它能通过被涂抹在嘴唇上，成为人们开始做各种事情的力量,大崎甘奈,【ever-】大崎甘奈,２回目
大崎甘奈\【ever-】大崎甘奈\２回目.csv,79,3014012010780,甘奈,————但是，诶嘿嘿……,大崎甘奈,【ever-】大崎甘奈,２回目
大崎甘奈\【ever-】大崎甘奈\２回目.csv,80,3014012010790,甘奈,这也是依赖着回忆实现的效果吧……,大崎甘奈,【ever-】大崎甘奈,２回目
大崎甘奈\【ever-】大崎甘奈\２回目.csv,82,3014012010810,甘奈,"所以，不仅仅是樱桃
甘奈，希望薄荷的香味可以成为某种开关————",大崎甘奈,【ever-】大崎甘奈,２回目
大崎甘奈\【ever-】大崎甘奈\２回目.csv,85,3014012010840,甘奈,"————加入那样的期待
甘奈，试着改良了一下方案A",大崎甘奈,【ever-】大崎甘奈,２回目
大崎甘奈\【ever-】大崎甘奈\２回目.csv,86,3014012010850,甘奈,嗯……！这样啊……！,大崎甘奈,【ever-】大崎甘奈,２回目
大崎甘奈\【ever-】大崎甘奈\２回目.csv,87,3014012010860,甘奈,"那么，就要重新思考香味————
也改一下名字吧……！",大崎甘奈,【ever-】大崎甘奈,２回目
大崎甘奈\【ever-】大崎甘奈\２回目.csv,88,3014012010870,甘奈,"请过目一下资料
再一次，对甘奈的提案做出评价……！",大崎甘奈,【ever-】大崎甘奈,２回目
大崎甘奈\【ever-】大崎甘奈\２回目.csv,89,3014012010880,甘奈,拜托了……！,大崎甘奈,【ever-】大崎甘奈,２回目
大崎甘奈\【ever-】大崎甘奈\２回目.csv,92,3014012010910,甘奈,“通过了哦，千雪！”,大崎甘奈,【ever-】大崎甘奈,２回目
大崎甘奈\【ever-】大崎甘奈\２回目.csv,93,3014012010920,甘奈,“ever-cherry！”,大崎甘奈,【ever-】大崎甘奈,２回目
大崎甘奈\【ever-】大崎甘奈\２回目.csv,95,3014012010940,甘奈,————是名字的来历吗……？,大崎甘奈,【ever-】大崎甘奈,２回目
大崎甘奈\【ever-】大崎甘奈\２回目.csv,96,3014012010950,甘奈,好的。这是倾注了甘奈的愿望的名字……,大崎甘奈,【ever-】大崎甘奈,２回目
大崎甘奈\【ever-】大崎甘奈\２回目.csv,97,3014012010960,甘奈,"倾注了希望人们能像这样，
不管什么时候都能想起来、都能记住回忆的愿望",大崎甘奈,【ever-】大崎甘奈,２回目
大崎甘奈\【ever-】大崎甘奈\２回目.csv,98,3014012010970,甘奈,“出道——！”,大崎甘奈,【ever-】大崎甘奈,２回目
大崎甘奈\【longing】大崎甘奈\go naturally.csv,9,2014014020010,甘奈,"关于时尚的话题……感觉会比较多被问到……
其他大家可能感兴趣的……",大崎甘奈,【longing】大崎甘奈,go naturally
大崎甘奈\【longing】大崎甘奈\go naturally.csv,11,2014014020020,甘奈,"制作人
打扰你一下可以吗",大崎甘奈,【longing】大崎甘奈,go naturally
大崎甘奈\【longing】大崎甘奈\go naturally.csv,13,2014014020030,甘奈,"甘奈思考了一下
和来签名会的大家说些什么，能聊得开心一些",大崎甘奈,【longing】大崎甘奈,go naturally
大崎甘奈\【longing】大崎甘奈\go naturally.csv,14,2014014020040,甘奈,就把可能被问到的话题列出来了,大崎甘奈,【longing】大崎甘奈,go naturally
大崎甘奈\【longing】大崎甘奈\go naturally.csv,15,2014014020050,甘奈,想让制作人看看有没有什么问题,大崎甘奈,【longing】大崎甘奈,go naturally
大崎甘奈\【longing】大崎甘奈\go naturally.csv,17,2014014020060,甘奈,"难得大家来见甘奈
一定要让大家开心",大崎甘奈,【longing】大崎甘奈,go naturally
大崎甘奈\【longing】大崎甘奈\go naturally.csv,19,2014014020070,甘奈,嗯！,大崎甘奈,【longing】大崎甘奈,go naturally
大崎甘奈\【longing】大崎甘奈\go naturally.csv,20,2014014020080,甘奈,,大崎甘奈,【longing】大崎甘奈,go naturally
大崎甘奈\【longing】大崎甘奈\go naturally.csv,23,2014014020090,甘奈,真的吗！？,大崎甘奈,【longing】大崎甘奈,go naturally
大崎甘奈\【longing】大崎甘奈\go naturally.csv,26,2014014020100,甘奈,诶……？,大崎甘奈,【longing】大崎甘奈,go naturally
大崎甘奈\【longing】大崎甘奈\go naturally.csv,30,2014014020110,甘奈,是吗……,大崎甘奈,【longing】大崎甘奈,go naturally
大崎甘奈\【longing】大崎甘奈\go naturally.csv,38,2014014020120,甘奈,,大崎甘奈,【longing】大崎甘奈,go naturally
大崎甘奈\【longing】大崎甘奈\go naturally.csv,39,2014014020130,甘奈,知道了……！,大崎甘奈,【longing】大崎甘奈,go naturally
大崎甘奈\【longing】大崎甘奈\go naturally.csv,40,2014014020140,甘奈,甘奈会试试看的！,大崎甘奈,【longing】大崎甘奈,go naturally
大崎甘奈\【longing】大崎甘奈\go naturally.csv,42,2014014020150,甘奈,甘奈的魅力……,大崎甘奈,【longing】大崎甘奈,go naturally
大崎甘奈\【longing】大崎甘奈\go naturally.csv,45,2014014020160,甘奈,哪，哪里，受到制作人的尊敬什么的……！,大崎甘奈,【longing】大崎甘奈,go naturally
大崎甘奈\【longing】大崎甘奈\go naturally.csv,46,2014014020170,甘奈,被这么看待……,大崎甘奈,【longing】大崎甘奈,go naturally
大崎甘奈\【longing】大崎甘奈\go naturally.csv,47,2014014020180,甘奈,,大崎甘奈,【longing】大崎甘奈,go naturally
大崎甘奈\【longing】大崎甘奈\go naturally.csv,48,2014014020190,甘奈,"知道了……！
这次会放松一些的！",大崎甘奈,【longing】大崎甘奈,go naturally
大崎甘奈\【longing】大崎甘奈\go naturally.csv,49,2014014020200,甘奈,适当……,大崎甘奈,【longing】大崎甘奈,go naturally
大崎甘奈\【longing】大崎甘奈\go naturally.csv,52,2014014020210,甘奈,"……
这么想的话，不去准备谈话内容确实比较好呢！",大崎甘奈,【longing】大崎甘奈,go naturally
大崎甘奈\【longing】大崎甘奈\go naturally.csv,53,2014014020220,甘奈,制作人，谢谢你！,大崎甘奈,【longing】大崎甘奈,go naturally
大崎甘奈\【longing】大崎甘奈\go naturally.csv,54,2014014020230,甘奈,甘奈这次就不做太多准备了哦！,大崎甘奈,【longing】大崎甘奈,go naturally
大崎甘奈\【longing】大崎甘奈\I want to be near.csv,2,2014014010010,甘奈,举办签名会，是吗,大崎甘奈,【longing】大崎甘奈,I want to be near
大崎甘奈\【longing】大崎甘奈\I want to be near.csv,10,2014014010020,甘奈,是件很棒的工作呢,大崎甘奈,【longing】大崎甘奈,I want to be near
大崎甘奈\【longing】大崎甘奈\I want to be near.csv,12,2014014010030,甘奈,……日程安排的问题……是吧？,大崎甘奈,【longing】大崎甘奈,I want to be near
大崎甘奈\【longing】大崎甘奈\I want to be near.csv,15,2014014010040,甘奈,多谢关心,大崎甘奈,【longing】大崎甘奈,I want to be near
大崎甘奈\【longing】大崎甘奈\I want to be near.csv,16,2014014010050,甘奈,"对于制作人的这份体贴，甘奈非常开心
再增加工作确实会很辛苦",大崎甘奈,【longing】大崎甘奈,I want to be near
大崎甘奈\【longing】大崎甘奈\I want to be near.csv,17,2014014010060,甘奈,但是……,大崎甘奈,【longing】大崎甘奈,I want to be near
大崎甘奈\【longing】大崎甘奈\I want to be near.csv,19,2014014010070,甘奈,听到这样的话，就觉得,大崎甘奈,【longing】大崎甘奈,I want to be near
大崎甘奈\【longing】大崎甘奈\I want to be near.csv,20,2014014010080,甘奈,"即便有些勉强
也想去和他们见一下面呢",大崎甘奈,【longing】大崎甘奈,I want to be near
大崎甘奈\【longing】大崎甘奈\I want to be near.csv,22,2014014010090,甘奈,甘奈觉得“憧憬”是一种很美好的感情,大崎甘奈,【longing】大崎甘奈,I want to be near
大崎甘奈\【longing】大崎甘奈\I want to be near.csv,23,2014014010100,甘奈,"但是，被粉丝这么说
就有种和他们的距离变远了的感觉",大崎甘奈,【longing】大崎甘奈,I want to be near
大崎甘奈\【longing】大崎甘奈\I want to be near.csv,26,2014014010110,甘奈,嗯，所以想面对面好好交谈,大崎甘奈,【longing】大崎甘奈,I want to be near
大崎甘奈\【longing】大崎甘奈\I want to be near.csv,27,2014014010120,甘奈,甘奈希望能陪在大家的身边，而不是受人憧憬,大崎甘奈,【longing】大崎甘奈,I want to be near
大崎甘奈\【longing】大崎甘奈\I want to be near.csv,30,2014014010130,甘奈,制作人……！,大崎甘奈,【longing】大崎甘奈,I want to be near
大崎甘奈\【longing】大崎甘奈\I want to be near.csv,35,2014014010140,甘奈,只有制作人知道就好了……！,大崎甘奈,【longing】大崎甘奈,I want to be near
大崎甘奈\【longing】大崎甘奈\I want to be near.csv,36,2014014010150,甘奈,甘奈想通过行动来传达给大家，而不是口头说出来……！,大崎甘奈,【longing】大崎甘奈,I want to be near
大崎甘奈\【longing】大崎甘奈\I want to be near.csv,39,2014014010160,甘奈,……嗯……甘奈会加油的！,大崎甘奈,【longing】大崎甘奈,I want to be near
大崎甘奈\【longing】大崎甘奈\I want to be near.csv,41,2014014010170,甘奈,谢谢！,大崎甘奈,【longing】大崎甘奈,I want to be near
大崎甘奈\【longing】大崎甘奈\I want to be near.csv,42,2014014010180,甘奈,"不过，这次是甘奈勉强要去
已经做好会变得很忙的觉悟了",大崎甘奈,【longing】大崎甘奈,I want to be near
大崎甘奈\【longing】大崎甘奈\I want to be near.csv,44,2014014010190,甘奈,嗯！,大崎甘奈,【longing】大崎甘奈,I want to be near
大崎甘奈\【longing】大崎甘奈\I want to be near.csv,46,2014014010200,甘奈,"好主意！
制作人真厉害！",大崎甘奈,【longing】大崎甘奈,I want to be near
大崎甘奈\【longing】大崎甘奈\I want to be near.csv,48,2014014010210,甘奈,？怎么了？,大崎甘奈,【longing】大崎甘奈,I want to be near
大崎甘奈\【longing】大崎甘奈\I want to be near.csv,50,2014014010220,甘奈,,大崎甘奈,【longing】大崎甘奈,I want to be near
大崎甘奈\【longing】大崎甘奈\I want to be near.csv,51,2014014010230,甘奈,"诶嘿嘿……
是吗～",大崎甘奈,【longing】大崎甘奈,I want to be near
大崎甘奈\【longing】大崎甘奈\I want to.csv,8,2014014110001,甘奈＆プロデューサー,,大崎甘奈,【longing】大崎甘奈,I want to
大崎甘奈\【longing】大崎甘奈\I want to.csv,9,2014014110002,甘奈＆プロデューサー,"好的，这边才想拜托您呢……！
请多关照！",大崎甘奈,【longing】大崎甘奈,I want to
大崎甘奈\【longing】大崎甘奈\I want to.csv,10,2014014110010,甘奈,制作人，谢谢,大崎甘奈,【longing】大崎甘奈,I want to
大崎甘奈\【longing】大崎甘奈\I want to.csv,12,2014014110020,甘奈,"甘奈之前说了想要积极地出席这种活动
制作人有好好记住呢",大崎甘奈,【longing】大崎甘奈,I want to
大崎甘奈\【longing】大崎甘奈\I want to.csv,14,2014014110030,甘奈,诶嘿嘿,大崎甘奈,【longing】大崎甘奈,I want to
大崎甘奈\【longing】大崎甘奈\I want to.csv,16,2014014110040,甘奈,"是呢～，不过
还要继续努力～",大崎甘奈,【longing】大崎甘奈,I want to
大崎甘奈\【longing】大崎甘奈\I want to.csv,17,2014014110050,甘奈,顺便一提，制作人你,大崎甘奈,【longing】大崎甘奈,I want to
大崎甘奈\【longing】大崎甘奈\I want to.csv,18,2014014110060,甘奈,憧憬什么样的人呢……？,大崎甘奈,【longing】大崎甘奈,I want to
大崎甘奈\【longing】大崎甘奈\I want to.csv,20,2014014110070,甘奈,,大崎甘奈,【longing】大崎甘奈,I want to
大崎甘奈\【longing】大崎甘奈\I want to.csv,22,2014014110080,甘奈,……自己没有的东西……,大崎甘奈,【longing】大崎甘奈,I want to
大崎甘奈\【longing】大崎甘奈\I want to.csv,24,2014014110090,甘奈,是、是吗……,大崎甘奈,【longing】大崎甘奈,I want to
大崎甘奈\【longing】大崎甘奈\I want to.csv,25,2014014110100,甘奈,……谢──,大崎甘奈,【longing】大崎甘奈,I want to
大崎甘奈\【longing】大崎甘奈\I want to.csv,27,2014014110110,甘奈,诶……？,大崎甘奈,【longing】大崎甘奈,I want to
大崎甘奈\【longing】大崎甘奈\I want to.csv,31,2014014110120,甘奈,,大崎甘奈,【longing】大崎甘奈,I want to
大崎甘奈\【longing】大崎甘奈\I want to.csv,34,2014014110130,甘奈,,大崎甘奈,【longing】大崎甘奈,I want to
大崎甘奈\【longing】大崎甘奈\I want to.csv,35,2014014110140,甘奈,,大崎甘奈,【longing】大崎甘奈,I want to
大崎甘奈\【longing】大崎甘奈\I want to.csv,36,2014014110150,甘奈,……是吗……,大崎甘奈,【longing】大崎甘奈,I want to
大崎甘奈\【longing】大崎甘奈\I want to.csv,37,2014014110160,甘奈,……是这样啊……！,大崎甘奈,【longing】大崎甘奈,I want to
大崎甘奈\【longing】大崎甘奈\I want to.csv,39,2014014110170,甘奈,嗯！谢谢制作人送甘奈到这！,大崎甘奈,【longing】大崎甘奈,I want to
大崎甘奈\【longing】大崎甘奈\I want to.csv,41,2014014110180,甘奈,拜拜！,大崎甘奈,【longing】大崎甘奈,I want to
大崎甘奈\【longing】大崎甘奈\I want to.csv,42,2014014110190,甘奈,,大崎甘奈,【longing】大崎甘奈,I want to
大崎甘奈\【longing】大崎甘奈\I want to.csv,43,2014014110200,甘奈,甘奈也……,大崎甘奈,【longing】大崎甘奈,I want to
大崎甘奈\【longing】大崎甘奈\I want to.csv,44,2014014110210,甘奈,"甘奈也一样哦
想和制作人保持那样的关系",大崎甘奈,【longing】大崎甘奈,I want to
大崎甘奈\【longing】大崎甘奈\I want to.csv,45,2014014110220,甘奈,像这样……,大崎甘奈,【longing】大崎甘奈,I want to
大崎甘奈\【longing】大崎甘奈\I want to.csv,46,2014014110230,甘奈,只是传达出去就好了……,大崎甘奈,【longing】大崎甘奈,I want to
大崎甘奈\【longing】大崎甘奈\I want to.csv,47,2014014110240,甘奈,连这样的事也说不出口的话……,大崎甘奈,【longing】大崎甘奈,I want to
大崎甘奈\【longing】大崎甘奈\I want to.csv,48,2014014110250,甘奈,是不可能注意到的吧……,大崎甘奈,【longing】大崎甘奈,I want to
大崎甘奈\【longing】大崎甘奈\I want to.csv,49,2014014110260,甘奈,真实的心情……,大崎甘奈,【longing】大崎甘奈,I want to
大崎甘奈\【longing】大崎甘奈\I want to.csv,50,2014014110270,甘奈,"……
不争气……",大崎甘奈,【longing】大崎甘奈,I want to
大崎甘奈\【longing】大崎甘奈\my selfishness.csv,4,2014014040010,甘奈,"嗯……
麻烦要苹果果汁！",大崎甘奈,【longing】大崎甘奈,my selfishness
大崎甘奈\【longing】大崎甘奈\my selfishness.csv,9,2014014040020,甘奈,嗯，制作人,大崎甘奈,【longing】大崎甘奈,my selfishness
大崎甘奈\【longing】大崎甘奈\my selfishness.csv,10,2014014040021,甘奈＆プロデューサー,签名会的所有日程，辛苦你了,大崎甘奈,【longing】大崎甘奈,my selfishness
大崎甘奈\【longing】大崎甘奈\my selfishness.csv,12,2014014040030,甘奈,诶嘿嘿，说实话……确实挺累的,大崎甘奈,【longing】大崎甘奈,my selfishness
大崎甘奈\【longing】大崎甘奈\my selfishness.csv,14,2014014040040,甘奈,"嗯，那就睡一下吧
但是，在睡之前……",大崎甘奈,【longing】大崎甘奈,my selfishness
大崎甘奈\【longing】大崎甘奈\my selfishness.csv,15,2014014040050,甘奈,……可以听甘奈说几句吗？,大崎甘奈,【longing】大崎甘奈,my selfishness
大崎甘奈\【longing】大崎甘奈\my selfishness.csv,17,2014014040060,甘奈,"之前的签名会结束后
制作人想要说的话……",大崎甘奈,【longing】大崎甘奈,my selfishness
大崎甘奈\【longing】大崎甘奈\my selfishness.csv,18,2014014040070,甘奈,"那个……自己说出来
虽然有些不自量……",大崎甘奈,【longing】大崎甘奈,my selfishness
大崎甘奈\【longing】大崎甘奈\my selfishness.csv,19,2014014040080,甘奈,,大崎甘奈,【longing】大崎甘奈,my selfishness
大崎甘奈\【longing】大崎甘奈\my selfishness.csv,20,2014014040090,甘奈,那孩子……,大崎甘奈,【longing】大崎甘奈,my selfishness
大崎甘奈\【longing】大崎甘奈\my selfishness.csv,21,2014014040100,甘奈,"……不是会更加地憧憬甘奈吗
是想这么说吗？",大崎甘奈,【longing】大崎甘奈,my selfishness
大崎甘奈\【longing】大崎甘奈\my selfishness.csv,24,2014014040110,甘奈,嗯，总觉得是这样,大崎甘奈,【longing】大崎甘奈,my selfishness
大崎甘奈\【longing】大崎甘奈\my selfishness.csv,26,2014014040120,甘奈,……甘奈在想,大崎甘奈,【longing】大崎甘奈,my selfishness
大崎甘奈\【longing】大崎甘奈\my selfishness.csv,27,2014014040130,甘奈,"能够受人憧憬
是十分值得感谢的事情",大崎甘奈,【longing】大崎甘奈,my selfishness
大崎甘奈\【longing】大崎甘奈\my selfishness.csv,28,2014014040140,甘奈,"所以，讨厌和大家远离的感觉，感觉很寂寞
像这样的想法",大崎甘奈,【longing】大崎甘奈,my selfishness
大崎甘奈\【longing】大崎甘奈\my selfishness.csv,29,2014014040150,甘奈,会不会是甘奈的任性呢,大崎甘奈,【longing】大崎甘奈,my selfishness
大崎甘奈\【longing】大崎甘奈\my selfishness.csv,33,2014014040160,甘奈,"……嗯
所以啊，甘奈想要这么做",大崎甘奈,【longing】大崎甘奈,my selfishness
大崎甘奈\【longing】大崎甘奈\my selfishness.csv,35,2014014040170,甘奈,"对于憧憬着甘奈的人，为了能够回应那份期待
甘奈会去努力的",大崎甘奈,【longing】大崎甘奈,my selfishness
大崎甘奈\【longing】大崎甘奈\my selfishness.csv,36,2014014040180,甘奈,"但是，不想感到和大家距离遥远的这份心情
也无法轻易舍弃",大崎甘奈,【longing】大崎甘奈,my selfishness
大崎甘奈\【longing】大崎甘奈\my selfishness.csv,37,2014014040190,甘奈,"所以，像这次这样的活动
就算很忙也一定要接下",大崎甘奈,【longing】大崎甘奈,my selfishness
大崎甘奈\【longing】大崎甘奈\my selfishness.csv,40,2014014040200,甘奈,诶嘿嘿……谢──,大崎甘奈,【longing】大崎甘奈,my selfishness
大崎甘奈\【longing】大崎甘奈\my selfishness.csv,41,2014014040210,甘奈,呼啊……,大崎甘奈,【longing】大崎甘奈,my selfishness
大崎甘奈\【longing】大崎甘奈\my selfishness.csv,43,2014014040220,甘奈,"诶嘿嘿……不好意思……
这次就拜托了……",大崎甘奈,【longing】大崎甘奈,my selfishness
大崎甘奈\【longing】大崎甘奈\my selfishness.csv,45,2014014040230,甘奈,嗯,大崎甘奈,【longing】大崎甘奈,my selfishness
大崎甘奈\【longing】大崎甘奈\my selfishness.csv,47,2014014040240,甘奈,,大崎甘奈,【longing】大崎甘奈,my selfishness
大崎甘奈\【longing】大崎甘奈\my selfishness.csv,51,2014014040250,甘奈,,大崎甘奈,【longing】大崎甘奈,my selfishness
大崎甘奈\【longing】大崎甘奈\my selfishness.csv,53,2014014040260,甘奈,"制、制作人
难道甘奈……那个……",大崎甘奈,【longing】大崎甘奈,my selfishness
大崎甘奈\【longing】大崎甘奈\my selfishness.csv,56,2014014040270,甘奈,──不、不用说出来……！,大崎甘奈,【longing】大崎甘奈,my selfishness
大崎甘奈\【longing】大崎甘奈\my selfishness.csv,57,2014014040280,甘奈,,大崎甘奈,【longing】大崎甘奈,my selfishness
大崎甘奈\【longing】大崎甘奈\take your time.csv,2,2014014030010,甘奈,,大崎甘奈,【longing】大崎甘奈,take your time
大崎甘奈\【longing】大崎甘奈\take your time.csv,3,2014014030020,甘奈,,大崎甘奈,【longing】大崎甘奈,take your time
大崎甘奈\【longing】大崎甘奈\take your time.csv,5,2014014030030,甘奈,诶嘿嘿……有一点,大崎甘奈,【longing】大崎甘奈,take your time
大崎甘奈\【longing】大崎甘奈\take your time.csv,6,2014014030040,甘奈,"想着得和大家聊得开心
反而紧张起来了……",大崎甘奈,【longing】大崎甘奈,take your time
大崎甘奈\【longing】大崎甘奈\take your time.csv,8,2014014030050,甘奈,"不、不是的……！
甘奈才是，对不起……！",大崎甘奈,【longing】大崎甘奈,take your time
大崎甘奈\【longing】大崎甘奈\take your time.csv,9,2014014030060,甘奈,制作人为了甘奈能实现自己的愿望,大崎甘奈,【longing】大崎甘奈,take your time
大崎甘奈\【longing】大崎甘奈\take your time.csv,10,2014014030070,甘奈,认真地给出了建议,大崎甘奈,【longing】大崎甘奈,take your time
大崎甘奈\【longing】大崎甘奈\take your time.csv,11,2014014030080,甘奈,,大崎甘奈,【longing】大崎甘奈,take your time
大崎甘奈\【longing】大崎甘奈\take your time.csv,14,2014014030090,甘奈,"嗯！
好久没吃巧克力布丁了☆",大崎甘奈,【longing】大崎甘奈,take your time
大崎甘奈\【longing】大崎甘奈\take your time.csv,17,2014014030100,甘奈,"大家拿了很多
可能那时就没有了……",大崎甘奈,【longing】大崎甘奈,take your time
大崎甘奈\【longing】大崎甘奈\take your time.csv,19,2014014030110,甘奈,"……谢谢制作人和甘奈聊天
感觉放松多了──",大崎甘奈,【longing】大崎甘奈,take your time
大崎甘奈\【longing】大崎甘奈\take your time.csv,21,2014014030120,甘奈,好的！,大崎甘奈,【longing】大崎甘奈,take your time
大崎甘奈\【longing】大崎甘奈\take your time.csv,22,2014014030130,甘奈,那甘奈走了哦！,大崎甘奈,【longing】大崎甘奈,take your time
大崎甘奈\【longing】大崎甘奈\take your time.csv,24,2014014030140,甘奈,"谢谢！
甘奈喜欢这件衣服呢～",大崎甘奈,【longing】大崎甘奈,take your time
大崎甘奈\【longing】大崎甘奈\take your time.csv,25,2014014030150,甘奈,"布丁的话～
喜欢加奶油的☆",大崎甘奈,【longing】大崎甘奈,take your time
大崎甘奈\【longing】大崎甘奈\take your time.csv,28,2014014030160,甘奈,你好！,大崎甘奈,【longing】大崎甘奈,take your time
大崎甘奈\【longing】大崎甘奈\take your time.csv,39,2014014030170,甘奈,,大崎甘奈,【longing】大崎甘奈,take your time
大崎甘奈\【longing】大崎甘奈\take your time.csv,40,2014014030180,甘奈,"诶嘿嘿……
慢慢来没事的～",大崎甘奈,【longing】大崎甘奈,take your time
大崎甘奈\【longing】大崎甘奈\take your time.csv,42,2014014030190,甘奈,有些紧张是吧……？,大崎甘奈,【longing】大崎甘奈,take your time
大崎甘奈\【longing】大崎甘奈\take your time.csv,44,2014014030200,甘奈,其实……今天甘奈也有些紧张呢～,大崎甘奈,【longing】大崎甘奈,take your time
大崎甘奈\【longing】大崎甘奈\take your time.csv,46,2014014030210,甘奈,"经常会紧张哦～……？
嘿嘿……",大崎甘奈,【longing】大崎甘奈,take your time
大崎甘奈\【longing】大崎甘奈\take your time.csv,49,2014014030220,甘奈,"制作人，对不起！
甘奈擅自做了那种事……！",大崎甘奈,【longing】大崎甘奈,take your time
大崎甘奈\【longing】大崎甘奈\take your time.csv,52,2014014030230,甘奈,,大崎甘奈,【longing】大崎甘奈,take your time
大崎甘奈\【longing】大崎甘奈\take your time.csv,58,2014014030240,甘奈,,大崎甘奈,【longing】大崎甘奈,take your time
大崎甘奈\【longing】大崎甘奈\take your time.csv,59,2014014030250,甘奈,,大崎甘奈,【longing】大崎甘奈,take your time
大崎甘奈\【longing】大崎甘奈\take your time.csv,60,2014014030260,甘奈,那么，甘奈想吃布丁☆,大崎甘奈,【longing】大崎甘奈,take your time
大崎甘奈\【longing】大崎甘奈\take your time.csv,63,2014014030270,甘奈,诶嘿嘿，是这样的话就好了,大崎甘奈,【longing】大崎甘奈,take your time
大崎甘奈\【longing】大崎甘奈\take your time.csv,64,2014014030280,甘奈,"如果她再来的话
希望能更轻松地交谈",大崎甘奈,【longing】大崎甘奈,take your time
大崎甘奈\【longing】大崎甘奈\take your time.csv,66,2014014030290,甘奈,"嗯！多亏了制作人
很放松哦！",大崎甘奈,【longing】大崎甘奈,take your time
大崎甘奈\【longing】大崎甘奈\take your time.csv,67,2014014030300,甘奈,聊得很开心哦～,大崎甘奈,【longing】大崎甘奈,take your time
大崎甘奈\【longing】大崎甘奈\take your time.csv,68,2014014030310,甘奈,还能有像这样的活动就好了～,大崎甘奈,【longing】大崎甘奈,take your time
大崎甘奈\【お散歩サンライト】大崎甘奈\『Have a fever _』.csv,3,2014009010010,甘奈,辛苦了~！,大崎甘奈,【お散歩サンライト】大崎甘奈,『Have a fever _』
大崎甘奈\【お散歩サンライト】大崎甘奈\『Have a fever _』.csv,5,2014009010020,甘奈,啊，制作人先生。辛苦了！,大崎甘奈,【お散歩サンライト】大崎甘奈,『Have a fever _』
大崎甘奈\【お散歩サンライト】大崎甘奈\『Have a fever _』.csv,6,2014009010030,甘奈,大家都很温柔，感觉这次工作能做得很好☆,大崎甘奈,【お散歩サンライト】大崎甘奈,『Have a fever _』
大崎甘奈\【お散歩サンライト】大崎甘奈\『Have a fever _』.csv,12,2014009010040,甘奈,"……制作人先生没事吧？
你在咳嗽了……",大崎甘奈,【お散歩サンライト】大崎甘奈,『Have a fever _』
大崎甘奈\【お散歩サンライト】大崎甘奈\『Have a fever _』.csv,14,2014009010050,甘奈,那就快回房间——,大崎甘奈,【お散歩サンライト】大崎甘奈,『Have a fever _』
大崎甘奈\【お散歩サンライト】大崎甘奈\『Have a fever _』.csv,16,2014009010060,甘奈,！ 嗯！,大崎甘奈,【お散歩サンライト】大崎甘奈,『Have a fever _』
大崎甘奈\【お散歩サンライト】大崎甘奈\『Have a fever _』.csv,18,2014009010070,甘奈,"诶嘿嘿，说得对……！
毕竟要好好重视自己呢",大崎甘奈,【お散歩サンライト】大崎甘奈,『Have a fever _』
大崎甘奈\【お散歩サンライト】大崎甘奈\『Have a fever _』.csv,19,2014009010080,甘奈,"啊，既然这样
之后去看医生吧？",大崎甘奈,【お散歩サンライト】大崎甘奈,『Have a fever _』
大崎甘奈\【お散歩サンライト】大崎甘奈\『Have a fever _』.csv,23,2014009010090,甘奈,是吗……？,大崎甘奈,【お散歩サンライト】大崎甘奈,『Have a fever _』
大崎甘奈\【お散歩サンライト】大崎甘奈\『Have a fever _』.csv,25,2014009010100,甘奈,"打针很可怕呢
甘奈也不是很习惯呢……",大崎甘奈,【お散歩サンライト】大崎甘奈,『Have a fever _』
大崎甘奈\【お散歩サンライト】大崎甘奈\『Have a fever _』.csv,26,2014009010110,甘奈,,大崎甘奈,【お散歩サンライト】大崎甘奈,『Have a fever _』
大崎甘奈\【お散歩サンライト】大崎甘奈\『Have a fever _』.csv,27,2014009010120,甘奈,啊，对了！,大崎甘奈,【お散歩サンライト】大崎甘奈,『Have a fever _』
大崎甘奈\【お散歩サンライト】大崎甘奈\『Have a fever _』.csv,28,2014009010130,甘奈,"制作人先生！
甘奈也会跟着去的！",大崎甘奈,【お散歩サンライト】大崎甘奈,『Have a fever _』
大崎甘奈\【お散歩サンライト】大崎甘奈\『Have a fever _』.csv,30,2014009010140,甘奈,"小时候
妈妈在身边的话就没问题了！",大崎甘奈,【お散歩サンライト】大崎甘奈,『Have a fever _』
大崎甘奈\【お散歩サンライト】大崎甘奈\『Have a fever _』.csv,31,2014009010150,甘奈,有人陪的话一定能安心的,大崎甘奈,【お散歩サンライト】大崎甘奈,『Have a fever _』
大崎甘奈\【お散歩サンライト】大崎甘奈\『Have a fever _』.csv,35,2014009010160,甘奈,嗯，那样好！,大崎甘奈,【お散歩サンライト】大崎甘奈,『Have a fever _』
大崎甘奈\【お散歩サンライト】大崎甘奈\『Have a fever _』.csv,37,2014009010170,甘奈,果然像是感冒了……,大崎甘奈,【お散歩サンライト】大崎甘奈,『Have a fever _』
大崎甘奈\【お散歩サンライト】大崎甘奈\『Have a fever _』.csv,38,2014009010180,甘奈,,大崎甘奈,【お散歩サンライト】大崎甘奈,『Have a fever _』
大崎甘奈\【お散歩サンライト】大崎甘奈\『Have a fever _』.csv,39,2014009010190,甘奈,制作人先生，可以蹲下来吗？,大崎甘奈,【お散歩サンライト】大崎甘奈,『Have a fever _』
大崎甘奈\【お散歩サンライト】大崎甘奈\『Have a fever _』.csv,41,2014009010200,甘奈,"甘奈的外套应该是穿不下
……但至少能让你暖和一点……",大崎甘奈,【お散歩サンライト】大崎甘奈,『Have a fever _』
大崎甘奈\【お散歩サンライト】大崎甘奈\『Have a fever _』.csv,44,2014009010210,甘奈,"诶嘿嘿，太好了
明天要暖好身子再出门哦☆",大崎甘奈,【お散歩サンライト】大崎甘奈,『Have a fever _』
大崎甘奈\【お散歩サンライト】大崎甘奈\『Have a fever _』.csv,46,2014009010220,甘奈,嗯，会漱的！,大崎甘奈,【お散歩サンライト】大崎甘奈,『Have a fever _』
大崎甘奈\【お散歩サンライト】大崎甘奈\『Have a fever _』.csv,47,2014009010230,甘奈,但，是，啊！,大崎甘奈,【お散歩サンライト】大崎甘奈,『Have a fever _』
大崎甘奈\【お散歩サンライト】大崎甘奈\『Have a fever _』.csv,49,2014009010240,甘奈,这时候只要关心自己就好了！,大崎甘奈,【お散歩サンライト】大崎甘奈,『Have a fever _』
大崎甘奈\【お散歩サンライト】大崎甘奈\『Have a fever _』.csv,50,2014009010250,甘奈,"不用管甘奈！
不然会更累吧？",大崎甘奈,【お散歩サンライト】大崎甘奈,『Have a fever _』
大崎甘奈\【お散歩サンライト】大崎甘奈\『Have a fever _』.csv,52,2014009010260,甘奈,比起这个，现在要管好自己的身体！,大崎甘奈,【お散歩サンライト】大崎甘奈,『Have a fever _』
大崎甘奈\【お散歩サンライト】大崎甘奈\『Sorry have a fever』.csv,10,2014009020010,甘奈,"诶嘿嘿，说得对……！
毕竟要好好重视自己呢",大崎甘奈,【お散歩サンライト】大崎甘奈,『Sorry have a fever』
大崎甘奈\【お散歩サンライト】大崎甘奈\『Sorry have a fever』.csv,15,2014009020020,甘奈,"因为很担心……
制作人先生的情况……",大崎甘奈,【お散歩サンライト】大崎甘奈,『Sorry have a fever』
大崎甘奈\【お散歩サンライト】大崎甘奈\『Sorry have a fever』.csv,16,2014009020030,甘奈,"怎么样……？
有没有发烧？",大崎甘奈,【お散歩サンライト】大崎甘奈,『Sorry have a fever』
大崎甘奈\【お散歩サンライト】大崎甘奈\『Sorry have a fever』.csv,18,2014009020040,甘奈,和医生说的一样呢……,大崎甘奈,【お散歩サンライト】大崎甘奈,『Sorry have a fever』
大崎甘奈\【お散歩サンライト】大崎甘奈\『Sorry have a fever』.csv,19,2014009020050,甘奈,,大崎甘奈,【お散歩サンライト】大崎甘奈,『Sorry have a fever』
大崎甘奈\【お散歩サンライト】大崎甘奈\『Sorry have a fever』.csv,20,2014009020060,甘奈,今天，可以……休息吗……？,大崎甘奈,【お散歩サンライト】大崎甘奈,『Sorry have a fever』
大崎甘奈\【お散歩サンライト】大崎甘奈\『Sorry have a fever』.csv,22,2014009020070,甘奈,……嗯,大崎甘奈,【お散歩サンライト】大崎甘奈,『Sorry have a fever』
大崎甘奈\【お散歩サンライト】大崎甘奈\『Sorry have a fever』.csv,25,2014009020080,甘奈,,大崎甘奈,【お散歩サンライト】大崎甘奈,『Sorry have a fever』
大崎甘奈\【お散歩サンライト】大崎甘奈\『Sorry have a fever』.csv,26,2014009020090,甘奈,制作人先生真是狡猾……,大崎甘奈,【お散歩サンライト】大崎甘奈,『Sorry have a fever』
大崎甘奈\【お散歩サンライト】大崎甘奈\『Sorry have a fever』.csv,27,2014009020100,甘奈,"听了这些话
根本没法说不行啊……",大崎甘奈,【お散歩サンライト】大崎甘奈,『Sorry have a fever』
大崎甘奈\【お散歩サンライト】大崎甘奈\『Sorry have a fever』.csv,29,2014009020110,甘奈,,大崎甘奈,【お散歩サンライト】大崎甘奈,『Sorry have a fever』
大崎甘奈\【お散歩サンライト】大崎甘奈\『Sorry have a fever』.csv,30,2014009020120,甘奈,知道了……,大崎甘奈,【お散歩サンライト】大崎甘奈,『Sorry have a fever』
大崎甘奈\【お散歩サンライト】大崎甘奈\『Sorry have a fever』.csv,32,2014009020130,甘奈,但是，作为代替就做个约定,大崎甘奈,【お散歩サンライト】大崎甘奈,『Sorry have a fever』
大崎甘奈\【お散歩サンライト】大崎甘奈\『Sorry have a fever』.csv,33,2014009020140,甘奈,"身体真的不舒服的时候
就去和导演说，请他让你回来！",大崎甘奈,【お散歩サンライト】大崎甘奈,『Sorry have a fever』
大崎甘奈\【お散歩サンライト】大崎甘奈\『Sorry have a fever』.csv,35,2014009020150,甘奈,嗯……！,大崎甘奈,【お散歩サンライト】大崎甘奈,『Sorry have a fever』
大崎甘奈\【お散歩サンライト】大崎甘奈\『Sorry have a fever』.csv,39,2014009020160,甘奈,是啊……,大崎甘奈,【お散歩サンライト】大崎甘奈,『Sorry have a fever』
大崎甘奈\【お散歩サンライト】大崎甘奈\『Sorry have a fever』.csv,40,2014009020170,甘奈,真的马上就勉强自己了……,大崎甘奈,【お散歩サンライト】大崎甘奈,『Sorry have a fever』
大崎甘奈\【お散歩サンライト】大崎甘奈\『Sorry have a fever』.csv,41,2014009020180,甘奈,"但是，制作人先生
实在是……很努力工作呢",大崎甘奈,【お散歩サンライト】大崎甘奈,『Sorry have a fever』
大崎甘奈\【お散歩サンライト】大崎甘奈\『Sorry have a fever』.csv,43,2014009020190,甘奈,——没事，不用道歉！,大崎甘奈,【お散歩サンライト】大崎甘奈,『Sorry have a fever』
大崎甘奈\【お散歩サンライト】大崎甘奈\『Sorry have a fever』.csv,44,2014009020200,甘奈,"甘奈
会好好看着制作人先生的！",大崎甘奈,【お散歩サンライト】大崎甘奈,『Sorry have a fever』
大崎甘奈\【お散歩サンライト】大崎甘奈\『Sorry have a fever』.csv,45,2014009020210,甘奈,会……好好看着的……！,大崎甘奈,【お散歩サンライト】大崎甘奈,『Sorry have a fever』
大崎甘奈\【お散歩サンライト】大崎甘奈\『Sorry have a fever』.csv,46,2014009020220,甘奈,"当然，那个时候
甘奈会在你身边好好照顾你的！",大崎甘奈,【お散歩サンライト】大崎甘奈,『Sorry have a fever』
大崎甘奈\【お散歩サンライト】大崎甘奈\『Sorry have a fever』.csv,47,2014009020230,甘奈,不会让你顾虑的！,大崎甘奈,【お散歩サンライト】大崎甘奈,『Sorry have a fever』
大崎甘奈\【お散歩サンライト】大崎甘奈\『Sorry have a fever』.csv,50,2014009020240,甘奈,诶嘿嘿，交给甘奈！,大崎甘奈,【お散歩サンライト】大崎甘奈,『Sorry have a fever』
大崎甘奈\【お散歩サンライト】大崎甘奈\『Sorry have a fever』.csv,51,2014009020250,甘奈,"甘奈会仔细照顾到让你马上好起来的！
做好觉悟吧！",大崎甘奈,【お散歩サンライト】大崎甘奈,『Sorry have a fever』
大崎甘奈\【お散歩サンライト】大崎甘奈\『Sorry have a fever』.csv,52,2014009020260,甘奈,既然这样，能做的事都要做到了！,大崎甘奈,【お散歩サンライト】大崎甘奈,『Sorry have a fever』
大崎甘奈\【お散歩サンライト】大崎甘奈\『Sorry have a fever』.csv,53,2014009020270,甘奈,制作人先生！,大崎甘奈,【お散歩サンライト】大崎甘奈,『Sorry have a fever』
大崎甘奈\【お散歩サンライト】大崎甘奈\『Sorry have a fever』.csv,55,2014009020280,甘奈,有好好保暖吗！,大崎甘奈,【お散歩サンライト】大崎甘奈,『Sorry have a fever』
大崎甘奈\【お散歩サンライト】大崎甘奈\『Sorry have a fever』.csv,57,2014009020290,甘奈,……制作人先生……？,大崎甘奈,【お散歩サンライト】大崎甘奈,『Sorry have a fever』
大崎甘奈\【お散歩サンライト】大崎甘奈\『Sorry have a fever』.csv,58,2014009020300,甘奈,有！ 好好！ 保暖吗！,大崎甘奈,【お散歩サンライト】大崎甘奈,『Sorry have a fever』
大崎甘奈\【お散歩サンライト】大崎甘奈\『Sorry have a fever』.csv,60,2014009020310,甘奈,睡饱了吗！,大崎甘奈,【お散歩サンライト】大崎甘奈,『Sorry have a fever』
大崎甘奈\【お散歩サンライト】大崎甘奈\『Sorry have a fever』.csv,62,2014009020320,甘奈,好！ 做得很好！,大崎甘奈,【お散歩サンライト】大崎甘奈,『Sorry have a fever』
大崎甘奈\【お散歩サンライト】大崎甘奈\『Take care of you』.csv,3,2014009030010,甘奈,"好像量完了……
让我看看",大崎甘奈,【お散歩サンライト】大崎甘奈,『Take care of you』
大崎甘奈\【お散歩サンライト】大崎甘奈\『Take care of you』.csv,4,2014009030020,甘奈,嗯——……完全不退烧呢……,大崎甘奈,【お散歩サンライト】大崎甘奈,『Take care of you』
大崎甘奈\【お散歩サンライト】大崎甘奈\『Take care of you』.csv,7,2014009030030,甘奈,没事，不用在意,大崎甘奈,【お散歩サンライト】大崎甘奈,『Take care of you』
大崎甘奈\【お散歩サンライト】大崎甘奈\『Take care of you』.csv,8,2014009030040,甘奈,甘奈今天刚好不用出场！,大崎甘奈,【お散歩サンライト】大崎甘奈,『Take care of you』
大崎甘奈\【お散歩サンライト】大崎甘奈\『Take care of you』.csv,10,2014009030050,甘奈,都说不用道歉了,大崎甘奈,【お散歩サンライト】大崎甘奈,『Take care of you』
大崎甘奈\【お散歩サンライト】大崎甘奈\『Take care of you』.csv,11,2014009030060,甘奈,,大崎甘奈,【お散歩サンライト】大崎甘奈,『Take care of you』
大崎甘奈\【お散歩サンライト】大崎甘奈\『Take care of you』.csv,12,2014009030070,甘奈,,大崎甘奈,【お散歩サンライト】大崎甘奈,『Take care of you』
大崎甘奈\【お散歩サンライト】大崎甘奈\『Take care of you』.csv,14,2014009030080,甘奈,嗯！,大崎甘奈,【お散歩サンライト】大崎甘奈,『Take care of you』
大崎甘奈\【お散歩サンライト】大崎甘奈\『Take care of you』.csv,15,2014009030090,甘奈,来！ 请吧,大崎甘奈,【お散歩サンライト】大崎甘奈,『Take care of you』
大崎甘奈\【お散歩サンライト】大崎甘奈\『Take care of you』.csv,18,2014009030100,甘奈,没事吧！？,大崎甘奈,【お散歩サンライト】大崎甘奈,『Take care of you』
大崎甘奈\【お散歩サンライト】大崎甘奈\『Take care of you』.csv,19,2014009030110,甘奈,,大崎甘奈,【お散歩サンライト】大崎甘奈,『Take care of you』
大崎甘奈\【お散歩サンライト】大崎甘奈\『Take care of you』.csv,21,2014009030120,甘奈,太好了……,大崎甘奈,【お散歩サンライト】大崎甘奈,『Take care of you』
大崎甘奈\【お散歩サンライト】大崎甘奈\『Take care of you』.csv,22,2014009030130,甘奈,"！
制作人先生，肚子饿吗？",大崎甘奈,【お散歩サンライト】大崎甘奈,『Take care of you』
大崎甘奈\【お散歩サンライト】大崎甘奈\『Take care of you』.csv,23,2014009030140,甘奈,甘奈去买点吃的！,大崎甘奈,【お散歩サンライト】大崎甘奈,『Take care of you』
大崎甘奈\【お散歩サンライト】大崎甘奈\『Take care of you』.csv,25,2014009030150,甘奈,"没事，你还得喝药！
要吃什么？",大崎甘奈,【お散歩サンライト】大崎甘奈,『Take care of you』
大崎甘奈\【お散歩サンライト】大崎甘奈\『Take care of you』.csv,29,2014009030160,甘奈,嗯！ 交给我☆,大崎甘奈,【お散歩サンライト】大崎甘奈,『Take care of you』
大崎甘奈\【お散歩サンライト】大崎甘奈\『Take care of you』.csv,30,2014009030170,甘奈,"粥的话煮起来也很快
那就借一下厨房！",大崎甘奈,【お散歩サンライト】大崎甘奈,『Take care of you』
大崎甘奈\【お散歩サンライト】大崎甘奈\『Take care of you』.csv,31,2014009030180,甘奈,来，久等了！,大崎甘奈,【お散歩サンライト】大崎甘奈,『Take care of you』
大崎甘奈\【お散歩サンライト】大崎甘奈\『Take care of you』.csv,33,2014009030190,甘奈,"太夸张啦~
这样根本不算什么",大崎甘奈,【お散歩サンライト】大崎甘奈,『Take care of you』
大崎甘奈\【お散歩サンライト】大崎甘奈\『Take care of you』.csv,34,2014009030200,甘奈,那，那就……,大崎甘奈,【お散歩サンライト】大崎甘奈,『Take care of you』
大崎甘奈\【お散歩サンライト】大崎甘奈\『Take care of you』.csv,35,2014009030210,甘奈,张嘴……？,大崎甘奈,【お散歩サンライト】大崎甘奈,『Take care of you』
大崎甘奈\【お散歩サンライト】大崎甘奈\『Take care of you』.csv,37,2014009030220,甘奈,"刚才喝水的时候，手可在发抖哦？
弄翻可就糟糕了……",大崎甘奈,【お散歩サンライト】大崎甘奈,『Take care of you』
大崎甘奈\【お散歩サンライト】大崎甘奈\『Take care of you』.csv,38,2014009030230,甘奈,"所以……
来！ 啊——！",大崎甘奈,【お散歩サンライト】大崎甘奈,『Take care of you』
大崎甘奈\【お散歩サンライト】大崎甘奈\『Take care of you』.csv,39,2014009030240,甘奈,"好——
马上回来！",大崎甘奈,【お散歩サンライト】大崎甘奈,『Take care of you』
大崎甘奈\【お散歩サンライト】大崎甘奈\『Take care of you』.csv,40,2014009030250,甘奈,制作人先生！ 久等——,大崎甘奈,【お散歩サンライト】大崎甘奈,『Take care of you』
大崎甘奈\【お散歩サンライト】大崎甘奈\『Take care of you』.csv,42,2014009030260,甘奈,……睡着了,大崎甘奈,【お散歩サンライト】大崎甘奈,『Take care of you』
大崎甘奈\【お散歩サンライト】大崎甘奈\『Take care of you』.csv,43,2014009030270,甘奈,"……要快点好起来哦……
甘奈重要的——……",大崎甘奈,【お散歩サンライト】大崎甘奈,『Take care of you』
大崎甘奈\【お散歩サンライト】大崎甘奈\『Take care of you』.csv,45,2014009030280,甘奈,,大崎甘奈,【お散歩サンライト】大崎甘奈,『Take care of you』
大崎甘奈\【お散歩サンライト】大崎甘奈\『Take care of you』.csv,47,2014009030290,甘奈,"制作人先生
早，早安……！",大崎甘奈,【お散歩サンライト】大崎甘奈,『Take care of you』
大崎甘奈\【お散歩サンライト】大崎甘奈\『Take care of you』.csv,50,2014009030300,甘奈,没事！ 不用在意！,大崎甘奈,【お散歩サンライト】大崎甘奈,『Take care of you』
大崎甘奈\【お散歩サンライト】大崎甘奈\『Take care of you』.csv,51,2014009030310,甘奈,"……制作人先生
难道听到了吗……？",大崎甘奈,【お散歩サンライト】大崎甘奈,『Take care of you』
大崎甘奈\【お散歩サンライト】大崎甘奈\『Take care of you』.csv,53,2014009030320,甘奈,没事！ 没什么！,大崎甘奈,【お散歩サンライト】大崎甘奈,『Take care of you』
大崎甘奈\【お散歩サンライト】大崎甘奈\『Take care of you』.csv,54,2014009030330,甘奈,嗯——……,大崎甘奈,【お散歩サンライト】大崎甘奈,『Take care of you』
大崎甘奈\【お散歩サンライト】大崎甘奈\『Take care of you』.csv,55,2014009030340,甘奈,能吃吗……？,大崎甘奈,【お散歩サンライト】大崎甘奈,『Take care of you』
大崎甘奈\【お散歩サンライト】大崎甘奈\『Take care of you』.csv,56,2014009030350,甘奈,不会变得更难受吗……？,大崎甘奈,【お散歩サンライト】大崎甘奈,『Take care of you』
大崎甘奈\【お散歩サンライト】大崎甘奈\『Take care of you』.csv,58,2014009030360,甘奈,,大崎甘奈,【お散歩サンライト】大崎甘奈,『Take care of you』
大崎甘奈\【お散歩サンライト】大崎甘奈\『Take care of you』.csv,60,2014009030370,甘奈,那甘奈去做点好消化的,大崎甘奈,【お散歩サンライト】大崎甘奈,『Take care of you』
大崎甘奈\【お散歩サンライト】大崎甘奈\『Take care of you』.csv,61,2014009030380,甘奈,炸的等病好了再做给你吃,大崎甘奈,【お散歩サンライト】大崎甘奈,『Take care of you』
大崎甘奈\【お散歩サンライト】大崎甘奈\『Thank you A』.csv,6,2014009040010,甘奈,"制作人先生，早安
……看起来没事了呢……！",大崎甘奈,【お散歩サンライト】大崎甘奈,『Thank you A』
大崎甘奈\【お散歩サンライト】大崎甘奈\『Thank you A』.csv,8,2014009040020,甘奈,诶嘿嘿，太好了☆,大崎甘奈,【お散歩サンライト】大崎甘奈,『Thank you A』
大崎甘奈\【お散歩サンライト】大崎甘奈\『Thank you A』.csv,12,2014009040030,甘奈,诶嘿嘿，很高兴能帮上你的忙……,大崎甘奈,【お散歩サンライト】大崎甘奈,『Thank you A』
大崎甘奈\【お散歩サンライト】大崎甘奈\『Thank you A』.csv,14,2014009040040,甘奈,真是的~，夸得过头了~,大崎甘奈,【お散歩サンライト】大崎甘奈,『Thank you A』
大崎甘奈\【お散歩サンライト】大崎甘奈\『Thank you A』.csv,16,2014009040050,甘奈,"……因为是对着制作人先生
所以才有点特别照顾……",大崎甘奈,【お散歩サンライト】大崎甘奈,『Thank you A』
大崎甘奈\【お散歩サンライト】大崎甘奈\『Thank you A』.csv,18,2014009040060,甘奈,没什么！,大崎甘奈,【お散歩サンライト】大崎甘奈,『Thank you A』
大崎甘奈\【お散歩サンライト】大崎甘奈\『Thank you A』.csv,21,2014009040070,甘奈,……没事吧！？,大崎甘奈,【お散歩サンライト】大崎甘奈,『Thank you A』
大崎甘奈\【お散歩サンライト】大崎甘奈\『Thank you A』.csv,24,2014009040080,甘奈,不用，甘奈会等,大崎甘奈,【お散歩サンライト】大崎甘奈,『Thank you A』
大崎甘奈\【お散歩サンライト】大崎甘奈\『Thank you A』.csv,25,2014009040090,甘奈,"甘奈不想让病刚好的制作人先生
一个人待着",大崎甘奈,【お散歩サンライト】大崎甘奈,『Thank you A』
大崎甘奈\【お散歩サンライト】大崎甘奈\『Thank you A』.csv,27,2014009040100,甘奈,嗯！,大崎甘奈,【お散歩サンライト】大崎甘奈,『Thank you A』
大崎甘奈\【お散歩サンライト】大崎甘奈\『Thank you A』.csv,29,2014009040110,甘奈,"没事啦☆
那就走吧！",大崎甘奈,【お散歩サンライト】大崎甘奈,『Thank you A』
大崎甘奈\【お散歩サンライト】大崎甘奈\『Thank you A』.csv,33,2014009040120,甘奈,"啊！ 制作人先生
领带歪了！",大崎甘奈,【お散歩サンライト】大崎甘奈,『Thank you A』
大崎甘奈\【お散歩サンライト】大崎甘奈\『Thank you A』.csv,35,2014009040130,甘奈,稍微等一下,大崎甘奈,【お散歩サンライト】大崎甘奈,『Thank you A』
大崎甘奈\【お散歩サンライト】大崎甘奈\『Thank you A』.csv,36,2014009040140,甘奈,,大崎甘奈,【お散歩サンライト】大崎甘奈,『Thank you A』
大崎甘奈\【お散歩サンライト】大崎甘奈\『Thank you A』.csv,37,2014009040150,甘奈,这样就好了！,大崎甘奈,【お散歩サンライト】大崎甘奈,『Thank you A』
大崎甘奈\【お散歩サンライト】大崎甘奈\『Thank you A』.csv,39,2014009040160,甘奈,嗯！,大崎甘奈,【お散歩サンライト】大崎甘奈,『Thank you A』
大崎甘奈\【お散歩サンライト】大崎甘奈\『Thank you A』.csv,41,2014009040170,甘奈,甘奈要一起去吗……？,大崎甘奈,【お散歩サンライト】大崎甘奈,『Thank you A』
大崎甘奈\【お散歩サンライト】大崎甘奈\『Thank you A』.csv,43,2014009040180,甘奈,……制作人先生……怎么样……？,大崎甘奈,【お散歩サンライト】大崎甘奈,『Thank you A』
大崎甘奈\【お散歩サンライト】大崎甘奈\『Thank you A』.csv,45,2014009040190,甘奈,……什么情况……？,大崎甘奈,【お散歩サンライト】大崎甘奈,『Thank you A』
大崎甘奈\【お散歩サンライト】大崎甘奈\『Thank you A』.csv,49,2014009040200,甘奈,……那不对，制作人先生,大崎甘奈,【お散歩サンライト】大崎甘奈,『Thank you A』
大崎甘奈\【お散歩サンライト】大崎甘奈\『Thank you A』.csv,50,2014009040210,甘奈,"因为制作人先生愿意为甘奈努力
所以甘奈才能努力的",大崎甘奈,【お散歩サンライト】大崎甘奈,『Thank you A』
大崎甘奈\【お散歩サンライト】大崎甘奈\『Thank you A』.csv,51,2014009040220,甘奈,"所以，这次被夸奖
是制作人先生努力的成果！",大崎甘奈,【お散歩サンライト】大崎甘奈,『Thank you A』
大崎甘奈\【お散歩サンライト】大崎甘奈\『Thank you A』.csv,52,2014009040230,甘奈,嗯？,大崎甘奈,【お散歩サンライト】大崎甘奈,『Thank you A』
大崎甘奈\【お散歩サンライト】大崎甘奈\『Thank you A』.csv,55,2014009040240,甘奈,,大崎甘奈,【お散歩サンライト】大崎甘奈,『Thank you A』
大崎甘奈\【お散歩サンライト】大崎甘奈\『Thank you A』.csv,56,2014009040250,甘奈,"“诶嘿嘿，你的一切
我都最喜欢哦☆”",大崎甘奈,【お散歩サンライト】大崎甘奈,『Thank you A』
大崎甘奈\【お散歩サンライト】大崎甘奈\『Thank you A』.csv,59,2014009040260,甘奈,"太好了！
正式演出我会更努力的，继续期待吧！",大崎甘奈,【お散歩サンライト】大崎甘奈,『Thank you A』
大崎甘奈\【お散歩サンライト】大崎甘奈\『Thank you A』.csv,60,2014009040270,甘奈,诶嘿嘿,大崎甘奈,【お散歩サンライト】大崎甘奈,『Thank you A』
大崎甘奈\【お散歩サンライト】大崎甘奈\『『I appreciate your…』』.csv,2,2014009110010,甘奈,"哈……哈……
最上面，还挺远的……",大崎甘奈,【お散歩サンライト】大崎甘奈,『『I appreciate your…』』
大崎甘奈\【お散歩サンライト】大崎甘奈\『『I appreciate your…』』.csv,5,2014009110020,甘奈,"嗯……！
甘奈……也想要休息……！",大崎甘奈,【お散歩サンライト】大崎甘奈,『『I appreciate your…』』
大崎甘奈\【お散歩サンライト】大崎甘奈\『『I appreciate your…』』.csv,7,2014009110030,甘奈,诶嘿嘿，真是幸运~,大崎甘奈,【お散歩サンライト】大崎甘奈,『『I appreciate your…』』
大崎甘奈\【お散歩サンライト】大崎甘奈\『『I appreciate your…』』.csv,8,2014009110040,甘奈,可是……,大崎甘奈,【お散歩サンライト】大崎甘奈,『『I appreciate your…』』
大崎甘奈\【お散歩サンライト】大崎甘奈\『『I appreciate your…』』.csv,9,2014009110050,甘奈,"如果天气放晴的话
那就更——幸运了~",大崎甘奈,【お散歩サンライト】大崎甘奈,『『I appreciate your…』』
大崎甘奈\【お散歩サンライト】大崎甘奈\『『I appreciate your…』』.csv,12,2014009110060,甘奈,是啊~,大崎甘奈,【お散歩サンライト】大崎甘奈,『『I appreciate your…』』
大崎甘奈\【お散歩サンライト】大崎甘奈\『『I appreciate your…』』.csv,13,2014009110070,甘奈,"啊，对了，制作人先生！
今天谢谢你邀请我！",大崎甘奈,【お散歩サンライト】大崎甘奈,『『I appreciate your…』』
大崎甘奈\【お散歩サンライト】大崎甘奈\『『I appreciate your…』』.csv,14,2014009110080,甘奈,"因为之前就在想
能出门就好了，所以超开心的☆",大崎甘奈,【お散歩サンライト】大崎甘奈,『『I appreciate your…』』
大崎甘奈\【お散歩サンライト】大崎甘奈\『『I appreciate your…』』.csv,17,2014009110090,甘奈,"真是~
明明不用那么客气的~",大崎甘奈,【お散歩サンライト】大崎甘奈,『『I appreciate your…』』
大崎甘奈\【お散歩サンライト】大崎甘奈\『『I appreciate your…』』.csv,20,2014009110100,甘奈,制作人先生……！,大崎甘奈,【お散歩サンライト】大崎甘奈,『『I appreciate your…』』
大崎甘奈\【お散歩サンライト】大崎甘奈\『『I appreciate your…』』.csv,25,2014009110110,甘奈,……嗯……！,大崎甘奈,【お散歩サンライト】大崎甘奈,『『I appreciate your…』』
大崎甘奈\【お散歩サンライト】大崎甘奈\『『I appreciate your…』』.csv,32,2014009110120,甘奈,制作人先生……,大崎甘奈,【お散歩サンライト】大崎甘奈,『『I appreciate your…』』
大崎甘奈\【お散歩サンライト】大崎甘奈\『『I appreciate your…』』.csv,33,2014009110130,甘奈,,大崎甘奈,【お散歩サンライト】大崎甘奈,『『I appreciate your…』』
大崎甘奈\【お散歩サンライト】大崎甘奈\『『I appreciate your…』』.csv,34,2014009110140,甘奈,"……不用客气
制作人的心意，确确实实传达给我了",大崎甘奈,【お散歩サンライト】大崎甘奈,『『I appreciate your…』』
大崎甘奈\【お散歩サンライト】大崎甘奈\『『I appreciate your…』』.csv,35,2014009110150,甘奈,这份心意，能够好好表达出来，真的很令人开心,大崎甘奈,【お散歩サンライト】大崎甘奈,『『I appreciate your…』』
大崎甘奈\【お散歩サンライト】大崎甘奈\『『I appreciate your…』』.csv,36,2014009110160,甘奈,可是，甘奈才总是添麻烦……,大崎甘奈,【お散歩サンライト】大崎甘奈,『『I appreciate your…』』
大崎甘奈\【お散歩サンライト】大崎甘奈\『『I appreciate your…』』.csv,37,2014009110170,甘奈,"所以，希望今后两个人
能够互帮互助",大崎甘奈,【お散歩サンライト】大崎甘奈,『『I appreciate your…』』
大崎甘奈\【お散歩サンライト】大崎甘奈\『『I appreciate your…』』.csv,38,2014009110180,甘奈,,大崎甘奈,【お散歩サンライト】大崎甘奈,『『I appreciate your…』』
大崎甘奈\【お散歩サンライト】大崎甘奈\『『I appreciate your…』』.csv,39,2014009110190,甘奈,"制作人先生，
甘奈这边也要说……",大崎甘奈,【お散歩サンライト】大崎甘奈,『『I appreciate your…』』
大崎甘奈\【お散歩サンライト】大崎甘奈\『『I appreciate your…』』.csv,40,2014009110200,甘奈,甘奈才是……,大崎甘奈,【お散歩サンライト】大崎甘奈,『『I appreciate your…』』
大崎甘奈\【お散歩サンライト】大崎甘奈\『『I appreciate your…』』.csv,41,2014009110210,甘奈,甘奈才是，今后还请多指教……！,大崎甘奈,【お散歩サンライト】大崎甘奈,『『I appreciate your…』』
大崎甘奈\【お散歩サンライト】大崎甘奈\『『I appreciate your…』』.csv,42,2014009110220,甘奈,,大崎甘奈,【お散歩サンライト】大崎甘奈,『『I appreciate your…』』
大崎甘奈\【お散歩サンライト】大崎甘奈\『『I appreciate your…』』.csv,44,2014009110230,甘奈,……诶嘿嘿,大崎甘奈,【お散歩サンライト】大崎甘奈,『『I appreciate your…』』
大崎甘奈\【お散歩サンライト】大崎甘奈\『『I appreciate your…』』.csv,46,2014009110240,甘奈,！ 快看！ 制作人先生，那边的天空！,大崎甘奈,【お散歩サンライト】大崎甘奈,『『I appreciate your…』』
大崎甘奈\【お散歩サンライト】大崎甘奈\『『I appreciate your…』』.csv,47,2014009110250,甘奈,……放晴了呢……,大崎甘奈,【お散歩サンライト】大崎甘奈,『『I appreciate your…』』
大崎甘奈\【お散歩サンライト】大崎甘奈\『『I appreciate your…』』.csv,49,2014009110260,甘奈,制作人先生，可以走了吗？,大崎甘奈,【お散歩サンライト】大崎甘奈,『『I appreciate your…』』
大崎甘奈\【お散歩サンライト】大崎甘奈\『『I appreciate your…』』.csv,51,2014009110270,甘奈,嗯！,大崎甘奈,【お散歩サンライト】大崎甘奈,『『I appreciate your…』』
大崎甘奈\【お散歩サンライト】大崎甘奈\『『I appreciate your…』』.csv,52,2014009110280,甘奈,不过，要是像刚才一样累了的话就要说出来哦,大崎甘奈,【お散歩サンライト】大崎甘奈,『『I appreciate your…』』
大崎甘奈\【お散歩サンライト】大崎甘奈\『『I appreciate your…』』.csv,54,2014009110290,甘奈,诶嘿嘿，没错！,大崎甘奈,【お散歩サンライト】大崎甘奈,『『I appreciate your…』』
大崎甘奈\【お散歩サンライト】大崎甘奈\『『I appreciate your…』』.csv,55,2014009110300,甘奈,"从今以后
也要一直重视自己哦！",大崎甘奈,【お散歩サンライト】大崎甘奈,『『I appreciate your…』』
大崎甘奈\【つづいていくものがたり】大崎甘奈\【つづいていくものがたり】大崎甘奈01.csv,2,3014024010010,甘奈,『变化』,大崎甘奈,【つづいていくものがたり】大崎甘奈,【つづいていくものがたり】大崎甘奈01
大崎甘奈\【つづいていくものがたり】大崎甘奈\【つづいていくものがたり】大崎甘奈01.csv,5,3014024010040,甘奈,『我们今后』,大崎甘奈,【つづいていくものがたり】大崎甘奈,【つづいていくものがたり】大崎甘奈01
大崎甘奈\【つづいていくものがたり】大崎甘奈\【つづいていくものがたり】大崎甘奈01.csv,6,3014024010050,甘奈,『也会在各种各样的路上』,大崎甘奈,【つづいていくものがたり】大崎甘奈,【つづいていくものがたり】大崎甘奈01
大崎甘奈\【つづいていくものがたり】大崎甘奈\【つづいていくものがたり】大崎甘奈01.csv,7,3014024010060,甘奈,『不断前进下去』,大崎甘奈,【つづいていくものがたり】大崎甘奈,【つづいていくものがたり】大崎甘奈01
大崎甘奈\【つづいていくものがたり】大崎甘奈\【つづいていくものがたり】大崎甘奈01.csv,24,3014024010130,甘奈,"呵呵
你们看上去很开心呢──",大崎甘奈,【つづいていくものがたり】大崎甘奈,【つづいていくものがたり】大崎甘奈01
大崎甘奈\【つづいていくものがたり】大崎甘奈\【つづいていくものがたり】大崎甘奈01.csv,25,3014024010140,甘奈,"哇……！
都已经买到了吗……？",大崎甘奈,【つづいていくものがたり】大崎甘奈,【つづいていくものがたり】大崎甘奈01
大崎甘奈\【つづいていくものがたり】大崎甘奈\【つづいていくものがたり】大崎甘奈01.csv,29,3014024010160,甘奈,"要是提前说了
我们就能直接带回来了呀～",大崎甘奈,【つづいていくものがたり】大崎甘奈,【つづいていくものがたり】大崎甘奈01
大崎甘奈\【つづいていくものがたり】大崎甘奈\【つづいていくものがたり】大崎甘奈01.csv,31,3014024010170,甘奈,……？,大崎甘奈,【つづいていくものがたり】大崎甘奈,【つづいていくものがたり】大崎甘奈01
大崎甘奈\【つづいていくものがたり】大崎甘奈\【つづいていくものがたり】大崎甘奈01.csv,33,3014024010180,甘奈,"……嘻嘻
谢谢……",大崎甘奈,【つづいていくものがたり】大崎甘奈,【つづいていくものがたり】大崎甘奈01
大崎甘奈\【つづいていくものがたり】大崎甘奈\【つづいていくものがたり】大崎甘奈01.csv,39,3014024010200,甘奈,……是啊,大崎甘奈,【つづいていくものがたり】大崎甘奈,【つづいていくものがたり】大崎甘奈01
大崎甘奈\【つづいていくものがたり】大崎甘奈\【つづいていくものがたり】大崎甘奈01.csv,42,3014024010210,甘奈,"嗯，就算要说
是她改变了甘奈的人生",大崎甘奈,【つづいていくものがたり】大崎甘奈,【つづいていくものがたり】大崎甘奈01
大崎甘奈\【つづいていくものがたり】大崎甘奈\【つづいていくものがたり】大崎甘奈01.csv,43,3014024010220,甘奈,也一点都不夸张,大崎甘奈,【つづいていくものがたり】大崎甘奈,【つづいていくものがたり】大崎甘奈01
大崎甘奈\【つづいていくものがたり】大崎甘奈\【つづいていくものがたり】大崎甘奈01.csv,47,3014024010250,甘奈,"……？
为什么？",大崎甘奈,【つづいていくものがたり】大崎甘奈,【つづいていくものがたり】大崎甘奈01
大崎甘奈\【つづいていくものがたり】大崎甘奈\【つづいていくものがたり】大崎甘奈01.csv,50,3014024010251,甘奈＆甜花,诶……,大崎甘奈,【つづいていくものがたり】大崎甘奈,【つづいていくものがたり】大崎甘奈01
大崎甘奈\【つづいていくものがたり】大崎甘奈\【つづいていくものがたり】大崎甘奈01.csv,53,3014024010270,甘奈,让你们担心了，抱歉,大崎甘奈,【つづいていくものがたり】大崎甘奈,【つづいていくものがたり】大崎甘奈01
大崎甘奈\【つづいていくものがたり】大崎甘奈\【つづいていくものがたり】大崎甘奈01.csv,57,3014024010280,甘奈,"带给我们这种契机的人就是
千雪姐……",大崎甘奈,【つづいていくものがたり】大崎甘奈,【つづいていくものがたり】大崎甘奈01
大崎甘奈\【つづいていくものがたり】大崎甘奈\【つづいていくものがたり】大崎甘奈01.csv,59,3014024010300,甘奈,"嗯……
想好好表达谢意呢……",大崎甘奈,【つづいていくものがたり】大崎甘奈,【つづいていくものがたり】大崎甘奈01
大崎甘奈\【つづいていくものがたり】大崎甘奈\【つづいていくものがたり】大崎甘奈01.csv,63,3014024010301,甘奈＆甜花,嗯！,大崎甘奈,【つづいていくものがたり】大崎甘奈,【つづいていくものがたり】大崎甘奈01
大崎甘奈\【つづいていくものがたり】大崎甘奈\【つづいていくものがたり】大崎甘奈02.csv,2,3014024020010,甘奈,"那个，千雪姐
练习结束后，有空吗？",大崎甘奈,【つづいていくものがたり】大崎甘奈,【つづいていくものがたり】大崎甘奈02
大崎甘奈\【つづいていくものがたり】大崎甘奈\【つづいていくものがたり】大崎甘奈02.csv,5,3014024020040,甘奈,"就是这个！这是大崎家
送给千雪姐的谢礼！",大崎甘奈,【つづいていくものがたり】大崎甘奈,【つづいていくものがたり】大崎甘奈02
大崎甘奈\【つづいていくものがたり】大崎甘奈\【つづいていくものがたり】大崎甘奈02.csv,9,3014024020080,甘奈,"谢谢您与我们相识！
就是这样哦！",大崎甘奈,【つづいていくものがたり】大崎甘奈,【つづいていくものがたり】大崎甘奈02
大崎甘奈\【つづいていくものがたり】大崎甘奈\【つづいていくものがたり】大崎甘奈02.csv,11,3014024020091,甘奈＆甜花,……？,大崎甘奈,【つづいていくものがたり】大崎甘奈,【つづいていくものがたり】大崎甘奈02
大崎甘奈\【つづいていくものがたり】大崎甘奈\【つづいていくものがたり】大崎甘奈02.csv,13,3014024020101,甘奈＆甜花,哇……！,大崎甘奈,【つづいていくものがたり】大崎甘奈,【つづいていくものがたり】大崎甘奈02
大崎甘奈\【つづいていくものがたり】大崎甘奈\【つづいていくものがたり】大崎甘奈02.csv,16,3014024020130,甘奈,这点也一样啊～,大崎甘奈,【つづいていくものがたり】大崎甘奈,【つづいていくものがたり】大崎甘奈02
大崎甘奈\【つづいていくものがたり】大崎甘奈\【つづいていくものがたり】大崎甘奈02.csv,21,3014024020180,甘奈,诶嘿嘿，那我就是最小的甘奈哟～！,大崎甘奈,【つづいていくものがたり】大崎甘奈,【つづいていくものがたり】大崎甘奈02
大崎甘奈\【つづいていくものがたり】大崎甘奈\【つづいていくものがたり】大崎甘奈02.csv,23,3014024020190,甘奈,"啊，对了对了
说到随笔……",大崎甘奈,【つづいていくものがたり】大崎甘奈,【つづいていくものがたり】大崎甘奈02
大崎甘奈\【つづいていくものがたり】大崎甘奈\【つづいていくものがたり】大崎甘奈02.csv,25,3014024020200,甘奈,"我们的父母说，
其实他们很担心甘奈和甜花",大崎甘奈,【つづいていくものがたり】大崎甘奈,【つづいていくものがたり】大崎甘奈02
大崎甘奈\【つづいていくものがたり】大崎甘奈\【つづいていくものがたり】大崎甘奈02.csv,26,3014024020210,甘奈,因为我们俩经常待在一起嘛,大崎甘奈,【つづいていくものがたり】大崎甘奈,【つづいていくものがたり】大崎甘奈02
大崎甘奈\【つづいていくものがたり】大崎甘奈\【つづいていくものがたり】大崎甘奈02.csv,28,3014024020230,甘奈,不过，我们却完全没有察觉到这种事情,大崎甘奈,【つづいていくものがたり】大崎甘奈,【つづいていくものがたり】大崎甘奈02
大崎甘奈\【つづいていくものがたり】大崎甘奈\【つづいていくものがたり】大崎甘奈02.csv,29,3014024020240,甘奈,所以稍微有点惊讶呢,大崎甘奈,【つづいていくものがたり】大崎甘奈,【つづいていくものがたり】大崎甘奈02
大崎甘奈\【つづいていくものがたり】大崎甘奈\【つづいていくものがたり】大崎甘奈02.csv,35,3014024020300,甘奈,"甘奈也有同感
感觉他们比想象中还要关心我们……",大崎甘奈,【つづいていくものがたり】大崎甘奈,【つづいていくものがたり】大崎甘奈02
大崎甘奈\【つづいていくものがたり】大崎甘奈\【つづいていくものがたり】大崎甘奈02.csv,40,3014024020350,甘奈,"千雪姐……
家里离这里很远呢……",大崎甘奈,【つづいていくものがたり】大崎甘奈,【つづいていくものがたり】大崎甘奈02
大崎甘奈\【つづいていくものがたり】大崎甘奈\【つづいていくものがたり】大崎甘奈02.csv,44,3014024020390,甘奈,超想见的！,大崎甘奈,【つづいていくものがたり】大崎甘奈,【つづいていくものがたり】大崎甘奈02
大崎甘奈\【つづいていくものがたり】大崎甘奈\【つづいていくものがたり】大崎甘奈02.csv,45,3014024020400,甘奈,"啊，不过……
会不会给你们添麻烦？",大崎甘奈,【つづいていくものがたり】大崎甘奈,【つづいていくものがたり】大崎甘奈02
大崎甘奈\【つづいていくものがたり】大崎甘奈\【つづいていくものがたり】大崎甘奈02.csv,48,3014024020430,甘奈,弟弟不要紧吗？,大崎甘奈,【つづいていくものがたり】大崎甘奈,【つづいていくものがたり】大崎甘奈02
大崎甘奈\【つづいていくものがたり】大崎甘奈\【つづいていくものがたり】大崎甘奈02.csv,50,3014024020450,甘奈,"……诶嘿嘿
那就开始计划吧☆",大崎甘奈,【つづいていくものがたり】大崎甘奈,【つづいていくものがたり】大崎甘奈02
大崎甘奈\【つづいていくものがたり】大崎甘奈\【つづいていくものがたり】大崎甘奈02.csv,51,3014024020460,甘奈,"首先，得拜托制作人帮忙
协调休假时间！",大崎甘奈,【つづいていくものがたり】大崎甘奈,【つづいていくものがたり】大崎甘奈02
大崎甘奈\【つづいていくものがたり】大崎甘奈\【つづいていくものがたり】大崎甘奈02.csv,53,3014024020480,甘奈,诶嘿嘿,大崎甘奈,【つづいていくものがたり】大崎甘奈,【つづいていくものがたり】大崎甘奈02
大崎甘奈\【つづいていくものがたり】大崎甘奈\【つづいていくものがたり】大崎甘奈02.csv,56,3014024020510,甘奈,就让我们玩得尽兴吧！,大崎甘奈,【つづいていくものがたり】大崎甘奈,【つづいていくものがたり】大崎甘奈02
大崎甘奈\【ないしょのスイーツ】大崎甘奈\A's happy with ….csv,3,2014008110010,甘奈,啊～！　那家店的布丁！！　买到了啊～！,大崎甘奈,【ないしょのスイーツ】大崎甘奈,A's happy with …
大崎甘奈\【ないしょのスイーツ】大崎甘奈\A's happy with ….csv,5,2014008110020,甘奈,"这样的啊……！
甘奈不知道是不是也能再去排一次呢……",大崎甘奈,【ないしょのスイーツ】大崎甘奈,A's happy with …
大崎甘奈\【ないしょのスイーツ】大崎甘奈\A's happy with ….csv,7,2014008110030,甘奈,诶！　超想要呢～,大崎甘奈,【ないしょのスイーツ】大崎甘奈,A's happy with …
大崎甘奈\【ないしょのスイーツ】大崎甘奈\A's happy with ….csv,10,2014008110040,甘奈,"制作人～、泡了咖啡哦～
好了，请慢用！",大崎甘奈,【ないしょのスイーツ】大崎甘奈,A's happy with …
大崎甘奈\【ないしょのスイーツ】大崎甘奈\A's happy with ….csv,12,2014008110050,甘奈,"没事的！
──啊！　制作人也在看这一页啊！",大崎甘奈,【ないしょのスイーツ】大崎甘奈,A's happy with …
大崎甘奈\【ないしょのスイーツ】大崎甘奈\A's happy with ….csv,15,2014008110060,甘奈,限定的，看起来超美味的呢！,大崎甘奈,【ないしょのスイーツ】大崎甘奈,A's happy with …
大崎甘奈\【ないしょのスイーツ】大崎甘奈\A's happy with ….csv,17,2014008110070,甘奈,这样吗……,大崎甘奈,【ないしょのスイーツ】大崎甘奈,A's happy with …
大崎甘奈\【ないしょのスイーツ】大崎甘奈\A's happy with ….csv,18,2014008110080,甘奈,啊！　那么就──,大崎甘奈,【ないしょのスイーツ】大崎甘奈,A's happy with …
大崎甘奈\【ないしょのスイーツ】大崎甘奈\A's happy with ….csv,20,2014008110090,甘奈,这个没什么啦,大崎甘奈,【ないしょのスイーツ】大崎甘奈,A's happy with …
大崎甘奈\【ないしょのスイーツ】大崎甘奈\A's happy with ….csv,22,2014008110100,甘奈,"嗯，之前和朋友一起吃啦～
超美味的哦！",大崎甘奈,【ないしょのスイーツ】大崎甘奈,A's happy with …
大崎甘奈\【ないしょのスイーツ】大崎甘奈\A's happy with ….csv,23,2014008110110,甘奈,"所以啊，这次想让制作人
也早点吃到呢～",大崎甘奈,【ないしょのスイーツ】大崎甘奈,A's happy with …
大崎甘奈\【ないしょのスイーツ】大崎甘奈\A's happy with ….csv,26,2014008110120,甘奈,是的，麻烦～啦☆,大崎甘奈,【ないしょのスイーツ】大崎甘奈,A's happy with …
大崎甘奈\【ないしょのスイーツ】大崎甘奈\A's happy with ….csv,28,2014008110130,甘奈,？　还有这种东西的吗？,大崎甘奈,【ないしょのスイーツ】大崎甘奈,A's happy with …
大崎甘奈\【ないしょのスイーツ】大崎甘奈\A's happy with ….csv,30,2014008110140,甘奈,……咖啡口味……,大崎甘奈,【ないしょのスイーツ】大崎甘奈,A's happy with …
大崎甘奈\【ないしょのスイーツ】大崎甘奈\A's happy with ….csv,32,2014008110150,甘奈,……,大崎甘奈,【ないしょのスイーツ】大崎甘奈,A's happy with …
大崎甘奈\【ないしょのスイーツ】大崎甘奈\A's happy with ….csv,34,2014008110160,甘奈,──啊！　非常感谢！,大崎甘奈,【ないしょのスイーツ】大崎甘奈,A's happy with …
大崎甘奈\【ないしょのスイーツ】大崎甘奈\A's happy with ….csv,35,2014008110170,甘奈,在交往……来着……,大崎甘奈,【ないしょのスイーツ】大崎甘奈,A's happy with …
大崎甘奈\【ないしょのスイーツ】大崎甘奈\A's happy with ….csv,38,2014008110180,甘奈,才，刚刚开始交往来着……,大崎甘奈,【ないしょのスイーツ】大崎甘奈,A's happy with …
大崎甘奈\【ないしょのスイーツ】大崎甘奈\A's happy with ….csv,40,2014008110190,甘奈,………………,大崎甘奈,【ないしょのスイーツ】大崎甘奈,A's happy with …
大崎甘奈\【ないしょのスイーツ】大崎甘奈\A's happy with ….csv,41,2014008110200,甘奈,制作人……那个……,大崎甘奈,【ないしょのスイーツ】大崎甘奈,A's happy with …
大崎甘奈\【ないしょのスイーツ】大崎甘奈\A's happy with ….csv,42,2014008110210,甘奈,……对不起……啊……,大崎甘奈,【ないしょのスイーツ】大崎甘奈,A's happy with …
大崎甘奈\【ないしょのスイーツ】大崎甘奈\A's happy with ….csv,45,2014008110220,甘奈,诶……？,大崎甘奈,【ないしょのスイーツ】大崎甘奈,A's happy with …
大崎甘奈\【ないしょのスイーツ】大崎甘奈\A's happy with ….csv,47,2014008110230,甘奈,……,大崎甘奈,【ないしょのスイーツ】大崎甘奈,A's happy with …
大崎甘奈\【ないしょのスイーツ】大崎甘奈\A's happy with ….csv,49,2014008110240,甘奈,"！
……嗯！",大崎甘奈,【ないしょのスイーツ】大崎甘奈,A's happy with …
大崎甘奈\【ないしょのスイーツ】大崎甘奈\A's happy with ….csv,52,2014008110250,甘奈,诶嘿嘿～☆,大崎甘奈,【ないしょのスイーツ】大崎甘奈,A's happy with …
大崎甘奈\【ないしょのスイーツ】大崎甘奈\A's happy with ….csv,54,2014008110260,甘奈,"嗯！
一定会喜欢的！",大崎甘奈,【ないしょのスイーツ】大崎甘奈,A's happy with …
大崎甘奈\【ないしょのスイーツ】大崎甘奈\A's happy with ….csv,56,2014008110270,甘奈,那个时候务必告诉甘奈哦,大崎甘奈,【ないしょのスイーツ】大崎甘奈,A's happy with …
大崎甘奈\【ないしょのスイーツ】大崎甘奈\A's happy with ….csv,57,2014008110280,甘奈,"喜欢的东西
想要两个人一起吃呀☆",大崎甘奈,【ないしょのスイーツ】大崎甘奈,A's happy with …
大崎甘奈\【ないしょのスイーツ】大崎甘奈\A's unhappy.csv,3,2014008010010,甘奈,看啦看啦～☆,大崎甘奈,【ないしょのスイーツ】大崎甘奈,A's unhappy
大崎甘奈\【ないしょのスイーツ】大崎甘奈\A's unhappy.csv,4,2014008010020,甘奈,"特集里的甜品屋
看起来超棒的呢～！",大崎甘奈,【ないしょのスイーツ】大崎甘奈,A's unhappy
大崎甘奈\【ないしょのスイーツ】大崎甘奈\A's unhappy.csv,6,2014008010030,甘奈,"到底是有多好吃啊～
好想吃呢～",大崎甘奈,【ないしょのスイーツ】大崎甘奈,A's unhappy
大崎甘奈\【ないしょのスイーツ】大崎甘奈\A's unhappy.csv,8,2014008010040,甘奈,哇！　今天完全没怎么排呢！,大崎甘奈,【ないしょのスイーツ】大崎甘奈,A's unhappy
大崎甘奈\【ないしょのスイーツ】大崎甘奈\A's unhappy.csv,10,2014008010050,甘奈,嗯！　平时是这个好几倍呢！,大崎甘奈,【ないしょのスイーツ】大崎甘奈,A's unhappy
大崎甘奈\【ないしょのスイーツ】大崎甘奈\A's unhappy.csv,11,2014008010060,甘奈,……,大崎甘奈,【ないしょのスイーツ】大崎甘奈,A's unhappy
大崎甘奈\【ないしょのスイーツ】大崎甘奈\A's unhappy.csv,13,2014008010070,甘奈,"可以吗！？
太好啦！",大崎甘奈,【ないしょのスイーツ】大崎甘奈,A's unhappy
大崎甘奈\【ないしょのスイーツ】大崎甘奈\A's unhappy.csv,14,2014008010080,甘奈,要多久呢～♪　不知道能不能很快排到呢～♪,大崎甘奈,【ないしょのスイーツ】大崎甘奈,A's unhappy
大崎甘奈\【ないしょのスイーツ】大崎甘奈\A's unhappy.csv,16,2014008010090,甘奈,"味道当然也是一方面不过，
人气的理由是～……",大崎甘奈,【ないしょのスイーツ】大崎甘奈,A's unhappy
大崎甘奈\【ないしょのスイーツ】大崎甘奈\A's unhappy.csv,17,2014008010100,甘奈,锵！　是这个哦！,大崎甘奈,【ないしょのスイーツ】大崎甘奈,A's unhappy
大崎甘奈\【ないしょのスイーツ】大崎甘奈\A's unhappy.csv,19,2014008010110,甘奈,"啊，制作人也很喜欢吗！？
甘奈，想要这个呀～",大崎甘奈,【ないしょのスイーツ】大崎甘奈,A's unhappy
大崎甘奈\【ないしょのスイーツ】大崎甘奈\A's unhappy.csv,20,2014008010120,甘奈,"上面放了好多圆圆的蜜瓜呢
用镂空的皮作为容器、看起来好可爱呢",大崎甘奈,【ないしょのスイーツ】大崎甘奈,A's unhappy
大崎甘奈\【ないしょのスイーツ】大崎甘奈\A's unhappy.csv,22,2014008010130,甘奈,诶嘿嘿，不知道能不能快点排到啊～,大崎甘奈,【ないしょのスイーツ】大崎甘奈,A's unhappy
大崎甘奈\【ないしょのスイーツ】大崎甘奈\A's unhappy.csv,28,2014008010140,甘奈,……制作人，刚刚的……,大崎甘奈,【ないしょのスイーツ】大崎甘奈,A's unhappy
大崎甘奈\【ないしょのスイーツ】大崎甘奈\A's unhappy.csv,31,2014008010150,甘奈,这样啊……,大崎甘奈,【ないしょのスイーツ】大崎甘奈,A's unhappy
大崎甘奈\【ないしょのスイーツ】大崎甘奈\A's unhappy.csv,32,2014008010160,甘奈,诶嘿嘿，甘奈没事的！　是工作嘛！,大崎甘奈,【ないしょのスイーツ】大崎甘奈,A's unhappy
大崎甘奈\【ないしょのスイーツ】大崎甘奈\A's unhappy.csv,37,2014008010170,甘奈,这就真的没办法了哦,大崎甘奈,【ないしょのスイーツ】大崎甘奈,A's unhappy
大崎甘奈\【ないしょのスイーツ】大崎甘奈\A's unhappy.csv,38,2014008010180,甘奈,不过，太好了呢！,大崎甘奈,【ないしょのスイーツ】大崎甘奈,A's unhappy
大崎甘奈\【ないしょのスイーツ】大崎甘奈\A's unhappy.csv,40,2014008010190,甘奈,"这次把坏运气都用掉了
这样想着……",大崎甘奈,【ないしょのスイーツ】大崎甘奈,A's unhappy
大崎甘奈\【ないしょのスイーツ】大崎甘奈\A's unhappy.csv,41,2014008010200,甘奈,是不是不会再发生这样的事情了呢,大崎甘奈,【ないしょのスイーツ】大崎甘奈,A's unhappy
大崎甘奈\【ないしょのスイーツ】大崎甘奈\A's unhappy.csv,43,2014008010210,甘奈,诶嘿嘿，那就，快点出发吧！,大崎甘奈,【ないしょのスイーツ】大崎甘奈,A's unhappy
大崎甘奈\【ないしょのスイーツ】大崎甘奈\A's unhappy.csv,44,2014008010220,甘奈,"诶～，那可不好哦～
制作人，那么忙的～",大崎甘奈,【ないしょのスイーツ】大崎甘奈,A's unhappy
大崎甘奈\【ないしょのスイーツ】大崎甘奈\A's unhappy.csv,47,2014008010230,甘奈,嗯……,大崎甘奈,【ないしょのスイーツ】大崎甘奈,A's unhappy
大崎甘奈\【ないしょのスイーツ】大崎甘奈\A's unhappy.csv,48,2014008010240,甘奈,……那，可以拜托了么……？,大崎甘奈,【ないしょのスイーツ】大崎甘奈,A's unhappy
大崎甘奈\【ないしょのスイーツ】大崎甘奈\A's unhappy.csv,50,2014008010250,甘奈,嗯！　也是呢！,大崎甘奈,【ないしょのスイーツ】大崎甘奈,A's unhappy
大崎甘奈\【ないしょのスイーツ】大崎甘奈\A's unhappy.csv,51,2014008010260,甘奈,……不过，顺着甘奈的任性没问题么？,大崎甘奈,【ないしょのスイーツ】大崎甘奈,A's unhappy
大崎甘奈\【ないしょのスイーツ】大崎甘奈\A's unhappy.csv,53,2014008010270,甘奈,诶嘿嘿，那到时候一起吃吧,大崎甘奈,【ないしょのスイーツ】大崎甘奈,A's unhappy
大崎甘奈\【ないしょのスイーツ】大崎甘奈\dAte with T ☆.csv,2,2014008030010,甘奈,"──就是做了这样的事情呢
……有一点帮助吗？",大崎甘奈,【ないしょのスイーツ】大崎甘奈,dAte with T ☆
大崎甘奈\【ないしょのスイーツ】大崎甘奈\dAte with T ☆.csv,4,2014008030020,甘奈,"不用客气！
那么，约会，要好好尽兴啊！",大崎甘奈,【ないしょのスイーツ】大崎甘奈,dAte with T ☆
大崎甘奈\【ないしょのスイーツ】大崎甘奈\dAte with T ☆.csv,5,2014008030030,甘奈,制作人～听嘛听嘛～☆,大崎甘奈,【ないしょのスイーツ】大崎甘奈,dAte with T ☆
大崎甘奈\【ないしょのスイーツ】大崎甘奈\dAte with T ☆.csv,7,2014008030040,甘奈,"朋友呢，不是来寻求约会建议了么
很高兴有帮上忙呢！",大崎甘奈,【ないしょのスイーツ】大崎甘奈,dAte with T ☆
大崎甘奈\【ないしょのスイーツ】大崎甘奈\dAte with T ☆.csv,9,2014008030050,甘奈,诶嘿嘿嘿，这个呢～……,大崎甘奈,【ないしょのスイーツ】大崎甘奈,dAte with T ☆
大崎甘奈\【ないしょのスイーツ】大崎甘奈\dAte with T ☆.csv,10,2014008030060,甘奈,"之前和甜花一起出门啦～！
说了那个时候的事情呢！",大崎甘奈,【ないしょのスイーツ】大崎甘奈,dAte with T ☆
大崎甘奈\【ないしょのスイーツ】大崎甘奈\dAte with T ☆.csv,12,2014008030070,甘奈,嗯！　朋友也是这么说的！,大崎甘奈,【ないしょのスイーツ】大崎甘奈,dAte with T ☆
大崎甘奈\【ないしょのスイーツ】大崎甘奈\dAte with T ☆.csv,13,2014008030080,甘奈,"还有那个时候的照片来着……
要看看吗？",大崎甘奈,【ないしょのスイーツ】大崎甘奈,dAte with T ☆
大崎甘奈\【ないしょのスイーツ】大崎甘奈\dAte with T ☆.csv,15,2014008030090,甘奈,"太好啦～！
首先呢～……",大崎甘奈,【ないしょのスイーツ】大崎甘奈,dAte with T ☆
大崎甘奈\【ないしょのスイーツ】大崎甘奈\dAte with T ☆.csv,16,2014008030100,甘奈,这个！　两个人一起游戏通关的纪念！,大崎甘奈,【ないしょのスイーツ】大崎甘奈,dAte with T ☆
大崎甘奈\【ないしょのスイーツ】大崎甘奈\dAte with T ☆.csv,18,2014008030110,甘奈,"嗯！　可是，甘奈不太擅长所以
不管怎么样都赢不了……",大崎甘奈,【ないしょのスイーツ】大崎甘奈,dAte with T ☆
大崎甘奈\【ないしょのスイーツ】大崎甘奈\dAte with T ☆.csv,19,2014008030120,甘奈,"这一天决定采用甜花决定的作战方案
总算第一次两个人能一起获胜啦～！",大崎甘奈,【ないしょのスイーツ】大崎甘奈,dAte with T ☆
大崎甘奈\【ないしょのスイーツ】大崎甘奈\dAte with T ☆.csv,20,2014008030130,甘奈,"然后呢然后呢～，接下来是……
这个！",大崎甘奈,【ないしょのスイーツ】大崎甘奈,dAte with T ☆
大崎甘奈\【ないしょのスイーツ】大崎甘奈\dAte with T ☆.csv,22,2014008030140,甘奈,是甜花从抓娃娃机里抓出来的哦！,大崎甘奈,【ないしょのスイーツ】大崎甘奈,dAte with T ☆
大崎甘奈\【ないしょのスイーツ】大崎甘奈\dAte with T ☆.csv,23,2014008030150,甘奈,"全都好想要啊～这样想着就去挑战了
不过甘奈完全抓不到呢",大崎甘奈,【ないしょのスイーツ】大崎甘奈,dAte with T ☆
大崎甘奈\【ないしょのスイーツ】大崎甘奈\dAte with T ☆.csv,24,2014008030160,甘奈,"正想着“没办法了啊”的时候甜花
就抓到了～！",大崎甘奈,【ないしょのスイーツ】大崎甘奈,dAte with T ☆
大崎甘奈\【ないしょのスイーツ】大崎甘奈\dAte with T ☆.csv,30,2014008030170,甘奈,嗯嗯！,大崎甘奈,【ないしょのスイーツ】大崎甘奈,dAte with T ☆
大崎甘奈\【ないしょのスイーツ】大崎甘奈\dAte with T ☆.csv,31,2014008030180,甘奈,"在甘奈苦战的时候说了一句……
“借我一下”一下子就变得飒爽了 ……",大崎甘奈,【ないしょのスイーツ】大崎甘奈,dAte with T ☆
大崎甘奈\【ないしょのスイーツ】大崎甘奈\dAte with T ☆.csv,32,2014008030190,甘奈,真的是，只用了甘奈一半的次数就抓到了呢～,大崎甘奈,【ないしょのスイーツ】大崎甘奈,dAte with T ☆
大崎甘奈\【ないしょのスイーツ】大崎甘奈\dAte with T ☆.csv,33,2014008030200,甘奈,"然后呢，全神贯注的甜花
超帅气的☆",大崎甘奈,【ないしょのスイーツ】大崎甘奈,dAte with T ☆
大崎甘奈\【ないしょのスイーツ】大崎甘奈\dAte with T ☆.csv,35,2014008030210,甘奈,是吧是吧？,大崎甘奈,【ないしょのスイーツ】大崎甘奈,dAte with T ☆
大崎甘奈\【ないしょのスイーツ】大崎甘奈\dAte with T ☆.csv,36,2014008030220,甘奈,"不过不过～，帅气的甜花啊
是只属于甘奈的秘密哦～",大崎甘奈,【ないしょのスイーツ】大崎甘奈,dAte with T ☆
大崎甘奈\【ないしょのスイーツ】大崎甘奈\dAte with T ☆.csv,37,2014008030230,甘奈,诶嘿嘿☆,大崎甘奈,【ないしょのスイーツ】大崎甘奈,dAte with T ☆
大崎甘奈\【ないしょのスイーツ】大崎甘奈\dAte with T ☆.csv,38,2014008030240,甘奈,诶！　也从甜花那里听说了吗～？,大崎甘奈,【ないしょのスイーツ】大崎甘奈,dAte with T ☆
大崎甘奈\【ないしょのスイーツ】大崎甘奈\dAte with T ☆.csv,39,2014008030250,甘奈,那，不是在同一个故事上浪费时间了吗，抱歉！,大崎甘奈,【ないしょのスイーツ】大崎甘奈,dAte with T ☆
大崎甘奈\【ないしょのスイーツ】大崎甘奈\dAte with T ☆.csv,43,2014008030260,甘奈,制作人……谢谢！,大崎甘奈,【ないしょのスイーツ】大崎甘奈,dAte with T ☆
大崎甘奈\【ないしょのスイーツ】大崎甘奈\dAte with T ☆.csv,44,2014008030270,甘奈,"不过，甜花也讲了这件事啊～
好开心啊！",大崎甘奈,【ないしょのスイーツ】大崎甘奈,dAte with T ☆
大崎甘奈\【ないしょのスイーツ】大崎甘奈\dAte with T ☆.csv,45,2014008030280,甘奈,是怎么样讲的呢，好想知道啊！,大崎甘奈,【ないしょのスイーツ】大崎甘奈,dAte with T ☆
大崎甘奈\【ないしょのスイーツ】大崎甘奈\dAte with T ☆.csv,49,2014008030290,甘奈,唔～，两个都很在意呢……！,大崎甘奈,【ないしょのスイーツ】大崎甘奈,dAte with T ☆
大崎甘奈\【ないしょのスイーツ】大崎甘奈\dAte with T ☆.csv,51,2014008030300,甘奈,朋友也这么说了哦！,大崎甘奈,【ないしょのスイーツ】大崎甘奈,dAte with T ☆
大崎甘奈\【ないしょのスイーツ】大崎甘奈\dAte with T ☆.csv,53,2014008030310,甘奈,好像有一点点羡慕的样子呢,大崎甘奈,【ないしょのスイーツ】大崎甘奈,dAte with T ☆
大崎甘奈\【ないしょのスイーツ】大崎甘奈\dAte with T ☆.csv,54,2014008030320,甘奈,诶嘿嘿……不知道是不是说太多了呢～……,大崎甘奈,【ないしょのスイーツ】大崎甘奈,dAte with T ☆
大崎甘奈\【ないしょのスイーツ】大崎甘奈\dAte with T ☆.csv,56,2014008030330,甘奈,"一说起甜花的事情
就会超开心的呢～……",大崎甘奈,【ないしょのスイーツ】大崎甘奈,dAte with T ☆
大崎甘奈\【ないしょのスイーツ】大崎甘奈\dAte with T ☆.csv,57,2014008030340,甘奈,稍微注意一下吧☆,大崎甘奈,【ないしょのスイーツ】大崎甘奈,dAte with T ☆
大崎甘奈\【ないしょのスイーツ】大崎甘奈\warMing heart for f.csv,3,2014008020010,甘奈,放学后？　嗯，没事的哦～！,大崎甘奈,【ないしょのスイーツ】大崎甘奈,warMing heart for f
大崎甘奈\【ないしょのスイーツ】大崎甘奈\warMing heart for f.csv,5,2014008020020,甘奈,……,大崎甘奈,【ないしょのスイーツ】大崎甘奈,warMing heart for f
大崎甘奈\【ないしょのスイーツ】大崎甘奈\warMing heart for f.csv,7,2014008020030,甘奈,──嗯～嗯……,大崎甘奈,【ないしょのスイーツ】大崎甘奈,warMing heart for f
大崎甘奈\【ないしょのスイーツ】大崎甘奈\warMing heart for f.csv,9,2014008020040,甘奈,诶！？,大崎甘奈,【ないしょのスイーツ】大崎甘奈,warMing heart for f
大崎甘奈\【ないしょのスイーツ】大崎甘奈\warMing heart for f.csv,10,2014008020050,甘奈,"啊！　制作人！
抱歉，怎么了么？",大崎甘奈,【ないしょのスイーツ】大崎甘奈,warMing heart for f
大崎甘奈\【ないしょのスイーツ】大崎甘奈\warMing heart for f.csv,13,2014008020060,甘奈,啊！　没关系！　什么事情都没有！,大崎甘奈,【ないしょのスイーツ】大崎甘奈,warMing heart for f
大崎甘奈\【ないしょのスイーツ】大崎甘奈\warMing heart for f.csv,17,2014008020070,甘奈,"谢谢，那，就请稍微
听一下吧",大崎甘奈,【ないしょのスイーツ】大崎甘奈,warMing heart for f
大崎甘奈\【ないしょのスイーツ】大崎甘奈\warMing heart for f.csv,18,2014008020080,甘奈,"我朋友，这次要和同班的男生
约会来着",大崎甘奈,【ないしょのスイーツ】大崎甘奈,warMing heart for f
大崎甘奈\【ないしょのスイーツ】大崎甘奈\warMing heart for f.csv,19,2014008020090,甘奈,"不过，因为是第一次
所有来问了一下应该怎么做",大崎甘奈,【ないしょのスイーツ】大崎甘奈,warMing heart for f
大崎甘奈\【ないしょのスイーツ】大崎甘奈\warMing heart for f.csv,20,2014008020100,甘奈,说了各种各样的事情，听了很多,大崎甘奈,【ないしょのスイーツ】大崎甘奈,warMing heart for f
大崎甘奈\【ないしょのスイーツ】大崎甘奈\warMing heart for f.csv,21,2014008020110,甘奈,甘奈，按照自己的想法回答了,大崎甘奈,【ないしょのスイーツ】大崎甘奈,warMing heart for f
大崎甘奈\【ないしょのスイーツ】大崎甘奈\warMing heart for f.csv,22,2014008020120,甘奈,但是只能靠想象来说，所以……,大崎甘奈,【ないしょのスイーツ】大崎甘奈,warMing heart for f
大崎甘奈\【ないしょのスイーツ】大崎甘奈\warMing heart for f.csv,23,2014008020130,甘奈,不知道是不是真的能帮上忙，所以感觉很不安,大崎甘奈,【ないしょのスイーツ】大崎甘奈,warMing heart for f
大崎甘奈\【ないしょのスイーツ】大崎甘奈\warMing heart for f.csv,29,2014008020140,甘奈,嗯……这样的吗……,大崎甘奈,【ないしょのスイーツ】大崎甘奈,warMing heart for f
大崎甘奈\【ないしょのスイーツ】大崎甘奈\warMing heart for f.csv,32,2014008020150,甘奈,这样啊……也可以这样想呢……,大崎甘奈,【ないしょのスイーツ】大崎甘奈,warMing heart for f
大崎甘奈\【ないしょのスイーツ】大崎甘奈\warMing heart for f.csv,33,2014008020160,甘奈,"然后，甘奈担心的话
没准朋友也会觉得不安……！",大崎甘奈,【ないしょのスイーツ】大崎甘奈,warMing heart for f
大崎甘奈\【ないしょのスイーツ】大崎甘奈\warMing heart for f.csv,34,2014008020170,甘奈,嗯……！　想太多不好！,大崎甘奈,【ないしょのスイーツ】大崎甘奈,warMing heart for f
大崎甘奈\【ないしょのスイーツ】大崎甘奈\warMing heart for f.csv,35,2014008020180,甘奈,诶！？　父亲他们的？,大崎甘奈,【ないしょのスイーツ】大崎甘奈,warMing heart for f
大崎甘奈\【ないしょのスイーツ】大崎甘奈\warMing heart for f.csv,38,2014008020190,甘奈,"偶尔听他们讲不过
详细的好像不是很清楚呢……",大崎甘奈,【ないしょのスイーツ】大崎甘奈,warMing heart for f
大崎甘奈\【ないしょのスイーツ】大崎甘奈\warMing heart for f.csv,39,2014008020200,甘奈,"……嗯！　听上去很不错！
回去就想赶紧问问呢！",大崎甘奈,【ないしょのスイーツ】大崎甘奈,warMing heart for f
大崎甘奈\【ないしょのスイーツ】大崎甘奈\warMing heart for f.csv,40,2014008020210,甘奈,"他们俩感情超好的所以
肯定能听到很多很棒的故事呢～，诶嘿嘿",大崎甘奈,【ないしょのスイーツ】大崎甘奈,warMing heart for f
大崎甘奈\【ないしょのスイーツ】大崎甘奈\warMing heart for f.csv,42,2014008020220,甘奈,嗯！,大崎甘奈,【ないしょのスイーツ】大崎甘奈,warMing heart for f
大崎甘奈\【ないしょのスイーツ】大崎甘奈\warMing heart for f.csv,43,2014008020230,甘奈,"……对了
……制作人是──",大崎甘奈,【ないしょのスイーツ】大崎甘奈,warMing heart for f
大崎甘奈\【ないしょのスイーツ】大崎甘奈\warMing heart for f.csv,46,2014008020240,甘奈,……那就之后再问,大崎甘奈,【ないしょのスイーツ】大崎甘奈,warMing heart for f
大崎甘奈\【ないしょのスイーツ】大崎甘奈\warMing heart for f.csv,49,2014008020250,甘奈,尽人事听天命……,大崎甘奈,【ないしょのスイーツ】大崎甘奈,warMing heart for f
大崎甘奈\【ないしょのスイーツ】大崎甘奈\warMing heart for f.csv,52,2014008020260,甘奈,这样啊……,大崎甘奈,【ないしょのスイーツ】大崎甘奈,warMing heart for f
大崎甘奈\【ないしょのスイーツ】大崎甘奈\warMing heart for f.csv,53,2014008020270,甘奈,"第一次去什么地方的时候，或是要去吃什么的时候
超激动呢！",大崎甘奈,【ないしょのスイーツ】大崎甘奈,warMing heart for f
大崎甘奈\【ないしょのスイーツ】大崎甘奈\warMing heart for f.csv,54,2014008020280,甘奈,"制作人，谢谢！
明天，就去听听朋友那边怎么说呢！",大崎甘奈,【ないしょのスイーツ】大崎甘奈,warMing heart for f
大崎甘奈\【ないしょのスイーツ】大崎甘奈\warmiNg heart for ….csv,2,2014008040010,甘奈,呼……,大崎甘奈,【ないしょのスイーツ】大崎甘奈,warmiNg heart for …
大崎甘奈\【ないしょのスイーツ】大崎甘奈\warmiNg heart for ….csv,3,2014008040020,甘奈,（最近可能有点累了……？）,大崎甘奈,【ないしょのスイーツ】大崎甘奈,warmiNg heart for …
大崎甘奈\【ないしょのスイーツ】大崎甘奈\warmiNg heart for ….csv,6,2014008040030,甘奈,那，那个人啊──,大崎甘奈,【ないしょのスイーツ】大崎甘奈,warmiNg heart for …
大崎甘奈\【ないしょのスイーツ】大崎甘奈\warmiNg heart for ….csv,7,2014008040040,甘奈,制作人！　早啊！,大崎甘奈,【ないしょのスイーツ】大崎甘奈,warmiNg heart for …
大崎甘奈\【ないしょのスイーツ】大崎甘奈\warmiNg heart for ….csv,9,2014008040050,甘奈,诶嘿嘿～☆,大崎甘奈,【ないしょのスイーツ】大崎甘奈,warmiNg heart for …
大崎甘奈\【ないしょのスイーツ】大崎甘奈\warmiNg heart for ….csv,11,2014008040060,甘奈,诶？　怎么了吗……？,大崎甘奈,【ないしょのスイーツ】大崎甘奈,warmiNg heart for …
大崎甘奈\【ないしょのスイーツ】大崎甘奈\warmiNg heart for ….csv,13,2014008040070,甘奈,……！,大崎甘奈,【ないしょのスイーツ】大崎甘奈,warmiNg heart for …
大崎甘奈\【ないしょのスイーツ】大崎甘奈\warmiNg heart for ….csv,15,2014008040080,甘奈,"不是！　没有这样的事情！
其实，我也感觉好像身体比平时沉重了些……！",大崎甘奈,【ないしょのスイーツ】大崎甘奈,warmiNg heart for …
大崎甘奈\【ないしょのスイーツ】大崎甘奈\warmiNg heart for ….csv,17,2014008040090,甘奈,"──制作人……
果然好厉害呐……",大崎甘奈,【ないしょのスイーツ】大崎甘奈,warmiNg heart for …
大崎甘奈\【ないしょのスイーツ】大崎甘奈\warmiNg heart for ….csv,18,2014008040100,甘奈,对甘奈的事情，了如指掌呢……,大崎甘奈,【ないしょのスイーツ】大崎甘奈,warmiNg heart for …
大崎甘奈\【ないしょのスイーツ】大崎甘奈\warmiNg heart for ….csv,19,2014008040110,甘奈,……,大崎甘奈,【ないしょのスイーツ】大崎甘奈,warmiNg heart for …
大崎甘奈\【ないしょのスイーツ】大崎甘奈\warmiNg heart for ….csv,20,2014008040120,甘奈,"制作人，
今天，早上的课程之后，不是送我去学校了吗",大崎甘奈,【ないしょのスイーツ】大崎甘奈,warmiNg heart for …
大崎甘奈\【ないしょのスイーツ】大崎甘奈\warmiNg heart for ….csv,21,2014008040130,甘奈,那个，朋友好像看见了呢,大崎甘奈,【ないしょのスイーツ】大崎甘奈,warmiNg heart for …
大崎甘奈\【ないしょのスイーツ】大崎甘奈\warmiNg heart for ….csv,23,2014008040140,甘奈,"啊……！　没关系！
已经说了是制作人了！",大崎甘奈,【ないしょのスイーツ】大崎甘奈,warmiNg heart for …
大崎甘奈\【ないしょのスイーツ】大崎甘奈\warmiNg heart for ….csv,24,2014008040150,甘奈,"然后啊，甘奈还说了
不是看起来那样……！",大崎甘奈,【ないしょのスイーツ】大崎甘奈,warmiNg heart for …
大崎甘奈\【ないしょのスイーツ】大崎甘奈\warmiNg heart for ….csv,25,2014008040160,甘奈,……,大崎甘奈,【ないしょのスイーツ】大崎甘奈,warmiNg heart for …
大崎甘奈\【ないしょのスイーツ】大崎甘奈\warmiNg heart for ….csv,26,2014008040170,甘奈,"朋友呢，就对制作人
可是好好称赞了一番呢",大崎甘奈,【ないしょのスイーツ】大崎甘奈,warmiNg heart for …
大崎甘奈\【ないしょのスイーツ】大崎甘奈\warmiNg heart for ….csv,27,2014008040180,甘奈,"看起来很可靠什么的
超级体贴，什么的……",大崎甘奈,【ないしょのスイーツ】大崎甘奈,warmiNg heart for …
大崎甘奈\【ないしょのスイーツ】大崎甘奈\warmiNg heart for ….csv,28,2014008040190,甘奈,就是呢，好像是为自己的事情感到开心的一样……,大崎甘奈,【ないしょのスイーツ】大崎甘奈,warmiNg heart for …
大崎甘奈\【ないしょのスイーツ】大崎甘奈\warmiNg heart for ….csv,33,2014008040200,甘奈,制作人……！,大崎甘奈,【ないしょのスイーツ】大崎甘奈,warmiNg heart for …
大崎甘奈\【ないしょのスイーツ】大崎甘奈\warmiNg heart for ….csv,35,2014008040210,甘奈,能这样想很开心……,大崎甘奈,【ないしょのスイーツ】大崎甘奈,warmiNg heart for …
大崎甘奈\【ないしょのスイーツ】大崎甘奈\warmiNg heart for ….csv,36,2014008040220,甘奈,"不过，已经非常努力了
所以不要太勉强哦",大崎甘奈,【ないしょのスイーツ】大崎甘奈,warmiNg heart for …
大崎甘奈\【ないしょのスイーツ】大崎甘奈\warmiNg heart for ….csv,37,2014008040230,甘奈,……快要……努力过头了呢……,大崎甘奈,【ないしょのスイーツ】大崎甘奈,warmiNg heart for …
大崎甘奈\【ないしょのスイーツ】大崎甘奈\warmiNg heart for ….csv,38,2014008040240,甘奈,嗯……！,大崎甘奈,【ないしょのスイーツ】大崎甘奈,warmiNg heart for …
大崎甘奈\【ないしょのスイーツ】大崎甘奈\warmiNg heart for ….csv,39,2014008040250,甘奈,"还有，很温柔什么的，交谈好像很开心什么的，
把甘奈看得很重要什么的，也都说了",大崎甘奈,【ないしょのスイーツ】大崎甘奈,warmiNg heart for …
大崎甘奈\【ないしょのスイーツ】大崎甘奈\warmiNg heart for ….csv,43,2014008040260,甘奈,制作人……谢谢你……,大崎甘奈,【ないしょのスイーツ】大崎甘奈,warmiNg heart for …
大崎甘奈\【ないしょのスイーツ】大崎甘奈\warmiNg heart for ….csv,44,2014008040270,甘奈,不过，看得很重要的话甘奈也是一起的哦……,大崎甘奈,【ないしょのスイーツ】大崎甘奈,warmiNg heart for …
大崎甘奈\【ないしょのスイーツ】大崎甘奈\warmiNg heart for ….csv,46,2014008040280,甘奈,诶嘿嘿，不用客气,大崎甘奈,【ないしょのスイーツ】大崎甘奈,warmiNg heart for …
大崎甘奈\【ないしょのスイーツ】大崎甘奈\warmiNg heart for ….csv,48,2014008040290,甘奈,这样啊……,大崎甘奈,【ないしょのスイーツ】大崎甘奈,warmiNg heart for …
大崎甘奈\【ないしょのスイーツ】大崎甘奈\warmiNg heart for ….csv,49,2014008040300,甘奈,……,大崎甘奈,【ないしょのスイーツ】大崎甘奈,warmiNg heart for …
大崎甘奈\【ないしょのスイーツ】大崎甘奈\warmiNg heart for ….csv,50,2014008040310,甘奈,"……那，制作人……
就由甘奈来夸奖怎么样……？",大崎甘奈,【ないしょのスイーツ】大崎甘奈,warmiNg heart for …
大崎甘奈\【ないしょのスイーツ】大崎甘奈\warmiNg heart for ….csv,53,2014008040320,甘奈,……是吗……？,大崎甘奈,【ないしょのスイーツ】大崎甘奈,warmiNg heart for …
大崎甘奈\【ないしょのスイーツ】大崎甘奈\warmiNg heart for ….csv,54,2014008040330,甘奈,……是这样啊……,大崎甘奈,【ないしょのスイーツ】大崎甘奈,warmiNg heart for …
大崎甘奈\【ふたつの雨】大崎甘奈\あーあ……雨…….csv,8,2014007010010,甘奈,──啊，制作人……,大崎甘奈,【ふたつの雨】大崎甘奈,あーあ……雨……
大崎甘奈\【ふたつの雨】大崎甘奈\あーあ……雨…….csv,10,2014007010020,甘奈,那个……,大崎甘奈,【ふたつの雨】大崎甘奈,あーあ……雨……
大崎甘奈\【ふたつの雨】大崎甘奈\あーあ……雨…….csv,12,2014007010030,甘奈,啊！　自己……！,大崎甘奈,【ふたつの雨】大崎甘奈,あーあ……雨……
大崎甘奈\【ふたつの雨】大崎甘奈\あーあ……雨…….csv,13,2014007010040,甘奈,已经走了呢……,大崎甘奈,【ふたつの雨】大崎甘奈,あーあ……雨……
大崎甘奈\【ふたつの雨】大崎甘奈\あーあ……雨…….csv,14,2014007010050,甘奈,……做了不好的事情啊……,大崎甘奈,【ふたつの雨】大崎甘奈,あーあ……雨……
大崎甘奈\【ふたつの雨】大崎甘奈\あーあ……雨…….csv,16,2014007010060,甘奈,谢谢，制作人……,大崎甘奈,【ふたつの雨】大崎甘奈,あーあ……雨……
大崎甘奈\【ふたつの雨】大崎甘奈\あーあ……雨…….csv,17,2014007010070,甘奈,……很温暖,大崎甘奈,【ふたつの雨】大崎甘奈,あーあ……雨……
大崎甘奈\【ふたつの雨】大崎甘奈\あーあ……雨…….csv,19,2014007010080,甘奈,嗯，没事的，因为没碰上,大崎甘奈,【ふたつの雨】大崎甘奈,あーあ……雨……
大崎甘奈\【ふたつの雨】大崎甘奈\あーあ……雨…….csv,21,2014007010090,甘奈,让你担心了对不起,大崎甘奈,【ふたつの雨】大崎甘奈,あーあ……雨……
大崎甘奈\【ふたつの雨】大崎甘奈\あーあ……雨…….csv,22,2014007010100,甘奈,……,大崎甘奈,【ふたつの雨】大崎甘奈,あーあ……雨……
大崎甘奈\【ふたつの雨】大崎甘奈\あーあ……雨…….csv,24,2014007010110,甘奈,没有没有，真的什么都没有的,大崎甘奈,【ふたつの雨】大崎甘奈,あーあ……雨……
大崎甘奈\【ふたつの雨】大崎甘奈\あーあ……雨…….csv,25,2014007010120,甘奈,只是，那样的样子，被你看到了啊……,大崎甘奈,【ふたつの雨】大崎甘奈,あーあ……雨……
大崎甘奈\【ふたつの雨】大崎甘奈\あーあ……雨…….csv,27,2014007010130,甘奈,"！　啊，对不起……！
不是制作人的错……",大崎甘奈,【ふたつの雨】大崎甘奈,あーあ……雨……
大崎甘奈\【ふたつの雨】大崎甘奈\あーあ……雨…….csv,29,2014007010140,甘奈,"不不，甘奈才是……
让制作人困扰了来着……",大崎甘奈,【ふたつの雨】大崎甘奈,あーあ……雨……
大崎甘奈\【ふたつの雨】大崎甘奈\あーあ……雨…….csv,32,2014007010150,甘奈,嗯……是的，呢……,大崎甘奈,【ふたつの雨】大崎甘奈,あーあ……雨……
大崎甘奈\【ふたつの雨】大崎甘奈\あ！　雨☆.csv,7,2014007110010,甘奈,早啊，制作人,大崎甘奈,【ふたつの雨】大崎甘奈,あ！　雨☆
大崎甘奈\【ふたつの雨】大崎甘奈\あ！　雨☆.csv,9,2014007110020,甘奈,？　怎么了么，制作人，这样看着,大崎甘奈,【ふたつの雨】大崎甘奈,あ！　雨☆
大崎甘奈\【ふたつの雨】大崎甘奈\あ！　雨☆.csv,12,2014007110030,甘奈,这样的吗……？,大崎甘奈,【ふたつの雨】大崎甘奈,あ！　雨☆
大崎甘奈\【ふたつの雨】大崎甘奈\あ！　雨☆.csv,13,2014007110040,甘奈,……嗯……,大崎甘奈,【ふたつの雨】大崎甘奈,あ！　雨☆
大崎甘奈\【ふたつの雨】大崎甘奈\あ！　雨☆.csv,14,2014007110050,甘奈,啊！　对了！,大崎甘奈,【ふたつの雨】大崎甘奈,あ！　雨☆
大崎甘奈\【ふたつの雨】大崎甘奈\あ！　雨☆.csv,15,0000000000000,甘奈,……诶嘿嘿，今天没事的哦☆,大崎甘奈,【ふたつの雨】大崎甘奈,あ！　雨☆
大崎甘奈\【ふたつの雨】大崎甘奈\あ！　雨☆.csv,16,2014007110060,甘奈,谢谢关心！,大崎甘奈,【ふたつの雨】大崎甘奈,あ！　雨☆
大崎甘奈\【ふたつの雨】大崎甘奈\あ！　雨☆.csv,17,2014007110070,甘奈,"对了制作人！
最近甜的东西，还充足么？",大崎甘奈,【ふたつの雨】大崎甘奈,あ！　雨☆
大崎甘奈\【ふたつの雨】大崎甘奈\あ！　雨☆.csv,19,2014007110080,甘奈,嘛嘛，没什么没什么,大崎甘奈,【ふたつの雨】大崎甘奈,あ！　雨☆
大崎甘奈\【ふたつの雨】大崎甘奈\あ！　雨☆.csv,21,2014007110090,甘奈,"这样的话
有家店推荐给制作人哦！",大崎甘奈,【ふたつの雨】大崎甘奈,あ！　雨☆
大崎甘奈\【ふたつの雨】大崎甘奈\あ！　雨☆.csv,22,2014007110100,甘奈,"最近，附近新开了一家蛋糕屋哦
是相当美味的店呢～！",大崎甘奈,【ふたつの雨】大崎甘奈,あ！　雨☆
大崎甘奈\【ふたつの雨】大崎甘奈\あ！　雨☆.csv,23,2014007110110,甘奈,而且啊……雨天的话全品半价哦！,大崎甘奈,【ふたつの雨】大崎甘奈,あ！　雨☆
大崎甘奈\【ふたつの雨】大崎甘奈\あ！　雨☆.csv,25,2014007110120,甘奈,就是这么回事！　所以啊，不一起去么？,大崎甘奈,【ふたつの雨】大崎甘奈,あ！　雨☆
大崎甘奈\【ふたつの雨】大崎甘奈\あ！　雨☆.csv,27,2014007110130,甘奈,"太好了！　甘奈后面也要上课
那结束之后，去接你哦",大崎甘奈,【ふたつの雨】大崎甘奈,あ！　雨☆
大崎甘奈\【ふたつの雨】大崎甘奈\あ！　雨☆.csv,30,2014007110140,甘奈,呐！　不是那么甜所以可以吃好多呢！,大崎甘奈,【ふたつの雨】大崎甘奈,あ！　雨☆
大崎甘奈\【ふたつの雨】大崎甘奈\あ！　雨☆.csv,31,2014007110150,甘奈,……。嗯！　最棒了,大崎甘奈,【ふたつの雨】大崎甘奈,あ！　雨☆
大崎甘奈\【ふたつの雨】大崎甘奈\あ！　雨☆.csv,33,2014007110160,甘奈,得感谢，是个雨天呢☆,大崎甘奈,【ふたつの雨】大崎甘奈,あ！　雨☆
大崎甘奈\【ふたつの雨】大崎甘奈\あ！　雨☆.csv,34,2014007110170,甘奈,"多亏了这家店
听到了雨声，心情有点小开心呢",大崎甘奈,【ふたつの雨】大崎甘奈,あ！　雨☆
大崎甘奈\【ふたつの雨】大崎甘奈\あ！　雨☆.csv,36,2014007110180,甘奈,"嗯！　要是因为淋湿了一次
变得讨厌雨天的话就会错过很多了呢☆",大崎甘奈,【ふたつの雨】大崎甘奈,あ！　雨☆
大崎甘奈\【ふたつの雨】大崎甘奈\あ！　雨☆.csv,37,2014007110190,甘奈,怎样都是一天，怎么说都想开心地度过呢,大崎甘奈,【ふたつの雨】大崎甘奈,あ！　雨☆
大崎甘奈\【ふたつの雨】大崎甘奈\あ！　雨☆.csv,39,2014007110200,甘奈,诶嘿嘿，很高兴能懂呢☆,大崎甘奈,【ふたつの雨】大崎甘奈,あ！　雨☆
大崎甘奈\【ゆらゆらアクアリウム】大崎甘奈\Aquarium white.csv,2,2014006040010,甘奈,"哇～看啊看啊制作人先生！
这只海天使好可爱啊！",大崎甘奈,【ゆらゆらアクアリウム】大崎甘奈,Aquarium white
大崎甘奈\【ゆらゆらアクアリウム】大崎甘奈\Aquarium white.csv,4,2014006040020,甘奈,"是吧～？　啊，这个也好可爱！
诶嘿嘿，怎么看都不够呢～",大崎甘奈,【ゆらゆらアクアリウム】大崎甘奈,Aquarium white
大崎甘奈\【ゆらゆらアクアリウム】大崎甘奈\Aquarium white.csv,6,2014006040030,甘奈,是的呢☆,大崎甘奈,【ゆらゆらアクアリウム】大崎甘奈,Aquarium white
大崎甘奈\【ゆらゆらアクアリウム】大崎甘奈\Aquarium white.csv,7,2014006040040,甘奈,"不过，这次的PV，可以在甘奈喜欢的地方
摄影，真的是非常激动呢",大崎甘奈,【ゆらゆらアクアリウム】大崎甘奈,Aquarium white
大崎甘奈\【ゆらゆらアクアリウム】大崎甘奈\Aquarium white.csv,9,2014006040050,甘奈,"嗯！　制作人先生也是
想到什么的话一定要说出来啊！",大崎甘奈,【ゆらゆらアクアリウム】大崎甘奈,Aquarium white
大崎甘奈\【ゆらゆらアクアリウム】大崎甘奈\Aquarium white.csv,10,2014006040060,甘奈,"因为两个人的力量合在一起
一定能制作出超厉害的东西呢☆",大崎甘奈,【ゆらゆらアクアリウム】大崎甘奈,Aquarium white
大崎甘奈\【ゆらゆらアクアリウム】大崎甘奈\Aquarium white.csv,12,2014006040070,甘奈,"好的！　制作人先生
这次也看看其他的地方吧！　好像有海豚什么的呢！",大崎甘奈,【ゆらゆらアクアリウム】大崎甘奈,Aquarium white
大崎甘奈\【ゆらゆらアクアリウム】大崎甘奈\Aquarium white.csv,14,2014006040080,甘奈,"真的看了好多呢☆
候补也找到了，感觉不错",大崎甘奈,【ゆらゆらアクアリウム】大崎甘奈,Aquarium white
大崎甘奈\【ゆらゆらアクアリウム】大崎甘奈\Aquarium white.csv,16,2014006040090,甘奈,"好啊，看到水母可以让心情平静
休息一下也不错嘛！　去看看吧☆",大崎甘奈,【ゆらゆらアクアリウム】大崎甘奈,Aquarium white
大崎甘奈\【ゆらゆらアクアリウム】大崎甘奈\Aquarium white.csv,18,2014006040100,甘奈,…………,大崎甘奈,【ゆらゆらアクアリウム】大崎甘奈,Aquarium white
大崎甘奈\【ゆらゆらアクアリウム】大崎甘奈\Aquarium white.csv,19,2014006040110,甘奈,……真美啊,大崎甘奈,【ゆらゆらアクアリウム】大崎甘奈,Aquarium white
大崎甘奈\【ゆらゆらアクアリウム】大崎甘奈\Aquarium white.csv,20,2014006040120,甘奈,闪闪发光……,大崎甘奈,【ゆらゆらアクアリウム】大崎甘奈,Aquarium white
大崎甘奈\【ゆらゆらアクアリウム】大崎甘奈\Aquarium white.csv,21,2014006040130,甘奈,海里……就像在下雪一样……,大崎甘奈,【ゆらゆらアクアリウム】大崎甘奈,Aquarium white
大崎甘奈\【ゆらゆらアクアリウム】大崎甘奈\Aquarium white.csv,24,2014006040140,甘奈,嗯，甘奈也觉得……这里很好啊,大崎甘奈,【ゆらゆらアクアリウム】大崎甘奈,Aquarium white
大崎甘奈\【ゆらゆらアクアリウム】大崎甘奈\Aquarium white.csv,27,2014006040150,甘奈,诶嘿嘿，真的很关心呢，谢谢,大崎甘奈,【ゆらゆらアクアリウム】大崎甘奈,Aquarium white
大崎甘奈\【ゆらゆらアクアリウム】大崎甘奈\Aquarium white.csv,28,2014006040160,甘奈,"不过啊……再待一会……想在这里再待一会……
不可以么……？",大崎甘奈,【ゆらゆらアクアリウム】大崎甘奈,Aquarium white
大崎甘奈\【ゆらゆらアクアリウム】大崎甘奈\Aquarium white.csv,30,2014006040170,甘奈,谢谢……,大崎甘奈,【ゆらゆらアクアリウム】大崎甘奈,Aquarium white
大崎甘奈\【ゆらゆらアクアリウム】大崎甘奈\Aquarium white.csv,31,2014006040180,甘奈,……呐，制作人先生,大崎甘奈,【ゆらゆらアクアリウム】大崎甘奈,Aquarium white
大崎甘奈\【ゆらゆらアクアリウム】大崎甘奈\Aquarium white.csv,32,2014006040190,甘奈,这里，真安静啊,大崎甘奈,【ゆらゆらアクアリウム】大崎甘奈,Aquarium white
大崎甘奈\【ゆらゆらアクアリウム】大崎甘奈\Aquarium white.csv,34,2014006040200,甘奈,"怎么说呢……
好像真的下雪了一样",大崎甘奈,【ゆらゆらアクアリウム】大崎甘奈,Aquarium white
大崎甘奈\【ゆらゆらアクアリウム】大崎甘奈\Aquarium white.csv,35,2014006040210,甘奈,……这样的时间，真好啊,大崎甘奈,【ゆらゆらアクアリウム】大崎甘奈,Aquarium white
大崎甘奈\【ゆらゆらアクアリウム】大崎甘奈\Aquarium white.csv,37,2014006040220,甘奈,嗯……,大崎甘奈,【ゆらゆらアクアリウム】大崎甘奈,Aquarium white
大崎甘奈\【ゆらゆらアクアリウム】大崎甘奈\Aquarium white.csv,38,2014006040230,甘奈,现在，忘记了时间……,大崎甘奈,【ゆらゆらアクアリウム】大崎甘奈,Aquarium white
大崎甘奈\【ゆらゆらアクアリウム】大崎甘奈\Aquarium white.csv,39,2014006040240,甘奈,想再稍微……看一看这雪啊……,大崎甘奈,【ゆらゆらアクアリウム】大崎甘奈,Aquarium white
大崎甘奈\【ゆらゆらアクアリウム】大崎甘奈\Care of yourself.csv,6,2014006030010,甘奈,"辛苦啦～
……咦，谁都不在……",大崎甘奈,【ゆらゆらアクアリウム】大崎甘奈,Care of yourself
大崎甘奈\【ゆらゆらアクアリウム】大崎甘奈\Care of yourself.csv,7,2014006030020,甘奈,"！　制作人先生……？
制作人先生！",大崎甘奈,【ゆらゆらアクアリウム】大崎甘奈,Care of yourself
大崎甘奈\【ゆらゆらアクアリウム】大崎甘奈\Care of yourself.csv,8,2014006030030,甘奈,怎么了！？　喂！　没关系吗！？,大崎甘奈,【ゆらゆらアクアリウム】大崎甘奈,Care of yourself
大崎甘奈\【ゆらゆらアクアリウム】大崎甘奈\Care of yourself.csv,10,2014006030040,甘奈,"——毛巾湿透了
必须换掉才行——",大崎甘奈,【ゆらゆらアクアリウム】大崎甘奈,Care of yourself
大崎甘奈\【ゆらゆらアクアリウム】大崎甘奈\Care of yourself.csv,12,2014006030050,甘奈,"制作人先生！　没关系吗！？
没好好睡觉还在勉强……",大崎甘奈,【ゆらゆらアクアリウム】大崎甘奈,Care of yourself
大崎甘奈\【ゆらゆらアクアリウム】大崎甘奈\Care of yourself.csv,13,2014006030060,甘奈,昨天，说要待在事务所来着……,大崎甘奈,【ゆらゆらアクアリウム】大崎甘奈,Care of yourself
大崎甘奈\【ゆらゆらアクアリウム】大崎甘奈\Care of yourself.csv,15,2014006030070,甘奈,诶……？　这种事情……,大崎甘奈,【ゆらゆらアクアリウム】大崎甘奈,Care of yourself
大崎甘奈\【ゆらゆらアクアリウム】大崎甘奈\Care of yourself.csv,17,2014006030080,甘奈,——这种时候还……,大崎甘奈,【ゆらゆらアクアリウム】大崎甘奈,Care of yourself
大崎甘奈\【ゆらゆらアクアリウム】大崎甘奈\Care of yourself.csv,19,2014006030090,甘奈,"这种时候还说困扰什么的……
……不要再说这样的话了……！",大崎甘奈,【ゆらゆらアクアリウム】大崎甘奈,Care of yourself
大崎甘奈\【ゆらゆらアクアリウム】大崎甘奈\Care of yourself.csv,20,2014006030100,甘奈,"能关心甘奈的事情，甘奈很高兴
……可是……也稍微，担心下自己的事情啊……！",大崎甘奈,【ゆらゆらアクアリウム】大崎甘奈,Care of yourself
大崎甘奈\【ゆらゆらアクアリウム】大崎甘奈\Care of yourself.csv,21,2014006030110,甘奈,制作人要是出了什么事情……甘奈……,大崎甘奈,【ゆらゆらアクアリウム】大崎甘奈,Care of yourself
大崎甘奈\【ゆらゆらアクアリウム】大崎甘奈\Care of yourself.csv,24,2014006030120,甘奈,……说好了哦？,大崎甘奈,【ゆらゆらアクアリウム】大崎甘奈,Care of yourself
大崎甘奈\【ゆらゆらアクアリウム】大崎甘奈\Care of yourself.csv,26,2014006030130,甘奈,……诶嘿嘿，那……就可以放心了呢,大崎甘奈,【ゆらゆらアクアリウム】大崎甘奈,Care of yourself
大崎甘奈\【ゆらゆらアクアリウム】大崎甘奈\Care of yourself.csv,31,2014006030140,甘奈,"太沉迷工作的话，不知不觉地
就总是把自己的事情放在最后了",大崎甘奈,【ゆらゆらアクアリウム】大崎甘奈,Care of yourself
大崎甘奈\【ゆらゆらアクアリウム】大崎甘奈\Care of yourself.csv,33,2014006030150,甘奈,嗯……没事真是太好了……！,大崎甘奈,【ゆらゆらアクアリウム】大崎甘奈,Care of yourself
大崎甘奈\【ゆらゆらアクアリウム】大崎甘奈\Care of yourself.csv,35,2014006030160,甘奈,诶嘿嘿……这种事情，都还记得啊,大崎甘奈,【ゆらゆらアクアリウム】大崎甘奈,Care of yourself
大崎甘奈\【ゆらゆらアクアリウム】大崎甘奈\Care of yourself.csv,37,2014006030170,甘奈,没这么夸张啦……,大崎甘奈,【ゆらゆらアクアリウム】大崎甘奈,Care of yourself
大崎甘奈\【ゆらゆらアクアリウム】大崎甘奈\Care of yourself.csv,38,2014006030180,甘奈,"不过……甘奈知道的事情，
能稍微帮到制作人的工作很高兴呢☆",大崎甘奈,【ゆらゆらアクアリウム】大崎甘奈,Care of yourself
大崎甘奈\【ゆらゆらアクアリウム】大崎甘奈\Care of yourself.csv,41,2014006030190,甘奈,不会，完全没有呢！,大崎甘奈,【ゆらゆらアクアリウム】大崎甘奈,Care of yourself
大崎甘奈\【ゆらゆらアクアリウム】大崎甘奈\Care of yourself.csv,42,2014006030200,甘奈,……话说回来，根本没有考虑那种的事情的余力呢,大崎甘奈,【ゆらゆらアクアリウム】大崎甘奈,Care of yourself
大崎甘奈\【ゆらゆらアクアリウム】大崎甘奈\Care of yourself.csv,43,2014006030210,甘奈,"看到制作人先生倒在地上的时候……
甘奈急得不行",大崎甘奈,【ゆらゆらアクアリウム】大崎甘奈,Care of yourself
大崎甘奈\【ゆらゆらアクアリウム】大崎甘奈\Care of yourself.csv,45,2014006030220,甘奈,不客气！,大崎甘奈,【ゆらゆらアクアリウム】大崎甘奈,Care of yourself
大崎甘奈\【ゆらゆらアクアリウム】大崎甘奈\Care of yourself.csv,46,2014006030230,甘奈,"制作人先生……
一直都，在支持着甘奈",大崎甘奈,【ゆらゆらアクアリウム】大崎甘奈,Care of yourself
大崎甘奈\【ゆらゆらアクアリウム】大崎甘奈\Care of yourself.csv,47,2014006030240,甘奈,所以偶尔，也应该被甘奈支持一下呢☆,大崎甘奈,【ゆらゆらアクアリウム】大崎甘奈,Care of yourself
大崎甘奈\【ゆらゆらアクアリウム】大崎甘奈\Care of yourself.csv,49,2014006030250,甘奈,"……嗯
很高兴能陪在身边……",大崎甘奈,【ゆらゆらアクアリウム】大崎甘奈,Care of yourself
大崎甘奈\【ゆらゆらアクアリウム】大崎甘奈\Care of yourself.csv,51,2014006030260,甘奈,"难道说，制作人先生
白天什么都没吃吗……？",大崎甘奈,【ゆらゆらアクアリウム】大崎甘奈,Care of yourself
大崎甘奈\【ゆらゆらアクアリウム】大崎甘奈\Care of yourself.csv,53,2014006030270,甘奈,"真是的，不好好吃饭可不行啊！
这样又要倒下了哦？",大崎甘奈,【ゆらゆらアクアリウム】大崎甘奈,Care of yourself
大崎甘奈\【ゆらゆらアクアリウム】大崎甘奈\Care of yourself.csv,55,2014006030280,甘奈,"不行！　现在身体虚弱
不吃点对身体好的东西可不行",大崎甘奈,【ゆらゆらアクアリウム】大崎甘奈,Care of yourself
大崎甘奈\【ゆらゆらアクアリウム】大崎甘奈\Care of yourself.csv,56,2014006030290,甘奈,看看冰箱里有没有什么能做的东西吧！,大崎甘奈,【ゆらゆらアクアリウム】大崎甘奈,Care of yourself
大崎甘奈\【ゆらゆらアクアリウム】大崎甘奈\Care of yourself.csv,57,2014006030300,甘奈,所以，稍微等一下吧，制作人先生☆,大崎甘奈,【ゆらゆらアクアリウム】大崎甘奈,Care of yourself
大崎甘奈\【ゆらゆらアクアリウム】大崎甘奈\Cleaning with me !.csv,4,2014006020010,甘奈,"没事吧！？
好像出了很大的动静——",大崎甘奈,【ゆらゆらアクアリウム】大崎甘奈,Cleaning with me !
大崎甘奈\【ゆらゆらアクアリウム】大崎甘奈\Cleaning with me !.csv,6,2014006020020,甘奈,制作人没有受伤真是太好了！,大崎甘奈,【ゆらゆらアクアリウム】大崎甘奈,Cleaning with me !
大崎甘奈\【ゆらゆらアクアリウム】大崎甘奈\Cleaning with me !.csv,7,2014006020021,甘奈,啊……不过文件都散落一地了呢,大崎甘奈,【ゆらゆらアクアリウム】大崎甘奈,Cleaning with me !
大崎甘奈\【ゆらゆらアクアリウム】大崎甘奈\Cleaning with me !.csv,9,2014006020030,甘奈,"甘奈也来帮忙吧！
这边的纸张要怎么办？",大崎甘奈,【ゆらゆらアクアリウム】大崎甘奈,Cleaning with me !
大崎甘奈\【ゆらゆらアクアリウム】大崎甘奈\Cleaning with me !.csv,11,2014006020040,甘奈,嗯！　我知道了！,大崎甘奈,【ゆらゆらアクアリウム】大崎甘奈,Cleaning with me !
大崎甘奈\【ゆらゆらアクアリウム】大崎甘奈\Cleaning with me !.csv,12,2014006020050,甘奈,"这边的文件……
按时间排好顺序好了☆",大崎甘奈,【ゆらゆらアクアリウム】大崎甘奈,Cleaning with me !
大崎甘奈\【ゆらゆらアクアリウム】大崎甘奈\Cleaning with me !.csv,13,2014006020060,甘奈,还有……,大崎甘奈,【ゆらゆらアクアリウム】大崎甘奈,Cleaning with me !
大崎甘奈\【ゆらゆらアクアリウム】大崎甘奈\Cleaning with me !.csv,15,2014006020070,甘奈,诶嘿嘿，不客气☆,大崎甘奈,【ゆらゆらアクアリウム】大崎甘奈,Cleaning with me !
大崎甘奈\【ゆらゆらアクアリウム】大崎甘奈\Cleaning with me !.csv,16,2014006020080,甘奈,"不过，制作人
我刚在整理的时候，有些有点在意的地方",大崎甘奈,【ゆらゆらアクアリウム】大崎甘奈,Cleaning with me !
大崎甘奈\【ゆらゆらアクアリウム】大崎甘奈\Cleaning with me !.csv,18,2014006020090,甘奈,像是那边！　好像很乱的样子呢？,大崎甘奈,【ゆらゆらアクアリウム】大崎甘奈,Cleaning with me !
大崎甘奈\【ゆらゆらアクアリウム】大崎甘奈\Cleaning with me !.csv,20,2014006020100,甘奈,"趁这次机会，一口气处理掉吧！
是“整理大作战”哦，制作人☆",大崎甘奈,【ゆらゆらアクアリウム】大崎甘奈,Cleaning with me !
大崎甘奈\【ゆらゆらアクアリウム】大崎甘奈\Cleaning with me !.csv,22,2014006020110,甘奈,"没事的！　像这样
两个人一起整理的话很快就能解决吧？",大崎甘奈,【ゆらゆらアクアリウム】大崎甘奈,Cleaning with me !
大崎甘奈\【ゆらゆらアクアリウム】大崎甘奈\Cleaning with me !.csv,23,2014006020120,甘奈,而且，甘奈啊，其实挺喜欢整理东西的呢☆,大崎甘奈,【ゆらゆらアクアリウム】大崎甘奈,Cleaning with me !
大崎甘奈\【ゆらゆらアクアリウム】大崎甘奈\Cleaning with me !.csv,24,2014006020130,甘奈,"制作人！
这个空箱子要拿走吗？　看起来像是哪里的特产一样",大崎甘奈,【ゆらゆらアクアリウム】大崎甘奈,Cleaning with me !
大崎甘奈\【ゆらゆらアクアリウム】大崎甘奈\Cleaning with me !.csv,26,2014006020140,甘奈,"OK—！
那接下来就是……",大崎甘奈,【ゆらゆらアクアリウム】大崎甘奈,Cleaning with me !
大崎甘奈\【ゆらゆらアクアリウム】大崎甘奈\Cleaning with me !.csv,27,2014006020150,甘奈,咦？　这是什么啊？,大崎甘奈,【ゆらゆらアクアリウム】大崎甘奈,Cleaning with me !
大崎甘奈\【ゆらゆらアクアリウム】大崎甘奈\Cleaning with me !.csv,32,2014006020160,甘奈,"写着“洗洁剂”和……
“一些看起来很好吃的甜点”……？",大崎甘奈,【ゆらゆらアクアリウム】大崎甘奈,Cleaning with me !
大崎甘奈\【ゆらゆらアクアリウム】大崎甘奈\Cleaning with me !.csv,34,2014006020170,甘奈,诶嘿嘿，这组合有点意思呢☆,大崎甘奈,【ゆらゆらアクアリウム】大崎甘奈,Cleaning with me !
大崎甘奈\【ゆらゆらアクアリウム】大崎甘奈\Cleaning with me !.csv,35,2014006020180,甘奈,洗洁剂大概就是用完了才要去买吧？,大崎甘奈,【ゆらゆらアクアリウム】大崎甘奈,Cleaning with me !
大崎甘奈\【ゆらゆらアクアリウム】大崎甘奈\Cleaning with me !.csv,36,2014006020190,甘奈,"可是，另外一条的……
“一些看起来很好吃的甜点”感觉很可爱呢！",大崎甘奈,【ゆらゆらアクアリウム】大崎甘奈,Cleaning with me !
大崎甘奈\【ゆらゆらアクアリウム】大崎甘奈\Cleaning with me !.csv,39,2014006020200,甘奈,欸～，你跟我说的话我就会分给你了～,大崎甘奈,【ゆらゆらアクアリウム】大崎甘奈,Cleaning with me !
大崎甘奈\【ゆらゆらアクアリウム】大崎甘奈\Cleaning with me !.csv,41,2014006020210,甘奈,虽然也没有那种事啦～,大崎甘奈,【ゆらゆらアクアリウム】大崎甘奈,Cleaning with me !
大崎甘奈\【ゆらゆらアクアリウム】大崎甘奈\Cleaning with me !.csv,42,2014006020220,甘奈,"那，下次如果遇到了类似的事情的话
到时候我再分给你吃☆",大崎甘奈,【ゆらゆらアクアリウム】大崎甘奈,Cleaning with me !
大崎甘奈\【ゆらゆらアクアリウム】大崎甘奈\Cleaning with me !.csv,43,2014006020230,甘奈,是这样啊！　我能看看吗？,大崎甘奈,【ゆらゆらアクアリウム】大崎甘奈,Cleaning with me !
大崎甘奈\【ゆらゆらアクアリウム】大崎甘奈\Cleaning with me !.csv,45,2014006020240,甘奈,哇——好怀念！,大崎甘奈,【ゆらゆらアクアリウム】大崎甘奈,Cleaning with me !
大崎甘奈\【ゆらゆらアクアリウム】大崎甘奈\Cleaning with me !.csv,47,2014006020250,甘奈,那其中的一张，就是我们看到的那张吧！,大崎甘奈,【ゆらゆらアクアリウム】大崎甘奈,Cleaning with me !
大崎甘奈\【ゆらゆらアクアリウム】大崎甘奈\Cleaning with me !.csv,48,2014006020260,甘奈,"甘奈，多亏了这张海报
才知道了试镜的事情呢☆",大崎甘奈,【ゆらゆらアクアリウム】大崎甘奈,Cleaning with me !
大崎甘奈\【ゆらゆらアクアリウム】大崎甘奈\Cleaning with me !.csv,51,2014006020270,甘奈,这么说的话，甘奈也是呢！,大崎甘奈,【ゆらゆらアクアリウム】大崎甘奈,Cleaning with me !
大崎甘奈\【ゆらゆらアクアリウム】大崎甘奈\Cleaning with me !.csv,52,2014006020280,甘奈,"海报先生！　谢谢你☆
让我能遇到制作人！诶嘿嘿",大崎甘奈,【ゆらゆらアクアリウム】大崎甘奈,Cleaning with me !
大崎甘奈\【ゆらゆらアクアリウム】大崎甘奈\Cleaning with me !.csv,53,2014006020290,甘奈,"嘿～。社长先生，接受过采访啊
我看看～……",大崎甘奈,【ゆらゆらアクアリウム】大崎甘奈,Cleaning with me !
大崎甘奈\【ゆらゆらアクアリウム】大崎甘奈\Cleaning with me !.csv,54,2014006020300,甘奈,"“必不得过且过！
无时无刻，当严于律己——”……",大崎甘奈,【ゆらゆらアクアリウム】大崎甘奈,Cleaning with me !
大崎甘奈\【ゆらゆらアクアリウム】大崎甘奈\Cleaning with me !.csv,55,2014006020310,甘奈,……原来如此～,大崎甘奈,【ゆらゆらアクアリウム】大崎甘奈,Cleaning with me !
大崎甘奈\【ゆらゆらアクアリウム】大崎甘奈\Cleaning with me !.csv,56,2014006020320,甘奈,不愧是社长先生！是很有威严的话语呢！,大崎甘奈,【ゆらゆらアクアリウム】大崎甘奈,Cleaning with me !
大崎甘奈\【ゆらゆらアクアリウム】大崎甘奈\Cleaning with me !.csv,58,2014006020330,甘奈,"我觉得，制作人先生
能够给出属于自己的答案就非常好了～……",大崎甘奈,【ゆらゆらアクアリウム】大崎甘奈,Cleaning with me !
大崎甘奈\【ゆらゆらアクアリウム】大崎甘奈\Cleaning with me !.csv,59,2014006020340,甘奈,"对了！　有关于制作人的报道吗？
甘奈，很想看呢！",大崎甘奈,【ゆらゆらアクアリウム】大崎甘奈,Cleaning with me !
大崎甘奈\【ゆらゆらアクアリウム】大崎甘奈\Cleaning with me !.csv,61,2014006020350,甘奈,这样啊……不过，哪天被采访了也挺好呢☆,大崎甘奈,【ゆらゆらアクアリウム】大崎甘奈,Cleaning with me !
大崎甘奈\【ゆらゆらアクアリウム】大崎甘奈\Cleaning with me !.csv,63,2014006020360,甘奈,是哦……是这样呢……谢谢你！,大崎甘奈,【ゆらゆらアクアリウム】大崎甘奈,Cleaning with me !
大崎甘奈\【ゆらゆらアクアリウム】大崎甘奈\Cleaning with me !.csv,64,2014006020370,甘奈,那，甘奈也会更努力呢！,大崎甘奈,【ゆらゆらアクアリウム】大崎甘奈,Cleaning with me !
大崎甘奈\【ゆらゆらアクアリウム】大崎甘奈\Prepared before.csv,3,2014006010010,甘奈,早上～好☆,大崎甘奈,【ゆらゆらアクアリウム】大崎甘奈,Prepared before
大崎甘奈\【ゆらゆらアクアリウム】大崎甘奈\Prepared before.csv,5,2014006010020,甘奈,啊，制作人！　辛苦了☆,大崎甘奈,【ゆらゆらアクアリウム】大崎甘奈,Prepared before
大崎甘奈\【ゆらゆらアクアリウム】大崎甘奈\Prepared before.csv,7,2014006010030,甘奈,诶嘿嘿～，其实在刚才的课程上啊,大崎甘奈,【ゆらゆらアクアリウム】大崎甘奈,Prepared before
大崎甘奈\【ゆらゆらアクアリウム】大崎甘奈\Prepared before.csv,8,2014006010040,甘奈,"被训练员
夸了有一点一点在进步呢～",大崎甘奈,【ゆらゆらアクアリウム】大崎甘奈,Prepared before
大崎甘奈\【ゆらゆらアクアリウム】大崎甘奈\Prepared before.csv,11,2014006010050,甘奈,"还被制作人夸奖了☆
谢谢你！",大崎甘奈,【ゆらゆらアクアリウム】大崎甘奈,Prepared before
大崎甘奈\【ゆらゆらアクアリウム】大崎甘奈\Prepared before.csv,12,2014006010060,甘奈,那么……趁着状态好的时候……,大崎甘奈,【ゆらゆらアクアリウム】大崎甘奈,Prepared before
大崎甘奈\【ゆらゆらアクアリウム】大崎甘奈\Prepared before.csv,14,2014006010070,甘奈,嗯。还有记录行程用的笔记本！,大崎甘奈,【ゆらゆらアクアリウム】大崎甘奈,Prepared before
大崎甘奈\【ゆらゆらアクアリウム】大崎甘奈\Prepared before.csv,15,2014006010080,甘奈,"因为很多课程，课题都堆在一起
所以不好好写好预定表可不行呢～",大崎甘奈,【ゆらゆらアクアリウム】大崎甘奈,Prepared before
大崎甘奈\【ゆらゆらアクアリウム】大崎甘奈\Prepared before.csv,17,2014006010090,甘奈,"嗯，之后如果没做到的话，会很困扰呢～
而且我也不想变得事前才在喊“啊，忘记了！”那样呢☆",大崎甘奈,【ゆらゆらアクアリウム】大崎甘奈,Prepared before
大崎甘奈\【ゆらゆらアクアリウム】大崎甘奈\Prepared before.csv,22,2014006010100,甘奈,你能这么说我很高兴呢,大崎甘奈,【ゆらゆらアクアリウム】大崎甘奈,Prepared before
大崎甘奈\【ゆらゆらアクアリウム】大崎甘奈\Prepared before.csv,23,2014006010110,甘奈,"对了！　制作人，可以的话
你能帮我看一下我的行程表吗？",大崎甘奈,【ゆらゆらアクアリウム】大崎甘奈,Prepared before
大崎甘奈\【ゆらゆらアクアリウム】大崎甘奈\Prepared before.csv,27,2014006010120,甘奈,诶嘿嘿，谢谢你！,大崎甘奈,【ゆらゆらアクアリウム】大崎甘奈,Prepared before
大崎甘奈\【ゆらゆらアクアリウム】大崎甘奈\Prepared before.csv,28,2014006010130,甘奈,"把行程表列得复杂一些的话，
也有很多好处呢☆",大崎甘奈,【ゆらゆらアクアリウム】大崎甘奈,Prepared before
大崎甘奈\【ゆらゆらアクアリウム】大崎甘奈\Prepared before.csv,29,2014006010140,甘奈,"既不会变得焦躁
也可以集中在一件已经安排好的事情上",大崎甘奈,【ゆらゆらアクアリウム】大崎甘奈,Prepared before
大崎甘奈\【ゆらゆらアクアリウム】大崎甘奈\Prepared before.csv,30,2014006010150,甘奈,"课题和课程都集中在一起的时候，
也能学到很多东西，很开心呢",大崎甘奈,【ゆらゆらアクアリウム】大崎甘奈,Prepared before
大崎甘奈\【ゆらゆらアクアリウム】大崎甘奈\Prepared before.csv,33,2014006010160,甘奈,才不会呢！,大崎甘奈,【ゆらゆらアクアリウム】大崎甘奈,Prepared before
大崎甘奈\【ゆらゆらアクアリウム】大崎甘奈\Prepared before.csv,34,2014006010170,甘奈,"毕竟，学习结束之后去玩的计划
我也好好地排上了呢☆　诶嘿嘿",大崎甘奈,【ゆらゆらアクアリウム】大崎甘奈,Prepared before
大崎甘奈\【ゆらゆらアクアリウム】大崎甘奈\Prepared before.csv,35,2014006010180,甘奈,啊，难道你以为，甘奈对这种事情很不拿手吗？,大崎甘奈,【ゆらゆらアクアリウム】大崎甘奈,Prepared before
大崎甘奈\【ゆらゆらアクアリウム】大崎甘奈\Prepared before.csv,37,2014006010181,甘奈,"诶嘿嘿，没关系的
我在学校的时候，也会经常确认这个行程表呢",大崎甘奈,【ゆらゆらアクアリウム】大崎甘奈,Prepared before
大崎甘奈\【ゆらゆらアクアリウム】大崎甘奈\Prepared before.csv,38,2014006010190,甘奈,"经常就会有朋友说
“甘奈原来这么勤奋啊，有点意外呢～”",大崎甘奈,【ゆらゆらアクアリウム】大崎甘奈,Prepared before
大崎甘奈\【ゆらゆらアクアリウム】大崎甘奈\Prepared before.csv,40,2014006010200,甘奈,诶嘿嘿，或许是呢☆,大崎甘奈,【ゆらゆらアクアリウム】大崎甘奈,Prepared before
大崎甘奈\【ゆらゆらアクアリウム】大崎甘奈\Prepared before.csv,42,2014006010210,甘奈,"谢谢你！
那我今后也会继续发展这一点哦☆",大崎甘奈,【ゆらゆらアクアリウム】大崎甘奈,Prepared before
大崎甘奈\【ゆらゆらアクアリウム】大崎甘奈\Prepared before.csv,44,2014006010220,甘奈,"唔……虽然我还没排好预定……
但大概要个两天吧？",大崎甘奈,【ゆらゆらアクアリウム】大崎甘奈,Prepared before
大崎甘奈\【ゆらゆらアクアリウム】大崎甘奈\Prepared before.csv,46,2014006010230,甘奈,嗯～，虽然量确实很多呢,大崎甘奈,【ゆらゆらアクアリウム】大崎甘奈,Prepared before
大崎甘奈\【ゆらゆらアクアリウム】大崎甘奈\Prepared before.csv,47,2014006010240,甘奈,"不过大部分都是到现在为止的复习
所以翻一翻整理过的笔记的话就差不多了",大崎甘奈,【ゆらゆらアクアリウム】大崎甘奈,Prepared before
大崎甘奈\【ゆらゆらアクアリウム】大崎甘奈\Prepared before.csv,50,2014006010250,甘奈,诶嘿嘿，谢谢你,大崎甘奈,【ゆらゆらアクアリウム】大崎甘奈,Prepared before
大崎甘奈\【ゆらゆらアクアリウム】大崎甘奈\Prepared before.csv,51,2014006010260,甘奈,"可是，甘奈毕竟还是学生
随便读书可不行吧？",大崎甘奈,【ゆらゆらアクアリウム】大崎甘奈,Prepared before
大崎甘奈\【ゆらゆらアクアリウム】大崎甘奈\Prepared before.csv,52,2014006010270,甘奈,所以，学习和课程两边都要做好才行呢☆,大崎甘奈,【ゆらゆらアクアリウム】大崎甘奈,Prepared before
大崎甘奈\【ゆらゆらアクアリウム】大崎甘奈\To the future A.csv,2,2014006110010,甘奈,～～♪,大崎甘奈,【ゆらゆらアクアリウム】大崎甘奈,To the future A
大崎甘奈\【ゆらゆらアクアリウム】大崎甘奈\To the future A.csv,4,2014006110020,甘奈,"嗯！　其实呢，做大扫除的时候
我找到了小时候的甘奈写的信呢",大崎甘奈,【ゆらゆらアクアリウム】大崎甘奈,To the future A
大崎甘奈\【ゆらゆらアクアリウム】大崎甘奈\To the future A.csv,6,2014006110030,甘奈,嗯！　写着“给长大了的自己”,大崎甘奈,【ゆらゆらアクアリウム】大崎甘奈,To the future A
大崎甘奈\【ゆらゆらアクアリウム】大崎甘奈\To the future A.csv,7,2014006110040,甘奈,"然后我就读了一下，发现里面写了很多问题
很有趣呢",大崎甘奈,【ゆらゆらアクアリウム】大崎甘奈,To the future A
大崎甘奈\【ゆらゆらアクアリウム】大崎甘奈\To the future A.csv,8,2014006110050,甘奈,比如说“现在过得开心吗”……,大崎甘奈,【ゆらゆらアクアリウム】大崎甘奈,To the future A
大崎甘奈\【ゆらゆらアクアリウム】大崎甘奈\To the future A.csv,9,2014006110060,甘奈,"还有“有在认真学习吗”之类的！
像这样的很多问题！",大崎甘奈,【ゆらゆらアクアリウム】大崎甘奈,To the future A
大崎甘奈\【ゆらゆらアクアリウム】大崎甘奈\To the future A.csv,11,2014006110070,甘奈,嗯，是这样吗？,大崎甘奈,【ゆらゆらアクアリウム】大崎甘奈,To the future A
大崎甘奈\【ゆらゆらアクアリウム】大崎甘奈\To the future A.csv,12,2014006110080,甘奈,"啊，可是呢，好像没什么变化
会让人这么想的问题也有几个呢",大崎甘奈,【ゆらゆらアクアリウム】大崎甘奈,To the future A
大崎甘奈\【ゆらゆらアクアリウム】大崎甘奈\To the future A.csv,13,2014006110090,甘奈,"“找到好吃的布丁的话要告诉我哦”
这样的问题也有呢",大崎甘奈,【ゆらゆらアクアリウム】大崎甘奈,To the future A
大崎甘奈\【ゆらゆらアクアリウム】大崎甘奈\To the future A.csv,15,2014006110100,甘奈,"可是，现在和以前的爱好可能都不一样了！
推荐了可能也会说“好苦～”什么的？",大崎甘奈,【ゆらゆらアクアリウム】大崎甘奈,To the future A
大崎甘奈\【ゆらゆらアクアリウム】大崎甘奈\To the future A.csv,17,2014006110110,甘奈,"甘奈也这么想！
特别是“现在过得开心吗”这条",大崎甘奈,【ゆらゆらアクアリウム】大崎甘奈,To the future A
大崎甘奈\【ゆらゆらアクアリウム】大崎甘奈\To the future A.csv,18,2014006110120,甘奈,"多亏了大家和制作人
完美地实现了这个愿望呢☆",大崎甘奈,【ゆらゆらアクアリウム】大崎甘奈,To the future A
大崎甘奈\【ゆらゆらアクアリウム】大崎甘奈\To the future A.csv,20,2014006110130,甘奈,诶嘿嘿，谢谢,大崎甘奈,【ゆらゆらアクアリウム】大崎甘奈,To the future A
大崎甘奈\【ゆらゆらアクアリウム】大崎甘奈\To the future A.csv,21,2014006110140,甘奈,"啊，对了，制作人
到下个预定的行程之前，还有时间吧？",大崎甘奈,【ゆらゆらアクアリウム】大崎甘奈,To the future A
大崎甘奈\【ゆらゆらアクアリウム】大崎甘奈\To the future A.csv,23,2014006110150,甘奈,"嗯，机会难得
我想，写一封现在的甘奈给未来的甘奈的信",大崎甘奈,【ゆらゆらアクアリウム】大崎甘奈,To the future A
大崎甘奈\【ゆらゆらアクアリウム】大崎甘奈\To the future A.csv,25,2014006110160,甘奈,谢谢你，制作人！,大崎甘奈,【ゆらゆらアクアリウム】大崎甘奈,To the future A
大崎甘奈\【ゆらゆらアクアリウム】大崎甘奈\To the future A.csv,26,2014006110170,甘奈,……唔,大崎甘奈,【ゆらゆらアクアリウム】大崎甘奈,To the future A
大崎甘奈\【ゆらゆらアクアリウム】大崎甘奈\To the future A.csv,27,2014006110180,甘奈,"起笔果然还是
“给未来的自己……”呢！这样的话……",大崎甘奈,【ゆらゆらアクアリウム】大崎甘奈,To the future A
大崎甘奈\【ゆらゆらアクアリウム】大崎甘奈\To the future A.csv,28,2014006110190,甘奈,好，就这样吧,大崎甘奈,【ゆらゆらアクアリウム】大崎甘奈,To the future A
大崎甘奈\【ゆらゆらアクアリウム】大崎甘奈\To the future A.csv,30,2014006110200,甘奈,嗯！走吧！,大崎甘奈,【ゆらゆらアクアリウム】大崎甘奈,To the future A
大崎甘奈\【ゆらゆらアクアリウム】大崎甘奈\To the future A.csv,31,2014006110210,甘奈,……,大崎甘奈,【ゆらゆらアクアリウム】大崎甘奈,To the future A
大崎甘奈\【ゆらゆらアクアリウム】大崎甘奈\To the future A.csv,33,2014006110220,甘奈,"……制作人
我本来只是想着写信的……",大崎甘奈,【ゆらゆらアクアリウム】大崎甘奈,To the future A
大崎甘奈\【ゆらゆらアクアリウム】大崎甘奈\To the future A.csv,34,2014006110230,甘奈,将来的甘奈……,大崎甘奈,【ゆらゆらアクアリウム】大崎甘奈,To the future A
大崎甘奈\【ゆらゆらアクアリウム】大崎甘奈\To the future A.csv,35,2014006110240,甘奈,能够实现现在的甘奈的愿望吗？,大崎甘奈,【ゆらゆらアクアリウム】大崎甘奈,To the future A
大崎甘奈\【ゆらゆらアクアリウム】大崎甘奈\To the future A.csv,37,2014006110250,甘奈,是吗……？,大崎甘奈,【ゆらゆらアクアリウム】大崎甘奈,To the future A
大崎甘奈\【ゆらゆらアクアリウム】大崎甘奈\To the future A.csv,40,2014006110260,甘奈,是哦……是呢……！,大崎甘奈,【ゆらゆらアクアリウム】大崎甘奈,To the future A
大崎甘奈\【ゆらゆらアクアリウム】大崎甘奈\To the future A.csv,41,2014006110270,甘奈,而且，甘奈还有……,大崎甘奈,【ゆらゆらアクアリウム】大崎甘奈,To the future A
大崎甘奈\【ゆらゆらアクアリウム】大崎甘奈\To the future A.csv,42,2014006110280,甘奈,制作人跟在身旁呢☆,大崎甘奈,【ゆらゆらアクアリウム】大崎甘奈,To the future A
大崎甘奈\【ゆらゆらアクアリウム】大崎甘奈\To the future A.csv,43,2014006110290,甘奈,“给未来的自己……”,大崎甘奈,【ゆらゆらアクアリウム】大崎甘奈,To the future A
大崎甘奈\【ゆらゆらアクアリウム】大崎甘奈\To the future A.csv,44,2014006110300,甘奈,“作为偶像，有确确实实地闪闪发光吗”,大崎甘奈,【ゆらゆらアクアリウム】大崎甘奈,To the future A
大崎甘奈\【ゆらゆらアクアリウム】大崎甘奈\To the future A.csv,45,2014006110310,甘奈,“作为粉丝的大家，有比现在更能展现笑容吗”,大崎甘奈,【ゆらゆらアクアリウム】大崎甘奈,To the future A
大崎甘奈\【ゆらゆらアクアリウム】大崎甘奈\To the future A.csv,46,2014006110320,甘奈,“还有”,大崎甘奈,【ゆらゆらアクアリウム】大崎甘奈,To the future A
大崎甘奈\【ゆらゆらアクアリウム】大崎甘奈\To the future A.csv,47,2014006110330,甘奈,“甘奈珍惜的人”,大崎甘奈,【ゆらゆらアクアリウム】大崎甘奈,To the future A
大崎甘奈\【ゆらゆらアクアリウム】大崎甘奈\To the future A.csv,48,2014006110340,甘奈,“是以和现在一样的美好的笑容，在笑着吗？”,大崎甘奈,【ゆらゆらアクアリウム】大崎甘奈,To the future A
大崎甘奈\【スタンバイオッケー】大崎甘奈\For the shining.csv,2,2014004030010,甘奈,是两人一起出门……吧,大崎甘奈,【スタンバイオッケー】大崎甘奈,For the shining
大崎甘奈\【スタンバイオッケー】大崎甘奈\For the shining.csv,3,2014004030020,甘奈,要比以往更细心……,大崎甘奈,【スタンバイオッケー】大崎甘奈,For the shining
大崎甘奈\【スタンバイオッケー】大崎甘奈\For the shining.csv,4,2014004030030,甘奈,嗯，应该OK吧☆,大崎甘奈,【スタンバイオッケー】大崎甘奈,For the shining
大崎甘奈\【スタンバイオッケー】大崎甘奈\For the shining.csv,5,2014004030040,甘奈,"啊！　制作人！
难道说，让你久等了？",大崎甘奈,【スタンバイオッケー】大崎甘奈,For the shining
大崎甘奈\【スタンバイオッケー】大崎甘奈\For the shining.csv,7,2014004030050,甘奈,"欸嘿，你能这么说真是帮我大忙
今天能陪我出来真是谢谢！",大崎甘奈,【スタンバイオッケー】大崎甘奈,For the shining
大崎甘奈\【スタンバイオッケー】大崎甘奈\For the shining.csv,8,2014004030060,甘奈,"因为是工作要穿的衣服
所以我才想听听看制作人的意见",大崎甘奈,【スタンバイオッケー】大崎甘奈,For the shining
大崎甘奈\【スタンバイオッケー】大崎甘奈\For the shining.csv,10,2014004030070,甘奈,嗯！　今天我想要各种各样的意见呢,大崎甘奈,【スタンバイオッケー】大崎甘奈,For the shining
大崎甘奈\【スタンバイオッケー】大崎甘奈\For the shining.csv,11,2014004030080,甘奈,"可是只有两个人一起出门什么的
周围看来的话就好像是约会呢☆",大崎甘奈,【スタンバイオッケー】大崎甘奈,For the shining
大崎甘奈\【スタンバイオッケー】大崎甘奈\For the shining.csv,13,2014004030090,甘奈,"欸嘿，对不起呢☆
那就走吧，制作人",大崎甘奈,【スタンバイオッケー】大崎甘奈,For the shining
大崎甘奈\【スタンバイオッケー】大崎甘奈\For the shining.csv,14,2014004030100,甘奈,"这个迷你裙，布料是绒面革啊？　裙摆好可爱
甘奈，很喜欢这样的呢",大崎甘奈,【スタンバイオッケー】大崎甘奈,For the shining
大崎甘奈\【スタンバイオッケー】大崎甘奈\For the shining.csv,17,2014004030110,甘奈,"那边的牛仔布的好像也挺好的呢？
或者对面那件花朵图案的连身裙配白羊毛衫的话……",大崎甘奈,【スタンバイオッケー】大崎甘奈,For the shining
大崎甘奈\【スタンバイオッケー】大崎甘奈\For the shining.csv,18,2014004030120,甘奈,嗯—……真是烦恼,大崎甘奈,【スタンバイオッケー】大崎甘奈,For the shining
大崎甘奈\【スタンバイオッケー】大崎甘奈\For the shining.csv,19,2014004030130,甘奈,"制作人，我去试穿一下
你能实际看过之后，给我意见吗？",大崎甘奈,【スタンバイオッケー】大崎甘奈,For the shining
大崎甘奈\【スタンバイオッケー】大崎甘奈\For the shining.csv,21,2014004030140,甘奈,诶嘿嘿，谢谢你☆,大崎甘奈,【スタンバイオッケー】大崎甘奈,For the shining
大崎甘奈\【スタンバイオッケー】大崎甘奈\For the shining.csv,22,2014004030150,甘奈,"总之虽然是余下了两种搭配……
哪边都很好呢～",大崎甘奈,【スタンバイオッケー】大崎甘奈,For the shining
大崎甘奈\【スタンバイオッケー】大崎甘奈\For the shining.csv,23,2014004030160,甘奈,"是粉色为主的天真可爱系好呢还是有牛仔风格的好呢
制作人，你觉得哪种比较好？",大崎甘奈,【スタンバイオッケー】大崎甘奈,For the shining
大崎甘奈\【スタンバイオッケー】大崎甘奈\For the shining.csv,25,2014004030170,甘奈,"原来如此……嗯！　是呢！
我就听制作人的话了！",大崎甘奈,【スタンバイオッケー】大崎甘奈,For the shining
大崎甘奈\【スタンバイオッケー】大崎甘奈\For the shining.csv,26,2014004030180,甘奈,"……对不起，制作人
花了你很多时间",大崎甘奈,【スタンバイオッケー】大崎甘奈,For the shining
大崎甘奈\【スタンバイオッケー】大崎甘奈\For the shining.csv,28,2014004030190,甘奈,"多亏制作人我才能买到好衣服呢
真的很谢谢你！",大崎甘奈,【スタンバイオッケー】大崎甘奈,For the shining
大崎甘奈\【スタンバイオッケー】大崎甘奈\For the shining.csv,29,2014004030200,甘奈,诶嘿嘿，我很期待穿这个工作呢☆,大崎甘奈,【スタンバイオッケー】大崎甘奈,For the shining
大崎甘奈\【スタンバイオッケー】大崎甘奈\For the shining.csv,31,2014004030210,甘奈,"很合适……
啊，嗯。谢谢……",大崎甘奈,【スタンバイオッケー】大崎甘奈,For the shining
大崎甘奈\【スタンバイオッケー】大崎甘奈\For the shining.csv,32,2014004030220,甘奈,……今天出门我很开心,大崎甘奈,【スタンバイオッケー】大崎甘奈,For the shining
大崎甘奈\【スタンバイオッケー】大崎甘奈\For the shining.csv,33,2014004030230,甘奈,……还能，再一起出去就好了,大崎甘奈,【スタンバイオッケー】大崎甘奈,For the shining
大崎甘奈\【スタンバイオッケー】大崎甘奈\Heart Beat.csv,2,2014004040010,甘奈,"这次的工作是，先穿私服对谈
然后再开迷你演唱会这样的流程，对吧",大崎甘奈,【スタンバイオッケー】大崎甘奈,Heart Beat
大崎甘奈\【スタンバイオッケー】大崎甘奈\Heart Beat.csv,4,2014004040020,甘奈,"虽然没有到不安的程度……
对谈基本是，自由谈话吧？",大崎甘奈,【スタンバイオッケー】大崎甘奈,Heart Beat
大崎甘奈\【スタンバイオッケー】大崎甘奈\Heart Beat.csv,7,2014004040030,甘奈,"不用了，没关系！
我跟制作人还有大家都练习过好几次了呢",大崎甘奈,【スタンバイオッケー】大崎甘奈,Heart Beat
大崎甘奈\【スタンバイオッケー】大崎甘奈\Heart Beat.csv,10,2014004040040,甘奈,"嗯
……啊，歌曲的话，唱两首就好了对吧？",大崎甘奈,【スタンバイオッケー】大崎甘奈,Heart Beat
大崎甘奈\【スタンバイオッケー】大崎甘奈\Heart Beat.csv,12,2014004040050,甘奈,"到现在也试过几次独唱了呢……
嗯，没问题",大崎甘奈,【スタンバイオッケー】大崎甘奈,Heart Beat
大崎甘奈\【スタンバイオッケー】大崎甘奈\Heart Beat.csv,14,2014004040060,甘奈,"咦？没有那种事啦
甘奈和以前一样☆",大崎甘奈,【スタンバイオッケー】大崎甘奈,Heart Beat
大崎甘奈\【スタンバイオッケー】大崎甘奈\Heart Beat.csv,16,2014004040070,甘奈,"诶嘿嘿……你果然知道吗……
那，我只有一个请求，可以吗？",大崎甘奈,【スタンバイオッケー】大崎甘奈,Heart Beat
大崎甘奈\【スタンバイオッケー】大崎甘奈\Heart Beat.csv,18,2014004040080,甘奈,是关于对谈部分要穿的衣服……,大崎甘奈,【スタンバイオッケー】大崎甘奈,Heart Beat
大崎甘奈\【スタンバイオッケー】大崎甘奈\Heart Beat.csv,19,2014004040090,甘奈,可以，让甘奈来选吗？,大崎甘奈,【スタンバイオッケー】大崎甘奈,Heart Beat
大崎甘奈\【スタンバイオッケー】大崎甘奈\Heart Beat.csv,21,2014004040100,甘奈,"不会，不会成为我的负担的
……不行，吗？",大崎甘奈,【スタンバイオッケー】大崎甘奈,Heart Beat
大崎甘奈\【スタンバイオッケー】大崎甘奈\Heart Beat.csv,23,2014004040110,甘奈,"太好了……
谢谢你，制作人！",大崎甘奈,【スタンバイオッケー】大崎甘奈,Heart Beat
大崎甘奈\【スタンバイオッケー】大崎甘奈\Heart Beat.csv,24,2014004040120,甘奈,这样我真的就没问题了☆,大崎甘奈,【スタンバイオッケー】大崎甘奈,Heart Beat
大崎甘奈\【スタンバイオッケー】大崎甘奈\Heart Beat.csv,25,2014004040130,甘奈,"果然很可爱呢
和制作人一起选的这件衣服☆",大崎甘奈,【スタンバイオッケー】大崎甘奈,Heart Beat
大崎甘奈\【スタンバイオッケー】大崎甘奈\Heart Beat.csv,26,2014004040140,甘奈,穿上这件衣服的话，好像就能渡过这次活动了呢……,大崎甘奈,【スタンバイオッケー】大崎甘奈,Heart Beat
大崎甘奈\【スタンバイオッケー】大崎甘奈\Heart Beat.csv,27,2014004040150,甘奈,……要把力量借给我哦……,大崎甘奈,【スタンバイオッケー】大崎甘奈,Heart Beat
大崎甘奈\【スタンバイオッケー】大崎甘奈\Heart Beat.csv,28,2014004040160,甘奈,……好！　走吧！,大崎甘奈,【スタンバイオッケー】大崎甘奈,Heart Beat
大崎甘奈\【スタンバイオッケー】大崎甘奈\Heart Beat.csv,29,2014004040170,甘奈,诶嘿嘿，能唱好真是太好了☆,大崎甘奈,【スタンバイオッケー】大崎甘奈,Heart Beat
大崎甘奈\【スタンバイオッケー】大崎甘奈\Heart Beat.csv,31,2014004040180,甘奈,"欸嘿
制作人也辛苦了☆",大崎甘奈,【スタンバイオッケー】大崎甘奈,Heart Beat
大崎甘奈\【スタンバイオッケー】大崎甘奈\Heart Beat.csv,36,2014004040190,甘奈,"嗯！　我不是说了没问题嘛
今天的甘奈可是无敌的呢☆",大崎甘奈,【スタンバイオッケー】大崎甘奈,Heart Beat
大崎甘奈\【スタンバイオッケー】大崎甘奈\Heart Beat.csv,38,2014004040200,甘奈,……你知道是为什么吗？,大崎甘奈,【スタンバイオッケー】大崎甘奈,Heart Beat
大崎甘奈\【スタンバイオッケー】大崎甘奈\Heart Beat.csv,40,2014004040210,甘奈,不知道的话，我就当作是秘密了☆,大崎甘奈,【スタンバイオッケー】大崎甘奈,Heart Beat
大崎甘奈\【スタンバイオッケー】大崎甘奈\Heart Beat.csv,42,2014004040220,甘奈,"那……你想到什么的话，你就跟我说吧
那样的话，我会告诉你是不是正确答案！",大崎甘奈,【スタンバイオッケー】大崎甘奈,Heart Beat
大崎甘奈\【スタンバイオッケー】大崎甘奈\Heart Beat.csv,43,2014004040230,甘奈,"所以，要努力去思考呢☆
制作人",大崎甘奈,【スタンバイオッケー】大崎甘奈,Heart Beat
大崎甘奈\【スタンバイオッケー】大崎甘奈\Heart Beat.csv,44,2014004040240,甘奈,你能那么看的话，我很高兴呢……,大崎甘奈,【スタンバイオッケー】大崎甘奈,Heart Beat
大崎甘奈\【スタンバイオッケー】大崎甘奈\Heart Beat.csv,45,2014004040250,甘奈,……哇,大崎甘奈,【スタンバイオッケー】大崎甘奈,Heart Beat
大崎甘奈\【スタンバイオッケー】大崎甘奈\Heart Beat.csv,48,2014004040260,甘奈,"诶嘿嘿……没关系……
只是……我有点饿了……",大崎甘奈,【スタンバイオッケー】大崎甘奈,Heart Beat
大崎甘奈\【スタンバイオッケー】大崎甘奈\Heart Beat.csv,50,2014004040270,甘奈,"那，我想像之前那样
一起在家庭餐厅吃饭呢☆",大崎甘奈,【スタンバイオッケー】大崎甘奈,Heart Beat
大崎甘奈\【スタンバイオッケー】大崎甘奈\Heart Beat.csv,52,2014004040280,甘奈,"嗯！　谢谢你！
努力过后吃甜食就觉得特别美味呢☆",大崎甘奈,【スタンバイオッケー】大崎甘奈,Heart Beat
大崎甘奈\【スタンバイオッケー】大崎甘奈\Heart Beat.csv,53,2014004040290,甘奈,诶嘿嘿，今天要吃什么呢～,大崎甘奈,【スタンバイオッケー】大崎甘奈,Heart Beat
大崎甘奈\【スタンバイオッケー】大崎甘奈\Heart Beat.csv,55,2014004040300,甘奈,"真的？
诶嘿嘿，应该是这段时间的练习成果呢",大崎甘奈,【スタンバイオッケー】大崎甘奈,Heart Beat
大崎甘奈\【スタンバイオッケー】大崎甘奈\Heart Beat.csv,56,2014004040310,甘奈,"之前我让你陪我自主练习了吧？
在那之后我也一直有努力练习哦☆",大崎甘奈,【スタンバイオッケー】大崎甘奈,Heart Beat
大崎甘奈\【スタンバイオッケー】大崎甘奈\Heart Beat.csv,58,2014004040320,甘奈,"嗯，我觉得比之前更熟练了
所以啊……",大崎甘奈,【スタンバイオッケー】大崎甘奈,Heart Beat
大崎甘奈\【スタンバイオッケー】大崎甘奈\Heart Beat.csv,59,2014004040330,甘奈,下次，再让制作人听听看适合制作人的歌吧☆,大崎甘奈,【スタンバイオッケー】大崎甘奈,Heart Beat
大崎甘奈\【スタンバイオッケー】大崎甘奈\Lesson and gift.csv,2,2014004020010,甘奈,"呼—
搞定啦—",大崎甘奈,【スタンバイオッケー】大崎甘奈,Lesson and gift
大崎甘奈\【スタンバイオッケー】大崎甘奈\Lesson and gift.csv,4,2014004020020,甘奈,"谢谢！　我也有点这么想呢！
果然有人盯着的话，能注意到很多地方呢！",大崎甘奈,【スタンバイオッケー】大崎甘奈,Lesson and gift
大崎甘奈\【スタンバイオッケー】大崎甘奈\Lesson and gift.csv,5,2014004020030,甘奈,"可是抱歉
明明你休息了却要让你陪我练习",大崎甘奈,【スタンバイオッケー】大崎甘奈,Lesson and gift
大崎甘奈\【スタンバイオッケー】大崎甘奈\Lesson and gift.csv,9,2014004020040,甘奈,"诶嘿嘿……
谢谢你，制作人",大崎甘奈,【スタンバイオッケー】大崎甘奈,Lesson and gift
大崎甘奈\【スタンバイオッケー】大崎甘奈\Lesson and gift.csv,10,2014004020050,甘奈,"……嗯—
……可是，感觉只有言语的话好像不太够呢～",大崎甘奈,【スタンバイオッケー】大崎甘奈,Lesson and gift
大崎甘奈\【スタンバイオッケー】大崎甘奈\Lesson and gift.csv,11,2014004020060,甘奈,"对了！
甘奈，为制作人，唱一首歌吧☆",大崎甘奈,【スタンバイオッケー】大崎甘奈,Lesson and gift
大崎甘奈\【スタンバイオッケー】大崎甘奈\Lesson and gift.csv,13,2014004020070,甘奈,"嗯！
所以，你能听着吗？",大崎甘奈,【スタンバイオッケー】大崎甘奈,Lesson and gift
大崎甘奈\【スタンバイオッケー】大崎甘奈\Lesson and gift.csv,14,2014004020080,甘奈,"啊！　可是，就算甘奈唱歌也成不了谢礼呢
诶嘿嘿……还有什么……",大崎甘奈,【スタンバイオッケー】大崎甘奈,Lesson and gift
大崎甘奈\【スタンバイオッケー】大崎甘奈\Lesson and gift.csv,16,2014004020090,甘奈,太好了！,大崎甘奈,【スタンバイオッケー】大崎甘奈,Lesson and gift
大崎甘奈\【スタンバイオッケー】大崎甘奈\Lesson and gift.csv,17,2014004020100,甘奈,"那么，我要为了制作人唱歌了！
……请听好哦",大崎甘奈,【スタンバイオッケー】大崎甘奈,Lesson and gift
大崎甘奈\【スタンバイオッケー】大崎甘奈\Lesson and gift.csv,18,2014004020110,甘奈,"制作人……
怎么样，呢？",大崎甘奈,【スタンバイオッケー】大崎甘奈,Lesson and gift
大崎甘奈\【スタンバイオッケー】大崎甘奈\Lesson and gift.csv,22,2014004020120,甘奈,诶嘿嘿，你能这么说真是太好了☆,大崎甘奈,【スタンバイオッケー】大崎甘奈,Lesson and gift
大崎甘奈\【スタンバイオッケー】大崎甘奈\Lesson and gift.csv,25,2014004020130,甘奈,"哪有—
你夸得过头了啦，制作人",大崎甘奈,【スタンバイオッケー】大崎甘奈,Lesson and gift
大崎甘奈\【スタンバイオッケー】大崎甘奈\Lesson and gift.csv,27,2014004020140,甘奈,"谢谢你，从今以后我也会好好练习的
希望你能一直看着我",大崎甘奈,【スタンバイオッケー】大崎甘奈,Lesson and gift
大崎甘奈\【スタンバイオッケー】大崎甘奈\Lesson and gift.csv,30,2014004020150,甘奈,欸嘿，你能高兴就好☆,大崎甘奈,【スタンバイオッケー】大崎甘奈,Lesson and gift
大崎甘奈\【スタンバイオッケー】大崎甘奈\Lesson and gift.csv,32,2014004020160,甘奈,"嗯，我知道了
从B段开始对吧",大崎甘奈,【スタンバイオッケー】大崎甘奈,Lesson and gift
大崎甘奈\【スタンバイオッケー】大崎甘奈\Lesson and gift.csv,35,2014004020170,甘奈,"没有啊，你也是为了甘奈才给了意见吧
我很高兴哦",大崎甘奈,【スタンバイオッケー】大崎甘奈,Lesson and gift
大崎甘奈\【スタンバイオッケー】大崎甘奈\Lesson and gift.csv,36,2014004020180,甘奈,"为了回应这样的制作人的期待
甘奈也会尽全力去做哦",大崎甘奈,【スタンバイオッケー】大崎甘奈,Lesson and gift
大崎甘奈\【スタンバイオッケー】大崎甘奈\Lesson and gift.csv,37,2014004020190,甘奈,"制作人，虽然让你陪我这么久很不好
可是你能再一次从B段开始帮我听吗？",大崎甘奈,【スタンバイオッケー】大崎甘奈,Lesson and gift
大崎甘奈\【スタンバイオッケー】大崎甘奈\Lesson and gift.csv,39,2014004020200,甘奈,"嗯，我知道了！
谢谢你，制作人☆",大崎甘奈,【スタンバイオッケー】大崎甘奈,Lesson and gift
大崎甘奈\【スタンバイオッケー】大崎甘奈\Lesson and gift.csv,40,2014004020210,甘奈,"真的？
想多听几遍什么的……我好高兴☆",大崎甘奈,【スタンバイオッケー】大崎甘奈,Lesson and gift
大崎甘奈\【スタンバイオッケー】大崎甘奈\Lesson and gift.csv,43,2014004020220,甘奈,咦，啊，嗯！,大崎甘奈,【スタンバイオッケー】大崎甘奈,Lesson and gift
大崎甘奈\【スタンバイオッケー】大崎甘奈\Lesson and gift.csv,44,2014004020230,甘奈,如，如果是为了制作人的话，要唱几次我都会唱哦……！,大崎甘奈,【スタンバイオッケー】大崎甘奈,Lesson and gift
大崎甘奈\【スタンバイオッケー】大崎甘奈\Lesson and gift.csv,47,2014004020240,甘奈,诶嘿嘿，你能高兴就好……,大崎甘奈,【スタンバイオッケー】大崎甘奈,Lesson and gift
大崎甘奈\【スタンバイオッケー】大崎甘奈\Lesson and gift.csv,48,2014004020250,甘奈,"那，现在开始我会练习更—多的哦
下次再让你听的时候，我会比现在唱得更好的☆",大崎甘奈,【スタンバイオッケー】大崎甘奈,Lesson and gift
大崎甘奈\【スタンバイオッケー】大崎甘奈\Sweet with S.csv,2,2014004010010,甘奈,制作人，辛苦了☆,大崎甘奈,【スタンバイオッケー】大崎甘奈,Sweet with S
大崎甘奈\【スタンバイオッケー】大崎甘奈\Sweet with S.csv,4,2014004010020,甘奈,"完～全没有！　工作人员们，人也都很好呢！
甘奈，很开心哦！",大崎甘奈,【スタンバイオッケー】大崎甘奈,Sweet with S
大崎甘奈\【スタンバイオッケー】大崎甘奈\Sweet with S.csv,7,2014004010030,甘奈,"欸嘿，那么夸奖我的话
内心还有点痒痒的呢",大崎甘奈,【スタンバイオッケー】大崎甘奈,Sweet with S
大崎甘奈\【スタンバイオッケー】大崎甘奈\Sweet with S.csv,9,2014004010040,甘奈,"咦，真的？
那样，不太好吧～",大崎甘奈,【スタンバイオッケー】大崎甘奈,Sweet with S
大崎甘奈\【スタンバイオッケー】大崎甘奈\Sweet with S.csv,11,2014004010050,甘奈,"太好了—！
那，要点什么—呢～☆",大崎甘奈,【スタンバイオッケー】大崎甘奈,Sweet with S
大崎甘奈\【スタンバイオッケー】大崎甘奈\Sweet with S.csv,12,2014004010060,甘奈,"诶嘿嘿～好像都很好吃呢～
果然还是甜食的比较好吗～",大崎甘奈,【スタンバイオッケー】大崎甘奈,Sweet with S
大崎甘奈\【スタンバイオッケー】大崎甘奈\Sweet with S.csv,13,2014004010070,甘奈,"啊！　制作人！
霜淇淋，说是推荐呢！",大崎甘奈,【スタンバイオッケー】大崎甘奈,Sweet with S
大崎甘奈\【スタンバイオッケー】大崎甘奈\Sweet with S.csv,15,2014004010080,甘奈,"你那么说我就想吃吃看了呢～
啊！　可是这个水蜜桃芭菲好像也很厉害！",大崎甘奈,【スタンバイオッケー】大崎甘奈,Sweet with S
大崎甘奈\【スタンバイオッケー】大崎甘奈\Sweet with S.csv,16,2014004010090,甘奈,"说是用了一整颗桃子呢！　这个也好棒呢～
甜花应该也会喜欢的，好像可以一起吃呢☆",大崎甘奈,【スタンバイオッケー】大崎甘奈,Sweet with S
大崎甘奈\【スタンバイオッケー】大崎甘奈\Sweet with S.csv,17,2014004010100,甘奈,"还有好多东西呢～！
有这么多的话会很困扰呢☆",大崎甘奈,【スタンバイオッケー】大崎甘奈,Sweet with S
大崎甘奈\【スタンバイオッケー】大崎甘奈\Sweet with S.csv,18,2014004010110,甘奈,嗯—……,大崎甘奈,【スタンバイオッケー】大崎甘奈,Sweet with S
大崎甘奈\【スタンバイオッケー】大崎甘奈\Sweet with S.csv,19,2014004010120,甘奈,好！　决定了，我要点霜淇淋！,大崎甘奈,【スタンバイオッケー】大崎甘奈,Sweet with S
大崎甘奈\【スタンバイオッケー】大崎甘奈\Sweet with S.csv,21,2014004010130,甘奈,"没啊，我没有在顾虑什么！
我只是想着一开始就在意的话这个就好了☆",大崎甘奈,【スタンバイオッケー】大崎甘奈,Sweet with S
大崎甘奈\【スタンバイオッケー】大崎甘奈\Sweet with S.csv,22,2014004010140,甘奈,"比起这个，
制作人决定好要点什么了吗？",大崎甘奈,【スタンバイオッケー】大崎甘奈,Sweet with S
大崎甘奈\【スタンバイオッケー】大崎甘奈\Sweet with S.csv,24,2014004010150,甘奈,那，服务员—！,大崎甘奈,【スタンバイオッケー】大崎甘奈,Sweet with S
大崎甘奈\【スタンバイオッケー】大崎甘奈\Sweet with S.csv,25,2014004010160,甘奈,"那～个，我要一个霜淇淋和……
制作人呢？",大崎甘奈,【スタンバイオッケー】大崎甘奈,Sweet with S
大崎甘奈\【スタンバイオッケー】大崎甘奈\Sweet with S.csv,29,2014004010170,甘奈,"服务员
请给我来一份水蜜桃芭菲",大崎甘奈,【スタンバイオッケー】大崎甘奈,Sweet with S
大崎甘奈\【スタンバイオッケー】大崎甘奈\Sweet with S.csv,30,2014004010180,甘奈,"可是，有点意外呢。
我都没有制作人吃芭菲的印象呢～",大崎甘奈,【スタンバイオッケー】大崎甘奈,Sweet with S
大崎甘奈\【スタンバイオッケー】大崎甘奈\Sweet with S.csv,32,2014004010190,甘奈,"非常感谢☆
甘奈是这份……来，制作人！",大崎甘奈,【スタンバイオッケー】大崎甘奈,Sweet with S
大崎甘奈\【スタンバイオッケー】大崎甘奈\Sweet with S.csv,34,2014004010200,甘奈,咦，不是制作人要吃的吗？,大崎甘奈,【スタンバイオッケー】大崎甘奈,Sweet with S
大崎甘奈\【スタンバイオッケー】大崎甘奈\Sweet with S.csv,36,2014004010210,甘奈,"是哦……诶嘿嘿……
制作人，谢谢你",大崎甘奈,【スタンバイオッケー】大崎甘奈,Sweet with S
大崎甘奈\【スタンバイオッケー】大崎甘奈\Sweet with S.csv,37,2014004010220,甘奈,"啊！　既然这样就两个都分一半吧！
这样子，一起吃会更好吃呢",大崎甘奈,【スタンバイオッケー】大崎甘奈,Sweet with S
大崎甘奈\【スタンバイオッケー】大崎甘奈\Sweet with S.csv,39,2014004010230,甘奈,"决—定了！
那我分给你哦！",大崎甘奈,【スタンバイオッケー】大崎甘奈,Sweet with S
大崎甘奈\【スタンバイオッケー】大崎甘奈\Sweet with S.csv,40,2014004010240,甘奈,"……来，这是制作人的份！
诶嘿嘿，好像很好吃呢☆",大崎甘奈,【スタンバイオッケー】大崎甘奈,Sweet with S
大崎甘奈\【スタンバイオッケー】大崎甘奈\Sweet with S.csv,41,2014004010250,甘奈,"服务员
再来一份饮料吧",大崎甘奈,【スタンバイオッケー】大崎甘奈,Sweet with S
大崎甘奈\【スタンバイオッケー】大崎甘奈\Sweet with S.csv,42,2014004010260,甘奈,"……可是制作人，咖啡就好了吗？
你在事务所都一直在喝咖啡吧？",大崎甘奈,【スタンバイオッケー】大崎甘奈,Sweet with S
大崎甘奈\【スタンバイオッケー】大崎甘奈\Sweet with S.csv,44,2014004010270,甘奈,"我会看着行李的☆
一路顺风—！",大崎甘奈,【スタンバイオッケー】大崎甘奈,Sweet with S
大崎甘奈\【スタンバイオッケー】大崎甘奈\Sweet with S.csv,45,2014004010280,甘奈,制作人，欢迎回来—,大崎甘奈,【スタンバイオッケー】大崎甘奈,Sweet with S
大崎甘奈\【スタンバイオッケー】大崎甘奈\Sweet with S.csv,46,2014004010290,甘奈,"嘿—，制作人喜欢喝黑咖啡？
什么都没放呢—",大崎甘奈,【スタンバイオッケー】大崎甘奈,Sweet with S
大崎甘奈\【スタンバイオッケー】大崎甘奈\Sweet with S.csv,48,2014004010300,甘奈,"我本来就没有想过要喝咖啡呢
你看，总有点大人的饮料一样的感觉☆",大崎甘奈,【スタンバイオッケー】大崎甘奈,Sweet with S
大崎甘奈\【スタンバイオッケー】大崎甘奈\Sweet with S.csv,50,2014004010310,甘奈,"是这样啊！　喝着黑咖啡的制作人
充满大人的感觉，还有点帅呢",大崎甘奈,【スタンバイオッケー】大崎甘奈,Sweet with S
大崎甘奈\【スタンバイオッケー】大崎甘奈\Sweet with S.csv,52,2014004010320,甘奈,"谢谢你
那制作人，我开动了",大崎甘奈,【スタンバイオッケー】大崎甘奈,Sweet with S
大崎甘奈\【スタンバイオッケー】大崎甘奈\Sweet with S.csv,53,2014004010330,甘奈,嗯—甜甜的好好吃☆,大崎甘奈,【スタンバイオッケー】大崎甘奈,Sweet with S
大崎甘奈\【スタンバイオッケー】大崎甘奈\Sweet with S.csv,54,2014004010340,甘奈,"服务员
另一份请给我这个套餐",大崎甘奈,【スタンバイオッケー】大崎甘奈,Sweet with S
大崎甘奈\【スタンバイオッケー】大崎甘奈\Sweet with S.csv,55,2014004010350,甘奈,"……制作人
要放开了吃呢",大崎甘奈,【スタンバイオッケー】大崎甘奈,Sweet with S
大崎甘奈\【スタンバイオッケー】大崎甘奈\Sweet with S.csv,57,2014004010360,甘奈,我记得制作人吃的是便利店的饭团吧,大崎甘奈,【スタンバイオッケー】大崎甘奈,Sweet with S
大崎甘奈\【スタンバイオッケー】大崎甘奈\Sweet with S.csv,58,2014004010370,甘奈,果然，不好好吃饭可不行呢,大崎甘奈,【スタンバイオッケー】大崎甘奈,Sweet with S
大崎甘奈\【スタンバイオッケー】大崎甘奈\Sweet with S.csv,60,2014004010380,甘奈,哇，果然相当有分量呢～！,大崎甘奈,【スタンバイオッケー】大崎甘奈,Sweet with S
大崎甘奈\【スタンバイオッケー】大崎甘奈\Sweet with S.csv,62,2014004010390,甘奈,"嘿～
狼吞虎咽的气势呢",大崎甘奈,【スタンバイオッケー】大崎甘奈,Sweet with S
大崎甘奈\【スタンバイオッケー】大崎甘奈\Sweet with S.csv,63,2014004010400,甘奈,"甘奈，看男人大口吃饭也就见过爸爸那样
所以感觉很新鲜呢",大崎甘奈,【スタンバイオッケー】大崎甘奈,Sweet with S
大崎甘奈\【スタンバイオッケー】大崎甘奈\Sweet with S.csv,64,2014004010410,甘奈,总觉得有点在意呢☆,大崎甘奈,【スタンバイオッケー】大崎甘奈,Sweet with S
大崎甘奈\【スタンバイオッケー】大崎甘奈\Sweet with U.csv,2,2014004110010,甘奈,制作人，今天也辛苦了☆,大崎甘奈,【スタンバイオッケー】大崎甘奈,Sweet with U
大崎甘奈\【スタンバイオッケー】大崎甘奈\Sweet with U.csv,4,2014004110020,甘奈,"甘奈完全没问题
而且还有制作人在呢☆",大崎甘奈,【スタンバイオッケー】大崎甘奈,Sweet with U
大崎甘奈\【スタンバイオッケー】大崎甘奈\Sweet with U.csv,6,2014004110030,甘奈,嗯！　请多指教呢，制作人,大崎甘奈,【スタンバイオッケー】大崎甘奈,Sweet with U
大崎甘奈\【スタンバイオッケー】大崎甘奈\Sweet with U.csv,7,2014004110040,甘奈,"啊，对了，甘奈啊
现在有件很期待的事情呢☆",大崎甘奈,【スタンバイオッケー】大崎甘奈,Sweet with U
大崎甘奈\【スタンバイオッケー】大崎甘奈\Sweet with U.csv,8,2014004110050,甘奈,"作为偶像的活跃
能变得多乐在其中呢—这样",大崎甘奈,【スタンバイオッケー】大崎甘奈,Sweet with U
大崎甘奈\【スタンバイオッケー】大崎甘奈\Sweet with U.csv,9,2014004110060,甘奈,"一想到这个呢
我就能变得越来越努力呢！",大崎甘奈,【スタンバイオッケー】大崎甘奈,Sweet with U
大崎甘奈\【スタンバイオッケー】大崎甘奈\Sweet with U.csv,11,2014004110070,甘奈,"充实啊……确实是呢
可是，那肯定是因为我从大家那里获得了力量哦",大崎甘奈,【スタンバイオッケー】大崎甘奈,Sweet with U
大崎甘奈\【スタンバイオッケー】大崎甘奈\Sweet with U.csv,12,2014004110080,甘奈,"特别是，从制作人这里呢☆
……该点些什么了呢",大崎甘奈,【スタンバイオッケー】大崎甘奈,Sweet with U
大崎甘奈\【スタンバイオッケー】大崎甘奈\Sweet with U.csv,13,2014004110090,甘奈,给你，制作人，请看菜单,大崎甘奈,【スタンバイオッケー】大崎甘奈,Sweet with U
大崎甘奈\【スタンバイオッケー】大崎甘奈\Sweet with U.csv,15,2014004110100,甘奈,"诶嘿嘿，会很困扰呢☆
甘奈要点什么呢～",大崎甘奈,【スタンバイオッケー】大崎甘奈,Sweet with U
大崎甘奈\【スタンバイオッケー】大崎甘奈\Sweet with U.csv,16,2014004110110,甘奈,"啊，这个冰淇淋，是之前吃过的那个！
很好吃呢—",大崎甘奈,【スタンバイオッケー】大崎甘奈,Sweet with U
大崎甘奈\【スタンバイオッケー】大崎甘奈\Sweet with U.csv,17,2014004110120,甘奈,"机会难得
甘奈，就再点一次这个吧☆",大崎甘奈,【スタンバイオッケー】大崎甘奈,Sweet with U
大崎甘奈\【スタンバイオッケー】大崎甘奈\Sweet with U.csv,19,2014004110130,甘奈,"诶嘿嘿，要两个这个吧？
服务员—！　我要点单—",大崎甘奈,【スタンバイオッケー】大崎甘奈,Sweet with U
大崎甘奈\【スタンバイオッケー】大崎甘奈\Sweet with U.csv,20,2014004110140,甘奈,"可是啊，像这样，跟制作人一起
在家庭餐厅这么悠闲，好像好久没有过了呢",大崎甘奈,【スタンバイオッケー】大崎甘奈,Sweet with U
大崎甘奈\【スタンバイオッケー】大崎甘奈\Sweet with U.csv,21,2014004110150,甘奈,"在之前也经常有这种事呢
甘奈，有点开心呢",大崎甘奈,【スタンバイオッケー】大崎甘奈,Sweet with U
大崎甘奈\【スタンバイオッケー】大崎甘奈\Sweet with U.csv,24,2014004110160,甘奈,欸嘿，谢谢你,大崎甘奈,【スタンバイオッケー】大崎甘奈,Sweet with U
大崎甘奈\【スタンバイオッケー】大崎甘奈\Sweet with U.csv,25,2014004110170,甘奈,……那～个……,大崎甘奈,【スタンバイオッケー】大崎甘奈,Sweet with U
大崎甘奈\【スタンバイオッケー】大崎甘奈\Sweet with U.csv,26,2014004110180,甘奈,"制作人……
甘奈，有些话想对制作人说",大崎甘奈,【スタンバイオッケー】大崎甘奈,Sweet with U
大崎甘奈\【スタンバイオッケー】大崎甘奈\Sweet with U.csv,27,2014004110190,甘奈,"甘奈成为偶像的契机
最初跟制作人说了对吧？",大崎甘奈,【スタンバイオッケー】大崎甘奈,Sweet with U
大崎甘奈\【スタンバイオッケー】大崎甘奈\Sweet with U.csv,29,2014004110200,甘奈,"嗯。想让甜花闪闪发亮的想法
我现在也没有改变",大崎甘奈,【スタンバイオッケー】大崎甘奈,Sweet with U
大崎甘奈\【スタンバイオッケー】大崎甘奈\Sweet with U.csv,30,2014004110210,甘奈,可是呢……已经不止这个理由了,大崎甘奈,【スタンバイオッケー】大崎甘奈,Sweet with U
大崎甘奈\【スタンバイオッケー】大崎甘奈\Sweet with U.csv,31,2014004110220,甘奈,"甘奈自己想作为偶像，尽情去努力！
会变得想要更加闪闪发亮，去这么想了呢！",大崎甘奈,【スタンバイオッケー】大崎甘奈,Sweet with U
大崎甘奈\【スタンバイオッケー】大崎甘奈\Sweet with U.csv,33,2014004110230,甘奈,"……还有啊
甘奈，会去想",大崎甘奈,【スタンバイオッケー】大崎甘奈,Sweet with U
大崎甘奈\【スタンバイオッケー】大崎甘奈\Sweet with U.csv,34,2014004110240,甘奈,这个梦想和某人……,大崎甘奈,【スタンバイオッケー】大崎甘奈,Sweet with U
大崎甘奈\【スタンバイオッケー】大崎甘奈\Sweet with U.csv,35,2014004110250,甘奈,"而且，是和最明白自己的事情的人
一起追逐这个梦想……",大崎甘奈,【スタンバイオッケー】大崎甘奈,Sweet with U
大崎甘奈\【スタンバイオッケー】大崎甘奈\Sweet with U.csv,36,2014004110260,甘奈,非常，幸福呢……,大崎甘奈,【スタンバイオッケー】大崎甘奈,Sweet with U
大崎甘奈\【スタンバイオッケー】大崎甘奈\Sweet with U.csv,37,2014004110270,甘奈,"所以甘奈呢
……做偶像的时候，是最幸福的",大崎甘奈,【スタンバイオッケー】大崎甘奈,Sweet with U
大崎甘奈\【スタンバイオッケー】大崎甘奈\Sweet with U.csv,38,2014004110280,甘奈,"……重要的粉丝们能看着甘奈
能支持甘奈，能为甘奈感到高兴……",大崎甘奈,【スタンバイオッケー】大崎甘奈,Sweet with U
大崎甘奈\【スタンバイオッケー】大崎甘奈\Sweet with U.csv,39,2014004110290,甘奈,"和最喜欢的甜花和千雪一起
站在舞台上……",大崎甘奈,【スタンバイオッケー】大崎甘奈,Sweet with U
大崎甘奈\【スタンバイオッケー】大崎甘奈\Sweet with U.csv,40,2014004110300,甘奈,而且……更重要的……,大崎甘奈,【スタンバイオッケー】大崎甘奈,Sweet with U
大崎甘奈\【スタンバイオッケー】大崎甘奈\Sweet with U.csv,41,2014004110310,甘奈,……,大崎甘奈,【スタンバイオッケー】大崎甘奈,Sweet with U
大崎甘奈\【スタンバイオッケー】大崎甘奈\Sweet with U.csv,43,2014004110320,甘奈,……嗯！,大崎甘奈,【スタンバイオッケー】大崎甘奈,Sweet with U
大崎甘奈\【スタンバイオッケー】大崎甘奈\Sweet with U.csv,44,2014004110330,甘奈,"……制作人
从今以后也请制作人多多指教甘奈的事情",大崎甘奈,【スタンバイオッケー】大崎甘奈,Sweet with U
大崎甘奈\【スタンバイオッケー】大崎甘奈\Sweet with U.csv,45,2014004110340,甘奈,我绝对，要成为比现在更闪亮的偶像！,大崎甘奈,【スタンバイオッケー】大崎甘奈,Sweet with U
大崎甘奈\【デビルたちの夜会】大崎甘奈\今日だけはオッケー！！.csv,2,3014014030001,甘奈＆甜花,,大崎甘奈,【デビルたちの夜会】大崎甘奈,今日だけはオッケー！！
大崎甘奈\【デビルたちの夜会】大崎甘奈\今日だけはオッケー！！.csv,3,3014014030010,甘奈,,大崎甘奈,【デビルたちの夜会】大崎甘奈,今日だけはオッケー！！
大崎甘奈\【デビルたちの夜会】大崎甘奈\今日だけはオッケー！！.csv,5,3014014030030,甘奈,我马上过去~☆,大崎甘奈,【デビルたちの夜会】大崎甘奈,今日だけはオッケー！！
大崎甘奈\【デビルたちの夜会】大崎甘奈\今日だけはオッケー！！.csv,6,3014014030040,甘奈,千雪姐，欢迎光临！,大崎甘奈,【デビルたちの夜会】大崎甘奈,今日だけはオッケー！！
大崎甘奈\【デビルたちの夜会】大崎甘奈\今日だけはオッケー！！.csv,9,3014014030070,甘奈,我帮你把行李拿进去吧！,大崎甘奈,【デビルたちの夜会】大崎甘奈,今日だけはオッケー！！
大崎甘奈\【デビルたちの夜会】大崎甘奈\今日だけはオッケー！！.csv,11,3014014030090,甘奈,好的～,大崎甘奈,【デビルたちの夜会】大崎甘奈,今日だけはオッケー！！
大崎甘奈\【デビルたちの夜会】大崎甘奈\今日だけはオッケー！！.csv,14,3014014030120,甘奈,好了，OK～☆,大崎甘奈,【デビルたちの夜会】大崎甘奈,今日だけはオッケー！！
大崎甘奈\【デビルたちの夜会】大崎甘奈\今日だけはオッケー！！.csv,15,3014014030130,甘奈,甜花、千雪姐准备好了吗,大崎甘奈,【デビルたちの夜会】大崎甘奈,今日だけはオッケー！！
大崎甘奈\【デビルたちの夜会】大崎甘奈\今日だけはオッケー！！.csv,18,3014014030160,甘奈,诶嘿嘿，那么……,大崎甘奈,【デビルたちの夜会】大崎甘奈,今日だけはオッケー！！
大崎甘奈\【デビルたちの夜会】大崎甘奈\今日だけはオッケー！！.csv,19,3014014030170,甘奈,睡衣派对……,大崎甘奈,【デビルたちの夜会】大崎甘奈,今日だけはオッケー！！
大崎甘奈\【デビルたちの夜会】大崎甘奈\今日だけはオッケー！！.csv,21,3014014030180,甘奈,"那么甜花
把“那个东西”……",大崎甘奈,【デビルたちの夜会】大崎甘奈,今日だけはオッケー！！
大崎甘奈\【デビルたちの夜会】大崎甘奈\今日だけはオッケー！！.csv,24,3014014030210,甘奈,锵～是曲奇哦☆,大崎甘奈,【デビルたちの夜会】大崎甘奈,今日だけはオッケー！！
大崎甘奈\【デビルたちの夜会】大崎甘奈\今日だけはオッケー！！.csv,28,3014014030250,甘奈,不对！甜花也有在努力哦！,大崎甘奈,【デビルたちの夜会】大崎甘奈,今日だけはオッケー！！
大崎甘奈\【デビルたちの夜会】大崎甘奈\今日だけはオッケー！！.csv,31,3014014030280,甘奈,稍微地带着玩的心态做了☆,大崎甘奈,【デビルたちの夜会】大崎甘奈,今日だけはオッケー！！
大崎甘奈\【デビルたちの夜会】大崎甘奈\今日だけはオッケー！！.csv,34,3014014030301,甘奈＆甜花,,大崎甘奈,【デビルたちの夜会】大崎甘奈,今日だけはオッケー！！
大崎甘奈\【デビルたちの夜会】大崎甘奈\今日だけはオッケー！！.csv,36,3014014030311,甘奈＆甜花,,大崎甘奈,【デビルたちの夜会】大崎甘奈,今日だけはオッケー！！
大崎甘奈\【デビルたちの夜会】大崎甘奈\今日だけはオッケー！！.csv,39,3014014030340,甘奈,诶嘿嘿，能喜欢真是太好了，还有很多哦～,大崎甘奈,【デビルたちの夜会】大崎甘奈,今日だけはオッケー！！
大崎甘奈\【デビルたちの夜会】大崎甘奈\今日だけはオッケー！！.csv,44,3014014030390,甘奈,哇，谢谢！,大崎甘奈,【デビルたちの夜会】大崎甘奈,今日だけはオッケー！！
大崎甘奈\【デビルたちの夜会】大崎甘奈\今日だけはオッケー！！.csv,49,3014014030440,甘奈,"好～厉害！是天使次郎
这个是布丁？",大崎甘奈,【デビルたちの夜会】大崎甘奈,今日だけはオッケー！！
大崎甘奈\【デビルたちの夜会】大崎甘奈\今日だけはオッケー！！.csv,51,3014014030460,甘奈,看起来很好吃但是……,大崎甘奈,【デビルたちの夜会】大崎甘奈,今日だけはオッケー！！
大崎甘奈\【デビルたちの夜会】大崎甘奈\今日だけはオッケー！！.csv,52,3014014030470,甘奈,吃掉的话太可惜了……,大崎甘奈,【デビルたちの夜会】大崎甘奈,今日だけはオッケー！！
大崎甘奈\【デビルたちの夜会】大崎甘奈\今日だけはオッケー！！.csv,55,3014014030500,甘奈,"但是我们这边也买了很多零食
……量有点多了",大崎甘奈,【デビルたちの夜会】大崎甘奈,今日だけはオッケー！！
大崎甘奈\【デビルたちの夜会】大崎甘奈\今日だけはオッケー！！.csv,57,3014014030510,甘奈,能吃得完吗,大崎甘奈,【デビルたちの夜会】大崎甘奈,今日だけはオッケー！！
大崎甘奈\【デビルたちの夜会】大崎甘奈\今日だけはオッケー！！.csv,64,3014014030570,甘奈,,大崎甘奈,【デビルたちの夜会】大崎甘奈,今日だけはオッケー！！
大崎甘奈\【デビルたちの夜会】大崎甘奈\今日だけはオッケー！！.csv,68,3014014030610,甘奈,哇……！,大崎甘奈,【デビルたちの夜会】大崎甘奈,今日だけはオッケー！！
大崎甘奈\【デビルたちの夜会】大崎甘奈\今日だけはオッケー！！.csv,72,3014014030650,甘奈,,大崎甘奈,【デビルたちの夜会】大崎甘奈,今日だけはオッケー！！
大崎甘奈\【デビルたちの夜会】大崎甘奈\今日だけはオッケー！！.csv,73,3014014030660,甘奈,吃很多的零食……之类的……,大崎甘奈,【デビルたちの夜会】大崎甘奈,今日だけはオッケー！！
大崎甘奈\【デビルたちの夜会】大崎甘奈\今日だけはオッケー！！.csv,77,3014014030690,甘奈,开幕☆,大崎甘奈,【デビルたちの夜会】大崎甘奈,今日だけはオッケー！！
大崎甘奈\【デビルたちの夜会】大崎甘奈\今日はオッケー……！.csv,2,3014014010010,甘奈,嗯……！,大崎甘奈,【デビルたちの夜会】大崎甘奈,今日はオッケー……！
大崎甘奈\【デビルたちの夜会】大崎甘奈\今日はオッケー……！.csv,3,3014014010020,甘奈,（今天穿什么衣服好呢～）,大崎甘奈,【デビルたちの夜会】大崎甘奈,今日はオッケー……！
大崎甘奈\【デビルたちの夜会】大崎甘奈\今日はオッケー……！.csv,4,3014014010030,甘奈,（衬衣的话穿这个～……）,大崎甘奈,【デビルたちの夜会】大崎甘奈,今日はオッケー……！
大崎甘奈\【デビルたちの夜会】大崎甘奈\今日はオッケー……！.csv,5,3014014010040,甘奈,（从搭配上来说外套就选这个吧！）,大崎甘奈,【デビルたちの夜会】大崎甘奈,今日はオッケー……！
大崎甘奈\【デビルたちの夜会】大崎甘奈\今日はオッケー……！.csv,6,3014014010050,甘奈,诶嘿嘿、决定好了☆,大崎甘奈,【デビルたちの夜会】大崎甘奈,今日はオッケー……！
大崎甘奈\【デビルたちの夜会】大崎甘奈\今日はオッケー……！.csv,7,3014014010060,甘奈,"甜花……
早上好～……",大崎甘奈,【デビルたちの夜会】大崎甘奈,今日はオッケー……！
大崎甘奈\【デビルたちの夜会】大崎甘奈\今日はオッケー……！.csv,9,3014014010080,甘奈,,大崎甘奈,【デビルたちの夜会】大崎甘奈,今日はオッケー……！
大崎甘奈\【デビルたちの夜会】大崎甘奈\今日はオッケー……！.csv,10,3014014010090,甘奈,快到早饭时间了哦……,大崎甘奈,【デビルたちの夜会】大崎甘奈,今日はオッケー……！
大崎甘奈\【デビルたちの夜会】大崎甘奈\今日はオッケー……！.csv,12,3014014010110,甘奈,怎么办呢……,大崎甘奈,【デビルたちの夜会】大崎甘奈,今日はオッケー……！
大崎甘奈\【デビルたちの夜会】大崎甘奈\今日はオッケー……！.csv,13,3014014010120,甘奈,（甜花虽然也有早起的日子……）,大崎甘奈,【デビルたちの夜会】大崎甘奈,今日はオッケー……！
大崎甘奈\【デビルたちの夜会】大崎甘奈\今日はオッケー……！.csv,14,3014014010130,甘奈,（看起来是这么的幸福！真的不忍心叫她起来呢～！）,大崎甘奈,【デビルたちの夜会】大崎甘奈,今日はオッケー……！
大崎甘奈\【デビルたちの夜会】大崎甘奈\今日はオッケー……！.csv,16,3014014010150,甘奈,（……就让她继续睡吧）,大崎甘奈,【デビルたちの夜会】大崎甘奈,今日はオッケー……！
大崎甘奈\【デビルたちの夜会】大崎甘奈\今日はオッケー……！.csv,17,3014014010160,甘奈,爸爸，妈妈，早上好,大崎甘奈,【デビルたちの夜会】大崎甘奈,今日はオッケー……！
大崎甘奈\【デビルたちの夜会】大崎甘奈\今日はオッケー……！.csv,20,3014014010170,甘奈,"谢谢！
要甘奈来帮忙吗？准备喝的东西之类的",大崎甘奈,【デビルたちの夜会】大崎甘奈,今日はオッケー……！
大崎甘奈\【デビルたちの夜会】大崎甘奈\今日はオッケー……！.csv,22,3014014010180,甘奈,知道了～,大崎甘奈,【デビルたちの夜会】大崎甘奈,今日はオッケー……！
大崎甘奈\【デビルたちの夜会】大崎甘奈\今日はオッケー……！.csv,24,3014014010190,甘奈,嗯，睡得很香～,大崎甘奈,【デビルたちの夜会】大崎甘奈,今日はオッケー……！
大崎甘奈\【デビルたちの夜会】大崎甘奈\今日はオッケー……！.csv,26,3014014010200,甘奈,？今天有什么事吗？,大崎甘奈,【デビルたちの夜会】大崎甘奈,今日はオッケー……！
大崎甘奈\【デビルたちの夜会】大崎甘奈\今日はオッケー……！.csv,29,3014014010210,甘奈,让甘奈来做吧！,大崎甘奈,【デビルたちの夜会】大崎甘奈,今日はオッケー……！
大崎甘奈\【デビルたちの夜会】大崎甘奈\今日はオッケー……！.csv,31,3014014010220,甘奈,没关系哦～！,大崎甘奈,【デビルたちの夜会】大崎甘奈,今日はオッケー……！
大崎甘奈\【デビルたちの夜会】大崎甘奈\今日はオッケー……！.csv,33,3014014010230,甘奈,诶嘿嘿、交给我吧☆,大崎甘奈,【デビルたちの夜会】大崎甘奈,今日はオッケー……！
大崎甘奈\【デビルたちの夜会】大崎甘奈\今日はオッケー……！.csv,34,3014014010240,甘奈,（诶多……这个问题在上周上课时──）,大崎甘奈,【デビルたちの夜会】大崎甘奈,今日はオッケー……！
大崎甘奈\【デビルたちの夜会】大崎甘奈\今日はオッケー……！.csv,36,3014014010260,甘奈,！  早上好，甜花！,大崎甘奈,【デビルたちの夜会】大崎甘奈,今日はオッケー……！
大崎甘奈\【デビルたちの夜会】大崎甘奈\今日はオッケー……！.csv,39,3014014010290,甘奈,"嗯……
大概是刚过12点的样子",大崎甘奈,【デビルたちの夜会】大崎甘奈,今日はオッケー……！
大崎甘奈\【デビルたちの夜会】大崎甘奈\今日はオッケー……！.csv,42,3014014010320,甘奈,诶嘿嘿、是贪睡虫呢,大崎甘奈,【デビルたちの夜会】大崎甘奈,今日はオッケー……！
大崎甘奈\【デビルたちの夜会】大崎甘奈\今日はオッケー……！.csv,43,3014014010330,甘奈,"现在就给你准备早饭
等一下哦～",大崎甘奈,【デビルたちの夜会】大崎甘奈,今日はオッケー……！
大崎甘奈\【デビルたちの夜会】大崎甘奈\今日はオッケー……！.csv,46,3014014010360,甘奈,"嗯？
甜花，怎么了？",大崎甘奈,【デビルたちの夜会】大崎甘奈,今日はオッケー……！
大崎甘奈\【デビルたちの夜会】大崎甘奈\今日はオッケー……！.csv,49,3014014010390,甘奈,"啊，嗯！但是刚好学到比较好停止的地方
所以没关系哦～",大崎甘奈,【デビルたちの夜会】大崎甘奈,今日はオッケー……！
大崎甘奈\【デビルたちの夜会】大崎甘奈\今日はオッケー……！.csv,52,3014014010420,甘奈,,大崎甘奈,【デビルたちの夜会】大崎甘奈,今日はオッケー……！
大崎甘奈\【デビルたちの夜会】大崎甘奈\今日はオッケー……！.csv,55,3014014010450,甘奈,太好了！,大崎甘奈,【デビルたちの夜会】大崎甘奈,今日はオッケー……！
大崎甘奈\【デビルたちの夜会】大崎甘奈\今日はオッケー……！.csv,56,3014014010460,甘奈,"那么在那之前
要好好的吃早饭哦",大崎甘奈,【デビルたちの夜会】大崎甘奈,今日はオッケー……！
大崎甘奈\【デビルたちの夜会】大崎甘奈\今日はオッケー……！.csv,59,3014014010490,甘奈,请慢用！,大崎甘奈,【デビルたちの夜会】大崎甘奈,今日はオッケー……！
大崎甘奈\【デビルたちの夜会】大崎甘奈\今日はダメ……！.csv,3,3014014020020,甘奈,"甜花……
早上好～",大崎甘奈,【デビルたちの夜会】大崎甘奈,今日はダメ……！
大崎甘奈\【デビルたちの夜会】大崎甘奈\今日はダメ……！.csv,5,3014014020040,甘奈,,大崎甘奈,【デビルたちの夜会】大崎甘奈,今日はダメ……！
大崎甘奈\【デビルたちの夜会】大崎甘奈\今日はダメ……！.csv,6,3014014020050,甘奈,（诶嘿嘿……果然还是一脸幸福的样子）,大崎甘奈,【デビルたちの夜会】大崎甘奈,今日はダメ……！
大崎甘奈\【デビルたちの夜会】大崎甘奈\今日はダメ……！.csv,7,3014014020060,甘奈,（……但是，今天是……！）,大崎甘奈,【デビルたちの夜会】大崎甘奈,今日はダメ……！
大崎甘奈\【デビルたちの夜会】大崎甘奈\今日はダメ……！.csv,9,3014014020070,甘奈,真的吗！？,大崎甘奈,【デビルたちの夜会】大崎甘奈,今日はダメ……！
大崎甘奈\【デビルたちの夜会】大崎甘奈\今日はダメ……！.csv,11,3014014020080,甘奈,诶嘿嘿、太好了☆,大崎甘奈,【デビルたちの夜会】大崎甘奈,今日はダメ……！
大崎甘奈\【デビルたちの夜会】大崎甘奈\今日はダメ……！.csv,12,3014014020090,甘奈,"甜花酱……
要起床了哦～……",大崎甘奈,【デビルたちの夜会】大崎甘奈,今日はダメ……！
大崎甘奈\【デビルたちの夜会】大崎甘奈\今日はダメ……！.csv,14,3014014020110,甘奈,,大崎甘奈,【デビルたちの夜会】大崎甘奈,今日はダメ……！
大崎甘奈\【デビルたちの夜会】大崎甘奈\今日はダメ……！.csv,15,3014014020120,甘奈,（尽量温柔地……）,大崎甘奈,【デビルたちの夜会】大崎甘奈,今日はダメ……！
大崎甘奈\【デビルたちの夜会】大崎甘奈\今日はダメ……！.csv,16,3014014020130,甘奈,"……甜花……
已经是早上了哦～……",大崎甘奈,【デビルたちの夜会】大崎甘奈,今日はダメ……！
大崎甘奈\【デビルたちの夜会】大崎甘奈\今日はダメ……！.csv,17,3014014020140,甘奈,"不早点起床的话
是不行的哦～……",大崎甘奈,【デビルたちの夜会】大崎甘奈,今日はダメ……！
大崎甘奈\【デビルたちの夜会】大崎甘奈\今日はダメ……！.csv,19,3014014020160,甘奈,（还是叫不醒呢～……）,大崎甘奈,【デビルたちの夜会】大崎甘奈,今日はダメ……！
大崎甘奈\【デビルたちの夜会】大崎甘奈\今日はダメ……！.csv,21,3014014020180,甘奈,"……？
恶魔太郎……？",大崎甘奈,【デビルたちの夜会】大崎甘奈,今日はダメ……！
大崎甘奈\【デビルたちの夜会】大崎甘奈\今日はダメ……！.csv,22,3014014020190,甘奈,"对了……！甜花……！
起床了～……！",大崎甘奈,【デビルたちの夜会】大崎甘奈,今日はダメ……！
大崎甘奈\【デビルたちの夜会】大崎甘奈\今日はダメ……！.csv,23,3014014020200,甘奈,,大崎甘奈,【デビルたちの夜会】大崎甘奈,今日はダメ……！
大崎甘奈\【デビルたちの夜会】大崎甘奈\今日はダメ……！.csv,24,3014014020210,甘奈,恶魔太郎说他很寂寞哦～……！,大崎甘奈,【デビルたちの夜会】大崎甘奈,今日はダメ……！
大崎甘奈\【デビルたちの夜会】大崎甘奈\今日はダメ……！.csv,26,3014014020230,甘奈,,大崎甘奈,【デビルたちの夜会】大崎甘奈,今日はダメ……！
大崎甘奈\【デビルたちの夜会】大崎甘奈\今日はダメ……！.csv,27,3014014020240,甘奈,"他说，不起来的话～……
要闹变扭了～……！",大崎甘奈,【デビルたちの夜会】大崎甘奈,今日はダメ……！
大崎甘奈\【デビルたちの夜会】大崎甘奈\今日はダメ……！.csv,30,3014014020270,甘奈,早上好，甜花,大崎甘奈,【デビルたちの夜会】大崎甘奈,今日はダメ……！
大崎甘奈\【デビルたちの夜会】大崎甘奈\今日はダメ……！.csv,32,3014014020290,甘奈,10点左右了哦～,大崎甘奈,【デビルたちの夜会】大崎甘奈,今日はダメ……！
大崎甘奈\【デビルたちの夜会】大崎甘奈\今日はダメ……！.csv,34,3014014020310,甘奈,──STOP……！,大崎甘奈,【デビルたちの夜会】大崎甘奈,今日はダメ……！
大崎甘奈\【デビルたちの夜会】大崎甘奈\今日はダメ……！.csv,36,3014014020330,甘奈,今天是重要的日子吧～！,大崎甘奈,【デビルたちの夜会】大崎甘奈,今日はダメ……！
大崎甘奈\【デビルたちの夜会】大崎甘奈\今日はダメ……！.csv,43,3014014020390,甘奈,"甜花
要先买材料哦～",大崎甘奈,【デビルたちの夜会】大崎甘奈,今日はダメ……！
大崎甘奈\【デビルたちの夜会】大崎甘奈\今日はダメ……！.csv,46,3014014020420,甘奈,千雪姐喜欢的曲奇☆,大崎甘奈,【デビルたちの夜会】大崎甘奈,今日はダメ……！
大崎甘奈\【デビルたちの夜会】大崎甘奈\今日はダメ……！.csv,49,3014014020450,甘奈,"诶嘿嘿
那就做多一点吧～",大崎甘奈,【デビルたちの夜会】大崎甘奈,今日はダメ……！
大崎甘奈\【レッツ☆忍び足！】大崎甘奈\我らこそ……！.csv,2,3014013020010,甘奈,,大崎甘奈,【レッツ☆忍び足！】大崎甘奈,我らこそ……！
大崎甘奈\【レッツ☆忍び足！】大崎甘奈\我らこそ……！.csv,8,3014013020051,甘奈＆千雪,甜花！,大崎甘奈,【レッツ☆忍び足！】大崎甘奈,我らこそ……！
大崎甘奈\【レッツ☆忍び足！】大崎甘奈\我らこそ……！.csv,12,3014013020080,甘奈,"嗯！
甜花是最重要的……！",大崎甘奈,【レッツ☆忍び足！】大崎甘奈,我らこそ……！
大崎甘奈\【レッツ☆忍び足！】大崎甘奈\我らこそ……！.csv,13,3014013020090,甘奈,投降吧！,大崎甘奈,【レッツ☆忍び足！】大崎甘奈,我らこそ……！
大崎甘奈\【レッツ☆忍び足！】大崎甘奈\我らこそ……！.csv,16,3014013020110,甘奈,甜花，没事吗？,大崎甘奈,【レッツ☆忍び足！】大崎甘奈,我らこそ……！
大崎甘奈\【レッツ☆忍び足！】大崎甘奈\我らこそ……！.csv,18,3014013020130,甘奈,"竟然让甜花碰上这么过分的事～！
绝不原谅～！",大崎甘奈,【レッツ☆忍び足！】大崎甘奈,我らこそ……！
大崎甘奈\【レッツ☆忍び足！】大崎甘奈\我らこそ……！.csv,21,3014013020160,甘奈,甘奈想再试一次！,大崎甘奈,【レッツ☆忍び足！】大崎甘奈,我らこそ……！
大崎甘奈\【レッツ☆忍び足！】大崎甘奈\我らこそ……！.csv,22,3014013020170,甘奈,"更加了解忍者之后，
再挑战一次吧！",大崎甘奈,【レッツ☆忍び足！】大崎甘奈,我らこそ……！
大崎甘奈\【レッツ☆忍び足！】大崎甘奈\我らこそ……！.csv,25,3014013020200,甘奈,"“忍者无论何时都是影子
移动也要以静寂为宗旨”",大崎甘奈,【レッツ☆忍び足！】大崎甘奈,我らこそ……！
大崎甘奈\【レッツ☆忍び足！】大崎甘奈\我らこそ……！.csv,27,3014013020220,甘奈,蹑手蹑脚……,大崎甘奈,【レッツ☆忍び足！】大崎甘奈,我らこそ……！
大崎甘奈\【レッツ☆忍び足！】大崎甘奈\我らこそ……！.csv,30,3014013020250,甘奈,甜花！,大崎甘奈,【レッツ☆忍び足！】大崎甘奈,我らこそ……！
大崎甘奈\【レッツ☆忍び足！】大崎甘奈\我らこそ……！.csv,32,3014013020270,甘奈,太好了～,大崎甘奈,【レッツ☆忍び足！】大崎甘奈,我らこそ……！
大崎甘奈\【レッツ☆忍び足！】大崎甘奈\我らこそ……！.csv,34,3014013020290,甘奈,,大崎甘奈,【レッツ☆忍び足！】大崎甘奈,我らこそ……！
大崎甘奈\【レッツ☆忍び足！】大崎甘奈\我らこそ……！.csv,36,3014013020310,甘奈,啊……！,大崎甘奈,【レッツ☆忍び足！】大崎甘奈,我らこそ……！
大崎甘奈\【レッツ☆忍び足！】大崎甘奈\我らこそ……！.csv,38,3014013020330,甘奈,啊——，又没中～,大崎甘奈,【レッツ☆忍び足！】大崎甘奈,我らこそ……！
大崎甘奈\【レッツ☆忍び足！】大崎甘奈\我らこそ……！.csv,41,3014013020360,甘奈,,大崎甘奈,【レッツ☆忍び足！】大崎甘奈,我らこそ……！
大崎甘奈\【レッツ☆忍び足！】大崎甘奈\我らこそ……！.csv,44,3014013020390,甘奈,知道了，我试试！,大崎甘奈,【レッツ☆忍び足！】大崎甘奈,我らこそ……！
大崎甘奈\【レッツ☆忍び足！】大崎甘奈\我らこそ……！.csv,45,3014013020400,甘奈,！中了！,大崎甘奈,【レッツ☆忍び足！】大崎甘奈,我らこそ……！
大崎甘奈\【レッツ☆忍び足！】大崎甘奈\我らこそ……！.csv,47,3014013020410,甘奈,诶嘿嘿，都是甜花的功劳～,大崎甘奈,【レッツ☆忍び足！】大崎甘奈,我らこそ……！
大崎甘奈\【レッツ☆忍び足！】大崎甘奈\我らこそ……！.csv,49,3014013020430,甘奈,明明是忍者却可以自报家门吗？,大崎甘奈,【レッツ☆忍び足！】大崎甘奈,我らこそ……！
大崎甘奈\【レッツ☆忍び足！】大崎甘奈\我らこそ……！.csv,53,3014013020470,甘奈,稍微考虑下吧！,大崎甘奈,【レッツ☆忍び足！】大崎甘奈,我らこそ……！
大崎甘奈\【レッツ☆忍び足！】大崎甘奈\我らこそ……！.csv,54,3014013020480,甘奈,“在下正是……深红忍者……甘奈！”,大崎甘奈,【レッツ☆忍び足！】大崎甘奈,我らこそ……！
大崎甘奈\【レッツ☆忍び足！】大崎甘奈\抜き足・差し足・起こさない…….csv,3,3014013030010,甘奈,（才不会没事呢～！）,大崎甘奈,【レッツ☆忍び足！】大崎甘奈,抜き足・差し足・起こさない……
大崎甘奈\【レッツ☆忍び足！】大崎甘奈\抜き足・差し足・起こさない…….csv,4,3014013030020,甘奈,（明明早上天气还很好呢……）,大崎甘奈,【レッツ☆忍び足！】大崎甘奈,抜き足・差し足・起こさない……
大崎甘奈\【レッツ☆忍び足！】大崎甘奈\抜き足・差し足・起こさない…….csv,6,3014013030030,甘奈,（是不是用投币式洗衣机来烘干比较好啊……）,大崎甘奈,【レッツ☆忍び足！】大崎甘奈,抜き足・差し足・起こさない……
大崎甘奈\【レッツ☆忍び足！】大崎甘奈\抜き足・差し足・起こさない…….csv,7,3014013030040,甘奈,（甘奈的被子……）,大崎甘奈,【レッツ☆忍び足！】大崎甘奈,抜き足・差し足・起こさない……
大崎甘奈\【レッツ☆忍び足！】大崎甘奈\抜き足・差し足・起こさない…….csv,9,3014013030060,甘奈,"啊！谢谢！
已经没事了～！",大崎甘奈,【レッツ☆忍び足！】大崎甘奈,抜き足・差し足・起こさない……
大崎甘奈\【レッツ☆忍び足！】大崎甘奈\抜き足・差し足・起こさない…….csv,11,3014013030080,甘奈,,大崎甘奈,【レッツ☆忍び足！】大崎甘奈,抜き足・差し足・起こさない……
大崎甘奈\【レッツ☆忍び足！】大崎甘奈\抜き足・差し足・起こさない…….csv,12,3014013030090,甘奈,甜花……,大崎甘奈,【レッツ☆忍び足！】大崎甘奈,抜き足・差し足・起こさない……
大崎甘奈\【レッツ☆忍び足！】大崎甘奈\抜き足・差し足・起こさない…….csv,14,3014013030110,甘奈,……只是叫叫你～……,大崎甘奈,【レッツ☆忍び足！】大崎甘奈,抜き足・差し足・起こさない……
大崎甘奈\【レッツ☆忍び足！】大崎甘奈\抜き足・差し足・起こさない…….csv,16,3014013030130,甘奈,诶嘿嘿,大崎甘奈,【レッツ☆忍び足！】大崎甘奈,抜き足・差し足・起こさない……
大崎甘奈\【レッツ☆忍び足！】大崎甘奈\抜き足・差し足・起こさない…….csv,19,3014013030160,甘奈,？为什么？,大崎甘奈,【レッツ☆忍び足！】大崎甘奈,抜き足・差し足・起こさない……
大崎甘奈\【レッツ☆忍び足！】大崎甘奈\抜き足・差し足・起こさない…….csv,21,3014013030180,甘奈,没有的事～,大崎甘奈,【レッツ☆忍び足！】大崎甘奈,抜き足・差し足・起こさない……
大崎甘奈\【レッツ☆忍び足！】大崎甘奈\抜き足・差し足・起こさない…….csv,22,3014013030190,甘奈,"啊，不过……
可能是有点睡不着",大崎甘奈,【レッツ☆忍び足！】大崎甘奈,抜き足・差し足・起こさない……
大崎甘奈\【レッツ☆忍び足！】大崎甘奈\抜き足・差し足・起こさない…….csv,24,3014013030210,甘奈,因为旁边有最喜欢的人在啊,大崎甘奈,【レッツ☆忍び足！】大崎甘奈,抜き足・差し足・起こさない……
大崎甘奈\【レッツ☆忍び足！】大崎甘奈\抜き足・差し足・起こさない…….csv,27,3014013030240,甘奈,"诶嘿嘿
这段时间，两人都可能会睡过头呢",大崎甘奈,【レッツ☆忍び足！】大崎甘奈,抜き足・差し足・起こさない……
大崎甘奈\【レッツ☆忍び足！】大崎甘奈\抜き足・差し足・起こさない…….csv,30,3014013030270,甘奈,"那么……
要让它快点干呢～",大崎甘奈,【レッツ☆忍び足！】大崎甘奈,抜き足・差し足・起こさない……
大崎甘奈\【レッツ☆忍び足！】大崎甘奈\抜き足・差し足・起こさない…….csv,33,3014013030300,甘奈,,大崎甘奈,【レッツ☆忍び足！】大崎甘奈,抜き足・差し足・起こさない……
大崎甘奈\【レッツ☆忍び足！】大崎甘奈\抜き足・差し足・起こさない…….csv,34,3014013030310,甘奈,晚安……甜花……,大崎甘奈,【レッツ☆忍び足！】大崎甘奈,抜き足・差し足・起こさない……
大崎甘奈\【レッツ☆忍び足！】大崎甘奈\抜き足・差し足・起こさない…….csv,35,3014013030320,甘奈,…………,大崎甘奈,【レッツ☆忍び足！】大崎甘奈,抜き足・差し足・起こさない……
大崎甘奈\【レッツ☆忍び足！】大崎甘奈\抜き足・差し足・起こさない…….csv,36,3014013030330,甘奈,（嘴巴干了……）,大崎甘奈,【レッツ☆忍び足！】大崎甘奈,抜き足・差し足・起こさない……
大崎甘奈\【レッツ☆忍び足！】大崎甘奈\抜き足・差し足・起こさない…….csv,38,3014013030350,甘奈,（不能把甜花弄醒……）,大崎甘奈,【レッツ☆忍び足！】大崎甘奈,抜き足・差し足・起こさない……
大崎甘奈\【レッツ☆忍び足！】大崎甘奈\抜き足・差し足・起こさない…….csv,39,3014013030360,甘奈,（慢慢地……）,大崎甘奈,【レッツ☆忍び足！】大崎甘奈,抜き足・差し足・起こさない……
大崎甘奈\【レッツ☆忍び足！】大崎甘奈\抜き足・差し足・起こさない…….csv,40,3014013030370,甘奈,"（啊，对了……！
这种时候……）",大崎甘奈,【レッツ☆忍び足！】大崎甘奈,抜き足・差し足・起こさない……
大崎甘奈\【レッツ☆忍び足！】大崎甘奈\抜き足・差し足・起こさない…….csv,41,3014013030380,甘奈,蹑手蹑脚……,大崎甘奈,【レッツ☆忍び足！】大崎甘奈,抜き足・差し足・起こさない……
大崎甘奈\【レッツ☆忍び足！】大崎甘奈\抜き足・差し足・起こさない…….csv,42,3014013030390,甘奈,蹑手蹑脚……,大崎甘奈,【レッツ☆忍び足！】大崎甘奈,抜き足・差し足・起こさない……
大崎甘奈\【レッツ☆忍び足！】大崎甘奈\抜き足・差し足・起こさない…….csv,43,3014013030400,甘奈,蹑手蹑脚……,大崎甘奈,【レッツ☆忍び足！】大崎甘奈,抜き足・差し足・起こさない……
大崎甘奈\【レッツ☆忍び足！】大崎甘奈\抜き足・差し足・起こさない…….csv,44,3014013030410,甘奈,诶嘿嘿，成功☆,大崎甘奈,【レッツ☆忍び足！】大崎甘奈,抜き足・差し足・起こさない……
大崎甘奈\【レッツ☆忍び足！】大崎甘奈\抜き足・差し足・起こさない…….csv,45,3014013030420,甘奈,,大崎甘奈,【レッツ☆忍び足！】大崎甘奈,抜き足・差し足・起こさない……
大崎甘奈\【レッツ☆忍び足！】大崎甘奈\抜き足・差し足・起こさない…….csv,46,3014013030430,甘奈,……呼～……,大崎甘奈,【レッツ☆忍び足！】大崎甘奈,抜き足・差し足・起こさない……
大崎甘奈\【レッツ☆忍び足！】大崎甘奈\抜き足・差し足・起こさない…….csv,47,3014013030440,甘奈,（回去的时候也要注意……）,大崎甘奈,【レッツ☆忍び足！】大崎甘奈,抜き足・差し足・起こさない……
大崎甘奈\【レッツ☆忍び足！】大崎甘奈\抜き足・差し足・起こさない…….csv,48,3014013030450,甘奈,蹑手蹑脚……！,大崎甘奈,【レッツ☆忍び足！】大崎甘奈,抜き足・差し足・起こさない……
大崎甘奈\【レッツ☆忍び足！】大崎甘奈\抜き足・差し足・起こさない…….csv,51,3014013030480,甘奈,,大崎甘奈,【レッツ☆忍び足！】大崎甘奈,抜き足・差し足・起こさない……
大崎甘奈\【レッツ☆忍び足！】大崎甘奈\抜き足・差し足・起こさない…….csv,59,3014013030560,甘奈,嗯……,大崎甘奈,【レッツ☆忍び足！】大崎甘奈,抜き足・差し足・起こさない……
大崎甘奈\【レッツ☆忍び足！】大崎甘奈\抜き足・差し足・起こさない…….csv,60,3014013030570,甘奈,刚刚……有什么……,大崎甘奈,【レッツ☆忍び足！】大崎甘奈,抜き足・差し足・起こさない……
大崎甘奈\【レッツ☆忍び足！】大崎甘奈\抜き足・差し足・起こさない…….csv,62,3014013030590,甘奈,甜……花……？,大崎甘奈,【レッツ☆忍び足！】大崎甘奈,抜き足・差し足・起こさない……
大崎甘奈\【レッツ☆忍び足！】大崎甘奈\抜き足・差し足・起こさない…….csv,63,3014013030600,甘奈,！甜花！,大崎甘奈,【レッツ☆忍び足！】大崎甘奈,抜き足・差し足・起こさない……
大崎甘奈\【レッツ☆忍び足！】大崎甘奈\抜き足・差し足・起こさない…….csv,64,3014013030610,甘奈,没事吗！？发生什么了！？,大崎甘奈,【レッツ☆忍び足！】大崎甘奈,抜き足・差し足・起こさない……
大崎甘奈\【レッツ☆忍び足！】大崎甘奈\抜き足・差し足・起こさない…….csv,66,3014013030630,甘奈,有没有痛的地方……？,大崎甘奈,【レッツ☆忍び足！】大崎甘奈,抜き足・差し足・起こさない……
大崎甘奈\【レッツ☆忍び足！】大崎甘奈\抜き足・差し足・起こさない…….csv,68,3014013030650,甘奈,"太好了……！
不过，为什么……？",大崎甘奈,【レッツ☆忍び足！】大崎甘奈,抜き足・差し足・起こさない……
大崎甘奈\【レッツ☆忍び足！】大崎甘奈\抜き足・差し足・起こさない…….csv,70,3014013030670,甘奈,甜花……,大崎甘奈,【レッツ☆忍び足！】大崎甘奈,抜き足・差し足・起こさない……
大崎甘奈\【レッツ☆忍び足！】大崎甘奈\抜き足・差し足・起こさない…….csv,73,3014013030700,甘奈,……要甘奈去拿吗……？,大崎甘奈,【レッツ☆忍び足！】大崎甘奈,抜き足・差し足・起こさない……
大崎甘奈\【レッツ☆忍び足！】大崎甘奈\抜き足・差し足・起こさない…….csv,75,3014013030720,甘奈,……那么，甘奈也一起去……！,大崎甘奈,【レッツ☆忍び足！】大崎甘奈,抜き足・差し足・起こさない……
大崎甘奈\【レッツ☆忍び足！】大崎甘奈\抜き足・差し足・起こさない…….csv,78,3014013030741,甘奈＆甜花,,大崎甘奈,【レッツ☆忍び足！】大崎甘奈,抜き足・差し足・起こさない……
大崎甘奈\【レッツ☆忍び足！】大崎甘奈\抜き足・差し足・起こさない…….csv,79,3014013030750,甘奈,蹑手蹑脚……,大崎甘奈,【レッツ☆忍び足！】大崎甘奈,抜き足・差し足・起こさない……
大崎甘奈\【レッツ☆忍び足！】大崎甘奈\抜き足・差し足・起こさない…….csv,81,3014013030761,甘奈＆甜花,蹑手蹑脚……,大崎甘奈,【レッツ☆忍び足！】大崎甘奈,抜き足・差し足・起こさない……
大崎甘奈\【レッツ☆忍び足！】大崎甘奈\臨・兵・闘・者・あとなあに？.csv,2,3014013010010,甘奈,,大崎甘奈,【レッツ☆忍び足！】大崎甘奈,臨・兵・闘・者・あとなあに？
大崎甘奈\【レッツ☆忍び足！】大崎甘奈\臨・兵・闘・者・あとなあに？.csv,3,3014013010020,甘奈,"（“江户忍者村”优待券……！
诶嘿嘿，拿到好东西了～☆）",大崎甘奈,【レッツ☆忍び足！】大崎甘奈,臨・兵・闘・者・あとなあに？
大崎甘奈\【レッツ☆忍び足！】大崎甘奈\臨・兵・闘・者・あとなあに？.csv,5,3014013010030,甘奈,（这次的休息……和大家一起去忍者体验～！）,大崎甘奈,【レッツ☆忍び足！】大崎甘奈,臨・兵・闘・者・あとなあに？
大崎甘奈\【レッツ☆忍び足！】大崎甘奈\臨・兵・闘・者・あとなあに？.csv,12,3014013010100,甘奈,我回来了～,大崎甘奈,【レッツ☆忍び足！】大崎甘奈,臨・兵・闘・者・あとなあに？
大崎甘奈\【レッツ☆忍び足！】大崎甘奈\臨・兵・闘・者・あとなあに？.csv,14,3014013010120,甘奈,诶嘿嘿，我回来了～！,大崎甘奈,【レッツ☆忍び足！】大崎甘奈,臨・兵・闘・者・あとなあに？
大崎甘奈\【レッツ☆忍び足！】大崎甘奈\臨・兵・闘・者・あとなあに？.csv,15,3014013010130,甘奈,啊，这个是新游戏？,大崎甘奈,【レッツ☆忍び足！】大崎甘奈,臨・兵・闘・者・あとなあに？
大崎甘奈\【レッツ☆忍び足！】大崎甘奈\臨・兵・闘・者・あとなあに？.csv,18,3014013010160,甘奈,"这样啊！
诶嘿嘿，看上去挺难的呢～",大崎甘奈,【レッツ☆忍び足！】大崎甘奈,臨・兵・闘・者・あとなあに？
大崎甘奈\【レッツ☆忍び足！】大崎甘奈\臨・兵・闘・者・あとなあに？.csv,23,3014013010210,甘奈,"啊，对，对不起！
都是因为在和甘奈说话……",大崎甘奈,【レッツ☆忍び足！】大崎甘奈,臨・兵・闘・者・あとなあに？
大崎甘奈\【レッツ☆忍び足！】大崎甘奈\臨・兵・闘・者・あとなあに？.csv,26,3014013010240,甘奈,是吗……,大崎甘奈,【レッツ☆忍び足！】大崎甘奈,臨・兵・闘・者・あとなあに？
大崎甘奈\【レッツ☆忍び足！】大崎甘奈\臨・兵・闘・者・あとなあに？.csv,27,3014013010250,甘奈,"甜花……！
甘奈也许能让甜花赢呢！",大崎甘奈,【レッツ☆忍び足！】大崎甘奈,臨・兵・闘・者・あとなあに？
大崎甘奈\【レッツ☆忍び足！】大崎甘奈\臨・兵・闘・者・あとなあに？.csv,29,3014013010270,甘奈,"诶嘿嘿，那就是～
甘奈我们变成忍者就好了啊！",大崎甘奈,【レッツ☆忍び足！】大崎甘奈,臨・兵・闘・者・あとなあに？
大崎甘奈\【レッツ☆忍び足！】大崎甘奈\臨・兵・闘・者・あとなあに？.csv,30,3014013010280,甘奈,其实啊～,大崎甘奈,【レッツ☆忍び足！】大崎甘奈,臨・兵・闘・者・あとなあに？
大崎甘奈\【レッツ☆忍び足！】大崎甘奈\臨・兵・闘・者・あとなあに？.csv,31,3014013010290,甘奈,——对吧！很开心吧～！,大崎甘奈,【レッツ☆忍び足！】大崎甘奈,臨・兵・闘・者・あとなあに？
大崎甘奈\【レッツ☆忍び足！】大崎甘奈\臨・兵・闘・者・あとなあに？.csv,33,3014013010310,甘奈,甜花？,大崎甘奈,【レッツ☆忍び足！】大崎甘奈,臨・兵・闘・者・あとなあに？
大崎甘奈\【レッツ☆忍び足！】大崎甘奈\臨・兵・闘・者・あとなあに？.csv,35,3014013010330,甘奈,诶～，一起去嘛～！,大崎甘奈,【レッツ☆忍び足！】大崎甘奈,臨・兵・闘・者・あとなあに？
大崎甘奈\【レッツ☆忍び足！】大崎甘奈\臨・兵・闘・者・あとなあに？.csv,37,3014013010350,甘奈,也许能知道忍者的精髓呢～？,大崎甘奈,【レッツ☆忍び足！】大崎甘奈,臨・兵・闘・者・あとなあに？
大崎甘奈\【レッツ☆忍び足！】大崎甘奈\臨・兵・闘・者・あとなあに？.csv,38,3014013010360,甘奈,"比如～
像临・兵・斗・者……那样的——",大崎甘奈,【レッツ☆忍び足！】大崎甘奈,臨・兵・闘・者・あとなあに？
大崎甘奈\【レッツ☆忍び足！】大崎甘奈\臨・兵・闘・者・あとなあに？.csv,41,3014013010390,甘奈,,大崎甘奈,【レッツ☆忍び足！】大崎甘奈,臨・兵・闘・者・あとなあに？
大崎甘奈\【レッツ☆忍び足！】大崎甘奈\臨・兵・闘・者・あとなあに？.csv,43,3014013010410,甘奈,你知道啊……！,大崎甘奈,【レッツ☆忍び足！】大崎甘奈,臨・兵・闘・者・あとなあに？
大崎甘奈\【レッツ☆忍び足！】大崎甘奈\臨・兵・闘・者・あとなあに？.csv,44,3014013010420,甘奈,那么，关于忍者的流派,大崎甘奈,【レッツ☆忍び足！】大崎甘奈,臨・兵・闘・者・あとなあに？
大崎甘奈\【レッツ☆忍び足！】大崎甘奈\臨・兵・闘・者・あとなあに？.csv,46,3014013010440,甘奈,"真是的～！
甜花好了解忍者的事啊～！",大崎甘奈,【レッツ☆忍び足！】大崎甘奈,臨・兵・闘・者・あとなあに？
大崎甘奈\【レッツ☆忍び足！】大崎甘奈\臨・兵・闘・者・あとなあに？.csv,49,3014013010470,甘奈,,大崎甘奈,【レッツ☆忍び足！】大崎甘奈,臨・兵・闘・者・あとなあに？
大崎甘奈\【レッツ☆忍び足！】大崎甘奈\臨・兵・闘・者・あとなあに？.csv,51,3014013010490,甘奈,甜花！,大崎甘奈,【レッツ☆忍び足！】大崎甘奈,臨・兵・闘・者・あとなあに？
大崎甘奈\【レッツ☆忍び足！】大崎甘奈\臨・兵・闘・者・あとなあに？.csv,53,3014013010510,甘奈,"没事！
甘奈来背甜花☆",大崎甘奈,【レッツ☆忍び足！】大崎甘奈,臨・兵・闘・者・あとなあに？
大崎甘奈\【似合うかな？】大崎甘奈\choice to ….csv,4,2014003010010,甘奈,"啊，制作人
想稍微看下杂志",大崎甘奈,【似合うかな？】大崎甘奈,choice to …
大崎甘奈\【似合うかな？】大崎甘奈\choice to ….csv,6,2014003010020,甘奈,"嗯，对哦
事务所里有很多杂志呢！",大崎甘奈,【似合うかな？】大崎甘奈,choice to …
大崎甘奈\【似合うかな？】大崎甘奈\choice to ….csv,7,2014003010030,甘奈,"有很多想看的
不知不觉就留下来看杂志了☆",大崎甘奈,【似合うかな？】大崎甘奈,choice to …
大崎甘奈\【似合うかな？】大崎甘奈\choice to ….csv,8,2014003010040,甘奈,不管哪一件都很可爱啊～,大崎甘奈,【似合うかな？】大崎甘奈,choice to …
大崎甘奈\【似合うかな？】大崎甘奈\choice to ….csv,10,2014003010050,甘奈,"是啊☆
喜欢去思考什么样的搭配比较合适",大崎甘奈,【似合うかな？】大崎甘奈,choice to …
大崎甘奈\【似合うかな？】大崎甘奈\choice to ….csv,11,2014003010060,甘奈,"啊，这眼纱真可爱
这件牛仔短裙也很棒！",大崎甘奈,【似合うかな？】大崎甘奈,choice to …
大崎甘奈\【似合うかな？】大崎甘奈\choice to ….csv,13,2014003010070,甘奈,呐，制作人，你看这件！,大崎甘奈,【似合うかな？】大崎甘奈,choice to …
大崎甘奈\【似合うかな？】大崎甘奈\choice to ….csv,15,2014003010080,甘奈,"看，这件罩衫！
上面的丝带和蕾丝感觉很棒吧？",大崎甘奈,【似合うかな？】大崎甘奈,choice to …
大崎甘奈\【似合うかな？】大崎甘奈\choice to ….csv,17,2014003010090,甘奈,"对吧！这件搭配上灰色夹克……
下装就选热裤怎么样呢～",大崎甘奈,【似合うかな？】大崎甘奈,choice to …
大崎甘奈\【似合うかな？】大崎甘奈\choice to ….csv,18,2014003010100,甘奈,"但是，果然还是裙子比较好吧！
制作人喜欢哪样？",大崎甘奈,【似合うかな？】大崎甘奈,choice to …
大崎甘奈\【似合うかな？】大崎甘奈\choice to ….csv,20,2014003010110,甘奈,"这样啊，制作人都喜欢啊～
啊，那这件紧身裙呢？",大崎甘奈,【似合うかな？】大崎甘奈,choice to …
大崎甘奈\【似合うかな？】大崎甘奈\choice to ….csv,21,2014003010120,甘奈,偶尔尝试一下这种成熟的风格也不错吧？,大崎甘奈,【似合うかな？】大崎甘奈,choice to …
大崎甘奈\【似合うかな？】大崎甘奈\choice to ….csv,23,2014003010130,甘奈,"哦！制作人这么说的话
这个路线也多留意下吧！",大崎甘奈,【似合うかな？】大崎甘奈,choice to …
大崎甘奈\【似合うかな？】大崎甘奈\choice to ….csv,24,2014003010140,甘奈,还有～……,大崎甘奈,【似合うかな？】大崎甘奈,choice to …
大崎甘奈\【似合うかな？】大崎甘奈\choice to ….csv,25,2014003010150,甘奈,"啊，制作人
这个搭配怎么样？超级可爱对吧？",大崎甘奈,【似合うかな？】大崎甘奈,choice to …
大崎甘奈\【似合うかな？】大崎甘奈\choice to ….csv,27,2014003010160,甘奈,诶，适合甘奈！？,大崎甘奈,【似合うかな？】大崎甘奈,choice to …
大崎甘奈\【似合うかな？】大崎甘奈\choice to ….csv,29,2014003010170,甘奈,"诶嘿嘿，不对哦～
刚才不是在说甘奈，而是在问适不适合甜花哦☆",大崎甘奈,【似合うかな？】大崎甘奈,choice to …
大崎甘奈\【似合うかな？】大崎甘奈\choice to ….csv,32,2014003010180,甘奈,"也是呢☆
甜花穿上去的话绝对会很可爱的～",大崎甘奈,【似合うかな？】大崎甘奈,choice to …
大崎甘奈\【似合うかな？】大崎甘奈\choice to ….csv,33,2014003010190,甘奈,甜花不管穿什么都很合适☆,大崎甘奈,【似合うかな？】大崎甘奈,choice to …
大崎甘奈\【似合うかな？】大崎甘奈\choice to ….csv,35,2014003010200,甘奈,"诶嘿嘿，是啊
一不留神脑袋里想的就都是甜花的事了",大崎甘奈,【似合うかな？】大崎甘奈,choice to …
大崎甘奈\【似合うかな？】大崎甘奈\choice to ….csv,36,2014003010210,甘奈,所以刚才有点吃惊,大崎甘奈,【似合うかな？】大崎甘奈,choice to …
大崎甘奈\【似合うかな？】大崎甘奈\choice to ….csv,38,2014003010220,甘奈,嗯，“感觉适合甘奈呢”，像这样子,大崎甘奈,【似合うかな？】大崎甘奈,choice to …
大崎甘奈\【似合うかな？】大崎甘奈\choice to ….csv,40,2014003010230,甘奈,"嗯
与其说是吓了一跳……",大崎甘奈,【似合うかな？】大崎甘奈,choice to …
大崎甘奈\【似合うかな？】大崎甘奈\choice to ….csv,41,2014003010240,甘奈,不如说，感觉很开心呢,大崎甘奈,【似合うかな？】大崎甘奈,choice to …
大崎甘奈\【似合うかな？】大崎甘奈\choice to ….csv,43,2014003010250,甘奈,"好啦
甘奈该回去了！",大崎甘奈,【似合うかな？】大崎甘奈,choice to …
大崎甘奈\【似合うかな？】大崎甘奈\choice to ….csv,44,2014003010260,甘奈,拜拜，制作人☆,大崎甘奈,【似合うかな？】大崎甘奈,choice to …
大崎甘奈\【似合うかな？】大崎甘奈\Sweet shopping.csv,3,2014003110010,甘奈,一点都不累哦,大崎甘奈,【似合うかな？】大崎甘奈,Sweet shopping
大崎甘奈\【似合うかな？】大崎甘奈\Sweet shopping.csv,5,2014003110020,甘奈,"诶嘿嘿，跟制作人在一起的话
甘奈就能一直微笑着☆",大崎甘奈,【似合うかな？】大崎甘奈,Sweet shopping
大崎甘奈\【似合うかな？】大崎甘奈\Sweet shopping.csv,6,2014003110030,甘奈,因为制作人很珍视甘奈嘛！,大崎甘奈,【似合うかな？】大崎甘奈,Sweet shopping
大崎甘奈\【似合うかな？】大崎甘奈\Sweet shopping.csv,7,2014003110040,甘奈,"就比如今天
就算工作结束后还能陪甘奈一起……",大崎甘奈,【似合うかな？】大崎甘奈,Sweet shopping
大崎甘奈\【似合うかな？】大崎甘奈\Sweet shopping.csv,10,2014003110050,甘奈,"没关系！
像这样堂堂正正的话，意外地不会暴露哦？",大崎甘奈,【似合うかな？】大崎甘奈,Sweet shopping
大崎甘奈\【似合うかな？】大崎甘奈\Sweet shopping.csv,11,2014003110060,甘奈,而且，放松是必要的对吧？,大崎甘奈,【似合うかな？】大崎甘奈,Sweet shopping
大崎甘奈\【似合うかな？】大崎甘奈\Sweet shopping.csv,13,2014003110070,甘奈,"制作人能这么说的话，
甘奈也很开心！",大崎甘奈,【似合うかな？】大崎甘奈,Sweet shopping
大崎甘奈\【似合うかな？】大崎甘奈\Sweet shopping.csv,15,2014003110080,甘奈,"没什么，真的是从心底里感到开心哦！
甘奈，在制作人的面前是不会勉强自己的",大崎甘奈,【似合うかな？】大崎甘奈,Sweet shopping
大崎甘奈\【似合うかな？】大崎甘奈\Sweet shopping.csv,18,2014003110090,甘奈,"真是的～夸过头啦～
诶嘿嘿……",大崎甘奈,【似合うかな？】大崎甘奈,Sweet shopping
大崎甘奈\【似合うかな？】大崎甘奈\Sweet shopping.csv,21,2014003110100,甘奈,"在杂志上看见了特别喜欢的衣服
今天想去看看",大崎甘奈,【似合うかな？】大崎甘奈,Sweet shopping
大崎甘奈\【似合うかな？】大崎甘奈\Sweet shopping.csv,23,2014003110110,甘奈,"当然！
在这边",大崎甘奈,【似合うかな？】大崎甘奈,Sweet shopping
大崎甘奈\【似合うかな？】大崎甘奈\Sweet shopping.csv,24,2014003110120,甘奈,锵！就是这家店哦☆,大崎甘奈,【似合うかな？】大崎甘奈,Sweet shopping
大崎甘奈\【似合うかな？】大崎甘奈\Sweet shopping.csv,25,2014003110130,甘奈,"你看你看，橱窗里面
甘奈感觉非常合适哦～☆",大崎甘奈,【似合うかな？】大崎甘奈,Sweet shopping
大崎甘奈\【似合うかな？】大崎甘奈\Sweet shopping.csv,28,2014003110140,甘奈,"诶嘿嘿，吓了一跳吗？
今天想要一起来看下制作人的衣服",大崎甘奈,【似合うかな？】大崎甘奈,Sweet shopping
大崎甘奈\【似合うかな？】大崎甘奈\Sweet shopping.csv,29,2014003110150,甘奈,"啊，你看这件
绝对很合适！",大崎甘奈,【似合うかな？】大崎甘奈,Sweet shopping
大崎甘奈\【似合うかな？】大崎甘奈\Sweet shopping.csv,30,2014003110160,甘奈,怎么样？,大崎甘奈,【似合うかな？】大崎甘奈,Sweet shopping
大崎甘奈\【似合うかな？】大崎甘奈\Sweet shopping.csv,32,2014003110170,甘奈,"制作人平时总是穿的西装
明明感觉身材挺好的",大崎甘奈,【似合うかな？】大崎甘奈,Sweet shopping
大崎甘奈\【似合うかな？】大崎甘奈\Sweet shopping.csv,33,2014003110180,甘奈,"所以啊，
甘奈想见一见制作人的各种姿态呢？",大崎甘奈,【似合うかな？】大崎甘奈,Sweet shopping
大崎甘奈\【似合うかな？】大崎甘奈\Sweet shopping.csv,35,2014003110190,甘奈,"不行，一直都是受制作人关照，
偶尔也让甘奈回下礼吧！",大崎甘奈,【似合うかな？】大崎甘奈,Sweet shopping
大崎甘奈\【似合うかな？】大崎甘奈\Sweet shopping.csv,37,2014003110200,甘奈,"才没这回事呢。因为这是甘奈的任性……
今天的制作人，是负责听从的一方……",大崎甘奈,【似合うかな？】大崎甘奈,Sweet shopping
大崎甘奈\【似合うかな？】大崎甘奈\Sweet shopping.csv,38,2014003110210,甘奈,而且，刚才说了今天会陪甘奈到底的人是谁呢～？,大崎甘奈,【似合うかな？】大崎甘奈,Sweet shopping
大崎甘奈\【似合うかな？】大崎甘奈\Sweet shopping.csv,40,2014003110220,甘奈,太好了！那就说好了哦！,大崎甘奈,【似合うかな？】大崎甘奈,Sweet shopping
大崎甘奈\【似合うかな？】大崎甘奈\Sweet shopping.csv,41,2014003110230,甘奈,"那么，衬衣选那件，然后裤子选这条
好像鞋子也有不错的……噢，那顶帽子好像也可以？",大崎甘奈,【似合うかな？】大崎甘奈,Sweet shopping
大崎甘奈\【似合うかな？】大崎甘奈\Sweet shopping.csv,43,2014003110240,甘奈,那当然！因为，甘奈可是想过了各种各样的搭配哦,大崎甘奈,【似合うかな？】大崎甘奈,Sweet shopping
大崎甘奈\【似合うかな？】大崎甘奈\Sweet shopping.csv,44,2014003110250,甘奈,今天要按照甘奈的喜好来打扮制作人哦！,大崎甘奈,【似合うかな？】大崎甘奈,Sweet shopping
大崎甘奈\【似合うかな？】大崎甘奈\Sweet shopping.csv,45,2014003110260,甘奈,"诶嘿嘿，所以啊，做好心理准备吧☆
制作人",大崎甘奈,【似合うかな？】大崎甘奈,Sweet shopping
大崎甘奈\【似合うかな？】大崎甘奈\まじめショッピング.csv,3,2014003020010,甘奈,啊，制作人！,大崎甘奈,【似合うかな？】大崎甘奈,まじめショッピング
大崎甘奈\【似合うかな？】大崎甘奈\まじめショッピング.csv,5,2014003020020,甘奈,制作人在这里做什么？,大崎甘奈,【似合うかな？】大崎甘奈,まじめショッピング
大崎甘奈\【似合うかな？】大崎甘奈\まじめショッピング.csv,7,2014003020030,甘奈,"诶嘿嘿，制作人
为了甘奈我们在努力工作呢！",大崎甘奈,【似合うかな？】大崎甘奈,まじめショッピング
大崎甘奈\【似合うかな？】大崎甘奈\まじめショッピング.csv,8,2014003020040,甘奈,"甘奈也要以不输给制作人的劲头
做好偶像的工作才行☆",大崎甘奈,【似合うかな？】大崎甘奈,まじめショッピング
大崎甘奈\【似合うかな？】大崎甘奈\まじめショッピング.csv,10,2014003020050,甘奈,没事，甘奈也是懂得劳逸结合的,大崎甘奈,【似合うかな？】大崎甘奈,まじめショッピング
大崎甘奈\【似合うかな？】大崎甘奈\まじめショッピング.csv,12,2014003020060,甘奈,"这边有之前看的杂志上比较喜欢的衣服，
所以过来看看☆",大崎甘奈,【似合うかな？】大崎甘奈,まじめショッピング
大崎甘奈\【似合うかな？】大崎甘奈\まじめショッピング.csv,14,2014003020070,甘奈,嗯，虽然衣服是挺可爱的,大崎甘奈,【似合うかな？】大崎甘奈,まじめショッピング
大崎甘奈\【似合うかな？】大崎甘奈\まじめショッピング.csv,15,2014003020080,甘奈,"不过价格就有点……
所以啊，苦恼了一阵子结果还是没买",大崎甘奈,【似合うかな？】大崎甘奈,まじめショッピング
大崎甘奈\【似合うかな？】大崎甘奈\まじめショッピング.csv,17,2014003020090,甘奈,"嗯，虽然做偶像也有薪水
不过一半的收入都给父母保管着……花钱想尽可能节制一些",大崎甘奈,【似合うかな？】大崎甘奈,まじめショッピング
大崎甘奈\【似合うかな？】大崎甘奈\まじめショッピング.csv,21,2014003020100,甘奈,"嗯……是吗？
不过，制作人能这么说感觉很开心呢",大崎甘奈,【似合うかな？】大崎甘奈,まじめショッピング
大崎甘奈\【似合うかな？】大崎甘奈\まじめショッピング.csv,22,2014003020110,甘奈,"虽然甘奈自己不太清楚
不过从小时候起，就被人称作是可靠的孩子了呢",大崎甘奈,【似合うかな？】大崎甘奈,まじめショッピング
大崎甘奈\【似合うかな？】大崎甘奈\まじめショッピング.csv,23,2014003020120,甘奈,"甘奈很可靠？也许，
这是因为想要和甜花在一起的心情很强烈吧",大崎甘奈,【似合うかな？】大崎甘奈,まじめショッピング
大崎甘奈\【似合うかな？】大崎甘奈\まじめショッピング.csv,25,2014003020130,甘奈,诶嘿嘿，是这样吗？,大崎甘奈,【似合うかな？】大崎甘奈,まじめショッピング
大崎甘奈\【似合うかな？】大崎甘奈\まじめショッピング.csv,26,2014003020140,甘奈,嗯……不过啊，有件事唯独想让制作人知道哦,大崎甘奈,【似合うかな？】大崎甘奈,まじめショッピング
大崎甘奈\【似合うかな？】大崎甘奈\まじめショッピング.csv,28,2014003020150,甘奈,就算是再怎么可靠的人……,大崎甘奈,【似合うかな？】大崎甘奈,まじめショッピング
大崎甘奈\【似合うかな？】大崎甘奈\まじめショッピング.csv,29,2014003020160,甘奈,也并不是说，就不会向任何人撒娇哦？,大崎甘奈,【似合うかな？】大崎甘奈,まじめショッピング
大崎甘奈\【似合うかな？】大崎甘奈\まじめショッピング.csv,31,2014003020170,甘奈,那么，说的是谁呢？,大崎甘奈,【似合うかな？】大崎甘奈,まじめショッピング
大崎甘奈\【似合うかな？】大崎甘奈\まじめショッピング.csv,33,2014003020180,甘奈,诶嘿嘿……不告诉你哦☆,大崎甘奈,【似合うかな？】大崎甘奈,まじめショッピング
大崎甘奈\【似合うかな？】大崎甘奈\まじめショッピング.csv,34,2014003020190,甘奈,"啊，碰头会赶得上吗？
是不是早点出发比较好？",大崎甘奈,【似合うかな？】大崎甘奈,まじめショッピング
大崎甘奈\【似合うかな？】大崎甘奈\まじめショッピング.csv,36,2014003020200,甘奈,"加油哦
甘奈的制作人！",大崎甘奈,【似合うかな？】大崎甘奈,まじめショッピング
大崎甘奈\【似合うかな？】大崎甘奈\まじめショッピング.csv,37,2014003020210,甘奈,欸，为什么？,大崎甘奈,【似合うかな？】大崎甘奈,まじめショッピング
大崎甘奈\【似合うかな？】大崎甘奈\まじめショッピング.csv,39,2014003020220,甘奈,"哇，会准备甘奈喜欢的衣服啊！
谢谢！",大崎甘奈,【似合うかな？】大崎甘奈,まじめショッピング
大崎甘奈\【似合うかな？】大崎甘奈\まじめショッピング.csv,40,2014003020230,甘奈,"……不过，虽然这样挺开心的，但是做偶像的话
会去穿以前自己没挑过的衣服对吧？",大崎甘奈,【似合うかな？】大崎甘奈,まじめショッピング
大崎甘奈\【似合うかな？】大崎甘奈\まじめショッピング.csv,41,2014003020240,甘奈,甘奈也很期待穿那些衣服哦☆,大崎甘奈,【似合うかな？】大崎甘奈,まじめショッピング
大崎甘奈\【似合うかな？】大崎甘奈\まじめショッピング.csv,43,2014003020250,甘奈,"诶嘿，别人能给自己挑选衣服，是件很开心的事哦
制作人！",大崎甘奈,【似合うかな？】大崎甘奈,まじめショッピング
大崎甘奈\【似合うかな？】大崎甘奈\まじめショッピング.csv,45,2014003020260,甘奈,"所以啊……下次看衣服的时候，
制作人也能一起来吗？",大崎甘奈,【似合うかな？】大崎甘奈,まじめショッピング
大崎甘奈\【似合うかな？】大崎甘奈\まじめショッピング.csv,47,2014003020270,甘奈,"嗯☆
好好考虑下哦！",大崎甘奈,【似合うかな？】大崎甘奈,まじめショッピング
大崎甘奈\【似合うかな？】大崎甘奈\まじめショッピング.csv,48,2014003020280,甘奈,还可以这样的吗？,大崎甘奈,【似合うかな？】大崎甘奈,まじめショッピング
大崎甘奈\【似合うかな？】大崎甘奈\まじめショッピング.csv,50,2014003020290,甘奈,嗯……来这一手啊……,大崎甘奈,【似合うかな？】大崎甘奈,まじめショッピング
大崎甘奈\【似合うかな？】大崎甘奈\まじめショッピング.csv,51,2014003020300,甘奈,"……但是，这样做不行哦
那是事务所的钱对吧？",大崎甘奈,【似合うかな？】大崎甘奈,まじめショッピング
大崎甘奈\【似合うかな？】大崎甘奈\まじめショッピング.csv,52,2014003020310,甘奈,可不能浪费啊！,大崎甘奈,【似合うかな？】大崎甘奈,まじめショッピング
大崎甘奈\【似合うかな？】大崎甘奈\まじめショッピング.csv,54,2014003020320,甘奈,"诶嘿，制作人～
在为甘奈着想对吧？",大崎甘奈,【似合うかな？】大崎甘奈,まじめショッピング
大崎甘奈\【似合うかな？】大崎甘奈\まじめショッピング.csv,55,2014003020330,甘奈,甘奈很开心哦☆,大崎甘奈,【似合うかな？】大崎甘奈,まじめショッピング
大崎甘奈\【似合うかな？】大崎甘奈\まじめショッピング.csv,57,2014003020340,甘奈,但是，这次的提议就算啦☆,大崎甘奈,【似合うかな？】大崎甘奈,まじめショッピング
大崎甘奈\【似合うかな？】大崎甘奈\まじめショッピング.csv,59,2014003020350,甘奈,"没事。啊，但是
虽然制作人挺可靠的……",大崎甘奈,【似合うかな？】大崎甘奈,まじめショッピング
大崎甘奈\【似合うかな？】大崎甘奈\まじめショッピング.csv,60,2014003020360,甘奈,"说不定
由甘奈来保管钱包会比较好，你觉得呢？",大崎甘奈,【似合うかな？】大崎甘奈,まじめショッピング
大崎甘奈\【冬の日の『贈り物』】大崎甘奈\冬の日、灯す明.csv,3,3014009020020,甘奈,诶！为什么～！？,大崎甘奈,【冬の日の『贈り物』】大崎甘奈,冬の日、灯す明
大崎甘奈\【冬の日の『贈り物』】大崎甘奈\冬の日、灯す明.csv,4,3014009020030,甘奈,甜花！？,大崎甘奈,【冬の日の『贈り物』】大崎甘奈,冬の日、灯す明
大崎甘奈\【冬の日の『贈り物』】大崎甘奈\冬の日、灯す明.csv,6,3014009020050,甘奈,千雪姐，这到底是……？,大崎甘奈,【冬の日の『贈り物』】大崎甘奈,冬の日、灯す明
大崎甘奈\【冬の日の『贈り物』】大崎甘奈\冬の日、灯す明.csv,9,3014009020080,甘奈,甜花也！,大崎甘奈,【冬の日の『贈り物』】大崎甘奈,冬の日、灯す明
大崎甘奈\【冬の日の『贈り物』】大崎甘奈\冬の日、灯す明.csv,10,3014009020081,甘奈＆甜花,惊喜的礼物……！,大崎甘奈,【冬の日の『贈り物』】大崎甘奈,冬の日、灯す明
大崎甘奈\【冬の日の『贈り物』】大崎甘奈\冬の日、灯す明.csv,11,3014009020090,甘奈,是甜花特意准备的啊……！,大崎甘奈,【冬の日の『贈り物』】大崎甘奈,冬の日、灯す明
大崎甘奈\【冬の日の『贈り物』】大崎甘奈\冬の日、灯す明.csv,14,3014009020120,甘奈,"……嗯！谢谢！千雪姐！
这份惊喜真是太棒了！",大崎甘奈,【冬の日の『贈り物』】大崎甘奈,冬の日、灯す明
大崎甘奈\【冬の日の『贈り物』】大崎甘奈\冬の日、灯す明.csv,18,3014009020151,甘奈＆甜花,诶嘿嘿……,大崎甘奈,【冬の日の『贈り物』】大崎甘奈,冬の日、灯す明
大崎甘奈\【冬の日の『贈り物』】大崎甘奈\冬の日、灯す明.csv,19,3014009020160,甘奈,那么，数一二三，然后一起打开吧☆,大崎甘奈,【冬の日の『贈り物』】大崎甘奈,冬の日、灯す明
大崎甘奈\【冬の日の『贈り物』】大崎甘奈\冬の日、灯す明.csv,20,3014009020161,甘奈＆甜花,一二三！,大崎甘奈,【冬の日の『贈り物』】大崎甘奈,冬の日、灯す明
大崎甘奈\【冬の日の『贈り物』】大崎甘奈\冬の日、灯す明.csv,21,3014009020162,甘奈＆甜花,,大崎甘奈,【冬の日の『贈り物』】大崎甘奈,冬の日、灯す明
大崎甘奈\【冬の日の『贈り物』】大崎甘奈\冬の日、灯す明.csv,22,3014009020170,甘奈,诶！这是……！,大崎甘奈,【冬の日の『贈り物』】大崎甘奈,冬の日、灯す明
大崎甘奈\【冬の日の『贈り物』】大崎甘奈\冬の日、灯す明.csv,24,3014009020190,甘奈,是一样的！,大崎甘奈,【冬の日の『贈り物』】大崎甘奈,冬の日、灯す明
大崎甘奈\【冬の日の『贈り物』】大崎甘奈\冬の日、灯す明.csv,26,3014009020210,甘奈,啊……,大崎甘奈,【冬の日の『贈り物』】大崎甘奈,冬の日、灯す明
大崎甘奈\【冬の日の『贈り物』】大崎甘奈\冬の日、灯す明.csv,27,3014009020220,甘奈,"千雪姐，难道你知道会变成这样……
才带我去那家店的？",大崎甘奈,【冬の日の『贈り物』】大崎甘奈,冬の日、灯す明
大崎甘奈\【冬の日の『贈り物』】大崎甘奈\冬の日、灯す明.csv,32,3014009020270,甘奈,"千雪姐……！
真的……很感谢你……！",大崎甘奈,【冬の日の『贈り物』】大崎甘奈,冬の日、灯す明
大崎甘奈\【冬の日の『贈り物』】大崎甘奈\冬の日、灯す明.csv,35,3014009020300,甘奈,啊！甘奈帮你戴～☆,大崎甘奈,【冬の日の『贈り物』】大崎甘奈,冬の日、灯す明
大崎甘奈\【冬の日の『贈り物』】大崎甘奈\冬の日、灯す明.csv,36,3014009020310,甘奈,"……嗯
可以了！",大崎甘奈,【冬の日の『贈り物』】大崎甘奈,冬の日、灯す明
大崎甘奈\【冬の日の『贈り物』】大崎甘奈\冬の日、灯す明.csv,37,3014009020320,甘奈,"――――！！！！
甜花，特别合适哦～！",大崎甘奈,【冬の日の『贈り物』】大崎甘奈,冬の日、灯す明
大崎甘奈\【冬の日の『贈り物』】大崎甘奈\冬の日、灯す明.csv,39,3014009020340,甘奈,诶嘿嘿，甘奈也戴戴看——,大崎甘奈,【冬の日の『贈り物』】大崎甘奈,冬の日、灯す明
大崎甘奈\【冬の日の『贈り物』】大崎甘奈\冬の日、灯す明.csv,41,3014009020360,甘奈,甜花……！,大崎甘奈,【冬の日の『贈り物』】大崎甘奈,冬の日、灯す明
大崎甘奈\【冬の日の『贈り物』】大崎甘奈\冬の日、灯す明.csv,44,3014009020390,甘奈,……慢慢来没事的,大崎甘奈,【冬の日の『贈り物』】大崎甘奈,冬の日、灯す明
大崎甘奈\【冬の日の『贈り物』】大崎甘奈\冬の日、灯す明.csv,47,3014009020420,甘奈,诶嘿嘿,大崎甘奈,【冬の日の『贈り物』】大崎甘奈,冬の日、灯す明
大崎甘奈\【冬の日の『贈り物』】大崎甘奈\冬の日、灯す明.csv,49,3014009020440,甘奈,但是，为什么会给甘奈准备惊喜呢……？,大崎甘奈,【冬の日の『贈り物』】大崎甘奈,冬の日、灯す明
大崎甘奈\【冬の日の『贈り物』】大崎甘奈\冬の日、灯す明.csv,51,3014009020460,甘奈,诶……？,大崎甘奈,【冬の日の『贈り物』】大崎甘奈,冬の日、灯す明
大崎甘奈\【冬の日の『贈り物』】大崎甘奈\冬の日、灯す明.csv,57,3014009020520,甘奈,"……
……甜花……千雪姐……",大崎甘奈,【冬の日の『贈り物』】大崎甘奈,冬の日、灯す明
大崎甘奈\【冬の日の『贈り物』】大崎甘奈\冬の日、灯す明.csv,58,3014009020530,甘奈,……呜……呜呜……,大崎甘奈,【冬の日の『贈り物』】大崎甘奈,冬の日、灯す明
大崎甘奈\【冬の日の『贈り物』】大崎甘奈\冬の日、灯す明.csv,60,3014009020540,甘奈,"咦……为什么……会这样呢……
明明那么地开心……那么地……开心……",大崎甘奈,【冬の日の『贈り物』】大崎甘奈,冬の日、灯す明
大崎甘奈\【冬の日の『贈り物』】大崎甘奈\冬の日、灯す明.csv,62,3014009020550,甘奈,泪水……止不住啊……,大崎甘奈,【冬の日の『贈り物』】大崎甘奈,冬の日、灯す明
大崎甘奈\【冬の日の『贈り物』】大崎甘奈\冬の日、灯す明.csv,63,3014009020560,甘奈,千雪姐，今天真的十分感谢,大崎甘奈,【冬の日の『贈り物』】大崎甘奈,冬の日、灯す明
大崎甘奈\【冬の日の『贈り物』】大崎甘奈\冬の日、灯す明.csv,67,3014009020600,甘奈,"啊！稍等一下！
甘奈想给千雪姐回礼！",大崎甘奈,【冬の日の『贈り物』】大崎甘奈,冬の日、灯す明
大崎甘奈\【冬の日の『贈り物』】大崎甘奈\冬の日、灯す明.csv,70,3014009020630,甘奈,"甘奈我们想要回礼，所以没有关系！
对吧！甜花",大崎甘奈,【冬の日の『贈り物』】大崎甘奈,冬の日、灯す明
大崎甘奈\【冬の日の『贈り物』】大崎甘奈\冬の日、灯す明.csv,73,3014009020660,甘奈,"太好啦！
走吧走吧～！",大崎甘奈,【冬の日の『贈り物』】大崎甘奈,冬の日、灯す明
大崎甘奈\【冬の日の『贈り物』】大崎甘奈\冬の日、灯す明.csv,74,3014009020670,甘奈,“冬日里的寒空”,大崎甘奈,【冬の日の『贈り物』】大崎甘奈,冬の日、灯す明
大崎甘奈\【冬の日の『贈り物』】大崎甘奈\冬の日、灯す明.csv,75,3014009020680,甘奈,“灰色的云带来了不安，我有点不喜欢”,大崎甘奈,【冬の日の『贈り物』】大崎甘奈,冬の日、灯す明
大崎甘奈\【冬の日の『贈り物』】大崎甘奈\冬の日、灯す明.csv,76,3014009020690,甘奈,“这样的日子”,大崎甘奈,【冬の日の『贈り物』】大崎甘奈,冬の日、灯す明
大崎甘奈\【冬の日の『贈り物』】大崎甘奈\冬の日、灯す明.csv,77,3014009020700,甘奈,“但是——”,大崎甘奈,【冬の日の『贈り物』】大崎甘奈,冬の日、灯す明
大崎甘奈\【冬の日の『贈り物』】大崎甘奈\冬の日、灯す明.csv,78,3014009020710,甘奈,“那样的日子，也是灯火亮起的，美好的一天”,大崎甘奈,【冬の日の『贈り物』】大崎甘奈,冬の日、灯す明
大崎甘奈\【冬の日の『贈り物』】大崎甘奈\曇り空、私の心.csv,2,3014009010010,甘奈,“冬日里的寒空”,大崎甘奈,【冬の日の『贈り物』】大崎甘奈,曇り空、私の心
大崎甘奈\【冬の日の『贈り物』】大崎甘奈\曇り空、私の心.csv,3,3014009010020,甘奈,“灰色的云带来了不安，我有点不喜欢”,大崎甘奈,【冬の日の『贈り物』】大崎甘奈,曇り空、私の心
大崎甘奈\【冬の日の『贈り物』】大崎甘奈\曇り空、私の心.csv,4,3014009010030,甘奈,“这样的日子”,大崎甘奈,【冬の日の『贈り物』】大崎甘奈,曇り空、私の心
大崎甘奈\【冬の日の『贈り物』】大崎甘奈\曇り空、私の心.csv,5,3014009010040,甘奈,甜花……,大崎甘奈,【冬の日の『贈り物』】大崎甘奈,曇り空、私の心
大崎甘奈\【冬の日の『贈り物』】大崎甘奈\曇り空、私の心.csv,6,3014009010050,甘奈,……还在睡觉……是吧……？,大崎甘奈,【冬の日の『贈り物』】大崎甘奈,曇り空、私の心
大崎甘奈\【冬の日の『贈り物』】大崎甘奈\曇り空、私の心.csv,8,3014009010070,甘奈,诶嘿嘿……睡脸真可爱……,大崎甘奈,【冬の日の『贈り物』】大崎甘奈,曇り空、私の心
大崎甘奈\【冬の日の『贈り物』】大崎甘奈\曇り空、私の心.csv,10,3014009010090,甘奈,看起来很开心的样子……在做着什么样的梦呢……,大崎甘奈,【冬の日の『贈り物』】大崎甘奈,曇り空、私の心
大崎甘奈\【冬の日の『贈り物』】大崎甘奈\曇り空、私の心.csv,11,3014009010100,甘奈,（如果是和甘奈在一起的梦……就好了……）,大崎甘奈,【冬の日の『贈り物』】大崎甘奈,曇り空、私の心
大崎甘奈\【冬の日の『贈り物』】大崎甘奈\曇り空、私の心.csv,12,3014009010110,甘奈,,大崎甘奈,【冬の日の『贈り物』】大崎甘奈,曇り空、私の心
大崎甘奈\【冬の日の『贈り物』】大崎甘奈\曇り空、私の心.csv,13,3014009010120,甘奈,（甜花的梦里……会有……甘奈在吧……？）,大崎甘奈,【冬の日の『贈り物』】大崎甘奈,曇り空、私の心
大崎甘奈\【冬の日の『贈り物』】大崎甘奈\曇り空、私の心.csv,15,3014009010140,甘奈,甘奈走了哦……！甜花……！,大崎甘奈,【冬の日の『贈り物』】大崎甘奈,曇り空、私の心
大崎甘奈\【冬の日の『贈り物』】大崎甘奈\曇り空、私の心.csv,16,3014009010150,甘奈,"啊！这个恶魔太郎的周边真可爱！
甜花应该会喜欢！",大崎甘奈,【冬の日の『贈り物』】大崎甘奈,曇り空、私の心
大崎甘奈\【冬の日の『贈り物』】大崎甘奈\曇り空、私の心.csv,17,3014009010160,甘奈,这个也加进生日礼物候补里吧～,大崎甘奈,【冬の日の『贈り物』】大崎甘奈,曇り空、私の心
大崎甘奈\【冬の日の『贈り物』】大崎甘奈\曇り空、私の心.csv,18,3014009010170,甘奈,"……但是，选这个的话，或许算不上惊喜啊……
……跟已经准备好的那个有点像……",大崎甘奈,【冬の日の『贈り物』】大崎甘奈,曇り空、私の心
大崎甘奈\【冬の日の『贈り物』】大崎甘奈\曇り空、私の心.csv,19,3014009010180,甘奈,……得想想别的才行……,大崎甘奈,【冬の日の『贈り物』】大崎甘奈,曇り空、私の心
大崎甘奈\【冬の日の『贈り物』】大崎甘奈\曇り空、私の心.csv,21,3014009010200,甘奈,"嗯……虽然有几样
感觉是甜花会喜欢的东西……",大崎甘奈,【冬の日の『贈り物』】大崎甘奈,曇り空、私の心
大崎甘奈\【冬の日の『贈り物』】大崎甘奈\曇り空、私の心.csv,22,3014009010210,甘奈,但是跟甘奈现在想送的礼物……稍微有点……,大崎甘奈,【冬の日の『贈り物』】大崎甘奈,曇り空、私の心
大崎甘奈\【冬の日の『贈り物』】大崎甘奈\曇り空、私の心.csv,24,3014009010230,甘奈,"只是多了一个跟平时一样的礼物，
这样子肯定是……不够的……",大崎甘奈,【冬の日の『贈り物』】大崎甘奈,曇り空、私の心
大崎甘奈\【冬の日の『贈り物』】大崎甘奈\曇り空、私の心.csv,25,3014009010240,甘奈,必须是能够留下深刻印象的礼物……,大崎甘奈,【冬の日の『贈り物』】大崎甘奈,曇り空、私の心
大崎甘奈\【冬の日の『贈り物』】大崎甘奈\曇り空、私の心.csv,26,3014009010250,甘奈,,大崎甘奈,【冬の日の『贈り物』】大崎甘奈,曇り空、私の心
大崎甘奈\【冬の日の『贈り物』】大崎甘奈\曇り空、私の心.csv,30,3014009010290,甘奈,哇……有好多漂亮的首饰……,大崎甘奈,【冬の日の『贈り物』】大崎甘奈,曇り空、私の心
大崎甘奈\【冬の日の『贈り物』】大崎甘奈\曇り空、私の心.csv,32,3014009010310,甘奈,嗯！感觉能找到不错的礼物☆,大崎甘奈,【冬の日の『贈り物』】大崎甘奈,曇り空、私の心
大崎甘奈\【冬の日の『贈り物』】大崎甘奈\曇り空、私の心.csv,36,3014009010350,甘奈,千雪姐……,大崎甘奈,【冬の日の『贈り物』】大崎甘奈,曇り空、私の心
大崎甘奈\【冬の日の『贈り物』】大崎甘奈\曇り空、私の心.csv,37,3014009010360,甘奈,……谢谢！,大崎甘奈,【冬の日の『贈り物』】大崎甘奈,曇り空、私の心
大崎甘奈\【冬の日の『贈り物』】大崎甘奈\曇り空、私の心.csv,39,3014009010380,甘奈,诶嘿嘿……！,大崎甘奈,【冬の日の『贈り物』】大崎甘奈,曇り空、私の心
大崎甘奈\【冬の日の『贈り物』】大崎甘奈\曇り空、私の心.csv,41,3014009010400,甘奈,嗯！,大崎甘奈,【冬の日の『贈り物』】大崎甘奈,曇り空、私の心
大崎甘奈\【冬の日の『贈り物』】大崎甘奈\曇り空、私の心.csv,42,3014009010410,甘奈,……千雪姐，谢谢你今天能陪着任性的甘奈,大崎甘奈,【冬の日の『贈り物』】大崎甘奈,曇り空、私の心
大崎甘奈\【冬の日の『贈り物』】大崎甘奈\曇り空、私の心.csv,43,3014009010420,甘奈,花了很多时间，对不起,大崎甘奈,【冬の日の『贈り物』】大崎甘奈,曇り空、私の心
大崎甘奈\【冬の日の『贈り物』】大崎甘奈\曇り空、私の心.csv,48,3014009010470,甘奈,诶？嗯……！,大崎甘奈,【冬の日の『贈り物』】大崎甘奈,曇り空、私の心
大崎甘奈\【冬の日の『贈り物』】大崎甘奈\曇り空、私の心.csv,49,3014009010480,甘奈,"当然！
要去哪里？",大崎甘奈,【冬の日の『贈り物』】大崎甘奈,曇り空、私の心
大崎甘奈\【冬の日の『贈り物』】大崎甘奈\曇り空、私の心.csv,52,3014009010510,甘奈,诶！为什么～！？,大崎甘奈,【冬の日の『贈り物』】大崎甘奈,曇り空、私の心
大崎甘奈\【叶えて✰ゴールドフィッシュ】大崎甘奈\Delicious Anniversary.csv,4,2014011110010,甘奈,,大崎甘奈,【叶えて✰ゴールドフィッシュ】大崎甘奈,Delicious Anniversary
大崎甘奈\【叶えて✰ゴールドフィッシュ】大崎甘奈\Delicious Anniversary.csv,6,2014011110020,甘奈,"哇——！ 好厉害！
看起来好好吃！",大崎甘奈,【叶えて✰ゴールドフィッシュ】大崎甘奈,Delicious Anniversary
大崎甘奈\【叶えて✰ゴールドフィッシュ】大崎甘奈\Delicious Anniversary.csv,7,2014011110030,甘奈,可以吃了吗！？,大崎甘奈,【叶えて✰ゴールドフィッシュ】大崎甘奈,Delicious Anniversary
大崎甘奈\【叶えて✰ゴールドフィッシュ】大崎甘奈\Delicious Anniversary.csv,9,2014011110040,甘奈,"没关系！
如果很烫的话，吹凉再吃！",大崎甘奈,【叶えて✰ゴールドフィッシュ】大崎甘奈,Delicious Anniversary
大崎甘奈\【叶えて✰ゴールドフィッシュ】大崎甘奈\Delicious Anniversary.csv,11,2014011110050,甘奈,那，制作人，甘奈开动了！,大崎甘奈,【叶えて✰ゴールドフィッシュ】大崎甘奈,Delicious Anniversary
大崎甘奈\【叶えて✰ゴールドフィッシュ】大崎甘奈\Delicious Anniversary.csv,13,2014011110060,甘奈,,大崎甘奈,【叶えて✰ゴールドフィッシュ】大崎甘奈,Delicious Anniversary
大崎甘奈\【叶えて✰ゴールドフィッシュ】大崎甘奈\Delicious Anniversary.csv,15,2014011110070,甘奈,"超好吃的～！
制作人先生！",大崎甘奈,【叶えて✰ゴールドフィッシュ】大崎甘奈,Delicious Anniversary
大崎甘奈\【叶えて✰ゴールドフィッシュ】大崎甘奈\Delicious Anniversary.csv,17,2014011110080,甘奈,嗯！ 感觉来多少都吃得下,大崎甘奈,【叶えて✰ゴールドフィッシュ】大崎甘奈,Delicious Anniversary
大崎甘奈\【叶えて✰ゴールドフィッシュ】大崎甘奈\Delicious Anniversary.csv,19,2014011110090,甘奈,"诶嘿嘿，
甚至会让人时不时许愿想吃了",大崎甘奈,【叶えて✰ゴールドフィッシュ】大崎甘奈,Delicious Anniversary
大崎甘奈\【叶えて✰ゴールドフィッシュ】大崎甘奈\Delicious Anniversary.csv,20,2014011110100,甘奈,"真好吃～！
制作人先生，多谢款待！",大崎甘奈,【叶えて✰ゴールドフィッシュ】大崎甘奈,Delicious Anniversary
大崎甘奈\【叶えて✰ゴールドフィッシュ】大崎甘奈\Delicious Anniversary.csv,23,2014011110110,甘奈,？ 嗯，还可以再吃一点～！,大崎甘奈,【叶えて✰ゴールドフィッシュ】大崎甘奈,Delicious Anniversary
大崎甘奈\【叶えて✰ゴールドフィッシュ】大崎甘奈\Delicious Anniversary.csv,26,2014011110120,甘奈,,大崎甘奈,【叶えて✰ゴールドフィッシュ】大崎甘奈,Delicious Anniversary
大崎甘奈\【叶えて✰ゴールドフィッシュ】大崎甘奈\Delicious Anniversary.csv,28,2014011110130,甘奈,"哇！ 是甜点！
可以拍照吗？",大崎甘奈,【叶えて✰ゴールドフィッシュ】大崎甘奈,Delicious Anniversary
大崎甘奈\【叶えて✰ゴールドフィッシュ】大崎甘奈\Delicious Anniversary.csv,30,2014011110140,甘奈,"制作人先生做的布丁
就想要拍照留念了～",大崎甘奈,【叶えて✰ゴールドフィッシュ】大崎甘奈,Delicious Anniversary
大崎甘奈\【叶えて✰ゴールドフィッシュ】大崎甘奈\Delicious Anniversary.csv,32,2014011110150,甘奈,诶嘿嘿，拍得很好看！,大崎甘奈,【叶えて✰ゴールドフィッシュ】大崎甘奈,Delicious Anniversary
大崎甘奈\【叶えて✰ゴールドフィッシュ】大崎甘奈\Delicious Anniversary.csv,33,2014011110160,甘奈,之后会再发给制作人先生！,大崎甘奈,【叶えて✰ゴールドフィッシュ】大崎甘奈,Delicious Anniversary
大崎甘奈\【叶えて✰ゴールドフィッシュ】大崎甘奈\Delicious Anniversary.csv,34,2014011110170,甘奈,"“制作人先生，今天
谢谢招待美味的饭菜”",大崎甘奈,【叶えて✰ゴールドフィッシュ】大崎甘奈,Delicious Anniversary
大崎甘奈\【叶えて✰ゴールドフィッシュ】大崎甘奈\Delicious Anniversary.csv,35,2014011110180,甘奈,"“吃了很多甜点肚子饱饱的！
现在感觉非常幸福！”",大崎甘奈,【叶えて✰ゴールドフィッシュ】大崎甘奈,Delicious Anniversary
大崎甘奈\【叶えて✰ゴールドフィッシュ】大崎甘奈\Delicious Anniversary.csv,36,2014011110190,甘奈,"“然后能量也充满了！
明天也会努力！”",大崎甘奈,【叶えて✰ゴールドフィッシュ】大崎甘奈,Delicious Anniversary
大崎甘奈\【叶えて✰ゴールドフィッシュ】大崎甘奈\Delicious Anniversary.csv,37,2014011110200,甘奈,“☆追加☆”,大崎甘奈,【叶えて✰ゴールドフィッシュ】大崎甘奈,Delicious Anniversary
大崎甘奈\【叶えて✰ゴールドフィッシュ】大崎甘奈\Delicious Anniversary.csv,38,2014011110210,甘奈,“稍微加工了一下甜点的照片！”,大崎甘奈,【叶えて✰ゴールドフィッシュ】大崎甘奈,Delicious Anniversary
大崎甘奈\【叶えて✰ゴールドフィッシュ】大崎甘奈\Delicious Anniversary.csv,40,2014011110220,甘奈,"“Very delicious and sweet time
made by Producer san☆”",大崎甘奈,【叶えて✰ゴールドフィッシュ】大崎甘奈,Delicious Anniversary
大崎甘奈\【叶えて✰ゴールドフィッシュ】大崎甘奈\Persistence pays off ☆.csv,3,2014011040010,甘奈,请多指教！,大崎甘奈,【叶えて✰ゴールドフィッシュ】大崎甘奈,Persistence pays off ☆
大崎甘奈\【叶えて✰ゴールドフィッシュ】大崎甘奈\Persistence pays off ☆.csv,6,2014011040020,甘奈,"辛苦了
来，咖啡",大崎甘奈,【叶えて✰ゴールドフィッシュ】大崎甘奈,Persistence pays off ☆
大崎甘奈\【叶えて✰ゴールドフィッシュ】大崎甘奈\Persistence pays off ☆.csv,8,2014011040030,甘奈,就只是在家泡好然后装水壶里而已啦～,大崎甘奈,【叶えて✰ゴールドフィッシュ】大崎甘奈,Persistence pays off ☆
大崎甘奈\【叶えて✰ゴールドフィッシュ】大崎甘奈\Persistence pays off ☆.csv,11,2014011040040,甘奈,不知道要不要砂糖就～,大崎甘奈,【叶えて✰ゴールドフィッシュ】大崎甘奈,Persistence pays off ☆
大崎甘奈\【叶えて✰ゴールドフィッシュ】大崎甘奈\Persistence pays off ☆.csv,12,2014011040050,甘奈,"最近，总是对着电脑
露出很复杂的表情",大崎甘奈,【叶えて✰ゴールドフィッシュ】大崎甘奈,Persistence pays off ☆
大崎甘奈\【叶えて✰ゴールドフィッシュ】大崎甘奈\Persistence pays off ☆.csv,15,2014011040060,甘奈,"今天这么顺利
也是因为最近的努力",大崎甘奈,【叶えて✰ゴールドフィッシュ】大崎甘奈,Persistence pays off ☆
大崎甘奈\【叶えて✰ゴールドフィッシュ】大崎甘奈\Persistence pays off ☆.csv,16,2014011040070,甘奈,……一直以来谢谢制作人,大崎甘奈,【叶えて✰ゴールドフィッシュ】大崎甘奈,Persistence pays off ☆
大崎甘奈\【叶えて✰ゴールドフィッシュ】大崎甘奈\Persistence pays off ☆.csv,17,2014011040080,甘奈,"对了，制作人！
还有时间，要不要去走走？",大崎甘奈,【叶えて✰ゴールドフィッシュ】大崎甘奈,Persistence pays off ☆
大崎甘奈\【叶えて✰ゴールドフィッシュ】大崎甘奈\Persistence pays off ☆.csv,19,2014011040090,甘奈,"就想着，
是不是想久违地运动一下！",大崎甘奈,【叶えて✰ゴールドフィッシュ】大崎甘奈,Persistence pays off ☆
大崎甘奈\【叶えて✰ゴールドフィッシュ】大崎甘奈\Persistence pays off ☆.csv,21,2014011040091,甘奈＆プロデューサー,我们回来了～,大崎甘奈,【叶えて✰ゴールドフィッシュ】大崎甘奈,Persistence pays off ☆
大崎甘奈\【叶えて✰ゴールドフィッシュ】大崎甘奈\Persistence pays off ☆.csv,22,2014011040100,甘奈,呼～，走了好远呢～,大崎甘奈,【叶えて✰ゴールドフィッシュ】大崎甘奈,Persistence pays off ☆
大崎甘奈\【叶えて✰ゴールドフィッシュ】大崎甘奈\Persistence pays off ☆.csv,24,2014011040110,甘奈,"啊，制作人先生
完全不累呢～",大崎甘奈,【叶えて✰ゴールドフィッシュ】大崎甘奈,Persistence pays off ☆
大崎甘奈\【叶えて✰ゴールドフィッシュ】大崎甘奈\Persistence pays off ☆.csv,26,2014011040120,甘奈,完全可以继续～的样子,大崎甘奈,【叶えて✰ゴールドフィッシュ】大崎甘奈,Persistence pays off ☆
大崎甘奈\【叶えて✰ゴールドフィッシュ】大崎甘奈\Persistence pays off ☆.csv,29,2014011040130,甘奈,诶嘿嘿……太好了……,大崎甘奈,【叶えて✰ゴールドフィッシュ】大崎甘奈,Persistence pays off ☆
大崎甘奈\【叶えて✰ゴールドフィッシュ】大崎甘奈\Persistence pays off ☆.csv,31,2014011040140,甘奈,才不会～,大崎甘奈,【叶えて✰ゴールドフィッシュ】大崎甘奈,Persistence pays off ☆
大崎甘奈\【叶えて✰ゴールドフィッシュ】大崎甘奈\Persistence pays off ☆.csv,32,2014011040150,甘奈,"因为制作人
愿意坚持，所以才陪制作人一起锻炼",大崎甘奈,【叶えて✰ゴールドフィッシュ】大崎甘奈,Persistence pays off ☆
大崎甘奈\【叶えて✰ゴールドフィッシュ】大崎甘奈\Persistence pays off ☆.csv,34,2014011040160,甘奈,制作人先生的话一定没问题！,大崎甘奈,【叶えて✰ゴールドフィッシュ】大崎甘奈,Persistence pays off ☆
大崎甘奈\【叶えて✰ゴールドフィッシュ】大崎甘奈\Persistence pays off ☆.csv,35,2014011040170,甘奈,之前也说过要坚持自己做饭,大崎甘奈,【叶えて✰ゴールドフィッシュ】大崎甘奈,Persistence pays off ☆
大崎甘奈\【叶えて✰ゴールドフィッシュ】大崎甘奈\Persistence pays off ☆.csv,37,2014011040180,甘奈,"有没有料理的照片？
甘奈想看制作人做了什么！",大崎甘奈,【叶えて✰ゴールドフィッシュ】大崎甘奈,Persistence pays off ☆
大崎甘奈\【叶えて✰ゴールドフィッシュ】大崎甘奈\Persistence pays off ☆.csv,39,2014011040190,甘奈,是吗……,大崎甘奈,【叶えて✰ゴールドフィッシュ】大崎甘奈,Persistence pays off ☆
大崎甘奈\【叶えて✰ゴールドフィッシュ】大崎甘奈\Persistence pays off ☆.csv,40,2014011040200,甘奈,,大崎甘奈,【叶えて✰ゴールドフィッシュ】大崎甘奈,Persistence pays off ☆
大崎甘奈\【叶えて✰ゴールドフィッシュ】大崎甘奈\Persistence pays off ☆.csv,41,2014011040210,甘奈,"制作人觉得好就算了，
但下次想亲眼看看呢……",大崎甘奈,【叶えて✰ゴールドフィッシュ】大崎甘奈,Persistence pays off ☆
大崎甘奈\【叶えて✰ゴールドフィッシュ】大崎甘奈\Persistence pays off ☆.csv,44,2014011040220,甘奈,！？ 可以吗！？,大崎甘奈,【叶えて✰ゴールドフィッシュ】大崎甘奈,Persistence pays off ☆
大崎甘奈\【叶えて✰ゴールドフィッシュ】大崎甘奈\Persistence pays off ☆.csv,46,2014011040230,甘奈,怎么办呢……！,大崎甘奈,【叶えて✰ゴールドフィッシュ】大崎甘奈,Persistence pays off ☆
大崎甘奈\【叶えて✰ゴールドフィッシュ】大崎甘奈\Persistence pays off ☆.csv,48,2014011040240,甘奈,那就……汉堡肉！,大崎甘奈,【叶えて✰ゴールドフィッシュ】大崎甘奈,Persistence pays off ☆
大崎甘奈\【叶えて✰ゴールドフィッシュ】大崎甘奈\Persistence pays off ☆.csv,49,2014011040250,甘奈,甘奈，最喜欢了！,大崎甘奈,【叶えて✰ゴールドフィッシュ】大崎甘奈,Persistence pays off ☆
大崎甘奈\【叶えて✰ゴールドフィッシュ】大崎甘奈\Persistence pays off ☆.csv,54,2014011040260,甘奈,"那，
甘奈前几天开始就不吃东西！",大崎甘奈,【叶えて✰ゴールドフィッシュ】大崎甘奈,Persistence pays off ☆
大崎甘奈\【叶えて✰ゴールドフィッシュ】大崎甘奈\Persistence pays off ☆.csv,56,2014011040270,甘奈,诶嘿嘿，开玩笑！,大崎甘奈,【叶えて✰ゴールドフィッシュ】大崎甘奈,Persistence pays off ☆
大崎甘奈\【叶えて✰ゴールドフィッシュ】大崎甘奈\Persistence pays off ☆.csv,57,2014011040280,甘奈,虽然，一定会让人想这么做……☆,大崎甘奈,【叶えて✰ゴールドフィッシュ】大崎甘奈,Persistence pays off ☆
大崎甘奈\【叶えて✰ゴールドフィッシュ】大崎甘奈\Persistence pays off ☆.csv,58,2014011040290,甘奈,"！ 
制作人先生也喜欢汉堡肉吗！？",大崎甘奈,【叶えて✰ゴールドフィッシュ】大崎甘奈,Persistence pays off ☆
大崎甘奈\【叶えて✰ゴールドフィッシュ】大崎甘奈\Persistence pays off ☆.csv,61,2014011040300,甘奈,"诶……？
啊……嗯……",大崎甘奈,【叶えて✰ゴールドフィッシュ】大崎甘奈,Persistence pays off ☆
大崎甘奈\【叶えて✰ゴールドフィッシュ】大崎甘奈\Persistence pays off ☆.csv,63,2014011040310,甘奈,"……
没什么～",大崎甘奈,【叶えて✰ゴールドフィッシュ】大崎甘奈,Persistence pays off ☆
大崎甘奈\【叶えて✰ゴールドフィッシュ】大崎甘奈\Persistence pays off ☆.csv,64,2014011040320,甘奈,真的！？,大崎甘奈,【叶えて✰ゴールドフィッシュ】大崎甘奈,Persistence pays off ☆
大崎甘奈\【叶えて✰ゴールドフィッシュ】大崎甘奈\Persistence pays off ☆.csv,66,2014011040330,甘奈,诶～,大崎甘奈,【叶えて✰ゴールドフィッシュ】大崎甘奈,Persistence pays off ☆
大崎甘奈\【叶えて✰ゴールドフィッシュ】大崎甘奈\Persistence pays off ☆.csv,67,2014011040340,甘奈,要吃什么呢～,大崎甘奈,【叶えて✰ゴールドフィッシュ】大崎甘奈,Persistence pays off ☆
大崎甘奈\【叶えて✰ゴールドフィッシュ】大崎甘奈\Persistence pays off ☆.csv,68,2014011040350,甘奈,要吃什么呢～,大崎甘奈,【叶えて✰ゴールドフィッシュ】大崎甘奈,Persistence pays off ☆
大崎甘奈\【叶えて✰ゴールドフィッシュ】大崎甘奈\Request 1 _ Cooking.csv,2,2014011020010,甘奈,第一个☆,大崎甘奈,【叶えて✰ゴールドフィッシュ】大崎甘奈,Request 1 _ Cooking
大崎甘奈\【叶えて✰ゴールドフィッシュ】大崎甘奈\Request 1 _ Cooking.csv,3,2014011020020,甘奈,想吃制作人先生做的料理！,大崎甘奈,【叶えて✰ゴールドフィッシュ】大崎甘奈,Request 1 _ Cooking
大崎甘奈\【叶えて✰ゴールドフィッシュ】大崎甘奈\Request 1 _ Cooking.csv,5,2014011020030,甘奈,这边也准备好了～,大崎甘奈,【叶えて✰ゴールドフィッシュ】大崎甘奈,Request 1 _ Cooking
大崎甘奈\【叶えて✰ゴールドフィッシュ】大崎甘奈\Request 1 _ Cooking.csv,7,2014011020040,甘奈,嗯！,大崎甘奈,【叶えて✰ゴールドフィッシュ】大崎甘奈,Request 1 _ Cooking
大崎甘奈\【叶えて✰ゴールドフィッシュ】大崎甘奈\Request 1 _ Cooking.csv,10,2014011020050,甘奈,——没事！,大崎甘奈,【叶えて✰ゴールドフィッシュ】大崎甘奈,Request 1 _ Cooking
大崎甘奈\【叶えて✰ゴールドフィッシュ】大崎甘奈\Request 1 _ Cooking.csv,11,2014011020060,甘奈,一起煮饭，会更开心☆,大崎甘奈,【叶えて✰ゴールドフィッシュ】大崎甘奈,Request 1 _ Cooking
大崎甘奈\【叶えて✰ゴールドフィッシュ】大崎甘奈\Request 1 _ Cooking.csv,13,2014011020070,甘奈,诶嘿嘿，那就重新开始！,大崎甘奈,【叶えて✰ゴールドフィッシュ】大崎甘奈,Request 1 _ Cooking
大崎甘奈\【叶えて✰ゴールドフィッシュ】大崎甘奈\Request 1 _ Cooking.csv,14,2014011020080,甘奈,完成☆,大崎甘奈,【叶えて✰ゴールドフィッシュ】大崎甘奈,Request 1 _ Cooking
大崎甘奈\【叶えて✰ゴールドフィッシュ】大崎甘奈\Request 1 _ Cooking.csv,17,2014011020090,甘奈,"是之前，妈妈做的
有效缓解苦夏的美味食谱☆",大崎甘奈,【叶えて✰ゴールドフィッシュ】大崎甘奈,Request 1 _ Cooking
大崎甘奈\【叶えて✰ゴールドフィッシュ】大崎甘奈\Request 1 _ Cooking.csv,18,2014011020100,甘奈,"比如，梅干酱能促进食欲
这边的蔬菜饱含矿物质～",大崎甘奈,【叶えて✰ゴールドフィッシュ】大崎甘奈,Request 1 _ Cooking
大崎甘奈\【叶えて✰ゴールドフィッシュ】大崎甘奈\Request 1 _ Cooking.csv,20,2014011020110,甘奈,"嗯！ 所以，
制作人先生也要多吃点☆",大崎甘奈,【叶えて✰ゴールドフィッシュ】大崎甘奈,Request 1 _ Cooking
大崎甘奈\【叶えて✰ゴールドフィッシュ】大崎甘奈\Request 1 _ Cooking.csv,23,2014011020120,甘奈,也就偶尔帮帮妈妈而已～,大崎甘奈,【叶えて✰ゴールドフィッシュ】大崎甘奈,Request 1 _ Cooking
大崎甘奈\【叶えて✰ゴールドフィッシュ】大崎甘奈\Request 1 _ Cooking.csv,24,2014011020130,甘奈,制作人先生不常做菜吗？,大崎甘奈,【叶えて✰ゴールドフィッシュ】大崎甘奈,Request 1 _ Cooking
大崎甘奈\【叶えて✰ゴールドフィッシュ】大崎甘奈\Request 1 _ Cooking.csv,28,2014011020140,甘奈,啊，不过也不是完全不做菜啊,大崎甘奈,【叶えて✰ゴールドフィッシュ】大崎甘奈,Request 1 _ Cooking
大崎甘奈\【叶えて✰ゴールドフィッシュ】大崎甘奈\Request 1 _ Cooking.csv,29,2014011020150,甘奈,"甘奈还在想
是不是基本不做菜。对不起！",大崎甘奈,【叶えて✰ゴールドフィッシュ】大崎甘奈,Request 1 _ Cooking
大崎甘奈\【叶えて✰ゴールドフィッシュ】大崎甘奈\Request 1 _ Cooking.csv,32,2014011020160,甘奈,原来是这样啊～,大崎甘奈,【叶えて✰ゴールドフィッシュ】大崎甘奈,Request 1 _ Cooking
大崎甘奈\【叶えて✰ゴールドフィッシュ】大崎甘奈\Request 1 _ Cooking.csv,33,2014011020170,甘奈,不过，多少能理解……！,大崎甘奈,【叶えて✰ゴールドフィッシュ】大崎甘奈,Request 1 _ Cooking
大崎甘奈\【叶えて✰ゴールドフィッシュ】大崎甘奈\Request 1 _ Cooking.csv,34,2014011020180,甘奈,"帮忙的时候
甜花和大家都会说很好吃，所以会令人高兴",大崎甘奈,【叶えて✰ゴールドフィッシュ】大崎甘奈,Request 1 _ Cooking
大崎甘奈\【叶えて✰ゴールドフィッシュ】大崎甘奈\Request 1 _ Cooking.csv,35,2014011020190,甘奈,"或许就是因为这些话甘奈才会帮忙
但只有甘奈一个人的话，可能就和制作人先生一样了",大崎甘奈,【叶えて✰ゴールドフィッシュ】大崎甘奈,Request 1 _ Cooking
大崎甘奈\【叶えて✰ゴールドフィッシュ】大崎甘奈\Request 1 _ Cooking.csv,37,2014011020200,甘奈,一工作到很晚，就没东西吃了呢,大崎甘奈,【叶えて✰ゴールドフィッシュ】大崎甘奈,Request 1 _ Cooking
大崎甘奈\【叶えて✰ゴールドフィッシュ】大崎甘奈\Request 1 _ Cooking.csv,39,2014011020210,甘奈,也是……,大崎甘奈,【叶えて✰ゴールドフィッシュ】大崎甘奈,Request 1 _ Cooking
大崎甘奈\【叶えて✰ゴールドフィッシュ】大崎甘奈\Request 1 _ Cooking.csv,40,2014011020220,甘奈,"对了！ 制作人先生
可以来甘奈家里吃饭吗？",大崎甘奈,【叶えて✰ゴールドフィッシュ】大崎甘奈,Request 1 _ Cooking
大崎甘奈\【叶えて✰ゴールドフィッシュ】大崎甘奈\Request 1 _ Cooking.csv,41,2014011020230,甘奈,甜花也一定会高兴的！,大崎甘奈,【叶えて✰ゴールドフィッシュ】大崎甘奈,Request 1 _ Cooking
大崎甘奈\【叶えて✰ゴールドフィッシュ】大崎甘奈\Request 1 _ Cooking.csv,43,2014011020240,甘奈,嗯——，是吗……,大崎甘奈,【叶えて✰ゴールドフィッシュ】大崎甘奈,Request 1 _ Cooking
大崎甘奈\【叶えて✰ゴールドフィッシュ】大崎甘奈\Request 1 _ Cooking.csv,45,2014011020250,甘奈,因为工作很忙啊……,大崎甘奈,【叶えて✰ゴールドフィッシュ】大崎甘奈,Request 1 _ Cooking
大崎甘奈\【叶えて✰ゴールドフィッシュ】大崎甘奈\Request 1 _ Cooking.csv,48,2014011020260,甘奈,能这么做真令人高兴！,大崎甘奈,【叶えて✰ゴールドフィッシュ】大崎甘奈,Request 1 _ Cooking
大崎甘奈\【叶えて✰ゴールドフィッシュ】大崎甘奈\Request 1 _ Cooking.csv,50,2014011020270,甘奈,"制作人先生，
会不会越来越会做菜了呢",大崎甘奈,【叶えて✰ゴールドフィッシュ】大崎甘奈,Request 1 _ Cooking
大崎甘奈\【叶えて✰ゴールドフィッシュ】大崎甘奈\Request 1 _ Cooking.csv,52,2014011020280,甘奈,诶嘿嘿，真令人期待☆,大崎甘奈,【叶えて✰ゴールドフィッシュ】大崎甘奈,Request 1 _ Cooking
大崎甘奈\【叶えて✰ゴールドフィッシュ】大崎甘奈\Request 2 _ Exercising.csv,2,2014011030010,甘奈,第二个！,大崎甘奈,【叶えて✰ゴールドフィッシュ】大崎甘奈,Request 2 _ Exercising
大崎甘奈\【叶えて✰ゴールドフィッシュ】大崎甘奈\Request 2 _ Exercising.csv,3,2014011030020,甘奈,陪甘奈练习！,大崎甘奈,【叶えて✰ゴールドフィッシュ】大崎甘奈,Request 2 _ Exercising
大崎甘奈\【叶えて✰ゴールドフィッシュ】大崎甘奈\Request 2 _ Exercising.csv,5,2014011030021,甘奈＆プロデューサー,1，2，3，4！,大崎甘奈,【叶えて✰ゴールドフィッシュ】大崎甘奈,Request 2 _ Exercising
大崎甘奈\【叶えて✰ゴールドフィッシュ】大崎甘奈\Request 2 _ Exercising.csv,7,2014011030022,甘奈＆プロデューサー,5，6，7，8！,大崎甘奈,【叶えて✰ゴールドフィッシュ】大崎甘奈,Request 2 _ Exercising
大崎甘奈\【叶えて✰ゴールドフィッシュ】大崎甘奈\Request 2 _ Exercising.csv,9,2014011030030,甘奈,非常感谢！,大崎甘奈,【叶えて✰ゴールドフィッシュ】大崎甘奈,Request 2 _ Exercising
大崎甘奈\【叶えて✰ゴールドフィッシュ】大崎甘奈\Request 2 _ Exercising.csv,12,2014011030040,甘奈,诶嘿嘿～,大崎甘奈,【叶えて✰ゴールドフィッシュ】大崎甘奈,Request 2 _ Exercising
大崎甘奈\【叶えて✰ゴールドフィッシュ】大崎甘奈\Request 2 _ Exercising.csv,14,2014011030050,甘奈,好的！,大崎甘奈,【叶えて✰ゴールドフィッシュ】大崎甘奈,Request 2 _ Exercising
大崎甘奈\【叶えて✰ゴールドフィッシュ】大崎甘奈\Request 2 _ Exercising.csv,17,2014011030060,甘奈,辛苦了！,大崎甘奈,【叶えて✰ゴールドフィッシュ】大崎甘奈,Request 2 _ Exercising
大崎甘奈\【叶えて✰ゴールドフィッシュ】大崎甘奈\Request 2 _ Exercising.csv,20,2014011030070,甘奈,"制作人先生，辛苦了！
来，喝水！",大崎甘奈,【叶えて✰ゴールドフィッシュ】大崎甘奈,Request 2 _ Exercising
大崎甘奈\【叶えて✰ゴールドフィッシュ】大崎甘奈\Request 2 _ Exercising.csv,23,2014011030080,甘奈,"运动之后的水
是真的很好喝～",大崎甘奈,【叶えて✰ゴールドフィッシュ】大崎甘奈,Request 2 _ Exercising
大崎甘奈\【叶えて✰ゴールドフィッシュ】大崎甘奈\Request 2 _ Exercising.csv,30,2014011030090,甘奈,"嗯！ 当然可以！
制作人先生！",大崎甘奈,【叶えて✰ゴールドフィッシュ】大崎甘奈,Request 2 _ Exercising
大崎甘奈\【叶えて✰ゴールドフィッシュ】大崎甘奈\Request 2 _ Exercising.csv,31,2014011030100,甘奈,要从哪部分开始？,大崎甘奈,【叶えて✰ゴールドフィッシュ】大崎甘奈,Request 2 _ Exercising
大崎甘奈\【叶えて✰ゴールドフィッシュ】大崎甘奈\Request 2 _ Exercising.csv,33,2014011030110,甘奈,诶嘿嘿！ 了解☆,大崎甘奈,【叶えて✰ゴールドフィッシュ】大崎甘奈,Request 2 _ Exercising
大崎甘奈\【叶えて✰ゴールドフィッシュ】大崎甘奈\Request 2 _ Exercising.csv,34,2014011030120,甘奈,"那就马上决定在
这周末可以吗？",大崎甘奈,【叶えて✰ゴールドフィッシュ】大崎甘奈,Request 2 _ Exercising
大崎甘奈\【叶えて✰ゴールドフィッシュ】大崎甘奈\Request 2 _ Exercising.csv,36,2014011030130,甘奈,好——,大崎甘奈,【叶えて✰ゴールドフィッシュ】大崎甘奈,Request 2 _ Exercising
大崎甘奈\【叶えて✰ゴールドフィッシュ】大崎甘奈\Request 2 _ Exercising.csv,37,2014011030140,甘奈,"在能够承受的范围里
逐渐养成这个习惯吧！",大崎甘奈,【叶えて✰ゴールドフィッシュ】大崎甘奈,Request 2 _ Exercising
大崎甘奈\【叶えて✰ゴールドフィッシュ】大崎甘奈\Request 2 _ Exercising.csv,39,2014011030150,甘奈,"这个好！
甘奈可以一起走吗？",大崎甘奈,【叶えて✰ゴールドフィッシュ】大崎甘奈,Request 2 _ Exercising
大崎甘奈\【叶えて✰ゴールドフィッシュ】大崎甘奈\Request 2 _ Exercising.csv,41,2014011030160,甘奈,嗯！ 今天也没别的安排了～,大崎甘奈,【叶えて✰ゴールドフィッシュ】大崎甘奈,Request 2 _ Exercising
大崎甘奈\【叶えて✰ゴールドフィッシュ】大崎甘奈\Request 2 _ Exercising.csv,42,2014011030170,甘奈,"……啊！ 对了！
制作人先生，今天晚饭要吃什么？",大崎甘奈,【叶えて✰ゴールドフィッシュ】大崎甘奈,Request 2 _ Exercising
大崎甘奈\【叶えて✰ゴールドフィッシュ】大崎甘奈\Request 2 _ Exercising.csv,44,2014011030180,甘奈,凉面啊！ 了解☆,大崎甘奈,【叶えて✰ゴールドフィッシュ】大崎甘奈,Request 2 _ Exercising
大崎甘奈\【叶えて✰ゴールドフィッシュ】大崎甘奈\Request 2 _ Exercising.csv,45,2014011030190,甘奈,甘奈去附近超市买材料！,大崎甘奈,【叶えて✰ゴールドフィッシュ】大崎甘奈,Request 2 _ Exercising
大崎甘奈\【叶えて✰ゴールドフィッシュ】大崎甘奈\Request 2 _ Exercising.csv,46,2014011030200,甘奈,在卖完之前☆,大崎甘奈,【叶えて✰ゴールドフィッシュ】大崎甘奈,Request 2 _ Exercising
大崎甘奈\【叶えて✰ゴールドフィッシュ】大崎甘奈\Request 2 _ Exercising.csv,47,2014011030210,甘奈,晨活吧！,大崎甘奈,【叶えて✰ゴールドフィッシュ】大崎甘奈,Request 2 _ Exercising
大崎甘奈\【叶えて✰ゴールドフィッシュ】大崎甘奈\Request 2 _ Exercising.csv,49,2014011030220,甘奈,？ 不擅长早起吗？,大崎甘奈,【叶えて✰ゴールドフィッシュ】大崎甘奈,Request 2 _ Exercising
大崎甘奈\【叶えて✰ゴールドフィッシュ】大崎甘奈\Request 2 _ Exercising.csv,51,2014011030230,甘奈,是吗……,大崎甘奈,【叶えて✰ゴールドフィッシュ】大崎甘奈,Request 2 _ Exercising
大崎甘奈\【叶えて✰ゴールドフィッシュ】大崎甘奈\Request 2 _ Exercising.csv,52,2014011030240,甘奈,"如果制作人先生不觉得困扰的话
要试试打电话叫醒吗？",大崎甘奈,【叶えて✰ゴールドフィッシュ】大崎甘奈,Request 2 _ Exercising
大崎甘奈\【叶えて✰ゴールドフィッシュ】大崎甘奈\Request 2 _ Exercising.csv,54,2014011030250,甘奈,"甘奈本来就早起所以没事☆
毕竟要准备很多东西",大崎甘奈,【叶えて✰ゴールドフィッシュ】大崎甘奈,Request 2 _ Exercising
大崎甘奈\【叶えて✰ゴールドフィッシュ】大崎甘奈\Request 2 _ Exercising.csv,55,2014011030260,甘奈,交给甘奈吧！,大崎甘奈,【叶えて✰ゴールドフィッシュ】大崎甘奈,Request 2 _ Exercising
大崎甘奈\【叶えて✰ゴールドフィッシュ】大崎甘奈\Scooping and Wishing.csv,3,2014011010010,甘奈,"诶嘿嘿，谢谢！
因为甘奈很喜欢这件浴衣～",大崎甘奈,【叶えて✰ゴールドフィッシュ】大崎甘奈,Scooping and Wishing
大崎甘奈\【叶えて✰ゴールドフィッシュ】大崎甘奈\Scooping and Wishing.csv,4,2014011010020,甘奈,要说为什么～——,大崎甘奈,【叶えて✰ゴールドフィッシュ】大崎甘奈,Scooping and Wishing
大崎甘奈\【叶えて✰ゴールドフィッシュ】大崎甘奈\Scooping and Wishing.csv,6,2014011010030,甘奈,诶嘿嘿，被发现了～,大崎甘奈,【叶えて✰ゴールドフィッシュ】大崎甘奈,Scooping and Wishing
大崎甘奈\【叶えて✰ゴールドフィッシュ】大崎甘奈\Scooping and Wishing.csv,8,2014011010040,甘奈,？ 制作人先生？,大崎甘奈,【叶えて✰ゴールドフィッシュ】大崎甘奈,Scooping and Wishing
大崎甘奈\【叶えて✰ゴールドフィッシュ】大崎甘奈\Scooping and Wishing.csv,10,2014011010050,甘奈,啊～！ 又来了～！,大崎甘奈,【叶えて✰ゴールドフィッシュ】大崎甘奈,Scooping and Wishing
大崎甘奈\【叶えて✰ゴールドフィッシュ】大崎甘奈\Scooping and Wishing.csv,11,2014011010060,甘奈,"之前也说过
不好好吃饭的话，会犯苦夏的～！",大崎甘奈,【叶えて✰ゴールドフィッシュ】大崎甘奈,Scooping and Wishing
大崎甘奈\【叶えて✰ゴールドフィッシュ】大崎甘奈\Scooping and Wishing.csv,13,2014011010070,甘奈,真的不注意不行哦～？,大崎甘奈,【叶えて✰ゴールドフィッシュ】大崎甘奈,Scooping and Wishing
大崎甘奈\【叶えて✰ゴールドフィッシュ】大崎甘奈\Scooping and Wishing.csv,14,2014011010080,甘奈,总之，先去找个地方吃东西吧,大崎甘奈,【叶えて✰ゴールドフィッシュ】大崎甘奈,Scooping and Wishing
大崎甘奈\【叶えて✰ゴールドフィッシュ】大崎甘奈\Scooping and Wishing.csv,15,2014011010090,甘奈,嗯——……附近好像没有……,大崎甘奈,【叶えて✰ゴールドフィッシュ】大崎甘奈,Scooping and Wishing
大崎甘奈\【叶えて✰ゴールドフィッシュ】大崎甘奈\Scooping and Wishing.csv,17,2014011010100,甘奈,咦，有听到什么吗？,大崎甘奈,【叶えて✰ゴールドフィッシュ】大崎甘奈,Scooping and Wishing
大崎甘奈\【叶えて✰ゴールドフィッシュ】大崎甘奈\Scooping and Wishing.csv,19,2014011010110,甘奈,章鱼丸子，松松脆脆的～,大崎甘奈,【叶えて✰ゴールドフィッシュ】大崎甘奈,Scooping and Wishing
大崎甘奈\【叶えて✰ゴールドフィッシュ】大崎甘奈\Scooping and Wishing.csv,21,2014011010120,甘奈,"——啊！ 
制作人先生，沾上了海苔",大崎甘奈,【叶えて✰ゴールドフィッシュ】大崎甘奈,Scooping and Wishing
大崎甘奈\【叶えて✰ゴールドフィッシュ】大崎甘奈\Scooping and Wishing.csv,23,2014011010130,甘奈,嘴边～,大崎甘奈,【叶えて✰ゴールドフィッシュ】大崎甘奈,Scooping and Wishing
大崎甘奈\【叶えて✰ゴールドフィッシュ】大崎甘奈\Scooping and Wishing.csv,25,2014011010140,甘奈,"嗯！ 刚好☆ 
制作人先生吃饱了吗？",大崎甘奈,【叶えて✰ゴールドフィッシュ】大崎甘奈,Scooping and Wishing
大崎甘奈\【叶えて✰ゴールドフィッシュ】大崎甘奈\Scooping and Wishing.csv,28,2014011010150,甘奈,可以吗？,大崎甘奈,【叶えて✰ゴールドフィッシュ】大崎甘奈,Scooping and Wishing
大崎甘奈\【叶えて✰ゴールドフィッシュ】大崎甘奈\Scooping and Wishing.csv,30,2014011010160,甘奈,那～……捞金鱼,大崎甘奈,【叶えて✰ゴールドフィッシュ】大崎甘奈,Scooping and Wishing
大崎甘奈\【叶えて✰ゴールドフィッシュ】大崎甘奈\Scooping and Wishing.csv,31,2014011010170,甘奈,啊！ 破掉了～,大崎甘奈,【叶えて✰ゴールドフィッシュ】大崎甘奈,Scooping and Wishing
大崎甘奈\【叶えて✰ゴールドフィッシュ】大崎甘奈\Scooping and Wishing.csv,33,2014011010180,甘奈,以前明明捞得起来的～,大崎甘奈,【叶えて✰ゴールドフィッシュ】大崎甘奈,Scooping and Wishing
大崎甘奈\【叶えて✰ゴールドフィッシュ】大崎甘奈\Scooping and Wishing.csv,35,2014011010190,甘奈,嗯！ 以前常和甜花捞金鱼！,大崎甘奈,【叶えて✰ゴールドフィッシュ】大崎甘奈,Scooping and Wishing
大崎甘奈\【叶えて✰ゴールドフィッシュ】大崎甘奈\Scooping and Wishing.csv,36,2014011010200,甘奈,"然后啊，捞到更多金鱼的人
捞到几只就可以许几个愿望，这么比的",大崎甘奈,【叶えて✰ゴールドフィッシュ】大崎甘奈,Scooping and Wishing
大崎甘奈\【叶えて✰ゴールドフィッシュ】大崎甘奈\Scooping and Wishing.csv,38,2014011010210,甘奈,诶嘿嘿，是吧～,大崎甘奈,【叶えて✰ゴールドフィッシュ】大崎甘奈,Scooping and Wishing
大崎甘奈\【叶えて✰ゴールドフィッシュ】大崎甘奈\Scooping and Wishing.csv,39,2014011010220,甘奈,"！ 对了……！
制作人，要不要试试？",大崎甘奈,【叶えて✰ゴールドフィッシュ】大崎甘奈,Scooping and Wishing
大崎甘奈\【叶えて✰ゴールドフィッシュ】大崎甘奈\Scooping and Wishing.csv,41,2014011010230,甘奈,"对战！
甘奈和制作人！",大崎甘奈,【叶えて✰ゴールドフィッシュ】大崎甘奈,Scooping and Wishing
大崎甘奈\【叶えて✰ゴールドフィッシュ】大崎甘奈\Scooping and Wishing.csv,43,2014011010240,甘奈,好——☆,大崎甘奈,【叶えて✰ゴールドフィッシュ】大崎甘奈,Scooping and Wishing
大崎甘奈\【叶えて✰ゴールドフィッシュ】大崎甘奈\Scooping and Wishing.csv,44,2014011010250,甘奈,啊～，破掉了～,大崎甘奈,【叶えて✰ゴールドフィッシュ】大崎甘奈,Scooping and Wishing
大崎甘奈\【叶えて✰ゴールドフィッシュ】大崎甘奈\Scooping and Wishing.csv,46,2014011010260,甘奈,怎么样？,大崎甘奈,【叶えて✰ゴールドフィッシュ】大崎甘奈,Scooping and Wishing
大崎甘奈\【叶えて✰ゴールドフィッシュ】大崎甘奈\Scooping and Wishing.csv,48,2014011010270,甘奈,"啊！ 甘奈赢了！？
太好了☆",大崎甘奈,【叶えて✰ゴールドフィッシュ】大崎甘奈,Scooping and Wishing
大崎甘奈\【叶えて✰ゴールドフィッシュ】大崎甘奈\Scooping and Wishing.csv,49,2014011010280,甘奈,那，就马上听听甘奈的愿望吧☆,大崎甘奈,【叶えて✰ゴールドフィッシュ】大崎甘奈,Scooping and Wishing
大崎甘奈\【叶えて✰ゴールドフィッシュ】大崎甘奈\Scooping and Wishing.csv,51,2014011010290,甘奈,"那么那么～……！
希望制作人能做的是～——",大崎甘奈,【叶えて✰ゴールドフィッシュ】大崎甘奈,Scooping and Wishing
大崎甘奈\【幸せのりんご飴】大崎甘奈\それぞれの関係.csv,2,3014004030010,甘奈,那家图书咖啡馆果然很棒呢☆,大崎甘奈,【幸せのりんご飴】大崎甘奈,それぞれの関係
大崎甘奈\【幸せのりんご飴】大崎甘奈\それぞれの関係.csv,3,3014004030020,甘奈,"千雪姐，今天谢谢你了
能再一起去那里真的很开心！",大崎甘奈,【幸せのりんご飴】大崎甘奈,それぞれの関係
大崎甘奈\【幸せのりんご飴】大崎甘奈\それぞれの関係.csv,6,3014004030050,甘奈,"不知不觉就过了很长时间！
回过神来都这个时候了！",大崎甘奈,【幸せのりんご飴】大崎甘奈,それぞれの関係
大崎甘奈\【幸せのりんご飴】大崎甘奈\それぞれの関係.csv,7,3014004030060,甘奈,"那家店的氛围也很好，
是不是因为有很多有趣的书呢……？",大崎甘奈,【幸せのりんご飴】大崎甘奈,それぞれの関係
大崎甘奈\【幸せのりんご飴】大崎甘奈\それぞれの関係.csv,9,3014004030080,甘奈,"嗯☆今天买了以
超可爱女孩子为主角的小说和绘本！",大崎甘奈,【幸せのりんご飴】大崎甘奈,それぞれの関係
大崎甘奈\【幸せのりんご飴】大崎甘奈\それぞれの関係.csv,11,3014004030100,甘奈,不是，是收进了教科书里的小说,大崎甘奈,【幸せのりんご飴】大崎甘奈,それぞれの関係
大崎甘奈\【幸せのりんご飴】大崎甘奈\それぞれの関係.csv,12,3014004030110,甘奈,以前老师上课时说过，看完这本小说很有意思,大崎甘奈,【幸せのりんご飴】大崎甘奈,それぞれの関係
大崎甘奈\【幸せのりんご飴】大崎甘奈\それぞれの関係.csv,15,3014004030140,甘奈,"嗯
所以甘奈很期待里面的内容☆",大崎甘奈,【幸せのりんご飴】大崎甘奈,それぞれの関係
大崎甘奈\【幸せのりんご飴】大崎甘奈\それぞれの関係.csv,16,3014004030150,甘奈,然后，这是绘本！,大崎甘奈,【幸せのりんご飴】大崎甘奈,それぞれの関係
大崎甘奈\【幸せのりんご飴】大崎甘奈\それぞれの関係.csv,17,3014004030160,甘奈,小时候让别人读过，甘奈很喜欢里面的故事,大崎甘奈,【幸せのりんご飴】大崎甘奈,それぞれの関係
大崎甘奈\【幸せのりんご飴】大崎甘奈\それぞれの関係.csv,18,3014004030170,甘奈,"所以在想
和甜花一起看的话也许会很开心☆",大崎甘奈,【幸せのりんご飴】大崎甘奈,それぞれの関係
大崎甘奈\【幸せのりんご飴】大崎甘奈\それぞれの関係.csv,20,3014004030190,甘奈,"诶，千雪姐也看过啊！
非常引人入胜对吧",大崎甘奈,【幸せのりんご飴】大崎甘奈,それぞれの関係
大崎甘奈\【幸せのりんご飴】大崎甘奈\それぞれの関係.csv,23,3014004030220,甘奈,"千雪姐的弟弟吗，之前给甘奈看过照片呢
非常可爱～",大崎甘奈,【幸せのりんご飴】大崎甘奈,それぞれの関係
大崎甘奈\【幸せのりんご飴】大崎甘奈\それぞれの関係.csv,26,3014004030250,甘奈,现在不让拍了吗？,大崎甘奈,【幸せのりんご飴】大崎甘奈,それぞれの関係
大崎甘奈\【幸せのりんご飴】大崎甘奈\それぞれの関係.csv,28,3014004030270,甘奈,"欸，会有这种反应啊
姐弟的话，会变成这样吗？",大崎甘奈,【幸せのりんご飴】大崎甘奈,それぞれの関係
大崎甘奈\【幸せのりんご飴】大崎甘奈\それぞれの関係.csv,29,3014004030280,甘奈,"甘奈和甜花
现在也还是会牵手呢",大崎甘奈,【幸せのりんご飴】大崎甘奈,それぞれの関係
大崎甘奈\【幸せのりんご飴】大崎甘奈\それぞれの関係.csv,31,3014004030300,甘奈,"诶嘿嘿，啊，但是，和以前有了不一样反应……
会不会有些寂寞？",大崎甘奈,【幸せのりんご飴】大崎甘奈,それぞれの関係
大崎甘奈\【幸せのりんご飴】大崎甘奈\それぞれの関係.csv,34,3014004030330,甘奈,"这样啊
并不是关系变差了呢",大崎甘奈,【幸せのりんご飴】大崎甘奈,それぞれの関係
大崎甘奈\【幸せのりんご飴】大崎甘奈\それぞれの関係.csv,36,3014004030350,甘奈,关系变得不一样吗……,大崎甘奈,【幸せのりんご飴】大崎甘奈,それぞれの関係
大崎甘奈\【幸せのりんご飴】大崎甘奈\それぞれの関係.csv,38,3014004030370,甘奈,"甘奈和甜花又如何呢……
今后我们之间的关系会不会改变呢……",大崎甘奈,【幸せのりんご飴】大崎甘奈,それぞれの関係
大崎甘奈\【幸せのりんご飴】大崎甘奈\それぞれの関係.csv,40,3014004030390,甘奈,"与其说是害怕……
还从来没有想过这种事情呢……",大崎甘奈,【幸せのりんご飴】大崎甘奈,それぞれの関係
大崎甘奈\【幸せのりんご飴】大崎甘奈\それぞれの関係.csv,41,3014004030400,甘奈,"一直以来……然后现在也一直在一起……
该说是根本无法想象吗……",大崎甘奈,【幸せのりんご飴】大崎甘奈,それぞれの関係
大崎甘奈\【幸せのりんご飴】大崎甘奈\それぞれの関係.csv,44,3014004030430,甘奈,！ 千雪姐……,大崎甘奈,【幸せのりんご飴】大崎甘奈,それぞれの関係
大崎甘奈\【幸せのりんご飴】大崎甘奈\それぞれの関係.csv,48,3014004030470,甘奈,……是吗,大崎甘奈,【幸せのりんご飴】大崎甘奈,それぞれの関係
大崎甘奈\【幸せのりんご飴】大崎甘奈\それぞれの関係.csv,49,3014004030480,甘奈,"“关系成长了”……
也可以这样想呢……",大崎甘奈,【幸せのりんご飴】大崎甘奈,それぞれの関係
大崎甘奈\【幸せのりんご飴】大崎甘奈\それぞれの関係.csv,50,3014004030490,甘奈,"总觉得……
是件非常棒的事情……！",大崎甘奈,【幸せのりんご飴】大崎甘奈,それぞれの関係
大崎甘奈\【幸せのりんご飴】大崎甘奈\それぞれの関係.csv,51,3014004030500,甘奈,"感觉甘奈我们的今后，会变得更加开心呢
谢谢你！千雪姐",大崎甘奈,【幸せのりんご飴】大崎甘奈,それぞれの関係
大崎甘奈\【幸せのりんご飴】大崎甘奈\どこがいいかな☆.csv,2,3014004010010,甘奈,我开动了☆,大崎甘奈,【幸せのりんご飴】大崎甘奈,どこがいいかな☆
大崎甘奈\【幸せのりんご飴】大崎甘奈\どこがいいかな☆.csv,6,3014004010050,甘奈,"嗯……！感觉连甘奈都要溶化了～
果然这里的意式冰淇淋是最棒的呢！",大崎甘奈,【幸せのりんご飴】大崎甘奈,どこがいいかな☆
大崎甘奈\【幸せのりんご飴】大崎甘奈\どこがいいかな☆.csv,8,3014004010070,甘奈,嘿嘿，甜花，沾到脸上了哦☆,大崎甘奈,【幸せのりんご飴】大崎甘奈,どこがいいかな☆
大崎甘奈\【幸せのりんご飴】大崎甘奈\どこがいいかな☆.csv,10,3014004010090,甘奈,别动哦……,大崎甘奈,【幸せのりんご飴】大崎甘奈,どこがいいかな☆
大崎甘奈\【幸せのりんご飴】大崎甘奈\どこがいいかな☆.csv,11,3014004010100,甘奈,好，擦干净了，甜花☆,大崎甘奈,【幸せのりんご飴】大崎甘奈,どこがいいかな☆
大崎甘奈\【幸せのりんご飴】大崎甘奈\どこがいいかな☆.csv,13,3014004010120,甘奈,不用谢☆,大崎甘奈,【幸せのりんご飴】大崎甘奈,どこがいいかな☆
大崎甘奈\【幸せのりんご飴】大崎甘奈\どこがいいかな☆.csv,15,3014004010140,甘奈,嗯？,大崎甘奈,【幸せのりんご飴】大崎甘奈,どこがいいかな☆
大崎甘奈\【幸せのりんご飴】大崎甘奈\どこがいいかな☆.csv,17,3014004010160,甘奈,"诶嘿嘿，谢谢你，甜花！
太好吃了，一下子就吃完了呢～",大崎甘奈,【幸せのりんご飴】大崎甘奈,どこがいいかな☆
大崎甘奈\【幸せのりんご飴】大崎甘奈\どこがいいかな☆.csv,20,3014004010190,甘奈,"有吗？
之前──啊，那个时候！",大崎甘奈,【幸せのりんご飴】大崎甘奈,どこがいいかな☆
大崎甘奈\【幸せのりんご飴】大崎甘奈\どこがいいかな☆.csv,22,3014004010210,甘奈,哦，那个时候──,大崎甘奈,【幸せのりんご飴】大崎甘奈,どこがいいかな☆
大崎甘奈\【幸せのりんご飴】大崎甘奈\どこがいいかな☆.csv,23,3014004010220,甘奈,要是这里能近一点就好了～,大崎甘奈,【幸せのりんご飴】大崎甘奈,どこがいいかな☆
大崎甘奈\【幸せのりんご飴】大崎甘奈\どこがいいかな☆.csv,25,3014004010240,甘奈,"毕竟不在范围内呢～
这里东西真的很好吃，有些遗憾",大崎甘奈,【幸せのりんご飴】大崎甘奈,どこがいいかな☆
大崎甘奈\【幸せのりんご飴】大崎甘奈\どこがいいかな☆.csv,27,3014004010260,甘奈,"唔……
有很多候选地，决定不了啊～",大崎甘奈,【幸せのりんご飴】大崎甘奈,どこがいいかな☆
大崎甘奈\【幸せのりんご飴】大崎甘奈\どこがいいかな☆.csv,29,3014004010280,甘奈,"嗯──去散散步，上网查一下
还有和朋友聊聊看？",大崎甘奈,【幸せのりんご飴】大崎甘奈,どこがいいかな☆
大崎甘奈\【幸せのりんご飴】大崎甘奈\どこがいいかな☆.csv,30,3014004010290,甘奈,"啊！ 放松一下也很有必要哦
好想法有时候就是在休息时想到的！",大崎甘奈,【幸せのりんご飴】大崎甘奈,どこがいいかな☆
大崎甘奈\【幸せのりんご飴】大崎甘奈\どこがいいかな☆.csv,32,3014004010310,甘奈,诶嘿嘿，或许甜花午睡的时候能想到呢,大崎甘奈,【幸せのりんご飴】大崎甘奈,どこがいいかな☆
大崎甘奈\【幸せのりんご飴】大崎甘奈\どこがいいかな☆.csv,36,3014004010350,甘奈,"说起来，好像是这样呢……
不过，工作也很开心！",大崎甘奈,【幸せのりんご飴】大崎甘奈,どこがいいかな☆
大崎甘奈\【幸せのりんご飴】大崎甘奈\どこがいいかな☆.csv,38,3014004010370,甘奈,"唔，现在确实忙一些了
最近……都没有看过书",大崎甘奈,【幸せのりんご飴】大崎甘奈,どこがいいかな☆
大崎甘奈\【幸せのりんご飴】大崎甘奈\どこがいいかな☆.csv,40,3014004010390,甘奈,甜花，不用这么担心呀,大崎甘奈,【幸せのりんご飴】大崎甘奈,どこがいいかな☆
大崎甘奈\【幸せのりんご飴】大崎甘奈\どこがいいかな☆.csv,41,3014004010400,甘奈,而且，要说忙的话，甜花也一样吧？,大崎甘奈,【幸せのりんご飴】大崎甘奈,どこがいいかな☆
大崎甘奈\【幸せのりんご飴】大崎甘奈\どこがいいかな☆.csv,42,3014004010410,甘奈,甜花也有和甘奈一起练习什么的，自己的时间减少了吧？,大崎甘奈,【幸せのりんご飴】大崎甘奈,どこがいいかな☆
大崎甘奈\【幸せのりんご飴】大崎甘奈\どこがいいかな☆.csv,44,3014004010430,甘奈,"最近，很少见甜花玩游戏呢
甘奈，有点担心啊",大崎甘奈,【幸せのりんご飴】大崎甘奈,どこがいいかな☆
大崎甘奈\【幸せのりんご飴】大崎甘奈\どこがいいかな☆.csv,47,3014004010460,甘奈,……甜花……！,大崎甘奈,【幸せのりんご飴】大崎甘奈,どこがいいかな☆
大崎甘奈\【幸せのりんご飴】大崎甘奈\どこがいいかな☆.csv,48,3014004010470,甘奈,"……嗯！
知道了……甘奈会为你加油的！",大崎甘奈,【幸せのりんご飴】大崎甘奈,どこがいいかな☆
大崎甘奈\【幸せのりんご飴】大崎甘奈\どこがいいかな☆.csv,50,3014004010490,甘奈,"嗯，加油吧
……啊！甘奈有个建议！",大崎甘奈,【幸せのりんご飴】大崎甘奈,どこがいいかな☆
大崎甘奈\【幸せのりんご飴】大崎甘奈\どこがいいかな☆.csv,52,3014004010510,甘奈,这次的工作，各自推荐的地方互相保密！,大崎甘奈,【幸せのりんご飴】大崎甘奈,どこがいいかな☆
大崎甘奈\【幸せのりんご飴】大崎甘奈\どこがいいかな☆.csv,53,3014004010520,甘奈,然后，等到发表那天再去看结果！,大崎甘奈,【幸せのりんご飴】大崎甘奈,どこがいいかな☆
大崎甘奈\【幸せのりんご飴】大崎甘奈\どこがいいかな☆.csv,54,3014004010530,甘奈,"甘奈我们，至今为止总是一起做决定
试试和平时不一样的做法也不错吧？",大崎甘奈,【幸せのりんご飴】大崎甘奈,どこがいいかな☆
大崎甘奈\【幸せのりんご飴】大崎甘奈\どこがいいかな☆.csv,57,3014004010560,甘奈,"那就决定了！
诶嘿嘿，甜花会选哪里呢，好期待啊☆",大崎甘奈,【幸せのりんご飴】大崎甘奈,どこがいいかな☆
大崎甘奈\【幸せのりんご飴】大崎甘奈\仲良しの『いただきます』.csv,3,3014004020020,甘奈,"甜花等一下等一下！
“我开动了”还没有说呢！",大崎甘奈,【幸せのりんご飴】大崎甘奈,仲良しの『いただきます』
大崎甘奈\【幸せのりんご飴】大崎甘奈\仲良しの『いただきます』.csv,6,3014004020050,甘奈,"不行不行，难得三个人一起吃
要三个人一起说“我开动了”才行！",大崎甘奈,【幸せのりんご飴】大崎甘奈,仲良しの『いただきます』
大崎甘奈\【幸せのりんご飴】大崎甘奈\仲良しの『いただきます』.csv,9,3014004020080,甘奈,"所以大家一起来！
预备──",大崎甘奈,【幸せのりんご飴】大崎甘奈,仲良しの『いただきます』
大崎甘奈\【幸せのりんご飴】大崎甘奈\仲良しの『いただきます』.csv,11,3014004020090,甘奈,嗯──，还没有去看过的地方……,大崎甘奈,【幸せのりんご飴】大崎甘奈,仲良しの『いただきます』
大崎甘奈\【幸せのりんご飴】大崎甘奈\仲良しの『いただきます』.csv,14,3014004020120,甘奈,"不错呢☆
刨冰也还没吃过！",大崎甘奈,【幸せのりんご飴】大崎甘奈,仲良しの『いただきます』
大崎甘奈\【幸せのりんご飴】大崎甘奈\仲良しの『いただきます』.csv,16,3014004020140,甘奈,"太好了！
那我们赶紧走吧☆",大崎甘奈,【幸せのりんご飴】大崎甘奈,仲良しの『いただきます』
大崎甘奈\【幸せのりんご飴】大崎甘奈\仲良しの『いただきます』.csv,18,3014004020160,甘奈,"真的呢！
选哪种好呢～……",大崎甘奈,【幸せのりんご飴】大崎甘奈,仲良しの『いただきます』
大崎甘奈\【幸せのりんご飴】大崎甘奈\仲良しの『いただきます』.csv,20,3014004020180,甘奈,嗯……,大崎甘奈,【幸せのりんご飴】大崎甘奈,仲良しの『いただきます』
大崎甘奈\【幸せのりんご飴】大崎甘奈\仲良しの『いただきます』.csv,21,3014004020190,甘奈,"好，决定了
甘奈选草莓味☆",大崎甘奈,【幸せのりんご飴】大崎甘奈,仲良しの『いただきます』
大崎甘奈\【幸せのりんご飴】大崎甘奈\仲良しの『いただきます』.csv,27,3014004020250,甘奈,千雪，甜花,大崎甘奈,【幸せのりんご飴】大崎甘奈,仲良しの『いただきます』
大崎甘奈\【幸せのりんご飴】大崎甘奈\仲良しの『いただきます』.csv,28,3014004020260,甘奈,"那边有自动售货机
去那里买葡萄果汁，自己做葡萄味刨冰怎么样？",大崎甘奈,【幸せのりんご飴】大崎甘奈,仲良しの『いただきます』
大崎甘奈\【幸せのりんご飴】大崎甘奈\仲良しの『いただきます』.csv,30,3014004020280,甘奈,甘奈的朋友说过，果汁加刨冰也很好吃☆,大崎甘奈,【幸せのりんご飴】大崎甘奈,仲良しの『いただきます』
大崎甘奈\【幸せのりんご飴】大崎甘奈\仲良しの『いただきます』.csv,32,3014004020300,甘奈,嘿嘿，这是朋友想出来的啦☆,大崎甘奈,【幸せのりんご飴】大崎甘奈,仲良しの『いただきます』
大崎甘奈\【幸せのりんご飴】大崎甘奈\仲良しの『いただきます』.csv,33,3014004020310,甘奈,正好有葡萄味果汁，太好了☆,大崎甘奈,【幸せのりんご飴】大崎甘奈,仲良しの『いただきます』
大崎甘奈\【幸せのりんご飴】大崎甘奈\仲良しの『いただきます』.csv,37,3014004020350,甘奈,"看起来挺好吃的！甜花
那么，大家一起吃吧☆",大崎甘奈,【幸せのりんご飴】大崎甘奈,仲良しの『いただきます』
大崎甘奈\【幸せのりんご飴】大崎甘奈\仲良しの『いただきます』.csv,39,3014004020360,甘奈,呜！好冰啊！,大崎甘奈,【幸せのりんご飴】大崎甘奈,仲良しの『いただきます』
大崎甘奈\【幸せのりんご飴】大崎甘奈\仲良しの『いただきます』.csv,45,3014004020420,甘奈,啊…… 也尝尝甘奈的这份吧☆,大崎甘奈,【幸せのりんご飴】大崎甘奈,仲良しの『いただきます』
大崎甘奈\【幸せのりんご飴】大崎甘奈\仲良しの『いただきます』.csv,48,3014004020450,甘奈,谢谢你！千雪姐！,大崎甘奈,【幸せのりんご飴】大崎甘奈,仲良しの『いただきます』
大崎甘奈\【幸せのりんご飴】大崎甘奈\仲良しの『いただきます』.csv,49,3014004020460,甘奈,……好吃──☆,大崎甘奈,【幸せのりんご飴】大崎甘奈,仲良しの『いただきます』
大崎甘奈\【幸せのりんご飴】大崎甘奈\仲良しの『いただきます』.csv,55,3014004020520,甘奈,"诶嘿嘿，甘奈也没想到会这么好吃
有些吃惊呢",大崎甘奈,【幸せのりんご飴】大崎甘奈,仲良しの『いただきます』
大崎甘奈\【幸せのりんご飴】大崎甘奈\仲良しの『いただきます』.csv,58,3014004020550,甘奈,"在事务所做刨冰……！
是个好主意呢☆",大崎甘奈,【幸せのりんご飴】大崎甘奈,仲良しの『いただきます』
大崎甘奈\【幸せのりんご飴】大崎甘奈\仲良しの『いただきます』.csv,61,3014004020580,甘奈,噢～！甜花原创刨冰呢☆,大崎甘奈,【幸せのりんご飴】大崎甘奈,仲良しの『いただきます』
大崎甘奈\【幸せのりんご飴】大崎甘奈\仲良しの『いただきます』.csv,62,3014004020590,甘奈,那甘奈也要做独创口味的刨冰☆,大崎甘奈,【幸せのりんご飴】大崎甘奈,仲良しの『いただきます』
大崎甘奈\【幸せのりんご飴】大崎甘奈\仲良しの『いただきます』.csv,64,3014004020610,甘奈,诶嘿嘿，嗯☆,大崎甘奈,【幸せのりんご飴】大崎甘奈,仲良しの『いただきます』
大崎甘奈\【挑戦アトラクティブ】大崎甘奈\【挑戦アトラクティブ】大崎甘奈P_1.csv,10,2014020010010,甘奈,,大崎甘奈,【挑戦アトラクティブ】大崎甘奈,【挑戦アトラクティブ】大崎甘奈P_1
大崎甘奈\【挑戦アトラクティブ】大崎甘奈\【挑戦アトラクティブ】大崎甘奈P_1.csv,12,2014020010020,甘奈,"嗯……
甘奈的心也完全被俘虏了呢……！",大崎甘奈,【挑戦アトラクティブ】大崎甘奈,【挑戦アトラクティブ】大崎甘奈P_1
大崎甘奈\【挑戦アトラクティブ】大崎甘奈\【挑戦アトラクティブ】大崎甘奈P_1.csv,13,2014020010030,甘奈,"真的会让人有种……
世界的主角就是剧中人的感觉……",大崎甘奈,【挑戦アトラクティブ】大崎甘奈,【挑戦アトラクティブ】大崎甘奈P_1
大崎甘奈\【挑戦アトラクティブ】大崎甘奈\【挑戦アトラクティブ】大崎甘奈P_1.csv,17,2014020010040,甘奈,……说实话，应该，挺难的吧,大崎甘奈,【挑戦アトラクティブ】大崎甘奈,【挑戦アトラクティブ】大崎甘奈P_1
大崎甘奈\【挑戦アトラクティブ】大崎甘奈\【挑戦アトラクティブ】大崎甘奈P_1.csv,18,2014020010050,甘奈,"这还是甘奈第一次受邀参加需要展现这种气场的工作
现在的甘奈，还不具备这种大人的魅力",大崎甘奈,【挑戦アトラクティブ】大崎甘奈,【挑戦アトラクティブ】大崎甘奈P_1
大崎甘奈\【挑戦アトラクティブ】大崎甘奈\【挑戦アトラクティブ】大崎甘奈P_1.csv,20,2014020010060,甘奈,"……诶嘿嘿，谢谢制作人的信任！
但，事实就是如此，所以没关系",大崎甘奈,【挑戦アトラクティブ】大崎甘奈,【挑戦アトラクティブ】大崎甘奈P_1
大崎甘奈\【挑戦アトラクティブ】大崎甘奈\【挑戦アトラクティブ】大崎甘奈P_1.csv,21,2014020010070,甘奈,而且……,大崎甘奈,【挑戦アトラクティブ】大崎甘奈,【挑戦アトラクティブ】大崎甘奈P_1
大崎甘奈\【挑戦アトラクティブ】大崎甘奈\【挑戦アトラクティブ】大崎甘奈P_1.csv,22,2014020010080,甘奈,"如果现在还不具备的话
想办法去获取不就好了",大崎甘奈,【挑戦アトラクティブ】大崎甘奈,【挑戦アトラクティブ】大崎甘奈P_1
大崎甘奈\【挑戦アトラクティブ】大崎甘奈\【挑戦アトラクティブ】大崎甘奈P_1.csv,24,2014020010090,甘奈,"制作人，这份工作
就让我接下吧！",大崎甘奈,【挑戦アトラクティブ】大崎甘奈,【挑戦アトラクティブ】大崎甘奈P_1
大崎甘奈\【挑戦アトラクティブ】大崎甘奈\【挑戦アトラクティブ】大崎甘奈P_1.csv,27,2014020010100,甘奈,"那……能给我一天时间吗？
甘奈会去考虑一下！",大崎甘奈,【挑戦アトラクティブ】大崎甘奈,【挑戦アトラクティブ】大崎甘奈P_1
大崎甘奈\【挑戦アトラクティブ】大崎甘奈\【挑戦アトラクティブ】大崎甘奈P_1.csv,28,2014020010110,甘奈,"噔噔！
甘奈都整理好了！",大崎甘奈,【挑戦アトラクティブ】大崎甘奈,【挑戦アトラクティブ】大崎甘奈P_1
大崎甘奈\【挑戦アトラクティブ】大崎甘奈\【挑戦アトラクティブ】大崎甘奈P_1.csv,31,2014020010120,甘奈,诶嘿嘿……,大崎甘奈,【挑戦アトラクティブ】大崎甘奈,【挑戦アトラクティブ】大崎甘奈P_1
大崎甘奈\【挑戦アトラクティブ】大崎甘奈\【挑戦アトラクティブ】大崎甘奈P_1.csv,33,2014020010130,甘奈,"不用读出来啦～！
感觉有点羞耻",大崎甘奈,【挑戦アトラクティブ】大崎甘奈,【挑戦アトラクティブ】大崎甘奈P_1
大崎甘奈\【挑戦アトラクティブ】大崎甘奈\【挑戦アトラクティブ】大崎甘奈P_1.csv,35,2014020010140,甘奈,真是的～！,大崎甘奈,【挑戦アトラクティブ】大崎甘奈,【挑戦アトラクティブ】大崎甘奈P_1
大崎甘奈\【挑戦アトラクティブ】大崎甘奈\【挑戦アトラクティブ】大崎甘奈P_1.csv,37,2014020010150,甘奈,好耶！,大崎甘奈,【挑戦アトラクティブ】大崎甘奈,【挑戦アトラクティブ】大崎甘奈P_1
大崎甘奈\【挑戦アトラクティブ】大崎甘奈\【挑戦アトラクティブ】大崎甘奈P_1.csv,39,2014020010160,甘奈,"嗯！  甘奈能在那位女演员的走路姿势中
察觉出一种结合着自信与从容的绝妙的平衡",大崎甘奈,【挑戦アトラクティブ】大崎甘奈,【挑戦アトラクティブ】大崎甘奈P_1
大崎甘奈\【挑戦アトラクティブ】大崎甘奈\【挑戦アトラクティブ】大崎甘奈P_1.csv,40,2014020010170,甘奈,"甘奈也想做到那种程度！
可以麻烦制作人吗？",大崎甘奈,【挑戦アトラクティブ】大崎甘奈,【挑戦アトラクティブ】大崎甘奈P_1
大崎甘奈\【挑戦アトラクティブ】大崎甘奈\【挑戦アトラクティブ】大崎甘奈P_1.csv,42,2014020010180,甘奈,谢谢！,大崎甘奈,【挑戦アトラクティブ】大崎甘奈,【挑戦アトラクティブ】大崎甘奈P_1
大崎甘奈\【挑戦アトラクティブ】大崎甘奈\【挑戦アトラクティブ】大崎甘奈P_1.csv,44,2014020010190,甘奈,嗯！,大崎甘奈,【挑戦アトラクティブ】大崎甘奈,【挑戦アトラクティブ】大崎甘奈P_1
大崎甘奈\【挑戦アトラクティブ】大崎甘奈\【挑戦アトラクティブ】大崎甘奈P_1.csv,49,2014020010200,甘奈,……压力好大哦～……！,大崎甘奈,【挑戦アトラクティブ】大崎甘奈,【挑戦アトラクティブ】大崎甘奈P_1
大崎甘奈\【挑戦アトラクティブ】大崎甘奈\【挑戦アトラクティブ】大崎甘奈P_1.csv,50,2014020010210,甘奈,"不过，就是要有这种气势
对吧！",大崎甘奈,【挑戦アトラクティブ】大崎甘奈,【挑戦アトラクティブ】大崎甘奈P_1
大崎甘奈\【挑戦アトラクティブ】大崎甘奈\【挑戦アトラクティブ】大崎甘奈P_1.csv,51,2014020010220,甘奈,"就拜托制作人
多帮忙啦！",大崎甘奈,【挑戦アトラクティブ】大崎甘奈,【挑戦アトラクティブ】大崎甘奈P_1
大崎甘奈\【挑戦アトラクティブ】大崎甘奈\【挑戦アトラクティブ】大崎甘奈P_1.csv,53,2014020010230,甘奈,太夸张了啦～,大崎甘奈,【挑戦アトラクティブ】大崎甘奈,【挑戦アトラクティブ】大崎甘奈P_1
大崎甘奈\【挑戦アトラクティブ】大崎甘奈\【挑戦アトラクティブ】大崎甘奈P_1.csv,54,2014020010240,甘奈,"不过，一定
要回应这份期待才行",大崎甘奈,【挑戦アトラクティブ】大崎甘奈,【挑戦アトラクティブ】大崎甘奈P_1
大崎甘奈\【挑戦アトラクティブ】大崎甘奈\【挑戦アトラクティブ】大崎甘奈P_1.csv,55,2014020010250,甘奈,甘奈会加油的！,大崎甘奈,【挑戦アトラクティブ】大崎甘奈,【挑戦アトラクティブ】大崎甘奈P_1
大崎甘奈\【挑戦アトラクティブ】大崎甘奈\【挑戦アトラクティブ】大崎甘奈P_1.csv,57,2014020010260,甘奈,"嗯……
现在应该还不需要！",大崎甘奈,【挑戦アトラクティブ】大崎甘奈,【挑戦アトラクティブ】大崎甘奈P_1
大崎甘奈\【挑戦アトラクティブ】大崎甘奈\【挑戦アトラクティブ】大崎甘奈P_1.csv,58,2014020010270,甘奈,作为交换～……,大崎甘奈,【挑戦アトラクティブ】大崎甘奈,【挑戦アトラクティブ】大崎甘奈P_1
大崎甘奈\【挑戦アトラクティブ】大崎甘奈\【挑戦アトラクティブ】大崎甘奈P_1.csv,59,2014020010280,甘奈,"等到工作结束
要好好表扬甘奈哦！",大崎甘奈,【挑戦アトラクティブ】大崎甘奈,【挑戦アトラクティブ】大崎甘奈P_1
大崎甘奈\【挑戦アトラクティブ】大崎甘奈\【挑戦アトラクティブ】大崎甘奈P_2.csv,4,2014020020010,甘奈,"……
原来如此…………",大崎甘奈,【挑戦アトラクティブ】大崎甘奈,【挑戦アトラクティブ】大崎甘奈P_2
大崎甘奈\【挑戦アトラクティブ】大崎甘奈\【挑戦アトラクティブ】大崎甘奈P_2.csv,5,2014020020020,甘奈,……呼……,大崎甘奈,【挑戦アトラクティブ】大崎甘奈,【挑戦アトラクティブ】大崎甘奈P_2
大崎甘奈\【挑戦アトラクティブ】大崎甘奈\【挑戦アトラクティブ】大崎甘奈P_2.csv,6,2014020020030,甘奈,（稍微休息一下……）,大崎甘奈,【挑戦アトラクティブ】大崎甘奈,【挑戦アトラクティブ】大崎甘奈P_2
大崎甘奈\【挑戦アトラクティブ】大崎甘奈\【挑戦アトラクティブ】大崎甘奈P_2.csv,7,2014020020040,甘奈,,大崎甘奈,【挑戦アトラクティブ】大崎甘奈,【挑戦アトラクティブ】大崎甘奈P_2
大崎甘奈\【挑戦アトラクティブ】大崎甘奈\【挑戦アトラクティブ】大崎甘奈P_2.csv,9,2014020020050,甘奈,辛苦了～,大崎甘奈,【挑戦アトラクティブ】大崎甘奈,【挑戦アトラクティブ】大崎甘奈P_2
大崎甘奈\【挑戦アトラクティブ】大崎甘奈\【挑戦アトラクティブ】大崎甘奈P_2.csv,12,2014020020060,甘奈,诶嘿嘿，谢谢,大崎甘奈,【挑戦アトラクティブ】大崎甘奈,【挑戦アトラクティブ】大崎甘奈P_2
大崎甘奈\【挑戦アトラクティブ】大崎甘奈\【挑戦アトラクティブ】大崎甘奈P_2.csv,13,2014020020070,甘奈,"……不过商业相关的书籍好难
都读不太懂就是了～……",大崎甘奈,【挑戦アトラクティブ】大崎甘奈,【挑戦アトラクティブ】大崎甘奈P_2
大崎甘奈\【挑戦アトラクティブ】大崎甘奈\【挑戦アトラクティブ】大崎甘奈P_2.csv,16,2014020020080,甘奈,"是一本叫
『成年人的愉快周末』的杂志～",大崎甘奈,【挑戦アトラクティブ】大崎甘奈,【挑戦アトラクティブ】大崎甘奈P_2
大崎甘奈\【挑戦アトラクティブ】大崎甘奈\【挑戦アトラクティブ】大崎甘奈P_2.csv,17,2014020020090,甘奈,"甘奈也想提升一下
自己在平时的形象～",大崎甘奈,【挑戦アトラクティブ】大崎甘奈,【挑戦アトラクティブ】大崎甘奈P_2
大崎甘奈\【挑戦アトラクティブ】大崎甘奈\【挑戦アトラクティブ】大崎甘奈P_2.csv,19,2014020020100,甘奈,"那个，制作人
要不要来一起看看？",大崎甘奈,【挑戦アトラクティブ】大崎甘奈,【挑戦アトラクティブ】大崎甘奈P_2
大崎甘奈\【挑戦アトラクティブ】大崎甘奈\【挑戦アトラクティブ】大崎甘奈P_2.csv,21,2014020020110,甘奈,当然！,大崎甘奈,【挑戦アトラクティブ】大崎甘奈,【挑戦アトラクティブ】大崎甘奈P_2
大崎甘奈\【挑戦アトラクティブ】大崎甘奈\【挑戦アトラクティブ】大崎甘奈P_2.csv,22,2014020020120,甘奈,座座座～,大崎甘奈,【挑戦アトラクティブ】大崎甘奈,【挑戦アトラクティブ】大崎甘奈P_2
大崎甘奈\【挑戦アトラクティブ】大崎甘奈\【挑戦アトラクティブ】大崎甘奈P_2.csv,24,2014020020130,甘奈,"……制作人觉得
哪个有趣一点呢……？",大崎甘奈,【挑戦アトラクティブ】大崎甘奈,【挑戦アトラクティブ】大崎甘奈P_2
大崎甘奈\【挑戦アトラクティブ】大崎甘奈\【挑戦アトラクティブ】大崎甘奈P_2.csv,29,2014020020140,甘奈,很适合缓解疲劳呢～,大崎甘奈,【挑戦アトラクティブ】大崎甘奈,【挑戦アトラクティブ】大崎甘奈P_2
大崎甘奈\【挑戦アトラクティブ】大崎甘奈\【挑戦アトラクティブ】大崎甘奈P_2.csv,38,2014020020200,甘奈,,大崎甘奈,【挑戦アトラクティブ】大崎甘奈,【挑戦アトラクティブ】大崎甘奈P_2
大崎甘奈\【挑戦アトラクティブ】大崎甘奈\【挑戦アトラクティブ】大崎甘奈P_2.csv,40,2014020020210,甘奈,"有一种～
说到制作人就不得不选这个的感觉呢！",大崎甘奈,【挑戦アトラクティブ】大崎甘奈,【挑戦アトラクティブ】大崎甘奈P_2
大崎甘奈\【挑戦アトラクティブ】大崎甘奈\【挑戦アトラクティブ】大崎甘奈P_2.csv,49,2014020020280,甘奈,"ji……
接下来一页……是！？",大崎甘奈,【挑戦アトラクティブ】大崎甘奈,【挑戦アトラクティブ】大崎甘奈P_2
大崎甘奈\【挑戦アトラクティブ】大崎甘奈\【挑戦アトラクティブ】大崎甘奈P_2.csv,51,2014020020290,甘奈,诶嘿嘿，好令人向往呀,大崎甘奈,【挑戦アトラクティブ】大崎甘奈,【挑戦アトラクティブ】大崎甘奈P_2
大崎甘奈\【挑戦アトラクティブ】大崎甘奈\【挑戦アトラクティブ】大崎甘奈P_2.csv,62,2014020020360,甘奈,……向，向往啦……！！！,大崎甘奈,【挑戦アトラクティブ】大崎甘奈,【挑戦アトラクティブ】大崎甘奈P_2
大崎甘奈\【挑戦アトラクティブ】大崎甘奈\【挑戦アトラクティブ】大崎甘奈P_3.csv,2,2014020030010,甘奈,"那么就拜托啦
制作人",大崎甘奈,【挑戦アトラクティブ】大崎甘奈,【挑戦アトラクティブ】大崎甘奈P_3
大崎甘奈\【挑戦アトラクティブ】大崎甘奈\【挑戦アトラクティブ】大崎甘奈P_3.csv,6,2014020030020,甘奈,"没有的事！
制作人就很合适！",大崎甘奈,【挑戦アトラクティブ】大崎甘奈,【挑戦アトラクティブ】大崎甘奈P_3
大崎甘奈\【挑戦アトラクティブ】大崎甘奈\【挑戦アトラクティブ】大崎甘奈P_3.csv,7,2014020030030,甘奈,"父母虽然确实很了不起
但是甘奈也没有见过他们工作时候的样子",大崎甘奈,【挑戦アトラクティブ】大崎甘奈,【挑戦アトラクティブ】大崎甘奈P_3
大崎甘奈\【挑戦アトラクティブ】大崎甘奈\【挑戦アトラクティブ】大崎甘奈P_3.csv,8,2014020030040,甘奈,"社长的话，甘奈接触得也不多
不太能给出一个具体的形象",大崎甘奈,【挑戦アトラクティブ】大崎甘奈,【挑戦アトラクティブ】大崎甘奈P_3
大崎甘奈\【挑戦アトラクティブ】大崎甘奈\【挑戦アトラクティブ】大崎甘奈P_3.csv,9,2014020030050,甘奈,"所以，在甘奈心里了不起的大人的形象
就是制作人！   没错！",大崎甘奈,【挑戦アトラクティブ】大崎甘奈,【挑戦アトラクティブ】大崎甘奈P_3
大崎甘奈\【挑戦アトラクティブ】大崎甘奈\【挑戦アトラクティブ】大崎甘奈P_3.csv,12,2014020030060,甘奈,谢谢！,大崎甘奈,【挑戦アトラクティブ】大崎甘奈,【挑戦アトラクティブ】大崎甘奈P_3
大崎甘奈\【挑戦アトラクティブ】大崎甘奈\【挑戦アトラクティブ】大崎甘奈P_3.csv,13,2014020030070,甘奈,那么，第一个问题！,大崎甘奈,【挑戦アトラクティブ】大崎甘奈,【挑戦アトラクティブ】大崎甘奈P_3
大崎甘奈\【挑戦アトラクティブ】大崎甘奈\【挑戦アトラクティブ】大崎甘奈P_3.csv,14,2014020030080,甘奈,"制作人在我眼里，一直都积极应对各种工作
是非常耀眼的存在——",大崎甘奈,【挑戦アトラクティブ】大崎甘奈,【挑戦アトラクティブ】大崎甘奈P_3
大崎甘奈\【挑戦アトラクティブ】大崎甘奈\【挑戦アトラクティブ】大崎甘奈P_3.csv,16,2014020030090,甘奈,"……？
怎么了？",大崎甘奈,【挑戦アトラクティブ】大崎甘奈,【挑戦アトラクティブ】大崎甘奈P_3
大崎甘奈\【挑戦アトラクティブ】大崎甘奈\【挑戦アトラクティブ】大崎甘奈P_3.csv,19,2014020030100,甘奈,才没有这种事,大崎甘奈,【挑戦アトラクティブ】大崎甘奈,【挑戦アトラクティブ】大崎甘奈P_3
大崎甘奈\【挑戦アトラクティブ】大崎甘奈\【挑戦アトラクティブ】大崎甘奈P_3.csv,20,2014020030110,甘奈,"制作人不论何时
都在认真对待甘奈我们",大崎甘奈,【挑戦アトラクティブ】大崎甘奈,【挑戦アトラクティブ】大崎甘奈P_3
大崎甘奈\【挑戦アトラクティブ】大崎甘奈\【挑戦アトラクティブ】大崎甘奈P_3.csv,21,2014020030120,甘奈,"在需要的时候，也会好好提出自己的意见
是很可靠的！",大崎甘奈,【挑戦アトラクティブ】大崎甘奈,【挑戦アトラクティブ】大崎甘奈P_3
大崎甘奈\【挑戦アトラクティブ】大崎甘奈\【挑戦アトラクティブ】大崎甘奈P_3.csv,22,2014020030130,甘奈,这样的人怎么会不耀眼呢！,大崎甘奈,【挑戦アトラクティブ】大崎甘奈,【挑戦アトラクティブ】大崎甘奈P_3
大崎甘奈\【挑戦アトラクティブ】大崎甘奈\【挑戦アトラクティブ】大崎甘奈P_3.csv,26,2014020030140,甘奈,好，好的……！,大崎甘奈,【挑戦アトラクティブ】大崎甘奈,【挑戦アトラクティブ】大崎甘奈P_3
大崎甘奈\【挑戦アトラクティブ】大崎甘奈\【挑戦アトラクティブ】大崎甘奈P_3.csv,27,2014020030150,甘奈,"甘奈想了解一下
这样的制作人在工作时的心理活动！",大崎甘奈,【挑戦アトラクティブ】大崎甘奈,【挑戦アトラクティブ】大崎甘奈P_3
大崎甘奈\【挑戦アトラクティブ】大崎甘奈\【挑戦アトラクティブ】大崎甘奈P_3.csv,30,2014020030160,甘奈,嗯！,大崎甘奈,【挑戦アトラクティブ】大崎甘奈,【挑戦アトラクティブ】大崎甘奈P_3
大崎甘奈\【挑戦アトラクティブ】大崎甘奈\【挑戦アトラクティブ】大崎甘奈P_3.csv,36,2014020030170,甘奈,即使这份工作自己没什么经验？,大崎甘奈,【挑戦アトラクティブ】大崎甘奈,【挑戦アトラクティブ】大崎甘奈P_3
大崎甘奈\【挑戦アトラクティブ】大崎甘奈\【挑戦アトラクティブ】大崎甘奈P_3.csv,39,2014020030180,甘奈,,大崎甘奈,【挑戦アトラクティブ】大崎甘奈,【挑戦アトラクティブ】大崎甘奈P_3
大崎甘奈\【挑戦アトラクティブ】大崎甘奈\【挑戦アトラクティブ】大崎甘奈P_3.csv,40,2014020030190,甘奈,"谢谢制作人……！
真的给了我很多勇气",大崎甘奈,【挑戦アトラクティブ】大崎甘奈,【挑戦アトラクティブ】大崎甘奈P_3
大崎甘奈\【挑戦アトラクティブ】大崎甘奈\【挑戦アトラクティブ】大崎甘奈P_3.csv,42,2014020030200,甘奈,"……
还有这种角度啊……",大崎甘奈,【挑戦アトラクティブ】大崎甘奈,【挑戦アトラクティブ】大崎甘奈P_3
大崎甘奈\【挑戦アトラクティブ】大崎甘奈\【挑戦アトラクティブ】大崎甘奈P_3.csv,43,2014020030210,甘奈,"嗯……？   不过
制作人刚才……",大崎甘奈,【挑戦アトラクティブ】大崎甘奈,【挑戦アトラクティブ】大崎甘奈P_3
大崎甘奈\【挑戦アトラクティブ】大崎甘奈\【挑戦アトラクティブ】大崎甘奈P_3.csv,46,2014020030220,甘奈,诶，甘奈还觉得完全不够的说～,大崎甘奈,【挑戦アトラクティブ】大崎甘奈,【挑戦アトラクティブ】大崎甘奈P_3
大崎甘奈\【挑戦アトラクティブ】大崎甘奈\【挑戦アトラクティブ】大崎甘奈P_3.csv,47,2014020030230,甘奈,"关于制作人的优点
我还能说很多很多哦？",大崎甘奈,【挑戦アトラクティブ】大崎甘奈,【挑戦アトラクティブ】大崎甘奈P_3
大崎甘奈\【挑戦アトラクティブ】大崎甘奈\【挑戦アトラクティブ】大崎甘奈P_3.csv,49,2014020030240,甘奈,诶嘿嘿，交给我吧！,大崎甘奈,【挑戦アトラクティブ】大崎甘奈,【挑戦アトラクティブ】大崎甘奈P_3
大崎甘奈\【挑戦アトラクティブ】大崎甘奈\【挑戦アトラクティブ】大崎甘奈P_3.csv,51,2014020030250,甘奈,"……？
为什么呢？",大崎甘奈,【挑戦アトラクティブ】大崎甘奈,【挑戦アトラクティブ】大崎甘奈P_3
大崎甘奈\【挑戦アトラクティブ】大崎甘奈\【挑戦アトラクティブ】大崎甘奈P_3.csv,53,2014020030260,甘奈,"……
这样啊……",大崎甘奈,【挑戦アトラクティブ】大崎甘奈,【挑戦アトラクティブ】大崎甘奈P_3
大崎甘奈\【挑戦アトラクティブ】大崎甘奈\【挑戦アトラクティブ】大崎甘奈P_3.csv,56,2014020030270,甘奈,,大崎甘奈,【挑戦アトラクティブ】大崎甘奈,【挑戦アトラクティブ】大崎甘奈P_3
大崎甘奈\【挑戦アトラクティブ】大崎甘奈\【挑戦アトラクティブ】大崎甘奈P_3.csv,57,2014020030280,甘奈,"…………甘奈，一定能成为比那位女演员
更有魅力的女性…………",大崎甘奈,【挑戦アトラクティブ】大崎甘奈,【挑戦アトラクティブ】大崎甘奈P_3
大崎甘奈\【挑戦アトラクティブ】大崎甘奈\【挑戦アトラクティブ】大崎甘奈P_3.csv,58,2014020030290,甘奈,"…………会很难吧……
不过……",大崎甘奈,【挑戦アトラクティブ】大崎甘奈,【挑戦アトラクティブ】大崎甘奈P_3
大崎甘奈\【挑戦アトラクティブ】大崎甘奈\【挑戦アトラクティブ】大崎甘奈P_3.csv,59,2014020030300,甘奈,……正因如此……！,大崎甘奈,【挑戦アトラクティブ】大崎甘奈,【挑戦アトラクティブ】大崎甘奈P_3
大崎甘奈\【挑戦アトラクティブ】大崎甘奈\【挑戦アトラクティブ】大崎甘奈P_4.csv,3,2014020040010,甘奈,,大崎甘奈,【挑戦アトラクティブ】大崎甘奈,【挑戦アトラクティブ】大崎甘奈P_4
大崎甘奈\【挑戦アトラクティブ】大崎甘奈\【挑戦アトラクティブ】大崎甘奈P_4.csv,5,2014020040020,甘奈,,大崎甘奈,【挑戦アトラクティブ】大崎甘奈,【挑戦アトラクティブ】大崎甘奈P_4
大崎甘奈\【挑戦アトラクティブ】大崎甘奈\【挑戦アトラクティブ】大崎甘奈P_4.csv,7,2014020040030,甘奈,……哈—……,大崎甘奈,【挑戦アトラクティブ】大崎甘奈,【挑戦アトラクティブ】大崎甘奈P_4
大崎甘奈\【挑戦アトラクティブ】大崎甘奈\【挑戦アトラクティブ】大崎甘奈P_4.csv,9,2014020040040,甘奈,……谢谢,大崎甘奈,【挑戦アトラクティブ】大崎甘奈,【挑戦アトラクティブ】大崎甘奈P_4
大崎甘奈\【挑戦アトラクティブ】大崎甘奈\【挑戦アトラクティブ】大崎甘奈P_4.csv,10,2014020040050,甘奈,"……不过，可不可以麻烦您
再多辅导甘奈一下呢？",大崎甘奈,【挑戦アトラクティブ】大崎甘奈,【挑戦アトラクティブ】大崎甘奈P_4
大崎甘奈\【挑戦アトラクティブ】大崎甘奈\【挑戦アトラクティブ】大崎甘奈P_4.csv,12,2014020040060,甘奈,"甘奈刚刚，确实能做到
在走的时候从容不迫",大崎甘奈,【挑戦アトラクティブ】大崎甘奈,【挑戦アトラクティブ】大崎甘奈P_4
大崎甘奈\【挑戦アトラクティブ】大崎甘奈\【挑戦アトラクティブ】大崎甘奈P_4.csv,13,2014020040070,甘奈,"但离那种『能体现成熟魅力的从容』
还差得很远！",大崎甘奈,【挑戦アトラクティブ】大崎甘奈,【挑戦アトラクティブ】大崎甘奈P_4
大崎甘奈\【挑戦アトラクティブ】大崎甘奈\【挑戦アトラクティブ】大崎甘奈P_4.csv,15,2014020040080,甘奈,"所以，希望您能继续指导甘奈
直到没时间了为止",大崎甘奈,【挑戦アトラクティブ】大崎甘奈,【挑戦アトラクティブ】大崎甘奈P_4
大崎甘奈\【挑戦アトラクティブ】大崎甘奈\【挑戦アトラクティブ】大崎甘奈P_4.csv,18,2014020040090,甘奈,嗯！   拜托了！,大崎甘奈,【挑戦アトラクティブ】大崎甘奈,【挑戦アトラクティブ】大崎甘奈P_4
大崎甘奈\【挑戦アトラクティブ】大崎甘奈\【挑戦アトラクティブ】大崎甘奈P_4.csv,19,2014020040100,甘奈,再坚强一点,大崎甘奈,【挑戦アトラクティブ】大崎甘奈,【挑戦アトラクティブ】大崎甘奈P_4
大崎甘奈\【挑戦アトラクティブ】大崎甘奈\【挑戦アトラクティブ】大崎甘奈P_4.csv,20,2014020040110,甘奈,,大崎甘奈,【挑戦アトラクティブ】大崎甘奈,【挑戦アトラクティブ】大崎甘奈P_4
大崎甘奈\【挑戦アトラクティブ】大崎甘奈\【挑戦アトラクティブ】大崎甘奈P_4.csv,22,2014020040120,甘奈,"……！
好的，谢谢！",大崎甘奈,【挑戦アトラクティブ】大崎甘奈,【挑戦アトラクティブ】大崎甘奈P_4
大崎甘奈\【挑戦アトラクティブ】大崎甘奈\【挑戦アトラクティブ】大崎甘奈P_4.csv,23,2014020040130,甘奈,"这样的话
眼神是不是也稍微犀利一点比较好？",大崎甘奈,【挑戦アトラクティブ】大崎甘奈,【挑戦アトラクティブ】大崎甘奈P_4
大崎甘奈\【挑戦アトラクティブ】大崎甘奈\【挑戦アトラクティブ】大崎甘奈P_4.csv,25,2014020040140,甘奈,明白了！,大崎甘奈,【挑戦アトラクティブ】大崎甘奈,【挑戦アトラクティブ】大崎甘奈P_4
大崎甘奈\【挑戦アトラクティブ】大崎甘奈\【挑戦アトラクティブ】大崎甘奈P_4.csv,26,2014020040150,甘奈,再坚强，再坚强一点,大崎甘奈,【挑戦アトラクティブ】大崎甘奈,【挑戦アトラクティブ】大崎甘奈P_4
大崎甘奈\【挑戦アトラクティブ】大崎甘奈\【挑戦アトラクティブ】大崎甘奈P_4.csv,27,2014020040160,甘奈,让自己，不断成长……！,大崎甘奈,【挑戦アトラクティブ】大崎甘奈,【挑戦アトラクティブ】大崎甘奈P_4
大崎甘奈\【挑戦アトラクティブ】大崎甘奈\【挑戦アトラクティブ】大崎甘奈P_4.csv,28,2014020040170,甘奈,"制作人
能拜托你一件事嘛？",大崎甘奈,【挑戦アトラクティブ】大崎甘奈,【挑戦アトラクティブ】大崎甘奈P_4
大崎甘奈\【挑戦アトラクティブ】大崎甘奈\【挑戦アトラクティブ】大崎甘奈P_4.csv,30,2014020040180,甘奈,"关于拍摄之前的课程……
能不能，全部都让甘奈一个人参加呢",大崎甘奈,【挑戦アトラクティブ】大崎甘奈,【挑戦アトラクティブ】大崎甘奈P_4
大崎甘奈\【挑戦アトラクティブ】大崎甘奈\【挑戦アトラクティブ】大崎甘奈P_4.csv,31,2014020040190,甘奈,"甘奈希望能不依赖制作人的意见
塑造出一个足够有魅力的自己",大崎甘奈,【挑戦アトラクティブ】大崎甘奈,【挑戦アトラクティブ】大崎甘奈P_4
大崎甘奈\【挑戦アトラクティブ】大崎甘奈\【挑戦アトラクティブ】大崎甘奈P_4.csv,33,2014020040200,甘奈,……不行吗？,大崎甘奈,【挑戦アトラクティブ】大崎甘奈,【挑戦アトラクティブ】大崎甘奈P_4
大崎甘奈\【挑戦アトラクティブ】大崎甘奈\【挑戦アトラクティブ】大崎甘奈P_4.csv,36,2014020040210,甘奈,……谢谢！,大崎甘奈,【挑戦アトラクティブ】大崎甘奈,【挑戦アトラクティブ】大崎甘奈P_4
大崎甘奈\【挑戦アトラクティブ】大崎甘奈\【挑戦アトラクティブ】大崎甘奈P_4.csv,37,2014020040220,甘奈,到极限为止！,大崎甘奈,【挑戦アトラクティブ】大崎甘奈,【挑戦アトラクティブ】大崎甘奈P_4
大崎甘奈\【挑戦アトラクティブ】大崎甘奈\【挑戦アトラクティブ】大崎甘奈P_4.csv,38,2014020040230,甘奈,（今天的主角，就是甘奈）,大崎甘奈,【挑戦アトラクティブ】大崎甘奈,【挑戦アトラクティブ】大崎甘奈P_4
大崎甘奈\【挑戦アトラクティブ】大崎甘奈\【挑戦アトラクティブ】大崎甘奈P_4.csv,39,2014020040240,甘奈,（就让甘奈）,大崎甘奈,【挑戦アトラクティブ】大崎甘奈,【挑戦アトラクティブ】大崎甘奈P_4
大崎甘奈\【挑戦アトラクティブ】大崎甘奈\【挑戦アトラクティブ】大崎甘奈P_4.csv,40,2014020040250,甘奈,（俘获全场观众的心吧）,大崎甘奈,【挑戦アトラクティブ】大崎甘奈,【挑戦アトラクティブ】大崎甘奈P_4
大崎甘奈\【挑戦アトラクティブ】大崎甘奈\【挑戦アトラクティブ】大崎甘奈P_4.csv,42,2014020040260,甘奈,嗯，辛苦了,大崎甘奈,【挑戦アトラクティブ】大崎甘奈,【挑戦アトラクティブ】大崎甘奈P_4
大崎甘奈\【挑戦アトラクティブ】大崎甘奈\【挑戦アトラクティブ】大崎甘奈P_4.csv,45,2014020040270,甘奈,,大崎甘奈,【挑戦アトラクティブ】大崎甘奈,【挑戦アトラクティブ】大崎甘奈P_4
大崎甘奈\【挑戦アトラクティブ】大崎甘奈\【挑戦アトラクティブ】大崎甘奈P_4.csv,46,2014020040280,甘奈,……呵呵，谢谢,大崎甘奈,【挑戦アトラクティブ】大崎甘奈,【挑戦アトラクティブ】大崎甘奈P_4
大崎甘奈\【挑戦アトラクティブ】大崎甘奈\【挑戦アトラクティブ】大崎甘奈P_5.csv,2,2014020110010,甘奈,啊—啊—啊—啊—啊—,大崎甘奈,【挑戦アトラクティブ】大崎甘奈,【挑戦アトラクティブ】大崎甘奈P_5
大崎甘奈\【挑戦アトラクティブ】大崎甘奈\【挑戦アトラクティブ】大崎甘奈P_5.csv,4,2014020110020,甘奈,请多指教！,大崎甘奈,【挑戦アトラクティブ】大崎甘奈,【挑戦アトラクティブ】大崎甘奈P_5
大崎甘奈\【挑戦アトラクティブ】大崎甘奈\【挑戦アトラクティブ】大崎甘奈P_5.csv,6,2014020110030,甘奈,谢谢关心,大崎甘奈,【挑戦アトラクティブ】大崎甘奈,【挑戦アトラクティブ】大崎甘奈P_5
大崎甘奈\【挑戦アトラクティブ】大崎甘奈\【挑戦アトラクティブ】大崎甘奈P_5.csv,7,2014020110040,甘奈,……还不要紧,大崎甘奈,【挑戦アトラクティブ】大崎甘奈,【挑戦アトラクティブ】大崎甘奈P_5
大崎甘奈\【挑戦アトラクティブ】大崎甘奈\【挑戦アトラクティブ】大崎甘奈P_5.csv,9,2014020110050,甘奈,"甘奈还想着要一个人圆满完成的呢～！
结果变成了这个样子",大崎甘奈,【挑戦アトラクティブ】大崎甘奈,【挑戦アトラクティブ】大崎甘奈P_5
大崎甘奈\【挑戦アトラクティブ】大崎甘奈\【挑戦アトラクティブ】大崎甘奈P_5.csv,12,2014020110060,甘奈,"……诶嘿嘿
是个不错的角度",大崎甘奈,【挑戦アトラクティブ】大崎甘奈,【挑戦アトラクティブ】大崎甘奈P_5
大崎甘奈\【挑戦アトラクティブ】大崎甘奈\【挑戦アトラクティブ】大崎甘奈P_5.csv,13,2014020110070,甘奈,"……制作人
果然好厉害啊",大崎甘奈,【挑戦アトラクティブ】大崎甘奈,【挑戦アトラクティブ】大崎甘奈P_5
大崎甘奈\【挑戦アトラクティブ】大崎甘奈\【挑戦アトラクティブ】大崎甘奈P_5.csv,15,2014020110080,甘奈,"才没有
它带来的安心感可以很大的",大崎甘奈,【挑戦アトラクティブ】大崎甘奈,【挑戦アトラクティブ】大崎甘奈P_5
大崎甘奈\【挑戦アトラクティブ】大崎甘奈\【挑戦アトラクティブ】大崎甘奈P_5.csv,17,2014020110090,甘奈,"只是像这样说说话
就能让心里轻松不少……",大崎甘奈,【挑戦アトラクティブ】大崎甘奈,【挑戦アトラクティブ】大崎甘奈P_5
大崎甘奈\【挑戦アトラクティブ】大崎甘奈\【挑戦アトラクティブ】大崎甘奈P_5.csv,18,2014020110100,甘奈,"其实哦，甘奈一个人努力的时候
也会经常感到不安",大崎甘奈,【挑戦アトラクティブ】大崎甘奈,【挑戦アトラクティブ】大崎甘奈P_5
大崎甘奈\【挑戦アトラクティブ】大崎甘奈\【挑戦アトラクティブ】大崎甘奈P_5.csv,19,2014020110110,甘奈,"也会想着
好希望制作人能帮忙想想办法啊",大崎甘奈,【挑戦アトラクティブ】大崎甘奈,【挑戦アトラクティブ】大崎甘奈P_5
大崎甘奈\【挑戦アトラクティブ】大崎甘奈\【挑戦アトラクティブ】大崎甘奈P_5.csv,21,2014020110120,甘奈,"不遵守约定的话
就称不上是了不起的大人了",大崎甘奈,【挑戦アトラクティブ】大崎甘奈,【挑戦アトラクティブ】大崎甘奈P_5
大崎甘奈\【挑戦アトラクティブ】大崎甘奈\【挑戦アトラクティブ】大崎甘奈P_5.csv,22,2014020110130,甘奈,"而且，这种经验对于现在的甘奈来说
也是必要的",大崎甘奈,【挑戦アトラクティブ】大崎甘奈,【挑戦アトラクティブ】大崎甘奈P_5
大崎甘奈\【挑戦アトラクティブ】大崎甘奈\【挑戦アトラクティブ】大崎甘奈P_5.csv,24,2014020110140,甘奈,稍微，更坚强了一点点,大崎甘奈,【挑戦アトラクティブ】大崎甘奈,【挑戦アトラクティブ】大崎甘奈P_5
大崎甘奈\【挑戦アトラクティブ】大崎甘奈\【挑戦アトラクティブ】大崎甘奈P_5.csv,25,2014020110150,甘奈,不过，一定要再坚强，再坚强一点才行,大崎甘奈,【挑戦アトラクティブ】大崎甘奈,【挑戦アトラクティブ】大崎甘奈P_5
大崎甘奈\【挑戦アトラクティブ】大崎甘奈\【挑戦アトラクティブ】大崎甘奈P_5.csv,26,2014020110160,甘奈,"不然的话，就没法缩短
甘奈和制作人之间的距离了",大崎甘奈,【挑戦アトラクティブ】大崎甘奈,【挑戦アトラクティブ】大崎甘奈P_5
大崎甘奈\【挑戦アトラクティブ】大崎甘奈\【挑戦アトラクティブ】大崎甘奈P_5.csv,28,2014020110170,甘奈,"所以，甘奈今后
也要挑战更多事物",大崎甘奈,【挑戦アトラクティブ】大崎甘奈,【挑戦アトラクティブ】大崎甘奈P_5
大崎甘奈\【挑戦アトラクティブ】大崎甘奈\【挑戦アトラクティブ】大崎甘奈P_5.csv,29,2014020110180,甘奈,变得更有魅力！,大崎甘奈,【挑戦アトラクティブ】大崎甘奈,【挑戦アトラクティブ】大崎甘奈P_5
大崎甘奈\【挑戦アトラクティブ】大崎甘奈\【挑戦アトラクティブ】大崎甘奈P_5.csv,31,2014020110190,甘奈,……？,大崎甘奈,【挑戦アトラクティブ】大崎甘奈,【挑戦アトラクティブ】大崎甘奈P_5
大崎甘奈\【挑戦アトラクティブ】大崎甘奈\【挑戦アトラクティブ】大崎甘奈P_5.csv,34,2014020110200,甘奈,真是的～，才没有这种事啦～,大崎甘奈,【挑戦アトラクティブ】大崎甘奈,【挑戦アトラクティブ】大崎甘奈P_5
大崎甘奈\【挑戦アトラクティブ】大崎甘奈\【挑戦アトラクティブ】大崎甘奈P_5.csv,36,2014020110210,甘奈,没有～！,大崎甘奈,【挑戦アトラクティブ】大崎甘奈,【挑戦アトラクティブ】大崎甘奈P_5
大崎甘奈\【挑戦アトラクティブ】大崎甘奈\【挑戦アトラクティブ】大崎甘奈P_5.csv,38,2014020110211,甘奈＆プロデューサー,……啊哈哈,大崎甘奈,【挑戦アトラクティブ】大崎甘奈,【挑戦アトラクティブ】大崎甘奈P_5
大崎甘奈\【挑戦アトラクティブ】大崎甘奈\【挑戦アトラクティブ】大崎甘奈P_5.csv,39,2014020110220,甘奈,"那，从今往后
我们也要继续互相成长哦！",大崎甘奈,【挑戦アトラクティブ】大崎甘奈,【挑戦アトラクティブ】大崎甘奈P_5
大崎甘奈\【挑戦アトラクティブ】大崎甘奈\【挑戦アトラクティブ】大崎甘奈P_5.csv,41,2014020110230,甘奈,（感觉，真不错……）,大崎甘奈,【挑戦アトラクティブ】大崎甘奈,【挑戦アトラクティブ】大崎甘奈P_5
大崎甘奈\【挑戦アトラクティブ】大崎甘奈\【挑戦アトラクティブ】大崎甘奈P_5.csv,42,2014020110240,甘奈,（好开心，这眼下的时光）,大崎甘奈,【挑戦アトラクティブ】大崎甘奈,【挑戦アトラクティブ】大崎甘奈P_5
大崎甘奈\【甜花ちゃんといっしょ☆】大崎甘奈\一緒にパシャリ☆だよ.csv,2,2014005020010,甘奈,第一件工作，结束得挺早呢,大崎甘奈,【甜花ちゃんといっしょ☆】大崎甘奈,一緒にパシャリ☆だよ
大崎甘奈\【甜花ちゃんといっしょ☆】大崎甘奈\一緒にパシャリ☆だよ.csv,4,2014005020020,甘奈,那样的话……,大崎甘奈,【甜花ちゃんといっしょ☆】大崎甘奈,一緒にパシャリ☆だよ
大崎甘奈\【甜花ちゃんといっしょ☆】大崎甘奈\一緒にパシャリ☆だよ.csv,5,2014005020021,甘奈,——啊！,大崎甘奈,【甜花ちゃんといっしょ☆】大崎甘奈,一緒にパシャリ☆だよ
大崎甘奈\【甜花ちゃんといっしょ☆】大崎甘奈\一緒にパシャリ☆だよ.csv,7,2014005020030,甘奈,那个，是甜花哦，制作人……！,大崎甘奈,【甜花ちゃんといっしょ☆】大崎甘奈,一緒にパシャリ☆だよ
大崎甘奈\【甜花ちゃんといっしょ☆】大崎甘奈\一緒にパシャリ☆だよ.csv,10,2014005020040,甘奈,"嗯！
这张海报上的甜花，果然好可爱啊……！",大崎甘奈,【甜花ちゃんといっしょ☆】大崎甘奈,一緒にパシャリ☆だよ
大崎甘奈\【甜花ちゃんといっしょ☆】大崎甘奈\一緒にパシャリ☆だよ.csv,12,2014005020050,甘奈,"嗯，特别是这次有着跟往常不一样的魅力
无意中就被吸引住视线了……☆",大崎甘奈,【甜花ちゃんといっしょ☆】大崎甘奈,一緒にパシャリ☆だよ
大崎甘奈\【甜花ちゃんといっしょ☆】大崎甘奈\一緒にパシャリ☆だよ.csv,13,2014005020060,甘奈,咦？但是，总觉得跟样品给人的印象不一样,大崎甘奈,【甜花ちゃんといっしょ☆】大崎甘奈,一緒にパシャリ☆だよ
大崎甘奈\【甜花ちゃんといっしょ☆】大崎甘奈\一緒にパシャリ☆だよ.csv,15,2014005020070,甘奈,"嗯。感觉甜花变得更加闪闪发亮了！
是因为在太阳底下看吗？……应该也不只是这样",大崎甘奈,【甜花ちゃんといっしょ☆】大崎甘奈,一緒にパシャリ☆だよ
大崎甘奈\【甜花ちゃんといっしょ☆】大崎甘奈\一緒にパシャリ☆だよ.csv,17,2014005020080,甘奈,"是这样啊！
制作人果然很厉害",大崎甘奈,【甜花ちゃんといっしょ☆】大崎甘奈,一緒にパシャリ☆だよ
大崎甘奈\【甜花ちゃんといっしょ☆】大崎甘奈\一緒にパシャリ☆だよ.csv,19,2014005020090,甘奈,"不过，正是因为制作人很了解甜花
才能将她的魅力展现出来不是吗？",大崎甘奈,【甜花ちゃんといっしょ☆】大崎甘奈,一緒にパシャリ☆だよ
大崎甘奈\【甜花ちゃんといっしょ☆】大崎甘奈\一緒にパシャリ☆だよ.csv,20,2014005020100,甘奈,"诶嘿嘿，可爱的甜花
有一个如此可靠的制作人伴随着",大崎甘奈,【甜花ちゃんといっしょ☆】大崎甘奈,一緒にパシャリ☆だよ
大崎甘奈\【甜花ちゃんといっしょ☆】大崎甘奈\一緒にパシャリ☆だよ.csv,21,2014005020110,甘奈,有种最强的感觉呢☆,大崎甘奈,【甜花ちゃんといっしょ☆】大崎甘奈,一緒にパシャリ☆だよ
大崎甘奈\【甜花ちゃんといっしょ☆】大崎甘奈\一緒にパシャリ☆だよ.csv,24,2014005020120,甘奈,"太好啦！谢谢你，制作人！
诶嘿嘿，跟可爱的甜花合影☆",大崎甘奈,【甜花ちゃんといっしょ☆】大崎甘奈,一緒にパシャリ☆だよ
大崎甘奈\【甜花ちゃんといっしょ☆】大崎甘奈\一緒にパシャリ☆だよ.csv,26,2014005020130,甘奈,"OK！
……是这样吗？",大崎甘奈,【甜花ちゃんといっしょ☆】大崎甘奈,一緒にパシャリ☆だよ
大崎甘奈\【甜花ちゃんといっしょ☆】大崎甘奈\一緒にパシャリ☆だよ.csv,28,2014005020140,甘奈,诶嘿嘿，谢谢！,大崎甘奈,【甜花ちゃんといっしょ☆】大崎甘奈,一緒にパシャリ☆だよ
大崎甘奈\【甜花ちゃんといっしょ☆】大崎甘奈\一緒にパシャリ☆だよ.csv,30,2014005020150,甘奈,嗯～，跟自己的海报合影感觉有点害羞啊，没关系吗,大崎甘奈,【甜花ちゃんといっしょ☆】大崎甘奈,一緒にパシャリ☆だよ
大崎甘奈\【甜花ちゃんといっしょ☆】大崎甘奈\一緒にパシャリ☆だよ.csv,32,2014005020160,甘奈,"啊，那么！
制作人能跟甘奈的海报合影吗？",大崎甘奈,【甜花ちゃんといっしょ☆】大崎甘奈,一緒にパシャリ☆だよ
大崎甘奈\【甜花ちゃんといっしょ☆】大崎甘奈\一緒にパシャリ☆だよ.csv,34,2014005020170,甘奈,没问题！那么，要拍了哦……！,大崎甘奈,【甜花ちゃんといっしょ☆】大崎甘奈,一緒にパシャリ☆だよ
大崎甘奈\【甜花ちゃんといっしょ☆】大崎甘奈\一緒にパシャリ☆だよ.csv,35,2014005020180,甘奈,"……嗯，感觉不错☆
谢谢你，制作人！",大崎甘奈,【甜花ちゃんといっしょ☆】大崎甘奈,一緒にパシャリ☆だよ
大崎甘奈\【甜花ちゃんといっしょ☆】大崎甘奈\一緒にパシャリ☆だよ.csv,36,2014005020190,甘奈,——啊，差不多该出发了呢，走吧！,大崎甘奈,【甜花ちゃんといっしょ☆】大崎甘奈,一緒にパシャリ☆だよ
大崎甘奈\【甜花ちゃんといっしょ☆】大崎甘奈\一緒にパシャリ☆だよ.csv,38,2014005020200,甘奈,嗯，别在意！,大崎甘奈,【甜花ちゃんといっしょ☆】大崎甘奈,一緒にパシャリ☆だよ
大崎甘奈\【甜花ちゃんといっしょ☆】大崎甘奈\一緒にパシャリ☆だよ.csv,40,2014005020210,甘奈,不对哦！,大崎甘奈,【甜花ちゃんといっしょ☆】大崎甘奈,一緒にパシャリ☆だよ
大崎甘奈\【甜花ちゃんといっしょ☆】大崎甘奈\一緒にパシャリ☆だよ.csv,41,2014005020220,甘奈,"因为，能看见甘奈的海报
都是多亏了制作人对吧？",大崎甘奈,【甜花ちゃんといっしょ☆】大崎甘奈,一緒にパシャリ☆だよ
大崎甘奈\【甜花ちゃんといっしょ☆】大崎甘奈\一緒にパシャリ☆だよ.csv,42,2014005020230,甘奈,"所以，对于甘奈来说，跟制作人的合影
更能作为纪念☆诶嘿嘿！",大崎甘奈,【甜花ちゃんといっしょ☆】大崎甘奈,一緒にパシャリ☆だよ
大崎甘奈\【甜花ちゃんといっしょ☆】大崎甘奈\思い出しちゃったかも…….csv,4,2014005010010,甘奈,哈啊……,大崎甘奈,【甜花ちゃんといっしょ☆】大崎甘奈,思い出しちゃったかも……
大崎甘奈\【甜花ちゃんといっしょ☆】大崎甘奈\思い出しちゃったかも…….csv,6,2014005010020,甘奈,"啊，制作人……！
太好了……",大崎甘奈,【甜花ちゃんといっしょ☆】大崎甘奈,思い出しちゃったかも……
大崎甘奈\【甜花ちゃんといっしょ☆】大崎甘奈\思い出しちゃったかも…….csv,8,2014005010030,甘奈,"那、那个
没什么……",大崎甘奈,【甜花ちゃんといっしょ☆】大崎甘奈,思い出しちゃったかも……
大崎甘奈\【甜花ちゃんといっしょ☆】大崎甘奈\思い出しちゃったかも…….csv,10,2014005010040,甘奈,"……那就……跟你说了哦……！
但是，希望你不要笑",大崎甘奈,【甜花ちゃんといっしょ☆】大崎甘奈,思い出しちゃったかも……
大崎甘奈\【甜花ちゃんといっしょ☆】大崎甘奈\思い出しちゃったかも…….csv,12,2014005010050,甘奈,谢谢你，制作人,大崎甘奈,【甜花ちゃんといっしょ☆】大崎甘奈,思い出しちゃったかも……
大崎甘奈\【甜花ちゃんといっしょ☆】大崎甘奈\思い出しちゃったかも…….csv,13,2014005010060,甘奈,"那个……
在学校，跟朋友聊了下最近看的电视节目",大崎甘奈,【甜花ちゃんといっしょ☆】大崎甘奈,思い出しちゃったかも……
大崎甘奈\【甜花ちゃんといっしょ☆】大崎甘奈\思い出しちゃったかも…….csv,14,2014005010070,甘奈,"不是有那种恐怖特辑吗……
然后，从朋友那里听到了吓人的故事",大崎甘奈,【甜花ちゃんといっしょ☆】大崎甘奈,思い出しちゃったかも……
大崎甘奈\【甜花ちゃんといっしょ☆】大崎甘奈\思い出しちゃったかも…….csv,16,2014005010080,甘奈,没错！,大崎甘奈,【甜花ちゃんといっしょ☆】大崎甘奈,思い出しちゃったかも……
大崎甘奈\【甜花ちゃんといっしょ☆】大崎甘奈\思い出しちゃったかも…….csv,17,2014005010090,甘奈,然后，有点害怕自己一个人回去……,大崎甘奈,【甜花ちゃんといっしょ☆】大崎甘奈,思い出しちゃったかも……
大崎甘奈\【甜花ちゃんといっしょ☆】大崎甘奈\思い出しちゃったかも…….csv,18,2014005010100,甘奈,制作人，你的工作做完了吗？,大崎甘奈,【甜花ちゃんといっしょ☆】大崎甘奈,思い出しちゃったかも……
大崎甘奈\【甜花ちゃんといっしょ☆】大崎甘奈\思い出しちゃったかも…….csv,20,2014005010110,甘奈,谢谢你！制作人！,大崎甘奈,【甜花ちゃんといっしょ☆】大崎甘奈,思い出しちゃったかも……
大崎甘奈\【甜花ちゃんといっしょ☆】大崎甘奈\思い出しちゃったかも…….csv,25,2014005010120,甘奈,嗯,大崎甘奈,【甜花ちゃんといっしょ☆】大崎甘奈,思い出しちゃったかも……
大崎甘奈\【甜花ちゃんといっしょ☆】大崎甘奈\思い出しちゃったかも…….csv,26,2014005010130,甘奈,"啊，不过……在中午跟朋友聊天的时候
非常开心哦？",大崎甘奈,【甜花ちゃんといっしょ☆】大崎甘奈,思い出しちゃったかも……
大崎甘奈\【甜花ちゃんといっしょ☆】大崎甘奈\思い出しちゃったかも…….csv,27,2014005010140,甘奈,"说的是
因为社团活动留到很晚的孩子的故事……",大崎甘奈,【甜花ちゃんといっしょ☆】大崎甘奈,思い出しちゃったかも……
大崎甘奈\【甜花ちゃんといっしょ☆】大崎甘奈\思い出しちゃったかも…….csv,29,2014005010150,甘奈,"因为练习到很晚
不是从正门，打算从后门回去——",大崎甘奈,【甜花ちゃんといっしょ☆】大崎甘奈,思い出しちゃったかも……
大崎甘奈\【甜花ちゃんといっしょ☆】大崎甘奈\思い出しちゃったかも…….csv,30,2014005010160,甘奈,......抱歉，还是不说了！,大崎甘奈,【甜花ちゃんといっしょ☆】大崎甘奈,思い出しちゃったかも……
大崎甘奈\【甜花ちゃんといっしょ☆】大崎甘奈\思い出しちゃったかも…….csv,33,2014005010170,甘奈,所以感到害怕啊！,大崎甘奈,【甜花ちゃんといっしょ☆】大崎甘奈,思い出しちゃったかも……
大崎甘奈\【甜花ちゃんといっしょ☆】大崎甘奈\思い出しちゃったかも…….csv,35,2014005010180,甘奈,所以快点回去吧？,大崎甘奈,【甜花ちゃんといっしょ☆】大崎甘奈,思い出しちゃったかも……
大崎甘奈\【甜花ちゃんといっしょ☆】大崎甘奈\思い出しちゃったかも…….csv,38,2014005010190,甘奈,诶嘿嘿，那样的话很欢迎哦☆,大崎甘奈,【甜花ちゃんといっしょ☆】大崎甘奈,思い出しちゃったかも……
大崎甘奈\【甜花ちゃんといっしょ☆】大崎甘奈\思い出しちゃったかも…….csv,39,2014005010200,甘奈,嗯……是什么事？,大崎甘奈,【甜花ちゃんといっしょ☆】大崎甘奈,思い出しちゃったかも……
大崎甘奈\【甜花ちゃんといっしょ☆】大崎甘奈\思い出しちゃったかも…….csv,43,2014005010210,甘奈,不、不会吧……！,大崎甘奈,【甜花ちゃんといっしょ☆】大崎甘奈,思い出しちゃったかも……
大崎甘奈\【甜花ちゃんといっしょ☆】大崎甘奈\思い出しちゃったかも…….csv,45,2014005010220,甘奈,,大崎甘奈,【甜花ちゃんといっしょ☆】大崎甘奈,思い出しちゃったかも……
大崎甘奈\【甜花ちゃんといっしょ☆】大崎甘奈\思い出しちゃったかも…….csv,46,2014005010230,甘奈,诶？,大崎甘奈,【甜花ちゃんといっしょ☆】大崎甘奈,思い出しちゃったかも……
大崎甘奈\【甜花ちゃんといっしょ☆】大崎甘奈\思い出しちゃったかも…….csv,48,2014005010240,甘奈,"啊、啊哈哈……！
什么嘛……被吓了一跳",大崎甘奈,【甜花ちゃんといっしょ☆】大崎甘奈,思い出しちゃったかも……
大崎甘奈\【甜花ちゃんといっしょ☆】大崎甘奈\思い出しちゃったかも…….csv,49,2014005010250,甘奈,还以为连制作人也要说鬼故事呢！,大崎甘奈,【甜花ちゃんといっしょ☆】大崎甘奈,思い出しちゃったかも……
大崎甘奈\【甜花ちゃんといっしょ☆】大崎甘奈\思い出しちゃったかも…….csv,50,2014005010260,甘奈,"……啊，不过，姑且问一下
什么都没发生吧？",大崎甘奈,【甜花ちゃんといっしょ☆】大崎甘奈,思い出しちゃったかも……
大崎甘奈\【甜花ちゃんといっしょ☆】大崎甘奈\思い出しちゃったかも…….csv,52,2014005010270,甘奈,"……你是说看错了？
唔……",大崎甘奈,【甜花ちゃんといっしょ☆】大崎甘奈,思い出しちゃったかも……
大崎甘奈\【甜花ちゃんといっしょ☆】大崎甘奈\思い出しちゃったかも…….csv,53,2014005010280,甘奈,"诶嘿嘿，这样啊……也是呢！
制作人，甘奈去做下回家的准备！",大崎甘奈,【甜花ちゃんといっしょ☆】大崎甘奈,思い出しちゃったかも……
大崎甘奈\【甜花ちゃんといっしょ☆】大崎甘奈\思い出しちゃったかも…….csv,54,2014005010290,甘奈,"要回事务所是吧
那么，甘奈也收拾下行李",大崎甘奈,【甜花ちゃんといっしょ☆】大崎甘奈,思い出しちゃったかも……
大崎甘奈\【甜花ちゃんといっしょ☆】大崎甘奈\思い出しちゃったかも…….csv,55,2014005010300,甘奈,"所以，稍等一下！
一起走吧，制作人",大崎甘奈,【甜花ちゃんといっしょ☆】大崎甘奈,思い出しちゃったかも……
大崎甘奈\【甜花ちゃんといっしょ☆】大崎甘奈\思い出しちゃったかも…….csv,57,2014005010310,甘奈,"……那个，把手机放进包里
然后是外衣和……",大崎甘奈,【甜花ちゃんといっしょ☆】大崎甘奈,思い出しちゃったかも……
大崎甘奈\【甜花ちゃんといっしょ☆】大崎甘奈\思い出しちゃったかも…….csv,58,2014005010320,甘奈,……好，这就是全部了,大崎甘奈,【甜花ちゃんといっしょ☆】大崎甘奈,思い出しちゃったかも……
大崎甘奈\【甜花ちゃんといっしょ☆】大崎甘奈\思い出しちゃったかも…….csv,59,2014005010330,甘奈,制作人，抱歉，让你久等了,大崎甘奈,【甜花ちゃんといっしょ☆】大崎甘奈,思い出しちゃったかも……
大崎甘奈\【甜花ちゃんといっしょ☆】大崎甘奈\思い出しちゃったかも…….csv,62,2014005010340,甘奈,"那就早点走吧，制作人！
甘奈会帮你收拾的☆",大崎甘奈,【甜花ちゃんといっしょ☆】大崎甘奈,思い出しちゃったかも……
大崎甘奈\【甜花ちゃんといっしょ☆】大崎甘奈\見つけてほしいなっ☆.csv,3,2014005110010,甘奈,"啊，制作人！
辛苦了☆",大崎甘奈,【甜花ちゃんといっしょ☆】大崎甘奈,見つけてほしいなっ☆
大崎甘奈\【甜花ちゃんといっしょ☆】大崎甘奈\見つけてほしいなっ☆.csv,5,2014005110020,甘奈,嗯？在看照片吗？,大崎甘奈,【甜花ちゃんといっしょ☆】大崎甘奈,見つけてほしいなっ☆
大崎甘奈\【甜花ちゃんといっしょ☆】大崎甘奈\見つけてほしいなっ☆.csv,7,2014005110030,甘奈,之前拍的照片，已经送来了啊……！,大崎甘奈,【甜花ちゃんといっしょ☆】大崎甘奈,見つけてほしいなっ☆
大崎甘奈\【甜花ちゃんといっしょ☆】大崎甘奈\見つけてほしいなっ☆.csv,10,2014005110040,甘奈,……你这么一说,大崎甘奈,【甜花ちゃんといっしょ☆】大崎甘奈,見つけてほしいなっ☆
大崎甘奈\【甜花ちゃんといっしょ☆】大崎甘奈\見つけてほしいなっ☆.csv,12,2014005110050,甘奈,"啊，可以看吗？
谢谢！",大崎甘奈,【甜花ちゃんといっしょ☆】大崎甘奈,見つけてほしいなっ☆
大崎甘奈\【甜花ちゃんといっしょ☆】大崎甘奈\見つけてほしいなっ☆.csv,13,2014005110060,甘奈,"唔……
果然，最在意的是亮度",大崎甘奈,【甜花ちゃんといっしょ☆】大崎甘奈,見つけてほしいなっ☆
大崎甘奈\【甜花ちゃんといっしょ☆】大崎甘奈\見つけてほしいなっ☆.csv,14,2014005110070,甘奈,还有就是——,大崎甘奈,【甜花ちゃんといっしょ☆】大崎甘奈,見つけてほしいなっ☆
大崎甘奈\【甜花ちゃんといっしょ☆】大崎甘奈\見つけてほしいなっ☆.csv,16,2014005110080,甘奈,诶嘿嘿，不用客气！,大崎甘奈,【甜花ちゃんといっしょ☆】大崎甘奈,見つけてほしいなっ☆
大崎甘奈\【甜花ちゃんといっしょ☆】大崎甘奈\見つけてほしいなっ☆.csv,17,2014005110090,甘奈,"甘奈，能帮上点忙太好了
毕竟制作人这么为甘奈操着心",大崎甘奈,【甜花ちゃんといっしょ☆】大崎甘奈,見つけてほしいなっ☆
大崎甘奈\【甜花ちゃんといっしょ☆】大崎甘奈\見つけてほしいなっ☆.csv,20,2014005110100,甘奈,谢谢你，制作人,大崎甘奈,【甜花ちゃんといっしょ☆】大崎甘奈,見つけてほしいなっ☆
大崎甘奈\【甜花ちゃんといっしょ☆】大崎甘奈\見つけてほしいなっ☆.csv,22,2014005110110,甘奈,嗯！是什么？,大崎甘奈,【甜花ちゃんといっしょ☆】大崎甘奈,見つけてほしいなっ☆
大崎甘奈\【甜花ちゃんといっしょ☆】大崎甘奈\見つけてほしいなっ☆.csv,24,2014005110120,甘奈,大人的感觉？,大崎甘奈,【甜花ちゃんといっしょ☆】大崎甘奈,見つけてほしいなっ☆
大崎甘奈\【甜花ちゃんといっしょ☆】大崎甘奈\見つけてほしいなっ☆.csv,27,2014005110130,甘奈,跟往常不一样的甘奈吗……,大崎甘奈,【甜花ちゃんといっしょ☆】大崎甘奈,見つけてほしいなっ☆
大崎甘奈\【甜花ちゃんといっしょ☆】大崎甘奈\見つけてほしいなっ☆.csv,28,2014005110140,甘奈,"……
诶嘿嘿，也许不错呢！",大崎甘奈,【甜花ちゃんといっしょ☆】大崎甘奈,見つけてほしいなっ☆
大崎甘奈\【甜花ちゃんといっしょ☆】大崎甘奈\見つけてほしいなっ☆.csv,29,2014005110150,甘奈,"……啊，那么
甘奈，还有想到些其他的形象",大崎甘奈,【甜花ちゃんといっしょ☆】大崎甘奈,見つけてほしいなっ☆
大崎甘奈\【甜花ちゃんといっしょ☆】大崎甘奈\見つけてほしいなっ☆.csv,31,2014005110160,甘奈,"不，没关系的！像这样出主意
有种在做着偶像的感觉，非常开心",大崎甘奈,【甜花ちゃんといっしょ☆】大崎甘奈,見つけてほしいなっ☆
大崎甘奈\【甜花ちゃんといっしょ☆】大崎甘奈\見つけてほしいなっ☆.csv,33,2014005110170,甘奈,"嗯
制作人……",大崎甘奈,【甜花ちゃんといっしょ☆】大崎甘奈,見つけてほしいなっ☆
大崎甘奈\【甜花ちゃんといっしょ☆】大崎甘奈\見つけてほしいなっ☆.csv,35,2014005110180,甘奈,总是，为甘奈考虑这么多……,大崎甘奈,【甜花ちゃんといっしょ☆】大崎甘奈,見つけてほしいなっ☆
大崎甘奈\【甜花ちゃんといっしょ☆】大崎甘奈\見つけてほしいなっ☆.csv,36,2014005110190,甘奈,一直看着甘奈，谢谢,大崎甘奈,【甜花ちゃんといっしょ☆】大崎甘奈,見つけてほしいなっ☆
大崎甘奈\【甜花ちゃんといっしょ☆】大崎甘奈\見つけてほしいなっ☆.csv,38,2014005110200,甘奈,诶嘿嘿！嗯……！,大崎甘奈,【甜花ちゃんといっしょ☆】大崎甘奈,見つけてほしいなっ☆
大崎甘奈\【甜花ちゃんといっしょ☆】大崎甘奈\見つけてほしいなっ☆.csv,39,2014005110210,甘奈,"从今往后，也要去发现更多甘奈所不知道的自己哦，
制作人☆",大崎甘奈,【甜花ちゃんといっしょ☆】大崎甘奈,見つけてほしいなっ☆
大崎甘奈\【竜宮城へご招待☆】大崎甘奈\『私の美しさに抗ってみよ』.csv,4,2014015010010,甘奈,"非常能感受到
设计师的干劲呢！",大崎甘奈,【竜宮城へご招待☆】大崎甘奈,『私の美しさに抗ってみよ』
大崎甘奈\【竜宮城へご招待☆】大崎甘奈\『私の美しさに抗ってみよ』.csv,6,2014015010020,甘奈,"哇……
我会加油的！",大崎甘奈,【竜宮城へご招待☆】大崎甘奈,『私の美しさに抗ってみよ』
大崎甘奈\【竜宮城へご招待☆】大崎甘奈\『私の美しさに抗ってみよ』.csv,9,2014015010030,甘奈,“在很久很久以前，有一个地方住着一个叫浦岛太郎的渔人”,大崎甘奈,【竜宮城へご招待☆】大崎甘奈,『私の美しさに抗ってみよ』
大崎甘奈\【竜宮城へご招待☆】大崎甘奈\『私の美しさに抗ってみよ』.csv,17,2014015010040,甘奈,"浦岛，欢迎你的到来
听说你帮助了乌龟呢，感谢你",大崎甘奈,【竜宮城へご招待☆】大崎甘奈,『私の美しさに抗ってみよ』
大崎甘奈\【竜宮城へご招待☆】大崎甘奈\『私の美しさに抗ってみよ』.csv,19,2014015010050,甘奈,嚯，这么谦虚的么……,大崎甘奈,【竜宮城へご招待☆】大崎甘奈,『私の美しさに抗ってみよ』
大崎甘奈\【竜宮城へご招待☆】大崎甘奈\『私の美しさに抗ってみよ』.csv,20,2014015010060,甘奈,"越来越中意你了
在我的城里尽情放松吧",大崎甘奈,【竜宮城へご招待☆】大崎甘奈,『私の美しさに抗ってみよ』
大崎甘奈\【竜宮城へご招待☆】大崎甘奈\『私の美しさに抗ってみよ』.csv,23,2014015010070,甘奈,"怎么了浦岛。这不是看起来一副相当有心事的表情么
有什么问题的话，说来听听",大崎甘奈,【竜宮城へご招待☆】大崎甘奈,『私の美しさに抗ってみよ』
大崎甘奈\【竜宮城へご招待☆】大崎甘奈\『私の美しさに抗ってみよ』.csv,25,2014015010080,甘奈,嗯……原来如此……,大崎甘奈,【竜宮城へご招待☆】大崎甘奈,『私の美しさに抗ってみよ』
大崎甘奈\【竜宮城へご招待☆】大崎甘奈\『私の美しさに抗ってみよ』.csv,26,2014015010090,甘奈,"其实，汝在此处的一日
相当于地上的一年",大崎甘奈,【竜宮城へご招待☆】大崎甘奈,『私の美しさに抗ってみよ』
大崎甘奈\【竜宮城へご招待☆】大崎甘奈\『私の美しさに抗ってみよ』.csv,27,2014015010100,甘奈,"事到如今回去的话
汝所知悉的事物，也以是沧海桑田",大崎甘奈,【竜宮城へご招待☆】大崎甘奈,『私の美しさに抗ってみよ』
大崎甘奈\【竜宮城へご招待☆】大崎甘奈\『私の美しさに抗ってみよ』.csv,29,2014015010110,甘奈,但是，这样就有些太残酷了……,大崎甘奈,【竜宮城へご招待☆】大崎甘奈,『私の美しさに抗ってみよ』
大崎甘奈\【竜宮城へご招待☆】大崎甘奈\『私の美しさに抗ってみよ』.csv,32,2014015010120,甘奈,"我让地上的时间
回到了你坐乌龟过来之后的几天",大崎甘奈,【竜宮城へご招待☆】大崎甘奈,『私の美しさに抗ってみよ』
大崎甘奈\【竜宮城へご招待☆】大崎甘奈\『私の美しさに抗ってみよ』.csv,33,2014015010130,甘奈,那么，现在可以准备回去了,大崎甘奈,【竜宮城へご招待☆】大崎甘奈,『私の美しさに抗ってみよ』
大崎甘奈\【竜宮城へご招待☆】大崎甘奈\『私の美しさに抗ってみよ』.csv,36,2014015010140,甘奈,"没事……
反正总有一天浦岛他会回到我身边的",大崎甘奈,【竜宮城へご招待☆】大崎甘奈,『私の美しさに抗ってみよ』
大崎甘奈\【竜宮城へご招待☆】大崎甘奈\『私の美しさに抗ってみよ』.csv,38,2014015010150,甘奈,"呼呼……
就是，人是没有办法抵抗美丽的",大崎甘奈,【竜宮城へご招待☆】大崎甘奈,『私の美しさに抗ってみよ』
大崎甘奈\【竜宮城へご招待☆】大崎甘奈\『私の美しさに抗ってみよ』.csv,43,2014015010160,甘奈,……原来如此……,大崎甘奈,【竜宮城へご招待☆】大崎甘奈,『私の美しさに抗ってみよ』
大崎甘奈\【竜宮城へご招待☆】大崎甘奈\『私の美しさに抗ってみよ』.csv,45,2014015010170,甘奈,是的呢……,大崎甘奈,【竜宮城へご招待☆】大崎甘奈,『私の美しさに抗ってみよ』
大崎甘奈\【竜宮城へご招待☆】大崎甘奈\『私の美しさに抗ってみよ』.csv,46,2014015010180,甘奈,也差不多是时候去接他了,大崎甘奈,【竜宮城へご招待☆】大崎甘奈,『私の美しさに抗ってみよ』
大崎甘奈\【竜宮城へご招待☆】大崎甘奈\『私の美しさに抗ってみよ』.csv,48,2014015010190,甘奈,"龟哟
还记得，我以前说过的话么？",大崎甘奈,【竜宮城へご招待☆】大崎甘奈,『私の美しさに抗ってみよ』
大崎甘奈\【竜宮城へご招待☆】大崎甘奈\『私の美しさに抗ってみよ』.csv,50,2014015010200,甘奈,呼呼……是的,大崎甘奈,【竜宮城へご招待☆】大崎甘奈,『私の美しさに抗ってみよ』
大崎甘奈\【竜宮城へご招待☆】大崎甘奈\『私の美しさに抗ってみよ』.csv,51,2014015010210,甘奈,结果跟我说的一样吧,大崎甘奈,【竜宮城へご招待☆】大崎甘奈,『私の美しさに抗ってみよ』
大崎甘奈\【竜宮城へご招待☆】大崎甘奈\『私の美しさに抗ってみよ』.csv,53,2014015010220,甘奈,"谢谢您！
是多亏了您给的资料的功劳呢！",大崎甘奈,【竜宮城へご招待☆】大崎甘奈,『私の美しさに抗ってみよ』
大崎甘奈\【竜宮城へご招待☆】大崎甘奈\『私の美しさに抗ってみよ』.csv,56,2014015010230,甘奈,,大崎甘奈,【竜宮城へご招待☆】大崎甘奈,『私の美しさに抗ってみよ』
大崎甘奈\【竜宮城へご招待☆】大崎甘奈\『私の美しさに抗ってみよ』.csv,57,2014015010240,甘奈,那，那有，那种事情甘……,大崎甘奈,【竜宮城へご招待☆】大崎甘奈,『私の美しさに抗ってみよ』
大崎甘奈\【竜宮城へご招待☆】大崎甘奈\『私の美しさに抗ってみよ』.csv,58,2014015010250,甘奈,我才做不到呢……！,大崎甘奈,【竜宮城へご招待☆】大崎甘奈,『私の美しさに抗ってみよ』
大崎甘奈\【竜宮城へご招待☆】大崎甘奈\しっかり休もう!.csv,2,2014015110010,甘奈,辛苦了,大崎甘奈,【竜宮城へご招待☆】大崎甘奈,しっかり休もう!
大崎甘奈\【竜宮城へご招待☆】大崎甘奈\しっかり休もう!.csv,3,2014015110020,甘奈,哎～……？,大崎甘奈,【竜宮城へご招待☆】大崎甘奈,しっかり休もう!
大崎甘奈\【竜宮城へご招待☆】大崎甘奈\しっかり休もう!.csv,4,2014015110030,甘奈,,大崎甘奈,【竜宮城へご招待☆】大崎甘奈,しっかり休もう!
大崎甘奈\【竜宮城へご招待☆】大崎甘奈\しっかり休もう!.csv,5,2014015110040,甘奈,,大崎甘奈,【竜宮城へご招待☆】大崎甘奈,しっかり休もう!
大崎甘奈\【竜宮城へご招待☆】大崎甘奈\しっかり休もう!.csv,6,2014015110050,甘奈,找不到人在哪……,大崎甘奈,【竜宮城へご招待☆】大崎甘奈,しっかり休もう!
大崎甘奈\【竜宮城へご招待☆】大崎甘奈\しっかり休もう!.csv,7,2014015110060,甘奈,（是会议，延长了吗……）,大崎甘奈,【竜宮城へご招待☆】大崎甘奈,しっかり休もう!
大崎甘奈\【竜宮城へご招待☆】大崎甘奈\しっかり休もう!.csv,9,2014015110070,甘奈,……没问题吗――,大崎甘奈,【竜宮城へご招待☆】大崎甘奈,しっかり休もう!
大崎甘奈\【竜宮城へご招待☆】大崎甘奈\しっかり休もう!.csv,10,2014015110080,甘奈,,大崎甘奈,【竜宮城へご招待☆】大崎甘奈,しっかり休もう!
大崎甘奈\【竜宮城へご招待☆】大崎甘奈\しっかり休もう!.csv,14,2014015110090,甘奈,,大崎甘奈,【竜宮城へご招待☆】大崎甘奈,しっかり休もう!
大崎甘奈\【竜宮城へご招待☆】大崎甘奈\しっかり休もう!.csv,15,2014015110100,甘奈,"“明白了！
今天很热，要多补充水分哦”",大崎甘奈,【竜宮城へご招待☆】大崎甘奈,しっかり休もう!
大崎甘奈\【竜宮城へご招待☆】大崎甘奈\しっかり休もう!.csv,16,2014015110110,甘奈,（还好没事……）,大崎甘奈,【竜宮城へご招待☆】大崎甘奈,しっかり休もう!
大崎甘奈\【竜宮城へご招待☆】大崎甘奈\しっかり休もう!.csv,17,2014015110120,甘奈,"嗯？
还有……？",大崎甘奈,【竜宮城へご招待☆】大崎甘奈,しっかり休もう!
大崎甘奈\【竜宮城へご招待☆】大崎甘奈\しっかり休もう!.csv,19,2014015110130,甘奈,,大崎甘奈,【竜宮城へご招待☆】大崎甘奈,しっかり休もう!
大崎甘奈\【竜宮城へご招待☆】大崎甘奈\しっかり休もう!.csv,20,2014015110140,甘奈,欸嘿嘿……,大崎甘奈,【竜宮城へご招待☆】大崎甘奈,しっかり休もう!
大崎甘奈\【竜宮城へご招待☆】大崎甘奈\しっかり休もう!.csv,26,2014015110150,甘奈,"啊，制作人
欢迎回来",大崎甘奈,【竜宮城へご招待☆】大崎甘奈,しっかり休もう!
大崎甘奈\【竜宮城へご招待☆】大崎甘奈\しっかり休もう!.csv,27,2014015110160,甘奈,马上就做好了，稍微等等,大崎甘奈,【竜宮城へご招待☆】大崎甘奈,しっかり休もう!
大崎甘奈\【竜宮城へご招待☆】大崎甘奈\しっかり休もう!.csv,29,2014015110170,甘奈,――好了好了，在这坐着等等,大崎甘奈,【竜宮城へご招待☆】大崎甘奈,しっかり休もう!
大崎甘奈\【竜宮城へご招待☆】大崎甘奈\しっかり休もう!.csv,31,2014015110180,甘奈,"好的，久等了☆
这是冰镇好的素面！",大崎甘奈,【竜宮城へご招待☆】大崎甘奈,しっかり休もう!
大崎甘奈\【竜宮城へご招待☆】大崎甘奈\しっかり休もう!.csv,35,2014015110190,甘奈,"要是不够的话
还可以加～",大崎甘奈,【竜宮城へご招待☆】大崎甘奈,しっかり休もう!
大崎甘奈\【竜宮城へご招待☆】大崎甘奈\しっかり休もう!.csv,37,2014015110200,甘奈,招待不周！,大崎甘奈,【竜宮城へご招待☆】大崎甘奈,しっかり休もう!
大崎甘奈\【竜宮城へご招待☆】大崎甘奈\しっかり休もう!.csv,40,2014015110210,甘奈,,大崎甘奈,【竜宮城へご招待☆】大崎甘奈,しっかり休もう!
大崎甘奈\【竜宮城へご招待☆】大崎甘奈\しっかり休もう!.csv,41,2014015110220,甘奈,"稍微慢慢来也没关系
汝今天一天都很努力了",大崎甘奈,【竜宮城へご招待☆】大崎甘奈,しっかり休もう!
大崎甘奈\【竜宮城へご招待☆】大崎甘奈\しっかり休もう!.csv,43,2014015110230,甘奈,"商谈也不急
先把工作放下休息一下吧！",大崎甘奈,【竜宮城へご招待☆】大崎甘奈,しっかり休もう!
大崎甘奈\【竜宮城へご招待☆】大崎甘奈\しっかり休もう!.csv,47,2014015110240,甘奈,呼呼，尽情放松就好,大崎甘奈,【竜宮城へご招待☆】大崎甘奈,しっかり休もう!
大崎甘奈\【竜宮城へご招待☆】大崎甘奈\色々試したいねっ!.csv,2,2014015020010,甘奈,“今年夏天的小挑战”,大崎甘奈,【竜宮城へご招待☆】大崎甘奈,色々試したいねっ!
大崎甘奈\【竜宮城へご招待☆】大崎甘奈\色々試したいねっ!.csv,5,2014015020020,甘奈,"设计师也说很喜欢这个摄影棚
调节光线之类的，很厉害呢！",大崎甘奈,【竜宮城へご招待☆】大崎甘奈,色々試したいねっ!
大崎甘奈\【竜宮城へご招待☆】大崎甘奈\色々試したいねっ!.csv,6,2014015020030,甘奈,也想试试用其他的背景～,大崎甘奈,【竜宮城へご招待☆】大崎甘奈,色々試したいねっ!
大崎甘奈\【竜宮城へご招待☆】大崎甘奈\色々試したいねっ!.csv,7,2014015020040,甘奈,哇！,大崎甘奈,【竜宮城へご招待☆】大崎甘奈,色々試したいねっ!
大崎甘奈\【竜宮城へご招待☆】大崎甘奈\色々試したいねっ!.csv,8,2014015020050,甘奈,哇～……！,大崎甘奈,【竜宮城へご招待☆】大崎甘奈,色々試したいねっ!
大崎甘奈\【竜宮城へご招待☆】大崎甘奈\色々試したいねっ!.csv,9,2014015020060,甘奈,"跟真的出外景一样……！
好厉害！",大崎甘奈,【竜宮城へご招待☆】大崎甘奈,色々試したいねっ!
大崎甘奈\【竜宮城へご招待☆】大崎甘奈\色々試したいねっ!.csv,12,2014015020070,甘奈,其他还有什么样的呢！？,大崎甘奈,【竜宮城へご招待☆】大崎甘奈,色々試したいねっ!
大崎甘奈\【竜宮城へご招待☆】大崎甘奈\色々試したいねっ!.csv,14,2014015020080,甘奈,,大崎甘奈,【竜宮城へご招待☆】大崎甘奈,色々試したいねっ!
大崎甘奈\【竜宮城へご招待☆】大崎甘奈\色々試したいねっ!.csv,16,2014015020090,甘奈,可以吗！,大崎甘奈,【竜宮城へご招待☆】大崎甘奈,色々試したいねっ!
大崎甘奈\【竜宮城へご招待☆】大崎甘奈\色々試したいねっ!.csv,22,2014015020100,甘奈,"制作人制作人！
要试试哪个呢！",大崎甘奈,【竜宮城へご招待☆】大崎甘奈,色々試したいねっ!
大崎甘奈\【竜宮城へご招待☆】大崎甘奈\色々試したいねっ!.csv,27,2014015020110,甘奈,"那么～
首先是",大崎甘奈,【竜宮城へご招待☆】大崎甘奈,色々試したいねっ!
大崎甘奈\【竜宮城へご招待☆】大崎甘奈\色々試したいねっ!.csv,28,2014015020120,甘奈,"亮色系的春日景色
感觉拍起来会很好看，还能稍微激起一点外出玩耍的心情☆",大崎甘奈,【竜宮城へご招待☆】大崎甘奈,色々試したいねっ!
大崎甘奈\【竜宮城へご招待☆】大崎甘奈\色々試したいねっ!.csv,29,2014015020130,甘奈,"轻飘飘的飞起来一样
在空中摆出pose",大崎甘奈,【竜宮城へご招待☆】大崎甘奈,色々試したいねっ!
大崎甘奈\【竜宮城へご招待☆】大崎甘奈\色々試したいねっ!.csv,32,2014015020140,甘奈,欸嘿嘿，找到了一个能报告的点子呢！,大崎甘奈,【竜宮城へご招待☆】大崎甘奈,色々試したいねっ!
大崎甘奈\【竜宮城へご招待☆】大崎甘奈\色々試したいねっ!.csv,33,2014015020150,甘奈,然后，再一个的话就是！,大崎甘奈,【竜宮城へご招待☆】大崎甘奈,色々試したいねっ!
大崎甘奈\【竜宮城へご招待☆】大崎甘奈\色々試したいねっ!.csv,35,2014015020160,甘奈,啊……这个是……,大崎甘奈,【竜宮城へご招待☆】大崎甘奈,色々試したいねっ!
大崎甘奈\【竜宮城へご招待☆】大崎甘奈\色々試したいねっ!.csv,36,2014015020170,甘奈,"只是，我自己想看看而已……
欸嘿嘿……",大崎甘奈,【竜宮城へご招待☆】大崎甘奈,色々試したいねっ!
大崎甘奈\【竜宮城へご招待☆】大崎甘奈\色々試したいねっ!.csv,37,2014015020180,甘奈,……呀！,大崎甘奈,【竜宮城へご招待☆】大崎甘奈,色々試したいねっ!
大崎甘奈\【竜宮城へご招待☆】大崎甘奈\色々試したいねっ!.csv,38,2014015020190,甘奈,"制，制作人……！
这个大概不行！",大崎甘奈,【竜宮城へご招待☆】大崎甘奈,色々試したいねっ!
大崎甘奈\【竜宮城へご招待☆】大崎甘奈\色々試したいねっ!.csv,40,2014015020200,甘奈,"～！
这个也不行～！",大崎甘奈,【竜宮城へご招待☆】大崎甘奈,色々試したいねっ!
大崎甘奈\【竜宮城へご招待☆】大崎甘奈\色々試したいねっ!.csv,44,2014015020210,甘奈,,大崎甘奈,【竜宮城へご招待☆】大崎甘奈,色々試したいねっ!
大崎甘奈\【竜宮城へご招待☆】大崎甘奈\色々試したいねっ!.csv,45,2014015020220,甘奈,"制作人
你不会是故意的吧～？",大崎甘奈,【竜宮城へご招待☆】大崎甘奈,色々試したいねっ!
大崎甘奈\【竜宮城へご招待☆】大崎甘奈\色々試したいねっ!.csv,47,2014015020230,甘奈,,大崎甘奈,【竜宮城へご招待☆】大崎甘奈,色々試したいねっ!
大崎甘奈\【竜宮城へご招待☆】大崎甘奈\色々試したいねっ!.csv,48,2014015020240,甘奈,"这种地方的话
让人放松的成熟稳重时尚感也不错！",大崎甘奈,【竜宮城へご招待☆】大崎甘奈,色々試したいねっ!
大崎甘奈\【竜宮城へご招待☆】大崎甘奈\色々試したいねっ!.csv,49,2014015020250,甘奈,配合像是大衣、黑色的装饰品之类的感觉很合适,大崎甘奈,【竜宮城へご招待☆】大崎甘奈,色々試したいねっ!
大崎甘奈\【竜宮城へご招待☆】大崎甘奈\色々試したいねっ!.csv,51,2014015020260,甘奈,,大崎甘奈,【竜宮城へご招待☆】大崎甘奈,色々試したいねっ!
大崎甘奈\【竜宮城へご招待☆】大崎甘奈\色々試したいねっ!.csv,52,2014015020270,甘奈,,大崎甘奈,【竜宮城へご招待☆】大崎甘奈,色々試したいねっ!
大崎甘奈\【竜宮城へご招待☆】大崎甘奈\色々試したいねっ!.csv,53,2014015020280,甘奈,"大家是不是都很喜欢
在这种地方约会呢……？",大崎甘奈,【竜宮城へご招待☆】大崎甘奈,色々試したいねっ!
大崎甘奈\【竜宮城へご招待☆】大崎甘奈\色々試したいねっ!.csv,55,2014015020290,甘奈,嗯，嗯……！,大崎甘奈,【竜宮城へご招待☆】大崎甘奈,色々試したいねっ!
大崎甘奈\【竜宮城へご招待☆】大崎甘奈\色々試したいねっ!.csv,56,2014015020300,甘奈,是很开心呢……！,大崎甘奈,【竜宮城へご招待☆】大崎甘奈,色々試したいねっ!
大崎甘奈\【約束ペタル】大崎甘奈\Absence makes ….csv,3,2014012040010,甘奈,"哇……
开花开得真漂亮……！",大崎甘奈,【約束ペタル】大崎甘奈,Absence makes …
大崎甘奈\【約束ペタル】大崎甘奈\Absence makes ….csv,4,2014012040020,甘奈,到那时候还想再来呢～,大崎甘奈,【約束ペタル】大崎甘奈,Absence makes …
大崎甘奈\【約束ペタル】大崎甘奈\Absence makes ….csv,6,2014012040030,甘奈,制作人，今天就会回来了吧……,大崎甘奈,【約束ペタル】大崎甘奈,Absence makes …
大崎甘奈\【約束ペタル】大崎甘奈\Absence makes ….csv,7,2014012040040,甘奈,（太好了，应该能一起去看……）,大崎甘奈,【約束ペタル】大崎甘奈,Absence makes …
大崎甘奈\【約束ペタル】大崎甘奈\Absence makes ….csv,8,2014012040050,甘奈,！ 是制作人发来的,大崎甘奈,【約束ペタル】大崎甘奈,Absence makes …
大崎甘奈\【約束ペタル】大崎甘奈\Absence makes ….csv,11,2014012040060,甘奈,,大崎甘奈,【約束ペタル】大崎甘奈,Absence makes …
大崎甘奈\【約束ペタル】大崎甘奈\Absence makes ….csv,12,2014012040070,甘奈,"“制作人，辛苦了
好像很不妙呢……”",大崎甘奈,【約束ペタル】大崎甘奈,Absence makes …
大崎甘奈\【約束ペタル】大崎甘奈\Absence makes ….csv,15,2014012040080,甘奈,"“制作人一定没问题！
加油！”",大崎甘奈,【約束ペタル】大崎甘奈,Absence makes …
大崎甘奈\【約束ペタル】大崎甘奈\Absence makes ….csv,17,2014012040090,甘奈,……加油……！,大崎甘奈,【約束ペタル】大崎甘奈,Absence makes …
大崎甘奈\【約束ペタル】大崎甘奈\Absence makes ….csv,18,2014012040100,甘奈,樱花还开得很漂亮呢……,大崎甘奈,【約束ペタル】大崎甘奈,Absence makes …
大崎甘奈\【約束ペタル】大崎甘奈\Absence makes ….csv,19,2014012040110,甘奈,,大崎甘奈,【約束ペタル】大崎甘奈,Absence makes …
大崎甘奈\【約束ペタル】大崎甘奈\Absence makes ….csv,21,2014012040120,甘奈,,大崎甘奈,【約束ペタル】大崎甘奈,Absence makes …
大崎甘奈\【約束ペタル】大崎甘奈\Absence makes ….csv,22,2014012040130,甘奈,没问题……吧……,大崎甘奈,【約束ペタル】大崎甘奈,Absence makes …
大崎甘奈\【約束ペタル】大崎甘奈\Absence makes ….csv,24,2014012040140,甘奈,"感谢指导！
辛苦了！",大崎甘奈,【約束ペタル】大崎甘奈,Absence makes …
大崎甘奈\【約束ペタル】大崎甘奈\Absence makes ….csv,25,2014012040150,甘奈,呼……,大崎甘奈,【約束ペタル】大崎甘奈,Absence makes …
大崎甘奈\【約束ペタル】大崎甘奈\Absence makes ….csv,26,2014012040160,甘奈,"……！
是制作人……吧……",大崎甘奈,【約束ペタル】大崎甘奈,Absence makes …
大崎甘奈\【約束ペタル】大崎甘奈\Absence makes ….csv,27,2014012040170,甘奈,,大崎甘奈,【約束ペタル】大崎甘奈,Absence makes …
大崎甘奈\【約束ペタル】大崎甘奈\Absence makes ….csv,28,2014012040180,甘奈,回到家再看吧,大崎甘奈,【約束ペタル】大崎甘奈,Absence makes …
大崎甘奈\【約束ペタル】大崎甘奈\Absence makes ….csv,30,2014012040190,甘奈,（还要……忍耐……）,大崎甘奈,【約束ペタル】大崎甘奈,Absence makes …
大崎甘奈\【約束ペタル】大崎甘奈\Absence makes ….csv,31,2014012040200,甘奈,,大崎甘奈,【約束ペタル】大崎甘奈,Absence makes …
大崎甘奈\【約束ペタル】大崎甘奈\Absence makes ….csv,33,2014012040220,甘奈,,大崎甘奈,【約束ペタル】大崎甘奈,Absence makes …
大崎甘奈\【約束ペタル】大崎甘奈\Absence makes ….csv,35,2014012040230,甘奈,"诶……制作人……？
为什么……",大崎甘奈,【約束ペタル】大崎甘奈,Absence makes …
大崎甘奈\【約束ペタル】大崎甘奈\Absence makes ….csv,37,2014012040240,甘奈,"是，是吗……？
可是……不是说出差延了……",大崎甘奈,【約束ペタル】大崎甘奈,Absence makes …
大崎甘奈\【約束ペタル】大崎甘奈\Absence makes ….csv,41,2014012040250,甘奈,"诶，啊……没看到……！
现在看……！",大崎甘奈,【約束ペタル】大崎甘奈,Absence makes …
大崎甘奈\【約束ペタル】大崎甘奈\Absence makes ….csv,44,2014012040260,甘奈,,大崎甘奈,【約束ペタル】大崎甘奈,Absence makes …
大崎甘奈\【約束ペタル】大崎甘奈\Absence makes ….csv,45,2014012040270,甘奈,诶嘿嘿……有收到消息……,大崎甘奈,【約束ペタル】大崎甘奈,Absence makes …
大崎甘奈\【約束ペタル】大崎甘奈\Absence makes ….csv,46,2014012040280,甘奈,如果认真看就好了……！,大崎甘奈,【約束ペタル】大崎甘奈,Absence makes …
大崎甘奈\【約束ペタル】大崎甘奈\Absence makes ….csv,48,2014012040290,甘奈,"啊……嗯……！
没有添麻烦……！",大崎甘奈,【約束ペタル】大崎甘奈,Absence makes …
大崎甘奈\【約束ペタル】大崎甘奈\Absence makes ….csv,50,2014012040300,甘奈,"啊，抱，抱歉……！
真的没什么……！",大崎甘奈,【約束ペタル】大崎甘奈,Absence makes …
大崎甘奈\【約束ペタル】大崎甘奈\Absence makes ….csv,51,2014012040310,甘奈,"……太好了……没有延长……
……能回来……",大崎甘奈,【約束ペタル】大崎甘奈,Absence makes …
大崎甘奈\【約束ペタル】大崎甘奈\Absence makes ….csv,53,2014012040320,甘奈,"诶……
啊……添，添麻烦也没关系吧……",大崎甘奈,【約束ペタル】大崎甘奈,Absence makes …
大崎甘奈\【約束ペタル】大崎甘奈\Absence makes ….csv,54,2014012040330,甘奈,"制作人没有努力过头
大家也不会这么想的……！",大崎甘奈,【約束ペタル】大崎甘奈,Absence makes …
大崎甘奈\【約束ペタル】大崎甘奈\Absence makes ….csv,58,2014012040340,甘奈,啊……制作人也这样啊……！,大崎甘奈,【約束ペタル】大崎甘奈,Absence makes …
大崎甘奈\【約束ペタル】大崎甘奈\Absence makes ….csv,60,2014012040350,甘奈,"……！
嗯……没错……！",大崎甘奈,【約束ペタル】大崎甘奈,Absence makes …
大崎甘奈\【約束ペタル】大崎甘奈\Happy contact.csv,3,2014012030010,甘奈,"“工作人员
都是很好的人！”",大崎甘奈,【約束ペタル】大崎甘奈,Happy contact
大崎甘奈\【約束ペタル】大崎甘奈\Happy contact.csv,4,2014012030020,甘奈,“因此工作一帆风顺！”,大崎甘奈,【約束ペタル】大崎甘奈,Happy contact
大崎甘奈\【約束ペタル】大崎甘奈\Happy contact.csv,5,2014012030030,甘奈,"“工作都顺利到
想让制作人看看了！”",大崎甘奈,【約束ペタル】大崎甘奈,Happy contact
大崎甘奈\【約束ペタル】大崎甘奈\Happy contact.csv,7,2014012030040,甘奈,“谢谢”,大崎甘奈,【約束ペタル】大崎甘奈,Happy contact
大崎甘奈\【約束ペタル】大崎甘奈\Happy contact.csv,8,2014012030050,甘奈,"（……
今天，是第5天吗）",大崎甘奈,【約束ペタル】大崎甘奈,Happy contact
大崎甘奈\【約束ペタル】大崎甘奈\Happy contact.csv,11,2014012030060,甘奈,"嗯！ 交给甘奈！
制作人也是，加油！",大崎甘奈,【約束ペタル】大崎甘奈,Happy contact
大崎甘奈\【約束ペタル】大崎甘奈\Happy contact.csv,14,2014012030070,甘奈,"了解！
啊，对了，要去多久？",大崎甘奈,【約束ペタル】大崎甘奈,Happy contact
大崎甘奈\【約束ペタル】大崎甘奈\Happy contact.csv,16,2014012030080,甘奈,"（……5天见不到面
明明之前也有过啊……）",大崎甘奈,【約束ペタル】大崎甘奈,Happy contact
大崎甘奈\【約束ペタル】大崎甘奈\Happy contact.csv,17,2014012030090,甘奈,"（是因为，平常一直见得到面
有安心感，才会有这种感觉吗……）",大崎甘奈,【約束ペタル】大崎甘奈,Happy contact
大崎甘奈\【約束ペタル】大崎甘奈\Happy contact.csv,18,2014012030100,甘奈,,大崎甘奈,【約束ペタル】大崎甘奈,Happy contact
大崎甘奈\【約束ペタル】大崎甘奈\Happy contact.csv,19,2014012030110,甘奈,,大崎甘奈,【約束ペタル】大崎甘奈,Happy contact
大崎甘奈\【約束ペタル】大崎甘奈\Happy contact.csv,20,2014012030120,甘奈,“制作人的工作如何？”,大崎甘奈,【約束ペタル】大崎甘奈,Happy contact
大崎甘奈\【約束ペタル】大崎甘奈\Happy contact.csv,22,2014012030130,甘奈,“太好了！”,大崎甘奈,【約束ペタル】大崎甘奈,Happy contact
大崎甘奈\【約束ペタル】大崎甘奈\Happy contact.csv,24,2014012030140,甘奈,"“嗯！ 说得对！
拜拜——”",大崎甘奈,【約束ペタル】大崎甘奈,Happy contact
大崎甘奈\【約束ペタル】大崎甘奈\Happy contact.csv,25,2014012030150,甘奈,（结束了……）,大崎甘奈,【約束ペタル】大崎甘奈,Happy contact
大崎甘奈\【約束ペタル】大崎甘奈\Happy contact.csv,26,2014012030160,甘奈,,大崎甘奈,【約束ペタル】大崎甘奈,Happy contact
大崎甘奈\【約束ペタル】大崎甘奈\Happy contact.csv,27,2014012030170,甘奈,（最近……没听过声音啊……）,大崎甘奈,【約束ペタル】大崎甘奈,Happy contact
大崎甘奈\【約束ペタル】大崎甘奈\Happy contact.csv,28,2014012030180,甘奈,,大崎甘奈,【約束ペタル】大崎甘奈,Happy contact
大崎甘奈\【約束ペタル】大崎甘奈\Happy contact.csv,29,2014012030190,甘奈,"（……不行！ 不行不行！
制作人也很忙的！）",大崎甘奈,【約束ペタル】大崎甘奈,Happy contact
大崎甘奈\【約束ペタル】大崎甘奈\Happy contact.csv,30,2014012030200,甘奈,（就再忍一下！）,大崎甘奈,【約束ペタル】大崎甘奈,Happy contact
大崎甘奈\【約束ペタル】大崎甘奈\Happy contact.csv,32,2014012030210,甘奈,,大崎甘奈,【約束ペタル】大崎甘奈,Happy contact
大崎甘奈\【約束ペタル】大崎甘奈\Happy contact.csv,33,2014012030220,甘奈,是制作人！,大崎甘奈,【約束ペタル】大崎甘奈,Happy contact
大崎甘奈\【約束ペタル】大崎甘奈\Happy contact.csv,34,2014012030230,甘奈,……难道是有急事……！？,大崎甘奈,【約束ペタル】大崎甘奈,Happy contact
大崎甘奈\【約束ペタル】大崎甘奈\Happy contact.csv,39,2014012030240,甘奈,（……是来问礼物啊……）,大崎甘奈,【約束ペタル】大崎甘奈,Happy contact
大崎甘奈\【約束ペタル】大崎甘奈\Happy contact.csv,40,2014012030250,甘奈,"（可是这么忙还不忘关心
真厉害……）",大崎甘奈,【約束ペタル】大崎甘奈,Happy contact
大崎甘奈\【約束ペタル】大崎甘奈\Happy contact.csv,41,2014012030260,甘奈,“谢谢，什么都可以”,大崎甘奈,【約束ペタル】大崎甘奈,Happy contact
大崎甘奈\【約束ペタル】大崎甘奈\Happy contact.csv,42,2014012030270,甘奈,"“但是，这么说的话一定会很头疼
所以如果有当地有名的点心就好了！”",大崎甘奈,【約束ペタル】大崎甘奈,Happy contact
大崎甘奈\【約束ペタル】大崎甘奈\Happy contact.csv,44,2014012030280,甘奈,,大崎甘奈,【約束ペタル】大崎甘奈,Happy contact
大崎甘奈\【約束ペタル】大崎甘奈\Happy contact.csv,45,2014012030290,甘奈,诶嘿嘿，真期待点心,大崎甘奈,【約束ペタル】大崎甘奈,Happy contact
大崎甘奈\【約束ペタル】大崎甘奈\Happy contact.csv,46,2014012030300,甘奈,,大崎甘奈,【約束ペタル】大崎甘奈,Happy contact
大崎甘奈\【約束ペタル】大崎甘奈\Happy contact.csv,47,2014012030310,甘奈,"“嗯，是甘奈
怎么了？”",大崎甘奈,【約束ペタル】大崎甘奈,Happy contact
大崎甘奈\【約束ペタル】大崎甘奈\Happy contact.csv,50,2014012030320,甘奈,"“原来如此！
这样的话，这次对象是甘奈没有错～”",大崎甘奈,【約束ペタル】大崎甘奈,Happy contact
大崎甘奈\【約束ペタル】大崎甘奈\Happy contact.csv,52,2014012030330,甘奈,“是啊～”,大崎甘奈,【約束ペタル】大崎甘奈,Happy contact
大崎甘奈\【約束ペタル】大崎甘奈\Happy contact.csv,53,2014012030340,甘奈,“下次开始要注意了，制作人”,大崎甘奈,【約束ペタル】大崎甘奈,Happy contact
大崎甘奈\【約束ペタル】大崎甘奈\Happy contact.csv,55,2014012030350,甘奈,“哈哈哈，很好”,大崎甘奈,【約束ペタル】大崎甘奈,Happy contact
大崎甘奈\【約束ペタル】大崎甘奈\Happy contact.csv,57,2014012030360,甘奈,,大崎甘奈,【約束ペタル】大崎甘奈,Happy contact
大崎甘奈\【約束ペタル】大崎甘奈\Happy contact.csv,58,2014012030370,甘奈,“嗯，现在没问题～！”,大崎甘奈,【約束ペタル】大崎甘奈,Happy contact
大崎甘奈\【約束ペタル】大崎甘奈\Happy contact.csv,59,2014012030380,甘奈,"啊，制作人！
辛苦了～！",大崎甘奈,【約束ペタル】大崎甘奈,Happy contact
大崎甘奈\【約束ペタル】大崎甘奈\Happy contact.csv,61,2014012030390,甘奈,"没事，完全没关系！
然后是要说工作的事吧！",大崎甘奈,【約束ペタル】大崎甘奈,Happy contact
大崎甘奈\【約束ペタル】大崎甘奈\Happy contact.csv,63,2014012030400,甘奈,"手边刚好有～！
随时都可以说",大崎甘奈,【約束ペタル】大崎甘奈,Happy contact
大崎甘奈\【約束ペタル】大崎甘奈\Happy contact.csv,66,2014012030410,甘奈,"诶！？ 是吗？
应该没有吧～",大崎甘奈,【約束ペタル】大崎甘奈,Happy contact
大崎甘奈\【約束ペタル】大崎甘奈\How long.csv,2,2014012020010,甘奈,"为各位呈上
“大崎甘奈的在广播吃甜点☆”",大崎甘奈,【約束ペタル】大崎甘奈,How long
大崎甘奈\【約束ペタル】大崎甘奈\How long.csv,3,2014012020020,甘奈,"下次也在这个时间相会吧☆
下次见～！",大崎甘奈,【約束ペタル】大崎甘奈,How long
大崎甘奈\【約束ペタル】大崎甘奈\How long.csv,5,2014012020030,甘奈,辛苦了～！,大崎甘奈,【約束ペタル】大崎甘奈,How long
大崎甘奈\【約束ペタル】大崎甘奈\How long.csv,7,2014012020040,甘奈,"辛苦了！
制作人，今天的广播怎么样？",大崎甘奈,【約束ペタル】大崎甘奈,How long
大崎甘奈\【約束ペタル】大崎甘奈\How long.csv,9,2014012020050,甘奈,诶嘿嘿，太好了！,大崎甘奈,【約束ペタル】大崎甘奈,How long
大崎甘奈\【約束ペタル】大崎甘奈\How long.csv,11,2014012020060,甘奈,远距离恋爱的话题吧,大崎甘奈,【約束ペタル】大崎甘奈,How long
大崎甘奈\【約束ペタル】大崎甘奈\How long.csv,12,2014012020070,甘奈,"甘奈，对投稿人那份对对方的思念
有点心动了",大崎甘奈,【約束ペタル】大崎甘奈,How long
大崎甘奈\【約束ペタル】大崎甘奈\How long.csv,14,2014012020080,甘奈,"能一直思念对方
忍着不能见面，真是坚强",大崎甘奈,【約束ペタル】大崎甘奈,How long
大崎甘奈\【約束ペタル】大崎甘奈\How long.csv,15,2014012020090,甘奈,想到如果是自己的话……,大崎甘奈,【約束ペタル】大崎甘奈,How long
大崎甘奈\【約束ペタル】大崎甘奈\How long.csv,17,2014012020100,甘奈,被发现啦～,大崎甘奈,【約束ペタル】大崎甘奈,How long
大崎甘奈\【約束ペタル】大崎甘奈\How long.csv,20,2014012020110,甘奈,嗯……这个嘛……,大崎甘奈,【約束ペタル】大崎甘奈,How long
大崎甘奈\【約束ペタル】大崎甘奈\How long.csv,21,2014012020120,甘奈,,大崎甘奈,【約束ペタル】大崎甘奈,How long
大崎甘奈\【約束ペタル】大崎甘奈\How long.csv,22,2014012020130,甘奈,大概2周吧……,大崎甘奈,【約束ペタル】大崎甘奈,How long
大崎甘奈\【約束ペタル】大崎甘奈\How long.csv,24,2014012020140,甘奈,"啊，电话倒是一定要2天打1次！
果然还是想听听声音",大崎甘奈,【約束ペタル】大崎甘奈,How long
大崎甘奈\【約束ペタル】大崎甘奈\How long.csv,26,2014012020150,甘奈,间隔太短了吗……？,大崎甘奈,【約束ペタル】大崎甘奈,How long
大崎甘奈\【約束ペタル】大崎甘奈\How long.csv,30,2014012020160,甘奈,谢谢……！,大崎甘奈,【約束ペタル】大崎甘奈,How long
大崎甘奈\【約束ペタル】大崎甘奈\How long.csv,31,2014012020170,甘奈,顺带一提，制作人呢？,大崎甘奈,【約束ペタル】大崎甘奈,How long
大崎甘奈\【約束ペタル】大崎甘奈\How long.csv,33,2014012020180,甘奈,"制作人大概多久没关系？
和重要的人见不了面的时长",大崎甘奈,【約束ペタル】大崎甘奈,How long
大崎甘奈\【約束ペタル】大崎甘奈\How long.csv,38,2014012020190,甘奈,"不过也有1个月了吧？
够长了啦～",大崎甘奈,【約束ペタル】大崎甘奈,How long
大崎甘奈\【約束ペタル】大崎甘奈\How long.csv,39,2014012020200,甘奈,还是说甘奈的标准太短了……,大崎甘奈,【約束ペタル】大崎甘奈,How long
大崎甘奈\【約束ペタル】大崎甘奈\How long.csv,42,2014012020210,甘奈,……看来不要想太多比较好呢,大崎甘奈,【約束ペタル】大崎甘奈,How long
大崎甘奈\【約束ペタル】大崎甘奈\How long.csv,43,2014012020220,甘奈,诶——！ 那么久～！？,大崎甘奈,【約束ペタル】大崎甘奈,How long
大崎甘奈\【約束ペタル】大崎甘奈\How long.csv,45,2014012020230,甘奈,这样啊……,大崎甘奈,【約束ペタル】大崎甘奈,How long
大崎甘奈\【約束ペタル】大崎甘奈\How long.csv,46,2014012020240,甘奈,"好厉害啊，制作人的坚强
都想分点过来了",大崎甘奈,【約束ペタル】大崎甘奈,How long
大崎甘奈\【約束ペタル】大崎甘奈\How long.csv,48,2014012020250,甘奈,嗯——……是这样吗,大崎甘奈,【約束ペタル】大崎甘奈,How long
大崎甘奈\【約束ペタル】大崎甘奈\How long.csv,50,2014012020260,甘奈,,大崎甘奈,【約束ペタル】大崎甘奈,How long
大崎甘奈\【約束ペタル】大崎甘奈\How long.csv,51,2014012020270,甘奈,"是……啊……
嗯……没问题……！",大崎甘奈,【約束ペタル】大崎甘奈,How long
大崎甘奈\【約束ペタル】大崎甘奈\How long.csv,53,2014012020280,甘奈,"这样啊……
有点意外……！",大崎甘奈,【約束ペタル】大崎甘奈,How long
大崎甘奈\【約束ペタル】大崎甘奈\How long.csv,54,2014012020290,甘奈,"还以为
制作人是能忍的类型",大崎甘奈,【約束ペタル】大崎甘奈,How long
大崎甘奈\【約束ペタル】大崎甘奈\How long.csv,56,2014012020300,甘奈,有点亲近感了……！,大崎甘奈,【約束ペタル】大崎甘奈,How long
大崎甘奈\【約束ペタル】大崎甘奈\Promise.csv,2,2014012110010,甘奈,,大崎甘奈,【約束ペタル】大崎甘奈,Promise
大崎甘奈\【約束ペタル】大崎甘奈\Promise.csv,3,2014012110020,甘奈,（基本都变得稀疏了……）,大崎甘奈,【約束ペタル】大崎甘奈,Promise
大崎甘奈\【約束ペタル】大崎甘奈\Promise.csv,4,2014012110030,甘奈,"啊……！
有风……！",大崎甘奈,【約束ペタル】大崎甘奈,Promise
大崎甘奈\【約束ペタル】大崎甘奈\Promise.csv,5,2014012110040,甘奈,（再坚持……一下下……）,大崎甘奈,【約束ペタル】大崎甘奈,Promise
大崎甘奈\【約束ペタル】大崎甘奈\Promise.csv,7,2014012110050,甘奈,早上好,大崎甘奈,【約束ペタル】大崎甘奈,Promise
大崎甘奈\【約束ペタル】大崎甘奈\Promise.csv,9,2014012110060,甘奈,"……
制作人，好像很忙……",大崎甘奈,【約束ペタル】大崎甘奈,Promise
大崎甘奈\【約束ペタル】大崎甘奈\Promise.csv,11,2014012110070,甘奈,是这样啊……！,大崎甘奈,【約束ペタル】大崎甘奈,Promise
大崎甘奈\【約束ペタル】大崎甘奈\Promise.csv,12,2014012110080,甘奈,"……那个，制作人
下次——",大崎甘奈,【約束ペタル】大崎甘奈,Promise
大崎甘奈\【約束ペタル】大崎甘奈\Promise.csv,16,2014012110090,甘奈,啊……！ 嗯……！,大崎甘奈,【約束ペタル】大崎甘奈,Promise
大崎甘奈\【約束ペタル】大崎甘奈\Promise.csv,18,2014012110100,甘奈,"制作人，辛苦了
……没事吧……？",大崎甘奈,【約束ペタル】大崎甘奈,Promise
大崎甘奈\【約束ペタル】大崎甘奈\Promise.csv,21,2014012110110,甘奈,"啊……不了！
不是什么要紧事",大崎甘奈,【約束ペタル】大崎甘奈,Promise
大崎甘奈\【約束ペタル】大崎甘奈\Promise.csv,24,2014012110120,甘奈,诶……？,大崎甘奈,【約束ペタル】大崎甘奈,Promise
大崎甘奈\【約束ペタル】大崎甘奈\Promise.csv,26,2014012110130,甘奈,……是吗……那时候……,大崎甘奈,【約束ペタル】大崎甘奈,Promise
大崎甘奈\【約束ペタル】大崎甘奈\Promise.csv,27,2014012110140,甘奈,"嗯。樱花还开着！
虽然也有一部分开始凋谢了",大崎甘奈,【約束ペタル】大崎甘奈,Promise
大崎甘奈\【約束ペタル】大崎甘奈\Promise.csv,29,2014012110150,甘奈,制作人……？,大崎甘奈,【約束ペタル】大崎甘奈,Promise
大崎甘奈\【約束ペタル】大崎甘奈\Promise.csv,31,2014012110160,甘奈,……嗯……！,大崎甘奈,【約束ペタル】大崎甘奈,Promise
大崎甘奈\【約束ペタル】大崎甘奈\Promise.csv,33,2014012110170,甘奈,,大崎甘奈,【約束ペタル】大崎甘奈,Promise
大崎甘奈\【約束ペタル】大崎甘奈\Promise.csv,35,2014012110180,甘奈,"啊，制作人！
不要道歉……！",大崎甘奈,【約束ペタル】大崎甘奈,Promise
大崎甘奈\【約束ペタル】大崎甘奈\Promise.csv,36,2014012110190,甘奈,"制作人
很努力了……！",大崎甘奈,【約束ペタル】大崎甘奈,Promise
大崎甘奈\【約束ペタル】大崎甘奈\Promise.csv,37,2014012110200,甘奈,……这种事也是会发生的……！,大崎甘奈,【約束ペタル】大崎甘奈,Promise
大崎甘奈\【約束ペタル】大崎甘奈\Promise.csv,39,2014012110210,甘奈,——啊……樱花被风……！,大崎甘奈,【約束ペタル】大崎甘奈,Promise
大崎甘奈\【約束ペタル】大崎甘奈\Promise.csv,40,2014012110220,甘奈,"……制作人……！
这边——",大崎甘奈,【約束ペタル】大崎甘奈,Promise
大崎甘奈\【約束ペタル】大崎甘奈\Promise.csv,41,2014012110230,甘奈,刚才的……看到了吗……？,大崎甘奈,【約束ペタル】大崎甘奈,Promise
大崎甘奈\【約束ペタル】大崎甘奈\Promise.csv,43,2014012110240,甘奈,嗯……很漂亮……,大崎甘奈,【約束ペタル】大崎甘奈,Promise
大崎甘奈\【約束ペタル】大崎甘奈\Promise.csv,45,2014012110250,甘奈,诶嘿嘿，真的有,大崎甘奈,【約束ペタル】大崎甘奈,Promise
大崎甘奈\【約束ペタル】大崎甘奈\Promise.csv,46,2014012110260,甘奈,……制作人，拿好1片花瓣,大崎甘奈,【約束ペタル】大崎甘奈,Promise
大崎甘奈\【約束ペタル】大崎甘奈\Promise.csv,47,2014012110270,甘奈,甘奈也会拿1片的,大崎甘奈,【約束ペタル】大崎甘奈,Promise
大崎甘奈\【約束ペタル】大崎甘奈\Promise.csv,48,2014012110280,甘奈,"就当是要再来看的
约定的证物！",大崎甘奈,【約束ペタル】大崎甘奈,Promise
大崎甘奈\【約束ペタル】大崎甘奈\Promise.csv,49,2014012110290,甘奈,好吗！,大崎甘奈,【約束ペタル】大崎甘奈,Promise
大崎甘奈\【約束ペタル】大崎甘奈\Spring talk.csv,5,2014012010010,甘奈,喂——，制作人～！,大崎甘奈,【約束ペタル】大崎甘奈,Spring talk
大崎甘奈\【約束ペタル】大崎甘奈\Spring talk.csv,7,2014012010020,甘奈,"辛苦了～，制作人！
现在去事务所吗？",大崎甘奈,【約束ペタル】大崎甘奈,Spring talk
大崎甘奈\【約束ペタル】大崎甘奈\Spring talk.csv,9,2014012010030,甘奈,"甘奈也是现在有课程～
能一起走吗？",大崎甘奈,【約束ペタル】大崎甘奈,Spring talk
大崎甘奈\【約束ペタル】大崎甘奈\Spring talk.csv,11,2014012010040,甘奈,"？ 咦，制作人
今天没穿外套啊",大崎甘奈,【約束ペタル】大崎甘奈,Spring talk
大崎甘奈\【約束ペタル】大崎甘奈\Spring talk.csv,14,2014012010050,甘奈,"诶嘿嘿，没事啦～
这种时候偶尔是会有这种事～",大崎甘奈,【約束ペタル】大崎甘奈,Spring talk
大崎甘奈\【約束ペタル】大崎甘奈\Spring talk.csv,16,2014012010060,甘奈,"给人感觉春天近在眼前呢
樱花也有开一小撮！",大崎甘奈,【約束ペタル】大崎甘奈,Spring talk
大崎甘奈\【約束ペタル】大崎甘奈\Spring talk.csv,19,2014012010070,甘奈,"这样啊！
到那时候还想再来呢～",大崎甘奈,【約束ペタル】大崎甘奈,Spring talk
大崎甘奈\【約束ペタル】大崎甘奈\Spring talk.csv,22,2014012010080,甘奈,诶？ 为什么问这个？,大崎甘奈,【約束ペタル】大崎甘奈,Spring talk
大崎甘奈\【約束ペタル】大崎甘奈\Spring talk.csv,25,2014012010090,甘奈,原来如此……嗯——……,大崎甘奈,【約束ペタル】大崎甘奈,Spring talk
大崎甘奈\【約束ペタル】大崎甘奈\Spring talk.csv,26,2014012010091,甘奈,那到时候就聊樱花和甘奈的朋友的故事好了,大崎甘奈,【約束ペタル】大崎甘奈,Spring talk
大崎甘奈\【約束ペタル】大崎甘奈\Spring talk.csv,27,2014012010100,甘奈,"甘奈家里老是搬来搬去嘛
所以刚好这个时候常在搬家",大崎甘奈,【約束ペタル】大崎甘奈,Spring talk
大崎甘奈\【約束ペタル】大崎甘奈\Spring talk.csv,28,2014012010110,甘奈,"然后，那时候就会在转学前
办一场送别会……",大崎甘奈,【約束ペタル】大崎甘奈,Spring talk
大崎甘奈\【約束ペタル】大崎甘奈\Spring talk.csv,29,2014012010120,甘奈,都是关系很好的朋友,大崎甘奈,【約束ペタル】大崎甘奈,Spring talk
大崎甘奈\【約束ペタル】大崎甘奈\Spring talk.csv,30,2014012010130,甘奈,"拿樱花做成压花的书签
当礼物送来了～",大崎甘奈,【約束ペタル】大崎甘奈,Spring talk
大崎甘奈\【約束ペタル】大崎甘奈\Spring talk.csv,32,2014012010140,甘奈,"当然一直在用了～！
是甘奈的宝物☆",大崎甘奈,【約束ペタル】大崎甘奈,Spring talk
大崎甘奈\【約束ペタル】大崎甘奈\Spring talk.csv,35,2014012010150,甘奈,嗯！ 了解！,大崎甘奈,【約束ペタル】大崎甘奈,Spring talk
大崎甘奈\【約束ペタル】大崎甘奈\Spring talk.csv,37,2014012010160,甘奈,诶嘿嘿，不客气！,大崎甘奈,【約束ペタル】大崎甘奈,Spring talk
大崎甘奈\【約束ペタル】大崎甘奈\Spring talk.csv,38,2014012010170,甘奈,那这次就轮到制作人了～！,大崎甘奈,【約束ペタル】大崎甘奈,Spring talk
大崎甘奈\【約束ペタル】大崎甘奈\Spring talk.csv,40,2014012010180,甘奈,"因为甘奈讲了春天的故事
所以也请制作人说点什么☆",大崎甘奈,【約束ペタル】大崎甘奈,Spring talk
大崎甘奈\【約束ペタル】大崎甘奈\Spring talk.csv,45,2014012010190,甘奈,嗯嗯！,大崎甘奈,【約束ペタル】大崎甘奈,Spring talk
大崎甘奈\【約束ペタル】大崎甘奈\Spring talk.csv,47,2014012010200,甘奈,嗯嗯！,大崎甘奈,【約束ペタル】大崎甘奈,Spring talk
大崎甘奈\【約束ペタル】大崎甘奈\Spring talk.csv,49,2014012010210,甘奈,"……
制作人，是在说甘奈吗……？",大崎甘奈,【約束ペタル】大崎甘奈,Spring talk
大崎甘奈\【約束ペタル】大崎甘奈\Spring talk.csv,51,2014012010220,甘奈,真是的，这么打马虎眼好过分～！,大崎甘奈,【約束ペタル】大崎甘奈,Spring talk
大崎甘奈\【約束ペタル】大崎甘奈\Spring talk.csv,52,2014012010230,甘奈,诶～，一定有的啦～,大崎甘奈,【約束ペタル】大崎甘奈,Spring talk
大崎甘奈\【約束ペタル】大崎甘奈\Spring talk.csv,56,2014012010240,甘奈,哦！ 想到什么了吗？,大崎甘奈,【約束ペタル】大崎甘奈,Spring talk
大崎甘奈\【約束ペタル】大崎甘奈\Spring talk.csv,58,2014012010250,甘奈,诶～，什么什么！ 好好奇～！,大崎甘奈,【約束ペタル】大崎甘奈,Spring talk
大崎甘奈\【約束ペタル】大崎甘奈\Spring talk.csv,59,2014012010260,甘奈,跟春天跟樱花有没有关系都好，总之快点说啦～！,大崎甘奈,【約束ペタル】大崎甘奈,Spring talk
大崎甘奈\【約束ペタル】大崎甘奈\Spring talk.csv,61,2014012010270,甘奈,"嘿～！ 那么厉害的话
都有点想看看了！ 有照片吗？",大崎甘奈,【約束ペタル】大崎甘奈,Spring talk
大崎甘奈\【約束ペタル】大崎甘奈\Spring talk.csv,63,2014012010280,甘奈,？ 为什么？,大崎甘奈,【約束ペタル】大崎甘奈,Spring talk
大崎甘奈\【約束ペタル】大崎甘奈\Spring talk.csv,65,2014012010290,甘奈,诶……？ 就是说……？,大崎甘奈,【約束ペタル】大崎甘奈,Spring talk
大崎甘奈\【約束ペタル】大崎甘奈\Spring talk.csv,67,2014012010300,甘奈,"不要～！
结束！ 这个话题结束！",大崎甘奈,【約束ペタル】大崎甘奈,Spring talk
大崎甘奈\【約束ペタル】大崎甘奈\Spring talk.csv,69,2014012010310,甘奈,"～～！ 
制作人好过分～！",大崎甘奈,【約束ペタル】大崎甘奈,Spring talk
大崎甘奈\【約束ペタル】大崎甘奈\Spring talk.csv,71,2014012010320,甘奈,,大崎甘奈,【約束ペタル】大崎甘奈,Spring talk
大崎甘奈\【見つけたい、だけど……】大崎甘奈\安心してね……！.csv,6,2014010010010,甘奈,"肚子饿了吗～
现在给你倒些牛奶～",大崎甘奈,【見つけたい、だけど……】大崎甘奈,安心してね……！
大崎甘奈\【見つけたい、だけど……】大崎甘奈\安心してね……！.csv,7,2014010010020,甘奈,"嗯嗯，好孩子
稍等一下哦～",大崎甘奈,【見つけたい、だけど……】大崎甘奈,安心してね……！
大崎甘奈\【見つけたい、だけど……】大崎甘奈\安心してね……！.csv,8,2014010010030,甘奈,"嗯，可以了～
喝吧～！",大崎甘奈,【見つけたい、だけど……】大崎甘奈,安心してね……！
大崎甘奈\【見つけたい、だけど……】大崎甘奈\安心してね……！.csv,9,2014010010040,甘奈,"真乖，全部喝完了
真了不起～",大崎甘奈,【見つけたい、だけど……】大崎甘奈,安心してね……！
大崎甘奈\【見つけたい、だけど……】大崎甘奈\安心してね……！.csv,10,2014010010050,甘奈,"嗯～？
想要摸摸吗～？",大崎甘奈,【見つけたい、だけど……】大崎甘奈,安心してね……！
大崎甘奈\【見つけたい、だけど……】大崎甘奈\安心してね……！.csv,11,2014010010060,甘奈,摸摸……,大崎甘奈,【見つけたい、だけど……】大崎甘奈,安心してね……！
大崎甘奈\【見つけたい、だけど……】大崎甘奈\安心してね……！.csv,12,2014010010070,甘奈,真可爱～～～！！！,大崎甘奈,【見つけたい、だけど……】大崎甘奈,安心してね……！
大崎甘奈\【見つけたい、だけど……】大崎甘奈\安心してね……！.csv,14,2014010010080,甘奈,,大崎甘奈,【見つけたい、だけど……】大崎甘奈,安心してね……！
大崎甘奈\【見つけたい、だけど……】大崎甘奈\安心してね……！.csv,15,2014010010090,甘奈,制、制作人……！？,大崎甘奈,【見つけたい、だけど……】大崎甘奈,安心してね……！
大崎甘奈\【見つけたい、だけど……】大崎甘奈\安心してね……！.csv,16,2014010010100,甘奈,……你看见了……？,大崎甘奈,【見つけたい、だけど……】大崎甘奈,安心してね……！
大崎甘奈\【見つけたい、だけど……】大崎甘奈\安心してね……！.csv,18,2014010010110,甘奈,,大崎甘奈,【見つけたい、だけど……】大崎甘奈,安心してね……！
大崎甘奈\【見つけたい、だけど……】大崎甘奈\安心してね……！.csv,19,2014010010120,甘奈,──所以啊,大崎甘奈,【見つけたい、だけど……】大崎甘奈,安心してね……！
大崎甘奈\【見つけたい、だけど……】大崎甘奈\安心してね……！.csv,20,2014010010130,甘奈,"在公园跟它玩了会儿
变得很亲近甘奈",大崎甘奈,【見つけたい、だけど……】大崎甘奈,安心してね……！
大崎甘奈\【見つけたい、だけど……】大崎甘奈\安心してね……！.csv,21,2014010010140,甘奈,虽然知道不能带它来,大崎甘奈,【見つけたい、だけど……】大崎甘奈,安心してね……！
大崎甘奈\【見つけたい、だけど……】大崎甘奈\安心してね……！.csv,22,2014010010150,甘奈,"但是听说今天会下雨
没办法放着不管……",大崎甘奈,【見つけたい、だけど……】大崎甘奈,安心してね……！
大崎甘奈\【見つけたい、だけど……】大崎甘奈\安心してね……！.csv,25,2014010010160,甘奈,"制作人……
谢谢",大崎甘奈,【見つけたい、だけど……】大崎甘奈,安心してね……！
大崎甘奈\【見つけたい、だけど……】大崎甘奈\安心してね……！.csv,27,2014010010170,甘奈,"很遗憾，家里不能养，
想给它找饲主",大崎甘奈,【見つけたい、だけど……】大崎甘奈,安心してね……！
大崎甘奈\【見つけたい、だけど……】大崎甘奈\安心してね……！.csv,29,2014010010180,甘奈,"先试着去问问朋友
可能会有人想养",大崎甘奈,【見つけたい、だけど……】大崎甘奈,安心してね……！
大崎甘奈\【見つけたい、だけど……】大崎甘奈\安心してね……！.csv,30,2014010010190,甘奈,"还有，打算利用下互联网
找到了几个可靠的网站",大崎甘奈,【見つけたい、だけど……】大崎甘奈,安心してね……！
大崎甘奈\【見つけたい、だけど……】大崎甘奈\安心してね……！.csv,32,2014010010200,甘奈,"嗯，必须要好好调查才行
这可是要把一个生命交出去啊",大崎甘奈,【見つけたい、だけど……】大崎甘奈,安心してね……！
大崎甘奈\【見つけたい、だけど……】大崎甘奈\安心してね……！.csv,34,2014010010210,甘奈,"谢谢，制作人！
有什么的话会拜托你的！",大崎甘奈,【見つけたい、だけど……】大崎甘奈,安心してね……！
大崎甘奈\【見つけたい、だけど……】大崎甘奈\安心してね……！.csv,35,2014010010220,甘奈,"再等一等……！
会给你找到能安心生活的地方的！",大崎甘奈,【見つけたい、だけど……】大崎甘奈,安心してね……！
大崎甘奈\【見つけたい、だけど……】大崎甘奈\寂しく…….csv,2,2014010110010,甘奈,哈啊……,大崎甘奈,【見つけたい、だけど……】大崎甘奈,寂しく……
大崎甘奈\【見つけたい、だけど……】大崎甘奈\寂しく…….csv,5,2014010110020,甘奈,啊，没有。不是那样,大崎甘奈,【見つけたい、だけど……】大崎甘奈,寂しく……
大崎甘奈\【見つけたい、だけど……】大崎甘奈\寂しく…….csv,6,2014010110030,甘奈,在想……那只小猫现在不知道过得好不好……,大崎甘奈,【見つけたい、だけど……】大崎甘奈,寂しく……
大崎甘奈\【見つけたい、だけど……】大崎甘奈\寂しく…….csv,9,2014010110040,甘奈,嗯……,大崎甘奈,【見つけたい、だけど……】大崎甘奈,寂しく……
大崎甘奈\【見つけたい、だけど……】大崎甘奈\寂しく…….csv,10,2014010110050,甘奈,稍微有些寂寞……,大崎甘奈,【見つけたい、だけど……】大崎甘奈,寂しく……
大崎甘奈\【見つけたい、だけど……】大崎甘奈\寂しく…….csv,11,2014010110060,甘奈,嗯嗯，今天也吃得很香呢～,大崎甘奈,【見つけたい、だけど……】大崎甘奈,寂しく……
大崎甘奈\【見つけたい、だけど……】大崎甘奈\寂しく…….csv,12,2014010110070,甘奈,嗯？怎么了？,大崎甘奈,【見つけたい、だけど……】大崎甘奈,寂しく……
大崎甘奈\【見つけたい、だけど……】大崎甘奈\寂しく…….csv,13,2014010110080,甘奈,身上痒吗……？,大崎甘奈,【見つけたい、だけど……】大崎甘奈,寂しく……
大崎甘奈\【見つけたい、だけど……】大崎甘奈\寂しく…….csv,14,2014010110090,甘奈,"嗯，知道了。稍等一下
现在给你刷一下～",大崎甘奈,【見つけたい、だけど……】大崎甘奈,寂しく……
大崎甘奈\【見つけたい、だけど……】大崎甘奈\寂しく…….csv,15,2014010110100,甘奈,之后一起休息吧～,大崎甘奈,【見つけたい、だけど……】大崎甘奈,寂しく……
大崎甘奈\【見つけたい、だけど……】大崎甘奈\寂しく…….csv,16,2014010110110,甘奈,我回来了～,大崎甘奈,【見つけたい、だけど……】大崎甘奈,寂しく……
大崎甘奈\【見つけたい、だけど……】大崎甘奈\寂しく…….csv,17,2014010110120,甘奈,"诶嘿嘿，我回来啦～
你记得我回来的时间呢～",大崎甘奈,【見つけたい、だけど……】大崎甘奈,寂しく……
大崎甘奈\【見つけたい、だけど……】大崎甘奈\寂しく…….csv,18,2014010110130,甘奈,乖……,大崎甘奈,【見つけたい、だけど……】大崎甘奈,寂しく……
大崎甘奈\【見つけたい、だけど……】大崎甘奈\寂しく…….csv,19,2014010110140,甘奈,？不认识的号码……是谁呢……？,大崎甘奈,【見つけたい、だけど……】大崎甘奈,寂しく……
大崎甘奈\【見つけたい、だけど……】大崎甘奈\寂しく…….csv,20,2014010110150,甘奈,"你好，
请问是哪位……？",大崎甘奈,【見つけたい、だけど……】大崎甘奈,寂しく……
大崎甘奈\【見つけたい、だけど……】大崎甘奈\寂しく…….csv,21,2014010110160,甘奈,,大崎甘奈,【見つけたい、だけど……】大崎甘奈,寂しく……
大崎甘奈\【見つけたい、だけど……】大崎甘奈\寂しく…….csv,22,2014010110170,甘奈,"对，没错
我在寻找想领养它的人……",大崎甘奈,【見つけたい、だけど……】大崎甘奈,寂しく……
大崎甘奈\【見つけたい、だけど……】大崎甘奈\寂しく…….csv,23,2014010110180,甘奈,,大崎甘奈,【見つけたい、だけど……】大崎甘奈,寂しく……
大崎甘奈\【見つけたい、だけど……】大崎甘奈\寂しく…….csv,24,2014010110190,甘奈,嗯，嗯──,大崎甘奈,【見つけたい、だけど……】大崎甘奈,寂しく……
大崎甘奈\【見つけたい、だけど……】大崎甘奈\寂しく…….csv,25,2014010110200,甘奈,"──那就先说到这
请多关照……",大崎甘奈,【見つけたい、だけど……】大崎甘奈,寂しく……
大崎甘奈\【見つけたい、だけど……】大崎甘奈\寂しく…….csv,26,2014010110210,甘奈,,大崎甘奈,【見つけたい、だけど……】大崎甘奈,寂しく……
大崎甘奈\【見つけたい、だけど……】大崎甘奈\寂しく…….csv,27,2014010110220,甘奈,"找到饲主了哦
真是太好了……",大崎甘奈,【見つけたい、だけど……】大崎甘奈,寂しく……
大崎甘奈\【見つけたい、だけど……】大崎甘奈\寂しく…….csv,28,2014010110230,甘奈,"没关系，看起来是个善良的人
放心吧……",大崎甘奈,【見つけたい、だけど……】大崎甘奈,寂しく……
大崎甘奈\【見つけたい、だけど……】大崎甘奈\寂しく…….csv,29,2014010110240,甘奈,"不能发出……
这么寂寞的……声音哦……",大崎甘奈,【見つけたい、だけど……】大崎甘奈,寂しく……
大崎甘奈\【見つけたい、だけど……】大崎甘奈\寂しく…….csv,30,2014010110250,甘奈,,大崎甘奈,【見つけたい、だけど……】大崎甘奈,寂しく……
大崎甘奈\【見つけたい、だけど……】大崎甘奈\寂しく…….csv,31,2014010110260,甘奈,连甘奈也……,大崎甘奈,【見つけたい、だけど……】大崎甘奈,寂しく……
大崎甘奈\【見つけたい、だけど……】大崎甘奈\寂しく…….csv,32,2014010110270,甘奈,嗯……今天一直在一起吧……,大崎甘奈,【見つけたい、だけど……】大崎甘奈,寂しく……
大崎甘奈\【見つけたい、だけど……】大崎甘奈\寂しく…….csv,33,2014010110280,甘奈,毕竟能在一起的时光……所剩不多了呢……,大崎甘奈,【見つけたい、だけど……】大崎甘奈,寂しく……
大崎甘奈\【見つけたい、だけど……】大崎甘奈\寂しく…….csv,34,2014010110290,甘奈,,大崎甘奈,【見つけたい、だけど……】大崎甘奈,寂しく……
大崎甘奈\【見つけたい、だけど……】大崎甘奈\寂しく…….csv,35,2014010110300,甘奈,制作人,大崎甘奈,【見つけたい、だけど……】大崎甘奈,寂しく……
大崎甘奈\【見つけたい、だけど……】大崎甘奈\寂しく…….csv,37,2014010110310,甘奈,"就算明白总有这一天
离别真是寂寞呢……",大崎甘奈,【見つけたい、だけど……】大崎甘奈,寂しく……
大崎甘奈\【見つけたい、だけど……】大崎甘奈\寂しく…….csv,38,2014010110320,甘奈,"如果变得更坚强的话
是不是就能经受得住呢？",大崎甘奈,【見つけたい、だけど……】大崎甘奈,寂しく……
大崎甘奈\【見つけたい、だけど……】大崎甘奈\寂しく…….csv,42,2014010110330,甘奈,制作人……,大崎甘奈,【見つけたい、だけど……】大崎甘奈,寂しく……
大崎甘奈\【見つけたい、だけど……】大崎甘奈\寂しく…….csv,43,2014010110340,甘奈,是啊……谢谢你……,大崎甘奈,【見つけたい、だけど……】大崎甘奈,寂しく……
大崎甘奈\【見つけたい、だけど……】大崎甘奈\寂しく…….csv,44,2014010110350,甘奈,一说起这些，就回忆起来了……,大崎甘奈,【見つけたい、だけど……】大崎甘奈,寂しく……
大崎甘奈\【見つけたい、だけど……】大崎甘奈\寂しく…….csv,45,2014010110360,甘奈,稍微……,大崎甘奈,【見つけたい、だけど……】大崎甘奈,寂しく……
大崎甘奈\【見つけたい、だけど……】大崎甘奈\寂しく…….csv,46,2014010110370,甘奈,,大崎甘奈,【見つけたい、だけど……】大崎甘奈,寂しく……
大崎甘奈\【雪空セパレート】大崎甘奈\Day star.csv,2,2014013110010,甘奈,"诶……？
刚才，有什么……",大崎甘奈,【雪空セパレート】大崎甘奈,Day star
大崎甘奈\【雪空セパレート】大崎甘奈\Day star.csv,4,2014013110020,甘奈,啊……又来了……,大崎甘奈,【雪空セパレート】大崎甘奈,Day star
大崎甘奈\【雪空セパレート】大崎甘奈\Day star.csv,5,2014013110030,甘奈,好冷……,大崎甘奈,【雪空セパレート】大崎甘奈,Day star
大崎甘奈\【雪空セパレート】大崎甘奈\Day star.csv,7,2014013110040,甘奈,……开始下了呢,大崎甘奈,【雪空セパレート】大崎甘奈,Day star
大崎甘奈\【雪空セパレート】大崎甘奈\Day star.csv,9,2014013110050,甘奈,不用的，我没事,大崎甘奈,【雪空セパレート】大崎甘奈,Day star
大崎甘奈\【雪空セパレート】大崎甘奈\Day star.csv,11,2014013110060,甘奈,诶嘿嘿，谢谢,大崎甘奈,【雪空セパレート】大崎甘奈,Day star
大崎甘奈\【雪空セパレート】大崎甘奈\Day star.csv,12,2014013110070,甘奈,"但是，我有好好带着暖炉所以没问题的
制作人的份也有，给",大崎甘奈,【雪空セパレート】大崎甘奈,Day star
大崎甘奈\【雪空セパレート】大崎甘奈\Day star.csv,16,2014013110080,甘奈,昨天晚上，星星真的很漂亮呢,大崎甘奈,【雪空セパレート】大崎甘奈,Day star
大崎甘奈\【雪空セパレート】大崎甘奈\Day star.csv,17,2014013110090,甘奈,……是不是掉下来了呢？,大崎甘奈,【雪空セパレート】大崎甘奈,Day star
大崎甘奈\【雪空セパレート】大崎甘奈\Day star.csv,19,2014013110100,甘奈,星星,大崎甘奈,【雪空セパレート】大崎甘奈,Day star
大崎甘奈\【雪空セパレート】大崎甘奈\Day star.csv,20,2014013110110,甘奈,昨天在空中闪闪发光的星星,大崎甘奈,【雪空セパレート】大崎甘奈,Day star
大崎甘奈\【雪空セパレート】大崎甘奈\Day star.csv,21,2014013110120,甘奈,"是不是到了今天就变成了雪花，
落了下来呢",大崎甘奈,【雪空セパレート】大崎甘奈,Day star
大崎甘奈\【雪空セパレート】大崎甘奈\Day star.csv,22,2014013110130,甘奈,"因为两边都是一片洁白、焕发着光辉
所以，我就这么想了一想",大崎甘奈,【雪空セパレート】大崎甘奈,Day star
大崎甘奈\【雪空セパレート】大崎甘奈\Day star.csv,25,2014013110140,甘奈,,大崎甘奈,【雪空セパレート】大崎甘奈,Day star
大崎甘奈\【雪空セパレート】大崎甘奈\Day star.csv,28,2014013110150,甘奈,诶嘿嘿，是呢,大崎甘奈,【雪空セパレート】大崎甘奈,Day star
大崎甘奈\【雪空セパレート】大崎甘奈\Day star.csv,29,2014013110160,甘奈,那等到下次能看见星空的时候,大崎甘奈,【雪空セパレート】大崎甘奈,Day star
大崎甘奈\【雪空セパレート】大崎甘奈\Day star.csv,30,2014013110170,甘奈,"甘奈就得对它们好好说出
“能平安回去真是太好了呢”",大崎甘奈,【雪空セパレート】大崎甘奈,Day star
大崎甘奈\【雪空セパレート】大崎甘奈\Day star.csv,31,2014013110180,甘奈,"还有，“欢迎回来”
才行呢",大崎甘奈,【雪空セパレート】大崎甘奈,Day star
大崎甘奈\【雪空セパレート】大崎甘奈\Day star.csv,35,2014013110190,甘奈,……是呢——,大崎甘奈,【雪空セパレート】大崎甘奈,Day star
大崎甘奈\【雪空セパレート】大崎甘奈\Day star.csv,36,2014013110200,甘奈,——啊，但是……,大崎甘奈,【雪空セパレート】大崎甘奈,Day star
大崎甘奈\【雪空セパレート】大崎甘奈\Day star.csv,37,2014013110210,甘奈,制作人的手，是不是比甘奈更暖和呢？,大崎甘奈,【雪空セパレート】大崎甘奈,Day star
大崎甘奈\【雪空セパレート】大崎甘奈\Day star.csv,39,2014013110220,甘奈,……诶嘿嘿，也是啊……,大崎甘奈,【雪空セパレート】大崎甘奈,Day star
大崎甘奈\【雪空セパレート】大崎甘奈\Day star.csv,41,2014013110230,甘奈,"不，没什么……！
只不过……如果是那样……",大崎甘奈,【雪空セパレート】大崎甘奈,Day star
大崎甘奈\【雪空セパレート】大崎甘奈\Day star.csv,42,2014013110240,甘奈,"就算暖炉彻底冷掉
应该也没关系……吧……",大崎甘奈,【雪空セパレート】大崎甘奈,Day star
大崎甘奈\【雪空セパレート】大崎甘奈\How to warm.csv,3,2014013020010,甘奈,"的确……！
我也感觉有点",大崎甘奈,【雪空セパレート】大崎甘奈,How to warm
大崎甘奈\【雪空セパレート】大崎甘奈\How to warm.csv,7,2014013020020,甘奈,"？
制作人，发生什么了吗？",大崎甘奈,【雪空セパレート】大崎甘奈,How to warm
大崎甘奈\【雪空セパレート】大崎甘奈\How to warm.csv,10,2014013020030,甘奈,啊～……,大崎甘奈,【雪空セパレート】大崎甘奈,How to warm
大崎甘奈\【雪空セパレート】大崎甘奈\How to warm.csv,11,2014013020040,甘奈,"一到这种季节，
大家就都会为同一件事情烦恼呢……！",大崎甘奈,【雪空セパレート】大崎甘奈,How to warm
大崎甘奈\【雪空セパレート】大崎甘奈\How to warm.csv,12,2014013020050,甘奈,妈妈昨天也和家里的账簿大眼瞪小眼了好久哦,大崎甘奈,【雪空セパレート】大崎甘奈,How to warm
大崎甘奈\【雪空セパレート】大崎甘奈\How to warm.csv,14,2014013020060,甘奈,"要是能做到那种事情
制作人就是超能力者了呢",大崎甘奈,【雪空セパレート】大崎甘奈,How to warm
大崎甘奈\【雪空セパレート】大崎甘奈\How to warm.csv,17,2014013020070,甘奈,嗯嗯！,大崎甘奈,【雪空セパレート】大崎甘奈,How to warm
大崎甘奈\【雪空セパレート】大崎甘奈\How to warm.csv,18,2014013020080,甘奈,"反过来，也可以充满冬天的严寒，
然后等到夏天释放～！之类的！",大崎甘奈,【雪空セパレート】大崎甘奈,How to warm
大崎甘奈\【雪空セパレート】大崎甘奈\How to warm.csv,20,2014013020090,甘奈,"或者瞬移到温暖的度假胜地！之类的，
好像也挺不错的呢！",大崎甘奈,【雪空セパレート】大崎甘奈,How to warm
大崎甘奈\【雪空セパレート】大崎甘奈\How to warm.csv,22,2014013020100,甘奈,这种事情，换谁都是会梦想一次的嘛～,大崎甘奈,【雪空セパレート】大崎甘奈,How to warm
大崎甘奈\【雪空セパレート】大崎甘奈\How to warm.csv,24,2014013020110,甘奈,嗯，一起来想想不开暖气就能保暖的方法吧,大崎甘奈,【雪空セパレート】大崎甘奈,How to warm
大崎甘奈\【雪空セパレート】大崎甘奈\How to warm.csv,29,2014013020120,甘奈,"辣的食物啊……
大概要多辣……？",大崎甘奈,【雪空セパレート】大崎甘奈,How to warm
大崎甘奈\【雪空セパレート】大崎甘奈\How to warm.csv,31,2014013020130,甘奈,啊，甘奈就免了吧……！,大崎甘奈,【雪空セパレート】大崎甘奈,How to warm
大崎甘奈\【雪空セパレート】大崎甘奈\How to warm.csv,32,2014013020140,甘奈,我……不是很能吃辣,大崎甘奈,【雪空セパレート】大崎甘奈,How to warm
大崎甘奈\【雪空セパレート】大崎甘奈\How to warm.csv,35,2014013020150,甘奈,不用太在意甘奈的！,大崎甘奈,【雪空セパレート】大崎甘奈,How to warm
大崎甘奈\【雪空セパレート】大崎甘奈\How to warm.csv,36,2014013020160,甘奈,毕竟，制作人好像很想试试看,大崎甘奈,【雪空セパレート】大崎甘奈,How to warm
大崎甘奈\【雪空セパレート】大崎甘奈\How to warm.csv,37,2014013020170,甘奈,甘奈会在旁边看着的,大崎甘奈,【雪空セパレート】大崎甘奈,How to warm
大崎甘奈\【雪空セパレート】大崎甘奈\How to warm.csv,38,2014013020180,甘奈,那就赶紧试试看吧,大崎甘奈,【雪空セパレート】大崎甘奈,How to warm
大崎甘奈\【雪空セパレート】大崎甘奈\How to warm.csv,40,2014013020190,甘奈,要不要试着再多穿几件？,大崎甘奈,【雪空セパレート】大崎甘奈,How to warm
大崎甘奈\【雪空セパレート】大崎甘奈\How to warm.csv,42,2014013020200,甘奈,要是还有什么别的好用的道具就好了……,大崎甘奈,【雪空セパレート】大崎甘奈,How to warm
大崎甘奈\【雪空セパレート】大崎甘奈\How to warm.csv,43,2014013020210,甘奈,——啊！制作人！,大崎甘奈,【雪空セパレート】大崎甘奈,How to warm
大崎甘奈\【雪空セパレート】大崎甘奈\How to warm.csv,45,2014013020220,甘奈,"小甜花在家里经常穿的那件恶魔太郎连帽卫衣！
那个真的超级暖和！",大崎甘奈,【雪空セパレート】大崎甘奈,How to warm
大崎甘奈\【雪空セパレート】大崎甘奈\How to warm.csv,48,2014013020230,甘奈,小甜花有时候会借给我哦～,大崎甘奈,【雪空セパレート】大崎甘奈,How to warm
大崎甘奈\【雪空セパレート】大崎甘奈\How to warm.csv,50,2014013020240,甘奈,嗯——……,大崎甘奈,【雪空セパレート】大崎甘奈,How to warm
大崎甘奈\【雪空セパレート】大崎甘奈\How to warm.csv,51,2014013020250,甘奈,,大崎甘奈,【雪空セパレート】大崎甘奈,How to warm
大崎甘奈\【雪空セパレート】大崎甘奈\How to warm.csv,52,2014013020260,甘奈,制作人！,大崎甘奈,【雪空セパレート】大崎甘奈,How to warm
大崎甘奈\【雪空セパレート】大崎甘奈\How to warm.csv,55,2014013020270,甘奈,"好，摸到了☆
现在制作人是鬼～",大崎甘奈,【雪空セパレート】大崎甘奈,How to warm
大崎甘奈\【雪空セパレート】大崎甘奈\How to warm.csv,56,2014013020280,甘奈,来试着抓住甘奈吧～！,大崎甘奈,【雪空セパレート】大崎甘奈,How to warm
大崎甘奈\【雪空セパレート】大崎甘奈\Put hands together.csv,3,2014013040010,甘奈,大家辛苦了～！,大崎甘奈,【雪空セパレート】大崎甘奈,Put hands together
大崎甘奈\【雪空セパレート】大崎甘奈\Put hands together.csv,5,2014013040020,甘奈,拜托你们了！,大崎甘奈,【雪空セパレート】大崎甘奈,Put hands together
大崎甘奈\【雪空セパレート】大崎甘奈\Put hands together.csv,6,2014013040030,甘奈,诶嘿嘿～,大崎甘奈,【雪空セパレート】大崎甘奈,Put hands together
大崎甘奈\【雪空セパレート】大崎甘奈\Put hands together.csv,8,2014013040040,甘奈,啊，看得出来吗？,大崎甘奈,【雪空セパレート】大崎甘奈,Put hands together
大崎甘奈\【雪空セパレート】大崎甘奈\Put hands together.csv,10,2014013040050,甘奈,因为啊～，这件衣服非常可爱嘛,大崎甘奈,【雪空セパレート】大崎甘奈,Put hands together
大崎甘奈\【雪空セパレート】大崎甘奈\Put hands together.csv,13,2014013040060,甘奈,"是的，我觉得这样可以鲜明易懂地体验出冬天的特征，
是个很不错的概念",大崎甘奈,【雪空セパレート】大崎甘奈,Put hands together
大崎甘奈\【雪空セパレート】大崎甘奈\Put hands together.csv,15,2014013040070,甘奈,！非常感谢,大崎甘奈,【雪空セパレート】大崎甘奈,Put hands together
大崎甘奈\【雪空セパレート】大崎甘奈\Put hands together.csv,17,2014013040080,甘奈,"不是的！
这都是设计师的功劳！",大崎甘奈,【雪空セパレート】大崎甘奈,Put hands together
大崎甘奈\【雪空セパレート】大崎甘奈\Put hands together.csv,18,2014013040090,甘奈,"毕竟要加入“异国风”要素这种设想，我完全没想到嘛！
甘奈学到了好多东西～",大崎甘奈,【雪空セパレート】大崎甘奈,Put hands together
大崎甘奈\【雪空セパレート】大崎甘奈\Put hands together.csv,20,2014013040100,甘奈,谢谢！,大崎甘奈,【雪空セパレート】大崎甘奈,Put hands together
大崎甘奈\【雪空セパレート】大崎甘奈\Put hands together.csv,22,2014013040110,甘奈,"我也觉得那张最好！
拜托你们了",大崎甘奈,【雪空セパレート】大崎甘奈,Put hands together
大崎甘奈\【雪空セパレート】大崎甘奈\Put hands together.csv,24,2014013040120,甘奈,诶嘿嘿，原来大家都很中意那张照片呢,大崎甘奈,【雪空セパレート】大崎甘奈,Put hands together
大崎甘奈\【雪空セパレート】大崎甘奈\Put hands together.csv,26,2014013040130,甘奈,是之前读的一本书里的一个场景哦～,大崎甘奈,【雪空セパレート】大崎甘奈,Put hands together
大崎甘奈\【雪空セパレート】大崎甘奈\Put hands together.csv,27,2014013040140,甘奈,"有一个住在寒冷国家的女孩子
和很重要的人牵着手，一起在街上走着",大崎甘奈,【雪空セパレート】大崎甘奈,Put hands together
大崎甘奈\【雪空セパレート】大崎甘奈\Put hands together.csv,28,2014013040150,甘奈,但是，两个人在人群之中走散了,大崎甘奈,【雪空セパレート】大崎甘奈,Put hands together
大崎甘奈\【雪空セパレート】大崎甘奈\Put hands together.csv,29,2014013040160,甘奈,"女孩子再怎么找，
也完全找不到那个人",大崎甘奈,【雪空セパレート】大崎甘奈,Put hands together
大崎甘奈\【雪空セパレート】大崎甘奈\Put hands together.csv,30,2014013040170,甘奈,她渐渐变得不安起来,大崎甘奈,【雪空セパレート】大崎甘奈,Put hands together
大崎甘奈\【雪空セパレート】大崎甘奈\Put hands together.csv,31,2014013040180,甘奈,"两人牵起双手时的温度，
也在逐渐消失",大崎甘奈,【雪空セパレート】大崎甘奈,Put hands together
大崎甘奈\【雪空セパレート】大崎甘奈\Put hands together.csv,32,2014013040190,甘奈,"“说不定，两人会就这样
再也无法相见了”",大崎甘奈,【雪空セパレート】大崎甘奈,Put hands together
大崎甘奈\【雪空セパレート】大崎甘奈\Put hands together.csv,33,2014013040200,甘奈,她如此想到,大崎甘奈,【雪空セパレート】大崎甘奈,Put hands together
大崎甘奈\【雪空セパレート】大崎甘奈\Put hands together.csv,34,2014013040210,甘奈,"在那个时候，她为了让自己稍微放下一点心来
将残留着微弱温暖的双手合在了一起",大崎甘奈,【雪空セパレート】大崎甘奈,Put hands together
大崎甘奈\【雪空セパレート】大崎甘奈\Put hands together.csv,35,2014013040220,甘奈,"那个场景印象非常深刻
所以，我就拿来做了一下参考",大崎甘奈,【雪空セパレート】大崎甘奈,Put hands together
大崎甘奈\【雪空セパレート】大崎甘奈\Put hands together.csv,36,2014013040230,甘奈,,大崎甘奈,【雪空セパレート】大崎甘奈,Put hands together
大崎甘奈\【雪空セパレート】大崎甘奈\Put hands together.csv,38,2014013040240,甘奈,哈——……,大崎甘奈,【雪空セパレート】大崎甘奈,Put hands together
大崎甘奈\【雪空セパレート】大崎甘奈\Put hands together.csv,40,2014013040250,甘奈,啊，刚才那不是——,大崎甘奈,【雪空セパレート】大崎甘奈,Put hands together
大崎甘奈\【雪空セパレート】大崎甘奈\Put hands together.csv,42,2014013040260,甘奈,有可能，真的是养成习惯了……,大崎甘奈,【雪空セパレート】大崎甘奈,Put hands together
大崎甘奈\【雪空セパレート】大崎甘奈\Put hands together.csv,43,2014013040270,甘奈,,大崎甘奈,【雪空セパレート】大崎甘奈,Put hands together
大崎甘奈\【雪空セパレート】大崎甘奈\Put hands together.csv,44,2014013040280,甘奈,哈——……,大崎甘奈,【雪空セパレート】大崎甘奈,Put hands together
大崎甘奈\【雪空セパレート】大崎甘奈\warmth in hand.csv,2,2014013010010,甘奈,哈～,大崎甘奈,【雪空セパレート】大崎甘奈,warmth in hand
大崎甘奈\【雪空セパレート】大崎甘奈\warmth in hand.csv,4,2014013010020,甘奈,哈～,大崎甘奈,【雪空セパレート】大崎甘奈,warmth in hand
大崎甘奈\【雪空セパレート】大崎甘奈\warmth in hand.csv,6,2014013010030,甘奈,"嗯……！
能拜托你一下吗……？",大崎甘奈,【雪空セパレート】大崎甘奈,warmth in hand
大崎甘奈\【雪空セパレート】大崎甘奈\warmth in hand.csv,7,2014013010040,甘奈,谢谢……！,大崎甘奈,【雪空セパレート】大崎甘奈,warmth in hand
大崎甘奈\【雪空セパレート】大崎甘奈\warmth in hand.csv,9,2014013010050,甘奈,啊！我自己来吧！,大崎甘奈,【雪空セパレート】大崎甘奈,warmth in hand
大崎甘奈\【雪空セパレート】大崎甘奈\warmth in hand.csv,11,2014013010060,甘奈,,大崎甘奈,【雪空セパレート】大崎甘奈,warmth in hand
大崎甘奈\【雪空セパレート】大崎甘奈\warmth in hand.csv,12,2014013010070,甘奈,呼～……,大崎甘奈,【雪空セパレート】大崎甘奈,warmth in hand
大崎甘奈\【雪空セパレート】大崎甘奈\warmth in hand.csv,14,2014013010080,甘奈,"嗯！
已经暖洋洋的了☆",大崎甘奈,【雪空セパレート】大崎甘奈,warmth in hand
大崎甘奈\【雪空セパレート】大崎甘奈\warmth in hand.csv,16,2014013010090,甘奈,各种事情都非常感谢您……！,大崎甘奈,【雪空セパレート】大崎甘奈,warmth in hand
大崎甘奈\【雪空セパレート】大崎甘奈\warmth in hand.csv,18,2014013010100,甘奈,不会！真的没问题！,大崎甘奈,【雪空セパレート】大崎甘奈,warmth in hand
大崎甘奈\【雪空セパレート】大崎甘奈\warmth in hand.csv,20,2014013010110,甘奈,"诶嘿嘿……
好像有点养成习惯了……！",大崎甘奈,【雪空セパレート】大崎甘奈,warmth in hand
大崎甘奈\【雪空セパレート】大崎甘奈\warmth in hand.csv,21,2014013010120,甘奈,"像今天这种日子，就会不知不觉地开始搓手呢～
……尤其是在外面的时候……",大崎甘奈,【雪空セパレート】大崎甘奈,warmth in hand
大崎甘奈\【雪空セパレート】大崎甘奈\warmth in hand.csv,23,2014013010130,甘奈,"嗯～
的确，独自一人的时候可能会稍微有点呢～",大崎甘奈,【雪空セパレート】大崎甘奈,warmth in hand
大崎甘奈\【雪空セパレート】大崎甘奈\warmth in hand.csv,26,2014013010140,甘奈,"诶嘿嘿～
甘奈会让小甜花帮忙暖手哦～",大崎甘奈,【雪空セパレート】大崎甘奈,warmth in hand
大崎甘奈\【雪空セパレート】大崎甘奈\warmth in hand.csv,27,2014013010150,甘奈,比如，让小甜花紧紧地握住我的手～,大崎甘奈,【雪空セパレート】大崎甘奈,warmth in hand
大崎甘奈\【雪空セパレート】大崎甘奈\warmth in hand.csv,28,2014013010160,甘奈,或者，两个人缩成一团～,大崎甘奈,【雪空セパレート】大崎甘奈,warmth in hand
大崎甘奈\【雪空セパレート】大崎甘奈\warmth in hand.csv,32,2014013010170,甘奈,小甜花，超——级暖和的哦～,大崎甘奈,【雪空セパレート】大崎甘奈,warmth in hand
大崎甘奈\【雪空セパレート】大崎甘奈\warmth in hand.csv,33,2014013010180,甘奈,所以，甘奈不由自主就会碰上去～,大崎甘奈,【雪空セパレート】大崎甘奈,warmth in hand
大崎甘奈\【雪空セパレート】大崎甘奈\warmth in hand.csv,35,2014013010190,甘奈,"呵呵呵，制作人
太天真了……！",大崎甘奈,【雪空セパレート】大崎甘奈,warmth in hand
大崎甘奈\【雪空セパレート】大崎甘奈\warmth in hand.csv,36,2014013010200,甘奈,"这么做的时机，
甘奈也有好好地掌握着哦☆",大崎甘奈,【雪空セパレート】大崎甘奈,warmth in hand
大崎甘奈\【雪空セパレート】大崎甘奈\warmth in hand.csv,37,2014013010210,甘奈,可不能小看甜花master哦？,大崎甘奈,【雪空セパレート】大崎甘奈,warmth in hand
大崎甘奈\【雪空セパレート】大崎甘奈\warmth in hand.csv,38,2014013010220,甘奈,"嗯——……
那说不定还是没有的！",大崎甘奈,【雪空セパレート】大崎甘奈,warmth in hand
大崎甘奈\【雪空セパレート】大崎甘奈\warmth in hand.csv,40,2014013010230,甘奈,"因为因为～
甘奈和小甜花的心",大崎甘奈,【雪空セパレート】大崎甘奈,warmth in hand
大崎甘奈\【雪空セパレート】大崎甘奈\warmth in hand.csv,41,2014013010240,甘奈,已经没法靠得再近了嘛☆,大崎甘奈,【雪空セパレート】大崎甘奈,warmth in hand
大崎甘奈\【雪空セパレート】大崎甘奈\warmth in hand.csv,43,2014013010250,甘奈,呵呵,大崎甘奈,【雪空セパレート】大崎甘奈,warmth in hand
大崎甘奈\【雪空セパレート】大崎甘奈\warmth in hand.csv,44,2014013010260,甘奈,诶嘿嘿～,大崎甘奈,【雪空セパレート】大崎甘奈,warmth in hand
大崎甘奈\【雪空セパレート】大崎甘奈\warmth in hand.csv,45,2014013010270,甘奈,"那下次，要不试试把甘奈和小甜花拍的照片
上传到推特上吧～",大崎甘奈,【雪空セパレート】大崎甘奈,warmth in hand
大崎甘奈\【雪空セパレート】大崎甘奈\warmth in hand.csv,47,2014013010280,甘奈,要打什么tag好呢～,大崎甘奈,【雪空セパレート】大崎甘奈,warmth in hand
大崎甘奈\【雪空セパレート】大崎甘奈\warmth in hand.csv,48,2014013010290,甘奈,"『#暖暖的小甜花』『#暖洋洋的小甜花』
『#小甜花真可爱☆』……",大崎甘奈,【雪空セパレート】大崎甘奈,warmth in hand
大崎甘奈\【雪空セパレート】大崎甘奈\warmth in hand.csv,49,2014013010300,甘奈,"啊——！
选择实在是太多了，完全决定不了啊～！",大崎甘奈,【雪空セパレート】大崎甘奈,warmth in hand
大崎甘奈\【雪空セパレート】大崎甘奈\warmth in hand.csv,52,2014013010310,甘奈,哇！这个挺不错的耶☆,大崎甘奈,【雪空セパレート】大崎甘奈,warmth in hand
大崎甘奈\【雪空セパレート】大崎甘奈\warmth in hand.csv,53,2014013010320,甘奈,也能改成像『#冬天出门在外的大崎姊妹』之类的tag二次使用,大崎甘奈,【雪空セパレート】大崎甘奈,warmth in hand
大崎甘奈\【雪空セパレート】大崎甘奈\warmth in hand.csv,54,2014013010330,甘奈,"制作人，你刚刚想到的那个tag
就借甘奈一用吧！",大崎甘奈,【雪空セパレート】大崎甘奈,warmth in hand
大崎甘奈\【雪空セパレート】大崎甘奈\Winter fashion☆.csv,2,2014013030010,甘奈,,大崎甘奈,【雪空セパレート】大崎甘奈,Winter fashion☆
大崎甘奈\【雪空セパレート】大崎甘奈\Winter fashion☆.csv,3,2014013030020,甘奈,要自然地体现出服装的印象吗……？,大崎甘奈,【雪空セパレート】大崎甘奈,Winter fashion☆
大崎甘奈\【雪空セパレート】大崎甘奈\Winter fashion☆.csv,4,2014013030030,甘奈,还是说，更鲜明一点……,大崎甘奈,【雪空セパレート】大崎甘奈,Winter fashion☆
大崎甘奈\【雪空セパレート】大崎甘奈\Winter fashion☆.csv,5,2014013030040,甘奈,嗯——……,大崎甘奈,【雪空セパレート】大崎甘奈,Winter fashion☆
大崎甘奈\【雪空セパレート】大崎甘奈\Winter fashion☆.csv,8,2014013030050,甘奈,"啊，嗯！
谢谢……",大崎甘奈,【雪空セパレート】大崎甘奈,Winter fashion☆
大崎甘奈\【雪空セパレート】大崎甘奈\Winter fashion☆.csv,9,2014013030060,甘奈,,大崎甘奈,【雪空セパレート】大崎甘奈,Winter fashion☆
大崎甘奈\【雪空セパレート】大崎甘奈\Winter fashion☆.csv,10,2014013030070,甘奈,嗯，今天的咖啡比平时的更甜呢……！,大崎甘奈,【雪空セパレート】大崎甘奈,Winter fashion☆
大崎甘奈\【雪空セパレート】大崎甘奈\Winter fashion☆.csv,12,2014013030080,甘奈,诶嘿嘿，真好喝……！,大崎甘奈,【雪空セパレート】大崎甘奈,Winter fashion☆
大崎甘奈\【雪空セパレート】大崎甘奈\Winter fashion☆.csv,13,2014013030090,甘奈,,大崎甘奈,【雪空セパレート】大崎甘奈,Winter fashion☆
大崎甘奈\【雪空セパレート】大崎甘奈\Winter fashion☆.csv,15,2014013030100,甘奈,嗯,大崎甘奈,【雪空セパレート】大崎甘奈,Winter fashion☆
大崎甘奈\【雪空セパレート】大崎甘奈\Winter fashion☆.csv,16,2014013030110,甘奈,"“自然地侧面体现出冬日风格”
还有“鲜明易懂地体现出冬天～！”",大崎甘奈,【雪空セパレート】大崎甘奈,Winter fashion☆
大崎甘奈\【雪空セパレート】大崎甘奈\Winter fashion☆.csv,17,2014013030120,甘奈,我一直在纠结，哪边会更好……,大崎甘奈,【雪空セパレート】大崎甘奈,Winter fashion☆
大崎甘奈\【雪空セパレート】大崎甘奈\Winter fashion☆.csv,20,2014013030130,甘奈,？能问问原因吗？,大崎甘奈,【雪空セパレート】大崎甘奈,Winter fashion☆
大崎甘奈\【雪空セパレート】大崎甘奈\Winter fashion☆.csv,23,2014013030140,甘奈,的确，或许是这样……！,大崎甘奈,【雪空セパレート】大崎甘奈,Winter fashion☆
大崎甘奈\【雪空セパレート】大崎甘奈\Winter fashion☆.csv,24,2014013030150,甘奈,"制作人，我想考虑一下具体的问题
能稍微跟我一起出趟门吗",大崎甘奈,【雪空セパレート】大崎甘奈,Winter fashion☆
大崎甘奈\【雪空セパレート】大崎甘奈\Winter fashion☆.csv,27,2014013030160,甘奈,"这个啊～，首先应该是
软绵绵毛茸茸类型的那些吧～",大崎甘奈,【雪空セパレート】大崎甘奈,Winter fashion☆
大崎甘奈\【雪空セパレート】大崎甘奈\Winter fashion☆.csv,28,2014013030170,甘奈,一眼看去，就能感觉到“好像很暖和”对吧？,大崎甘奈,【雪空セパレート】大崎甘奈,Winter fashion☆
大崎甘奈\【雪空セパレート】大崎甘奈\Winter fashion☆.csv,29,2014013030180,甘奈,"还有，白色系搭配之类的！
因为有一种雪的印象☆",大崎甘奈,【雪空セパレート】大崎甘奈,Winter fashion☆
大崎甘奈\【雪空セパレート】大崎甘奈\Winter fashion☆.csv,31,2014013030190,甘奈,诶嘿嘿……,大崎甘奈,【雪空セパレート】大崎甘奈,Winter fashion☆
大崎甘奈\【雪空セパレート】大崎甘奈\Winter fashion☆.csv,32,2014013030200,甘奈,"——啊！
制作人，稍微来一下这边！",大崎甘奈,【雪空セパレート】大崎甘奈,Winter fashion☆
大崎甘奈\【雪空セパレート】大崎甘奈\Winter fashion☆.csv,34,2014013030210,甘奈,我感觉，这件一副应该会很适合制作人！,大崎甘奈,【雪空セパレート】大崎甘奈,Winter fashion☆
大崎甘奈\【雪空セパレート】大崎甘奈\Winter fashion☆.csv,36,2014013030220,甘奈,嗯～……,大崎甘奈,【雪空セパレート】大崎甘奈,Winter fashion☆
大崎甘奈\【雪空セパレート】大崎甘奈\Winter fashion☆.csv,37,2014013030230,甘奈,"比如说，
用一条稍微紧一点的牛仔裤来搭这件衣服",大崎甘奈,【雪空セパレート】大崎甘奈,Winter fashion☆
大崎甘奈\【雪空セパレート】大崎甘奈\Winter fashion☆.csv,38,2014013030240,甘奈,"鞋子穿颜色比较鲜亮的运动鞋
再配上一件比较日常的夹克",大崎甘奈,【雪空セパレート】大崎甘奈,Winter fashion☆
大崎甘奈\【雪空セパレート】大崎甘奈\Winter fashion☆.csv,39,2014013030250,甘奈,应该就能组成相当不错的搭配哦！,大崎甘奈,【雪空セパレート】大崎甘奈,Winter fashion☆
大崎甘奈\【雪空セパレート】大崎甘奈\Winter fashion☆.csv,44,2014013030260,甘奈,真的吗！？,大崎甘奈,【雪空セパレート】大崎甘奈,Winter fashion☆
大崎甘奈\【雪空セパレート】大崎甘奈\Winter fashion☆.csv,45,2014013030270,甘奈,"那，等决定好杂志衣装的印象之后
我们一起逛逛各种服装店吧☆",大崎甘奈,【雪空セパレート】大崎甘奈,Winter fashion☆
大崎甘奈\【雪空セパレート】大崎甘奈\Winter fashion☆.csv,47,2014013030280,甘奈,"当然了！
放心交给我吧",大崎甘奈,【雪空セパレート】大崎甘奈,Winter fashion☆
大崎甘奈\【雪空セパレート】大崎甘奈\Winter fashion☆.csv,49,2014013030290,甘奈,完全没关系的哦～！,大崎甘奈,【雪空セパレート】大崎甘奈,Winter fashion☆
大崎甘奈\【雪空セパレート】大崎甘奈\Winter fashion☆.csv,50,2014013030300,甘奈,"但是，谢谢你关心我！
那么，杂志服装挑选，再开！",大崎甘奈,【雪空セパレート】大崎甘奈,Winter fashion☆
大崎甘奈\【雪空セパレート】大崎甘奈\Winter fashion☆.csv,52,2014013030310,甘奈,"不过，如果能给制作人再多挑一会儿衣服
我感觉应该也会很开心吧～……",大崎甘奈,【雪空セパレート】大崎甘奈,Winter fashion☆
大崎甘奈\【雪空セパレート】大崎甘奈\Winter fashion☆.csv,54,2014013030320,甘奈,啊，我马上就来～！,大崎甘奈,【雪空セパレート】大崎甘奈,Winter fashion☆
大崎甘奈\【雪空セパレート】大崎甘奈\Winter fashion☆.csv,55,2014013030330,甘奈,不用在意哦，制作人！,大崎甘奈,【雪空セパレート】大崎甘奈,Winter fashion☆
大崎甘奈\【雪空セパレート】大崎甘奈\Winter fashion☆.csv,57,2014013030340,甘奈,"嗯！聊了很多衣服的话题之后
总感觉，心里的想法都能统一起来了☆",大崎甘奈,【雪空セパレート】大崎甘奈,Winter fashion☆
大崎甘奈\【雪空セパレート】大崎甘奈\Winter fashion☆.csv,59,2014013030350,甘奈,"诶嘿嘿，好想快点试试看啊
去那边那家店逛逛吧☆",大崎甘奈,【雪空セパレート】大崎甘奈,Winter fashion☆
大崎甘奈\【２８３プロのヒナ】大崎甘奈\キュート・フレンズ.csv,2,3014002020010,甘奈,啊，千雪姐！你看你看～,大崎甘奈,【２８３プロのヒナ】大崎甘奈,キュート・フレンズ
大崎甘奈\【２８３プロのヒナ】大崎甘奈\キュート・フレンズ.csv,4,3014002020030,甘奈,"你看这个～
在来事务所的途中碰见了只可爱的猫☆",大崎甘奈,【２８３プロのヒナ】大崎甘奈,キュート・フレンズ
大崎甘奈\【２８３プロのヒナ】大崎甘奈\キュート・フレンズ.csv,6,3014002020050,甘奈,"嘿嘿，谢谢夸奖～
大概是因为甘奈有拍过很多自拍之类的关系吧☆",大崎甘奈,【２８３プロのヒナ】大崎甘奈,キュート・フレンズ
大崎甘奈\【２８３プロのヒナ】大崎甘奈\キュート・フレンズ.csv,8,3014002020070,甘奈,嘿嘿，哪里哪里～,大崎甘奈,【２８３プロのヒナ】大崎甘奈,キュート・フレンズ
大崎甘奈\【２８３プロのヒナ】大崎甘奈\キュート・フレンズ.csv,10,3014002020090,甘奈,"诶！千雪姐的自拍，想看！
不如我们一起拍吧～！",大崎甘奈,【２８３プロのヒナ】大崎甘奈,キュート・フレンズ
大崎甘奈\【２８３プロのヒナ】大崎甘奈\キュート・フレンズ.csv,12,3014002020110,甘奈,太好了！那么首先……,大崎甘奈,【２８３プロのヒナ】大崎甘奈,キュート・フレンズ
大崎甘奈\【２８３プロのヒナ】大崎甘奈\キュート・フレンズ.csv,13,3014002020120,甘奈,剪刀手！咦～耶☆,大崎甘奈,【２８３プロのヒナ】大崎甘奈,キュート・フレンズ
大崎甘奈\【２８３プロのヒナ】大崎甘奈\キュート・フレンズ.csv,15,3014002020140,甘奈,"然后接下来以这种感觉摆个姿势☆
嘎哦！",大崎甘奈,【２８３プロのヒナ】大崎甘奈,キュート・フレンズ
大崎甘奈\【２８３プロのヒナ】大崎甘奈\キュート・フレンズ.csv,17,3014002020160,甘奈,"感觉很棒啊～☆
加工下这张照片吧",大崎甘奈,【２８３プロのヒナ】大崎甘奈,キュート・フレンズ
大崎甘奈\【２８３プロのヒナ】大崎甘奈\キュート・フレンズ.csv,18,3014002020170,甘奈,唔，滤镜的话……这个好吗,大崎甘奈,【２８３プロのヒナ】大崎甘奈,キュート・フレンズ
大崎甘奈\【２８３プロのヒナ】大崎甘奈\キュート・フレンズ.csv,20,3014002020190,甘奈,然后，配合姿势……,大崎甘奈,【２８３プロのヒナ】大崎甘奈,キュート・フレンズ
大崎甘奈\【２８３プロのヒナ】大崎甘奈\キュート・フレンズ.csv,22,3014002020210,甘奈,嘿嘿，像刚才的猫一样对吧？,大崎甘奈,【２８３プロのヒナ】大崎甘奈,キュート・フレンズ
大崎甘奈\【２８３プロのヒナ】大崎甘奈\キュート・フレンズ.csv,23,3014002020220,甘奈,然后用笔写上“嘎哦”……,大崎甘奈,【２８３プロのヒナ】大崎甘奈,キュート・フレンズ
大崎甘奈\【２８３プロのヒナ】大崎甘奈\キュート・フレンズ.csv,24,3014002020230,甘奈,"完成了☆
瞧，很可爱吧？",大崎甘奈,【２８３プロのヒナ】大崎甘奈,キュート・フレンズ
大崎甘奈\【２８３プロのヒナ】大崎甘奈\キュート・フレンズ.csv,27,3014002020260,甘奈,嗯！来吧来吧☆,大崎甘奈,【２８３プロのヒナ】大崎甘奈,キュート・フレンズ
大崎甘奈\【２８３プロのヒナ】大崎甘奈\キュート・フレンズ.csv,28,3014002020270,甘奈,啊，这张兔耳千雪姐很可爱哦～,大崎甘奈,【２８３プロのヒナ】大崎甘奈,キュート・フレンズ
大崎甘奈\【２８３プロのヒナ】大崎甘奈\キュート・フレンズ.csv,30,3014002020290,甘奈,这张照片上传到千雪姐的Twista上怎么样？,大崎甘奈,【２８３プロのヒナ】大崎甘奈,キュート・フレンズ
大崎甘奈\【２８３プロのヒナ】大崎甘奈\キュート・フレンズ.csv,32,3014002020310,甘奈,太好了！之后甘奈用自己的账号分享一下,大崎甘奈,【２８３プロのヒナ】大崎甘奈,キュート・フレンズ
大崎甘奈\【２８３プロのヒナ】大崎甘奈\キュート・フレンズ.csv,33,3014002020320,甘奈,啊，甘奈想传这张照片，可以吗?,大崎甘奈,【２８３プロのヒナ】大崎甘奈,キュート・フレンズ
大崎甘奈\【２８３プロのヒナ】大崎甘奈\キュート・フレンズ.csv,36,3014002020350,甘奈,"啊，真的呢！
太过开心忘记了时间☆",大崎甘奈,【２８３プロのヒナ】大崎甘奈,キュート・フレンズ
大崎甘奈\【２８３プロのヒナ】大崎甘奈\キュート・フレンズ.csv,38,3014002020370,甘奈,别客气，甘奈才要感谢千雪姐呢！,大崎甘奈,【２８３プロのヒナ】大崎甘奈,キュート・フレンズ
大崎甘奈\【２８３プロのヒナ】大崎甘奈\キュート・フレンズ.csv,39,3014002020380,甘奈,"千雪姐
下次也叫上甜花三个人一起拍吧！",大崎甘奈,【２８３プロのヒナ】大崎甘奈,キュート・フレンズ
大崎甘奈\【２８３プロのヒナ】大崎甘奈\スウィート・シスター.csv,2,3014002010010,甘奈,早上好,大崎甘奈,【２８３プロのヒナ】大崎甘奈,スウィート・シスター
大崎甘奈\【２８３プロのヒナ】大崎甘奈\スウィート・シスター.csv,5,3014002010040,甘奈,"完全没问题哟！这里有甘奈想看的杂志！
那么甜花，上课加油哦！",大崎甘奈,【２８３プロのヒナ】大崎甘奈,スウィート・シスター
大崎甘奈\【２８３プロのヒナ】大崎甘奈\スウィート・シスター.csv,7,3014002010060,甘奈,一路走好！,大崎甘奈,【２８３プロのヒナ】大崎甘奈,スウィート・シスター
大崎甘奈\【２８３プロのヒナ】大崎甘奈\スウィート・シスター.csv,8,3014002010070,甘奈,先读点什么好呢——☆,大崎甘奈,【２８３プロのヒナ】大崎甘奈,スウィート・シスター
大崎甘奈\【２８３プロのヒナ】大崎甘奈\スウィート・シスター.csv,9,3014002010080,甘奈,诶？这是什么，盒子跟便条……？,大崎甘奈,【２８３プロのヒナ】大崎甘奈,スウィート・シスター
大崎甘奈\【２８３プロのヒナ】大崎甘奈\スウィート・シスター.csv,10,3014002010090,甘奈,"“这是社长送的慰问品
大家随便吃 叶月”……",大崎甘奈,【２８３プロのヒナ】大崎甘奈,スウィート・シスター
大崎甘奈\【２８３プロのヒナ】大崎甘奈\スウィート・シスター.csv,11,3014002010100,甘奈,"哇——是布丁！
而且是不排队就买不到的那种！",大崎甘奈,【２８３プロのヒナ】大崎甘奈,スウィート・シスター
大崎甘奈\【２８３プロのヒナ】大崎甘奈\スウィート・シスター.csv,12,3014002010110,甘奈,"不愧是社长，
知道这会儿在女孩子中流行的东西——☆",大崎甘奈,【２８３プロのヒナ】大崎甘奈,スウィート・シスター
大崎甘奈\【２８３プロのヒナ】大崎甘奈\スウィート・シスター.csv,13,3014002010120,甘奈,（……咦？可是，只剩下一个了啊）,大崎甘奈,【２８３プロのヒナ】大崎甘奈,スウィート・シスター
大崎甘奈\【２８３プロのヒナ】大崎甘奈\スウィート・シスター.csv,14,3014002010130,甘奈,（那么，还是留给甜花吃吧，毕竟她很喜欢布丁嘛☆）,大崎甘奈,【２８３プロのヒナ】大崎甘奈,スウィート・シスター
大崎甘奈\【２８３プロのヒナ】大崎甘奈\スウィート・シスター.csv,15,3014002010140,甘奈,"（留个便条给甜花吧☆
她能高兴的话就好了）",大崎甘奈,【２８３プロのヒナ】大崎甘奈,スウィート・シスター
大崎甘奈\【２８３プロのヒナ】大崎甘奈\スウィート・シスター.csv,26,3014002010250,甘奈,甘奈回来啦——☆,大崎甘奈,【２８３プロのヒナ】大崎甘奈,スウィート・シスター
大崎甘奈\【２８３プロのヒナ】大崎甘奈\スウィート・シスター.csv,27,3014002010260,甘奈,哈——，肚子饿了～,大崎甘奈,【２８３プロのヒナ】大崎甘奈,スウィート・シスター
大崎甘奈\【２８３プロのヒナ】大崎甘奈\スウィート・シスター.csv,28,3014002010270,甘奈,（果然，要是之前吃一点那个布丁就好了吗？）,大崎甘奈,【２８３プロのヒナ】大崎甘奈,スウィート・シスター
大崎甘奈\【２８３プロのヒナ】大崎甘奈\スウィート・シスター.csv,29,3014002010280,甘奈,啊，甜花！你在等甘奈吗？,大崎甘奈,【２８３プロのヒナ】大崎甘奈,スウィート・シスター
大崎甘奈\【２８３プロのヒナ】大崎甘奈\スウィート・シスター.csv,32,3014002010310,甘奈,冰箱……？,大崎甘奈,【２８３プロのヒナ】大崎甘奈,スウィート・シスター
大崎甘奈\【２８３プロのヒナ】大崎甘奈\スウィート・シスター.csv,33,3014002010320,甘奈,啊，布丁还在！,大崎甘奈,【２８３プロのヒナ】大崎甘奈,スウィート・シスター
大崎甘奈\【２８３プロのヒナ】大崎甘奈\スウィート・シスター.csv,34,3014002010330,甘奈,咦！？甜花没吃吗？其实你不喜欢这种的吗?,大崎甘奈,【２８３プロのヒナ】大崎甘奈,スウィート・シスター
大崎甘奈\【２８３プロのヒナ】大崎甘奈\スウィート・シスター.csv,36,3014002010350,甘奈,"甜花……！
诶嘿嘿，那我们在想同样的事情呢",大崎甘奈,【２８３プロのヒナ】大崎甘奈,スウィート・シスター
大崎甘奈\【２８３プロのヒナ】大崎甘奈\スウィート・シスター.csv,38,3014002010370,甘奈・甜花,那么,大崎甘奈,【２８３プロのヒナ】大崎甘奈,スウィート・シスター
大崎甘奈\【２８３プロのヒナ】大崎甘奈\スウィート・シスター.csv,40,3014002010390,甘奈,平分吧☆,大崎甘奈,【２８３プロのヒナ】大崎甘奈,スウィート・シスター
大崎甘奈\ファン感謝祭編\Happily ever after.csv,2,1014002010010,甘奈,"──咖啡，久等了☆
黑咖啡就可以吗？",大崎甘奈,ファン感謝祭編,Happily ever after
大崎甘奈\ファン感謝祭編\Happily ever after.csv,4,1014002010020,甘奈,"不啊，既然大老远来了
就不能只是在玄关停留一下就走哟",大崎甘奈,ファン感謝祭編,Happily ever after
大崎甘奈\ファン感謝祭編\Happily ever after.csv,5,1014002010030,甘奈,"啊，不过真的很忙的话，
那就不要太勉强哦……？",大崎甘奈,ファン感謝祭編,Happily ever after
大崎甘奈\ファン感謝祭編\Happily ever after.csv,7,1014002010040,甘奈,"请！　慢用
泡得好喝吗？",大崎甘奈,ファン感謝祭編,Happily ever after
大崎甘奈\ファン感謝祭編\Happily ever after.csv,9,1014002010050,甘奈,太好了呢☆　诶嘿嘿……,大崎甘奈,ファン感謝祭編,Happily ever after
大崎甘奈\ファン感謝祭編\Happily ever after.csv,10,1014002010060,甘奈,"怎么说呢，制作人，
会在家里面，有种不可思议的感觉呢",大崎甘奈,ファン感謝祭編,Happily ever after
大崎甘奈\ファン感謝祭編\Happily ever after.csv,11,1014002010070,甘奈,……真的很开心哦☆,大崎甘奈,ファン感謝祭編,Happily ever after
大崎甘奈\ファン感謝祭編\Happily ever after.csv,12,1014002010080,甘奈,"──啊，对啦！
有个想让制作人看的照片呢！",大崎甘奈,ファン感謝祭編,Happily ever after
大崎甘奈\ファン感謝祭編\Happily ever after.csv,13,1014002010090,甘奈,"小时候的甜花和甘奈，
游戏会上，一起唱歌跳舞的时候的……看啊这个！",大崎甘奈,ファン感謝祭編,Happily ever after
大崎甘奈\ファン感謝祭編\Happily ever after.csv,15,1014002010100,甘奈,"对吧！　果然会这么想呢！
所以说啊，想着要给制作人看一下呢",大崎甘奈,ファン感謝祭編,Happily ever after
大崎甘奈\ファン感謝祭編\Happily ever after.csv,16,1014002010110,甘奈,"──是制作人让这个小甘奈，
成为了真正的偶像",大崎甘奈,ファン感謝祭編,Happily ever after
大崎甘奈\ファン感謝祭編\Happily ever after.csv,17,1014002010120,甘奈,"甘奈呢，能成为偶像真的太好了……
从心底里这样想的。──所以真的非常感谢",大崎甘奈,ファン感謝祭編,Happily ever after
大崎甘奈\ファン感謝祭編\Happily ever after.csv,18,1014002010130,甘奈,"诶嘿嘿……和那个时候比起来，
现在的甘奈，是不是稍微成长一点了呢……？",大崎甘奈,ファン感謝祭編,Happily ever after
大崎甘奈\ファン感謝祭編\Happily ever after.csv,19,1014002010140,甘奈,"啊，不过没改变的地方也是有的呢
习惯什么的，不喜欢的食物什么的……还有──",大崎甘奈,ファン感謝祭編,Happily ever after
大崎甘奈\ファン感謝祭編\Happily ever after.csv,20,1014002010150,甘奈,"甘奈的最爱什么的……从这时候开始一直……
一点也没变呢……",大崎甘奈,ファン感謝祭編,Happily ever after
大崎甘奈\ファン感謝祭編\いつまでも、いつまでも.csv,3,5004002050010,甘奈,……嗯！,大崎甘奈,ファン感謝祭編,いつまでも、いつまでも
大崎甘奈\ファン感謝祭編\いつまでも、いつまでも.csv,4,5004002050020,甘奈,"──那个啊，想和千雪姐和甜花，
谈一下现在的心情……",大崎甘奈,ファン感謝祭編,いつまでも、いつまでも
大崎甘奈\ファン感謝祭編\いつまでも、いつまでも.csv,5,5004002050030,甘奈,"其实，最近一直不安……
…………那个……",大崎甘奈,ファン感謝祭編,いつまでも、いつまでも
大崎甘奈\ファン感謝祭編\いつまでも、いつまでも.csv,7,5004002050050,甘奈,谢谢……,大崎甘奈,ファン感謝祭編,いつまでも、いつまでも
大崎甘奈\ファン感謝祭編\いつまでも、いつまでも.csv,8,5004002050060,甘奈,"是感谢祭的准备刚刚开始的时候吧……
决定了“Happy end”的主题……",大崎甘奈,ファン感謝祭編,いつまでも、いつまでも
大崎甘奈\ファン感謝祭編\いつまでも、いつまでも.csv,9,5004002050070,甘奈,"大家不是都说了各种各样的事情么？
那个时候就在想……",大崎甘奈,ファン感謝祭編,いつまでも、いつまでも
大崎甘奈\ファン感謝祭編\いつまでも、いつまでも.csv,10,5004002050080,甘奈,"千雪姐和甜花要改变了……
真的是在看着未来呢……",大崎甘奈,ファン感謝祭編,いつまでも、いつまでも
大崎甘奈\ファン感謝祭編\いつまでも、いつまでも.csv,11,5004002050090,甘奈,"直到现在甘奈也觉得看到的是未来
和你们俩一起作为偶像成长着",大崎甘奈,ファン感謝祭編,いつまでも、いつまでも
大崎甘奈\ファン感謝祭編\いつまでも、いつまでも.csv,12,5004002050100,甘奈,可是……甘奈，注意到了,大崎甘奈,ファン感謝祭編,いつまでも、いつまでも
大崎甘奈\ファン感謝祭編\いつまでも、いつまでも.csv,13,5004002050110,甘奈,"甘奈所设想的未来，
是现在能够一直持续下去就很好了这样的事情",大崎甘奈,ファン感謝祭編,いつまでも、いつまでも
大崎甘奈\ファン感謝祭編\いつまでも、いつまでも.csv,14,5004002050120,甘奈,"想和你俩在一起
现在很幸福，没有再期待这之上的事情……",大崎甘奈,ファン感謝祭編,いつまでも、いつまでも
大崎甘奈\ファン感謝祭編\いつまでも、いつまでも.csv,15,5004002050130,甘奈,"可是……这样不行的
甘奈也不改变不行的心情还有",大崎甘奈,ファン感謝祭編,いつまでも、いつまでも
大崎甘奈\ファン感謝祭編\いつまでも、いつまでも.csv,16,5004002050140,甘奈,"不想改变，害怕改变的心情……
弄得乱七八糟的了……",大崎甘奈,ファン感謝祭編,いつまでも、いつまでも
大崎甘奈\ファン感謝祭編\いつまでも、いつまでも.csv,20,5004002050170,甘奈,不，不是的……！　是甘奈在隐藏！,大崎甘奈,ファン感謝祭編,いつまでも、いつまでも
大崎甘奈\ファン感謝祭編\いつまでも、いつまでも.csv,21,5004002050180,甘奈,"要是暴露了和你们俩不一样的话……
会觉得只有甘奈一个人被落下了一样……",大崎甘奈,ファン感謝祭編,いつまでも、いつまでも
大崎甘奈\ファン感謝祭編\いつまでも、いつまでも.csv,24,5004002050210,甘奈,"嗯……
所以……非常抱歉……",大崎甘奈,ファン感謝祭編,いつまでも、いつまでも
大崎甘奈\ファン感謝祭編\いつまでも、いつまでも.csv,29,5004002050250,甘奈,…………,大崎甘奈,ファン感謝祭編,いつまでも、いつまでも
大崎甘奈\ファン感謝祭編\いつまでも、いつまでも.csv,33,5004002050290,甘奈,甜花…………,大崎甘奈,ファン感謝祭編,いつまでも、いつまでも
大崎甘奈\ファン感謝祭編\いつまでも、いつまでも.csv,41,5004002050370,甘奈,…………,大崎甘奈,ファン感謝祭編,いつまでも、いつまでも
大崎甘奈\ファン感謝祭編\いつまでも、いつまでも.csv,43,5004002050390,甘奈,──……嗯,大崎甘奈,ファン感謝祭編,いつまでも、いつまでも
大崎甘奈\ファン感謝祭編\いつまでも、いつまでも.csv,47,5004002050430,甘奈,诶！　诶诶……怎么说怎么说……！,大崎甘奈,ファン感謝祭編,いつまでも、いつまでも
大崎甘奈\ファン感謝祭編\いつまでも、いつまでも.csv,50,5004002050460,甘奈,"可、可是，是甜花想出来的主题而且，
千雪姐也出了很多点子……",大崎甘奈,ファン感謝祭編,いつまでも、いつまでも
大崎甘奈\ファン感謝祭編\いつまでも、いつまでも.csv,51,5004002050470,甘奈,"已经准备了这么多了
会给工作人员们添很多麻烦的吧……？",大崎甘奈,ファン感謝祭編,いつまでも、いつまでも
大崎甘奈\ファン感謝祭編\いつまでも、いつまでも.csv,53,5004002050480,甘奈,制作人……,大崎甘奈,ファン感謝祭編,いつまでも、いつまでも
大崎甘奈\ファン感謝祭編\いつまでも、いつまでも.csv,55,5004002050490,甘奈,…………！,大崎甘奈,ファン感謝祭編,いつまでも、いつまでも
大崎甘奈\ファン感謝祭編\いつまでも、いつまでも.csv,56,5004002050500,甘奈,────谢谢……,大崎甘奈,ファン感謝祭編,いつまでも、いつまでも
大崎甘奈\ファン感謝祭編\いつまでも、いつまでも.csv,62,5004002050550,甘奈,"……嗯☆
甘奈，想听一听，大家的幸福的事情……！",大崎甘奈,ファン感謝祭編,いつまでも、いつまでも
大崎甘奈\ファン感謝祭編\いつまでも、いつまでも.csv,66,5004002050590,甘奈,诶嘿嘿……不是“软绵绵的被窝”什么的呢,大崎甘奈,ファン感謝祭編,いつまでも、いつまでも
大崎甘奈\ファン感謝祭編\いつまでも、いつまでも.csv,68,5004002050610,甘奈,噗嗤，那甘奈是──,大崎甘奈,ファン感謝祭編,いつまでも、いつまでも
大崎甘奈\ファン感謝祭編\いつまでも、いつまでも.csv,69,5004002050620,甘奈,“翻相册的事情”……,大崎甘奈,ファン感謝祭編,いつまでも、いつまでも
大崎甘奈\ファン感謝祭編\いつまでも、いつまでも.csv,70,5004002050630,甘奈,……只是这样的事情就可以么……？,大崎甘奈,ファン感謝祭編,いつまでも、いつまでも
大崎甘奈\ファン感謝祭編\いつまでも、いつまでも.csv,72,5004002050640,甘奈,诶嘿嘿……,大崎甘奈,ファン感謝祭編,いつまでも、いつまでも
大崎甘奈\ファン感謝祭編\いつまでも、いつまでも.csv,73,5004002050650,甘奈,……嗯。接下来是制作人,大崎甘奈,ファン感謝祭編,いつまでも、いつまでも
大崎甘奈\ファン感謝祭編\いつまでも、いつまでも.csv,79,5004002050690,甘奈,"“忘记时间的聊天”“好对手”
“重合的歌声”",大崎甘奈,ファン感謝祭編,いつまでも、いつまでも
大崎甘奈\ファン感謝祭編\ハッピーエンドの先だとしたら.csv,26,5004002020140,甘奈,……啊，是可可呢～！,大崎甘奈,ファン感謝祭編,ハッピーエンドの先だとしたら
大崎甘奈\ファン感謝祭編\ハッピーエンドの先だとしたら.csv,27,5004002020150,甘奈,"甜花，厨房里也有可可呢
要怎么做？　要做成热巧克力么？",大崎甘奈,ファン感謝祭編,ハッピーエンドの先だとしたら
大崎甘奈\ファン感謝祭編\ハッピーエンドの先だとしたら.csv,28,5004002020160,甘奈,"……甜花，甘奈去烧水了哦
奶茶可以么？　………甜花？",大崎甘奈,ファン感謝祭編,ハッピーエンドの先だとしたら
大崎甘奈\ファン感謝祭編\ハッピーエンドの先だとしたら.csv,30,5004002020180,甘奈,咦……,大崎甘奈,ファン感謝祭編,ハッピーエンドの先だとしたら
大崎甘奈\ファン感謝祭編\ハッピーエンドの先だとしたら.csv,31,5004002020190,甘奈,"真是的……在沙发上翻身的话，
洋装，会变得皱巴巴的哦？",大崎甘奈,ファン感謝祭編,ハッピーエンドの先だとしたら
大崎甘奈\ファン感謝祭編\ハッピーエンドの先だとしたら.csv,33,5004002020210,甘奈,……诶嘿嘿……千雪姐来的时候就会醒呢……,大崎甘奈,ファン感謝祭編,ハッピーエンドの先だとしたら
大崎甘奈\ファン感謝祭編\ハッピーエンドの先だとしたら.csv,35,5004002020230,甘奈,"真可爱啊……
甜花的睡相，从小时候就一直没变呢……",大崎甘奈,ファン感謝祭編,ハッピーエンドの先だとしたら
大崎甘奈\ファン感謝祭編\ハッピーエンドの先だとしたら.csv,36,5004002020240,甘奈,啊，开了开了……！,大崎甘奈,ファン感謝祭編,ハッピーエンドの先だとしたら
大崎甘奈\ファン感謝祭編\ハッピーエンドの先だとしたら.csv,44,5004002020310,甘奈,"啊来啦来啦！　时间刚刚好☆
甜花，起床啦",大崎甘奈,ファン感謝祭編,ハッピーエンドの先だとしたら
大崎甘奈\ファン感謝祭編\ハッピーエンドの先だとしたら.csv,46,5004002020330,甘奈,"早啊，千雪
啊，制作人也一起来啦！",大崎甘奈,ファン感謝祭編,ハッピーエンドの先だとしたら
大崎甘奈\ファン感謝祭編\ハッピーエンドの先だとしたら.csv,48,5004002020340,甘奈,"那么稍微等一下！　甘奈想着差不多该来了所以
千雪的份的热巧克力也泡好了不过",大崎甘奈,ファン感謝祭編,ハッピーエンドの先だとしたら
大崎甘奈\ファン感謝祭編\ハッピーエンドの先だとしたら.csv,49,5004002020350,甘奈,"制作人的份也会泡的！
咖啡可以吗？",大崎甘奈,ファン感謝祭編,ハッピーエンドの先だとしたら
大崎甘奈\ファン感謝祭編\ハッピーエンドの先だとしたら.csv,51,5004002020360,甘奈,"没事没事☆
稍微等一下哦",大崎甘奈,ファン感謝祭編,ハッピーエンドの先だとしたら
大崎甘奈\ファン感謝祭編\ハッピーエンドの先だとしたら.csv,56,5004002020400,甘奈,"这样啊
那星期二有点困难呢，其他的日期呢？",大崎甘奈,ファン感謝祭編,ハッピーエンドの先だとしたら
大崎甘奈\ファン感謝祭編\ハッピーエンドの先だとしたら.csv,59,5004002020420,甘奈,诶……,大崎甘奈,ファン感謝祭編,ハッピーエンドの先だとしたら
大崎甘奈\ファン感謝祭編\ハッピーエンドの先だとしたら.csv,60,5004002020430,甘奈,"──不行的哟，甜花
最近，都没有休息吧？　不好好休息可不行呀！",大崎甘奈,ファン感謝祭編,ハッピーエンドの先だとしたら
大崎甘奈\ファン感謝祭編\ハッピーエンドの先だとしたら.csv,63,5004002020460,甘奈,可是，看起来会很累啊……,大崎甘奈,ファン感謝祭編,ハッピーエンドの先だとしたら
大崎甘奈\ファン感謝祭編\ハッピーエンドの先だとしたら.csv,66,5004002020490,甘奈,……,大崎甘奈,ファン感謝祭編,ハッピーエンドの先だとしたら
大崎甘奈\ファン感謝祭編\ハッピーエンドの先だとしたら.csv,67,5004002020500,甘奈,"没有在勉强自己吗，
甘奈很担心哦……？",大崎甘奈,ファン感謝祭編,ハッピーエンドの先だとしたら
大崎甘奈\ファン感謝祭編\ハッピーエンドの先だとしたら.csv,68,5004002020510,甘奈,不过甜花在加油的话……甘奈，会给甜花加油的！,大崎甘奈,ファン感謝祭編,ハッピーエンドの先だとしたら
大崎甘奈\ファン感謝祭編\ハッピーエンドの先だとしたら.csv,69,5004002020520,甘奈,"会好好支持甜花的！
一起加油吧☆",大崎甘奈,ファン感謝祭編,ハッピーエンドの先だとしたら
大崎甘奈\ファン感謝祭編\ハッピーエンドの先だとしたら.csv,76,5004002020570,甘奈,诶……怎么了？,大崎甘奈,ファン感謝祭編,ハッピーエンドの先だとしたら
大崎甘奈\ファン感謝祭編\ハッピーエンドの先だとしたら.csv,78,5004002020590,甘奈,"千雪姐也不要太勉强啊
要大家一起加油哦！　……诶嘿嘿☆",大崎甘奈,ファン感謝祭編,ハッピーエンドの先だとしたら
大崎甘奈\ファン感謝祭編\ビビ・バビ・ピンヒール.csv,34,5004002040320,甘奈,…………,大崎甘奈,ファン感謝祭編,ビビ・バビ・ピンヒール
大崎甘奈\ファン感謝祭編\ビビ・バビ・ピンヒール.csv,36,5004002040330,甘奈,"……没关系
──…………很对不起",大崎甘奈,ファン感謝祭編,ビビ・バビ・ピンヒール
大崎甘奈\ファン感謝祭編\ビビ・バビ・ピンヒール.csv,38,5004002040340,甘奈,…………,大崎甘奈,ファン感謝祭編,ビビ・バビ・ピンヒール
大崎甘奈\ファン感謝祭編\ビビ・バビ・ピンヒール.csv,39,5004002040350,甘奈,"……今天的工作，想要好好加油所以
就想着，要穿可爱的鞋子……",大崎甘奈,ファン感謝祭編,ビビ・バビ・ピンヒール
大崎甘奈\ファン感謝祭編\ビビ・バビ・ピンヒール.csv,40,5004002040360,甘奈,"可是，要是导致脚痛的话就完全没有意义了呢……
今天添了很多麻烦……",大崎甘奈,ファン感謝祭編,ビビ・バビ・ピンヒール
大崎甘奈\ファン感謝祭編\ビビ・バビ・ピンヒール.csv,43,5004002040370,甘奈,"……嗯嗯！　没关系！
回事务所吧！",大崎甘奈,ファン感謝祭編,ビビ・バビ・ピンヒール
大崎甘奈\ファン感謝祭編\ビビ・バビ・ピンヒール.csv,44,5004002040380,甘奈,"甜花那边，
来了联络说买了甜甜圈呢所以☆",大崎甘奈,ファン感謝祭編,ビビ・バビ・ピンヒール
大崎甘奈\ファン感謝祭編\ビビ・バビ・ピンヒール.csv,46,5004002040390,甘奈,"谢谢，制作人
已经没关系……",大崎甘奈,ファン感謝祭編,ビビ・バビ・ピンヒール
大崎甘奈\ファン感謝祭編\ビビ・バビ・ピンヒール.csv,47,5004002040400,甘奈,啊────！！,大崎甘奈,ファン感謝祭編,ビビ・バビ・ピンヒール
大崎甘奈\ファン感謝祭編\ビビ・バビ・ピンヒール.csv,49,5004002040410,甘奈,………………呜,大崎甘奈,ファン感謝祭編,ビビ・バビ・ピンヒール
大崎甘奈\ファン感謝祭編\ビビ・バビ・ピンヒール.csv,51,5004002040420,甘奈,"嗯、嗯嗯……
可是，鞋跟折断了…………",大崎甘奈,ファン感謝祭編,ビビ・バビ・ピンヒール
大崎甘奈\ファン感謝祭編\ビビ・バビ・ピンヒール.csv,53,5004002040430,甘奈,"好像，没关系……
稍微有点吓了一跳而已……",大崎甘奈,ファン感謝祭編,ビビ・バビ・ピンヒール
大崎甘奈\ファン感謝祭編\ビビ・バビ・ピンヒール.csv,54,5004002040440,甘奈,"果然在不习惯的鞋里还是伸展不开呢☆
诶嘿嘿……！",大崎甘奈,ファン感謝祭編,ビビ・バビ・ピンヒール
大崎甘奈\ファン感謝祭編\ビビ・バビ・ピンヒール.csv,56,5004002040450,甘奈,嗯……谢谢,大崎甘奈,ファン感謝祭編,ビビ・バビ・ピンヒール
大崎甘奈\ファン感謝祭編\ビビ・バビ・ピンヒール.csv,57,5004002040460,甘奈,"……制作人……
可以……问你个问题吗……",大崎甘奈,ファン感謝祭編,ビビ・バビ・ピンヒール
大崎甘奈\ファン感謝祭編\ビビ・バビ・ピンヒール.csv,59,5004002040470,甘奈,"制作人，
有没有那种不安的……事情？",大崎甘奈,ファン感謝祭編,ビビ・バビ・ピンヒール
大崎甘奈\ファン感謝祭編\ビビ・バビ・ピンヒール.csv,61,5004002040480,甘奈,"那这种时候……
制作人，会怎么做呢？",大崎甘奈,ファン感謝祭編,ビビ・バビ・ピンヒール
大崎甘奈\ファン感謝祭編\ビビ・バビ・ピンヒール.csv,65,5004002040490,甘奈,……能够安心的东西？,大崎甘奈,ファン感謝祭編,ビビ・バビ・ピンヒール
大崎甘奈\ファン感謝祭編\ビビ・バビ・ピンヒール.csv,69,5004002040500,甘奈,能够安心，可以相信的东西……,大崎甘奈,ファン感謝祭編,ビビ・バビ・ピンヒール
大崎甘奈\ファン感謝祭編\ビビ・バビ・ピンヒール.csv,71,5004002040510,甘奈,"可是，越是考虑想得就越多……
不是会觉得不安感又扩大了么？",大崎甘奈,ファン感謝祭編,ビビ・バビ・ピンヒール
大崎甘奈\ファン感謝祭編\ビビ・バビ・ピンヒール.csv,73,5004002040520,甘奈,…………,大崎甘奈,ファン感謝祭編,ビビ・バビ・ピンヒール
大崎甘奈\ファン感謝祭編\ビビ・バビ・ピンヒール.csv,76,5004002040530,甘奈,………！,大崎甘奈,ファン感謝祭編,ビビ・バビ・ピンヒール
大崎甘奈\ファン感謝祭編\ビビ・バビ・ピンヒール.csv,79,5004002040540,甘奈,"……这样可以么？
那不会变成逃避的事情么……？",大崎甘奈,ファン感謝祭編,ビビ・バビ・ピンヒール
大崎甘奈\ファン感謝祭編\ビビ・バビ・ピンヒール.csv,83,5004002040550,甘奈,…………嗯,大崎甘奈,ファン感謝祭編,ビビ・バビ・ピンヒール
大崎甘奈\ファン感謝祭編\ビビ・バビ・ピンヒール.csv,84,5004002040560,甘奈,"现在的甘奈的感情，
感觉可以和甜花还有千雪姐说了",大崎甘奈,ファン感謝祭編,ビビ・バビ・ピンヒール
大崎甘奈\ファン感謝祭編\ビビ・バビ・ピンヒール.csv,85,5004002040570,甘奈,"制作人也……
可以的话，能再陪伴一会么……？",大崎甘奈,ファン感謝祭編,ビビ・バビ・ピンヒール
大崎甘奈\ファン感謝祭編\ビビ・バビ・ピンヒール.csv,87,5004002040580,甘奈,……非常感谢……诶嘿嘿,大崎甘奈,ファン感謝祭編,ビビ・バビ・ピンヒール
大崎甘奈\ファン感謝祭編\ビビ・バビ・ピンヒール.csv,90,5004002040590,甘奈,……嗯……！,大崎甘奈,ファン感謝祭編,ビビ・バビ・ピンヒール
大崎甘奈\ファン感謝祭編\リハーサル前.csv,3,6014002010010,甘奈,"啊……制作人
抱歉，怎么说……有点紧张",大崎甘奈,ファン感謝祭編,リハーサル前
大崎甘奈\ファン感謝祭編\リハーサル前.csv,5,6014002010020,甘奈,诶嘿嘿……是不是有点太兴奋了……！,大崎甘奈,ファン感謝祭編,リハーサル前
大崎甘奈\ファン感謝祭編\リハーサル前.csv,7,6014002010030,甘奈,"嗯、嗯！　是这样呢
甘奈也……像千雪姐和甜花一样……",大崎甘奈,ファン感謝祭編,リハーサル前
大崎甘奈\ファン感謝祭編\リハーサル後.csv,3,6014002020010,甘奈,"制作人！
甘奈，有好好做到了吗……？",大崎甘奈,ファン感謝祭編,リハーサル後
大崎甘奈\ファン感謝祭編\リハーサル後.csv,5,6014002020020,甘奈,正式演出会更加……更加努力的！,大崎甘奈,ファン感謝祭編,リハーサル後
大崎甘奈\ファン感謝祭編\リハーサル後.csv,7,6014002020030,甘奈,嗯……制作人,大崎甘奈,ファン感謝祭編,リハーサル後
大崎甘奈\ファン感謝祭編\リハーサル後.csv,8,6014002020040,甘奈,"──不过……甘奈，今天的排练
明显地感觉到了……",大崎甘奈,ファン感謝祭編,リハーサル後
大崎甘奈\ファン感謝祭編\リハーサル後.csv,9,6014002020050,甘奈,"千雪姐和甜花
比之前更有“偶像”的样子了呢……",大崎甘奈,ファン感謝祭編,リハーサル後
大崎甘奈\ファン感謝祭編\リハーサル後.csv,10,6014002020060,甘奈,所以啊，甘奈只是像现在这样是不行的……,大崎甘奈,ファン感謝祭編,リハーサル後
大崎甘奈\ファン感謝祭編\リハーサル後.csv,11,6014002020070,甘奈,────不改变不行…………,大崎甘奈,ファン感謝祭編,リハーサル後
大崎甘奈\ファン感謝祭編\リハーサル後.csv,12,6014002020080,甘奈,"制作人……
甘奈……没问题的吧……？",大崎甘奈,ファン感謝祭編,リハーサル後
大崎甘奈\ファン感謝祭編\ワンス・アポン・ア・タイム.csv,2,5004002010010,甘奈,"哇啊，千雪姐要的是什么来着？
颜色相当蓝哦～！",大崎甘奈,ファン感謝祭編,ワンス・アポン・ア・タイム
大崎甘奈\ファン感謝祭編\ワンス・アポン・ア・タイム.csv,5,5004002010040,甘奈,"诶，咦……变成粉色了诶！？
怎么回事！？　好厉害好厉害！",大崎甘奈,ファン感謝祭編,ワンス・アポン・ア・タイム
大崎甘奈\ファン感謝祭編\ワンス・アポン・ア・タイム.csv,7,5004002010060,甘奈,"嗯嗯！　真让人惊讶☆
既可爱，又像魔法一样呢……",大崎甘奈,ファン感謝祭編,ワンス・アポン・ア・タイム
大崎甘奈\ファン感謝祭編\ワンス・アポン・ア・タイム.csv,8,5004002010070,甘奈,────啊……对啦,大崎甘奈,ファン感謝祭編,ワンス・アポン・ア・タイム
大崎甘奈\ファン感謝祭編\ワンス・アポン・ア・タイム.csv,9,5004002010080,甘奈,"呐呐，Live当中突然一下子把照明关掉
然后一下子用粉色的灯光照射",大崎甘奈,ファン感謝祭編,ワンス・アポン・ア・タイム
大崎甘奈\ファン感謝祭編\ワンス・アポン・ア・タイム.csv,10,5004002010090,甘奈,"舞台暗下来的时候，衣装也换成粉色的……
这样就像衣装被灯光染上色彩一样～类似这样的演出怎么样啊！？",大崎甘奈,ファン感謝祭編,ワンス・アポン・ア・タイム
大崎甘奈\ファン感謝祭編\ワンス・アポン・ア・タイム.csv,12,5004002010110,甘奈,"太好了☆
那甘奈在忘掉之前先在备忘录上记下来",大崎甘奈,ファン感謝祭編,ワンス・アポン・ア・タイム
大崎甘奈\ファン感謝祭編\ワンス・アポン・ア・タイム.csv,14,5004002010120,甘奈,"诶嘿嘿……因为相当期待嘛
甘奈们亲手准备的感謝祭……！",大崎甘奈,ファン感謝祭編,ワンス・アポン・ア・タイム
大崎甘奈\ファン感謝祭編\ワンス・アポン・ア・タイム.csv,19,5004002010160,甘奈,"千雪的点子！？
甘奈也想看！",大崎甘奈,ファン感謝祭編,ワンス・アポン・ア・タイム
大崎甘奈\ファン感謝祭編\ワンス・アポン・ア・タイム.csv,21,5004002010180,甘奈,诶嘿嘿，那甘奈就期待着啦☆,大崎甘奈,ファン感謝祭編,ワンス・アポン・ア・タイム
大崎甘奈\ファン感謝祭編\ワンス・アポン・ア・タイム.csv,23,5004002010200,甘奈,"啊，甜花
对不起，吵到你了吧？",大崎甘奈,ファン感謝祭編,ワンス・アポン・ア・タイム
大崎甘奈\ファン感謝祭編\ワンス・アポン・ア・タイム.csv,26,5004002010230,甘奈,"是有点累了吧
睡一会也没关系哦？",大崎甘奈,ファン感謝祭編,ワンス・アポン・ア・タイム
大崎甘奈\ファン感謝祭編\ワンス・アポン・ア・タイム.csv,30,5004002010260,甘奈,"主题好说……！　嗯，果然还是“花”什么的……
像这边这样“时髦的咖啡厅”之类的感觉也不错……！？",大崎甘奈,ファン感謝祭編,ワンス・アポン・ア・タイム
大崎甘奈\ファン感謝祭編\ワンス・アポン・ア・タイム.csv,32,5004002010280,甘奈,？,大崎甘奈,ファン感謝祭編,ワンス・アポン・ア・タイム
大崎甘奈\ファン感謝祭編\ワンス・アポン・ア・タイム.csv,34,5004002010291,甘奈＆千雪,“Happy end”……！,大崎甘奈,ファン感謝祭編,ワンス・アポン・ア・タイム
大崎甘奈\ファン感謝祭編\ワンス・アポン・ア・タイム.csv,36,5004002010310,甘奈,"这个感觉相当好啊！！
不愧是甜花☆",大崎甘奈,ファン感謝祭編,ワンス・アポン・ア・タイム
大崎甘奈\ファン感謝祭編\ワンス・アポン・ア・タイム.csv,39,5004002010330,甘奈,"感觉像是童话的感觉哦？
幻想系的印象，烟雾什么的泡泡什么的",大崎甘奈,ファン感謝祭編,ワンス・アポン・ア・タイム
大崎甘奈\ファン感謝祭編\ワンス・アポン・ア・タイム.csv,41,5004002010350,甘奈,啊啊！　这也不错呢☆,大崎甘奈,ファン感謝祭編,ワンス・アポン・ア・タイム
大崎甘奈\ファン感謝祭編\ワンス・アポン・ア・タイム.csv,44,5004002010370,甘奈,"甜花也来一起想想哦！
这回，花点时间聊聊呗☆",大崎甘奈,ファン感謝祭編,ワンス・アポン・ア・タイム
大崎甘奈\ファン感謝祭編\ワンス・アポン・ア・タイム.csv,50,5004002010420,甘奈,"这个花草茶呢，有个魔法一样的技巧哦！
这回，也想给甜花看看呐",大崎甘奈,ファン感謝祭編,ワンス・アポン・ア・タイム
大崎甘奈\ファン感謝祭編\感謝祭本番前（ユニット）.csv,4,5004002060010,甘奈,——今天也要！,大崎甘奈,ファン感謝祭編,感謝祭本番前（ユニット）
大崎甘奈\ファン感謝祭編\感謝祭本番後（MVP）.csv,5,5004002080040,甘奈,"怎，怎么办……？
可以……出场吧……？",大崎甘奈,ファン感謝祭編,感謝祭本番後（MVP）
大崎甘奈\ファン感謝祭編\感謝祭本番後（MVP）.csv,8,5004002080050,甘奈,,大崎甘奈,ファン感謝祭編,感謝祭本番後（MVP）
大崎甘奈\ファン感謝祭編\感謝祭本番後（MVP）.csv,10,5004002080060,甘奈,——……嗯！！,大崎甘奈,ファン感謝祭編,感謝祭本番後（MVP）
大崎甘奈\ファン感謝祭編\感謝祭本番後（MVP）.csv,23,5004002080170,甘奈,"甘，甘奈我们啊……！ 有可能会在今后
继续前进的过程中改变……",大崎甘奈,ファン感謝祭編,感謝祭本番後（MVP）
大崎甘奈\ファン感謝祭編\感謝祭本番後（MVP）.csv,24,5004002080180,甘奈,"但重要的事物……
一定不会改变……",大崎甘奈,ファン感謝祭編,感謝祭本番後（MVP）
大崎甘奈\ファン感謝祭編\感謝祭本番後（通常）.csv,6,5004002070030,甘奈,"啊……嗯
还有点没回过神来……",大崎甘奈,ファン感謝祭編,感謝祭本番後（通常）
大崎甘奈\ファン感謝祭編\感謝祭本番後（通常）.csv,7,5004002070040,甘奈,,大崎甘奈,ファン感謝祭編,感謝祭本番後（通常）
大崎甘奈\ファン感謝祭編\感謝祭本番後（通常）.csv,8,5004002070050,甘奈,"在今天的舞台上，
感觉……很强烈",大崎甘奈,ファン感謝祭編,感謝祭本番後（通常）
大崎甘奈\ファン感謝祭編\感謝祭本番後（通常）.csv,9,5004002070060,甘奈,虽然ALSTROEMERIA里有3个人……,大崎甘奈,ファン感謝祭編,感謝祭本番後（通常）
大崎甘奈\ファン感謝祭編\感謝祭本番後（通常）.csv,10,5004002070070,甘奈,但是在舞台上，合为了一体……,大崎甘奈,ファン感謝祭編,感謝祭本番後（通常）
大崎甘奈\ファン感謝祭編\知りせば覚めざらましを.csv,2,5004002030010,甘奈,,大崎甘奈,ファン感謝祭編,知りせば覚めざらましを
大崎甘奈\ファン感謝祭編\知りせば覚めざらましを.csv,5,5004002030040,甘奈,,大崎甘奈,ファン感謝祭編,知りせば覚めざらましを
大崎甘奈\ファン感謝祭編\知りせば覚めざらましを.csv,6,5004002030050,甘奈,好，好复杂啊……！我是怎么想的呢……,大崎甘奈,ファン感謝祭編,知りせば覚めざらましを
大崎甘奈\ファン感謝祭編\知りせば覚めざらましを.csv,10,5004002030090,甘奈,"ＯＫ——☆谢谢！
那这下轮到甘奈了，我来按住量尺——",大崎甘奈,ファン感謝祭編,知りせば覚めざらましを
大崎甘奈\ファン感謝祭編\知りせば覚めざらましを.csv,12,5004002030110,甘奈,"啊——再左边一点吧？
……对对！就这样一路拉直！",大崎甘奈,ファン感謝祭編,知りせば覚めざらましを
大崎甘奈\ファン感謝祭編\知りせば覚めざらましを.csv,15,5004002030140,甘奈,"这很棒不是！？甘奈的位置在舞台的后方
甜花和千雪姐则在舞台的正前方！",大崎甘奈,ファン感謝祭編,知りせば覚めざらましを
大崎甘奈\ファン感謝祭編\知りせば覚めざらましを.csv,16,5004002030150,甘奈,"……正式舞台就差不多这个大小吧——
已经能想像出来了——！",大崎甘奈,ファン感謝祭編,知りせば覚めざらましを
大崎甘奈\ファン感謝祭編\知りせば覚めざらましを.csv,18,5004002030170,甘奈,谢谢千雪姐！,大崎甘奈,ファン感謝祭編,知りせば覚めざらましを
大崎甘奈\ファン感謝祭編\知りせば覚めざらましを.csv,26,5004002030240,甘奈,啊，甘奈也紧张起来了……！,大崎甘奈,ファン感謝祭編,知りせば覚めざらましを
大崎甘奈\ファン感謝祭編\知りせば覚めざらましを.csv,28,5004002030250,甘奈,"是制作人先生……！
吓了我一跳——……",大崎甘奈,ファン感謝祭編,知りせば覚めざらましを
大崎甘奈\ファン感謝祭編\知りせば覚めざらましを.csv,33,5004002030280,甘奈,"甘奈也要看☆
呜呜……一下就有临场的紧张感了",大崎甘奈,ファン感謝祭編,知りせば覚めざらましを
大崎甘奈\ファン感謝祭編\知りせば覚めざらましを.csv,37,5004002030310,甘奈,"啊，那要不来做ＭＣ聊天的练习？
每个人按顺序来发言！",大崎甘奈,ファン感謝祭編,知りせば覚めざらましを
大崎甘奈\ファン感謝祭編\知りせば覚めざらましを.csv,39,5004002030320,甘奈,可以麻烦你吗！？,大崎甘奈,ファン感謝祭編,知りせば覚めざらましを
大崎甘奈\ファン感謝祭編\知りせば覚めざらましを.csv,46,5004002030380,甘奈,"千雪姐，好厉害……！
甘奈都看得小鹿乱撞了☆",大崎甘奈,ファン感謝祭編,知りせば覚めざらましを
大崎甘奈\ファン感謝祭編\知りせば覚めざらましを.csv,51,5004002030420,甘奈,"那下一个轮到甜花了呢——！
要站在地板上贴的十字标记那里哦——☆",大崎甘奈,ファン感謝祭編,知りせば覚めざらましを
大崎甘奈\ファン感謝祭編\知りせば覚めざらましを.csv,61,5004002030500,甘奈,"超——级可爱哦～！甜花！
甘奈，感觉自己的小心心都被射中了～！",大崎甘奈,ファン感謝祭編,知りせば覚めざらましを
大崎甘奈\ファン感謝祭編\知りせば覚めざらましを.csv,64,5004002030520,甘奈,！是，是呢……！,大崎甘奈,ファン感謝祭編,知りせば覚めざらましを
大崎甘奈\ファン感謝祭編\知りせば覚めざらましを.csv,65,5004002030530,甘奈,我想想——,大崎甘奈,ファン感謝祭編,知りせば覚めざらましを
大崎甘奈\ファン感謝祭編\知りせば覚めざらましを.csv,67,5004002030540,甘奈,"——怎么说呢，甘奈竟然能当上偶像
至今仍然觉得不可思议呢",大崎甘奈,ファン感謝祭編,知りせば覚めざらましを
大崎甘奈\ファン感謝祭編\知りせば覚めざらましを.csv,68,5004002030550,甘奈,"最初只是觉得好有趣，但是
……回过神来，已经在认真努力了",大崎甘奈,ファン感謝祭編,知りせば覚めざらましを
大崎甘奈\ファン感謝祭編\知りせば覚めざらましを.csv,69,5004002030560,甘奈,"都是有了千雪姐和甜花
还有制作人先生的陪伴与帮助……",大崎甘奈,ファン感謝祭編,知りせば覚めざらましを
大崎甘奈\ファン感謝祭編\知りせば覚めざらましを.csv,70,5004002030570,甘奈,,大崎甘奈,ファン感謝祭編,知りせば覚めざらましを
大崎甘奈\ファン感謝祭編\知りせば覚めざらましを.csv,71,5004002030580,甘奈,"甘奈啊……现在，真的非常非常幸福
所以，好想今后的未来也能一直……",大崎甘奈,ファン感謝祭編,知りせば覚めざらましを
大崎甘奈\ファン感謝祭編\知りせば覚めざらましを.csv,72,5004002030590,甘奈,"一直就像这样
维持现状就好了………",大崎甘奈,ファン感謝祭編,知りせば覚めざらましを
大崎甘奈\ファン感謝祭編\知りせば覚めざらましを.csv,74,5004002030600,甘奈,"————所以说，那个……
今，今后也拜托各位继续支持我们哦——！！",大崎甘奈,ファン感謝祭編,知りせば覚めざらましを
大崎甘奈\ファン感謝祭編\知りせば覚めざらましを.csv,77,5004002030630,甘奈,呜啊——！说到一半都不知道自己在说什么了——！,大崎甘奈,ファン感謝祭編,知りせば覚めざらましを
大崎甘奈\ファン感謝祭編\知りせば覚めざらましを.csv,81,5004002030660,甘奈,……这样啊，那这样就可以了，吧,大崎甘奈,ファン感謝祭編,知りせば覚めざらましを
大崎甘奈\ファン感謝祭編\知りせば覚めざらましを.csv,84,5004002030670,甘奈,"诶，怎么会……对不起啊
我觉得我有确认好站位的……",大崎甘奈,ファン感謝祭編,知りせば覚めざらましを
大崎甘奈\ファン感謝祭編\知りせば覚めざらましを.csv,85,5004002030680,甘奈,为什么会这样呢……对不起啊……！,大崎甘奈,ファン感謝祭編,知りせば覚めざらましを
大崎甘奈\ファン感謝祭編\知りせば覚めざらましを.csv,86,5004002030690,甘奈,——下次我会多注意的……,大崎甘奈,ファン感謝祭編,知りせば覚めざらましを
大崎甘奈\ファン感謝祭編\花よ、時よ、そのまにまに.csv,13,5004002090060,甘奈,"诶嘿嘿，没错！
一瞬间就变了，不要看漏了☆",大崎甘奈,ファン感謝祭編,花よ、時よ、そのまにまに
大崎甘奈\ファン感謝祭編\花よ、時よ、そのまにまに.csv,14,5004002090070,甘奈,"——首先取出柠檬糖水，
没有任何机关。但是只要倒进去一次……！",大崎甘奈,ファン感謝祭編,花よ、時よ、そのまにまに
大崎甘奈\ファン感謝祭編\花よ、時よ、そのまにまに.csv,19,5004002090110,甘奈,"诶……千，千雪——
这个能再变成蓝色吗~？",大崎甘奈,ファン感謝祭編,花よ、時よ、そのまにまに
大崎甘奈\ファン感謝祭編\花よ、時よ、そのまにまに.csv,21,5004002090130,甘奈,哇，这个提议好☆,大崎甘奈,ファン感謝祭編,花よ、時よ、そのまにまに
大崎甘奈\ファン感謝祭編\花よ、時よ、そのまにまに.csv,25,5004002090160,甘奈,"……制作人？
喝太多会睡不着的",大崎甘奈,ファン感謝祭編,花よ、時よ、そのまにまに
大崎甘奈\ファン感謝祭編\花よ、時よ、そのまにまに.csv,27,5004002090170,甘奈,"制作人
是因为习惯喝才没事吧？",大崎甘奈,ファン感謝祭編,花よ、時よ、そのまにまに
大崎甘奈\ファン感謝祭編\花よ、時よ、そのまにまに.csv,30,5004002090190,甘奈,"嗯，在事务所里也常在喝吧？
还有和甘奈去家庭餐厅的时候也点过",大崎甘奈,ファン感謝祭編,花よ、時よ、そのまにまに
大崎甘奈\ファン感謝祭編\花よ、時よ、そのまにまに.csv,32,5004002090200,甘奈,诶嘿嘿，从那时候就没变呢——,大崎甘奈,ファン感謝祭編,花よ、時よ、そのまにまに
大崎甘奈\ファン感謝祭編\花よ、時よ、そのまにまに.csv,37,5004002090220,甘奈,诶？ ……嗯……？,大崎甘奈,ファン感謝祭編,花よ、時よ、そのまにまに
大崎甘奈\节日剧情\2022情人节\2023情人节\【中字】大崎甘奈 2023情人节准备剧情.csv,2,4901037400010,甘奈,……,大崎甘奈,节日剧情,【中字】大崎甘奈 2023情人节准备剧情
大崎甘奈\节日剧情\2022情人节\2023情人节\【中字】大崎甘奈 2023情人节准备剧情.csv,3,4901037400020,甘奈,（拿出……勇气……）,大崎甘奈,节日剧情,【中字】大崎甘奈 2023情人节准备剧情
大崎甘奈\节日剧情\2022情人节\2023情人节\【中字】大崎甘奈 2023情人节准备剧情.csv,4,4901037400030,甘奈,"（要好好写上去啊……
甘奈……）",大崎甘奈,节日剧情,【中字】大崎甘奈 2023情人节准备剧情
大崎甘奈\节日剧情\2022情人节\2023情人节\【中字】大崎甘奈 2023情人节准备剧情.csv,5,4901037400040,甘奈,（制作人先生的……）,大崎甘奈,节日剧情,【中字】大崎甘奈 2023情人节准备剧情
大崎甘奈\节日剧情\2022情人节\2023情人节\【大崎 甘奈】2023バレンタインデー.csv,3,4901037410010,甘奈,"……
……好……！",大崎甘奈,节日剧情,【大崎 甘奈】2023バレンタインデー
大崎甘奈\节日剧情\2022情人节\2023情人节\【大崎 甘奈】2023バレンタインデー.csv,4,4901037410020,甘奈,"（这个地方的话……
会注意到吧……）",大崎甘奈,节日剧情,【大崎 甘奈】2023バレンタインデー
大崎甘奈\节日剧情\2022情人节\2023情人节\【大崎 甘奈】2023バレンタインデー.csv,5,4901037410030,甘奈,嗯……！,大崎甘奈,节日剧情,【大崎 甘奈】2023バレンタインデー
大崎甘奈\节日剧情\2022情人节\2023情人节\【大崎 甘奈】2023バレンタインデー.csv,7,4901037410040,甘奈,"诶！？制作人先生！？
为、为什么……！？不是去工作……！？",大崎甘奈,节日剧情,【大崎 甘奈】2023バレンタインデー
大崎甘奈\节日剧情\2022情人节\2023情人节\【大崎 甘奈】2023バレンタインデー.csv,9,4901037410050,甘奈,"没有！！
什么事都没有！！",大崎甘奈,节日剧情,【大崎 甘奈】2023バレンタインデー
大崎甘奈\节日剧情\2022情人节\2023情人节\【大崎 甘奈】2023バレンタインデー.csv,11,4901037410060,甘奈,"真的，什么事都没有哦！
辛、辛苦您了！！",大崎甘奈,节日剧情,【大崎 甘奈】2023バレンタインデー
大崎甘奈\节日剧情\2022情人节\2023情人节\甘奈へのプレゼント・チョコレート.csv,2,4901037420010,甘奈,"谢谢——！
正想要些甜一点的东西呢~☆",大崎甘奈,节日剧情,甘奈へのプレゼント・チョコレート
大崎甘奈\节日剧情\2022情人节\2023情人节\甘奈へのプレゼント・チョコレート.csv,3,4901037420020,甘奈,"……
嗯~！好吃",大崎甘奈,节日剧情,甘奈へのプレゼント・チョコレート
大崎甘奈\节日剧情\2022情人节\2023情人节\甘奈へのプレゼント・チョコレート.csv,4,4901037420030,甘奈,诶嘿嘿，制作人先生，非常明白甘奈想要的是什么呢！,大崎甘奈,节日剧情,甘奈へのプレゼント・チョコレート
大崎甘奈\节日剧情\2022情人节\2023白色情人节\甘奈へのプレゼント・おしゃれなエプロン.csv,2,4901038270010,甘奈,"哇，谢谢！
甘奈，正好想要一个呢~",大崎甘奈,节日剧情,甘奈へのプレゼント・おしゃれなエプロン
大崎甘奈\节日剧情\2022情人节\2023白色情人节\甘奈へのプレゼント・おしゃれなエプロン.csv,5,4901038270020,甘奈,"诶嘿嘿~
非常有用哦~",大崎甘奈,节日剧情,甘奈へのプレゼント・おしゃれなエプロン
大崎甘奈\节日剧情\2022情人节\2023白色情人节\甘奈へのプレゼント・おしゃれなエプロン.csv,6,4901038270030,甘奈,啊……但是，甘奈什么都没送却收到了礼物……,大崎甘奈,节日剧情,甘奈へのプレゼント・おしゃれなエプロン
大崎甘奈\节日剧情\2022情人节\2023白色情人节\甘奈へのプレゼント・おしゃれなエプロン.csv,7,4901038270040,甘奈,下次我做点料理吧！,大崎甘奈,节日剧情,甘奈へのプレゼント・おしゃれなエプロン
大崎甘奈\节日剧情\2022情人节\2023白色情人节\甘奈へのプレゼント・おしゃれなエプロン＋♥.csv,2,4901038280010,甘奈,"哇，谢谢！
甘奈，正好想要一个呢~",大崎甘奈,节日剧情,甘奈へのプレゼント・おしゃれなエプロン＋♥
大崎甘奈\节日剧情\2022情人节\2023白色情人节\甘奈へのプレゼント・おしゃれなエプロン＋♥.csv,5,4901038280020,甘奈,"诶嘿嘿~
非常有用哦~",大崎甘奈,节日剧情,甘奈へのプレゼント・おしゃれなエプロン＋♥
大崎甘奈\节日剧情\2022情人节\2023白色情人节\甘奈へのプレゼント・おしゃれなエプロン＋♥.csv,6,4901038280030,甘奈,"……嗯——
不过，难得收到了这样的礼物……",大崎甘奈,节日剧情,甘奈へのプレゼント・おしゃれなエプロン＋♥
大崎甘奈\节日剧情\2022情人节\2023白色情人节\甘奈へのプレゼント・おしゃれなエプロン＋♥.csv,7,4901038280040,甘奈,"制作人先生……
有什么想吃的东西吗……？",大崎甘奈,节日剧情,甘奈へのプレゼント・おしゃれなエプロン＋♥
大崎甘奈\节日剧情\2022情人节\2023白色情人节\甘奈へのプレゼント・おしゃれなエプロン＋♥.csv,9,4901038280050,甘奈,诶，不用客气哦……！,大崎甘奈,节日剧情,甘奈へのプレゼント・おしゃれなエプロン＋♥
大崎甘奈\节日剧情\2022情人节\2023白色情人节\甘奈へのプレゼント・おしゃれなエプロン＋♥.csv,10,4901038280060,甘奈,"甘奈只是……
想要穿穿看这个……！",大崎甘奈,节日剧情,甘奈へのプレゼント・おしゃれなエプロン＋♥
大崎甘奈\节日剧情\2022情人节\2024万圣节甘奈.csv,5,4901600140010,甘奈,"……？
你是那时候的……！？",大崎甘奈,节日剧情,2024万圣节甘奈
大崎甘奈\节日剧情\2022情人节\2024万圣节甘奈.csv,7,4901600140020,甘奈,"欸嘿嘿，又见面了呢！
有点小开心！",大崎甘奈,节日剧情,2024万圣节甘奈
大崎甘奈\节日剧情\2022情人节\2024万圣节甘奈.csv,9,4901600140030,甘奈,"嗯！
最近啊，即使我把灵符取下来也没问题了——",大崎甘奈,节日剧情,2024万圣节甘奈
大崎甘奈\节日剧情\2022情人节\2024万圣节甘奈.csv,10,4901600140040,甘奈,"——！抱歉，你能帮我挡一下风吗……！？
虽说我有在修行，比起以前更能保持理智……！",大崎甘奈,节日剧情,2024万圣节甘奈
大崎甘奈\节日剧情\2022情人节\2024万圣节甘奈.csv,12,4901600140050,甘奈,"……啊—啊……
都怪你没早点帮忙做点什么……",大崎甘奈,节日剧情,2024万圣节甘奈
大崎甘奈\节日剧情\2022情人节\2024万圣节甘奈.csv,13,4901600140060,甘奈,"……欸嘿……变成现在这个样子……
都是你的错哦……？",大崎甘奈,节日剧情,2024万圣节甘奈
大崎甘奈\节日剧情\2022情人节\2024万圣节甘奈.csv,14,4901600140070,甘奈,"…………
接下来会发生什么……我可不管哦……？",大崎甘奈,节日剧情,2024万圣节甘奈
大崎甘奈\节日剧情\2022情人节\2024圣诞 大崎甘奈\2024圣诞礼物甘奈1.csv,2,4901700270010,甘奈,看到礼物盒的时候……,大崎甘奈,节日剧情,2024圣诞礼物甘奈1
大崎甘奈\节日剧情\2022情人节\2024圣诞 大崎甘奈\2024圣诞礼物甘奈1.csv,4,4901700270020,甘奈,制作人是什么样的感受呢？,大崎甘奈,节日剧情,2024圣诞礼物甘奈1
大崎甘奈\节日剧情\2022情人节\2024圣诞 大崎甘奈\2024圣诞礼物甘奈1.csv,6,4901700270030,甘奈,对吧～，我也是～,大崎甘奈,节日剧情,2024圣诞礼物甘奈1
大崎甘奈\节日剧情\2022情人节\2024圣诞 大崎甘奈\2024圣诞礼物甘奈1.csv,7,4901700270040,甘奈,"看到这个装饰的大家
也能有那样的心情就好了～",大崎甘奈,节日剧情,2024圣诞礼物甘奈1
大崎甘奈\节日剧情\2022情人节\2024圣诞 大崎甘奈\2024圣诞礼物甘奈1.csv,8,4901700270050,甘奈,诶嘿嘿,大崎甘奈,节日剧情,2024圣诞礼物甘奈1
大崎甘奈\节日剧情\2022情人节\2024圣诞 大崎甘奈\2024圣诞礼物甘奈2.csv,2,4901700280010,甘奈,"啊……！
快看诶！这个超级可爱！",大崎甘奈,节日剧情,2024圣诞礼物甘奈2
大崎甘奈\节日剧情\2022情人节\2024圣诞 大崎甘奈\2024圣诞礼物甘奈2.csv,4,4901700280020,甘奈,对吧，这还挺少见的呢～,大崎甘奈,节日剧情,2024圣诞礼物甘奈2
大崎甘奈\节日剧情\2022情人节\2024圣诞 大崎甘奈\2024圣诞礼物甘奈2.csv,5,4901700280030,甘奈,"从小的到大的都有……
种类也很多呢～……",大崎甘奈,节日剧情,2024圣诞礼物甘奈2
大崎甘奈\节日剧情\2022情人节\2024圣诞 大崎甘奈\2024圣诞礼物甘奈2.csv,8,4901700280040,甘奈,"真的耶～
里面会是什么呢",大崎甘奈,节日剧情,2024圣诞礼物甘奈2
大崎甘奈\节日剧情\2022情人节\2024圣诞 大崎甘奈\2024圣诞礼物甘奈2.csv,9,4901700280050,甘奈,呀！,大崎甘奈,节日剧情,2024圣诞礼物甘奈2
大崎甘奈\节日剧情\2022情人节\2024圣诞 大崎甘奈\2024圣诞礼物甘奈2.csv,11,4901700280060,甘奈,"没事……！
只是突然蹦出来，吓了一跳──",大崎甘奈,节日剧情,2024圣诞礼物甘奈2
大崎甘奈\节日剧情\2022情人节\2024圣诞 大崎甘奈\2024圣诞礼物甘奈2.csv,12,4901700280070,甘奈,"──那个……！对不起！
制作人……",大崎甘奈,节日剧情,2024圣诞礼物甘奈2
大崎甘奈\节日剧情\2022情人节\2024圣诞 大崎甘奈\2024圣诞礼物甘奈2.csv,13,4901700280080,甘奈,（不小心抓住他了……！）,大崎甘奈,节日剧情,2024圣诞礼物甘奈2
大崎甘奈\节日剧情\2022情人节\2024圣诞 大崎甘奈\2024圣诞礼物甘奈2.csv,15,4901700280090,甘奈,嘿嘿，谢谢……！,大崎甘奈,节日剧情,2024圣诞礼物甘奈2
大崎甘奈\节日剧情\2022情人节\2024圣诞 大崎甘奈\2024圣诞礼物甘奈2.csv,17,4901700280100,甘奈,是啊～,大崎甘奈,节日剧情,2024圣诞礼物甘奈2
大崎甘奈\节日剧情\2022情人节\2024圣诞 大崎甘奈\2024圣诞礼物甘奈2.csv,18,4901700280110,甘奈,（虽说刚才是个意外……）,大崎甘奈,节日剧情,2024圣诞礼物甘奈2
大崎甘奈\节日剧情\2022情人节\2024圣诞 大崎甘奈\2024圣诞礼物甘奈2.csv,19,4901700280120,甘奈,"（但制作人
好像毫不在意……）",大崎甘奈,节日剧情,2024圣诞礼物甘奈2
大崎甘奈\节日剧情\2022情人节\2024圣诞 大崎甘奈\2024圣诞礼物甘奈2.csv,20,4901700280130,甘奈,"（……稍微
心动一下下也好嘛～……！）",大崎甘奈,节日剧情,2024圣诞礼物甘奈2
大崎甘奈\节日剧情\2022情人节\【大崎 甘奈】2022 バレンタイン準備.csv,2,4901028400010,甘奈,……写上去了……,大崎甘奈,节日剧情,【大崎 甘奈】2022 バレンタイン準備
大崎甘奈\节日剧情\2022情人节\【大崎 甘奈】2022 バレンタイン準備.csv,3,4901028400020,甘奈,（不是“制作人”……）,大崎甘奈,节日剧情,【大崎 甘奈】2022 バレンタイン準備
大崎甘奈\节日剧情\2022情人节\【大崎 甘奈】2022 バレンタイン準備.csv,4,4901028400030,甘奈,（……名字……）,大崎甘奈,节日剧情,【大崎 甘奈】2022 バレンタイン準備
大崎甘奈\节日剧情\2022情人节\【大崎 甘奈】2022 バレンタイン準備.csv,5,4901028400040,甘奈,"……！
怎么办……！",大崎甘奈,节日剧情,【大崎 甘奈】2022 バレンタイン準備
大崎甘奈\节日剧情\2022情人节\【大崎 甘奈】2022 バレンタイン準備.csv,6,4901028400050,甘奈,"（这个……要送出去吗……？
不……可是……！）",大崎甘奈,节日剧情,【大崎 甘奈】2022 バレンタイン準備
大崎甘奈\节日剧情\2022情人节\【大崎 甘奈】2022 バレンタイン準備.csv,7,4901028400060,甘奈,,大崎甘奈,节日剧情,【大崎 甘奈】2022 バレンタイン準備
大崎甘奈\节日剧情\2022情人节\【大崎 甘奈】2022バレンタインデー.csv,3,4901028410010,甘奈,尽情品尝吧☆,大崎甘奈,节日剧情,【大崎 甘奈】2022バレンタインデー
大崎甘奈\节日剧情\2022情人节\【大崎 甘奈】2022バレンタインデー.csv,6,4901028410020,甘奈,"怎、怎么了？
制作人？",大崎甘奈,节日剧情,【大崎 甘奈】2022バレンタインデー
大崎甘奈\节日剧情\2022情人节\【大崎 甘奈】2022バレンタインデー.csv,8,4901028410030,甘奈,"诶！？
是、是吗……？",大崎甘奈,节日剧情,【大崎 甘奈】2022バレンタインデー
大崎甘奈\节日剧情\2022情人节\【大崎 甘奈】2022バレンタインデー.csv,10,4901028410040,甘奈,没有……夹着什么哦……！,大崎甘奈,节日剧情,【大崎 甘奈】2022バレンタインデー
大崎甘奈\节日剧情\2022情人节\【大崎 甘奈】2022バレンタインデー.csv,11,4901028410050,甘奈,"因为一开始做出来的有些薄
只是觉得这样的话分量不太够！",大崎甘奈,节日剧情,【大崎 甘奈】2022バレンタインデー
大崎甘奈\节日剧情\2022情人节\【大崎 甘奈】2022バレンタインデー.csv,12,4901028410060,甘奈,……就只是这样……！,大崎甘奈,节日剧情,【大崎 甘奈】2022バレンタインデー
大崎甘奈\节日剧情\2022情人节\【大崎 甘奈】2022バレンタインデー.csv,14,4901028410070,甘奈,"好了好了快尝一口！
来",大崎甘奈,节日剧情,【大崎 甘奈】2022バレンタインデー
大崎甘奈\节日剧情\2022情人节\大崎甘奈 2019圣诞\special_communications_490100753.csv,2,4901007530010,甘奈,"哇…！
做工好棒的蛋糕…可以收下吗！？",大崎甘奈,节日剧情,special_communications_490100753
大崎甘奈\节日剧情\2022情人节\大崎甘奈 2019圣诞\special_communications_490100753.csv,5,4901007530020,甘奈,嘿嘿，制作人先生真温柔…谢谢你,大崎甘奈,节日剧情,special_communications_490100753
大崎甘奈\节日剧情\2022情人节\大崎甘奈 2019圣诞\special_communications_490100753.csv,6,4901007530030,甘奈,"哇！
蛋糕上面还放了块大布丁！",大崎甘奈,节日剧情,special_communications_490100753
大崎甘奈\节日剧情\2022情人节\大崎甘奈 2019圣诞\special_communications_490100753.csv,8,4901007530040,甘奈,"不会哦，很合适！
我最喜欢吃布丁了！",大崎甘奈,节日剧情,special_communications_490100753
大崎甘奈\节日剧情\2022情人节\大崎甘奈 2019圣诞\special_communications_490100753.csv,9,4901007530050,甘奈,不过要是吃不下，制作人先生能帮我分担一点吗☆,大崎甘奈,节日剧情,special_communications_490100753
大崎甘奈\节日剧情\2022情人节\大崎甘奈 2019圣诞\special_communications_490100754.csv,2,4901007540010,甘奈,这个…超可爱的…,大崎甘奈,节日剧情,special_communications_490100754
大崎甘奈\节日剧情\2022情人节\大崎甘奈 2019圣诞\special_communications_490100754.csv,4,4901007540020,甘奈,很满意哦！看起来适合很多穿搭！,大崎甘奈,节日剧情,special_communications_490100754
大崎甘奈\节日剧情\2022情人节\大崎甘奈 2019圣诞\special_communications_490100754.csv,5,4901007540030,甘奈,制作人先生的品味真好…！,大崎甘奈,节日剧情,special_communications_490100754
大崎甘奈\节日剧情\2022情人节\大崎甘奈 2019圣诞\special_communications_490100754.csv,7,4901007540040,甘奈,"…而且
是制作人先生亲手挑选的礼物…",大崎甘奈,节日剧情,special_communications_490100754
大崎甘奈\节日剧情\2022情人节\大崎甘奈 2019圣诞\special_communications_490100754.csv,8,4901007540050,甘奈,…仅此一点就足够开心了…,大崎甘奈,节日剧情,special_communications_490100754
大崎甘奈\节日剧情\2022情人节\大崎甘奈 2019圣诞\special_communications_490100755.csv,2,4901007550010,甘奈,制作人先生…这是…,大崎甘奈,节日剧情,special_communications_490100755
大崎甘奈\节日剧情\2022情人节\大崎甘奈 2019圣诞\special_communications_490100755.csv,5,4901007550020,甘奈,对，超开心的☆ 制作人先生有在为我考虑…！,大崎甘奈,节日剧情,special_communications_490100755
大崎甘奈\节日剧情\2022情人节\大崎甘奈 2019圣诞\special_communications_490100755.csv,7,4901007550030,甘奈,"是双人票啊…！
双人票…",大崎甘奈,节日剧情,special_communications_490100755
大崎甘奈\节日剧情\2022情人节\大崎甘奈 2019圣诞\special_communications_490100755.csv,8,4901007550040,甘奈,,大崎甘奈,节日剧情,special_communications_490100755
大崎甘奈\节日剧情\2022情人节\大崎甘奈 2019圣诞\special_communications_490100755.csv,10,4901007550050,甘奈,没事！在考虑邀请谁去，谢谢你…！,大崎甘奈,节日剧情,special_communications_490100755
大崎甘奈\节日剧情\2022情人节\大崎甘奈 2019圣诞\special_communications_490100756.csv,2,4901007560010,甘奈,"制作人先生，圣诞节快乐！
我作为圣诞老人来给你发礼物哦",大崎甘奈,节日剧情,special_communications_490100756
大崎甘奈\节日剧情\2022情人节\大崎甘奈 2019圣诞\special_communications_490100756.csv,4,4901007560020,甘奈,当然可以☆,大崎甘奈,节日剧情,special_communications_490100756
大崎甘奈\节日剧情\2022情人节\大崎甘奈 2019圣诞\special_communications_490100756.csv,7,4901007560030,甘奈,嘿嘿，你喜欢就好…！,大崎甘奈,节日剧情,special_communications_490100756
大崎甘奈\节日剧情\2022情人节\大崎甘奈 2019圣诞\special_communications_490100756.csv,9,4901007560040,甘奈,！那，能让我来帮你系上吗…？,大崎甘奈,节日剧情,special_communications_490100756
大崎甘奈\节日剧情\2022情人节\大崎甘奈 2019圣诞\special_communications_490100756.csv,10,4901007560050,甘奈,不嫌麻烦的话…,大崎甘奈,节日剧情,special_communications_490100756
大崎甘奈\节日剧情\2022情人节\大崎甘奈 2019圣诞\special_communications_490100756.csv,12,4901007560060,甘奈,没事的…！是我主动提出来的,大崎甘奈,节日剧情,special_communications_490100756
大崎甘奈\节日剧情\2022情人节\大崎甘奈 2019圣诞\special_communications_490100756.csv,14,4901007560070,甘奈,,大崎甘奈,节日剧情,special_communications_490100756
大崎甘奈\节日剧情\2022情人节\大崎甘奈 2019圣诞\special_communications_490100756.csv,15,4901007560080,甘奈,…系好了，制作人先生,大崎甘奈,节日剧情,special_communications_490100756
大崎甘奈\节日剧情\2022情人节\大崎甘奈 2019圣诞\special_communications_490100756.csv,16,4901007560090,甘奈,怎么样？系得好看吗…？,大崎甘奈,节日剧情,special_communications_490100756
大崎甘奈\节日剧情\2022情人节\大崎甘奈 2019圣诞\special_communications_490100756.csv,18,4901007560100,甘奈,嘿嘿，谢谢夸奖…！,大崎甘奈,节日剧情,special_communications_490100756
大崎甘奈\节日剧情\2022情人节\大崎甘奈 2019圣诞\special_communications_490100756.csv,19,4901007560110,甘奈,幸好反复练习过…,大崎甘奈,节日剧情,special_communications_490100756
大崎甘奈\节日剧情\2022情人节\大崎甘奈2025情人节\2025情人节甘奈情人节1.csv,2,4901800270010,甘奈,最后再加上巧克力酱～……,大崎甘奈,节日剧情,2025情人节甘奈情人节1
大崎甘奈\节日剧情\2022情人节\大崎甘奈2025情人节\2025情人节甘奈情人节1.csv,3,4901800270020,甘奈,"噔噔！
甘奈特制☆巧克力芭菲完成～！",大崎甘奈,节日剧情,2025情人节甘奈情人节1
大崎甘奈\节日剧情\2022情人节\大崎甘奈2025情人节\2025情人节甘奈情人节1.csv,5,4901800270030,甘奈,诶嘿嘿，要拍几张都没问题～！,大崎甘奈,节日剧情,2025情人节甘奈情人节1
大崎甘奈\节日剧情\2022情人节\大崎甘奈2025情人节\2025情人节甘奈情人节2.csv,2,4901800280010,甘奈,"给，制作人
快尝尝吧！",大崎甘奈,节日剧情,2025情人节甘奈情人节2
大崎甘奈\节日剧情\2022情人节\大崎甘奈2025情人节\2025情人节甘奈情人节2.csv,5,4901800280020,甘奈,"……？
怎么了？",大崎甘奈,节日剧情,2025情人节甘奈情人节2
大崎甘奈\节日剧情\2022情人节\大崎甘奈2025情人节\2025情人节甘奈情人节2.csv,7,4901800280030,甘奈,"是吗～……
啊，这样的话！",大崎甘奈,节日剧情,2025情人节甘奈情人节2
大崎甘奈\节日剧情\2022情人节\大崎甘奈2025情人节\2025情人节甘奈情人节2.csv,8,4901800280040,甘奈,制作人，张嘴！,大崎甘奈,节日剧情,2025情人节甘奈情人节2
大崎甘奈\节日剧情\2022情人节\大崎甘奈2025情人节\2025情人节甘奈情人节2.csv,10,4901800280050,甘奈,"甘奈挖一勺
来喂你，啊☆",大崎甘奈,节日剧情,2025情人节甘奈情人节2
大崎甘奈\节日剧情\2022情人节\甘奈へのプレゼント・映えるチョコレート.csv,2,4901028420010,甘奈,……那个，制作人……！,大崎甘奈,节日剧情,甘奈へのプレゼント・映えるチョコレート
大崎甘奈\节日剧情\2022情人节\甘奈へのプレゼント・映えるチョコレート.csv,3,4901028420020,甘奈,可以帮甘奈和这个巧克力……拍一张合照吗？,大崎甘奈,节日剧情,甘奈へのプレゼント・映えるチョコレート
大崎甘奈\节日剧情\2022情人节\甘奈へのプレゼント・映えるチョコレート.csv,4,4901028420030,甘奈,"想要留下来……！
……当做纪念……",大崎甘奈,节日剧情,甘奈へのプレゼント・映えるチョコレート
大崎甘奈\誕生日\2024甘奈生日.csv,2,49020060140010,甘奈,"——等、等一下……！
是要对我说『生日快乐』吗……！",大崎甘奈,誕生日,2024甘奈生日
大崎甘奈\誕生日\2024甘奈生日.csv,3,49020060140020,甘奈,"…………
好了……！请吧……！",大崎甘奈,誕生日,2024甘奈生日
大崎甘奈\誕生日\【大崎 甘奈】 誕生日ミニコミュ②.csv,2,49020020140010,甘奈,"谢谢你……制作人……！
……啊……另外……有个请求……",大崎甘奈,誕生日,【大崎 甘奈】 誕生日ミニコミュ②
大崎甘奈\誕生日\【大崎 甘奈】 誕生日ミニコミュ②.csv,3,49020020140020,甘奈,"想要一起吃蛋糕，所以就买来了……！
……可以吗……？",大崎甘奈,誕生日,【大崎 甘奈】 誕生日ミニコミュ②
大崎甘奈\誕生日\【大崎 甘奈】 誕生日ミニコミュ③.csv,2,49020030140010,甘奈,成为偶像之后，得到了更多人的生日祝福……,大崎甘奈,誕生日,【大崎 甘奈】 誕生日ミニコミュ③
大崎甘奈\誕生日\【大崎 甘奈】 誕生日ミニコミュ③.csv,3,49020030140020,甘奈,"但是呢……甜花，千雪
还有制作人的生日祝福……是特别的……诶嘿嘿……",大崎甘奈,誕生日,【大崎 甘奈】 誕生日ミニコミュ③
大崎甜花\S.T.E.P編\なーちゃんはアイドル、甜花も.csv,39,1015005040250,甘奈,"小甜花！
没问题吗……？",大崎甜花,S.T.E.P編,なーちゃんはアイドル、甜花も
大崎甜花\S.T.E.P編\なーちゃんはアイドル、甜花も.csv,43,1015005040280,甘奈,是啊，毕竟刚刚才被教这么一次嘛～,大崎甜花,S.T.E.P編,なーちゃんはアイドル、甜花も
大崎甜花\S.T.E.P編\なーちゃんはアイドル、甜花も.csv,45,1015005040300,甘奈,不，只是碰巧跳出来的哦～……,大崎甜花,S.T.E.P編,なーちゃんはアイドル、甜花も
大崎甜花\S.T.E.P編\ベターな日々は続く.csv,7,1015005060040,甘奈,……！,大崎甜花,S.T.E.P編,ベターな日々は続く
大崎甜花\S.T.E.P編\ベターな日々は続く.csv,12,1015005060070,甘奈,——我们会好好地读的……！,大崎甜花,S.T.E.P編,ベターな日々は続く
大崎甜花\S.T.E.P編\ベターな日々は続く.csv,14,1015005060090,甘奈,"小甜花～
想好要买哪种信纸了吗……？",大崎甜花,S.T.E.P編,ベターな日々は続く
大崎甜花\S.T.E.P編\ベターな日々は続く.csv,17,1015005060120,甘奈,"这样啊……！
选这种可爱图案的也是一手呢……！",大崎甜花,S.T.E.P編,ベターな日々は続く
大崎甜花\S.T.E.P編\ベターな日々は続く.csv,18,1015005060130,甘奈,"甘奈，想选这种商务信纸
又感觉太大人太死板了，很犹豫……",大崎甜花,S.T.E.P編,ベターな日々は続く
大崎甜花\S.T.E.P編\ベターな日々は続く.csv,25,1015005060200,甘奈,不好了不好了～～！,大崎甜花,S.T.E.P編,ベターな日々は続く
大崎甜花\S.T.E.P編\ベターな日々は続く.csv,27,1015005060220,甘奈,"千雪姐和制作人先生，
已经在下面等着了！",大崎甜花,S.T.E.P編,ベターな日々は続く
大崎甜花\S.T.E.P編\ベターな日々は続く.csv,30,1015005060250,甘奈,"不，没关系的！
我也希望小甜花好好休息的嘛！",大崎甜花,S.T.E.P編,ベターな日々は続く
大崎甜花\S.T.E.P編\ベターな日々は続く.csv,37,1015005060320,甘奈,"小甜花～～！
甘奈这就去给你拿，先去车上吧！",大崎甜花,S.T.E.P編,ベターな日々は続く
大崎甜花\S.T.E.P編\周回遅れ.csv,32,1015005020210,甘奈,嗯……！,大崎甜花,S.T.E.P編,周回遅れ
大崎甜花\S.T.E.P編\周回遅れ.csv,35,1015005020211,甘奈＆甜花,好的,大崎甜花,S.T.E.P編,周回遅れ
大崎甜花\S.T.E.P編\周回遅れ.csv,38,1015005020240,甘奈,不，还没有……,大崎甜花,S.T.E.P編,周回遅れ
大崎甜花\S.T.E.P編\周回遅れ.csv,40,1015005020260,甘奈,"——因为又不是马上要参加高考
所以虽说暂时不决定也没关系，但是",大崎甜花,S.T.E.P編,周回遅れ
大崎甜花\S.T.E.P編\周回遅れ.csv,41,1015005020270,甘奈,"想作为第一志愿的学校有两所
很困扰啊～……",大崎甜花,S.T.E.P編,周回遅れ
大崎甜花\S.T.E.P編\周回遅れ.csv,45,1015005020310,甘奈,小甜花已经写完了吗？,大崎甜花,S.T.E.P編,周回遅れ
大崎甜花\S.T.E.P編\旧・甜花の完璧な一日.csv,5,1015005010040,甘奈,"啊！
小甜花，早上好",大崎甜花,S.T.E.P編,旧・甜花の完璧な一日
大崎甜花\S.T.E.P編\旧・甜花の完璧な一日.csv,8,1015005010070,甘奈,"诶嘿嘿
就感觉是不是到了小甜花起床的时候了",大崎甜花,S.T.E.P編,旧・甜花の完璧な一日
大崎甜花\S.T.E.P編\旧・甜花の完璧な一日.csv,9,1015005010080,甘奈,"好！
早饭兼午饭☆ 请用吧",大崎甜花,S.T.E.P編,旧・甜花の完璧な一日
大崎甜花\S.T.E.P編\旧・甜花の完璧な一日.csv,13,1015005010120,甘奈,"嗯
炒鸡蛋中多放了些黄油嘛～",大崎甜花,S.T.E.P編,旧・甜花の完璧な一日
大崎甜花\S.T.E.P編\旧・甜花の完璧な一日.csv,16,1015005010150,甘奈,——小甜花,大崎甜花,S.T.E.P編,旧・甜花の完璧な一日
大崎甜花\S.T.E.P編\旧・甜花の完璧な一日.csv,17,1015005010160,甘奈,"甘奈接下来
要和朋友一起出门",大崎甜花,S.T.E.P編,旧・甜花の完璧な一日
大崎甜花\S.T.E.P編\旧・甜花の完璧な一日.csv,18,1015005010170,甘奈,有什么需要我买给你的东西吗？,大崎甜花,S.T.E.P編,旧・甜花の完璧な一日
大崎甜花\S.T.E.P編\旧・甜花の完璧な一日.csv,21,1015005010200,甘奈,是吗～,大崎甜花,S.T.E.P編,旧・甜花の完璧な一日
大崎甜花\S.T.E.P編\旧・甜花の完璧な一日.csv,22,1015005010210,甘奈,"——话说，小甜花
偶尔要不要一起出门……呢？",大崎甜花,S.T.E.P編,旧・甜花の完璧な一日
大崎甜花\S.T.E.P編\旧・甜花の完璧な一日.csv,25,1015005010240,甘奈,约好了哦～？,大崎甜花,S.T.E.P編,旧・甜花の完璧な一日
大崎甜花\S.T.E.P編\旧・甜花の完璧な一日.csv,27,1015005010260,甘奈,"那么，我会在晚上左右回来！
我出门了",大崎甜花,S.T.E.P編,旧・甜花の完璧な一日
大崎甜花\S.T.E.P編\明日から頑張るから.csv,2,1015005050010,甘奈,——小甜花,大崎甜花,S.T.E.P編,明日から頑張るから
大崎甜花\S.T.E.P編\明日から頑張るから.csv,3,1015005050020,甘奈,"肚子怎么样了……？
没问题吗……？",大崎甜花,S.T.E.P編,明日から頑張るから
大崎甜花\S.T.E.P編\明日から頑張るから.csv,6,1015005050050,甘奈,是嘛～……,大崎甜花,S.T.E.P編,明日から頑張るから
大崎甜花\S.T.E.P編\明日から頑張るから.csv,7,1015005050060,甘奈,那么今天的训练请个假比较好吧……,大崎甜花,S.T.E.P編,明日から頑張るから
大崎甜花\S.T.E.P編\明日から頑張るから.csv,9,1015005050080,甘奈,甘奈会转达给制作人的,大崎甜花,S.T.E.P編,明日から頑張るから
大崎甜花\S.T.E.P編\明日から頑張るから.csv,10,1015005050090,甘奈,"那么就做好保暖
在家静养吧……？",大崎甜花,S.T.E.P編,明日から頑張るから
大崎甜花\S.T.E.P編\明日から頑張るから.csv,12,1015005050110,甘奈,那么……我出发了……！,大崎甜花,S.T.E.P編,明日から頑張るから
大崎甜花\S.T.E.P編\約束？.csv,7,1015005030060,甘奈,"没关系的啦～
状态这不就上来了吗！",大崎甜花,S.T.E.P編,約束？
大崎甜花\S.T.E.P編\約束？.csv,8,1015005030070,甘奈,"都已经写了这么多了
在0点之前应该能全部写完的！",大崎甜花,S.T.E.P編,約束？
大崎甜花\S.T.E.P編\約束？.csv,10,1015005030090,甘奈,"没事！
虽说小甜花要是能自己写的话自然最好，写不了就没办法的啦～",大崎甜花,S.T.E.P編,約束？
大崎甜花\S.T.E.P編\約束？.csv,11,1015005030100,甘奈,下次再和甘奈一起学习吧！,大崎甜花,S.T.E.P編,約束？
大崎甜花\S.T.E.P編\約束？.csv,13,1015005030120,甘奈,"总之，先把这些作业
写完再说吧！",大崎甜花,S.T.E.P編,約束？
大崎甜花\S.T.E.P編\約束？.csv,26,1015005030250,甘奈,"——话说，小甜花
偶尔要不要一起出门……呢？",大崎甜花,S.T.E.P編,約束？
大崎甜花\S.T.E.P編\約束？.csv,29,1015005030280,甘奈,约好了哦～？,大崎甜花,S.T.E.P編,約束？
大崎甜花\S.T.E.P編\約束？.csv,40,1015005030390,甘奈,"……话，话说
小甜花——！",大崎甜花,S.T.E.P編,約束？
大崎甜花\S.T.E.P編\約束？.csv,42,1015005030410,甘奈,一起去这里吧……？,大崎甜花,S.T.E.P編,約束？
大崎甜花\S.T.E.P編\約束？.csv,47,1015005030460,甘奈,"……！
真的吗！？",大崎甜花,S.T.E.P編,約束？
大崎甜花\S.T.E.P編\約束？.csv,48,1015005030470,甘奈,真的要一起去吗！？,大崎甜花,S.T.E.P編,約束？
大崎甜花\S.T.E.P編\約束？.csv,50,1015005030490,甘奈,——去偶像的试镜现场！,大崎甜花,S.T.E.P編,約束？
大崎甜花\【Fallin' Snow in】大崎 甜花\Fallin' Memory.csv,5,3015014020040,甘奈,没事，完全没问题☆,大崎甜花,【Fallin' Snow in】大崎 甜花,Fallin' Memory
大崎甜花\【Fallin' Snow in】大崎 甜花\Fallin' Memory.csv,6,3015014020050,甘奈,"但是，
可能时间会有一些赶……！",大崎甜花,【Fallin' Snow in】大崎 甜花,Fallin' Memory
大崎甜花\【Fallin' Snow in】大崎 甜花\Fallin' Memory.csv,7,3015014020060,甘奈,"刚才，千雪说工作结束了
正在过去的路上！",大崎甜花,【Fallin' Snow in】大崎 甜花,Fallin' Memory
大崎甜花\【Fallin' Snow in】大崎 甜花\Fallin' Memory.csv,11,3015014020100,甘奈,甜花，没事吧……！？,大崎甜花,【Fallin' Snow in】大崎 甜花,Fallin' Memory
大崎甜花\【Fallin' Snow in】大崎 甜花\Fallin' Memory.csv,12,3015014020110,甘奈,"像这样──
运动起来的话会变暖哦！",大崎甜花,【Fallin' Snow in】大崎 甜花,Fallin' Memory
大崎甜花\【Fallin' Snow in】大崎 甜花\Fallin' Memory.csv,16,3015014020150,甘奈,──哦，千雪已经倒了！,大崎甜花,【Fallin' Snow in】大崎 甜花,Fallin' Memory
大崎甜花\【Fallin' Snow in】大崎 甜花\Fallin' Memory.csv,17,3015014020160,甘奈,"要说一声，
商谈要迟到一会儿吗……？",大崎甜花,【Fallin' Snow in】大崎 甜花,Fallin' Memory
大崎甜花\【Fallin' Snow in】大崎 甜花\Fallin' Memory.csv,20,3015014020190,甘奈,,大崎甜花,【Fallin' Snow in】大崎 甜花,Fallin' Memory
大崎甜花\【Fallin' Snow in】大崎 甜花\Fallin' Memory.csv,23,3015014020220,甘奈,"诶──
下雪了……！？",大崎甜花,【Fallin' Snow in】大崎 甜花,Fallin' Memory
大崎甜花\【Fallin' Snow in】大崎 甜花\Fallin' Memory.csv,25,3015014020231,甘奈＆甜花,,大崎甜花,【Fallin' Snow in】大崎 甜花,Fallin' Memory
大崎甜花\【Fallin' Snow in】大崎 甜花\Fallin' Memory.csv,26,3015014020240,甘奈,…………感觉────,大崎甜花,【Fallin' Snow in】大崎 甜花,Fallin' Memory
大崎甜花\【Fallin' Snow in】大崎 甜花\Fallin' Memory.csv,28,3015014020260,甘奈,是啊……！？,大崎甜花,【Fallin' Snow in】大崎 甜花,Fallin' Memory
大崎甜花\【Fallin' Snow in】大崎 甜花\Fallin' Memory.csv,29,3015014020270,甘奈,小时候──,大崎甜花,【Fallin' Snow in】大崎 甜花,Fallin' Memory
大崎甜花\【Fallin' Snow in】大崎 甜花\Fallin' Memory.csv,30,3015014020280,甘奈,"光是看到下雪就开心得，
跑来跑去的……！",大崎甜花,【Fallin' Snow in】大崎 甜花,Fallin' Memory
大崎甜花\【Fallin' Snow in】大崎 甜花\Fallin' Memory.csv,32,3015014020300,甘奈,真怀念……！,大崎甜花,【Fallin' Snow in】大崎 甜花,Fallin' Memory
大崎甜花\【Fallin' Snow in】大崎 甜花\Fallin' Memory.csv,33,3015014020310,甘奈,,大崎甜花,【Fallin' Snow in】大崎 甜花,Fallin' Memory
大崎甜花\【Fallin' Snow in】大崎 甜花\Fallin' Memory.csv,36,3015014020340,甘奈,,大崎甜花,【Fallin' Snow in】大崎 甜花,Fallin' Memory
大崎甜花\【Fallin' Snow in】大崎 甜花\Fallin' Memory.csv,37,3015014020350,甘奈,甜、甜花……！？,大崎甜花,【Fallin' Snow in】大崎 甜花,Fallin' Memory
大崎甜花\【Fallin' Snow in】大崎 甜花\Fallin' Memory.csv,38,3015014020360,甘奈,,大崎甜花,【Fallin' Snow in】大崎 甜花,Fallin' Memory
大崎甜花\【Fallin' Snow in】大崎 甜花\Fallin' Memory.csv,39,3015014020370,甘奈,哇……────！,大崎甜花,【Fallin' Snow in】大崎 甜花,Fallin' Memory
大崎甜花\【Fallin' Snow in】大崎 甜花\Fallin' Memory.csv,41,3015014020390,甘奈,诶嘿嘿……！,大崎甜花,【Fallin' Snow in】大崎 甜花,Fallin' Memory
大崎甜花\【Fallin' Snow in】大崎 甜花\Fallin' Memory.csv,42,3015014020391,甘奈＆甜花,哇────────っ…………！,大崎甜花,【Fallin' Snow in】大崎 甜花,Fallin' Memory
大崎甜花\【Fallin' Snow in】大崎 甜花\Fallin' Memory.csv,43,3015014020400,甘奈,……哈……！,大崎甜花,【Fallin' Snow in】大崎 甜花,Fallin' Memory
大崎甜花\【Fallin' Snow in】大崎 甜花\Fallin' Memory.csv,44,3015014020410,甘奈,……真是的，甜花！,大崎甜花,【Fallin' Snow in】大崎 甜花,Fallin' Memory
大崎甜花\【Fallin' Snow in】大崎 甜花\Fallin' Memory.csv,45,3015014020420,甘奈,"刚才还说，
动不起来的～",大崎甜花,【Fallin' Snow in】大崎 甜花,Fallin' Memory
大崎甜花\【Fallin' Snow in】大崎 甜花\Fallin' Memory.csv,48,3015014020450,甘奈,──对了！,大崎甜花,【Fallin' Snow in】大崎 甜花,Fallin' Memory
大崎甜花\【Fallin' Snow in】大崎 甜花\Fallin' Memory.csv,49,3015014020460,甘奈,"要不！
就这样比赛看谁先到事务所，怎么样？",大崎甜花,【Fallin' Snow in】大崎 甜花,Fallin' Memory
大崎甜花\【Fallin' Snow in】大崎 甜花\Fallin' Memory.csv,50,3015014020470,甘奈,"这样的话，
商谈可能也不会迟到！",大崎甜花,【Fallin' Snow in】大崎 甜花,Fallin' Memory
大崎甜花\【Fallin' Snow in】大崎 甜花\Fallin' Memory.csv,53,3015014020500,甘奈,"诶？
才没有这种事呢～！",大崎甜花,【Fallin' Snow in】大崎 甜花,Fallin' Memory
大崎甜花\【Fallin' Snow in】大崎 甜花\Fallin' Memory.csv,54,3015014020501,甘奈＆甜花,欸嘿嘿……！,大崎甜花,【Fallin' Snow in】大崎 甜花,Fallin' Memory
大崎甜花\【Fallin' Snow in】大崎 甜花\Winter Story.csv,14,3015014010130,甘奈,"甜花！
我回来了～",大崎甜花,【Fallin' Snow in】大崎 甜花,Winter Story
大崎甜花\【Fallin' Snow in】大崎 甜花\Winter Story.csv,17,3015014010160,甘奈,嗯～？,大崎甜花,【Fallin' Snow in】大崎 甜花,Winter Story
大崎甜花\【Fallin' Snow in】大崎 甜花\Winter Story.csv,19,3015014010180,甘奈,"诶嘿嘿
完全没问题☆",大崎甜花,【Fallin' Snow in】大崎 甜花,Winter Story
大崎甜花\【Fallin' Snow in】大崎 甜花\Winter Story.csv,22,3015014010210,甘奈,"嗯
是的哦～",大崎甜花,【Fallin' Snow in】大崎 甜花,Winter Story
大崎甜花\【Fallin' Snow in】大崎 甜花\Winter Story.csv,26,3015014010250,甘奈,"嗯！
虽然确实是这样～",大崎甜花,【Fallin' Snow in】大崎 甜花,Winter Story
大崎甜花\【Fallin' Snow in】大崎 甜花\Winter Story.csv,27,3015014010260,甘奈,"一直放在购物车里的
因为打折变便宜了，就买了～！",大崎甜花,【Fallin' Snow in】大崎 甜花,Winter Story
大崎甜花\【Fallin' Snow in】大崎 甜花\Winter Story.csv,30,3015014010290,甘奈,甜花的话，不会想要新的东西吗？,大崎甜花,【Fallin' Snow in】大崎 甜花,Winter Story
大崎甜花\【Fallin' Snow in】大崎 甜花\Winter Story.csv,34,3015014010330,甘奈,"诶
这样的吗？",大崎甜花,【Fallin' Snow in】大崎 甜花,Winter Story
大崎甜花\【Fallin' Snow in】大崎 甜花\Winter Story.csv,38,3015014010370,甘奈,,大崎甜花,【Fallin' Snow in】大崎 甜花,Winter Story
大崎甜花\【Fallin' Snow in】大崎 甜花\Winter Story.csv,39,3015014010380,甘奈,"那么那么
甜花也买一个新的吧～！",大崎甜花,【Fallin' Snow in】大崎 甜花,Winter Story
大崎甜花\【Fallin' Snow in】大崎 甜花\Winter Story.csv,40,3015014010390,甘奈,"甘奈用的购物网站，
现在还在打折中！",大崎甜花,【Fallin' Snow in】大崎 甜花,Winter Story
大崎甜花\【Fallin' Snow in】大崎 甜花\Winter Story.csv,42,3015014010410,甘奈,"我看看……
手套的话──",大崎甜花,【Fallin' Snow in】大崎 甜花,Winter Story
大崎甜花\【Fallin' Snow in】大崎 甜花\Winter Story.csv,43,3015014010420,甘奈,"嗯
依甘奈看来，适合甜花的是……",大崎甜花,【Fallin' Snow in】大崎 甜花,Winter Story
大崎甜花\【Fallin' Snow in】大崎 甜花\Winter Story.csv,46,3015014010450,甘奈,诶嘿嘿，真是会让人犹豫呢～！,大崎甜花,【Fallin' Snow in】大崎 甜花,Winter Story
大崎甜花\【Fallin' Snow in】大崎 甜花\Winter Story.csv,47,3015014010460,甘奈,"──抱歉！
都没问甜花想要，什么样的！",大崎甜花,【Fallin' Snow in】大崎 甜花,Winter Story
大崎甜花\【Fallin' Snow in】大崎 甜花\Winter Story.csv,48,3015014010470,甘奈,"有什么想要的……
颜色或者外形吗？",大崎甜花,【Fallin' Snow in】大崎 甜花,Winter Story
大崎甜花\【Fallin' Snow in】大崎 甜花\Winter Story.csv,51,3015014010500,甘奈,"好的！
那么，等等我去搜索一下？",大崎甜花,【Fallin' Snow in】大崎 甜花,Winter Story
大崎甜花\【Fallin' Snow in】大崎 甜花\Winter Story.csv,52,3015014010510,甘奈,"能够让，甜花在冬天出门也能
非常快乐的东西",大崎甜花,【Fallin' Snow in】大崎 甜花,Winter Story
大崎甜花\【Summer for Us】大崎甜花\Me & You.csv,4,3015010020030,甘奈,装一袋，然后两个人分吧~！,大崎甜花,【Summer for Us】大崎甜花,Me & You
大崎甜花\【Summer for Us】大崎甜花\Me & You.csv,8,3015010020070,甘奈,嗯~？,大崎甜花,【Summer for Us】大崎甜花,Me & You
大崎甜花\【Summer for Us】大崎甜花\Me & You.csv,10,3015010020090,甘奈,"哇——！
吃不完就带回去吧？ 好吗？",大崎甜花,【Summer for Us】大崎甜花,Me & You
大崎甜花\【Summer for Us】大崎甜花\Me & You.csv,14,3015010020130,甘奈,没卖完真是太好了☆,大崎甜花,【Summer for Us】大崎甜花,Me & You
大崎甜花\【Summer for Us】大崎甜花\Me & You.csv,15,3015010020140,甘奈,"啊~……！ 吃了感觉很可惜，
可是化掉也一样很可惜呢~",大崎甜花,【Summer for Us】大崎甜花,Me & You
大崎甜花\【Summer for Us】大崎甜花\Me & You.csv,18,3015010020170,甘奈,哇，可能会……！？,大崎甜花,【Summer for Us】大崎甜花,Me & You
大崎甜花\【Summer for Us】大崎甜花\Me & You.csv,19,3015010020180,甘奈,"甜花先吃一口？
然后，甘奈拍张照片给你看！",大崎甜花,【Summer for Us】大崎甜花,Me & You
大崎甜花\【Summer for Us】大崎甜花\Me & You.csv,21,3015010020200,甘奈,"没关系啦~
甜花舌头变成彩虹色也很可爱——☆",大崎甜花,【Summer for Us】大崎甜花,Me & You
大崎甜花\【Summer for Us】大崎甜花\Me & You.csv,23,3015010020220,甘奈,呼~……,大崎甜花,【Summer for Us】大崎甜花,Me & You
大崎甜花\【Summer for Us】大崎甜花\Me & You.csv,24,3015010020230,甘奈,买了很多呢~,大崎甜花,【Summer for Us】大崎甜花,Me & You
大崎甜花\【Summer for Us】大崎甜花\Me & You.csv,27,3015010020260,甘奈,"是啊~
晚饭，还吃得下吗？",大崎甜花,【Summer for Us】大崎甜花,Me & You
大崎甜花\【Summer for Us】大崎甜花\Me & You.csv,29,3015010020280,甘奈,"不愧是甜花！
真棒~☆",大崎甜花,【Summer for Us】大崎甜花,Me & You
大崎甜花\【Summer for Us】大崎甜花\Me & You.csv,31,3015010020300,甘奈,"甜花，
还有什么想吃的吗？",大崎甜花,【Summer for Us】大崎甜花,Me & You
大崎甜花\【Summer for Us】大崎甜花\Me & You.csv,34,3015010020330,甘奈,是吗~……,大崎甜花,【Summer for Us】大崎甜花,Me & You
大崎甜花\【Summer for Us】大崎甜花\Me & You.csv,35,3015010020340,甘奈,……那，回家吧？,大崎甜花,【Summer for Us】大崎甜花,Me & You
大崎甜花\【Summer for Us】大崎甜花\Me & You.csv,39,3015010020380,甘奈,,大崎甜花,【Summer for Us】大崎甜花,Me & You
大崎甜花\【Summer for Us】大崎甜花\Me & You.csv,40,3015010020390,甘奈,"——诶嘿嘿
嗯！",大崎甜花,【Summer for Us】大崎甜花,Me & You
大崎甜花\【Summer for Us】大崎甜花\Me & You.csv,41,3015010020400,甘奈,甘奈，也在想这个☆,大崎甜花,【Summer for Us】大崎甜花,Me & You
大崎甜花\【Summer for Us】大崎甜花\Me & You.csv,42,3015010020410,甘奈,"绕远路，一定
人也会比较少——",大崎甜花,【Summer for Us】大崎甜花,Me & You
大崎甜花\【Summer for Us】大崎甜花\Me & You.csv,44,3015010020430,甘奈,嗯？,大崎甜花,【Summer for Us】大崎甜花,Me & You
大崎甜花\【Summer for Us】大崎甜花\Me & You.csv,46,3015010020450,甘奈,"嗯
……这个，刚才好像讲过了吧？",大崎甜花,【Summer for Us】大崎甜花,Me & You
大崎甜花\【Summer for Us】大崎甜花\Me & You.csv,48,3015010020470,甘奈,"那——
“吃饱了呢”",大崎甜花,【Summer for Us】大崎甜花,Me & You
大崎甜花\【Summer for Us】大崎甜花\Me & You.csv,51,3015010020500,甘奈,诶嘿嘿，好开心☆,大崎甜花,【Summer for Us】大崎甜花,Me & You
大崎甜花\【Summer for Us】大崎甜花\Me & You.csv,53,3015010020520,甘奈,嗯！ 是夏天呢,大崎甜花,【Summer for Us】大崎甜花,Me & You
大崎甜花\【Summer for Us】大崎甜花\Together.csv,16,3015010010120,甘奈,"诶~？
彩虹色~？",大崎甜花,【Summer for Us】大崎甜花,Together
大崎甜花\【Summer for Us】大崎甜花\Together.csv,18,3015010010140,甘奈,"啊
甜花，早安",大崎甜花,【Summer for Us】大崎甜花,Together
大崎甜花\【Summer for Us】大崎甜花\Together.csv,20,3015010010160,甘奈,"嗯
刚回来",大崎甜花,【Summer for Us】大崎甜花,Together
大崎甜花\【Summer for Us】大崎甜花\Together.csv,22,3015010010180,甘奈,诶嘿嘿，回来了,大崎甜花,【Summer for Us】大崎甜花,Together
大崎甜花\【Summer for Us】大崎甜花\Together.csv,24,3015010010200,甘奈,就是啊，人超多的~,大崎甜花,【Summer for Us】大崎甜花,Together
大崎甜花\【Summer for Us】大崎甜花\Together.csv,25,3015010010210,甘奈,不过，因为是祭典！,大崎甜花,【Summer for Us】大崎甜花,Together
大崎甜花\【Summer for Us】大崎甜花\Together.csv,27,3015010010230,甘奈,"嗯，班上
也有很多人说要去",大崎甜花,【Summer for Us】大崎甜花,Together
大崎甜花\【Summer for Us】大崎甜花\Together.csv,28,3015010010240,甘奈,"可是甘奈，想着
如果没有甜花一起去祭典的话~就拒绝了他们",大崎甜花,【Summer for Us】大崎甜花,Together
大崎甜花\【Summer for Us】大崎甜花\Together.csv,31,3015010010270,甘奈,"啊，不是！
不是这样！",大崎甜花,【Summer for Us】大崎甜花,Together
大崎甜花\【Summer for Us】大崎甜花\Together.csv,32,3015010010280,甘奈,"……然后啊，刚才
看到了一个很小的小孩子拿着彩虹色的刨冰呢",大崎甜花,【Summer for Us】大崎甜花,Together
大崎甜花\【Summer for Us】大崎甜花\Together.csv,33,3015010010290,甘奈,"那个看起来超可爱的
果然还是想去祭典啊——",大崎甜花,【Summer for Us】大崎甜花,Together
大崎甜花\【Summer for Us】大崎甜花\Together.csv,36,3015010010320,甘奈,"啊，所以才说“彩虹色”啊！
诶嘿嘿，真可爱~",大崎甜花,【Summer for Us】大崎甜花,Together
大崎甜花\【Summer for Us】大崎甜花\Together.csv,40,3015010010360,甘奈,"嗯嗯
或许还有恶魔太郎的悠悠球呢☆",大崎甜花,【Summer for Us】大崎甜花,Together
大崎甜花\【Summer for Us】大崎甜花\Together.csv,43,3015010010381,甘奈＆甜花,,大崎甜花,【Summer for Us】大崎甜花,Together
大崎甜花\【Summer for Us】大崎甜花\Together.csv,44,3015010010390,甘奈,浴衣应该洗好了吧？,大崎甜花,【Summer for Us】大崎甜花,Together
大崎甜花\【Summer for Us】大崎甜花\Together.csv,46,3015010010410,甘奈,——要去？,大崎甜花,【Summer for Us】大崎甜花,Together
大崎甜花\【Summer for Us】大崎甜花\Together.csv,48,3015010010430,甘奈,那就快点准备☆,大崎甜花,【Summer for Us】大崎甜花,Together
大崎甜花\【Summer for Us】大崎甜花\Together.csv,51,3015010010460,甘奈,"真是，甜花
甘奈会帮你穿好的~！",大崎甜花,【Summer for Us】大崎甜花,Together
大崎甜花\【Summer for Us】大崎甜花\Together.csv,54,3015010010471,甘奈＆甜花,好——！,大崎甜花,【Summer for Us】大崎甜花,Together
大崎甜花\【かしまし、みっつ願いごと】大崎甜花\扇に梅、花車の蝶、重ね熨斗と桜.csv,2,3015006030010,甘奈,哇有好多漂亮的和服！,大崎甜花,【かしまし、みっつ願いごと】大崎甜花,扇に梅、花車の蝶、重ね熨斗と桜
大崎甜花\【かしまし、みっつ願いごと】大崎甜花\扇に梅、花車の蝶、重ね熨斗と桜.csv,7,3015006030060,甘奈,这家店是甜花查到的吗,大崎甜花,【かしまし、みっつ願いごと】大崎甜花,扇に梅、花車の蝶、重ね熨斗と桜
大崎甜花\【かしまし、みっつ願いごと】大崎甜花\扇に梅、花車の蝶、重ね熨斗と桜.csv,11,3015006030100,甘奈,甜花,大崎甜花,【かしまし、みっつ願いごと】大崎甜花,扇に梅、花車の蝶、重ね熨斗と桜
大崎甜花\【かしまし、みっつ願いごと】大崎甜花\扇に梅、花車の蝶、重ね熨斗と桜.csv,12,3015006030110,甘奈,谢谢你，甜花，甘奈我很高兴哦！,大崎甜花,【かしまし、みっつ願いごと】大崎甜花,扇に梅、花車の蝶、重ね熨斗と桜
大崎甜花\【かしまし、みっつ願いごと】大崎甜花\扇に梅、花車の蝶、重ね熨斗と桜.csv,15,3015006030140,甘奈,嗯嗯！太多款式了，都不知道选哪一件好了~,大崎甜花,【かしまし、みっつ願いごと】大崎甜花,扇に梅、花車の蝶、重ね熨斗と桜
大崎甜花\【かしまし、みっつ願いごと】大崎甜花\扇に梅、花車の蝶、重ね熨斗と桜.csv,17,3015006030160,甘奈,"那么我们一起选吧！
我会帮甜花选出最搭的那款的！",大崎甜花,【かしまし、みっつ願いごと】大崎甜花,扇に梅、花車の蝶、重ね熨斗と桜
大崎甜花\【かしまし、みっつ願いごと】大崎甜花\扇に梅、花車の蝶、重ね熨斗と桜.csv,18,3015006030170,甘奈,当然也包括千雪姐的那款哦☆,大崎甜花,【かしまし、みっつ願いごと】大崎甜花,扇に梅、花車の蝶、重ね熨斗と桜
大崎甜花\【かしまし、みっつ願いごと】大崎甜花\扇に梅、花車の蝶、重ね熨斗と桜.csv,21,3015006030200,甘奈,嗯……这款的花纹也很可爱……,大崎甜花,【かしまし、みっつ願いごと】大崎甜花,扇に梅、花車の蝶、重ね熨斗と桜
大崎甜花\【かしまし、みっつ願いごと】大崎甜花\扇に梅、花車の蝶、重ね熨斗と桜.csv,22,3015006030201,甘奈,哇，这个颜色也好漂亮！,大崎甜花,【かしまし、みっつ願いごと】大崎甜花,扇に梅、花車の蝶、重ね熨斗と桜
大崎甜花\【かしまし、みっつ願いごと】大崎甜花\扇に梅、花車の蝶、重ね熨斗と桜.csv,24,3015006030220,甘奈,嗯嗯，甜花有找到心仪的和服了吗,大崎甜花,【かしまし、みっつ願いごと】大崎甜花,扇に梅、花車の蝶、重ね熨斗と桜
大崎甜花\【かしまし、みっつ願いごと】大崎甜花\扇に梅、花車の蝶、重ね熨斗と桜.csv,28,3015006030260,甘奈,"这个大大的花朵图案，好可爱！
这是牡丹花吗？",大崎甜花,【かしまし、みっつ願いごと】大崎甜花,扇に梅、花車の蝶、重ね熨斗と桜
大崎甜花\【かしまし、みっつ願いごと】大崎甜花\扇に梅、花車の蝶、重ね熨斗と桜.csv,31,3015006030290,甘奈,"诶……！这朵牡丹花有什么含义呢？
这边的和那边的花是不是也有什么含义呢？",大崎甜花,【かしまし、みっつ願いごと】大崎甜花,扇に梅、花車の蝶、重ね熨斗と桜
大崎甜花\【かしまし、みっつ願いごと】大崎甜花\扇に梅、花車の蝶、重ね熨斗と桜.csv,33,3015006030310,甘奈,"甘奈也要去查，知道含义的话
就能更加地享受选和服的过程了☆",大崎甜花,【かしまし、みっつ願いごと】大崎甜花,扇に梅、花車の蝶、重ね熨斗と桜
大崎甜花\【かしまし、みっつ願いごと】大崎甜花\扇に梅、花車の蝶、重ね熨斗と桜.csv,34,3015006030320,甘奈,和服不仅是可爱，而且还有各种各样的含义呢！,大崎甜花,【かしまし、みっつ願いごと】大崎甜花,扇に梅、花車の蝶、重ね熨斗と桜
大崎甜花\【かしまし、みっつ願いごと】大崎甜花\扇に梅、花車の蝶、重ね熨斗と桜.csv,40,3015006030380,甘奈,甜花，你肚子那里会不会感觉太勒了？,大崎甜花,【かしまし、みっつ願いごと】大崎甜花,扇に梅、花車の蝶、重ね熨斗と桜
大崎甜花\【かしまし、みっつ願いごと】大崎甜花\扇に梅、花車の蝶、重ね熨斗と桜.csv,43,3015006030410,甘奈,"我懂我懂！
呐呐，我们快点出去玩吧☆",大崎甜花,【かしまし、みっつ願いごと】大崎甜花,扇に梅、花車の蝶、重ね熨斗と桜
大崎甜花\【かしまし、みっつ願いごと】大崎甜花\扇に梅、花車の蝶、重ね熨斗と桜.csv,45,3015006030430,甘奈,"穿着和服在正月的街上行走的话
感觉会非常地心动不已呢！",大崎甜花,【かしまし、みっつ願いごと】大崎甜花,扇に梅、花車の蝶、重ね熨斗と桜
大崎甜花\【かしまし、みっつ願いごと】大崎甜花\扇に梅、花車の蝶、重ね熨斗と桜.csv,46,3015006030440,甘奈,"既然都穿好和服了
接下来我们就出发吧！",大崎甜花,【かしまし、みっつ願いごと】大崎甜花,扇に梅、花車の蝶、重ね熨斗と桜
大崎甜花\【かしまし、みっつ願いごと】大崎甜花\扇に梅、花車の蝶、重ね熨斗と桜.csv,50,3015006030480,甘奈,"这个时间段的话，人应该还有很多
没关系吗？",大崎甜花,【かしまし、みっつ願いごと】大崎甜花,扇に梅、花車の蝶、重ね熨斗と桜
大崎甜花\【かしまし、みっつ願いごと】大崎甜花\扇に梅、花車の蝶、重ね熨斗と桜.csv,54,3015006030520,甘奈,甜花……,大崎甜花,【かしまし、みっつ願いごと】大崎甜花,扇に梅、花車の蝶、重ね熨斗と桜
大崎甜花\【かしまし、みっつ願いごと】大崎甜花\扇に梅、花車の蝶、重ね熨斗と桜.csv,55,3015006030530,甘奈,说的对！现在我们是无所不能的☆,大崎甜花,【かしまし、みっつ願いごと】大崎甜花,扇に梅、花車の蝶、重ね熨斗と桜
大崎甜花\【かしまし、みっつ願いごと】大崎甜花\甘い幸せ、３人前。.csv,4,3015006020030,甘奈,"啊，有新年大减价的活动！
那个包包超可爱呀~☆",大崎甜花,【かしまし、みっつ願いごと】大崎甜花,甘い幸せ、３人前。
大崎甜花\【かしまし、みっつ願いごと】大崎甜花\甘い幸せ、３人前。.csv,7,3015006020060,甘奈,"真的哦！超可爱啊~☆
放在事务所的话感觉会很合适！",大崎甜花,【かしまし、みっつ願いごと】大崎甜花,甘い幸せ、３人前。
大崎甜花\【かしまし、みっつ願いごと】大崎甜花\甘い幸せ、３人前。.csv,8,3015006020070,甘奈,呐呐，甜花有想逛的地方吗？,大崎甜花,【かしまし、みっつ願いごと】大崎甜花,甘い幸せ、３人前。
大崎甜花\【かしまし、みっつ願いごと】大崎甜花\甘い幸せ、３人前。.csv,9,3015006020080,甘奈,"呃……啊！
甜花要被人群冲走了！",大崎甜花,【かしまし、みっつ願いごと】大崎甜花,甘い幸せ、３人前。
大崎甜花\【かしまし、みっつ願いごと】大崎甜花\甘い幸せ、３人前。.csv,11,3015006020100,甘奈,甜花，对不起啊！我们还是走慢点吧,大崎甜花,【かしまし、みっつ願いごと】大崎甜花,甘い幸せ、３人前。
大崎甜花\【かしまし、みっつ願いごと】大崎甜花\甘い幸せ、３人前。.csv,18,3015006020170,甘奈,哇哇，甜花！不要走这么快~,大崎甜花,【かしまし、みっつ願いごと】大崎甜花,甘い幸せ、３人前。
大崎甜花\【かしまし、みっつ願いごと】大崎甜花\甘い幸せ、３人前。.csv,20,3015006020190,甘奈,甜花……等等我~咦？这股甜甜的味道是？,大崎甜花,【かしまし、みっつ願いごと】大崎甜花,甘い幸せ、３人前。
大崎甜花\【かしまし、みっつ願いごと】大崎甜花\甘い幸せ、３人前。.csv,23,3015006020220,甘奈,"原来是这个味道啊
说是关西风味的年糕小豆粥哦！",大崎甜花,【かしまし、みっつ願いごと】大崎甜花,甘い幸せ、３人前。
大崎甜花\【かしまし、みっつ願いごと】大崎甜花\甘い幸せ、３人前。.csv,27,3015006020260,甘奈,甘奈也想吃啊☆那么年糕小豆粥三份,大崎甜花,【かしまし、みっつ願いごと】大崎甜花,甘い幸せ、３人前。
大崎甜花\【かしまし、みっつ願いごと】大崎甜花\甘い幸せ、３人前。.csv,30,3015006020290,甘奈,Share?,大崎甜花,【かしまし、みっつ願いごと】大崎甜花,甘い幸せ、３人前。
大崎甜花\【かしまし、みっつ願いごと】大崎甜花\甘い幸せ、３人前。.csv,33,3015006020320,甘奈,嗯！甘奈也赞成~☆,大崎甜花,【かしまし、みっつ願いごと】大崎甜花,甘い幸せ、３人前。
大崎甜花\【かしまし、みっつ願いごと】大崎甜花\甘い幸せ、３人前。.csv,34,3015006020330,甘奈,咦？嗯~分着吃年糕小豆粥的……,大崎甜花,【かしまし、みっつ願いごと】大崎甜花,甘い幸せ、３人前。
大崎甜花\【かしまし、みっつ願いごと】大崎甜花\甘い幸せ、３人前。.csv,36,3015006020350,甘奈,没什么，只是好像听过这个典故，还是说读过……？,大崎甜花,【かしまし、みっつ願いごと】大崎甜花,甘い幸せ、３人前。
大崎甜花\【かしまし、みっつ願いごと】大崎甜花\甘い幸せ、３人前。.csv,37,3015006020360,甘奈,"啊，对！是《夫妇善哉》
（注：《夫妇善哉》是织田作之助，于1940年出版的小说）",大崎甜花,【かしまし、みっつ願いごと】大崎甜花,甘い幸せ、３人前。
大崎甜花\【かしまし、みっつ願いごと】大崎甜花\甘い幸せ、３人前。.csv,46,3015006020450,甘奈,"虽然用同一碗分着来吃也行
但是分成三碗更像故事里说的那样",大崎甜花,【かしまし、みっつ願いごと】大崎甜花,甘い幸せ、３人前。
大崎甜花\【かしまし、みっつ願いごと】大崎甜花\重なる願い、３人分。.csv,6,3015006010050,甘奈,"千雪姐新快~☆
今年也请多多指教",大崎甜花,【かしまし、みっつ願いごと】大崎甜花,重なる願い、３人分。
大崎甜花\【かしまし、みっつ願いごと】大崎甜花\重なる願い、３人分。.csv,8,3015006010070,甘奈,天气真好，真是适合出门的日子呢~☆,大崎甜花,【かしまし、みっつ願いごと】大崎甜花,重なる願い、３人分。
大崎甜花\【かしまし、みっつ願いごと】大崎甜花\重なる願い、３人分。.csv,12,3015006010110,甘奈,"收到了，甜花
千雪姐，跟我们来",大崎甜花,【かしまし、みっつ願いごと】大崎甜花,重なる願い、３人分。
大崎甜花\【かしまし、みっつ願いごと】大崎甜花\重なる願い、３人分。.csv,14,3015006010130,甘奈,"说到新年的话
那肯定是离不开新年参拜~☆",大崎甜花,【かしまし、みっつ願いごと】大崎甜花,重なる願い、３人分。
大崎甜花\【かしまし、みっつ願いごと】大崎甜花\重なる願い、３人分。.csv,17,3015006010160,甘奈,但是，不单有祈求学业的神社，居然还有能祈求娱乐事业的神社呢,大崎甜花,【かしまし、みっつ願いごと】大崎甜花,重なる願い、３人分。
大崎甜花\【かしまし、みっつ願いごと】大崎甜花\重なる願い、３人分。.csv,20,3015006010190,甘奈,"甘奈我只是负责在后面看着而已
全靠甜花努力在网上查资料呢",大崎甜花,【かしまし、みっつ願いごと】大崎甜花,重なる願い、３人分。
大崎甜花\【かしまし、みっつ願いごと】大崎甜花\重なる願い、３人分。.csv,24,3015006010230,甘奈,啊，看到神社了！,大崎甜花,【かしまし、みっつ願いごと】大崎甜花,重なる願い、３人分。
大崎甜花\【かしまし、みっつ願いごと】大崎甜花\重なる願い、３人分。.csv,27,3015006010260,甘奈,今天人太多了，不如换一天再来？,大崎甜花,【かしまし、みっつ願いごと】大崎甜花,重なる願い、３人分。
大崎甜花\【かしまし、みっつ願いごと】大崎甜花\重なる願い、３人分。.csv,33,3015006010320,甘奈,啊！不如我们过一会再来吧，到时候人可能会少一点哦!,大崎甜花,【かしまし、みっつ願いごと】大崎甜花,重なる願い、３人分。
大崎甜花\【かしまし、みっつ願いごと】大崎甜花\重なる願い、３人分。.csv,36,3015006010350,甘奈,嗯！甘奈我也想悠闲地参拜呢☆,大崎甜花,【かしまし、みっつ願いごと】大崎甜花,重なる願い、３人分。
大崎甜花\【かしまし、みっつ願いごと】大崎甜花\重なる願い、３人分。.csv,40,3015006010390,甘奈,没错没错，甜花不用在意哦！,大崎甜花,【かしまし、みっつ願いごと】大崎甜花,重なる願い、３人分。
大崎甜花\【かしまし、みっつ願いごと】大崎甜花\重なる願い、３人分。.csv,41,3015006010400,甘奈,"啊！大家快看！那边有绘马哦！
机会难得，大家不如都写点什么吧？",大崎甜花,【かしまし、みっつ願いごと】大崎甜花,重なる願い、３人分。
大崎甜花\【かしまし、みっつ願いごと】大崎甜花\重なる願い、３人分。.csv,43,3015006010420,甘奈,"嗯嗯，现在就当做是来写绘马
等下再过去参拜就OK了☆",大崎甜花,【かしまし、みっつ願いごと】大崎甜花,重なる願い、３人分。
大崎甜花\【かしまし、みっつ願いごと】大崎甜花\重なる願い、３人分。.csv,45,3015006010440,甘奈,"也许，向神明多几次许愿
可能会更灵呢☆",大崎甜花,【かしまし、みっつ願いごと】大崎甜花,重なる願い、３人分。
大崎甜花\【かしまし、みっつ願いごと】大崎甜花\重なる願い、３人分。.csv,47,3015006010460,甘奈,决定了！那我们赶快去买绘马吧,大崎甜花,【かしまし、みっつ願いごと】大崎甜花,重なる願い、３人分。
大崎甜花\【かしまし、みっつ願いごと】大崎甜花\重なる願い、３人分。.csv,48,3015006010470,甘奈,啊，这样吧！不如我们在写好愿望之前，把内容先隐藏起来？,大崎甜花,【かしまし、みっつ願いごと】大崎甜花,重なる願い、３人分。
大崎甜花\【かしまし、みっつ願いごと】大崎甜花\重なる願い、３人分。.csv,52,3015006010510,甘奈,诶嘿嘿……要写什么好呢~,大崎甜花,【かしまし、みっつ願いごと】大崎甜花,重なる願い、３人分。
大崎甜花\【かしまし、みっつ願いごと】大崎甜花\重なる願い、３人分。.csv,56,3015006010550,甘奈,那么，倒数321，大家就一起打开吧☆,大崎甜花,【かしまし、みっつ願いごと】大崎甜花,重なる願い、３人分。
大崎甜花\【かしまし、みっつ願いごと】大崎甜花\重なる願い、３人分。.csv,60,3015006010580,甘奈,啊，你们的愿望和甘奈我一样呢！,大崎甜花,【かしまし、みっつ願いごと】大崎甜花,重なる願い、３人分。
大崎甜花\【かしまし、みっつ願いごと】大崎甜花\重なる願い、３人分。.csv,62,3015006010600,甘奈,"我认为这就是最好的愿望了☆
原来，大家也是这么想的啊",大崎甜花,【かしまし、みっつ願いごと】大崎甜花,重なる願い、３人分。
大崎甜花\【かしまし、みっつ願いごと】大崎甜花\重なる願い、３人分。.csv,63,3015006010610,甘奈,"这样的话愿望的力量就有3倍大了！
神明大人一定会帮我们实现愿望的！",大崎甜花,【かしまし、みっつ願いごと】大崎甜花,重なる願い、３人分。
大崎甜花\【アイ・セーブ・ユー】大崎甜花\SHOT！.csv,3,3015003010020,甘奈,"甜花心情挺好呢☆
在看什么？",大崎甜花,【アイ・セーブ・ユー】大崎甜花,SHOT！
大崎甜花\【アイ・セーブ・ユー】大崎甜花\SHOT！.csv,4,3015003010030,甘奈,啊，那个大头照，是之前大家一起拍的！,大崎甜花,【アイ・セーブ・ユー】大崎甜花,SHOT！
大崎甜花\【アイ・セーブ・ユー】大崎甜花\SHOT！.csv,6,3015003010050,甘奈,"拍得很好看呢~
看，甘奈也贴在手机壳上了☆",大崎甜花,【アイ・セーブ・ユー】大崎甜花,SHOT！
大崎甜花\【アイ・セーブ・ユー】大崎甜花\SHOT！.csv,8,3015003010070,甘奈,"锵——！
这个是甜花擅长的游戏！",大崎甜花,【アイ・セーブ・ユー】大崎甜花,SHOT！
大崎甜花\【アイ・セーブ・ユー】大崎甜花\SHOT！.csv,13,3015003010120,甘奈,"对了对了甜花，
给千雪看看甜花帅气的一面吧☆",大崎甜花,【アイ・セーブ・ユー】大崎甜花,SHOT！
大崎甜花\【アイ・セーブ・ユー】大崎甜花\SHOT！.csv,20,3015003010190,甘奈,"没关系！ 甜花超级擅长的！
甘奈也想看看两人玩游戏的样子~",大崎甜花,【アイ・セーブ・ユー】大崎甜花,SHOT！
大崎甜花\【アイ・セーブ・ユー】大崎甜花\SHOT！.csv,24,3015003010230,甘奈,"哇——，千雪好厉害！
1发就直击要害了！",大崎甜花,【アイ・セーブ・ユー】大崎甜花,SHOT！
大崎甜花\【アイ・セーブ・ユー】大崎甜花\SHOT！.csv,29,3015003010280,甘奈,"啊，千雪！？
前面来了，攻击攻击~！",大崎甜花,【アイ・セーブ・ユー】大崎甜花,SHOT！
大崎甜花\【アイ・セーブ・ユー】大崎甜花\SHOT！.csv,37,3015003010360,甘奈,"诶嘿嘿，两个人表情都很好看☆
而且甜花比平常更……",大崎甜花,【アイ・セーブ・ユー】大崎甜花,SHOT！
大崎甜花\【アイ・セーブ・ユー】大崎甜花\SHOT！.csv,38,3015003010370,甘奈,……啊，千雪危险！,大崎甜花,【アイ・セーブ・ユー】大崎甜花,SHOT！
大崎甜花\【アイ・セーブ・ユー】大崎甜花\SHOT！.csv,47,3015003010460,甘奈,"千雪辛苦了
对了，甜花玩得很厉害吧？",大崎甜花,【アイ・セーブ・ユー】大崎甜花,SHOT！
大崎甜花\【アイ・セーブ・ユー】大崎甜花\SHOT！.csv,49,3015003010480,甘奈,诶嘿嘿，听到这句话，甜花一定会很开心的☆,大崎甜花,【アイ・セーブ・ユー】大崎甜花,SHOT！
大崎甜花\【アイ・セーブ・ユー】大崎甜花\SHOT！.csv,52,3015003010510,甘奈,"嗯☆
甘奈也很喜欢甜花玩很好玩的游戏的表情！",大崎甜花,【アイ・セーブ・ユー】大崎甜花,SHOT！
大崎甜花\【アイ・セーブ・ユー】大崎甜花\SHOT！.csv,53,3015003010520,甘奈,"啊……
不过今天好像和平常不太一样？",大崎甜花,【アイ・セーブ・ユー】大崎甜花,SHOT！
大崎甜花\【アイ・セーブ・ユー】大崎甜花\SHOT！.csv,55,3015003010540,甘奈,"嗯！ 今天的甜花，好像比平常
更加开心的样子——！",大崎甜花,【アイ・セーブ・ユー】大崎甜花,SHOT！
大崎甜花\【アイ・セーブ・ユー】大崎甜花\SHOT！.csv,56,3015003010550,甘奈,一定是因为和千雪一起玩了吧？,大崎甜花,【アイ・セーブ・ユー】大崎甜花,SHOT！
大崎甜花\【アイ・セーブ・ユー】大崎甜花\SHOT！.csv,60,3015003010590,甘奈,"好厉害——！
今天状态比以往更好呢！",大崎甜花,【アイ・セーブ・ユー】大崎甜花,SHOT！
大崎甜花\【アイ・セーブ・ユー】大崎甜花\SHOT！.csv,63,3015003010620,甘奈,"接下来玩什么游戏呢？
这次甘奈也一起来玩吧~！",大崎甜花,【アイ・セーブ・ユー】大崎甜花,SHOT！
大崎甜花\【アイ・セーブ・ユー】大崎甜花\SHOT！.csv,66,3015003010650,甘奈,"呼……
玩了很多游戏呢！",大崎甜花,【アイ・セーブ・ユー】大崎甜花,SHOT！
大崎甜花\【アイ・セーブ・ユー】大崎甜花\SHOT！.csv,68,3015003010670,甘奈,"跳舞机也玩得很好呢！
大家都在看甘奈玩，吓了一跳呢☆",大崎甜花,【アイ・セーブ・ユー】大崎甜花,SHOT！
大崎甜花\【アイ・セーブ・ユー】大崎甜花\SHOT！.csv,70,3015003010690,甘奈,"……对了！
最后一起去拍大头照吧！",大崎甜花,【アイ・セーブ・ユー】大崎甜花,SHOT！
大崎甜花\【アイ・セーブ・ユー】大崎甜花\SHOT！.csv,74,3015003010730,甘奈,那就马上，Let's go——☆,大崎甜花,【アイ・セーブ・ユー】大崎甜花,SHOT！
大崎甜花\【アイ・セーブ・ユー】大崎甜花\世界にひとつの…….csv,2,3015003020010,甘奈,到达——☆,大崎甜花,【アイ・セーブ・ユー】大崎甜花,世界にひとつの……
大崎甜花\【アイ・セーブ・ユー】大崎甜花\世界にひとつの…….csv,5,3015003020040,甘奈,"嗯！ 这里面也摆了很多
那家书咖里有的和风的小饰品~",大崎甜花,【アイ・セーブ・ユー】大崎甜花,世界にひとつの……
大崎甜花\【アイ・セーブ・ユー】大崎甜花\世界にひとつの…….csv,6,3015003020050,甘奈,"这里的话，就一定会卖
千雪会喜欢，还很适合配浴衣的小东西呢☆",大崎甜花,【アイ・セーブ・ユー】大崎甜花,世界にひとつの……
大崎甜花\【アイ・セーブ・ユー】大崎甜花\世界にひとつの…….csv,8,3015003020070,甘奈,"一定有☆
还有很多可爱的发簪和饰带……",大崎甜花,【アイ・セーブ・ユー】大崎甜花,世界にひとつの……
大崎甜花\【アイ・セーブ・ユー】大崎甜花\世界にひとつの…….csv,11,3015003020100,甘奈,"嗯嗯☆ 一定一定是超级可爱的！
毫无疑问会是祭典的主角！",大崎甜花,【アイ・セーブ・ユー】大崎甜花,世界にひとつの……
大崎甜花\【アイ・セーブ・ユー】大崎甜花\世界にひとつの…….csv,12,3015003020110,甘奈,好期待祭典呀……,大崎甜花,【アイ・セーブ・ユー】大崎甜花,世界にひとつの……
大崎甜花\【アイ・セーブ・ユー】大崎甜花\世界にひとつの…….csv,14,3015003020130,甘奈,不过，一直说话的话就没时间了！,大崎甜花,【アイ・セーブ・ユー】大崎甜花,世界にひとつの……
大崎甜花\【アイ・セーブ・ユー】大崎甜花\世界にひとつの…….csv,15,3015003020140,甘奈,"好！
甜花，分头找吧！",大崎甜花,【アイ・セーブ・ユー】大崎甜花,世界にひとつの……
大崎甜花\【アイ・セーブ・ユー】大崎甜花\世界にひとつの…….csv,16,3015003020150,甘奈,"甘奈去里面看看，
拜托甜花看前面的",大崎甜花,【アイ・セーブ・ユー】大崎甜花,世界にひとつの……
大崎甜花\【アイ・セーブ・ユー】大崎甜花\世界にひとつの…….csv,17,3015003020160,甘奈,"找到不错的之后
再来给对方看看吧☆",大崎甜花,【アイ・セーブ・ユー】大崎甜花,世界にひとつの……
大崎甜花\【アイ・セーブ・ユー】大崎甜花\世界にひとつの…….csv,19,3015003020180,甘奈,不用想得太复杂啦！,大崎甜花,【アイ・セーブ・ユー】大崎甜花,世界にひとつの……
大崎甜花\【アイ・セーブ・ユー】大崎甜花\世界にひとつの…….csv,20,3015003020190,甘奈,"甜花只要想着希望千雪能戴上的东西
再去选就可以了",大崎甜花,【アイ・セーブ・ユー】大崎甜花,世界にひとつの……
大崎甜花\【アイ・セーブ・ユー】大崎甜花\世界にひとつの…….csv,22,3015003020210,甘奈,"嗯！
祝好运，甜花☆",大崎甜花,【アイ・セーブ・ユー】大崎甜花,世界にひとつの……
大崎甜花\【アイ・セーブ・ユー】大崎甜花\世界にひとつの…….csv,31,3015003020300,甘奈,甜花久等了！,大崎甜花,【アイ・セーブ・ユー】大崎甜花,世界にひとつの……
大崎甜花\【アイ・セーブ・ユー】大崎甜花\世界にひとつの…….csv,33,3015003020320,甘奈,"有很多好看的，就选了一堆~！
看！",大崎甜花,【アイ・セーブ・ユー】大崎甜花,世界にひとつの……
大崎甜花\【アイ・セーブ・ユー】大崎甜花\世界にひとつの…….csv,35,3015003020340,甘奈,"因为每个都很适合千雪嘛！
实在没办法挑一个出来~！",大崎甜花,【アイ・セーブ・ユー】大崎甜花,世界にひとつの……
大崎甜花\【アイ・セーブ・ユー】大崎甜花\世界にひとつの…….csv,37,3015003020360,甘奈,诶嘿嘿☆　谢谢！,大崎甜花,【アイ・セーブ・ユー】大崎甜花,世界にひとつの……
大崎甜花\【アイ・セーブ・ユー】大崎甜花\世界にひとつの…….csv,38,3015003020370,甘奈,"然后还选了适合千雪的之外的，
很多可爱的饰品！",大崎甜花,【アイ・セーブ・ユー】大崎甜花,世界にひとつの……
大崎甜花\【アイ・セーブ・ユー】大崎甜花\世界にひとつの…….csv,39,3015003020380,甘奈,甜花有找到不错的吗？,大崎甜花,【アイ・セーブ・ユー】大崎甜花,世界にひとつの……
大崎甜花\【アイ・セーブ・ユー】大崎甜花\世界にひとつの…….csv,41,3015003020400,甘奈,哇……,大崎甜花,【アイ・セーブ・ユー】大崎甜花,世界にひとつの……
大崎甜花\【アイ・セーブ・ユー】大崎甜花\世界にひとつの…….csv,43,3015003020420,甘奈,"甜花！ 这个超可爱的！
这个看上去，就很适合千雪！",大崎甜花,【アイ・セーブ・ユー】大崎甜花,世界にひとつの……
大崎甜花\【アイ・セーブ・ユー】大崎甜花\世界にひとつの…….csv,47,3015003020460,甘奈,"嗯嗯！ 甜花选的那个发饰，
一定很适合千雪~☆",大崎甜花,【アイ・セーブ・ユー】大崎甜花,世界にひとつの……
大崎甜花\【アイ・セーブ・ユー】大崎甜花\世界にひとつの…….csv,48,3015003020470,甘奈,"而且而且，这还是甜花努力选出来的
千雪也一定会高兴的！",大崎甜花,【アイ・セーブ・ユー】大崎甜花,世界にひとつの……
大崎甜花\【アイ・セーブ・ユー】大崎甜花\世界にひとつの…….csv,51,3015003020500,甘奈,"诶，是吗？ 明明已经很可爱了……
嗯——……",大崎甜花,【アイ・セーブ・ユー】大崎甜花,世界にひとつの……
大崎甜花\【アイ・セーブ・ユー】大崎甜花\世界にひとつの…….csv,52,3015003020510,甘奈,……啊！ 对了！,大崎甜花,【アイ・セーブ・ユー】大崎甜花,世界にひとつの……
大崎甜花\【アイ・セーブ・ユー】大崎甜花\世界にひとつの…….csv,53,3015003020520,甘奈,"对了甜花，
甜花找到的这个，和甘奈找到的别的……",大崎甜花,【アイ・セーブ・ユー】大崎甜花,世界にひとつの……
大崎甜花\【アイ・セーブ・ユー】大崎甜花\世界にひとつの…….csv,54,3015003020530,甘奈,"这个！ 刚还在想这个
不太搭千雪……",大崎甜花,【アイ・セーブ・ユー】大崎甜花,世界にひとつの……
大崎甜花\【アイ・セーブ・ユー】大崎甜花\世界にひとつの…….csv,55,3015003020540,甘奈,"看，像这样把这两个组合起来，
不觉得会更好吗！？",大崎甜花,【アイ・セーブ・ユー】大崎甜花,世界にひとつの……
大崎甜花\【アイ・セーブ・ユー】大崎甜花\世界にひとつの…….csv,57,3015003020560,甘奈,"因为甜花说了“可以变得更好看”啊
这个想法，真是天才☆",大崎甜花,【アイ・セーブ・ユー】大崎甜花,世界にひとつの……
大崎甜花\【アイ・セーブ・ユー】大崎甜花\世界にひとつの…….csv,59,3015003020580,甘奈,"而且……
这样这个发饰，就会变成世上独一无二的礼物了呢☆",大崎甜花,【アイ・セーブ・ユー】大崎甜花,世界にひとつの……
大崎甜花\【アイ・セーブ・ユー】大崎甜花\世界にひとつの…….csv,61,3015003020600,甘奈,"嗯！ 甘奈虽然不能像千雪那样，
自己手工做小东西……",大崎甜花,【アイ・セーブ・ユー】大崎甜花,世界にひとつの……
大崎甜花\【アイ・セーブ・ユー】大崎甜花\世界にひとつの…….csv,62,3015003020610,甘奈,"但这个发饰，是甜花和甘奈两个人找到的，
哪里都没有卖的，仅此一个的发饰☆",大崎甜花,【アイ・セーブ・ユー】大崎甜花,世界にひとつの……
大崎甜花\【アイ・セーブ・ユー】大崎甜花\世界にひとつの…….csv,65,3015003020640,甘奈,"那……
礼物就决定是这个了！",大崎甜花,【アイ・セーブ・ユー】大崎甜花,世界にひとつの……
大崎甜花\【キュン！とwith us】大崎甜花\キューン.csv,3,3015012030020,甘奈,呜啊？,大崎甜花,【キュン！とwith us】大崎甜花,キューン
大崎甜花\【キュン！とwith us】大崎甜花\キューン.csv,6,3015012030050,甘奈,"甜花～！
『嘎哦』的话更像狐狸吧～",大崎甜花,【キュン！とwith us】大崎甜花,キューン
大崎甜花\【キュン！とwith us】大崎甜花\キューン.csv,10,3015012030090,甘奈,"确实，从来没听过
貉的叫声……！",大崎甜花,【キュン！とwith us】大崎甜花,キューン
大崎甜花\【キュン！とwith us】大崎甜花\キューン.csv,11,3015012030100,甘奈,"嗯～呜
到网上查也没个具体说法～",大崎甜花,【キュン！とwith us】大崎甜花,キューン
大崎甜花\【キュン！とwith us】大崎甜花\キューン.csv,12,3015012030110,甘奈,“呜”和“桀”之类的，说法很多,大崎甜花,【キュン！とwith us】大崎甜花,キューン
大崎甜花\【キュン！とwith us】大崎甜花\キューン.csv,15,3015012030140,甘奈,"啊，但是
也有说是“啾”的！",大崎甜花,【キュン！とwith us】大崎甜花,キューン
大崎甜花\【キュン！とwith us】大崎甜花\キューン.csv,17,3015012030160,甘奈,是吧～,大崎甜花,【キュン！とwith us】大崎甜花,キューン
大崎甜花\【キュン！とwith us】大崎甜花\キューン.csv,19,3015012030180,甘奈,啾！,大崎甜花,【キュン！とwith us】大崎甜花,キューン
大崎甜花\【キュン！とwith us】大崎甜花\キューン.csv,23,3015012030220,甘奈,"嗯！
虽然是这样说",大崎甜花,【キュン！とwith us】大崎甜花,キューン
大崎甜花\【キュン！とwith us】大崎甜花\キューン.csv,24,3015012030230,甘奈,"但是我们，
是“貉变成的女孩子”哦？",大崎甜花,【キュン！とwith us】大崎甜花,キューン
大崎甜花\【キュン！とwith us】大崎甜花\キューン.csv,30,3015012030290,甘奈,"那么
我们今天难道是，要当坏人吗？",大崎甜花,【キュン！とwith us】大崎甜花,キューン
大崎甜花\【キュン！とwith us】大崎甜花\キューン.csv,38,3015012030361,甘奈＆甜花,啾……！,大崎甜花,【キュン！とwith us】大崎甜花,キューン
大崎甜花\【キュン！とwith us】大崎甜花\キューン.csv,41,3015012030390,甘奈,"我～觉得！
会想跟人类的小孩一起玩，之类的！",大崎甜花,【キュン！とwith us】大崎甜花,キューン
大崎甜花\【キュン！とwith us】大崎甜花\キューン.csv,50,3015012030441,甘奈＆甜花,嗯……！,大崎甜花,【キュン！とwith us】大崎甜花,キューン
大崎甜花\【キュン！とwith us】大崎甜花\キューン.csv,52,3015012030460,甘奈,到这来！,大崎甜花,【キュン！とwith us】大崎甜花,キューン
大崎甜花\【キュン！とwith us】大崎甜花\天高く.csv,2,3015012010010,甘奈,──嗯～……！,大崎甜花,【キュン！とwith us】大崎甜花,天高く
大崎甜花\【キュン！とwith us】大崎甜花\天高く.csv,3,3015012010020,甘奈,"哈啊……！
真舒服呢～!",大崎甜花,【キュン！とwith us】大崎甜花,天高く
大崎甜花\【キュン！とwith us】大崎甜花\天高く.csv,10,3015012010090,甘奈,是“马肥”哦～甜花！,大崎甜花,【キュン！とwith us】大崎甜花,天高く
大崎甜花\【キュン！とwith us】大崎甜花\天高く.csv,15,3015012010140,甘奈,"──啊，已经这个时候了～
时间过得真快……",大崎甜花,【キュン！とwith us】大崎甜花,天高く
大崎甜花\【キュン！とwith us】大崎甜花\天高く.csv,25,3015012010180,甘奈,"欸～！
可以收下吗……！",大崎甜花,【キュン！とwith us】大崎甜花,天高く
大崎甜花\【キュン！とwith us】大崎甜花\天高く.csv,45,3015012010330,甘奈,甜，甜花……！,大崎甜花,【キュン！とwith us】大崎甜花,天高く
大崎甜花\【キュン！とwith us】大崎甜花\天高く.csv,50,3015012010361,甘奈＆千雪,,大崎甜花,【キュン！とwith us】大崎甜花,天高く
大崎甜花\【キュン！とwith us】大崎甜花\天高く.csv,52,3015012010371,甘奈＆千雪,……真是的～！,大崎甜花,【キュン！とwith us】大崎甜花,天高く
大崎甜花\【キュン！とwith us】大崎甜花\天高く.csv,53,3015012010372,甘奈＆千雪,甜花～……！,大崎甜花,【キュン！とwith us】大崎甜花,天高く
大崎甜花\【キュン！とwith us】大崎甜花\罪って感じで.csv,26,3015012020250,甘奈,……甜花……？,大崎甜花,【キュン！とwith us】大崎甜花,罪って感じで
大崎甜花\【キュン！とwith us】大崎甜花\罪って感じで.csv,30,3015012020290,甘奈,"欸～？
我想的什么？",大崎甜花,【キュン！とwith us】大崎甜花,罪って感じで
大崎甜花\【キュン！とwith us】大崎甜花\罪って感じで.csv,32,3015012020310,甘奈,啊哈哈,大崎甜花,【キュン！とwith us】大崎甜花,罪って感じで
大崎甜花\【キュン！とwith us】大崎甜花\罪って感じで.csv,34,3015012020330,甘奈,甜花，是在吃夜宵吗？,大崎甜花,【キュン！とwith us】大崎甜花,罪って感じで
大崎甜花\【キュン！とwith us】大崎甜花\罪って感じで.csv,38,3015012020370,甘奈,"哎！
自己做的吗！？　好厉害！",大崎甜花,【キュン！とwith us】大崎甜花,罪って感じで
大崎甜花\【キュン！とwith us】大崎甜花\罪って感じで.csv,41,3015012020400,甘奈,──但是，甜花,大崎甜花,【キュン！とwith us】大崎甜花,罪って感じで
大崎甜花\【キュン！とwith us】大崎甜花\罪って感じで.csv,43,3015012020420,甘奈,之前也被服装师给说了,大崎甜花,【キュン！とwith us】大崎甜花,罪って感じで
大崎甜花\【キュン！とwith us】大崎甜花\罪って感じで.csv,44,3015012020430,甘奈,"要注意不能，
吃太多哦～？",大崎甜花,【キュン！とwith us】大崎甜花,罪って感じで
大崎甜花\【キュン！とwith us】大崎甜花\罪って感じで.csv,46,3015012020450,甘奈,"但是～，真香啊！
很好吃的感觉～",大崎甜花,【キュン！とwith us】大崎甜花,罪って感じで
大崎甜花\【キュン！とwith us】大崎甜花\罪って感じで.csv,48,3015012020470,甘奈,"欸嘿嘿
那么，就给我吃一口吧。",大崎甜花,【キュン！とwith us】大崎甜花,罪って感じで
大崎甜花\【キュン！とwith us】大崎甜花\罪って感じで.csv,49,3015012020480,甘奈,"这样的话甘奈
就当做，没看见过这回事",大崎甜花,【キュン！とwith us】大崎甜花,罪って感じで
大崎甜花\【キュン！とwith us】大崎甜花\罪って感じで.csv,52,3015012020510,甘奈,"…………啊嗯～！
好吃～☆",大崎甜花,【キュン！とwith us】大崎甜花,罪って感じで
大崎甜花\【シンメトリー・プールサイド】大崎甜花\スプラッシュ・スマイル！.csv,5,2015005010020,甘奈,"明明有这么可爱的泳装
藏起来很浪费的说！",大崎甜花,【シンメトリー・プールサイド】大崎甜花,スプラッシュ・スマイル！
大崎甜花\【シンメトリー・プールサイド】大崎甜花\スプラッシュ・スマイル！.csv,7,2015005010040,甘奈,"好了，还有外套！
嘿☆",大崎甜花,【シンメトリー・プールサイド】大崎甜花,スプラッシュ・スマイル！
大崎甜花\【シンメトリー・プールサイド】大崎甜花\スプラッシュ・スマイル！.csv,10,2015005010070,甘奈,"制作人先生，抱歉让你久等了！
今天的甜花，怎么样!",大崎甜花,【シンメトリー・プールサイド】大崎甜花,スプラッシュ・スマイル！
大崎甜花\【シンメトリー・プールサイド】大崎甜花\スプラッシュ・スマイル！.csv,13,2015005010090,甘奈,"没关系，慢慢习惯就好了
我们走吧？",大崎甜花,【シンメトリー・プールサイド】大崎甜花,スプラッシュ・スマイル！
大崎甜花\【シンメトリー・プールサイド】大崎甜花\スプラッシュ・スマイル！.csv,15,2015005010110,甘奈,"来，甜花，过来这里！
……嘿☆",大崎甜花,【シンメトリー・プールサイド】大崎甜花,スプラッシュ・スマイル！
大崎甜花\【シンメトリー・プールサイド】大崎甜花\スプラッシュ・スマイル！.csv,18,2015005010130,甘奈,,大崎甜花,【シンメトリー・プールサイド】大崎甜花,スプラッシュ・スマイル！
大崎甜花\【シンメトリー・プールサイド】大崎甜花\スプラッシュ・スマイル！.csv,19,2015005010140,甘奈,"……啊，对了！
这边可以借到大家一起坐的泳圈！",大崎甜花,【シンメトリー・プールサイド】大崎甜花,スプラッシュ・スマイル！
大崎甜花\【シンメトリー・プールサイド】大崎甜花\スプラッシュ・スマイル！.csv,20,2015005010150,甘奈,"我去借一个来，
甜花就跟制作人先生一起玩吧☆",大崎甜花,【シンメトリー・プールサイド】大崎甜花,スプラッシュ・スマイル！
大崎甜花\【シンメトリー・プールサイド】大崎甜花\スプラッシュ・スマイル！.csv,22,2015005010170,甘奈,"……制作人先生，
甜花就拜托你了",大崎甜花,【シンメトリー・プールサイド】大崎甜花,スプラッシュ・スマイル！
大崎甜花\【シンメトリー・プールサイド】大崎甜花\スプラッシュ・スマイル！.csv,54,2015005010360,甘奈,"甜花，对不起迟到了！
制作人先生，甘奈不在的时候，谢谢你☆",大崎甜花,【シンメトリー・プールサイド】大崎甜花,スプラッシュ・スマイル！
大崎甜花\【彩りファッションドール】大崎甜花\ほっと一息、甜花の気持ち.csv,3,3015004030020,甘奈,啊，甜花！好，这样大家都到齐了呢,大崎甜花,【彩りファッションドール】大崎甜花,ほっと一息、甜花の気持ち
大崎甜花\【彩りファッションドール】大崎甜花\ほっと一息、甜花の気持ち.csv,5,3015004030040,甘奈,"嗯！
果然衣服还是得多挑多看啊",大崎甜花,【彩りファッションドール】大崎甜花,ほっと一息、甜花の気持ち
大崎甜花\【彩りファッションドール】大崎甜花\ほっと一息、甜花の気持ち.csv,7,3015004030060,甘奈,"甜花，不需要这么着急的
慢慢去找吧？",大崎甜花,【彩りファッションドール】大崎甜花,ほっと一息、甜花の気持ち
大崎甜花\【彩りファッションドール】大崎甜花\ほっと一息、甜花の気持ち.csv,10,3015004030090,甘奈,好，总之先进店里看看吧,大崎甜花,【彩りファッションドール】大崎甜花,ほっと一息、甜花の気持ち
大崎甜花\【彩りファッションドール】大崎甜花\ほっと一息、甜花の気持ち.csv,14,3015004030130,甘奈,"唔……能让人眼前一亮的衣服
也不是这么容易就能找到呢",大崎甜花,【彩りファッションドール】大崎甜花,ほっと一息、甜花の気持ち
大崎甜花\【彩りファッションドール】大崎甜花\ほっと一息、甜花の気持ち.csv,15,3015004030140,甘奈,"但是，正因为如此，能找到合适的衣服的话才会让人高兴！
甜花也一定能找到心仪的衣服的！",大崎甜花,【彩りファッションドール】大崎甜花,ほっと一息、甜花の気持ち
大崎甜花\【彩りファッションドール】大崎甜花\ほっと一息、甜花の気持ち.csv,17,3015004030160,甘奈,咦，甜花你怎么啦？,大崎甜花,【彩りファッションドール】大崎甜花,ほっと一息、甜花の気持ち
大崎甜花\【彩りファッションドール】大崎甜花\ほっと一息、甜花の気持ち.csv,18,3015004030170,甘奈,"……啊，难道说，甘奈我又兴奋过头了？
让甜花受累了吗……？",大崎甜花,【彩りファッションドール】大崎甜花,ほっと一息、甜花の気持ち
大崎甜花\【彩りファッションドール】大崎甜花\ほっと一息、甜花の気持ち.csv,20,3015004030190,甘奈,但是？,大崎甜花,【彩りファッションドール】大崎甜花,ほっと一息、甜花の気持ち
大崎甜花\【彩りファッションドール】大崎甜花\ほっと一息、甜花の気持ち.csv,24,3015004030230,甘奈,是的哦——！,大崎甜花,【彩りファッションドール】大崎甜花,ほっと一息、甜花の気持ち
大崎甜花\【彩りファッションドール】大崎甜花\ほっと一息、甜花の気持ち.csv,25,3015004030240,甘奈,因为我们在看着连粉丝们都没见过的，试穿各式各样衣服的甜花哦！？,大崎甜花,【彩りファッションドール】大崎甜花,ほっと一息、甜花の気持ち
大崎甜花\【彩りファッションドール】大崎甜花\ほっと一息、甜花の気持ち.csv,26,3015004030250,甘奈,甘奈，只是这样就已经很幸福了！,大崎甜花,【彩りファッションドール】大崎甜花,ほっと一息、甜花の気持ち
大崎甜花\【彩りファッションドール】大崎甜花\ほっと一息、甜花の気持ち.csv,30,3015004030290,甘奈,甜花……,大崎甜花,【彩りファッションドール】大崎甜花,ほっと一息、甜花の気持ち
大崎甜花\【彩りファッションドール】大崎甜花\ほっと一息、甜花の気持ち.csv,32,3015004030310,甘奈,"嗯，虽然甘奈可能确实会很快作决定，
但也有犹豫的时候，所以这是正常现象！",大崎甜花,【彩りファッションドール】大崎甜花,ほっと一息、甜花の気持ち
大崎甜花\【彩りファッションドール】大崎甜花\ほっと一息、甜花の気持ち.csv,38,3015004030370,甘奈,这样啊……,大崎甜花,【彩りファッションドール】大崎甜花,ほっと一息、甜花の気持ち
大崎甜花\【彩りファッションドール】大崎甜花\ほっと一息、甜花の気持ち.csv,39,3015004030380,甘奈,"抱歉，甜花
甘奈能为甜花挑选衣服，真的很开心……",大崎甜花,【彩りファッションドール】大崎甜花,ほっと一息、甜花の気持ち
大崎甜花\【彩りファッションドール】大崎甜花\ほっと一息、甜花の気持ち.csv,40,3015004030390,甘奈,如果能再多说些挑选衣服的方法的话可能会更好呢,大崎甜花,【彩りファッションドール】大崎甜花,ほっと一息、甜花の気持ち
大崎甜花\【彩りファッションドール】大崎甜花\ほっと一息、甜花の気持ち.csv,45,3015004030440,甘奈,"嗯嗯，在找到甜花喜欢的衣服之前，
无论多少件，甘奈都会帮你挑选的！",大崎甜花,【彩りファッションドール】大崎甜花,ほっと一息、甜花の気持ち
大崎甜花\【彩りファッションドール】大崎甜花\ほっと一息、甜花の気持ち.csv,46,3015004030450,甘奈,不过，一定会有适合你的衣服哦,大崎甜花,【彩りファッションドール】大崎甜花,ほっと一息、甜花の気持ち
大崎甜花\【彩りファッションドール】大崎甜花\ほっと一息、甜花の気持ち.csv,47,3015004030460,甘奈,"甜花的话，无论是按照成熟型来搭配，
还是活泼型的衣服来搭配，都很适合你的！",大崎甜花,【彩りファッションドール】大崎甜花,ほっと一息、甜花の気持ち
大崎甜花\【彩りファッションドール】大崎甜花\ほっと一息、甜花の気持ち.csv,56,3015004030550,甘奈,真的吗！？,大崎甜花,【彩りファッションドール】大崎甜花,ほっと一息、甜花の気持ち
大崎甜花\【彩りファッションドール】大崎甜花\ほっと一息、甜花の気持ち.csv,59,3015004030580,甘奈,甜花！还记得那家店在哪里吗？,大崎甜花,【彩りファッションドール】大崎甜花,ほっと一息、甜花の気持ち
大崎甜花\【彩りファッションドール】大崎甜花\ほっと一息、甜花の気持ち.csv,61,3015004030600,甘奈,"那就去看看吧！
走吧，甜花、千雪！",大崎甜花,【彩りファッションドール】大崎甜花,ほっと一息、甜花の気持ち
大崎甜花\【彩りファッションドール】大崎甜花\ファッショナブル・チャレンジ.csv,3,3015004010020,甘奈,哇！千雪，你的化妆包？,大崎甜花,【彩りファッションドール】大崎甜花,ファッショナブル・チャレンジ
大崎甜花\【彩りファッションドール】大崎甜花\ファッショナブル・チャレンジ.csv,5,3015004010040,甘奈,"这样啊——
千雪，总是带着可爱的小东西呢！",大崎甜花,【彩りファッションドール】大崎甜花,ファッショナブル・チャレンジ
大崎甜花\【彩りファッションドール】大崎甜花\ファッショナブル・チャレンジ.csv,6,3015004010050,甘奈,"哎，甜花你怎么看？
这个，不觉得很可爱吗？",大崎甜花,【彩りファッションドール】大崎甜花,ファッショナブル・チャレンジ
大崎甜花\【彩りファッションドール】大崎甜花\ファッショナブル・チャレンジ.csv,9,3015004010080,甘奈,是吧是吧！……啊，对了！,大崎甜花,【彩りファッションドール】大崎甜花,ファッショナブル・チャレンジ
大崎甜花\【彩りファッションドール】大崎甜花\ファッショナブル・チャレンジ.csv,10,3015004010090,甘奈,给化妆包扣上这个徽章不觉得很可爱吗？,大崎甜花,【彩りファッションドール】大崎甜花,ファッショナブル・チャレンジ
大崎甜花\【彩りファッションドール】大崎甜花\ファッショナブル・チャレンジ.csv,16,3015004010150,甘奈,"……甜花，怎么了？
就像甘奈不小心吃了布丁一样的表情？",大崎甜花,【彩りファッションドール】大崎甜花,ファッショナブル・チャレンジ
大崎甜花\【彩りファッションドール】大崎甜花\ファッショナブル・チャレンジ.csv,20,3015004010190,甘奈,"嗯？怎么了，甜花？
一脸严肃的样子",大崎甜花,【彩りファッションドール】大崎甜花,ファッショナブル・チャレンジ
大崎甜花\【彩りファッションドール】大崎甜花\ファッショナブル・チャレンジ.csv,27,3015004010260,甘奈,,大崎甜花,【彩りファッションドール】大崎甜花,ファッショナブル・チャレンジ
大崎甜花\【彩りファッションドール】大崎甜花\ファッショナブル・チャレンジ.csv,30,3015004010290,甘奈,甜花已经很可爱了呀☆　是吧，千雪？,大崎甜花,【彩りファッションドール】大崎甜花,ファッショナブル・チャレンジ
大崎甜花\【彩りファッションドール】大崎甜花\ファッショナブル・チャレンジ.csv,36,3015004010350,甘奈,"诶——？甜花穿的衣服，
很有甜花的风格，我觉得挺好的啊",大崎甜花,【彩りファッションドール】大崎甜花,ファッショナブル・チャレンジ
大崎甜花\【彩りファッションドール】大崎甜花\ファッショナブル・チャレンジ.csv,39,3015004010380,甘奈,甜花！,大崎甜花,【彩りファッションドール】大崎甜花,ファッショナブル・チャレンジ
大崎甜花\【彩りファッションドール】大崎甜花\ファッショナブル・チャレンジ.csv,41,3015004010400,甘奈,"甜花如果穿上可爱的衣服的话
就无人能敌了吧！",大崎甜花,【彩りファッションドール】大崎甜花,ファッショナブル・チャレンジ
大崎甜花\【彩りファッションドール】大崎甜花\ファッショナブル・チャレンジ.csv,42,3015004010410,甘奈,"哎——那，如果有卖漂亮衣服的店就好了呢
甜花的话，不管什么衣服都非常合适吧！",大崎甜花,【彩りファッションドール】大崎甜花,ファッショナブル・チャレンジ
大崎甜花\【彩りファッションドール】大崎甜花\ファッショナブル・チャレンジ.csv,44,3015004010430,甘奈,"当然啦——！
呜哇——开始让人兴奋起来咯——！",大崎甜花,【彩りファッションドール】大崎甜花,ファッショナブル・チャレンジ
大崎甜花\【彩りファッションドール】大崎甜花\ファッショナブル・チャレンジ.csv,45,3015004010440,甘奈,是吧，千雪！,大崎甜花,【彩りファッションドール】大崎甜花,ファッショナブル・チャレンジ
大崎甜花\【彩りファッションドール】大崎甜花\ファッショナブル・チャレンジ.csv,48,3015004010470,甘奈,"那样的话，不去逛逛有各式各样衣服的店可不行呢！
日程安排的话……",大崎甜花,【彩りファッションドール】大崎甜花,ファッショナブル・チャレンジ
大崎甜花\【彩りファッションドール】大崎甜花\ファッショナブル・チャレンジ.csv,52,3015004010510,甘奈,"对的对的！
甜花只要开开心心挑选衣服就好了哦——！",大崎甜花,【彩りファッションドール】大崎甜花,ファッショナブル・チャレンジ
大崎甜花\【彩りファッションドール】大崎甜花\ファッショナブル・チャレンジ.csv,53,3015004010520,甘奈,那就让甘奈来决定去哪里了哦☆,大崎甜花,【彩りファッションドール】大崎甜花,ファッショナブル・チャレンジ
大崎甜花\【彩りファッションドール】大崎甜花\甜花的ビフォーアフター12.24.csv,3,3015004040020,甘奈,"妈妈的反应超级有趣—
毕竟给人的印象与平时完全不一样！",大崎甜花,【彩りファッションドール】大崎甜花,甜花的ビフォーアフター12.24
大崎甜花\【彩りファッションドール】大崎甜花\甜花的ビフォーアフター12.24.csv,6,3015004040050,甘奈,"甜花居然能想出那样的搭配，
真是品味超群！",大崎甜花,【彩りファッションドール】大崎甜花,甜花的ビフォーアフター12.24
大崎甜花\【彩りファッションドール】大崎甜花\甜花的ビフォーアフター12.24.csv,7,3015004040060,甘奈,"没想到在轻盈飘逸的衬衫和端庄的裙子里，
竟蕴含着如此巨大的潜力☆",大崎甜花,【彩りファッションドール】大崎甜花,甜花的ビフォーアフター12.24
大崎甜花\【彩りファッションドール】大崎甜花\甜花的ビフォーアフター12.24.csv,10,3015004040090,甘奈,"就是有这回事—！
要是能聚焦全场目光，一定会有更多人加推甜花—",大崎甜花,【彩りファッションドール】大崎甜花,甜花的ビフォーアフター12.24
大崎甜花\【彩りファッションドール】大崎甜花\甜花的ビフォーアフター12.24.csv,16,3015004040150,甘奈,"哎嘿嘿，能帮到甜花
甘奈，也许还更开心些",大崎甜花,【彩りファッションドール】大崎甜花,甜花的ビフォーアフター12.24
大崎甜花\【彩りファッションドール】大崎甜花\甜花的ビフォーアフター12.24.csv,20,3015004040190,甘奈,"嗯嗯！
看着甜花换穿各式各样的衣服，很开心哦",大崎甜花,【彩りファッションドール】大崎甜花,甜花的ビフォーアフター12.24
大崎甜花\【彩りファッションドール】大崎甜花\甜花的ビフォーアフター12.24.csv,21,3015004040200,甘奈,谢谢你，甜花！,大崎甜花,【彩りファッションドール】大崎甜花,甜花的ビフォーアフター12.24
大崎甜花\【彩りファッションドール】大崎甜花\甜花的ビフォーアフター12.24.csv,27,3015004040260,甘奈,哎！甜花要来帮甘奈挑衣服吗……！？,大崎甜花,【彩りファッションドール】大崎甜花,甜花的ビフォーアフター12.24
大崎甜花\【彩りファッションドール】大崎甜花\甜花的ビフォーアフター12.24.csv,30,3015004040290,甘奈,——不不！完全没有这回事哦！,大崎甜花,【彩りファッションドール】大崎甜花,甜花的ビフォーアフター12.24
大崎甜花\【彩りファッションドール】大崎甜花\甜花的ビフォーアフター12.24.csv,31,3015004040300,甘奈,"甜花要来帮我看衣服什么的，
我超级期待哦—！",大崎甜花,【彩りファッションドール】大崎甜花,甜花的ビフォーアフター12.24
大崎甜花\【彩りファッションドール】大崎甜花\甜花的ビフォーアフター12.24.csv,34,3015004040330,甘奈,"因为是甜花，所以可以哦！
对吧，千雪姐？",大崎甜花,【彩りファッションドール】大崎甜花,甜花的ビフォーアフター12.24
大崎甜花\【彩りファッションドール】大崎甜花\甜花的ビフォーアフター12.24.csv,37,3015004040360,甘奈,"对吧—！哎嘿嘿，那么该去哪家店里呢—☆
完全选不出来，好犹豫啊！",大崎甜花,【彩りファッションドール】大崎甜花,甜花的ビフォーアフター12.24
大崎甜花\【彩りファッションドール】大崎甜花\甜花的ビフォーアフター12.24.csv,43,3015004040420,甘奈,"甜花……
哎嘿嘿！",大崎甜花,【彩りファッションドール】大崎甜花,甜花的ビフォーアフター12.24
大崎甜花\【彩りファッションドール】大崎甜花\甜花的ビフォーアフター12.24.csv,44,3015004040430,甘奈,"好！那下个休息日，
就让甜花来帮我们一起挑衣服吧—！",大崎甜花,【彩りファッションドール】大崎甜花,甜花的ビフォーアフター12.24
大崎甜花\【彩りファッションドール】大崎甜花\甜花的ビフォーアフター12.24.csv,46,3015004040450,甘奈,"不不！
开心的事就得趁早做才好—！",大崎甜花,【彩りファッションドール】大崎甜花,甜花的ビフォーアフター12.24
大崎甜花\【彩りファッションドール】大崎甜花\甜花的ビフォーアフター12.24.csv,47,3015004040460,甘奈,"这样一来，下一件好事
也会接踵而至了！",大崎甜花,【彩りファッションドール】大崎甜花,甜花的ビフォーアフター12.24
大崎甜花\【彩りファッションドール】大崎甜花\甜花的ビフォーアフター12.24.csv,50,3015004040490,甘奈,"哎嘿嘿，没错没错！
其实啊，我现在就想去—！",大崎甜花,【彩りファッションドール】大崎甜花,甜花的ビフォーアフター12.24
大崎甜花\【彩りファッションドール】大崎甜花\試着室ファッションショー.csv,3,3015004020020,甘奈,"接下来……
啊！那家店感觉挺不错的！？",大崎甜花,【彩りファッションドール】大崎甜花,試着室ファッションショー
大崎甜花\【彩りファッションドール】大崎甜花\試着室ファッションショー.csv,5,3015004020040,甘奈,"因为因为，本来就这么可爱的甜花
说着要变得更加可爱呀☆",大崎甜花,【彩りファッションドール】大崎甜花,試着室ファッションショー
大崎甜花\【彩りファッションドール】大崎甜花\試着室ファッションショー.csv,6,3015004020050,甘奈,能一起寻找甜花拥有的可能性……,大崎甜花,【彩りファッションドール】大崎甜花,試着室ファッションショー
大崎甜花\【彩りファッションドール】大崎甜花\試着室ファッションショー.csv,7,3015004020060,甘奈,那样的事，不管有多少时间都不够呀～！,大崎甜花,【彩りファッションドール】大崎甜花,試着室ファッションショー
大崎甜花\【彩りファッションドール】大崎甜花\試着室ファッションショー.csv,9,3015004020080,甘奈,"啊！
那件衣服，看上去也不错呢！？",大崎甜花,【彩りファッションドール】大崎甜花,試着室ファッションショー
大崎甜花\【彩りファッションドール】大崎甜花\試着室ファッションショー.csv,12,3015004020110,甘奈,"诶？
……这，啊！对、对不起！甜花！",大崎甜花,【彩りファッションドール】大崎甜花,試着室ファッションショー
大崎甜花\【彩りファッションドール】大崎甜花\試着室ファッションショー.csv,14,3015004020130,甘奈,"不，果然甘奈太兴奋过头了
……对不起呢……",大崎甜花,【彩りファッションドール】大崎甜花,試着室ファッションショー
大崎甜花\【彩りファッションドール】大崎甜花\試着室ファッションショー.csv,15,3015004020140,甘奈,"从甜花那里听到说想要来看衣服
不知不觉中，就兴奋起来了……",大崎甜花,【彩りファッションドール】大崎甜花,試着室ファッションショー
大崎甜花\【彩りファッションドール】大崎甜花\試着室ファッションショー.csv,22,3015004020210,甘奈,嗯……啊。那个在放在橱柜里装饰着的衣服怎么样？,大崎甜花,【彩りファッションドール】大崎甜花,試着室ファッションショー
大崎甜花\【彩りファッションドール】大崎甜花\試着室ファッションショー.csv,25,3015004020240,甘奈,"呐呐！这件粉红色的连衣裙，
还有绿色的好像也很适合！？",大崎甜花,【彩りファッションドール】大崎甜花,試着室ファッションショー
大崎甜花\【彩りファッションドール】大崎甜花\試着室ファッションショー.csv,26,3015004020250,甘奈,"粉色的话会给人一种很松软的感觉，
而绿色的话给人一种沉稳的感觉……真难选啊——",大崎甜花,【彩りファッションドール】大崎甜花,試着室ファッションショー
大崎甜花\【彩りファッションドール】大崎甜花\試着室ファッションショー.csv,28,3015004020270,甘奈,"哦哦——，不愧是千雪！
像大人一样的甜花也很可爱——！",大崎甜花,【彩りファッションドール】大崎甜花,試着室ファッションショー
大崎甜花\【彩りファッションドール】大崎甜花\試着室ファッションショー.csv,30,3015004020290,甘奈,"嗯嗯，稚气搭配的甜花也好可爱呢☆
……嘿。接下来，就试试这件连衣裙吧！",大崎甜花,【彩りファッションドール】大崎甜花,試着室ファッションショー
大崎甜花\【彩りファッションドール】大崎甜花\試着室ファッションショー.csv,32,3015004020310,甘奈,"啊……抱歉，甜花
甘奈我又兴奋过头了",大崎甜花,【彩りファッションドール】大崎甜花,試着室ファッションショー
大崎甜花\【彩りファッションドール】大崎甜花\試着室ファッションショー.csv,35,3015004020340,甘奈,"嗯，因为甜花不管穿什么衣服都合适，
所以甘奈们也很烦恼呢",大崎甜花,【彩りファッションドール】大崎甜花,試着室ファッションショー
大崎甜花\【彩りファッションドール】大崎甜花\試着室ファッションショー.csv,36,3015004020350,甘奈,但是甜花你不累吗？没关系吗？,大崎甜花,【彩りファッションドール】大崎甜花,試着室ファッションショー
大崎甜花\【彩りファッションドール】大崎甜花\試着室ファッションショー.csv,45,3015004020440,甘奈,"嗯嗯！只要看得多了，
甜花也能够自己找到适合自己的衣服的！",大崎甜花,【彩りファッションドール】大崎甜花,試着室ファッションショー
大崎甜花\【彩りファッションドール】大崎甜花\試着室ファッションショー.csv,48,3015004020470,甘奈,"嗯！甘奈也是看了各式各样的衣服
所以才会比较好坏",大崎甜花,【彩りファッションドール】大崎甜花,試着室ファッションショー
大崎甜花\【彩りファッションドール】大崎甜花\試着室ファッションショー.csv,49,3015004020480,甘奈,"首先，先从看衣服开始吧！
总之，去下一家店看看吧",大崎甜花,【彩りファッションドール】大崎甜花,試着室ファッションショー
大崎甜花\【彩りファッションドール】大崎甜花\試着室ファッションショー.csv,51,3015004020500,甘奈,"不需要说什么谢谢的话哦☆
因为，甘奈也很开心",大崎甜花,【彩りファッションドール】大崎甜花,試着室ファッションショー
大崎甜花\【彩りファッションドール】大崎甜花\試着室ファッションショー.csv,55,3015004020540,甘奈,"嗯……
这个方面的话，一边逛一边思考，就比较容易理解了！",大崎甜花,【彩りファッションドール】大崎甜花,試着室ファッションショー
大崎甜花\【彩りファッションドール】大崎甜花\試着室ファッションショー.csv,56,3015004020550,甘奈,"甜花也一定能找到喜欢的店哦！
好了，走吧",大崎甜花,【彩りファッションドール】大崎甜花,試着室ファッションショー
大崎甜花\【楽園に背く】大崎甜花\あくまのように.csv,5,3015007010040,甘奈,微电影！？,大崎甜花,【楽園に背く】大崎甜花,あくまのように
大崎甜花\【楽園に背く】大崎甜花\あくまのように.csv,8,3015007010060,甘奈,"太好了！
一起努力吧，甜花！",大崎甜花,【楽園に背く】大崎甜花,あくまのように
大崎甜花\【楽園に背く】大崎甜花\あくまのように.csv,13,3015007010090,甘奈,"那甜花就是天使吧！
一定超可爱的——☆",大崎甜花,【楽園に背く】大崎甜花,あくまのように
大崎甜花\【楽園に背く】大崎甜花\あくまのように.csv,16,3015007010101,甘奈＆甜花,诶？,大崎甜花,【楽園に背く】大崎甜花,あくまのように
大崎甜花\【楽園に背く】大崎甜花\あくまのように.csv,32,3015007010240,甘奈,抱歉！ 吓到了吗？,大崎甜花,【楽園に背く】大崎甜花,あくまのように
大崎甜花\【楽園に背く】大崎甜花\あくまのように.csv,33,3015007010250,甘奈,"咦，那是布丁……？
难道是制作人的？",大崎甜花,【楽園に背く】大崎甜花,あくまのように
大崎甜花\【楽園に背く】大崎甜花\あくまのように.csv,35,3015007010270,甘奈,"嗯
因为制作人笑着说，“想吃的话就吃掉吧”",大崎甜花,【楽園に背く】大崎甜花,あくまのように
大崎甜花\【楽園に背く】大崎甜花\あくまのように.csv,37,3015007010290,甘奈,制作人也对甜花这么说了吗？,大崎甜花,【楽園に背く】大崎甜花,あくまのように
大崎甜花\【楽園に背く】大崎甜花\あくまのように.csv,40,3015007010320,甘奈,甜花……？,大崎甜花,【楽園に背く】大崎甜花,あくまのように
大崎甜花\【楽園に背く】大崎甜花\あくまのように.csv,42,3015007010340,甘奈,诶？,大崎甜花,【楽園に背く】大崎甜花,あくまのように
大崎甜花\【楽園に背く】大崎甜花\あくまのように.csv,44,3015007010360,甘奈,"甜花……
难道是在塑造工作的角色吗？",大崎甜花,【楽園に背く】大崎甜花,あくまのように
大崎甜花\【楽園に背く】大崎甜花\あくまのように.csv,46,3015007010380,甘奈,…………诶嘿嘿☆,大崎甜花,【楽園に背く】大崎甜花,あくまのように
大崎甜花\【楽園に背く】大崎甜花\あくまのように.csv,47,3015007010390,甘奈,"被甜花这么可爱的恶魔诱惑的话，
甘奈可没法违抗啊～",大崎甜花,【楽園に背く】大崎甜花,あくまのように
大崎甜花\【楽園に背く】大崎甜花\あくまのように.csv,49,3015007010410,甘奈,"塑造角色的话，制作人也会原谅的……
布丁，对半分吧？",大崎甜花,【楽園に背く】大崎甜花,あくまのように
大崎甜花\【楽園に背く】大崎甜花\あくまのように.csv,51,3015007010430,甘奈,那，预备……,大崎甜花,【楽園に背く】大崎甜花,あくまのように
大崎甜花\【楽園に背く】大崎甜花\あくまのように.csv,52,3015007010431,甘奈＆甜花,开动了！,大崎甜花,【楽園に背く】大崎甜花,あくまのように
大崎甜花\【楽園に背く】大崎甜花\あなたのように.csv,20,3015007020180,甘奈,辛苦了～！,大崎甜花,【楽園に背く】大崎甜花,あなたのように
大崎甜花\【楽園に背く】大崎甜花\あなたのように.csv,21,3015007020190,甘奈,拍得很好，甜花！,大崎甜花,【楽園に背く】大崎甜花,あなたのように
大崎甜花\【楽園に背く】大崎甜花\あなたのように.csv,23,3015007020210,甘奈,大家都被甜花的恶魔迷得神魂颠倒了☆,大崎甜花,【楽園に背く】大崎甜花,あなたのように
大崎甜花\【楽園に背く】大崎甜花\あなたのように.csv,24,3015007020220,甘奈,"恶魔甜花真的很帅……
甘奈都看呆了！",大崎甜花,【楽園に背く】大崎甜花,あなたのように
大崎甜花\【楽園に背く】大崎甜花\あなたのように.csv,28,3015007020260,甘奈,甜花……！,大崎甜花,【楽園に背く】大崎甜花,あなたのように
大崎甜花\【楽園に背く】大崎甜花\あなたのように.csv,32,3015007020300,甘奈,"诶……
变成，甘奈那样……？",大崎甜花,【楽園に背く】大崎甜花,あなたのように
大崎甜花\【楽園に背く】大崎甜花\あなたのように.csv,36,3015007020340,甘奈,"甜花……
……诶嘿嘿，其实甘奈也是",大崎甜花,【楽園に背く】大崎甜花,あなたのように
大崎甜花\【楽園に背く】大崎甜花\あなたのように.csv,38,3015007020360,甘奈,"嗯！ 一想着要成为理想中的天使，
就想到了甜花的脸",大崎甜花,【楽園に背く】大崎甜花,あなたのように
大崎甜花\【楽園に背く】大崎甜花\あなたのように.csv,39,3015007020370,甘奈,"温柔又可爱……
非常优秀的天使！",大崎甜花,【楽園に背く】大崎甜花,あなたのように
大崎甜花\【楽園に背く】大崎甜花\あなたのように.csv,40,3015007020380,甘奈,"所以甘奈能做好，
都是多亏了甜花☆",大崎甜花,【楽園に背く】大崎甜花,あなたのように
大崎甜花\【楽園に背く】大崎甜花\あなたのように.csv,42,3015007020400,甘奈,不过，恶魔甜花虽然也很酷……,大崎甜花,【楽園に背く】大崎甜花,あなたのように
大崎甜花\【楽園に背く】大崎甜花\あなたのように.csv,43,3015007020410,甘奈,"穿上天使的服装的话，
一定，超——级可爱的吧～！",大崎甜花,【楽園に背く】大崎甜花,あなたのように
大崎甜花\【楽園に背く】大崎甜花\あなたのように.csv,47,3015007020450,甘奈,"……诶嘿嘿☆
想得一样呢，甜花！",大崎甜花,【楽園に背く】大崎甜花,あなたのように
大崎甜花\【楽園に背く】大崎甜花\あなたのように.csv,51,3015007020470,甘奈,"哇！
又能见到恶魔甜花了！",大崎甜花,【楽園に背く】大崎甜花,あなたのように
大崎甜花\【楽園に背く】大崎甜花\あなたのように.csv,55,3015007020481,甘奈＆甜花,,大崎甜花,【楽園に背く】大崎甜花,あなたのように
大崎甜花\【楽園に背く】大崎甜花\あなたのように.csv,57,3015007020482,甘奈＆甜花,,大崎甜花,【楽園に背く】大崎甜花,あなたのように
大崎甜花\【楽園に背く】大崎甜花\あなたのように.csv,58,3015007020490,甘奈,很期待见到演天使的甜花呢☆,大崎甜花,【楽園に背く】大崎甜花,あなたのように
大崎甜花\【甜花の恩返し】大崎甜花\【甜花の恩返し】大崎甜花01.csv,2,3015020010001,甘奈＆千雪,辛苦了！,大崎甜花,【甜花の恩返し】大崎甜花,【甜花の恩返し】大崎甜花01
大崎甜花\【甜花の恩返し】大崎甜花\【甜花の恩返し】大崎甜花01.csv,5,3015020010030,甘奈,"……！
甜，甜花你没事吧！？",大崎甜花,【甜花の恩返し】大崎甜花,【甜花の恩返し】大崎甜花01
大崎甜花\【甜花の恩返し】大崎甜花\【甜花の恩返し】大崎甜花01.csv,9,3015020010070,甘奈,"甘奈去泡杯奶茶吧！
要加糖吗？",大崎甜花,【甜花の恩返し】大崎甜花,【甜花の恩返し】大崎甜花01
大崎甜花\【甜花の恩返し】大崎甜花\【甜花の恩返し】大崎甜花01.csv,11,3015020010090,甘奈,"好—！
甜花呢？",大崎甜花,【甜花の恩返し】大崎甜花,【甜花の恩返し】大崎甜花01
大崎甜花\【甜花の恩返し】大崎甜花\【甜花の恩返し】大崎甜花01.csv,13,3015020010110,甘奈,"知道啦！
等我一下下哦！",大崎甜花,【甜花の恩返し】大崎甜花,【甜花の恩返し】大崎甜花01
大崎甜花\【甜花の恩返し】大崎甜花\【甜花の恩返し】大崎甜花01.csv,15,3015020010130,甘奈,甜花，有精神了吗？,大崎甜花,【甜花の恩返し】大崎甜花,【甜花の恩返し】大崎甜花01
大崎甜花\【甜花の恩返し】大崎甜花\【甜花の恩返し】大崎甜花01.csv,19,3015020010161,甘奈＆甜花,诶，是什么呢？,大崎甜花,【甜花の恩返し】大崎甜花,【甜花の恩返し】大崎甜花01
大崎甜花\【甜花の恩返し】大崎甜花\【甜花の恩返し】大崎甜花01.csv,22,3015020010190,甘奈,"想去！
是个什么故事！？",大崎甜花,【甜花の恩返し】大崎甜花,【甜花の恩返し】大崎甜花01
大崎甜花\【甜花の恩返し】大崎甜花\【甜花の恩返し】大崎甜花01.csv,24,3015020010210,甘奈,"哇！　感觉很有意思！
甜花也一起去吗？",大崎甜花,【甜花の恩返し】大崎甜花,【甜花の恩返し】大崎甜花01
大崎甜花\【甜花の恩返し】大崎甜花\【甜花の恩返し】大崎甜花01.csv,26,3015020010230,甘奈,太好啦ー☆,大崎甜花,【甜花の恩返し】大崎甜花,【甜花の恩返し】大崎甜花01
大崎甜花\【甜花の恩返し】大崎甜花\【甜花の恩返し】大崎甜花01.csv,28,3015020010250,甘奈,舞台剧，太有趣啦！,大崎甜花,【甜花の恩返し】大崎甜花,【甜花の恩返し】大崎甜花01
大崎甜花\【甜花の恩返し】大崎甜花\【甜花の恩返し】大崎甜花01.csv,30,3015020010270,甘奈,"千雪姐，
再次谢谢你邀请我们来看！",大崎甜花,【甜花の恩返し】大崎甜花,【甜花の恩返し】大崎甜花01
大崎甜花\【甜花の恩返し】大崎甜花\【甜花の恩返し】大崎甜花01.csv,35,3015020010320,甘奈,对吧！,大崎甜花,【甜花の恩返し】大崎甜花,【甜花の恩返し】大崎甜花01
大崎甜花\【甜花の恩返し】大崎甜花\【甜花の恩返し】大崎甜花01.csv,36,3015020010330,甘奈,"就算不记得故事原来是什么样的了
还是能让人享受在其中，真的好厉害！",大崎甜花,【甜花の恩返し】大崎甜花,【甜花の恩返し】大崎甜花01
大崎甜花\【甜花の恩返し】大崎甜花\【甜花の恩返し】大崎甜花01.csv,43,3015020010400,甘奈,……诶……？,大崎甜花,【甜花の恩返し】大崎甜花,【甜花の恩返し】大崎甜花01
大崎甜花\【甜花の恩返し】大崎甜花\【甜花の恩返し】大崎甜花01.csv,46,3015020010430,甘奈,怎么感觉，和很多别的故事搞混了……？,大崎甜花,【甜花の恩返し】大崎甜花,【甜花の恩返し】大崎甜花01
大崎甜花\【甜花の恩返し】大崎甜花\【甜花の恩返し】大崎甜花01.csv,48,3015020010450,甘奈,"……回家以后
稍微，再重新看一遍绘本吧……！",大崎甜花,【甜花の恩返し】大崎甜花,【甜花の恩返し】大崎甜花01
大崎甜花\【甜花の恩返し】大崎甜花\【甜花の恩返し】大崎甜花01.csv,50,3015020010470,甘奈,"回味无穷啊～
脑海里都是舞台剧和绘本里的内容",大崎甜花,【甜花の恩返し】大崎甜花,【甜花の恩返し】大崎甜花01
大崎甜花\【甜花の恩返し】大崎甜花\【甜花の恩返し】大崎甜花01.csv,51,3015020010480,甘奈,"有关联的部分
全～都，让人好在意！",大崎甜花,【甜花の恩返し】大崎甜花,【甜花の恩返し】大崎甜花01
大崎甜花\【甜花の恩返し】大崎甜花\【甜花の恩返し】大崎甜花01.csv,55,3015020010520,甘奈,对吧ー☆,大崎甜花,【甜花の恩返し】大崎甜花,【甜花の恩返し】大崎甜花01
大崎甜花\【甜花の恩返し】大崎甜花\【甜花の恩返し】大崎甜花02.csv,18,3015020020110,甘奈,"甜花
可以开门吗？",大崎甜花,【甜花の恩返し】大崎甜花,【甜花の恩返し】大崎甜花02
大崎甜花\【甜花の恩返し】大崎甜花\【甜花の恩返し】大崎甜花02.csv,20,3015020020130,甘奈,"……？
甜花……？",大崎甜花,【甜花の恩返し】大崎甜花,【甜花の恩返し】大崎甜花02
大崎甜花\【甜花の恩返し】大崎甜花\【甜花の恩返し】大崎甜花02.csv,23,3015020020160,甘奈,"……！
怎么了！？　没事吧？",大崎甜花,【甜花の恩返し】大崎甜花,【甜花の恩返し】大崎甜花02
大崎甜花\【甜花の恩返し】大崎甜花\【甜花の恩返し】大崎甜花02.csv,25,3015020020180,甘奈,"对不起，你在专心做什么吗……？
我只是来跟你说声晚安啦，不用开门也没事的……",大崎甜花,【甜花の恩返し】大崎甜花,【甜花の恩返し】大崎甜花02
大崎甜花\【甜花の恩返し】大崎甜花\【甜花の恩返し】大崎甜花02.csv,28,3015020020210,甘奈,"！
是千雪姐发来的消息！",大崎甜花,【甜花の恩返し】大崎甜花,【甜花の恩返し】大崎甜花02
大崎甜花\【甜花の恩返し】大崎甜花\【甜花の恩返し】大崎甜花02.csv,29,3015020020220,甘奈,『去玩的那件事，OK！』,大崎甜花,【甜花の恩返し】大崎甜花,【甜花の恩返し】大崎甜花02
大崎甜花\【甜花の恩返し】大崎甜花\【甜花の恩返し】大崎甜花02.csv,30,3015020020230,甘奈,"……咦？　胳膊上
沾了什么……？",大崎甜花,【甜花の恩返し】大崎甜花,【甜花の恩返し】大崎甜花02
大崎甜花\【甜花の恩返し】大崎甜花\【甜花の恩返し】大崎甜花02.csv,31,3015020020240,甘奈,"羽毛……？
是不是去甜花的房间的时候沾上的呢",大崎甜花,【甜花の恩返し】大崎甜花,【甜花の恩返し】大崎甜花02
大崎甜花\【甜花の恩返し】大崎甜花\【甜花の恩返し】大崎甜花02.csv,32,3015020020250,甘奈,（刚刚甜花她……）,大崎甜花,【甜花の恩返し】大崎甜花,【甜花の恩返し】大崎甜花02
大崎甜花\【甜花の恩返し】大崎甜花\【甜花の恩返し】大崎甜花02.csv,33,3015020020260,甘奈,"『那个，千雪姐
有点事想让你听我说一下』",大崎甜花,【甜花の恩返し】大崎甜花,【甜花の恩返し】大崎甜花02
大崎甜花\【甜花の恩返し】大崎甜花\【甜花の恩返し】大崎甜花02.csv,35,3015020020280,甘奈,『谢谢！』,大崎甜花,【甜花の恩返し】大崎甜花,【甜花の恩返し】大崎甜花02
大崎甜花\【甜花の恩返し】大崎甜花\【甜花の恩返し】大崎甜花02.csv,36,3015020020290,甘奈,"『甜花她
好像，在给我们准备什么东西诶』",大崎甜花,【甜花の恩返し】大崎甜花,【甜花の恩返し】大崎甜花02
大崎甜花\【甜花の恩返し】大崎甜花\【甜花の恩返し】大崎甜花02.csv,38,3015020020320,甘奈,『嗯』,大崎甜花,【甜花の恩返し】大崎甜花,【甜花の恩返し】大崎甜花02
大崎甜花\【甜花の恩返し】大崎甜花\【甜花の恩返し】大崎甜花02.csv,39,3015020020310,甘奈,"『但是，她的手指有些受伤了
有点担心她』",大崎甜花,【甜花の恩返し】大崎甜花,【甜花の恩返し】大崎甜花02
大崎甜花\【甜花の恩返し】大崎甜花\【甜花の恩返し】大崎甜花02.csv,43,3015020020360,甘奈,"『我觉得应该不会
 因为貌似是在制作些什么』",大崎甜花,【甜花の恩返し】大崎甜花,【甜花の恩返し】大崎甜花02
大崎甜花\【甜花の恩返し】大崎甜花\【甜花の恩返し】大崎甜花02.csv,44,3015020020370,甘奈,"『房间里掉出来了一些羽毛
肯定就是那个』",大崎甜花,【甜花の恩返し】大崎甜花,【甜花の恩返し】大崎甜花02
大崎甜花\【甜花の恩返し】大崎甜花\【甜花の恩返し】大崎甜花02.csv,46,3015020020390,甘奈,"『？
千雪姐？』",大崎甜花,【甜花の恩返し】大崎甜花,【甜花の恩返し】大崎甜花02
大崎甜花\【甜花の恩返し】大崎甜花\【甜花の恩返し】大崎甜花02.csv,48,3015020020410,甘奈,『真的诶！』,大崎甜花,【甜花の恩返し】大崎甜花,【甜花の恩返し】大崎甜花02
大崎甜花\【甜花の恩返し】大崎甜花\【甜花の恩返し】大崎甜花02.csv,49,3015020020420,甘奈,"『毕竟甜花，看舞台剧
看得很高兴呢』",大崎甜花,【甜花の恩返し】大崎甜花,【甜花の恩返し】大崎甜花02
大崎甜花\【甜花の恩返し】大崎甜花\【甜花の恩返し】大崎甜花02.csv,50,3015020020430,甘奈,『那，难道说』,大崎甜花,【甜花の恩返し】大崎甜花,【甜花の恩返し】大崎甜花02
大崎甜花\【甜花の恩返し】大崎甜花\【甜花の恩返し】大崎甜花02.csv,53,3015020020460,甘奈,『哇，千雪爷爷！』,大崎甜花,【甜花の恩返し】大崎甜花,【甜花の恩返し】大崎甜花02
大崎甜花\【甜花の恩返し】大崎甜花\【甜花の恩返し】大崎甜花02.csv,55,3015020020480,甘奈,"『是呀……
那么，老夫也再静候一段时间吧……』",大崎甜花,【甜花の恩返し】大崎甜花,【甜花の恩返し】大崎甜花02
大崎甜花\【甜花の恩返し】大崎甜花\【甜花の恩返し】大崎甜花02.csv,56,3015020020490,甘奈,『Ho Ho Ho』,大崎甜花,【甜花の恩返し】大崎甜花,【甜花の恩返し】大崎甜花02
大崎甜花\【甜花の恩返し】大崎甜花\【甜花の恩返し】大崎甜花03.csv,4,3015020030030,甘奈,甜花ー,大崎甜花,【甜花の恩返し】大崎甜花,【甜花の恩返し】大崎甜花03
大崎甜花\【甜花の恩返し】大崎甜花\【甜花の恩返し】大崎甜花03.csv,5,3015020030040,甘奈,早饭做好啦ー,大崎甜花,【甜花の恩返し】大崎甜花,【甜花の恩返し】大崎甜花03
大崎甜花\【甜花の恩返し】大崎甜花\【甜花の恩返し】大崎甜花03.csv,8,3015020030070,甘奈,刚刚出门啦～,大崎甜花,【甜花の恩返し】大崎甜花,【甜花の恩返し】大崎甜花03
大崎甜花\【甜花の恩返し】大崎甜花\【甜花の恩返し】大崎甜花03.csv,9,3015020030080,甘奈,"他们说今天是久违的约会日
看起来可高兴了呢！",大崎甜花,【甜花の恩返し】大崎甜花,【甜花の恩返し】大崎甜花03
大崎甜花\【甜花の恩返し】大崎甜花\【甜花の恩返し】大崎甜花03.csv,15,3015020030140,甘奈,"……？
甜花……？",大崎甜花,【甜花の恩返し】大崎甜花,【甜花の恩返し】大崎甜花03
大崎甜花\【甜花の恩返し】大崎甜花\【甜花の恩返し】大崎甜花03.csv,18,3015020030170,甘奈,……好吧,大崎甜花,【甜花の恩返し】大崎甜花,【甜花の恩返し】大崎甜花03
大崎甜花\【甜花の恩返し】大崎甜花\【甜花の恩返し】大崎甜花03.csv,19,3015020030180,甘奈,那个，甜花,大崎甜花,【甜花の恩返し】大崎甜花,【甜花の恩返し】大崎甜花03
大崎甜花\【甜花の恩返し】大崎甜花\【甜花の恩返し】大崎甜花03.csv,21,3015020030200,甘奈,"之前跟你说的，和千雪姐去购物的事情
一会儿就要去了，你果然还是不打算去吗……？",大崎甜花,【甜花の恩返し】大崎甜花,【甜花の恩返し】大崎甜花03
大崎甜花\【甜花の恩返し】大崎甜花\【甜花の恩返し】大崎甜花03.csv,25,3015020030240,甘奈,……嗯，知道啦！,大崎甜花,【甜花の恩返し】大崎甜花,【甜花の恩返し】大崎甜花03
大崎甜花\【甜花の恩返し】大崎甜花\【甜花の恩返し】大崎甜花03.csv,26,3015020030250,甘奈,"那么，甘奈去准备出门了
甜花慢慢吃哦！",大崎甜花,【甜花の恩返し】大崎甜花,【甜花の恩返し】大崎甜花03
大崎甜花\【甜花の恩返し】大崎甜花\【甜花の恩返し】大崎甜花03.csv,34,3015020030330,甘奈,甜花，我回来啦ー！,大崎甜花,【甜花の恩返し】大崎甜花,【甜花の恩返し】大崎甜花03
大崎甜花\【甜花の恩返し】大崎甜花\【甜花の恩返し】大崎甜花03.csv,42,3015020030410,甘奈,嗯！,大崎甜花,【甜花の恩返し】大崎甜花,【甜花の恩返し】大崎甜花03
大崎甜花\【甜花の恩返し】大崎甜花\【甜花の恩返し】大崎甜花03.csv,43,3015020030420,甘奈,"在店里看到这个的时候，啪！　的一下
想起了舞台剧的事情！",大崎甜花,【甜花の恩返し】大崎甜花,【甜花の恩返し】大崎甜花03
大崎甜花\【甜花の恩返し】大崎甜花\【甜花の恩返し】大崎甜花03.csv,48,3015020030461,甘奈＆千雪,诶嘿嘿,大崎甜花,【甜花の恩返し】大崎甜花,【甜花の恩返し】大崎甜花03
大崎甜花\【見果てぬ先のアヴァロン】大崎甜花\アメアメ・フレフレ.csv,45,3015009020440,甘奈,"——哇，甜花好厉害……！
准备万全，好帅哦！",大崎甜花,【見果てぬ先のアヴァロン】大崎甜花,アメアメ・フレフレ
大崎甜花\【見果てぬ先のアヴァロン】大崎甜花\オデカケ・シマショウ.csv,2,3015009010010,甘奈,,大崎甜花,【見果てぬ先のアヴァロン】大崎甜花,オデカケ・シマショウ
大崎甜花\【見果てぬ先のアヴァロン】大崎甜花\オデカケ・シマショウ.csv,5,3015009010040,甘奈,"啊，甜花！
在准备出门哦～☆",大崎甜花,【見果てぬ先のアヴァロン】大崎甜花,オデカケ・シマショウ
大崎甜花\【見果てぬ先のアヴァロン】大崎甜花\オデカケ・シマショウ.csv,6,3015009010050,甘奈,甜花要一起去吗？,大崎甜花,【見果てぬ先のアヴァロン】大崎甜花,オデカケ・シマショウ
大崎甜花\【見果てぬ先のアヴァロン】大崎甜花\オデカケ・シマショウ.csv,8,3015009010070,甘奈,是吗……,大崎甜花,【見果てぬ先のアヴァロン】大崎甜花,オデカケ・シマショウ
大崎甜花\【見果てぬ先のアヴァロン】大崎甜花\オデカケ・シマショウ.csv,10,3015009010090,甘奈,"嗯！
因为要在外面走很久呢～",大崎甜花,【見果てぬ先のアヴァロン】大崎甜花,オデカケ・シマショウ
大崎甜花\【見果てぬ先のアヴァロン】大崎甜花\オデカケ・シマショウ.csv,12,3015009010110,甘奈,甜花，怎么了……？,大崎甜花,【見果てぬ先のアヴァロン】大崎甜花,オデカケ・シマショウ
大崎甜花\【見果てぬ先のアヴァロン】大崎甜花\オデカケ・シマショウ.csv,14,3015009010130,甘奈,嗯,大崎甜花,【見果てぬ先のアヴァロン】大崎甜花,オデカケ・シマショウ
大崎甜花\【見果てぬ先のアヴァロン】大崎甜花\オデカケ・シマショウ.csv,17,3015009010160,甘奈,,大崎甜花,【見果てぬ先のアヴァロン】大崎甜花,オデカケ・シマショウ
大崎甜花\【見果てぬ先のアヴァロン】大崎甜花\オデカケ・シマショウ.csv,18,3015009010170,甘奈,"…………诶嘿嘿
没错哦～，甜花！",大崎甜花,【見果てぬ先のアヴァロン】大崎甜花,オデカケ・シマショウ
大崎甜花\【見果てぬ先のアヴァロン】大崎甜花\オデカケ・シマショウ.csv,19,3015009010180,甘奈,"不只是夏天的晴天的时候，
冬天也会，阴天和雨天也会！ 都会有紫外线！",大崎甜花,【見果てぬ先のアヴァロン】大崎甜花,オデカケ・シマショウ
大崎甜花\【見果てぬ先のアヴァロン】大崎甜花\オデカケ・シマショウ.csv,21,3015009010200,甘奈,"对！ 甘奈们是偶像……
所以要做好对策！",大崎甜花,【見果てぬ先のアヴァロン】大崎甜花,オデカケ・シマショウ
大崎甜花\【見果てぬ先のアヴァロン】大崎甜花\オデカケ・シマショウ.csv,24,3015009010230,甘奈,"嗯！
所以现在教甜花正确的涂法",大崎甜花,【見果てぬ先のアヴァロン】大崎甜花,オデカケ・シマショウ
大崎甜花\【見果てぬ先のアヴァロン】大崎甜花\オデカケ・シマショウ.csv,27,3015009010260,甘奈,"最开始要先整顿肌肤
不做好保湿的话，皮肤会变糟糕的",大崎甜花,【見果てぬ先のアヴァロン】大崎甜花,オデカケ・シマショウ
大崎甜花\【見果てぬ先のアヴァロン】大崎甜花\オデカケ・シマショウ.csv,28,3015009010270,甘奈,所以，要用化妆水……,大崎甜花,【見果てぬ先のアヴァロン】大崎甜花,オデカケ・シマショウ
大崎甜花\【見果てぬ先のアヴァロン】大崎甜花\オデカケ・シマショウ.csv,29,3015009010280,甘奈,"然后，用乳液包裹住湿润的肌肤之后……
就要开始用防晒霜了！",大崎甜花,【見果てぬ先のアヴァロン】大崎甜花,オデカケ・シマショウ
大崎甜花\【見果てぬ先のアヴァロン】大崎甜花\オデカケ・シマショウ.csv,31,3015009010300,甘奈,在手心，挤出500円硬币程度的防晒霜来～,大崎甜花,【見果てぬ先のアヴァロン】大崎甜花,オデカケ・シマショウ
大崎甜花\【見果てぬ先のアヴァロン】大崎甜花\オデカケ・シマショウ.csv,33,3015009010320,甘奈,"在额头，和两边的脸颊，还有鼻头，和下巴这几个地方
噌噌噌地点上防晒霜",大崎甜花,【見果てぬ先のアヴァロン】大崎甜花,オデカケ・シマショウ
大崎甜花\【見果てぬ先のアヴァロン】大崎甜花\オデカケ・シマショウ.csv,35,3015009010340,甘奈,"然后，就用手掌直直地推平！
要慢慢来，注意不要涂剩了！",大崎甜花,【見果てぬ先のアヴァロン】大崎甜花,オデカケ・シマショウ
大崎甜花\【見果てぬ先のアヴァロン】大崎甜花\オデカケ・シマショウ.csv,37,3015009010360,甘奈,"然后，要涂耳朵还有脖子一圈——……
接下来，就要涂身体了！",大崎甜花,【見果てぬ先のアヴァロン】大崎甜花,オデカケ・シマショウ
大崎甜花\【見果てぬ先のアヴァロン】大崎甜花\オデカケ・シマショウ.csv,38,3015009010370,甘奈,"直接抹在身体上会比较快，
所以从瓶子里挤多点……",大崎甜花,【見果てぬ先のアヴァロン】大崎甜花,オデカケ・シマショウ
大崎甜花\【見果てぬ先のアヴァロン】大崎甜花\オデカケ・シマショウ.csv,40,3015009010390,甘奈,用手掌推平，然后涂好！,大崎甜花,【見果てぬ先のアヴァロン】大崎甜花,オデカケ・シマショウ
大崎甜花\【見果てぬ先のアヴァロン】大崎甜花\オデカケ・シマショウ.csv,42,3015009010410,甘奈,"这样就结束了！
膝盖和大腿后面没问题吗？",大崎甜花,【見果てぬ先のアヴァロン】大崎甜花,オデカケ・シマショウ
大崎甜花\【見果てぬ先のアヴァロン】大崎甜花\オデカケ・シマショウ.csv,44,3015009010430,甘奈,那这样就完美了☆,大崎甜花,【見果てぬ先のアヴァロン】大崎甜花,オデカケ・シマショウ
大崎甜花\【見果てぬ先のアヴァロン】大崎甜花\オデカケ・シマショウ.csv,46,3015009010450,甘奈,…………可是，甜花,大崎甜花,【見果てぬ先のアヴァロン】大崎甜花,オデカケ・シマショウ
大崎甜花\【見果てぬ先のアヴァロン】大崎甜花\オデカケ・シマショウ.csv,47,3015009010460,甘奈,"明明这么完美，
不出门不是很可惜吗？",大崎甜花,【見果てぬ先のアヴァロン】大崎甜花,オデカケ・シマショウ
大崎甜花\【見果てぬ先のアヴァロン】大崎甜花\オデカケ・シマショウ.csv,49,3015009010480,甘奈,"明明都涂了防晒霜～
出门的话，效果就很明显了～",大崎甜花,【見果てぬ先のアヴァロン】大崎甜花,オデカケ・シマショウ
大崎甜花\【見果てぬ先のアヴァロン】大崎甜花\オデカケ・シマショウ.csv,53,3015009010520,甘奈,,大崎甜花,【見果てぬ先のアヴァロン】大崎甜花,オデカケ・シマショウ
大崎甜花\【見果てぬ先のアヴァロン】大崎甜花\オデカケ・シマショウ.csv,54,3015009010530,甘奈,嗯，就这么做吧！,大崎甜花,【見果てぬ先のアヴァロン】大崎甜花,オデカケ・シマショウ
大崎甜花\【見果てぬ先のアヴァロン】大崎甜花\オデカケ・シマショウ.csv,55,3015009010540,甘奈,"对了！ 脚都涂好的话，
甘奈把裙子借给甜花好了，就穿这件吧☆",大崎甜花,【見果てぬ先のアヴァロン】大崎甜花,オデカケ・シマショウ
大崎甜花\【見果てぬ先のアヴァロン】大崎甜花\オデカケ・シマショウ.csv,56,3015009010550,甘奈,"就是为了这种时候，
才准备的～，双胞胎搭配！",大崎甜花,【見果てぬ先のアヴァロン】大崎甜花,オデカケ・シマショウ
大崎甜花\【見果てぬ先のアヴァロン】大崎甜花\ワタシ・タチハ・ドコマデモ.csv,8,3015009030070,甘奈,"对不起久等了！
准备花了不少时间……",大崎甜花,【見果てぬ先のアヴァロン】大崎甜花,ワタシ・タチハ・ドコマデモ
大崎甜花\【見果てぬ先のアヴァロン】大崎甜花\ワタシ・タチハ・ドコマデモ.csv,10,3015009030090,甘奈,"诶嘿嘿，谢谢☆
那就走吧！",大崎甜花,【見果てぬ先のアヴァロン】大崎甜花,ワタシ・タチハ・ドコマデモ
大崎甜花\【見果てぬ先のアヴァロン】大崎甜花\ワタシ・タチハ・ドコマデモ.csv,11,3015009030100,甘奈,"防晒霜也涂了，
出门的准备也都做好了☆",大崎甜花,【見果てぬ先のアヴァロン】大崎甜花,ワタシ・タチハ・ドコマデモ
大崎甜花\【見果てぬ先のアヴァロン】大崎甜花\ワタシ・タチハ・ドコマデモ.csv,13,3015009030120,甘奈,"诶？
……嗯……去哪呢~？",大崎甜花,【見果てぬ先のアヴァロン】大崎甜花,ワタシ・タチハ・ドコマデモ
大崎甜花\【見果てぬ先のアヴァロン】大崎甜花\ワタシ・タチハ・ドコマデモ.csv,14,3015009030130,甘奈,"总之先出门吧！
就算只是散散步，也很有意思的！",大崎甜花,【見果てぬ先のアヴァロン】大崎甜花,ワタシ・タチハ・ドコマデモ
大崎甜花\【見果てぬ先のアヴァロン】大崎甜花\ワタシ・タチハ・ドコマデモ.csv,17,3015009030160,甘奈,诶嘿嘿……,大崎甜花,【見果てぬ先のアヴァロン】大崎甜花,ワタシ・タチハ・ドコマデモ
大崎甜花\【見果てぬ先のアヴァロン】大崎甜花\ワタシ・タチハ・ドコマデモ.csv,19,3015009030180,甘奈,甜花，为什么这么惊讶？,大崎甜花,【見果てぬ先のアヴァロン】大崎甜花,ワタシ・タチハ・ドコマデモ
大崎甜花\【見果てぬ先のアヴァロン】大崎甜花\ワタシ・タチハ・ドコマデモ.csv,21,3015009030200,甘奈,"天气这么好，
不在天上飞就可惜了！",大崎甜花,【見果てぬ先のアヴァロン】大崎甜花,ワタシ・タチハ・ドコマデモ
大崎甜花\【見果てぬ先のアヴァロン】大崎甜花\ワタシ・タチハ・ドコマデモ.csv,23,3015009030220,甘奈,"嗯！
那就马上——……",大崎甜花,【見果てぬ先のアヴァロン】大崎甜花,ワタシ・タチハ・ドコマデモ
大崎甜花\【見果てぬ先のアヴァロン】大崎甜花\ワタシ・タチハ・ドコマデモ.csv,27,3015009030260,甘奈,"诶嘿嘿，贵安☆ 千雪！
千雪也在散步吗？",大崎甜花,【見果てぬ先のアヴァロン】大崎甜花,ワタシ・タチハ・ドコマデモ
大崎甜花\【見果てぬ先のアヴァロン】大崎甜花\ワタシ・タチハ・ドコマデモ.csv,29,3015009030280,甘奈,诶嘿嘿，甘奈们也这么想☆,大崎甜花,【見果てぬ先のアヴァロン】大崎甜花,ワタシ・タチハ・ドコマデモ
大崎甜花\【見果てぬ先のアヴァロン】大崎甜花\ワタシ・タチハ・ドコマデモ.csv,30,3015009030290,甘奈,可是，还没决定要去哪里……,大崎甜花,【見果てぬ先のアヴァロン】大崎甜花,ワタシ・タチハ・ドコマデモ
大崎甜花\【見果てぬ先のアヴァロン】大崎甜花\ワタシ・タチハ・ドコマデモ.csv,34,3015009030330,甘奈,诶，在哪在哪！？,大崎甜花,【見果てぬ先のアヴァロン】大崎甜花,ワタシ・タチハ・ドコマデモ
大崎甜花\【見果てぬ先のアヴァロン】大崎甜花\ワタシ・タチハ・ドコマデモ.csv,38,3015009030370,甘奈,诶！ 好想去！,大崎甜花,【見果てぬ先のアヴァロン】大崎甜花,ワタシ・タチハ・ドコマデモ
大崎甜花\【見果てぬ先のアヴァロン】大崎甜花\ワタシ・タチハ・ドコマデモ.csv,39,3015009030380,甘奈,"——可是，甘奈……
没有带伞……",大崎甜花,【見果てぬ先のアヴァロン】大崎甜花,ワタシ・タチハ・ドコマデモ
大崎甜花\【見果てぬ先のアヴァロン】大崎甜花\ワタシ・タチハ・ドコマデモ.csv,44,3015009030430,甘奈,哇……！,大崎甜花,【見果てぬ先のアヴァロン】大崎甜花,ワタシ・タチハ・ドコマデモ
大崎甜花\【見果てぬ先のアヴァロン】大崎甜花\ワタシ・タチハ・ドコマデモ.csv,45,3015009030440,甘奈,"甜花好厉害……！
准备充分，好帅哦！",大崎甜花,【見果てぬ先のアヴァロン】大崎甜花,ワタシ・タチハ・ドコマデモ
大崎甜花\【見果てぬ先のアヴァロン】大崎甜花\ワタシ・タチハ・ドコマデモ.csv,48,3015009030461,甘奈＆甜花,嗯！,大崎甜花,【見果てぬ先のアヴァロン】大崎甜花,ワタシ・タチハ・ドコマデモ
大崎甜花\【見果てぬ先のアヴァロン】大崎甜花\ワタシ・タチハ・ドコマデモ.csv,50,3015009030480,甘奈,就是那里吗！？,大崎甜花,【見果てぬ先のアヴァロン】大崎甜花,ワタシ・タチハ・ドコマデモ
大崎甜花\【見果てぬ先のアヴァロン】大崎甜花\ワタシ・タチハ・ドコマデモ.csv,53,3015009030510,甘奈,"真的好厉害，千雪！
这样的景色还是第一次看到呢！",大崎甜花,【見果てぬ先のアヴァロン】大崎甜花,ワタシ・タチハ・ドコマデモ
大崎甜花\【見果てぬ先のアヴァロン】大崎甜花\ワタシ・タチハ・ドコマデモ.csv,61,3015009030581,甘奈＆千雪,,大崎甜花,【見果てぬ先のアヴァロン】大崎甜花,ワタシ・タチハ・ドコマデモ
大崎甜花\【見果てぬ先のアヴァロン】大崎甜花\ワタシ・タチハ・ドコマデモ.csv,62,3015009030590,甘奈,"……甘奈也很赞成这个☆
怎么样呢，千雪",大崎甜花,【見果てぬ先のアヴァロン】大崎甜花,ワタシ・タチハ・ドコマデモ
大崎甜花\【見果てぬ先のアヴァロン】大崎甜花\ワタシ・タチハ・ドコマデモ.csv,69,3015009030660,甘奈,"甜花——……？
——怪了，睡着了吗……？",大崎甜花,【見果てぬ先のアヴァロン】大崎甜花,ワタシ・タチハ・ドコマデモ
大崎甜花\【見果てぬ先のアヴァロン】大崎甜花\ワタシ・タチハ・ドコマデモ.csv,70,3015009030670,甘奈,"……诶嘿嘿☆ ……虽然风很强……
可是看到甜花，多少有点安心了",大崎甜花,【見果てぬ先のアヴァロン】大崎甜花,ワタシ・タチハ・ドコマデモ
大崎甜花\【身支度はお任せ☆】大崎甜花\『お疲れ様』.csv,3,3015005040020,甘奈,哦～甜花还真是干劲满满啊,大崎甜花,【身支度はお任せ☆】大崎甜花,『お疲れ様』
大崎甜花\【身支度はお任せ☆】大崎甜花\『お疲れ様』.csv,6,3015005040050,甘奈,"看到甜花唱歌跟舞蹈都进步如此巨大
我可是吓了一跳呢～",大崎甜花,【身支度はお任せ☆】大崎甜花,『お疲れ様』
大崎甜花\【身支度はお任せ☆】大崎甜花\『お疲れ様』.csv,9,3015005040080,甘奈,"甘奈也这么觉得哦！
这段时间我可是一直见证着甜花的努力……",大崎甜花,【身支度はお任せ☆】大崎甜花,『お疲れ様』
大崎甜花\【身支度はお任せ☆】大崎甜花\『お疲れ様』.csv,10,3015005040090,甘奈,今天的表演，肯定会获得巨大成功的好吧！,大崎甜花,【身支度はお任せ☆】大崎甜花,『お疲れ様』
大崎甜花\【身支度はお任せ☆】大崎甜花\『お疲れ様』.csv,12,3015005040110,甘奈,"嘿嘿嘿
啊，马上就到出场时间了！",大崎甜花,【身支度はお任せ☆】大崎甜花,『お疲れ様』
大崎甜花\【身支度はお任せ☆】大崎甜花\『お疲れ様』.csv,16,3015005040150,甘奈,今天的甜花，真是光彩迷人啊☆,大崎甜花,【身支度はお任せ☆】大崎甜花,『お疲れ様』
大崎甜花\【身支度はお任せ☆】大崎甜花\『お疲れ様』.csv,17,3015005040160,甘奈,"虽然平时的甜花就很耀眼
但今天比平常还要耀眼无数倍",大崎甜花,【身支度はお任せ☆】大崎甜花,『お疲れ様』
大崎甜花\【身支度はお任せ☆】大崎甜花\『お疲れ様』.csv,19,3015005040180,甘奈,"嗯嗯！ 光是在舞台侧方幕后看着就觉得甜花好可爱，
在台下的观众们一定只会觉得更可爱吧☆",大崎甜花,【身支度はお任せ☆】大崎甜花,『お疲れ様』
大崎甜花\【身支度はお任せ☆】大崎甜花\『お疲れ様』.csv,21,3015005040200,甘奈,表现很棒哦！ 超级可爱的～☆,大崎甜花,【身支度はお任せ☆】大崎甜花,『お疲れ様』
大崎甜花\【身支度はお任せ☆】大崎甜花\『お疲れ様』.csv,25,3015005040240,甘奈,"没有这回事啦～
都是靠的甜花自己的努力！",大崎甜花,【身支度はお任せ☆】大崎甜花,『お疲れ様』
大崎甜花\【身支度はお任せ☆】大崎甜花\『お疲れ様』.csv,29,3015005040280,甘奈,怎么了，甜花，困了吗？,大崎甜花,【身支度はお任せ☆】大崎甜花,『お疲れ様』
大崎甜花\【身支度はお任せ☆】大崎甜花\『お疲れ様』.csv,32,3015005040310,甘奈,"嗯……
不过离回去还有一段时间哦～",大崎甜花,【身支度はお任せ☆】大崎甜花,『お疲れ様』
大崎甜花\【身支度はお任せ☆】大崎甜花\『お疲れ様』.csv,33,3015005040320,甘奈,在这稍微睡一会，不也挺好吗？,大崎甜花,【身支度はお任せ☆】大崎甜花,『お疲れ様』
大崎甜花\【身支度はお任せ☆】大崎甜花\『お疲れ様』.csv,38,3015005040370,甘奈,"大家认真努力过后也都会休息的啊？
甜花今天都这么努力了！",大崎甜花,【身支度はお任せ☆】大崎甜花,『お疲れ様』
大崎甜花\【身支度はお任せ☆】大崎甜花\『お疲れ様』.csv,39,3015005040380,甘奈,稍微睡一会没事的啦～,大崎甜花,【身支度はお任せ☆】大崎甜花,『お疲れ様』
大崎甜花\【身支度はお任せ☆】大崎甜花\『お疲れ様』.csv,44,3015005040430,甘奈,"是啊。她这段时间一直都在努力……
辛苦啦，甜花……",大崎甜花,【身支度はお任せ☆】大崎甜花,『お疲れ様』
大崎甜花\【身支度はお任せ☆】大崎甜花\まどろみの昼下がり.csv,3,3015005010020,甘奈,欸，这件连衣裙好可爱……,大崎甜花,【身支度はお任せ☆】大崎甜花,まどろみの昼下がり
大崎甜花\【身支度はお任せ☆】大崎甜花\まどろみの昼下がり.csv,4,3015005010030,甘奈,……嘿嘿，甜花睡的真熟啊～,大崎甜花,【身支度はお任せ☆】大崎甜花,まどろみの昼下がり
大崎甜花\【身支度はお任せ☆】大崎甜花\まどろみの昼下がり.csv,7,3015005010060,甘奈,早安，甜花,大崎甜花,【身支度はお任せ☆】大崎甜花,まどろみの昼下がり
大崎甜花\【身支度はお任せ☆】大崎甜花\まどろみの昼下がり.csv,10,3015005010090,甘奈,"甜花的睡脸真是可爱啊～
简直就跟天使一样",大崎甜花,【身支度はお任せ☆】大崎甜花,まどろみの昼下がり
大崎甜花\【身支度はお任せ☆】大崎甜花\まどろみの昼下がり.csv,12,3015005010110,甘奈,"我不是这个意思啦！
是在说甜花你真的很可爱啦！",大崎甜花,【身支度はお任せ☆】大崎甜花,まどろみの昼下がり
大崎甜花\【身支度はお任せ☆】大崎甜花\まどろみの昼下がり.csv,14,3015005010130,甘奈,"就是啊就是啊！
不过话说回来，甜花还真是在哪都能睡着啊",大崎甜花,【身支度はお任せ☆】大崎甜花,まどろみの昼下がり
大崎甜花\【身支度はお任せ☆】大崎甜花\まどろみの昼下がり.csv,17,3015005010160,甘奈,毕竟你在家里也经常睡午觉嘛,大崎甜花,【身支度はお任せ☆】大崎甜花,まどろみの昼下がり
大崎甜花\【身支度はお任せ☆】大崎甜花\まどろみの昼下がり.csv,26,3015005010250,甘奈,"听了甜花说的话
连我都困起来啦～",大崎甜花,【身支度はお任せ☆】大崎甜花,まどろみの昼下がり
大崎甜花\【身支度はお任せ☆】大崎甜花\まどろみの昼下がり.csv,28,3015005010270,甘奈,"嗯
三个人一起午睡也是一种新鲜的体验呢☆",大崎甜花,【身支度はお任せ☆】大崎甜花,まどろみの昼下がり
大崎甜花\【身支度はお任せ☆】大崎甜花\まどろみの昼下がり.csv,32,3015005010310,甘奈,嗯，是什么是什么～？,大崎甜花,【身支度はお任せ☆】大崎甜花,まどろみの昼下がり
大崎甜花\【身支度はお任せ☆】大崎甜花\まどろみの昼下がり.csv,34,3015005010330,甘奈,"啊～有道理！
在电视上经常有看到呢～应该蛮有意思的",大崎甜花,【身支度はお任せ☆】大崎甜花,まどろみの昼下がり
大崎甜花\【身支度はお任せ☆】大崎甜花\まどろみの昼下がり.csv,41,3015005010400,甘奈,哇～，感觉超有意思的啊～！！,大崎甜花,【身支度はお任せ☆】大崎甜花,まどろみの昼下がり
大崎甜花\【身支度はお任せ☆】大崎甜花\まどろみの昼下がり.csv,44,3015005010430,甘奈,不过在哪里可以体验到在吊床上睡觉呢～,大崎甜花,【身支度はお任せ☆】大崎甜花,まどろみの昼下がり
大崎甜花\【身支度はお任せ☆】大崎甜花\まどろみの昼下がり.csv,46,3015005010450,甘奈,"还有这种店啊！
不知道这附近有没有啊……我查查看☆",大崎甜花,【身支度はお任せ☆】大崎甜花,まどろみの昼下がり
大崎甜花\【身支度はお任せ☆】大崎甜花\まどろみの昼下がり.csv,48,3015005010470,甘奈,"这种感觉一般的被子可体验不到呢～
不知道能不能三个人一起睡啊～？",大崎甜花,【身支度はお任せ☆】大崎甜花,まどろみの昼下がり
大崎甜花\【身支度はお任せ☆】大崎甜花\まどろみの昼下がり.csv,51,3015005010500,甘奈,"毕竟是为了甜花！
我怎样都会找出来的☆",大崎甜花,【身支度はお任せ☆】大崎甜花,まどろみの昼下がり
大崎甜花\【身支度はお任せ☆】大崎甜花\メイクアップはお任せで.csv,2,3015005020010,甘奈,"……甜花还没来啊～
制作人到我家了嘛",大崎甜花,【身支度はお任せ☆】大崎甜花,メイクアップはお任せで
大崎甜花\【身支度はお任せ☆】大崎甜花\メイクアップはお任せで.csv,5,3015005020040,甘奈,"唔，要是我不需要参加商讨会的话，
就可以跟甜花一起来了～",大崎甜花,【身支度はお任せ☆】大崎甜花,メイクアップはお任せで
大崎甜花\【身支度はお任せ☆】大崎甜花\メイクアップはお任せで.csv,6,3015005020050,甘奈,再不做准备的话，估计就要迟到了……,大崎甜花,【身支度はお任せ☆】大崎甜花,メイクアップはお任せで
大崎甜花\【身支度はお任せ☆】大崎甜花\メイクアップはお任せで.csv,10,3015005020090,甘奈,制作人说了什么？,大崎甜花,【身支度はお任せ☆】大崎甜花,メイクアップはお任せで
大崎甜花\【身支度はお任せ☆】大崎甜花\メイクアップはお任せで.csv,12,3015005020110,甘奈,"太好啦～！
那就能赶上啦",大崎甜花,【身支度はお任せ☆】大崎甜花,メイクアップはお任せで
大崎甜花\【身支度はお任せ☆】大崎甜花\メイクアップはお任せで.csv,15,3015005020140,甘奈,"嘿嘿
有道理！ 千雪姐☆",大崎甜花,【身支度はお任せ☆】大崎甜花,メイクアップはお任せで
大崎甜花\【身支度はお任せ☆】大崎甜花\メイクアップはお任せで.csv,18,3015005020170,甘奈,"甜花，过来这边～！
我们早就准备好了☆",大崎甜花,【身支度はお任せ☆】大崎甜花,メイクアップはお任せで
大崎甜花\【身支度はお任せ☆】大崎甜花\メイクアップはお任せで.csv,24,3015005020230,甘奈,"是吧是吧！？
甜花跟我用的是一款洗发水哦☆",大崎甜花,【身支度はお任せ☆】大崎甜花,メイクアップはお任せで
大崎甜花\【身支度はお任せ☆】大崎甜花\メイクアップはお任せで.csv,25,3015005020240,甘奈,"甜花你嘴张开一下～
我来帮你刷牙～",大崎甜花,【身支度はお任せ☆】大崎甜花,メイクアップはお任せで
大崎甜花\【身支度はお任せ☆】大崎甜花\メイクアップはお任せで.csv,28,3015005020270,甘奈,"哇，不愧是千雪姐～
甜花，好可爱！……",大崎甜花,【身支度はお任せ☆】大崎甜花,メイクアップはお任せで
大崎甜花\【身支度はお任せ☆】大崎甜花\メイクアップはお任せで.csv,31,3015005020300,甘奈,没事的，肯定赶得上的……,大崎甜花,【身支度はお任せ☆】大崎甜花,メイクアップはお任せで
大崎甜花\【身支度はお任せ☆】大崎甜花\メイクアップはお任せで.csv,34,3015005020330,甘奈,"辛苦了～☆
还好一切都进行的很顺利～",大崎甜花,【身支度はお任せ☆】大崎甜花,メイクアップはお任せで
大崎甜花\【身支度はお任せ☆】大崎甜花\メイクアップはお任せで.csv,38,3015005020370,甘奈,哇哇，甜花你别道歉啊～,大崎甜花,【身支度はお任せ☆】大崎甜花,メイクアップはお任せで
大崎甜花\【身支度はお任せ☆】大崎甜花\メイクアップはお任せで.csv,40,3015005020390,甘奈,"没事的
反正既没迟到，工作也进展的很顺利",大崎甜花,【身支度はお任せ☆】大崎甜花,メイクアップはお任せで
大崎甜花\【身支度はお任せ☆】大崎甜花\メイクアップはお任せで.csv,41,3015005020400,甘奈,"对于我来说，倒是觉得
能把甜花打扮的这么可爱，太有趣了☆",大崎甜花,【身支度はお任せ☆】大崎甜花,メイクアップはお任せで
大崎甜花\【身支度はお任せ☆】大崎甜花\メイクアップはお任せで.csv,46,3015005020450,甘奈,"就是啊～
反正也没有迟到，没事的！",大崎甜花,【身支度はお任せ☆】大崎甜花,メイクアップはお任せで
大崎甜花\【身支度はお任せ☆】大崎甜花\メイクアップはお任せで.csv,48,3015005020470,甘奈,"嗯！
那我们准备回去吧～",大崎甜花,【身支度はお任せ☆】大崎甜花,メイクアップはお任せで
大崎甜花\【身支度はお任せ☆】大崎甜花\メイクアップはお任せで.csv,50,3015005020490,甘奈,"赞～成！
好期待啊，甜花",大崎甜花,【身支度はお任せ☆】大崎甜花,メイクアップはお任せで
大崎甜花\【身支度はお任せ☆】大崎甜花\不器用な努力.csv,2,3015005030010,甘奈,早上～好！,大崎甜花,【身支度はお任せ☆】大崎甜花,不器用な努力
大崎甜花\【身支度はお任せ☆】大崎甜花\不器用な努力.csv,4,3015005030030,甘奈,"距离会议还有一点时间啊
嘿嘿，来聊聊工作的事吧～",大崎甜花,【身支度はお任せ☆】大崎甜花,不器用な努力
大崎甜花\【身支度はお任せ☆】大崎甜花\不器用な努力.csv,5,3015005030040,甘奈,"不过，甜花的商讨会是在甘奈后面的吧？
这么早来等会不会觉得累吗？",大崎甜花,【身支度はお任せ☆】大崎甜花,不器用な努力
大崎甜花\【身支度はお任せ☆】大崎甜花\不器用な努力.csv,7,3015005030060,甘奈,"是嘛！ 能跟甜花多呆一会儿
我倒是很开心呢☆",大崎甜花,【身支度はお任せ☆】大崎甜花,不器用な努力
大崎甜花\【身支度はお任せ☆】大崎甜花\不器用な努力.csv,9,3015005030080,甘奈,"欸嘿嘿！ 那等一会，
我也会等甜花的商谈结束的！",大崎甜花,【身支度はお任せ☆】大崎甜花,不器用な努力
大崎甜花\【身支度はお任せ☆】大崎甜花\不器用な努力.csv,10,3015005030090,甘奈,然后，一起回去吧！,大崎甜花,【身支度はお任せ☆】大崎甜花,不器用な努力
大崎甜花\【身支度はお任せ☆】大崎甜花\不器用な努力.csv,13,3015005030120,甘奈,"欸，训练……？
你今天本来有课程的安排来着吗？",大崎甜花,【身支度はお任せ☆】大崎甜花,不器用な努力
大崎甜花\【身支度はお任せ☆】大崎甜花\不器用な努力.csv,16,3015005030150,甘奈,"是嘛～！　甜花也在努力啊
那甘奈也不能甘居人后啊～",大崎甜花,【身支度はお任せ☆】大崎甜花,不器用な努力
大崎甜花\【身支度はお任せ☆】大崎甜花\不器用な努力.csv,17,3015005030160,甘奈,啊，不过呢，你不要勉强自己哦！ 说好了哦！,大崎甜花,【身支度はお任せ☆】大崎甜花,不器用な努力
大崎甜花\【身支度はお任せ☆】大崎甜花\不器用な努力.csv,19,3015005030180,甘奈,嘿嘿！ 加油啊，甜花！,大崎甜花,【身支度はお任せ☆】大崎甜花,不器用な努力
大崎甜花\【身支度はお任せ☆】大崎甜花\不器用な努力.csv,21,3015005030200,甘奈,"啊，千雪姐！ 你的商谈结束了啊！
那轮到甘奈啦！",大崎甜花,【身支度はお任せ☆】大崎甜花,不器用な努力
大崎甜花\【身支度はお任せ☆】大崎甜花\不器用な努力.csv,22,3015005030210,甘奈,千雪姐，甜花，我先去啰！,大崎甜花,【身支度はお任せ☆】大崎甜花,不器用な努力
大崎甜花\【２８３プロのヒナ】大崎甜花\幸せのための小さな努力.csv,3,3015002020020,甘奈,"对对！ 那边的芭菲超级好吃的！
真想和甜花一起去啊～",大崎甜花,【２８３プロのヒナ】大崎甜花,幸せのための小さな努力
大崎甜花\【２８３プロのヒナ】大崎甜花\幸せのための小さな努力.csv,6,3015002020050,甘奈,"诶！？ 甜花吗！？
去哪！？",大崎甜花,【２８３プロのヒナ】大崎甜花,幸せのための小さな努力
大崎甜花\【２８３プロのヒナ】大崎甜花\幸せのための小さな努力.csv,7,3015002020060,甘奈,"甜花想去什么地方，
甘奈都会跟着去的！",大崎甜花,【２８３プロのヒナ】大崎甜花,幸せのための小さな努力
大崎甜花\【２８３プロのヒナ】大崎甜花\幸せのための小さな努力.csv,10,3015002020090,甘奈,"哇——！ 这里现在很有人气呢！
真好啊，甜花要去啊～！",大崎甜花,【２８３プロのヒナ】大崎甜花,幸せのための小さな努力
大崎甜花\【２８３プロのヒナ】大崎甜花\幸せのための小さな努力.csv,13,3015002020120,甘奈,"现在的话，平日人好像也不少呢……
甜花没问题吗？",大崎甜花,【２８３プロのヒナ】大崎甜花,幸せのための小さな努力
大崎甜花\【２８３プロのヒナ】大崎甜花\幸せのための小さな努力.csv,17,3015002020160,甘奈,当然了！,大崎甜花,【２８３プロのヒナ】大崎甜花,幸せのための小さな努力
大崎甜花\【２８３プロのヒナ】大崎甜花\幸せのための小さな努力.csv,18,3015002020170,甘奈,"能和甜花一起去游乐园
真开心～",大崎甜花,【２８３プロのヒナ】大崎甜花,幸せのための小さな努力
大崎甜花\【２８３プロのヒナ】大崎甜花\幸せのための小さな努力.csv,20,3015002020190,甘奈,"马上来看看行程表吧☆
嗯——……",大崎甜花,【２８３プロのヒナ】大崎甜花,幸せのための小さな努力
大崎甜花\【２８３プロのヒナ】大崎甜花\幸せのための小さな努力.csv,21,3015002020200,甘奈,"甘奈这天没问题～
甜花呢？",大崎甜花,【２８３プロのヒナ】大崎甜花,幸せのための小さな努力
大崎甜花\【２８３プロのヒナ】大崎甜花\幸せのための小さな努力.csv,23,3015002020220,甘奈,哇，真的有！,大崎甜花,【２８３プロのヒナ】大崎甜花,幸せのための小さな努力
大崎甜花\【２８３プロのヒナ】大崎甜花\幸せのための小さな努力.csv,24,3015002020230,甘奈,其他的日子……好像不太行……,大崎甜花,【２８３プロのヒナ】大崎甜花,幸せのための小さな努力
大崎甜花\【２８３プロのヒナ】大崎甜花\幸せのための小さな努力.csv,25,3015002020240,甘奈,嗯——，好想一起去啊～,大崎甜花,【２８３プロのヒナ】大崎甜花,幸せのための小さな努力
大崎甜花\【２８３プロのヒナ】大崎甜花\幸せのための小さな努力.csv,28,3015002020270,甘奈,"诶！？
那样甜花会累的吧？",大崎甜花,【２８３プロのヒナ】大崎甜花,幸せのための小さな努力
大崎甜花\【２８３プロのヒナ】大崎甜花\幸せのための小さな努力.csv,32,3015002020310,甘奈,"没事！ 这种程度没关系的！ 
多久都能等！",大崎甜花,【２８３プロのヒナ】大崎甜花,幸せのための小さな努力
大崎甜花\【２８３プロのヒナ】大崎甜花\幸せのための小さな努力.csv,33,3015002020320,甘奈,只要能和甜花一起去就OK了～,大崎甜花,【２８３プロのヒナ】大崎甜花,幸せのための小さな努力
大崎甜花\【２８３プロのヒナ】大崎甜花\幸せのための小さな努力.csv,35,3015002020340,甘奈,"诶嘿嘿，现在就好期待了～！
去玩个够吧！",大崎甜花,【２８３プロのヒナ】大崎甜花,幸せのための小さな努力
杜野凛世\【をとめ条約】杜野凛世\わるい時間・下.csv,2,3012012020010,甘奈,诶～在哪里？,杜野凛世,【をとめ条約】杜野凛世,わるい時間・下
杜野凛世\【をとめ条約】杜野凛世\わるい時間・下.csv,4,3012012020030,甘奈,"嗯……
没看到哦……？",杜野凛世,【をとめ条約】杜野凛世,わるい時間・下
杜野凛世\【をとめ条約】杜野凛世\わるい時間・下.csv,6,3012012020050,甘奈,"啊！真的哦
长了一个包",杜野凛世,【をとめ条約】杜野凛世,わるい時間・下
杜野凛世\【をとめ条約】杜野凛世\わるい時間・下.csv,8,3012012020070,甘奈,"啊，甘奈的在……
还是要看吗？",杜野凛世,【をとめ条約】杜野凛世,わるい時間・下
杜野凛世\【をとめ条約】杜野凛世\わるい時間・下.csv,10,3012012020090,甘奈,"嗯，嗯……
…………在额头的右边",杜野凛世,【をとめ条約】杜野凛世,わるい時間・下
杜野凛世\【をとめ条約】杜野凛世\わるい時間・下.csv,11,3012012020100,甘奈,不，不要一言不发啊……！,杜野凛世,【をとめ条約】杜野凛世,わるい時間・下
杜野凛世\【をとめ条約】杜野凛世\わるい時間・下.csv,13,3012012020120,甘奈,"诶～
果然是有点显眼啊……！",杜野凛世,【をとめ条約】杜野凛世,わるい時間・下
杜野凛世\【をとめ条約】杜野凛世\わるい時間・下.csv,14,3012012020130,甘奈,皮肤问题……！,杜野凛世,【をとめ条約】杜野凛世,わるい時間・下
杜野凛世\【をとめ条約】杜野凛世\わるい時間・下.csv,15,3012012020140,甘奈,"……！
有人要进来了……制作人吗……！？",杜野凛世,【をとめ条約】杜野凛世,わるい時間・下
杜野凛世\【をとめ条約】杜野凛世\わるい時間・下.csv,17,3012012020160,甘奈,嗯，嗯……！我们出去吧,杜野凛世,【をとめ条約】杜野凛世,わるい時間・下
杜野凛世\【をとめ条約】杜野凛世\わるい時間・下.csv,18,3012012020161,凛世＆甘奈,────哈啊……,杜野凛世,【をとめ条約】杜野凛世,わるい時間・下
杜野凛世\【をとめ条約】杜野凛世\わるい時間・下.csv,19,3012012020170,甘奈,"甘奈我啊……
在深夜的时段吃了东西",杜野凛世,【をとめ条約】杜野凛世,わるい時間・下
杜野凛世\【をとめ条約】杜野凛世\わるい時間・下.csv,20,3012012020180,甘奈,涂满奶油的华夫饼……！,杜野凛世,【をとめ条約】杜野凛世,わるい時間・下
杜野凛世\【をとめ条約】杜野凛世\わるい時間・下.csv,22,3012012020200,甘奈,"心想着这是不行的
但是肚子实在饿了……",杜野凛世,【をとめ条約】杜野凛世,わるい時間・下
杜野凛世\【をとめ条約】杜野凛世\わるい時間・下.csv,24,3012012020220,甘奈,这算不借口，因为大家也一样忙到了很晚,杜野凛世,【をとめ条約】杜野凛世,わるい時間・下
杜野凛世\【をとめ条約】杜野凛世\わるい時間・下.csv,27,3012012020250,甘奈,啊，不会吧，难道说是那个？西装君的故事！,杜野凛世,【をとめ条約】杜野凛世,わるい時間・下
杜野凛世\【をとめ条約】杜野凛世\わるい時間・下.csv,29,3012012020270,甘奈,"诶！是真的吗！？
甘奈我也想看啊！",杜野凛世,【をとめ条約】杜野凛世,わるい時間・下
杜野凛世\【をとめ条約】杜野凛世\わるい時間・下.csv,30,3012012020280,甘奈,西装君已经向水手服酱告白了吗？,杜野凛世,【をとめ条約】杜野凛世,わるい時間・下
杜野凛世\【をとめ条約】杜野凛世\わるい時間・下.csv,32,3012012020300,甘奈,"……！
啊，不行！刚才说的不算数，不算数！",杜野凛世,【をとめ条約】杜野凛世,わるい時間・下
杜野凛世\【をとめ条約】杜野凛世\わるい時間・下.csv,33,3012012020301,凛世＆甘奈,诶嘿嘿……！,杜野凛世,【をとめ条約】杜野凛世,わるい時間・下
杜野凛世\【をとめ条約】杜野凛世\わるい時間・下.csv,34,3012012020310,甘奈,"────
水手服酱也会长痘痘吗？",杜野凛世,【をとめ条約】杜野凛世,わるい時間・下
杜野凛世\【をとめ条約】杜野凛世\わるい時間・下.csv,36,3012012020330,甘奈,"长出红红的一个小包
出现类似的皮肤问题",杜野凛世,【をとめ条約】杜野凛世,わるい時間・下
杜野凛世\【をとめ条約】杜野凛世\わるい時間・下.csv,40,3012012020370,甘奈,"……！
是这样啊！",杜野凛世,【をとめ条約】杜野凛世,わるい時間・下
杜野凛世\【をとめ条約】杜野凛世\わるい時間・下.csv,41,3012012020380,甘奈,在明天之前能变小吗？,杜野凛世,【をとめ条約】杜野凛世,わるい時間・下
杜野凛世\【をとめ条約】杜野凛世\わるい時間・下.csv,43,3012012020400,甘奈,"不，不是
是因为……",杜野凛世,【をとめ条約】杜野凛世,わるい時間・下
杜野凛世\【をとめ条約】杜野凛世\わるい時間・下.csv,44,3012012020410,甘奈,只不过，要在事务所开个磋商会而已,杜野凛世,【をとめ条約】杜野凛世,わるい時間・下
杜野凛世\【をとめ条約】杜野凛世\わるい時間・下.csv,48,3012012020450,甘奈,这样啊……,杜野凛世,【をとめ条約】杜野凛世,わるい時間・下
杜野凛世\【をとめ条約】杜野凛世\わるい時間・下.csv,52,3012012020490,甘奈,没，没有的事……！,杜野凛世,【をとめ条約】杜野凛世,わるい時間・下
杜野凛世\【をとめ条約】杜野凛世\わるい時間・下.csv,55,3012012020520,甘奈,"……！
这样的话……",杜野凛世,【をとめ条約】杜野凛世,わるい時間・下
杜野凛世\【をとめ条約】杜野凛世\わるい時間・下.csv,56,3012012020530,甘奈,"真是的～～……
果真如此的话，凛世你也一样吧！",杜野凛世,【をとめ条約】杜野凛世,わるい時間・下
杜野凛世\【をとめ条約】杜野凛世\わるい時間・下.csv,57,3012012020540,甘奈,"因为想追喜欢的漫画
在额头长出痘痘的凛世",杜野凛世,【をとめ条約】杜野凛世,わるい時間・下
杜野凛世\【をとめ条約】杜野凛世\わるい時間・下.csv,58,3012012020550,甘奈,绝对……大家会超级喜欢的！,杜野凛世,【をとめ条約】杜野凛世,わるい時間・下
杜野凛世\【をとめ条約】杜野凛世\わるい時間・下.csv,60,3012012020570,甘奈,无论是谁都会觉得这样的你很可爱～～!,杜野凛世,【をとめ条約】杜野凛世,わるい時間・下
杜野凛世\【をとめ条約】杜野凛世\わるい時間・下.csv,61,3012012020571,凛世＆甘奈,呼呼……,杜野凛世,【をとめ条約】杜野凛世,わるい時間・下
杜野凛世\【をとめ条約】杜野凛世\わるい時間・下.csv,65,3012012020610,甘奈,第一：要表现得堂堂正正！,杜野凛世,【をとめ条約】杜野凛世,わるい時間・下
杜野凛世\【をとめ条約】杜野凛世\わるい時間・下.csv,66,3012012020620,甘奈,早上好！今天请多多指教！,杜野凛世,【をとめ条約】杜野凛世,わるい時間・下
杜野凛世\【をとめ条約】杜野凛世\わるい時間・下.csv,69,3012012020641,凛世＆甘奈,第三！,杜野凛世,【をとめ条約】杜野凛世,わるい時間・下
杜野凛世\【をとめ条約】杜野凛世\わるい時間・下.csv,70,3012012020650,甘奈,"怎么办呢
其实还想要多一层心理准备啊～！",杜野凛世,【をとめ条約】杜野凛世,わるい時間・下
杜野凛世\【をとめ条約】杜野凛世\わるい時間・下.csv,72,3012012020670,甘奈,嗯～……,杜野凛世,【をとめ条約】杜野凛世,わるい時間・下
杜野凛世\【をとめ条約】杜野凛世\わるい時間・下.csv,73,3012012020671,凛世＆甘奈,以防万一，用发夹遮住痘痘！,杜野凛世,【をとめ条約】杜野凛世,わるい時間・下
桑山千雪\【RELAXIN】桑山千雪\桑山ハウスに冬がきました.csv,4,3016011010030,甘奈,"呜！
好冷啊～～……！",桑山千雪,【RELAXIN】桑山千雪,桑山ハウスに冬がきました
桑山千雪\【RELAXIN】桑山千雪\桑山ハウスに冬がきました.csv,5,3016011010040,甘奈,"甜花没事吧？！
手还有脖子之类的地方，没有风吹进去吗……？！",桑山千雪,【RELAXIN】桑山千雪,桑山ハウスに冬がきました
桑山千雪\【RELAXIN】桑山千雪\桑山ハウスに冬がきました.csv,8,3016011010070,甘奈,那就没问题了呢！,桑山千雪,【RELAXIN】桑山千雪,桑山ハウスに冬がきました
桑山千雪\【RELAXIN】桑山千雪\桑山ハウスに冬がきました.csv,9,3016011010080,甘奈,"……！啊！甜花，等一下！
好像你的围巾有些松了——",桑山千雪,【RELAXIN】桑山千雪,桑山ハウスに冬がきました
桑山千雪\【RELAXIN】桑山千雪\桑山ハウスに冬がきました.csv,10,3016011010090,甘奈,"——嗯！
这样就可以了！",桑山千雪,【RELAXIN】桑山千雪,桑山ハウスに冬がきました
桑山千雪\【RELAXIN】桑山千雪\桑山ハウスに冬がきました.csv,12,3016011010110,甘奈,不用谢！,桑山千雪,【RELAXIN】桑山千雪,桑山ハウスに冬がきました
桑山千雪\【RELAXIN】桑山千雪\桑山ハウスに冬がきました.csv,13,3016011010120,甘奈,"千雪姐……
哇！看起来好暖和！",桑山千雪,【RELAXIN】桑山千雪,桑山ハウスに冬がきました
桑山千雪\【RELAXIN】桑山千雪\桑山ハウスに冬がきました.csv,15,3016011010140,甘奈,诶嘿嘿，不愧是你！,桑山千雪,【RELAXIN】桑山千雪,桑山ハウスに冬がきました
桑山千雪\【RELAXIN】桑山千雪\桑山ハウスに冬がきました.csv,18,3016011010161,甘奈＆甜花,,桑山千雪,【RELAXIN】桑山千雪,桑山ハウスに冬がきました
桑山千雪\【RELAXIN】桑山千雪\桑山ハウスに冬がきました.csv,20,3016011010180,甘奈,啊，没有！,桑山千雪,【RELAXIN】桑山千雪,桑山ハウスに冬がきました
桑山千雪\【RELAXIN】桑山千雪\桑山ハウスに冬がきました.csv,21,3016011010190,甘奈,"今天爸爸妈妈会迟点回家～
所以在想晚饭该怎么办",桑山千雪,【RELAXIN】桑山千雪,桑山ハウスに冬がきました
桑山千雪\【RELAXIN】桑山千雪\桑山ハウスに冬がきました.csv,27,3016011010241,甘奈＆甜花,,桑山千雪,【RELAXIN】桑山千雪,桑山ハウスに冬がきました
桑山千雪\【RELAXIN】桑山千雪\桑山ハウスに冬がきました.csv,29,3016011010251,甘奈＆甜花,诶……！？,桑山千雪,【RELAXIN】桑山千雪,桑山ハウスに冬がきました
桑山千雪\【RELAXIN】桑山千雪\桑山ハウスに冬がきました.csv,30,3016011010252,甘奈＆甜花,可以吗！？,桑山千雪,【RELAXIN】桑山千雪,桑山ハウスに冬がきました
桑山千雪\【RELAXIN】桑山千雪\桑山ハウスに冬がきました.csv,34,3016011010290,甘奈,"嗯……
五花肉跟维也纳香肠……葱……",桑山千雪,【RELAXIN】桑山千雪,桑山ハウスに冬がきました
桑山千雪\【RELAXIN】桑山千雪\桑山ハウスに冬がきました.csv,38,3016011010330,甘奈,"大家一起吃的话
不管吃什么都很好吃啊！",桑山千雪,【RELAXIN】桑山千雪,桑山ハウスに冬がきました
桑山千雪\【RELAXIN】桑山千雪\桑山ハウスに冬がきました.csv,41,3016011010360,甘奈,"啊！知道了！炒乌冬面！
需要用到维也纳香肠对吧！",桑山千雪,【RELAXIN】桑山千雪,桑山ハウスに冬がきました
桑山千雪\【RELAXIN】桑山千雪\桑山ハウスに冬がきました.csv,44,3016011010381,甘奈＆甜花,白菜……！,桑山千雪,【RELAXIN】桑山千雪,桑山ハウスに冬がきました
桑山千雪\【RELAXIN】桑山千雪\桑山ハウスに冬がきました.csv,46,3016011010400,甘奈,嗯，甘奈也是！,桑山千雪,【RELAXIN】桑山千雪,桑山ハウスに冬がきました
桑山千雪\【RELAXIN】桑山千雪\桑山ハウスに冬がきました.csv,48,3016011010411,甘奈＆甜花,火锅！,桑山千雪,【RELAXIN】桑山千雪,桑山ハウスに冬がきました
桑山千雪\【RELAXIN】桑山千雪\桑山ハウスに冬がきました.csv,51,3016011010440,甘奈,"千雪姐～！
火锅超棒的～！",桑山千雪,【RELAXIN】桑山千雪,桑山ハウスに冬がきました
桑山千雪\【RELAXIN】桑山千雪\衝動的お鍋.csv,3,3016011020020,甘奈,"诶嘿嘿，那么该到火锅登场了呢☆
千雪姐，锅放在哪里～",桑山千雪,【RELAXIN】桑山千雪,衝動的お鍋
桑山千雪\【RELAXIN】桑山千雪\衝動的お鍋.csv,6,3016011020050,甘奈,"啊，真的！
这难道是新的锅？",桑山千雪,【RELAXIN】桑山千雪,衝動的お鍋
桑山千雪\【RELAXIN】桑山千雪\衝動的お鍋.csv,8,3016011020070,甘奈,"嗯！
哇！这锅好大啊！",桑山千雪,【RELAXIN】桑山千雪,衝動的お鍋
桑山千雪\【RELAXIN】桑山千雪\衝動的お鍋.csv,10,3016011020090,甘奈,"挺好的！
俗话说大可兼小嘛！",桑山千雪,【RELAXIN】桑山千雪,衝動的お鍋
桑山千雪\【RELAXIN】桑山千雪\衝動的お鍋.csv,11,3016011020100,甘奈,甜花也准备好了？,桑山千雪,【RELAXIN】桑山千雪,衝動的お鍋
桑山千雪\【RELAXIN】桑山千雪\衝動的お鍋.csv,13,3016011020120,甘奈,"利用芝麻摆出了一张脸☆
诶嘿嘿，真可爱！",桑山千雪,【RELAXIN】桑山千雪,衝動的お鍋
桑山千雪\【RELAXIN】桑山千雪\衝動的お鍋.csv,17,3016011020160,甘奈,"哇……！
好多蔬菜！",桑山千雪,【RELAXIN】桑山千雪,衝動的お鍋
桑山千雪\【RELAXIN】桑山千雪\衝動的お鍋.csv,19,3016011020180,甘奈,"不会，放多点蔬菜会更好吃
而且很健康！",桑山千雪,【RELAXIN】桑山千雪,衝動的お鍋
桑山千雪\【RELAXIN】桑山千雪\衝動的お鍋.csv,23,3016011020220,甘奈,"哇……！
好香……！",桑山千雪,【RELAXIN】桑山千雪,衝動的お鍋
桑山千雪\【RELAXIN】桑山千雪\衝動的お鍋.csv,25,3016011020240,甘奈,"甘奈也是……
但是……忍住忍住……！",桑山千雪,【RELAXIN】桑山千雪,衝動的お鍋
桑山千雪\【RELAXIN】桑山千雪\衝動的お鍋.csv,28,3016011020270,甘奈,哇……！,桑山千雪,【RELAXIN】桑山千雪,衝動的お鍋
桑山千雪\【RELAXIN】桑山千雪\衝動的お鍋.csv,33,3016011020320,甘奈,"！甜花
先吹一吹再吃哦……！？",桑山千雪,【RELAXIN】桑山千雪,衝動的お鍋
桑山千雪\【RELAXIN】桑山千雪\衝動的お鍋.csv,37,3016011020351,甘奈＆甜花,嗯！,桑山千雪,【RELAXIN】桑山千雪,衝動的お鍋
桑山千雪\【RELAXIN】桑山千雪\衝動的お鍋.csv,38,3016011020360,甘奈,呼……真暖和……,桑山千雪,【RELAXIN】桑山千雪,衝動的お鍋
桑山千雪\【RELAXIN】桑山千雪\衝動的お鍋.csv,42,3016011020400,甘奈,嗯！超开心！,桑山千雪,【RELAXIN】桑山千雪,衝動的お鍋
桑山千雪\【RELAXIN】桑山千雪\衝動的お鍋.csv,44,3016011020420,甘奈,"千雪姐……难道……
是为了大家一起吃火锅才买来的！？",桑山千雪,【RELAXIN】桑山千雪,衝動的お鍋
桑山千雪\【RELAXIN】桑山千雪\衝動的お鍋.csv,49,3016011020470,甘奈,三个人一起煮火锅的话，就是三倍的美味！,桑山千雪,【RELAXIN】桑山千雪,衝動的お鍋
桑山千雪\【RELAXIN】桑山千雪\衝動的お鍋.csv,50,3016011020480,甘奈,千雪姐，谢谢你的邀请！,桑山千雪,【RELAXIN】桑山千雪,衝動的お鍋
桑山千雪\【RELAXIN】桑山千雪\衝動的お鍋.csv,54,3016011020520,甘奈,那么，下次就吃海鲜火锅！,桑山千雪,【RELAXIN】桑山千雪,衝動的お鍋
桑山千雪\【あたたかく、癒されて】桑山千雪\1.あの頃の、私のこと.csv,20,3016020010141,甘奈＆甜花,嗯，没事的哦！,桑山千雪,【あたたかく、癒されて】桑山千雪,1.あの頃の、私のこと
桑山千雪\【あたたかく、癒されて】桑山千雪\1.あの頃の、私のこと.csv,22,3016020010160,甘奈,"是什么啊~？
超好奇的！",桑山千雪,【あたたかく、癒されて】桑山千雪,1.あの頃の、私のこと
桑山千雪\【あたたかく、癒されて】桑山千雪\1.あの頃の、私のこと.csv,24,3016020010180,甘奈,"哇！
那必须大饱眼福！",桑山千雪,【あたたかく、癒されて】桑山千雪,1.あの頃の、私のこと
桑山千雪\【あたたかく、癒されて】桑山千雪\1.あの頃の、私のこと.csv,27,3016020010201,甘奈＆甜花,好耶~！,桑山千雪,【あたたかく、癒されて】桑山千雪,1.あの頃の、私のこと
桑山千雪\【あたたかく、癒されて】桑山千雪\1.あの頃の、私のこと.csv,30,3016020010230,甘奈,好可爱！,桑山千雪,【あたたかく、癒されて】桑山千雪,1.あの頃の、私のこと
桑山千雪\【あたたかく、癒されて】桑山千雪\1.あの頃の、私のこと.csv,33,3016020010260,甘奈,"嘿嘿，千雪姐
小时候很能吃啊~",桑山千雪,【あたたかく、癒されて】桑山千雪,1.あの頃の、私のこと
桑山千雪\【あたたかく、癒されて】桑山千雪\1.あの頃の、私のこと.csv,37,3016020010300,甘奈,满身是泥……！,桑山千雪,【あたたかく、癒されて】桑山千雪,1.あの頃の、私のこと
桑山千雪\【あたたかく、癒されて】桑山千雪\1.あの頃の、私のこと.csv,48,3016020010380,甘奈,千雪姐小时候很顽皮呢~,桑山千雪,【あたたかく、癒されて】桑山千雪,1.あの頃の、私のこと
桑山千雪\【あたたかく、癒されて】桑山千雪\1.あの頃の、私のこと.csv,54,3016020010420,甘奈,好啊~,桑山千雪,【あたたかく、癒されて】桑山千雪,1.あの頃の、私のこと
桑山千雪\【あたたかく、癒されて】桑山千雪\2.名は、体を.csv,5,3016020020030,甘奈,会有怎样的奇遇呢~？,桑山千雪,【あたたかく、癒されて】桑山千雪,2.名は、体を
桑山千雪\【あたたかく、癒されて】桑山千雪\2.名は、体を.csv,13,3016020020090,甘奈,"有意烤焦的部分也是一大卖点！
嘿嘿，都想再来一份了",桑山千雪,【あたたかく、癒されて】桑山千雪,2.名は、体を
桑山千雪\【あたたかく、癒されて】桑山千雪\2.名は、体を.csv,17,3016020020111,甘奈＆千雪,,桑山千雪,【あたたかく、癒されて】桑山千雪,2.名は、体を
桑山千雪\【あたたかく、癒されて】桑山千雪\2.名は、体を.csv,23,3016020020150,甘奈,这款手帕设计很漂亮！,桑山千雪,【あたたかく、癒されて】桑山千雪,2.名は、体を
桑山千雪\【あたたかく、癒されて】桑山千雪\2.名は、体を.csv,35,3016020020220,甘奈,水果味道很棒☆,桑山千雪,【あたたかく、癒されて】桑山千雪,2.名は、体を
桑山千雪\【あたたかく、癒されて】桑山千雪\2.名は、体を.csv,43,3016020020240,甘奈,真的可以吗！？,桑山千雪,【あたたかく、癒されて】桑山千雪,2.名は、体を
桑山千雪\【あたたかく、癒されて】桑山千雪\2.名は、体を.csv,51,3016020020280,甘奈,"……！
恭喜恭喜！",桑山千雪,【あたたかく、癒されて】桑山千雪,2.名は、体を
桑山千雪\【あたたかく、癒されて】桑山千雪\3.【続】あの頃の、私のこと.csv,5,3016020030020,甘奈,晚饭超美味的~！,桑山千雪,【あたたかく、癒されて】桑山千雪,3.【続】あの頃の、私のこと
桑山千雪\【あたたかく、癒されて】桑山千雪\3.【続】あの頃の、私のこと.csv,10,3016020030070,甘奈,"哦！
我也是！",桑山千雪,【あたたかく、癒されて】桑山千雪,3.【続】あの頃の、私のこと
桑山千雪\【あたたかく、癒されて】桑山千雪\3.【続】あの頃の、私のこと.csv,16,3016020030130,甘奈,"诶！以前留的短发！
和现在完全不一样~！",桑山千雪,【あたたかく、癒されて】桑山千雪,3.【続】あの頃の、私のこと
桑山千雪\【あたたかく、癒されて】桑山千雪\3.【続】あの頃の、私のこと.csv,18,3016020030150,甘奈,"……？
原因是什么呢~？",桑山千雪,【あたたかく、癒されて】桑山千雪,3.【続】あの頃の、私のこと
桑山千雪\【あたたかく、癒されて】桑山千雪\3.【続】あの頃の、私のこと.csv,21,3016020030180,甘奈,从那时起就很拿手了呢~,桑山千雪,【あたたかく、癒されて】桑山千雪,3.【続】あの頃の、私のこと
桑山千雪\【あたたかく、癒されて】桑山千雪\3.【続】あの頃の、私のこと.csv,39,3016020030330,甘奈,我倒是很能理解这份心情~,桑山千雪,【あたたかく、癒されて】桑山千雪,3.【続】あの頃の、私のこと
桑山千雪\【あたたかく、癒されて】桑山千雪\3.【続】あの頃の、私のこと.csv,40,3016020030340,甘奈,"正因为是很重要的朋友
比赛时就会想认真对待",桑山千雪,【あたたかく、癒されて】桑山千雪,3.【続】あの頃の、私のこと
桑山千雪\【あたたかく、癒されて】桑山千雪\3.【続】あの頃の、私のこと.csv,47,3016020030410,甘奈,"没错！外在展现出活力
内在的温柔包容力肯定一分不少的哦？",桑山千雪,【あたたかく、癒されて】桑山千雪,3.【続】あの頃の、私のこと
桑山千雪\【あたたかく、癒されて】桑山千雪\3.【続】あの頃の、私のこと.csv,48,3016020030420,甘奈,"所以说啊，那对夫妻的孩子
会和千雪姐一样，既温柔又坚强！",桑山千雪,【あたたかく、癒されて】桑山千雪,3.【続】あの頃の、私のこと
桑山千雪\【あたたかく、癒されて】桑山千雪\3.【続】あの頃の、私のこと.csv,58,3016020030461,甘奈＆甜花,千雪姐……？,桑山千雪,【あたたかく、癒されて】桑山千雪,3.【続】あの頃の、私のこと
桑山千雪\【あたたかく、癒されて】桑山千雪\3.【続】あの頃の、私のこと.csv,63,3016020030510,甘奈,"没错！
好想一直泡在里面",桑山千雪,【あたたかく、癒されて】桑山千雪,3.【続】あの頃の、私のこと
桑山千雪\【あたたかく、癒されて】桑山千雪\3.【続】あの頃の、私のこと.csv,64,3016020030520,甘奈,"……雪中泡澡
意境很棒呢~……",桑山千雪,【あたたかく、癒されて】桑山千雪,3.【続】あの頃の、私のこと
桑山千雪\【こころに恋】桑山千雪\『変わりたい』のRecipe.csv,2,3016007010010,甘奈,"嘿～！只用了电动睫毛刷
睫毛，就变了这么多啊……！",桑山千雪,【こころに恋】桑山千雪,『変わりたい』のRecipe
桑山千雪\【こころに恋】桑山千雪\『変わりたい』のRecipe.csv,5,3016007010040,甘奈,"嗯—，真好啊……
甘奈也去买吧～",桑山千雪,【こころに恋】桑山千雪,『変わりたい』のRecipe
桑山千雪\【こころに恋】桑山千雪\『変わりたい』のRecipe.csv,12,3016007010110,甘奈,"诶嘿嘿
这是眉笔哦，甜花☆",桑山千雪,【こころに恋】桑山千雪,『変わりたい』のRecipe
桑山千雪\【こころに恋】桑山千雪\『変わりたい』のRecipe.csv,20,3016007010190,甘奈,"咦—！没有啦
甘奈的化妆品，只是喜欢才收集的这么多而已!",桑山千雪,【こころに恋】桑山千雪,『変わりたい』のRecipe
桑山千雪\【こころに恋】桑山千雪\『変わりたい』のRecipe.csv,25,3016007010240,甘奈,"大概，
认真开始化妆，是在成了高中生的时候哦",桑山千雪,【こころに恋】桑山千雪,『変わりたい』のRecipe
桑山千雪\【こころに恋】桑山千雪\『変わりたい』のRecipe.csv,26,3016007010250,甘奈,"虽然从中学的时候
就会看杂志呢……",桑山千雪,【こころに恋】桑山千雪,『変わりたい』のRecipe
桑山千雪\【こころに恋】桑山千雪\『変わりたい』のRecipe.csv,27,3016007010260,甘奈,"进了高中之后，因为也比中学的时候更自由
所以就想着来试试吧——就开始化妆了呢☆",桑山千雪,【こころに恋】桑山千雪,『変わりたい』のRecipe
桑山千雪\【こころに恋】桑山千雪\『変わりたい』のRecipe.csv,29,3016007010280,甘奈,"咦—？
是吗—？",桑山千雪,【こころに恋】桑山千雪,『変わりたい』のRecipe
桑山千雪\【こころに恋】桑山千雪\『変わりたい』のRecipe.csv,30,3016007010290,甘奈,啊，不过不过——,桑山千雪,【こころに恋】桑山千雪,『変わりたい』のRecipe
桑山千雪\【こころに恋】桑山千雪\『変わりたい』のRecipe.csv,31,3016007010300,甘奈,"周围的朋友啊
好多都是在有了喜欢的人之后，才开始化妆的呢！",桑山千雪,【こころに恋】桑山千雪,『変わりたい』のRecipe
桑山千雪\【こころに恋】桑山千雪\『変わりたい』のRecipe.csv,35,3016007010340,甘奈,……？,桑山千雪,【こころに恋】桑山千雪,『変わりたい』のRecipe
桑山千雪\【こころに恋】桑山千雪\『変わりたい』のRecipe.csv,38,3016007010370,甘奈,"那那，
甘奈喜欢化妆的这个感觉，也是恋爱呢☆",桑山千雪,【こころに恋】桑山千雪,『変わりたい』のRecipe
桑山千雪\【こころに恋】桑山千雪\『変わりたい』のRecipe.csv,50,3016007010490,甘奈,"诶嘿嘿！
有很多恋爱呢！",桑山千雪,【こころに恋】桑山千雪,『変わりたい』のRecipe
桑山千雪\【ドゥワッチャラブ】桑山千雪\ひっくり返して生きていく.csv,30,3016009030231,甘奈＆甜花,啊——啊——啊——啊——啊——……！,桑山千雪,【ドゥワッチャラブ】桑山千雪,ひっくり返して生きていく
桑山千雪\【ドゥワッチャラブ】桑山千雪\ひっくり返して生きていく.csv,32,3016009030241,甘奈＆甜花,啊——！,桑山千雪,【ドゥワッチャラブ】桑山千雪,ひっくり返して生きていく
桑山千雪\【ドゥワッチャラブ】桑山千雪\ひっくり返して生きていく.csv,34,3016009030251,甘奈＆甜花,天气真好！,桑山千雪,【ドゥワッチャラブ】桑山千雪,ひっくり返して生きていく
桑山千雪\【ドゥワッチャラブ】桑山千雪\ひっくり返して生きていく.csv,36,3016009030261,甘奈＆甜花,仰起头来！,桑山千雪,【ドゥワッチャラブ】桑山千雪,ひっくり返して生きていく
桑山千雪\【ドゥワッチャラブ】桑山千雪\ひっくり返して生きていく.csv,38,3016009030271,甘奈＆甜花,不必拘束！,桑山千雪,【ドゥワッチャラブ】桑山千雪,ひっくり返して生きていく
桑山千雪\【ドゥワッチャラブ】桑山千雪\ひっくり返して生きていく.csv,40,3016009030281,甘奈＆甜花,大声呼喊！,桑山千雪,【ドゥワッチャラブ】桑山千雪,ひっくり返して生きていく
桑山千雪\【ドゥワッチャラブ】桑山千雪\ひっくり返して生きていく.csv,53,3016009030390,甘奈,哇，真的哎……！,桑山千雪,【ドゥワッチャラブ】桑山千雪,ひっくり返して生きていく
桑山千雪\【ドゥワッチャラブ】桑山千雪\ひっくり返して生きていく.csv,55,3016009030410,甘奈,——也就是说……,桑山千雪,【ドゥワッチャラブ】桑山千雪,ひっくり返して生きていく
桑山千雪\【ドゥワッチャラブ】桑山千雪\ひっくり返して生きていく.csv,58,3016009030440,甘奈,那就……安静下来吧……！,桑山千雪,【ドゥワッチャラブ】桑山千雪,ひっくり返して生きていく
桑山千雪\【ドゥワッチャラブ】桑山千雪\ひっくり返して生きていく.csv,59,3016009030450,甘奈,哇————！！,桑山千雪,【ドゥワッチャラブ】桑山千雪,ひっくり返して生きていく
桑山千雪\【ドゥワッチャラブ】桑山千雪\ひっくり返して生きていく.csv,81,3016009030560,甘奈,哇————————！！！！,桑山千雪,【ドゥワッチャラブ】桑山千雪,ひっくり返して生きていく
桑山千雪\【ドゥワッチャラブ】桑山千雪\ひっくり返して生きていく.csv,84,3016009030570,甘奈,"——呼……
彻底喊痛快啦☆",桑山千雪,【ドゥワッチャラブ】桑山千雪,ひっくり返して生きていく
桑山千雪\【ドゥワッチャラブ】桑山千雪\食べちゃうから、全部.csv,9,3016009010080,甘奈,咦……叹气！？,桑山千雪,【ドゥワッチャラブ】桑山千雪,食べちゃうから、全部
桑山千雪\【ドゥワッチャラブ】桑山千雪\食べちゃうから、全部.csv,10,3016009010090,甘奈,"要是叹了气，
不会被恋人嫌弃吗……？",桑山千雪,【ドゥワッチャラブ】桑山千雪,食べちゃうから、全部
桑山千雪\【ドゥワッチャラブ】桑山千雪\食べちゃうから、全部.csv,14,3016009010130,甘奈,"啊，千雪姐
刚才叹气啦！",桑山千雪,【ドゥワッチャラブ】桑山千雪,食べちゃうから、全部
桑山千雪\【ドゥワッチャラブ】桑山千雪\食べちゃうから、全部.csv,16,3016009010150,甘奈,"嗯……真的唉！
刚才那声超级美☆",桑山千雪,【ドゥワッチャラブ】桑山千雪,食べちゃうから、全部
桑山千雪\【ドゥワッチャラブ】桑山千雪\食べちゃうから、全部.csv,18,3016009010170,甘奈,"那，甘奈也来甘奈也来！
听好咯——！？",桑山千雪,【ドゥワッチャラブ】桑山千雪,食べちゃうから、全部
桑山千雪\【ドゥワッチャラブ】桑山千雪\食べちゃうから、全部.csv,19,3016009010180,甘奈,——哈……,桑山千雪,【ドゥワッチャラブ】桑山千雪,食べちゃうから、全部
桑山千雪\【ドゥワッチャラブ】桑山千雪\食べちゃうから、全部.csv,21,3016009010200,甘奈,怎么样怎么样？,桑山千雪,【ドゥワッチャラブ】桑山千雪,食べちゃうから、全部
桑山千雪\【ドゥワッチャラブ】桑山千雪\食べちゃうから、全部.csv,23,3016009010220,甘奈,唉唉！？,桑山千雪,【ドゥワッチャラブ】桑山千雪,食べちゃうから、全部
桑山千雪\【ドゥワッチャラブ】桑山千雪\食べちゃうから、全部.csv,25,3016009010240,甘奈,"不——对——不——对——！
明明是“亲爱的”？ 才对——！　我再来？",桑山千雪,【ドゥワッチャラブ】桑山千雪,食べちゃうから、全部
桑山千雪\【ドゥワッチャラブ】桑山千雪\食べちゃうから、全部.csv,26,3016009010250,甘奈,……哈……,桑山千雪,【ドゥワッチャラブ】桑山千雪,食べちゃうから、全部
桑山千雪\【ドゥワッチャラブ】桑山千雪\食べちゃうから、全部.csv,28,3016009010270,甘奈,咦～！　怎么这样～！,桑山千雪,【ドゥワッチャラブ】桑山千雪,食べちゃうから、全部
桑山千雪\【ドゥワッチャラブ】桑山千雪\食べちゃうから、全部.csv,30,3016009010290,甘奈,"真是的！
甘奈我今天——",桑山千雪,【ドゥワッチャラブ】桑山千雪,食べちゃうから、全部
桑山千雪\【ドゥワッチャラブ】桑山千雪\食べちゃうから、全部.csv,31,3016009010300,甘奈,只要能让千雪姐喜欢就足够了！,桑山千雪,【ドゥワッチャラブ】桑山千雪,食べちゃうから、全部
桑山千雪\【ドゥワッチャラブ】桑山千雪\食べちゃうから、全部.csv,32,3016009010310,甘奈,唉……,桑山千雪,【ドゥワッチャラブ】桑山千雪,食べちゃうから、全部
桑山千雪\【ドゥワッチャラブ】桑山千雪\食べちゃうから、全部.csv,35,3016009010340,甘奈,咦，怎么了？,桑山千雪,【ドゥワッチャラブ】桑山千雪,食べちゃうから、全部
桑山千雪\【ドゥワッチャラブ】桑山千雪\食べちゃうから、全部.csv,40,3016009010390,甘奈,"……
千雪姐——",桑山千雪,【ドゥワッチャラブ】桑山千雪,食べちゃうから、全部
桑山千雪\【ドゥワッチャラブ】桑山千雪\食べちゃうから、全部.csv,41,3016009010400,甘奈,"——不对，这是“感谢会”！
所以今天你要当“开心的天使”才行！",桑山千雪,【ドゥワッチャラブ】桑山千雪,食べちゃうから、全部
桑山千雪\【ドゥワッチャラブ】桑山千雪\食べちゃうから、全部.csv,43,3016009010420,甘奈,"哎嘿嘿～
不，我是说要由我来让千雪姐开心起来！",桑山千雪,【ドゥワッチャラブ】桑山千雪,食べちゃうから、全部
桑山千雪\【ドゥワッチャラブ】桑山千雪\食べちゃうから、全部.csv,44,3016009010430,甘奈,就是这里，千雪姐☆,桑山千雪,【ドゥワッチャラブ】桑山千雪,食べちゃうから、全部
桑山千雪\【ドゥワッチャラブ】桑山千雪\食べちゃうから、全部.csv,45,3016009010440,甘奈,——我看看……甘奈选……——,桑山千雪,【ドゥワッチャラブ】桑山千雪,食べちゃうから、全部
桑山千雪\【ドゥワッチャラブ】桑山千雪\食べちゃうから、全部.csv,47,3016009010460,甘奈,"哎，选的什么！？
……蓝莓蛋挞？",桑山千雪,【ドゥワッチャラブ】桑山千雪,食べちゃうから、全部
桑山千雪\【ドゥワッチャラブ】桑山千雪\食べちゃうから、全部.csv,48,3016009010470,甘奈,"这个就行？
还有很多更厉害的哦！",桑山千雪,【ドゥワッチャラブ】桑山千雪,食べちゃうから、全部
桑山千雪\【ドゥワッチャラブ】桑山千雪\食べちゃうから、全部.csv,51,3016009010500,甘奈,"好～
那甘奈要柑橘与莓果的蓬软松饼！",桑山千雪,【ドゥワッチャラブ】桑山千雪,食べちゃうから、全部
桑山千雪\【ドゥワッチャラブ】桑山千雪\食べちゃうから、全部.csv,52,3016009010510,甘奈,——麻烦一下……！,桑山千雪,【ドゥワッチャラブ】桑山千雪,食べちゃうから、全部
桑山千雪\【ドゥワッチャラブ】桑山千雪\食べちゃうから、全部.csv,55,3016009010540,甘奈,唉？,桑山千雪,【ドゥワッチャラブ】桑山千雪,食べちゃうから、全部
桑山千雪\【ドゥワッチャラブ】桑山千雪\食べちゃうから、全部.csv,58,3016009010570,甘奈,"啊～！
所以就想吃蓝莓了啊！",桑山千雪,【ドゥワッチャラブ】桑山千雪,食べちゃうから、全部
桑山千雪\【ドゥワッチャラブ】桑山千雪\食べちゃうから、全部.csv,59,3016009010580,甘奈,失恋吗……,桑山千雪,【ドゥワッチャラブ】桑山千雪,食べちゃうから、全部
桑山千雪\【ドゥワッチャラブ】桑山千雪\食べちゃうから、全部.csv,63,3016009010620,甘奈,"哎嘿嘿
是不是肚子饿了啊？",桑山千雪,【ドゥワッチャラブ】桑山千雪,食べちゃうから、全部
桑山千雪\【ドゥワッチャラブ】桑山千雪\食べちゃうから、全部.csv,67,3016009010650,甘奈,……全部吃掉，才算了结……,桑山千雪,【ドゥワッチャラブ】桑山千雪,食べちゃうから、全部
桑山千雪\【ドゥワッチャラブ】桑山千雪\食べちゃうから、全部.csv,70,3016009010670,甘奈,哇，看起来很美味！,桑山千雪,【ドゥワッチャラブ】桑山千雪,食べちゃうから、全部
桑山千雪\【ドゥワッチャラブ】桑山千雪\食べちゃうから、全部.csv,73,3016009010700,甘奈,哎？,桑山千雪,【ドゥワッチャラブ】桑山千雪,食べちゃうから、全部
桑山千雪\【ドゥワッチャラブ】桑山千雪\食べちゃうから、全部.csv,76,3016009010730,甘奈,……！,桑山千雪,【ドゥワッチャラブ】桑山千雪,食べちゃうから、全部
桑山千雪\【ドゥワッチャラブ】桑山千雪\食べちゃうから、全部.csv,77,3016009010740,甘奈,嗯，我也不会输……！,桑山千雪,【ドゥワッチャラブ】桑山千雪,食べちゃうから、全部
桑山千雪\【ドゥワッチャラブ】桑山千雪\食べちゃうから、全部.csv,78,3016009010750,甘奈,"还有，喜欢千雪姐
甘奈也一样",桑山千雪,【ドゥワッチャラブ】桑山千雪,食べちゃうから、全部
桑山千雪\【誘わないで、陽光】桑山千雪\【誘わないで、陽光】桑山千雪S_1.csv,10,3016021010080,甘奈,"嗯！没问题哦！
就这周末可以吗？",桑山千雪,【誘わないで、陽光】桑山千雪,【誘わないで、陽光】桑山千雪S_1
桑山千雪\【誘わないで、陽光】桑山千雪\【誘わないで、陽光】桑山千雪S_1.csv,13,3016021010110,甘奈,"完全没关系的啦～！
不如说！其实我一直都很想和千雪姐去购物诶！",桑山千雪,【誘わないで、陽光】桑山千雪,【誘わないで、陽光】桑山千雪S_1
桑山千雪\【誘わないで、陽光】桑山千雪\【誘わないで、陽光】桑山千雪S_1.csv,15,3016021010130,甘奈,"唔姆，不必多礼！
放心大胆地交给我吧！",桑山千雪,【誘わないで、陽光】桑山千雪,【誘わないで、陽光】桑山千雪S_1
桑山千雪\【誘わないで、陽光】桑山千雪\【誘わないで、陽光】桑山千雪S_1.csv,17,3016021010150,甘奈,"让我把大崎家
有着17年历史的时尚搭配选择的秘诀，全都好好传授给你吧",桑山千雪,【誘わないで、陽光】桑山千雪,【誘わないで、陽光】桑山千雪S_1
桑山千雪\【誘わないで、陽光】桑山千雪\【誘わないで、陽光】桑山千雪S_1.csv,20,3016021010170,甘奈,"甜花要不要一起？
不来添一些春季穿搭的衣服吗？",桑山千雪,【誘わないで、陽光】桑山千雪,【誘わないで、陽光】桑山千雪S_1
桑山千雪\【誘わないで、陽光】桑山千雪\【誘わないで、陽光】桑山千雪S_1.csv,23,3016021010200,甘奈,"！
啊，对哦……！",桑山千雪,【誘わないで、陽光】桑山千雪,【誘わないで、陽光】桑山千雪S_1
桑山千雪\【誘わないで、陽光】桑山千雪\【誘わないで、陽光】桑山千雪S_1.csv,24,3016021010210,甘奈,"那看来还是我和千雪姐
两个人去比较好呢",桑山千雪,【誘わないで、陽光】桑山千雪,【誘わないで、陽光】桑山千雪S_1
桑山千雪\【誘わないで、陽光】桑山千雪\【誘わないで、陽光】桑山千雪S_1.csv,38,3016021010350,甘奈,甘奈也要加入你们！,桑山千雪,【誘わないで、陽光】桑山千雪,【誘わないで、陽光】桑山千雪S_1
桑山千雪\【誘わないで、陽光】桑山千雪\【誘わないで、陽光】桑山千雪S_1.csv,45,3016021010420,甘奈,甘奈叫『焦糖布丁』哦～,桑山千雪,【誘わないで、陽光】桑山千雪,【誘わないで、陽光】桑山千雪S_1
桑山千雪\【誘わないで、陽光】桑山千雪\【誘わないで、陽光】桑山千雪S_1.csv,51,3016021010480,甘奈,"性别和外观
也能改对吧？",桑山千雪,【誘わないで、陽光】桑山千雪,【誘わないで、陽光】桑山千雪S_1
桑山千雪\【誘わないで、陽光】桑山千雪\【誘わないで、陽光】桑山千雪S_2 (1).csv,10,3016021020090,甘奈,"『居然提前了20分钟！
也太早了！』",桑山千雪,【誘わないで、陽光】桑山千雪,【誘わないで、陽光】桑山千雪S_2 (1)
桑山千雪\【誘わないで、陽光】桑山千雪\【誘わないで、陽光】桑山千雪S_2 (1).csv,12,3016021020110,甘奈,"『师父这就赶紧过去！
还需大约15分钟！』",桑山千雪,【誘わないで、陽光】桑山千雪,【誘わないで、陽光】桑山千雪S_2 (1)
桑山千雪\【誘わないで、陽光】桑山千雪\【誘わないで、陽光】桑山千雪S_2 (1).csv,24,3016021020230,甘奈,──雪姐～……,桑山千雪,【誘わないで、陽光】桑山千雪,【誘わないで、陽光】桑山千雪S_2 (1)
桑山千雪\【誘わないで、陽光】桑山千雪\【誘わないで、陽光】桑山千雪S_2 (1).csv,27,3016021020260,甘奈,"是我啦～
早上好～",桑山千雪,【誘わないで、陽光】桑山千雪,【誘わないで、陽光】桑山千雪S_2 (1)
桑山千雪\【誘わないで、陽光】桑山千雪\【誘わないで、陽光】桑山千雪S_2 (1).csv,30,3016021020290,甘奈,嘿嘿，没事的啦～,桑山千雪,【誘わないで、陽光】桑山千雪,【誘わないで、陽光】桑山千雪S_2 (1)
桑山千雪\【誘わないで、陽光】桑山千雪\【誘わないで、陽光】桑山千雪S_2 (1).csv,31,3016021020300,甘奈,"天气这么暖和
会犯困也很正常啦～",桑山千雪,【誘わないで、陽光】桑山千雪,【誘わないで、陽光】桑山千雪S_2 (1)
桑山千雪\【誘わないで、陽光】桑山千雪\【誘わないで、陽光】桑山千雪S_2 (1).csv,33,3016021020320,甘奈,……？,桑山千雪,【誘わないで、陽光】桑山千雪,【誘わないで、陽光】桑山千雪S_2 (1)
桑山千雪\【誘わないで、陽光】桑山千雪\【誘わないで、陽光】桑山千雪S_2 (1).csv,35,3016021020340,甘奈,好耶！,桑山千雪,【誘わないで、陽光】桑山千雪,【誘わないで、陽光】桑山千雪S_2 (1)
桑山千雪\【誘わないで、陽光】桑山千雪\【誘わないで、陽光】桑山千雪S_2 (1).csv,36,3016021020350,甘奈,"千雪姐
今天有没有什么自己理想中的形象呢？",桑山千雪,【誘わないで、陽光】桑山千雪,【誘わないで、陽光】桑山千雪S_2 (1)
桑山千雪\【誘わないで、陽光】桑山千雪\【誘わないで、陽光】桑山千雪S_2 (1).csv,37,3016021020360,甘奈,"不用特地配合我的想法
只是有那种明确方向的话，会更容易决定需要些什么呢",桑山千雪,【誘わないで、陽光】桑山千雪,【誘わないで、陽光】桑山千雪S_2 (1)
桑山千雪\【誘わないで、陽光】桑山千雪\【誘わないで、陽光】桑山千雪S_2 (1).csv,41,3016021020400,甘奈,嘿嘿，不用客气啦！,桑山千雪,【誘わないで、陽光】桑山千雪,【誘わないで、陽光】桑山千雪S_2 (1)
桑山千雪\【誘わないで、陽光】桑山千雪\【誘わないで、陽光】桑山千雪S_2 (1).csv,42,3016021020410,甘奈,"那么接下来
就请千雪姐把剩下的时间交给我吧！",桑山千雪,【誘わないで、陽光】桑山千雪,【誘わないで、陽光】桑山千雪S_2 (1)
桑山千雪\【誘わないで、陽光】桑山千雪\【誘わないで、陽光】桑山千雪S_2 (1).csv,44,3016021020430,甘奈,"我可是准备了超级多
想看千雪姐穿的穿搭方案──",桑山千雪,【誘わないで、陽光】桑山千雪,【誘わないで、陽光】桑山千雪S_2 (1)
桑山千雪\【誘わないで、陽光】桑山千雪\【誘わないで、陽光】桑山千雪S_2 (1).csv,45,3016021020440,甘奈,──呼啊……,桑山千雪,【誘わないで、陽光】桑山千雪,【誘わないで、陽光】桑山千雪S_2 (1)
桑山千雪\【誘わないで、陽光】桑山千雪\【誘わないで、陽光】桑山千雪S_2 (1).csv,47,3016021020460,甘奈,"不用，没事的……！
不是因为累啦",桑山千雪,【誘わないで、陽光】桑山千雪,【誘わないで、陽光】桑山千雪S_2 (1)
桑山千雪\【誘わないで、陽光】桑山千雪\【誘わないで、陽光】桑山千雪S_2 (1).csv,48,3016021020470,甘奈,"其实……昨晚
一直没怎么睡得着……",桑山千雪,【誘わないで、陽光】桑山千雪,【誘わないで、陽光】桑山千雪S_2 (1)
桑山千雪\【誘わないで、陽光】桑山千雪\【誘わないで、陽光】桑山千雪S_2 (1).csv,50,3016021020490,甘奈,"……？
也……？",桑山千雪,【誘わないで、陽光】桑山千雪,【誘わないで、陽光】桑山千雪S_2 (1)
桑山千雪\【誘わないで、陽光】桑山千雪\【誘わないで、陽光】桑山千雪S_2 (1).csv,52,3016021020510,甘奈,"……
难道千雪姐也是？",桑山千雪,【誘わないで、陽光】桑山千雪,【誘わないで、陽光】桑山千雪S_2 (1)
桑山千雪\【誘わないで、陽光】桑山千雪\【誘わないで、陽光】桑山千雪S_2 (1).csv,54,3016021020530,甘奈,"怪不得刚刚说话
都有点含糊不清呢～",桑山千雪,【誘わないで、陽光】桑山千雪,【誘わないで、陽光】桑山千雪S_2 (1)
桑山千雪\【誘わないで、陽光】桑山千雪\【誘わないで、陽光】桑山千雪S_2 (1).csv,56,3016021020550,甘奈,那是当然！,桑山千雪,【誘わないで、陽光】桑山千雪,【誘わないで、陽光】桑山千雪S_2 (1)
桑山千雪\【誘わないで、陽光】桑山千雪\【誘わないで、陽光】桑山千雪S_2 (1).csv,57,3016021020560,甘奈,那么，也不要把我刚刚的样子告诉别人哦……？,桑山千雪,【誘わないで、陽光】桑山千雪,【誘わないで、陽光】桑山千雪S_2 (1)
桑山千雪\【誘わないで、陽光】桑山千雪\【誘わないで、陽光】桑山千雪S_2 (1).csv,59,3016021020580,甘奈,嘿嘿，缔结困困保密条约～,桑山千雪,【誘わないで、陽光】桑山千雪,【誘わないで、陽光】桑山千雪S_2 (1)
桑山千雪\【誘わないで、陽光】桑山千雪\【誘わないで、陽光】桑山千雪S_2 (1).csv,61,3016021020600,甘奈,"唔……
惩罚是送助眠小礼物怎么样？",桑山千雪,【誘わないで、陽光】桑山千雪,【誘わないで、陽光】桑山千雪S_2 (1)
桑山千雪\【誘わないで、陽光】桑山千雪\【誘わないで、陽光】桑山千雪S_2 (1).csv,63,3016021020611,甘奈＆千雪,嘿嘿～,桑山千雪,【誘わないで、陽光】桑山千雪,【誘わないで、陽光】桑山千雪S_2 (1)
桑山千雪\【２８３プロのヒナ】桑山千雪\スウィート・スリーピー.csv,2,3016002010010,甘奈,"呼哇……
啊，千雪姐！辛苦了！",桑山千雪,【２８３プロのヒナ】桑山千雪,スウィート・スリーピー
桑山千雪\【２８３プロのヒナ】桑山千雪\スウィート・スリーピー.csv,5,3016002010040,甘奈,"嗯。在工作前先把作业做完吧！
虽然是这么想的……",桑山千雪,【２８３プロのヒナ】桑山千雪,スウィート・スリーピー
桑山千雪\【２８３プロのヒナ】桑山千雪\スウィート・スリーピー.csv,6,3016002010050,甘奈,"作业比想象中的还要多，花费了很多脑力
感觉有点犯困了",桑山千雪,【２８３プロのヒナ】桑山千雪,スウィート・スリーピー
桑山千雪\【２８３プロのヒナ】桑山千雪\スウィート・スリーピー.csv,8,3016002010070,甘奈,"嗯，这种时候会想稍微休息下
不过之后还有工作要做呢！",桑山千雪,【２８３プロのヒナ】桑山千雪,スウィート・スリーピー
桑山千雪\【２８３プロのヒナ】桑山千雪\スウィート・スリーピー.csv,10,3016002010090,甘奈,"诶，可是甘奈起得来吗……
有点怕会睡过头",桑山千雪,【２８３プロのヒナ】桑山千雪,スウィート・スリーピー
桑山千雪\【２８３プロのヒナ】桑山千雪\スウィート・スリーピー.csv,12,3016002010110,甘奈,"真的吗？千雪姐，谢谢你！
感觉稍微休息一下的话，应该就没问题了",桑山千雪,【２８３プロのヒナ】桑山千雪,スウィート・スリーピー
桑山千雪\【２８３プロのヒナ】桑山千雪\スウィート・スリーピー.csv,15,3016002010140,甘奈,诶嘿嘿，谢谢千雪姐,桑山千雪,【２８３プロのヒナ】桑山千雪,スウィート・スリーピー
桑山千雪\【２８３プロのヒナ】桑山千雪\スウィート・スリーピー.csv,16,3016002010150,甘奈,……千雪姐，一定会成为一个贤妻的吧——,桑山千雪,【２８３プロのヒナ】桑山千雪,スウィート・スリーピー
桑山千雪\【２８３プロのヒナ】桑山千雪\スウィート・スリーピー.csv,18,3016002010170,甘奈,诶嘿嘿，因为真的很体贴嘛,桑山千雪,【２８３プロのヒナ】桑山千雪,スウィート・スリーピー
桑山千雪\【２８３プロのヒナ】桑山千雪\スウィート・スリーピー.csv,19,3016002010180,甘奈,总觉得会让人想撒娇呢,桑山千雪,【２８３プロのヒナ】桑山千雪,スウィート・スリーピー
桑山千雪\【２８３プロのヒナ】桑山千雪\スウィート・スリーピー.csv,20,3016002010190,甘奈,"……呼啊
毛毯，软绵绵的……",桑山千雪,【２８３プロのヒナ】桑山千雪,スウィート・スリーピー
桑山千雪\【２８３プロのヒナ】桑山千雪\スウィート・スリーピー.csv,23,3016002010220,甘奈,难道千雪姐也有些困了?,桑山千雪,【２８３プロのヒナ】桑山千雪,スウィート・スリーピー
桑山千雪\【２８３プロのヒナ】桑山千雪\スウィート・スリーピー.csv,25,3016002010240,甘奈,"啊……
千雪姐也要两头忙，很辛苦呢",桑山千雪,【２８３プロのヒナ】桑山千雪,スウィート・スリーピー
桑山千雪\【２８３プロのヒナ】桑山千雪\スウィート・スリーピー.csv,27,3016002010260,甘奈,"不客气，啊。千雪姐也一起进来吧？
两个人的话，绝对很暖和的",桑山千雪,【２８３プロのヒナ】桑山千雪,スウィート・スリーピー
桑山千雪\【２８３プロのヒナ】桑山千雪\スウィート・スリーピー.csv,31,3016002010300,甘奈,真的？不过千雪姐的头发也很好闻哦？,桑山千雪,【２８３プロのヒナ】桑山千雪,スウィート・スリーピー
桑山千雪\【２８３プロのヒナ】桑山千雪\スウィート・スリーピー.csv,33,3016002010320,甘奈,诶嘿嘿，感觉有点害羞了啊,桑山千雪,【２８３プロのヒナ】桑山千雪,スウィート・スリーピー
桑山千雪\【２８３プロのヒナ】桑山千雪\スウィート・スリーピー.csv,34,3016002010330,甘奈,"呼啊……千雪姐……
甘奈……好像快要睡着了……",桑山千雪,【２８３プロのヒナ】桑山千雪,スウィート・スリーピー
桑山千雪\【２８３プロのヒナ】桑山千雪\スウィート・スリーピー.csv,36,3016002010350,甘奈,"嗯……
晚安……",桑山千雪,【２８３プロのヒナ】桑山千雪,スウィート・スリーピー
桑山千雪\【２８３プロのヒナ】桑山千雪\スウィート・スリーピー.csv,37,3016002010360,甘奈,,桑山千雪,【２８３プロのヒナ】桑山千雪,スウィート・スリーピー
桑山千雪\【２８３プロのヒナ】桑山千雪\スウィート・スリーピー.csv,38,3016002010370,甘奈,呼——……呼——……,桑山千雪,【２８３プロのヒナ】桑山千雪,スウィート・スリーピー
