file,line_no,id,speaker,trans,category,arc,episode
283活动剧情/#２８３をひろげよう/エンディング-REPLY PARTY.csv,3,4001044080010,雛菜,"诶～
为什么～？",283活动剧情,#２８３をひろげよう,エンディング-REPLY PARTY
283活动剧情/#２８３をひろげよう/エンディング-REPLY PARTY.csv,5,4001044080011,めぐる＆円香＆雛菜,…………,283活动剧情,#２８３をひろげよう,エンディング-REPLY PARTY
283活动剧情/#２８３をひろげよう/エンディング-REPLY PARTY.csv,7,4001044080030,雛菜,嗯～,283活动剧情,#２８３をひろげよう,エンディング-REPLY PARTY
283活动剧情/#２８３をひろげよう/エンディング-REPLY PARTY.csv,8,4001044080040,雛菜,你不必道歉～,283活动剧情,#２８３をひろげよう,エンディング-REPLY PARTY
283活动剧情/#２８３をひろげよう/エンディング-REPLY PARTY.csv,16,4001044080080,雛菜,…………,283活动剧情,#２８３をひろげよう,エンディング-REPLY PARTY
283活动剧情/#２８３をひろげよう/エンディング-REPLY PARTY.csv,17,4001044080090,雛菜,"不过，要是以后
再发生同样的事，雏菜不会让步的",283活动剧情,#２８３をひろげよう,エンディング-REPLY PARTY
283活动剧情/#２８３をひろげよう/エンディング-REPLY PARTY.csv,19,4001044080100,雛菜,"之前我是想着
“也不是为了什么而进行的练习”就无所谓",283活动剧情,#２８３をひろげよう,エンディング-REPLY PARTY
283活动剧情/#２８３をひろげよう/エンディング-REPLY PARTY.csv,21,4001044080110,雛菜,"不过，平时的练习
也并非漫无目标的",283活动剧情,#２８３をひろげよう,エンディング-REPLY PARTY
283活动剧情/#２８３をひろげよう/エンディング-REPLY PARTY.csv,30,4001044080170,雛菜,"好主意～！
下次去请示社长吧～？",283活动剧情,#２８３をひろげよう,エンディング-REPLY PARTY
283活动剧情/#２８３をひろげよう/エンディング-REPLY PARTY.csv,48,4001044080320,雛菜,对了，制作人,283活动剧情,#２８３をひろげよう,エンディング-REPLY PARTY
283活动剧情/#２８３をひろげよう/エンディング-REPLY PARTY.csv,50,4001044080330,雛菜,"这次我们要做的事
大概不会和重大机遇有什么关系",283活动剧情,#２８３をひろげよう,エンディング-REPLY PARTY
283活动剧情/#２８３をひろげよう/エンディング-REPLY PARTY.csv,51,4001044080340,雛菜,尽管这样，也没关系吗？,283活动剧情,#２８３をひろげよう,エンディング-REPLY PARTY
283活动剧情/#２８３をひろげよう/エンディング-REPLY PARTY.csv,55,4001044080350,雛菜,……是吗,283活动剧情,#２８３をひろげよう,エンディング-REPLY PARTY
283活动剧情/#２８３をひろげよう/エンディング-REPLY PARTY.csv,56,4001044080360,雛菜,那就好了,283活动剧情,#２８３をひろげよう,エンディング-REPLY PARTY
283活动剧情/#２８３をひろげよう/エンディング-REPLY PARTY.csv,58,4001044080370,雛菜,"啊哈～
好叻～，要多多回复留言咯～",283活动剧情,#２８３をひろげよう,エンディング-REPLY PARTY
283活动剧情/#２８３をひろげよう/エンディング-REPLY PARTY.csv,63,4001044080410,雛菜,"啊～
稍等一下～",283活动剧情,#２８３をひろげよう,エンディング-REPLY PARTY
283活动剧情/#２８３をひろげよう/エンディング-REPLY PARTY.csv,68,4001044080460,雛菜,"……啊，等等
忘了打上话题～",283活动剧情,#２８３をひろげよう,エンディング-REPLY PARTY
283活动剧情/#２８３をひろげよう/エンディング-REPLY PARTY.csv,69,4001044080470,雛菜,唔……————,283活动剧情,#２８３をひろげよう,エンディング-REPLY PARTY
283活动剧情/#２８３をひろげよう/エンディング-REPLY PARTY.csv,70,4001044080480,雛菜,“#展开283”,283活动剧情,#２８３をひろげよう,エンディング-REPLY PARTY
283活动剧情/#２８３をひろげよう/オープニング-PROJECT.csv,2,4001044010010,雛菜,"——啊
是“L'Antica”",283活动剧情,#２８３をひろげよう,オープニング-PROJECT
283活动剧情/#２８３をひろげよう/オープニング-PROJECT.csv,3,4001044010020,雛菜,……好大的广告牌～……,283活动剧情,#２８３をひろげよう,オープニング-PROJECT
283活动剧情/#２８３をひろげよう/オープニング-PROJECT.csv,4,4001044010030,雛菜,…………,283活动剧情,#２８３をひろげよう,オープニング-PROJECT
283活动剧情/#２８３をひろげよう/オープニング-PROJECT.csv,5,4001044010040,雛菜,"唔～
好冷～……",283活动剧情,#２８３をひろげよう,オープニング-PROJECT
283活动剧情/#２８３をひろげよう/オープニング-PROJECT.csv,17,4001044010080,雛菜,…………,283活动剧情,#２８３をひろげよう,オープニング-PROJECT
283活动剧情/#２８３をひろげよう/オープニング-PROJECT.csv,18,4001044010090,雛菜,好闲啊～……,283活动剧情,#２８３をひろげよう,オープニング-PROJECT
283活动剧情/#２８３をひろげよう/オープニング-PROJECT.csv,20,4001044010100,雛菜,嗯～……？,283活动剧情,#２８３をひろげよう,オープニング-PROJECT
283活动剧情/#２８３をひろげよう/オープニング-PROJECT.csv,22,4001044010110,雛菜,"只有早上那段时间～
老早就结束了～……",283活动剧情,#２８３をひろげよう,オープニング-PROJECT
283活动剧情/#２８３をひろげよう/オープニング-PROJECT.csv,24,4001044010120,雛菜,"透学姐在准备补考
小糸在上补习班的冬季讲座～",283活动剧情,#２８３をひろげよう,オープニング-PROJECT
283活动剧情/#２８３をひろげよう/オープニング-PROJECT.csv,25,4001044010130,雛菜,"会持续一段时间呢
这个寒假好闲啊～……",283活动剧情,#２８３をひろげよう,オープニング-PROJECT
283活动剧情/#２８３をひろげよう/オープニング-PROJECT.csv,28,4001044010140,雛菜,"圆香学姐已经回去了吧～？
我不清楚耶",283活动剧情,#２８３をひろげよう,オープニング-PROJECT
283活动剧情/#２８３をひろげよう/オープニング-PROJECT.csv,29,4001044010150,雛菜,"雏菜也准备在吃完零食后
就回家～……",283活动剧情,#２８３をひろげよう,オープニング-PROJECT
283活动剧情/#２８３をひろげよう/オープニング-PROJECT.csv,32,4001044010160,雛菜,…………？,283活动剧情,#２８３をひろげよう,オープニング-PROJECT
283活动剧情/#２８３をひろげよう/オープニング-PROJECT.csv,35,4001044010190,雛菜,"所以
雏菜该怎么帮你呢～？",283活动剧情,#２８３をひろげよう,オープニング-PROJECT
283活动剧情/#２８３をひろげよう/オープニング-PROJECT.csv,38,4001044010200,雛菜,"啊哈～
在说明年的事啊～……",283活动剧情,#２８３をひろげよう,オープニング-PROJECT
283活动剧情/#２８３をひろげよう/オープニング-PROJECT.csv,41,4001044010210,雛菜,这样～……,283活动剧情,#２８３をひろげよう,オープニング-PROJECT
283活动剧情/#２８３をひろげよう/オープニング-PROJECT.csv,44,4001044010220,雛菜,"嗯～
或许吧～？",283活动剧情,#２８３をひろげよう,オープニング-PROJECT
283活动剧情/#２８３をひろげよう/オープニング-PROJECT.csv,47,4001044010230,雛菜,………………,283活动剧情,#２８３をひろげよう,オープニング-PROJECT
283活动剧情/#２８３をひろげよう/オープニング-PROJECT.csv,69,4001044010440,雛菜,"雏菜只要做自己想做的事就好了对吧～？
那还是做吧～",283活动剧情,#２８３をひろげよう,オープニング-PROJECT
283活动剧情/#２８３をひろげよう/オープニング-PROJECT.csv,70,4001044010450,雛菜,"啊，让圆香学姐
也来帮忙吧？",283活动剧情,#２８３をひろげよう,オープニング-PROJECT
283活动剧情/#２８３をひろげよう/オープニング-PROJECT.csv,73,4001044010480,雛菜,…………！,283活动剧情,#２８３をひろげよう,オープニング-PROJECT
283活动剧情/#２８３をひろげよう/オープニング-PROJECT.csv,79,4001044010520,雛菜,"不～
没事哦～",283活动剧情,#２８３をひろげよう,オープニング-PROJECT
283活动剧情/#２８３をひろげよう/オープニング-PROJECT.csv,81,4001044010540,雛菜,"啊哈～
因为noctchill要以学业为重～",283活动剧情,#２８３をひろげよう,オープニング-PROJECT
283活动剧情/#２８３をひろげよう/オープニング-PROJECT.csv,86,4001044010590,雛菜,"啊～
这样啊～",283活动剧情,#２８３をひろげよう,オープニング-PROJECT
283活动剧情/#２８３をひろげよう/オープニング-PROJECT.csv,89,4001044010610,雛菜,……,283活动剧情,#２８３をひろげよう,オープニング-PROJECT
283活动剧情/#２８３をひろげよう/第1話-MEETING.csv,4,4001044020030,雛菜,…………,283活动剧情,#２８３をひろげよう,第1話-MEETING
283活动剧情/#２８３をひろげよう/第1話-MEETING.csv,8,4001044020070,雛菜,……制作人打来的吗～？,283活动剧情,#２８３をひろげよう,第1話-MEETING
283活动剧情/#２８３をひろげよう/第1話-MEETING.csv,10,4001044020090,雛菜,这样啊～,283活动剧情,#２８３をひろげよう,第1話-MEETING
283活动剧情/#２８３をひろげよう/第1話-MEETING.csv,13,4001044020120,雛菜,"这样也行吧～？
难得人齐了",283活动剧情,#２８３をひろげよう,第1話-MEETING
283活动剧情/#２８３をひろげよう/第1話-MEETING.csv,21,4001044020200,雛菜,"好像是因为歌唱节目的练习？
所以来不了了",283活动剧情,#２８３をひろげよう,第1話-MEETING
283活动剧情/#２８３をひろげよう/第1話-MEETING.csv,26,4001044020250,雛菜,"……你们听制作人
说了多少呢～？",283活动剧情,#２８３をひろげよう,第1話-MEETING
283活动剧情/#２８３をひろげよう/第1話-MEETING.csv,30,4001044020290,雛菜,啊～,283活动剧情,#２８３をひろげよう,第1話-MEETING
283活动剧情/#２８３をひろげよう/第1話-MEETING.csv,37,4001044020360,雛菜,嗯～！,283活动剧情,#２８３をひろげよう,第1話-MEETING
283活动剧情/#２８３をひろげよう/第1話-MEETING.csv,38,4001044020370,雛菜,圆香学姐也会帮忙对吧～？,283活动剧情,#２８３をひろげよう,第1話-MEETING
283活动剧情/#２８３をひろげよう/第1話-MEETING.csv,53,4001044020470,雛菜,"似乎会通过283事务所的频道
和官方Twista发布",283活动剧情,#２８３をひろげよう,第1話-MEETING
283活动剧情/#２８３をひろげよう/第1話-MEETING.csv,61,4001044020550,雛菜,嘛，毕竟是年末呢～,283活动剧情,#２８３をひろげよう,第1話-MEETING
283活动剧情/#２８３をひろげよう/第1話-MEETING.csv,64,4001044020580,雛菜,大家似乎都很忙呢～,283活动剧情,#２８３をひろげよう,第1話-MEETING
283活动剧情/#２８３をひろげよう/第1話-MEETING.csv,81,4001044020620,雛菜,"啊，对了
大家稍等一下～",283活动剧情,#２８３をひろげよう,第1話-MEETING
283活动剧情/#２８３をひろげよう/第1話-MEETING.csv,83,4001044020640,雛菜,"为了让人知道我们讨论过什么
我想录个视频",283活动剧情,#２８３をひろげよう,第1話-MEETING
283活动剧情/#２８３をひろげよう/第1話-MEETING.csv,88,4001044020690,雛菜,"好～
开始了哦～",283活动剧情,#２８３をひろげよう,第1話-MEETING
283活动剧情/#２８３をひろげよう/第1話-MEETING.csv,89,4001044020700,雛菜,在录了～,283活动剧情,#２８３をひろげよう,第1話-MEETING
283活动剧情/#２８３をひろげよう/第2話-[283PRO]MEETING bhd.csv,12,4001044030110,雛菜,"那就给视频和Twista
也打上这个话题吧～",283活动剧情,#２８３をひろげよう,第2話-[283PRO]MEETING bhd
283活动剧情/#２８３をひろげよう/第2話-[283PRO]MEETING bhd.csv,13,4001044030120,雛菜,“#展开283”,283活动剧情,#２８３をひろげよう,第2話-[283PRO]MEETING bhd
283活动剧情/#２８３をひろげよう/第2話-[283PRO]MEETING bhd.csv,32,4001044030220,雛菜,…………,283活动剧情,#２８３をひろげよう,第2話-[283PRO]MEETING bhd
283活动剧情/#２８３をひろげよう/第2話-[283PRO]MEETING bhd.csv,34,4001044030240,雛菜,"啊……
是这样呢～",283活动剧情,#２８３をひろげよう,第2話-[283PRO]MEETING bhd
283活动剧情/#２８３をひろげよう/第2話-[283PRO]MEETING bhd.csv,36,4001044030250,雛菜,"唔～……
就觉得",283活动剧情,#２８３をひろげよう,第2話-[283PRO]MEETING bhd
283活动剧情/#２８３をひろげよう/第2話-[283PRO]MEETING bhd.csv,37,4001044030260,雛菜,"这样做
能够让粉丝们高兴",283活动剧情,#２８３をひろげよう,第2話-[283PRO]MEETING bhd
283活动剧情/#２８３をひろげよう/第2話-[283PRO]MEETING bhd.csv,38,4001044030270,雛菜,"但这能否成为一个
让新人认识我们的契机呢～",283活动剧情,#２８３をひろげよう,第2話-[283PRO]MEETING bhd
283活动剧情/#２８３をひろげよう/第2話-[283PRO]MEETING bhd.csv,39,4001044030280,雛菜,只是这么想罢了～,283活动剧情,#２８３をひろげよう,第2話-[283PRO]MEETING bhd
283活动剧情/#２８３をひろげよう/第2話-[283PRO]MEETING bhd.csv,43,4001044030290,雛菜,果然是这样呢～,283活动剧情,#２８３をひろげよう,第2話-[283PRO]MEETING bhd
283活动剧情/#２８３をひろげよう/第2話-[283PRO]MEETING bhd.csv,49,4001044030320,雛菜,啊～……说起来,283活动剧情,#２８３をひろげよう,第2話-[283PRO]MEETING bhd
283活动剧情/#２８３をひろげよう/第2話-[283PRO]MEETING bhd.csv,50,4001044030330,雛菜,"也有人会打上话题
和我们一起传播呢～",283活动剧情,#２８３をひろげよう,第2話-[283PRO]MEETING bhd
283活动剧情/#２８３をひろげよう/第2話-[283PRO]MEETING bhd.csv,57,4001044030341,めぐる＆雛菜,…………,283活动剧情,#２８３をひろげよう,第2話-[283PRO]MEETING bhd
283活动剧情/#２８３をひろげよう/第2話-[283PRO]MEETING bhd.csv,61,4001044030360,雛菜,"是的～
是这样呢～",283活动剧情,#２８３をひろげよう,第2話-[283PRO]MEETING bhd
283活动剧情/#２８３をひろげよう/第2話-[283PRO]MEETING bhd.csv,64,4001044030370,雛菜,……那，雏菜走这边,283活动剧情,#２８３をひろげよう,第2話-[283PRO]MEETING bhd
283活动剧情/#２８３をひろげよう/第2話-[283PRO]MEETING bhd.csv,66,4001044030390,雛菜,……啊，对了,283活动剧情,#２８３をひろげよう,第2話-[283PRO]MEETING bhd
283活动剧情/#２８３をひろげよう/第2話-[283PRO]MEETING bhd.csv,67,4001044030400,雛菜,"今天开跑的接力发帖，
就麻烦你咯～",283活动剧情,#２８３をひろげよう,第2話-[283PRO]MEETING bhd
283活动剧情/#２８３をひろげよう/第2話-[283PRO]MEETING bhd.csv,70,4001044030430,雛菜,"啊哈～
再见～",283活动剧情,#２８３をひろげよう,第2話-[283PRO]MEETING bhd
283活动剧情/#２８３をひろげよう/第2話-[283PRO]MEETING bhd.csv,72,4001044030450,雛菜,"……？
怎么了？",283活动剧情,#２８３をひろげよう,第2話-[283PRO]MEETING bhd
283活动剧情/#２８３をひろげよう/第2話-[283PRO]MEETING bhd.csv,74,4001044030470,雛菜,是吗～……？,283活动剧情,#２８３をひろげよう,第2話-[283PRO]MEETING bhd
283活动剧情/#２８３をひろげよう/第2話-[283PRO]MEETING bhd.csv,77,4001044030500,雛菜,好～……,283活动剧情,#２８３をひろげよう,第2話-[283PRO]MEETING bhd
283活动剧情/#２８３をひろげよう/第2話-[283PRO]MEETING bhd.csv,78,4001044030510,雛菜,………………,283活动剧情,#２８３をひろげよう,第2話-[283PRO]MEETING bhd
283活动剧情/#２８３をひろげよう/第3話-[283PRO]LESSON bhd.csv,9,4001044040080,雛菜,嗯～…………,283活动剧情,#２８３をひろげよう,第3話-[283PRO]LESSON bhd
283活动剧情/#２８３をひろげよう/第3話-[283PRO]LESSON bhd.csv,10,4001044040090,雛菜,"只是，选我们来拍
练习情景真的好吗～",283活动剧情,#２８３をひろげよう,第3話-[283PRO]LESSON bhd
283活动剧情/#２８３をひろげよう/第3話-[283PRO]LESSON bhd.csv,12,4001044040110,雛菜,我们是觉得没关系啦,283活动剧情,#２８３をひろげよう,第3話-[283PRO]LESSON bhd
283活动剧情/#２８３をひろげよう/第3話-[283PRO]LESSON bhd.csv,13,4001044040120,雛菜,"但明明还有其它组合
为什么偏偏选了我们呢",283活动剧情,#２８３をひろげよう,第3話-[283PRO]LESSON bhd
283活动剧情/#２８３をひろげよう/第3話-[283PRO]LESSON bhd.csv,16,4001044040141,円香＆雛菜,…………,283活动剧情,#２８３をひろげよう,第3話-[283PRO]LESSON bhd
283活动剧情/#２８３をひろげよう/第3話-[283PRO]LESSON bhd.csv,17,4001044040150,雛菜,"啊哈～
是这样呢～",283活动剧情,#２８３をひろげよう,第3話-[283PRO]LESSON bhd
283活动剧情/#２８３をひろげよう/第3話-[283PRO]LESSON bhd.csv,20,4001044040180,雛菜,那就再好不过了呢～,283活动剧情,#２８３をひろげよう,第3話-[283PRO]LESSON bhd
283活动剧情/#２８３をひろげよう/第3話-[283PRO]LESSON bhd.csv,23,4001044040210,雛菜,"啊～……对哦
会被抢先一步发出来呢～",283活动剧情,#２８３をひろげよう,第3話-[283PRO]LESSON bhd
283活动剧情/#２８３をひろげよう/第3話-[283PRO]LESSON bhd.csv,24,4001044040220,雛菜,"那选我们才是最恰当的呢
也不是为了什么而进行的练习～",283活动剧情,#２８３をひろげよう,第3話-[283PRO]LESSON bhd
283活动剧情/#２８３をひろげよう/第3話-[283PRO]LESSON bhd.csv,34,4001044040280,雛菜,"诶～？
为什么啊～？",283活动剧情,#２８３をひろげよう,第3話-[283PRO]LESSON bhd
283活动剧情/#２８３をひろげよう/第3話-[283PRO]LESSON bhd.csv,38,4001044040281,めぐる＆円香＆雛菜,………………,283活动剧情,#２８３をひろげよう,第3話-[283PRO]LESSON bhd
283活动剧情/#２８３をひろげよう/第3話-[283PRO]LESSON bhd.csv,45,4001044040320,雛菜,"啊哈～
没事啦～",283活动剧情,#２８３をひろげよう,第3話-[283PRO]LESSON bhd
283活动剧情/#２８３をひろげよう/第3話-[283PRO]LESSON bhd.csv,46,4001044040330,雛菜,我们也不是在为了什么而进行练习,283活动剧情,#２８３をひろげよう,第3話-[283PRO]LESSON bhd
283活动剧情/#２８３をひろげよう/第3話-[283PRO]LESSON bhd.csv,48,4001044040340,雛菜,"啊，不过拍摄怎么办呢～？
不是要把练习情景上传到283事务所的频道吗？",283活动剧情,#２８３をひろげよう,第3話-[283PRO]LESSON bhd
283活动剧情/#２８３をひろげよう/第3話-[283PRO]LESSON bhd.csv,49,4001044040350,雛菜,"要拍摄
Straylight的练习情景吗～？",283活动剧情,#２８３をひろげよう,第3話-[283PRO]LESSON bhd
283活动剧情/#２８３をひろげよう/第3話-[283PRO]LESSON bhd.csv,51,4001044040370,雛菜,啊～，也对～,283活动剧情,#２８３をひろげよう,第3話-[283PRO]LESSON bhd
283活动剧情/#２８３をひろげよう/第3話-[283PRO]LESSON bhd.csv,52,4001044040380,雛菜,"那只能择日再安排了～
这样没问题吗？",283活动剧情,#２８３をひろげよう,第3話-[283PRO]LESSON bhd
283活动剧情/#２８３をひろげよう/第3話-[283PRO]LESSON bhd.csv,59,4001044040430,雛菜,"啊哈～
真是个大忙人～……",283活动剧情,#２８３をひろげよう,第3話-[283PRO]LESSON bhd
283活动剧情/#２８３をひろげよう/第3話-[283PRO]LESSON bhd.csv,72,4001044040500,雛菜,…………,283活动剧情,#２８３をひろげよう,第3話-[283PRO]LESSON bhd
283活动剧情/#２８３をひろげよう/第3話-[283PRO]LESSON bhd.csv,73,4001044040510,雛菜,"嘛，毕竟我们
也不是为了什么而进行的练习",283活动剧情,#２８３をひろげよう,第3話-[283PRO]LESSON bhd
283活动剧情/#２８３をひろげよう/第3話-[283PRO]LESSON bhd.csv,74,4001044040520,雛菜,"要以站上大舞台的人为重
也是理所当然的呢～",283活动剧情,#２８３をひろげよう,第3話-[283PRO]LESSON bhd
283活动剧情/#２８３をひろげよう/第3話-[283PRO]LESSON bhd.csv,76,4001044040540,雛菜,"诶～
难道不是吗～？",283活动剧情,#２８３をひろげよう,第3話-[283PRO]LESSON bhd
283活动剧情/#２８３をひろげよう/第3話-[283PRO]LESSON bhd.csv,83,4001044040610,雛菜,…………,283活动剧情,#２８３をひろげよう,第3話-[283PRO]LESSON bhd
283活动剧情/#２８３をひろげよう/第4話-[283PRO]RADIO bhd.csv,2,4001044050010,雛菜,那我开始录影咯～？,283活动剧情,#２８３をひろげよう,第4話-[283PRO]RADIO bhd
283活动剧情/#２８３をひろげよう/第4話-[283PRO]RADIO bhd.csv,4,4001044050030,雛菜,"今天来广播录音棚打扰了～
现在由雏菜负责拍摄～",283活动剧情,#２８３をひろげよう,第4話-[283PRO]RADIO bhd
283活动剧情/#２８３をひろげよう/第4話-[283PRO]RADIO bhd.csv,11,4001044050080,雛菜,"就像真的来参观
广播录制一样～",283活动剧情,#２８３をひろげよう,第4話-[283PRO]RADIO bhd
283活动剧情/#２８３をひろげよう/第4話-[283PRO]RADIO bhd.csv,15,4001044050110,雛菜,请多关照～……,283活动剧情,#２８３をひろげよう,第4話-[283PRO]RADIO bhd
283活动剧情/#２８３をひろげよう/第4話-[283PRO]RADIO bhd.csv,17,4001044050130,雛菜,"啊哈～
是这样呢～……",283活动剧情,#２８３をひろげよう,第4話-[283PRO]RADIO bhd
283活动剧情/#２８３をひろげよう/第4話-[283PRO]RADIO bhd.csv,29,4001044050250,雛菜,是这样呢～,283活动剧情,#２８３をひろげよう,第4話-[283PRO]RADIO bhd
283活动剧情/#２８３をひろげよう/第4話-[283PRO]RADIO bhd.csv,32,4001044050280,雛菜,………………,283活动剧情,#２８３をひろげよう,第4話-[283PRO]RADIO bhd
283活动剧情/#２８３をひろげよう/第4話-[283PRO]RADIO bhd.csv,47,4001044050430,雛菜,…………,283活动剧情,#２８３をひろげよう,第4話-[283PRO]RADIO bhd
283活动剧情/#２８３をひろげよう/第4話-[283PRO]RADIO bhd.csv,49,4001044050450,雛菜,"啊哈～
没事哦～",283活动剧情,#２８３をひろげよう,第4話-[283PRO]RADIO bhd
283活动剧情/#２８３をひろげよう/第4話-[283PRO]RADIO bhd.csv,50,4001044050460,雛菜,到时候剪掉就好～,283活动剧情,#２８３をひろげよう,第4話-[283PRO]RADIO bhd
283活动剧情/#２８３をひろげよう/第4話-[283PRO]RADIO bhd.csv,52,4001044050480,雛菜,"不过，肉包子
真不错呢～",283活动剧情,#２８３をひろげよう,第4話-[283PRO]RADIO bhd
283活动剧情/#２８３をひろげよう/第4話-[283PRO]RADIO bhd.csv,53,4001044050490,雛菜,……雏菜也饿了～……,283活动剧情,#２８３をひろげよう,第4話-[283PRO]RADIO bhd
283活动剧情/#２８３をひろげよう/第4話-[283PRO]RADIO bhd.csv,66,4001044050611,めぐる＆雛菜,…………！,283活动剧情,#２８３をひろげよう,第4話-[283PRO]RADIO bhd
283活动剧情/#２８３をひろげよう/第4話-[283PRO]RADIO bhd.csv,67,4001044050612,めぐる＆雛菜,…………,283活动剧情,#２８３をひろげよう,第4話-[283PRO]RADIO bhd
283活动剧情/#２８３をひろげよう/第5話-[283PRO]STAGE bhd.csv,3,4001044060020,雛菜,"节目马上就要开始了
现在周围忙成一团～",283活动剧情,#２８３をひろげよう,第5話-[283PRO]STAGE bhd
283活动剧情/#２８３をひろげよう/第5話-[283PRO]STAGE bhd.csv,8,4001044060050,雛菜,好～,283活动剧情,#２８３をひろげよう,第5話-[283PRO]STAGE bhd
283活动剧情/#２８３をひろげよう/第5話-[283PRO]STAGE bhd.csv,11,4001044060080,雛菜,辛苦啦～,283活动剧情,#２８３をひろげよう,第5話-[283PRO]STAGE bhd
283活动剧情/#２８３をひろげよう/第5話-[283PRO]STAGE bhd.csv,13,4001044060100,雛菜,"我们是来拍你们工作的情形
要上传到283事务所的频道～",283活动剧情,#２８３をひろげよう,第5話-[283PRO]STAGE bhd
283活动剧情/#２８３をひろげよう/第5話-[283PRO]STAGE bhd.csv,14,4001044060110,雛菜,是幕后花絮呢～,283活动剧情,#２８３をひろげよう,第5話-[283PRO]STAGE bhd
283活动剧情/#２８３をひろげよう/第5話-[283PRO]STAGE bhd.csv,23,4001044060200,雛菜,…………,283活动剧情,#２８３をひろげよう,第5話-[283PRO]STAGE bhd
283活动剧情/#２８３をひろげよう/第5話-[283PRO]STAGE bhd.csv,26,4001044060230,雛菜,好～,283活动剧情,#２８３をひろげよう,第5話-[283PRO]STAGE bhd
283活动剧情/#２８３をひろげよう/第5話-[283PRO]STAGE bhd.csv,28,4001044060250,雛菜,…………,283活动剧情,#２８３をひろげよう,第5話-[283PRO]STAGE bhd
283活动剧情/#２８３をひろげよう/第5話-[283PRO]STAGE bhd.csv,32,4001044060290,雛菜,………………,283活动剧情,#２８３をひろげよう,第5話-[283PRO]STAGE bhd
283活动剧情/#２８３をひろげよう/第5話-[283PRO]STAGE bhd.csv,33,4001044060300,雛菜,"illumination STARS
不也上过吗",283活动剧情,#２８３をひろげよう,第5話-[283PRO]STAGE bhd
283活动剧情/#２８３をひろげよう/第5話-[283PRO]STAGE bhd.csv,34,4001044060310,雛菜,这种歌唱节目,283活动剧情,#２８３をひろげよう,第5話-[283PRO]STAGE bhd
283活动剧情/#２８３をひろげよう/第5話-[283PRO]STAGE bhd.csv,37,4001044060340,雛菜,那为什么……,283活动剧情,#２８３をひろげよう,第5話-[283PRO]STAGE bhd
283活动剧情/#２８３をひろげよう/第5話-[283PRO]STAGE bhd.csv,40,4001044060370,雛菜,…………,283活动剧情,#２８３をひろげよう,第5話-[283PRO]STAGE bhd
283活动剧情/#２８３をひろげよう/第5話-[283PRO]STAGE bhd.csv,43,4001044060400,雛菜,"…………
是在为自己没能出场而不甘心吗？",283活动剧情,#２８３をひろげよう,第5話-[283PRO]STAGE bhd
283活动剧情/#２８３をひろげよう/第5話-[283PRO]STAGE bhd.csv,47,4001044060440,雛菜,…………,283活动剧情,#２８３をひろげよう,第5話-[283PRO]STAGE bhd
283活动剧情/#２８３をひろげよう/第5話-[283PRO]STAGE bhd.csv,48,4001044060450,雛菜,雏菜呢——……,283活动剧情,#２８３をひろげよう,第5話-[283PRO]STAGE bhd
283活动剧情/#２８３をひろげよう/第5話-[283PRO]STAGE bhd.csv,53,4001044060500,雛菜,"啊哈～
辛苦啦～……",283活动剧情,#２８３をひろげよう,第5話-[283PRO]STAGE bhd
283活动剧情/#２８３をひろげよう/第5話-[283PRO]STAGE bhd.csv,57,4001044060540,雛菜,"是的～
感觉和专业的主持人一样～",283活动剧情,#２８３をひろげよう,第5話-[283PRO]STAGE bhd
283活动剧情/#２８３をひろげよう/第5話-[283PRO]STAGE bhd.csv,63,4001044060600,雛菜,………………,283活动剧情,#２８３をひろげよう,第5話-[283PRO]STAGE bhd
283活动剧情/#２８３をひろげよう/第5話-[283PRO]STAGE bhd.csv,68,4001044060650,雛菜,……再见～,283活动剧情,#２８３をひろげよう,第5話-[283PRO]STAGE bhd
283活动剧情/#２８３をひろげよう/第6話-COLLABORATION.csv,4,4001044070010,雛菜,——那开始咯～,283活动剧情,#２８３をひろげよう,第6話-COLLABORATION
283活动剧情/#２８３をひろげよう/第6話-COLLABORATION.csv,5,4001044070020,雛菜,不出招就算输哦～？,283活动剧情,#２８３をひろげよう,第6話-COLLABORATION
283活动剧情/#２８３をひろげよう/第6話-COLLABORATION.csv,6,4001044070030,雛菜,"剪刀
石头————……！",283活动剧情,#２８３をひろげよう,第6話-COLLABORATION
283活动剧情/#２８３をひろげよう/第6話-COLLABORATION.csv,7,4001044070040,雛菜,………………,283活动剧情,#２８３をひろげよう,第6話-COLLABORATION
283活动剧情/#２８３をひろげよう/第6話-COLLABORATION.csv,8,4001044070050,雛菜,"……为什么雏菜
出了剪刀呢～……",283活动剧情,#２８３をひろげよう,第6話-COLLABORATION
283活动剧情/#２８３をひろげよう/第6話-COLLABORATION.csv,10,4001044070070,雛菜,"这么冷的天
真不想去便利店啊～……",283活动剧情,#２８３をひろげよう,第6話-COLLABORATION
283活动剧情/#２８３をひろげよう/第6話-COLLABORATION.csv,12,4001044070090,雛菜,是这样没错啦～……,283活动剧情,#２８３をひろげよう,第6話-COLLABORATION
283活动剧情/#２８３をひろげよう/第6話-COLLABORATION.csv,13,4001044070100,雛菜,那本意不是希望有其他人去吗～？,283活动剧情,#２８３をひろげよう,第6話-COLLABORATION
283活动剧情/#２８３をひろげよう/第6話-COLLABORATION.csv,15,4001044070120,雛菜,"冷冷冷冷死啦～……
雏菜绝对要买奶茶……！",283活动剧情,#２８３をひろげよう,第6話-COLLABORATION
283活动剧情/#２８３をひろげよう/第6話-COLLABORATION.csv,16,4001044070130,雛菜,还有肉包子和披萨包～……！,283活动剧情,#２８３をひろげよう,第6話-COLLABORATION
283活动剧情/#２８３をひろげよう/第6話-COLLABORATION.csv,18,4001044070150,雛菜,"啊～
给她俩买汽水吧～……？",283活动剧情,#２８３をひろげよう,第6話-COLLABORATION
283活动剧情/#２８３をひろげよう/第6話-COLLABORATION.csv,19,4001044070160,雛菜,买那种很夏天的～,283活动剧情,#２８３をひろげよう,第6話-COLLABORATION
283活动剧情/#２８３をひろげよう/第6話-COLLABORATION.csv,21,4001044070180,雛菜,"还要买零食～…………
————啊",283活动剧情,#２８３をひろげよう,第6話-COLLABORATION
283活动剧情/#２８３をひろげよう/第6話-COLLABORATION.csv,23,4001044070200,雛菜,“L'Antica”,283活动剧情,#２８３をひろげよう,第6話-COLLABORATION
283活动剧情/#２８３をひろげよう/第6話-COLLABORATION.csv,25,4001044070220,雛菜,"附送L'Antica的贴纸呢
这个巧克力",283活动剧情,#２８３をひろげよう,第6話-COLLABORATION
283活动剧情/#２８３をひろげよう/第6話-COLLABORATION.csv,28,4001044070250,雛菜,唔～……,283活动剧情,#２８３をひろげよう,第6話-COLLABORATION
283活动剧情/#２８３をひろげよう/第6話-COLLABORATION.csv,29,4001044070260,雛菜,"共10款……
也就是说一人有2款咯～？",283活动剧情,#２８３をひろげよう,第6話-COLLABORATION
283活动剧情/#２８３をひろげよう/第6話-COLLABORATION.csv,30,4001044070270,雛菜,2款会有什么不同呢,283活动剧情,#２８３をひろげよう,第6話-COLLABORATION
283活动剧情/#２８３をひろげよう/第6話-COLLABORATION.csv,31,4001044070280,雛菜,"雏菜要买这个
圆香学姐要买哪个L'Antica呢？",283活动剧情,#２８３をひろげよう,第6話-COLLABORATION
283活动剧情/#２８３をひろげよう/第6話-COLLABORATION.csv,33,4001044070300,雛菜,"嗯！
碰运气看能抽出谁～",283活动剧情,#２８３をひろげよう,第6話-COLLABORATION
283活动剧情/#２８３をひろげよう/第6話-COLLABORATION.csv,35,4001044070320,雛菜,"嗯～？
也不是说想抽到谁啦～",283活动剧情,#２８３をひろげよう,第6話-COLLABORATION
283活动剧情/#２８３をひろげよう/第6話-COLLABORATION.csv,36,4001044070330,雛菜,不过想吃巧克力对吧～？,283活动剧情,#２８３をひろげよう,第6話-COLLABORATION
283活动剧情/#２８３をひろげよう/第6話-COLLABORATION.csv,37,4001044070340,雛菜,"也买给
透学姐和小糸吧～",283活动剧情,#２８３をひろげよう,第6話-COLLABORATION
283活动剧情/#２８３をひろげよう/第6話-COLLABORATION.csv,39,4001044070360,雛菜,"我看看～……
是“月冈恋钟”～",283活动剧情,#２８３をひろげよう,第6話-COLLABORATION
283活动剧情/#２８３をひろげよう/第6話-COLLABORATION.csv,41,4001044070380,雛菜,"因为我想吃巧克力嘛
——…………",283活动剧情,#２８３をひろげよう,第6話-COLLABORATION
283活动剧情/#２８３をひろげよう/第6話-COLLABORATION.csv,43,4001044070400,雛菜,"好厉害啊～
是闪闪发亮的贴纸",283活动剧情,#２８３をひろげよう,第6話-COLLABORATION
283活动剧情/#２８３をひろげよう/第6話-COLLABORATION.csv,44,4001044070410,雛菜,做一张要花多少钱呢～,283活动剧情,#２８３をひろげよう,第6話-COLLABORATION
283活动剧情/#２８３をひろげよう/第6話-COLLABORATION.csv,47,4001044070440,雛菜,"嗯～……？
想什么……？",283活动剧情,#２８３をひろげよう,第6話-COLLABORATION
283活动剧情/#２８３をひろげよう/第6話-COLLABORATION.csv,53,4001044070500,雛菜,………………,283活动剧情,#２８３をひろげよう,第6話-COLLABORATION
283活动剧情/#２８３をひろげよう/第6話-COLLABORATION.csv,54,4001044070510,雛菜,"雏菜并不是想
变得和谁一样",283活动剧情,#２８３をひろげよう,第6話-COLLABORATION
283活动剧情/#２８３をひろげよう/第6話-COLLABORATION.csv,55,4001044070520,雛菜,"但总感觉，大家都很羡慕
其他人的样子呢～",283活动剧情,#２８３をひろげよう,第6話-COLLABORATION
283活动剧情/#２８３をひろげよう/第6話-COLLABORATION.csv,56,4001044070530,雛菜,就觉得有一点意外～……,283活动剧情,#２８３をひろげよう,第6話-COLLABORATION
283活动剧情/#２８３をひろげよう/第6話-COLLABORATION.csv,57,4001044070540,雛菜,"当偶像的大家
都会想被印在这种贴纸上吗～？",283活动剧情,#２８３をひろげよう,第6話-COLLABORATION
283活动剧情/#２８３をひろげよう/第6話-COLLABORATION.csv,59,4001044070560,雛菜,"不过，要是雏菜被印在这种贴纸上～
或者出现在很大的广告牌上的话",283活动剧情,#２８３をひろげよう,第6話-COLLABORATION
283活动剧情/#２８３をひろげよう/第6話-COLLABORATION.csv,60,4001044070570,雛菜,"那肯定是
超可爱的吧～",283活动剧情,#２８３をひろげよう,第6話-COLLABORATION
283活动剧情/#２８３をひろげよう/第6話-COLLABORATION.csv,66,4001044070630,雛菜,"诶，那雏菜
现在就把它吃掉～！",283活动剧情,#２８３をひろげよう,第6話-COLLABORATION
283活动剧情/2025ホワイトデー スペシャルコミュ/25白情雏1.csv,3,4901900450010,雛菜,"啊哈～
非常感谢～",283活动剧情,2025ホワイトデー スペシャルコミュ,25白情雏1
283活动剧情/2025ホワイトデー スペシャルコミュ/25白情雏1.csv,4,4901900450020,雛菜,"……闪闪发亮呢～
这些糖果，感觉就像宝石一样",283活动剧情,2025ホワイトデー スペシャルコミュ,25白情雏1
283活动剧情/2025ホワイトデー スペシャルコミュ/25白情雏2.csv,3,4901900460010,雛菜,"啊哈～
非常感谢～",283活动剧情,2025ホワイトデー スペシャルコミュ,25白情雏2
283活动剧情/2025ホワイトデー スペシャルコミュ/25白情雏2.csv,4,4901900460020,雛菜,……这块糖果难道是钻石吗～,283活动剧情,2025ホワイトデー スペシャルコミュ,25白情雏2
283活动剧情/2025ホワイトデー スペシャルコミュ/25白情雏2.csv,6,4901900460030,雛菜,闪闪发光的，非常耀眼呢～,283活动剧情,2025ホワイトデー スペシャルコミュ,25白情雏2
283活动剧情/2025ホワイトデー スペシャルコミュ/25白情雏2.csv,8,4901900460040,雛菜,虽然早晚都要吃掉的,283活动剧情,2025ホワイトデー スペシャルコミュ,25白情雏2
283活动剧情/2025ホワイトデー スペシャルコミュ/25白情雏2.csv,10,4901900460050,雛菜,"闪闪发亮的宝石……
留到什么时候吃好呢～",283活动剧情,2025ホワイトデー スペシャルコミュ,25白情雏2
283活动剧情/5th Anniversary 当日スペシャルコミュ/5th Anniversary-ノクチル.csv,11,4901041060100,雛菜,"嗳、制作人
手伸出来～？",283活动剧情,5th Anniversary 当日スペシャルコミュ,5th Anniversary-ノクチル
283活动剧情/5th Anniversary 当日スペシャルコミュ/5th Anniversary-ノクチル.csv,12,4901041060110,雛菜,"给你签个名！
特别的那种！",283活动剧情,5th Anniversary 当日スペシャルコミュ,5th Anniversary-ノクチル
283活动剧情/5th Anniversary 当日スペシャルコミュ/5th Anniversary-ノクチル.csv,13,4901041060120,雛菜,“谢谢一直以来的应援♡　雏菜”,283活动剧情,5th Anniversary 当日スペシャルコミュ,5th Anniversary-ノクチル
283活动剧情/Detective×Murder/special_communications_490103202.csv,19,4901032020110,雛菜,"嗯～应该是在说
这个人是不是真的是“A”的弟子？",283活动剧情,Detective×Murder,special_communications_490103202
283活动剧情/Detective×Murder/special_communications_490103202.csv,20,4901032020120,雛菜,毕竟有可能是假的呢～,283活动剧情,Detective×Murder,special_communications_490103202
283活动剧情/Detective×Murder/special_communications_490103202.csv,21,4901032020130,雛菜,"实际上有可能是完全没有关系的人~
或者反过来讲，也有可能是痛恨着“A”的人！",283活动剧情,Detective×Murder,special_communications_490103202
283活动剧情/Detective×Murder/special_communications_490103207.csv,7,4901032070050,雛菜,"雏菜和其他人也
一边到处转一边拍了很多视频",283活动剧情,Detective×Murder,special_communications_490103207
283活动剧情/Detective×Murder/special_communications_490103207.csv,9,4901032070070,雛菜,"嗯？
嗯，可以哦～",283活动剧情,Detective×Murder,special_communications_490103207
283活动剧情/Detective×Murder/【２日目】16_05-推理放棄.csv,3,4901032230010,雛菜,"啊哈～
那是什么啊～",283活动剧情,Detective×Murder,【２日目】16_05-推理放棄
283活动剧情/Detective×Murder/【２日目】16_08-贖罪の山羊２.csv,21,4901032370060,雛菜,"嗯～……
那，她不是开着天窗就好了吗？",283活动剧情,Detective×Murder,【２日目】16_08-贖罪の山羊２
283活动剧情/Detective×Murder/【２日目】16_08-贖罪の山羊２.csv,22,4901032370070,雛菜,"就算不特意关上天窗，
并把遗体移到不会淋到雨的地方也可以的吧",283活动剧情,Detective×Murder,【２日目】16_08-贖罪の山羊２
283活动剧情/Detective×Murder/【２日目】16_52-密室からの脱出２.csv,23,4901032390110,雛菜,嗯～,283活动剧情,Detective×Murder,【２日目】16_52-密室からの脱出２
283活动剧情/Detective×Murder/【２日目】16_52-密室からの脱出２.csv,24,4901032390120,雛菜,"遗体一开始放在天窗下面
可能也是为了伪装成模糊死亡推定时刻～",283活动剧情,Detective×Murder,【２日目】16_52-密室からの脱出２
283活动剧情/Detective×Murder/【２日目】16_52-密室からの脱出２.csv,25,4901032390130,雛菜,实则是为了掩盖天窗敞开的事实！,283活动剧情,Detective×Murder,【２日目】16_52-密室からの脱出２
283活动剧情/Detective×Murder/【２日目】16_52-密室からの脱出２.csv,28,4901032390160,雛菜,虽然也有几个人去了外面～,283活动剧情,Detective×Murder,【２日目】16_52-密室からの脱出２
283活动剧情/Detective×Murder/【２日目】16_52-密室からの脱出２.csv,29,4901032390170,雛菜,"但当时是晚上，再加上还在下雨，
所以应该也很难发现犯人吧？",283活动剧情,Detective×Murder,【２日目】16_52-密室からの脱出２
283活动剧情/Detective×Murder/【２日目】17_11-対峙４.csv,11,4901032410030,雛菜,"虽然雏菜确实把脚印拍了下来，
但我觉得好像也没法说得那么彻底呢～",283活动剧情,Detective×Murder,【２日目】17_11-対峙４
283活动剧情/Detective×Murder/【２日目】18_36-理由.csv,48,4901032320400,雛菜,"啊～……
“A”的手账上的标记就是那个意思吗～",283活动剧情,Detective×Murder,【２日目】18_36-理由
283活动剧情/Detective×Murder/【２日目】18_36-理由.csv,61,4901032320520,雛菜,"啊哈～
这不是挺好的吗～？",283活动剧情,Detective×Murder,【２日目】18_36-理由
283活动剧情/Detective×Murder/【２日目】18_36-理由.csv,62,4901032320530,雛菜,"毕竟靠各种各样的情报推理出犯人的
就是弟子先生～",283活动剧情,Detective×Murder,【２日目】18_36-理由
283活动剧情/Detective×Murder/【２日目】午前-透・円香・小糸・雛菜.csv,2,4901032150010,雛菜,呐，“A”为什么会被杀掉呢～？,283活动剧情,Detective×Murder,【２日目】午前-透・円香・小糸・雛菜
283活动剧情/Detective×Murder/【２日目】午前-透・円香・小糸・雛菜.csv,6,4901032150050,雛菜,"啊～
有这个可能～",283活动剧情,Detective×Murder,【２日目】午前-透・円香・小糸・雛菜
283活动剧情/Detective×Murder/【２日目】午前-透・円香・小糸・雛菜.csv,13,4901032150090,雛菜,"嗯～？
没有哦～",283活动剧情,Detective×Murder,【２日目】午前-透・円香・小糸・雛菜
283活动剧情/Detective×Murder/【２日目】午前-透・円香・小糸・雛菜.csv,14,4901032150100,雛菜,"好像出现了“天井努”这个名字
所以我就问了问大家都知不知道～",283活动剧情,Detective×Murder,【２日目】午前-透・円香・小糸・雛菜
283活动剧情/Detective×Murder/【２日目】午前-透・円香・小糸・雛菜.csv,32,4901032150210,雛菜,"写在这上面的人
可能都和“A”有某种关联呢～",283活动剧情,Detective×Murder,【２日目】午前-透・円香・小糸・雛菜
283活动剧情/Detective×Murder/【２日目】午前-透・円香・小糸・雛菜.csv,33,4901032150220,雛菜,虽然我也不知道就是了,283活动剧情,Detective×Murder,【２日目】午前-透・円香・小糸・雛菜
283活动剧情/Detective×Murder/【２日目】午前-透・円香・小糸・雛菜.csv,34,4901032150230,雛菜,"如果有丢失的真相文件
可能就能明白了？",283活动剧情,Detective×Murder,【２日目】午前-透・円香・小糸・雛菜
283活动剧情/Detective×Murder/【２日目】午前-透・円香・小糸・雛菜.csv,50,4901032150350,雛菜,"洋房附近的足迹有两种
但好像都不是从房顶上下来的感觉～？",283活动剧情,Detective×Murder,【２日目】午前-透・円香・小糸・雛菜
283活动剧情/Detective×Murder/【２日目】午前-透・円香・小糸・雛菜.csv,52,4901032150370,雛菜,"嗯～……
呐，这一块",283活动剧情,Detective×Murder,【２日目】午前-透・円香・小糸・雛菜
283活动剧情/Detective×Murder/【２日目】午前-透・円香・小糸・雛菜.csv,53,4901032150380,雛菜,就算没有道具，是不是也很容易下来～？,283活动剧情,Detective×Murder,【２日目】午前-透・円香・小糸・雛菜
283活动剧情/Detective×Murder/【２日目】午前-透・円香・小糸・雛菜.csv,56,4901032150410,雛菜,"啊哈～
发现被踩踏过的痕迹了～！",283活动剧情,Detective×Murder,【２日目】午前-透・円香・小糸・雛菜
283活动剧情/Detective×Murder/【２日目】午前-透・円香・小糸・雛菜.csv,69,4901032150490,雛菜,"你想说的是“怪盗283”吗～？
那为什么又留下了足迹呢？",283活动剧情,Detective×Murder,【２日目】午前-透・円香・小糸・雛菜
283活动剧情/Detective×Murder/【２日目】午前-透・円香・小糸・雛菜.csv,72,4901032150520,雛菜,诶～,283活动剧情,Detective×Murder,【２日目】午前-透・円香・小糸・雛菜
283活动剧情/Detective×Murder/【２日目】午前-透・円香・小糸・雛菜.csv,73,4901032150530,雛菜,"明明入口只有一个
这里的人也很多",283活动剧情,Detective×Murder,【２日目】午前-透・円香・小糸・雛菜
283活动剧情/Detective×Murder/【２日目】午前-透・円香・小糸・雛菜.csv,74,4901032150540,雛菜,"如果真的没被人发现藏到了现在，
那还真厉害呢～",283活动剧情,Detective×Murder,【２日目】午前-透・円香・小糸・雛菜
283活动剧情/Detective×Murder/【２日目】午前-透・円香・小糸・雛菜.csv,85,4901032150630,雛菜,"啊哈～
是呢～",283活动剧情,Detective×Murder,【２日目】午前-透・円香・小糸・雛菜
283活动剧情/Detective×Murder/【２日目】午前-透・円香・小糸・雛菜.csv,86,4901032150640,雛菜,"但是，要爬上天窗不会很困难吗？
我们刚才也看过了吧～？",283活动剧情,Detective×Murder,【２日目】午前-透・円香・小糸・雛菜
283活动剧情/Detective×Murder/【２日目】午前-透・円香・小糸・雛菜.csv,87,4901032150650,雛菜,"我试着用遥控器开了一下，
但房顶上也没有系绳子之类的东西",283活动剧情,Detective×Murder,【２日目】午前-透・円香・小糸・雛菜
283活动剧情/Detective×Murder/【２日目】午前-透・円香・小糸・雛菜.csv,92,4901032150700,雛菜,明明足迹要是能留得再清晰一点就好了呢～,283活动剧情,Detective×Murder,【２日目】午前-透・円香・小糸・雛菜
283活动剧情/Detective×Murder/【２日目】午前-透・円香・小糸・雛菜.csv,93,4901032150710,雛菜,大概是不太大的女式鞋子吧～……,283活动剧情,Detective×Murder,【２日目】午前-透・円香・小糸・雛菜
283活动剧情/PiCNiC BASKET！/出るんだって、虹.csv,8,4001011090050,雛菜,"诶～～～？
但是透前辈也非常可爱哦～～～",283活动剧情,PiCNiC BASKET！,出るんだって、虹
283活动剧情/PiCNiC BASKET！/出るんだって、虹.csv,11,4001011090051,透＆円香＆小糸＆雛菜,…………,283活动剧情,PiCNiC BASKET！,出るんだって、虹
283活动剧情/PiCNiC BASKET！/出るんだって、虹.csv,13,4001011090070,雛菜,"嗯～……
不好说呢～～?",283活动剧情,PiCNiC BASKET！,出るんだって、虹
283活动剧情/PiCNiC BASKET！/出るんだって、虹.csv,20,4001011090110,雛菜,"啊哈～
透前辈，雏菜也要～～～♡",283活动剧情,PiCNiC BASKET！,出るんだって、虹
283活动剧情/PiCNiC BASKET！/出るんだって、虹.csv,25,4001011090140,雛菜,"圆香前辈，头上要升起彩虹了哦～！
啊哈～～～！",283活动剧情,PiCNiC BASKET！,出るんだって、虹
283活动剧情/World×Code/ビルの上で×怪盗×裏切り-敵対ロマンス（雛菜）.csv,2,4901021460010,雛菜,"刑警先生已经够了吧～？
装作同伴的样子～",283活动剧情,World×Code,ビルの上で×怪盗×裏切り-敵対ロマンス（雛菜）
283活动剧情/World×Code/ビルの上で×怪盗×裏切り-敵対ロマンス（雛菜）.csv,4,4901021460020,雛菜,"雏菜装作被骗的样子
也累了～",283活动剧情,World×Code,ビルの上で×怪盗×裏切り-敵対ロマンス（雛菜）
283活动剧情/World×Code/ビルの上で×怪盗×裏切り-敵対ロマンス（雛菜）.csv,7,4901021460030,雛菜,"啊哈～
但是“说谎是小偷的开始”对吧～？",283活动剧情,World×Code,ビルの上で×怪盗×裏切り-敵対ロマンス（雛菜）
283活动剧情/World×Code/ビルの上で×怪盗×裏切り-敵対ロマンス（雛菜）.csv,8,4901021460040,雛菜,"刑警先生也要好好偿还
对雏菜撒谎的罪孽啊～？",283活动剧情,World×Code,ビルの上で×怪盗×裏切り-敵対ロマンス（雛菜）
283活动剧情/World×Code/ビルの上で×怪盗×裏切り-敵対ロマンス（雛菜）.csv,10,4901021460050,雛菜,"雏菜，想要的东西全都想得到
宝石也是，刑警先生也想得到",283活动剧情,World×Code,ビルの上で×怪盗×裏切り-敵対ロマンス（雛菜）
283活动剧情/World×Code/ビルの上で×怪盗×裏切り-敵対ロマンス（雛菜）.csv,11,4901021460060,雛菜,"……现在刑警先生已经不想要了
拜拜～",283活动剧情,World×Code,ビルの上で×怪盗×裏切り-敵対ロマンス（雛菜）
283活动剧情/World×Code/大泥棒×代官の悪事×一件落着-時代劇（雛菜）.csv,2,4901021660010,雛菜,"说是很大的工作～
我还以为很难呢",283活动剧情,World×Code,大泥棒×代官の悪事×一件落着-時代劇（雛菜）
283活动剧情/World×Code/大泥棒×代官の悪事×一件落着-時代劇（雛菜）.csv,3,4901021660020,雛菜,结果很简单呢～？,283活动剧情,World×Code,大泥棒×代官の悪事×一件落着-時代劇（雛菜）
283活动剧情/World×Code/大泥棒×代官の悪事×一件落着-時代劇（雛菜）.csv,5,4901021660030,雛菜,"啊哈～
果然雏菜很适合做大盗呢～",283活动剧情,World×Code,大泥棒×代官の悪事×一件落着-時代劇（雛菜）
283活动剧情/World×Code/大泥棒×代官の悪事×一件落着-時代劇（雛菜）.csv,7,4901021660040,雛菜,"呀哈～
被夸了～",283活动剧情,World×Code,大泥棒×代官の悪事×一件落着-時代劇（雛菜）
283活动剧情/World×Code/大泥棒×代官の悪事×一件落着-時代劇（雛菜）.csv,10,4901021660050,雛菜,"嘿～
这个一定要现在去吗～？",283活动剧情,World×Code,大泥棒×代官の悪事×一件落着-時代劇（雛菜）
283活动剧情/World×Code/大泥棒×代官の悪事×一件落着-時代劇（雛菜）.csv,12,4901021660060,雛菜,"雏菜，这么努力了
想要些奖励啊～",283活动剧情,World×Code,大泥棒×代官の悪事×一件落着-時代劇（雛菜）
283活动剧情/World×Code/大泥棒×代官の悪事×一件落着-時代劇（雛菜）.csv,13,4901021660070,雛菜,"团子啊～钱财啊～
……啊哈～，快走吧～？",283活动剧情,World×Code,大泥棒×代官の悪事×一件落着-時代劇（雛菜）
283活动剧情/World×Code/岸壁で×爆破装置×現場検証-探偵（雛菜）.csv,2,4901021090010,雛菜,"嗯～……为什么会想在这种没人的地方
放炸弹呢～？",283活动剧情,World×Code,岸壁で×爆破装置×現場検証-探偵（雛菜）
283活动剧情/World×Code/岸壁で×爆破装置×現場検証-探偵（雛菜）.csv,5,4901021090020,雛菜,"…………
那也就是说～",283活动剧情,World×Code,岸壁で×爆破装置×現場検証-探偵（雛菜）
283活动剧情/World×Code/岸壁で×爆破装置×現場検証-探偵（雛菜）.csv,6,4901021090030,雛菜,"做坏事的人的想法
自己是不知道的对吗？",283活动剧情,World×Code,岸壁で×爆破装置×現場検証-探偵（雛菜）
283活动剧情/World×Code/岸壁で×爆破装置×現場検証-探偵（雛菜）.csv,9,4901021090040,雛菜,"是吗～……
那雏菜呢？",283活动剧情,World×Code,岸壁で×爆破装置×現場検証-探偵（雛菜）
283活动剧情/World×Code/岸壁で×爆破装置×現場検証-探偵（雛菜）.csv,10,4901021090050,雛菜,你知道雏菜现在的想法吗～？,283活动剧情,World×Code,岸壁で×爆破装置×現場検証-探偵（雛菜）
283活动剧情/World×Code/岸壁で×爆破装置×現場検証-探偵（雛菜）.csv,12,4901021090060,雛菜,"好～
3，2，1——……",283活动剧情,World×Code,岸壁で×爆破装置×現場検証-探偵（雛菜）
283活动剧情/World×Code/岸壁で×爆破装置×現場検証-探偵（雛菜）.csv,13,4901021090070,雛菜,"咚～♡
很遗憾，到时间了～",283活动剧情,World×Code,岸壁で×爆破装置×現場検証-探偵（雛菜）
283活动剧情/World×Code/岸壁で×爆破装置×現場検証-探偵（雛菜）.csv,14,4901021090080,雛菜,"啊哈～
还好雏菜不是炸弹呢～",283活动剧情,World×Code,岸壁で×爆破装置×現場検証-探偵（雛菜）
283活动剧情/さざなみはいつも凡庸な音がする/エンディング-凡庸な音たち.csv,8,4001040080030,雛菜,"诶～
什么～？",283活动剧情,さざなみはいつも凡庸な音がする,エンディング-凡庸な音たち
283活动剧情/さざなみはいつも凡庸な音がする/エンディング-凡庸な音たち.csv,9,4001040080040,雛菜,制作人打电话来～？,283活动剧情,さざなみはいつも凡庸な音がする,エンディング-凡庸な音たち
283活动剧情/さざなみはいつも凡庸な音がする/エンディング-凡庸な音たち.csv,12,4001040080070,雛菜,是吗～？,283活动剧情,さざなみはいつも凡庸な音がする,エンディング-凡庸な音たち
283活动剧情/さざなみはいつも凡庸な音がする/エンディング-凡庸な音たち.csv,13,4001040080080,雛菜,"雏菜一直
上课的时候和制作人发Chain～",283活动剧情,さざなみはいつも凡庸な音がする,エンディング-凡庸な音たち
283活动剧情/さざなみはいつも凡庸な音がする/エンディング-凡庸な音たち.csv,21,4001040080150,雛菜,雏菜～！,283活动剧情,さざなみはいつも凡庸な音がする,エンディング-凡庸な音たち
283活动剧情/さざなみはいつも凡庸な音がする/エンディング-凡庸な音たち.csv,32,4001040080210,雛菜,"嗯～
大家一起看了～",283活动剧情,さざなみはいつも凡庸な音がする,エンディング-凡庸な音たち
283活动剧情/さざなみはいつも凡庸な音がする/エンディング-凡庸な音たち.csv,33,4001040080220,雛菜,有很有趣吗～……？,283活动剧情,さざなみはいつも凡庸な音がする,エンディング-凡庸な音たち
283活动剧情/さざなみはいつも凡庸な音がする/エンディング-凡庸な音たち.csv,40,4001040080250,雛菜,"是吗～
太好了～",283活动剧情,さざなみはいつも凡庸な音がする,エンディング-凡庸な音たち
283活动剧情/さざなみはいつも凡庸な音がする/エンディング-凡庸な音たち.csv,41,4001040080260,雛菜,收视率，不是2%～,283活动剧情,さざなみはいつも凡庸な音がする,エンディング-凡庸な音たち
283活动剧情/さざなみはいつも凡庸な音がする/エンディング-凡庸な音たち.csv,51,4001040080320,雛菜,"嗯～
什么～？",283活动剧情,さざなみはいつも凡庸な音がする,エンディング-凡庸な音たち
283活动剧情/さざなみはいつも凡庸な音がする/エンディング-凡庸な音たち.csv,58,4001040080350,雛菜,"啊哈～
是吗～",283活动剧情,さざなみはいつも凡庸な音がする,エンディング-凡庸な音たち
283活动剧情/さざなみはいつも凡庸な音がする/エンディング-凡庸な音たち.csv,59,4001040080360,雛菜,好期待哦～！,283活动剧情,さざなみはいつも凡庸な音がする,エンディング-凡庸な音たち
283活动剧情/さざなみはいつも凡庸な音がする/エンディング-凡庸な音たち.csv,61,4001040080380,雛菜,"雏菜，下次想去海边～
还想吃甜点师的甜点～！",283活动剧情,さざなみはいつも凡庸な音がする,エンディング-凡庸な音たち
283活动剧情/さざなみはいつも凡庸な音がする/エンディング-凡庸な音たち.csv,68,4001040080410,雛菜,啊～～～～～～～～～！,283活动剧情,さざなみはいつも凡庸な音がする,エンディング-凡庸な音たち
283活动剧情/さざなみはいつも凡庸な音がする/エンディング-凡庸な音たち.csv,69,4001040080420,雛菜,午休只剩下20分钟了～！,283活动剧情,さざなみはいつも凡庸な音がする,エンディング-凡庸な音たち
283活动剧情/さざなみはいつも凡庸な音がする/エンディング-凡庸な音たち.csv,76,4001040080470,雛菜,"还会剩下什么呢～
说不定只剩下怪味的面包了～……",283活动剧情,さざなみはいつも凡庸な音がする,エンディング-凡庸な音たち
283活动剧情/さざなみはいつも凡庸な音がする/エンディング-凡庸な音たち.csv,78,4001040080490,雛菜,诶～？,283活动剧情,さざなみはいつも凡庸な音がする,エンディング-凡庸な音たち
283活动剧情/さざなみはいつも凡庸な音がする/エンディング-凡庸な音たち.csv,80,4001040080510,雛菜,"啊哈～
对哦～！",283活动剧情,さざなみはいつも凡庸な音がする,エンディング-凡庸な音たち
283活动剧情/さざなみはいつも凡庸な音がする/エンディング-凡庸な音たち.csv,81,4001040080520,雛菜,"雏菜也来请！
不过只能罐装或纸包装的哦～？",283活动剧情,さざなみはいつも凡庸な音がする,エンディング-凡庸な音たち
283活动剧情/さざなみはいつも凡庸な音がする/オープニング-成長.csv,4,4001040010010,雛菜,今天的份有完成吗～？,283活动剧情,さざなみはいつも凡庸な音がする,オープニング-成長
283活动剧情/さざなみはいつも凡庸な音がする/オープニング-成長.csv,7,4001040010040,雛菜,"啊哈～
没有吗～",283活动剧情,さざなみはいつも凡庸な音がする,オープニング-成長
283活动剧情/さざなみはいつも凡庸な音がする/オープニング-成長.csv,9,4001040010060,雛菜,"嘿～～～
圆香学姐，完成了～！？",283活动剧情,さざなみはいつも凡庸な音がする,オープニング-成長
283活动剧情/さざなみはいつも凡庸な音がする/オープニング-成長.csv,11,4001040010080,雛菜,"…………
什么啊～……",283活动剧情,さざなみはいつも凡庸な音がする,オープニング-成長
283活动剧情/さざなみはいつも凡庸な音がする/オープニング-成長.csv,14,4001040010090,雛菜,嗯～……,283活动剧情,さざなみはいつも凡庸な音がする,オープニング-成長
283活动剧情/さざなみはいつも凡庸な音がする/オープニング-成長.csv,15,4001040010100,雛菜,"都说了
要把雏菜排在这里的吧～？",283活动剧情,さざなみはいつも凡庸な音がする,オープニング-成長
283活动剧情/さざなみはいつも凡庸な音がする/オープニング-成長.csv,16,4001040010110,雛菜,③的那个～！,283活动剧情,さざなみはいつも凡庸な音がする,オープニング-成長
283活动剧情/さざなみはいつも凡庸な音がする/オープニング-成長.csv,19,4001040010140,雛菜,"真假～！
那今天到现在1票都没有～！？",283活动剧情,さざなみはいつも凡庸な音がする,オープニング-成長
283活动剧情/さざなみはいつも凡庸な音がする/オープニング-成長.csv,22,4001040010170,雛菜,"那是，要这么做～
的示范～",283活动剧情,さざなみはいつも凡庸な音がする,オープニング-成長
283活动剧情/さざなみはいつも凡庸な音がする/オープニング-成長.csv,24,4001040010190,雛菜,……明明每天都有1票的～……,283活动剧情,さざなみはいつも凡庸な音がする,オープニング-成長
283活动剧情/さざなみはいつも凡庸な音がする/オープニング-成長.csv,28,4001040010210,雛菜,嗯～？,283活动剧情,さざなみはいつも凡庸な音がする,オープニング-成長
283活动剧情/さざなみはいつも凡庸な音がする/オープニング-成長.csv,31,4001040010240,雛菜,那种事情谁也不知道的吧～？,283活动剧情,さざなみはいつも凡庸な音がする,オープニング-成長
283活动剧情/さざなみはいつも凡庸な音がする/オープニング-成長.csv,32,4001040010250,雛菜,"或许
这个只有雏菜几个人在投票而已～",283活动剧情,さざなみはいつも凡庸な音がする,オープニング-成長
283活动剧情/さざなみはいつも凡庸な音がする/オープニング-成長.csv,36,4001040010290,雛菜,"不过，妈妈说过要看
至少有个1%～",283活动剧情,さざなみはいつも凡庸な音がする,オープニング-成長
283活动剧情/さざなみはいつも凡庸な音がする/オープニング-成長.csv,46,4001040010370,雛菜,"啊哈～
小糸来了～～～",283活动剧情,さざなみはいつも凡庸な音がする,オープニング-成長
283活动剧情/さざなみはいつも凡庸な音がする/オープニング-成長.csv,54,4001040010450,雛菜,"不过那个今天就结束了吧～？
小糸也总算能去玩了～",283活动剧情,さざなみはいつも凡庸な音がする,オープニング-成長
283活动剧情/さざなみはいつも凡庸な音がする/オープニング-成長.csv,57,4001040010480,雛菜,"不过，还有摄影呢
暑假也快要结束了呢～",283活动剧情,さざなみはいつも凡庸な音がする,オープニング-成長
283活动剧情/さざなみはいつも凡庸な音がする/オープニング-成長.csv,59,4001040010500,雛菜,"——那，小糸
有好好投票吗～？",283活动剧情,さざなみはいつも凡庸な音がする,オープニング-成長
283活动剧情/さざなみはいつも凡庸な音がする/オープニング-成長.csv,65,4001040010540,雛菜,"欸～～～！？
小糸也没投～！？",283活动剧情,さざなみはいつも凡庸な音がする,オープニング-成長
283活动剧情/さざなみはいつも凡庸な音がする/オープニング-成長.csv,66,4001040010550,雛菜,"雏菜，都说了
要投③的～……",283活动剧情,さざなみはいつも凡庸な音がする,オープニング-成長
283活动剧情/さざなみはいつも凡庸な音がする/オープニング-成長.csv,69,4001040010580,雛菜,嗯～……？,283活动剧情,さざなみはいつも凡庸な音がする,オープニング-成長
283活动剧情/さざなみはいつも凡庸な音がする/オープニング-成長.csv,77,4001040010651,透＆円香＆雛菜,,283活动剧情,さざなみはいつも凡庸な音がする,オープニング-成長
283活动剧情/さざなみはいつも凡庸な音がする/オープニング-成長.csv,81,4001040010670,雛菜,"不过雏菜觉得③比较好～
成为有名的甜品师的弟子～……",283活动剧情,さざなみはいつも凡庸な音がする,オープニング-成長
283活动剧情/さざなみはいつも凡庸な音がする/オープニング-成長.csv,82,4001040010680,雛菜,雏菜能参加雏菜自己选的企划就好了～,283活动剧情,さざなみはいつも凡庸な音がする,オープニング-成長
283活动剧情/さざなみはいつも凡庸な音がする/オープニング-成長.csv,84,4001040010700,雛菜,"能吃甜点多好呀～？
要是学会做甜点就更好了",283活动剧情,さざなみはいつも凡庸な音がする,オープニング-成長
283活动剧情/さざなみはいつも凡庸な音がする/オープニング-成長.csv,86,4001040010720,雛菜,"那如果要参加非常辛苦的企划
要怎么办～～～？",283活动剧情,さざなみはいつも凡庸な音がする,オープニング-成長
283活动剧情/さざなみはいつも凡庸な音がする/オープニング-成長.csv,89,4001040010750,雛菜,也没错～……,283活动剧情,さざなみはいつも凡庸な音がする,オープニング-成長
283活动剧情/さざなみはいつも凡庸な音がする/第1話-遠く遠くまで.csv,6,4001040020021,透＆雛菜,,283活动剧情,さざなみはいつも凡庸な音がする,第1話-遠く遠くまで
283活动剧情/さざなみはいつも凡庸な音がする/第1話-遠く遠くまで.csv,27,4001040020140,雛菜,"…………
嗯～～～～～～……！",283活动剧情,さざなみはいつも凡庸な音がする,第1話-遠く遠くまで
283活动剧情/さざなみはいつも凡庸な音がする/第1話-遠く遠くまで.csv,28,4001040020150,雛菜,已经到了吗～～～……？,283活动剧情,さざなみはいつも凡庸な音がする,第1話-遠く遠くまで
283活动剧情/さざなみはいつも凡庸な音がする/第1話-遠く遠くまで.csv,31,4001040020180,雛菜,"呵啊～……是吗～？
那还得把另外两个人叫起来～",283活动剧情,さざなみはいつも凡庸な音がする,第1話-遠く遠くまで
283活动剧情/さざなみはいつも凡庸な音がする/第1話-遠く遠くまで.csv,32,4001040020190,雛菜,"透学姐～～～！
还有圆香学姐～～～！",283活动剧情,さざなみはいつも凡庸な音がする,第1話-遠く遠くまで
283活动剧情/さざなみはいつも凡庸な音がする/第1話-遠く遠くまで.csv,35,4001040020220,雛菜,"马上就到了～！
再不起来脸就要变肿肿的咯～～～？",283活动剧情,さざなみはいつも凡庸な音がする,第1話-遠く遠くまで
283活动剧情/さざなみはいつも凡庸な音がする/第1話-遠く遠くまで.csv,44,4001040020280,雛菜,"市川雏菜～
请多关照～！",283活动剧情,さざなみはいつも凡庸な音がする,第1話-遠く遠くまで
283活动剧情/さざなみはいつも凡庸な音がする/第1話-遠く遠くまで.csv,49,4001040020320,雛菜,"雏菜肚子饿了～
带点东西来吃就好了～……",283活动剧情,さざなみはいつも凡庸な音がする,第1話-遠く遠くまで
283活动剧情/さざなみはいつも凡庸な音がする/第1話-遠く遠くまで.csv,52,4001040020350,雛菜,"呀哈～
有的话就吃～！",283活动剧情,さざなみはいつも凡庸な音がする,第1話-遠く遠くまで
283活动剧情/さざなみはいつも凡庸な音がする/第1話-遠く遠くまで.csv,65,4001040020400,雛菜,"嗯～～～……
感觉光是移动就很累呢～",283活动剧情,さざなみはいつも凡庸な音がする,第1話-遠く遠くまで
283活动剧情/さざなみはいつも凡庸な音がする/第1話-遠く遠くまで.csv,72,4001040020470,雛菜,"明明是在寺庙修行？
却还要好好化妆呢～",283活动剧情,さざなみはいつも凡庸な音がする,第1話-遠く遠くまで
283活动剧情/さざなみはいつも凡庸な音がする/第1話-遠く遠くまで.csv,75,4001040020500,雛菜,"不过雏菜还是觉得
可爱点更好～！",283活动剧情,さざなみはいつも凡庸な音がする,第1話-遠く遠くまで
283活动剧情/さざなみはいつも凡庸な音がする/第1話-遠く遠くまで.csv,88,4001040020521,透＆円香＆雛菜,,283活动剧情,さざなみはいつも凡庸な音がする,第1話-遠く遠くまで
283活动剧情/さざなみはいつも凡庸な音がする/第1話-遠く遠くまで.csv,92,4001040020560,雛菜,"不是因为大家
想看这样的雏菜吗～？",283活动剧情,さざなみはいつも凡庸な音がする,第1話-遠く遠くまで
283活动剧情/さざなみはいつも凡庸な音がする/第1話-遠く遠くまで.csv,96,4001040020600,雛菜,"欸～
可是那样好玩吗～？",283活动剧情,さざなみはいつも凡庸な音がする,第1話-遠く遠くまで
283活动剧情/さざなみはいつも凡庸な音がする/第1話-遠く遠くまで.csv,97,4001040020610,雛菜,"雏菜的话明明可以
做到更带动气氛的事情～",283活动剧情,さざなみはいつも凡庸な音がする,第1話-遠く遠くまで
283活动剧情/さざなみはいつも凡庸な音がする/第1話-遠く遠くまで.csv,102,4001040020660,雛菜,"嗯～……
被选上的企划那个选择项叫什么来着～",283活动剧情,さざなみはいつも凡庸な音がする,第1話-遠く遠くまで
283活动剧情/さざなみはいつも凡庸な音がする/第1話-遠く遠くまで.csv,103,4001040020670,雛菜,剧本剧本～……,283活动剧情,さざなみはいつも凡庸な音がする,第1話-遠く遠くまで
283活动剧情/さざなみはいつも凡庸な音がする/第1話-遠く遠くまで.csv,106,4001040020700,雛菜,"可是雏菜
已经很满足现在的身心了哦～？",283活动剧情,さざなみはいつも凡庸な音がする,第1話-遠く遠くまで
283活动剧情/さざなみはいつも凡庸な音がする/第1話-遠く遠くまで.csv,118,4001040020720,雛菜,"咦～
那边是海吗～？",283活动剧情,さざなみはいつも凡庸な音がする,第1話-遠く遠くまで
283活动剧情/さざなみはいつも凡庸な音がする/第1話-遠く遠くまで.csv,121,4001040020750,雛菜,那可以去海边玩吗～？,283活动剧情,さざなみはいつも凡庸な音がする,第1話-遠く遠くまで
283活动剧情/さざなみはいつも凡庸な音がする/第2話-普通.csv,7,4001040030030,雛菜,"呀哈～
可以自由行动～！",283活动剧情,さざなみはいつも凡庸な音がする,第2話-普通
283活动剧情/さざなみはいつも凡庸な音がする/第2話-普通.csv,8,4001040030040,雛菜,要干什么～？,283活动剧情,さざなみはいつも凡庸な音がする,第2話-普通
283活动剧情/さざなみはいつも凡庸な音がする/第2話-普通.csv,21,4001040030140,雛菜,"嗯～……雏菜没写过，
是像学写字的那种感觉吗～？",283活动剧情,さざなみはいつも凡庸な音がする,第2話-普通
283活动剧情/さざなみはいつも凡庸な音がする/第2話-普通.csv,38,4001040030220,雛菜,,283活动剧情,さざなみはいつも凡庸な音がする,第2話-普通
283活动剧情/さざなみはいつも凡庸な音がする/第2話-普通.csv,43,4001040030240,雛菜,嗯～……？,283活动剧情,さざなみはいつも凡庸な音がする,第2話-普通
283活动剧情/さざなみはいつも凡庸な音がする/第2話-普通.csv,57,4001040030380,雛菜,"啊哈～
透学姐，字迹软趴趴～",283活动剧情,さざなみはいつも凡庸な音がする,第2話-普通
283活动剧情/さざなみはいつも凡庸な音がする/第2話-普通.csv,58,4001040030390,雛菜,"雏菜也写好了～
看～～～！",283活动剧情,さざなみはいつも凡庸な音がする,第2話-普通
283活动剧情/さざなみはいつも凡庸な音がする/第2話-普通.csv,60,4001040030410,雛菜,"诶～
小糸对不起哦～？",283活动剧情,さざなみはいつも凡庸な音がする,第2話-普通
283活动剧情/さざなみはいつも凡庸な音がする/第2話-普通.csv,62,4001040030430,雛菜,"雏菜许了“雏菜幸福”的愿望～！
摄影师快看～",283活动剧情,さざなみはいつも凡庸な音がする,第2話-普通
283活动剧情/さざなみはいつも凡庸な音がする/第2話-普通.csv,65,4001040030460,雛菜,"嗯～
可能表现雏菜心很大吧～",283活动剧情,さざなみはいつも凡庸な音がする,第2話-普通
283活动剧情/さざなみはいつも凡庸な音がする/第2話-普通.csv,87,4001040030520,雛菜,制作人呢～？,283活动剧情,さざなみはいつも凡庸な音がする,第2話-普通
283活动剧情/さざなみはいつも凡庸な音がする/第2話-普通.csv,89,4001040030540,雛菜,小糸知道在哪吗～？,283活动剧情,さざなみはいつも凡庸な音がする,第2話-普通
283活动剧情/さざなみはいつも凡庸な音がする/第2話-普通.csv,91,4001040030560,雛菜,"诶～……
明明快到饭点了～……",283活动剧情,さざなみはいつも凡庸な音がする,第2話-普通
283活动剧情/さざなみはいつも凡庸な音がする/第2話-普通.csv,120,4001040030590,雛菜,"啊哈～……
是不是在说些不能被听到的话～？",283活动剧情,さざなみはいつも凡庸な音がする,第2話-普通
283活动剧情/さざなみはいつも凡庸な音がする/第3話-立っているだけでも.csv,5,4001040040020,雛菜,雏菜喜欢这边的棉被～～～,283活动剧情,さざなみはいつも凡庸な音がする,第3話-立っているだけでも
283活动剧情/さざなみはいつも凡庸な音がする/第3話-立っているだけでも.csv,7,4001040040040,雛菜,诶～，是吗～？,283活动剧情,さざなみはいつも凡庸な音がする,第3話-立っているだけでも
283活动剧情/さざなみはいつも凡庸な音がする/第3話-立っているだけでも.csv,8,4001040040050,雛菜,嗯·～……,283活动剧情,さざなみはいつも凡庸な音がする,第3話-立っているだけでも
283活动剧情/さざなみはいつも凡庸な音がする/第3話-立っているだけでも.csv,9,4001040040060,雛菜,"雏菜已经困了～
今天很努力了～",283活动剧情,さざなみはいつも凡庸な音がする,第3話-立っているだけでも
283活动剧情/さざなみはいつも凡庸な音がする/第3話-立っているだけでも.csv,12,4001040040090,雛菜,啊哈～,283活动剧情,さざなみはいつも凡庸な音がする,第3話-立っているだけでも
283活动剧情/さざなみはいつも凡庸な音がする/第3話-立っているだけでも.csv,13,4001040040100,雛菜,"那透学姐
今天也很努力～！",283活动剧情,さざなみはいつも凡庸な音がする,第3話-立っているだけでも
283活动剧情/さざなみはいつも凡庸な音がする/第3話-立っているだけでも.csv,16,4001040040130,雛菜,"是啊～
明天早上要干什么～，坐禅？",283活动剧情,さざなみはいつも凡庸な音がする,第3話-立っているだけでも
283活动剧情/さざなみはいつも凡庸な音がする/第3話-立っているだけでも.csv,17,4001040040140,雛菜,"如果边打坐边睡
会怎么样～",283活动剧情,さざなみはいつも凡庸な音がする,第3話-立っているだけでも
283活动剧情/さざなみはいつも凡庸な音がする/第3話-立っているだけでも.csv,19,4001040040160,雛菜,"嗯～
是吗～？",283活动剧情,さざなみはいつも凡庸な音がする,第3話-立っているだけでも
283活动剧情/さざなみはいつも凡庸な音がする/第3話-立っているだけでも.csv,21,4001040040180,雛菜,"…………
那样会很痛吗～？",283活动剧情,さざなみはいつも凡庸な音がする,第3話-立っているだけでも
283活动剧情/さざなみはいつも凡庸な音がする/第3話-立っているだけでも.csv,23,4001040040200,雛菜,"算了
早点睡吧～",283活动剧情,さざなみはいつも凡庸な音がする,第3話-立っているだけでも
283活动剧情/さざなみはいつも凡庸な音がする/第3話-立っているだけでも.csv,24,4001040040210,雛菜,雏菜起不来的话要来叫醒哦～？,283活动剧情,さざなみはいつも凡庸な音がする,第3話-立っているだけでも
283活动剧情/さざなみはいつも凡庸な音がする/第3話-立っているだけでも.csv,27,4001040040240,雛菜,"诶～……
那透学姐——……",283活动剧情,さざなみはいつも凡庸な音がする,第3話-立っているだけでも
283活动剧情/さざなみはいつも凡庸な音がする/第3話-立っているだけでも.csv,28,4001040040250,雛菜,哈，起得来吗～？,283活动剧情,さざなみはいつも凡庸な音がする,第3話-立っているだけでも
283活动剧情/さざなみはいつも凡庸な音がする/第3話-立っているだけでも.csv,30,4001040040270,雛菜,"啊哈～
那小糸！",283活动剧情,さざなみはいつも凡庸な音がする,第3話-立っているだけでも
283活动剧情/さざなみはいつも凡庸な音がする/第3話-立っているだけでも.csv,32,4001040040290,雛菜,"明天早上，雏菜起不来的话
就来叫醒雏菜～",283活动剧情,さざなみはいつも凡庸な音がする,第3話-立っているだけでも
283活动剧情/さざなみはいつも凡庸な音がする/第3話-立っているだけでも.csv,34,4001040040310,雛菜,"对～！
小糸来！",283活动剧情,さざなみはいつも凡庸な音がする,第3話-立っているだけでも
283活动剧情/さざなみはいつも凡庸な音がする/第3話-立っているだけでも.csv,35,4001040040320,雛菜,"因为，圆香学姐不肯来叫
能够好好起床的，只有小糸了吧～？",283活动剧情,さざなみはいつも凡庸な音がする,第3話-立っているだけでも
283活动剧情/さざなみはいつも凡庸な音がする/第3話-立っているだけでも.csv,37,4001040040340,雛菜,"那样的话
就只能拜托小糸了～",283活动剧情,さざなみはいつも凡庸な音がする,第3話-立っているだけでも
283活动剧情/さざなみはいつも凡庸な音がする/第3話-立っているだけでも.csv,42,4001040040390,雛菜,"嗯～
提前10分钟起来来得及吗～？",283活动剧情,さざなみはいつも凡庸な音がする,第3話-立っているだけでも
283活动剧情/さざなみはいつも凡庸な音がする/第3話-立っているだけでも.csv,44,4001040040410,雛菜,啊～,283活动剧情,さざなみはいつも凡庸な音がする,第3話-立っているだけでも
283活动剧情/さざなみはいつも凡庸な音がする/第3話-立っているだけでも.csv,45,4001040040420,雛菜,"不过，雏菜就算有点肿肿的
也很可爱～",283活动剧情,さざなみはいつも凡庸な音がする,第3話-立っているだけでも
283活动剧情/さざなみはいつも凡庸な音がする/第3話-立っているだけでも.csv,46,4001040040430,雛菜,能看到刚起床的雏菜的也只有这个节目～,283活动剧情,さざなみはいつも凡庸な音がする,第3話-立っているだけでも
283活动剧情/さざなみはいつも凡庸な音がする/第3話-立っているだけでも.csv,50,4001040040470,雛菜,雏菜也晚安～～～……,283活动剧情,さざなみはいつも凡庸な音がする,第3話-立っているだけでも
283活动剧情/さざなみはいつも凡庸な音がする/第3話-立っているだけでも.csv,90,4001040040870,雛菜,……嗯～…………,283活动剧情,さざなみはいつも凡庸な音がする,第3話-立っているだけでも
283活动剧情/さざなみはいつも凡庸な音がする/第3話-立っているだけでも.csv,91,4001040040880,雛菜,,283活动剧情,さざなみはいつも凡庸な音がする,第3話-立っているだけでも
283活动剧情/さざなみはいつも凡庸な音がする/第4話-理解.csv,6,4001040050050,雛菜,嗯～……？,283活动剧情,さざなみはいつも凡庸な音がする,第4話-理解
283活动剧情/さざなみはいつも凡庸な音がする/第4話-理解.csv,7,4001040050060,雛菜,什么～～～…………,283活动剧情,さざなみはいつも凡庸な音がする,第4話-理解
283活动剧情/さざなみはいつも凡庸な音がする/第4話-理解.csv,9,4001040050080,雛菜,,283活动剧情,さざなみはいつも凡庸な音がする,第4話-理解
283活动剧情/さざなみはいつも凡庸な音がする/第4話-理解.csv,19,4001040050180,雛菜,好痛～～～～～～！,283活动剧情,さざなみはいつも凡庸な音がする,第4話-理解
283活动剧情/さざなみはいつも凡庸な音がする/第4話-理解.csv,21,4001040050200,雛菜,"啊哈～……
雏菜睡着了～？",283活动剧情,さざなみはいつも凡庸な音がする,第4話-理解
283活动剧情/さざなみはいつも凡庸な音がする/第4話-理解.csv,23,4001040050220,雛菜,是哦～……,283活动剧情,さざなみはいつも凡庸な音がする,第4話-理解
283活动剧情/さざなみはいつも凡庸な音がする/第4話-理解.csv,24,4001040050230,雛菜,"嗯～
不过刚才那下就完全清醒了～！",283活动剧情,さざなみはいつも凡庸な音がする,第4話-理解
283活动剧情/さざなみはいつも凡庸な音がする/第4話-理解.csv,26,4001040050240,雛菜,"诶～
什么～？",283活动剧情,さざなみはいつも凡庸な音がする,第4話-理解
283活动剧情/さざなみはいつも凡庸な音がする/第4話-理解.csv,28,4001040050250,雛菜,"啊～……
嗯，是啊～",283活动剧情,さざなみはいつも凡庸な音がする,第4話-理解
283活动剧情/さざなみはいつも凡庸な音がする/第4話-理解.csv,30,4001040050260,雛菜,"嗯～
因为雏菜睡着了所以也没办法吧～？",283活动剧情,さざなみはいつも凡庸な音がする,第4話-理解
283活动剧情/さざなみはいつも凡庸な音がする/第4話-理解.csv,31,4001040050270,雛菜,"坐禅就是这样的吧～？
而且打人也是工作～",283活动剧情,さざなみはいつも凡庸な音がする,第4話-理解
283活动剧情/さざなみはいつも凡庸な音がする/第4話-理解.csv,33,4001040050280,雛菜,,283活动剧情,さざなみはいつも凡庸な音がする,第4話-理解
283活动剧情/さざなみはいつも凡庸な音がする/第4話-理解.csv,34,4001040050290,雛菜,"而且，制作人那边
应该觉得这样更好吧～？",283活动剧情,さざなみはいつも凡庸な音がする,第4話-理解
283活动剧情/さざなみはいつも凡庸な音がする/第4話-理解.csv,36,4001040050300,雛菜,"就是～，之前说要很有综艺效果？
不搞有趣点不太行吧～",283活动剧情,さざなみはいつも凡庸な音がする,第4話-理解
283活动剧情/さざなみはいつも凡庸な音がする/第4話-理解.csv,37,4001040050310,雛菜,虽然不知道刚才的有不有趣～,283活动剧情,さざなみはいつも凡庸な音がする,第4話-理解
283活动剧情/さざなみはいつも凡庸な音がする/第4話-理解.csv,40,4001040050320,雛菜,"要会唱歌～会跳舞～
还得要有趣才行吧～？",283活动剧情,さざなみはいつも凡庸な音がする,第4話-理解
283活动剧情/さざなみはいつも凡庸な音がする/第4話-理解.csv,41,4001040050330,雛菜,"偶像要做好多事哦～
不过好玩就行了！",283活动剧情,さざなみはいつも凡庸な音がする,第4話-理解
283活动剧情/さざなみはいつも凡庸な音がする/第4話-理解.csv,43,4001040050340,雛菜,"嗯～？
不是哦，怎么可能是呢～",283活动剧情,さざなみはいつも凡庸な音がする,第4話-理解
283活动剧情/さざなみはいつも凡庸な音がする/第4話-理解.csv,45,4001040050350,雛菜,"雏菜也不是为了制作效果
才这么做的",283活动剧情,さざなみはいつも凡庸な音がする,第4話-理解
283活动剧情/さざなみはいつも凡庸な音がする/第4話-理解.csv,46,4001040050360,雛菜,"真的睡着了！
没有造假～！",283活动剧情,さざなみはいつも凡庸な音がする,第4話-理解
283活动剧情/さざなみはいつも凡庸な音がする/第4話-理解.csv,47,4001040050370,雛菜,"啊哈～
不过真的能提起精神，太好了～！",283活动剧情,さざなみはいつも凡庸な音がする,第4話-理解
283活动剧情/さざなみはいつも凡庸な音がする/第4話-理解.csv,75,4001040050510,雛菜,圆香学姐～～～！,283活动剧情,さざなみはいつも凡庸な音がする,第4話-理解
283活动剧情/さざなみはいつも凡庸な音がする/第4話-理解.csv,76,4001040050520,雛菜,"接下来要分2路
要分组了～！",283活动剧情,さざなみはいつも凡庸な音がする,第4話-理解
283活动剧情/さざなみはいつも凡庸な音がする/第4話-理解.csv,79,4001040050540,雛菜,"说是要打扫寺庙的庭院～
和打扫海边～！",283活动剧情,さざなみはいつも凡庸な音がする,第4話-理解
283活动剧情/さざなみはいつも凡庸な音がする/第4話-理解.csv,82,4001040050570,雛菜,"那赢的两个人去海边～
输的两个人在寺庙！",283活动剧情,さざなみはいつも凡庸な音がする,第4話-理解
283活动剧情/さざなみはいつも凡庸な音がする/第4話-理解.csv,84,4001040050590,雛菜,"那要开始了～
剪刀石头————……",283活动剧情,さざなみはいつも凡庸な音がする,第4話-理解
283活动剧情/さざなみはいつも凡庸な音がする/第4話-理解.csv,85,4001040050600,雛菜,布～！,283活动剧情,さざなみはいつも凡庸な音がする,第4話-理解
283活动剧情/さざなみはいつも凡庸な音がする/第5話-かんむり.csv,2,4001040060010,雛菜,啊～…………,283活动剧情,さざなみはいつも凡庸な音がする,第5話-かんむり
283活动剧情/さざなみはいつも凡庸な音がする/第5話-かんむり.csv,3,4001040060020,雛菜,雏菜也出石头就好了～……,283活动剧情,さざなみはいつも凡庸な音がする,第5話-かんむり
283活动剧情/さざなみはいつも凡庸な音がする/第5話-かんむり.csv,4,4001040060030,雛菜,"横竖都要打扫的话
在海边就好了～……",283活动剧情,さざなみはいつも凡庸な音がする,第5話-かんむり
283活动剧情/さざなみはいつも凡庸な音がする/第5話-かんむり.csv,6,4001040060050,雛菜,"啊哈～
透学姐很困吗～？",283活动剧情,さざなみはいつも凡庸な音がする,第5話-かんむり
283活动剧情/さざなみはいつも凡庸な音がする/第5話-かんむり.csv,7,4001040060060,雛菜,今天一直在打呵欠～,283活动剧情,さざなみはいつも凡庸な音がする,第5話-かんむり
283活动剧情/さざなみはいつも凡庸な音がする/第5話-かんむり.csv,9,4001040060080,雛菜,"难道昨天
没睡好吗～？",283活动剧情,さざなみはいつも凡庸な音がする,第5話-かんむり
283活动剧情/さざなみはいつも凡庸な音がする/第5話-かんむり.csv,11,4001040060100,雛菜,"是吗～
灯一关雏菜就睡着了～",283活动剧情,さざなみはいつも凡庸な音がする,第5話-かんむり
283活动剧情/さざなみはいつも凡庸な音がする/第5話-かんむり.csv,25,4001040060240,雛菜,"这个扫把，好像
学校值日的时候用的一样～？",283活动剧情,さざなみはいつも凡庸な音がする,第5話-かんむり
283活动剧情/さざなみはいつも凡庸な音がする/第5話-かんむり.csv,27,4001040060260,雛菜,"那这跟在学校做的事
没什么区别呢～",283活动剧情,さざなみはいつも凡庸な音がする,第5話-かんむり
283活动剧情/さざなみはいつも凡庸な音がする/第5話-かんむり.csv,29,4001040060280,雛菜,嗯～？,283活动剧情,さざなみはいつも凡庸な音がする,第5話-かんむり
283活动剧情/さざなみはいつも凡庸な音がする/第5話-かんむり.csv,32,4001040060310,雛菜,"诶～
好像很累～……",283活动剧情,さざなみはいつも凡庸な音がする,第5話-かんむり
283活动剧情/さざなみはいつも凡庸な音がする/第5話-かんむり.csv,45,4001040060440,雛菜,"呀哈～！
感觉变得超干净的！",283活动剧情,さざなみはいつも凡庸な音がする,第5話-かんむり
283活动剧情/さざなみはいつも凡庸な音がする/第5話-かんむり.csv,47,4001040060460,雛菜,"嗯～！
因为雏菜和透学姐都很努力吧～！",283活动剧情,さざなみはいつも凡庸な音がする,第5話-かんむり
283活动剧情/さざなみはいつも凡庸な音がする/第5話-かんむり.csv,51,4001040060500,雛菜,诶～？,283活动剧情,さざなみはいつも凡庸な音がする,第5話-かんむり
283活动剧情/さざなみはいつも凡庸な音がする/第5話-かんむり.csv,53,4001040060520,雛菜,啊～……,283活动剧情,さざなみはいつも凡庸な音がする,第5話-かんむり
283活动剧情/さざなみはいつも凡庸な音がする/第5話-かんむり.csv,54,4001040060530,雛菜,"嗯
海边也挺好的",283活动剧情,さざなみはいつも凡庸な音がする,第5話-かんむり
283活动剧情/さざなみはいつも凡庸な音がする/第5話-かんむり.csv,55,4001040060540,雛菜,"能顺便和透学姐聊天
这里也挺好的！",283活动剧情,さざなみはいつも凡庸な音がする,第5話-かんむり
283活动剧情/さざなみはいつも凡庸な音がする/第5話-かんむり.csv,57,4001040060560,雛菜,"雏菜没觉得哪里不好玩
没关系的～",283活动剧情,さざなみはいつも凡庸な音がする,第5話-かんむり
283活动剧情/さざなみはいつも凡庸な音がする/第5話-かんむり.csv,58,4001040060570,雛菜,"雏菜
也不会去干不好玩的事情！",283活动剧情,さざなみはいつも凡庸な音がする,第5話-かんむり
283活动剧情/さざなみはいつも凡庸な音がする/第5話-かんむり.csv,59,4001040060580,雛菜,透学姐也知道的吧～？,283活动剧情,さざなみはいつも凡庸な音がする,第5話-かんむり
283活动剧情/さざなみはいつも凡庸な音がする/第5話-かんむり.csv,78,4001040060770,雛菜,"啊哈～
打扫结束～！",283活动剧情,さざなみはいつも凡庸な音がする,第5話-かんむり
283活动剧情/さざなみはいつも凡庸な音がする/第5話-かんむり.csv,80,4001040060790,雛菜,"辛苦了～
透学姐呢～？",283活动剧情,さざなみはいつも凡庸な音がする,第5話-かんむり
283活动剧情/さざなみはいつも凡庸な音がする/第5話-かんむり.csv,82,4001040060810,雛菜,"开心吗
和雏菜打扫～",283活动剧情,さざなみはいつも凡庸な音がする,第5話-かんむり
283活动剧情/さざなみはいつも凡庸な音がする/第5話-かんむり.csv,84,4001040060830,雛菜,诶～？,283活动剧情,さざなみはいつも凡庸な音がする,第5話-かんむり
283活动剧情/さざなみはいつも凡庸な音がする/第5話-かんむり.csv,85,4001040060840,雛菜,"因为，雏菜喜欢的人
觉得很快乐很幸福更好吧？",283活动剧情,さざなみはいつも凡庸な音がする,第5話-かんむり
283活动剧情/さざなみはいつも凡庸な音がする/第5話-かんむり.csv,86,4001040060850,雛菜,"雏菜
觉得那样更幸福！",283活动剧情,さざなみはいつも凡庸な音がする,第5話-かんむり
283活动剧情/さざなみはいつも凡庸な音がする/第5話-かんむり.csv,88,4001040060870,雛菜,"什么啊
不知道吗～？",283活动剧情,さざなみはいつも凡庸な音がする,第5話-かんむり
283活动剧情/さざなみはいつも凡庸な音がする/第6話-結局.csv,2,4001040070010,雛菜,"那这里往返跑5次，
第1个到的就算赢哦～？",283活动剧情,さざなみはいつも凡庸な音がする,第6話-結局
283活动剧情/さざなみはいつも凡庸な音がする/第6話-結局.csv,3,4001040070020,雛菜,"赢的人，
嗯～……",283活动剧情,さざなみはいつも凡庸な音がする,第6話-結局
283活动剧情/さざなみはいつも凡庸な音がする/第6話-結局.csv,4,4001040070030,雛菜,请果汁～？,283活动剧情,さざなみはいつも凡庸な音がする,第6話-結局
283活动剧情/さざなみはいつも凡庸な音がする/第6話-結局.csv,8,4001040070070,雛菜,"诶～
只要好玩有趣就可以了吧～？",283活动剧情,さざなみはいつも凡庸な音がする,第6話-結局
283活动剧情/さざなみはいつも凡庸な音がする/第6話-結局.csv,9,4001040070080,雛菜,什么都行！,283活动剧情,さざなみはいつも凡庸な音がする,第6話-結局
283活动剧情/さざなみはいつも凡庸な音がする/第6話-結局.csv,15,4001040070140,雛菜,"等下～
雏菜也来～～～！",283活动剧情,さざなみはいつも凡庸な音がする,第6話-結局
283活动剧情/さざなみはいつも凡庸な音がする/第6話-結局.csv,16,4001040070150,雛菜,"好～
那要开始了～！",283活动剧情,さざなみはいつも凡庸な音がする,第6話-結局
283活动剧情/さざなみはいつも凡庸な音がする/第6話-結局.csv,17,4001040070160,雛菜,"拖地比赛
预备——……",283活动剧情,さざなみはいつも凡庸な音がする,第6話-結局
283活动剧情/さざなみはいつも凡庸な音がする/第6話-結局.csv,18,4001040070170,雛菜,跑！,283活动剧情,さざなみはいつも凡庸な音がする,第6話-結局
283活动剧情/さざなみはいつも凡庸な音がする/第6話-結局.csv,19,4001040070180,雛菜,"啊哈～……
这个还挺累的～……",283活动剧情,さざなみはいつも凡庸な音がする,第6話-結局
283活动剧情/さざなみはいつも凡庸な音がする/第6話-結局.csv,24,4001040070230,雛菜,"现在大概
没人在意这个～……",283活动剧情,さざなみはいつも凡庸な音がする,第6話-結局
283活动剧情/さざなみはいつも凡庸な音がする/第6話-結局.csv,26,4001040070250,雛菜,"啊～……
去休息吧～……",283活动剧情,さざなみはいつも凡庸な音がする,第6話-結局
283活动剧情/さざなみはいつも凡庸な音がする/第6話-結局.csv,27,4001040070260,雛菜,"嗯～
好累～……",283活动剧情,さざなみはいつも凡庸な音がする,第6話-結局
283活动剧情/さざなみはいつも凡庸な音がする/第6話-結局.csv,29,4001040070280,雛菜,"说起来
谁最快～？",283活动剧情,さざなみはいつも凡庸な音がする,第6話-結局
283活动剧情/さざなみはいつも凡庸な音がする/第6話-結局.csv,30,4001040070290,雛菜,"雏菜
太累了没注意～……",283活动剧情,さざなみはいつも凡庸な音がする,第6話-結局
283活动剧情/さざなみはいつも凡庸な音がする/第6話-結局.csv,35,4001040070340,雛菜,"什么啊～
原来不是雏菜啊～",283活动剧情,さざなみはいつも凡庸な音がする,第6話-結局
283活动剧情/さざなみはいつも凡庸な音がする/第6話-結局.csv,39,4001040070380,雛菜,"诶～
为什么～？",283活动剧情,さざなみはいつも凡庸な音がする,第6話-結局
283活动剧情/さざなみはいつも凡庸な音がする/第6話-結局.csv,42,4001040070410,雛菜,"……？
明明老实收礼就好了～",283活动剧情,さざなみはいつも凡庸な音がする,第6話-結局
283活动剧情/さざなみはいつも凡庸な音がする/第6話-結局.csv,52,4001040070510,雛菜,嗯～……,283活动剧情,さざなみはいつも凡庸な音がする,第6話-結局
283活动剧情/さざなみはいつも凡庸な音がする/第6話-結局.csv,53,4001040070520,雛菜,"雏菜，原本
就没想过要改变～……",283活动剧情,さざなみはいつも凡庸な音がする,第6話-結局
283活动剧情/さざなみはいつも凡庸な音がする/第6話-結局.csv,56,4001040070550,雛菜,"现在的雏菜
也有觉得很厉害～，很喜欢～的人在",283活动剧情,さざなみはいつも凡庸な音がする,第6話-結局
283活动剧情/さざなみはいつも凡庸な音がする/第6話-結局.csv,57,4001040070560,雛菜,"让别人决定
自己要变什么样～，或者这个才是对的～",283活动剧情,さざなみはいつも凡庸な音がする,第6話-結局
283活动剧情/さざなみはいつも凡庸な音がする/第6話-結局.csv,58,4001040070570,雛菜,是成长吗～？,283活动剧情,さざなみはいつも凡庸な音がする,第6話-結局
283活动剧情/さざなみはいつも凡庸な音がする/第6話-結局.csv,60,4001040070590,雛菜,"自己想变这样～的话
变成自己想的那样就好了吧？",283活动剧情,さざなみはいつも凡庸な音がする,第6話-結局
283活动剧情/さざなみはいつも凡庸な音がする/第6話-結局.csv,61,4001040070600,雛菜,"就算这样，
雏菜，也一直～都是雏菜",283活动剧情,さざなみはいつも凡庸な音がする,第6話-結局
283活动剧情/さざなみはいつも凡庸な音がする/第6話-結局.csv,63,4001040070620,雛菜,"所以小糸
想变成大家都希望的小糸的话",283活动剧情,さざなみはいつも凡庸な音がする,第6話-結局
283活动剧情/さざなみはいつも凡庸な音がする/第6話-結局.csv,64,4001040070630,雛菜,"今后
变成那样就好了吧？",283活动剧情,さざなみはいつも凡庸な音がする,第6話-結局
283活动剧情/さざなみはいつも凡庸な音がする/第6話-結局.csv,66,4001040070650,雛菜,"虽然雏菜不知道
小糸想变什么样～",283活动剧情,さざなみはいつも凡庸な音がする,第6話-結局
283活动剧情/さざなみはいつも凡庸な音がする/第6話-結局.csv,67,4001040070660,雛菜,"如果
还有这样的企划就好了～",283活动剧情,さざなみはいつも凡庸な音がする,第6話-結局
283活动剧情/さざなみはいつも凡庸な音がする/第6話-結局.csv,72,4001040070710,雛菜,"啊哈～
雏菜想要常规播放～",283活动剧情,さざなみはいつも凡庸な音がする,第6話-結局
283活动剧情/さざなみはいつも凡庸な音がする/第6話-結局.csv,73,4001040070720,雛菜,"虽然可能不有趣～
但也可能会成长呢～？",283活动剧情,さざなみはいつも凡庸な音がする,第6話-結局
283活动剧情/さざなみはいつも凡庸な音がする/第6話-結局.csv,84,4001040070780,雛菜,"嗯～
不是很懂",283活动剧情,さざなみはいつも凡庸な音がする,第6話-結局
283活动剧情/さざなみはいつも凡庸な音がする/第6話-結局.csv,85,4001040070790,雛菜,"呀哈～
雏菜要这个～",283活动剧情,さざなみはいつも凡庸な音がする,第6話-結局
283活动剧情/アジェンダ２８３/序章-基本的なスタンスについて.csv,8,4001027010070,雛菜,"嗯～……
这里放了好多东西呢～",283活动剧情,アジェンダ２８３,序章-基本的なスタンスについて
283活动剧情/アジェンダ２８３/序章-基本的なスタンスについて.csv,13,4001027010120,雛菜,"啊哈～
那是什么～",283活动剧情,アジェンダ２８３,序章-基本的なスタンスについて
283活动剧情/アジェンダ２８３/序章-基本的なスタンスについて.csv,18,4001027010170,雛菜,"啊哈～！
好厉害～！",283活动剧情,アジェンダ２８３,序章-基本的なスタンスについて
283活动剧情/アジェンダ２８３/序章-基本的なスタンスについて.csv,23,4001027010220,雛菜,"雏菜知道～！
是三天一士一壶酒，尔乐苦煞吾～～",283活动剧情,アジェンダ２８３,序章-基本的なスタンスについて
283活动剧情/アジェンダ２８３/序章-基本的なスタンスについて.csv,36,4001027010340,雛菜,,283活动剧情,アジェンダ２８３,序章-基本的なスタンスについて
283活动剧情/アジェンダ２８３/序章-基本的なスタンスについて.csv,49,4001027010470,雛菜,"啊～
只是在玩哦～？",283活动剧情,アジェンダ２８３,序章-基本的なスタンスについて
283活动剧情/アジェンダ２８３/序章-基本的なスタンスについて.csv,56,4001027010540,雛菜,"嗯～？
在找什么吗～？",283活动剧情,アジェンダ２８３,序章-基本的なスタンスについて
283活动剧情/アジェンダ２８３/第3话-つながりを考えましょう.csv,12,4001027040040,雛菜,"诶～
透学姐糟了～",283活动剧情,アジェンダ２８３,第3话-つながりを考えましょう
283活动剧情/アジェンダ２８３/第3话-つながりを考えましょう.csv,16,4001027040080,雛菜,"雏菜也要去便利店～！
去吃冰吧～",283活动剧情,アジェンダ２８３,第3话-つながりを考えましょう
283活动剧情/アジェンダ２８３/第6话-つながるがつながる.csv,123,4001027071120,雛菜,呀哈～～～！,283活动剧情,アジェンダ２８３,第6话-つながるがつながる
283活动剧情/アジェンダ２８３/第6话-つながるがつながる.csv,124,4001027071130,雛菜,"踢到了～！
雏菜赢了～～～",283活动剧情,アジェンダ２８３,第6话-つながるがつながる
283活动剧情/アジェンダ２８３/第6话-つながるがつながる.csv,127,4001027071160,雛菜,咦～～～？,283活动剧情,アジェンダ２８３,第6话-つながるがつながる
283活动剧情/アジェンダ２８３/第6话-つながるがつながる.csv,128,4001027071170,雛菜,"……要来
一起踢罐子吗～？",283活动剧情,アジェンダ２８３,第6话-つながるがつながる
283活动剧情/アジェンダ２８３/终章-今日を終える前に.csv,9,4001027080080,雛菜,"啊哈～
好起劲～！",283活动剧情,アジェンダ２８３,终章-今日を終える前に
283活动剧情/アジェンダ２８３/终章-今日を終える前に.csv,13,4001027080120,雛菜,"诶～
那下一场谁当鬼～？",283活动剧情,アジェンダ２８３,终章-今日を終える前に
283活动剧情/アジェンダ２８３/终章-今日を終える前に.csv,17,4001027080160,雛菜,"嗯～
躲起来睡着了吧～？",283活动剧情,アジェンダ２８３,终章-今日を終える前に
283活动剧情/アジェンダ２８３/终章-今日を終える前に.csv,20,4001027080190,雛菜,"好～
要踢了～～～～～！",283活动剧情,アジェンダ２８３,终章-今日を終える前に
283活动剧情/コースティクス・ノクチルカ/コースティクス・ノクチルカ序章.csv,19,4001084010020,雛菜,"啊哈～
叫咱们Noctchill呢～",283活动剧情,コースティクス・ノクチルカ,コースティクス・ノクチルカ序章
283活动剧情/コースティクス・ノクチルカ/コースティクス・ノクチルカ序章.csv,26,4001084010041,小糸＆雛菜,好……！,283活动剧情,コースティクス・ノクチルカ,コースティクス・ノクチルカ序章
283活动剧情/コースティクス・ノクチルカ/コースティクス・ノクチルカ序章.csv,29,4001084010050,雛菜,"送咱们的饮料还是渐变色呢
好漂亮啊～♡",283活动剧情,コースティクス・ノクチルカ,コースティクス・ノクチルカ序章
283活动剧情/コースティクス・ノクチルカ/コースティクス・ノクチルカ序章.csv,33,4001084010090,雛菜,"嗯～
雏菜的是天蓝和黄色～！",283活动剧情,コースティクス・ノクチルカ,コースティクス・ノクチルカ序章
283活动剧情/コースティクス・ノクチルカ/コースティクス・ノクチルカ序章.csv,36,4001084010120,雛菜,"诶～
不是啦～",283活动剧情,コースティクス・ノクチルカ,コースティクス・ノクチルカ序章
283活动剧情/コースティクス・ノクチルカ/コースティクス・ノクチルカ序章.csv,37,4001084010130,雛菜,雏菜也想买这种的,283活动剧情,コースティクス・ノクチルカ,コースティクス・ノクチルカ序章
283活动剧情/コースティクス・ノクチルカ/コースティクス・ノクチルカ序章.csv,38,4001084010140,雛菜,"所以先拍一下免得忘了
回头找找看哪里有卖～",283活动剧情,コースティクス・ノクチルカ,コースティクス・ノクチルカ序章
283活动剧情/コースティクス・ノクチルカ/コースティクス・ノクチルカ序章.csv,41,4001084010170,雛菜,"想喝的话
再去买不就好了～？",283活动剧情,コースティクス・ノクチルカ,コースティクス・ノクチルカ序章
283活动剧情/コースティクス・ノクチルカ/コースティクス・ノクチルカ序章.csv,48,4001084010240,雛菜,啊～,283活动剧情,コースティクス・ノクチルカ,コースティクス・ノクチルカ序章
283活动剧情/コースティクス・ノクチルカ/コースティクス・ノクチルカ序章.csv,49,4001084010250,雛菜,"好像是说我们
越来越多彩了呢～",283活动剧情,コースティクス・ノクチルカ,コースティクス・ノクチルカ序章
283活动剧情/コースティクス・ノクチルカ/コースティクス・ノクチルカ序章.csv,51,4001084010270,雛菜,那雏菜接下来要穿的，就是这个颜色的衣服咯～？,283活动剧情,コースティクス・ノクチルカ,コースティクス・ノクチルカ序章
283活动剧情/コースティクス・ノクチルカ/コースティクス・ノクチルカ序章.csv,53,4001084010280,雛菜,"已经定好了吗～？
不能雏菜自己选吗？",283活动剧情,コースティクス・ノクチルカ,コースティクス・ノクチルカ序章
283活动剧情/コースティクス・ノクチルカ/コースティクス・ノクチルカ序章.csv,55,4001084010290,雛菜,"但要是定下来了，之后就都是这个颜色了吧？
不能一次一换吗？",283活动剧情,コースティクス・ノクチルカ,コースティクス・ノクチルカ序章
283活动剧情/コースティクス・ノクチルカ/コースティクス・ノクチルカ序章.csv,60,4001084010300,雛菜,这样啊～,283活动剧情,コースティクス・ノクチルカ,コースティクス・ノクチルカ序章
283活动剧情/コースティクス・ノクチルカ/コースティクス・ノクチルカ序章.csv,61,4001084010310,雛菜,我们到底哪里更多彩了呢？,283活动剧情,コースティクス・ノクチルカ,コースティクス・ノクチルカ序章
283活动剧情/コースティクス・ノクチルカ/コースティクス・ノクチルカ序章.csv,65,4001084010320,雛菜,"没有啦～雏菜一直都是雏菜
所以有点好奇自己是哪里有变化",283活动剧情,コースティクス・ノクチルカ,コースティクス・ノクチルカ序章
283活动剧情/コースティクス・ノクチルカ/コースティクス・ノクチルカ序章.csv,69,4001084010330,雛菜,好～,283活动剧情,コースティクス・ノクチルカ,コースティクス・ノクチルカ序章
283活动剧情/コースティクス・ノクチルカ/コースティクス・ノクチルカ序章.csv,70,4001084010340,雛菜,那，我走咯～,283活动剧情,コースティクス・ノクチルカ,コースティクス・ノクチルカ序章
283活动剧情/コースティクス・ノクチルカ/コースティクス・ノクチルカ第2话.csv,3,4001084030020,雛菜,嗯～……,283活动剧情,コースティクス・ノクチルカ,コースティクス・ノクチルカ第2话
283活动剧情/コースティクス・ノクチルカ/コースティクス・ノクチルカ第2话.csv,4,4001084030030,雛菜,"啊，是期间限定色呢～
这个也想要～",283活动剧情,コースティクス・ノクチルカ,コースティクス・ノクチルカ第2话
283活动剧情/コースティクス・ノクチルカ/コースティクス・ノクチルカ第2话.csv,6,4001084030040,雛菜,对呀～？,283活动剧情,コースティクス・ノクチルカ,コースティクス・ノクチルカ第2话
283活动剧情/コースティクス・ノクチルカ/コースティクス・ノクチルカ第2话.csv,8,4001084030050,雛菜,那样的话，不就和之前用的颜色一样了嘛,283活动剧情,コースティクス・ノクチルカ,コースティクス・ノクチルカ第2话
283活动剧情/コースティクス・ノクチルカ/コースティクス・ノクチルカ第2话.csv,9,4001084030060,雛菜,但我本来是想介绍爱用的高光的……,283活动剧情,コースティクス・ノクチルカ,コースティクス・ノクチルカ第2话
283活动剧情/コースティクス・ノクチルカ/コースティクス・ノクチルカ第2话.csv,10,4001084030070,雛菜,"雛菜现在用的这个
能搭配很多种颜色哦",283活动剧情,コースティクス・ノクチルカ,コースティクス・ノクチルカ第2话
283活动剧情/コースティクス・ノクチルカ/コースティクス・ノクチルカ第2话.csv,11,4001084030080,雛菜,"所以要买其他的化妆品……
来介绍这款的百搭特征嘛",283活动剧情,コースティクス・ノクチルカ,コースティクス・ノクチルカ第2话
283活动剧情/コースティクス・ノクチルカ/コースティクス・ノクチルカ第2话.csv,13,4001084030090,雛菜,"啊哈～
对吧～",283活动剧情,コースティクス・ノクチルカ,コースティクス・ノクチルカ第2话
283活动剧情/コースティクス・ノクチルカ/コースティクス・ノクチルカ第2话.csv,19,4001084030110,雛菜,"诶～
想不到的话，就试试看呗",283活动剧情,コースティクス・ノクチルカ,コースティクス・ノクチルカ第2话
283活动剧情/コースティクス・ノクチルカ/コースティクス・ノクチルカ第2话.csv,21,4001084030120,雛菜,"……啊，找到雛菜的颜色了～♡
这个也要试试看～",283活动剧情,コースティクス・ノクチルカ,コースティクス・ノクチルカ第2话
283活动剧情/コースティクス・ノクチルカ/コースティクス・ノクチルカ第2话.csv,23,4001084030130,雛菜,"已经定好了吗～？
不能雏菜自己选吗？",283活动剧情,コースティクス・ノクチルカ,コースティクス・ノクチルカ第2话
283活动剧情/コースティクス・ノクチルカ/コースティクス・ノクチルカ第2话.csv,24,4001084030140,雛菜,会变成什么颜色呢？,283活动剧情,コースティクス・ノクチルカ,コースティクス・ノクチルカ第2话
283活动剧情/コースティクス・ノクチルカ/コースティクス・ノクチルカ第2话.csv,25,4001084030150,雛菜,"没有啦～雏菜一直都是雏菜
所以有点好奇自己是哪里有变化",283活动剧情,コースティクス・ノクチルカ,コースティクス・ノクチルカ第2话
283活动剧情/コースティクス・ノクチルカ/コースティクス・ノクチルカ第2话.csv,27,4001084030160,雛菜,制作人？,283活动剧情,コースティクス・ノクチルカ,コースティクス・ノクチルカ第2话
283活动剧情/コースティクス・ノクチルカ/コースティクス・ノクチルカ第2话.csv,30,4001084030170,雛菜,诶～？,283活动剧情,コースティクス・ノクチルカ,コースティクス・ノクチルカ第2话
283活动剧情/コースティクス・ノクチルカ/コースティクス・ノクチルカ第2话.csv,32,4001084030180,雛菜,"……啊～
说我们更多彩了那次？",283活动剧情,コースティクス・ノクチルカ,コースティクス・ノクチルカ第2话
283活动剧情/コースティクス・ノクチルカ/コースティクス・ノクチルカ第2话.csv,38,4001084030190,雛菜,颜色这个比喻，雏菜听不懂啦～,283活动剧情,コースティクス・ノクチルカ,コースティクス・ノクチルカ第2话
283活动剧情/コースティクス・ノクチルカ/コースティクス・ノクチルカ第2话.csv,39,4001084030200,雛菜,但雏菜呢，会选择雏菜喜欢的颜色哦～,283活动剧情,コースティクス・ノクチルカ,コースティクス・ノクチルカ第2话
283活动剧情/コースティクス・ノクチルカ/コースティクス・ノクチルカ第2话.csv,41,4001084030210,雛菜,那雛菜去结个账啦～,283活动剧情,コースティクス・ノクチルカ,コースティクス・ノクチルカ第2话
283活动剧情/コースティクス・ノクチルカ/コースティクス・ノクチルカ第2话.csv,57,4001084030300,雛菜,……,283活动剧情,コースティクス・ノクチルカ,コースティクス・ノクチルカ第2话
283活动剧情/コースティクス・ノクチルカ/コースティクス・ノクチルカ第2话.csv,59,4001084030310,雛菜,"……啊，制作人
欢迎回来～",283活动剧情,コースティクス・ノクチルカ,コースティクス・ノクチルカ第2话
283活动剧情/コースティクス・ノクチルカ/コースティクス・ノクチルカ第2话.csv,61,4001084030320,雛菜,"谢谢～
嗯～雏菜也很期待～！",283活动剧情,コースティクス・ノクチルカ,コースティクス・ノクチルカ第2话
283活动剧情/コースティクス・ノクチルカ/コースティクス・ノクチルカ第2话.csv,63,4001084030330,雛菜,"刚才小糸好像在那边～
就去看了下～",283活动剧情,コースティクス・ノクチルカ,コースティクス・ノクチルカ第2话
283活动剧情/コースティクス・ノクチルカ/コースティクス・ノクチルカ第2话.csv,68,4001084030360,雛菜,"嗯～
我们在挑选杂志企划要用的化妆品～",283活动剧情,コースティクス・ノクチルカ,コースティクス・ノクチルカ第2话
283活动剧情/コースティクス・ノクチルカ/コースティクス・ノクチルカ第2话.csv,70,4001084030380,雛菜,嗯，就是～,283活动剧情,コースティクス・ノクチルカ,コースティクス・ノクチルカ第2话
283活动剧情/コースティクス・ノクチルカ/コースティクス・ノクチルカ第2话.csv,71,4001084030390,雛菜,雏菜色的眼影～,283活动剧情,コースティクス・ノクチルカ,コースティクス・ノクチルカ第2话
283活动剧情/コースティクス・ノクチルカ/コースティクス・ノクチルカ第2话.csv,73,4001084030410,雛菜,"先涂一层棕色
再叠加上金色的话……",283活动剧情,コースティクス・ノクチルカ,コースティクス・ノクチルカ第2话
283活动剧情/コースティクス・ノクチルカ/コースティクス・ノクチルカ第2话.csv,74,4001084030420,雛菜,雏菜就会变得更可爱啦～！,283活动剧情,コースティクス・ノクチルカ,コースティクス・ノクチルカ第2话
283活动剧情/コースティクス・ノクチルカ/コースティクス・ノクチルカ第2话.csv,80,4001084030460,雛菜,"啊……那雏菜
先去看看有没有空位哦～",283活动剧情,コースティクス・ノクチルカ,コースティクス・ノクチルカ第2话
283活动剧情/コースティクス・ノクチルカ/コースティクス・ノクチルカ第3话.csv,7,4001084040060,雛菜,透前辈，接下来往哪边走呀～？,283活动剧情,コースティクス・ノクチルカ,コースティクス・ノクチルカ第3话
283活动剧情/コースティクス・ノクチルカ/コースティクス・ノクチルカ第3话.csv,10,4001084040090,雛菜,右边吗～,283活动剧情,コースティクス・ノクチルカ,コースティクス・ノクチルカ第3话
283活动剧情/コースティクス・ノクチルカ/コースティクス・ノクチルカ第3话.csv,13,4001084040120,雛菜,雏菜我们现在在哪里～？,283活动剧情,コースティクス・ノクチルカ,コースティクス・ノクチルカ第3话
283活动剧情/コースティクス・ノクチルカ/コースティクス・ノクチルカ第3话.csv,15,4001084040140,雛菜,我不知道会场在哪呀～,283活动剧情,コースティクス・ノクチルカ,コースティクス・ノクチルカ第3话
283活动剧情/コースティクス・ノクチルカ/コースティクス・ノクチルカ第3话.csv,19,4001084040180,雛菜,那就斜着再走回去不就好啦～,283活动剧情,コースティクス・ノクチルカ,コースティクス・ノクチルカ第3话
283活动剧情/コースティクス・ノクチルカ/コースティクス・ノクチルカ第3话.csv,24,4001084040230,雛菜,雛菜今天再也不想坐任何交通工具了～,283活动剧情,コースティクス・ノクチルカ,コースティクス・ノクチルカ第3话
283活动剧情/コースティクス・ノクチルカ/コースティクス・ノクチルカ第3话.csv,30,4001084040270,雛菜,"制作人
拉我们去便利店吧～",283活动剧情,コースティクス・ノクチルカ,コースティクス・ノクチルカ第3话
283活动剧情/コースティクス・ノクチルカ/コースティクス・ノクチルカ第3话.csv,32,4001084040290,雛菜,"但现在回头去便利店
也太麻烦啦～",283活动剧情,コースティクス・ノクチルカ,コースティクス・ノクチルカ第3话
283活动剧情/コースティクス・ノクチルカ/コースティクス・ノクチルカ第3话.csv,35,4001084040310,雛菜,什么都没有呢～,283活动剧情,コースティクス・ノクチルカ,コースティクス・ノクチルカ第3话
283活动剧情/コースティクス・ノクチルカ/コースティクス・ノクチルカ第3话.csv,56,4001084040390,雛菜,"雏菜刚才看见那边
抬了个室外场棚过去～",283活动剧情,コースティクス・ノクチルカ,コースティクス・ノクチルカ第3话
283活动剧情/コースティクス・ノクチルカ/コースティクス・ノクチルカ第3话.csv,59,4001084040400,雛菜,诶~，那唱歌的时候呢～？,283活动剧情,コースティクス・ノクチルカ,コースティクス・ノクチルカ第3话
283活动剧情/コースティクス・ノクチルカ/コースティクス・ノクチルカ第3话.csv,66,4001084040430,雛菜,雏菜先坐下啦～,283活动剧情,コースティクス・ノクチルカ,コースティクス・ノクチルカ第3话
283活动剧情/コースティクス・ノクチルカ/コースティクス・ノクチルカ第3话.csv,71,4001084040450,雛菜,风，好舒服呀～,283活动剧情,コースティクス・ノクチルカ,コースティクス・ノクチルカ第3话
283活动剧情/コースティクス・ノクチルカ/コースティクス・ノクチルカ第3话.csv,77,4001084040510,雛菜,"咱们的演出场地
算在部分地区里吗～",283活动剧情,コースティクス・ノクチルカ,コースティクス・ノクチルカ第3话
283活动剧情/コースティクス・ノクチルカ/コースティクス・ノクチルカ第3话.csv,83,4001084040570,雛菜,啊哈～,283活动剧情,コースティクス・ノクチルカ,コースティクス・ノクチルカ第3话
283活动剧情/コースティクス・ノクチルカ/コースティクス・ノクチルカ第3话.csv,99,4001084040660,雛菜,"嗯～
好像有点，不协调呢~",283活动剧情,コースティクス・ノクチルカ,コースティクス・ノクチルカ第3话
283活动剧情/コースティクス・ノクチルカ/コースティクス・ノクチルカ第3话.csv,102,4001084040690,雛菜,"制作人说他一时半会儿过不来
让我们先去办理入住手续～",283活动剧情,コースティクス・ノクチルカ,コースティクス・ノクチルカ第3话
283活动剧情/コースティクス・ノクチルカ/コースティクス・ノクチルカ第3话.csv,112,4001084040790,雛菜,"啊～
原来说的是那个呀~",283活动剧情,コースティクス・ノクチルカ,コースティクス・ノクチルカ第3话
283活动剧情/コースティクス・ノクチルカ/コースティクス・ノクチルカ第3话.csv,114,4001084040810,雛菜,我们还没到家呢～,283活动剧情,コースティクス・ノクチルカ,コースティクス・ノクチルカ第3话
283活动剧情/コースティクス・ノクチルカ/コースティクス・ノクチルカ第4话.csv,4,4001084050010,雛菜,"是以万花筒为主题的呢～
给人一种闪闪发光的感觉～雏菜好期待～！",283活动剧情,コースティクス・ノクチルカ,コースティクス・ノクチルカ第4话
283活动剧情/コースティクス・ノクチルカ/コースティクス・ノクチルカ第4话.csv,15,4001084050040,雛菜,"诶～
明明跟之前跳的没什么两样～",283活动剧情,コースティクス・ノクチルカ,コースティクス・ノクチルカ第4话
283活动剧情/コースティクス・ノクチルカ/コースティクス・ノクチルカ第4话.csv,23,4001084050091,円香＆雛菜,……,283活动剧情,コースティクス・ノクチルカ,コースティクス・ノクチルカ第4话
283活动剧情/コースティクス・ノクチルカ/コースティクス・ノクチルカ第4话.csv,25,4001084050110,雛菜,难道不是圆香学姐先撞的～,283活动剧情,コースティクス・ノクチルカ,コースティクス・ノクチルカ第4话
283活动剧情/コースティクス・ノクチルカ/コースティクス・ノクチルカ第4话.csv,28,4001084050121,円香＆雛菜,……好的,283活动剧情,コースティクス・ノクチルカ,コースティクス・ノクチルカ第4话
283活动剧情/コースティクス・ノクチルカ/コースティクス・ノクチルカ第4话.csv,39,4001084050140,雛菜,"啊哈～
比雏菜我们还开心呢～",283活动剧情,コースティクス・ノクチルカ,コースティクス・ノクチルカ第4话
283活动剧情/コースティクス・ノクチルカ/コースティクス・ノクチルカ第4话.csv,44,4001084050160,雛菜,"呀哈～
制作人请客～",283活动剧情,コースティクス・ノクチルカ,コースティクス・ノクチルカ第4话
283活动剧情/コースティクス・ノクチルカ/コースティクス・ノクチルカ第4话.csv,47,4001084050190,雛菜,明天能不能快点到呀～,283活动剧情,コースティクス・ノクチルカ,コースティクス・ノクチルカ第4话
283活动剧情/コースティクス・ノクチルカ/コースティクス・ノクチルカ第4话.csv,50,4001084050220,雛菜,"嗯～
雏菜呀，只是想快点看到完成后的舞台哦～",283活动剧情,コースティクス・ノクチルカ,コースティクス・ノクチルカ第4话
283活动剧情/コースティクス・ノクチルカ/コースティクス・ノクチルカ第4话.csv,55,4001084050270,雛菜,"说是舞台设计很符合设施的氛围
但具体会是什么样子呢～",283活动剧情,コースティクス・ノクチルカ,コースティクス・ノクチルカ第4话
283活动剧情/コースティクス・ノクチルカ/コースティクス・ノクチルカ第4话.csv,57,4001084050290,雛菜,雛菜已经选好了哦～,283活动剧情,コースティクス・ノクチルカ,コースティクス・ノクチルカ第4话
283活动剧情/コースティクス・ノクチルカ/コースティクス・ノクチルカ第4话.csv,67,4001084050390,雛菜,诶～,283活动剧情,コースティクス・ノクチルカ,コースティクス・ノクチルカ第4话
283活动剧情/コースティクス・ノクチルカ/コースティクス・ノクチルカ第4话.csv,69,4001084050410,雛菜,"可是雏菜想吃这个
而且制作人不是说让买咱们喜欢的嘛～",283活动剧情,コースティクス・ノクチルカ,コースティクス・ノクチルカ第4话
283活动剧情/コースティクス・ノクチルカ/コースティクス・ノクチルカ第5话.csv,2,4001084060010,雛菜,"啊哈～
雏菜接下来去雾蒸桑拿～",283活动剧情,コースティクス・ノクチルカ,コースティクス・ノクチルカ第5话
283活动剧情/コースティクス・ノクチルカ/コースティクス・ノクチルカ第5话.csv,43,4001084060360,雛菜,……啊,283活动剧情,コースティクス・ノクチルカ,コースティクス・ノクチルカ第5话
283活动剧情/コースティクス・ノクチルカ/コースティクス・ノクチルカ第5话.csv,44,4001084060370,雛菜,圆香学姐～,283活动剧情,コースティクス・ノクチルカ,コースティクス・ノクチルカ第5话
283活动剧情/コースティクス・ノクチルカ/コースティクス・ノクチルカ第5话.csv,46,4001084060390,雛菜,"诶～，这样啊～
选哪个呢……",283活动剧情,コースティクス・ノクチルカ,コースティクス・ノクチルカ第5话
283活动剧情/コースティクス・ノクチルカ/コースティクス・ノクチルカ第5话.csv,47,4001084060400,雛菜,"这个和这个……
……啊，也把这个买了吧～",283活动剧情,コースティクス・ノクチルカ,コースティクス・ノクチルカ第5话
283活动剧情/コースティクス・ノクチルカ/コースティクス・ノクチルカ第5话.csv,49,4001084060420,雛菜,吃剩了带回去就好啦～,283活动剧情,コースティクス・ノクチルカ,コースティクス・ノクチルカ第5话
283活动剧情/コースティクス・ノクチルカ/コースティクス・ノクチルカ第5话.csv,51,4001084060440,雛菜,"……圆香学姐
刚才你跟制作人说什么呢～",283活动剧情,コースティクス・ノクチルカ,コースティクス・ノクチルカ第5话
283活动剧情/コースティクス・ノクチルカ/コースティクス・ノクチルカ第5话.csv,53,4001084060460,雛菜,"不小心听到啦～
抱歉～",283活动剧情,コースティクス・ノクチルカ,コースティクス・ノクチルカ第5话
283活动剧情/コースティクス・ノクチルカ/コースティクス・ノクチルカ第5话.csv,56,4001084060490,雛菜,是嘛～,283活动剧情,コースティクス・ノクチルカ,コースティクス・ノクチルカ第5话
283活动剧情/コースティクス・ノクチルカ/コースティクス・ノクチルカ第5话.csv,57,4001084060500,雛菜,Noctchill和偶像都要不干了吗～？,283活动剧情,コースティクス・ノクチルカ,コースティクス・ノクチルカ第5话
283活动剧情/コースティクス・ノクチルカ/コースティクス・ノクチルカ第5话.csv,60,4001084060530,雛菜,诶～,283活动剧情,コースティクス・ノクチルカ,コースティクス・ノクチルカ第5话
283活动剧情/コースティクス・ノクチルカ/コースティクス・ノクチルカ第5话.csv,61,4001084060540,雛菜,那么，雏菜去结个账～,283活动剧情,コースティクス・ノクチルカ,コースティクス・ノクチルカ第5话
283活动剧情/コースティクス・ノクチルカ/コースティクス・ノクチルカ第6话.csv,7,4001084070020,雛菜,嗯～,283活动剧情,コースティクス・ノクチルカ,コースティクス・ノクチルカ第6话
283活动剧情/コースティクス・ノクチルカ/コースティクス・ノクチルカ第6话.csv,11,4001084070060,雛菜,设施和舞台，融合得毫无违和感～,283活动剧情,コースティクス・ノクチルカ,コースティクス・ノクチルカ第6话
283活动剧情/コースティクス・ノクチルカ/コースティクス・ノクチルカ第6话.csv,13,4001084070080,雛菜,而且还不光融合得好——,283活动剧情,コースティクス・ノクチルカ,コースティクス・ノクチルカ第6话
283活动剧情/コースティクス・ノクチルカ/コースティクス・ノクチルカ第6话.csv,14,4001084070090,雛菜,"镜面交叠，光线反射，闪闪发亮
而光线聚焦在雏菜我们的舞台——",283活动剧情,コースティクス・ノクチルカ,コースティクス・ノクチルカ第6话
283活动剧情/コースティクス・ノクチルカ/コースティクス・ノクチルカ第6话.csv,15,4001084070100,雛菜,"啊哈哈～
真的好漂亮呀～♡",283活动剧情,コースティクス・ノクチルカ,コースティクス・ノクチルカ第6话
283活动剧情/コースティクス・ノクチルカ/コースティクス・ノクチルカ第6话.csv,17,4001084070120,雛菜,"是叫『历史与新世代』对吧～？
确实有种未来的感觉呢～",283活动剧情,コースティクス・ノクチルカ,コースティクス・ノクチルカ第6话
283活动剧情/コースティクス・ノクチルカ/コースティクス・ノクチルカ第6话.csv,29,4001084070221,透＆小糸＆雛菜,噢噢——,283活动剧情,コースティクス・ノクチルカ,コースティクス・ノクチルカ第6话
283活动剧情/コースティクス・ノクチルカ/コースティクス・ノクチルカ第6话.csv,40,4001084070270,雛菜,穿着盔甲在走路呢～,283活动剧情,コースティクス・ノクチルカ,コースティクス・ノクチルカ第6话
283活动剧情/コースティクス・ノクチルカ/コースティクス・ノクチルカ第6话.csv,46,4001084070320,雛菜,有问题就不会邀请咱们来啦～,283活动剧情,コースティクス・ノクチルカ,コースティクス・ノクチルカ第6话
283活动剧情/コースティクス・ノクチルカ/コースティクス・ノクチルカ第6话.csv,47,4001084070330,雛菜,嘛，虽然是有点紧张啦～,283活动剧情,コースティクス・ノクチルカ,コースティクス・ノクチルカ第6话
283活动剧情/コースティクス・ノクチルカ/コースティクス・ノクチルカ第6话.csv,50,4001084070360,雛菜,啊哈哈～,283活动剧情,コースティクス・ノクチルカ,コースティクス・ノクチルカ第6话
283活动剧情/コースティクス・ノクチルカ/コースティクス・ノクチルカ第6话.csv,63,4001084070430,雛菜,"呀哈～
舞台闪闪发光的～！",283活动剧情,コースティクス・ノクチルカ,コースティクス・ノクチルカ第6话
283活动剧情/コースティクス・ノクチルカ/コースティクス・ノクチルカ第6话.csv,84,4001084070550,雛菜,和雏菜一起变得幸福吧～♡,283活动剧情,コースティクス・ノクチルカ,コースティクス・ノクチルカ第6话
283活动剧情/コースティクス・ノクチルカ/コースティクス・ノクチルカ终章.csv,3,4001084080020,雛菜,这样啊～,283活动剧情,コースティクス・ノクチルカ,コースティクス・ノクチルカ终章
283活动剧情/コースティクス・ノクチルカ/コースティクス・ノクチルカ终章.csv,6,4001084080050,雛菜,嗯～……,283活动剧情,コースティクス・ノクチルカ,コースティクス・ノクチルカ终章
283活动剧情/コースティクス・ノクチルカ/コースティクス・ノクチルカ终章.csv,7,4001084080060,雛菜,制作人说还要好久～,283活动剧情,コースティクス・ノクチルカ,コースティクス・ノクチルカ终章
283活动剧情/コースティクス・ノクチルカ/コースティクス・ノクチルカ终章.csv,12,4001084080110,雛菜,"诶～
没带充电宝吗？",283活动剧情,コースティクス・ノクチルカ,コースティクス・ノクチルカ终章
283活动剧情/コースティクス・ノクチルカ/コースティクス・ノクチルカ终章.csv,20,4001084080190,雛菜,有这事吗～,283活动剧情,コースティクス・ノクチルカ,コースティクス・ノクチルカ终章
283活动剧情/コースティクス・ノクチルカ/コースティクス・ノクチルカ终章.csv,26,4001084080250,雛菜,"好像是走到超市去了……等的时候
好像还吃了点零食～",283活动剧情,コースティクス・ノクチルカ,コースティクス・ノクチルカ终章
283活动剧情/コースティクス・ノクチルカ/コースティクス・ノクチルカ终章.csv,33,4001084080320,雛菜,……～！！！,283活动剧情,コースティクス・ノクチルカ,コースティクス・ノクチルカ终章
283活动剧情/コースティクス・ノクチルカ/コースティクス・ノクチルカ终章.csv,39,4001084080380,雛菜,我说，什么都看不见了诶～？,283活动剧情,コースティクス・ノクチルカ,コースティクス・ノクチルカ终章
283活动剧情/コースティクス・ノクチルカ/コースティクス・ノクチルカ终章.csv,44,4001084080421,透＆雛菜,啊哈哈,283活动剧情,コースティクス・ノクチルカ,コースティクス・ノクチルカ终章
283活动剧情/コースティクス・ノクチルカ/コースティクス・ノクチルカ终章.csv,46,4001084080440,雛菜,雨太大了什么都看不清～,283活动剧情,コースティクス・ノクチルカ,コースティクス・ノクチルカ终章
283活动剧情/コースティクス・ノクチルカ/コースティクス・ノクチルカ终章.csv,49,4001084080470,雛菜,好像能开到我们要去的车站呢～,283活动剧情,コースティクス・ノクチルカ,コースティクス・ノクチルカ终章
283活动剧情/コースティクス・ノクチルカ/コースティクス・ノクチルカ终章.csv,50,4001084080480,雛菜,虽然下一班车还要30分钟才到,283活动剧情,コースティクス・ノクチルカ,コースティクス・ノクチルカ终章
283活动剧情/コースティクス・ノクチルカ/コースティクス・ノクチルカ终章.csv,58,4001084080550,雛菜,演唱会已经结束了呢～,283活动剧情,コースティクス・ノクチルカ,コースティクス・ノクチルカ终章
283活动剧情/コースティクス・ノクチルカ/コースティクス・ノクチルカ终章.csv,60,4001084080570,雛菜,对吧～,283活动剧情,コースティクス・ノクチルカ,コースティクス・ノクチルカ终章
283活动剧情/コースティクス・ノクチルカ/コースティクス・ノクチルカ终章.csv,61,4001084080580,雛菜,"站在像万花筒一样的舞台上表演
真的超级开心～！",283活动剧情,コースティクス・ノクチルカ,コースティクス・ノクチルカ终章
283活动剧情/コースティクス・ノクチルカ/コースティクス・ノクチルカ终章.csv,62,4001084080590,雛菜,还好现在才下雨～,283活动剧情,コースティクス・ノクチルカ,コースティクス・ノクチルカ终章
283活动剧情/コースティクス・ノクチルカ/コースティクス・ノクチルカ终章.csv,73,4001084080700,雛菜,小糸，借点伞～,283活动剧情,コースティクス・ノクチルカ,コースティクス・ノクチルカ终章
283活动剧情/ゴシップ・キャンディ！-魔法の本とおかしな食べ物-/序章-ハロウィン・ゴシップ.csv,4,4001029010030,雛菜,嗯～？,283活动剧情,ゴシップ・キャンディ！-魔法の本とおかしな食べ物-,序章-ハロウィン・ゴシップ
283活动剧情/ゴシップ・キャンディ！-魔法の本とおかしな食べ物-/序章-ハロウィン・ゴシップ.csv,6,4001029010050,雛菜,诶～～～！,283活动剧情,ゴシップ・キャンディ！-魔法の本とおかしな食べ物-,序章-ハロウィン・ゴシップ
283活动剧情/ゴシップ・キャンディ！-魔法の本とおかしな食べ物-/序章-ハロウィン・ゴシップ.csv,8,4001029010070,雛菜,"真好啊～
受到大家欢迎～",283活动剧情,ゴシップ・キャンディ！-魔法の本とおかしな食べ物-,序章-ハロウィン・ゴシップ
283活动剧情/ゴシップ・キャンディ！-魔法の本とおかしな食べ物-/序章-ハロウィン・ゴシップ.csv,12,4001029010110,雛菜,诶～n但说并不定会和想象的一样啊～？,283活动剧情,ゴシップ・キャンディ！-魔法の本とおかしな食べ物-,序章-ハロウィン・ゴシップ
283活动剧情/ゴシップ・キャンディ！-魔法の本とおかしな食べ物-/序章-ハロウィン・ゴシップ.csv,41,4001029010290,雛菜,"诶～
这是啥，好像很难的样子～……",283活动剧情,ゴシップ・キャンディ！-魔法の本とおかしな食べ物-,序章-ハロウィン・ゴシップ
283活动剧情/ゴシップ・キャンディ！-魔法の本とおかしな食べ物-/序章-ハロウィン・ゴシップ.csv,52,4001029010360,雛菜,"啊～……
到万圣节了～",283活动剧情,ゴシップ・キャンディ！-魔法の本とおかしな食べ物-,序章-ハロウィン・ゴシップ
283活动剧情/ゴシップ・キャンディ！-魔法の本とおかしな食べ物-/第1话-呼んだんだけど.csv,2,4001029020010,雛菜,——戳～戳,283活动剧情,ゴシップ・キャンディ！-魔法の本とおかしな食べ物-,第1话-呼んだんだけど
283活动剧情/ゴシップ・キャンディ！-魔法の本とおかしな食べ物-/第1话-呼んだんだけど.csv,3,4001029020020,雛菜,喂～～～,283活动剧情,ゴシップ・キャンディ！-魔法の本とおかしな食べ物-,第1话-呼んだんだけど
283活动剧情/ゴシップ・キャンディ！-魔法の本とおかしな食べ物-/第1话-呼んだんだけど.csv,9,4001029020070,雛菜,"那这个就是
那边世界的好吃的东西？",283活动剧情,ゴシップ・キャンディ！-魔法の本とおかしな食べ物-,第1话-呼んだんだけど
283活动剧情/ゴシップ・キャンディ！-魔法の本とおかしな食べ物-/第1话-呼んだんだけど.csv,15,4001029020130,雛菜,"看书上写的话
感觉是稍微有点难度～",283活动剧情,ゴシップ・キャンディ！-魔法の本とおかしな食べ物-,第1话-呼んだんだけど
283活动剧情/ゴシップ・キャンディ！-魔法の本とおかしな食べ物-/第1话-呼んだんだけど.csv,16,4001029020140,雛菜,真不愧是透前辈～♡,283活动剧情,ゴシップ・キャンディ！-魔法の本とおかしな食べ物-,第1话-呼んだんだけど
283活动剧情/ゴシップ・キャンディ！-魔法の本とおかしな食べ物-/第1话-呼んだんだけど.csv,24,4001029020210,雛菜,"诶～！
这就是人类！？",283活动剧情,ゴシップ・キャンディ！-魔法の本とおかしな食べ物-,第1话-呼んだんだけど
283活动剧情/ゴシップ・キャンディ！-魔法の本とおかしな食べ物-/第1话-呼んだんだけど.csv,25,4001029020220,雛菜,"除了在百科全书上
这还是第一次见到～～～！",283活动剧情,ゴシップ・キャンディ！-魔法の本とおかしな食べ物-,第1话-呼んだんだけど
283活动剧情/ゴシップ・キャンディ！-魔法の本とおかしな食べ物-/第1话-呼んだんだけど.csv,31,4001029020280,雛菜,"啊哈～
圆香前辈，不吸下血吗～？",283活动剧情,ゴシップ・キャンディ！-魔法の本とおかしな食べ物-,第1话-呼んだんだけど
283活动剧情/ゴシップ・キャンディ！-魔法の本とおかしな食べ物-/第1话-呼んだんだけど.csv,34,4001029020310,雛菜,诶～……,283活动剧情,ゴシップ・キャンディ！-魔法の本とおかしな食べ物-,第1话-呼んだんだけど
283活动剧情/ゴシップ・キャンディ！-魔法の本とおかしな食べ物-/第1话-呼んだんだけど.csv,40,4001029020350,雛菜,"啊哈～
醒过来了……？",283活动剧情,ゴシップ・キャンディ！-魔法の本とおかしな食べ物-,第1话-呼んだんだけど
283活动剧情/ゴシップ・キャンディ！-魔法の本とおかしな食べ物-/第1话-呼んだんだけど.csv,45,4001029020360,雛菜,嗯～？,283活动剧情,ゴシップ・キャンディ！-魔法の本とおかしな食べ物-,第1话-呼んだんだけど
283活动剧情/ゴシップ・キャンディ！-魔法の本とおかしな食べ物-/第1话-呼んだんだけど.csv,59,4001029020430,雛菜,"是哟～
魔法学校！",283活动剧情,ゴシップ・キャンディ！-魔法の本とおかしな食べ物-,第1话-呼んだんだけど
283活动剧情/ゴシップ・キャンディ！-魔法の本とおかしな食べ物-/第1话-呼んだんだけど.csv,60,4001029020440,雛菜,"积聚了各种种族的孩子～
为了成为魔女和魔法使进行着刻苦的训练！",283活动剧情,ゴシップ・キャンディ！-魔法の本とおかしな食べ物-,第1话-呼んだんだけど
283活动剧情/ゴシップ・キャンディ！-魔法の本とおかしな食べ物-/第1话-呼んだんだけど.csv,62,4001029020450,雛菜,魔女之卵～！,283活动剧情,ゴシップ・キャンディ！-魔法の本とおかしな食べ物-,第1话-呼んだんだけど
283活动剧情/ゴシップ・キャンディ！-魔法の本とおかしな食べ物-/第1话-呼んだんだけど.csv,74,4001029020530,雛菜,"啊～！
也有那种书～！",283活动剧情,ゴシップ・キャンディ！-魔法の本とおかしな食べ物-,第1话-呼んだんだけど
283活动剧情/ゴシップ・キャンディ！-魔法の本とおかしな食べ物-/第1话-呼んだんだけど.csv,81,4001029020570,雛菜,嗯～,283活动剧情,ゴシップ・キャンディ！-魔法の本とおかしな食べ物-,第1话-呼んだんだけど
283活动剧情/ゴシップ・キャンディ！-魔法の本とおかしな食べ物-/第1话-呼んだんだけど.csv,82,4001029020580,雛菜,"从这里出去～……
在通道走廊对面那栋的上面一层",283活动剧情,ゴシップ・キャンディ！-魔法の本とおかしな食べ物-,第1话-呼んだんだけど
283活动剧情/ゴシップ・キャンディ！-魔法の本とおかしな食べ物-/第1话-呼んだんだけど.csv,83,4001029020590,雛菜,要去吗～？,283活动剧情,ゴシップ・キャンディ！-魔法の本とおかしな食べ物-,第1话-呼んだんだけど
283活动剧情/ゴシップ・キャンディ！-魔法の本とおかしな食べ物-/第1话-呼んだんだけど.csv,89,4001029020630,雛菜,"啊哈～
那，出发吧～～～！",283活动剧情,ゴシップ・キャンディ！-魔法の本とおかしな食べ物-,第1话-呼んだんだけど
283活动剧情/ゴシップ・キャンディ！-魔法の本とおかしな食べ物-/第3话-兼・魔女見習いたち.csv,15,4001029040080,雛菜,"啊哈～
欢迎回来～！",283活动剧情,ゴシップ・キャンディ！-魔法の本とおかしな食べ物-,第3话-兼・魔女見習いたち
283活动剧情/ゴシップ・キャンディ！-魔法の本とおかしな食べ物-/第3话-兼・魔女見習いたち.csv,18,4001029040110,雛菜,"透前辈
去图书馆了吗？",283活动剧情,ゴシップ・キャンディ！-魔法の本とおかしな食べ物-,第3话-兼・魔女見習いたち
283活动剧情/ゴシップ・キャンディ！-魔法の本とおかしな食べ物-/第3话-兼・魔女見習いたち.csv,43,4001029040280,雛菜,"啊～……
图书委员啊～",283活动剧情,ゴシップ・キャンディ！-魔法の本とおかしな食べ物-,第3话-兼・魔女見習いたち
283活动剧情/ゴシップ・キャンディ！-魔法の本とおかしな食べ物-/第3话-兼・魔女見習いたち.csv,46,4001029040290,雛菜,"诶～
好可怕～！",283活动剧情,ゴシップ・キャンディ！-魔法の本とおかしな食べ物-,第3话-兼・魔女見習いたち
283活动剧情/ゴシップ・キャンディ！-魔法の本とおかしな食べ物-/第3话-兼・魔女見習いたち.csv,65,4001029040410,雛菜,,283活动剧情,ゴシップ・キャンディ！-魔法の本とおかしな食べ物-,第3话-兼・魔女見習いたち
283活动剧情/ゴシップ・キャンディ！-魔法の本とおかしな食べ物-/第3话-兼・魔女見習いたち.csv,66,4001029040420,雛菜,一定要回去吗～？,283活动剧情,ゴシップ・キャンディ！-魔法の本とおかしな食べ物-,第3话-兼・魔女見習いたち
283活动剧情/ゴシップ・キャンディ！-魔法の本とおかしな食べ物-/第3话-兼・魔女見習いたち.csv,68,4001029040430,雛菜,"在这边生活的话
也十分地开心哦～？",283活动剧情,ゴシップ・キャンディ！-魔法の本とおかしな食べ物-,第3话-兼・魔女見習いたち
283活动剧情/ゴシップ・キャンディ！-魔法の本とおかしな食べ物-/第3话-兼・魔女見習いたち.csv,70,4001029040450,雛菜,啊～……,283活动剧情,ゴシップ・キャンディ！-魔法の本とおかしな食べ物-,第3话-兼・魔女見習いたち
283活动剧情/ゴシップ・キャンディ！-魔法の本とおかしな食べ物-/第3话-兼・魔女見習いたち.csv,71,4001029040460,雛菜,"啊，那雏菜或圆香前辈
嘠地咬一口不就行了～",283活动剧情,ゴシップ・キャンディ！-魔法の本とおかしな食べ物-,第3话-兼・魔女見習いたち
283活动剧情/ゴシップ・キャンディ！-魔法の本とおかしな食べ物-/第3话-兼・魔女見習いたち.csv,72,4001029040470,雛菜,"然后就变成吸血鬼或狼人
就可以在这边的世界生活了～？",283活动剧情,ゴシップ・キャンディ！-魔法の本とおかしな食べ物-,第3话-兼・魔女見習いたち
283活动剧情/ゴシップ・キャンディ！-魔法の本とおかしな食べ物-/第3话-兼・魔女見習いたち.csv,75,4001029040500,雛菜,啊哈～，是吗～？,283活动剧情,ゴシップ・キャンディ！-魔法の本とおかしな食べ物-,第3话-兼・魔女見習いたち
283活动剧情/ゴシップ・キャンディ！-魔法の本とおかしな食べ物-/第3话-兼・魔女見習いたち.csv,76,4001029040510,雛菜,那雏菜帮你咬一口～？,283活动剧情,ゴシップ・キャンディ！-魔法の本とおかしな食べ物-,第3话-兼・魔女見習いたち
283活动剧情/ゴシップ・キャンディ！-魔法の本とおかしな食べ物-/第3话-兼・魔女見習いたち.csv,79,4001029040520,雛菜,诶～？,283活动剧情,ゴシップ・キャンディ！-魔法の本とおかしな食べ物-,第3话-兼・魔女見習いたち
283活动剧情/ゴシップ・キャンディ！-魔法の本とおかしな食べ物-/第3话-兼・魔女見習いたち.csv,82,4001029040530,雛菜,"是吗～
那走好～",283活动剧情,ゴシップ・キャンディ！-魔法の本とおかしな食べ物-,第3话-兼・魔女見習いたち
283活动剧情/ゴシップ・キャンディ！-魔法の本とおかしな食べ物-/第5话-コンビニ・キャンディ.csv,5,4001029060010,雛菜,"诶～
是这样啊",283活动剧情,ゴシップ・キャンディ！-魔法の本とおかしな食べ物-,第5话-コンビニ・キャンディ
283活动剧情/ゴシップ・キャンディ！-魔法の本とおかしな食べ物-/第5话-コンビニ・キャンディ.csv,6,4001029060020,雛菜,总觉得好厉害～？,283活动剧情,ゴシップ・キャンディ！-魔法の本とおかしな食べ物-,第5话-コンビニ・キャンディ
283活动剧情/ゴシップ・キャンディ！-魔法の本とおかしな食べ物-/第5话-コンビニ・キャンディ.csv,12,4001029060070,雛菜,"啊哈～
那个～……",283活动剧情,ゴシップ・キャンディ！-魔法の本とおかしな食べ物-,第5话-コンビニ・キャンディ
283活动剧情/ゴシップ・キャンディ！-魔法の本とおかしな食べ物-/第5话-コンビニ・キャンディ.csv,13,4001029060080,雛菜,对面世界的好吃的东西！,283活动剧情,ゴシップ・キャンディ！-魔法の本とおかしな食べ物-,第5话-コンビニ・キャンディ
283活动剧情/ゴシップ・キャンディ！-魔法の本とおかしな食べ物-/第5话-コンビニ・キャンディ.csv,17,4001029060110,雛菜,对～！,283活动剧情,ゴシップ・キャンディ！-魔法の本とおかしな食べ物-,第5话-コンビニ・キャンディ
283活动剧情/ゴシップ・キャンディ！-魔法の本とおかしな食べ物-/第5话-コンビニ・キャンディ.csv,18,4001029060120,雛菜,"想要好吃的东西
又不能去对面的世界～",283活动剧情,ゴシップ・キャンディ！-魔法の本とおかしな食べ物-,第5话-コンビニ・キャンディ
283活动剧情/ゴシップ・キャンディ！-魔法の本とおかしな食べ物-/第5话-コンビニ・キャンディ.csv,19,4001029060130,雛菜,"既然那样的话
就想着召唤过来！",283活动剧情,ゴシップ・キャンディ！-魔法の本とおかしな食べ物-,第5话-コンビニ・キャンディ
283活动剧情/ゴシップ・キャンディ！-魔法の本とおかしな食べ物-/第5话-コンビニ・キャンディ.csv,26,4001029060150,雛菜,诶～？,283活动剧情,ゴシップ・キャンディ！-魔法の本とおかしな食べ物-,第5话-コンビニ・キャンディ
283活动剧情/ゴシップ・キャンディ！-魔法の本とおかしな食べ物-/第5话-コンビニ・キャンディ.csv,27,4001029060160,雛菜,难道说是这个～？,283活动剧情,ゴシップ・キャンディ！-魔法の本とおかしな食べ物-,第5话-コンビニ・キャンディ
283活动剧情/ゴシップ・キャンディ！-魔法の本とおかしな食べ物-/第5话-コンビニ・キャンディ.csv,33,4001029060190,雛菜,"诶～！
好吃吗～？",283活动剧情,ゴシップ・キャンディ！-魔法の本とおかしな食べ物-,第5话-コンビニ・キャンディ
283活动剧情/ゴシップ・キャンディ！-魔法の本とおかしな食べ物-/第5话-コンビニ・キャンディ.csv,39,4001029060220,雛菜,雏菜也要～！,283活动剧情,ゴシップ・キャンディ！-魔法の本とおかしな食べ物-,第5话-コンビニ・キャンディ
283活动剧情/ゴシップ・キャンディ！-魔法の本とおかしな食べ物-/第5话-コンビニ・キャンディ.csv,41,4001029060230,雛菜,呀哈～！,283活动剧情,ゴシップ・キャンディ！-魔法の本とおかしな食べ物-,第5话-コンビニ・キャンディ
283活动剧情/ゴシップ・キャンディ！-魔法の本とおかしな食べ物-/第5话-コンビニ・キャンディ.csv,46,4001029060280,雛菜,"…………
啊哈～，真的",283活动剧情,ゴシップ・キャンディ！-魔法の本とおかしな食べ物-,第5话-コンビニ・キャンディ
283活动剧情/ゴシップ・キャンディ！-魔法の本とおかしな食べ物-/第5话-コンビニ・キャンディ.csv,47,4001029060290,雛菜,那边万圣节的时候能拿到这种东西啊～,283活动剧情,ゴシップ・キャンディ！-魔法の本とおかしな食べ物-,第5话-コンビニ・キャンディ
283活动剧情/ゴシップ・キャンディ！-魔法の本とおかしな食べ物-/第5话-コンビニ・キャンディ.csv,48,4001029060300,雛菜,真好啊～,283活动剧情,ゴシップ・キャンディ！-魔法の本とおかしな食べ物-,第5话-コンビニ・キャンディ
283活动剧情/ゴシップ・キャンディ！-魔法の本とおかしな食べ物-/第5话-コンビニ・キャンディ.csv,60,4001029060400,雛菜,"然后呢～
结果书还是没找到吗～？",283活动剧情,ゴシップ・キャンディ！-魔法の本とおかしな食べ物-,第5话-コンビニ・キャンディ
283活动剧情/ゴシップ・キャンディ！-魔法の本とおかしな食べ物-/第5话-コンビニ・キャンディ.csv,62,4001029060410,雛菜,是吗～,283活动剧情,ゴシップ・キャンディ！-魔法の本とおかしな食べ物-,第5话-コンビニ・キャンディ
283活动剧情/ゴシップ・キャンディ！-魔法の本とおかしな食べ物-/第5话-コンビニ・キャンディ.csv,63,4001029060420,雛菜,那这样就能回到那边的世界咯～？,283活动剧情,ゴシップ・キャンディ！-魔法の本とおかしな食べ物-,第5话-コンビニ・キャンディ
283活动剧情/ゴシップ・キャンディ！-魔法の本とおかしな食べ物-/终章-次のハロウィンには.csv,42,4001029080320,雛菜,"诶～
已经要走了吗～？",283活动剧情,ゴシップ・キャンディ！-魔法の本とおかしな食べ物-,终章-次のハロウィンには
283活动剧情/シャイニーの日/2020年4月12日-シャイニーの日 2020 特別コミュ.csv,24,4901012010220,雛菜,"好～透学姐的事办完了～♡
雏菜，想去唱K吃圣代买东西～",283活动剧情,シャイニーの日,2020年4月12日-シャイニーの日 2020 特別コミュ
283活动剧情/シャイニーの日/2021年4月12日-シャイニーの日 2021 特別コミュ.csv,53,4901022010480,雛菜,"啊哈～，透学姐
可能已经饿死在上面了～",283活动剧情,シャイニーの日,2021年4月12日-シャイニーの日 2021 特別コミュ
283活动剧情/シャイニーの日/2022年4月12日-シャイニーの日 2022 特別コミュ.csv,36,4901030010250,雛菜,……鲑鱼～！,283活动剧情,シャイニーの日,2022年4月12日-シャイニーの日 2022 特別コミュ
283活动剧情/シャイニーの日/2023年4月12日-シャイニーの日 2023 特別コミュ.csv,35,4901040010340,雛菜,"像那些偶像，
当她们不再当偶像之后，会成为什么呢",283活动剧情,シャイニーの日,2023年4月12日-シャイニーの日 2023 特別コミュ
283活动剧情/シャイニーの日/2023年4月12日-シャイニーの日 2023 特別コミュ.csv,36,4901040010350,雛菜,我只是有点好奇而已,283活动剧情,シャイニーの日,2023年4月12日-シャイニーの日 2023 特別コミュ
283活动剧情/シャイニーの日/シャイニーの日 2025 特別コミュ.csv,37,4902000010310,雛菜,"啊哈～
彩色的光环欸，雏菜也去看看～",283活动剧情,シャイニーの日,シャイニーの日 2025 特別コミュ
283活动剧情/ロード・トゥ・ハッピーホリデー！/第1话-トラブル勃発！？.csv,6,4001068020030,雛菜,小糸，那是什么～？,283活动剧情,ロード・トゥ・ハッピーホリデー！,第1话-トラブル勃発！？
283活动剧情/ロード・トゥ・ハッピーホリデー！/第1话-トラブル勃発！？.csv,12,4001068020090,雛菜,"诶～～～
活动～？",283活动剧情,ロード・トゥ・ハッピーホリデー！,第1话-トラブル勃発！？
283活动剧情/ロード・トゥ・ハッピーホリデー！/第1话-トラブル勃発！？.csv,14,4001068020110,雛菜,"雏菜
前阵子被邀请了，不过拒绝掉了～",283活动剧情,ロード・トゥ・ハッピーホリデー！,第1话-トラブル勃発！？
283活动剧情/ロード・トゥ・ハッピーホリデー！/第1话-トラブル勃発！？.csv,16,4001068020130,雛菜,因为还有其他事～,283活动剧情,ロード・トゥ・ハッピーホリデー！,第1话-トラブル勃発！？
283活动剧情/ロード・トゥ・ハッピーホリデー！/第1话-トラブル勃発！？.csv,18,4001068020150,雛菜,"小糸想去参加吗～？
这种……活动？",283活动剧情,ロード・トゥ・ハッピーホリデー！,第1话-トラブル勃発！？
283活动剧情/ロード・トゥ・ハッピーホリデー！/第1话-トラブル勃発！？.csv,20,4001068020170,雛菜,,283活动剧情,ロード・トゥ・ハッピーホリデー！,第1话-トラブル勃発！？
283活动剧情/ロード・トゥ・ハッピーホリデー！/第3话-ふたつの戦い.csv,51,4001068040280,雛菜,,283活动剧情,ロード・トゥ・ハッピーホリデー！,第3话-ふたつの戦い
283活动剧情/ロード・トゥ・ハッピーホリデー！/第3话-ふたつの戦い.csv,56,4001068040320,雛菜,"明明也不用跟来的～
就只是去事务所拿回落下的东西而已～",283活动剧情,ロード・トゥ・ハッピーホリデー！,第3话-ふたつの戦い
283活动剧情/ロード・トゥ・ハッピーホリデー！/第3话-ふたつの戦い.csv,58,4001068040340,雛菜,"嗯～……
哎、也行吧～",283活动剧情,ロード・トゥ・ハッピーホリデー！,第3话-ふたつの戦い
283活动剧情/ロード・トゥ・ハッピーホリデー！/第3话-ふたつの戦い.csv,62,4001068040360,雛菜,"啊哈～
不用了～",283活动剧情,ロード・トゥ・ハッピーホリデー！,第3话-ふたつの戦い
283活动剧情/ロード・トゥ・ハッピーホリデー！/第3话-ふたつの戦い.csv,63,4001068040370,雛菜,"咦～？　
有人在～？",283活动剧情,ロード・トゥ・ハッピーホリデー！,第3话-ふたつの戦い
283活动剧情/ロード・トゥ・ハッピーホリデー！/第3话-ふたつの戦い.csv,65,4001068040390,雛菜,"啊哈～
大家辛苦了～！",283活动剧情,ロード・トゥ・ハッピーホリデー！,第3话-ふたつの戦い
283活动剧情/ロード・トゥ・ハッピーホリデー！/第3话-ふたつの戦い.csv,70,4001068040421,小糸＆雛菜,,283活动剧情,ロード・トゥ・ハッピーホリデー！,第3话-ふたつの戦い
283活动剧情/ロード・トゥ・ハッピーホリデー！/第3话-ふたつの戦い.csv,80,4001068040470,雛菜,"啊～！　这个是雏菜想要的那款～！
雏菜要去～！",283活动剧情,ロード・トゥ・ハッピーホリデー！,第3话-ふたつの戦い
283活动剧情/ロード・トゥ・ハッピーホリデー！/第3话-ふたつの戦い.csv,82,4001068040490,雛菜,"这个购物中心雏菜也时不时会去，
但这款每次都卖光了～",283活动剧情,ロード・トゥ・ハッピーホリデー！,第3话-ふたつの戦い
283活动剧情/ロード・トゥ・ハッピーホリデー！/第3话-ふたつの戦い.csv,96,4001068040590,雛菜,"啊哈～
雏菜也很期待～！",283活动剧情,ロード・トゥ・ハッピーホリデー！,第3话-ふたつの戦い
283活动剧情/ロード・トゥ・ハッピーホリデー！/第4话-ミッション開始！.csv,5,4001068050040,雛菜,雏菜好期待限定化妆品～！,283活动剧情,ロード・トゥ・ハッピーホリデー！,第4话-ミッション開始！
283活动剧情/ロード・トゥ・ハッピーホリデー！/第5话-アンダーカバー・アンサンブル！.csv,3,4001068060020,雛菜,"一直都在念长句呢～
好厉害～",283活动剧情,ロード・トゥ・ハッピーホリデー！,第5话-アンダーカバー・アンサンブル！
283活动剧情/ロード・トゥ・ハッピーホリデー！/第5话-アンダーカバー・アンサンブル！.csv,8,4001068060070,雛菜,不过，感觉都没什么事呢～,283活动剧情,ロード・トゥ・ハッピーホリデー！,第5话-アンダーカバー・アンサンブル！
283活动剧情/ロード・トゥ・ハッピーホリデー！/第5话-アンダーカバー・アンサンブル！.csv,11,4001068060100,雛菜,……啊、台词————,283活动剧情,ロード・トゥ・ハッピーホリデー！,第5话-アンダーカバー・アンサンブル！
283活动剧情/ロード・トゥ・ハッピーホリデー！/第5话-アンダーカバー・アンサンブル！.csv,24,4001068060220,雛菜,一同迎来幸福的圣诞祭吧～～～！,283活动剧情,ロード・トゥ・ハッピーホリデー！,第5话-アンダーカバー・アンサンブル！
283活动剧情/ロード・トゥ・ハッピーホリデー！/第5话-アンダーカバー・アンサンブル！.csv,29,4001068060260,雛菜,"啊哈～
传达到了～！",283活动剧情,ロード・トゥ・ハッピーホリデー！,第5话-アンダーカバー・アンサンブル！
283活动剧情/ロード・トゥ・ハッピーホリデー！/第5话-アンダーカバー・アンサンブル！.csv,31,4001068060280,雛菜,"不过，
大家……都看向这边了～？",283活动剧情,ロード・トゥ・ハッピーホリデー！,第5话-アンダーカバー・アンサンブル！
283活动剧情/ロード・トゥ・ハッピーホリデー！/第5话-アンダーカバー・アンサンブル！.csv,36,4001068060330,雛菜,啊哈～,283活动剧情,ロード・トゥ・ハッピーホリデー！,第5话-アンダーカバー・アンサンブル！
283活动剧情/ロード・トゥ・ハッピーホリデー！/第5话-アンダーカバー・アンサンブル！.csv,48,4001068060450,雛菜,雏菜也可以喔～,283活动剧情,ロード・トゥ・ハッピーホリデー！,第5话-アンダーカバー・アンサンブル！
283活动剧情/ロード・トゥ・ハッピーホリデー！/第5话-アンダーカバー・アンサンブル！.csv,58,4001068060550,雛菜,"啊哈～
雏菜也加油～",283活动剧情,ロード・トゥ・ハッピーホリデー！,第5话-アンダーカバー・アンサンブル！
283活动剧情/ロード・トゥ・ハッピーホリデー！/第5话-アンダーカバー・アンサンブル！.csv,88,4001068060840,雛菜,……差点就被发现了呢～！,283活动剧情,ロード・トゥ・ハッピーホリデー！,第5话-アンダーカバー・アンサンブル！
283活动剧情/ロード・トゥ・ハッピーホリデー！/第5话-アンダーカバー・アンサンブル！.csv,91,4001068060870,雛菜,"啊哈～
现在也没人在看了，感觉也不用藏起来说～",283活动剧情,ロード・トゥ・ハッピーホリデー！,第5话-アンダーカバー・アンサンブル！
283活动剧情/ロード・トゥ・ハッピーホリデー！/第6话-小さな一歩.csv,4,4001068070030,雛菜,写上“283”～……,283活动剧情,ロード・トゥ・ハッピーホリデー！,第6话-小さな一歩
283活动剧情/ロード・トゥ・ハッピーホリデー！/第6话-小さな一歩.csv,14,4001068070130,雛菜,"嗯～……
感觉再可爱点会更好～",283活动剧情,ロード・トゥ・ハッピーホリデー！,第6话-小さな一歩
283活动剧情/ロード・トゥ・ハッピーホリデー！/第6话-小さな一歩.csv,17,4001068070160,雛菜,然后，收到会很开心的东西之类的～,283活动剧情,ロード・トゥ・ハッピーホリデー！,第6话-小さな一歩
283活动剧情/ロード・トゥ・ハッピーホリデー！/第6话-小さな一歩.csv,23,4001068070200,雛菜,标语牌，举到能让她们看到的位置～,283活动剧情,ロード・トゥ・ハッピーホリデー！,第6话-小さな一歩
283活动剧情/ロード・トゥ・ハッピーホリデー！/第6话-小さな一歩.csv,30,4001068070240,雛菜,诶～？　在哪～？,283活动剧情,ロード・トゥ・ハッピーホリデー！,第6话-小さな一歩
283活动剧情/ロード・トゥ・ハッピーホリデー！/第6话-小さな一歩.csv,31,4001068070250,雛菜,啊……喂————还给……,283活动剧情,ロード・トゥ・ハッピーホリデー！,第6话-小さな一歩
283活动剧情/ロード・トゥ・ハッピーホリデー！/第6话-小さな一歩.csv,52,4001068070440,雛菜,是的呢～,283活动剧情,ロード・トゥ・ハッピーホリデー！,第6话-小さな一歩
283活动剧情/ロード・トゥ・ハッピーホリデー！/第6话-小さな一歩.csv,99,4001068070841,結華＆夏葉＆雛菜,,283活动剧情,ロード・トゥ・ハッピーホリデー！,第6话-小さな一歩
283活动剧情/ロード・トゥ・ハッピーホリデー！/第6话-小さな一歩.csv,100,4001068070850,雛菜,这下服装的问题也解决了呢～,283活动剧情,ロード・トゥ・ハッピーホリデー！,第6话-小さな一歩
283活动剧情/ロード・トゥ・ハッピーホリデー！/第6话-小さな一歩.csv,106,4001068070910,雛菜,"啊哈～
这个也是任务～？",283活动剧情,ロード・トゥ・ハッピーホリデー！,第6话-小さな一歩
283活动剧情/ロード・トゥ・ハッピーホリデー！/终章-最終ミッションは？.csv,4,4001068080030,雛菜,"哈～……
太好了呢～",283活动剧情,ロード・トゥ・ハッピーホリデー！,终章-最終ミッションは？
283活动剧情/ロード・トゥ・ハッピーホリデー！/终章-最終ミッションは？.csv,10,4001068080090,雛菜,"啊～
点灯仪式的倒计时开始了～！",283活动剧情,ロード・トゥ・ハッピーホリデー！,终章-最終ミッションは？
283活动剧情/ロード・トゥ・ハッピーホリデー！/终章-最終ミッションは？.csv,22,4001068080140,雛菜,"那个～……
没有那个的话，就点不了灯吗～？",283活动剧情,ロード・トゥ・ハッピーホリデー！,终章-最終ミッションは？
283活动剧情/ロード・トゥ・ハッピーホリデー！/终章-最終ミッションは？.csv,45,4001068080360,雛菜,……这样啊～，但是————,283活动剧情,ロード・トゥ・ハッピーホリデー！,终章-最終ミッションは？
283活动剧情/ロード・トゥ・ハッピーホリデー！/终章-最終ミッションは？.csv,68,4001068080570,雛菜,客人们也欢腾起来了～,283活动剧情,ロード・トゥ・ハッピーホリデー！,终章-最終ミッションは？
283活动剧情/ロード・トゥ・ハッピーホリデー！/终章-最終ミッションは？.csv,72,4001068080600,雛菜,啊、小糸也在～,283活动剧情,ロード・トゥ・ハッピーホリデー！,终章-最終ミッションは？
283活动剧情/ロード・トゥ・ハッピーホリデー！/终章-最終ミッションは？.csv,79,4001068080660,雛菜,"啊哈～
非常漂亮噢～～",283活动剧情,ロード・トゥ・ハッピーホリデー！,终章-最終ミッションは？
283活动剧情/ロード・トゥ・ハッピーホリデー！/终章-最終ミッションは？.csv,98,4001068080760,雛菜,"呀哈～！
雏菜也要参加～！",283活动剧情,ロード・トゥ・ハッピーホリデー！,终章-最終ミッションは？
283活动剧情/ロード・トゥ・ハッピーホリデー！/终章-最終ミッションは？.csv,103,4001068080800,雛菜,,283活动剧情,ロード・トゥ・ハッピーホリデー！,终章-最終ミッションは？
283活动剧情/ワールプールフールガールズ/序章-なんなんだよ今度は.csv,9,4001059010050,雛菜,,283活动剧情,ワールプールフールガールズ,序章-なんなんだよ今度は
283活动剧情/ワールプールフールガールズ/序章-なんなんだよ今度は.csv,10,4001059010060,雛菜,"啊哈～
变安静了～",283活动剧情,ワールプールフールガールズ,序章-なんなんだよ今度は
283活动剧情/ワールプールフールガールズ/序章-なんなんだよ今度は.csv,14,4001059010100,雛菜,,283活动剧情,ワールプールフールガールズ,序章-なんなんだよ今度は
283活动剧情/ワールプールフールガールズ/序章-なんなんだよ今度は.csv,22,4001059010131,小糸＆雛菜,,283活动剧情,ワールプールフールガールズ,序章-なんなんだよ今度は
283活动剧情/ワールプールフールガールズ/序章-なんなんだよ今度は.csv,26,4001059010170,雛菜,感觉还不错～？,283活动剧情,ワールプールフールガールズ,序章-なんなんだよ今度は
283活动剧情/ワールプールフールガールズ/序章-なんなんだよ今度は.csv,29,4001059010180,雛菜,"诶～？
————……",283活动剧情,ワールプールフールガールズ,序章-なんなんだよ今度は
283活动剧情/ワールプールフールガールズ/序章-なんなんだよ今度は.csv,32,4001059010200,雛菜,"啊～……
就感觉自己知道这张卡～",283活动剧情,ワールプールフールガールズ,序章-なんなんだよ今度は
283活动剧情/ワールプールフールガールズ/序章-なんなんだよ今度は.csv,34,4001059010220,雛菜,"不是～
是说好像，雏菜平时都是这种感觉～",283活动剧情,ワールプールフールガールズ,序章-なんなんだよ今度は
283活动剧情/ワールプールフールガールズ/序章-なんなんだよ今度は.csv,39,4001059010250,雛菜,诶～……,283活动剧情,ワールプールフールガールズ,序章-なんなんだよ今度は
283活动剧情/ワールプールフールガールズ/序章-なんなんだよ今度は.csv,41,4001059010260,雛菜,"啊哈～，是的呢～
每天都很快乐～",283活动剧情,ワールプールフールガールズ,序章-なんなんだよ今度は
283活动剧情/ワールプールフールガールズ/序章-なんなんだよ今度は.csv,46,4001059010280,雛菜,"嗯～
雏菜也这么觉得～！",283活动剧情,ワールプールフールガールズ,序章-なんなんだよ今度は
283活动剧情/ワールプールフールガールズ/序章-なんなんだよ今度は.csv,54,4001059010300,雛菜,"诶～
是全部都已经结束了吗～？",283活动剧情,ワールプールフールガールズ,序章-なんなんだよ今度は
283活动剧情/ワールプールフールガールズ/序章-なんなんだよ今度は.csv,85,4001059010470,雛菜,"————嗳，
果汁很重吗～？",283活动剧情,ワールプールフールガールズ,序章-なんなんだよ今度は
283活动剧情/ワールプールフールガールズ/序章-なんなんだよ今度は.csv,88,4001059010491,小糸＆雛菜,——————啊（咦）……！,283活动剧情,ワールプールフールガールズ,序章-なんなんだよ今度は
283活动剧情/ワールプールフールガールズ/序章-なんなんだよ今度は.csv,89,4001059010492,小糸＆雛菜,"圆香……！
是圆香前辈耶～",283活动剧情,ワールプールフールガールズ,序章-なんなんだよ今度は
283活动剧情/ワールプールフールガールズ/序章-なんなんだよ今度は.csv,98,4001059010550,雛菜,"嗯～
下次再见～",283活动剧情,ワールプールフールガールズ,序章-なんなんだよ今度は
283活动剧情/ワールプールフールガールズ/序章-なんなんだよ今度は.csv,101,4001059010580,雛菜,"诶～？
————啊～",283活动剧情,ワールプールフールガールズ,序章-なんなんだよ今度は
283活动剧情/ワールプールフールガールズ/序章-なんなんだよ今度は.csv,102,4001059010581,透＆雛菜,"透：在此解散——
雏菜：可能要解散了",283活动剧情,ワールプールフールガールズ,序章-なんなんだよ今度は
283活动剧情/ワールプールフールガールズ/序章-なんなんだよ今度は.csv,103,4001059010590,雛菜,————的事～？,283活动剧情,ワールプールフールガールズ,序章-なんなんだよ今度は
283活动剧情/ワールプールフールガールズ/第1话-押し入れ・THE・WORLD.csv,2,4001059020010,雛菜,,283活动剧情,ワールプールフールガールズ,第1话-押し入れ・THE・WORLD
283活动剧情/ワールプールフールガールズ/第1话-押し入れ・THE・WORLD.csv,4,4001059020020,雛菜,————世界是指，“世界”吗～？,283活动剧情,ワールプールフールガールズ,第1话-押し入れ・THE・WORLD
283活动剧情/ワールプールフールガールズ/第1话-押し入れ・THE・WORLD.csv,9,4001059020021,小糸＆雛菜,,283活动剧情,ワールプールフールガールズ,第1话-押し入れ・THE・WORLD
283活动剧情/ワールプールフールガールズ/第1话-押し入れ・THE・WORLD.csv,13,4001059020030,雛菜,,283活动剧情,ワールプールフールガールズ,第1话-押し入れ・THE・WORLD
283活动剧情/ワールプールフールガールズ/第1话-押し入れ・THE・WORLD.csv,16,4001059020040,雛菜,"——啊～
是超级限定品耶～",283活动剧情,ワールプールフールガールズ,第1话-押し入れ・THE・WORLD
283活动剧情/ワールプールフールガールズ/第1话-押し入れ・THE・WORLD.csv,20,4001059020050,雛菜,"不要的话
雏菜可以收下吗～？",283活动剧情,ワールプールフールガールズ,第1话-押し入れ・THE・WORLD
283活动剧情/ワールプールフールガールズ/第1话-押し入れ・THE・WORLD.csv,21,4001059020060,雛菜,这个说的，是好事吗～？,283活动剧情,ワールプールフールガールズ,第1话-押し入れ・THE・WORLD
283活动剧情/ワールプールフールガールズ/第1话-押し入れ・THE・WORLD.csv,24,4001059020070,雛菜,"诶～
雏菜不想要的话就不会这么说了————",283活动剧情,ワールプールフールガールズ,第1话-押し入れ・THE・WORLD
283活动剧情/ワールプールフールガールズ/第1话-押し入れ・THE・WORLD.csv,25,4001059020080,雛菜,————不过，雏菜觉得还挺合适的啊～,283活动剧情,ワールプールフールガールズ,第1话-押し入れ・THE・WORLD
283活动剧情/ワールプールフールガールズ/第1话-押し入れ・THE・WORLD.csv,30,4001059020090,雛菜,"是的～
想着涂到眉毛和眼睑下面的话会不会发痒～",283活动剧情,ワールプールフールガールズ,第1话-押し入れ・THE・WORLD
283活动剧情/ワールプールフールガールズ/第1话-押し入れ・THE・WORLD.csv,31,4001059020100,雛菜,怎么样～？,283活动剧情,ワールプールフールガールズ,第1话-押し入れ・THE・WORLD
283活动剧情/ワールプールフールガールズ/第1话-押し入れ・THE・WORLD.csv,40,4001059020110,雛菜,"啊哈～
雏菜也能一起拍吗～？",283活动剧情,ワールプールフールガールズ,第1话-押し入れ・THE・WORLD
283活动剧情/ワールプールフールガールズ/第1话-押し入れ・THE・WORLD.csv,42,4001059020120,雛菜,"可以啊～
只要带上“＃雏菜PRODUCE”！",283活动剧情,ワールプールフールガールズ,第1话-押し入れ・THE・WORLD
283活动剧情/ワールプールフールガールズ/第1话-押し入れ・THE・WORLD.csv,43,4001059020130,雛菜,"嗳，制作人
可以的吧～？",283活动剧情,ワールプールフールガールズ,第1话-押し入れ・THE・WORLD
283活动剧情/ワールプールフールガールズ/第1话-押し入れ・THE・WORLD.csv,45,4001059020131,雛菜＆スタイリスト,————好，啪嚓！　超棒——！,283活动剧情,ワールプールフールガールズ,第1话-押し入れ・THE・WORLD
283活动剧情/ワールプールフールガールズ/第1话-押し入れ・THE・WORLD.csv,62,4001059020170,雛菜,啊哈～,283活动剧情,ワールプールフールガールズ,第1话-押し入れ・THE・WORLD
283活动剧情/ワールプールフールガールズ/第1话-押し入れ・THE・WORLD.csv,77,4001059020300,雛菜,"不用了～
就这样回去～",283活动剧情,ワールプールフールガールズ,第1话-押し入れ・THE・WORLD
283活动剧情/ワールプールフールガールズ/第1话-押し入れ・THE・WORLD.csv,79,4001059020310,雛菜,啊～————,283活动剧情,ワールプールフールガールズ,第1话-押し入れ・THE・WORLD
283活动剧情/ワールプールフールガールズ/第1话-押し入れ・THE・WORLD.csv,90,4001059020410,雛菜,诶～？,283活动剧情,ワールプールフールガールズ,第1话-押し入れ・THE・WORLD
283活动剧情/ワールプールフールガールズ/第1话-押し入れ・THE・WORLD.csv,92,4001059020420,雛菜,"啊哈～
就只是帮忙涂了一下～",283活动剧情,ワールプールフールガールズ,第1话-押し入れ・THE・WORLD
283活动剧情/ワールプールフールガールズ/第1话-押し入れ・THE・WORLD.csv,93,4001059020430,雛菜,不过感觉还不错吧～？,283活动剧情,ワールプールフールガールズ,第1话-押し入れ・THE・WORLD
283活动剧情/ワールプールフールガールズ/第1话-押し入れ・THE・WORLD.csv,104,4001059020520,雛菜,"诶～？
谁～？",283活动剧情,ワールプールフールガールズ,第1话-押し入れ・THE・WORLD
283活动剧情/ワールプールフールガールズ/第1话-押し入れ・THE・WORLD.csv,106,4001059020530,雛菜,这样啊～,283活动剧情,ワールプールフールガールズ,第1话-押し入れ・THE・WORLD
283活动剧情/ワールプールフールガールズ/第1话-押し入れ・THE・WORLD.csv,113,4001059020600,雛菜,"嗯～……
这个是好事吗～？",283活动剧情,ワールプールフールガールズ,第1话-押し入れ・THE・WORLD
283活动剧情/ワールプールフールガールズ/第1话-押し入れ・THE・WORLD.csv,121,4001059020640,雛菜,这样啊～,283活动剧情,ワールプールフールガールズ,第1话-押し入れ・THE・WORLD
283活动剧情/ワールプールフールガールズ/第1话-押し入れ・THE・WORLD.csv,138,4001059020770,雛菜,"啊哈～
那不是一直都这样吗～",283活动剧情,ワールプールフールガールズ,第1话-押し入れ・THE・WORLD
283活动剧情/ワールプールフールガールズ/第1话-押し入れ・THE・WORLD.csv,140,4001059020780,雛菜,那再见～！,283活动剧情,ワールプールフールガールズ,第1话-押し入れ・THE・WORLD
283活动剧情/ワールプールフールガールズ/第2话-返す.csv,11,4001059030050,雛菜,"啊哈～
大家都来了～",283活动剧情,ワールプールフールガールズ,第2话-返す
283活动剧情/ワールプールフールガールズ/第2话-返す.csv,13,4001059030070,雛菜,"什么这是～
又在卖不要的衣服吗～？",283活动剧情,ワールプールフールガールズ,第2话-返す
283活动剧情/ワールプールフールガールズ/第2话-返す.csv,16,4001059030100,雛菜,这样啊～,283活动剧情,ワールプールフールガールズ,第2话-返す
283活动剧情/ワールプールフールガールズ/第2话-返す.csv,17,4001059030110,雛菜,"雏菜也来～
这边的橱柜也要弄吗～？",283活动剧情,ワールプールフールガールズ,第2话-返す
283活动剧情/ワールプールフールガールズ/第2话-返す.csv,24,4001059030130,雛菜,"如果有想要的
能分出来吗～？",283活动剧情,ワールプールフールガールズ,第2话-返す
283活动剧情/ワールプールフールガールズ/第2话-返す.csv,26,4001059030150,雛菜,"————啊哈～
裁缝套装！　好久没见过了～",283活动剧情,ワールプールフールガールズ,第2话-返す
283活动剧情/ワールプールフールガールズ/第2话-返す.csv,33,4001059030180,雛菜,还有键盘口风琴～,283活动剧情,ワールプールフールガールズ,第2话-返す
283活动剧情/ワールプールフールガールズ/第2话-返す.csv,36,4001059030210,雛菜,————不过，好像名字不对噢～？,283活动剧情,ワールプールフールガールズ,第2话-返す
283活动剧情/ワールプールフールガールズ/第2话-返す.csv,38,4001059030230,雛菜,"你看～
写着别人的名字～",283活动剧情,ワールプールフールガールズ,第2话-返す
283活动剧情/ワールプールフールガールズ/第2话-返す.csv,53,4001059030360,雛菜,雏菜不知道噢～？,283活动剧情,ワールプールフールガールズ,第2话-返す
283活动剧情/ワールプールフールガールズ/第2话-返す.csv,65,4001059030470,雛菜,诶～？,283活动剧情,ワールプールフールガールズ,第2话-返す
283活动剧情/ワールプールフールガールズ/第2话-返す.csv,83,4001059030630,雛菜,啊哈～,283活动剧情,ワールプールフールガールズ,第2话-返す
283活动剧情/ワールプールフールガールズ/第3话-星から来たヤツ.csv,52,4001059040190,雛菜,————咻～！,283活动剧情,ワールプールフールガールズ,第3话-星から来たヤツ
283活动剧情/ワールプールフールガールズ/第3话-星から来たヤツ.csv,56,4001059040230,雛菜,"要来咯～
咻～！",283活动剧情,ワールプールフールガールズ,第3话-星から来たヤツ
283活动剧情/ワールプールフールガールズ/第3话-星から来たヤツ.csv,61,4001059040280,雛菜,真的不记得ID了吗～？,283活动剧情,ワールプールフールガールズ,第3话-星から来たヤツ
283活动剧情/ワールプールフールガールズ/第3话-星から来たヤツ.csv,65,4001059040320,雛菜,这样啊～,283活动剧情,ワールプールフールガールズ,第3话-星から来たヤツ
283活动剧情/ワールプールフールガールズ/第3话-星から来たヤツ.csv,66,4001059040330,雛菜,"裁布剪刀突然被还回来
会吓一跳吧～？",283活动剧情,ワールプールフールガールズ,第3话-星から来たヤツ
283活动剧情/ワールプールフールガールズ/第3话-星から来たヤツ.csv,72,4001059040390,雛菜,"——啊～
雏菜好像还记得这条路～",283活动剧情,ワールプールフールガールズ,第3话-星から来たヤツ
283活动剧情/ワールプールフールガールズ/第3话-星から来たヤツ.csv,73,4001059040400,雛菜,透前辈，有过去找外星人的事吧～？,283活动剧情,ワールプールフールガールズ,第3话-星から来たヤツ
283活动剧情/ワールプールフールガールズ/第3话-星から来たヤツ.csv,76,4001059040430,雛菜,海星人～,283活动剧情,ワールプールフールガールズ,第3话-星から来たヤツ
283活动剧情/ワールプールフールガールズ/第3话-星から来たヤツ.csv,82,4001059040490,雛菜,"说是星星形状的外形人～
圆香前辈也一起找了哟～？",283活动剧情,ワールプールフールガールズ,第3话-星から来たヤツ
283活动剧情/ワールプールフールガールズ/第3话-星から来たヤツ.csv,91,4001059040541,小糸＆雛菜,你好～,283活动剧情,ワールプールフールガールズ,第3话-星から来たヤツ
283活动剧情/ワールプールフールガールズ/第3话-星から来たヤツ.csv,98,4001059040570,雛菜,"啊哈～
还带了点心～",283活动剧情,ワールプールフールガールズ,第3话-星から来たヤツ
283活动剧情/ワールプールフールガールズ/第3话-星から来たヤツ.csv,123,4001059040671,透＆小糸＆雛菜,"雏菜：渴了～
透：呼啊——……
小糸：也、也是呢",283活动剧情,ワールプールフールガールズ,第3话-星から来たヤツ
283活动剧情/ワールプールフールガールズ/第3话-星から来たヤツ.csv,137,4001059040730,雛菜,那个人，没怎么变呢～,283活动剧情,ワールプールフールガールズ,第3话-星から来たヤツ
283活动剧情/ワールプールフールガールズ/第3话-星から来たヤツ.csv,140,4001059040751,透＆円香＆雛菜,,283活动剧情,ワールプールフールガールズ,第3话-星から来たヤツ
283活动剧情/ワールプールフールガールズ/第3话-星から来たヤツ.csv,142,4001059040770,雛菜,诶～？,283活动剧情,ワールプールフールガールズ,第3话-星から来たヤツ
283活动剧情/ワールプールフールガールズ/第3话-星から来たヤツ.csv,145,4001059040800,雛菜,可能有过～？,283活动剧情,ワールプールフールガールズ,第3话-星から来たヤツ
283活动剧情/ワールプールフールガールズ/第3话-星から来たヤツ.csv,157,4001059040860,雛菜,啊哈～,283活动剧情,ワールプールフールガールズ,第3话-星から来たヤツ
283活动剧情/ワールプールフールガールズ/第4话-うらない（NOTFORSALE！）.csv,4,4001059050020,雛菜,,283活动剧情,ワールプールフールガールズ,第4话-うらない（NOTFORSALE！）
283活动剧情/ワールプールフールガールズ/第4话-うらない（NOTFORSALE！）.csv,7,4001059050040,雛菜,这是什么～？,283活动剧情,ワールプールフールガールズ,第4话-うらない（NOTFORSALE！）
283活动剧情/ワールプールフールガールズ/第4话-うらない（NOTFORSALE！）.csv,13,4001059050080,雛菜,"这样啊～
这个人，离镜头再远一点会比较好呢～",283活动剧情,ワールプールフールガールズ,第4话-うらない（NOTFORSALE！）
283活动剧情/ワールプールフールガールズ/第4话-うらない（NOTFORSALE！）.csv,15,400105905091,透＆雛菜,,283活动剧情,ワールプールフールガールズ,第4话-うらない（NOTFORSALE！）
283活动剧情/ワールプールフールガールズ/第4话-うらない（NOTFORSALE！）.csv,17,4001059050110,雛菜,啊哈～……,283活动剧情,ワールプールフールガールズ,第4话-うらない（NOTFORSALE！）
283活动剧情/ワールプールフールガールズ/第4话-うらない（NOTFORSALE！）.csv,20,4001059050130,雛菜,早上好～,283活动剧情,ワールプールフールガールズ,第4话-うらない（NOTFORSALE！）
283活动剧情/ワールプールフールガールズ/第4话-うらない（NOTFORSALE！）.csv,24,4001059050141,透＆雛菜,啊————,283活动剧情,ワールプールフールガールズ,第4话-うらない（NOTFORSALE！）
283活动剧情/ワールプールフールガールズ/第4话-うらない（NOTFORSALE！）.csv,34,4001059050210,雛菜,诶～？,283活动剧情,ワールプールフールガールズ,第4话-うらない（NOTFORSALE！）
283活动剧情/ワールプールフールガールズ/第4话-うらない（NOTFORSALE！）.csv,46,4001059050261,円香＆雛菜,"雏菜：为什么是玩笑～？
圆香：您觉得是玩笑吗？",283活动剧情,ワールプールフールガールズ,第4话-うらない（NOTFORSALE！）
283活动剧情/ワールプールフールガールズ/第4话-うらない（NOTFORSALE！）.csv,57,4001059050310,雛菜,"————早知道要拖这么久的话
改天去还就好了～",283活动剧情,ワールプールフールガールズ,第4话-うらない（NOTFORSALE！）
283活动剧情/ワールプールフールガールズ/第4话-うらない（NOTFORSALE！）.csv,60,4001059050340,雛菜,这样啊～,283活动剧情,ワールプールフールガールズ,第4话-うらない（NOTFORSALE！）
283活动剧情/ワールプールフールガールズ/第4话-うらない（NOTFORSALE！）.csv,67,4001059050370,雛菜,这样的话，雏菜想喝点什么～,283活动剧情,ワールプールフールガールズ,第4话-うらない（NOTFORSALE！）
283活动剧情/ワールプールフールガールズ/第4话-うらない（NOTFORSALE！）.csv,79,4001059050440,雛菜,好～,283活动剧情,ワールプールフールガールズ,第4话-うらない（NOTFORSALE！）
283活动剧情/ワールプールフールガールズ/第4话-うらない（NOTFORSALE！）.csv,92,4001059050520,雛菜,"……
啊～，这个月是占卜专刊～",283活动剧情,ワールプールフールガールズ,第4话-うらない（NOTFORSALE！）
283活动剧情/ワールプールフールガールズ/第4话-うらない（NOTFORSALE！）.csv,102,4001059050590,雛菜,"诶～？
占卜怎么了～？",283活动剧情,ワールプールフールガールズ,第4话-うらない（NOTFORSALE！）
283活动剧情/ワールプールフールガールズ/第4话-うらない（NOTFORSALE！）.csv,104,4001059050610,雛菜,啊～,283活动剧情,ワールプールフールガールズ,第4话-うらない（NOTFORSALE！）
283活动剧情/ワールプールフールガールズ/第4话-うらない（NOTFORSALE！）.csv,107,4001059050620,雛菜,"嗯～……
那不是看你想不想中吗～？",283活动剧情,ワールプールフールガールズ,第4话-うらない（NOTFORSALE！）
283活动剧情/ワールプールフールガールズ/第5话-とびぐるま.csv,7,4001059060020,雛菜,"嗯～
是怎样的来着～？",283活动剧情,ワールプールフールガールズ,第5话-とびぐるま
283活动剧情/ワールプールフールガールズ/第5话-とびぐるま.csv,8,4001059060030,雛菜,"这个不是
面向新人出道的庆典吗～？",283活动剧情,ワールプールフールガールズ,第5话-とびぐるま
283活动剧情/ワールプールフールガールズ/第5话-とびぐるま.csv,20,4001059060111,円香＆小糸＆雛菜,"圆香：————
雏菜：啊哈～
小糸：透、透不去可不行啊",283活动剧情,ワールプールフールガールズ,第5话-とびぐるま
283活动剧情/ワールプールフールガールズ/第5话-とびぐるま.csv,24,4001059060140,雛菜,"啊～
是大家投票的那种吧～？",283活动剧情,ワールプールフールガールズ,第5话-とびぐるま
283活动剧情/ワールプールフールガールズ/第5话-とびぐるま.csv,35,4001059060200,雛菜,啊哈～……,283活动剧情,ワールプールフールガールズ,第5话-とびぐるま
283活动剧情/ワールプールフールガールズ/第5话-とびぐるま.csv,39,4001059060220,雛菜,"这样啊～
嗯～……",283活动剧情,ワールプールフールガールズ,第5话-とびぐるま
283活动剧情/ワールプールフールガールズ/第5话-とびぐるま.csv,40,4001059060230,雛菜,那就是说，不能解散～？,283活动剧情,ワールプールフールガールズ,第5话-とびぐるま
283活动剧情/ワールプールフールガールズ/第5话-とびぐるま.csv,54,4001059060270,雛菜,"透前辈她
去其他前辈那还东西了～",283活动剧情,ワールプールフールガールズ,第5话-とびぐるま
283活动剧情/ワールプールフールガールズ/第5话-とびぐるま.csv,55,4001059060280,雛菜,"那个叫龙王的人，
搬去哪里了呢～？",283活动剧情,ワールプールフールガールズ,第5话-とびぐるま
283活动剧情/ワールプールフールガールズ/第5话-とびぐるま.csv,62,4001059060310,雛菜,"诶～？
是将棋的棋子～",283活动剧情,ワールプールフールガールズ,第5话-とびぐるま
283活动剧情/ワールプールフールガールズ/第5话-とびぐるま.csv,64,4001059060320,雛菜,"嗯～
雏菜也不知道为什么她会有那个～",283活动剧情,ワールプールフールガールズ,第5话-とびぐるま
283活动剧情/ワールプールフールガールズ/第5话-とびぐるま.csv,75,4001059060380,雛菜,呀哈～！　可以吗～？,283活动剧情,ワールプールフールガールズ,第5话-とびぐるま
283活动剧情/ワールプールフールガールズ/第5话-とびぐるま.csv,77,4001059060390,雛菜,透前辈妈妈是一定要吃的啊～,283活动剧情,ワールプールフールガールズ,第5话-とびぐるま
283活动剧情/ワールプールフールガールズ/第5话-とびぐるま.csv,79,4001059060400,雛菜,嗯～！,283活动剧情,ワールプールフールガールズ,第5话-とびぐるま
283活动剧情/ワールプールフールガールズ/第5话-とびぐるま.csv,85,4001059060430,雛菜,"嗳，
noctchill要是没有了的话会感到寂寞吗～？",283活动剧情,ワールプールフールガールズ,第5话-とびぐるま
283活动剧情/ワールプールフールガールズ/第5话-とびぐるま.csv,87,4001059060440,雛菜,"不知道～
总有一天会的吧～？",283活动剧情,ワールプールフールガールズ,第5话-とびぐるま
283活动剧情/ワールプールフールガールズ/第5话-とびぐるま.csv,89,4001059060450,雛菜,"嗯～
占卜的好像也这么说了～",283活动剧情,ワールプールフールガールズ,第5话-とびぐるま
283活动剧情/ワールプールフールガールズ/第5话-とびぐるま.csv,101,4001059060480,雛菜,"啊哈～
是这样吧～？",283活动剧情,ワールプールフールガールズ,第5话-とびぐるま
283活动剧情/ワールプールフールガールズ/第5话-とびぐるま.csv,104,4001059060490,雛菜,这样啊～,283活动剧情,ワールプールフールガールズ,第5话-とびぐるま
283活动剧情/ワールプールフールガールズ/第5话-とびぐるま.csv,108,4001059060520,雛菜,这样啊～？,283活动剧情,ワールプールフールガールズ,第5话-とびぐるま
283活动剧情/ワールプールフールガールズ/第6话-返る.csv,3,4001059070020,雛菜,“幸福满盛・鲑鱼子盖浇饭便当”～,283活动剧情,ワールプールフールガールズ,第6话-返る
283活动剧情/ワールプールフールガールズ/第6话-返る.csv,5,4001059070040,雛菜,制作人是要这个吗～？,283活动剧情,ワールプールフールガールズ,第6话-返る
283活动剧情/ワールプールフールガールズ/第6话-返る.csv,10,4001059070090,雛菜,雏菜也买点土特产好了～,283活动剧情,ワールプールフールガールズ,第6话-返る
283活动剧情/ワールプールフールガールズ/第6话-返る.csv,61,4001059070410,雛菜,,283活动剧情,ワールプールフールガールズ,第6话-返る
283活动剧情/ワールプールフールガールズ/第6话-返る.csv,68,4001059070480,雛菜,嗯～,283活动剧情,ワールプールフールガールズ,第6话-返る
283活动剧情/ワールプールフールガールズ/第6话-返る.csv,70,4001059070490,雛菜,雏菜的双肩包被踢飞之后发生什么了～？,283活动剧情,ワールプールフールガールズ,第6话-返る
283活动剧情/ワールプールフールガールズ/第6话-返る.csv,75,4001059070540,雛菜,"啊哈～
帮雏菜复仇了啊～",283活动剧情,ワールプールフールガールズ,第6话-返る
283活动剧情/ワールプールフールガールズ/终章-各自決行されたし.csv,5,4001059080010,雛菜,"啊哈～
来了好多人呢～",283活动剧情,ワールプールフールガールズ,终章-各自決行されたし
283活动剧情/ワールプールフールガールズ/终章-各自決行されたし.csv,19,4001059080120,雛菜,啊哈～,283活动剧情,ワールプールフールガールズ,终章-各自決行されたし
283活动剧情/ワールプールフールガールズ/终章-各自決行されたし.csv,27,4001059080150,雛菜,,283活动剧情,ワールプールフールガールズ,终章-各自決行されたし
283活动剧情/ワールプールフールガールズ/终章-各自決行されたし.csv,30,4001059080180,雛菜,感觉会冒出海星人来～,283活动剧情,ワールプールフールガールズ,终章-各自決行されたし
283活动剧情/ワールプールフールガールズ/终章-各自決行されたし.csv,37,4001059080230,雛菜,嗳，棋子不是那时候丢掉了吗～？,283活动剧情,ワールプールフールガールズ,终章-各自決行されたし
283活动剧情/ワールプールフールガールズ/终章-各自決行されたし.csv,38,4001059080240,雛菜,为什么会带着～？,283活动剧情,ワールプールフールガールズ,终章-各自決行されたし
283活动剧情/ワールプールフールガールズ/终章-各自決行されたし.csv,42,4001059080280,雛菜,这样啊～,283活动剧情,ワールプールフールガールズ,终章-各自決行されたし
283活动剧情/ワールプールフールガールズ/终章-各自決行されたし.csv,54,4001059080360,雛菜,,283活动剧情,ワールプールフールガールズ,终章-各自決行されたし
283活动剧情/ワールプールフールガールズ/终章-各自決行されたし.csv,75,4001059080490,雛菜,透前辈，还没说完哟～？,283活动剧情,ワールプールフールガールズ,终章-各自決行されたし
283活动剧情/ワールプールフールガールズ/终章-各自決行されたし.csv,109,4001059080730,雛菜,"“也不知道什么时候
在哪会发生什么事情～”",283活动剧情,ワールプールフールガールズ,终章-各自決行されたし
283活动剧情/ワールプールフールガールズ/终章-各自決行されたし.csv,110,4001059080740,雛菜,“吾等想要，保持自由～”,283活动剧情,ワールプールフールガールズ,终章-各自決行されたし
283活动剧情/ワールプールフールガールズ/终章-各自決行されたし.csv,112,4001059080760,雛菜,雏菜要说这个～！,283活动剧情,ワールプールフールガールズ,终章-各自決行されたし
283活动剧情/ワールプールフールガールズ/终章-各自決行されたし.csv,115,4001059080770,雛菜,"那就是说
只要任自己喜欢翻转，就可以了对吧～？",283活动剧情,ワールプールフールガールズ,终章-各自決行されたし
283活动剧情/ワールプールフールガールズ/终章-各自決行されたし.csv,142,4001059080920,雛菜,每次都解散一遍～,283活动剧情,ワールプールフールガールズ,终章-各自決行されたし
283活动剧情/ワールプールフールガールズ/终章-各自決行されたし.csv,146,4001059080950,雛菜,"雏菜我们
边想着明天的事边走回来了～",283活动剧情,ワールプールフールガールズ,终章-各自決行されたし
283活动剧情/ワールプールフールガールズ/终章-各自決行されたし.csv,158,4001059081010,雛菜,那就，唱歌咯～！,283活动剧情,ワールプールフールガールズ,终章-各自決行されたし
283活动剧情/ワールプールフールガールズ/终章-各自決行されたし.csv,166,4001059081120,雛菜,那，小糸念这句台词～,283活动剧情,ワールプールフールガールズ,终章-各自決行されたし
283活动剧情/ワールプールフールガールズ/终章-各自決行されたし.csv,172,4001059081170,雛菜,"……那……歌也唱完了……
可以拍了吗～？",283活动剧情,ワールプールフールガールズ,终章-各自決行されたし
283活动剧情/ワールプールフールガールズ/终章-各自決行されたし.csv,176,4001059081210,雛菜,大家都到镜头里来～！,283活动剧情,ワールプールフールガールズ,终章-各自決行されたし
283活动剧情/ワールプールフールガールズ/终章-各自決行されたし.csv,178,4001059081220,雛菜,要拍咯～？,283活动剧情,ワールプールフールガールズ,终章-各自決行されたし
283活动剧情/ワールプールフールガールズ/终章-各自決行されたし.csv,179,4001059081230,雛菜,"————啊～
快门的口号，就用那个吧～",283活动剧情,ワールプールフールガールズ,终章-各自決行されたし
283活动剧情/ワールプールフールガールズ/终章-各自決行されたし.csv,183,4001059081270,雛菜,那，大家一起噢～！,283活动剧情,ワールプールフールガールズ,终章-各自決行されたし
283活动剧情/ワールプールフールガールズ/终章-各自決行されたし.csv,188,4001059081280,雛菜,嗳，世界,283活动剧情,ワールプールフールガールズ,终章-各自決行されたし
283活动剧情/ワールプールフールガールズ/终章-各自決行されたし.csv,189,4001059081290,雛菜,雏菜，知道的哟,283活动剧情,ワールプールフールガールズ,终章-各自決行されたし
283活动剧情/ワールプールフールガールズ/终章-各自決行されたし.csv,190,4001059081300,雛菜,下次再集结起来,283活动剧情,ワールプールフールガールズ,终章-各自決行されたし
283活动剧情/ワールプールフールガールズ/终章-各自決行されたし.csv,191,4001059081310,雛菜,"就又会是
欢乐结局了吧",283活动剧情,ワールプールフールガールズ,终章-各自決行されたし
283活动剧情/天塵/序章-ハウ・スーン・イズ・ナ→ウ.csv,6,4001026010050,雛菜,"雏菜也想去～！
这就去拜托爸爸！",283活动剧情,天塵,序章-ハウ・スーン・イズ・ナ→ウ
283活动剧情/天塵/序章-ハウ・スーン・イズ・ナ→ウ.csv,8,4001026010070,雛菜,"嗯～，开爸爸的大车的话
应该没问题吧～？",283活动剧情,天塵,序章-ハウ・スーン・イズ・ナ→ウ
283活动剧情/天塵/序章-ハウ・スーン・イズ・ナ→ウ.csv,10,4001026010090,雛菜,诶～……,283活动剧情,天塵,序章-ハウ・スーン・イズ・ナ→ウ
283活动剧情/天塵/序章-ハウ・スーン・イズ・ナ→ウ.csv,17,4001026010160,雛菜,"哇，真的吗～？
乘爸爸的车去吗～？",283活动剧情,天塵,序章-ハウ・スーン・イズ・ナ→ウ
283活动剧情/天塵/序章-ハウ・スーン・イズ・ナ→ウ.csv,22,4001026010210,雛菜,"啊哈～
大家的车～？",283活动剧情,天塵,序章-ハウ・スーン・イズ・ナ→ウ
283活动剧情/天塵/序章-ハウ・スーン・イズ・ナ→ウ.csv,57,4001026010470,雛菜,"雏菜，
想去能玩得很快乐的地方～！",283活动剧情,天塵,序章-ハウ・スーン・イズ・ナ→ウ
283活动剧情/天塵/第1话-屋上.csv,20,4001026020180,雛菜,——啊，在这～～～！,283活动剧情,天塵,第1话-屋上
283活动剧情/天塵/第1话-屋上.csv,21,4001026020190,雛菜,"小糸，
制作人叫你过去～！",283活动剧情,天塵,第1话-屋上
283活动剧情/天塵/第1话-屋上.csv,25,4001026020230,雛菜,"嗯～，难道在练习跳舞吗～？
雏菜也想和透学姐一起练～～～",283活动剧情,天塵,第1话-屋上
283活动剧情/天塵/第1话-屋上.csv,44,4001026020420,雛菜,"对了，透学姐
直播很厉害吗～？",283活动剧情,天塵,第1话-屋上
283活动剧情/天塵/第1话-屋上.csv,47,4001026020450,雛菜,嗯～,283活动剧情,天塵,第1话-屋上
283活动剧情/天塵/第1话-屋上.csv,48,4001026020460,雛菜,"这样的话，下一份工作
是不是会更厉害～？",283活动剧情,天塵,第1话-屋上
283活动剧情/天塵/第1话-屋上.csv,50,4001026020480,雛菜,"会是什么呢～……
时装秀～？",283活动剧情,天塵,第1话-屋上
283活动剧情/天塵/第1话-屋上.csv,52,4001026020500,雛菜,"啊哈～！
巴黎很厉害呢～",283活动剧情,天塵,第1话-屋上
283活动剧情/天塵/第1话-屋上.csv,54,4001026020520,雛菜,"嗯～
这里到巴黎要花多久时间呢～？",283活动剧情,天塵,第1话-屋上
283活动剧情/天塵/第1话-屋上.csv,55,4001026020530,雛菜,"不过，好像很有趣
有点想去呢～",283活动剧情,天塵,第1话-屋上
283活动剧情/天塵/第1话-屋上.csv,58,4001026020560,雛菜,"啊哈！
透学姐，好快乐哦～",283活动剧情,天塵,第1话-屋上
283活动剧情/天塵/第1话-屋上.csv,96,4001026020790,雛菜,"嘿～小糸
她可没说是谁哦～？",283活动剧情,天塵,第1话-屋上
283活动剧情/天塵/第1话-屋上.csv,99,4001026020810,雛菜,"啊哈～
原来是雏菜～～～！",283活动剧情,天塵,第1话-屋上
283活动剧情/天塵/第1话-屋上.csv,101,4001026020821,透＆小糸＆雛菜,多谢指点,283活动剧情,天塵,第1话-屋上
283活动剧情/天塵/第1话-屋上.csv,103,4001026020840,雛菜,透学姐，完全没在喘～！,283活动剧情,天塵,第1话-屋上
283活动剧情/天塵/第1话-屋上.csv,108,4001026020871,透＆小糸＆雛菜,啊哈哈……,283活动剧情,天塵,第1话-屋上
283活动剧情/天塵/第1话-屋上.csv,113,4001026020900,雛菜,"呀哈～！
巧克力冰淇淋～？ 布丁～？",283活动剧情,天塵,第1话-屋上
283活动剧情/天塵/第1话-屋上.csv,116,4001026020920,雛菜,嗯～～～,283活动剧情,天塵,第1话-屋上
283活动剧情/天塵/第2话-視界１.csv,3,4001026030010,雛菜,……啊哈～,283活动剧情,天塵,第2话-視界１
283活动剧情/天塵/第2话-視界１.csv,6,4001026030020,雛菜,,283活动剧情,天塵,第2话-視界１
283活动剧情/天塵/第2话-視界１.csv,8,4001026030030,雛菜,"哦～……
安全～",283活动剧情,天塵,第2话-視界１
283活动剧情/天塵/第2话-視界１.csv,10,4001026030040,雛菜,————诶～？,283活动剧情,天塵,第2话-視界１
283活动剧情/天塵/第2话-視界１.csv,12,4001026030050,雛菜,"……所谓的“重要”，
是指考试会出吗～？",283活动剧情,天塵,第2话-視界１
283活动剧情/天塵/第2话-視界１.csv,14,4001026030060,雛菜,好～,283活动剧情,天塵,第2话-視界１
283活动剧情/天塵/第2话-視界１.csv,16,4001026030070,雛菜,"啊哈～
不是失分，是逆转～……",283活动剧情,天塵,第2话-視界１
283活动剧情/天塵/第2话-視界１.csv,18,4001026030090,雛菜,"在这～！ 小糸！
课本谢谢你～～～",283活动剧情,天塵,第2话-視界１
283活动剧情/天塵/第2话-視界１.csv,21,4001026030120,雛菜,"诶～……
是因为小糸低头想事情吧～？",283活动剧情,天塵,第2话-視界１
283活动剧情/天塵/第2话-視界１.csv,22,4001026030130,雛菜,……复习舞蹈～？,283活动剧情,天塵,第2话-視界１
283活动剧情/天塵/第2话-視界１.csv,24,4001026030150,雛菜,小糸，快乐吗？,283活动剧情,天塵,第2话-視界１
283活动剧情/天塵/第2话-視界１.csv,28,4001026030190,雛菜,——捏～,283活动剧情,天塵,第2话-視界１
283活动剧情/天塵/第2话-視界１.csv,30,4001026030210,雛菜,啊哈～,283活动剧情,天塵,第2话-視界１
283活动剧情/天塵/第2话-視界１.csv,31,4001026030220,雛菜,"雏菜要走了！
再见～～～",283活动剧情,天塵,第2话-視界１
283活动剧情/天塵/第2话-視界１.csv,40,4001026030310,雛菜,——咦，小糸？,283活动剧情,天塵,第2话-視界１
283活动剧情/天塵/第2话-視界１.csv,41,4001026030320,雛菜,"喂～
小————……！",283活动剧情,天塵,第2话-視界１
283活动剧情/天塵/第2话-視界１.csv,42,4001026030330,雛菜,……好危险～……,283活动剧情,天塵,第2话-視界１
283活动剧情/天塵/第2话-視界１.csv,43,4001026030340,雛菜,"——奇怪，小糸
怎么不见了",283活动剧情,天塵,第2话-視界１
283活动剧情/天塵/第2话-視界１.csv,44,4001026030350,雛菜,……嗯～……,283活动剧情,天塵,第2话-視界１
283活动剧情/天塵/第2话-視界１.csv,50,4001026030410,雛菜,真的吗小透～?,283活动剧情,天塵,第2话-視界１
283活动剧情/天塵/第2话-視界１.csv,73,4001026030600,雛菜,"啊哈～
雏菜也很帅吧～，透学姐！",283活动剧情,天塵,第2话-視界１
283活动剧情/天塵/第2话-視界１.csv,79,4001026030660,雛菜,呀哈～～～♡,283活动剧情,天塵,第2话-視界１
283活动剧情/天塵/第2话-視界１.csv,80,4001026030670,雛菜,那就，咻——一下再换个衣服就回去吧～！,283活动剧情,天塵,第2话-視界１
283活动剧情/天塵/第2话-視界１.csv,83,4001026030700,雛菜,啊～，雏菜也忘了～,283活动剧情,天塵,第2话-視界１
283活动剧情/天塵/第2话-視界１.csv,84,4001026030710,雛菜,"——这是谁的～？
要用了哦～？",283活动剧情,天塵,第2话-視界１
283活动剧情/天塵/第2话-視界１.csv,89,4001026030760,雛菜,圆香学姐也要来吗～？,283活动剧情,天塵,第2话-視界１
283活动剧情/天塵/第2话-視界１.csv,93,4001026030800,雛菜,"也往小糸背上
咻～～～！",283活动剧情,天塵,第2话-視界１
283活动剧情/天塵/第2话-視界１.csv,97,4001026030840,雛菜,"啊哈～
传球～～～！",283活动剧情,天塵,第2话-視界１
283活动剧情/天塵/第2话-視界１.csv,106,4001026030930,雛菜,嗯～～～？,283活动剧情,天塵,第2话-視界１
283活动剧情/天塵/第2话-視界１.csv,109,4001026030960,雛菜,"好～！
走吧～～～！",283活动剧情,天塵,第2话-視界１
283活动剧情/天塵/第3话-アンプラグド.csv,2,4001026040010,雛菜,"上面写着“Noctchill的各位”呢～
这个可以拍下来吧～？",283活动剧情,天塵,第3话-アンプラグド
283活动剧情/天塵/第3话-アンプラグド.csv,4,4001026040030,雛菜,"呀哈～♡
透学姐，一起来拍吧～？",283活动剧情,天塵,第3话-アンプラグド
283活动剧情/天塵/第3话-アンプラグド.csv,11,4001026040100,雛菜,"诶～
那圆香学姐不来吗～？",283活动剧情,天塵,第3话-アンプラグド
283活动剧情/天塵/第3话-アンプラグド.csv,12,4001026040110,雛菜,"好～
要拍了～3，2，1——……",283活动剧情,天塵,第3话-アンプラグド
283活动剧情/天塵/第3话-アンプラグド.csv,19,4001026040150,雛菜,"啊哈～……
雏菜，还是进去吃点心吧～",283活动剧情,天塵,第3话-アンプラグド
283活动剧情/天塵/第3话-アンプラグド.csv,31,4001026040230,雛菜,"啊哈～
开会给的点心好像很好吃～",283活动剧情,天塵,第3话-アンプラグド
283活动剧情/天塵/第3话-アンプラグド.csv,44,4001026040300,雛菜,"啊哈～
有点饿了～",283活动剧情,天塵,第3话-アンプラグド
283活动剧情/天塵/第3话-アンプラグド.csv,45,4001026040310,雛菜,点心看起来真好吃～……,283活动剧情,天塵,第3话-アンプラグド
283活动剧情/天塵/第3话-アンプラグド.csv,57,4001026040410,雛菜,"嗯～？
明明都还没进副歌……",283活动剧情,天塵,第3话-アンプラグド
283活动剧情/天塵/第3话-アンプラグド.csv,76,4001026040461,透＆円香＆雛菜,,283活动剧情,天塵,第3话-アンプラグド
283活动剧情/天塵/第3话-アンプラグド.csv,96,4001026040610,雛菜,"啊哈～
好像很辛苦呢～……",283活动剧情,天塵,第3话-アンプラグド
283活动剧情/天塵/第3话-アンプラグド.csv,121,4001026040760,雛菜,"啊哈～
雏菜可能都没上镜！",283活动剧情,天塵,第3话-アンプラグド
283活动剧情/天塵/第3话-アンプラグド.csv,130,4001026040830,雛菜,"啊～！
那很简单啊～！",283活动剧情,天塵,第3话-アンプラグド
283活动剧情/天塵/第3话-アンプラグド.csv,137,4001026040920,雛菜,"好像，
会发生什么很厉害的事呢",283活动剧情,天塵,第3话-アンプラグド
283活动剧情/天塵/第3话-アンプラグド.csv,138,4001026040930,雛菜,小糸也这么想吗？,283活动剧情,天塵,第3话-アンプラグド
283活动剧情/天塵/第3话-アンプラグド.csv,140,4001026040940,雛菜,前奏鸣响起来,283活动剧情,天塵,第3话-アンプラグド
283活动剧情/天塵/第3话-アンプラグド.csv,141,4001026040950,雛菜,乐曲飘扬出来,283活动剧情,天塵,第3话-アンプラグド
283活动剧情/天塵/第3话-アンプラグド.csv,142,4001026040960,雛菜,镜头，移向了透学姐————,283活动剧情,天塵,第3话-アンプラグド
283活动剧情/天塵/第3话-アンプラグド.csv,143,4001026040970,雛菜,"然后……
啊哈～～～♡",283活动剧情,天塵,第3话-アンプラグド
283活动剧情/天塵/第3话-アンプラグド.csv,144,4001026040980,雛菜,透学姐，竟然————,283活动剧情,天塵,第3话-アンプラグド
283活动剧情/天塵/第3话-アンプラグド.csv,145,4001026040990,雛菜,没有唱～～～！,283活动剧情,天塵,第3话-アンプラグド
283活动剧情/天塵/第3话-アンプラグド.csv,148,4001026041000,雛菜,然后——,283活动剧情,天塵,第3话-アンプラグド
283活动剧情/天塵/第3话-アンプラグド.csv,150,4001026041020,雛菜,唱起了童谣～～～！,283活动剧情,天塵,第3话-アンプラグド
283活动剧情/天塵/第3话-アンプラグド.csv,151,4001026041030,雛菜,呀哈～～～！,283活动剧情,天塵,第3话-アンプラグド
283活动剧情/天塵/第3话-アンプラグド.csv,153,4001026041040,雛菜,圆香学姐完全不肯笑，结果————,283活动剧情,天塵,第3话-アンプラグド
283活动剧情/天塵/第3话-アンプラグド.csv,157,4001026041080,雛菜,小糸，超努力的！,283活动剧情,天塵,第3话-アンプラグド
283活动剧情/天塵/第3话-アンプラグド.csv,159,4001026041100,雛菜,"因为，
要的就是像平常一样的雏菜们不是吗？",283活动剧情,天塵,第3话-アンプラグド
283活动剧情/天塵/第3话-アンプラグド.csv,160,4001026041110,雛菜,————雏菜，好喜欢透学姐啊～……,283活动剧情,天塵,第3话-アンプラグド
283活动剧情/天塵/第4话-視界２.csv,31,4001026050251,小糸＆雛菜,多谢指导,283活动剧情,天塵,第4话-視界２
283活动剧情/天塵/第4话-視界２.csv,32,4001026050260,雛菜,透学姐，今天是别的安排啊～……,283活动剧情,天塵,第4话-視界２
283活动剧情/天塵/第4话-視界２.csv,34,4001026050280,雛菜,"好像，
回到之前那样了～",283活动剧情,天塵,第4话-視界２
283活动剧情/天塵/第4话-視界２.csv,36,4001026050300,雛菜,变回了没有目的的练习了！,283活动剧情,天塵,第4话-視界２
283活动剧情/天塵/第4话-視界２.csv,38,4001026050320,雛菜,"啊哈～
也不用上场～",283活动剧情,天塵,第4话-視界２
283活动剧情/天塵/第4话-視界２.csv,40,4001026050340,雛菜,嘿～……,283活动剧情,天塵,第4话-視界２
283活动剧情/天塵/第4话-視界２.csv,42,4001026050360,雛菜,,283活动剧情,天塵,第4话-視界２
283活动剧情/天塵/第4话-視界２.csv,43,4001026050370,雛菜,"嗯～
也对～！",283活动剧情,天塵,第4话-視界２
283活动剧情/天塵/第5话-視界３.csv,2,4001026060010,雛菜,"——奇怪～
不回去吗～？",283活动剧情,天塵,第5话-視界３
283活动剧情/天塵/第5话-視界３.csv,4,4001026060030,雛菜,啊～！ 这样啊～！,283活动剧情,天塵,第5话-視界３
283活动剧情/天塵/第5话-視界３.csv,5,4001026060040,雛菜,"那雏菜先回去了～
加油～～～！",283活动剧情,天塵,第5话-視界３
283活动剧情/天塵/第5话-視界３.csv,8,4001026060070,雛菜,诶？ 嗯～！,283活动剧情,天塵,第5话-視界３
283活动剧情/天塵/第5话-視界３.csv,10,4001026060090,雛菜,"嗯～
也对～！",283活动剧情,天塵,第5话-視界３
283活动剧情/天塵/第5话-視界３.csv,12,4001026060110,雛菜,拜拜～！,283活动剧情,天塵,第5话-視界３
283活动剧情/天塵/第5话-視界３.csv,19,4001026060180,雛菜,"啊哈～
透学姐，欢迎回来～～～",283活动剧情,天塵,第5话-視界３
283活动剧情/天塵/第5话-視界３.csv,21,4001026060200,雛菜,"对～！
想让你吓一跳，就把鞋子也藏起来了～",283活动剧情,天塵,第5话-視界３
283活动剧情/天塵/第5话-視界３.csv,23,4001026060220,雛菜,完全没有吓一跳嘛～,283活动剧情,天塵,第5话-視界３
283活动剧情/天塵/第5话-視界３.csv,24,4001026060221,透＆雛菜,——啊哈哈,283活动剧情,天塵,第5话-視界３
283活动剧情/天塵/第5话-視界３.csv,26,4001026060240,雛菜,"嗯～
所以才来了透学姐家～",283活动剧情,天塵,第5话-視界３
283活动剧情/天塵/第5话-視界３.csv,28,4001026060260,雛菜,"对啊～
挺好的～！",283活动剧情,天塵,第5话-視界３
283活动剧情/天塵/第5话-視界３.csv,29,4001026060270,雛菜,"对了，
可以给透学姐涂指甲油吗～？",283活动剧情,天塵,第5话-視界３
283活动剧情/天塵/第5话-視界３.csv,30,4001026060280,雛菜,差不多要掉了吧？,283活动剧情,天塵,第5话-視界３
283活动剧情/天塵/第5话-視界３.csv,33,4001026060310,雛菜,"呀哈～
来试试之前买的那瓶吧～♡",283活动剧情,天塵,第5话-視界３
283活动剧情/天塵/第5话-視界３.csv,41,4001026060320,雛菜,"啊～
不要动啦～",283活动剧情,天塵,第5话-視界３
283活动剧情/天塵/第5话-視界３.csv,43,4001026060340,雛菜,没关系～,283活动剧情,天塵,第5话-視界３
283活动剧情/天塵/第5话-視界３.csv,45,4001026060360,雛菜,就这样～……,283活动剧情,天塵,第5话-視界３
283活动剧情/天塵/第5话-視界３.csv,46,4001026060370,雛菜,,283活动剧情,天塵,第5话-視界３
283活动剧情/天塵/第5话-視界３.csv,48,4001026060390,雛菜,……透学姐,283活动剧情,天塵,第5话-視界３
283活动剧情/天塵/第5话-視界３.csv,50,4001026060410,雛菜,为什么决定来当偶像呢？,283活动剧情,天塵,第5话-視界３
283活动剧情/天塵/第5话-視界３.csv,53,4001026060440,雛菜,"啊～
都说不可以动了啦～",283活动剧情,天塵,第5话-視界３
283活动剧情/天塵/第5话-視界３.csv,55,4001026060460,雛菜,——所以，为什么？,283活动剧情,天塵,第5话-視界３
283活动剧情/天塵/第5话-視界３.csv,58,4001026060490,雛菜,"因为被制作人
拜托了？",283活动剧情,天塵,第5话-視界３
283活动剧情/天塵/第5话-視界３.csv,65,4001026060520,雛菜,是哦～！,283活动剧情,天塵,第5话-視界３
283活动剧情/天塵/第5话-視界３.csv,66,4001026060530,雛菜,"那，
雏菜要感谢制作人呢～",283活动剧情,天塵,第5话-視界３
283活动剧情/天塵/第5话-視界３.csv,68,4001026060550,雛菜,嗯～！,283活动剧情,天塵,第5话-視界３
283活动剧情/天塵/第5话-視界３.csv,69,4001026060560,雛菜,"透学姐当了偶像，雏菜也当了偶像
很快乐吧～？",283活动剧情,天塵,第5话-視界３
283活动剧情/天塵/第5话-視界３.csv,72,4001026060590,雛菜,嗯～～～！,283活动剧情,天塵,第5话-視界３
283活动剧情/天塵/第5话-視界３.csv,79,4001026060630,雛菜,"啊～……
在网上～",283活动剧情,天塵,第5话-視界３
283活动剧情/天塵/第5话-視界３.csv,81,4001026060650,雛菜,"网上写了好多什么
不要小看啦～还有什么没在努力啦～之类的的～",283活动剧情,天塵,第5话-視界３
283活动剧情/天塵/第5话-視界３.csv,83,4001026060670,雛菜,"好像是～
不是很懂",283活动剧情,天塵,第5话-視界３
283活动剧情/天塵/第5话-視界３.csv,84,4001026060680,雛菜,好像说没有觉悟就不行,283活动剧情,天塵,第5话-視界３
283活动剧情/天塵/第5话-視界３.csv,86,4001026060700,雛菜,"不过
那是在说谁呢～？",283活动剧情,天塵,第5话-視界３
283活动剧情/天塵/第5话-視界３.csv,92,4001026060730,雛菜,"嗯～
是吗～？",283活动剧情,天塵,第5话-視界３
283活动剧情/天塵/第5话-視界３.csv,95,4001026060740,雛菜,"好厉害～
为什么他们知道没努力呢",283活动剧情,天塵,第5话-視界３
283活动剧情/天塵/第5话-視界３.csv,96,4001026060750,雛菜,"雏菜
只明白雏菜自己的事情～",283活动剧情,天塵,第5话-視界３
283活动剧情/天塵/第5话-視界３.csv,101,4001026060770,雛菜,"嘿～
有吗～？",283活动剧情,天塵,第5话-視界３
283活动剧情/天塵/第5话-視界３.csv,102,4001026060780,雛菜,雏菜不知道哦～？,283活动剧情,天塵,第5话-視界３
283活动剧情/天塵/第5话-視界３.csv,104,4001026060800,雛菜,大家？,283活动剧情,天塵,第5话-視界３
283活动剧情/天塵/第5话-視界３.csv,115,4001026060841,透＆雛菜,————啊哈哈哈,283活动剧情,天塵,第5话-視界３
283活动剧情/天塵/第5话-視界３.csv,117,4001026060860,雛菜,那，雏菜明天也来这里～,283活动剧情,天塵,第5话-視界３
283活动剧情/天塵/第5话-視界３.csv,119,4001026060880,雛菜,"嗯～
不是在定好的时间去练习吗～？",283活动剧情,天塵,第5话-視界３
283活动剧情/天塵/第5话-視界３.csv,122,4001026060910,雛菜,"啊哈～
咚～～～！",283活动剧情,天塵,第5话-視界３
283活动剧情/天塵/第5话-視界３.csv,123,4001026060911,透＆雛菜,,283活动剧情,天塵,第5话-視界３
283活动剧情/天塵/第5话-視界３.csv,127,4001026060950,雛菜,透学姐快乐吗～？,283活动剧情,天塵,第5话-視界３
283活动剧情/天塵/第5话-視界３.csv,129,4001026060970,雛菜,当偶像,283活动剧情,天塵,第5话-視界３
283活动剧情/天塵/第5话-視界３.csv,132,4001026061000,雛菜,"是吗～
雏菜也很快乐！",283活动剧情,天塵,第5话-視界３
283活动剧情/天塵/第5话-視界３.csv,134,4001026061020,雛菜,是一对呢～～～？,283活动剧情,天塵,第5话-視界３
283活动剧情/天塵/第6话-海.csv,2,4001026070010,雛菜,,283活动剧情,天塵,第6话-海
283活动剧情/天塵/第6话-海.csv,4,4001026070030,雛菜,诶～？,283活动剧情,天塵,第6话-海
283活动剧情/天塵/第6话-海.csv,6,4001026070050,雛菜,要回去哦～？,283活动剧情,天塵,第6话-海
283活动剧情/天塵/第6话-海.csv,9,4001026070080,雛菜,"嗯～
反正没工作！",283活动剧情,天塵,第6话-海
283活动剧情/天塵/第6话-海.csv,11,4001026070100,雛菜,圆香学姐要自主练习～？,283活动剧情,天塵,第6话-海
283活动剧情/天塵/第6话-海.csv,13,4001026070120,雛菜,"嗯～
是吗～！",283活动剧情,天塵,第6话-海
283活动剧情/天塵/第6话-海.csv,14,4001026070130,雛菜,对了，快乐吗～？,283活动剧情,天塵,第6话-海
283活动剧情/天塵/第6话-海.csv,18,4001026070170,雛菜,"没啦
要回家哦～？",283活动剧情,天塵,第6话-海
283活动剧情/天塵/第6话-海.csv,22,4001026070210,雛菜,"呀哈～
谢谢你～！",283活动剧情,天塵,第6话-海
283活动剧情/天塵/第6话-海.csv,29,4001026070270,雛菜,"嗯～？
怎么啦～？",283活动剧情,天塵,第6话-海
283活动剧情/天塵/第6话-海.csv,39,4001026070300,雛菜,"诶～！
好厉害～！",283活动剧情,天塵,第6话-海
283活动剧情/天塵/第6话-海.csv,46,4001026070340,雛菜,"啊哈～！
有那种的啊～～～！",283活动剧情,天塵,第6话-海
283活动剧情/天塵/第6话-海.csv,67,4001026070400,雛菜,"好～！
雏菜想去～～～！",283活动剧情,天塵,第6话-海
283活动剧情/天塵/第6话-海.csv,71,4001026070440,雛菜,"圆香学姐，
不想去吗～？",283活动剧情,天塵,第6话-海
283活动剧情/天塵/第6话-海.csv,72,4001026070450,雛菜,"啊哈～
那就算雏菜3个人去出场吧～",283活动剧情,天塵,第6话-海
283活动剧情/天塵/第6话-海.csv,97,4001026070690,雛菜,"嗯～！
就是这样呢～",283活动剧情,天塵,第6话-海
283活动剧情/天塵/第6话-海.csv,98,4001026070700,雛菜,所以雏菜也要不停地前进哦～？,283活动剧情,天塵,第6话-海
283活动剧情/天塵/第6话-海.csv,113,4001026070850,雛菜,,283活动剧情,天塵,第6话-海
283活动剧情/天塵/第6话-海.csv,119,4001026070910,雛菜,啊哈～！,283活动剧情,天塵,第6话-海
283活动剧情/天塵/第6话-海.csv,123,4001026070950,雛菜,透学姐不知道吗～,283活动剧情,天塵,第6话-海
283活动剧情/天塵/第6话-海.csv,129,4001026071001,小糸＆雛菜,,283活动剧情,天塵,第6话-海
283活动剧情/天塵/第6话-海.csv,131,4001026071020,雛菜,"诶～～～！
哇，是真的～～～！",283活动剧情,天塵,第6话-海
283活动剧情/天塵/第6话-海.csv,139,4001026071100,雛菜,嘿～？,283活动剧情,天塵,第6话-海
283活动剧情/天塵/第6话-海.csv,142,4001026071130,雛菜,"是吗～
那就去吧～！",283活动剧情,天塵,第6话-海
283活动剧情/天塵/终章-ハング・ザ・ノクチル！.csv,3,4001026080020,雛菜,"啊哈～，舞台是那个吗～？
红白歌会的帘幕～！",283活动剧情,天塵,终章-ハング・ザ・ノクチル！
283活动剧情/天塵/终章-ハング・ザ・ノクチル！.csv,17,4001026080150,雛菜,"哇～～～！
完全没人看这边～！",283活动剧情,天塵,终章-ハング・ザ・ノクチル！
283活动剧情/天塵/终章-ハング・ザ・ノクチル！.csv,24,4001026080211,円香＆小糸＆雛菜,,283活动剧情,天塵,终章-ハング・ザ・ノクチル！
283活动剧情/天塵/终章-ハング・ザ・ノクチル！.csv,41,4001026080380,雛菜,"呀哈～！
好好玩～～～！",283活动剧情,天塵,终章-ハング・ザ・ノクチル！
283活动剧情/天塵/终章-ハング・ザ・ノクチル！.csv,42,4001026080390,雛菜,"果然还是觉得
会发生什么很厉害的事呢",283活动剧情,天塵,终章-ハング・ザ・ノクチル！
283活动剧情/天塵/终章-ハング・ザ・ノクチル！.csv,43,4001026080400,雛菜,结果，谁也没在看,283活动剧情,天塵,终章-ハング・ザ・ノクチル！
283活动剧情/天塵/终章-ハング・ザ・ノクチル！.csv,44,4001026080410,雛菜,大家，都做了很可惜的事呢？,283活动剧情,天塵,终章-ハング・ザ・ノクチル！
283活动剧情/天塵/终章-ハング・ザ・ノクチル！.csv,45,4001026080420,雛菜,真的很厉害————,283活动剧情,天塵,终章-ハング・ザ・ノクチル！
283活动剧情/天塵/终章-ハング・ザ・ノクチル！.csv,46,4001026080430,雛菜,而且，真的很快乐！,283活动剧情,天塵,终章-ハング・ザ・ノクチル！
283活动剧情/天塵/终章-ハング・ザ・ノクチル！.csv,48,4001026080450,雛菜,"啊哈～
只有制作人在拍手～！",283活动剧情,天塵,终章-ハング・ザ・ノクチル！
283活动剧情/天塵/终章-ハング・ザ・ノクチル！.csv,52,4001026080481,小糸＆雛菜,,283活动剧情,天塵,终章-ハング・ザ・ノクチル！
283活动剧情/天塵/终章-ハング・ザ・ノクチル！.csv,55,4001026080490,雛菜,"嗯～！
雏菜也这么想～！",283活动剧情,天塵,终章-ハング・ザ・ノクチル！
283活动剧情/天塵/终章-ハング・ザ・ノクチル！.csv,65,4001026080570,雛菜,啊哈～,283活动剧情,天塵,终章-ハング・ザ・ノクチル！
283活动剧情/天塵/终章-ハング・ザ・ノクチル！.csv,66,4001026080580,雛菜,雏菜也要去～～～！,283活动剧情,天塵,终章-ハング・ザ・ノクチル！
283活动剧情/天塵/终章-ハング・ザ・ノクチル！.csv,70,4001026080591,小糸＆雛菜,呀——,283活动剧情,天塵,终章-ハング・ザ・ノクチル！
283活动剧情/天塵/终章-ハング・ザ・ノクチル！.csv,75,4001026080640,雛菜,啊哈～～～！,283活动剧情,天塵,终章-ハング・ザ・ノクチル！
283活动剧情/天塵/终章-ハング・ザ・ノクチル！.csv,76,4001026080650,雛菜,喂～～～！,283活动剧情,天塵,终章-ハング・ザ・ノクチル！
283活动剧情/天塵/终章-ハング・ザ・ノクチル！.csv,88,4001026080760,雛菜,"雏菜记得！
还有存钱罐呢～～～！",283活动剧情,天塵,终章-ハング・ザ・ノクチル！
283活动剧情/天塵/终章-ハング・ザ・ノクチル！.csv,90,4001026080780,雛菜,"真的哦～？
存了1万！",283活动剧情,天塵,终章-ハング・ザ・ノクチル！
283活动剧情/天塵/终章-ハング・ザ・ノクチル！.csv,91,4001026080790,雛菜,对吧，透学姐,283活动剧情,天塵,终章-ハング・ザ・ノクチル！
283活动剧情/天塵/终章-ハング・ザ・ノクチル！.csv,97,4001026080841,円香＆小糸＆雛菜,,283活动剧情,天塵,终章-ハング・ザ・ノクチル！
283活动剧情/天塵/终章-ハング・ザ・ノクチル！.csv,104,4001026080901,小糸＆雛菜,,283活动剧情,天塵,终章-ハング・ザ・ノクチル！
283活动剧情/天塵/终章-ハング・ザ・ノクチル！.csv,115,4001026080950,雛菜,咻～！ 咚～～～！,283活动剧情,天塵,终章-ハング・ザ・ノクチル！
283活动剧情/天槛/序章-やつらのゲーム.csv,11,4001049010020,雛菜,诶～？,283活动剧情,天槛,序章-やつらのゲーム
283活动剧情/天槛/序章-やつらのゲーム.csv,24,4001049010110,雛菜,雏菜也要干杯～,283活动剧情,天槛,序章-やつらのゲーム
283活动剧情/天槛/序章-やつらのゲーム.csv,25,4001049010111,透＆雛菜,干杯～！,283活动剧情,天槛,序章-やつらのゲーム
283活动剧情/天槛/序章-やつらのゲーム.csv,41,4001049010200,雛菜,雏菜也很厉害哦～？,283活动剧情,天槛,序章-やつらのゲーム
283活动剧情/天槛/序章-やつらのゲーム.csv,50,4001049010260,雛菜,"那边有鸭肉～
还有淋肉汁的烤牛肉～",283活动剧情,天槛,序章-やつらのゲーム
283活动剧情/天槛/序章-やつらのゲーム.csv,56,4001049010290,雛菜,"啊，加了蛋糕
雏菜不要鸭肉了～",283活动剧情,天槛,序章-やつらのゲーム
283活动剧情/天槛/序章-やつらのゲーム.csv,67,4001049010360,雛菜,不过雏菜肚子饿了～,283活动剧情,天槛,序章-やつらのゲーム
283活动剧情/天槛/序章-やつらのゲーム.csv,72,4001049010400,雛菜,啊哈～,283活动剧情,天槛,序章-やつらのゲーム
283活动剧情/天槛/序章-やつらのゲーム.csv,77,4001049010420,雛菜,那是在说飞镖吗？,283活动剧情,天槛,序章-やつらのゲーム
283活动剧情/天槛/序章-やつらのゲーム.csv,86,4001049010460,雛菜,啊哈～……,283活动剧情,天槛,序章-やつらのゲーム
283活动剧情/天槛/序章-やつらのゲーム.csv,90,4001049010480,雛菜,诶～，这样啊～,283活动剧情,天槛,序章-やつらのゲーム
283活动剧情/天槛/序章-やつらのゲーム.csv,96,4001049010500,雛菜,"啊哈～
透前辈落水啦～！",283活动剧情,天槛,序章-やつらのゲーム
283活动剧情/天槛/序章-やつらのゲーム.csv,100,4001049010530,雛菜,凉快吗～？,283活动剧情,天槛,序章-やつらのゲーム
283活动剧情/天槛/序章-やつらのゲーム.csv,113,4001049010580,雛菜,,283活动剧情,天槛,序章-やつらのゲーム
283活动剧情/天槛/序章-やつらのゲーム.csv,118,4001049010630,雛菜,雏菜要跑了～,283活动剧情,天槛,序章-やつらのゲーム
283活动剧情/天槛/第1话-鎖状時間.csv,5,4001049020040,雛菜,"啊～
雏菜下节体育课～",283活动剧情,天槛,第1话-鎖状時間
283活动剧情/天槛/第1话-鎖状時間.csv,7,4001049020060,雛菜,"嗯～
是的呢～？",283活动剧情,天槛,第1话-鎖状時間
283活动剧情/天槛/第1话-鎖状時間.csv,9,4001049020080,雛菜,"透前辈，鸭肉好吃吗～？
啊，还有酱汁牛肉和果冻！",283活动剧情,天槛,第1话-鎖状時間
283活动剧情/天槛/第1话-鎖状時間.csv,14,4001049020130,雛菜,雏菜也要果冻～,283活动剧情,天槛,第1话-鎖状時間
283活动剧情/天槛/第1话-鎖状時間.csv,16,4001049020150,雛菜,拜拜～！,283活动剧情,天槛,第1话-鎖状時間
283活动剧情/天槛/第1话-鎖状時間.csv,67,4001049020380,雛菜,诶～？,283活动剧情,天槛,第1话-鎖状時間
283活动剧情/天槛/第1话-鎖状時間.csv,73,4001049020390,雛菜,"……啊～……
这样啊～",283活动剧情,天槛,第1话-鎖状時間
283活动剧情/天槛/第1话-鎖状時間.csv,83,4001049020420,雛菜,"嗯～
我是可以啦～",283活动剧情,天槛,第1话-鎖状時間
283活动剧情/天槛/第1话-鎖状時間.csv,85,4001049020430,雛菜,"想看足球的话
去看不就行了",283活动剧情,天槛,第1话-鎖状時間
283活动剧情/天槛/第1话-鎖状時間.csv,87,4001049020440,雛菜,"老师～
有人肚子痛，我带她去趟校医室～",283活动剧情,天槛,第1话-鎖状時間
283活动剧情/天槛/第2话-ずっと仲良しノクチルとか笑.csv,3,4001049030020,雛菜,"……？
诶～",283活动剧情,天槛,第2话-ずっと仲良しノクチルとか笑
283活动剧情/天槛/第2话-ずっと仲良しノクチルとか笑.csv,5,4001049030040,雛菜,"嗯～
好啊～",283活动剧情,天槛,第2话-ずっと仲良しノクチルとか笑
283活动剧情/天槛/第2话-ずっと仲良しノクチルとか笑.csv,7,4001049030060,雛菜,那雏菜先到楼顶去咯～,283活动剧情,天槛,第2话-ずっと仲良しノクチルとか笑
283活动剧情/天槛/第2话-ずっと仲良しノクチルとか笑.csv,9,4001049030080,雛菜,待会见～,283活动剧情,天槛,第2话-ずっと仲良しノクチルとか笑
283活动剧情/天槛/第2话-ずっと仲良しノクチルとか笑.csv,24,4001049030190,雛菜,嗯～……,283活动剧情,天槛,第2话-ずっと仲良しノクチルとか笑
283活动剧情/天槛/第2话-ずっと仲良しノクチルとか笑.csv,25,4001049030200,雛菜,“午饭”,283活动剧情,天槛,第2话-ずっと仲良しノクチルとか笑
283活动剧情/天槛/第2话-ずっと仲良しノクチルとか笑.csv,26,4001049030210,雛菜,“在楼顶上吃♡”,283活动剧情,天槛,第2话-ずっと仲良しノクチルとか笑
283活动剧情/天槛/第2话-ずっと仲良しノクチルとか笑.csv,59,4001049030350,雛菜,,283活动剧情,天槛,第2话-ずっと仲良しノクチルとか笑
283活动剧情/天槛/第2话-ずっと仲良しノクチルとか笑.csv,66,4001049030370,雛菜,待会发上去吧～,283活动剧情,天槛,第2话-ずっと仲良しノクチルとか笑
283活动剧情/天槛/第2话-ずっと仲良しノクチルとか笑.csv,70,4001049030390,雛菜,"嗯～
已经在吃着了哟～",283活动剧情,天槛,第2话-ずっと仲良しノクチルとか笑
283活动剧情/天槛/第2话-ずっと仲良しノクチルとか笑.csv,73,4001049030420,雛菜,"啊哈～
奶油面包好吃～",283活动剧情,天槛,第2话-ずっと仲良しノクチルとか笑
283活动剧情/天槛/第2话-ずっと仲良しノクチルとか笑.csv,106,4001049030580,雛菜,————啊……,283活动剧情,天槛,第2话-ずっと仲良しノクチルとか笑
283活动剧情/天槛/第2话-ずっと仲良しノクチルとか笑.csv,107,4001049030590,雛菜,晚安～……,283活动剧情,天槛,第2话-ずっと仲良しノクチルとか笑
283活动剧情/天槛/第2话-ずっと仲良しノクチルとか笑.csv,127,4001049030710,雛菜,,283活动剧情,天槛,第2话-ずっと仲良しノクチルとか笑
283活动剧情/天槛/第2话-ずっと仲良しノクチルとか笑.csv,131,4001049030720,雛菜,,283活动剧情,天槛,第2话-ずっと仲良しノクチルとか笑
283活动剧情/天槛/第2话-ずっと仲良しノクチルとか笑.csv,140,4001049030750,雛菜,呼啊……,283活动剧情,天槛,第2话-ずっと仲良しノクチルとか笑
283活动剧情/天槛/第3话-いまはいつなのかっていう.csv,12,4001049040050,雛菜,好的~,283活动剧情,天槛,第3话-いまはいつなのかっていう
283活动剧情/天槛/第3话-いまはいつなのかっていう.csv,14,4001049040060,雛菜,雨要停了呢~！,283活动剧情,天槛,第3话-いまはいつなのかっていう
283活动剧情/天槛/第3话-いまはいつなのかっていう.csv,33,4001049040120,雛菜,"嗯~
待在家里吧~",283活动剧情,天槛,第3话-いまはいつなのかっていう
283活动剧情/天槛/第3话-いまはいつなのかっていう.csv,35,4001049040130,雛菜,"啊哈~
放晴的话家里也会很舒服哟~",283活动剧情,天槛,第3话-いまはいつなのかっていう
283活动剧情/天槛/第3话-いまはいつなのかっていう.csv,68,4001049040270,雛菜,啊哈~,283活动剧情,天槛,第3话-いまはいつなのかっていう
283活动剧情/天槛/第3话-いまはいつなのかっていう.csv,69,4001049040280,雛菜,是呢————,283活动剧情,天槛,第3话-いまはいつなのかっていう
283活动剧情/天槛/第3话-いまはいつなのかっていう.csv,72,4001049040290,雛菜,"啊哈~
我觉得大家去自己喜欢的地方就好了~",283活动剧情,天槛,第3话-いまはいつなのかっていう
283活动剧情/天槛/第3话-いまはいつなのかっていう.csv,77,4001049040330,雛菜,制作人也辛苦了~,283活动剧情,天槛,第3话-いまはいつなのかっていう
283活动剧情/天槛/第3话-いまはいつなのかっていう.csv,79,4001049040340,雛菜,"诶~
雏菜，倒也不是居家派哟~？",283活动剧情,天槛,第3话-いまはいつなのかっていう
283活动剧情/天槛/第3话-いまはいつなのかっていう.csv,81,4001049040350,雛菜,雏菜周末在哪都喜欢啊,283活动剧情,天槛,第3话-いまはいつなのかっていう
283活动剧情/天槛/第3话-いまはいつなのかっていう.csv,82,4001049040360,雛菜,"大家要决定什么派什么派真辛苦呢~
如果不是那种心情的时候该怎么办呢？",283活动剧情,天槛,第3话-いまはいつなのかっていう
283活动剧情/天槛/第3话-いまはいつなのかっていう.csv,114,4001049040550,雛菜,嗯～……？,283活动剧情,天槛,第3话-いまはいつなのかっていう
283活动剧情/天槛/第3话-いまはいつなのかっていう.csv,116,4001049040570,雛菜,工作人员帮我叫了出租～,283活动剧情,天槛,第3话-いまはいつなのかっていう
283活动剧情/天槛/第3话-いまはいつなのかっていう.csv,125,4001049040650,雛菜,,283活动剧情,天槛,第3话-いまはいつなのかっていう
283活动剧情/天槛/第3话-いまはいつなのかっていう.csv,127,4001049040670,雛菜,吃点点心好了～,283活动剧情,天槛,第3话-いまはいつなのかっていう
283活动剧情/天槛/第3话-いまはいつなのかっていう.csv,129,4001049040690,雛菜,要吗～？,283活动剧情,天槛,第3话-いまはいつなのかっていう
283活动剧情/天槛/第3话-いまはいつなのかっていう.csv,140,4001049040760,雛菜,……啊～……,283活动剧情,天槛,第3话-いまはいつなのかっていう
283活动剧情/天槛/第3话-いまはいつなのかっていう.csv,142,4001049040780,雛菜,暂停活动了～,283活动剧情,天槛,第3话-いまはいつなのかっていう
283活动剧情/天槛/第3话-いまはいつなのかっていう.csv,144,4001049040800,雛菜,"模特～
之前关注的～",283活动剧情,天槛,第3话-いまはいつなのかっていう
283活动剧情/天槛/第3话-いまはいつなのかっていう.csv,146,4001049040820,雛菜,留学啊～,283活动剧情,天槛,第3话-いまはいつなのかっていう
283活动剧情/天槛/第3话-いまはいつなのかっていう.csv,156,4001049040920,雛菜,诶～？,283活动剧情,天槛,第3话-いまはいつなのかっていう
283活动剧情/天槛/第3话-いまはいつなのかっていう.csv,158,4001049040940,雛菜,啊～,283活动剧情,天槛,第3话-いまはいつなのかっていう
283活动剧情/天槛/第3话-いまはいつなのかっていう.csv,159,4001049040950,雛菜,是合适的时机就好～,283活动剧情,天槛,第3话-いまはいつなのかっていう
283活动剧情/天槛/第3话-いまはいつなのかっていう.csv,160,4001049040960,雛菜,圆香前辈也要去巴黎吗～？,283活动剧情,天槛,第3话-いまはいつなのかっていう
283活动剧情/天槛/第3话-いまはいつなのかっていう.csv,173,4001049041080,雛菜,制作人发来的～,283活动剧情,天槛,第3话-いまはいつなのかっていう
283活动剧情/天槛/第4话-熱帯夜.csv,7,4001049050030,雛菜,嗯～？,283活动剧情,天槛,第4话-熱帯夜
283活动剧情/天槛/第4话-熱帯夜.csv,20,4001049050110,雛菜,"啊哈～
是有来着～？",283活动剧情,天槛,第4话-熱帯夜
283活动剧情/天槛/第4话-熱帯夜.csv,60,4001049050450,雛菜,"————有樱桃哦～
在楼下拿到的～",283活动剧情,天槛,第4话-熱帯夜
283活动剧情/天槛/第4话-熱帯夜.csv,63,4001049050480,雛菜,没有核的那种～,283活动剧情,天槛,第4话-熱帯夜
283活动剧情/天槛/第4话-熱帯夜.csv,65,4001049050500,雛菜,小糸也在的话就好了～,283活动剧情,天槛,第4话-熱帯夜
283活动剧情/天槛/第4话-熱帯夜.csv,76,4001049050570,雛菜,透前辈，拿一下樱桃～,283活动剧情,天槛,第4话-熱帯夜
283活动剧情/天槛/第4话-熱帯夜.csv,78,4001049050590,雛菜,要拍咯～,283活动剧情,天槛,第4话-熱帯夜
283活动剧情/天槛/第4话-熱帯夜.csv,86,4001049050640,雛菜,"啊哈～
眼睛，闭上了～",283活动剧情,天槛,第4话-熱帯夜
283活动剧情/天槛/第4话-熱帯夜.csv,94,4001049050690,雛菜,那准备拍咯,283活动剧情,天槛,第4话-熱帯夜
283活动剧情/天槛/第4话-熱帯夜.csv,96,4001049050710,雛菜,手指也露出来～,283活动剧情,天槛,第4话-熱帯夜
283活动剧情/天槛/第4话-熱帯夜.csv,112,4001049050810,雛菜,"啊哈～
OK～",283活动剧情,天槛,第4话-熱帯夜
283活动剧情/天槛/第4话-熱帯夜.csv,114,4001049050830,雛菜,不是啊～,283活动剧情,天槛,第4话-熱帯夜
283活动剧情/天槛/第4话-熱帯夜.csv,119,0000000000000,雛菜,我觉得大家去自己喜欢的地方就好了~,283活动剧情,天槛,第4话-熱帯夜
283活动剧情/天槛/第4话-熱帯夜.csv,120,4001049050880,雛菜,因为很漂亮,283活动剧情,天槛,第4话-熱帯夜
283活动剧情/天槛/第4话-熱帯夜.csv,125,4001049050920,円香＆雛菜,————拜拜～,283活动剧情,天槛,第4话-熱帯夜
283活动剧情/天槛/第4话-熱帯夜.csv,128,4001049050930,雛菜,"呀哈～！
可以吗～？",283活动剧情,天槛,第4话-熱帯夜
283活动剧情/天槛/第5话-枝状未来.csv,11,4001049060040,雛菜,"啊哈～……
是透前辈～",283活动剧情,天槛,第5话-枝状未来
283活动剧情/天槛/第5话-枝状未来.csv,13,4001049060060,雛菜,Twista上也刷出来了哟～,283活动剧情,天槛,第5话-枝状未来
283活动剧情/天槛/第5话-枝状未来.csv,15,4001049060080,雛菜,要看照片吗～？,283活动剧情,天槛,第5话-枝状未来
283活动剧情/天槛/第5话-枝状未来.csv,21,4001049060120,雛菜,"嗯～
雏菜喜欢这身衣服～",283活动剧情,天槛,第5话-枝状未来
283活动剧情/天槛/第5话-枝状未来.csv,31,4001049060190,雛菜,是的～,283活动剧情,天槛,第5话-枝状未来
283活动剧情/天槛/第5话-枝状未来.csv,47,4001049060320,雛菜,透前辈会往前走哟,283活动剧情,天槛,第5话-枝状未来
283活动剧情/天槛/第5话-枝状未来.csv,49,4001049060340,雛菜,所以喜欢～！,283活动剧情,天槛,第5话-枝状未来
283活动剧情/天槛/第5话-枝状未来.csv,78,4001049060500,雛菜,"真的耶～！
高级的那种",283活动剧情,天槛,第5话-枝状未来
283活动剧情/天槛/第5话-枝状未来.csv,80,4001049060510,雛菜,啊～……,283活动剧情,天槛,第5话-枝状未来
283活动剧情/天槛/第5话-枝状未来.csv,83,4001049060540,雛菜,"嗯～
明天说是派对哦～",283活动剧情,天槛,第5话-枝状未来
283活动剧情/天槛/第5话-枝状未来.csv,86,4001049060550,雛菜,嗯～！,283活动剧情,天槛,第5话-枝状未来
283活动剧情/天槛/第5话-枝状未来.csv,97,4001049060610,雛菜,——诶～……？,283活动剧情,天槛,第5话-枝状未来
283活动剧情/天槛/第5话-枝状未来.csv,99,4001049060630,雛菜,"——什么～？
听不清～……！",283活动剧情,天槛,第5话-枝状未来
283活动剧情/天槛/第5话-枝状未来.csv,105,4001049060671,円香＆小糸＆雛菜,辛苦了……！,283活动剧情,天槛,第5话-枝状未来
283活动剧情/天槛/第5话-枝状未来.csv,110,4001049060690,雛菜,——好～！,283活动剧情,天槛,第5话-枝状未来
283活动剧情/天槛/第6话-くじらを捕まえろ.csv,16,4001049070090,雛菜,,283活动剧情,天槛,第6话-くじらを捕まえろ
283活动剧情/天槛/第6话-くじらを捕まえろ.csv,18,4001049070100,雛菜,啊哈～,283活动剧情,天槛,第6话-くじらを捕まえろ
283活动剧情/天槛/第6话-くじらを捕まえろ.csv,26,4001049070140,雛菜,呀哈～！,283活动剧情,天槛,第6话-くじらを捕まえろ
283活动剧情/天槛/第6话-くじらを捕まえろ.csv,32,4001049070180,雛菜,呼呜～！,283活动剧情,天槛,第6话-くじらを捕まえろ
283活动剧情/天槛/第6话-くじらを捕まえろ.csv,76,4001049070370,雛菜,"——啊哈～
雏菜，口好渴～",283活动剧情,天槛,第6话-くじらを捕まえろ
283活动剧情/天槛/第6话-くじらを捕まえろ.csv,77,4001049070380,雛菜,——休息～,283活动剧情,天槛,第6话-くじらを捕まえろ
283活动剧情/天槛/第6话-くじらを捕まえろ.csv,80,4001049070390,雛菜,——没事我自己去拿～,283活动剧情,天槛,第6话-くじらを捕まえろ
283活动剧情/天槛/第6话-くじらを捕まえろ.csv,81,4001049070400,雛菜,还挺开心的～！,283活动剧情,天槛,第6话-くじらを捕まえろ
283活动剧情/天槛/第6话-くじらを捕まえろ.csv,83,4001049070420,雛菜,"诶～？
不知道啊～？",283活动剧情,天槛,第6话-くじらを捕まえろ
283活动剧情/天槛/第6话-くじらを捕まえろ.csv,84,4001049070430,雛菜,小糸也，来————,283活动剧情,天槛,第6话-くじらを捕まえろ
283活动剧情/天槛/第6话-くじらを捕まえろ.csv,86,4001049070450,雛菜,只是在蹦蹦跳跳而已～！,283活动剧情,天槛,第6话-くじらを捕まえろ
283活动剧情/天槛/第6话-くじらを捕まえろ.csv,110,4001049070591,小糸＆雛菜,呀哈～！,283活动剧情,天槛,第6话-くじらを捕まえろ
283活动剧情/天槛/第6话-くじらを捕まえろ.csv,140,4001049070740,雛菜,哇～……！,283活动剧情,天槛,第6话-くじらを捕まえろ
283活动剧情/天槛/第6话-くじらを捕まえろ.csv,155,4001049070860,雛菜,"啊哈～
结束了～？",283活动剧情,天槛,第6话-くじらを捕まえろ
283活动剧情/天槛/第6话-くじらを捕まえろ.csv,158,4001049070890,雛菜,……擦擦汗～？,283活动剧情,天槛,第6话-くじらを捕まえろ
283活动剧情/天槛/第6话-くじらを捕まえろ.csv,161,4001049070920,雛菜,,283活动剧情,天槛,第6话-くじらを捕まえろ
283活动剧情/天槛/第6话-くじらを捕まえろ.csv,195,4001049071120,雛菜,————来跳舞吧~！,283活动剧情,天槛,第6话-くじらを捕まえろ
283活动剧情/天槛/第6话-くじらを捕まえろ.csv,198,4001049071150,雛菜,正式出场~！,283活动剧情,天槛,第6话-くじらを捕まえろ
283活动剧情/天槛/第6话-くじらを捕まえろ.csv,203,4001049071190,雛菜,"啊哈~
嗯~！",283活动剧情,天槛,第6话-くじらを捕まえろ
283活动剧情/天槛/第6话-くじらを捕まえろ.csv,209,4001049071250,雛菜,要逃了~！,283活动剧情,天槛,第6话-くじらを捕まえろ
283活动剧情/天槛/第6话-くじらを捕まえろ.csv,224,4001049071300,雛菜,……出租车！,283活动剧情,天槛,第6话-くじらを捕まえろ
283活动剧情/天槛/终章-それでもいましか見えないよ.csv,5,4001049080040,雛菜,"嗯~
日程表，排得满满的~",283活动剧情,天槛,终章-それでもいましか見えないよ
283活动剧情/天槛/终章-それでもいましか見えないよ.csv,25,4001049080120,雛菜,回事务所的话，反方向～？,283活动剧情,天槛,终章-それでもいましか見えないよ
283活动剧情/天槛/终章-それでもいましか見えないよ.csv,38,4001049080200,雛菜,"啊哈～
有便利店的话要买果汁～",283活动剧情,天槛,终章-それでもいましか見えないよ
283活动剧情/天槛/终章-それでもいましか見えないよ.csv,48,4001049080270,雛菜,"啊哈～
逃掉了～",283活动剧情,天槛,终章-それでもいましか見えないよ
283活动剧情/天槛/终章-それでもいましか見えないよ.csv,49,4001049080280,雛菜,拍个照～！,283活动剧情,天槛,终章-それでもいましか見えないよ
283活动剧情/天槛/终章-それでもいましか見えないよ.csv,63,4001049080300,雛菜,河川，好长啊～,283活动剧情,天槛,终章-それでもいましか見えないよ
283活动剧情/天槛/终章-それでもいましか見えないよ.csv,69,4001049080360,雛菜,脚，有点疼了～,283活动剧情,天槛,终章-それでもいましか見えないよ
283活动剧情/天槛/终章-それでもいましか見えないよ.csv,75,4001049080400,雛菜,刚才也买点点心就好了～,283活动剧情,天槛,终章-それでもいましか見えないよ
283活动剧情/天槛/终章-それでもいましか見えないよ.csv,81,4001049080460,雛菜,"啊哈～……
制作人",283活动剧情,天槛,终章-それでもいましか見えないよ
283活动剧情/天槛/终章-それでもいましか見えないよ.csv,97,0000000000000,雛菜,我觉得大家去自己喜欢的地方就好了~,283活动剧情,天槛,终章-それでもいましか見えないよ
283活动剧情/天槛/终章-それでもいましか見えないよ.csv,112,4001049080550,雛菜,肚子饿了～,283活动剧情,天槛,终章-それでもいましか見えないよ
283活动剧情/天槛/终章-それでもいましか見えないよ.csv,123,4001049080640,雛菜,醒着哟～？,283活动剧情,天槛,终章-それでもいましか見えないよ
283活动剧情/天槛/终章-それでもいましか見えないよ.csv,126,4001049080670,雛菜,"嗯～
现在还是今天哟～",283活动剧情,天槛,终章-それでもいましか見えないよ
283活动剧情/天槛/终章-それでもいましか見えないよ.csv,138,4001049080790,雛菜,"啊哈～
雏菜听到这首歌就想起晚饭的香味～",283活动剧情,天槛,终章-それでもいましか見えないよ
283活动剧情/天槛/终章-それでもいましか見えないよ.csv,139,4001049080800,雛菜,傍晚的气味～,283活动剧情,天槛,终章-それでもいましか見えないよ
283活动剧情/天槛/终章-それでもいましか見えないよ.csv,148,4001049080881,透＆小糸＆雛菜,呵呵……,283活动剧情,天槛,终章-それでもいましか見えないよ
283活动剧情/天槛/终章-それでもいましか見えないよ.csv,153,4001049080920,雛菜,啊哈～,283活动剧情,天槛,终章-それでもいましか見えないよ
283活动剧情/密着！ハロウィンワールド24時/エンディング-終わりが来るなんて.csv,59,4001041080470,雛菜,"啊哈～
雏菜肚子饿了～……",283活动剧情,密着！ハロウィンワールド24時,エンディング-終わりが来るなんて
283活动剧情/密着！ハロウィンワールド24時/第2話-アノトキノ・キャンディ.csv,12,4001041030060,雛菜,"嗯～？
透学姐怎么了吗～？",283活动剧情,密着！ハロウィンワールド24時,第2話-アノトキノ・キャンディ
283活动剧情/密着！ハロウィンワールド24時/第2話-アノトキノ・キャンディ.csv,18,4001041030110,雛菜,"啊哈～
好厉害，真的遇到了呢～！",283活动剧情,密着！ハロウィンワールド24時,第2話-アノトキノ・キャンディ
283活动剧情/密着！ハロウィンワールド24時/第2話-アノトキノ・キャンディ.csv,32,4001041030180,雛菜,"诶～！？
死神～～～！？",283活动剧情,密着！ハロウィンワールド24時,第2話-アノトキノ・キャンディ
283活动剧情/密着！ハロウィンワールド24時/第2話-アノトキノ・キャンディ.csv,38,4001041030230,雛菜,"也就是说
你马上就要byebye了对吧～？",283活动剧情,密着！ハロウィンワールド24時,第2話-アノトキノ・キャンディ
283活动剧情/密着！ハロウィンワールド24時/第2話-アノトキノ・キャンディ.csv,50,4001041030320,雛菜,"……说起来小糸
为什么你连来这种地方都会把教科书带在身上啊～……？",283活动剧情,密着！ハロウィンワールド24時,第2話-アノトキノ・キャンディ
283活动剧情/密着！ハロウィンワールド24時/第2話-アノトキノ・キャンディ.csv,62,4001041030400,雛菜,"啊哈～
这个我懂～",283活动剧情,密着！ハロウィンワールド24時,第2話-アノトキノ・キャンディ
283活动剧情/密着！ハロウィンワールド24時/第2話-アノトキノ・キャンディ.csv,71,4001041030460,雛菜,"嗯～，果然
还是让雏菜，咬你一口吧～？",283活动剧情,密着！ハロウィンワールド24時,第2話-アノトキノ・キャンディ
283活动剧情/密着！ハロウィンワールド24時/第2話-アノトキノ・キャンディ.csv,72,4001041030470,雛菜,"比起人类，变成雏菜的同类的话
能活得很久很久哦～",283活动剧情,密着！ハロウィンワールド24時,第2話-アノトキノ・キャンディ
283活动剧情/密着！ハロウィンワールド24時/第2話-アノトキノ・キャンディ.csv,73,4001041030480,雛菜,以人类的话来说，就是永远地活下去！,283活动剧情,密着！ハロウィンワールド24時,第2話-アノトキノ・キャンディ
283活动剧情/密着！ハロウィンワールド24時/第2話-アノトキノ・キャンディ.csv,74,4001041030490,雛菜,"还是说，你认为吸血鬼比较好的话
圆香学姐也可以～！",283活动剧情,密着！ハロウィンワールド24時,第2話-アノトキノ・キャンディ
283活动剧情/密着！ハロウィンワールド24時/第2話-アノトキノ・キャンディ.csv,76,4001041030510,雛菜,"诶～
不行吗～！？",283活动剧情,密着！ハロウィンワールド24時,第2話-アノトキノ・キャンディ
283活动剧情/密着！ハロウィンワールド24時/第2話-アノトキノ・キャンディ.csv,77,4001041030520,雛菜,"因为啊，人类的寿命非常短
马上就会寿终正寝哦～？",283活动剧情,密着！ハロウィンワールド24時,第2話-アノトキノ・キャンディ
283活动剧情/密着！ハロウィンワールド24時/第2話-アノトキノ・キャンディ.csv,78,4001041030530,雛菜,"那么快结束一生的话
不是很遗憾吗～？",283活动剧情,密着！ハロウィンワールド24時,第2話-アノトキノ・キャンディ
283活动剧情/密着！ハロウィンワールド24時/第2話-アノトキノ・キャンディ.csv,84,4001041030560,雛菜,"嗯～
那，可以吗？",283活动剧情,密着！ハロウィンワールド24時,第2話-アノトキノ・キャンディ
283活动剧情/密着！ハロウィンワールド24時/第2話-アノトキノ・キャンディ.csv,85,4001041030570,雛菜,就算被死神，夺走灵魂,283活动剧情,密着！ハロウィンワールド24時,第2話-アノトキノ・キャンディ
283活动剧情/密着！ハロウィンワールド24時/第2話-アノトキノ・キャンディ.csv,93,4001041030600,雛菜,"啊哈～
很奇怪呢",283活动剧情,密着！ハロウィンワールド24時,第2話-アノトキノ・キャンディ
283活动剧情/密着！ハロウィンワールド24時/第2話-アノトキノ・キャンディ.csv,98,4001041030630,雛菜,"尽可能逃得远远的不就好了吗～？
逃到死神追不到的地方～",283活动剧情,密着！ハロウィンワールド24時,第2話-アノトキノ・キャンディ
283活动剧情/密着！ハロウィンワールド24時/第2話-アノトキノ・キャンディ.csv,110,4001041030700,雛菜,"对了，圆香学姐的蝙蝠～
知道那些“死神”？　现在在哪里吗～？",283活动剧情,密着！ハロウィンワールド24時,第2話-アノトキノ・キャンディ
283活动剧情/密着！ハロウィンワールド24時/第2話-アノトキノ・キャンディ.csv,116,4001041030760,雛菜,"啊哈～，他再也见不到雏菜什么的
想想真可怜～……",283活动剧情,密着！ハロウィンワールド24時,第2話-アノトキノ・キャンディ
283活动剧情/明るい部屋/第3话-ラブコメ.csv,9,4001031040060,雛菜,或是贫穷,283活动剧情,明るい部屋,第3话-ラブコメ
283活动剧情/明るい部屋/第3话-ラブコメ.csv,14,4001031040110,雛菜,你会帮助对方,283活动剧情,明るい部屋,第3话-ラブコメ
283活动剧情/明るい部屋/第3话-ラブコメ.csv,46,4001031040250,雛菜,"那个打工
不是要当神父吧～？",283活动剧情,明るい部屋,第3话-ラブコメ
283活动剧情/明るい部屋/第3话-ラブコメ.csv,53,4001031040320,雛菜,"啊～
要穿着这个去送菜吗～！",283活动剧情,明るい部屋,第3话-ラブコメ
283活动剧情/明るい部屋/第3话-ラブコメ.csv,55,4001031040340,雛菜,"可是小糸
时薪这样就可以吗～？",283活动剧情,明るい部屋,第3话-ラブコメ
283活动剧情/明るい部屋/第3话-ラブコメ.csv,58,4001031040370,雛菜,"诶～？
很多～！",283活动剧情,明るい部屋,第3话-ラブコメ
283活动剧情/明るい部屋/第3话-ラブコメ.csv,59,4001031040380,雛菜,因为有在工作吧～？,283活动剧情,明るい部屋,第3话-ラブコメ
283活动剧情/明るい部屋/第3话-ラブコメ.csv,63,4001031040420,雛菜,"啊哈～
和雏菜一样～！",283活动剧情,明るい部屋,第3话-ラブコメ
283活动剧情/明るい部屋/第3话-ラブコメ.csv,70,4001031040490,雛菜,"什么啊～……
明明要买礼物才想打工的～",283活动剧情,明るい部屋,第3话-ラブコメ
283活动剧情/明るい部屋/第3话-ラブコメ.csv,72,4001031040510,雛菜,"嗯～
爸爸和妈妈和～……",283活动剧情,明るい部屋,第3话-ラブコメ
283活动剧情/明るい部屋/第3话-ラブコメ.csv,73,4001031040520,雛菜,雏菜！,283活动剧情,明るい部屋,第3话-ラブコメ
283活动剧情/明るい部屋/第3话-ラブコメ.csv,136,4001031041100,雛菜,哪个～？,283活动剧情,明るい部屋,第3话-ラブコメ
283活动剧情/明るい部屋/第3话-ラブコメ.csv,138,4001031041120,雛菜,"诶～？
很重吗～？",283活动剧情,明るい部屋,第3话-ラブコメ
283活动剧情/明るい部屋/第3话-ラブコメ.csv,145,4001031041190,雛菜,"嗯～……
还是更开心的比较好～",283活动剧情,明るい部屋,第3话-ラブコメ
283活动剧情/明るい部屋/第3话-ラブコメ.csv,146,4001031041200,雛菜,没有吃零食的吗～？,283活动剧情,明るい部屋,第3话-ラブコメ
283活动剧情/明るい部屋/第6话-消防士.csv,52,4001031070360,雛菜,"风衣之类的
不能借用吗～？",283活动剧情,明るい部屋,第6话-消防士
283活动剧情/明るい部屋/第6话-消防士.csv,66,4001031070480,雛菜,"啊哈～
叶月好厉害，能给这份偶像的工作～～",283活动剧情,明るい部屋,第6话-消防士
283活动剧情/明るい部屋/第6话-消防士.csv,69,4001031070510,雛菜,"嗯～，妈妈会来买的
透学姐，要和她握手哦～！",283活动剧情,明るい部屋,第6话-消防士
283活动剧情/明るい部屋/第6话-消防士.csv,73,4001031070550,雛菜,"大蛋糕
能卖很多呢～",283活动剧情,明るい部屋,第6话-消防士
283活动剧情/明るい部屋/终章-La chambre libre.csv,8,4001031080040,雛菜,"嗯～？
……啊，这个啊～",283活动剧情,明るい部屋,终章-La chambre libre
283活动剧情/明るい部屋/终章-La chambre libre.csv,9,4001031080050,雛菜,"两种都是
很好吃的圣诞节蛋糕哦～？",283活动剧情,明るい部屋,终章-La chambre libre
283活动剧情/明るい部屋/终章-La chambre libre.csv,12,4001031080070,雛菜,谢谢惠顾～！,283活动剧情,明るい部屋,终章-La chambre libre
283活动剧情/明るい部屋/终章-La chambre libre.csv,13,4001031080080,雛菜,"——嗯～
完全没空握手呢～？",283活动剧情,明るい部屋,终章-La chambre libre
283活动剧情/明るい部屋/终章-La chambre libre.csv,15,4001031080100,雛菜,"来了～
这个四角形的也很好吃～",283活动剧情,明るい部屋,终章-La chambre libre
283活动剧情/明るい部屋/终章-La chambre libre.csv,17,4001031080120,雛菜,嘿～？,283活动剧情,明るい部屋,终章-La chambre libre
283活动剧情/明るい部屋/终章-La chambre libre.csv,19,4001031080140,雛菜,啊～！,283活动剧情,明るい部屋,终章-La chambre libre
283活动剧情/明るい部屋/终章-La chambre libre.csv,20,4001031080150,雛菜,"那个啊，
有偶像来了～！",283活动剧情,明るい部屋,终章-La chambre libre
283活动剧情/明るい部屋/终章-La chambre libre.csv,44,4001031080370,雛菜,"这个～……
要1800円～",283活动剧情,明るい部屋,终章-La chambre libre
283活动剧情/明るい部屋/终章-La chambre libre.csv,46,4001031080390,雛菜,"好的～
马上找零～",283活动剧情,明るい部屋,终章-La chambre libre
283活动剧情/明るい部屋/终章-La chambre libre.csv,53,4001031080460,雛菜,来，200円找您～,283活动剧情,明るい部屋,终章-La chambre libre
283活动剧情/明るい部屋/终章-La chambre libre.csv,55,4001031080480,雛菜,"……？
啊哈～",283活动剧情,明るい部屋,终章-La chambre libre
283活动剧情/明るい部屋/终章-La chambre libre.csv,58,4001031080510,雛菜,"啊～
确实～！",283活动剧情,明るい部屋,终章-La chambre libre
283活动剧情/明るい部屋/终章-La chambre libre.csv,60,4001031080511,透＆円香＆雛菜,,283活动剧情,明るい部屋,终章-La chambre libre
283活动剧情/明るい部屋/终章-La chambre libre.csv,63,4001031080530,雛菜,"好的～
给您包起来～",283活动剧情,明るい部屋,终章-La chambre libre
283活动剧情/明るい部屋/终章-La chambre libre.csv,72,4001031080561,透＆雛菜,,283活动剧情,明るい部屋,终章-La chambre libre
283活动剧情/明るい部屋/终章-La chambre libre.csv,79,4001031080600,雛菜,"啊哈～
继续～！",283活动剧情,明るい部屋,终章-La chambre libre
283活动剧情/海へ出るつもりじゃなかったし/序章-ノロマたちの午後.csv,27,4001032010200,雛菜,"寄放在家里吗～？
鹦鹉是学人说话的吧～",283活动剧情,海へ出るつもりじゃなかったし,序章-ノロマたちの午後
283活动剧情/海へ出るつもりじゃなかったし/序章-ノロマたちの午後.csv,33,4001032010260,雛菜,"啊哈～
过分～！",283活动剧情,海へ出るつもりじゃなかったし,序章-ノロマたちの午後
283活动剧情/海へ出るつもりじゃなかったし/序章-ノロマたちの午後.csv,47,4001032010330,雛菜,"啊哈～
买完这个跑腿就结束了～？",283活动剧情,海へ出るつもりじゃなかったし,序章-ノロマたちの午後
283活动剧情/海へ出るつもりじゃなかったし/序章-ノロマたちの午後.csv,61,4001032010470,雛菜,"咦～
电视台来了～？",283活动剧情,海へ出るつもりじゃなかったし,序章-ノロマたちの午後
283活动剧情/海へ出るつもりじゃなかったし/序章-ノロマたちの午後.csv,74,4001032010570,雛菜,"嗯～
雏菜是快“乐”～！",283活动剧情,海へ出るつもりじゃなかったし,序章-ノロマたちの午後
283活动剧情/海へ出るつもりじゃなかったし/序章-ノロマたちの午後.csv,78,4001032010600,雛菜,"啊哈～
拍到透学姐了～",283活动剧情,海へ出るつもりじゃなかったし,序章-ノロマたちの午後
283活动剧情/海へ出るつもりじゃなかったし/序章-ノロマたちの午後.csv,82,4001032010640,雛菜,"呀哈～
Peace～！",283活动剧情,海へ出るつもりじゃなかったし,序章-ノロマたちの午後
283活动剧情/海へ出るつもりじゃなかったし/第1话-タック用意.csv,19,4001032020110,雛菜,————嗯～……！,283活动剧情,海へ出るつもりじゃなかったし,第1话-タック用意
283活动剧情/海へ出るつもりじゃなかったし/第1话-タック用意.csv,21,4001032020120,雛菜,"嗯～！
很好吃～",283活动剧情,海へ出るつもりじゃなかったし,第1话-タック用意
283活动剧情/海へ出るつもりじゃなかったし/第1话-タック用意.csv,23,4001032020130,雛菜,"好啊～
爸爸再多吃点吧～？",283活动剧情,海へ出るつもりじゃなかったし,第1话-タック用意
283活动剧情/海へ出るつもりじゃなかったし/第1话-タック用意.csv,25,4001032020140,雛菜,嗯～？,283活动剧情,海へ出るつもりじゃなかったし,第1话-タック用意
283活动剧情/海へ出るつもりじゃなかったし/第1话-タック用意.csv,27,4001032020150,雛菜,——啊～……,283活动剧情,海へ出るつもりじゃなかったし,第1话-タック用意
283活动剧情/海へ出るつもりじゃなかったし/第1话-タック用意.csv,28,4001032020160,雛菜,"啊哈～
不用了～！",283活动剧情,海へ出るつもりじゃなかったし,第1话-タック用意
283活动剧情/海へ出るつもりじゃなかったし/第1话-タック用意.csv,65,4001032020390,雛菜,"——啊
雏菜去回个消息～",283活动剧情,海へ出るつもりじゃなかったし,第1话-タック用意
283活动剧情/海へ出るつもりじゃなかったし/第1话-タック用意.csv,74,4001032020460,雛菜,“晚上可以哦”,283活动剧情,海へ出るつもりじゃなかったし,第1话-タック用意
283活动剧情/海へ出るつもりじゃなかったし/第1话-タック用意.csv,81,4001032020520,雛菜,“了解～”,283活动剧情,海へ出るつもりじゃなかったし,第1话-タック用意
283活动剧情/海へ出るつもりじゃなかったし/第1话-タック用意.csv,90,4001032020570,雛菜,“好～”,283活动剧情,海へ出るつもりじゃなかったし,第1话-タック用意
283活动剧情/海へ出るつもりじゃなかったし/第1话-タック用意.csv,99,4001032020620,雛菜,嘿～,283活动剧情,海へ出るつもりじゃなかったし,第1话-タック用意
283活动剧情/海へ出るつもりじゃなかったし/第1话-タック用意.csv,101,4001032020630,雛菜,是吗～,283活动剧情,海へ出るつもりじゃなかったし,第1话-タック用意
283活动剧情/海へ出るつもりじゃなかったし/第1话-タック用意.csv,121,4001032020700,雛菜,“啊～……”,283活动剧情,海へ出るつもりじゃなかったし,第1话-タック用意
283活动剧情/海へ出るつもりじゃなかったし/第1话-タック用意.csv,128,4001032020750,雛菜,嗯～,283活动剧情,海へ出るつもりじゃなかったし,第1话-タック用意
283活动剧情/海へ出るつもりじゃなかったし/第1话-タック用意.csv,129,4001032020760,雛菜,"啊，蛋糕
原来有买啊～！",283活动剧情,海へ出るつもりじゃなかったし,第1话-タック用意
283活动剧情/海へ出るつもりじゃなかったし/第2话-風のない夜.csv,39,4001032030330,雛菜,"爸爸应该
想吃炸虾吧～？",283活动剧情,海へ出るつもりじゃなかったし,第2话-風のない夜
283活动剧情/海へ出るつもりじゃなかったし/第2话-風のない夜.csv,41,4001032030340,雛菜,雏菜也一样～！,283活动剧情,海へ出るつもりじゃなかったし,第2话-風のない夜
283活动剧情/海へ出るつもりじゃなかったし/第2话-風のない夜.csv,43,4001032030350,雛菜,嗯～,283活动剧情,海へ出るつもりじゃなかったし,第2话-風のない夜
283活动剧情/海へ出るつもりじゃなかったし/第2话-風のない夜.csv,45,4001032030360,雛菜,"嗯～
应该没关系！",283活动剧情,海へ出るつもりじゃなかったし,第2话-風のない夜
283活动剧情/海へ出るつもりじゃなかったし/第2话-風のない夜.csv,47,4001032030370,雛菜,"不用～
走路就能到！",283活动剧情,海へ出るつもりじゃなかったし,第2话-風のない夜
283活动剧情/海へ出るつもりじゃなかったし/第2话-風のない夜.csv,48,4001032030380,雛菜,"除夕的道路
可是很特别的～",283活动剧情,海へ出るつもりじゃなかったし,第2话-風のない夜
283活动剧情/海へ出るつもりじゃなかったし/第2话-風のない夜.csv,50,4001032030390,雛菜,是吗～,283活动剧情,海へ出るつもりじゃなかったし,第2话-風のない夜
283活动剧情/海へ出るつもりじゃなかったし/第2话-風のない夜.csv,96,4001032030830,雛菜,好～,283活动剧情,海へ出るつもりじゃなかったし,第2话-風のない夜
283活动剧情/海へ出るつもりじゃなかったし/第2话-風のない夜.csv,97,4001032030840,雛菜,新年快乐～！,283活动剧情,海へ出るつもりじゃなかったし,第2话-風のない夜
283活动剧情/海へ出るつもりじゃなかったし/第2话-風のない夜.csv,103,4001032030890,雛菜,哇，已经在响了～！,283活动剧情,海へ出るつもりじゃなかったし,第2话-風のない夜
283活动剧情/海へ出るつもりじゃなかったし/第2话-風のない夜.csv,107,4001032030930,雛菜,"啊～
明天要去温泉，所以准备了好多东西！",283活动剧情,海へ出るつもりじゃなかったし,第2话-風のない夜
283活动剧情/海へ出るつもりじゃなかったし/第2话-風のない夜.csv,112,4001032030980,雛菜,"嗯～……
啊，像是偶像运动会那个～？",283活动剧情,海へ出るつもりじゃなかったし,第2话-風のない夜
283活动剧情/海へ出るつもりじゃなかったし/第2话-風のない夜.csv,115,4001032031010,雛菜,"什么时候啊～？
感觉好像最近就要拍了～",283活动剧情,海へ出るつもりじゃなかったし,第2话-風のない夜
283活动剧情/海へ出るつもりじゃなかったし/第2话-風のない夜.csv,116,4001032031020,雛菜,雏菜，那时候回来了没啊～,283活动剧情,海へ出るつもりじゃなかったし,第2话-風のない夜
283活动剧情/海へ出るつもりじゃなかったし/第2话-風のない夜.csv,132,4001032031160,雛菜,嗯～！,283活动剧情,海へ出るつもりじゃなかったし,第2话-風のない夜
283活动剧情/海へ出るつもりじゃなかったし/第2话-風のない夜.csv,139,4001032031230,雛菜,"嗯～
算了，也没办法～",283活动剧情,海へ出るつもりじゃなかったし,第2话-風のない夜
283活动剧情/海へ出るつもりじゃなかったし/第2话-風のない夜.csv,142,4001032031260,雛菜,"呀哈～！
新年快乐！",283活动剧情,海へ出るつもりじゃなかったし,第2话-風のない夜
283活动剧情/海へ出るつもりじゃなかったし/第2话-風のない夜.csv,145,4001032031290,雛菜,"诶～
什么～？",283活动剧情,海へ出るつもりじゃなかったし,第2话-風のない夜
283活动剧情/海へ出るつもりじゃなかったし/第2话-風のない夜.csv,147,4001032031310,雛菜,然后会怎样～？,283活动剧情,海へ出るつもりじゃなかったし,第2话-風のない夜
283活动剧情/海へ出るつもりじゃなかったし/第2话-風のない夜.csv,149,4001032031330,雛菜,"啊哈～！
那雏菜也要参加～～",283活动剧情,海へ出るつもりじゃなかったし,第2话-風のない夜
283活动剧情/海へ出るつもりじゃなかったし/第2话-風のない夜.csv,152,4001032031360,雛菜,在说什么啊～！,283活动剧情,海へ出るつもりじゃなかったし,第2话-風のない夜
283活动剧情/海へ出るつもりじゃなかったし/第2话-風のない夜.csv,155,4001032031390,雛菜,,283活动剧情,海へ出るつもりじゃなかったし,第2话-風のない夜
283活动剧情/海へ出るつもりじゃなかったし/第2话-風のない夜.csv,163,4001032031460,雛菜,新年快乐～！,283活动剧情,海へ出るつもりじゃなかったし,第2话-風のない夜
283活动剧情/海へ出るつもりじゃなかったし/第2话-風のない夜.csv,171,4001032031540,雛菜,New Yeah是什么～？,283活动剧情,海へ出るつもりじゃなかったし,第2话-風のない夜
283活动剧情/海へ出るつもりじゃなかったし/第3话-口笛.csv,57,4001032040430,雛菜,"给～
交给小糸～！",283活动剧情,海へ出るつもりじゃなかったし,第3话-口笛
283活动剧情/海へ出るつもりじゃなかったし/第3话-口笛.csv,63,4001032040490,雛菜,"嘿～
真的可以吗～？",283活动剧情,海へ出るつもりじゃなかったし,第3话-口笛
283活动剧情/海へ出るつもりじゃなかったし/第3话-口笛.csv,67,4001032040530,雛菜,啊～,283活动剧情,海へ出るつもりじゃなかったし,第3话-口笛
283活动剧情/海へ出るつもりじゃなかったし/第3话-口笛.csv,86,4001032040660,雛菜,可以啦～,283活动剧情,海へ出るつもりじゃなかったし,第3话-口笛
283活动剧情/海へ出るつもりじゃなかったし/第3话-口笛.csv,92,4001032040720,雛菜,"啊～……
工作的话，哪边是上级～？",283活动剧情,海へ出るつもりじゃなかったし,第3话-口笛
283活动剧情/海へ出るつもりじゃなかったし/第3话-口笛.csv,97,4001032040770,雛菜,"嗯～……对了，
NG是什么意思啊～？",283活动剧情,海へ出るつもりじゃなかったし,第3话-口笛
283活动剧情/海へ出るつもりじゃなかったし/第3话-口笛.csv,103,4001032040820,雛菜,哦～！,283活动剧情,海へ出るつもりじゃなかったし,第3话-口笛
283活动剧情/海へ出るつもりじゃなかったし/第3话-口笛.csv,106,4001032040850,雛菜,来，小糸～,283活动剧情,海へ出るつもりじゃなかったし,第3话-口笛
283活动剧情/海へ出るつもりじゃなかったし/第3话-口笛.csv,110,4001032040890,雛菜,"啊哈～
决定～",283活动剧情,海へ出るつもりじゃなかったし,第3话-口笛
283活动剧情/海へ出るつもりじゃなかったし/第3话-口笛.csv,113,4001032040920,雛菜,嗯～,283活动剧情,海へ出るつもりじゃなかったし,第3话-口笛
283活动剧情/海へ出るつもりじゃなかったし/第3话-口笛.csv,114,4001032040930,雛菜,"只是打打字
还要想上下什么的真麻烦～",283活动剧情,海へ出るつもりじゃなかったし,第3话-口笛
283活动剧情/海へ出るつもりじゃなかったし/第3话-口笛.csv,119,4001032040970,雛菜,"制作人
回好快～",283活动剧情,海へ出るつもりじゃなかったし,第3话-口笛
283活动剧情/海へ出るつもりじゃなかったし/第3话-口笛.csv,129,4001032041010,雛菜,“好～”,283活动剧情,海へ出るつもりじゃなかったし,第3话-口笛
283活动剧情/海へ出るつもりじゃなかったし/第4话-汽水域にて.csv,2,4001032050010,雛菜,,283活动剧情,海へ出るつもりじゃなかったし,第4话-汽水域にて
283活动剧情/海へ出るつもりじゃなかったし/第4话-汽水域にて.csv,4,4001032050020,雛菜,,283活动剧情,海へ出るつもりじゃなかったし,第4话-汽水域にて
283活动剧情/海へ出るつもりじゃなかったし/第4话-汽水域にて.csv,7,4001032050030,雛菜,,283活动剧情,海へ出るつもりじゃなかったし,第4话-汽水域にて
283活动剧情/海へ出るつもりじゃなかったし/第4话-汽水域にて.csv,9,4001032050040,雛菜,,283活动剧情,海へ出るつもりじゃなかったし,第4话-汽水域にて
283活动剧情/海へ出るつもりじゃなかったし/第4话-汽水域にて.csv,10,4001032050050,雛菜,,283活动剧情,海へ出るつもりじゃなかったし,第4话-汽水域にて
283活动剧情/海へ出るつもりじゃなかったし/第4话-汽水域にて.csv,24,0000000000000,雛菜,“好～”,283活动剧情,海へ出るつもりじゃなかったし,第4话-汽水域にて
283活动剧情/海へ出るつもりじゃなかったし/第4话-汽水域にて.csv,49,4001032050310,雛菜,,283活动剧情,海へ出るつもりじゃなかったし,第4话-汽水域にて
283活动剧情/海へ出るつもりじゃなかったし/第4话-汽水域にて.csv,51,4001032050320,雛菜,,283活动剧情,海へ出るつもりじゃなかったし,第4话-汽水域にて
283活动剧情/海へ出るつもりじゃなかったし/第4话-汽水域にて.csv,53,4001032050330,雛菜,呵啊————,283活动剧情,海へ出るつもりじゃなかったし,第4话-汽水域にて
283活动剧情/海へ出るつもりじゃなかったし/第4话-汽水域にて.csv,55,4001032050340,雛菜,——啊～……,283活动剧情,海へ出るつもりじゃなかったし,第4话-汽水域にて
283活动剧情/海へ出るつもりじゃなかったし/第4话-汽水域にて.csv,57,4001032050350,雛菜,这个人要出场啊～,283活动剧情,海へ出るつもりじゃなかったし,第4话-汽水域にて
283活动剧情/海へ出るつもりじゃなかったし/第4话-汽水域にて.csv,58,4001032050360,雛菜,"啊哈～
哔～……",283活动剧情,海へ出るつもりじゃなかったし,第4话-汽水域にて
283活动剧情/海へ出るつもりじゃなかったし/第4话-汽水域にて.csv,132,4001032050640,雛菜,新年快乐～！,283活动剧情,海へ出るつもりじゃなかったし,第4话-汽水域にて
283活动剧情/海へ出るつもりじゃなかったし/第5话-ココア・説教・ミジンコ.csv,4,4001032060030,雛菜,"嗯～！
那边还有很多好吃的～",283活动剧情,海へ出るつもりじゃなかったし,第5话-ココア・説教・ミジンコ
283活动剧情/海へ出るつもりじゃなかったし/第5话-ココア・説教・ミジンコ.csv,6,4001032060050,雛菜,小糸干什么了～？,283活动剧情,海へ出るつもりじゃなかったし,第5话-ココア・説教・ミジンコ
283活动剧情/海へ出るつもりじゃなかったし/第5话-ココア・説教・ミジンコ.csv,9,4001032060080,雛菜,是哦～,283活动剧情,海へ出るつもりじゃなかったし,第5话-ココア・説教・ミジンコ
283活动剧情/海へ出るつもりじゃなかったし/第5话-ココア・説教・ミジンコ.csv,23,4001032060220,雛菜,"嗯～
谁知道～？",283活动剧情,海へ出るつもりじゃなかったし,第5话-ココア・説教・ミジンコ
283活动剧情/海へ出るつもりじゃなかったし/第5话-ココア・説教・ミジンコ.csv,26,4001032060250,雛菜,嘿～？,283活动剧情,海へ出るつもりじゃなかったし,第5话-ココア・説教・ミジンコ
283活动剧情/海へ出るつもりじゃなかったし/第5话-ココア・説教・ミジンコ.csv,27,4001032060260,雛菜,"嗯～！
这个是可以喝的！",283活动剧情,海へ出るつもりじゃなかったし,第5话-ココア・説教・ミジンコ
283活动剧情/海へ出るつもりじゃなかったし/第5话-ココア・説教・ミジンコ.csv,30,4001032060290,雛菜,小糸要喝吗～？,283活动剧情,海へ出るつもりじゃなかったし,第5话-ココア・説教・ミジンコ
283活动剧情/海へ出るつもりじゃなかったし/第5话-ココア・説教・ミジンコ.csv,33,4001032060320,雛菜,"这不就是那种冰箱嘛
大家也都是这么做的吧～？",283活动剧情,海へ出るつもりじゃなかったし,第5话-ココア・説教・ミジンコ
283活动剧情/海へ出るつもりじゃなかったし/第5话-ココア・説教・ミジンコ.csv,50,4001032060490,雛菜,"嗯～！
有很多人都会在这里喝这个～",283活动剧情,海へ出るつもりじゃなかったし,第5话-ココア・説教・ミジンコ
283活动剧情/海へ出るつもりじゃなかったし/第5话-ココア・説教・ミジンコ.csv,53,4001032060520,雛菜,要放棉花糖吗——？,283活动剧情,海へ出るつもりじゃなかったし,第5话-ココア・説教・ミジンコ
283活动剧情/海へ出るつもりじゃなかったし/第5话-ココア・説教・ミジンコ.csv,59,4001032060580,雛菜,要放几个～？,283活动剧情,海へ出るつもりじゃなかったし,第5话-ココア・説教・ミジンコ
283活动剧情/海へ出るつもりじゃなかったし/第5话-ココア・説教・ミジンコ.csv,62,4001032060600,雛菜,"啊～
欢迎回来～",283活动剧情,海へ出るつもりじゃなかったし,第5话-ココア・説教・ミジンコ
283活动剧情/海へ出るつもりじゃなかったし/第5话-ココア・説教・ミジンコ.csv,83,4001032060780,雛菜,啊哈～,283活动剧情,海へ出るつもりじゃなかったし,第5话-ココア・説教・ミジンコ
283活动剧情/海へ出るつもりじゃなかったし/第5话-ココア・説教・ミジンコ.csv,85,4001032060800,雛菜,大家都来了～,283活动剧情,海へ出るつもりじゃなかったし,第5话-ココア・説教・ミジンコ
283活动剧情/海へ出るつもりじゃなかったし/第5话-ココア・説教・ミジンコ.csv,89,4001032060820,雛菜,"嗯～
这样啊～",283活动剧情,海へ出るつもりじゃなかったし,第5话-ココア・説教・ミジンコ
283活动剧情/海へ出るつもりじゃなかったし/第5话-ココア・説教・ミジンコ.csv,109,4001032060920,雛菜,"嘿～
什么项目～？",283活动剧情,海へ出るつもりじゃなかったし,第5话-ココア・説教・ミジンコ
283活动剧情/海へ出るつもりじゃなかったし/第5话-ココア・説教・ミジンコ.csv,117,4001032060960,雛菜,"啊～
也对～",283活动剧情,海へ出るつもりじゃなかったし,第5话-ココア・説教・ミジンコ
283活动剧情/海へ出るつもりじゃなかったし/第5话-ココア・説教・ミジンコ.csv,122,4001032060980,雛菜,雏菜没关系～,283活动剧情,海へ出るつもりじゃなかったし,第5话-ココア・説教・ミジンコ
283活动剧情/海へ出るつもりじゃなかったし/第5话-ココア・説教・ミジンコ.csv,134,4001032061050,雛菜,"诶～
这样吗～？",283活动剧情,海へ出るつもりじゃなかったし,第5话-ココア・説教・ミジンコ
283活动剧情/海へ出るつもりじゃなかったし/第5话-ココア・説教・ミジンコ.csv,142,4001032061120,雛菜,"啊哈～
谁知道呢～",283活动剧情,海へ出るつもりじゃなかったし,第5话-ココア・説教・ミジンコ
283活动剧情/海へ出るつもりじゃなかったし/第5话-ココア・説教・ミジンコ.csv,150,4001032061190,雛菜,"啊哈～
优胜的话就有人关注了呢～",283活动剧情,海へ出るつもりじゃなかったし,第5话-ココア・説教・ミジンコ
283活动剧情/海へ出るつもりじゃなかったし/第5话-ココア・説教・ミジンコ.csv,152,4001032061210,雛菜,"啊，要上电视的话
要给透学姐的指甲重涂指甲油了～",283活动剧情,海へ出るつもりじゃなかったし,第5话-ココア・説教・ミジンコ
283活动剧情/海へ出るつもりじゃなかったし/第5话-ココア・説教・ミジンコ.csv,154,4001032061230,雛菜,"嗯～
下面的人也会很危险吗～？",283活动剧情,海へ出るつもりじゃなかったし,第5话-ココア・説教・ミジンコ
283活动剧情/海へ出るつもりじゃなかったし/第6话-あけの星に口づけ.csv,3,4001032070020,雛菜,"嗯～
上面写后面的人身高差不多比较好",283活动剧情,海へ出るつもりじゃなかったし,第6话-あけの星に口づけ
283活动剧情/海へ出るつもりじゃなかったし/第6话-あけの星に口づけ.csv,7,4001032070060,雛菜,那雏菜站前面～,283活动剧情,海へ出るつもりじゃなかったし,第6话-あけの星に口づけ
283活动剧情/海へ出るつもりじゃなかったし/第6话-あけの星に口づけ.csv,11,4001032070080,雛菜,"在所有组里
拿到第1名吗～？",283活动剧情,海へ出るつもりじゃなかったし,第6话-あけの星に口づけ
283活动剧情/海へ出るつもりじゃなかったし/第6话-あけの星に口づけ.csv,15,4001032070110,雛菜,"啊哈～
咚～！",283活动剧情,海へ出るつもりじゃなかったし,第6话-あけの星に口づけ
283活动剧情/海へ出るつもりじゃなかったし/第6话-あけの星に口づけ.csv,17,4001032070130,雛菜,好～,283活动剧情,海へ出るつもりじゃなかったし,第6话-あけの星に口づけ
283活动剧情/海へ出るつもりじゃなかったし/第6话-あけの星に口づけ.csv,28,4001032070220,雛菜,,283活动剧情,海へ出るつもりじゃなかったし,第6话-あけの星に口づけ
283活动剧情/海へ出るつもりじゃなかったし/第6话-あけの星に口づけ.csv,40,4001032070330,雛菜,"对了，制作人
觉得做得到吗～？",283活动剧情,海へ出るつもりじゃなかったし,第6话-あけの星に口づけ
283活动剧情/海へ出るつもりじゃなかったし/第6话-あけの星に口づけ.csv,42,4001032070340,雛菜,"啊哈～
到底怎样～？",283活动剧情,海へ出るつもりじゃなかったし,第6话-あけの星に口づけ
283活动剧情/海へ出るつもりじゃなかったし/第6话-あけの星に口づけ.csv,48,4001032070380,雛菜,预～备————,283活动剧情,海へ出るつもりじゃなかったし,第6话-あけの星に口づけ
283活动剧情/海へ出るつもりじゃなかったし/第6话-あけの星に口づけ.csv,54,4001032070440,雛菜,来了～,283活动剧情,海へ出るつもりじゃなかったし,第6话-あけの星に口づけ
283活动剧情/海へ出るつもりじゃなかったし/第6话-あけの星に口づけ.csv,58,4001032070470,雛菜,"可以
去雏菜想去的地方吗～？",283活动剧情,海へ出るつもりじゃなかったし,第6话-あけの星に口づけ
283活动剧情/海へ出るつもりじゃなかったし/第6话-あけの星に口づけ.csv,61,4001032070500,雛菜,好～,283活动剧情,海へ出るつもりじゃなかったし,第6话-あけの星に口づけ
283活动剧情/海へ出るつもりじゃなかったし/第6话-あけの星に口づけ.csv,63,4001032070520,雛菜,"啊哈～
那雏菜也优胜吗～",283活动剧情,海へ出るつもりじゃなかったし,第6话-あけの星に口づけ
283活动剧情/海へ出るつもりじゃなかったし/第6话-あけの星に口づけ.csv,69,4001032070580,雛菜,"那
往右边镜子的方向————",283活动剧情,海へ出るつもりじゃなかったし,第6话-あけの星に口づけ
283活动剧情/海へ出るつもりじゃなかったし/第6话-あけの星に口づけ.csv,70,4001032070590,雛菜,用跑的～！,283活动剧情,海へ出るつもりじゃなかったし,第6话-あけの星に口づけ
283活动剧情/海へ出るつもりじゃなかったし/第6话-あけの星に口づけ.csv,78,4001032070650,雛菜,那，接着往左～,283活动剧情,海へ出るつもりじゃなかったし,第6话-あけの星に口づけ
283活动剧情/海へ出るつもりじゃなかったし/第6话-あけの星に口づけ.csv,80,4001032070670,雛菜,全速前进～,283活动剧情,海へ出るつもりじゃなかったし,第6话-あけの星に口づけ
283活动剧情/海へ出るつもりじゃなかったし/第6话-あけの星に口づけ.csv,84,4001032070710,雛菜,啊哈～,283活动剧情,海へ出るつもりじゃなかったし,第6话-あけの星に口づけ
283活动剧情/海へ出るつもりじゃなかったし/第6话-あけの星に口づけ.csv,87,4001032070740,雛菜,好～,283活动剧情,海へ出るつもりじゃなかったし,第6话-あけの星に口づけ
283活动剧情/海へ出るつもりじゃなかったし/第6话-あけの星に口づけ.csv,90,4001032070770,雛菜,"咚～！
小糸，碰墙璧～！",283活动剧情,海へ出るつもりじゃなかったし,第6话-あけの星に口づけ
283活动剧情/海へ出るつもりじゃなかったし/第6话-あけの星に口づけ.csv,98,4001032070840,雛菜,要喝水吗？,283活动剧情,海へ出るつもりじゃなかったし,第6话-あけの星に口づけ
283活动剧情/海へ出るつもりじゃなかったし/第6话-あけの星に口づけ.csv,100,4001032070850,雛菜,"喝～？
不喝～？",283活动剧情,海へ出るつもりじゃなかったし,第6话-あけの星に口づけ
283活动剧情/海へ出るつもりじゃなかったし/第6话-あけの星に口づけ.csv,101,4001032070860,雛菜,嗯～……,283活动剧情,海へ出るつもりじゃなかったし,第6话-あけの星に口づけ
283活动剧情/海へ出るつもりじゃなかったし/第6话-あけの星に口づけ.csv,102,4001032070870,雛菜,啊，要吃点心吗～？,283活动剧情,海へ出るつもりじゃなかったし,第6话-あけの星に口づけ
283活动剧情/海へ出るつもりじゃなかったし/第6话-あけの星に口づけ.csv,104,4001032070880,雛菜,"啊哈～
是透学姐",283活动剧情,海へ出るつもりじゃなかったし,第6话-あけの星に口づけ
283活动剧情/海へ出るつもりじゃなかったし/第6话-あけの星に口づけ.csv,118,4001032071010,雛菜,"会说鲑鱼吗～？
鲑，鱼～",283活动剧情,海へ出るつもりじゃなかったし,第6话-あけの星に口づけ
283活动剧情/海へ出るつもりじゃなかったし/第6话-あけの星に口づけ.csv,125,4001032071070,雛菜,"鲑，鱼～
说一下，鲑，鱼～",283活动剧情,海へ出るつもりじゃなかったし,第6话-あけの星に口づけ
283活动剧情/海へ出るつもりじゃなかったし/第6话-あけの星に口づけ.csv,130,4001032071120,雛菜,"鲑，鱼～！
不想喝水了吗～？",283活动剧情,海へ出るつもりじゃなかったし,第6话-あけの星に口づけ
283活动剧情/海へ出るつもりじゃなかったし/第6话-あけの星に口づけ.csv,140,4001032071200,雛菜,"是吗～
说不了吗～……",283活动剧情,海へ出るつもりじゃなかったし,第6话-あけの星に口づけ
283活动剧情/海へ出るつもりじゃなかったし/第6话-あけの星に口づけ.csv,147,4001032071260,雛菜,"……！
呀哈～",283活动剧情,海へ出るつもりじゃなかったし,第6话-あけの星に口づけ
283活动剧情/海へ出るつもりじゃなかったし/第6话-あけの星に口づけ.csv,150,4001032071290,雛菜,听到了吗～？,283活动剧情,海へ出るつもりじゃなかったし,第6话-あけの星に口づけ
283活动剧情/海へ出るつもりじゃなかったし/第6话-あけの星に口づけ.csv,152,4001032071300,雛菜,刚才喊鲑鱼了！,283活动剧情,海へ出るつもりじゃなかったし,第6话-あけの星に口づけ
283活动剧情/海へ出るつもりじゃなかったし/第6话-あけの星に口づけ.csv,154,4001032071320,雛菜,嗯～！,283活动剧情,海へ出るつもりじゃなかったし,第6话-あけの星に口づけ
283活动剧情/海へ出るつもりじゃなかったし/第6话-あけの星に口づけ.csv,156,4001032071340,雛菜,"嗯，已经记住了哦～？
——来，再来一次～",283活动剧情,海へ出るつもりじゃなかったし,第6话-あけの星に口づけ
283活动剧情/海へ出るつもりじゃなかったし/第6话-あけの星に口づけ.csv,159,4001032071360,雛菜,是鲑鱼啊，鲑鱼～,283活动剧情,海へ出るつもりじゃなかったし,第6话-あけの星に口づけ
283活动剧情/海へ出るつもりじゃなかったし/第6话-あけの星に口づけ.csv,164,4001032071400,雛菜,"对对，厉害～！
那就————",283活动剧情,海へ出るつもりじゃなかったし,第6话-あけの星に口づけ
283活动剧情/海へ出るつもりじゃなかったし/第6话-あけの星に口づけ.csv,165,4001032071410,雛菜,透学姐，要吃饭团吗～？,283活动剧情,海へ出るつもりじゃなかったし,第6话-あけの星に口づけ
283活动剧情/海へ出るつもりじゃなかったし/第6话-あけの星に口づけ.csv,168,4001032071420,雛菜,啊哈～！,283活动剧情,海へ出るつもりじゃなかったし,第6话-あけの星に口づけ
283活动剧情/海へ出るつもりじゃなかったし/终章-うみを盗んだやつら.csv,11,4001032080060,雛菜,"啊哈～
雏菜去拿外烩好了～",283活动剧情,海へ出るつもりじゃなかったし,终章-うみを盗んだやつら
283活动剧情/海へ出るつもりじゃなかったし/终章-うみを盗んだやつら.csv,39,4001032080170,雛菜,——嘿咻……,283活动剧情,海へ出るつもりじゃなかったし,终章-うみを盗んだやつら
283活动剧情/海へ出るつもりじゃなかったし/终章-うみを盗んだやつら.csv,43,4001032080210,雛菜,"嗯～
剪了～",283活动剧情,海へ出るつもりじゃなかったし,终章-うみを盗んだやつら
283活动剧情/海へ出るつもりじゃなかったし/终章-うみを盗んだやつら.csv,45,4001032080230,雛菜,"因为裂得很难看不是很讨厌吗～？
优胜的时候或许也会拍到嘛",283活动剧情,海へ出るつもりじゃなかったし,终章-うみを盗んだやつら
283活动剧情/海へ出るつもりじゃなかったし/终章-うみを盗んだやつら.csv,50,4001032080270,雛菜,那就冲到边边～？,283活动剧情,海へ出るつもりじゃなかったし,终章-うみを盗んだやつら
283活动剧情/海へ出るつもりじゃなかったし/终章-うみを盗んだやつら.csv,57,4001032080340,雛菜,"好～
那往左～",283活动剧情,海へ出るつもりじゃなかったし,终章-うみを盗んだやつら
283活动剧情/海へ出るつもりじゃなかったし/终章-うみを盗んだやつら.csv,62,4001032080380,雛菜,"嗯～……
那就去进攻紫外套的～！",283活动剧情,海へ出るつもりじゃなかったし,终章-うみを盗んだやつら
283活动剧情/海へ出るつもりじゃなかったし/终章-うみを盗んだやつら.csv,85,4001032080450,雛菜,"嗯～
不是因为彩排吗？",283活动剧情,海へ出るつもりじゃなかったし,终章-うみを盗んだやつら
283活动剧情/海へ出るつもりじゃなかったし/终章-うみを盗んだやつら.csv,92,4001032080480,雛菜,嘿～？,283活动剧情,海へ出るつもりじゃなかったし,终章-うみを盗んだやつら
283活动剧情/海へ出るつもりじゃなかったし/终章-うみを盗んだやつら.csv,93,4001032080490,雛菜,"头发衣服不整理好不行～
指甲也可能会裂开～",283活动剧情,海へ出るつもりじゃなかったし,终章-うみを盗んだやつら
283活动剧情/海へ出るつもりじゃなかったし/终章-うみを盗んだやつら.csv,95,4001032080510,雛菜,所以不会攻击朋友～,283活动剧情,海へ出るつもりじゃなかったし,终章-うみを盗んだやつら
283活动剧情/海へ出るつもりじゃなかったし/终章-うみを盗んだやつら.csv,106,4001032080530,雛菜,"然后镜头
是一直跟着名人那边走的吧～？",283活动剧情,海へ出るつもりじゃなかったし,终章-うみを盗んだやつら
283活动剧情/海へ出るつもりじゃなかったし/终章-うみを盗んだやつら.csv,108,4001032080550,雛菜,"嗯～
看到了～",283活动剧情,海へ出るつもりじゃなかったし,终章-うみを盗んだやつら
283活动剧情/海へ出るつもりじゃなかったし/终章-うみを盗んだやつら.csv,109,4001032080560,雛菜,"所以正式出场的时候
大家都会往那边去的吧～？",283活动剧情,海へ出るつもりじゃなかったし,终章-うみを盗んだやつら
283活动剧情/海へ出るつもりじゃなかったし/终章-うみを盗んだやつら.csv,112,4001032080590,雛菜,啊哈～,283活动剧情,海へ出るつもりじゃなかったし,终章-うみを盗んだやつら
283活动剧情/海へ出るつもりじゃなかったし/终章-うみを盗んだやつら.csv,118,4001032080640,雛菜,啊哈～,283活动剧情,海へ出るつもりじゃなかったし,终章-うみを盗んだやつら
283活动剧情/海へ出るつもりじゃなかったし/终章-うみを盗んだやつら.csv,129,4001032080700,雛菜,好～,283活动剧情,海へ出るつもりじゃなかったし,终章-うみを盗んだやつら
283活动剧情/海へ出るつもりじゃなかったし/终章-うみを盗んだやつら.csv,134,4001032080750,雛菜,"可是停下来的话
不会很奇怪吗～？",283活动剧情,海へ出るつもりじゃなかったし,终章-うみを盗んだやつら
283活动剧情/海へ出るつもりじゃなかったし/终章-うみを盗んだやつら.csv,136,4001032080770,雛菜,"右、左、右～那样
往就可以了～？",283活动剧情,海へ出るつもりじゃなかったし,终章-うみを盗んだやつら
283活动剧情/海へ出るつもりじゃなかったし/终章-うみを盗んだやつら.csv,143,4001032080840,雛菜,"好～
左边～",283活动剧情,海へ出るつもりじゃなかったし,终章-うみを盗んだやつら
283活动剧情/海へ出るつもりじゃなかったし/终章-うみを盗んだやつら.csv,144,4001032080850,雛菜,"嗯～
剩下大概一半的人～？",283活动剧情,海へ出るつもりじゃなかったし,终章-うみを盗んだやつら
283活动剧情/海へ出るつもりじゃなかったし/终章-うみを盗んだやつら.csv,149,4001032080881,透＆雛菜,嗯————,283活动剧情,海へ出るつもりじゃなかったし,终章-うみを盗んだやつら
283活动剧情/海へ出るつもりじゃなかったし/终章-うみを盗んだやつら.csv,160,4001032080940,雛菜,"那样的话，
只有靠小糸努力了哦～？",283活动剧情,海へ出るつもりじゃなかったし,终章-うみを盗んだやつら
283活动剧情/海へ出るつもりじゃなかったし/终章-うみを盗んだやつら.csv,179,4001032081120,雛菜,"啊哈～
那～",283活动剧情,海へ出るつもりじゃなかったし,终章-うみを盗んだやつら
283活动剧情/海へ出るつもりじゃなかったし/终章-うみを盗んだやつら.csv,180,4001032081130,雛菜,"雏菜们
也踮个脚吗～？",283活动剧情,海へ出るつもりじゃなかったし,终章-うみを盗んだやつら
283活动剧情/海へ出るつもりじゃなかったし/终章-うみを盗んだやつら.csv,192,4001032081250,雛菜,喊3、2、1～？,283活动剧情,海へ出るつもりじゃなかったし,终章-うみを盗んだやつら
283活动剧情/海へ出るつもりじゃなかったし/终章-うみを盗んだやつら.csv,198,4001032081310,雛菜,"啊哈～！
来了～！",283活动剧情,海へ出るつもりじゃなかったし,终章-うみを盗んだやつら
283活动剧情/海へ出るつもりじゃなかったし/终章-うみを盗んだやつら.csv,205,4001032081351,円香＆小糸＆雛菜,,283活动剧情,海へ出るつもりじゃなかったし,终章-うみを盗んだやつら
283活动剧情/海へ出るつもりじゃなかったし/终章-うみを盗んだやつら.csv,215,4001032081390,雛菜,肚子饿了～,283活动剧情,海へ出るつもりじゃなかったし,终章-うみを盗んだやつら
283活动剧情/海へ出るつもりじゃなかったし/终章-うみを盗んだやつら.csv,222,4001032081460,雛菜,"嗯～！
去！",283活动剧情,海へ出るつもりじゃなかったし,终章-うみを盗んだやつら
283活动剧情/海へ出るつもりじゃなかったし/终章-うみを盗んだやつら.csv,232,4001032081560,雛菜,可是，今年要开始了～,283活动剧情,海へ出るつもりじゃなかったし,终章-うみを盗んだやつら
283活动剧情/海へ出るつもりじゃなかったし/终章-うみを盗んだやつら.csv,235,4001032081590,雛菜,那个已经说过了～,283活动剧情,海へ出るつもりじゃなかったし,终章-うみを盗んだやつら
283活动剧情/海へ出るつもりじゃなかったし/终章-うみを盗んだやつら.csv,241,4001032081650,雛菜,其实挺开心的～,283活动剧情,海へ出るつもりじゃなかったし,终章-うみを盗んだやつら
283活动剧情/海へ出るつもりじゃなかったし/终章-うみを盗んだやつら.csv,245,4001032081680,雛菜,"诶～？
什么东西～？",283活动剧情,海へ出るつもりじゃなかったし,终章-うみを盗んだやつら
283活动剧情/海へ出るつもりじゃなかったし/终章-うみを盗んだやつら.csv,251,4001032081740,雛菜,可是没赢呢～,283活动剧情,海へ出るつもりじゃなかったし,终章-うみを盗んだやつら
283活动剧情/海へ出るつもりじゃなかったし/终章-うみを盗んだやつら.csv,257,4001032081800,雛菜,"嗯～
雏菜要去便利店～",283活动剧情,海へ出るつもりじゃなかったし,终章-うみを盗んだやつら
283活动剧情/海へ出るつもりじゃなかったし/终章-うみを盗んだやつら.csv,266,4001032081890,雛菜,"啊哈～！
吹口哨能叫来吗～？",283活动剧情,海へ出るつもりじゃなかったし,终章-うみを盗んだやつら
283活动剧情/海へ出るつもりじゃなかったし/终章-うみを盗んだやつら.csv,270,4001032081930,雛菜,"————♪
来了没～？",283活动剧情,海へ出るつもりじゃなかったし,终章-うみを盗んだやつら
主页剧情/雏菜-万圣节2020.csv,6,4901016230010,雛菜,"嗯～？
制作人、在睡觉吗～？",主页剧情,雏菜-万圣节2020.csv,雏菜-万圣节2020
主页剧情/雏菜-万圣节2020.csv,7,4901016230020,雛菜,"呐、制作人快起来～？
叫不醒吗～？",主页剧情,雏菜-万圣节2020.csv,雏菜-万圣节2020
主页剧情/雏菜-万圣节2020.csv,8,4901016230030,雛菜,"…………啊哈～……
在不快点起床的话～――……",主页剧情,雏菜-万圣节2020.csv,雏菜-万圣节2020
主页剧情/雏菜-万圣节2020.csv,9,4901016230040,雛菜,"呀哈～♡　可惜～
制作人醒了啊～",主页剧情,雏菜-万圣节2020.csv,雏菜-万圣节2020
市川雛菜/2022圣诞/【’22Xmas】クグロフ.csv,2,4901035890010,雛菜,"哦～……
圣诞的感觉～！",市川雛菜,2022圣诞,【’22Xmas】クグロフ
市川雛菜/2022圣诞/【’22Xmas】クグロフ.csv,5,4901035890020,雛菜,"克罗夫蛋糕对吧～？
雏菜知道哦～",市川雛菜,2022圣诞,【’22Xmas】クグロフ
市川雛菜/2022圣诞/【’22Xmas】クグロフ.csv,7,4901035890030,雛菜,"制作人之前不知道吗？
这么说是为了雏菜才特地查来买的吗～",市川雛菜,2022圣诞,【’22Xmas】クグロフ
市川雛菜/2022圣诞/【’22Xmas】クグロフ.csv,8,4901035890040,雛菜,"嗯～
好吃～！",市川雛菜,2022圣诞,【’22Xmas】クグロフ
市川雛菜/2022圣诞/【’22Xmas】ジンジャーブレッド.csv,2,4901035900010,雛菜,"嗯！……
好独特的味道！",市川雛菜,2022圣诞,【’22Xmas】ジンジャーブレッド
市川雛菜/2022圣诞/【’22Xmas】ジンジャーブレッド.csv,4,4901035900020,雛菜,"没有啊～！
看上去很好吃～！",市川雛菜,2022圣诞,【’22Xmas】ジンジャーブレッド
市川雛菜/2022圣诞/【’22Xmas】ジンジャーブレッド.csv,7,4901035900030,雛菜,"啊哈～
又甜又好吃，对身体也好的话",市川雛菜,2022圣诞,【’22Xmas】ジンジャーブレッド
市川雛菜/2022圣诞/【’22Xmas】ジンジャーブレッド.csv,8,4901035900040,雛菜,要吃好多才行呢～？,市川雛菜,2022圣诞,【’22Xmas】ジンジャーブレッド
市川雛菜/2022圣诞/【’22Xmas】ブッシュドノエル.csv,2,4901035910010,雛菜,"诶～！
这些，雏菜可以全部吃掉吗～？",市川雛菜,2022圣诞,【’22Xmas】ブッシュドノエル
市川雛菜/2022圣诞/【’22Xmas】ブッシュドノエル.csv,5,4901035910020,雛菜,"嗯～？
没事的啊～",市川雛菜,2022圣诞,【’22Xmas】ブッシュドノエル
市川雛菜/2022圣诞/【’22Xmas】ブッシュドノエル.csv,7,4901035910030,雛菜,因为，制作人也会和我一起吃的吧？,市川雛菜,2022圣诞,【’22Xmas】ブッシュドノエル
市川雛菜/2022圣诞/【’22Xmas】ブッシュドノエル.csv,8,4901035910040,雛菜,——来，啊——！,市川雛菜,2022圣诞,【’22Xmas】ブッシュドノエル
市川雛菜/2022圣诞/【’22Xmas】雛菜・コーヒー.csv,3,4901035920010,雛菜,"啊哈～，是吧？
是雏菜送来的圣诞礼物！",市川雛菜,2022圣诞,【’22Xmas】雛菜・コーヒー
市川雛菜/2022圣诞/【’22Xmas】雛菜・コーヒー.csv,4,4901035920020,雛菜,稍微高级点的咖啡～！,市川雛菜,2022圣诞,【’22Xmas】雛菜・コーヒー
市川雛菜/2022圣诞/【’22Xmas】雛菜・コーヒー.csv,6,4901035920030,雛菜,"制作人，喜欢咖啡的吧～？
所以去找了有人气的那种～",市川雛菜,2022圣诞,【’22Xmas】雛菜・コーヒー
市川雛菜/2022圣诞/【’22Xmas】雛菜・コーヒー.csv,10,4901035920040,雛菜,"真的～？
那雏菜也喝喝看～",市川雛菜,2022圣诞,【’22Xmas】雛菜・コーヒー
市川雛菜/2022圣诞/【’22Xmas】雛菜・コーヒー.csv,12,4901035920050,雛菜,"诶～？
制作人，没有带点心吗～？",市川雛菜,2022圣诞,【’22Xmas】雛菜・コーヒー
市川雛菜/2022圣诞/【’22Xmas】雛菜・コーヒー.csv,14,4901035920060,雛菜,"明明肯定和这个咖啡很配～
圣诞节的奶油蛋糕之类的……",市川雛菜,2022圣诞,【’22Xmas】雛菜・コーヒー
市川雛菜/2024情人节/490120067.csv,2,4901200670010,雛菜,"好可爱～～～♡
玩偶和巧克力的套装耶～！",市川雛菜,2024情人节,490120067
市川雛菜/2024情人节/490120067.csv,3,4901200670020,雛菜,还有好多种类型～,市川雛菜,2024情人节,490120067
市川雛菜/2024情人节/490120067.csv,4,4901200670030,雛菜,嗯～……,市川雛菜,2024情人节,490120067
市川雛菜/2024情人节/490120067.csv,5,4901200670040,雛菜,"选择不了……
全都买了吧～！",市川雛菜,2024情人节,490120067
市川雛菜/2024情人节/490120068.csv,2,4901200680010,雛菜,"制作人！
来，给你这个～♡",市川雛菜,2024情人节,490120068
市川雛菜/2024情人节/490120068.csv,4,4901200680020,雛菜,"不光是玩偶噢～！
你看，袋子里……",市川雛菜,2024情人节,490120068
市川雛菜/2024情人节/490120068.csv,6,4901200680030,雛菜,"嗯～！
情人节的礼物～！",市川雛菜,2024情人节,490120068
市川雛菜/2024情人节/490120068.csv,8,4901200680040,雛菜,雏菜也买了其他颜色的～！,市川雛菜,2024情人节,490120068
市川雛菜/2024情人节/490120068.csv,9,4901200680050,雛菜,"嗳、制作人
和雏菜同一套，开心吗～？",市川雛菜,2024情人节,490120068
市川雛菜/2024情人节/490120069.csv,2,4901200690010,雛菜,"呀哈～♡
谢谢你，制作人！",市川雛菜,2024情人节,490120069
市川雛菜/2024情人节/490120069.csv,3,4901200690020,雛菜,不过这个，是雏菜想吃的那个吗～？,市川雛菜,2024情人节,490120069
市川雛菜/2024情人节/490120069.csv,4,4901200690030,雛菜,现在打开看看，一起确认一下吧～！,市川雛菜,2024情人节,490120069
市川雛菜/2024白情/490130045.csv,3,4901300450010,雛菜,"呀哈～♡
谢谢你，制作人！",市川雛菜,2024白情,490130045
市川雛菜/2024白情/490130045.csv,4,4901300450020,雛菜,"嗳、制作人
可以现在吃掉吗？",市川雛菜,2024白情,490130045
市川雛菜/2024白情/490130046.csv,3,4901300460010,雛菜,"呀哈～♡
谢谢你，制作人！",市川雛菜,2024白情,490130046
市川雛菜/2024白情/490130046.csv,4,4901300460020,雛菜,"……咦～，这些糖果，有好多形状呢～？
有小熊、兔子……",市川雛菜,2024白情,490130046
市川雛菜/2024白情/490130046.csv,6,4901300460030,雛菜,"……这样啊～
制作人，是为了雏菜才找来这些的吧～",市川雛菜,2024白情,490130046
市川雛菜/2024白情/490130046.csv,7,4901300460040,雛菜,"啊哈～
雏菜，感觉非常开心～！",市川雛菜,2024白情,490130046
市川雛菜/2024白情/490130046.csv,9,4901300460050,雛菜,"嗳、一起拍张照吧～！
制作人也来拿着这个糖果～",市川雛菜,2024白情,490130046
市川雛菜/G.R.A.D.編/A.H.I.csv,2,1023003090010,雛菜,"我是这次参加节目的女高中生偶像
市川雏菜～～～！",市川雛菜,G.R.A.D.編,A.H.I
市川雛菜/G.R.A.D.編/A.H.I.csv,3,1023003090020,雛菜,"在漂亮的大海修学旅行，
真是非常让人感到愉快！",市川雛菜,G.R.A.D.編,A.H.I
市川雛菜/G.R.A.D.編/A.H.I.csv,4,1023003090030,雛菜,"这次，雏菜在“进路调查书”上面写下的
竟然……是人名～！",市川雛菜,G.R.A.D.編,A.H.I
市川雛菜/G.R.A.D.編/A.H.I.csv,5,1023003090040,雛菜,那么到底写的是谁呢～！,市川雛菜,G.R.A.D.編,A.H.I
市川雛菜/G.R.A.D.編/A.H.I.csv,6,1023003090050,雛菜,"“这不会是恋爱！”-第三季-
是梦想还是恋爱，我写下的是——……",市川雛菜,G.R.A.D.編,A.H.I
市川雛菜/G.R.A.D.編/A.H.I.csv,7,1023003090060,雛菜,"锵！
雏菜写下的是，“市川雏菜”～！",市川雛菜,G.R.A.D.編,A.H.I
市川雛菜/G.R.A.D.編/A.H.I.csv,8,1023003090070,雛菜,"这次，像是“梦想”或者“恋爱”之类的很多事情
在这3天2夜里想到了很多……",市川雛菜,G.R.A.D.編,A.H.I
市川雛菜/G.R.A.D.編/A.H.I.csv,9,1023003090080,雛菜,"雏菜现在虽然想着正在干的事情非常的幸福快乐
想要继续下去",市川雛菜,G.R.A.D.編,A.H.I
市川雛菜/G.R.A.D.編/A.H.I.csv,10,1023003090090,雛菜,"想着这样的话写下“梦想”或者“偶像”这样的词
真的～就行了吗",市川雛菜,G.R.A.D.編,A.H.I
市川雛菜/G.R.A.D.編/A.H.I.csv,11,1023003090100,雛菜,"如果要给想要成为的，喜欢的，重要的事物取一个名字的话
那一定就是这个了",市川雛菜,G.R.A.D.編,A.H.I
市川雛菜/G.R.A.D.編/A.H.I.csv,12,1023003090110,雛菜,"所以今后，
“市川雏菜”也请大家多多指教～！",市川雛菜,G.R.A.D.編,A.H.I
市川雛菜/G.R.A.D.編/A.H.I.csv,13,1023003090120,雛菜,"一直以来十分感谢！
拜拜～！",市川雛菜,G.R.A.D.編,A.H.I
市川雛菜/G.R.A.D.編/A.H.I.csv,16,1023003090140,雛菜,"呀哈～
制作人也觉得非常棒吧～？",市川雛菜,G.R.A.D.編,A.H.I
市川雛菜/G.R.A.D.編/A.H.I.csv,18,1023003090150,雛菜,"是吧～
雏菜也这么认为～…………",市川雛菜,G.R.A.D.編,A.H.I
市川雛菜/G.R.A.D.編/A.H.I.csv,19,1023003090160,雛菜,"雏菜，也不是为了得成为偶像
才到283事务所来的",市川雛菜,G.R.A.D.編,A.H.I
市川雛菜/G.R.A.D.編/A.H.I.csv,20,1023003090170,雛菜,但是，当偶像真的是非常快乐～……,市川雛菜,G.R.A.D.編,A.H.I
市川雛菜/G.R.A.D.編/A.H.I.csv,22,1023003090180,雛菜,"所以，不是说为了变得像谁一样……还是
想成为这类偶像之类的",市川雛菜,G.R.A.D.編,A.H.I
市川雛菜/G.R.A.D.編/A.H.I.csv,23,1023003090190,雛菜,"就算跟我说“偶像”就是这样的！
我也不是很明白为什么",市川雛菜,G.R.A.D.編,A.H.I
市川雛菜/G.R.A.D.編/A.H.I.csv,24,1023003090200,雛菜,……所以，雏菜，成为雏菜自己就好了呢,市川雛菜,G.R.A.D.編,A.H.I
市川雛菜/G.R.A.D.編/A.H.I.csv,25,1023003090210,雛菜,"倒不如说，
“偶像”成为雏菜不就好了吗！",市川雛菜,G.R.A.D.編,A.H.I
市川雛菜/G.R.A.D.編/A.H.I.csv,27,1023003090220,雛菜,"欸～……
制作人，你在笑什么呢～？",市川雛菜,G.R.A.D.編,A.H.I
市川雛菜/G.R.A.D.編/A.H.I.csv,30,1023003090230,雛菜,,市川雛菜,G.R.A.D.編,A.H.I
市川雛菜/G.R.A.D.編/A.H.I.csv,31,1023003090240,雛菜,"啊哈～
果然没错吧～？",市川雛菜,G.R.A.D.編,A.H.I
市川雛菜/G.R.A.D.編/A.H.I.csv,32,1023003090250,雛菜,……雏菜，也这样认为！,市川雛菜,G.R.A.D.編,A.H.I
市川雛菜/G.R.A.D.編/F_F.csv,9,1023003030010,雛菜,"……欸～？
并没有……",市川雛菜,G.R.A.D.編,F_F
市川雛菜/G.R.A.D.編/F_F.csv,11,1023003030020,雛菜,"记得他说原因好像是，
因为同样都是偶像？",市川雛菜,G.R.A.D.編,F_F
市川雛菜/G.R.A.D.編/F_F.csv,13,1023003030030,雛菜,,市川雛菜,G.R.A.D.編,F_F
市川雛菜/G.R.A.D.編/F_F.csv,15,1023003030040,雛菜,欸～，所以是说……,市川雛菜,G.R.A.D.編,F_F
市川雛菜/G.R.A.D.編/F_F.csv,20,1023003030050,雛菜,"…………
……原来是这样呀～……",市川雛菜,G.R.A.D.編,F_F
市川雛菜/G.R.A.D.編/F_F.csv,21,1023003030060,雛菜,"嗯，但是
雏菜的话，要做什么才好呢？",市川雛菜,G.R.A.D.編,F_F
市川雛菜/G.R.A.D.編/F_F.csv,23,1023003030070,雛菜,"刚才说的话，如果不是对雏菜说
而是去对本人说的话是不是更好呢",市川雛菜,G.R.A.D.編,F_F
市川雛菜/G.R.A.D.編/F_F.csv,25,1023003030080,雛菜,,市川雛菜,G.R.A.D.編,F_F
市川雛菜/G.R.A.D.編/F_F.csv,27,1023003030090,雛菜,"啊～……
走掉了",市川雛菜,G.R.A.D.編,F_F
市川雛菜/G.R.A.D.編/F_F.csv,28,1023003030100,雛菜,"——“不恋爱”第三季热议中
……这样～",市川雛菜,G.R.A.D.編,F_F
市川雛菜/G.R.A.D.編/F_F.csv,31,1023003030110,雛菜,"这样啊～
那可真好呢～？",市川雛菜,G.R.A.D.編,F_F
市川雛菜/G.R.A.D.編/F_F.csv,34,1023003030120,雛菜,"欸～？
是这样的吗～？",市川雛菜,G.R.A.D.編,F_F
市川雛菜/G.R.A.D.編/F_F.csv,37,1023003030130,雛菜,"嗯～……那个模特说的事
难道不是台本要求的吗～",市川雛菜,G.R.A.D.編,F_F
市川雛菜/G.R.A.D.編/F_F.csv,38,1023003030140,雛菜,"雏菜也是突然被搭话
被吓到了～",市川雛菜,G.R.A.D.編,F_F
市川雛菜/G.R.A.D.編/F_F.csv,42,1023003030150,雛菜,"但是，都已经被播出了，
难道不是事务所那边也同意了的吗？",市川雛菜,G.R.A.D.編,F_F
市川雛菜/G.R.A.D.編/F_F.csv,45,1023003030160,雛菜,"原来如此～，雏菜能这么开心的工作
是因为制作人很厉害呢～",市川雛菜,G.R.A.D.編,F_F
市川雛菜/G.R.A.D.編/F_F.csv,47,1023003030170,雛菜,"……但是，
总感觉真是辛苦呢～……",市川雛菜,G.R.A.D.編,F_F
市川雛菜/G.R.A.D.編/F_F.csv,49,1023003030180,雛菜,"都已经到不得不对谁进行攻击的地步了，
说明喜欢的人已经是自己幸福的全部了吧～？",市川雛菜,G.R.A.D.編,F_F
市川雛菜/G.R.A.D.編/F_F.csv,50,1023003030190,雛菜,"这样的话……
总感觉是非常辛苦呢～",市川雛菜,G.R.A.D.編,F_F
市川雛菜/G.R.A.D.編/F_F.csv,53,1023003030200,雛菜,欸～……？,市川雛菜,G.R.A.D.編,F_F
市川雛菜/G.R.A.D.編/F_F.csv,54,1023003030210,雛菜,"嗯～……
是吗～…………？",市川雛菜,G.R.A.D.編,F_F
市川雛菜/G.R.A.D.編/IMyMeMine.csv,5,1023003040010,雛菜,"…………！
欸，有什么事吗……？",市川雛菜,G.R.A.D.編,IMyMeMine
市川雛菜/G.R.A.D.編/IMyMeMine.csv,6,1023003040020,雛菜,"我好像，听说
晚上摄影人员收工了的——……",市川雛菜,G.R.A.D.編,IMyMeMine
市川雛菜/G.R.A.D.編/IMyMeMine.csv,8,1023003040030,雛菜,"啊哈～……
我是决定了就一定会好好做下去的类型～",市川雛菜,G.R.A.D.編,IMyMeMine
市川雛菜/G.R.A.D.編/IMyMeMine.csv,10,1023003040040,雛菜,"是吗～？
要说什么呢～……？",市川雛菜,G.R.A.D.編,IMyMeMine
市川雛菜/G.R.A.D.編/IMyMeMine.csv,12,1023003040050,雛菜,"啊～……“进路调查书”呀～？
我还完全没有考虑过～……",市川雛菜,G.R.A.D.編,IMyMeMine
市川雛菜/G.R.A.D.編/IMyMeMine.csv,16,1023003040060,雛菜,"欸～？
啊，啊～……………………",市川雛菜,G.R.A.D.編,IMyMeMine
市川雛菜/G.R.A.D.編/IMyMeMine.csv,19,1023003040070,雛菜,"…………
虽然，不是很清楚怎么回事",市川雛菜,G.R.A.D.編,IMyMeMine
市川雛菜/G.R.A.D.編/IMyMeMine.csv,20,1023003040080,雛菜,"大概，我们虽然都是偶像，
但是并不“一样”",市川雛菜,G.R.A.D.編,IMyMeMine
市川雛菜/G.R.A.D.編/IMyMeMine.csv,22,1023003040090,雛菜,"雏菜并不是为了谁
只是为了自己能开心快乐，才当偶像的",市川雛菜,G.R.A.D.編,IMyMeMine
市川雛菜/G.R.A.D.編/IMyMeMine.csv,23,1023003040100,雛菜,看着这样的雏菜，谁能感觉有趣或者变得幸福而已,市川雛菜,G.R.A.D.編,IMyMeMine
市川雛菜/G.R.A.D.編/IMyMeMine.csv,24,1023003040110,雛菜,"……所以雏菜才一直
都选择能让雏菜幸福的选项",市川雛菜,G.R.A.D.編,IMyMeMine
市川雛菜/G.R.A.D.編/IMyMeMine.csv,25,1023003040120,雛菜,…………一直都是,市川雛菜,G.R.A.D.編,IMyMeMine
市川雛菜/G.R.A.D.編/IMyMeMine.csv,28,1023003040130,雛菜,"嗯～
雏菜一直都很努力的哟～？",市川雛菜,G.R.A.D.編,IMyMeMine
市川雛菜/G.R.A.D.編/IMyMeMine.csv,30,1023003040140,雛菜,"是么～？
那就没问题了～",市川雛菜,G.R.A.D.編,IMyMeMine
市川雛菜/G.R.A.D.編/IMyMeMine.csv,32,1023003040150,雛菜,"啊哈～
训练员，看到了吗～？",市川雛菜,G.R.A.D.編,IMyMeMine
市川雛菜/G.R.A.D.編/IMyMeMine.csv,34,1023003040160,雛菜,"欸～？
雏菜，一直都有在练习哦～？",市川雛菜,G.R.A.D.編,IMyMeMine
市川雛菜/G.R.A.D.編/IMyMeMine.csv,35,1023003040170,雛菜,……是吧，制作人,市川雛菜,G.R.A.D.編,IMyMeMine
市川雛菜/G.R.A.D.編/IMyMeMine.csv,36,1023003040180,雛菜,"雏菜，没有被看到的时候也有在
好好练习是吧～？",市川雛菜,G.R.A.D.編,IMyMeMine
市川雛菜/G.R.A.D.編/IMyMeMine.csv,40,1023003040190,雛菜,"嗯……！
都好好做完了哦～！",市川雛菜,G.R.A.D.編,IMyMeMine
市川雛菜/G.R.A.D.編/IMyMeMine.csv,44,1023003040200,雛菜,"呀哈～
我被表扬啦，制作人！",市川雛菜,G.R.A.D.編,IMyMeMine
市川雛菜/G.R.A.D.編/IMyMeMine.csv,50,1023003040210,雛菜,欸～！？,市川雛菜,G.R.A.D.編,IMyMeMine
市川雛菜/G.R.A.D.編/IMyMeMine.csv,51,1023003040220,雛菜,"怎么，感觉
都不知道结果对雏菜是好还是坏了～",市川雛菜,G.R.A.D.編,IMyMeMine
市川雛菜/G.R.A.D.編/IMyMeMine.csv,53,1023003040230,雛菜,"嗯～……
嘛，无所谓啦～！",市川雛菜,G.R.A.D.編,IMyMeMine
市川雛菜/G.R.A.D.編/IMyMeMine.csv,54,1023003040240,雛菜,那么，今天也请多多指教～！,市川雛菜,G.R.A.D.編,IMyMeMine
市川雛菜/G.R.A.D.編/Mr.Right.csv,10,1023003050010,雛菜,"市川雏菜
是高中一年级～♡",市川雛菜,G.R.A.D.編,Mr.Right
市川雛菜/G.R.A.D.編/Mr.Right.csv,12,1023003050020,雛菜,"啊哈～
因为想到海边来！",市川雛菜,G.R.A.D.編,Mr.Right
市川雛菜/G.R.A.D.編/Mr.Right.csv,13,1023003050030,雛菜,还有妈妈是这个节目的粉丝！,市川雛菜,G.R.A.D.編,Mr.Right
市川雛菜/G.R.A.D.編/Mr.Right.csv,15,1023003050040,雛菜,"嗯呜～
没有找到呢～！",市川雛菜,G.R.A.D.編,Mr.Right
市川雛菜/G.R.A.D.編/Mr.Right.csv,17,1023003050050,雛菜,"上高中和偶像活动～！
请关注我的sns哦～！",市川雛菜,G.R.A.D.編,Mr.Right
市川雛菜/G.R.A.D.編/Mr.Right.csv,19,1023003050060,雛菜,"有想过是不是就是……“偶像”
但是，好像还是有些不一样",市川雛菜,G.R.A.D.編,Mr.Right
市川雛菜/G.R.A.D.編/Mr.Right.csv,20,1023003050070,雛菜,"雏菜还是想继续把
雏菜的幸福快乐继续下去～……",市川雛菜,G.R.A.D.編,Mr.Right
市川雛菜/G.R.A.D.編/Mr.Right.csv,21,1023003050080,雛菜,"嗯～……
但是，这是不是“偶像”呢～？",市川雛菜,G.R.A.D.編,Mr.Right
市川雛菜/G.R.A.D.編/Mr.Right.csv,22,1023003050090,雛菜,还需要，再想想～！,市川雛菜,G.R.A.D.編,Mr.Right
市川雛菜/G.R.A.D.編/Mr.Right.csv,24,1023003050100,雛菜,"还没有决定好～!
这也是还需要再想想～！",市川雛菜,G.R.A.D.編,Mr.Right
市川雛菜/G.R.A.D.編/Mr.Right.csv,26,1023003050110,雛菜,"十分感谢～！
雏菜接下来要去海边玩了～！",市川雛菜,G.R.A.D.編,Mr.Right
市川雛菜/G.R.A.D.編/Mr.Right.csv,28,1023003050120,雛菜,"欸～？
是的哦～",市川雛菜,G.R.A.D.編,Mr.Right
市川雛菜/G.R.A.D.編/Mr.Right.csv,30,1023003050130,雛菜,"啊哈～
妈妈说，自己都出演的就要好好去看一看～！",市川雛菜,G.R.A.D.編,Mr.Right
市川雛菜/G.R.A.D.編/Mr.Right.csv,31,1023003050140,雛菜,就帮我开通了会员～！,市川雛菜,G.R.A.D.編,Mr.Right
市川雛菜/G.R.A.D.編/Mr.Right.csv,34,1023003050150,雛菜,"嗯～？
没事，妈妈她自己也想等我看完了之后好交流一下",市川雛菜,G.R.A.D.編,Mr.Right
市川雛菜/G.R.A.D.編/Mr.Right.csv,35,1023003050160,雛菜,"还跟我说除了第三季，
把前面两季也看了吧～……",市川雛菜,G.R.A.D.編,Mr.Right
市川雛菜/G.R.A.D.編/Mr.Right.csv,37,1023003050170,雛菜,"……但是，这个采访
我觉得还是保存到自己的手机上吧～",市川雛菜,G.R.A.D.編,Mr.Right
市川雛菜/G.R.A.D.編/Mr.Right.csv,39,1023003050180,雛菜,"那时候的雏菜，对于
“梦想”和“偶像”是什么",市川雛菜,G.R.A.D.編,Mr.Right
市川雛菜/G.R.A.D.編/Mr.Right.csv,40,1023003050190,雛菜,"没有办法很好的表达出来
用了很多精力来思考",市川雛菜,G.R.A.D.編,Mr.Right
市川雛菜/G.R.A.D.編/Mr.Right.csv,42,1023003050200,雛菜,"所以如果，以后也遇到类似的情况的时候
大概看着这个视频就能想起现在的事情吧",市川雛菜,G.R.A.D.編,Mr.Right
市川雛菜/G.R.A.D.編/Mr.Right.csv,48,1023003050210,雛菜,"啊哈～，是的呀
雏菜也这么认为",市川雛菜,G.R.A.D.編,Mr.Right
市川雛菜/G.R.A.D.編/Mr.Right.csv,50,1023003050220,雛菜,"是啊～
到时候准时收看吧～？",市川雛菜,G.R.A.D.編,Mr.Right
市川雛菜/G.R.A.D.編/Mr.Right.csv,54,1023003050230,雛菜,"是的呢～
雏菜觉得也是这样",市川雛菜,G.R.A.D.編,Mr.Right
市川雛菜/G.R.A.D.編/Mr.Right.csv,55,1023003050240,雛菜,"工作得也很愉快，
真的是非常好的一次工作经历",市川雛菜,G.R.A.D.編,Mr.Right
市川雛菜/G.R.A.D.編/Mr.Right.csv,58,1023003050250,雛菜,"嗯～！
好的～",市川雛菜,G.R.A.D.編,Mr.Right
市川雛菜/G.R.A.D.編/Mr.Right.csv,59,1023003050260,雛菜,"但是，因为想到了
一个很棒的答案",市川雛菜,G.R.A.D.編,Mr.Right
市川雛菜/G.R.A.D.編/Mr.Right.csv,60,1023003050270,雛菜,大概，也不会需要看了吧～？,市川雛菜,G.R.A.D.編,Mr.Right
市川雛菜/G.R.A.D.編/Mr.Right.csv,63,1023003050280,雛菜,嗯～？,市川雛菜,G.R.A.D.編,Mr.Right
市川雛菜/G.R.A.D.編/Mr.Right.csv,65,1023003050290,雛菜,"欸～？
是的，怎么了～",市川雛菜,G.R.A.D.編,Mr.Right
市川雛菜/G.R.A.D.編/Mr.Right.csv,67,1023003050300,雛菜,,市川雛菜,G.R.A.D.編,Mr.Right
市川雛菜/G.R.A.D.編/Mr.Right.csv,68,1023003050310,雛菜,"啊哈～，制作人
感觉说了句跟雏菜风格很像的话～！",市川雛菜,G.R.A.D.編,Mr.Right
市川雛菜/G.R.A.D.編/NO!♡ing!.csv,2,1023003010010,雛菜,呀哈～！大海～～～～～！,市川雛菜,G.R.A.D.編,NO!♡ing!
市川雛菜/G.R.A.D.編/NO!♡ing!.csv,3,1023003010020,雛菜,真的就像是去修学旅行一样呢～,市川雛菜,G.R.A.D.編,NO!♡ing!
市川雛菜/G.R.A.D.編/NO!♡ing!.csv,4,1023003010030,雛菜,哦，有海鸥～！制作人看到了吗～？,市川雛菜,G.R.A.D.編,NO!♡ing!
市川雛菜/G.R.A.D.編/NO!♡ing!.csv,6,1023003010040,雛菜,,市川雛菜,G.R.A.D.編,NO!♡ing!
市川雛菜/G.R.A.D.編/NO!♡ing!.csv,7,1023003010050,雛菜,"怎么感觉
制作人没有精神～？",市川雛菜,G.R.A.D.編,NO!♡ing!
市川雛菜/G.R.A.D.編/NO!♡ing!.csv,9,1023003010060,雛菜,"啊哈～
难道是，又有什么担心的事情么～？",市川雛菜,G.R.A.D.編,NO!♡ing!
市川雛菜/G.R.A.D.編/NO!♡ing!.csv,13,1023003010070,雛菜,"嗯～
虽然雏菜全部都感到很快乐就是了～",市川雛菜,G.R.A.D.編,NO!♡ing!
市川雛菜/G.R.A.D.編/NO!♡ing!.csv,14,1023003010080,雛菜,"你看，这个节目和“G.R.A.D.”
都能出场的话不是非常厉害吗～？",市川雛菜,G.R.A.D.編,NO!♡ing!
市川雛菜/G.R.A.D.編/NO!♡ing!.csv,18,1023003010090,雛菜,"欸～，这样～
那么，不是正好吗～？",市川雛菜,G.R.A.D.編,NO!♡ing!
市川雛菜/G.R.A.D.編/NO!♡ing!.csv,19,1023003010100,雛菜,"虽然，我不知道
大家想看这样的东西～",市川雛菜,G.R.A.D.編,NO!♡ing!
市川雛菜/G.R.A.D.編/NO!♡ing!.csv,21,1023003010110,雛菜,"但是，雏菜感觉很好哦～？
工作内容是修学旅行感觉很让人期待～",市川雛菜,G.R.A.D.編,NO!♡ing!
市川雛菜/G.R.A.D.編/NO!♡ing!.csv,22,1023003010120,雛菜,"虽然雏菜没怎么看过
但是这个节目相当有名的吧～",市川雛菜,G.R.A.D.編,NO!♡ing!
市川雛菜/G.R.A.D.編/NO!♡ing!.csv,24,1023003010130,雛菜,是吧～？,市川雛菜,G.R.A.D.編,NO!♡ing!
市川雛菜/G.R.A.D.編/NO!♡ing!.csv,25,1023003010140,雛菜,"妈妈之前的节目都有看过
所以跟我说了各种各样的内容！",市川雛菜,G.R.A.D.編,NO!♡ing!
市川雛菜/G.R.A.D.編/NO!♡ing!.csv,26,1023003010150,雛菜,"还对我说“雏菜真好啊～”
如果妈妈也是高中生来当偶像就好了啦～",市川雛菜,G.R.A.D.編,NO!♡ing!
市川雛菜/G.R.A.D.編/NO!♡ing!.csv,28,1023003010160,雛菜,"——啊，集合地点，
是不是就在那里？",市川雛菜,G.R.A.D.編,NO!♡ing!
市川雛菜/G.R.A.D.編/NO!♡ing!.csv,30,1023003010170,雛菜,"啊哈～
那我们也赶紧过去吧！",市川雛菜,G.R.A.D.編,NO!♡ing!
市川雛菜/G.R.A.D.編/NO!♡ing!.csv,32,1023003010180,雛菜,"制作人！
快点～～～!",市川雛菜,G.R.A.D.編,NO!♡ing!
市川雛菜/G.R.A.D.編/NO!♡ing!.csv,34,1023003010190,雛菜,"——早安
我是283事务所的市川雏菜～!",市川雛菜,G.R.A.D.編,NO!♡ing!
市川雛菜/G.R.A.D.編/NO!♡ing!.csv,35,1023003010200,雛菜,"今后三天，
请各位多多指教～！",市川雛菜,G.R.A.D.編,NO!♡ing!
市川雛菜/G.R.A.D.編/she;sea.csv,11,1023003020010,雛菜,"…………！
啊，呃……？",市川雛菜,G.R.A.D.編,she;sea
市川雛菜/G.R.A.D.編/she;sea.csv,14,1023003020020,雛菜,"啊～……抱歉，没听过
雏菜对偶像人物不怎么了解",市川雛菜,G.R.A.D.編,she;sea
市川雛菜/G.R.A.D.編/she;sea.csv,15,1023003020030,雛菜,"但是看到参加人员名单，当时还想
有人和雏菜组合里的前辈同名～",市川雛菜,G.R.A.D.編,she;sea
市川雛菜/G.R.A.D.編/she;sea.csv,17,1023003020040,雛菜,欸，这样啊～……,市川雛菜,G.R.A.D.編,she;sea
市川雛菜/G.R.A.D.編/she;sea.csv,19,1023003020050,雛菜,,市川雛菜,G.R.A.D.編,she;sea
市川雛菜/G.R.A.D.編/she;sea.csv,22,1023003020060,雛菜,"啊～……
这样啊，雏菜只是——……",市川雛菜,G.R.A.D.編,she;sea
市川雛菜/G.R.A.D.編/she;sea.csv,23,1023003020070,雛菜,想到海边来，完全没有考虑别的,市川雛菜,G.R.A.D.編,she;sea
市川雛菜/G.R.A.D.編/she;sea.csv,26,1023003020080,雛菜,"啊，制作人！ 结束了哦～！
还被表扬做得非常好～♡",市川雛菜,G.R.A.D.編,she;sea
市川雛菜/G.R.A.D.編/she;sea.csv,27,1023003020090,雛菜,"今天非常努力了的雏菜
现在正在募集慰问品中～！",市川雛菜,G.R.A.D.編,she;sea
市川雛菜/G.R.A.D.編/she;sea.csv,31,1023003020100,雛菜,"刚才，训练员说看了“不恋爱”～
所以我们就谈起来了～",市川雛菜,G.R.A.D.編,she;sea
市川雛菜/G.R.A.D.編/she;sea.csv,36,1023003020110,雛菜,"你看～，不行吧
刚才我都说了不能说出的～",市川雛菜,G.R.A.D.編,she;sea
市川雛菜/G.R.A.D.編/she;sea.csv,39,1023003020120,雛菜,"是呀，那个人真厉害呢～
明明是有台本的，却能用扑克脸说没有！",市川雛菜,G.R.A.D.編,she;sea
市川雛菜/G.R.A.D.編/she;sea.csv,40,1023003020130,雛菜,"雏菜，真是被吓了一跳～
实际上被播出之后，看起来也非常自然呢～？",市川雛菜,G.R.A.D.編,she;sea
市川雛菜/G.R.A.D.編/she;sea.csv,44,1023003020140,雛菜,啊哈～，很厉害吧～！,市川雛菜,G.R.A.D.編,she;sea
市川雛菜/G.R.A.D.編/she;sea.csv,45,1023003020150,雛菜,"雏菜也要在“不恋爱”和“G.R.A.D.”加把劲，
得让大家多关注我才行～",市川雛菜,G.R.A.D.編,she;sea
市川雛菜/G.R.A.D.編/she;sea.csv,46,1023003020160,雛菜,"所以，
今天也更新了推文！",市川雛菜,G.R.A.D.編,she;sea
市川雛菜/G.R.A.D.編/she;sea.csv,48,1023003020170,雛菜,"嗯～！
那么，请帮我跟训练员拍张合照吧～！",市川雛菜,G.R.A.D.編,she;sea
市川雛菜/G.R.A.D.編/she;sea.csv,50,1023003020180,雛菜,"嗯～！
来吧，制作人帮我们拍哦～！",市川雛菜,G.R.A.D.編,she;sea
市川雛菜/Landing Point編/Congrats？.csv,3,1023004010010,雛菜,"嗯～……？
怎么了～……",市川雛菜,Landing Point編,Congrats？
市川雛菜/Landing Point編/Congrats？.csv,5,1023004010020,雛菜,嗯，怎么了吗～？,市川雛菜,Landing Point編,Congrats？
市川雛菜/Landing Point編/Congrats？.csv,7,1023004010030,雛菜,"因为你说要谈这次单独演唱会的事情
然后呢，要谈什么～？",市川雛菜,Landing Point編,Congrats？
市川雛菜/Landing Point編/Congrats？.csv,10,1023004010040,雛菜,"啊～，嗯
确实有这么回事～",市川雛菜,Landing Point編,Congrats？
市川雛菜/Landing Point編/Congrats？.csv,11,1023004010050,雛菜,雏菜，还挺喜欢去想这些点子的,市川雛菜,Landing Point編,Congrats？
市川雛菜/Landing Point編/Congrats？.csv,13,1023004010060,雛菜,诶～！　真的吗～？,市川雛菜,Landing Point編,Congrats？
市川雛菜/Landing Point編/Congrats？.csv,17,1023004010070,雛菜,"嗯～，好的哦～！
我要做～！",市川雛菜,Landing Point編,Congrats？
市川雛菜/Landing Point編/Congrats？.csv,19,1023004010080,雛菜,"服装和化妆之类的有非常多
想要做的东西～……",市川雛菜,Landing Point編,Congrats？
市川雛菜/Landing Point編/Congrats？.csv,20,1023004010090,雛菜,"还有，其他偶像演唱会用过的
可爱的舞台演出设计，我也截图保存了不少",市川雛菜,Landing Point編,Congrats？
市川雛菜/Landing Point編/Congrats？.csv,22,1023004010100,雛菜,"嗯！ 遇到觉得可爱的～设计的话
都是毫不犹豫的先截图保存下来",市川雛菜,Landing Point編,Congrats？
市川雛菜/Landing Point編/Congrats？.csv,23,1023004010110,雛菜,虽然变成了保存得太多搞不清哪里是哪里的了～……,市川雛菜,Landing Point編,Congrats？
市川雛菜/Landing Point編/Congrats？.csv,24,1023004010120,雛菜,"我再去找一下各种各样
可爱的东西吧～！",市川雛菜,Landing Point編,Congrats？
市川雛菜/Landing Point編/Congrats？.csv,26,1023004010130,雛菜,呀哈～,市川雛菜,Landing Point編,Congrats？
市川雛菜/Landing Point編/Congrats？.csv,27,1023004010140,雛菜,"我也要高强度在推他上宣传
请期待单独演唱会把～",市川雛菜,Landing Point編,Congrats？
市川雛菜/Landing Point編/Congrats？.csv,29,1023004010150,雛菜,"嗯～
就是～……──嗯？",市川雛菜,Landing Point編,Congrats？
市川雛菜/Landing Point編/Congrats？.csv,31,1023004010160,雛菜,"啊～……
没啥，不是什么要紧的事情",市川雛菜,Landing Point編,Congrats？
市川雛菜/Landing Point編/Congrats？.csv,32,1023004010170,雛菜,"“toru”这个词在上热搜了
还以为是跟透学姐有关呢",市川雛菜,Landing Point編,Congrats？
市川雛菜/Landing Point編/Congrats？.csv,33,1023004010180,雛菜,"结果是之前那个一起参加节目的
那个男孩子的事情",市川雛菜,Landing Point編,Congrats？
市川雛菜/Landing Point編/Congrats？.csv,34,1023004010190,雛菜,"因为名字跟透学姐发音一样～
所以才有一点印象～……",市川雛菜,Landing Point編,Congrats？
市川雛菜/Landing Point編/Congrats？.csv,36,1023004010200,雛菜,"嗯～……
好像说是，毕业了",市川雛菜,Landing Point編,Congrats？
市川雛菜/Landing Point編/Congrats？.csv,38,1023004010210,雛菜,"好像是说从偶像组合里，退出了
我也不是很清楚",市川雛菜,Landing Point編,Congrats？
市川雛菜/Landing Point編/Congrats？.csv,40,1023004010220,雛菜,"……诶～
这样啊～",市川雛菜,Landing Point編,Congrats？
市川雛菜/Landing Point編/Congrats？.csv,41,1023004010230,雛菜,"…………
那个人，已经不是偶像了啊",市川雛菜,Landing Point編,Congrats？
市川雛菜/Landing Point編/Everyth!ng.csv,3,1023004050010,雛菜,哦～～～……！,市川雛菜,Landing Point編,Everyth!ng
市川雛菜/Landing Point編/Everyth!ng.csv,5,1023004050020,雛菜,"嗯！
雏菜想到的东西都好好放进去了！",市川雛菜,Landing Point編,Everyth!ng
市川雛菜/Landing Point編/Everyth!ng.csv,7,1023004050030,雛菜,"是吗～
但是，这次没有能做到的东西下次也想继续做出来呢～",市川雛菜,Landing Point編,Everyth!ng
市川雛菜/Landing Point編/Everyth!ng.csv,9,1023004050040,雛菜,"好的～！
那么为了迎接下一次还得多多去调查一些东西呢～",市川雛菜,Landing Point編,Everyth!ng
市川雛菜/Landing Point編/Everyth!ng.csv,11,1023004050050,雛菜,"啊哈～
这个真让人感到怀念",市川雛菜,Landing Point編,Everyth!ng
市川雛菜/Landing Point編/Everyth!ng.csv,12,1023004050060,雛菜,"但是这个又从来没见过
诶～……",市川雛菜,Landing Point編,Everyth!ng
市川雛菜/Landing Point編/Everyth!ng.csv,13,1023004050070,雛菜,"因为没见过到连雏菜都惊讶的照片
会让粉丝们也发出“诶～”的惊讶吗～",市川雛菜,Landing Point編,Everyth!ng
市川雛菜/Landing Point編/Everyth!ng.csv,15,1023004050080,雛菜,"是吗～？
那真是太好了呢～",市川雛菜,Landing Point編,Everyth!ng
市川雛菜/Landing Point編/Everyth!ng.csv,16,1023004050090,雛菜,………………,市川雛菜,Landing Point編,Everyth!ng
市川雛菜/Landing Point編/Everyth!ng.csv,17,1023004050100,雛菜,那个，制作人,市川雛菜,Landing Point編,Everyth!ng
市川雛菜/Landing Point編/Everyth!ng.csv,19,1023004050110,雛菜,"之前那个用问题来回答的问题的回答!
关于雏菜想成为什么的那个",市川雛菜,Landing Point編,Everyth!ng
市川雛菜/Landing Point編/Everyth!ng.csv,21,1023004050120,雛菜,"虽然我考虑过了，如果不是偶像了的话
好像并没有什么，将来想做的事情",市川雛菜,Landing Point編,Everyth!ng
市川雛菜/Landing Point編/Everyth!ng.csv,23,1023004050130,雛菜,"应该说是没有么，
想做的事情现在去做就好了",市川雛菜,Landing Point編,Everyth!ng
市川雛菜/Landing Point編/Everyth!ng.csv,25,1023004050140,雛菜,"像唱歌跳舞和在舞台上表演
还有考虑这个舞台应该怎么样也是",市川雛菜,Landing Point編,Everyth!ng
市川雛菜/Landing Point編/Everyth!ng.csv,26,1023004050150,雛菜,现在就在做着，今后也想继续做下去的吧,市川雛菜,Landing Point編,Everyth!ng
市川雛菜/Landing Point編/Everyth!ng.csv,28,1023004050160,雛菜,"登上杂志还有偶尔出演节目，
没有做过的有～……像品牌制作之类的？",市川雛菜,Landing Point編,Everyth!ng
市川雛菜/Landing Point編/Everyth!ng.csv,29,1023004050170,雛菜,"还有跟悠悠熊联动～
自己制作咖啡也很不错～",市川雛菜,Landing Point編,Everyth!ng
市川雛菜/Landing Point編/Everyth!ng.csv,30,1023004050180,雛菜,"现在雏菜没有想到的，只是不知道而已
应该，还有非常多",市川雛菜,Landing Point編,Everyth!ng
市川雛菜/Landing Point編/Everyth!ng.csv,31,1023004050190,雛菜,想做的事情，多到数不清,市川雛菜,Landing Point編,Everyth!ng
市川雛菜/Landing Point編/Everyth!ng.csv,33,1023004050200,雛菜,"但是，时间是有限的
很快就走过去了",市川雛菜,Landing Point編,Everyth!ng
市川雛菜/Landing Point編/Everyth!ng.csv,34,1023004050210,雛菜,"我觉得，难道一定非得要去思考
要从哪里开始做吗",市川雛菜,Landing Point編,Everyth!ng
市川雛菜/Landing Point編/Everyth!ng.csv,35,1023004050220,雛菜,"因为，雏菜虽然一生都是雏菜
但是，并不是一生都是noctchill吧？",市川雛菜,Landing Point編,Everyth!ng
市川雛菜/Landing Point編/Everyth!ng.csv,37,1023004050230,雛菜,"所以单独演唱会，
绝对想要充满乐趣和幸福吧",市川雛菜,Landing Point編,Everyth!ng
市川雛菜/Landing Point編/Everyth!ng.csv,38,1023004050240,雛菜,雏菜一个人的话，没法成为noctchill,市川雛菜,Landing Point編,Everyth!ng
市川雛菜/Landing Point編/Everyth!ng.csv,39,1023004050250,雛菜,"透学姐，圆香学姐，小糸
还有制作人，如果不是有你们在的话",市川雛菜,Landing Point編,Everyth!ng
市川雛菜/Landing Point編/Everyth!ng.csv,41,1023004050260,雛菜,"不是想要到什么东西结束之后
回头看去觉得很愉快",市川雛菜,Landing Point編,Everyth!ng
市川雛菜/Landing Point編/Everyth!ng.csv,42,1023004050270,雛菜,"而是在结束的瞬间之前
就觉得所有的时间都很快乐才行",市川雛菜,Landing Point編,Everyth!ng
市川雛菜/Landing Point編/Everyth!ng.csv,48,1023004050280,雛菜,"呀哈～
真的吗～？",市川雛菜,Landing Point編,Everyth!ng
市川雛菜/Landing Point編/Everyth!ng.csv,53,1023004050290,雛菜,"嗯～！
准备工作也是非常充分了～！",市川雛菜,Landing Point編,Everyth!ng
市川雛菜/Landing Point編/Everyth!ng.csv,54,1023004050300,雛菜,"啊哈～
真让人兴奋呢～",市川雛菜,Landing Point編,Everyth!ng
市川雛菜/Landing Point編/Everyth!ng.csv,57,1023004050310,雛菜,"うん嗯～！
雏菜是非常的快乐了",市川雛菜,Landing Point編,Everyth!ng
市川雛菜/Landing Point編/Everyth!ng.csv,58,1023004050320,雛菜,制作人不是吗？,市川雛菜,Landing Point編,Everyth!ng
市川雛菜/Landing Point編/Everyth!ng.csv,60,1023004050330,雛菜,"啊～
马上就是正式上场了啊～",市川雛菜,Landing Point編,Everyth!ng
市川雛菜/Landing Point編/Everyth!ng.csv,61,1023004050340,雛菜,做准备的这些时间也是很快就没了呢～……,市川雛菜,Landing Point編,Everyth!ng
市川雛菜/Landing Point編/Everyth!ng.csv,63,1023004050350,雛菜,"嗯～
但是，这也不是最后一次吧？",市川雛菜,Landing Point編,Everyth!ng
市川雛菜/Landing Point編/Everyth!ng.csv,64,1023004050360,雛菜,"我觉得像现在这样的事情
制作人无论多少次都会让我去做的",市川雛菜,Landing Point編,Everyth!ng
市川雛菜/Landing Point編/Everyth!ng.csv,66,1023004050370,雛菜,啊哈～，不对吗？,市川雛菜,Landing Point編,Everyth!ng
市川雛菜/Landing Point編/Everyth!ng.csv,70,1023004050380,雛菜,────嗯！,市川雛菜,Landing Point編,Everyth!ng
市川雛菜/Landing Point編/IDOL P.csv,2,1023004030010,雛菜,“偶像　不干了之后　会变成什么”,市川雛菜,Landing Point編,IDOL P
市川雛菜/Landing Point編/IDOL P.csv,3,1023004030020,雛菜,──搜索,市川雛菜,Landing Point編,IDOL P
市川雛菜/Landing Point編/IDOL P.csv,4,1023004030030,雛菜,,市川雛菜,Landing Point編,IDOL P
市川雛菜/Landing Point編/IDOL P.csv,5,1023004030040,雛菜,呼～嗯……,市川雛菜,Landing Point編,IDOL P
市川雛菜/Landing Point編/IDOL P.csv,7,1023004030050,雛菜,嗯～…………,市川雛菜,Landing Point編,IDOL P
市川雛菜/Landing Point編/IDOL P.csv,8,1023004030060,雛菜,──那个，制作人,市川雛菜,Landing Point編,IDOL P
市川雛菜/Landing Point編/IDOL P.csv,10,1023004030070,雛菜,"制作人是
怎么当上制作人的呢？",市川雛菜,Landing Point編,IDOL P
市川雛菜/Landing Point編/IDOL P.csv,12,1023004030080,雛菜,"我在调查，偶像们在不干了之后
会变成什么呢之类的",市川雛菜,Landing Point編,IDOL P
市川雛菜/Landing Point編/IDOL P.csv,14,1023004030090,雛菜,诶～？,市川雛菜,Landing Point編,IDOL P
市川雛菜/Landing Point編/IDOL P.csv,16,1023004030100,雛菜,"啊～
那个人的话好像是这样～",市川雛菜,Landing Point編,IDOL P
市川雛菜/Landing Point編/IDOL P.csv,17,1023004030110,雛菜,"有以文艺工作者、歌手、演员之类的艺人继续下去的
也有去当编舞和作词或者工作人员的",市川雛菜,Landing Point編,IDOL P
市川雛菜/Landing Point編/IDOL P.csv,18,1023004030120,雛菜,"品牌制作人
和偶像的制作人的也有不少",市川雛菜,Landing Point編,IDOL P
市川雛菜/Landing Point編/IDOL P.csv,21,1023004030130,雛菜,"所以，想知道制作人是怎么当上
偶像制作人的",市川雛菜,Landing Point編,IDOL P
市川雛菜/Landing Point編/IDOL P.csv,24,1023004030140,雛菜,啊～，是吗,市川雛菜,Landing Point編,IDOL P
市川雛菜/Landing Point編/IDOL P.csv,27,1023004030150,雛菜,"诶～
感觉非常不容易的样子～……",市川雛菜,Landing Point編,IDOL P
市川雛菜/Landing Point編/IDOL P.csv,28,1023004030160,雛菜,"但是，让曾经是偶像的人来当
偶像的制作人这样真的好吗",市川雛菜,Landing Point編,IDOL P
市川雛菜/Landing Point編/IDOL P.csv,29,1023004030170,雛菜,自己的经历，可以有参考价值呢？,市川雛菜,Landing Point編,IDOL P
市川雛菜/Landing Point編/IDOL P.csv,32,1023004030180,雛菜,嗯～……,市川雛菜,Landing Point編,IDOL P
市川雛菜/Landing Point編/IDOL P.csv,33,1023004030190,雛菜,"但是就算不是这样，制作人也是有好好的
成为一名好的制作人吧～？",市川雛菜,Landing Point編,IDOL P
市川雛菜/Landing Point編/IDOL P.csv,35,1023004030200,雛菜,"为什么制作人明明不是雏菜
也不是偶像",市川雛菜,Landing Point編,IDOL P
市川雛菜/Landing Point編/IDOL P.csv,36,1023004030210,雛菜,"却能明白雏菜的感受呢～
偶尔会有些感到不可思议呢",市川雛菜,Landing Point編,IDOL P
市川雛菜/Landing Point編/IDOL P.csv,39,1023004030220,雛菜,──啊！　这样啊！　是因为这样吗？,市川雛菜,Landing Point編,IDOL P
市川雛菜/Landing Point編/IDOL P.csv,41,1023004030230,雛菜,"难道以前制作人，
是当过偶像吗？",市川雛菜,Landing Point編,IDOL P
市川雛菜/Landing Point編/IDOL P.csv,44,1023004030240,雛菜,"怎么这样～
没当过吗～……",市川雛菜,Landing Point編,IDOL P
市川雛菜/Landing Point編/IDOL P.csv,45,1023004030250,雛菜,那个，制作人,市川雛菜,Landing Point編,IDOL P
市川雛菜/Landing Point編/IDOL P.csv,46,1023004030260,雛菜,"雏菜也，总有一天会成为不是高中生
也不是偶像的雏菜吧",市川雛菜,Landing Point編,IDOL P
市川雛菜/Landing Point編/IDOL P.csv,48,1023004030270,雛菜,到那时候，雏菜会成为什么呢？,市川雛菜,Landing Point編,IDOL P
市川雛菜/Landing Point編/IDOL P.csv,49,1023004030280,雛菜,制作人，知道吗？,市川雛菜,Landing Point編,IDOL P
市川雛菜/Landing Point編/Q＆Q.csv,2,1023004040010,雛菜,"……感觉
十分手忙脚乱的样子～……",市川雛菜,Landing Point編,Q＆Q
市川雛菜/Landing Point編/Q＆Q.csv,6,1023004040020,雛菜,"辛苦了～
可以哦～",市川雛菜,Landing Point編,Q＆Q
市川雛菜/Landing Point編/Q＆Q.csv,8,1023004040030,雛菜,"啊哈～
没事的～！  那就麻烦了～！",市川雛菜,Landing Point編,Q＆Q
市川雛菜/Landing Point編/Q＆Q.csv,9,1023004040040,雛菜,"那么制作人，雏菜先去采访了！
会好好的给单独演唱会做好宣传的～",市川雛菜,Landing Point編,Q＆Q
市川雛菜/Landing Point編/Q＆Q.csv,12,1023004040050,雛菜,"嗯～
最近果然是在进行单独演唱会的准备呢～",市川雛菜,Landing Point編,Q＆Q
市川雛菜/Landing Point編/Q＆Q.csv,13,1023004040060,雛菜,雏菜也提出了各种各样的建议推进着准备工作…………,市川雛菜,Landing Point編,Q＆Q
市川雛菜/Landing Point編/Q＆Q.csv,14,1023004040070,雛菜,"……这个杂志
是要准备在什么时候发售呢，是在演唱会之前吗？",市川雛菜,Landing Point編,Q＆Q
市川雛菜/Landing Point編/Q＆Q.csv,16,1023004040080,雛菜,"这样啊～……那么
单独演唱会的部分请报道在网络上！",市川雛菜,Landing Point編,Q＆Q
市川雛菜/Landing Point編/Q＆Q.csv,19,1023004040090,雛菜,"呀哈～
那就太感谢您了！",市川雛菜,Landing Point編,Q＆Q
市川雛菜/Landing Point編/Q＆Q.csv,21,1023004040100,雛菜,"唱歌和舞蹈的训练跟往常一样
服装和化妆，还有舞台演出设计都想了很多点子",市川雛菜,Landing Point編,Q＆Q
市川雛菜/Landing Point編/Q＆Q.csv,23,1023004040110,雛菜,"嗯～……并不是都是雏菜来决定的
我想做这些东西！只是这样说了而已",市川雛菜,Landing Point編,Q＆Q
市川雛菜/Landing Point編/Q＆Q.csv,24,1023004040120,雛菜,"实际上能做出来是因为
制作人和工作人员们帮我进行了调整",市川雛菜,Landing Point編,Q＆Q
市川雛菜/Landing Point編/Q＆Q.csv,25,1023004040130,雛菜,"但是，希望什么时候也想能做一个
全部由雏菜想出来的～演唱会！",市川雛菜,Landing Point編,Q＆Q
市川雛菜/Landing Point編/Q＆Q.csv,27,1023004040140,雛菜,"就这样在完成这种工作的路程中
变得能更清楚自己喜欢的是什么",市川雛菜,Landing Point編,Q＆Q
市川雛菜/Landing Point編/Q＆Q.csv,28,1023004040150,雛菜,"如果能有喜欢上新的事物的话
就能更喜欢之前喜欢的事物了",市川雛菜,Landing Point編,Q＆Q
市川雛菜/Landing Point編/Q＆Q.csv,30,1023004040160,雛菜,想做的事情有到数不清的程度,市川雛菜,Landing Point編,Q＆Q
市川雛菜/Landing Point編/Q＆Q.csv,31,1023004040170,雛菜,"但是时间总是飞快的就溜走了
回过头来总是感叹怎么就结束了～",市川雛菜,Landing Point編,Q＆Q
市川雛菜/Landing Point編/Q＆Q.csv,32,1023004040180,雛菜,哈啊～……,市川雛菜,Landing Point編,Q＆Q
市川雛菜/Landing Point編/Q＆Q.csv,34,1023004040190,雛菜,"啊哈～……
是的呢～，摄影都很快就结束了",市川雛菜,Landing Point編,Q＆Q
市川雛菜/Landing Point編/Q＆Q.csv,36,1023004040200,雛菜,"对吧～
雏菜真的非常努力了～……",市川雛菜,Landing Point編,Q＆Q
市川雛菜/Landing Point編/Q＆Q.csv,38,1023004040210,雛菜,诶～，雏菜一直都很有干劲哦～？,市川雛菜,Landing Point編,Q＆Q
市川雛菜/Landing Point編/Q＆Q.csv,40,1023004040220,雛菜,"但是，也是有很多人呢不知道雏菜
是以组合来进行活动的",市川雛菜,Landing Point編,Q＆Q
市川雛菜/Landing Point編/Q＆Q.csv,41,1023004040230,雛菜,特别是看那种时尚杂志的人之类的,市川雛菜,Landing Point編,Q＆Q
市川雛菜/Landing Point編/Q＆Q.csv,43,1023004040240,雛菜,"嗯～！
但是，会不会来看演唱会就不知道了呢～",市川雛菜,Landing Point編,Q＆Q
市川雛菜/Landing Point編/Q＆Q.csv,46,1023004040250,雛菜,嗯～？,市川雛菜,Landing Point編,Q＆Q
市川雛菜/Landing Point編/Q＆Q.csv,48,1023004040260,雛菜,"啊～，嗯！
是想到了什么吗？　制作人",市川雛菜,Landing Point編,Q＆Q
市川雛菜/Landing Point編/Smart♡cookie.csv,2,1023004060010,雛菜,总感觉，好闲～,市川雛菜,Landing Point編,Smart♡cookie
市川雛菜/Landing Point編/Smart♡cookie.csv,5,1023004060020,雛菜,诶～……？,市川雛菜,Landing Point編,Smart♡cookie
市川雛菜/Landing Point編/Smart♡cookie.csv,6,1023004060030,雛菜,"啊～……
抱歉",市川雛菜,Landing Point編,Smart♡cookie
市川雛菜/Landing Point編/Smart♡cookie.csv,7,1023004060040,雛菜,"因为只有制作人在这里
所以我觉得没问题来着～……",市川雛菜,Landing Point編,Smart♡cookie
市川雛菜/Landing Point編/Smart♡cookie.csv,8,1023004060050,雛菜,"啊哈～
这个饼干，有些受潮了～……",市川雛菜,Landing Point編,Smart♡cookie
市川雛菜/Landing Point編/Smart♡cookie.csv,11,1023004060060,雛菜,嗯～……,市川雛菜,Landing Point編,Smart♡cookie
市川雛菜/Landing Point編/Smart♡cookie.csv,12,1023004060070,雛菜,"因为，之前都一直在
忙着单独演唱会的事情～？",市川雛菜,Landing Point編,Smart♡cookie
市川雛菜/Landing Point編/Smart♡cookie.csv,13,1023004060080,雛菜,"这种忙的状态突然没有了
就感觉非常闲～……",市川雛菜,Landing Point編,Smart♡cookie
市川雛菜/Landing Point編/Smart♡cookie.csv,14,1023004060090,雛菜,"然后身体就被沙发困住了
现在已经合为一体了～……",市川雛菜,Landing Point編,Smart♡cookie
市川雛菜/Landing Point編/Smart♡cookie.csv,17,1023004060100,雛菜,"是的呢～……
感觉，虽然是有干劲",市川雛菜,Landing Point編,Smart♡cookie
市川雛菜/Landing Point編/Smart♡cookie.csv,18,1023004060110,雛菜,"但是太努力了
所以可能努力过头了的",市川雛菜,Landing Point編,Smart♡cookie
市川雛菜/Landing Point編/Smart♡cookie.csv,19,1023004060120,雛菜,感觉雏菜，软软的～……,市川雛菜,Landing Point編,Smart♡cookie
市川雛菜/Landing Point編/Smart♡cookie.csv,23,1023004060130,雛菜,"诶～……？
什么～？",市川雛菜,Landing Point編,Smart♡cookie
市川雛菜/Landing Point編/Smart♡cookie.csv,27,1023004060140,雛菜,"哦～……！
雏菜，好棒～",市川雛菜,Landing Point編,Smart♡cookie
市川雛菜/Landing Point編/Smart♡cookie.csv,29,1023004060150,雛菜,"嗯～
真是让人兴奋呢～！",市川雛菜,Landing Point編,Smart♡cookie
市川雛菜/Landing Point編/Smart♡cookie.csv,31,1023004060160,雛菜,,市川雛菜,Landing Point編,Smart♡cookie
市川雛菜/Landing Point編/Smart♡cookie.csv,34,1023004060170,雛菜,,市川雛菜,Landing Point編,Smart♡cookie
市川雛菜/Landing Point編/Smart♡cookie.csv,35,1023004060180,雛菜,"太好了～！
雏菜，开动了！",市川雛菜,Landing Point編,Smart♡cookie
市川雛菜/Landing Point編/Smart♡cookie.csv,37,1023004060190,雛菜,"嗯～！
果然饼干还是得要这样的才行呢～",市川雛菜,Landing Point編,Smart♡cookie
市川雛菜/Landing Point編/dunno.csv,2,1023004020010,雛菜,"“在组合发展初期就作为核心成员进行活动
单人的工作也很多”",市川雛菜,Landing Point編,dunno
市川雛菜/Landing Point編/dunno.csv,3,1023004020020,雛菜,"“最近参加了有名的真人秀节目
也引起了很多的讨论”",市川雛菜,Landing Point編,dunno
市川雛菜/Landing Point編/dunno.csv,4,1023004020030,雛菜,"“毕业之后，以文艺工作者、演员之类的为中心
来开展其他各种的活动”──",市川雛菜,Landing Point編,dunno
市川雛菜/Landing Point編/dunno.csv,5,1023004020040,雛菜,诶～……,市川雛菜,Landing Point編,dunno
市川雛菜/Landing Point編/dunno.csv,6,1023004020050,雛菜,──啊,市川雛菜,Landing Point編,dunno
市川雛菜/Landing Point編/dunno.csv,7,1023004020060,雛菜,"“toru毕业纪念，演唱会免费观看”
…………──",市川雛菜,Landing Point編,dunno
市川雛菜/Landing Point編/dunno.csv,8,1023004020070,雛菜,"啊，制作人
来了呀",市川雛菜,Landing Point編,dunno
市川雛菜/Landing Point編/dunno.csv,10,1023004020080,雛菜,"嗯！
关于单独演唱会，不是说叫我多提几个建议吗？",市川雛菜,Landing Point編,dunno
市川雛菜/Landing Point編/dunno.csv,11,1023004020090,雛菜,"所以我参考了很多别人的东西，把能我觉得好的
带来和制作人商量一下！",市川雛菜,Landing Point編,dunno
市川雛菜/Landing Point編/dunno.csv,13,1023004020100,雛菜,"因为雏菜是乐在其中！
然后──",市川雛菜,Landing Point編,dunno
市川雛菜/Landing Point編/dunno.csv,14,1023004020110,雛菜,"服装的话，用现在有的～……
如果还要做新的的话我觉得这样的比较好",市川雛菜,Landing Point編,dunno
市川雛菜/Landing Point編/dunno.csv,16,1023004020120,雛菜,"是吧～？　但是，我是觉得服装的话
跟要表演的曲子一起决定比较好",市川雛菜,Landing Point編,dunno
市川雛菜/Landing Point編/dunno.csv,17,1023004020130,雛菜,首先还是得先定好曲目表才行呢～,市川雛菜,Landing Point編,dunno
市川雛菜/Landing Point編/dunno.csv,19,1023004020140,雛菜,"那么就等决定下来再考虑吧～
然后──……",市川雛菜,Landing Point編,dunno
市川雛菜/Landing Point編/dunno.csv,20,1023004020150,雛菜,"在曲子之间休息的时候加入
综艺环节的做法也不少",市川雛菜,Landing Point編,dunno
市川雛菜/Landing Point編/dunno.csv,21,1023004020160,雛菜,"在综艺的时候穿上玩偶服或者
cosplay的也有！",市川雛菜,Landing Point編,dunno
市川雛菜/Landing Point編/dunno.csv,23,1023004020170,雛菜,"是吧～
虽然是说服装，但那样也只是买现成的穿起来",市川雛菜,Landing Point編,dunno
市川雛菜/Landing Point編/dunno.csv,24,1023004020180,雛菜,事务所的仓库里也有很多类似的衣服吧？,市川雛菜,Landing Point編,dunno
市川雛菜/Landing Point編/dunno.csv,26,1023004020190,雛菜,"之前制作人，说我可以随便使用
事务所的资料",市川雛菜,Landing Point編,dunno
市川雛菜/Landing Point編/dunno.csv,27,1023004020200,雛菜,所以在寻找有用的东西的时候发现的！,市川雛菜,Landing Point編,dunno
市川雛菜/Landing Point編/dunno.csv,29,1023004020210,雛菜,"把已经有了的东西再加工也是可以的呢～
比如把这个加上猫耳──……",市川雛菜,Landing Point編,dunno
市川雛菜/Landing Point編/dunno.csv,30,1023004020220,雛菜,"──啊，还有！
还有一个，有趣的点子",市川雛菜,Landing Point編,dunno
市川雛菜/Landing Point編/dunno.csv,32,1023004020230,雛菜,"在op，和曲子之间不是要放视频吗？
我想在那个时候，把小时候的照片用进去",市川雛菜,Landing Point編,dunno
市川雛菜/Landing Point編/dunno.csv,33,1023004020240,雛菜,"雏菜跟大家，是青梅竹马
有一些大家一起拍的照片",市川雛菜,Landing Point編,dunno
市川雛菜/Landing Point編/dunno.csv,34,1023004020250,雛菜,"之前在推他上发小时候的照片
也是收到了很多评论",市川雛菜,Landing Point編,dunno
市川雛菜/Landing Point編/dunno.csv,37,1023004020260,雛菜,"啊～……
是在，那个toru的演唱会看到的",市川雛菜,Landing Point編,dunno
市川雛菜/Landing Point編/dunno.csv,39,1023004020270,雛菜,"因为是免费观看就看到了
说是毕业纪念",市川雛菜,Landing Point編,dunno
市川雛菜/Landing Point編/dunno.csv,41,1023004020280,雛菜,诶,市川雛菜,Landing Point編,dunno
市川雛菜/Landing Point編/dunno.csv,44,1023004020290,雛菜,"呜～……
说是在意那个人的话",市川雛菜,Landing Point編,dunno
市川雛菜/Landing Point編/dunno.csv,45,1023004020300,雛菜,"不如说是在意他自己那么想把偶像进行下去
但还是不干了",市川雛菜,Landing Point編,dunno
市川雛菜/Landing Point編/dunno.csv,46,1023004020310,雛菜,"我是不清楚
也有可能并不是这样也说不定",市川雛菜,Landing Point編,dunno
市川雛菜/Landing Point編/dunno.csv,48,1023004020320,雛菜,"像那样当着偶像的人，
如果不是偶像了到底会变成什么呢",市川雛菜,Landing Point編,dunno
市川雛菜/Landing Point編/dunno.csv,49,1023004020330,雛菜,只是在意这一点而已,市川雛菜,Landing Point編,dunno
市川雛菜/Morning/produce_communications_102300100011.csv,3,1023001000110010,雛菜,啊哈～！　早上好～,市川雛菜,Morning,produce_communications_102300100011
市川雛菜/Morning/produce_communications_102300100011.csv,4,1023001000110020,雛菜,"早上就能见到制作人
雏菜，真幸福！",市川雛菜,Morning,produce_communications_102300100011
市川雛菜/Morning/produce_communications_102300100011.csv,9,1023001000110030,雛菜,"是吧～？
今天也会是美好的一天啊～",市川雛菜,Morning,produce_communications_102300100011
市川雛菜/Morning/produce_communications_102300100011.csv,10,1023001000110040,雛菜,"这么好的一天
要不要去买个蛋糕纪念下呢～！",市川雛菜,Morning,produce_communications_102300100011
市川雛菜/Morning/produce_communications_102300100011.csv,12,1023001000110050,雛菜,雏菜也觉得～！,市川雛菜,Morning,produce_communications_102300100011
市川雛菜/Morning/produce_communications_102300100011.csv,13,1023001000110060,雛菜,制作人也感到幸福吗～？,市川雛菜,Morning,produce_communications_102300100011
市川雛菜/Morning/produce_communications_102300100011.csv,15,1023001000110070,雛菜,"诶～……
才没那回事哦～？",市川雛菜,Morning,produce_communications_102300100011
市川雛菜/Morning/produce_communications_102300100011.csv,16,1023001000110080,雛菜,"难道制作人，
见到雏菜不觉得幸福吗～……？",市川雛菜,Morning,produce_communications_102300100011
市川雛菜/Morning/produce_communications_102300100021.csv,2,1023001000210010,雛菜,"制作人
早上好～♡",市川雛菜,Morning,produce_communications_102300100021
市川雛菜/Morning/produce_communications_102300100021.csv,4,1023001000210020,雛菜,啊哈～好像是这样呢～？,市川雛菜,Morning,produce_communications_102300100021
市川雛菜/Morning/produce_communications_102300100021.csv,9,1023001000210030,雛菜,"啊哈～，真拿你没办法啊
会这么做的～",市川雛菜,Morning,produce_communications_102300100021
市川雛菜/Morning/produce_communications_102300100021.csv,10,1023001000210040,雛菜,"今天发生的开心事
回来之后要全部听着哦～？",市川雛菜,Morning,produce_communications_102300100021
市川雛菜/Morning/produce_communications_102300100021.csv,12,1023001000210050,雛菜,"嗯～……
那就先走了～",市川雛菜,Morning,produce_communications_102300100021
市川雛菜/Morning/produce_communications_102300100021.csv,13,1023001000210060,雛菜,回家的时候，雏菜会再过来哦～？,市川雛菜,Morning,produce_communications_102300100021
市川雛菜/Morning/produce_communications_102300100021.csv,15,1023001000210070,雛菜,诶～……,市川雛菜,Morning,produce_communications_102300100021
市川雛菜/Morning/produce_communications_102300100021.csv,16,1023001000210080,雛菜,"明明不是雏菜太慢
而是第一节课太早了啦～……",市川雛菜,Morning,produce_communications_102300100021
市川雛菜/Morning/produce_communications_102300100031.csv,2,1023001000310010,雛菜,"制作人，刚才雏菜在路上
被问了“对娱乐圈有兴趣吗？”～",市川雛菜,Morning,produce_communications_102300100031
市川雛菜/Morning/produce_communications_102300100031.csv,4,1023001000310020,雛菜,"嗯～？
就说了“有呀～”～？",市川雛菜,Morning,produce_communications_102300100031
市川雛菜/Morning/produce_communications_102300100031.csv,9,1023001000310030,雛菜,"诶～？
嗯～拒绝了！",市川雛菜,Morning,produce_communications_102300100031
市川雛菜/Morning/produce_communications_102300100031.csv,10,1023001000310040,雛菜,"因为不管是透前辈还是制作人
都只在这里才有不是嘛～？",市川雛菜,Morning,produce_communications_102300100031
市川雛菜/Morning/produce_communications_102300100031.csv,12,1023001000310050,雛菜,嗯～怎么说呢～？,市川雛菜,Morning,produce_communications_102300100031
市川雛菜/Morning/produce_communications_102300100031.csv,13,1023001000310060,雛菜,"虽然他有在说些什么
但没多久就跟他拜拜了所以也不知道啦～",市川雛菜,Morning,produce_communications_102300100031
市川雛菜/Morning/produce_communications_102300100031.csv,15,1023001000310070,雛菜,"诶～～～
就这～？",市川雛菜,Morning,produce_communications_102300100031
市川雛菜/Morning/produce_communications_102300100031.csv,16,1023001000310080,雛菜,"制作人，
就算雏菜不在了也没关系吗～？",市川雛菜,Morning,produce_communications_102300100031
市川雛菜/Morning/produce_communications_102300100041.csv,2,1023001000410010,雛菜,"……制作人
你觉得幸福会是什么颜色的啊～？",市川雛菜,Morning,produce_communications_102300100041
市川雛菜/Morning/produce_communications_102300100041.csv,4,1023001000410020,雛菜,果然应该是和雏菜差不多的颜色吧～,市川雛菜,Morning,produce_communications_102300100041
市川雛菜/Morning/produce_communications_102300100041.csv,9,1023001000410030,雛菜,"啊～！　感觉是像那样～！
那种，暖暖的颜色～？",市川雛菜,Morning,produce_communications_102300100041
市川雛菜/Morning/produce_communications_102300100041.csv,10,1023001000410040,雛菜,和雏菜非常搭～,市川雛菜,Morning,produce_communications_102300100041
市川雛菜/Morning/produce_communications_102300100041.csv,12,1023001000410050,雛菜,白色啊～……,市川雛菜,Morning,produce_communications_102300100041
市川雛菜/Morning/produce_communications_102300100041.csv,13,1023001000410060,雛菜,"嗯～算了
白色和雏菜也稍微有点配就是了～",市川雛菜,Morning,produce_communications_102300100041
市川雛菜/Morning/produce_communications_102300100041.csv,15,1023001000410070,雛菜,黑色～～～？,市川雛菜,Morning,produce_communications_102300100041
市川雛菜/Morning/produce_communications_102300100041.csv,16,1023001000410080,雛菜,"嗯～这样啊～……
总感觉，是非常酷的幸福啊～",市川雛菜,Morning,produce_communications_102300100041
市川雛菜/Morning/produce_communications_102300100051.csv,2,1023001000510010,雛菜,"啊～♡
制作人！",市川雛菜,Morning,produce_communications_102300100051
市川雛菜/Morning/produce_communications_102300100051.csv,4,1023001000510020,雛菜,"啊哈～？
看得出来吗～？",市川雛菜,Morning,produce_communications_102300100051
市川雛菜/Morning/produce_communications_102300100051.csv,9,1023001000510030,雛菜,"诶～！
你怎么知道啊～～～！？",市川雛菜,Morning,produce_communications_102300100051
市川雛菜/Morning/produce_communications_102300100051.csv,10,1023001000510040,雛菜,今天要去透前辈家里啦～～～♡,市川雛菜,Morning,produce_communications_102300100051
市川雛菜/Morning/produce_communications_102300100051.csv,12,1023001000510050,雛菜,"啊哈～昨天小糸
教了雏菜许多小考试的重点～",市川雛菜,Morning,produce_communications_102300100051
市川雛菜/Morning/produce_communications_102300100051.csv,13,1023001000510060,雛菜,"然后考了满分～！
厉害吧～？",市川雛菜,Morning,produce_communications_102300100051
市川雛菜/Morning/produce_communications_102300100051.csv,15,1023001000510070,雛菜,"嗯～……
雏菜没和圆香前辈见过面哦～？",市川雛菜,Morning,produce_communications_102300100051
市川雛菜/Morning/produce_communications_102300100051.csv,16,1023001000510080,雛菜,为什么会觉得是圆香前辈啊～？,市川雛菜,Morning,produce_communications_102300100051
市川雛菜/Morning/produce_communications_102300100061.csv,2,1023001000610010,雛菜,"制作人，
前几天在书店的时候",市川雛菜,Morning,produce_communications_102300100061
市川雛菜/Morning/produce_communications_102300100061.csv,3,1023001000610020,雛菜,"有在卖一本好像是在教人
“变得幸福的方法”的书来着……",市川雛菜,Morning,produce_communications_102300100061
市川雛菜/Morning/produce_communications_102300100061.csv,4,1023001000610030,雛菜,你怎么看～～～？,市川雛菜,Morning,produce_communications_102300100061
市川雛菜/Morning/produce_communications_102300100061.csv,9,1023001000610040,雛菜,啊哈～是这样呢～,市川雛菜,Morning,produce_communications_102300100061
市川雛菜/Morning/produce_communications_102300100061.csv,10,1023001000610050,雛菜,"雏菜想把自己感觉幸福的事情
告诉给大家呢～",市川雛菜,Morning,produce_communications_102300100061
市川雛菜/Morning/produce_communications_102300100061.csv,12,1023001000610060,雛菜,嗯～这样啊～～～,市川雛菜,Morning,produce_communications_102300100061
市川雛菜/Morning/produce_communications_102300100061.csv,13,1023001000610070,雛菜,"果然大家
都会想要幸福的啊～",市川雛菜,Morning,produce_communications_102300100061
市川雛菜/Morning/produce_communications_102300100061.csv,15,1023001000610080,雛菜,"诶～～～？
没买哟～",市川雛菜,Morning,produce_communications_102300100061
市川雛菜/Morning/produce_communications_102300100061.csv,16,1023001000610090,雛菜,"已经很幸福了啊
雏菜我是完全用不着啦～",市川雛菜,Morning,produce_communications_102300100061
市川雛菜/Morning/produce_communications_102300100071.csv,2,1023001000710010,雛菜,"喂～制作人，
冰箱的点心……",市川雛菜,Morning,produce_communications_102300100071
市川雛菜/Morning/produce_communications_102300100071.csv,4,1023001000710020,雛菜,"雏菜，虽然想吃草莓味的……
但巧克力味的也想吃～……",市川雛菜,Morning,produce_communications_102300100071
市川雛菜/Morning/produce_communications_102300100071.csv,9,1023001000710030,雛菜,"呀哈～♡
真的可以吗～！？",市川雛菜,Morning,produce_communications_102300100071
市川雛菜/Morning/produce_communications_102300100071.csv,10,1023001000710040,雛菜,"超开心～
雏菜，最喜欢制作人了～",市川雛菜,Morning,produce_communications_102300100071
市川雛菜/Morning/produce_communications_102300100071.csv,12,1023001000710050,雛菜,"啊哈～
真的吗～！？",市川雛菜,Morning,produce_communications_102300100071
市川雛菜/Morning/produce_communications_102300100071.csv,13,1023001000710060,雛菜,"好开心～
雏菜，喜欢制作人～",市川雛菜,Morning,produce_communications_102300100071
市川雛菜/Morning/produce_communications_102300100071.csv,15,1023001000710070,雛菜,"诶～～～
知道了～……",市川雛菜,Morning,produce_communications_102300100071
市川雛菜/Morning/produce_communications_102300100071.csv,16,1023001000710080,雛菜,那雏菜选草莓味吧～……,市川雛菜,Morning,produce_communications_102300100071
市川雛菜/Morning/produce_communications_102300100081.csv,2,1023001000810010,雛菜,"制作人快看～～～？
可爱吧～～～",市川雛菜,Morning,produce_communications_102300100081
市川雛菜/Morning/produce_communications_102300100081.csv,4,1023001000810020,雛菜,"对的～
和透前辈是一对的～♡",市川雛菜,Morning,produce_communications_102300100081
市川雛菜/Morning/produce_communications_102300100081.csv,9,1023001000810030,雛菜,"嗯～♡
最喜欢了哟～",市川雛菜,Morning,produce_communications_102300100081
市川雛菜/Morning/produce_communications_102300100081.csv,10,1023001000810040,雛菜,要不然也不会用一对的啦～,市川雛菜,Morning,produce_communications_102300100081
市川雛菜/Morning/produce_communications_102300100081.csv,12,1023001000810050,雛菜,"啊哈～
你这么想啊～～～？",市川雛菜,Morning,produce_communications_102300100081
市川雛菜/Morning/produce_communications_102300100081.csv,13,1023001000810060,雛菜,其实雏菜也这么想啦～,市川雛菜,Morning,produce_communications_102300100081
市川雛菜/Morning/produce_communications_102300100081.csv,15,1023001000810070,雛菜,"诶～～～！
制作人，为什么要这么说啊～……",市川雛菜,Morning,produce_communications_102300100081
市川雛菜/Morning/produce_communications_102300100081.csv,16,1023001000810080,雛菜,"透前辈一直有系啊～！
虽然很快就丢了～……",市川雛菜,Morning,produce_communications_102300100081
市川雛菜/Morning/produce_communications_102300100091.csv,3,1023001000910010,雛菜,"制作人，早上好～
现在确实超困的～……",市川雛菜,Morning,produce_communications_102300100091
市川雛菜/Morning/produce_communications_102300100091.csv,5,1023001000910020,雛菜,"嗯～？
那你的给雏菜喝一口～",市川雛菜,Morning,produce_communications_102300100091
市川雛菜/Morning/produce_communications_102300100091.csv,9,1023001000910030,雛菜,"嗯～……
那雏菜可能喝不了～",市川雛菜,Morning,produce_communications_102300100091
市川雛菜/Morning/produce_communications_102300100091.csv,10,1023001000910040,雛菜,有白砂糖和牛奶吗～？,市川雛菜,Morning,produce_communications_102300100091
市川雛菜/Morning/produce_communications_102300100091.csv,12,1023001000910050,雛菜,诶～可以吗～～～？,市川雛菜,Morning,produce_communications_102300100091
市川雛菜/Morning/produce_communications_102300100091.csv,13,1023001000910060,雛菜,"那咖啡、糖、牛奶的比例
帮调到3：3：4吧～～～",市川雛菜,Morning,produce_communications_102300100091
市川雛菜/Morning/produce_communications_102300100091.csv,15,1023001000910070,雛菜,嗯～这样啊,市川雛菜,Morning,produce_communications_102300100091
市川雛菜/Morning/produce_communications_102300100091.csv,16,1023001000910080,雛菜,"那算啦～
雏菜去喝别的～……",市川雛菜,Morning,produce_communications_102300100091
市川雛菜/Morning/produce_communications_102300100101.csv,2,1023001001010010,雛菜,嗯～～～……,市川雛菜,Morning,produce_communications_102300100101
市川雛菜/Morning/produce_communications_102300100101.csv,4,1023001001010020,雛菜,"制作人，
你觉得可爱的雏菜和帅气的雏菜哪个好～？",市川雛菜,Morning,produce_communications_102300100101
市川雛菜/Morning/produce_communications_102300100101.csv,10,1023001001010030,雛菜,"嗯～也对呢……
之前拍摄的时候被说了两种都能做到",市川雛菜,Morning,produce_communications_102300100101
市川雛菜/Morning/produce_communications_102300100101.csv,11,1023001001010040,雛菜,雏菜也觉得，确实啊～,市川雛菜,Morning,produce_communications_102300100101
市川雛菜/Morning/produce_communications_102300100101.csv,14,1023001001010050,雛菜,"这样啊～……
嗯，也是呢～",市川雛菜,Morning,produce_communications_102300100101
市川雛菜/Morning/produce_communications_102300100101.csv,15,1023001001010060,雛菜,"又开心又幸福的话
自然就变得可爱了啊～",市川雛菜,Morning,produce_communications_102300100101
市川雛菜/Morning/produce_communications_102300100101.csv,18,1023001001010070,雛菜,诶～真的吗～！？,市川雛菜,Morning,produce_communications_102300100101
市川雛菜/Morning/produce_communications_102300100101.csv,19,1023001001010080,雛菜,"这样啊～必须向着那方向
更多地挑战一些啊～",市川雛菜,Morning,produce_communications_102300100101
市川雛菜/Morning/produce_communications_102300100111.csv,3,1023001001110010,雛菜,"啊，早上好～
制作人………………",市川雛菜,Morning,produce_communications_102300100111
市川雛菜/Morning/produce_communications_102300100111.csv,5,1023001001110020,雛菜,"啊哈～
因为这里是雏菜的特等席啊～",市川雛菜,Morning,produce_communications_102300100111
市川雛菜/Morning/produce_communications_102300100111.csv,9,1023001001110030,雛菜,"嗯～
有谁来的时候会好好坐着的哦～",市川雛菜,Morning,produce_communications_102300100111
市川雛菜/Morning/produce_communications_102300100111.csv,10,1023001001110040,雛菜,"反正现在也只有制作人在
没关系吧～？",市川雛菜,Morning,produce_communications_102300100111
市川雛菜/Morning/produce_communications_102300100111.csv,12,1023001001110050,雛菜,知道了～,市川雛菜,Morning,produce_communications_102300100111
市川雛菜/Morning/produce_communications_102300100111.csv,13,1023001001110060,雛菜,那么现在先晚安～……,市川雛菜,Morning,produce_communications_102300100111
市川雛菜/Morning/produce_communications_102300100111.csv,15,1023001001110070,雛菜,"诶～……
雏菜，因为睡着了所以听不见～",市川雛菜,Morning,produce_communications_102300100111
市川雛菜/Morning/produce_communications_102300100111.csv,16,1023001001110080,雛菜,一个字都听不见～～～,市川雛菜,Morning,produce_communications_102300100111
市川雛菜/Morning/produce_communications_102300100121.csv,2,1023001001210010,雛菜,"……制作人
你觉得幸福听上去会是怎样的声音呢～？",市川雛菜,Morning,produce_communications_102300100121
市川雛菜/Morning/produce_communications_102300100121.csv,4,1023001001210020,雛菜,"是吧～？
毕竟有很多种啊～……",市川雛菜,Morning,produce_communications_102300100121
市川雛菜/Morning/produce_communications_102300100121.csv,9,1023001001210030,雛菜,"诶～？
雏菜，虽然唱歌还没到那种水准～……",市川雛菜,Morning,produce_communications_102300100121
市川雛菜/Morning/produce_communications_102300100121.csv,10,1023001001210040,雛菜,"嗯～制作人要是这么说了
那就再多练习一下吧～",市川雛菜,Morning,produce_communications_102300100121
市川雛菜/Morning/produce_communications_102300100121.csv,12,1023001001210050,雛菜,"啊哈～～～
制作人，好厉害～！",市川雛菜,Morning,produce_communications_102300100121
市川雛菜/Morning/produce_communications_102300100121.csv,13,1023001001210060,雛菜,"就在刚才～巧克力曲奇，“叮”好了哦！
也分给制作人你一点哦～",市川雛菜,Morning,produce_communications_102300100121
市川雛菜/Morning/produce_communications_102300100121.csv,15,1023001001210070,雛菜,诶～～～！？,市川雛菜,Morning,produce_communications_102300100121
市川雛菜/Morning/produce_communications_102300100121.csv,16,1023001001210080,雛菜,"那个不行～～～
只有那个是绝对不可能～～～！",市川雛菜,Morning,produce_communications_102300100121
市川雛菜/Morning/produce_communications_102300100131.csv,4,1023001001310010,雛菜,"雏菜从初中开始就叫那两位为前辈所以习惯了～
但因为小糸是在其他的初中所以没习惯叫～",市川雛菜,Morning,produce_communications_102300100131
市川雛菜/Morning/produce_communications_102300100131.csv,5,1023001001310020,雛菜,"诶～这样感觉不行吗～？
要改一下吗～？",市川雛菜,Morning,produce_communications_102300100131
市川雛菜/Morning/produce_communications_102300100131.csv,9,1023001001310030,雛菜,也是啊～～～,市川雛菜,Morning,produce_communications_102300100131
市川雛菜/Morning/produce_communications_102300100131.csv,10,1023001001310040,雛菜,"称透前辈为“前辈”
可是雏菜的特权啊～♡",市川雛菜,Morning,produce_communications_102300100131
市川雛菜/Morning/produce_communications_102300100131.csv,12,1023001001310050,雛菜,"嗯～……
就算现在说立即就改也没办法做到～？",市川雛菜,Morning,produce_communications_102300100131
市川雛菜/Morning/produce_communications_102300100131.csv,13,1023001001310060,雛菜,雏菜还是觉得现在这样最好～,市川雛菜,Morning,produce_communications_102300100131
市川雛菜/Morning/produce_communications_102300100131.csv,15,1023001001310070,雛菜,"诶～？
那　小制作人？",市川雛菜,Morning,produce_communications_102300100131
市川雛菜/Morning/produce_communications_102300100131.csv,16,1023001001310080,雛菜,"制作君～？
制作人前辈～～～？",市川雛菜,Morning,produce_communications_102300100131
市川雛菜/Morning/produce_communications_102300100141.csv,2,1023001001410010,雛菜,"制作人你看～～～
可爱吧～～～",市川雛菜,Morning,produce_communications_102300100141
市川雛菜/Morning/produce_communications_102300100141.csv,5,1023001001410020,雛菜,"嗯～？
这是雏菜和制作人的～！",市川雛菜,Morning,produce_communications_102300100141
市川雛菜/Morning/produce_communications_102300100141.csv,9,1023001001410030,雛菜,"啊哈～制作人
准备系在包上？　还是手机上？",市川雛菜,Morning,produce_communications_102300100141
市川雛菜/Morning/produce_communications_102300100141.csv,10,1023001001410040,雛菜,要好好用着哦～～～,市川雛菜,Morning,produce_communications_102300100141
市川雛菜/Morning/produce_communications_102300100141.csv,12,1023001001410050,雛菜,"嗯～
就是为了给你才带过来的哟～",市川雛菜,Morning,produce_communications_102300100141
市川雛菜/Morning/produce_communications_102300100141.csv,13,1023001001410060,雛菜,一对的～～～！,市川雛菜,Morning,produce_communications_102300100141
市川雛菜/Morning/produce_communications_102300100141.csv,15,1023001001410070,雛菜,"诶～～～……
这不是挺好的嘛～",市川雛菜,Morning,produce_communications_102300100141
市川雛菜/Morning/produce_communications_102300100141.csv,16,1023001001410080,雛菜,不要的话也行啦～,市川雛菜,Morning,produce_communications_102300100141
市川雛菜/Morning/produce_communications_102300100151.csv,3,1023001001510010,雛菜,"嗯～♡
早上好～！",市川雛菜,Morning,produce_communications_102300100151
市川雛菜/Morning/produce_communications_102300100151.csv,4,1023001001510020,雛菜,"制作人怎么了～？
今天，看起来超开心的啊～",市川雛菜,Morning,produce_communications_102300100151
市川雛菜/Morning/produce_communications_102300100151.csv,9,1023001001510030,雛菜,"呀哈～♡
确实呢～～～？",市川雛菜,Morning,produce_communications_102300100151
市川雛菜/Morning/produce_communications_102300100151.csv,10,1023001001510040,雛菜,"有种，在创造幸福～～～！
的感觉啊～",市川雛菜,Morning,produce_communications_102300100151
市川雛菜/Morning/produce_communications_102300100151.csv,12,1023001001510050,雛菜,"啊哈～♡
那雏菜得先做个示范才行啊～！",市川雛菜,Morning,produce_communications_102300100151
市川雛菜/Morning/produce_communications_102300100151.csv,13,1023001001510060,雛菜,制作人，看好了哦～？,市川雛菜,Morning,produce_communications_102300100151
市川雛菜/Morning/produce_communications_102300100151.csv,15,1023001001510070,雛菜,"啊哈～
制作人真有趣～",市川雛菜,Morning,produce_communications_102300100151
市川雛菜/Morning/produce_communications_102300100151.csv,16,1023001001510080,雛菜,这不是完全不幸福嘛～～～,市川雛菜,Morning,produce_communications_102300100151
市川雛菜/S.T.E.P.篇/4 ever？.csv,2,1023005020010,雛菜,……呼啊────,市川雛菜,S.T.E.P.篇,4 ever？
市川雛菜/S.T.E.P.篇/4 ever？.csv,3,1023005020020,雛菜,"啊……
去便利店买点心好了～",市川雛菜,S.T.E.P.篇,4 ever？
市川雛菜/S.T.E.P.篇/4 ever？.csv,4,1023005020030,雛菜,（蛋糕、软糖……巧克力派────）,市川雛菜,S.T.E.P.篇,4 ever？
市川雛菜/S.T.E.P.篇/4 ever？.csv,5,1023005020040,雛菜,（买哪个好呢～……）,市川雛菜,S.T.E.P.篇,4 ever？
市川雛菜/S.T.E.P.篇/4 ever？.csv,6,1023005020050,雛菜,算了，都买了吧～,市川雛菜,S.T.E.P.篇,4 ever？
市川雛菜/S.T.E.P.篇/4 ever？.csv,7,1023005020060,雛菜,"咦～
没人在～",市川雛菜,S.T.E.P.篇,4 ever？
市川雛菜/S.T.E.P.篇/4 ever？.csv,8,1023005020070,雛菜,是换教室之类的吗～……,市川雛菜,S.T.E.P.篇,4 ever？
市川雛菜/S.T.E.P.篇/4 ever？.csv,9,1023005020080,雛菜,"啊哈～
没人在～！",市川雛菜,S.T.E.P.篇,4 ever？
市川雛菜/S.T.E.P.篇/4 ever？.csv,10,1023005020090,雛菜,,市川雛菜,S.T.E.P.篇,4 ever？
市川雛菜/S.T.E.P.篇/4 ever？.csv,11,1023005020100,雛菜,"（睡前看的那场偶像Live
表演得真可爱呢～……）",市川雛菜,S.T.E.P.篇,4 ever？
市川雛菜/S.T.E.P.篇/4 ever？.csv,12,1023005020110,雛菜,（看得雏菜也想像那样……）,市川雛菜,S.T.E.P.篇,4 ever？
市川雛菜/S.T.E.P.篇/4 ever？.csv,13,1023005020120,雛菜,（办一场快乐又幸福～的Live～）,市川雛菜,S.T.E.P.篇,4 ever？
市川雛菜/S.T.E.P.篇/4 ever？.csv,14,1023005020130,雛菜,"（穿着可爱的衣服
气球啊泡泡什么的，吹起一大～片来……）",市川雛菜,S.T.E.P.篇,4 ever？
市川雛菜/S.T.E.P.篇/4 ever？.csv,15,1023005020140,雛菜,（尽情沐浴在七彩的舞台灯光下～……）,市川雛菜,S.T.E.P.篇,4 ever？
市川雛菜/S.T.E.P.篇/4 ever？.csv,16,1023005020150,雛菜,,市川雛菜,S.T.E.P.篇,4 ever？
市川雛菜/S.T.E.P.篇/4 ever？.csv,17,1023005020160,雛菜,"（永远永～远都幸福快乐～
雏菜要当那样的偶像～……────）",市川雛菜,S.T.E.P.篇,4 ever？
市川雛菜/S.T.E.P.篇/4 ever？.csv,18,1023005020170,雛菜,……呼啊────,市川雛菜,S.T.E.P.篇,4 ever？
市川雛菜/S.T.E.P.篇/4 ever？.csv,19,1023005020180,雛菜,────稍微睡一会吧～……,市川雛菜,S.T.E.P.篇,4 ever？
市川雛菜/S.T.E.P.篇/4 ever？.csv,20,1023005020190,雛菜,啊、制作人发来的信息～……,市川雛菜,S.T.E.P.篇,4 ever？
市川雛菜/S.T.E.P.篇/4 ever？.csv,24,0000000000000,雛菜,,市川雛菜,S.T.E.P.篇,4 ever？
市川雛菜/S.T.E.P.篇/4 ever？.csv,25,1023005020210,雛菜,,市川雛菜,S.T.E.P.篇,4 ever？
市川雛菜/S.T.E.P.篇/4 ever？.csv,26,1023005020220,雛菜,“了解”……,市川雛菜,S.T.E.P.篇,4 ever？
市川雛菜/S.T.E.P.篇/4 ever？.csv,27,1023005020230,雛菜,“好期待！”────,市川雛菜,S.T.E.P.篇,4 ever？
市川雛菜/S.T.E.P.篇/4 ever？.csv,34,1023005020240,雛菜,啊,市川雛菜,S.T.E.P.篇,4 ever？
市川雛菜/S.T.E.P.篇/4 ever？.csv,36,1023005020250,雛菜,“迟到了一下结果教室里没人！”,市川雛菜,S.T.E.P.篇,4 ever？
市川雛菜/S.T.E.P.篇/4 ever？.csv,38,1023005020260,雛菜,,市川雛菜,S.T.E.P.篇,4 ever？
市川雛菜/S.T.E.P.篇/4 ever？.csv,41,1023005020270,雛菜,,市川雛菜,S.T.E.P.篇,4 ever？
市川雛菜/S.T.E.P.篇/4 ever？.csv,42,1023005020280,雛菜,雏菜可是快乐担当啊～……,市川雛菜,S.T.E.P.篇,4 ever？
市川雛菜/S.T.E.P.篇/4 ever？.csv,43,1023005020290,雛菜,雏菜只要做快乐和幸福的事情就好了～,市川雛菜,S.T.E.P.篇,4 ever？
市川雛菜/S.T.E.P.篇/4 ever？.csv,44,1023005020300,雛菜,,市川雛菜,S.T.E.P.篇,4 ever？
市川雛菜/S.T.E.P.篇/4 ever？.csv,45,1023005020310,雛菜,,市川雛菜,S.T.E.P.篇,4 ever？
市川雛菜/S.T.E.P.篇/4 ever？.csv,46,1023005020320,雛菜,晚安～……,市川雛菜,S.T.E.P.篇,4 ever？
市川雛菜/S.T.E.P.篇/A（the）place.csv,2,1023005060010,雛菜,（贝壳蛋糕、法式酥饼……松露巧克力————）,市川雛菜,S.T.E.P.篇,A（the）place
市川雛菜/S.T.E.P.篇/A（the）place.csv,3,1023005060020,雛菜,嗯、全都买了吧～,市川雛菜,S.T.E.P.篇,A（the）place
市川雛菜/S.T.E.P.篇/A（the）place.csv,4,1023005060030,雛菜,"啊哈～　
没人在～",市川雛菜,S.T.E.P.篇,A（the）place
市川雛菜/S.T.E.P.篇/A（the）place.csv,5,1023005060040,雛菜,"……总感觉————
之前也有过这种情况～……",市川雛菜,S.T.E.P.篇,A（the）place
市川雛菜/S.T.E.P.篇/A（the）place.csv,6,1023005060050,雛菜,,市川雛菜,S.T.E.P.篇,A（the）place
市川雛菜/S.T.E.P.篇/A（the）place.csv,9,1023005060060,雛菜,"啊哈～　
早上好呀～……",市川雛菜,S.T.E.P.篇,A（the）place
市川雛菜/S.T.E.P.篇/A（the）place.csv,11,1023005060070,雛菜,啊～……是吧～,市川雛菜,S.T.E.P.篇,A（the）place
市川雛菜/S.T.E.P.篇/A（the）place.csv,13,1023005060080,雛菜,……这样啊～,市川雛菜,S.T.E.P.篇,A（the）place
市川雛菜/S.T.E.P.篇/A（the）place.csv,15,1023005060090,雛菜,啊哈～……,市川雛菜,S.T.E.P.篇,A（the）place
市川雛菜/S.T.E.P.篇/A（the）place.csv,19,1023005060100,雛菜,啊～……,市川雛菜,S.T.E.P.篇,A（the）place
市川雛菜/S.T.E.P.篇/A（the）place.csv,26,1023005060110,雛菜,"嗯
雏菜会继续下去的～，偶像",市川雛菜,S.T.E.P.篇,A（the）place
市川雛菜/S.T.E.P.篇/A（the）place.csv,30,1023005060120,雛菜,"啊、制作人！
辛苦了～！",市川雛菜,S.T.E.P.篇,A（the）place
市川雛菜/S.T.E.P.篇/A（the）place.csv,32,1023005060130,雛菜,"咦～？
制作人，没有精神吗～？",市川雛菜,S.T.E.P.篇,A（the）place
市川雛菜/S.T.E.P.篇/A（the）place.csv,34,1023005060140,雛菜,"啊～
雏菜去参加的那个～？",市川雛菜,S.T.E.P.篇,A（the）place
市川雛菜/S.T.E.P.篇/A（the）place.csv,36,1023005060150,雛菜,"啊哈～
没能让大家看到雏菜的可爱，真可惜呢～",市川雛菜,S.T.E.P.篇,A（the）place
市川雛菜/S.T.E.P.篇/A（the）place.csv,37,1023005060160,雛菜,"不过，还会有的吧～？
能让雏菜变得更加可爱的地方～！",市川雛菜,S.T.E.P.篇,A（the）place
市川雛菜/S.T.E.P.篇/awes❤me.csv,2,1023005050010,雛菜,"嗯～……
这张很可爱，这张感觉也不错……",市川雛菜,S.T.E.P.篇,awes❤me
市川雛菜/S.T.E.P.篇/awes❤me.csv,3,1023005050020,雛菜,嗳、制作人觉得哪张更好～？,市川雛菜,S.T.E.P.篇,awes❤me
市川雛菜/S.T.E.P.篇/awes❤me.csv,5,1023005050030,雛菜,"啊～……
这张估计是最开始拍的",市川雛菜,S.T.E.P.篇,awes❤me
市川雛菜/S.T.E.P.篇/awes❤me.csv,7,1023005050040,雛菜,雏菜不太喜欢这张～,市川雛菜,S.T.E.P.篇,awes❤me
市川雛菜/S.T.E.P.篇/awes❤me.csv,12,1023005050050,雛菜,啊哈～！,市川雛菜,S.T.E.P.篇,awes❤me
市川雛菜/S.T.E.P.篇/awes❤me.csv,14,1023005050060,雛菜,好的～！,市川雛菜,S.T.E.P.篇,awes❤me
市川雛菜/S.T.E.P.篇/awes❤me.csv,20,1023005050070,雛菜,……嗳、制作人！,市川雛菜,S.T.E.P.篇,awes❤me
市川雛菜/S.T.E.P.篇/awes❤me.csv,22,1023005050080,雛菜,有在好好帮我挑吗～？,市川雛菜,S.T.E.P.篇,awes❤me
市川雛菜/S.T.E.P.篇/awes❤me.csv,24,1023005050090,雛菜,"诶～！　这样吗～～～？
雏菜好悲伤～～～……",市川雛菜,S.T.E.P.篇,awes❤me
市川雛菜/S.T.E.P.篇/awes❤me.csv,26,1023005050100,雛菜,"诶～～～
那是怎样～？",市川雛菜,S.T.E.P.篇,awes❤me
市川雛菜/S.T.E.P.篇/awes❤me.csv,30,1023005050110,雛菜,"嗯～……
确实，是有些吓到了～",市川雛菜,S.T.E.P.篇,awes❤me
市川雛菜/S.T.E.P.篇/awes❤me.csv,31,1023005050120,雛菜,"但雏菜想着，就算那样
也要拍得开心一点才好～",市川雛菜,S.T.E.P.篇,awes❤me
市川雛菜/S.T.E.P.篇/awes❤me.csv,33,1023005050130,雛菜,"比起那些，照片～！
哪张比较好～？",市川雛菜,S.T.E.P.篇,awes❤me
市川雛菜/S.T.E.P.篇/awes❤me.csv,36,1023005050140,雛菜,看～看哈～……,市川雛菜,S.T.E.P.篇,awes❤me
市川雛菜/S.T.E.P.篇/awes❤me.csv,37,1023005050150,雛菜,雏菜选这张～～～,市川雛菜,S.T.E.P.篇,awes❤me
市川雛菜/S.T.E.P.篇/awes❤me.csv,40,1023005050160,雛菜,"因为这张拍得最可爱啊～
这张照片里雏菜，看着非常开心吧～？",市川雛菜,S.T.E.P.篇,awes❤me
市川雛菜/S.T.E.P.篇/awes❤me.csv,45,1023005050170,雛菜,"啊哈～♡
果然是吧～～～！",市川雛菜,S.T.E.P.篇,awes❤me
市川雛菜/S.T.E.P.篇/awes❤me.csv,46,1023005050180,雛菜,这张照片的雏菜是最可爱的～～～！,市川雛菜,S.T.E.P.篇,awes❤me
市川雛菜/S.T.E.P.篇/be：come.csv,2,1023005010010,雛菜,,市川雛菜,S.T.E.P.篇,be：come
市川雛菜/S.T.E.P.篇/be：come.csv,6,1023005010020,雛菜,,市川雛菜,S.T.E.P.篇,be：come
市川雛菜/S.T.E.P.篇/be：come.csv,12,1023005010030,雛菜,"雏菜会当上的
偶像",市川雛菜,S.T.E.P.篇,be：come
市川雛菜/S.T.E.P.篇/be：come.csv,14,1023005010040,雛菜,嗯～，知道了～！,市川雛菜,S.T.E.P.篇,be：come
市川雛菜/S.T.E.P.篇/be：come.csv,16,1023005010050,雛菜,"诶～～～
妈妈爸爸都说“可以”了呀～",市川雛菜,S.T.E.P.篇,be：come
市川雛菜/S.T.E.P.篇/be：come.csv,18,1023005010060,雛菜,"……嗯～，知道了～
雏菜问一下～",市川雛菜,S.T.E.P.篇,be：come
市川雛菜/S.T.E.P.篇/be：come.csv,20,1023005010070,雛菜,"嗳、制作人
今天就这样结束了吗～？",市川雛菜,S.T.E.P.篇,be：come
市川雛菜/S.T.E.P.篇/be：come.csv,24,1023005010080,雛菜,"这些话，刚才就听过了～
雏菜不是说了“做快乐担当就好”嘛～",市川雛菜,S.T.E.P.篇,be：come
市川雛菜/S.T.E.P.篇/be：come.csv,28,1023005010090,雛菜,辛苦的事情啊……,市川雛菜,S.T.E.P.篇,be：come
市川雛菜/S.T.E.P.篇/be：come.csv,29,1023005010100,雛菜,"“偶像”……“辛苦的事情”
────",市川雛菜,S.T.E.P.篇,be：come
市川雛菜/S.T.E.P.篇/be：come.csv,30,1023005010110,雛菜,……啊、出来好多～,市川雛菜,S.T.E.P.篇,be：come
市川雛菜/S.T.E.P.篇/be：come.csv,31,1023005010120,雛菜,"保持体形……日程管理……
私人时间减少────",市川雛菜,S.T.E.P.篇,be：come
市川雛菜/S.T.E.P.篇/be：come.csv,32,1023005010130,雛菜,"……
不想做的事就不做",市川雛菜,S.T.E.P.篇,be：come
市川雛菜/S.T.E.P.篇/be：come.csv,33,1023005010140,雛菜,就以这种感觉来吧～,市川雛菜,S.T.E.P.篇,be：come
市川雛菜/S.T.E.P.篇/be：come.csv,34,0000000000000,雛菜,,市川雛菜,S.T.E.P.篇,be：come
市川雛菜/S.T.E.P.篇/be：come.csv,35,1023005010160,雛菜,“偶像”……“寿命”────,市川雛菜,S.T.E.P.篇,be：come
市川雛菜/S.T.E.P.篇/be：come.csv,36,1023005010170,雛菜,────大概，不是现在需要考虑的事～,市川雛菜,S.T.E.P.篇,be：come
市川雛菜/S.T.E.P.篇/be：come.csv,37,1023005010180,雛菜,……只要开心和幸福就好了～,市川雛菜,S.T.E.P.篇,be：come
市川雛菜/S.T.E.P.篇/real!ty.csv,4,1023005030010,雛菜,嗯、是的～,市川雛菜,S.T.E.P.篇,real!ty
市川雛菜/S.T.E.P.篇/real!ty.csv,7,1023005030020,雛菜,"呀哈～！
非常感谢～！",市川雛菜,S.T.E.P.篇,real!ty
市川雛菜/S.T.E.P.篇/real!ty.csv,13,1023005030030,雛菜,啊、没事～————,市川雛菜,S.T.E.P.篇,real!ty
市川雛菜/S.T.E.P.篇/real!ty.csv,16,1023005030040,雛菜,"是的～……
今后也请多多指教～！",市川雛菜,S.T.E.P.篇,real!ty
市川雛菜/S.T.E.P.篇/real!ty.csv,18,1023005030050,雛菜,"好的～！
您辛苦了～",市川雛菜,S.T.E.P.篇,real!ty
市川雛菜/S.T.E.P.篇/real!ty.csv,19,1023005030060,雛菜,,市川雛菜,S.T.E.P.篇,real!ty
市川雛菜/S.T.E.P.篇/real!ty.csv,20,1023005030070,雛菜,"（———嗯～……
帅气型的好像也不错～）",市川雛菜,S.T.E.P.篇,real!ty
市川雛菜/S.T.E.P.篇/real!ty.csv,22,1023005030080,雛菜,"（不过还是……
让人感觉可爱些的更好吧～……）",市川雛菜,S.T.E.P.篇,real!ty
市川雛菜/S.T.E.P.篇/real!ty.csv,25,1023005030090,雛菜,"啊哈～……
————那个……",市川雛菜,S.T.E.P.篇,real!ty
市川雛菜/S.T.E.P.篇/real!ty.csv,27,1023005030100,雛菜,"诶～……
嗯、是这样没错……",市川雛菜,S.T.E.P.篇,real!ty
市川雛菜/S.T.E.P.篇/real!ty.csv,29,1023005030110,雛菜,"……倒也不是那回事呀～
就是感觉会很有趣～",市川雛菜,S.T.E.P.篇,real!ty
市川雛菜/S.T.E.P.篇/real!ty.csv,31,1023005030120,雛菜,"……
雏菜还得去买午饭……",市川雛菜,S.T.E.P.篇,real!ty
市川雛菜/S.T.E.P.篇/real!ty.csv,36,1023005030130,雛菜,,市川雛菜,S.T.E.P.篇,real!ty
市川雛菜/S.T.E.P.篇/real!ty.csv,37,1023005030140,雛菜,啊、制作人！,市川雛菜,S.T.E.P.篇,real!ty
市川雛菜/S.T.E.P.篇/real!ty.csv,39,1023005030150,雛菜,"非常开心～！
而且，雏菜还被夸了，说是“有才能”～～～！",市川雛菜,S.T.E.P.篇,real!ty
市川雛菜/S.T.E.P.篇/real!ty.csv,41,1023005030160,雛菜,雏菜可能真的很适合当偶像～～～！,市川雛菜,S.T.E.P.篇,real!ty
市川雛菜/S.T.E.P.篇/real!ty.csv,45,1023005030170,雛菜,"……把困难说出来后
制作人能帮我解决吗？",市川雛菜,S.T.E.P.篇,real!ty
市川雛菜/S.T.E.P.篇/re：reality.csv,2,1023005040140,雛菜,"……把困难说出来后
制作人能帮我解决吗？",市川雛菜,S.T.E.P.篇,re：reality
市川雛菜/S.T.E.P.篇/re：reality.csv,7,1023005040010,雛菜,这样啊～……,市川雛菜,S.T.E.P.篇,re：reality
市川雛菜/S.T.E.P.篇/re：reality.csv,8,1023005040020,雛菜,,市川雛菜,S.T.E.P.篇,re：reality
市川雛菜/S.T.E.P.篇/re：reality.csv,10,1023005040030,雛菜,"完全不是什么开心有趣的事情喔～
……那样也可以说吗～？",市川雛菜,S.T.E.P.篇,re：reality
市川雛菜/S.T.E.P.篇/re：reality.csv,12,1023005040040,雛菜,"……那个啊～————
前段时间……",市川雛菜,S.T.E.P.篇,re：reality
市川雛菜/S.T.E.P.篇/re：reality.csv,15,1023005040050,雛菜,"没有～
只是有点惊讶，倒没有很受伤～",市川雛菜,S.T.E.P.篇,re：reality
市川雛菜/S.T.E.P.篇/re：reality.csv,18,1023005040060,雛菜,嗯～？,市川雛菜,S.T.E.P.篇,re：reality
市川雛菜/S.T.E.P.篇/re：reality.csv,21,1023005040070,雛菜,嗯～！　当然～～～！,市川雛菜,S.T.E.P.篇,re：reality
市川雛菜/S.T.E.P.篇/re：reality.csv,23,1023005040080,雛菜,"或许今后，还会有很多
“什么嘛～！”、“搞不懂～”的事情发生～……",市川雛菜,S.T.E.P.篇,re：reality
市川雛菜/S.T.E.P.篇/re：reality.csv,24,1023005040090,雛菜,"但到了那种时候，只要说给制作人听
跟制作人谈一谈就好了～",市川雛菜,S.T.E.P.篇,re：reality
市川雛菜/S.T.E.P.篇/re：reality.csv,25,1023005040100,雛菜,雏菜以后就这样做～！,市川雛菜,S.T.E.P.篇,re：reality
市川雛菜/S.T.E.P.篇/re：reality.csv,28,1023005040110,雛菜,"啊哈～
当然了～～～！",市川雛菜,S.T.E.P.篇,re：reality
市川雛菜/S.T.E.P.篇/re：reality.csv,32,1023005040120,雛菜,"诶～～～
为什么～？　要面对镜头的是雏菜呀～",市川雛菜,S.T.E.P.篇,re：reality
市川雛菜/S.T.E.P.篇/re：reality.csv,34,1023005040130,雛菜,哼～嗯……,市川雛菜,S.T.E.P.篇,re：reality
市川雛菜/W.I.N.G.編/produce_communication_auditions_502300100011.csv,3,5023001000110010,雛菜,"啊哈～
雏菜厉害吧～～～？",市川雛菜,W.I.N.G.編,produce_communication_auditions_502300100011
市川雛菜/W.I.N.G.編/produce_communication_auditions_502300100011.csv,5,5023001000110020,雛菜,"呀哈～！
被夸了～",市川雛菜,W.I.N.G.編,produce_communication_auditions_502300100011
市川雛菜/W.I.N.G.編/produce_communication_auditions_502300100011.csv,7,5023001000110040,雛菜,"“这样子”是指
快乐又幸福～对吧～？",市川雛菜,W.I.N.G.編,produce_communication_auditions_502300100011
市川雛菜/W.I.N.G.編/produce_communication_auditions_502300100012.csv,3,5023001000120010,雛菜,嗯～～～？,市川雛菜,W.I.N.G.編,produce_communication_auditions_502300100012
市川雛菜/W.I.N.G.編/produce_communication_auditions_502300100012.csv,4,5023001000120020,雛菜,"啊哈～这样啊～
那没办法了啊～～～",市川雛菜,W.I.N.G.編,produce_communication_auditions_502300100012
市川雛菜/W.I.N.G.編/produce_communication_auditions_502300100012.csv,7,5023001000120030,雛菜,"嗯～
也是呢～",市川雛菜,W.I.N.G.編,produce_communication_auditions_502300100012
市川雛菜/W.I.N.G.編/produce_communication_auditions_502300100012.csv,8,5023001000120040,雛菜,要一起哦～？,市川雛菜,W.I.N.G.編,produce_communication_auditions_502300100012
市川雛菜/W.I.N.G.編/produce_communication_auditions_502300100021.csv,2,5023001000210010,雛菜,"制作人
合格了哦～～～♡",市川雛菜,W.I.N.G.編,produce_communication_auditions_502300100021
市川雛菜/W.I.N.G.編/produce_communication_auditions_502300100021.csv,4,5023001000210020,雛菜,嗯～谢谢～,市川雛菜,W.I.N.G.編,produce_communication_auditions_502300100021
市川雛菜/W.I.N.G.編/produce_communication_auditions_502300100021.csv,5,5023001000210030,雛菜,制作人，你开心吗～？,市川雛菜,W.I.N.G.編,produce_communication_auditions_502300100021
市川雛菜/W.I.N.G.編/produce_communication_auditions_502300100021.csv,7,5023001000210040,雛菜,"这样啊～
那雏菜也很开心～",市川雛菜,W.I.N.G.編,produce_communication_auditions_502300100021
市川雛菜/W.I.N.G.編/produce_communication_auditions_502300100021.csv,8,5023001000210050,雛菜,"啊哈～
下次也合格吧～～～！",市川雛菜,W.I.N.G.編,produce_communication_auditions_502300100021
市川雛菜/W.I.N.G.編/produce_communication_auditions_502300100022.csv,2,5023001000220010,雛菜,啊哈～这样啊～,市川雛菜,W.I.N.G.編,produce_communication_auditions_502300100022
市川雛菜/W.I.N.G.編/produce_communication_auditions_502300100022.csv,3,5023001000220020,雛菜,"嗯～～～
果然不行啊～",市川雛菜,W.I.N.G.編,produce_communication_auditions_502300100022
市川雛菜/W.I.N.G.編/produce_communication_auditions_502300100022.csv,5,5023001000220030,雛菜,啊哈～是吗～？,市川雛菜,W.I.N.G.編,produce_communication_auditions_502300100022
市川雛菜/W.I.N.G.編/produce_communication_auditions_502300100022.csv,7,5023001000220040,雛菜,"嗯～
确实啊～",市川雛菜,W.I.N.G.編,produce_communication_auditions_502300100022
市川雛菜/W.I.N.G.編/produce_communication_auditions_502300100022.csv,8,5023001000220050,雛菜,那样才比较开心啊～～～,市川雛菜,W.I.N.G.編,produce_communication_auditions_502300100022
市川雛菜/W.I.N.G.編/produce_communication_cheers_402300100011.csv,2,4023001000110010,雛菜,"嗯～感觉等的时间是不是有点太长了啊～？
能不能快点开始啊～",市川雛菜,W.I.N.G.編,produce_communication_cheers_402300100011
市川雛菜/W.I.N.G.編/produce_communication_cheers_402300100011.csv,7,4023001000110020,雛菜,"啊哈～！　确实啊～
不管什么时候都要开心地度过啊～",市川雛菜,W.I.N.G.編,produce_communication_cheers_402300100011
市川雛菜/W.I.N.G.編/produce_communication_cheers_402300100011.csv,9,4023001000110030,雛菜,"嗯～？　是吧～
制作人！　雏菜可爱吗～？",市川雛菜,W.I.N.G.編,produce_communication_cheers_402300100011
市川雛菜/W.I.N.G.編/produce_communication_cheers_402300100011.csv,11,4023001000110040,雛菜,"诶～？　紧张感的话，
就算你说得有但雏菜也保持不下来啊～……",市川雛菜,W.I.N.G.編,produce_communication_cheers_402300100011
市川雛菜/W.I.N.G.編/produce_communication_cheers_402300100012.csv,2,4023001000120010,雛菜,"啊哈～审查员真恐怖啊～～～！
雏菜我，讨厌被凶啊～……",市川雛菜,W.I.N.G.編,produce_communication_cheers_402300100012
市川雛菜/W.I.N.G.編/produce_communication_cheers_402300100012.csv,7,4023001000120020,雛菜,"啊～这样啊～！
那就没关系了～～～！",市川雛菜,W.I.N.G.編,produce_communication_cheers_402300100012
市川雛菜/W.I.N.G.編/produce_communication_cheers_402300100012.csv,9,4023001000120030,雛菜,"嗯～也是呢
像平常那样做的话都会被夸呢～",市川雛菜,W.I.N.G.編,produce_communication_cheers_402300100012
市川雛菜/W.I.N.G.編/produce_communication_cheers_402300100012.csv,11,4023001000120040,雛菜,"诶～……真的吗～？
真是那样就好了～……",市川雛菜,W.I.N.G.編,produce_communication_cheers_402300100012
市川雛菜/W.I.N.G.編/produce_communication_cheers_402300100013.csv,2,4023001000130010,雛菜,"嗯～感觉周围都是可爱的孩子啊～
真不愧是偶像～！",市川雛菜,W.I.N.G.編,produce_communication_cheers_402300100013
市川雛菜/W.I.N.G.編/produce_communication_cheers_402300100013.csv,7,4023001000130020,雛菜,"呀哈～！
这样啊～确实呢～",市川雛菜,W.I.N.G.編,produce_communication_cheers_402300100013
市川雛菜/W.I.N.G.編/produce_communication_cheers_402300100013.csv,9,4023001000130030,雛菜,"啊哈～也是呢～！
不愧是雏菜～～～！",市川雛菜,W.I.N.G.編,produce_communication_cheers_402300100013
市川雛菜/W.I.N.G.編/produce_communication_cheers_402300100013.csv,11,4023001000130040,雛菜,"诶～不是要赢过周围的人吗～？
虽说雏菜也不会输～……",市川雛菜,W.I.N.G.編,produce_communication_cheers_402300100013
市川雛菜/W.I.N.G.編/produce_communication_cheers_402300100021.csv,2,4023001000210010,雛菜,"制作人啊
观众，在看到舞台上的雏菜以后，会感到幸福吗～？",市川雛菜,W.I.N.G.編,produce_communication_cheers_402300100021
市川雛菜/W.I.N.G.編/produce_communication_cheers_402300100021.csv,7,4023001000210020,雛菜,"这样啊～嗯
那雏菜得即快乐又幸福才行了呢～！",市川雛菜,W.I.N.G.編,produce_communication_cheers_402300100021
市川雛菜/W.I.N.G.編/produce_communication_cheers_402300100021.csv,9,4023001000210030,雛菜,"啊哈～那是真的
没问题吗～～～？",市川雛菜,W.I.N.G.編,produce_communication_cheers_402300100021
市川雛菜/W.I.N.G.編/produce_communication_cheers_402300100021.csv,11,4023001000210040,雛菜,"嗯～这样啊～……
那雏菜我要是失败也话也就不行了啊～",市川雛菜,W.I.N.G.編,produce_communication_cheers_402300100021
市川雛菜/W.I.N.G.編/produce_communication_cheers_402300100022.csv,2,4023001000220010,雛菜,"来～制作人
来对即将登台的雏菜说一句话吧～♡",市川雛菜,W.I.N.G.編,produce_communication_cheers_402300100022
市川雛菜/W.I.N.G.編/produce_communication_cheers_402300100022.csv,7,4023001000220020,雛菜,"呀哈～♡
嗯，雏菜会回应期待让制作人开心的！",市川雛菜,W.I.N.G.編,produce_communication_cheers_402300100022
市川雛菜/W.I.N.G.編/produce_communication_cheers_402300100022.csv,9,4023001000220030,雛菜,"嗯～♡
开心　又幸福，对吧？",市川雛菜,W.I.N.G.編,produce_communication_cheers_402300100022
市川雛菜/W.I.N.G.編/produce_communication_cheers_402300100022.csv,11,4023001000220040,雛菜,嗯～那雏菜就像平常那样加油吧～～～,市川雛菜,W.I.N.G.編,produce_communication_cheers_402300100022
市川雛菜/W.I.N.G.編/produce_communication_cheers_402300100023.csv,2,4023001000230010,雛菜,"呀哈～♡
能不能快点开始呀～！",市川雛菜,W.I.N.G.編,produce_communication_cheers_402300100023
市川雛菜/W.I.N.G.編/produce_communication_cheers_402300100023.csv,7,4023001000230020,雛菜,"啊哈～可以哦～！
制作人你也要，变得幸福起来哦？",市川雛菜,W.I.N.G.編,produce_communication_cheers_402300100023
市川雛菜/W.I.N.G.編/produce_communication_cheers_402300100023.csv,9,4023001000230030,雛菜,"嗯～是的呢～！
雏菜得开心快乐地上才行啊～～～",市川雛菜,W.I.N.G.編,produce_communication_cheers_402300100023
市川雛菜/W.I.N.G.編/produce_communication_cheers_402300100023.csv,11,4023001000230040,雛菜,"诶～？
制作人，你就没担心雏菜吗～？",市川雛菜,W.I.N.G.編,produce_communication_cheers_402300100023
市川雛菜/W.I.N.G.編/produce_events_102300002.csv,2,1023001010010,雛菜,"哇～♡
今天请多关照～！",市川雛菜,W.I.N.G.編,produce_events_102300002
市川雛菜/W.I.N.G.編/produce_events_102300002.csv,4,1023001010020,雛菜,"好～♡
市川雏菜，在读高中一年级～～～",市川雛菜,W.I.N.G.編,produce_events_102300002
市川雛菜/W.I.N.G.編/produce_events_102300002.csv,6,1023001010030,雛菜,"嗯～
先前听说透前辈有在当偶像……",市川雛菜,W.I.N.G.編,produce_events_102300002
市川雛菜/W.I.N.G.編/produce_events_102300002.csv,7,1023001010040,雛菜,"好棒啊～雏菜也想当啊～
所以就这么来了♡",市川雛菜,W.I.N.G.編,produce_events_102300002
市川雛菜/W.I.N.G.編/produce_events_102300002.csv,9,1023001010050,雛菜,"特长～……？
嗯～无论什么事情都能做到～！",市川雛菜,W.I.N.G.編,produce_events_102300002
市川雛菜/W.I.N.G.編/produce_events_102300002.csv,11,1023001010060,雛菜,"不管是运动还是学习都挺好的！
所以也挺期待当偶像的～～～♡",市川雛菜,W.I.N.G.編,produce_events_102300002
市川雛菜/W.I.N.G.編/produce_events_102300002.csv,13,1023001010070,雛菜,"嗯～偶像的话～，
非常快乐幸福～♡　这样的感觉？",市川雛菜,W.I.N.G.編,produce_events_102300002
市川雛菜/W.I.N.G.編/produce_events_102300002.csv,16,1023001010080,雛菜,诶～困难的事可不喜欢～……,市川雛菜,W.I.N.G.編,produce_events_102300002
市川雛菜/W.I.N.G.編/produce_events_102300002.csv,17,1023001010081,雛菜,啊！　雏菜只要负责开心就行了！,市川雛菜,W.I.N.G.編,produce_events_102300002
市川雛菜/W.I.N.G.編/produce_events_102300002.csv,19,1023001010090,雛菜,"不管什么事情都要快乐地，
幸福地去做才是最重要的吧～？",市川雛菜,W.I.N.G.編,produce_events_102300002
市川雛菜/W.I.N.G.編/produce_events_102300002.csv,21,1023001010100,雛菜,"对吧～？
雏菜我，可能挺擅长这个的～～～♡",市川雛菜,W.I.N.G.編,produce_events_102300002
市川雛菜/W.I.N.G.編/produce_events_102300002.csv,22,1023001010110,雛菜,"还挺经常被别人说～
“雏菜看起来一脸幸福的样子真好啊～”呢～",市川雛菜,W.I.N.G.編,produce_events_102300002
市川雛菜/W.I.N.G.編/produce_events_102300002.csv,24,1023001010120,雛菜,"啊哈～♡
谢谢～～～",市川雛菜,W.I.N.G.編,produce_events_102300002
市川雛菜/W.I.N.G.編/produce_events_102300002.csv,25,1023001010130,雛菜,"雏菜不管什么时候
都会快乐、幸福地度过",市川雛菜,W.I.N.G.編,produce_events_102300002
市川雛菜/W.I.N.G.編/produce_events_102300002.csv,26,1023001010140,雛菜,……要是每个人都能这样就好了呢,市川雛菜,W.I.N.G.編,produce_events_102300002
市川雛菜/W.I.N.G.編/produce_events_102300002.csv,30,1023001010150,雛菜,"这样啊～……
那雏菜我，适合当偶像吧？",市川雛菜,W.I.N.G.編,produce_events_102300002
市川雛菜/W.I.N.G.編/produce_events_102300002.csv,31,1023001010160,雛菜,"因为只要看见雏菜幸福的样子的话
大家也自然会产生幸福的感觉吧？",市川雛菜,W.I.N.G.編,produce_events_102300002
市川雛菜/W.I.N.G.編/produce_events_102300002.csv,34,1023001010170,雛菜,"诶～～～、雏菜还想
再聊上一会儿呢～……",市川雛菜,W.I.N.G.編,produce_events_102300002
市川雛菜/W.I.N.G.編/produce_events_102300002.csv,37,1023001010180,雛菜,"呀哈～♡　真的吗～？
超开心～～～！",市川雛菜,W.I.N.G.編,produce_events_102300002
市川雛菜/W.I.N.G.編/produce_events_102300002.csv,40,1023001010190,雛菜,"嗯！
那么雏菜也会努力被培养的～！",市川雛菜,W.I.N.G.編,produce_events_102300002
市川雛菜/W.I.N.G.編/produce_events_102300002.csv,41,1023001010200,雛菜,"请多关照～～♡
雏菜，可能还挺喜欢制作人的～～～！",市川雛菜,W.I.N.G.編,produce_events_102300002
市川雛菜/W.I.N.G.編/produce_events_102300101.csv,35,1023001010010,雛菜,"哇～♡
今天请多关照～！",市川雛菜,W.I.N.G.編,produce_events_102300101
市川雛菜/W.I.N.G.編/produce_events_102300101.csv,37,1023001010020,雛菜,"好～♡
市川雏菜，在读高中一年级～～～",市川雛菜,W.I.N.G.編,produce_events_102300101
市川雛菜/W.I.N.G.編/produce_events_102300101.csv,39,1023001010030,雛菜,"嗯～
先前听说透前辈有在当偶像……",市川雛菜,W.I.N.G.編,produce_events_102300101
市川雛菜/W.I.N.G.編/produce_events_102300101.csv,40,1023001010040,雛菜,"好棒啊～雏菜也想当啊～
所以就这么来了♡",市川雛菜,W.I.N.G.編,produce_events_102300101
市川雛菜/W.I.N.G.編/produce_events_102300101.csv,42,1023001010050,雛菜,"特长～……？
嗯～无论什么事情都能做到～！",市川雛菜,W.I.N.G.編,produce_events_102300101
市川雛菜/W.I.N.G.編/produce_events_102300101.csv,44,1023001010060,雛菜,"不管是运动还是学习都挺好的！
所以也挺期待当偶像的～～～♡",市川雛菜,W.I.N.G.編,produce_events_102300101
市川雛菜/W.I.N.G.編/produce_events_102300101.csv,46,1023001010070,雛菜,"嗯～偶像的话～，
非常快乐幸福～♡　这样的感觉？",市川雛菜,W.I.N.G.編,produce_events_102300101
市川雛菜/W.I.N.G.編/produce_events_102300101.csv,49,1023001010080,雛菜,诶～困难的事可不喜欢～……,市川雛菜,W.I.N.G.編,produce_events_102300101
市川雛菜/W.I.N.G.編/produce_events_102300101.csv,50,1023001010081,雛菜,啊！　雏菜只要负责开心就行了！,市川雛菜,W.I.N.G.編,produce_events_102300101
市川雛菜/W.I.N.G.編/produce_events_102300101.csv,52,1023001010090,雛菜,"不管什么事情都要快乐地，
幸福地去做才是最重要的吧～？",市川雛菜,W.I.N.G.編,produce_events_102300101
市川雛菜/W.I.N.G.編/produce_events_102300101.csv,54,1023001010100,雛菜,"对吧～？
雏菜我，可能挺擅长这个的～～～♡",市川雛菜,W.I.N.G.編,produce_events_102300101
市川雛菜/W.I.N.G.編/produce_events_102300101.csv,55,1023001010110,雛菜,"还挺经常被别人说～
“雏菜看起来一脸幸福的样子真好啊～”呢～",市川雛菜,W.I.N.G.編,produce_events_102300101
市川雛菜/W.I.N.G.編/produce_events_102300101.csv,57,1023001010120,雛菜,"啊哈～♡
谢谢～～～",市川雛菜,W.I.N.G.編,produce_events_102300101
市川雛菜/W.I.N.G.編/produce_events_102300101.csv,58,1023001010130,雛菜,"雏菜不管什么时候
都会快乐、幸福地度过",市川雛菜,W.I.N.G.編,produce_events_102300101
市川雛菜/W.I.N.G.編/produce_events_102300101.csv,59,1023001010140,雛菜,……要是每个人都能这样就好了呢,市川雛菜,W.I.N.G.編,produce_events_102300101
市川雛菜/W.I.N.G.編/produce_events_102300101.csv,63,1023001010150,雛菜,"这样啊～……
那雏菜我，适合当偶像吧？",市川雛菜,W.I.N.G.編,produce_events_102300101
市川雛菜/W.I.N.G.編/produce_events_102300101.csv,64,1023001010160,雛菜,"因为只要看见雏菜幸福的样子的话
大家也自然会产生幸福的感觉吧？",市川雛菜,W.I.N.G.編,produce_events_102300101
市川雛菜/W.I.N.G.編/produce_events_102300101.csv,67,1023001010170,雛菜,"诶～～～、雏菜还想
再聊上一会儿呢～……",市川雛菜,W.I.N.G.編,produce_events_102300101
市川雛菜/W.I.N.G.編/produce_events_102300101.csv,70,1023001010180,雛菜,"呀哈～♡　真的吗～？
超开心～～～！",市川雛菜,W.I.N.G.編,produce_events_102300101
市川雛菜/W.I.N.G.編/produce_events_102300101.csv,73,1023001010190,雛菜,"嗯！
那么雏菜也会努力被培养的～！",市川雛菜,W.I.N.G.編,produce_events_102300101
市川雛菜/W.I.N.G.編/produce_events_102300101.csv,74,1023001010200,雛菜,"请多关照～～♡
雏菜，可能还挺喜欢制作人的～～～！",市川雛菜,W.I.N.G.編,produce_events_102300101
市川雛菜/W.I.N.G.編/produce_events_102300102.csv,2,1023001020010,雛菜,"啊～♡
是制作人啊～～～！",市川雛菜,W.I.N.G.編,produce_events_102300102
市川雛菜/W.I.N.G.編/produce_events_102300102.csv,4,1023001020020,雛菜,"诶～～～
制作人，会不会太冷淡点了啊～……？",市川雛菜,W.I.N.G.編,produce_events_102300102
市川雛菜/W.I.N.G.編/produce_events_102300102.csv,6,1023001020030,雛菜,"超不好的～！
很危险的啊～",市川雛菜,W.I.N.G.編,produce_events_102300102
市川雛菜/W.I.N.G.編/produce_events_102300102.csv,7,1023001020040,雛菜,"不得不边走边想事情什么的
超级糟～～～",市川雛菜,W.I.N.G.編,produce_events_102300102
市川雛菜/W.I.N.G.編/produce_events_102300102.csv,8,1023001020050,雛菜,制作人有时间休息吗～……？,市川雛菜,W.I.N.G.編,produce_events_102300102
市川雛菜/W.I.N.G.編/produce_events_102300102.csv,10,1023001020060,雛菜,"啊不过！
雏菜有时候也边想着制作人的事情边走呢～♡",市川雛菜,W.I.N.G.編,produce_events_102300102
市川雛菜/W.I.N.G.編/produce_events_102300102.csv,13,1023001020070,雛菜,真的假的～～～！,市川雛菜,W.I.N.G.編,produce_events_102300102
市川雛菜/W.I.N.G.編/produce_events_102300102.csv,14,1023001020080,雛菜,"会不会只有雏菜想着制作人的事情呢？
一这样想就超开心～～～",市川雛菜,W.I.N.G.編,produce_events_102300102
市川雛菜/W.I.N.G.編/produce_events_102300102.csv,16,1023001020090,雛菜,"啊哈，是吧～～～？
今天一整天也要开～心与幸福～♡",市川雛菜,W.I.N.G.編,produce_events_102300102
市川雛菜/W.I.N.G.編/produce_events_102300102.csv,19,1023001020100,雛菜,"制作人也要来吗？
呀哈～♡　那太棒了～～～！",市川雛菜,W.I.N.G.編,produce_events_102300102
市川雛菜/W.I.N.G.編/produce_events_102300102.csv,20,1023001020110,雛菜,"快点走吧～～～
制作人～",市川雛菜,W.I.N.G.編,produce_events_102300102
市川雛菜/W.I.N.G.編/produce_events_102300102.csv,23,1023001020120,雛菜,"真的吗～～～？
太棒了～，被夸了～♡",市川雛菜,W.I.N.G.編,produce_events_102300102
市川雛菜/W.I.N.G.編/produce_events_102300102.csv,24,1023001020130,雛菜,"啊，制作人看到了吗～～～？
被夸了哟～～～！",市川雛菜,W.I.N.G.編,produce_events_102300102
市川雛菜/W.I.N.G.編/produce_events_102300102.csv,26,1023001020140,雛菜,"因为，超开心的啊～
所以也想让制作人说两句啊～～～",市川雛菜,W.I.N.G.編,produce_events_102300102
市川雛菜/W.I.N.G.編/produce_events_102300102.csv,28,1023001020150,雛菜,"那制作人的话
就集中目光在雏菜身上吧～",市川雛菜,W.I.N.G.編,produce_events_102300102
市川雛菜/W.I.N.G.編/produce_events_102300102.csv,30,1023001020160,雛菜,"好～♡
拜托开始继续训练～～～",市川雛菜,W.I.N.G.編,produce_events_102300102
市川雛菜/W.I.N.G.編/produce_events_102300102.csv,35,1023001020170,雛菜,"好～♡
非常感谢～",市川雛菜,W.I.N.G.編,produce_events_102300102
市川雛菜/W.I.N.G.編/produce_events_102300102.csv,36,1023001020180,雛菜,……制作人看到了吗～～～？,市川雛菜,W.I.N.G.編,produce_events_102300102
市川雛菜/W.I.N.G.編/produce_events_102300102.csv,38,1023001020190,雛菜,制作人……？,市川雛菜,W.I.N.G.編,produce_events_102300102
市川雛菜/W.I.N.G.編/produce_events_102300102.csv,40,1023001020200,雛菜,……又在想事情吗～？,市川雛菜,W.I.N.G.編,produce_events_102300102
市川雛菜/W.I.N.G.編/produce_events_102300102.csv,44,1023001020210,雛菜,"啊哈，制作人
只会说这个～～～",市川雛菜,W.I.N.G.編,produce_events_102300102
市川雛菜/W.I.N.G.編/produce_events_102300102.csv,46,1023001020220,雛菜,"诶～～～？
这个的意思是雏菜很厉害吗～？",市川雛菜,W.I.N.G.編,produce_events_102300102
市川雛菜/W.I.N.G.編/produce_events_102300102.csv,49,1023001020230,雛菜,"……那很简单啊～？
只要快乐幸福～就是最棒的♡",市川雛菜,W.I.N.G.編,produce_events_102300102
市川雛菜/W.I.N.G.編/produce_events_102300102.csv,50,1023001020240,雛菜,呀哈～♡　也被制作人夸啦～～～,市川雛菜,W.I.N.G.編,produce_events_102300102
市川雛菜/W.I.N.G.編/produce_events_102300102.csv,52,1023001020250,雛菜,雏菜，或许还挺有舞蹈天赋的～,市川雛菜,W.I.N.G.編,produce_events_102300102
市川雛菜/W.I.N.G.編/produce_events_102300102.csv,54,1023001020260,雛菜,"雏菜也～～～
很期待制作人哟～",市川雛菜,W.I.N.G.編,produce_events_102300102
市川雛菜/W.I.N.G.編/produce_events_102300102.csv,55,1023001020270,雛菜,"真的吗～～～？
好开心～！",市川雛菜,W.I.N.G.編,produce_events_102300102
市川雛菜/W.I.N.G.編/produce_events_102300102.csv,58,1023001020280,雛菜,"嗯～♡
雏菜，还挺擅长那样的～～～！",市川雛菜,W.I.N.G.編,produce_events_102300102
市川雛菜/W.I.N.G.編/produce_events_102300102.csv,59,1023001020290,雛菜,啊哈～真期待啊～～～,市川雛菜,W.I.N.G.編,produce_events_102300102
市川雛菜/W.I.N.G.編/produce_events_102300103.csv,2,1023001030010,雛菜,"啊～♡
是制作人啊～～～！",市川雛菜,W.I.N.G.編,produce_events_102300103
市川雛菜/W.I.N.G.編/produce_events_102300103.csv,4,1023001030020,雛菜,"对～♡
想着制作人会不会在这儿呢，就过来看看了",市川雛菜,W.I.N.G.編,produce_events_102300103
市川雛菜/W.I.N.G.編/produce_events_102300103.csv,6,1023001030030,雛菜,"嗯！　已经结束了～
今天虽然也很开心但好累啊～～～",市川雛菜,W.I.N.G.編,produce_events_102300103
市川雛菜/W.I.N.G.編/produce_events_102300103.csv,8,1023001030040,雛菜,"啊哈～♡
谢谢～",市川雛菜,W.I.N.G.編,produce_events_102300103
市川雛菜/W.I.N.G.編/produce_events_102300103.csv,9,1023001030050,雛菜,"啊对了，制作人
雏菜喜欢上了这里的沙发～",市川雛菜,W.I.N.G.編,produce_events_102300103
市川雛菜/W.I.N.G.編/produce_events_102300103.csv,10,1023001030060,雛菜,"我能在上面滚来滚去吗？
专属于我的特等席～～～♡",市川雛菜,W.I.N.G.編,produce_events_102300103
市川雛菜/W.I.N.G.編/produce_events_102300103.csv,13,1023001030070,雛菜,诶～～～……,市川雛菜,W.I.N.G.編,produce_events_102300103
市川雛菜/W.I.N.G.編/produce_events_102300103.csv,14,1023001030080,雛菜,"那雏菜在滚的时候
制作人就在那把风吧～",市川雛菜,W.I.N.G.編,produce_events_102300103
市川雛菜/W.I.N.G.編/produce_events_102300103.csv,15,1023001030090,雛菜,好嘞，滚滚♡,市川雛菜,W.I.N.G.編,produce_events_102300103
市川雛菜/W.I.N.G.編/produce_events_102300103.csv,17,1023001030100,雛菜,嗯～～～～～？,市川雛菜,W.I.N.G.編,produce_events_102300103
市川雛菜/W.I.N.G.編/produce_events_102300103.csv,18,1023001030110,雛菜,"她们说接着自主练习来着～？
虽然不知道，但我猜可能还在练习室～？",市川雛菜,W.I.N.G.編,produce_events_102300103
市川雛菜/W.I.N.G.編/produce_events_102300103.csv,19,1023001030120,雛菜,"啊，找她们是有什么事吗？
需要我联系一下吗～？",市川雛菜,W.I.N.G.編,produce_events_102300103
市川雛菜/W.I.N.G.編/produce_events_102300103.csv,21,1023001030130,雛菜,诶～～～？,市川雛菜,W.I.N.G.編,produce_events_102300103
市川雛菜/W.I.N.G.編/produce_events_102300103.csv,22,1023001030140,雛菜,"啊～……
是这样啊～～～",市川雛菜,W.I.N.G.編,produce_events_102300103
市川雛菜/W.I.N.G.編/produce_events_102300103.csv,23,1023001030150,雛菜,"今天的舞蹈练习已经结束了哦？
非常完美地完成了～～～",市川雛菜,W.I.N.G.編,produce_events_102300103
市川雛菜/W.I.N.G.編/produce_events_102300103.csv,24,1023001030160,雛菜,"“雏菜虽然唱歌只是还行的程度
跳舞倒是跳得很好呢～”被这样说了还挺开心的～♡",市川雛菜,W.I.N.G.編,produce_events_102300103
市川雛菜/W.I.N.G.編/produce_events_102300103.csv,25,1023001030170,雛菜,"“今天也非常棒哟”
像这样被夸了～～～♡",市川雛菜,W.I.N.G.編,produce_events_102300103
市川雛菜/W.I.N.G.編/produce_events_102300103.csv,27,1023001030180,雛菜,"嗯～啊！
制作人你的咖啡好香啊～♡",市川雛菜,W.I.N.G.編,produce_events_102300103
市川雛菜/W.I.N.G.編/produce_events_102300103.csv,28,1023001030190,雛菜,让我喝一口～～～,市川雛菜,W.I.N.G.編,produce_events_102300103
市川雛菜/W.I.N.G.編/produce_events_102300103.csv,30,1023001030200,雛菜,"…………
嗯～～～……？",市川雛菜,W.I.N.G.編,produce_events_102300103
市川雛菜/W.I.N.G.編/produce_events_102300103.csv,31,1023001030210,雛菜,"呜啊～这好苦啊！
讨厌～～～～～……",市川雛菜,W.I.N.G.編,produce_events_102300103
市川雛菜/W.I.N.G.編/produce_events_102300103.csv,32,1023001030220,雛菜,"雏菜，得去吃点甜食再回家了～！
……先走了哦？",市川雛菜,W.I.N.G.編,produce_events_102300103
市川雛菜/W.I.N.G.編/produce_events_102300103.csv,34,1023001030230,雛菜,"再见～～～
制作人，辛苦了～♡",市川雛菜,W.I.N.G.編,produce_events_102300103
市川雛菜/W.I.N.G.編/produce_events_102300103.csv,39,1023001030240,雛菜,"嗯～？　
我不是说过已经和大家训练完了吗？",市川雛菜,W.I.N.G.編,produce_events_102300103
市川雛菜/W.I.N.G.編/produce_events_102300103.csv,40,1023001030250,雛菜,嗯～，刚才确实有说过这话吧～……,市川雛菜,W.I.N.G.編,produce_events_102300103
市川雛菜/W.I.N.G.編/produce_events_102300103.csv,41,1023001030260,雛菜,"……已经可以走了吧～？
雏菜，想快点让嘴里变甜啊～……",市川雛菜,W.I.N.G.編,produce_events_102300103
市川雛菜/W.I.N.G.編/produce_events_102300103.csv,42,1023001030270,雛菜,"啊，制作人也要来一起吃吗～？
雏菜～就吃布丁吧～",市川雛菜,W.I.N.G.編,produce_events_102300103
市川雛菜/W.I.N.G.編/produce_events_102300103.csv,44,1023001030280,雛菜,"这样吗～？　真是遗憾～
那么，回头见～～～",市川雛菜,W.I.N.G.編,produce_events_102300103
市川雛菜/W.I.N.G.編/produce_events_102300103.csv,46,1023001030290,雛菜,"嘿～～～？
为什么这么问～，我挺喜欢的啊～？",市川雛菜,W.I.N.G.編,produce_events_102300103
市川雛菜/W.I.N.G.編/produce_events_102300103.csv,47,1023001030300,雛菜,要不然我不会去做的哦～,市川雛菜,W.I.N.G.編,produce_events_102300103
市川雛菜/W.I.N.G.編/produce_events_102300103.csv,49,1023001030310,雛菜,"那么，下次再见哦～
制作人，拜拜～～～",市川雛菜,W.I.N.G.編,produce_events_102300103
市川雛菜/W.I.N.G.編/produce_events_102300103.csv,51,1023001030320,雛菜,嗯～，知道了～～～,市川雛菜,W.I.N.G.編,produce_events_102300103
市川雛菜/W.I.N.G.編/produce_events_102300103.csv,52,1023001030330,雛菜,"啊，制作人也一起走的话
会更安全些哦～",市川雛菜,W.I.N.G.編,produce_events_102300103
市川雛菜/W.I.N.G.編/produce_events_102300103.csv,54,1023001030340,雛菜,"是吗～，那就不用啦～
再见～～～！",市川雛菜,W.I.N.G.編,produce_events_102300103
市川雛菜/W.I.N.G.編/produce_events_102300103.csv,55,1023001030350,雛菜,我回去吃布丁～，布丁～～～♡,市川雛菜,W.I.N.G.編,produce_events_102300103
市川雛菜/W.I.N.G.編/produce_events_102300104.csv,2,1023001040010,雛菜,"啊～♡
制作人欢迎回来～～～！",市川雛菜,W.I.N.G.編,produce_events_102300104
市川雛菜/W.I.N.G.編/produce_events_102300104.csv,4,1023001040020,雛菜,嗯～先稍微过来一下～～～,市川雛菜,W.I.N.G.編,produce_events_102300104
市川雛菜/W.I.N.G.編/produce_events_102300104.csv,5,1023001040030,雛菜,"啊哈～制作人已经见到了
那么该走了～～～",市川雛菜,W.I.N.G.編,produce_events_102300104
市川雛菜/W.I.N.G.編/produce_events_102300104.csv,7,1023001040040,雛菜,"……喂～制作人
请对加油训练着的雏菜说一句话嘛～",市川雛菜,W.I.N.G.編,produce_events_102300104
市川雛菜/W.I.N.G.編/produce_events_102300104.csv,8,1023001040050,雛菜,那样的话雏菜会更努力的～～～♡,市川雛菜,W.I.N.G.編,produce_events_102300104
市川雛菜/W.I.N.G.編/produce_events_102300104.csv,11,1023001040060,雛菜,嗯嗯，是这样吧～♡,市川雛菜,W.I.N.G.編,produce_events_102300104
市川雛菜/W.I.N.G.編/produce_events_102300104.csv,14,1023001040070,雛菜,呀哈～♡　雏菜也这么想～～～,市川雛菜,W.I.N.G.編,produce_events_102300104
市川雛菜/W.I.N.G.編/produce_events_102300104.csv,16,1023001040080,雛菜,"嘿～～～
……担心什么～？",市川雛菜,W.I.N.G.編,produce_events_102300104
市川雛菜/W.I.N.G.編/produce_events_102300104.csv,18,1023001040090,雛菜,诶～～～这是在问什么～……？,市川雛菜,W.I.N.G.編,produce_events_102300104
市川雛菜/W.I.N.G.編/produce_events_102300104.csv,20,1023001040100,雛菜,嗯～～～……？,市川雛菜,W.I.N.G.編,produce_events_102300104
市川雛菜/W.I.N.G.編/produce_events_102300104.csv,22,1023001040110,雛菜,──但是大家会想那样做吗？,市川雛菜,W.I.N.G.編,produce_events_102300104
市川雛菜/W.I.N.G.編/produce_events_102300104.csv,24,1023001040120,雛菜,"雏菜我，既不是透前辈也不是圆香前辈更不是小糸
所以虽然不是很懂～～～",市川雛菜,W.I.N.G.編,produce_events_102300104
市川雛菜/W.I.N.G.編/produce_events_102300104.csv,25,1023001040130,雛菜,"决定好的训练时间有好好的在遵守哦？
而且大家的关系也很融洽哟～？",市川雛菜,W.I.N.G.編,produce_events_102300104
市川雛菜/W.I.N.G.編/produce_events_102300104.csv,26,1023001040140,雛菜,"是说即使不开心也勉强自己
给我去做～之类的吗？",市川雛菜,W.I.N.G.編,produce_events_102300104
市川雛菜/W.I.N.G.編/produce_events_102300104.csv,27,1023001040150,雛菜,"……如果不辛苦又困难的话
就不叫努力过了是吗～？",市川雛菜,W.I.N.G.編,produce_events_102300104
市川雛菜/W.I.N.G.編/produce_events_102300104.csv,31,1023001040160,雛菜,嗯～…………,市川雛菜,W.I.N.G.編,produce_events_102300104
市川雛菜/W.I.N.G.編/produce_events_102300104.csv,32,1023001040170,雛菜,"……呐～制作人你
作为雏菜的制作人，你觉得幸福吗？",市川雛菜,W.I.N.G.編,produce_events_102300104
市川雛菜/W.I.N.G.編/produce_events_102300104.csv,34,1023001040180,雛菜,"啊，果然还是算了～～～
这应该不是雏菜想听的话～",市川雛菜,W.I.N.G.編,produce_events_102300104
市川雛菜/W.I.N.G.編/produce_events_102300104.csv,35,1023001040190,雛菜,"啊哈～雏菜已经得走了～～～
再见～制作人",市川雛菜,W.I.N.G.編,produce_events_102300104
市川雛菜/W.I.N.G.編/produce_events_102300104.csv,37,1023001040200,雛菜,虽然真的不想说这话的～,市川雛菜,W.I.N.G.編,produce_events_102300104
市川雛菜/W.I.N.G.編/produce_events_102300104.csv,38,1023001040210,雛菜,……今天的制作人，真讨厌～～～,市川雛菜,W.I.N.G.編,produce_events_102300104
市川雛菜/W.I.N.G.編/produce_events_102300104.csv,40,1023001040220,雛菜,"再见～～～
先走了～～～",市川雛菜,W.I.N.G.編,produce_events_102300104
市川雛菜/W.I.N.G.編/produce_events_102300104.csv,45,1023001040230,雛菜,"真是的～……
为什么现在要说这个啊～～～？",市川雛菜,W.I.N.G.編,produce_events_102300104
市川雛菜/W.I.N.G.編/produce_events_102300104.csv,47,1023001040240,雛菜,好～知道了～～～,市川雛菜,W.I.N.G.編,produce_events_102300104
市川雛菜/W.I.N.G.編/produce_events_102300104.csv,48,1023001040250,雛菜,"先走了～～～！
拜拜，制作人！",市川雛菜,W.I.N.G.編,produce_events_102300104
市川雛菜/W.I.N.G.編/produce_events_102300104.csv,49,1023001040260,雛菜,"……那样说的话
没人会等下的啊～～～",市川雛菜,W.I.N.G.編,produce_events_102300104
市川雛菜/W.I.N.G.編/produce_events_102300104.csv,51,1023001040270,雛菜,雏菜得走了～～～！,市川雛菜,W.I.N.G.編,produce_events_102300104
市川雛菜/W.I.N.G.編/produce_events_102300104.csv,53,1023001040280,雛菜,"嗯～……
明天要变成雏菜喜欢的那个制作人哦～……",市川雛菜,W.I.N.G.編,produce_events_102300104
市川雛菜/W.I.N.G.編/produce_events_102300104.csv,54,1023001040290,雛菜,雏菜一直有在加油哟～……,市川雛菜,W.I.N.G.編,produce_events_102300104
市川雛菜/W.I.N.G.編/produce_events_102300104.csv,55,1023001040300,雛菜,虽然你可能不知道～……,市川雛菜,W.I.N.G.編,produce_events_102300104
市川雛菜/W.I.N.G.編/produce_events_102300104.csv,57,1023001040310,雛菜,不过也没关系啦～～～……,市川雛菜,W.I.N.G.編,produce_events_102300104
市川雛菜/W.I.N.G.編/produce_events_102300104.csv,58,1023001040320,雛菜,"不知道其他人的事情是当然的吧～～～
雏菜也是这样的",市川雛菜,W.I.N.G.編,produce_events_102300104
市川雛菜/W.I.N.G.編/produce_events_102300104.csv,59,1023001040330,雛菜,雏菜只知道雏菜自己的事情。,市川雛菜,W.I.N.G.編,produce_events_102300104
市川雛菜/W.I.N.G.編/produce_events_102300105.csv,2,1023001050010,雛菜,"啊～♡
发现制作人～～～",市川雛菜,W.I.N.G.編,produce_events_102300105
市川雛菜/W.I.N.G.編/produce_events_102300105.csv,4,1023001050020,雛菜,"啊哈～♡　反应不错～～～！
接下来是要回家吗？　要一起去车站吗？",市川雛菜,W.I.N.G.編,produce_events_102300105
市川雛菜/W.I.N.G.編/produce_events_102300105.csv,6,1023001050030,雛菜,"欸～～～……、
难道说还有工作吗～？",市川雛菜,W.I.N.G.編,produce_events_102300105
市川雛菜/W.I.N.G.編/produce_events_102300105.csv,7,1023001050040,雛菜,"是明天再做也不行的工作吗～？
今天就先到这里～……好吗？",市川雛菜,W.I.N.G.編,produce_events_102300105
市川雛菜/W.I.N.G.編/produce_events_102300105.csv,9,1023001050050,雛菜,"那就好～
制作人你干活干过头了啦～～～",市川雛菜,W.I.N.G.編,produce_events_102300105
市川雛菜/W.I.N.G.編/produce_events_102300105.csv,10,1023001050060,雛菜,"……但，工作的时候要是感到快乐
幸福～的话，那也算件好事也说不定呢～",市川雛菜,W.I.N.G.編,produce_events_102300105
市川雛菜/W.I.N.G.編/produce_events_102300105.csv,12,1023001050070,雛菜,欸～～～？,市川雛菜,W.I.N.G.編,produce_events_102300105
市川雛菜/W.I.N.G.編/produce_events_102300105.csv,14,1023001050080,雛菜,"…………
雏菜也一直想着制作人的事情呢～",市川雛菜,W.I.N.G.編,produce_events_102300105
市川雛菜/W.I.N.G.編/produce_events_102300105.csv,16,1023001050090,雛菜,"不过还是无法成为其他的哪个人啊～
毕竟雏菜就是雏菜，不是其他人",市川雛菜,W.I.N.G.編,produce_events_102300105
市川雛菜/W.I.N.G.編/produce_events_102300105.csv,17,1023001050100,雛菜,"雏菜，没法成为透前辈和圆香前辈
……也没法像小糸那样努力。",市川雛菜,W.I.N.G.編,produce_events_102300105
市川雛菜/W.I.N.G.編/produce_events_102300105.csv,18,1023001050110,雛菜,"不过大家也不是雏菜
不擅长的事也都不一样，雏菜觉得大家都有在努力啊～",市川雛菜,W.I.N.G.編,produce_events_102300105
市川雛菜/W.I.N.G.編/produce_events_102300105.csv,20,1023001050120,雛菜,"虽然雏菜是不知道啦～
雏菜只清楚雏菜自己的感觉～……",市川雛菜,W.I.N.G.編,produce_events_102300105
市川雛菜/W.I.N.G.編/produce_events_102300105.csv,21,1023001050130,雛菜,"也没法变成其他人
雏菜一直都只能是雏菜啊～～～",市川雛菜,W.I.N.G.編,produce_events_102300105
市川雛菜/W.I.N.G.編/produce_events_102300105.csv,22,1023001050140,雛菜,所以雏菜，选择了让雏菜自己幸福的思考方式,市川雛菜,W.I.N.G.編,produce_events_102300105
市川雛菜/W.I.N.G.編/produce_events_102300105.csv,23,1023001050150,雛菜,……这样不行吗～？,市川雛菜,W.I.N.G.編,produce_events_102300105
市川雛菜/W.I.N.G.編/produce_events_102300105.csv,25,1023001050160,雛菜,,市川雛菜,W.I.N.G.編,produce_events_102300105
市川雛菜/W.I.N.G.編/produce_events_102300105.csv,29,1023001050170,雛菜,"…………什么啊～～～
原来是在说这个吗～……",市川雛菜,W.I.N.G.編,produce_events_102300105
市川雛菜/W.I.N.G.編/produce_events_102300105.csv,30,1023001050180,雛菜,"制作人想表达的意思
雏菜，好像一直弄错了",市川雛菜,W.I.N.G.編,produce_events_102300105
市川雛菜/W.I.N.G.編/produce_events_102300105.csv,31,1023001050190,雛菜,"之前还以为你是想说没有团队协调性啊、
和大家一起去自主练习啊之类的～～～",市川雛菜,W.I.N.G.編,produce_events_102300105
市川雛菜/W.I.N.G.編/produce_events_102300105.csv,33,1023001050200,雛菜,"这样啊～……
制作人，这么了解雏菜啊～",市川雛菜,W.I.N.G.編,produce_events_102300105
市川雛菜/W.I.N.G.編/produce_events_102300105.csv,34,1023001050210,雛菜,……制作人明明，不是雏菜,市川雛菜,W.I.N.G.編,produce_events_102300105
市川雛菜/W.I.N.G.編/produce_events_102300105.csv,36,1023001050220,雛菜,"──喂～制作人
你觉得雏菜，能成为偶像吗～？",市川雛菜,W.I.N.G.編,produce_events_102300105
市川雛菜/W.I.N.G.編/produce_events_102300105.csv,38,1023001050230,雛菜,"那么雏菜努力的话，
会第一个夸奖雏菜，摸摸雏菜的头吗～？",市川雛菜,W.I.N.G.編,produce_events_102300105
市川雛菜/W.I.N.G.編/produce_events_102300105.csv,40,1023001050240,雛菜,没做好的时候，也会紧紧地抱着雏菜吗～？,市川雛菜,W.I.N.G.編,produce_events_102300105
市川雛菜/W.I.N.G.編/produce_events_102300105.csv,42,1023001050250,雛菜,"再然后事务所的沙发，
变成雏菜的特等席也行吗～？",市川雛菜,W.I.N.G.編,produce_events_102300105
市川雛菜/W.I.N.G.編/produce_events_102300105.csv,44,1023001050260,雛菜,啊哈哈～～～～～,市川雛菜,W.I.N.G.編,produce_events_102300105
市川雛菜/W.I.N.G.編/produce_events_102300105.csv,45,1023001050270,雛菜,"……雏菜，想更努力一些，
然后变得更幸福",市川雛菜,W.I.N.G.編,produce_events_102300105
市川雛菜/W.I.N.G.編/produce_events_102300105.csv,48,1023001050280,雛菜,"……果然雏菜，
可能真的挺喜欢制作人的～～～",市川雛菜,W.I.N.G.編,produce_events_102300105
市川雛菜/W.I.N.G.編/produce_events_102300105.csv,49,1023001050290,雛菜,"所以，制作人也要
喜欢雏菜哦～？",市川雛菜,W.I.N.G.編,produce_events_102300105
市川雛菜/W.I.N.G.編/produce_events_102300105.csv,51,1023001050300,雛菜,"真的吗～！？
呀哈～～～～～♡",市川雛菜,W.I.N.G.編,produce_events_102300105
市川雛菜/W.I.N.G.編/produce_events_102300105.csv,52,1023001050310,雛菜,"啊，我们来比谁先到车站吧～！
输的一方要买蛋糕哦～～～！",市川雛菜,W.I.N.G.編,produce_events_102300105
市川雛菜/W.I.N.G.編/produce_events_102300105.csv,54,1023001050320,雛菜,"啊哈～因为现在超开心的啊～～！
预～备♡　开始～～～！",市川雛菜,W.I.N.G.編,produce_events_102300105
市川雛菜/W.I.N.G.編/produce_events_102300105.csv,55,1023001050330,雛菜,快点呀～～～制作人！,市川雛菜,W.I.N.G.編,produce_events_102300105
市川雛菜/W.I.N.G.編/produce_events_102300105.csv,60,1023001050340,雛菜,"不要～！
慢下来的话可就要输掉了～～～",市川雛菜,W.I.N.G.編,produce_events_102300105
市川雛菜/W.I.N.G.編/produce_events_102300105.csv,61,1023001050350,雛菜,……雏菜，绝对不会输哦～～～,市川雛菜,W.I.N.G.編,produce_events_102300105
市川雛菜/W.I.N.G.編/produce_events_102300105.csv,62,1023001050360,雛菜,"万一要是摔倒的话
制作人不是也会帮我吗～～～？",市川雛菜,W.I.N.G.編,produce_events_102300105
市川雛菜/W.I.N.G.編/produce_events_102300105.csv,63,1023001050370,雛菜,所以，要好好跟在旁边哦～～～,市川雛菜,W.I.N.G.編,produce_events_102300105
市川雛菜/W.I.N.G.編/produce_events_102300105.csv,64,1023001050380,雛菜,雏菜，想吃草莓蛋糕～～～！,市川雛菜,W.I.N.G.編,produce_events_102300105
市川雛菜/W.I.N.G.編/produce_events_102300105.csv,65,1023001050390,雛菜,然后在牌子上写上“最喜欢雏菜”吧～！,市川雛菜,W.I.N.G.編,produce_events_102300105
市川雛菜/W.I.N.G.編/produce_events_602300101.csv,2,6023001010010,雛菜,"啊哈～准决赛
要开始了啊～～～",市川雛菜,W.I.N.G.編,produce_events_602300101
市川雛菜/W.I.N.G.編/produce_events_602300101.csv,3,6023001010020,雛菜,真期待啊～,市川雛菜,W.I.N.G.編,produce_events_602300101
市川雛菜/W.I.N.G.編/produce_events_602300101.csv,5,6023001010030,雛菜,"诶～？
嗯，雏菜一直都是雏菜哦～",市川雛菜,W.I.N.G.編,produce_events_602300101
市川雛菜/W.I.N.G.編/produce_events_602300101.csv,7,6023001010040,雛菜,"诶～为什么笑啊～
雏菜我，说了什么有趣的话了吗～？",市川雛菜,W.I.N.G.編,produce_events_602300101
市川雛菜/W.I.N.G.編/produce_events_602300101.csv,9,6023001010050,雛菜,"要笑的话，
就看着舞台上的雏菜再笑吧～",市川雛菜,W.I.N.G.編,produce_events_602300101
市川雛菜/W.I.N.G.編/produce_events_602300101.csv,10,6023001010060,雛菜,记得要快乐，又幸～福，哟？,市川雛菜,W.I.N.G.編,produce_events_602300101
市川雛菜/W.I.N.G.編/produce_events_602300102.csv,2,6023001020010,雛菜,"制作人
雏菜，输了啊～",市川雛菜,W.I.N.G.編,produce_events_602300102
市川雛菜/W.I.N.G.編/produce_events_602300102.csv,4,6023001020020,雛菜,"嗯～，对不起啊
制作人",市川雛菜,W.I.N.G.編,produce_events_602300102
市川雛菜/W.I.N.G.編/produce_events_602300102.csv,6,6023001020030,雛菜,"嗯～、因为制作人
一副快要哭了的样子啊～",市川雛菜,W.I.N.G.編,produce_events_602300102
市川雛菜/W.I.N.G.編/produce_events_602300102.csv,8,6023001020040,雛菜,诶～？　明明哭出来也没关系啊～,市川雛菜,W.I.N.G.編,produce_events_602300102
市川雛菜/W.I.N.G.編/produce_events_602300102.csv,10,6023001020050,雛菜,诶～？　为什么～？,市川雛菜,W.I.N.G.編,produce_events_602300102
市川雛菜/W.I.N.G.編/produce_events_602300102.csv,11,6023001020060,雛菜,"因为很高兴，所以雏菜要笑着哦
现在，还不是终点对吧～？",市川雛菜,W.I.N.G.編,produce_events_602300102
市川雛菜/W.I.N.G.編/produce_events_602300103.csv,2,6023001030010,雛菜,"啊哈～，准决赛
结束啦～～～",市川雛菜,W.I.N.G.編,produce_events_602300103
市川雛菜/W.I.N.G.編/produce_events_602300103.csv,4,6023001030020,雛菜,"呀哈～♡
真的吗～～～～？",市川雛菜,W.I.N.G.編,produce_events_602300103
市川雛菜/W.I.N.G.編/produce_events_602300103.csv,5,6023001030030,雛菜,"雏菜也超开心的啊～
观众们看起来也很开心的样子～",市川雛菜,W.I.N.G.編,produce_events_602300103
市川雛菜/W.I.N.G.編/produce_events_602300103.csv,6,6023001030040,雛菜,"……制作人也，
开心吗～？",市川雛菜,W.I.N.G.編,produce_events_602300103
市川雛菜/W.I.N.G.編/produce_events_602300103.csv,8,6023001030050,雛菜,"是吗～，
那就好啊～……",市川雛菜,W.I.N.G.編,produce_events_602300103
市川雛菜/W.I.N.G.編/produce_events_602300103.csv,10,6023001030060,雛菜,好的～♡,市川雛菜,W.I.N.G.編,produce_events_602300103
市川雛菜/W.I.N.G.編/produce_events_602300103.csv,11,6023001030070,雛菜,制作人也要开心哦～,市川雛菜,W.I.N.G.編,produce_events_602300103
市川雛菜/W.I.N.G.編/produce_events_602300106.csv,2,6023001060010,雛菜,"制作人，雏菜
是第一哦～～～♡",市川雛菜,W.I.N.G.編,produce_events_602300106
市川雛菜/W.I.N.G.編/produce_events_602300106.csv,4,6023001060020,雛菜,"啊哈～
制作人，恭喜啊～",市川雛菜,W.I.N.G.編,produce_events_602300106
市川雛菜/W.I.N.G.編/produce_events_602300106.csv,6,6023001060030,雛菜,"嗯～，感觉制作人
好像要哭了啊～",市川雛菜,W.I.N.G.編,produce_events_602300106
市川雛菜/W.I.N.G.編/produce_events_602300106.csv,8,6023001060040,雛菜,诶～？　明明哭出来也没关系的～,市川雛菜,W.I.N.G.編,produce_events_602300106
市川雛菜/W.I.N.G.編/produce_events_602300106.csv,10,6023001060050,雛菜,诶～？　为什么～？,市川雛菜,W.I.N.G.編,produce_events_602300106
市川雛菜/W.I.N.G.編/produce_events_602300106.csv,11,6023001060060,雛菜,"因为很开心，所以雏菜要笑着哦
这还只是刚刚开始啊～！",市川雛菜,W.I.N.G.編,produce_events_602300106
市川雛菜/W.I.N.G.編/produce_events_602300107.csv,10,6023001070010,雛菜,"啊哈～
制作人！　雏菜，失败了～～～",市川雛菜,W.I.N.G.編,produce_events_602300107
市川雛菜/W.I.N.G.編/produce_events_602300107.csv,12,6023001070020,雛菜,"……那么，
来～♡　拜托了～！",市川雛菜,W.I.N.G.編,produce_events_602300107
市川雛菜/W.I.N.G.編/produce_events_602300107.csv,14,6023001070030,雛菜,"诶～～～……
制作人，你忘了吗～？",市川雛菜,W.I.N.G.編,produce_events_602300107
市川雛菜/W.I.N.G.編/produce_events_602300107.csv,16,6023001070040,雛菜,"之前不是说过“努力过的话，要第一个夸雏菜
摸雏菜的头""吗～～～！",市川雛菜,W.I.N.G.編,produce_events_602300107
市川雛菜/W.I.N.G.編/produce_events_602300107.csv,19,6023001070050,雛菜,"嗯……所以
要紧紧抱住雏菜，这是之前就约好的对吧？",市川雛菜,W.I.N.G.編,produce_events_602300107
市川雛菜/W.I.N.G.編/produce_events_602300109.csv,19,6023001090010,雛菜,"呀哈～♡
制作人！　雏菜，成功优胜了～～～",市川雛菜,W.I.N.G.編,produce_events_602300109
市川雛菜/W.I.N.G.編/produce_events_602300109.csv,21,6023001090020,雛菜,"那么的话，来～♡
拜托了～！",市川雛菜,W.I.N.G.編,produce_events_602300109
市川雛菜/W.I.N.G.編/produce_events_602300109.csv,23,6023001090030,雛菜,"诶～～～……
制作人，你忘了吗～？",市川雛菜,W.I.N.G.編,produce_events_602300109
市川雛菜/W.I.N.G.編/produce_events_602300109.csv,25,6023001090040,雛菜,"之前不是说过“努力过的话，要第一个夸雏菜
摸雏菜的头""吗～～～！",市川雛菜,W.I.N.G.編,produce_events_602300109
市川雛菜/W.I.N.G.編/produce_events_602300109.csv,27,6023001090050,雛菜,嗯～～～？　是这样吗～？,市川雛菜,W.I.N.G.編,produce_events_602300109
市川雛菜/W.I.N.G.編/produce_events_602300109.csv,28,6023001090060,雛菜,"啊～！　那么的话由雏菜
来摸制作人的头吧～♡",市川雛菜,W.I.N.G.編,produce_events_602300109
市川雛菜/W.I.N.G.編/produce_events_602300109.csv,30,6023001090070,雛菜,乖乖～♡,市川雛菜,W.I.N.G.編,produce_events_602300109
市川雛菜/W.I.N.G.編/produce_events_602300109.csv,31,6023001090080,雛菜,"……制作人至今以来
非常努力地将任性的雏菜成功培养了起来～",市川雛菜,W.I.N.G.編,produce_events_602300109
市川雛菜/W.I.N.G.編/produce_events_602300109.csv,34,6023001090090,雛菜,"嗯～会这样吗～？
不知道啊～～～？",市川雛菜,W.I.N.G.編,produce_events_602300109
市川雛菜/W.I.N.G.編/produce_events_602300109.csv,37,6023001090100,雛菜,"雏菜的第一个粉丝
都这么说的话，那或许是这样的呢～～～",市川雛菜,W.I.N.G.編,produce_events_602300109
市川雛菜/W.I.N.G.編/produce_events_602300109.csv,39,6023001090110,雛菜,啊哈～，这样啊～……,市川雛菜,W.I.N.G.編,produce_events_602300109
市川雛菜/W.I.N.G.編/produce_events_602300109.csv,40,6023001090120,雛菜,"………………
雏菜我呢～……",市川雛菜,W.I.N.G.編,produce_events_602300109
市川雛菜/W.I.N.G.編/produce_events_602300109.csv,41,6023001090130,雛菜,"如果回到从前的话
绝对会对以前的雏菜说不当偶像比较好！",市川雛菜,W.I.N.G.編,produce_events_602300109
市川雛菜/W.I.N.G.編/produce_events_602300109.csv,43,6023001090140,雛菜,"虽然最开始会夸一两下～
到后面就越来越困难了～～～",市川雛菜,W.I.N.G.編,produce_events_602300109
市川雛菜/W.I.N.G.編/produce_events_602300109.csv,44,6023001090150,雛菜,"明明能做到“快乐又幸福～♡”就可以了
但觉得“才不是那样啊～！”的人也是有的～",市川雛菜,W.I.N.G.編,produce_events_602300109
市川雛菜/W.I.N.G.編/produce_events_602300109.csv,45,6023001090160,雛菜,"雏菜的人生会发生超级、超级大的改变，
所以才会说不要当偶像比较好哦",市川雛菜,W.I.N.G.編,produce_events_602300109
市川雛菜/W.I.N.G.編/produce_events_602300109.csv,47,6023001090170,雛菜,"──这样一来
制作人现在就会成为，只属于雏菜的制作人了哟",市川雛菜,W.I.N.G.編,produce_events_602300109
市川雛菜/W.I.N.G.編/produce_events_602300109.csv,48,6023001090180,雛菜,"只要让现在在这里的雏菜，
最开心最幸福，就可以了～～～",市川雛菜,W.I.N.G.編,produce_events_602300109
市川雛菜/W.I.N.G.編/produce_events_602300109.csv,50,6023001090190,雛菜,雏菜的这种风格，应该是不会变了～……,市川雛菜,W.I.N.G.編,produce_events_602300109
市川雛菜/W.I.N.G.編/produce_events_602300109.csv,51,6023001090200,雛菜,"制作人，从今往后
也要努力培养雏菜哦～",市川雛菜,W.I.N.G.編,produce_events_602300109
市川雛菜/W.I.N.G.編/produce_events_602300109.csv,53,6023001090210,雛菜,"啊哈～♡　知道了！
雏菜会即快乐又幸福地加油的～～～",市川雛菜,W.I.N.G.編,produce_events_602300109
市川雛菜/W.I.N.G.編/produce_events_602300109.csv,55,6023001090220,雛菜,啊～～～！　不过～……,市川雛菜,W.I.N.G.編,produce_events_602300109
市川雛菜/W.I.N.G.編/produce_events_602300109.csv,56,6023001090230,雛菜,"……如果只有一点的话
还是可以试试困难点的事情哟～",市川雛菜,W.I.N.G.編,produce_events_602300109
市川雛菜/W.I.N.G.編/produce_events_602300109.csv,57,6023001090240,雛菜,"因为，那样的话
快乐又幸福～♡　的感觉可能会变得更强一些～！",市川雛菜,W.I.N.G.編,produce_events_602300109
市川雛菜/W.I.N.G.編/produce_events_602300109.csv,59,6023001090250,雛菜,"…………雏菜果然，
是喜欢制作人的",市川雛菜,W.I.N.G.編,produce_events_602300109
市川雛菜/W.I.N.G.編/produce_events_602300109.csv,60,6023001090260,雛菜,"所以啊～……
雏菜要让制作人也幸福起来！",市川雛菜,W.I.N.G.編,produce_events_602300109
市川雛菜/W.I.N.G.編/produce_events_702300101.csv,4,7023001010010,雛菜,"诶～～～～～？
啊，这样啊～",市川雛菜,W.I.N.G.編,produce_events_702300101
市川雛菜/W.I.N.G.編/produce_events_702300101.csv,5,7023001010020,雛菜,……雏菜，厉害吧～？,市川雛菜,W.I.N.G.編,produce_events_702300101
市川雛菜/W.I.N.G.編/produce_events_702300101.csv,7,7023001010030,雛菜,"呀哈～♡　雏菜果然，
挺适合当偶像的～～～",市川雛菜,W.I.N.G.編,produce_events_702300101
市川雛菜/W.I.N.G.編/produce_events_702300101.csv,10,7023001010040,雛菜,好的～♡,市川雛菜,W.I.N.G.編,produce_events_702300101
市川雛菜/W.I.N.G.編/produce_events_702300101.csv,11,7023001010050,雛菜,"那么制作人的话
也要加油培养好雏菜哦～～～！",市川雛菜,W.I.N.G.編,produce_events_702300101
市川雛菜/W.I.N.G.編/produce_events_702300101.csv,13,7023001010060,雛菜,"啊哈～
练习也能被夸～",市川雛菜,W.I.N.G.編,produce_events_702300101
市川雛菜/W.I.N.G.編/produce_events_702300101.csv,14,7023001010070,雛菜,"像这样成功做好的话
也会被制作人夸～～～",市川雛菜,W.I.N.G.編,produce_events_702300101
市川雛菜/W.I.N.G.編/produce_events_702300101.csv,15,7023001010080,雛菜,当偶像，也许还挺开心的～～～♡,市川雛菜,W.I.N.G.編,produce_events_702300101
市川雛菜/W.I.N.G.編/produce_events_702300101.csv,18,7023001010090,雛菜,嗯～～～？,市川雛菜,W.I.N.G.編,produce_events_702300101
市川雛菜/W.I.N.G.編/produce_events_702300101.csv,19,7023001010100,雛菜,"……制作人，
雏菜当初也说过～",市川雛菜,W.I.N.G.編,produce_events_702300101
市川雛菜/W.I.N.G.編/produce_events_702300101.csv,20,7023001010110,雛菜,"不管什么事情都要快乐地，
幸福地去做才是最重要的吧～？",市川雛菜,W.I.N.G.編,produce_events_702300101
市川雛菜/W.I.N.G.編/produce_events_702300101.csv,22,7023001010120,雛菜,雏菜可是“负责快乐的人”啊～,市川雛菜,W.I.N.G.編,produce_events_702300101
市川雛菜/W.I.N.G.編/produce_events_702300101.csv,23,7023001010130,雛菜,"……所以从今往后
也要一～直开心～，好吗？",市川雛菜,W.I.N.G.編,produce_events_702300101
市川雛菜/W.I.N.G.編/produce_events_702300102.csv,11,7023001020010,雛菜,"诶～～～～～？
啊，这样啊～",市川雛菜,W.I.N.G.編,produce_events_702300102
市川雛菜/W.I.N.G.編/produce_events_702300102.csv,13,7023001020020,雛菜,"诶～～～？
为什么要道歉啊～～～？",市川雛菜,W.I.N.G.編,produce_events_702300102
市川雛菜/W.I.N.G.編/produce_events_702300102.csv,15,7023001020030,雛菜,"用不着那样啦～
雏菜我，已经很开心了啊",市川雛菜,W.I.N.G.編,produce_events_702300102
市川雛菜/W.I.N.G.編/produce_events_702300102.csv,16,7023001020040,雛菜,所以，不要说那些好像快要消失了一样的话啊～～～？,市川雛菜,W.I.N.G.編,produce_events_702300102
市川雛菜/W.I.N.G.編/produce_events_702300102.csv,18,7023001020050,雛菜,"不管什么时候，都要开心，与幸福～
制作人也是",市川雛菜,W.I.N.G.編,produce_events_702300102
市川雛菜/W.I.N.G.編/produce_events_702300103.csv,4,7023001030010,雛菜,"嗯～～～？
这样啊～～～～～",市川雛菜,W.I.N.G.編,produce_events_702300103
市川雛菜/W.I.N.G.編/produce_events_702300103.csv,5,7023001030020,雛菜,"啊哈～谢谢～♡
太好了呢～制作人",市川雛菜,W.I.N.G.編,produce_events_702300103
市川雛菜/W.I.N.G.編/produce_events_702300103.csv,7,7023001030030,雛菜,"嗯～？
感觉制作人，有点消沉啊",市川雛菜,W.I.N.G.編,produce_events_702300103
市川雛菜/W.I.N.G.編/produce_events_702300103.csv,8,7023001030040,雛菜,"明明顺利通过第二次审查了～
为什么啊～～～？",市川雛菜,W.I.N.G.編,produce_events_702300103
市川雛菜/W.I.N.G.編/produce_events_702300103.csv,10,7023001030050,雛菜,"…………
难道是，因为雏菜吗～……？",市川雛菜,W.I.N.G.編,produce_events_702300103
市川雛菜/W.I.N.G.編/produce_events_702300103.csv,14,7023001030060,雛菜,"嗯～不过有得出结果也就是说
现在这样就没关系吧～",市川雛菜,W.I.N.G.編,produce_events_702300103
市川雛菜/W.I.N.G.編/produce_events_702300103.csv,15,7023001030070,雛菜,"雏菜，每天又开心又幸福
想着，当了偶像真是太好了",市川雛菜,W.I.N.G.編,produce_events_702300103
市川雛菜/W.I.N.G.編/produce_events_702300103.csv,17,7023001030080,雛菜,"啊～对了！
那么的话～……",市川雛菜,W.I.N.G.編,produce_events_702300103
市川雛菜/W.I.N.G.編/produce_events_702300103.csv,18,7023001030090,雛菜,接下来去吃点甜食吧～！,市川雛菜,W.I.N.G.編,produce_events_702300103
市川雛菜/W.I.N.G.編/produce_events_702300103.csv,20,7023001030100,雛菜,为了庆祝第二次审查通过！,市川雛菜,W.I.N.G.編,produce_events_702300103
市川雛菜/W.I.N.G.編/produce_events_702300103.csv,21,7023001030110,雛菜,"……会笑着来庆祝的吧？
制作人",市川雛菜,W.I.N.G.編,produce_events_702300103
市川雛菜/W.I.N.G.編/produce_events_702300104.csv,11,7023001040010,雛菜,"嗯～～～？
这样啊～～～～～",市川雛菜,W.I.N.G.編,produce_events_702300104
市川雛菜/W.I.N.G.編/produce_events_702300104.csv,13,7023001040020,雛菜,……嗯～,市川雛菜,W.I.N.G.編,produce_events_702300104
市川雛菜/W.I.N.G.編/produce_events_702300104.csv,14,7023001040030,雛菜,"制作人
等下要去吃点甜食吗～",市川雛菜,W.I.N.G.編,produce_events_702300104
市川雛菜/W.I.N.G.編/produce_events_702300104.csv,16,7023001040040,雛菜,"因为制作人
一直摆着张苦脸啊～～～",市川雛菜,W.I.N.G.編,produce_events_702300104
市川雛菜/W.I.N.G.編/produce_events_702300104.csv,17,7023001040050,雛菜,这样的话一点也不幸福啊～,市川雛菜,W.I.N.G.編,produce_events_702300104
市川雛菜/W.I.N.G.編/produce_events_702300104.csv,19,7023001040060,雛菜,"啊哈～
虽然还是讨厌困难的事啊～～～",市川雛菜,W.I.N.G.編,produce_events_702300104
市川雛菜/W.I.N.G.編/produce_events_702300105.csv,4,7023001050010,雛菜,"啊～～～
这样吗～～～",市川雛菜,W.I.N.G.編,produce_events_702300105
市川雛菜/W.I.N.G.編/produce_events_702300105.csv,5,7023001050020,雛菜,啊哈～太好了～～～,市川雛菜,W.I.N.G.編,produce_events_702300105
市川雛菜/W.I.N.G.編/produce_events_702300105.csv,8,7023001050030,雛菜,"嗯～～～
不是因为那～～～",市川雛菜,W.I.N.G.編,produce_events_702300105
市川雛菜/W.I.N.G.編/produce_events_702300105.csv,9,7023001050040,雛菜,"……是因为制作人你
对雏菜说了”恭喜啊”",市川雛菜,W.I.N.G.編,produce_events_702300105
市川雛菜/W.I.N.G.編/produce_events_702300105.csv,10,7023001050050,雛菜,"所以雏菜才会
“太好了～”这样想啊～～～！",市川雛菜,W.I.N.G.編,produce_events_702300105
市川雛菜/W.I.N.G.編/produce_events_702300105.csv,12,7023001050060,雛菜,"呀哈～♡
谢谢～制作人",市川雛菜,W.I.N.G.編,produce_events_702300105
市川雛菜/W.I.N.G.編/produce_events_702300105.csv,14,7023001050070,雛菜,"……雏菜我呢～
制作人在身旁，然后当着偶像……",市川雛菜,W.I.N.G.編,produce_events_702300105
市川雛菜/W.I.N.G.編/produce_events_702300105.csv,15,7023001050080,雛菜,感觉真是幸福啊～,市川雛菜,W.I.N.G.編,produce_events_702300105
市川雛菜/W.I.N.G.編/produce_events_702300105.csv,17,7023001050090,雛菜,"……制作人如果
也是这样就好了",市川雛菜,W.I.N.G.編,produce_events_702300105
市川雛菜/W.I.N.G.編/produce_events_702300105.csv,19,7023001050100,雛菜,"啊，这个～
不是在提问所以不用回答～～～！",市川雛菜,W.I.N.G.編,produce_events_702300105
市川雛菜/W.I.N.G.編/produce_events_702300105.csv,21,7023001050110,雛菜,"雏菜我呢，
只要自己觉得幸福就可以了",市川雛菜,W.I.N.G.編,produce_events_702300105
市川雛菜/W.I.N.G.編/produce_events_702300105.csv,22,7023001050120,雛菜,……在这以外的，不知道也行,市川雛菜,W.I.N.G.編,produce_events_702300105
市川雛菜/W.I.N.G.編/produce_events_702300106.csv,10,7023001060010,雛菜,"啊～～～
这样啊～～～",市川雛菜,W.I.N.G.編,produce_events_702300106
市川雛菜/W.I.N.G.編/produce_events_702300106.csv,12,7023001060020,雛菜,"嗯～……
对不起啊～",市川雛菜,W.I.N.G.編,produce_events_702300106
市川雛菜/W.I.N.G.編/produce_events_702300106.csv,14,7023001060030,雛菜,"因为，
雏菜虽然感觉很开始所以没事～",市川雛菜,W.I.N.G.編,produce_events_702300106
市川雛菜/W.I.N.G.編/produce_events_702300106.csv,15,7023001060040,雛菜,"但制作人看起来却不是很开心
……所以对不起",市川雛菜,W.I.N.G.編,produce_events_702300106
市川雛菜/W.I.N.G.編/produce_events_702300106.csv,17,7023001060050,雛菜,"……真是的～
制作人怎么也开始道歉了～",市川雛菜,W.I.N.G.編,produce_events_702300106
市川雛菜/W.I.N.G.編/produce_events_702300106.csv,18,7023001060060,雛菜,啊哈～真奇怪啊～～～,市川雛菜,W.I.N.G.編,produce_events_702300106
市川雛菜/W.I.N.G.編/produce_events_702300107.csv,3,7023001070010,雛菜,"诶～～～～～
这样吗～～～？",市川雛菜,W.I.N.G.編,produce_events_702300107
市川雛菜/W.I.N.G.編/produce_events_702300107.csv,5,7023001070020,雛菜,"这样啊～
恭喜啊～～～",市川雛菜,W.I.N.G.編,produce_events_702300107
市川雛菜/W.I.N.G.編/produce_events_702300107.csv,7,7023001070030,雛菜,"诶～？
嗯～虽然是这样没错～……",市川雛菜,W.I.N.G.編,produce_events_702300107
市川雛菜/W.I.N.G.編/produce_events_702300107.csv,8,7023001070040,雛菜,"但制作人你不是
第一个雏菜的粉丝吗～？",市川雛菜,W.I.N.G.編,produce_events_702300107
市川雛菜/W.I.N.G.編/produce_events_702300107.csv,9,7023001070050,雛菜,"所以你不是也应该超开心的才对嘛～
制作人你开心吗～？",市川雛菜,W.I.N.G.編,produce_events_702300107
市川雛菜/W.I.N.G.編/produce_events_702300107.csv,12,7023001070060,雛菜,"呀哈～♡
果然是这样啊～～～",市川雛菜,W.I.N.G.編,produce_events_702300107
市川雛菜/W.I.N.G.編/produce_events_702300107.csv,13,7023001070070,雛菜,啊～不过那样的话可就不得了哦～,市川雛菜,W.I.N.G.編,produce_events_702300107
市川雛菜/W.I.N.G.編/produce_events_702300107.csv,15,7023001070080,雛菜,因为，要是让你看到了『W.I.N.G.』上的雏菜的话～……,市川雛菜,W.I.N.G.編,produce_events_702300107
市川雛菜/W.I.N.G.編/produce_events_702300107.csv,16,7023001070090,雛菜,"不就会变得比现在
更开心更幸福～的吗？",市川雛菜,W.I.N.G.編,produce_events_702300107
市川雛菜/W.I.N.G.編/produce_events_702300108.csv,11,7023001080010,雛菜,"诶～～～～～
这样吗～～～？",市川雛菜,W.I.N.G.編,produce_events_702300108
市川雛菜/W.I.N.G.編/produce_events_702300108.csv,13,7023001080020,雛菜,真的是～很遗憾啊～,市川雛菜,W.I.N.G.編,produce_events_702300108
市川雛菜/W.I.N.G.編/produce_events_702300108.csv,14,7023001080030,雛菜,"雏菜可爱又幸福的样子
没法让大家看到了……",市川雛菜,W.I.N.G.編,produce_events_702300108
市川雛菜/W.I.N.G.編/produce_events_702300108.csv,17,7023001080040,雛菜,诶～除此之外就没有遗憾了哦～,市川雛菜,W.I.N.G.編,produce_events_702300108
市川雛菜/W.I.N.G.編/produce_events_702300108.csv,18,7023001080050,雛菜,"因为雏菜超开心的，
而且还得到了许多应援～",市川雛菜,W.I.N.G.編,produce_events_702300108
市川雛菜/W.I.N.G.編/produce_events_702300108.csv,19,7023001080060,雛菜,……雏菜真的很，幸福哦～,市川雛菜,W.I.N.G.編,produce_events_702300108
市川雛菜/【#SS】市川雛菜/Lucky me♡.csv,2,2023003110010,雛菜,早上好～,市川雛菜,【#SS】市川雛菜,Lucky me♡
市川雛菜/【#SS】市川雛菜/Lucky me♡.csv,3,2023003110020,雛菜,"我是283事务所的
市川雏菜！",市川雛菜,【#SS】市川雛菜,Lucky me♡
市川雛菜/【#SS】市川雛菜/Lucky me♡.csv,4,2023003110030,雛菜,请多多关照～！,市川雛菜,【#SS】市川雛菜,Lucky me♡
市川雛菜/【#SS】市川雛菜/Lucky me♡.csv,5,2023003110040,雛菜,──啊，制作人！,市川雛菜,【#SS】市川雛菜,Lucky me♡
市川雛菜/【#SS】市川雛菜/Lucky me♡.csv,7,2023003110050,雛菜,"这个，
帮忙拿下可以吗？",市川雛菜,【#SS】市川雛菜,Lucky me♡
市川雛菜/【#SS】市川雛菜/Lucky me♡.csv,9,2023003110060,雛菜,唇膏～！,市川雛菜,【#SS】市川雛菜,Lucky me♡
市川雛菜/【#SS】市川雛菜/Lucky me♡.csv,10,2023003110070,雛菜,"刚刚化妆的时候有用到的！
呐，能变得光滑滑的东西知道吗～？",市川雛菜,【#SS】市川雛菜,Lucky me♡
市川雛菜/【#SS】市川雛菜/Lucky me♡.csv,12,2023003110080,雛菜,"雏菜，这个以前就觉得很好用～
就说了“好想要啊～”",市川雛菜,【#SS】市川雛菜,Lucky me♡
市川雛菜/【#SS】市川雛菜/Lucky me♡.csv,13,2023003110090,雛菜,"化妆师就“拿去用吧～”这么说道！
真是个大好人呢～",市川雛菜,【#SS】市川雛菜,Lucky me♡
市川雛菜/【#SS】市川雛菜/Lucky me♡.csv,15,2023003110100,雛菜,"好耶～
那么雏菜先过去了哦～",市川雛菜,【#SS】市川雛菜,Lucky me♡
市川雛菜/【#SS】市川雛菜/Lucky me♡.csv,16,2023003110110,雛菜,好好看着哦～～～？,市川雛菜,【#SS】市川雛菜,Lucky me♡
市川雛菜/【#SS】市川雛菜/Lucky me♡.csv,19,2023003110120,雛菜,──制作人!,市川雛菜,【#SS】市川雛菜,Lucky me♡
市川雛菜/【#SS】市川雛菜/Lucky me♡.csv,21,2023003110130,雛菜,"唔～！
啊，对了要拍下照片～？",市川雛菜,【#SS】市川雛菜,Lucky me♡
市川雛菜/【#SS】市川雛菜/Lucky me♡.csv,22,2023003110140,雛菜,推特用！,市川雛菜,【#SS】市川雛菜,Lucky me♡
市川雛菜/【#SS】市川雛菜/Lucky me♡.csv,24,2023003110150,雛菜,"对了，刚刚的唇膏还在吗？
稍微涂一下～",市川雛菜,【#SS】市川雛菜,Lucky me♡
市川雛菜/【#SS】市川雛菜/Lucky me♡.csv,26,2023003110160,雛菜,"嗯～……
啊哈～，好香啊～♡",市川雛菜,【#SS】市川雛菜,Lucky me♡
市川雛菜/【#SS】市川雛菜/Lucky me♡.csv,27,2023003110170,雛菜,"…………唔
OK～",市川雛菜,【#SS】市川雛菜,Lucky me♡
市川雛菜/【#SS】市川雛菜/Lucky me♡.csv,28,2023003110180,雛菜,去那边的游泳池里拍吧～！,市川雛菜,【#SS】市川雛菜,Lucky me♡
市川雛菜/【#SS】市川雛菜/Lucky me♡.csv,29,2023003110190,雛菜,快点～～～！,市川雛菜,【#SS】市川雛菜,Lucky me♡
市川雛菜/【#SS】市川雛菜/Lucky me♡.csv,31,2023003110200,雛菜,"今天的工作人员，大家人都好好噢
非常的开心呢～",市川雛菜,【#SS】市川雛菜,Lucky me♡
市川雛菜/【#SS】市川雛菜/Lucky me♡.csv,32,2023003110210,雛菜,"雏菜，工作也很顺利
还受到身边的大家照顾",市川雛菜,【#SS】市川雛菜,Lucky me♡
市川雛菜/【#SS】市川雛菜/Lucky me♡.csv,33,2023003110220,雛菜,真的是非常走运呢～～～,市川雛菜,【#SS】市川雛菜,Lucky me♡
市川雛菜/【#SS】市川雛菜/Lucky me♡.csv,35,2023003110230,雛菜,"啊，但是──
最近最幸运的是……",市川雛菜,【#SS】市川雛菜,Lucky me♡
市川雛菜/【#SS】市川雛菜/Lucky me♡.csv,36,2023003110240,雛菜,"雏菜的制作人
是制作人你呢～？",市川雛菜,【#SS】市川雛菜,Lucky me♡
市川雛菜/【#SS】市川雛菜/Lucky me♡.csv,38,2023003110250,雛菜,"果然
雏菜运气十分好呢",市川雛菜,【#SS】市川雛菜,Lucky me♡
市川雛菜/【#SS】市川雛菜/Lucky me♡.csv,39,2023003110260,雛菜,呀哈～～～！,市川雛菜,【#SS】市川雛菜,Lucky me♡
市川雛菜/【#SS】市川雛菜/Lucky me♡.csv,40,2023003110270,雛菜,“Lucky me～～～♡”,市川雛菜,【#SS】市川雛菜,Lucky me♡
市川雛菜/【#SS】市川雛菜/Lucky me♡.csv,41,2023003110280,雛菜,……啊哈～,市川雛菜,【#SS】市川雛菜,Lucky me♡
市川雛菜/【#SS】市川雛菜/Lucky me♡.csv,44,2023003110290,雛菜,真的～～～？,市川雛菜,【#SS】市川雛菜,Lucky me♡
市川雛菜/【#SS】市川雛菜/Lucky me♡.csv,45,2023003110300,雛菜,"呀哈～！
看看，看看～！",市川雛菜,【#SS】市川雛菜,Lucky me♡
市川雛菜/【#SS】市川雛菜/Yummy!.csv,2,2023003010010,雛菜,“有点心哟”,市川雛菜,【#SS】市川雛菜,Yummy!
市川雛菜/【#SS】市川雛菜/Yummy!.csv,3,2023003010020,雛菜,……呀哈～,市川雛菜,【#SS】市川雛菜,Yummy!
市川雛菜/【#SS】市川雛菜/Yummy!.csv,4,2023003010030,雛菜,唔～……,市川雛菜,【#SS】市川雛菜,Yummy!
市川雛菜/【#SS】市川雛菜/Yummy!.csv,5,2023003010040,雛菜,啊，在这里啊～,市川雛菜,【#SS】市川雛菜,Yummy!
市川雛菜/【#SS】市川雛菜/Yummy!.csv,6,2023003010050,雛菜,那就开动了哦──……啊,市川雛菜,【#SS】市川雛菜,Yummy!
市川雛菜/【#SS】市川雛菜/Yummy!.csv,7,2023003010060,雛菜,对了～,市川雛菜,【#SS】市川雛菜,Yummy!
市川雛菜/【#SS】市川雛菜/Yummy!.csv,8,2023003010070,雛菜,“Yummy～～～！”,市川雛菜,【#SS】市川雛菜,Yummy!
市川雛菜/【#SS】市川雛菜/Yummy!.csv,9,2023003010080,雛菜,"…………
过一会上传上去",市川雛菜,【#SS】市川雛菜,Yummy!
市川雛菜/【#SS】市川雛菜/Yummy!.csv,10,2023003010090,雛菜,"好耶～
开动了哦──……",市川雛菜,【#SS】市川雛菜,Yummy!
市川雛菜/【#SS】市川雛菜/Yummy!.csv,12,2023003010100,雛菜,嘶……,市川雛菜,【#SS】市川雛菜,Yummy!
市川雛菜/【#SS】市川雛菜/Yummy!.csv,14,2023003010110,雛菜,嗯～～～……？,市川雛菜,【#SS】市川雛菜,Yummy!
市川雛菜/【#SS】市川雛菜/Yummy!.csv,15,2023003010120,雛菜,"……唔，
制作人怎么了吗～",市川雛菜,【#SS】市川雛菜,Yummy!
市川雛菜/【#SS】市川雛菜/Yummy!.csv,16,2023003010130,雛菜,雏菜正在享用点心呢～？,市川雛菜,【#SS】市川雛菜,Yummy!
市川雛菜/【#SS】市川雛菜/Yummy!.csv,19,2023003010140,雛菜,"诶～！
真厉害呐～！",市川雛菜,【#SS】市川雛菜,Yummy!
市川雛菜/【#SS】市川雛菜/Yummy!.csv,22,2023003010150,雛菜,"唔唔～！
很期待呢～",市川雛菜,【#SS】市川雛菜,Yummy!
市川雛菜/【#SS】市川雛菜/Yummy!.csv,23,2023003010160,雛菜,"感觉制作人也
比平时更加开心呢",市川雛菜,【#SS】市川雛菜,Yummy!
市川雛菜/【#SS】市川雛菜/Yummy!.csv,24,2023003010170,雛菜,真好呢～？,市川雛菜,【#SS】市川雛菜,Yummy!
市川雛菜/【#SS】市川雛菜/Yummy!.csv,27,2023003010180,雛菜,"欸～～～
这样子啊～！",市川雛菜,【#SS】市川雛菜,Yummy!
市川雛菜/【#SS】市川雛菜/Yummy!.csv,30,2023003010190,雛菜,哦～～～,市川雛菜,【#SS】市川雛菜,Yummy!
市川雛菜/【#SS】市川雛菜/Yummy!.csv,32,2023003010200,雛菜,"唔～？
试试，都可以试试～！",市川雛菜,【#SS】市川雛菜,Yummy!
市川雛菜/【#SS】市川雛菜/Yummy!.csv,33,2023003010210,雛菜,"制作人，
没有立马回复吗？",市川雛菜,【#SS】市川雛菜,Yummy!
市川雛菜/【#SS】市川雛菜/Yummy!.csv,35,2023003010220,雛菜,这样啊，谢谢啦～～～,市川雛菜,【#SS】市川雛菜,Yummy!
市川雛菜/【#SS】市川雛菜/Yummy!.csv,36,2023003010230,雛菜,"制作人
也觉得这是很好的工作吧？",市川雛菜,【#SS】市川雛菜,Yummy!
市川雛菜/【#SS】市川雛菜/Yummy!.csv,38,2023003010240,雛菜,那就试试吧～！,市川雛菜,【#SS】市川雛菜,Yummy!
市川雛菜/【#SS】市川雛菜/Yummy!.csv,40,2023003010250,雛菜,"好的～♡
拜托你了～！",市川雛菜,【#SS】市川雛菜,Yummy!
市川雛菜/【#SS】市川雛菜/Yummy!.csv,41,2023003010260,雛菜,"…………
感觉，真走运呢～",市川雛菜,【#SS】市川雛菜,Yummy!
市川雛菜/【#SS】市川雛菜/Yummy!.csv,43,2023003010270,雛菜,"啊哈～
雏菜，一直以来运气都不错的呢～",市川雛菜,【#SS】市川雛菜,Yummy!
市川雛菜/【#SS】市川雛菜/Yummy!.csv,44,2023003010280,雛菜,…………好好吃～♡,市川雛菜,【#SS】市川雛菜,Yummy!
市川雛菜/【#SS】市川雛菜/Yummy!.csv,48,2023003010290,雛菜,欸～？,市川雛菜,【#SS】市川雛菜,Yummy!
市川雛菜/【#SS】市川雛菜/Yummy!.csv,51,2023003010300,雛菜,"啊～
嗯，说的是呢～",市川雛菜,【#SS】市川雛菜,Yummy!
市川雛菜/【#SS】市川雛菜/Yummy!.csv,52,2023003010310,雛菜,雏菜也是这么觉得,市川雛菜,【#SS】市川雛菜,Yummy!
市川雛菜/【#SS】市川雛菜/Yummy!.csv,53,2023003010320,雛菜,"今天的点心
也一起好好地拍了照呢～？",市川雛菜,【#SS】市川雛菜,Yummy!
市川雛菜/【#SS】市川雛菜/Yummy!.csv,54,2023003010330,雛菜,嗯～？,市川雛菜,【#SS】市川雛菜,Yummy!
市川雛菜/【#SS】市川雛菜/Yummy!.csv,57,2023003010340,雛菜,"欸～
雏菜，明明只是因为喜欢才做的",市川雛菜,【#SS】市川雛菜,Yummy!
市川雛菜/【#SS】市川雛菜/Yummy!.csv,58,2023003010350,雛菜,这样就，成了努力了呢～,市川雛菜,【#SS】市川雛菜,Yummy!
市川雛菜/【#SS】市川雛菜/Yummy!.csv,59,2023003010360,雛菜,……果然，雏菜运气不错呢～♡,市川雛菜,【#SS】市川雛菜,Yummy!
市川雛菜/【#SS】市川雛菜/Yummy!.csv,60,2023003010370,雛菜,欸～？,市川雛菜,【#SS】市川雛菜,Yummy!
市川雛菜/【#SS】市川雛菜/Yummy!.csv,62,2023003010380,雛菜,"…………那果然雏菜，
适合当偶像呢～",市川雛菜,【#SS】市川雛菜,Yummy!
市川雛菜/【#SS】市川雛菜/Yummy!.csv,64,2023003010390,雛菜,"所以，制作人也是
适合当制作人呢～！",市川雛菜,【#SS】市川雛菜,Yummy!
市川雛菜/【CR-EAT-I❤N】市川雛菜/MEL▲ARAC.csv,2,3023009030010,雛菜,来、这个是透前辈～,市川雛菜,【CR-EAT-I❤N】市川雛菜,MEL▲ARAC
市川雛菜/【CR-EAT-I❤N】市川雛菜/MEL▲ARAC.csv,4,3023009030030,雛菜,这个是雏菜的～,市川雛菜,【CR-EAT-I❤N】市川雛菜,MEL▲ARAC
市川雛菜/【CR-EAT-I❤N】市川雛菜/MEL▲ARAC.csv,5,3023009030040,雛菜,这个是布丁～,市川雛菜,【CR-EAT-I❤N】市川雛菜,MEL▲ARAC
市川雛菜/【CR-EAT-I❤N】市川雛菜/MEL▲ARAC.csv,6,3023009030050,雛菜,"放久了会变温的
先吃吧～？",市川雛菜,【CR-EAT-I❤N】市川雛菜,MEL▲ARAC
市川雛菜/【CR-EAT-I❤N】市川雛菜/MEL▲ARAC.csv,8,3023009030070,雛菜,"……嗳，反过来的话
布丁会变得更好吃吗～？",市川雛菜,【CR-EAT-I❤N】市川雛菜,MEL▲ARAC
市川雛菜/【CR-EAT-I❤N】市川雛菜/MEL▲ARAC.csv,11,3023009030100,雛菜,雏菜去拿个碟子过来～,市川雛菜,【CR-EAT-I❤N】市川雛菜,MEL▲ARAC
市川雛菜/【CR-EAT-I❤N】市川雛菜/MEL▲ARAC.csv,15,3023009030140,雛菜,诶～？,市川雛菜,【CR-EAT-I❤N】市川雛菜,MEL▲ARAC
市川雛菜/【CR-EAT-I❤N】市川雛菜/MEL▲ARAC.csv,16,3023009030150,雛菜,反过来就是反过来吧～？,市川雛菜,【CR-EAT-I❤N】市川雛菜,MEL▲ARAC
市川雛菜/【CR-EAT-I❤N】市川雛菜/MEL▲ARAC.csv,18,3023009030170,雛菜,啊～……,市川雛菜,【CR-EAT-I❤N】市川雛菜,MEL▲ARAC
市川雛菜/【CR-EAT-I❤N】市川雛菜/MEL▲ARAC.csv,19,3023009030180,雛菜,"那、现在这样子吃
就已经是反过来了～？",市川雛菜,【CR-EAT-I❤N】市川雛菜,MEL▲ARAC
市川雛菜/【CR-EAT-I❤N】市川雛菜/MEL▲ARAC.csv,20,3023009030181,透＆雛菜,,市川雛菜,【CR-EAT-I❤N】市川雛菜,MEL▲ARAC
市川雛菜/【CR-EAT-I❤N】市川雛菜/MEL▲ARAC.csv,21,3023009030190,雛菜,就这样吃好了～,市川雛菜,【CR-EAT-I❤N】市川雛菜,MEL▲ARAC
市川雛菜/【CR-EAT-I❤N】市川雛菜/MEL▲ARAC.csv,23,3023009030210,雛菜,感觉变好吃了～？,市川雛菜,【CR-EAT-I❤N】市川雛菜,MEL▲ARAC
市川雛菜/【CR-EAT-I❤N】市川雛菜/MEL▲ARAC.csv,26,3023009030240,雛菜,嗯～……,市川雛菜,【CR-EAT-I❤N】市川雛菜,MEL▲ARAC
市川雛菜/【CR-EAT-I❤N】市川雛菜/MEL▲ARAC.csv,27,3023009030250,雛菜,"说是反过来，也会有变了
和没有变的分别吗～？",市川雛菜,【CR-EAT-I❤N】市川雛菜,MEL▲ARAC
市川雛菜/【CR-EAT-I❤N】市川雛菜/MEL▲ARAC.csv,31,3023009030290,雛菜,"……
怎么了是～？",市川雛菜,【CR-EAT-I❤N】市川雛菜,MEL▲ARAC
市川雛菜/【CR-EAT-I❤N】市川雛菜/MEL▲ARAC.csv,33,3023009030310,雛菜,"……啊哈～
真的耶～、名字！",市川雛菜,【CR-EAT-I❤N】市川雛菜,MEL▲ARAC
市川雛菜/【CR-EAT-I❤N】市川雛菜/MEL▲ARAC.csv,34,3023009030320,雛菜,"菜～雏
川～市",市川雛菜,【CR-EAT-I❤N】市川雛菜,MEL▲ARAC
市川雛菜/【CR-EAT-I❤N】市川雛菜/MEL▲ARAC.csv,36,3023009030340,雛菜,"啊哈～
猜对了～",市川雛菜,【CR-EAT-I❤N】市川雛菜,MEL▲ARAC
市川雛菜/【CR-EAT-I❤N】市川雛菜/MEL▲ARAC.csv,38,3023009030360,雛菜,……诶～？,市川雛菜,【CR-EAT-I❤N】市川雛菜,MEL▲ARAC
市川雛菜/【CR-EAT-I❤N】市川雛菜/MEL▲ARAC.csv,40,3023009030380,雛菜,什么～～～？,市川雛菜,【CR-EAT-I❤N】市川雛菜,MEL▲ARAC
市川雛菜/【CR-EAT-I❤N】市川雛菜/MEL▲ARAC.csv,42,3023009030400,雛菜,"……啊哈～
完全听不懂呢～",市川雛菜,【CR-EAT-I❤N】市川雛菜,MEL▲ARAC
市川雛菜/【CR-EAT-I❤N】市川雛菜/MEL▲ARAC.csv,44,3023009030420,雛菜,"那、现在开始
正常说话就算输了～？",市川雛菜,【CR-EAT-I❤N】市川雛菜,MEL▲ARAC
市川雛菜/【CR-EAT-I❤N】市川雛菜/MEL▲ARAC.csv,47,3023009030450,雛菜,"嗯～……
个～哪～吃～要？",市川雛菜,【CR-EAT-I❤N】市川雛菜,MEL▲ARAC
市川雛菜/【CR-EAT-I❤N】市川雛菜/MEL▲ARAC.csv,49,3023009030470,雛菜,呀～好,市川雛菜,【CR-EAT-I❤N】市川雛菜,MEL▲ARAC
市川雛菜/【CR-EAT-I❤N】市川雛菜/MEL▲ARAC.csv,50,3023009030480,雛菜,嗳、透前辈～,市川雛菜,【CR-EAT-I❤N】市川雛菜,MEL▲ARAC
市川雛菜/【CR-EAT-I❤N】市川雛菜/MEL▲ARAC.csv,53,3023009030510,雛菜,……啊～,市川雛菜,【CR-EAT-I❤N】市川雛菜,MEL▲ARAC
市川雛菜/【CR-EAT-I❤N】市川雛菜/MEL▲ARAC.csv,54,3023009030511,透＆雛菜,,市川雛菜,【CR-EAT-I❤N】市川雛菜,MEL▲ARAC
市川雛菜/【CR-EAT-I❤N】市川雛菜/MEL▲ARAC.csv,55,3023009030520,雛菜,回到正常说话吧～？,市川雛菜,【CR-EAT-I❤N】市川雛菜,MEL▲ARAC
市川雛菜/【CR-EAT-I❤N】市川雛菜/MEL▲ARAC.csv,57,3023009030540,雛菜,嗳、透前辈,市川雛菜,【CR-EAT-I❤N】市川雛菜,MEL▲ARAC
市川雛菜/【CR-EAT-I❤N】市川雛菜/MEL▲ARAC.csv,59,3023009030560,雛菜,"这个和这个选的话
先吃哪个～？",市川雛菜,【CR-EAT-I❤N】市川雛菜,MEL▲ARAC
市川雛菜/【CR-EAT-I❤N】市川雛菜/MEL▲ARAC.csv,62,3023009030590,雛菜,"诶～？
在说什么～？",市川雛菜,【CR-EAT-I❤N】市川雛菜,MEL▲ARAC
市川雛菜/【CR-EAT-I❤N】市川雛菜/MEL▲ARAC.csv,64,3023009030610,雛菜,……那个已经结束了喔～？,市川雛菜,【CR-EAT-I❤N】市川雛菜,MEL▲ARAC
市川雛菜/【CR-EAT-I❤N】市川雛菜/MEL▲ARAC.csv,67,3023009030640,雛菜,"嗯～……
变回原样～～～",市川雛菜,【CR-EAT-I❤N】市川雛菜,MEL▲ARAC
市川雛菜/【CR-EAT-I❤N】市川雛菜/MEL▲ARAC.csv,69,3023009030660,雛菜,诶～～～？,市川雛菜,【CR-EAT-I❤N】市川雛菜,MEL▲ARAC
市川雛菜/【CR-EAT-I❤N】市川雛菜/MEL▲ARAC.csv,71,3023009030680,雛菜,"反过来
已经结束了～！",市川雛菜,【CR-EAT-I❤N】市川雛菜,MEL▲ARAC
市川雛菜/【CR-EAT-I❤N】市川雛菜/YKS.csv,2,3023009010010,雛菜,………呼……啊……,市川雛菜,【CR-EAT-I❤N】市川雛菜,YKS
市川雛菜/【CR-EAT-I❤N】市川雛菜/YKS.csv,3,3023009010020,雛菜,又溅起来了～,市川雛菜,【CR-EAT-I❤N】市川雛菜,YKS
市川雛菜/【CR-EAT-I❤N】市川雛菜/YKS.csv,5,3023009010040,雛菜,你看，那边～,市川雛菜,【CR-EAT-I❤N】市川雛菜,YKS
市川雛菜/【CR-EAT-I❤N】市川雛菜/YKS.csv,7,3023009010060,雛菜,这湖可真大啊～,市川雛菜,【CR-EAT-I❤N】市川雛菜,YKS
市川雛菜/【CR-EAT-I❤N】市川雛菜/YKS.csv,9,3023009010080,雛菜,这样啊～,市川雛菜,【CR-EAT-I❤N】市川雛菜,YKS
市川雛菜/【CR-EAT-I❤N】市川雛菜/YKS.csv,10,3023009010090,雛菜,"嗳～
那个是鸭子……？",市川雛菜,【CR-EAT-I❤N】市川雛菜,YKS
市川雛菜/【CR-EAT-I❤N】市川雛菜/YKS.csv,13,3023009010120,雛菜,啊哈～,市川雛菜,【CR-EAT-I❤N】市川雛菜,YKS
市川雛菜/【CR-EAT-I❤N】市川雛菜/YKS.csv,14,3023009010130,雛菜,大叔玩笑～,市川雛菜,【CR-EAT-I❤N】市川雛菜,YKS
市川雛菜/【CR-EAT-I❤N】市川雛菜/YKS.csv,18,3023009010170,雛菜,是吧～……,市川雛菜,【CR-EAT-I❤N】市川雛菜,YKS
市川雛菜/【CR-EAT-I❤N】市川雛菜/YKS.csv,20,3023009010190,雛菜,…………呼啊……,市川雛菜,【CR-EAT-I❤N】市川雛菜,YKS
市川雛菜/【CR-EAT-I❤N】市川雛菜/YKS.csv,25,3023009010200,雛菜,一直看下去感觉有点困呢～,市川雛菜,【CR-EAT-I❤N】市川雛菜,YKS
市川雛菜/【CR-EAT-I❤N】市川雛菜/YKS.csv,27,3023009010220,雛菜,诶～？,市川雛菜,【CR-EAT-I❤N】市川雛菜,YKS
市川雛菜/【CR-EAT-I❤N】市川雛菜/YKS.csv,28,3023009010230,雛菜,——————啊,市川雛菜,【CR-EAT-I❤N】市川雛菜,YKS
市川雛菜/【CR-EAT-I❤N】市川雛菜/YKS.csv,29,3023009010240,雛菜,"嗳、快看～
池子里映着树～",市川雛菜,【CR-EAT-I❤N】市川雛菜,YKS
市川雛菜/【CR-EAT-I❤N】市川雛菜/YKS.csv,30,3023009010250,雛菜,感觉之前有看过这样的对吧～？,市川雛菜,【CR-EAT-I❤N】市川雛菜,YKS
市川雛菜/【CR-EAT-I❤N】市川雛菜/YKS.csv,33,3023009010280,雛菜,"……！
对了～",市川雛菜,【CR-EAT-I❤N】市川雛菜,YKS
市川雛菜/【CR-EAT-I❤N】市川雛菜/YKS.csv,35,3023009010300,雛菜,"啊哈～
掉下去了～～！",市川雛菜,【CR-EAT-I❤N】市川雛菜,YKS
市川雛菜/【CR-EAT-I❤N】市川雛菜/YKS.csv,38,3023009010330,雛菜,"小糸也来吧～？
难得工作人员都帮我们铺好薄膜了",市川雛菜,【CR-EAT-I❤N】市川雛菜,YKS
市川雛菜/【CR-EAT-I❤N】市川雛菜/YKS.csv,40,3023009010350,雛菜,"看、透前辈～
雏菜在飞～",市川雛菜,【CR-EAT-I❤N】市川雛菜,YKS
市川雛菜/【CR-EAT-I❤N】市川雛菜/YKS.csv,44,3023009010390,雛菜,"啊哈～
翻转过来了～",市川雛菜,【CR-EAT-I❤N】市川雛菜,YKS
市川雛菜/【CR-EAT-I❤N】市川雛菜/YKS.csv,48,3023009010430,雛菜,"圆香前辈
感觉要落到下面去了～",市川雛菜,【CR-EAT-I❤N】市川雛菜,YKS
市川雛菜/【CR-EAT-I❤N】市川雛菜/YKS.csv,49,3023009010440,雛菜,"还是说～
是在飞着～？",市川雛菜,【CR-EAT-I❤N】市川雛菜,YKS
市川雛菜/【CR-EAT-I❤N】市川雛菜/YKS.csv,51,3023009010460,雛菜,啊哈～,市川雛菜,【CR-EAT-I❤N】市川雛菜,YKS
市川雛菜/【CR-EAT-I❤N】市川雛菜/YKS.csv,65,3023009010530,雛菜,啊哈～,市川雛菜,【CR-EAT-I❤N】市川雛菜,YKS
市川雛菜/【CR-EAT-I❤N】市川雛菜/YKS.csv,66,3023009010540,雛菜,反转过来了～,市川雛菜,【CR-EAT-I❤N】市川雛菜,YKS
市川雛菜/【CR-EAT-I❤N】市川雛菜/gRA AAAA aar.csv,3,3023009020020,雛菜,"……
这样～？",市川雛菜,【CR-EAT-I❤N】市川雛菜,gRA AAAA aar
市川雛菜/【CR-EAT-I❤N】市川雛菜/gRA AAAA aar.csv,5,3023009020040,雛菜,诶～？,市川雛菜,【CR-EAT-I❤N】市川雛菜,gRA AAAA aar
市川雛菜/【CR-EAT-I❤N】市川雛菜/gRA AAAA aar.csv,6,3023009020050,雛菜,右边是这边呀～？,市川雛菜,【CR-EAT-I❤N】市川雛菜,gRA AAAA aar
市川雛菜/【CR-EAT-I❤N】市川雛菜/gRA AAAA aar.csv,8,3023009020070,雛菜,那、从雏菜看就是左边呢～,市川雛菜,【CR-EAT-I❤N】市川雛菜,gRA AAAA aar
市川雛菜/【CR-EAT-I❤N】市川雛菜/gRA AAAA aar.csv,10,3023009020090,雛菜,拜托咯～,市川雛菜,【CR-EAT-I❤N】市川雛菜,gRA AAAA aar
市川雛菜/【CR-EAT-I❤N】市川雛菜/gRA AAAA aar.csv,12,3023009020110,雛菜,嗯～……,市川雛菜,【CR-EAT-I❤N】市川雛菜,gRA AAAA aar
市川雛菜/【CR-EAT-I❤N】市川雛菜/gRA AAAA aar.csv,13,3023009020120,雛菜,"总感觉
和网上看的不一样呢～……",市川雛菜,【CR-EAT-I❤N】市川雛菜,gRA AAAA aar
市川雛菜/【CR-EAT-I❤N】市川雛菜/gRA AAAA aar.csv,16,3023009020150,雛菜,……啊哈～,市川雛菜,【CR-EAT-I❤N】市川雛菜,gRA AAAA aar
市川雛菜/【CR-EAT-I❤N】市川雛菜/gRA AAAA aar.csv,18,3023009020170,雛菜,嗯～,市川雛菜,【CR-EAT-I❤N】市川雛菜,gRA AAAA aar
市川雛菜/【CR-EAT-I❤N】市川雛菜/gRA AAAA aar.csv,20,3023009020190,雛菜,"对～
拍摄时的照片～",市川雛菜,【CR-EAT-I❤N】市川雛菜,gRA AAAA aar
市川雛菜/【CR-EAT-I❤N】市川雛菜/gRA AAAA aar.csv,22,3023009020210,雛菜,嗯～！,市川雛菜,【CR-EAT-I❤N】市川雛菜,gRA AAAA aar
市川雛菜/【CR-EAT-I❤N】市川雛菜/gRA AAAA aar.csv,23,3023009020220,雛菜,雏菜，好想再拍一次那样的啊～,市川雛菜,【CR-EAT-I❤N】市川雛菜,gRA AAAA aar
市川雛菜/【CR-EAT-I❤N】市川雛菜/gRA AAAA aar.csv,25,3023009020240,雛菜,诶～？,市川雛菜,【CR-EAT-I❤N】市川雛菜,gRA AAAA aar
市川雛菜/【CR-EAT-I❤N】市川雛菜/gRA AAAA aar.csv,26,3023009020250,雛菜,原来，那种叫错觉艺术啊～,市川雛菜,【CR-EAT-I❤N】市川雛菜,gRA AAAA aar
市川雛菜/【CR-EAT-I❤N】市川雛菜/gRA AAAA aar.csv,29,3023009020280,雛菜,诶～？,市川雛菜,【CR-EAT-I❤N】市川雛菜,gRA AAAA aar
市川雛菜/【CR-EAT-I❤N】市川雛菜/gRA AAAA aar.csv,30,3023009020290,雛菜,"啊哈～！
这是什么～",市川雛菜,【CR-EAT-I❤N】市川雛菜,gRA AAAA aar
市川雛菜/【CR-EAT-I❤N】市川雛菜/gRA AAAA aar.csv,31,3023009020300,雛菜,大家都被踩着～,市川雛菜,【CR-EAT-I❤N】市川雛菜,gRA AAAA aar
市川雛菜/【CR-EAT-I❤N】市川雛菜/gRA AAAA aar.csv,33,3023009020320,雛菜,"这个大叔
飘在半空中～",市川雛菜,【CR-EAT-I❤N】市川雛菜,gRA AAAA aar
市川雛菜/【CR-EAT-I❤N】市川雛菜/gRA AAAA aar.csv,34,3023009020330,雛菜,感觉好厉害啊～,市川雛菜,【CR-EAT-I❤N】市川雛菜,gRA AAAA aar
市川雛菜/【CR-EAT-I❤N】市川雛菜/gRA AAAA aar.csv,36,3023009020350,雛菜,"嗳、小糸
我们来试试吧～？",市川雛菜,【CR-EAT-I❤N】市川雛菜,gRA AAAA aar
市川雛菜/【CR-EAT-I❤N】市川雛菜/gRA AAAA aar.csv,37,3023009020360,雛菜,雏菜也想拍这种～,市川雛菜,【CR-EAT-I❤N】市川雛菜,gRA AAAA aar
市川雛菜/【CR-EAT-I❤N】市川雛菜/gRA AAAA aar.csv,40,3023009020390,雛菜,嗯～……,市川雛菜,【CR-EAT-I❤N】市川雛菜,gRA AAAA aar
市川雛菜/【CR-EAT-I❤N】市川雛菜/gRA AAAA aar.csv,42,3023009020410,雛菜,……啊～！,市川雛菜,【CR-EAT-I❤N】市川雛菜,gRA AAAA aar
市川雛菜/【CR-EAT-I❤N】市川雛菜/gRA AAAA aar.csv,44,3023009020430,雛菜,嗳、圆香前辈,市川雛菜,【CR-EAT-I❤N】市川雛菜,gRA AAAA aar
市川雛菜/【CR-EAT-I❤N】市川雛菜/gRA AAAA aar.csv,46,3023009020450,雛菜,"诶～？
在拍照片～",市川雛菜,【CR-EAT-I❤N】市川雛菜,gRA AAAA aar
市川雛菜/【CR-EAT-I❤N】市川雛菜/gRA AAAA aar.csv,47,3023009020460,雛菜,圆香前辈也会拍的对吧～？,市川雛菜,【CR-EAT-I❤N】市川雛菜,gRA AAAA aar
市川雛菜/【CR-EAT-I❤N】市川雛菜/gRA AAAA aar.csv,53,3023009020520,雛菜,啊哈～,市川雛菜,【CR-EAT-I❤N】市川雛菜,gRA AAAA aar
市川雛菜/【CR-EAT-I❤N】市川雛菜/gRA AAAA aar.csv,55,3023009020540,雛菜,"那个啊～
雏菜到这边来对吧～",市川雛菜,【CR-EAT-I❤N】市川雛菜,gRA AAAA aar
市川雛菜/【CR-EAT-I❤N】市川雛菜/gRA AAAA aar.csv,57,3023009020560,雛菜,"然后、这边
小糸就——————",市川雛菜,【CR-EAT-I❤N】市川雛菜,gRA AAAA aar
市川雛菜/【CR-EAT-I❤N】市川雛菜/gRA AAAA aar.csv,62,3023009020610,雛菜,雏菜，准备好了～,市川雛菜,【CR-EAT-I❤N】市川雛菜,gRA AAAA aar
市川雛菜/【CR-EAT-I❤N】市川雛菜/gRA AAAA aar.csv,68,3023009020670,雛菜,"啊哈～
雏菜要被吃掉了～～！",市川雛菜,【CR-EAT-I❤N】市川雛菜,gRA AAAA aar
市川雛菜/【DE-S!GN】市川雛菜/NAM!NG.csv,4,2023009010010,雛菜,,市川雛菜,【DE-S!GN】市川雛菜,NAM!NG
市川雛菜/【DE-S!GN】市川雛菜/NAM!NG.csv,5,2023009010020,雛菜,"呼啊～……
累趴了～……",市川雛菜,【DE-S!GN】市川雛菜,NAM!NG
市川雛菜/【DE-S!GN】市川雛菜/NAM!NG.csv,6,2023009010030,雛菜,想吃点甜的——……,市川雛菜,【DE-S!GN】市川雛菜,NAM!NG
市川雛菜/【DE-S!GN】市川雛菜/NAM!NG.csv,7,2023009010040,雛菜,"……啊！
对了～",市川雛菜,【DE-S!GN】市川雛菜,NAM!NG
市川雛菜/【DE-S!GN】市川雛菜/NAM!NG.csv,8,2023009010050,雛菜,"欸，制作人
买来的点心还剩了一个你要吗？",市川雛菜,【DE-S!GN】市川雛菜,NAM!NG
市川雛菜/【DE-S!GN】市川雛菜/NAM!NG.csv,11,2023009010060,雛菜,"这样～
那，我放进冰箱了咯～",市川雛菜,【DE-S!GN】市川雛菜,NAM!NG
市川雛菜/【DE-S!GN】市川雛菜/NAM!NG.csv,12,2023009010070,雛菜,应该能存个几天吧～？,市川雛菜,【DE-S!GN】市川雛菜,NAM!NG
市川雛菜/【DE-S!GN】市川雛菜/NAM!NG.csv,14,2023009010080,雛菜,,市川雛菜,【DE-S!GN】市川雛菜,NAM!NG
市川雛菜/【DE-S!GN】市川雛菜/NAM!NG.csv,17,2023009010090,雛菜,"嗯～？
不是啊～，雏菜不是来练习的",市川雛菜,【DE-S!GN】市川雛菜,NAM!NG
市川雛菜/【DE-S!GN】市川雛菜/NAM!NG.csv,18,2023009010100,雛菜,大家怎样就不知道了,市川雛菜,【DE-S!GN】市川雛菜,NAM!NG
市川雛菜/【DE-S!GN】市川雛菜/NAM!NG.csv,20,2023009010110,雛菜,"雏菜，说过今天要补习啊～？
之前杂志摄影时请了假的那次～",市川雛菜,【DE-S!GN】市川雛菜,NAM!NG
市川雛菜/【DE-S!GN】市川雛菜/NAM!NG.csv,22,2023009010120,雛菜,"因为补习补累了
所以来拿放在事务所里的点心！",市川雛菜,【DE-S!GN】市川雛菜,NAM!NG
市川雛菜/【DE-S!GN】市川雛菜/NAM!NG.csv,24,2023009010130,雛菜,"诶～？
之前还跟制作人讲过的啊？",市川雛菜,【DE-S!GN】市川雛菜,NAM!NG
市川雛菜/【DE-S!GN】市川雛菜/NAM!NG.csv,25,2023009010140,雛菜,“还剩了一个你要吗～？”这样问了,市川雛菜,【DE-S!GN】市川雛菜,NAM!NG
市川雛菜/【DE-S!GN】市川雛菜/NAM!NG.csv,26,2023009010150,雛菜,"因为制作人说不要
所以就放进冰箱——……",市川雛菜,【DE-S!GN】市川雛菜,NAM!NG
市川雛菜/【DE-S!GN】市川雛菜/NAM!NG.csv,28,2023009010160,雛菜,嗯～～～～？,市川雛菜,【DE-S!GN】市川雛菜,NAM!NG
市川雛菜/【DE-S!GN】市川雛菜/NAM!NG.csv,29,2023009010170,雛菜,"咦，没有～？
制作人，你有看到吗？",市川雛菜,【DE-S!GN】市川雛菜,NAM!NG
市川雛菜/【DE-S!GN】市川雛菜/NAM!NG.csv,30,2023009010180,雛菜,上面有糖渍栗子的——……,市川雛菜,【DE-S!GN】市川雛菜,NAM!NG
市川雛菜/【DE-S!GN】市川雛菜/NAM!NG.csv,32,2023009010190,雛菜,制作人？,市川雛菜,【DE-S!GN】市川雛菜,NAM!NG
市川雛菜/【DE-S!GN】市川雛菜/NAM!NG.csv,33,2023009010200,雛菜,"……难道说，制作人
吃掉了～？",市川雛菜,【DE-S!GN】市川雛菜,NAM!NG
市川雛菜/【DE-S!GN】市川雛菜/NAM!NG.csv,36,2023009010210,雛菜,……这样啊～……,市川雛菜,【DE-S!GN】市川雛菜,NAM!NG
市川雛菜/【DE-S!GN】市川雛菜/NAM!NG.csv,37,2023009010220,雛菜,"嗯，倒也没什么～
本来就是雏菜问的“多一个要不要？”",市川雛菜,【DE-S!GN】市川雛菜,NAM!NG
市川雛菜/【DE-S!GN】市川雛菜/NAM!NG.csv,38,2023009010230,雛菜,"而且吃掉的东西
也不会回来了～？",市川雛菜,【DE-S!GN】市川雛菜,NAM!NG
市川雛菜/【DE-S!GN】市川雛菜/NAM!NG.csv,40,2023009010240,雛菜,嗯嗯，没事啊～,市川雛菜,【DE-S!GN】市川雛菜,NAM!NG
市川雛菜/【DE-S!GN】市川雛菜/NAM!NG.csv,41,2023009010250,雛菜,"作为赔偿，制作人之后会
给我准备什么超级好吃的东西的对吧～？",市川雛菜,【DE-S!GN】市川雛菜,NAM!NG
市川雛菜/【DE-S!GN】市川雛菜/NAM!NG.csv,43,2023009010260,雛菜,"呀哈～！
那样的话，雏菜反而赚到了～？",市川雛菜,【DE-S!GN】市川雛菜,NAM!NG
市川雛菜/【DE-S!GN】市川雛菜/NAM!NG.csv,44,2023009010270,雛菜,"不过下次开始
自己的东西写上名字好了～！",市川雛菜,【DE-S!GN】市川雛菜,NAM!NG
市川雛菜/【DE-S!GN】市川雛菜/NAM!NG.csv,46,2023009010280,雛菜,"啊哈～
知道啦～",市川雛菜,【DE-S!GN】市川雛菜,NAM!NG
市川雛菜/【DE-S!GN】市川雛菜/NAM!NG.csv,51,2023009010290,雛菜,都说了没关系啦～？,市川雛菜,【DE-S!GN】市川雛菜,NAM!NG
市川雛菜/【DE-S!GN】市川雛菜/NAM!NG.csv,52,2023009010300,雛菜,"难得吃到好吃的东西
要高兴一点～",市川雛菜,【DE-S!GN】市川雛菜,NAM!NG
市川雛菜/【DE-S!GN】市川雛菜/NAM!NG.csv,54,2023009010310,雛菜,嗯，就是这样啊,市川雛菜,【DE-S!GN】市川雛菜,NAM!NG
市川雛菜/【DE-S!GN】市川雛菜/NAM!NG.csv,55,2023009010320,雛菜,"因为雏菜的点心打起精神来
很开心吧～？",市川雛菜,【DE-S!GN】市川雛菜,NAM!NG
市川雛菜/【DE-S!GN】市川雛菜/NAM!NG.csv,56,2023009010330,雛菜,是吧～？,市川雛菜,【DE-S!GN】市川雛菜,NAM!NG
市川雛菜/【DE-S!GN】市川雛菜/NAM!NG.csv,57,2023009010340,雛菜,"所以雏菜，之前吃的时候
才问了制作人要不要～？",市川雛菜,【DE-S!GN】市川雛菜,NAM!NG
市川雛菜/【DE-S!GN】市川雛菜/NAM!NG.csv,59,2023009010350,雛菜,"嗯～，这个是哪边的抱歉？
吃掉了的抱歉？　没听人讲话的抱歉？",市川雛菜,【DE-S!GN】市川雛菜,NAM!NG
市川雛菜/【DE-S!GN】市川雛菜/NAM!NG.csv,61,2023009010360,雛菜,"这样啊～
那，两边都没关系哦～",市川雛菜,【DE-S!GN】市川雛菜,NAM!NG
市川雛菜/【DE-S!GN】市川雛菜/NAM!NG.csv,64,2023009010370,雛菜,嗯，没事哦～,市川雛菜,【DE-S!GN】市川雛菜,NAM!NG
市川雛菜/【DE-S!GN】市川雛菜/NAM!NG.csv,65,2023009010380,雛菜,"不过，之前雏菜问要不要的时候
那会的奶油会更软更好吃来着",市川雛菜,【DE-S!GN】市川雛菜,NAM!NG
市川雛菜/【DE-S!GN】市川雛菜/NAM!NG.csv,67,2023009010390,雛菜,"下次雏菜问要不要的时候
制作人，一定要一起吃哦～",市川雛菜,【DE-S!GN】市川雛菜,NAM!NG
市川雛菜/【DE-S!GN】市川雛菜/NAM_ED.csv,2,2023009110010,雛菜,,市川雛菜,【DE-S!GN】市川雛菜,NAM_ED
市川雛菜/【DE-S!GN】市川雛菜/NAM_ED.csv,3,2023009110020,雛菜,……啊，名字……,市川雛菜,【DE-S!GN】市川雛菜,NAM_ED
市川雛菜/【DE-S!GN】市川雛菜/NAM_ED.csv,5,2023009110030,雛菜,——咦，制作人,市川雛菜,【DE-S!GN】市川雛菜,NAM_ED
市川雛菜/【DE-S!GN】市川雛菜/NAM_ED.csv,7,2023009110040,雛菜,嗯～？,市川雛菜,【DE-S!GN】市川雛菜,NAM_ED
市川雛菜/【DE-S!GN】市川雛菜/NAM_ED.csv,9,2023009110050,雛菜,"诶～！
真的去找了吗？",市川雛菜,【DE-S!GN】市川雛菜,NAM_ED
市川雛菜/【DE-S!GN】市川雛菜/NAM_ED.csv,11,2023009110060,雛菜,"嗯～！
制作人也出现得正好！",市川雛菜,【DE-S!GN】市川雛菜,NAM_ED
市川雛菜/【DE-S!GN】市川雛菜/NAM_ED.csv,13,2023009110070,雛菜,"雏菜，今天考试可费脑了！
快点进去吃吧～！",市川雛菜,【DE-S!GN】市川雛菜,NAM_ED
市川雛菜/【DE-S!GN】市川雛菜/NAM_ED.csv,14,2023009110080,雛菜,"——欸，制作人
这个装了三个哦～？",市川雛菜,【DE-S!GN】市川雛菜,NAM_ED
市川雛菜/【DE-S!GN】市川雛菜/NAM_ED.csv,16,2023009110090,雛菜,诶～，也给制作人分一个哦～,市川雛菜,【DE-S!GN】市川雛菜,NAM_ED
市川雛菜/【DE-S!GN】市川雛菜/NAM_ED.csv,18,2023009110100,雛菜,但是，已经是雏菜的了吧～？,市川雛菜,【DE-S!GN】市川雛菜,NAM_ED
市川雛菜/【DE-S!GN】市川雛菜/NAM_ED.csv,20,2023009110110,雛菜,"雏菜和制作人一人一个
剩下的一个也是雏菜的！",市川雛菜,【DE-S!GN】市川雛菜,NAM_ED
市川雛菜/【DE-S!GN】市川雛菜/NAM_ED.csv,21,2023009110120,雛菜,写上名字放进冰箱好了～,市川雛菜,【DE-S!GN】市川雛菜,NAM_ED
市川雛菜/【DE-S!GN】市川雛菜/NAM_ED.csv,22,2023009110130,雛菜,"制作人，有笔吗？
笔～",市川雛菜,【DE-S!GN】市川雛菜,NAM_ED
市川雛菜/【DE-S!GN】市川雛菜/NAM_ED.csv,24,2023009110140,雛菜,"好～
嗯嗯～……",市川雛菜,【DE-S!GN】市川雛菜,NAM_ED
市川雛菜/【DE-S!GN】市川雛菜/NAM_ED.csv,25,2023009110150,雛菜,"“市川雛菜”
————写好了",市川雛菜,【DE-S!GN】市川雛菜,NAM_ED
市川雛菜/【DE-S!GN】市川雛菜/NAM_ED.csv,27,2023009110160,雛菜,"啊哈～
是吧～？",市川雛菜,【DE-S!GN】市川雛菜,NAM_ED
市川雛菜/【DE-S!GN】市川雛菜/NAM_ED.csv,28,2023009110170,雛菜,,市川雛菜,【DE-S!GN】市川雛菜,NAM_ED
市川雛菜/【DE-S!GN】市川雛菜/NAM_ED.csv,29,2023009110180,雛菜,"欸，制作人
伸出手来",市川雛菜,【DE-S!GN】市川雛菜,NAM_ED
市川雛菜/【DE-S!GN】市川雛菜/NAM_ED.csv,31,2023009110190,雛菜,"嗯～？
写名字呀～",市川雛菜,【DE-S!GN】市川雛菜,NAM_ED
市川雛菜/【DE-S!GN】市川雛菜/NAM_ED.csv,32,2023009110200,雛菜,"表明制作人，
是雏菜的制作人哟",市川雛菜,【DE-S!GN】市川雛菜,NAM_ED
市川雛菜/【DE-S!GN】市川雛菜/NAM_ED.csv,33,2023009110210,雛菜,"名字，得写上才行啊～
刚才给点心写的时候想到的～！",市川雛菜,【DE-S!GN】市川雛菜,NAM_ED
市川雛菜/【DE-S!GN】市川雛菜/NAM_ED.csv,35,2023009110220,雛菜,"很重要的吧？
写上名字",市川雛菜,【DE-S!GN】市川雛菜,NAM_ED
市川雛菜/【DE-S!GN】市川雛菜/NAM_ED.csv,37,2023009110230,雛菜,"诶～！？
可以吗～？",市川雛菜,【DE-S!GN】市川雛菜,NAM_ED
市川雛菜/【DE-S!GN】市川雛菜/NAM_ED.csv,39,2023009110240,雛菜,,市川雛菜,【DE-S!GN】市川雛菜,NAM_ED
市川雛菜/【DE-S!GN】市川雛菜/NAM_ED.csv,40,2023009110250,雛菜,"那，真的要写咯～？
嗯嗯，市————……",市川雛菜,【DE-S!GN】市川雛菜,NAM_ED
市川雛菜/【DE-S!GN】市川雛菜/NAM_ED.csv,42,2023009110260,雛菜,"……“雏菜”
————好了！",市川雛菜,【DE-S!GN】市川雛菜,NAM_ED
市川雛菜/【DE-S!GN】市川雛菜/NAM_ED.csv,44,2023009110270,雛菜,"嗯～！　
特地写了至今为止最豪华的！",市川雛菜,【DE-S!GN】市川雛菜,NAM_ED
市川雛菜/【DE-S!GN】市川雛菜/NAM_ED.csv,47,2023009110280,雛菜,"啊哈～
到时候再给你重新写上“雏菜”哦～？",市川雛菜,【DE-S!GN】市川雛菜,NAM_ED
市川雛菜/【DE-S!GN】市川雛菜/NAM_ED.csv,48,2023009110290,雛菜,"制作人作为，
雏菜的制作人的期间，一直都",市川雛菜,【DE-S!GN】市川雛菜,NAM_ED
市川雛菜/【DE-S!GN】市川雛菜/VALUE!.csv,2,2023009040010,雛菜,好冷～～～～～！,市川雛菜,【DE-S!GN】市川雛菜,VALUE!
市川雛菜/【DE-S!GN】市川雛菜/VALUE!.csv,4,2023009040020,雛菜,"诶～
明明才刚来～？",市川雛菜,【DE-S!GN】市川雛菜,VALUE!
市川雛菜/【DE-S!GN】市川雛菜/VALUE!.csv,6,2023009040030,雛菜,"明明是制作人，
说这附近有海的",市川雛菜,【DE-S!GN】市川雛菜,VALUE!
市川雛菜/【DE-S!GN】市川雛菜/VALUE!.csv,8,2023009040040,雛菜,"但是，来都来了吧～？
快走吧！　散步～",市川雛菜,【DE-S!GN】市川雛菜,VALUE!
市川雛菜/【DE-S!GN】市川雛菜/VALUE!.csv,10,2023009040050,雛菜,"没事～
就只有制作人看着嘛",市川雛菜,【DE-S!GN】市川雛菜,VALUE!
市川雛菜/【DE-S!GN】市川雛菜/VALUE!.csv,12,2023009040060,雛菜,"雏菜是这样啦
但制作人也一样鼻子通红哦～？",市川雛菜,【DE-S!GN】市川雛菜,VALUE!
市川雛菜/【DE-S!GN】市川雛菜/VALUE!.csv,14,2023009040070,雛菜,啊，帽子————……,市川雛菜,【DE-S!GN】市川雛菜,VALUE!
市川雛菜/【DE-S!GN】市川雛菜/VALUE!.csv,16,2023009040080,雛菜,"啊哈～
这顶帽子，还没有写上名字嘛～",市川雛菜,【DE-S!GN】市川雛菜,VALUE!
市川雛菜/【DE-S!GN】市川雛菜/VALUE!.csv,17,2023009040090,雛菜,待会得好好写上,市川雛菜,【DE-S!GN】市川雛菜,VALUE!
市川雛菜/【DE-S!GN】市川雛菜/VALUE!.csv,19,2023009040100,雛菜,"嗯！
啊，也给大海写上吧～",市川雛菜,【DE-S!GN】市川雛菜,VALUE!
市川雛菜/【DE-S!GN】市川雛菜/VALUE!.csv,21,2023009040110,雛菜,“市川雛菜”,市川雛菜,【DE-S!GN】市川雛菜,VALUE!
市川雛菜/【DE-S!GN】市川雛菜/VALUE!.csv,22,2023009040120,雛菜,"————写好了
这样大海也是雏菜的了～？",市川雛菜,【DE-S!GN】市川雛菜,VALUE!
市川雛菜/【DE-S!GN】市川雛菜/VALUE!.csv,24,2023009040130,雛菜,"诶～，是吗～？
那就给个特别签名好了～",市川雛菜,【DE-S!GN】市川雛菜,VALUE!
市川雛菜/【DE-S!GN】市川雛菜/VALUE!.csv,25,2023009040140,雛菜,“雏菜”,市川雛菜,【DE-S!GN】市川雛菜,VALUE!
市川雛菜/【DE-S!GN】市川雛菜/VALUE!.csv,26,2023009040150,雛菜,————好了！,市川雛菜,【DE-S!GN】市川雛菜,VALUE!
市川雛菜/【DE-S!GN】市川雛菜/VALUE!.csv,28,2023009040160,雛菜,"是吧～？
是特别的！",市川雛菜,【DE-S!GN】市川雛菜,VALUE!
市川雛菜/【DE-S!GN】市川雛菜/VALUE!.csv,29,2023009040170,雛菜,"等到雏菜的签名比起现在
稍微变得更有价值的时候",市川雛菜,【DE-S!GN】市川雛菜,VALUE!
市川雛菜/【DE-S!GN】市川雛菜/VALUE!.csv,30,2023009040180,雛菜,就给大海，分一点～,市川雛菜,【DE-S!GN】市川雛菜,VALUE!
市川雛菜/【DE-S!GN】市川雛菜/VALUE!.csv,32,2023009040190,雛菜,欸，制作人,市川雛菜,【DE-S!GN】市川雛菜,VALUE!
市川雛菜/【DE-S!GN】市川雛菜/VALUE!.csv,33,2023009040200,雛菜,"雏菜，偶像啊模特啊
想继续做的事还有许多许多",市川雛菜,【DE-S!GN】市川雛菜,VALUE!
市川雛菜/【DE-S!GN】市川雛菜/VALUE!.csv,35,2023009040210,雛菜,"不过，也不是只是这些就好了
大概也会继续升学～",市川雛菜,【DE-S!GN】市川雛菜,VALUE!
市川雛菜/【DE-S!GN】市川雛菜/VALUE!.csv,37,2023009040220,雛菜,诶～，就这点反应～？,市川雛菜,【DE-S!GN】市川雛菜,VALUE!
市川雛菜/【DE-S!GN】市川雛菜/VALUE!.csv,39,2023009040230,雛菜,"……啊哈～
制作人果然，可能是雏菜来的",市川雛菜,【DE-S!GN】市川雛菜,VALUE!
市川雛菜/【DE-S!GN】市川雛菜/VALUE!.csv,40,2023009040240,雛菜,什么都知道的吧～？,市川雛菜,【DE-S!GN】市川雛菜,VALUE!
市川雛菜/【DE-S!GN】市川雛菜/VALUE!.csv,44,2023009040250,雛菜,,市川雛菜,【DE-S!GN】市川雛菜,VALUE!
市川雛菜/【DE-S!GN】市川雛菜/VALUE!.csv,45,2023009040260,雛菜,欸，制作人,市川雛菜,【DE-S!GN】市川雛菜,VALUE!
市川雛菜/【DE-S!GN】市川雛菜/VALUE!.csv,47,2023009040270,雛菜,"等什么时候，
大海成了雏菜的东西",市川雛菜,【DE-S!GN】市川雛菜,VALUE!
市川雛菜/【DE-S!GN】市川雛菜/VALUE!.csv,48,2023009040280,雛菜,"带着你一起去哦
制作人",市川雛菜,【DE-S!GN】市川雛菜,VALUE!
市川雛菜/【DE-S!GN】市川雛菜/model(idol).csv,4,2023009020010,雛菜,,市川雛菜,【DE-S!GN】市川雛菜,model(idol)
市川雛菜/【DE-S!GN】市川雛菜/model(idol).csv,5,2023009020020,雛菜,……那个～,市川雛菜,【DE-S!GN】市川雛菜,model(idol)
市川雛菜/【DE-S!GN】市川雛菜/model(idol).csv,7,2023009020030,雛菜,"刚才工作人员们在说的
不小心听到了",市川雛菜,【DE-S!GN】市川雛菜,model(idol)
市川雛菜/【DE-S!GN】市川雛菜/model(idol).csv,8,2023009020040,雛菜,"这期的专属模特的那个人
要宣告毕业的事是真的吗～？",市川雛菜,【DE-S!GN】市川雛菜,model(idol)
市川雛菜/【DE-S!GN】市川雛菜/model(idol).csv,10,2023009020050,雛菜,"啊，好的～
那是当然",市川雛菜,【DE-S!GN】市川雛菜,model(idol)
市川雛菜/【DE-S!GN】市川雛菜/model(idol).csv,13,2023009020060,雛菜,诶～……,市川雛菜,【DE-S!GN】市川雛菜,model(idol)
市川雛菜/【DE-S!GN】市川雛菜/model(idol).csv,15,2023009020070,雛菜,,市川雛菜,【DE-S!GN】市川雛菜,model(idol)
市川雛菜/【DE-S!GN】市川雛菜/model(idol).csv,17,2023009020080,雛菜,"啊哈～
雏菜，还才高一哦～",市川雛菜,【DE-S!GN】市川雛菜,model(idol)
市川雛菜/【DE-S!GN】市川雛菜/model(idol).csv,20,2023009020090,雛菜,"啊哈～
拜托您了～",市川雛菜,【DE-S!GN】市川雛菜,model(idol)
市川雛菜/【DE-S!GN】市川雛菜/model(idol).csv,21,2023009020100,雛菜,,市川雛菜,【DE-S!GN】市川雛菜,model(idol)
市川雛菜/【DE-S!GN】市川雛菜/model(idol).csv,22,2023009020110,雛菜,——欸，制作人啊～,市川雛菜,【DE-S!GN】市川雛菜,model(idol)
市川雛菜/【DE-S!GN】市川雛菜/model(idol).csv,23,2023009020120,雛菜,"在非常重要的工作的时候
突然有了非常重要的事",市川雛菜,【DE-S!GN】市川雛菜,model(idol)
市川雛菜/【DE-S!GN】市川雛菜/model(idol).csv,24,2023009020130,雛菜,会优先哪边～？,市川雛菜,【DE-S!GN】市川雛菜,model(idol)
市川雛菜/【DE-S!GN】市川雛菜/model(idol).csv,26,2023009020140,雛菜,嗯，哪边～？,市川雛菜,【DE-S!GN】市川雛菜,model(idol)
市川雛菜/【DE-S!GN】市川雛菜/model(idol).csv,28,2023009020150,雛菜,这样啊～……,市川雛菜,【DE-S!GN】市川雛菜,model(idol)
市川雛菜/【DE-S!GN】市川雛菜/model(idol).csv,30,2023009020160,雛菜,"不是～
今天拍摄的时候听到的",市川雛菜,【DE-S!GN】市川雛菜,model(idol)
市川雛菜/【DE-S!GN】市川雛菜/model(idol).csv,31,2023009020170,雛菜,"说是有
因为考试而放弃当专属模特的人",市川雛菜,【DE-S!GN】市川雛菜,model(idol)
市川雛菜/【DE-S!GN】市川雛菜/model(idol).csv,33,2023009020180,雛菜,"说是要暂时专心于学业，
之后再重新开始活动",市川雛菜,【DE-S!GN】市川雛菜,model(idol)
市川雛菜/【DE-S!GN】市川雛菜/model(idol).csv,34,2023009020190,雛菜,"“不论是模特还是偶像之类的
最近那样的人很多”这样～",市川雛菜,【DE-S!GN】市川雛菜,model(idol)
市川雛菜/【DE-S!GN】市川雛菜/model(idol).csv,38,2023009020200,雛菜,这样啊～……,市川雛菜,【DE-S!GN】市川雛菜,model(idol)
市川雛菜/【DE-S!GN】市川雛菜/model(idol).csv,40,2023009020210,雛菜,诶～？,市川雛菜,【DE-S!GN】市川雛菜,model(idol)
市川雛菜/【DE-S!GN】市川雛菜/model(idol).csv,42,2023009020220,雛菜,,市川雛菜,【DE-S!GN】市川雛菜,model(idol)
市川雛菜/【DE-S!GN】市川雛菜/model(idol).csv,47,2023009020230,雛菜,"嗯～
这样啊～……",市川雛菜,【DE-S!GN】市川雛菜,model(idol)
市川雛菜/【DE-S!GN】市川雛菜/model(idol).csv,48,2023009020240,雛菜,"不过，应该不会马上就决定“要干这个！”
就算今天决定好，明天说不定就变了",市川雛菜,【DE-S!GN】市川雛菜,model(idol)
市川雛菜/【DE-S!GN】市川雛菜/model(idol).csv,51,2023009020250,雛菜,"啊哈～，是吗～？
那样就可以了吗～",市川雛菜,【DE-S!GN】市川雛菜,model(idol)
市川雛菜/【DE-S!GN】市川雛菜/model(idol).csv,52,2023009020260,雛菜,那，再多考虑考虑～,市川雛菜,【DE-S!GN】市川雛菜,model(idol)
市川雛菜/【DE-S!GN】市川雛菜/model(idol).csv,55,2023009020270,雛菜,"啊哈～
那样的话雏菜，每天都得跟制作人说才行了",市川雛菜,【DE-S!GN】市川雛菜,model(idol)
市川雛菜/【DE-S!GN】市川雛菜/model(idol).csv,57,2023009020280,雛菜,"是吗～？
那，每天都要跟制作人联系呢～",市川雛菜,【DE-S!GN】市川雛菜,model(idol)
市川雛菜/【DE-S!GN】市川雛菜/model(idol).csv,60,2023009020290,雛菜,……嗯，是呢～,市川雛菜,【DE-S!GN】市川雛菜,model(idol)
市川雛菜/【DE-S!GN】市川雛菜/model(idol).csv,62,2023009020300,雛菜,啊哈～,市川雛菜,【DE-S!GN】市川雛菜,model(idol)
市川雛菜/【DE-S!GN】市川雛菜/model(idol).csv,63,2023009020310,雛菜,"好像，雏菜的将来，
会连同制作人的将来一起改变那样～",市川雛菜,【DE-S!GN】市川雛菜,model(idol)
市川雛菜/【DE-S!GN】市川雛菜/student(idol).csv,3,2023009030010,雛菜,……怎么了吗～？,市川雛菜,【DE-S!GN】市川雛菜,student(idol)
市川雛菜/【DE-S!GN】市川雛菜/student(idol).csv,6,2023009030020,雛菜,诶～？,市川雛菜,【DE-S!GN】市川雛菜,student(idol)
市川雛菜/【DE-S!GN】市川雛菜/student(idol).csv,7,2023009030030,雛菜,"啊，真的耶～
非常抱歉～",市川雛菜,【DE-S!GN】市川雛菜,student(idol)
市川雛菜/【DE-S!GN】市川雛菜/student(idol).csv,10,2023009030040,雛菜,啊～……,市川雛菜,【DE-S!GN】市川雛菜,student(idol)
市川雛菜/【DE-S!GN】市川雛菜/student(idol).csv,11,2023009030050,雛菜,"不过下次开始
自己的东西写上名字好了～！",市川雛菜,【DE-S!GN】市川雛菜,student(idol)
市川雛菜/【DE-S!GN】市川雛菜/student(idol).csv,13,2023009030060,雛菜,,市川雛菜,【DE-S!GN】市川雛菜,student(idol)
市川雛菜/【DE-S!GN】市川雛菜/student(idol).csv,14,2023009030070,雛菜,"啊哈～，下次会注意的
谢谢老师～",市川雛菜,【DE-S!GN】市川雛菜,student(idol)
市川雛菜/【DE-S!GN】市川雛菜/student(idol).csv,15,2023009030080,雛菜,写上名字，是很重要的对吧～,市川雛菜,【DE-S!GN】市川雛菜,student(idol)
市川雛菜/【DE-S!GN】市川雛菜/student(idol).csv,17,2023009030090,雛菜,,市川雛菜,【DE-S!GN】市川雛菜,student(idol)
市川雛菜/【DE-S!GN】市川雛菜/student(idol).csv,20,2023009030100,雛菜,"嗯～？
没事，有在小卖部买的点心",市川雛菜,【DE-S!GN】市川雛菜,student(idol)
市川雛菜/【DE-S!GN】市川雛菜/student(idol).csv,22,2023009030110,雛菜,嗯～……,市川雛菜,【DE-S!GN】市川雛菜,student(idol)
市川雛菜/【DE-S!GN】市川雛菜/student(idol).csv,25,2023009030120,雛菜,"啊～……没事
这个是课本和笔记",市川雛菜,【DE-S!GN】市川雛菜,student(idol)
市川雛菜/【DE-S!GN】市川雛菜/student(idol).csv,27,2023009030130,雛菜,"雏菜，要复习下次考试
到了就告诉一声～",市川雛菜,【DE-S!GN】市川雛菜,student(idol)
市川雛菜/【DE-S!GN】市川雛菜/student(idol).csv,30,2023009030140,雛菜,嗯～…………,市川雛菜,【DE-S!GN】市川雛菜,student(idol)
市川雛菜/【DE-S!GN】市川雛菜/student(idol).csv,32,2023009030150,雛菜,,市川雛菜,【DE-S!GN】市川雛菜,student(idol)
市川雛菜/【DE-S!GN】市川雛菜/student(idol).csv,34,2023009030160,雛菜,"……啊，嗯～
到了呢～",市川雛菜,【DE-S!GN】市川雛菜,student(idol)
市川雛菜/【DE-S!GN】市川雛菜/student(idol).csv,36,2023009030170,雛菜,"嗯～
一般般～",市川雛菜,【DE-S!GN】市川雛菜,student(idol)
市川雛菜/【DE-S!GN】市川雛菜/student(idol).csv,38,2023009030180,雛菜,"嗯～
或许是吧～",市川雛菜,【DE-S!GN】市川雛菜,student(idol)
市川雛菜/【DE-S!GN】市川雛菜/student(idol).csv,39,2023009030190,雛菜,"不过最近不是没什么时间吗～？
课程和请假都多起来了",市川雛菜,【DE-S!GN】市川雛菜,student(idol)
市川雛菜/【DE-S!GN】市川雛菜/student(idol).csv,41,2023009030200,雛菜,"所以在这种碎片时间里
好好学习",市川雛菜,【DE-S!GN】市川雛菜,student(idol)
市川雛菜/【DE-S!GN】市川雛菜/student(idol).csv,42,2023009030210,雛菜,"考试的时候
哪怕考高一点点也会更好吧～",市川雛菜,【DE-S!GN】市川雛菜,student(idol)
市川雛菜/【DE-S!GN】市川雛菜/student(idol).csv,44,2023009030220,雛菜,"啊哈～
雏菜，很棒～？",市川雛菜,【DE-S!GN】市川雛菜,student(idol)
市川雛菜/【DE-S!GN】市川雛菜/student(idol).csv,49,2023009030230,雛菜,"呀哈～
雏菜很厉害～？",市川雛菜,【DE-S!GN】市川雛菜,student(idol)
市川雛菜/【DE-S!GN】市川雛菜/student(idol).csv,51,2023009030240,雛菜,"是吧～
雏菜很厉害的话，制作人也很开心吧？",市川雛菜,【DE-S!GN】市川雛菜,student(idol)
市川雛菜/【DE-S!GN】市川雛菜/student(idol).csv,53,2023009030250,雛菜,"啊哈～
那，还要变得更厉害才行",市川雛菜,【DE-S!GN】市川雛菜,student(idol)
市川雛菜/【DE-S!GN】市川雛菜/student(idol).csv,54,2023009030260,雛菜,雏菜！,市川雛菜,【DE-S!GN】市川雛菜,student(idol)
市川雛菜/【DE-S!GN】市川雛菜/student(idol).csv,56,2023009030270,雛菜,"诶～
所以说，这不是学了嘛～？",市川雛菜,【DE-S!GN】市川雛菜,student(idol)
市川雛菜/【DE-S!GN】市川雛菜/student(idol).csv,57,2023009030280,雛菜,"不过，这样啊～……
这种程度，是理所当然的吧～",市川雛菜,【DE-S!GN】市川雛菜,student(idol)
市川雛菜/【DE-S!GN】市川雛菜/student(idol).csv,59,2023009030290,雛菜,"不过，也是呢
雏菜是自己决定了才这样做的",市川雛菜,【DE-S!GN】市川雛菜,student(idol)
市川雛菜/【DE-S!GN】市川雛菜/student(idol).csv,60,2023009030300,雛菜,倒也不是要别人来夸奖的事～,市川雛菜,【DE-S!GN】市川雛菜,student(idol)
市川雛菜/【DE-S!GN】市川雛菜/student(idol).csv,62,2023009030310,雛菜,诶～……,市川雛菜,【DE-S!GN】市川雛菜,student(idol)
市川雛菜/【DE-S!GN】市川雛菜/student(idol).csv,63,2023009030320,雛菜,"“更多”是说，学习～？
还是说，工作？　两边都～？",市川雛菜,【DE-S!GN】市川雛菜,student(idol)
市川雛菜/【DE-S!GN】市川雛菜/student(idol).csv,65,2023009030330,雛菜,……这样啊～……,市川雛菜,【DE-S!GN】市川雛菜,student(idol)
市川雛菜/【DE-S!GN】市川雛菜/student(idol).csv,66,2023009030340,雛菜,"那雏菜，得变得更加出名
变得更加聪明才行啊～",市川雛菜,【DE-S!GN】市川雛菜,student(idol)
市川雛菜/【DE-S!GN】市川雛菜/student(idol).csv,68,2023009030350,雛菜,"因为，不那样的话就不会夸奖雏菜的吧？
制作人",市川雛菜,【DE-S!GN】市川雛菜,student(idol)
市川雛菜/【DIVEIN!】市川雛菜/□PHOTO.csv,2,3023007020010,雛菜,,市川雛菜,【DIVEIN!】市川雛菜,□PHOTO
市川雛菜/【DIVEIN!】市川雛菜/□PHOTO.csv,4,3023007020020,雛菜,,市川雛菜,【DIVEIN!】市川雛菜,□PHOTO
市川雛菜/【DIVEIN!】市川雛菜/□PHOTO.csv,5,3023007020030,雛菜,"嗯～
是拍摄要开始了吗？",市川雛菜,【DIVEIN!】市川雛菜,□PHOTO
市川雛菜/【DIVEIN!】市川雛菜/□PHOTO.csv,7,3023007020040,雛菜,"啊～
那今天就先中止吗？",市川雛菜,【DIVEIN!】市川雛菜,□PHOTO
市川雛菜/【DIVEIN!】市川雛菜/□PHOTO.csv,10,3023007020050,雛菜,"啊哈～
雏菜倒是没什么～",市川雛菜,【DIVEIN!】市川雛菜,□PHOTO
市川雛菜/【DIVEIN!】市川雛菜/□PHOTO.csv,13,3023007020060,雛菜,诶～……,市川雛菜,【DIVEIN!】市川雛菜,□PHOTO
市川雛菜/【DIVEIN!】市川雛菜/□PHOTO.csv,15,3023007020070,雛菜,啊、好的——……,市川雛菜,【DIVEIN!】市川雛菜,□PHOTO
市川雛菜/【DIVEIN!】市川雛菜/□PHOTO.csv,17,3023007020090,雛菜,"……！
透前辈！",市川雛菜,【DIVEIN!】市川雛菜,□PHOTO
市川雛菜/【DIVEIN!】市川雛菜/□PHOTO.csv,19,3023007020110,雛菜,透前辈怎么会在这～？,市川雛菜,【DIVEIN!】市川雛菜,□PHOTO
市川雛菜/【DIVEIN!】市川雛菜/□PHOTO.csv,22,3023007020140,雛菜,这样啊～！,市川雛菜,【DIVEIN!】市川雛菜,□PHOTO
市川雛菜/【DIVEIN!】市川雛菜/□PHOTO.csv,23,3023007020150,雛菜,有点好久不见的感觉呢～？,市川雛菜,【DIVEIN!】市川雛菜,□PHOTO
市川雛菜/【DIVEIN!】市川雛菜/□PHOTO.csv,25,3023007020170,雛菜,"不用去学校就没有每天见了嘛
工作和课程联系也撞不上！",市川雛菜,【DIVEIN!】市川雛菜,□PHOTO
市川雛菜/【DIVEIN!】市川雛菜/□PHOTO.csv,27,3023007020190,雛菜,是吧～？,市川雛菜,【DIVEIN!】市川雛菜,□PHOTO
市川雛菜/【DIVEIN!】市川雛菜/□PHOTO.csv,29,3023007020210,雛菜,"嗯～！
雏菜刚准备——……",市川雛菜,【DIVEIN!】市川雛菜,□PHOTO
市川雛菜/【DIVEIN!】市川雛菜/□PHOTO.csv,30,3023007020220,雛菜,……啊,市川雛菜,【DIVEIN!】市川雛菜,□PHOTO
市川雛菜/【DIVEIN!】市川雛菜/□PHOTO.csv,32,3023007020240,雛菜,"那个，刚说的其他人
透前辈可以吗？",市川雛菜,【DIVEIN!】市川雛菜,□PHOTO
市川雛菜/【DIVEIN!】市川雛菜/□PHOTO.csv,35,3023007020260,雛菜,"说是本来一起拍摄的人受了伤来不了了
所以在找能代替的人",市川雛菜,【DIVEIN!】市川雛菜,□PHOTO
市川雛菜/【DIVEIN!】市川雛菜/□PHOTO.csv,37,3023007020280,雛菜,"雏菜，可以的话想和透前辈一起拍～！
怎么样可以吗？",市川雛菜,【DIVEIN!】市川雛菜,□PHOTO
市川雛菜/【DIVEIN!】市川雛菜/□PHOTO.csv,40,3023007020290,雛菜,好～！,市川雛菜,【DIVEIN!】市川雛菜,□PHOTO
市川雛菜/【DIVEIN!】市川雛菜/□PHOTO.csv,42,3023007020310,雛菜,……走掉了呢,市川雛菜,【DIVEIN!】市川雛菜,□PHOTO
市川雛菜/【DIVEIN!】市川雛菜/□PHOTO.csv,44,3023007020330,雛菜,"普通的时尚杂志噢～
是雏菜经常登上的杂志……",市川雛菜,【DIVEIN!】市川雛菜,□PHOTO
市川雛菜/【DIVEIN!】市川雛菜/□PHOTO.csv,45,3023007020340,雛菜,"这次是秋冬季的专栏页！
什么来着……“外出闺蜜装”？",市川雛菜,【DIVEIN!】市川雛菜,□PHOTO
市川雛菜/【DIVEIN!】市川雛菜/□PHOTO.csv,48,3023007020370,雛菜,"嗯！
工作人员应该马上就来了～……",市川雛菜,【DIVEIN!】市川雛菜,□PHOTO
市川雛菜/【DIVEIN!】市川雛菜/□PHOTO.csv,49,3023007020380,雛菜,,市川雛菜,【DIVEIN!】市川雛菜,□PHOTO
市川雛菜/【DIVEIN!】市川雛菜/□PHOTO.csv,50,3023007020390,雛菜,"不太方便？
透前辈",市川雛菜,【DIVEIN!】市川雛菜,□PHOTO
市川雛菜/【DIVEIN!】市川雛菜/□PHOTO.csv,52,3023007020410,雛菜,因为是雏菜想一起拍才那样说的,市川雛菜,【DIVEIN!】市川雛菜,□PHOTO
市川雛菜/【DIVEIN!】市川雛菜/□PHOTO.csv,54,3023007020430,雛菜,"这样啊～！
那就太好了～！",市川雛菜,【DIVEIN!】市川雛菜,□PHOTO
市川雛菜/【DIVEIN!】市川雛菜/□PHOTO.csv,55,3023007020440,雛菜,"制作人也会
回答工作人员说可以的吧～？",市川雛菜,【DIVEIN!】市川雛菜,□PHOTO
市川雛菜/【DIVEIN!】市川雛菜/□PHOTO.csv,57,3023007020460,雛菜,但是，肯定能拍出好照片来的啊,市川雛菜,【DIVEIN!】市川雛菜,□PHOTO
市川雛菜/【DIVEIN!】市川雛菜/□PHOTO.csv,58,3023007020470,雛菜,"都已经满心想要跟透前辈一起拍了
现在被说不行也有点那啥啊～……！",市川雛菜,【DIVEIN!】市川雛菜,□PHOTO
市川雛菜/【DIVEIN!】市川雛菜/□PHOTO.csv,62,3023007020490,雛菜,,市川雛菜,【DIVEIN!】市川雛菜,□PHOTO
市川雛菜/【DIVEIN!】市川雛菜/□PHOTO.csv,65,3023007020520,雛菜,……噯、透前辈,市川雛菜,【DIVEIN!】市川雛菜,□PHOTO
市川雛菜/【DIVEIN!】市川雛菜/□PHOTO.csv,67,3023007020540,雛菜,"雏菜，虽然刚才
说是普通的时尚杂志",市川雛菜,【DIVEIN!】市川雛菜,□PHOTO
市川雛菜/【DIVEIN!】市川雛菜/□PHOTO.csv,68,3023007020550,雛菜,现在感觉会变成非常特别的时尚杂志！,市川雛菜,【DIVEIN!】市川雛菜,□PHOTO
市川雛菜/【DIVEIN!】市川雛菜/▽POOL.csv,6,3023007010020,雛菜,"呀哈～
今天是雏菜我们包场～？",市川雛菜,【DIVEIN!】市川雛菜,▽POOL
市川雛菜/【DIVEIN!】市川雛菜/▽POOL.csv,14,3023007010080,雛菜,那走吧～！,市川雛菜,【DIVEIN!】市川雛菜,▽POOL
市川雛菜/【DIVEIN!】市川雛菜/▽POOL.csv,15,3023007010090,雛菜,"好～
雏菜换好了～！",市川雛菜,【DIVEIN!】市川雛菜,▽POOL
市川雛菜/【DIVEIN!】市川雛菜/▽POOL.csv,17,3023007010110,雛菜,"因为里面
穿着泳装过来的！",市川雛菜,【DIVEIN!】市川雛菜,▽POOL
市川雛菜/【DIVEIN!】市川雛菜/▽POOL.csv,22,3023007010160,雛菜,"咦～
老师还没来～？",市川雛菜,【DIVEIN!】市川雛菜,▽POOL
市川雛菜/【DIVEIN!】市川雛菜/▽POOL.csv,24,3023007010180,雛菜,"这样啊～
这么热，能下去吗～？",市川雛菜,【DIVEIN!】市川雛菜,▽POOL
市川雛菜/【DIVEIN!】市川雛菜/▽POOL.csv,30,3023007010240,雛菜,呀哈～！,市川雛菜,【DIVEIN!】市川雛菜,▽POOL
市川雛菜/【DIVEIN!】市川雛菜/▽POOL.csv,35,3023007010290,雛菜,"啊哈～
就这样浮着25米往返～……",市川雛菜,【DIVEIN!】市川雛菜,▽POOL
市川雛菜/【DIVEIN!】市川雛菜/▽POOL.csv,38,3023007010300,雛菜,,市川雛菜,【DIVEIN!】市川雛菜,▽POOL
市川雛菜/【DIVEIN!】市川雛菜/▽POOL.csv,39,3023007010310,雛菜,嗯～…………,市川雛菜,【DIVEIN!】市川雛菜,▽POOL
市川雛菜/【DIVEIN!】市川雛菜/▽POOL.csv,40,3023007010320,雛菜,为什么雏菜我们要写检讨书～……？,市川雛菜,【DIVEIN!】市川雛菜,▽POOL
市川雛菜/【DIVEIN!】市川雛菜/▽POOL.csv,42,3023007010340,雛菜,明明老师来这么晚也有错～……,市川雛菜,【DIVEIN!】市川雛菜,▽POOL
市川雛菜/【DIVEIN!】市川雛菜/▽POOL.csv,50,3023007010420,雛菜,"结果也游了个爽
已经累了～……",市川雛菜,【DIVEIN!】市川雛菜,▽POOL
市川雛菜/【DIVEIN!】市川雛菜/▽POOL.csv,51,3023007010430,雛菜,雏菜现在超级困～……,市川雛菜,【DIVEIN!】市川雛菜,▽POOL
市川雛菜/【DIVEIN!】市川雛菜/▽POOL.csv,57,3023007010490,雛菜,,市川雛菜,【DIVEIN!】市川雛菜,▽POOL
市川雛菜/【DIVEIN!】市川雛菜/▽POOL.csv,61,3023007010530,雛菜,,市川雛菜,【DIVEIN!】市川雛菜,▽POOL
市川雛菜/【DIVEIN!】市川雛菜/○SOFTICE.csv,2,3023007030010,雛菜,"噯，
雏菜去买个雪糕～？",市川雛菜,【DIVEIN!】市川雛菜,○SOFTICE
市川雛菜/【DIVEIN!】市川雛菜/○SOFTICE.csv,4,3023007030020,雛菜,是说让雏菜一起买回来～？,市川雛菜,【DIVEIN!】市川雛菜,○SOFTICE
市川雛菜/【DIVEIN!】市川雛菜/○SOFTICE.csv,6,3023007030030,雛菜,好～…,市川雛菜,【DIVEIN!】市川雛菜,○SOFTICE
市川雛菜/【DIVEIN!】市川雛菜/○SOFTICE.csv,8,3023007030040,雛菜,…………好凉快～……,市川雛菜,【DIVEIN!】市川雛菜,○SOFTICE
市川雛菜/【DIVEIN!】市川雛菜/○SOFTICE.csv,9,3023007030050,雛菜,夏天，也快结束了啊～……,市川雛菜,【DIVEIN!】市川雛菜,○SOFTICE
市川雛菜/【DIVEIN!】市川雛菜/○SOFTICE.csv,10,3023007030060,雛菜,,市川雛菜,【DIVEIN!】市川雛菜,○SOFTICE
市川雛菜/【DIVEIN!】市川雛菜/○SOFTICE.csv,12,3023007030070,雛菜,,市川雛菜,【DIVEIN!】市川雛菜,○SOFTICE
市川雛菜/【DIVEIN!】市川雛菜/○SOFTICE.csv,14,3023007030080,雛菜,,市川雛菜,【DIVEIN!】市川雛菜,○SOFTICE
市川雛菜/【DIVEIN!】市川雛菜/○SOFTICE.csv,15,3023007030090,雛菜,"啊哈～
你一个人来的吗？",市川雛菜,【DIVEIN!】市川雛菜,○SOFTICE
市川雛菜/【DIVEIN!】市川雛菜/○SOFTICE.csv,18,3023007030110,雛菜,真的耶，来了～,市川雛菜,【DIVEIN!】市川雛菜,○SOFTICE
市川雛菜/【DIVEIN!】市川雛菜/○SOFTICE.csv,20,3023007030120,雛菜,"嗯～？
雪糕～",市川雛菜,【DIVEIN!】市川雛菜,○SOFTICE
市川雛菜/【DIVEIN!】市川雛菜/○SOFTICE.csv,24,3023007030140,雛菜,"诶～
这样啊，哪个～？",市川雛菜,【DIVEIN!】市川雛菜,○SOFTICE
市川雛菜/【DIVEIN!】市川雛菜/○SOFTICE.csv,32,3023007030180,雛菜,,市川雛菜,【DIVEIN!】市川雛菜,○SOFTICE
市川雛菜/【DIVEIN!】市川雛菜/○SOFTICE.csv,33,3023007030190,雛菜,"来、你们俩～
一人一个噢～！",市川雛菜,【DIVEIN!】市川雛菜,○SOFTICE
市川雛菜/【DIVEIN!】市川雛菜/○SOFTICE.csv,35,3023007030200,雛菜,"嗯～
小糸也有～",市川雛菜,【DIVEIN!】市川雛菜,○SOFTICE
市川雛菜/【DIVEIN!】市川雛菜/○SOFTICE.csv,37,3023007030220,雛菜,"嗯～？
哪里不好～",市川雛菜,【DIVEIN!】市川雛菜,○SOFTICE
市川雛菜/【DIVEIN!】市川雛菜/○SOFTICE.csv,39,3023007030240,雛菜,"来的时候妈妈给了1000圆
没事的呀～？",市川雛菜,【DIVEIN!】市川雛菜,○SOFTICE
市川雛菜/【DIVEIN!】市川雛菜/○SOFTICE.csv,41,3023007030260,雛菜,"诶～？
不是浪费呀～",市川雛菜,【DIVEIN!】市川雛菜,○SOFTICE
市川雛菜/【DIVEIN!】市川雛菜/○SOFTICE.csv,42,3023007030270,雛菜,"回头告诉她是想和小糸一起吃雪糕
雏菜的妈妈肯定会说",市川雛菜,【DIVEIN!】市川雛菜,○SOFTICE
市川雛菜/【DIVEIN!】市川雛菜/○SOFTICE.csv,43,3023007030280,雛菜,太好了呢～,市川雛菜,【DIVEIN!】市川雛菜,○SOFTICE
市川雛菜/【DIVEIN!】市川雛菜/○SOFTICE.csv,45,3023007030300,雛菜,"不过小糸不要的话就算了
强行塞给你也不太好～？",市川雛菜,【DIVEIN!】市川雛菜,○SOFTICE
市川雛菜/【DIVEIN!】市川雛菜/○SOFTICE.csv,48,3023007030330,雛菜,"……？
不行的话就不会给你了呀～",市川雛菜,【DIVEIN!】市川雛菜,○SOFTICE
市川雛菜/【DIVEIN!】市川雛菜/○SOFTICE.csv,51,3023007030350,雛菜,"嗯～
可以啊～",市川雛菜,【DIVEIN!】市川雛菜,○SOFTICE
市川雛菜/【DIVEIN!】市川雛菜/○SOFTICE.csv,52,3023007030360,雛菜,雏菜也边吃边走回去～！,市川雛菜,【DIVEIN!】市川雛菜,○SOFTICE
市川雛菜/【DIVEIN!】市川雛菜/○SOFTICE.csv,54,3023007030370,雛菜,"啊哈～
太好了呢～？",市川雛菜,【DIVEIN!】市川雛菜,○SOFTICE
市川雛菜/【DIVEIN!】市川雛菜/○SOFTICE.csv,55,3023007030380,雛菜,雏菜也要吃————……,市川雛菜,【DIVEIN!】市川雛菜,○SOFTICE
市川雛菜/【DIVEIN!】市川雛菜/○SOFTICE.csv,56,3023007030390,雛菜,"……嗯～
这个好好吃啊～？",市川雛菜,【DIVEIN!】市川雛菜,○SOFTICE
市川雛菜/【DIVEIN!】市川雛菜/○SOFTICE.csv,58,3023007030400,雛菜,"那雏菜先回去咯～
晚点妈妈那份就要融了",市川雛菜,【DIVEIN!】市川雛菜,○SOFTICE
市川雛菜/【DIVEIN!】市川雛菜/○SOFTICE.csv,61,3023007030420,雛菜,拜拜～,市川雛菜,【DIVEIN!】市川雛菜,○SOFTICE
市川雛菜/【DIVEIN!】市川雛菜/○SOFTICE.csv,64,3023007030450,雛菜,嗯、下次见～,市川雛菜,【DIVEIN!】市川雛菜,○SOFTICE
市川雛菜/【DIVEIN!】市川雛菜/○SOFTICE.csv,65,3023007030460,雛菜,夏天，也快结束了啊～……,市川雛菜,【DIVEIN!】市川雛菜,○SOFTICE
市川雛菜/【HAPPY-!NG】市川雛菜/CherryPick!NG.csv,2,2023004110010,雛菜,──嗯～……,市川雛菜,【HAPPY-!NG】市川雛菜,CherryPick!NG
市川雛菜/【HAPPY-!NG】市川雛菜/CherryPick!NG.csv,3,2023004110020,雛菜,"拜托来一份山莓马卡龙～
然后草莓的和柠檬的，……还有樱桃的！",市川雛菜,【HAPPY-!NG】市川雛菜,CherryPick!NG
市川雛菜/【HAPPY-!NG】市川雛菜/CherryPick!NG.csv,4,2023004110030,雛菜,"再然后～
来份千层派和伊斯巴翁……",市川雛菜,【HAPPY-!NG】市川雛菜,CherryPick!NG
市川雛菜/【HAPPY-!NG】市川雛菜/CherryPick!NG.csv,5,2023004110040,雛菜,最后来两杯红茶,市川雛菜,【HAPPY-!NG】市川雛菜,CherryPick!NG
市川雛菜/【HAPPY-!NG】市川雛菜/CherryPick!NG.csv,7,2023004110050,雛菜,"呀哈～♡
真期待啊～制作人！",市川雛菜,【HAPPY-!NG】市川雛菜,CherryPick!NG
市川雛菜/【HAPPY-!NG】市川雛菜/CherryPick!NG.csv,9,2023004110060,雛菜,嗯～～～？,市川雛菜,【HAPPY-!NG】市川雛菜,CherryPick!NG
市川雛菜/【HAPPY-!NG】市川雛菜/CherryPick!NG.csv,11,2023004110070,雛菜,诶，制作人也会一起吃的吧！？,市川雛菜,【HAPPY-!NG】市川雛菜,CherryPick!NG
市川雛菜/【HAPPY-!NG】市川雛菜/CherryPick!NG.csv,13,2023004110071,雛菜＆プロデューサー,………………,市川雛菜,【HAPPY-!NG】市川雛菜,CherryPick!NG
市川雛菜/【HAPPY-!NG】市川雛菜/CherryPick!NG.csv,14,2023004110080,雛菜,"诶～！？　因为雏菜
不是说过“一起去吃甜食吧～”来着吗？",市川雛菜,【HAPPY-!NG】市川雛菜,CherryPick!NG
市川雛菜/【HAPPY-!NG】市川雛菜/CherryPick!NG.csv,15,2023004110090,雛菜,“因为今天也努力了”这样！,市川雛菜,【HAPPY-!NG】市川雛菜,CherryPick!NG
市川雛菜/【HAPPY-!NG】市川雛菜/CherryPick!NG.csv,17,2023004110091,雛菜＆プロデューサー,………………,市川雛菜,【HAPPY-!NG】市川雛菜,CherryPick!NG
市川雛菜/【HAPPY-!NG】市川雛菜/CherryPick!NG.csv,18,2023004110100,雛菜,嗯～……,市川雛菜,【HAPPY-!NG】市川雛菜,CherryPick!NG
市川雛菜/【HAPPY-!NG】市川雛菜/CherryPick!NG.csv,19,2023004110110,雛菜,"嗯～……
那话怎么说来着？",市川雛菜,【HAPPY-!NG】市川雛菜,CherryPick!NG
市川雛菜/【HAPPY-!NG】市川雛菜/CherryPick!NG.csv,20,2023004110120,雛菜,"──『要更多地挑战各种各样的事情
来扩展雏菜的可能性～！』",市川雛菜,【HAPPY-!NG】市川雛菜,CherryPick!NG
市川雛菜/【HAPPY-!NG】市川雛菜/CherryPick!NG.csv,21,2023004110130,雛菜,"『我也会，陪你一起挑战的！』
……来着～？",市川雛菜,【HAPPY-!NG】市川雛菜,CherryPick!NG
市川雛菜/【HAPPY-!NG】市川雛菜/CherryPick!NG.csv,22,2023004110140,雛菜,"之前，制作人
有这么说过吧？",市川雛菜,【HAPPY-!NG】市川雛菜,CherryPick!NG
市川雛菜/【HAPPY-!NG】市川雛菜/CherryPick!NG.csv,24,2023004110150,雛菜,所以首先来挑战平常不怎么吃的甜点吧！,市川雛菜,【HAPPY-!NG】市川雛菜,CherryPick!NG
市川雛菜/【HAPPY-!NG】市川雛菜/CherryPick!NG.csv,25,2023004110160,雛菜,现在这个就是，像这样的尝试,市川雛菜,【HAPPY-!NG】市川雛菜,CherryPick!NG
市川雛菜/【HAPPY-!NG】市川雛菜/CherryPick!NG.csv,28,2023004110170,雛菜,"但各种各样的东西
不是得要一个个来吃吗？",市川雛菜,【HAPPY-!NG】市川雛菜,CherryPick!NG
市川雛菜/【HAPPY-!NG】市川雛菜/CherryPick!NG.csv,29,2023004110180,雛菜,那样才能了解每一个的味道～,市川雛菜,【HAPPY-!NG】市川雛菜,CherryPick!NG
市川雛菜/【HAPPY-!NG】市川雛菜/CherryPick!NG.csv,30,2023004110190,雛菜,"在一个个尝试后
去决定哪一个能让人感到最幸福",市川雛菜,【HAPPY-!NG】市川雛菜,CherryPick!NG
市川雛菜/【HAPPY-!NG】市川雛菜/CherryPick!NG.csv,31,2023004110200,雛菜,无论是甜品，还是说工作！,市川雛菜,【HAPPY-!NG】市川雛菜,CherryPick!NG
市川雛菜/【HAPPY-!NG】市川雛菜/CherryPick!NG.csv,33,2023004110210,雛菜,"所以，制作人
你会陪雏菜一起的对吧？",市川雛菜,【HAPPY-!NG】市川雛菜,CherryPick!NG
市川雛菜/【HAPPY-!NG】市川雛菜/CherryPick!NG.csv,34,2023004110220,雛菜,从今以后一直～下去，说好了哦？,市川雛菜,【HAPPY-!NG】市川雛菜,CherryPick!NG
市川雛菜/【HAPPY-!NG】市川雛菜/END!NG.csv,2,2023004010010,雛菜,…………,市川雛菜,【HAPPY-!NG】市川雛菜,END!NG
市川雛菜/【HAPPY-!NG】市川雛菜/END!NG.csv,3,2023004010020,雛菜,…………,市川雛菜,【HAPPY-!NG】市川雛菜,END!NG
市川雛菜/【HAPPY-!NG】市川雛菜/END!NG.csv,5,2023004010030,雛菜,嗯～……？,市川雛菜,【HAPPY-!NG】市川雛菜,END!NG
市川雛菜/【HAPPY-!NG】市川雛菜/END!NG.csv,7,2023004010040,雛菜,"嗯～
再稍微等一下下～……",市川雛菜,【HAPPY-!NG】市川雛菜,END!NG
市川雛菜/【HAPPY-!NG】市川雛菜/END!NG.csv,8,2023004010050,雛菜,"看～折好了♡
是爱心桃哦～！",市川雛菜,【HAPPY-!NG】市川雛菜,END!NG
市川雛菜/【HAPPY-!NG】市川雛菜/END!NG.csv,10,2023004010060,雛菜,"啊哈～
虽然雏菜我也只会折这个就是了～",市川雛菜,【HAPPY-!NG】市川雛菜,END!NG
市川雛菜/【HAPPY-!NG】市川雛菜/END!NG.csv,11,2023004010070,雛菜,"不过纸上的字都透出来了
看上去不怎么可爱啊～",市川雛菜,【HAPPY-!NG】市川雛菜,END!NG
市川雛菜/【HAPPY-!NG】市川雛菜/END!NG.csv,13,2023004010080,雛菜,"这个～？
是学校发的打印纸～～～",市川雛菜,【HAPPY-!NG】市川雛菜,END!NG
市川雛菜/【HAPPY-!NG】市川雛菜/END!NG.csv,14,2023004010090,雛菜,好像是志愿调查来着！,市川雛菜,【HAPPY-!NG】市川雛菜,END!NG
市川雛菜/【HAPPY-!NG】市川雛菜/END!NG.csv,16,2023004010100,雛菜,嗯～是啊,市川雛菜,【HAPPY-!NG】市川雛菜,END!NG
市川雛菜/【HAPPY-!NG】市川雛菜/END!NG.csv,17,2023004010110,雛菜,"一直想着“该写什么好呢～”
回过神来它就变成爱心桃了～♡",市川雛菜,【HAPPY-!NG】市川雛菜,END!NG
市川雛菜/【HAPPY-!NG】市川雛菜/END!NG.csv,19,2023004010120,雛菜,啊哈～是吧～？,市川雛菜,【HAPPY-!NG】市川雛菜,END!NG
市川雛菜/【HAPPY-!NG】市川雛菜/END!NG.csv,21,2023004010130,雛菜,嗯～会尽量的！,市川雛菜,【HAPPY-!NG】市川雛菜,END!NG
市川雛菜/【HAPPY-!NG】市川雛菜/END!NG.csv,22,2023004010140,雛菜,但是啊～……,市川雛菜,【HAPPY-!NG】市川雛菜,END!NG
市川雛菜/【HAPPY-!NG】市川雛菜/END!NG.csv,23,2023004010150,雛菜,"雏菜明明才高一
就得考虑毕业后的事情了吗～",市川雛菜,【HAPPY-!NG】市川雛菜,END!NG
市川雛菜/【HAPPY-!NG】市川雛菜/END!NG.csv,24,2023004010160,雛菜,……那不是很久以后的事情吗？,市川雛菜,【HAPPY-!NG】市川雛菜,END!NG
市川雛菜/【HAPPY-!NG】市川雛菜/END!NG.csv,27,2023004010170,雛菜,"诶～
那现在变想法了吗？",市川雛菜,【HAPPY-!NG】市川雛菜,END!NG
市川雛菜/【HAPPY-!NG】市川雛菜/END!NG.csv,30,2023004010180,雛菜,诶～……,市川雛菜,【HAPPY-!NG】市川雛菜,END!NG
市川雛菜/【HAPPY-!NG】市川雛菜/END!NG.csv,32,2023004010190,雛菜,"嗯～？
可以是可以……",市川雛菜,【HAPPY-!NG】市川雛菜,END!NG
市川雛菜/【HAPPY-!NG】市川雛菜/END!NG.csv,33,2023004010200,雛菜,"………………
不过也是啊",市川雛菜,【HAPPY-!NG】市川雛菜,END!NG
市川雛菜/【HAPPY-!NG】市川雛菜/END!NG.csv,34,2023004010210,雛菜,反正终究会结束的,市川雛菜,【HAPPY-!NG】市川雛菜,END!NG
市川雛菜/【HAPPY-!NG】市川雛菜/END!NG.csv,36,2023004010220,雛菜,"雏菜我如果能一直保持
这样快乐又幸福的话就好了～",市川雛菜,【HAPPY-!NG】市川雛菜,END!NG
市川雛菜/【HAPPY-!NG】市川雛菜/END!NG.csv,42,2023004010230,雛菜,"啊哈～
制作人跟老师似的",市川雛菜,【HAPPY-!NG】市川雛菜,END!NG
市川雛菜/【HAPPY-!NG】市川雛菜/END!NG.csv,44,2023004010240,雛菜,"好的～
雏菜，会去好好考虑的～",市川雛菜,【HAPPY-!NG】市川雛菜,END!NG
市川雛菜/【HAPPY-!NG】市川雛菜/END!NG.csv,45,2023004010250,雛菜,老师♡,市川雛菜,【HAPPY-!NG】市川雛菜,END!NG
市川雛菜/【HAPPY-!NG】市川雛菜/END!NG.csv,46,2023004010260,雛菜,诶～？,市川雛菜,【HAPPY-!NG】市川雛菜,END!NG
市川雛菜/【HAPPY-!NG】市川雛菜/END!NG.csv,47,2023004010270,雛菜,"说的是高中生活
三年后就结束了",市川雛菜,【HAPPY-!NG】市川雛菜,END!NG
市川雛菜/【HAPPY-!NG】市川雛菜/END!NG.csv,49,2023004010280,雛菜,"雏菜也将终有一天
不是女高中生啊～……",市川雛菜,【HAPPY-!NG】市川雛菜,END!NG
市川雛菜/【HAPPY-!NG】市川雛菜/END!NG.csv,50,2023004010290,雛菜,"啊，不过也有花三年
都没结束的情况来着～！",市川雛菜,【HAPPY-!NG】市川雛菜,END!NG
市川雛菜/【HAPPY-!NG】市川雛菜/END!NG.csv,53,2023004010300,雛菜,"嗯～……就跟常话说的“快乐的时光
总是转瞬即逝”那样～？",市川雛菜,【HAPPY-!NG】市川雛菜,END!NG
市川雛菜/【HAPPY-!NG】市川雛菜/END!NG.csv,54,2023004010310,雛菜,"雏菜，意外得一直都很快乐
一回过神来好多事情都结束了～",市川雛菜,【HAPPY-!NG】市川雛菜,END!NG
市川雛菜/【HAPPY-!NG】市川雛菜/END!NG.csv,56,2023004010320,雛菜,"嗯～！
啊哈～，今儿一天也很开心！",市川雛菜,【HAPPY-!NG】市川雛菜,END!NG
市川雛菜/【HAPPY-!NG】市川雛菜/Inter♡iew.csv,3,2023004040010,雛菜,"呀哈～♡
非常感谢～！",市川雛菜,【HAPPY-!NG】市川雛菜,Inter♡iew
市川雛菜/【HAPPY-!NG】市川雛菜/Inter♡iew.csv,5,2023004040020,雛菜,"好的～♡
麻烦您了～！",市川雛菜,【HAPPY-!NG】市川雛菜,Inter♡iew
市川雛菜/【HAPPY-!NG】市川雛菜/Inter♡iew.csv,6,2023004040030,雛菜,"──雏菜，之前就有在读这系列杂志
所以能被采访超开心的～！",市川雛菜,【HAPPY-!NG】市川雛菜,Inter♡iew
市川雛菜/【HAPPY-!NG】市川雛菜/Inter♡iew.csv,9,2023004040040,雛菜,"…………
对未来的展望，吗～……",市川雛菜,【HAPPY-!NG】市川雛菜,Inter♡iew
市川雛菜/【HAPPY-!NG】市川雛菜/Inter♡iew.csv,11,2023004040050,雛菜,"啊～
倒也不是……",市川雛菜,【HAPPY-!NG】市川雛菜,Inter♡iew
市川雛菜/【HAPPY-!NG】市川雛菜/Inter♡iew.csv,12,2023004040060,雛菜,"之前也有被学校那边，问过将来志愿之类的事情
我就想着“雏菜明明才高一啊～”这样",市川雛菜,【HAPPY-!NG】市川雛菜,Inter♡iew
市川雛菜/【HAPPY-!NG】市川雛菜/Inter♡iew.csv,15,2023004040070,雛菜,………………,市川雛菜,【HAPPY-!NG】市川雛菜,Inter♡iew
市川雛菜/【HAPPY-!NG】市川雛菜/Inter♡iew.csv,16,2023004040080,雛菜,雏菜我啊，想要快乐又幸福地做个偶像,市川雛菜,【HAPPY-!NG】市川雛菜,Inter♡iew
市川雛菜/【HAPPY-!NG】市川雛菜/Inter♡iew.csv,17,2023004040090,雛菜,"不只是单纯的做偶像而已……
在这基础上还得快乐又幸福才像是雏菜",市川雛菜,【HAPPY-!NG】市川雛菜,Inter♡iew
市川雛菜/【HAPPY-!NG】市川雛菜/Inter♡iew.csv,18,2023004040100,雛菜,"像这样的自己能做到的或许
就是成为偶像了～",市川雛菜,【HAPPY-!NG】市川雛菜,Inter♡iew
市川雛菜/【HAPPY-!NG】市川雛菜/Inter♡iew.csv,19,2023004040110,雛菜,现在，雏菜是这么想的,市川雛菜,【HAPPY-!NG】市川雛菜,Inter♡iew
市川雛菜/【HAPPY-!NG】市川雛菜/Inter♡iew.csv,21,2023004040120,雛菜,…………诶……,市川雛菜,【HAPPY-!NG】市川雛菜,Inter♡iew
市川雛菜/【HAPPY-!NG】市川雛菜/Inter♡iew.csv,24,2023004040130,雛菜,"…………
啊哈～对吧～？",市川雛菜,【HAPPY-!NG】市川雛菜,Inter♡iew
市川雛菜/【HAPPY-!NG】市川雛菜/Inter♡iew.csv,25,2023004040140,雛菜,"雏菜也这么想！
所以为了这个，有好多想尝试做的事情～",市川雛菜,【HAPPY-!NG】市川雛菜,Inter♡iew
市川雛菜/【HAPPY-!NG】市川雛菜/Inter♡iew.csv,26,2023004040150,雛菜,"只要是能变得快乐又幸福起来的事情
……无论什么都行",市川雛菜,【HAPPY-!NG】市川雛菜,Inter♡iew
市川雛菜/【HAPPY-!NG】市川雛菜/Inter♡iew.csv,28,2023004040160,雛菜,"啊哈～真的超开心的
一转眼就结束了啊～……",市川雛菜,【HAPPY-!NG】市川雛菜,Inter♡iew
市川雛菜/【HAPPY-!NG】市川雛菜/Inter♡iew.csv,29,2023004040170,雛菜,"──啊，对了！
到最后想到了绝对想要做的事情了！",市川雛菜,【HAPPY-!NG】市川雛菜,Inter♡iew
市川雛菜/【HAPPY-!NG】市川雛菜/Inter♡iew.csv,31,2023004040180,雛菜,"一定一定，要再登上这个杂志！
下次要再叫上雏菜哦～",市川雛菜,【HAPPY-!NG】市川雛菜,Inter♡iew
市川雛菜/【HAPPY-!NG】市川雛菜/Inter♡iew.csv,33,2023004040190,雛菜,啊哈～真的吗～？,市川雛菜,【HAPPY-!NG】市川雛菜,Inter♡iew
市川雛菜/【HAPPY-!NG】市川雛菜/Inter♡iew.csv,34,2023004040200,雛菜,"但是雏菜，
也只是把自己所想的给说出来而已哦～？",市川雛菜,【HAPPY-!NG】市川雛菜,Inter♡iew
市川雛菜/【HAPPY-!NG】市川雛菜/Inter♡iew.csv,36,2023004040210,雛菜,…………,市川雛菜,【HAPPY-!NG】市川雛菜,Inter♡iew
市川雛菜/【HAPPY-!NG】市川雛菜/Inter♡iew.csv,37,2023004040220,雛菜,"制作人，之前
你不是帮雏菜找到了志愿调查的那张纸吗？",市川雛菜,【HAPPY-!NG】市川雛菜,Inter♡iew
市川雛菜/【HAPPY-!NG】市川雛菜/Inter♡iew.csv,39,2023004040230,雛菜,"在那时候就在想
只要按雏菜所想的写就行了～",市川雛菜,【HAPPY-!NG】市川雛菜,Inter♡iew
市川雛菜/【HAPPY-!NG】市川雛菜/Inter♡iew.csv,40,2023004040240,雛菜,"但，这也是当然的啊
毕竟是雏菜我自己的事情啊",市川雛菜,【HAPPY-!NG】市川雛菜,Inter♡iew
市川雛菜/【HAPPY-!NG】市川雛菜/Inter♡iew.csv,42,2023004040250,雛菜,"即使被骂说不行不可以
但想做的事情就是想做啊～",市川雛菜,【HAPPY-!NG】市川雛菜,Inter♡iew
市川雛菜/【HAPPY-!NG】市川雛菜/Inter♡iew.csv,43,2023004040260,雛菜,"想要变得开心又幸福起来对吧？
不单单是雏菜，其他人一定也是这样",市川雛菜,【HAPPY-!NG】市川雛菜,Inter♡iew
市川雛菜/【HAPPY-!NG】市川雛菜/Inter♡iew.csv,44,2023004040270,雛菜,"──所以
雏菜，果然很适合当偶像啊！",市川雛菜,【HAPPY-!NG】市川雛菜,Inter♡iew
市川雛菜/【HAPPY-!NG】市川雛菜/Inter♡iew.csv,49,2023004040280,雛菜,"嗯～……、
如果是不怎么辛苦的话",市川雛菜,【HAPPY-!NG】市川雛菜,Inter♡iew
市川雛菜/【HAPPY-!NG】市川雛菜/Inter♡iew.csv,50,2023004040290,雛菜,"然后，又能变得快乐幸福起来
的挑战就好了～～～",市川雛菜,【HAPPY-!NG】市川雛菜,Inter♡iew
市川雛菜/【HAPPY-!NG】市川雛菜/Inter♡iew.csv,53,2023004040300,雛菜,"诶～～～？
制作人，你笑什么啊～～～！？",市川雛菜,【HAPPY-!NG】市川雛菜,Inter♡iew
市川雛菜/【HAPPY-!NG】市川雛菜/Inter♡iew.csv,57,2023004040310,雛菜,"诶～……
期待～？",市川雛菜,【HAPPY-!NG】市川雛菜,Inter♡iew
市川雛菜/【HAPPY-!NG】市川雛菜/Inter♡iew.csv,59,2023004040320,雛菜,"这样啊～～～
那你就在旁边好好看着吧",市川雛菜,【HAPPY-!NG】市川雛菜,Inter♡iew
市川雛菜/【HAPPY-!NG】市川雛菜/Inter♡iew.csv,61,2023004040330,雛菜,"诶～……
雏菜，被笑了～？",市川雛菜,【HAPPY-!NG】市川雛菜,Inter♡iew
市川雛菜/【HAPPY-!NG】市川雛菜/Inter♡iew.csv,63,2023004040340,雛菜,"骗人～！
真是的，你这不还在笑吗～！",市川雛菜,【HAPPY-!NG】市川雛菜,Inter♡iew
市川雛菜/【HAPPY-!NG】市川雛菜/Inter♡iew.csv,64,2023004040350,雛菜,"啊哈～是吗～？
嗯～那就好～",市川雛菜,【HAPPY-!NG】市川雛菜,Inter♡iew
市川雛菜/【HAPPY-!NG】市川雛菜/Inter♡iew.csv,66,2023004040360,雛菜,"嗯～！
开心的时候就是要笑啊～",市川雛菜,【HAPPY-!NG】市川雛菜,Inter♡iew
市川雛菜/【HAPPY-!NG】市川雛菜/P-each.csv,2,2023004020010,雛菜,……电车，还不来啊～,市川雛菜,【HAPPY-!NG】市川雛菜,P-each
市川雛菜/【HAPPY-!NG】市川雛菜/P-each.csv,4,2023004020020,雛菜,这样啊～……,市川雛菜,【HAPPY-!NG】市川雛菜,P-each
市川雛菜/【HAPPY-!NG】市川雛菜/P-each.csv,5,2023004020030,雛菜,…………,市川雛菜,【HAPPY-!NG】市川雛菜,P-each
市川雛菜/【HAPPY-!NG】市川雛菜/P-each.csv,6,2023004020040,雛菜,"平时的午后
原来是像这样啊～",市川雛菜,【HAPPY-!NG】市川雛菜,P-each
市川雛菜/【HAPPY-!NG】市川雛菜/P-each.csv,7,2023004020050,雛菜,感觉挺棒啊～……,市川雛菜,【HAPPY-!NG】市川雛菜,P-each
市川雛菜/【HAPPY-!NG】市川雛菜/P-each.csv,10,2023004020060,雛菜,"嗯～？
没关系啊～",市川雛菜,【HAPPY-!NG】市川雛菜,P-each
市川雛菜/【HAPPY-!NG】市川雛菜/P-each.csv,11,2023004020070,雛菜,"今天的体育课可是要跑长跑的
啊哈～感觉就雏菜赚到了♡",市川雛菜,【HAPPY-!NG】市川雛菜,P-each
市川雛菜/【HAPPY-!NG】市川雛菜/P-each.csv,14,2023004020080,雛菜,"诶～……？
嗯～……",市川雛菜,【HAPPY-!NG】市川雛菜,P-each
市川雛菜/【HAPPY-!NG】市川雛菜/P-each.csv,15,2023004020090,雛菜,"啊！　制作人
雏菜我想喝果汁～",市川雛菜,【HAPPY-!NG】市川雛菜,P-each
市川雛菜/【HAPPY-!NG】市川雛菜/P-each.csv,17,2023004020100,雛菜,"诶～因为雏菜
可是请假过来工作的哦",市川雛菜,【HAPPY-!NG】市川雛菜,P-each
市川雛菜/【HAPPY-!NG】市川雛菜/P-each.csv,18,2023004020110,雛菜,如果能有什么幸福的事情就好了～！,市川雛菜,【HAPPY-!NG】市川雛菜,P-each
市川雛菜/【HAPPY-!NG】市川雛菜/P-each.csv,20,2023004020120,雛菜,"呀哈～♡　那就这么定了！
雏菜要选哪种好呢～……！",市川雛菜,【HAPPY-!NG】市川雛菜,P-each
市川雛菜/【HAPPY-!NG】市川雛菜/P-each.csv,21,2023004020130,雛菜,"白桃、草莓……啊
樱桃的也有～！",市川雛菜,【HAPPY-!NG】市川雛菜,P-each
市川雛菜/【HAPPY-!NG】市川雛菜/P-each.csv,22,2023004020140,雛菜,"制作人觉得
哪个比较好～？",市川雛菜,【HAPPY-!NG】市川雛菜,P-each
市川雛菜/【HAPPY-!NG】市川雛菜/P-each.csv,24,2023004020150,雛菜,"那雏菜选白桃～
制作人就喝樱桃的好了",市川雛菜,【HAPPY-!NG】市川雛菜,P-each
市川雛菜/【HAPPY-!NG】市川雛菜/P-each.csv,26,2023004020160,雛菜,"抱歉打扰了～♡
白桃汁和樱桃汁各一份，麻烦您了～",市川雛菜,【HAPPY-!NG】市川雛菜,P-each
市川雛菜/【HAPPY-!NG】市川雛菜/P-each.csv,27,2023004020170,雛菜,啊哈～～～,市川雛菜,【HAPPY-!NG】市川雛菜,P-each
市川雛菜/【HAPPY-!NG】市川雛菜/P-each.csv,28,2023004020180,雛菜,"在大家都在长跑的时候喝的果汁
别有一番风味啊～～～♡",市川雛菜,【HAPPY-!NG】市川雛菜,P-each
市川雛菜/【HAPPY-!NG】市川雛菜/P-each.csv,30,2023004020190,雛菜,"嗯～……但雏菜
可能还是觉得樱桃的会更好喝一点",市川雛菜,【HAPPY-!NG】市川雛菜,P-each
市川雛菜/【HAPPY-!NG】市川雛菜/P-each.csv,32,2023004020200,雛菜,虽然白桃的也很好喝～～～……,市川雛菜,【HAPPY-!NG】市川雛菜,P-each
市川雛菜/【HAPPY-!NG】市川雛菜/P-each.csv,33,2023004020210,雛菜,"但总感觉制作人手上的
看起来更好喝一些～",市川雛菜,【HAPPY-!NG】市川雛菜,P-each
市川雛菜/【HAPPY-!NG】市川雛菜/P-each.csv,35,2023004020220,雛菜,"嗯～所以啊
制作人",市川雛菜,【HAPPY-!NG】市川雛菜,P-each
市川雛菜/【HAPPY-!NG】市川雛菜/P-each.csv,36,2023004020230,雛菜,让雏菜，喝一口吧～～～,市川雛菜,【HAPPY-!NG】市川雛菜,P-each
市川雛菜/【HAPPY-!NG】市川雛菜/P-each.csv,37,2023004020240,雛菜,"──啊～
这就喝完了吗～……",市川雛菜,【HAPPY-!NG】市川雛菜,P-each
市川雛菜/【HAPPY-!NG】市川雛菜/P-each.csv,38,2023004020250,雛菜,………………,市川雛菜,【HAPPY-!NG】市川雛菜,P-each
市川雛菜/【HAPPY-!NG】市川雛菜/P-each.csv,39,2023004020260,雛菜,"制作人呐
雏菜我们要是变得很出名的话～",市川雛菜,【HAPPY-!NG】市川雛菜,P-each
市川雛菜/【HAPPY-!NG】市川雛菜/P-each.csv,40,2023004020270,雛菜,"是不是就没法像这样喝着果汁～
或者坐电车之类的啊～？",市川雛菜,【HAPPY-!NG】市川雛菜,P-each
市川雛菜/【HAPPY-!NG】市川雛菜/P-each.csv,42,2023004020280,雛菜,去学校感觉也会被搭话呢～,市川雛菜,【HAPPY-!NG】市川雛菜,P-each
市川雛菜/【HAPPY-!NG】市川雛菜/P-each.csv,43,2023004020290,雛菜,"雏菜，都不怎么认识学校的人
会变成问“谁啊～？”的情况……",市川雛菜,【HAPPY-!NG】市川雛菜,P-each
市川雛菜/【HAPPY-!NG】市川雛菜/P-each.csv,47,2023004020300,雛菜,"……话虽这么说，雏菜我们
说不定完全没法变得有人气啊",市川雛菜,【HAPPY-!NG】市川雛菜,P-each
市川雛菜/【HAPPY-!NG】市川雛菜/P-each.csv,49,2023004020310,雛菜,"啊哈～
算了～",市川雛菜,【HAPPY-!NG】市川雛菜,P-each
市川雛菜/【HAPPY-!NG】市川雛菜/P-each.csv,50,2023004020320,雛菜,"只是周围在擅自改变而已
又不是说雏菜要变得不像雏菜了",市川雛菜,【HAPPY-!NG】市川雛菜,P-each
市川雛菜/【HAPPY-!NG】市川雛菜/P-each.csv,51,2023004020330,雛菜,"但是制作人
如果也不怎么变就好了～……",市川雛菜,【HAPPY-!NG】市川雛菜,P-each
市川雛菜/【HAPPY-!NG】市川雛菜/P-each.csv,53,2023004020340,雛菜,"下次来这的话
再喝喝看其他的口味吧～？",市川雛菜,【HAPPY-!NG】市川雛菜,P-each
市川雛菜/【HAPPY-!NG】市川雛菜/P-each.csv,54,2023004020350,雛菜,"嗯～……
电车，还不来啊～……",市川雛菜,【HAPPY-!NG】市川雛菜,P-each
市川雛菜/【HAPPY-!NG】市川雛菜/XOXO.csv,2,2023004030010,雛菜,…………嗯～……？,市川雛菜,【HAPPY-!NG】市川雛菜,XOXO
市川雛菜/【HAPPY-!NG】市川雛菜/XOXO.csv,4,2023004030020,雛菜,“制作人现在在干什么？”,市川雛菜,【HAPPY-!NG】市川雛菜,XOXO
市川雛菜/【HAPPY-!NG】市川雛菜/XOXO.csv,10,2023004030030,雛菜,"“雏菜之前带的那个打印纸
有在事务所吗？”",市川雛菜,【HAPPY-!NG】市川雛菜,XOXO
市川雛菜/【HAPPY-!NG】市川雛菜/XOXO.csv,18,2023004030040,雛菜,“真的吗？　太好了”,市川雛菜,【HAPPY-!NG】市川雛菜,XOXO
市川雛菜/【HAPPY-!NG】市川雛菜/XOXO.csv,19,2023004030050,雛菜,"“那雏菜今天晚点时候就去拿哦♡
刚被催说‘赶快交啊’了♡”",市川雛菜,【HAPPY-!NG】市川雛菜,XOXO
市川雛菜/【HAPPY-!NG】市川雛菜/XOXO.csv,26,2023004030060,雛菜,"嗯～～～……
还在考虑中～？",市川雛菜,【HAPPY-!NG】市川雛菜,XOXO
市川雛菜/【HAPPY-!NG】市川雛菜/XOXO.csv,28,2023004030070,雛菜,"但是总感觉，不管写什么
都会被骂呢～",市川雛菜,【HAPPY-!NG】市川雛菜,XOXO
市川雛菜/【HAPPY-!NG】市川雛菜/XOXO.csv,29,2023004030080,雛菜,"如果就按雏菜想的那样写的话
一定会那样的",市川雛菜,【HAPPY-!NG】市川雛菜,XOXO
市川雛菜/【HAPPY-!NG】市川雛菜/XOXO.csv,31,2023004030090,雛菜,"嗯～？
但肯定会被说“拿回去重写！”哦？",市川雛菜,【HAPPY-!NG】市川雛菜,XOXO
市川雛菜/【HAPPY-!NG】市川雛菜/XOXO.csv,33,2023004030100,雛菜,……是吗～？,市川雛菜,【HAPPY-!NG】市川雛菜,XOXO
市川雛菜/【HAPPY-!NG】市川雛菜/XOXO.csv,34,2023004030110,雛菜,…………这样啊～,市川雛菜,【HAPPY-!NG】市川雛菜,XOXO
市川雛菜/【HAPPY-!NG】市川雛菜/XOXO.csv,35,2023004030120,雛菜,啊～……,市川雛菜,【HAPPY-!NG】市川雛菜,XOXO
市川雛菜/【HAPPY-!NG】市川雛菜/XOXO.csv,36,2023004030130,雛菜,可能是呢～……,市川雛菜,【HAPPY-!NG】市川雛菜,XOXO
市川雛菜/【HAPPY-!NG】市川雛菜/XOXO.csv,38,2023004030140,雛菜,诶～！　可以吗～……？,市川雛菜,【HAPPY-!NG】市川雛菜,XOXO
市川雛菜/【HAPPY-!NG】市川雛菜/XOXO.csv,40,2023004030150,雛菜,哼嗯～……,市川雛菜,【HAPPY-!NG】市川雛菜,XOXO
市川雛菜/【HAPPY-!NG】市川雛菜/XOXO.csv,41,2023004030160,雛菜,"那，雏菜就按想的那样写上去
也可以吗～",市川雛菜,【HAPPY-!NG】市川雛菜,XOXO
市川雛菜/【HAPPY-!NG】市川雛菜/XOXO.csv,43,2023004030170,雛菜,……什么嘛，这样啊～,市川雛菜,【HAPPY-!NG】市川雛菜,XOXO
市川雛菜/【HAPPY-!NG】市川雛菜/XOXO.csv,44,2023004030180,雛菜,"才没弄丢哦～？
这不是有好好地放在事务所嘛！",市川雛菜,【HAPPY-!NG】市川雛菜,XOXO
市川雛菜/【HAPPY-!NG】市川雛菜/XOXO.csv,46,2023004030190,雛菜,"但，制作人
你这不是帮雏菜找到了嘛？",市川雛菜,【HAPPY-!NG】市川雛菜,XOXO
市川雛菜/【HAPPY-!NG】市川雛菜/XOXO.csv,48,2023004030200,雛菜,"但，要是没找到的话
每次，都会一起帮忙找的对吧？",市川雛菜,【HAPPY-!NG】市川雛菜,XOXO
市川雛菜/【HAPPY-!NG】市川雛菜/XOXO.csv,50,2023004030210,雛菜,"啊哈～！
果然是这样啊～",市川雛菜,【HAPPY-!NG】市川雛菜,XOXO
市川雛菜/【HAPPY-!NG】市川雛菜/XOXO.csv,51,2023004030220,雛菜,就跟雏菜想的一样～！,市川雛菜,【HAPPY-!NG】市川雛菜,XOXO
市川雛菜/【Keep→it up♡】市川雛菜/4 what.csv,7,2023011010010,雛菜,制作人！,市川雛菜,【Keep→it up♡】市川雛菜,4 what
市川雛菜/【Keep→it up♡】市川雛菜/4 what.csv,10,2023011010020,雛菜,"呀哈～～～♡
非常感谢～！",市川雛菜,【Keep→it up♡】市川雛菜,4 what
市川雛菜/【Keep→it up♡】市川雛菜/4 what.csv,11,2023011010030,雛菜,"不管往哪看都布满了UR熊，
雏菜现在非常幸福～～～！",市川雛菜,【Keep→it up♡】市川雛菜,4 what
市川雛菜/【Keep→it up♡】市川雛菜/4 what.csv,13,2023011010040,雛菜,"好～！
那就待会再见啦，制作人！",市川雛菜,【Keep→it up♡】市川雛菜,4 what
市川雛菜/【Keep→it up♡】市川雛菜/4 what.csv,15,2023011010050,雛菜,啊哈～♡,市川雛菜,【Keep→it up♡】市川雛菜,4 what
市川雛菜/【Keep→it up♡】市川雛菜/4 what.csv,22,2023011010060,雛菜,啊、下一张能在那边拍吗～？,市川雛菜,【Keep→it up♡】市川雛菜,4 what
市川雛菜/【Keep→it up♡】市川雛菜/4 what.csv,24,2023011010070,雛菜,啊哈～♡　了解～～～！,市川雛菜,【Keep→it up♡】市川雛菜,4 what
市川雛菜/【Keep→it up♡】市川雛菜/4 what.csv,33,2023011010080,雛菜,"啊、制作人！
说是接着要去美食广场～！",市川雛菜,【Keep→it up♡】市川雛菜,4 what
市川雛菜/【Keep→it up♡】市川雛菜/4 what.csv,35,2023011010090,雛菜,……难道说，雏菜打扰到你们谈话了～？,市川雛菜,【Keep→it up♡】市川雛菜,4 what
市川雛菜/【Keep→it up♡】市川雛菜/4 what.csv,37,2023011010100,雛菜,好～，那是当然的～！,市川雛菜,【Keep→it up♡】市川雛菜,4 what
市川雛菜/【Keep→it up♡】市川雛菜/4 what.csv,41,2023011010110,雛菜,嗯～！　雏菜，非常期待～～～！,市川雛菜,【Keep→it up♡】市川雛菜,4 what
市川雛菜/【Keep→it up♡】市川雛菜/Gofor it.csv,2,2023011030010,雛菜,啊～,市川雛菜,【Keep→it up♡】市川雛菜,Gofor it
市川雛菜/【Keep→it up♡】市川雛菜/Gofor it.csv,4,2023011030020,雛菜,这个～？,市川雛菜,【Keep→it up♡】市川雛菜,Gofor it
市川雛菜/【Keep→it up♡】市川雛菜/Gofor it.csv,8,2023011030030,雛菜,啊哈～……,市川雛菜,【Keep→it up♡】市川雛菜,Gofor it
市川雛菜/【Keep→it up♡】市川雛菜/Gofor it.csv,10,2023011030040,雛菜,,市川雛菜,【Keep→it up♡】市川雛菜,Gofor it
市川雛菜/【Keep→it up♡】市川雛菜/Gofor it.csv,14,2023011030050,雛菜,诶～……,市川雛菜,【Keep→it up♡】市川雛菜,Gofor it
市川雛菜/【Keep→it up♡】市川雛菜/Gofor it.csv,18,2023011030060,雛菜,,市川雛菜,【Keep→it up♡】市川雛菜,Gofor it
市川雛菜/【Keep→it up♡】市川雛菜/Gofor it.csv,20,2023011030070,雛菜,,市川雛菜,【Keep→it up♡】市川雛菜,Gofor it
市川雛菜/【Keep→it up♡】市川雛菜/Gofor it.csv,24,2023011030080,雛菜,嗯嗯～，一点事都没有啊～！,市川雛菜,【Keep→it up♡】市川雛菜,Gofor it
市川雛菜/【Keep→it up♡】市川雛菜/Gofor it.csv,25,2023011030090,雛菜,"那个啊，制作人！
今天的拍摄也超级开心哦～",市川雛菜,【Keep→it up♡】市川雛菜,Gofor it
市川雛菜/【Keep→it up♡】市川雛菜/Gofor it.csv,27,2023011030100,雛菜,"……？
怎么了吗，制作人",市川雛菜,【Keep→it up♡】市川雛菜,Gofor it
市川雛菜/【Keep→it up♡】市川雛菜/Gofor it.csv,32,2023011030110,雛菜,"诶～、为什么～？
雏菜，和平时没什么变化啊～",市川雛菜,【Keep→it up♡】市川雛菜,Gofor it
市川雛菜/【Keep→it up♡】市川雛菜/Gofor it.csv,35,2023011030120,雛菜,会不会是因为被人说了“要加油”呢～……,市川雛菜,【Keep→it up♡】市川雛菜,Gofor it
市川雛菜/【Keep→it up♡】市川雛菜/Gofor it.csv,37,2023011030130,雛菜,,市川雛菜,【Keep→it up♡】市川雛菜,Gofor it
市川雛菜/【Keep→it up♡】市川雛菜/Gofor it.csv,38,2023011030140,雛菜,诶～、雏菜一直都很开心啊～？,市川雛菜,【Keep→it up♡】市川雛菜,Gofor it
市川雛菜/【Keep→it up♡】市川雛菜/Gofor it.csv,41,2023011030150,雛菜,诶～、是吗～？,市川雛菜,【Keep→it up♡】市川雛菜,Gofor it
市川雛菜/【Keep→it up♡】市川雛菜/Gofor it.csv,42,2023011030160,雛菜,呀哈～♡　好像有点高兴～！,市川雛菜,【Keep→it up♡】市川雛菜,Gofor it
市川雛菜/【Keep→it up♡】市川雛菜/Gofor it.csv,44,2023011030170,雛菜,"啊哈～♡　雏菜开心的话
制作人也会产生幸福～的心情呢～！",市川雛菜,【Keep→it up♡】市川雛菜,Gofor it
市川雛菜/【Keep→it up♡】市川雛菜/Gofor it.csv,45,2023011030180,雛菜,太好了呢～，制作人,市川雛菜,【Keep→it up♡】市川雛菜,Gofor it
市川雛菜/【Keep→it up♡】市川雛菜/Gofor it.csv,46,2023011030190,雛菜,"嗯～！
雏菜被夸奖了，说是今天的表情也很棒～！",市川雛菜,【Keep→it up♡】市川雛菜,Gofor it
市川雛菜/【Keep→it up♡】市川雛菜/Gofor it.csv,48,2023011030200,雛菜,"而且，慰问点心是水果三明治
超级好吃的～！",市川雛菜,【Keep→it up♡】市川雛菜,Gofor it
市川雛菜/【Keep→it up♡】市川雛菜/Gofor it.csv,49,2023011030210,雛菜,"还问了是哪家店买的，
回去也告诉妈妈好了～",市川雛菜,【Keep→it up♡】市川雛菜,Gofor it
市川雛菜/【Keep→it up♡】市川雛菜/choice!.csv,3,2023011040010,雛菜,,市川雛菜,【Keep→it up♡】市川雛菜,choice!
市川雛菜/【Keep→it up♡】市川雛菜/choice!.csv,9,2023011040020,雛菜,,市川雛菜,【Keep→it up♡】市川雛菜,choice!
市川雛菜/【Keep→it up♡】市川雛菜/choice!.csv,11,2023011040030,雛菜,……是的呢～,市川雛菜,【Keep→it up♡】市川雛菜,choice!
市川雛菜/【Keep→it up♡】市川雛菜/choice!.csv,16,2023011040040,雛菜,"……
雏菜倒是觉得，无论那边都好～",市川雛菜,【Keep→it up♡】市川雛菜,choice!
市川雛菜/【Keep→it up♡】市川雛菜/choice!.csv,17,2023011040050,雛菜,从努力啊、加油这些事里找出价值？　来,市川雛菜,【Keep→it up♡】市川雛菜,choice!
市川雛菜/【Keep→it up♡】市川雛菜/choice!.csv,18,2023011040060,雛菜,"雏菜觉得只要能开心～啊、
幸福～那样就好了～",市川雛菜,【Keep→it up♡】市川雛菜,choice!
市川雛菜/【Keep→it up♡】市川雛菜/choice!.csv,20,2023011040070,雛菜,,市川雛菜,【Keep→it up♡】市川雛菜,choice!
市川雛菜/【Keep→it up♡】市川雛菜/choice!.csv,22,2023011040080,雛菜,"啊哈～
完全没关系啊～",市川雛菜,【Keep→it up♡】市川雛菜,choice!
市川雛菜/【Keep→it up♡】市川雛菜/choice!.csv,29,2023011040090,雛菜,————好像、有什么香味～～～,市川雛菜,【Keep→it up♡】市川雛菜,choice!
市川雛菜/【Keep→it up♡】市川雛菜/choice!.csv,31,2023011040100,雛菜,啊、是那个～！,市川雛菜,【Keep→it up♡】市川雛菜,choice!
市川雛菜/【Keep→it up♡】市川雛菜/choice!.csv,33,2023011040110,雛菜,"是卖菠萝包的流动餐车～
看着好好吃～～～！",市川雛菜,【Keep→it up♡】市川雛菜,choice!
市川雛菜/【Keep→it up♡】市川雛菜/choice!.csv,35,2023011040120,雛菜,"————啊、那……
今天就由雏菜来奖励制作人～！",市川雛菜,【Keep→it up♡】市川雛菜,choice!
市川雛菜/【Keep→it up♡】市川雛菜/choice!.csv,37,2023011040130,雛菜,"……打扰了～
麻烦拿一个原味菠萝包～",市川雛菜,【Keep→it up♡】市川雛菜,choice!
市川雛菜/【Keep→it up♡】市川雛菜/choice!.csv,38,2023011040140,雛菜,谢谢～,市川雛菜,【Keep→it up♡】市川雛菜,choice!
市川雛菜/【Keep→it up♡】市川雛菜/choice!.csv,39,2023011040150,雛菜,来、给正在努力的制作人的奖励～～～♡,市川雛菜,【Keep→it up♡】市川雛菜,choice!
市川雛菜/【Keep→it up♡】市川雛菜/choice!.csv,42,2023011040160,雛菜,"呀哈～♡
那样的话雏菜……",市川雛菜,【Keep→it up♡】市川雛菜,choice!
市川雛菜/【Keep→it up♡】市川雛菜/choice!.csv,43,2023011040170,雛菜,想要这个特制蛋奶冻～！,市川雛菜,【Keep→it up♡】市川雛菜,choice!
市川雛菜/【Keep→it up♡】市川雛菜/choice!.csv,44,2023011040180,雛菜,嗳、制作人,市川雛菜,【Keep→it up♡】市川雛菜,choice!
市川雛菜/【Keep→it up♡】市川雛菜/choice!.csv,46,2023011040190,雛菜,"“努力”的形式和意义，
在每个人眼里都完全不一样呢～",市川雛菜,【Keep→it up♡】市川雛菜,choice!
市川雛菜/【Keep→it up♡】市川雛菜/choice!.csv,51,2023011040200,雛菜,"嗯～……
好像稍微，能懂那么一点",市川雛菜,【Keep→it up♡】市川雛菜,choice!
市川雛菜/【Keep→it up♡】市川雛菜/choice!.csv,53,2023011040210,雛菜,"啊哈～
听着好难懂～～～",市川雛菜,【Keep→it up♡】市川雛菜,choice!
市川雛菜/【Keep→it up♡】市川雛菜/choice!.csv,55,2023011040220,雛菜,"制作人也觉得难啊～……
哪一天，雏菜会觉得这是有趣的吗～",市川雛菜,【Keep→it up♡】市川雛菜,choice!
市川雛菜/【Keep→it up♡】市川雛菜/choice!.csv,57,2023011040230,雛菜,,市川雛菜,【Keep→it up♡】市川雛菜,choice!
市川雛菜/【Keep→it up♡】市川雛菜/choice!.csv,60,2023011040240,雛菜,……是的呢～,市川雛菜,【Keep→it up♡】市川雛菜,choice!
市川雛菜/【Keep→it up♡】市川雛菜/choice!.csv,63,2023011040250,雛菜,"……这样啊～。就算雏菜的“努力”改变了，
制作人也会继续支持雏菜啊～",市川雛菜,【Keep→it up♡】市川雛菜,choice!
市川雛菜/【Keep→it up♡】市川雛菜/choice!.csv,64,2023011040260,雛菜,"啊哈～
好像感觉很高兴～～～",市川雛菜,【Keep→it up♡】市川雛菜,choice!
市川雛菜/【Keep→it up♡】市川雛菜/choice!.csv,67,2023011040270,雛菜,……果然很难懂呢～,市川雛菜,【Keep→it up♡】市川雛菜,choice!
市川雛菜/【Keep→it up♡】市川雛菜/choice!.csv,68,2023011040280,雛菜,"不过雏菜啊，做出很多努力后
可能还是想好好说出“努力过了～！”吧～",市川雛菜,【Keep→it up♡】市川雛菜,choice!
市川雛菜/【Keep→it up♡】市川雛菜/choice!.csv,70,2023011040290,雛菜,"啊哈～♡　这样啊～
那雏菜，今后也要继续说“努力过了～！”",市川雛菜,【Keep→it up♡】市川雛菜,choice!
市川雛菜/【Keep→it up♡】市川雛菜/d♡ my best.csv,2,2023011110010,雛菜,————这个颜色好可爱～～～♡,市川雛菜,【Keep→it up♡】市川雛菜,d♡ my best
市川雛菜/【Keep→it up♡】市川雛菜/d♡ my best.csv,4,2023011110020,雛菜,"嗯～！
因为没法选，所以全部买下来了～",市川雛菜,【Keep→it up♡】市川雛菜,d♡ my best
市川雛菜/【Keep→it up♡】市川雛菜/d♡ my best.csv,6,2023011110030,雛菜,是吧～！　雏菜也这么想～,市川雛菜,【Keep→it up♡】市川雛菜,d♡ my best
市川雛菜/【Keep→it up♡】市川雛菜/d♡ my best.csv,9,2023011110040,雛菜,"啊哈～
制作人也这么觉得～？",市川雛菜,【Keep→it up♡】市川雛菜,d♡ my best
市川雛菜/【Keep→it up♡】市川雛菜/d♡ my best.csv,10,2023011110050,雛菜,"不仅超级可爱，
感觉光是看着这些心情就能变得幸福～",市川雛菜,【Keep→it up♡】市川雛菜,d♡ my best
市川雛菜/【Keep→it up♡】市川雛菜/d♡ my best.csv,12,2023011110060,雛菜,"设计主题说是……
『Happy♡LUCKY♡charmmy』……来着～！",市川雛菜,【Keep→it up♡】市川雛菜,d♡ my best
市川雛菜/【Keep→it up♡】市川雛菜/d♡ my best.csv,14,2023011110070,雛菜,好期待涂它的时候啊～,市川雛菜,【Keep→it up♡】市川雛菜,d♡ my best
市川雛菜/【Keep→it up♡】市川雛菜/d♡ my best.csv,15,2023011110080,雛菜,"……啊、感觉和美甲一起
来弄一套UR熊穿搭也不错～",市川雛菜,【Keep→it up♡】市川雛菜,d♡ my best
市川雛菜/【Keep→it up♡】市川雛菜/d♡ my best.csv,19,2023011110090,雛菜,,市川雛菜,【Keep→it up♡】市川雛菜,d♡ my best
市川雛菜/【Keep→it up♡】市川雛菜/d♡ my best.csv,20,2023011110100,雛菜,————虽然雏菜只了解雏菜自己的想法,市川雛菜,【Keep→it up♡】市川雛菜,d♡ my best
市川雛菜/【Keep→it up♡】市川雛菜/d♡ my best.csv,21,2023011110110,雛菜,"雏菜之所以能感到快乐又幸福～
是因为有很多人做出了相应的努力吗～……",市川雛菜,【Keep→it up♡】市川雛菜,d♡ my best
市川雛菜/【Keep→it up♡】市川雛菜/d♡ my best.csv,26,2023011110120,雛菜,"……
是这样吧～……",市川雛菜,【Keep→it up♡】市川雛菜,d♡ my best
市川雛菜/【Keep→it up♡】市川雛菜/d♡ my best.csv,27,2023011110130,雛菜,啊哈～♡　雏菜果然很厉害～～～,市川雛菜,【Keep→it up♡】市川雛菜,d♡ my best
市川雛菜/【Keep→it up♡】市川雛菜/d♡ my best.csv,28,2023011110140,雛菜,"啊、对了
制作人也来配套UR熊穿搭吧～？",市川雛菜,【Keep→it up♡】市川雛菜,d♡ my best
市川雛菜/【Keep→it up♡】市川雛菜/d♡ my best.csv,30,2023011110150,雛菜,"诶～
因为，穿搭也成套的话肯定会很开心嘛～",市川雛菜,【Keep→it up♡】市川雛菜,d♡ my best
市川雛菜/【Keep→it up♡】市川雛菜/d♡ my best.csv,31,2023011110160,雛菜,"不是说雏菜开心的话，
制作人也会感到开心吗～？",市川雛菜,【Keep→it up♡】市川雛菜,d♡ my best
市川雛菜/【Keep→it up♡】市川雛菜/d♡ my best.csv,33,2023011110170,雛菜,"那，就只涂个美甲试试～？
雏菜涂得很漂亮的～",市川雛菜,【Keep→it up♡】市川雛菜,d♡ my best
市川雛菜/【Keep→it up♡】市川雛菜/d♡ my best.csv,35,2023011110180,雛菜,嗯～？,市川雛菜,【Keep→it up♡】市川雛菜,d♡ my best
市川雛菜/【Keep→it up♡】市川雛菜/d♡ my best.csv,37,2023011110190,雛菜,,市川雛菜,【Keep→it up♡】市川雛菜,d♡ my best
市川雛菜/【Keep→it up♡】市川雛菜/try try try.csv,7,2023011020010,雛菜,,市川雛菜,【Keep→it up♡】市川雛菜,try try try
市川雛菜/【Keep→it up♡】市川雛菜/try try try.csv,10,2023011020020,雛菜,啊哈～，非常感谢～,市川雛菜,【Keep→it up♡】市川雛菜,try try try
市川雛菜/【Keep→it up♡】市川雛菜/try try try.csv,12,2023011020030,雛菜,嗯～，好啊～,市川雛菜,【Keep→it up♡】市川雛菜,try try try
市川雛菜/【Keep→it up♡】市川雛菜/try try try.csv,17,2023011020040,雛菜,"…………
太好了呢～，门票似乎卖得很好",市川雛菜,【Keep→it up♡】市川雛菜,try try try
市川雛菜/【Keep→it up♡】市川雛菜/try try try.csv,20,2023011020050,雛菜,"啊哈～
嗯～，雏菜也这么觉得～！",市川雛菜,【Keep→it up♡】市川雛菜,try try try
市川雛菜/【Keep→it up♡】市川雛菜/try try try.csv,24,2023011020060,雛菜,,市川雛菜,【Keep→it up♡】市川雛菜,try try try
市川雛菜/【Keep→it up♡】市川雛菜/try try try.csv,25,2023011020070,雛菜,嗳、制作人,市川雛菜,【Keep→it up♡】市川雛菜,try try try
市川雛菜/【Keep→it up♡】市川雛菜/try try try.csv,27,2023011020080,雛菜,"将自己在努力这件事传达出去，
是那么重要的事吗～？",市川雛菜,【Keep→it up♡】市川雛菜,try try try
市川雛菜/【Keep→it up♡】市川雛菜/try try try.csv,34,2023011020090,雛菜,嗯～，这个确实是吧～,市川雛菜,【Keep→it up♡】市川雛菜,try try try
市川雛菜/【Keep→it up♡】市川雛菜/try try try.csv,36,2023011020100,雛菜,诶～、这样啊～……,市川雛菜,【Keep→it up♡】市川雛菜,try try try
市川雛菜/【Keep→it up♡】市川雛菜/try try try.csv,37,2023011020110,雛菜,"但是……
雏菜可能稍微有些不懂～",市川雛菜,【Keep→it up♡】市川雛菜,try try try
市川雛菜/【Keep→it up♡】市川雛菜/try try try.csv,40,2023011020120,雛菜,,市川雛菜,【Keep→it up♡】市川雛菜,try try try
市川雛菜/【Keep→it up♡】市川雛菜/try try try.csv,42,2023011020130,雛菜,,市川雛菜,【Keep→it up♡】市川雛菜,try try try
市川雛菜/【Keep→it up♡】市川雛菜/try try try.csv,43,2023011020140,雛菜,"嗯～，是啊～
雏菜一直都有在努力～～～！",市川雛菜,【Keep→it up♡】市川雛菜,try try try
市川雛菜/【Keep→it up♡】市川雛菜/try try try.csv,45,2023011020150,雛菜,"诶～～～
就只是听到人说有在努力～？",市川雛菜,【Keep→it up♡】市川雛菜,try try try
市川雛菜/【Keep→it up♡】市川雛菜/try try try.csv,48,2023011020160,雛菜,,市川雛菜,【Keep→it up♡】市川雛菜,try try try
市川雛菜/【Keep→it up♡】市川雛菜/try try try.csv,49,2023011020170,雛菜,"……那，雏菜说“努力了～！”的话，
制作人，会打起精神来？",市川雛菜,【Keep→it up♡】市川雛菜,try try try
市川雛菜/【Keep→it up♡】市川雛菜/try try try.csv,51,2023011020180,雛菜,"……
这样啊～",市川雛菜,【Keep→it up♡】市川雛菜,try try try
市川雛菜/【Keep→it up♡】市川雛菜/try try try.csv,52,2023011020190,雛菜,嗳、制作人,市川雛菜,【Keep→it up♡】市川雛菜,try try try
市川雛菜/【Keep→it up♡】市川雛菜/try try try.csv,54,2023011020200,雛菜,雏菜啊，今天非常努力了喔～～～！,市川雛菜,【Keep→it up♡】市川雛菜,try try try
市川雛菜/【Keep→it up♡】市川雛菜/try try try.csv,56,2023011020210,雛菜,即使那个人，其实并没有在努力呢～？,市川雛菜,【Keep→it up♡】市川雛菜,try try try
市川雛菜/【Keep→it up♡】市川雛菜/try try try.csv,58,2023011020220,雛菜,哼～嗯……,市川雛菜,【Keep→it up♡】市川雛菜,try try try
市川雛菜/【Keep→it up♡】市川雛菜/try try try.csv,61,2023011020230,雛菜,嗯～……是的呢～,市川雛菜,【Keep→it up♡】市川雛菜,try try try
市川雛菜/【Keep→it up♡】市川雛菜/try try try.csv,62,2023011020240,雛菜,"雏菜是觉得，只要快乐又幸福～
这样子就很好了～……",市川雛菜,【Keep→it up♡】市川雛菜,try try try
市川雛菜/【Keep→it up♡】市川雛菜/try try try.csv,66,2023011020250,雛菜,,市川雛菜,【Keep→it up♡】市川雛菜,try try try
市川雛菜/【Keep→it up♡】市川雛菜/try try try.csv,67,2023011020260,雛菜,"嗯～，好呀～！
今后也要好好看着，雏菜努力的样子哦～",市川雛菜,【Keep→it up♡】市川雛菜,try try try
市川雛菜/【LaLa ! Bitter】市川雛菜/Bitter：Honey.csv,3,3023010020020,雛菜,嗯～？,市川雛菜,【LaLa ! Bitter】市川雛菜,Bitter：Honey
市川雛菜/【LaLa ! Bitter】市川雛菜/Bitter：Honey.csv,14,3023010020130,雛菜,"圆香前辈～
还有雏菜的拿铁～",市川雛菜,【LaLa ! Bitter】市川雛菜,Bitter：Honey
市川雛菜/【LaLa ! Bitter】市川雛菜/Bitter：Honey.csv,22,3023010020200,雛菜,,市川雛菜,【LaLa ! Bitter】市川雛菜,Bitter：Honey
市川雛菜/【LaLa ! Bitter】市川雛菜/Bitter：Honey.csv,24,3023010020220,雛菜,好…………,市川雛菜,【LaLa ! Bitter】市川雛菜,Bitter：Honey
市川雛菜/【LaLa ! Bitter】市川雛菜/Bitter：Honey.csv,25,3023010020230,雛菜,好苦～～～！,市川雛菜,【LaLa ! Bitter】市川雛菜,Bitter：Honey
市川雛菜/【LaLa ! Bitter】市川雛菜/Bitter：Honey.csv,32,3023010020300,雛菜,呜呜～～～,市川雛菜,【LaLa ! Bitter】市川雛菜,Bitter：Honey
市川雛菜/【LaLa ! Bitter】市川雛菜/Bitter：Honey.csv,33,3023010020310,雛菜,雏菜、可能喝不了这个～……,市川雛菜,【LaLa ! Bitter】市川雛菜,Bitter：Honey
市川雛菜/【LaLa ! Bitter】市川雛菜/Bitter：Honey.csv,37,3023010020350,雛菜,啊～～,市川雛菜,【LaLa ! Bitter】市川雛菜,Bitter：Honey
市川雛菜/【LaLa ! Bitter】市川雛菜/Bitter：Honey.csv,40,3023010020380,雛菜,"啊～……
那样的话说不定能喝～？",市川雛菜,【LaLa ! Bitter】市川雛菜,Bitter：Honey
市川雛菜/【LaLa ! Bitter】市川雛菜/Bitter：Honey.csv,43,3023010020410,雛菜,"呀哈～
雏菜特制拿铁、完成～～～！",市川雛菜,【LaLa ! Bitter】市川雛菜,Bitter：Honey
市川雛菜/【LaLa ! Bitter】市川雛菜/Bitter：Honey.csv,46,3023010020440,雛菜,,市川雛菜,【LaLa ! Bitter】市川雛菜,Bitter：Honey
市川雛菜/【LaLa ! Bitter】市川雛菜/Bitter：Honey.csv,49,3023010020470,雛菜,嗯～～～！,市川雛菜,【LaLa ! Bitter】市川雛菜,Bitter：Honey
市川雛菜/【LaLa ! Bitter】市川雛菜/Bitter：Honey.csv,50,3023010020480,雛菜,甜甜的好好喝～！,市川雛菜,【LaLa ! Bitter】市川雛菜,Bitter：Honey
市川雛菜/【LaLa ! Bitter】市川雛菜/Bitter：Honey.csv,51,3023010020490,雛菜,雏菜果然喜欢拿铁～～～♡,市川雛菜,【LaLa ! Bitter】市川雛菜,Bitter：Honey
市川雛菜/【LaLa ! Bitter】市川雛菜/RuRuLa♡latté.csv,2,3023010010010,雛菜,呀哈～♡,市川雛菜,【LaLa ! Bitter】市川雛菜,RuRuLa♡latté
市川雛菜/【LaLa ! Bitter】市川雛菜/RuRuLa♡latté.csv,3,3023010010020,雛菜,新品的零食，出了好多～！,市川雛菜,【LaLa ! Bitter】市川雛菜,RuRuLa♡latté
市川雛菜/【LaLa ! Bitter】市川雛菜/RuRuLa♡latté.csv,4,3023010010030,雛菜,"这个和这个～
……还有～，这个也想吃～～",市川雛菜,【LaLa ! Bitter】市川雛菜,RuRuLa♡latté
市川雛菜/【LaLa ! Bitter】市川雛菜/RuRuLa♡latté.csv,5,3023010010040,雛菜,接着是～……,市川雛菜,【LaLa ! Bitter】市川雛菜,RuRuLa♡latté
市川雛菜/【LaLa ! Bitter】市川雛菜/RuRuLa♡latté.csv,7,3023010010060,雛菜,"诶～？
但是、大家都要吃的吧～？",市川雛菜,【LaLa ! Bitter】市川雛菜,RuRuLa♡latté
市川雛菜/【LaLa ! Bitter】市川雛菜/RuRuLa♡latté.csv,10,3023010010090,雛菜,"啊哈～
透前辈，买了什么饭团～？",市川雛菜,【LaLa ! Bitter】市川雛菜,RuRuLa♡latté
市川雛菜/【LaLa ! Bitter】市川雛菜/RuRuLa♡latté.csv,12,3023010010110,雛菜,鲑鱼～！,市川雛菜,【LaLa ! Bitter】市川雛菜,RuRuLa♡latté
市川雛菜/【LaLa ! Bitter】市川雛菜/RuRuLa♡latté.csv,18,3023010010170,雛菜,诶～、哪个～？,市川雛菜,【LaLa ! Bitter】市川雛菜,RuRuLa♡latté
市川雛菜/【LaLa ! Bitter】市川雛菜/RuRuLa♡latté.csv,20,3023010010190,雛菜,圆香前辈要买这个吗～？,市川雛菜,【LaLa ! Bitter】市川雛菜,RuRuLa♡latté
市川雛菜/【LaLa ! Bitter】市川雛菜/RuRuLa♡latté.csv,23,3023010010220,雛菜,"诶～～？
你不是在意新品的口味吗～？",市川雛菜,【LaLa ! Bitter】市川雛菜,RuRuLa♡latté
市川雛菜/【LaLa ! Bitter】市川雛菜/RuRuLa♡latté.csv,27,3023010010260,雛菜,"嗯～……
雏菜、要不就买这个新品拿铁好了～",市川雛菜,【LaLa ! Bitter】市川雛菜,RuRuLa♡latté
市川雛菜/【LaLa ! Bitter】市川雛菜/RuRuLa♡latté.csv,29,3023010010280,雛菜,圆香前辈、看上去也不打算买的样子～？,市川雛菜,【LaLa ! Bitter】市川雛菜,RuRuLa♡latté
市川雛菜/【LaLa ! Bitter】市川雛菜/RuRuLa♡latté.csv,31,3023010010300,雛菜,"啊哈～
那我去买回来～",市川雛菜,【LaLa ! Bitter】市川雛菜,RuRuLa♡latté
市川雛菜/【LaLa ! Bitter】市川雛菜/RuRuLa♡latté.csv,37,3023010010360,雛菜,"啊哈～
这下在事务所开零食派对了～～～",市川雛菜,【LaLa ! Bitter】市川雛菜,RuRuLa♡latté
市川雛菜/【LaLa ! Bitter】市川雛菜/RuRuLa♡latté.csv,41,3023010010400,雛菜,"嗯～……
没事的吧～？",市川雛菜,【LaLa ! Bitter】市川雛菜,RuRuLa♡latté
市川雛菜/【LaLa ! Bitter】市川雛菜/RuRuLa♡latté.csv,42,3023010010410,雛菜,"拿铁，虽然有很多口味
但基本都很好喝吧～？",市川雛菜,【LaLa ! Bitter】市川雛菜,RuRuLa♡latté
市川雛菜/【LaLa ! Bitter】市川雛菜/RuRuLa♡latté.csv,45,3023010010440,雛菜,嗯～！,市川雛菜,【LaLa ! Bitter】市川雛菜,RuRuLa♡latté
市川雛菜/【LaLa ! Bitter】市川雛菜/RuRuLa♡latté.csv,46,3023010010450,雛菜,"焦糖拿铁呀～
巧克力拿铁～",市川雛菜,【LaLa ! Bitter】市川雛菜,RuRuLa♡latté
市川雛菜/【LaLa ! Bitter】市川雛菜/RuRuLa♡latté.csv,51,3023010010500,雛菜,"啊哈～
说不定也很好喝呢～？",市川雛菜,【LaLa ! Bitter】市川雛菜,RuRuLa♡latté
市川雛菜/【MY：♡ur Castle】市川雛菜/1.mycastle.csv,3,3023012010010,雛菜,…………,市川雛菜,【MY：♡ur Castle】市川雛菜,1.mycastle
市川雛菜/【MY：♡ur Castle】市川雛菜/1.mycastle.csv,7,3023012010020,雛菜,…………,市川雛菜,【MY：♡ur Castle】市川雛菜,1.mycastle
市川雛菜/【MY：♡ur Castle】市川雛菜/1.mycastle.csv,9,3023012010030,雛菜,嗯……,市川雛菜,【MY：♡ur Castle】市川雛菜,1.mycastle
市川雛菜/【MY：♡ur Castle】市川雛菜/1.mycastle.csv,10,3023012010040,雛菜,啊,市川雛菜,【MY：♡ur Castle】市川雛菜,1.mycastle
市川雛菜/【MY：♡ur Castle】市川雛菜/1.mycastle.csv,11,3023012010050,雛菜,（房地产中介……）,市川雛菜,【MY：♡ur Castle】市川雛菜,1.mycastle
市川雛菜/【MY：♡ur Castle】市川雛菜/1.mycastle.csv,12,3023012010060,雛菜,…………,市川雛菜,【MY：♡ur Castle】市川雛菜,1.mycastle
市川雛菜/【MY：♡ur Castle】市川雛菜/1.mycastle.csv,13,3023012010070,雛菜,"（这里房间种类好多……
但雛菜想住的────）",市川雛菜,【MY：♡ur Castle】市川雛菜,1.mycastle
市川雛菜/【MY：♡ur Castle】市川雛菜/1.mycastle.csv,14,3023012010080,雛菜,（好像没有）,市川雛菜,【MY：♡ur Castle】市川雛菜,1.mycastle
市川雛菜/【MY：♡ur Castle】市川雛菜/1.mycastle.csv,15,3023012010090,雛菜,（雛菜的城堡，要更────）,市川雛菜,【MY：♡ur Castle】市川雛菜,1.mycastle
市川雛菜/【MY：♡ur Castle】市川雛菜/1.mycastle.csv,17,3023012010110,雛菜,……！,市川雛菜,【MY：♡ur Castle】市川雛菜,1.mycastle
市川雛菜/【MY：♡ur Castle】市川雛菜/1.mycastle.csv,18,3023012010120,雛菜,什么嘛，原来是円香前辈～,市川雛菜,【MY：♡ur Castle】市川雛菜,1.mycastle
市川雛菜/【MY：♡ur Castle】市川雛菜/1.mycastle.csv,20,3023012010140,雛菜,"哎～
不是啦～",市川雛菜,【MY：♡ur Castle】市川雛菜,1.mycastle
市川雛菜/【MY：♡ur Castle】市川雛菜/1.mycastle.csv,21,3023012010150,雛菜,今天家庭课上讲了户型的事,市川雛菜,【MY：♡ur Castle】市川雛菜,1.mycastle
市川雛菜/【MY：♡ur Castle】市川雛菜/1.mycastle.csv,23,3023012010170,雛菜,哦～,市川雛菜,【MY：♡ur Castle】市川雛菜,1.mycastle
市川雛菜/【MY：♡ur Castle】市川雛菜/1.mycastle.csv,24,3023012010180,雛菜,嗳、円香前辈理想中的家是什么样的？,市川雛菜,【MY：♡ur Castle】市川雛菜,1.mycastle
市川雛菜/【MY：♡ur Castle】市川雛菜/1.mycastle.csv,27,3023012010210,雛菜,……是吗～,市川雛菜,【MY：♡ur Castle】市川雛菜,1.mycastle
市川雛菜/【MY：♡ur Castle】市川雛菜/1.mycastle.csv,28,3023012010220,雛菜,"雛菜呢
想要一个宽敞的更衣室～",市川雛菜,【MY：♡ur Castle】市川雛菜,1.mycastle
市川雛菜/【MY：♡ur Castle】市川雛菜/1.mycastle.csv,29,3023012010230,雛菜,"对应季节要有不同的衣柜，
每次打开都能感到幸福满满～",市川雛菜,【MY：♡ur Castle】市川雛菜,1.mycastle
市川雛菜/【MY：♡ur Castle】市川雛菜/1.mycastle.csv,31,3023012010250,雛菜,"诶～～～为什么～？
肯定能带来幸福的啊～",市川雛菜,【MY：♡ur Castle】市川雛菜,1.mycastle
市川雛菜/【MY：♡ur Castle】市川雛菜/1.mycastle.csv,32,3023012010260,雛菜,"更衣室和卧室连在一起……
还想要个有顶篷的床～！",市川雛菜,【MY：♡ur Castle】市川雛菜,1.mycastle
市川雛菜/【MY：♡ur Castle】市川雛菜/1.mycastle.csv,34,3023012010280,雛菜,那円香前辈想住的家是怎样的呢～？,市川雛菜,【MY：♡ur Castle】市川雛菜,1.mycastle
市川雛菜/【MY：♡ur Castle】市川雛菜/1.mycastle.csv,36,3023012010300,雛菜,哦～那房间面积呢～？,市川雛菜,【MY：♡ur Castle】市川雛菜,1.mycastle
市川雛菜/【MY：♡ur Castle】市川雛菜/1.mycastle.csv,39,3023012010330,雛菜,那样就只是找个住处啊～？,市川雛菜,【MY：♡ur Castle】市川雛菜,1.mycastle
市川雛菜/【MY：♡ur Castle】市川雛菜/1.mycastle.csv,41,3023012010350,雛菜,…………,市川雛菜,【MY：♡ur Castle】市川雛菜,1.mycastle
市川雛菜/【MY：♡ur Castle】市川雛菜/1.mycastle.csv,43,3023012010370,雛菜,"说得也是……
或许有点吧～",市川雛菜,【MY：♡ur Castle】市川雛菜,1.mycastle
市川雛菜/【MY：♡ur Castle】市川雛菜/1.mycastle.csv,44,3023012010380,雛菜,"那这些里面有吗～？
円香前辈想住的家",市川雛菜,【MY：♡ur Castle】市川雛菜,1.mycastle
市川雛菜/【MY：♡ur Castle】市川雛菜/1.mycastle.csv,46,3023012010400,雛菜,"明明这里1DK和1LDK都有
（Living〔起居室〕Dining〔餐厅〕Kitchen〔厨房〕）",市川雛菜,【MY：♡ur Castle】市川雛菜,1.mycastle
市川雛菜/【MY：♡ur Castle】市川雛菜/1.mycastle.csv,49,3023012010430,雛菜,啊、那雛菜也回家了～,市川雛菜,【MY：♡ur Castle】市川雛菜,1.mycastle
市川雛菜/【MY：♡ur Castle】市川雛菜/1.mycastle.csv,50,3023012010440,雛菜,要是雛菜建好了城堡，円香前辈也会想来吗～？,市川雛菜,【MY：♡ur Castle】市川雛菜,1.mycastle
市川雛菜/【MY：♡ur Castle】市川雛菜/1.mycastle.csv,52,3023012010460,雛菜,……会建的呀～,市川雛菜,【MY：♡ur Castle】市川雛菜,1.mycastle
市川雛菜/【MY：♡ur Castle】市川雛菜/1.mycastle.csv,53,3023012010470,雛菜,绝对,市川雛菜,【MY：♡ur Castle】市川雛菜,1.mycastle
市川雛菜/【MY：♡ur Castle】市川雛菜/2.ourhome.csv,4,3023012020001,小糸＆雛菜,好、好的……！,市川雛菜,【MY：♡ur Castle】市川雛菜,2.ourhome
市川雛菜/【MY：♡ur Castle】市川雛菜/2.ourhome.csv,6,3023012020020,雛菜,嗯～、确实呢～,市川雛菜,【MY：♡ur Castle】市川雛菜,2.ourhome
市川雛菜/【MY：♡ur Castle】市川雛菜/2.ourhome.csv,8,3023012020040,雛菜,应该可以吧～,市川雛菜,【MY：♡ur Castle】市川雛菜,2.ourhome
市川雛菜/【MY：♡ur Castle】市川雛菜/2.ourhome.csv,11,3023012020070,雛菜,…………,市川雛菜,【MY：♡ur Castle】市川雛菜,2.ourhome
市川雛菜/【MY：♡ur Castle】市川雛菜/2.ourhome.csv,13,3023012020090,雛菜,"家庭课的作业？
那个雏菜也做了～",市川雛菜,【MY：♡ur Castle】市川雛菜,2.ourhome
市川雛菜/【MY：♡ur Castle】市川雛菜/2.ourhome.csv,14,3023012020100,雛菜,交上去的作业，前段时间刚发回来,市川雛菜,【MY：♡ur Castle】市川雛菜,2.ourhome
市川雛菜/【MY：♡ur Castle】市川雛菜/2.ourhome.csv,15,3023012020110,雛菜,"『要住进这种家的话，得变成大富翁才行呢』
被老师这样说了～",市川雛菜,【MY：♡ur Castle】市川雛菜,2.ourhome
市川雛菜/【MY：♡ur Castle】市川雛菜/2.ourhome.csv,17,3023012020130,雛菜,"不过，也没办法啦～
毕竟是雏菜的城堡嘛～！",市川雛菜,【MY：♡ur Castle】市川雛菜,2.ourhome
市川雛菜/【MY：♡ur Castle】市川雛菜/2.ourhome.csv,21,3023012020170,雛菜,啊哈～、确实呢～,市川雛菜,【MY：♡ur Castle】市川雛菜,2.ourhome
市川雛菜/【MY：♡ur Castle】市川雛菜/2.ourhome.csv,22,3023012020180,雛菜,小糸想住怎样的房子呢～？,市川雛菜,【MY：♡ur Castle】市川雛菜,2.ourhome
市川雛菜/【MY：♡ur Castle】市川雛菜/2.ourhome.csv,27,3023012020230,雛菜,为什么～？,市川雛菜,【MY：♡ur Castle】市川雛菜,2.ourhome
市川雛菜/【MY：♡ur Castle】市川雛菜/2.ourhome.csv,29,3023012020250,雛菜,"啊哈～
那雏菜也想要一个可以装满很多零食的箱子～！",市川雛菜,【MY：♡ur Castle】市川雛菜,2.ourhome
市川雛菜/【MY：♡ur Castle】市川雛菜/2.ourhome.csv,30,3023012020260,雛菜,雏菜要把那个箱子装满～,市川雛菜,【MY：♡ur Castle】市川雛菜,2.ourhome
市川雛菜/【MY：♡ur Castle】市川雛菜/2.ourhome.csv,34,3023012020300,雛菜,"嗯～
那样更好～！",市川雛菜,【MY：♡ur Castle】市川雛菜,2.ourhome
市川雛菜/【MY：♡ur Castle】市川雛菜/2.ourhome.csv,37,3023012020330,雛菜,"嗯～
雏菜肚子好饿～",市川雛菜,【MY：♡ur Castle】市川雛菜,2.ourhome
市川雛菜/【MY：♡ur Castle】市川雛菜/2.ourhome.csv,39,3023012020350,雛菜,"嗯～
去不去呢～……",市川雛菜,【MY：♡ur Castle】市川雛菜,2.ourhome
市川雛菜/【MY：♡ur Castle】市川雛菜/2.ourhome.csv,40,3023012020360,雛菜,啊……,市川雛菜,【MY：♡ur Castle】市川雛菜,2.ourhome
市川雛菜/【MY：♡ur Castle】市川雛菜/2.ourhome.csv,42,3023012020380,雛菜,小糸酱的城堡，这些里面有吗～？,市川雛菜,【MY：♡ur Castle】市川雛菜,2.ourhome
市川雛菜/【MY：♡ur Castle】市川雛菜/2.ourhome.csv,45,3023012020410,雛菜,因为是房地产中介嘛～,市川雛菜,【MY：♡ur Castle】市川雛菜,2.ourhome
市川雛菜/【MY：♡ur Castle】市川雛菜/2.ourhome.csv,47,3023012020430,雛菜,有吗～？,市川雛菜,【MY：♡ur Castle】市川雛菜,2.ourhome
市川雛菜/【MY：♡ur Castle】市川雛菜/2.ourhome.csv,50,3023012020460,雛菜,"嗯～……
是吗～",市川雛菜,【MY：♡ur Castle】市川雛菜,2.ourhome
市川雛菜/【MY：♡ur Castle】市川雛菜/2.ourhome.csv,51,3023012020470,雛菜,说得也是～,市川雛菜,【MY：♡ur Castle】市川雛菜,2.ourhome
市川雛菜/【MY：♡ur Castle】市川雛菜/2.ourhome.csv,54,3023012020500,雛菜,"……啊哈～
雏菜的城堡，敬请期待吧～",市川雛菜,【MY：♡ur Castle】市川雛菜,2.ourhome
市川雛菜/【Makeup♡Box】市川雛菜/♡DollEyePalette.csv,5,2023006010010,雛菜,唔～…………,市川雛菜,【Makeup♡Box】市川雛菜,♡DollEyePalette
市川雛菜/【Makeup♡Box】市川雛菜/♡DollEyePalette.csv,7,2023006010020,雛菜,"啊，制作人！
你买好东西了吗～？",市川雛菜,【Makeup♡Box】市川雛菜,♡DollEyePalette
市川雛菜/【Makeup♡Box】市川雛菜/♡DollEyePalette.csv,9,2023006010030,雛菜,"这样～
那就是说雏菜让你久等了咯～？",市川雛菜,【Makeup♡Box】市川雛菜,♡DollEyePalette
市川雛菜/【Makeup♡Box】市川雛菜/♡DollEyePalette.csv,11,2023006010040,雛菜,"那样就好～
对了，制作人",市川雛菜,【Makeup♡Box】市川雛菜,♡DollEyePalette
市川雛菜/【Makeup♡Box】市川雛菜/♡DollEyePalette.csv,12,2023006010050,雛菜,你认为哪个比较好？,市川雛菜,【Makeup♡Box】市川雛菜,♡DollEyePalette
市川雛菜/【Makeup♡Box】市川雛菜/♡DollEyePalette.csv,14,2023006010060,雛菜,"不一样啦～
你看，上面不是有写着01号和02号吗～？",市川雛菜,【Makeup♡Box】市川雛菜,♡DollEyePalette
市川雛菜/【Makeup♡Box】市川雛菜/♡DollEyePalette.csv,15,2023006010070,雛菜,"这是粉色
这个偏橙一些",市川雛菜,【Makeup♡Box】市川雛菜,♡DollEyePalette
市川雛菜/【Makeup♡Box】市川雛菜/♡DollEyePalette.csv,17,2023006010080,雛菜,"还有闪粉颗粒大小
也不同吧～？",市川雛菜,【Makeup♡Box】市川雛菜,♡DollEyePalette
市川雛菜/【Makeup♡Box】市川雛菜/♡DollEyePalette.csv,19,2023006010090,雛菜,"唔～，本来还纠结要选哪个的
罢了",市川雛菜,【Makeup♡Box】市川雛菜,♡DollEyePalette
市川雛菜/【Makeup♡Box】市川雛菜/♡DollEyePalette.csv,20,2023006010100,雛菜,都要了吧,市川雛菜,【Makeup♡Box】市川雛菜,♡DollEyePalette
市川雛菜/【Makeup♡Box】市川雛菜/♡DollEyePalette.csv,22,2023006010110,雛菜,"啊哈～
反正是平价化妆品无所谓啦～",市川雛菜,【Makeup♡Box】市川雛菜,♡DollEyePalette
市川雛菜/【Makeup♡Box】市川雛菜/♡DollEyePalette.csv,24,2023006010120,雛菜,"诶～？
啊，那个就算了吧～",市川雛菜,【Makeup♡Box】市川雛菜,♡DollEyePalette
市川雛菜/【Makeup♡Box】市川雛菜/♡DollEyePalette.csv,25,2023006010130,雛菜,"是不太适合
雏菜的色调呢～",市川雛菜,【Makeup♡Box】市川雛菜,♡DollEyePalette
市川雛菜/【Makeup♡Box】市川雛菜/♡DollEyePalette.csv,28,2023006010140,雛菜,"……那个色号是很可爱啦
但多半会是买了也用不上的那种",市川雛菜,【Makeup♡Box】市川雛菜,♡DollEyePalette
市川雛菜/【Makeup♡Box】市川雛菜/♡DollEyePalette.csv,29,2023006010150,雛菜,"到头来一直都在用
同样的色号呢～",市川雛菜,【Makeup♡Box】市川雛菜,♡DollEyePalette
市川雛菜/【Makeup♡Box】市川雛菜/♡DollEyePalette.csv,31,2023006010160,雛菜,"嗯～，可能透学姐她们
会比较适合那种色号吧～……？",市川雛菜,【Makeup♡Box】市川雛菜,♡DollEyePalette
市川雛菜/【Makeup♡Box】市川雛菜/♡DollEyePalette.csv,32,2023006010170,雛菜,"………………
不过，可能会有其他人会想用它",市川雛菜,【Makeup♡Box】市川雛菜,♡DollEyePalette
市川雛菜/【Makeup♡Box】市川雛菜/♡DollEyePalette.csv,33,2023006010180,雛菜,"说不定雏菜也会一时兴起
想用不一样的色号呢？",市川雛菜,【Makeup♡Box】市川雛菜,♡DollEyePalette
市川雛菜/【Makeup♡Box】市川雛菜/♡DollEyePalette.csv,35,2023006010190,雛菜,……就是啊,市川雛菜,【Makeup♡Box】市川雛菜,♡DollEyePalette
市川雛菜/【Makeup♡Box】市川雛菜/♡DollEyePalette.csv,36,2023006010200,雛菜,"或许会碰到需要用它
来搭配服装的情况……",市川雛菜,【Makeup♡Box】市川雛菜,♡DollEyePalette
市川雛菜/【Makeup♡Box】市川雛菜/♡DollEyePalette.csv,37,2023006010210,雛菜,视情况而定呢～？,市川雛菜,【Makeup♡Box】市川雛菜,♡DollEyePalette
市川雛菜/【Makeup♡Box】市川雛菜/♡DollEyePalette.csv,39,2023006010220,雛菜,"果然还是连它一起买了吧！
集齐全3种色号～",市川雛菜,【Makeup♡Box】市川雛菜,♡DollEyePalette
市川雛菜/【Makeup♡Box】市川雛菜/♡DollEyePalette.csv,41,2023006010230,雛菜,"啊哈～
反正是平价化妆品无所谓啦～",市川雛菜,【Makeup♡Box】市川雛菜,♡DollEyePalette
市川雛菜/【Makeup♡Box】市川雛菜/♡DollEyePalette.csv,42,2023006010240,雛菜,"……对了，制作人
下次也给你化吧～？",市川雛菜,【Makeup♡Box】市川雛菜,♡DollEyePalette
市川雛菜/【Makeup♡Box】市川雛菜/♡DollEyePalette.csv,44,2023006010250,雛菜,"诶～……
明明那么好玩～",市川雛菜,【Makeup♡Box】市川雛菜,♡DollEyePalette
市川雛菜/【Makeup♡Box】市川雛菜/♡DollEyePalette.csv,45,2023006010260,雛菜,"雏菜会帮你
化得漂漂亮亮的～",市川雛菜,【Makeup♡Box】市川雛菜,♡DollEyePalette
市川雛菜/【Makeup♡Box】市川雛菜/♡DollEyePalette.csv,51,2023006010270,雛菜,"诶～
不必在意细节啦",市川雛菜,【Makeup♡Box】市川雛菜,♡DollEyePalette
市川雛菜/【Makeup♡Box】市川雛菜/♡DollEyePalette.csv,52,2023006010280,雛菜,"雏菜会给她们
还有制作人化的！",市川雛菜,【Makeup♡Box】市川雛菜,♡DollEyePalette
市川雛菜/【Makeup♡Box】市川雛菜/♡DollEyePalette.csv,54,2023006010290,雛菜,"别在意～
毕竟，这是平价化妆品啊～",市川雛菜,【Makeup♡Box】市川雛菜,♡DollEyePalette
市川雛菜/【Makeup♡Box】市川雛菜/♡DollEyePalette.csv,55,2023006010300,雛菜,"嗯～
可以哦～！",市川雛菜,【Makeup♡Box】市川雛菜,♡DollEyePalette
市川雛菜/【Makeup♡Box】市川雛菜/♡DollEyePalette.csv,57,2023006010310,雛菜,啊哈～，真化吗～？,市川雛菜,【Makeup♡Box】市川雛菜,♡DollEyePalette
市川雛菜/【Makeup♡Box】市川雛菜/♡DollEyePalette.csv,58,2023006010320,雛菜,"那下次工作的时候，跟化妆师
商量商量该怎么化吧～！",市川雛菜,【Makeup♡Box】市川雛菜,♡DollEyePalette
市川雛菜/【Makeup♡Box】市川雛菜/♡DollEyePalette.csv,59,2023006010330,雛菜,真期待呢～？,市川雛菜,【Makeup♡Box】市川雛菜,♡DollEyePalette
市川雛菜/【Makeup♡Box】市川雛菜/♡DollEyePalette.csv,60,2023006010340,雛菜,"诶～
你是嫌雏菜化得不好吗～？",市川雛菜,【Makeup♡Box】市川雛菜,♡DollEyePalette
市川雛菜/【Makeup♡Box】市川雛菜/♡DollEyePalette.csv,62,2023006010350,雛菜,"唔～，可是
制作人讨厌的话就算了吧～",市川雛菜,【Makeup♡Box】市川雛菜,♡DollEyePalette
市川雛菜/【Makeup♡Box】市川雛菜/♡DollEyePalette.csv,64,2023006010360,雛菜,……有这么多种色号,市川雛菜,【Makeup♡Box】市川雛菜,♡DollEyePalette
市川雛菜/【Makeup♡Box】市川雛菜/♡DollEyePalette.csv,65,2023006010370,雛菜,"应该也存在着
适合制作人的色号吧～",市川雛菜,【Makeup♡Box】市川雛菜,♡DollEyePalette
市川雛菜/【Makeup♡Box】市川雛菜/♡ShineHighlighter.csv,3,2023006020010,雛菜,………………,市川雛菜,【Makeup♡Box】市川雛菜,♡ShineHighlighter
市川雛菜/【Makeup♡Box】市川雛菜/♡ShineHighlighter.csv,5,2023006020020,雛菜,是呢，怎么回事呢～？,市川雛菜,【Makeup♡Box】市川雛菜,♡ShineHighlighter
市川雛菜/【Makeup♡Box】市川雛菜/♡ShineHighlighter.csv,8,2023006020030,雛菜,"我是市川雏菜
请多关照～",市川雛菜,【Makeup♡Box】市川雛菜,♡ShineHighlighter
市川雛菜/【Makeup♡Box】市川雛菜/♡ShineHighlighter.csv,10,2023006020031,雛菜＆プロデューサー,…………？,市川雛菜,【Makeup♡Box】市川雛菜,♡ShineHighlighter
市川雛菜/【Makeup♡Box】市川雛菜/♡ShineHighlighter.csv,15,2023006020040,雛菜,………………,市川雛菜,【Makeup♡Box】市川雛菜,♡ShineHighlighter
市川雛菜/【Makeup♡Box】市川雛菜/♡ShineHighlighter.csv,18,2023006020050,雛菜,……请问,市川雛菜,【Makeup♡Box】市川雛菜,♡ShineHighlighter
市川雛菜/【Makeup♡Box】市川雛菜/♡ShineHighlighter.csv,19,2023006020060,雛菜,"是否能够
让雏菜自己化妆呢？",市川雛菜,【Makeup♡Box】市川雛菜,♡ShineHighlighter
市川雛菜/【Makeup♡Box】市川雛菜/♡ShineHighlighter.csv,21,2023006020070,雛菜,"啊，不过
要是你们认为等人来会比较好的话——……",市川雛菜,【Makeup♡Box】市川雛菜,♡ShineHighlighter
市川雛菜/【Makeup♡Box】市川雛菜/♡ShineHighlighter.csv,25,2023006020080,雛菜,"嗯～
今天带了很多化妆品来，没问题哦～",市川雛菜,【Makeup♡Box】市川雛菜,♡ShineHighlighter
市川雛菜/【Makeup♡Box】市川雛菜/♡ShineHighlighter.csv,28,2023006020100,雛菜,"啊哈～
小意思～",市川雛菜,【Makeup♡Box】市川雛菜,♡ShineHighlighter
市川雛菜/【Makeup♡Box】市川雛菜/♡ShineHighlighter.csv,30,2023006020110,雛菜,嗯～～～？,市川雛菜,【Makeup♡Box】市川雛菜,♡ShineHighlighter
市川雛菜/【Makeup♡Box】市川雛菜/♡ShineHighlighter.csv,32,2023006020120,雛菜,唔～，怎么说呢,市川雛菜,【Makeup♡Box】市川雛菜,♡ShineHighlighter
市川雛菜/【Makeup♡Box】市川雛菜/♡ShineHighlighter.csv,33,2023006020130,雛菜,"……只要把雏菜弄得好看
就没问题了吧～？",市川雛菜,【Makeup♡Box】市川雛菜,♡ShineHighlighter
市川雛菜/【Makeup♡Box】市川雛菜/♡ShineHighlighter.csv,36,2023006020140,雛菜,"啊哈～
是这样呢～？",市川雛菜,【Makeup♡Box】市川雛菜,♡ShineHighlighter
市川雛菜/【Makeup♡Box】市川雛菜/♡ShineHighlighter.csv,38,2023006020150,雛菜,"啊哈～
是哦～",市川雛菜,【Makeup♡Box】市川雛菜,♡ShineHighlighter
市川雛菜/【Makeup♡Box】市川雛菜/♡ShineHighlighter.csv,40,2023006020160,雛菜,"嗯～
今天用不上～",市川雛菜,【Makeup♡Box】市川雛菜,♡ShineHighlighter
市川雛菜/【Makeup♡Box】市川雛菜/♡ShineHighlighter.csv,42,2023006020170,雛菜,"对吧～
正好今天带了比较大的化妆包过来",市川雛菜,【Makeup♡Box】市川雛菜,♡ShineHighlighter
市川雛菜/【Makeup♡Box】市川雛菜/♡ShineHighlighter.csv,43,2023006020180,雛菜,"感觉最近东西都快装不下了
得买个大一圈的包包才行～",市川雛菜,【Makeup♡Box】市川雛菜,♡ShineHighlighter
市川雛菜/【Makeup♡Box】市川雛菜/♡ShineHighlighter.csv,44,2023006020190,雛菜,"要不下次干脆换成
化妆师带的那种大型化妆箱好了～",市川雛菜,【Makeup♡Box】市川雛菜,♡ShineHighlighter
市川雛菜/【Makeup♡Box】市川雛菜/♡ShineHighlighter.csv,46,2023006020200,雛菜,诶～，可是,市川雛菜,【Makeup♡Box】市川雛菜,♡ShineHighlighter
市川雛菜/【Makeup♡Box】市川雛菜/♡ShineHighlighter.csv,47,2023006020210,雛菜,"制作人
会替我拎的吧～？",市川雛菜,【Makeup♡Box】市川雛菜,♡ShineHighlighter
市川雛菜/【Makeup♡Box】市川雛菜/♡YourColorLip.csv,2,2023006110010,雛菜,"啊，在这呢～～～
制作人！",市川雛菜,【Makeup♡Box】市川雛菜,♡YourColorLip
市川雛菜/【Makeup♡Box】市川雛菜/♡YourColorLip.csv,4,2023006110020,雛菜,"啊哈～
制作人你看！",市川雛菜,【Makeup♡Box】市川雛菜,♡YourColorLip
市川雛菜/【Makeup♡Box】市川雛菜/♡YourColorLip.csv,5,2023006110030,雛菜,锵～！,市川雛菜,【Makeup♡Box】市川雛菜,♡YourColorLip
市川雛菜/【Makeup♡Box】市川雛菜/♡YourColorLip.csv,7,2023006110040,雛菜,不对哦，不是包包,市川雛菜,【Makeup♡Box】市川雛菜,♡YourColorLip
市川雛菜/【Makeup♡Box】市川雛菜/♡YourColorLip.csv,8,2023006110050,雛菜,"之前不是和你说过吗～？
这是化妆箱！",市川雛菜,【Makeup♡Box】市川雛菜,♡YourColorLip
市川雛菜/【Makeup♡Box】市川雛菜/♡YourColorLip.csv,10,2023006110060,雛菜,是吧～？,市川雛菜,【Makeup♡Box】市川雛菜,♡YourColorLip
市川雛菜/【Makeup♡Box】市川雛菜/♡YourColorLip.csv,11,2023006110070,雛菜,"拿到手后一看
居然比卖家秀的还要大呢～",市川雛菜,【Makeup♡Box】市川雛菜,♡YourColorLip
市川雛菜/【Makeup♡Box】市川雛菜/♡YourColorLip.csv,13,2023006110080,雛菜,"不过，有了这个
就能应付像之前那样需要自己化妆的情况",市川雛菜,【Makeup♡Box】市川雛菜,♡YourColorLip
市川雛菜/【Makeup♡Box】市川雛菜/♡YourColorLip.csv,14,2023006110090,雛菜,"还能随时随地
给透学姐她们化妆呢～？",市川雛菜,【Makeup♡Box】市川雛菜,♡YourColorLip
市川雛菜/【Makeup♡Box】市川雛菜/♡YourColorLip.csv,15,2023006110100,雛菜,"……嘛，不过对于随身拎着来说
确实有点大了～……",市川雛菜,【Makeup♡Box】市川雛菜,♡YourColorLip
市川雛菜/【Makeup♡Box】市川雛菜/♡YourColorLip.csv,18,2023006110110,雛菜,啊哈～，这样～！,市川雛菜,【Makeup♡Box】市川雛菜,♡YourColorLip
市川雛菜/【Makeup♡Box】市川雛菜/♡YourColorLip.csv,19,2023006110120,雛菜,"谢谢你，制作人！
拜托你咯～！",市川雛菜,【Makeup♡Box】市川雛菜,♡YourColorLip
市川雛菜/【Makeup♡Box】市川雛菜/♡YourColorLip.csv,21,2023006110130,雛菜,"买家秀完事了，
接下来整理一下内部以方便使用吧～",市川雛菜,【Makeup♡Box】市川雛菜,♡YourColorLip
市川雛菜/【Makeup♡Box】市川雛菜/♡YourColorLip.csv,25,2023006110140,雛菜,"诶～！
感觉好好玩的样子～！",市川雛菜,【Makeup♡Box】市川雛菜,♡YourColorLip
市川雛菜/【Makeup♡Box】市川雛菜/♡YourColorLip.csv,28,2023006110150,雛菜,唔～……可是,市川雛菜,【Makeup♡Box】市川雛菜,♡YourColorLip
市川雛菜/【Makeup♡Box】市川雛菜/♡YourColorLip.csv,29,2023006110160,雛菜,"工作时由化妆师上妆的时候
能感受到对方的熟练度和专业程度",市川雛菜,【Makeup♡Box】市川雛菜,♡YourColorLip
市川雛菜/【Makeup♡Box】市川雛菜/♡YourColorLip.csv,30,2023006110170,雛菜,"给自己化妆、和给他人化妆，
两者之间大不同会很困难呢",市川雛菜,【Makeup♡Box】市川雛菜,♡YourColorLip
市川雛菜/【Makeup♡Box】市川雛菜/♡YourColorLip.csv,31,2023006110180,雛菜,"真要做的话
就得好好练习、学习呢～",市川雛菜,【Makeup♡Box】市川雛菜,♡YourColorLip
市川雛菜/【Makeup♡Box】市川雛菜/♡YourColorLip.csv,33,2023006110190,雛菜,"诶～
你笑什么啊～？",市川雛菜,【Makeup♡Box】市川雛菜,♡YourColorLip
市川雛菜/【Makeup♡Box】市川雛菜/♡YourColorLip.csv,35,2023006110200,雛菜,是吗～～～？,市川雛菜,【Makeup♡Box】市川雛菜,♡YourColorLip
市川雛菜/【Makeup♡Box】市川雛菜/♡YourColorLip.csv,36,2023006110210,雛菜,"…………
————啊，对了！",市川雛菜,【Makeup♡Box】市川雛菜,♡YourColorLip
市川雛菜/【Makeup♡Box】市川雛菜/♡YourColorLip.csv,37,2023006110220,雛菜,"那么，让制作人
来当练习对象不就好了吗～！",市川雛菜,【Makeup♡Box】市川雛菜,♡YourColorLip
市川雛菜/【Makeup♡Box】市川雛菜/♡YourColorLip.csv,39,2023006110230,雛菜,"前阵子买的眼影还没开过
现在就想试试效果～……",市川雛菜,【Makeup♡Box】市川雛菜,♡YourColorLip
市川雛菜/【Makeup♡Box】市川雛菜/♡YourColorLip.csv,40,2023006110240,雛菜,"雏菜觉得
对别人用睫毛夹还挺～可怕的",市川雛菜,【Makeup♡Box】市川雛菜,♡YourColorLip
市川雛菜/【Makeup♡Box】市川雛菜/♡YourColorLip.csv,41,2023006110250,雛菜,就用制作人来练习吧～？,市川雛菜,【Makeup♡Box】市川雛菜,♡YourColorLip
市川雛菜/【Makeup♡Box】市川雛菜/♡YourColorLip.csv,43,2023006110260,雛菜,诶，没有这种事哦～,市川雛菜,【Makeup♡Box】市川雛菜,♡YourColorLip
市川雛菜/【Makeup♡Box】市川雛菜/♡YourColorLip.csv,45,2023006110270,雛菜,"啊哈～
你不必那么担心哦～？",市川雛菜,【Makeup♡Box】市川雛菜,♡YourColorLip
市川雛菜/【Makeup♡Box】市川雛菜/♡YourColorLip.csv,46,2023006110280,雛菜,"雏菜会用适合的色号
给制作人化一副漂漂亮亮的妆的！",市川雛菜,【Makeup♡Box】市川雛菜,♡YourColorLip
市川雛菜/【PEEPS! 】市川雛菜/Me rom pan.csv,2,3023003020010,雛菜,"什么嘛～
果然不是告白啊～！",市川雛菜,【PEEPS! 】市川雛菜,Me rom pan
市川雛菜/【PEEPS! 】市川雛菜/Me rom pan.csv,3,3023003020020,雛菜,总觉得好无聊啊～,市川雛菜,【PEEPS! 】市川雛菜,Me rom pan
市川雛菜/【PEEPS! 】市川雛菜/Me rom pan.csv,6,3023003020050,雛菜,"小糸这么慌张跑过来
我还期待了",市川雛菜,【PEEPS! 】市川雛菜,Me rom pan
市川雛菜/【PEEPS! 】市川雛菜/Me rom pan.csv,7,3023003020060,雛菜,呐，透前辈也是吧～,市川雛菜,【PEEPS! 】市川雛菜,Me rom pan
市川雛菜/【PEEPS! 】市川雛菜/Me rom pan.csv,12,3023003020110,雛菜,诶～？,市川雛菜,【PEEPS! 】市川雛菜,Me rom pan
市川雛菜/【PEEPS! 】市川雛菜/Me rom pan.csv,21,3023003020220,雛菜,"嗯～，但是
现在还会特地把人叫出来告白吗～？",市川雛菜,【PEEPS! 】市川雛菜,Me rom pan
市川雛菜/【PEEPS! 】市川雛菜/Me rom pan.csv,23,3023003020240,雛菜,"感觉，
不是Chain什么的吗～？",市川雛菜,【PEEPS! 】市川雛菜,Me rom pan
市川雛菜/【PEEPS! 】市川雛菜/Me rom pan.csv,24,3023003020250,雛菜,不清楚就是了～,市川雛菜,【PEEPS! 】市川雛菜,Me rom pan
市川雛菜/【PEEPS! 】市川雛菜/Me rom pan.csv,29,3023003020300,雛菜,"啊～……
如果是两情相悦的话，说不定是挺好的呢～",市川雛菜,【PEEPS! 】市川雛菜,Me rom pan
市川雛菜/【PEEPS! 】市川雛菜/Me rom pan.csv,32,3023003020330,雛菜,"嗯～
被拒绝的那方或许会很讨厌这样",市川雛菜,【PEEPS! 】市川雛菜,Me rom pan
市川雛菜/【PEEPS! 】市川雛菜/Me rom pan.csv,33,3023003020340,雛菜,拒绝的那方也不喜欢吧,市川雛菜,【PEEPS! 】市川雛菜,Me rom pan
市川雛菜/【PEEPS! 】市川雛菜/Me rom pan.csv,34,3023003020350,雛菜,不知道就是了～,市川雛菜,【PEEPS! 】市川雛菜,Me rom pan
市川雛菜/【PEEPS! 】市川雛菜/Me rom pan.csv,38,3023003020390,雛菜,"诶～？
这样吗～？",市川雛菜,【PEEPS! 】市川雛菜,Me rom pan
市川雛菜/【PEEPS! 】市川雛菜/Me rom pan.csv,39,3023003020400,雛菜,"那就是真的
没什么大不了的事啊～",市川雛菜,【PEEPS! 】市川雛菜,Me rom pan
市川雛菜/【PEEPS! 】市川雛菜/Me rom pan.csv,42,3023003020430,雛菜,"早知道那样的话
雏菜先去吃午饭就好了～",市川雛菜,【PEEPS! 】市川雛菜,Me rom pan
市川雛菜/【PEEPS! 】市川雛菜/Me rom pan.csv,44,3023003020450,雛菜,"下次偷看的时候
像透前辈这样带着面包去好了～",市川雛菜,【PEEPS! 】市川雛菜,Me rom pan
市川雛菜/【PEEPS! 】市川雛菜/Me rom pan.csv,47,3023003020480,雛菜,啊哈～,市川雛菜,【PEEPS! 】市川雛菜,Me rom pan
市川雛菜/【PEEPS! 】市川雛菜/Me rom pan.csv,48,3023003020490,雛菜,"蜜瓜包虽然也不错～
但还是红豆包和牛奶才正统呢～",市川雛菜,【PEEPS! 】市川雛菜,Me rom pan
市川雛菜/【PEEPS! 】市川雛菜/Me rom pan.csv,49,3023003020500,雛菜,像埋伏一样！,市川雛菜,【PEEPS! 】市川雛菜,Me rom pan
市川雛菜/【PEEPS! 】市川雛菜/Me rom pan.csv,51,3023003020520,雛菜,那雏菜就是雏sir～,市川雛菜,【PEEPS! 】市川雛菜,Me rom pan
市川雛菜/【PEEPS! 】市川雛菜/Me rom pan.csv,54,3023003020550,雛菜,"诶～，小糸
明明是偷看得最认真的那个～？",市川雛菜,【PEEPS! 】市川雛菜,Me rom pan
市川雛菜/【PEEPS! 】市川雛菜/Un pan.csv,2,3023003010010,雛菜,"啊～，透前辈
穿着运动服～～～！",市川雛菜,【PEEPS! 】市川雛菜,Un pan
市川雛菜/【PEEPS! 】市川雛菜/Un pan.csv,3,3023003010020,雛菜,上体育课了～？,市川雛菜,【PEEPS! 】市川雛菜,Un pan
市川雛菜/【PEEPS! 】市川雛菜/Un pan.csv,5,3023003010040,雛菜,"这样啊～
现在开始午休～？",市川雛菜,【PEEPS! 】市川雛菜,Un pan
市川雛菜/【PEEPS! 】市川雛菜/Un pan.csv,7,3023003010060,雛菜,"哇，好好吃的样子～！
雏菜要不也去买面包好了～",市川雛菜,【PEEPS! 】市川雛菜,Un pan
市川雛菜/【PEEPS! 】市川雛菜/Un pan.csv,8,3023003010070,雛菜,"……圆香前辈
今天没在一起吗～？",市川雛菜,【PEEPS! 】市川雛菜,Un pan
市川雛菜/【PEEPS! 】市川雛菜/Un pan.csv,11,3023003010100,雛菜,诶～？,市川雛菜,【PEEPS! 】市川雛菜,Un pan
市川雛菜/【PEEPS! 】市川雛菜/Un pan.csv,12,3023003010110,雛菜,"被叫走了
被谁——",市川雛菜,【PEEPS! 】市川雛菜,Un pan
市川雛菜/【PEEPS! 】市川雛菜/Un pan.csv,14,3023003010130,雛菜,嗯～？,市川雛菜,【PEEPS! 】市川雛菜,Un pan
市川雛菜/【PEEPS! 】市川雛菜/Un pan.csv,15,3023003010140,雛菜,"怎么了，小糸
那么慌张",市川雛菜,【PEEPS! 】市川雛菜,Un pan
市川雛菜/【PEEPS! 】市川雛菜/Un pan.csv,18,3023003010170,雛菜,"诶～，什么～？
妈妈～？",市川雛菜,【PEEPS! 】市川雛菜,Un pan
市川雛菜/【PEEPS! 】市川雛菜/Un pan.csv,21,3023003010200,雛菜,"诶～～～！？
圆香前辈怎么了怎么了～～～！？",市川雛菜,【PEEPS! 】市川雛菜,Un pan
市川雛菜/【PEEPS! 】市川雛菜/Un pan.csv,24,3023003010230,雛菜,"那是
难道说是告白～？",市川雛菜,【PEEPS! 】市川雛菜,Un pan
市川雛菜/【PEEPS! 】市川雛菜/Un pan.csv,27,3023003010260,雛菜,"啊哈～
会不会是透前辈刚才说的那个人呢～？",市川雛菜,【PEEPS! 】市川雛菜,Un pan
市川雛菜/【PEEPS! 】市川雛菜/Un pan.csv,29,3023003010280,雛菜,"小糸，
在哪看到圆香前辈的～？",市川雛菜,【PEEPS! 】市川雛菜,Un pan
市川雛菜/【PEEPS! 】市川雛菜/Un pan.csv,31,3023003010300,雛菜,不快点去就要结束了～,市川雛菜,【PEEPS! 】市川雛菜,Un pan
市川雛菜/【PEEPS! 】市川雛菜/Un pan.csv,38,3023003010370,雛菜,有了～～～……！,市川雛菜,【PEEPS! 】市川雛菜,Un pan
市川雛菜/【PEEPS! 】市川雛菜/Un pan.csv,42,3023003010410,雛菜,"透前辈，
感觉像埋伏的警察一样呢～？",市川雛菜,【PEEPS! 】市川雛菜,Un pan
市川雛菜/【PEEPS! 】市川雛菜/Un pan.csv,44,3023003010430,雛菜,"啊哈～
如果是红豆包和牛奶的话就更正统了",市川雛菜,【PEEPS! 】市川雛菜,Un pan
市川雛菜/【PEEPS! 】市川雛菜/Un pan.csv,47,3023003010460,雛菜,"小糸明明说了不行
结果偷看得最认真～！",市川雛菜,【PEEPS! 】市川雛菜,Un pan
市川雛菜/【PEEPS! 】市川雛菜/Un pan.csv,52,3023003010510,雛菜,"啊～
偷看暴露了～",市川雛菜,【PEEPS! 】市川雛菜,Un pan
市川雛菜/【PEEPS! 】市川雛菜/Un pan.csv,60,3023003010590,雛菜,诶～～～！？,市川雛菜,【PEEPS! 】市川雛菜,Un pan
市川雛菜/【PEEPS! 】市川雛菜/Un pan.csv,61,3023003010600,雛菜,"雏菜，
明明还没吃午饭～～～！",市川雛菜,【PEEPS! 】市川雛菜,Un pan
市川雛菜/【ROOKIE!】市川雛菜/LPP.csv,2,3023004020010,雛菜,——嗯？小糸,市川雛菜,【ROOKIE!】市川雛菜,LPP
市川雛菜/【ROOKIE!】市川雛菜/LPP.csv,4,3023004020030,雛菜,"雏菜接下来要去趟透前辈那边，
小糸要一起来吗？",市川雛菜,【ROOKIE!】市川雛菜,LPP
市川雛菜/【ROOKIE!】市川雛菜/LPP.csv,5,3023004020040,雛菜,你午饭还没吃吧～？,市川雛菜,【ROOKIE!】市川雛菜,LPP
市川雛菜/【ROOKIE!】市川雛菜/LPP.csv,8,3023004020070,雛菜,嗯～！,市川雛菜,【ROOKIE!】市川雛菜,LPP
市川雛菜/【ROOKIE!】市川雛菜/LPP.csv,10,3023004020090,雛菜,"不～
CHINE发过去的短信也没显示已读～……",市川雛菜,【ROOKIE!】市川雛菜,LPP
市川雛菜/【ROOKIE!】市川雛菜/LPP.csv,11,3023004020100,雛菜,"但，
一般来说都会在教室里的吧？",市川雛菜,【ROOKIE!】市川雛菜,LPP
市川雛菜/【ROOKIE!】市川雛菜/LPP.csv,13,3023004020120,雛菜,"嗯，所以才
一直朝着二年级的楼层走不是吗？",市川雛菜,【ROOKIE!】市川雛菜,LPP
市川雛菜/【ROOKIE!】市川雛菜/LPP.csv,14,3023004020130,雛菜,明明不知道还跟上来了吗～？,市川雛菜,【ROOKIE!】市川雛菜,LPP
市川雛菜/【ROOKIE!】市川雛菜/LPP.csv,17,3023004020160,雛菜,诶～？　怎么了吗～？,市川雛菜,【ROOKIE!】市川雛菜,LPP
市川雛菜/【ROOKIE!】市川雛菜/LPP.csv,21,3023004020200,雛菜,啊哈～，啥啊那是～,市川雛菜,【ROOKIE!】市川雛菜,LPP
市川雛菜/【ROOKIE!】市川雛菜/LPP.csv,22,3023004020210,雛菜,"雏菜，之前去过很多次透前辈那边
都没碰到过像那样的人哦～",市川雛菜,【ROOKIE!】市川雛菜,LPP
市川雛菜/【ROOKIE!】市川雛菜/LPP.csv,24,3023004020230,雛菜,"可万一被这么说的话
那也只好把口袋里的糖交给他了～？",市川雛菜,【ROOKIE!】市川雛菜,LPP
市川雛菜/【ROOKIE!】市川雛菜/LPP.csv,27,3023004020260,雛菜,"啊～
那他可能不会放小糸你过去了～",市川雛菜,【ROOKIE!】市川雛菜,LPP
市川雛菜/【ROOKIE!】市川雛菜/LPP.csv,30,3023004020290,雛菜,"诶～不过雏菜
只带了一个糖果啊～",市川雛菜,【ROOKIE!】市川雛菜,LPP
市川雛菜/【ROOKIE!】市川雛菜/LPP.csv,34,3023004020330,雛菜,诶～？,市川雛菜,【ROOKIE!】市川雛菜,LPP
市川雛菜/【ROOKIE!】市川雛菜/LPP.csv,36,3023004020350,雛菜,透前辈呢～？,市川雛菜,【ROOKIE!】市川雛菜,LPP
市川雛菜/【ROOKIE!】市川雛菜/LPP.csv,38,3023004020370,雛菜,"这样啊～
雏菜想找她一起吃午饭来着～",市川雛菜,【ROOKIE!】市川雛菜,LPP
市川雛菜/【ROOKIE!】市川雛菜/LPP.csv,39,3023004020380,雛菜,圆香前辈也来一起吗～？,市川雛菜,【ROOKIE!】市川雛菜,LPP
市川雛菜/【ROOKIE!】市川雛菜/LPP.csv,43,3023004020420,雛菜,"呀哈～
那等透前辈回来以后就上楼顶吧～！",市川雛菜,【ROOKIE!】市川雛菜,LPP
市川雛菜/【ROOKIE!】市川雛菜/LPP.csv,46,3023004020450,雛菜,──啊，对了！,市川雛菜,【ROOKIE!】市川雛菜,LPP
市川雛菜/【ROOKIE!】市川雛菜/LPP.csv,47,3023004020460,雛菜,圆香前辈，请收下这个～！,市川雛菜,【ROOKIE!】市川雛菜,LPP
市川雛菜/【ROOKIE!】市川雛菜/LPP.csv,49,3023004020480,雛菜,嗯～？　因为,市川雛菜,【ROOKIE!】市川雛菜,LPP
市川雛菜/【ROOKIE!】市川雛菜/LPP.csv,50,3023004020490,雛菜,"“如果碰到可怕的人的话
就必须给糖果才行”",市川雛菜,【ROOKIE!】市川雛菜,LPP
市川雛菜/【ROOKIE!】市川雛菜/LPP.csv,51,3023004020500,雛菜,小糸她这么说过！,市川雛菜,【ROOKIE!】市川雛菜,LPP
市川雛菜/【ROOKIE!】市川雛菜/Run4it.csv,2,3023004030010,雛菜,──透前辈～～～～～♡,市川雛菜,【ROOKIE!】市川雛菜,Run4it
市川雛菜/【ROOKIE!】市川雛菜/Run4it.csv,6,3023004030050,雛菜,"呀哈～！
透前辈班上班会结束了吗？",市川雛菜,【ROOKIE!】市川雛菜,Run4it
市川雛菜/【ROOKIE!】市川雛菜/Run4it.csv,10,3023004030090,雛菜,诶～？,市川雛菜,【ROOKIE!】市川雛菜,Run4it
市川雛菜/【ROOKIE!】市川雛菜/Run4it.csv,11,3023004030100,雛菜,"都已经是放学后~的氛围了
稍微吵一点也没事啊～",市川雛菜,【ROOKIE!】市川雛菜,Run4it
市川雛菜/【ROOKIE!】市川雛菜/Run4it.csv,12,3023004030110,雛菜,"此时是雏菜一天里
最精神的时候～！",市川雛菜,【ROOKIE!】市川雛菜,Run4it
市川雛菜/【ROOKIE!】市川雛菜/Run4it.csv,15,3023004030140,雛菜,嗯～？,市川雛菜,【ROOKIE!】市川雛菜,Run4it
市川雛菜/【ROOKIE!】市川雛菜/Run4it.csv,16,3023004030150,雛菜,"“和透前辈一起回家吧”这么说着的时候
刚好看到小系在",市川雛菜,【ROOKIE!】市川雛菜,Run4it
市川雛菜/【ROOKIE!】市川雛菜/Run4it.csv,17,3023004030160,雛菜,就带过来了,市川雛菜,【ROOKIE!】市川雛菜,Run4it
市川雛菜/【ROOKIE!】市川雛菜/Run4it.csv,18,3023004030170,雛菜,是吧～？,市川雛菜,【ROOKIE!】市川雛菜,Run4it
市川雛菜/【ROOKIE!】市川雛菜/Run4it.csv,26,3023004030250,雛菜,"好——！
雏菜要排第一个～！",市川雛菜,【ROOKIE!】市川雛菜,Run4it
市川雛菜/【ROOKIE!】市川雛菜/Run4it.csv,29,3023004030280,雛菜,"嗯～？
是这样吗～？",市川雛菜,【ROOKIE!】市川雛菜,Run4it
市川雛菜/【ROOKIE!】市川雛菜/Run4it.csv,30,3023004030290,雛菜,"那透前辈站第一～
雏菜我排第二！",市川雛菜,【ROOKIE!】市川雛菜,Run4it
市川雛菜/【ROOKIE!】市川雛菜/Run4it.csv,31,3023004030300,雛菜,出发～～～～～♡,市川雛菜,【ROOKIE!】市川雛菜,Run4it
市川雛菜/【ROOKIE!】市川雛菜/Run4it.csv,35,3023004030340,雛菜,小糸，快点～～～！,市川雛菜,【ROOKIE!】市川雛菜,Run4it
市川雛菜/【ROOKIE!】市川雛菜/Run4it.csv,40,3023004030370,雛菜,"啊哈～
被发火了～！",市川雛菜,【ROOKIE!】市川雛菜,Run4it
市川雛菜/【ROOKIE!】市川雛菜/Run4it.csv,41,3023004030380,雛菜,对不起～！,市川雛菜,【ROOKIE!】市川雛菜,Run4it
市川雛菜/【ROOKIE!】市川雛菜/Run4it.csv,45,3023004030420,雛菜,嗯～……,市川雛菜,【ROOKIE!】市川雛菜,Run4it
市川雛菜/【ROOKIE!】市川雛菜/Run4it.csv,46,3023004030430,雛菜,之后也得去给刚才那位老师颗糖果才行呢～！,市川雛菜,【ROOKIE!】市川雛菜,Run4it
市川雛菜/【ROOKIE!】市川雛菜/Run4it.csv,49,3023004030460,雛菜,"因为，不是说“如果碰到可怕的人的话
就必须给糖果才行”嘛？",市川雛菜,【ROOKIE!】市川雛菜,Run4it
市川雛菜/【ROOKIE!】市川雛菜/fast_hour.csv,2,3023004010010,雛菜,啊哈～……,市川雛菜,【ROOKIE!】市川雛菜,fast_hour
市川雛菜/【ROOKIE!】市川雛菜/fast_hour.csv,3,3023004010020,雛菜,真遗憾～,市川雛菜,【ROOKIE!】市川雛菜,fast_hour
市川雛菜/【ROOKIE!】市川雛菜/fast_hour.csv,4,3023004010030,雛菜,"还以为今天
能来得及的啊～",市川雛菜,【ROOKIE!】市川雛菜,fast_hour
市川雛菜/【ROOKIE!】市川雛菜/fast_hour.csv,5,3023004010040,雛菜,…………,市川雛菜,【ROOKIE!】市川雛菜,fast_hour
市川雛菜/【ROOKIE!】市川雛菜/fast_hour.csv,6,3023004010050,雛菜,…………啊哈～,市川雛菜,【ROOKIE!】市川雛菜,fast_hour
市川雛菜/【ROOKIE!】市川雛菜/fast_hour.csv,7,3023004010060,雛菜,嗯～～～～～……？,市川雛菜,【ROOKIE!】市川雛菜,fast_hour
市川雛菜/【ROOKIE!】市川雛菜/fast_hour.csv,8,3023004010070,雛菜,啊，有了～～～……！,市川雛菜,【ROOKIE!】市川雛菜,fast_hour
市川雛菜/【ROOKIE!】市川雛菜/fast_hour.csv,9,3023004010080,雛菜,透前辈～～～……♡,市川雛菜,【ROOKIE!】市川雛菜,fast_hour
市川雛菜/【ROOKIE!】市川雛菜/fast_hour.csv,11,3023004010100,雛菜,"嘘～！
不然要暴露了～……",市川雛菜,【ROOKIE!】市川雛菜,fast_hour
市川雛菜/【ROOKIE!】市川雛菜/fast_hour.csv,14,3023004010130,雛菜,"还以为能赶上第一节课
但最后还是差一点～",市川雛菜,【ROOKIE!】市川雛菜,fast_hour
市川雛菜/【ROOKIE!】市川雛菜/fast_hour.csv,15,3023004010140,雛菜,"然后偷偷在学校探险，
就发现透前辈了～～～♡",市川雛菜,【ROOKIE!】市川雛菜,fast_hour
市川雛菜/【ROOKIE!】市川雛菜/fast_hour.csv,17,3023004010160,雛菜,嗯～！,市川雛菜,【ROOKIE!】市川雛菜,fast_hour
市川雛菜/【ROOKIE!】市川雛菜/fast_hour.csv,18,3023004010170,雛菜,"……透前辈是在这
小角落里见习体育课吗？",市川雛菜,【ROOKIE!】市川雛菜,fast_hour
市川雛菜/【ROOKIE!】市川雛菜/fast_hour.csv,19,3023004010180,雛菜,……难道是身体不舒服～？,市川雛菜,【ROOKIE!】市川雛菜,fast_hour
市川雛菜/【ROOKIE!】市川雛菜/fast_hour.csv,21,3023004010200,雛菜,诶～！？,市川雛菜,【ROOKIE!】市川雛菜,fast_hour
市川雛菜/【ROOKIE!】市川雛菜/fast_hour.csv,23,3023004010220,雛菜,啊哈～，什么嘛～！,市川雛菜,【ROOKIE!】市川雛菜,fast_hour
市川雛菜/【ROOKIE!】市川雛菜/fast_hour.csv,24,3023004010230,雛菜,"要是能同班的话
就能把雏菜的运动衫借你了～……",市川雛菜,【ROOKIE!】市川雛菜,fast_hour
市川雛菜/【ROOKIE!】市川雛菜/fast_hour.csv,25,3023004010240,雛菜,"这样一来就是雏菜在旁见学～
看着透前辈！",市川雛菜,【ROOKIE!】市川雛菜,fast_hour
市川雛菜/【ROOKIE!】市川雛菜/fast_hour.csv,27,3023004010260,雛菜,"嗯～不过，
直接待在一起见习可能还更好些～",市川雛菜,【ROOKIE!】市川雛菜,fast_hour
市川雛菜/【ROOKIE!】市川雛菜/fast_hour.csv,28,3023004010270,雛菜,"那样的话
还能聊挺久的天呢～",市川雛菜,【ROOKIE!】市川雛菜,fast_hour
市川雛菜/【ROOKIE!】市川雛菜/fast_hour.csv,30,3023004010290,雛菜,啊，对哦！,市川雛菜,【ROOKIE!】市川雛菜,fast_hour
市川雛菜/【ROOKIE!】市川雛菜/fast_hour.csv,31,3023004010300,雛菜,那就保持这样吧～,市川雛菜,【ROOKIE!】市川雛菜,fast_hour
市川雛菜/【ROOKIE!】市川雛菜/fast_hour.csv,35,3023004010320,雛菜,"啊哈～
因为暴露了所以雏菜得走了～！",市川雛菜,【ROOKIE!】市川雛菜,fast_hour
市川雛菜/【ROOKIE!】市川雛菜/fast_hour.csv,36,3023004010330,雛菜,透前辈要过去集合哦～,市川雛菜,【ROOKIE!】市川雛菜,fast_hour
市川雛菜/【ROOKIE!】市川雛菜/fast_hour.csv,39,3023004010360,雛菜,"啊哈～
刚好下课铃响了！",市川雛菜,【ROOKIE!】市川雛菜,fast_hour
市川雛菜/【ROOKIE!】市川雛菜/fast_hour.csv,40,3023004010370,雛菜,那雏菜先走了哦～,市川雛菜,【ROOKIE!】市川雛菜,fast_hour
市川雛菜/【ROOKIE!】市川雛菜/fast_hour.csv,41,3023004010380,雛菜,"因为雏菜很棒
所以等下出席第二节课了！",市川雛菜,【ROOKIE!】市川雛菜,fast_hour
市川雛菜/【ROOKIE!】市川雛菜/fast_hour.csv,43,3023004010400,雛菜,之后再一起CHINE聊天吧～♡,市川雛菜,【ROOKIE!】市川雛菜,fast_hour
市川雛菜/【ROOKIE!】市川雛菜/fast_hour.csv,46,3023004010420,雛菜,"透前辈
快去快去～……！",市川雛菜,【ROOKIE!】市川雛菜,fast_hour
市川雛菜/【ROOKIE!】市川雛菜/fast_hour.csv,50,3023004010460,雛菜,诶～？,市川雛菜,【ROOKIE!】市川雛菜,fast_hour
市川雛菜/【ROOKIE!】市川雛菜/fast_hour.csv,53,3023004010490,雛菜,啊哈～那算啥啊～！,市川雛菜,【ROOKIE!】市川雛菜,fast_hour
市川雛菜/【ROOKIE!】市川雛菜/fast_hour.csv,54,3023004010500,雛菜,透前辈你不一直在见习吗～～～,市川雛菜,【ROOKIE!】市川雛菜,fast_hour
市川雛菜/【ReBIRTH】市川雛菜/00__03_hospital.csv,3,3023005010010,雛菜,"……？
什么——……？",市川雛菜,【ReBIRTH】市川雛菜,00__03_hospital
市川雛菜/【ReBIRTH】市川雛菜/00__03_hospital.csv,4,3023005010020,雛菜,,市川雛菜,【ReBIRTH】市川雛菜,00__03_hospital
市川雛菜/【ReBIRTH】市川雛菜/00__03_hospital.csv,5,3023005010030,雛菜,啊哈～……,市川雛菜,【ReBIRTH】市川雛菜,00__03_hospital
市川雛菜/【ReBIRTH】市川雛菜/00__03_hospital.csv,7,3023005010050,雛菜,总之前进就可以了吧～？,市川雛菜,【ReBIRTH】市川雛菜,00__03_hospital
市川雛菜/【ReBIRTH】市川雛菜/00__03_hospital.csv,12,3023005010100,雛菜,"……嗯～
你觉得，往这边可以吗～？",市川雛菜,【ReBIRTH】市川雛菜,00__03_hospital
市川雛菜/【ReBIRTH】市川雛菜/00__03_hospital.csv,14,3023005010120,雛菜,"诶～
雏菜也不知道啊～～～？",市川雛菜,【ReBIRTH】市川雛菜,00__03_hospital
市川雛菜/【ReBIRTH】市川雛菜/00__03_hospital.csv,17,3023005010150,雛菜,"……是吗？
那就这样～！",市川雛菜,【ReBIRTH】市川雛菜,00__03_hospital
市川雛菜/【ReBIRTH】市川雛菜/00__03_hospital.csv,20,3023005010180,雛菜,"小糸，从刚才开始
就一直在撞墙吧～？",市川雛菜,【ReBIRTH】市川雛菜,00__03_hospital
市川雛菜/【ReBIRTH】市川雛菜/00__03_hospital.csv,24,3023005010220,雛菜,小糸，害怕吗～？,市川雛菜,【ReBIRTH】市川雛菜,00__03_hospital
市川雛菜/【ReBIRTH】市川雛菜/00__03_hospital.csv,29,3023005010270,雛菜,"发出声音的那边有什么吗～
去一下比较好？",市川雛菜,【ReBIRTH】市川雛菜,00__03_hospital
市川雛菜/【ReBIRTH】市川雛菜/00__03_hospital.csv,31,3023005010290,雛菜,那就去看看吧～！,市川雛菜,【ReBIRTH】市川雛菜,00__03_hospital
市川雛菜/【ReBIRTH】市川雛菜/00__03_hospital.csv,33,3023005010310,雛菜,"诶～？
那小糸不去吗～？",市川雛菜,【ReBIRTH】市川雛菜,00__03_hospital
市川雛菜/【ReBIRTH】市川雛菜/00__03_hospital.csv,37,3023005010350,雛菜,"…………
小糸消失了～？",市川雛菜,【ReBIRTH】市川雛菜,00__03_hospital
市川雛菜/【ReBIRTH】市川雛菜/00__03_hospital.csv,39,3023005010370,雛菜,"啊哈～……
感觉比想象中的更加累人呢～",市川雛菜,【ReBIRTH】市川雛菜,00__03_hospital
市川雛菜/【ReBIRTH】市川雛菜/00__03_hospital.csv,42,3023005010400,雛菜,嗯～……？,市川雛菜,【ReBIRTH】市川雛菜,00__03_hospital
市川雛菜/【ReBIRTH】市川雛菜/00__03_hospital.csv,43,3023005010410,雛菜,边找边前进～！,市川雛菜,【ReBIRTH】市川雛菜,00__03_hospital
市川雛菜/【ReBIRTH】市川雛菜/00__03_hospital.csv,48,3023005010460,雛菜,"诶～
好像透前辈也消失了～！？",市川雛菜,【ReBIRTH】市川雛菜,00__03_hospital
市川雛菜/【ReBIRTH】市川雛菜/00__03_hospital.csv,49,3023005010470,雛菜,圆香前辈还在吗～？,市川雛菜,【ReBIRTH】市川雛菜,00__03_hospital
市川雛菜/【ReBIRTH】市川雛菜/00__03_hospital.csv,51,3023005010490,雛菜,啊哈～，什么嘛还在啊～！,市川雛菜,【ReBIRTH】市川雛菜,00__03_hospital
市川雛菜/【ReBIRTH】市川雛菜/00__03_hospital.csv,53,3023005010510,雛菜,"这边好像过不去的样子
可能得往一堆蜘蛛巢的那边走了～",市川雛菜,【ReBIRTH】市川雛菜,00__03_hospital
市川雛菜/【ReBIRTH】市川雛菜/00__03_hospital.csv,55,3023005010530,雛菜,圆香前辈，前面请～？,市川雛菜,【ReBIRTH】市川雛菜,00__03_hospital
市川雛菜/【ReBIRTH】市川雛菜/00__03_hospital.csv,57,3023005010550,雛菜,"啊哈～
好像在沙沙作响！",市川雛菜,【ReBIRTH】市川雛菜,00__03_hospital
市川雛菜/【ReBIRTH】市川雛菜/00__03_hospital.csv,58,3023005010560,雛菜,真恶心～！,市川雛菜,【ReBIRTH】市川雛菜,00__03_hospital
市川雛菜/【ReBIRTH】市川雛菜/00__03_hospital.csv,60,3023005010580,雛菜,,市川雛菜,【ReBIRTH】市川雛菜,00__03_hospital
市川雛菜/【ReBIRTH】市川雛菜/00__03_hospital.csv,61,3023005010590,雛菜,啊嘞，圆香前辈也不见了～？,市川雛菜,【ReBIRTH】市川雛菜,00__03_hospital
市川雛菜/【ReBIRTH】市川雛菜/00__03_hospital.csv,62,3023005010600,雛菜,"啊哈～
变得只剩雏菜一个人了～！",市川雛菜,【ReBIRTH】市川雛菜,00__03_hospital
市川雛菜/【ReBIRTH】市川雛菜/00__03_hospital.csv,63,3023005010610,雛菜,嘛，只能前进咯～,市川雛菜,【ReBIRTH】市川雛菜,00__03_hospital
市川雛菜/【ReBIRTH】市川雛菜/00__03_hospital.csv,64,3023005010620,雛菜,,市川雛菜,【ReBIRTH】市川雛菜,00__03_hospital
市川雛菜/【ReBIRTH】市川雛菜/00__03_hospital.csv,65,3023005010630,雛菜,"呜哇～……
又变得一片漆黑了～",市川雛菜,【ReBIRTH】市川雛菜,00__03_hospital
市川雛菜/【ReBIRTH】市川雛菜/00__03_hospital.csv,66,3023005010640,雛菜,,市川雛菜,【ReBIRTH】市川雛菜,00__03_hospital
市川雛菜/【ReBIRTH】市川雛菜/00__03_hospital.csv,67,3023005010650,雛菜,"只能打开这里的门前进了吧～
……虽然感觉肯定会有什么～……",市川雛菜,【ReBIRTH】市川雛菜,00__03_hospital
市川雛菜/【ReBIRTH】市川雛菜/00__03_hospital.csv,68,3023005010660,雛菜,————啊,市川雛菜,【ReBIRTH】市川雛菜,00__03_hospital
市川雛菜/【ReBIRTH】市川雛菜/00__03_hospital.csv,69,3023005010670,雛菜,"……啊哈～
果然死掉了～",市川雛菜,【ReBIRTH】市川雛菜,00__03_hospital
市川雛菜/【ReBIRTH】市川雛菜/01_hallway.csv,3,3023005020020,雛菜,嗯～？,市川雛菜,【ReBIRTH】市川雛菜,01_hallway
市川雛菜/【ReBIRTH】市川雛菜/01_hallway.csv,5,3023005020040,雛菜,诶～……,市川雛菜,【ReBIRTH】市川雛菜,01_hallway
市川雛菜/【ReBIRTH】市川雛菜/01_hallway.csv,8,3023005020070,雛菜,是说雏菜也一起去～？,市川雛菜,【ReBIRTH】市川雛菜,01_hallway
市川雛菜/【ReBIRTH】市川雛菜/01_hallway.csv,10,3023005020090,雛菜,"啊哈～
小糸你，还挺冒失的呢～",市川雛菜,【ReBIRTH】市川雛菜,01_hallway
市川雛菜/【ReBIRTH】市川雛菜/01_hallway.csv,12,3023005020110,雛菜,嗯～…………,市川雛菜,【ReBIRTH】市川雛菜,01_hallway
市川雛菜/【ReBIRTH】市川雛菜/01_hallway.csv,14,3023005020130,雛菜,————啊，这样啊～,市川雛菜,【ReBIRTH】市川雛菜,01_hallway
市川雛菜/【ReBIRTH】市川雛菜/01_hallway.csv,15,3023005020140,雛菜,"这里的走廊，感觉和哪里很像啊～
刚才这么想着",市川雛菜,【ReBIRTH】市川雛菜,01_hallway
市川雛菜/【ReBIRTH】市川雛菜/01_hallway.csv,16,3023005020150,雛菜,这不是和之前玩的恐怖游戏一样吗～？,市川雛菜,【ReBIRTH】市川雛菜,01_hallway
市川雛菜/【ReBIRTH】市川雛菜/01_hallway.csv,19,3023005020180,雛菜,但是，小糸也这么觉得吧～？,市川雛菜,【ReBIRTH】市川雛菜,01_hallway
市川雛菜/【ReBIRTH】市川雛菜/01_hallway.csv,21,3023005020200,雛菜,"啊哈～
是这样吗～？",市川雛菜,【ReBIRTH】市川雛菜,01_hallway
市川雛菜/【ReBIRTH】市川雛菜/01_hallway.csv,22,3023005020210,雛菜,总觉得抱歉啊～？,市川雛菜,【ReBIRTH】市川雛菜,01_hallway
市川雛菜/【ReBIRTH】市川雛菜/01_hallway.csv,25,3023005020240,雛菜,"诶～
是小糸落东西的吧～？",市川雛菜,【ReBIRTH】市川雛菜,01_hallway
市川雛菜/【ReBIRTH】市川雛菜/01_hallway.csv,28,3023005020270,雛菜,东西在吗～？,市川雛菜,【ReBIRTH】市川雛菜,01_hallway
市川雛菜/【ReBIRTH】市川雛菜/01_hallway.csv,30,3023005020290,雛菜,"这样～
话说小糸，落什么了～？",市川雛菜,【ReBIRTH】市川雛菜,01_hallway
市川雛菜/【ReBIRTH】市川雛菜/01_hallway.csv,32,3023005020310,雛菜,"诶～！？
为了教科书和笔记回来的～？",市川雛菜,【ReBIRTH】市川雛菜,01_hallway
市川雛菜/【ReBIRTH】市川雛菜/01_hallway.csv,34,3023005020330,雛菜,"雏菜，教科书
一直都放在学校了唷～？",市川雛菜,【ReBIRTH】市川雛菜,01_hallway
市川雛菜/【ReBIRTH】市川雛菜/01_hallway.csv,36,3023005020350,雛菜,啊哈～,市川雛菜,【ReBIRTH】市川雛菜,01_hallway
市川雛菜/【ReBIRTH】市川雛菜/01_hallway.csv,37,3023005020360,雛菜,"毕竟每天都带来带去的
不是很累人嘛～……？",市川雛菜,【ReBIRTH】市川雛菜,01_hallway
市川雛菜/【ReBIRTH】市川雛菜/01_hallway.csv,39,3023005020380,雛菜,嘛、小糸不在意的话那样就行了～,市川雛菜,【ReBIRTH】市川雛菜,01_hallway
市川雛菜/【ReBIRTH】市川雛菜/01_hallway.csv,43,3023005020420,雛菜,"而且这里的走廊，
也像之前的游戏一样对吧～？",市川雛菜,【ReBIRTH】市川雛菜,01_hallway
市川雛菜/【ReBIRTH】市川雛菜/01_hallway.csv,46,3023005020450,雛菜,"啊嘞～
刚才，好像有脚步声一样的——",市川雛菜,【ReBIRTH】市川雛菜,01_hallway
市川雛菜/【ReBIRTH】市川雛菜/01_hallway.csv,48,3023005020470,雛菜,"诶～
小糸～～～？",市川雛菜,【ReBIRTH】市川雛菜,01_hallway
市川雛菜/【ReBIRTH】市川雛菜/01_hallway.csv,49,3023005020480,雛菜,就算，不用跑也～……！,市川雛菜,【ReBIRTH】市川雛菜,01_hallway
市川雛菜/【ReBIRTH】市川雛菜/02_invitation.csv,2,3023005030010,雛菜,今天要通关哟～？,市川雛菜,【ReBIRTH】市川雛菜,02_invitation
市川雛菜/【ReBIRTH】市川雛菜/02_invitation.csv,7,3023005030060,雛菜,啊哈～小糸笨笨～～～,市川雛菜,【ReBIRTH】市川雛菜,02_invitation
市川雛菜/【ReBIRTH】市川雛菜/02_invitation.csv,9,3023005030080,雛菜,那样子能通关吗～？,市川雛菜,【ReBIRTH】市川雛菜,02_invitation
市川雛菜/【ReBIRTH】市川雛菜/02_invitation.csv,11,3023005030100,雛菜,"……说是这样说，
雏菜也不知道该往哪前进就是了～",市川雛菜,【ReBIRTH】市川雛菜,02_invitation
市川雛菜/【ReBIRTH】市川雛菜/02_invitation.csv,13,3023005030120,雛菜,"诶～
圆香前辈为什么会知道～？",市川雛菜,【ReBIRTH】市川雛菜,02_invitation
市川雛菜/【ReBIRTH】市川雛菜/02_invitation.csv,18,3023005030170,雛菜,"什么嘛，那样的话
就能轻松通关了呢～",市川雛菜,【ReBIRTH】市川雛菜,02_invitation
市川雛菜/【ReBIRTH】市川雛菜/02_invitation.csv,24,3023005030230,雛菜,"啊～，有什么来了～？
妖怪～？",市川雛菜,【ReBIRTH】市川雛菜,02_invitation
市川雛菜/【ReBIRTH】市川雛菜/02_invitation.csv,28,3023005030270,雛菜,那么就～,市川雛菜,【ReBIRTH】市川雛菜,02_invitation
市川雛菜/【ReBIRTH】市川雛菜/02_invitation.csv,29,3023005030280,雛菜,"那里左边，
尽头的房间里的储物柜来着～？",市川雛菜,【ReBIRTH】市川雛菜,02_invitation
市川雛菜/【ReBIRTH】市川雛菜/02_invitation.csv,31,3023005030300,雛菜,"诶～～～
那怎么办～？",市川雛菜,【ReBIRTH】市川雛菜,02_invitation
市川雛菜/【ReBIRTH】市川雛菜/02_invitation.csv,34,3023005030330,雛菜,逃～？,市川雛菜,【ReBIRTH】市川雛菜,02_invitation
市川雛菜/【ReBIRTH】市川雛菜/02_invitation.csv,35,3023005030340,雛菜,"啊～
往反向前进～",市川雛菜,【ReBIRTH】市川雛菜,02_invitation
市川雛菜/【ReBIRTH】市川雛菜/02_invitation.csv,36,3023005030350,雛菜,"…………
好像前进不了耶～",市川雛菜,【ReBIRTH】市川雛菜,02_invitation
市川雛菜/【ReBIRTH】市川雛菜/02_invitation.csv,41,3023005030400,雛菜,"……啊哈～
果然死掉了～",市川雛菜,【ReBIRTH】市川雛菜,02_invitation
市川雛菜/【ReBIRTH】市川雛菜/02_invitation.csv,44,3023005030430,雛菜,"嗯～
啊、雏菜～？",市川雛菜,【ReBIRTH】市川雛菜,02_invitation
市川雛菜/【ReBIRTH】市川雛菜/02_invitation.csv,45,3023005030440,雛菜,"……什么啊
是制作人打来的～",市川雛菜,【ReBIRTH】市川雛菜,02_invitation
市川雛菜/【ReBIRTH】市川雛菜/02_invitation.csv,46,3023005030450,雛菜,"喂喂
制作人？",市川雛菜,【ReBIRTH】市川雛菜,02_invitation
市川雛菜/【ReBIRTH】市川雛菜/02_invitation.csv,48,3023005030460,雛菜,"……？
什么——……？",市川雛菜,【ReBIRTH】市川雛菜,02_invitation
市川雛菜/【ReBIRTH】市川雛菜/02_invitation.csv,49,3023005030470,雛菜,"好像
听不太清楚～？",市川雛菜,【ReBIRTH】市川雛菜,02_invitation
市川雛菜/【ReBIRTH】市川雛菜/02_invitation.csv,51,3023005030480,雛菜,"啊、听得到了～！
什么事～？",市川雛菜,【ReBIRTH】市川雛菜,02_invitation
市川雛菜/【ReBIRTH】市川雛菜/02_invitation.csv,53,3023005030490,雛菜,"啊哈～，因为现在大家在一起玩游戏！
打开扬声器咯～？",市川雛菜,【ReBIRTH】市川雛菜,02_invitation
市川雛菜/【ReBIRTH】市川雛菜/02_invitation.csv,54,3023005030500,雛菜,"然后，
新的工作说的是什么～？",市川雛菜,【ReBIRTH】市川雛菜,02_invitation
市川雛菜/【ReBIRTH】市川雛菜/02_invitation.csv,56,3023005030510,雛菜,诶～…………！,市川雛菜,【ReBIRTH】市川雛菜,02_invitation
市川雛菜/【S!GNATURE】市川雛菜/283NG!.csv,2,2023008020010,雛菜,"“抱歉迟到了！
已经差不多要到了”",市川雛菜,【S!GNATURE】市川雛菜,283NG!
市川雛菜/【S!GNATURE】市川雛菜/283NG!.csv,3,2023008020020,雛菜,,市川雛菜,【S!GNATURE】市川雛菜,283NG!
市川雛菜/【S!GNATURE】市川雛菜/283NG!.csv,4,2023008020030,雛菜,,市川雛菜,【S!GNATURE】市川雛菜,283NG!
市川雛菜/【S!GNATURE】市川雛菜/283NG!.csv,8,2023008020040,雛菜,,市川雛菜,【S!GNATURE】市川雛菜,283NG!
市川雛菜/【S!GNATURE】市川雛菜/283NG!.csv,11,2023008020050,雛菜,,市川雛菜,【S!GNATURE】市川雛菜,283NG!
市川雛菜/【S!GNATURE】市川雛菜/283NG!.csv,13,2023008020060,雛菜,,市川雛菜,【S!GNATURE】市川雛菜,283NG!
市川雛菜/【S!GNATURE】市川雛菜/283NG!.csv,15,2023008020070,雛菜,"……啊～……
是的～",市川雛菜,【S!GNATURE】市川雛菜,283NG!
市川雛菜/【S!GNATURE】市川雛菜/283NG!.csv,19,2023008020080,雛菜,啊～……,市川雛菜,【S!GNATURE】市川雛菜,283NG!
市川雛菜/【S!GNATURE】市川雛菜/283NG!.csv,20,2023008020090,雛菜,"抱歉
这种事情是不允许的～",市川雛菜,【S!GNATURE】市川雛菜,283NG!
市川雛菜/【S!GNATURE】市川雛菜/283NG!.csv,22,2023008020100,雛菜,…………啊,市川雛菜,【S!GNATURE】市川雛菜,283NG!
市川雛菜/【S!GNATURE】市川雛菜/283NG!.csv,23,2023008020110,雛菜,"接我的人到了～
我先走了～",市川雛菜,【S!GNATURE】市川雛菜,283NG!
市川雛菜/【S!GNATURE】市川雛菜/283NG!.csv,27,2023008020120,雛菜,"诶～……
为什么……？",市川雛菜,【S!GNATURE】市川雛菜,283NG!
市川雛菜/【S!GNATURE】市川雛菜/283NG!.csv,29,2023008020130,雛菜,"嗯～……
倒是没有生气～……",市川雛菜,【S!GNATURE】市川雛菜,283NG!
市川雛菜/【S!GNATURE】市川雛菜/283NG!.csv,30,2023008020140,雛菜,,市川雛菜,【S!GNATURE】市川雛菜,283NG!
市川雛菜/【S!GNATURE】市川雛菜/283NG!.csv,31,2023008020150,雛菜,"呐、制作人
还有时间吗～？",市川雛菜,【S!GNATURE】市川雛菜,283NG!
市川雛菜/【S!GNATURE】市川雛菜/283NG!.csv,33,2023008020160,雛菜,雏菜想去便利店～,市川雛菜,【S!GNATURE】市川雛菜,283NG!
市川雛菜/【S!GNATURE】市川雛菜/283NG!.csv,35,2023008020170,雛菜,"诶～？
超多点心～",市川雛菜,【S!GNATURE】市川雛菜,283NG!
市川雛菜/【S!GNATURE】市川雛菜/283NG!.csv,38,2023008020180,雛菜,"嗯～！
快点去吧～",市川雛菜,【S!GNATURE】市川雛菜,283NG!
市川雛菜/【S!GNATURE】市川雛菜/283NG!.csv,39,2023008020190,雛菜,雏菜，有很多想吃的东西～！,市川雛菜,【S!GNATURE】市川雛菜,283NG!
市川雛菜/【S!GNATURE】市川雛菜/283NG!.csv,41,2023008020200,雛菜,"没有
这倒没事",市川雛菜,【S!GNATURE】市川雛菜,283NG!
市川雛菜/【S!GNATURE】市川雛菜/283NG!.csv,42,2023008020210,雛菜,,市川雛菜,【S!GNATURE】市川雛菜,283NG!
市川雛菜/【S!GNATURE】市川雛菜/283NG!.csv,43,2023008020220,雛菜,"呐，制作人
雏菜的毛毯在哪来着",市川雛菜,【S!GNATURE】市川雛菜,283NG!
市川雛菜/【S!GNATURE】市川雛菜/283NG!.csv,44,2023008020230,雛菜,"之前放在车里的那个
Yuakuma的",市川雛菜,【S!GNATURE】市川雛菜,283NG!
市川雛菜/【S!GNATURE】市川雛菜/283NG!.csv,46,2023008020240,雛菜,嗯～……,市川雛菜,【S!GNATURE】市川雛菜,283NG!
市川雛菜/【S!GNATURE】市川雛菜/283NG!.csv,47,2023008020250,雛菜,……啊、找到了～,市川雛菜,【S!GNATURE】市川雛菜,283NG!
市川雛菜/【S!GNATURE】市川雛菜/283NG!.csv,49,2023008020260,雛菜,"那么雏菜在路上睡一觉～
到了的话再把我叫醒吧～？",市川雛菜,【S!GNATURE】市川雛菜,283NG!
市川雛菜/【S!GNATURE】市川雛菜/283NG!.csv,50,2023008020270,雛菜,晚安～……,市川雛菜,【S!GNATURE】市川雛菜,283NG!
市川雛菜/【S!GNATURE】市川雛菜/283NG!.csv,52,2023008020280,雛菜,,市川雛菜,【S!GNATURE】市川雛菜,283NG!
市川雛菜/【S!GNATURE】市川雛菜/283NG!.csv,53,2023008020290,雛菜,"嗯～……
没什么～",市川雛菜,【S!GNATURE】市川雛菜,283NG!
市川雛菜/【S!GNATURE】市川雛菜/283NG!.csv,54,2023008020300,雛菜,好像，被不认识的人搭话了～……？,市川雛菜,【S!GNATURE】市川雛菜,283NG!
市川雛菜/【S!GNATURE】市川雛菜/283NG!.csv,56,2023008020310,雛菜,"嗯～
是一个学校的……前辈？  所以没事",市川雛菜,【S!GNATURE】市川雛菜,283NG!
市川雛菜/【S!GNATURE】市川雛菜/283NG!.csv,57,2023008020320,雛菜,"问我能不能一起拍照发Twesta？  
顺便要个签名什么的",市川雛菜,【S!GNATURE】市川雛菜,283NG!
市川雛菜/【S!GNATURE】市川雛菜/283NG!.csv,59,2023008020330,雛菜,"诶～
不是哦～",市川雛菜,【S!GNATURE】市川雛菜,283NG!
市川雛菜/【S!GNATURE】市川雛菜/283NG!.csv,60,2023008020340,雛菜,好像连雏菜的名字都不知道～,市川雛菜,【S!GNATURE】市川雛菜,283NG!
市川雛菜/【S!GNATURE】市川雛菜/283NG!.csv,61,2023008020350,雛菜,就是不知道我这个人的感觉～,市川雛菜,【S!GNATURE】市川雛菜,283NG!
市川雛菜/【S!GNATURE】市川雛菜/283NG!.csv,63,2023008020360,雛菜,然后我说有人来接我就先走了！,市川雛菜,【S!GNATURE】市川雛菜,283NG!
市川雛菜/【S!GNATURE】市川雛菜/283NG!.csv,65,2023008020370,雛菜,真奇怪呢～明明都不知道雏菜,市川雛菜,【S!GNATURE】市川雛菜,283NG!
市川雛菜/【S!GNATURE】市川雛菜/283NG!.csv,66,2023008020380,雛菜,"这样的话那拍照和签名
都没有意义",市川雛菜,【S!GNATURE】市川雛菜,283NG!
市川雛菜/【S!GNATURE】市川雛菜/Follow_er.csv,2,2023008030010,雛菜,"呐、制作人
之后有什么安排吗？",市川雛菜,【S!GNATURE】市川雛菜,Follow_er
市川雛菜/【S!GNATURE】市川雛菜/Follow_er.csv,4,2023008030020,雛菜,"不是雏菜
制作人你的安排呢～？",市川雛菜,【S!GNATURE】市川雛菜,Follow_er
市川雛菜/【S!GNATURE】市川雛菜/Follow_er.csv,6,2023008030030,雛菜,"诶～……
那么现在有时间吗～？",市川雛菜,【S!GNATURE】市川雛菜,Follow_er
市川雛菜/【S!GNATURE】市川雛菜/Follow_er.csv,8,2023008030040,雛菜,雏菜，有个想去的地方～！,市川雛菜,【S!GNATURE】市川雛菜,Follow_er
市川雛菜/【S!GNATURE】市川雛菜/Follow_er.csv,11,2023008030050,雛菜,"真的呢～！
不愧是网红店～",市川雛菜,【S!GNATURE】市川雛菜,Follow_er
市川雛菜/【S!GNATURE】市川雛菜/Follow_er.csv,12,2023008030060,雛菜,大家是不是都在Twesta之类的看到了呢～？,市川雛菜,【S!GNATURE】市川雛菜,Follow_er
市川雛菜/【S!GNATURE】市川雛菜/Follow_er.csv,16,2023008030070,雛菜,"嗯～……虽然队列很长
但是雏菜还是想自己看到再选！",市川雛菜,【S!GNATURE】市川雛菜,Follow_er
市川雛菜/【S!GNATURE】市川雛菜/Follow_er.csv,18,2023008030080,雛菜,"嗯～！
也想看看除了被发到Twesta上的以外的其它款～",市川雛菜,【S!GNATURE】市川雛菜,Follow_er
市川雛菜/【S!GNATURE】市川雛菜/Follow_er.csv,20,2023008030090,雛菜,就是～…………,市川雛菜,【S!GNATURE】市川雛菜,Follow_er
市川雛菜/【S!GNATURE】市川雛菜/Follow_er.csv,22,2023008030100,雛菜,,市川雛菜,【S!GNATURE】市川雛菜,Follow_er
市川雛菜/【S!GNATURE】市川雛菜/Follow_er.csv,24,2023008030110,雛菜,诶～……？,市川雛菜,【S!GNATURE】市川雛菜,Follow_er
市川雛菜/【S!GNATURE】市川雛菜/Follow_er.csv,26,2023008030120,雛菜,"啊哈～是的吗？
谢谢",市川雛菜,【S!GNATURE】市川雛菜,Follow_er
市川雛菜/【S!GNATURE】市川雛菜/Follow_er.csv,28,2023008030130,雛菜,,市川雛菜,【S!GNATURE】市川雛菜,Follow_er
市川雛菜/【S!GNATURE】市川雛菜/Follow_er.csv,30,2023008030140,雛菜,嗯～……,市川雛菜,【S!GNATURE】市川雛菜,Follow_er
市川雛菜/【S!GNATURE】市川雛菜/Follow_er.csv,31,2023008030150,雛菜,"抱歉
我们已经准备要离开了",市川雛菜,【S!GNATURE】市川雛菜,Follow_er
市川雛菜/【S!GNATURE】市川雛菜/Follow_er.csv,32,2023008030160,雛菜,"呐？
制作人",市川雛菜,【S!GNATURE】市川雛菜,Follow_er
市川雛菜/【S!GNATURE】市川雛菜/Follow_er.csv,36,2023008030170,雛菜,"啊哈～
谢谢你",市川雛菜,【S!GNATURE】市川雛菜,Follow_er
市川雛菜/【S!GNATURE】市川雛菜/Follow_er.csv,41,2023008030180,雛菜,"什么～？
团子～？",市川雛菜,【S!GNATURE】市川雛菜,Follow_er
市川雛菜/【S!GNATURE】市川雛菜/Follow_er.csv,42,2023008030190,雛菜,"没办法呢～
下次再来就行了",市川雛菜,【S!GNATURE】市川雛菜,Follow_er
市川雛菜/【S!GNATURE】市川雛菜/Follow_er.csv,45,2023008030200,雛菜,"说是粉丝
他说的是点了关注吧～？",市川雛菜,【S!GNATURE】市川雛菜,Follow_er
市川雛菜/【S!GNATURE】市川雛菜/Follow_er.csv,48,2023008030210,雛菜,"诶～
为什么～？",市川雛菜,【S!GNATURE】市川雛菜,Follow_er
市川雛菜/【S!GNATURE】市川雛菜/Follow_er.csv,49,2023008030220,雛菜,"雏菜
不会签的哦～",市川雛菜,【S!GNATURE】市川雛菜,Follow_er
市川雛菜/【S!GNATURE】市川雛菜/Follow_er.csv,51,2023008030230,雛菜,"嗯～！
所以没有拿笔出来太好了～",市川雛菜,【S!GNATURE】市川雛菜,Follow_er
市川雛菜/【S!GNATURE】市川雛菜/Follow_er.csv,53,2023008030240,雛菜,"诶～
什么～？",市川雛菜,【S!GNATURE】市川雛菜,Follow_er
市川雛菜/【S!GNATURE】市川雛菜/Follow_er.csv,55,2023008030250,雛菜,"啊～……
是吗～？",市川雛菜,【S!GNATURE】市川雛菜,Follow_er
市川雛菜/【S!GNATURE】市川雛菜/Follow_er.csv,56,2023008030260,雛菜,"时不时会遇到这样的事情
就感觉没有那么夸张了～",市川雛菜,【S!GNATURE】市川雛菜,Follow_er
市川雛菜/【S!GNATURE】市川雛菜/Follow_er.csv,58,2023008030270,雛菜,但是今天制作人在真是太好了～,市川雛菜,【S!GNATURE】市川雛菜,Follow_er
市川雛菜/【S!GNATURE】市川雛菜/Follow_er.csv,59,2023008030280,雛菜,"也有那种非常粘的人
或者擅自拍照的人～？",市川雛菜,【S!GNATURE】市川雛菜,Follow_er
市川雛菜/【S!GNATURE】市川雛菜/Follow_er.csv,61,2023008030290,雛菜,"但是，今天这位比较诚惶诚恐
让我也觉得有点抱歉的感觉了",市川雛菜,【S!GNATURE】市川雛菜,Follow_er
市川雛菜/【S!GNATURE】市川雛菜/Follow_er.csv,63,2023008030300,雛菜,"嗯～？
什么～？",市川雛菜,【S!GNATURE】市川雛菜,Follow_er
市川雛菜/【S!GNATURE】市川雛菜/Follow_er.csv,66,2023008030310,雛菜,"嗯～
是的呢～",市川雛菜,【S!GNATURE】市川雛菜,Follow_er
市川雛菜/【S!GNATURE】市川雛菜/Follow_er.csv,69,2023008030320,雛菜,"啊哈～
可能是吧～",市川雛菜,【S!GNATURE】市川雛菜,Follow_er
市川雛菜/【S!GNATURE】市川雛菜/Follow_er.csv,70,2023008030330,雛菜,"现在人气非常高～
平时白天的话会不会空一些呢～？",市川雛菜,【S!GNATURE】市川雛菜,Follow_er
市川雛菜/【S!GNATURE】市川雛菜/HINANA_).csv,2,2023008010010,雛菜,嗯～～～～～……,市川雛菜,【S!GNATURE】市川雛菜,HINANA_)
市川雛菜/【S!GNATURE】市川雛菜/HINANA_).csv,4,2023008010020,雛菜,"啊哈～
真的么～？",市川雛菜,【S!GNATURE】市川雛菜,HINANA_)
市川雛菜/【S!GNATURE】市川雛菜/HINANA_).csv,5,2023008010030,雛菜,那就休息一下～……,市川雛菜,【S!GNATURE】市川雛菜,HINANA_)
市川雛菜/【S!GNATURE】市川雛菜/HINANA_).csv,7,2023008010040,雛菜,"对呀～
手都酸了～……",市川雛菜,【S!GNATURE】市川雛菜,HINANA_)
市川雛菜/【S!GNATURE】市川雛菜/HINANA_).csv,11,2023008010050,雛菜,诶～,市川雛菜,【S!GNATURE】市川雛菜,HINANA_)
市川雛菜/【S!GNATURE】市川雛菜/HINANA_).csv,12,2023008010060,雛菜,"但是，写得太快的话
不是会显得不太可爱吗～？",市川雛菜,【S!GNATURE】市川雛菜,HINANA_)
市川雛菜/【S!GNATURE】市川雛菜/HINANA_).csv,13,2023008010070,雛菜,雏菜的签名,市川雛菜,【S!GNATURE】市川雛菜,HINANA_)
市川雛菜/【S!GNATURE】市川雛菜/HINANA_).csv,15,2023008010080,雛菜,嗯～！,市川雛菜,【S!GNATURE】市川雛菜,HINANA_)
市川雛菜/【S!GNATURE】市川雛菜/HINANA_).csv,16,2023008010090,雛菜,你看，很可爱吧～？,市川雛菜,【S!GNATURE】市川雛菜,HINANA_)
市川雛菜/【S!GNATURE】市川雛菜/HINANA_).csv,17,2023008010100,雛菜,每一个的表情都是会有些不同～,市川雛菜,【S!GNATURE】市川雛菜,HINANA_)
市川雛菜/【S!GNATURE】市川雛菜/HINANA_).csv,19,2023008010110,雛菜,"啊哈～
但是还有很多没弄完～……",市川雛菜,【S!GNATURE】市川雛菜,HINANA_)
市川雛菜/【S!GNATURE】市川雛菜/HINANA_).csv,20,2023008010120,雛菜,还有没有没用过的表情呢～,市川雛菜,【S!GNATURE】市川雛菜,HINANA_)
市川雛菜/【S!GNATURE】市川雛菜/HINANA_).csv,23,2023008010130,雛菜,,市川雛菜,【S!GNATURE】市川雛菜,HINANA_)
市川雛菜/【S!GNATURE】市川雛菜/HINANA_).csv,26,2023008010140,雛菜,是吗～……,市川雛菜,【S!GNATURE】市川雛菜,HINANA_)
市川雛菜/【S!GNATURE】市川雛菜/HINANA_).csv,27,2023008010150,雛菜,"是的呢
都跑到店里来，用钱来买呢",市川雛菜,【S!GNATURE】市川雛菜,HINANA_)
市川雛菜/【S!GNATURE】市川雛菜/HINANA_).csv,28,2023008010160,雛菜,总感觉很厉害呢～,市川雛菜,【S!GNATURE】市川雛菜,HINANA_)
市川雛菜/【S!GNATURE】市川雛菜/HINANA_).csv,34,2023008010170,雛菜,"嗯～
所以现在才在努力",市川雛菜,【S!GNATURE】市川雛菜,HINANA_)
市川雛菜/【S!GNATURE】市川雛菜/HINANA_).csv,36,2023008010180,雛菜,"嗯～……
下一个用什么样的表情呢～……",市川雛菜,【S!GNATURE】市川雛菜,HINANA_)
市川雛菜/【S!GNATURE】市川雛菜/HINANA_).csv,39,2023008010190,雛菜,"嗯～？
我～……",市川雛菜,【S!GNATURE】市川雛菜,HINANA_)
市川雛菜/【S!GNATURE】市川雛菜/HINANA_).csv,40,2023008010200,雛菜,总之，要甜的～……,市川雛菜,【S!GNATURE】市川雛菜,HINANA_)
市川雛菜/【S!GNATURE】市川雛菜/HINANA_).csv,42,2023008010210,雛菜,"嗯～……
感谢吗～……",市川雛菜,【S!GNATURE】市川雛菜,HINANA_)
市川雛菜/【S!GNATURE】市川雛菜/HINANA_).csv,43,2023008010220,雛菜,是要怎么才能带着感谢的心情呢？,市川雛菜,【S!GNATURE】市川雛菜,HINANA_)
市川雛菜/【S!GNATURE】市川雛菜/HINANA_).csv,45,2023008010230,雛菜,"用心慢慢写的话
就能变成带着感谢之情了吗？",市川雛菜,【S!GNATURE】市川雛菜,HINANA_)
市川雛菜/【S!GNATURE】市川雛菜/HINANA_).csv,48,2023008010240,雛菜,"那么轻轻松松就签完名的人
就完全没有感谢的心情吗",市川雛菜,【S!GNATURE】市川雛菜,HINANA_)
市川雛菜/【S!GNATURE】市川雛菜/HINANA_).csv,51,2023008010250,雛菜,"诶～
因为，这是",市川雛菜,【S!GNATURE】市川雛菜,HINANA_)
市川雛菜/【S!GNATURE】市川雛菜/HINANA_).csv,52,2023008010260,雛菜,雏菜的签名能签得可爱的话就会比较高兴吧,市川雛菜,【S!GNATURE】市川雛菜,HINANA_)
市川雛菜/【S!GNATURE】市川雛菜/HINANA_).csv,53,2023008010270,雛菜,我自己,市川雛菜,【S!GNATURE】市川雛菜,HINANA_)
市川雛菜/【S!GNATURE】市川雛菜/HINANA_).csv,55,2023008010280,雛菜,…………这样～,市川雛菜,【S!GNATURE】市川雛菜,HINANA_)
市川雛菜/【S!GNATURE】市川雛菜/HINANA_).csv,56,2023008010290,雛菜,那么，雏菜也要写得开心才行呢～,市川雛菜,【S!GNATURE】市川雛菜,HINANA_)
市川雛菜/【S!GNATURE】市川雛菜/HINANA_).csv,58,2023008010300,雛菜,"因为，如果大家买到了我非常幸福快乐
签名的话",市川雛菜,【S!GNATURE】市川雛菜,HINANA_)
市川雛菜/【S!GNATURE】市川雛菜/HINANA_).csv,59,2023008010310,雛菜,那么大家也会变得幸福～？,市川雛菜,【S!GNATURE】市川雛菜,HINANA_)
市川雛菜/【S!GNATURE】市川雛菜/HINANA_).csv,60,2023008010320,雛菜,我也不知道～,市川雛菜,【S!GNATURE】市川雛菜,HINANA_)
市川雛菜/【S!GNATURE】市川雛菜/PR♡DUCE.csv,3,2023008040010,雛菜,,市川雛菜,【S!GNATURE】市川雛菜,PR♡DUCE
市川雛菜/【S!GNATURE】市川雛菜/PR♡DUCE.csv,4,2023008040020,雛菜,我来了，制作人～！,市川雛菜,【S!GNATURE】市川雛菜,PR♡DUCE
市川雛菜/【S!GNATURE】市川雛菜/PR♡DUCE.csv,6,2023008040030,雛菜,"嗯～！
制作人，准备好了吗～？",市川雛菜,【S!GNATURE】市川雛菜,PR♡DUCE
市川雛菜/【S!GNATURE】市川雛菜/PR♡DUCE.csv,10,2023008040040,雛菜,是啊～,市川雛菜,【S!GNATURE】市川雛菜,PR♡DUCE
市川雛菜/【S!GNATURE】市川雛菜/PR♡DUCE.csv,11,2023008040050,雛菜,"呀哈～
是兔兔团子～！",市川雛菜,【S!GNATURE】市川雛菜,PR♡DUCE
市川雛菜/【S!GNATURE】市川雛菜/PR♡DUCE.csv,13,2023008040060,雛菜,是的呢～！,市川雛菜,【S!GNATURE】市川雛菜,PR♡DUCE
市川雛菜/【S!GNATURE】市川雛菜/PR♡DUCE.csv,15,2023008040070,雛菜,"嗯～！
我开动了～！",市川雛菜,【S!GNATURE】市川雛菜,PR♡DUCE
市川雛菜/【S!GNATURE】市川雛菜/PR♡DUCE.csv,17,2023008040080,雛菜,,市川雛菜,【S!GNATURE】市川雛菜,PR♡DUCE
市川雛菜/【S!GNATURE】市川雛菜/PR♡DUCE.csv,20,2023008040090,雛菜,"啊哈～
正常～？",市川雛菜,【S!GNATURE】市川雛菜,PR♡DUCE
市川雛菜/【S!GNATURE】市川雛菜/PR♡DUCE.csv,23,2023008040100,雛菜,…………嗯～……,市川雛菜,【S!GNATURE】市川雛菜,PR♡DUCE
市川雛菜/【S!GNATURE】市川雛菜/PR♡DUCE.csv,25,2023008040110,雛菜,"不是～
并不是这样～……",市川雛菜,【S!GNATURE】市川雛菜,PR♡DUCE
市川雛菜/【S!GNATURE】市川雛菜/PR♡DUCE.csv,26,2023008040120,雛菜,……“稀少高级红豆与和三盆组合而成的馅”,市川雛菜,【S!GNATURE】市川雛菜,PR♡DUCE
市川雛菜/【S!GNATURE】市川雛菜/PR♡DUCE.csv,27,2023008040130,雛菜,"“独门配方的最高级素材御手洗的蘸酱
极致考究的一团”",市川雛菜,【S!GNATURE】市川雛菜,PR♡DUCE
市川雛菜/【S!GNATURE】市川雛菜/PR♡DUCE.csv,28,2023008040140,雛菜,是这样写着的～？,市川雛菜,【S!GNATURE】市川雛菜,PR♡DUCE
市川雛菜/【S!GNATURE】市川雛菜/PR♡DUCE.csv,30,2023008040150,雛菜,"你看，大大的
写在这里呢～？",市川雛菜,【S!GNATURE】市川雛菜,PR♡DUCE
市川雛菜/【S!GNATURE】市川雛菜/PR♡DUCE.csv,33,2023008040160,雛菜,"诶～
真的吗～？",市川雛菜,【S!GNATURE】市川雛菜,PR♡DUCE
市川雛菜/【S!GNATURE】市川雛菜/PR♡DUCE.csv,35,2023008040170,雛菜,啊哈～……,市川雛菜,【S!GNATURE】市川雛菜,PR♡DUCE
市川雛菜/【S!GNATURE】市川雛菜/PR♡DUCE.csv,36,2023008040180,雛菜,,市川雛菜,【S!GNATURE】市川雛菜,PR♡DUCE
市川雛菜/【S!GNATURE】市川雛菜/PR♡DUCE.csv,37,2023008040190,雛菜,"吃下去的话
都是一个样就是了",市川雛菜,【S!GNATURE】市川雛菜,PR♡DUCE
市川雛菜/【S!GNATURE】市川雛菜/PR♡DUCE.csv,38,2023008040200,雛菜,"卖得这么火
外表和内容都是成功的基础吧",市川雛菜,【S!GNATURE】市川雛菜,PR♡DUCE
市川雛菜/【S!GNATURE】市川雛菜/PR♡DUCE.csv,40,2023008040210,雛菜,可能是吧～,市川雛菜,【S!GNATURE】市川雛菜,PR♡DUCE
市川雛菜/【S!GNATURE】市川雛菜/PR♡DUCE.csv,41,2023008040220,雛菜,"但是，如果觉得只有外表能看的时候
如果真的和想的一样马上就会被淘汰吧",市川雛菜,【S!GNATURE】市川雛菜,PR♡DUCE
市川雛菜/【S!GNATURE】市川雛菜/PR♡DUCE.csv,43,2023008040230,雛菜,"雏菜也，想有一天能当
甜点的制作人呢",市川雛菜,【S!GNATURE】市川雛菜,PR♡DUCE
市川雛菜/【S!GNATURE】市川雛菜/PR♡DUCE.csv,45,2023008040240,雛菜,"不是～
虽然雏菜也喜欢团子",市川雛菜,【S!GNATURE】市川雛菜,PR♡DUCE
市川雛菜/【S!GNATURE】市川雛菜/PR♡DUCE.csv,46,2023008040250,雛菜,但是果然还是更喜欢蛋糕之类的！,市川雛菜,【S!GNATURE】市川雛菜,PR♡DUCE
市川雛菜/【S!GNATURE】市川雛菜/fan(tastic）.csv,2,2023008110010,雛菜,嗯～……,市川雛菜,【S!GNATURE】市川雛菜,fan(tastic）
市川雛菜/【S!GNATURE】市川雛菜/fan(tastic）.csv,4,2023008110020,雛菜,"诶～
啊，我在想签绘上要画的表情怎么才能可爱",市川雛菜,【S!GNATURE】市川雛菜,fan(tastic）
市川雛菜/【S!GNATURE】市川雛菜/fan(tastic）.csv,6,2023008110030,雛菜,没有多想几种类型的话到要画时候会卡壳吧～？,市川雛菜,【S!GNATURE】市川雛菜,fan(tastic）
市川雛菜/【S!GNATURE】市川雛菜/fan(tastic）.csv,8,2023008110040,雛菜,"是么～
不行么～……",市川雛菜,【S!GNATURE】市川雛菜,fan(tastic）
市川雛菜/【S!GNATURE】市川雛菜/fan(tastic）.csv,11,2023008110050,雛菜,……嗯～……,市川雛菜,【S!GNATURE】市川雛菜,fan(tastic）
市川雛菜/【S!GNATURE】市川雛菜/fan(tastic）.csv,12,2023008110060,雛菜,"呐，制作人
那就来和雏菜练习签名会吧～！",市川雛菜,【S!GNATURE】市川雛菜,fan(tastic）
市川雛菜/【S!GNATURE】市川雛菜/fan(tastic）.csv,14,2023008110070,雛菜,"那么雏菜就演粉丝
制作人就当偶像吧！",市川雛菜,【S!GNATURE】市川雛菜,fan(tastic）
市川雛菜/【S!GNATURE】市川雛菜/fan(tastic）.csv,17,2023008110080,雛菜,"诶～
需要一个参考模范吧～？",市川雛菜,【S!GNATURE】市川雛菜,fan(tastic）
市川雛菜/【S!GNATURE】市川雛菜/fan(tastic）.csv,19,2023008110090,雛菜,还有雏菜也想体验一下粉丝这边的心情～？,市川雛菜,【S!GNATURE】市川雛菜,fan(tastic）
市川雛菜/【S!GNATURE】市川雛菜/fan(tastic）.csv,21,2023008110100,雛菜,"那么～……
就签在这本笔记本上吧？",市川雛菜,【S!GNATURE】市川雛菜,fan(tastic）
市川雛菜/【S!GNATURE】市川雛菜/fan(tastic）.csv,22,2023008110110,雛菜,好，开始！,市川雛菜,【S!GNATURE】市川雛菜,fan(tastic）
市川雛菜/【S!GNATURE】市川雛菜/fan(tastic）.csv,24,2023008110120,雛菜,"你好～
拜托了～",市川雛菜,【S!GNATURE】市川雛菜,fan(tastic）
市川雛菜/【S!GNATURE】市川雛菜/fan(tastic）.csv,26,2023008110130,雛菜,"诶～……
感觉好生硬～？",市川雛菜,【S!GNATURE】市川雛菜,fan(tastic）
市川雛菜/【S!GNATURE】市川雛菜/fan(tastic）.csv,28,2023008110140,雛菜,"啊哈～是的是的！
雏菜，是老粉了～",市川雛菜,【S!GNATURE】市川雛菜,fan(tastic）
市川雛菜/【S!GNATURE】市川雛菜/fan(tastic）.csv,30,2023008110150,雛菜,一直都在支持着你～！,市川雛菜,【S!GNATURE】市川雛菜,fan(tastic）
市川雛菜/【S!GNATURE】市川雛菜/fan(tastic）.csv,32,2023008110160,雛菜,"…………感觉这个偶像
只会说谢谢～……",市川雛菜,【S!GNATURE】市川雛菜,fan(tastic）
市川雛菜/【S!GNATURE】市川雛菜/fan(tastic）.csv,34,2023008110170,雛菜,"嗯～……那么能！
给我签名吗～？",市川雛菜,【S!GNATURE】市川雛菜,fan(tastic）
市川雛菜/【S!GNATURE】市川雛菜/fan(tastic）.csv,37,2023008110180,雛菜,"啊哈～蒙头在写！
完全不说话～……",市川雛菜,【S!GNATURE】市川雛菜,fan(tastic）
市川雛菜/【S!GNATURE】市川雛菜/fan(tastic）.csv,39,2023008110190,雛菜,"雏菜的话比较喜欢这样～
很开心",市川雛菜,【S!GNATURE】市川雛菜,fan(tastic）
市川雛菜/【S!GNATURE】市川雛菜/fan(tastic）.csv,42,2023008110200,雛菜,"好的～
一直以来都觉得努力工作非常厉害",市川雛菜,【S!GNATURE】市川雛菜,fan(tastic）
市川雛菜/【S!GNATURE】市川雛菜/fan(tastic）.csv,43,2023008110210,雛菜,"雏菜也会努力的支持你的
今后也请继续在偶像的道路上加油",市川雛菜,【S!GNATURE】市川雛菜,fan(tastic）
市川雛菜/【S!GNATURE】市川雛菜/fan(tastic）.csv,45,2023008110220,雛菜,"呀哈～
拿到制作人的签名了！",市川雛菜,【S!GNATURE】市川雛菜,fan(tastic）
市川雛菜/【S!GNATURE】市川雛菜/fan(tastic）.csv,46,2023008110230,雛菜,,市川雛菜,【S!GNATURE】市川雛菜,fan(tastic）
市川雛菜/【S!GNATURE】市川雛菜/fan(tastic）.csv,47,2023008110240,雛菜,"呐，制作人
偶然遇到的粉丝，以及不是粉丝的人",市川雛菜,【S!GNATURE】市川雛菜,fan(tastic）
市川雛菜/【S!GNATURE】市川雛菜/fan(tastic）.csv,48,2023008110250,雛菜,"说让给个签名的话，就给签名的话到底好不好
雏菜考虑了",市川雛菜,【S!GNATURE】市川雛菜,fan(tastic）
市川雛菜/【S!GNATURE】市川雛菜/fan(tastic）.csv,50,2023008110260,雛菜,"果然，雏菜还是一如既往的不会签名
总感觉，这样做的话才能成为特别",市川雛菜,【S!GNATURE】市川雛菜,fan(tastic）
市川雛菜/【S!GNATURE】市川雛菜/fan(tastic）.csv,51,2023008110270,雛菜,在这样做之后，才能拿到的签名,市川雛菜,【S!GNATURE】市川雛菜,fan(tastic）
市川雛菜/【THE W♡ＲＬＤ】市川雛菜/4tune.csv,3,3023008010010,雛菜,诶～？,市川雛菜,【THE W♡ＲＬＤ】市川雛菜,4tune
市川雛菜/【THE W♡ＲＬＤ】市川雛菜/4tune.csv,4,3023008010020,雛菜,占卜吗～……,市川雛菜,【THE W♡ＲＬＤ】市川雛菜,4tune
市川雛菜/【THE W♡ＲＬＤ】市川雛菜/4tune.csv,5,3023008010030,雛菜,"嗯～
就只看过早上电视节目里的那种",市川雛菜,【THE W♡ＲＬＤ】市川雛菜,4tune
市川雛菜/【THE W♡ＲＬＤ】市川雛菜/4tune.csv,6,3023008010040,雛菜,"想到同星座同血型的人全都是一样的运势
就觉得不太可信～",市川雛菜,【THE W♡ＲＬＤ】市川雛菜,4tune
市川雛菜/【THE W♡ＲＬＤ】市川雛菜/4tune.csv,8,3023008010050,雛菜,"不过，要是雏菜排第一的话
就会觉得“是吧～！”",市川雛菜,【THE W♡ＲＬＤ】市川雛菜,4tune
市川雛菜/【THE W♡ＲＬＤ】市川雛菜/4tune.csv,10,3023008010060,雛菜,"啊哈～
是的呢～！",市川雛菜,【THE W♡ＲＬＤ】市川雛菜,4tune
市川雛菜/【THE W♡ＲＬＤ】市川雛菜/4tune.csv,11,3023008010070,雛菜,但大家都是这样的吧？,市川雛菜,【THE W♡ＲＬＤ】市川雛菜,4tune
市川雛菜/【THE W♡ＲＬＤ】市川雛菜/4tune.csv,12,3023008010080,雛菜,"要是一直挂念着运势真差啊～
那不是更容易发生坏事了吗！",市川雛菜,【THE W♡ＲＬＤ】市川雛菜,4tune
市川雛菜/【THE W♡ＲＬＤ】市川雛菜/4tune.csv,15,3023008010090,雛菜,"啊～……
好像小时候看到过有关手相的书？",市川雛菜,【THE W♡ＲＬＤ】市川雛菜,4tune
市川雛菜/【THE W♡ＲＬＤ】市川雛菜/4tune.csv,16,3023008010100,雛菜,有段时间很流行这些～……,市川雛菜,【THE W♡ＲＬＤ】市川雛菜,4tune
市川雛菜/【THE W♡ＲＬＤ】市川雛菜/4tune.csv,19,3023008010110,雛菜,"没…
是我妈妈很喜欢这种～……",市川雛菜,【THE W♡ＲＬＤ】市川雛菜,4tune
市川雛菜/【THE W♡ＲＬＤ】市川雛菜/4tune.csv,20,3023008010120,雛菜,"不过，塔罗牌好像没尝试过
是卡片的那种对吧～？",市川雛菜,【THE W♡ＲＬＤ】市川雛菜,4tune
市川雛菜/【THE W♡ＲＬＤ】市川雛菜/4tune.csv,22,3023008010130,雛菜,"诶～？
感觉怎么样～？",市川雛菜,【THE W♡ＲＬＤ】市川雛菜,4tune
市川雛菜/【THE W♡ＲＬＤ】市川雛菜/4tune.csv,26,3023008010140,雛菜,"啊～
原来如此～……",市川雛菜,【THE W♡ＲＬＤ】市川雛菜,4tune
市川雛菜/【THE W♡ＲＬＤ】市川雛菜/4tune.csv,27,3023008010150,雛菜,然后，占卜中了吗～？,市川雛菜,【THE W♡ＲＬＤ】市川雛菜,4tune
市川雛菜/【THE W♡ＲＬＤ】市川雛菜/4tune.csv,29,3023008010160,雛菜,诶～……？,市川雛菜,【THE W♡ＲＬＤ】市川雛菜,4tune
市川雛菜/【THE W♡ＲＬＤ】市川雛菜/4tune.csv,31,3023008010170,雛菜,"啊哈～
这样啊～……！",市川雛菜,【THE W♡ＲＬＤ】市川雛菜,4tune
市川雛菜/【THE W♡ＲＬＤ】市川雛菜/4tune.csv,33,3023008010180,雛菜,"是呢～
雏菜也想试试看！",市川雛菜,【THE W♡ＲＬＤ】市川雛菜,4tune
市川雛菜/【THE W♡ＲＬＤ】市川雛菜/4tune.csv,36,3023008010190,雛菜,嗯～……,市川雛菜,【THE W♡ＲＬＤ】市川雛菜,4tune
市川雛菜/【THE W♡ＲＬＤ】市川雛菜/4tune.csv,41,3023008010230,雛菜,啊～……,市川雛菜,【THE W♡ＲＬＤ】市川雛菜,4tune
市川雛菜/【THE W♡ＲＬＤ】市川雛菜/4tune.csv,44,3023008010260,雛菜,嗯～……,市川雛菜,【THE W♡ＲＬＤ】市川雛菜,4tune
市川雛菜/【THE W♡ＲＬＤ】市川雛菜/4tune.csv,50,3023008010300,雛菜,啊哈～……,市川雛菜,【THE W♡ＲＬＤ】市川雛菜,4tune
市川雛菜/【THE W♡ＲＬＤ】市川雛菜/4tune.csv,52,3023008010310,雛菜,说得是呢～,市川雛菜,【THE W♡ＲＬＤ】市川雛菜,4tune
市川雛菜/【THE W♡ＲＬＤ】市川雛菜/4tune.csv,53,3023008010320,雛菜,"想着邀请小糸
一起去看看",市川雛菜,【THE W♡ＲＬＤ】市川雛菜,4tune
市川雛菜/【THE W♡ＲＬＤ】市川雛菜/4tune.csv,55,3023008010330,雛菜,"呀哈～！
非常感谢！",市川雛菜,【THE W♡ＲＬＤ】市川雛菜,4tune
市川雛菜/【THE W♡ＲＬＤ】市川雛菜/4tune.csv,56,3023008010340,雛菜,那、雏菜去拍摄了～！,市川雛菜,【THE W♡ＲＬＤ】市川雛菜,4tune
市川雛菜/【THE W♡ＲＬＤ】市川雛菜/4tune.csv,58,3023008010350,雛菜,好的～♡,市川雛菜,【THE W♡ＲＬＤ】市川雛菜,4tune
市川雛菜/【THE W♡ＲＬＤ】市川雛菜/turn！.csv,4,3023008020010,雛菜,"嗯～
雏菜，想把这个给透前辈妈妈",市川雛菜,【THE W♡ＲＬＤ】市川雛菜,turn！
市川雛菜/【THE W♡ＲＬＤ】市川雛菜/turn！.csv,6,3023008020020,雛菜,"前段时间不是吃了甘薯嘛～？
透前辈和、透前辈爸爸的那份！",市川雛菜,【THE W♡ＲＬＤ】市川雛菜,turn！
市川雛菜/【THE W♡ＲＬＤ】市川雛菜/turn！.csv,8,3023008020030,雛菜,"嗯！　所以就想回礼
透前辈和爸爸和妈妈，还有雏菜的份！",市川雛菜,【THE W♡ＲＬＤ】市川雛菜,turn！
市川雛菜/【THE W♡ＲＬＤ】市川雛菜/turn！.csv,9,3023008020040,雛菜,"同样的
买了四个～！",市川雛菜,【THE W♡ＲＬＤ】市川雛菜,turn！
市川雛菜/【THE W♡ＲＬＤ】市川雛菜/turn！.csv,13,3023008020050,雛菜,那就，等透前辈回来一起吃～？,市川雛菜,【THE W♡ＲＬＤ】市川雛菜,turn！
市川雛菜/【THE W♡ＲＬＤ】市川雛菜/turn！.csv,15,3023008020060,雛菜,"啊哈～
虽然是雏菜先收下的就是了～？",市川雛菜,【THE W♡ＲＬＤ】市川雛菜,turn！
市川雛菜/【THE W♡ＲＬＤ】市川雛菜/turn！.csv,17,3023008020070,雛菜,这样啊～？,市川雛菜,【THE W♡ＲＬＤ】市川雛菜,turn！
市川雛菜/【THE W♡ＲＬＤ】市川雛菜/turn！.csv,20,3023008020080,雛菜,,市川雛菜,【THE W♡ＲＬＤ】市川雛菜,turn！
市川雛菜/【THE W♡ＲＬＤ】市川雛菜/turn！.csv,21,3023008020090,雛菜,"啊、对了～！
雏菜还有个东西想给你！",市川雛菜,【THE W♡ＲＬＤ】市川雛菜,turn！
市川雛菜/【THE W♡ＲＬＤ】市川雛菜/turn！.csv,23,3023008020100,雛菜,"前段时间在个什么庆典上出场了，听说了吗～？
noctchill",市川雛菜,【THE W♡ＲＬＤ】市川雛菜,turn！
市川雛菜/【THE W♡ＲＬＤ】市川雛菜/turn！.csv,25,3023008020110,雛菜,对～！,市川雛菜,【THE W♡ＲＬＤ】市川雛菜,turn！
市川雛菜/【THE W♡ＲＬＤ】市川雛菜/turn！.csv,26,3023008020120,雛菜,"当时在舞台上拍的照片
打印出来放到相框里去了！",市川雛菜,【THE W♡ＲＬＤ】市川雛菜,turn！
市川雛菜/【THE W♡ＲＬＤ】市川雛菜/turn！.csv,27,3023008020130,雛菜,要拍咯～？,市川雛菜,【THE W♡ＲＬＤ】市川雛菜,turn！
市川雛菜/【THE W♡ＲＬＤ】市川雛菜/turn！.csv,28,3023008020140,雛菜,"————啊～
快门的口号，就用那个吧～",市川雛菜,【THE W♡ＲＬＤ】市川雛菜,turn！
市川雛菜/【THE W♡ＲＬＤ】市川雛菜/turn！.csv,32,3023008020180,雛菜,那，大家一起噢～！,市川雛菜,【THE W♡ＲＬＤ】市川雛菜,turn！
市川雛菜/【THE W♡ＲＬＤ】市川雛菜/turn！.csv,34,3023008020190,雛菜,"嗯～
感觉、透前辈妈妈会喜欢这种！",市川雛菜,【THE W♡ＲＬＤ】市川雛菜,turn！
市川雛菜/【THE W♡ＲＬＤ】市川雛菜/turn！.csv,36,3023008020200,雛菜,啊哈～,市川雛菜,【THE W♡ＲＬＤ】市川雛菜,turn！
市川雛菜/【THE W♡ＲＬＤ】市川雛菜/turn！.csv,39,3023008020210,雛菜,是吧～？,市川雛菜,【THE W♡ＲＬＤ】市川雛菜,turn！
市川雛菜/【THE W♡ＲＬＤ】市川雛菜/turn！.csv,41,3023008020230,雛菜,啊、透前辈回来了～？,市川雛菜,【THE W♡ＲＬＤ】市川雛菜,turn！
市川雛菜/【THE W♡ＲＬＤ】市川雛菜/turn！.csv,43,3023008020250,雛菜,透前辈欢迎回————……,市川雛菜,【THE W♡ＲＬＤ】市川雛菜,turn！
市川雛菜/【THE W♡ＲＬＤ】市川雛菜/turn！.csv,46,3023008020280,雛菜,"啊哈～……
圆香前辈和小糸也在啊～……",市川雛菜,【THE W♡ＲＬＤ】市川雛菜,turn！
市川雛菜/【THE W♡ＲＬＤ】市川雛菜/turn！.csv,53,3023008020320,雛菜,"诶～
但那是……",市川雛菜,【THE W♡ＲＬＤ】市川雛菜,turn！
市川雛菜/【THE W♡ＲＬＤ】市川雛菜/turn！.csv,60,3023008020350,雛菜,啊～,市川雛菜,【THE W♡ＲＬＤ】市川雛菜,turn！
市川雛菜/【THE W♡ＲＬＤ】市川雛菜/turn！.csv,61,3023008020360,雛菜,也是呢～,市川雛菜,【THE W♡ＲＬＤ】市川雛菜,turn！
市川雛菜/【TRICK☆☆☆】市川雛菜/0CAL.csv,2,2023007020010,雛菜,"啊哈~……
我开动————",市川雛菜,【TRICK☆☆☆】市川雛菜,0CAL
市川雛菜/【TRICK☆☆☆】市川雛菜/0CAL.csv,4,2023007020020,雛菜,"…………？
怎么了~？",市川雛菜,【TRICK☆☆☆】市川雛菜,0CAL
市川雛菜/【TRICK☆☆☆】市川雛菜/0CAL.csv,6,2023007020030,雛菜,"诶~
这样啊~",市川雛菜,【TRICK☆☆☆】市川雛菜,0CAL
市川雛菜/【TRICK☆☆☆】市川雛菜/0CAL.csv,8,2023007020040,雛菜,"但是其实完全没问题哦~？
雏菜，就算一个人也没事的~",市川雛菜,【TRICK☆☆☆】市川雛菜,0CAL
市川雛菜/【TRICK☆☆☆】市川雛菜/0CAL.csv,10,2023007020050,雛菜,"嗯~
反正也是之前去过的摄影棚",市川雛菜,【TRICK☆☆☆】市川雛菜,0CAL
市川雛菜/【TRICK☆☆☆】市川雛菜/0CAL.csv,11,2023007020060,雛菜,"杂志也是之前上过的杂志，
工作人员和上次也是一样的吧~？",市川雛菜,【TRICK☆☆☆】市川雛菜,0CAL
市川雛菜/【TRICK☆☆☆】市川雛菜/0CAL.csv,13,2023007020070,雛菜,"那我觉得应该没问题
制作人在担心什么~？",市川雛菜,【TRICK☆☆☆】市川雛菜,0CAL
市川雛菜/【TRICK☆☆☆】市川雛菜/0CAL.csv,15,2023007020080,雛菜,"嗯~…………
比如说",市川雛菜,【TRICK☆☆☆】市川雛菜,0CAL
市川雛菜/【TRICK☆☆☆】市川雛菜/0CAL.csv,16,2023007020090,雛菜,"雏菜会不会迟到啊~会不会失礼啊~
摄影会不会失败啊~之类的？",市川雛菜,【TRICK☆☆☆】市川雛菜,0CAL
市川雛菜/【TRICK☆☆☆】市川雛菜/0CAL.csv,17,2023007020100,雛菜,"但是，摄影下午才开始
工作人员性格也都很好",市川雛菜,【TRICK☆☆☆】市川雛菜,0CAL
市川雛菜/【TRICK☆☆☆】市川雛菜/0CAL.csv,18,2023007020110,雛菜,雏菜就只是平常地很期待~？,市川雛菜,【TRICK☆☆☆】市川雛菜,0CAL
市川雛菜/【TRICK☆☆☆】市川雛菜/0CAL.csv,20,2023007020120,雛菜,"那我觉得就没事了
其它还有什么问题吗~？",市川雛菜,【TRICK☆☆☆】市川雛菜,0CAL
市川雛菜/【TRICK☆☆☆】市川雛菜/0CAL.csv,22,2023007020130,雛菜,"其实完全没什么需要抱歉的~？
制作人也是有工作，雏菜也是有工作",市川雛菜,【TRICK☆☆☆】市川雛菜,0CAL
市川雛菜/【TRICK☆☆☆】市川雛菜/0CAL.csv,23,2023007020140,雛菜,"两个人都在努力
非常了不起吧~",市川雛菜,【TRICK☆☆☆】市川雛菜,0CAL
市川雛菜/【TRICK☆☆☆】市川雛菜/0CAL.csv,26,2023007020150,雛菜,"啊哈~
是吧是吧~",市川雛菜,【TRICK☆☆☆】市川雛菜,0CAL
市川雛菜/【TRICK☆☆☆】市川雛菜/0CAL.csv,28,2023007020160,雛菜,,市川雛菜,【TRICK☆☆☆】市川雛菜,0CAL
市川雛菜/【TRICK☆☆☆】市川雛菜/0CAL.csv,29,2023007020170,雛菜,"明明不用担心这么多的
制作人",市川雛菜,【TRICK☆☆☆】市川雛菜,0CAL
市川雛菜/【TRICK☆☆☆】市川雛菜/0CAL.csv,30,2023007020180,雛菜,……好吗~？,市川雛菜,【TRICK☆☆☆】市川雛菜,0CAL
市川雛菜/【TRICK☆☆☆】市川雛菜/0CAL.csv,32,2023007020190,雛菜,"啊哈~
这个也没问题哦~，你看~？",市川雛菜,【TRICK☆☆☆】市川雛菜,0CAL
市川雛菜/【TRICK☆☆☆】市川雛菜/0CAL.csv,33,2023007020200,雛菜,"这个是无糖脱脂的~
这个也是0卡路里",市川雛菜,【TRICK☆☆☆】市川雛菜,0CAL
市川雛菜/【TRICK☆☆☆】市川雛菜/0CAL.csv,34,2023007020210,雛菜,是吧~？,市川雛菜,【TRICK☆☆☆】市川雛菜,0CAL
市川雛菜/【TRICK☆☆☆】市川雛菜/0CAL.csv,36,2023007020220,雛菜,"嘛，因为雏菜很可爱，
所以就算长胖一点也没关系的哦~",市川雛菜,【TRICK☆☆☆】市川雛菜,0CAL
市川雛菜/【TRICK☆☆☆】市川雛菜/0CAL.csv,41,2023007020230,雛菜,诶~……？,市川雛菜,【TRICK☆☆☆】市川雛菜,0CAL
市川雛菜/【TRICK☆☆☆】市川雛菜/0CAL.csv,43,2023007020240,雛菜,"啊哈~
嗯！我很有自信哦~！",市川雛菜,【TRICK☆☆☆】市川雛菜,0CAL
市川雛菜/【TRICK☆☆☆】市川雛菜/0CAL.csv,44,2023007020250,雛菜,"妆容还有衣服我都很期待~
雏菜，应该会很适合！",市川雛菜,【TRICK☆☆☆】市川雛菜,0CAL
市川雛菜/【TRICK☆☆☆】市川雛菜/0CAL.csv,45,2023007020260,雛菜,制作人也是这么想的吧？,市川雛菜,【TRICK☆☆☆】市川雛菜,0CAL
市川雛菜/【TRICK☆☆☆】市川雛菜/0CAL.csv,48,2023007020270,雛菜,"是吧~
那就不用担心了哦~",市川雛菜,【TRICK☆☆☆】市川雛菜,0CAL
市川雛菜/【TRICK☆☆☆】市川雛菜/0CAL.csv,49,2023007020280,雛菜,明明制作人也可以更有自信的,市川雛菜,【TRICK☆☆☆】市川雛菜,0CAL
市川雛菜/【TRICK☆☆☆】市川雛菜/0CAL.csv,51,2023007020290,雛菜,"嗯~！
雏菜也会一边开心地摄影一边等你的！",市川雛菜,【TRICK☆☆☆】市川雛菜,0CAL
市川雛菜/【TRICK☆☆☆】市川雛菜/0CAL.csv,54,2023007020300,雛菜,,市川雛菜,【TRICK☆☆☆】市川雛菜,0CAL
市川雛菜/【TRICK☆☆☆】市川雛菜/0CAL.csv,55,2023007020310,雛菜,"啊哈~
是吧~！",市川雛菜,【TRICK☆☆☆】市川雛菜,0CAL
市川雛菜/【TRICK☆☆☆】市川雛菜/0CAL.csv,56,2023007020320,雛菜,"要好好地看着
然后对我说，“雏菜，做得很好哦~”",市川雛菜,【TRICK☆☆☆】市川雛菜,0CAL
市川雛菜/【TRICK☆☆☆】市川雛菜/0CAL.csv,57,2023007020330,雛菜,"毕竟那是制作人的
一件非常重要的工作嘛~",市川雛菜,【TRICK☆☆☆】市川雛菜,0CAL
市川雛菜/【TRICK☆☆☆】市川雛菜/0CAL.csv,59,2023007020340,雛菜,"…………
啊哈~，是吗~？",市川雛菜,【TRICK☆☆☆】市川雛菜,0CAL
市川雛菜/【TRICK☆☆☆】市川雛菜/0CAL.csv,60,2023007020350,雛菜,"雏菜倒是没这么想过
但是如果制作人这么觉得，那说不定就是这样呢~",市川雛菜,【TRICK☆☆☆】市川雛菜,0CAL
市川雛菜/【TRICK☆☆☆】市川雛菜/0CAL.csv,62,2023007020360,雛菜,"那，
雏菜还是不认真一点比较好？",市川雛菜,【TRICK☆☆☆】市川雛菜,0CAL
市川雛菜/【TRICK☆☆☆】市川雛菜/0CAL.csv,63,2023007020370,雛菜,"嗯~，迟到，然后做些失礼的事情~，
让摄影失败？",市川雛菜,【TRICK☆☆☆】市川雛菜,0CAL
市川雛菜/【TRICK☆☆☆】市川雛菜/0CAL.csv,65,2023007020380,雛菜,"……不过，
我不可能会那么做的呢~",市川雛菜,【TRICK☆☆☆】市川雛菜,0CAL
市川雛菜/【TRICK☆☆☆】市川雛菜/0CAL.csv,66,2023007020390,雛菜,"因为，那种事情
完全不让人快乐吧？",市川雛菜,【TRICK☆☆☆】市川雛菜,0CAL
市川雛菜/【TRICK☆☆☆】市川雛菜/0CAL.csv,67,2023007020400,雛菜,不管是对雏菜来说，还是对制作人来说都是,市川雛菜,【TRICK☆☆☆】市川雛菜,0CAL
市川雛菜/【TRICK☆☆☆】市川雛菜/Fudge_.csv,2,2023007040010,雛菜,嗯~……,市川雛菜,【TRICK☆☆☆】市川雛菜,Fudge_
市川雛菜/【TRICK☆☆☆】市川雛菜/Fudge_.csv,8,2023007040020,雛菜,,市川雛菜,【TRICK☆☆☆】市川雛菜,Fudge_
市川雛菜/【TRICK☆☆☆】市川雛菜/Fudge_.csv,9,2023007040030,雛菜,,市川雛菜,【TRICK☆☆☆】市川雛菜,Fudge_
市川雛菜/【TRICK☆☆☆】市川雛菜/Fudge_.csv,11,2023007040040,雛菜,……什么~？,市川雛菜,【TRICK☆☆☆】市川雛菜,Fudge_
市川雛菜/【TRICK☆☆☆】市川雛菜/Fudge_.csv,14,2023007040050,雛菜,"……
啊~……",市川雛菜,【TRICK☆☆☆】市川雛菜,Fudge_
市川雛菜/【TRICK☆☆☆】市川雛菜/Fudge_.csv,16,2023007040060,雛菜,"…………
走掉了",市川雛菜,【TRICK☆☆☆】市川雛菜,Fudge_
市川雛菜/【TRICK☆☆☆】市川雛菜/Fudge_.csv,17,2023007040070,雛菜,啊哈~…………,市川雛菜,【TRICK☆☆☆】市川雛菜,Fudge_
市川雛菜/【TRICK☆☆☆】市川雛菜/Fudge_.csv,19,2023007040080,雛菜,啊，制作人,市川雛菜,【TRICK☆☆☆】市川雛菜,Fudge_
市川雛菜/【TRICK☆☆☆】市川雛菜/Fudge_.csv,20,2023007040090,雛菜,"没事的哦~
反正雏菜也在这一块看了很多东西~",市川雛菜,【TRICK☆☆☆】市川雛菜,Fudge_
市川雛菜/【TRICK☆☆☆】市川雛菜/Fudge_.csv,21,2023007040100,雛菜,制作人也是在忙工作吧~？,市川雛菜,【TRICK☆☆☆】市川雛菜,Fudge_
市川雛菜/【TRICK☆☆☆】市川雛菜/Fudge_.csv,24,2023007040110,雛菜,"啊哈~
雏菜最近有在好好工作哦~？",市川雛菜,【TRICK☆☆☆】市川雛菜,Fudge_
市川雛菜/【TRICK☆☆☆】市川雛菜/Fudge_.csv,25,2023007040120,雛菜,"虽然有工作的时候可以休息
但是平时都有好好地去上课！",市川雛菜,【TRICK☆☆☆】市川雛菜,Fudge_
市川雛菜/【TRICK☆☆☆】市川雛菜/Fudge_.csv,27,2023007040130,雛菜,"嗯~？很了不起吧~
嘛，不过雏菜是因为自己想才这么做的~",市川雛菜,【TRICK☆☆☆】市川雛菜,Fudge_
市川雛菜/【TRICK☆☆☆】市川雛菜/Fudge_.csv,28,2023007040140,雛菜,"……啊，还有，对了
这个",市川雛菜,【TRICK☆☆☆】市川雛菜,Fudge_
市川雛菜/【TRICK☆☆☆】市川雛菜/Fudge_.csv,29,2023007040150,雛菜,"给~
刚才拿到了这个，所以送给制作人！",市川雛菜,【TRICK☆☆☆】市川雛菜,Fudge_
市川雛菜/【TRICK☆☆☆】市川雛菜/Fudge_.csv,31,2023007040160,雛菜,"嗯
很厉害吧~",市川雛菜,【TRICK☆☆☆】市川雛菜,Fudge_
市川雛菜/【TRICK☆☆☆】市川雛菜/Fudge_.csv,32,2023007040170,雛菜,"比起说是没注意到，不如说，感觉
他本来就完全不知道雏菜~！",市川雛菜,【TRICK☆☆☆】市川雛菜,Fudge_
市川雛菜/【TRICK☆☆☆】市川雛菜/Fudge_.csv,34,2023007040180,雛菜,"还有，购物中心里面也在放
前段时间那个杂志的CM~",市川雛菜,【TRICK☆☆☆】市川雛菜,Fudge_
市川雛菜/【TRICK☆☆☆】市川雛菜/Fudge_.csv,35,2023007040190,雛菜,"虽然雏菜也在里面露了一下脸
但是完全没被注意到",市川雛菜,【TRICK☆☆☆】市川雛菜,Fudge_
市川雛菜/【TRICK☆☆☆】市川雛菜/Fudge_.csv,36,2023007040200,雛菜,"虽然也想过，雏菜我们是不是变得更有名了一点啊~
但是有可能，我们果然就是完全出不了名吧！",市川雛菜,【TRICK☆☆☆】市川雛菜,Fudge_
市川雛菜/【TRICK☆☆☆】市川雛菜/Fudge_.csv,38,2023007040210,雛菜,"……大概不只是雏菜，
大家应该都",市川雛菜,【TRICK☆☆☆】市川雛菜,Fudge_
市川雛菜/【TRICK☆☆☆】市川雛菜/Fudge_.csv,39,2023007040220,雛菜,没办法那么快地发生改变,市川雛菜,【TRICK☆☆☆】市川雛菜,Fudge_
市川雛菜/【TRICK☆☆☆】市川雛菜/Fudge_.csv,42,2023007040230,雛菜,,市川雛菜,【TRICK☆☆☆】市川雛菜,Fudge_
市川雛菜/【TRICK☆☆☆】市川雛菜/Fudge_.csv,44,2023007040240,雛菜,"呐，雏菜有想去一下的地方！
就是一家刚开业的冰淇淋店！",市川雛菜,【TRICK☆☆☆】市川雛菜,Fudge_
市川雛菜/【TRICK☆☆☆】市川雛菜/Fudge_.csv,46,2023007040250,雛菜,"里面加了超~甜的巧克力的那个！
反正摄影也结束了，不管吃什么都可以吧~",市川雛菜,【TRICK☆☆☆】市川雛菜,Fudge_
市川雛菜/【TRICK☆☆☆】市川雛菜/Fudge_.csv,47,2023007040260,雛菜,"我要三个球，把配料全部加一遍~！
制作人也会吃的吧~？",市川雛菜,【TRICK☆☆☆】市川雛菜,Fudge_
市川雛菜/【TRICK☆☆☆】市川雛菜/Fudge_.csv,49,2023007040270,雛菜,没问题的哦~！,市川雛菜,【TRICK☆☆☆】市川雛菜,Fudge_
市川雛菜/【TRICK☆☆☆】市川雛菜/Fudge_.csv,50,2023007040280,雛菜,"刚才也说过了，
人是没办法那么快地发生改变的吧~？",市川雛菜,【TRICK☆☆☆】市川雛菜,Fudge_
市川雛菜/【TRICK☆☆☆】市川雛菜/Fudge_.csv,55,2023007040290,雛菜,嗯嗯~！,市川雛菜,【TRICK☆☆☆】市川雛菜,Fudge_
市川雛菜/【TRICK☆☆☆】市川雛菜/Fudge_.csv,56,2023007040300,雛菜,"而且制作人也是，因为很可爱
所以稍微长胖一点也没关系的哦~",市川雛菜,【TRICK☆☆☆】市川雛菜,Fudge_
市川雛菜/【TRICK☆☆☆】市川雛菜/Fudge_.csv,58,2023007040310,雛菜,"啊哈~
那就说定了~！",市川雛菜,【TRICK☆☆☆】市川雛菜,Fudge_
市川雛菜/【TRICK☆☆☆】市川雛菜/Fudge_.csv,59,2023007040320,雛菜,"快走吧~
制作人！",市川雛菜,【TRICK☆☆☆】市川雛菜,Fudge_
市川雛菜/【TRICK☆☆☆】市川雛菜/Fudge_.csv,61,2023007040330,雛菜,"……！
嗯~，是啊~",市川雛菜,【TRICK☆☆☆】市川雛菜,Fudge_
市川雛菜/【TRICK☆☆☆】市川雛菜/Fudge_.csv,62,2023007040340,雛菜,"早上起床~，然后去上学或者工作
……虽然也有些日子哪边都不去",市川雛菜,【TRICK☆☆☆】市川雛菜,Fudge_
市川雛菜/【TRICK☆☆☆】市川雛菜/Fudge_.csv,63,2023007040350,雛菜,"如果每天都很快乐的话，
仅仅是这样就已经非常厉害了吧~？",市川雛菜,【TRICK☆☆☆】市川雛菜,Fudge_
市川雛菜/【TRICK☆☆☆】市川雛菜/Fudge_.csv,65,2023007040360,雛菜,"毕竟快乐就像冰淇淋一样
不管有几层都让人高兴嘛",市川雛菜,【TRICK☆☆☆】市川雛菜,Fudge_
市川雛菜/【TRICK☆☆☆】市川雛菜/Fudge_.csv,66,2023007040370,雛菜,必须多加几层呢~！,市川雛菜,【TRICK☆☆☆】市川雛菜,Fudge_
市川雛菜/【TRICK☆☆☆】市川雛菜/Fudge_.csv,68,2023007040380,雛菜,嗯~…………,市川雛菜,【TRICK☆☆☆】市川雛菜,Fudge_
市川雛菜/【TRICK☆☆☆】市川雛菜/Fudge_.csv,69,2023007040390,雛菜,雏菜从来不会在吃了冰淇淋之后觉得后悔！,市川雛菜,【TRICK☆☆☆】市川雛菜,Fudge_
市川雛菜/【TRICK☆☆☆】市川雛菜/Fudge_.csv,71,2023007040400,雛菜,"比起那个，制作人真的不用吗？
明明肯定是现在在这里和雏菜一起吃冰淇淋更加快乐",市川雛菜,【TRICK☆☆☆】市川雛菜,Fudge_
市川雛菜/【TRICK☆☆☆】市川雛菜/Fudge_.csv,72,2023007040410,雛菜,你真的不会后悔吗？,市川雛菜,【TRICK☆☆☆】市川雛菜,Fudge_
市川雛菜/【TRICK☆☆☆】市川雛菜/Fudge_.csv,75,2023007040420,雛菜,啊哈~，是吧~！,市川雛菜,【TRICK☆☆☆】市川雛菜,Fudge_
市川雛菜/【TRICK☆☆☆】市川雛菜/Fudge_.csv,76,2023007040430,雛菜,一下子就明白过来哪边更加快乐了呢~,市川雛菜,【TRICK☆☆☆】市川雛菜,Fudge_
市川雛菜/【TRICK☆☆☆】市川雛菜/Perfect♡scream.csv,2,2023007010010,雛菜,嗯～～～……,市川雛菜,【TRICK☆☆☆】市川雛菜,Perfect♡scream
市川雛菜/【TRICK☆☆☆】市川雛菜/Perfect♡scream.csv,3,2023007010020,雛菜,"好了，OK~
制作人，让你久等了~",市川雛菜,【TRICK☆☆☆】市川雛菜,Perfect♡scream
市川雛菜/【TRICK☆☆☆】市川雛菜/Perfect♡scream.csv,5,2023007010030,雛菜,"啊哈~
感觉很不错哦~",市川雛菜,【TRICK☆☆☆】市川雛菜,Perfect♡scream
市川雛菜/【TRICK☆☆☆】市川雛菜/Perfect♡scream.csv,6,2023007010040,雛菜,"我一直很想吃这个芭菲
所以超级开心~",市川雛菜,【TRICK☆☆☆】市川雛菜,Perfect♡scream
市川雛菜/【TRICK☆☆☆】市川雛菜/Perfect♡scream.csv,8,2023007010050,雛菜,"嗯~！
很幸运呢~",市川雛菜,【TRICK☆☆☆】市川雛菜,Perfect♡scream
市川雛菜/【TRICK☆☆☆】市川雛菜/Perfect♡scream.csv,11,2023007010060,雛菜,"嗯~？
还行吧，因为我喜欢嘛~",市川雛菜,【TRICK☆☆☆】市川雛菜,Perfect♡scream
市川雛菜/【TRICK☆☆☆】市川雛菜/Perfect♡scream.csv,12,2023007010070,雛菜,"我自己会去搜，
而且SNS之类的莫名也会推送很多给我啊~？",市川雛菜,【TRICK☆☆☆】市川雛菜,Perfect♡scream
市川雛菜/【TRICK☆☆☆】市川雛菜/Perfect♡scream.csv,14,2023007010080,雛菜,啊~，有可能呢~！,市川雛菜,【TRICK☆☆☆】市川雛菜,Perfect♡scream
市川雛菜/【TRICK☆☆☆】市川雛菜/Perfect♡scream.csv,15,2023007010090,雛菜,"好了，那开吃吧~
我开动了~",市川雛菜,【TRICK☆☆☆】市川雛菜,Perfect♡scream
市川雛菜/【TRICK☆☆☆】市川雛菜/Perfect♡scream.csv,17,2023007010100,雛菜,"…………
诶~？",市川雛菜,【TRICK☆☆☆】市川雛菜,Perfect♡scream
市川雛菜/【TRICK☆☆☆】市川雛菜/Perfect♡scream.csv,18,2023007010110,雛菜,不，还没发哦~,市川雛菜,【TRICK☆☆☆】市川雛菜,Perfect♡scream
市川雛菜/【TRICK☆☆☆】市川雛菜/Perfect♡scream.csv,19,2023007010120,雛菜,"话说雏菜平时一直都是
不会一拍下来就发上去的哦~？",市川雛菜,【TRICK☆☆☆】市川雛菜,Perfect♡scream
市川雛菜/【TRICK☆☆☆】市川雛菜/Perfect♡scream.csv,20,2023007010130,雛菜,"说不定会让别人知道自己现在在哪里
这样不太好吧~？",市川雛菜,【TRICK☆☆☆】市川雛菜,Perfect♡scream
市川雛菜/【TRICK☆☆☆】市川雛菜/Perfect♡scream.csv,23,2023007010140,雛菜,"是吗~？
那就太好了呢~",市川雛菜,【TRICK☆☆☆】市川雛菜,Perfect♡scream
市川雛菜/【TRICK☆☆☆】市川雛菜/Perfect♡scream.csv,24,2023007010150,雛菜,"嗯~！
这个好好吃~",市川雛菜,【TRICK☆☆☆】市川雛菜,Perfect♡scream
市川雛菜/【TRICK☆☆☆】市川雛菜/Perfect♡scream.csv,28,2023007010160,雛菜,嗯~？,市川雛菜,【TRICK☆☆☆】市川雛菜,Perfect♡scream
市川雛菜/【TRICK☆☆☆】市川雛菜/Perfect♡scream.csv,29,2023007010170,雛菜,"啊~那应该是推特的通知哦
如果吵到你了，要不我关掉~？",市川雛菜,【TRICK☆☆☆】市川雛菜,Perfect♡scream
市川雛菜/【TRICK☆☆☆】市川雛菜/Perfect♡scream.csv,31,2023007010180,雛菜,"啊哈~，是吗？
因为一直都是这样的，所以我倒是没什么感觉",市川雛菜,【TRICK☆☆☆】市川雛菜,Perfect♡scream
市川雛菜/【TRICK☆☆☆】市川雛菜/Perfect♡scream.csv,32,2023007010190,雛菜,"明明雏菜从来不回私信
但还是有人坚持给我发，真厉害吧~",市川雛菜,【TRICK☆☆☆】市川雛菜,Perfect♡scream
市川雛菜/【TRICK☆☆☆】市川雛菜/Perfect♡scream.csv,34,2023007010200,雛菜,"嗯~……虽然也会有人发应援的信息
但是也会有就像“照片里拍的是哪家的蛋糕？”",市川雛菜,【TRICK☆☆☆】市川雛菜,Perfect♡scream
市川雛菜/【TRICK☆☆☆】市川雛菜/Perfect♡scream.csv,35,2023007010210,雛菜,"还有，“你用什么牌子的化妆品？”~
之类的问题",市川雛菜,【TRICK☆☆☆】市川雛菜,Perfect♡scream
市川雛菜/【TRICK☆☆☆】市川雛菜/Perfect♡scream.csv,36,2023007010220,雛菜,"然后就是商量问题的信息~，还有那一天的日记？
之类的东西，也会有人发过来~",市川雛菜,【TRICK☆☆☆】市川雛菜,Perfect♡scream
市川雛菜/【TRICK☆☆☆】市川雛菜/Perfect♡scream.csv,38,2023007010230,雛菜,啊，好像又收到了一条~？,市川雛菜,【TRICK☆☆☆】市川雛菜,Perfect♡scream
市川雛菜/【TRICK☆☆☆】市川雛菜/Perfect♡scream.csv,39,2023007010240,雛菜,"多谢款待~
……一下子就吃完了~",市川雛菜,【TRICK☆☆☆】市川雛菜,Perfect♡scream
市川雛菜/【TRICK☆☆☆】市川雛菜/Perfect♡scream.csv,40,2023007010250,雛菜,"东西吃完了，制作人看起来也很在意
那我就看一看吧~？",市川雛菜,【TRICK☆☆☆】市川雛菜,Perfect♡scream
市川雛菜/【TRICK☆☆☆】市川雛菜/Perfect♡scream.csv,42,2023007010260,雛菜,"这个人说“悠悠熊出新周边了哦”~
也有人会发私信告诉我这种事情的~……",市川雛菜,【TRICK☆☆☆】市川雛菜,Perfect♡scream
市川雛菜/【TRICK☆☆☆】市川雛菜/Perfect♡scream.csv,43,2023007010270,雛菜,啊，这个人头像是雏菜的照片…………啊~……,市川雛菜,【TRICK☆☆☆】市川雛菜,Perfect♡scream
市川雛菜/【TRICK☆☆☆】市川雛菜/Perfect♡scream.csv,45,2023007010280,雛菜,"他说……“我想成为像小雏菜一样的人
应该说，我想成为小雏菜”",市川雛菜,【TRICK☆☆☆】市川雛菜,Perfect♡scream
市川雛菜/【TRICK☆☆☆】市川雛菜/Perfect♡scream.csv,46,2023007010290,雛菜,“看起来一直都很快乐，真好啊”~,市川雛菜,【TRICK☆☆☆】市川雛菜,Perfect♡scream
市川雛菜/【TRICK☆☆☆】市川雛菜/Perfect♡scream.csv,48,2023007010300,雛菜,"嗯~？最近应该增加了一些吧~
自从上了杂志和电视节目之后，就经常会有了~",市川雛菜,【TRICK☆☆☆】市川雛菜,Perfect♡scream
市川雛菜/【TRICK☆☆☆】市川雛菜/Perfect♡scream.csv,49,2023007010310,雛菜,"虽然说过，雏菜我们可能完全出不了名~之类的
但有可能也不一定是那样~？",市川雛菜,【TRICK☆☆☆】市川雛菜,Perfect♡scream
市川雛菜/【TRICK☆☆☆】市川雛菜/Perfect♡scream.csv,50,2023007010320,雛菜,"嘛，不过，就算这样
雏菜也没有要改变自己的意思~",市川雛菜,【TRICK☆☆☆】市川雛菜,Perfect♡scream
市川雛菜/【TRICK☆☆☆】市川雛菜/Perfect♡scream.csv,52,2023007010330,雛菜,呐，制作人也想成为雏菜一样的人吗~？,市川雛菜,【TRICK☆☆☆】市川雛菜,Perfect♡scream
市川雛菜/【TRICK☆☆☆】市川雛菜/Perfect♡scream.csv,56,2023007010340,雛菜,"诶~！？
是吗~！？",市川雛菜,【TRICK☆☆☆】市川雛菜,Perfect♡scream
市川雛菜/【TRICK☆☆☆】市川雛菜/Perfect♡scream.csv,59,2023007010350,雛菜,嗯~，倒也是这样~？,市川雛菜,【TRICK☆☆☆】市川雛菜,Perfect♡scream
市川雛菜/【TRICK☆☆☆】市川雛菜/Perfect♡scream.csv,60,2023007010360,雛菜,"不过，雏菜从来没想过想变得很什么人一样
所以不太明白~",市川雛菜,【TRICK☆☆☆】市川雛菜,Perfect♡scream
市川雛菜/【TRICK☆☆☆】市川雛菜/Perfect♡scream.csv,61,2023007010370,雛菜,"雏菜想一直保持雏菜的原样
可能这和那份心情就是一样的吧~",市川雛菜,【TRICK☆☆☆】市川雛菜,Perfect♡scream
市川雛菜/【TRICK☆☆☆】市川雛菜/Perfect♡scream.csv,63,2023007010380,雛菜,但是，制作人就算保持制作人的原样也能变得快乐哦,市川雛菜,【TRICK☆☆☆】市川雛菜,Perfect♡scream
市川雛菜/【TRICK☆☆☆】市川雛菜/Perfect♡scream.csv,64,2023007010390,雛菜,"因为，你是雏菜的制作人哦？
这就已经非常令人快乐了吧~",市川雛菜,【TRICK☆☆☆】市川雛菜,Perfect♡scream
市川雛菜/【TRICK☆☆☆】市川雛菜/Perfect♡scream.csv,65,2023007010400,雛菜,"是吧~
制作人保持制作人的原样就好了啊~",市川雛菜,【TRICK☆☆☆】市川雛菜,Perfect♡scream
市川雛菜/【TRICK☆☆☆】市川雛菜/Perfect♡scream.csv,68,2023007010410,雛菜,"啊哈~
这样啊，也是呢~？",市川雛菜,【TRICK☆☆☆】市川雛菜,Perfect♡scream
市川雛菜/【TRICK☆☆☆】市川雛菜/Perfect♡scream.csv,69,2023007010420,雛菜,"雏菜也觉得，制作人现在这种
作为制作人的原样就很好！",市川雛菜,【TRICK☆☆☆】市川雛菜,Perfect♡scream
市川雛菜/【TRICK☆☆☆】市川雛菜/Perfect♡scream.csv,71,2023007010430,雛菜,"嗯！因为，这样才更加快乐吧？
对雏菜来说！",市川雛菜,【TRICK☆☆☆】市川雛菜,Perfect♡scream
市川雛菜/【TRICK☆☆☆】市川雛菜/Perfect♡scream.csv,74,2023007010440,雛菜,"啊~
说不定是这样呢~？",市川雛菜,【TRICK☆☆☆】市川雛菜,Perfect♡scream
市川雛菜/【TRICK☆☆☆】市川雛菜/Perfect♡scream.csv,75,2023007010450,雛菜,"但是，就像制作人成为不了雏菜一样
雏菜也成为不了制作人",市川雛菜,【TRICK☆☆☆】市川雛菜,Perfect♡scream
市川雛菜/【TRICK☆☆☆】市川雛菜/Perfect♡scream.csv,76,2023007010460,雛菜,明明大家都保持自己的原样就好了呢,市川雛菜,【TRICK☆☆☆】市川雛菜,Perfect♡scream
市川雛菜/【TRICK☆☆☆】市川雛菜/Perfect♡scream.csv,77,2023007010470,雛菜,……不过，是不是也有人不是这么想的呢~,市川雛菜,【TRICK☆☆☆】市川雛菜,Perfect♡scream
市川雛菜/【TRICK☆☆☆】市川雛菜/TREAT_MENT.csv,3,2023007110010,雛菜,"…………
……啊哈~",市川雛菜,【TRICK☆☆☆】市川雛菜,TREAT_MENT
市川雛菜/【TRICK☆☆☆】市川雛菜/TREAT_MENT.csv,4,2023007110020,雛菜,——Trick or treat～～～♡,市川雛菜,【TRICK☆☆☆】市川雛菜,TREAT_MENT
市川雛菜/【TRICK☆☆☆】市川雛菜/TREAT_MENT.csv,6,2023007110030,雛菜,"呀哈~
制作人，被吓到了吗~？",市川雛菜,【TRICK☆☆☆】市川雛菜,TREAT_MENT
市川雛菜/【TRICK☆☆☆】市川雛菜/TREAT_MENT.csv,8,2023007110040,雛菜,"因为是万圣节嘛
我就觉得，制作人会不会想吃点心了~!",市川雛菜,【TRICK☆☆☆】市川雛菜,TREAT_MENT
市川雛菜/【TRICK☆☆☆】市川雛菜/TREAT_MENT.csv,10,2023007110050,雛菜,"嗯~
在便利店买了很多！",市川雛菜,【TRICK☆☆☆】市川雛菜,TREAT_MENT
市川雛菜/【TRICK☆☆☆】市川雛菜/TREAT_MENT.csv,11,2023007110060,雛菜,制作人会和雏菜一起吃的吧~？,市川雛菜,【TRICK☆☆☆】市川雛菜,TREAT_MENT
市川雛菜/【TRICK☆☆☆】市川雛菜/TREAT_MENT.csv,13,2023007110070,雛菜,"那就把电脑关掉~
休息一下吧~？",市川雛菜,【TRICK☆☆☆】市川雛菜,TREAT_MENT
市川雛菜/【TRICK☆☆☆】市川雛菜/TREAT_MENT.csv,15,2023007110080,雛菜,"那个上面写了新品
所以一个忍不住就买下来了！",市川雛菜,【TRICK☆☆☆】市川雛菜,TREAT_MENT
市川雛菜/【TRICK☆☆☆】市川雛菜/TREAT_MENT.csv,17,2023007110090,雛菜,"那你还是早点买比较好哦~
这种东西不知什么时候就会忽然消失的",市川雛菜,【TRICK☆☆☆】市川雛菜,TREAT_MENT
市川雛菜/【TRICK☆☆☆】市川雛菜/TREAT_MENT.csv,18,2023007110100,雛菜,"因为要是卖得不好
很快就会被别的东西换下来嘛~",市川雛菜,【TRICK☆☆☆】市川雛菜,TREAT_MENT
市川雛菜/【TRICK☆☆☆】市川雛菜/TREAT_MENT.csv,20,2023007110110,雛菜,啊~，有可能~？,市川雛菜,【TRICK☆☆☆】市川雛菜,TREAT_MENT
市川雛菜/【TRICK☆☆☆】市川雛菜/TREAT_MENT.csv,21,2023007110120,雛菜,……呐，制作人,市川雛菜,【TRICK☆☆☆】市川雛菜,TREAT_MENT
市川雛菜/【TRICK☆☆☆】市川雛菜/TREAT_MENT.csv,22,2023007110130,雛菜,"雏菜我们如果在这之后
也完全出名不起来",市川雛菜,【TRICK☆☆☆】市川雛菜,TREAT_MENT
市川雛菜/【TRICK☆☆☆】市川雛菜/TREAT_MENT.csv,23,2023007110140,雛菜,偶像的工作，会不会很快就结束呢~,市川雛菜,【TRICK☆☆☆】市川雛菜,TREAT_MENT
市川雛菜/【TRICK☆☆☆】市川雛菜/TREAT_MENT.csv,25,2023007110150,雛菜,"嘛，虽然就算出名了
也总会结束的——……",市川雛菜,【TRICK☆☆☆】市川雛菜,TREAT_MENT
市川雛菜/【TRICK☆☆☆】市川雛菜/TREAT_MENT.csv,26,2023007110160,雛菜,"不过，如果没有透前辈这些就都根本不会开始
要是没趣也就不会持续下去了",市川雛菜,【TRICK☆☆☆】市川雛菜,TREAT_MENT
市川雛菜/【TRICK☆☆☆】市川雛菜/TREAT_MENT.csv,27,2023007110170,雛菜,"雏菜觉得，这都是因为有
觉得偶像很有趣的制作人在啊~",市川雛菜,【TRICK☆☆☆】市川雛菜,TREAT_MENT
市川雛菜/【TRICK☆☆☆】市川雛菜/TREAT_MENT.csv,28,2023007110180,雛菜,制作人觉得有趣吗？,市川雛菜,【TRICK☆☆☆】市川雛菜,TREAT_MENT
市川雛菜/【TRICK☆☆☆】市川雛菜/TREAT_MENT.csv,30,2023007110190,雛菜,"那就得好好地待在这才行哦
制作人",市川雛菜,【TRICK☆☆☆】市川雛菜,TREAT_MENT
市川雛菜/【TRICK☆☆☆】市川雛菜/TREAT_MENT.csv,31,2023007110200,雛菜,得好好地看着雏菜才行,市川雛菜,【TRICK☆☆☆】市川雛菜,TREAT_MENT
市川雛菜/【TRICK☆☆☆】市川雛菜/TREAT_MENT.csv,35,2023007110210,雛菜,,市川雛菜,【TRICK☆☆☆】市川雛菜,TREAT_MENT
市川雛菜/【TRICK☆☆☆】市川雛菜/TREAT_MENT.csv,38,2023007110220,雛菜,"……！
……是吗，也是啊~",市川雛菜,【TRICK☆☆☆】市川雛菜,TREAT_MENT
市川雛菜/【TRICK☆☆☆】市川雛菜/TREAT_MENT.csv,39,2023007110230,雛菜,"啊~！对了
忘记拍“我在过万圣节哦~”的照片了！",市川雛菜,【TRICK☆☆☆】市川雛菜,TREAT_MENT
市川雛菜/【TRICK☆☆☆】市川雛菜/TREAT_MENT.csv,40,2023007110240,雛菜,虽然已经吃到一半了，但还是拍一张吧~！,市川雛菜,【TRICK☆☆☆】市川雛菜,TREAT_MENT
市川雛菜/【TRICK☆☆☆】市川雛菜/TREAT_MENT.csv,41,2023007110250,雛菜,"——来~，制作人也来！
做个剪刀手！",市川雛菜,【TRICK☆☆☆】市川雛菜,TREAT_MENT
市川雛菜/【TRICK☆☆☆】市川雛菜/TREAT_MENT.csv,43,2023007110260,雛菜,"啊哈~
拍到了很有意思的表情~！",市川雛菜,【TRICK☆☆☆】市川雛菜,TREAT_MENT
市川雛菜/【TRICK☆☆☆】市川雛菜/TREAT_MENT.csv,45,2023007110270,雛菜,"嗯~！
这个就由雏菜珍惜地保存！",市川雛菜,【TRICK☆☆☆】市川雛菜,TREAT_MENT
市川雛菜/【TRICK☆☆☆】市川雛菜/TREAT_MENT.csv,47,2023007110280,雛菜,"………………
呐，制作人",市川雛菜,【TRICK☆☆☆】市川雛菜,TREAT_MENT
市川雛菜/【TRICK☆☆☆】市川雛菜/TREAT_MENT.csv,49,2023007110290,雛菜,"虽然大家都说
雏菜看起来很快乐，真好啊",市川雛菜,【TRICK☆☆☆】市川雛菜,TREAT_MENT
市川雛菜/【TRICK☆☆☆】市川雛菜/TREAT_MENT.csv,50,2023007110300,雛菜,说得也是啊,市川雛菜,【TRICK☆☆☆】市川雛菜,TREAT_MENT
市川雛菜/【TRICK☆☆☆】市川雛菜/TREAT_MENT.csv,51,2023007110310,雛菜,"因为，雏菜才不是看起来很快乐
而是就是很快乐幸福啊",市川雛菜,【TRICK☆☆☆】市川雛菜,TREAT_MENT
市川雛菜/【TRICK☆☆☆】市川雛菜/choco_late_.csv,8,2023007030010,雛菜,"明明不用担心那么多的
制作人",市川雛菜,【TRICK☆☆☆】市川雛菜,choco_late_
市川雛菜/【TRICK☆☆☆】市川雛菜/choco_late_.csv,12,2023007030020,雛菜,,市川雛菜,【TRICK☆☆☆】市川雛菜,choco_late_
市川雛菜/【TRICK☆☆☆】市川雛菜/choco_late_.csv,15,2023007030030,雛菜,啊、啊哈~……,市川雛菜,【TRICK☆☆☆】市川雛菜,choco_late_
市川雛菜/【TRICK☆☆☆】市川雛菜/choco_late_.csv,17,2023007030040,雛菜,"哈~~~……
保持这个姿势，腹肌也太痛了~……",市川雛菜,【TRICK☆☆☆】市川雛菜,choco_late_
市川雛菜/【TRICK☆☆☆】市川雛菜/choco_late_.csv,18,2023007030050,雛菜,"雏菜表情没问题吧~？
没有因为这个变得很僵硬吧~……",市川雛菜,【TRICK☆☆☆】市川雛菜,choco_late_
市川雛菜/【TRICK☆☆☆】市川雛菜/choco_late_.csv,21,2023007030060,雛菜,"啊哈~
那就太好了~！",市川雛菜,【TRICK☆☆☆】市川雛菜,choco_late_
市川雛菜/【TRICK☆☆☆】市川雛菜/choco_late_.csv,22,2023007030070,雛菜,"雏菜也非常开心~
腹肌也得到了锻炼~！",市川雛菜,【TRICK☆☆☆】市川雛菜,choco_late_
市川雛菜/【TRICK☆☆☆】市川雛菜/choco_late_.csv,24,2023007030080,雛菜,————哎呀，制作人？,市川雛菜,【TRICK☆☆☆】市川雛菜,choco_late_
市川雛菜/【TRICK☆☆☆】市川雛菜/choco_late_.csv,25,2023007030090,雛菜,"你什么时候来的~？
看了我的摄影吗~？",市川雛菜,【TRICK☆☆☆】市川雛菜,choco_late_
市川雛菜/【TRICK☆☆☆】市川雛菜/choco_late_.csv,27,2023007030100,雛菜,"这样啊~
雏菜表现得怎么样",市川雛菜,【TRICK☆☆☆】市川雛菜,choco_late_
市川雛菜/【TRICK☆☆☆】市川雛菜/choco_late_.csv,30,2023007030110,雛菜,"哇，辛苦了~
真的吗~？",市川雛菜,【TRICK☆☆☆】市川雛菜,choco_late_
市川雛菜/【TRICK☆☆☆】市川雛菜/choco_late_.csv,35,2023007030120,雛菜,,市川雛菜,【TRICK☆☆☆】市川雛菜,choco_late_
市川雛菜/【TRICK☆☆☆】市川雛菜/choco_late_.csv,39,2023007030130,雛菜,啊~……,市川雛菜,【TRICK☆☆☆】市川雛菜,choco_late_
市川雛菜/【TRICK☆☆☆】市川雛菜/choco_late_.csv,40,2023007030140,雛菜,"嗯~
是呢~",市川雛菜,【TRICK☆☆☆】市川雛菜,choco_late_
市川雛菜/【TRICK☆☆☆】市川雛菜/choco_late_.csv,44,2023007030150,雛菜,"呐，制作人
雏菜，表现得好吗~？",市川雛菜,【TRICK☆☆☆】市川雛菜,choco_late_
市川雛菜/【TRICK☆☆☆】市川雛菜/choco_late_.csv,48,2023007030160,雛菜,"是吗~……
那就太好了呢~",市川雛菜,【TRICK☆☆☆】市川雛菜,choco_late_
市川雛菜/【TRICK☆☆☆】市川雛菜/choco_late_.csv,50,2023007030170,雛菜,"但是，总感觉好遗憾
雏菜，虽然就算是很辛苦的姿势也努力地去做了",市川雛菜,【TRICK☆☆☆】市川雛菜,choco_late_
市川雛菜/【TRICK☆☆☆】市川雛菜/choco_late_.csv,51,2023007030180,雛菜,但是制作人，并没有看见吧~……,市川雛菜,【TRICK☆☆☆】市川雛菜,choco_late_
市川雛菜/【UNCHARTE;D】市川雛菜/Im pression.csv,4,2023010010010,雛菜,"啊～
制作人～",市川雛菜,【UNCHARTE;D】市川雛菜,Im pression
市川雛菜/【UNCHARTE;D】市川雛菜/Im pression.csv,7,2023010010020,雛菜,"不是～
没有哦",市川雛菜,【UNCHARTE;D】市川雛菜,Im pression
市川雛菜/【UNCHARTE;D】市川雛菜/Im pression.csv,8,2023010010030,雛菜,制作人还在工作？,市川雛菜,【UNCHARTE;D】市川雛菜,Im pression
市川雛菜/【UNCHARTE;D】市川雛菜/Im pression.csv,10,2023010010040,雛菜,"嘿～
这样啊～",市川雛菜,【UNCHARTE;D】市川雛菜,Im pression
市川雛菜/【UNCHARTE;D】市川雛菜/Im pression.csv,11,2023010010050,雛菜,,市川雛菜,【UNCHARTE;D】市川雛菜,Im pression
市川雛菜/【UNCHARTE;D】市川雛菜/Im pression.csv,12,2023010010060,雛菜,"嗯～……
嗳，冰箱里的饮料能喝吗～？",市川雛菜,【UNCHARTE;D】市川雛菜,Im pression
市川雛菜/【UNCHARTE;D】市川雛菜/Im pression.csv,16,2023010010070,雛菜,……嘿～？,市川雛菜,【UNCHARTE;D】市川雛菜,Im pression
市川雛菜/【UNCHARTE;D】市川雛菜/Im pression.csv,18,2023010010080,雛菜,没什么事啊～？,市川雛菜,【UNCHARTE;D】市川雛菜,Im pression
市川雛菜/【UNCHARTE;D】市川雛菜/Im pression.csv,19,2023010010090,雛菜,"……难道说
雏菜回去比较好？",市川雛菜,【UNCHARTE;D】市川雛菜,Im pression
市川雛菜/【UNCHARTE;D】市川雛菜/Im pression.csv,21,2023010010100,雛菜,"这样啊～
那我就待在这咯～？",市川雛菜,【UNCHARTE;D】市川雛菜,Im pression
市川雛菜/【UNCHARTE;D】市川雛菜/Im pression.csv,31,2023010010110,雛菜,"嗳，制作人
你看～",市川雛菜,【UNCHARTE;D】市川雛菜,Im pression
市川雛菜/【UNCHARTE;D】市川雛菜/Im pression.csv,33,2023010010120,雛菜,透前辈给我的～,市川雛菜,【UNCHARTE;D】市川雛菜,Im pression
市川雛菜/【UNCHARTE;D】市川雛菜/Im pression.csv,34,2023010010130,雛菜,"不过估计是
买什么东西送的就是了～",市川雛菜,【UNCHARTE;D】市川雛菜,Im pression
市川雛菜/【UNCHARTE;D】市川雛菜/P♡P S.csv,2,2023010110010,雛菜,"制作人！
快看快看～",市川雛菜,【UNCHARTE;D】市川雛菜,P♡P S
市川雛菜/【UNCHARTE;D】市川雛菜/P♡P S.csv,4,2023010110020,雛菜,"新上市的点心
买回来了～！",市川雛菜,【UNCHARTE;D】市川雛菜,P♡P S
市川雛菜/【UNCHARTE;D】市川雛菜/P♡P S.csv,6,2023010110030,雛菜,制作人也会一起吃的吧？,市川雛菜,【UNCHARTE;D】市川雛菜,P♡P S
市川雛菜/【UNCHARTE;D】市川雛菜/P♡P S.csv,9,2023010110040,雛菜,嗯～！,市川雛菜,【UNCHARTE;D】市川雛菜,P♡P S
市川雛菜/【UNCHARTE;D】市川雛菜/P♡P S.csv,10,2023010110050,雛菜,嗯嗯～……,市川雛菜,【UNCHARTE;D】市川雛菜,P♡P S
市川雛菜/【UNCHARTE;D】市川雛菜/P♡P S.csv,12,2023010110060,雛菜,"这边是草莓的
这边是香草巧克力来着～",市川雛菜,【UNCHARTE;D】市川雛菜,P♡P S
市川雛菜/【UNCHARTE;D】市川雛菜/P♡P S.csv,14,2023010110070,雛菜,那，雏菜就要香草咯～？,市川雛菜,【UNCHARTE;D】市川雛菜,P♡P S
市川雛菜/【UNCHARTE;D】市川雛菜/P♡P S.csv,15,2023010110071,雛菜＆プロデューサー,…………嗯～,市川雛菜,【UNCHARTE;D】市川雛菜,P♡P S
市川雛菜/【UNCHARTE;D】市川雛菜/P♡P S.csv,16,2023010110080,雛菜,"这个里面有好多巧克力夹心～
制作人的也是～？",市川雛菜,【UNCHARTE;D】市川雛菜,P♡P S
市川雛菜/【UNCHARTE;D】市川雛菜/P♡P S.csv,18,2023010110090,雛菜,嗳，来交换一个吧～,市川雛菜,【UNCHARTE;D】市川雛菜,P♡P S
市川雛菜/【UNCHARTE;D】市川雛菜/P♡P S.csv,20,2023010110100,雛菜,"呀哈～
我收下了～",市川雛菜,【UNCHARTE;D】市川雛菜,P♡P S
市川雛菜/【UNCHARTE;D】市川雛菜/P♡P S.csv,23,2023010110110,雛菜,"…………
嗯～，听过了～",市川雛菜,【UNCHARTE;D】市川雛菜,P♡P S
市川雛菜/【UNCHARTE;D】市川雛菜/P♡P S.csv,26,2023010110120,雛菜,"……这样～
好厉害噢～",市川雛菜,【UNCHARTE;D】市川雛菜,P♡P S
市川雛菜/【UNCHARTE;D】市川雛菜/P♡P S.csv,27,2023010110130,雛菜,,市川雛菜,【UNCHARTE;D】市川雛菜,P♡P S
市川雛菜/【UNCHARTE;D】市川雛菜/P♡P S.csv,28,2023010110140,雛菜,嗳，制作人,市川雛菜,【UNCHARTE;D】市川雛菜,P♡P S
市川雛菜/【UNCHARTE;D】市川雛菜/P♡P S.csv,29,2023010110150,雛菜,"收到这种曲子的意思就是
雏菜看起来给人是这种感觉？",市川雛菜,【UNCHARTE;D】市川雛菜,P♡P S
市川雛菜/【UNCHARTE;D】市川雛菜/P♡P S.csv,31,2023010110160,雛菜,"还是说大家，希望雏菜
是这种样子的偶像？",市川雛菜,【UNCHARTE;D】市川雛菜,P♡P S
市川雛菜/【UNCHARTE;D】市川雛菜/P♡P S.csv,34,2023010110170,雛菜,这样吗～？,市川雛菜,【UNCHARTE;D】市川雛菜,P♡P S
市川雛菜/【UNCHARTE;D】市川雛菜/P♡P S.csv,36,2023010110180,雛菜,"这样啊～
那，就这样～",市川雛菜,【UNCHARTE;D】市川雛菜,P♡P S
市川雛菜/【UNCHARTE;D】市川雛菜/P♡P S.csv,37,2023010110190,雛菜,"啊哈～
真期待啊～",市川雛菜,【UNCHARTE;D】市川雛菜,P♡P S
市川雛菜/【UNCHARTE;D】市川雛菜/P♡P S.csv,39,2023010110200,雛菜,嗯～～～♡,市川雛菜,【UNCHARTE;D】市川雛菜,P♡P S
市川雛菜/【UNCHARTE;D】市川雛菜/WEAR!NG.csv,2,2023010020010,雛菜,"制作人！
这边！",市川雛菜,【UNCHARTE;D】市川雛菜,WEAR!NG
市川雛菜/【UNCHARTE;D】市川雛菜/WEAR!NG.csv,4,2023010020020,雛菜,制作人，好慢～,市川雛菜,【UNCHARTE;D】市川雛菜,WEAR!NG
市川雛菜/【UNCHARTE;D】市川雛菜/WEAR!NG.csv,5,2023010020030,雛菜,"再不快点的话
就要关门了啊～？",市川雛菜,【UNCHARTE;D】市川雛菜,WEAR!NG
市川雛菜/【UNCHARTE;D】市川雛菜/WEAR!NG.csv,7,2023010020040,雛菜,"诶～
但是，想慢慢挑的吧～？",市川雛菜,【UNCHARTE;D】市川雛菜,WEAR!NG
市川雛菜/【UNCHARTE;D】市川雛菜/WEAR!NG.csv,10,2023010020050,雛菜,"怎么了～？
制作人",市川雛菜,【UNCHARTE;D】市川雛菜,WEAR!NG
市川雛菜/【UNCHARTE;D】市川雛菜/WEAR!NG.csv,13,2023010020060,雛菜,"诶～？
为什么～～～？",市川雛菜,【UNCHARTE;D】市川雛菜,WEAR!NG
市川雛菜/【UNCHARTE;D】市川雛菜/WEAR!NG.csv,14,2023010020070,雛菜,"还想让制作人也看看的
你不来不行哦～",市川雛菜,【UNCHARTE;D】市川雛菜,WEAR!NG
市川雛菜/【UNCHARTE;D】市川雛菜/WEAR!NG.csv,16,2023010020080,雛菜,"——好啦，制作人
拿一下这个",市川雛菜,【UNCHARTE;D】市川雛菜,WEAR!NG
市川雛菜/【UNCHARTE;D】市川雛菜/WEAR!NG.csv,18,2023010020090,雛菜,这件，雏菜可能穿着挺合适的～！,市川雛菜,【UNCHARTE;D】市川雛菜,WEAR!NG
市川雛菜/【UNCHARTE;D】市川雛菜/WEAR!NG.csv,19,2023010020100,雛菜,这件也是～！,市川雛菜,【UNCHARTE;D】市川雛菜,WEAR!NG
市川雛菜/【UNCHARTE;D】市川雛菜/WEAR!NG.csv,20,2023010020110,雛菜,"…………
嗯～～～～",市川雛菜,【UNCHARTE;D】市川雛菜,WEAR!NG
市川雛菜/【UNCHARTE;D】市川雛菜/WEAR!NG.csv,21,2023010020120,雛菜,"嗳，制作人
你觉得那件好点～？",市川雛菜,【UNCHARTE;D】市川雛菜,WEAR!NG
市川雛菜/【UNCHARTE;D】市川雛菜/WEAR!NG.csv,23,2023010020130,雛菜,"这件的缎带是
雏菜喜欢的那种",市川雛菜,【UNCHARTE;D】市川雛菜,WEAR!NG
市川雛菜/【UNCHARTE;D】市川雛菜/WEAR!NG.csv,24,2023010020140,雛菜,"这件就
看上去穿着会很舒服～",市川雛菜,【UNCHARTE;D】市川雛菜,WEAR!NG
市川雛菜/【UNCHARTE;D】市川雛菜/WEAR!NG.csv,27,2023010020150,雛菜,那当然啦～,市川雛菜,【UNCHARTE;D】市川雛菜,WEAR!NG
市川雛菜/【UNCHARTE;D】市川雛菜/WEAR!NG.csv,28,2023010020160,雛菜,因为拿的都是适合雏菜的！,市川雛菜,【UNCHARTE;D】市川雛菜,WEAR!NG
市川雛菜/【UNCHARTE;D】市川雛菜/WEAR!NG.csv,34,2023010020170,雛菜,"…………
诶～？",市川雛菜,【UNCHARTE;D】市川雛菜,WEAR!NG
市川雛菜/【UNCHARTE;D】市川雛菜/WEAR!NG.csv,37,2023010020180,雛菜,……啊～,市川雛菜,【UNCHARTE;D】市川雛菜,WEAR!NG
市川雛菜/【UNCHARTE;D】市川雛菜/WEAR!NG.csv,38,2023010020190,雛菜,"也是呢～
那就这样～！",市川雛菜,【UNCHARTE;D】市川雛菜,WEAR!NG
市川雛菜/【UNCHARTE;D】市川雛菜/WEAR!NG.csv,39,2023010020200,雛菜,"谢谢你，制作人
雏菜，去买单咯～",市川雛菜,【UNCHARTE;D】市川雛菜,WEAR!NG
市川雛菜/【change___】市川雛菜/Star☆t.csv,2,2023012010010,雛菜,"…………
第一志愿啊，还没想好～",市川雛菜,【change___】市川雛菜,Star☆t
市川雛菜/【change___】市川雛菜/Star☆t.csv,3,2023012010020,雛菜,……升学意向，打勾————,市川雛菜,【change___】市川雛菜,Star☆t
市川雛菜/【change___】市川雛菜/Star☆t.csv,4,2023012010030,雛菜,志愿大学，还没……确定,市川雛菜,【change___】市川雛菜,Star☆t
市川雛菜/【change___】市川雛菜/Star☆t.csv,5,2023012010040,雛菜,写完了～,市川雛菜,【change___】市川雛菜,Star☆t
市川雛菜/【change___】市川雛菜/Star☆t.csv,6,2023012010050,雛菜,"……啊
忘记写名字了～",市川雛菜,【change___】市川雛菜,Star☆t
市川雛菜/【change___】市川雛菜/Star☆t.csv,7,2023012010060,雛菜,打扰了～,市川雛菜,【change___】市川雛菜,Star☆t
市川雛菜/【change___】市川雛菜/Star☆t.csv,8,2023012010070,雛菜,,市川雛菜,【change___】市川雛菜,Star☆t
市川雛菜/【change___】市川雛菜/Star☆t.csv,9,2023012010080,雛菜,"“开始与结束的数字皆为一同”
……这个，是书法社的人写的吗～",市川雛菜,【change___】市川雛菜,Star☆t
市川雛菜/【change___】市川雛菜/Star☆t.csv,10,2023012010090,雛菜,"…………
是这样子吗～",市川雛菜,【change___】市川雛菜,Star☆t
市川雛菜/【change___】市川雛菜/Star☆t.csv,12,202301201091,雛菜＆プロデューサー,好的，请多多关照……！,市川雛菜,【change___】市川雛菜,Star☆t
市川雛菜/【change___】市川雛菜/Star☆t.csv,15,2023012010100,雛菜,好的～，了解了～！,市川雛菜,【change___】市川雛菜,Star☆t
市川雛菜/【change___】市川雛菜/Star☆t.csv,17,2023012010110,雛菜,"虽然只是个大概……
雏菜觉得应该是边进行偶像活动，边准备考试～",市川雛菜,【change___】市川雛菜,Star☆t
市川雛菜/【change___】市川雛菜/Star☆t.csv,19,2023012010120,雛菜,"……嗯～
现在还不清楚～",市川雛菜,【change___】市川雛菜,Star☆t
市川雛菜/【change___】市川雛菜/Star☆t.csv,20,2023012010130,雛菜,"会有上大学的想法
也只是因为今天的雏菜这么想～",市川雛菜,【change___】市川雛菜,Star☆t
市川雛菜/【change___】市川雛菜/Star☆t.csv,22,2023012010140,雛菜,"明天的雏菜会怎么想，
雏菜自己也不太清楚呢～",市川雛菜,【change___】市川雛菜,Star☆t
市川雛菜/【change___】市川雛菜/Star☆t.csv,24,2023012010150,雛菜,……？,市川雛菜,【change___】市川雛菜,Star☆t
市川雛菜/【change___】市川雛菜/Star☆t.csv,26,2023012010160,雛菜,……这样啊～,市川雛菜,【change___】市川雛菜,Star☆t
市川雛菜/【change___】市川雛菜/Star☆t.csv,30,2023012010170,雛菜,"好的～
非常感谢～！",市川雛菜,【change___】市川雛菜,Star☆t
市川雛菜/【change___】市川雛菜/Star☆t.csv,32,2023012010180,雛菜,怎么了～？,市川雛菜,【change___】市川雛菜,Star☆t
市川雛菜/【change___】市川雛菜/Star☆t.csv,34,2023012010190,雛菜,"啊～……
没关系的～",市川雛菜,【change___】市川雛菜,Star☆t
市川雛菜/【change___】市川雛菜/Star☆t.csv,37,2023012010200,雛菜,……这样子啊～,市川雛菜,【change___】市川雛菜,Star☆t
市川雛菜/【change___】市川雛菜/Star☆t.csv,40,2023012010210,雛菜,"啊哈～……
非常感谢～",市川雛菜,【change___】市川雛菜,Star☆t
市川雛菜/【change___】市川雛菜/Star☆t.csv,41,2023012010220,雛菜,嗳、制作人,市川雛菜,【change___】市川雛菜,Star☆t
市川雛菜/【change___】市川雛菜/Star☆t.csv,43,2023012010230,雛菜,"雏菜只要保持自我，
好像就会有很多人的想法……？　得到了肯定～",市川雛菜,【change___】市川雛菜,Star☆t
市川雛菜/【change___】市川雛菜/Star☆t.csv,45,2023012010240,雛菜,"嗯～
雏菜，这算是被夸了吗～？",市川雛菜,【change___】市川雛菜,Star☆t
市川雛菜/【change___】市川雛菜/Star☆t.csv,49,2023012010250,雛菜,这样啊～,市川雛菜,【change___】市川雛菜,Star☆t
市川雛菜/【change___】市川雛菜/Star☆t.csv,50,2023012010260,雛菜,（“开始与结束的数字皆为一同”）,市川雛菜,【change___】市川雛菜,Star☆t
市川雛菜/【change___】市川雛菜/Star☆t.csv,51,2023012010270,雛菜,是这样吗～……,市川雛菜,【change___】市川雛菜,Star☆t
市川雛菜/【change___】市川雛菜/Star☆t.csv,52,2023012010280,雛菜,,市川雛菜,【change___】市川雛菜,Star☆t
市川雛菜/【change___】市川雛菜/Star☆t.csv,56,2023012010290,雛菜,"嗯～
在想今后的事……",市川雛菜,【change___】市川雛菜,Star☆t
市川雛菜/【change___】市川雛菜/Star☆t.csv,58,2023012010300,雛菜,"虽然还不太清楚……
不过应该会幸福快乐地做着自己喜欢的事～！",市川雛菜,【change___】市川雛菜,Star☆t
市川雛菜/【change___】市川雛菜/Star☆t.csv,60,2023012010310,雛菜,"啊哈～
雏菜，那时会在做什么呢～",市川雛菜,【change___】市川雛菜,Star☆t
市川雛菜/【change___】市川雛菜/Star☆t.csv,61,2023012010320,雛菜,……或许现在还想不明白～,市川雛菜,【change___】市川雛菜,Star☆t
市川雛菜/【change___】市川雛菜/Star☆t.csv,64,2023012010330,雛菜,"嗯～♡
雏菜也觉得是～！",市川雛菜,【change___】市川雛菜,Star☆t
市川雛菜/【change___】市川雛菜/Star☆t.csv,65,2023012010340,雛菜,"嗯～，是啊～
今天也非常开心～！",市川雛菜,【change___】市川雛菜,Star☆t
市川雛菜/【change___】市川雛菜/Star☆t.csv,67,2023012010350,雛菜,"诶～？
当然会啊～",市川雛菜,【change___】市川雛菜,Star☆t
市川雛菜/【change___】市川雛菜/Star☆t.csv,68,2023012010360,雛菜,"因为雏菜很清楚雏菜的事嘛～
制作人也是，很了解雏菜的吧～？",市川雛菜,【change___】市川雛菜,Star☆t
市川雛菜/【change___】市川雛菜/e：n：d.csv,2,2023012020010,雛菜,"真的吗？
真的……是一样的吗？",市川雛菜,【change___】市川雛菜,e：n：d
市川雛菜/【change___】市川雛菜/e：n：d.csv,3,2023012020020,雛菜,开始和，结束的数字……,市川雛菜,【change___】市川雛菜,e：n：d
市川雛菜/【change___】市川雛菜/e：n：d.csv,4,2023012020030,雛菜,皆为一同……,市川雛菜,【change___】市川雛菜,e：n：d
市川雛菜/【change___】市川雛菜/e：n：d.csv,5,2023012020040,雛菜,"咦……
这里是、图书馆……？",市川雛菜,【change___】市川雛菜,e：n：d
市川雛菜/【change___】市川雛菜/e：n：d.csv,6,2023012020050,雛菜,为什么，雏菜会————,市川雛菜,【change___】市川雛菜,e：n：d
市川雛菜/【change___】市川雛菜/e：n：d.csv,8,2023012020060,雛菜,啊……好的～,市川雛菜,【change___】市川雛菜,e：n：d
市川雛菜/【change___】市川雛菜/e：n：d.csv,9,2023012020070,雛菜,"对哦
市川是来复习备考的",市川雛菜,【change___】市川雛菜,e：n：d
市川雛菜/【change___】市川雛菜/e：n：d.csv,10,2023012020080,雛菜,因为，明天是……,市川雛菜,【change___】市川雛菜,e：n：d
市川雛菜/【change___】市川雛菜/e：n：d.csv,11,2023012020090,雛菜,制作人发来的……,市川雛菜,【change___】市川雛菜,e：n：d
市川雛菜/【change___】市川雛菜/e：n：d.csv,13,2023012020100,雛菜,“嗯，好啊”,市川雛菜,【change___】市川雛菜,e：n：d
市川雛菜/【change___】市川雛菜/e：n：d.csv,14,2023012020110,雛菜,……啊嚏,市川雛菜,【change___】市川雛菜,e：n：d
市川雛菜/【change___】市川雛菜/e：n：d.csv,15,2023012020120,雛菜,啊、是制作人吗？,市川雛菜,【change___】市川雛菜,e：n：d
市川雛菜/【change___】市川雛菜/e：n：d.csv,17,2023012020130,雛菜,"嗯～
怎么了～？",市川雛菜,【change___】市川雛菜,e：n：d
市川雛菜/【change___】市川雛菜/e：n：d.csv,20,2023012020140,雛菜,那是什么时候～？,市川雛菜,【change___】市川雛菜,e：n：d
市川雛菜/【change___】市川雛菜/e：n：d.csv,22,2023012020150,雛菜,……嗯～，确实～,市川雛菜,【change___】市川雛菜,e：n：d
市川雛菜/【change___】市川雛菜/e：n：d.csv,25,2023012020160,雛菜,"啊哈～
确实～……",市川雛菜,【change___】市川雛菜,e：n：d
市川雛菜/【change___】市川雛菜/e：n：d.csv,26,2023012020170,雛菜,"嗯～……
明天啊～……",市川雛菜,【change___】市川雛菜,e：n：d
市川雛菜/【change___】市川雛菜/e：n：d.csv,27,2023012020180,雛菜,"……
雏菜，明天要去考试～！",市川雛菜,【change___】市川雛菜,e：n：d
市川雛菜/【change___】市川雛菜/e：n：d.csv,29,2023012020190,雛菜,不会啊～,市川雛菜,【change___】市川雛菜,e：n：d
市川雛菜/【change___】市川雛菜/e：n：d.csv,30,2023012020200,雛菜,"虽然时装展和考试都只在明天
但幸福又快乐的事也不会结束～！",市川雛菜,【change___】市川雛菜,e：n：d
市川雛菜/【change___】市川雛菜/e：n：d.csv,32,2023012020210,雛菜,"嗯～！
雏菜会加油的～！",市川雛菜,【change___】市川雛菜,e：n：d
市川雛菜/【change___】市川雛菜/e：n：d.csv,33,2023012020220,雛菜,,市川雛菜,【change___】市川雛菜,e：n：d
市川雛菜/【change___】市川雛菜/e：n：d.csv,34,2023012020230,雛菜,回到家后再努力一下吧～！,市川雛菜,【change___】市川雛菜,e：n：d
市川雛菜/【change___】市川雛菜/e：n：d.csv,35,2023012020240,雛菜,……还没来吗～,市川雛菜,【change___】市川雛菜,e：n：d
市川雛菜/【change___】市川雛菜/e：n：d.csv,36,2023012020250,雛菜,啊……,市川雛菜,【change___】市川雛菜,e：n：d
市川雛菜/【change___】市川雛菜/e：n：d.csv,38,2023012020260,雛菜,"没事～
雏菜也刚到～",市川雛菜,【change___】市川雛菜,e：n：d
市川雛菜/【change___】市川雛菜/e：n：d.csv,40,2023012020270,雛菜,嗯～！,市川雛菜,【change___】市川雛菜,e：n：d
市川雛菜/【change___】市川雛菜/e：n：d.csv,42,2023012020280,雛菜,"好的～！
拜托了～！",市川雛菜,【change___】市川雛菜,e：n：d
市川雛菜/【change___】市川雛菜/e：n：d.csv,44,2023012020290,雛菜,"呀哈～！
雏菜好期待～！",市川雛菜,【change___】市川雛菜,e：n：d
市川雛菜/【change___】市川雛菜/e：n：d.csv,47,2023012020300,雛菜,"嗯～！
雏菜也这么想～！",市川雛菜,【change___】市川雛菜,e：n：d
市川雛菜/【change___】市川雛菜/same？？？.csv,2,2023012110010,雛菜,“开始与结束的数字皆为一同”,市川雛菜,【change___】市川雛菜,same？？？
市川雛菜/【change___】市川雛菜/same？？？.csv,3,2023012110020,雛菜,……或许是相同的，又或许是不同的,市川雛菜,【change___】市川雛菜,same？？？
市川雛菜/【change___】市川雛菜/same？？？.csv,4,2023012110030,雛菜,,市川雛菜,【change___】市川雛菜,same？？？
市川雛菜/【change___】市川雛菜/same？？？.csv,6,2023012110031,雛菜＆プロデューサー,请多多关照……！,市川雛菜,【change___】市川雛菜,same？？？
市川雛菜/【change___】市川雛菜/same？？？.csv,9,2023012110040,雛菜,好的～，了解～！,市川雛菜,【change___】市川雛菜,same？？？
市川雛菜/【change___】市川雛菜/same？？？.csv,12,2023012110050,雛菜,嗯～……,市川雛菜,【change___】市川雛菜,same？？？
市川雛菜/【change___】市川雛菜/same？？？.csv,13,2023012110060,雛菜,"有，有的～！
梦见雏菜当上了大学生～！",市川雛菜,【change___】市川雛菜,same？？？
市川雛菜/【change___】市川雛菜/same？？？.csv,15,2023012110070,雛菜,"啊哈～
是的呢～！",市川雛菜,【change___】市川雛菜,same？？？
市川雛菜/【change___】市川雛菜/same？？？.csv,17,2023012110080,雛菜,"和现在没什么变化～
依然开开心心地工作着～！",市川雛菜,【change___】市川雛菜,same？？？
市川雛菜/【change___】市川雛菜/same？？？.csv,19,2023012110090,雛菜,"……嗯～
说得也是～",市川雛菜,【change___】市川雛菜,same？？？
市川雛菜/【change___】市川雛菜/same？？？.csv,20,2023012110100,雛菜,"梦里的雏菜，看上去非常快乐
所以那种未来也不错吧～，雏菜是这么想的～！",市川雛菜,【change___】市川雛菜,same？？？
市川雛菜/【change___】市川雛菜/same？？？.csv,22,2023012110110,雛菜,嗯～？,市川雛菜,【change___】市川雛菜,same？？？
市川雛菜/【change___】市川雛菜/same？？？.csv,24,2023012110120,雛菜,嗯～！,市川雛菜,【change___】市川雛菜,same？？？
市川雛菜/【change___】市川雛菜/same？？？.csv,25,2023012110130,雛菜,"雏菜是偶像
制作人也还是制作人哦～！",市川雛菜,【change___】市川雛菜,same？？？
市川雛菜/【change___】市川雛菜/same？？？.csv,27,2023012110140,雛菜,虽然今晚梦见的可能又不一样了,市川雛菜,【change___】市川雛菜,same？？？
市川雛菜/【change___】市川雛菜/same？？？.csv,28,2023012110150,雛菜,"或许现在所想的未来，
和真正的未来也有所出入……",市川雛菜,【change___】市川雛菜,same？？？
市川雛菜/【change___】市川雛菜/same？？？.csv,29,2023012110160,雛菜,但雏菜的话，无论哪种未来都能快乐享受～！,市川雛菜,【change___】市川雛菜,same？？？
市川雛菜/【change___】市川雛菜/same？？？.csv,31,2023012110170,雛菜,"（就算到了非要做出选择不可的时候
……雏菜也还是雏菜）",市川雛菜,【change___】市川雛菜,same？？？
市川雛菜/【change___】市川雛菜/same？？？.csv,32,2023012110180,雛菜,"（幸福又快乐的事情……
肯定会————）",市川雛菜,【change___】市川雛菜,same？？？
市川雛菜/【change___】市川雛菜/same？？？.csv,34,2023012110190,雛菜,诶～？,市川雛菜,【change___】市川雛菜,same？？？
市川雛菜/【change___】市川雛菜/same？？？.csv,37,2023012110200,雛菜,"没有～！
只是在期待下一份工作是什么～！",市川雛菜,【change___】市川雛菜,same？？？
市川雛菜/【d!scovery】市川雛菜/1.【_LOOKS LIKE_】.csv,4,2023013010010,雛菜,"是的～
没问题～",市川雛菜,【d!scovery】市川雛菜,1.【_LOOKS LIKE_】
市川雛菜/【d!scovery】市川雛菜/1.【_LOOKS LIKE_】.csv,6,2023013010020,雛菜,"大家好～
是Noctchill的市川雏菜哦～",市川雛菜,【d!scovery】市川雛菜,1.【_LOOKS LIKE_】
市川雛菜/【d!scovery】市川雛菜/1.【_LOOKS LIKE_】.csv,7,2023013010030,雛菜,"今天我们要来装饰一下
悠吖熊的女儿节蛋糕～",市川雛菜,【d!scovery】市川雛菜,1.【_LOOKS LIKE_】
市川雛菜/【d!scovery】市川雛菜/1.【_LOOKS LIKE_】.csv,8,2023013010040,雛菜,雏菜会把蛋糕装饰得超级可爱，大家一定要好好看着哦～,市川雛菜,【d!scovery】市川雛菜,1.【_LOOKS LIKE_】
市川雛菜/【d!scovery】市川雛菜/1.【_LOOKS LIKE_】.csv,10,2023013010050,雛菜,好的～,市川雛菜,【d!scovery】市川雛菜,1.【_LOOKS LIKE_】
市川雛菜/【d!scovery】市川雛菜/1.【_LOOKS LIKE_】.csv,11,2023013010060,雛菜,…………,市川雛菜,【d!scovery】市川雛菜,1.【_LOOKS LIKE_】
市川雛菜/【d!scovery】市川雛菜/1.【_LOOKS LIKE_】.csv,13,2023013010070,雛菜,"……嗯～，现在不用
谢谢关心～",市川雛菜,【d!scovery】市川雛菜,1.【_LOOKS LIKE_】
市川雛菜/【d!scovery】市川雛菜/1.【_LOOKS LIKE_】.csv,15,2023013010080,雛菜,倒也没有啦……,市川雛菜,【d!scovery】市川雛菜,1.【_LOOKS LIKE_】
市川雛菜/【d!scovery】市川雛菜/1.【_LOOKS LIKE_】.csv,16,2023013010090,雛菜,"但雏菜心目中的可爱，
和大家心目中的可爱不太一样吧？",市川雛菜,【d!scovery】市川雛菜,1.【_LOOKS LIKE_】
市川雛菜/【d!scovery】市川雛菜/1.【_LOOKS LIKE_】.csv,17,2023013010100,雛菜,"所以……
可能稍微有点在意，这样子真的好吗～",市川雛菜,【d!scovery】市川雛菜,1.【_LOOKS LIKE_】
市川雛菜/【d!scovery】市川雛菜/1.【_LOOKS LIKE_】.csv,19,2023013010110,雛菜,"啊哈～
说得也是呢～",市川雛菜,【d!scovery】市川雛菜,1.【_LOOKS LIKE_】
市川雛菜/【d!scovery】市川雛菜/1.【_LOOKS LIKE_】.csv,21,2023013010120,雛菜,好的～,市川雛菜,【d!scovery】市川雛菜,1.【_LOOKS LIKE_】
市川雛菜/【d!scovery】市川雛菜/1.【_LOOKS LIKE_】.csv,22,2023013010130,雛菜,那我过去啦～,市川雛菜,【d!scovery】市川雛菜,1.【_LOOKS LIKE_】
市川雛菜/【d!scovery】市川雛菜/1.【_LOOKS LIKE_】.csv,24,2023013010140,雛菜,"──草莓、橙子、蜜瓜……
糖炒米和饼干……还有马卡龙～",市川雛菜,【d!scovery】市川雛菜,1.【_LOOKS LIKE_】
市川雛菜/【d!scovery】市川雛菜/1.【_LOOKS LIKE_】.csv,25,2023013010150,雛菜,"啊哈～
蛋白酥皮做的悠吖熊也好可爱～♡",市川雛菜,【d!scovery】市川雛菜,1.【_LOOKS LIKE_】
市川雛菜/【d!scovery】市川雛菜/1.【_LOOKS LIKE_】.csv,26,2023013010160,雛菜,嗯～……要把蛋糕装扮成怎样好呢～,市川雛菜,【d!scovery】市川雛菜,1.【_LOOKS LIKE_】
市川雛菜/【d!scovery】市川雛菜/1.【_LOOKS LIKE_】.csv,27,2023013010170,雛菜,（……天后悠吖熊和天皇悠吖熊是一定要放的……）,市川雛菜,【d!scovery】市川雛菜,1.【_LOOKS LIKE_】
市川雛菜/【d!scovery】市川雛菜/1.【_LOOKS LIKE_】.csv,28,2023013010180,雛菜,（一定要把悠吖熊摆得可爱一些……）,市川雛菜,【d!scovery】市川雛菜,1.【_LOOKS LIKE_】
市川雛菜/【d!scovery】市川雛菜/1.【_LOOKS LIKE_】.csv,29,2023013010190,雛菜,……那么就先来打扮一下悠吖熊吧～,市川雛菜,【d!scovery】市川雛菜,1.【_LOOKS LIKE_】
市川雛菜/【d!scovery】市川雛菜/1.【_LOOKS LIKE_】.csv,30,2023013010200,雛菜,"放在哪里比较好呢～
比起中间，稍微靠上一点……",市川雛菜,【d!scovery】市川雛菜,1.【_LOOKS LIKE_】
市川雛菜/【d!scovery】市川雛菜/1.【_LOOKS LIKE_】.csv,31,2023013010210,雛菜,"嗯～……比起紧紧贴在一起，
还是稍微分开一点……",市川雛菜,【d!scovery】市川雛菜,1.【_LOOKS LIKE_】
市川雛菜/【d!scovery】市川雛菜/1.【_LOOKS LIKE_】.csv,35,2023013010220,雛菜,…………,市川雛菜,【d!scovery】市川雛菜,1.【_LOOKS LIKE_】
市川雛菜/【d!scovery】市川雛菜/1.【_LOOKS LIKE_】.csv,37,2023013010230,雛菜,"啊，好的～……
明白了",市川雛菜,【d!scovery】市川雛菜,1.【_LOOKS LIKE_】
市川雛菜/【d!scovery】市川雛菜/1.【_LOOKS LIKE_】.csv,39,2023013010240,雛菜,好的，拜托了～,市川雛菜,【d!scovery】市川雛菜,1.【_LOOKS LIKE_】
市川雛菜/【d!scovery】市川雛菜/1.【_LOOKS LIKE_】.csv,41,2023013010250,雛菜,请进～,市川雛菜,【d!scovery】市川雛菜,1.【_LOOKS LIKE_】
市川雛菜/【d!scovery】市川雛菜/1.【_LOOKS LIKE_】.csv,44,2023013010260,雛菜,"这样啊～
那就太好啦～",市川雛菜,【d!scovery】市川雛菜,1.【_LOOKS LIKE_】
市川雛菜/【d!scovery】市川雛菜/1.【_LOOKS LIKE_】.csv,45,2023013010270,雛菜,"……不过，刚才雏菜有点吃惊
因为被说了和平时完全相反的话",市川雛菜,【d!scovery】市川雛菜,1.【_LOOKS LIKE_】
市川雛菜/【d!scovery】市川雛菜/1.【_LOOKS LIKE_】.csv,46,2023013010280,雛菜,明明以往大家都会说『雏菜看起来很开心呢～』,市川雛菜,【d!scovery】市川雛菜,1.【_LOOKS LIKE_】
市川雛菜/【d!scovery】市川雛菜/1.【_LOOKS LIKE_】.csv,51,2023013010290,雛菜,"雏菜一直都很开心，也很幸福啊～
……不过，如果看起来不是那样的话就不行呢",市川雛菜,【d!scovery】市川雛菜,1.【_LOOKS LIKE_】
市川雛菜/【d!scovery】市川雛菜/1.【_LOOKS LIKE_】.csv,55,2023013010300,雛菜,"嗯～！
因为雏菜只要这样就够了～",市川雛菜,【d!scovery】市川雛菜,1.【_LOOKS LIKE_】
市川雛菜/【d!scovery】市川雛菜/1.【_LOOKS LIKE_】.csv,58,2023013010310,雛菜,"呀哈～
嗯，带回去～！",市川雛菜,【d!scovery】市川雛菜,1.【_LOOKS LIKE_】
市川雛菜/【d!scovery】市川雛菜/1.【_LOOKS LIKE_】.csv,60,2023013010320,雛菜,好～！,市川雛菜,【d!scovery】市川雛菜,1.【_LOOKS LIKE_】
市川雛菜/【d!scovery】市川雛菜/1.【_LOOKS LIKE_】.csv,61,2023013010330,雛菜,"诶～
雏菜刚才表现得不可爱吗～？",市川雛菜,【d!scovery】市川雛菜,1.【_LOOKS LIKE_】
市川雛菜/【d!scovery】市川雛菜/1.【_LOOKS LIKE_】.csv,63,2023013010340,雛菜,……这样啊～,市川雛菜,【d!scovery】市川雛菜,1.【_LOOKS LIKE_】
市川雛菜/【d!scovery】市川雛菜/1.【_LOOKS LIKE_】.csv,64,2023013010350,雛菜,刚才确实很开心，既然也表现出可爱了那就没问题了～,市川雛菜,【d!scovery】市川雛菜,1.【_LOOKS LIKE_】
市川雛菜/【d!scovery】市川雛菜/1.【_LOOKS LIKE_】.csv,65,2023013010360,雛菜,啊，对了,市川雛菜,【d!scovery】市川雛菜,1.【_LOOKS LIKE_】
市川雛菜/【d!scovery】市川雛菜/1.【_LOOKS LIKE_】.csv,66,2023013010370,雛菜,"刚才拍了悠吖熊的蛋糕
可以发到Twista上吗～",市川雛菜,【d!scovery】市川雛菜,1.【_LOOKS LIKE_】
市川雛菜/【d!scovery】市川雛菜/1.【_LOOKS LIKE_】.csv,68,2023013010380,雛菜,明白了～,市川雛菜,【d!scovery】市川雛菜,1.【_LOOKS LIKE_】
市川雛菜/【d!scovery】市川雛菜/1.【_LOOKS LIKE_】.csv,69,2023013010390,雛菜,"刚才拍了很多照片
制作人来告诉雏菜哪张最可爱吧～♡",市川雛菜,【d!scovery】市川雛菜,1.【_LOOKS LIKE_】
市川雛菜/【d!scovery】市川雛菜/1.【_LOOKS LIKE_】.csv,72,2023013010400,雛菜,这样啊～……,市川雛菜,【d!scovery】市川雛菜,1.【_LOOKS LIKE_】
市川雛菜/【d!scovery】市川雛菜/1.【_LOOKS LIKE_】.csv,73,2023013010410,雛菜,"但是，只有制作人能感受到的话
有时候也不太OK呢～",市川雛菜,【d!scovery】市川雛菜,1.【_LOOKS LIKE_】
市川雛菜/【d!scovery】市川雛菜/1.【_LOOKS LIKE_】.csv,75,2023013010420,雛菜,嗯～，很开心～,市川雛菜,【d!scovery】市川雛菜,1.【_LOOKS LIKE_】
市川雛菜/【d!scovery】市川雛菜/1.【_LOOKS LIKE_】.csv,77,2023013010430,雛菜,嗯～，回家吧～！,市川雛菜,【d!scovery】市川雛菜,1.【_LOOKS LIKE_】
市川雛菜/【d!scovery】市川雛菜/2.I want 2 bE.csv,2,2023013020010,雛菜,…………,市川雛菜,【d!scovery】市川雛菜,2.I want 2 bE
市川雛菜/【d!scovery】市川雛菜/2.I want 2 bE.csv,4,2023013020020,雛菜,…………,市川雛菜,【d!scovery】市川雛菜,2.I want 2 bE
市川雛菜/【d!scovery】市川雛菜/2.I want 2 bE.csv,21,2023013020030,雛菜,…………────,市川雛菜,【d!scovery】市川雛菜,2.I want 2 bE
市川雛菜/【d!scovery】市川雛菜/2.I want 2 bE.csv,22,2023013020040,雛菜,那个……,市川雛菜,【d!scovery】市川雛菜,2.I want 2 bE
市川雛菜/【d!scovery】市川雛菜/2.I want 2 bE.csv,25,2023013020050,雛菜,"啊，制作人
借用一下厨房哦～",市川雛菜,【d!scovery】市川雛菜,2.I want 2 bE
市川雛菜/【d!scovery】市川雛菜/2.I want 2 bE.csv,27,2023013020060,雛菜,"嗯～
是悠吖熊的女儿节蛋糕～！",市川雛菜,【d!scovery】市川雛菜,2.I want 2 bE
市川雛菜/【d!scovery】市川雛菜/2.I want 2 bE.csv,28,2023013020070,雛菜,"虽然拍摄那天也装饰得很可爱了，
但雏菜想看看今天的可爱又是怎样的～",市川雛菜,【d!scovery】市川雛菜,2.I want 2 bE
市川雛菜/【d!scovery】市川雛菜/2.I want 2 bE.csv,29,2023013020080,雛菜,装饰好了以后制作人也一起吃吧～？,市川雛菜,【d!scovery】市川雛菜,2.I want 2 bE
市川雛菜/【d!scovery】市川雛菜/2.I want 2 bE.csv,31,2023013020090,雛菜,"知道了～
马上就做好了，稍等一下哦～",市川雛菜,【d!scovery】市川雛菜,2.I want 2 bE
市川雛菜/【d!scovery】市川雛菜/2.I want 2 bE.csv,33,2023013020100,雛菜,制作人，做好了哦～,市川雛菜,【d!scovery】市川雛菜,2.I want 2 bE
市川雛菜/【d!scovery】市川雛菜/2.I want 2 bE.csv,35,2023013020110,雛菜,嗯～！,市川雛菜,【d!scovery】市川雛菜,2.I want 2 bE
市川雛菜/【d!scovery】市川雛菜/2.I want 2 bE.csv,37,2023013020120,雛菜,"说到女儿节，主角果然还是天后人偶和天皇人偶吧～？
所以雏菜觉得不用装饰太多～",市川雛菜,【d!scovery】市川雛菜,2.I want 2 bE
市川雛菜/【d!scovery】市川雛菜/2.I want 2 bE.csv,38,2023013020130,雛菜,上次的那个，怎么说呢……,市川雛菜,【d!scovery】市川雛菜,2.I want 2 bE
市川雛菜/【d!scovery】市川雛菜/2.I want 2 bE.csv,39,2023013020140,雛菜,"当时可能有种
一定要做得可爱才行～的想法吧",市川雛菜,【d!scovery】市川雛菜,2.I want 2 bE
市川雛菜/【d!scovery】市川雛菜/2.I want 2 bE.csv,40,2023013020150,雛菜,"之前也说过，雏菜心目中的可爱
和大家心目中的可爱或许不太一样吧～",市川雛菜,【d!scovery】市川雛菜,2.I want 2 bE
市川雛菜/【d!scovery】市川雛菜/2.I want 2 bE.csv,45,2023013020160,雛菜,…………,市川雛菜,【d!scovery】市川雛菜,2.I want 2 bE
市川雛菜/【d!scovery】市川雛菜/2.I want 2 bE.csv,47,2023013020170,雛菜,"嗯～
制作人也一起来拍吧～♡",市川雛菜,【d!scovery】市川雛菜,2.I want 2 bE
市川雛菜/【d!scovery】市川雛菜/2.I want 2 bE.csv,49,2023013020180,雛菜,因为有很多很多种可爱啊，而且也不清楚哪个更好,市川雛菜,【d!scovery】市川雛菜,2.I want 2 bE
市川雛菜/【d!scovery】市川雛菜/2.I want 2 bE.csv,50,2023013020190,雛菜,但，就像是——大家心目中最好的……？,市川雛菜,【d!scovery】市川雛菜,2.I want 2 bE
市川雛菜/【d!scovery】市川雛菜/2.I want 2 bE.csv,51,2023013020200,雛菜,"或许有的时候，自己必须选出这种可爱来
就稍微想了一下这些事～",市川雛菜,【d!scovery】市川雛菜,2.I want 2 bE
市川雛菜/【d!scovery】市川雛菜/2.I want 2 bE.csv,53,2023013020210,雛菜,是啊～,市川雛菜,【d!scovery】市川雛菜,2.I want 2 bE
市川雛菜/【d!scovery】市川雛菜/2.I want 2 bE.csv,54,2023013020220,雛菜,今天也是雏菜的心目中最好的那一个～♡,市川雛菜,【d!scovery】市川雛菜,2.I want 2 bE
市川雛菜/【d!scovery】市川雛菜/2.I want 2 bE.csv,57,2023013020230,雛菜,"嗯～
雏菜也两个都喜欢～",市川雛菜,【d!scovery】市川雛菜,2.I want 2 bE
市川雛菜/【d!scovery】市川雛菜/2.I want 2 bE.csv,59,2023013020240,雛菜,"嗯～！
雏菜要皇家奶茶～",市川雛菜,【d!scovery】市川雛菜,2.I want 2 bE
市川雛菜/【d!scovery】市川雛菜/3.gift g!ft gift.csv,8,2023013030010,雛菜,辛苦了～,市川雛菜,【d!scovery】市川雛菜,3.gift g!ft gift
市川雛菜/【d!scovery】市川雛菜/3.gift g!ft gift.csv,9,2023013030020,雛菜,诶～……,市川雛菜,【d!scovery】市川雛菜,3.gift g!ft gift
市川雛菜/【d!scovery】市川雛菜/3.gift g!ft gift.csv,12,2023013030030,雛菜,啊哈～……,市川雛菜,【d!scovery】市川雛菜,3.gift g!ft gift
市川雛菜/【d!scovery】市川雛菜/3.gift g!ft gift.csv,13,2023013030040,雛菜,"没事吧？
发出了好大的声音",市川雛菜,【d!scovery】市川雛菜,3.gift g!ft gift
市川雛菜/【d!scovery】市川雛菜/3.gift g!ft gift.csv,15,2023013030050,雛菜,在找什么东西吗～？,市川雛菜,【d!scovery】市川雛菜,3.gift g!ft gift
市川雛菜/【d!scovery】市川雛菜/3.gift g!ft gift.csv,19,2023013030060,雛菜,……！,市川雛菜,【d!scovery】市川雛菜,3.gift g!ft gift
市川雛菜/【d!scovery】市川雛菜/3.gift g!ft gift.csv,20,2023013030070,雛菜,"是悠吖熊的雏人偶装饰～
好可爱～～～",市川雛菜,【d!scovery】市川雛菜,3.gift g!ft gift
市川雛菜/【d!scovery】市川雛菜/3.gift g!ft gift.csv,22,2023013030080,雛菜,啊～，原来是这样啊～,市川雛菜,【d!scovery】市川雛菜,3.gift g!ft gift
市川雛菜/【d!scovery】市川雛菜/3.gift g!ft gift.csv,26,2023013030090,雛菜,嗯～,市川雛菜,【d!scovery】市川雛菜,3.gift g!ft gift
市川雛菜/【d!scovery】市川雛菜/3.gift g!ft gift.csv,27,2023013030100,雛菜,…………,市川雛菜,【d!scovery】市川雛菜,3.gift g!ft gift
市川雛菜/【d!scovery】市川雛菜/3.gift g!ft gift.csv,28,2023013030110,雛菜,要出门啦,市川雛菜,【d!scovery】市川雛菜,3.gift g!ft gift
市川雛菜/【d!scovery】市川雛菜/3.gift g!ft gift.csv,29,2023013030120,雛菜,…………,市川雛菜,【d!scovery】市川雛菜,3.gift g!ft gift
市川雛菜/【d!scovery】市川雛菜/3.gift g!ft gift.csv,32,2023013030130,雛菜,嗯～！　悠吖熊戴着超级合适～,市川雛菜,【d!scovery】市川雛菜,3.gift g!ft gift
市川雛菜/【d!scovery】市川雛菜/3.gift g!ft gift.csv,34,2023013030140,雛菜,"而且，那个戒指有点小呢
所以雏菜想着干脆给悠吖熊戴好了～",市川雛菜,【d!scovery】市川雛菜,3.gift g!ft gift
市川雛菜/【d!scovery】市川雛菜/3.gift g!ft gift.csv,35,2023013030150,雛菜,"但悠吖熊会不会觉得
『这个不对～！』呢～？",市川雛菜,【d!scovery】市川雛菜,3.gift g!ft gift
市川雛菜/【d!scovery】市川雛菜/3.gift g!ft gift.csv,38,2023013030160,雛菜,诶～～～,市川雛菜,【d!scovery】市川雛菜,3.gift g!ft gift
市川雛菜/【d!scovery】市川雛菜/3.gift g!ft gift.csv,39,2023013030170,雛菜,"不过既然雏菜觉得可爱，
那就没问题了吧～",市川雛菜,【d!scovery】市川雛菜,3.gift g!ft gift
市川雛菜/【d!scovery】市川雛菜/4.+ch♥♥se+.csv,3,2023013040010,雛菜,"嗯～！
谢谢～",市川雛菜,【d!scovery】市川雛菜,4.+ch♥♥se+
市川雛菜/【d!scovery】市川雛菜/4.+ch♥♥se+.csv,5,2023013040020,雛菜,……？,市川雛菜,【d!scovery】市川雛菜,4.+ch♥♥se+
市川雛菜/【d!scovery】市川雛菜/4.+ch♥♥se+.csv,7,2023013040030,雛菜,"诶～
其实不用啦",市川雛菜,【d!scovery】市川雛菜,4.+ch♥♥se+
市川雛菜/【d!scovery】市川雛菜/4.+ch♥♥se+.csv,9,2023013040040,雛菜,那难道说……今天要去购物吗？,市川雛菜,【d!scovery】市川雛菜,4.+ch♥♥se+
市川雛菜/【d!scovery】市川雛菜/4.+ch♥♥se+.csv,11,2023013040050,雛菜,"那……
雏菜也一起去～！",市川雛菜,【d!scovery】市川雛菜,4.+ch♥♥se+
市川雛菜/【d!scovery】市川雛菜/4.+ch♥♥se+.csv,14,2023013040060,雛菜,"呀哈～♡
雏菜不客气了～",市川雛菜,【d!scovery】市川雛菜,4.+ch♥♥se+
市川雛菜/【d!scovery】市川雛菜/4.+ch♥♥se+.csv,15,2023013040070,雛菜,制作人也吃一半吧～？,市川雛菜,【d!scovery】市川雛菜,4.+ch♥♥se+
市川雛菜/【d!scovery】市川雛菜/4.+ch♥♥se+.csv,17,2023013040080,雛菜,……嗯～，好好吃～,市川雛菜,【d!scovery】市川雛菜,4.+ch♥♥se+
市川雛菜/【d!scovery】市川雛菜/4.+ch♥♥se+.csv,20,2023013040090,雛菜,…………,市川雛菜,【d!scovery】市川雛菜,4.+ch♥♥se+
市川雛菜/【d!scovery】市川雛菜/4.+ch♥♥se+.csv,21,2023013040100,雛菜,没找到呢，发饰,市川雛菜,【d!scovery】市川雛菜,4.+ch♥♥se+
市川雛菜/【d!scovery】市川雛菜/4.+ch♥♥se+.csv,23,2023013040110,雛菜,…………,市川雛菜,【d!scovery】市川雛菜,4.+ch♥♥se+
市川雛菜/【d!scovery】市川雛菜/4.+ch♥♥se+.csv,26,2023013040120,雛菜,"嗳，制作人
一定要是店里卖的饰品才行吗？",市川雛菜,【d!scovery】市川雛菜,4.+ch♥♥se+
市川雛菜/【d!scovery】市川雛菜/4.+ch♥♥se+.csv,27,2023013040130,雛菜,"雛菜觉得只要可爱就可以了
制作人不是这么想的吗～？",市川雛菜,【d!scovery】市川雛菜,4.+ch♥♥se+
市川雛菜/【d!scovery】市川雛菜/4.+ch♥♥se+.csv,31,2023013040140,雛菜,这样啊～,市川雛菜,【d!scovery】市川雛菜,4.+ch♥♥se+
市川雛菜/【d!scovery】市川雛菜/4.+ch♥♥se+.csv,32,2023013040150,雛菜,嗯～……,市川雛菜,【d!scovery】市川雛菜,4.+ch♥♥se+
市川雛菜/【d!scovery】市川雛菜/4.+ch♥♥se+.csv,33,2023013040160,雛菜,啊！,市川雛菜,【d!scovery】市川雛菜,4.+ch♥♥se+
市川雛菜/【d!scovery】市川雛菜/4.+ch♥♥se+.csv,34,2023013040170,雛菜,没有的话，自己做不就好了～,市川雛菜,【d!scovery】市川雛菜,4.+ch♥♥se+
市川雛菜/【d!scovery】市川雛菜/4.+ch♥♥se+.csv,35,2023013040180,雛菜,"刚才不是路过有一家手工店吗
一起去看看吧～",市川雛菜,【d!scovery】市川雛菜,4.+ch♥♥se+
市川雛菜/【d!scovery】市川雛菜/4.+ch♥♥se+.csv,41,2023013040190,雛菜,"雏菜是不会去做自己不想做的事情的呀～
制作人也很清楚吧",市川雛菜,【d!scovery】市川雛菜,4.+ch♥♥se+
市川雛菜/【d!scovery】市川雛菜/4.+ch♥♥se+.csv,44,2023013040200,雛菜,"啊哈～♡
好啊～！",市川雛菜,【d!scovery】市川雛菜,4.+ch♥♥se+
市川雛菜/【d!scovery】市川雛菜/4.+ch♥♥se+.csv,47,2023013040210,雛菜,"虽然可能没法做得很专业
但查一下说不定也能做出来呢",市川雛菜,【d!scovery】市川雛菜,4.+ch♥♥se+
市川雛菜/【d!scovery】市川雛菜/4.+ch♥♥se+.csv,49,2023013040220,雛菜,"刚才路过的那家店里，
有很多漂亮的珠子呢",市川雛菜,【d!scovery】市川雛菜,4.+ch♥♥se+
市川雛菜/【d!scovery】市川雛菜/4.+ch♥♥se+.csv,50,2023013040230,雛菜,挑选的过程也会很有趣吧～,市川雛菜,【d!scovery】市川雛菜,4.+ch♥♥se+
市川雛菜/【d!scovery】市川雛菜/4.+ch♥♥se+.csv,53,2023013040240,雛菜,嗯～！,市川雛菜,【d!scovery】市川雛菜,4.+ch♥♥se+
市川雛菜/【d!scovery】市川雛菜/4.+ch♥♥se+.csv,55,2023013040250,雛菜,"不是啊～
是因为雏菜想做所以才要做啊",市川雛菜,【d!scovery】市川雛菜,4.+ch♥♥se+
市川雛菜/【d!scovery】市川雛菜/4.+ch♥♥se+.csv,56,2023013040260,雛菜,雏菜一直以来不都是这样的吗～？,市川雛菜,【d!scovery】市川雛菜,4.+ch♥♥se+
市川雛菜/【d!scovery】市川雛菜/4.+ch♥♥se+.csv,59,2023013040270,雛菜,"嗯～！
一起去找能让雏人偶变得更可爱的饰品吧～",市川雛菜,【d!scovery】市川雛菜,4.+ch♥♥se+
市川雛菜/【d!scovery】市川雛菜/5._ correct.csv,2,2023013110010,雛菜,…………,市川雛菜,【d!scovery】市川雛菜,5._ correct
市川雛菜/【d!scovery】市川雛菜/5._ correct.csv,5,2023013110020,雛菜,"嗯～
而且，是和制作人一起选的嘛～",市川雛菜,【d!scovery】市川雛菜,5._ correct
市川雛菜/【d!scovery】市川雛菜/5._ correct.csv,8,2023013110030,雛菜,诶～，什么事～？,市川雛菜,【d!scovery】市川雛菜,5._ correct
市川雛菜/【d!scovery】市川雛菜/5._ correct.csv,11,2023013110040,雛菜,啊～是之前弄丢的那个～？,市川雛菜,【d!scovery】市川雛菜,5._ correct
市川雛菜/【d!scovery】市川雛菜/5._ correct.csv,14,2023013110050,雛菜,……明白了～,市川雛菜,【d!scovery】市川雛菜,5._ correct
市川雛菜/【d!scovery】市川雛菜/5._ correct.csv,15,2023013110060,雛菜,……果然还是这个更可爱～♡,市川雛菜,【d!scovery】市川雛菜,5._ correct
市川雛菜/【d!scovery】市川雛菜/5._ correct.csv,16,2023013110070,雛菜,虽然雏菜给的戒指和做的发饰也都很合适,市川雛菜,【d!scovery】市川雛菜,5._ correct
市川雛菜/【d!scovery】市川雛菜/5._ correct.csv,17,2023013110080,雛菜,但果然还是这个最棒呢～！,市川雛菜,【d!scovery】市川雛菜,5._ correct
市川雛菜/【d!scovery】市川雛菜/5._ correct.csv,19,2023013110090,雛菜,"那，雏菜做的发饰还有戒指……
就交给制作人保管吧～",市川雛菜,【d!scovery】市川雛菜,5._ correct
市川雛菜/【d!scovery】市川雛菜/5._ correct.csv,24,2023013110100,雛菜,"是吧～！
说不定还能变得更可爱呢～",市川雛菜,【d!scovery】市川雛菜,5._ correct
市川雛菜/【d!scovery】市川雛菜/5._ correct.csv,26,2023013110110,雛菜,"嗯～！
所以雏菜才会每天都那么幸福吧～！",市川雛菜,【d!scovery】市川雛菜,5._ correct
市川雛菜/【d!scovery】市川雛菜/5._ correct.csv,30,2023013110120,雛菜,"啊哈～
雏菜没问题的",市川雛菜,【d!scovery】市川雛菜,5._ correct
市川雛菜/【d!scovery】市川雛菜/5._ correct.csv,31,2023013110130,雛菜,"而且，之前那家手工店
雏菜刚好也还想再去一次呢～",市川雛菜,【d!scovery】市川雛菜,5._ correct
市川雛菜/【d!scovery】市川雛菜/5._ correct.csv,34,2023013110140,雛菜,是啊～,市川雛菜,【d!scovery】市川雛菜,5._ correct
市川雛菜/【d!scovery】市川雛菜/5._ correct.csv,35,2023013110150,雛菜,从今以后，也想一直一直寻找下去────,市川雛菜,【d!scovery】市川雛菜,5._ correct
市川雛菜/【d!scovery】市川雛菜/5._ correct.csv,36,2023013110160,雛菜,制作人也要陪雏菜一起找哦～,市川雛菜,【d!scovery】市川雛菜,5._ correct
市川雛菜/【great on U】市川雛菜/our best♡♡♡♡ .csv,3,3023015020020,雛菜,啊～,市川雛菜,【great on U】市川雛菜,our best♡♡♡♡ 
市川雛菜/【great on U】市川雛菜/our best♡♡♡♡ .csv,5,3023015020040,雛菜,"啊哈～
小糸也来买东西～？",市川雛菜,【great on U】市川雛菜,our best♡♡♡♡ 
市川雛菜/【great on U】市川雛菜/our best♡♡♡♡ .csv,8,3023015020070,雛菜,"啊～
给圆香前辈挑穿搭的那个？",市川雛菜,【great on U】市川雛菜,our best♡♡♡♡ 
市川雛菜/【great on U】市川雛菜/our best♡♡♡♡ .csv,13,3023015020120,雛菜,"嗯～
可能是吧～",市川雛菜,【great on U】市川雛菜,our best♡♡♡♡ 
市川雛菜/【great on U】市川雛菜/our best♡♡♡♡ .csv,17,3023015020160,雛菜,,市川雛菜,【great on U】市川雛菜,our best♡♡♡♡ 
市川雛菜/【great on U】市川雛菜/our best♡♡♡♡ .csv,18,3023015020170,雛菜,雏菜觉得也不用烦恼那么多～,市川雛菜,【great on U】市川雛菜,our best♡♡♡♡ 
市川雛菜/【great on U】市川雛菜/our best♡♡♡♡ .csv,19,3023015020180,雛菜,"只能挑出能让圆香前辈和小糸
变得最可爱的衣服不就好了吗～？",市川雛菜,【great on U】市川雛菜,our best♡♡♡♡ 
市川雛菜/【great on U】市川雛菜/our best♡♡♡♡ .csv,21,3023015020200,雛菜,嗯～！,市川雛菜,【great on U】市川雛菜,our best♡♡♡♡ 
市川雛菜/【great on U】市川雛菜/our best♡♡♡♡ .csv,22,3023015020210,雛菜,只要是小糸觉得“好可爱”的就可以了～,市川雛菜,【great on U】市川雛菜,our best♡♡♡♡ 
市川雛菜/【great on U】市川雛菜/our best♡♡♡♡ .csv,23,3023015020220,雛菜,虽然不知道圆香前辈是怎么想的～,市川雛菜,【great on U】市川雛菜,our best♡♡♡♡ 
市川雛菜/【great on U】市川雛菜/our best♡♡♡♡ .csv,27,3023015020260,雛菜,啊哈～……,市川雛菜,【great on U】市川雛菜,our best♡♡♡♡ 
市川雛菜/【great on U】市川雛菜/our best♡♡♡♡ .csv,28,3023015020270,雛菜,"嗳、小糸
你觉得雏菜适合怎样的～？",市川雛菜,【great on U】市川雛菜,our best♡♡♡♡ 
市川雛菜/【great on U】市川雛菜/our best♡♡♡♡ .csv,31,3023015020300,雛菜,"嗯
就是在问小糸的意见～",市川雛菜,【great on U】市川雛菜,our best♡♡♡♡ 
市川雛菜/【great on U】市川雛菜/our best♡♡♡♡ .csv,35,3023015020340,雛菜,诶～为什么呢～？,市川雛菜,【great on U】市川雛菜,our best♡♡♡♡ 
市川雛菜/【great on U】市川雛菜/our best♡♡♡♡ .csv,38,3023015020370,雛菜,"啊哈～♡
雏菜也这么觉得～",市川雛菜,【great on U】市川雛菜,our best♡♡♡♡ 
市川雛菜/【great on U】市川雛菜/our best♡♡♡♡ .csv,40,3023015020390,雛菜,突然也想要条裙子配这件衬衫了～,市川雛菜,【great on U】市川雛菜,our best♡♡♡♡ 
市川雛菜/【great on U】市川雛菜/our best♡♡♡♡ .csv,41,3023015020400,雛菜,小糸，你还要待在店里吗～？,市川雛菜,【great on U】市川雛菜,our best♡♡♡♡ 
市川雛菜/【great on U】市川雛菜/our best♡♡♡♡ .csv,43,3023015020420,雛菜,"这样啊～
那雏菜待会可能再来问你～",市川雛菜,【great on U】市川雛菜,our best♡♡♡♡ 
市川雛菜/【great on U】市川雛菜/our best♡♡♡♡ .csv,45,3023015020440,雛菜,……嗯～,市川雛菜,【great on U】市川雛菜,our best♡♡♡♡ 
市川雛菜/【great on U】市川雛菜/our best♡♡♡♡ .csv,46,3023015020450,雛菜,——啊、这件好可爱～～～,市川雛菜,【great on U】市川雛菜,our best♡♡♡♡ 
市川雛菜/【great on U】市川雛菜/our best♡♡♡♡ .csv,50,3023015020490,雛菜,"嗳、小糸～
这件怎么样～？",市川雛菜,【great on U】市川雛菜,our best♡♡♡♡ 
市川雛菜/【great on U】市川雛菜/our best♡♡♡♡ .csv,52,3023015020510,雛菜,"啊哈～
那这件也买下来好了～",市川雛菜,【great on U】市川雛菜,our best♡♡♡♡ 
市川雛菜/【great on U】市川雛菜/your best♡ .csv,8,3023015010020,雛菜,"好的～
知道了～！",市川雛菜,【great on U】市川雛菜,your best♡ 
市川雛菜/【great on U】市川雛菜/your best♡ .csv,10,3023015010040,雛菜,"啊哈～
被拜托了～",市川雛菜,【great on U】市川雛菜,your best♡ 
市川雛菜/【great on U】市川雛菜/your best♡ .csv,15,3023015010060,雛菜,,市川雛菜,【great on U】市川雛菜,your best♡ 
市川雛菜/【great on U】市川雛菜/your best♡ .csv,31,3023015010070,雛菜,,市川雛菜,【great on U】市川雛菜,your best♡ 
市川雛菜/【great on U】市川雛菜/your best♡ .csv,37,3023015010080,雛菜,,市川雛菜,【great on U】市川雛菜,your best♡ 
市川雛菜/【great on U】市川雛菜/your best♡ .csv,38,3023015010090,雛菜,"透前辈……
穿起来最合适的",市川雛菜,【great on U】市川雛菜,your best♡ 
市川雛菜/【great on U】市川雛菜/your best♡ .csv,39,3023015010100,雛菜,雏菜的话肯定能找到,市川雛菜,【great on U】市川雛菜,your best♡ 
市川雛菜/【great on U】市川雛菜/your best♡ .csv,40,3023015010110,雛菜,"透前辈～
好了吗～？",市川雛菜,【great on U】市川雛菜,your best♡ 
市川雛菜/【great on U】市川雛菜/your best♡ .csv,43,3023015010140,雛菜,"啊哈～
出来让雏菜看看～♡",市川雛菜,【great on U】市川雛菜,your best♡ 
市川雛菜/【great on U】市川雛菜/your best♡ .csv,45,3023015010160,雛菜,,市川雛菜,【great on U】市川雛菜,your best♡ 
市川雛菜/【great on U】市川雛菜/your best♡ .csv,46,3023015010170,雛菜,"果然和雏菜预想的一样～
透前辈穿起来超级合适～",市川雛菜,【great on U】市川雛菜,your best♡ 
市川雛菜/【great on U】市川雛菜/your best♡ .csv,48,3023015010190,雛菜,"嗳、那雏菜呢？
可爱吗～？",市川雛菜,【great on U】市川雛菜,your best♡ 
市川雛菜/【great on U】市川雛菜/your best♡ .csv,50,3023015010210,雛菜,呀哈～♡,市川雛菜,【great on U】市川雛菜,your best♡ 
市川雛菜/【great on U】市川雛菜/your best♡ .csv,51,3023015010220,雛菜,,市川雛菜,【great on U】市川雛菜,your best♡ 
市川雛菜/【great on U】市川雛菜/your best♡ .csv,52,3023015010230,雛菜,"嗳、透前辈
雏菜选的衣服，你以后能再穿吗？",市川雛菜,【great on U】市川雛菜,your best♡ 
市川雛菜/【great on U】市川雛菜/your best♡ .csv,55,3023015010260,雛菜,那下次再找找雏菜心中最适合透前辈的穿搭～,市川雛菜,【great on U】市川雛菜,your best♡ 
市川雛菜/【sa!l】市川雛菜/【sa!l】市川雛菜01.csv,5,3023013010040,雛菜,"衣服都湿透了，
我放进塑料袋里了～",市川雛菜,【sa!l】市川雛菜,【sa!l】市川雛菜01
市川雛菜/【sa!l】市川雛菜/【sa!l】市川雛菜01.csv,8,3023013010070,雛菜,风也很大呢～,市川雛菜,【sa!l】市川雛菜,【sa!l】市川雛菜01
市川雛菜/【sa!l】市川雛菜/【sa!l】市川雛菜01.csv,12,3023013010110,雛菜,我说，什么都看不见了诶～？,市川雛菜,【sa!l】市川雛菜,【sa!l】市川雛菜01
市川雛菜/【sa!l】市川雛菜/【sa!l】市川雛菜01.csv,17,3023013010151,透＆雛菜,哈哈哈,市川雛菜,【sa!l】市川雛菜,【sa!l】市川雛菜01
市川雛菜/【sa!l】市川雛菜/【sa!l】市川雛菜01.csv,20,3023013010180,雛菜,真的吗～？,市川雛菜,【sa!l】市川雛菜,【sa!l】市川雛菜01
市川雛菜/【sa!l】市川雛菜/【sa!l】市川雛菜01.csv,28,3023013010260,雛菜,不过，还是得赔小糸一把伞呢～,市川雛菜,【sa!l】市川雛菜,【sa!l】市川雛菜01
市川雛菜/【sa!l】市川雛菜/【sa!l】市川雛菜01.csv,33,3023013010310,雛菜,是个好主意～,市川雛菜,【sa!l】市川雛菜,【sa!l】市川雛菜01
市川雛菜/【sa!l】市川雛菜/【sa!l】市川雛菜01.csv,36,3023013010340,雛菜,呀哈～,市川雛菜,【sa!l】市川雛菜,【sa!l】市川雛菜01
市川雛菜/【sa!l】市川雛菜/【sa!l】市川雛菜01.csv,38,3023013010360,雛菜,"结实确实重要，但
可爱的伞更棒呢～",市川雛菜,【sa!l】市川雛菜,【sa!l】市川雛菜01
市川雛菜/【sa!l】市川雛菜/【sa!l】市川雛菜01.csv,43,3023013010401,円香＆雛菜,嗯,市川雛菜,【sa!l】市川雛菜,【sa!l】市川雛菜01
市川雛菜/【sa!l】市川雛菜/【sa!l】市川雛菜01.csv,45,3023013010420,雛菜,今天就先回去吧～？,市川雛菜,【sa!l】市川雛菜,【sa!l】市川雛菜01
市川雛菜/【sa!l】市川雛菜/【sa!l】市川雛菜01.csv,46,3023013010430,雛菜,明天怎么样？,市川雛菜,【sa!l】市川雛菜,【sa!l】市川雛菜01
市川雛菜/【sa!l】市川雛菜/【sa!l】市川雛菜01.csv,48,3023013010450,雛菜,诶～,市川雛菜,【sa!l】市川雛菜,【sa!l】市川雛菜01
市川雛菜/【sa!l】市川雛菜/【sa!l】市川雛菜01.csv,51,3023013010480,雛菜,"后天怎么样？
放学之后",市川雛菜,【sa!l】市川雛菜,【sa!l】市川雛菜01
市川雛菜/【sa!l】市川雛菜/【sa!l】市川雛菜01.csv,54,3023013010510,雛菜,"耶～！
那就这么定了～",市川雛菜,【sa!l】市川雛菜,【sa!l】市川雛菜01
市川雛菜/【sa!l】市川雛菜/【sa!l】市川雛菜02.csv,2,3023013020010,雛菜,明明说好了后天一起去的～……,市川雛菜,【sa!l】市川雛菜,【sa!l】市川雛菜02
市川雛菜/【sa!l】市川雛菜/【sa!l】市川雛菜02.csv,3,3023013020020,雛菜,"没想到透前辈和圆香前辈
是值日生呢～",市川雛菜,【sa!l】市川雛菜,【sa!l】市川雛菜02
市川雛菜/【sa!l】市川雛菜/【sa!l】市川雛菜02.csv,6,3023013020050,雛菜,"诶～？
雏菜可没有勉强哦",市川雛菜,【sa!l】市川雛菜,【sa!l】市川雛菜02
市川雛菜/【sa!l】市川雛菜/【sa!l】市川雛菜02.csv,7,3023013020060,雛菜,"而且
也不只是为了赔礼",市川雛菜,【sa!l】市川雛菜,【sa!l】市川雛菜02
市川雛菜/【sa!l】市川雛菜/【sa!l】市川雛菜02.csv,9,3023013020080,雛菜,雛菜可是超级期待的呢～,市川雛菜,【sa!l】市川雛菜,【sa!l】市川雛菜02
市川雛菜/【sa!l】市川雛菜/【sa!l】市川雛菜02.csv,10,3023013020090,雛菜,"已经从透前辈和圆香前辈那儿
拿到钱了哦",市川雛菜,【sa!l】市川雛菜,【sa!l】市川雛菜02
市川雛菜/【sa!l】市川雛菜/【sa!l】市川雛菜02.csv,11,3023013020100,雛菜,雛菜帮你，挑把可爱一点的伞吧～,市川雛菜,【sa!l】市川雛菜,【sa!l】市川雛菜02
市川雛菜/【sa!l】市川雛菜/【sa!l】市川雛菜02.csv,13,3023013020120,雛菜,那，差不多该走了吧～,市川雛菜,【sa!l】市川雛菜,【sa!l】市川雛菜02
市川雛菜/【sa!l】市川雛菜/【sa!l】市川雛菜02.csv,15,3023013020140,雛菜,"啊～！
应援色的那款腮红，出新颜色了～！",市川雛菜,【sa!l】市川雛菜,【sa!l】市川雛菜02
市川雛菜/【sa!l】市川雛菜/【sa!l】市川雛菜02.csv,16,3023013020150,雛菜,雏菜，稍微去看一下～,市川雛菜,【sa!l】市川雛菜,【sa!l】市川雛菜02
市川雛菜/【sa!l】市川雛菜/【sa!l】市川雛菜02.csv,23,3023013020210,雛菜,……？,市川雛菜,【sa!l】市川雛菜,【sa!l】市川雛菜02
市川雛菜/【sa!l】市川雛菜/【sa!l】市川雛菜02.csv,24,3023013020220,雛菜,小糸好像在跟谁说话……,市川雛菜,【sa!l】市川雛菜,【sa!l】市川雛菜02
市川雛菜/【sa!l】市川雛菜/【sa!l】市川雛菜02.csv,29,3023013020230,雛菜,小糸～,市川雛菜,【sa!l】市川雛菜,【sa!l】市川雛菜02
市川雛菜/【sa!l】市川雛菜/【sa!l】市川雛菜02.csv,31,3023013020250,雛菜,有发现什么中意的吗～？,市川雛菜,【sa!l】市川雛菜,【sa!l】市川雛菜02
市川雛菜/【sa!l】市川雛菜/【sa!l】市川雛菜02.csv,34,3023013020280,雛菜,"嗯～
我觉得不错哦～！",市川雛菜,【sa!l】市川雛菜,【sa!l】市川雛菜02
市川雛菜/【sa!l】市川雛菜/【sa!l】市川雛菜02.csv,38,3023013020320,雛菜,"嗯～
好呀～",市川雛菜,【sa!l】市川雛菜,【sa!l】市川雛菜02
市川雛菜/【sa!l】市川雛菜/【sa!l】市川雛菜02.csv,39,3023013020330,雛菜,呐，小糸喜欢什么颜色呀～？,市川雛菜,【sa!l】市川雛菜,【sa!l】市川雛菜02
市川雛菜/【sa!l】市川雛菜/【sa!l】市川雛菜02.csv,42,3023013020360,雛菜,"啊哈哈～
那就是小糸的应援色呀～",市川雛菜,【sa!l】市川雛菜,【sa!l】市川雛菜02
市川雛菜/【sa!l】市川雛菜/【sa!l】市川雛菜02.csv,45,3023013020390,雛菜,这样啊～,市川雛菜,【sa!l】市川雛菜,【sa!l】市川雛菜02
市川雛菜/【sa!l】市川雛菜/【sa!l】市川雛菜02.csv,46,3023013020400,雛菜,那，这吧怎么样～？,市川雛菜,【sa!l】市川雛菜,【sa!l】市川雛菜02
市川雛菜/【sa!l】市川雛菜/【sa!l】市川雛菜02.csv,49,3023013020430,雛菜,"对呀～
作为点缀加进去了～！",市川雛菜,【sa!l】市川雛菜,【sa!l】市川雛菜02
市川雛菜/【sa!l】市川雛菜/【sa!l】市川雛菜02.csv,50,3023013020440,雛菜,"雏菜是觉得这把不错
但小糸觉得呢～？",市川雛菜,【sa!l】市川雛菜,【sa!l】市川雛菜02
市川雛菜/【sa!l】市川雛菜/【sa!l】市川雛菜02.csv,52,3023013020460,雛菜,"那就这么定了～
我去把它买下来了哦",市川雛菜,【sa!l】市川雛菜,【sa!l】市川雛菜02
市川雛菜/【sa!l】市川雛菜/【sa!l】市川雛菜02.csv,54,3023013020480,雛菜,"啊哈～
不客气～",市川雛菜,【sa!l】市川雛菜,【sa!l】市川雛菜02
市川雛菜/【sa!l】市川雛菜/【sa!l】市川雛菜02.csv,55,3023013020490,雛菜,"即使再下雨
有了这把伞就没问题啦～",市川雛菜,【sa!l】市川雛菜,【sa!l】市川雛菜02
市川雛菜/【spare☆☆☆☆time】市川雛菜/exam：English.csv,7,0000000000000,雛菜,,市川雛菜,【spare☆☆☆☆time】市川雛菜,exam：English
市川雛菜/【spare☆☆☆☆time】市川雛菜/exam：English.csv,8,3023011020020,雛菜,咦～……,市川雛菜,【spare☆☆☆☆time】市川雛菜,exam：English
市川雛菜/【spare☆☆☆☆time】市川雛菜/exam：English.csv,11,3023011020050,雛菜,"嗯～
是呀～",市川雛菜,【spare☆☆☆☆time】市川雛菜,exam：English
市川雛菜/【spare☆☆☆☆time】市川雛菜/exam：English.csv,12,3023011020060,雛菜,小糸还不回去吗～？,市川雛菜,【spare☆☆☆☆time】市川雛菜,exam：English
市川雛菜/【spare☆☆☆☆time】市川雛菜/exam：English.csv,15,3023011020090,雛菜,……这样啊～,市川雛菜,【spare☆☆☆☆time】市川雛菜,exam：English
市川雛菜/【spare☆☆☆☆time】市川雛菜/exam：English.csv,18,3023011020100,雛菜,"……雏菜没写哦～
最后那题",市川雛菜,【spare☆☆☆☆time】市川雛菜,exam：English
市川雛菜/【spare☆☆☆☆time】市川雛菜/exam：English.csv,20,3023011020120,雛菜,因为都记不太清楚，英语老师是怎样的人～,市川雛菜,【spare☆☆☆☆time】市川雛菜,exam：English
市川雛菜/【spare☆☆☆☆time】市川雛菜/exam：English.csv,23,3023011020150,雛菜,"诶～～～
居然写了4个～？",市川雛菜,【spare☆☆☆☆time】市川雛菜,exam：English
市川雛菜/【spare☆☆☆☆time】市川雛菜/exam：English.csv,25,3023011020170,雛菜,那种题目，说不定以后还会出……,市川雛菜,【spare☆☆☆☆time】市川雛菜,exam：English
市川雛菜/【spare☆☆☆☆time】市川雛菜/exam：English.csv,26,3023011020180,雛菜,要拿雏菜来练习吗？,市川雛菜,【spare☆☆☆☆time】市川雛菜,exam：English
市川雛菜/【spare☆☆☆☆time】市川雛菜/exam：English.csv,28,3023011020200,雛菜,当然了，不是5个也可以～！,市川雛菜,【spare☆☆☆☆time】市川雛菜,exam：English
市川雛菜/【spare☆☆☆☆time】市川雛菜/exam：English.csv,29,3023011020210,雛菜,10个也行50个也行～！,市川雛菜,【spare☆☆☆☆time】市川雛菜,exam：English
市川雛菜/【spare☆☆☆☆time】市川雛菜/exam：English.csv,32,3023011020240,雛菜,嗯～！　请吧～！,市川雛菜,【spare☆☆☆☆time】市川雛菜,exam：English
市川雛菜/【spare☆☆☆☆time】市川雛菜/exam：English.csv,35,3023011020270,雛菜,"嗯～！
雏菜也觉得～♡",市川雛菜,【spare☆☆☆☆time】市川雛菜,exam：English
市川雛菜/【spare☆☆☆☆time】市川雛菜/exam：English.csv,37,3023011020290,雛菜,"呀哈～♡
那还挺高兴的～！",市川雛菜,【spare☆☆☆☆time】市川雛菜,exam：English
市川雛菜/【spare☆☆☆☆time】市川雛菜/exam：English.csv,40,3023011020320,雛菜,"小糸～
这才两个喔～？",市川雛菜,【spare☆☆☆☆time】市川雛菜,exam：English
市川雛菜/【spare☆☆☆☆time】市川雛菜/exam：English.csv,44,3023011020360,雛菜,今天倒是什么都没弄哦～,市川雛菜,【spare☆☆☆☆time】市川雛菜,exam：English
市川雛菜/【spare☆☆☆☆time】市川雛菜/exam：English.csv,47,3023011020390,雛菜,那个也麻烦用英语讲一下～！,市川雛菜,【spare☆☆☆☆time】市川雛菜,exam：English
市川雛菜/【spare☆☆☆☆time】市川雛菜/exam：English.csv,50,3023011020420,雛菜,嗯、可以呀～！,市川雛菜,【spare☆☆☆☆time】市川雛菜,exam：English
市川雛菜/【spare☆☆☆☆time】市川雛菜/exam：English.csv,51,3023011020430,雛菜,雏菜的优点，说出100个来喔～♡,市川雛菜,【spare☆☆☆☆time】市川雛菜,exam：English
市川雛菜/【spare☆☆☆☆time】市川雛菜/exam：before.csv,4,3023011010030,雛菜,"诶～
这样吗～？",市川雛菜,【spare☆☆☆☆time】市川雛菜,exam：before
市川雛菜/【spare☆☆☆☆time】市川雛菜/exam：before.csv,5,3023011010040,雛菜,雏菜，平时都很早回去，可能不太清楚～,市川雛菜,【spare☆☆☆☆time】市川雛菜,exam：before
市川雛菜/【spare☆☆☆☆time】市川雛菜/exam：before.csv,8,3023011010070,雛菜,"嗯～……
但是，感觉会很多人～……",市川雛菜,【spare☆☆☆☆time】市川雛菜,exam：before
市川雛菜/【spare☆☆☆☆time】市川雛菜/exam：before.csv,11,3023011010100,雛菜,嗯～？,市川雛菜,【spare☆☆☆☆time】市川雛菜,exam：before
市川雛菜/【spare☆☆☆☆time】市川雛菜/exam：before.csv,12,3023011010110,雛菜,啊～！,市川雛菜,【spare☆☆☆☆time】市川雛菜,exam：before
市川雛菜/【spare☆☆☆☆time】市川雛菜/exam：before.csv,13,3023011010120,雛菜,透前辈～！,市川雛菜,【spare☆☆☆☆time】市川雛菜,exam：before
市川雛菜/【spare☆☆☆☆time】市川雛菜/exam：before.csv,14,3023011010130,雛菜,"咦～、圆香前辈也在～！
你们在干嘛～？",市川雛菜,【spare☆☆☆☆time】市川雛菜,exam：before
市川雛菜/【spare☆☆☆☆time】市川雛菜/exam：before.csv,16,3023011010150,雛菜,里面，是说体育馆？,市川雛菜,【spare☆☆☆☆time】市川雛菜,exam：before
市川雛菜/【spare☆☆☆☆time】市川雛菜/exam：before.csv,17,3023011010160,雛菜,一个人都没有呀～,市川雛菜,【spare☆☆☆☆time】市川雛菜,exam：before
市川雛菜/【spare☆☆☆☆time】市川雛菜/exam：before.csv,23,3023011010220,雛菜,"啊哈～
雏菜也要玩～！",市川雛菜,【spare☆☆☆☆time】市川雛菜,exam：before
市川雛菜/【spare☆☆☆☆time】市川雛菜/exam：before.csv,24,3023011010230,雛菜,……啊～！,市川雛菜,【spare☆☆☆☆time】市川雛菜,exam：before
市川雛菜/【spare☆☆☆☆time】市川雛菜/exam：before.csv,25,3023011010240,雛菜,"啊哈～
感觉还挺好玩的～",市川雛菜,【spare☆☆☆☆time】市川雛菜,exam：before
市川雛菜/【spare☆☆☆☆time】市川雛菜/exam：before.csv,29,3023011010280,雛菜,啊～……！,市川雛菜,【spare☆☆☆☆time】市川雛菜,exam：before
市川雛菜/【spare☆☆☆☆time】市川雛菜/exam：before.csv,30,3023011010281,透＆雛菜,啊——……！,市川雛菜,【spare☆☆☆☆time】市川雛菜,exam：before
市川雛菜/【spare☆☆☆☆time】市川雛菜/exam：before.csv,31,3023011010282,透＆雛菜,,市川雛菜,【spare☆☆☆☆time】市川雛菜,exam：before
市川雛菜/【spare☆☆☆☆time】市川雛菜/exam：before.csv,35,3023011010311,透＆雛菜,啊——！,市川雛菜,【spare☆☆☆☆time】市川雛菜,exam：before
市川雛菜/【spare☆☆☆☆time】市川雛菜/exam：before.csv,45,3023011010390,雛菜,啊～……,市川雛菜,【spare☆☆☆☆time】市川雛菜,exam：before
市川雛菜/【spare☆☆☆☆time】市川雛菜/exam：before.csv,46,3023011010400,雛菜,是的，您说得对～,市川雛菜,【spare☆☆☆☆time】市川雛菜,exam：before
市川雛菜/【spare☆☆☆☆time】市川雛菜/exam：over.csv,4,3023011030030,雛菜,"诶～
这样吗～？",市川雛菜,【spare☆☆☆☆time】市川雛菜,exam：over
市川雛菜/【spare☆☆☆☆time】市川雛菜/exam：over.csv,5,3023011030040,雛菜,……早知道雏菜也穿裤袜来就好了～,市川雛菜,【spare☆☆☆☆time】市川雛菜,exam：over
市川雛菜/【spare☆☆☆☆time】市川雛菜/exam：over.csv,12,3023011030110,雛菜,"……？
怎么了吗？　小糸",市川雛菜,【spare☆☆☆☆time】市川雛菜,exam：over
市川雛菜/【spare☆☆☆☆time】市川雛菜/exam：over.csv,20,0000000000000,雛菜,,市川雛菜,【spare☆☆☆☆time】市川雛菜,exam：over
市川雛菜/【spare☆☆☆☆time】市川雛菜/exam：over.csv,21,3023011030170,雛菜,好冷～……,市川雛菜,【spare☆☆☆☆time】市川雛菜,exam：over
市川雛菜/【spare☆☆☆☆time】市川雛菜/exam：over.csv,22,3023011030180,雛菜,啊,市川雛菜,【spare☆☆☆☆time】市川雛菜,exam：over
市川雛菜/【spare☆☆☆☆time】市川雛菜/exam：over.csv,23,3023011030190,雛菜,"嗯～
这样可能就不冷了～",市川雛菜,【spare☆☆☆☆time】市川雛菜,exam：over
市川雛菜/【spare☆☆☆☆time】市川雛菜/exam：over.csv,24,3023011030200,雛菜,……啊～,市川雛菜,【spare☆☆☆☆time】市川雛菜,exam：over
市川雛菜/【spare☆☆☆☆time】市川雛菜/exam：over.csv,25,3023011030210,雛菜,果然在这～！,市川雛菜,【spare☆☆☆☆time】市川雛菜,exam：over
市川雛菜/【spare☆☆☆☆time】市川雛菜/exam：over.csv,26,3023011030220,雛菜,在干什么呢～？,市川雛菜,【spare☆☆☆☆time】市川雛菜,exam：over
市川雛菜/【spare☆☆☆☆time】市川雛菜/exam：over.csv,28,3023011030240,雛菜,诶～～～？,市川雛菜,【spare☆☆☆☆time】市川雛菜,exam：over
市川雛菜/【spare☆☆☆☆time】市川雛菜/exam：over.csv,30,3023011030260,雛菜,这样啊～……,市川雛菜,【spare☆☆☆☆time】市川雛菜,exam：over
市川雛菜/【spare☆☆☆☆time】市川雛菜/exam：over.csv,31,3023011030270,雛菜,雏菜也要玩～！,市川雛菜,【spare☆☆☆☆time】市川雛菜,exam：over
市川雛菜/【spare☆☆☆☆time】市川雛菜/exam：over.csv,36,3023011030320,雛菜,那接下来到雏菜～,市川雛菜,【spare☆☆☆☆time】市川雛菜,exam：over
市川雛菜/【spare☆☆☆☆time】市川雛菜/exam：over.csv,37,3023011030330,雛菜,看球————！,市川雛菜,【spare☆☆☆☆time】市川雛菜,exam：over
市川雛菜/【spare☆☆☆☆time】市川雛菜/exam：over.csv,38,3023011030340,雛菜,啊～……,市川雛菜,【spare☆☆☆☆time】市川雛菜,exam：over
市川雛菜/【spare☆☆☆☆time】市川雛菜/exam：over.csv,46,3023011030420,雛菜,既然4个人都在，来玩点比赛试试～？,市川雛菜,【spare☆☆☆☆time】市川雛菜,exam：over
市川雛菜/【spare☆☆☆☆time】市川雛菜/exam：over.csv,52,3023011030480,雛菜,"啊哈～
雏菜也睡～！",市川雛菜,【spare☆☆☆☆time】市川雛菜,exam：over
市川雛菜/【spare☆☆☆☆time】市川雛菜/exam：over.csv,58,3023011030510,雛菜,看着就是吧～？,市川雛菜,【spare☆☆☆☆time】市川雛菜,exam：over
市川雛菜/【spare☆☆☆☆time】市川雛菜/exam：over.csv,64,3023011030540,雛菜,雏菜也回去了～！,市川雛菜,【spare☆☆☆☆time】市川雛菜,exam：over
市川雛菜/【♡LOG】市川雛菜/1 CAM_P.csv,2,2023005010010,雛菜,——制作人，准备好了吗～？,市川雛菜,【♡LOG】市川雛菜,1 CAM_P
市川雛菜/【♡LOG】市川雛菜/1 CAM_P.csv,5,2023005010020,雛菜,"嗯～！
从前门进来，再到客厅和厨房！",市川雛菜,【♡LOG】市川雛菜,1 CAM_P
市川雛菜/【♡LOG】市川雛菜/1 CAM_P.csv,6,2023005010030,雛菜,"雏菜会逐一做介绍，你跟着拍就行～
啊，要避开不能拍的地方哦～？",市川雛菜,【♡LOG】市川雛菜,1 CAM_P
市川雛菜/【♡LOG】市川雛菜/1 CAM_P.csv,8,2023005010040,雛菜,"是吗～？
那就开始咯～？",市川雛菜,【♡LOG】市川雛菜,1 CAM_P
市川雛菜/【♡LOG】市川雛菜/1 CAM_P.csv,9,2023005010050,雛菜,"呀哈～，开始了～？
是雏菜哦～，能看见吗～？",市川雛菜,【♡LOG】市川雛菜,1 CAM_P
市川雛菜/【♡LOG】市川雛菜/1 CAM_P.csv,10,2023005010060,雛菜,"前阵子有条“想参观房间”的留言
今天就来事务所探险咯～？",市川雛菜,【♡LOG】市川雛菜,1 CAM_P
市川雛菜/【♡LOG】市川雛菜/1 CAM_P.csv,12,2023005010070,雛菜,"雏菜会随机念留言～！
那事不宜迟我们出发咯～，首先是事务所的前门～！",市川雛菜,【♡LOG】市川雛菜,1 CAM_P
市川雛菜/【♡LOG】市川雛菜/1 CAM_P.csv,14,2023005010080,雛菜,……,市川雛菜,【♡LOG】市川雛菜,1 CAM_P
市川雛菜/【♡LOG】市川雛菜/1 CAM_P.csv,16,2023005010100,雛菜,"没问题，制作人在拍摄呢～
对吧，制作人？",市川雛菜,【♡LOG】市川雛菜,1 CAM_P
市川雛菜/【♡LOG】市川雛菜/1 CAM_P.csv,18,2023005010110,雛菜,"啊哈～，他点头了就表示没问题～！
那我们到里面去吧～？",市川雛菜,【♡LOG】市川雛菜,1 CAM_P
市川雛菜/【♡LOG】市川雛菜/1 CAM_P.csv,19,2023005010120,雛菜,"这里是客厅～！
会在这里吃零食～，还有开会～",市川雛菜,【♡LOG】市川雛菜,1 CAM_P
市川雛菜/【♡LOG】市川雛菜/1 CAM_P.csv,20,2023005010130,雛菜,"不过今天没人在呢～
平时会有很多偶像在这里！",市川雛菜,【♡LOG】市川雛菜,1 CAM_P
市川雛菜/【♡LOG】市川雛菜/1 CAM_P.csv,23,2023005010140,雛菜,……,市川雛菜,【♡LOG】市川雛菜,1 CAM_P
市川雛菜/【♡LOG】市川雛菜/1 CAM_P.csv,25,2023005010160,雛菜,"没错～！　Yuakuma的靠垫很棒吧～
是雏菜带来睡觉时用的！",市川雛菜,【♡LOG】市川雛菜,1 CAM_P
市川雛菜/【♡LOG】市川雛菜/1 CAM_P.csv,28,2023005010180,雛菜,"唔～，不知道呢！
那接下来去厨房～",市川雛菜,【♡LOG】市川雛菜,1 CAM_P
市川雛菜/【♡LOG】市川雛菜/1 CAM_P.csv,29,2023005010190,雛菜,"——这是用来存甜点的冰箱！
偶尔会有人在这里做饭～",市川雛菜,【♡LOG】市川雛菜,1 CAM_P
市川雛菜/【♡LOG】市川雛菜/1 CAM_P.csv,32,2023005010200,雛菜,"好了～，那么今天就到此结束～？
要是还有能展示的地方的话下次还会直播！",市川雛菜,【♡LOG】市川雛菜,1 CAM_P
市川雛菜/【♡LOG】市川雛菜/1 CAM_P.csv,37,2023005010220,雛菜,"啊哈～，那太好了～！
那么今天就直播到这里！　掰掰～！",市川雛菜,【♡LOG】市川雛菜,1 CAM_P
市川雛菜/【♡LOG】市川雛菜/1 CAM_P.csv,41,2023005010230,雛菜,嗯～，是啊～！,市川雛菜,【♡LOG】市川雛菜,1 CAM_P
市川雛菜/【♡LOG】市川雛菜/1 CAM_P.csv,43,2023005010240,雛菜,"…………？
为什么～？　不做哦～",市川雛菜,【♡LOG】市川雛菜,1 CAM_P
市川雛菜/【♡LOG】市川雛菜/1 CAM_P.csv,45,2023005010250,雛菜,"啊～……
不过，雏菜没答应过吧？",市川雛菜,【♡LOG】市川雛菜,1 CAM_P
市川雛菜/【♡LOG】市川雛菜/1 CAM_P.csv,47,2023005010260,雛菜,"嗯～
并非所有请求都会答应的哦～",市川雛菜,【♡LOG】市川雛菜,1 CAM_P
市川雛菜/【♡LOG】市川雛菜/1 CAM_P.csv,48,2023005010270,雛菜,雏菜只做自己能做到～，和想做的事！,市川雛菜,【♡LOG】市川雛菜,1 CAM_P
市川雛菜/【♡LOG】市川雛菜/1 CAM_P.csv,51,2023005010280,雛菜,制作人,市川雛菜,【♡LOG】市川雛菜,1 CAM_P
市川雛菜/【♡LOG】市川雛菜/1 CAM_P.csv,52,2023005010290,雛菜,"说出心里所想
就和做自己想做的事一样",市川雛菜,【♡LOG】市川雛菜,1 CAM_P
市川雛菜/【♡LOG】市川雛菜/1 CAM_P.csv,53,2023005010300,雛菜,"不说不想说的话
不做不想做的事，也很重要吧？",市川雛菜,【♡LOG】市川雛菜,1 CAM_P
市川雛菜/【♡LOG】市川雛菜/1 CAM_P.csv,56,2023005010310,雛菜,"就是这么一回事吧～？
制作人，真奇怪～",市川雛菜,【♡LOG】市川雛菜,1 CAM_P
市川雛菜/【♡LOG】市川雛菜/1 CAM_P.csv,61,2023005010320,雛菜,"嗯～……？
雏菜只是按自己喜欢的去念罢了",市川雛菜,【♡LOG】市川雛菜,1 CAM_P
市川雛菜/【♡LOG】市川雛菜/1 CAM_P.csv,62,2023005010330,雛菜,"就连像这样和制作人聊天
也一样哦",市川雛菜,【♡LOG】市川雛菜,1 CAM_P
市川雛菜/【♡LOG】市川雛菜/1 CAM_P.csv,63,2023005010340,雛菜,……不过，这样居然很厉害吗～,市川雛菜,【♡LOG】市川雛菜,1 CAM_P
市川雛菜/【♡LOG】市川雛菜/1 CAM_P.csv,64,2023005010350,雛菜,"与其说是思考……
这不是最理所当然的吗？",市川雛菜,【♡LOG】市川雛菜,1 CAM_P
市川雛菜/【♡LOG】市川雛菜/1 CAM_P.csv,65,2023005010360,雛菜,"所以，雏菜就想着
这很重要",市川雛菜,【♡LOG】市川雛菜,1 CAM_P
市川雛菜/【♡LOG】市川雛菜/1 CAM_P.csv,68,2023005010370,雛菜,"嗯～，是吗～
既然制作人这么说了，或许是吧",市川雛菜,【♡LOG】市川雛菜,1 CAM_P
市川雛菜/【♡LOG】市川雛菜/1 CAM_P.csv,70,2023005010380,雛菜,"……是吗～
不过，很浪费吧？",市川雛菜,【♡LOG】市川雛菜,1 CAM_P
市川雛菜/【♡LOG】市川雛菜/1 CAM_P.csv,72,2023005010390,雛菜,"既然要做些什么，
却不选能开心的事去做",市川雛菜,【♡LOG】市川雛菜,1 CAM_P
市川雛菜/【♡LOG】市川雛菜/1 CAM_P.csv,73,2023005010400,雛菜,……那太浪费了,市川雛菜,【♡LOG】市川雛菜,1 CAM_P
市川雛菜/【♡LOG】市川雛菜/2 O_R.csv,4,2023005020010,雛菜,…………,市川雛菜,【♡LOG】市川雛菜,2 O_R
市川雛菜/【♡LOG】市川雛菜/2 O_R.csv,5,2023005020020,雛菜,"诶～？
怎么了吗，制作人",市川雛菜,【♡LOG】市川雛菜,2 O_R
市川雛菜/【♡LOG】市川雛菜/2 O_R.csv,7,2023005020030,雛菜,"好厉害
居然有两件～～～？",市川雛菜,【♡LOG】市川雛菜,2 O_R
市川雛菜/【♡LOG】市川雛菜/2 O_R.csv,9,2023005020040,雛菜,"啊～……
原来是这样，很可惜呢～？",市川雛菜,【♡LOG】市川雛菜,2 O_R
市川雛菜/【♡LOG】市川雛菜/2 O_R.csv,10,2023005020050,雛菜,"精准撞期，
反过来想这也很不得了～",市川雛菜,【♡LOG】市川雛菜,2 O_R
市川雛菜/【♡LOG】市川雛菜/2 O_R.csv,13,2023005020060,雛菜,"嗯～
只能这么办了吧～？",市川雛菜,【♡LOG】市川雛菜,2 O_R
市川雛菜/【♡LOG】市川雛菜/2 O_R.csv,16,2023005020070,雛菜,………………,市川雛菜,【♡LOG】市川雛菜,2 O_R
市川雛菜/【♡LOG】市川雛菜/2 O_R.csv,17,2023005020080,雛菜,………………,市川雛菜,【♡LOG】市川雛菜,2 O_R
市川雛菜/【♡LOG】市川雛菜/2 O_R.csv,18,2023005020090,雛菜,——雏菜要选这个,市川雛菜,【♡LOG】市川雛菜,2 O_R
市川雛菜/【♡LOG】市川雛菜/2 O_R.csv,20,2023005020100,雛菜,……？,市川雛菜,【♡LOG】市川雛菜,2 O_R
市川雛菜/【♡LOG】市川雛菜/2 O_R.csv,22,2023005020110,雛菜,嗯～！　看完了哦～,市川雛菜,【♡LOG】市川雛菜,2 O_R
市川雛菜/【♡LOG】市川雛菜/2 O_R.csv,23,2023005020120,雛菜,"情况允许的话两份都想做
……但现在只能选其中一份对吧？",市川雛菜,【♡LOG】市川雛菜,2 O_R
市川雛菜/【♡LOG】市川雛菜/2 O_R.csv,24,2023005020130,雛菜,"那么，雏菜就选
这个Yuakuma咖啡厅的工作好了",市川雛菜,【♡LOG】市川雛菜,2 O_R
市川雛菜/【♡LOG】市川雛菜/2 O_R.csv,27,2023005020140,雛菜,"…………
制作人是希望雏菜选择另一份吗～？",市川雛菜,【♡LOG】市川雛菜,2 O_R
市川雛菜/【♡LOG】市川雛菜/2 O_R.csv,28,2023005020150,雛菜,"既然这样，打从一开始
就按这个方向和雏菜商量不就好了吗",市川雛菜,【♡LOG】市川雛菜,2 O_R
市川雛菜/【♡LOG】市川雛菜/2 O_R.csv,31,2023005020160,雛菜,"……可是
眼下只能选择其中一份吧？",市川雛菜,【♡LOG】市川雛菜,2 O_R
市川雛菜/【♡LOG】市川雛菜/2 O_R.csv,33,2023005020170,雛菜,…………？,市川雛菜,【♡LOG】市川雛菜,2 O_R
市川雛菜/【♡LOG】市川雛菜/2 O_R.csv,34,2023005020180,雛菜,"花越长时间
就代表考虑得越周到吗？",市川雛菜,【♡LOG】市川雛菜,2 O_R
市川雛菜/【♡LOG】市川雛菜/2 O_R.csv,35,2023005020190,雛菜,"……你是认为
雏菜没有好好考虑过吗？",市川雛菜,【♡LOG】市川雛菜,2 O_R
市川雛菜/【♡LOG】市川雛菜/2 O_R.csv,40,2023005020200,雛菜,"唔～……
可是",市川雛菜,【♡LOG】市川雛菜,2 O_R
市川雛菜/【♡LOG】市川雛菜/2 O_R.csv,41,2023005020210,雛菜,"那是充分考虑过才做出的选择
就算到了明天，雏菜也不会改变心意的",市川雛菜,【♡LOG】市川雛菜,2 O_R
市川雛菜/【♡LOG】市川雛菜/2 O_R.csv,42,2023005020220,雛菜,"雏菜只是选择了
能非～常幸福的一方",市川雛菜,【♡LOG】市川雛菜,2 O_R
市川雛菜/【♡LOG】市川雛菜/2 O_R.csv,43,2023005020230,雛菜,"这种事
……一下就明白了",市川雛菜,【♡LOG】市川雛菜,2 O_R
市川雛菜/【♡LOG】市川雛菜/2 O_R.csv,49,2023005020240,雛菜,……制作人觉得这样就好吗？,市川雛菜,【♡LOG】市川雛菜,2 O_R
市川雛菜/【♡LOG】市川雛菜/2 O_R.csv,51,2023005020250,雛菜,那样的话就好～……,市川雛菜,【♡LOG】市川雛菜,2 O_R
市川雛菜/【♡LOG】市川雛菜/2 O_R.csv,52,2023005020260,雛菜,"雏菜并非不想
做另一份工作哦",市川雛菜,【♡LOG】市川雛菜,2 O_R
市川雛菜/【♡LOG】市川雛菜/2 O_R.csv,54,2023005020270,雛菜,"要是不撞期就好了呢～……
啊，还有————",市川雛菜,【♡LOG】市川雛菜,2 O_R
市川雛菜/【♡LOG】市川雛菜/2 O_R.csv,55,2023005020280,雛菜,要是有2个雏菜就好了～？,市川雛菜,【♡LOG】市川雛菜,2 O_R
市川雛菜/【♡LOG】市川雛菜/2 O_R.csv,57,2023005020290,雛菜,"好的～
麻烦了～……",市川雛菜,【♡LOG】市川雛菜,2 O_R
市川雛菜/【♡LOG】市川雛菜/2 O_R.csv,61,2023005020300,雛菜,"啊哈～
制作人是知道的吧～",市川雛菜,【♡LOG】市川雛菜,2 O_R
市川雛菜/【♡LOG】市川雛菜/2 O_R.csv,62,2023005020310,雛菜,"……雏菜一直都是这样的哦～？
无论是对任何事物",市川雛菜,【♡LOG】市川雛菜,2 O_R
市川雛菜/【♡LOG】市川雛菜/2 O_R.csv,64,2023005020320,雛菜,……真的吗～？,市川雛菜,【♡LOG】市川雛菜,2 O_R
市川雛菜/【♡LOG】市川雛菜/2 O_R.csv,68,2023005020330,雛菜,"是吗～……
制作人也充分考虑过了呢～？",市川雛菜,【♡LOG】市川雛菜,2 O_R
市川雛菜/【♡LOG】市川雛菜/3 CuddleToy.csv,2,2023005030010,雛菜,——制作人！,市川雛菜,【♡LOG】市川雛菜,3 CuddleToy
市川雛菜/【♡LOG】市川雛菜/3 CuddleToy.csv,3,2023005030020,雛菜,"“欢迎光临
Yuakuma咖啡厅～♡”",市川雛菜,【♡LOG】市川雛菜,3 CuddleToy
市川雛菜/【♡LOG】市川雛菜/3 CuddleToy.csv,4,2023005030030,雛菜,"啊哈～
制作人你看，很可爱吧～？",市川雛菜,【♡LOG】市川雛菜,3 CuddleToy
市川雛菜/【♡LOG】市川雛菜/3 CuddleToy.csv,7,2023005030040,雛菜,"呀哈～♡
真的吗？",市川雛菜,【♡LOG】市川雛菜,3 CuddleToy
市川雛菜/【♡LOG】市川雛菜/3 CuddleToy.csv,8,2023005030050,雛菜,"不过，也是呢～
毕竟雏菜和它都很可爱呢～？",市川雛菜,【♡LOG】市川雛菜,3 CuddleToy
市川雛菜/【♡LOG】市川雛菜/3 CuddleToy.csv,11,2023005030060,雛菜,"嗯～！
被指导了接待客人的方法",市川雛菜,【♡LOG】市川雛菜,3 CuddleToy
市川雛菜/【♡LOG】市川雛菜/3 CuddleToy.csv,12,2023005030070,雛菜,"新闻上要用的照片
也已经拍好了～……",市川雛菜,【♡LOG】市川雛菜,3 CuddleToy
市川雛菜/【♡LOG】市川雛菜/3 CuddleToy.csv,13,2023005030080,雛菜,"接下来就是当一日店员
然后接受采访，就结束了！",市川雛菜,【♡LOG】市川雛菜,3 CuddleToy
市川雛菜/【♡LOG】市川雛菜/3 CuddleToy.csv,15,2023005030090,雛菜,"虽说今天是试营业
时间比较短有点可惜～……",市川雛菜,【♡LOG】市川雛菜,3 CuddleToy
市川雛菜/【♡LOG】市川雛菜/3 CuddleToy.csv,16,2023005030100,雛菜,"不过，能当Yuakuma咖啡厅的店员
雏菜超开心的～～～！",市川雛菜,【♡LOG】市川雛菜,3 CuddleToy
市川雛菜/【♡LOG】市川雛菜/3 CuddleToy.csv,18,2023005030110,雛菜,是吧～？,市川雛菜,【♡LOG】市川雛菜,3 CuddleToy
市川雛菜/【♡LOG】市川雛菜/3 CuddleToy.csv,19,2023005030120,雛菜,"能像这样有很多开心的事～
能做各种各样的事",市川雛菜,【♡LOG】市川雛菜,3 CuddleToy
市川雛菜/【♡LOG】市川雛菜/3 CuddleToy.csv,20,2023005030130,雛菜,"这种时候，雏菜就会想
加入283事务所真是太好了～！",市川雛菜,【♡LOG】市川雛菜,3 CuddleToy
市川雛菜/【♡LOG】市川雛菜/3 CuddleToy.csv,22,2023005030140,雛菜,"虽然不当偶像
也会到店里来玩",市川雛菜,【♡LOG】市川雛菜,3 CuddleToy
市川雛菜/【♡LOG】市川雛菜/3 CuddleToy.csv,23,2023005030150,雛菜,"就算不当偶像
或许也能成为咖啡厅的店员",市川雛菜,【♡LOG】市川雛菜,3 CuddleToy
市川雛菜/【♡LOG】市川雛菜/3 CuddleToy.csv,24,2023005030160,雛菜,"但是能够像这样穿上可爱的衣服，
不仅仅是接待客人",市川雛菜,【♡LOG】市川雛菜,3 CuddleToy
市川雛菜/【♡LOG】市川雛菜/3 CuddleToy.csv,25,2023005030170,雛菜,"还能够宣传
Yuakuma的可爱之处～",市川雛菜,【♡LOG】市川雛菜,3 CuddleToy
市川雛菜/【♡LOG】市川雛菜/3 CuddleToy.csv,26,2023005030180,雛菜,"做这种能让雏菜喜欢～
说出自己喜好的工作～",市川雛菜,【♡LOG】市川雛菜,3 CuddleToy
市川雛菜/【♡LOG】市川雛菜/3 CuddleToy.csv,27,2023005030190,雛菜,这样，是非常幸福的呢～？,市川雛菜,【♡LOG】市川雛菜,3 CuddleToy
市川雛菜/【♡LOG】市川雛菜/3 CuddleToy.csv,29,2023005030200,雛菜,"这还是第一次开
Yuakuma的联动咖啡厅呢",市川雛菜,【♡LOG】市川雛菜,3 CuddleToy
市川雛菜/【♡LOG】市川雛菜/3 CuddleToy.csv,30,2023005030210,雛菜,"雏菜一直
都很希望能开呢！",市川雛菜,【♡LOG】市川雛菜,3 CuddleToy
市川雛菜/【♡LOG】市川雛菜/3 CuddleToy.csv,31,2023005030220,雛菜,"毕竟，明明有其它角色的咖啡厅
唯独Yuakuma没有～？",市川雛菜,【♡LOG】市川雛菜,3 CuddleToy
市川雛菜/【♡LOG】市川雛菜/3 CuddleToy.csv,33,2023005030230,雛菜,然后，刚才听店里的人说了,市川雛菜,【♡LOG】市川雛菜,3 CuddleToy
市川雛菜/【♡LOG】市川雛菜/3 CuddleToy.csv,34,2023005030240,雛菜,"因为它是个性比较强烈的角色
起初并非人人都能接受的",市川雛菜,【♡LOG】市川雛菜,3 CuddleToy
市川雛菜/【♡LOG】市川雛菜/3 CuddleToy.csv,35,2023005030250,雛菜,"进行过各种摸索
让它变得受欢迎所以花了一点时间～……",市川雛菜,【♡LOG】市川雛菜,3 CuddleToy
市川雛菜/【♡LOG】市川雛菜/3 CuddleToy.csv,36,2023005030260,雛菜,它明明这么可爱～？,市川雛菜,【♡LOG】市川雛菜,3 CuddleToy
市川雛菜/【♡LOG】市川雛菜/3 CuddleToy.csv,40,2023005030270,雛菜,"诶～
它明明这么可爱～？",市川雛菜,【♡LOG】市川雛菜,3 CuddleToy
市川雛菜/【♡LOG】市川雛菜/3 CuddleToy.csv,43,2023005030280,雛菜,"呀哈～
真的吗～？",市川雛菜,【♡LOG】市川雛菜,3 CuddleToy
市川雛菜/【♡LOG】市川雛菜/3 CuddleToy.csv,46,2023005030290,雛菜,"嗯嗯，就是这样～～～
毕竟，它就是有这么可爱",市川雛菜,【♡LOG】市川雛菜,3 CuddleToy
市川雛菜/【♡LOG】市川雛菜/3 CuddleToy.csv,47,2023005030300,雛菜,会让人喜欢上它对吧～？,市川雛菜,【♡LOG】市川雛菜,3 CuddleToy
市川雛菜/【♡LOG】市川雛菜/4 RedBomb!.csv,2,2023005040010,雛菜,…………,市川雛菜,【♡LOG】市川雛菜,4 RedBomb!
市川雛菜/【♡LOG】市川雛菜/4 RedBomb!.csv,3,2023005040020,雛菜,…………！,市川雛菜,【♡LOG】市川雛菜,4 RedBomb!
市川雛菜/【♡LOG】市川雛菜/4 RedBomb!.csv,4,2023005040030,雛菜,"诶～……？
怎么炸开了～……？",市川雛菜,【♡LOG】市川雛菜,4 RedBomb!
市川雛菜/【♡LOG】市川雛菜/4 RedBomb!.csv,5,2023005040040,雛菜,"啊～……
是因为里面有小番茄吗～～～",市川雛菜,【♡LOG】市川雛菜,4 RedBomb!
市川雛菜/【♡LOG】市川雛菜/4 RedBomb!.csv,6,2023005040050,雛菜,失败了～…………,市川雛菜,【♡LOG】市川雛菜,4 RedBomb!
市川雛菜/【♡LOG】市川雛菜/4 RedBomb!.csv,9,2023005040060,雛菜,"啊哈～
制作人听见了吗～？",市川雛菜,【♡LOG】市川雛菜,4 RedBomb!
市川雛菜/【♡LOG】市川雛菜/4 RedBomb!.csv,10,2023005040070,雛菜,"用微波炉加热便当
小番茄就炸开了～！",市川雛菜,【♡LOG】市川雛菜,4 RedBomb!
市川雛菜/【♡LOG】市川雛菜/4 RedBomb!.csv,12,2023005040080,雛菜,"抱歉啦～？
把微波炉弄得有点脏了",市川雛菜,【♡LOG】市川雛菜,4 RedBomb!
市川雛菜/【♡LOG】市川雛菜/4 RedBomb!.csv,13,2023005040090,雛菜,不过，应该没坏掉～？,市川雛菜,【♡LOG】市川雛菜,4 RedBomb!
市川雛菜/【♡LOG】市川雛菜/4 RedBomb!.csv,15,2023005040100,雛菜,"嗯～！
雏菜没事……",市川雛菜,【♡LOG】市川雛菜,4 RedBomb!
市川雛菜/【♡LOG】市川雛菜/4 RedBomb!.csv,16,2023005040110,雛菜,"可是妈妈做的
Yuakuma便当",市川雛菜,【♡LOG】市川雛菜,4 RedBomb!
市川雛菜/【♡LOG】市川雛菜/4 RedBomb!.csv,17,2023005040120,雛菜,好像变成不得了的样子了～,市川雛菜,【♡LOG】市川雛菜,4 RedBomb!
市川雛菜/【♡LOG】市川雛菜/4 RedBomb!.csv,19,2023005040130,雛菜,啊哈～……,市川雛菜,【♡LOG】市川雛菜,4 RedBomb!
市川雛菜/【♡LOG】市川雛菜/4 RedBomb!.csv,20,2023005040140,雛菜,"早知道会变成这样
就该先给它拍张照的～",市川雛菜,【♡LOG】市川雛菜,4 RedBomb!
市川雛菜/【♡LOG】市川雛菜/4 RedBomb!.csv,21,2023005040150,雛菜,啊，不过妈妈应该拍了吧～,市川雛菜,【♡LOG】市川雛菜,4 RedBomb!
市川雛菜/【♡LOG】市川雛菜/4 RedBomb!.csv,24,2023005040160,雛菜,嗯～？,市川雛菜,【♡LOG】市川雛菜,4 RedBomb!
市川雛菜/【♡LOG】市川雛菜/4 RedBomb!.csv,26,2023005040170,雛菜,"诶～？
什么事～？",市川雛菜,【♡LOG】市川雛菜,4 RedBomb!
市川雛菜/【♡LOG】市川雛菜/4 RedBomb!.csv,29,2023005040180,雛菜,"……！
好厉害，真的吗～？",市川雛菜,【♡LOG】市川雛菜,4 RedBomb!
市川雛菜/【♡LOG】市川雛菜/4 RedBomb!.csv,32,2023005040190,雛菜,"要做饭是吧～？
雏菜记得哦～",市川雛菜,【♡LOG】市川雛菜,4 RedBomb!
市川雛菜/【♡LOG】市川雛菜/4 RedBomb!.csv,34,2023005040200,雛菜,"啊哈～
你不必露出那种表情啦～",市川雛菜,【♡LOG】市川雛菜,4 RedBomb!
市川雛菜/【♡LOG】市川雛菜/4 RedBomb!.csv,35,2023005040210,雛菜,"今天是因为不知道里面放了小番茄
直接拿去加热",市川雛菜,【♡LOG】市川雛菜,4 RedBomb!
市川雛菜/【♡LOG】市川雛菜/4 RedBomb!.csv,36,2023005040220,雛菜,平常是不会引起爆炸的哦！,市川雛菜,【♡LOG】市川雛菜,4 RedBomb!
市川雛菜/【♡LOG】市川雛菜/4 RedBomb!.csv,39,2023005040230,雛菜,可以哦，要做～～～！,市川雛菜,【♡LOG】市川雛菜,4 RedBomb!
市川雛菜/【♡LOG】市川雛菜/4 RedBomb!.csv,41,2023005040240,雛菜,嗯～！,市川雛菜,【♡LOG】市川雛菜,4 RedBomb!
市川雛菜/【♡LOG】市川雛菜/4 RedBomb!.csv,42,2023005040250,雛菜,"因为，雏菜永远都会选择
让自己幸福的那一方～",市川雛菜,【♡LOG】市川雛菜,4 RedBomb!
市川雛菜/【♡LOG】市川雛菜/4 RedBomb!.csv,43,2023005040260,雛菜,"制作人
你知道的吧～",市川雛菜,【♡LOG】市川雛菜,4 RedBomb!
市川雛菜/【♡LOG】市川雛菜/4 RedBomb!.csv,50,2023005040270,雛菜,"嗯～
谢谢你，制作人",市川雛菜,【♡LOG】市川雛菜,4 RedBomb!
市川雛菜/【♡LOG】市川雛菜/4 RedBomb!.csv,51,2023005040280,雛菜,"前阵子介绍厨房的时候
也收到了“想看雏菜做饭的样子～”的留言",市川雛菜,【♡LOG】市川雛菜,4 RedBomb!
市川雛菜/【♡LOG】市川雛菜/4 RedBomb!.csv,52,2023005040290,雛菜,"大家应该
会很期待吧～",市川雛菜,【♡LOG】市川雛菜,4 RedBomb!
市川雛菜/【♡LOG】市川雛菜/4 RedBomb!.csv,54,2023005040300,雛菜,"对哦～
要做什么菜呢～",市川雛菜,【♡LOG】市川雛菜,4 RedBomb!
市川雛菜/【♡LOG】市川雛菜/4 RedBomb!.csv,56,2023005040310,雛菜,"诶～？
唔～……",市川雛菜,【♡LOG】市川雛菜,4 RedBomb!
市川雛菜/【♡LOG】市川雛菜/4 RedBomb!.csv,57,2023005040320,雛菜,"雏菜平时
不做饭～",市川雛菜,【♡LOG】市川雛菜,4 RedBomb!
市川雛菜/【♡LOG】市川雛菜/4 RedBomb!.csv,58,2023005040330,雛菜,"不过，只要有食谱
就能做出来～！",市川雛菜,【♡LOG】市川雛菜,4 RedBomb!
市川雛菜/【♡LOG】市川雛菜/4 RedBomb!.csv,60,2023005040340,雛菜,"啊哈～
不去做的话就不知道呢～",市川雛菜,【♡LOG】市川雛菜,4 RedBomb!
市川雛菜/【♡LOG】市川雛菜/4 RedBomb!.csv,61,2023005040350,雛菜,真让人期待呢～？,市川雛菜,【♡LOG】市川雛菜,4 RedBomb!
市川雛菜/【♡LOG】市川雛菜/4 RedBomb!.csv,63,2023005040360,雛菜,"嗯～！
是这样呢～",市川雛菜,【♡LOG】市川雛菜,4 RedBomb!
市川雛菜/【♡LOG】市川雛菜/4 RedBomb!.csv,64,2023005040370,雛菜,"雏菜平时
不做饭～",市川雛菜,【♡LOG】市川雛菜,4 RedBomb!
市川雛菜/【♡LOG】市川雛菜/4 RedBomb!.csv,65,2023005040380,雛菜,"不过，既然喜欢吃
应该会喜欢做饭的！",市川雛菜,【♡LOG】市川雛菜,4 RedBomb!
市川雛菜/【♡LOG】市川雛菜/4 RedBomb!.csv,67,2023005040390,雛菜,"可是，比起做饭
当吃的那一方会更幸福吧～",市川雛菜,【♡LOG】市川雛菜,4 RedBomb!
市川雛菜/【♡LOG】市川雛菜/4 RedBomb!.csv,68,2023005040400,雛菜,节目上做的饭，应该能吃掉吧～？,市川雛菜,【♡LOG】市川雛菜,4 RedBomb!
市川雛菜/【♡LOG】市川雛菜/4 RedBomb!.csv,69,2023005040410,雛菜,"啊哈～
很期待呢，制作人",市川雛菜,【♡LOG】市川雛菜,4 RedBomb!
市川雛菜/【♡LOG】市川雛菜/5 project;or.csv,3,2023005110010,雛菜,"啊，制作人
你来啦～～～！",市川雛菜,【♡LOG】市川雛菜,5 project;or
市川雛菜/【♡LOG】市川雛菜/5 project;or.csv,5,2023005110020,雛菜,"嗯～？
是雏菜收藏的Yuakuma哦！",市川雛菜,【♡LOG】市川雛菜,5 project;or
市川雛菜/【♡LOG】市川雛菜/5 project;or.csv,8,2023005110030,雛菜,"啊哈～
很可爱吧～？",市川雛菜,【♡LOG】市川雛菜,5 project;or
市川雛菜/【♡LOG】市川雛菜/5 project;or.csv,10,2023005110040,雛菜,诶～？,市川雛菜,【♡LOG】市川雛菜,5 project;or
市川雛菜/【♡LOG】市川雛菜/5 project;or.csv,11,2023005110050,雛菜,"可是，雏菜有确认过
今天不会有客人上门～",市川雛菜,【♡LOG】市川雛菜,5 project;or
市川雛菜/【♡LOG】市川雛菜/5 project;or.csv,12,2023005110060,雛菜,"就像之前制作人说的
搞清楚情况后才使用的哦～？",市川雛菜,【♡LOG】市川雛菜,5 project;or
市川雛菜/【♡LOG】市川雛菜/5 project;or.csv,14,2023005110070,雛菜,"弄完后
会收拾整齐的！",市川雛菜,【♡LOG】市川雛菜,5 project;or
市川雛菜/【♡LOG】市川雛菜/5 project;or.csv,18,2023005110080,雛菜,"诶～？
不是哦～",市川雛菜,【♡LOG】市川雛菜,5 project;or
市川雛菜/【♡LOG】市川雛菜/5 project;or.csv,19,2023005110090,雛菜,"就那个啊～
雏菜之前不是有个在咖啡厅的工作～？",市川雛菜,【♡LOG】市川雛菜,5 project;or
市川雛菜/【♡LOG】市川雛菜/5 project;or.csv,20,2023005110100,雛菜,"然后，有Yuakuma的粉丝
看了雏菜的Twista",市川雛菜,【♡LOG】市川雛菜,5 project;or
市川雛菜/【♡LOG】市川雛菜/5 project;or.csv,21,2023005110110,雛菜,"说是想看
雏菜喜欢的周边～！",市川雛菜,【♡LOG】市川雛菜,5 project;or
市川雛菜/【♡LOG】市川雛菜/5 project;or.csv,23,2023005110120,雛菜,还有，一直给雏菜留言的人也是～,市川雛菜,【♡LOG】市川雛菜,5 project;or
市川雛菜/【♡LOG】市川雛菜/5 project;or.csv,24,2023005110130,雛菜,"想要雏菜同款的Yuakuma
让雏菜介绍手上有的周边～",市川雛菜,【♡LOG】市川雛菜,5 project;or
市川雛菜/【♡LOG】市川雛菜/5 project;or.csv,25,2023005110140,雛菜,"所以，今天是
Yuakuma特辑〜♡",市川雛菜,【♡LOG】市川雛菜,5 project;or
市川雛菜/【♡LOG】市川雛菜/5 project;or.csv,27,2023005110150,雛菜,"…………
感觉，很厉害呢～",市川雛菜,【♡LOG】市川雛菜,5 project;or
市川雛菜/【♡LOG】市川雛菜/5 project;or.csv,29,2023005110160,雛菜,"雏菜能够把
宣传自己喜欢的事物作为工作",市川雛菜,【♡LOG】市川雛菜,5 project;or
市川雛菜/【♡LOG】市川雛菜/5 project;or.csv,30,2023005110170,雛菜,"并把这份喜好传达给
其他人",市川雛菜,【♡LOG】市川雛菜,5 project;or
市川雛菜/【♡LOG】市川雛菜/5 project;or.csv,32,2023005110180,雛菜,看着雏菜开心幸福的样子,市川雛菜,【♡LOG】市川雛菜,5 project;or
市川雛菜/【♡LOG】市川雛菜/5 project;or.csv,33,2023005110190,雛菜,"就像真的能让
某个人也跟着开心起来一样",市川雛菜,【♡LOG】市川雛菜,5 project;or
市川雛菜/【♡LOG】市川雛菜/5 project;or.csv,34,2023005110200,雛菜,很厉害呢,市川雛菜,【♡LOG】市川雛菜,5 project;or
市川雛菜/【♡LOG】市川雛菜/5 project;or.csv,36,2023005110210,雛菜,"啊哈～
制作人也这么想的吗～？",市川雛菜,【♡LOG】市川雛菜,5 project;or
市川雛菜/【♡LOG】市川雛菜/5 project;or.csv,39,2023005110220,雛菜,"………………
这样啊～………",市川雛菜,【♡LOG】市川雛菜,5 project;or
市川雛菜/【♡LOG】市川雛菜/5 project;or.csv,40,2023005110230,雛菜,对了，制作人,市川雛菜,【♡LOG】市川雛菜,5 project;or
市川雛菜/【♡LOG】市川雛菜/5 project;or.csv,42,2023005110240,雛菜,"下次，制作人要不
也在雏菜的Twista露脸〜？",市川雛菜,【♡LOG】市川雛菜,5 project;or
市川雛菜/【♡LOG】市川雛菜/5 project;or.csv,45,2023005110250,雛菜,"诶〜，果然不行吗〜
可惜了〜……",市川雛菜,【♡LOG】市川雛菜,5 project;or
市川雛菜/【♡LOG】市川雛菜/5 project;or.csv,48,2023005110260,雛菜,嗯～，不过,市川雛菜,【♡LOG】市川雛菜,5 project;or
市川雛菜/【♡LOG】市川雛菜/5 project;or.csv,49,2023005110270,雛菜,"这是发布雏菜
喜欢的事物的地方",市川雛菜,【♡LOG】市川雛菜,5 project;or
市川雛菜/【♡LOG】市川雛菜/5 project;or.csv,50,2023005110280,雛菜,"……所以，
才会想让制作人也出现在这里",市川雛菜,【♡LOG】市川雛菜,5 project;or
市川雛菜/【♡like】市川雛菜/BUTAMAN.csv,2,3023006020010,雛菜,"呜～……
好冷～……",市川雛菜,【♡like】市川雛菜,BUTAMAN
市川雛菜/【♡like】市川雛菜/BUTAMAN.csv,3,3023006020020,雛菜,"还记得～
这附近——……",市川雛菜,【♡like】市川雛菜,BUTAMAN
市川雛菜/【♡like】市川雛菜/BUTAMAN.csv,5,3023006020040,雛菜,"啊……
你好～？",市川雛菜,【♡like】市川雛菜,BUTAMAN
市川雛菜/【♡like】市川雛菜/BUTAMAN.csv,7,3023006020060,雛菜,"是～
是这样没错",市川雛菜,【♡like】市川雛菜,BUTAMAN
市川雛菜/【♡like】市川雛菜/BUTAMAN.csv,9,3023006020080,雛菜,诶～？,市川雛菜,【♡like】市川雛菜,BUTAMAN
市川雛菜/【♡like】市川雛菜/BUTAMAN.csv,12,3023006020110,雛菜,"啊哈～
是这样啊～",市川雛菜,【♡like】市川雛菜,BUTAMAN
市川雛菜/【♡like】市川雛菜/BUTAMAN.csv,13,3023006020120,雛菜,雏菜也一样～,市川雛菜,【♡like】市川雛菜,BUTAMAN
市川雛菜/【♡like】市川雛菜/BUTAMAN.csv,15,3023006020140,雛菜,…………,市川雛菜,【♡like】市川雛菜,BUTAMAN
市川雛菜/【♡like】市川雛菜/BUTAMAN.csv,17,3023006020160,雛菜,啊，好～,市川雛菜,【♡like】市川雛菜,BUTAMAN
市川雛菜/【♡like】市川雛菜/BUTAMAN.csv,19,3023006020180,雛菜,"啊～……还有
再加一个豆沙包～",市川雛菜,【♡like】市川雛菜,BUTAMAN
市川雛菜/【♡like】市川雛菜/BUTAMAN.csv,20,3023006020190,雛菜,嗯～～～……,市川雛菜,【♡like】市川雛菜,BUTAMAN
市川雛菜/【♡like】市川雛菜/BUTAMAN.csv,23,3023006020220,雛菜,"是呢～
还真和便利店里卖的不同～",市川雛菜,【♡like】市川雛菜,BUTAMAN
市川雛菜/【♡like】市川雛菜/BUTAMAN.csv,25,3023006020240,雛菜,"是这样呢～……
…………好烫",市川雛菜,【♡like】市川雛菜,BUTAMAN
市川雛菜/【♡like】市川雛菜/BUTAMAN.csv,27,3023006020260,雛菜,"……？
干嘛呢？",市川雛菜,【♡like】市川雛菜,BUTAMAN
市川雛菜/【♡like】市川雛菜/BUTAMAN.csv,29,3023006020280,雛菜,…………？,市川雛菜,【♡like】市川雛菜,BUTAMAN
市川雛菜/【♡like】市川雛菜/BUTAMAN.csv,31,3023006020300,雛菜,是吗～？,市川雛菜,【♡like】市川雛菜,BUTAMAN
市川雛菜/【♡like】市川雛菜/BUTAMAN.csv,33,3023006020320,雛菜,诶～……,市川雛菜,【♡like】市川雛菜,BUTAMAN
市川雛菜/【♡like】市川雛菜/BUTAMAN.csv,36,3023006020350,雛菜,…………,市川雛菜,【♡like】市川雛菜,BUTAMAN
市川雛菜/【♡like】市川雛菜/BUTAMAN.csv,39,3023006020380,雛菜,"这样吗～
真辛苦呢～",市川雛菜,【♡like】市川雛菜,BUTAMAN
市川雛菜/【♡like】市川雛菜/BUTAMAN.csv,42,3023006020410,雛菜,"啊哈～
那样的话就太好了呢～",市川雛菜,【♡like】市川雛菜,BUTAMAN
市川雛菜/【♡like】市川雛菜/BUTAMAN.csv,43,3023006020420,雛菜,练习加油哦～！,市川雛菜,【♡like】市川雛菜,BUTAMAN
市川雛菜/【♡like】市川雛菜/BUTAMAN.csv,47,3023006020460,雛菜,………………,市川雛菜,【♡like】市川雛菜,BUTAMAN
市川雛菜/【♡like】市川雛菜/BUTAMAN.csv,48,3023006020470,雛菜,"这人，像风一样
说走就走～……",市川雛菜,【♡like】市川雛菜,BUTAMAN
市川雛菜/【♡like】市川雛菜/BUTAMAN.csv,49,3023006020480,雛菜,…………不过,市川雛菜,【♡like】市川雛菜,BUTAMAN
市川雛菜/【♡like】市川雛菜/BUTAMAN.csv,50,3023006020490,雛菜,非要说的话，是太阳～……？,市川雛菜,【♡like】市川雛菜,BUTAMAN
市川雛菜/【♡like】市川雛菜/BUTAMAN.csv,51,3023006020500,雛菜,…………,市川雛菜,【♡like】市川雛菜,BUTAMAN
市川雛菜/【♡like】市川雛菜/BUTAMAN.csv,52,3023006020510,雛菜,……豆沙包，好烫～……,市川雛菜,【♡like】市川雛菜,BUTAMAN
市川雛菜/【♡like】市川雛菜/PICTURE.csv,2,3023006010010,雛菜,哈～……,市川雛菜,【♡like】市川雛菜,PICTURE
市川雛菜/【♡like】市川雛菜/PICTURE.csv,3,3023006010020,雛菜,"怎感觉，比预想中还要累人呢～
回复派对……",市川雛菜,【♡like】市川雛菜,PICTURE
市川雛菜/【♡like】市川雛菜/PICTURE.csv,26,3023006010250,雛菜,"…………
啊——对了",市川雛菜,【♡like】市川雛菜,PICTURE
市川雛菜/【♡like】市川雛菜/PICTURE.csv,28,3023006010270,雛菜,最后，我想把照片发上去,市川雛菜,【♡like】市川雛菜,PICTURE
市川雛菜/【♡like】市川雛菜/PICTURE.csv,29,3023006010280,雛菜,大家一起拍张合照,市川雛菜,【♡like】市川雛菜,PICTURE
市川雛菜/【♡like】市川雛菜/PICTURE.csv,33,3023006010320,雛菜,"不靠近一点的话
镜头装不下所有人咯～",市川雛菜,【♡like】市川雛菜,PICTURE
市川雛菜/【♡like】市川雛菜/PICTURE.csv,39,3023006010380,雛菜,"好～
要拍咯～",市川雛菜,【♡like】市川雛菜,PICTURE
市川雛菜/【♡like】市川雛菜/PICTURE.csv,40,3023006010390,雛菜,３、２、１————……,市川雛菜,【♡like】市川雛菜,PICTURE
市川雛菜/【♡like】市川雛菜/PICTURE.csv,41,3023006010400,雛菜,拍好啦～！,市川雛菜,【♡like】市川雛菜,PICTURE
市川雛菜/【♡like】市川雛菜/PICTURE.csv,45,3023006010440,雛菜,"不客气～
那么，我把照片发到Twista上了哦～",市川雛菜,【♡like】市川雛菜,PICTURE
市川雛菜/【２８３プロのヒナ】市川雛菜/produce_events_302300201.csv,2,3023002010010,雛菜,透～前～辈♡,市川雛菜,【２８３プロのヒナ】市川雛菜,produce_events_302300201
市川雛菜/【２８３プロのヒナ】市川雛菜/produce_events_302300201.csv,5,3023002010040,雛菜,"诶～
看上去完全不像被吓到了啊～",市川雛菜,【２８３プロのヒナ】市川雛菜,produce_events_302300201
市川雛菜/【２８３プロのヒナ】市川雛菜/produce_events_302300201.csv,7,3023002010060,雛菜,"这样吗～？　不过雏菜
也挺喜欢透前辈这点就是了～",市川雛菜,【２８３プロのヒナ】市川雛菜,produce_events_302300201
市川雛菜/【２８３プロのヒナ】市川雛菜/produce_events_302300201.csv,9,3023002010080,雛菜,"啊哈～超冷静这点～～～
超爱～～～",市川雛菜,【２８３プロのヒナ】市川雛菜,produce_events_302300201
市川雛菜/【２８３プロのヒナ】市川雛菜/produce_events_302300201.csv,11,3023002010100,雛菜,诶～～～？,市川雛菜,【２８３プロのヒナ】市川雛菜,produce_events_302300201
市川雛菜/【２８３プロのヒナ】市川雛菜/produce_events_302300201.csv,12,3023002010110,雛菜,"嗯～……
那么，今天在学校过得怎么样～？",市川雛菜,【２８３プロのヒナ】市川雛菜,produce_events_302300201
市川雛菜/【２８３プロのヒナ】市川雛菜/produce_events_302300201.csv,14,3023002010130,雛菜,"这样啊～
雏菜我今天也快乐又幸福地度过了！",市川雛菜,【２８３プロのヒナ】市川雛菜,produce_events_302300201
市川雛菜/【２８３プロのヒナ】市川雛菜/produce_events_302300201.csv,16,3023002010150,雛菜,"嗯～♡
每天都幸福～～～！",市川雛菜,【２８３プロのヒナ】市川雛菜,produce_events_302300201
市川雛菜/【２８３プロのヒナ】市川雛菜/produce_events_302300201.csv,18,3023002010170,雛菜,"呀哈～♡
雏菜也这么想～～～！",市川雛菜,【２８３プロのヒナ】市川雛菜,produce_events_302300201
市川雛菜/【２８３プロのヒナ】市川雛菜/produce_events_302300201.csv,20,3023002010190,雛菜,"不过～
那也是因为有透前辈在雏菜才会像这样哦～",市川雛菜,【２８３プロのヒナ】市川雛菜,produce_events_302300201
市川雛菜/【２８３プロのヒナ】市川雛菜/produce_events_302300201.csv,22,3023002010210,雛菜,"像这样～
放学后来透前辈家里也很开心啊～",市川雛菜,【２８３プロのヒナ】市川雛菜,produce_events_302300201
市川雛菜/【２８３プロのヒナ】市川雛菜/produce_events_302300201.csv,23,3023002010220,雛菜,"一起当偶像～
也超幸福的～♡",市川雛菜,【２８３プロのヒナ】市川雛菜,produce_events_302300201
市川雛菜/【２８３プロのヒナ】市川雛菜/produce_events_302300201.csv,25,3023002010240,雛菜,嗯～。真是太好了～！,市川雛菜,【２８３プロのヒナ】市川雛菜,produce_events_302300201
市川雛菜/【２８３プロのヒナ】市川雛菜/produce_events_302300201.csv,31,3023002010300,雛菜,"诶～～～！？
原来圆香前辈你在啊～～～？",市川雛菜,【２８３プロのヒナ】市川雛菜,produce_events_302300201
市川雛菜/【２８３プロのヒナ】市川雛菜/produce_events_302300201.csv,33,3023002010320,雛菜,"啊哈～
完全没注意到啊～～～",市川雛菜,【２８３プロのヒナ】市川雛菜,produce_events_302300201
市川雛菜/【２８３プロのヒナ】市川雛菜/produce_events_302300201.csv,34,3023002010330,雛菜,……对不起啊？,市川雛菜,【２８３プロのヒナ】市川雛菜,produce_events_302300201
市川雛菜/【２８３プロのヒナ】市川雛菜/produce_events_302300201.csv,36,3023002010350,雛菜,"嗯～……雏菜确实
只能看到自己喜欢的东西呢～",市川雛菜,【２８３プロのヒナ】市川雛菜,produce_events_302300201
市川雛菜/【２８３プロのヒナ】市川雛菜/produce_events_302300201.csv,38,3023002010370,雛菜,诶～～～～～？,市川雛菜,【２８３プロのヒナ】市川雛菜,produce_events_302300201
市川雛菜/【２８３プロのヒナ】市川雛菜/produce_events_302300201.csv,42,3023002010410,雛菜,"啊～对了
难得今天大家都聚在一起～",市川雛菜,【２８３プロのヒナ】市川雛菜,produce_events_302300201
市川雛菜/【２８３プロのヒナ】市川雛菜/produce_events_302300201.csv,43,3023002010420,雛菜,把小糸也叫上吧～,市川雛菜,【２８３プロのヒナ】市川雛菜,produce_events_302300201
市川雛菜/【２８３プロのヒナ】市川雛菜/produce_events_302300201.csv,45,3023002010440,雛菜,"啊，喂小糸吗～？
是雏菜哦～～～～～",市川雛菜,【２８３プロのヒナ】市川雛菜,produce_events_302300201
市川雛菜/【２８３プロのヒナ】市川雛菜/produce_events_302300201.csv,46,3023002010450,雛菜,"在干什么呢～？　学习吗～？
啊哈～没在学习啊～？",市川雛菜,【２８３プロのヒナ】市川雛菜,produce_events_302300201
市川雛菜/【２８３プロのヒナ】市川雛菜/produce_events_302300201.csv,49,3023002010480,雛菜,"呀哈～！
没错现在在透前辈的房间～！",市川雛菜,【２８３プロのヒナ】市川雛菜,produce_events_302300201
市川雛菜/【２８３プロのヒナ】市川雛菜/produce_events_302300201.csv,50,3023002010490,雛菜,"透前辈在这哦～～～！
然后圆香前辈好像也在！",市川雛菜,【２８３プロのヒナ】市川雛菜,produce_events_302300201
市川雛菜/【２８３プロのヒナ】市川雛菜/produce_events_302300201.csv,51,3023002010500,雛菜,所以小糸也赶紧过来呀～～～,市川雛菜,【２８３プロのヒナ】市川雛菜,produce_events_302300201
市川雛菜/【２８３プロのヒナ】市川雛菜/produce_events_302300202.csv,2,3023002020010,雛菜,"大家辛苦了～♡
雏菜，先告辞了～！",市川雛菜,【２８３プロのヒナ】市川雛菜,produce_events_302300202
市川雛菜/【２８３プロのヒナ】市川雛菜/produce_events_302300202.csv,5,3023002020040,雛菜,"嗯～拜拜！
再见啊～",市川雛菜,【２８３プロのヒナ】市川雛菜,produce_events_302300202
市川雛菜/【２８３プロのヒナ】市川雛菜/produce_events_302300202.csv,6,3023002020050,雛菜,啊！　对了～,市川雛菜,【２８３プロのヒナ】市川雛菜,produce_events_302300202
市川雛菜/【２８３プロのヒナ】市川雛菜/produce_events_302300202.csv,7,3023002020060,雛菜,"今天是雏菜
得吃点甜点再回家的日子～……",市川雛菜,【２８３プロのヒナ】市川雛菜,produce_events_302300202
市川雛菜/【２８３プロのヒナ】市川雛菜/produce_events_302300202.csv,12,3023002020110,雛菜,"呀哈～♡
透前辈也去吗！？",市川雛菜,【２８３プロのヒナ】市川雛菜,produce_events_302300202
市川雛菜/【２８３プロのヒナ】市川雛菜/produce_events_302300202.csv,14,3023002020130,雛菜,"雏菜也是～～～！
啊哈～我们真合得来～",市川雛菜,【２８３プロのヒナ】市川雛菜,produce_events_302300202
市川雛菜/【２８３プロのヒナ】市川雛菜/produce_events_302300202.csv,18,3023002020170,雛菜,"诶～～～
明天再练不行吗～～～？",市川雛菜,【２８３プロのヒナ】市川雛菜,produce_events_302300202
市川雛菜/【２８３プロのヒナ】市川雛菜/produce_events_302300202.csv,21,3023002020200,雛菜,"而且今天大家都做得很好了啊
所以也得来点奖励不是吗～？",市川雛菜,【２８３プロのヒナ】市川雛菜,produce_events_302300202
市川雛菜/【２８３プロのヒナ】市川雛菜/produce_events_302300202.csv,24,3023002020230,雛菜,"呀哈～
那么圆香前辈也来～",市川雛菜,【２８３プロのヒナ】市川雛菜,produce_events_302300202
市川雛菜/【２８３プロのヒナ】市川雛菜/produce_events_302300202.csv,26,3023002020250,雛菜,嘴上这么说但明明就是想来～～～！,市川雛菜,【２８３プロのヒナ】市川雛菜,produce_events_302300202
市川雛菜/【２８３プロのヒナ】市川雛菜/produce_events_302300202.csv,28,3023002020270,雛菜,"嗯～
小糸要来吗～？",市川雛菜,【２８３プロのヒナ】市川雛菜,produce_events_302300202
市川雛菜/【２８３プロのヒナ】市川雛菜/produce_events_302300202.csv,33,3023002020320,雛菜,"那是在说不用勉强自己去练习？
还是说不用勉强一起去～？",市川雛菜,【２８３プロのヒナ】市川雛菜,produce_events_302300202
市川雛菜/【２８３プロのヒナ】市川雛菜/produce_events_302300202.csv,35,3023002020340,雛菜,"诶～～～、
好过分～～～～",市川雛菜,【２８３プロのヒナ】市川雛菜,produce_events_302300202
市川雛菜/【２８３プロのヒナ】市川雛菜/produce_events_302300202.csv,38,3023002020370,雛菜,"看吧～！
小糸也想去啊～",市川雛菜,【２８３プロのヒナ】市川雛菜,produce_events_302300202
市川雛菜/【２８３プロのヒナ】市川雛菜/produce_events_302300202.csv,43,3023002020420,雛菜,嗯～那么出发吧～～～,市川雛菜,【２８３プロのヒナ】市川雛菜,produce_events_302300202
市川雛菜/【２８３プロのヒナ】市川雛菜/produce_events_302300202.csv,44,3023002020430,雛菜,"雏菜我～是吃蛋糕呢～
还是冰淇淋呢～或是可丽饼呢～……",市川雛菜,【２８３プロのヒナ】市川雛菜,produce_events_302300202
市川雛菜/【２８３プロのヒナ】市川雛菜/produce_events_302300202.csv,47,3023002020460,雛菜,"……！
啊哈～♡　这个好～～～！",市川雛菜,【２８３プロのヒナ】市川雛菜,produce_events_302300202
市川雛菜/【２８３プロのヒナ】市川雛菜/produce_events_302300202.csv,49,3023002020480,雛菜,已经变成了只能吃法式布丁的嘴了～！,市川雛菜,【２８３プロのヒナ】市川雛菜,produce_events_302300202
市川雛菜/【２８３プロのヒナ】市川雛菜/produce_events_302300202.csv,55,3023002020540,雛菜,"雏菜也！
雏菜也喜欢哦～！",市川雛菜,【２８３プロのヒナ】市川雛菜,produce_events_302300202
市川雛菜/【２８３プロのヒナ】市川雛菜/produce_events_302300202.csv,56,3023002020550,雛菜,不管是法式布丁，还是透前辈～♡,市川雛菜,【２８３プロのヒナ】市川雛菜,produce_events_302300202
市川雛菜/ファン感謝祭編/Comment(xx).csv,3,1023002010010,雛菜,"嘿～，
现在～？",市川雛菜,ファン感謝祭編,Comment(xx)
市川雛菜/ファン感謝祭編/Comment(xx).csv,4,1023002010020,雛菜,在回Twister的评论～,市川雛菜,ファン感謝祭編,Comment(xx)
市川雛菜/ファン感謝祭編/Comment(xx).csv,5,1023002010030,雛菜,"啊，快看这条～
写了“和雏菜买了同款唇膏”～",市川雛菜,ファン感謝祭編,Comment(xx)
市川雛菜/ファン感謝祭編/Comment(xx).csv,6,1023002010040,雛菜,回这条好了～,市川雛菜,ファン感謝祭編,Comment(xx)
市川雛菜/ファン感謝祭編/Comment(xx).csv,8,1023002010050,雛菜,"嗯～，是吗～？
虽然也不是每条都能回就是了～",市川雛菜,ファン感謝祭編,Comment(xx)
市川雛菜/ファン感謝祭編/Comment(xx).csv,9,1023002010060,雛菜,"雏菜只回
雏菜觉得好的～，还有雏菜想回的！",市川雛菜,ファン感謝祭編,Comment(xx)
市川雛菜/ファン感謝祭編/Comment(xx).csv,10,1023002010070,雛菜,……这样就好～,市川雛菜,ファン感謝祭編,Comment(xx)
市川雛菜/ファン感謝祭編/Comment(xx).csv,12,1023002010080,雛菜,全部回复会很累的·～,市川雛菜,ファン感謝祭編,Comment(xx)
市川雛菜/ファン感謝祭編/Comment(xx).csv,14,1023002010090,雛菜,"啊，制作人也可以
评论雏菜的Twister哦～？",市川雛菜,ファン感謝祭編,Comment(xx)
市川雛菜/ファン感謝祭編/Comment(xx).csv,15,1023002010100,雛菜,雏菜会找出来，然后认真回复！,市川雛菜,ファン感謝祭編,Comment(xx)
市川雛菜/ファン感謝祭編/Comment(xx).csv,17,1023002010110,雛菜,诶，为什么～？,市川雛菜,ファン感謝祭編,Comment(xx)
市川雛菜/ファン感謝祭編/Comment(xx).csv,18,1023002010120,雛菜,"制作人，
也是雏菜的粉丝吧～？",市川雛菜,ファン感謝祭編,Comment(xx)
市川雛菜/ファン感謝祭編/Memo_Re_.csv,3,1023002020010,雛菜,"嘿～
不是，现在不是～",市川雛菜,ファン感謝祭編,Memo_Re_
市川雛菜/ファン感謝祭編/Memo_Re_.csv,4,1023002020020,雛菜,"在往前翻
雏菜的Twister上的照片！",市川雛菜,ファン感謝祭編,Memo_Re_
市川雛菜/ファン感謝祭編/Memo_Re_.csv,7,1023002020030,雛菜,"嗯～
制作人也来看一下～",市川雛菜,ファン感謝祭編,Memo_Re_
市川雛菜/ファン感謝祭編/Memo_Re_.csv,8,1023002020040,雛菜,"最新的，
是之前“感谢祭""的照片对吧～？",市川雛菜,ファン感謝祭編,Memo_Re_
市川雛菜/ファン感謝祭編/Memo_Re_.csv,10,1023002020050,雛菜,"对～！
那张拍得超好的！",市川雛菜,ファン感謝祭編,Memo_Re_
市川雛菜/ファン感謝祭編/Memo_Re_.csv,11,1023002020060,雛菜,评论也是到现在最多的！,市川雛菜,ファン感謝祭編,Memo_Re_
市川雛菜/ファン感謝祭編/Memo_Re_.csv,13,1023002020070,雛菜,"然后这张
是之前买的化妆品的照片～",市川雛菜,ファン感謝祭編,Memo_Re_
市川雛菜/ファン感謝祭編/Memo_Re_.csv,14,1023002020080,雛菜,"还有之前杂志上的照片～
还有买新衣服的时候的照片！",市川雛菜,ファン感謝祭編,Memo_Re_
市川雛菜/ファン感謝祭編/Memo_Re_.csv,15,1023002020090,雛菜,"然后这是之前去吃的
超级好吃的蛋糕！",市川雛菜,ファン感謝祭編,Memo_Re_
市川雛菜/ファン感謝祭編/Memo_Re_.csv,17,1023002020100,雛菜,是吧～？,市川雛菜,ファン感謝祭編,Memo_Re_
市川雛菜/ファン感謝祭編/Memo_Re_.csv,18,1023002020110,雛菜,"……快乐的东西总是一下就结束了
好吃的东西也是一下就没了",市川雛菜,ファン感謝祭編,Memo_Re_
市川雛菜/ファン感謝祭編/Memo_Re_.csv,19,1023002020120,雛菜,所以都有好好拍下来,市川雛菜,ファン感謝祭編,Memo_Re_
市川雛菜/ファン感謝祭編/Memo_Re_.csv,22,1023002020130,雛菜,"……嗯嗯～
说得对～？",市川雛菜,ファン感謝祭編,Memo_Re_
市川雛菜/ファン感謝祭編/Memo_Re_.csv,24,1023002020140,雛菜,"雏菜，
看到蛋糕的照片就肚子饿了！",市川雛菜,ファン感謝祭編,Memo_Re_
市川雛菜/ファン感謝祭編/Memo_Re_.csv,25,1023002020150,雛菜,"现在去吃照片上的蛋糕吧～
制作人！",市川雛菜,ファン感謝祭編,Memo_Re_
市川雛菜/ファン感謝祭編/Memo_Re_.csv,27,1023002020160,雛菜,"嗯，因为制作人
刚才才说过吧？",市川雛菜,ファン感謝祭編,Memo_Re_
市川雛菜/ファン感謝祭編/Memo_Re_.csv,28,1023002020170,雛菜,快乐的事情，每天都要发出来,市川雛菜,ファン感謝祭編,Memo_Re_
市川雛菜/ファン感謝祭編/Memo_Re_.csv,30,1023002020180,雛菜,所以，这是今天的份！,市川雛菜,ファン感謝祭編,Memo_Re_
市川雛菜/ファン感謝祭編/Memo_Re_.csv,31,1023002020190,雛菜,好，出发～～～！,市川雛菜,ファン感謝祭編,Memo_Re_
市川雛菜/ファン感謝祭編/リハーサル前.csv,2,6023002010010,雛菜,"啊哈～
舞台真大～！",市川雛菜,ファン感謝祭編,リハーサル前
市川雛菜/ファン感謝祭編/リハーサル前.csv,3,6023002010020,雛菜,,市川雛菜,ファン感謝祭編,リハーサル前
市川雛菜/ファン感謝祭編/リハーサル前.csv,5,6023002010030,雛菜,"没有，就在想
客席那么大，正式演出的话好远的地方是不是也有粉丝～",市川雛菜,ファン感謝祭編,リハーサル前
市川雛菜/ファン感謝祭編/リハーサル前.csv,6,6023002010040,雛菜,好期待呢～？,市川雛菜,ファン感謝祭編,リハーサル前
市川雛菜/ファン感謝祭編/リハーサル後.csv,2,6023002020010,雛菜,"制作人！
彩排结束啦～",市川雛菜,ファン感謝祭編,リハーサル後
市川雛菜/ファン感謝祭編/リハーサル後.csv,4,6023002020020,雛菜,"啊哈～
雏菜怎么样～？",市川雛菜,ファン感謝祭編,リハーサル後
市川雛菜/ファン感謝祭編/リハーサル後.csv,6,6023002020030,雛菜,"呀哈～！
果然～",市川雛菜,ファン感謝祭編,リハーサル後
市川雛菜/ファン感謝祭編/リハーサル後.csv,7,6023002020040,雛菜,"因为舞台很大
所以跑了很久！",市川雛菜,ファン感謝祭編,リハーサル後
市川雛菜/ファン感謝祭編/リハーサル後.csv,11,6023002020050,雛菜,嗯～！,市川雛菜,ファン感謝祭編,リハーサル後
市川雛菜/ファン感謝祭編/リハーサル後.csv,12,6023002020060,雛菜,"歌和舞蹈和布景和衣服
全部都很期待～！",市川雛菜,ファン感謝祭編,リハーサル後
市川雛菜/ファン感謝祭編/感謝祭本番前.csv,2,6023002030010,雛菜,——啊，制作人在这～！,市川雛菜,ファン感謝祭編,感謝祭本番前
市川雛菜/ファン感謝祭編/感謝祭本番前.csv,5,6023002030020,雛菜,"嗯～
雏菜想把这个给制作人！",市川雛菜,ファン感謝祭編,感謝祭本番前
市川雛菜/ファン感謝祭編/感謝祭本番前.csv,7,6023002030030,雛菜,"不是，是想让
帮忙拍照",市川雛菜,ファン感謝祭編,感謝祭本番前
市川雛菜/ファン感謝祭編/感謝祭本番前.csv,8,6023002030040,雛菜,雏菜们，上台的时候！,市川雛菜,ファン感謝祭編,感謝祭本番前
市川雛菜/ファン感謝祭編/感謝祭本番前.csv,10,6023002030050,雛菜,"可以啊～！
那样不是更稀有吗～？",市川雛菜,ファン感謝祭編,感謝祭本番前
市川雛菜/ファン感謝祭編/感謝祭本番前.csv,12,6023002030060,雛菜,"而且，制作人知道
雏菜看起来是什么样吧？",市川雛菜,ファン感謝祭編,感謝祭本番前
市川雛菜/ファン感謝祭編/決勝前コミュ.csv,2,6023001040010,雛菜,决赛啊～～～……,市川雛菜,ファン感謝祭編,決勝前コミュ
市川雛菜/ファン感謝祭編/決勝前コミュ.csv,4,6023001040020,雛菜,"嗯～～～？
什么事都没啊，为什么这么问～？",市川雛菜,ファン感謝祭編,決勝前コミュ
市川雛菜/ファン感謝祭編/決勝前コミュ.csv,6,6023001040030,雛菜,"啊哈～这样吗～？
嗯～～～总觉得～",市川雛菜,ファン感謝祭編,決勝前コミュ
市川雛菜/ファン感謝祭編/決勝前コミュ.csv,7,6023001040040,雛菜,都要结束了～的感觉,市川雛菜,ファン感謝祭編,決勝前コミュ
市川雛菜/ファン感謝祭編/決勝前コミュ.csv,8,6023001040050,雛菜,"不管是赢还是输都是结束了
在开心之余又有些，遗憾？",市川雛菜,ファン感謝祭編,決勝前コミュ
市川雛菜/ファン感謝祭編/決勝前コミュ.csv,11,6023001040060,雛菜,"……啊～对啊～～～
嗯，是这样呢～",市川雛菜,ファン感謝祭編,決勝前コミュ
市川雛菜/万圣节/雏菜2023万圣.csv,3,4901043230010,雛菜,,市川雛菜,万圣节,雏菜2023万圣
市川雛菜/万圣节/雏菜2023万圣.csv,9,4901043230020,雛菜,,市川雛菜,万圣节,雏菜2023万圣
市川雛菜/万圣节/雏菜2023万圣.csv,11,4901043230030,雛菜,"嗯～！　想着吓制作人一跳
雏菜，一直都醒着～～～！",市川雛菜,万圣节,雏菜2023万圣
市川雛菜/万圣节/雏菜2023万圣.csv,13,4901043230040,雛菜,"啊哈～
是呀～♡",市川雛菜,万圣节,雏菜2023万圣
市川雛菜/万圣节/雏菜2024万圣.csv.csv,5,4901600230010,雛菜,"啊哈～
好久不见～",市川雛菜,万圣节,雏菜2024万圣.csv
市川雛菜/万圣节/雏菜2024万圣.csv.csv,7,4901600230020,雛菜,"雏菜一直在想啊～
见不到雏菜的你真的好可怜～",市川雛菜,万圣节,雏菜2024万圣.csv
市川雛菜/万圣节/雏菜2024万圣.csv.csv,9,4901600230030,雛菜,"什么嘛、这个反应～
见到雏菜不高兴吗～？",市川雛菜,万圣节,雏菜2024万圣.csv
市川雛菜/万圣节/雏菜2024万圣.csv.csv,10,4901600230040,雛菜,"————嗯～……
总感觉有股香味～",市川雛菜,万圣节,雏菜2024万圣.csv
市川雛菜/万圣节/雏菜2024万圣.csv.csv,12,4901600230050,雛菜,"啊哈～不是啦～
发出香味的……是你啊～～～！",市川雛菜,万圣节,雏菜2024万圣.csv
市川雛菜/万圣节/雏菜2024万圣.csv.csv,13,4901600230060,雛菜,"雏菜现在肚子非常饿
所以要大吃一口～～～",市川雛菜,万圣节,雏菜2024万圣.csv
市川雛菜/万圣节/雏菜2024万圣.csv.csv,15,4901600230070,雛菜,"诶～～～
那种事要由雏菜来决定～",市川雛菜,万圣节,雏菜2024万圣.csv
市川雛菜/万圣节/雏菜2024万圣.csv.csv,16,4901600230080,雛菜,"雏菜要开动了～
——————嗷姆",市川雛菜,万圣节,雏菜2024万圣.csv
市川雛菜/节日剧情/2023圣诞雏菜/special_communications_490110089.csv,2,4901100890010,雛菜,……啊、蒸脸仪～！,市川雛菜,节日剧情,special_communications_490110089
市川雛菜/节日剧情/2023圣诞雏菜/special_communications_490110089.csv,3,4901100890020,雛菜,"这个，雏菜认识的化妆师有提到过～！
说是“用过之后脸蛋会变得非～常水润”",市川雛菜,节日剧情,special_communications_490110089
市川雛菜/节日剧情/2023圣诞雏菜/special_communications_490110089.csv,5,4901100890030,雛菜,"嗯～！
雏菜每天都要用这个～！",市川雛菜,节日剧情,special_communications_490110089
市川雛菜/节日剧情/2023圣诞雏菜/special_communications_490110089.csv,6,4901100890040,雛菜,"谢谢啦～
制作人！",市川雛菜,节日剧情,special_communications_490110089
市川雛菜/节日剧情/2023圣诞雏菜/special_communications_490110090.csv,2,4901100900010,雛菜,……这个笔盒，稍微有点成熟呢～,市川雛菜,节日剧情,special_communications_490110090
市川雛菜/节日剧情/2023圣诞雏菜/special_communications_490110090.csv,4,4901100900020,雛菜,"没有呀～！　因为雏菜很少有这种类型的
就感觉～有点小开心～",市川雛菜,节日剧情,special_communications_490110090
市川雛菜/节日剧情/2023圣诞雏菜/special_communications_490110090.csv,5,4901100900030,雛菜,"而且，现在用着的有点旧了，
来得刚刚好～♡",市川雛菜,节日剧情,special_communications_490110090
市川雛菜/节日剧情/2023圣诞雏菜/special_communications_490110091.csv,2,4901100910010,雛菜,"……哈～
好暖和～！",市川雛菜,节日剧情,special_communications_490110091
市川雛菜/节日剧情/2023圣诞雏菜/special_communications_490110091.csv,4,4901100910020,雛菜,"呀哈～♡
要喝～！",市川雛菜,节日剧情,special_communications_490110091
市川雛菜/节日剧情/2023圣诞雏菜/special_communications_490110091.csv,5,4901100910030,雛菜,"—————嗯～……
甜甜地好好喝～！",市川雛菜,节日剧情,special_communications_490110091
市川雛菜/节日剧情/2023圣诞雏菜/special_communications_490110092.csv,3,4901100920010,雛菜,"嗯、好呀～
有什么事吗～？",市川雛菜,节日剧情,special_communications_490110092
市川雛菜/节日剧情/2023圣诞雏菜/special_communications_490110092.csv,5,4901100920020,雛菜,"嘿～
这样吗～？",市川雛菜,节日剧情,special_communications_490110092
市川雛菜/节日剧情/2023圣诞雏菜/special_communications_490110092.csv,6,4901100920030,雛菜,"啊哈～
雏菜真厉害～！",市川雛菜,节日剧情,special_communications_490110092
市川雛菜/节日剧情/2023圣诞雏菜/special_communications_490110092.csv,9,4901100920040,雛菜,制作人，要用这个吗～？,市川雛菜,节日剧情,special_communications_490110092
市川雛菜/节日剧情/2023圣诞雏菜/special_communications_490110092.csv,11,4901100920050,雛菜,"嗯～！　
给制作人的圣诞礼物～！",市川雛菜,节日剧情,special_communications_490110092
市川雛菜/节日剧情/2023圣诞雏菜/special_communications_490110092.csv,13,4901100920060,雛菜,"诶～
为什么～？",市川雛菜,节日剧情,special_communications_490110092
市川雛菜/节日剧情/2023圣诞雏菜/special_communications_490110092.csv,14,4901100920070,雛菜,"在那上面，把雏菜的工作安排，
写得满满的～！",市川雛菜,节日剧情,special_communications_490110092
市川雛菜/节日剧情/2023情人节/490103768.csv,2,4901037680010,雛菜,"哎，制作人
情人节，收到不少吧～？",市川雛菜,节日剧情,490103768
市川雛菜/节日剧情/2023情人节/490103768.csv,5,4901037680020,雛菜,"呀哈～！
果然～！",市川雛菜,节日剧情,490103768
市川雛菜/节日剧情/2023情人节/490103768.csv,7,4901037680030,雛菜,"嗯～！　因为制作人会收到很多的
就想着多出来的会不会分点给雏菜呢～",市川雛菜,节日剧情,490103768
市川雛菜/节日剧情/2023情人节/490103768.csv,8,4901037680040,雛菜,"所以，给！
雏菜就送这个咯～？",市川雛菜,节日剧情,490103768
市川雛菜/节日剧情/2023情人节/490103768.csv,10,4901037680050,雛菜,"这个是啊～，汤？　之类的！
轮流吃甜的和咸的就不会觉得腻了吧～？",市川雛菜,节日剧情,490103768
市川雛菜/节日剧情/2023情人节/490103769.csv,2,4901037690010,雛菜,"诶～～～！？　这个
制作人送给雏菜～～～！？",市川雛菜,节日剧情,490103769
市川雛菜/节日剧情/2023情人节/490103769.csv,3,4901037690020,雛菜,"呀哈～
这个就带回家里吃好了～！",市川雛菜,节日剧情,490103769
市川雛菜/节日剧情/2023情人节/490103769.csv,4,4901037690030,雛菜,吃之前还得拍个照片才行呢～？,市川雛菜,节日剧情,490103769
市川雛菜/节日剧情/2023情人节/special_communications_490103767.csv,2,4901037670010,雛菜,"啊哈～
这个和，这个～……",市川雛菜,节日剧情,special_communications_490103767
市川雛菜/节日剧情/2023情人节/special_communications_490103767.csv,3,4901037670020,雛菜,,市川雛菜,节日剧情,special_communications_490103767
市川雛菜/节日剧情/2023情人节/special_communications_490103767.csv,4,4901037670030,雛菜,"（……不过，制作人他
会收到好多巧克力吧～……？）",市川雛菜,节日剧情,special_communications_490103767
市川雛菜/节日剧情/2023情人节/special_communications_490103767.csv,5,4901037670040,雛菜,"（巧克力，收得太多吃不完的话
说不定雏菜也能吃到～……！）",市川雛菜,节日剧情,special_communications_490103767
市川雛菜/节日剧情/2023情人节/special_communications_490103767.csv,6,4901037670050,雛菜,,市川雛菜,节日剧情,special_communications_490103767
市川雛菜/节日剧情/2023情人节/special_communications_490103767.csv,7,4901037670060,雛菜,"……也就是说雏菜
送巧克力以外的东西会更好～……",市川雛菜,节日剧情,special_communications_490103767
市川雛菜/节日剧情/2023情人节/special_communications_490103767.csv,8,4901037670070,雛菜,嗯～……,市川雛菜,节日剧情,special_communications_490103767
市川雛菜/节日剧情/七夕/2023七夕(選択肢A)-市川 雛菜.csv,8,0000000000000,雛菜,"“因为放在那所以就拿来写咯～♡
雏菜一直都在努力啊～”",市川雛菜,节日剧情,2023七夕(選択肢A)-市川 雛菜
市川雛菜/节日剧情/市川雛菜 2024圣诞/2024圣诞礼物hnn1.csv,2,4901700450010,雛菜,嗯～……,市川雛菜,节日剧情,2024圣诞礼物hnn1
市川雛菜/节日剧情/市川雛菜 2024圣诞/2024圣诞礼物hnn1.csv,4,4901700450020,雛菜,"雏菜在想
悠吖熊的装饰公仔挂在哪比较好～",市川雛菜,节日剧情,2024圣诞礼物hnn1
市川雛菜/节日剧情/市川雛菜 2024圣诞/2024圣诞礼物hnn1.csv,5,4901700450030,雛菜,果然还是挂在圣诞树的树顶比较好吗～？,市川雛菜,节日剧情,2024圣诞礼物hnn1
市川雛菜/节日剧情/市川雛菜 2024圣诞/2024圣诞礼物hnn1.csv,7,4901700450040,雛菜,"这样啊～……
嗳、那制作人觉得挂在哪比较好？",市川雛菜,节日剧情,2024圣诞礼物hnn1
市川雛菜/节日剧情/市川雛菜 2024圣诞/2024圣诞礼物hnn1.csv,9,4901700450050,雛菜,"那就和雏菜一起
来想想挂在哪儿才是最好的吧～",市川雛菜,节日剧情,2024圣诞礼物hnn1
市川雛菜/节日剧情/市川雛菜 2024圣诞/2024圣诞礼物hnn2.csv,2,4901700460010,雛菜,"圣诞节约会穿搭啊……
嗳、制作人觉得怎样的比较好～？",市川雛菜,节日剧情,2024圣诞礼物hnn2
市川雛菜/节日剧情/市川雛菜 2024圣诞/2024圣诞礼物hnn2.csv,4,4901700460020,雛菜,"……诶～～～、但明天就得提交了吧～？
圣诞节约会的穿搭",市川雛菜,节日剧情,2024圣诞礼物hnn2
市川雛菜/节日剧情/市川雛菜 2024圣诞/2024圣诞礼物hnn2.csv,7,4901700460030,雛菜,"……要是让雏菜一个人来挑的话
那雏菜就只会选自己喜欢的衣服了呀～？",市川雛菜,节日剧情,2024圣诞礼物hnn2
市川雛菜/节日剧情/市川雛菜 2024圣诞/2024圣诞礼物hnn2.csv,8,4901700460040,雛菜,"但是，要穿去约会的话……
还是得让对方觉得可爱才好吧～",市川雛菜,节日剧情,2024圣诞礼物hnn2
市川雛菜/节日剧情/市川雛菜 2024圣诞/2024圣诞礼物hnn2.csv,9,4901700460050,雛菜,所以说，制作人也要帮雏菜挑～！,市川雛菜,节日剧情,2024圣诞礼物hnn2
市川雛菜/节日剧情/市川雛菜 2024圣诞/2024圣诞礼物hnn2.csv,12,4901700460060,雛菜,……这样啊～,市川雛菜,节日剧情,2024圣诞礼物hnn2
市川雛菜/节日剧情/市川雛菜 2024圣诞/2024圣诞礼物hnn2.csv,13,4901700460070,雛菜,"啊哈～
果然是这样啊～♡",市川雛菜,节日剧情,2024圣诞礼物hnn2
市川雛菜/节日剧情/市川雛菜 2024圣诞/2024圣诞礼物hnn2.csv,14,4901700460080,雛菜,"雏菜要去圣诞节约会的时候，
要打扮成超级可爱的自己……",市川雛菜,节日剧情,2024圣诞礼物hnn2
市川雛菜/节日剧情/市川雛菜 2024圣诞/2024圣诞礼物hnn2.csv,15,4901700460090,雛菜,"在装横时髦的餐厅，
享用着美味的饭菜和蛋糕……",市川雛菜,节日剧情,2024圣诞礼物hnn2
市川雛菜/节日剧情/市川雛菜 2024圣诞/2024圣诞礼物hnn2.csv,16,4901700460100,雛菜,可能还想去看看霓虹灯～,市川雛菜,节日剧情,2024圣诞礼物hnn2
市川雛菜/节日剧情/市川雛菜 2024圣诞/2024圣诞礼物hnn2.csv,18,4901700460110,雛菜,因为是和雏菜约会嘛～！,市川雛菜,节日剧情,2024圣诞礼物hnn2
市川雛菜/节日剧情/市川雛菜 2024圣诞/2024圣诞礼物hnn2.csv,19,4901700460120,雛菜,"虽然雏菜一直都很可爱，
但那一天会打扮得更可爱～！",市川雛菜,节日剧情,2024圣诞礼物hnn2
市川雛菜/节日剧情/市川雛菜 2024圣诞/2024圣诞礼物hnn2.csv,21,4901700460130,雛菜,"嗯！
一起来找，能让雏菜变得最可爱的衣服吧～♡",市川雛菜,节日剧情,2024圣诞礼物hnn2
市川雛菜/节日剧情/市川雛菜2025情人节/2025情人节雏1.csv,2,4901800450010,雛菜,"……虽然情人节活动很高兴
但人真的好多啊～",市川雛菜,节日剧情,2025情人节雏1
市川雛菜/节日剧情/市川雛菜2025情人节/2025情人节雏1.csv,5,4901800450020,雛菜,"嗯～
雏菜早就看上这个了，能买到真的很开心～",市川雛菜,节日剧情,2025情人节雏1
市川雛菜/节日剧情/市川雛菜2025情人节/2025情人节雏1.csv,6,4901800450030,雛菜,……来，也给制作人一份～,市川雛菜,节日剧情,2025情人节雏1
市川雛菜/节日剧情/市川雛菜2025情人节/2025情人节雏2.csv,3,4901800460010,雛菜,"嗯～
红宝石蓝宝石绿宝石～",市川雛菜,节日剧情,2025情人节雏2
市川雛菜/节日剧情/市川雛菜2025情人节/2025情人节雏2.csv,5,4901800460020,雛菜,"诶～～～
倒也可以啦，但别忘记吃掉噢",市川雛菜,节日剧情,2025情人节雏2
市川雛菜/节日剧情/市川雛菜2025情人节/2025情人节雏2.csv,8,4901800460030,雛菜,,市川雛菜,节日剧情,2025情人节雏2
市川雛菜/节日剧情/市川雛菜2025情人节/2025情人节雏2.csv,9,4901800460040,雛菜,"啊哈～
谢谢～♡",市川雛菜,节日剧情,2025情人节雏2
市川雛菜/节日剧情/市川雛菜2025情人节/2025情人节雏2.csv,10,4901800460050,雛菜,"那……
制作人来选，看看雏菜最喜欢哪个～",市川雛菜,节日剧情,2025情人节雏2
市川雛菜/誕生日/4902005023.csv,2,49020050230010,雛菜,"呀哈～～～♡
制作人为雏菜庆祝生日，雏菜好开心～",市川雛菜,誕生日,4902005023
市川雛菜/誕生日/4902005023.csv,3,49020050230020,雛菜,"制作人的生日
也要一起庆祝喔～～～",市川雛菜,誕生日,4902005023
市川雛菜/誕生日/【市川 雛菜】 誕生日ミニコミュ③.csv,2,49020040230010,雛菜,"诶～～～
你知道雏菜想要的礼物是什么吗～？",市川雛菜,誕生日,【市川 雛菜】 誕生日ミニコミュ③
市川雛菜/誕生日/【市川 雛菜】 誕生日ミニコミュ③.csv,3,49020040230020,雛菜,"嗯～，说的也是啊
毕竟你是雏菜的制作人嘛～？",市川雛菜,誕生日,【市川 雛菜】 誕生日ミニコミュ③
有栖川夏葉/【ヒイラギの窓辺に】有栖川夏葉/サンタさんたちへ.csv,6,3013020020050,雛菜,"啊哈～
雏菜也加油～",有栖川夏葉,【ヒイラギの窓辺に】有栖川夏葉,サンタさんたちへ
有栖川夏葉/【ヒイラギの窓辺に】有栖川夏葉/パーティーの後片付け.csv,39,3013020010370,雛菜,嗳、今天要干嘛～？,有栖川夏葉,【ヒイラギの窓辺に】有栖川夏葉,パーティーの後片付け
有栖川夏葉/【ヒイラギの窓辺に】有栖川夏葉/パーティーの後片付け.csv,42,3013020010400,雛菜,"诶～～～
雏菜又没说不去～",有栖川夏葉,【ヒイラギの窓辺に】有栖川夏葉,パーティーの後片付け
有栖川夏葉/【ヒイラギの窓辺に】有栖川夏葉/パーティーの後片付け.csv,43,3013020010410,雛菜,还想着去事务所拿工作资料～,有栖川夏葉,【ヒイラギの窓辺に】有栖川夏葉,パーティーの後片付け
有栖川夏葉/【ヒイラギの窓辺に】有栖川夏葉/パーティーの後片付け.csv,45,3013020010430,雛菜,明明小糸也不用特地过来的～,有栖川夏葉,【ヒイラギの窓辺に】有栖川夏葉,パーティーの後片付け
有栖川夏葉/【ヒイラギの窓辺に】有栖川夏葉/パーティーの後片付け.csv,47,3013020010450,雛菜,"因为制作人说，
只是收拾一下也没多大事——",有栖川夏葉,【ヒイラギの窓辺に】有栖川夏葉,パーティーの後片付け
有栖川夏葉/【ヒイラギの窓辺に】有栖川夏葉/パーティーの後片付け.csv,48,3013020010460,雛菜,不方便的话也可以不来～,有栖川夏葉,【ヒイラギの窓辺に】有栖川夏葉,パーティーの後片付け
樋口円香/S.T.E.P編/描く空は澄んでいた.csv,14,1021005050060,雛菜,不知为何就聚到这里了,樋口円香,S.T.E.P編,描く空は澄んでいた
樋口円香/S.T.E.P編/描く空は澄んでいた.csv,17,1021005050090,雛菜,"啊哈～
好像比雏菜还多欸～！",樋口円香,S.T.E.P編,描く空は澄んでいた
樋口円香/S.T.E.P編/描く空は澄んでいた.csv,19,1021005050110,雛菜,换圆香前辈是什么意思～？,樋口円香,S.T.E.P編,描く空は澄んでいた
樋口円香/S.T.E.P編/描く空は澄んでいた.csv,22,1021005050131,小糸＆雛菜,诶诶……！,樋口円香,S.T.E.P編,描く空は澄んでいた
樋口円香/S.T.E.P編/描く空は澄んでいた.csv,29,1021005050190,雛菜,"好羡慕～
雏菜也想跟透前辈一起去～",樋口円香,S.T.E.P編,描く空は澄んでいた
樋口円香/S.T.E.P編/水盤に落針.csv,11,1021005010050,雛菜,嘿，看起来好有意思～,樋口円香,S.T.E.P編,水盤に落針
樋口円香/S.T.E.P編/水盤に落針.csv,12,1021005010060,雛菜,"透前辈的事务所
叫什么来着？",樋口円香,S.T.E.P編,水盤に落針
樋口円香/S.T.E.P編/水盤に落針.csv,16,1021005010100,雛菜,"嗯～
好像没有～",樋口円香,S.T.E.P編,水盤に落針
樋口円香/S.T.E.P編/水盤に落針.csv,19,1021005010130,雛菜,"嗯～，可能虽然本来她对这个没什么兴趣
但突然来了兴致～？",樋口円香,S.T.E.P編,水盤に落針
樋口円香/S.T.E.P編/水盤に落針.csv,26,1021005010200,雛菜,"哈哈～！
圆香前辈真是个吃货～",樋口円香,S.T.E.P編,水盤に落針
樋口円香/S.T.E.P編/糖蜜と塩.csv,40,1021005030210,雛菜,"“甜与咸的无尽循环！？
店内薯条冰淇淋全品任食！”",樋口円香,S.T.E.P編,糖蜜と塩
樋口円香/S.T.E.P編/糖蜜と塩.csv,43,1021005030240,雛菜,『上面是说无尽循环啰～♡』,樋口円香,S.T.E.P編,糖蜜と塩
樋口円香/S.T.E.P編/糖蜜と塩.csv,47,1021005030280,雛菜,“啊，透前辈很有干劲呢”,樋口円香,S.T.E.P編,糖蜜と塩
樋口円香/S.T.E.P編/糖蜜と塩.csv,49,1021005030300,雛菜,“好期待～”,樋口円香,S.T.E.P編,糖蜜と塩
樋口円香/【UNTITLED】樋口 円香/以外.csv,6,3021005020020,雛菜,嗯～？,樋口円香,【UNTITLED】樋口 円香,以外
樋口円香/【UNTITLED】樋口 円香/以外.csv,22,3021005020140,雛菜,雏菜在这里就好～,樋口円香,【UNTITLED】樋口 円香,以外
樋口円香/【UNTITLED】樋口 円香/以外.csv,28,3021005020200,雛菜,"啊哈～
好像是～",樋口円香,【UNTITLED】樋口 円香,以外
樋口円香/【UNTITLED】樋口 円香/以外.csv,29,3021005020210,雛菜,大家都会看透学姐呢～,樋口円香,【UNTITLED】樋口 円香,以外
樋口円香/【ナカキヨノ】樋口円香/1.とおのねふりの.csv,10,3021020010090,雛菜,在哪～？,樋口円香,【ナカキヨノ】樋口円香,1.とおのねふりの
樋口円香/【ナカキヨノ】樋口円香/1.とおのねふりの.csv,12,3021020010110,雛菜,"……啊、真的耶～
在飞呢～",樋口円香,【ナカキヨノ】樋口円香,1.とおのねふりの
樋口円香/【ナカキヨノ】樋口円香/1.とおのねふりの.csv,17,3021020010160,雛菜,要是会再飞回来就好了,樋口円香,【ナカキヨノ】樋口円香,1.とおのねふりの
樋口円香/【ナカキヨノ】樋口円香/1.とおのねふりの.csv,24,3021020010230,雛菜,雏菜也不知道～,樋口円香,【ナカキヨノ】樋口円香,1.とおのねふりの
樋口円香/【ナカキヨノ】樋口円香/1.とおのねふりの.csv,26,3021020010250,雛菜,"诶～那毕竟～
也只是在随波逐流啊～",樋口円香,【ナカキヨノ】樋口円香,1.とおのねふりの
樋口円香/【ナカキヨノ】樋口円香/2.みなめさめ.csv,19,3021020020180,雛菜,圆香前辈你————,樋口円香,【ナカキヨノ】樋口円香,2.みなめさめ
樋口円香/【ナカキヨノ】樋口円香/2.みなめさめ.csv,27,3021020020260,雛菜,雏菜我们打算跟透前辈走,樋口円香,【ナカキヨノ】樋口円香,2.みなめさめ
樋口円香/【ナカキヨノ】樋口円香/2.みなめさめ.csv,37,3021020020351,小糸＆雛菜,圆香……？,樋口円香,【ナカキヨノ】樋口円香,2.みなめさめ
樋口円香/【ナカキヨノ】樋口円香/3.なみのりふねのおとのよきかな.csv,29,3021020030210,雛菜,"啊哈～、这样啊～
那雏菜也想休息一下",樋口円香,【ナカキヨノ】樋口円香,3.なみのりふねのおとのよきかな
樋口円香/【ナカキヨノ】樋口円香/3.なみのりふねのおとのよきかな.csv,32,3021020030240,雛菜,"雏菜吃了很多好吃的哦～
荞麦面、年菜、年糕汤～",樋口円香,【ナカキヨノ】樋口円香,3.なみのりふねのおとのよきかな
樋口円香/【ナカキヨノ】樋口円香/3.なみのりふねのおとのよきかな.csv,33,3021020030250,雛菜,还有，去温泉吃了牛肉涮锅～！,樋口円香,【ナカキヨノ】樋口円香,3.なみのりふねのおとのよきかな
樋口円香/【ナカキヨノ】樋口円香/3.なみのりふねのおとのよきかな.csv,40,3021020030320,雛菜,"但是不知道里面有什么吧～
不能自己挑的话雏菜就不买了～",樋口円香,【ナカキヨノ】樋口円香,3.なみのりふねのおとのよきかな
樋口円香/【ナカキヨノ】樋口円香/3.なみのりふねのおとのよきかな.csv,43,3021020030350,雛菜,……啊、那个是什么～,樋口円香,【ナカキヨノ】樋口円香,3.なみのりふねのおとのよきかな
樋口円香/【ナカキヨノ】樋口円香/3.なみのりふねのおとのよきかな.csv,44,3021020030360,雛菜,上面写着“新年梦占卜”～,樋口円香,【ナカキヨノ】樋口円香,3.なみのりふねのおとのよきかな
樋口円香/【ナカキヨノ】樋口円香/3.なみのりふねのおとのよきかな.csv,46,3021020030380,雛菜,诶～、这样的吗～,樋口円香,【ナカキヨノ】樋口円香,3.なみのりふねのおとのよきかな
樋口円香/【ナカキヨノ】樋口円香/3.なみのりふねのおとのよきかな.csv,48,3021020030400,雛菜,透前辈新年做梦了吗～？,樋口円香,【ナカキヨノ】樋口円香,3.なみのりふねのおとのよきかな
樋口円香/【ナカキヨノ】樋口円香/3.なみのりふねのおとのよきかな.csv,52,3021020030440,雛菜,那大家都占卜不了呢～,樋口円香,【ナカキヨノ】樋口円香,3.なみのりふねのおとのよきかな
樋口円香/【ナカキヨノ】樋口円香/3.なみのりふねのおとのよきかな.csv,56,3021020030480,雛菜,圆香前辈你————,樋口円香,【ナカキヨノ】樋口円香,3.なみのりふねのおとのよきかな
樋口円香/【暑熱】樋口円香/潤す.csv,39,3021013010310,雛菜,"……！
好凉快～！",樋口円香,【暑熱】樋口円香,潤す
樋口円香/【暑熱】樋口円香/潤す.csv,40,3021013010320,雛菜,雏菜已经不想再动了～,樋口円香,【暑熱】樋口円香,潤す
樋口円香/【暑熱】樋口円香/潤す.csv,43,3021013010350,雛菜,"嗯～
要买什么～？",樋口円香,【暑熱】樋口円香,潤す
樋口円香/【暑熱】樋口円香/潤す.csv,48,3021013010400,雛菜,啊～！,樋口円香,【暑熱】樋口円香,潤す
樋口円香/【暑熱】樋口円香/潤す.csv,49,3021013010410,雛菜,透前辈～！,樋口円香,【暑熱】樋口円香,潤す
樋口円香/【暑熱】樋口円香/潤す.csv,57,3021013010490,雛菜,嗯～！,樋口円香,【暑熱】樋口円香,潤す
樋口円香/【暑熱】樋口円香/潤す.csv,58,3021013010500,雛菜,夏天很舒服～！,樋口円香,【暑熱】樋口円香,潤す
樋口円香/【暑熱】樋口円香/潤す.csv,63,3021013010550,雛菜,走阴影这边比较凉快噢～？,樋口円香,【暑熱】樋口円香,潤す
樋口円香/【暑熱】樋口円香/潤す.csv,76,3021013010640,雛菜,一瓶都不够喝呢～？,樋口円香,【暑熱】樋口円香,潤す
樋口円香/【暑熱】樋口円香/潤す.csv,81,3021013010670,雛菜,"嗯～
刚刚结束～",樋口円香,【暑熱】樋口円香,潤す
樋口円香/【暑熱】樋口円香/潤す.csv,88,3021013010700,雛菜,是怎样的工作～？,樋口円香,【暑熱】樋口円香,潤す
樋口円香/【水平】樋口円香/bluebird.csv,2,3021016010010,雛菜,透前辈，早上好～,樋口円香,【水平】樋口円香,bluebird
樋口円香/【水平】樋口円香/bluebird.csv,12,3021016010081,小糸＆雛菜,早、早上好……！,樋口円香,【水平】樋口円香,bluebird
樋口円香/【水平】樋口円香/bluebird.csv,22,3021016010150,雛菜,所以刚在听什么～？,樋口円香,【水平】樋口円香,bluebird
樋口円香/【水平】樋口円香/bluebird.csv,24,3021016010161,透＆雛菜,诶——,樋口円香,【水平】樋口円香,bluebird
樋口円香/【水平】樋口円香/bluebird.csv,29,3021016010210,雛菜,"感觉好麻烦啊～
雏菜去便利店买点零食～！",樋口円香,【水平】樋口円香,bluebird
樋口円香/【水平】樋口円香/bluebird.csv,51,3021016010310,雛菜,诶～？,樋口円香,【水平】樋口円香,bluebird
樋口円香/【水平】樋口円香/fly.csv,33,3021016020090,雛菜,好～,樋口円香,【水平】樋口円香,fly
樋口円香/【水平】樋口円香/fly.csv,34,3021016020100,雛菜,啊，透前辈也在～♡,樋口円香,【水平】樋口円香,fly
樋口円香/【水平】樋口円香/fly.csv,45,3021016020150,雛菜,"咦～
那个人是今早跟我们打招呼的人，对吧～？",樋口円香,【水平】樋口円香,fly
樋口円香/【水平】樋口円香/fly.csv,52,3021016020170,雛菜,"啊哈～
感觉很有趣～",樋口円香,【水平】樋口円香,fly
樋口円香/【水平】樋口円香/fly.csv,62,3021016020220,雛菜,"但是，是要在接力赛中加入表演吧～？
还能穿漂亮衣服，感觉会很有趣～",樋口円香,【水平】樋口円香,fly
樋口円香/【水平】樋口円香/to the sky.csv,4,3021016030020,雛菜,"会很危险的嘛～
虽然雏菜也很想穿可爱的鞋子～",樋口円香,【水平】樋口円香,to the sky
樋口円香/【水平】樋口円香/to the sky.csv,21,3021016030120,雛菜,圆香前辈，准备好了吗～？,樋口円香,【水平】樋口円香,to the sky
樋口円香/【水平】樋口円香/to the sky.csv,30,3021016030170,雛菜,"结婚啊～
感觉很难想象圆香前辈结婚的场景～",樋口円香,【水平】樋口円香,to the sky
樋口円香/【水平】樋口円香/to the sky.csv,42,3021016030240,雛菜,"啊哈～！
感觉好好玩～！",樋口円香,【水平】樋口円香,to the sky
樋口円香/【水平】樋口円香/to the sky.csv,47,3021016030280,雛菜,"……嗯～
怎么办～？",樋口円香,【水平】樋口円香,to the sky
樋口円香/【水平】樋口円香/to the sky.csv,61,3021016030380,雛菜,"嗯～，这个戚风蛋糕好好吃～
好幸福～♡",樋口円香,【水平】樋口円香,to the sky
樋口円香/【水平】樋口円香/to the sky.csv,66,3021016030430,雛菜,円香学姐，戴着耳机也能听到吗～？,樋口円香,【水平】樋口円香,to the sky
樋口円香/【水平】樋口円香/to the sky.csv,68,3021016030450,雛菜,原来如此～,樋口円香,【水平】樋口円香,to the sky
樋口円香/【水平】樋口円香/to the sky.csv,71,3021016030480,雛菜,"诶～？
大家都说给我们了啊～？",樋口円香,【水平】樋口円香,to the sky
樋口円香/【洒落】樋口円香/クリームパン.csv,6,3021009020050,雛菜,"嗯～！
不过先回趟教室",樋口円香,【洒落】樋口円香,クリームパン
樋口円香/【洒落】樋口円香/クリームパン.csv,65,3021009020620,雛菜,啊哈～！,樋口円香,【洒落】樋口円香,クリームパン
樋口円香/【洒落】樋口円香/クリームパン.csv,66,3021009020630,雛菜,"奶油面包还有剩！
最后一个～！",樋口円香,【洒落】樋口円香,クリームパン
樋口円香/【洒落】樋口円香/クリームパン.csv,67,3021009020640,雛菜,"打扰一下～！
麻烦结账————",樋口円香,【洒落】樋口円香,クリームパン
樋口円香/【洒落】樋口円香/麻婆豆腐.csv,8,3021009010070,雛菜,"嗯～？
……给～",樋口円香,【洒落】樋口円香,麻婆豆腐
樋口円香/【洒落】樋口円香/麻婆豆腐.csv,13,3021009010120,雛菜,那雏菜也要～,樋口円香,【洒落】樋口円香,麻婆豆腐
樋口円香/【洒落】樋口円香/麻婆豆腐.csv,18,3021009010170,雛菜,"嗯～？
很好吃哟～",樋口円香,【洒落】樋口円香,麻婆豆腐
樋口円香/【洒落】樋口円香/麻婆豆腐.csv,36,3021009010240,雛菜,明明还看着～,樋口円香,【洒落】樋口円香,麻婆豆腐
樋口円香/【洒落】樋口円香/麻婆豆腐.csv,41,3021009010280,雛菜,"甜点是
蛋包饭～～～！",樋口円香,【洒落】樋口円香,麻婆豆腐
樋口円香/【洒落】樋口円香/麻婆豆腐.csv,46,3021009010292,円香＆雛菜,,樋口円香,【洒落】樋口円香,麻婆豆腐
樋口円香/【洒落】樋口円香/麻婆豆腐.csv,67,3021009010420,雛菜,这个呢～？,樋口円香,【洒落】樋口円香,麻婆豆腐
樋口円香/【洒落】樋口円香/麻婆豆腐.csv,71,3021009010440,雛菜,"啊～……
明明还看着～",樋口円香,【洒落】樋口円香,麻婆豆腐
樋口円香/【漠漠】樋口円香/帰宅.csv,5,3021012030040,雛菜,玩偶～？,樋口円香,【漠漠】樋口円香,帰宅
樋口円香/【漠漠】樋口円香/帰宅.csv,11,3021012030100,雛菜,“雏菜都可以哦～？”,樋口円香,【漠漠】樋口円香,帰宅
樋口円香/【漠漠】樋口円香/帰宅.csv,12,3021012030110,雛菜,“放在圆香前辈那里～”,樋口円香,【漠漠】樋口円香,帰宅
樋口円香/【漠漠】樋口円香/潮風.csv,10,3021012020090,雛菜,等一个钟～！？,樋口円香,【漠漠】樋口円香,潮風
樋口円香/【漠漠】樋口円香/潮風.csv,14,3021012020130,雛菜,"诶～
那干嘛呢～？",樋口円香,【漠漠】樋口円香,潮風
樋口円香/【漠漠】樋口円香/潮風.csv,19,3021012020170,雛菜,……没有吃的哦～？,樋口円香,【漠漠】樋口円香,潮風
樋口円香/【漠漠】樋口円香/潮風.csv,20,3021012020180,雛菜,"哎～、圆香前辈～
哪有～？",樋口円香,【漠漠】樋口円香,潮風
樋口円香/【漠漠】樋口円香/潮風.csv,31,3021012020290,雛菜,有吗～？,樋口円香,【漠漠】樋口円香,潮風
樋口円香/【漠漠】樋口円香/潮風.csv,34,3021012020320,雛菜,雏菜可以走过去哦～？,樋口円香,【漠漠】樋口円香,潮風
樋口円香/【漠漠】樋口円香/潮風.csv,36,3021012020340,雛菜,啊～,樋口円香,【漠漠】樋口円香,潮風
樋口円香/【漠漠】樋口円香/潮風.csv,38,3021012020360,雛菜,晚上得把一天的都吃回来呢～,樋口円香,【漠漠】樋口円香,潮風
樋口円香/【漠漠】樋口円香/潮風.csv,41,3021012020390,雛菜,"圆香前辈～
玩偶、忘拿了～",樋口円香,【漠漠】樋口円香,潮風
樋口円香/【漠漠】樋口円香/潮風.csv,44,3021012020420,雛菜,这个是圆香前辈的喔～？,樋口円香,【漠漠】樋口円香,潮風
樋口円香/【漠漠】樋口円香/潮風.csv,53,3021012020510,雛菜,"啊～
那就放到透前辈家～？",樋口円香,【漠漠】樋口円香,潮風
樋口円香/【漠漠】樋口円香/潮風.csv,56,3021012020540,雛菜,还是说事务所之类的～？,樋口円香,【漠漠】樋口円香,潮風
樋口円香/【漠漠】樋口円香/潮風.csv,63,3021012020610,雛菜,两个钟后～～～！？,樋口円香,【漠漠】樋口円香,潮風
樋口円香/【漠漠】樋口円香/線路.csv,7,3021012010001,透＆小糸＆雛菜,,樋口円香,【漠漠】樋口円香,線路
樋口円香/【漠漠】樋口円香/線路.csv,8,3021012010010,雛菜,……肚子饿了～,樋口円香,【漠漠】樋口円香,線路
樋口円香/【漠漠】樋口円香/線路.csv,9,3021012010020,雛菜,这辆电车里没有车厢小卖部吗～？,樋口円香,【漠漠】樋口円香,線路
樋口円香/【漠漠】樋口円香/線路.csv,13,3021012010060,雛菜,要吃～,樋口円香,【漠漠】樋口円香,線路
樋口円香/【漠漠】樋口円香/線路.csv,19,3021012010081,透＆小糸＆雛菜,,樋口円香,【漠漠】樋口円香,線路
樋口円香/【漠漠】樋口円香/線路.csv,20,3021012010090,雛菜,……喉咙好干～,樋口円香,【漠漠】樋口円香,線路
樋口円香/【漠漠】樋口円香/線路.csv,23,3021012010120,雛菜,嗯～,樋口円香,【漠漠】樋口円香,線路
樋口円香/【漠漠】樋口円香/線路.csv,24,3021012010130,雛菜,啊、小卖部～！,樋口円香,【漠漠】樋口円香,線路
樋口円香/【漠漠】樋口円香/線路.csv,25,3021012010140,雛菜,雏菜去买点东西回来～！,樋口円香,【漠漠】樋口円香,線路
樋口円香/【漠漠】樋口円香/線路.csv,27,3021012010160,雛菜,小糸、稍微让一下～？,樋口円香,【漠漠】樋口円香,線路
樋口円香/【漠漠】樋口円香/線路.csv,29,3021012010180,雛菜,"大家的份都一起买咯～？
可以吗～？",樋口円香,【漠漠】樋口円香,線路
樋口円香/【漠漠】樋口円香/線路.csv,33,3021012010220,雛菜,嗯～～～,樋口円香,【漠漠】樋口円香,線路
樋口円香/【漠漠】樋口円香/線路.csv,40,3021012010280,雛菜,"怎么了…？
上车咯～！",樋口円香,【漠漠】樋口円香,線路
樋口円香/【漠漠】樋口円香/線路.csv,42,3021012010300,雛菜,没有～！,樋口円香,【漠漠】樋口円香,線路
樋口円香/【漠漠】樋口円香/線路.csv,43,3021012010301,透＆小糸＆雛菜,,樋口円香,【漠漠】樋口円香,線路
樋口円香/【漠漠】樋口円香/線路.csv,46,3021012010330,雛菜,卖完了～,樋口円香,【漠漠】樋口円香,線路
樋口円香/【漠漠】樋口円香/線路.csv,51,3021012010380,雛菜,会有吗～？,樋口円香,【漠漠】樋口円香,線路
樋口円香/【無色】樋口圆香/ストロボ.csv,2,3021014020010,雛菜,"嗳～、这个呢～？
夜间滑冰的视频～",樋口円香,【無色】樋口圆香,ストロボ
樋口円香/【無色】樋口圆香/ストロボ.csv,4,3021014020030,雛菜,诶～,樋口円香,【無色】樋口圆香,ストロボ
樋口円香/【無色】樋口圆香/ストロボ.csv,5,3021014020040,雛菜,"那这个呢～？
是雏菜的精心之作喔～～～！",樋口円香,【無色】樋口圆香,ストロボ
樋口円香/【無色】樋口圆香/ストロボ.csv,6,3021014020050,雛菜,"穿着软绵绵的衣服的透前辈
在雪地上跳舞的视频～♪",樋口円香,【無色】樋口圆香,ストロボ
樋口円香/【無色】樋口圆香/ストロボ.csv,10,3021014020090,雛菜,雏菜也加油了呀～？,樋口円香,【無色】樋口圆香,ストロボ
樋口円香/【無色】樋口圆香/ストロボ.csv,12,3021014020110,雛菜,"虽然雏菜也觉得很开心啦～
但好像跟别人的撞了～",樋口円香,【無色】樋口圆香,ストロボ
樋口円香/【無色】樋口圆香/ストロボ.csv,13,3021014020120,雛菜,要留下成果的话，不能跟别人一样吧～？,樋口円香,【無色】樋口圆香,ストロボ
樋口円香/【無色】樋口圆香/ストロボ.csv,19,3021014020180,雛菜,"啊、那就～
给制作人打个电话～？",樋口円香,【無色】樋口圆香,ストロボ
樋口円香/【無色】樋口圆香/ストロボ.csv,24,3021014020230,雛菜,"那么～
就不能待在这种地方继续想吧～？",樋口円香,【無色】樋口圆香,ストロボ
樋口円香/【無色】樋口圆香/ストロボ.csv,27,3021014020260,雛菜,"呀哈～！　感觉晚上更能拍出
亮晶晶～的氛围～",樋口円香,【無色】樋口圆香,ストロボ
樋口円香/【無色】樋口圆香/ストロボ.csv,31,3021014020300,雛菜,"啊哈～、雏菜也懂～！
暖炉里的火苗，总会让人看入神～",樋口円香,【無色】樋口圆香,ストロボ
樋口円香/【無色】樋口圆香/ストロボ.csv,34,3021014020330,雛菜,嗯～……幻想可真难啊～,樋口円香,【無色】樋口圆香,ストロボ
樋口円香/【無色】樋口圆香/ストロボ.csv,39,3021014020350,雛菜,雏菜想去～！,樋口円香,【無色】樋口圆香,ストロボ
樋口円香/【無色】樋口圆香/ストロボ.csv,40,0000000000000,雛菜,不过得等拍完再说呢～,樋口円香,【無色】樋口圆香,ストロボ
樋口円香/【無色】樋口圆香/ストロボ.csv,45,3021014020380,雛菜,"嘿～～～
雪萤是虫子吗～？",樋口円香,【無色】樋口圆香,ストロボ
樋口円香/【無色】樋口圆香/ストロボ.csv,50,3021014020430,雛菜,那个很有幻想感吗～？,樋口円香,【無色】樋口圆香,ストロボ
樋口円香/【無色】樋口圆香/ストロボ.csv,57,3021014020500,雛菜,"嗯～！
雏菜也去跟其他工作人员说一声～！",樋口円香,【無色】樋口圆香,ストロボ
樋口円香/【無色】樋口圆香/ストロボ.csv,71,3021014020610,雛菜,"呀哈～！
那就这样吧～",樋口円香,【無色】樋口圆香,ストロボ
樋口円香/【無色】樋口圆香/雨に彗.csv,14,3021014010090,雛菜,"是要拍视频～？
还是说照片～？",樋口円香,【無色】樋口圆香,雨に彗
樋口円香/【無色】樋口圆香/雨に彗.csv,16,3021014010110,雛菜,嘿～,樋口円香,【無色】樋口圆香,雨に彗
樋口円香/【無色】樋口圆香/雨に彗.csv,31,3021014010210,雛菜,"还有一大堆可爱的衣服～♡
嗳、透前辈，我们一起穿吧～",樋口円香,【無色】樋口圆香,雨に彗
樋口円香/【無色】樋口圆香/雨に彗.csv,33,3021014010230,雛菜,呀哈～！,樋口円香,【無色】樋口圆香,雨に彗
樋口円香/【無色】樋口圆香/雨に彗.csv,35,3021014010250,雛菜,"诶～
那圆香前辈和小糸呢～……",樋口円香,【無色】樋口圆香,雨に彗
樋口円香/【無色】樋口圆香/雨に彗.csv,38,3021014010280,雛菜,"诶～～～，雏菜就只是想跟透前辈拍个照而已～
……而且，“幻想般的雪”是什么嘛～？",樋口円香,【無色】樋口圆香,雨に彗
樋口円香/【無色】樋口圆香/雨に彗.csv,42,3021014010310,雛菜,"……啊～
那边在雪屋里面烤肉～",樋口円香,【無色】樋口圆香,雨に彗
樋口円香/【無色】樋口圆香/雨に彗.csv,43,3021014010320,雛菜,"真好啊～
看着好好玩～",樋口円香,【無色】樋口圆香,雨に彗
樋口円香/【無色】樋口圆香/雨に彗.csv,49,3021014010380,雛菜,"好像一加上“幻想的～”这三个字
什么都有了种亮晶晶的感觉～",樋口円香,【無色】樋口圆香,雨に彗
樋口円香/【無色】樋口圆香/雨に彗.csv,51,3021014010400,雛菜,"啊哈～！
好像稍微带点亮晶晶了～",樋口円香,【無色】樋口圆香,雨に彗
樋口円香/【遊魚】樋口円香/乾かす.csv,6,3021004020050,雛菜,啊哈～～～！,樋口円香,【遊魚】樋口円香,乾かす
樋口円香/【遊魚】樋口円香/乾かす.csv,7,3021004020060,雛菜,喂～～～！,樋口円香,【遊魚】樋口円香,乾かす
樋口円香/【遊魚】樋口円香/乾かす.csv,12,3021004020110,雛菜,雏菜，已经累了～,樋口円香,【遊魚】樋口円香,乾かす
樋口円香/【遊魚】樋口円香/乾かす.csv,17,3021004020150,雛菜,"果然吹风机，
没办法代替烘干机吗～？",樋口円香,【遊魚】樋口円香,乾かす
樋口円香/【遊魚】樋口円香/乾かす.csv,19,3021004020170,雛菜,"不过这个太旧了都没风吹出来
而且不投钱也用不了～……",樋口円香,【遊魚】樋口円香,乾かす
樋口円香/【遊魚】樋口円香/乾かす.csv,27,3021004020250,雛菜,"雏菜的就自然晾干～
那，雏菜回房间去了～?",樋口円香,【遊魚】樋口円香,乾かす
樋口円香/【遊魚】樋口円香/賭ける.csv,5,3021004030040,雛菜,"诶～！
雏菜明明说有一万元的～……",樋口円香,【遊魚】樋口円香,賭ける
樋口円香/【遊魚】樋口円香/賭ける.csv,7,3021004030060,雛菜,透学姐猜也是一千元～？,樋口円香,【遊魚】樋口円香,賭ける
樋口円香/【遊魚】樋口円香/賭ける.csv,10,3021004030090,雛菜,"就是啊～！
都因为透学姐说要买车～",樋口円香,【遊魚】樋口円香,賭ける
樋口円香/【遊魚】樋口円香/賭ける.csv,13,3021004030120,雛菜,啊～……,樋口円香,【遊魚】樋口円香,賭ける
樋口円香/【遊魚】樋口円香/賭ける.csv,14,3021004030130,雛菜,"那，赌输的人
就买个新的存钱罐给雏菜～！",樋口円香,【遊魚】樋口円香,賭ける
樋口円香/【遊魚】樋口円香/賭ける.csv,16,3021004030140,雛菜,诶～～～？,樋口円香,【遊魚】樋口円香,賭ける
樋口円香/【遊魚】樋口円香/賭ける.csv,21,3021004030190,雛菜,变多了～～～！,樋口円香,【遊魚】樋口円香,賭ける
樋口円香/【遊魚】樋口円香/賭ける.csv,30,3021004030280,雛菜,"啊哈～
透学姐～～～！",樋口円香,【遊魚】樋口円香,賭ける
樋口円香/【遊魚】樋口円香/賭ける.csv,36,3021004030340,雛菜,"那透学姐猜5000元～
然后小糸猜1610元吧～？",樋口円香,【遊魚】樋口円香,賭ける
樋口円香/【遊魚】樋口円香/賭ける.csv,37,3021004030350,雛菜,圆香学姐猜一万元？,樋口円香,【遊魚】樋口円香,賭ける
樋口円香/【遊魚】樋口円香/賭ける.csv,42,3021004030400,雛菜,"啊哈～
都说是一万元了～",樋口円香,【遊魚】樋口円香,賭ける
樋口円香/【遊魚】樋口円香/賭ける.csv,43,3021004030410,雛菜,"这样的话
就是小糸输掉吗～",樋口円香,【遊魚】樋口円香,賭ける
樋口円香/【遊魚】樋口円香/賭ける.csv,45,3021004030430,雛菜,那，要打破咯～？,樋口円香,【遊魚】樋口円香,賭ける
樋口円香/【遊魚】樋口円香/賭ける.csv,48,3021004030460,雛菜,"好～
Open～～～！",樋口円香,【遊魚】樋口円香,賭ける
樋口円香/【遊魚】樋口円香/賭ける.csv,50,3021004030480,雛菜,确认了哦～？,樋口円香,【遊魚】樋口円香,賭ける
樋口円香/【遊魚】樋口円香/賭ける.csv,51,3021004030490,雛菜,"零钱有，500的1个，
还有一点10元和100的……没多少呢～",樋口円香,【遊魚】樋口円香,賭ける
樋口円香/【遊魚】樋口円香/賭ける.csv,52,3021004030500,雛菜,纸钞呢～,樋口円香,【遊魚】樋口円香,賭ける
樋口円香/【遊魚】樋口円香/賭ける.csv,54,3021004030510,雛菜,"呀哈～～～！
是一万的～！",樋口円香,【遊魚】樋口円香,賭ける
樋口円香/【遊魚】樋口円香/賭ける.csv,55,3021004030520,雛菜,圆香学姐，正确答案～～～！,樋口円香,【遊魚】樋口円香,賭ける
樋口円香/【遊魚】樋口円香/賭ける.csv,59,3021004030560,雛菜,"所以啊
都说是一万了吧～？",樋口円香,【遊魚】樋口円香,賭ける
樋口円香/【遊魚】樋口円香/賭ける.csv,61,3021004030580,雛菜,"嗯～？ 没关系哦
反正，很开心呢？",樋口円香,【遊魚】樋口円香,賭ける
樋口円香/【遊魚】樋口円香/賭ける.csv,62,3021004030590,雛菜,"雏菜，想要一个又可爱
又能装一堆的存钱罐～",樋口円香,【遊魚】樋口円香,賭ける
樋口円香/【遊魚】樋口円香/賭ける.csv,71,3021004030671,透＆小糸＆雛菜,,樋口円香,【遊魚】樋口円香,賭ける
樋口円香/【閑話】樋口円香/水滴.csv,5,3021003010040,雛菜,嗯～？,樋口円香,【閑話】樋口円香,水滴
樋口円香/【閑話】樋口円香/水滴.csv,9,3021003010080,雛菜,"啊哈～
好像也是～？",樋口円香,【閑話】樋口円香,水滴
樋口円香/【閑話】樋口円香/水滴.csv,13,3021003010120,雛菜,"那
雏菜去买点东西～！",樋口円香,【閑話】樋口円香,水滴
樋口円香/【閑話】樋口円香/水滴.csv,31,3021003010290,雛菜,"快看这个～！
布丁派！",樋口円香,【閑話】樋口円香,水滴
樋口円香/【閑話】樋口円香/水滴.csv,32,3021003010300,雛菜,1楼的面包店卖的～！,樋口円香,【閑話】樋口円香,水滴
樋口円香/【閑話】樋口円香/水滴.csv,55,3021003010530,雛菜,"嗯～
吃完布丁派再说～？",樋口円香,【閑話】樋口円香,水滴
樋口円香/【閑話】樋口円香/水滴.csv,58,3021003010560,雛菜,这个冰淇淋什么味～？,樋口円香,【閑話】樋口円香,水滴
樋口円香/【閑話】樋口円香/水滴.csv,64,3021003010620,雛菜,——这是芝士蛋糕味～！,樋口円香,【閑話】樋口円香,水滴
樋口円香/【閑話】樋口円香/水滴.csv,66,3021003010640,雛菜,嗯～？,樋口円香,【閑話】樋口円香,水滴
樋口円香/【閑話】樋口円香/水滴.csv,71,3021003010690,雛菜,"啊～……
嗯～～～～～！",樋口円香,【閑話】樋口円香,水滴
樋口円香/【閑話】樋口円香/飴玉.csv,9,3021003020080,雛菜,"啊～……
被抓走了～",樋口円香,【閑話】樋口円香,飴玉
樋口円香/【閑話】樋口円香/飴玉.csv,12,3021003020110,雛菜,"雏菜，觉得
抱着心心的比较好～……",樋口円香,【閑話】樋口円香,飴玉
樋口円香/【閑話】樋口円香/飴玉.csv,15,3021003020140,雛菜,嗯～,樋口円香,【閑話】樋口円香,飴玉
樋口円香/【閑話】樋口円香/飴玉.csv,18,3021003020170,雛菜,嗯～？,樋口円香,【閑話】樋口円香,飴玉
樋口円香/【閑話】樋口円香/飴玉.csv,20,3021003020190,雛菜,"诶～！
圆香学姐，抓得到吗～？",樋口円香,【閑話】樋口円香,飴玉
樋口円香/【閑話】樋口円香/飴玉.csv,22,3021003020210,雛菜,啊～……,樋口円香,【閑話】樋口円香,飴玉
樋口円香/【閑話】樋口円香/飴玉.csv,23,3021003020220,雛菜,"圆香学姐，可以试试啊？
雏菜会看着的～",樋口円香,【閑話】樋口円香,飴玉
樋口円香/【閑話】樋口円香/飴玉.csv,25,3021003020240,雛菜,那抓到的话雏菜出钱～？,樋口円香,【閑話】樋口円香,飴玉
樋口円香/【閑話】樋口円香/飴玉.csv,30,3021003020290,雛菜,"这个，不是
抱着心心的～",樋口円香,【閑話】樋口円香,飴玉
樋口円香/【閑話】樋口円香/飴玉.csv,32,3021003020310,雛菜,"有差别～！
那个表情看起来想睡觉也比较可爱吧？",樋口円香,【閑話】樋口円香,飴玉
樋口円香/【閑話】樋口円香/飴玉.csv,35,3021003020340,雛菜,"嗯～！
抓得到吗～？",樋口円香,【閑話】樋口円香,飴玉
樋口円香/【閑話】樋口円香/飴玉.csv,37,3021003020360,雛菜,"啊哈～
圆香学姐，开心吗～？",樋口円香,【閑話】樋口円香,飴玉
樋口円香/【閑話】樋口円香/飴玉.csv,42,3021003020410,雛菜,"不用抓的
用勾的呢～？",樋口円香,【閑話】樋口円香,飴玉
樋口円香/【閑話】樋口円香/飴玉.csv,44,3021003020430,雛菜,借一下，雏菜来玩～！,樋口円香,【閑話】樋口円香,飴玉
樋口円香/【閑話】樋口円香/飴玉.csv,48,3021003020470,雛菜,啊～……,樋口円香,【閑話】樋口円香,飴玉
樋口円香/【閑話】樋口円香/飴玉.csv,50,3021003020490,雛菜,"那第二个按钮
让圆香学姐来按也可以哦～？",樋口円香,【閑話】樋口円香,飴玉
樋口円香/【閑話】樋口円香/飴玉.csv,52,3021003020510,雛菜,"嗯～，刚好吧～
……来，换圆香学姐～！",樋口円香,【閑話】樋口円香,飴玉
樋口円香/【閑話】樋口円香/飴玉.csv,55,3021003020540,雛菜,诶～,樋口円香,【閑話】樋口円香,飴玉
樋口円香/【閑話】樋口円香/飴玉.csv,57,3021003020560,雛菜,"嗯～
虽然是这样～",樋口円香,【閑話】樋口円香,飴玉
樋口円香/【閑話】樋口円香/飴玉.csv,58,3021003020570,雛菜,是不是1次抓不到啊～？,樋口円香,【閑話】樋口円香,飴玉
樋口円香/【閑話】樋口円香/飴玉.csv,61,3021003020591,円香＆雛菜,啊——,樋口円香,【閑話】樋口円香,飴玉
樋口円香/【閑話】樋口円香/飴玉.csv,66,3021003020640,雛菜,啊哈～，没关系～,樋口円香,【閑話】樋口円香,飴玉
樋口円香/【雨情】樋口円香/場面・傘.csv,2,3021007030010,雛菜,圆香学姐,樋口円香,【雨情】樋口円香,場面・傘
樋口円香/【雨情】樋口円香/場面・傘.csv,4,3021007030030,雛菜,"雨伞
要雏菜来拿吗～？",樋口円香,【雨情】樋口円香,場面・傘
樋口円香/【雨情】樋口円香/場面・傘.csv,6,3021007030050,雛菜,欸～？,樋口円香,【雨情】樋口円香,場面・傘
樋口円香/【雨情】樋口円香/場面・傘.csv,8,3021007030070,雛菜,"嗯～
是吗～？",樋口円香,【雨情】樋口円香,場面・傘
樋口円香/【雨情】樋口円香/場面・傘.csv,10,3021007030090,雛菜,"……但是
圆香学姐也没有撑好伞吧～？",樋口円香,【雨情】樋口円香,場面・傘
樋口円香/【雨情】樋口円香/場面・傘.csv,12,3021007030110,雛菜,"雨伞，
撞到雏菜的头了～",樋口円香,【雨情】樋口円香,場面・傘
樋口円香/【雨情】樋口円香/場面・傘.csv,14,3021007030130,雛菜,欸～……,樋口円香,【雨情】樋口円香,場面・傘
樋口円香/【雨情】樋口円香/場面・傘.csv,17,3021007030160,雛菜,"嗯～
这附近有便利店吗～？",樋口円香,【雨情】樋口円香,場面・傘
樋口円香/【雨情】樋口円香/場面・傘.csv,19,3021007030180,雛菜,嗯～,樋口円香,【雨情】樋口円香,場面・傘
樋口円香/【雨情】樋口円香/場面・傘.csv,20,3021007030190,雛菜,那雨停之前，要躲一下吗～？,樋口円香,【雨情】樋口円香,場面・傘
樋口円香/【雨情】樋口円香/場面・傘.csv,22,3021007030210,雛菜,去那栋楼下面怎么样～？,樋口円香,【雨情】樋口円香,場面・傘
樋口円香/【雨情】樋口円香/場面・傘.csv,25,3021007030240,雛菜,欸～！？,樋口円香,【雨情】樋口円香,場面・傘
樋口円香/【雨情】樋口円香/場面・傘.csv,26,3021007030250,雛菜,要躲雨的人，是圆香学姐吧～？,樋口円香,【雨情】樋口円香,場面・傘
樋口円香/【雨情】樋口円香/場面・傘.csv,28,3021007030270,雛菜,哇，什么～～～！？,樋口円香,【雨情】樋口円香,場面・傘
樋口円香/【雨情】樋口円香/場面・傘.csv,30,3021007030290,雛菜,雏菜的伞～！,樋口円香,【雨情】樋口円香,場面・傘
樋口円香/【雨情】樋口円香/場面・傘.csv,32,3021007030310,雛菜,"啊～……
湿透了～……",樋口円香,【雨情】樋口円香,場面・傘
樋口円香/【雨情】樋口円香/場面・傘.csv,36,3021007030350,雛菜,"啊……
往左边～",樋口円香,【雨情】樋口円香,場面・傘
樋口円香/【雨情】樋口円香/場面・傘.csv,38,3021007030370,雛菜,"不是
记得那边有杂货店～",樋口円香,【雨情】樋口円香,場面・傘
樋口円香/【雨情】樋口円香/場面・傘.csv,40,3021007030390,雛菜,刚刚才想起来～,樋口円香,【雨情】樋口円香,場面・傘
樋口円香/【雨情】樋口円香/場面・傘.csv,41,3021007030400,雛菜,"……雏菜，
今天没带钱包哦～？",樋口円香,【雨情】樋口円香,場面・傘
樋口円香/【雨情】樋口円香/場面・傘.csv,44,3021007030430,雛菜,"利息～～～？
圆香学姐，缺德贷款人～……",樋口円香,【雨情】樋口円香,場面・傘
樋口円香/【雨情】樋口円香/場面・傘.csv,46,3021007030450,雛菜,什么嘛～,樋口円香,【雨情】樋口円香,場面・傘
樋口円香/【雨情】樋口円香/場面・傘.csv,48,3021007030470,雛菜,"欸～？
是这样吗～……？",樋口円香,【雨情】樋口円香,場面・傘
樋口円香/【雨情】樋口円香/場面・傘.csv,49,3021007030480,雛菜,"嗯～，但是
这件事",樋口円香,【雨情】樋口円香,場面・傘
樋口円香/【雨情】樋口円香/場面・傘.csv,50,3021007030490,雛菜,"最后，真的不再交换日记的人
不是圆香学姐吗～？",樋口円香,【雨情】樋口円香,場面・傘
樋口円香/【雨情】樋口円香/場面・傘.csv,51,3021007030500,雛菜,"“反正总有一天会结束，
不管在哪天结束都没什么吧～”，你这么说",樋口円香,【雨情】樋口円香,場面・傘
樋口円香/【雨情】樋口円香/場面・傘.csv,53,3021007030520,雛菜,"啊哈～
对啊～",樋口円香,【雨情】樋口円香,場面・傘
樋口円香/【雨情】樋口円香/場面・傘.csv,54,3021007030530,雛菜,"因为最近圆香学姐
也有说过交换日记的事——",樋口円香,【雨情】樋口円香,場面・傘
樋口円香/【雨情】樋口円香/場面・傘.csv,55,3021007030540,雛菜,"啊～～～！
看，是杂货店！",樋口円香,【雨情】樋口円香,場面・傘
樋口円香/【雨情】樋口円香/場面・傘.csv,57,3021007030560,雛菜,雨伞，雨伞～,樋口円香,【雨情】樋口円香,場面・傘
樋口円香/【雨情】樋口円香/場面・鳴.csv,10,3021007020090,雛菜,弄完了～？,樋口円香,【雨情】樋口円香,場面・鳴
樋口円香/【雨情】樋口円香/場面・鳴.csv,12,3021007020110,雛菜,"那现在做什么好～？
很闲不是吗～？",樋口円香,【雨情】樋口円香,場面・鳴
樋口円香/【雨情】樋口円香/場面・鳴.csv,14,3021007020130,雛菜,"欸～？
明明下着这么大的雨～",樋口円香,【雨情】樋口円香,場面・鳴
樋口円香/【雨情】樋口円香/場面・鳴.csv,18,3021007020170,雛菜,那，在那之前我们做些什么好～？,樋口円香,【雨情】樋口円香,場面・鳴
樋口円香/【雨情】樋口円香/場面・鳴.csv,20,3021007020190,雛菜,啊～那样挺好的～,樋口円香,【雨情】樋口円香,場面・鳴
樋口円香/【雨情】樋口円香/場面・鳴.csv,27,3021007020260,雛菜,欸～～～！？,樋口円香,【雨情】樋口円香,場面・鳴
樋口円香/【雨情】樋口円香/場面・鳴.csv,34,3021007020330,雛菜,所以说我们做点什么好～？,樋口円香,【雨情】樋口円香,場面・鳴
樋口円香/【雨情】樋口円香/場面・鳴.csv,36,3021007020350,雛菜,嗯～～～……,樋口円香,【雨情】樋口円香,場面・鳴
樋口円香/【雨情】樋口円香/場面・鳴.csv,38,3021007020361,透＆円香＆雛菜,吃,樋口円香,【雨情】樋口円香,場面・鳴
樋口円香/【雨情】樋口円香/場面・鳴.csv,40,3021007020380,雛菜,呀哈～！,樋口円香,【雨情】樋口円香,場面・鳴
樋口円香/【雨情】樋口円香/場面・鳴.csv,48,3021007020460,雛菜,就是有那么难的曲子吧～？,樋口円香,【雨情】樋口円香,場面・鳴
樋口円香/【雨情】樋口円香/場面・鳴.csv,50,3021007020480,雛菜,"啊哈～
不知道～",樋口円香,【雨情】樋口円香,場面・鳴
樋口円香/【雨情】樋口円香/場面・鳴.csv,56,3021007020540,雛菜,"雏菜就算了～
小糸，点心呢～？",樋口円香,【雨情】樋口円香,場面・鳴
樋口円香/【雨情】樋口円香/場面・鳴.csv,60,3021007020571,透＆円香＆雛菜,,樋口円香,【雨情】樋口円香,場面・鳴
樋口円香/【雨情】樋口円香/場面・鳴.csv,63,3021007020600,雛菜,嗯～？,樋口円香,【雨情】樋口円香,場面・鳴
樋口円香/【露光】樋口円香/chira chira.csv,3,3021017010011,円香＆小糸＆雛菜,辛苦了,樋口円香,【露光】樋口円香,chira chira
樋口円香/【露光】樋口円香/chira chira.csv,14,3021017010120,雛菜,雏菜要蓝莓大福～,樋口円香,【露光】樋口円香,chira chira
樋口円香/【露光】樋口円香/chira chira.csv,16,3021017010140,雛菜,诶～～～～～,樋口円香,【露光】樋口円香,chira chira
樋口円香/【露光】樋口円香/chira chira.csv,18,3021017010160,雛菜,"呀哈～♡
真的耶～",樋口円香,【露光】樋口円香,chira chira
樋口円香/【露光】樋口円香/chira chira.csv,19,3021017010170,雛菜,透前辈，那是什么～？,樋口円香,【露光】樋口円香,chira chira
樋口円香/【露光】樋口円香/chira chira.csv,28,3021017010260,雛菜,"今天演唱会的粉丝感想
说是整理好了～",樋口円香,【露光】樋口円香,chira chira
樋口円香/【露光】樋口円香/chira chira.csv,34,3021017010270,雛菜,呀哈～♡,樋口円香,【露光】樋口円香,chira chira
樋口円香/【露光】樋口円香/chira chira.csv,36,3021017010290,雛菜,看到有好～多幸福的表情～,樋口円香,【露光】樋口円香,chira chira
樋口円香/【露光】樋口円香/sun sun.csv,3,3021017020020,雛菜,"诶～～～
但肉类美食节都已经开始了～",樋口円香,【露光】樋口円香,sun sun
樋口円香/【露光】樋口円香/sun sun.csv,5,3021017020040,雛菜,……怎么办好呢～,樋口円香,【露光】樋口円香,sun sun
樋口円香/【露光】樋口円香/sun sun.csv,6,3021017020050,雛菜,"再不快点去的话
雏菜想吃的东西可能要卖光了～",樋口円香,【露光】樋口円香,sun sun
樋口円香/【露光】樋口円香/sun sun.csv,8,3021017020070,雛菜,嗯～……,樋口円香,【露光】樋口円香,sun sun
樋口円香/【露光】樋口円香/sun sun.csv,10,3021017020090,雛菜,"要是不会花太长时间的话
去便利店？",樋口円香,【露光】樋口円香,sun sun
樋口円香/【露光】樋口円香/sun sun.csv,13,3021017020120,雛菜,但外面很热喔～,樋口円香,【露光】樋口円香,sun sun
樋口円香/【露光】樋口円香/sun sun.csv,16,3021017020150,雛菜,"小糸她说
现在还要录一段采访～",樋口円香,【露光】樋口円香,sun sun
樋口円香/【露光】樋口円香/sun sun.csv,17,3021017020160,雛菜,"早知道这样就待在录音室里了
那里还更凉快些～",樋口円香,【露光】樋口円香,sun sun
樋口円香/【露光】樋口円香/sun sun.csv,19,3021017020180,雛菜,透前辈，你要去哪～？,樋口円香,【露光】樋口円香,sun sun
樋口円香/【露光】樋口円香/sun sun.csv,22,3021017020210,雛菜,不能去屋顶啊～,樋口円香,【露光】樋口円香,sun sun
樋口円香/【露光】樋口円香/sun sun.csv,33,3021017020320,雛菜,雏菜听不懂在说什么～,樋口円香,【露光】樋口円香,sun sun
樋口円香/【露光】樋口円香/sun sun.csv,41,3021017020400,雛菜,"啊哈～
雏菜也感觉有～！",樋口円香,【露光】樋口円香,sun sun
樋口円香/【露光】樋口円香/sun sun.csv,45,3021017020440,雛菜,会吗～,樋口円香,【露光】樋口円香,sun sun
樋口円香/【露光】樋口円香/sun sun.csv,46,3021017020450,雛菜,"温暖的光线洋溢而来
反倒会觉得很～幸福吧～？",樋口円香,【露光】樋口円香,sun sun
樋口円香/【露光】樋口円香/sun sun.csv,48,3021017020470,雛菜,呀哈～♡,樋口円香,【露光】樋口円香,sun sun
樋口円香/【露光】樋口円香/sun sun.csv,49,3021017020480,雛菜,"啊、小糸发来的
说是拍摄结束了～",樋口円香,【露光】樋口円香,sun sun
樋口円香/【２８３プロのヒナ】樋口円香/produce_events_302100202.csv,3,3021002020020,雛菜,嗯～～～？,樋口円香,【２８３プロのヒナ】樋口円香,produce_events_302100202
樋口円香/【２８３プロのヒナ】樋口円香/produce_events_302100202.csv,5,3021002020040,雛菜,点了哦～～～？,樋口円香,【２８３プロのヒナ】樋口円香,produce_events_302100202
樋口円香/【２８３プロのヒナ】樋口円香/produce_events_302100202.csv,8,3021002020070,雛菜,"诶～？
可是谁也没点歌啊～？",樋口円香,【２８３プロのヒナ】樋口円香,produce_events_302100202
樋口円香/【２８３プロのヒナ】樋口円香/produce_events_302100202.csv,12,3021002020110,雛菜,"啊，那就～～～！
透学姐，和雏菜一起唱吧～？",樋口円香,【２８３プロのヒナ】樋口円香,produce_events_302100202
樋口円香/【２８３プロのヒナ】樋口円香/produce_events_302100202.csv,14,3021002020130,雛菜,呀哈～～～♡,樋口円香,【２８３プロのヒナ】樋口円香,produce_events_302100202
樋口円香/【２８３プロのヒナ】樋口円香/produce_events_302100202.csv,20,3021002020190,雛菜,"来了～，雏菜～～～！
帮我拿麦克风～！",樋口円香,【２８３プロのヒナ】樋口円香,produce_events_302100202
樋口円香/【２８３プロのヒナ】樋口円香/produce_events_302100202.csv,22,3021002020210,雛菜,"怎么会呢～……
啊哈，我要和透学姐一起唱～♡",樋口円香,【２８３プロのヒナ】樋口円香,produce_events_302100202
樋口円香/【２８３プロのヒナ】樋口円香/produce_events_302100202.csv,25,3021002020240,雛菜,"诶～！
那下一首再来～～～",樋口円香,【２８３プロのヒナ】樋口円香,produce_events_302100202
樋口円香/【２８３プロのヒナ】樋口円香/produce_events_302100202.csv,29,3021002020280,雛菜,"嗯～，
可是卡拉OK里没有啊～？",樋口円香,【２８３プロのヒナ】樋口円香,produce_events_302100202
樋口円香/【２８３プロのヒナ】樋口円香/produce_events_302100202.csv,42,3021002020410,雛菜,"那雏菜也要～
拿铁～，拿铁～～～♪",樋口円香,【２８３プロのヒナ】樋口円香,produce_events_302100202
樋口円香/【２８３プロのヒナ】樋口円香/produce_events_302100202.csv,48,3021002020470,雛菜,Noctchill的曲子，什么时候能加到卡拉OK里呢～？,樋口円香,【２８３プロのヒナ】樋口円香,produce_events_302100202
樋口円香/【２８３プロのヒナ】樋口円香/produce_events_302100202.csv,50,3021002020490,雛菜,"诶～～～
不会吗～～～？",樋口円香,【２８３プロのヒナ】樋口円香,produce_events_302100202
樋口円香/ファン感謝祭編/4ピーエム・スナック.csv,2,5006002010010,雛菜,"——好～
开动了～！",樋口円香,ファン感謝祭編,4ピーエム・スナック
樋口円香/ファン感謝祭編/4ピーエム・スナック.csv,3,5006002010020,雛菜,……嗯～♡,樋口円香,ファン感謝祭編,4ピーエム・スナック
樋口円香/ファン感謝祭編/4ピーエム・スナック.csv,5,5006002010040,雛菜,"嗯～
大家的份，都在冰箱里哦～？",樋口円香,ファン感謝祭編,4ピーエム・スナック
樋口円香/ファン感謝祭編/4ピーエム・スナック.csv,13,5006002010120,雛菜,"嗯～？
小糸拿的是什么～？",樋口円香,ファン感謝祭編,4ピーエム・スナック
樋口円香/ファン感謝祭編/4ピーエム・スナック.csv,14,5006002010130,雛菜,……信？,樋口円香,ファン感謝祭編,4ピーエム・スナック
樋口円香/ファン感謝祭編/4ピーエム・スナック.csv,17,5006002010160,雛菜,"啊～
是吗～？",樋口円香,ファン感謝祭編,4ピーエム・スナック
樋口円香/ファン感謝祭編/4ピーエム・スナック.csv,22,5006002010210,雛菜,"对了，今天雏菜们
为什么会被叫来～？",樋口円香,ファン感謝祭編,4ピーエム・スナック
樋口円香/ファン感謝祭編/4ピーエム・スナック.csv,27,5006002010260,雛菜,"啊哈～
好像很有意思～！",樋口円香,ファン感謝祭編,4ピーエム・スナック
樋口円香/ファン感謝祭編/4ピーエム・スナック.csv,34,5006002010330,雛菜,"诶～
是吗～？",樋口円香,ファン感謝祭編,4ピーエム・スナック
樋口円香/ファン感謝祭編/4ピーエム・スナック.csv,39,5006002010380,雛菜,"难道
练习时间会变多吗～？",樋口円香,ファン感謝祭編,4ピーエム・スナック
樋口円香/ファン感謝祭編/4ピーエム・スナック.csv,43,5006002010420,雛菜,制作人迟到了～！,樋口円香,ファン感謝祭編,4ピーエム・スナック
樋口円香/ファン感謝祭編/4ピーエム・スナック.csv,49,5006002010470,雛菜,和雏菜的第一节课一样～！,樋口円香,ファン感謝祭編,4ピーエム・スナック
樋口円香/ファン感謝祭編/ライク・ザ・シー.csv,2,5006002090010,雛菜,"——透学姐，手指伸出来～
该涂了～",樋口円香,ファン感謝祭編,ライク・ザ・シー
樋口円香/ファン感謝祭編/ライク・ザ・シー.csv,4,5006002090030,雛菜,"嗯～
就在想“感谢祭”结束了啊～这样",樋口円香,ファン感謝祭編,ライク・ザ・シー
樋口円香/ファン感謝祭編/ライク・ザ・シー.csv,5,5006002090040,雛菜,明明很开心的～,樋口円香,ファン感謝祭編,ライク・ザ・シー
樋口円香/ファン感謝祭編/ライク・ザ・シー.csv,7,5006002090060,雛菜,"嗯～！
大家都很开心呢～？",樋口円香,ファン感謝祭編,ライク・ザ・シー
樋口円香/ファン感謝祭編/ライク・ザ・シー.csv,17,5006002090160,雛菜,"啊～
不可以乱动～",樋口円香,ファン感謝祭編,ライク・ザ・シー
樋口円香/ファン感謝祭編/ライク・ザ・シー.csv,23,5006002090220,雛菜,"透学姐
有很多粉丝哦～",樋口円香,ファン感謝祭編,ライク・ザ・シー
樋口円香/ファン感謝祭編/ライク・ザ・シー.csv,26,5006002090250,雛菜,嗯～？,樋口円香,ファン感謝祭編,ライク・ザ・シー
樋口円香/ファン感謝祭編/希望.csv,7,5006002030060,雛菜,"奇怪～
小糸还穿着运动服啊～",樋口円香,ファン感謝祭編,希望
樋口円香/ファン感謝祭編/希望.csv,11,5006002030100,雛菜,"是这样啊～？ 小糸
今天课上教的东西，明明已经学会了",樋口円香,ファン感謝祭編,希望
樋口円香/ファン感謝祭編/希望.csv,14,5006002030130,雛菜,"嗯～
不过今天透学姐她们因为补课也没来练习",樋口円香,ファン感謝祭編,希望
樋口円香/ファン感謝祭編/希望.csv,15,5006002030140,雛菜,"雏菜和小糸的进度
就有点超前了吧～",樋口円香,ファン感謝祭編,希望
樋口円香/ファン感謝祭編/希望.csv,17,5006002030160,雛菜,"可是大家都还没来～
补课还没结束吗～",樋口円香,ファン感謝祭編,希望
樋口円香/ファン感謝祭編/希望.csv,18,5006002030170,雛菜,制作人也不来～……,樋口円香,ファン感謝祭編,希望
樋口円香/ファン感謝祭編/希望.csv,21,5006002030200,雛菜,啊，对了～,樋口円香,ファン感謝祭編,希望
樋口円香/ファン感謝祭編/希望.csv,22,5006002030210,雛菜,"来，这个
便利店买的礼物给小糸～",樋口円香,ファン感謝祭編,希望
樋口円香/ファン感謝祭編/希望.csv,24,5006002030230,雛菜,"嗯～
因为口渴，所以雏菜也买了一样的！",樋口円香,ファン感謝祭編,希望
樋口円香/ファン感謝祭編/希望.csv,27,5006002030260,雛菜,"小糸
想在“感谢祭”干什么～？",樋口円香,ファン感謝祭編,希望
樋口円香/ファン感謝祭編/希望.csv,29,5006002030280,雛菜,今天就是在聊这个吧？,樋口円香,ファン感謝祭編,希望
樋口円香/ファン感謝祭編/希望.csv,30,5006002030290,雛菜,"雏菜觉得，有很多气球的布景很好～
还想穿新衣服呢～，可爱的那种！",樋口円香,ファン感謝祭編,希望
樋口円香/ファン感謝祭編/希望.csv,31,5006002030300,雛菜,"然后想试试在天上飞的那种～，
还有会喷火的！ 烟花也不错呢～",樋口円香,ファン感謝祭編,希望
樋口円香/ファン感謝祭編/希望.csv,33,5006002030320,雛菜,"做不到吗～？
那不然，天花板上掉糖果呢！",樋口円香,ファン感謝祭編,希望
樋口円香/ファン感謝祭編/希望.csv,34,5006002030330,雛菜,又可爱，还很好吃哦～？,樋口円香,ファン感謝祭編,希望
樋口円香/ファン感謝祭編/希望.csv,36,5006002030350,雛菜,"啊哈～
小糸什么都说不行～！",樋口円香,ファン感謝祭編,希望
樋口円香/ファン感謝祭編/希望.csv,40,5006002030390,雛菜,嘿～？,樋口円香,ファン感謝祭編,希望
樋口円香/ファン感謝祭編/希望.csv,44,5006002030430,雛菜,"呀哈～
拍到了好照片～",樋口円香,ファン感謝祭編,希望
樋口円香/ファン感謝祭編/希望.csv,46,5006002030450,雛菜,发上Twister好了～,樋口円香,ファン感謝祭編,希望
樋口円香/ファン感謝祭編/希望.csv,48,5006002030470,雛菜,……啊哈～,樋口円香,ファン感謝祭編,希望
樋口円香/ファン感謝祭編/希望.csv,49,5006002030480,雛菜,"雏菜像这样拍照
发上Twister～",樋口円香,ファン感謝祭編,希望
樋口円香/ファン感謝祭編/希望.csv,50,5006002030490,雛菜,"唱唱歌，跳跳舞
然后让大家看到雏菜开心幸福的样子",樋口円香,ファン感謝祭編,希望
樋口円香/ファン感謝祭編/希望.csv,51,5006002030500,雛菜,"这样大家就能幸福～的话
这样就好了吧",樋口円香,ファン感謝祭編,希望
樋口円香/ファン感謝祭編/希望.csv,52,5006002030510,雛菜,……雏菜是这么想的哦～,樋口円香,ファン感謝祭編,希望
樋口円香/ファン感謝祭編/希望.csv,54,5006002030530,雛菜,"所以，小糸呢～？
想做什么～？",樋口円香,ファン感謝祭編,希望
樋口円香/ファン感謝祭編/感謝祭本番前（ユニット）.csv,7,5006002060030,雛菜,"啊～
是有这个习惯～！",樋口円香,ファン感謝祭編,感謝祭本番前（ユニット）
樋口円香/ファン感謝祭編/感謝祭本番後（MVP）.csv,2,5006002080010,雛菜,"呀哈～
雏菜们是MVP～～～！",樋口円香,ファン感謝祭編,感謝祭本番後（MVP）
樋口円香/ファン感謝祭編/感謝祭本番後（MVP）.csv,16,5006002080130,雛菜,"啊哈～
雏菜今天也超开心的～！",樋口円香,ファン感謝祭編,感謝祭本番後（MVP）
樋口円香/ファン感謝祭編/感謝祭本番後（MVP）.csv,17,5006002080140,雛菜,"甚至
想要从第一首歌再来唱一次！",樋口円香,ファン感謝祭編,感謝祭本番後（MVP）
樋口円香/ファン感謝祭編/感謝祭本番後（通常）.csv,2,5006002070010,雛菜,"啊～
结束了～",樋口円香,ファン感謝祭編,感謝祭本番後（通常）
樋口円香/ファン感謝祭編/未完.csv,5,5006002050040,雛菜,……呼～……,樋口円香,ファン感謝祭編,未完
樋口円香/ファン感謝祭編/未完.csv,16,5006002050080,雛菜,"教练
为什么要笑啊～？",樋口円香,ファン感謝祭編,未完
樋口円香/ファン感謝祭編/未完.csv,26,5006002050110,雛菜,"诶～
好厉害～～～！",樋口円香,ファン感謝祭編,未完
樋口円香/ファン感謝祭編/未完.csv,27,5006002050120,雛菜,"雏菜就是觉得这样的好！
为什么会被知道～？",樋口円香,ファン感謝祭編,未完
樋口円香/ファン感謝祭編/未完.csv,30,5006002050150,雛菜,嘿～？,樋口円香,ファン感謝祭編,未完
樋口円香/ファン感謝祭編/未完.csv,32,5006002050170,雛菜,"啊～! 原来，
忘在透学姐家里了～",樋口円香,ファン感謝祭編,未完
樋口円香/ファン感謝祭編/未完.csv,35,5006002050200,雛菜,"啊哈～
没关系～",樋口円香,ファン感謝祭編,未完
樋口円香/ファン感謝祭編/未完.csv,36,5006002050210,雛菜,"雏菜很高兴
能够实现自己的想法～",樋口円香,ファン感謝祭編,未完
樋口円香/ファン感謝祭編/未完.csv,41,5006002050250,雛菜,"其实雏菜画的
更草稿呢～",樋口円香,ファン感謝祭編,未完
樋口円香/ファン感謝祭編/未完.csv,46,5006002050270,雛菜,啊哈～，果然～,樋口円香,ファン感謝祭編,未完
樋口円香/ファン感謝祭編/未完.csv,65,5006002050390,雛菜,"诶～，
那怎么不早说啊～",樋口円香,ファン感謝祭編,未完
樋口円香/ファン感謝祭編/未完.csv,73,5006002050460,雛菜,"对了，小糸
信已经写好了吗？",樋口円香,ファン感謝祭編,未完
樋口円香/ファン感謝祭編/未完.csv,75,5006002050480,雛菜,那来念念看～！,樋口円香,ファン感謝祭編,未完
樋口円香/ファン感謝祭編/未完.csv,86,5006002050550,雛菜,"嘿～？
雏菜一直很期待“感谢祭”哦～？",樋口円香,ファン感謝祭編,未完
樋口円香/ファン感謝祭編/未達.csv,6,5006002020020,雛菜,……嘿～，不妙～！,樋口円香,ファン感謝祭編,未達
樋口円香/ファン感謝祭編/未達.csv,21,5006002020080,雛菜,"啊哈～
难道来慰问～？",樋口円香,ファン感謝祭編,未達
樋口円香/ファン感謝祭編/未達.csv,27,5006002020100,雛菜,"嘿～
啊，这个可爱～！",樋口円香,ファン感謝祭編,未達
樋口円香/ファン感謝祭編/未達.csv,32,5006002020130,雛菜,是吗～,樋口円香,ファン感謝祭編,未達
樋口円香/ファン感謝祭編/未達.csv,34,5006002020150,雛菜,"这个布景也很可爱～
然后还想穿点新衣服呢～？",樋口円香,ファン感謝祭編,未達
樋口円香/ファン感謝祭編/未達.csv,37,5006002020180,雛菜,"那个就～
现在开始要练习吧～？",樋口円香,ファン感謝祭編,未達
樋口円香/ファン感謝祭編/未達.csv,39,5006002020200,雛菜,嘿～？,樋口円香,ファン感謝祭編,未達
樋口円香/ファン感謝祭編/未達.csv,48,5006002020290,雛菜,"那雏菜
就去换衣服了～",樋口円香,ファン感謝祭編,未達
樋口円香/ファン感謝祭編/未達.csv,51,5006002020320,雛菜,"嗯～！
辛苦啦～",樋口円香,ファン感謝祭編,未達
樋口円香/ファン感謝祭編/未達.csv,53,5006002020340,雛菜,拜拜～,樋口円香,ファン感謝祭編,未達
樋口円香/ファン感謝祭編/未達.csv,71,5006002020490,雛菜,"嗯～……
那个～",樋口円香,ファン感謝祭編,未達
樋口円香/ファン感謝祭編/未達.csv,72,5006002020500,雛菜,……啊哈～,樋口円香,ファン感謝祭編,未達
樋口円香/ファン感謝祭編/願望.csv,40,5006002040390,雛菜,——打扰了～！,樋口円香,ファン感謝祭編,願望
樋口円香/ファン感謝祭編/願望.csv,41,5006002040400,雛菜,"奇怪～
两个人现在要回去吗～？",樋口円香,ファン感謝祭編,願望
樋口円香/ファン感謝祭編/願望.csv,44,5006002040430,雛菜,"嗯～
今天要回去～！",樋口円香,ファン感謝祭編,願望
樋口円香/ファン感謝祭編/願望.csv,47,5006002040460,雛菜,拜拜～！,樋口円香,ファン感謝祭編,願望
浅倉透/S.T.E.P.篇/そうなのかも.csv,2,1020005050010,雛菜,透前辈～、去便利店吧～！,浅倉透,S.T.E.P.篇,そうなのかも
浅倉透/S.T.E.P.篇/そうなのかも.csv,4,1020005050030,雛菜,"诶～？
什么事～？",浅倉透,S.T.E.P.篇,そうなのかも
浅倉透/S.T.E.P.篇/そうなのかも.csv,7,1020005050060,雛菜,透前辈，说是今天有事～,浅倉透,S.T.E.P.篇,そうなのかも
浅倉透/S.T.E.P.篇/知ってる？.csv,24,1020005020100,雛菜,“在车站前的咖啡馆哦～！”,浅倉透,S.T.E.P.篇,知ってる？
浅倉透/【faaaar】浅倉透/so easy.csv,30,3020007010250,雛菜,嗯～……,浅倉透,【faaaar】浅倉透,so easy
浅倉透/【faaaar】浅倉透/so easy.csv,32,3020007010260,雛菜,诶～？,浅倉透,【faaaar】浅倉透,so easy
浅倉透/【faaaar】浅倉透/so easy.csv,34,3020007010270,雛菜,啊～……,浅倉透,【faaaar】浅倉透,so easy
浅倉透/【faaaar】浅倉透/so easy.csv,35,3020007010280,雛菜,不用了，没关系～,浅倉透,【faaaar】浅倉透,so easy
浅倉透/【faaaar】浅倉透/so easy.csv,66,3020007010560,雛菜,“help”,浅倉透,【faaaar】浅倉透,so easy
浅倉透/【faaaar】浅倉透/so easy.csv,67,3020007010570,雛菜,“什么意思～？”,浅倉透,【faaaar】浅倉透,so easy
浅倉透/【faaaar】浅倉透/so smooth.csv,2,3020007020010,雛菜,"透学姐～
脖子借一下～！",浅倉透,【faaaar】浅倉透,so smooth
浅倉透/【faaaar】浅倉透/so smooth.csv,5,3020007020040,雛菜,"嗯～
可是透学姐的脖子很温暖哦～？",浅倉透,【faaaar】浅倉透,so smooth
浅倉透/【faaaar】浅倉透/so smooth.csv,10,3020007020090,雛菜,诶～？,浅倉透,【faaaar】浅倉透,so smooth
浅倉透/【faaaar】浅倉透/so smooth.csv,14,3020007020130,雛菜,嗯～……,浅倉透,【faaaar】浅倉透,so smooth
浅倉透/【faaaar】浅倉透/so smooth.csv,15,3020007020140,雛菜,鲷鱼烧～！,浅倉透,【faaaar】浅倉透,so smooth
浅倉透/【faaaar】浅倉透/so smooth.csv,21,3020007020200,雛菜,“天然”是什么意思～？,浅倉透,【faaaar】浅倉透,so smooth
浅倉透/【faaaar】浅倉透/so smooth.csv,29,3020007020280,雛菜,那雏菜的也可能是养殖的～,浅倉透,【faaaar】浅倉透,so smooth
浅倉透/【faaaar】浅倉透/so smooth.csv,42,3020007020410,雛菜,"啊～
是肚子饿了吗～",浅倉透,【faaaar】浅倉透,so smooth
浅倉透/【faaaar】浅倉透/so smooth.csv,47,3020007020460,雛菜,饲主呢～？,浅倉透,【faaaar】浅倉透,so smooth
浅倉透/【faaaar】浅倉透/so smooth.csv,53,3020007020520,雛菜,"啊哈～
快扑上来了～",浅倉透,【faaaar】浅倉透,so smooth
浅倉透/【faaaar】浅倉透/so smooth.csv,62,3020007020590,雛菜,拜拜～,浅倉透,【faaaar】浅倉透,so smooth
浅倉透/【faaaar】浅倉透/so smooth.csv,73,3020007020700,雛菜,可它叫鳗鱼啊～？,浅倉透,【faaaar】浅倉透,so smooth
浅倉透/【faaaar】浅倉透/so smooth.csv,77,3020007020740,雛菜,"啊哈～
眼神很有劲～！",浅倉透,【faaaar】浅倉透,so smooth
浅倉透/【floooat】浅倉透/浮いてる？.csv,8,3020013030010,雛菜,透前辈～，雏菜继续这样靠着可以吗～？,浅倉透,【floooat】浅倉透,浮いてる？
浅倉透/【floooat】浅倉透/浮いてる？.csv,10,3020013030030,雛菜,"啊哈～♡
今天的拍摄真好玩呢～～～！",浅倉透,【floooat】浅倉透,浮いてる？
浅倉透/【floooat】浅倉透/浮いてる？.csv,16,3020013030090,雛菜,"圆香前辈很热吗～？
可以的啊～、回车里",浅倉透,【floooat】浅倉透,浮いてる？
浅倉透/【floooat】浅倉透/浮いてる？.csv,18,3020013030110,雛菜,"嗳～、透前辈～！
来词语接龙吧～？",浅倉透,【floooat】浅倉透,浮いてる？
浅倉透/【floooat】浅倉透/浮いてる？.csv,20,3020013030130,雛菜,"那～、大家一起来猜拳～
从输了的开始～？",浅倉透,【floooat】浅倉透,浮いてる？
浅倉透/【floooat】浅倉透/浮いてる？.csv,25,3020013030170,雛菜,那就～，从圆香前辈开始咯～！,浅倉透,【floooat】浅倉透,浮いてる？
浅倉透/【floooat】浅倉透/浮いてる？.csv,27,3020013030190,雛菜,"花～？
“na”……油菜花～！",浅倉透,【floooat】浅倉透,浮いてる？
浅倉透/【floooat】浅倉透/浮いてる？.csv,52,3020013030430,雛菜,"透前辈～？
突然就笑起来了、怎么了吗～？",浅倉透,【floooat】浅倉透,浮いてる？
浅倉透/【floooat】浅倉透/浮いてる？.csv,54,3020013030450,雛菜,"诶～？
透前辈，刚睡着了吗～～～？",浅倉透,【floooat】浅倉透,浮いてる？
浅倉透/【floooat】浅倉透/溶けてる.csv,14,3020013010050,雛菜,"啊～！
透前辈，还在弄那个～！",浅倉透,【floooat】浅倉透,溶けてる
浅倉透/【floooat】浅倉透/溶けてる.csv,15,3020013010060,雛菜,成功了吗～？ 灵魂出体,浅倉透,【floooat】浅倉透,溶けてる
浅倉透/【floooat】浅倉透/溶けてる.csv,19,3020013010100,雛菜,啊哈～、熟睡中～！,浅倉透,【floooat】浅倉透,溶けてる
浅倉透/【floooat】浅倉透/溶けてる.csv,23,3020013010140,雛菜,嗯～、冰凉凉地好好吃～～～！,浅倉透,【floooat】浅倉透,溶けてる
浅倉透/【floooat】浅倉透/溶けてる.csv,25,3020013010160,雛菜,嗯～！,浅倉透,【floooat】浅倉透,溶けてる
浅倉透/【floooat】浅倉透/溶けてる.csv,33,3020013010240,雛菜,透前辈～、再不吃的话冰淇淋要融掉了喔～？,浅倉透,【floooat】浅倉透,溶けてる
浅倉透/【floooat】浅倉透/溶けてる.csv,37,3020013010280,雛菜,所以都说了快点吃嘛～！,浅倉透,【floooat】浅倉透,溶けてる
浅倉透/【floooat】浅倉透/溶けてる.csv,47,3020013010380,雛菜,这个冰淇淋看着好好吃～～～！,浅倉透,【floooat】浅倉透,溶けてる
浅倉透/【floooat】浅倉透/溶けてる.csv,52,3020013010430,雛菜,"啊～！
冰淇淋、要融化了～！",浅倉透,【floooat】浅倉透,溶けてる
浅倉透/【floooat】浅倉透/溶けてる.csv,54,3020013010450,雛菜,诶～？,浅倉透,【floooat】浅倉透,溶けてる
浅倉透/【floooat】浅倉透/落ちてる.csv,4,3020013020030,雛菜,雏菜，想吃刨冰～！,浅倉透,【floooat】浅倉透,落ちてる
浅倉透/【floooat】浅倉透/落ちてる.csv,7,3020013020060,雛菜,啊哈～，雏菜要草莓味的好了～～～！,浅倉透,【floooat】浅倉透,落ちてる
浅倉透/【floooat】浅倉透/落ちてる.csv,13,3020013020120,雛菜,透前辈～，怎么了吗～？,浅倉透,【floooat】浅倉透,落ちてる
浅倉透/【floooat】浅倉透/落ちてる.csv,15,3020013020140,雛菜,"诶～、海豚～？
什么那是～？",浅倉透,【floooat】浅倉透,落ちてる
浅倉透/【floooat】浅倉透/落ちてる.csv,20,3020013020190,雛菜,啊～、捞金鱼的那个～？,浅倉透,【floooat】浅倉透,落ちてる
浅倉透/【floooat】浅倉透/落ちてる.csv,25,3020013020240,雛菜,"是谁弄掉的吧～？
也不清楚就是了～",浅倉透,【floooat】浅倉透,落ちてる
浅倉透/【floooat】浅倉透/落ちてる.csv,27,3020013020260,雛菜,"诶～、透前辈～？
要去哪里～？",浅倉透,【floooat】浅倉透,落ちてる
浅倉透/【floooat】浅倉透/落ちてる.csv,31,3020013020300,雛菜,"嗯～……
海豚是在河里的吗～？",浅倉透,【floooat】浅倉透,落ちてる
浅倉透/【floooat】浅倉透/落ちてる.csv,36,3020013020350,雛菜,"啊～、想吃～……
但是雏菜累了～～～……",浅倉透,【floooat】浅倉透,落ちてる
浅倉透/【floooat】浅倉透/落ちてる.csv,39,3020013020380,雛菜,呜呜～……,浅倉透,【floooat】浅倉透,落ちてる
浅倉透/【floooat】浅倉透/落ちてる.csv,45,3020013020440,雛菜,河水、看着很凉快～～～……,浅倉透,【floooat】浅倉透,落ちてる
浅倉透/【floooat】浅倉透/落ちてる.csv,48,3020013020470,雛菜,"诶～？
会吗～……",浅倉透,【floooat】浅倉透,落ちてる
浅倉透/【floooat】浅倉透/落ちてる.csv,51,3020013020490,雛菜,好像是变凉快了～～～！,浅倉透,【floooat】浅倉透,落ちてる
浅倉透/【pooool】浅倉 透/プール・フール.csv,6,3020005030050,雛菜,钢铁厂～？,浅倉透,【pooool】浅倉 透,プール・フール
浅倉透/【pooool】浅倉 透/プール・フール.csv,11,3020005030100,雛菜,好多人都是这个发型～,浅倉透,【pooool】浅倉 透,プール・フール
浅倉透/【pooool】浅倉 透/プール・フール.csv,17,3020005030160,雛菜,妈妈都喜欢什么人啊～？,浅倉透,【pooool】浅倉 透,プール・フール
浅倉透/【pooool】浅倉 透/プール・フール.csv,21,3020005030200,雛菜,"啊哈～
真的～？",浅倉透,【pooool】浅倉 透,プール・フール
浅倉透/【pooool】浅倉 透/プール・フール.csv,22,3020005030210,雛菜,"那，
要去和妈妈说谢谢～！",浅倉透,【pooool】浅倉 透,プール・フール
浅倉透/【pooool】浅倉 透/プール・フール.csv,24,3020005030230,雛菜,好～,浅倉透,【pooool】浅倉 透,プール・フール
浅倉透/【pooool】浅倉 透/プール・フール.csv,26,3020005030250,雛菜,"啊～
没关系～",浅倉透,【pooool】浅倉 透,プール・フール
浅倉透/【pooool】浅倉 透/プール・フール.csv,46,3020005030410,雛菜,那个～，妈妈说只有可乐,浅倉透,【pooool】浅倉 透,プール・フール
浅倉透/【pooool】浅倉 透/プール・フール.csv,50,3020005030450,雛菜,"嗯～
还找到了爆米花！",浅倉透,【pooool】浅倉 透,プール・フール
浅倉透/【pooool】浅倉 透/プール・フール.csv,52,3020005030470,雛菜,可以换台吗～？,浅倉透,【pooool】浅倉 透,プール・フール
浅倉透/【pooool】浅倉 透/プール・フール.csv,55,3020005030500,雛菜,"下个节目好像是警察的跟踪报道
之前看过了哦～？",浅倉透,【pooool】浅倉 透,プール・フール
浅倉透/【pooool】浅倉 透/プール・フール.csv,69,3020005030630,雛菜,"啊哈～
还挺好玩的～",浅倉透,【pooool】浅倉 透,プール・フール
浅倉透/【pooool】浅倉 透/泳げばとうとし.csv,4,3020005010030,雛菜,"外套～
口袋里好像有什么",浅倉透,【pooool】浅倉 透,泳げばとうとし
浅倉透/【pooool】浅倉 透/泳げばとうとし.csv,8,3020005010070,雛菜,"啊哈～
不妙～～～",浅倉透,【pooool】浅倉 透,泳げばとうとし
浅倉透/【pooool】浅倉 透/泳げばとうとし.csv,20,3020005010190,雛菜,"啊哈～
透学姐，传到这边～！",浅倉透,【pooool】浅倉 透,泳げばとうとし
浅倉透/【pooool】浅倉 透/泳げばとうとし.csv,27,3020005010250,雛菜,啊哈～！,浅倉透,【pooool】浅倉 透,泳げばとうとし
浅倉透/【pooool】浅倉 透/泳げばとうとし.csv,29,3020005010270,雛菜,"啊～
飞走了啊～？",浅倉透,【pooool】浅倉 透,泳げばとうとし
浅倉透/【pooool】浅倉 透/泳げばとうとし.csv,33,3020005010310,雛菜,嗯～！,浅倉透,【pooool】浅倉 透,泳げばとうとし
浅倉透/【pooool】浅倉 透/泳げばとうとし.csv,37,3020005010350,雛菜,"嘿……
咻～～～！",浅倉透,【pooool】浅倉 透,泳げばとうとし
浅倉透/【pooool】浅倉 透/泳げばとうとし.csv,42,3020005010400,雛菜,加油～～,浅倉透,【pooool】浅倉 透,泳げばとうとし
浅倉透/【pooool】浅倉 透/泳げばとうとし.csv,56,3020005010510,雛菜,"呀哈～
噗通～！",浅倉透,【pooool】浅倉 透,泳げばとうとし
浅倉透/【pooool】浅倉 透/泳げばとうとし.csv,60,3020005010550,雛菜,"透学姐～
自由泳～～～",浅倉透,【pooool】浅倉 透,泳げばとうとし
浅倉透/【pooool】浅倉 透/泳げばとうとし.csv,69,3020005010640,雛菜,"上吧～
射门～～～",浅倉透,【pooool】浅倉 透,泳げばとうとし
浅倉透/【pooool】浅倉 透/泳げばとうとし.csv,78,3020005010710,雛菜,"雏菜，
回去的时候想去便利店～",浅倉透,【pooool】浅倉 透,泳げばとうとし
浅倉透/【pooool】浅倉 透/虫たちの夜.csv,4,3020005020030,雛菜,嗯～？,浅倉透,【pooool】浅倉 透,虫たちの夜
浅倉透/【pooool】浅倉 透/虫たちの夜.csv,6,3020005020050,雛菜,透学姐家附近的～？,浅倉透,【pooool】浅倉 透,虫たちの夜
浅倉透/【pooool】浅倉 透/虫たちの夜.csv,9,3020005020080,雛菜,"嘿～
不错的夜晚吗～",浅倉透,【pooool】浅倉 透,虫たちの夜
浅倉透/【pooool】浅倉 透/虫たちの夜.csv,12,3020005020100,雛菜,嘿～？,浅倉透,【pooool】浅倉 透,虫たちの夜
浅倉透/【pooool】浅倉 透/虫たちの夜.csv,14,3020005020110,雛菜,"啊～……
这样啊～",浅倉透,【pooool】浅倉 透,虫たちの夜
浅倉透/【pooool】浅倉 透/虫たちの夜.csv,20,3020005020160,雛菜,啊～,浅倉透,【pooool】浅倉 透,虫たちの夜
浅倉透/【pooool】浅倉 透/虫たちの夜.csv,22,3020005020180,雛菜,嗯～,浅倉透,【pooool】浅倉 透,虫たちの夜
浅倉透/【pooool】浅倉 透/虫たちの夜.csv,24,3020005020200,雛菜,是吗～,浅倉透,【pooool】浅倉 透,虫たちの夜
浅倉透/【pooool】浅倉 透/虫たちの夜.csv,27,3020005020220,雛菜,,浅倉透,【pooool】浅倉 透,虫たちの夜
浅倉透/【pooool】浅倉 透/虫たちの夜.csv,30,3020005020240,雛菜,好像是虫子在打架～？,浅倉透,【pooool】浅倉 透,虫たちの夜
浅倉透/【pooool】浅倉 透/虫たちの夜.csv,41,3020005020310,雛菜,"啊～
真不妙～",浅倉透,【pooool】浅倉 透,虫たちの夜
浅倉透/【pooool】浅倉 透/虫たちの夜.csv,44,3020005020340,雛菜,嗯～,浅倉透,【pooool】浅倉 透,虫たちの夜
浅倉透/【pooool】浅倉 透/虫たちの夜.csv,51,3020005020370,雛菜,啊哈～,浅倉透,【pooool】浅倉 透,虫たちの夜
浅倉透/【pooool】浅倉 透/虫たちの夜.csv,52,3020005020371,透＆雛菜,,浅倉透,【pooool】浅倉 透,虫たちの夜
浅倉透/【pooool】浅倉 透/虫たちの夜.csv,53,3020005020380,雛菜,"……可是，
对妻子来说是个不错的夜晚吗～？",浅倉透,【pooool】浅倉 透,虫たちの夜
浅倉透/【pooool】浅倉 透/虫たちの夜.csv,55,3020005020400,雛菜,"虽然吵吵闹闹但又很安静，
月亮也出来了的感觉～……",浅倉透,【pooool】浅倉 透,虫たちの夜
浅倉透/【pooool】浅倉 透/虫たちの夜.csv,61,3020005020450,雛菜,"啊～
看得到～",浅倉透,【pooool】浅倉 透,虫たちの夜
浅倉透/【pooool】浅倉 透/虫たちの夜.csv,64,3020005020460,雛菜,啊～……,浅倉透,【pooool】浅倉 透,虫たちの夜
浅倉透/【pooool】浅倉 透/虫たちの夜.csv,68,3020005020500,雛菜,嗯～？,浅倉透,【pooool】浅倉 透,虫たちの夜
浅倉透/【pooool】浅倉 透/虫たちの夜.csv,71,3020005020530,雛菜,啊～,浅倉透,【pooool】浅倉 透,虫たちの夜
浅倉透/【かっとばし党の逆襲】浅倉透/われらはつくるわれらのりゆう.csv,5,3020003020040,雛菜,,浅倉透,【かっとばし党の逆襲】浅倉透,われらはつくるわれらのりゆう
浅倉透/【かっとばし党の逆襲】浅倉透/われらはつくるわれらのりゆう.csv,13,3020003020120,雛菜,嗯～！,浅倉透,【かっとばし党の逆襲】浅倉透,われらはつくるわれらのりゆう
浅倉透/【かっとばし党の逆襲】浅倉透/われらはつくるわれらのりゆう.csv,14,3020003020130,雛菜,好像很有干劲呢～？,浅倉透,【かっとばし党の逆襲】浅倉透,われらはつくるわれらのりゆう
浅倉透/【かっとばし党の逆襲】浅倉透/われらはつくるわれらのりゆう.csv,27,3020003020250,雛菜,好像不太一样～？,浅倉透,【かっとばし党の逆襲】浅倉透,われらはつくるわれらのりゆう
浅倉透/【かっとばし党の逆襲】浅倉透/われらはつくるわれらのりゆう.csv,30,3020003020280,雛菜,"嗯～！
可以边吃边看吗～？",浅倉透,【かっとばし党の逆襲】浅倉透,われらはつくるわれらのりゆう
浅倉透/【かっとばし党の逆襲】浅倉透/われらはつくるわれらのりゆう.csv,35,3020003020320,雛菜,"啊哈～
这个包，在学校有看到～",浅倉透,【かっとばし党の逆襲】浅倉透,われらはつくるわれらのりゆう
浅倉透/【かっとばし党の逆襲】浅倉透/われらはつくるわれらのりゆう.csv,42,3020003020390,雛菜,透学姐，结束了吗～？,浅倉透,【かっとばし党の逆襲】浅倉透,われらはつくるわれらのりゆう
浅倉透/【かっとばし党の逆襲】浅倉透/われらはつくるわれらのりゆう.csv,49,3020003020430,雛菜,嘿～？,浅倉透,【かっとばし党の逆襲】浅倉透,われらはつくるわれらのりゆう
浅倉透/【かっとばし党の逆襲】浅倉透/われらはつくるわれらのりゆう.csv,51,3020003020441,小糸＆雛菜,,浅倉透,【かっとばし党の逆襲】浅倉透,われらはつくるわれらのりゆう
浅倉透/【かっとばし党の長い夏】浅倉透/だいたい７月終わりくらい.csv,4,3020010010030,雛菜,,浅倉透,【かっとばし党の長い夏】浅倉透,だいたい７月終わりくらい
浅倉透/【かっとばし党の長い夏】浅倉透/だいたい７月終わりくらい.csv,8,3020010010070,雛菜,雏菜，要躲在影子下面~,浅倉透,【かっとばし党の長い夏】浅倉透,だいたい７月終わりくらい
浅倉透/【かっとばし党の長い夏】浅倉透/だいたい７月終わりくらい.csv,15,3020010010130,雛菜,来了~,浅倉透,【かっとばし党の長い夏】浅倉透,だいたい７月終わりくらい
浅倉透/【かっとばし党の長い夏】浅倉透/だいたい７月終わりくらい.csv,18,3020010010160,雛菜,诶~？,浅倉透,【かっとばし党の長い夏】浅倉透,だいたい７月終わりくらい
浅倉透/【かっとばし党の長い夏】浅倉透/だいたい７月終わりくらい.csv,24,3020010010211,円香＆小糸＆雛菜,,浅倉透,【かっとばし党の長い夏】浅倉透,だいたい７月終わりくらい
浅倉透/【かっとばし党の長い夏】浅倉透/だいたい７月終わりくらい.csv,29,3020010010260,雛菜,啊哈~眼药水，全都滴到外面去了呢~,浅倉透,【かっとばし党の長い夏】浅倉透,だいたい７月終わりくらい
浅倉透/【かっとばし党の長い夏】浅倉透/だいたい７月終わりくらい.csv,36,3020010010330,雛菜,可以用雏菜的纸巾哦~,浅倉透,【かっとばし党の長い夏】浅倉透,だいたい７月終わりくらい
浅倉透/【かっとばし党の長い夏】浅倉透/だいたい７月終わりくらい.csv,44,3020010010410,雛菜,"涂了睫毛膏真是太好了呢~
不然可能会更疼呢~",浅倉透,【かっとばし党の長い夏】浅倉透,だいたい７月終わりくらい
浅倉透/【かっとばし党の長い夏】浅倉透/だいたい７月終わりくらい.csv,50,3020010010461,円香＆小糸＆雛菜,,浅倉透,【かっとばし党の長い夏】浅倉透,だいたい７月終わりくらい
浅倉透/【かっとばし党の長い夏】浅倉透/だいたい７月終わりくらい.csv,54,3020010010500,雛菜,嗯~,浅倉透,【かっとばし党の長い夏】浅倉透,だいたい７月終わりくらい
浅倉透/【かっとばし党の長い夏】浅倉透/だいたい７月終わりくらい.csv,66,3020010010620,雛菜,"啊哈~
明明再休息一会就好了呢~",浅倉透,【かっとばし党の長い夏】浅倉透,だいたい７月終わりくらい
浅倉透/【かっとばし党の長い夏】浅倉透/今日.csv,3,3020010030020,雛菜,诶~？,浅倉透,【かっとばし党の長い夏】浅倉透,今日
浅倉透/【かっとばし党の長い夏】浅倉透/今日.csv,12,3020010030100,雛菜,啊哈~,浅倉透,【かっとばし党の長い夏】浅倉透,今日
浅倉透/【かっとばし党の長い夏】浅倉透/今日.csv,21,3020010030140,雛菜,雏菜，要在透前辈的家里写~,浅倉透,【かっとばし党の長い夏】浅倉透,今日
浅倉透/【かっとばし党の長い夏】浅倉透/今日.csv,24,3020010030160,雛菜,"我去拿作业~
拜拜—",浅倉透,【かっとばし党の長い夏】浅倉透,今日
浅倉透/【かっとばし党の長い夏】浅倉透/今日.csv,35,3020010030240,雛菜,"啊~，透前辈换铅笔芯了~
我收下了呢~",浅倉透,【かっとばし党の長い夏】浅倉透,今日
浅倉透/【かっとばし党の長い夏】浅倉透/今日.csv,37,3020010030260,雛菜,"诶~？
要还给你吗~",浅倉透,【かっとばし党の長い夏】浅倉透,今日
浅倉透/【かっとばし党の長い夏】浅倉透/今日.csv,39,3020010030280,雛菜,"啊~
汉字吗~",浅倉透,【かっとばし党の長い夏】浅倉透,今日
浅倉透/【かっとばし党の長い夏】浅倉透/今日.csv,47,3020010030340,雛菜,"啊哈~
这个笔芯，颜色好深~",浅倉透,【かっとばし党の長い夏】浅倉透,今日
浅倉透/【かっとばし党の長い夏】浅倉透/今日.csv,52,3020010030370,雛菜,雏菜，拿点心去了哦~,浅倉透,【かっとばし党の長い夏】浅倉透,今日
浅倉透/【かっとばし党の長い夏】浅倉透/今日.csv,57,3020010030420,雛菜,诶~？,浅倉透,【かっとばし党の長い夏】浅倉透,今日
浅倉透/【かっとばし党の長い夏】浅倉透/今日.csv,60,3020010030450,雛菜,"嗯~
我去说一声~",浅倉透,【かっとばし党の長い夏】浅倉透,今日
浅倉透/【かっとばし党の長い夏】浅倉透/今日.csv,73,3020010030560,雛菜,呀哈~！,浅倉透,【かっとばし党の長い夏】浅倉透,今日
浅倉透/【がんばれ！ノロマ号】浅倉透/いつか忘れること.csv,9,3020006030060,雛菜,"鲑，鱼～
说一下，鲑，鱼～",浅倉透,【がんばれ！ノロマ号】浅倉透,いつか忘れること
浅倉透/【がんばれ！ノロマ号】浅倉透/いつか忘れること.csv,18,3020006030100,雛菜,"不过它
马上要回家了吧～？",浅倉透,【がんばれ！ノロマ号】浅倉透,いつか忘れること
浅倉透/【がんばれ！ノロマ号】浅倉透/いつか忘れること.csv,26,3020006030180,雛菜,什么梦～？,浅倉透,【がんばれ！ノロマ号】浅倉透,いつか忘れること
浅倉透/【がんばれ！ノロマ号】浅倉透/いつか忘れること.csv,38,3020006030300,雛菜,,浅倉透,【がんばれ！ノロマ号】浅倉透,いつか忘れること
浅倉透/【がんばれ！ノロマ号】浅倉透/いつか忘れること.csv,41,3020006030330,雛菜,风来了～,浅倉透,【がんばれ！ノロマ号】浅倉透,いつか忘れること
浅倉透/【がんばれ！ノロマ号】浅倉透/いつか忘れること.csv,45,3020006030360,雛菜,诶～？什么东西～？,浅倉透,【がんばれ！ノロマ号】浅倉透,いつか忘れること
浅倉透/【がんばれ！ノロマ号】浅倉透/いつか忘れること.csv,51,3020006030420,雛菜,,浅倉透,【がんばれ！ノロマ号】浅倉透,いつか忘れること
浅倉透/【がんばれ！ノロマ号】浅倉透/いつか忘れること.csv,57,3020006030480,雛菜,不要忘了鲑鱼哦～？,浅倉透,【がんばれ！ノロマ号】浅倉透,いつか忘れること
浅倉透/【がんばれ！ノロマ号】浅倉透/いつか忘れること.csv,69,3020006030590,雛菜,"没听过～
那是什么～",浅倉透,【がんばれ！ノロマ号】浅倉透,いつか忘れること
浅倉透/【がんばれ！ノロマ号】浅倉透/かんぱい.csv,4,3020006020030,雛菜,雏菜也和妈妈说了～,浅倉透,【がんばれ！ノロマ号】浅倉透,かんぱい
浅倉透/【がんばれ！ノロマ号】浅倉透/かんぱい.csv,10,3020006020090,雛菜,"班里人～？
啊～……是什么样的人～",浅倉透,【がんばれ！ノロマ号】浅倉透,かんぱい
浅倉透/【がんばれ！ノロマ号】浅倉透/かんぱい.csv,13,3020006020120,雛菜,"啊哈～
跳起来变得零零散散的那里！",浅倉透,【がんばれ！ノロマ号】浅倉透,かんぱい
浅倉透/【がんばれ！ノロマ号】浅倉透/かんぱい.csv,25,3020006020220,雛菜,啊哈～,浅倉透,【がんばれ！ノロマ号】浅倉透,かんぱい
浅倉透/【がんばれ！ノロマ号】浅倉透/かんぱい.csv,35,3020006020270,雛菜,"休息室的VTR
时间好长啊～",浅倉透,【がんばれ！ノロマ号】浅倉透,かんぱい
浅倉透/【がんばれ！ノロマ号】浅倉透/かんぱい.csv,51,3020006020360,雛菜,"雏菜们
也变得七零八落了啊～？",浅倉透,【がんばれ！ノロマ号】浅倉透,かんぱい
浅倉透/【がんばれ！ノロマ号】浅倉透/かんぱい.csv,59,3020006020420,雛菜,……安全～,浅倉透,【がんばれ！ノロマ号】浅倉透,かんぱい
浅倉透/【がんばれ！ノロマ号】浅倉透/かんぱい.csv,62,3020006020450,雛菜,"前面那个，
头发跑到眼睛里了～……",浅倉透,【がんばれ！ノロマ号】浅倉透,かんぱい
浅倉透/【がんばれ！ノロマ号】浅倉透/かんぱい.csv,75,3020006020540,雛菜,"啊～……
手快松开了～",浅倉透,【がんばれ！ノロマ号】浅倉透,かんぱい
浅倉透/【がんばれ！ノロマ号】浅倉透/かんぱい.csv,86,3020006020620,雛菜,啊哈～,浅倉透,【がんばれ！ノロマ号】浅倉透,かんぱい
浅倉透/【がんばれ！ノロマ号】浅倉透/かんぱい.csv,87,3020006020630,雛菜,"没有变得七零八落，
真是太好了～",浅倉透,【がんばれ！ノロマ号】浅倉透,かんぱい
浅倉透/【がんばれ！ノロマ号】浅倉透/かんぱい.csv,88,3020006020640,雛菜,嗯～？,浅倉透,【がんばれ！ノロマ号】浅倉透,かんぱい
浅倉透/【がんばれ！ノロマ号】浅倉透/かんぱい.csv,91,3020006020670,雛菜,"嗯～
到底怎样～？",浅倉透,【がんばれ！ノロマ号】浅倉透,かんぱい
浅倉透/【がんばれ！ノロマ号】浅倉透/鳥.csv,2,3020006010010,雛菜,"啊哈～
这个雏菜记得很深～！",浅倉透,【がんばれ！ノロマ号】浅倉透,鳥
浅倉透/【がんばれ！ノロマ号】浅倉透/鳥.csv,4,3020006010030,雛菜,"这个～
好怪的熊衣服～",浅倉透,【がんばれ！ノロマ号】浅倉透,鳥
浅倉透/【がんばれ！ノロマ号】浅倉透/鳥.csv,14,3020006010130,雛菜,"就是那个怪～
不觉得可怕吗～？",浅倉透,【がんばれ！ノロマ号】浅倉透,鳥
浅倉透/【がんばれ！ノロマ号】浅倉透/鳥.csv,24,3020006010190,雛菜,,浅倉透,【がんばれ！ノロマ号】浅倉透,鳥
浅倉透/【がんばれ！ノロマ号】浅倉透/鳥.csv,35,3020006010280,雛菜,啊哈～,浅倉透,【がんばれ！ノロマ号】浅倉透,鳥
浅倉透/【がんばれ！ノロマ号】浅倉透/鳥.csv,41,3020006010320,雛菜,雏菜还想看别的～,浅倉透,【がんばれ！ノロマ号】浅倉透,鳥
浅倉透/【がんばれ！ノロマ号】浅倉透/鳥.csv,42,3020006010330,雛菜,"翻了很多出来吧～？
不要的衣服～",浅倉透,【がんばれ！ノロマ号】浅倉透,鳥
浅倉透/【がんばれ！ノロマ号】浅倉透/鳥.csv,49,3020006010400,雛菜,"嗯～
这个格子的裙子也不要吗～？",浅倉透,【がんばれ！ノロマ号】浅倉透,鳥
浅倉透/【がんばれ！ノロマ号】浅倉透/鳥.csv,52,3020006010430,雛菜,"那
这个雏菜要了～！",浅倉透,【がんばれ！ノロマ号】浅倉透,鳥
浅倉透/【がんばれ！ノロマ号】浅倉透/鳥.csv,57,3020006010470,雛菜,雏菜也想要这个的说～,浅倉透,【がんばれ！ノロマ号】浅倉透,鳥
浅倉透/【がんばれ！ノロマ号】浅倉透/鳥.csv,66,3020006010520,雛菜,就不会说别的了吗～？,浅倉透,【がんばれ！ノロマ号】浅倉透,鳥
浅倉透/【がんばれ！ノロマ号】浅倉透/鳥.csv,71,3020006010570,雛菜,"啊哈～
那个也很可爱～",浅倉透,【がんばれ！ノロマ号】浅倉透,鳥
浅倉透/【たすものについて】浅倉透/うちあがる.csv,22,3020014010060,雛菜,……好，请～！,浅倉透,【たすものについて】浅倉透,うちあがる
浅倉透/【たすものについて】浅倉透/うちあがる.csv,24,3020014010070,雛菜,"啊哈～
谢谢～！",浅倉透,【たすものについて】浅倉透,うちあがる
浅倉透/【たすものについて】浅倉透/うちあがる.csv,26,3020014010080,雛菜,"好呀～
要一起拍吗～？",浅倉透,【たすものについて】浅倉透,うちあがる
浅倉透/【たすものについて】浅倉透/うちあがる.csv,28,3020014010090,雛菜,好～！,浅倉透,【たすものについて】浅倉透,うちあがる
浅倉透/【たすものについて】浅倉透/うちあがる.csv,60,3020014010170,雛菜,你们，在聊些什么～？,浅倉透,【たすものについて】浅倉透,うちあがる
浅倉透/【たすものについて】浅倉透/うちあがる.csv,64,3020014010200,雛菜,"才不是最后呢～
导演，能和雏菜们拍一张吗～？",浅倉透,【たすものについて】浅倉透,うちあがる
浅倉透/【たすものについて】浅倉透/うちあがる.csv,66,3020014010220,雛菜,"啊哈～
那么，五人一起来拍吧～！",浅倉透,【たすものについて】浅倉透,うちあがる
浅倉透/【たすものについて】浅倉透/うちあがる.csv,69,3020014010230,雛菜,谢谢～！,浅倉透,【たすものについて】浅倉透,うちあがる
浅倉透/【たすものについて】浅倉透/マシてく.csv,2,3020014020010,雛菜,"对了，透前辈
昨天晚餐你吃什么了～？",浅倉透,【たすものについて】浅倉透,マシてく
浅倉透/【たすものについて】浅倉透/マシてく.csv,7,3020014020060,雛菜,那是什么样的味道啊～？,浅倉透,【たすものについて】浅倉透,マシてく
浅倉透/【たすものについて】浅倉透/マシてく.csv,10,3020014020090,雛菜,"听着好好吃的样子～
下次拜托妈妈做做看好了～！",浅倉透,【たすものについて】浅倉透,マシてく
浅倉透/【たすものについて】浅倉透/マシてく.csv,14,3020014020121,円香＆小糸＆雛菜,,浅倉透,【たすものについて】浅倉透,マシてく
浅倉透/【たすものについて】浅倉透/マシてく.csv,16,3020014020140,雛菜,"哈～
吃饱了～！",浅倉透,【たすものについて】浅倉透,マシてく
浅倉透/【たすものについて】浅倉透/マシてく.csv,23,3020014020210,雛菜,"好吃是好吃不过
感觉吃得嘴里酸酸的～",浅倉透,【たすものについて】浅倉透,マシてく
浅倉透/【たすものについて】浅倉透/マシてく.csv,24,3020014020220,雛菜,雏菜，去便利店买些甜点吧～！,浅倉透,【たすものについて】浅倉透,マシてく
浅倉透/【たすものについて】浅倉透/マシてく.csv,27,3020014020250,雛菜,对～！,浅倉透,【たすものについて】浅倉透,マシてく
浅倉透/【たすものについて】浅倉透/マシてく.csv,29,3020014020270,雛菜,那圆香前辈就留在家里吧～？,浅倉透,【たすものについて】浅倉透,マシてく
浅倉透/【たすものについて】浅倉透/マシてく.csv,30,3020014020280,雛菜,"雏菜现在很想吃呀
而且就算吃胖了，也丝毫不会影响雏菜的可爱～！",浅倉透,【たすものについて】浅倉透,マシてく
浅倉透/【たすものについて】浅倉透/マシてく.csv,36,3020014020340,雛菜,"啊哈～
那么出发～！",浅倉透,【たすものについて】浅倉透,マシてく
浅倉透/【たすものについて】浅倉透/マシてく.csv,47,3020014020450,雛菜,对了，透前辈想吃什么～？,浅倉透,【たすものについて】浅倉透,マシてく
浅倉透/【たすものについて】浅倉透/マシてく.csv,49,3020014020470,雛菜,"雏菜，就吃柠檬冰淇淋吧～
带果霜的那种～",浅倉透,【たすものについて】浅倉透,マシてく
浅倉透/【たすものについて】浅倉透/マシてく.csv,51,3020014020490,雛菜,"啊哈～
还真是～！",浅倉透,【たすものについて】浅倉透,マシてく
浅倉透/【てやんでぇ】浅倉透/できてりゃいいじゃねぇか.csv,8,3020015030010,雛菜,"说起来透前辈
前段时间不是说看了单口响声来着～？",浅倉透,【てやんでぇ】浅倉透,できてりゃいいじゃねぇか
浅倉透/【てやんでぇ】浅倉透/できてりゃいいじゃねぇか.csv,14,3020015030070,雛菜,"嗯～
雏菜可能也会睡着～",浅倉透,【てやんでぇ】浅倉透,できてりゃいいじゃねぇか
浅倉透/【てやんでぇ】浅倉透/できてりゃいいじゃねぇか.csv,25,3020015030180,雛菜,"嗯～
雏菜也想去",浅倉透,【てやんでぇ】浅倉透,できてりゃいいじゃねぇか
浅倉透/【てやんでぇ】浅倉透/できてりゃいいじゃねぇか.csv,30,3020015030230,雛菜,"诶～？
在说什么～？",浅倉透,【てやんでぇ】浅倉透,できてりゃいいじゃねぇか
浅倉透/【てやんでぇ】浅倉透/できてりゃいいじゃねぇか.csv,33,3020015030260,雛菜,啊～、单口相声啊～,浅倉透,【てやんでぇ】浅倉透,できてりゃいいじゃねぇか
浅倉透/【てやんでぇ】浅倉透/できてりゃいいじゃねぇか.csv,38,3020015030310,雛菜,为什么～？,浅倉透,【てやんでぇ】浅倉透,できてりゃいいじゃねぇか
浅倉透/【てやんでぇ】浅倉透/できてりゃいいじゃねぇか.csv,44,3020015030370,雛菜,诶～、明明这样会被发现～,浅倉透,【てやんでぇ】浅倉透,できてりゃいいじゃねぇか
浅倉透/【てやんでぇ】浅倉透/できてりゃいいじゃねぇか.csv,46,3020015030390,雛菜,啊～,浅倉透,【てやんでぇ】浅倉透,できてりゃいいじゃねぇか
浅倉透/【てやんでぇ】浅倉透/できてりゃいいじゃねぇか.csv,50,3020015030430,雛菜,“心”？,浅倉透,【てやんでぇ】浅倉透,できてりゃいいじゃねぇか
浅倉透/【てやんでぇ】浅倉透/できてりゃいいじゃねぇか.csv,57,3020015030500,雛菜,啊哈～,浅倉透,【てやんでぇ】浅倉透,できてりゃいいじゃねぇか
浅倉透/【てやんでぇ】浅倉透/種ってやつぁ.csv,3,3020015020020,雛菜,雏菜打算去哦～,浅倉透,【てやんでぇ】浅倉透,種ってやつぁ
浅倉透/【てやんでぇ】浅倉透/種ってやつぁ.csv,11,3020015020100,雛菜,"昨天就是那样了吧
是感冒了吗～？",浅倉透,【てやんでぇ】浅倉透,種ってやつぁ
浅倉透/【てやんでぇ】浅倉透/種ってやつぁ.csv,13,3020015020120,雛菜,"是去探望的话
买点什么过去吧～？",浅倉透,【てやんでぇ】浅倉透,種ってやつぁ
浅倉透/【てやんでぇ】浅倉透/種ってやつぁ.csv,17,3020015020150,雛菜,"看看哈～
蜜柑果冻和桃子果冻还有……",浅倉透,【てやんでぇ】浅倉透,種ってやつぁ
浅倉透/【てやんでぇ】浅倉透/種ってやつぁ.csv,18,3020015020160,雛菜,啊、这个布丁看着好好吃～～～！,浅倉透,【てやんでぇ】浅倉透,種ってやつぁ
浅倉透/【てやんでぇ】浅倉透/種ってやつぁ.csv,20,3020015020180,雛菜,"嗯～
知道的啦～",浅倉透,【てやんでぇ】浅倉透,種ってやつぁ
浅倉透/【てやんでぇ】浅倉透/種ってやつぁ.csv,22,3020015020200,雛菜,"啊、说得对～
雏菜去找找看～！",浅倉透,【てやんでぇ】浅倉透,種ってやつぁ
浅倉透/【てやんでぇ】浅倉透/種ってやつぁ.csv,40,3020015020371,円香＆小糸＆雛菜,打扰了,浅倉透,【てやんでぇ】浅倉透,種ってやつぁ
浅倉透/【てやんでぇ】浅倉透/種ってやつぁ.csv,41,3020015020380,雛菜,透前辈～，没事吧～？,浅倉透,【てやんでぇ】浅倉透,種ってやつぁ
浅倉透/【てやんでぇ】浅倉透/種ってやつぁ.csv,44,3020015020410,雛菜,在看什么呢～？,浅倉透,【てやんでぇ】浅倉透,種ってやつぁ
浅倉透/【てやんでぇ】浅倉透/種ってやつぁ.csv,46,3020015020430,雛菜,"诶～？
透前辈，居然会看单口相声吗～？",浅倉透,【てやんでぇ】浅倉透,種ってやつぁ
浅倉透/【てやんでぇ】浅倉透/種ってやつぁ.csv,49,3020015020460,雛菜,这样啊～,浅倉透,【てやんでぇ】浅倉透,種ってやつぁ
浅倉透/【てやんでぇ】浅倉透/種ってやつぁ.csv,58,3020015020541,円香＆小糸＆雛菜,,浅倉透,【てやんでぇ】浅倉透,種ってやつぁ
浅倉透/【みずになりかけ】浅倉透/、夏夏.csv,21,3020012020180,雛菜,"啊哈～
透前辈感觉不错呢～",浅倉透,【みずになりかけ】浅倉透,、夏夏
浅倉透/【みずになりかけ】浅倉透/、夏夏.csv,32,3020012020251,小糸＆雛菜,,浅倉透,【みずになりかけ】浅倉透,、夏夏
浅倉透/【みずになりかけ】浅倉透/、夏夏.csv,35,3020012020261,円香＆小糸＆雛菜,"透……！（小糸）
啊哈……（雏菜）
嗯……（圆香）",浅倉透,【みずになりかけ】浅倉透,、夏夏
浅倉透/【みずになりかけ】浅倉透/な    つ.csv,4,3020012010030,雛菜,总感觉屋子里好热呢~,浅倉透,【みずになりかけ】浅倉透,な    つ
浅倉透/【みずになりかけ】浅倉透/な    つ.csv,6,3020012010050,雛菜,透前辈，开空调吗～？,浅倉透,【みずになりかけ】浅倉透,な    つ
浅倉透/【みずになりかけ】浅倉透/な    つ.csv,11,3020012010100,雛菜,雏菜要，南国水果风味～,浅倉透,【みずになりかけ】浅倉透,な    つ
浅倉透/【みずになりかけ】浅倉透/な    つ.csv,13,3020012010120,雛菜,"透前辈的
是什么味～？",浅倉透,【みずになりかけ】浅倉透,な    つ
浅倉透/【みずになりかけ】浅倉透/な    つ.csv,16,3020012010150,雛菜,这样啊～,浅倉透,【みずになりかけ】浅倉透,な    つ
浅倉透/【みずになりかけ】浅倉透/な    つ.csv,22,3020012010210,雛菜,……啊哈～,浅倉透,【みずになりかけ】浅倉透,な    つ
浅倉透/【みずになりかけ】浅倉透/な    つ.csv,23,3020012010220,雛菜,……嗳、现在已经是夏天了？,浅倉透,【みずになりかけ】浅倉透,な    つ
浅倉透/【みずになりかけ】浅倉透/な    つ.csv,29,3020012010280,雛菜,下周来着～？,浅倉透,【みずになりかけ】浅倉透,な    つ
浅倉透/【みずになりかけ】浅倉透/な    つ.csv,46,3020012010390,雛菜,"呀哈～
透前辈，好厉害～！",浅倉透,【みずになりかけ】浅倉透,な    つ
浅倉透/【みずになりかけ】浅倉透/な    つ.csv,47,3020012010400,雛菜,"“中奖便是开启美妙的夏天的预感！”
……这么写着～！",浅倉透,【みずになりかけ】浅倉透,な    つ
浅倉透/【みずになりかけ】浅倉透/な    つ.csv,59,3020012010520,雛菜,"啊哈～
那会不会再中一次呢～？",浅倉透,【みずになりかけ】浅倉透,な    つ
浅倉透/【ハウ・アー・UFO】浅倉透/うわの宙.csv,10,3020004030090,雛菜,"啊哈~
到底哪边~？",浅倉透,【ハウ・アー・UFO】浅倉透,うわの宙
浅倉透/【ハウ・アー・UFO】浅倉透/うわの宙.csv,16,3020004030150,雛菜,雏菜在睡~,浅倉透,【ハウ・アー・UFO】浅倉透,うわの宙
浅倉透/【ハウ・アー・UFO】浅倉透/たぶん絶対、おそらく.csv,9,3020004010080,雛菜,"嗯~
透学姐，在拍太阳吗~~~？",浅倉透,【ハウ・アー・UFO】浅倉透,たぶん絶対、おそらく
浅倉透/【ハウ・アー・UFO】浅倉透/たぶん絶対、おそらく.csv,20,3020004010190,雛菜,"啊哈~
小米说了好可怕的话~",浅倉透,【ハウ・アー・UFO】浅倉透,たぶん絶対、おそらく
浅倉透/【ハウ・アー・UFO】浅倉透/たぶん絶対、おそらく.csv,22,3020004010210,雛菜,是这样吗~,浅倉透,【ハウ・アー・UFO】浅倉透,たぶん絶対、おそらく
浅倉透/【ハウ・アー・UFO】浅倉透/たぶん絶対、おそらく.csv,34,3020004010330,雛菜,"宇宙人
会来地球干什么呢~？",浅倉透,【ハウ・アー・UFO】浅倉透,たぶん絶対、おそらく
浅倉透/【ハウ・アー・UFO】浅倉透/たぶん絶対、おそらく.csv,36,3020004010350,雛菜,"嘿~
好厉害~~~",浅倉透,【ハウ・アー・UFO】浅倉透,たぶん絶対、おそらく
浅倉透/【ハウ・アー・UFO】浅倉透/たぶん絶対、おそらく.csv,44,3020004010430,雛菜,雏菜也要~！,浅倉透,【ハウ・アー・UFO】浅倉透,たぶん絶対、おそらく
浅倉透/【ハウ・アー・UFO】浅倉透/たぶん絶対、おそらく.csv,51,3020004010491,円香＆小糸＆雛菜,,浅倉透,【ハウ・アー・UFO】浅倉透,たぶん絶対、おそらく
浅倉透/【ハウ・アー・UFO】浅倉透/たぶん絶対、おそらく.csv,74,3020004010720,雛菜,"嘿~
宇宙人来了~？",浅倉透,【ハウ・アー・UFO】浅倉透,たぶん絶対、おそらく
浅倉透/【ハウ・アー・UFO】浅倉透/たぶん絶対、おそらく.csv,82,3020004010800,雛菜,啊哈~~~！,浅倉透,【ハウ・アー・UFO】浅倉透,たぶん絶対、おそらく
浅倉透/【ハウ・アー・UFO】浅倉透/ろーかる銀河.csv,9,3020004020080,雛菜,"嗯~
好吃~~~！",浅倉透,【ハウ・アー・UFO】浅倉透,ろーかる銀河
浅倉透/【ハウ・アー・UFO】浅倉透/ろーかる銀河.csv,10,3020004020090,雛菜,烤鱿鱼，好好吃的样子~~~！,浅倉透,【ハウ・アー・UFO】浅倉透,ろーかる銀河
浅倉透/【ハウ・アー・UFO】浅倉透/ろーかる銀河.csv,16,3020004020150,雛菜,"啊哈~
透学姐，太喜欢宇宙人了~",浅倉透,【ハウ・アー・UFO】浅倉透,ろーかる銀河
浅倉透/【ハウ・アー・UFO】浅倉透/ろーかる銀河.csv,24,3020004020221,小糸＆雛菜,,浅倉透,【ハウ・アー・UFO】浅倉透,ろーかる銀河
浅倉透/【ハウ・アー・UFO】浅倉透/ろーかる銀河.csv,25,3020004020230,雛菜,透学姐~~~？,浅倉透,【ハウ・アー・UFO】浅倉透,ろーかる銀河
浅倉透/【ハウ・アー・UFO】浅倉透/ろーかる銀河.csv,31,3020004020290,雛菜,宇宙人会来吗~~~？,浅倉透,【ハウ・アー・UFO】浅倉透,ろーかる銀河
浅倉透/【ハウ・アー・UFO】浅倉透/ろーかる銀河.csv,33,3020004020310,雛菜,来了的话逃跑会比较好吗~？,浅倉透,【ハウ・アー・UFO】浅倉透,ろーかる銀河
浅倉透/【ハウ・アー・UFO】浅倉透/ろーかる銀河.csv,54,3020004020500,雛菜,"透学姐
好了吗~？",浅倉透,【ハウ・アー・UFO】浅倉透,ろーかる銀河
浅倉透/【ハウ・アー・UFO】浅倉透/ろーかる銀河.csv,57,3020004020530,雛菜,还要叫吗~？,浅倉透,【ハウ・アー・UFO】浅倉透,ろーかる銀河
浅倉透/【ハウ・アー・UFO】浅倉透/ろーかる銀河.csv,59,3020004020550,雛菜,不太懂~,浅倉透,【ハウ・アー・UFO】浅倉透,ろーかる銀河
浅倉透/【ハウ・アー・UFO】浅倉透/ろーかる銀河.csv,60,3020004020560,雛菜,就是像鱿鱼那样吧~？,浅倉透,【ハウ・アー・UFO】浅倉透,ろーかる銀河
浅倉透/【ハウ・アー・UFO】浅倉透/ろーかる銀河.csv,64,3020004020600,雛菜,雏菜也要画~~~,浅倉透,【ハウ・アー・UFO】浅倉透,ろーかる銀河
浅倉透/【ハウ・アー・UFO】浅倉透/ろーかる銀河.csv,68,3020004020631,円香＆小糸＆雛菜,,浅倉透,【ハウ・アー・UFO】浅倉透,ろーかる銀河
浅倉透/【２８３プロのヒナ】浅倉透/produce_events_302000202.csv,2,3020002020010,雛菜,——雏菜肚子好饿～～～……,浅倉透,【２８３プロのヒナ】浅倉透,produce_events_302000202
浅倉透/【２８３プロのヒナ】浅倉透/produce_events_302000202.csv,4,3020002020030,雛菜,"诶～～～
雏菜拿零食当晚餐就行了～……",浅倉透,【２８３プロのヒナ】浅倉透,produce_events_302000202
浅倉透/【２８３プロのヒナ】浅倉透/produce_events_302000202.csv,8,3020002020070,雛菜,"嗯～～～
那雏菜也了解～♡",浅倉透,【２８３プロのヒナ】浅倉透,produce_events_302000202
浅倉透/【２８３プロのヒナ】浅倉透/produce_events_302000202.csv,9,3020002020080,雛菜,少拿点吧～～～♡,浅倉透,【２８３プロのヒナ】浅倉透,produce_events_302000202
浅倉透/【２８３プロのヒナ】浅倉透/produce_events_302000202.csv,13,3020002020120,雛菜,那雏菜也要这个～～～♡,浅倉透,【２８３プロのヒナ】浅倉透,produce_events_302000202
浅倉透/【２８３プロのヒナ】浅倉透/produce_events_302000202.csv,17,3020002020160,雛菜,那雏菜也～～～♡,浅倉透,【２８３プロのヒナ】浅倉透,produce_events_302000202
浅倉透/【２８３プロのヒナ】浅倉透/produce_events_302000202.csv,25,3020002020240,雛菜,"诶～～～
真好啊～，雏菜的呢～～～？",浅倉透,【２８３プロのヒナ】浅倉透,produce_events_302000202
浅倉透/【２８３プロのヒナ】浅倉透/produce_events_302000202.csv,28,3020002020270,雛菜,"呀哈～～～♡
最喜欢透前辈了～～～♡",浅倉透,【２８３プロのヒナ】浅倉透,produce_events_302000202
浅倉透/【２８３プロのヒナ】浅倉透/produce_events_302000202.csv,34,3020002020330,雛菜,"啊哈～～～♡
透前辈～～～♡",浅倉透,【２８３プロのヒナ】浅倉透,produce_events_302000202
浅倉透/【２８３プロのヒナ】浅倉透/produce_events_302000202.csv,36,3020002020350,雛菜,"嗯～～～
那雏菜，买指甲油行吗～？",浅倉透,【２８３プロのヒナ】浅倉透,produce_events_302000202
浅倉透/【２８３プロのヒナ】浅倉透/produce_events_302000202.csv,43,3020002020410,雛菜,"嗯～～～♡
透前辈给买的零食～♡",浅倉透,【２８３プロのヒナ】浅倉透,produce_events_302000202
浅倉透/【２８３プロのヒナ】浅倉透/produce_events_302000202.csv,44,3020002020420,雛菜,"这个舍不得吃
也不舍不得丢呢～～～？",浅倉透,【２８３プロのヒナ】浅倉透,produce_events_302000202
浅倉透/【２８３プロのヒナ】浅倉透/produce_events_302000202.csv,61,3020002020550,雛菜,啊哈～～～♡,浅倉透,【２８３プロのヒナ】浅倉透,produce_events_302000202
福丸小糸/【おおきなひと口】福丸小糸/あんしんの味.csv,3,3022011020020,雛菜,"小熊先生造型的
“可爱熊熊面包”",福丸小糸,【おおきなひと口】福丸小糸,あんしんの味
福丸小糸/【おおきなひと口】福丸小糸/あんしんの味.csv,4,3022011020021,小糸＆雛菜,正在热销中,福丸小糸,【おおきなひと口】福丸小糸,あんしんの味
福丸小糸/【おおきなひと口】福丸小糸/あんしんの味.csv,7,3022011020022,小糸＆雛菜,非、非常感谢……！,福丸小糸,【おおきなひと口】福丸小糸,あんしんの味
福丸小糸/【おおきなひと口】福丸小糸/あんしんの味.csv,11,3022011020040,雛菜,好～,福丸小糸,【おおきなひと口】福丸小糸,あんしんの味
福丸小糸/【おおきなひと口】福丸小糸/あんしんの味.csv,13,3022011020060,雛菜,"雏菜要这边这个蜂蜜面包！
看着就很好吃～～",福丸小糸,【おおきなひと口】福丸小糸,あんしんの味
福丸小糸/【おおきなひと口】福丸小糸/あんしんの味.csv,17,302201102091,小糸＆雛菜,我不客气了……！,福丸小糸,【おおきなひと口】福丸小糸,あんしんの味
福丸小糸/【おおきなひと口】福丸小糸/あんしんの味.csv,18,302201102092,小糸＆雛菜,,福丸小糸,【おおきなひと口】福丸小糸,あんしんの味
福丸小糸/【おおきなひと口】福丸小糸/あんしんの味.csv,19,3022011020100,雛菜,"啊哈～
松松软软地好好吃～",福丸小糸,【おおきなひと口】福丸小糸,あんしんの味
福丸小糸/【おおきなひと口】福丸小糸/あんしんの味.csv,20,3022011020110,雛菜,"下次雏菜自己
也要去买～",福丸小糸,【おおきなひと口】福丸小糸,あんしんの味
福丸小糸/【おおきなひと口】福丸小糸/あんしんの味.csv,27,3022011020170,雛菜,"嗯～
这个也很好吃～～！",福丸小糸,【おおきなひと口】福丸小糸,あんしんの味
福丸小糸/【おおきなひと口】福丸小糸/あんしんの味.csv,28,3022011020180,雛菜,"小糸
要吃小熊先生的面包吗～？",福丸小糸,【おおきなひと口】福丸小糸,あんしんの味
福丸小糸/【おおきなひと口】福丸小糸/あんしんの味.csv,31,3022011020210,雛菜,……啊哈～,福丸小糸,【おおきなひと口】福丸小糸,あんしんの味
福丸小糸/【おおきなひと口】福丸小糸/あんしんの味.csv,46,3022011020300,雛菜,"……啊、小糸
你回来啦～",福丸小糸,【おおきなひと口】福丸小糸,あんしんの味
福丸小糸/【おおきなひと口】福丸小糸/あんしんの味.csv,47,3022011020310,雛菜,来、小熊先生的面包～,福丸小糸,【おおきなひと口】福丸小糸,あんしんの味
福丸小糸/【おおきなひと口】福丸小糸/あんしんの味.csv,49,3022011020330,雛菜,嗯～～,福丸小糸,【おおきなひと口】福丸小糸,あんしんの味
福丸小糸/【おおきなひと口】福丸小糸/あんしんの味.csv,50,3022011020340,雛菜,"雏菜、这次要不就吃
咸咸的好了～？",福丸小糸,【おおきなひと口】福丸小糸,あんしんの味
福丸小糸/【おおきなひと口】福丸小糸/あんしんの味.csv,54,3022011020380,雛菜,"啊哈～
小糸、看来很好吃呢～",福丸小糸,【おおきなひと口】福丸小糸,あんしんの味
福丸小糸/【おおきなひと口】福丸小糸/ただしいリポート.csv,5,3022011010040,雛菜,"嘿～
真可爱呢～？",福丸小糸,【おおきなひと口】福丸小糸,ただしいリポート
福丸小糸/【おおきなひと口】福丸小糸/ただしいリポート.csv,11,3022011010100,雛菜,……啊哈～,福丸小糸,【おおきなひと口】福丸小糸,ただしいリポート
福丸小糸/【おおきなひと口】福丸小糸/ただしいリポート.csv,13,3022011010120,雛菜,辛苦啦～,福丸小糸,【おおきなひと口】福丸小糸,ただしいリポート
福丸小糸/【おおきなひと口】福丸小糸/ただしいリポート.csv,15,3022011010140,雛菜,嗯～？,福丸小糸,【おおきなひと口】福丸小糸,ただしいリポート
福丸小糸/【おおきなひと口】福丸小糸/ただしいリポート.csv,17,3022011010160,雛菜,……啊哈～,福丸小糸,【おおきなひと口】福丸小糸,ただしいリポート
福丸小糸/【おおきなひと口】福丸小糸/ただしいリポート.csv,20,3022011010190,雛菜,"嗯～
是雏菜哟～",福丸小糸,【おおきなひと口】福丸小糸,ただしいリポート
福丸小糸/【おおきなひと口】福丸小糸/ただしいリポート.csv,22,3022011010210,雛菜,刚刚～,福丸小糸,【おおきなひと口】福丸小糸,ただしいリポート
福丸小糸/【おおきなひと口】福丸小糸/ただしいリポート.csv,25,3022011010240,雛菜,"嗯～？
马马虎虎吧～",福丸小糸,【おおきなひと口】福丸小糸,ただしいリポート
福丸小糸/【おおきなひと口】福丸小糸/ただしいリポート.csv,30,3022011010290,雛菜,"……嗯～
或许是吧～……",福丸小糸,【おおきなひと口】福丸小糸,ただしいリポート
福丸小糸/【おおきなひと口】福丸小糸/ただしいリポート.csv,31,3022011010300,雛菜,"但就算看了资料
也不一定就能很顺利吧～？",福丸小糸,【おおきなひと口】福丸小糸,ただしいリポート
福丸小糸/【おおきなひと口】福丸小糸/ただしいリポート.csv,32,3022011010310,雛菜,"如果只是把记住的话说出来的话
那也不用让我们来了～",福丸小糸,【おおきなひと口】福丸小糸,ただしいリポート
福丸小糸/【おおきなひと口】福丸小糸/ただしいリポート.csv,34,3022011010330,雛菜,"觉得好吃的话
那就说出来",福丸小糸,【おおきなひと口】福丸小糸,ただしいリポート
福丸小糸/【おおきなひと口】福丸小糸/ただしいリポート.csv,35,3022011010340,雛菜,"要是还能想起资料的内容，
就把那些一起说出来～！",福丸小糸,【おおきなひと口】福丸小糸,ただしいリポート
福丸小糸/【おおきなひと口】福丸小糸/ただしいリポート.csv,40,3022011010390,雛菜,"小糸
那个袋子，是什么～？",福丸小糸,【おおきなひと口】福丸小糸,ただしいリポート
福丸小糸/【おおきなひと口】福丸小糸/ただしいリポート.csv,45,3022011010440,雛菜,"嘿～
那、雏菜要奶油面包～！",福丸小糸,【おおきなひと口】福丸小糸,ただしいリポート
福丸小糸/【おおきなひと口】福丸小糸/ただしいリポート.csv,47,3022011010460,雛菜,"呀哈～！
谢谢～",福丸小糸,【おおきなひと口】福丸小糸,ただしいリポート
福丸小糸/【おおきなひと口】福丸小糸/ただしいリポート.csv,48,3022011010470,雛菜,不客气了～,福丸小糸,【おおきなひと口】福丸小糸,ただしいリポート
福丸小糸/【おおきなひと口】福丸小糸/ただしいリポート.csv,49,3022011010480,雛菜,"……
啊哈～、好好吃～～",福丸小糸,【おおきなひと口】福丸小糸,ただしいリポート
福丸小糸/【おおきなひと口】福丸小糸/ただしいリポート.csv,54,3022011010530,雛菜,嗯～？,福丸小糸,【おおきなひと口】福丸小糸,ただしいリポート
福丸小糸/【おおきなひと口】福丸小糸/ただしいリポート.csv,57,3022011010560,雛菜,"啊哈～
是小糸的食评～！",福丸小糸,【おおきなひと口】福丸小糸,ただしいリポート
福丸小糸/【きせつはアイスクリン】福丸小糸/とこなつココナツ.csv,3,3022003010020,雛菜,——啊哈～,福丸小糸,【きせつはアイスクリン】福丸小糸,とこなつココナツ
福丸小糸/【きせつはアイスクリン】福丸小糸/とこなつココナツ.csv,4,3022003010030,雛菜,这个房间好凉～～～～～♡,福丸小糸,【きせつはアイスクリン】福丸小糸,とこなつココナツ
福丸小糸/【きせつはアイスクリン】福丸小糸/とこなつココナツ.csv,6,3022003010050,雛菜,打扰了～～～！,福丸小糸,【きせつはアイスクリン】福丸小糸,とこなつココナツ
福丸小糸/【きせつはアイスクリン】福丸小糸/とこなつココナツ.csv,16,3022003010150,雛菜,"啊，雏菜
买冰淇淋了～～～♡",福丸小糸,【きせつはアイスクリン】福丸小糸,とこなつココナツ
福丸小糸/【きせつはアイスクリン】福丸小糸/とこなつココナツ.csv,17,3022003010160,雛菜,透学姐要吗～？,福丸小糸,【きせつはアイスクリン】福丸小糸,とこなつココナツ
福丸小糸/【きせつはアイスクリン】福丸小糸/とこなつココナツ.csv,28,3022003010270,雛菜,"大家不吃的话
就放冰箱啦～～～！",福丸小糸,【きせつはアイスクリン】福丸小糸,とこなつココナツ
福丸小糸/【きせつはアイスクリン】福丸小糸/とこなつココナツ.csv,48,3022003010470,雛菜,那个～～～,福丸小糸,【きせつはアイスクリン】福丸小糸,とこなつココナツ
福丸小糸/【きせつはアイスクリン】福丸小糸/とこなつココナツ.csv,49,3022003010480,雛菜,"这个啊，刚去厨房的时候
顺手拿过来了",福丸小糸,【きせつはアイスクリン】福丸小糸,とこなつココナツ
福丸小糸/【きせつはアイスクリン】福丸小糸/とこなつココナツ.csv,50,3022003010490,雛菜,是哪个房间的～？,福丸小糸,【きせつはアイスクリン】福丸小糸,とこなつココナツ
福丸小糸/【きせつはアイスクリン】福丸小糸/とこなつココナツ.csv,51,3022003010500,雛菜,——冷气遥控器！,福丸小糸,【きせつはアイスクリン】福丸小糸,とこなつココナツ
福丸小糸/【きせつはアイスクリン】福丸小糸/プールサイダー.csv,22,3022003020210,雛菜,早安～～～！,福丸小糸,【きせつはアイスクリン】福丸小糸,プールサイダー
福丸小糸/【きせつはアイスクリン】福丸小糸/プールサイダー.csv,23,3022003020220,雛菜,"啊，大家都在！
快点去泳池吧～～～！",福丸小糸,【きせつはアイスクリン】福丸小糸,プールサイダー
福丸小糸/【きせつはアイスクリン】福丸小糸/プールサイダー.csv,26,3022003020250,雛菜,嘿～？,福丸小糸,【きせつはアイスクリン】福丸小糸,プールサイダー
福丸小糸/【きせつはアイスクリン】福丸小糸/プールサイダー.csv,28,3022003020270,雛菜,"诶～～～！
这样吗～～～！？",福丸小糸,【きせつはアイスクリン】福丸小糸,プールサイダー
福丸小糸/【きせつはアイスクリン】福丸小糸/プールサイダー.csv,29,3022003020280,雛菜,"雏菜，里面已经
穿好泳装了说～……",福丸小糸,【きせつはアイスクリン】福丸小糸,プールサイダー
福丸小糸/【きせつはアイスクリン】福丸小糸/プールサイダー.csv,31,3022003020300,雛菜,那其他的泳池呢～？,福丸小糸,【きせつはアイスクリン】福丸小糸,プールサイダー
福丸小糸/【きせつはアイスクリン】福丸小糸/プールサイダー.csv,40,3022003020390,雛菜,"诶～～～！
雏菜就想今天去泳池～",福丸小糸,【きせつはアイスクリン】福丸小糸,プールサイダー
福丸小糸/【きせつはアイスクリン】福丸小糸/プールサイダー.csv,48,3022003020470,雛菜,"啊哈～
透学姐最棒了～♡",福丸小糸,【きせつはアイスクリン】福丸小糸,プールサイダー
福丸小糸/【きっと色褪せるけど】福丸小糸/指でつくった四角のむこう.csv,3,3022009020020,雛菜,"诶~？
美术室~",福丸小糸,【きっと色褪せるけど】福丸小糸,指でつくった四角のむこう
福丸小糸/【きっと色褪せるけど】福丸小糸/指でつくった四角のむこう.csv,4,3022009020030,雛菜,画画就到美术室~,福丸小糸,【きっと色褪せるけど】福丸小糸,指でつくった四角のむこう
福丸小糸/【きっと色褪せるけど】福丸小糸/指でつくった四角のむこう.csv,6,3022009020050,雛菜,打扰了~！,福丸小糸,【きっと色褪せるけど】福丸小糸,指でつくった四角のむこう
福丸小糸/【きっと色褪せるけど】福丸小糸/指でつくった四角のむこう.csv,9,3022009020080,雛菜,"啊哈~
那可真走运~",福丸小糸,【きっと色褪せるけど】福丸小糸,指でつくった四角のむこう
福丸小糸/【きっと色褪せるけど】福丸小糸/指でつくった四角のむこう.csv,10,3022009020090,雛菜,"那，透前辈
坐到那儿的正中间",福丸小糸,【きっと色褪せるけど】福丸小糸,指でつくった四角のむこう
福丸小糸/【きっと色褪せるけど】福丸小糸/指でつくった四角のむこう.csv,13,3022009020120,雛菜,"是啊~
之前也说过了吧~？",福丸小糸,【きっと色褪せるけど】福丸小糸,指でつくった四角のむこう
福丸小糸/【きっと色褪せるけど】福丸小糸/指でつくった四角のむこう.csv,15,3022009020140,雛菜,"之前上美术课的时候去了透前辈的教室
结果被说打扰上课所以不行～……",福丸小糸,【きっと色褪せるけど】福丸小糸,指でつくった四角のむこう
福丸小糸/【きっと色褪せるけど】福丸小糸/指でつくった四角のむこう.csv,19,3022009020180,雛菜,"明明都说了
只要是喜欢的地方哪里都可以～",福丸小糸,【きっと色褪せるけど】福丸小糸,指でつくった四角のむこう
福丸小糸/【きっと色褪せるけど】福丸小糸/指でつくった四角のむこう.csv,21,3022009020200,雛菜,明明雏菜也在上课啊～……,福丸小糸,【きっと色褪せるけど】福丸小糸,指でつくった四角のむこう
福丸小糸/【きっと色褪せるけど】福丸小糸/指でつくった四角のむこう.csv,23,3022009020220,雛菜,"算了，也没办法
今天先画个大致的构图～",福丸小糸,【きっと色褪せるけど】福丸小糸,指でつくった四角のむこう
福丸小糸/【きっと色褪せるけど】福丸小糸/指でつくった四角のむこう.csv,24,3022009020230,雛菜,"然后拍个照
课上就看着照片画～！",福丸小糸,【きっと色褪せるけど】福丸小糸,指でつくった四角のむこう
福丸小糸/【きっと色褪せるけど】福丸小糸/指でつくった四角のむこう.csv,26,3022009020250,雛菜,"会画得超好的
可以期待一下哦～？",福丸小糸,【きっと色褪せるけど】福丸小糸,指でつくった四角のむこう
福丸小糸/【きっと色褪せるけど】福丸小糸/指でつくった四角のむこう.csv,39,3022009020380,雛菜,"诶～？
在画透前辈～！",福丸小糸,【きっと色褪せるけど】福丸小糸,指でつくった四角のむこう
福丸小糸/【きっと色褪せるけど】福丸小糸/指でつくった四角のむこう.csv,47,3022009020451,透＆円香＆雛菜,,福丸小糸,【きっと色褪せるけど】福丸小糸,指でつくった四角のむこう
福丸小糸/【きっと色褪せるけど】福丸小糸/指でつくった四角のむこう.csv,51,3022009020490,雛菜,"啊哈～
好啊",福丸小糸,【きっと色褪せるけど】福丸小糸,指でつくった四角のむこう
福丸小糸/【きっと色褪せるけど】福丸小糸/指でつくった四角のむこう.csv,53,3022009020510,雛菜,"诶～
明明什么都没说～！",福丸小糸,【きっと色褪せるけど】福丸小糸,指でつくった四角のむこう
福丸小糸/【きっと色褪せるけど】福丸小糸/移動する場所をさがして.csv,18,3022009010070,雛菜,美术课的作业~……？,福丸小糸,【きっと色褪せるけど】福丸小糸,移動する場所をさがして
福丸小糸/【きっと色褪せるけど】福丸小糸/移動する場所をさがして.csv,19,3022009010080,雛菜,"啊~……
雏菜班上也有一样的作业~",福丸小糸,【きっと色褪せるけど】福丸小糸,移動する場所をさがして
福丸小糸/【きっと色褪せるけど】福丸小糸/移動する場所をさがして.csv,21,3022009010100,雛菜,嗯~,福丸小糸,【きっと色褪せるけど】福丸小糸,移動する場所をさがして
福丸小糸/【きっと色褪せるけど】福丸小糸/移動する場所をさがして.csv,23,3022009010120,雛菜,"……？
嗯，决定好了~",福丸小糸,【きっと色褪せるけど】福丸小糸,移動する場所をさがして
福丸小糸/【きっと色褪せるけど】福丸小糸/移動する場所をさがして.csv,26,3022009010150,雛菜,"嗯~？
雏菜要画~",福丸小糸,【きっと色褪せるけど】福丸小糸,移動する場所をさがして
福丸小糸/【きっと色褪せるけど】福丸小糸/移動する場所をさがして.csv,27,3022009010160,雛菜,透前辈~！,福丸小糸,【きっと色褪せるけど】福丸小糸,移動する場所をさがして
福丸小糸/【きっと色褪せるけど】福丸小糸/移動する場所をさがして.csv,30,3022009010190,雛菜,是啊~？,福丸小糸,【きっと色褪せるけど】福丸小糸,移動する場所をさがして
福丸小糸/【きっと色褪せるけど】福丸小糸/移動する場所をさがして.csv,32,3022009010210,雛菜,"诶~
不行吗~？",福丸小糸,【きっと色褪せるけど】福丸小糸,移動する場所をさがして
福丸小糸/【きっと色褪せるけど】福丸小糸/移動する場所をさがして.csv,34,3022009010230,雛菜,"那
就画有透前辈在的风景好了~！",福丸小糸,【きっと色褪せるけど】福丸小糸,移動する場所をさがして
福丸小糸/【きっと色褪せるけど】福丸小糸/移動する場所をさがして.csv,35,3022009010240,雛菜,这样就行了吧~？,福丸小糸,【きっと色褪せるけど】福丸小糸,移動する場所をさがして
福丸小糸/【きっと色褪せるけど】福丸小糸/移動する場所をさがして.csv,37,3022009010260,雛菜,"都说了选自己喜欢的地方嘛~？
那就没错啊",福丸小糸,【きっと色褪せるけど】福丸小糸,移動する場所をさがして
福丸小糸/【きっと色褪せるけど】福丸小糸/移動する場所をさがして.csv,39,3022009010280,雛菜,"再说雏菜自己喜欢的
被别人说不行就很奇怪吧~？",福丸小糸,【きっと色褪せるけど】福丸小糸,移動する場所をさがして
福丸小糸/【きっと色褪せるけど】福丸小糸/移動する場所をさがして.csv,42,3022009010310,雛菜,"诶~
说得就是啊~",福丸小糸,【きっと色褪せるけど】福丸小糸,移動する場所をさがして
福丸小糸/【きっと色褪せるけど】福丸小糸/移動する場所をさがして.csv,44,3022009010330,雛菜,小糸呢~？,福丸小糸,【きっと色褪せるけど】福丸小糸,移動する場所をさがして
福丸小糸/【きっと色褪せるけど】福丸小糸/移動する場所をさがして.csv,46,3022009010350,雛菜,要画什么~？,福丸小糸,【きっと色褪せるけど】福丸小糸,移動する場所をさがして
福丸小糸/【きっと色褪せるけど】福丸小糸/移動する場所をさがして.csv,48,3022009010370,雛菜,这样~,福丸小糸,【きっと色褪せるけど】福丸小糸,移動する場所をさがして
福丸小糸/【きっと色褪せるけど】福丸小糸/移動する場所をさがして.csv,51,3022009010400,雛菜,啊哈~,福丸小糸,【きっと色褪せるけど】福丸小糸,移動する場所をさがして
福丸小糸/【きっと色褪せるけど】福丸小糸/移動する場所をさがして.csv,52,3022009010410,雛菜,"那小糸也
来画透前辈~？",福丸小糸,【きっと色褪せるけど】福丸小糸,移動する場所をさがして
福丸小糸/【きっと色褪せるけど】福丸小糸/移動する場所をさがして.csv,54,3022009010430,雛菜,"雏菜无所谓哦~
模仿我也！",福丸小糸,【きっと色褪せるけど】福丸小糸,移動する場所をさがして
福丸小糸/【さよならメランコリー】福丸小糸/できない天使.csv,24,3022012030100,雛菜,雏菜口渴了～,福丸小糸,【さよならメランコリー】福丸小糸,できない天使
福丸小糸/【さよならメランコリー】福丸小糸/できない天使.csv,26,3022012030120,雛菜,走吧～！,福丸小糸,【さよならメランコリー】福丸小糸,できない天使
福丸小糸/【さよならメランコリー】福丸小糸/できない天使.csv,34,3022012030170,雛菜,那我们在外面等你～,福丸小糸,【さよならメランコリー】福丸小糸,できない天使
福丸小糸/【さよならメランコリー】福丸小糸/できない天使.csv,41,3022012030220,雛菜,啊、小糸来了～,福丸小糸,【さよならメランコリー】福丸小糸,できない天使
福丸小糸/【さよならメランコリー】福丸小糸/やみかわチャレンジ.csv,24,3022012010110,雛菜,透前辈，你要什么饮料～？,福丸小糸,【さよならメランコリー】福丸小糸,やみかわチャレンジ
福丸小糸/【さよならメランコリー】福丸小糸/やみかわチャレンジ.csv,30,3022012010170,雛菜,啊哈～,福丸小糸,【さよならメランコリー】福丸小糸,やみかわチャレンジ
福丸小糸/【さよならメランコリー】福丸小糸/やみかわチャレンジ.csv,39,3022012010260,雛菜,啊～、好像是听制作人说过～,福丸小糸,【さよならメランコリー】福丸小糸,やみかわチャレンジ
福丸小糸/【さよならメランコリー】福丸小糸/やみかわチャレンジ.csv,44,3022012010310,雛菜,和粉丝一起工作，感觉还挺奇妙的呢～,福丸小糸,【さよならメランコリー】福丸小糸,やみかわチャレンジ
福丸小糸/【さよならメランコリー】福丸小糸/わたしのファン.csv,36,3022012020210,雛菜,啊～、有粗点心～,福丸小糸,【さよならメランコリー】福丸小糸,わたしのファン
福丸小糸/【さよならメランコリー】福丸小糸/わたしのファン.csv,40,3022012020250,雛菜,透前辈，那个是酸的吗～,福丸小糸,【さよならメランコリー】福丸小糸,わたしのファン
福丸小糸/【さよならメランコリー】福丸小糸/わたしのファン.csv,65,3022012020411,透＆円香＆雛菜,好的——,福丸小糸,【さよならメランコリー】福丸小糸,わたしのファン
福丸小糸/【しかえし優等生】福丸 小糸/なんだそっか.csv,3,3022005020020,雛菜,啊～，嗯,福丸小糸,【しかえし優等生】福丸 小糸,なんだそっか
福丸小糸/【しかえし優等生】福丸 小糸/なんだそっか.csv,4,3022005020030,雛菜,"小糸又是第一吧～？
好厉害～",福丸小糸,【しかえし優等生】福丸 小糸,なんだそっか
福丸小糸/【しかえし優等生】福丸 小糸/なんだそっか.csv,7,3022005020060,雛菜,嗯～？,福丸小糸,【しかえし優等生】福丸 小糸,なんだそっか
福丸小糸/【しかえし優等生】福丸 小糸/なんだそっか.csv,8,3022005020070,雛菜,"雏菜，
也没有讨厌学习呢～",福丸小糸,【しかえし優等生】福丸 小糸,なんだそっか
福丸小糸/【しかえし優等生】福丸 小糸/なんだそっか.csv,10,3022005020090,雛菜,诶～～～～？,福丸小糸,【しかえし優等生】福丸 小糸,なんだそっか
福丸小糸/【しかえし優等生】福丸 小糸/なんだそっか.csv,13,3022005020120,雛菜,怪了～，原来不知道吗～？,福丸小糸,【しかえし優等生】福丸 小糸,なんだそっか
福丸小糸/【しかえし優等生】福丸 小糸/なんだそっか.csv,14,3022005020130,雛菜,"可是小糸
也不讨厌学习吧？",福丸小糸,【しかえし優等生】福丸 小糸,なんだそっか
福丸小糸/【しかえし優等生】福丸 小糸/なんだそっか.csv,19,3022005020180,雛菜,啊～，是之前那个人,福丸小糸,【しかえし優等生】福丸 小糸,なんだそっか
福丸小糸/【しかえし優等生】福丸 小糸/なんだそっか.csv,24,3022005020230,雛菜,…………啊哈～,福丸小糸,【しかえし優等生】福丸 小糸,なんだそっか
福丸小糸/【しかえし優等生】福丸 小糸/なんだそっか.csv,27,3022005020260,雛菜,……是哦～,福丸小糸,【しかえし優等生】福丸 小糸,なんだそっか
福丸小糸/【しかえし優等生】福丸 小糸/なんだそっか.csv,30,3022005020290,雛菜,啊，小糸～……,福丸小糸,【しかえし優等生】福丸 小糸,なんだそっか
福丸小糸/【しかえし優等生】福丸 小糸/なんだそっか.csv,32,3022005020310,雛菜,"真是～……
不用跑那么快啦～",福丸小糸,【しかえし優等生】福丸 小糸,なんだそっか
福丸小糸/【しかえし優等生】福丸 小糸/なんだそっか.csv,35,3022005020340,雛菜,"诶～
刚才的能叫反抗吗～？",福丸小糸,【しかえし優等生】福丸 小糸,なんだそっか
福丸小糸/【しかえし優等生】福丸 小糸/なんだそっか.csv,36,3022005020350,雛菜,"明明只有
小糸一个人在大喊",福丸小糸,【しかえし優等生】福丸 小糸,なんだそっか
福丸小糸/【しかえし優等生】福丸 小糸/なんだそっか.csv,38,3022005020370,雛菜,——小糸,福丸小糸,【しかえし優等生】福丸 小糸,なんだそっか
福丸小糸/【しかえし優等生】福丸 小糸/なんだそっか.csv,39,3022005020380,雛菜,"不用特地因为这种事
生气的哦",福丸小糸,【しかえし優等生】福丸 小糸,なんだそっか
福丸小糸/【しかえし優等生】福丸 小糸/なんだそっか.csv,41,3022005020400,雛菜,"雏菜，根本不知道
刚才那个老师的名字～",福丸小糸,【しかえし優等生】福丸 小糸,なんだそっか
福丸小糸/【しかえし優等生】福丸 小糸/なんだそっか.csv,42,3022005020410,雛菜,"中学时候的老师
也已经一个都想不起来了",福丸小糸,【しかえし優等生】福丸 小糸,なんだそっか
福丸小糸/【しかえし優等生】福丸 小糸/なんだそっか.csv,43,3022005020420,雛菜,"反正学校里见不到的话
马上就忘了",福丸小糸,【しかえし優等生】福丸 小糸,なんだそっか
福丸小糸/【しかえし優等生】福丸 小糸/なんだそっか.csv,47,3022005020460,雛菜,,福丸小糸,【しかえし優等生】福丸 小糸,なんだそっか
福丸小糸/【しかえし優等生】福丸 小糸/なんだそっか.csv,48,3022005020470,雛菜,"啊～
可是，好像还是不太行",福丸小糸,【しかえし優等生】福丸 小糸,なんだそっか
福丸小糸/【しかえし優等生】福丸 小糸/なんだそっか.csv,51,3022005020500,雛菜,"就觉得小糸超生气的样子
很好玩啊～",福丸小糸,【しかえし優等生】福丸 小糸,なんだそっか
福丸小糸/【しかえし優等生】福丸 小糸/なんだそっか.csv,52,3022005020510,雛菜,应该暂时忘不了！,福丸小糸,【しかえし優等生】福丸 小糸,なんだそっか
福丸小糸/【しかえし優等生】福丸 小糸/イヤじゃないの.csv,2,3022005010010,雛菜,"咦～，小糸
要回去了吗～？",福丸小糸,【しかえし優等生】福丸 小糸,イヤじゃないの
福丸小糸/【しかえし優等生】福丸 小糸/イヤじゃないの.csv,9,3022005010060,雛菜,"啊哈～
这倒是没干过呢～？",福丸小糸,【しかえし優等生】福丸 小糸,イヤじゃないの
福丸小糸/【しかえし優等生】福丸 小糸/イヤじゃないの.csv,11,3022005010070,雛菜,"……走掉了
刚才的是谁～？",福丸小糸,【しかえし優等生】福丸 小糸,イヤじゃないの
福丸小糸/【しかえし優等生】福丸 小糸/イヤじゃないの.csv,14,3022005010100,雛菜,"……小糸，
是不是在生气～？",福丸小糸,【しかえし優等生】福丸 小糸,イヤじゃないの
福丸小糸/【しかえし優等生】福丸 小糸/イヤじゃないの.csv,16,3022005010120,雛菜,什么～？,福丸小糸,【しかえし優等生】福丸 小糸,イヤじゃないの
福丸小糸/【しかえし優等生】福丸 小糸/イヤじゃないの.csv,18,3022005010140,雛菜,"啊～，那个啊
小糸班上的？",福丸小糸,【しかえし優等生】福丸 小糸,イヤじゃないの
福丸小糸/【しかえし優等生】福丸 小糸/イヤじゃないの.csv,20,3022005010160,雛菜,"雏菜没关系啊～
也没办法嘛～？",福丸小糸,【しかえし優等生】福丸 小糸,イヤじゃないの
福丸小糸/【しかえし優等生】福丸 小糸/イヤじゃないの.csv,21,3022005010170,雛菜,"就算生气
也不会发生什么的哦？",福丸小糸,【しかえし優等生】福丸 小糸,イヤじゃないの
福丸小糸/【しかえし優等生】福丸 小糸/イヤじゃないの.csv,27,3022005010230,雛菜,嗯～？,福丸小糸,【しかえし優等生】福丸 小糸,イヤじゃないの
福丸小糸/【しかえし優等生】福丸 小糸/イヤじゃないの.csv,29,3022005010250,雛菜,嘿～……？,福丸小糸,【しかえし優等生】福丸 小糸,イヤじゃないの
福丸小糸/【しかえし優等生】福丸 小糸/イヤじゃないの.csv,32,3022005010280,雛菜,那当然了吧～,福丸小糸,【しかえし優等生】福丸 小糸,イヤじゃないの
福丸小糸/【しかえし優等生】福丸 小糸/イヤじゃないの.csv,36,3022005010320,雛菜,"什么啊～
报复方式太优等生了～！",福丸小糸,【しかえし優等生】福丸 小糸,イヤじゃないの
福丸小糸/【しかえし優等生】福丸 小糸/イヤじゃないの.csv,39,3022005010350,雛菜,…………算了，也行吧～！,福丸小糸,【しかえし優等生】福丸 小糸,イヤじゃないの
福丸小糸/【しかえし優等生】福丸 小糸/イヤじゃないの.csv,40,3022005010360,雛菜,"小糸
有时候还挺顽固的～",福丸小糸,【しかえし優等生】福丸 小糸,イヤじゃないの
福丸小糸/【しかえし優等生】福丸 小糸/イヤじゃないの.csv,42,3022005010380,雛菜,那去咖啡厅学习吧～？,福丸小糸,【しかえし優等生】福丸 小糸,イヤじゃないの
福丸小糸/【しかえし優等生】福丸 小糸/イヤじゃないの.csv,43,3022005010390,雛菜,"雏菜点蛋糕还是华夫饼呢～
冰沙也不错～",福丸小糸,【しかえし優等生】福丸 小糸,イヤじゃないの
福丸小糸/【しかえし優等生】福丸 小糸/イヤじゃないの.csv,46,3022005010420,雛菜,啊哈～,福丸小糸,【しかえし優等生】福丸 小糸,イヤじゃないの
福丸小糸/【しかえし優等生】福丸 小糸/イヤじゃないの.csv,47,3022005010430,雛菜,当然～！,福丸小糸,【しかえし優等生】福丸 小糸,イヤじゃないの
福丸小糸/【しかえし優等生】福丸 小糸/イヤじゃないの.csv,49,3022005010450,雛菜,啊～，原来如此～,福丸小糸,【しかえし優等生】福丸 小糸,イヤじゃないの
福丸小糸/【しかえし優等生】福丸 小糸/イヤじゃないの.csv,50,3022005010460,雛菜,"小糸
很会教人呢～",福丸小糸,【しかえし優等生】福丸 小糸,イヤじゃないの
福丸小糸/【しかえし優等生】福丸 小糸/イヤじゃないの.csv,53,3022005010490,雛菜,但是雏菜,福丸小糸,【しかえし優等生】福丸 小糸,イヤじゃないの
福丸小糸/【しかえし優等生】福丸 小糸/イヤじゃないの.csv,54,3022005010500,雛菜,"最后好像，
还是打扰小糸了吧～？",福丸小糸,【しかえし優等生】福丸 小糸,イヤじゃないの
福丸小糸/【はるとあめ】福丸小糸/おいしい雨模様.csv,3,3022008010020,雛菜,对啊～,福丸小糸,【はるとあめ】福丸小糸,おいしい雨模様
福丸小糸/【はるとあめ】福丸小糸/おいしい雨模様.csv,6,3022008010050,雛菜,"啊～
要买吗～？",福丸小糸,【はるとあめ】福丸小糸,おいしい雨模様
福丸小糸/【はるとあめ】福丸小糸/おいしい雨模様.csv,9,3022008010080,雛菜,"那么
先去看看点心吧～",福丸小糸,【はるとあめ】福丸小糸,おいしい雨模様
福丸小糸/【はるとあめ】福丸小糸/おいしい雨模様.csv,11,3022008010100,雛菜,"嗯～
可是，也许在看点心的时候雨就停了哦～？",福丸小糸,【はるとあめ】福丸小糸,おいしい雨模様
福丸小糸/【はるとあめ】福丸小糸/おいしい雨模様.csv,13,3022008010120,雛菜,"这样就不用买伞
钱可以用来买点心了吧～？",福丸小糸,【はるとあめ】福丸小糸,おいしい雨模様
福丸小糸/【はるとあめ】福丸小糸/おいしい雨模様.csv,14,3022008010130,雛菜,这样不是比较划得来吗？,福丸小糸,【はるとあめ】福丸小糸,おいしい雨模様
福丸小糸/【はるとあめ】福丸小糸/おいしい雨模様.csv,16,3022008010150,雛菜,"对吧～？
那就拿上篮子去点心卖场──……",福丸小糸,【はるとあめ】福丸小糸,おいしい雨模様
福丸小糸/【はるとあめ】福丸小糸/おいしい雨模様.csv,17,3022008010160,雛菜,……啊,福丸小糸,【はるとあめ】福丸小糸,おいしい雨模様
福丸小糸/【はるとあめ】福丸小糸/おいしい雨模様.csv,19,3022008010180,雛菜,"写着“雨天特价
杯装春雨（粉丝）”～",福丸小糸,【はるとあめ】福丸小糸,おいしい雨模様
福丸小糸/【はるとあめ】福丸小糸/おいしい雨模様.csv,22,3022008010210,雛菜,"…………
小糸",福丸小糸,【はるとあめ】福丸小糸,おいしい雨模様
福丸小糸/【はるとあめ】福丸小糸/おいしい雨模様.csv,23,3022008010220,雛菜,"能吃的春雨（粉丝）
为什么叫做“春雨”呢？",福丸小糸,【はるとあめ】福丸小糸,おいしい雨模様
福丸小糸/【はるとあめ】福丸小糸/おいしい雨模様.csv,26,3022008010250,雛菜,"哎呀
小糸也不清楚吗～",福丸小糸,【はるとあめ】福丸小糸,おいしい雨模様
福丸小糸/【はるとあめ】福丸小糸/おいしい雨模様.csv,27,3022008010260,雛菜,"算了
也不是很在意",福丸小糸,【はるとあめ】福丸小糸,おいしい雨模様
福丸小糸/【はるとあめ】福丸小糸/おいしい雨模様.csv,29,3022008010280,雛菜,啊哈～，在查这个吗～？,福丸小糸,【はるとあめ】福丸小糸,おいしい雨模様
福丸小糸/【はるとあめ】福丸小糸/おいしい雨模様.csv,32,3022008010310,雛菜,"嗯～
是吗～？",福丸小糸,【はるとあめ】福丸小糸,おいしい雨模様
福丸小糸/【はるとあめ】福丸小糸/おいしい雨模様.csv,34,3022008010330,雛菜,"这样啊，也许正因如此
小糸才会那么聪明～",福丸小糸,【はるとあめ】福丸小糸,おいしい雨模様
福丸小糸/【はるとあめ】福丸小糸/おいしい雨模様.csv,41,3022008010400,雛菜,嘿～……,福丸小糸,【はるとあめ】福丸小糸,おいしい雨模様
福丸小糸/【はるとあめ】福丸小糸/おいしい雨模様.csv,44,3022008010430,雛菜,嗯～……,福丸小糸,【はるとあめ】福丸小糸,おいしい雨模様
福丸小糸/【はるとあめ】福丸小糸/おいしい雨模様.csv,46,3022008010450,雛菜,"嗯～
因为大家都会吃的吧～？",福丸小糸,【はるとあめ】福丸小糸,おいしい雨模様
福丸小糸/【はるとあめ】福丸小糸/おいしい雨模様.csv,47,3022008010460,雛菜,放在透学姐家里的话,福丸小糸,【はるとあめ】福丸小糸,おいしい雨模様
福丸小糸/【はるとあめ】福丸小糸/おいしい雨模様.csv,49,3022008010480,雛菜,放在那里小糸也能吃吧～？,福丸小糸,【はるとあめ】福丸小糸,おいしい雨模様
福丸小糸/【はるとあめ】福丸小糸/おいしい雨模様.csv,52,3022008010510,雛菜,"对吧～？
透学姐喜欢什么口味来着～",福丸小糸,【はるとあめ】福丸小糸,おいしい雨模様
福丸小糸/【はるとあめ】福丸小糸/おいしい雨模様.csv,53,3022008010520,雛菜,"酱油、咸味
还是说清汤呢～……",福丸小糸,【はるとあめ】福丸小糸,おいしい雨模様
福丸小糸/【はるとあめ】福丸小糸/おいしい雨模様.csv,56,3022008010550,雛菜,"欸～
不用特意去问也没事的……",福丸小糸,【はるとあめ】福丸小糸,おいしい雨模様
福丸小糸/【はるとあめ】福丸小糸/おいしい雨模様.csv,57,3022008010560,雛菜,"……啊，不过
是说这样不好吗",福丸小糸,【はるとあめ】福丸小糸,おいしい雨模様
福丸小糸/【はるとあめ】福丸小糸/おいしい雨模様.csv,58,3022008010570,雛菜,不知道的事情，就这么一直不去了解,福丸小糸,【はるとあめ】福丸小糸,おいしい雨模様
福丸小糸/【はるとあめ】福丸小糸/おなかは空くの.csv,2,3022008020010,雛菜,总感觉最近老是下雨～……,福丸小糸,【はるとあめ】福丸小糸,おなかは空くの
福丸小糸/【はるとあめ】福丸小糸/おなかは空くの.csv,3,3022008020020,雛菜,真闲啊～……,福丸小糸,【はるとあめ】福丸小糸,おなかは空くの
福丸小糸/【はるとあめ】福丸小糸/おなかは空くの.csv,7,3022008020060,雛菜,"嗯～？
这倒没什么～",福丸小糸,【はるとあめ】福丸小糸,おなかは空くの
福丸小糸/【はるとあめ】福丸小糸/おなかは空くの.csv,8,3022008020070,雛菜,"下雨的话去学校会被淋湿
挺难受的",福丸小糸,【はるとあめ】福丸小糸,おなかは空くの
福丸小糸/【はるとあめ】福丸小糸/おなかは空くの.csv,9,3022008020080,雛菜,"肚子有些饿的时候
也不能随便去便利店吧～？",福丸小糸,【はるとあめ】福丸小糸,おなかは空くの
福丸小糸/【はるとあめ】福丸小糸/おなかは空くの.csv,11,3022008020100,雛菜,"所以，来！
大家伸出手～",福丸小糸,【はるとあめ】福丸小糸,おなかは空くの
福丸小糸/【はるとあめ】福丸小糸/おなかは空くの.csv,13,3022008020120,雛菜,便利店猜拳！,福丸小糸,【はるとあめ】福丸小糸,おなかは空くの
福丸小糸/【はるとあめ】福丸小糸/おなかは空くの.csv,16,3022008020150,雛菜,"嗯～
猜拳输了的人去～！",福丸小糸,【はるとあめ】福丸小糸,おなかは空くの
福丸小糸/【はるとあめ】福丸小糸/おなかは空くの.csv,18,3022008020170,雛菜,所以才要猜拳吧～？,福丸小糸,【はるとあめ】福丸小糸,おなかは空くの
福丸小糸/【はるとあめ】福丸小糸/おなかは空くの.csv,19,3022008020180,雛菜,雏菜不想去所以要赢～！,福丸小糸,【はるとあめ】福丸小糸,おなかは空くの
福丸小糸/【はるとあめ】福丸小糸/おなかは空くの.csv,27,3022008020260,雛菜,嗯～！,福丸小糸,【はるとあめ】福丸小糸,おなかは空くの
福丸小糸/【はるとあめ】福丸小糸/おなかは空くの.csv,30,3022008020290,雛菜,"啊～！
没错呢！",福丸小糸,【はるとあめ】福丸小糸,おなかは空くの
福丸小糸/【はるとあめ】福丸小糸/おなかは空くの.csv,31,3022008020300,雛菜,透学姐，那些还有剩吗？,福丸小糸,【はるとあめ】福丸小糸,おなかは空くの
福丸小糸/【はるとあめ】福丸小糸/おなかは空くの.csv,34,3022008020330,雛菜,"呀哈～
那就泡来吃吧……！",福丸小糸,【はるとあめ】福丸小糸,おなかは空くの
福丸小糸/【はるとあめ】福丸小糸/おなかは空くの.csv,35,3022008020340,雛菜,谁要吃～～～～～？,福丸小糸,【はるとあめ】福丸小糸,おなかは空くの
福丸小糸/【はるとあめ】福丸小糸/おなかは空くの.csv,38,3022008020370,雛菜,……小糸呢？,福丸小糸,【はるとあめ】福丸小糸,おなかは空くの
福丸小糸/【はるとあめ】福丸小糸/おなかは空くの.csv,41,3022008020400,雛菜,"好
也吃是吧～",福丸小糸,【はるとあめ】福丸小糸,おなかは空くの
福丸小糸/【はるとあめ】福丸小糸/晴れときどき桜.csv,5,3022008030040,雛菜,啊～……,福丸小糸,【はるとあめ】福丸小糸,晴れときどき桜
福丸小糸/【はるとあめ】福丸小糸/晴れときどき桜.csv,6,3022008030050,雛菜,"难得久违地放晴了
今天却要训练啊～",福丸小糸,【はるとあめ】福丸小糸,晴れときどき桜
福丸小糸/【はるとあめ】福丸小糸/晴れときどき桜.csv,17,3022008030160,雛菜,呐～！,福丸小糸,【はるとあめ】福丸小糸,晴れときどき桜
福丸小糸/【はるとあめ】福丸小糸/晴れときどき桜.csv,18,3022008030170,雛菜,"透学姐
为什么还在撑伞呢～？",福丸小糸,【はるとあめ】福丸小糸,晴れときどき桜
福丸小糸/【はるとあめ】福丸小糸/晴れときどき桜.csv,26,3022008030250,雛菜,"欸～
那雏菜也撑伞吧～！",福丸小糸,【はるとあめ】福丸小糸,晴れときどき桜
福丸小糸/【はるとあめ】福丸小糸/晴れときどき桜.csv,28,3022008030270,雛菜,"小糸
怎么了～？",福丸小糸,【はるとあめ】福丸小糸,晴れときどき桜
福丸小糸/【はるとあめ】福丸小糸/晴れときどき桜.csv,32,3022008030310,雛菜,"啊哈～
是呢～",福丸小糸,【はるとあめ】福丸小糸,晴れときどき桜
福丸小糸/【はるとあめ】福丸小糸/晴れときどき桜.csv,35,3022008030340,雛菜,"嗯～……
是吗？",福丸小糸,【はるとあめ】福丸小糸,晴れときどき桜
福丸小糸/【はるとあめ】福丸小糸/晴れときどき桜.csv,36,3022008030350,雛菜,"总会结束的吧～？
无论是什么",福丸小糸,【はるとあめ】福丸小糸,晴れときどき桜
福丸小糸/【はるとあめ】福丸小糸/晴れときどき桜.csv,40,3022008030390,雛菜,"嘿～……
虽然不太清楚",福丸小糸,【はるとあめ】福丸小糸,晴れときどき桜
福丸小糸/【はるとあめ】福丸小糸/晴れときどき桜.csv,41,3022008030400,雛菜,"啊～，但是
这样不好是吗，小糸",福丸小糸,【はるとあめ】福丸小糸,晴れときどき桜
福丸小糸/【はるとあめ】福丸小糸/晴れときどき桜.csv,42,3022008030410,雛菜,不知道的事情，就这么一直不去了解,福丸小糸,【はるとあめ】福丸小糸,晴れときどき桜
福丸小糸/【はるとあめ】福丸小糸/晴れときどき桜.csv,44,3022008030430,雛菜,不过雏菜并不是小糸呢～……,福丸小糸,【はるとあめ】福丸小糸,晴れときどき桜
福丸小糸/【はるとあめ】福丸小糸/晴れときどき桜.csv,45,3022008030440,雛菜,"算了
以后再去想～",福丸小糸,【はるとあめ】福丸小糸,晴れときどき桜
福丸小糸/【はるとあめ】福丸小糸/晴れときどき桜.csv,48,3022008030470,雛菜,"啊，嗯～！
现在就过去～",福丸小糸,【はるとあめ】福丸小糸,晴れときどき桜
福丸小糸/【はるとあめ】福丸小糸/晴れときどき桜.csv,49,3022008030480,雛菜,"走吧
小糸",福丸小糸,【はるとあめ】福丸小糸,晴れときどき桜
福丸小糸/【ひんやり捜索隊】福丸小糸/こたえはいずこ.csv,2,3022014020010,雛菜,好热～……,福丸小糸,【ひんやり捜索隊】福丸小糸,こたえはいずこ
福丸小糸/【ひんやり捜索隊】福丸小糸/こたえはいずこ.csv,4,3022014020030,雛菜,"感觉在找到意式冰淇淋店之前
雏菜要先融化了～",福丸小糸,【ひんやり捜索隊】福丸小糸,こたえはいずこ
福丸小糸/【ひんやり捜索隊】福丸小糸/こたえはいずこ.csv,6,3022014020050,雛菜,"啊～
刚才去自动贩卖机是买这个啊～",福丸小糸,【ひんやり捜索隊】福丸小糸,こたえはいずこ
福丸小糸/【ひんやり捜索隊】福丸小糸/こたえはいずこ.csv,9,3022014020080,雛菜,"呀哈～
果然小糸就是厉害～",福丸小糸,【ひんやり捜索隊】福丸小糸,こたえはいずこ
福丸小糸/【ひんやり捜索隊】福丸小糸/こたえはいずこ.csv,10,3022014020090,雛菜,那就先从近一点的开始找吧～,福丸小糸,【ひんやり捜索隊】福丸小糸,こたえはいずこ
福丸小糸/【ひんやり捜索隊】福丸小糸/こたえはいずこ.csv,12,3022014020110,雛菜,"……
果然不太好找呢～",福丸小糸,【ひんやり捜索隊】福丸小糸,こたえはいずこ
福丸小糸/【ひんやり捜索隊】福丸小糸/こたえはいずこ.csv,14,3022014020130,雛菜,嗯～，说得也是～,福丸小糸,【ひんやり捜索隊】福丸小糸,こたえはいずこ
福丸小糸/【ひんやり捜索隊】福丸小糸/こたえはいずこ.csv,16,3022014020150,雛菜,小糸？　怎么了吗～？,福丸小糸,【ひんやり捜索隊】福丸小糸,こたえはいずこ
福丸小糸/【ひんやり捜索隊】福丸小糸/こたえはいずこ.csv,19,3022014020180,雛菜,"诶～？
大概对吧～？",福丸小糸,【ひんやり捜索隊】福丸小糸,こたえはいずこ
福丸小糸/【ひんやり捜索隊】福丸小糸/こたえはいずこ.csv,22,3022014020210,雛菜,"啊哈～
雏菜好像也不知道呢～",福丸小糸,【ひんやり捜索隊】福丸小糸,こたえはいずこ
福丸小糸/【ひんやり捜索隊】福丸小糸/こたえはいずこ.csv,25,3022014020240,雛菜,嗯～,福丸小糸,【ひんやり捜索隊】福丸小糸,こたえはいずこ
福丸小糸/【ひんやり捜索隊】福丸小糸/こたえはいずこ.csv,26,3022014020250,雛菜,"啊、你输一下那边那家店的名字搜搜看？
或许就能知道我们现在在哪了～",福丸小糸,【ひんやり捜索隊】福丸小糸,こたえはいずこ
福丸小糸/【ひんやり捜索隊】福丸小糸/こたえはいずこ.csv,29,3022014020280,雛菜,搜到了吗～？,福丸小糸,【ひんやり捜索隊】福丸小糸,こたえはいずこ
福丸小糸/【ひんやり捜索隊】福丸小糸/こたえはいずこ.csv,31,3022014020300,雛菜,"诶～～～
“软件故障的通知”～？",福丸小糸,【ひんやり捜索隊】福丸小糸,こたえはいずこ
福丸小糸/【ひんやり捜索隊】福丸小糸/こたえはいずこ.csv,34,3022014020330,雛菜,"那就是说，
用其他软件或者网站就好了吧～？",福丸小糸,【ひんやり捜索隊】福丸小糸,こたえはいずこ
福丸小糸/【ひんやり捜索隊】福丸小糸/こたえはいずこ.csv,37,3022014020360,雛菜,那就继续搜寻意式冰淇淋店吧～,福丸小糸,【ひんやり捜索隊】福丸小糸,こたえはいずこ
福丸小糸/【ひんやり捜索隊】福丸小糸/こたえはいずこ.csv,39,3022014020380,雛菜,"说不定这附近也会有什么提示
雏菜去找找看～",福丸小糸,【ひんやり捜索隊】福丸小糸,こたえはいずこ
福丸小糸/【ひんやり捜索隊】福丸小糸/こたえはいずこ.csv,40,3022014020390,雛菜,……啊～,福丸小糸,【ひんやり捜索隊】福丸小糸,こたえはいずこ
福丸小糸/【ひんやり捜索隊】福丸小糸/こたえはいずこ.csv,42,3022014020410,雛菜,,福丸小糸,【ひんやり捜索隊】福丸小糸,こたえはいずこ
福丸小糸/【ひんやり捜索隊】福丸小糸/こたえはいずこ.csv,43,3022014020420,雛菜,你看，找到了～,福丸小糸,【ひんやり捜索隊】福丸小糸,こたえはいずこ
福丸小糸/【ひんやり捜索隊】福丸小糸/こたえはいずこ.csv,46,3022014020450,雛菜,因为投稿的照片背景和这边很像～,福丸小糸,【ひんやり捜索隊】福丸小糸,こたえはいずこ
福丸小糸/【ひんやり捜索隊】福丸小糸/こたえはいずこ.csv,49,3022014020480,雛菜,诶～？,福丸小糸,【ひんやり捜索隊】福丸小糸,こたえはいずこ
福丸小糸/【ひんやり捜索隊】福丸小糸/こたえはいずこ.csv,51,3022014020500,雛菜,,福丸小糸,【ひんやり捜索隊】福丸小糸,こたえはいずこ
福丸小糸/【ひんやり捜索隊】福丸小糸/こたえはいずこ.csv,52,3022014020510,雛菜,"走些没走过的路，到处猜猜找找
雏菜觉得这样也很开心啊～？",福丸小糸,【ひんやり捜索隊】福丸小糸,こたえはいずこ
福丸小糸/【ひんやり捜索隊】福丸小糸/こたえはいずこ.csv,53,3022014020520,雛菜,而且也找到意式冰淇淋店了不是嘛～,福丸小糸,【ひんやり捜索隊】福丸小糸,こたえはいずこ
福丸小糸/【ひんやり捜索隊】福丸小糸/こたえはいずこ.csv,56,3022014020550,雛菜,不过，再热下去就真的不行了～,福丸小糸,【ひんやり捜索隊】福丸小糸,こたえはいずこ
福丸小糸/【ひんやり捜索隊】福丸小糸/こたえはいずこ.csv,57,3022014020560,雛菜,"快点去买吧～
雏菜有想尝尝的味道～",福丸小糸,【ひんやり捜索隊】福丸小糸,こたえはいずこ
福丸小糸/【ひんやり捜索隊】福丸小糸/こたえはいずこ.csv,60,3022014020590,雛菜,"嗯嗯～
推上经常能看到的是～——……",福丸小糸,【ひんやり捜索隊】福丸小糸,こたえはいずこ
福丸小糸/【ひんやり捜索隊】福丸小糸/解答はおはやめに.csv,2,3022014010010,雛菜,,福丸小糸,【ひんやり捜索隊】福丸小糸,解答はおはやめに
福丸小糸/【ひんやり捜索隊】福丸小糸/解答はおはやめに.csv,4,3022014010030,雛菜,……数学写完啦～,福丸小糸,【ひんやり捜索隊】福丸小糸,解答はおはやめに
福丸小糸/【ひんやり捜索隊】福丸小糸/解答はおはやめに.csv,7,3022014010060,雛菜,嗯，是呀～,福丸小糸,【ひんやり捜索隊】福丸小糸,解答はおはやめに
福丸小糸/【ひんやり捜索隊】福丸小糸/解答はおはやめに.csv,8,3022014010070,雛菜,小糸呢～？,福丸小糸,【ひんやり捜索隊】福丸小糸,解答はおはやめに
福丸小糸/【ひんやり捜索隊】福丸小糸/解答はおはやめに.csv,10,3022014010090,雛菜,这样啊～,福丸小糸,【ひんやり捜索隊】福丸小糸,解答はおはやめに
福丸小糸/【ひんやり捜索隊】福丸小糸/解答はおはやめに.csv,11,3022014010100,雛菜,那雏菜稍微休息一下～,福丸小糸,【ひんやり捜索隊】福丸小糸,解答はおはやめに
福丸小糸/【ひんやり捜索隊】福丸小糸/解答はおはやめに.csv,12,3022014010110,雛菜,"啊～……
饮料变温了～",福丸小糸,【ひんやり捜索隊】福丸小糸,解答はおはやめに
福丸小糸/【ひんやり捜索隊】福丸小糸/解答はおはやめに.csv,14,3022014010130,雛菜,啊……,福丸小糸,【ひんやり捜索隊】福丸小糸,解答はおはやめに
福丸小糸/【ひんやり捜索隊】福丸小糸/解答はおはやめに.csv,15,3022014010140,雛菜,今天也开店啊～,福丸小糸,【ひんやり捜索隊】福丸小糸,解答はおはやめに
福丸小糸/【ひんやり捜索隊】福丸小糸/解答はおはやめに.csv,17,3022014010160,雛菜,这件意式冰淇淋店，小糸知道吗～？,福丸小糸,【ひんやり捜索隊】福丸小糸,解答はおはやめに
福丸小糸/【ひんやり捜索隊】福丸小糸/解答はおはやめに.csv,20,3022014010190,雛菜,"是冰淇淋车开的店
会发通知说这周在哪个车站附近出摊～",福丸小糸,【ひんやり捜索隊】福丸小糸,解答はおはやめに
福丸小糸/【ひんやり捜索隊】福丸小糸/解答はおはやめに.csv,21,3022014010200,雛菜,"但有时又不告诉你在哪里
就写一个“这里是哪里呀～”的通知～",福丸小糸,【ひんやり捜索隊】福丸小糸,解答はおはやめに
福丸小糸/【ひんやり捜索隊】福丸小糸/解答はおはやめに.csv,23,3022014010220,雛菜,对～,福丸小糸,【ひんやり捜索隊】福丸小糸,解答はおはやめに
福丸小糸/【ひんやり捜索隊】福丸小糸/解答はおはやめに.csv,25,3022014010240,雛菜,是吧～？,福丸小糸,【ひんやり捜索隊】福丸小糸,解答はおはやめに
福丸小糸/【ひんやり捜索隊】福丸小糸/解答はおはやめに.csv,26,3022014010250,雛菜,但是雏菜还一次都没找到呢～,福丸小糸,【ひんやり捜索隊】福丸小糸,解答はおはやめに
福丸小糸/【ひんやり捜索隊】福丸小糸/解答はおはやめに.csv,29,3022014010280,雛菜,翻一下哦～,福丸小糸,【ひんやり捜索隊】福丸小糸,解答はおはやめに
福丸小糸/【ひんやり捜索隊】福丸小糸/解答はおはやめに.csv,30,3022014010290,雛菜,就像这样～,福丸小糸,【ひんやり捜索隊】福丸小糸,解答はおはやめに
福丸小糸/【ひんやり捜索隊】福丸小糸/解答はおはやめに.csv,34,3022014010330,雛菜,"当时发出来的是
“从最近的车站到出摊地点之间能看到的东西”",福丸小糸,【ひんやり捜索隊】福丸小糸,解答はおはやめに
福丸小糸/【ひんやり捜索隊】福丸小糸/解答はおはやめに.csv,35,3022014010340,雛菜,这样说的～,福丸小糸,【ひんやり捜索隊】福丸小糸,解答はおはやめに
福丸小糸/【ひんやり捜索隊】福丸小糸/解答はおはやめに.csv,36,3022014010350,雛菜,"意式冰淇淋照片的背景
就是出摊的地点，大概就这样吧～",福丸小糸,【ひんやり捜索隊】福丸小糸,解答はおはやめに
福丸小糸/【ひんやり捜索隊】福丸小糸/解答はおはやめに.csv,38,3022014010370,雛菜,但是提示也太少了吧～？,福丸小糸,【ひんやり捜索隊】福丸小糸,解答はおはやめに
福丸小糸/【ひんやり捜索隊】福丸小糸/解答はおはやめに.csv,41,3022014010400,雛菜,是耶～,福丸小糸,【ひんやり捜索隊】福丸小糸,解答はおはやめに
福丸小糸/【ひんやり捜索隊】福丸小糸/解答はおはやめに.csv,44,3022014010430,雛菜,嗯，好呀～,福丸小糸,【ひんやり捜索隊】福丸小糸,解答はおはやめに
福丸小糸/【ひんやり捜索隊】福丸小糸/解答はおはやめに.csv,47,3022014010460,雛菜,"嗯～
应该是能看的～",福丸小糸,【ひんやり捜索隊】福丸小糸,解答はおはやめに
福丸小糸/【ひんやり捜索隊】福丸小糸/解答はおはやめに.csv,49,3022014010480,雛菜,"啊哈～
小糸好厉害～",福丸小糸,【ひんやり捜索隊】福丸小糸,解答はおはやめに
福丸小糸/【ひんやり捜索隊】福丸小糸/解答はおはやめに.csv,50,3022014010490,雛菜,嗯～，那雏菜也再查一下～,福丸小糸,【ひんやり捜索隊】福丸小糸,解答はおはやめに
福丸小糸/【ひんやり捜索隊】福丸小糸/解答はおはやめに.csv,52,3022014010510,雛菜,诶～……,福丸小糸,【ひんやり捜索隊】福丸小糸,解答はおはやめに
福丸小糸/【ひんやり捜索隊】福丸小糸/解答はおはやめに.csv,55,3022014010540,雛菜,"啊，对哦～
那就快点做完吧～",福丸小糸,【ひんやり捜索隊】福丸小糸,解答はおはやめに
福丸小糸/【パーティーのやくそく】福丸小糸/いたずらおばけめ！.csv,15,3022004030140,雛菜,嘿～？,福丸小糸,【パーティーのやくそく】福丸小糸,いたずらおばけめ！
福丸小糸/【パーティーのやくそく】福丸小糸/いたずらおばけめ！.csv,23,3022004030220,雛菜,"呀哈～！
雏菜的声音听得见吗～？",福丸小糸,【パーティーのやくそく】福丸小糸,いたずらおばけめ！
福丸小糸/【パーティーのやくそく】福丸小糸/いたずらおばけめ！.csv,24,3022004030230,雛菜,"哇～，真厉害
“听的见”的弹幕飘过去了呢～！",福丸小糸,【パーティーのやくそく】福丸小糸,いたずらおばけめ！
福丸小糸/【パーティーのやくそく】福丸小糸/いたずらおばけめ！.csv,26,3022004030250,雛菜,"“有好多点心啊”有评论说～！
确实呢～，很棒吧～？",福丸小糸,【パーティーのやくそく】福丸小糸,いたずらおばけめ！
福丸小糸/【パーティーのやくそく】福丸小糸/いたずらおばけめ！.csv,28,3022004030270,雛菜,诶～，但这不是……,福丸小糸,【パーティーのやくそく】福丸小糸,いたずらおばけめ！
福丸小糸/【パーティーのやくそく】福丸小糸/いたずらおばけめ！.csv,33,3022004030320,雛菜,啊，来了～～～！,福丸小糸,【パーティーのやくそく】福丸小糸,いたずらおばけめ！
福丸小糸/【パーティーのやくそく】福丸小糸/いたずらおばけめ！.csv,40,3022004030390,雛菜,雏菜的话是冰淇淋～～～！,福丸小糸,【パーティーのやくそく】福丸小糸,いたずらおばけめ！
福丸小糸/【パーティーのやくそく】福丸小糸/いたずらおばけめ！.csv,43,3022004030420,雛菜,"是的哟～！
万圣节特色风味♡",福丸小糸,【パーティーのやくそく】福丸小糸,いたずらおばけめ！
福丸小糸/【パーティーのやくそく】福丸小糸/いたずらおばけめ！.csv,50,3022004030490,雛菜,"呐，雏菜可以吃了吗～？
我先不客气了哦～～～！",福丸小糸,【パーティーのやくそく】福丸小糸,いたずらおばけめ！
福丸小糸/【パーティーのやくそく】福丸小糸/いたずらおばけめ！.csv,56,3022004030550,雛菜,会掷出什么题目呢～～～？,福丸小糸,【パーティーのやくそく】福丸小糸,いたずらおばけめ！
福丸小糸/【パーティーのやくそく】福丸小糸/いたずらおばけめ！.csv,61,3022004030600,雛菜,"雏菜也是～！　今天啊
吃了好多好多的点心幸福满满～！",福丸小糸,【パーティーのやくそく】福丸小糸,いたずらおばけめ！
福丸小糸/【パーティーのやくそく】福丸小糸/いたずらおばけめ！.csv,62,3022004030610,雛菜,"唔～
这个真好吃～～～！",福丸小糸,【パーティーのやくそく】福丸小糸,いたずらおばけめ！
福丸小糸/【パーティーのやくそく】福丸小糸/いたずらおばけめ！.csv,68,3022004030670,雛菜,"正在看的各位观众
是吃不到的哟～？",福丸小糸,【パーティーのやくそく】福丸小糸,いたずらおばけめ！
福丸小糸/【パーティーのやくそく】福丸小糸/いたずらおばけめ！.csv,70,3022004030690,雛菜,"啊哈～
“真好啊～”大家都在说～！",福丸小糸,【パーティーのやくそく】福丸小糸,いたずらおばけめ！
福丸小糸/【パーティーのやくそく】福丸小糸/画用紙コウモリ.csv,8,3022004010070,雛菜,好～的♡ 雏菜～！,福丸小糸,【パーティーのやくそく】福丸小糸,画用紙コウモリ
福丸小糸/【パーティーのやくそく】福丸小糸/画用紙コウモリ.csv,9,3022004010080,雛菜,"万圣节的话，
就想吃好多好多的点心～！",福丸小糸,【パーティーのやくそく】福丸小糸,画用紙コウモリ
福丸小糸/【パーティーのやくそく】福丸小糸/画用紙コウモリ.csv,13,3022004010120,雛菜,欸～！,福丸小糸,【パーティーのやくそく】福丸小糸,画用紙コウモリ
福丸小糸/【パーティーのやくそく】福丸小糸/画用紙コウモリ.csv,14,3022004010130,雛菜,"那么把点心
做成很有万圣节感觉的样子～！",福丸小糸,【パーティーのやくそく】福丸小糸,画用紙コウモリ
福丸小糸/【パーティーのやくそく】福丸小糸/画用紙コウモリ.csv,18,3022004010170,雛菜,"我们大家一起开开～心心地～
一边吃着好吃的点心一边聊天！",福丸小糸,【パーティーのやくそく】福丸小糸,画用紙コウモリ
福丸小糸/【パーティーのやくそく】福丸小糸/画用紙コウモリ.csv,19,3022004010180,雛菜,这样不可以吗～？,福丸小糸,【パーティーのやくそく】福丸小糸,画用紙コウモリ
福丸小糸/【パーティーのやくそく】福丸小糸/画用紙コウモリ.csv,22,3022004010210,雛菜,唔～，是么～？,福丸小糸,【パーティーのやくそく】福丸小糸,画用紙コウモリ
福丸小糸/【パーティーのやくそく】福丸小糸/画用紙コウモリ.csv,29,3022004010280,雛菜,"啊哈～
雏菜觉得这个可以哟～",福丸小糸,【パーティーのやくそく】福丸小糸,画用紙コウモリ
福丸小糸/【パーティーのやくそく】福丸小糸/画用紙コウモリ.csv,44,3022004010430,雛菜,好～的！,福丸小糸,【パーティーのやくそく】福丸小糸,画用紙コウモリ
福丸小糸/【パーティーのやくそく】福丸小糸/画用紙コウモリ.csv,51,3022004010500,雛菜,诶～？,福丸小糸,【パーティーのやくそく】福丸小糸,画用紙コウモリ
福丸小糸/【傍白のあいだ】福丸 小糸/ここは４パーセント.csv,4,3022007010030,雛菜,好~！,福丸小糸,【傍白のあいだ】福丸 小糸,ここは４パーセント
福丸小糸/【傍白のあいだ】福丸 小糸/ここは４パーセント.csv,11,3022007010100,雛菜,"不过
那不就是很厉害的意思吗~？",福丸小糸,【傍白のあいだ】福丸 小糸,ここは４パーセント
福丸小糸/【傍白のあいだ】福丸 小糸/ここは４パーセント.csv,19,3022007010180,雛菜,"这段
有那么好笑吗~？",福丸小糸,【傍白のあいだ】福丸 小糸,ここは４パーセント
福丸小糸/【傍白のあいだ】福丸 小糸/ここは４パーセント.csv,21,3022007010200,雛菜,"啊~……
是哦~！",福丸小糸,【傍白のあいだ】福丸 小糸,ここは４パーセント
福丸小糸/【傍白のあいだ】福丸 小糸/ここは４パーセント.csv,27,3022007010260,雛菜,"只要够大声的话
就不是造假了~",福丸小糸,【傍白のあいだ】福丸 小糸,ここは４パーセント
福丸小糸/【傍白のあいだ】福丸 小糸/ここは４パーセント.csv,28,3022007010270,雛菜,好痛～～～～～～！,福丸小糸,【傍白のあいだ】福丸 小糸,ここは４パーセント
福丸小糸/【傍白のあいだ】福丸 小糸/ここは４パーセント.csv,30,3022007010290,雛菜,"啊哈～……
雏菜睡着了～？",福丸小糸,【傍白のあいだ】福丸 小糸,ここは４パーセント
福丸小糸/【傍白のあいだ】福丸 小糸/ここは４パーセント.csv,32,3022007010310,雛菜,是哦～……,福丸小糸,【傍白のあいだ】福丸 小糸,ここは４パーセント
福丸小糸/【傍白のあいだ】福丸 小糸/ここは４パーセント.csv,33,3022007010320,雛菜,"嗯～
不过刚才那下就完全清醒了～！",福丸小糸,【傍白のあいだ】福丸 小糸,ここは４パーセント
福丸小糸/【傍白のあいだ】福丸 小糸/ここは４パーセント.csv,36,3022007010350,雛菜,诶~透学姐也睡着了，却只有雏菜被打~！？,福丸小糸,【傍白のあいだ】福丸 小糸,ここは４パーセント
福丸小糸/【傍白のあいだ】福丸 小糸/ここは４パーセント.csv,40,3022007010390,雛菜,"诶~
雏菜没有被叫醒~！",福丸小糸,【傍白のあいだ】福丸 小糸,ここは４パーセント
福丸小糸/【傍白のあいだ】福丸 小糸/ここは４パーセント.csv,42,3022007010410,雛菜,"因为
这时候起得很早很早吧~？",福丸小糸,【傍白のあいだ】福丸 小糸,ここは４パーセント
福丸小糸/【傍白のあいだ】福丸 小糸/ここは４パーセント.csv,43,3022007010420,雛菜,雏菜平常会睡更多~,福丸小糸,【傍白のあいだ】福丸 小糸,ここは４パーセント
福丸小糸/【傍白のあいだ】福丸 小糸/ここは４パーセント.csv,45,3022007010440,雛菜,"嗯~
累了~……",福丸小糸,【傍白のあいだ】福丸 小糸,ここは４パーセント
福丸小糸/【傍白のあいだ】福丸 小糸/ここは４パーセント.csv,47,3022007010460,雛菜,"说起来
谁最快～？",福丸小糸,【傍白のあいだ】福丸 小糸,ここは４パーセント
福丸小糸/【傍白のあいだ】福丸 小糸/ここは４パーセント.csv,48,3022007010470,雛菜,"雏菜
太累了没注意～……",福丸小糸,【傍白のあいだ】福丸 小糸,ここは４パーセント
福丸小糸/【傍白のあいだ】福丸 小糸/ここは４パーセント.csv,53,3022007010520,雛菜,"什么啊～
原来不是雏菜啊～",福丸小糸,【傍白のあいだ】福丸 小糸,ここは４パーセント
福丸小糸/【傍白のあいだ】福丸 小糸/ここは４パーセント.csv,57,3022007010560,雛菜,"诶~
不行啦~！",福丸小糸,【傍白のあいだ】福丸 小糸,ここは４パーセント
福丸小糸/【傍白のあいだ】福丸 小糸/ここは４パーセント.csv,58,3022007010570,雛菜,"小糸说没关系的话
下次雏菜赢的时候，就会很不好意思拿奖品了吧~？",福丸小糸,【傍白のあいだ】福丸 小糸,ここは４パーセント
福丸小糸/【傍白のあいだ】福丸 小糸/ここは４パーセント.csv,63,3022007010620,雛菜,"啊，结尾
也放了歌~",福丸小糸,【傍白のあいだ】福丸 小糸,ここは４パーセント
福丸小糸/【傍白のあいだ】福丸 小糸/秋を燃やして.csv,3,3022007020020,雛菜,"嗯~
小糸也是~？",福丸小糸,【傍白のあいだ】福丸 小糸,秋を燃やして
福丸小糸/【傍白のあいだ】福丸 小糸/秋を燃やして.csv,5,3022007020040,雛菜,那早点回去吧——……,福丸小糸,【傍白のあいだ】福丸 小糸,秋を燃やして
福丸小糸/【傍白のあいだ】福丸 小糸/秋を燃やして.csv,7,3022007020050,雛菜,嗯~？,福丸小糸,【傍白のあいだ】福丸 小糸,秋を燃やして
福丸小糸/【傍白のあいだ】福丸 小糸/秋を燃やして.csv,12,3022007020080,雛菜,"诶~……
为什么是雏菜~？",福丸小糸,【傍白のあいだ】福丸 小糸,秋を燃やして
福丸小糸/【傍白のあいだ】福丸 小糸/秋を燃やして.csv,15,3022007020090,雛菜,"啊~……
是这样啊~",福丸小糸,【傍白のあいだ】福丸 小糸,秋を燃やして
福丸小糸/【傍白のあいだ】福丸 小糸/秋を燃やして.csv,16,3022007020100,雛菜,那老师去扫不就——……嗯~,福丸小糸,【傍白のあいだ】福丸 小糸,秋を燃やして
福丸小糸/【傍白のあいだ】福丸 小糸/秋を燃やして.csv,19,3022007020120,雛菜,,福丸小糸,【傍白のあいだ】福丸 小糸,秋を燃やして
福丸小糸/【傍白のあいだ】福丸 小糸/秋を燃やして.csv,21,3022007020140,雛菜,"感觉最近总在做这种事
都有点会用扫把了~……",福丸小糸,【傍白のあいだ】福丸 小糸,秋を燃やして
福丸小糸/【傍白のあいだ】福丸 小糸/秋を燃やして.csv,24,3022007020170,雛菜,"是啊~
可是没有安排才想早点回家啊~",福丸小糸,【傍白のあいだ】福丸 小糸,秋を燃やして
福丸小糸/【傍白のあいだ】福丸 小糸/秋を燃やして.csv,27,3022007020200,雛菜,"嗯~？
啊，透学姐~！ 和，圆香学姐~！",福丸小糸,【傍白のあいだ】福丸 小糸,秋を燃やして
福丸小糸/【傍白のあいだ】福丸 小糸/秋を燃やして.csv,29,3022007020220,雛菜,好像说负责的人逃掉了~？,福丸小糸,【傍白のあいだ】福丸 小糸,秋を燃やして
福丸小糸/【傍白のあいだ】福丸 小糸/秋を燃やして.csv,30,3022007020230,雛菜,"然后雏菜就被老师
叫来扫这里~……",福丸小糸,【傍白のあいだ】福丸 小糸,秋を燃やして
福丸小糸/【傍白のあいだ】福丸 小糸/秋を燃やして.csv,31,3022007020240,雛菜,"因为小糸随口
就答应了~……",福丸小糸,【傍白のあいだ】福丸 小糸,秋を燃やして
福丸小糸/【傍白のあいだ】福丸 小糸/秋を燃やして.csv,35,3022007020280,雛菜,,福丸小糸,【傍白のあいだ】福丸 小糸,秋を燃やして
福丸小糸/【傍白のあいだ】福丸 小糸/秋を燃やして.csv,36,3022007020290,雛菜,"这个好！
不愧是透学姐~！",福丸小糸,【傍白のあいだ】福丸 小糸,秋を燃やして
福丸小糸/【傍白のあいだ】福丸 小糸/秋を燃やして.csv,38,3022007020310,雛菜,雏菜想烤红薯~！,福丸小糸,【傍白のあいだ】福丸 小糸,秋を燃やして
福丸小糸/【傍白のあいだ】福丸 小糸/秋を燃やして.csv,39,3022007020320,雛菜,"雏菜去买红薯
小糸去多扫点落叶！",福丸小糸,【傍白のあいだ】福丸 小糸,秋を燃やして
福丸小糸/【傍白のあいだ】福丸 小糸/秋を燃やして.csv,41,3022007020340,雛菜,"来，雏菜的扫把
传给圆香学姐！",福丸小糸,【傍白のあいだ】福丸 小糸,秋を燃やして
福丸小糸/【傍白のあいだ】福丸 小糸/秋を燃やして.csv,43,3022007020360,雛菜,"从这里到附近的超市，
大概15分钟吧~？",福丸小糸,【傍白のあいだ】福丸 小糸,秋を燃やして
福丸小糸/【傍白のあいだ】福丸 小糸/秋を燃やして.csv,44,3022007020370,雛菜,啊，还得去买锡箔纸~！,福丸小糸,【傍白のあいだ】福丸 小糸,秋を燃やして
福丸小糸/【学割キャンペーン】福丸小糸/ちがうミルク.csv,11,3022010020100,雛菜,"透前辈～
这边泡过了～？",福丸小糸,【学割キャンペーン】福丸小糸,ちがうミルク
福丸小糸/【学割キャンペーン】福丸小糸/ちがうミルク.csv,18,3022010020170,雛菜,"啊哈～
不过很开心～！",福丸小糸,【学割キャンペーン】福丸小糸,ちがうミルク
福丸小糸/【学割キャンペーン】福丸小糸/ちがうミルク.csv,19,3022010020180,雛菜,"噗咕噗咕冒泡的呀～
桑拿呀～，还有皮肤会变得光滑的那个！",福丸小糸,【学割キャンペーン】福丸小糸,ちがうミルク
福丸小糸/【学割キャンペーン】福丸小糸/ちがうミルク.csv,26,3022010020250,雛菜,"毕竟大家
想去泡的都不一样不是吗～？",福丸小糸,【学割キャンペーン】福丸小糸,ちがうミルク
福丸小糸/【学割キャンペーン】福丸小糸/ちがうミルク.csv,35,3022010020340,雛菜,"呐，雏菜喉咙好干～
蒸桑拿的时候出了好多汗",福丸小糸,【学割キャンペーン】福丸小糸,ちがうミルク
福丸小糸/【学割キャンペーン】福丸小糸/ちがうミルク.csv,36,3022010020350,雛菜,想喝点什么～,福丸小糸,【学割キャンペーン】福丸小糸,ちがうミルク
福丸小糸/【学割キャンペーン】福丸小糸/ちがうミルク.csv,39,3022010020380,雛菜,"嗯～……要喝什么好呢
咖啡牛奶，还是水果牛奶～……",福丸小糸,【学割キャンペーン】福丸小糸,ちがうミルク
福丸小糸/【学割キャンペーン】福丸小糸/ちがうミルク.csv,40,3022010020390,雛菜,透前辈要喝什么～？,福丸小糸,【学割キャンペーン】福丸小糸,ちがうミルク
福丸小糸/【学割キャンペーン】福丸小糸/ちがうミルク.csv,43,3022010020420,雛菜,"诶～！？
这样啊～……",福丸小糸,【学割キャンペーン】福丸小糸,ちがうミルク
福丸小糸/【学割キャンペーン】福丸小糸/ちがうミルク.csv,44,3022010020430,雛菜,"嗯～，那
雏菜就喝水果牛奶吧～",福丸小糸,【学割キャンペーン】福丸小糸,ちがうミルク
福丸小糸/【学割キャンペーン】福丸小糸/ちがうミルク.csv,45,3022010020440,雛菜,你们两呢～？,福丸小糸,【学割キャンペーン】福丸小糸,ちがうミルク
福丸小糸/【学割キャンペーン】福丸小糸/ちがうミルク.csv,50,3022010020490,雛菜,,福丸小糸,【学割キャンペーン】福丸小糸,ちがうミルク
福丸小糸/【学割キャンペーン】福丸小糸/ちがうミルク.csv,52,3022010020510,雛菜,"啊哈～
果然大家都不一样～",福丸小糸,【学割キャンペーン】福丸小糸,ちがうミルク
福丸小糸/【学割キャンペーン】福丸小糸/とげにシャボン.csv,7,3022010010060,雛菜,泡澡～？,福丸小糸,【学割キャンペーン】福丸小糸,とげにシャボン
福丸小糸/【学割キャンペーン】福丸小糸/とげにシャボン.csv,11,3022010010100,雛菜,那就是那个的宣传吗～,福丸小糸,【学割キャンペーン】福丸小糸,とげにシャボン
福丸小糸/【学割キャンペーン】福丸小糸/とげにシャボン.csv,14,3022010010130,雛菜,"这样啊～
去工作还能泡澡真幸运～",福丸小糸,【学割キャンペーン】福丸小糸,とげにシャボン
福丸小糸/【学割キャンペーン】福丸小糸/とげにシャボン.csv,16,3022010010150,雛菜,是穿着泳装拍吗～？,福丸小糸,【学割キャンペーン】福丸小糸,とげにシャボン
福丸小糸/【学割キャンペーン】福丸小糸/とげにシャボン.csv,19,3022010010180,雛菜,这样啊～,福丸小糸,【学割キャンペーン】福丸小糸,とげにシャボン
福丸小糸/【思い出にもならない】福丸小糸/それでもまた春は.csv,2,3022006030010,雛菜,哈～……,福丸小糸,【思い出にもならない】福丸小糸,それでもまた春は
福丸小糸/【思い出にもならない】福丸小糸/それでもまた春は.csv,3,3022006030020,雛菜,"总感觉已经变热了，
像夏天一样对吧～",福丸小糸,【思い出にもならない】福丸小糸,それでもまた春は
福丸小糸/【思い出にもならない】福丸小糸/それでもまた春は.csv,6,3022006030050,雛菜,"校服也是
早点换成夏装就好了～……",福丸小糸,【思い出にもならない】福丸小糸,それでもまた春は
福丸小糸/【思い出にもならない】福丸小糸/それでもまた春は.csv,9,3022006030080,雛菜,"是呢～
都变成叶子了！",福丸小糸,【思い出にもならない】福丸小糸,それでもまた春は
福丸小糸/【思い出にもならない】福丸小糸/それでもまた春は.csv,13,3022006030120,雛菜,"啊哈～
小糸也这样觉得～？",福丸小糸,【思い出にもならない】福丸小糸,それでもまた春は
福丸小糸/【思い出にもならない】福丸小糸/それでもまた春は.csv,16,3022006030150,雛菜,"…………
各种各样，比如说～？",福丸小糸,【思い出にもならない】福丸小糸,それでもまた春は
福丸小糸/【思い出にもならない】福丸小糸/それでもまた春は.csv,19,3022006030180,雛菜,"啊～
小糸，好像上台读了什么对吧",福丸小糸,【思い出にもならない】福丸小糸,それでもまた春は
福丸小糸/【思い出にもならない】福丸小糸/それでもまた春は.csv,23,3022006030220,雛菜,"嗯～
成了成了～！",福丸小糸,【思い出にもならない】福丸小糸,それでもまた春は
福丸小糸/【思い出にもならない】福丸小糸/それでもまた春は.csv,26,3022006030250,雛菜,嗯～,福丸小糸,【思い出にもならない】福丸小糸,それでもまた春は
福丸小糸/【思い出にもならない】福丸小糸/それでもまた春は.csv,28,3022006030270,雛菜,"嘿～？
雏菜～？",福丸小糸,【思い出にもならない】福丸小糸,それでもまた春は
福丸小糸/【思い出にもならない】福丸小糸/それでもまた春は.csv,29,3022006030280,雛菜,雏菜没什么变化哟～,福丸小糸,【思い出にもならない】福丸小糸,それでもまた春は
福丸小糸/【思い出にもならない】福丸小糸/それでもまた春は.csv,31,3022006030300,雛菜,"嗯～
雏菜一直都是快乐又幸福～",福丸小糸,【思い出にもならない】福丸小糸,それでもまた春は
福丸小糸/【思い出にもならない】福丸小糸/それでもまた春は.csv,32,3022006030310,雛菜,"所以每天都过得很快！
一直都是～",福丸小糸,【思い出にもならない】福丸小糸,それでもまた春は
福丸小糸/【思い出にもならない】福丸小糸/それでもまた春は.csv,35,3022006030340,雛菜,"啊哈～
小糸",福丸小糸,【思い出にもならない】福丸小糸,それでもまた春は
福丸小糸/【思い出にもならない】福丸小糸/それでもまた春は.csv,36,3022006030350,雛菜,"春天结束得很快的话
夏天也会结束得很快的吧～",福丸小糸,【思い出にもならない】福丸小糸,それでもまた春は
福丸小糸/【思い出にもならない】福丸小糸/それでもまた春は.csv,38,3022006030370,雛菜,"回过神来就已经变成秋天～
变成冬天～……",福丸小糸,【思い出にもならない】福丸小糸,それでもまた春は
福丸小糸/【思い出にもならない】福丸小糸/それでもまた春は.csv,39,3022006030380,雛菜,然后又一次，迎来春天,福丸小糸,【思い出にもならない】福丸小糸,それでもまた春は
福丸小糸/【思い出にもならない】福丸小糸/それでもまた春は.csv,43,3022006030420,雛菜,"这么热的话
训练室，会不会开着空调呢～",福丸小糸,【思い出にもならない】福丸小糸,それでもまた春は
福丸小糸/【思い出にもならない】福丸小糸/それでもまた春は.csv,45,3022006030440,雛菜,"要是到了训练室的时候
温度刚好变得很凉快就好了",福丸小糸,【思い出にもならない】福丸小糸,それでもまた春は
福丸小糸/【思い出にもならない】福丸小糸/それでもまた春は.csv,47,3022006030460,雛菜,"啊、那给制作人打个电话
拜托他试试～？",福丸小糸,【思い出にもならない】福丸小糸,それでもまた春は
福丸小糸/【思い出にもならない】福丸小糸/それでもまた春は.csv,48,3022006030470,雛菜,"说“请把雏菜们接下来要用的练习室
变得凉飕飕的～”！",福丸小糸,【思い出にもならない】福丸小糸,それでもまた春は
福丸小糸/【思い出にもならない】福丸小糸/それでもまた春は.csv,50,3022006030490,雛菜,"嘿～
不行吗～？",福丸小糸,【思い出にもならない】福丸小糸,それでもまた春は
福丸小糸/【思い出にもならない】福丸小糸/それでもまた春は.csv,51,3022006030500,雛菜,"不过，感觉那样子练习
会进行得比较顺利啊～",福丸小糸,【思い出にもならない】福丸小糸,それでもまた春は
福丸小糸/【思い出にもならない】福丸小糸/それでもまた春は.csv,54,3022006030530,雛菜,"啊哈～
喂喂，制作人吗？",福丸小糸,【思い出にもならない】福丸小糸,それでもまた春は
福丸小糸/【２８３プロのヒナ】福丸小糸/produce_events_302200201.csv,8,3022002010070,雛菜,"嗯～～～？
啊～，小糸～～～！",福丸小糸,【２８３プロのヒナ】福丸小糸,produce_events_302200201
福丸小糸/【２８３プロのヒナ】福丸小糸/produce_events_302200201.csv,9,3022002010080,雛菜,早安～～～！,福丸小糸,【２８３プロのヒナ】福丸小糸,produce_events_302200201
福丸小糸/【２８３プロのヒナ】福丸小糸/produce_events_302200201.csv,12,3022002010110,雛菜,"诶～～～？
雏菜一直都这个时间去也没人说我啊～？",福丸小糸,【２８３プロのヒナ】福丸小糸,produce_events_302200201
福丸小糸/【２８３プロのヒナ】福丸小糸/produce_events_302200201.csv,14,3022002010130,雛菜,嗯～，是吗～？,福丸小糸,【２８３プロのヒナ】福丸小糸,produce_events_302200201
福丸小糸/【２８３プロのヒナ】福丸小糸/produce_events_302200201.csv,15,3022002010140,雛菜,"不过雏菜已经放弃第一堂课了啦
大概能明白哦～",福丸小糸,【２８３プロのヒナ】福丸小糸,produce_events_302200201
福丸小糸/【２８３プロのヒナ】福丸小糸/produce_events_302200201.csv,17,3022002010160,雛菜,啊哈～，小糸早上就很有精神呢,福丸小糸,【２８３プロのヒナ】福丸小糸,produce_events_302200201
福丸小糸/【２８３プロのヒナ】福丸小糸/produce_events_302200201.csv,19,3022002010180,雛菜,"啊～，嗯
是吗～～～？",福丸小糸,【２８３プロのヒナ】福丸小糸,produce_events_302200201
福丸小糸/【２８３プロのヒナ】福丸小糸/produce_events_302200201.csv,20,3022002010190,雛菜,"小糸这样很少见呢～？
平常都没有迟到吧～～～",福丸小糸,【２８３プロのヒナ】福丸小糸,produce_events_302200201
福丸小糸/【２８３プロのヒナ】福丸小糸/produce_events_302200201.csv,23,3022002010220,雛菜,"诶～，小糸可以先走哦～？
拜拜～？",福丸小糸,【２８３プロのヒナ】福丸小糸,produce_events_302200201
福丸小糸/【２８３プロのヒナ】福丸小糸/produce_events_302200201.csv,25,3022002010240,雛菜,"诶～可是雏菜，要去便利店
买点心才行～",福丸小糸,【２８３プロのヒナ】福丸小糸,produce_events_302200201
福丸小糸/【２８３プロのヒナ】福丸小糸/produce_events_302200201.csv,26,3022002010250,雛菜,小糸要什么吗～～～？,福丸小糸,【２８３プロのヒナ】福丸小糸,produce_events_302200201
福丸小糸/【２８３プロのヒナ】福丸小糸/produce_events_302200201.csv,28,3022002010270,雛菜,"知道了，
那就是要饮料吧～",福丸小糸,【２８３プロのヒナ】福丸小糸,produce_events_302200201
福丸小糸/【２８３プロのヒナ】福丸小糸/produce_events_302200201.csv,30,3022002010290,雛菜,"诶～～～
那你什么都不要吗～？",福丸小糸,【２８３プロのヒナ】福丸小糸,produce_events_302200201
福丸小糸/【２８３プロのヒナ】福丸小糸/produce_events_302200201.csv,32,3022002010310,雛菜,"啊哈～
原来是这样～……？",福丸小糸,【２８３プロのヒナ】福丸小糸,produce_events_302200201
福丸小糸/【２８３プロのヒナ】福丸小糸/produce_events_302200201.csv,34,3022002010330,雛菜,真是～,福丸小糸,【２８３プロのヒナ】福丸小糸,produce_events_302200201
福丸小糸/【２８３プロのヒナ】福丸小糸/produce_events_302200201.csv,36,3022002010350,雛菜,小糸，欠我一个人情哦～？,福丸小糸,【２８３プロのヒナ】福丸小糸,produce_events_302200201
福丸小糸/【２８３プロのヒナ】福丸小糸/produce_events_302200201.csv,38,3022002010370,雛菜,嗯～，是吗～,福丸小糸,【２８３プロのヒナ】福丸小糸,produce_events_302200201
福丸小糸/【２８３プロのヒナ】福丸小糸/produce_events_302200201.csv,41,3022002010400,雛菜,呀哈～，“小糸学～姐”！,福丸小糸,【２８３プロのヒナ】福丸小糸,produce_events_302200201
福丸小糸/【２８３プロのヒナ】福丸小糸/produce_events_302200201.csv,44,3022002010430,雛菜,"——小糸，
和小学的时候一模一样呢～",福丸小糸,【２８３プロのヒナ】福丸小糸,produce_events_302200201
福丸小糸/【２８３プロのヒナ】福丸小糸/produce_events_302200201.csv,46,3022002010450,雛菜,"像这样，快迟到的时候
就会拉着雏菜的手～",福丸小糸,【２８３プロのヒナ】福丸小糸,produce_events_302200201
福丸小糸/【２８３プロのヒナ】福丸小糸/produce_events_302200201.csv,48,3022002010470,雛菜,"啊哈～
雏菜，有小糸在身边真好～",福丸小糸,【２８３プロのヒナ】福丸小糸,produce_events_302200201
福丸小糸/小糸STEP/こいぬのボチ.csv,10,1022005010090,雛菜,嗳～,福丸小糸,小糸STEP,こいぬのボチ
福丸小糸/小糸STEP/こいぬのボチ.csv,12,1022005010110,雛菜,嗳～、小糸！,福丸小糸,小糸STEP,こいぬのボチ
福丸小糸/小糸STEP/こいぬのボチ.csv,15,1022005010140,雛菜,诶～，雏菜，刚才开始都叫了好几次了呀～！,福丸小糸,小糸STEP,こいぬのボチ
福丸小糸/小糸STEP/こいぬのボチ.csv,16,1022005010150,雛菜,"但是，小糸
完全没注意到",福丸小糸,小糸STEP,こいぬのボチ
福丸小糸/小糸STEP/こいぬのボチ.csv,17,1022005010160,雛菜,怎么了吗～？　一直在发呆～,福丸小糸,小糸STEP,こいぬのボチ
福丸小糸/小糸STEP/こいぬのボチ.csv,19,1022005010180,雛菜,诶～，在想什么事～？,福丸小糸,小糸STEP,こいぬのボチ
福丸小糸/小糸STEP/こいぬのボチ.csv,21,1022005010200,雛菜,哼～嗯？,福丸小糸,小糸STEP,こいぬのボチ
福丸小糸/小糸STEP/やっちゃおっか.csv,2,1022005040010,雛菜,小糸，要点哪个～？,福丸小糸,小糸STEP,やっちゃおっか
福丸小糸/小糸STEP/やっちゃおっか.csv,4,1022005040030,雛菜,"啊哈～、巧克力芭菲看着好好吃～！
雏菜点什么好呢～",福丸小糸,小糸STEP,やっちゃおっか
福丸小糸/小糸STEP/やっちゃおっか.csv,5,1022005040040,雛菜,"可是草莓芭菲看着很好吃～
芝士蛋糕看着也很好吃～！",福丸小糸,小糸STEP,やっちゃおっか
福丸小糸/小糸STEP/やっちゃおっか.csv,7,1022005040060,雛菜,那个，雏菜打算打包带回去～！,福丸小糸,小糸STEP,やっちゃおっか
福丸小糸/小糸STEP/やっちゃおっか.csv,9,1022005040080,雛菜,带给透前辈她们的礼物～,福丸小糸,小糸STEP,やっちゃおっか
福丸小糸/小糸STEP/やっちゃおっか.csv,13,1022005040120,雛菜,呀哈～♡　嗯、就那样～,福丸小糸,小糸STEP,やっちゃおっか
福丸小糸/小糸STEP/やっちゃおっか.csv,15,1022005040140,雛菜,诶～？　透前辈她们～？,福丸小糸,小糸STEP,やっちゃおっか
福丸小糸/小糸STEP/やっちゃおっか.csv,18,1022005040170,雛菜,"说得也是呢～，和雏菜我们在一起的时间
可能也变少了些～？",福丸小糸,小糸STEP,やっちゃおっか
福丸小糸/小糸STEP/やっちゃおっか.csv,21,1022005040200,雛菜,"啊哈～、那雏菜我们
也去当个偶像吧～",福丸小糸,小糸STEP,やっちゃおっか
福丸小糸/小糸STEP/やっちゃおっか.csv,23,1022005040220,雛菜,"那样一来，跟透前辈她们在一起的时间
或许会比以前还要多～",福丸小糸,小糸STEP,やっちゃおっか
福丸小糸/小糸STEP/やっちゃおっか.csv,27,1022005040260,雛菜,诶～、害怕～？,福丸小糸,小糸STEP,やっちゃおっか
福丸小糸/小糸STEP/やっちゃおっか.csv,28,1022005040270,雛菜,不是开心吗～？,福丸小糸,小糸STEP,やっちゃおっか
福丸小糸/小糸STEP/やっちゃおっか.csv,30,1022005040290,雛菜,"因为大家都在笑着
脸上都挂着开心又幸福～♡　的表情不是吗？",福丸小糸,小糸STEP,やっちゃおっか
福丸小糸/小糸STEP/やっちゃおっか.csv,31,1022005040300,雛菜,所以雏菜也觉得，当偶像真好啊～,福丸小糸,小糸STEP,やっちゃおっか
福丸小糸/小糸STEP/やっちゃおっか.csv,33,1022005040320,雛菜,"要是能大家一起来做开心的事情的话
感觉就会更开心了吧～",福丸小糸,小糸STEP,やっちゃおっか
福丸小糸/小糸STEP/やっちゃおっか.csv,34,1022005040330,雛菜,雏菜，说不定对偶像感兴趣～,福丸小糸,小糸STEP,やっちゃおっか
福丸小糸/小糸STEP/やっちゃおっか.csv,36,1022005040350,雛菜,小糸不感兴趣吗～？,福丸小糸,小糸STEP,やっちゃおっか
福丸小糸/小糸STEP/やっちゃおっか.csv,41,1022005040390,雛菜,嗯～、麻烦您了～,福丸小糸,小糸STEP,やっちゃおっか
福丸小糸/小糸STEP/やっちゃおっか.csv,42,1022005040400,雛菜,那个啊～雏菜要草莓芭菲！,福丸小糸,小糸STEP,やっちゃおっか
福丸小糸/小糸STEP/やっちゃおっか.csv,43,1022005040410,雛菜,还有芝士蛋糕～！,福丸小糸,小糸STEP,やっちゃおっか
福丸小糸/小糸STEP/やっちゃおっか.csv,45,1022005040430,雛菜,因为，要选的话选不出一个来嘛～,福丸小糸,小糸STEP,やっちゃおっか
福丸小糸/小糸STEP/やっちゃおっか.csv,46,1022005040440,雛菜,"而且，也不是说
就断定只能点一个的吧～？",福丸小糸,小糸STEP,やっちゃおっか
福丸小糸/小糸STEP/やっちゃおっか.csv,50,1022005040480,雛菜,啊哈～、芝士蛋糕，和雏菜一样～♡,福丸小糸,小糸STEP,やっちゃおっか
福丸小糸/小糸STEP/本当はずっと選びたかった.csv,15,1022005050080,雛菜,诶～、小糸在别的初中吗,福丸小糸,小糸STEP,本当はずっと選びたかった
福丸小糸/小糸STEP/本当はずっと選びたかった.csv,16,1022005050090,雛菜,雏菜，还想着小糸也一起的～,福丸小糸,小糸STEP,本当はずっと選びたかった
