file,line_no,id,speaker,trans,category,arc,episode
283活动剧情\#２８３をひろげよう\エンディング-REPLY PARTY.csv,41,4001044080250,千雪,"呵呵，
可能和你想的不太一样呢……",283活动剧情,#２８３をひろげよう,エンディング-REPLY PARTY
283活动剧情\#２８３をひろげよう\オープニング-PROJECT.csv,50,4001044010250,千雪,"呵呵……
我看见了",283活动剧情,#２８３をひろげよう,オープニング-PROJECT
283活动剧情\#２８３をひろげよう\オープニング-PROJECT.csv,52,4001044010270,千雪,"回去后要吃不下
晚饭了哦——……？",283活动剧情,#２８３をひろげよう,オープニング-PROJECT
283活动剧情\#２８３をひろげよう\オープニング-PROJECT.csv,55,4001044010300,千雪,"呵呵
我懂……",283活动剧情,#２８３をひろげよう,オープニング-PROJECT
283活动剧情\#２８３をひろげよう\オープニング-PROJECT.csv,56,4001044010310,千雪,因为最近真的很冷啊,283活动剧情,#２８３をひろげよう,オープニング-PROJECT
283活动剧情\#２８３をひろげよう\オープニング-PROJECT.csv,57,4001044010320,千雪,"……嗯
我也买一个吧",283活动剧情,#２８３をひろげよう,オープニング-PROJECT
283活动剧情\#２８３をひろげよう\オープニング-PROJECT.csv,59,4001044010340,千雪,就当作是今天努力工作的奖励……！,283活动剧情,#２８３をひろげよう,オープニング-PROJECT
283活动剧情\#２８３をひろげよう\オープニング-PROJECT.csv,60,4001044010350,千雪,"你好
我想买一个肉包子",283活动剧情,#２８３をひろげよう,オープニング-PROJECT
283活动剧情\#２８３をひろげよう\オープニング-PROJECT.csv,62,4001044010370,千雪,你们今天是去了不同的工作吗？,283活动剧情,#２８３をひろげよう,オープニング-PROJECT
283活动剧情\#２８３をひろげよう\オープニング-PROJECT.csv,64,4001044010390,千雪,"那也顺道给恋钟和咲耶……
————啊……",283活动剧情,#２８３をひろげよう,オープニング-PROJECT
283活动剧情\#２８３をひろげよう\オープニング-PROJECT.csv,65,4001044010400,千雪,"对了
她们今天好像不在来着……？",283活动剧情,#２８３をひろげよう,オープニング-PROJECT
283活动剧情\#２８３をひろげよう\オープニング-PROJECT.csv,67,4001044010420,千雪,"呵呵
她们很忙呢——……",283活动剧情,#２８３をひろげよう,オープニング-PROJECT
283活动剧情\#２８３をひろげよう\オープニング-PROJECT.csv,68,4001044010430,千雪,"虽说年末年初稍微休息一下
也挺好的……",283活动剧情,#２８３をひろげよう,オープニング-PROJECT
283活动剧情\#２８３をひろげよう\第1話-MEETING.csv,17,4001044020160,千雪,"那……
我进来了……？",283活动剧情,#２８３をひろげよう,第1話-MEETING
283活动剧情\#２８３をひろげよう\第1話-MEETING.csv,23,4001044020220,千雪,嗯，应该是我当主持人的特备节目吧,283活动剧情,#２８３をひろげよう,第1話-MEETING
283活动剧情\#２８３をひろげよう\第1話-MEETING.csv,24,4001044020230,千雪,"Straylight也会在节目上表演
应该是在为节目进行的练习吧",283活动剧情,#２８３をひろげよう,第1話-MEETING
283活动剧情\#２８３をひろげよう\第1話-MEETING.csv,31,4001044020300,千雪,"嗯
我也是这么听说的……",283活动剧情,#２８３をひろげよう,第1話-MEETING
283活动剧情\#２８３をひろげよう\第1話-MEETING.csv,32,4001044020310,千雪,"还有
“想去拍摄广播节目现场”",283活动剧情,#２８３をひろげよう,第1話-MEETING
283活动剧情\#２８３をひろげよう\第1話-MEETING.csv,33,4001044020320,千雪,"似乎是树里当嘉宾的那期
节目组也已经答应了",283活动剧情,#２８３をひろげよう,第1話-MEETING
283活动剧情\#２８３をひろげよう\第1話-MEETING.csv,55,4001044020490,千雪,"虽说不知道能不能帮上忙……
不过，感觉很好玩呢",283活动剧情,#２８３をひろげよう,第1話-MEETING
283活动剧情\#２８３をひろげよう\第1話-MEETING.csv,56,4001044020500,千雪,"呵呵
要嗨起来咯——……！",283活动剧情,#２８３をひろげよう,第1話-MEETING
283活动剧情\#２８３をひろげよう\第1話-MEETING.csv,65,4001044020590,千雪,我们一起来想想吧？,283活动剧情,#２８３をひろげよう,第1話-MEETING
283活动剧情\#２８３をひろげよう\第1話-MEETING.csv,66,4001044020600,千雪,"让其他人也能参加这事
先摆在一边",283活动剧情,#２８３をひろげよう,第1話-MEETING
283活动剧情\#２８３をひろげよう\第1話-MEETING.csv,87,4001044020680,千雪,"还能共享给制作人
这样他就能知道我们开会讨论过什么了",283活动剧情,#２８３をひろげよう,第1話-MEETING
283活动剧情\#２８３をひろげよう\第2話-[283PRO]MEETING bhd.csv,9,4001044030080,千雪,"呵呵
很可爱",283活动剧情,#２８３をひろげよう,第2話-[283PRO]MEETING bhd
283活动剧情\#２８３をひろげよう\第2話-[283PRO]MEETING bhd.csv,15,4001044030140,千雪,"要是看到视频或Twist的人
也能打上它就好了",283活动剧情,#２８３をひろげよう,第2話-[283PRO]MEETING bhd
283活动剧情\#２８３をひろげよう\第4話-[283PRO]RADIO bhd.csv,8,4001044050061,樹里＆千雪,…………！,283活动剧情,#２８３をひろげよう,第4話-[283PRO]RADIO bhd
283活动剧情\#２８３をひろげよう\第4話-[283PRO]RADIO bhd.csv,9,4001044050062,樹里＆千雪,…………,283活动剧情,#２８３をひろげよう,第4話-[283PRO]RADIO bhd
283活动剧情\#２８３をひろげよう\第4話-[283PRO]RADIO bhd.csv,18,4001044050140,千雪,——“各位听众，晚安”,283活动剧情,#２８３をひろげよう,第4話-[283PRO]RADIO bhd
283活动剧情\#２８３をひろげよう\第4話-[283PRO]RADIO bhd.csv,19,4001044050150,千雪,"“欢迎收听让人在卧室闭门不出的魔法电波
Pyjamas・Jam・Jamming！”",283活动剧情,#２８３をひろげよう,第4話-[283PRO]RADIO bhd
283活动剧情\#２８３をひろげよう\第4話-[283PRO]RADIO bhd.csv,20,4001044050160,千雪,"“时到年末，本次是今年最后一期节目
很多人已经开始放假了吧……？”",283活动剧情,#２８３をひろげよう,第4話-[283PRO]RADIO bhd
283活动剧情\#２８３をひろげよう\第4話-[283PRO]RADIO bhd.csv,21,4001044050170,千雪,"边想着说不定也有在回老家的路上
或者在电车里收听的听众",283活动剧情,#２８３をひろげよう,第4話-[283PRO]RADIO bhd
283活动剧情\#２８３をひろげよう\第4話-[283PRO]RADIO bhd.csv,22,4001044050180,千雪,边来到了录音棚,283活动剧情,#２８３をひろげよう,第4話-[283PRO]RADIO bhd
283活动剧情\#２８３をひろげよう\第4話-[283PRO]RADIO bhd.csv,23,4001044050190,千雪,"那么，现在
来欢迎今年最后的嘉宾入场吧……！",283活动剧情,#２８３をひろげよう,第4話-[283PRO]RADIO bhd
283活动剧情\#２８３をひろげよう\第4話-[283PRO]RADIO bhd.csv,24,4001044050200,千雪,"呵呵
不过，我们今天是一起过来的",283活动剧情,#２８３をひろげよう,第4話-[283PRO]RADIO bhd
283活动剧情\#２８３をひろげよう\第4話-[283PRO]RADIO bhd.csv,25,4001044050210,千雪,"所以，说是“嘉宾”，
还有点不可思议呢……",283活动剧情,#２８３をひろげよう,第4話-[283PRO]RADIO bhd
283活动剧情\#２８３をひろげよう\第4話-[283PRO]RADIO bhd.csv,26,4001044050220,千雪,"资讯后，放课后Climax Girls的
西城树里即将登场……！",283活动剧情,#２８３をひろげよう,第4話-[283PRO]RADIO bhd
283活动剧情\#２８３をひろげよう\第4話-[283PRO]RADIO bhd.csv,33,4001044050290,千雪,——让各位久等了,283活动剧情,#２８３をひろげよう,第4話-[283PRO]RADIO bhd
283活动剧情\#２８３をひろげよう\第4話-[283PRO]RADIO bhd.csv,34,4001044050300,千雪,"这位是今天的嘉宾
放课后Climax Girls的西城树里",283活动剧情,#２８３をひろげよう,第4話-[283PRO]RADIO bhd
283活动剧情\#２８３をひろげよう\第4話-[283PRO]RADIO bhd.csv,36,4001044050320,千雪,"呵呵
别那么紧张，放轻松点",283活动剧情,#２８３をひろげよう,第4話-[283PRO]RADIO bhd
283活动剧情\#２８３をひろげよう\第4話-[283PRO]RADIO bhd.csv,37,4001044050330,千雪,按平常的样子来就好……！,283活动剧情,#２８３をひろげよう,第4話-[283PRO]RADIO bhd
283活动剧情\#２８３をひろげよう\第4話-[283PRO]RADIO bhd.csv,40,4001044050360,千雪,说的也是呢,283活动剧情,#２８３をひろげよう,第4話-[283PRO]RADIO bhd
283活动剧情\#２８３をひろげよう\第4話-[283PRO]RADIO bhd.csv,41,4001044050370,千雪,虽然我们平时也聊过不少,283活动剧情,#２８３をひろげよう,第4話-[283PRO]RADIO bhd
283活动剧情\#２８３をひろげよう\第4話-[283PRO]RADIO bhd.csv,43,4001044050390,千雪,"啊——
那件事，是秘密——……！",283活动剧情,#２８３をひろげよう,第4話-[283PRO]RADIO bhd
283活动剧情\#２８３をひろげよう\第4話-[283PRO]RADIO bhd.csv,45,4001044050410,千雪,不过，肉包子……,283活动剧情,#２８３をひろげよう,第4話-[283PRO]RADIO bhd
283活动剧情\#２８３をひろげよう\第4話-[283PRO]RADIO bhd.csv,46,4001044050420,千雪,……很美味呢！,283活动剧情,#２８３をひろげよう,第4話-[283PRO]RADIO bhd
283活动剧情\#２８３をひろげよう\第4話-[283PRO]RADIO bhd.csv,55,4001044050510,千雪,"那么，节目
已经接近尾声",283活动剧情,#２８３をひろげよう,第4話-[283PRO]RADIO bhd
283活动剧情\#２８３をひろげよう\第4話-[283PRO]RADIO bhd.csv,56,4001044050520,千雪,"过得很快呢
无论是今天的节目，还是今年",283活动剧情,#２８３をひろげよう,第4話-[283PRO]RADIO bhd
283活动剧情\#２８３をひろげよう\第4話-[283PRO]RADIO bhd.csv,58,4001044050540,千雪,"最后，
树里有什么想通知大家的吗？",283活动剧情,#２８３をひろげよう,第4話-[283PRO]RADIO bhd
283活动剧情\#２８３をひろげよう\第4話-[283PRO]RADIO bhd.csv,68,4001044050620,千雪,"呵呵，录音棚外的巡和雏菜
正在向我们挥手",283活动剧情,#２８３をひろげよう,第4話-[283PRO]RADIO bhd
283活动剧情\#２８３をひろげよう\第4話-[283PRO]RADIO bhd.csv,69,4001044050630,千雪,"下次，也想邀请她们
来节目上做客呢……！",283活动剧情,#２８３をひろげよう,第4話-[283PRO]RADIO bhd
283活动剧情\#２８３をひろげよう\第4話-[283PRO]RADIO bhd.csv,70,4001044050640,千雪,"ALSTROEMERIA、放课后Climax Girls
还有283事务所里优秀的组合",283活动剧情,#２８３をひろげよう,第4話-[283PRO]RADIO bhd
283活动剧情\#２８３をひろげよう\第4話-[283PRO]RADIO bhd.csv,71,4001044050650,千雪,今后还请大家多多支持……！,283活动剧情,#２８３をひろげよう,第4話-[283PRO]RADIO bhd
283活动剧情\#２８３をひろげよう\第4話-[283PRO]RADIO bhd.csv,72,4001044050660,千雪,感觉能为今年划上美好的句号呢……？,283活动剧情,#２８３をひろげよう,第4話-[283PRO]RADIO bhd
283活动剧情\#２８３をひろげよう\第4話-[283PRO]RADIO bhd.csv,73,4001044050670,千雪,本期陪伴您的是，嘉宾、放课后Climax Girls的西城树里,283活动剧情,#２８３をひろげよう,第4話-[283PRO]RADIO bhd
283活动剧情\#２８３をひろげよう\第4話-[283PRO]RADIO bhd.csv,74,4001044050680,千雪,还有我，桑山千雪,283活动剧情,#２８３をひろげよう,第4話-[283PRO]RADIO bhd
283活动剧情\#２８３をひろげよう\第4話-[283PRO]RADIO bhd.csv,75,4001044050690,千雪,"“我们明年见。一起从卧室
向世界发送干扰电波吧……♪”",283活动剧情,#２８３をひろげよう,第4話-[283PRO]RADIO bhd
283活动剧情\#２８３をひろげよう\第5話-[283PRO]STAGE bhd.csv,27,4001044060240,千雪,"——接下来，是Straylight登场
连唱2首歌，有请",283活动剧情,#２８３をひろげよう,第5話-[283PRO]STAGE bhd
283活动剧情\#２８３をひろげよう\第5話-[283PRO]STAGE bhd.csv,49,4001044060460,千雪,————喂,283活动剧情,#２８３をひろげよう,第5話-[283PRO]STAGE bhd
283活动剧情\#２８３をひろげよう\第5話-[283PRO]STAGE bhd.csv,52,4001044060490,千雪,"嗯，不过这之后
要开个会",283活动剧情,#２８３をひろげよう,第5話-[283PRO]STAGE bhd
283活动剧情\#２８３をひろげよう\第5話-[283PRO]STAGE bhd.csv,56,4001044060530,千雪,"诶
真的吗……？",283活动剧情,#２８３をひろげよう,第5話-[283PRO]STAGE bhd
283活动剧情\#２８３をひろげよう\第5話-[283PRO]STAGE bhd.csv,58,4001044060550,千雪,"谢谢你们
我非～常开心……！　不过",283活动剧情,#２８３をひろげよう,第5話-[283PRO]STAGE bhd
283活动剧情\#２８３をひろげよう\第5話-[283PRO]STAGE bhd.csv,60,4001044060570,千雪,"……没什么
呵呵",283活动剧情,#２８３をひろげよう,第5話-[283PRO]STAGE bhd
283活动剧情\#２８３をひろげよう\第5話-[283PRO]STAGE bhd.csv,61,4001044060580,千雪,"就觉得，真好啊
————我们也想……这样",283活动剧情,#２８３をひろげよう,第5話-[283PRO]STAGE bhd
283活动剧情\#２８３をひろげよう\第5話-[283PRO]STAGE bhd.csv,62,4001044060590,千雪,有一瞬间，这么想了,283活动剧情,#２８３をひろげよう,第5話-[283PRO]STAGE bhd
283活动剧情\#２８３をひろげよう\第5話-[283PRO]STAGE bhd.csv,64,4001044060610,千雪,你们两个回去路上要小心哦,283活动剧情,#２８３をひろげよう,第5話-[283PRO]STAGE bhd
283活动剧情\#２８３をひろげよう\第5話-[283PRO]STAGE bhd.csv,65,4001044060620,千雪,"今天的接力发帖
我会加油的……！",283活动剧情,#２８３をひろげよう,第5話-[283PRO]STAGE bhd
283活动剧情\#２８３をひろげよう\第6話-COLLABORATION.csv,50,4001044070470,千雪,"……没什么
呵呵",283活动剧情,#２８３をひろげよう,第6話-COLLABORATION
283活动剧情\#２８３をひろげよう\第6話-COLLABORATION.csv,51,4001044070480,千雪,"就觉得，真好啊
————我们也想……这样",283活动剧情,#２８３をひろげよう,第6話-COLLABORATION
283活动剧情\#２８３をひろげよう\第6話-COLLABORATION.csv,52,4001044070490,千雪,有一瞬间，这么想了,283活动剧情,#２８３をひろげよう,第6話-COLLABORATION
283活动剧情\2025ホワイトデー スペシャルコミュ\25白情千雪1.csv,3,4901900310010,千雪,"没事……！
这不是制作人的错",283活动剧情,2025ホワイトデー スペシャルコミュ,25白情千雪1
283活动剧情\2025ホワイトデー スペシャルコミュ\25白情千雪1.csv,4,4901900310020,千雪,谁都有预约错了的时候,283活动剧情,2025ホワイトデー スペシャルコミュ,25白情千雪1
283活动剧情\2025ホワイトデー スペシャルコミュ\25白情千雪2.csv,3,4901900320010,千雪,"没事……！
这不是制作人的错",283活动剧情,2025ホワイトデー スペシャルコミュ,25白情千雪2
283活动剧情\2025ホワイトデー スペシャルコミュ\25白情千雪2.csv,4,4901900320020,千雪,谁都有预约错了的时候,283活动剧情,2025ホワイトデー スペシャルコミュ,25白情千雪2
283活动剧情\2025ホワイトデー スペシャルコミュ\25白情千雪2.csv,6,4901900320030,千雪,"我其实，还挺喜欢
像这样排队的",283活动剧情,2025ホワイトデー スペシャルコミュ,25白情千雪2
283活动剧情\2025ホワイトデー スペシャルコミュ\25白情千雪2.csv,7,4901900320040,千雪,"你不觉得
队伍每次往前移动一点，都是离胜利又近了一步吗？",283活动剧情,2025ホワイトデー スペシャルコミュ,25白情千雪2
283活动剧情\2025ホワイトデー スペシャルコミュ\25白情千雪2.csv,9,4901900320050,千雪,啊，队伍又开始动了,283活动剧情,2025ホワイトデー スペシャルコミュ,25白情千雪2
283活动剧情\2025ホワイトデー スペシャルコミュ\25白情千雪2.csv,10,4901900320060,千雪,呵呵，那就，再走近一步吧♪,283活动剧情,2025ホワイトデー スペシャルコミュ,25白情千雪2
283活动剧情\5th Anniversary 当日スペシャルコミュ\5th Anniversary-アルストロメリア.csv,8,4901041040070,千雪,"虽然再次说这种话可能会非常奇怪
制作人先生，一直以来真是非常感谢",283活动剧情,5th Anniversary 当日スペシャルコミュ,5th Anniversary-アルストロメリア
283活动剧情\5th Anniversary 当日スペシャルコミュ\5th Anniversary-アルストロメリア.csv,9,4901041040080,千雪,"就算我经常头脑顽固而且总说任性话
制作人也能从容面对，为我考虑出解决方法……",283活动剧情,5th Anniversary 当日スペシャルコミュ,5th Anniversary-アルストロメリア
283活动剧情\5th Anniversary 当日スペシャルコミュ\5th Anniversary-アルストロメリア.csv,10,4901041040090,千雪,"我真的很高兴
……呵呵，今后也请多多关照哦！",283活动剧情,5th Anniversary 当日スペシャルコミュ,5th Anniversary-アルストロメリア
283活动剧情\Detective×Murder\special_communications_490103203.csv,39,4901032030250,千雪,哇……！好厉害！,283活动剧情,Detective×Murder,special_communications_490103203
283活动剧情\Detective×Murder\special_communications_490103203.csv,40,4901032030260,千雪,用厨房里有的东西做料理也是可以的吗……？,283活动剧情,Detective×Murder,special_communications_490103203
283活动剧情\Detective×Murder\special_communications_490103203.csv,43,4901032030270,千雪,"非常感谢……！
那么，我就不客气地使用了",283活动剧情,Detective×Murder,special_communications_490103203
283活动剧情\Detective×Murder\special_communications_490103205.csv,13,4901032050120,千雪,我刚刚一直在想……,283活动剧情,Detective×Murder,special_communications_490103205
283活动剧情\Detective×Murder\special_communications_490103205.csv,14,4901032050130,千雪,如果弟子先生的情报量和我们没有太大差别……,283活动剧情,Detective×Murder,special_communications_490103205
283活动剧情\Detective×Murder\special_communications_490103205.csv,15,4901032050140,千雪,那么首先，就必须要从寻找“A”的房间开始才行吧……？,283活动剧情,Detective×Murder,special_communications_490103205
283活动剧情\Detective×Murder\special_communications_490103206.csv,28,4901032060090,千雪,"……是被杀害了“A”的犯人拿走了吗
但是，是为了什么……",283活动剧情,Detective×Murder,special_communications_490103206
283活动剧情\Detective×Murder\special_communications_490103207.csv,10,4901032070080,千雪,"收集情报，从而推断出犯人，
我觉得这样很好……！",283活动剧情,Detective×Murder,special_communications_490103207
283活动剧情\Detective×Murder\special_communications_490103207.csv,11,4901032070090,千雪,"只不过，希望大家能注意一下
伪装死亡推定时刻的小把戏呢……",283活动剧情,Detective×Murder,special_communications_490103207
283活动剧情\Detective×Murder\special_communications_490103212.csv,14,4901032120130,千雪,"我当时正在厨房做点心
虽然不知道能不能说清楚……",283活动剧情,Detective×Murder,special_communications_490103212
283活动剧情\Detective×Murder\special_communications_490103212.csv,15,4901032120140,千雪,"但知道了不喝解毒剂就会死之后，我——
明明没有实感，却受到了很大的冲击",283活动剧情,Detective×Murder,special_communications_490103212
283活动剧情\Detective×Murder\special_communications_490103212.csv,17,4901032120160,千雪,不知不觉间，我就开始在厨房烤饼干了,283活动剧情,Detective×Murder,special_communications_490103212
283活动剧情\Detective×Murder\special_communications_490103212.csv,21,4901032120200,千雪,谢谢你们，小甘奈、小甜花,283活动剧情,Detective×Murder,special_communications_490103212
283活动剧情\Detective×Murder\special_communications_490103212.csv,24,4901032120210,千雪,"各自的房间和私人物品……
也让初次见面的人调查一番会比较好",283活动剧情,Detective×Murder,special_communications_490103212
283活动剧情\Detective×Murder\【２日目】16_08-贖罪の山羊２.csv,20,4901032370050,千雪,"把如此冷却的水洒在了遗体上……
所以便条才会被弄湿，上面的字也晕开了吧……",283活动剧情,Detective×Murder,【２日目】16_08-贖罪の山羊２
283活动剧情\Detective×Murder\【２日目】16_08-贖罪の山羊２.csv,39,4901032370200,千雪,是不是有什么不方便说的？,283活动剧情,Detective×Murder,【２日目】16_08-贖罪の山羊２
283活动剧情\Detective×Murder\【２日目】16_08-贖罪の山羊２.csv,40,4901032370210,千雪,"就算之后只告诉弟子先生一个人，
我也不在意的",283活动剧情,Detective×Murder,【２日目】16_08-贖罪の山羊２
283活动剧情\Detective×Murder\【２日目】16_49-共犯者.csv,5,4901032210020,千雪,"……辛苦你们了
这么说，会不会也有点奇怪呢……？",283活动剧情,Detective×Murder,【２日目】16_49-共犯者
283活动剧情\Detective×Murder\【２日目】16_49-共犯者.csv,8,4901032210030,千雪,"呵呵，我对大家说，因为你们有点慢所以想来看看样子……
就稍微有点强硬地过来了",283活动剧情,Detective×Murder,【２日目】16_49-共犯者
283活动剧情\Detective×Murder\【２日目】16_49-共犯者.csv,10,4901032210050,千雪,是呢……,283活动剧情,Detective×Murder,【２日目】16_49-共犯者
283活动剧情\Detective×Murder\【２日目】16_49-共犯者.csv,11,4901032210060,千雪,"如果真的交给那些孩子们
她们一定会注意到真相的……",283活动剧情,Detective×Murder,【２日目】16_49-共犯者
283活动剧情\Detective×Murder\【２日目】16_49-共犯者.csv,12,4901032210070,千雪,所以，我打算给她们喝白糖水,283活动剧情,Detective×Murder,【２日目】16_49-共犯者
283活动剧情\Detective×Murder\【２日目】16_49-共犯者.csv,15,4901032210100,千雪,"这是装着解毒剂的安瓿
弟子先生也请用吧",283活动剧情,Detective×Murder,【２日目】16_49-共犯者
283活动剧情\Detective×Murder\【２日目】16_49-共犯者.csv,16,4901032210110,千雪,剩下的我会废弃掉的,283活动剧情,Detective×Murder,【２日目】16_49-共犯者
283活动剧情\Detective×Murder\【２日目】16_49-共犯者.csv,18,4901032210130,千雪,呵呵，请你不要露出那种表情哦？,283活动剧情,Detective×Murder,【２日目】16_49-共犯者
283活动剧情\Detective×Murder\【２日目】16_49-共犯者.csv,19,4901032210140,千雪,"到最后都好好保守了秘密的爱依
从今以后也能一直和家人平稳地生活下去",283活动剧情,Detective×Murder,【２日目】16_49-共犯者
283活动剧情\Detective×Murder\【２日目】16_49-共犯者.csv,20,4901032210150,千雪,不仅如此……,283活动剧情,Detective×Murder,【２日目】16_49-共犯者
283活动剧情\Detective×Murder\【２日目】16_49-共犯者.csv,21,4901032210160,千雪,"你还能使用“A”的钱财和文件的情报
生活得更加快乐、更加多彩吧",283活动剧情,Detective×Murder,【２日目】16_49-共犯者
283活动剧情\Detective×Murder\【２日目】16_49-共犯者.csv,22,4901032210170,千雪,未来一片光明……,283活动剧情,Detective×Murder,【２日目】16_49-共犯者
283活动剧情\Detective×Murder\【２日目】16_49-共犯者.csv,23,4901032210180,千雪,是这样吧？,283活动剧情,Detective×Murder,【２日目】16_49-共犯者
283活动剧情\Detective×Murder\【２日目】16_49-共犯者.csv,25,4901032210200,千雪,,283活动剧情,Detective×Murder,【２日目】16_49-共犯者
283活动剧情\Detective×Murder\【２日目】16_49-共犯者.csv,26,4901032210210,千雪,"你们都收下了安瓿
已经是无处可逃的……我的共犯者了",283活动剧情,Detective×Murder,【２日目】16_49-共犯者
283活动剧情\Detective×Murder\【２日目】16_49-共犯者.csv,27,4901032210220,千雪,"罪恶感，还有良心云云……
这种多余的东西还是赶紧舍弃掉吧",283活动剧情,Detective×Murder,【２日目】16_49-共犯者
283活动剧情\Detective×Murder\【２日目】16_49-共犯者.csv,30,4901032210240,千雪,"…………呵呵
今后也一直要请你们多多指教了呢",283活动剧情,Detective×Murder,【２日目】16_49-共犯者
283活动剧情\Detective×Murder\【２日目】17_11-対峙１.csv,3,4901032300010,千雪,我是、犯人……？,283活动剧情,Detective×Murder,【２日目】17_11-対峙１
283活动剧情\Detective×Murder\【２日目】17_11-対峙１.csv,4,4901032300020,千雪,弟子先生，请你不要开玩笑了,283活动剧情,Detective×Murder,【２日目】17_11-対峙１
283活动剧情\Detective×Murder\【２日目】17_11-対峙１.csv,8,4901032300040,千雪,"……既然您指出了我的名字，
一定会有相应的理由吧？",283活动剧情,Detective×Murder,【２日目】17_11-対峙１
283活动剧情\Detective×Murder\【２日目】17_11-対峙１.csv,10,4901032300050,千雪,"那么……
还请您细细说来给我听听♪",283活动剧情,Detective×Murder,【２日目】17_11-対峙１
283活动剧情\Detective×Murder\【２日目】17_11-対峙１.csv,11,4901032300060,千雪,"我并不是犯人……
所以，你的话中应该会露出破绽才对",283活动剧情,Detective×Murder,【２日目】17_11-対峙１
283活动剧情\Detective×Murder\【２日目】17_11-対峙１.csv,16,4901032300070,千雪,"呵呵……是啊
还有呢？",283活动剧情,Detective×Murder,【２日目】17_11-対峙１
283活动剧情\Detective×Murder\【２日目】17_11-対峙１.csv,18,4901032300080,千雪,"树胶糖浆、环保袋
还有，因为过冷却而结冻的塑料瓶……",283活动剧情,Detective×Murder,【２日目】17_11-対峙１
283活动剧情\Detective×Murder\【２日目】17_11-対峙１.csv,19,4901032300090,千雪,"我能理解，身在厨房的我是最可疑的……
但是，那不会太笼统了吗？弟子先生",283活动剧情,Detective×Murder,【２日目】17_11-対峙１
283活动剧情\Detective×Murder\【２日目】17_11-対峙１.csv,22,4901032300100,千雪,是呀……？,283活动剧情,Detective×Murder,【２日目】17_11-対峙１
283活动剧情\Detective×Murder\【２日目】17_11-対峙１.csv,25,4901032300110,千雪,……您有证据吗？,283活动剧情,Detective×Murder,【２日目】17_11-対峙１
283活动剧情\Detective×Murder\【２日目】17_11-対峙２.csv,11,4901032400060,千雪,哇，糊弄过去了呢,283活动剧情,Detective×Murder,【２日目】17_11-対峙２
283活动剧情\Detective×Murder\【２日目】17_11-対峙２.csv,12,4901032400020,千雪,"靠那种事情就能得出不可能的结论吗？
我稍微有点不明白呀",283活动剧情,Detective×Murder,【２日目】17_11-対峙２
283活动剧情\Detective×Murder\【２日目】17_11-対峙２.csv,14,4901032400010,千雪,"只有这个吗？
她的性格可能就是比较大胆哦？",283活动剧情,Detective×Murder,【２日目】17_11-対峙２
283活动剧情\Detective×Murder\【２日目】17_11-対峙２.csv,19,4901032400070,千雪,"好吧
那么，幽谷小姐呢？",283活动剧情,Detective×Murder,【２日目】17_11-対峙２
283活动剧情\Detective×Murder\【２日目】17_11-対峙２.csv,21,4901032400080,千雪,为什么你能如此断言呢,283活动剧情,Detective×Murder,【２日目】17_11-対峙２
283活动剧情\Detective×Murder\【２日目】17_11-対峙３.csv,4,4901032310030,千雪,"我觉得，也不能舍弃
她是故意让我们这么想，而将计就计这种可能性哦？",283活动剧情,Detective×Murder,【２日目】17_11-対峙３
283活动剧情\Detective×Murder\【２日目】17_11-対峙４.csv,21,4901032410080,千雪,"……原来如此
也就是说，你是用排除法推出的我吧",283活动剧情,Detective×Murder,【２日目】17_11-対峙４
283活动剧情\Detective×Murder\【２日目】17_11-対峙４.csv,25,4901032410090,千雪,"我同意，你所说的逻辑都是通顺的
但是，因为我知道自己不是犯人……",283活动剧情,Detective×Murder,【２日目】17_11-対峙４
283活动剧情\Detective×Murder\【２日目】17_11-対峙４.csv,26,4901032410100,千雪,这下头疼了……,283活动剧情,Detective×Murder,【２日目】17_11-対峙４
283活动剧情\Detective×Murder\【２日目】17_11-対峙４.csv,27,4901032410110,千雪,这样下去，不管是我还是大家……,283活动剧情,Detective×Murder,【２日目】17_11-対峙４
283活动剧情\Detective×Murder\【２日目】17_11-対峙４.csv,28,4901032410120,千雪,"都会因为弟子先生错误的推理，
就这样死掉了呢……",283活动剧情,Detective×Murder,【２日目】17_11-対峙４
283活动剧情\Detective×Murder\【２日目】17_11-対峙４.csv,30,4901032410140,千雪,,283活动剧情,Detective×Murder,【２日目】17_11-対峙４
283活动剧情\Detective×Murder\【２日目】17_11-対峙４.csv,31,4901032410150,千雪,就算我是犯人——,283活动剧情,Detective×Murder,【２日目】17_11-対峙４
283活动剧情\Detective×Murder\【２日目】17_11-対峙４.csv,32,4901032410160,千雪,"你觉得听了这样的话，
难道我就会说着“好的遵命”把解毒剂交出来吗？",283活动剧情,Detective×Murder,【２日目】17_11-対峙４
283活动剧情\Detective×Murder\【２日目】17_11-対峙４.csv,33,4901032410170,千雪,不，说到底……,283活动剧情,Detective×Murder,【２日目】17_11-対峙４
283活动剧情\Detective×Murder\【２日目】17_11-対峙４.csv,34,4901032410180,千雪,"完全没有预测到这种事态，
也没有做好任何对策……",283活动剧情,Detective×Murder,【２日目】17_11-対峙４
283活动剧情\Detective×Murder\【２日目】17_11-対峙４.csv,35,4901032410190,千雪,你们难道以为，桑山千雪会做那种不谨慎的事情吗……？,283活动剧情,Detective×Murder,【２日目】17_11-対峙４
283活动剧情\Detective×Murder\【２日目】17_11-対峙４.csv,37,4901032410200,千雪,"是的，起爆开关
只要按下这个，设置在解毒剂上的炸弹就会“砰”的一声爆炸了",283活动剧情,Detective×Murder,【２日目】17_11-対峙４
283活动剧情\Detective×Murder\【２日目】17_11-対峙４.csv,40,4901032410220,千雪,"不不，我只是借用了一下
“A”设置在吊桥上的炸药和开关而已",283活动剧情,Detective×Murder,【２日目】17_11-対峙４
283活动剧情\Detective×Murder\【２日目】17_11-対峙４.csv,41,4901032410230,千雪,"请放心吧
我并不想杀死这么多人",283活动剧情,Detective×Murder,【２日目】17_11-対峙４
283活动剧情\Detective×Murder\【２日目】17_11-対峙４.csv,42,4901032410240,千雪,"我只是想让大家
在我逃出这栋洋房之前老实待着而已……",283活动剧情,Detective×Murder,【２日目】17_11-対峙４
283活动剧情\Detective×Murder\【２日目】17_11-対峙４.csv,43,4901032410250,千雪,"等我到达安全的地方，
就会告诉各位解毒剂放在哪里了",283活动剧情,Detective×Murder,【２日目】17_11-対峙４
283活动剧情\Detective×Murder\【２日目】17_11-対峙４.csv,53,4901032410280,千雪,,283活动剧情,Detective×Murder,【２日目】17_11-対峙４
283活动剧情\Detective×Murder\【２日目】17_11-対峙４.csv,56,4901032410310,千雪,怎么、会这样……,283活动剧情,Detective×Murder,【２日目】17_11-対峙４
283活动剧情\Detective×Murder\【２日目】17_11-対峙４.csv,57,4901032410320,千雪,解毒剂应该确实在我的房间里……！,283活动剧情,Detective×Murder,【２日目】17_11-対峙４
283活动剧情\Detective×Murder\【２日目】17_11-対峙４.csv,58,4901032410330,千雪,"但是，这栋洋房的锁……
只要不是“怪盗283”，应该没有人能打开才对……",283活动剧情,Detective×Murder,【２日目】17_11-対峙４
283活动剧情\Detective×Murder\【２日目】17_11-対峙４.csv,65,4901032410390,千雪,"怎么会……
“怪盗283”应该并不是像你一样的样貌……",283活动剧情,Detective×Murder,【２日目】17_11-対峙４
283活动剧情\Detective×Murder\【２日目】17_11-対峙４.csv,66,4901032410400,千雪,“A”的文件上写的是——,283活动剧情,Detective×Murder,【２日目】17_11-対峙４
283活动剧情\Detective×Murder\【２日目】17_11-対峙４.csv,68,4901032410420,千雪,,283活动剧情,Detective×Murder,【２日目】17_11-対峙４
283活动剧情\Detective×Murder\【２日目】18_36-理由.csv,8,4901032320050,千雪,,283活动剧情,Detective×Murder,【２日目】18_36-理由
283活动剧情\Detective×Murder\【２日目】18_36-理由.csv,9,4901032320060,千雪,很遗憾，那并不是什么大不了的理由,283活动剧情,Detective×Murder,【２日目】18_36-理由
283活动剧情\Detective×Murder\【２日目】18_36-理由.csv,10,4901032320070,千雪,……我只是想独占“A”的财产和这份文件罢了,283活动剧情,Detective×Murder,【２日目】18_36-理由
283活动剧情\Detective×Murder\【２日目】18_36-理由.csv,13,4901032320080,千雪,"你明明一直在“A”的身边，
却一点也不了解他呢",283活动剧情,Detective×Murder,【２日目】18_36-理由
283活动剧情\Detective×Murder\【２日目】18_36-理由.csv,14,4901032320090,千雪,昨晚，“A”……,283活动剧情,Detective×Murder,【２日目】18_36-理由
283活动剧情\Detective×Murder\【２日目】18_36-理由.csv,15,4901032320100,千雪,"对到达了房间的我说，
他希望能知道我是用什么办法来到这个地方的",283活动剧情,Detective×Murder,【２日目】18_36-理由
283活动剧情\Detective×Murder\【２日目】18_36-理由.csv,16,4901032320110,千雪,我……全都告诉他了,283活动剧情,Detective×Murder,【２日目】18_36-理由
283活动剧情\Detective×Murder\【２日目】18_36-理由.csv,17,4901032320120,千雪,"隐藏在邀请函和客房楼的地图中的谜题
弟子先生你一定不知道那是什么吧？",283活动剧情,Detective×Murder,【２日目】18_36-理由
283活动剧情\Detective×Murder\【２日目】18_36-理由.csv,19,4901032320130,千雪,是吗,283活动剧情,Detective×Murder,【２日目】18_36-理由
283活动剧情\Detective×Murder\【２日目】18_36-理由.csv,20,4901032320140,千雪,我不说，因为很不甘心呀♪,283活动剧情,Detective×Murder,【２日目】18_36-理由
283活动剧情\Detective×Murder\【２日目】18_36-理由.csv,21,4901032320150,千雪,"但是，我一直占据着厨房制作点心……
是为了妨碍其他的侦探们解谜",283活动剧情,Detective×Murder,【２日目】18_36-理由
283活动剧情\Detective×Murder\【２日目】18_36-理由.csv,22,4901032320160,千雪,我这么说过之后，“A”——,283活动剧情,Detective×Murder,【２日目】18_36-理由
283活动剧情\Detective×Murder\【２日目】18_36-理由.csv,25,4901032320190,千雪,最终测验，吗？,283活动剧情,Detective×Murder,【２日目】18_36-理由
283活动剧情\Detective×Murder\【２日目】18_36-理由.csv,28,4901032320220,千雪,,283活动剧情,Detective×Murder,【２日目】18_36-理由
283活动剧情\Detective×Murder\【２日目】18_36-理由.csv,32,4901032320260,千雪,"……嗯，就是这样
也就是所谓的……嘱托杀人吧",283活动剧情,Detective×Murder,【２日目】18_36-理由
283活动剧情\Detective×Murder\【２日目】18_36-理由.csv,36,4901032320300,千雪,"哎呀，小糸
我可做不到那么可怕的事情呀……",283活动剧情,Detective×Murder,【２日目】18_36-理由
283活动剧情\Detective×Murder\【２日目】18_36-理由.csv,50,4901032320420,千雪,"……啊——啊，我确实说过呢
你的弟弟和妹妹将来都会",283活动剧情,Detective×Murder,【２日目】18_36-理由
283活动剧情\Detective×Murder\【２日目】18_36-理由.csv,52,4901032320440,千雪,,283活动剧情,Detective×Murder,【２日目】18_36-理由
283活动剧情\Detective×Murder\【２日目】午前-甘奈・甜花・千雪.csv,2,4901032160010,千雪,听说，现场好像是密室吧……,283活动剧情,Detective×Murder,【２日目】午前-甘奈・甜花・千雪
283活动剧情\Detective×Murder\【２日目】午前-甘奈・甜花・千雪.csv,3,4901032160020,千雪,那么，洋房里面或许也留有某种线索,283活动剧情,Detective×Murder,【２日目】午前-甘奈・甜花・千雪
283活动剧情\Detective×Murder\【２日目】午前-甘奈・甜花・千雪.csv,10,4901032160070,千雪,居然还发生过那种事情，我完全不知道……,283活动剧情,Detective×Murder,【２日目】午前-甘奈・甜花・千雪
283活动剧情\Detective×Murder\【２日目】午前-甘奈・甜花・千雪.csv,11,4901032160080,千雪,"谢谢你们告诉我
小甘奈、小甜花",283活动剧情,Detective×Murder,【２日目】午前-甘奈・甜花・千雪
283活动剧情\Detective×Murder\【２日目】午前-甘奈・甜花・千雪.csv,28,4901032160300,千雪,如果还有那么大的力气……,283活动剧情,Detective×Murder,【２日目】午前-甘奈・甜花・千雪
283活动剧情\Detective×Murder\【２日目】午前-甘奈・甜花・千雪.csv,29,4901032160310,千雪,“A”应该会留下死亡讯息之类的东西吧……？,283活动剧情,Detective×Murder,【２日目】午前-甘奈・甜花・千雪
283活动剧情\Detective×Murder\【２日目】午前-甘奈・甜花・千雪.csv,41,4901032160340,千雪,"……那么，
就必须思考犯人为什么移动了“A”的遗体呢……",283活动剧情,Detective×Murder,【２日目】午前-甘奈・甜花・千雪
283活动剧情\Detective×Murder\【２日目】午前-甘奈・甜花・千雪.csv,42,4901032160350,千雪,我认为，犯人不会毫无理由地做出这种事,283活动剧情,Detective×Murder,【２日目】午前-甘奈・甜花・千雪
283活动剧情\Detective×Murder\【２日目】午前-甘奈・甜花・千雪.csv,52,4901032160410,千雪,"是的
9点半左右，她们两人来了厨房……",283活动剧情,Detective×Murder,【２日目】午前-甘奈・甜花・千雪
283活动剧情\Detective×Murder\【２日目】午前-甘奈・甜花・千雪.csv,53,4901032160420,千雪,"所以，我告诉她们再过一个小时饼干就烤好了
并邀请了她们来参加茶话会",283活动剧情,Detective×Murder,【２日目】午前-甘奈・甜花・千雪
283活动剧情\Detective×Murder\【２日目】午前-甘奈・甜花・千雪.csv,60,4901032160490,千雪,"呵呵，毕竟真的是很棒的衣服啊
如果被弄脏了就不好了吧？",283活动剧情,Detective×Murder,【２日目】午前-甘奈・甜花・千雪
283活动剧情\Detective×Murder\【２日目】午前-甘奈・甜花・千雪.csv,61,4901032160500,千雪,衣服已经在洗衣房好好洗过了吗？,283活动剧情,Detective×Murder,【２日目】午前-甘奈・甜花・千雪
283活动剧情\Detective×Murder\【２日目】午前-甘奈・甜花・千雪.csv,65,4901032160540,千雪,没关系的,283活动剧情,Detective×Murder,【２日目】午前-甘奈・甜花・千雪
283活动剧情\Detective×Murder\【２日目】午前-甘奈・甜花・千雪.csv,66,4901032160550,千雪,"因为饼干在烤箱里的时候，我……
还回房间稍微洗了个澡",283活动剧情,Detective×Murder,【２日目】午前-甘奈・甜花・千雪
283活动剧情\Detective×Murder\【２日目】午前-甘奈・甜花・千雪.csv,68,4901032160570,千雪,"睡觉之前的甜食虽然很罪恶……
但就是因为这样，才会格外地美味呢",283活动剧情,Detective×Murder,【２日目】午前-甘奈・甜花・千雪
283活动剧情\Detective×Murder\【２日目】午前-甘奈・甜花・千雪.csv,83,4901032160650,千雪,"真是不可思议呢
明明里面并没有放什么冻住了的东西……",283活动剧情,Detective×Murder,【２日目】午前-甘奈・甜花・千雪
283活动剧情\Detective×Murder\【２日目】午前-甘奈・甜花・千雪.csv,87,4901032160670,千雪,"当然了！
请您多多指教……！",283活动剧情,Detective×Murder,【２日目】午前-甘奈・甜花・千雪
283活动剧情\Endless×Loop\C-2シナリオ-プロデューサーじゃない！.csv,14,4901002050070,千雪,"呵呵，真热闹
发生了什么事吗？",283活动剧情,Endless×Loop,C-2シナリオ-プロデューサーじゃない！
283活动剧情\Endless×Loop\C-2シナリオ-プロデューサーじゃない！.csv,16,4901002050080,千雪,"嗯？
为什么看见我会那么安心啊——",283活动剧情,Endless×Loop,C-2シナリオ-プロデューサーじゃない！
283活动剧情\Endless×Loop\C-2シナリオ-プロデューサーじゃない！.csv,17,4901002050090,千雪,——哥哥,283活动剧情,Endless×Loop,C-2シナリオ-プロデューサーじゃない！
283活动剧情\Endless×Loop\C-2シナリオ-プロデューサーじゃない！.csv,19,4901002050100,千雪,"……甘奈，甜花
哥哥怎么了？",283活动剧情,Endless×Loop,C-2シナリオ-プロデューサーじゃない！
283活动剧情\Endless×Loop\C-2シナリオ-プロデューサーじゃない！.csv,22,4901002050120,千雪,什么人……是我们的家人啊……,283活动剧情,Endless×Loop,C-2シナリオ-プロデューサーじゃない！
283活动剧情\Endless×Loop\C-2シナリオ-プロデューサーじゃない！.csv,26,4901002050140,千雪,"——说起来
甜花，那件事已经拜托哥哥了吗？",283活动剧情,Endless×Loop,C-2シナリオ-プロデューサーじゃない！
283活动剧情\Endless×Loop\C-2シナリオ-プロデューサーじゃない！.csv,34,4901002050180,千雪,一起吃……吗？,283活动剧情,Endless×Loop,C-2シナリオ-プロデューサーじゃない！
283活动剧情\Endless×Loop\C-2シナリオ-プロデューサーじゃない！.csv,46,4901002050230,千雪,"啊，这个鸡蛋也
跟酱汁的味道很搭，非常好吃……！",283活动剧情,Endless×Loop,C-2シナリオ-プロデューサーじゃない！
283活动剧情\Endless×Loop\C-2シナリオ-プロデューサーじゃない！.csv,49,4901002050251,甘奈＆千雪,呵呵……,283活动剧情,Endless×Loop,C-2シナリオ-プロデューサーじゃない！
283活动剧情\Endless×Loop\C-2シナリオ-プロデューサーじゃない！.csv,56,4901002050290,千雪,"我也是
甜花做的料理很美味，吃了很多♪",283活动剧情,Endless×Loop,C-2シナリオ-プロデューサーじゃない！
283活动剧情\Endless×Loop\C-2シナリオ-プロデューサーじゃない！.csv,61,4901002050330,千雪,哎呀哎呀……哥哥真受欢迎啊♪,283活动剧情,Endless×Loop,C-2シナリオ-プロデューサーじゃない！
283活动剧情\Endless×Loop\C-2シナリオ-プロデューサーじゃない！.csv,68,4901002050360,千雪,"……你们俩
不能让哥哥为难哦？",283活动剧情,Endless×Loop,C-2シナリオ-プロデューサーじゃない！
283活动剧情\Endless×Loop\C-2シナリオ-プロデューサーじゃない！.csv,70,4901002050380,千雪,"稍微冷静一下
听下哥哥说的话吧",283活动剧情,Endless×Loop,C-2シナリオ-プロデューサーじゃない！
283活动剧情\Endless×Loop\C-2シナリオ-プロデューサーじゃない！.csv,72,4901002050400,千雪,哥哥……无论如何，都要走吗？,283活动剧情,Endless×Loop,C-2シナリオ-プロデューサーじゃない！
283活动剧情\Endless×Loop\C-2シナリオ-プロデューサーじゃない！.csv,74,4901002050410,千雪,"明明甘奈和甜花都这么伤心你也要走吗？
而且，我也……",283活动剧情,Endless×Loop,C-2シナリオ-プロデューサーじゃない！
283活动剧情\Endless×Loop\C-2シナリオ-プロデューサーじゃない！.csv,76,4901002050420,千雪,"既然你都这么说了……我知道了
甘奈，甜花，不能让哥哥为难哦",283活动剧情,Endless×Loop,C-2シナリオ-プロデューサーじゃない！
283活动剧情\Endless×Loop\C-2シナリオ-プロデューサーじゃない！.csv,81,4901002050450,千雪,"……看来，已经没有时间了呢
那么，我们会一直等着你的——",283活动剧情,Endless×Loop,C-2シナリオ-プロデューサーじゃない！
283活动剧情\Endless×Loop\C-2シナリオ-プロデューサーじゃない！.csv,84,4901002050460,千雪,"啊？
对不起，吵醒你了吗……？",283活动剧情,Endless×Loop,C-2シナリオ-プロデューサーじゃない！
283活动剧情\Endless×Loop\C-2シナリオ-プロデューサーじゃない！.csv,89,4901002050490,千雪,可以的话，给你泡杯咖啡吧？,283活动剧情,Endless×Loop,C-2シナリオ-プロデューサーじゃない！
283活动剧情\Endless×Loop\C-2シナリオ-プロデューサーじゃない！.csv,91,4901002050500,千雪,"呵呵……请稍等一下
我一会儿就回来",283活动剧情,Endless×Loop,C-2シナリオ-プロデューサーじゃない！
283活动剧情\Endless×Loop\C-2シナリオ-プロデューサーじゃない！.csv,96,4901002050520,千雪,"呵呵，能这么说
总觉得很开心呢",283活动剧情,Endless×Loop,C-2シナリオ-プロデューサーじゃない！
283活动剧情\Endless×Loop\C-2シナリオ-プロデューサーじゃない！.csv,117,4901002050620,千雪,"哦？你这么说的话，
我也得努力了呢",283活动剧情,Endless×Loop,C-2シナリオ-プロデューサーじゃない！
283活动剧情\Endless×Loop\C-2シナリオ-プロデューサーじゃない！.csv,118,4901002050630,千雪,稍等一下哦♪,283活动剧情,Endless×Loop,C-2シナリオ-プロデューサーじゃない！
283活动剧情\Endless×Loop\C-2シナリオ-プロデューサーじゃない！.csv,120,4901002050640,千雪,"久等了～
千雪特制炒菜，完成了",283活动剧情,Endless×Loop,C-2シナリオ-プロデューサーじゃない！
283活动剧情\Endless×Loop\C-2シナリオ-プロデューサーじゃない！.csv,122,4901002050650,千雪,呵呵，请品尝吧♪,283活动剧情,Endless×Loop,C-2シナリオ-プロデューサーじゃない！
283活动剧情\Endless×Loop\C-2シナリオ-プロデューサーじゃない！.csv,125,4901002050660,千雪,呵呵，合哥哥的口味真是太好了……,283活动剧情,Endless×Loop,C-2シナリオ-プロデューサーじゃない！
283活动剧情\Endless×Loop\C-2シナリオ-プロデューサーじゃない！.csv,127,4901002050680,千雪,"呵呵，谢谢你甜花
击掌！",283活动剧情,Endless×Loop,C-2シナリオ-プロデューサーじゃない！
283活动剧情\Endless×Loop\C-2シナリオ-プロデューサーじゃない！.csv,133,4901002050720,千雪,甘奈，不能让哥哥为难哦,283活动剧情,Endless×Loop,C-2シナリオ-プロデューサーじゃない！
283活动剧情\Endless×Loop\C-2シナリオ-プロデューサーじゃない！.csv,137,4901002050750,千雪,哈哈……太好了呢，甘奈,283活动剧情,Endless×Loop,C-2シナリオ-プロデューサーじゃない！
283活动剧情\Endless×Loop\C-2シナリオ-プロデューサーじゃない！.csv,147,4901002050820,千雪,"我也休息了哦
晚安，哥哥",283活动剧情,Endless×Loop,C-2シナリオ-プロデューサーじゃない！
283活动剧情\Endless×Loop\C-2シナリオ-プロデューサーじゃない！.csv,159,4901002050850,千雪,"呵呵，哥哥真是的
慌张的样子真可爱……♪",283活动剧情,Endless×Loop,C-2シナリオ-プロデューサーじゃない！
283活动剧情\Secret×Rose\シークレット Secret×Fragrance.csv,45,4901011160270,千雪,…………,283活动剧情,Secret×Rose,シークレット Secret×Fragrance
283活动剧情\Secret×Rose\シークレット Secret×Fragrance.csv,47,4901011160280,千雪,"……终于见到你了……
我一直，都在等待这一刻……",283活动剧情,Secret×Rose,シークレット Secret×Fragrance
283活动剧情\Secret×Rose\シークレット Secret×Fragrance.csv,49,4901011160290,千雪,……为什么要丢下我一个人呢？,283活动剧情,Secret×Rose,シークレット Secret×Fragrance
283活动剧情\Secret×Rose\シークレット Secret×Fragrance.csv,51,4901011160300,千雪,"对我来说，没有你的人生根本毫无价值……
——你知道的吧？",283活动剧情,Secret×Rose,シークレット Secret×Fragrance
283活动剧情\Secret×Rose\シークレット Secret×Fragrance.csv,53,4901011160301,千雪＆主人公,呵呵……,283活动剧情,Secret×Rose,シークレット Secret×Fragrance
283活动剧情\Secret×Rose\シークレット Secret×Fragrance.csv,55,4901011160310,千雪,是啊……但，到此为止了……,283活动剧情,Secret×Rose,シークレット Secret×Fragrance
283活动剧情\Secret×Rose\シークレット Secret×Fragrance.csv,56,4901011160320,千雪,从今以后要一直在一起……,283活动剧情,Secret×Rose,シークレット Secret×Fragrance
283活动剧情\Secret×Rose\シークレット Secret×Fragrance.csv,58,4901011160330,千雪,好……我会和你一起……,283活动剧情,Secret×Rose,シークレット Secret×Fragrance
283活动剧情\Secret×Rose\ユニット ED 愛らしい少女たち.csv,35,4901011080210,千雪,"哇，是甘奈
怎这么慌张——",283活动剧情,Secret×Rose,ユニット ED 愛らしい少女たち
283活动剧情\Secret×Rose\ユニット ED 愛らしい少女たち.csv,36,4901011080220,千雪,"……哎呀？
那位是……",283活动剧情,Secret×Rose,ユニット ED 愛らしい少女たち
283活动剧情\Secret×Rose\ユニット ED 愛らしい少女たち.csv,38,4901011080240,千雪,"呵呵，有听说关于你的传闻
初次见面，我是高中3年级的桑山千雪",283活动剧情,Secret×Rose,ユニット ED 愛らしい少女たち
283活动剧情\Secret×Rose\ユニット ED 愛らしい少女たち.csv,41,4901011080260,千雪,打听……？,283活动剧情,Secret×Rose,ユニット ED 愛らしい少女たち
283活动剧情\Secret×Rose\ユニット ED 愛らしい少女たち.csv,43,4901011080280,千雪,……甘奈也是这么认为的吗,283活动剧情,Secret×Rose,ユニット ED 愛らしい少女たち
283活动剧情\Secret×Rose\ユニット ED 愛らしい少女たち.csv,45,4901011080300,千雪,嗯，虽然我也不确定……,283活动剧情,Secret×Rose,ユニット ED 愛らしい少女たち
283活动剧情\Secret×Rose\ユニット ED 愛らしい少女たち.csv,47,4901011080310,千雪,"是的
真的，有点违和感……",283活动剧情,Secret×Rose,ユニット ED 愛らしい少女たち
283活动剧情\Secret×Rose\ユニット ED 愛らしい少女たち.csv,61,4901011080440,千雪,"……太好啦
那么，事情解决啦♪",283活动剧情,Secret×Rose,ユニット ED 愛らしい少女たち
283活动剧情\Secret×Rose\ユニット ED 愛らしい少女たち.csv,64,4901011080460,千雪,"呵呵，既然人齐了
要不一起喝杯茶？",283活动剧情,Secret×Rose,ユニット ED 愛らしい少女たち
283活动剧情\Secret×Rose\ユニット ED 愛らしい少女たち.csv,67,4901011080490,千雪,"……那样的话，
今天的茶就让甜花来泡吧",283活动剧情,Secret×Rose,ユニット ED 愛らしい少女たち
283活动剧情\Secret×Rose\ユニット ED 愛らしい少女たち.csv,69,4901011080510,千雪,"嗯
能拜托你吗？",283活动剧情,Secret×Rose,ユニット ED 愛らしい少女たち
283活动剧情\Secret×Rose\ユニット ED 愛らしい少女たち.csv,76,4901011080580,千雪,"香气醇厚
甜花，好厉害啊……！",283活动剧情,Secret×Rose,ユニット ED 愛らしい少女たち
283活动剧情\Secret×Rose\ユニット ED 愛らしい少女たち.csv,87,4901011080620,千雪,老师，你对茶很了解吗？,283活动剧情,Secret×Rose,ユニット ED 愛らしい少女たち
283活动剧情\Secret×Rose\ユニット ED 愛らしい少女たち.csv,100,4901011080670,千雪,是的……要一直，在一起……呵呵,283活动剧情,Secret×Rose,ユニット ED 愛らしい少女たち
283活动剧情\Secret×Rose\ユニット ED 愛らしい少女たち.csv,106,4901011080710,千雪,是的，非常好喝……,283活动剧情,Secret×Rose,ユニット ED 愛らしい少女たち
283活动剧情\Secret×Rose\ユニット ED 愛らしい少女たち.csv,109,4901011080730,千雪,真的呢……是怎么了吗？,283活动剧情,Secret×Rose,ユニット ED 愛らしい少女たち
283活动剧情\Secret×Rose\ユニット ED 愛らしい少女たち.csv,113,4901011080750,千雪,老师……？你会喝的吧？,283活动剧情,Secret×Rose,ユニット ED 愛らしい少女たち
283活动剧情\Secret×Rose\ユニット ED 愛らしい少女たち.csv,118,4901011080790,千雪,呵呵……,283活动剧情,Secret×Rose,ユニット ED 愛らしい少女たち
283活动剧情\Secret×Rose\ユニット ED 愛らしい少女たち.csv,125,4901011080810,千雪,"我来喂你喝……
喝下……很多温热的……蔷薇茶……",283活动剧情,Secret×Rose,ユニット ED 愛らしい少女たち
283活动剧情\Secret×Rose\ユニット ED 愛らしい少女たち.csv,131,4901011080850,千雪,"那么，以后
再好好的听老师说吧",283活动剧情,Secret×Rose,ユニット ED 愛らしい少女たち
283活动剧情\World×Code\屋敷で×怪盗×裏切り-敵対ロマンス（千雪）.csv,4,4901021370010,千雪,嗯，辛苦了,283活动剧情,World×Code,屋敷で×怪盗×裏切り-敵対ロマンス（千雪）
283活动剧情\World×Code\屋敷で×怪盗×裏切り-敵対ロマンス（千雪）.csv,5,4901021370020,千雪,……但是，呵呵,283活动剧情,World×Code,屋敷で×怪盗×裏切り-敵対ロマンス（千雪）
283活动剧情\World×Code\屋敷で×怪盗×裏切り-敵対ロマンス（千雪）.csv,6,4901021370030,千雪,我还有一件工作要做,283活动剧情,World×Code,屋敷で×怪盗×裏切り-敵対ロマンス（千雪）
283活动剧情\World×Code\屋敷で×怪盗×裏切り-敵対ロマンス（千雪）.csv,8,4901021370040,千雪,"不要动
举起双手……转到后面去",283活动剧情,World×Code,屋敷で×怪盗×裏切り-敵対ロマンス（千雪）
283活动剧情\World×Code\屋敷で×怪盗×裏切り-敵対ロマンス（千雪）.csv,10,4901021370050,千雪,————我是认真的,283活动剧情,World×Code,屋敷で×怪盗×裏切り-敵対ロマンス（千雪）
283活动剧情\World×Code\屋敷で×怪盗×裏切り-敵対ロマンス（千雪）.csv,11,4901021370060,千雪,"把这些作为资金，我会越做越大的
才不会停留在这个偏僻的乡村里……",283活动剧情,World×Code,屋敷で×怪盗×裏切り-敵対ロマンス（千雪）
283活动剧情\World×Code\屋敷で×怪盗×裏切り-敵対ロマンス（千雪）.csv,13,4901021370070,千雪,"所以……
再见了，亲爱的",283活动剧情,World×Code,屋敷で×怪盗×裏切り-敵対ロマンス（千雪）
283活动剧情\World×Code\屋敷で×怪盗×裏切り-敵対ロマンス（千雪）.csv,14,4901021370080,千雪,"————你有个不错的梦想呢
以这个小镇能看到的东西来说",283活动剧情,World×Code,屋敷で×怪盗×裏切り-敵対ロマンス（千雪）
283活动剧情\World×Code\岡っ引き×幽霊現る×一件落着-時代劇（千雪）.csv,4,4901021810010,千雪,————闭嘴,283活动剧情,World×Code,岡っ引き×幽霊現る×一件落着-時代劇（千雪）
283活动剧情\World×Code\岡っ引き×幽霊現る×一件落着-時代劇（千雪）.csv,5,4901021810020,千雪,你想成佛吗,283活动剧情,World×Code,岡っ引き×幽霊現る×一件落着-時代劇（千雪）
283活动剧情\World×Code\岡っ引き×幽霊現る×一件落着-時代劇（千雪）.csv,7,4901021810030,千雪,"呵呵
我也是只是稍微玩玩罢了",283活动剧情,World×Code,岡っ引き×幽霊現る×一件落着-時代劇（千雪）
283活动剧情\World×Code\岡っ引き×幽霊現る×一件落着-時代劇（千雪）.csv,9,4901021810040,千雪,"……？
还有一个人到哪里去了",283活动剧情,World×Code,岡っ引き×幽霊現る×一件落着-時代劇（千雪）
283活动剧情\World×Code\岡っ引き×幽霊現る×一件落着-時代劇（千雪）.csv,11,4901021810050,千雪,"不是这个
刚刚不还在的————",283活动剧情,World×Code,岡っ引き×幽霊現る×一件落着-時代劇（千雪）
283活动剧情\World×Code\岡っ引き×幽霊現る×一件落着-時代劇（千雪）.csv,12,4901021810051,千雪＆同心,,283活动剧情,World×Code,岡っ引き×幽霊現る×一件落着-時代劇（千雪）
283活动剧情\World×Code\岡っ引き×幽霊現る×一件落着-時代劇（千雪）.csv,13,4901021810060,千雪,"……看错什么的，
我也开始不中用了呢……！",283活动剧情,World×Code,岡っ引き×幽霊現る×一件落着-時代劇（千雪）
283活动剧情\World×Code\岸壁で×殺人×決めセリフ-探偵（千雪）.csv,2,4901021020010,千雪,"……
不管有没有同意",283活动剧情,World×Code,岸壁で×殺人×決めセリフ-探偵（千雪）
283活动剧情\World×Code\岸壁で×殺人×決めセリフ-探偵（千雪）.csv,3,4901021020020,千雪,"————只因为这样
就可以决定是殉情还是杀人吗……？",283活动剧情,World×Code,岸壁で×殺人×決めセリフ-探偵（千雪）
283活动剧情\World×Code\岸壁で×殺人×決めセリフ-探偵（千雪）.csv,5,4901021020030,千雪,"在这么……
美丽的地方…………",283活动剧情,World×Code,岸壁で×殺人×決めセリフ-探偵（千雪）
283活动剧情\World×Code\岸壁で×殺人×決めセリフ-探偵（千雪）.csv,6,4901021020040,千雪,"风和海……
都像是呼唤两人一样张开了双手————",283活动剧情,World×Code,岸壁で×殺人×決めセリフ-探偵（千雪）
283活动剧情\World×Code\岸壁で×殺人×決めセリフ-探偵（千雪）.csv,8,4901021020050,千雪,"呵呵
是会想掉下去呢。就算没有这样的想法",283活动剧情,World×Code,岸壁で×殺人×決めセリフ-探偵（千雪）
283活动剧情\World×Code\岸壁で×殺人×決めセリフ-探偵（千雪）.csv,9,4901021020060,千雪,什么都不考虑————,283活动剧情,World×Code,岸壁で×殺人×決めセリフ-探偵（千雪）
283活动剧情\World×Code\岸壁で×殺人×決めセリフ-探偵（千雪）.csv,10,4901021020070,千雪,就这样像花束一样……被紧抱着,283活动剧情,World×Code,岸壁で×殺人×決めセリフ-探偵（千雪）
283活动剧情\YOUR MY Love letter\序章-I am..csv,86,4001047010090,千雪,"“我们，因为被甘奈叫到
出场的节目来”",283活动剧情,YOUR MY Love letter,序章-I am.
283活动剧情\YOUR MY Love letter\序章-I am..csv,87,4001047010100,千雪,“就算多一点也想让场面热闹起来”,283活动剧情,YOUR MY Love letter,序章-I am.
283活动剧情\YOUR MY Love letter\序章-I am..csv,88,4001047010110,千雪,“所以就……？”,283活动剧情,YOUR MY Love letter,序章-I am.
283活动剧情\YOUR MY Love letter\第3话-color for Someone.csv,64,4001047040080,千雪,“哇，谢谢您……！”,283活动剧情,YOUR MY Love letter,第3话-color for Someone
283活动剧情\YOUR MY Love letter\第3话-color for Someone.csv,66,4001047040090,千雪,“是的呢──！”,283活动剧情,YOUR MY Love letter,第3话-color for Someone
283活动剧情\YOUR MY Love letter\第3话-color for Someone.csv,67,4001047040100,千雪,“我第一眼看到的时候，也是这样想的”,283活动剧情,YOUR MY Love letter,第3话-color for Someone
283活动剧情\YOUR MY Love letter\第3话-color for Someone.csv,68,4001047040110,千雪,“超………………棒的呢！”,283活动剧情,YOUR MY Love letter,第3话-color for Someone
283活动剧情\YOUR MY Love letter\第3话-color for Someone.csv,69,4001047040120,千雪,"“虽然是能用到了很棒的曲子，
但是MV本身真的是……”",283活动剧情,YOUR MY Love letter,第3话-color for Someone
283活动剧情\YOUR MY Love letter\第3话-color for Someone.csv,70,4001047040130,千雪,“连一个个的声音，都表现出来了”,283活动剧情,YOUR MY Love letter,第3话-color for Someone
283活动剧情\YOUR MY Love letter\第3话-color for Someone.csv,72,4001047040140,千雪,“诶，没有没有。我怎么可能────”,283活动剧情,YOUR MY Love letter,第3话-color for Someone
283活动剧情\YOUR MY Love letter\第3话-color for Someone.csv,76,4001047040150,千雪,“得感谢制作团队的大家才行”,283活动剧情,YOUR MY Love letter,第3话-color for Someone
283活动剧情\YOUR MY Love letter\第3话-color for Someone.csv,77,4001047040160,千雪,"“如果能作为一个与歌曲相结合的作品……
感到快乐的话、我就很高兴了”",283活动剧情,YOUR MY Love letter,第3话-color for Someone
283活动剧情\YOUR MY Love letter\第4话-off stage.csv,26,4001047050010,千雪,（那个————）,283活动剧情,YOUR MY Love letter,第4话-off stage
283活动剧情\YOUR MY Love letter\第4话-off stage.csv,27,4001047050020,千雪,（工作室是24层）,283活动剧情,YOUR MY Love letter,第4话-off stage
283活动剧情\YOUR MY Love letter\第4话-off stage.csv,28,4001047050030,千雪,（……电梯只能到第十层）,283活动剧情,YOUR MY Love letter,第4话-off stage
283活动剧情\YOUR MY Love letter\第4话-off stage.csv,29,4001047050040,千雪,啊……,283活动剧情,YOUR MY Love letter,第4话-off stage
283活动剧情\YOUR MY Love letter\第4话-off stage.csv,30,4001047050050,千雪,（这个电梯，只能从二层到十层呀……）,283活动剧情,YOUR MY Love letter,第4话-off stage
283活动剧情\YOUR MY Love letter\第4话-off stage.csv,31,4001047050060,千雪,"（这样……那么一定有
能去21层的电梯才对）",283活动剧情,YOUR MY Love letter,第4话-off stage
283活动剧情\YOUR MY Love letter\第4话-off stage.csv,33,4001047050070,千雪,……是的？,283活动剧情,YOUR MY Love letter,第4话-off stage
283活动剧情\YOUR MY Love letter\第4话-off stage.csv,35,4001047050080,千雪,"……啊……
还没有，刚准备去",283活动剧情,YOUR MY Love letter,第4话-off stage
283活动剧情\YOUR MY Love letter\第4话-off stage.csv,38,4001047050090,千雪,"诶……
……诶……好的……！",283活动剧情,YOUR MY Love letter,第4话-off stage
283活动剧情\YOUR MY Love letter\第4话-off stage.csv,39,4001047050100,千雪,"……非常感谢您
特意来接我",283活动剧情,YOUR MY Love letter,第4话-off stage
283活动剧情\YOUR MY Love letter\第4话-off stage.csv,41,4001047050110,千雪,哈哈……！,283活动剧情,YOUR MY Love letter,第4话-off stage
283活动剧情\YOUR MY Love letter\第4话-off stage.csv,42,4001047050120,千雪,"……那个……
是第一次见面，是吧？",283活动剧情,YOUR MY Love letter,第4话-off stage
283活动剧情\YOUR MY Love letter\第4话-off stage.csv,43,4001047050130,千雪,"听说节目组，
这次来了新的工作人员",283活动剧情,YOUR MY Love letter,第4话-off stage
283活动剧情\YOUR MY Love letter\第4话-off stage.csv,44,4001047050140,千雪,这么快就能见面真的非常高兴,283活动剧情,YOUR MY Love letter,第4话-off stage
283活动剧情\YOUR MY Love letter\第4话-off stage.csv,45,4001047050150,千雪,"容我再自我介绍一下，我是桑山千雪
以后也请多关照",283活动剧情,YOUR MY Love letter,第4话-off stage
283活动剧情\YOUR MY Love letter\第4话-off stage.csv,51,4001047050160,千雪,"导演……！
好久不见",283活动剧情,YOUR MY Love letter,第4话-off stage
283活动剧情\YOUR MY Love letter\第4话-off stage.csv,54,4001047050170,千雪,"诶……？
因为，真的，真的是很棒嘛",283活动剧情,YOUR MY Love letter,第4话-off stage
283活动剧情\YOUR MY Love letter\第4话-off stage.csv,55,4001047050180,千雪,"不敢说是评价……
只是我真心的想法而已",283活动剧情,YOUR MY Love letter,第4话-off stage
283活动剧情\YOUR MY Love letter\第4话-off stage.csv,58,4001047050190,千雪,"是的，多亏了
导演和大家",283活动剧情,YOUR MY Love letter,第4话-off stage
283活动剧情\YOUR MY Love letter\第4话-off stage.csv,67,4001047050200,千雪,那个，难道……,283活动剧情,YOUR MY Love letter,第4话-off stage
283活动剧情\YOUR MY Love letter\第4话-off stage.csv,69,4001047050210,千雪,拍MV的时候您也在场吗……？,283活动剧情,YOUR MY Love letter,第4话-off stage
283活动剧情\YOUR MY Love letter\第4话-off stage.csv,72,4001047050220,千雪,"非，非常抱歉！  我……！
我竟然说是初次见面什么的……",283活动剧情,YOUR MY Love letter,第4话-off stage
283活动剧情\YOUR MY Love letter\第4话-off stage.csv,75,4001047050230,千雪,,283活动剧情,YOUR MY Love letter,第4话-off stage
283活动剧情\YOUR MY Love letter\第4话-off stage.csv,77,4001047050240,千雪,好的,283活动剧情,YOUR MY Love letter,第4话-off stage
283活动剧情\YOUR MY Love letter\第5话-good night.csv,119,4001047060340,千雪,（诶，啊……）,283活动剧情,YOUR MY Love letter,第5话-good night
283活动剧情\YOUR MY Love letter\第5话-good night.csv,120,4001047060350,千雪,（我是，要买什么来着……）,283活动剧情,YOUR MY Love letter,第5话-good night
283活动剧情\YOUR MY Love letter\第5话-good night.csv,121,4001047060360,千雪,（快想起来——，千雪……！）,283活动剧情,YOUR MY Love letter,第5话-good night
283活动剧情\YOUR MY Love letter\第5话-good night.csv,122,4001047060370,千雪,（是的，记得，早上——）,283活动剧情,YOUR MY Love letter,第5话-good night
283活动剧情\YOUR MY Love letter\第5话-good night.csv,123,4001047060380,千雪,（刷牙，洗脸……）,283活动剧情,YOUR MY Love letter,第5话-good night
283活动剧情\YOUR MY Love letter\第5话-good night.csv,124,4001047060390,千雪,（按下了化妆水的按钮）,283活动剧情,YOUR MY Love letter,第5话-good night
283活动剧情\YOUR MY Love letter\第5话-good night.csv,125,4001047060400,千雪,（回去的时候得去一趟药店……）,283活动剧情,YOUR MY Love letter,第5话-good night
283活动剧情\YOUR MY Love letter\第5话-good night.csv,126,4001047060410,千雪,,283活动剧情,YOUR MY Love letter,第5话-good night
283活动剧情\YOUR MY Love letter\第5话-good night.csv,127,4001047060420,千雪,"（嗯呜——————……
到底是啥来着……！？）",283活动剧情,YOUR MY Love letter,第5话-good night
283活动剧情\YOUR MY Love letter\第5话-good night.csv,129,4001047060430,千雪,啊——,283活动剧情,YOUR MY Love letter,第5话-good night
283活动剧情\YOUR MY Love letter\第5话-good night.csv,130,4001047060440,千雪,"桑山千雪……
今天的营业已经结束了──",283活动剧情,YOUR MY Love letter,第5话-good night
283活动剧情\YOUR MY Love letter\第5话-good night.csv,131,4001047060450,千雪,等待您的，再次光临……,283活动剧情,YOUR MY Love letter,第5话-good night
283活动剧情\YOUR MY Love letter\第5话-good night.csv,132,4001047060460,千雪,啊——————……,283活动剧情,YOUR MY Love letter,第5话-good night
283活动剧情\YOUR MY Love letter\第5话-good night.csv,133,4001047060470,千雪,嗯——…………,283活动剧情,YOUR MY Love letter,第5话-good night
283活动剧情\YOUR MY Love letter\第5话-good night.csv,134,4001047060480,千雪,（把包里不用的东西拿出来）,283活动剧情,YOUR MY Love letter,第5话-good night
283活动剧情\YOUR MY Love letter\第5话-good night.csv,135,4001047060490,千雪,（做好明天需要的准备……）,283活动剧情,YOUR MY Love letter,第5话-good night
283活动剧情\YOUR MY Love letter\第5话-good night.csv,136,4001047060500,千雪,（啊……还要洗东西才行……）,283活动剧情,YOUR MY Love letter,第5话-good night
283活动剧情\YOUR MY Love letter\第5话-good night.csv,137,4001047060510,千雪,"（外套……拿去做清洁服务了……
差不多得去取回来才行……）",283活动剧情,YOUR MY Love letter,第5话-good night
283活动剧情\YOUR MY Love letter\第5话-good night.csv,138,4001047060520,千雪,（然后还有……）,283活动剧情,YOUR MY Love letter,第5话-good night
283活动剧情\YOUR MY Love letter\第5话-good night.csv,139,4001047060530,千雪,（还有…………）,283活动剧情,YOUR MY Love letter,第5话-good night
283活动剧情\YOUR MY Love letter\第5话-good night.csv,140,4001047060540,千雪,"啊……
啊——……想起来了……！",283活动剧情,YOUR MY Love letter,第5话-good night
283活动剧情\YOUR MY Love letter\第5话-good night.csv,141,4001047060550,千雪,要去买的是,283活动剧情,YOUR MY Love letter,第5话-good night
283活动剧情\YOUR MY Love letter\第5话-good night.csv,142,4001047060560,千雪,牙膏————！,283活动剧情,YOUR MY Love letter,第5话-good night
283活动剧情\YOUR MY Love letter\第6话-present.csv,7,4001047070060,千雪,晚上好，我是桑山千雪,283活动剧情,YOUR MY Love letter,第6话-present
283活动剧情\YOUR MY Love letter\第6话-present.csv,15,4001047070140,千雪,“请多指教”,283活动剧情,YOUR MY Love letter,第6话-present
283活动剧情\YOUR MY Love letter\第6话-present.csv,19,4001047070180,千雪,嗯……！,283活动剧情,YOUR MY Love letter,第6话-present
283活动剧情\YOUR MY Love letter\第6话-present.csv,27,4001047070250,千雪,好的！  那么，我就来读了,283活动剧情,YOUR MY Love letter,第6话-present
283活动剧情\YOUR MY Love letter\第6话-present.csv,28,4001047070260,千雪,广播名，无名……先生……,283活动剧情,YOUR MY Love letter,第6话-present
283活动剧情\YOUR MY Love letter\第6话-present.csv,29,4001047070270,千雪,"……就行了么？
无名先生的来信",283活动剧情,YOUR MY Love letter,第6话-present
283活动剧情\YOUR MY Love letter\第6话-present.csv,30,4001047070280,千雪,"ALSTROEMERIA的各位
晚上好",283活动剧情,YOUR MY Love letter,第6话-present
283活动剧情\YOUR MY Love letter\第6话-present.csv,31,4001047070290,千雪,呵呵，晚上好,283活动剧情,YOUR MY Love letter,第6话-present
283活动剧情\YOUR MY Love letter\第6话-present.csv,32,4001047070300,千雪,——我是最近才知道各位的后辈,283活动剧情,YOUR MY Love letter,第6话-present
283活动剧情\YOUR MY Love letter\第6话-present.csv,33,4001047070310,千雪,“我有一个女儿”,283活动剧情,YOUR MY Love letter,第6话-present
283活动剧情\YOUR MY Love letter\第6话-present.csv,34,4001047070320,千雪,“刚好是和千雪小姐同样的年纪”,283活动剧情,YOUR MY Love letter,第6话-present
283活动剧情\YOUR MY Love letter\第6话-present.csv,35,4001047070330,千雪,“哇……这样呀！  跟我差不多吗……”,283活动剧情,YOUR MY Love letter,第6话-present
283活动剧情\YOUR MY Love letter\第6话-present.csv,36,4001047070340,千雪,“哈哈，是位什么样的人呢”,283活动剧情,YOUR MY Love letter,第6话-present
283活动剧情\YOUR MY Love letter\第6话-present.csv,37,4001047070350,千雪,"“……从女儿一个人生活开始，
已经过了很长一段时间了”",283活动剧情,YOUR MY Love letter,第6话-present
283活动剧情\YOUR MY Love letter\第6话-present.csv,38,4001047070360,千雪,"“好像每天都在忙碌着，
都没有怎么联络家里”",283活动剧情,YOUR MY Love letter,第6话-present
283活动剧情\YOUR MY Love letter\第6话-present.csv,39,4001047070370,千雪,“没有被依赖就是最好的依赖”,283活动剧情,YOUR MY Love letter,第6话-present
283活动剧情\YOUR MY Love letter\第6话-present.csv,40,4001047070380,千雪,“这样相信着并守望着”,283活动剧情,YOUR MY Love letter,第6话-present
283活动剧情\YOUR MY Love letter\第6话-present.csv,41,4001047070390,千雪,“女儿她，一定现在也在努力着吧”,283活动剧情,YOUR MY Love letter,第6话-present
283活动剧情\YOUR MY Love letter\第6话-present.csv,42,4001047070400,千雪,“然后为了同样的在努力的大家”,283活动剧情,YOUR MY Love letter,第6话-present
283活动剧情\YOUR MY Love letter\第6话-present.csv,43,4001047070410,千雪,请给他们一首能鼓励勇气的歌————,283活动剧情,YOUR MY Love letter,第6话-present
283活动剧情\YOUR MY Love letter\第6话-present.csv,45,4001047070430,千雪,无名先生，谢谢您的来信,283活动剧情,YOUR MY Love letter,第6话-present
283活动剧情\YOUR MY Love letter\第6话-present.csv,47,4001047070450,千雪,"这封信……
之前我们三人一起读过了",283活动剧情,YOUR MY Love letter,第6话-present
283活动剧情\YOUR MY Love letter\第6话-present.csv,48,4001047070460,千雪,思考了到底应该给出什么样的答案才好呢,283活动剧情,YOUR MY Love letter,第6话-present
283活动剧情\YOUR MY Love letter\第6话-present.csv,55,4001047070530,千雪,“嗯……”,283活动剧情,YOUR MY Love letter,第6话-present
283活动剧情\YOUR MY Love letter\第6话-present.csv,56,4001047070540,千雪,"“无名先生……我想是不是可能……
稍微感觉到有一些寂寞”",283活动剧情,YOUR MY Love letter,第6话-present
283活动剧情\YOUR MY Love letter\第6话-present.csv,65,4001047070630,千雪,“…………”,283活动剧情,YOUR MY Love letter,第6话-present
283活动剧情\YOUR MY Love letter\第6话-present.csv,66,4001047070640,千雪,"——那么，为了在努力着的各位，
ALSTROEMERIA把这首歌送给大家",283活动剧情,YOUR MY Love letter,第6话-present
283活动剧情\YOUR MY Love letter\第6话-present.csv,67,4001047070650,千雪,在这之前……,283活动剧情,YOUR MY Love letter,第6话-present
283活动剧情\YOUR MY Love letter\第6话-present.csv,68,4001047070660,千雪,我想，说一句话,283活动剧情,YOUR MY Love letter,第6话-present
283活动剧情\YOUR MY Love letter\第6话-present.csv,69,4001047070670,千雪,有时候，我……会迷茫,283活动剧情,YOUR MY Love letter,第6话-present
283活动剧情\YOUR MY Love letter\第6话-present.csv,70,4001047070680,千雪,在用到大家这个称呼之前,283活动剧情,YOUR MY Love letter,第6话-present
283活动剧情\YOUR MY Love letter\第6话-present.csv,71,4001047070690,千雪,"像粉丝的大家，工作人员的大家之类，
经常这样称呼着",283活动剧情,YOUR MY Love letter,第6话-present
283活动剧情\YOUR MY Love letter\第6话-present.csv,72,4001047070700,千雪,“……真的是每个人都实际的存在着呢”,283活动剧情,YOUR MY Love letter,第6话-present
283活动剧情\YOUR MY Love letter\第6话-present.csv,73,4001047070710,千雪,“在这个话语中”,283活动剧情,YOUR MY Love letter,第6话-present
283活动剧情\YOUR MY Love letter\第6话-present.csv,74,4001047070720,千雪,“明明是这样的但是却把大家当成一捆真的好吗”,283活动剧情,YOUR MY Love letter,第6话-present
283活动剧情\YOUR MY Love letter\第6话-present.csv,75,4001047070730,千雪,“会想……这样真的能把我的想法给传达到吗？”,283活动剧情,YOUR MY Love letter,第6话-present
283活动剧情\YOUR MY Love letter\第6话-present.csv,76,4001047070740,千雪,“所以————”,283活动剧情,YOUR MY Love letter,第6话-present
283活动剧情\YOUR MY Love letter\第6话-present.csv,103,4001047070800,千雪,————请告诉我吧,283活动剧情,YOUR MY Love letter,第6话-present
283活动剧情\YOUR MY Love letter\第6话-present.csv,155,4001047070810,千雪,“一点是在什么地方是相通的”,283活动剧情,YOUR MY Love letter,第6话-present
283活动剧情\YOUR MY Love letter\第6话-present.csv,158,4001047070840,千雪,“就像花的种子，乘上了风一样”,283活动剧情,YOUR MY Love letter,第6话-present
283活动剧情\YOUR MY Love letter\第6话-present.csv,174,4001047070870,千雪,“到世界各个角落为止”,283活动剧情,YOUR MY Love letter,第6话-present
283活动剧情\YOUR MY Love letter\第6话-present.csv,201,4001047070920,千雪,“直到遥远的你的身边”,283活动剧情,YOUR MY Love letter,第6话-present
283活动剧情\YOUR MY Love letter\终章-You are..csv,163,4001047080380,千雪,“嘀”,283活动剧情,YOUR MY Love letter,终章-You are.
283活动剧情\YOUR MY Love letter\终章-You are..csv,166,4001047080410,千雪,“嘀”,283活动剧情,YOUR MY Love letter,终章-You are.
283活动剧情\きよしこの夜、プレゼン・フォー・ユー！\13_15 PM.csv,14,4001019010130,千雪,拍手拍手拍手……！,283活动剧情,きよしこの夜、プレゼン・フォー・ユー！,13_15 PM
283活动剧情\きよしこの夜、プレゼン・フォー・ユー！\13_15 PM.csv,15,4001019010140,千雪,居然不是，Presen“t”呢？,283活动剧情,きよしこの夜、プレゼン・フォー・ユー！,13_15 PM
283活动剧情\きよしこの夜、プレゼン・フォー・ユー！\13_15 PM.csv,22,4001019010210,千雪,"制作人先生，
圣诞节也辛苦了……！",283活动剧情,きよしこの夜、プレゼン・フォー・ユー！,13_15 PM
283活动剧情\きよしこの夜、プレゼン・フォー・ユー！\13_15 PM.csv,29,4001019010280,千雪,"没错
我们分成6组，每一组大约是6公里",283活动剧情,きよしこの夜、プレゼン・フォー・ユー！,13_15 PM
283活动剧情\きよしこの夜、プレゼン・フォー・ユー！\13_15 PM.csv,30,4001019010290,千雪,"带着计划书，
以及给各位观众的19份礼物而奔跑！",283活动剧情,きよしこの夜、プレゼン・フォー・ユー！,13_15 PM
283活动剧情\きよしこの夜、プレゼン・フォー・ユー！\13_15 PM.csv,31,4001019010300,千雪,"计划书的内容即是……
全员去国外出外景！",283活动剧情,きよしこの夜、プレゼン・フォー・ユー！,13_15 PM
283活动剧情\きよしこの夜、プレゼン・フォー・ユー！\13_15 PM.csv,33,4001019010320,千雪,"嗯！但是如果没有在时间内送到机场的话，
制作人就只能这样出发了！",283活动剧情,きよしこの夜、プレゼン・フォー・ユー！,13_15 PM
283活动剧情\きよしこの夜、プレゼン・フォー・ユー！\13_15 PM.csv,35,4001019010340,千雪,"对……虽然知道是这样的规则，
但我想去！ 想把计划书送到制作人手上……！",283活动剧情,きよしこの夜、プレゼン・フォー・ユー！,13_15 PM
283活动剧情\きよしこの夜、プレゼン・フォー・ユー！\13_15 PM.csv,53,4001019010510,千雪,甜花，加油……！,283活动剧情,きよしこの夜、プレゼン・フォー・ユー！,13_15 PM
283活动剧情\きよしこの夜、プレゼン・フォー・ユー！\13_15 PM.csv,54,4001019010520,千雪,"——啊……
真乃和雾子，也在帮她打气！",283活动剧情,きよしこの夜、プレゼン・フォー・ユー！,13_15 PM
283活动剧情\きよしこの夜、プレゼン・フォー・ユー！\13_15 PM.csv,55,4001019010530,千雪,"不过我们，
平常训练都只有跑2公里……",283活动剧情,きよしこの夜、プレゼン・フォー・ユー！,13_15 PM
283活动剧情\きよしこの夜、プレゼン・フォー・ユー！\13_15 PM.csv,74,4001019010720,千雪,"差不多要3公里了……
这该如何是好？",283活动剧情,きよしこの夜、プレゼン・フォー・ユー！,13_15 PM
283活动剧情\きよしこの夜、プレゼン・フォー・ユー！\13_15 PM.csv,85,4001019010830,千雪,甜花……大家……！,283活动剧情,きよしこの夜、プレゼン・フォー・ユー！,13_15 PM
283活动剧情\きよしこの夜、プレゼン・フォー・ユー！\13_15 PM.csv,88,4001019010860,千雪,——啊，不行……！,283活动剧情,きよしこの夜、プレゼン・フォー・ユー！,13_15 PM
283活动剧情\きよしこの夜、プレゼン・フォー・ユー！\13_15 PM.csv,89,4001019010870,千雪,"让，让我
到外面去帮她们一下……！",283活动剧情,きよしこの夜、プレゼン・フォー・ユー！,13_15 PM
283活动剧情\きよしこの夜、プレゼン・フォー・ユー！\13_32 PM.csv,20,4001019020190,千雪,加油！　大家，加油！,283活动剧情,きよしこの夜、プレゼン・フォー・ユー！,13_32 PM
283活动剧情\きよしこの夜、プレゼン・フォー・ユー！\13_32 PM.csv,48,4001019020470,千雪,咝、咝，哈、哈……！,283活动剧情,きよしこの夜、プレゼン・フォー・ユー！,13_32 PM
283活动剧情\きよしこの夜、プレゼン・フォー・ユー！\13_32 PM.csv,53,4001019020520,千雪,敬请期待……！,283活动剧情,きよしこの夜、プレゼン・フォー・ユー！,13_32 PM
283活动剧情\きよしこの夜、プレゼン・フォー・ユー！\15_06 PM.csv,40,4001019050350,千雪,哈……哈……,283活动剧情,きよしこの夜、プレゼン・フォー・ユー！,15_06 PM
283活动剧情\きよしこの夜、プレゼン・フォー・ユー！\15_06 PM.csv,45,4001019050400,千雪,哈……哈……,283活动剧情,きよしこの夜、プレゼン・フォー・ユー！,15_06 PM
283活动剧情\きよしこの夜、プレゼン・フォー・ユー！\15_06 PM.csv,46,4001019050410,千雪,"为了……见到圣诞老人……
这种事……",283活动剧情,きよしこの夜、プレゼン・フォー・ユー！,15_06 PM
283活动剧情\きよしこの夜、プレゼン・フォー・ユー！\15_06 PM.csv,50,4001019050450,千雪,可是……,283活动剧情,きよしこの夜、プレゼン・フォー・ユー！,15_06 PM
283活动剧情\きよしこの夜、プレゼン・フォー・ユー！\15_06 PM.csv,51,4001019050460,千雪,"毕竟我们都接下来了……
19人一起……！",283活动剧情,きよしこの夜、プレゼン・フォー・ユー！,15_06 PM
283活动剧情\きよしこの夜、プレゼン・フォー・ユー！\15_06 PM.csv,54,4001019050481,結華＆千雪,哇……！,283活动剧情,きよしこの夜、プレゼン・フォー・ユー！,15_06 PM
283活动剧情\きよしこの夜、プレゼン・フォー・ユー！\15_06 PM.csv,82,4001019050760,千雪,“那风，正在背后推自己一把”,283活动剧情,きよしこの夜、プレゼン・フォー・ユー！,15_06 PM
283活动剧情\きよしこの夜、プレゼン・フォー・ユー！\15_06 PM.csv,87,4001019050810,千雪,“那青春的外套”,283活动剧情,きよしこの夜、プレゼン・フォー・ユー！,15_06 PM
283活动剧情\きよしこの夜、プレゼン・フォー・ユー！\15_06 PM.csv,88,4001019050811,結華＆夏葉＆千雪,“直到我们，化作那三股微风”,283活动剧情,きよしこの夜、プレゼン・フォー・ユー！,15_06 PM
283活动剧情\きよしこの夜、プレゼン・フォー・ユー！\15_06 PM.csv,93,4001019050860,千雪,夏叶，好厉害……！,283活动剧情,きよしこの夜、プレゼン・フォー・ユー！,15_06 PM
283活动剧情\きよしこの夜、プレゼン・フォー・ユー！\15_06 PM.csv,94,4001019050870,千雪,"我们会像外套上的线条一样，
齐心协力继续奔跑♪",283活动剧情,きよしこの夜、プレゼン・フォー・ユー！,15_06 PM
283活动剧情\きよしこの夜、プレゼン・フォー・ユー！\15_06 PM.csv,95,4001019050871,結華＆夏葉＆千雪,请多为我们加油！,283活动剧情,きよしこの夜、プレゼン・フォー・ユー！,15_06 PM
283活动剧情\きよしこの夜、プレゼン・フォー・ユー！\16_57 PM.csv,87,4001019060790,千雪,呵呵……,283活动剧情,きよしこの夜、プレゼン・フォー・ユー！,16_57 PM
283活动剧情\きよしこの夜、プレゼン・フォー・ユー！\16_57 PM.csv,88,4001019060800,千雪,"朝日的话……
就让她……拍个照再放过她吧……",283活动剧情,きよしこの夜、プレゼン・フォー・ユー！,16_57 PM
283活动剧情\きよしこの夜、プレゼン・フォー・ユー！\17_46 PM.csv,59,4001019070510,千雪,"——10分钟
虽然很可惜，但好像到此为止了",283活动剧情,きよしこの夜、プレゼン・フォー・ユー！,17_46 PM
283活动剧情\きよしこの夜、プレゼン・フォー・ユー！\added time アマクナイヨル.csv,88,4001019080740,千雪,"……嗯，我也这么觉得
一定是，因为什么而串线了",283活动剧情,きよしこの夜、プレゼン・フォー・ユー！,added time アマクナイヨル
283活动剧情\きよしこの夜、プレゼン・フォー・ユー！\added time アマクナイヨル.csv,95,4001019080810,千雪,"——哇
原来如此……——",283活动剧情,きよしこの夜、プレゼン・フォー・ユー！,added time アマクナイヨル
283活动剧情\きよしこの夜、プレゼン・フォー・ユー！\added time アマクナイヨル.csv,96,4001019080820,千雪,————————啊，叶月～！,283活动剧情,きよしこの夜、プレゼン・フォー・ユー！,added time アマクナイヨル
283活动剧情\よっつのものがたり\よっつのものがたり01.csv,29,4001086010220,千雪,……挺有意思的一份工作呢,283活动剧情,よっつのものがたり,よっつのものがたり01
283活动剧情\よっつのものがたり\よっつのものがたり01.csv,31,4001086010230,千雪,呵呵，被猜到了吗,283活动剧情,よっつのものがたり,よっつのものがたり01
283活动剧情\よっつのものがたり\よっつのものがたり01.csv,42,4001086010300,千雪,话说回来，这次的主题是什么？,283活动剧情,よっつのものがたり,よっつのものがたり01
283活动剧情\よっつのものがたり\よっつのものがたり01.csv,51,4001086010340,千雪,甘奈想写些什么呢？,283活动剧情,よっつのものがたり,よっつのものがたり01
283活动剧情\よっつのものがたり\よっつのものがたり01.csv,54,4001086010370,千雪,"……
确实呢",283活动剧情,よっつのものがたり,よっつのものがたり01
283活动剧情\よっつのものがたり\よっつのものがたり02.csv,3,4001086020010,千雪,『打扰了，我是桑山。』,283活动剧情,よっつのものがたり,よっつのものがたり02
283活动剧情\よっつのものがたり\よっつのものがたり02.csv,4,4001086020020,千雪,"『初稿我已经写完了
请您确认一下』",283活动剧情,よっつのものがたり,よっつのものがたり02
283活动剧情\よっつのものがたり\よっつのものがたり02.csv,7,4001086020030,千雪,『对我来说，ALSTROEMERIA──』,283活动剧情,よっつのものがたり,よっつのものがたり02
283活动剧情\よっつのものがたり\よっつのものがたり02.csv,9,4001086020040,千雪,"『正是这句话
把我带入了偶像这个世界』",283活动剧情,よっつのものがたり,よっつのものがたり02
283活动剧情\よっつのものがたり\よっつのものがたり02.csv,10,4001086020050,千雪,我能……鼓舞很多人……？,283活动剧情,よっつのものがたり,よっつのものがたり02
283活动剧情\よっつのものがたり\よっつのものがたり02.csv,11,4001086020060,千雪,『听完这段话，我的心不由地雀跃了起来』,283活动剧情,よっつのものがたり,よっつのものがたり02
283活动剧情\よっつのものがたり\よっつのものがたり02.csv,12,4001086020070,千雪,『恐惧』,283活动剧情,よっつのものがたり,よっつのものがたり02
283活动剧情\よっつのものがたり\よっつのものがたり02.csv,13,4001086020080,千雪,『不安』,283活动剧情,よっつのものがたり,よっつのものがたり02
283活动剧情\よっつのものがたり\よっつのものがたり02.csv,14,4001086020090,千雪,『我不禁想象着』,283活动剧情,よっつのものがたり,よっつのものがたり02
283活动剧情\よっつのものがたり\よっつのものがたり02.csv,15,4001086020100,千雪,『期待着将浮于眼前的那一个个笑容』,283活动剧情,よっつのものがたり,よっつのものがたり02
283活动剧情\よっつのものがたり\よっつのものがたり02.csv,16,4001086020110,千雪,『那些能将不好的情绪全部抛诸脑后的笑容』,283活动剧情,よっつのものがたり,よっつのものがたり02
283活动剧情\よっつのものがたり\よっつのものがたり02.csv,18,4001086020120,千雪,"我是桑山千雪
请多多关照",283活动剧情,よっつのものがたり,よっつのものがたり02
283活动剧情\よっつのものがたり\よっつのものがたり02.csv,21,4001086020130,千雪,哇，可以吗？,283活动剧情,よっつのものがたり,よっつのものがたり02
283活动剧情\よっつのものがたり\よっつのものがたり02.csv,24,4001086020140,千雪,我会朝着这个目标努力的！,283活动剧情,よっつのものがたり,よっつのものがたり02
283活动剧情\よっつのものがたり\よっつのものがたり02.csv,27,4001086020150,千雪,怎，怎么样……？,283活动剧情,よっつのものがたり,よっつのものがたり02
283活动剧情\よっつのものがたり\よっつのものがたり02.csv,29,4001086020160,千雪,"……
谢——",283活动剧情,よっつのものがたり,よっつのものがたり02
283活动剧情\よっつのものがたり\よっつのものがたり02.csv,31,4001086020170,千雪,诶……,283活动剧情,よっつのものがたり,よっつのものがたり02
283活动剧情\よっつのものがたり\よっつのものがたり02.csv,34,4001086020180,千雪,『我一下子愣住了』,283活动剧情,よっつのものがたり,よっつのものがたり02
283活动剧情\よっつのものがたり\よっつのものがたり02.csv,35,4001086020190,千雪,"『不，其实应该说是，
现在回想起来，我当时是愣住了』",283活动剧情,よっつのものがたり,よっつのものがたり02
283活动剧情\よっつのものがたり\よっつのものがたり02.csv,36,4001086020200,千雪,"『那个时候的我，连愣住都算不上
只是一味地烦恼』",283活动剧情,よっつのものがたり,よっつのものがたり02
283活动剧情\よっつのものがたり\よっつのものがたり02.csv,37,4001086020210,千雪,"『然后站在镜子前
一次又一次地摆出笑容』",283活动剧情,よっつのものがたり,よっつのものがたり02
283活动剧情\よっつのものがたり\よっつのものがたり02.csv,38,4001086020220,千雪,"『可镜子里的自己
却没有用笑容回应我』",283活动剧情,よっつのものがたり,よっつのものがたり02
283活动剧情\よっつのものがたり\よっつのものがたり02.csv,39,4001086020230,千雪,（我的笑容……）,283活动剧情,よっつのものがたり,よっつのものがたり02
283活动剧情\よっつのものがたり\よっつのものがたり02.csv,40,4001086020240,千雪,（真的能鼓舞那么多人……）,283活动剧情,よっつのものがたり,よっつのものがたり02
283活动剧情\よっつのものがたり\よっつのものがたり02.csv,41,4001086020250,千雪,『就在那时』,283活动剧情,よっつのものがたり,よっつのものがたり02
283活动剧情\よっつのものがたり\よっつのものがたり02.csv,42,4001086020260,千雪,『我遇到了一个人』,283活动剧情,よっつのものがたり,よっつのものがたり02
283活动剧情\よっつのものがたり\よっつのものがたり02.csv,43,4001086020270,千雪,辛苦了,283活动剧情,よっつのものがたり,よっつのものがたり02
283活动剧情\よっつのものがたり\よっつのものがたり02.csv,45,4001086020290,千雪,……,283活动剧情,よっつのものがたり,よっつのものがたり02
283活动剧情\よっつのものがたり\よっつのものがたり02.csv,46,4001086020300,千雪,"……
你好",283活动剧情,よっつのものがたり,よっつのものがたり02
283活动剧情\よっつのものがたり\よっつのものがたり02.csv,49,4001086020330,千雪,"……抱歉
吓到你了吗……？",283活动剧情,よっつのものがたり,よっつのものがたり02
283活动剧情\よっつのものがたり\よっつのものがたり02.csv,52,4001086020360,千雪,……,283活动剧情,よっつのものがたり,よっつのものがたり02
283活动剧情\よっつのものがたり\よっつのものがたり02.csv,53,4001086020370,千雪,可以坐在你旁边吗？,283活动剧情,よっつのものがたり,よっつのものがたり02
283活动剧情\よっつのものがたり\よっつのものがたり02.csv,55,4001086020390,千雪,谢谢你,283活动剧情,よっつのものがたり,よっつのものがたり02
283活动剧情\よっつのものがたり\よっつのものがたり02.csv,56,4001086020391,甜花＆千雪,……,283活动剧情,よっつのものがたり,よっつのものがたり02
283活动剧情\よっつのものがたり\よっつのものがたり02.csv,58,4001086020410,千雪,"……
要不要吃点什么？",283活动剧情,よっつのものがたり,よっつのものがたり02
283活动剧情\よっつのものがたり\よっつのものがたり02.csv,60,4001086020430,千雪,其实我也有点饿了呢,283活动剧情,よっつのものがたり,よっつのものがたり02
283活动剧情\よっつのものがたり\よっつのものがたり02.csv,61,4001086020440,千雪,抱歉，这里只有可可……,283活动剧情,よっつのものがたり,よっつのものがたり02
283活动剧情\よっつのものがたり\よっつのものがたり02.csv,67,4001086020500,千雪,……,283活动剧情,よっつのものがたり,よっつのものがたり02
283活动剧情\よっつのものがたり\よっつのものがたり02.csv,68,4001086020510,千雪,"……训练
很辛苦吧……",283活动剧情,よっつのものがたり,よっつのものがたり02
283活动剧情\よっつのものがたり\よっつのものがたり02.csv,70,4001086020530,千雪,"是啊
我现在，可什么都做不好呢",283活动剧情,よっつのものがたり,よっつのものがたり02
283活动剧情\よっつのものがたり\よっつのものがたり02.csv,72,4001086020550,千雪,"因为笑得不好看
被人训啦",283活动剧情,よっつのものがたり,よっつのものがたり02
283活动剧情\よっつのものがたり\よっつのものがたり02.csv,74,4001086020570,千雪,"既然身为偶像，
这种事就必须要做好才行呢",283活动剧情,よっつのものがたり,よっつのものがたり02
283活动剧情\よっつのものがたり\よっつのものがたり02.csv,76,4001086020590,千雪,那，我也去练习啦,283活动剧情,よっつのものがたり,よっつのものがたり02
283活动剧情\よっつのものがたり\よっつのものがたり02.csv,82,4001086020650,千雪,……,283活动剧情,よっつのものがたり,よっつのものがたり02
283活动剧情\よっつのものがたり\よっつのものがたり02.csv,83,4001086020660,千雪,呵呵，那太好啦,283活动剧情,よっつのものがたり,よっつのものがたり02
283活动剧情\よっつのものがたり\よっつのものがたり02.csv,85,4001086020670,千雪,"……！
真的吗？",283活动剧情,よっつのものがたり,よっつのものがたり02
283活动剧情\よっつのものがたり\よっつのものがたり02.csv,90,4001086020700,千雪,……是啊,283活动剧情,よっつのものがたり,よっつのものがたり02
283活动剧情\よっつのものがたり\よっつのものがたり02.csv,92,4001086020710,千雪,"『我好像在看着什么
但眼中其实什么也没有』",283活动剧情,よっつのものがたり,よっつのものがたり02
283活动剧情\よっつのものがたり\よっつのものがたり02.csv,93,4001086020720,千雪,"『当我作为偶像展露笑容的时候
我脑海中浮现的是各位粉丝』",283活动剧情,よっつのものがたり,よっつのものがたり02
283活动剧情\よっつのものがたり\よっつのものがたり02.csv,94,4001086020730,千雪,"『但那不是一个个具体的人
只是所谓很多的人』",283活动剧情,よっつのものがたり,よっつのものがたり02
283活动剧情\よっつのものがたり\よっつのものがたり02.csv,95,4001086020740,千雪,"『现在想来，我当时大概只是急着
想要成为一个像样的偶像吧』",283活动剧情,よっつのものがたり,よっつのものがたり02
283活动剧情\よっつのものがたり\よっつのものがたり02.csv,96,4001086020750,千雪,『但其实』,283活动剧情,よっつのものがたり,よっつのものがたり02
283活动剧情\よっつのものがたり\よっつのものがたり02.csv,97,4001086020760,千雪,"『用自己的方式，让近在眼前的人开心起来
才是我笑容的本质』",283活动剧情,よっつのものがたり,よっつのものがたり02
283活动剧情\よっつのものがたり\よっつのものがたり02.csv,98,4001086020770,千雪,"『无论是作为偶像的我，还是经营杂货店的我
它都是不变的』",283活动剧情,よっつのものがたり,よっつのものがたり02
283活动剧情\よっつのものがたり\よっつのものがたり02.csv,99,4001086020780,千雪,"『让我意识到这一点的
那位少女……』",283活动剧情,よっつのものがたり,よっつのものがたり02
283活动剧情\よっつのものがたり\よっつのものがたり02.csv,100,4001086020790,千雪,『就是甜花』,283活动剧情,よっつのものがたり,よっつのものがたり02
283活动剧情\よっつのものがたり\よっつのものがたり02.csv,101,4001086020800,千雪,"『笑容之花，是需要时间沉淀
慢慢绽放的』",283活动剧情,よっつのものがたり,よっつのものがたり02
283活动剧情\よっつのものがたり\よっつのものがたり02.csv,102,4001086020810,千雪,『一朵一朵，一点一点……』,283活动剧情,よっつのものがたり,よっつのものがたり02
283活动剧情\よっつのものがたり\よっつのものがたり02.csv,103,4001086020820,千雪,"『直到有一天回头望去，
走过的路上，已经开满了鲜花』",283活动剧情,よっつのものがたり,よっつのものがたり02
283活动剧情\よっつのものがたり\よっつのものがたり02.csv,104,4001086020830,千雪,"『我希望作为这样一名偶像
继续走下去』",283活动剧情,よっつのものがたり,よっつのものがたり02
283活动剧情\よっつのものがたり\よっつのものがたり02.csv,105,4001086020840,千雪,『怀着这样的思绪和愿望……』,283活动剧情,よっつのものがたり,よっつのものがたり02
283活动剧情\よっつのものがたり\よっつのものがたり02.csv,106,4001086020850,千雪,『对我来说，ALSTROEMERIA』,283活动剧情,よっつのものがたり,よっつのものがたり02
283活动剧情\よっつのものがたり\よっつのものがたり02.csv,107,4001086020860,千雪,『是一段诉说笑容的故事』,283活动剧情,よっつのものがたり,よっつのものがたり02
283活动剧情\よっつのものがたり\よっつのものがたり03.csv,70,4001086030530,千雪,抱歉，这里只有可可……,283活动剧情,よっつのものがたり,よっつのものがたり03
283活动剧情\よっつのものがたり\よっつのものがたり03.csv,73,4001086030560,千雪,"是啊
我现在，可什么都做不好呢",283活动剧情,よっつのものがたり,よっつのものがたり03
283活动剧情\よっつのものがたり\よっつのものがたり05.csv,29,4001086050270,千雪,"……
哇啊……！",283活动剧情,よっつのものがたり,よっつのものがたり05
283活动剧情\よっつのものがたり\よっつのものがたり05.csv,33,4001086050310,千雪,那个时候，谢谢你了,283活动剧情,よっつのものがたり,よっつのものがたり05
283活动剧情\よっつのものがたり\よっつのものがたり05.csv,37,4001086050340,千雪,,283活动剧情,よっつのものがたり,よっつのものがたり05
283活动剧情\よっつのものがたり\よっつのものがたり05.csv,40,4001086050360,千雪,"请多指教哦
甜花",283活动剧情,よっつのものがたり,よっつのものがたり05
283活动剧情\よっつのものがたり\よっつのものがたり05.csv,46,4001086050420,千雪,"甘奈
也请你多指教了",283活动剧情,よっつのものがたり,よっつのものがたり05
283活动剧情\よっつのものがたり\よっつのものがたり05.csv,49,4001086050430,千雪,哇啊，是这样啊,283活动剧情,よっつのものがたり,よっつのものがたり05
283活动剧情\よっつのものがたり\よっつのものがたり05.csv,51,4001086050450,千雪,嗯——……,283活动剧情,よっつのものがたり,よっつのものがたり05
283活动剧情\よっつのものがたり\よっつのものがたり05.csv,52,4001086050460,千雪,甘奈是——,283活动剧情,よっつのものがたり,よっつのものがたり05
283活动剧情\よっつのものがたり\よっつのものがたり05.csv,54,4001086050470,千雪,妹妹,283活动剧情,よっつのものがたり,よっつのものがたり05
283活动剧情\よっつのものがたり\よっつのものがたり05.csv,55,4001086050480,千雪,"甜花是，姐姐
对吗？",283活动剧情,よっつのものがたり,よっつのものがたり05
283活动剧情\よっつのものがたり\よっつのものがたり05.csv,58,4001086050500,千雪,感觉甜花身上有一种,283活动剧情,よっつのものがたり,よっつのものがたり05
283活动剧情\よっつのものがたり\よっつのものがたり05.csv,59,4001086050510,千雪,我可是姐姐的气势,283活动剧情,よっつのものがたり,よっつのものがたり05
283活动剧情\よっつのものがたり\よっつのものがたり05.csv,62,4001086050530,千雪,所以才有共鸣对吧,283活动剧情,よっつのものがたり,よっつのものがたり05
283活动剧情\よっつのものがたり\よっつのものがたり05.csv,64,4001086050550,千雪,嗯，我有个弟弟,283活动剧情,よっつのものがたり,よっつのものがたり05
283活动剧情\よっつのものがたり\よっつのものがたり05.csv,66,4001086050570,千雪,呵呵，是这样呢,283活动剧情,よっつのものがたり,よっつのものがたり05
283活动剧情\よっつのものがたり\よっつのものがたり05.csv,68,4001086050590,千雪,"……
还有其它，想了解的事吗？",283活动剧情,よっつのものがたり,よっつのものがたり05
283活动剧情\よっつのものがたり\よっつのものがたり05.csv,71,4001086050620,千雪,"原来我看上去像大学生啊
实际上，我是经营杂货店的",283活动剧情,よっつのものがたり,よっつのものがたり05
283活动剧情\よっつのものがたり\よっつのものがたり05.csv,75,4001086050660,千雪,呵呵，谢谢,283活动剧情,よっつのものがたり,よっつのものがたり05
283活动剧情\よっつのものがたり\よっつのものがたり05.csv,76,4001086050670,千雪,但是，甜花也是在做偶像的工作的哦,283活动剧情,よっつのものがたり,よっつのものがたり05
283活动剧情\よっつのものがたり\よっつのものがたり05.csv,77,4001086050680,千雪,"如果我算是很厉害的话
那么甜花也很厉害",283活动剧情,よっつのものがたり,よっつのものがたり05
283活动剧情\よっつのものがたり\よっつのものがたり05.csv,86,4001086050770,千雪,,283活动剧情,よっつのものがたり,よっつのものがたり05
283活动剧情\よっつのものがたり\よっつのものがたり05.csv,87,4001086050780,千雪,"谢谢你
让我看了这些",283活动剧情,よっつのものがたり,よっつのものがたり05
283活动剧情\よっつのものがたり\よっつのものがたり05.csv,89,4001086050800,千雪,"甘奈，这之后
有时间吗？",283活动剧情,よっつのものがたり,よっつのものがたり05
283活动剧情\よっつのものがたり\よっつのものがたり05.csv,91,4001086050820,千雪,"那么
稍微陪我一会吧♪",283活动剧情,よっつのものがたり,よっつのものがたり05
283活动剧情\よっつのものがたり\よっつのものがたり05.csv,93,4001086050830,千雪,谢谢,283活动剧情,よっつのものがたり,よっつのものがたり05
283活动剧情\よっつのものがたり\よっつのものがたり05.csv,95,4001086050850,千雪,我呀，每次写了点什么之后就会这么做,283活动剧情,よっつのものがたり,よっつのものがたり05
283活动剧情\よっつのものがたり\よっつのものがたり05.csv,96,4001086050860,千雪,"要把心中的想法化为笔下的文字
得花不少力气不是吗？",283活动剧情,よっつのものがたり,よっつのものがたり05
283活动剧情\よっつのものがたり\よっつのものがたり05.csv,97,4001086050870,千雪,所以，得把花掉的那份补回来才行,283活动剧情,よっつのものがたり,よっつのものがたり05
283活动剧情\よっつのものがたり\よっつのものがたり05.csv,99,4001086050890,千雪,"……我们，
真的变了很多呢",283活动剧情,よっつのものがたり,よっつのものがたり05
283活动剧情\よっつのものがたり\よっつのものがたり05.csv,101,4001086050910,千雪,总觉得，变得相当融洽了,283活动剧情,よっつのものがたり,よっつのものがたり05
283活动剧情\よっつのものがたり\よっつのものがたり05.csv,104,4001086050940,千雪,嗯……,283活动剧情,よっつのものがたり,よっつのものがたり05
283活动剧情\よっつのものがたり\よっつのものがたり05.csv,105,4001086050950,千雪,"刚开始的时候
甘奈总是显得有些拘谨",283活动剧情,よっつのものがたり,よっつのものがたり05
283活动剧情\よっつのものがたり\よっつのものがたり05.csv,106,4001086050960,千雪,"但是……
呵呵，现在就没这回事了对吧？",283活动剧情,よっつのものがたり,よっつのものがたり05
283活动剧情\よっつのものがたり\よっつのものがたり05.csv,108,4001086050980,千雪,"而且呢……
我也开始有些理解了",283活动剧情,よっつのものがたり,よっつのものがたり05
283活动剧情\よっつのものがたり\よっつのものがたり05.csv,109,4001086050990,千雪,过去的甘奈心里所怀有的那种感情,283活动剧情,よっつのものがたり,よっつのものがたり05
283活动剧情\よっつのものがたり\よっつのものがたり05.csv,112,4001086051020,千雪,呵呵，不客气……！,283活动剧情,よっつのものがたり,よっつのものがたり05
283活动剧情\よっつのものがたり\よっつのものがたり05.csv,114,4001086051040,千雪,嗯嗯，当然……！,283活动剧情,よっつのものがたり,よっつのものがたり05
283活动剧情\よっつのものがたり\よっつのものがたり06.csv,99,4001086060880,千雪,"……我们，
变了很多呢",283活动剧情,よっつのものがたり,よっつのものがたり06
283活动剧情\よっつのものがたり\よっつのものがたり07.csv,7,4001086070060,千雪,嗯，请说,283活动剧情,よっつのものがたり,よっつのものがたり07
283活动剧情\よっつのものがたり\よっつのものがたり07.csv,10,4001086070090,千雪,"谢谢
不过，也没有你夸的那么夸张啦",283活动剧情,よっつのものがたり,よっつのものがたり07
283活动剧情\よっつのものがたり\よっつのものがたり07.csv,12,4001086070110,千雪,"……既然如此
那我就和你讲讲和我工作有关的事情吧",283活动剧情,よっつのものがたり,よっつのものがたり07
283活动剧情\よっつのものがたり\よっつのものがたり07.csv,15,4001086070140,千雪,"虽然可能有点俗套
但要说起来，应该是顾客的笑容吧",283活动剧情,よっつのものがたり,よっつのものがたり07
283活动剧情\よっつのものがたり\よっつのものがたり07.csv,16,4001086070150,千雪,"那种『发现好东西』时心动的笑容
那种思考『怎么装饰才好呢』时乐此不疲的笑容",283活动剧情,よっつのものがたり,よっつのものがたり07
283活动剧情\よっつのものがたり\よっつのものがたり07.csv,17,4001086070160,千雪,"虽然各有各的不同
但都很迷人",283活动剧情,よっつのものがたり,よっつのものがたり07
283活动剧情\よっつのものがたり\よっつのものがたり07.csv,19,4001086070180,千雪,"特别是当你推荐的东西
受到别人喜爱的时候",283活动剧情,よっつのものがたり,よっつのものがたり07
283活动剧情\よっつのものがたり\よっつのものがたり07.csv,20,4001086070190,千雪,自己的『爱好』能为他人的世界带去些许色彩,283活动剧情,よっつのものがたり,よっつのものがたり07
283活动剧情\よっつのものがたり\よっつのものがたり07.csv,21,4001086070200,千雪,真的会令人感到无比欣喜,283活动剧情,よっつのものがたり,よっつのものがたり07
283活动剧情\よっつのものがたり\よっつのものがたり07.csv,24,4001086070230,千雪,,283活动剧情,よっつのものがたり,よっつのものがたり07
283活动剧情\よっつのものがたり\よっつのものがたり07.csv,26,4001086070250,千雪,可能也没什么很辛苦的……？,283活动剧情,よっつのものがたり,よっつのものがたり07
283活动剧情\よっつのものがたり\よっつのものがたり07.csv,27,4001086070260,千雪,能把自己的爱好作为工作……,283活动剧情,よっつのものがたり,よっつのものがたり07
283活动剧情\よっつのものがたり\よっつのものがたり07.csv,28,4001086070270,千雪,"啊，不过有的时候
我会纠结该采购点什么",283活动剧情,よっつのものがたり,よっつのものがたり07
283活动剧情\よっつのものがたり\よっつのものがたり07.csv,29,4001086070280,千雪,"结果太兴奋了睡不着
这一点倒是挺辛苦的呢",283活动剧情,よっつのものがたり,よっつのものがたり07
283活动剧情\よっつのものがたり\よっつのものがたり07.csv,32,4001086070310,千雪,太好了呢,283活动剧情,よっつのものがたり,よっつのものがたり07
283活动剧情\よっつのものがたり\よっつのものがたり07.csv,34,4001086070330,千雪,是不是想问……我为什么不做下去呢？,283活动剧情,よっつのものがたり,よっつのものがたり07
283活动剧情\よっつのものがたり\よっつのものがたり07.csv,36,4001086070350,千雪,没事的,283活动剧情,よっつのものがたり,よっつのものがたり07
283活动剧情\よっつのものがたり\よっつのものがたり07.csv,37,4001086070360,千雪,这是我认真考虑后做出的选择,283活动剧情,よっつのものがたり,よっつのものがたり07
283活动剧情\よっつのものがたり\よっつのものがたり07.csv,39,4001086070380,千雪,"因为我两种爱好都不想放弃
就只能这样选择",283活动剧情,よっつのものがたり,よっつのものがたり07
283活动剧情\よっつのものがたり\よっつのものがたり07.csv,40,4001086070390,千雪,经营杂货店，和做偶像,283活动剧情,よっつのものがたり,よっつのものがたり07
283活动剧情\よっつのものがたり\よっつのものがたり07.csv,41,4001086070400,千雪,"如果两条路想兼顾的话
肯定哪边都走不好",283活动剧情,よっつのものがたり,よっつのものがたり07
283活动剧情\よっつのものがたり\よっつのものがたり07.csv,42,4001086070410,千雪,"所以，我决定
把对偶像的喜爱贯彻到底",283活动剧情,よっつのものがたり,よっつのものがたり07
283活动剧情\よっつのものがたり\よっつのものがたり07.csv,43,4001086070420,千雪,而对经营杂货点的喜爱就放在自己心里,283活动剧情,よっつのものがたり,よっつのものがたり07
283活动剧情\よっつのものがたり\よっつのものがたり07.csv,45,4001086070440,千雪,是不是，不太好理解？,283活动剧情,よっつのものがたり,よっつのものがたり07
283活动剧情\よっつのものがたり\よっつのものがたり08.csv,52,4001086080270,千雪,您好,283活动剧情,よっつのものがたり,よっつのものがたり08
283活动剧情\よっつのものがたり\よっつのものがたり08.csv,53,4001086080280,千雪,"……？
您是不是之前也有来参加过",283活动剧情,よっつのものがたり,よっつのものがたり08
283活动剧情\よっつのものがたり\よっつのものがたり08.csv,55,4001086080290,千雪,嗯，当然了,283活动剧情,よっつのものがたり,よっつのものがたり08
283活动剧情\よっつのものがたり\よっつのものがたり08.csv,58,4001086080300,千雪,"呵呵。书里写得挺直白的，像这样当面谈起来
还真有点不好意思呢♪",283活动剧情,よっつのものがたり,よっつのものがたり08
283活动剧情\よっつのものがたり\よっつのものがたり08.csv,60,4001086080310,千雪,"没事的，谢谢您
如果您偶尔能想起，回头重温一遍，我就很满足了",283活动剧情,よっつのものがたり,よっつのものがたり08
283活动剧情\よっつのものがたり\よっつのものがたり08.csv,62,4001086080320,千雪,"抱歉……已经到时间了
愉快的时光还真是短暂呢",283活动剧情,よっつのものがたり,よっつのものがたり08
283活动剧情\よっつのものがたり\よっつのものがたり08.csv,63,4001086080330,千雪,"『我知道，能走在理想中那条路上的自己
是幸运的』",283活动剧情,よっつのものがたり,よっつのものがたり08
283活动剧情\よっつのものがたり\よっつのものがたり08.csv,64,4001086080340,千雪,"『而且今后
我也希望能继续走下去』",283活动剧情,よっつのものがたり,よっつのものがたり08
283活动剧情\よっつのものがたり\よっつのものがたり08.csv,65,4001086080350,千雪,『不忘初心』,283活动剧情,よっつのものがたり,よっつのものがたり08
283活动剧情\よっつのものがたり\よっつのものがたり08.csv,66,4001086080360,千雪,"『单纯地
与眼前的每一个人笑颜已对』",283活动剧情,よっつのものがたり,よっつのものがたり08
283活动剧情\よっつのものがたり\よっつのものがたり08.csv,67,4001086080370,千雪,『一步，一步……』,283活动剧情,よっつのものがたり,よっつのものがたり08
283活动剧情\よっつのものがたり\よっつのものがたり08.csv,70,4001086080400,千雪,『笑容』,283活动剧情,よっつのものがたり,よっつのものがたり08
283活动剧情\よっつのものがたり\よっつのものがたり08.csv,77,4001086080470,千雪,"『那时的我们
会以怎样的心境与大家相见呢』",283活动剧情,よっつのものがたり,よっつのものがたり08
283活动剧情\よっつのものがたり\よっつのものがたり08.csv,78,4001086080480,千雪,"『光是想象
就已雀跃不已』",283活动剧情,よっつのものがたり,よっつのものがたり08
283活动剧情\よっつのものがたり\よっつのものがたり08.csv,79,4001086080490,千雪,"『我们衷心期待着
那一天的到来』",283活动剧情,よっつのものがたり,よっつのものがたり08
283活动剧情\アジェンダ２８３\第2话-大きなヴィジョンを持ちましょう.csv,92,4001027030900,千雪,"久等了……！
可以出去了",283活动剧情,アジェンダ２８３,第2话-大きなヴィジョンを持ちましょう
283活动剧情\アジェンダ２８３\第2话-大きなヴィジョンを持ちましょう.csv,95,4001027030930,千雪,"哇，没关系……！
慢慢发吧？",283活动剧情,アジェンダ２８３,第2话-大きなヴィジョンを持ちましょう
283活动剧情\アジェンダ２８３\第2话-大きなヴィジョンを持ちましょう.csv,105,4001027031030,千雪,"呵呵
怎么了，甘奈",283活动剧情,アジェンダ２８３,第2话-大きなヴィジョンを持ちましょう
283活动剧情\アジェンダ２８３\第2话-大きなヴィジョンを持ちましょう.csv,107,4001027031050,千雪,捡垃圾的……？,283活动剧情,アジェンダ２８３,第2话-大きなヴィジョンを持ちましょう
283活动剧情\アジェンダ２８３\第2话-大きなヴィジョンを持ちましょう.csv,111,4001027031090,千雪,"可以看看吗？
————啊……",283活动剧情,アジェンダ２８３,第2话-大きなヴィジョンを持ちましょう
283活动剧情\アジェンダ２８３\第2话-大きなヴィジョンを持ちましょう.csv,112,4001027031100,千雪,"呵呵，嗯
多少能懂",283活动剧情,アジェンダ２８３,第2话-大きなヴィジョンを持ちましょう
283活动剧情\アジェンダ２８３\第2话-大きなヴィジョンを持ちましょう.csv,114,4001027031120,千雪,用语言表达出来是有点困难……,283活动剧情,アジェンダ２８３,第2话-大きなヴィジョンを持ちましょう
283活动剧情\アジェンダ２８３\第2话-大きなヴィジョンを持ちましょう.csv,115,4001027031130,千雪,"你的心意，
不止这样吧？",283活动剧情,アジェンダ２８３,第2话-大きなヴィジョンを持ちましょう
283活动剧情\アジェンダ２８３\第2话-大きなヴィジョンを持ちましょう.csv,118,4001027031160,千雪,"真好
原来是这样",283活动剧情,アジェンダ２８３,第2话-大きなヴィジョンを持ちましょう
283活动剧情\アジェンダ２８３\第2话-大きなヴィジョンを持ちましょう.csv,119,4001027031170,千雪,"那就快点拍吧……！
会表现出很——多心意的",283活动剧情,アジェンダ２８３,第2话-大きなヴィジョンを持ちましょう
283活动剧情\アジェンダ２８３\第3话-つながりを考えましょう.csv,73,4001027040630,千雪,呼……,283活动剧情,アジェンダ２８３,第3话-つながりを考えましょう
283活动剧情\アジェンダ２８３\第3话-つながりを考えましょう.csv,75,4001027040650,千雪,哇……！,283活动剧情,アジェンダ２８３,第3话-つながりを考えましょう
283活动剧情\アジェンダ２８３\第3话-つながりを考えましょう.csv,76,4001027040651,甘奈＆千雪,啊哈哈……,283活动剧情,アジェンダ２８３,第3话-つながりを考えましょう
283活动剧情\アジェンダ２８３\第3话-つながりを考えましょう.csv,77,4001027040660,千雪,"对不起，太认真了……
好像就钻进草丛里了",283活动剧情,アジェンダ２８３,第3话-つながりを考えましょう
283活动剧情\アジェンダ２８３\第3话-つながりを考えましょう.csv,79,4001027040680,千雪,"呵呵，别这样——
我没那么可怕——！",283活动剧情,アジェンダ２８３,第3话-つながりを考えましょう
283活动剧情\アジェンダ２８３\第3话-つながりを考えましょう.csv,80,4001027040690,千雪,这附近，基本上也不会有熊和野猪————,283活动剧情,アジェンダ２８３,第3话-つながりを考えましょう
283活动剧情\アジェンダ２８３\第3话-つながりを考えましょう.csv,81,4001027040691,甘奈＆千雪,呀……！,283活动剧情,アジェンダ２８３,第3话-つながりを考えましょう
283活动剧情\アジェンダ２８３\第3话-つながりを考えましょう.csv,82,4001027040692,甘奈＆千雪,,283活动剧情,アジェンダ２８３,第3话-つながりを考えましょう
283活动剧情\アジェンダ２８３\第3话-つながりを考えましょう.csv,84,4001027040710,千雪,"哈……
吓到我了……！",283活动剧情,アジェンダ２８３,第3话-つながりを考えましょう
283活动剧情\アジェンダ２８３\第3话-つながりを考えましょう.csv,85,4001027040720,千雪,那个是，鹭鸶……吧,283活动剧情,アジェンダ２８３,第3话-つながりを考えましょう
283活动剧情\アジェンダ２８３\第3话-つながりを考えましょう.csv,87,4001027040740,千雪,"啊，嗯……！
可能不是很怕人",283活动剧情,アジェンダ２８３,第3话-つながりを考えましょう
283活动剧情\アジェンダ２８３\第3话-つながりを考えましょう.csv,90,4001027040770,千雪,"哇，不会吧……！
没吞下去吧……！？",283活动剧情,アジェンダ２８３,第3话-つながりを考えましょう
283活动剧情\アジェンダ２８３\第3话-つながりを考えましょう.csv,91,4001027040780,千雪,甘，甘奈————！,283活动剧情,アジェンダ２８３,第3话-つながりを考えましょう
283活动剧情\アジェンダ２８３\第3话-つながりを考えましょう.csv,93,4001027040800,千雪,……,283活动剧情,アジェンダ２８３,第3话-つながりを考えましょう
283活动剧情\アジェンダ２８３\第3话-つながりを考えましょう.csv,95,4001027040820,千雪,……瓶盖，回收,283活动剧情,アジェンダ２８３,第3话-つながりを考えましょう
283活动剧情\アジェンダ２８３\第3话-つながりを考えましょう.csv,97,4001027040840,千雪,"不知道呢
可能是知道这个不是食物吧",283活动剧情,アジェンダ２８３,第3话-つながりを考えましょう
283活动剧情\アジェンダ２８３\第3话-つながりを考えましょう.csv,98,4001027040850,千雪,——不过，能捡起来就好,283活动剧情,アジェンダ２８３,第3话-つながりを考えましょう
283活动剧情\アジェンダ２８３\第3话-つながりを考えましょう.csv,105,4001027040920,千雪,"——真的
是……鱼吗？",283活动剧情,アジェンダ２８３,第3话-つながりを考えましょう
283活动剧情\アジェンダ２８３\第3话-つながりを考えましょう.csv,107,4001027040940,千雪,"嗯……！
救援辛苦了",283活动剧情,アジェンダ２８３,第3话-つながりを考えましょう
283活动剧情\アジェンダ２８３\第6话-つながるがつながる.csv,6,4001027070050,千雪,,283活动剧情,アジェンダ２８３,第6话-つながるがつながる
283活动剧情\アジェンダ２８３\第6话-つながるがつながる.csv,8,4001027070061,めぐる＆甘奈＆千雪,,283活动剧情,アジェンダ２８３,第6话-つながるがつながる
283活动剧情\アジェンダ２８３\第6话-つながるがつながる.csv,9,4001027070062,めぐる＆甘奈＆千雪,呵呵呵……,283活动剧情,アジェンダ２８３,第6话-つながるがつながる
283活动剧情\アジェンダ２８３\第6话-つながるがつながる.csv,15,4001027070120,千雪,————保冷剂……？,283活动剧情,アジェンダ２８３,第6话-つながるがつながる
283活动剧情\アジェンダ２８３\第6话-つながるがつながる.csv,18,4001027070150,千雪,谢谢你，小巡,283活动剧情,アジェンダ２８３,第6话-つながるがつながる
283活动剧情\アジェンダ２８３\第6话-つながるがつながる.csv,19,4001027070160,千雪,"总觉得这个，
看起来就是不能拿去烧的……",283活动剧情,アジェンダ２８３,第6话-つながるがつながる
283活动剧情\アジェンダ２８３\第6话-つながるがつながる.csv,25,4001027070220,千雪,"——嗯，或许呢
不过里面的液体，我还是觉得很奇怪……",283活动剧情,アジェンダ２８３,第6话-つながるがつながる
283活动剧情\アジェンダ２８３\第6话-つながるがつながる.csv,26,4001027070230,千雪,不可燃……！,283活动剧情,アジェンダ２８３,第6话-つながるがつながる
283活动剧情\アジェンダ２８３\第6话-つながるがつながる.csv,31,4001027070271,めぐる＆甘奈＆千雪,——啊哈哈……！,283活动剧情,アジェンダ２８３,第6话-つながるがつながる
283活动剧情\アジェンダ２８３\第6话-つながるがつながる.csv,37,4001027070310,千雪,甘奈，完全正确……！,283活动剧情,アジェンダ２８３,第6话-つながるがつながる
283活动剧情\アジェンダ２８３\第6话-つながるがつながる.csv,44,4001027070380,千雪,呵呵，要记功呢,283活动剧情,アジェンダ２８３,第6话-つながるがつながる
283活动剧情\アジェンダ２８３\第6话-つながるがつながる.csv,45,4001027070390,千雪,"你们，
保护了河滩呢",283活动剧情,アジェンダ２８３,第6话-つながるがつながる
283活动剧情\アジェンダ２８３\第6话-つながるがつながる.csv,51,4001027070431,甘奈＆千雪,,283活动剧情,アジェンダ２８３,第6话-つながるがつながる
283活动剧情\アジェンダ２８３\第6话-つながるがつながる.csv,53,4001027070450,千雪,——啊，对不起……,283活动剧情,アジェンダ２８３,第6话-つながるがつながる
283活动剧情\アジェンダ２８３\第6话-つながるがつながる.csv,54,4001027070460,千雪,"这里是，
充满我们回忆的地方",283活动剧情,アジェンダ２８３,第6话-つながるがつながる
283活动剧情\アジェンダ２８３\第6话-つながるがつながる.csv,79,4001027070710,千雪,"开始捡垃圾……
也是因为这里意义重大？",283活动剧情,アジェンダ２８３,第6话-つながるがつながる
283活动剧情\アジェンダ２８３\第6话-つながるがつながる.csv,85,4001027070770,千雪,"呵呵
我能懂",283活动剧情,アジェンダ２８３,第6话-つながるがつながる
283活动剧情\アジェンダ２８３\第6话-つながるがつながる.csv,99,4001027070900,千雪,"珍贵的东西连起来了……
一定是这样",283活动剧情,アジェンダ２８３,第6话-つながるがつながる
283活动剧情\アジェンダ２８３\第6话-つながるがつながる.csv,100,4001027070910,千雪,"嗯
维系起来之后，好像更重要了",283活动剧情,アジェンダ２８３,第6话-つながるがつながる
283活动剧情\アジェンダ２８３\第6话-つながるがつながる.csv,105,4001027070960,千雪,"呵呵
多亏了可不燃呢……！",283活动剧情,アジェンダ２８３,第6话-つながるがつながる
283活动剧情\アジェンダ２８３\第6话-つながるがつながる.csv,109,4001027070991,めぐる＆甜花＆千雪,好——……！,283活动剧情,アジェンダ２８３,第6话-つながるがつながる
283活动剧情\アンカーボルトソング\エンディング-槌をうつ音がきこえる.csv,6,4001037080030,千雪,呵呵，经常在电视和其他地方都能看到,283活动剧情,アンカーボルトソング,エンディング-槌をうつ音がきこえる
283活动剧情\アンカーボルトソング\エンディング-槌をうつ音がきこえる.csv,7,4001037080040,千雪,"因为是开业庆典，所以客人看起来好多
我也是，有些期待……！",283活动剧情,アンカーボルトソング,エンディング-槌をうつ音がきこえる
283活动剧情\アンカーボルトソング\エンディング-槌をうつ音がきこえる.csv,11,4001037080080,千雪,"……？
呵呵，因为下着雨所以都是阴天",283活动剧情,アンカーボルトソング,エンディング-槌をうつ音がきこえる
283活动剧情\アンカーボルトソング\エンディング-槌をうつ音がきこえる.csv,14,4001037080100,千雪,"……哇，呵呵
byebye……",283活动剧情,アンカーボルトソング,エンディング-槌をうつ音がきこえる
283活动剧情\アンカーボルトソング\エンディング-槌をうつ音がきこえる.csv,17,4001037080120,千雪,"啊，好的……
十分抱歉……！",283活动剧情,アンカーボルトソング,エンディング-槌をうつ音がきこえる
283活动剧情\アンカーボルトソング\エンディング-槌をうつ音がきこえる.csv,18,4001037080130,千雪,"────我有点，太兴奋了……！
因为很久没这样过了",283活动剧情,アンカーボルトソング,エンディング-槌をうつ音がきこえる
283活动剧情\アンカーボルトソング\エンディング-槌をうつ音がきこえる.csv,30,4001037080170,千雪,嗯,283活动剧情,アンカーボルトソング,エンディング-槌をうつ音がきこえる
283活动剧情\アンカーボルトソング\エンディング-槌をうつ音がきこえる.csv,31,4001037080180,千雪,去传达吧,283活动剧情,アンカーボルトソング,エンディング-槌をうつ音がきこえる
283活动剧情\アンカーボルトソング\エンディング-槌をうつ音がきこえる.csv,36,4001037080220,千雪,"啊，不好意思……
────没问题吧，小心鞋跟哦",283活动剧情,アンカーボルトソング,エンディング-槌をうつ音がきこえる
283活动剧情\アンカーボルトソング\エンディング-槌をうつ音がきこえる.csv,40,4001037080250,千雪,"哇，非常感谢……！
好，要加油了",283活动剧情,アンカーボルトソング,エンディング-槌をうつ音がきこえる
283活动剧情\アンカーボルトソング\エンディング-槌をうつ音がきこえる.csv,57,4001037080380,千雪,"……欸，这里
不就是之前我们解体来过的地方吗？",283活动剧情,アンカーボルトソング,エンディング-槌をうつ音がきこえる
283活动剧情\アンカーボルトソング\エンディング-槌をうつ音がきこえる.csv,63,4001037080430,千雪,"呵呵
抱歉抱歉，不小心就在怀旧了",283活动剧情,アンカーボルトソング,エンディング-槌をうつ音がきこえる
283活动剧情\アンカーボルトソング\エンディング-槌をうつ音がきこえる.csv,69,4001037080490,千雪,"这真棒……！
这里和我们，都是全新的第一次……",283活动剧情,アンカーボルトソング,エンディング-槌をうつ音がきこえる
283活动剧情\アンカーボルトソング\エンディング-槌をうつ音がきこえる.csv,78,4001037080560,千雪,"────呵呵……
粉丝们，来得真早……",283活动剧情,アンカーボルトソング,エンディング-槌をうつ音がきこえる
283活动剧情\アンカーボルトソング\エンディング-槌をうつ音がきこえる.csv,82,4001037080600,千雪,…………,283活动剧情,アンカーボルトソング,エンディング-槌をうつ音がきこえる
283活动剧情\アンカーボルトソング\エンディング-槌をうつ音がきこえる.csv,83,4001037080610,千雪,……哈哈,283活动剧情,アンカーボルトソング,エンディング-槌をうつ音がきこえる
283活动剧情\アンカーボルトソング\エンディング-槌をうつ音がきこえる.csv,84,4001037080620,千雪,不可逾越的东西，又自己增加了,283活动剧情,アンカーボルトソング,エンディング-槌をうつ音がきこえる
283活动剧情\アンカーボルトソング\エンディング-槌をうつ音がきこえる.csv,88,4001037080650,千雪,"是啊……
所有歌都要变成最棒的话那就难办了……！",283活动剧情,アンカーボルトソング,エンディング-槌をうつ音がきこえる
283活动剧情\アンカーボルトソング\エンディング-槌をうつ音がきこえる.csv,90,4001037080670,千雪,"呵呵
嗯……",283活动剧情,アンカーボルトソング,エンディング-槌をうつ音がきこえる
283活动剧情\アンカーボルトソング\エンディング-槌をうつ音がきこえる.csv,91,4001037080680,千雪,开心的时候……和难过的时候都有这种事,283活动剧情,アンカーボルトソング,エンディング-槌をうつ音がきこえる
283活动剧情\アンカーボルトソング\エンディング-槌をうつ音がきこえる.csv,92,4001037080690,千雪,"能成为最棒的曲子也好
不能成为的时间也好，都最喜欢了",283活动剧情,アンカーボルトソング,エンディング-槌をうつ音がきこえる
283活动剧情\アンカーボルトソング\エンディング-槌をうつ音がきこえる.csv,97,4001037080740,千雪,"怎么说，这儿……
从我刚到这来的时候就一直在施工了",283活动剧情,アンカーボルトソング,エンディング-槌をうつ音がきこえる
283活动剧情\アンカーボルトソング\エンディング-槌をうつ音がきこえる.csv,100,4001037080770,千雪,呵呵,283活动剧情,アンカーボルトソング,エンディング-槌をうつ音がきこえる
283活动剧情\アンカーボルトソング\エンディング-槌をうつ音がきこえる.csv,101,4001037080780,千雪,"为了不变成完成的状态
所以才一直在继续着的……意思？",283活动剧情,アンカーボルトソング,エンディング-槌をうつ音がきこえる
283活动剧情\アンカーボルトソング\オープニング-雨の中のあたたかい錆のにおい.csv,3,4001037010010,千雪,"啊，不好意思……
────没问题吧，小心鞋跟哦",283活动剧情,アンカーボルトソング,オープニング-雨の中のあたたかい錆のにおい
283活动剧情\アンカーボルトソング\オープニング-雨の中のあたたかい錆のにおい.csv,11,4001037010070,千雪,"哇，非常感谢……！
好，要加油了",283活动剧情,アンカーボルトソング,オープニング-雨の中のあたたかい錆のにおい
283活动剧情\アンカーボルトソング\オープニング-雨の中のあたたかい錆のにおい.csv,25,4001037010180,千雪,"哇……！　过来这边吧……！
我的伞很宽……！",283活动剧情,アンカーボルトソング,オープニング-雨の中のあたたかい錆のにおい
283活动剧情\アンカーボルトソング\オープニング-雨の中のあたたかい錆のにおい.csv,29,4001037010220,千雪,好了、来这里……,283活动剧情,アンカーボルトソング,オープニング-雨の中のあたたかい錆のにおい
283活动剧情\アンカーボルトソング\オープニング-雨の中のあたたかい錆のにおい.csv,32,4001037010250,千雪,"呼呼
那么就……",283活动剧情,アンカーボルトソング,オープニング-雨の中のあたたかい錆のにおい
283活动剧情\アンカーボルトソング\オープニング-雨の中のあたたかい錆のにおい.csv,33,4001037010260,千雪,"ぎゅーって，
抱紧吧……？",283活动剧情,アンカーボルトソング,オープニング-雨の中のあたたかい錆のにおい
283活动剧情\アンカーボルトソング\オープニング-雨の中のあたたかい錆のにおい.csv,37,4001037010291,甘奈＆千雪,"……！
甜花……！",283活动剧情,アンカーボルトソング,オープニング-雨の中のあたたかい錆のにおい
283活动剧情\アンカーボルトソング\オープニング-雨の中のあたたかい錆のにおい.csv,40,4001037010310,千雪,"好，好的……
甜花对不起，都怪我太强硬了……！",283活动剧情,アンカーボルトソング,オープニング-雨の中のあたたかい錆のにおい
283活动剧情\アンカーボルトソング\オープニング-雨の中のあたたかい錆のにおい.csv,44,4001037010340,千雪,"好……！
还在下着雨，非常感谢……！",283活动剧情,アンカーボルトソング,オープニング-雨の中のあたたかい錆のにおい
283活动剧情\アンカーボルトソング\オープニング-雨の中のあたたかい錆のにおい.csv,48,4001037010380,千雪,"────呼呼……
大家，都淋湿湿了……！",283活动剧情,アンカーボルトソング,オープニング-雨の中のあたたかい錆のにおい
283活动剧情\アンカーボルトソング\オープニング-雨の中のあたたかい錆のにおい.csv,50,4001037010390,千雪,"那么，走吧
能靠过来吗…………？",283活动剧情,アンカーボルトソング,オープニング-雨の中のあたたかい錆のにおい
283活动剧情\アンカーボルトソング\オープニング-雨の中のあたたかい錆のにおい.csv,58,4001037010450,千雪,────啊，抱歉……,283活动剧情,アンカーボルトソング,オープニング-雨の中のあたたかい錆のにおい
283活动剧情\アンカーボルトソング\オープニング-雨の中のあたたかい錆のにおい.csv,61,4001037010460,千雪,───好……,283活动剧情,アンカーボルトソング,オープニング-雨の中のあたたかい錆のにおい
283活动剧情\アンカーボルトソング\第1話-かわった.csv,13,4001037020110,千雪,"那个，虽然只是网上的频道而已……
但是让我去当音乐节目的MC了",283活动剧情,アンカーボルトソング,第1話-かわった
283活动剧情\アンカーボルトソング\第1話-かわった.csv,15,4001037020130,千雪,"呵呵呵，嗯
肯定",283活动剧情,アンカーボルトソング,第1話-かわった
283活动剧情\アンカーボルトソング\第1話-かわった.csv,21,4001037020180,千雪,"────您辛苦了……
今天非常感谢……！",283活动剧情,アンカーボルトソング,第1話-かわった
283活动剧情\アンカーボルトソング\第1話-かわった.csv,23,4001037020190,千雪,"那有的事！　光是把安排放到头脑里就已经是全力以赴了
真的帮了我很多……！",283活动剧情,アンカーボルトソング,第1話-かわった
283活动剧情\アンカーボルトソング\第1話-かわった.csv,25,4001037020200,千雪,"啊，非常抱歉让您担心了……！
我现在就去────",283活动剧情,アンカーボルトソング,第1話-かわった
283活动剧情\アンカーボルトソング\第1話-かわった.csv,29,4001037020230,千雪,"是的！　今天非常感谢您
抱歉没有在演出前向您打招呼……！",283活动剧情,アンカーボルトソング,第1話-かわった
283活动剧情\アンカーボルトソング\第1話-かわった.csv,32,4001037020240,千雪,"……哈，哪有────
呵呵，我才是，可以给我签名吗……？",283活动剧情,アンカーボルトソング,第1話-かわった
283活动剧情\アンカーボルトソング\第1話-かわった.csv,33,4001037020250,千雪,电视剧，每周都在看────,283活动剧情,アンカーボルトソング,第1話-かわった
283活动剧情\アンカーボルトソング\第1話-かわった.csv,40,4001037020300,千雪,"呵呵，社交软件吗？
恩恩，当然可以",283活动剧情,アンカーボルトソング,第1話-かわった
283活动剧情\アンカーボルトソング\第1話-かわった.csv,62,4001037020460,千雪,"────不是……！
没有，太浪费大家的ｌｉｖｅ了……！",283活动剧情,アンカーボルトソング,第1話-かわった
283活动剧情\アンカーボルトソング\第1話-かわった.csv,64,4001037020470,千雪,"呵呵，那真是太光荣了！
那么，将来────",283活动剧情,アンカーボルトソング,第1話-かわった
283活动剧情\アンカーボルトソング\第1話-かわった.csv,65,4001037020480,千雪,"如果不是奉承话也能说出来的时候
那时候请一定邀请我……！",283活动剧情,アンカーボルトソング,第1話-かわった
283活动剧情\アンカーボルトソング\第1話-かわった.csv,69,4001037020490,千雪,"那个，好的……！
非常感谢……！",283活动剧情,アンカーボルトソング,第1話-かわった
283活动剧情\アンカーボルトソング\第1話-かわった.csv,71,4001037020500,千雪,────啊，好的……！,283活动剧情,アンカーボルトソング,第1話-かわった
283活动剧情\アンカーボルトソング\第2話-ひとりずつ３人.csv,2,4001037030010,千雪,"────甘奈……
非常棒的……工作……非常开心……！",283活动剧情,アンカーボルトソング,第2話-ひとりずつ３人
283活动剧情\アンカーボルトソング\第2話-ひとりずつ３人.csv,3,4001037030020,千雪,"要吃……祝贺甜点……
才行…………",283活动剧情,アンカーボルトソング,第2話-ひとりずつ３人
283活动剧情\アンカーボルトソング\第2話-ひとりずつ３人.csv,4,4001037030030,千雪,"呵呵
肯定在紧张着吧……",283活动剧情,アンカーボルトソング,第2話-ひとりずつ３人
283活动剧情\アンカーボルトソング\第2話-ひとりずつ３人.csv,5,4001037030040,千雪,"────啊……
但是……",283活动剧情,アンカーボルトソング,第2話-ひとりずつ３人
283活动剧情\アンカーボルトソング\第2話-ひとりずつ３人.csv,6,4001037030050,千雪,……下次的话，还早呢……,283活动剧情,アンカーボルトソング,第2話-ひとりずつ３人
283活动剧情\アンカーボルトソング\第2話-ひとりずつ３人.csv,7,4001037030060,千雪,都很忙啊……大家,283活动剧情,アンカーボルトソング,第2話-ひとりずつ３人
283活动剧情\アンカーボルトソング\第2話-ひとりずつ３人.csv,23,4001037030170,千雪,────啊，甘奈更新了,283活动剧情,アンカーボルトソング,第2話-ひとりずつ３人
283活动剧情\アンカーボルトソング\第2話-ひとりずつ３人.csv,24,4001037030180,千雪,,283活动剧情,アンカーボルトソング,第2話-ひとりずつ３人
283活动剧情\アンカーボルトソング\第2話-ひとりずつ３人.csv,25,4001037030190,千雪,《点赞》,283活动剧情,アンカーボルトソング,第2話-ひとりずつ３人
283活动剧情\アンカーボルトソング\第2話-ひとりずつ３人.csv,90,4001037030590,千雪,"──────喷嚏…………
……不好",283活动剧情,アンカーボルトソング,第2話-ひとりずつ３人
283活动剧情\アンカーボルトソング\第2話-ひとりずつ３人.csv,91,4001037030600,千雪,现在，可不能感冒──……,283活动剧情,アンカーボルトソング,第2話-ひとりずつ３人
283活动剧情\アンカーボルトソング\第3話-memory.csv,38,4001037040360,千雪,……欸？,283活动剧情,アンカーボルトソング,第3話-memory
283活动剧情\アンカーボルトソング\第3話-memory.csv,40,4001037040370,千雪,"……哈
欸……！",283活动剧情,アンカーボルトソング,第3話-memory
283活动剧情\アンカーボルトソング\第3話-memory.csv,41,4001037040380,千雪,真是厉害的，闲聊呢……！,283活动剧情,アンカーボルトソング,第3話-memory
283活动剧情\アンカーボルトソング\第3話-memory.csv,42,4001037040381,千雪＆番組MC,哈哈哈……,283活动剧情,アンカーボルトソング,第3話-memory
283活动剧情\アンカーボルトソング\第3話-memory.csv,45,4001037040390,千雪,"哇哈……这是，在夸奖我么？
还是说坏话呢？",283活动剧情,アンカーボルトソング,第3話-memory
283活动剧情\アンカーボルトソング\第3話-memory.csv,47,4001037040400,千雪,"没有生气──
因为我是一个，成熟的大姐姐……！",283活动剧情,アンカーボルトソング,第3話-memory
283活动剧情\アンカーボルトソング\第3話-memory.csv,51,4001037040410,千雪,"──
耀眼────",283活动剧情,アンカーボルトソング,第3話-memory
283活动剧情\アンカーボルトソング\第3話-memory.csv,54,4001037040420,千雪,啊、好的……！,283活动剧情,アンカーボルトソング,第3話-memory
283活动剧情\アンカーボルトソング\第3話-memory.csv,55,4001037040430,千雪,────这下。杂谈时间也该结束了……！,283活动剧情,アンカーボルトソング,第3話-memory
283活动剧情\アンカーボルトソング\第3話-memory.csv,58,4001037040440,千雪,────,283活动剧情,アンカーボルトソング,第3話-memory
283活动剧情\アンカーボルトソング\第3話-memory.csv,111,4001037040630,千雪,千雪，──────,283活动剧情,アンカーボルトソング,第3話-memory
283活动剧情\アンカーボルトソング\第3話-memory.csv,114,4001037040640,千雪,──────……,283活动剧情,アンカーボルトソング,第3話-memory
283活动剧情\アンカーボルトソング\第4話-ダメだった.csv,2,4001037050010,千雪,"『今天，被邀请到录音现场参观学习
得到了非常多的能量♪』",283活动剧情,アンカーボルトソング,第4話-ダメだった
283活动剧情\アンカーボルトソング\第4話-ダメだった.csv,3,4001037050020,千雪,"────
呼…………",283活动剧情,アンカーボルトソング,第4話-ダメだった
283活动剧情\アンカーボルトソング\第4話-ダメだった.csv,4,4001037050030,千雪,"……呵呵
甜花的『赞』，还没有来……",283活动剧情,アンカーボルトソング,第4話-ダメだった
283活动剧情\アンカーボルトソング\第4話-ダメだった.csv,5,4001037050040,千雪,"今天是────收录和……会议……
一直在外面啊……",283活动剧情,アンカーボルトソング,第4話-ダメだった
283活动剧情\アンカーボルトソング\第4話-ダメだった.csv,6,4001037050050,千雪,────,283活动剧情,アンカーボルトソング,第4話-ダメだった
283活动剧情\アンカーボルトソング\第4話-ダメだった.csv,10,4001037050060,千雪,────……,283活动剧情,アンカーボルトソング,第4話-ダメだった
283活动剧情\アンカーボルトソング\第4話-ダメだった.csv,35,4001037050310,千雪,"————啊
甜花……！",283活动剧情,アンカーボルトソング,第4話-ダメだった
283活动剧情\アンカーボルトソング\第4話-ダメだった.csv,36,4001037050311,甜花＆千雪,——————！,283活动剧情,アンカーボルトソング,第4話-ダメだった
283活动剧情\アンカーボルトソング\第4話-ダメだった.csv,37,4001037050320,千雪,"怎么这么巧……
我还在想今天是不是练习的日子……！",283活动剧情,アンカーボルトソング,第4話-ダメだった
283活动剧情\アンカーボルトソング\第4話-ダメだった.csv,39,4001037050340,千雪,"呵呵，嗯……！
去看了日程表么？",283活动剧情,アンカーボルトソング,第4話-ダメだった
283活动剧情\アンカーボルトソング\第4話-ダメだった.csv,44,4001037050371,甜花＆千雪,是的……！,283活动剧情,アンカーボルトソング,第4話-ダメだった
283活动剧情\アンカーボルトソング\第4話-ダメだった.csv,47,4001037050380,千雪,"──非常……
怎么说呢，非常想要在一起聊一会……！",283活动剧情,アンカーボルトソング,第4話-ダメだった
283活动剧情\アンカーボルトソング\第4話-ダメだった.csv,50,4001037050410,千雪,"……！　不是的……！
我也是这样觉得的……",283活动剧情,アンカーボルトソング,第4話-ダメだった
283活动剧情\アンカーボルトソング\第4話-ダメだった.csv,51,4001037050420,千雪,"甜花，现在正是时间宝贵的时候……
甘奈也一样",283活动剧情,アンカーボルトソング,第4話-ダメだった
283活动剧情\アンカーボルトソング\第4話-ダメだった.csv,54,4001037050450,千雪,"────
15分钟，吗……",283活动剧情,アンカーボルトソング,第4話-ダメだった
283活动剧情\アンカーボルトソング\第4話-ダメだった.csv,55,4001037050460,千雪,"……呵呵，我虽然也有很多话想要说
真让人着急。要从什么开始说起呢……",283活动剧情,アンカーボルトソング,第4話-ダメだった
283活动剧情\アンカーボルトソング\第4話-ダメだった.csv,57,4001037050480,千雪,是啊，我也想……！,283活动剧情,アンカーボルトソング,第4話-ダメだった
283活动剧情\アンカーボルトソング\第4話-ダメだった.csv,59,4001037050500,千雪,"……但是，日程上来看果然比较难办到
你们还要去学校……",283活动剧情,アンカーボルトソング,第4話-ダメだった
283活动剧情\アンカーボルトソング\第4話-ダメだった.csv,60,4001037050510,千雪,"毎天，要做的事情都堆积成山了吧？
勉强自己结果对工作产生不好的影响，就不好了……",283活动剧情,アンカーボルトソング,第4話-ダメだった
283活动剧情\アンカーボルトソング\第4話-ダメだった.csv,64,4001037050550,千雪,"……
嗯……",283活动剧情,アンカーボルトソング,第4話-ダメだった
283活动剧情\アンカーボルトソング\第4話-ダメだった.csv,65,4001037050560,千雪,谢谢了，甜花……,283活动剧情,アンカーボルトソング,第4話-ダメだった
283活动剧情\アンカーボルトソング\第4話-ダメだった.csv,70,4001037050600,千雪,嗯嗯────,283活动剧情,アンカーボルトソング,第4話-ダメだった
283活动剧情\アンカーボルトソング\第4話-ダメだった.csv,71,4001037050610,千雪,────啊,283活动剧情,アンカーボルトソング,第4話-ダメだった
283活动剧情\アンカーボルトソング\第4話-ダメだった.csv,72,4001037050620,千雪,"对，对不起……！
是重要的电话……",283活动剧情,アンカーボルトソング,第4話-ダメだった
283活动剧情\アンカーボルトソング\第4話-ダメだった.csv,73,4001037050630,千雪,……你好────,283活动剧情,アンカーボルトソング,第4話-ダメだった
283活动剧情\アンカーボルトソング\第4話-ダメだった.csv,75,4001037050650,千雪,"我那个时候，突然想不起来艺人的名字
……但是，非常漂亮的帮我圆场了",283活动剧情,アンカーボルトソング,第4話-ダメだった
283活动剧情\アンカーボルトソング\第4話-ダメだった.csv,78,4001037050680,千雪,"等会儿，有非常重要的会议吧……！
……我知道。就是冷静不下来是吧",283活动剧情,アンカーボルトソング,第4話-ダメだった
283活动剧情\アンカーボルトソング\第4話-ダメだった.csv,81,4001037050710,千雪,"────
然后呢，有点让我注意到的是……",283活动剧情,アンカーボルトソング,第4話-ダメだった
283活动剧情\アンカーボルトソング\第4話-ダメだった.csv,83,4001037050730,千雪,"……啊，没事
可能是我想太多了……",283活动剧情,アンカーボルトソング,第4話-ダメだった
283活动剧情\アンカーボルトソング\第4話-ダメだった.csv,85,4001037050750,千雪,"……就是
最近粉丝们────",283活动剧情,アンカーボルトソング,第4話-ダメだった
283活动剧情\アンカーボルトソング\第4話-ダメだった.csv,86,4001037050751,甘奈＆千雪,───哎,283活动剧情,アンカーボルトソング,第4話-ダメだった
283活动剧情\アンカーボルトソング\第4話-ダメだった.csv,87,4001037050760,千雪,……制作人的信息……,283活动剧情,アンカーボルトソング,第4話-ダメだった
283活动剧情\アンカーボルトソング\第4話-ダメだった.csv,95,4001037050840,千雪,『下周的嘉宾们♪　#tinypopsbox』,283活动剧情,アンカーボルトソング,第4話-ダメだった
283活动剧情\アンカーボルトソング\第4話-ダメだった.csv,96,0000000000000,千雪,"……就是
最近粉丝们────",283活动剧情,アンカーボルトソング,第4話-ダメだった
283活动剧情\アンカーボルトソング\第5話-みんな.csv,27,0000000000000,千雪,"……就是
最近粉丝们────",283活动剧情,アンカーボルトソング,第5話-みんな
283活动剧情\アンカーボルトソング\第5話-みんな.csv,52,4001037060320,千雪,"哦，谢谢……！
这个──",283活动剧情,アンカーボルトソング,第5話-みんな
283活动剧情\アンカーボルトソング\第5話-みんな.csv,54,4001037060330,千雪,"哪有……！
我很高心，谢谢为我着想……",283活动剧情,アンカーボルトソング,第5話-みんな
283活动剧情\アンカーボルトソング\第5話-みんな.csv,55,4001037060340,千雪,────烫……,283活动剧情,アンカーボルトソング,第5話-みんな
283活动剧情\アンカーボルトソング\第5話-みんな.csv,56,4001037060341,千雪＆プロデューサー,啊哈哈……抱歉,283活动剧情,アンカーボルトソング,第5話-みんな
283活动剧情\アンカーボルトソング\第5話-みんな.csv,59,4001037060350,千雪,"……是，是的……
……",283活动剧情,アンカーボルトソング,第5話-みんな
283活动剧情\アンカーボルトソング\第5話-みんな.csv,61,4001037060360,千雪,"真的……非常充实
每天遇到的都是不同的事物……而且都是些需要学习的事",283活动剧情,アンカーボルトソング,第5話-みんな
283活动剧情\アンカーボルトソング\第5話-みんな.csv,63,4001037060370,千雪,"……只是，
作为组合的工作是有一点减少了────",283活动剧情,アンカーボルトソング,第5話-みんな
283活动剧情\アンカーボルトソング\第5話-みんな.csv,70,4001037060440,千雪,"────有时候我不知道到底什么样的我才该在这里，很迷茫
个人活动这种事",283活动剧情,アンカーボルトソング,第5話-みんな
283活动剧情\アンカーボルトソング\第5話-みんな.csv,72,4001037060450,千雪,"嗯……。我们的────
ALSTROEMERIA的粉丝们……",283活动剧情,アンカーボルトソング,第5話-みんな
283活动剧情\アンカーボルトソング\第5話-みんな.csv,73,4001037060460,千雪,"果然，是不是对现在我们的状态
……有些感到寂寞了",283活动剧情,アンカーボルトソング,第5話-みんな
283活动剧情\アンカーボルトソング\第5話-みんな.csv,78,4001037060510,千雪,"一路上都是三个人一起努力的……
能进行单人活动，也是建立在三人组合活动的成果上的",283活动剧情,アンカーボルトソング,第5話-みんな
283活动剧情\アンカーボルトソング\第5話-みんな.csv,79,4001037060520,千雪,"所以，明明我也想把ALSTROEMERIA的事情
当成第一位来考虑的────",283活动剧情,アンカーボルトソング,第5話-みんな
283活动剧情\アンカーボルトソング\第5話-みんな.csv,85,4001037060580,千雪,"──就这样茫然的烦恼着，越是放不下
就会越觉得一个人努力的世界，一点都不温柔。……",283活动剧情,アンカーボルトソング,第5話-みんな
283活动剧情\アンカーボルトソング\第5話-みんな.csv,86,4001037060590,千雪,"────那个，也不是……工作现场真的是非常好的地方……！
非常感谢能让我在那样的地方工作……",283活动剧情,アンカーボルトソング,第5話-みんな
283活动剧情\アンカーボルトソング\第5話-みんな.csv,87,4001037060600,千雪,"但是，一个人的话……
光是注意着不被各种各样的事物淹没，就已经拼尽全力了……",283活动剧情,アンカーボルトソング,第5話-みんな
283活动剧情\アンカーボルトソング\第5話-みんな.csv,93,4001037060640,千雪,"……
制作人……",283活动剧情,アンカーボルトソング,第5話-みんな
283活动剧情\アンカーボルトソング\第5話-みんな.csv,96,4001037060650,千雪,…………,283活动剧情,アンカーボルトソング,第5話-みんな
283活动剧情\アンカーボルトソング\第5話-みんな.csv,101,4001037060700,千雪,"抛弃在一边什么的……
我们才是，不知道什么时候就开始跟粉丝们的心情渐行渐远了……",283活动剧情,アンカーボルトソング,第5話-みんな
283活动剧情\アンカーボルトソング\第5話-みんな.csv,113,4001037060800,千雪,……,283活动剧情,アンカーボルトソング,第5話-みんな
283活动剧情\アンカーボルトソング\第5話-みんな.csv,115,4001037060810,千雪,"……
制作人……？",283活动剧情,アンカーボルトソング,第5話-みんな
283活动剧情\アンカーボルトソング\第5話-みんな.csv,126,4001037060890,千雪,──────…………,283活动剧情,アンカーボルトソング,第5話-みんな
283活动剧情\アンカーボルトソング\第6話-のびる、びる.csv,7,4001037070021,甜花＆千雪,YES────,283活动剧情,アンカーボルトソング,第6話-のびる、びる
283活动剧情\アンカーボルトソング\第6話-のびる、びる.csv,9,4001037070040,千雪,"呵呵，这个舞
我们一起，不知道跳了几百次了……！",283活动剧情,アンカーボルトソング,第6話-のびる、びる
283活动剧情\アンカーボルトソング\第6話-のびる、びる.csv,13,4001037070060,千雪,……欸？,283活动剧情,アンカーボルトソング,第6話-のびる、びる
283活动剧情\アンカーボルトソング\第6話-のびる、びる.csv,23,4001037070120,千雪,"甜花…………！
YES……！？",283活动剧情,アンカーボルトソング,第6話-のびる、びる
283活动剧情\アンカーボルトソング\第6話-のびる、びる.csv,29,4001037070140,千雪,"哈啊……！
好久没有这样玩过了……！",283活动剧情,アンカーボルトソング,第6話-のびる、びる
283活动剧情\アンカーボルトソング\第6話-のびる、びる.csv,33,4001037070180,千雪,"呵呵
都说了答案就在我们心中",283活动剧情,アンカーボルトソング,第6話-のびる、びる
283活动剧情\アンカーボルトソング\第6話-のびる、びる.csv,38,4001037070230,千雪,"接下来……
我们三个又要回到各自的工作现场去了……",283活动剧情,アンカーボルトソング,第6話-のびる、びる
283活动剧情\アンカーボルトソング\第6話-のびる、びる.csv,43,4001037070270,千雪,"……？
什么────啊",283活动剧情,アンカーボルトソング,第6話-のびる、びる
283活动剧情\アンカーボルトソング\第6話-のびる、びる.csv,44,4001037070280,千雪,"────我看过，这个
在粉丝里还挺火的",283活动剧情,アンカーボルトソング,第6話-のびる、びる
283活动剧情\アンカーボルトソング\第6話-のびる、びる.csv,47,4001037070310,千雪,嗯……,283活动剧情,アンカーボルトソング,第6話-のびる、びる
283活动剧情\アンカーボルトソング\第6話-のびる、びる.csv,49,4001037070320,千雪,如果……,283活动剧情,アンカーボルトソング,第6話-のびる、びる
283活动剧情\アンカーボルトソング\第6話-のびる、びる.csv,50,4001037070330,千雪,"等到，我们已经不再是偶像的时候……
还能像现在这样偶尔唱唱歌吗……？",283活动剧情,アンカーボルトソング,第6話-のびる、びる
283活动剧情\アンカーボルトソング\第6話-のびる、びる.csv,52,4001037070350,千雪,"……抱歉，说了奇怪的话
我也完全不能想象会变成那样",283活动剧情,アンカーボルトソング,第6話-のびる、びる
283活动剧情\アンカーボルトソング\第6話-のびる、びる.csv,53,4001037070360,千雪,但是……,283活动剧情,アンカーボルトソング,第6話-のびる、びる
283活动剧情\アンカーボルトソング\第6話-のびる、びる.csv,54,4001037070370,千雪,各种各样的事情，都是会逐渐改变的,283活动剧情,アンカーボルトソング,第6話-のびる、びる
283活动剧情\アンカーボルトソング\第6話-のびる、びる.csv,57,4001037070400,千雪,"直到变成老婆婆之前，都想继续和ALSTROEMERIA在一起
但是，也不只是这样希望着就能继续下去的……",283活动剧情,アンカーボルトソング,第6話-のびる、びる
283活动剧情\アンカーボルトソング\第6話-のびる、びる.csv,61,4001037070440,千雪,"所以……看到这个幻灯片的时候
就会有一点点无奈",283活动剧情,アンカーボルトソング,第6話-のびる、びる
283活动剧情\アンカーボルトソング\第6話-のびる、びる.csv,62,4001037070450,千雪,"因为在这的是不会变的ALSTROEMERIA────
────怎么也没办法胜过回忆",283活动剧情,アンカーボルトソング,第6話-のびる、びる
283活动剧情\アンカーボルトソング\第6話-のびる、びる.csv,64,4001037070470,千雪,"……呵呵
不行啊，在正式演出前说这种话",283活动剧情,アンカーボルトソング,第6話-のびる、びる
283活动剧情\アンカーボルトソング\第6話-のびる、びる.csv,69,4001037070520,千雪,……嗯,283活动剧情,アンカーボルトソング,第6話-のびる、びる
283活动剧情\アンカーボルトソング\第6話-のびる、びる.csv,70,4001037070530,千雪,"所以……，现在我们各自努力并为自己的工作感到烦恼的状态，
我觉得是没有错的",283活动剧情,アンカーボルトソング,第6話-のびる、びる
283活动剧情\アンカーボルトソング\第6話-のびる、びる.csv,71,4001037070540,千雪,"为了一直以来喜欢着我们的人……
也为了将来会喜欢上我们的人",283活动剧情,アンカーボルトソング,第6話-のびる、びる
283活动剧情\アンカーボルトソング\第6話-のびる、びる.csv,82,4001037070641,甘奈＆千雪,──────…………,283活动剧情,アンカーボルトソング,第6話-のびる、びる
283活动剧情\アンカーボルトソング\第6話-のびる、びる.csv,87,4001037070690,千雪,"呵呵……
太好了……！",283活动剧情,アンカーボルトソング,第6話-のびる、びる
283活动剧情\アンカーボルトソング\第6話-のびる、びる.csv,88,4001037070700,千雪,"那种，看了的话会觉得心里
有少许蒙蒙的",283活动剧情,アンカーボルトソング,第6話-のびる、びる
283活动剧情\アンカーボルトソング\第6話-のびる、びる.csv,90,4001037070720,千雪,"嗯……
所以才，赞成",283活动剧情,アンカーボルトソング,第6話-のびる、びる
283活动剧情\アンカーボルトソング\第6話-のびる、びる.csv,91,4001037070730,千雪,"────
在一起，ALSTROEMERIA……",283活动剧情,アンカーボルトソング,第6話-のびる、びる
283活动剧情\アンカーボルトソング\第6話-のびる、びる.csv,92,4001037070740,千雪,"现在，正在这里看着
这里的风景……",283活动剧情,アンカーボルトソング,第6話-のびる、びる
283活动剧情\アンカーボルトソング\第6話-のびる、びる.csv,99,4001037070810,千雪,《♡　#在一起》,283活动剧情,アンカーボルトソング,第6話-のびる、びる
283活动剧情\アンカーボルトソング\第6話-のびる、びる.csv,111,4001037070900,千雪,"…………
甜花甘奈，我也要上了──────",283活动剧情,アンカーボルトソング,第6話-のびる、びる
283活动剧情\アンカーボルトソング\第6話-のびる、びる.csv,113,4001037070910,千雪,"欸欸
呵呵，我在闪着光呢",283活动剧情,アンカーボルトソング,第6話-のびる、びる
283活动剧情\アンカーボルトソング\第6話-のびる、びる.csv,115,4001037070920,千雪,"嘿嘿……
至少，是平时三倍的火力",283活动剧情,アンカーボルトソング,第6話-のびる、びる
283活动剧情\アンカーボルトソング\第6話-のびる、びる.csv,118,4001037070930,千雪,"好的……！
请多指教！",283活动剧情,アンカーボルトソング,第6話-のびる、びる
283活动剧情\オペレーション・サンタ！～包囲せよ２８３プロ～\第3话-キラキラノンシュガートラップ.csv,108,4001007040940,千雪,哎呀，是吗……？,283活动剧情,オペレーション・サンタ！～包囲せよ２８３プロ～,第3话-キラキラノンシュガートラップ
283活动剧情\オペレーション・サンタ！～包囲せよ２８３プロ～\第3话-キラキラノンシュガートラップ.csv,110,4001007040960,千雪,"不
应该是楼下的大家，正在开心地准备吧",283活动剧情,オペレーション・サンタ！～包囲せよ２８３プロ～,第3话-キラキラノンシュガートラップ
283活动剧情\オペレーション・サンタ！～包囲せよ２８３プロ～\第3话-キラキラノンシュガートラップ.csv,112,4001007040980,千雪,嗯♪,283活动剧情,オペレーション・サンタ！～包囲せよ２８３プロ～,第3话-キラキラノンシュガートラップ
283活动剧情\オペレーション・サンタ！～包囲せよ２８３プロ～\第3话-キラキラノンシュガートラップ.csv,113,4001007040990,千雪,……哇，甜花，在折什么呢？,283活动剧情,オペレーション・サンタ！～包囲せよ２８３プロ～,第3话-キラキラノンシュガートラップ
283活动剧情\オペレーション・サンタ！～包囲せよ２８３プロ～\第3话-キラキラノンシュガートラップ.csv,117,4001007041030,千雪,"呵呵，真可爱……
制作人先生，一定会很高兴的",283活动剧情,オペレーション・サンタ！～包囲せよ２８３プロ～,第3话-キラキラノンシュガートラップ
283活动剧情\オペレーション・サンタ！～包囲せよ２８３プロ～\第3话-キラキラノンシュガートラップ.csv,118,4001007041040,千雪,加油制作装饰吧,283活动剧情,オペレーション・サンタ！～包囲せよ２８３プロ～,第3话-キラキラノンシュガートラップ
283活动剧情\オペレーション・サンタ！～包囲せよ２８３プロ～\第5话-くいあらためてください.csv,71,4001007060670,千雪,"呵呵，我的话……曾经想过
弟弟会不会就是圣诞老人呢",283活动剧情,オペレーション・サンタ！～包囲せよ２８３プロ～,第5话-くいあらためてください
283活动剧情\オペレーション・サンタ！～包囲せよ２８３プロ～\第5话-くいあらためてください.csv,74,4001007060690,千雪,"我以前想过
要给圣诞老人回礼",283活动剧情,オペレーション・サンタ！～包囲せよ２８３プロ～,第5话-くいあらためてください
283活动剧情\オペレーション・サンタ！～包囲せよ２８３プロ～\第5话-くいあらためてください.csv,75,4001007060700,千雪,"就和弟弟一起烤了饼干
圣诞夜悄悄放到圣诞树下——",283活动剧情,オペレーション・サンタ！～包囲せよ２８３プロ～,第5话-くいあらためてください
283活动剧情\オペレーション・サンタ！～包囲せよ２８３プロ～\第5话-くいあらためてください.csv,76,4001007060710,千雪,结果圣诞老人，送来了回礼的回礼呢,283活动剧情,オペレーション・サンタ！～包囲せよ２８３プロ～,第5话-くいあらためてください
283活动剧情\オペレーション・サンタ！～包囲せよ２８３プロ～\第5话-くいあらためてください.csv,78,4001007060730,千雪,"没错。在一直想要的礼物旁边
放了一个小小的袋子",283活动剧情,オペレーション・サンタ！～包囲せよ２８３プロ～,第5话-くいあらためてください
283活动剧情\オペレーション・サンタ！～包囲せよ２８３プロ～\第5话-くいあらためてください.csv,79,4001007060740,千雪,那个袋子上还贴着「谢谢饼干」的留言呢,283活动剧情,オペレーション・サンタ！～包囲せよ２８３プロ～,第5话-くいあらためてください
283活动剧情\オペレーション・サンタ！～包囲せよ２８３プロ～\第5话-くいあらためてください.csv,80,4001007060750,千雪,"圣诞老人明明应该不知道那里面是饼干
这是为什么呢……",283活动剧情,オペレーション・サンタ！～包囲せよ２８３プロ～,第5话-くいあらためてください
283活动剧情\オペレーション・サンタ！～包囲せよ２８３プロ～\第5话-くいあらためてください.csv,81,4001007060760,千雪,"知道这个计划的只有弟弟……难道说……？
——就像这样",283活动剧情,オペレーション・サンタ！～包囲せよ２８３プロ～,第5话-くいあらためてください
283活动剧情\オペレーション・サンタ！～包囲せよ２８３プロ～\第5话-くいあらためてください.csv,84,4001007060790,千雪,"现在想想，当时是在父母眼前烤饼干的
肯定早就被他们看穿了",283活动剧情,オペレーション・サンタ！～包囲せよ２８３プロ～,第5话-くいあらためてください
283活动剧情\オペレーション・サンタ！～包囲せよ２８３プロ～\第5话-くいあらためてください.csv,85,4001007060800,千雪,当时只想着「弟弟一定是圣诞老人不会错！」……,283活动剧情,オペレーション・サンタ！～包囲せよ２８３プロ～,第5话-くいあらためてください
283活动剧情\オペレーション・サンタ！～包囲せよ２８３プロ～\第5话-くいあらためてください.csv,86,4001007060810,千雪,那以后一段时间内，我都一直认为弟弟就是圣诞老人,283活动剧情,オペレーション・サンタ！～包囲せよ２８３プロ～,第5话-くいあらためてください
283活动剧情\オペレーション・サンタ！～包囲せよ２８３プロ～\第5话-くいあらためてください.csv,87,4001007060820,千雪,……后来听说，原来弟弟也以为我是圣诞老人,283活动剧情,オペレーション・サンタ！～包囲せよ２８３プロ～,第5话-くいあらためてください
283活动剧情\オペレーション・サンタ！～包囲せよ２８３プロ～\第5话-くいあらためてください.csv,92,4001007060870,千雪,"诶诶？想抓住他？
为什么？",283活动剧情,オペレーション・サンタ！～包囲せよ２８３プロ～,第5话-くいあらためてください
283活动剧情\オペレーション・サンタ！～包囲せよ２８３プロ～\第5话-くいあらためてください.csv,96,4001007060910,千雪,呵呵，是这样啊……——,283活动剧情,オペレーション・サンタ！～包囲せよ２８３プロ～,第5话-くいあらためてください
283活动剧情\オペレーション・サンタ！～包囲せよ２８３プロ～\第6话-観念せよ！トナカイ.csv,66,4001007070490,千雪,对不起，已经到集合时间了吗……？,283活动剧情,オペレーション・サンタ！～包囲せよ２８３プロ～,第6话-観念せよ！トナカイ
283活动剧情\オペレーション・サンタ！～包囲せよ２８３プロ～\终章-サンタさんつかまえた.csv,3,4001007080002,果穂＆夏葉＆千雪,…………,283活动剧情,オペレーション・サンタ！～包囲せよ２８３プロ～,终章-サンタさんつかまえた
283活动剧情\オペレーション・サンタ！～包囲せよ２８３プロ～\终章-サンタさんつかまえた.csv,26,4001007080080,千雪,"真是的，叶月小姐
一定在走廊睡着了吧",283活动剧情,オペレーション・サンタ！～包囲せよ２８３プロ～,终章-サンタさんつかまえた
283活动剧情\オペレーション・サンタ！～包囲せよ２８３プロ～\终章-サンタさんつかまえた.csv,52,4001007080230,千雪,呵呵，制作人先生真是的……,283活动剧情,オペレーション・サンタ！～包囲せよ２８３プロ～,终章-サンタさんつかまえた
283活动剧情\オペレーション・サンタ！～包囲せよ２８３プロ～\终章-サンタさんつかまえた.csv,53,4001007080240,千雪,"既不是小偷也不是驯鹿
而是圣诞老人呢……♪",283活动剧情,オペレーション・サンタ！～包囲せよ２８３プロ～,终章-サンタさんつかまえた
283活动剧情\オペレーション・サンタ！～包囲せよ２８３プロ～\终章-サンタさんつかまえた.csv,119,4001007080880,千雪,"……呵呵
大家，睡得很香呢……",283活动剧情,オペレーション・サンタ！～包囲せよ２８３プロ～,终章-サンタさんつかまえた
283活动剧情\オペレーション・サンタ！～包囲せよ２８３プロ～\终章-サンタさんつかまえた.csv,120,4001007080890,千雪,"（难得能一起留宿
礼物……要今天给出去才行……）",283活动剧情,オペレーション・サンタ！～包囲せよ２８３プロ～,终章-サンタさんつかまえた
283活动剧情\オペレーション・サンタ！～包囲せよ２８３プロ～\终章-サンタさんつかまえた.csv,121,4001007080900,千雪,"甜花，甘奈
生日快乐……",283活动剧情,オペレーション・サンタ！～包囲せよ２８３プロ～,终章-サンタさんつかまえた
283活动剧情\オペレーション・サンタ！～包囲せよ２８３プロ～\终章-サンタさんつかまえた.csv,124,4001007080930,千雪,"……呵呵，真可爱……
……晚安",283活动剧情,オペレーション・サンタ！～包囲せよ２８３プロ～,终章-サンタさんつかまえた
283活动剧情\オペレーション・サンタ！～包囲せよ２８３プロ～\终章-サンタさんつかまえた.csv,125,4001007080940,千雪,——……呀,283活动剧情,オペレーション・サンタ！～包囲せよ２８３プロ～,终章-サンタさんつかまえた
283活动剧情\オペレーション・サンタ！～包囲せよ２８３プロ～\终章-サンタさんつかまえた.csv,128,4001007080970,千雪,……啊，甘奈……甜花……！,283活动剧情,オペレーション・サンタ！～包囲せよ２８３プロ～,终章-サンタさんつかまえた
283活动剧情\オペレーション・サンタ！～包囲せよ２８３プロ～\终章-サンタさんつかまえた.csv,131,4001007081000,千雪,……你们……！,283活动剧情,オペレーション・サンタ！～包囲せよ２８３プロ～,终章-サンタさんつかまえた
283活动剧情\オペレーション・サンタ！～包囲せよ２８３プロ～\终章-サンタさんつかまえた.csv,134,4001007081030,千雪,"诶诶……！
……哇，放在袜子里了呢？",283活动剧情,オペレーション・サンタ！～包囲せよ２８３プロ～,终章-サンタさんつかまえた
283活动剧情\オペレーション・サンタ！～包囲せよ２８３プロ～\终章-サンタさんつかまえた.csv,135,4001007081040,千雪,"……真是的
今天可是你们两人的生日哦……？",283活动剧情,オペレーション・サンタ！～包囲せよ２８３プロ～,终章-サンタさんつかまえた
283活动剧情\オペレーション・サンタ！～包囲せよ２８３プロ～\终章-サンタさんつかまえた.csv,138,4001007081070,千雪,"……
真是……——",283活动剧情,オペレーション・サンタ！～包囲せよ２８３プロ～,终章-サンタさんつかまえた
283活动剧情\オペレーション・サンタ！～包囲せよ２８３プロ～\终章-サンタさんつかまえた.csv,139,4001007081080,千雪,抱~……,283活动剧情,オペレーション・サンタ！～包囲せよ２８３プロ～,终章-サンタさんつかまえた
283活动剧情\オペレーション・サンタ！～包囲せよ２８３プロ～\终章-サンタさんつかまえた.csv,142,4001007081110,千雪,"……呵呵
圣诞老人，真的存在呢",283活动剧情,オペレーション・サンタ！～包囲せよ２８３プロ～,终章-サンタさんつかまえた
283活动剧情\オペレーション・サンタ！～包囲せよ２８３プロ～\终章-サンタさんつかまえた.csv,143,4001007081120,千雪,——我也，抓到了,283活动剧情,オペレーション・サンタ！～包囲せよ２８３プロ～,终章-サンタさんつかまえた
283活动剧情\オペレーション・サンタ！～包囲せよ２８３プロ～\终章-サンタさんつかまえた.csv,147,4001007081160,千雪,呵呵，圣诞快乐……,283活动剧情,オペレーション・サンタ！～包囲せよ２８３プロ～,终章-サンタさんつかまえた
283活动剧情\オペレーション・サンタ！～包囲せよ２８３プロ～\终章-サンタさんつかまえた.csv,148,4001007081170,千雪,"我们也好，大家也好……
希望明年都会是美好的一年……",283活动剧情,オペレーション・サンタ！～包囲せよ２８３プロ～,终章-サンタさんつかまえた
283活动剧情\サマー・ミーツ・ワンダーランド\夜の物語.csv,10,4001015030080,千雪,呵呵,283活动剧情,サマー・ミーツ・ワンダーランド,夜の物語
283活动剧情\サマー・ミーツ・ワンダーランド\夜の物語.csv,11,4001015030090,千雪,因为今天很辛苦呢,283活动剧情,サマー・ミーツ・ワンダーランド,夜の物語
283活动剧情\サマー・ミーツ・ワンダーランド\夜の物語.csv,12,4001015030100,千雪,"早上起得早，自由时间之后
大家又一起训练了——",283活动剧情,サマー・ミーツ・ワンダーランド,夜の物語
283活动剧情\サマー・ミーツ・ワンダーランド\夜の物語.csv,17,4001015030150,千雪,和平……？,283活动剧情,サマー・ミーツ・ワンダーランド,夜の物語
283活动剧情\サマー・ミーツ・ワンダーランド\夜の物語.csv,26,4001015030240,千雪,"呵呵，我懂的
感觉留宿在熄灯之后才是正片呢",283活动剧情,サマー・ミーツ・ワンダーランド,夜の物語
283活动剧情\サマー・ミーツ・ワンダーランド\夜の物語.csv,28,4001015030260,千雪,"嗯
有期待的事的话会睡不着觉",283活动剧情,サマー・ミーツ・ワンダーランド,夜の物語
283活动剧情\サマー・ミーツ・ワンダーランド\夜の物語.csv,31,4001015030290,千雪,呵呵，同感……！,283活动剧情,サマー・ミーツ・ワンダーランド,夜の物語
283活动剧情\サマー・ミーツ・ワンダーランド\夜の物語.csv,46,4001015030440,千雪,那么，玩吗？,283活动剧情,サマー・ミーツ・ワンダーランド,夜の物語
283活动剧情\サマー・ミーツ・ワンダーランド\夜の物語.csv,48,4001015030460,千雪,"因为有明天晚上和后天晚上
好玩的事情全都能做一遍吧",283活动剧情,サマー・ミーツ・ワンダーランド,夜の物語
283活动剧情\サマー・ミーツ・ワンダーランド\夜の物語.csv,50,4001015030480,千雪,诶……？,283活动剧情,サマー・ミーツ・ワンダーランド,夜の物語
283活动剧情\サマー・ミーツ・ワンダーランド\夜の物語.csv,51,4001015030490,千雪,不过试胆大会要讨论一下——,283活动剧情,サマー・ミーツ・ワンダーランド,夜の物語
283活动剧情\サマー・ミーツ・ワンダーランド\夜の物語.csv,53,4001015030510,千雪,"其他的可以晚上悄悄做的事
大家一起享受吧",283活动剧情,サマー・ミーツ・ワンダーランド,夜の物語
283活动剧情\サマー・ミーツ・ワンダーランド\夜の物語.csv,54,4001015030520,千雪,我首先投扑克牌一票,283活动剧情,サマー・ミーツ・ワンダーランド,夜の物語
283活动剧情\サマー・ミーツ・ワンダーランド\夜の物語.csv,63,4001015030610,千雪,"希望至少别弄坏房间里的东西
必须小心呢……！",283活动剧情,サマー・ミーツ・ワンダーランド,夜の物語
283活动剧情\サマー・ミーツ・ワンダーランド\夜の物語.csv,68,4001015030660,千雪,……看起来睡着了,283活动剧情,サマー・ミーツ・ワンダーランド,夜の物語
283活动剧情\サマー・ミーツ・ワンダーランド\夜の物語.csv,72,4001015030700,千雪,是啊,283活动剧情,サマー・ミーツ・ワンダーランド,夜の物語
283活动剧情\サマー・ミーツ・ワンダーランド\夜の物語.csv,74,4001015030711,真乃＆智代子＆千雪,晚安,283活动剧情,サマー・ミーツ・ワンダーランド,夜の物語
283活动剧情\サマー・ミーツ・ワンダーランド\夜の物語.csv,81,4001015030771,真乃＆結華＆千雪,哈哈哈……,283活动剧情,サマー・ミーツ・ワンダーランド,夜の物語
283活动剧情\サマー・ミーツ・ワンダーランド\夜の物語.csv,83,4001015030790,千雪,……睡不着吗？,283活动剧情,サマー・ミーツ・ワンダーランド,夜の物語
283活动剧情\サマー・ミーツ・ワンダーランド\夜の物語.csv,85,4001015030810,千雪,"不，我不是被吵醒了
因为我也睡不着——",283活动剧情,サマー・ミーツ・ワンダーランド,夜の物語
283活动剧情\サマー・ミーツ・ワンダーランド\夜の物語.csv,87,4001015030830,千雪,"是的！
因为很开心呢",283活动剧情,サマー・ミーツ・ワンダーランド,夜の物語
283活动剧情\サマー・ミーツ・ワンダーランド\夜の物語.csv,91,4001015030870,千雪,"是啊……
该怎么办呢……",283活动剧情,サマー・ミーツ・ワンダーランド,夜の物語
283活动剧情\サマー・ミーツ・ワンダーランド\夜の物語.csv,92,4001015030871,真乃＆千雪,……羊？,283活动剧情,サマー・ミーツ・ワンダーランド,夜の物語
283活动剧情\サマー・ミーツ・ワンダーランド\夜の物語.csv,94,4001015030881,真乃＆千雪,,283活动剧情,サマー・ミーツ・ワンダーランド,夜の物語
283活动剧情\サマー・ミーツ・ワンダーランド\朝の物語.csv,22,4001015010210,千雪,"现在帮你准备一点也可以哦──
夏叶，怎么样？",283活动剧情,サマー・ミーツ・ワンダーランド,朝の物語
283活动剧情\サマー・ミーツ・ワンダーランド\朝の物語.csv,31,4001015010300,千雪,嗯,283活动剧情,サマー・ミーツ・ワンダーランド,朝の物語
283活动剧情\サマー・ミーツ・ワンダーランド\朝の物語.csv,35,4001015010340,千雪,"不好意思呢
谢谢了，咲耶──",283活动剧情,サマー・ミーツ・ワンダーランド,朝の物語
283活动剧情\サマー・ミーツ・ワンダーランド\湯の物語.csv,53,4001015060510,千雪,我们也能加入吗……？,283活动剧情,サマー・ミーツ・ワンダーランド,湯の物語
283活动剧情\サマー・ミーツ・ワンダーランド\湯の物語.csv,57,4001015060550,千雪,"是的
因为这里有很多种温泉",283活动剧情,サマー・ミーツ・ワンダーランド,湯の物語
283活动剧情\サマー・ミーツ・ワンダーランド\湯の物語.csv,58,4001015060560,千雪,"泡了很多温泉
……是吧，叶月？",283活动剧情,サマー・ミーツ・ワンダーランド,湯の物語
283活动剧情\サマー・ミーツ・ワンダーランド\湯の物語.csv,62,4001015060600,千雪,呵呵,283活动剧情,サマー・ミーツ・ワンダーランド,湯の物語
283活动剧情\サマー・ミーツ・ワンダーランド\鏡の物語.csv,44,4001015050410,千雪,真是的，爱依说得真夸张,283活动剧情,サマー・ミーツ・ワンダーランド,鏡の物語
283活动剧情\サマー・ミーツ・ワンダーランド\鏡の物語.csv,80,4001015050750,千雪,"——……这样的话，
早上再去见面不是更好吗",283活动剧情,サマー・ミーツ・ワンダーランド,鏡の物語
283活动剧情\サマー・ミーツ・ワンダーランド\鏡の物語.csv,81,4001015050760,千雪,"你的朋友也是好不容易能一起玩，
还是半夜的话哪里都去不了会很困扰的吧？",283活动剧情,サマー・ミーツ・ワンダーランド,鏡の物語
283活动剧情\サマー・ミーツ・ワンダーランド\鏡の物語.csv,91,4001015050841,灯織＆霧子＆千雪,,283活动剧情,サマー・ミーツ・ワンダーランド,鏡の物語
283活动剧情\サマー・ミーツ・ワンダーランド\鏡の物語.csv,100,4001015050930,千雪,是呢……,283活动剧情,サマー・ミーツ・ワンダーランド,鏡の物語
283活动剧情\シャイニーの日\2020年4月12日-シャイニーの日 2020 特別コミュ.csv,14,4901012010120,千雪,"叶月，我想放这个甜点进冰箱里……！
——请不要在意理由……！那我去工作现场了！",283活动剧情,シャイニーの日,2020年4月12日-シャイニーの日 2020 特別コミュ
283活动剧情\シャイニーの日\2021年4月12日-シャイニーの日 2021 特別コミュ.csv,14,4901022010120,千雪,"————叶月……？不在啊
“华夫饼在这里。先到先得♪ 桑山”————",283活动剧情,シャイニーの日,2021年4月12日-シャイニーの日 2021 特別コミュ
283活动剧情\シャイニーの日\2022年4月12日-シャイニーの日 2022 特別コミュ.csv,11,4901030010050,千雪,"西裤，卷到鞋子底下了……！
……呵呵",283活动剧情,シャイニーの日,2022年4月12日-シャイニーの日 2022 特別コミュ
283活动剧情\シャイニーの日\2023年4月12日-シャイニーの日 2023 特別コミュ.csv,17,4901040010150,千雪,"呵呵……
我就是在想，原来不是偶像的我，只值１日元啊……",283活动剧情,シャイニーの日,2023年4月12日-シャイニーの日 2023 特別コミュ
283活动剧情\シャイニーの日\シャイニーの日 2025 特別コミュ.csv,10,4902000010070,千雪,"啊、真的欸
……不过这个我应该修得好啦",283活动剧情,シャイニーの日,シャイニーの日 2025 特別コミュ
283活动剧情\ミルキィウェイ61-世界と世界がまじわる夜に-\序章-お下がりくださいっ.csv,57,4001017010360,千雪,"嗯
刚才的人如果没说错的话……",283活动剧情,ミルキィウェイ61-世界と世界がまじわる夜に-,序章-お下がりくださいっ
283活动剧情\ミルキィウェイ61-世界と世界がまじわる夜に-\序章-お下がりくださいっ.csv,59,4001017010380,千雪,——坐下吧，甘奈,283活动剧情,ミルキィウェイ61-世界と世界がまじわる夜に-,序章-お下がりくださいっ
283活动剧情\ミルキィウェイ61-世界と世界がまじわる夜に-\第1话-キャラメルのバラッド.csv,3,4001017020020,千雪,嗯……,283活动剧情,ミルキィウェイ61-世界と世界がまじわる夜に-,第1话-キャラメルのバラッド
283活动剧情\ミルキィウェイ61-世界と世界がまじわる夜に-\第1话-キャラメルのバラッド.csv,4,4001017020030,千雪,"…………没事的
稍微休息一下，再去问问别人吧",283活动剧情,ミルキィウェイ61-世界と世界がまじわる夜に-,第1话-キャラメルのバラッド
283活动剧情\ミルキィウェイ61-世界と世界がまじわる夜に-\第1话-キャラメルのバラッド.csv,7,4001017020060,千雪,"……虽然很担心她，
但有人看到她了",283活动剧情,ミルキィウェイ61-世界と世界がまじわる夜に-,第1话-キャラメルのバラッド
283活动剧情\ミルキィウェイ61-世界と世界がまじわる夜に-\第1话-キャラメルのバラッド.csv,8,4001017020070,千雪,"这里也只有直达的车次……
我想也不会在哪里下车了",283活动剧情,ミルキィウェイ61-世界と世界がまじわる夜に-,第1话-キャラメルのバラッド
283活动剧情\ミルキィウェイ61-世界と世界がまじわる夜に-\第1话-キャラメルのバラッド.csv,11,4001017020100,千雪,,283活动剧情,ミルキィウェイ61-世界と世界がまじわる夜に-,第1话-キャラメルのバラッド
283活动剧情\ミルキィウェイ61-世界と世界がまじわる夜に-\第1话-キャラメルのバラッド.csv,16,4001017020150,千雪,,283活动剧情,ミルキィウェイ61-世界と世界がまじわる夜に-,第1话-キャラメルのバラッド
283活动剧情\ミルキィウェイ61-世界と世界がまじわる夜に-\第1话-キャラメルのバラッド.csv,21,4001017020200,千雪,,283活动剧情,ミルキィウェイ61-世界と世界がまじわる夜に-,第1话-キャラメルのバラッド
283活动剧情\ミルキィウェイ61-世界と世界がまじわる夜に-\第1话-キャラメルのバラッド.csv,23,4001017020220,千雪,……甘奈,283活动剧情,ミルキィウェイ61-世界と世界がまじわる夜に-,第1话-キャラメルのバラッド
283活动剧情\ミルキィウェイ61-世界と世界がまじわる夜に-\第1话-キャラメルのバラッド.csv,24,4001017020230,千雪,稍微吃点甜的吧,283活动剧情,ミルキィウェイ61-世界と世界がまじわる夜に-,第1话-キャラメルのバラッド
283活动剧情\ミルキィウェイ61-世界と世界がまじわる夜に-\第1话-キャラメルのバラッド.csv,26,4001017020250,千雪,——不好意思,283活动剧情,ミルキィウェイ61-世界と世界がまじわる夜に-,第1话-キャラメルのバラッド
283活动剧情\ミルキィウェイ61-世界と世界がまじわる夜に-\第1话-キャラメルのバラッド.csv,28,4001017020270,千雪,我看看……,283活动剧情,ミルキィウェイ61-世界と世界がまじわる夜に-,第1话-キャラメルのバラッド
283活动剧情\ミルキィウェイ61-世界と世界がまじわる夜に-\第1话-キャラメルのバラッド.csv,29,4001017020280,千雪,我想来点甜的什么,283活动剧情,ミルキィウェイ61-世界と世界がまじわる夜に-,第1话-キャラメルのバラッド
283活动剧情\ミルキィウェイ61-世界と世界がまじわる夜に-\第1话-キャラメルのバラッド.csv,31,4001017020300,千雪,"……
说是“令人心情愉悦”呢，甘奈",283活动剧情,ミルキィウェイ61-世界と世界がまじわる夜に-,第1话-キャラメルのバラッド
283活动剧情\ミルキィウェイ61-世界と世界がまじわる夜に-\第1话-キャラメルのバラッド.csv,32,4001017020310,千雪,"总得吃点什么
好吗？",283活动剧情,ミルキィウェイ61-世界と世界がまじわる夜に-,第1话-キャラメルのバラッド
283活动剧情\ミルキィウェイ61-世界と世界がまじわる夜に-\第1话-キャラメルのバラッド.csv,36,4001017020350,千雪,哇，是这样啊……,283活动剧情,ミルキィウェイ61-世界と世界がまじわる夜に-,第1话-キャラメルのバラッド
283活动剧情\ミルキィウェイ61-世界と世界がまじわる夜に-\第1话-キャラメルのバラッド.csv,37,4001017020360,千雪,——那就，给我这个,283活动剧情,ミルキィウェイ61-世界と世界がまじわる夜に-,第1话-キャラメルのバラッド
283活动剧情\ミルキィウェイ61-世界と世界がまじわる夜に-\第1话-キャラメルのバラッド.csv,40,4001017020390,千雪,…………好的……,283活动剧情,ミルキィウェイ61-世界と世界がまじわる夜に-,第1话-キャラメルのバラッド
283活动剧情\ミルキィウェイ61-世界と世界がまじわる夜に-\第1话-キャラメルのバラッド.csv,41,4001017020400,千雪,"——……
来，甘奈",283活动剧情,ミルキィウェイ61-世界と世界がまじわる夜に-,第1话-キャラメルのバラッド
283活动剧情\ミルキィウェイ61-世界と世界がまじわる夜に-\第1话-キャラメルのバラッド.csv,44,4001017020430,千雪,"……
没事",283活动剧情,ミルキィウェイ61-世界と世界がまじわる夜に-,第1话-キャラメルのバラッド
283活动剧情\ミルキィウェイ61-世界と世界がまじわる夜に-\第1话-キャラメルのバラッド.csv,46,4001017020450,千雪,……嗯,283活动剧情,ミルキィウェイ61-世界と世界がまじわる夜に-,第1话-キャラメルのバラッド
283活动剧情\ミルキィウェイ61-世界と世界がまじわる夜に-\第1话-キャラメルのバラッド.csv,48,4001017020470,千雪,嗯,283活动剧情,ミルキィウェイ61-世界と世界がまじわる夜に-,第1话-キャラメルのバラッド
283活动剧情\ミルキィウェイ61-世界と世界がまじわる夜に-\第2话-ちょっとした荒事.csv,85,4001017030620,千雪,嗯……,283活动剧情,ミルキィウェイ61-世界と世界がまじわる夜に-,第2话-ちょっとした荒事
283活动剧情\ミルキィウェイ61-世界と世界がまじわる夜に-\第2话-ちょっとした荒事.csv,87,4001017030640,千雪,,283活动剧情,ミルキィウェイ61-世界と世界がまじわる夜に-,第2话-ちょっとした荒事
283活动剧情\ミルキィウェイ61-世界と世界がまじわる夜に-\第3话-ラ・ラ・ラ・ミルキィウェイ.csv,15,4001017040110,千雪,嗯……,283活动剧情,ミルキィウェイ61-世界と世界がまじわる夜に-,第3话-ラ・ラ・ラ・ミルキィウェイ
283活动剧情\ミルキィウェイ61-世界と世界がまじわる夜に-\第3话-ラ・ラ・ラ・ミルキィウェイ.csv,18,4001017040140,千雪,是啊……,283活动剧情,ミルキィウェイ61-世界と世界がまじわる夜に-,第3话-ラ・ラ・ラ・ミルキィウェイ
283活动剧情\ミルキィウェイ61-世界と世界がまじわる夜に-\第3话-ラ・ラ・ラ・ミルキィウェイ.csv,20,4001017040160,千雪,,283活动剧情,ミルキィウェイ61-世界と世界がまじわる夜に-,第3话-ラ・ラ・ラ・ミルキィウェイ
283活动剧情\ミルキィウェイ61-世界と世界がまじわる夜に-\第3话-ラ・ラ・ラ・ミルキィウェイ.csv,21,4001017040170,千雪,——啊……,283活动剧情,ミルキィウェイ61-世界と世界がまじわる夜に-,第3话-ラ・ラ・ラ・ミルキィウェイ
283活动剧情\ミルキィウェイ61-世界と世界がまじわる夜に-\第3话-ラ・ラ・ラ・ミルキィウェイ.csv,23,4001017040190,千雪,"啊……不是
对不起，不是这样……",283活动剧情,ミルキィウェイ61-世界と世界がまじわる夜に-,第3话-ラ・ラ・ラ・ミルキィウェイ
283活动剧情\ミルキィウェイ61-世界と世界がまじわる夜に-\第3话-ラ・ラ・ラ・ミルキィウェイ.csv,24,4001017040200,千雪,银河——,283活动剧情,ミルキィウェイ61-世界と世界がまじわる夜に-,第3话-ラ・ラ・ラ・ミルキィウェイ
283活动剧情\ミルキィウェイ61-世界と世界がまじわる夜に-\第3话-ラ・ラ・ラ・ミルキィウェイ.csv,26,4001017040220,千雪,…………看得到了,283活动剧情,ミルキィウェイ61-世界と世界がまじわる夜に-,第3话-ラ・ラ・ラ・ミルキィウェイ
283活动剧情\ミルキィウェイ61-世界と世界がまじわる夜に-\第3话-ラ・ラ・ラ・ミルキィウェイ.csv,29,4001017040250,千雪,……1嗯,283活动剧情,ミルキィウェイ61-世界と世界がまじわる夜に-,第3话-ラ・ラ・ラ・ミルキィウェイ
283活动剧情\ミルキィウェイ61-世界と世界がまじわる夜に-\第3话-ラ・ラ・ラ・ミルキィウェイ.csv,31,4001017040270,千雪,甘奈……,283活动剧情,ミルキィウェイ61-世界と世界がまじわる夜に-,第3话-ラ・ラ・ラ・ミルキィウェイ
283活动剧情\ミルキィウェイ61-世界と世界がまじわる夜に-\第3话-ラ・ラ・ラ・ミルキィウェイ.csv,32,4001017040280,千雪,……还有时间,283活动剧情,ミルキィウェイ61-世界と世界がまじわる夜に-,第3话-ラ・ラ・ラ・ミルキィウェイ
283活动剧情\ミルキィウェイ61-世界と世界がまじわる夜に-\第3话-ラ・ラ・ラ・ミルキィウェイ.csv,34,4001017040300,千雪,"是啊……
要赶在万圣节结束前，回到“天船”上",283活动剧情,ミルキィウェイ61-世界と世界がまじわる夜に-,第3话-ラ・ラ・ラ・ミルキィウェイ
283活动剧情\ミルキィウェイ61-世界と世界がまじわる夜に-\第3话-ラ・ラ・ラ・ミルキィウェイ.csv,37,4001017040330,千雪,……不知道,283活动剧情,ミルキィウェイ61-世界と世界がまじわる夜に-,第3话-ラ・ラ・ラ・ミルキィウェイ
283活动剧情\ミルキィウェイ61-世界と世界がまじわる夜に-\第3话-ラ・ラ・ラ・ミルキィウェイ.csv,39,4001017040350,千雪,,283活动剧情,ミルキィウェイ61-世界と世界がまじわる夜に-,第3话-ラ・ラ・ラ・ミルキィウェイ
283活动剧情\ミルキィウェイ61-世界と世界がまじわる夜に-\第3话-ラ・ラ・ラ・ミルキィウェイ.csv,40,4001017040360,千雪,……甘奈，牛奶糖,283活动剧情,ミルキィウェイ61-世界と世界がまじわる夜に-,第3话-ラ・ラ・ラ・ミルキィウェイ
283活动剧情\ミルキィウェイ61-世界と世界がまじわる夜に-\第3话-ラ・ラ・ラ・ミルキィウェイ.csv,42,4001017040380,千雪,"最后一个了
——来",283活动剧情,ミルキィウェイ61-世界と世界がまじわる夜に-,第3话-ラ・ラ・ラ・ミルキィウェイ
283活动剧情\ミルキィウェイ61-世界と世界がまじわる夜に-\第3话-ラ・ラ・ラ・ミルキィウェイ.csv,44,4001017040400,千雪,"嗯
我好像吃多了",283活动剧情,ミルキィウェイ61-世界と世界がまじわる夜に-,第3话-ラ・ラ・ラ・ミルキィウェイ
283活动剧情\ミルキィウェイ61-世界と世界がまじわる夜に-\第3话-ラ・ラ・ラ・ミルキィウェイ.csv,46,4001017040420,千雪,…………绝对，要3个人一起看银河,283活动剧情,ミルキィウェイ61-世界と世界がまじわる夜に-,第3话-ラ・ラ・ラ・ミルキィウェイ
283活动剧情\ミルキィウェイ61-世界と世界がまじわる夜に-\第3话-ラ・ラ・ラ・ミルキィウェイ.csv,47,4001017040430,千雪,"我们，要到银河去
然后在规定时间前搭上“天船”",283活动剧情,ミルキィウェイ61-世界と世界がまじわる夜に-,第3话-ラ・ラ・ラ・ミルキィウェイ
283活动剧情\ミルキィウェイ61-世界と世界がまじわる夜に-\第4话-ジャストライクキョンシーブルース.csv,13,4001017050020,千雪,啊，甘奈……！！,283活动剧情,ミルキィウェイ61-世界と世界がまじわる夜に-,第4话-ジャストライクキョンシーブルース
283活动剧情\ミルキィウェイ61-世界と世界がまじわる夜に-\第4话-ジャストライクキョンシーブルース.csv,19,4001017050050,千雪,甘奈！ 那位不是食物……！,283活动剧情,ミルキィウェイ61-世界と世界がまじわる夜に-,第4话-ジャストライクキョンシーブルース
283活动剧情\ミルキィウェイ61-世界と世界がまじわる夜に-\第4话-ジャストライクキョンシーブルース.csv,20,4001017050060,千雪,————嘿……,283活动剧情,ミルキィウェイ61-世界と世界がまじわる夜に-,第4话-ジャストライクキョンシーブルース
283活动剧情\ミルキィウェイ61-世界と世界がまじわる夜に-\第4话-ジャストライクキョンシーブルース.csv,24,4001017050100,千雪,"……没事了
符纸我帮你贴好了",283活动剧情,ミルキィウェイ61-世界と世界がまじわる夜に-,第4话-ジャストライクキョンシーブルース
283活动剧情\ミルキィウェイ61-世界と世界がまじわる夜に-\第4话-ジャストライクキョンシーブルース.csv,27,4001017050120,千雪,"是的
我们才是非常抱歉……",283活动剧情,ミルキィウェイ61-世界と世界がまじわる夜に-,第4话-ジャストライクキョンシーブルース
283活动剧情\ミルキィウェイ61-世界と世界がまじわる夜に-\第4话-ジャストライクキョンシーブルース.csv,28,4001017050130,千雪,我们是从与这里不一样的世界来旅行的……,283活动剧情,ミルキィウェイ61-世界と世界がまじわる夜に-,第4话-ジャストライクキョンシーブルース
283活动剧情\ミルキィウェイ61-世界と世界がまじわる夜に-\第4话-ジャストライクキョンシーブルース.csv,29,4001017050140,千雪,"食物和生活习惯都不太一样
这个符纸掉了的话，就会不方便",283活动剧情,ミルキィウェイ61-世界と世界がまじわる夜に-,第4话-ジャストライクキョンシーブルース
283活动剧情\ミルキィウェイ61-世界と世界がまじわる夜に-\第4话-ジャストライクキョンシーブルース.csv,31,4001017050150,千雪,——哎呀,283活动剧情,ミルキィウェイ61-世界と世界がまじわる夜に-,第4话-ジャストライクキョンシーブルース
283活动剧情\ミルキィウェイ61-世界と世界がまじわる夜に-\第4话-ジャストライクキョンシーブルース.csv,32,4001017050160,千雪,"那个，对不起
你的手受伤————",283活动剧情,ミルキィウェイ61-世界と世界がまじわる夜に-,第4话-ジャストライクキョンシーブルース
283活动剧情\ミルキィウェイ61-世界と世界がまじわる夜に-\第4话-ジャストライクキョンシーブルース.csv,34,4001017050170,千雪,————啊——…………,283活动剧情,ミルキィウェイ61-世界と世界がまじわる夜に-,第4话-ジャストライクキョンシーブルース
283活动剧情\ミルキィウェイ61-世界と世界がまじわる夜に-\第4话-ジャストライクキョンシーブルース.csv,40,4001017050220,千雪,"啊……甘奈……
————没关系……！",283活动剧情,ミルキィウェイ61-世界と世界がまじわる夜に-,第4话-ジャストライクキョンシーブルース
283活动剧情\ミルキィウェイ61-世界と世界がまじわる夜に-\第4话-ジャストライクキョンシーブルース.csv,41,4001017050230,千雪,"不行不行，我要振作……
被血的味道吸引了就……",283活动剧情,ミルキィウェイ61-世界と世界がまじわる夜に-,第4话-ジャストライクキョンシーブルース
283活动剧情\ミルキィウェイ61-世界と世界がまじわる夜に-\第4话-ジャストライクキョンシーブルース.csv,42,4001017050240,千雪,"…………那个，多有冒犯……
非常抱歉……",283活动剧情,ミルキィウェイ61-世界と世界がまじわる夜に-,第4话-ジャストライクキョンシーブルース
283活动剧情\ミルキィウェイ61-世界と世界がまじわる夜に-\第4话-ジャストライクキョンシーブルース.csv,43,4001017050250,千雪,我只是想……至少贴个绷带——,283活动剧情,ミルキィウェイ61-世界と世界がまじわる夜に-,第4话-ジャストライクキョンシーブルース
283活动剧情\ミルキィウェイ61-世界と世界がまじわる夜に-\第4话-ジャストライクキョンシーブルース.csv,50,4001017050251,甘奈＆千雪,,283活动剧情,ミルキィウェイ61-世界と世界がまじわる夜に-,第4话-ジャストライクキョンシーブルース
283活动剧情\ミルキィウェイ61-世界と世界がまじわる夜に-\第4话-ジャストライクキョンシーブルース.csv,53,4001017050252,甘奈＆千雪,呵呵……！,283活动剧情,ミルキィウェイ61-世界と世界がまじわる夜に-,第4话-ジャストライクキョンシーブルース
283活动剧情\ミルキィウェイ61-世界と世界がまじわる夜に-\第4话-ジャストライクキョンシーブルース.csv,54,4001017050260,千雪,……是能“让人心情愉悦”吧,283活动剧情,ミルキィウェイ61-世界と世界がまじわる夜に-,第4话-ジャストライクキョンシーブルース
283活动剧情\ミルキィウェイ61-世界と世界がまじわる夜に-\第4话-ジャストライクキョンシーブルース.csv,55,4001017050270,千雪,"非常感谢
您的关心……",283活动剧情,ミルキィウェイ61-世界と世界がまじわる夜に-,第4话-ジャストライクキョンシーブルース
283活动剧情\ミルキィウェイ61-世界と世界がまじわる夜に-\第4话-ジャストライクキョンシーブルース.csv,56,4001017050271,甘奈＆千雪,,283活动剧情,ミルキィウェイ61-世界と世界がまじわる夜に-,第4话-ジャストライクキョンシーブルース
283活动剧情\ミルキィウェイ61-世界と世界がまじわる夜に-\第4话-ジャストライクキョンシーブルース.csv,58,4001017050290,千雪,嗯……！,283活动剧情,ミルキィウェイ61-世界と世界がまじわる夜に-,第4话-ジャストライクキョンシーブルース
283活动剧情\ミルキィウェイ61-世界と世界がまじわる夜に-\第4话-ジャストライクキョンシーブルース.csv,59,4001017050300,千雪,受照顾了，那么……！,283活动剧情,ミルキィウェイ61-世界と世界がまじわる夜に-,第4话-ジャストライクキョンシーブルース
283活动剧情\ミルキィウェイ61-世界と世界がまじわる夜に-\第5话-鳴かないでベイビー.csv,10,4001017060070,千雪,"虽然我很想这么做……
但是——",283活动剧情,ミルキィウェイ61-世界と世界がまじわる夜に-,第5话-鳴かないでベイビー
283活动剧情\ミルキィウェイ61-世界と世界がまじわる夜に-\第5话-鳴かないでベイビー.csv,13,4001017060100,千雪,"我们在找一个女孩子
或许，她就是那个——",283活动剧情,ミルキィウェイ61-世界と世界がまじわる夜に-,第5话-鳴かないでベイビー
283活动剧情\ミルキィウェイ61-世界と世界がまじわる夜に-\第5话-鳴かないでベイビー.csv,19,4001017060141,果穂＆甘奈＆千雪,,283活动剧情,ミルキィウェイ61-世界と世界がまじわる夜に-,第5话-鳴かないでベイビー
283活动剧情\ミルキィウェイ61-世界と世界がまじわる夜に-\第5话-鳴かないでベイビー.csv,21,4001017060151,甘奈＆千雪,,283活动剧情,ミルキィウェイ61-世界と世界がまじわる夜に-,第5话-鳴かないでベイビー
283活动剧情\ミルキィウェイ61-世界と世界がまじわる夜に-\第5话-鳴かないでベイビー.csv,43,4001017060301,甘奈＆千雪,甜花……！,283活动剧情,ミルキィウェイ61-世界と世界がまじわる夜に-,第5话-鳴かないでベイビー
283活动剧情\ミルキィウェイ61-世界と世界がまじわる夜に-\第5话-鳴かないでベイビー.csv,48,4001017060350,千雪,然后就跳进了一辆开着门的列车吧,283活动剧情,ミルキィウェイ61-世界と世界がまじわる夜に-,第5话-鳴かないでベイビー
283活动剧情\ミルキィウェイ61-世界と世界がまじわる夜に-\第5话-鳴かないでベイビー.csv,56,4001017060430,千雪,甜花。没事的,283活动剧情,ミルキィウェイ61-世界と世界がまじわる夜に-,第5话-鳴かないでベイビー
283活动剧情\ミルキィウェイ61-世界と世界がまじわる夜に-\第5话-鳴かないでベイビー.csv,57,4001017060440,千雪,谁也没想到你会遇到这种情况,283活动剧情,ミルキィウェイ61-世界と世界がまじわる夜に-,第5话-鳴かないでベイビー
283活动剧情\ミルキィウェイ61-世界と世界がまじわる夜に-\第5话-鳴かないでベイビー.csv,58,4001017060450,千雪,"而且，我也不觉得
甜花会放着小马不管",283活动剧情,ミルキィウェイ61-世界と世界がまじわる夜に-,第5话-鳴かないでベイビー
283活动剧情\ミルキィウェイ61-世界と世界がまじわる夜に-\第5话-鳴かないでベイビー.csv,62,4001017060490,千雪,"你都回来了
没有比这更好的了",283活动剧情,ミルキィウェイ61-世界と世界がまじわる夜に-,第5话-鳴かないでベイビー
283活动剧情\ミルキィウェイ61-世界と世界がまじわる夜に-\第5话-鳴かないでベイビー.csv,63,4001017060500,千雪,……不要再分开了好吗？,283活动剧情,ミルキィウェイ61-世界と世界がまじわる夜に-,第5话-鳴かないでベイビー
283活动剧情\ミルキィウェイ61-世界と世界がまじわる夜に-\第5话-鳴かないでベイビー.csv,65,4001017060520,千雪,"呵呵，那
得把这孩子送回家呢",283活动剧情,ミルキィウェイ61-世界と世界がまじわる夜に-,第5话-鳴かないでベイビー
283活动剧情\ミルキィウェイ61-世界と世界がまじわる夜に-\第5话-鳴かないでベイビー.csv,76,4001017060621,甘奈＆千雪,,283活动剧情,ミルキィウェイ61-世界と世界がまじわる夜に-,第5话-鳴かないでベイビー
283活动剧情\ミルキィウェイ61-世界と世界がまじわる夜に-\第5话-鳴かないでベイビー.csv,77,4001017060630,千雪,——是的，其实是这样……,283活动剧情,ミルキィウェイ61-世界と世界がまじわる夜に-,第5话-鳴かないでベイビー
283活动剧情\ミルキィウェイ61-世界と世界がまじわる夜に-\第5话-鳴かないでベイビー.csv,78,4001017060640,千雪,"今天结束前不回去的话，
不知道会怎样……",283活动剧情,ミルキィウェイ61-世界と世界がまじわる夜に-,第5话-鳴かないでベイビー
283活动剧情\ミルキィウェイ61-世界と世界がまじわる夜に-\第6话-轟・銀河暴走幸福論.csv,84,4001017070670,千雪,"……是啊
我们会下车解决——",283活动剧情,ミルキィウェイ61-世界と世界がまじわる夜に-,第6话-轟・銀河暴走幸福論
283活动剧情\ミルキィウェイ61-世界と世界がまじわる夜に-\第6话-轟・銀河暴走幸福論.csv,110,4001017070930,千雪,,283活动剧情,ミルキィウェイ61-世界と世界がまじわる夜に-,第6话-轟・銀河暴走幸福論
283活动剧情\ミルキィウェイ61-世界と世界がまじわる夜に-\终章-ローリンストーンのように.csv,2,4001017080010,千雪,……甘奈,283活动剧情,ミルキィウェイ61-世界と世界がまじわる夜に-,终章-ローリンストーンのように
283活动剧情\ミルキィウェイ61-世界と世界がまじわる夜に-\终章-ローリンストーンのように.csv,5,4001017080040,千雪,……我知道了,283活动剧情,ミルキィウェイ61-世界と世界がまじわる夜に-,终章-ローリンストーンのように
283活动剧情\ミルキィウェイ61-世界と世界がまじわる夜に-\终章-ローリンストーンのように.csv,12,4001017080100,千雪,"我们的话，能在宇宙里飞一会
用力扒开连接部分应该也是做得到的",283活动剧情,ミルキィウェイ61-世界と世界がまじわる夜に-,终章-ローリンストーンのように
283活动剧情\ミルキィウェイ61-世界と世界がまじわる夜に-\终章-ローリンストーンのように.csv,13,4001017080110,千雪,"……只是，没有符纸的话
会失去理性……",283活动剧情,ミルキィウェイ61-世界と世界がまじわる夜に-,终章-ローリンストーンのように
283活动剧情\ミルキィウェイ61-世界と世界がまじわる夜に-\终章-ローリンストーンのように.csv,19,4001017080160,千雪,……走吧,283活动剧情,ミルキィウェイ61-世界と世界がまじわる夜に-,终章-ローリンストーンのように
283活动剧情\ミルキィウェイ61-世界と世界がまじわる夜に-\终章-ローリンストーンのように.csv,23,4001017080200,千雪,"再一下……
——甘奈……！",283活动剧情,ミルキィウェイ61-世界と世界がまじわる夜に-,终章-ローリンストーンのように
283活动剧情\ミルキィウェイ61-世界と世界がまじわる夜に-\终章-ローリンストーンのように.csv,24,4001017080210,千雪,做到了————,283活动剧情,ミルキィウェイ61-世界と世界がまじわる夜に-,终章-ローリンストーンのように
283活动剧情\ミルキィウェイ61-世界と世界がまじわる夜に-\终章-ローリンストーンのように.csv,27,4001017080230,千雪,"——那，甘奈……！
符纸……嘿…………",283活动剧情,ミルキィウェイ61-世界と世界がまじわる夜に-,终章-ローリンストーンのように
283活动剧情\ミルキィウェイ61-世界と世界がまじわる夜に-\终章-ローリンストーンのように.csv,28,4001017080240,千雪,——呀……！,283活动剧情,ミルキィウェイ61-世界と世界がまじわる夜に-,终章-ローリンストーンのように
283活动剧情\ミルキィウェイ61-世界と世界がまじわる夜に-\终章-ローリンストーンのように.csv,29,4001017080250,千雪,……！,283活动剧情,ミルキィウェイ61-世界と世界がまじわる夜に-,终章-ローリンストーンのように
283活动剧情\ミルキィウェイ61-世界と世界がまじわる夜に-\终章-ローリンストーンのように.csv,30,4001017080260,千雪,不要……来烦……！,283活动剧情,ミルキィウェイ61-世界と世界がまじわる夜に-,终章-ローリンストーンのように
283活动剧情\ミルキィウェイ61-世界と世界がまじわる夜に-\终章-ローリンストーンのように.csv,32,4001017080280,千雪,——啊，甘奈……！ 等一下！,283活动剧情,ミルキィウェイ61-世界と世界がまじわる夜に-,终章-ローリンストーンのように
283活动剧情\ミルキィウェイ61-世界と世界がまじわる夜に-\终章-ローリンストーンのように.csv,34,4001017080300,千雪,"甘奈……
呀……！",283活动剧情,ミルキィウェイ61-世界と世界がまじわる夜に-,终章-ローリンストーンのように
283活动剧情\ミルキィウェイ61-世界と世界がまじわる夜に-\终章-ローリンストーンのように.csv,50,4001017080440,千雪,甜花……！？,283活动剧情,ミルキィウェイ61-世界と世界がまじわる夜に-,终章-ローリンストーンのように
283活动剧情\ミルキィウェイ61-世界と世界がまじわる夜に-\终章-ローリンストーンのように.csv,52,4001017080460,千雪,"——……嗯！
拜托你了，甜花……！",283活动剧情,ミルキィウェイ61-世界と世界がまじわる夜に-,终章-ローリンストーンのように
283活动剧情\ミルキィウェイ61-世界と世界がまじわる夜に-\终章-ローリンストーンのように.csv,63,4001017080560,千雪,嗯……！,283活动剧情,ミルキィウェイ61-世界と世界がまじわる夜に-,终章-ローリンストーンのように
283活动剧情\ミルキィウェイ61-世界と世界がまじわる夜に-\终章-ローリンストーンのように.csv,89,4001017080730,千雪,………………银河………………,283活动剧情,ミルキィウェイ61-世界と世界がまじわる夜に-,终章-ローリンストーンのように
283活动剧情\冬が灯る先\序章.csv,58,4001080010381,千雪＆美琴,……,283活动剧情,冬が灯る先,序章
283活动剧情\冬が灯る先\序章.csv,60,4001080010390,千雪,……嗯……,283活动剧情,冬が灯る先,序章
283活动剧情\冬が灯る先\序章.csv,64,4001080010410,千雪,"是啊
要道歉的，应该是我们",283活动剧情,冬が灯る先,序章
283活动剧情\冬が灯る先\序章.csv,65,4001080010420,千雪,"实在抱歉
时间这么不巧",283活动剧情,冬が灯る先,序章
283活动剧情\冬が灯る先\序章.csv,68,4001080010421,千雪＆美琴,……,283活动剧情,冬が灯る先,序章
283活动剧情\冬が灯る先\序章.csv,69,4001080010430,千雪,……啊，要不然……,283活动剧情,冬が灯る先,序章
283活动剧情\冬が灯る先\序章.csv,70,4001080010440,千雪,"制作人
既然如此，能否让我们也参加呢？",283活动剧情,冬が灯る先,序章
283活动剧情\冬が灯る先\序章.csv,72,4001080010450,千雪,"期待圣诞老人的小孩——
可能是当不成了",283活动剧情,冬が灯る先,序章
283活动剧情\冬が灯る先\序章.csv,73,4001080010460,千雪,"但是反过来说，
不是还可以扮演圣诞老人嘛",283活动剧情,冬が灯る先,序章
283活动剧情\冬が灯る先\序章.csv,75,4001080010470,千雪,呵呵，没错,283活动剧情,冬が灯る先,序章
283活动剧情\冬が灯る先\序章.csv,76,4001080010480,千雪,"请务必让我们协助您准备礼物
这次就由大人组一起来当圣诞老人吧",283活动剧情,冬が灯る先,序章
283活动剧情\冬が灯る先\序章.csv,78,4001080010490,千雪,"抱歉啊，美琴
没询问你的意见就出了主意",283活动剧情,冬が灯る先,序章
283活动剧情\冬が灯る先\序章.csv,81,4001080010520,千雪,嗯……！,283活动剧情,冬が灯る先,序章
283活动剧情\冬が灯る先\序章.csv,86,4001080010550,千雪,"那我也告诉夏叶一声吧
毕竟她也是成年人——",283活动剧情,冬が灯る先,序章
283活动剧情\冬が灯る先\序章.csv,87,4001080010560,千雪,"要是后来才知道，她可能还会抱怨
“为什么没早告诉我”呢～",283活动剧情,冬が灯る先,序章
283活动剧情\冬が灯る先\序章.csv,88,4001080010570,千雪,结华和其他19岁的孩子们嘛……,283活动剧情,冬が灯る先,序章
283活动剧情\冬が灯る先\序章.csv,89,4001080010580,千雪,"就高高兴兴地收礼物好啦
还没轮到她们来当圣诞老人呢",283活动剧情,冬が灯る先,序章
283活动剧情\冬が灯る先\序章.csv,93,4001080010591,千雪＆プロデューサー,……！,283活动剧情,冬が灯る先,序章
283活动剧情\冬が灯る先\序章.csv,95,4001080010600,千雪,"……抱歉，虽然没有恶意——
但请路加帮忙，不会给她带来负担吗？",283活动剧情,冬が灯る先,序章
283活动剧情\冬が灯る先\序章.csv,100,4001080010620,千雪,——我知道啦,283活动剧情,冬が灯る先,序章
283活动剧情\冬が灯る先\序章.csv,101,4001080010630,千雪,如果路加也肯来参加,283活动剧情,冬が灯る先,序章
283活动剧情\冬が灯る先\序章.csv,102,4001080010640,千雪,这个圣诞肯定会更美好吧————,283活动剧情,冬が灯る先,序章
283活动剧情\冬が灯る先\第五话.csv,5,4001080060040,千雪,辛苦了,283活动剧情,冬が灯る先,第五话
283活动剧情\冬が灯る先\第五话.csv,6,4001080060050,千雪,咦，圆香,283活动剧情,冬が灯る先,第五话
283活动剧情\冬が灯る先\第五话.csv,8,4001080060070,千雪,辛苦了,283活动剧情,冬が灯る先,第五话
283活动剧情\冬が灯る先\第五话.csv,9,4001080060080,千雪,"……？
怎么不进去——",283活动剧情,冬が灯る先,第五话
283活动剧情\冬が灯る先\第五话.csv,11,4001080060100,千雪,诶……？,283活动剧情,冬が灯る先,第五话
283活动剧情\冬が灯る先\第五话.csv,13,4001080060120,千雪,……,283活动剧情,冬が灯る先,第五话
283活动剧情\冬が灯る先\第五话.csv,15,4001080060140,千雪,"确实不方便进去呢
虽然美琴可能不在意……",283活动剧情,冬が灯る先,第五话
283活动剧情\冬が灯る先\第五话.csv,17,4001080060160,千雪,"嗯……
她可能会觉得不好意思……",283活动剧情,冬が灯る先,第五话
283活动剧情\冬が灯る先\第五话.csv,22,4001080060210,千雪,"是啊……
我也是来取必需品的——",283活动剧情,冬が灯る先,第五话
283活动剧情\冬が灯る先\第五话.csv,23,4001080060220,千雪,应该晚点再来的,283活动剧情,冬が灯る先,第五话
283活动剧情\冬が灯る先\第五话.csv,25,4001080060240,千雪,"……唔，圆香
要不要现在去便利店？",283活动剧情,冬が灯る先,第五话
283活动剧情\冬が灯る先\第五话.csv,26,4001080060250,千雪,我请客买点零食吧,283活动剧情,冬が灯る先,第五话
283活动剧情\冬が灯る先\第五话.csv,28,4001080060270,千雪,呵呵，我不是这个意思,283活动剧情,冬が灯る先,第五话
283活动剧情\冬が灯る先\第五话.csv,29,4001080060280,千雪,"只是看圆香对灯织这么温柔
我也想为你做点什么",283活动剧情,冬が灯る先,第五话
283活动剧情\冬が灯る先\第五话.csv,32,4001080060310,千雪,嗯，认真的哦,283活动剧情,冬が灯る先,第五话
283活动剧情\冬が灯る先\第五话.csv,34,4001080060330,千雪,"呵呵，这样才对嘛♪
——走吧",283活动剧情,冬が灯る先,第五话
283活动剧情\冬が灯る先\第五话.csv,36,4001080060350,千雪,有什么想要的吗？,283活动剧情,冬が灯る先,第五话
283活动剧情\冬が灯る先\第五话.csv,38,4001080060370,千雪,那、就交给我来选咯？,283活动剧情,冬が灯る先,第五话
283活动剧情\冬が灯る先\第五话.csv,39,4001080060380,千雪,"不光是挑零食……
其实我很喜欢给别人挑礼物哦",283活动剧情,冬が灯る先,第五话
283活动剧情\冬が灯る先\第五话.csv,40,4001080060390,千雪,"一边挑、一边想象着她们的喜好
就已经很幸福了",283活动剧情,冬が灯る先,第五话
283活动剧情\冬が灯る先\第五话.csv,42,4001080060410,千雪,好的，包在我身上♪,283活动剧情,冬が灯る先,第五话
283活动剧情\冬が灯る先\第五话.csv,43,4001080060411,千雪＆円香,——,283活动剧情,冬が灯る先,第五话
283活动剧情\冬が灯る先\第六话.csv,6,4001080070030,千雪,──……,283活动剧情,冬が灯る先,第六话
283活动剧情\冬が灯る先\第六话.csv,9,4001080070040,千雪,得告诉恋钟才行────,283活动剧情,冬が灯る先,第六话
283活动剧情\完録、クエストロメリア！ ～サイコロ編～\Happy Ending Story.csv,6,4001012080040,千雪,"呵呵，如果有幸福的话就太好了呢……！
但是——",283活动剧情,完録、クエストロメリア！ ～サイコロ編～,Happy Ending Story
283活动剧情\完録、クエストロメリア！ ～サイコロ編～\Happy Ending Story.csv,7,4001012080050,千雪,一点提示也没有吗？,283活动剧情,完録、クエストロメリア！ ～サイコロ編～,Happy Ending Story
283活动剧情\完録、クエストロメリア！ ～サイコロ編～\Happy Ending Story.csv,11,4001012080080,千雪,"因为这里很宽广嘛……
可能必须向很多很多人打听才行呢",283活动剧情,完録、クエストロメリア！ ～サイコロ編～,Happy Ending Story
283活动剧情\完録、クエストロメリア！ ～サイコロ編～\Happy Ending Story.csv,17,4001012080140,千雪,甘奈……,283活动剧情,完録、クエストロメリア！ ～サイコロ編～,Happy Ending Story
283活动剧情\完録、クエストロメリア！ ～サイコロ編～\Happy Ending Story.csv,18,4001012080150,千雪,嗯。要好—好地享受，呢,283活动剧情,完録、クエストロメリア！ ～サイコロ編～,Happy Ending Story
283活动剧情\完録、クエストロメリア！ ～サイコロ編～\Happy Ending Story.csv,32,4001012080290,千雪,诶……甘奈……？,283活动剧情,完録、クエストロメリア！ ～サイコロ編～,Happy Ending Story
283活动剧情\完録、クエストロメリア！ ～サイコロ編～\Happy Ending Story.csv,37,4001012080340,千雪,…………,283活动剧情,完録、クエストロメリア！ ～サイコロ編～,Happy Ending Story
283活动剧情\完録、クエストロメリア！ ～サイコロ編～\Happy Ending Story.csv,44,4001012080410,千雪,——啊，等等！,283活动剧情,完録、クエストロメリア！ ～サイコロ編～,Happy Ending Story
283活动剧情\完録、クエストロメリア！ ～サイコロ編～\Happy Ending Story.csv,45,4001012080420,千雪,"——甜花……
谢谢",283活动剧情,完録、クエストロメリア！ ～サイコロ編～,Happy Ending Story
283活动剧情\完録、クエストロメリア！ ～サイコロ編～\Happy Ending Story.csv,47,4001012080440,千雪,"让我来代替……
什么的，也说不出口呢",283活动剧情,完録、クエストロメリア！ ～サイコロ編～,Happy Ending Story
283活动剧情\完録、クエストロメリア！ ～サイコロ編～\Happy Ending Story.csv,48,4001012080450,千雪,"所以……
让我来再扔扔骰子吧？",283活动剧情,完録、クエストロメリア！ ～サイコロ編～,Happy Ending Story
283活动剧情\完録、クエストロメリア！ ～サイコロ編～\Happy Ending Story.csv,50,4001012080470,千雪,……嘿！,283活动剧情,完録、クエストロメリア！ ～サイコロ編～,Happy Ending Story
283活动剧情\完録、クエストロメリア！ ～サイコロ編～\Happy Ending Story.csv,52,4001012080490,千雪,"——……啊啊，是我……
嘿……",283活动剧情,完録、クエストロメリア！ ～サイコロ編～,Happy Ending Story
283活动剧情\完録、クエストロメリア！ ～サイコロ編～\Happy Ending Story.csv,54,4001012080510,千雪,嗯。再来一次——,283活动剧情,完録、クエストロメリア！ ～サイコロ編～,Happy Ending Story
283活动剧情\完録、クエストロメリア！ ～サイコロ編～\Happy Ending Story.csv,61,4001012080580,千雪,甘奈——,283活动剧情,完録、クエストロメリア！ ～サイコロ編～,Happy Ending Story
283活动剧情\完録、クエストロメリア！ ～サイコロ編～\Happy Ending Story.csv,64,4001012080610,千雪,"……呵呵呵，嗯
甘奈……谢谢",283活动剧情,完録、クエストロメリア！ ～サイコロ編～,Happy Ending Story
283活动剧情\完録、クエストロメリア！ ～サイコロ編～\Happy Ending Story.csv,65,4001012080620,千雪,这样一来，就不会狡猾了,283活动剧情,完録、クエストロメリア！ ～サイコロ編～,Happy Ending Story
283活动剧情\完録、クエストロメリア！ ～サイコロ編～\Happy Ending Story.csv,78,4001012080750,千雪,嗯……,283活动剧情,完録、クエストロメリア！ ～サイコロ編～,Happy Ending Story
283活动剧情\完録、クエストロメリア！ ～サイコロ編～\Happy Ending Story.csv,80,4001012080770,千雪,……嗯,283活动剧情,完録、クエストロメリア！ ～サイコロ編～,Happy Ending Story
283活动剧情\完録、クエストロメリア！ ～サイコロ編～\Happy Ending Story.csv,81,4001012080780,千雪,…………呵呵，你们两个……,283活动剧情,完録、クエストロメリア！ ～サイコロ編～,Happy Ending Story
283活动剧情\完録、クエストロメリア！ ～サイコロ編～\Happy Ending Story.csv,83,4001012080800,千雪,"不……
总感觉——",283活动剧情,完録、クエストロメリア！ ～サイコロ編～,Happy Ending Story
283活动剧情\完録、クエストロメリア！ ～サイコロ編～\Happy Ending Story.csv,85,4001012080820,千雪,总感觉……,283活动剧情,完録、クエストロメリア！ ～サイコロ編～,Happy Ending Story
283活动剧情\完録、クエストロメリア！ ～サイコロ編～\Happy Ending Story.csv,86,4001012080830,千雪,"呵呵
我想说什么来着……",283活动剧情,完録、クエストロメリア！ ～サイコロ編～,Happy Ending Story
283活动剧情\完録、クエストロメリア！ ～サイコロ編～\Happy Ending Story.csv,87,4001012080840,千雪,想说的实在是太多了——,283活动剧情,完録、クエストロメリア！ ～サイコロ編～,Happy Ending Story
283活动剧情\完録、クエストロメリア！ ～サイコロ編～\Happy Ending Story.csv,95,4001012080910,千雪,——……诶？,283活动剧情,完録、クエストロメリア！ ～サイコロ編～,Happy Ending Story
283活动剧情\完録、クエストロメリア！ ～サイコロ編～\Happy Ending Story.csv,98,4001012080940,千雪,"——啊……
……是、是为什么呢……！",283活动剧情,完録、クエストロメリア！ ～サイコロ編～,Happy Ending Story
283活动剧情\完録、クエストロメリア！ ～サイコロ編～\Happy Ending Story.csv,99,4001012080950,千雪,……对不起,283活动剧情,完録、クエストロメリア！ ～サイコロ編～,Happy Ending Story
283活动剧情\完録、クエストロメリア！ ～サイコロ編～\Happy Ending Story.csv,101,4001012080970,千雪,"不是！
……不，不是这样的……！",283活动剧情,完録、クエストロメリア！ ～サイコロ編～,Happy Ending Story
283活动剧情\完録、クエストロメリア！ ～サイコロ編～\Happy Ending Story.csv,102,4001012080980,千雪,"——不知怎么……
会想着，我在“Try”啊……",283活动剧情,完録、クエストロメリア！ ～サイコロ編～,Happy Ending Story
283活动剧情\完録、クエストロメリア！ ～サイコロ編～\Happy Ending Story.csv,103,4001012080990,千雪,……幸福地,283活动剧情,完録、クエストロメリア！ ～サイコロ編～,Happy Ending Story
283活动剧情\完録、クエストロメリア！ ～サイコロ編～\Happy Ending Story.csv,107,4001012081030,千雪,"……不，就是在笑！
眼泪是，怎么说呢……",283活动剧情,完録、クエストロメリア！ ～サイコロ編～,Happy Ending Story
283活动剧情\完録、クエストロメリア！ ～サイコロ編～\Happy Ending Story.csv,108,4001012081040,千雪,笑容的装饰……！,283活动剧情,完録、クエストロメリア！ ～サイコロ編～,Happy Ending Story
283活动剧情\完録、クエストロメリア！ ～サイコロ編～\Happy Ending Story.csv,110,4001012081060,千雪,"呵呵……
……嗯，就是笑容的装饰",283活动剧情,完録、クエストロメリア！ ～サイコロ編～,Happy Ending Story
283活动剧情\完録、クエストロメリア！ ～サイコロ編～\Happy Ending Story.csv,111,4001012081070,千雪,"……呐
真想再敲响一次啊，幸福之钟——",283活动剧情,完録、クエストロメリア！ ～サイコロ編～,Happy Ending Story
283活动剧情\完録、クエストロメリア！ ～サイコロ編～\Happy Ending Story.csv,114,4001012081100,千雪,……呵呵,283活动剧情,完録、クエストロメリア！ ～サイコロ編～,Happy Ending Story
283活动剧情\完録、クエストロメリア！ ～サイコロ編～\Happy Ending Story.csv,117,4001012081130,千雪,……那么，就是最后的任务了呢,283活动剧情,完録、クエストロメリア！ ～サイコロ編～,Happy Ending Story
283活动剧情\完録、クエストロメリア！ ～サイコロ編～\Happy Ending Story.csv,118,4001012081140,千雪,去摘下幸福吧,283活动剧情,完録、クエストロメリア！ ～サイコロ編～,Happy Ending Story
283活动剧情\完録、クエストロメリア！ ～サイコロ編～\Happy Ending Story.csv,122,4001012081180,千雪,"呵呵，毕竟四叶草是
幸福的护身符一类的东西呢",283活动剧情,完録、クエストロメリア！ ～サイコロ編～,Happy Ending Story
283活动剧情\完録、クエストロメリア！ ～サイコロ編～\Happy Ending Story.csv,124,4001012081200,千雪,"哇啊……！
那，这里就是超级超级幸福的花田了吧？",283活动剧情,完録、クエストロメリア！ ～サイコロ編～,Happy Ending Story
283活动剧情\完録、クエストロメリア！ ～サイコロ編～\Happy Ending Story.csv,129,4001012081250,千雪,"呵呵
……不是花，而是“幸福”呢",283活动剧情,完録、クエストロメリア！ ～サイコロ編～,Happy Ending Story
283活动剧情\完録、クエストロメリア！ ～サイコロ編～\Keep／Problem／Try.csv,4,4001012020021,甜花＆千雪,请多多指教！,283活动剧情,完録、クエストロメリア！ ～サイコロ編～,Keep／Problem／Try
283活动剧情\完録、クエストロメリア！ ～サイコロ編～\Keep／Problem／Try.csv,19,4001012020120,千雪,"那么，首先是“Keep”……
来列举“从今以后也继续做比较好的事情”吧？",283活动剧情,完録、クエストロメリア！ ～サイコロ編～,Keep／Problem／Try
283活动剧情\完録、クエストロメリア！ ～サイコロ編～\Keep／Problem／Try.csv,24,4001012020170,千雪,哇啊，确实……！,283活动剧情,完録、クエストロメリア！ ～サイコロ編～,Keep／Problem／Try
283活动剧情\完録、クエストロメリア！ ～サイコロ編～\Keep／Problem／Try.csv,25,0000000000000,千雪,呵呵，,283活动剧情,完録、クエストロメリア！ ～サイコロ編～,Keep／Problem／Try
283活动剧情\完録、クエストロメリア！ ～サイコロ編～\Keep／Problem／Try.csv,29,4001012020200,千雪,,283活动剧情,完録、クエストロメリア！ ～サイコロ編～,Keep／Problem／Try
283活动剧情\完録、クエストロメリア！ ～サイコロ編～\Keep／Problem／Try.csv,33,4001012020230,千雪,嗯——，那个也不错呢……！,283活动剧情,完録、クエストロメリア！ ～サイコロ編～,Keep／Problem／Try
283活动剧情\完録、クエストロメリア！ ～サイコロ編～\Keep／Problem／Try.csv,35,4001012020240,千雪,"就是带有七种颜色的海绵蛋糕
在我们中意的咖啡店里有卖……",283活动剧情,完録、クエストロメリア！ ～サイコロ編～,Keep／Problem／Try
283活动剧情\完録、クエストロメリア！ ～サイコロ編～\Keep／Problem／Try.csv,38,4001012020270,千雪,呵呵，是特别的表扬呢,283活动剧情,完録、クエストロメリア！ ～サイコロ編～,Keep／Problem／Try
283活动剧情\完録、クエストロメリア！ ～サイコロ編～\Keep／Problem／Try.csv,46,4001012020320,千雪,"——对了
关于事务所的冰箱……",283活动剧情,完録、クエストロメリア！ ～サイコロ編～,Keep／Problem／Try
283活动剧情\完録、クエストロメリア！ ～サイコロ編～\Keep／Problem／Try.csv,47,4001012020330,千雪,"如果急急忙忙之类的话
会忘记在自己的食物上写名字吧？",283活动剧情,完録、クエストロメリア！ ～サイコロ編～,Keep／Problem／Try
283活动剧情\完録、クエストロメリア！ ～サイコロ編～\Keep／Problem／Try.csv,52,4001012020380,千雪,"嗯，是这样呢……不小心忘掉的时候也会有的嘛
但是，一定——",283活动剧情,完録、クエストロメリア！ ～サイコロ編～,Keep／Problem／Try
283活动剧情\完録、クエストロメリア！ ～サイコロ編～\Keep／Problem／Try.csv,53,4001012020390,千雪,难道“T”不就是为了那个吗？,283活动剧情,完録、クエストロメリア！ ～サイコロ編～,Keep／Problem／Try
283活动剧情\完録、クエストロメリア！ ～サイコロ編～\Keep／Problem／Try.csv,59,4001012020440,千雪,"那个……
没有写名字的东西，强制移出冰箱之类的",283活动剧情,完録、クエストロメリア！ ～サイコロ編～,Keep／Problem／Try
283活动剧情\完録、クエストロメリア！ ～サイコロ編～\Keep／Problem／Try.csv,61,4001012020460,千雪,"嗯……
但是总感觉，不管是谁都会有一种被骂了的感觉呢……",283活动剧情,完録、クエストロメリア！ ～サイコロ編～,Keep／Problem／Try
283活动剧情\完録、クエストロメリア！ ～サイコロ編～\Keep／Problem／Try.csv,62,4001012020470,千雪,更自然地，像是能让大家自然地想着“写上吧”的办法——,283活动剧情,完録、クエストロメリア！ ～サイコロ編～,Keep／Problem／Try
283活动剧情\完録、クエストロメリア！ ～サイコロ編～\Keep／Problem／Try.csv,64,4001012020481,甜花＆千雪,啊——！,283活动剧情,完録、クエストロメリア！ ～サイコロ編～,Keep／Problem／Try
283活动剧情\完録、クエストロメリア！ ～サイコロ編～\Keep／Problem／Try.csv,69,4001012020500,千雪,呵呵,283活动剧情,完録、クエストロメリア！ ～サイコロ編～,Keep／Problem／Try
283活动剧情\完録、クエストロメリア！ ～サイコロ編～\Keep／Problem／Try.csv,70,4001012020510,千雪,"……但是
这并不是我自己察觉到的“问题”",283活动剧情,完録、クエストロメリア！ ～サイコロ編～,Keep／Problem／Try
283活动剧情\完録、クエストロメリア！ ～サイコロ編～\Keep／Problem／Try.csv,71,4001012020520,千雪,"在这之前，羽月小姐十分困扰地说了……
已经过了保质期的东西，就继续那样放在冰箱里",283活动剧情,完録、クエストロメリア！ ～サイコロ編～,Keep／Problem／Try
283活动剧情\完録、クエストロメリア！ ～サイコロ編～\Keep／Problem／Try.csv,72,4001012020530,千雪,"然后，我就想道，
无论怎样都绝对不可以对在背后支撑我们的工作的人撒娇……",283活动剧情,完録、クエストロメリア！ ～サイコロ編～,Keep／Problem／Try
283活动剧情\完録、クエストロメリア！ ～サイコロ編～\Keep／Problem／Try.csv,75,4001012020560,千雪,"……什么的，总感觉好像在说教一样，真是抱歉……！
只是自己觉得是这样啊……而已",283活动剧情,完録、クエストロメリア！ ～サイコロ編～,Keep／Problem／Try
283活动剧情\完録、クエストロメリア！ ～サイコロ編～\Keep／Problem／Try.csv,79,4001012020600,千雪,你们两个……,283活动剧情,完録、クエストロメリア！ ～サイコロ編～,Keep／Problem／Try
283活动剧情\完録、クエストロメリア！ ～サイコロ編～\Keep／Problem／Try.csv,80,4001012020610,千雪,"呵呵
……嗯",283活动剧情,完録、クエストロメリア！ ～サイコロ編～,Keep／Problem／Try
283活动剧情\完録、クエストロメリア！ ～サイコロ編～\Keep／Problem／Try.csv,88,4001012020650,千雪,这、“这个”是……莫非……,283活动剧情,完録、クエストロメリア！ ～サイコロ編～,Keep／Problem／Try
283活动剧情\完録、クエストロメリア！ ～サイコロ編～\Keep／Problem／Try.csv,91,4001012020670,千雪,…………那个啊，超——级苦的——,283活动剧情,完録、クエストロメリア！ ～サイコロ編～,Keep／Problem／Try
283活动剧情\完録、クエストロメリア！ ～サイコロ編～\Keep／Problem／Try.csv,98,4001012020720,千雪,……嗯……呜呜～……,283活动剧情,完録、クエストロメリア！ ～サイコロ編～,Keep／Problem／Try
283活动剧情\完録、クエストロメリア！ ～サイコロ編～\Keep／Problem／Try.csv,99,0000000000000,千雪,这个……呜……不擅长……！,283活动剧情,完録、クエストロメリア！ ～サイコロ編～,Keep／Problem／Try
283活动剧情\完録、クエストロメリア！ ～サイコロ編～\Keep／Problem／Try.csv,103,4001012020760,千雪,啊，甘奈，不要勉强——,283活动剧情,完録、クエストロメリア！ ～サイコロ編～,Keep／Problem／Try
283活动剧情\完録、クエストロメリア！ ～サイコロ編～\Keep／Problem／Try.csv,106,4001012020780,千雪,嗯……！,283活动剧情,完録、クエストロメリア！ ～サイコロ編～,Keep／Problem／Try
283活动剧情\完録、クエストロメリア！ ～サイコロ編～\『プロブレム』.csv,4,4001012060020,千雪,"两种汤和豆子沙拉、
松饼……——",283活动剧情,完録、クエストロメリア！ ～サイコロ編～,『プロブレム』
283活动剧情\完録、クエストロメリア！ ～サイコロ編～\『プロブレム』.csv,7,4001012060050,千雪,嗯♪,283活动剧情,完録、クエストロメリア！ ～サイコロ編～,『プロブレム』
283活动剧情\完録、クエストロメリア！ ～サイコロ編～\『プロブレム』.csv,11,4001012060071,甘奈＆千雪,诶……！,283活动剧情,完録、クエストロメリア！ ～サイコロ編～,『プロブレム』
283活动剧情\完録、クエストロメリア！ ～サイコロ編～\『プロブレム』.csv,13,4001012060080,千雪,"甜花，这里还有黄油甜馅饼！
那个啊，作为点心——",283活动剧情,完録、クエストロメリア！ ～サイコロ編～,『プロブレム』
283活动剧情\完録、クエストロメリア！ ～サイコロ編～\『プロブレム』.csv,16,4001012060110,千雪,"哇啊，真的……！
来到了挺深的山里呢……",283活动剧情,完録、クエストロメリア！ ～サイコロ編～,『プロブレム』
283活动剧情\完録、クエストロメリア！ ～サイコロ編～\『プロブレム』.csv,21,4001012060160,千雪,"得在变成那样之前吃掉呢……！
——打开吧！",283活动剧情,完録、クエストロメリア！ ～サイコロ編～,『プロブレム』
283活动剧情\完録、クエストロメリア！ ～サイコロ編～\『プロブレム』.csv,27,4001012060200,千雪,"好像再走一会儿就有了
一定是在那里拍下照片就能完成任务了",283活动剧情,完録、クエストロメリア！ ～サイコロ編～,『プロブレム』
283活动剧情\完録、クエストロメリア！ ～サイコロ編～\『プロブレム』.csv,32,4001012060221,甜花＆千雪,嗯！,283活动剧情,完録、クエストロメリア！ ～サイコロ編～,『プロブレム』
283活动剧情\完録、クエストロメリア！ ～サイコロ編～\『プロブレム』.csv,36,4001012060260,千雪,"……真的
这里，没有铺路呢",283活动剧情,完録、クエストロメリア！ ～サイコロ編～,『プロブレム』
283活动剧情\完録、クエストロメリア！ ～サイコロ編～\『プロブレム』.csv,41,4001012060290,千雪,"我们也要小心呢
只有我拿着一份台本就行了……",283活动剧情,完録、クエストロメリア！ ～サイコロ編～,『プロブレム』
283活动剧情\完録、クエストロメリア！ ～サイコロ編～\『プロブレム』.csv,47,4001012060350,千雪,诶？,283活动剧情,完録、クエストロメリア！ ～サイコロ編～,『プロブレム』
283活动剧情\完録、クエストロメリア！ ～サイコロ編～\『プロブレム』.csv,64,4001012060490,千雪,啊，甜花——！,283活动剧情,完録、クエストロメリア！ ～サイコロ編～,『プロブレム』
283活动剧情\完録、クエストロメリア！ ～サイコロ編～\『プロブレム』.csv,68,4001012060530,千雪,甘奈……！,283活动剧情,完録、クエストロメリア！ ～サイコロ編～,『プロブレム』
283活动剧情\完録、クエストロメリア！ ～サイコロ編～\『プロブレム』.csv,71,4001012060560,千雪,——你们两个，没受伤吧？,283活动剧情,完録、クエストロメリア！ ～サイコロ編～,『プロブレム』
283活动剧情\完録、クエストロメリア！ ～サイコロ編～\『プロブレム』.csv,74,4001012060590,千雪,"不，不是衣服的事情
甘奈，受伤了吗？",283活动剧情,完録、クエストロメリア！ ～サイコロ編～,『プロブレム』
283活动剧情\完録、クエストロメリア！ ～サイコロ編～\『プロブレム』.csv,76,4001012060610,千雪,"…………
……这样啊。好像没有伤口",283活动剧情,完録、クエストロメリア！ ～サイコロ編～,『プロブレム』
283活动剧情\完録、クエストロメリア！ ～サイコロ編～\『プロブレム』.csv,78,4001012060620,千雪,制作人……！,283活动剧情,完録、クエストロメリア！ ～サイコロ編～,『プロブレム』
283活动剧情\完録、クエストロメリア！ ～サイコロ編～\『プロブレム』.csv,91,4001012060680,千雪,"——那、那个……
我也会帮忙的……怎么也没办法吗",283活动剧情,完録、クエストロメリア！ ～サイコロ編～,『プロブレム』
283活动剧情\完録、クエストロメリア！ ～サイコロ編～\『プロブレム』.csv,93,4001012060690,千雪,监督先生……,283活动剧情,完録、クエストロメリア！ ～サイコロ編～,『プロブレム』
283活动剧情\完録、クエストロメリア！ ～サイコロ編～\『プロブレム』.csv,100,4001012060720,千雪,"甘奈……
这里就交给我们……！好吗？",283活动剧情,完録、クエストロメリア！ ～サイコロ編～,『プロブレム』
283活动剧情\完録、クエストロメリア！ ～サイコロ編～\『プロブレム』.csv,108,4001012060780,千雪,不、不会……——！,283活动剧情,完録、クエストロメリア！ ～サイコロ編～,『プロブレム』
283活动剧情\完録、クエストロメリア！ ～サイコロ編～\『プロブレム』.csv,112,4001012060801,甘奈＆千雪,甘奈的错——,283活动剧情,完録、クエストロメリア！ ～サイコロ編～,『プロブレム』
283活动剧情\完録、クエストロメリア！ ～サイコロ編～\『プロブレム』.csv,114,4001012060820,千雪,"……不是甘奈的错哦？甘奈
——摆出那样的表情",283活动剧情,完録、クエストロメリア！ ～サイコロ編～,『プロブレム』
283活动剧情\完録、クエストロメリア！ ～サイコロ編～\『プロブレム』.csv,120,4001012060880,千雪,"……要那样说的话，我也有错啊
想了很多很多……但是都徒劳无功了……",283活动剧情,完録、クエストロメリア！ ～サイコロ編～,『プロブレム』
283活动剧情\完録、クエストロメリア！ ～サイコロ編～\『プロブレム』.csv,121,4001012060890,千雪,"——不，不行不行。不是的
并不是想要说出是谁的错的意思……",283活动剧情,完録、クエストロメリア！ ～サイコロ編～,『プロブレム』
283活动剧情\完録、クエストロメリア！ ～サイコロ編～\『プロブレム』.csv,128,4001012060950,千雪,"……！
甜花……",283活动剧情,完録、クエストロメリア！ ～サイコロ編～,『プロブレム』
283活动剧情\完録、クエストロメリア！ ～サイコロ編～\『プロブレム』.csv,130,4001012060970,千雪,"是呢……！
即使继续这样下去，也只是在让时间白白流逝而已嘛",283活动剧情,完録、クエストロメリア！ ～サイコロ編～,『プロブレム』
283活动剧情\完録、クエストロメリア！ ～サイコロ編～\『プロブレム』.csv,131,4001012060980,千雪,……一起想想吧、“尝试”,283活动剧情,完録、クエストロメリア！ ～サイコロ編～,『プロブレム』
283活动剧情\完録、クエストロメリア！ ～サイコロ編～\にっこりまで.csv,7,4001012070051,甜花＆千雪,！…………,283活动剧情,完録、クエストロメリア！ ～サイコロ編～,にっこりまで
283活动剧情\完録、クエストロメリア！ ～サイコロ編～\にっこりまで.csv,8,4001012070060,千雪,"这样的话……我的“问题”是——
应该更加更加享受地拍摄展望台时的照片",283活动剧情,完録、クエストロメリア！ ～サイコロ編～,にっこりまで
283活动剧情\完録、クエストロメリア！ ～サイコロ編～\にっこりまで.csv,11,4001012070090,千雪,是呢,283活动剧情,完録、クエストロメリア！ ～サイコロ編～,にっこりまで
283活动剧情\完録、クエストロメリア！ ～サイコロ編～\にっこりまで.csv,12,4001012070100,千雪,"明明说了请交给我，但并没能做到100%地与之相应……
然后，就被拖着走了",283活动剧情,完録、クエストロメリア！ ～サイコロ編～,にっこりまで
283活动剧情\完録、クエストロメリア！ ～サイコロ編～\にっこりまで.csv,13,4001012070110,千雪,……我也是这样。对不起,283活动剧情,完録、クエストロメリア！ ～サイコロ編～,にっこりまで
283活动剧情\完録、クエストロメリア！ ～サイコロ編～\にっこりまで.csv,16,4001012070140,千雪,……我已经，把“尝试”也决定好了哦,283活动剧情,完録、クエストロメリア！ ～サイコロ編～,にっこりまで
283活动剧情\完録、クエストロメリア！ ～サイコロ編～\にっこりまで.csv,19,4001012070170,千雪,……是啊,283活动剧情,完録、クエストロメリア！ ～サイコロ編～,にっこりまで
283活动剧情\完録、クエストロメリア！ ～サイコロ編～\にっこりまで.csv,20,4001012070180,千雪,……那——……,283活动剧情,完録、クエストロメリア！ ～サイコロ編～,にっこりまで
283活动剧情\完録、クエストロメリア！ ～サイコロ編～\にっこりまで.csv,21,4001012070190,千雪,"经过那个信号灯之后，
就尽情成为动物如何？",283活动剧情,完録、クエストロメリア！ ～サイコロ編～,にっこりまで
283活动剧情\完録、クエストロメリア！ ～サイコロ編～\にっこりまで.csv,23,4001012070200,千雪,"模仿喜欢的动物的叫声10秒！
不用害羞，尽情地模仿哦？",283活动剧情,完録、クエストロメリア！ ～サイコロ編～,にっこりまで
283活动剧情\完録、クエストロメリア！ ～サイコロ編～\にっこりまで.csv,26,4001012070230,千雪,……,283活动剧情,完録、クエストロメリア！ ～サイコロ編～,にっこりまで
283活动剧情\完録、クエストロメリア！ ～サイコロ編～\にっこりまで.csv,27,4001012070240,千雪,"——看，信号灯，已经要到了哦……！
三——，二——……",283活动剧情,完録、クエストロメリア！ ～サイコロ編～,にっこりまで
283活动剧情\完録、クエストロメリア！ ～サイコロ編～\にっこりまで.csv,30,4001012070270,千雪,——一,283活动剧情,完録、クエストロメリア！ ～サイコロ編～,にっこりまで
283活动剧情\完録、クエストロメリア！ ～サイコロ編～\にっこりまで.csv,32,4001012070290,千雪,"呵呵……！
汪汪，汪",283活动剧情,完録、クエストロメリア！ ～サイコロ編～,にっこりまで
283活动剧情\完録、クエストロメリア！ ～サイコロ編～\にっこりまで.csv,35,4001012070320,千雪,汪、汪——！,283活动剧情,完録、クエストロメリア！ ～サイコロ編～,にっこりまで
283活动剧情\完録、クエストロメリア！ ～サイコロ編～\にっこりまで.csv,37,4001012070340,千雪,"诶？
熊猫，有这么恐怖吗",283活动剧情,完録、クエストロメリア！ ～サイコロ編～,にっこりまで
283活动剧情\完録、クエストロメリア！ ～サイコロ編～\にっこりまで.csv,40,4001012070370,千雪,呵呵……！,283活动剧情,完録、クエストロメリア！ ～サイコロ編～,にっこりまで
283活动剧情\完録、クエストロメリア！ ～サイコロ編～\にっこりまで.csv,54,4001012070500,千雪,我也是,283活动剧情,完録、クエストロメリア！ ～サイコロ編～,にっこりまで
283活动剧情\完録、クエストロメリア！ ～サイコロ編～\にっこりまで.csv,57,4001012070521,甜花＆千雪,……,283活动剧情,完録、クエストロメリア！ ～サイコロ編～,にっこりまで
283活动剧情\完録、クエストロメリア！ ～サイコロ編～\ふたりとひとりの夜.csv,3,4001012040010,千雪,"稚鲇……！
放在天妇罗上面呢……！",283活动剧情,完録、クエストロメリア！ ～サイコロ編～,ふたりとひとりの夜
283活动剧情\完録、クエストロメリア！ ～サイコロ編～\ふたりとひとりの夜.csv,4,4001012040020,千雪,……哇，好香……！,283活动剧情,完録、クエストロメリア！ ～サイコロ編～,ふたりとひとりの夜
283活动剧情\完録、クエストロメリア！ ～サイコロ編～\ふたりとひとりの夜.csv,5,0000000000000,千雪,——嗯……！好好吃……！,283活动剧情,完録、クエストロメリア！ ～サイコロ編～,ふたりとひとりの夜
283活动剧情\完録、クエストロメリア！ ～サイコロ編～\ふたりとひとりの夜.csv,9,4001012040050,千雪,好吃吗？,283活动剧情,完録、クエストロメリア！ ～サイコロ編～,ふたりとひとりの夜
283活动剧情\完録、クエストロメリア！ ～サイコロ編～\ふたりとひとりの夜.csv,11,4001012040070,千雪,这样啊,283活动剧情,完録、クエストロメリア！ ～サイコロ編～,ふたりとひとりの夜
283活动剧情\完録、クエストロメリア！ ～サイコロ編～\ふたりとひとりの夜.csv,14,4001012040090,千雪,"请等一等，只有鲇鱼……！
只有这个，我想好好品尝着吃完……！",283活动剧情,完録、クエストロメリア！ ～サイコロ編～,ふたりとひとりの夜
283活动剧情\完録、クエストロメリア！ ～サイコロ編～\ふたりとひとりの夜.csv,16,4001012040091,甘奈＆千雪,啊——嗯……！,283活动剧情,完録、クエストロメリア！ ～サイコロ編～,ふたりとひとりの夜
283活动剧情\完録、クエストロメリア！ ～サイコロ編～\ふたりとひとりの夜.csv,21,4001012040110,千雪,是要和甘奈战斗的意思吧……！？,283活动剧情,完録、クエストロメリア！ ～サイコロ編～,ふたりとひとりの夜
283活动剧情\完録、クエストロメリア！ ～サイコロ編～\ふたりとひとりの夜.csv,23,4001012040130,千雪,堂堂正正地加油吧……！,283活动剧情,完録、クエストロメリア！ ～サイコロ編～,ふたりとひとりの夜
283活动剧情\完録、クエストロメリア！ ～サイコロ編～\ふたりとひとりの夜.csv,28,4001012040160,千雪,"……甘奈，好像很厉害
那个……“好”在什么地方？",283活动剧情,完録、クエストロメリア！ ～サイコロ編～,ふたりとひとりの夜
283活动剧情\完録、クエストロメリア！ ～サイコロ編～\ふたりとひとりの夜.csv,30,4001012040180,千雪,"真是的，甘奈……！
鳗鱼的什么地方好呢？",283活动剧情,完録、クエストロメリア！ ～サイコロ編～,ふたりとひとりの夜
283活动剧情\完録、クエストロメリア！ ～サイコロ編～\ふたりとひとりの夜.csv,33,4001012040210,千雪,"呵呵，那是什么啊……！
现在看不见面部的吧",283活动剧情,完録、クエストロメリア！ ～サイコロ編～,ふたりとひとりの夜
283活动剧情\完録、クエストロメリア！ ～サイコロ編～\ふたりとひとりの夜.csv,36,4001012040230,千雪,"甘奈很强嘛……！
好不甘心～",283活动剧情,完録、クエストロメリア！ ～サイコロ編～,ふたりとひとりの夜
283活动剧情\完録、クエストロメリア！ ～サイコロ編～\ふたりとひとりの夜.csv,38,4001012040250,千雪,“柔软”,283活动剧情,完録、クエストロメリア！ ～サイコロ編～,ふたりとひとりの夜
283活动剧情\完録、クエストロメリア！ ～サイコロ編～\ふたりとひとりの夜.csv,40,4001012040270,千雪,"诶～……！
更加不甘心了啊～……！",283活动剧情,完録、クエストロメリア！ ～サイコロ編～,ふたりとひとりの夜
283活动剧情\完録、クエストロメリア！ ～サイコロ編～\ふたりとひとりの夜.csv,42,4001012040280,千雪,"我开动了
……嗯，好棒的汤汁♪",283活动剧情,完録、クエストロメリア！ ～サイコロ編～,ふたりとひとりの夜
283活动剧情\完録、クエストロメリア！ ～サイコロ編～\ふたりとひとりの夜.csv,44,4001012040300,千雪,"诶，什么什么！？
我明明还什么都没说！",283活动剧情,完録、クエストロメリア！ ～サイコロ編～,ふたりとひとりの夜
283活动剧情\完録、クエストロメリア！ ～サイコロ編～\ふたりとひとりの夜.csv,46,4001012040320,千雪,"诶诶～！
……因为，汤汁真的很棒嘛……！",283活动剧情,完録、クエストロメリア！ ～サイコロ編～,ふたりとひとりの夜
283活动剧情\完録、クエストロメリア！ ～サイコロ編～\ふたりとひとりの夜.csv,48,4001012040330,千雪,诶～……,283活动剧情,完録、クエストロメリア！ ～サイコロ編～,ふたりとひとりの夜
283活动剧情\完録、クエストロメリア！ ～サイコロ編～\ふたりとひとりの夜.csv,57,4001012040390,千雪,"不会
甘奈觉得好吃的话，就太好了",283活动剧情,完録、クエストロメリア！ ～サイコロ編～,ふたりとひとりの夜
283活动剧情\完録、クエストロメリア！ ～サイコロ編～\ふたりとひとりの夜.csv,58,4001012040400,千雪,——是一场精彩的比拼呢！,283活动剧情,完録、クエストロメリア！ ～サイコロ編～,ふたりとひとりの夜
283活动剧情\完録、クエストロメリア！ ～サイコロ編～\ふたりとひとりの夜.csv,85,4001012040661,甘奈＆千雪,甜花——，晚上好——！,283活动剧情,完録、クエストロメリア！ ～サイコロ編～,ふたりとひとりの夜
283活动剧情\完録、クエストロメリア！ ～サイコロ編～\サイコロツアー、スタート！.csv,3,4001012010010,千雪,早上好,283活动剧情,完録、クエストロメリア！ ～サイコロ編～,サイコロツアー、スタート！
283活动剧情\完録、クエストロメリア！ ～サイコロ編～\サイコロツアー、スタート！.csv,6,4001012010040,千雪,"我们从现在开始要进行两日一夜的旅行
天气晴朗真是太好了呢，甘奈，甜花",283活动剧情,完録、クエストロメリア！ ～サイコロ編～,サイコロツアー、スタート！
283活动剧情\完録、クエストロメリア！ ～サイコロ編～\サイコロツアー、スタート！.csv,14,4001012010090,千雪,"会去到哪里呢……！
像这样地，变得心跳不已了……！",283活动剧情,完録、クエストロメリア！ ～サイコロ編～,サイコロツアー、スタート！
283活动剧情\完録、クエストロメリア！ ～サイコロ編～\サイコロツアー、スタート！.csv,21,4001012010140,千雪,呵呵，我很期待去看看呢,283活动剧情,完録、クエストロメリア！ ～サイコロ編～,サイコロツアー、スタート！
283活动剧情\完録、クエストロメリア！ ～サイコロ編～\サイコロツアー、スタート！.csv,28,4001012010170,千雪,——说起来你们两个，昨天睡得好吗？,283活动剧情,完録、クエストロメリア！ ～サイコロ編～,サイコロツアー、スタート！
283活动剧情\完録、クエストロメリア！ ～サイコロ編～\サイコロツアー、スタート！.csv,30,4001012010180,千雪,……莫非……熬夜了？,283活动剧情,完録、クエストロメリア！ ～サイコロ編～,サイコロツアー、スタート！
283活动剧情\完録、クエストロメリア！ ～サイコロ編～\サイコロツアー、スタート！.csv,35,4001012010230,千雪,"呵呵，是这样啊
你们两个，做了充分的准备呢",283活动剧情,完録、クエストロメリア！ ～サイコロ編～,サイコロツアー、スタート！
283活动剧情\完録、クエストロメリア！ ～サイコロ編～\サイコロツアー、スタート！.csv,36,4001012010240,千雪,这样的话，如果把骰子交给甘奈和甜花来投，说不定会出现很多好点数……！,283活动剧情,完録、クエストロメリア！ ～サイコロ編～,サイコロツアー、スタート！
283活动剧情\完録、クエストロメリア！ ～サイコロ編～\サイコロツアー、スタート！.csv,48,4001012010350,千雪,化妆水？,283活动剧情,完録、クエストロメリア！ ～サイコロ編～,サイコロツアー、スタート！
283活动剧情\完録、クエストロメリア！ ～サイコロ編～\サイコロツアー、スタート！.csv,56,4001012010420,千雪,不够的话，我也有哦？,283活动剧情,完録、クエストロメリア！ ～サイコロ編～,サイコロツアー、スタート！
283活动剧情\完録、クエストロメリア！ ～サイコロ編～\サイコロツアー、スタート！.csv,60,4001012010460,千雪,诶，没有那种事……！,283活动剧情,完録、クエストロメリア！ ～サイコロ編～,サイコロツアー、スタート！
283活动剧情\完録、クエストロメリア！ ～サイコロ編～\サイコロツアー、スタート！.csv,62,4001012010480,千雪,"不会
真的没有那种事啦……！",283活动剧情,完録、クエストロメリア！ ～サイコロ編～,サイコロツアー、スタート！
283活动剧情\完録、クエストロメリア！ ～サイコロ編～\サイコロツアー、スタート！.csv,64,4001012010490,千雪,"这款化妆水啊，
虽然是纯粹由草药制成的……",283活动剧情,完録、クエストロメリア！ ～サイコロ編～,サイコロツアー、スタート！
283活动剧情\完録、クエストロメリア！ ～サイコロ編～\サイコロツアー、スタート！.csv,68,4001012010530,千雪,"哇……！
甜花，好棒的描述……！",283活动剧情,完録、クエストロメリア！ ～サイコロ編～,サイコロツアー、スタート！
283活动剧情\完録、クエストロメリア！ ～サイコロ編～\サイコロツアー、スタート！.csv,75,4001012010570,千雪,哇，超可爱！,283活动剧情,完録、クエストロメリア！ ～サイコロ編～,サイコロツアー、スタート！
283活动剧情\完録、クエストロメリア！ ～サイコロ編～\サイコロツアー、スタート！.csv,83,4001012010590,千雪,抱歉，完全没有注意到……！,283活动剧情,完録、クエストロメリア！ ～サイコロ編～,サイコロツアー、スタート！
283活动剧情\完録、クエストロメリア！ ～サイコロ編～\サイコロツアー、スタート！.csv,96,4001012010690,千雪,“这里是利用废弃校舍建成的留宿设施”,283活动剧情,完録、クエストロメリア！ ～サイコロ編～,サイコロツアー、スタート！
283活动剧情\完録、クエストロメリア！ ～サイコロ編～\サイコロツアー、スタート！.csv,97,4001012010700,千雪,"“观光、合宿和娱乐等
可用于形形色色的用途”——这么说！",283活动剧情,完録、クエストロメリア！ ～サイコロ編～,サイコロツアー、スタート！
283活动剧情\完録、クエストロメリア！ ～サイコロ編～\サイコロツアー、スタート！.csv,104,4001012010750,千雪,"那么……
一——二——",283活动剧情,完録、クエストロメリア！ ～サイコロ編～,サイコロツアー、スタート！
283活动剧情\完録、クエストロメリア！ ～サイコロ編～\サイコロツアー、スタート！.csv,105,4001012010760,千雪,"这回的点数是1呢
1是——",283活动剧情,完録、クエストロメリア！ ～サイコロ編～,サイコロツアー、スタート！
283活动剧情\完録、クエストロメリア！ ～サイコロ編～\サイコロツアー、スタート！.csv,107,4001012010770,千雪,哇，稍微有点怀念……！,283活动剧情,完録、クエストロメリア！ ～サイコロ編～,サイコロツアー、スタート！
283活动剧情\完録、クエストロメリア！ ～サイコロ編～\サイコロツアー、スタート！.csv,112,4001012010810,千雪,"呵呵
座位，坐成三角形吧？",283活动剧情,完録、クエストロメリア！ ～サイコロ編～,サイコロツアー、スタート！
283活动剧情\完録、クエストロメリア！ ～サイコロ編～\大人じゃないんだもん.csv,7,4001012050050,千雪,呵呵……,283活动剧情,完録、クエストロメリア！ ～サイコロ編～,大人じゃないんだもん
283活动剧情\完録、クエストロメリア！ ～サイコロ編～\大人じゃないんだもん.csv,10,4001012050080,千雪,——那么你们两位——！也拜托看向摄像头一下——,283活动剧情,完録、クエストロメリア！ ～サイコロ編～,大人じゃないんだもん
283活动剧情\完録、クエストロメリア！ ～サイコロ編～\大人じゃないんだもん.csv,12,4001012050100,千雪,"……嗯
从仰角拍摄的淘气照片♪",283活动剧情,完録、クエストロメリア！ ～サイコロ編～,大人じゃないんだもん
283活动剧情\完録、クエストロメリア！ ～サイコロ編～\大人じゃないんだもん.csv,14,4001012050110,千雪,"……制作人
是的。十分享受",283活动剧情,完録、クエストロメリア！ ～サイコロ編～,大人じゃないんだもん
283活动剧情\完録、クエストロメリア！ ～サイコロ編～\大人じゃないんだもん.csv,19,4001012050140,千雪,是制作人……吗？,283活动剧情,完録、クエストロメリア！ ～サイコロ編～,大人じゃないんだもん
283活动剧情\完録、クエストロメリア！ ～サイコロ編～\大人じゃないんだもん.csv,22,4001012050150,千雪,"呵呵，那种地方……
非常辛苦哦？",283活动剧情,完録、クエストロメリア！ ～サイコロ編～,大人じゃないんだもん
283活动剧情\完録、クエストロメリア！ ～サイコロ編～\大人じゃないんだもん.csv,25,4001012050160,千雪,……那个是——,283活动剧情,完録、クエストロメリア！ ～サイコロ編～,大人じゃないんだもん
283活动剧情\完録、クエストロメリア！ ～サイコロ編～\大人じゃないんだもん.csv,28,4001012050190,千雪,"——啊，非常抱歉！
等等等等……",283活动剧情,完録、クエストロメリア！ ～サイコロ編～,大人じゃないんだもん
283活动剧情\完録、クエストロメリア！ ～サイコロ編～\大人じゃないんだもん.csv,30,4001012050210,千雪,诶——！,283活动剧情,完録、クエストロメリア！ ～サイコロ編～,大人じゃないんだもん
283活动剧情\完録、クエストロメリア！ ～サイコロ編～\大人じゃないんだもん.csv,33,4001012050240,千雪,——呵呵呵,283活动剧情,完録、クエストロメリア！ ～サイコロ編～,大人じゃないんだもん
283活动剧情\完録、クエストロメリア！ ～サイコロ編～\大人じゃないんだもん.csv,34,0000000000000,千雪,万岁，好可爱……！,283活动剧情,完録、クエストロメリア！ ～サイコロ編～,大人じゃないんだもん
283活动剧情\完録、クエストロメリア！ ～サイコロ編～\大人じゃないんだもん.csv,36,4001012050260,千雪,嗯。很完美哦,283活动剧情,完録、クエストロメリア！ ～サイコロ編～,大人じゃないんだもん
283活动剧情\完録、クエストロメリア！ ～サイコロ編～\大人じゃないんだもん.csv,39,4001012050290,千雪,"甘奈也欢迎回来
——是在说很好的事哦",283活动剧情,完録、クエストロメリア！ ～サイコロ編～,大人じゃないんだもん
283活动剧情\完録、クエストロメリア！ ～サイコロ編～\大人じゃないんだもん.csv,40,4001012050300,千雪,"那个啊，制作人说了
我们，好好努力了",283活动剧情,完録、クエストロメリア！ ～サイコロ編～,大人じゃないんだもん
283活动剧情\完録、クエストロメリア！ ～サイコロ編～\大人じゃないんだもん.csv,49,4001012050370,千雪,"嗯……
正是如此呢……！",283活动剧情,完録、クエストロメリア！ ～サイコロ編～,大人じゃないんだもん
283活动剧情\完録、クエストロメリア！ ～サイコロ編～\大人じゃないんだもん.csv,56,4001012050440,千雪,"……呵呵，嗯
只是留下了字条，咻——地就出来了",283活动剧情,完録、クエストロメリア！ ～サイコロ編～,大人じゃないんだもん
283活动剧情\完録、クエストロメリア！ ～サイコロ編～\大人じゃないんだもん.csv,57,4001012050450,千雪,"但是，因为我硬是拜托你带路……
对制作人、撒娇了",283活动剧情,完録、クエストロメリア！ ～サイコロ編～,大人じゃないんだもん
283活动剧情\完録、クエストロメリア！ ～サイコロ編～\大人じゃないんだもん.csv,63,4001012050480,千雪,"是
……但是，十分感谢",283活动剧情,完録、クエストロメリア！ ～サイコロ編～,大人じゃないんだもん
283活动剧情\完録、クエストロメリア！ ～サイコロ編～\大人じゃないんだもん.csv,64,4001012050490,千雪,……甘奈，甜花,283活动剧情,完録、クエストロメリア！ ～サイコロ編～,大人じゃないんだもん
283活动剧情\完録、クエストロメリア！ ～サイコロ編～\大人じゃないんだもん.csv,65,4001012050500,千雪,"虽然“撒娇是不行的”，
“尽管撒娇吧”的时候也是有的",283活动剧情,完録、クエストロメリア！ ～サイコロ編～,大人じゃないんだもん
283活动剧情\完録、クエストロメリア！ ～サイコロ編～\大人じゃないんだもん.csv,67,4001012050520,千雪,"嗯
如果加油了的话，时不时地会来的日子",283活动剧情,完録、クエストロメリア！ ～サイコロ編～,大人じゃないんだもん
283活动剧情\完録、クエストロメリア！ ～サイコロ編～\大人じゃないんだもん.csv,68,4001012050530,千雪,"今天一定，是这样的
所以……",283活动剧情,完録、クエストロメリア！ ～サイコロ編～,大人じゃないんだもん
283活动剧情\完録、クエストロメリア！ ～サイコロ編～\大人じゃないんだもん.csv,69,4001012050540,千雪,明天也，加油吧,283活动剧情,完録、クエストロメリア！ ～サイコロ編～,大人じゃないんだもん
283活动剧情\完録、クエストロメリア！ ～サイコロ編～\大人じゃないんだもん.csv,74,4001012050590,千雪,诶……？,283活动剧情,完録、クエストロメリア！ ～サイコロ編～,大人じゃないんだもん
283活动剧情\完録、クエストロメリア！ ～サイコロ編～\大人じゃないんだもん.csv,77,4001012050620,千雪,我……？,283活动剧情,完録、クエストロメリア！ ～サイコロ編～,大人じゃないんだもん
283活动剧情\完録、クエストロメリア！ ～サイコロ編～\大人じゃないんだもん.csv,78,4001012050630,千雪,那是……我不明白啊,283活动剧情,完録、クエストロメリア！ ～サイコロ編～,大人じゃないんだもん
283活动剧情\完録、クエストロメリア！ ～サイコロ編～\大人じゃないんだもん.csv,80,4001012050650,千雪,——我，又不是大人,283活动剧情,完録、クエストロメリア！ ～サイコロ編～,大人じゃないんだもん
283活动剧情\完録、クエストロメリア！ ～サイコロ編～\大人じゃないんだもん.csv,82,4001012050670,千雪,……呵呵,283活动剧情,完録、クエストロメリア！ ～サイコロ編～,大人じゃないんだもん
283活动剧情\完録、クエストロメリア！ ～サイコロ編～\大人じゃないんだもん.csv,83,4001012050680,千雪,我，完全不成熟嘛……！,283活动剧情,完録、クエストロメリア！ ～サイコロ編～,大人じゃないんだもん
283活动剧情\完録、クエストロメリア！ ～サイコロ編～\大人じゃないんだもん.csv,87,4001012050710,千雪,——呀～！,283活动剧情,完録、クエストロメリア！ ～サイコロ編～,大人じゃないんだもん
283活动剧情\完録、クエストロメリア！ ～サイコロ編～\大人じゃないんだもん.csv,94,4001012050760,千雪,呵呵，快点～,283活动剧情,完録、クエストロメリア！ ～サイコロ編～,大人じゃないんだもん
283活动剧情\完録、クエストロメリア！ ～サイコロ編～\甜花は大丈夫.csv,3,4001012030020,千雪,不要担心，用我的吧,283活动剧情,完録、クエストロメリア！ ～サイコロ編～,甜花は大丈夫
283活动剧情\完録、クエストロメリア！ ～サイコロ編～\甜花は大丈夫.csv,6,4001012030050,千雪,……果然很担心？,283活动剧情,完録、クエストロメリア！ ～サイコロ編～,甜花は大丈夫
283活动剧情\完録、クエストロメリア！ ～サイコロ編～\甜花は大丈夫.csv,14,4001012030110,千雪,……嗯,283活动剧情,完録、クエストロメリア！ ～サイコロ編～,甜花は大丈夫
283活动剧情\完録、クエストロメリア！ ～サイコロ編～\甜花は大丈夫.csv,16,4001012030130,千雪,……嗯,283活动剧情,完録、クエストロメリア！ ～サイコロ編～,甜花は大丈夫
283活动剧情\完録、クエストロメリア！ ～サイコロ編～\甜花は大丈夫.csv,19,4001012030160,千雪,……,283活动剧情,完録、クエストロメリア！ ～サイコロ編～,甜花は大丈夫
283活动剧情\完録、クエストロメリア！ ～サイコロ編～\甜花は大丈夫.csv,20,4001012030170,千雪,"……甜花，毕竟也来做这个工作了嘛
甘奈也是，我也是",283活动剧情,完録、クエストロメリア！ ～サイコロ編～,甜花は大丈夫
283活动剧情\完録、クエストロメリア！ ～サイコロ編～\甜花は大丈夫.csv,26,4001012030230,千雪,呵呵，这样啊……,283活动剧情,完録、クエストロメリア！ ～サイコロ編～,甜花は大丈夫
283活动剧情\完録、クエストロメリア！ ～サイコロ編～\甜花は大丈夫.csv,27,4001012030240,千雪,"我也是，很寂寞哦
所以如果也能转交些什么就好了",283活动剧情,完録、クエストロメリア！ ～サイコロ編～,甜花は大丈夫
283活动剧情\完録、クエストロメリア！ ～サイコロ編～\甜花は大丈夫.csv,29,4001012030260,千雪,……得相信甜花才行,283活动剧情,完録、クエストロメリア！ ～サイコロ編～,甜花は大丈夫
283活动剧情\完録、クエストロメリア！ ～サイコロ編～\甜花は大丈夫.csv,30,4001012030270,千雪,"因为我相信，甜花也一定，
愿意相信甘奈",283活动剧情,完録、クエストロメリア！ ～サイコロ編～,甜花は大丈夫
283活动剧情\完録、クエストロメリア！ ～サイコロ編～\甜花は大丈夫.csv,32,4001012030290,千雪,嗯,283活动剧情,完録、クエストロメリア！ ～サイコロ編～,甜花は大丈夫
283活动剧情\完録、クエストロメリア！ ～サイコロ編～\甜花は大丈夫.csv,33,4001012030300,千雪,"——甜花的工作是，
最大限度地开心地度过独自一人的夜晚",283活动剧情,完録、クエストロメリア！ ～サイコロ編～,甜花は大丈夫
283活动剧情\完録、クエストロメリア！ ～サイコロ編～\甜花は大丈夫.csv,34,4001012030310,千雪,"然后，我们的工作也是这样
最大限度地度过今晚",283活动剧情,完録、クエストロメリア！ ～サイコロ編～,甜花は大丈夫
283活动剧情\完録、クエストロメリア！ ～サイコロ編～\甜花は大丈夫.csv,36,4001012030330,千雪,嗯,283活动剧情,完録、クエストロメリア！ ～サイコロ編～,甜花は大丈夫
283活动剧情\完録、クエストロメリア！ ～サイコロ編～\甜花は大丈夫.csv,38,4001012030350,千雪,"呵呵，是这样呢
那——",283活动剧情,完録、クエストロメリア！ ～サイコロ編～,甜花は大丈夫
283活动剧情\完録、クエストロメリア！ ～サイコロ編～\甜花は大丈夫.csv,39,4001012030360,千雪,在睡觉前，去甜花所在的地方吧,283活动剧情,完録、クエストロメリア！ ～サイコロ編～,甜花は大丈夫
283活动剧情\完録、クエストロメリア！ ～サイコロ編～\甜花は大丈夫.csv,41,4001012030380,千雪,"……呵呵
不是“嗯”吗？",283活动剧情,完録、クエストロメリア！ ～サイコロ編～,甜花は大丈夫
283活动剧情\完録、クエストロメリア！ ～サイコロ編～\甜花は大丈夫.csv,43,4001012030400,千雪,"那个啊
拿着摄像机，去潜入摄影吧",283活动剧情,完録、クエストロメリア！ ～サイコロ編～,甜花は大丈夫
283活动剧情\完録、クエストロメリア！ ～サイコロ編～\甜花は大丈夫.csv,44,4001012030410,千雪,这样的话……就是正经的工作了吧？,283活动剧情,完録、クエストロメリア！ ～サイコロ編～,甜花は大丈夫
283活动剧情\密着！ハロウィンワールド24時\エンディング-終わりが来るなんて.csv,29,4001041080220,千雪,"太好了……！
看来你没事呢……",283活动剧情,密着！ハロウィンワールド24時,エンディング-終わりが来るなんて
283活动剧情\密着！ハロウィンワールド24時\第1話-迷わないでベイビー.csv,60,4001041020360,千雪,"太好了……！
原来你在这里……",283活动剧情,密着！ハロウィンワールド24時,第1話-迷わないでベイビー
283活动剧情\密着！ハロウィンワールド24時\第1話-迷わないでベイビー.csv,63,4001041020390,千雪,"呵呵
不过，一下就找到了真是太好了",283活动剧情,密着！ハロウィンワールド24時,第1話-迷わないでベイビー
283活动剧情\密着！ハロウィンワールド24時\第1話-迷わないでベイビー.csv,64,4001041020400,千雪,要是和之前迷路的小马一样，就不好了————,283活动剧情,密着！ハロウィンワールド24時,第1話-迷わないでベイビー
283活动剧情\密着！ハロウィンワールド24時\第1話-迷わないでベイビー.csv,65,4001041020410,千雪,"————啊……
那个……不好意思",283活动剧情,密着！ハロウィンワールド24時,第1話-迷わないでベイビー
283活动剧情\密着！ハロウィンワールド24時\第1話-迷わないでベイビー.csv,66,4001041020420,千雪,难道你是————,283活动剧情,密着！ハロウィンワールド24時,第1話-迷わないでベイビー
283活动剧情\密着！ハロウィンワールド24時\第1話-迷わないでベイビー.csv,69,4001041020440,千雪,嗯……！,283活动剧情,密着！ハロウィンワールド24時,第1話-迷わないでベイビー
283活动剧情\密着！ハロウィンワールド24時\第1話-迷わないでベイビー.csv,78,4001041020510,千雪,"被、被死神盯上了吗……！
坏了，要是在这种地方————",283活动剧情,密着！ハロウィンワールド24時,第1話-迷わないでベイビー
283活动剧情\密着！ハロウィンワールド24時\第1話-迷わないでベイビー.csv,87,4001041020560,千雪,"嗯，也是……！
……不过得赶快才行。已经能看见月台了……！",283活动剧情,密着！ハロウィンワールド24時,第1話-迷わないでベイビー
283活动剧情\密着！ハロウィンワールド24時\第1話-迷わないでベイビー.csv,90,4001041020580,千雪,嗯，你快点……！,283活动剧情,密着！ハロウィンワールド24時,第1話-迷わないでベイビー
283活动剧情\密着！ハロウィンワールド24時\第1話-迷わないでベイビー.csv,95,4001041020601,甘奈＆千雪,嗯……！,283活动剧情,密着！ハロウィンワールド24時,第1話-迷わないでベイビー
283活动剧情\密着！ハロウィンワールド24時\第1話-迷わないでベイビー.csv,98,4001041020630,千雪,"得把灵符贴紧才行……！
来，我贴～……！",283活动剧情,密着！ハロウィンワールド24時,第1話-迷わないでベイビー
283活动剧情\密着！ハロウィンワールド24時\第1話-迷わないでベイビー.csv,108,4001041020720,千雪,"嗯。他似乎睡得很沉
应该还在那里吧……",283活动剧情,密着！ハロウィンワールド24時,第1話-迷わないでベイビー
283活动剧情\密着！ハロウィンワールド24時\第1話-迷わないでベイビー.csv,123,4001041020850,千雪,"是呢……
要是能替他争取到一点时间就好了……",283活动剧情,密着！ハロウィンワールド24時,第1話-迷わないでベイビー
283活动剧情\密着！ハロウィンワールド24時\第1話-迷わないでベイビー.csv,133,4001041020940,千雪,那，不如这样吧？,283活动剧情,密着！ハロウィンワールド24時,第1話-迷わないでベイビー
283活动剧情\密着！ハロウィンワールド24時\第1話-迷わないでベイビー.csv,134,4001041020950,千雪,"在下一站下车，追上他
要比死神早一步找到他，然后保护他……！",283活动剧情,密着！ハロウィンワールド24時,第1話-迷わないでベイビー
283活动剧情\密着！ハロウィンワールド24時\第1話-迷わないでベイビー.csv,137,4001041020980,千雪,"呵呵
灵符，要留到不得已的时候……！",283活动剧情,密着！ハロウィンワールド24時,第1話-迷わないでベイビー
283活动剧情\密着！ハロウィンワールド24時\第1話-迷わないでベイビー.csv,138,4001041020990,千雪,"那么，为了不走散……
大家手牵着手吧？",283活动剧情,密着！ハロウィンワールド24時,第1話-迷わないでベイビー
283活动剧情\明るい部屋\第2话-ドタバタ.csv,3,4001031030010,千雪,"……！
咦……",283活动剧情,明るい部屋,第2话-ドタバタ
283活动剧情\明るい部屋\第2话-ドタバタ.csv,6,4001031030030,千雪,"啊，嗯……！
我很欢迎你们……不过————",283活动剧情,明るい部屋,第2话-ドタバタ
283活动剧情\明るい部屋\第2话-ドタバタ.csv,9,4001031030060,千雪,啊，嗯……！,283活动剧情,明るい部屋,第2话-ドタバタ
283活动剧情\明るい部屋\第2话-ドタバタ.csv,11,4001031030080,千雪,怎么了……？,283活动剧情,明るい部屋,第2话-ドタバタ
283活动剧情\明るい部屋\第2话-ドタバタ.csv,55,4001031030460,千雪,讨，讨厌……,283活动剧情,明るい部屋,第2话-ドタバタ
283活动剧情\明るい部屋\第2话-ドタバタ.csv,56,4001031030470,千雪,"最里面，是那间房间吧……？
那里本来有开着吗……",283活动剧情,明るい部屋,第2话-ドタバタ
283活动剧情\明るい部屋\第2话-ドタバタ.csv,74,4001031030630,千雪,这，这样啊……！,283活动剧情,明るい部屋,第2话-ドタバタ
283活动剧情\明るい部屋\第2话-ドタバタ.csv,75,4001031030640,千雪,"——呵呵
那现在这里就是庇护所吧？",283活动剧情,明るい部屋,第2话-ドタバタ
283活动剧情\明るい部屋\第2话-ドタバタ.csv,79,4001031030680,千雪,"——啊……！
呵呵，没事的",283活动剧情,明るい部屋,第2话-ドタバタ
283活动剧情\明るい部屋\第2话-ドタバタ.csv,80,4001031030690,千雪,我很擅长对付蛾……！,283活动剧情,明るい部屋,第2话-ドタバタ
283活动剧情\明るい部屋\第2话-ドタバタ.csv,93,4001031030820,千雪,"呵呵
你们也可以说我是乡下人哦——",283活动剧情,明るい部屋,第2话-ドタバタ
283活动剧情\明るい部屋\第2话-ドタバタ.csv,147,4001031031340,千雪,——来了，请问是哪位,283活动剧情,明るい部屋,第2话-ドタバタ
283活动剧情\明るい部屋\第2话-ドタバタ.csv,149,4001031031360,千雪,"……！
朝，朝日……？",283活动剧情,明るい部屋,第2话-ドタバタ
283活动剧情\明るい部屋\第2话-ドタバタ.csv,155,4001031031420,千雪,"——那，那个，嗯！
总之我先给你开门……！",283活动剧情,明るい部屋,第2话-ドタバタ
283活动剧情\明るい部屋\第3话-ラブコメ.csv,86,4001031040650,千雪,哇，没事没事……！,283活动剧情,明るい部屋,第3话-ラブコメ
283活动剧情\明るい部屋\第3话-ラブコメ.csv,87,4001031040660,千雪,"——呵呵
不过也是",283活动剧情,明るい部屋,第3话-ラブコメ
283活动剧情\明るい部屋\第3话-ラブコメ.csv,88,4001031040670,千雪,还得买网呢,283活动剧情,明るい部屋,第3话-ラブコメ
283活动剧情\明るい部屋\第3话-ラブコメ.csv,91,4001031040700,千雪,"——对了，店员
会觉得我们是什么样的顾客呢",283活动剧情,明るい部屋,第3话-ラブコメ
283活动剧情\明るい部屋\第3话-ラブコメ.csv,93,4001031040720,千雪,"呵呵呵
我们这样可不是奇怪的二人组吗？",283活动剧情,明るい部屋,第3话-ラブコメ
283活动剧情\明るい部屋\第3话-ラブコメ.csv,95,4001031040740,千雪,到底要干什么呢……！,283活动剧情,明るい部屋,第3话-ラブコメ
283活动剧情\明るい部屋\第3话-ラブコメ.csv,108,4001031040850,千雪,"啊，好的
……嗯，收据我来收",283活动剧情,明るい部屋,第3话-ラブコメ
283活动剧情\明るい部屋\第3话-ラブコメ.csv,110,4001031040860,千雪,"5个人平均分……
差不多，287円吧",283活动剧情,明るい部屋,第3话-ラブコメ
283活动剧情\明るい部屋\第3话-ラブコメ.csv,112,4001031040880,千雪,嗯……！,283活动剧情,明るい部屋,第3话-ラブコメ
283活动剧情\明るい部屋\第3话-ラブコメ.csv,114,4001031040891,樹里＆千雪,店员……！,283活动剧情,明るい部屋,第3话-ラブコメ
283活动剧情\明るい部屋\第3话-ラブコメ.csv,116,4001031040910,千雪,"呵呵呵……
完全没在意我们……！",283活动剧情,明るい部屋,第3话-ラブコメ
283活动剧情\明るい部屋\第5话-ブリアル.csv,35,4001031060291,樹里＆凛世＆千雪,,283活动剧情,明るい部屋,第5话-ブリアル
283活动剧情\明るい部屋\第5话-ブリアル.csv,36,4001031060300,千雪,"嗯……
这个被炉，真的很暖和……",283活动剧情,明るい部屋,第5话-ブリアル
283活动剧情\明るい部屋\第5话-ブリアル.csv,37,4001031060310,千雪,"而且，比起电热器和电热毯
还不费电",283活动剧情,明るい部屋,第5话-ブリアル
283活动剧情\明るい部屋\第5话-ブリアル.csv,42,4001031060360,千雪,"事务所这边
也会参与的样子",283活动剧情,明るい部屋,第5话-ブリアル
283活动剧情\明るい部屋\第5话-ブリアル.csv,47,4001031060410,千雪,"——听说里面那间房，
装修也要相当一笔费用",283活动剧情,明るい部屋,第5话-ブリアル
283活动剧情\明るい部屋\第5话-ブリアル.csv,52,4001031060460,千雪,"嗯
有很多东西都是由事务所支出……",283活动剧情,明るい部屋,第5话-ブリアル
283活动剧情\明るい部屋\第5话-ブリアル.csv,76,4001031060700,千雪,"纸巾什么的，总是会想买对皮肤好的那种
食堂里用的倒是没问题呢……",283活动剧情,明るい部屋,第5话-ブリアル
283活动剧情\明るい部屋\第5话-ブリアル.csv,77,4001031060710,千雪,"——啊，对，对不起……！
撞到你的脚了吗？",283活动剧情,明るい部屋,第5话-ブリアル
283活动剧情\明るい部屋\第5话-ブリアル.csv,83,4001031060770,千雪,"对，对不起……！
我刚才把脚伸到反方向了——",283活动剧情,明るい部屋,第5话-ブリアル
283活动剧情\明るい部屋\第5话-ブリアル.csv,92,4001031060850,千雪,"呵呵，朝日
不和它搞好关系的话，它可能就不听你的了",283活动剧情,明るい部屋,第5话-ブリアル
283活动剧情\明るい部屋\第6话-消防士.csv,87,4001031070650,千雪,"——差不多该出门了
甘奈",283活动剧情,明るい部屋,第6话-消防士
283活动剧情\明るい部屋\第6话-消防士.csv,90,4001031070680,千雪,"……要开心点哦
甘奈……！",283活动剧情,明るい部屋,第6话-消防士
283活动剧情\流れ星が消えるまでのジャーニー\序章-夜が来るよ、ジュメル.csv,49,4001030010240,千雪,打扰了……！,283活动剧情,流れ星が消えるまでのジャーニー,序章-夜が来るよ、ジュメル
283活动剧情\流れ星が消えるまでのジャーニー\序章-夜が来るよ、ジュメル.csv,53,4001030010260,千雪,"甜花，这个
我买来了看起来必须要有的东西——",283活动剧情,流れ星が消えるまでのジャーニー,序章-夜が来るよ、ジュメル
283活动剧情\流れ星が消えるまでのジャーニー\序章-夜が来るよ、ジュメル.csv,57,4001030010290,千雪,"甘奈，在房间里吗……
晚饭呢？",283活动剧情,流れ星が消えるまでのジャーニー,序章-夜が来るよ、ジュメル
283活动剧情\流れ星が消えるまでのジャーニー\序章-夜が来るよ、ジュメル.csv,77,4001030010450,千雪,——制作人先生,283活动剧情,流れ星が消えるまでのジャーニー,序章-夜が来るよ、ジュメル
283活动剧情\流れ星が消えるまでのジャーニー\序章-夜が来るよ、ジュメル.csv,78,4001030010460,千雪,"我会在这里
——酸奶，没关系吗？",283活动剧情,流れ星が消えるまでのジャーニー,序章-夜が来るよ、ジュメル
283活动剧情\流れ星が消えるまでのジャーニー\序章-夜が来るよ、ジュメル.csv,82,4001030010480,千雪,"甘奈，我也来打扰了
没事吗……？",283活动剧情,流れ星が消えるまでのジャーニー,序章-夜が来るよ、ジュメル
283活动剧情\流れ星が消えるまでのジャーニー\序章-夜が来るよ、ジュメル.csv,85,4001030010500,千雪,感觉，反而弄乱你们家了……！,283活动剧情,流れ星が消えるまでのジャーニー,序章-夜が来るよ、ジュメル
283活动剧情\流れ星が消えるまでのジャーニー\序章-夜が来るよ、ジュメル.csv,87,4001030010520,千雪,"呵呵……谢谢你
剩下的，我冰在冰箱里了",283活动剧情,流れ星が消えるまでのジャーニー,序章-夜が来るよ、ジュメル
283活动剧情\流れ星が消えるまでのジャーニー\序章-夜が来るよ、ジュメル.csv,92,4001030010550,千雪,那，晚安,283活动剧情,流れ星が消えるまでのジャーニー,序章-夜が来るよ、ジュメル
283活动剧情\流れ星が消えるまでのジャーニー\第3话-小さな記憶のピルエット.csv,2,4001030040010,千雪,是吗，还没……,283活动剧情,流れ星が消えるまでのジャーニー,第3话-小さな記憶のピルエット
283活动剧情\流れ星が消えるまでのジャーニー\第3话-小さな記憶のピルエット.csv,4,4001030040030,千雪,……看来，还会继续一段时间呢,283活动剧情,流れ星が消えるまでのジャーニー,第3话-小さな記憶のピルエット
283活动剧情\流れ星が消えるまでのジャーニー\第3话-小さな記憶のピルエット.csv,5,4001030040040,千雪,"工作的预定时间，
如果是更之后一点就好了————",283活动剧情,流れ星が消えるまでのジャーニー,第3话-小さな記憶のピルエット
283活动剧情\流れ星が消えるまでのジャーニー\第4话-近くて遠くてピカピカでキラキラ.csv,24,4001030050160,千雪,"甘奈……！ 好久不见
怎么样……？",283活动剧情,流れ星が消えるまでのジャーニー,第4话-近くて遠くてピカピカでキラキラ
283活动剧情\流れ星が消えるまでのジャーニー\第4话-近くて遠くてピカピカでキラキラ.csv,26,4001030050180,千雪,"是吗
……嗯。比我想象得更精神，吗",283活动剧情,流れ星が消えるまでのジャーニー,第4话-近くて遠くてピカピカでキラキラ
283活动剧情\流れ星が消えるまでのジャーニー\第4话-近くて遠くてピカピカでキラキラ.csv,29,4001030050210,千雪,"啊，不会
没关系的",283活动剧情,流れ星が消えるまでのジャーニー,第4话-近くて遠くてピカピカでキラキラ
283活动剧情\流れ星が消えるまでのジャーニー\第4话-近くて遠くてピカピカでキラキラ.csv,30,4001030050220,千雪,我只是，想着要把这个拿给你————,283活动剧情,流れ星が消えるまでのジャーニー,第4话-近くて遠くてピカピカでキラキラ
283活动剧情\流れ星が消えるまでのジャーニー\第4话-近くて遠くてピカピカでキラキラ.csv,31,4001030050230,千雪,"呵呵，慰问品
然后是——",283活动剧情,流れ星が消えるまでのジャーニー,第4话-近くて遠くてピカピカでキラキラ
283活动剧情\流れ星が消えるまでのジャーニー\第4话-近くて遠くてピカピカでキラキラ.csv,32,4001030050240,千雪,这个给甜花,283活动剧情,流れ星が消えるまでのジャーニー,第4话-近くて遠くてピカピカでキラキラ
283活动剧情\流れ星が消えるまでのジャーニー\第4话-近くて遠くてピカピカでキラキラ.csv,35,4001030050270,千雪,"对，是你们家的恶魔太郎
感觉线头有点绽开了",283活动剧情,流れ星が消えるまでのジャーニー,第4话-近くて遠くてピカピカでキラキラ
283活动剧情\流れ星が消えるまでのジャーニー\第4话-近くて遠くてピカピカでキラキラ.csv,36,4001030050280,千雪,"所以，我就硬是带回去了
——帮我和甜花问个好",283活动剧情,流れ星が消えるまでのジャーニー,第4话-近くて遠くてピカピカでキラキラ
283活动剧情\流れ星が消えるまでのジャーニー\第4话-近くて遠くてピカピカでキラキラ.csv,42,4001030050340,千雪,"哇，是这样啊……！
不用谢",283活动剧情,流れ星が消えるまでのジャーニー,第4话-近くて遠くてピカピカでキラキラ
283活动剧情\流れ星が消えるまでのジャーニー\第4话-近くて遠くてピカピカでキラキラ.csv,44,4001030050360,千雪,"呵呵，我很高兴，不过不——行
甘奈的身体最优先",283活动剧情,流れ星が消えるまでのジャーニー,第4话-近くて遠くてピカピカでキラキラ
283活动剧情\流れ星が消えるまでのジャーニー\第4话-近くて遠くてピカピカでキラキラ.csv,45,4001030050370,千雪,"等完全治好之后，
再来邀请我吧？",283活动剧情,流れ星が消えるまでのジャーニー,第4话-近くて遠くてピカピカでキラキラ
283活动剧情\流れ星が消えるまでのジャーニー\第4话-近くて遠くてピカピカでキラキラ.csv,48,4001030050400,千雪,"……？
双子座流星雨？",283活动剧情,流れ星が消えるまでのジャーニー,第4话-近くて遠くてピカピカでキラキラ
283活动剧情\流れ星が消えるまでのジャーニー\第4话-近くて遠くてピカピカでキラキラ.csv,51,4001030050430,千雪,嗯,283活动剧情,流れ星が消えるまでのジャーニー,第4话-近くて遠くてピカピカでキラキラ
283活动剧情\流れ星が消えるまでのジャーニー\第4话-近くて遠くてピカピカでキラキラ.csv,52,4001030050440,千雪,"……那
在那之前，约好了要完全治好",283活动剧情,流れ星が消えるまでのジャーニー,第4话-近くて遠くてピカピカでキラキラ
283活动剧情\流れ星が消えるまでのジャーニー\第4话-近くて遠くてピカピカでキラキラ.csv,54,4001030050460,千雪,"呵呵
我也会确认行程表的",283活动剧情,流れ星が消えるまでのジャーニー,第4话-近くて遠くてピカピカでキラキラ
283活动剧情\流れ星が消えるまでのジャーニー\第4话-近くて遠くてピカピカでキラキラ.csv,57,4001030050490,千雪,……怎么了？,283活动剧情,流れ星が消えるまでのジャーニー,第4话-近くて遠くてピカピカでキラキラ
283活动剧情\流れ星が消えるまでのジャーニー\第4话-近くて遠くてピカピカでキラキラ.csv,61,4001030050530,千雪,"啊——
是以拒绝为前提啊……！",283活动剧情,流れ星が消えるまでのジャーニー,第4话-近くて遠くてピカピカでキラキラ
283活动剧情\流れ星が消えるまでのジャーニー\第4话-近くて遠くてピカピカでキラキラ.csv,65,4001030050560,千雪,"……照片？
呵呵，她去吃芭菲了啊",283活动剧情,流れ星が消えるまでのジャーニー,第4话-近くて遠くてピカピカでキラキラ
283活动剧情\流れ星が消えるまでのジャーニー\第4话-近くて遠くてピカピカでキラキラ.csv,67,4001030050580,千雪,不过上面写……“只吃了，一口”,283活动剧情,流れ星が消えるまでのジャーニー,第4话-近くて遠くてピカピカでキラキラ
283活动剧情\流れ星が消えるまでのジャーニー\第4话-近くて遠くてピカピカでキラキラ.csv,69,4001030050600,千雪,"嗯，好多约定
所以，甘奈要早点回到床上",283活动剧情,流れ星が消えるまでのジャーニー,第4话-近くて遠くてピカピカでキラキラ
283活动剧情\流れ星が消えるまでのジャーニー\第4话-近くて遠くてピカピカでキラキラ.csv,70,4001030050610,千雪,……打扰了,283活动剧情,流れ星が消えるまでのジャーニー,第4话-近くて遠くてピカピカでキラキラ
283活动剧情\流れ星が消えるまでのジャーニー\第4话-近くて遠くてピカピカでキラキラ.csv,72,4001030050630,千雪,"没事
能和你说上话真好",283活动剧情,流れ星が消えるまでのジャーニー,第4话-近くて遠くてピカピカでキラキラ
283活动剧情\流れ星が消えるまでのジャーニー\第5话-とろけるおふとん.csv,3,4001030060010,千雪,"晚上好，制作人
也来了吗",283活动剧情,流れ星が消えるまでのジャーニー,第5话-とろけるおふとん
283活动剧情\流れ星が消えるまでのジャーニー\第5话-とろけるおふとん.csv,5,4001030060020,千雪,哇……好多……！,283活动剧情,流れ星が消えるまでのジャーニー,第5话-とろけるおふとん
283活动剧情\流れ星が消えるまでのジャーニー\第5话-とろけるおふとん.csv,7,4001030060030,千雪,"呵呵……是呢
希望她们能够在用完这些之前就好起来",283活动剧情,流れ星が消えるまでのジャーニー,第5话-とろけるおふとん
283活动剧情\流れ星が消えるまでのジャーニー\第5话-とろけるおふとん.csv,9,4001030060040,千雪,"甘奈变成了低烧
现在是甜花那边……",283活动剧情,流れ星が消えるまでのジャーニー,第5话-とろけるおふとん
283活动剧情\流れ星が消えるまでのジャーニー\第5话-とろけるおふとん.csv,12,4001030060050,千雪,哎呀，要回去了吗？,283活动剧情,流れ星が消えるまでのジャーニー,第5话-とろけるおふとん
283活动剧情\流れ星が消えるまでのジャーニー\第5话-とろけるおふとん.csv,15,4001030060060,千雪,"呵呵……
……呵呵呵",283活动剧情,流れ星が消えるまでのジャーニー,第5话-とろけるおふとん
283活动剧情\流れ星が消えるまでのジャーニー\第5话-とろけるおふとん.csv,18,4001030060080,千雪,"啊，甘奈在洗澡的时候
制作人先生来过了",283活动剧情,流れ星が消えるまでのジャーニー,第5话-とろけるおふとん
283活动剧情\流れ星が消えるまでのジャーニー\第5话-とろけるおふとん.csv,19,4001030060090,千雪,"对不起呢
那样你实在是没法出来",283活动剧情,流れ星が消えるまでのジャーニー,第5话-とろけるおふとん
283活动剧情\流れ星が消えるまでのジャーニー\第5话-とろけるおふとん.csv,21,4001030060110,千雪,"呵呵，没关系
他来到了门口",283活动剧情,流れ星が消えるまでのジャーニー,第5话-とろけるおふとん
283活动剧情\流れ星が消えるまでのジャーニー\第6话-静かに、夜が逃げないように.csv,16,4001030070080,千雪,甘奈，甜花……！,283活动剧情,流れ星が消えるまでのジャーニー,第6话-静かに、夜が逃げないように
283活动剧情\流れ星が消えるまでのジャーニー\第6话-静かに、夜が逃げないように.csv,19,4001030070100,千雪,"嗯
果然还是3个人在一起最开心",283活动剧情,流れ星が消えるまでのジャーニー,第6话-静かに、夜が逃げないように
283活动剧情\流れ星が消えるまでのジャーニー\第6话-静かに、夜が逃げないように.csv,22,4001030070130,千雪,"哇，呵呵
这么艰难的时候还这么努力……！",283活动剧情,流れ星が消えるまでのジャーニー,第6话-静かに、夜が逃げないように
283活动剧情\流れ星が消えるまでのジャーニー\第6话-静かに、夜が逃げないように.csv,25,4001030070160,千雪,"一定要买的是望远镜和睡袋
所以去野营用品店吗……？",283活动剧情,流れ星が消えるまでのジャーニー,第6话-静かに、夜が逃げないように
283活动剧情\流れ星が消えるまでのジャーニー\第6话-静かに、夜が逃げないように.csv,27,4001030070180,千雪,"信封型，木乃伊型……？
有很多种呢……",283活动剧情,流れ星が消えるまでのジャーニー,第6话-静かに、夜が逃げないように
283活动剧情\流れ星が消えるまでのジャーニー\第6话-静かに、夜が逃げないように.csv,30,4001030070210,千雪,"……？
你们有睡袋吗",283活动剧情,流れ星が消えるまでのジャーニー,第6话-静かに、夜が逃げないように
283活动剧情\流れ星が消えるまでのジャーニー\第6话-静かに、夜が逃げないように.csv,37,4001030070280,千雪,"嗯
——啊，稍微等一下",283活动剧情,流れ星が消えるまでのジャーニー,第6话-静かに、夜が逃げないように
283活动剧情\流れ星が消えるまでのジャーニー\第6话-静かに、夜が逃げないように.csv,40,4001030070300,千雪,……那个，不好意思,283活动剧情,流れ星が消えるまでのジャーニー,第6话-静かに、夜が逃げないように
283活动剧情\流れ星が消えるまでのジャーニー\第6话-静かに、夜が逃げないように.csv,41,4001030070310,千雪,难道，有什么事吗？,283活动剧情,流れ星が消えるまでのジャーニー,第6话-静かに、夜が逃げないように
283活动剧情\流れ星が消えるまでのジャーニー\第6话-静かに、夜が逃げないように.csv,44,4001030070320,千雪,"是的……！ 我们是Alstroemeria
你们好",283活动剧情,流れ星が消えるまでのジャーニー,第6话-静かに、夜が逃げないように
283活动剧情\流れ星が消えるまでのジャーニー\第6话-静かに、夜が逃げないように.csv,48,4001030070330,千雪,哇，当然可以……！,283活动剧情,流れ星が消えるまでのジャーニー,第6话-静かに、夜が逃げないように
283活动剧情\流れ星が消えるまでのジャーニー\第6话-静かに、夜が逃げないように.csv,49,4001030070340,千雪,……和我握手就可以吗,283活动剧情,流れ星が消えるまでのジャーニー,第6话-静かに、夜が逃げないように
283活动剧情\流れ星が消えるまでのジャーニー\第6话-静かに、夜が逃げないように.csv,68,4001030070430,千雪,……呵呵，甜花也被带得紧张了吗？,283活动剧情,流れ星が消えるまでのジャーニー,第6话-静かに、夜が逃げないように
283活动剧情\流れ星が消えるまでのジャーニー\终章-シャンテ、これからも.csv,14,4001030080060,千雪,……！ 刚好……过了1秒……！,283活动剧情,流れ星が消えるまでのジャーニー,终章-シャンテ、これからも
283活动剧情\流れ星が消えるまでのジャーニー\终章-シャンテ、これからも.csv,16,4001030080080,千雪,"好厉害……！
这样的话或许就能许3次愿望了……",283活动剧情,流れ星が消えるまでのジャーニー,终章-シャンテ、これからも
283活动剧情\流れ星が消えるまでのジャーニー\终章-シャンテ、これからも.csv,21,4001030080110,千雪,呵呵呵,283活动剧情,流れ星が消えるまでのジャーニー,终章-シャンテ、これからも
283活动剧情\流れ星が消えるまでのジャーニー\终章-シャンテ、これからも.csv,28,4001030080160,千雪,"谢谢你……！
哎呀，这难道是热红酒吗……？",283活动剧情,流れ星が消えるまでのジャーニー,终章-シャンテ、これからも
283活动剧情\流れ星が消えるまでのジャーニー\终章-シャンテ、これからも.csv,31,4001030080190,千雪,"哇……！ 太客气了……
明明是因为我才让大家没法出远门……",283活动剧情,流れ星が消えるまでのジャーニー,终章-シャンテ、これからも
283活动剧情\流れ星が消えるまでのジャーニー\终章-シャンテ、これからも.csv,32,4001030080200,千雪,"唉……
要是明天没人来检查瓦斯就好了……",283活动剧情,流れ星が消えるまでのジャーニー,终章-シャンテ、これからも
283活动剧情\流れ星が消えるまでのジャーニー\终章-シャンテ、これからも.csv,37,4001030080250,千雪,……不会,283活动剧情,流れ星が消えるまでのジャーニー,终章-シャンテ、これからも
283活动剧情\流れ星が消えるまでのジャーニー\终章-シャンテ、これからも.csv,38,4001030080260,千雪,"那我就……
恭敬不如从命了",283活动剧情,流れ星が消えるまでのジャーニー,终章-シャンテ、これからも
283活动剧情\流れ星が消えるまでのジャーニー\终章-シャンテ、これからも.csv,39,4001030080270,千雪,,283活动剧情,流れ星が消えるまでのジャーニー,终章-シャンテ、これからも
283活动剧情\流れ星が消えるまでのジャーニー\终章-シャンテ、これからも.csv,40,4001030080280,千雪,"呵呵……
好温暖……",283活动剧情,流れ星が消えるまでのジャーニー,终章-シャンテ、これからも
283活动剧情\流れ星が消えるまでのジャーニー\终章-シャンテ、これからも.csv,44,4001030080320,千雪,"哇…………
好厉害……！",283活动剧情,流れ星が消えるまでのジャーニー,终章-シャンテ、これからも
283活动剧情\流れ星が消えるまでのジャーニー\终章-シャンテ、これからも.csv,51,4001030080340,千雪,要在，心里许愿吧,283活动剧情,流れ星が消えるまでのジャーニー,终章-シャンテ、これからも
283活动剧情\流れ星が消えるまでのジャーニー\终章-シャンテ、これからも.csv,53,4001030080360,千雪,流星，只有1秒,283活动剧情,流れ星が消えるまでのジャーニー,终章-シャンテ、これからも
283活动剧情\満開、アルストロメリア流幸福論─つなぐ・まごころ・みっつ─\エンディング-花ざかり、これからも。.csv,2,4001004080010,千雪,"夹紧两肋……
看准目标……",283活动剧情,満開、アルストロメリア流幸福論─つなぐ・まごころ・みっつ─,エンディング-花ざかり、これからも。
283活动剧情\満開、アルストロメリア流幸福論─つなぐ・まごころ・みっつ─\エンディング-花ざかり、これからも。.csv,3,4001004080020,千雪,…………啪！,283活动剧情,満開、アルストロメリア流幸福論─つなぐ・まごころ・みっつ─,エンディング-花ざかり、これからも。
283活动剧情\満開、アルストロメリア流幸福論─つなぐ・まごころ・みっつ─\エンディング-花ざかり、これからも。.csv,4,4001004080030,千雪,……别忘记换弹,283活动剧情,満開、アルストロメリア流幸福論─つなぐ・まごころ・みっつ─,エンディング-花ざかり、これからも。
283活动剧情\満開、アルストロメリア流幸福論─つなぐ・まごころ・みっつ─\エンディング-花ざかり、これからも。.csv,6,4001004080050,千雪,……诶──,283活动剧情,満開、アルストロメリア流幸福論─つなぐ・まごころ・みっつ─,エンディング-花ざかり、これからも。
283活动剧情\満開、アルストロメリア流幸福論─つなぐ・まごころ・みっつ─\エンディング-花ざかり、これからも。.csv,7,4001004080060,千雪,"那、那个！
甘奈，早上好──……",283活动剧情,満開、アルストロメリア流幸福論─つなぐ・まごころ・みっつ─,エンディング-花ざかり、これからも。
283活动剧情\満開、アルストロメリア流幸福論─つなぐ・まごころ・みっつ─\エンディング-花ざかり、これからも。.csv,9,4001004080080,千雪,"啊哈哈……嗯
你看见了？",283活动剧情,満開、アルストロメリア流幸福論─つなぐ・まごころ・みっつ─,エンディング-花ざかり、これからも。
283活动剧情\満開、アルストロメリア流幸福論─つなぐ・まごころ・みっつ─\エンディング-花ざかり、これからも。.csv,12,4001004080110,千雪,"哇，真的吗？
能被甜花老师表扬，真是让人高兴啊",283活动剧情,満開、アルストロメリア流幸福論─つなぐ・まごころ・みっつ─,エンディング-花ざかり、これからも。
283活动剧情\満開、アルストロメリア流幸福論─つなぐ・まごころ・みっつ─\エンディング-花ざかり、これからも。.csv,14,4001004080130,千雪,"嗯？
……啊，这样？",283活动剧情,満開、アルストロメリア流幸福論─つなぐ・まごころ・みっつ─,エンディング-花ざかり、これからも。
283活动剧情\満開、アルストロメリア流幸福論─つなぐ・まごころ・みっつ─\エンディング-花ざかり、これからも。.csv,20,4001004080180,千雪,"哇，好帅啊，甘奈！
呵呵，那么，接下来那扇门会有敌人入侵……",283活动剧情,満開、アルストロメリア流幸福論─つなぐ・まごころ・みっつ─,エンディング-花ざかり、これからも。
283活动剧情\満開、アルストロメリア流幸福論─つなぐ・まごころ・みっつ─\エンディング-花ざかり、これからも。.csv,25,4001004080210,千雪,……啊,283活动剧情,満開、アルストロメリア流幸福論─つなぐ・まごころ・みっつ─,エンディング-花ざかり、これからも。
283活动剧情\満開、アルストロメリア流幸福論─つなぐ・まごころ・みっつ─\エンディング-花ざかり、これからも。.csv,28,4001004080240,千雪,制、制作人！,283活动剧情,満開、アルストロメリア流幸福論─つなぐ・まごころ・みっつ─,エンディング-花ざかり、これからも。
283活动剧情\満開、アルストロメリア流幸福論─つなぐ・まごころ・みっつ─\エンディング-花ざかり、これからも。.csv,31,4001004080260,千雪,"早、早上好，制作人！
对不起，那个……太吵闹了",283活动剧情,満開、アルストロメリア流幸福論─つなぐ・まごころ・みっつ─,エンディング-花ざかり、これからも。
283活动剧情\満開、アルストロメリア流幸福論─つなぐ・まごころ・みっつ─\エンディング-花ざかり、これからも。.csv,35,4001004080290,千雪,呵呵……真是的……,283活动剧情,満開、アルストロメリア流幸福論─つなぐ・まごころ・みっつ─,エンディング-花ざかり、これからも。
283活动剧情\満開、アルストロメリア流幸福論─つなぐ・まごころ・みっつ─\エンディング-花ざかり、これからも。.csv,40,4001004080320,千雪,"没、没有……说是兴趣有些不自量力
不过……",283活动剧情,満開、アルストロメリア流幸福論─つなぐ・まごころ・みっつ─,エンディング-花ざかり、これからも。
283活动剧情\満開、アルストロメリア流幸福論─つなぐ・まごころ・みっつ─\エンディング-花ざかり、これからも。.csv,41,4001004080330,千雪,"取材结束后，想起了很多事
那之后，也去那里买了好几本书",283活动剧情,満開、アルストロメリア流幸福論─つなぐ・まごころ・みっつ─,エンディング-花ざかり、これからも。
283活动剧情\満開、アルストロメリア流幸福論─つなぐ・まごころ・みっつ─\エンディング-花ざかり、これからも。.csv,44,4001004080360,千雪,"真的吗？呵呵，好开心啊
最近也想去看看有什么新书呢",283活动剧情,満開、アルストロメリア流幸福論─つなぐ・まごころ・みっつ─,エンディング-花ざかり、これからも。
283活动剧情\満開、アルストロメリア流幸福論─つなぐ・まごころ・みっつ─\エンディング-花ざかり、これからも。.csv,46,4001004080380,千雪,"嗯！那就三个人一起去吧，
回去的时候顺便喝下茶",283活动剧情,満開、アルストロメリア流幸福論─つなぐ・まごころ・みっつ─,エンディング-花ざかり、これからも。
283活动剧情\満開、アルストロメリア流幸福論─つなぐ・まごころ・みっつ─\エンディング-花ざかり、これからも。.csv,50,4001004080400,千雪,"“ALSTROEMERIA的夏季探访”
呵呵，我们好像变成了记者一样……",283活动剧情,満開、アルストロメリア流幸福論─つなぐ・まごころ・みっつ─,エンディング-花ざかり、これからも。
283活动剧情\満開、アルストロメリア流幸福論─つなぐ・まごころ・みっつ─\エンディング-花ざかり、これからも。.csv,54,4001004080440,千雪,……哇，吃苹果糖时的照片！,283活动剧情,満開、アルストロメリア流幸福論─つなぐ・まごころ・みっつ─,エンディング-花ざかり、これからも。
283活动剧情\満開、アルストロメリア流幸福論─つなぐ・まごころ・みっつ─\エンディング-花ざかり、これからも。.csv,57,4001004080470,千雪,"诶？没关系哦
并不是专业相机，而且光线挺暗的",283活动剧情,満開、アルストロメリア流幸福論─つなぐ・まごころ・みっつ─,エンディング-花ざかり、これからも。
283活动剧情\満開、アルストロメリア流幸福論─つなぐ・まごころ・みっつ─\エンディング-花ざかり、これからも。.csv,58,4001004080480,千雪,"不过……
是张非常棒的照片",283活动剧情,満開、アルストロメリア流幸福論─つなぐ・まごころ・みっつ─,エンディング-花ざかり、これからも。
283活动剧情\満開、アルストロメリア流幸福論─つなぐ・まごころ・みっつ─\エンディング-花ざかり、これからも。.csv,61,4001004080510,千雪,"是啊
……呵呵",283活动剧情,満開、アルストロメリア流幸福論─つなぐ・まごころ・みっつ─,エンディング-花ざかり、これからも。
283活动剧情\満開、アルストロメリア流幸福論─つなぐ・まごころ・みっつ─\エンディング-花ざかり、これからも。.csv,62,4001004080520,千雪,"甜花，甘奈，还有我，三个人才是ALSTROEMERIA
……甜花之前有这么说过对吧",283活动剧情,満開、アルストロメリア流幸福論─つなぐ・まごころ・みっつ─,エンディング-花ざかり、これからも。
283活动剧情\満開、アルストロメリア流幸福論─つなぐ・まごころ・みっつ─\エンディング-花ざかり、これからも。.csv,64,4001004080540,千雪,制作人也对我说了同样的话,283活动剧情,満開、アルストロメリア流幸福論─つなぐ・まごころ・みっつ─,エンディング-花ざかり、これからも。
283活动剧情\満開、アルストロメリア流幸福論─つなぐ・まごころ・みっつ─\エンディング-花ざかり、これからも。.csv,65,4001004080550,千雪,"但是，那时候，
我并不是很明白这句话的意思……",283活动剧情,満開、アルストロメリア流幸福論─つなぐ・まごころ・みっつ─,エンディング-花ざかり、これからも。
283活动剧情\満開、アルストロメリア流幸福論─つなぐ・まごころ・みっつ─\エンディング-花ざかり、これからも。.csv,67,4001004080570,千雪,"嗯
好像现在明白了",283活动剧情,満開、アルストロメリア流幸福論─つなぐ・まごころ・みっつ─,エンディング-花ざかり、これからも。
283活动剧情\満開、アルストロメリア流幸福論─つなぐ・まごころ・みっつ─\エンディング-花ざかり、これからも。.csv,68,4001004080580,千雪,肯定，就像这张照片一样吧,283活动剧情,満開、アルストロメリア流幸福論─つなぐ・まごころ・みっつ─,エンディング-花ざかり、これからも。
283活动剧情\満開、アルストロメリア流幸福論─つなぐ・まごころ・みっつ─\エンディング-花ざかり、これからも。.csv,71,4001004080610,千雪,诶嘿嘿……,283活动剧情,満開、アルストロメリア流幸福論─つなぐ・まごころ・みっつ─,エンディング-花ざかり、これからも。
283活动剧情\満開、アルストロメリア流幸福論─つなぐ・まごころ・みっつ─\エンディング-花ざかり、これからも。.csv,73,4001004080630,千雪,不错呢！,283活动剧情,満開、アルストロメリア流幸福論─つなぐ・まごころ・みっつ─,エンディング-花ざかり、これからも。
283活动剧情\満開、アルストロメリア流幸福論─つなぐ・まごころ・みっつ─\エンディング-花ざかり、これからも。.csv,78,4001004080680,千雪,嗯！,283活动剧情,満開、アルストロメリア流幸福論─つなぐ・まごころ・みっつ─,エンディング-花ざかり、これからも。
283活动剧情\満開、アルストロメリア流幸福論─つなぐ・まごころ・みっつ─\エンディング-花ざかり、これからも。.csv,79,4001004080690,千雪,我也赞成插三根♪,283活动剧情,満開、アルストロメリア流幸福論─つなぐ・まごころ・みっつ─,エンディング-花ざかり、これからも。
283活动剧情\満開、アルストロメリア流幸福論─つなぐ・まごころ・みっつ─\オープニング-私達の目的地.csv,3,4001004010020,千雪,"嗯
甘奈，颜色是白的，我觉得很适合你",283活动剧情,満開、アルストロメリア流幸福論─つなぐ・まごころ・みっつ─,オープニング-私達の目的地
283活动剧情\満開、アルストロメリア流幸福論─つなぐ・まごころ・みっつ─\オープニング-私達の目的地.csv,11,4001004010060,千雪,"哪里，算不上什么高级哦
就只是花了些工夫做出来的织物",283活动剧情,満開、アルストロメリア流幸福論─つなぐ・まごころ・みっつ─,オープニング-私達の目的地
283活动剧情\満開、アルストロメリア流幸福論─つなぐ・まごころ・みっつ─\オープニング-私達の目的地.csv,13,4001004010080,千雪,呵呵，就只是一小部分哦？,283活动剧情,満開、アルストロメリア流幸福論─つなぐ・まごころ・みっつ─,オープニング-私達の目的地
283活动剧情\満開、アルストロメリア流幸福論─つなぐ・まごころ・みっつ─\オープニング-私達の目的地.csv,14,4001004010090,千雪,……以前，去体验了一下制作锦缎,283活动剧情,満開、アルストロメリア流幸福論─つなぐ・まごころ・みっつ─,オープニング-私達の目的地
283活动剧情\満開、アルストロメリア流幸福論─つなぐ・まごころ・みっつ─\オープニング-私達の目的地.csv,15,4001004010100,千雪,"整理之后就带出门了……
刚刚洗好拿回来",283活动剧情,満開、アルストロメリア流幸福論─つなぐ・まごころ・みっつ─,オープニング-私達の目的地
283活动剧情\満開、アルストロメリア流幸福論─つなぐ・まごころ・みっつ─\オープニング-私達の目的地.csv,18,4001004010130,千雪,哇！系上去看看？,283活动剧情,満開、アルストロメリア流幸福論─つなぐ・まごころ・みっつ─,オープニング-私達の目的地
283活动剧情\満開、アルストロメリア流幸福論─つなぐ・まごころ・みっつ─\オープニング-私達の目的地.csv,22,4001004010170,千雪,"真可爱！颜色正好适合你们两人呢
或许比我还要合适……",283活动剧情,満開、アルストロメリア流幸福論─つなぐ・まごころ・みっつ─,オープニング-私達の目的地
283活动剧情\満開、アルストロメリア流幸福論─つなぐ・まごころ・みっつ─\オープニング-私達の目的地.csv,26,4001004010210,千雪,"已经很可爱了呀，甘奈
唔，也想配上浴衣看看呢",283活动剧情,満開、アルストロメリア流幸福論─つなぐ・まごころ・みっつ─,オープニング-私達の目的地
283活动剧情\満開、アルストロメリア流幸福論─つなぐ・まごころ・みっつ─\オープニング-私達の目的地.csv,32,4001004010250,千雪,,283活动剧情,満開、アルストロメリア流幸福論─つなぐ・まごころ・みっつ─,オープニング-私達の目的地
283活动剧情\満開、アルストロメリア流幸福論─つなぐ・まごころ・みっつ─\オープニング-私達の目的地.csv,39,4001004010290,千雪,"呵呵，我能理解哦
我也感觉很兴奋……♪",283活动剧情,満開、アルストロメリア流幸福論─つなぐ・まごころ・みっつ─,オープニング-私達の目的地
283活动剧情\満開、アルストロメリア流幸福論─つなぐ・まごころ・みっつ─\オープニング-私達の目的地.csv,42,4001004010310,千雪,"是啊
我都好久没去过庙会了",283活动剧情,満開、アルストロメリア流幸福論─つなぐ・まごころ・みっつ─,オープニング-私達の目的地
283活动剧情\満開、アルストロメリア流幸福論─つなぐ・まごころ・みっつ─\オープニング-私達の目的地.csv,48,4001004010370,千雪,"哇，你们都记得呢
虽然，这种图案是有些少见……",283活动剧情,満開、アルストロメリア流幸福論─つなぐ・まごころ・みっつ─,オープニング-私達の目的地
283活动剧情\満開、アルストロメリア流幸福論─つなぐ・まごころ・みっつ─\オープニング-私達の目的地.csv,49,4001004010380,千雪,"你们肯定也能
找到漂亮图案的",283活动剧情,満開、アルストロメリア流幸福論─つなぐ・まごころ・みっつ─,オープニング-私達の目的地
283活动剧情\満開、アルストロメリア流幸福論─つなぐ・まごころ・みっつ─\オープニング-私達の目的地.csv,54,4001004010410,千雪,"只要在这个地区
不管是什么地方都可以吗？",283活动剧情,満開、アルストロメリア流幸福論─つなぐ・まごころ・みっつ─,オープニング-私達の目的地
283活动剧情\満開、アルストロメリア流幸福論─つなぐ・まごころ・みっつ─\オープニング-私達の目的地.csv,63,4001004010480,千雪,呵呵……,283活动剧情,満開、アルストロメリア流幸福論─つなぐ・まごころ・みっつ─,オープニング-私達の目的地
283活动剧情\満開、アルストロメリア流幸福論─つなぐ・まごころ・みっつ─\オープニング-私達の目的地.csv,65,4001004010500,千雪,"哎呀，我吗？
这个嘛，我……——",283活动剧情,満開、アルストロメリア流幸福論─つなぐ・まごころ・みっつ─,オープニング-私達の目的地
283活动剧情\満開、アルストロメリア流幸福論─つなぐ・まごころ・みっつ─\オープニング-私達の目的地.csv,66,4001004010510,千雪,——我现在也想不到呢……,283活动剧情,満開、アルストロメリア流幸福論─つなぐ・まごころ・みっつ─,オープニング-私達の目的地
283活动剧情\満開、アルストロメリア流幸福論─つなぐ・まごころ・みっつ─\オープニング-私達の目的地.csv,67,4001004010520,千雪,期待听你们说想去的地方♪,283活动剧情,満開、アルストロメリア流幸福論─つなぐ・まごころ・みっつ─,オープニング-私達の目的地
283活动剧情\満開、アルストロメリア流幸福論─つなぐ・まごころ・みっつ─\オープニング-私達の目的地.csv,71,4001004010550,千雪,"呵呵
……嗯♪",283活动剧情,満開、アルストロメリア流幸福論─つなぐ・まごころ・みっつ─,オープニング-私達の目的地
283活动剧情\満開、アルストロメリア流幸福論─つなぐ・まごころ・みっつ─\第1話-パールホワイト.csv,3,4001004020020,千雪,"……哇，有些意外呢
甘奈也会去游戏中心呢",283活动剧情,満開、アルストロメリア流幸福論─つなぐ・まごころ・みっつ─,第1話-パールホワイト
283活动剧情\満開、アルストロメリア流幸福論─つなぐ・まごころ・みっつ─\第1話-パールホワイト.csv,6,4001004020050,千雪,"也是呢，对不起……
没什么奇怪的！",283活动剧情,満開、アルストロメリア流幸福論─つなぐ・まごころ・みっつ─,第1話-パールホワイト
283活动剧情\満開、アルストロメリア流幸福論─つなぐ・まごころ・みっつ─\第1話-パールホワイト.csv,9,4001004020070,千雪,"啊，制作人
你辛苦了",283活动剧情,満開、アルストロメリア流幸福論─つなぐ・まごころ・みっつ─,第1話-パールホワイト
283活动剧情\満開、アルストロメリア流幸福論─つなぐ・まごころ・みっつ─\第1話-パールホワイト.csv,12,4001004020100,千雪,"刚才，甘奈给了去游戏中心的建议
——甘奈，那是个什么样的地方？",283活动剧情,満開、アルストロメリア流幸福論─つなぐ・まごころ・みっつ─,第1話-パールホワイト
283活动剧情\満開、アルストロメリア流幸福論─つなぐ・まごころ・みっつ─\第1話-パールホワイト.csv,14,4001004020120,千雪,"欸～这样啊！
呵呵，更加意外了……！",283活动剧情,満開、アルストロメリア流幸福論─つなぐ・まごころ・みっつ─,第1話-パールホワイト
283活动剧情\満開、アルストロメリア流幸福論─つなぐ・まごころ・みっつ─\第1話-パールホワイト.csv,25,4001004020220,千雪,"哇……是吗
感觉也很棒呢……",283活动剧情,満開、アルストロメリア流幸福論─つなぐ・まごころ・みっつ─,第1話-パールホワイト
283活动剧情\満開、アルストロメリア流幸福論─つなぐ・まごころ・みっつ─\第1話-パールホワイト.csv,26,4001004020230,千雪,"不过……呵呵，抱歉
甜花想去的地方，也让我有些意外呢！",283活动剧情,満開、アルストロメリア流幸福論─つなぐ・まごころ・みっつ─,第1話-パールホワイト
283活动剧情\満開、アルストロメリア流幸福論─つなぐ・まごころ・みっつ─\第1話-パールホワイト.csv,33,4001004020290,千雪,,283活动剧情,満開、アルストロメリア流幸福論─つなぐ・まごころ・みっつ─,第1話-パールホワイト
283活动剧情\満開、アルストロメリア流幸福論─つなぐ・まごころ・みっつ─\第1話-パールホワイト.csv,34,4001004020300,千雪,"……这样啊
你们关系真的很好呢……呵呵",283活动剧情,満開、アルストロメリア流幸福論─つなぐ・まごころ・みっつ─,第1話-パールホワイト
283活动剧情\満開、アルストロメリア流幸福論─つなぐ・まごころ・みっつ─\第1話-パールホワイト.csv,44,4001004020390,千雪,"……呵呵
这种时候也很合拍呢",283活动剧情,満開、アルストロメリア流幸福論─つなぐ・まごころ・みっつ─,第1話-パールホワイト
283活动剧情\満開、アルストロメリア流幸福論─つなぐ・まごころ・みっつ─\第1話-パールホワイト.csv,45,4001004020400,千雪,"既然这样，
……两个地方都去怎么样？",283活动剧情,満開、アルストロメリア流幸福論─つなぐ・まごころ・みっつ─,第1話-パールホワイト
283活动剧情\満開、アルストロメリア流幸福論─つなぐ・まごころ・みっつ─\第1話-パールホワイト.csv,47,4001004020420,千雪,"嗯。但是两个地方都实际去看过之后，
就能决定到底选哪里了吧",283活动剧情,満開、アルストロメリア流幸福論─つなぐ・まごころ・みっつ─,第1話-パールホワイト
283活动剧情\満開、アルストロメリア流幸福論─つなぐ・まごころ・みっつ─\第1話-パールホワイト.csv,48,4001004020430,千雪,──怎么样？制作人？,283活动剧情,満開、アルストロメリア流幸福論─つなぐ・まごころ・みっつ─,第1話-パールホワイト
283活动剧情\満開、アルストロメリア流幸福論─つなぐ・まごころ・みっつ─\第1話-パールホワイト.csv,53,4001004020470,千雪,我、我吗……？,283活动剧情,満開、アルストロメリア流幸福論─つなぐ・まごころ・みっつ─,第1話-パールホワイト
283活动剧情\満開、アルストロメリア流幸福論─つなぐ・まごころ・みっつ─\第1話-パールホワイト.csv,54,4001004020480,千雪,"……那个……真要我选一个推荐场所的话，
果然很难呢……",283活动剧情,満開、アルストロメリア流幸福論─つなぐ・まごころ・みっつ─,第1話-パールホワイト
283活动剧情\満開、アルストロメリア流幸福論─つなぐ・まごころ・みっつ─\第1話-パールホワイト.csv,56,4001004020500,千雪,"嗯，谢谢你们
……但是……",283活动剧情,満開、アルストロメリア流幸福論─つなぐ・まごころ・みっつ─,第1話-パールホワイト
283活动剧情\満開、アルストロメリア流幸福論─つなぐ・まごころ・みっつ─\第1話-パールホワイト.csv,57,4001004020510,千雪,"这次的话，我……
去甘奈和甜花想去的地方就好",283活动剧情,満開、アルストロメリア流幸福論─つなぐ・まごころ・みっつ─,第1話-パールホワイト
283活动剧情\満開、アルストロメリア流幸福論─つなぐ・まごころ・みっつ─\第1話-パールホワイト.csv,60,4001004020540,千雪,"哎呀……
谢谢你们，甘奈，甜花",283活动剧情,満開、アルストロメリア流幸福論─つなぐ・まごころ・みっつ─,第1話-パールホワイト
283活动剧情\満開、アルストロメリア流幸福論─つなぐ・まごころ・みっつ─\第1話-パールホワイト.csv,61,4001004020550,千雪,嗯，肯定能找到的……,283活动剧情,満開、アルストロメリア流幸福論─つなぐ・まごころ・みっつ─,第1話-パールホワイト
283活动剧情\満開、アルストロメリア流幸福論─つなぐ・まごころ・みっつ─\第2話-天と地、屈折.csv,6,4001004030050,千雪,"这样子啊。谢谢你，甜花♪
托你的福，能在这里慢慢享受了呢",283活动剧情,満開、アルストロメリア流幸福論─つなぐ・まごころ・みっつ─,第2話-天と地、屈折
283活动剧情\満開、アルストロメリア流幸福論─つなぐ・まごころ・みっつ─\第2話-天と地、屈折.csv,11,4001004030100,千雪,"呵呵，真的！
都不知道该从哪里开始看呢",283活动剧情,満開、アルストロメリア流幸福論─つなぐ・まごころ・みっつ─,第2話-天と地、屈折
283活动剧情\満開、アルストロメリア流幸福論─つなぐ・まごころ・みっつ─\第2話-天と地、屈折.csv,21,4001004030200,千雪,之前在等候时间见过甘奈看时尚杂志……,283活动剧情,満開、アルストロメリア流幸福論─つなぐ・まごころ・みっつ─,第2話-天と地、屈折
283活动剧情\満開、アルストロメリア流幸福論─つなぐ・まごころ・みっつ─\第2話-天と地、屈折.csv,22,4001004030210,千雪,甘奈平时也会看这种书呢,283活动剧情,満開、アルストロメリア流幸福論─つなぐ・まごころ・みっつ─,第2話-天と地、屈折
283活动剧情\満開、アルストロメリア流幸福論─つなぐ・まごころ・みっつ─\第2話-天と地、屈折.csv,27,4001004030260,千雪,……这样啊。甘奈喜欢书吗？,283活动剧情,満開、アルストロメリア流幸福論─つなぐ・まごころ・みっつ─,第2話-天と地、屈折
283活动剧情\満開、アルストロメリア流幸福論─つなぐ・まごころ・みっつ─\第2話-天と地、屈折.csv,33,4001004030320,千雪,……真好呢,283活动剧情,満開、アルストロメリア流幸福論─つなぐ・まごころ・みっつ─,第2話-天と地、屈折
283活动剧情\満開、アルストロメリア流幸福論─つなぐ・まごころ・みっつ─\第2話-天と地、屈折.csv,34,4001004030330,千雪,"甘奈在与书相遇的时候，
肯定也能和写下那本书的人相会呢",283活动剧情,満開、アルストロメリア流幸福論─つなぐ・まごころ・みっつ─,第2話-天と地、屈折
283活动剧情\満開、アルストロメリア流幸福論─つなぐ・まごころ・みっつ─\第2話-天と地、屈折.csv,36,4001004030350,千雪,"嗯，对哦
……甘奈。我今天也想有一场美好的邂逅呢",283活动剧情,満開、アルストロメリア流幸福論─つなぐ・まごころ・みっつ─,第2話-天と地、屈折
283活动剧情\満開、アルストロメリア流幸福論─つなぐ・まごころ・みっつ─\第2話-天と地、屈折.csv,37,4001004030360,千雪,有什么推荐的书能跟我说吗？,283活动剧情,満開、アルストロメリア流幸福論─つなぐ・まごころ・みっつ─,第2話-天と地、屈折
283活动剧情\満開、アルストロメリア流幸福論─つなぐ・まごころ・みっつ─\第2話-天と地、屈折.csv,39,4001004030380,千雪,哇，是介绍和式小物的书！,283活动剧情,満開、アルストロメリア流幸福論─つなぐ・まごころ・みっつ─,第2話-天と地、屈折
283活动剧情\満開、アルストロメリア流幸福論─つなぐ・まごころ・みっつ─\第2話-天と地、屈折.csv,41,4001004030400,千雪,"──好棒……
自己做的时候应该能参考一下……",283活动剧情,満開、アルストロメリア流幸福論─つなぐ・まごころ・みっつ─,第2話-天と地、屈折
283活动剧情\満開、アルストロメリア流幸福論─つなぐ・まごころ・みっつ─\第2話-天と地、屈折.csv,45,4001004030440,千雪,给我看？是什么,283活动剧情,満開、アルストロメリア流幸福論─つなぐ・まごころ・みっつ─,第2話-天と地、屈折
283活动剧情\満開、アルストロメリア流幸福論─つなぐ・まごころ・みっつ─\第2話-天と地、屈折.csv,49,4001004030480,千雪,"好啊！
谢谢你，甜花♪",283活动剧情,満開、アルストロメリア流幸福論─つなぐ・まごころ・みっつ─,第2話-天と地、屈折
283活动剧情\満開、アルストロメリア流幸福論─つなぐ・まごころ・みっつ─\第2話-天と地、屈折.csv,51,4001004030500,千雪,哇……！,283活动剧情,満開、アルストロメリア流幸福論─つなぐ・まごころ・みっつ─,第2話-天と地、屈折
283活动剧情\満開、アルストロメリア流幸福論─つなぐ・まごころ・みっつ─\第2話-天と地、屈折.csv,53,4001004030520,千雪,"这个……好漂亮……！
我很喜欢这种花朵样式的首饰……！",283活动剧情,満開、アルストロメリア流幸福論─つなぐ・まごころ・みっつ─,第2話-天と地、屈折
283活动剧情\満開、アルストロメリア流幸福論─つなぐ・まごころ・みっつ─\第2話-天と地、屈折.csv,55,4001004030540,千雪,嗯，我试试……,283活动剧情,満開、アルストロメリア流幸福論─つなぐ・まごころ・みっつ─,第2話-天と地、屈折
283活动剧情\満開、アルストロメリア流幸福論─つなぐ・まごころ・みっつ─\第2話-天と地、屈折.csv,57,4001004030560,千雪,都是因为首饰很可爱吧,283活动剧情,満開、アルストロメリア流幸福論─つなぐ・まごころ・みっつ─,第2話-天と地、屈折
283活动剧情\満開、アルストロメリア流幸福論─つなぐ・まごころ・みっつ─\第2話-天と地、屈折.csv,60,4001004030590,千雪,呵呵，甘奈……,283活动剧情,満開、アルストロメリア流幸福論─つなぐ・まごころ・みっつ─,第2話-天と地、屈折
283活动剧情\満開、アルストロメリア流幸福論─つなぐ・まごころ・みっつ─\第2話-天と地、屈折.csv,61,4001004030600,千雪,那个，这种花样的首饰，叫做“手捏花”,283活动剧情,満開、アルストロメリア流幸福論─つなぐ・まごころ・みっつ─,第2話-天と地、屈折
283活动剧情\満開、アルストロメリア流幸福論─つなぐ・まごころ・みっつ─\第2話-天と地、屈折.csv,62,4001004030610,千雪,"因为是将布用手捏出来的，所以就有了这个名字，
是起源于江户时代的手工艺",283活动剧情,満開、アルストロメリア流幸福論─つなぐ・まごころ・みっつ─,第2話-天と地、屈折
283活动剧情\満開、アルストロメリア流幸福論─つなぐ・まごころ・みっつ─\第2話-天と地、屈折.csv,66,4001004030650,千雪,唔～……！,283活动剧情,満開、アルストロメリア流幸福論─つなぐ・まごころ・みっつ─,第2話-天と地、屈折
283活动剧情\満開、アルストロメリア流幸福論─つなぐ・まごころ・みっつ─\第2話-天と地、屈折.csv,67,4001004030660,千雪,"……虽然是有点想买……
可今天没打算来买首饰呀……",283活动剧情,満開、アルストロメリア流幸福論─つなぐ・まごころ・みっつ─,第2話-天と地、屈折
283活动剧情\満開、アルストロメリア流幸福論─つなぐ・まごころ・みっつ─\第2話-天と地、屈折.csv,68,4001004030670,千雪,……我们回去选书看吧,283活动剧情,満開、アルストロメリア流幸福論─つなぐ・まごころ・みっつ─,第2話-天と地、屈折
283活动剧情\満開、アルストロメリア流幸福論─つなぐ・まごころ・みっつ─\第2話-天と地、屈折.csv,71,4001004030700,千雪,没关系的！,283活动剧情,満開、アルストロメリア流幸福論─つなぐ・まごころ・みっつ─,第2話-天と地、屈折
283活动剧情\満開、アルストロメリア流幸福論─つなぐ・まごころ・みっつ─\第2話-天と地、屈折.csv,72,4001004030710,千雪,"比起那个……稍微有些吵闹呢
对不起……！",283活动剧情,満開、アルストロメリア流幸福論─つなぐ・まごころ・みっつ─,第2話-天と地、屈折
283活动剧情\満開、アルストロメリア流幸福論─つなぐ・まごころ・みっつ─\第2話-天と地、屈折.csv,73,4001004030720,千雪,……哎呀，已经这个时候了,283活动剧情,満開、アルストロメリア流幸福論─つなぐ・まごころ・みっつ─,第2話-天と地、屈折
283活动剧情\満開、アルストロメリア流幸福論─つなぐ・まごころ・みっつ─\第2話-天と地、屈折.csv,76,4001004030750,千雪,我们也得准备一下呢，甘奈,283活动剧情,満開、アルストロメリア流幸福論─つなぐ・まごころ・みっつ─,第2話-天と地、屈折
283活动剧情\満開、アルストロメリア流幸福論─つなぐ・まごころ・みっつ─\第2話-天と地、屈折.csv,80,4001004030790,千雪,"在说什么呀，甘奈
完全没有这回事哦",283活动剧情,満開、アルストロメリア流幸福論─つなぐ・まごころ・みっつ─,第2話-天と地、屈折
283活动剧情\満開、アルストロメリア流幸福論─つなぐ・まごころ・みっつ─\第2話-天と地、屈折.csv,82,4001004030810,千雪,"不用，没关系的
谢谢你了，甘奈♪",283活动剧情,満開、アルストロメリア流幸福論─つなぐ・まごころ・みっつ─,第2話-天と地、屈折
283活动剧情\満開、アルストロメリア流幸福論─つなぐ・まごころ・みっつ─\第2話-天と地、屈折.csv,86,4001004030850,千雪,……呵呵,283活动剧情,満開、アルストロメリア流幸福論─つなぐ・まごころ・みっつ─,第2話-天と地、屈折
283活动剧情\満開、アルストロメリア流幸福論─つなぐ・まごころ・みっつ─\第2話-天と地、屈折.csv,87,4001004030860,千雪,已经很晚了呢,283活动剧情,満開、アルストロメリア流幸福論─つなぐ・まごころ・みっつ─,第2話-天と地、屈折
283活动剧情\満開、アルストロメリア流幸福論─つなぐ・まごころ・みっつ─\第2話-天と地、屈折.csv,96,4001004030950,千雪,,283活动剧情,満開、アルストロメリア流幸福論─つなぐ・まごころ・みっつ─,第2話-天と地、屈折
283活动剧情\満開、アルストロメリア流幸福論─つなぐ・まごころ・みっつ─\第3話-甜花の敵じゃない.csv,2,4001004040010,千雪,呀……！,283活动剧情,満開、アルストロメリア流幸福論─つなぐ・まごころ・みっつ─,第3話-甜花の敵じゃない
283活动剧情\満開、アルストロメリア流幸福論─つなぐ・まごころ・みっつ─\第3話-甜花の敵じゃない.csv,8,4001004040070,千雪,"嗯……！
很厉害呢，甜花……！",283活动剧情,満開、アルストロメリア流幸福論─つなぐ・まごころ・みっつ─,第3話-甜花の敵じゃない
283活动剧情\満開、アルストロメリア流幸福論─つなぐ・まごころ・みっつ─\第3話-甜花の敵じゃない.csv,9,4001004040080,千雪,"我刚才什么忙都没帮上呢
对不起",283活动剧情,満開、アルストロメリア流幸福論─つなぐ・まごころ・みっつ─,第3話-甜花の敵じゃない
283活动剧情\満開、アルストロメリア流幸福論─つなぐ・まごころ・みっつ─\第3話-甜花の敵じゃない.csv,11,4001004040100,千雪,"不是哦甜花！
虽然已经明白了游戏规则",283活动剧情,満開、アルストロメリア流幸福論─つなぐ・まごころ・みっつ─,第3話-甜花の敵じゃない
283活动剧情\満開、アルストロメリア流幸福論─つなぐ・まごころ・みっつ─\第3話-甜花の敵じゃない.csv,12,4001004040110,千雪,但是敌人实际跑出来之后，还是被吓到了,283活动剧情,満開、アルストロメリア流幸福論─つなぐ・まごころ・みっつ─,第3話-甜花の敵じゃない
283活动剧情\満開、アルストロメリア流幸福論─つなぐ・まごころ・みっつ─\第3話-甜花の敵じゃない.csv,17,4001004040160,千雪,"是啊
想不起步骤的话，根本动不了",283活动剧情,満開、アルストロメリア流幸福論─つなぐ・まごころ・みっつ─,第3話-甜花の敵じゃない
283活动剧情\満開、アルストロメリア流幸福論─つなぐ・まごころ・みっつ─\第3話-甜花の敵じゃない.csv,21,4001004040200,千雪,嗯。换弹还有枪的拿法是吧──……！,283活动剧情,満開、アルストロメリア流幸福論─つなぐ・まごころ・みっつ─,第3話-甜花の敵じゃない
283活动剧情\満開、アルストロメリア流幸福論─つなぐ・まごころ・みっつ─\第3話-甜花の敵じゃない.csv,23,4001004040220,千雪,"被吓到也不放下枪……
感觉这点是最难的……",283活动剧情,満開、アルストロメリア流幸福論─つなぐ・まごころ・みっつ─,第3話-甜花の敵じゃない
283活动剧情\満開、アルストロメリア流幸福論─つなぐ・まごころ・みっつ─\第3話-甜花の敵じゃない.csv,25,4001004040240,千雪,──没问题！能行哦，甜花,283活动剧情,満開、アルストロメリア流幸福論─つなぐ・まごころ・みっつ─,第3話-甜花の敵じゃない
283活动剧情\満開、アルストロメリア流幸福論─つなぐ・まごころ・みっつ─\第3話-甜花の敵じゃない.csv,30,4001004040290,千雪,"哇……！
果、果然，一开始游戏就会被吓到呢……！",283活动剧情,満開、アルストロメリア流幸福論─つなぐ・まごころ・みっつ─,第3話-甜花の敵じゃない
283活动剧情\満開、アルストロメリア流幸福論─つなぐ・まごころ・みっつ─\第3話-甜花の敵じゃない.csv,32,4001004040310,千雪,诶？啊，这边也有啊──？！,283活动剧情,満開、アルストロメリア流幸福論─つなぐ・まごころ・みっつ─,第3話-甜花の敵じゃない
283活动剧情\満開、アルストロメリア流幸福論─つなぐ・まごころ・みっつ─\第3話-甜花の敵じゃない.csv,34,4001004040330,千雪,谢谢你甜花，嗯，瞄准好──,283活动剧情,満開、アルストロメリア流幸福論─つなぐ・まごころ・みっつ─,第3話-甜花の敵じゃない
283活动剧情\満開、アルストロメリア流幸福論─つなぐ・まごころ・みっつ─\第3話-甜花の敵じゃない.csv,35,4001004040340,千雪,──嘿,283活动剧情,満開、アルストロメリア流幸福論─つなぐ・まごころ・みっつ─,第3話-甜花の敵じゃない
283活动剧情\満開、アルストロメリア流幸福論─つなぐ・まごころ・みっつ─\第3話-甜花の敵じゃない.csv,38,4001004040370,千雪,真的吗？太好了……！,283活动剧情,満開、アルストロメリア流幸福論─つなぐ・まごころ・みっつ─,第3話-甜花の敵じゃない
283活动剧情\満開、アルストロメリア流幸福論─つなぐ・まごころ・みっつ─\第3話-甜花の敵じゃない.csv,40,4001004040390,千雪,啊，不好意思！,283活动剧情,満開、アルストロメリア流幸福論─つなぐ・まごころ・みっつ─,第3話-甜花の敵じゃない
283活动剧情\満開、アルストロメリア流幸福論─つなぐ・まごころ・みっつ─\第3話-甜花の敵じゃない.csv,41,4001004040400,千雪,……呵呵,283活动剧情,満開、アルストロメリア流幸福論─つなぐ・まごころ・みっつ─,第3話-甜花の敵じゃない
283活动剧情\満開、アルストロメリア流幸福論─つなぐ・まごころ・みっつ─\第3話-甜花の敵じゃない.csv,43,4001004040420,千雪,诶！？,283活动剧情,満開、アルストロメリア流幸福論─つなぐ・まごころ・みっつ─,第3話-甜花の敵じゃない
283活动剧情\満開、アルストロメリア流幸福論─つなぐ・まごころ・みっつ─\第3話-甜花の敵じゃない.csv,48,4001004040470,千雪,甜花，不管哪个游戏都很拿手呢,283活动剧情,満開、アルストロメリア流幸福論─つなぐ・まごころ・みっつ─,第3話-甜花の敵じゃない
283活动剧情\満開、アルストロメリア流幸福論─つなぐ・まごころ・みっつ─\第3話-甜花の敵じゃない.csv,50,4001004040490,千雪,嗯，而且也很擅长教人！,283活动剧情,満開、アルストロメリア流幸福論─つなぐ・まごころ・みっつ─,第3話-甜花の敵じゃない
283活动剧情\満開、アルストロメリア流幸福論─つなぐ・まごころ・みっつ─\第3話-甜花の敵じゃない.csv,51,4001004040500,千雪,"我下次来这里的话，
感觉全部游戏都能靠自己玩好呢",283活动剧情,満開、アルストロメリア流幸福論─つなぐ・まごころ・みっつ─,第3話-甜花の敵じゃない
283活动剧情\満開、アルストロメリア流幸福論─つなぐ・まごころ・みっつ─\第3話-甜花の敵じゃない.csv,53,4001004040520,千雪,"诶？
看见我刚才玩射击游戏的样子，还能这么说吗？",283活动剧情,満開、アルストロメリア流幸福論─つなぐ・まごころ・みっつ─,第3話-甜花の敵じゃない
283活动剧情\満開、アルストロメリア流幸福論─つなぐ・まごころ・みっつ─\第3話-甜花の敵じゃない.csv,57,4001004040560,千雪,"啊，甘奈，我们一起回去也──啊，
已经走了……",283活动剧情,満開、アルストロメリア流幸福論─つなぐ・まごころ・みっつ─,第3話-甜花の敵じゃない
283活动剧情\満開、アルストロメリア流幸福論─つなぐ・まごころ・みっつ─\第3話-甜花の敵じゃない.csv,60,4001004040590,千雪,──甜花，对游戏很在行呢,283活动剧情,満開、アルストロメリア流幸福論─つなぐ・まごころ・みっつ─,第3話-甜花の敵じゃない
283活动剧情\満開、アルストロメリア流幸福論─つなぐ・まごころ・みっつ─\第3話-甜花の敵じゃない.csv,63,4001004040620,千雪,是吗？,283活动剧情,満開、アルストロメリア流幸福論─つなぐ・まごころ・みっつ─,第3話-甜花の敵じゃない
283活动剧情\満開、アルストロメリア流幸福論─つなぐ・まごころ・みっつ─\第3話-甜花の敵じゃない.csv,64,4001004040630,千雪,"但是我今天能玩得这么开心，
都是多亏了甜花的掩护哦",283活动剧情,満開、アルストロメリア流幸福論─つなぐ・まごころ・みっつ─,第3話-甜花の敵じゃない
283活动剧情\満開、アルストロメリア流幸福論─つなぐ・まごころ・みっつ─\第3話-甜花の敵じゃない.csv,65,4001004040640,千雪,下次，再教我玩别的游戏可以吗？,283活动剧情,満開、アルストロメリア流幸福論─つなぐ・まごころ・みっつ─,第3話-甜花の敵じゃない
283活动剧情\満開、アルストロメリア流幸福論─つなぐ・まごころ・みっつ─\第3話-甜花の敵じゃない.csv,68,4001004040670,千雪,什么？,283活动剧情,満開、アルストロメリア流幸福論─つなぐ・まごころ・みっつ─,第3話-甜花の敵じゃない
283活动剧情\満開、アルストロメリア流幸福論─つなぐ・まごころ・みっつ─\第3話-甜花の敵じゃない.csv,70,4001004040690,千雪,在聊书的事情哦,283活动剧情,満開、アルストロメリア流幸福論─つなぐ・まごころ・みっつ─,第3話-甜花の敵じゃない
283活动剧情\満開、アルストロメリア流幸福論─つなぐ・まごころ・みっつ─\第3話-甜花の敵じゃない.csv,71,4001004040700,千雪,"问了下甘奈会看什么书──
还得到了她的推荐",283活动剧情,満開、アルストロメリア流幸福論─つなぐ・まごころ・みっつ─,第3話-甜花の敵じゃない
283活动剧情\満開、アルストロメリア流幸福論─つなぐ・まごころ・みっつ─\第3話-甜花の敵じゃない.csv,77,4001004040760,千雪,……嗯,283活动剧情,満開、アルストロメリア流幸福論─つなぐ・まごころ・みっつ─,第3話-甜花の敵じゃない
283活动剧情\満開、アルストロメリア流幸福論─つなぐ・まごころ・みっつ─\第3話-甜花の敵じゃない.csv,79,4001004040780,千雪,"没事的
找到忘记的东西就好",283活动剧情,満開、アルストロメリア流幸福論─つなぐ・まごころ・みっつ─,第3話-甜花の敵じゃない
283活动剧情\満開、アルストロメリア流幸福論─つなぐ・まごころ・みっつ─\第3話-甜花の敵じゃない.csv,85,4001004040840,千雪,……是啊……,283活动剧情,満開、アルストロメリア流幸福論─つなぐ・まごころ・みっつ─,第3話-甜花の敵じゃない
283活动剧情\満開、アルストロメリア流幸福論─つなぐ・まごころ・みっつ─\第3話-甜花の敵じゃない.csv,86,4001004040850,千雪,,283活动剧情,満開、アルストロメリア流幸福論─つなぐ・まごころ・みっつ─,第3話-甜花の敵じゃない
283活动剧情\満開、アルストロメリア流幸福論─つなぐ・まごころ・みっつ─\第3話-甜花の敵じゃない.csv,87,4001004040860,千雪,……啊，对了！,283活动剧情,満開、アルストロメリア流幸福論─つなぐ・まごころ・みっつ─,第3話-甜花の敵じゃない
283活动剧情\満開、アルストロメリア流幸福論─つなぐ・まごころ・みっつ─\第3話-甜花の敵じゃない.csv,89,4001004040870,千雪,"……那个，我们自己片面认为，
“一个版块”就只能介绍一个地方……",283活动剧情,満開、アルストロメリア流幸福論─つなぐ・まごころ・みっつ─,第3話-甜花の敵じゃない
283活动剧情\満開、アルストロメリア流幸福論─つなぐ・まごころ・みっつ─\第3話-甜花の敵じゃない.csv,90,4001004040880,千雪,但或许也有商量的余地吧,283活动剧情,満開、アルストロメリア流幸福論─つなぐ・まごころ・みっつ─,第3話-甜花の敵じゃない
283活动剧情\満開、アルストロメリア流幸福論─つなぐ・まごころ・みっつ─\第3話-甜花の敵じゃない.csv,91,4001004040890,千雪,"“话题沸腾中的新店铺，图书咖啡馆VS.
在本地备受喜爱的怀旧游戏中心”",283活动剧情,満開、アルストロメリア流幸福論─つなぐ・まごころ・みっつ─,第3話-甜花の敵じゃない
283活动剧情\満開、アルストロメリア流幸福論─つなぐ・まごころ・みっつ─\第3話-甜花の敵じゃない.csv,92,4001004040900,千雪,"……以这个作为主题的话……
或许两个地方都能报道呢！",283活动剧情,満開、アルストロメリア流幸福論─つなぐ・まごころ・みっつ─,第3話-甜花の敵じゃない
283活动剧情\満開、アルストロメリア流幸福論─つなぐ・まごころ・みっつ─\第3話-甜花の敵じゃない.csv,95,4001004040930,千雪,呵呵，那就和制作人商量一下吧,283活动剧情,満開、アルストロメリア流幸福論─つなぐ・まごころ・みっつ─,第3話-甜花の敵じゃない
283活动剧情\満開、アルストロメリア流幸福論─つなぐ・まごころ・みっつ─\第3話-甜花の敵じゃない.csv,97,4001004040940,千雪,而且……也快到庙会的日子了，得做准备了呢♪,283活动剧情,満開、アルストロメリア流幸福論─つなぐ・まごころ・みっつ─,第3話-甜花の敵じゃない
283活动剧情\満開、アルストロメリア流幸福論─つなぐ・まごころ・みっつ─\第4話-私をもっと知りたくて.csv,55,4001004050530,千雪,"……啊，制作人
辛苦了",283活动剧情,満開、アルストロメリア流幸福論─つなぐ・まごころ・みっつ─,第4話-私をもっと知りたくて
283活动剧情\満開、アルストロメリア流幸福論─つなぐ・まごころ・みっつ─\第4話-私をもっと知りたくて.csv,57,4001004050540,千雪,啊。我正好是来跟您谈这件事的──,283活动剧情,満開、アルストロメリア流幸福論─つなぐ・まごころ・みっつ─,第4話-私をもっと知りたくて
283活动剧情\満開、アルストロメリア流幸福論─つなぐ・まごころ・みっつ─\第4話-私をもっと知りたくて.csv,59,4001004050550,千雪,"哇……
非常感谢……！",283活动剧情,満開、アルストロメリア流幸福論─つなぐ・まごころ・みっつ─,第4話-私をもっと知りたくて
283活动剧情\満開、アルストロメリア流幸福論─つなぐ・まごころ・みっつ─\第4話-私をもっと知りたくて.csv,61,4001004050560,千雪,……诶？,283活动剧情,満開、アルストロメリア流幸福論─つなぐ・まごころ・みっつ─,第4話-私をもっと知りたくて
283活动剧情\満開、アルストロメリア流幸福論─つなぐ・まごころ・みっつ─\第4話-私をもっと知りたくて.csv,63,4001004050570,千雪,我，没什么……──,283活动剧情,満開、アルストロメリア流幸福論─つなぐ・まごころ・みっつ─,第4話-私をもっと知りたくて
283活动剧情\満開、アルストロメリア流幸福論─つなぐ・まごころ・みっつ─\第4話-私をもっと知りたくて.csv,65,4001004050580,千雪,,283活动剧情,満開、アルストロメリア流幸福論─つなぐ・まごころ・みっつ─,第4話-私をもっと知りたくて
283活动剧情\満開、アルストロメリア流幸福論─つなぐ・まごころ・みっつ─\第4話-私をもっと知りたくて.csv,66,4001004050590,千雪,"我……
我没有什么特别想去的地方……",283活动剧情,満開、アルストロメリア流幸福論─つなぐ・まごころ・みっつ─,第4話-私をもっと知りたくて
283活动剧情\満開、アルストロメリア流幸福論─つなぐ・まごころ・みっつ─\第4話-私をもっと知りたくて.csv,67,4001004050600,千雪,,283活动剧情,満開、アルストロメリア流幸福論─つなぐ・まごころ・みっつ─,第4話-私をもっと知りたくて
283活动剧情\満開、アルストロメリア流幸福論─つなぐ・まごころ・みっつ─\第4話-私をもっと知りたくて.csv,68,4001004050610,千雪,"……只要能看见甘奈和甜花的笑容，
不管去哪里都很开心",283活动剧情,満開、アルストロメリア流幸福論─つなぐ・まごころ・みっつ─,第4話-私をもっと知りたくて
283活动剧情\満開、アルストロメリア流幸福論─つなぐ・まごころ・みっつ─\第4話-私をもっと知りたくて.csv,69,4001004050620,千雪,"但是，如果……
只属于她们两个的地方，我──",283活动剧情,満開、アルストロメリア流幸福論─つなぐ・まごころ・みっつ─,第4話-私をもっと知りたくて
283活动剧情\満開、アルストロメリア流幸福論─つなぐ・まごころ・みっつ─\第4話-私をもっと知りたくて.csv,71,4001004050630,千雪,──没什么……,283活动剧情,満開、アルストロメリア流幸福論─つなぐ・まごころ・みっつ─,第4話-私をもっと知りたくて
283活动剧情\満開、アルストロメリア流幸福論─つなぐ・まごころ・みっつ─\第4話-私をもっと知りたくて.csv,72,4001004050640,千雪,,283活动剧情,満開、アルストロメリア流幸福論─つなぐ・まごころ・みっつ─,第4話-私をもっと知りたくて
283活动剧情\満開、アルストロメリア流幸福論─つなぐ・まごころ・みっつ─\第4話-私をもっと知りたくて.csv,78,4001004050650,千雪,……制作人,283活动剧情,満開、アルストロメリア流幸福論─つなぐ・まごころ・みっつ─,第4話-私をもっと知りたくて
283活动剧情\満開、アルストロメリア流幸福論─つなぐ・まごころ・みっつ─\第4話-私をもっと知りたくて.csv,82,4001004050660,千雪,……嗯,283活动剧情,満開、アルストロメリア流幸福論─つなぐ・まごころ・みっつ─,第4話-私をもっと知りたくて
283活动剧情\満開、アルストロメリア流幸福論─つなぐ・まごころ・みっつ─\第4話-私をもっと知りたくて.csv,83,4001004050670,千雪,"制作人，也许是这样呢……
……我会将内心的想法，告诉她们的",283活动剧情,満開、アルストロメリア流幸福論─つなぐ・まごころ・みっつ─,第4話-私をもっと知りたくて
283活动剧情\満開、アルストロメリア流幸福論─つなぐ・まごころ・みっつ─\第4話-私をもっと知りたくて.csv,85,4001004050680,千雪,"呵呵，被这么一说，或许确实是件很简单的事情呢──
我明明是个大人……得可靠些才行啊",283活动剧情,満開、アルストロメリア流幸福論─つなぐ・まごころ・みっつ─,第4話-私をもっと知りたくて
283活动剧情\満開、アルストロメリア流幸福論─つなぐ・まごころ・みっつ─\第5話-まごころ・みっつ重ねて.csv,2,4001004060010,千雪,"（三色丝线变为一组经丝
织出各种各样的花纹──）",283活动剧情,満開、アルストロメリア流幸福論─つなぐ・まごころ・みっつ─,第5話-まごころ・みっつ重ねて
283活动剧情\満開、アルストロメリア流幸福論─つなぐ・まごころ・みっつ─\第5話-まごころ・みっつ重ねて.csv,3,4001004060020,千雪,（经锦，真是不可思议的纺织品呢……）,283活动剧情,満開、アルストロメリア流幸福論─つなぐ・まごころ・みっつ─,第5話-まごころ・みっつ重ねて
283活动剧情\満開、アルストロメリア流幸福論─つなぐ・まごころ・みっつ─\第5話-まごころ・みっつ重ねて.csv,4,4001004060030,千雪,……嗯，完成了♪,283活动剧情,満開、アルストロメリア流幸福論─つなぐ・まごころ・みっつ─,第5話-まごころ・みっつ重ねて
283活动剧情\満開、アルストロメリア流幸福論─つなぐ・まごころ・みっつ─\第5話-まごころ・みっつ重ねて.csv,5,4001004060040,千雪,"嗯，
千雪，做的非常不错哦",283活动剧情,満開、アルストロメリア流幸福論─つなぐ・まごころ・みっつ─,第5話-まごころ・みっつ重ねて
283活动剧情\満開、アルストロメリア流幸福論─つなぐ・まごころ・みっつ─\第5話-まごころ・みっつ重ねて.csv,6,4001004060050,千雪,"虽然腰带完全变了个样，不过
……呵呵，肯定很适合她们两人",283活动剧情,満開、アルストロメリア流幸福論─つなぐ・まごころ・みっつ─,第5話-まごころ・みっつ重ねて
283活动剧情\満開、アルストロメリア流幸福論─つなぐ・まごころ・みっつ─\第5話-まごころ・みっつ重ねて.csv,7,4001004060060,千雪,……啊，闹钟……,283活动剧情,満開、アルストロメリア流幸福論─つなぐ・まごころ・みっつ─,第5話-まごころ・みっつ重ねて
283活动剧情\満開、アルストロメリア流幸福論─つなぐ・まごころ・みっつ─\第5話-まごころ・みっつ重ねて.csv,8,4001004060070,千雪,"……结果还是做到了今天早上
呼啊……",283活动剧情,満開、アルストロメリア流幸福論─つなぐ・まごころ・みっつ─,第5話-まごころ・みっつ重ねて
283活动剧情\満開、アルストロメリア流幸福論─つなぐ・まごころ・みっつ─\第5話-まごころ・みっつ重ねて.csv,10,4001004060080,千雪,（为了她们两人，我──）,283活动剧情,満開、アルストロメリア流幸福論─つなぐ・まごころ・みっつ─,第5話-まごころ・みっつ重ねて
283活动剧情\満開、アルストロメリア流幸福論─つなぐ・まごころ・みっつ─\第5話-まごころ・みっつ重ねて.csv,11,4001004060090,千雪,……会好好传达出去哦，我,283活动剧情,満開、アルストロメリア流幸福論─つなぐ・まごころ・みっつ─,第5話-まごころ・みっつ重ねて
283活动剧情\満開、アルストロメリア流幸福論─つなぐ・まごころ・みっつ─\第5話-まごころ・みっつ重ねて.csv,12,4001004060100,千雪,,283活动剧情,満開、アルストロメリア流幸福論─つなぐ・まごころ・みっつ─,第5話-まごころ・みっつ重ねて
283活动剧情\満開、アルストロメリア流幸福論─つなぐ・まごころ・みっつ─\第5話-まごころ・みっつ重ねて.csv,13,4001004060110,千雪,…………啊,283活动剧情,満開、アルストロメリア流幸福論─つなぐ・まごころ・みっつ─,第5話-まごころ・みっつ重ねて
283活动剧情\満開、アルストロメリア流幸福論─つなぐ・まごころ・みっつ─\第5話-まごころ・みっつ重ねて.csv,14,4001004060120,千雪,没有用来系的腰带了！,283活动剧情,満開、アルストロメリア流幸福論─つなぐ・まごころ・みっつ─,第5話-まごころ・みっつ重ねて
283活动剧情\満開、アルストロメリア流幸福論─つなぐ・まごころ・みっつ─\第5話-まごころ・みっつ重ねて.csv,17,4001004060150,千雪,"甘奈，甜花，早上好～
……这是什么？",283活动剧情,満開、アルストロメリア流幸福論─つなぐ・まごころ・みっつ─,第5話-まごころ・みっつ重ねて
283活动剧情\満開、アルストロメリア流幸福論─つなぐ・まごころ・みっつ─\第5話-まごころ・みっつ重ねて.csv,19,4001004060170,千雪,诶……？是好东西吗？,283活动剧情,満開、アルストロメリア流幸福論─つなぐ・まごころ・みっつ─,第5話-まごころ・みっつ重ねて
283活动剧情\満開、アルストロメリア流幸福論─つなぐ・まごころ・みっつ─\第5話-まごころ・みっつ重ねて.csv,21,4001004060190,千雪,"哎呀……
是什么呢……我打开了哦？",283活动剧情,満開、アルストロメリア流幸福論─つなぐ・まごころ・みっつ─,第5話-まごころ・みっつ重ねて
283活动剧情\満開、アルストロメリア流幸福論─つなぐ・まごころ・みっつ─\第5話-まごころ・みっつ重ねて.csv,24,4001004060220,千雪,……哇……！,283活动剧情,満開、アルストロメリア流幸福論─つなぐ・まごころ・みっつ─,第5話-まごころ・みっつ重ねて
283活动剧情\満開、アルストロメリア流幸福論─つなぐ・まごころ・みっつ─\第5話-まごころ・みっつ重ねて.csv,25,4001004060230,千雪,"好漂亮～……！
──……这是，你们两个做的……？",283活动剧情,満開、アルストロメリア流幸福論─つなぐ・まごころ・みっつ─,第5話-まごころ・みっつ重ねて
283活动剧情\満開、アルストロメリア流幸福論─つなぐ・まごころ・みっつ─\第5話-まごころ・みっつ重ねて.csv,29,4001004060270,千雪,主……主角……！？,283活动剧情,満開、アルストロメリア流幸福論─つなぐ・まごころ・みっつ─,第5話-まごころ・みっつ重ねて
283活动剧情\満開、アルストロメリア流幸福論─つなぐ・まごころ・みっつ─\第5話-まごころ・みっつ重ねて.csv,32,4001004060300,千雪,……啊……,283活动剧情,満開、アルストロメリア流幸福論─つなぐ・まごころ・みっつ─,第5話-まごころ・みっつ重ねて
283活动剧情\満開、アルストロメリア流幸福論─つなぐ・まごころ・みっつ─\第5話-まごころ・みっつ重ねて.csv,34,4001004060320,千雪,"……那个……
……不知道该怎么说好啊……",283活动剧情,満開、アルストロメリア流幸福論─つなぐ・まごころ・みっつ─,第5話-まごころ・みっつ重ねて
283活动剧情\満開、アルストロメリア流幸福論─つなぐ・まごころ・みっつ─\第5話-まごころ・みっつ重ねて.csv,36,4001004060340,千雪,"那个，首先……谢谢你们……！
这个发饰，非常可爱！",283活动剧情,満開、アルストロメリア流幸福論─つなぐ・まごころ・みっつ─,第5話-まごころ・みっつ重ねて
283活动剧情\満開、アルストロメリア流幸福論─つなぐ・まごころ・みっつ─\第5話-まごころ・みっつ重ねて.csv,37,4001004060350,千雪,"你们还记得在图书咖啡馆
看见的那个首饰呢",283活动剧情,満開、アルストロメリア流幸福論─つなぐ・まごころ・みっつ─,第5話-まごころ・みっつ重ねて
283活动剧情\満開、アルストロメリア流幸福論─つなぐ・まごころ・みっつ─\第5話-まごころ・みっつ重ねて.csv,41,4001004060390,千雪,"是吗……！真棒呢……
但是……",283活动剧情,満開、アルストロメリア流幸福論─つなぐ・まごころ・みっつ─,第5話-まごころ・みっつ重ねて
283活动剧情\満開、アルストロメリア流幸福論─つなぐ・まごころ・みっつ─\第5話-まごころ・みっつ重ねて.csv,42,4001004060400,千雪,但是……对不起,283活动剧情,満開、アルストロメリア流幸福論─つなぐ・まごころ・みっつ─,第5話-まごころ・みっつ重ねて
283活动剧情\満開、アルストロメリア流幸福論─つなぐ・まごころ・みっつ─\第5話-まごころ・みっつ重ねて.csv,43,4001004060410,千雪,"那个，我，
没有腰带……",283活动剧情,満開、アルストロメリア流幸福論─つなぐ・まごころ・みっつ─,第5話-まごころ・みっつ重ねて
283活动剧情\満開、アルストロメリア流幸福論─つなぐ・まごころ・みっつ─\第5話-まごころ・みっつ重ねて.csv,45,4001004060430,千雪,"嗯……没有替用的腰带……
所以，浴衣也……不打算穿了……",283活动剧情,満開、アルストロメリア流幸福論─つなぐ・まごころ・みっつ─,第5話-まごころ・みっつ重ねて
283活动剧情\満開、アルストロメリア流幸福論─つなぐ・まごころ・みっつ─\第5話-まごころ・みっつ重ねて.csv,47,4001004060450,千雪,"对不起……！
明明你们为了我，想了这么棒的主意……",283活动剧情,満開、アルストロメリア流幸福論─つなぐ・まごころ・みっつ─,第5話-まごころ・みっつ重ねて
283活动剧情\満開、アルストロメリア流幸福論─つなぐ・まごころ・みっつ─\第5話-まごころ・みっつ重ねて.csv,49,4001004060470,千雪,唔，腰带啊……──,283活动剧情,満開、アルストロメリア流幸福論─つなぐ・まごころ・みっつ─,第5話-まごころ・みっつ重ねて
283活动剧情\満開、アルストロメリア流幸福論─つなぐ・まごころ・みっつ─\第5話-まごころ・みっつ重ねて.csv,50,4001004060480,千雪,那个，我想让你们戴上这个,283活动剧情,満開、アルストロメリア流幸福論─つなぐ・まごころ・みっつ─,第5話-まごころ・みっつ重ねて
283活动剧情\満開、アルストロメリア流幸福論─つなぐ・まごころ・みっつ─\第5話-まごころ・みっつ重ねて.csv,52,4001004060500,千雪,"是啊
为了衬托浴衣，试着做了出来……",283活动剧情,満開、アルストロメリア流幸福論─つなぐ・まごころ・みっつ─,第5話-まごころ・みっつ重ねて
283活动剧情\満開、アルストロメリア流幸福論─つなぐ・まごころ・みっつ─\第5話-まごころ・みっつ重ねて.csv,54,4001004060520,千雪,"呵呵，嗯
你们对这个很感兴趣吧，而且……",283活动剧情,満開、アルストロメリア流幸福論─つなぐ・まごころ・みっつ─,第5話-まごころ・みっつ重ねて
283活动剧情\満開、アルストロメリア流幸福論─つなぐ・まごころ・みっつ─\第5話-まごころ・みっつ重ねて.csv,55,4001004060530,千雪,"经锦，
是用三色丝线组成一组经丝，织出各种图案的织物",283活动剧情,満開、アルストロメリア流幸福論─つなぐ・まごころ・みっつ─,第5話-まごころ・みっつ重ねて
283活动剧情\満開、アルストロメリア流幸福論─つなぐ・まごころ・みっつ─\第5話-まごころ・みっつ重ねて.csv,56,4001004060540,千雪,"所以我想用这条腰带来做些什么
让你们两人变得更加耀眼夺目",283活动剧情,満開、アルストロメリア流幸福論─つなぐ・まごころ・みっつ─,第5話-まごころ・みっつ重ねて
283活动剧情\満開、アルストロメリア流幸福論─つなぐ・まごころ・みっつ─\第5話-まごころ・みっつ重ねて.csv,59,4001004060570,千雪,"虽然有些迟了……
我想了一下自己想去的地方",283活动剧情,満開、アルストロメリア流幸福論─つなぐ・まごころ・みっつ─,第5話-まごころ・みっつ重ねて
283活动剧情\満開、アルストロメリア流幸福論─つなぐ・まごころ・みっつ─\第5話-まごころ・みっつ重ねて.csv,60,4001004060580,千雪,"但我还是觉得，只要能看见甘奈和甜花的笑容
无论去哪里都很好",283活动剧情,満開、アルストロメリア流幸福論─つなぐ・まごころ・みっつ─,第5話-まごころ・みっつ重ねて
283活动剧情\満開、アルストロメリア流幸福論─つなぐ・まごころ・みっつ─\第5話-まごころ・みっつ重ねて.csv,61,4001004060590,千雪,为了让你们能更加耀眼，我想尽己所能出一份力──,283活动剧情,満開、アルストロメリア流幸福論─つなぐ・まごころ・みっつ─,第5話-まごころ・みっつ重ねて
283活动剧情\満開、アルストロメリア流幸福論─つなぐ・まごころ・みっつ─\第5話-まごころ・みっつ重ねて.csv,62,4001004060600,千雪,……这就是我的愿望,283活动剧情,満開、アルストロメリア流幸福論─つなぐ・まごころ・みっつ─,第5話-まごころ・みっつ重ねて
283活动剧情\満開、アルストロメリア流幸福論─つなぐ・まごころ・みっつ─\第5話-まごころ・みっつ重ねて.csv,66,4001004060640,千雪,那个……,283活动剧情,満開、アルストロメリア流幸福論─つなぐ・まごころ・みっつ─,第5話-まごころ・みっつ重ねて
283活动剧情\満開、アルストロメリア流幸福論─つなぐ・まごころ・みっつ─\第5話-まごころ・みっつ重ねて.csv,68,4001004060660,千雪,甘奈……甜花……,283活动剧情,満開、アルストロメリア流幸福論─つなぐ・まごころ・みっつ─,第5話-まごころ・みっつ重ねて
283活动剧情\満開、アルストロメリア流幸福論─つなぐ・まごころ・みっつ─\第5話-まごころ・みっつ重ねて.csv,69,4001004060670,千雪,"我，真的好高兴……
真是没用呢……明明是姐姐……",283活动剧情,満開、アルストロメリア流幸福論─つなぐ・まごころ・みっつ─,第5話-まごころ・みっつ重ねて
283活动剧情\満開、アルストロメリア流幸福論─つなぐ・まごころ・みっつ─\第5話-まごころ・みっつ重ねて.csv,70,4001004060680,千雪,"……非常棒哦……！
也让我一起做主角吧……",283活动剧情,満開、アルストロメリア流幸福論─つなぐ・まごころ・みっつ─,第5話-まごころ・みっつ重ねて
283活动剧情\満開、アルストロメリア流幸福論─つなぐ・まごころ・みっつ─\第5話-まごころ・みっつ重ねて.csv,73,4001004060710,千雪,"嗯……！
……可是我……没有浴衣，对不起",283活动剧情,満開、アルストロメリア流幸福論─つなぐ・まごころ・みっつ─,第5話-まごころ・みっつ重ねて
283活动剧情\満開、アルストロメリア流幸福論─つなぐ・まごころ・みっつ─\第5話-まごころ・みっつ重ねて.csv,75,4001004060730,千雪,……诶？,283活动剧情,満開、アルストロメリア流幸福論─つなぐ・まごころ・みっつ─,第5話-まごころ・みっつ重ねて
283活动剧情\満開、アルストロメリア流幸福論─つなぐ・まごころ・みっつ─\第5話-まごころ・みっつ重ねて.csv,77,4001004060750,千雪,"……这样啊
明明你们那么期待穿浴衣，对不……",283活动剧情,満開、アルストロメリア流幸福論─つなぐ・まごころ・みっつ─,第5話-まごころ・みっつ重ねて
283活动剧情\満開、アルストロメリア流幸福論─つなぐ・まごころ・みっつ─\第5話-まごころ・みっつ重ねて.csv,80,4001004060780,千雪,……谢谢你们……,283活动剧情,満開、アルストロメリア流幸福論─つなぐ・まごころ・みっつ─,第5話-まごころ・みっつ重ねて
283活动剧情\満開、アルストロメリア流幸福論─つなぐ・まごころ・みっつ─\第5話-まごころ・みっつ重ねて.csv,81,4001004060790,千雪,"那么……就这么穿着平时的衣服出门吧！
可以的话，能让我帮你们把发饰戴上吗？",283活动剧情,満開、アルストロメリア流幸福論─つなぐ・まごころ・みっつ─,第5話-まごころ・みっつ重ねて
283活动剧情\満開、アルストロメリア流幸福論─つなぐ・まごころ・みっつ─\第5話-まごころ・みっつ重ねて.csv,83,4001004060810,千雪,嗯……总有一天，要配上浴衣一起,283活动剧情,満開、アルストロメリア流幸福論─つなぐ・まごころ・みっつ─,第5話-まごころ・みっつ重ねて
283活动剧情\満開、アルストロメリア流幸福論─つなぐ・まごころ・みっつ─\第5話-まごころ・みっつ重ねて.csv,88,4001004060860,千雪,呵呵，谢谢～,283活动剧情,満開、アルストロメリア流幸福論─つなぐ・まごころ・みっつ─,第5話-まごころ・みっつ重ねて
283活动剧情\満開、アルストロメリア流幸福論─つなぐ・まごころ・みっつ─\第5話-まごころ・みっつ重ねて.csv,90,4001004060880,千雪,嗯，当然可以♪,283活动剧情,満開、アルストロメリア流幸福論─つなぐ・まごころ・みっつ─,第5話-まごころ・みっつ重ねて
283活动剧情\満開、アルストロメリア流幸福論─つなぐ・まごころ・みっつ─\第5話-まごころ・みっつ重ねて.csv,91,4001004060890,千雪,"……
……好开心啊……",283活动剧情,満開、アルストロメリア流幸福論─つなぐ・まごころ・みっつ─,第5話-まごころ・みっつ重ねて
283活动剧情\満開、アルストロメリア流幸福論─つなぐ・まごころ・みっつ─\第5話-まごころ・みっつ重ねて.csv,92,4001004060900,千雪,"……不知怎么的，
真的好开心……！",283活动剧情,満開、アルストロメリア流幸福論─つなぐ・まごころ・みっつ─,第5話-まごころ・みっつ重ねて
283活动剧情\満開、アルストロメリア流幸福論─つなぐ・まごころ・みっつ─\第6話-私達の幸福論.csv,5,4001004070040,千雪,"是啊……不过已经买了很多了，
先回去一趟，不够的话再来买吧？",283活动剧情,満開、アルストロメリア流幸福論─つなぐ・まごころ・みっつ─,第6話-私達の幸福論
283活动剧情\満開、アルストロメリア流幸福論─つなぐ・まごころ・みっつ─\第6話-私達の幸福論.csv,8,4001004070070,千雪,是啊，果然这种地方很让人兴奋呢,283活动剧情,満開、アルストロメリア流幸福論─つなぐ・まごころ・みっつ─,第6話-私達の幸福論
283活动剧情\満開、アルストロメリア流幸福論─つなぐ・まごころ・みっつ─\第6話-私達の幸福論.csv,11,4001004070100,千雪,以前经常两个人一起玩这个游戏吗？,283活动剧情,満開、アルストロメリア流幸福論─つなぐ・まごころ・みっつ─,第6話-私達の幸福論
283活动剧情\満開、アルストロメリア流幸福論─つなぐ・まごころ・みっつ─\第6話-私達の幸福論.csv,14,4001004070130,千雪,是吗……,283活动剧情,満開、アルストロメリア流幸福論─つなぐ・まごころ・みっつ─,第6話-私達の幸福論
283活动剧情\満開、アルストロメリア流幸福論─つなぐ・まごころ・みっつ─\第6話-私達の幸福論.csv,20,4001004070190,千雪,是吗……,283活动剧情,満開、アルストロメリア流幸福論─つなぐ・まごころ・みっつ─,第6話-私達の幸福論
283活动剧情\満開、アルストロメリア流幸福論─つなぐ・まごころ・みっつ─\第6話-私達の幸福論.csv,21,4001004070200,千雪,……这样的话，现在要不要试试看？,283活动剧情,満開、アルストロメリア流幸福論─つなぐ・まごころ・みっつ─,第6話-私達の幸福論
283活动剧情\満開、アルストロメリア流幸福論─つなぐ・まごころ・みっつ─\第6話-私達の幸福論.csv,23,4001004070220,千雪,对！,283活动剧情,満開、アルストロメリア流幸福論─つなぐ・まごころ・みっつ─,第6話-私達の幸福論
283活动剧情\満開、アルストロメリア流幸福論─つなぐ・まごころ・みっつ─\第6話-私達の幸福論.csv,24,4001004070230,千雪,"因为，大家都在不断地改变吧？
……这次的话，肯定能拿到吧",283活动剧情,満開、アルストロメリア流幸福論─つなぐ・まごころ・みっつ─,第6話-私達の幸福論
283活动剧情\満開、アルストロメリア流幸福論─つなぐ・まごころ・みっつ─\第6話-私達の幸福論.csv,25,4001004070240,千雪,"所以啊──怎么样？
拿到奖品之后，作为礼物送给甜花吧",283活动剧情,満開、アルストロメリア流幸福論─つなぐ・まごころ・みっつ─,第6話-私達の幸福論
283活动剧情\満開、アルストロメリア流幸福論─つなぐ・まごころ・みっつ─\第6話-私達の幸福論.csv,29,4001004070280,千雪,……夹紧两肋，稳定住枪口──,283活动剧情,満開、アルストロメリア流幸福論─つなぐ・まごころ・みっつ─,第6話-私達の幸福論
283活动剧情\満開、アルストロメリア流幸福論─つなぐ・まごころ・みっつ─\第6話-私達の幸福論.csv,31,4001004070300,千雪,"……这是之前玩游戏的时候，
甜花教给我的诀窍，我想起来了",283活动剧情,満開、アルストロメリア流幸福論─つなぐ・まごころ・みっつ─,第6話-私達の幸福論
283活动剧情\満開、アルストロメリア流幸福論─つなぐ・まごころ・みっつ─\第6話-私達の幸福論.csv,32,4001004070310,千雪,"甜花说，想要稳定准心，
夹紧两肋再瞄准就好",283活动剧情,満開、アルストロメリア流幸福論─つなぐ・まごころ・みっつ─,第6話-私達の幸福論
283活动剧情\満開、アルストロメリア流幸福論─つなぐ・まごころ・みっつ─\第6話-私達の幸福論.csv,36,4001004070350,千雪,"好厉害！
恭喜你，甘奈！",283活动剧情,満開、アルストロメリア流幸福論─つなぐ・まごころ・みっつ─,第6話-私達の幸福論
283活动剧情\満開、アルストロメリア流幸福論─つなぐ・まごころ・みっつ─\第6話-私達の幸福論.csv,43,4001004070420,千雪,嗯，快回去吧♪,283活动剧情,満開、アルストロメリア流幸福論─つなぐ・まごころ・みっつ─,第6話-私達の幸福論
283活动剧情\満開、アルストロメリア流幸福論─つなぐ・まごころ・みっつ─\第6話-私達の幸福論.csv,45,4001004070430,千雪,"不好意思
稍微绕了下路……回来迟了一点",283活动剧情,満開、アルストロメリア流幸福論─つなぐ・まごころ・みっつ─,第6話-私達の幸福論
283活动剧情\満開、アルストロメリア流幸福論─つなぐ・まごころ・みっつ─\第6話-私達の幸福論.csv,47,4001004070440,千雪,甘奈，拿出来吧,283活动剧情,満開、アルストロメリア流幸福論─つなぐ・まごころ・みっつ─,第6話-私達の幸福論
283活动剧情\満開、アルストロメリア流幸福論─つなぐ・まごころ・みっつ─\第6話-私達の幸福論.csv,66,4001004070630,千雪,"──甘奈，甜花
可以去买个苹果糖吗？",283活动剧情,満開、アルストロメリア流幸福論─つなぐ・まごころ・みっつ─,第6話-私達の幸福論
283活动剧情\満開、アルストロメリア流幸福論─つなぐ・まごころ・みっつ─\第6話-私達の幸福論.csv,71,4001004070680,千雪,"嗯
──一个苹果糖，拜托了",283活动剧情,満開、アルストロメリア流幸福論─つなぐ・まごころ・みっつ─,第6話-私達の幸福論
283活动剧情\満開、アルストロメリア流幸福論─つなぐ・まごころ・みっつ─\第6話-私達の幸福論.csv,72,4001004070690,千雪,非常感谢,283活动剧情,満開、アルストロメリア流幸福論─つなぐ・まごころ・みっつ─,第6話-私達の幸福論
283活动剧情\満開、アルストロメリア流幸福論─つなぐ・まごころ・みっつ─\第6話-私達の幸福論.csv,75,4001004070720,千雪,呵呵,283活动剧情,満開、アルストロメリア流幸福論─つなぐ・まごころ・みっつ─,第6話-私達の幸福論
283活动剧情\満開、アルストロメリア流幸福論─つなぐ・まごころ・みっつ─\第6話-私達の幸福論.csv,76,4001004070730,千雪,"甜花，甘奈
这个苹果糖……我们三个人一起吃吧？",283活动剧情,満開、アルストロメリア流幸福論─つなぐ・まごころ・みっつ─,第6話-私達の幸福論
283活动剧情\満開、アルストロメリア流幸福論─つなぐ・まごころ・みっつ─\第6話-私達の幸福論.csv,78,4001004070750,千雪,"虽然是没错……
可是我一个人的话，从没有一次吃得完呀",283活动剧情,満開、アルストロメリア流幸福論─つなぐ・まごころ・みっつ─,第6話-私達の幸福論
283活动剧情\満開、アルストロメリア流幸福論─つなぐ・まごころ・みっつ─\第6話-私達の幸福論.csv,79,4001004070760,千雪,所以……你们能一起来吃吗？,283活动剧情,満開、アルストロメリア流幸福論─つなぐ・まごころ・みっつ─,第6話-私達の幸福論
283活动剧情\満開、アルストロメリア流幸福論─つなぐ・まごころ・みっつ─\第6話-私達の幸福論.csv,85,4001004070800,千雪,没关系的，不用在意啊,283活动剧情,満開、アルストロメリア流幸福論─つなぐ・まごころ・みっつ─,第6話-私達の幸福論
283活动剧情\満開、アルストロメリア流幸福論─つなぐ・まごころ・みっつ─\第6話-私達の幸福論.csv,88,4001004070830,千雪,是吗……！,283活动剧情,満開、アルストロメリア流幸福論─つなぐ・まごころ・みっつ─,第6話-私達の幸福論
283活动剧情\薄桃色にこんがらがって\エンディング エンドロールは流れない.csv,4,4001022080030,千雪,"试着说说从甘奈的角度了解的《银杏》吧
不用在意我说的和网上的文章",283活动剧情,薄桃色にこんがらがって,エンディング エンドロールは流れない
283活动剧情\薄桃色にこんがらがって\エンディング エンドロールは流れない.csv,6,4001022080050,千雪,决胜负吧，甘奈……！,283活动剧情,薄桃色にこんがらがって,エンディング エンドロールは流れない
283活动剧情\薄桃色にこんがらがって\エンディング エンドロールは流れない.csv,8,4001022080070,千雪,"因为我把甘奈和甜花
当作了对手",283活动剧情,薄桃色にこんがらがって,エンディング エンドロールは流れない
283活动剧情\薄桃色にこんがらがって\エンディング エンドロールは流れない.csv,13,4001022080110,千雪,……好的,283活动剧情,薄桃色にこんがらがって,エンディング エンドロールは流れない
283活动剧情\薄桃色にこんがらがって\エンディング エンドロールは流れない.csv,14,4001022080120,千雪,"————能够从许多征集中
让我进入最终选拔，我非常高兴",283活动剧情,薄桃色にこんがらがって,エンディング エンドロールは流れない
283活动剧情\薄桃色にこんがらがって\エンディング エンドロールは流れない.csv,16,4001022080140,千雪,"在我开始进行偶像活动之前，
我是在杂货店工作的——",283活动剧情,薄桃色にこんがらがって,エンディング エンドロールは流れない
283活动剧情\薄桃色にこんがらがって\エンディング エンドロールは流れない.csv,18,4001022080160,千雪,"被杂货饰品的魅力所吸引的契机，是受到贵刊的特刊
《在绿宝石的行星相遇的小饰品们》的影响",283活动剧情,薄桃色にこんがらがって,エンディング エンドロールは流れない
283活动剧情\薄桃色にこんがらがって\エンディング エンドロールは流れない.csv,19,4001022080170,千雪,"我印象最深刻的特刊，
则是《红色绒毯的单色调》————",283活动剧情,薄桃色にこんがらがって,エンディング エンドロールは流れない
283活动剧情\薄桃色にこんがらがって\エンディング エンドロールは流れない.csv,20,4001022080180,千雪,"在那期了解到的电影，还有那期的封面
一直在我心中闪闪发亮……！",283活动剧情,薄桃色にこんがらがって,エンディング エンドロールは流れない
283活动剧情\薄桃色にこんがらがって\エンディング エンドロールは流れない.csv,22,4001022080200,千雪,"连接了我的原点，以及能说是现在的我的所有的偶像活动的
这两点的贵刊——",283活动剧情,薄桃色にこんがらがって,エンディング エンドロールは流れない
283活动剧情\薄桃色にこんがらがって\エンディング エンドロールは流れない.csv,24,4001022080220,千雪,"我希望能以自己所有的力量和憧憬
在贵刊进行工作……！",283活动剧情,薄桃色にこんがらがって,エンディング エンドロールは流れない
283活动剧情\薄桃色にこんがらがって\エンディング エンドロールは流れない.csv,46,4001022080410,千雪,初春，气温11度，晴天,283活动剧情,薄桃色にこんがらがって,エンディング エンドロールは流れない
283活动剧情\薄桃色にこんがらがって\エンディング エンドロールは流れない.csv,47,4001022080420,千雪,"预感
总是藏在柔风之中——",283活动剧情,薄桃色にこんがらがって,エンディング エンドロールは流れない
283活动剧情\薄桃色にこんがらがって\エンディング エンドロールは流れない.csv,49,4001022080430,千雪,是的……,283活动剧情,薄桃色にこんがらがって,エンディング エンドロールは流れない
283活动剧情\薄桃色にこんがらがって\エンディング エンドロールは流れない.csv,50,4001022080440,千雪,"这个……是我早就知道的
但是——",283活动剧情,薄桃色にこんがらがって,エンディング エンドロールは流れない
283活动剧情\薄桃色にこんがらがって\エンディング エンドロールは流れない.csv,51,4001022080450,千雪,能够出场……真是太好了……,283活动剧情,薄桃色にこんがらがって,エンディング エンドロールは流れない
283活动剧情\薄桃色にこんがらがって\エンディング エンドロールは流れない.csv,52,4001022080460,千雪,我们————,283活动剧情,薄桃色にこんがらがって,エンディング エンドロールは流れない
283活动剧情\薄桃色にこんがらがって\エンディング エンドロールは流れない.csv,61,4001022080511,千雪,我们，将要迎接一个,283活动剧情,薄桃色にこんがらがって,エンディング エンドロールは流れない
283活动剧情\薄桃色にこんがらがって\エンディング エンドロールは流れない.csv,62,4001022080512,千雪,新的季节————,283活动剧情,薄桃色にこんがらがって,エンディング エンドロールは流れない
283活动剧情\薄桃色にこんがらがって\エンディング エンドロールは流れない.csv,64,4001022080530,千雪,哇……！,283活动剧情,薄桃色にこんがらがって,エンディング エンドロールは流れない
283活动剧情\薄桃色にこんがらがって\エンディング エンドロールは流れない.csv,66,4001022080550,千雪,哇哇……！,283活动剧情,薄桃色にこんがらがって,エンディング エンドロールは流れない
283活动剧情\薄桃色にこんがらがって\エンディング エンドロールは流れない.csv,67,4001022080560,千雪,"呵呵
荧光棒，原来这么厉害奈☆",283活动剧情,薄桃色にこんがらがって,エンディング エンドロールは流れない
283活动剧情\薄桃色にこんがらがって\エンディング エンドロールは流れない.csv,69,4001022080580,千雪,那就，开始吧……！,283活动剧情,薄桃色にこんがらがって,エンディング エンドロールは流れない
283活动剧情\薄桃色にこんがらがって\エンディング エンドロールは流れない.csv,70,4001022080590,千雪,甘——奈——☆,283活动剧情,薄桃色にこんがらがって,エンディング エンドロールは流れない
283活动剧情\薄桃色にこんがらがって\エンディング エンドロールは流れない.csv,72,4001022080601,甜花＆千雪,——呵呵,283活动剧情,薄桃色にこんがらがって,エンディング エンドロールは流れない
283活动剧情\薄桃色にこんがらがって\エンディング エンドロールは流れない.csv,73,4001022080610,千雪,“优胜纪念台步秀”吗……,283活动剧情,薄桃色にこんがらがって,エンディング エンドロールは流れない
283活动剧情\薄桃色にこんがらがって\エンディング エンドロールは流れない.csv,74,4001022080620,千雪,"能够用荧光棒为她们加油，
我觉得很有现在的感觉，非常棒……！",283活动剧情,薄桃色にこんがらがって,エンディング エンドロールは流れない
283活动剧情\薄桃色にこんがらがって\エンディング エンドロールは流れない.csv,76,4001022080640,千雪,"新的《银杏》……
果然，还是适合甘奈啊",283活动剧情,薄桃色にこんがらがって,エンディング エンドロールは流れない
283活动剧情\薄桃色にこんがらがって\エンディング エンドロールは流れない.csv,79,4001022080670,千雪,"讨，讨厌……！
是“谢谢”什么？",283活动剧情,薄桃色にこんがらがって,エンディング エンドロールは流れない
283活动剧情\薄桃色にこんがらがって\エンディング エンドロールは流れない.csv,82,4001022080700,千雪,,283活动剧情,薄桃色にこんがらがって,エンディング エンドロールは流れない
283活动剧情\薄桃色にこんがらがって\エンディング エンドロールは流れない.csv,84,4001022080720,千雪,,283活动剧情,薄桃色にこんがらがって,エンディング エンドロールは流れない
283活动剧情\薄桃色にこんがらがって\エンディング エンドロールは流れない.csv,87,4001022080750,千雪,,283活动剧情,薄桃色にこんがらがって,エンディング エンドロールは流れない
283活动剧情\薄桃色にこんがらがって\エンディング エンドロールは流れない.csv,89,4001022080770,千雪,"……呵呵
嗯…………",283活动剧情,薄桃色にこんがらがって,エンディング エンドロールは流れない
283活动剧情\薄桃色にこんがらがって\エンディング エンドロールは流れない.csv,90,4001022080780,千雪,——不甘心…………,283活动剧情,薄桃色にこんがらがって,エンディング エンドロールは流れない
283活动剧情\薄桃色にこんがらがって\エンディング エンドロールは流れない.csv,91,4001022080790,千雪,真不甘心啊…………,283活动剧情,薄桃色にこんがらがって,エンディング エンドロールは流れない
283活动剧情\薄桃色にこんがらがって\エンディング エンドロールは流れない.csv,93,4001022080810,千雪,稍微……借我一下肩膀吧……,283活动剧情,薄桃色にこんがらがって,エンディング エンドロールは流れない
283活动剧情\薄桃色にこんがらがって\エンディング エンドロールは流れない.csv,97,4001022080850,千雪,,283活动剧情,薄桃色にこんがらがって,エンディング エンドロールは流れない
283活动剧情\薄桃色にこんがらがって\エンディング エンドロールは流れない.csv,99,4001022080870,千雪,……不对,283活动剧情,薄桃色にこんがらがって,エンディング エンドロールは流れない
283活动剧情\薄桃色にこんがらがって\エンディング エンドロールは流れない.csv,100,4001022080880,千雪,"嗯。我也是这么想的
不得不说出来的那句话——",283活动剧情,薄桃色にこんがらがって,エンディング エンドロールは流れない
283活动剧情\薄桃色にこんがらがって\エンディング エンドロールは流れない.csv,101,4001022080890,千雪,——没说出来的话，还藏在心里,283活动剧情,薄桃色にこんがらがって,エンディング エンドロールは流れない
283活动剧情\薄桃色にこんがらがって\エンディング エンドロールは流れない.csv,103,4001022080910,千雪,"谢谢你
这句话……不得不说呢",283活动剧情,薄桃色にこんがらがって,エンディング エンドロールは流れない
283活动剧情\薄桃色にこんがらがって\エンディング エンドロールは流れない.csv,104,4001022080920,千雪,“不甘心！ 输了好不甘心啊—！”,283活动剧情,薄桃色にこんがらがって,エンディング エンドロールは流れない
283活动剧情\薄桃色にこんがらがって\エンディング エンドロールは流れない.csv,106,4001022080940,千雪,“在练习为甘奈加油！”,283活动剧情,薄桃色にこんがらがって,エンディング エンドロールは流れない
283活动剧情\薄桃色にこんがらがって\エンディング エンドロールは流れない.csv,107,4001022080950,千雪,"“我会比任何一个观众挥得更用力
所以甘奈也要努力彩排哦♪”",283活动剧情,薄桃色にこんがらがって,エンディング エンドロールは流れない
283活动剧情\薄桃色にこんがらがって\エンディング エンドロールは流れない.csv,109,4001022080970,千雪,"呵呵
3个人才是Alstroemeria……",283活动剧情,薄桃色にこんがらがって,エンディング エンドロールは流れない
283活动剧情\薄桃色にこんがらがって\エンディング エンドロールは流れない.csv,110,4001022080980,千雪,我已经，不会再顾虑了,283活动剧情,薄桃色にこんがらがって,エンディング エンドロールは流れない
283活动剧情\薄桃色にこんがらがって\エンディング エンドロールは流れない.csv,113,4001022081010,千雪,"——来，要开始奈☆
练习奈—☆",283活动剧情,薄桃色にこんがらがって,エンディング エンドロールは流れない
283活动剧情\薄桃色にこんがらがって\エンディング エンドロールは流れない.csv,115,4001022081021,甜花＆千雪,…………呵呵,283活动剧情,薄桃色にこんがらがって,エンディング エンドロールは流れない
283活动剧情\薄桃色にこんがらがって\オープニング 予感.csv,8,4001022010070,千雪,甘奈，合格……！,283活动剧情,薄桃色にこんがらがって,オープニング 予感
283活动剧情\薄桃色にこんがらがって\オープニング 予感.csv,14,4001022010130,千雪,"咦，压迫面试……！
是，是吗……那就————",283活动剧情,薄桃色にこんがらがって,オープニング 予感
283活动剧情\薄桃色にこんがらがって\オープニング 予感.csv,15,4001022010140,千雪,——真是空洞……我什么都感觉不到……！,283活动剧情,薄桃色にこんがらがって,オープニング 予感
283活动剧情\薄桃色にこんがらがって\オープニング 予感.csv,17,4001022010160,千雪,"——是假装说反话哦，甜花……
只要想着相反的事的话，讨厌的话也能……！",283活动剧情,薄桃色にこんがらがって,オープニング 予感
283活动剧情\薄桃色にこんがらがって\オープニング 予感.csv,20,4001022010190,千雪,"是的，而且……
你口误了吧，这可没法蒙混过关……！",283活动剧情,薄桃色にこんがらがって,オープニング 予感
283活动剧情\薄桃色にこんがらがって\オープニング 予感.csv,28,4001022010270,千雪,"呵呵呵
——不过，嗯。我知道你很想准备得充分",283活动剧情,薄桃色にこんがらがって,オープニング 予感
283活动剧情\薄桃色にこんがらがって\オープニング 予感.csv,29,4001022010280,千雪,"毕竟甘奈，
是作为种子选手去参加试镜的……！",283活动剧情,薄桃色にこんがらがって,オープニング 予感
283活动剧情\薄桃色にこんがらがって\オープニング 予感.csv,30,4001022010290,千雪,"也得调查好杂志的风格以及读者层，
做好对策才行呢",283活动剧情,薄桃色にこんがらがって,オープニング 予感
283活动剧情\薄桃色にこんがらがって\オープニング 予感.csv,34,4001022010330,千雪,——……诶？,283活动剧情,薄桃色にこんがらがって,オープニング 予感
283活动剧情\薄桃色にこんがらがって\オープニング 予感.csv,37,4001022010360,千雪,"——啊，没有……！
因为，以前有过这个名字的流行杂志……",283活动剧情,薄桃色にこんがらがって,オープニング 予感
283活动剧情\薄桃色にこんがらがって\オープニング 予感.csv,39,4001022010380,千雪,"……嗯
虽然不知道，是不是同一本……",283活动剧情,薄桃色にこんがらがって,オープニング 予感
283活动剧情\薄桃色にこんがらがって\オープニング 予感.csv,41,4001022010400,千雪,啊……不对……！,283活动剧情,薄桃色にこんがらがって,オープニング 予感
283活动剧情\薄桃色にこんがらがって\オープニング 予感.csv,42,4001022010410,千雪,"甘奈，让制作人
给你建议，再加油吧！",283活动剧情,薄桃色にこんがらがって,オープニング 予感
283活动剧情\薄桃色にこんがらがって\オープニング 予感.csv,46,4001022010450,千雪,"——真是的
3个人，才是Alstroemeria吧？",283活动剧情,薄桃色にこんがらがって,オープニング 予感
283活动剧情\薄桃色にこんがらがって\オープニング 予感.csv,52,4001022010510,千雪,嗯！,283活动剧情,薄桃色にこんがらがって,オープニング 予感
283活动剧情\薄桃色にこんがらがって\オープニング 予感.csv,53,4001022010520,千雪,,283活动剧情,薄桃色にこんがらがって,オープニング 予感
283活动剧情\薄桃色にこんがらがって\オープニング 予感.csv,68,4001022010570,千雪,,283活动剧情,薄桃色にこんがらがって,オープニング 予感
283活动剧情\薄桃色にこんがらがって\オープニング 予感.csv,69,4001022010580,千雪,"……
《银杏》——",283活动剧情,薄桃色にこんがらがって,オープニング 予感
283活动剧情\薄桃色にこんがらがって\第1話 アプリコット.csv,26,4001022020100,千雪,"……
…………呵呵",283活动剧情,薄桃色にこんがらがって,第1話 アプリコット
283活动剧情\薄桃色にこんがらがって\第1話 アプリコット.csv,27,4001022020110,千雪,——《想试试绘本之中的野餐吗？》……,283活动剧情,薄桃色にこんがらがって,第1話 アプリコット
283活动剧情\薄桃色にこんがらがって\第1話 アプリコット.csv,28,4001022020120,千雪,"《为了起晚的早晨的广播
调频到“Talking Toast”！》",283活动剧情,薄桃色にこんがらがって,第1話 アプリコット
283活动剧情\薄桃色にこんがらがって\第1話 アプリコット.csv,29,4001022020130,千雪,……呵呵呵,283活动剧情,薄桃色にこんがらがって,第1話 アプリコット
283活动剧情\薄桃色にこんがらがって\第1話 アプリコット.csv,30,4001022020140,千雪,"《银杏》的特辑……
也看了不少啊",283活动剧情,薄桃色にこんがらがって,第1話 アプリコット
283活动剧情\薄桃色にこんがらがって\第1話 アプリコット.csv,31,4001022020150,千雪,小饰品也好，这个世界也好——,283活动剧情,薄桃色にこんがらがって,第1話 アプリコット
283活动剧情\薄桃色にこんがらがって\第1話 アプリコット.csv,32,4001022020160,千雪,——《这里有着所有成为Fantastic的必需品》……,283活动剧情,薄桃色にこんがらがって,第1話 アプリコット
283活动剧情\薄桃色にこんがらがって\第1話 アプリコット.csv,33,4001022020170,千雪,最喜欢了……,283活动剧情,薄桃色にこんがらがって,第1話 アプリコット
283活动剧情\薄桃色にこんがらがって\第1話 アプリコット.csv,34,4001022020180,千雪,"……
嗯……",283活动剧情,薄桃色にこんがらがって,第1話 アプリコット
283活动剧情\薄桃色にこんがらがって\第1話 アプリコット.csv,35,4001022020190,千雪,"甘奈的话……
上封面会很好看吧……",283活动剧情,薄桃色にこんがらがって,第1話 アプリコット
283活动剧情\薄桃色にこんがらがって\第1話 アプリコット.csv,36,4001022020200,千雪,,283活动剧情,薄桃色にこんがらがって,第1話 アプリコット
283活动剧情\薄桃色にこんがらがって\第1話 アプリコット.csv,37,4001022020210,千雪,真好啊…………,283活动剧情,薄桃色にこんがらがって,第1話 アプリコット
283活动剧情\薄桃色にこんがらがって\第1話 アプリコット.csv,38,4001022020220,千雪,"制作人先生，
辛苦了……！",283活动剧情,薄桃色にこんがらがって,第1話 アプリコット
283活动剧情\薄桃色にこんがらがって\第1話 アプリコット.csv,40,4001022020230,千雪,"啊，不用……！
总觉得，今天东西很多……",283活动剧情,薄桃色にこんがらがって,第1話 アプリコット
283活动剧情\薄桃色にこんがらがって\第1話 アプリコット.csv,41,4001022020240,千雪,——呀,283活动剧情,薄桃色にこんがらがって,第1話 アプリコット
283活动剧情\薄桃色にこんがらがって\第1話 アプリコット.csv,42,4001022020250,千雪,对，对不起……！,283活动剧情,薄桃色にこんがらがって,第1話 アプリコット
283活动剧情\薄桃色にこんがらがって\第1話 アプリコット.csv,45,4001022020260,千雪,"是的……
……这是《银杏》",283活动剧情,薄桃色にこんがらがって,第1話 アプリコット
283活动剧情\薄桃色にこんがらがって\第1話 アプリコット.csv,46,4001022020270,千雪,"那个……
我是想着，如果能为甘奈做什么的话……",283活动剧情,薄桃色にこんがらがって,第1話 アプリコット
283活动剧情\薄桃色にこんがらがって\第1話 アプリコット.csv,48,4001022020280,千雪,……制作人先生？,283活动剧情,薄桃色にこんがらがって,第1話 アプリコット
283活动剧情\薄桃色にこんがらがって\第1話 アプリコット.csv,51,4001022020290,千雪,"……
是，是的……",283活动剧情,薄桃色にこんがらがって,第1話 アプリコット
283活动剧情\薄桃色にこんがらがって\第1話 アプリコット.csv,53,4001022020300,千雪,"……是的
那也只是，偶然……",283活动剧情,薄桃色にこんがらがって,第1話 アプリコット
283活动剧情\薄桃色にこんがらがって\第1話 アプリコット.csv,57,4001022020310,千雪,"啊
是，是的……！",283活动剧情,薄桃色にこんがらがって,第1話 アプリコット
283活动剧情\薄桃色にこんがらがって\第1話 アプリコット.csv,58,4001022020320,千雪,"不仅有海外绘本的特辑，
有些科幻特辑也很不错……",283活动剧情,薄桃色にこんがらがって,第1話 アプリコット
283活动剧情\薄桃色にこんがらがって\第1話 アプリコット.csv,59,4001022020330,千雪,"不过这些特辑的氛围，
全部是以独特的少女风格呈现的……！",283活动剧情,薄桃色にこんがらがって,第1話 アプリコット
283活动剧情\薄桃色にこんがらがって\第1話 アプリコット.csv,60,4001022020340,千雪,"作为电影特刊号封面的建筑也很漂亮……！
真的，让人感觉自己就是女主角一样——",283活动剧情,薄桃色にこんがらがって,第1話 アプリコット
283活动剧情\薄桃色にこんがらがって\第1話 アプリコット.csv,62,4001022020350,千雪,"——啊……
没有……！",283活动剧情,薄桃色にこんがらがって,第1話 アプリコット
283活动剧情\薄桃色にこんがらがって\第1話 アプリコット.csv,65,4001022020360,千雪,"……
……制作人先生……",283活动剧情,薄桃色にこんがらがって,第1話 アプリコット
283活动剧情\薄桃色にこんがらがって\第1話 アプリコット.csv,67,4001022020370,千雪,"……！
原来如此……",283活动剧情,薄桃色にこんがらがって,第1話 アプリコット
283活动剧情\薄桃色にこんがらがって\第1話 アプリコット.csv,71,4001022020380,千雪,制作人先生……？,283活动剧情,薄桃色にこんがらがって,第1話 アプリコット
283活动剧情\薄桃色にこんがらがって\第1話 アプリコット.csv,76,4001022020390,千雪,——好，好的……,283活动剧情,薄桃色にこんがらがって,第1話 アプリコット
283活动剧情\薄桃色にこんがらがって\第1話 アプリコット.csv,77,4001022020400,千雪,"那，那么……
东西放下之后，我就先走了……",283活动剧情,薄桃色にこんがらがって,第1話 アプリコット
283活动剧情\薄桃色にこんがらがって\第2話 反対ごっこ.csv,17,4001022030150,千雪,——哇，难道在走台步吗？,283活动剧情,薄桃色にこんがらがって,第2話 反対ごっこ
283活动剧情\薄桃色にこんがらがって\第2話 反対ごっこ.csv,20,4001022030180,千雪,"呵呵，嗯
我今天预约要去美容室",283活动剧情,薄桃色にこんがらがって,第2話 反対ごっこ
283活动剧情\薄桃色にこんがらがって\第2話 反対ごっこ.csv,21,4001022030190,千雪,"不过……触发事件之前，我可以帮忙呢
要拍视频吗？",283活动剧情,薄桃色にこんがらがって,第2話 反対ごっこ
283活动剧情\薄桃色にこんがらがって\第2話 反対ごっこ.csv,23,4001022030210,千雪,啊……是吗——,283活动剧情,薄桃色にこんがらがって,第2話 反対ごっこ
283活动剧情\薄桃色にこんがらがって\第2話 反対ごっこ.csv,25,4001022030230,千雪,,283活动剧情,薄桃色にこんがらがって,第2話 反対ごっこ
283活动剧情\薄桃色にこんがらがって\第2話 反対ごっこ.csv,28,4001022030260,千雪,后天……,283活动剧情,薄桃色にこんがらがって,第2話 反対ごっこ
283活动剧情\薄桃色にこんがらがって\第2話 反対ごっこ.csv,29,4001022030270,千雪,——啊，这边被我预约走了……！,283活动剧情,薄桃色にこんがらがって,第2話 反対ごっこ
283活动剧情\薄桃色にこんがらがって\第2話 反対ごっこ.csv,32,4001022030300,千雪,可，可是……,283活动剧情,薄桃色にこんがらがって,第2話 反対ごっこ
283活动剧情\薄桃色にこんがらがって\第2話 反対ごっこ.csv,35,4001022030320,千雪,,283活动剧情,薄桃色にこんがらがって,第2話 反対ごっこ
283活动剧情\薄桃色にこんがらがって\第2話 反対ごっこ.csv,36,4001022030330,千雪,对不起……,283活动剧情,薄桃色にこんがらがって,第2話 反対ごっこ
283活动剧情\薄桃色にこんがらがって\第2話 反対ごっこ.csv,38,4001022030350,千雪,呜，嗯……,283活动剧情,薄桃色にこんがらがって,第2話 反対ごっこ
283活动剧情\薄桃色にこんがらがって\第2話 反対ごっこ.csv,40,4001022030370,千雪,——啊，对了，这个……！,283活动剧情,薄桃色にこんがらがって,第2話 反対ごっこ
283活动剧情\薄桃色にこんがらがって\第2話 反対ごっこ.csv,41,4001022030380,千雪,"这个啊，
我觉得你们可以用来学习一下——",283活动剧情,薄桃色にこんがらがって,第2話 反対ごっこ
283活动剧情\薄桃色にこんがらがって\第2話 反対ごっこ.csv,44,4001022030410,千雪,"……啊……不是……！
只是偶然……",283活动剧情,薄桃色にこんがらがって,第2話 反対ごっこ
283活动剧情\薄桃色にこんがらがって\第2話 反対ごっこ.csv,45,4001022030420,千雪,昨天，在旧书店看到了……,283活动剧情,薄桃色にこんがらがって,第2話 反対ごっこ
283活动剧情\薄桃色にこんがらがって\第2話 反対ごっこ.csv,47,4001022030440,千雪,"嗯……
非常……",283活动剧情,薄桃色にこんがらがって,第2話 反対ごっこ
283活动剧情\薄桃色にこんがらがって\第2話 反対ごっこ.csv,48,4001022030450,千雪,真的，是非常好的杂志……,283活动剧情,薄桃色にこんがらがって,第2話 反対ごっこ
283活动剧情\薄桃色にこんがらがって\第2話 反対ごっこ.csv,72,4001022030690,千雪,“3个人，才是Alstroemeria”,283活动剧情,薄桃色にこんがらがって,第2話 反対ごっこ
283活动剧情\薄桃色にこんがらがって\第2話 反対ごっこ.csv,73,4001022030700,千雪,"……
对不起……",283活动剧情,薄桃色にこんがらがって,第2話 反対ごっこ
283活动剧情\薄桃色にこんがらがって\第2話 反対ごっこ.csv,74,4001022030710,千雪,,283活动剧情,薄桃色にこんがらがって,第2話 反対ごっこ
283活动剧情\薄桃色にこんがらがって\第2話 反対ごっこ.csv,75,4001022030720,千雪,"啊—……
不行不行不行…………",283活动剧情,薄桃色にこんがらがって,第2話 反対ごっこ
283活动剧情\薄桃色にこんがらがって\第2話 反対ごっこ.csv,76,4001022030730,千雪,,283活动剧情,薄桃色にこんがらがって,第2話 反対ごっこ
283活动剧情\薄桃色にこんがらがって\第2話 反対ごっこ.csv,77,4001022030740,千雪,"我……
明明只是自主训练…………",283活动剧情,薄桃色にこんがらがって,第2話 反対ごっこ
283活动剧情\薄桃色にこんがらがって\第2話 反対ごっこ.csv,79,4001022030760,千雪,,283活动剧情,薄桃色にこんがらがって,第2話 反対ごっこ
283活动剧情\薄桃色にこんがらがって\第2話 反対ごっこ.csv,80,4001022030770,千雪,"为什么呢……
我……",283活动剧情,薄桃色にこんがらがって,第2話 反対ごっこ
283活动剧情\薄桃色にこんがらがって\第2話 反対ごっこ.csv,81,4001022030780,千雪,"…………
为什么……会是《银杏》呢…………",283活动剧情,薄桃色にこんがらがって,第2話 反対ごっこ
283活动剧情\薄桃色にこんがらがって\第3話 そして彼女はインターホンを鳴らす.csv,2,4001022040001,甘奈＆甜花＆千雪,——啊——啊——啊——啊——啊——……,283活动剧情,薄桃色にこんがらがって,第3話 そして彼女はインターホンを鳴らす
283活动剧情\薄桃色にこんがらがって\第3話 そして彼女はインターホンを鳴らす.csv,3,4001022040002,甘奈＆甜花＆千雪,——啊——啊——啊——啊——啊——……,283活动剧情,薄桃色にこんがらがって,第3話 そして彼女はインターホンを鳴らす
283活动剧情\薄桃色にこんがらがって\第3話 そして彼女はインターホンを鳴らす.csv,6,4001022040030,千雪,甘奈……！？,283活动剧情,薄桃色にこんがらがって,第3話 そして彼女はインターホンを鳴らす
283活动剧情\薄桃色にこんがらがって\第3話 そして彼女はインターホンを鳴らす.csv,8,4001022040041,甜花＆千雪,……！,283活动剧情,薄桃色にこんがらがって,第3話 そして彼女はインターホンを鳴らす
283活动剧情\薄桃色にこんがらがって\第3話 そして彼女はインターホンを鳴らす.csv,10,4001022040060,千雪,是，是呢——,283活动剧情,薄桃色にこんがらがって,第3話 そして彼女はインターホンを鳴らす
283活动剧情\薄桃色にこんがらがって\第3話 そして彼女はインターホンを鳴らす.csv,13,4001022040090,千雪,啊——啊——啊——啊——啊—！！,283活动剧情,薄桃色にこんがらがって,第3話 そして彼女はインターホンを鳴らす
283活动剧情\薄桃色にこんがらがって\第3話 そして彼女はインターホンを鳴らす.csv,14,4001022040100,千雪,——怎么样……？,283活动剧情,薄桃色にこんがらがって,第3話 そして彼女はインターホンを鳴らす
283活动剧情\薄桃色にこんがらがって\第3話 そして彼女はインターホンを鳴らす.csv,18,4001022040130,千雪,呵呵，嗯……！,283活动剧情,薄桃色にこんがらがって,第3話 そして彼女はインターホンを鳴らす
283活动剧情\薄桃色にこんがらがって\第3話 そして彼女はインターホンを鳴らす.csv,21,4001022040160,千雪,"啊，那就……
现在是假装说反话时间！",283活动剧情,薄桃色にこんがらがって,第3話 そして彼女はインターホンを鳴らす
283活动剧情\薄桃色にこんがらがって\第3話 そして彼女はインターホンを鳴らす.csv,25,4001022040200,千雪,"嗯……！
呀，肚子叫了可真不可爱……♪",283活动剧情,薄桃色にこんがらがって,第3話 そして彼女はインターホンを鳴らす
283活动剧情\薄桃色にこんがらがって\第3話 そして彼女はインターホンを鳴らす.csv,28,4001022040230,千雪,呵呵呵，对不起,283活动剧情,薄桃色にこんがらがって,第3話 そして彼女はインターホンを鳴らす
283活动剧情\薄桃色にこんがらがって\第3話 そして彼女はインターホンを鳴らす.csv,29,4001022040240,千雪,"——那就，来
给你牛奶糖",283活动剧情,薄桃色にこんがらがって,第3話 そして彼女はインターホンを鳴らす
283活动剧情\薄桃色にこんがらがって\第3話 そして彼女はインターホンを鳴らす.csv,31,4001022040260,千雪,嗯,283活动剧情,薄桃色にこんがらがって,第3話 そして彼女はインターホンを鳴らす
283活动剧情\薄桃色にこんがらがって\第3話 そして彼女はインターホンを鳴らす.csv,32,4001022040270,千雪,"甘奈……
现在得尽可能释放自己的能源",283活动剧情,薄桃色にこんがらがって,第3話 そして彼女はインターホンを鳴らす
283活动剧情\薄桃色にこんがらがって\第3話 そして彼女はインターホンを鳴らす.csv,33,4001022040280,千雪,为了试镜，不努力可不行,283活动剧情,薄桃色にこんがらがって,第3話 そして彼女はインターホンを鳴らす
283活动剧情\薄桃色にこんがらがって\第3話 そして彼女はインターホンを鳴らす.csv,40,4001022040340,千雪,"……啊
是，是吗……！",283活动剧情,薄桃色にこんがらがって,第3話 そして彼女はインターホンを鳴らす
283活动剧情\薄桃色にこんがらがって\第3話 そして彼女はインターホンを鳴らす.csv,42,4001022040360,千雪,"……！
那听起来真棒……",283活动剧情,薄桃色にこんがらがって,第3話 そして彼女はインターホンを鳴らす
283活动剧情\薄桃色にこんがらがって\第3話 そして彼女はインターホンを鳴らす.csv,43,4001022040370,千雪,"但是……那个
要珍惜时间……",283活动剧情,薄桃色にこんがらがって,第3話 そして彼女はインターホンを鳴らす
283活动剧情\薄桃色にこんがらがって\第3話 そして彼女はインターホンを鳴らす.csv,44,4001022040380,千雪,"要好好，想想自己
—好吗？",283活动剧情,薄桃色にこんがらがって,第3話 そして彼女はインターホンを鳴らす
283活动剧情\薄桃色にこんがらがって\第3話 そして彼女はインターホンを鳴らす.csv,46,4001022040400,千雪,"……啊不，那个，对不起
怎么说呢，说了很过分的——",283活动剧情,薄桃色にこんがらがって,第3話 そして彼女はインターホンを鳴らす
283活动剧情\薄桃色にこんがらがって\第3話 そして彼女はインターホンを鳴らす.csv,48,4001022040420,千雪,"没，没事……！ 对不起什么的……！
…………那个",283活动剧情,薄桃色にこんがらがって,第3話 そして彼女はインターホンを鳴らす
283活动剧情\薄桃色にこんがらがって\第3話 そして彼女はインターホンを鳴らす.csv,50,4001022040440,千雪,"那……
我去准备慰劳品吧……♪",283活动剧情,薄桃色にこんがらがって,第3話 そして彼女はインターホンを鳴らす
283活动剧情\薄桃色にこんがらがって\第3話 そして彼女はインターホンを鳴らす.csv,54,4001022040480,千雪,"……呵呵
嗯……",283活动剧情,薄桃色にこんがらがって,第3話 そして彼女はインターホンを鳴らす
283活动剧情\薄桃色にこんがらがって\第3話 そして彼女はインターホンを鳴らす.csv,58,4001022040511,甘奈＆千雪,,283活动剧情,薄桃色にこんがらがって,第3話 そして彼女はインターホンを鳴らす
283活动剧情\薄桃色にこんがらがって\第3話 そして彼女はインターホンを鳴らす.csv,60,4001022040530,千雪,是我的错……,283活动剧情,薄桃色にこんがらがって,第3話 そして彼女はインターホンを鳴らす
283活动剧情\薄桃色にこんがらがって\第3話 そして彼女はインターホンを鳴らす.csv,67,4001022040600,千雪,"…………
她，一定明白的吧……",283活动剧情,薄桃色にこんがらがって,第3話 そして彼女はインターホンを鳴らす
283活动剧情\薄桃色にこんがらがって\第3話 そして彼女はインターホンを鳴らす.csv,68,4001022040610,千雪,我真是奇怪……,283活动剧情,薄桃色にこんがらがって,第3話 そして彼女はインターホンを鳴らす
283活动剧情\薄桃色にこんがらがって\第3話 そして彼女はインターホンを鳴らす.csv,69,4001022040620,千雪,,283活动剧情,薄桃色にこんがらがって,第3話 そして彼女はインターホンを鳴らす
283活动剧情\薄桃色にこんがらがって\第3話 そして彼女はインターホンを鳴らす.csv,70,4001022040630,千雪,"甘奈……
明明没有错…………",283活动剧情,薄桃色にこんがらがって,第3話 そして彼女はインターホンを鳴らす
283活动剧情\薄桃色にこんがらがって\第3話 そして彼女はインターホンを鳴らす.csv,71,4001022040640,千雪,这样的话……,283活动剧情,薄桃色にこんがらがって,第3話 そして彼女はインターホンを鳴らす
283活动剧情\薄桃色にこんがらがって\第3話 そして彼女はインターホンを鳴らす.csv,79,4001022040710,千雪,,283活动剧情,薄桃色にこんがらがって,第3話 そして彼女はインターホンを鳴らす
283活动剧情\薄桃色にこんがらがって\第3話 そして彼女はインターホンを鳴らす.csv,86,4001022040730,千雪,“3个人，才是Alstroemeria”…………,283活动剧情,薄桃色にこんがらがって,第3話 そして彼女はインターホンを鳴らす
283活动剧情\薄桃色にこんがらがって\第3話 そして彼女はインターホンを鳴らす.csv,92,4001022040790,千雪,,283活动剧情,薄桃色にこんがらがって,第3話 そして彼女はインターホンを鳴らす
283活动剧情\薄桃色にこんがらがって\第3話 そして彼女はインターホンを鳴らす.csv,97,4001022040840,千雪,,283活动剧情,薄桃色にこんがらがって,第3話 そして彼女はインターホンを鳴らす
283活动剧情\薄桃色にこんがらがって\第3話 そして彼女はインターホンを鳴らす.csv,98,4001022040850,千雪,啊——……,283活动剧情,薄桃色にこんがらがって,第3話 そして彼女はインターホンを鳴らす
283活动剧情\薄桃色にこんがらがって\第3話 そして彼女はインターホンを鳴らす.csv,99,4001022040860,千雪,啊——……,283活动剧情,薄桃色にこんがらがって,第3話 そして彼女はインターホンを鳴らす
283活动剧情\薄桃色にこんがらがって\第3話 そして彼女はインターホンを鳴らす.csv,100,4001022040870,千雪,啊————……,283活动剧情,薄桃色にこんがらがって,第3話 そして彼女はインターホンを鳴らす
283活动剧情\薄桃色にこんがらがって\第3話 そして彼女はインターホンを鳴らす.csv,111,4001022040920,千雪,"————晚上好……！
对不起，这么晚，还这么突然…………",283活动剧情,薄桃色にこんがらがって,第3話 そして彼女はインターホンを鳴らす
283活动剧情\薄桃色にこんがらがって\第3話 そして彼女はインターホンを鳴らす.csv,113,4001022040940,千雪,"就是……无论如何
我都想和甘奈见面，有些话要说",283活动剧情,薄桃色にこんがらがって,第3話 そして彼女はインターホンを鳴らす
283活动剧情\薄桃色にこんがらがって\第3話 そして彼女はインターホンを鳴らす.csv,116,4001022040970,千雪,"……我希望甜花也能一起听
就是",283活动剧情,薄桃色にこんがらがって,第3話 そして彼女はインターホンを鳴らす
283活动剧情\薄桃色にこんがらがって\第3話 そして彼女はインターホンを鳴らす.csv,118,4001022040980,千雪,"————
《银杏》的试镜",283活动剧情,薄桃色にこんがらがって,第3話 そして彼女はインターホンを鳴らす
283活动剧情\薄桃色にこんがらがって\第3話 そして彼女はインターホンを鳴らす.csv,119,4001022040990,千雪,"我也……
想要参加",283活动剧情,薄桃色にこんがらがって,第3話 そして彼女はインターホンを鳴らす
283活动剧情\薄桃色にこんがらがって\第3話 そして彼女はインターホンを鳴らす.csv,120,4001022041000,千雪,我可以参加吗？,283活动剧情,薄桃色にこんがらがって,第3話 そして彼女はインターホンを鳴らす
283活动剧情\薄桃色にこんがらがって\第4話 ふたつの夜.csv,3,4001022050020,千雪,"嗯……
作为一般选手的话，出场本身是被允许的……",283活动剧情,薄桃色にこんがらがって,第4話 ふたつの夜
283活动剧情\薄桃色にこんがらがって\第4話 ふたつの夜.csv,4,4001022050030,千雪,"…………
但是制作人先生，非常反对",283活动剧情,薄桃色にこんがらがって,第4話 ふたつの夜
283活动剧情\薄桃色にこんがらがって\第4話 ふたつの夜.csv,6,4001022050050,千雪,"……嗯—
制作人先生说希望能在他了解详情之前稍微等一下……",283活动剧情,薄桃色にこんがらがって,第4話 ふたつの夜
283活动剧情\薄桃色にこんがらがって\第4話 ふたつの夜.csv,10,4001022050090,千雪,,283活动剧情,薄桃色にこんがらがって,第4話 ふたつの夜
283活动剧情\薄桃色にこんがらがって\第4話 ふたつの夜.csv,15,4001022050120,千雪,"……
我果然，很奇怪吧",283活动剧情,薄桃色にこんがらがって,第4話 ふたつの夜
283活动剧情\薄桃色にこんがらがって\第4話 ふたつの夜.csv,17,4001022050140,千雪,"…………我觉得，是嫉妒
虽然……我自己也很惊讶",283活动剧情,薄桃色にこんがらがって,第4話 ふたつの夜
283活动剧情\薄桃色にこんがらがって\第4話 ふたつの夜.csv,27,4001022050210,千雪,呵呵……,283活动剧情,薄桃色にこんがらがって,第4話 ふたつの夜
283活动剧情\薄桃色にこんがらがって\第4話 ふたつの夜.csv,28,4001022050220,千雪,"那本杂志啊，真的是我最喜欢的杂志了
中学的时候，在图书馆看到了往期的杂志——",283活动剧情,薄桃色にこんがらがって,第4話 ふたつの夜
283活动剧情\薄桃色にこんがらがって\第4話 ふたつの夜.csv,29,4001022050230,千雪,"现在这么喜欢小杂货
也是受了在那个世界闪闪发亮的小装饰的影响吧……",283活动剧情,薄桃色にこんがらがって,第4話 ふたつの夜
283活动剧情\薄桃色にこんがらがって\第4話 ふたつの夜.csv,31,4001022050250,千雪,"……嗯
听说了要复刊之后",283活动剧情,薄桃色にこんがらがって,第4話 ふたつの夜
283活动剧情\薄桃色にこんがらがって\第4話 ふたつの夜.csv,32,4001022050260,千雪,"我的心情，就变成了好像能够再找到一次
以前藏起来的重要的宝物的感觉",283活动剧情,薄桃色にこんがらがって,第4話 ふたつの夜
283活动剧情\薄桃色にこんがらがって\第4話 ふたつの夜.csv,33,4001022050270,千雪,"可是，在找到宝藏之后
就好像已经不属于自己了一样……",283活动剧情,薄桃色にこんがらがって,第4話 ふたつの夜
283活动剧情\薄桃色にこんがらがって\第4話 ふたつの夜.csv,34,4001022050280,千雪,"很奇怪吧，
明明宝藏一开始就不属于自己",283活动剧情,薄桃色にこんがらがって,第4話 ふたつの夜
283活动剧情\薄桃色にこんがらがって\第4話 ふたつの夜.csv,35,4001022050290,千雪,"————为什么……
为什么会是甘奈呢",283活动剧情,薄桃色にこんがらがって,第4話 ふたつの夜
283活动剧情\薄桃色にこんがらがって\第4話 ふたつの夜.csv,40,4001022050320,千雪,不对，我知道的……！,283活动剧情,薄桃色にこんがらがって,第4話 ふたつの夜
283活动剧情\薄桃色にこんがらがって\第4話 ふたつの夜.csv,41,4001022050330,千雪,"我只是喜欢那个世界，
我是做不到让那个世界变得美好的……",283活动剧情,薄桃色にこんがらがって,第4話 ふたつの夜
283活动剧情\薄桃色にこんがらがって\第4話 ふたつの夜.csv,42,4001022050340,千雪,"如果新的“银杏女孩”是甘奈的话
我，一定会心动的——",283活动剧情,薄桃色にこんがらがって,第4話 ふたつの夜
283活动剧情\薄桃色にこんがらがって\第4話 ふたつの夜.csv,44,4001022050360,千雪,"……
哪边都是真的—……",283活动剧情,薄桃色にこんがらがって,第4話 ふたつの夜
283活动剧情\薄桃色にこんがらがって\第4話 ふたつの夜.csv,48,4001022050380,千雪,"……所以，怎么说呢
我想参加试镜，也只是自我满足…………",283活动剧情,薄桃色にこんがらがって,第4話 ふたつの夜
283活动剧情\薄桃色にこんがらがって\第4話 ふたつの夜.csv,51,4001022050410,千雪,"……
那是……",283活动剧情,薄桃色にこんがらがって,第4話 ふたつの夜
283活动剧情\薄桃色にこんがらがって\第4話 ふたつの夜.csv,59,4001022050470,千雪,夜月…………,283活动剧情,薄桃色にこんがらがって,第4話 ふたつの夜
283活动剧情\薄桃色にこんがらがって\第4話 ふたつの夜.csv,60,4001022050480,千雪,……嗯,283活动剧情,薄桃色にこんがらがって,第4話 ふたつの夜
283活动剧情\薄桃色にこんがらがって\第4話 ふたつの夜.csv,66,4001022050520,千雪,"可是，也没那么光鲜靓丽呢
结果……",283活动剧情,薄桃色にこんがらがって,第4話 ふたつの夜
283活动剧情\薄桃色にこんがらがって\第4話 ふたつの夜.csv,67,4001022050530,千雪,"我也只是为了和自己的烦恼战斗
才借助了甘奈的心胸吧",283活动剧情,薄桃色にこんがらがって,第4話 ふたつの夜
283活动剧情\薄桃色にこんがらがって\第4話 ふたつの夜.csv,69,4001022050550,千雪,"——……
“3个人，才是Alstroemeria”",283活动剧情,薄桃色にこんがらがって,第4話 ふたつの夜
283活动剧情\薄桃色にこんがらがって\第4話 ふたつの夜.csv,78,4001022050610,千雪,"唉……
我明明才是姐姐",283活动剧情,薄桃色にこんがらがって,第4話 ふたつの夜
283活动剧情\薄桃色にこんがらがって\第4話 ふたつの夜.csv,79,4001022050620,千雪,"完全……
没有大人样呢……",283活动剧情,薄桃色にこんがらがって,第4話 ふたつの夜
283活动剧情\薄桃色にこんがらがって\第4話 ふたつの夜.csv,82,4001022050650,千雪,……,283活动剧情,薄桃色にこんがらがって,第4話 ふたつの夜
283活动剧情\薄桃色にこんがらがって\第4話 ふたつの夜.csv,85,4001022050680,千雪,…………嗯,283活动剧情,薄桃色にこんがらがって,第4話 ふたつの夜
283活动剧情\薄桃色にこんがらがって\第5話 こわい.csv,3,4001022060020,千雪,——我并不是想阻碍甘奈,283活动剧情,薄桃色にこんがらがって,第5話 こわい
283活动剧情\薄桃色にこんがらがって\第5話 こわい.csv,4,4001022060030,千雪,"我也觉得，如果甘奈优胜的话
真的非常好",283活动剧情,薄桃色にこんがらがって,第5話 こわい
283活动剧情\薄桃色にこんがらがって\第5話 こわい.csv,6,4001022060050,千雪,"……你知道了啊
《银杏》，是我……真的非常憧憬的杂志",283活动剧情,薄桃色にこんがらがって,第5話 こわい
283活动剧情\薄桃色にこんがらがって\第5話 こわい.csv,8,4001022060070,千雪,"所以我希望甘奈胜利
是作为粉丝的，真正的想法",283活动剧情,薄桃色にこんがらがって,第5話 こわい
283活动剧情\薄桃色にこんがらがって\第5話 こわい.csv,10,4001022060090,千雪,"可是……
我做不到自己在一旁看着的想法，也是真的",283活动剧情,薄桃色にこんがらがって,第5話 こわい
283活动剧情\薄桃色にこんがらがって\第5話 こわい.csv,11,4001022060100,千雪,……对不起,283活动剧情,薄桃色にこんがらがって,第5話 こわい
283活动剧情\薄桃色にこんがらがって\第5話 こわい.csv,12,4001022060110,千雪,"这样的话，
我也没法好好为甘奈加油",283活动剧情,薄桃色にこんがらがって,第5話 こわい
283活动剧情\薄桃色にこんがらがって\第5話 こわい.csv,13,4001022060120,千雪,"——所以……
我就想着，为了我自己而出场——",283活动剧情,薄桃色にこんがらがって,第5話 こわい
283活动剧情\薄桃色にこんがらがって\第5話 こわい.csv,14,4001022060130,千雪,请多指教……甘奈,283活动剧情,薄桃色にこんがらがって,第5話 こわい
283活动剧情\薄桃色にこんがらがって\第5話 こわい.csv,17,4001022060160,千雪,,283活动剧情,薄桃色にこんがらがって,第5話 こわい
283活动剧情\薄桃色にこんがらがって\第5話 こわい.csv,21,4001022060200,千雪,《银杏》，是我……真的非常憧憬的杂志,283活动剧情,薄桃色にこんがらがって,第5話 こわい
283活动剧情\薄桃色にこんがらがって\第5話 こわい.csv,111,4001022060811,甜花＆千雪,…………,283活动剧情,薄桃色にこんがらがって,第5話 こわい
283活动剧情\薄桃色にこんがらがって\第6話 薄桃色にこんがらがって.csv,2,4001022070010,千雪,甘奈……！,283活动剧情,薄桃色にこんがらがって,第6話 薄桃色にこんがらがって
283活动剧情\薄桃色にこんがらがって\第6話 薄桃色にこんがらがって.csv,6,4001022070050,千雪,,283活动剧情,薄桃色にこんがらがって,第6話 薄桃色にこんがらがって
283活动剧情\薄桃色にこんがらがって\第6話 薄桃色にこんがらがって.csv,17,4001022070130,千雪,"————不……
我还是，取消出场吧…………",283活动剧情,薄桃色にこんがらがって,第6話 薄桃色にこんがらがって
283活动剧情\薄桃色にこんがらがって\第6話 薄桃色にこんがらがって.csv,19,4001022070150,千雪,"变成现在这样，都是我的错
我…………",283活动剧情,薄桃色にこんがらがって,第6話 薄桃色にこんがらがって
283活动剧情\薄桃色にこんがらがって\第6話 薄桃色にこんがらがって.csv,20,4001022070160,千雪,"……
我什么都……不知道…………————",283活动剧情,薄桃色にこんがらがって,第6話 薄桃色にこんがらがって
283活动剧情\薄桃色にこんがらがって\第6話 薄桃色にこんがらがって.csv,22,4001022070180,千雪,"不知不觉相信
甘奈会获得优胜……",283活动剧情,薄桃色にこんがらがって,第6話 薄桃色にこんがらがって
283活动剧情\薄桃色にこんがらがって\第6話 薄桃色にこんがらがって.csv,23,4001022070190,千雪,"其实只是我自以为
很了解胜负以及甘奈而已……",283活动剧情,薄桃色にこんがらがって,第6話 薄桃色にこんがらがって
283活动剧情\薄桃色にこんがらがって\第6話 薄桃色にこんがらがって.csv,32,4001022070250,千雪,…………制作人先生……————？,283活动剧情,薄桃色にこんがらがって,第6話 薄桃色にこんがらがって
283活动剧情\薄桃色にこんがらがって\第6話 薄桃色にこんがらがって.csv,46,4001022070290,千雪,,283活动剧情,薄桃色にこんがらがって,第6話 薄桃色にこんがらがって
283活动剧情\薄桃色にこんがらがって\第6話 薄桃色にこんがらがって.csv,50,4001022070300,千雪,,283活动剧情,薄桃色にこんがらがって,第6話 薄桃色にこんがらがって
283活动剧情\薄桃色にこんがらがって\第6話 薄桃色にこんがらがって.csv,56,4001022070320,千雪,"……对我而言
什么才是……最重要的……",283活动剧情,薄桃色にこんがらがって,第6話 薄桃色にこんがらがって
283活动剧情\薄桃色にこんがらがって\第6話 薄桃色にこんがらがって.csv,69,4001022070450,千雪,,283活动剧情,薄桃色にこんがらがって,第6話 薄桃色にこんがらがって
283活动剧情\薄桃色にこんがらがって\第6話 薄桃色にこんがらがって.csv,71,4001022070470,千雪,"……声音
不对……我听不到————",283活动剧情,薄桃色にこんがらがって,第6話 薄桃色にこんがらがって
283活动剧情\薄桃色にこんがらがって\第6話 薄桃色にこんがらがって.csv,72,4001022070480,千雪,好像发不出来……,283活动剧情,薄桃色にこんがらがって,第6話 薄桃色にこんがらがって
283活动剧情\薄桃色にこんがらがって\第6話 薄桃色にこんがらがって.csv,74,4001022070500,千雪,……啊——,283活动剧情,薄桃色にこんがらがって,第6話 薄桃色にこんがらがって
283活动剧情\薄桃色にこんがらがって\第6話 薄桃色にこんがらがって.csv,76,4001022070510,千雪,……啊————,283活动剧情,薄桃色にこんがらがって,第6話 薄桃色にこんがらがって
283活动剧情\薄桃色にこんがらがって\第6話 薄桃色にこんがらがって.csv,78,4001022070530,千雪,————咦……,283活动剧情,薄桃色にこんがらがって,第6話 薄桃色にこんがらがって
283活动剧情\薄桃色にこんがらがって\第6話 薄桃色にこんがらがって.csv,79,4001022070540,千雪,甘奈……甜花…………！,283活动剧情,薄桃色にこんがらがって,第6話 薄桃色にこんがらがって
283活动剧情\薄桃色にこんがらがって\第6話 薄桃色にこんがらがって.csv,82,4001022070570,千雪,"……哇，是这样啊……！
我之前……也常在这里进行发声练习",283活动剧情,薄桃色にこんがらがって,第6話 薄桃色にこんがらがって
283活动剧情\薄桃色にこんがらがって\第6話 薄桃色にこんがらがって.csv,84,4001022070590,千雪,"啊—……
啊——啊——啊——啊——啊——……！",283活动剧情,薄桃色にこんがらがって,第6話 薄桃色にこんがらがって
283活动剧情\薄桃色にこんがらがって\第6話 薄桃色にこんがらがって.csv,86,4001022070610,千雪,"——好像还没开嗓……
嗯嗯……",283活动剧情,薄桃色にこんがらがって,第6話 薄桃色にこんがらがって
283活动剧情\薄桃色にこんがらがって\第6話 薄桃色にこんがらがって.csv,90,4001022070650,千雪,,283活动剧情,薄桃色にこんがらがって,第6話 薄桃色にこんがらがって
283活动剧情\薄桃色にこんがらがって\第6話 薄桃色にこんがらがって.csv,93,4001022070680,千雪,嗯……,283活动剧情,薄桃色にこんがらがって,第6話 薄桃色にこんがらがって
283活动剧情\薄桃色にこんがらがって\第6話 薄桃色にこんがらがって.csv,95,4001022070700,千雪,,283活动剧情,薄桃色にこんがらがって,第6話 薄桃色にこんがらがって
283活动剧情\薄桃色にこんがらがって\第6話 薄桃色にこんがらがって.csv,97,4001022070720,千雪,"……没事
你可以说出来的",283活动剧情,薄桃色にこんがらがって,第6話 薄桃色にこんがらがって
283活动剧情\薄桃色にこんがらがって\第6話 薄桃色にこんがらがって.csv,98,4001022070730,千雪,……对了,283活动剧情,薄桃色にこんがらがって,第6話 薄桃色にこんがらがって
283活动剧情\薄桃色にこんがらがって\第6話 薄桃色にこんがらがって.csv,99,4001022070740,千雪,来玩……假装说反话吧,283活动剧情,薄桃色にこんがらがって,第6話 薄桃色にこんがらがって
283活动剧情\薄桃色にこんがらがって\第6話 薄桃色にこんがらがって.csv,102,4001022070770,千雪,,283活动剧情,薄桃色にこんがらがって,第6話 薄桃色にこんがらがって
283活动剧情\薄桃色にこんがらがって\第6話 薄桃色にこんがらがって.csv,103,4001022070780,千雪,"甘奈，
在试镜落选就好了————！",283活动剧情,薄桃色にこんがらがって,第6話 薄桃色にこんがらがって
283活动剧情\薄桃色にこんがらがって\第6話 薄桃色にこんがらがって.csv,104,4001022070790,千雪,可以说出来的，你的心声……！,283活动剧情,薄桃色にこんがらがって,第6話 薄桃色にこんがらがって
283活动剧情\薄桃色にこんがらがって\第6話 薄桃色にこんがらがって.csv,106,4001022070810,千雪,——来，轮到甜花……！,283活动剧情,薄桃色にこんがらがって,第6話 薄桃色にこんがらがって
283活动剧情\薄桃色にこんがらがって\第6話 薄桃色にこんがらがって.csv,119,4001022070940,千雪,,283活动剧情,薄桃色にこんがらがって,第6話 薄桃色にこんがらがって
283活动剧情\薄桃色にこんがらがって\第6話 薄桃色にこんがらがって.csv,122,4001022070970,千雪,……,283活动剧情,薄桃色にこんがらがって,第6話 薄桃色にこんがらがって
283活动剧情\薄桃色にこんがらがって\第6話 薄桃色にこんがらがって.csv,123,4001022070980,千雪,…………听到了,283活动剧情,薄桃色にこんがらがって,第6話 薄桃色にこんがらがって
283活动剧情\薄桃色にこんがらがって\第6話 薄桃色にこんがらがって.csv,124,4001022070990,千雪,我想输———…………！,283活动剧情,薄桃色にこんがらがって,第6話 薄桃色にこんがらがって
283活动剧情\薄桃色にこんがらがって\第6話 薄桃色にこんがらがって.csv,130,4001022071050,千雪,"————呵，呵呵呵
都在说什么……！",283活动剧情,薄桃色にこんがらがって,第6話 薄桃色にこんがらがって
283活动剧情\薄桃色にこんがらがって\第6話 薄桃色にこんがらがって.csv,131,4001022071060,千雪,真是的……,283活动剧情,薄桃色にこんがらがって,第6話 薄桃色にこんがらがって
283活动剧情\薄桃色にこんがらがって\第6話 薄桃色にこんがらがって.csv,132,4001022071070,千雪,Alsrtoemeria，最讨厌了…………！,283活动剧情,薄桃色にこんがらがって,第6話 薄桃色にこんがらがって
283活动剧情\薄桃色にこんがらがって\第6話 薄桃色にこんがらがって.csv,136,4001022071110,千雪,最讨厌了，而且不是最重要的,283活动剧情,薄桃色にこんがらがって,第6話 薄桃色にこんがらがって
283活动剧情\薄桃色にこんがらがって\第6話 薄桃色にこんがらがって.csv,138,4001022071130,千雪,——假装说反话结束,283活动剧情,薄桃色にこんがらがって,第6話 薄桃色にこんがらがって
283活动剧情\薄桃色にこんがらがって\第6話 薄桃色にこんがらがって.csv,139,4001022071140,千雪,"我……
还不觉得，我输了",283活动剧情,薄桃色にこんがらがって,第6話 薄桃色にこんがらがって
283活动剧情\薄桃色にこんがらがって\第6話 薄桃色にこんがらがって.csv,140,4001022071150,千雪,"就算优胜定下来了，
也还不知道我会不会输",283活动剧情,薄桃色にこんがらがって,第6話 薄桃色にこんがらがって
283活动剧情\薄桃色にこんがらがって\第6話 薄桃色にこんがらがって.csv,141,4001022071160,千雪,所以，让我和你战斗吧,283活动剧情,薄桃色にこんがらがって,第6話 薄桃色にこんがらがって
283活动剧情\薄桃色にこんがらがって\第6話 薄桃色にこんがらがって.csv,147,4001022071220,千雪,"……呵呵
到底是哪边，甘奈",283活动剧情,薄桃色にこんがらがって,第6話 薄桃色にこんがらがって
283活动剧情\薄桃色にこんがらがって\第6話 薄桃色にこんがらがって.csv,152,4001022071270,千雪,现在……也是？,283活动剧情,薄桃色にこんがらがって,第6話 薄桃色にこんがらがって
283活动剧情\薄桃色にこんがらがって\第6話 薄桃色にこんがらがって.csv,155,4001022071300,千雪,……是吗,283活动剧情,薄桃色にこんがらがって,第6話 薄桃色にこんがらがって
283活动剧情\薄桃色にこんがらがって\第6話 薄桃色にこんがらがって.csv,159,4001022071340,千雪,——好的,283活动剧情,薄桃色にこんがらがって,第6話 薄桃色にこんがらがって
283活动剧情\薄桃色にこんがらがって\第6話 薄桃色にこんがらがって.csv,160,4001022071350,千雪,"——我听得到声音
甘奈的，甜花的……还有我的",283活动剧情,薄桃色にこんがらがって,第6話 薄桃色にこんがらがって
283活动剧情\薄桃色にこんがらがって\第6話 薄桃色にこんがらがって.csv,161,4001022071360,千雪,"好的……
甘奈……！",283活动剧情,薄桃色にこんがらがって,第6話 薄桃色にこんがらがって
283活动剧情\［MAKING］スノー・マジック！\序章-[behind]283production.csv,19,4001020010170,千雪,呵呵，是的——,283活动剧情,［MAKING］スノー・マジック！,序章-[behind]283production
283活动剧情\［MAKING］スノー・マジック！\序章-[behind]283production.csv,24,4001020010220,千雪,甘奈，不愧是你呢——！,283活动剧情,［MAKING］スノー・マジック！,序章-[behind]283production
283活动剧情\［MAKING］スノー・マジック！\序章-[behind]283production.csv,90,4001020010811,夏葉＆千雪,石头、剪刀……,283活动剧情,［MAKING］スノー・マジック！,序章-[behind]283production
283活动剧情\［MAKING］スノー・マジック！\序章-[behind]283production.csv,91,4001020010812,夏葉＆千雪,布！！,283活动剧情,［MAKING］スノー・マジック！,序章-[behind]283production
283活动剧情\［MAKING］スノー・マジック！\序章-[behind]283production.csv,93,4001020010830,千雪,"我、我……
没什么抽签的自信，如果可以的话夏叶——",283活动剧情,［MAKING］スノー・マジック！,序章-[behind]283production
283活动剧情\［MAKING］スノー・マジック！\序章-[behind]283production.csv,95,4001020010850,千雪,"……呵呵
嗯，我会加油的……！",283活动剧情,［MAKING］スノー・マジック！,序章-[behind]283production
283活动剧情\［MAKING］スノー・マジック！\序章-[behind]283production.csv,96,4001020010860,千雪,"“青春运动衫组”
由桑山千雪来抽取……！",283活动剧情,［MAKING］スノー・マジック！,序章-[behind]283production
283活动剧情\［MAKING］スノー・マジック！\第4话-[behind]hermes.csv,47,4001020050420,千雪,"对不起……！
我刚刚好像不小心撞到了电灯的开关",283活动剧情,［MAKING］スノー・マジック！,第4话-[behind]hermes
283活动剧情\［MAKING］スノー・マジック！\第4话-[behind]hermes.csv,53,4001020050480,千雪,啊啊……！原谅我……！,283活动剧情,［MAKING］スノー・マジック！,第4话-[behind]hermes
283活动剧情\［MAKING］スノー・マジック！\第4话-[behind]hermes.csv,59,4001020050540,千雪,咲耶……,283活动剧情,［MAKING］スノー・マジック！,第4话-[behind]hermes
283活动剧情\［MAKING］スノー・マジック！\第4话-[behind]hermes.csv,60,4001020050550,千雪,"呵呵
如果你们能感到刺激就再好不过了……！",283活动剧情,［MAKING］スノー・マジック！,第4话-[behind]hermes
283活动剧情\［MAKING］スノー・マジック！\第4话-[behind]hermes.csv,67,4001020050620,千雪,"那么……
打扰了各位真的很抱歉……！",283活动剧情,［MAKING］スノー・マジック！,第4话-[behind]hermes
283活动剧情\［MAKING］スノー・マジック！\第5话-[behind]seishun_jersey.csv,5,4001020060030,千雪,桑山千雪♪,283活动剧情,［MAKING］スノー・マジック！,第5话-[behind]seishun_jersey
283活动剧情\［MAKING］スノー・マジック！\第5话-[behind]seishun_jersey.csv,6,4001020060031,結華＆夏葉＆千雪,“竭尽全力地打雪仗！”,283活动剧情,［MAKING］スノー・マジック！,第5话-[behind]seishun_jersey
283活动剧情\［MAKING］スノー・マジック！\第5话-[behind]seishun_jersey.csv,9,4001020060060,千雪,"我们十分期待“竭尽全力地打雪仗！”
一不小心就起早了！",283活动剧情,［MAKING］スノー・マジック！,第5话-[behind]seishun_jersey
283活动剧情\［MAKING］スノー・マジック！\第5话-[behind]seishun_jersey.csv,11,4001020060080,千雪,"呵呵
夏叶，非——常有干劲呢",283活动剧情,［MAKING］スノー・マジック！,第5话-[behind]seishun_jersey
283活动剧情\［MAKING］スノー・マジック！\第5话-[behind]seishun_jersey.csv,16,4001020060130,千雪,"啊，不
难得一次，就轮换着来吧？",283活动剧情,［MAKING］スノー・マジック！,第5话-[behind]seishun_jersey
283活动剧情\［MAKING］スノー・マジック！\第5话-[behind]seishun_jersey.csv,20,4001020060161,結華＆千雪,——诶？,283活动剧情,［MAKING］スノー・マジック！,第5话-[behind]seishun_jersey
283活动剧情\［MAKING］スノー・マジック！\第5话-[behind]seishun_jersey.csv,28,4001020060240,千雪,嘿♪,283活动剧情,［MAKING］スノー・マジック！,第5话-[behind]seishun_jersey
283活动剧情\［MAKING］スノー・マジック！\第5话-[behind]seishun_jersey.csv,30,4001020060260,千雪,——呵呵，打中了！,283活动剧情,［MAKING］スノー・マジック！,第5话-[behind]seishun_jersey
283活动剧情\［MAKING］スノー・マジック！\第5话-[behind]seishun_jersey.csv,33,4001020060290,千雪,"嗯
既然可以说是能干，这就是“竭尽全力”……！",283活动剧情,［MAKING］スノー・マジック！,第5话-[behind]seishun_jersey
283活动剧情\［MAKING］スノー・マジック！\第5话-[behind]seishun_jersey.csv,34,4001020060300,千雪,对吧？,283活动剧情,［MAKING］スノー・マジック！,第5话-[behind]seishun_jersey
283活动剧情\［MAKING］スノー・マジック！\第5话-[behind]seishun_jersey.csv,41,4001020060370,千雪,嘿♪,283活动剧情,［MAKING］スノー・マジック！,第5话-[behind]seishun_jersey
283活动剧情\［MAKING］スノー・マジック！\第5话-[behind]seishun_jersey.csv,43,4001020060390,千雪,不行不行，结华……！,283活动剧情,［MAKING］スノー・マジック！,第5话-[behind]seishun_jersey
283活动剧情\［MAKING］スノー・マジック！\第5话-[behind]seishun_jersey.csv,44,4001020060400,千雪,"就算是我，
也不一定是伙伴哦……！",283活动剧情,［MAKING］スノー・マジック！,第5话-[behind]seishun_jersey
283活动剧情\［MAKING］スノー・マジック！\第5话-[behind]seishun_jersey.csv,48,4001020060431,結華＆千雪,哇啊！？,283活动剧情,［MAKING］スノー・マジック！,第5话-[behind]seishun_jersey
283活动剧情\［MAKING］スノー・マジック！\第5话-[behind]seishun_jersey.csv,75,4001020060700,千雪,"呵呵，夏叶的雪球
我好像也习惯起来了……",283活动剧情,［MAKING］スノー・マジック！,第5话-[behind]seishun_jersey
283活动剧情\［MAKING］スノー・マジック！\第5话-[behind]seishun_jersey.csv,79,4001020060740,千雪,——嘿♪,283活动剧情,［MAKING］スノー・マジック！,第5话-[behind]seishun_jersey
283活动剧情\［MAKING］スノー・マジック！\第5话-[behind]seishun_jersey.csv,87,4001020060820,千雪,,283活动剧情,［MAKING］スノー・マジック！,第5话-[behind]seishun_jersey
283活动剧情\［MAKING］スノー・マジック！\第5话-[behind]seishun_jersey.csv,90,4001020060841,結華＆夏葉＆千雪,嘿！！！,283活动剧情,［MAKING］スノー・マジック！,第5话-[behind]seishun_jersey
主页剧情\千雪-万圣节2020.csv,6,4901016160010,千雪,哎呀？ 闹钟在响了……,主页剧情,千雪-万圣节2020.csv,千雪-万圣节2020
主页剧情\千雪-万圣节2020.csv,7,4901016160020,千雪,制作人先生，好像还在梦里呢,主页剧情,千雪-万圣节2020.csv,千雪-万圣节2020
主页剧情\千雪-万圣节2020.csv,8,4901016160030,千雪,好了，再不起来会迟到哦……,主页剧情,千雪-万圣节2020.csv,千雪-万圣节2020
主页剧情\千雪-万圣节2020.csv,9,4901016160040,千雪,"呵呵
早上好……！",主页剧情,千雪-万圣节2020.csv,千雪-万圣节2020
大崎甘奈\Landing Point編\10.3曲目前コミュ《ユニット限定》.csv,6,5004004040010,千雪,"哇……！
哪里……谢谢夸奖",大崎甘奈,Landing Point編,10.3曲目前コミュ《ユニット限定》
大崎甘奈\Landing Point編\10.3曲目前コミュ《ユニット限定》.csv,7,5004004040020,千雪,"不过——
我们还能继续加油……！",大崎甘奈,Landing Point編,10.3曲目前コミュ《ユニット限定》
大崎甘奈\Landing Point編\10.3曲目前コミュ《ユニット限定》.csv,12,5004004040050,千雪,"——所以，制作人先生
之后的表演，也请好好期待……！",大崎甘奈,Landing Point編,10.3曲目前コミュ《ユニット限定》
大崎甘奈\Landing Point編\12.ライブ後コミュ《ユニット》.csv,5,5004004050040,千雪,"……果然
大家都是一样的想法……！",大崎甘奈,Landing Point編,12.ライブ後コミュ《ユニット》
大崎甘奈\Landing Point編\12.ライブ後コミュ《ユニット》.csv,7,5004004050060,千雪,"是呢——
想要好好努力，尽力实现……",大崎甘奈,Landing Point編,12.ライブ後コミュ《ユニット》
大崎甘奈\Landing Point編\12.ライブ後コミュ《ユニット》.csv,8,5004004050070,千雪,所以，今天要好好地收尾才行……！,大崎甘奈,Landing Point編,12.ライブ後コミュ《ユニット》
大崎甘奈\Landing Point編\6.1曲目前コミュ《ユニット限定》.csv,3,5004004010020,千雪,"——甘奈
能握住我的手吗……？",大崎甘奈,Landing Point編,6.1曲目前コミュ《ユニット限定》
大崎甘奈\Landing Point編\6.1曲目前コミュ《ユニット限定》.csv,4,5004004010030,千雪,"一想到就要上台，就紧张了起来
我能借助一下甘奈的力量吗？",大崎甘奈,Landing Point編,6.1曲目前コミュ《ユニット限定》
大崎甘奈\Landing Point編\6.1曲目前コミュ《ユニット限定》.csv,9,5004004010080,千雪,"呵呵，别担心
看起来很好",大崎甘奈,Landing Point編,6.1曲目前コミュ《ユニット限定》
大崎甘奈\Landing Point編\6.1曲目前コミュ《ユニット限定》.csv,14,5004004010121,甘奈＆千雪,～～～～～～～…………！,大崎甘奈,Landing Point編,6.1曲目前コミュ《ユニット限定》
大崎甘奈\Landing Point編\8.2曲目前コミュ《ユニット限定》.csv,4,5004004030021,甜花＆千雪,哇……！,大崎甘奈,Landing Point編,8.2曲目前コミュ《ユニット限定》
大崎甘奈\Landing Point編\8.2曲目前コミュ《ユニット限定》.csv,5,5004004030030,千雪,有期待着今天来到这里的人吗——？,大崎甘奈,Landing Point編,8.2曲目前コミュ《ユニット限定》
大崎甘奈\Landing Point編\8.2曲目前コミュ《ユニット限定》.csv,6,5004004030040,千雪,"呵呵
我也是，一直期待着这一天……！",大崎甘奈,Landing Point編,8.2曲目前コミュ《ユニット限定》
大崎甘奈\【D★wner】大崎甘奈\【D★wner】大崎甘奈01.csv,11,3014022010100,千雪,嗯……？,大崎甘奈,【D★wner】大崎甘奈,【D★wner】大崎甘奈01
大崎甘奈\【D★wner】大崎甘奈\【D★wner】大崎甘奈01.csv,13,3014022010120,千雪,自己来拿,大崎甘奈,【D★wner】大崎甘奈,【D★wner】大崎甘奈01
大崎甘奈\【D★wner】大崎甘奈\【D★wner】大崎甘奈01.csv,19,3014022010180,千雪,…………,大崎甘奈,【D★wner】大崎甘奈,【D★wner】大崎甘奈01
大崎甘奈\【D★wner】大崎甘奈\【D★wner】大崎甘奈01.csv,27,3014022010241,甘奈＆千雪,……？,大崎甘奈,【D★wner】大崎甘奈,【D★wner】大崎甘奈01
大崎甘奈\【D★wner】大崎甘奈\【D★wner】大崎甘奈01.csv,30,3014022010260,千雪,"…………
好累……",大崎甘奈,【D★wner】大崎甘奈,【D★wner】大崎甘奈01
大崎甘奈\【D★wner】大崎甘奈\【D★wner】大崎甘奈01.csv,36,3014022010320,千雪,"甘奈……
接下来……？",大崎甘奈,【D★wner】大崎甘奈,【D★wner】大崎甘奈01
大崎甘奈\【D★wner】大崎甘奈\【D★wner】大崎甘奈01.csv,38,3014022010340,千雪,……这样啊……,大崎甘奈,【D★wner】大崎甘奈,【D★wner】大崎甘奈01
大崎甘奈\【D★wner】大崎甘奈\【D★wner】大崎甘奈01.csv,41,3014022010370,千雪,…………,大崎甘奈,【D★wner】大崎甘奈,【D★wner】大崎甘奈01
大崎甘奈\【D★wner】大崎甘奈\【D★wner】大崎甘奈01.csv,43,3014022010381,甘奈＆千雪,…………？,大崎甘奈,【D★wner】大崎甘奈,【D★wner】大崎甘奈01
大崎甘奈\【D★wner】大崎甘奈\【D★wner】大崎甘奈01.csv,46,3014022010410,千雪,其实是这样的……！,大崎甘奈,【D★wner】大崎甘奈,【D★wner】大崎甘奈01
大崎甘奈\【D★wner】大崎甘奈\【D★wner】大崎甘奈01.csv,48,3014022010430,千雪,"是的，我和甘奈
这次会去演『阴郁系男子』",大崎甘奈,【D★wner】大崎甘奈,【D★wner】大崎甘奈01
大崎甘奈\【D★wner】大崎甘奈\【D★wner】大崎甘奈01.csv,53,3014022010480,千雪,让你担心了，真抱歉,大崎甘奈,【D★wner】大崎甘奈,【D★wner】大崎甘奈01
大崎甘奈\【D★wner】大崎甘奈\【D★wner】大崎甘奈01.csv,57,3014022010520,千雪,"他在担心我们
担心得不得了……？",大崎甘奈,【D★wner】大崎甘奈,【D★wner】大崎甘奈01
大崎甘奈\【D★wner】大崎甘奈\【D★wner】大崎甘奈01.csv,63,3014022010571,甜花＆千雪,嗯……！,大崎甘奈,【D★wner】大崎甘奈,【D★wner】大崎甘奈01
大崎甘奈\【D★wner】大崎甘奈\【D★wner】大崎甘奈02.csv,3,3014022020020,千雪,…………,大崎甘奈,【D★wner】大崎甘奈,【D★wner】大崎甘奈02
大崎甘奈\【D★wner】大崎甘奈\【D★wner】大崎甘奈02.csv,8,3014022020050,千雪,……多谢……,大崎甘奈,【D★wner】大崎甘奈,【D★wner】大崎甘奈02
大崎甘奈\【D★wner】大崎甘奈\【D★wner】大崎甘奈02.csv,9,3014022020051,甘奈＆千雪,辛苦了～！,大崎甘奈,【D★wner】大崎甘奈,【D★wner】大崎甘奈02
大崎甘奈\【D★wner】大崎甘奈\【D★wner】大崎甘奈02.csv,11,3014022020070,千雪,"呵呵，其实呢
我找到了诀窍",大崎甘奈,【D★wner】大崎甘奈,【D★wner】大崎甘奈02
大崎甘奈\【D★wner】大崎甘奈\【D★wner】大崎甘奈02.csv,13,3014022020090,千雪,呼……,大崎甘奈,【D★wner】大崎甘奈,【D★wner】大崎甘奈02
大崎甘奈\【D★wner】大崎甘奈\【D★wner】大崎甘奈02.csv,14,3014022020100,千雪,（今天真是累到我了）,大崎甘奈,【D★wner】大崎甘奈,【D★wner】大崎甘奈02
大崎甘奈\【D★wner】大崎甘奈\【D★wner】大崎甘奈02.csv,15,3014022020110,千雪,"（现在好像没有……
必须要做的事情……）",大崎甘奈,【D★wner】大崎甘奈,【D★wner】大崎甘奈02
大崎甘奈\【D★wner】大崎甘奈\【D★wner】大崎甘奈02.csv,16,3014022020120,千雪,嗯……,大崎甘奈,【D★wner】大崎甘奈,【D★wner】大崎甘奈02
大崎甘奈\【D★wner】大崎甘奈\【D★wner】大崎甘奈02.csv,17,3014022020130,千雪,"在比平时更累的日子里
会显得更加懒散一些吧？",大崎甘奈,【D★wner】大崎甘奈,【D★wner】大崎甘奈02
大崎甘奈\【D★wner】大崎甘奈\【D★wner】大崎甘奈02.csv,19,3014022020150,千雪,"我去拍存、观察下了自己当时的表情
再加了点视觉处理，把它当成了拍摄的参考",大崎甘奈,【D★wner】大崎甘奈,【D★wner】大崎甘奈02
大崎甘奈\【D★wner】大崎甘奈\【D★wner】大崎甘奈02.csv,20,3014022020160,千雪,结果，就能自然而然地表现出来了,大崎甘奈,【D★wner】大崎甘奈,【D★wner】大崎甘奈02
大崎甘奈\【D★wner】大崎甘奈\【D★wner】大崎甘奈02.csv,23,3014022020190,千雪,呵呵，不外传哦♪,大崎甘奈,【D★wner】大崎甘奈,【D★wner】大崎甘奈02
大崎甘奈\【D★wner】大崎甘奈\【D★wner】大崎甘奈02.csv,25,3014022020210,千雪,……,大崎甘奈,【D★wner】大崎甘奈,【D★wner】大崎甘奈02
大崎甘奈\【D★wner】大崎甘奈\【D★wner】大崎甘奈02.csv,26,3014022020220,千雪,"不过，甘奈也
比以前进步了不少呢，是不是掌握了些什么？",大崎甘奈,【D★wner】大崎甘奈,【D★wner】大崎甘奈02
大崎甘奈\【D★wner】大崎甘奈\【D★wner】大崎甘奈02.csv,56,3014022020400,千雪,"呵呵，甘奈也
用了很有趣的做法呢",大崎甘奈,【D★wner】大崎甘奈,【D★wner】大崎甘奈02
大崎甘奈\【ever-】大崎甘奈\ポーチできたの☆.csv,3,3014012030010,千雪,"啊啊，没事……！
我也有能用这段时间做的事，所以请不要在意……",大崎甘奈,【ever-】大崎甘奈,ポーチできたの☆
大崎甘奈\【ever-】大崎甘奈\ポーチできたの☆.csv,6,3014012030020,千雪,,大崎甘奈,【ever-】大崎甘奈,ポーチできたの☆
大崎甘奈\【ever-】大崎甘奈\ポーチできたの☆.csv,8,3014012030030,千雪,"啊，好的……！
我这边没问题的……",大崎甘奈,【ever-】大崎甘奈,ポーチできたの☆
大崎甘奈\【ever-】大崎甘奈\ポーチできたの☆.csv,9,3014012030040,千雪,"——————
虽然这么说了",大崎甘奈,【ever-】大崎甘奈,ポーチできたの☆
大崎甘奈\【ever-】大崎甘奈\ポーチできたの☆.csv,10,3014012030050,千雪,"……啊啊真是的
毕竟最近净是闲不下来的日子，就是会这样啊————",大崎甘奈,【ever-】大崎甘奈,ポーチできたの☆
大崎甘奈\【ever-】大崎甘奈\ポーチできたの☆.csv,11,3014012030060,千雪,"————
有什么能做的事吗……",大崎甘奈,【ever-】大崎甘奈,ポーチできたの☆
大崎甘奈\【ever-】大崎甘奈\ポーチできたの☆.csv,31,3014012030140,千雪,"……那个
写真的检查推迟一点也可以的，所以下次再————",大崎甘奈,【ever-】大崎甘奈,ポーチできたの☆
大崎甘奈\【ever-】大崎甘奈\ポーチできたの☆.csv,32,3014012030150,千雪,————啊，电脑差不多没电了吗,大崎甘奈,【ever-】大崎甘奈,ポーチできたの☆
大崎甘奈\【ever-】大崎甘奈\ポーチできたの☆.csv,33,3014012030160,千雪,"……诶
不会吧……充电器，落在房间里了…………",大崎甘奈,【ever-】大崎甘奈,ポーチできたの☆
大崎甘奈\【ever-】大崎甘奈\ポーチできたの☆.csv,34,3014012030170,千雪,"————
偏偏在这种时候……",大崎甘奈,【ever-】大崎甘奈,ポーチできたの☆
大崎甘奈\【ever-】大崎甘奈\ポーチできたの☆.csv,41,3014012030210,千雪,"————
哈啊……",大崎甘奈,【ever-】大崎甘奈,ポーチできたの☆
大崎甘奈\【ever-】大崎甘奈\ポーチできたの☆.csv,44,3014012030230,千雪,————啊，好的——……！,大崎甘奈,【ever-】大崎甘奈,ポーチできたの☆
大崎甘奈\【ever-】大崎甘奈\ポーチできたの☆.csv,45,3014012030240,千雪,"……
自己补个妆吧",大崎甘奈,【ever-】大崎甘奈,ポーチできたの☆
大崎甘奈\【ever-】大崎甘奈\ポーチできたの☆.csv,49,3014012030270,千雪,化妆包……包……,大崎甘奈,【ever-】大崎甘奈,ポーチできたの☆
大崎甘奈\【ever-】大崎甘奈\ポーチできたの☆.csv,50,3014012030280,千雪,……有了,大崎甘奈,【ever-】大崎甘奈,ポーチできたの☆
大崎甘奈\【ever-】大崎甘奈\ポーチできたの☆.csv,51,3014012030290,千雪,————啊……,大崎甘奈,【ever-】大崎甘奈,ポーチできたの☆
大崎甘奈\【ever-】大崎甘奈\ポーチできたの☆.csv,58,3014012030350,千雪,————呵呵,大崎甘奈,【ever-】大崎甘奈,ポーチできたの☆
大崎甘奈\【ever-】大崎甘奈\ポーチできたの☆.csv,59,3014012030360,千雪,"啊——，不行不行
如果像这样叹气的话",大崎甘奈,【ever-】大崎甘奈,ポーチできたの☆
大崎甘奈\【ever-】大崎甘奈\ポーチできたの☆.csv,60,3014012030370,千雪,幸福就会逃走的哦,大崎甘奈,【ever-】大崎甘奈,ポーチできたの☆
大崎甘奈\【ever-】大崎甘奈\ポーチできたの☆.csv,63,3014012030391,甜花＆千雪,面带笑容吧……！,大崎甘奈,【ever-】大崎甘奈,ポーチできたの☆
大崎甘奈\【ever-】大崎甘奈\２回目.csv,5,3014012010040,千雪,——【Happy・Cherry】……,大崎甘奈,【ever-】大崎甘奈,２回目
大崎甘奈\【ever-】大崎甘奈\２回目.csv,6,3014012010050,千雪,"呵呵，真棒……！
涂上之后会是樱桃的味道吗？",大崎甘奈,【ever-】大崎甘奈,２回目
大崎甘奈\【ever-】大崎甘奈\２回目.csv,8,3014012010070,千雪,"嗯……！
香味也很清爽，应该很少人不喜欢……",大崎甘奈,【ever-】大崎甘奈,２回目
大崎甘奈\【ever-】大崎甘奈\２回目.csv,10,3014012010090,千雪,"毕竟唇膏的颜色虽然重要，
香味也很重要……",大崎甘奈,【ever-】大崎甘奈,２回目
大崎甘奈\【ever-】大崎甘奈\２回目.csv,13,3014012010120,千雪,"……
是什么地方不行呢？",大崎甘奈,【ever-】大崎甘奈,２回目
大崎甘奈\【ever-】大崎甘奈\２回目.csv,15,3014012010140,千雪,"————啊……
嗯——……",大崎甘奈,【ever-】大崎甘奈,２回目
大崎甘奈\【ever-】大崎甘奈\２回目.csv,21,3014012010200,千雪,……呵呵,大崎甘奈,【ever-】大崎甘奈,２回目
大崎甘奈\【ever-】大崎甘奈\２回目.csv,22,3014012010210,千雪,"嗯。肯定会想要他人不只是凭借乍一看的印象，
而是好好看过内里，再予以评价吧……",大崎甘奈,【ever-】大崎甘奈,２回目
大崎甘奈\【ever-】大崎甘奈\２回目.csv,27,3014012010260,千雪,"……呵呵
那个人，我认识……",大崎甘奈,【ever-】大崎甘奈,２回目
大崎甘奈\【ever-】大崎甘奈\２回目.csv,30,3014012010290,千雪,"这样啊……
……甘奈，是怎么想的呢",大崎甘奈,【ever-】大崎甘奈,２回目
大崎甘奈\【ever-】大崎甘奈\２回目.csv,33,3014012010320,千雪,"————呐
可以再说说，选择了樱桃的理由吗？",大崎甘奈,【ever-】大崎甘奈,２回目
大崎甘奈\【ever-】大崎甘奈\２回目.csv,35,3014012010340,千雪,"我认为，企划方想要的不只是冲击力，
而是有着甘奈风格的东西",大崎甘奈,【ever-】大崎甘奈,２回目
大崎甘奈\【ever-】大崎甘奈\２回目.csv,37,3014012010360,千雪,"呵呵
“风格”什么的，虽然会很讨厌被简单地定下印象……",大崎甘奈,【ever-】大崎甘奈,２回目
大崎甘奈\【ever-】大崎甘奈\２回目.csv,38,3014012010370,千雪,"……是啊
应该说是，只属于甘奈的故事吧",大崎甘奈,【ever-】大崎甘奈,２回目
大崎甘奈\【ever-】大崎甘奈\２回目.csv,39,3014012010380,千雪,"并不只是普通的口红
顾客们想要的是，甘奈的口红吧？",大崎甘奈,【ever-】大崎甘奈,２回目
大崎甘奈\【ever-】大崎甘奈\２回目.csv,45,3014012010440,千雪,嗯,大崎甘奈,【ever-】大崎甘奈,２回目
大崎甘奈\【ever-】大崎甘奈\２回目.csv,49,3014012010480,千雪,"————呵呵……
真快啊，各位粉丝们……",大崎甘奈,【ever-】大崎甘奈,２回目
大崎甘奈\【ever-】大崎甘奈\２回目.csv,53,3014012010520,千雪,,大崎甘奈,【ever-】大崎甘奈,２回目
大崎甘奈\【ever-】大崎甘奈\２回目.csv,55,3014012010540,千雪,"呵呵，这样啊
说到樱桃的话，就是————",大崎甘奈,【ever-】大崎甘奈,２回目
大崎甘奈\【ever-】大崎甘奈\２回目.csv,58,3014012010570,千雪,啊啊————！,大崎甘奈,【ever-】大崎甘奈,２回目
大崎甘奈\【ever-】大崎甘奈\２回目.csv,61,3014012010600,千雪,"嗯，吃了
吃了很多",大崎甘奈,【ever-】大崎甘奈,２回目
大崎甘奈\【ever-】大崎甘奈\２回目.csv,65,3014012010640,千雪,"嗯……
虽然大家一起吃过许多不同的东西……",大崎甘奈,【ever-】大崎甘奈,２回目
大崎甘奈\【ever-】大崎甘奈\２回目.csv,66,3014012010650,千雪,"因为樱花有一种独特的味道
我也能明白那种难以忘怀的感觉啊",大崎甘奈,【ever-】大崎甘奈,２回目
大崎甘奈\【ever-】大崎甘奈\２回目.csv,70,3014012010690,千雪,"————呵呵
如果有着那样出色的故事的话，接下来就只差最后一步了",大崎甘奈,【ever-】大崎甘奈,２回目
大崎甘奈\【ever-】大崎甘奈\２回目.csv,72,3014012010710,千雪,"也就是，
要怎么让唇膏变得能够唤起那份回忆",大崎甘奈,【ever-】大崎甘奈,２回目
大崎甘奈\【ever-】大崎甘奈\２回目.csv,73,3014012010720,千雪,"比如，试着保持樱桃的味道，
加入像是樱花那样的香氛如何呢？",大崎甘奈,【ever-】大崎甘奈,２回目
大崎甘奈\【ever-】大崎甘奈\２回目.csv,76,3014012010750,千雪,"不……
我只是听了甘奈的倾诉而已",大崎甘奈,【ever-】大崎甘奈,２回目
大崎甘奈\【ever-】大崎甘奈\２回目.csv,81,3014012010800,千雪,"……
呵呵，是啊……",大崎甘奈,【ever-】大崎甘奈,２回目
大崎甘奈\【ever-】大崎甘奈\２回目.csv,83,3014012010820,千雪,"————确实，
唇膏可能成为帮助人们重温回忆的东西……",大崎甘奈,【ever-】大崎甘奈,２回目
大崎甘奈\【ever-】大崎甘奈\２回目.csv,84,3014012010830,千雪,"但是决定在涂上之后，能不能好好努力的
就是在那之后的自己了",大崎甘奈,【ever-】大崎甘奈,２回目
大崎甘奈\【ever-】大崎甘奈\２回目.csv,90,3014012010890,千雪,————啊,大崎甘奈,【ever-】大崎甘奈,２回目
大崎甘奈\【ever-】大崎甘奈\２回目.csv,91,3014012010900,千雪,"甘奈……
肯定是发表结果的事……",大崎甘奈,【ever-】大崎甘奈,２回目
大崎甘奈\【ever-】大崎甘奈\２回目.csv,94,3014012010930,千雪,——————哇…………！,大崎甘奈,【ever-】大崎甘奈,２回目
大崎甘奈\【つづいていくものがたり】大崎甘奈\【つづいていくものがたり】大崎甘奈01.csv,4,3014024010030,千雪,『笑容』,大崎甘奈,【つづいていくものがたり】大崎甘奈,【つづいていくものがたり】大崎甘奈01
大崎甘奈\【つづいていくものがたり】大崎甘奈\【つづいていくものがたり】大崎甘奈01.csv,11,3014024010100,千雪,"『而那时的我们
又会以怎样的心境与大家相见呢』",大崎甘奈,【つづいていくものがたり】大崎甘奈,【つづいていくものがたり】大崎甘奈01
大崎甘奈\【つづいていくものがたり】大崎甘奈\【つづいていくものがたり】大崎甘奈01.csv,12,3014024010110,千雪,"『光是想象
就已经雀跃不已』",大崎甘奈,【つづいていくものがたり】大崎甘奈,【つづいていくものがたり】大崎甘奈01
大崎甘奈\【つづいていくものがたり】大崎甘奈\【つづいていくものがたり】大崎甘奈01.csv,13,3014024010120,千雪,"『我们衷心盼望着
那一天的到来』",大崎甘奈,【つづいていくものがたり】大崎甘奈,【つづいていくものがたり】大崎甘奈01
大崎甘奈\【つづいていくものがたり】大崎甘奈\【つづいていくものがたり】大崎甘奈02.csv,4,3014024020030,千雪,哇，是什么呢？,大崎甘奈,【つづいていくものがたり】大崎甘奈,【つづいていくものがたり】大崎甘奈02
大崎甘奈\【つづいていくものがたり】大崎甘奈\【つづいていくものがたり】大崎甘奈02.csv,6,3014024020050,千雪,"……！
谢谢……！",大崎甘奈,【つづいていくものがたり】大崎甘奈,【つづいていくものがたり】大崎甘奈02
大崎甘奈\【つづいていくものがたり】大崎甘奈\【つづいていくものがたり】大崎甘奈02.csv,7,3014024020060,千雪,不过，为什么呢……？,大崎甘奈,【つづいていくものがたり】大崎甘奈,【つづいていくものがたり】大崎甘奈02
大崎甘奈\【つづいていくものがたり】大崎甘奈\【つづいていくものがたり】大崎甘奈02.csv,10,3014024020090,千雪,"……呵呵
原来如此",大崎甘奈,【つづいていくものがたり】大崎甘奈,【つづいていくものがたり】大崎甘奈02
大崎甘奈\【つづいていくものがたり】大崎甘奈\【つづいていくものがたり】大崎甘奈02.csv,12,3014024020100,千雪,来，这是由桑山家送出的哦♪,大崎甘奈,【つづいていくものがたり】大崎甘奈,【つづいていくものがたり】大崎甘奈02
大崎甘奈\【つづいていくものがたり】大崎甘奈\【つづいていくものがたり】大崎甘奈02.csv,14,3014024020110,千雪,"原因嘛……
大概也差不多吧",大崎甘奈,【つづいていくものがたり】大崎甘奈,【つづいていくものがたり】大崎甘奈02
大崎甘奈\【つづいていくものがたり】大崎甘奈\【つづいていくものがたり】大崎甘奈02.csv,15,3014024020120,千雪,就是那篇随笔呢,大崎甘奈,【つづいていくものがたり】大崎甘奈,【つづいていくものがたり】大崎甘奈02
大崎甘奈\【つづいていくものがたり】大崎甘奈\【つづいていくものがたり】大崎甘奈02.csv,18,3014024020150,千雪,呵呵，竟然相似到这种程度……,大崎甘奈,【つづいていくものがたり】大崎甘奈,【つづいていくものがたり】大崎甘奈02
大崎甘奈\【つづいていくものがたり】大崎甘奈\【つづいていくものがたり】大崎甘奈02.csv,19,3014024020160,千雪,"说不定我们其实是同一个祖先，
是远亲之类的吧",大崎甘奈,【つづいていくものがたり】大崎甘奈,【つづいていくものがたり】大崎甘奈02
大崎甘奈\【つづいていくものがたり】大崎甘奈\【つづいていくものがたり】大崎甘奈02.csv,24,3014024020191,甜花＆千雪,……？,大崎甘奈,【つづいていくものがたり】大崎甘奈,【つづいていくものがたり】大崎甘奈02
大崎甘奈\【つづいていくものがたり】大崎甘奈\【つづいていくものがたり】大崎甘奈02.csv,27,3014024020220,千雪,"……
是这样啊",大崎甘奈,【つづいていくものがたり】大崎甘奈,【つづいていくものがたり】大崎甘奈02
大崎甘奈\【つづいていくものがたり】大崎甘奈\【つづいていくものがたり】大崎甘奈02.csv,30,3014024020250,千雪,"……『无论长到多大，
孩子就是孩子』……",大崎甘奈,【つづいていくものがたり】大崎甘奈,【つづいていくものがたり】大崎甘奈02
大崎甘奈\【つづいていくものがたり】大崎甘奈\【つづいていくものがたり】大崎甘奈02.csv,31,3014024020260,千雪,有时，我父母会对我这么说,大崎甘奈,【つづいていくものがたり】大崎甘奈,【つづいていくものがたり】大崎甘奈02
大崎甘奈\【つづいていくものがたり】大崎甘奈\【つづいていくものがたり】大崎甘奈02.csv,32,3014024020270,千雪,"平时反而是说
『既然决定好了就要坚持下去！』什么的",大崎甘奈,【つづいていくものがたり】大崎甘奈,【つづいていくものがたり】大崎甘奈02
大崎甘奈\【つづいていくものがたり】大崎甘奈\【つづいていくものがたり】大崎甘奈02.csv,33,3014024020280,千雪,"又或者是『我们相信你的判断！』之类的
虽然通常都是在支持我",大崎甘奈,【つづいていくものがたり】大崎甘奈,【つづいていくものがたり】大崎甘奈02
大崎甘奈\【つづいていくものがたり】大崎甘奈\【つづいていくものがたり】大崎甘奈02.csv,34,3014024020290,千雪,"但偶尔听到那种话就会觉得，
……啊啊，原来他们真的很担心我啊……",大崎甘奈,【つづいていくものがたり】大崎甘奈,【つづいていくものがたり】大崎甘奈02
大崎甘奈\【つづいていくものがたり】大崎甘奈\【つづいていくものがたり】大崎甘奈02.csv,38,3014024020330,千雪,……是啊,大崎甘奈,【つづいていくものがたり】大崎甘奈,【つづいていくものがたり】大崎甘奈02
大崎甘奈\【つづいていくものがたり】大崎甘奈\【つづいていくものがたり】大崎甘奈02.csv,39,3014024020340,千雪,我也想亲口和他们说呢,大崎甘奈,【つづいていくものがたり】大崎甘奈,【つづいていくものがたり】大崎甘奈02
大崎甘奈\【つづいていくものがたり】大崎甘奈\【つづいていくものがたり】大崎甘奈02.csv,41,3014024020360,千雪,嗯，要好好抽出一段时间才行,大崎甘奈,【つづいていくものがたり】大崎甘奈,【つづいていくものがたり】大崎甘奈02
大崎甘奈\【つづいていくものがたり】大崎甘奈\【つづいていくものがたり】大崎甘奈02.csv,42,3014024020370,千雪,"……对了，如果你们俩哪天有空，
要不要来我家玩？",大崎甘奈,【つづいていくものがたり】大崎甘奈,【つづいていくものがたり】大崎甘奈02
大崎甘奈\【つづいていくものがたり】大崎甘奈\【つづいていくものがたり】大崎甘奈02.csv,46,3014024020410,千雪,一点都不会♪,大崎甘奈,【つづいていくものがたり】大崎甘奈,【つづいていくものがたり】大崎甘奈02
大崎甘奈\【つづいていくものがたり】大崎甘奈\【つづいていくものがたり】大崎甘奈02.csv,47,3014024020420,千雪,"倒不如说，我父母总是
想让你们过来玩呢",大崎甘奈,【つづいていくものがたり】大崎甘奈,【つづいていくものがたり】大崎甘奈02
大崎甘奈\【つづいていくものがたり】大崎甘奈\【つづいていくものがたり】大崎甘奈02.csv,49,3014024020440,千雪,没事，他只是有点害羞而已,大崎甘奈,【つづいていくものがたり】大崎甘奈,【つづいていくものがたり】大崎甘奈02
大崎甘奈\【つづいていくものがたり】大崎甘奈\【つづいていくものがたり】大崎甘奈02.csv,54,3014024020490,千雪,想带着你们去看很多地方呢,大崎甘奈,【つづいていくものがたり】大崎甘奈,【つづいていくものがたり】大崎甘奈02
大崎甘奈\【つづいていくものがたり】大崎甘奈\【つづいていくものがたり】大崎甘奈02.csv,55,3014024020500,千雪,我也得拿出干劲，认真定一份计划才行,大崎甘奈,【つづいていくものがたり】大崎甘奈,【つづいていくものがたり】大崎甘奈02
大崎甘奈\【デビルたちの夜会】大崎甘奈\今日だけはオッケー！！.csv,4,3014014030020,千雪,你好，我是桑山,大崎甘奈,【デビルたちの夜会】大崎甘奈,今日だけはオッケー！！
大崎甘奈\【デビルたちの夜会】大崎甘奈\今日だけはオッケー！！.csv,8,3014014030060,千雪,打扰了,大崎甘奈,【デビルたちの夜会】大崎甘奈,今日だけはオッケー！！
大崎甘奈\【デビルたちの夜会】大崎甘奈\今日だけはオッケー！！.csv,10,3014014030080,千雪,"谢谢，甘奈
那么，帮我把这个放进冰箱可以吗？",大崎甘奈,【デビルたちの夜会】大崎甘奈,今日だけはオッケー！！
大崎甘奈\【デビルたちの夜会】大崎甘奈\今日だけはオッケー！！.csv,13,3014014030110,千雪,"呼呼
那要在拆开前好好期待哦",大崎甘奈,【デビルたちの夜会】大崎甘奈,今日だけはオッケー！！
大崎甘奈\【デビルたちの夜会】大崎甘奈\今日だけはオッケー！！.csv,16,3014014030140,千雪,嗯，准备好了,大崎甘奈,【デビルたちの夜会】大崎甘奈,今日だけはオッケー！！
大崎甘奈\【デビルたちの夜会】大崎甘奈\今日だけはオッケー！！.csv,20,3014014030171,甜花＆千雪,START,大崎甘奈,【デビルたちの夜会】大崎甘奈,今日だけはオッケー！！
大崎甘奈\【デビルたちの夜会】大崎甘奈\今日だけはオッケー！！.csv,23,3014014030200,千雪,,大崎甘奈,【デビルたちの夜会】大崎甘奈,今日だけはオッケー！！
大崎甘奈\【デビルたちの夜会】大崎甘奈\今日だけはオッケー！！.csv,25,3014014030220,千雪,"哇，好厉害……！
这些是你们两个做的吗……？",大崎甘奈,【デビルたちの夜会】大崎甘奈,今日だけはオッケー！！
大崎甘奈\【デビルたちの夜会】大崎甘奈\今日だけはオッケー！！.csv,29,3014014030260,千雪,谢谢,大崎甘奈,【デビルたちの夜会】大崎甘奈,今日だけはオッケー！！
大崎甘奈\【デビルたちの夜会】大崎甘奈\今日だけはオッケー！！.csv,30,3014014030270,千雪,呼呼，做成恶魔太郎和天使次郎形状的也有啊,大崎甘奈,【デビルたちの夜会】大崎甘奈,今日だけはオッケー！！
大崎甘奈\【デビルたちの夜会】大崎甘奈\今日だけはオッケー！！.csv,32,3014014030290,千雪,那么……我先尝一个，要开动了,大崎甘奈,【デビルたちの夜会】大崎甘奈,今日だけはオッケー！！
大崎甘奈\【デビルたちの夜会】大崎甘奈\今日だけはオッケー！！.csv,33,3014014030300,千雪,,大崎甘奈,【デビルたちの夜会】大崎甘奈,今日だけはオッケー！！
大崎甘奈\【デビルたちの夜会】大崎甘奈\今日だけはオッケー！！.csv,35,3014014030310,千雪,非常的美味呢,大崎甘奈,【デビルたちの夜会】大崎甘奈,今日だけはオッケー！！
大崎甘奈\【デビルたちの夜会】大崎甘奈\今日だけはオッケー！！.csv,37,3014014030320,千雪,"加了满满的干果……
这是我最喜欢的",大崎甘奈,【デビルたちの夜会】大崎甘奈,今日だけはオッケー！！
大崎甘奈\【デビルたちの夜会】大崎甘奈\今日だけはオッケー！！.csv,38,3014014030330,千雪,不管有多少都能吃得下……！,大崎甘奈,【デビルたちの夜会】大崎甘奈,今日だけはオッケー！！
大崎甘奈\【デビルたちの夜会】大崎甘奈\今日だけはオッケー！！.csv,40,3014014030350,千雪,呼呼，好高兴啊，那我要多吃一点了,大崎甘奈,【デビルたちの夜会】大崎甘奈,今日だけはオッケー！！
大崎甘奈\【デビルたちの夜会】大崎甘奈\今日だけはオッケー！！.csv,41,3014014030360,千雪,但是，在此之前──,大崎甘奈,【デビルたちの夜会】大崎甘奈,今日だけはオッケー！！
大崎甘奈\【デビルたちの夜会】大崎甘奈\今日だけはオッケー！！.csv,43,3014014030380,千雪,来，这个是给甘奈的,大崎甘奈,【デビルたちの夜会】大崎甘奈,今日だけはオッケー！！
大崎甘奈\【デビルたちの夜会】大崎甘奈\今日だけはオッケー！！.csv,45,3014014030400,千雪,这是是给甜花的,大崎甘奈,【デビルたちの夜会】大崎甘奈,今日だけはオッケー！！
大崎甘奈\【デビルたちの夜会】大崎甘奈\今日だけはオッケー！！.csv,48,3014014030430,千雪,当然可以！,大崎甘奈,【デビルたちの夜会】大崎甘奈,今日だけはオッケー！！
大崎甘奈\【デビルたちの夜会】大崎甘奈\今日だけはオッケー！！.csv,54,3014014030490,千雪,"呼呼，答对了
天使次郎是牛奶布丁哦",大崎甘奈,【デビルたちの夜会】大崎甘奈,今日だけはオッケー！！
大崎甘奈\【デビルたちの夜会】大崎甘奈\今日だけはオッケー！！.csv,56,3014014030501,甜花＆千雪,"……？
甘奈……？",大崎甘奈,【デビルたちの夜会】大崎甘奈,今日だけはオッケー！！
大崎甘奈\【デビルたちの夜会】大崎甘奈\今日だけはオッケー！！.csv,58,3014014030511,甜花＆千雪,,大崎甘奈,【デビルたちの夜会】大崎甘奈,今日だけはオッケー！！
大崎甘奈\【デビルたちの夜会】大崎甘奈\今日だけはオッケー！！.csv,61,3014014030540,千雪,,大崎甘奈,【デビルたちの夜会】大崎甘奈,今日だけはオッケー！！
大崎甘奈\【デビルたちの夜会】大崎甘奈\今日だけはオッケー！！.csv,63,3014014030560,千雪,呼呼，真的是个好想法,大崎甘奈,【デビルたちの夜会】大崎甘奈,今日だけはオッケー！！
大崎甘奈\【デビルたちの夜会】大崎甘奈\今日だけはオッケー！！.csv,67,3014014030600,千雪,甘奈现在是恶魔太郎了♪,大崎甘奈,【デビルたちの夜会】大崎甘奈,今日だけはオッケー！！
大崎甘奈\【デビルたちの夜会】大崎甘奈\今日だけはオッケー！！.csv,71,3014014030640,千雪,稍微熬下夜……之类的……,大崎甘奈,【デビルたちの夜会】大崎甘奈,今日だけはオッケー！！
大崎甘奈\【デビルたちの夜会】大崎甘奈\今日だけはオッケー！！.csv,74,3014014030661,甜花＆千雪,呢嘿嘿……,大崎甘奈,【デビルたちの夜会】大崎甘奈,今日だけはオッケー！！
大崎甘奈\【デビルたちの夜会】大崎甘奈\今日だけはオッケー！！.csv,75,3014014030670,千雪,那么，我们重头再来,大崎甘奈,【デビルたちの夜会】大崎甘奈,今日だけはオッケー！！
大崎甘奈\【デビルたちの夜会】大崎甘奈\今日はダメ……！.csv,50,3014014020460,千雪,（加上耳朵……）,大崎甘奈,【デビルたちの夜会】大崎甘奈,今日はダメ……！
大崎甘奈\【デビルたちの夜会】大崎甘奈\今日はダメ……！.csv,51,3014014020470,千雪,（画上嘴巴）,大崎甘奈,【デビルたちの夜会】大崎甘奈,今日はダメ……！
大崎甘奈\【デビルたちの夜会】大崎甘奈\今日はダメ……！.csv,52,3014014020480,千雪,,大崎甘奈,【デビルたちの夜会】大崎甘奈,今日はダメ……！
大崎甘奈\【デビルたちの夜会】大崎甘奈\今日はダメ……！.csv,53,3014014020490,千雪,（呼呼……可爱的兄弟，完成）,大崎甘奈,【デビルたちの夜会】大崎甘奈,今日はダメ……！
大崎甘奈\【デビルたちの夜会】大崎甘奈\今日はダメ……！.csv,54,3014014020500,千雪,真是期待呢……！,大崎甘奈,【デビルたちの夜会】大崎甘奈,今日はダメ……！
大崎甘奈\【レッツ☆忍び足！】大崎甘奈\我らこそ……！.csv,3,3014013020020,千雪,,大崎甘奈,【レッツ☆忍び足！】大崎甘奈,我らこそ……！
大崎甘奈\【レッツ☆忍び足！】大崎甘奈\我らこそ……！.csv,8,3014013020051,甘奈＆千雪,甜花！,大崎甘奈,【レッツ☆忍び足！】大崎甘奈,我らこそ……！
大崎甘奈\【レッツ☆忍び足！】大崎甘奈\我らこそ……！.csv,11,3014013020070,千雪,"甘奈……！
投降吧……！",大崎甘奈,【レッツ☆忍び足！】大崎甘奈,我らこそ……！
大崎甘奈\【レッツ☆忍び足！】大崎甘奈\我らこそ……！.csv,19,3014013020140,千雪,"还挺正式的呢
没想到会是这样的……",大崎甘奈,【レッツ☆忍び足！】大崎甘奈,我らこそ……！
大崎甘奈\【レッツ☆忍び足！】大崎甘奈\我らこそ……！.csv,20,3014013020150,千雪,我也稍微有点不甘心呢,大崎甘奈,【レッツ☆忍び足！】大崎甘奈,我らこそ……！
大崎甘奈\【レッツ☆忍び足！】大崎甘奈\我らこそ……！.csv,24,3014013020190,千雪,"呵呵
这次就不会投降了……！",大崎甘奈,【レッツ☆忍び足！】大崎甘奈,我らこそ……！
大崎甘奈\【レッツ☆忍び足！】大崎甘奈\我らこそ……！.csv,26,3014013020210,千雪,蹑手蹑脚……,大崎甘奈,【レッツ☆忍び足！】大崎甘奈,我らこそ……！
大崎甘奈\【レッツ☆忍び足！】大崎甘奈\我らこそ……！.csv,39,3014013020340,千雪,靶子在移动，很难呢……,大崎甘奈,【レッツ☆忍び足！】大崎甘奈,我らこそ……！
大崎甘奈\【レッツ☆忍び足！】大崎甘奈\我らこそ……！.csv,46,3014013020401,甜花＆千雪,哦——！,大崎甘奈,【レッツ☆忍び足！】大崎甘奈,我らこそ……！
大崎甘奈\【レッツ☆忍び足！】大崎甘奈\我らこそ……！.csv,48,3014013020420,千雪,"“有时堂堂正正的举止也很重要
在诛杀敌人之时可以装酷，自报家门”",大崎甘奈,【レッツ☆忍び足！】大崎甘奈,我らこそ……！
大崎甘奈\【レッツ☆忍び足！】大崎甘奈\我らこそ……！.csv,50,3014013020440,千雪,呵呵，可以可以,大崎甘奈,【レッツ☆忍び足！】大崎甘奈,我らこそ……！
大崎甘奈\【レッツ☆忍び足！】大崎甘奈\我らこそ……！.csv,51,3014013020450,千雪,"毕竟是主题公园
开心才是主要的",大崎甘奈,【レッツ☆忍び足！】大崎甘奈,我らこそ……！
大崎甘奈\【レッツ☆忍び足！】大崎甘奈\我らこそ……！.csv,56,3014013020500,千雪,“深绿忍者……千雪！”,大崎甘奈,【レッツ☆忍び足！】大崎甘奈,我らこそ……！
大崎甘奈\【冬の日の『贈り物』】大崎甘奈\冬の日、灯す明.csv,2,3014009020010,千雪,锵～，就是这里……♪,大崎甘奈,【冬の日の『贈り物』】大崎甘奈,冬の日、灯す明
大崎甘奈\【冬の日の『贈り物』】大崎甘奈\冬の日、灯す明.csv,7,3014009020060,千雪,那个……,大崎甘奈,【冬の日の『贈り物』】大崎甘奈,冬の日、灯す明
大崎甘奈\【冬の日の『贈り物』】大崎甘奈\冬の日、灯す明.csv,12,3014009020100,千雪,"甘奈跟甜花，
两个人都来找我商量礼物的事……",大崎甘奈,【冬の日の『贈り物』】大崎甘奈,冬の日、灯す明
大崎甘奈\【冬の日の『贈り物』】大崎甘奈\冬の日、灯す明.csv,13,3014009020110,千雪,呵呵，真是一对互相珍视着对方的双胞胎呢,大崎甘奈,【冬の日の『贈り物』】大崎甘奈,冬の日、灯す明
大崎甘奈\【冬の日の『贈り物』】大崎甘奈\冬の日、灯す明.csv,17,3014009020150,千雪,呵呵，太好了呢,大崎甘奈,【冬の日の『贈り物』】大崎甘奈,冬の日、灯す明
大崎甘奈\【冬の日の『贈り物』】大崎甘奈\冬の日、灯す明.csv,28,3014009020230,千雪,没有哦,大崎甘奈,【冬の日の『贈り物』】大崎甘奈,冬の日、灯す明
大崎甘奈\【冬の日の『贈り物』】大崎甘奈\冬の日、灯す明.csv,29,3014009020240,千雪,但是我想……,大崎甘奈,【冬の日の『贈り物』】大崎甘奈,冬の日、灯す明
大崎甘奈\【冬の日の『贈り物』】大崎甘奈\冬の日、灯す明.csv,30,3014009020250,千雪,你们两人的话，也许会选一样的,大崎甘奈,【冬の日の『贈り物』】大崎甘奈,冬の日、灯す明
大崎甘奈\【冬の日の『贈り物』】大崎甘奈\冬の日、灯す明.csv,31,3014009020260,千雪,呵呵,大崎甘奈,【冬の日の『贈り物』】大崎甘奈,冬の日、灯す明
大崎甘奈\【冬の日の『贈り物』】大崎甘奈\冬の日、灯す明.csv,33,3014009020280,千雪,嗯……,大崎甘奈,【冬の日の『贈り物』】大崎甘奈,冬の日、灯す明
大崎甘奈\【冬の日の『贈り物』】大崎甘奈\冬の日、灯す明.csv,48,3014009020430,千雪,呵呵，真可爱♪,大崎甘奈,【冬の日の『贈り物』】大崎甘奈,冬の日、灯す明
大崎甘奈\【冬の日の『贈り物』】大崎甘奈\冬の日、灯す明.csv,54,3014009020490,千雪,"诶……？
──哪里，算不上什么建议……",大崎甘奈,【冬の日の『贈り物』】大崎甘奈,冬の日、灯す明
大崎甘奈\【冬の日の『贈り物』】大崎甘奈\冬の日、灯す明.csv,55,3014009020500,千雪,"“如果是戴在身上的首饰，
那么无论何时，都能陪在身边吧”",大崎甘奈,【冬の日の『贈り物』】大崎甘奈,冬の日、灯す明
大崎甘奈\【冬の日の『贈り物』】大崎甘奈\冬の日、灯す明.csv,56,3014009020510,千雪,我的想法就只是这样哦,大崎甘奈,【冬の日の『贈り物』】大崎甘奈,冬の日、灯す明
大崎甘奈\【冬の日の『贈り物』】大崎甘奈\冬の日、灯す明.csv,59,3014009020531,甜花＆千雪,甘奈……！,大崎甘奈,【冬の日の『贈り物』】大崎甘奈,冬の日、灯す明
大崎甘奈\【冬の日の『贈り物』】大崎甘奈\冬の日、灯す明.csv,61,3014009020541,甜花＆千雪,,大崎甘奈,【冬の日の『贈り物』】大崎甘奈,冬の日、灯す明
大崎甘奈\【冬の日の『贈り物』】大崎甘奈\冬の日、灯す明.csv,66,3014009020590,千雪,"一直待在这里的话会着凉呢
差不多该回去了",大崎甘奈,【冬の日の『贈り物』】大崎甘奈,冬の日、灯す明
大崎甘奈\【冬の日の『贈り物』】大崎甘奈\冬の日、灯す明.csv,69,3014009020620,千雪,"诶……？
可是，我已经得到圣诞礼物了啊……",大崎甘奈,【冬の日の『贈り物』】大崎甘奈,冬の日、灯す明
大崎甘奈\【冬の日の『贈り物』】大崎甘奈\冬の日、灯す明.csv,72,3014009020650,千雪,"呵呵……
那就恭敬不如从命了",大崎甘奈,【冬の日の『贈り物』】大崎甘奈,冬の日、灯す明
大崎甘奈\【冬の日の『贈り物』】大崎甘奈\曇り空、私の心.csv,20,3014009010190,千雪,甘奈，这家店怎么样？,大崎甘奈,【冬の日の『贈り物』】大崎甘奈,曇り空、私の心
大崎甘奈\【冬の日の『贈り物』】大崎甘奈\曇り空、私の心.csv,23,3014009010220,千雪,"……
甘奈……？",大崎甘奈,【冬の日の『贈り物』】大崎甘奈,曇り空、私の心
大崎甘奈\【冬の日の『贈り物』】大崎甘奈\曇り空、私の心.csv,27,3014009010260,千雪,,大崎甘奈,【冬の日の『贈り物』】大崎甘奈,曇り空、私の心
大崎甘奈\【冬の日の『贈り物』】大崎甘奈\曇り空、私の心.csv,28,3014009010270,千雪,呵呵……,大崎甘奈,【冬の日の『贈り物』】大崎甘奈,曇り空、私の心
大崎甘奈\【冬の日の『贈り物』】大崎甘奈\曇り空、私の心.csv,29,3014009010280,千雪,甘奈，跟我来一下……！,大崎甘奈,【冬の日の『贈り物』】大崎甘奈,曇り空、私の心
大崎甘奈\【冬の日の『贈り物』】大崎甘奈\曇り空、私の心.csv,31,3014009010300,千雪,——这里，是个藏得很深的好地方吧？,大崎甘奈,【冬の日の『贈り物』】大崎甘奈,曇り空、私の心
大崎甘奈\【冬の日の『贈り物』】大崎甘奈\曇り空、私の心.csv,33,3014009010320,千雪,"太好了……！
甘奈一定能找到的",大崎甘奈,【冬の日の『贈り物』】大崎甘奈,曇り空、私の心
大崎甘奈\【冬の日の『贈り物』】大崎甘奈\曇り空、私の心.csv,34,3014009010330,千雪,"首饰这种东西，
不了解对方的话是选不出来的",大崎甘奈,【冬の日の『贈り物』】大崎甘奈,曇り空、私の心
大崎甘奈\【冬の日の『贈り物』】大崎甘奈\曇り空、私の心.csv,35,3014009010340,千雪,……对吧？,大崎甘奈,【冬の日の『贈り物』】大崎甘奈,曇り空、私の心
大崎甘奈\【冬の日の『贈り物』】大崎甘奈\曇り空、私の心.csv,38,3014009010370,千雪,不用客气的……！,大崎甘奈,【冬の日の『贈り物』】大崎甘奈,曇り空、私の心
大崎甘奈\【冬の日の『贈り物』】大崎甘奈\曇り空、私の心.csv,40,3014009010390,千雪,找到了很棒的礼物，太好了呢，甘奈,大崎甘奈,【冬の日の『贈り物』】大崎甘奈,曇り空、私の心
大崎甘奈\【冬の日の『贈り物』】大崎甘奈\曇り空、私の心.csv,44,3014009010430,千雪,没事，今天玩得很开心哦……！,大崎甘奈,【冬の日の『贈り物』】大崎甘奈,曇り空、私の心
大崎甘奈\【冬の日の『贈り物』】大崎甘奈\曇り空、私の心.csv,45,3014009010440,千雪,——不对……,大崎甘奈,【冬の日の『贈り物』】大崎甘奈,曇り空、私の心
大崎甘奈\【冬の日の『贈り物』】大崎甘奈\曇り空、私の心.csv,46,3014009010450,千雪,"快乐的时光，还没结束呢……！
呐，甘奈——",大崎甘奈,【冬の日の『贈り物』】大崎甘奈,曇り空、私の心
大崎甘奈\【冬の日の『贈り物』】大崎甘奈\曇り空、私の心.csv,47,3014009010460,千雪,这次换你陪我吧……！,大崎甘奈,【冬の日の『贈り物』】大崎甘奈,曇り空、私の心
大崎甘奈\【冬の日の『贈り物』】大崎甘奈\曇り空、私の心.csv,50,3014009010490,千雪,呵呵，这个啊……,大崎甘奈,【冬の日の『贈り物』】大崎甘奈,曇り空、私の心
大崎甘奈\【冬の日の『贈り物』】大崎甘奈\曇り空、私の心.csv,51,3014009010500,千雪,锵～，就是这里……♪,大崎甘奈,【冬の日の『贈り物』】大崎甘奈,曇り空、私の心
大崎甘奈\【幸せのりんご飴】大崎甘奈\それぞれの関係.csv,4,3014004030030,千雪,"别客气
我也很开心哦",大崎甘奈,【幸せのりんご飴】大崎甘奈,それぞれの関係
大崎甘奈\【幸せのりんご飴】大崎甘奈\それぞれの関係.csv,5,3014004030040,千雪,不过，在那里待了很久呢……！,大崎甘奈,【幸せのりんご飴】大崎甘奈,それぞれの関係
大崎甘奈\【幸せのりんご飴】大崎甘奈\それぞれの関係.csv,8,3014004030070,千雪,"说起来，甘奈买了些书呢……
是什么书？",大崎甘奈,【幸せのりんご飴】大崎甘奈,それぞれの関係
大崎甘奈\【幸せのりんご飴】大崎甘奈\それぞれの関係.csv,10,3014004030090,千雪,"可爱的女孩子？
是最近流行的小说吗？",大崎甘奈,【幸せのりんご飴】大崎甘奈,それぞれの関係
大崎甘奈\【幸せのりんご飴】大崎甘奈\それぞれの関係.csv,13,3014004030120,千雪,"是吗
教科书上的内容，认真去看的话……",大崎甘奈,【幸せのりんご飴】大崎甘奈,それぞれの関係
大崎甘奈\【幸せのりんご飴】大崎甘奈\それぞれの関係.csv,14,3014004030130,千雪,其实也会有些很有趣的东西呢,大崎甘奈,【幸せのりんご飴】大崎甘奈,それぞれの関係
大崎甘奈\【幸せのりんご飴】大崎甘奈\それぞれの関係.csv,19,3014004030180,千雪,这本绘本……我也看过,大崎甘奈,【幸せのりんご飴】大崎甘奈,それぞれの関係
大崎甘奈\【幸せのりんご飴】大崎甘奈\それぞれの関係.csv,21,3014004030200,千雪,"嗯
我弟弟特别喜欢这本绘本",大崎甘奈,【幸せのりんご飴】大崎甘奈,それぞれの関係
大崎甘奈\【幸せのりんご飴】大崎甘奈\それぞれの関係.csv,22,3014004030210,千雪,他小时候我经常读给他听,大崎甘奈,【幸せのりんご飴】大崎甘奈,それぞれの関係
大崎甘奈\【幸せのりんご飴】大崎甘奈\それぞれの関係.csv,24,3014004030230,千雪,呵呵，那是他小学时候的照片,大崎甘奈,【幸せのりんご飴】大崎甘奈,それぞれの関係
大崎甘奈\【幸せのりんご飴】大崎甘奈\それぞれの関係.csv,25,3014004030240,千雪,以前，一拍照他就会对着镜头摆姿势……,大崎甘奈,【幸せのりんご飴】大崎甘奈,それぞれの関係
大崎甘奈\【幸せのりんご飴】大崎甘奈\それぞれの関係.csv,27,3014004030260,千雪,"对啊
说着“别拍啊”把脸藏起来",大崎甘奈,【幸せのりんご飴】大崎甘奈,それぞれの関係
大崎甘奈\【幸せのりんご飴】大崎甘奈\それぞれの関係.csv,30,3014004030290,千雪,"呵呵
你们无论何时关系都很好呢",大崎甘奈,【幸せのりんご飴】大崎甘奈,それぞれの関係
大崎甘奈\【幸せのりんご飴】大崎甘奈\それぞれの関係.csv,32,3014004030310,千雪,唔……没有吧,大崎甘奈,【幸せのりんご飴】大崎甘奈,それぞれの関係
大崎甘奈\【幸せのりんご飴】大崎甘奈\それぞれの関係.csv,33,3014004030320,千雪,现在回老家的时候，还是能和他好好聊天……,大崎甘奈,【幸せのりんご飴】大崎甘奈,それぞれの関係
大崎甘奈\【幸せのりんご飴】大崎甘奈\それぞれの関係.csv,35,3014004030340,千雪,"是啊
虽然关系跟以前已经不一样了",大崎甘奈,【幸せのりんご飴】大崎甘奈,それぞれの関係
大崎甘奈\【幸せのりんご飴】大崎甘奈\それぞれの関係.csv,37,3014004030360,千雪,……甘奈？,大崎甘奈,【幸せのりんご飴】大崎甘奈,それぞれの関係
大崎甘奈\【幸せのりんご飴】大崎甘奈\それぞれの関係.csv,39,3014004030380,千雪,……害怕改变吗？,大崎甘奈,【幸せのりんご飴】大崎甘奈,それぞれの関係
大崎甘奈\【幸せのりんご飴】大崎甘奈\それぞれの関係.csv,42,3014004030410,千雪,甘奈……,大崎甘奈,【幸せのりんご飴】大崎甘奈,それぞれの関係
大崎甘奈\【幸せのりんご飴】大崎甘奈\それぞれの関係.csv,43,3014004030420,千雪,……一定没问题的！,大崎甘奈,【幸せのりんご飴】大崎甘奈,それぞれの関係
大崎甘奈\【幸せのりんご飴】大崎甘奈\それぞれの関係.csv,45,3014004030440,千雪,"虽然我也觉得……
关系的改变让人有些寂寞",大崎甘奈,【幸せのりんご飴】大崎甘奈,それぞれの関係
大崎甘奈\【幸せのりんご飴】大崎甘奈\それぞれの関係.csv,46,3014004030450,千雪,但我想，或许应该说“关系成长了”吧,大崎甘奈,【幸せのりんご飴】大崎甘奈,それぞれの関係
大崎甘奈\【幸せのりんご飴】大崎甘奈\それぞれの関係.csv,47,3014004030460,千雪,"就像我们自己成为大人，
慢慢改变着那样……对吧？",大崎甘奈,【幸せのりんご飴】大崎甘奈,それぞれの関係
大崎甘奈\【幸せのりんご飴】大崎甘奈\仲良しの『いただきます』.csv,5,3014004020040,千雪,没关系的，不用在意啊,大崎甘奈,【幸せのりんご飴】大崎甘奈,仲良しの『いただきます』
大崎甘奈\【幸せのりんご飴】大崎甘奈\仲良しの『いただきます』.csv,8,3014004020070,千雪,是吗……！,大崎甘奈,【幸せのりんご飴】大崎甘奈,仲良しの『いただきます』
大崎甘奈\【幸せのりんご飴】大崎甘奈\仲良しの『いただきます』.csv,15,3014004020130,千雪,"刨冰铺的话，刚才应该有见到……
也许能给你们带下路哦",大崎甘奈,【幸せのりんご飴】大崎甘奈,仲良しの『いただきます』
大崎甘奈\【幸せのりんご飴】大崎甘奈\仲良しの『いただきます』.csv,19,3014004020170,千雪,有好多口味，真难选啊……,大崎甘奈,【幸せのりんご飴】大崎甘奈,仲良しの『いただきます』
大崎甘奈\【幸せのりんご飴】大崎甘奈\仲良しの『いただきます』.csv,22,3014004020200,千雪,我要宇治金时吧,大崎甘奈,【幸せのりんご飴】大崎甘奈,仲良しの『いただきます』
大崎甘奈\【幸せのりんご飴】大崎甘奈\仲良しの『いただきます』.csv,23,3014004020210,千雪,甜花想好了吗？,大崎甘奈,【幸せのりんご飴】大崎甘奈,仲良しの『いただきます』
大崎甘奈\【幸せのりんご飴】大崎甘奈\仲良しの『いただきます』.csv,25,3014004020230,千雪,"唔……还有其他地方在卖吗
好像没有啊……",大崎甘奈,【幸せのりんご飴】大崎甘奈,仲良しの『いただきます』
大崎甘奈\【幸せのりんご飴】大崎甘奈\仲良しの『いただきます』.csv,35,3014004020330,千雪,"不用谢哦
趁刨冰还没融化赶紧来做吧？",大崎甘奈,【幸せのりんご飴】大崎甘奈,仲良しの『いただきます』
大崎甘奈\【幸せのりんご飴】大崎甘奈\仲良しの『いただきます』.csv,42,3014004020390,千雪,"哇，可以吗？
甜花",大崎甘奈,【幸せのりんご飴】大崎甘奈,仲良しの『いただきます』
大崎甘奈\【幸せのりんご飴】大崎甘奈\仲良しの『いただきます』.csv,44,3014004020410,千雪,"谢谢
……嗯，好吃♪",大崎甘奈,【幸せのりんご飴】大崎甘奈,仲良しの『いただきます』
大崎甘奈\【幸せのりんご飴】大崎甘奈\仲良しの『いただきます』.csv,46,3014004020430,千雪,"……嗯
草莓味也挺好吃呢",大崎甘奈,【幸せのりんご飴】大崎甘奈,仲良しの『いただきます』
大崎甘奈\【幸せのりんご飴】大崎甘奈\仲良しの『いただきます』.csv,47,3014004020440,千雪,"那么，
你们也试一下我的刨冰吧",大崎甘奈,【幸せのりんご飴】大崎甘奈,仲良しの『いただきます』
大崎甘奈\【幸せのりんご飴】大崎甘奈\仲良しの『いただきます』.csv,50,3014004020470,千雪,甜花也来吧,大崎甘奈,【幸せのりんご飴】大崎甘奈,仲良しの『いただきます』
大崎甘奈\【幸せのりんご飴】大崎甘奈\仲良しの『いただきます』.csv,53,3014004020500,千雪,呵呵,大崎甘奈,【幸せのりんご飴】大崎甘奈,仲良しの『いただきます』
大崎甘奈\【幸せのりんご飴】大崎甘奈\仲良しの『いただきます』.csv,54,3014004020510,千雪,"虽然还是第一次吃加果汁的刨冰
……不过还挺好吃的，太好了",大崎甘奈,【幸せのりんご飴】大崎甘奈,仲良しの『いただきます』
大崎甘奈\【幸せのりんご飴】大崎甘奈\仲良しの『いただきます』.csv,57,3014004020540,千雪,以后，或许在事务所也能做呢,大崎甘奈,【幸せのりんご飴】大崎甘奈,仲良しの『いただきます』
大崎甘奈\【幸せのりんご飴】大崎甘奈\仲良しの『いただきます』.csv,63,3014004020600,千雪,呵呵，先问问制作人能不能买一台刨冰机吧,大崎甘奈,【幸せのりんご飴】大崎甘奈,仲良しの『いただきます』
大崎甘奈\【２８３プロのヒナ】大崎甘奈\キュート・フレンズ.csv,3,3014002020020,千雪,"早上好，甘奈
怎么了？",大崎甘奈,【２８３プロのヒナ】大崎甘奈,キュート・フレンズ
大崎甘奈\【２８３プロのヒナ】大崎甘奈\キュート・フレンズ.csv,5,3014002020040,千雪,"哇，好可爱的橘猫
甘奈拍照很拿手呢",大崎甘奈,【２８３プロのヒナ】大崎甘奈,キュート・フレンズ
大崎甘奈\【２８３プロのヒナ】大崎甘奈\キュート・フレンズ.csv,7,3014002020060,千雪,确实！甘奈经常在Twista上传可爱的照片呢,大崎甘奈,【２８３プロのヒナ】大崎甘奈,キュート・フレンズ
大崎甘奈\【２８３プロのヒナ】大崎甘奈\キュート・フレンズ.csv,9,3014002020080,千雪,"自拍啊……
我也来试试看比较好吗",大崎甘奈,【２８３プロのヒナ】大崎甘奈,キュート・フレンズ
大崎甘奈\【２８３プロのヒナ】大崎甘奈\キュート・フレンズ.csv,11,3014002020100,千雪,"呵呵，好啊
那就拜托了♪",大崎甘奈,【２８３プロのヒナ】大崎甘奈,キュート・フレンズ
大崎甘奈\【２８３プロのヒナ】大崎甘奈\キュート・フレンズ.csv,14,3014002020130,千雪,耶——♪,大崎甘奈,【２８３プロのヒナ】大崎甘奈,キュート・フレンズ
大崎甘奈\【２８３プロのヒナ】大崎甘奈\キュート・フレンズ.csv,16,3014002020150,千雪,……嘎哦——？,大崎甘奈,【２８３プロのヒナ】大崎甘奈,キュート・フレンズ
大崎甘奈\【２８３プロのヒナ】大崎甘奈\キュート・フレンズ.csv,19,3014002020180,千雪,手法真厉害啊,大崎甘奈,【２８３プロのヒナ】大崎甘奈,キュート・フレンズ
大崎甘奈\【２８３プロのヒナ】大崎甘奈\キュート・フレンズ.csv,21,3014002020200,千雪,哇，长耳朵了♪,大崎甘奈,【２８３プロのヒナ】大崎甘奈,キュート・フレンズ
大崎甘奈\【２８３プロのヒナ】大崎甘奈\キュート・フレンズ.csv,25,3014002020240,千雪,"真的呢，好可爱～！
而且还能做出很多效果呢……！",大崎甘奈,【２８３プロのヒナ】大崎甘奈,キュート・フレンズ
大崎甘奈\【２８３プロのヒナ】大崎甘奈\キュート・フレンズ.csv,26,3014002020250,千雪,……可以的话，我们再多拍点好吗？,大崎甘奈,【２８３プロのヒナ】大崎甘奈,キュート・フレンズ
大崎甘奈\【２８３プロのヒナ】大崎甘奈\キュート・フレンズ.csv,29,3014002020280,千雪,"是、是吗……！
呵呵，总觉得有点害羞……",大崎甘奈,【２８３プロのヒナ】大崎甘奈,キュート・フレンズ
大崎甘奈\【２８３プロのヒナ】大崎甘奈\キュート・フレンズ.csv,31,3014002020300,千雪,……好啊，难得甘奈教了我怎么自拍……！,大崎甘奈,【２８３プロのヒナ】大崎甘奈,キュート・フレンズ
大崎甘奈\【２８３プロのヒナ】大崎甘奈\キュート・フレンズ.csv,34,3014002020330,千雪,嗯，可以哦,大崎甘奈,【２８３プロのヒナ】大崎甘奈,キュート・フレンズ
大崎甘奈\【２８３プロのヒナ】大崎甘奈\キュート・フレンズ.csv,35,3014002020340,千雪,……哇，都已经到这个时间了呢……！,大崎甘奈,【２８３プロのヒナ】大崎甘奈,キュート・フレンズ
大崎甘奈\【２８３プロのヒナ】大崎甘奈\キュート・フレンズ.csv,37,3014002020360,千雪,"是啊，真的很开心
谢谢你，甘奈",大崎甘奈,【２８３プロのヒナ】大崎甘奈,キュート・フレンズ
大崎甘奈\【２８３プロのヒナ】大崎甘奈\キュート・フレンズ.csv,40,3014002020390,千雪,嗯，好啊♪,大崎甘奈,【２８３プロのヒナ】大崎甘奈,キュート・フレンズ
大崎甘奈\ファン感謝祭編\いつまでも、いつまでも.csv,6,5004002050040,千雪,……慢慢来，没事的哦？,大崎甘奈,ファン感謝祭編,いつまでも、いつまでも
大崎甘奈\ファン感謝祭編\いつまでも、いつまでも.csv,23,5004002050200,千雪,"诶诶，绝对不会有这样的事情，不过……
……甘奈原来有着这样的心情呢",大崎甘奈,ファン感謝祭編,いつまでも、いつまでも
大崎甘奈\ファン感謝祭編\いつまでも、いつまでも.csv,25,5004002050211,甜花＆千雪,………………,大崎甘奈,ファン感謝祭編,いつまでも、いつまでも
大崎甘奈\ファン感謝祭編\いつまでも、いつまでも.csv,34,5004002050300,千雪,…………,大崎甘奈,ファン感謝祭編,いつまでも、いつまでも
大崎甘奈\ファン感謝祭編\いつまでも、いつまでも.csv,35,5004002050310,千雪,"……我还，很不成熟所以……甘奈
这边没法给出特别好的建议呢",大崎甘奈,ファン感謝祭編,いつまでも、いつまでも
大崎甘奈\ファン感謝祭編\いつまでも、いつまでも.csv,36,5004002050320,千雪,"……和甘奈一样，会对未来感到不安，
感到害怕，会有很多的烦恼……",大崎甘奈,ファン感謝祭編,いつまでも、いつまでも
大崎甘奈\ファン感謝祭編\いつまでも、いつまでも.csv,37,5004002050330,千雪,"不过，这就是说，我的手中是不是有
那种不想失去的东西呢……",大崎甘奈,ファン感謝祭編,いつまでも、いつまでも
大崎甘奈\ファン感謝祭編\いつまでも、いつまでも.csv,38,5004002050340,千雪,"──越是一味向前以未来为目标，
最后却可能无法到达呢",大崎甘奈,ファン感謝祭編,いつまでも、いつまでも
大崎甘奈\ファン感謝祭編\いつまでも、いつまでも.csv,39,5004002050350,千雪,"……看重当下的心情，
感觉也十分重要",大崎甘奈,ファン感謝祭編,いつまでも、いつまでも
大崎甘奈\ファン感謝祭編\いつまでも、いつまでも.csv,40,5004002050360,千雪,和构想未来是同等的呢……,大崎甘奈,ファン感謝祭編,いつまでも、いつまでも
大崎甘奈\ファン感謝祭編\いつまでも、いつまでも.csv,42,5004002050380,千雪,不、不知道这样说……能明白么？,大崎甘奈,ファン感謝祭編,いつまでも、いつまでも
大崎甘奈\ファン感謝祭編\いつまでも、いつまでも.csv,46,5004002050420,千雪,"啊啊，甜花
我也想这么说哟",大崎甘奈,ファン感謝祭編,いつまでも、いつまでも
大崎甘奈\ファン感謝祭編\いつまでも、いつまでも.csv,48,5004002050440,千雪,"要是“Happy end”的话语
让甘奈觉得很困扰的话",大崎甘奈,ファン感謝祭編,いつまでも、いつまでも
大崎甘奈\ファン感謝祭編\いつまでも、いつまでも.csv,49,5004002050450,千雪,"那么就想着以大家心情愉快
为目标这样改变主题……来着",大崎甘奈,ファン感謝祭編,いつまでも、いつまでも
大崎甘奈\ファン感謝祭編\いつまでも、いつまでも.csv,58,5004002050520,千雪,"啊……那么就，把大家喜欢的东西
按顺序列举出来怎么样？",大崎甘奈,ファン感謝祭編,いつまでも、いつまでも
大崎甘奈\ファン感謝祭編\いつまでも、いつまでも.csv,59,5004002050530,千雪,"喜欢的东西……嗯嗯
能感到幸福的东西按顺序──呐？",大崎甘奈,ファン感謝祭編,いつまでも、いつまでも
大崎甘奈\ファン感謝祭編\いつまでも、いつまでも.csv,63,5004002050560,千雪,"呵呵
那么，我僭越一下这边……嗯那个──",大崎甘奈,ファン感謝祭編,いつまでも、いつまでも
大崎甘奈\ファン感謝祭編\いつまでも、いつまでも.csv,64,5004002050570,千雪,“很多人的微笑”……,大崎甘奈,ファン感謝祭編,いつまでも、いつまでも
大崎甘奈\ファン感謝祭編\いつまでも、いつまでも.csv,75,5004002050660,千雪,哎呀……噗嗤,大崎甘奈,ファン感謝祭編,いつまでも、いつまでも
大崎甘奈\ファン感謝祭編\いつまでも、いつまでも.csv,77,5004002050670,千雪,“走向舞台的瞬间”“花的芳香”“新的梦”,大崎甘奈,ファン感謝祭編,いつまでも、いつまでも
大崎甘奈\ファン感謝祭編\ハッピーエンドの先だとしたら.csv,2,5004002020010,千雪,"──制作人……！
早上好",大崎甘奈,ファン感謝祭編,ハッピーエンドの先だとしたら
大崎甘奈\ファン感謝祭編\ハッピーエンドの先だとしたら.csv,4,5004002020020,千雪,"从现在起要和甘奈她们会面呢
感谢祭的事情……",大崎甘奈,ファン感謝祭編,ハッピーエンドの先だとしたら
大崎甘奈\ファン感謝祭編\ハッピーエンドの先だとしたら.csv,6,5004002020030,千雪,"是的，大家都很努力
特别是甜花非常有活力呢……",大崎甘奈,ファン感謝祭編,ハッピーエンドの先だとしたら
大崎甘奈\ファン感謝祭編\ハッピーエンドの先だとしたら.csv,8,5004002020040,千雪,"……多亏了粉丝们，能够作为偶像去努力
想要对粉丝们予以回报",大崎甘奈,ファン感謝祭編,ハッピーエンドの先だとしたら
大崎甘奈\ファン感謝祭編\ハッピーエンドの先だとしたら.csv,10,5004002020050,千雪,"没错……！
有一种，一点一点……什么东西在改变的预感呢",大崎甘奈,ファン感謝祭編,ハッピーエンドの先だとしたら
大崎甘奈\ファン感謝祭編\ハッピーエンドの先だとしたら.csv,11,5004002020060,千雪,"然后，现在正在收集点子呢
那个“Happy end”的主题……",大崎甘奈,ファン感謝祭編,ハッピーエンドの先だとしたら
大崎甘奈\ファン感謝祭編\ハッピーエンドの先だとしたら.csv,12,5004002020070,千雪,"今天也带了作为资料的图画书来
在想有没有能作为主题的呢",大崎甘奈,ファン感謝祭編,ハッピーエンドの先だとしたら
大崎甘奈\ファン感謝祭編\ハッピーエンドの先だとしたら.csv,14,5004002020080,千雪,"噗嗤……！　要选的话，
还是，稍微开心一点的童话比较好吧……？",大崎甘奈,ファン感謝祭編,ハッピーエンドの先だとしたら
大崎甘奈\ファン感謝祭編\ハッピーエンドの先だとしたら.csv,17,5004002020090,千雪,"啊啊，这个也是Happy end呢……！
我其实，只带来了公主的故事来着",大崎甘奈,ファン感謝祭編,ハッピーエンドの先だとしたら
大崎甘奈\ファン感謝祭編\ハッピーエンドの先だとしたら.csv,18,5004002020100,千雪,灰姑娘、玫瑰公主、拇指姑娘什么的……,大崎甘奈,ファン感謝祭編,ハッピーエンドの先だとしたら
大崎甘奈\ファン感謝祭編\ハッピーエンドの先だとしたら.csv,21,5004002020110,千雪,哇，真的呢……！,大崎甘奈,ファン感謝祭編,ハッピーエンドの先だとしたら
大崎甘奈\ファン感謝祭編\ハッピーエンドの先だとしたら.csv,23,5004002020120,千雪,…………,大崎甘奈,ファン感謝祭編,ハッピーエンドの先だとしたら
大崎甘奈\ファン感謝祭編\ハッピーエンドの先だとしたら.csv,24,5004002020130,千雪,────那个，制作人……,大崎甘奈,ファン感謝祭編,ハッピーエンドの先だとしたら
大崎甘奈\ファン感謝祭編\ハッピーエンドの先だとしたら.csv,37,5004002020250,千雪,────那个，制作人……,大崎甘奈,ファン感謝祭編,ハッピーエンドの先だとしたら
大崎甘奈\ファン感謝祭編\ハッピーエンドの先だとしたら.csv,39,5004002020260,千雪,"小时候的憧憬什么的，
决定从事杂货屋的工作什么的",大崎甘奈,ファン感謝祭編,ハッピーエンドの先だとしたら
大崎甘奈\ファン感謝祭編\ハッピーエンドの先だとしたら.csv,40,5004002020270,千雪,"作为偶像，
予很多人以笑容什么的……",大崎甘奈,ファン感謝祭編,ハッピーエンドの先だとしたら
大崎甘奈\ファン感謝祭編\ハッピーエンドの先だとしたら.csv,41,5004002020280,千雪,对我来说，梦是存在于未来的,大崎甘奈,ファン感謝祭編,ハッピーエンドの先だとしたら
大崎甘奈\ファン感謝祭編\ハッピーエンドの先だとしたら.csv,42,5004002020290,千雪,"……各种各样的梦已经成为了日常的话
这里，梦的……假如说是Happy end的那之前──",大崎甘奈,ファン感謝祭編,ハッピーエンドの先だとしたら
大崎甘奈\ファン感謝祭編\ハッピーエンドの先だとしたら.csv,43,5004002020300,千雪,现在，这个瞬间，应该叫什么呢……？,大崎甘奈,ファン感謝祭編,ハッピーエンドの先だとしたら
大崎甘奈\ファン感謝祭編\ハッピーエンドの先だとしたら.csv,52,5004002020370,千雪,甘奈，谢谢泡了热巧克力。我收下了哦,大崎甘奈,ファン感謝祭編,ハッピーエンドの先だとしたら
大崎甘奈\ファン感謝祭編\ハッピーエンドの先だとしたら.csv,53,5004002020380,千雪,——fu，fu……,大崎甘奈,ファン感謝祭編,ハッピーエンドの先だとしたら
大崎甘奈\ファン感謝祭編\ハッピーエンドの先だとしたら.csv,54,5004002020390,千雪,"──……啊，对了。制作人，
感谢祭，和工作人员们的会面是什么时候呢？",大崎甘奈,ファン感謝祭編,ハッピーエンドの先だとしたら
大崎甘奈\ファン感謝祭編\ハッピーエンドの先だとしたら.csv,74,5004002020550,千雪,……,大崎甘奈,ファン感謝祭編,ハッピーエンドの先だとしたら
大崎甘奈\ファン感謝祭編\ハッピーエンドの先だとしたら.csv,75,5004002020560,千雪,甘奈，没关系么……？,大崎甘奈,ファン感謝祭編,ハッピーエンドの先だとしたら
大崎甘奈\ファン感謝祭編\ハッピーエンドの先だとしたら.csv,77,5004002020580,千雪,……嗯嗯，没什么,大崎甘奈,ファン感謝祭編,ハッピーエンドの先だとしたら
大崎甘奈\ファン感謝祭編\ビビ・バビ・ピンヒール.csv,4,5004002040030,千雪,"甜花
水仙百合（Alstroemeria），在那边哦",大崎甘奈,ファン感謝祭編,ビビ・バビ・ピンヒール
大崎甘奈\ファン感謝祭編\ビビ・バビ・ピンヒール.csv,6,5004002040050,千雪,"嗯，要三瓶怎么样
甜花那边怎么样？　有喜欢的花么？",大崎甘奈,ファン感謝祭編,ビビ・バビ・ピンヒール
大崎甘奈\ファン感謝祭編\ビビ・バビ・ピンヒール.csv,8,5004002040070,千雪,"啊，不用拿也没关系
让花店的人来拿花吧？",大崎甘奈,ファン感謝祭編,ビビ・バビ・ピンヒール
大崎甘奈\ファン感謝祭編\ビビ・バビ・ピンヒール.csv,10,5004002040090,千雪,"土耳其桔梗啊
白色的花瓣像褶边一样呢",大崎甘奈,ファン感謝祭編,ビビ・バビ・ピンヒール
大崎甘奈\ファン感謝祭編\ビビ・バビ・ピンヒール.csv,12,5004002040110,千雪,"这个是……玫瑰吧？
似乎还只是花蕾呢",大崎甘奈,ファン感謝祭編,ビビ・バビ・ピンヒール
大崎甘奈\ファン感謝祭編\ビビ・バビ・ピンヒール.csv,14,5004002040130,千雪,"嗯，没关系哟
因为这花是装饰没有客人来的地方的东西",大崎甘奈,ファン感謝祭編,ビビ・バビ・ピンヒール
大崎甘奈\ファン感謝祭編\ビビ・バビ・ピンヒール.csv,15,5004002040140,千雪,"而且因为是花蕾所以，
这之后也可以享受花开放的部分吧？",大崎甘奈,ファン感謝祭編,ビビ・バビ・ピンヒール
大崎甘奈\ファン感謝祭編\ビビ・バビ・ピンヒール.csv,17,5004002040160,千雪,"……呵呵
──对了。呐、甜花的话……",大崎甘奈,ファン感謝祭編,ビビ・バビ・ピンヒール
大崎甘奈\ファン感謝祭編\ビビ・バビ・ピンヒール.csv,18,5004002040170,千雪,觉得梦的之前……会有什么呢？,大崎甘奈,ファン感謝祭編,ビビ・バビ・ピンヒール
大崎甘奈\ファン感謝祭編\ビビ・バビ・ピンヒール.csv,20,5004002040190,千雪,"啊啊，抱歉啊，这么突然……
想起了，最近稍微思考了一定啊的事情来着……",大崎甘奈,ファン感謝祭編,ビビ・バビ・ピンヒール
大崎甘奈\ファン感謝祭編\ビビ・バビ・ピンヒール.csv,23,5004002040220,千雪,……嗯,大崎甘奈,ファン感謝祭編,ビビ・バビ・ピンヒール
大崎甘奈\ファン感謝祭編\ビビ・バビ・ピンヒール.csv,26,5004002040250,千雪,……！,大崎甘奈,ファン感謝祭編,ビビ・バビ・ピンヒール
大崎甘奈\ファン感謝祭編\ビビ・バビ・ピンヒール.csv,27,5004002040260,千雪,甜花还真是……不过,大崎甘奈,ファン感謝祭編,ビビ・バビ・ピンヒール
大崎甘奈\ファン感謝祭編\ビビ・バビ・ピンヒール.csv,28,5004002040270,千雪,……是这个道理呢,大崎甘奈,ファン感謝祭編,ビビ・バビ・ピンヒール
大崎甘奈\ファン感謝祭編\ビビ・バビ・ピンヒール.csv,30,5004002040290,千雪,"──差不多甘奈的工作也快结束了吧
把花装好，就回去吧",大崎甘奈,ファン感謝祭編,ビビ・バビ・ピンヒール
大崎甘奈\ファン感謝祭編\ビビ・バビ・ピンヒール.csv,32,5004002040310,千雪,"噗嗤，工作之后的甜甜圈呢……！
甘奈一定会喜欢的呀♪",大崎甘奈,ファン感謝祭編,ビビ・バビ・ピンヒール
大崎甘奈\ファン感謝祭編\ビビ・バビ・ピンヒール.csv,92,5004002040600,千雪,"没有，不用在意……！
我只是想顺路去一下花店而已",大崎甘奈,ファン感謝祭編,ビビ・バビ・ピンヒール
大崎甘奈\ファン感謝祭編\ビビ・バビ・ピンヒール.csv,100,5004002040621,甜花＆千雪,……！,大崎甘奈,ファン感謝祭編,ビビ・バビ・ピンヒール
大崎甘奈\ファン感謝祭編\ワンス・アポン・ア・タイム.csv,3,5004002010020,千雪,"这个啊，是加了锦葵的花草茶哟
是非常棒的颜色对吧？",大崎甘奈,ファン感謝祭編,ワンス・アポン・ア・タイム
大崎甘奈\ファン感謝祭編\ワンス・アポン・ア・タイム.csv,4,5004002010030,千雪,不过……看到了么？　倒入柠檬糖浆的话……,大崎甘奈,ファン感謝祭編,ワンス・アポン・ア・タイム
大崎甘奈\ファン感謝祭編\ワンス・アポン・ア・タイム.csv,6,5004002010050,千雪,呵呵，很有趣吧,大崎甘奈,ファン感謝祭編,ワンス・アポン・ア・タイム
大崎甘奈\ファン感謝祭編\ワンス・アポン・ア・タイム.csv,11,5004002010100,千雪,"哇，很棒……！
一瞬间衣服改变什么的，想试试呢",大崎甘奈,ファン感謝祭編,ワンス・アポン・ア・タイム
大崎甘奈\ファン感謝祭編\ワンス・アポン・ア・タイム.csv,15,5004002010130,千雪,……嗯，我也多少有点不能平静下来呢,大崎甘奈,ファン感謝祭編,ワンス・アポン・ア・タイム
大崎甘奈\ファン感謝祭編\ワンス・アポン・ア・タイム.csv,16,5004002010140,千雪,"感谢的心情，想要传达的很多，
应该怎么做才好呢……",大崎甘奈,ファン感謝祭編,ワンス・アポン・ア・タイム
大崎甘奈\ファン感謝祭編\ワンス・アポン・ア・タイム.csv,18,5004002010150,千雪,"啊，不可以看的哟……！
我的……还是秘密呢",大崎甘奈,ファン感謝祭編,ワンス・アポン・ア・タイム
大崎甘奈\ファン感謝祭編\ワンス・アポン・ア・タイム.csv,20,5004002010170,千雪,"连、连甘奈也……！
那个……再稍微整理一下之后，在说出来",大崎甘奈,ファン感謝祭編,ワンス・アポン・ア・タイム
大崎甘奈\ファン感謝祭編\ワンス・アポン・ア・タイム.csv,25,5004002010220,千雪,呵呵……,大崎甘奈,ファン感謝祭編,ワンス・アポン・ア・タイム
大崎甘奈\ファン感謝祭編\ワンス・アポン・ア・タイム.csv,29,5004002010250,千雪,"嗯……接下来就是主题是什么了
点子还能扩展一下么？",大崎甘奈,ファン感謝祭編,ワンス・アポン・ア・タイム
大崎甘奈\ファン感謝祭編\ワンス・アポン・ア・タイム.csv,34,5004002010291,甘奈＆千雪,“Happy end”……！,大崎甘奈,ファン感謝祭編,ワンス・アポン・ア・タイム
大崎甘奈\ファン感謝祭編\ワンス・アポン・ア・タイム.csv,35,5004002010300,千雪,这个，很棒……！,大崎甘奈,ファン感謝祭編,ワンス・アポン・ア・タイム
大崎甘奈\ファン感謝祭編\ワンス・アポン・ア・タイム.csv,40,5004002010340,千雪,"嗯……！　故事剪辑的结构也不错呢
最后是以Happy end闭幕，像这样的……",大崎甘奈,ファン感謝祭編,ワンス・アポン・ア・タイム
大崎甘奈\ファン感謝祭編\ワンス・アポン・ア・タイム.csv,48,5004002010400,千雪,"呵呵，这个是花草茶来着
还剩下一口所以，想喝的话就喝了吧？",大崎甘奈,ファン感謝祭編,ワンス・アポン・ア・タイム
大崎甘奈\ファン感謝祭編\感謝祭本番前（ユニット）.csv,6,5004002060030,千雪,让笑容的花朵绽放——,大崎甘奈,ファン感謝祭編,感謝祭本番前（ユニット）
大崎甘奈\ファン感謝祭編\感謝祭本番後（MVP）.csv,3,5004002080020,千雪,我们是……MVP……！？,大崎甘奈,ファン感謝祭編,感謝祭本番後（MVP）
大崎甘奈\ファン感謝祭編\感謝祭本番後（MVP）.csv,6,5004002080041,甜花＆千雪,…………呵呵,大崎甘奈,ファン感謝祭編,感謝祭本番後（MVP）
大崎甘奈\ファン感謝祭編\感謝祭本番後（MVP）.csv,7,5004002080042,甜花＆千雪,——走吧,大崎甘奈,ファン感謝祭編,感謝祭本番後（MVP）
大崎甘奈\ファン感謝祭編\感謝祭本番後（MVP）.csv,11,5004002080070,千雪,谢谢各位的安可——！,大崎甘奈,ファン感謝祭編,感謝祭本番後（MVP）
大崎甘奈\ファン感謝祭編\感謝祭本番後（MVP）.csv,13,5004002080090,千雪,"…………我们，在这个舞台上，
灌注了许许多多的想法",大崎甘奈,ファン感謝祭編,感謝祭本番後（MVP）
大崎甘奈\ファン感謝祭編\感謝祭本番後（MVP）.csv,14,5004002080100,千雪,最开始想的主题是“快乐结局”,大崎甘奈,ファン感謝祭編,感謝祭本番後（MVP）
大崎甘奈\ファン感謝祭編\感謝祭本番後（MVP）.csv,16,5004002080120,千雪,不过，在过程中产生了一点变化。那就是————,大崎甘奈,ファン感謝祭編,感謝祭本番後（MVP）
大崎甘奈\ファン感謝祭編\感謝祭本番後（MVP）.csv,17,5004002080130,千雪,……预备,大崎甘奈,ファン感謝祭編,感謝祭本番後（MVP）
大崎甘奈\ファン感謝祭編\感謝祭本番後（MVP）.csv,20,5004002080150,千雪,学习的时候，工作的时候……,大崎甘奈,ファン感謝祭編,感謝祭本番後（MVP）
大崎甘奈\ファン感謝祭編\感謝祭本番後（MVP）.csv,22,5004002080160,千雪,"……这份想法……
希望能在今天的演唱会上传达给各位",大崎甘奈,ファン感謝祭編,感謝祭本番後（MVP）
大崎甘奈\ファン感謝祭編\感謝祭本番後（通常）.csv,4,5004002070020,千雪,"呵呵
现在心还在怦怦跳呢……",大崎甘奈,ファン感謝祭編,感謝祭本番後（通常）
大崎甘奈\ファン感謝祭編\感謝祭本番後（通常）.csv,11,5004002070071,甜花＆千雪,————嗯！,大崎甘奈,ファン感謝祭編,感謝祭本番後（通常）
大崎甘奈\ファン感謝祭編\知りせば覚めざらましを.csv,3,5004002030020,千雪,"是的，虽然故事书里迎来“happy end”就到此为止了
但现实并非如此？",大崎甘奈,ファン感謝祭編,知りせば覚めざらましを
大崎甘奈\ファン感謝祭編\知りせば覚めざらましを.csv,4,5004002030030,千雪,"甘奈，关于“结局”之后的未来
你是怎么描绘的呢",大崎甘奈,ファン感謝祭編,知りせば覚めざらましを
大崎甘奈\ファン感謝祭編\知りせば覚めざらましを.csv,8,5004002030070,千雪,"哇，谢谢！
那么，甜花能帮我把胶布贴在这里吗？",大崎甘奈,ファン感謝祭編,知りせば覚めざらましを
大崎甘奈\ファン感謝祭編\知りせば覚めざらましを.csv,14,5004002030130,千雪,"好——！
——嗯，完成了吧？",大崎甘奈,ファン感謝祭編,知りせば覚めざらましを
大崎甘奈\ファン感謝祭編\知りせば覚めざらましを.csv,17,5004002030160,千雪,"……啊，要不在舞台正中间
用胶布贴个十字记号吧",大崎甘奈,ファン感謝祭編,知りせば覚めざらましを
大崎甘奈\ファン感謝祭編\知りせば覚めざらましを.csv,19,5004002030180,千雪,这样定好位，再重新思考一下舞蹈动作的幅度大小吧,大崎甘奈,ファン感謝祭編,知りせば覚めざらましを
大崎甘奈\ファン感謝祭編\知りせば覚めざらましを.csv,21,5004002030200,千雪,"感谢祭正式舞台
大概就是这样站位了吧……",大崎甘奈,ファン感謝祭編,知りせば覚めざらましを
大崎甘奈\ファン感謝祭編\知りせば覚めざらましを.csv,22,5004002030210,千雪,"在观众席最后一排……从上方
会投射来聚光灯……",大崎甘奈,ファン感謝祭編,知りせば覚めざらましを
大崎甘奈\ファン感謝祭編\知りせば覚めざらましを.csv,24,5004002030220,千雪,……呵呵,大崎甘奈,ファン感謝祭編,知りせば覚めざらましを
大崎甘奈\ファン感謝祭編\知りせば覚めざらましを.csv,30,5004002030260,千雪,"没有，没事的……！
是有什么事情吗？",大崎甘奈,ファン感謝祭編,知りせば覚めざらましを
大崎甘奈\ファン感謝祭編\知りせば覚めざらましを.csv,32,5004002030270,千雪,"哇，我们正等着这个呢……！
十分感谢",大崎甘奈,ファン感謝祭編,知りせば覚めざらましを
大崎甘奈\ファン感謝祭編\知りせば覚めざらましを.csv,41,5004002030330,千雪,真是的，制作人先生还开这些玩笑……！,大崎甘奈,ファン感謝祭編,知りせば覚めざらましを
大崎甘奈\ファン感謝祭編\知りせば覚めざらましを.csv,43,5004002030350,千雪,"——……我是，多亏了各位粉丝们的支持
才能走到今天这一步",大崎甘奈,ファン感謝祭編,知りせば覚めざらましを
大崎甘奈\ファン感謝祭編\知りせば覚めざらましを.csv,44,5004002030360,千雪,"不管说多少感谢的话都不足为报
所以今后让我……一直一直，继续表达我的谢意",大崎甘奈,ファン感謝祭編,知りせば覚めざらましを
大崎甘奈\ファン感謝祭編\知りせば覚めざらましを.csv,45,5004002030370,千雪,真的非常感谢各位……！,大崎甘奈,ファン感謝祭編,知りせば覚めざらましを
大崎甘奈\ファン感謝祭編\知りせば覚めざらましを.csv,48,5004002030400,千雪,"哎呀，怎么连甘奈和甜花
也来扮演观众了吗……！？",大崎甘奈,ファン感謝祭編,知りせば覚めざらましを
大崎甘奈\ファン感謝祭編\知りせば覚めざらましを.csv,50,5004002030410,千雪,"哪，哪有这么夸张……到了正式上场后，
我打算再补充一些临场感受……！",大崎甘奈,ファン感謝祭編,知りせば覚めざらましを
大崎甘奈\ファン感謝祭編\知りせば覚めざらましを.csv,55,5004002030450,千雪,"是啊，只要把甜花你现在心里所想
直截了当地说出口就好哦——！",大崎甘奈,ファン感謝祭編,知りせば覚めざらましを
大崎甘奈\ファン感謝祭編\知りせば覚めざらましを.csv,75,5004002030610,千雪,"甘奈——！
怎么说呢，有种……心头一颤的感觉呢……！",大崎甘奈,ファン感謝祭編,知りせば覚めざらましを
大崎甘奈\ファン感謝祭編\知りせば覚めざらましを.csv,78,5004002030640,千雪,"呵呵……是吗？
从我的角度来看倒不这么认为呢……",大崎甘奈,ファン感謝祭編,知りせば覚めざらましを
大崎甘奈\ファン感謝祭編\知りせば覚めざらましを.csv,79,5004002030650,千雪,制作人先生觉得怎样？,大崎甘奈,ファン感謝祭編,知りせば覚めざらましを
大崎甘奈\ファン感謝祭編\花よ、時よ、そのまにまに.csv,2,5004002090010,千雪,"制作人看来……
现在的我们怎么样呢？ 有改变吗……？",大崎甘奈,ファン感謝祭編,花よ、時よ、そのまにまに
大崎甘奈\ファン感謝祭編\花よ、時よ、そのまにまに.csv,4,5004002090020,千雪,"嗯——……
那就和相遇那天比较",大崎甘奈,ファン感謝祭編,花よ、時よ、そのまにまに
大崎甘奈\ファン感謝祭編\花よ、時よ、そのまにまに.csv,6,5004002090030,千雪,……已经忘记了吗？,大崎甘奈,ファン感謝祭編,花よ、時よ、そのまにまに
大崎甘奈\ファン感謝祭編\花よ、時よ、そのまにまに.csv,8,5004002090040,千雪,"呵呵，开玩笑而已
不过……有那么印象深刻吗？",大崎甘奈,ファン感謝祭編,花よ、時よ、そのまにまに
大崎甘奈\ファン感謝祭編\花よ、時よ、そのまにまに.csv,17,5004002090090,千雪,呵呵……说得没错,大崎甘奈,ファン感謝祭編,花よ、時よ、そのまにまに
大崎甘奈\ファン感謝祭編\花よ、時よ、そのまにまに.csv,20,5004002090120,千雪,"那只能再叫一壶新的了……
啊，顺便点个甜点拼盘怎么样……？",大崎甘奈,ファン感謝祭編,花よ、時よ、そのまにまに
大崎甘奈\ファン感謝祭編\花よ、時よ、そのまにまに.csv,22,5004002090140,千雪,"那我就叫店员来了
——不好意思……",大崎甘奈,ファン感謝祭編,花よ、時よ、そのまにまに
大崎甘奈\ファン感謝祭編\花よ、時よ、そのまにまに.csv,23,5004002090150,千雪,"我要一壶锦葵的香草茶……
还有甜点拼盘……",大崎甘奈,ファン感謝祭編,花よ、時よ、そのまにまに
大崎甘奈\ファン感謝祭編\花よ、時よ、そのまにまに.csv,35,5004002090210,千雪,"怎，怎么了？
突然站起来……",大崎甘奈,ファン感謝祭編,花よ、時よ、そのまにまに
大崎甜花\【かしまし、みっつ願いごと】大崎甜花\扇に梅、花車の蝶、重ね熨斗と桜.csv,6,3015006030050,千雪,哇，真好啊,大崎甜花,【かしまし、みっつ願いごと】大崎甜花,扇に梅、花車の蝶、重ね熨斗と桜
大崎甜花\【かしまし、みっつ願いごと】大崎甜花\扇に梅、花車の蝶、重ね熨斗と桜.csv,14,3015006030130,千雪,"呼呼，我也很高兴
和大家一起穿和服感觉会非常有趣♪",大崎甜花,【かしまし、みっつ願いごと】大崎甜花,扇に梅、花車の蝶、重ね熨斗と桜
大崎甜花\【かしまし、みっつ願いごと】大崎甜花\扇に梅、花車の蝶、重ね熨斗と桜.csv,19,3015006030180,千雪,谢谢你，甘奈，那么就请多关照了！,大崎甜花,【かしまし、みっつ願いごと】大崎甜花,扇に梅、花車の蝶、重ね熨斗と桜
大崎甜花\【かしまし、みっつ願いごと】大崎甜花\扇に梅、花車の蝶、重ね熨斗と桜.csv,23,3015006030210,千雪,哪一款都很好看，真是很难决定呢,大崎甜花,【かしまし、みっつ願いごと】大崎甜花,扇に梅、花車の蝶、重ね熨斗と桜
大崎甜花\【かしまし、みっつ願いごと】大崎甜花\扇に梅、花車の蝶、重ね熨斗と桜.csv,27,3015006030250,千雪,哇哈，真可爱，和甜花非常搭呢！,大崎甜花,【かしまし、みっつ願いごと】大崎甜花,扇に梅、花車の蝶、重ね熨斗と桜
大崎甜花\【かしまし、みっつ願いごと】大崎甜花\扇に梅、花車の蝶、重ね熨斗と桜.csv,30,3015006030280,千雪,对了，在和服上不同的花纹代表着不同含义和心愿的哦！,大崎甜花,【かしまし、みっつ願いごと】大崎甜花,扇に梅、花車の蝶、重ね熨斗と桜
大崎甜花\【かしまし、みっつ願いごと】大崎甜花\扇に梅、花車の蝶、重ね熨斗と桜.csv,35,3015006030330,千雪,嗯，没错,大崎甜花,【かしまし、みっつ願いごと】大崎甜花,扇に梅、花車の蝶、重ね熨斗と桜
大崎甜花\【かしまし、みっつ願いごと】大崎甜花\扇に梅、花車の蝶、重ね熨斗と桜.csv,36,3015006030340,千雪,正如甜花希望我们能好好享受穿和服的快乐……,大崎甜花,【かしまし、みっつ願いごと】大崎甜花,扇に梅、花車の蝶、重ね熨斗と桜
大崎甜花\【かしまし、みっつ願いごと】大崎甜花\扇に梅、花車の蝶、重ね熨斗と桜.csv,37,3015006030350,千雪,"这件和服的制作者也一定是饱含着
穿上它的人能获得幸福的心愿呢！",大崎甜花,【かしまし、みっつ願いごと】大崎甜花,扇に梅、花車の蝶、重ね熨斗と桜
大崎甜花\【かしまし、みっつ願いごと】大崎甜花\扇に梅、花車の蝶、重ね熨斗と桜.csv,42,3015006030400,千雪,嗯，穿上和服，会不会有点身板都挺直的感觉？,大崎甜花,【かしまし、みっつ願いごと】大崎甜花,扇に梅、花車の蝶、重ね熨斗と桜
大崎甜花\【かしまし、みっつ願いごと】大崎甜花\扇に梅、花車の蝶、重ね熨斗と桜.csv,47,3015006030450,千雪,甜花，你觉得怎样好呢？,大崎甜花,【かしまし、みっつ願いごと】大崎甜花,扇に梅、花車の蝶、重ね熨斗と桜
大崎甜花\【かしまし、みっつ願いごと】大崎甜花\扇に梅、花車の蝶、重ね熨斗と桜.csv,48,3015006030460,千雪,难得有穿和服的机会，我们就去甜花想去的地方吧,大崎甜花,【かしまし、みっつ願いごと】大崎甜花,扇に梅、花車の蝶、重ね熨斗と桜
大崎甜花\【かしまし、みっつ願いごと】大崎甜花\扇に梅、花車の蝶、重ね熨斗と桜.csv,56,3015006030540,千雪,嗯！那么，我们向神社出发吧♪,大崎甜花,【かしまし、みっつ願いごと】大崎甜花,扇に梅、花車の蝶、重ね熨斗と桜
大崎甜花\【かしまし、みっつ願いごと】大崎甜花\甘い幸せ、３人前。.csv,2,3015006020010,千雪,"哇啊……打年糕、毽球板大会
有各种各样的活动呢",大崎甜花,【かしまし、みっつ願いごと】大崎甜花,甘い幸せ、３人前。
大崎甜花\【かしまし、みっつ願いごと】大崎甜花\甘い幸せ、３人前。.csv,5,3015006020040,千雪,啊，真的哦，那个包和甘奈很搭呢！,大崎甜花,【かしまし、みっつ願いごと】大崎甜花,甘い幸せ、３人前。
大崎甜花\【かしまし、みっつ願いごと】大崎甜花\甘い幸せ、３人前。.csv,6,3015006020050,千雪,啊，那边的店卖的小槌子的小饰品也非常可爱！,大崎甜花,【かしまし、みっつ願いごと】大崎甜花,甘い幸せ、３人前。
大崎甜花\【かしまし、みっつ願いごと】大崎甜花\甘い幸せ、３人前。.csv,13,3015006020120,千雪,甜花，不要勉强自己哦,大崎甜花,【かしまし、みっつ願いごと】大崎甜花,甘い幸せ、３人前。
大崎甜花\【かしまし、みっつ願いごと】大崎甜花\甘い幸せ、３人前。.csv,21,3015006020200,千雪,难道说是？,大崎甜花,【かしまし、みっつ願いごと】大崎甜花,甘い幸せ、３人前。
大崎甜花\【かしまし、みっつ願いごと】大崎甜花\甘い幸せ、３人前。.csv,25,3015006020240,千雪,"呼呼……大家走着走着也饿了
不如一起吃这个吧？",大崎甜花,【かしまし、みっつ願いごと】大崎甜花,甘い幸せ、３人前。
大崎甜花\【かしまし、みっつ願いごと】大崎甜花\甘い幸せ、３人前。.csv,32,3015006020310,千雪,哇啊……那么大家一起来Share吧♪,大崎甜花,【かしまし、みっつ願いごと】大崎甜花,甘い幸せ、３人前。
大崎甜花\【かしまし、みっつ願いごと】大崎甜花\甘い幸せ、３人前。.csv,39,3015006020380,千雪,说的是一人份的年糕小豆粥分成两碗，夫妇一起吃的故事,大崎甜花,【かしまし、みっつ願いごと】大崎甜花,甘い幸せ、３人前。
大崎甜花\【かしまし、みっつ願いごと】大崎甜花\甘い幸せ、３人前。.csv,40,3015006020390,千雪,"据说把年糕小豆粥分着来吃的话，就会变得永远都能好好相处哦！
真是个美好的故事呢",大崎甜花,【かしまし、みっつ願いごと】大崎甜花,甘い幸せ、３人前。
大崎甜花\【かしまし、みっつ願いごと】大崎甜花\甘い幸せ、３人前。.csv,45,3015006020440,千雪,呼呼……可能是听到了我们讲的话了,大崎甜花,【かしまし、みっつ願いごと】大崎甜花,甘い幸せ、３人前。
大崎甜花\【かしまし、みっつ願いごと】大崎甜花\重なる願い、３人分。.csv,4,3015006010030,千雪,"呼呼……
不用这么正式也可以哦",大崎甜花,【かしまし、みっつ願いごと】大崎甜花,重なる願い、３人分。
大崎甜花\【かしまし、みっつ願いごと】大崎甜花\重なる願い、３人分。.csv,5,3015006010040,千雪,新年快乐，甘奈、甜花,大崎甜花,【かしまし、みっつ願いごと】大崎甜花,重なる願い、３人分。
大崎甜花\【かしまし、みっつ願いごと】大崎甜花\重なる願い、３人分。.csv,7,3015006010060,千雪,嗯！,大崎甜花,【かしまし、みっつ願いごと】大崎甜花,重なる願い、３人分。
大崎甜花\【かしまし、みっつ願いごと】大崎甜花\重なる願い、３人分。.csv,9,3015006010080,千雪,嗯，没错呢,大崎甜花,【かしまし、みっつ願いごと】大崎甜花,重なる願い、３人分。
大崎甜花\【かしまし、みっつ願いごと】大崎甜花\重なる願い、３人分。.csv,10,3015006010090,千雪,"说起来，关于新年参拜的地点
全交给你们俩决定了，没问题吗？",大崎甜花,【かしまし、みっつ願いごと】大崎甜花,重なる願い、３人分。
大崎甜花\【かしまし、みっつ願いごと】大崎甜花\重なる願い、３人分。.csv,15,3015006010140,千雪,"嗯……关于今年的事
要好好地向神明许愿呢",大崎甜花,【かしまし、みっつ願いごと】大崎甜花,重なる願い、３人分。
大崎甜花\【かしまし、みっつ願いごと】大崎甜花\重なる願い、３人分。.csv,19,3015006010180,千雪,"为了今天的参拜做足了功课呢，
谢谢了，甘奈、甜花",大崎甜花,【かしまし、みっつ願いごと】大崎甜花,重なる願い、３人分。
大崎甜花\【かしまし、みっつ願いごと】大崎甜花\重なる願い、３人分。.csv,22,3015006010210,千雪,原来是这样，果然是两位的功劳啊，谢谢你们♪,大崎甜花,【かしまし、みっつ願いごと】大崎甜花,重なる願い、３人分。
大崎甜花\【かしまし、みっつ願いごと】大崎甜花\重なる願い、３人分。.csv,28,3015006010270,千雪,嗯……新年参拜也不是仅限今天啊,大崎甜花,【かしまし、みっつ願いごと】大崎甜花,重なる願い、３人分。
大崎甜花\【かしまし、みっつ願いごと】大崎甜花\重なる願い、３人分。.csv,32,3015006010310,千雪,甜花,大崎甜花,【かしまし、みっつ願いごと】大崎甜花,重なる願い、３人分。
大崎甜花\【かしまし、みっつ願いごと】大崎甜花\重なる願い、３人分。.csv,34,3015006010330,千雪,没错！而且人少的时候，我们能够更加悠闲地参拜呢！,大崎甜花,【かしまし、みっつ願いごと】大崎甜花,重なる願い、３人分。
大崎甜花\【かしまし、みっつ願いごと】大崎甜花\重なる願い、３人分。.csv,39,3015006010380,千雪,不不，不用在意哦,大崎甜花,【かしまし、みっつ願いごと】大崎甜花,重なる願い、３人分。
大崎甜花\【かしまし、みっつ願いごと】大崎甜花\重なる願い、３人分。.csv,42,3015006010410,千雪,好呀！那边的人也不怎么多,大崎甜花,【かしまし、みっつ願いごと】大崎甜花,重なる願い、３人分。
大崎甜花\【かしまし、みっつ願いごと】大崎甜花\重なる願い、３人分。.csv,49,3015006010480,千雪,哇啊……！赞成！,大崎甜花,【かしまし、みっつ願いごと】大崎甜花,重なる願い、３人分。
大崎甜花\【かしまし、みっつ願いごと】大崎甜花\重なる願い、３人分。.csv,51,3015006010500,千雪,会有点心动不已呢！,大崎甜花,【かしまし、みっつ願いごと】大崎甜花,重なる願い、３人分。
大崎甜花\【かしまし、みっつ願いごと】大崎甜花\重なる願い、３人分。.csv,53,3015006010520,千雪,嗯……我的话……,大崎甜花,【かしまし、みっつ願いごと】大崎甜花,重なる願い、３人分。
大崎甜花\【かしまし、みっつ願いごと】大崎甜花\重なる願い、３人分。.csv,59,3015006010570,千雪,呼呼……,大崎甜花,【かしまし、みっつ願いごと】大崎甜花,重なる願い、３人分。
大崎甜花\【かしまし、みっつ願いごと】大崎甜花\重なる願い、３人分。.csv,61,3015006010590,千雪,三人想到一块去了呢,大崎甜花,【かしまし、みっつ願いごと】大崎甜花,重なる願い、３人分。
大崎甜花\【アイ・セーブ・ユー】大崎甜花\SHOT！.csv,9,3015003010080,千雪,"哎呀……
这是用这把枪战斗的游戏吧？",大崎甜花,【アイ・セーブ・ユー】大崎甜花,SHOT！
大崎甜花\【アイ・セーブ・ユー】大崎甜花\SHOT！.csv,12,3015003010110,千雪,"没有
看起来很难，就没试过了",大崎甜花,【アイ・セーブ・ユー】大崎甜花,SHOT！
大崎甜花\【アイ・セーブ・ユー】大崎甜花\SHOT！.csv,15,3015003010140,千雪,我也想看看甜花玩擅长的游戏啊,大崎甜花,【アイ・セーブ・ユー】大崎甜花,SHOT！
大崎甜花\【アイ・セーブ・ユー】大崎甜花\SHOT！.csv,19,3015003010180,千雪,"嗯，嗯……
可是我可能会拖甜花的后腿……",大崎甜花,【アイ・セーブ・ユー】大崎甜花,SHOT！
大崎甜花\【アイ・セーブ・ユー】大崎甜花\SHOT！.csv,22,3015003010210,千雪,"那……就来试试吧
我，我会加油的……！",大崎甜花,【アイ・セーブ・ユー】大崎甜花,SHOT！
大崎甜花\【アイ・セーブ・ユー】大崎甜花\SHOT！.csv,25,3015003010240,千雪,真的吗？ 太好了……！,大崎甜花,【アイ・セーブ・ユー】大崎甜花,SHOT！
大崎甜花\【アイ・セーブ・ユー】大崎甜花\SHOT！.csv,27,3015003010260,千雪,啊，对不起！,大崎甜花,【アイ・セーブ・ユー】大崎甜花,SHOT！
大崎甜花\【アイ・セーブ・ユー】大崎甜花\SHOT！.csv,28,3015003010270,千雪,……呵呵,大崎甜花,【アイ・セーブ・ユー】大崎甜花,SHOT！
大崎甜花\【アイ・セーブ・ユー】大崎甜花\SHOT！.csv,30,3015003010290,千雪,诶！？,大崎甜花,【アイ・セーブ・ユー】大崎甜花,SHOT！
大崎甜花\【アイ・セーブ・ユー】大崎甜花\SHOT！.csv,31,3015003010300,千雪,"甜，甜花……
谢谢你救我……！",大崎甜花,【アイ・セーブ・ユー】大崎甜花,SHOT！
大崎甜花\【アイ・セーブ・ユー】大崎甜花\SHOT！.csv,33,3015003010320,千雪,哇，好厉害……,大崎甜花,【アイ・セーブ・ユー】大崎甜花,SHOT！
大崎甜花\【アイ・セーブ・ユー】大崎甜花\SHOT！.csv,35,3015003010340,千雪,甜花真的很擅长呢……！,大崎甜花,【アイ・セーブ・ユー】大崎甜花,SHOT！
大崎甜花\【アイ・セーブ・ユー】大崎甜花\SHOT！.csv,39,3015003010380,千雪,"诶……？
……啊——",大崎甜花,【アイ・セーブ・ユー】大崎甜花,SHOT！
大崎甜花\【アイ・セーブ・ユー】大崎甜花\SHOT！.csv,40,3015003010390,千雪,"唉，游戏结束了……
对不起，甜花……明明帮了我那么多次",大崎甜花,【アイ・セーブ・ユー】大崎甜花,SHOT！
大崎甜花\【アイ・セーブ・ユー】大崎甜花\SHOT！.csv,42,3015003010410,千雪,"怎么会……不要放心上
多亏甜花，我玩得很开心",大崎甜花,【アイ・セーブ・ユー】大崎甜花,SHOT！
大崎甜花\【アイ・セーブ・ユー】大崎甜花\SHOT！.csv,43,3015003010420,千雪,"……可是，甜花这样就变成一个人了
只有甜花也能继续吗？",大崎甜花,【アイ・セーブ・ユー】大崎甜花,SHOT！
大崎甜花\【アイ・セーブ・ユー】大崎甜花\SHOT！.csv,46,3015003010450,千雪,"谢谢你……！
那我和甘奈一起看你玩吧",大崎甜花,【アイ・セーブ・ユー】大崎甜花,SHOT！
大崎甜花\【アイ・セーブ・ユー】大崎甜花\SHOT！.csv,48,3015003010470,千雪,"嗯，非常可靠
而且因为甜花，我非常开心♪",大崎甜花,【アイ・セーブ・ユー】大崎甜花,SHOT！
大崎甜花\【アイ・セーブ・ユー】大崎甜花\SHOT！.csv,50,3015003010490,千雪,"甜花也玩得很开心
看得我也变开心了",大崎甜花,【アイ・セーブ・ユー】大崎甜花,SHOT！
大崎甜花\【アイ・セーブ・ユー】大崎甜花\SHOT！.csv,51,3015003010500,千雪,她一定是真的很喜欢游戏呢,大崎甜花,【アイ・セーブ・ユー】大崎甜花,SHOT！
大崎甜花\【アイ・セーブ・ユー】大崎甜花\SHOT！.csv,54,3015003010530,千雪,"……？
是吗？",大崎甜花,【アイ・セーブ・ユー】大崎甜花,SHOT！
大崎甜花\【アイ・セーブ・ユー】大崎甜花\SHOT！.csv,57,3015003010560,千雪,"是吗
……那样我会很开心呢",大崎甜花,【アイ・セーブ・ユー】大崎甜花,SHOT！
大崎甜花\【アイ・セーブ・ユー】大崎甜花\SHOT！.csv,59,3015003010580,千雪,哇，甜花恭喜你！,大崎甜花,【アイ・セーブ・ユー】大崎甜花,SHOT！
大崎甜花\【アイ・セーブ・ユー】大崎甜花\SHOT！.csv,62,3015003010610,千雪,"这样啊……
……谢谢你，甜花",大崎甜花,【アイ・セーブ・ユー】大崎甜花,SHOT！
大崎甜花\【アイ・セーブ・ユー】大崎甜花\SHOT！.csv,64,3015003010630,千雪,"是啊……！ 我也想让甜花
教我玩更多的游戏呢",大崎甜花,【アイ・セーブ・ユー】大崎甜花,SHOT！
大崎甜花\【アイ・セーブ・ユー】大崎甜花\SHOT！.csv,69,3015003010680,千雪,"呵呵，有好多第一次玩的游戏
我也非常开心呢",大崎甜花,【アイ・セーブ・ユー】大崎甜花,SHOT！
大崎甜花\【アイ・セーブ・ユー】大崎甜花\SHOT！.csv,72,3015003010710,千雪,"哇
当然了，大家一起拍吧♪",大崎甜花,【アイ・セーブ・ユー】大崎甜花,SHOT！
大崎甜花\【キュン！とwith us】大崎甜花\キューン.csv,8,3015012030070,千雪,"呼呼
貉的叫声的话────",大崎甜花,【キュン！とwith us】大崎甜花,キューン
大崎甜花\【キュン！とwith us】大崎甜花\キューン.csv,9,3015012030080,千雪,────到底是怎样呢……？,大崎甜花,【キュン！とwith us】大崎甜花,キューン
大崎甜花\【キュン！とwith us】大崎甜花\キューン.csv,14,3015012030130,千雪,"嗯……
听起来感觉很强壮……！",大崎甜花,【キュン！とwith us】大崎甜花,キューン
大崎甜花\【キュン！とwith us】大崎甜花\キューン.csv,20,3015012030190,千雪,啾……！,大崎甜花,【キュン！とwith us】大崎甜花,キューン
大崎甜花\【キュン！とwith us】大崎甜花\キューン.csv,21,3015012030200,千雪,呼呼……！,大崎甜花,【キュン！とwith us】大崎甜花,キューン
大崎甜花\【キュン！とwith us】大崎甜花\キューン.csv,28,3015012030270,千雪,"是有这样的传言呢
会变成别人的样子，去恶作剧……",大崎甜花,【キュン！とwith us】大崎甜花,キューン
大崎甜花\【キュン！とwith us】大崎甜花\キューン.csv,33,3015012030320,千雪,呼呼……！,大崎甜花,【キュン！とwith us】大崎甜花,キューン
大崎甜花\【キュン！とwith us】大崎甜花\キューン.csv,34,3015012030330,千雪,"──但是
如果，可以变身的话",大崎甜花,【キュン！とwith us】大崎甜花,キューン
大崎甜花\【キュン！とwith us】大崎甜花\キューン.csv,35,3015012030340,千雪,"除了恶作剧之外，
不觉得能做的事情还有很多吗？",大崎甜花,【キュン！とwith us】大崎甜花,キューン
大崎甜花\【キュン！とwith us】大崎甜花\キューン.csv,37,3015012030360,千雪,"那么
今天的ALSTROEMERIA貉就是",大崎甜花,【キュン！とwith us】大崎甜花,キューン
大崎甜花\【キュン！とwith us】大崎甜花\キューン.csv,39,3015012030370,千雪,呼呼,大崎甜花,【キュン！とwith us】大崎甜花,キューン
大崎甜花\【キュン！とwith us】大崎甜花\キューン.csv,40,3015012030380,千雪,"变成女孩子的话，
觉得回想去做什么事情呢？",大崎甜花,【キュン！とwith us】大崎甜花,キューン
大崎甜花\【キュン！とwith us】大崎甜花\キューン.csv,42,3015012030400,千雪,哇哈……！,大崎甜花,【キュン！とwith us】大崎甜花,キューン
大崎甜花\【キュン！とwith us】大崎甜花\キューン.csv,45,3015012030430,千雪,"──啊
来──了……！",大崎甜花,【キュン！とwith us】大崎甜花,キューン
大崎甜花\【キュン！とwith us】大崎甜花\キューン.csv,49,3015012030440,千雪,──那么我们，就去工作吧,大崎甜花,【キュン！とwith us】大崎甜花,キューン
大崎甜花\【キュン！とwith us】大崎甜花\キューン.csv,51,3015012030450,千雪,喂──……！,大崎甜花,【キュン！とwith us】大崎甜花,キューン
大崎甜花\【キュン！とwith us】大崎甜花\天高く.csv,4,3015012010030,千雪,"嗯
晴空万里……一看就让人感觉到秋天到来了呢……！",大崎甜花,【キュン！とwith us】大崎甜花,天高く
大崎甜花\【キュン！とwith us】大崎甜花\天高く.csv,7,3015012010060,千雪,“马肥之秋”？,大崎甜花,【キュン！とwith us】大崎甜花,天高く
大崎甜花\【キュン！とwith us】大崎甜花\天高く.csv,12,3015012010110,千雪,呼呼，是一个能让马都吃到肥肥的，收获很多好吃的季节──,大崎甜花,【キュン！とwith us】大崎甜花,天高く
大崎甜花\【キュン！とwith us】大崎甜花\天高く.csv,13,3015012010120,千雪,表达秋天就是这么的美妙,大崎甜花,【キュン！とwith us】大崎甜花,天高く
大崎甜花\【キュン！とwith us】大崎甜花\天高く.csv,16,3015012010150,千雪,"就是……
但是，真是让人感觉很舒服的天气呢……！",大崎甜花,【キュン！とwith us】大崎甜花,天高く
大崎甜花\【キュン！とwith us】大崎甜花\天高く.csv,27,3015012010190,千雪,"真是太谢谢您了……！
那么，我们就收下了",大崎甜花,【キュン！とwith us】大崎甜花,天高く
大崎甜花\【キュン！とwith us】大崎甜花\天高く.csv,46,3015012010340,千雪,"确实……
最近，好吃的东西吃太多了呢……",大崎甜花,【キュン！とwith us】大崎甜花,天高く
大崎甜花\【キュン！とwith us】大崎甜花\天高く.csv,50,3015012010361,甘奈＆千雪,,大崎甜花,【キュン！とwith us】大崎甜花,天高く
大崎甜花\【キュン！とwith us】大崎甜花\天高く.csv,52,3015012010371,甘奈＆千雪,……真是的～！,大崎甜花,【キュン！とwith us】大崎甜花,天高く
大崎甜花\【キュン！とwith us】大崎甜花\天高く.csv,53,3015012010372,甘奈＆千雪,甜花～……！,大崎甜花,【キュン！とwith us】大崎甜花,天高く
大崎甜花\【彩りファッションドール】大崎甜花\ほっと一息、甜花の気持ち.csv,4,3015004030030,千雪,那么，今天就去上次还没逛过的店吧,大崎甜花,【彩りファッションドール】大崎甜花,ほっと一息、甜花の気持ち
大崎甜花\【彩りファッションドール】大崎甜花\ほっと一息、甜花の気持ち.csv,8,3015004030070,千雪,今天要是能找到可爱的衣服就好了♪,大崎甜花,【彩りファッションドール】大崎甜花,ほっと一息、甜花の気持ち
大崎甜花\【彩りファッションドール】大崎甜花\ほっと一息、甜花の気持ち.csv,12,3015004030110,千雪,呵呵，噢——！,大崎甜花,【彩りファッションドール】大崎甜花,ほっと一息、甜花の気持ち
大崎甜花\【彩りファッションドール】大崎甜花\ほっと一息、甜花の気持ち.csv,23,3015004030220,千雪,"才没那回事哟
我们只要能和甜花一起挑选衣服就很开心了♪",大崎甜花,【彩りファッションドール】大崎甜花,ほっと一息、甜花の気持ち
大崎甜花\【彩りファッションドール】大崎甜花\ほっと一息、甜花の気持ち.csv,27,3015004030260,千雪,我也是，能看到可爱的甜花就很开心了,大崎甜花,【彩りファッションドール】大崎甜花,ほっと一息、甜花の気持ち
大崎甜花\【彩りファッションドール】大崎甜花\ほっと一息、甜花の気持ち.csv,35,3015004030340,千雪,……呐，甘奈,大崎甜花,【彩りファッションドール】大崎甜花,ほっと一息、甜花の気持ち
大崎甜花\【彩りファッションドール】大崎甜花\ほっと一息、甜花の気持ち.csv,36,3015004030350,千雪,我们，是不是说得太过头了……？,大崎甜花,【彩りファッションドール】大崎甜花,ほっと一息、甜花の気持ち
大崎甜花\【彩りファッションドール】大崎甜花\ほっと一息、甜花の気持ち.csv,37,3015004030360,千雪,甜花，可能已经不知道该怎么办了,大崎甜花,【彩りファッションドール】大崎甜花,ほっと一息、甜花の気持ち
大崎甜花\【彩りファッションドール】大崎甜花\ほっと一息、甜花の気持ち.csv,48,3015004030470,千雪,呵呵，是的哟,大崎甜花,【彩りファッションドール】大崎甜花,ほっと一息、甜花の気持ち
大崎甜花\【彩りファッションドール】大崎甜花\ほっと一息、甜花の気持ち.csv,49,3015004030480,千雪,"而且，如果感觉还是不合适的话
我也能帮你改一下衣服哦♪",大崎甜花,【彩りファッションドール】大崎甜花,ほっと一息、甜花の気持ち
大崎甜花\【彩りファッションドール】大崎甜花\ほっと一息、甜花の気持ち.csv,50,3015004030490,千雪,所以，甜花你就选你喜欢的衣服吧？,大崎甜花,【彩りファッションドール】大崎甜花,ほっと一息、甜花の気持ち
大崎甜花\【彩りファッションドール】大崎甜花\ほっと一息、甜花の気持ち.csv,52,3015004030510,千雪,呵呵，现在还没找到比较中意的衣服吗？,大崎甜花,【彩りファッションドール】大崎甜花,ほっと一息、甜花の気持ち
大崎甜花\【彩りファッションドール】大崎甜花\ほっと一息、甜花の気持ち.csv,58,3015004030570,千雪,"甜花喜欢的衣服……
呵呵，我想看看♪",大崎甜花,【彩りファッションドール】大崎甜花,ほっと一息、甜花の気持ち
大崎甜花\【彩りファッションドール】大崎甜花\ファッショナブル・チャレンジ.csv,4,3015004010030,千雪,"这个？
之前在杂货店发现的",大崎甜花,【彩りファッションドール】大崎甜花,ファッショナブル・チャレンジ
大崎甜花\【彩りファッションドール】大崎甜花\ファッショナブル・チャレンジ.csv,8,3015004010070,千雪,呵呵，谢谢,大崎甜花,【彩りファッションドール】大崎甜花,ファッショナブル・チャレンジ
大崎甜花\【彩りファッションドール】大崎甜花\ファッショナブル・チャレンジ.csv,11,3015004010100,千雪,"啊，很棒～
确实，和这个化妆包放在一起，颜色应该很搭",大崎甜花,【彩りファッションドール】大崎甜花,ファッショナブル・チャレンジ
大崎甜花\【彩りファッションドール】大崎甜花\ファッショナブル・チャレンジ.csv,22,3015004010210,千雪,"呐，甜花
不要客气，就说说看吧？",大崎甜花,【彩りファッションドール】大崎甜花,ファッショナブル・チャレンジ
大崎甜花\【彩りファッションドール】大崎甜花\ファッショナブル・チャレンジ.csv,28,3015004010270,千雪,……嘛,大崎甜花,【彩りファッションドール】大崎甜花,ファッショナブル・チャレンジ
大崎甜花\【彩りファッションドール】大崎甜花\ファッショナブル・チャレンジ.csv,31,3015004010300,千雪,"呵呵，是的呢～
现在的甜花，已经十分的可爱了哦",大崎甜花,【彩りファッションドール】大崎甜花,ファッショナブル・チャレンジ
大崎甜花\【彩りファッションドール】大崎甜花\ファッショナブル・チャレンジ.csv,34,3015004010330,千雪,"……衣服？
是想要买新的洋装了吗？",大崎甜花,【彩りファッションドール】大崎甜花,ファッショナブル・チャレンジ
大崎甜花\【彩りファッションドール】大崎甜花\ファッショナブル・チャレンジ.csv,46,3015004010450,千雪,"是的呢～
我也会为了帮上甜花的忙而努力的哟",大崎甜花,【彩りファッションドール】大崎甜花,ファッショナブル・チャレンジ
大崎甜花\【彩りファッションドール】大崎甜花\ファッショナブル・チャレンジ.csv,49,3015004010480,千雪,这一天的话，我们三个人都没问题吧,大崎甜花,【彩りファッションドール】大崎甜花,ファッショナブル・チャレンジ
大崎甜花\【彩りファッションドール】大崎甜花\ファッショナブル・チャレンジ.csv,51,3015004010500,千雪,"呵呵，没事的哦～
我们也会和你一起去的",大崎甜花,【彩りファッションドール】大崎甜花,ファッショナブル・チャレンジ
大崎甜花\【彩りファッションドール】大崎甜花\ファッショナブル・チャレンジ.csv,54,3015004010530,千雪,"那么，就拜托你了
甜花呢，没有异议吧？",大崎甜花,【彩りファッションドール】大崎甜花,ファッショナブル・チャレンジ
大崎甜花\【彩りファッションドール】大崎甜花\甜花的ビフォーアフター12.24.csv,4,3015004040030,千雪,"是这样吗？
呵呵，我也想看看，那副穿着的甜花",大崎甜花,【彩りファッションドール】大崎甜花,甜花的ビフォーアフター12.24
大崎甜花\【彩りファッションドール】大崎甜花\甜花的ビフォーアフター12.24.csv,8,3015004040070,千雪,"还真是~
特别适合甜花呢♪",大崎甜花,【彩りファッションドール】大崎甜花,甜花的ビフォーアフター12.24
大崎甜花\【彩りファッションドール】大崎甜花\甜花的ビフォーアフター12.24.csv,17,3015004040160,千雪,"嗯呵呵。……不过，不得不道谢的，
说不定是我们哦？",大崎甜花,【彩りファッションドール】大崎甜花,甜花的ビフォーアフター12.24
大崎甜花\【彩りファッションドール】大崎甜花\甜花的ビフォーアフター12.24.csv,19,3015004040180,千雪,"毕竟，能看到甜花的多种穿搭风格
就已经特别开心了",大崎甜花,【彩りファッションドール】大崎甜花,甜花的ビフォーアフター12.24
大崎甜花\【彩りファッションドール】大崎甜花\甜花的ビフォーアフター12.24.csv,35,3015004040340,千雪,"是哦。毕竟甜花已经能够，
挑选出非常适合自己的衣服了嘛",大崎甜花,【彩りファッションドール】大崎甜花,甜花的ビフォーアフター12.24
大崎甜花\【彩りファッションドール】大崎甜花\甜花的ビフォーアフター12.24.csv,36,3015004040350,千雪,"肯定也能挑选出，
特别适合我的衣服♪",大崎甜花,【彩りファッションドール】大崎甜花,甜花的ビフォーアフター12.24
大崎甜花\【彩りファッションドール】大崎甜花\甜花的ビフォーアフター12.24.csv,48,3015004040470,千雪,"是呢……
甘奈的想法，太棒了♪",大崎甜花,【彩りファッションドール】大崎甜花,甜花的ビフォーアフター12.24
大崎甜花\【彩りファッションドール】大崎甜花\試着室ファッションショー.csv,10,3015004020090,千雪,"……呵呵，甘奈。我也知道你高兴的心情，
但还是稍微冷静一下吧",大崎甜花,【彩りファッションドール】大崎甜花,試着室ファッションショー
大崎甜花\【彩りファッションドール】大崎甜花\試着室ファッションショー.csv,11,3015004020100,千雪,"那么着急的话，
可能在找到甜花的衣服之前就已经很累了哦",大崎甜花,【彩りファッションドール】大崎甜花,試着室ファッションショー
大崎甜花\【彩りファッションドール】大崎甜花\試着室ファッションショー.csv,19,3015004020180,千雪,"没事的，甜花
总之先进店里面看看吧",大崎甜花,【彩りファッションドール】大崎甜花,試着室ファッションショー
大崎甜花\【彩りファッションドール】大崎甜花\試着室ファッションショー.csv,20,3015004020190,千雪,或许，意外的能马上就能遇到喜欢的衣服哦,大崎甜花,【彩りファッションドール】大崎甜花,試着室ファッションショー
大崎甜花\【彩りファッションドール】大崎甜花\試着室ファッションショー.csv,24,3015004020230,千雪,"哎呀哎呀……
果然感情真好呢♪",大崎甜花,【彩りファッションドール】大崎甜花,試着室ファッションショー
大崎甜花\【彩りファッションドール】大崎甜花\試着室ファッションショー.csv,27,3015004020260,千雪,"对了……如果是甜花的话
我觉得这样稳重的对襟毛衣也很合适吧？",大崎甜花,【彩りファッションドール】大崎甜花,試着室ファッションショー
大崎甜花\【彩りファッションドール】大崎甜花\試着室ファッションショー.csv,39,3015004020380,千雪,"是哦……
但是，不要太勉强自己哦？",大崎甜花,【彩りファッションドール】大崎甜花,試着室ファッションショー
大崎甜花\【彩りファッションドール】大崎甜花\試着室ファッションショー.csv,41,3015004020400,千雪,……甜花，怎么啦？,大崎甜花,【彩りファッションドール】大崎甜花,試着室ファッションショー
大崎甜花\【彩りファッションドール】大崎甜花\試着室ファッションショー.csv,44,3015004020430,千雪,"嗯……甜花只要一点点地去习惯
就好了哦",大崎甜花,【彩りファッションドール】大崎甜花,試着室ファッションショー
大崎甜花\【彩りファッションドール】大崎甜花\試着室ファッションショー.csv,52,3015004020510,千雪,"是的是的
我们也是想陪你才一起来的",大崎甜花,【彩りファッションドール】大崎甜花,試着室ファッションショー
大崎甜花\【甜花の恩返し】大崎甜花\【甜花の恩返し】大崎甜花01.csv,2,3015020010001,甘奈＆千雪,辛苦了！,大崎甜花,【甜花の恩返し】大崎甜花,【甜花の恩返し】大崎甜花01
大崎甜花\【甜花の恩返し】大崎甜花\【甜花の恩返し】大崎甜花01.csv,7,3015020010050,千雪,"毕竟训练得这么努力了呢
稍微休息一下就回去吧",大崎甜花,【甜花の恩返し】大崎甜花,【甜花の恩返し】大崎甜花01
大崎甜花\【甜花の恩返し】大崎甜花\【甜花の恩返し】大崎甜花01.csv,10,3015020010080,千雪,"谢谢。我和你一起去泡。
不用了。",大崎甜花,【甜花の恩返し】大崎甜花,【甜花の恩返し】大崎甜花01
大崎甜花\【甜花の恩返し】大崎甜花\【甜花の恩返し】大崎甜花01.csv,17,3015020010150,千雪,……,大崎甜花,【甜花の恩返し】大崎甜花,【甜花の恩返し】大崎甜花01
大崎甜花\【甜花の恩返し】大崎甜花\【甜花の恩返し】大崎甜花01.csv,18,3015020010160,千雪,"两位，可以占用你们一点时间吗？
有件事情想邀请你们来",大崎甜花,【甜花の恩返し】大崎甜花,【甜花の恩返し】大崎甜花01
大崎甜花\【甜花の恩返し】大崎甜花\【甜花の恩返し】大崎甜花01.csv,20,3015020010170,千雪,"有一位以前关照过我的女演员
邀请我去看她的舞台剧",大崎甜花,【甜花の恩返し】大崎甜花,【甜花の恩返し】大崎甜花01
大崎甜花\【甜花の恩返し】大崎甜花\【甜花の恩返し】大崎甜花01.csv,21,3015020010180,千雪,可以的话，要不要一起来？,大崎甜花,【甜花の恩返し】大崎甜花,【甜花の恩返し】大崎甜花01
大崎甜花\【甜花の恩返し】大崎甜花\【甜花の恩返し】大崎甜花01.csv,23,3015020010200,千雪,是『改编自仙鹤报恩的现代喜剧』,大崎甜花,【甜花の恩返し】大崎甜花,【甜花の恩返し】大崎甜花01
大崎甜花\【甜花の恩返し】大崎甜花\【甜花の恩返し】大崎甜花01.csv,27,3015020010240,千雪,"呵呵
这样的话，我就再去拜托她给我两个人的票吧",大崎甜花,【甜花の恩返し】大崎甜花,【甜花の恩返し】大崎甜花01
大崎甜花\【甜花の恩返し】大崎甜花\【甜花の恩返し】大崎甜花01.csv,32,3015020010290,千雪,"嗯。不用谢
我会替你们向那位女演员表达感谢的",大崎甜花,【甜花の恩返し】大崎甜花,【甜花の恩返し】大崎甜花01
大崎甜花\【甜花の恩返し】大崎甜花\【甜花の恩返し】大崎甜花01.csv,37,3015020010340,千雪,"即便如此，对于还记得的人来说
还是会被一些藏在细节里的梗逗笑呢",大崎甜花,【甜花の恩返し】大崎甜花,【甜花の恩返し】大崎甜花01
大崎甜花\【甜花の恩返し】大崎甜花\【甜花の恩返し】大崎甜花01.csv,41,3015020010380,千雪,嗯嗯,大崎甜花,【甜花の恩返し】大崎甜花,【甜花の恩返し】大崎甜花01
大崎甜花\【甜花の恩返し】大崎甜花\【甜花の恩返し】大崎甜花01.csv,45,3015020010420,千雪,"呵呵，这样的话
就算是冬天也会很暖和吧",大崎甜花,【甜花の恩返し】大崎甜花,【甜花の恩返し】大崎甜花01
大崎甜花\【甜花の恩返し】大崎甜花\【甜花の恩返し】大崎甜花01.csv,52,3015020010490,千雪,"这样的时光，真是难能可贵
让人发自内心感到满足",大崎甜花,【甜花の恩返し】大崎甜花,【甜花の恩返し】大崎甜花01
大崎甜花\【甜花の恩返し】大崎甜花\【甜花の恩返し】大崎甜花02.csv,34,3015020020270,千雪,"『嗯，可以哦
千雪，进入倾听模式♪』",大崎甜花,【甜花の恩返し】大崎甜花,【甜花の恩返し】大崎甜花02
大崎甜花\【甜花の恩返し】大崎甜花\【甜花の恩返し】大崎甜花02.csv,37,3015020020300,千雪,"『如果是这样的话，
她是不是想对甘奈保密呢？』",大崎甜花,【甜花の恩返し】大崎甜花,【甜花の恩返し】大崎甜花02
大崎甜花\【甜花の恩返し】大崎甜花\【甜花の恩返し】大崎甜花02.csv,40,3015020020330,千雪,『这样啊』,大崎甜花,【甜花の恩返し】大崎甜花,【甜花の恩返し】大崎甜花02
大崎甜花\【甜花の恩返し】大崎甜花\【甜花の恩返し】大崎甜花02.csv,41,3015020020340,千雪,"『但是，如果甜花是想保密的话
也不能去问她呢』",大崎甜花,【甜花の恩返し】大崎甜花,【甜花の恩返し】大崎甜花02
大崎甜花\【甜花の恩返し】大崎甜花\【甜花の恩返し】大崎甜花02.csv,42,3015020020350,千雪,『我猜，应该不会是什么危险的事情吧？』,大崎甜花,【甜花の恩返し】大崎甜花,【甜花の恩返し】大崎甜花02
大崎甜花\【甜花の恩返し】大崎甜花\【甜花の恩返し】大崎甜花02.csv,45,3015020020380,千雪,『羽毛』,大崎甜花,【甜花の恩返し】大崎甜花,【甜花の恩返し】大崎甜花02
大崎甜花\【甜花の恩返し】大崎甜花\【甜花の恩返し】大崎甜花02.csv,47,3015020020400,千雪,"『虽然可能是因为之前刚看完舞台剧
感觉，有点像仙鹤报恩呢』",大崎甜花,【甜花の恩返し】大崎甜花,【甜花の恩返し】大崎甜花02
大崎甜花\【甜花の恩返し】大崎甜花\【甜花の恩返し】大崎甜花02.csv,51,3015020020440,千雪,『嗯』,大崎甜花,【甜花の恩返し】大崎甜花,【甜花の恩返し】大崎甜花02
大崎甜花\【甜花の恩返し】大崎甜花\【甜花の恩返し】大崎甜花02.csv,52,3015020020450,千雪,"『甘奈奶奶啊……
我们再……观察她一段时间吧……』",大崎甜花,【甜花の恩返し】大崎甜花,【甜花の恩返し】大崎甜花02
大崎甜花\【甜花の恩返し】大崎甜花\【甜花の恩返し】大崎甜花02.csv,54,3015020020470,千雪,『Ho Ho Ho』,大崎甜花,【甜花の恩返し】大崎甜花,【甜花の恩返し】大崎甜花02
大崎甜花\【甜花の恩返し】大崎甜花\【甜花の恩返し】大崎甜花03.csv,36,3015020030350,千雪,打扰了,大崎甜花,【甜花の恩返し】大崎甜花,【甜花の恩返し】大崎甜花03
大崎甜花\【甜花の恩返し】大崎甜花\【甜花の恩返し】大崎甜花03.csv,38,3015020030370,千雪,"购物的时候
发现了可爱的DIY配饰材料包",大崎甜花,【甜花の恩返し】大崎甜花,【甜花の恩返し】大崎甜花03
大崎甜花\【甜花の恩返し】大崎甜花\【甜花の恩返し】大崎甜花03.csv,39,3015020030380,千雪,"和甘奈一起商量了一下
打算来做这个",大崎甜花,【甜花の恩返し】大崎甜花,【甜花の恩返し】大崎甜花03
大崎甜花\【甜花の恩返し】大崎甜花\【甜花の恩返し】大崎甜花03.csv,40,3015020030390,千雪,"可以的话
甜花要不要一起来做？",大崎甜花,【甜花の恩返し】大崎甜花,【甜花の恩返し】大崎甜花03
大崎甜花\【甜花の恩返し】大崎甜花\【甜花の恩返し】大崎甜花03.csv,44,3015020030430,千雪,"感觉如果我们三个人的这份回忆
能用某种形式留下来的话",大崎甜花,【甜花の恩返し】大崎甜花,【甜花の恩返し】大崎甜花03
大崎甜花\【甜花の恩返し】大崎甜花\【甜花の恩返し】大崎甜花03.csv,45,3015020030440,千雪,一定会成为一件更美好的事情吧,大崎甜花,【甜花の恩返し】大崎甜花,【甜花の恩返し】大崎甜花03
大崎甜花\【甜花の恩返し】大崎甜花\【甜花の恩返し】大崎甜花03.csv,48,3015020030461,甘奈＆千雪,诶嘿嘿,大崎甜花,【甜花の恩返し】大崎甜花,【甜花の恩返し】大崎甜花03
大崎甜花\【見果てぬ先のアヴァロン】大崎甜花\アメアメ・フレフレ.csv,8,3015009020070,千雪,"不好，湿漉漉的！
我马上就拿毛巾过来，你等一下……！",大崎甜花,【見果てぬ先のアヴァロン】大崎甜花,アメアメ・フレフレ
大崎甜花\【見果てぬ先のアヴァロン】大崎甜花\アメアメ・フレフレ.csv,11,3015009020100,千雪,"不会……！
冷不冷？",大崎甜花,【見果てぬ先のアヴァロン】大崎甜花,アメアメ・フレフレ
大崎甜花\【見果てぬ先のアヴァロン】大崎甜花\アメアメ・フレフレ.csv,14,3015009020130,千雪,"太好了……
毕竟突然下了大雨呢",大崎甜花,【見果てぬ先のアヴァロン】大崎甜花,アメアメ・フレフレ
大崎甜花\【見果てぬ先のアヴァロン】大崎甜花\アメアメ・フレフレ.csv,17,3015009020160,千雪,"呵呵，谢谢你关心
我有带折叠伞",大崎甜花,【見果てぬ先のアヴァロン】大崎甜花,アメアメ・フレフレ
大崎甜花\【見果てぬ先のアヴァロン】大崎甜花\アメアメ・フレフレ.csv,19,3015009020180,千雪,"嗯
天气预报虽然说到晚上才下雨……",大崎甜花,【見果てぬ先のアヴァロン】大崎甜花,アメアメ・フレフレ
大崎甜花\【見果てぬ先のアヴァロン】大崎甜花\アメアメ・フレフレ.csv,20,3015009020190,千雪,就想着以防万一,大崎甜花,【見果てぬ先のアヴァロン】大崎甜花,アメアメ・フレフレ
大崎甜花\【見果てぬ先のアヴァロン】大崎甜花\アメアメ・フレフレ.csv,22,3015009020210,千雪,呵呵呵，被夸了,大崎甜花,【見果てぬ先のアヴァロン】大崎甜花,アメアメ・フレフレ
大崎甜花\【見果てぬ先のアヴァロン】大崎甜花\アメアメ・フレフレ.csv,28,3015009020270,千雪,"确实……
不一直拿着就没意义了呢",大崎甜花,【見果てぬ先のアヴァロン】大崎甜花,アメアメ・フレフレ
大崎甜花\【見果てぬ先のアヴァロン】大崎甜花\アメアメ・フレフレ.csv,29,3015009020280,千雪,——啊，要不要挂上什么吉祥物？,大崎甜花,【見果てぬ先のアヴァロン】大崎甜花,アメアメ・フレフレ
大崎甜花\【見果てぬ先のアヴァロン】大崎甜花\アメアメ・フレフレ.csv,31,3015009020300,千雪,"嗯
一些在一起就能兴奋的——",大崎甜花,【見果てぬ先のアヴァロン】大崎甜花,アメアメ・フレフレ
大崎甜花\【見果てぬ先のアヴァロン】大崎甜花\アメアメ・フレフレ.csv,32,3015009020310,千雪,把甜花喜欢的东西挂在伞上,大崎甜花,【見果てぬ先のアヴァロン】大崎甜花,アメアメ・フレフレ
大崎甜花\【見果てぬ先のアヴァロン】大崎甜花\アメアメ・フレフレ.csv,34,3015009020330,千雪,哇，对对……！,大崎甜花,【見果てぬ先のアヴァロン】大崎甜花,アメアメ・フレフレ
大崎甜花\【見果てぬ先のアヴァロン】大崎甜花\アメアメ・フレフレ.csv,35,3015009020340,千雪,恶魔太郎，你在吗……这样,大崎甜花,【見果てぬ先のアヴァロン】大崎甜花,アメアメ・フレフレ
大崎甜花\【見果てぬ先のアヴァロン】大崎甜花\アメアメ・フレフレ.csv,39,3015009020380,千雪,诶？,大崎甜花,【見果てぬ先のアヴァロン】大崎甜花,アメアメ・フレフレ
大崎甜花\【見果てぬ先のアヴァロン】大崎甜花\アメアメ・フレフレ.csv,42,3015009020410,千雪,"……呵呵
她一定会这么想的",大崎甜花,【見果てぬ先のアヴァロン】大崎甜花,アメアメ・フレフレ
大崎甜花\【見果てぬ先のアヴァロン】大崎甜花\アメアメ・フレフレ.csv,43,3015009020420,千雪,然后，她也一定会很高兴！,大崎甜花,【見果てぬ先のアヴァロン】大崎甜花,アメアメ・フレフレ
大崎甜花\【見果てぬ先のアヴァロン】大崎甜花\アメアメ・フレフレ.csv,48,3015009020470,千雪,嗯……！,大崎甜花,【見果てぬ先のアヴァロン】大崎甜花,アメアメ・フレフレ
大崎甜花\【見果てぬ先のアヴァロン】大崎甜花\アメアメ・フレフレ.csv,50,3015009020490,千雪,"哇，可以吗……！
那我就想故意忘带伞啦",大崎甜花,【見果てぬ先のアヴァロン】大崎甜花,アメアメ・フレフレ
大崎甜花\【見果てぬ先のアヴァロン】大崎甜花\ワタシ・タチハ・ドコマデモ.csv,25,3015009030240,千雪,"贵安
甘奈，甜花",大崎甜花,【見果てぬ先のアヴァロン】大崎甜花,ワタシ・タチハ・ドコマデモ
大崎甜花\【見果てぬ先のアヴァロン】大崎甜花\ワタシ・タチハ・ドコマデモ.csv,28,3015009030270,千雪,"是啊，天气这么好
不散步就可惜了",大崎甜花,【見果てぬ先のアヴァロン】大崎甜花,ワタシ・タチハ・ドコマデモ
大崎甜花\【見果てぬ先のアヴァロン】大崎甜花\ワタシ・タチハ・ドコマデモ.csv,32,3015009030310,千雪,"呵呵
没法决定目的地，才是散步的精髓呢",大崎甜花,【見果てぬ先のアヴァロン】大崎甜花,ワタシ・タチハ・ドコマデモ
大崎甜花\【見果てぬ先のアヴァロン】大崎甜花\ワタシ・タチハ・ドコマデモ.csv,33,3015009030320,千雪,我要去一个“好地方”——,大崎甜花,【見果てぬ先のアヴァロン】大崎甜花,ワタシ・タチハ・ドコマデモ
大崎甜花\【見果てぬ先のアヴァロン】大崎甜花\ワタシ・タチハ・ドコマデモ.csv,36,3015009030350,千雪,呵呵,大崎甜花,【見果てぬ先のアヴァロン】大崎甜花,ワタシ・タチハ・ドコマデモ
大崎甜花\【見果てぬ先のアヴァロン】大崎甜花\ワタシ・タチハ・ドコマデモ.csv,37,3015009030360,千雪,"要一起去吗？
有伞的话，就能让风带你们飞了——",大崎甜花,【見果てぬ先のアヴァロン】大崎甜花,ワタシ・タチハ・ドコマデモ
大崎甜花\【見果てぬ先のアヴァロン】大崎甜花\ワタシ・タチハ・ドコマデモ.csv,40,3015009030390,千雪,呵呵……,大崎甜花,【見果てぬ先のアヴァロン】大崎甜花,ワタシ・タチハ・ドコマデモ
大崎甜花\【見果てぬ先のアヴァロン】大崎甜花\ワタシ・タチハ・ドコマデモ.csv,47,3015009030460,千雪,"不愧是甜花……！
那你们要去吗？",大崎甜花,【見果てぬ先のアヴァロン】大崎甜花,ワタシ・タチハ・ドコマデモ
大崎甜花\【見果てぬ先のアヴァロン】大崎甜花\ワタシ・タチハ・ドコマデモ.csv,49,3015009030470,千雪,"……哇
看得到了……——",大崎甜花,【見果てぬ先のアヴァロン】大崎甜花,ワタシ・タチハ・ドコマデモ
大崎甜花\【見果てぬ先のアヴァロン】大崎甜花\ワタシ・タチハ・ドコマデモ.csv,54,3015009030520,千雪,"呵呵……
多亏了伞呢……♪",大崎甜花,【見果てぬ先のアヴァロン】大崎甜花,ワタシ・タチハ・ドコマデモ
大崎甜花\【見果てぬ先のアヴァロン】大崎甜花\ワタシ・タチハ・ドコマデモ.csv,56,3015009030540,千雪,"甜花……？
难道不喜欢这个景色吗……",大崎甜花,【見果てぬ先のアヴァロン】大崎甜花,ワタシ・タチハ・ドコマデモ
大崎甜花\【見果てぬ先のアヴァロン】大崎甜花\ワタシ・タチハ・ドコマデモ.csv,61,3015009030581,甘奈＆千雪,,大崎甜花,【見果てぬ先のアヴァロン】大崎甜花,ワタシ・タチハ・ドコマデモ
大崎甜花\【見果てぬ先のアヴァロン】大崎甜花\ワタシ・タチハ・ドコマデモ.csv,63,3015009030600,千雪,"嗯，赞成……！
好地方一定，想多少有多少呢……！",大崎甜花,【見果てぬ先のアヴァロン】大崎甜花,ワタシ・タチハ・ドコマデモ
大崎甜花\【見果てぬ先のアヴァロン】大崎甜花\ワタシ・タチハ・ドコマデモ.csv,64,3015009030610,千雪,"走吧
更加更加地……自由，随心所欲——",大崎甜花,【見果てぬ先のアヴァロン】大崎甜花,ワタシ・タチハ・ドコマデモ
大崎甜花\【身支度はお任せ☆】大崎甜花\『お疲れ様』.csv,5,3015005040040,千雪,呵呵，训练的时候也很努力呢,大崎甜花,【身支度はお任せ☆】大崎甜花,『お疲れ様』
大崎甜花\【身支度はお任せ☆】大崎甜花\『お疲れ様』.csv,8,3015005040070,千雪,"现在的甜花
肯定能展现比以往都更加完美的表演的",大崎甜花,【身支度はお任せ☆】大崎甜花,『お疲れ様』
大崎甜花\【身支度はお任せ☆】大崎甜花\『お疲れ様』.csv,15,3015005040140,千雪,甜花，辛苦啦,大崎甜花,【身支度はお任せ☆】大崎甜花,『お疲れ様』
大崎甜花\【身支度はお任せ☆】大崎甜花\『お疲れ様』.csv,18,3015005040170,千雪,"歌和舞蹈都无比动人……
主持的部分也十分可爱",大崎甜花,【身支度はお任せ☆】大崎甜花,『お疲れ様』
大崎甜花\【身支度はお任せ☆】大崎甜花\『お疲れ様』.csv,26,3015005040250,千雪,"是啊。
不过……能为甜花出一份力，我们也很开心呢♪",大崎甜花,【身支度はお任せ☆】大崎甜花,『お疲れ様』
大崎甜花\【身支度はお任せ☆】大崎甜花\『お疲れ様』.csv,35,3015005040340,千雪,"制作人那边好像也还要点时间
离回去没这么快……稍微睡一会没事的♪",大崎甜花,【身支度はお任せ☆】大崎甜花,『お疲れ様』
大崎甜花\【身支度はお任せ☆】大崎甜花\『お疲れ様』.csv,36,3015005040350,千雪,"而且……甜花
这段时间都这么努力了",大崎甜花,【身支度はお任せ☆】大崎甜花,『お疲れ様』
大崎甜花\【身支度はお任せ☆】大崎甜花\『お疲れ様』.csv,41,3015005040400,千雪,嗯，好好休息吧,大崎甜花,【身支度はお任せ☆】大崎甜花,『お疲れ様』
大崎甜花\【身支度はお任せ☆】大崎甜花\『お疲れ様』.csv,43,3015005040420,千雪,"呵呵……看她一直都绷紧着神经……
想必在不知不觉间积攒了不少的疲劳吧",大崎甜花,【身支度はお任せ☆】大崎甜花,『お疲れ様』
大崎甜花\【身支度はお任せ☆】大崎甜花\まどろみの昼下がり.csv,5,3015005010040,千雪,"是呢
看她睡的可真香啊……",大崎甜花,【身支度はお任せ☆】大崎甜花,まどろみの昼下がり
大崎甜花\【身支度はお任せ☆】大崎甜花\まどろみの昼下がり.csv,8,3015005010070,千雪,呵呵，早安,大崎甜花,【身支度はお任せ☆】大崎甜花,まどろみの昼下がり
大崎甜花\【身支度はお任せ☆】大崎甜花\まどろみの昼下がり.csv,13,3015005010120,千雪,"看着甜花的睡脸
连我心中都油然而生一阵幸福感♪",大崎甜花,【身支度はお任せ☆】大崎甜花,まどろみの昼下がり
大崎甜花\【身支度はお任せ☆】大崎甜花\まどろみの昼下がり.csv,20,3015005010190,千雪,"这样啊～……啊！ 这么说来……
甜花最推荐的睡觉地点是哪里？",大崎甜花,【身支度はお任せ☆】大崎甜花,まどろみの昼下がり
大崎甜花\【身支度はお任せ☆】大崎甜花\まどろみの昼下がり.csv,25,3015005010240,千雪,"这样啊……呵呵
甜花真是对各种享受午睡的方式了如指掌啊",大崎甜花,【身支度はお任せ☆】大崎甜花,まどろみの昼下がり
大崎甜花\【身支度はお任せ☆】大崎甜花\まどろみの昼下がり.csv,29,3015005010280,千雪,哇，那也太棒了吧～……！,大崎甜花,【身支度はお任せ☆】大崎甜花,まどろみの昼下がり
大崎甜花\【身支度はお任せ☆】大崎甜花\まどろみの昼下がり.csv,37,3015005010360,千雪,"也是呢～……
确实平常基本不怎么会见到吊床",大崎甜花,【身支度はお任せ☆】大崎甜花,まどろみの昼下がり
大崎甜花\【身支度はお任せ☆】大崎甜花\まどろみの昼下がり.csv,42,3015005010410,千雪,"三个人躺着体验吊床的晃动……
好有趣啊……！",大崎甜花,【身支度はお任せ☆】大崎甜花,まどろみの昼下がり
大崎甜花\【身支度はお任せ☆】大崎甜花\まどろみの昼下がり.csv,45,3015005010440,千雪,"这么说来……！
我好像听过可以在吊床上睡觉的咖啡店……",大崎甜花,【身支度はお任せ☆】大崎甜花,まどろみの昼下がり
大崎甜花\【身支度はお任せ☆】大崎甜花\まどろみの昼下がり.csv,49,3015005010480,千雪,哇，太有意思了吧♪,大崎甜花,【身支度はお任せ☆】大崎甜花,まどろみの昼下がり
大崎甜花\【身支度はお任せ☆】大崎甜花\メイクアップはお任せで.csv,3,3015005020020,千雪,"就是啊……
有点令人担心呢",大崎甜花,【身支度はお任せ☆】大崎甜花,メイクアップはお任せで
大崎甜花\【身支度はお任せ☆】大崎甜花\メイクアップはお任せで.csv,4,3015005020030,千雪,"虽然制作人是说了，
会把她带过来，叫我们不要操心的……",大崎甜花,【身支度はお任せ☆】大崎甜花,メイクアップはお任せで
大崎甜花\【身支度はお任せ☆】大崎甜花\メイクアップはお任せで.csv,7,3015005020060,千雪,"哎呀……
是制作人的电话",大崎甜花,【身支度はお任せ☆】大崎甜花,メイクアップはお任せで
大崎甜花\【身支度はお任せ☆】大崎甜花\メイクアップはお任せで.csv,8,3015005020070,千雪,"嗯，是我桑山
好的……嗯，是这样啊……！",大崎甜花,【身支度はお任せ☆】大崎甜花,メイクアップはお任せで
大崎甜花\【身支度はお任せ☆】大崎甜花\メイクアップはお任せで.csv,9,3015005020080,千雪,"——知道了
那我们等你们过来",大崎甜花,【身支度はお任せ☆】大崎甜花,メイクアップはお任せで
大崎甜花\【身支度はお任せ☆】大崎甜花\メイクアップはお任せで.csv,11,3015005020100,千雪,"他说他们已经在过来了……！
应该就快到了♪",大崎甜花,【身支度はお任せ☆】大崎甜花,メイクアップはお任せで
大崎甜花\【身支度はお任せ☆】大崎甜花\メイクアップはお任せで.csv,13,3015005020120,千雪,"不过好像甜花她，
睡过头了所以什么准备都没做……",大崎甜花,【身支度はお任せ☆】大崎甜花,メイクアップはお任せで
大崎甜花\【身支度はお任せ☆】大崎甜花\メイクアップはお任せで.csv,14,3015005020130,千雪,"这样的话……在甜花到之前
我们做点准备等她过来吧",大崎甜花,【身支度はお任せ☆】大崎甜花,メイクアップはお任せで
大崎甜花\【身支度はお任せ☆】大崎甜花\メイクアップはお任せで.csv,17,3015005020160,千雪,"早上好，甜花
没关系的，甘奈跟我会帮你做好准备的",大崎甜花,【身支度はお任せ☆】大崎甜花,メイクアップはお任せで
大崎甜花\【身支度はお任せ☆】大崎甜花\メイクアップはお任せで.csv,21,3015005020200,千雪,"你坐着就好了哦
我来帮你弄下发型",大崎甜花,【身支度はお任せ☆】大崎甜花,メイクアップはお任せで
大崎甜花\【身支度はお任せ☆】大崎甜花\メイクアップはお任せで.csv,22,3015005020210,千雪,"……哇
甜花的头发好漂亮啊～",大崎甜花,【身支度はお任せ☆】大崎甜花,メイクアップはお任せで
大崎甜花\【身支度はお任せ☆】大崎甜花\メイクアップはお任せで.csv,27,3015005020260,千雪,"好啦
头发这样就好吧",大崎甜花,【身支度はお任せ☆】大崎甜花,メイクアップはお任せで
大崎甜花\【身支度はお任せ☆】大崎甜花\メイクアップはお任せで.csv,29,3015005020280,千雪,"好了，这下万事俱备！
那我们快点去工作现场吧",大崎甜花,【身支度はお任せ☆】大崎甜花,メイクアップはお任せで
大崎甜花\【身支度はお任せ☆】大崎甜花\メイクアップはお任せで.csv,35,3015005020340,千雪,"是啊
甘奈跟甜花都辛苦了",大崎甜花,【身支度はお任せ☆】大崎甜花,メイクアップはお任せで
大崎甜花\【身支度はお任せ☆】大崎甜花\メイクアップはお任せで.csv,42,3015005020410,千雪,"呵呵
我给甜花做头发也很开心哦？",大崎甜花,【身支度はお任せ☆】大崎甜花,メイクアップはお任せで
大崎甜花\【身支度はお任せ☆】大崎甜花\メイクアップはお任せで.csv,45,3015005020440,千雪,"你别想太多啦
有困难的时候就要互相帮助嘛♪",大崎甜花,【身支度はお任せ☆】大崎甜花,メイクアップはお任せで
大崎甜花\【身支度はお任せ☆】大崎甜花\メイクアップはお任せで.csv,49,3015005020480,千雪,"是呢
啊，回去的时候要不要吃点甜品？",大崎甜花,【身支度はお任せ☆】大崎甜花,メイクアップはお任せで
大崎甜花\【身支度はお任せ☆】大崎甜花\不器用な努力.csv,20,3015005030190,千雪,……啊，你们两个都来了啊,大崎甜花,【身支度はお任せ☆】大崎甜花,不器用な努力
大崎甜花\【身支度はお任せ☆】大崎甜花\不器用な努力.csv,24,3015005030230,千雪,呵呵，慢走～,大崎甜花,【身支度はお任せ☆】大崎甜花,不器用な努力
大崎甜花\【身支度はお任せ☆】大崎甜花\不器用な努力.csv,25,3015005030240,千雪,……甜花，你今天好早啊,大崎甜花,【身支度はお任せ☆】大崎甜花,不器用な努力
大崎甜花\【身支度はお任せ☆】大崎甜花\不器用な努力.csv,26,3015005030250,千雪,"而且最近不管是训练还是工作都来的很早……
很努力啊",大崎甜花,【身支度はお任せ☆】大崎甜花,不器用な努力
大崎甜花\【身支度はお任せ☆】大崎甜花\不器用な努力.csv,28,3015005030270,千雪,"……我倒是觉得有很多，
只有甜花才能做到的事情呢",大崎甜花,【身支度はお任せ☆】大崎甜花,不器用な努力
大崎甜花\【身支度はお任せ☆】大崎甜花\不器用な努力.csv,30,3015005030290,千雪,"呵呵，我啊……
可喜欢在事务所看睡觉的甜花了哦",大崎甜花,【身支度はお任せ☆】大崎甜花,不器用な努力
大崎甜花\【身支度はお任せ☆】大崎甜花\不器用な努力.csv,31,3015005030300,千雪,"之前我不也说过嘛……
看着甜花的睡颜，连我都会产生幸福的感觉",大崎甜花,【身支度はお任せ☆】大崎甜花,不器用な努力
大崎甜花\【身支度はお任せ☆】大崎甜花\不器用な努力.csv,33,3015005030320,千雪,嗯……甜花牺牲了这么多自己的时间，真努力啊,大崎甜花,【身支度はお任せ☆】大崎甜花,不器用な努力
大崎甜花\【身支度はお任せ☆】大崎甜花\不器用な努力.csv,34,3015005030330,千雪,"……之前甘奈说最近都看不到甜花可爱的睡脸，
非常地消沉呢",大崎甜花,【身支度はお任せ☆】大崎甜花,不器用な努力
大崎甜花\【身支度はお任せ☆】大崎甜花\不器用な努力.csv,35,3015005030340,千雪,她也很担心你是不是在勉强自己……,大崎甜花,【身支度はお任せ☆】大崎甜花,不器用な努力
大崎甜花\【身支度はお任せ☆】大崎甜花\不器用な努力.csv,39,3015005030380,千雪,……你是很在意之前的事吗？,大崎甜花,【身支度はお任せ☆】大崎甜花,不器用な努力
大崎甜花\【身支度はお任せ☆】大崎甜花\不器用な努力.csv,42,3015005030410,千雪,"这样啊……
原来甜花是这样想的啊",大崎甜花,【身支度はお任せ☆】大崎甜花,不器用な努力
大崎甜花\【身支度はお任せ☆】大崎甜花\不器用な努力.csv,44,3015005030430,千雪,"这样啊……我明白了
那我会默默支持甜花的努力的",大崎甜花,【身支度はお任せ☆】大崎甜花,不器用な努力
大崎甜花\【身支度はお任せ☆】大崎甜花\不器用な努力.csv,45,3015005030440,千雪,"不过哦……
要是有我能帮忙的事情，一定要跟我讲哦？",大崎甜花,【身支度はお任せ☆】大崎甜花,不器用な努力
大崎甜花\【身支度はお任せ☆】大崎甜花\不器用な努力.csv,48,3015005030470,千雪,"嗯
加油啊，甜花",大崎甜花,【身支度はお任せ☆】大崎甜花,不器用な努力
大崎甜花\【２８３プロのヒナ】大崎甜花\広がる世界.csv,2,3015002010010,千雪,,大崎甜花,【２８３プロのヒナ】大崎甜花,広がる世界
大崎甜花\【２８３プロのヒナ】大崎甜花\広がる世界.csv,3,3015002010020,千雪,"……哎呀？
在那边的难道是……",大崎甜花,【２８３プロのヒナ】大崎甜花,広がる世界
大崎甜花\【２８３プロのヒナ】大崎甜花\広がる世界.csv,5,3015002010040,千雪,甜花,大崎甜花,【２８３プロのヒナ】大崎甜花,広がる世界
大崎甜花\【２８３プロのヒナ】大崎甜花\広がる世界.csv,7,3015002010060,千雪,"啊，抱歉
吓到你了吗",大崎甜花,【２８３プロのヒナ】大崎甜花,広がる世界
大崎甜花\【２８３プロのヒナ】大崎甜花\広がる世界.csv,9,3015002010080,千雪,"呵呵，很高兴能在休息日见到你♪
甜花也出门吗？",大崎甜花,【２８３プロのヒナ】大崎甜花,広がる世界
大崎甜花\【２８３プロのヒナ】大崎甜花\広がる世界.csv,13,3015002010120,千雪,"呵呵，甜花真了不起♪
那现在，就是买完东西要回去了吗？",大崎甜花,【２８３プロのヒナ】大崎甜花,広がる世界
大崎甜花\【２８３プロのヒナ】大崎甜花\広がる世界.csv,17,3015002010160,千雪,……可以的话，我可以陪你去吗？,大崎甜花,【２８３プロのヒナ】大崎甜花,広がる世界
大崎甜花\【２８３プロのヒナ】大崎甜花\広がる世界.csv,19,3015002010180,千雪,"当然如果甜花不嫌弃的话……
我也想看看甜花喜欢的游戏呢",大崎甜花,【２８３プロのヒナ】大崎甜花,広がる世界
大崎甜花\【２８３プロのヒナ】大崎甜花\広がる世界.csv,21,3015002010200,千雪,"哇，太好了
那我们走吧♪",大崎甜花,【２８３プロのヒナ】大崎甜花,広がる世界
大崎甜花\【２８３プロのヒナ】大崎甜花\広がる世界.csv,24,3015002010230,千雪,"呵呵……真不错的笑容
你很喜欢那个游戏吗？",大崎甜花,【２８３プロのヒナ】大崎甜花,広がる世界
大崎甜花\【２８３プロのヒナ】大崎甜花\広がる世界.csv,27,3015002010260,千雪,"好像很有趣～
我也想玩呢",大崎甜花,【２８３プロのヒナ】大崎甜花,広がる世界
大崎甜花\【２８３プロのヒナ】大崎甜花\広がる世界.csv,30,3015002010290,千雪,"哇，谢谢你♪
啊，这个游戏，能不能3个人一起玩？",大崎甜花,【２８３プロのヒナ】大崎甜花,広がる世界
大崎甜花\【２８３プロのヒナ】大崎甜花\広がる世界.csv,32,3015002010310,千雪,那这样就能和甘奈一起玩了呢,大崎甜花,【２８３プロのヒナ】大崎甜花,広がる世界
大崎甜花\【２８３プロのヒナ】大崎甜花\広がる世界.csv,33,3015002010320,千雪,"呵呵，等下次工作结束我们3个人一起玩吧？
……真期待啊",大崎甜花,【２８３プロのヒナ】大崎甜花,広がる世界
市川雛菜\【♡like】市川雛菜\PICTURE.csv,8,3023006010070,千雪,"是啊……
大家这么踊跃地留言",市川雛菜,【♡like】市川雛菜,PICTURE
市川雛菜\【♡like】市川雛菜\PICTURE.csv,9,3023006010080,千雪,"我原想着连着ALSTROEMERIA的份，也不要错过
要努力回复……",市川雛菜,【♡like】市川雛菜,PICTURE
市川雛菜\【♡like】市川雛菜\PICTURE.csv,23,3023006010220,千雪,"呵呵
我想，她们也会乐在其中吧……？",市川雛菜,【♡like】市川雛菜,PICTURE
市川雛菜\【♡like】市川雛菜\PICTURE.csv,24,3023006010230,千雪,ALSTROEMERIA也认为，这样不错……,市川雛菜,【♡like】市川雛菜,PICTURE
市川雛菜\【♡like】市川雛菜\PICTURE.csv,32,3023006010310,千雪,"好……！
那么，请大家过来集合……！",市川雛菜,【♡like】市川雛菜,PICTURE
市川雛菜\【♡like】市川雛菜\PICTURE.csv,37,3023006010360,千雪,"哇……不过，嗯
大家现在的位置应该没问题……",市川雛菜,【♡like】市川雛菜,PICTURE
市川雛菜\【♡like】市川雛菜\PICTURE.csv,44,3023006010430,千雪,"嗯
谢谢你，雏菜",市川雛菜,【♡like】市川雛菜,PICTURE
有栖川夏葉\【THE IDOL】有栖川夏葉\【THE IDOL】有栖川夏葉.csv,5,3013023010020,千雪,"没想到工作时也能喝酒
感觉好不可思议呀",有栖川夏葉,【THE IDOL】有栖川夏葉,【THE IDOL】有栖川夏葉
有栖川夏葉\【THE IDOL】有栖川夏葉\【THE IDOL】有栖川夏葉.csv,7,3013023010040,千雪,"嗯
呵呵，但可不能太过头呀♪",有栖川夏葉,【THE IDOL】有栖川夏葉,【THE IDOL】有栖川夏葉
有栖川夏葉\【THE IDOL】有栖川夏葉\【THE IDOL】有栖川夏葉.csv,11,3013023010071,千雪＆ルカ,嗯,有栖川夏葉,【THE IDOL】有栖川夏葉,【THE IDOL】有栖川夏葉
有栖川夏葉\【THE IDOL】有栖川夏葉\【THE IDOL】有栖川夏葉.csv,12,3013023010080,千雪,路加能喝酒吧？,有栖川夏葉,【THE IDOL】有栖川夏葉,【THE IDOL】有栖川夏葉
有栖川夏葉\【THE IDOL】有栖川夏葉\【THE IDOL】有栖川夏葉.csv,26,3013023010180,千雪,"初次见面
我是来自组合「ALSTROENERIA」的桑山千雪",有栖川夏葉,【THE IDOL】有栖川夏葉,【THE IDOL】有栖川夏葉
有栖川夏葉\【THE IDOL】有栖川夏葉\【THE IDOL】有栖川夏葉.csv,31,3013023010191,千雪＆ルカ,,有栖川夏葉,【THE IDOL】有栖川夏葉,【THE IDOL】有栖川夏葉
有栖川夏葉\【THE IDOL】有栖川夏葉\【THE IDOL】有栖川夏葉.csv,42,3013023010270,千雪,"不会啦，敢于直言反驳
真的很帅气哦",有栖川夏葉,【THE IDOL】有栖川夏葉,【THE IDOL】有栖川夏葉
有栖川夏葉\【THE IDOL】有栖川夏葉\【THE IDOL】有栖川夏葉.csv,44,3013023010290,千雪,"嗯
我都觉得心里顺畅了很多呢",有栖川夏葉,【THE IDOL】有栖川夏葉,【THE IDOL】有栖川夏葉
有栖川夏葉\【THE IDOL】有栖川夏葉\【THE IDOL】有栖川夏葉.csv,45,3013023010300,千雪,所以说——为了夏叶,有栖川夏葉,【THE IDOL】有栖川夏葉,【THE IDOL】有栖川夏葉
有栖川夏葉\【THE IDOL】有栖川夏葉\【THE IDOL】有栖川夏葉.csv,50,3013023010341,夏葉＆千雪＆ルカ,干杯！,有栖川夏葉,【THE IDOL】有栖川夏葉,【THE IDOL】有栖川夏葉
桑山千雪\G.R.A.D.編\C.Ｋ.csv,3,1016003090010,千雪,"来了来了……啊
快、快停下它！按开关，停止开关……！",桑山千雪,G.R.A.D.編,C.Ｋ
桑山千雪\G.R.A.D.編\C.Ｋ.csv,5,1016003090011,千雪＆プロデューサー,————呼…………,桑山千雪,G.R.A.D.編,C.Ｋ
桑山千雪\G.R.A.D.編\C.Ｋ.csv,6,1016003090020,千雪,"……呵呵
哈哈哈…………",桑山千雪,G.R.A.D.編,C.Ｋ
桑山千雪\G.R.A.D.編\C.Ｋ.csv,9,1016003090030,千雪,"没关系的————
呵呵，就这么缝吧？",桑山千雪,G.R.A.D.編,C.Ｋ
桑山千雪\G.R.A.D.編\C.Ｋ.csv,11,1016003090040,千雪,"真是的，要干脆一些
给我一下————！",桑山千雪,G.R.A.D.編,C.Ｋ
桑山千雪\G.R.A.D.編\C.Ｋ.csv,12,1016003090050,千雪,"你来吧……！
制作人……！",桑山千雪,G.R.A.D.編,C.Ｋ
桑山千雪\G.R.A.D.編\C.Ｋ.csv,14,1016003090051,千雪＆プロデューサー,啊哈哈哈哈————！,桑山千雪,G.R.A.D.編,C.Ｋ
桑山千雪\G.R.A.D.編\C.Ｋ.csv,15,1016003090060,千雪,——看，样子变得挺不错的了……！,桑山千雪,G.R.A.D.編,C.Ｋ
桑山千雪\G.R.A.D.編\C.Ｋ.csv,17,1016003090070,千雪,嗯,桑山千雪,G.R.A.D.編,C.Ｋ
桑山千雪\G.R.A.D.編\C.Ｋ.csv,19,1016003090080,千雪,…………诶？,桑山千雪,G.R.A.D.編,C.Ｋ
桑山千雪\G.R.A.D.編\C.Ｋ.csv,23,1016003090090,千雪,——————,桑山千雪,G.R.A.D.編,C.Ｋ
桑山千雪\G.R.A.D.編\C.Ｋ.csv,25,1016003090100,千雪,……制作人,桑山千雪,G.R.A.D.編,C.Ｋ
桑山千雪\G.R.A.D.編\C.Ｋ.csv,30,1016003090110,千雪,"————呵呵
如果一开始就让给制作人就好了",桑山千雪,G.R.A.D.編,C.Ｋ
桑山千雪\G.R.A.D.編\C.Ｋ.csv,31,1016003090120,千雪,"……不值钱是理所当然的呢
因为本应成为路标的铃铛都迷路了……",桑山千雪,G.R.A.D.編,C.Ｋ
桑山千雪\G.R.A.D.編\C.Ｋ.csv,35,1016003090130,千雪,……制作人,桑山千雪,G.R.A.D.編,C.Ｋ
桑山千雪\G.R.A.D.編\C.Ｋ.csv,39,1016003090140,千雪,…………,桑山千雪,G.R.A.D.編,C.Ｋ
桑山千雪\G.R.A.D.編\C.Ｋ.csv,40,1016003090150,千雪,"————这样的话
我也缝上首字母可以吗",桑山千雪,G.R.A.D.編,C.Ｋ
桑山千雪\G.R.A.D.編\C.Ｋ.csv,41,1016003090160,千雪,"一起缝制了这块漂亮的商队抹布的
……我的名字",桑山千雪,G.R.A.D.編,C.Ｋ
桑山千雪\G.R.A.D.編\C.Ｋ.csv,43,1016003090170,千雪,"Ｃ．Ｋ————
一个不会放弃任何道路的名字",桑山千雪,G.R.A.D.編,C.Ｋ
桑山千雪\G.R.A.D.編\C.Ｋ.csv,44,1016003090180,千雪,一个会以这样的信念活下去的名字————,桑山千雪,G.R.A.D.編,C.Ｋ
桑山千雪\G.R.A.D.編\ハンマープライス！.csv,2,1016003010010,千雪,"“喜欢的植物花纹布料
112×100厘米，1230日元”",桑山千雪,G.R.A.D.編,ハンマープライス！
桑山千雪\G.R.A.D.編\ハンマープライス！.csv,3,1016003010020,千雪,"在遥远国度的阁楼里
沉睡着的蒂罗尔绣带，5×50厘米，528日元",桑山千雪,G.R.A.D.編,ハンマープライス！
桑山千雪\G.R.A.D.編\ハンマープライス！.csv,4,1016003010030,千雪,"友好三色所捻成的麻绳，
各色20米，330日元",桑山千雪,G.R.A.D.編,ハンマープライス！
桑山千雪\G.R.A.D.編\ハンマープライス！.csv,5,1016003010040,千雪,"完成的my・sweet・荷包，
————",桑山千雪,G.R.A.D.編,ハンマープライス！
桑山千雪\G.R.A.D.編\ハンマープライス！.csv,8,1016003010050,千雪,"……呃，那个
还有三天……",桑山千雪,G.R.A.D.編,ハンマープライス！
桑山千雪\G.R.A.D.編\ハンマープライス！.csv,10,1016003010060,千雪,"……
不好说呢",桑山千雪,G.R.A.D.編,ハンマープライス！
桑山千雪\G.R.A.D.編\ハンマープライス！.csv,13,1016003010070,千雪,"没、没错呢……！
我……————",桑山千雪,G.R.A.D.編,ハンマープライス！
桑山千雪\G.R.A.D.編\ハンマープライス！.csv,15,1016003010080,千雪,"嗯、嗯……确实很开心
…………但是，像这样手工制作的荷包————",桑山千雪,G.R.A.D.編,ハンマープライス！
桑山千雪\G.R.A.D.編\ハンマープライス！.csv,17,1016003010081,千雪,,桑山千雪,G.R.A.D.編,ハンマープライス！
桑山千雪\G.R.A.D.編\ハンマープライス！.csv,19,1016003010090,千雪,"──总觉得，感激的同时又有种抱歉的心情……
当然，这个荷包是我努力做出来的",桑山千雪,G.R.A.D.編,ハンマープライス！
桑山千雪\G.R.A.D.編\ハンマープライス！.csv,20,1016003010100,千雪,"不过，就算如此……
该说是有些不相称吗",桑山千雪,G.R.A.D.編,ハンマープライス！
桑山千雪\G.R.A.D.編\ハンマープライス！.csv,23,1016003010110,千雪,,桑山千雪,G.R.A.D.編,ハンマープライス！
桑山千雪\G.R.A.D.編\ハンマープライス！.csv,25,1016003010120,千雪,好的……,桑山千雪,G.R.A.D.編,ハンマープライス！
桑山千雪\G.R.A.D.編\ハンマープライス！.csv,26,1016003010130,千雪,"……嗯，必须要尊重
参与竞拍的各位的心情————",桑山千雪,G.R.A.D.編,ハンマープライス！
桑山千雪\G.R.A.D.編\ハンマープライス！.csv,27,1016003010140,千雪,"明明只是在广播里稍微提了一下
就为此举办了这种活动的相关工作人员，也要珍惜他们的心意才行",桑山千雪,G.R.A.D.編,ハンマープライス！
桑山千雪\G.R.A.D.編\ハンマープライス！.csv,30,1016003010150,千雪,啊……,桑山千雪,G.R.A.D.編,ハンマープライス！
桑山千雪\G.R.A.D.編\ハンマープライス！.csv,32,1016003010160,千雪,"——呵呵，制作人
关于“G.R.A.D.”这件事，我已经决定了",桑山千雪,G.R.A.D.編,ハンマープライス！
桑山千雪\G.R.A.D.編\ハンマープライス！.csv,33,1016003010170,千雪,请让我参加,桑山千雪,G.R.A.D.編,ハンマープライス！
桑山千雪\G.R.A.D.編\ハンマープライス！.csv,35,1016003010180,千雪,"不管是被选上还是落选，
“千雪就是千雪”对吧",桑山千雪,G.R.A.D.編,ハンマープライス！
桑山千雪\G.R.A.D.編\ハンマープライス！.csv,37,1016003010190,千雪,我要去拿下冠军,桑山千雪,G.R.A.D.編,ハンマープライス！
桑山千雪\G.R.A.D.編\ハンマープライス！.csv,40,1016003010200,千雪,"好……！
请多指教哦，制作人……！",桑山千雪,G.R.A.D.編,ハンマープライス！
桑山千雪\G.R.A.D.編\ハンマープライス！.csv,42,1016003010190,千雪,我要去拿下冠军,桑山千雪,G.R.A.D.編,ハンマープライス！
桑山千雪\G.R.A.D.編\千雪って人が.csv,3,1016003020010,千雪,——“各位听众晚上好”,桑山千雪,G.R.A.D.編,千雪って人が
桑山千雪\G.R.A.D.編\千雪って人が.csv,4,1016003020020,千雪,"“让人呆在卧室闭门不出的魔法电波
Pajama・Jam・Jamming！”",桑山千雪,G.R.A.D.編,千雪って人が
桑山千雪\G.R.A.D.編\千雪って人が.csv,5,1016003020030,千雪,"睡前30分钟，
今晚也请收听哦",桑山千雪,G.R.A.D.編,千雪って人が
桑山千雪\G.R.A.D.編\千雪って人が.csv,6,1016003020040,千雪,"——广播名“饭团恐龙”（20岁）的来信
“我一直有在听哦，千雪”————",桑山千雪,G.R.A.D.編,千雪って人が
桑山千雪\G.R.A.D.編\千雪って人が.csv,7,1016003020050,千雪,"——哇，被叫“千雪”了……！
我弟弟也直接叫我“千雪”呢～",桑山千雪,G.R.A.D.編,千雪って人が
桑山千雪\G.R.A.D.編\千雪って人が.csv,8,1016003020060,千雪,"那么，我也这么做可以吗
——谢谢你一直以来的收听，饭团恐龙",桑山千雪,G.R.A.D.編,千雪って人が
桑山千雪\G.R.A.D.編\千雪って人が.csv,10,1016003020070,千雪,"——要好好向妈妈道歉哦
那么下一封，听众“小物件将军”的来信————",桑山千雪,G.R.A.D.編,千雪って人が
桑山千雪\G.R.A.D.編\千雪って人が.csv,11,1016003020080,千雪,"“怀着激动的心情参加了节目举办的竞拍活动
能入手手工制作荷包的机会，绝对不能放过！”",桑山千雪,G.R.A.D.編,千雪って人が
桑山千雪\G.R.A.D.編\千雪って人が.csv,12,1016003020090,千雪,"啊，竞拍……！
真的非常感谢参加的各位……！",桑山千雪,G.R.A.D.編,千雪って人が
桑山千雪\G.R.A.D.編\千雪って人が.csv,13,1016003020100,千雪,"那个……契机是上个月的广播，
节目正在举办我做的手工品的竞拍活动",桑山千雪,G.R.A.D.編,千雪って人が
桑山千雪\G.R.A.D.編\千雪って人が.csv,14,1016003020110,千雪,"因为一封内容是“收纳包真令人怀念”的来信
聊到了我喜欢的手工艺的话题——",桑山千雪,G.R.A.D.編,千雪って人が
桑山千雪\G.R.A.D.編\千雪って人が.csv,15,1016003020120,千雪,真是过分呢————！,桑山千雪,G.R.A.D.編,千雪って人が
桑山千雪\G.R.A.D.編\千雪って人が.csv,16,1016003020130,千雪,"对我做的荷包，构成作家说“卖10日元都贵了”
节目导演坏心眼的说“最多1日元”呢！",桑山千雪,G.R.A.D.編,千雪って人が
桑山千雪\G.R.A.D.編\千雪って人が.csv,17,1016003020140,千雪,"我倒不是在意钱什么的……
但是，既然拿我做的手工物开玩笑的话————",桑山千雪,G.R.A.D.編,千雪って人が
桑山千雪\G.R.A.D.編\千雪って人が.csv,18,1016003020150,千雪,"“就让想要这个荷包的听众来给它标价吧……！”
我就这么说了",桑山千雪,G.R.A.D.編,千雪って人が
桑山千雪\G.R.A.D.編\千雪って人が.csv,19,1016003020160,千雪,"然后节目组的人就说“好，那就来竞拍吧！”
正因如此现在才办了这个活动————！",桑山千雪,G.R.A.D.編,千雪って人が
桑山千雪\G.R.A.D.編\千雪って人が.csv,20,1016003020170,千雪,"所以啊，大家表示一下心意就足够了……
请千万别勉强哦……！",桑山千雪,G.R.A.D.編,千雪って人が
桑山千雪\G.R.A.D.編\千雪って人が.csv,21,1016003020180,千雪,"“那么，下周同一时间。
再从卧室向世界发送电波吧！我是桑山千雪，再见”",桑山千雪,G.R.A.D.編,千雪って人が
桑山千雪\G.R.A.D.編\千雪って人が.csv,23,1016003020190,千雪,"谢谢你来接我，制作人
——啊，竞拍……在看这个呢",桑山千雪,G.R.A.D.編,千雪って人が
桑山千雪\G.R.A.D.編\千雪って人が.csv,26,1016003020200,千雪,"没、没有……！
以这么高的价格拍下，真是感激不尽……",桑山千雪,G.R.A.D.編,千雪って人が
桑山千雪\G.R.A.D.編\千雪って人が.csv,27,1016003020210,千雪,,桑山千雪,G.R.A.D.編,千雪って人が
桑山千雪\G.R.A.D.編\千雪って人が.csv,29,1016003020220,千雪,————制作人……,桑山千雪,G.R.A.D.編,千雪って人が
桑山千雪\G.R.A.D.編\千雪って人が.csv,32,1016003020230,千雪,,桑山千雪,G.R.A.D.編,千雪って人が
桑山千雪\G.R.A.D.編\千雪って人が.csv,34,1016003020240,千雪,"……那个
对于这件事……真的是感激不尽",桑山千雪,G.R.A.D.編,千雪って人が
桑山千雪\G.R.A.D.編\千雪って人が.csv,35,1016003020250,千雪,"……不过，如果是这样的话————
…………",桑山千雪,G.R.A.D.編,千雪って人が
桑山千雪\G.R.A.D.編\千雪って人が.csv,37,1016003020260,千雪,"……
嗯",桑山千雪,G.R.A.D.編,千雪って人が
桑山千雪\G.R.A.D.編\千雪って人が.csv,38,1016003020270,千雪,"那个……既不是歌曲也不是舞蹈……
————",桑山千雪,G.R.A.D.編,千雪って人が
桑山千雪\G.R.A.D.編\千雪って人が.csv,41,1016003020280,千雪,…………————,桑山千雪,G.R.A.D.編,千雪って人が
桑山千雪\G.R.A.D.編\千雪って人が.csv,44,1016003020290,千雪,"好、好的……！
没错呢……！",桑山千雪,G.R.A.D.編,千雪って人が
桑山千雪\G.R.A.D.編\千雪って人が.csv,45,1016003020300,千雪,————…………,桑山千雪,G.R.A.D.編,千雪って人が
桑山千雪\G.R.A.D.編\千雪って人が.csv,46,1016003020310,千雪,"……缝头，剪开……
开口部分……向里折————",桑山千雪,G.R.A.D.編,千雪って人が
桑山千雪\G.R.A.D.編\千雪って人が.csv,48,1016003020320,千雪,"………………啊
开口，缝上了…………",桑山千雪,G.R.A.D.編,千雪って人が
桑山千雪\G.R.A.D.編\千雪って人が.csv,49,1016003020330,千雪,…………————,桑山千雪,G.R.A.D.編,千雪って人が
桑山千雪\G.R.A.D.編\千雪って人が.csv,50,1016003020340,千雪,"……
“‘千雪’这个人做出来的东西”……吗…………",桑山千雪,G.R.A.D.編,千雪って人が
桑山千雪\G.R.A.D.編\千雪って人が.csv,51,1016003020350,千雪,"谢谢
喜欢上桑山千雪的人",桑山千雪,G.R.A.D.編,千雪って人が
桑山千雪\G.R.A.D.編\千雪って人が.csv,52,1016003020360,千雪,…………一定要加油才行,桑山千雪,G.R.A.D.編,千雪って人が
桑山千雪\G.R.A.D.編\意地があるの.csv,2,1016003040010,千雪,"我的账号……
……交易导航…………",桑山千雪,G.R.A.D.編,意地があるの
桑山千雪\G.R.A.D.編\意地があるの.csv,3,1016003040020,千雪,————诶,桑山千雪,G.R.A.D.編,意地があるの
桑山千雪\G.R.A.D.編\意地があるの.csv,4,1016003040030,千雪,1日元…………？,桑山千雪,G.R.A.D.編,意地があるの
桑山千雪\G.R.A.D.編\意地があるの.csv,5,1016003040040,千雪,"……
浏览量……28————",桑山千雪,G.R.A.D.編,意地があるの
桑山千雪\G.R.A.D.編\意地があるの.csv,8,1016003040050,千雪,"啊，嗯……！
那个，想倒是在想……",桑山千雪,G.R.A.D.編,意地があるの
桑山千雪\G.R.A.D.編\意地があるの.csv,10,1016003040060,千雪,"没、没有，不会的……！
只是，那个————",桑山千雪,G.R.A.D.編,意地があるの
桑山千雪\G.R.A.D.編\意地があるの.csv,12,1016003040070,千雪,"————是手工艺书籍的展销会对吧
像我这样的人……上去发表想法真的好吗",桑山千雪,G.R.A.D.編,意地があるの
桑山千雪\G.R.A.D.編\意地があるの.csv,14,1016003040080,千雪,"对、对不起……！
把工作接了下来，还说这种话————",桑山千雪,G.R.A.D.編,意地があるの
桑山千雪\G.R.A.D.編\意地があるの.csv,16,1016003040090,千雪,"——没事的……！
总觉得刚才有些恍惚……！",桑山千雪,G.R.A.D.編,意地があるの
桑山千雪\G.R.A.D.編\意地があるの.csv,17,1016003040100,千雪,"那个，请让我今晚回去想想
谈话主题我明天中午前发给你……！",桑山千雪,G.R.A.D.編,意地があるの
桑山千雪\G.R.A.D.編\意地があるの.csv,21,1016003040110,千雪,,桑山千雪,G.R.A.D.編,意地があるの
桑山千雪\G.R.A.D.編\意地があるの.csv,22,1016003040120,千雪,"唱歌……还算可以
跳舞的话……还差得远————",桑山千雪,G.R.A.D.編,意地があるの
桑山千雪\G.R.A.D.編\意地があるの.csv,23,1016003040130,千雪,"不管是哪一样
山外有山……人上有人",桑山千雪,G.R.A.D.編,意地があるの
桑山千雪\G.R.A.D.編\意地があるの.csv,24,1016003040140,千雪,"但是，让他人露出笑容的条件
并不只有技巧",桑山千雪,G.R.A.D.編,意地があるの
桑山千雪\G.R.A.D.編\意地があるの.csv,25,1016003040150,千雪,"所以……
我能够去唱歌，去跳舞————",桑山千雪,G.R.A.D.編,意地があるの
桑山千雪\G.R.A.D.編\意地があるの.csv,26,1016003040160,千雪,可是,桑山千雪,G.R.A.D.編,意地があるの
桑山千雪\G.R.A.D.編\意地があるの.csv,27,1016003040030,千雪,1日元…………？,桑山千雪,G.R.A.D.編,意地があるの
桑山千雪\G.R.A.D.編\意地があるの.csv,28,1016003040180,千雪,"明明做手工……
也是如此————",桑山千雪,G.R.A.D.編,意地があるの
桑山千雪\G.R.A.D.編\意地があるの.csv,30,1016003040190,千雪,,桑山千雪,G.R.A.D.編,意地があるの
桑山千雪\G.R.A.D.編\意地があるの.csv,31,1016003040200,千雪,（价格……并不重要……但是）,桑山千雪,G.R.A.D.編,意地があるの
桑山千雪\G.R.A.D.編\意地があるの.csv,32,1016003040210,千雪,"明明那一个……
也是我亲手制作的荷包————",桑山千雪,G.R.A.D.編,意地があるの
桑山千雪\G.R.A.D.編\意地があるの.csv,34,1016003040220,千雪,"制作人
那个————",桑山千雪,G.R.A.D.編,意地があるの
桑山千雪\G.R.A.D.編\意地があるの.csv,35,1016003040230,千雪,"对不起
谈话活动的主题，说好了中午前发的",桑山千雪,G.R.A.D.編,意地があるの
桑山千雪\G.R.A.D.編\意地があるの.csv,36,1016003040240,千雪,"……虽然一直有在想，
那个……我没法决定下来……",桑山千雪,G.R.A.D.編,意地があるの
桑山千雪\G.R.A.D.編\意地があるの.csv,38,1016003040250,千雪,"啊、嗯……！
那个，说不上是特意……",桑山千雪,G.R.A.D.編,意地があるの
桑山千雪\G.R.A.D.編\意地があるの.csv,39,1016003040260,千雪,"真的很抱歉……
能再给我两三天时间的话————",桑山千雪,G.R.A.D.編,意地があるの
桑山千雪\G.R.A.D.編\意地があるの.csv,41,1016003040270,千雪,"——非常感谢……
…………那我先走了…………",桑山千雪,G.R.A.D.編,意地があるの
桑山千雪\G.R.A.D.編\意地があるの.csv,43,1016003040280,千雪,——啊，嗯……！,桑山千雪,G.R.A.D.編,意地があるの
桑山千雪\G.R.A.D.編\意地があるの.csv,45,1016003040290,千雪,"那个……是的
之后还要麻烦你了。再见————",桑山千雪,G.R.A.D.編,意地があるの
桑山千雪\G.R.A.D.編\意地があるの.csv,46,1016003040300,千雪,"不过，就算如此……
该说是有些不相称吗",桑山千雪,G.R.A.D.編,意地があるの
桑山千雪\G.R.A.D.編\意地があるの.csv,48,1016003040310,千雪,"……？
制作人……",桑山千雪,G.R.A.D.編,意地があるの
桑山千雪\G.R.A.D.編\月へ出かけたキャラバンの鈴.csv,2,1016003030010,千雪,大家辛苦了，再见……！,桑山千雪,G.R.A.D.編,月へ出かけたキャラバンの鈴
桑山千雪\G.R.A.D.編\月へ出かけたキャラバンの鈴.csv,3,1016003030020,千雪,唔，离下节课还有3个小时……,桑山千雪,G.R.A.D.編,月へ出かけたキャラバンの鈴
桑山千雪\G.R.A.D.編\月へ出かけたキャラバンの鈴.csv,4,1016003030030,千雪,"嗯，发送专栏原稿……
也得总结要在谈话活动上说的话题了……",桑山千雪,G.R.A.D.編,月へ出かけたキャラバンの鈴
桑山千雪\G.R.A.D.編\月へ出かけたキャラバンの鈴.csv,5,1016003030040,千雪,啊，在那之前，想去看看布料————！,桑山千雪,G.R.A.D.編,月へ出かけたキャラバンの鈴
桑山千雪\G.R.A.D.編\月へ出かけたキャラバンの鈴.csv,6,1016003030050,千雪,"——23点前回去，记歌词
看明天摄影的剧本，检查采访的校样——",桑山千雪,G.R.A.D.編,月へ出かけたキャラバンの鈴
桑山千雪\G.R.A.D.編\月へ出かけたキャラバンの鈴.csv,7,1016003030060,千雪,"——呵呵
一定要完成这件小东西……！",桑山千雪,G.R.A.D.編,月へ出かけたキャラバンの鈴
桑山千雪\G.R.A.D.編\月へ出かけたキャラバンの鈴.csv,15,1016003030070,千雪,谢谢……！,桑山千雪,G.R.A.D.編,月へ出かけたキャラバンの鈴
桑山千雪\G.R.A.D.編\月へ出かけたキャラバンの鈴.csv,16,1016003030080,千雪,"好，下一个……
加油吧千雪……！",桑山千雪,G.R.A.D.編,月へ出かけたキャラバンの鈴
桑山千雪\G.R.A.D.編\月へ出かけたキャラバンの鈴.csv,17,1016003030090,千雪,"————做好了
嗯，感觉不错……！",桑山千雪,G.R.A.D.編,月へ出かけたキャラバンの鈴
桑山千雪\G.R.A.D.編\月へ出かけたキャラバンの鈴.csv,19,1016003030100,千雪,"只要还能让他人露出笑容，
我就不会放弃做杂货",桑山千雪,G.R.A.D.編,月へ出かけたキャラバンの鈴
桑山千雪\G.R.A.D.編\月へ出かけたキャラバンの鈴.csv,21,1016003030110,千雪,"那个……
输入电话号码……",桑山千雪,G.R.A.D.編,月へ出かけたキャラバンの鈴
桑山千雪\G.R.A.D.編\月へ出かけたキャラバンの鈴.csv,22,1016003030120,千雪,"啊，还要二次认证……
……手机……",桑山千雪,G.R.A.D.編,月へ出かけたキャラバンの鈴
桑山千雪\G.R.A.D.編\月へ出かけたキャラバンの鈴.csv,23,1016003030130,千雪,"嗯……
然后是……指定快递……",桑山千雪,G.R.A.D.編,月へ出かけたキャラバンの鈴
桑山千雪\G.R.A.D.編\月へ出かけたキャラバンの鈴.csv,24,1016003030140,千雪,"上架期间……
……10天……",桑山千雪,G.R.A.D.編,月へ出かけたキャラバンの鈴
桑山千雪\G.R.A.D.編\月へ出かけたキャラバンの鈴.csv,25,1016003030150,千雪,——商品名,桑山千雪,G.R.A.D.編,月へ出かけたキャラバンの鈴
桑山千雪\G.R.A.D.編\月へ出かけたキャラバンの鈴.csv,26,1016003030160,千雪,"…………
……商品名————",桑山千雪,G.R.A.D.編,月へ出かけたキャラバンの鈴
桑山千雪\G.R.A.D.編\月へ出かけたキャラバンの鈴.csv,28,1016003030170,千雪,"啊，好的……！
————嗯……",桑山千雪,G.R.A.D.編,月へ出かけたキャラバンの鈴
桑山千雪\G.R.A.D.編\月へ出かけたキャラバンの鈴.csv,30,1016003030180,千雪,"呵呵
真是的。明明说过什么“10日元都卖不到”呢……！",桑山千雪,G.R.A.D.編,月へ出かけたキャラバンの鈴
桑山千雪\G.R.A.D.編\月へ出かけたキャラバンの鈴.csv,32,1016003030190,千雪,"……
我————",桑山千雪,G.R.A.D.編,月へ出かけたキャラバンの鈴
桑山千雪\G.R.A.D.編\月へ出かけたキャラバンの鈴.csv,33,1016003030200,千雪,我想起“前往月亮的商队们的铃铛”这个名字……,桑山千雪,G.R.A.D.編,月へ出かけたキャラバンの鈴
桑山千雪\G.R.A.D.編\月へ出かけたキャラバンの鈴.csv,36,1016003030210,千雪,————商品名……是……,桑山千雪,G.R.A.D.編,月へ出かけたキャラバンの鈴
桑山千雪\G.R.A.D.編\月へ出かけたキャラバンの鈴.csv,37,1016003030220,千雪,“前往月亮的商队们的铃铛”,桑山千雪,G.R.A.D.編,月へ出かけたキャラバンの鈴
桑山千雪\G.R.A.D.編\月へ出かけたキャラバンの鈴.csv,40,1016003030230,千雪,"商品说明……
唔————",桑山千雪,G.R.A.D.編,月へ出かけたキャラバンの鈴
桑山千雪\G.R.A.D.編\月へ出かけたキャラバンの鈴.csv,41,1016003030240,千雪,“发现了很棒的布料所以就做了这个”,桑山千雪,G.R.A.D.編,月へ出かけたキャラバンの鈴
桑山千雪\G.R.A.D.編\月へ出かけたキャラバンの鈴.csv,42,1016003030250,千雪,"“前往月亮的人们
在黑暗的宇宙中迷失方向，感到不安的时候”",桑山千雪,G.R.A.D.編,月へ出かけたキャラバンの鈴
桑山千雪\G.R.A.D.編\月へ出かけたキャラバンの鈴.csv,43,1016003030260,千雪,"“看见这个鲜艳的植物花纹，
回想起地球那清新有力的鼓动”",桑山千雪,G.R.A.D.編,月へ出かけたキャラバンの鈴
桑山千雪\G.R.A.D.編\月へ出かけたキャラバンの鈴.csv,44,1016003030270,千雪,"“在边缘装饰着的蒂罗尔绣带内部
发现人们编织的心之历史，心灵的灯”",桑山千雪,G.R.A.D.編,月へ出かけたキャラバンの鈴
桑山千雪\G.R.A.D.編\月へ出かけたキャラバンの鈴.csv,45,1016003030280,千雪,"“这个圆圆的荷包，
就像是旅行中的骆驼们戴着的铃铛一样”",桑山千雪,G.R.A.D.編,月へ出かけたキャラバンの鈴
桑山千雪\G.R.A.D.編\月へ出かけたキャラバンの鈴.csv,46,1016003030290,千雪,“成为黑暗旅途中的路标”,桑山千雪,G.R.A.D.編,月へ出かけたキャラバンの鈴
桑山千雪\G.R.A.D.編\月へ出かけたキャラバンの鈴.csv,47,1016003030300,千雪,“——包含着这样的故事”,桑山千雪,G.R.A.D.編,月へ出かけたキャラバンの鈴
桑山千雪\G.R.A.D.編\月へ出かけたキャラバンの鈴.csv,48,1016003030310,千雪,————上架者……“Ｃ．Ｋ”,桑山千雪,G.R.A.D.編,月へ出かけたキャラバンの鈴
桑山千雪\G.R.A.D.編\１円ベイビー.csv,2,1016003050010,千雪,"——没错没错……！
然后，咔嚓一下剪掉鼻子的部分————",桑山千雪,G.R.A.D.編,１円ベイビー
桑山千雪\G.R.A.D.編\１円ベイビー.csv,4,1016003050020,千雪,"好
这样“毛毡眼罩”就完成了♪",桑山千雪,G.R.A.D.編,１円ベイビー
桑山千雪\G.R.A.D.編\１円ベイビー.csv,6,1016003050030,千雪,"呵呵，这样就可以了
不是一定要用到针线才叫做手工",桑山千雪,G.R.A.D.編,１円ベイビー
桑山千雪\G.R.A.D.編\１円ベイビー.csv,9,1016003050040,千雪,"哇……！
嗯，挺可爱的……！",桑山千雪,G.R.A.D.編,１円ベイビー
桑山千雪\G.R.A.D.編\１円ベイビー.csv,10,1016003050041,千雪＆プロデューサー,————哈哈,桑山千雪,G.R.A.D.編,１円ベイビー
桑山千雪\G.R.A.D.編\１円ベイビー.csv,13,1016003050050,千雪,"不用客气的……！
我也很开心……！",桑山千雪,G.R.A.D.編,１円ベイビー
桑山千雪\G.R.A.D.編\１円ベイビー.csv,14,1016003050060,千雪,"听到制作人说想做手工的时候，我还挺吃惊的
——好好得到放松了吗……？",桑山千雪,G.R.A.D.編,１円ベイビー
桑山千雪\G.R.A.D.編\１円ベイビー.csv,16,1016003050070,千雪,"这个……难得要做些什么的话
当然做得开心点比较好啊",桑山千雪,G.R.A.D.編,１円ベイビー
桑山千雪\G.R.A.D.編\１円ベイビー.csv,19,1016003050080,千雪,,桑山千雪,G.R.A.D.編,１円ベイビー
桑山千雪\G.R.A.D.編\１円ベイビー.csv,22,1016003050090,千雪,"…………
制作人————",桑山千雪,G.R.A.D.編,１円ベイビー
桑山千雪\G.R.A.D.編\１円ベイビー.csv,25,1016003050100,千雪,"为、为什么……
制作人根本不用为此道歉——",桑山千雪,G.R.A.D.編,１円ベイビー
桑山千雪\G.R.A.D.編\１円ベイビー.csv,26,1016003050110,千雪,"而且，最近也接到了跟杂货和手工相关的工作
感谢还来不及呢",桑山千雪,G.R.A.D.編,１円ベイビー
桑山千雪\G.R.A.D.編\１円ベイビー.csv,30,1016003050120,千雪,——————,桑山千雪,G.R.A.D.編,１円ベイビー
桑山千雪\G.R.A.D.編\１円ベイビー.csv,32,1016003050130,千雪,…………1日元？,桑山千雪,G.R.A.D.編,１円ベイビー
桑山千雪\G.R.A.D.編\１円ベイビー.csv,33,1016003050140,千雪,————制作人,桑山千雪,G.R.A.D.編,１円ベイビー
桑山千雪\G.R.A.D.編\１円ベイビー.csv,37,1016003050150,千雪,,桑山千雪,G.R.A.D.編,１円ベイビー
桑山千雪\G.R.A.D.編\１円ベイビー.csv,40,1016003050160,千雪,"…………——————
我也…………",桑山千雪,G.R.A.D.編,１円ベイビー
桑山千雪\G.R.A.D.編\１円ベイビー.csv,41,1016003050170,千雪,"我也……想要珍惜
不是偶像的，我自己————",桑山千雪,G.R.A.D.編,１円ベイビー
桑山千雪\G.R.A.D.編\１円ベイビー.csv,42,1016003050180,千雪,"————但是
那样的话————1日元",桑山千雪,G.R.A.D.編,１円ベイビー
桑山千雪\G.R.A.D.編\１円ベイビー.csv,44,1016003050190,千雪,"……我在拍卖网站上架了荷包
用“Ｃ．Ｋ”这个名字……",桑山千雪,G.R.A.D.編,１円ベイビー
桑山千雪\G.R.A.D.編\１円ベイビー.csv,46,1016003050200,千雪,"结果，出价就只有1日元
……明明和在广播活动拍卖的那个，就只有颜色不一样而已",桑山千雪,G.R.A.D.編,１円ベイビー
桑山千雪\G.R.A.D.編\１円ベイビー.csv,48,1016003050210,千雪,"呵呵……
然后我就想“原来不是偶像的我，就只有1日元的价值啊”",桑山千雪,G.R.A.D.編,１円ベイビー
桑山千雪\G.R.A.D.編\１円ベイビー.csv,53,1016003050220,千雪,"……嗯。我明白的
广播拍卖的那个荷包，价格也并不代表价值",桑山千雪,G.R.A.D.編,１円ベイビー
桑山千雪\G.R.A.D.編\１円ベイビー.csv,55,1016003050230,千雪,"嗯……
但是，怎么说呢……",桑山千雪,G.R.A.D.編,１円ベイビー
桑山千雪\G.R.A.D.編\１円ベイビー.csv,56,1016003050240,千雪,"……嗯
是荷包……值1日元对吧",桑山千雪,G.R.A.D.編,１円ベイビー
桑山千雪\G.R.A.D.編\１円ベイビー.csv,57,1016003050250,千雪,"但是……用的材料和设计都一样
然而两个荷包的价值分别开来，是因为————",桑山千雪,G.R.A.D.編,１円ベイビー
桑山千雪\G.R.A.D.編\１円ベイビー.csv,58,1016003050260,千雪,"————那其中的我
所以……",桑山千雪,G.R.A.D.編,１円ベイビー
桑山千雪\G.R.A.D.編\１円ベイビー.csv,59,1016003050270,千雪,"……
为什么呢————",桑山千雪,G.R.A.D.編,１円ベイビー
桑山千雪\G.R.A.D.編\１円ベイビー.csv,60,1016003050280,千雪,"————是因为害怕吗……
一感到害怕，就会想看看更可怕的事情",桑山千雪,G.R.A.D.編,１円ベイビー
桑山千雪\G.R.A.D.編\１円ベイビー.csv,62,1016003050290,千雪,"感觉就像…………
“平凡的千雪”输给了偶像千雪一样",桑山千雪,G.R.A.D.編,１円ベイビー
桑山千雪\G.R.A.D.編\１円ベイビー.csv,64,1016003050300,千雪,"自己上架这个荷包，
也许是有些意气用事",桑山千雪,G.R.A.D.編,１円ベイビー
桑山千雪\G.R.A.D.編\１円ベイビー.csv,65,1016003050310,千雪,"“一直喜欢着小东西和手工这些的
可是这边的我啊”",桑山千雪,G.R.A.D.編,１円ベイビー
桑山千雪\G.R.A.D.編\１円ベイビー.csv,66,1016003050320,千雪,"————
“我也是有价值的呀”……抱着像是这样的想法",桑山千雪,G.R.A.D.編,１円ベイビー
桑山千雪\G.R.A.D.編\１円ベイビー.csv,69,1016003050330,千雪,"…………
制作人来缝吗……？",桑山千雪,G.R.A.D.編,１円ベイビー
桑山千雪\G.R.A.D.編\１円ベイビー.csv,75,1016003050340,千雪,"——呵呵，嗯
那就加上去吧……！",桑山千雪,G.R.A.D.編,１円ベイビー
桑山千雪\G.R.A.D.編\１円ベイビー.csv,78,1016003050350,千雪,————…………,桑山千雪,G.R.A.D.編,１円ベイビー
桑山千雪\G.R.A.D.編\１円ベイビー.csv,82,1016003050360,千雪,制作人…………,桑山千雪,G.R.A.D.編,１円ベイビー
桑山千雪\G.R.A.D.編\１円ベイビー.csv,84,1016003050370,千雪,"刺绣的话……
可是要用上针线的",桑山千雪,G.R.A.D.編,１円ベイビー
桑山千雪\G.R.A.D.編\１円ベイビー.csv,85,1016003050380,千雪,会有点难度哦────,桑山千雪,G.R.A.D.編,１円ベイビー
桑山千雪\Morning\Morning①.csv,3,1016001000110010,千雪,"早上好，制作人
稍微有点在意天气……",桑山千雪,Morning,Morning①
桑山千雪\Morning\Morning①.csv,4,1016001000110020,千雪,"早上的天气预报说，好像下午开始天就会阴沉下来
要是不下雨就好了……",桑山千雪,Morning,Morning①
桑山千雪\Morning\Morning①.csv,9,1016001000110030,千雪,"哇，制作人……！
那就太好了",桑山千雪,Morning,Morning①
桑山千雪\Morning\Morning①.csv,10,1016001000110040,千雪,"那马上来做试试吧
呵呵，就用毛毡怎么样♪",桑山千雪,Morning,Morning①
桑山千雪\Morning\Morning①.csv,12,1016001000110050,千雪,"制作人，没有带伞吗？
也许今天带上会比较好吧……",桑山千雪,Morning,Morning①
桑山千雪\Morning\Morning①.csv,13,1016001000110060,千雪,啊。那一会儿我们去找一把可爱的折叠伞吧。,桑山千雪,Morning,Morning①
桑山千雪\Morning\Morning①.csv,15,1016001000110070,千雪,"呵呵，制作人
您说的很有诗意呢",桑山千雪,Morning,Morning①
桑山千雪\Morning\Morning①.csv,16,1016001000110080,千雪,嗯……不过、雨很压抑啊……,桑山千雪,Morning,Morning①
桑山千雪\Morning\Morning②.csv,3,1016001000210010,千雪,啊……！　制作人、请稍等一下,桑山千雪,Morning,Morning②
桑山千雪\Morning\Morning②.csv,4,1016001000210020,千雪,"只是从表面擦干的话会留下斑点的
我会做应急处理，可以脱下来吗？",桑山千雪,Morning,Morning②
桑山千雪\Morning\Morning②.csv,9,1016001000210030,千雪,"丈、丈夫……！？
突然间说什么呢、制作人",桑山千雪,Morning,Morning②
桑山千雪\Morning\Morning②.csv,10,1016001000210040,千雪,……真是的。请不要戏弄我……！,桑山千雪,Morning,Morning②
桑山千雪\Morning\Morning②.csv,12,1016001000210050,千雪,"嗯，在学习服饰的时候
这样的事情也学到了",桑山千雪,Morning,Morning②
桑山千雪\Morning\Morning②.csv,13,1016001000210060,千雪,"……好了，完成了
别再弄倒了哦、制作人",桑山千雪,Morning,Morning②
桑山千雪\Morning\Morning②.csv,15,1016001000210070,千雪,啊，对、对不起……！,桑山千雪,Morning,Morning②
桑山千雪\Morning\Morning②.csv,16,1016001000210080,千雪,突然被叫脱了什么的……很讨厌吧……？,桑山千雪,Morning,Morning②
桑山千雪\Morning\Morning③.csv,2,1016001000310010,千雪,"咦？　制作人
今天早上吃的便利店的快餐吗？",桑山千雪,Morning,Morning③
桑山千雪\Morning\Morning③.csv,4,1016001000310020,千雪,"只吃这个的话，营养会不均衡的……
可以的话，我的便当稍微分一点给你吧",桑山千雪,Morning,Morning③
桑山千雪\Morning\Morning③.csv,9,1016001000310030,千雪,呵呵。谢谢你的关心,桑山千雪,Morning,Morning③
桑山千雪\Morning\Morning③.csv,10,1016001000310040,千雪,"不过，制作人好好吃饭的话
我也能安心吃饱了♪",桑山千雪,Morning,Morning③
桑山千雪\Morning\Morning③.csv,12,1016001000310050,千雪,嗯、虽然很普通就是了……,桑山千雪,Morning,Morning③
桑山千雪\Morning\Morning③.csv,13,1016001000310060,千雪,不过，每天考虑做什么便当，也挺开心的♪,桑山千雪,Morning,Morning③
桑山千雪\Morning\Morning③.csv,15,1016001000310070,千雪,没有那种事……！,桑山千雪,Morning,Morning③
桑山千雪\Morning\Morning③.csv,16,1016001000310080,千雪,"不过、如果有强加于人的话我很抱歉
……早饭还是要好好的吃才行哦？",桑山千雪,Morning,Morning③
桑山千雪\Morning\Morning④.csv,3,1016001000410010,千雪,嗯。来这里之前有人问路了……,桑山千雪,Morning,Morning④
桑山千雪\Morning\Morning④.csv,4,1016001000410020,千雪,"那个人、好像相当困扰的样子
我就去带路了",桑山千雪,Morning,Morning④
桑山千雪\Morning\Morning④.csv,9,1016001000410030,千雪,"不不……！
也不是什么大不了的事",桑山千雪,Morning,Morning④
桑山千雪\Morning\Morning④.csv,10,1016001000410040,千雪,"如果制作人也迷路的话
也请一定要找我帮忙哦",桑山千雪,Morning,Morning④
桑山千雪\Morning\Morning④.csv,12,1016001000410050,千雪,"好像是这样的
不知道为什么经常被问路",桑山千雪,Morning,Morning④
桑山千雪\Morning\Morning④.csv,13,1016001000410060,千雪,"而且
在杂货店时也会给客人带路",桑山千雪,Morning,Morning④
桑山千雪\Morning\Morning④.csv,15,1016001000410070,千雪,"确实
那样也许就没问题了可是……",桑山千雪,Morning,Morning④
桑山千雪\Morning\Morning④.csv,16,1016001000410080,千雪,"如果指错路的话
就变得有点不安……",桑山千雪,Morning,Morning④
桑山千雪\Morning\Morning⑤.csv,3,1016001000510010,千雪,"早上好
因为还剩下一点材料，所以就做布娃娃吧",桑山千雪,Morning,Morning⑤
桑山千雪\Morning\Morning⑤.csv,4,1016001000510020,千雪,"对了，制作人
我也给你做一个非常可爱的吧♪",桑山千雪,Morning,Morning⑤
桑山千雪\Morning\Morning⑤.csv,9,1016001000510030,千雪,哇啊、那样的话……,桑山千雪,Morning,Morning⑤
桑山千雪\Morning\Morning⑤.csv,10,1016001000510040,千雪,"呵呵。那，什么样的布娃娃比较好呢
请务必要告诉我哦……♪",桑山千雪,Morning,Morning⑤
桑山千雪\Morning\Morning⑤.csv,12,1016001000510050,千雪,呵呵，是这样的吗？,桑山千雪,Morning,Morning⑤
桑山千雪\Morning\Morning⑤.csv,13,1016001000510060,千雪,"可爱的东西和制作人……
我觉得一定能很合适，不是吗？",桑山千雪,Morning,Morning⑤
桑山千雪\Morning\Morning⑤.csv,15,1016001000510070,千雪,"这样啊……
如果制作人这么说的话……",桑山千雪,Morning,Morning⑤
桑山千雪\Morning\Morning⑤.csv,16,1016001000510080,千雪,"但是，我也希望
你不要客气就好了",桑山千雪,Morning,Morning⑤
桑山千雪\Morning\Morning⑥.csv,2,1016001000610010,千雪,～♪,桑山千雪,Morning,Morning⑥
桑山千雪\Morning\Morning⑥.csv,4,1016001000610020,千雪,"嗯。像干裁缝活的时候就会戴上……
……很奇怪吗？",桑山千雪,Morning,Morning⑥
桑山千雪\Morning\Morning⑥.csv,9,1016001000610030,千雪,呵呵。谢谢你,桑山千雪,Morning,Morning⑥
桑山千雪\Morning\Morning⑥.csv,10,1016001000610040,千雪,……但是，被这样说的话稍微有点害羞啊……,桑山千雪,Morning,Morning⑥
桑山千雪\Morning\Morning⑥.csv,12,1016001000610050,千雪,"我自己不是很清楚……
也许是那样吧",桑山千雪,Morning,Morning⑥
桑山千雪\Morning\Morning⑥.csv,13,1016001000610060,千雪,"这样的小物件、仅仅只是戴上
气质就会改变呢",桑山千雪,Morning,Morning⑥
桑山千雪\Morning\Morning⑥.csv,15,1016001000610070,千雪,"真的吗？
那就太好了",桑山千雪,Morning,Morning⑥
桑山千雪\Morning\Morning⑥.csv,16,1016001000610080,千雪,"……啊、抱歉
等工作结束之后再说吧",桑山千雪,Morning,Morning⑥
桑山千雪\Morning\Morning⑦.csv,3,1016001000710010,千雪,"是吗？
……呵呵，确实，我还挺喜欢早晨的",桑山千雪,Morning,Morning⑦
桑山千雪\Morning\Morning⑦.csv,4,1016001000710020,千雪,"最近也有在跑步
早上跑步的话，风会让人很舒服",桑山千雪,Morning,Morning⑦
桑山千雪\Morning\Morning⑦.csv,9,1016001000710030,千雪,哇啊，那可太好了,桑山千雪,Morning,Morning⑦
桑山千雪\Morning\Morning⑦.csv,10,1016001000710040,千雪,"和制作人一起的话
好像能比平时跑得更多♪",桑山千雪,Morning,Morning⑦
桑山千雪\Morning\Morning⑦.csv,12,1016001000710050,千雪,"对呀
因为大家都笑着打招呼",桑山千雪,Morning,Morning⑦
桑山千雪\Morning\Morning⑦.csv,13,1016001000710060,千雪,我就觉得今天也要一整天都努力才行啊♪,桑山千雪,Morning,Morning⑦
桑山千雪\Morning\Morning⑦.csv,15,1016001000710070,千雪,制作人，难道早上起不来吗……？,桑山千雪,Morning,Morning⑦
桑山千雪\Morning\Morning⑦.csv,16,1016001000710080,千雪,"这样可不行哦？
老是这样懒懒散散的拖这么晚的话",桑山千雪,Morning,Morning⑦
桑山千雪\Morning\Morning⑧.csv,3,1016001000810010,千雪,"啊，制作人
嗯……无论看几遍都不太习惯呢",桑山千雪,Morning,Morning⑧
桑山千雪\Morning\Morning⑧.csv,4,1016001000810020,千雪,"就好像不是自己一样……
都会有不可思议的心情",桑山千雪,Morning,Morning⑧
桑山千雪\Morning\Morning⑧.csv,9,1016001000810030,千雪,哇啊，是这样的吗？,桑山千雪,Morning,Morning⑧
桑山千雪\Morning\Morning⑧.csv,10,1016001000810040,千雪,"我的魅力……
呵呵，是指哪个方面呢……♪",桑山千雪,Morning,Morning⑧
桑山千雪\Morning\Morning⑧.csv,12,1016001000810050,千雪,作为偶像……,桑山千雪,Morning,Morning⑧
桑山千雪\Morning\Morning⑧.csv,13,1016001000810060,千雪,"那，一直看不惯这种话
是不能说的，吧",桑山千雪,Morning,Morning⑧
桑山千雪\Morning\Morning⑧.csv,15,1016001000810070,千雪,嗯。虽然我也觉得是这样……,桑山千雪,Morning,Morning⑧
桑山千雪\Morning\Morning⑧.csv,16,1016001000810080,千雪,……果然，还是有点害羞啊,桑山千雪,Morning,Morning⑧
桑山千雪\Morning\Morning⑨.csv,3,1016001000910010,千雪,"早上好
……哎呀，制作人，那个手帕……",桑山千雪,Morning,Morning⑨
桑山千雪\Morning\Morning⑨.csv,5,1016001000910020,千雪,"哇啊，是这样啊……
真可爱……",桑山千雪,Morning,Morning⑨
桑山千雪\Morning\Morning⑨.csv,9,1016001000910030,千雪,唉，可以吗？,桑山千雪,Morning,Morning⑨
桑山千雪\Morning\Morning⑨.csv,10,1016001000910040,千雪,"呀～谢谢你
呵呵，今天开始就用它了……♪",桑山千雪,Morning,Morning⑨
桑山千雪\Morning\Morning⑨.csv,12,1016001000910050,千雪,"不，不是，那个……
手帕太可爱，不小心……",桑山千雪,Morning,Morning⑨
桑山千雪\Morning\Morning⑨.csv,13,1016001000910060,千雪,"总感觉，有点闹过头吧……
好丢人啊……",桑山千雪,Morning,Morning⑨
桑山千雪\Morning\Morning⑨.csv,15,1016001000910070,千雪,"哎～
明明那么可爱……",桑山千雪,Morning,Morning⑨
桑山千雪\Morning\Morning⑨.csv,16,1016001000910080,千雪,"制作人
要是说这种话的话，这孩子会显得很可怜哦？",桑山千雪,Morning,Morning⑨
桑山千雪\Morning\Morning⑩.csv,3,1016001001010010,千雪,"是啊，制作服装的时候，想象着公主的礼服
就停不下来了……",桑山千雪,Morning,Morning⑩
桑山千雪\Morning\Morning⑩.csv,4,1016001001010020,千雪,"制作人
这里面，有喜欢哪个的吗？",桑山千雪,Morning,Morning⑩
桑山千雪\Morning\Morning⑩.csv,9,1016001001010030,千雪,呵呵，我也喜欢这个衣服,桑山千雪,Morning,Morning⑩
桑山千雪\Morning\Morning⑩.csv,10,1016001001010040,千雪,就像以前，在绘本上看到的灰姑娘的衣服一样……！,桑山千雪,Morning,Morning⑩
桑山千雪\Morning\Morning⑩.csv,12,1016001001010050,千雪,"啊～！　我也喜欢这个
虽然说是喜欢……",桑山千雪,Morning,Morning⑩
桑山千雪\Morning\Morning⑩.csv,13,1016001001010060,千雪,"但是太可爱了……
甘小奈或者甜花穿的话更合适吧……",桑山千雪,Morning,Morning⑩
桑山千雪\Morning\Morning⑩.csv,15,1016001001010070,千雪,"褶边，吗……
确实感觉喜欢的人会比较多",桑山千雪,Morning,Morning⑩
桑山千雪\Morning\Morning⑩.csv,16,1016001001010080,千雪,"再研究一下
要考虑让粉丝们也能感到开心的礼服",桑山千雪,Morning,Morning⑩
桑山千雪\Morning\Morning⑪.csv,2,1016001001110010,千雪,"～♪
啊，制作人。早上好",桑山千雪,Morning,Morning⑪
桑山千雪\Morning\Morning⑪.csv,4,1016001001110020,千雪,"不，只是在打扫
虽然，只是扫了一小片而已",桑山千雪,Morning,Morning⑪
桑山千雪\Morning\Morning⑪.csv,9,1016001001110030,千雪,"哇啊，真的吗？
那……任命你为簸箕担当♪",桑山千雪,Morning,Morning⑪
桑山千雪\Morning\Morning⑪.csv,10,1016001001110040,千雪,"要把收集起来的，放到里面去哦……
……好，结束了。谢谢你♪",桑山千雪,Morning,Morning⑪
桑山千雪\Morning\Morning⑪.csv,12,1016001001110050,千雪,"不用不用，这样制作人能
心情愉悦地干活的话……",桑山千雪,Morning,Morning⑪
桑山千雪\Morning\Morning⑪.csv,13,1016001001110060,千雪,呵呵，我也会感到开心的,桑山千雪,Morning,Morning⑪
桑山千雪\Morning\Morning⑪.csv,15,1016001001110070,千雪,"啊……对不起
我想如果可以帮上什么忙的话……",桑山千雪,Morning,Morning⑪
桑山千雪\Morning\Morning⑪.csv,16,1016001001110080,千雪,我，有点不够自觉呢……,桑山千雪,Morning,Morning⑪
桑山千雪\Morning\Morning⑫.csv,2,1016001001210010,千雪,"制作人
像是衬衫的扣子之类的，有什么需要缝补的吗",桑山千雪,Morning,Morning⑫
桑山千雪\Morning\Morning⑫.csv,4,1016001001210020,千雪,"那就太好了
这样的东西，需要定期去注意哦？",桑山千雪,Morning,Morning⑫
桑山千雪\Morning\Morning⑫.csv,9,1016001001210030,千雪,呵呵，不错的回答……♪,桑山千雪,Morning,Morning⑫
桑山千雪\Morning\Morning⑫.csv,10,1016001001210040,千雪,"这种地方，意外地
能很容易被注意到的哦？",桑山千雪,Morning,Morning⑫
桑山千雪\Morning\Morning⑫.csv,12,1016001001210050,千雪,"不用不用～
……啊，你看。这里线出来了",桑山千雪,Morning,Morning⑫
桑山千雪\Morning\Morning⑫.csv,13,1016001001210060,千雪,"马上帮你补好
所以请不要乱动哦……",桑山千雪,Morning,Morning⑫
桑山千雪\Morning\Morning⑫.csv,15,1016001001210070,千雪,"是这样吗？
……对不起",桑山千雪,Morning,Morning⑫
桑山千雪\Morning\Morning⑫.csv,16,1016001001210080,千雪,可能是，我太爱管闲事了吧……,桑山千雪,Morning,Morning⑫
桑山千雪\Morning\Morning⑬.csv,3,1016001001310010,千雪,嗯。虽然是在家里用的，不过线开了,桑山千雪,Morning,Morning⑬
桑山千雪\Morning\Morning⑬.csv,4,1016001001310020,千雪,因为还挺喜欢这件的，想再稍微使用下,桑山千雪,Morning,Morning⑬
桑山千雪\Morning\Morning⑬.csv,9,1016001001310030,千雪,"哎哎，是这样的吗？
呵呵……被这样说的话，也许还挺开心的",桑山千雪,Morning,Morning⑬
桑山千雪\Morning\Morning⑬.csv,10,1016001001310040,千雪,不过，总觉得有点害羞啊……♪,桑山千雪,Morning,Morning⑬
桑山千雪\Morning\Morning⑬.csv,12,1016001001310050,千雪,"嗯
虽然买新的围裙也挺好的……",桑山千雪,Morning,Morning⑬
桑山千雪\Morning\Morning⑬.csv,13,1016001001310060,千雪,"难得的机会，要是能让它更可爱
变得能用得久一点就好了♪",桑山千雪,Morning,Morning⑬
桑山千雪\Morning\Morning⑬.csv,15,1016001001310070,千雪,在衣、衣服上吗……是指偶像的吧？,桑山千雪,Morning,Morning⑬
桑山千雪\Morning\Morning⑬.csv,16,1016001001310080,千雪,"……怎么办呢，想也没想过……
但是，可能也很可爱呢！",桑山千雪,Morning,Morning⑬
桑山千雪\Morning\Morning⑭.csv,3,1016001001410010,千雪,"嗯，刚才
和叶月约好了要一起喝茶",桑山千雪,Morning,Morning⑭
桑山千雪\Morning\Morning⑭.csv,4,1016001001410020,千雪,"因为叶月，很熟悉那些好的店家
所以很期待着约定好的那天到来",桑山千雪,Morning,Morning⑭
桑山千雪\Morning\Morning⑭.csv,9,1016001001410030,千雪,"嗯，对哦……
制作人的话题……之类的？",桑山千雪,Morning,Morning⑭
桑山千雪\Morning\Morning⑭.csv,10,1016001001410040,千雪,……骗你的，开个玩笑，呵呵♪,桑山千雪,Morning,Morning⑭
桑山千雪\Morning\Morning⑭.csv,12,1016001001410050,千雪,"有着各种各样的药草的店
好像能非常放松的样子",桑山千雪,Morning,Morning⑭
桑山千雪\Morning\Morning⑭.csv,13,1016001001410060,千雪,"啊，不过……
叶月的话，可能很快就会睡着……",桑山千雪,Morning,Morning⑭
桑山千雪\Morning\Morning⑭.csv,15,1016001001410070,千雪,欸？　下次的休息日吧……,桑山千雪,Morning,Morning⑭
桑山千雪\Morning\Morning⑭.csv,16,1016001001410080,千雪,"呵呵，难道说……
制作人，很在意吗？",桑山千雪,Morning,Morning⑭
桑山千雪\Morning\Morning⑮.csv,2,1016001001510010,千雪,"制作人，我有想商量的事情……
像这样的器材，该买什么好呢？",桑山千雪,Morning,Morning⑮
桑山千雪\Morning\Morning⑮.csv,4,1016001001510020,千雪,"嗯。偶像的课程以外
也想在自己家里做一些轻松点的运动……",桑山千雪,Morning,Morning⑮
桑山千雪\Morning\Morning⑮.csv,9,1016001001510030,千雪,"哇啊，谢谢你！
对这样的事情，还不太了解……",桑山千雪,Morning,Morning⑮
桑山千雪\Morning\Morning⑮.csv,10,1016001001510040,千雪,"如果可以的话，
一起去店里看看行吗？",桑山千雪,Morning,Morning⑮
桑山千雪\Morning\Morning⑮.csv,12,1016001001510050,千雪,"真的吗……！
谢谢你！",桑山千雪,Morning,Morning⑮
桑山千雪\Morning\Morning⑮.csv,13,1016001001510060,千雪,"能和专业人士交流的话
非常有参考价值",桑山千雪,Morning,Morning⑮
桑山千雪\Morning\Morning⑮.csv,15,1016001001510070,千雪,"啊……确实
也许那样比较好……",桑山千雪,Morning,Morning⑮
桑山千雪\Morning\Morning⑮.csv,16,1016001001510080,千雪,"如果勉强去做，把身体弄坏的话
可能也会给您添麻烦……",桑山千雪,Morning,Morning⑮
桑山千雪\W.I.N.G.編\produce_events_101600002.csv,43,1016001010190,千雪,"那个……
打扰了，我是桑山千雪……",桑山千雪,W.I.N.G.編,produce_events_101600002
桑山千雪\W.I.N.G.編\produce_events_101600002.csv,46,1016001010200,千雪,"嗯
那份邀请……我就接受了",桑山千雪,W.I.N.G.編,produce_events_101600002
桑山千雪\W.I.N.G.編\produce_events_101600002.csv,48,1016001010210,千雪,"嗯。虽然对我自己来说也是不可思议的决定，
不过“让许多人绽放笑容”这样的话语，我无法忘记",桑山千雪,W.I.N.G.編,produce_events_101600002
桑山千雪\W.I.N.G.編\produce_events_101600002.csv,49,1016001010220,千雪,"如果可以继续现在的工作的话……
请让我从练习开始挑战",桑山千雪,W.I.N.G.編,produce_events_101600002
桑山千雪\W.I.N.G.編\produce_events_101600002.csv,51,1016001010230,千雪,"哇……！　谢谢了
那就请多指教了，制作人",桑山千雪,W.I.N.G.編,produce_events_101600002
桑山千雪\W.I.N.G.編\TV出演後コミュ①.csv,3,6016001000110010,千雪,"不、不，怎么会……
我太紧张了，完全没法好好说话……",桑山千雪,W.I.N.G.編,TV出演後コミュ①
桑山千雪\W.I.N.G.編\TV出演後コミュ①.csv,4,6016001000110020,千雪,"一意识到摄像机就会紧张起来
情不自禁地开始向下看去……",桑山千雪,W.I.N.G.編,TV出演後コミュ①
桑山千雪\W.I.N.G.編\TV出演後コミュ①.csv,6,6016001000110030,千雪,是、是这样吗……？,桑山千雪,W.I.N.G.編,TV出演後コミュ①
桑山千雪\W.I.N.G.編\TV出演後コミュ①.csv,9,6016001000110040,千雪,"……呵呵，我赞同制作人先生的作战♪
总感觉，这么想就会稍微轻松一点呢",桑山千雪,W.I.N.G.編,TV出演後コミュ①
桑山千雪\W.I.N.G.編\TV出演後コミュ①.csv,10,6016001000110050,千雪,"为了总有一天真的能做到有模有样
我会更加努力的！",桑山千雪,W.I.N.G.編,TV出演後コミュ①
桑山千雪\W.I.N.G.編\TV出演後コミュ②.csv,4,6016001000210010,千雪,"不、不……只是想着“怎么做才能让大家更开心呢？”，
自然地行动起来了",桑山千雪,W.I.N.G.編,TV出演後コミュ②
桑山千雪\W.I.N.G.編\TV出演後コミュ②.csv,5,6016001000210020,千雪,虽说那声“汪”确实是无意识说出来的……,桑山千雪,W.I.N.G.編,TV出演後コミュ②
桑山千雪\W.I.N.G.編\TV出演後コミュ②.csv,8,6016001000210030,千雪,"不……每天都净是对于自己来说开心的事情
我觉得，自己真是个幸福的人啊",桑山千雪,W.I.N.G.編,TV出演後コミュ②
桑山千雪\W.I.N.G.編\TV出演後コミュ②.csv,9,6016001000210040,千雪,"因为，就像各位粉丝和制作人先生这样出色的人们
都在我的身边啊",桑山千雪,W.I.N.G.編,TV出演後コミュ②
桑山千雪\W.I.N.G.編\TV出演後コミュ②.csv,11,6016001000210050,千雪,"我也是，觉得这之后的未来……非常明朗
……制作人先生也请一直看着我哦？",桑山千雪,W.I.N.G.編,TV出演後コミュ②
桑山千雪\W.I.N.G.編\これからのこと.csv,2,1016001030010,千雪,呵呵，完～成了♪,桑山千雪,W.I.N.G.編,これからのこと
桑山千雪\W.I.N.G.編\これからのこと.csv,4,1016001030020,千雪,"嗯，虽然时间不太够了……
但无论如何都想加上发饰",桑山千雪,W.I.N.G.編,これからのこと
桑山千雪\W.I.N.G.編\これからのこと.csv,6,1016001030030,千雪,"没有……因为这边是正业
而且这个发饰，也是店里的新作……♪",桑山千雪,W.I.N.G.編,これからのこと
桑山千雪\W.I.N.G.編\これからのこと.csv,8,1016001030040,千雪,"啊……对不起制作人
我不是那个意思，不小心——",桑山千雪,W.I.N.G.編,これからのこと
桑山千雪\W.I.N.G.編\これからのこと.csv,11,1016001030050,千雪,"嗯，嗯……
不过，制作人",桑山千雪,W.I.N.G.編,これからのこと
桑山千雪\W.I.N.G.編\これからのこと.csv,12,1016001030060,千雪,"在一直看着我的制作人面前，
真的不应该说那样的话",桑山千雪,W.I.N.G.編,これからのこと
桑山千雪\W.I.N.G.編\これからのこと.csv,15,1016001030070,千雪,"嗯……
谢谢你……！",桑山千雪,W.I.N.G.編,これからのこと
桑山千雪\W.I.N.G.編\これからのこと.csv,17,1016001030080,千雪,嗯，制作人！,桑山千雪,W.I.N.G.編,これからのこと
桑山千雪\W.I.N.G.編\これからのこと.csv,19,1016001030090,千雪,"不会，制作人
今天的工作也学习到了很多东西！",桑山千雪,W.I.N.G.編,これからのこと
桑山千雪\W.I.N.G.編\これからのこと.csv,21,1016001030100,千雪,嗯，没问题的,桑山千雪,W.I.N.G.編,これからのこと
桑山千雪\W.I.N.G.編\これからのこと.csv,23,1016001030110,千雪,样本杂志……吗？,桑山千雪,W.I.N.G.編,これからのこと
桑山千雪\W.I.N.G.編\これからのこと.csv,26,1016001030120,千雪,"哇啊！
谢谢你的称赞……！",桑山千雪,W.I.N.G.編,これからのこと
桑山千雪\W.I.N.G.編\これからのこと.csv,27,1016001030130,千雪,……,桑山千雪,W.I.N.G.編,これからのこと
桑山千雪\W.I.N.G.編\これからのこと.csv,29,1016001030140,千雪,"那，那个……
虽然我知道只是登载在小小的版面……",桑山千雪,W.I.N.G.編,これからのこと
桑山千雪\W.I.N.G.編\これからのこと.csv,30,1016001030150,千雪,但还是太让人害羞了，不能看～……,桑山千雪,W.I.N.G.編,これからのこと
桑山千雪\W.I.N.G.編\これからのこと.csv,33,1016001030160,千雪,"制，制作人……！
呵呵，说的也是",桑山千雪,W.I.N.G.編,これからのこと
桑山千雪\W.I.N.G.編\これからのこと.csv,34,1016001030170,千雪,谢谢你……♪,桑山千雪,W.I.N.G.編,これからのこと
桑山千雪\W.I.N.G.編\これからのこと.csv,36,1016001030180,千雪,嗯，我会加——,桑山千雪,W.I.N.G.編,これからのこと
桑山千雪\W.I.N.G.編\これからのこと.csv,37,1016001030190,千雪,"……！
……嗯，欸……？",桑山千雪,W.I.N.G.編,これからのこと
桑山千雪\W.I.N.G.編\これからのこと.csv,39,1016001030200,千雪,不，不好意思，有点没站稳……,桑山千雪,W.I.N.G.編,これからのこと
桑山千雪\W.I.N.G.編\これからのこと.csv,41,1016001030210,千雪,"不，不用了……
已经没问题了",桑山千雪,W.I.N.G.編,これからのこと
桑山千雪\W.I.N.G.編\これからのこと.csv,43,1016001030220,千雪,"那，那样的话……
那样的话，两边都努力的意义就……没有了……",桑山千雪,W.I.N.G.編,これからのこと
桑山千雪\W.I.N.G.編\これからのこと.csv,45,1016001030230,千雪,……,桑山千雪,W.I.N.G.編,これからのこと
桑山千雪\W.I.N.G.編\これからのこと.csv,47,1016001030240,千雪,"……嗯，嗯
抱歉……",桑山千雪,W.I.N.G.編,これからのこと
桑山千雪\W.I.N.G.編\これからのこと.csv,48,1016001030250,千雪,这样下去的话不行的啊……,桑山千雪,W.I.N.G.編,これからのこと
桑山千雪\W.I.N.G.編\これからのこと.csv,49,1016001030260,千雪,"再这样下去的话，
一定又会重复同样的情况了……",桑山千雪,W.I.N.G.編,これからのこと
桑山千雪\W.I.N.G.編\これからのこと.csv,56,1016001030270,千雪,"我……添了很大的麻烦……
因为自己的自作主张……",桑山千雪,W.I.N.G.編,これからのこと
桑山千雪\W.I.N.G.編\これからのこと.csv,58,1016001030280,千雪,制作人……,桑山千雪,W.I.N.G.編,これからのこと
桑山千雪\W.I.N.G.編\これからのこと.csv,59,1016001030290,千雪,"那稍微休息一下……
我会好好考虑的",桑山千雪,W.I.N.G.編,これからのこと
桑山千雪\W.I.N.G.編\これからのこと.csv,64,1016001030300,千雪,"……嗯
也许光是眼前的事情上就已经竭尽全力了……",桑山千雪,W.I.N.G.編,これからのこと
桑山千雪\W.I.N.G.編\これからのこと.csv,65,1016001030310,千雪,"在变成这种情况之前，
必须要好好考虑才行……",桑山千雪,W.I.N.G.編,これからのこと
桑山千雪\W.I.N.G.編\これからのこと.csv,67,1016001030311,千雪,"制作人……
让你说出这样的话……真的，非常抱歉……",桑山千雪,W.I.N.G.編,これからのこと
桑山千雪\W.I.N.G.編\これからのこと.csv,72,1016001030320,千雪,制作人……,桑山千雪,W.I.N.G.編,これからのこと
桑山千雪\W.I.N.G.編\これからのこと.csv,74,1016001030330,千雪,"嗯……我这样犹豫不定的，对不起
应该早点找你商量的",桑山千雪,W.I.N.G.編,これからのこと
桑山千雪\W.I.N.G.編\これからのこと.csv,75,1016001030340,千雪,"请再稍等一下，
不能再给你添麻烦了……",桑山千雪,W.I.N.G.編,これからのこと
桑山千雪\W.I.N.G.編\そして私は.csv,2,1016001050010,千雪,"哈啊……
还是像做梦一样……",桑山千雪,W.I.N.G.編,そして私は
桑山千雪\W.I.N.G.編\そして私は.csv,3,1016001050020,千雪,没想到，能成为教育节目的正式主持人……,桑山千雪,W.I.N.G.編,そして私は
桑山千雪\W.I.N.G.編\そして私は.csv,6,1016001050030,千雪,"制作人……
说的也是，不是我一个人的工作",桑山千雪,W.I.N.G.編,そして私は
桑山千雪\W.I.N.G.編\そして私は.csv,7,1016001050040,千雪,"为了能让孩子们能玩得开心，
我自己也要好好享受才行啊",桑山千雪,W.I.N.G.編,そして私は
桑山千雪\W.I.N.G.編\そして私は.csv,13,1016001050050,千雪,哎呀，发生了什么事？,桑山千雪,W.I.N.G.編,そして私は
桑山千雪\W.I.N.G.編\そして私は.csv,16,1016001050060,千雪,"啊……真可怜
就连我，第一次拍摄的时候也充满了不安……",桑山千雪,W.I.N.G.編,そして私は
桑山千雪\W.I.N.G.編\そして私は.csv,18,1016001050070,千雪,"……制作人，
我能去那边的休息室看一眼吗……？",桑山千雪,W.I.N.G.編,そして私は
桑山千雪\W.I.N.G.編\そして私は.csv,20,1016001050080,千雪,"大家～，早上好～！
这是千雪姐姐和，小兔子哦～",桑山千雪,W.I.N.G.編,そして私は
桑山千雪\W.I.N.G.編\そして私は.csv,21,1016001050090,千雪,"嗯—，好像稍—微有点没精神啊～？
大家，再来一遍！　早上好～",桑山千雪,W.I.N.G.編,そして私は
桑山千雪\W.I.N.G.編\そして私は.csv,22,1016001050100,千雪,"嗯嗯，笑得真棒～！
小兔子也超开心的哦～",桑山千雪,W.I.N.G.編,そして私は
桑山千雪\W.I.N.G.編\そして私は.csv,25,1016001050110,千雪,辛苦了，制作人,桑山千雪,W.I.N.G.編,そして私は
桑山千雪\W.I.N.G.編\そして私は.csv,28,1016001050120,千雪,"呵呵，我想或许可以用在什么地方
以前做的就拿来了",桑山千雪,W.I.N.G.編,そして私は
桑山千雪\W.I.N.G.編\そして私は.csv,29,1016001050130,千雪,没想到这么有用……,桑山千雪,W.I.N.G.編,そして私は
桑山千雪\W.I.N.G.編\そして私は.csv,32,1016001050140,千雪,"被，要是被这么夸的话，
会很害羞的啊～……",桑山千雪,W.I.N.G.編,そして私は
桑山千雪\W.I.N.G.編\そして私は.csv,34,1016001050150,千雪,不过……我也稍微思考了一下,桑山千雪,W.I.N.G.編,そして私は
桑山千雪\W.I.N.G.編\そして私は.csv,35,1016001050160,千雪,"如果是以前的话，就算拿着玩偶
也不知道该怎么办才好",桑山千雪,W.I.N.G.編,そして私は
桑山千雪\W.I.N.G.編\そして私は.csv,36,1016001050170,千雪,"可能正是因为开始当偶像了
才能和孩子们玩到一块去……",桑山千雪,W.I.N.G.編,そして私は
桑山千雪\W.I.N.G.編\そして私は.csv,38,1016001050180,千雪,"制作人……
真是的……偶尔会说出这样像名言一样的话啊",桑山千雪,W.I.N.G.編,そして私は
桑山千雪\W.I.N.G.編\そして私は.csv,44,1016001050190,千雪,"……真的吗？
虽然我自己不太清楚",桑山千雪,W.I.N.G.編,そして私は
桑山千雪\W.I.N.G.編\そして私は.csv,46,1016001050200,千雪,"……嗯。大家都非常地开心……
总感觉很强烈地，内心变得暖和起来了",桑山千雪,W.I.N.G.編,そして私は
桑山千雪\W.I.N.G.編\そして私は.csv,48,1016001050210,千雪,"能做这么美妙的工作……
我真是一个幸福的人啊",桑山千雪,W.I.N.G.編,そして私は
桑山千雪\W.I.N.G.編\そして私は.csv,49,1016001050220,千雪,"欸……没，没有！　突然怎么了？
那个，我还只是个新人而已",桑山千雪,W.I.N.G.編,そして私は
桑山千雪\W.I.N.G.編\そして私は.csv,52,1016001050230,千雪,"真是的……再这么夸过头的话
会变得更害羞了……",桑山千雪,W.I.N.G.編,そして私は
桑山千雪\W.I.N.G.編\そして私は.csv,53,1016001050240,千雪,"不过……今天也学到了很多
偶像，可能就是这样的事物吧……",桑山千雪,W.I.N.G.編,そして私は
桑山千雪\W.I.N.G.編\そして私は.csv,54,1016001050250,千雪,谢谢你，制作人……,桑山千雪,W.I.N.G.編,そして私は
桑山千雪\W.I.N.G.編\そして私は.csv,55,1016001050260,千雪,哇，不要……请不要看了—！,桑山千雪,W.I.N.G.編,そして私は
桑山千雪\W.I.N.G.編\そして私は.csv,57,1016001050270,千雪,"……被许多的笑容包围，
自己也不知不觉中变得幸福起来……",桑山千雪,W.I.N.G.編,そして私は
桑山千雪\W.I.N.G.編\そして私は.csv,59,1016001050280,千雪,"制、制作人……
呵呵，我真的很开心……！",桑山千雪,W.I.N.G.編,そして私は
桑山千雪\W.I.N.G.編\そして私は.csv,60,1016001050290,千雪,真的是令人很开心的工作啊……！,桑山千雪,W.I.N.G.編,そして私は
桑山千雪\W.I.N.G.編\やりたいこと、全部.csv,19,6016001090010,千雪,"啊，制作人先生……
您辛苦了",桑山千雪,W.I.N.G.編,やりたいこと、全部
桑山千雪\W.I.N.G.編\やりたいこと、全部.csv,21,6016001090020,千雪,嗯，请坐……哎呀？,桑山千雪,W.I.N.G.編,やりたいこと、全部
桑山千雪\W.I.N.G.編\やりたいこと、全部.csv,23,6016001090030,千雪,制作人先生，您夹克的衣角好像有点绽开了,桑山千雪,W.I.N.G.編,やりたいこと、全部
桑山千雪\W.I.N.G.編\やりたいこと、全部.csv,25,6016001090040,千雪,呵呵，我来缝好吧,桑山千雪,W.I.N.G.編,やりたいこと、全部
桑山千雪\W.I.N.G.編\やりたいこと、全部.csv,27,6016001090050,千雪,"……？
因为，这样不会让人很在意吗……？",桑山千雪,W.I.N.G.編,やりたいこと、全部
桑山千雪\W.I.N.G.編\やりたいこと、全部.csv,28,6016001090060,千雪,"嘿……咻，好了，制作人先生
让我看看您的衣角吧~",桑山千雪,W.I.N.G.編,やりたいこと、全部
桑山千雪\W.I.N.G.編\やりたいこと、全部.csv,30,6016001090070,千雪,好的♪,桑山千雪,W.I.N.G.編,やりたいこと、全部
桑山千雪\W.I.N.G.編\やりたいこと、全部.csv,32,6016001090080,千雪,是的♪,桑山千雪,W.I.N.G.編,やりたいこと、全部
桑山千雪\W.I.N.G.編\やりたいこと、全部.csv,34,6016001090090,千雪,"……是的
我仍然半是不敢置信的心情",桑山千雪,W.I.N.G.編,やりたいこと、全部
桑山千雪\W.I.N.G.編\やりたいこと、全部.csv,35,6016001090100,千雪,"而且，虽然我也想过，自己难道就不累吗……
但是，很不可思议，我完全没有累",桑山千雪,W.I.N.G.編,やりたいこと、全部
桑山千雪\W.I.N.G.編\やりたいこと、全部.csv,36,6016001090110,千雪,"总感觉，砰砰的心跳一直安静地持续着……
脚下也是轻飘飘的感觉",桑山千雪,W.I.N.G.編,やりたいこと、全部
桑山千雪\W.I.N.G.編\やりたいこと、全部.csv,38,6016001090120,千雪,"我觉得就是这样的
……呵呵，居然能在“WING”中取得优胜",桑山千雪,W.I.N.G.編,やりたいこと、全部
桑山千雪\W.I.N.G.編\やりたいこと、全部.csv,39,6016001090130,千雪,"每天都发生太多事情了，
感觉就像是在忙活完各种各样的事情之后，不知不觉就……",桑山千雪,W.I.N.G.編,やりたいこと、全部
桑山千雪\W.I.N.G.編\やりたいこと、全部.csv,42,6016001090140,千雪,"……好
缝好了♪",桑山千雪,W.I.N.G.編,やりたいこと、全部
桑山千雪\W.I.N.G.編\やりたいこと、全部.csv,44,6016001090150,千雪,"呵呵，毕竟那个时候，
制作人先生的扣子真的很摇摇欲坠了嘛……",桑山千雪,W.I.N.G.編,やりたいこと、全部
桑山千雪\W.I.N.G.編\やりたいこと、全部.csv,46,6016001090160,千雪,"不，怎么这么郑重……
不用谢",桑山千雪,W.I.N.G.編,やりたいこと、全部
桑山千雪\W.I.N.G.編\やりたいこと、全部.csv,47,6016001090170,千雪,"但是……真的好不可思议
和那时候比起来，很多东西都变了呢",桑山千雪,W.I.N.G.編,やりたいこと、全部
桑山千雪\W.I.N.G.編\やりたいこと、全部.csv,49,6016001090180,千雪,真是的，您又用那种说法……,桑山千雪,W.I.N.G.編,やりたいこと、全部
桑山千雪\W.I.N.G.編\やりたいこと、全部.csv,52,6016001090190,千雪,呵呵，嗯,桑山千雪,W.I.N.G.編,やりたいこと、全部
桑山千雪\W.I.N.G.編\やりたいこと、全部.csv,54,6016001090200,千雪,"嗯
但是，我……",桑山千雪,W.I.N.G.編,やりたいこと、全部
桑山千雪\W.I.N.G.編\やりたいこと、全部.csv,55,6016001090210,千雪,我觉得，原本就不可能存在只有其中一种的未来,桑山千雪,W.I.N.G.編,やりたいこと、全部
桑山千雪\W.I.N.G.編\やりたいこと、全部.csv,56,6016001090220,千雪,因为，我和制作人先生相遇了啊,桑山千雪,W.I.N.G.編,やりたいこと、全部
桑山千雪\W.I.N.G.編\やりたいこと、全部.csv,58,6016001090230,千雪,"是的
能让他人……能让很多人露出笑容……",桑山千雪,W.I.N.G.編,やりたいこと、全部
桑山千雪\W.I.N.G.編\やりたいこと、全部.csv,59,6016001090240,千雪,"我也能做到这种事情
这是制作人……",桑山千雪,W.I.N.G.編,やりたいこと、全部
桑山千雪\W.I.N.G.編\やりたいこと、全部.csv,60,6016001090250,千雪,是制作人，告诉我的……,桑山千雪,W.I.N.G.編,やりたいこと、全部
桑山千雪\W.I.N.G.編\やりたいこと、全部.csv,62,6016001090260,千雪,"杂货也好，偶像也好
都是因为有制作人先生在，我才没有放弃走到了这一步",桑山千雪,W.I.N.G.編,やりたいこと、全部
桑山千雪\W.I.N.G.編\やりたいこと、全部.csv,63,6016001090270,千雪,"比起这么说，这两种工作都能发光，我能让两边都焕发出光辉……
制作人也让我注意到了这一点",桑山千雪,W.I.N.G.編,やりたいこと、全部
桑山千雪\W.I.N.G.編\やりたいこと、全部.csv,65,6016001090280,千雪,"真是的……
那是我的台词啊~……",桑山千雪,W.I.N.G.編,やりたいこと、全部
桑山千雪\W.I.N.G.編\やりたいこと、全部.csv,68,6016001090290,千雪,制、制作人先生……,桑山千雪,W.I.N.G.編,やりたいこと、全部
桑山千雪\W.I.N.G.編\やりたいこと、全部.csv,70,6016001090300,千雪,"……是
明天……从今之后，您也会在我的身边支撑我吗……？",桑山千雪,W.I.N.G.編,やりたいこと、全部
桑山千雪\W.I.N.G.編\やりたいこと、全部.csv,72,6016001090310,千雪,"……呵呵
是，制作人先生！",桑山千雪,W.I.N.G.編,やりたいこと、全部
桑山千雪\W.I.N.G.編\オーディション後 勝利①.csv,3,5016001000110010,千雪,"合格，呢……
总感觉，一下子安下心来了",桑山千雪,W.I.N.G.編,オーディション後 勝利①
桑山千雪\W.I.N.G.編\オーディション後 勝利①.csv,4,5016001000110020,千雪,"但是，我还完全没有习惯
也不知道自己做得好不好……",桑山千雪,W.I.N.G.編,オーディション後 勝利①
桑山千雪\W.I.N.G.編\オーディション後 勝利①.csv,7,5016001000110030,千雪,"是……吗
如果真的把笑容传递给了大家，那就太好了……",桑山千雪,W.I.N.G.編,オーディション後 勝利①
桑山千雪\W.I.N.G.編\オーディション後 勝利①.csv,8,5016001000110040,千雪,呵呵，好像感觉力气一下子全都溜走了,桑山千雪,W.I.N.G.編,オーディション後 勝利①
桑山千雪\W.I.N.G.編\オーディション後 勝利①.csv,9,5016001000110050,千雪,"但是，这再怎么说也只是一小步对吧
我还必须继续加油才行",桑山千雪,W.I.N.G.編,オーディション後 勝利①
桑山千雪\W.I.N.G.編\オーディション後 勝利②.csv,3,5016001000210010,千雪,"是的！我做到了，制作人先生♪
呜呼呼……♪",桑山千雪,W.I.N.G.編,オーディション後 勝利②
桑山千雪\W.I.N.G.編\オーディション後 勝利②.csv,5,5016001000210020,千雪,"啊……对不起
一不小心就闹腾起来了……",桑山千雪,W.I.N.G.編,オーディション後 勝利②
桑山千雪\W.I.N.G.編\オーディション後 勝利②.csv,7,5016001000210030,千雪,呵呵，好的！,桑山千雪,W.I.N.G.編,オーディション後 勝利②
桑山千雪\W.I.N.G.編\オーディション後 勝利②.csv,8,5016001000210040,千雪,"……但是，还远远没有结束
所以在这之后，我也会尽全力加油的哦",桑山千雪,W.I.N.G.編,オーディション後 勝利②
桑山千雪\W.I.N.G.編\オーディション後 敗北①.csv,2,5016001000120010,千雪,"没能、合格……
对不起……",桑山千雪,W.I.N.G.編,オーディション後 敗北①
桑山千雪\W.I.N.G.編\オーディション後 敗北①.csv,4,5016001000120020,千雪,"……是
谢谢您安慰我",桑山千雪,W.I.N.G.編,オーディション後 敗北①
桑山千雪\W.I.N.G.編\オーディション後 敗北①.csv,6,5016001000120030,千雪,制作人,桑山千雪,W.I.N.G.編,オーディション後 敗北①
桑山千雪\W.I.N.G.編\オーディション後 敗北①.csv,8,5016001000120040,千雪,"……好的！我也不能就此消沉下去
还有很多能做的事情，对吧",桑山千雪,W.I.N.G.編,オーディション後 敗北①
桑山千雪\W.I.N.G.編\オーディション後 敗北①.csv,9,5016001000120050,千雪,"下次一定要合格
制作人先生，我的事情以后也要多多拜托您了！",桑山千雪,W.I.N.G.編,オーディション後 敗北①
桑山千雪\W.I.N.G.編\オーディション後 敗北②.csv,3,5016001000220010,千雪,"也就是说……
我没怎么能让大家开心起来吧",桑山千雪,W.I.N.G.編,オーディション後 敗北②
桑山千雪\W.I.N.G.編\オーディション後 敗北②.csv,7,5016001000220020,千雪,"制作人先生……
谢谢您",桑山千雪,W.I.N.G.編,オーディション後 敗北②
桑山千雪\W.I.N.G.編\オーディション後 敗北②.csv,8,5016001000220030,千雪,"是呢
各位审查员也好，愿意注视着我的重要的人们也好……",桑山千雪,W.I.N.G.編,オーディション後 敗北②
桑山千雪\W.I.N.G.編\オーディション後 敗北②.csv,9,5016001000220040,千雪,"我忘记了自己初心
为了能让大家露出更多的笑容，我会努力的！",桑山千雪,W.I.N.G.編,オーディション後 敗北②
桑山千雪\W.I.N.G.編\優しいひと.csv,76,1016001010190,千雪,"那个……
打扰了，我是桑山千雪……",桑山千雪,W.I.N.G.編,優しいひと
桑山千雪\W.I.N.G.編\優しいひと.csv,79,1016001010200,千雪,"嗯
那份邀请……我就接受了",桑山千雪,W.I.N.G.編,優しいひと
桑山千雪\W.I.N.G.編\優しいひと.csv,81,1016001010210,千雪,"嗯。虽然对我自己来说也是不可思议的决定，
不过“让许多人绽放笑容”这样的话语，我无法忘记",桑山千雪,W.I.N.G.編,優しいひと
桑山千雪\W.I.N.G.編\優しいひと.csv,82,1016001010220,千雪,"如果可以继续现在的工作的话……
请让我从练习开始挑战",桑山千雪,W.I.N.G.編,優しいひと
桑山千雪\W.I.N.G.編\優しいひと.csv,84,1016001010230,千雪,"哇……！　谢谢了
那就请多指教了，制作人",桑山千雪,W.I.N.G.編,優しいひと
桑山千雪\W.I.N.G.編\千雪の決意.csv,2,1016001040010,千雪,早上好！,桑山千雪,W.I.N.G.編,千雪の決意
桑山千雪\W.I.N.G.編\千雪の決意.csv,3,1016001040020,千雪,"制作人，上次的事情
真的，非常抱歉",桑山千雪,W.I.N.G.編,千雪の決意
桑山千雪\W.I.N.G.編\千雪の決意.csv,5,1016001040030,千雪,"嗯。在明明这么重要的舞台之前
我却休息了整整三天",桑山千雪,W.I.N.G.編,千雪の決意
桑山千雪\W.I.N.G.編\千雪の決意.csv,6,1016001040040,千雪,……我，一定要让这个周末的表演成功！,桑山千雪,W.I.N.G.編,千雪の決意
桑山千雪\W.I.N.G.編\千雪の決意.csv,8,1016001040050,千雪,"虽然出场时间可能才20多分钟，不过在这里
我想把至今为止的自己，全部展现出来",桑山千雪,W.I.N.G.編,千雪の決意
桑山千雪\W.I.N.G.編\千雪の決意.csv,11,1016001040060,千雪,"嗯，没问题
然后，制作人",桑山千雪,W.I.N.G.編,千雪の決意
桑山千雪\W.I.N.G.編\千雪の決意.csv,12,1016001040070,千雪,等这个结束之后，我——,桑山千雪,W.I.N.G.編,千雪の決意
桑山千雪\W.I.N.G.編\千雪の決意.csv,16,1016001040080,千雪,"……嗯
要是制作人这么说的话",桑山千雪,W.I.N.G.編,千雪の決意
桑山千雪\W.I.N.G.編\千雪の決意.csv,17,1016001040090,千雪,"请在舞台之后留出时间
……那我去练习了",桑山千雪,W.I.N.G.編,千雪の決意
桑山千雪\W.I.N.G.編\千雪の決意.csv,22,1016001040100,千雪,"嗯，制作人
我非常，非常地紧张……",桑山千雪,W.I.N.G.編,千雪の決意
桑山千雪\W.I.N.G.編\千雪の決意.csv,23,1016001040110,千雪,"但也觉得激动不已
这样的感觉，还是第一次……",桑山千雪,W.I.N.G.編,千雪の決意
桑山千雪\W.I.N.G.編\千雪の決意.csv,25,1016001040120,千雪,"虽然我一直想着努力，但总是下不定决心
不过要登上舞台……竟然是这么的刺激",桑山千雪,W.I.N.G.編,千雪の決意
桑山千雪\W.I.N.G.編\千雪の決意.csv,28,1016001040130,千雪,"制作人……
是！",桑山千雪,W.I.N.G.編,千雪の決意
桑山千雪\W.I.N.G.編\千雪の決意.csv,33,1016001040140,千雪,"谢谢您的到来～！
希望能再见到您～",桑山千雪,W.I.N.G.編,千雪の決意
桑山千雪\W.I.N.G.編\千雪の決意.csv,34,1016001040150,千雪,"哇啊，花……！
谢谢您～",桑山千雪,W.I.N.G.編,千雪の決意
桑山千雪\W.I.N.G.編\千雪の決意.csv,41,1016001040160,千雪,"哇啊，真的吗？
真令人高兴～",桑山千雪,W.I.N.G.編,千雪の決意
桑山千雪\W.I.N.G.編\千雪の決意.csv,43,1016001040170,千雪,"谢谢您！
您辛苦了—！",桑山千雪,W.I.N.G.編,千雪の決意
桑山千雪\W.I.N.G.編\千雪の決意.csv,45,1016001040180,千雪,"啊，制作人，辛苦了
是好消息哦～",桑山千雪,W.I.N.G.編,千雪の決意
桑山千雪\W.I.N.G.編\千雪の決意.csv,46,1016001040190,千雪,我拿到了舞台表演的工作了♪,桑山千雪,W.I.N.G.編,千雪の決意
桑山千雪\W.I.N.G.編\千雪の決意.csv,48,1016001040200,千雪,"啊……那件事还没说呢
本来想着，待会再好好讲清楚来着……",桑山千雪,W.I.N.G.編,千雪の決意
桑山千雪\W.I.N.G.編\千雪の決意.csv,49,1016001040210,千雪,"我辞去店里的工作了，
从今以后以偶像的身份，好好努力下去",桑山千雪,W.I.N.G.編,千雪の決意
桑山千雪\W.I.N.G.編\千雪の決意.csv,51,1016001040220,千雪,"呵呵，对♪　
所以对粉丝们的各位好好送行了",桑山千雪,W.I.N.G.編,千雪の決意
桑山千雪\W.I.N.G.編\千雪の決意.csv,52,1016001040230,千雪,"因为打招呼，是制作人教给我的
基本啊",桑山千雪,W.I.N.G.編,千雪の決意
桑山千雪\W.I.N.G.編\千雪の決意.csv,54,1016001040240,千雪,"只要还能让他人露出笑容，
我就不会停止做杂货",桑山千雪,W.I.N.G.編,千雪の決意
桑山千雪\W.I.N.G.編\千雪の決意.csv,55,1016001040250,千雪,"从今往后，想制作能让自己和ALSTROEMERIA的大家，
以及粉丝的各位都能高兴的杂货",桑山千雪,W.I.N.G.編,千雪の決意
桑山千雪\W.I.N.G.編\千雪の決意.csv,57,1016001040260,千雪,"制作人，
能继续……为我应援吗……？",桑山千雪,W.I.N.G.編,千雪の決意
桑山千雪\W.I.N.G.編\千雪の決意.csv,63,1016001040270,千雪,"嗯
因为这次的事情我终于注意到了",桑山千雪,W.I.N.G.編,千雪の決意
桑山千雪\W.I.N.G.編\千雪の決意.csv,64,1016001040280,千雪,"我比自己想得还要，
无论是偶像还是杂货，都非常地喜欢……",桑山千雪,W.I.N.G.編,千雪の決意
桑山千雪\W.I.N.G.編\千雪の決意.csv,69,1016001040290,千雪,"制作人……我，
偶像事业，会加油的",桑山千雪,W.I.N.G.編,千雪の決意
桑山千雪\W.I.N.G.編\千雪の決意.csv,72,1016001040300,千雪,"……呵呵。制作人
一直都这样，毫不犹豫地对我说这些……",桑山千雪,W.I.N.G.編,千雪の決意
桑山千雪\W.I.N.G.編\千雪の決意.csv,73,1016001040310,千雪,谢谢你，制作人……,桑山千雪,W.I.N.G.編,千雪の決意
桑山千雪\W.I.N.G.編\感謝してます.csv,11,6016001070010,千雪,嗯……,桑山千雪,W.I.N.G.編,感謝してます
桑山千雪\W.I.N.G.編\感謝してます.csv,12,6016001070020,千雪,"……但是，我真的很感谢
您让我有机会站上那个舞台",桑山千雪,W.I.N.G.編,感謝してます
桑山千雪\W.I.N.G.編\感謝してます.csv,14,6016001070030,千雪,在那里，我看见了有生以来最多的一次笑容,桑山千雪,W.I.N.G.編,感謝してます
桑山千雪\W.I.N.G.編\感謝してます.csv,15,6016001070040,千雪,"然后，我不知怎么就想到，
自己来到这里真是个正确的选择……",桑山千雪,W.I.N.G.編,感謝してます
桑山千雪\W.I.N.G.編\感謝してます.csv,16,6016001070050,千雪,所以，没关系的,桑山千雪,W.I.N.G.編,感謝してます
桑山千雪\W.I.N.G.編\感謝してます.csv,17,6016001070060,千雪,"一个一个，一人一人……
我要让笑容像这样不断增加",桑山千雪,W.I.N.G.編,感謝してます
桑山千雪\W.I.N.G.編\感謝してます.csv,18,6016001070070,千雪,"因为，自己作为偶像必须要做的事情
一点也没有改变",桑山千雪,W.I.N.G.編,感謝してます
桑山千雪\W.I.N.G.編\感謝してます.csv,21,6016001070080,千雪,"制作人先生……？
……真是的",桑山千雪,W.I.N.G.編,感謝してます
桑山千雪\W.I.N.G.編\感謝してます.csv,22,6016001070090,千雪,那不是该在赢的时候说的台词吗？,桑山千雪,W.I.N.G.編,感謝してます
桑山千雪\W.I.N.G.編\感謝してます.csv,24,6016001070100,千雪,……呵呵，制作人先生……,桑山千雪,W.I.N.G.編,感謝してます
桑山千雪\W.I.N.G.編\感謝してます.csv,25,6016001070110,千雪,"我也是，觉得那个时候制作人上前向我搭话
真的是太好了……",桑山千雪,W.I.N.G.編,感謝してます
桑山千雪\W.I.N.G.編\敗退コミュ.csv,2,6016001020010,千雪,"……对不起，我输掉了
我还差得远呢……",桑山千雪,W.I.N.G.編,敗退コミュ
桑山千雪\W.I.N.G.編\敗退コミュ.csv,4,6016001020020,千雪,偶像是份什么样的工作,桑山千雪,W.I.N.G.編,敗退コミュ
桑山千雪\W.I.N.G.編\敗退コミュ.csv,5,6016001020030,千雪,能在舞台之上、之下分别做到些什么,桑山千雪,W.I.N.G.編,敗退コミュ
桑山千雪\W.I.N.G.編\敗退コミュ.csv,6,6016001020040,千雪,我都还远远没能理解,桑山千雪,W.I.N.G.編,敗退コミュ
桑山千雪\W.I.N.G.編\敗退コミュ.csv,8,6016001020050,千雪,"对不起……我……
明明在努力想着，这还不是结局……",桑山千雪,W.I.N.G.編,敗退コミュ
桑山千雪\W.I.N.G.編\敗退コミュ.csv,9,6016001020060,千雪,但是，就算还不是结局，我也还差得远啊……,桑山千雪,W.I.N.G.編,敗退コミュ
桑山千雪\W.I.N.G.編\敗退コミュ.csv,11,6016001020070,千雪,"谢谢您……
制作人先生……",桑山千雪,W.I.N.G.編,敗退コミュ
桑山千雪\W.I.N.G.編\新人のお仕事.csv,3,1016001020010,千雪,"哈啊……哈啊……
制作人，让你久等了～！",桑山千雪,W.I.N.G.編,新人のお仕事
桑山千雪\W.I.N.G.編\新人のお仕事.csv,4,1016001020020,千雪,"不好意思
杂货店的工作稍微延长了下……",桑山千雪,W.I.N.G.編,新人のお仕事
桑山千雪\W.I.N.G.編\新人のお仕事.csv,7,1016001020030,千雪,"没事，我会加油的～！
今天的工作是打招呼……对吧？",桑山千雪,W.I.N.G.編,新人のお仕事
桑山千雪\W.I.N.G.編\新人のお仕事.csv,10,1016001020040,千雪,"嗯
……我能做好吗",桑山千雪,W.I.N.G.編,新人のお仕事
桑山千雪\W.I.N.G.編\新人のお仕事.csv,14,1016001020050,千雪,明，明白了,桑山千雪,W.I.N.G.編,新人のお仕事
桑山千雪\W.I.N.G.編\新人のお仕事.csv,15,1016001020060,千雪,"我叫做桑山千雪，是新人偶像
还请多关照",桑山千雪,W.I.N.G.編,新人のお仕事
桑山千雪\W.I.N.G.編\新人のお仕事.csv,17,1016001020070,千雪,"嗯，嗯
非常感谢",桑山千雪,W.I.N.G.編,新人のお仕事
桑山千雪\W.I.N.G.編\新人のお仕事.csv,20,1016001020080,千雪,"谢谢
能这样说的话我就安心了",桑山千雪,W.I.N.G.編,新人のお仕事
桑山千雪\W.I.N.G.編\新人のお仕事.csv,21,1016001020090,千雪,"虽然总感觉有点害羞……
不过能受到表扬还是挺开心的……",桑山千雪,W.I.N.G.編,新人のお仕事
桑山千雪\W.I.N.G.編\新人のお仕事.csv,23,1016001020100,千雪,……哇啊,桑山千雪,W.I.N.G.編,新人のお仕事
桑山千雪\W.I.N.G.編\新人のお仕事.csv,25,1016001020110,千雪,"超出了我的想象……
偶像努力的姿态，是那么的有魅力啊",桑山千雪,W.I.N.G.編,新人のお仕事
桑山千雪\W.I.N.G.編\新人のお仕事.csv,27,1016001020120,千雪,……对，不知道能不能这样说,桑山千雪,W.I.N.G.編,新人のお仕事
桑山千雪\W.I.N.G.編\新人のお仕事.csv,28,1016001020130,千雪,"刚才的舞台，
无论是观众还是工作人员，大家都很开心……",桑山千雪,W.I.N.G.編,新人のお仕事
桑山千雪\W.I.N.G.編\新人のお仕事.csv,29,1016001020140,千雪,"我也能像那样，面对这么多的人
展露出笑容吗……有点担心",桑山千雪,W.I.N.G.編,新人のお仕事
桑山千雪\W.I.N.G.編\新人のお仕事.csv,31,1016001020150,千雪,……制作人,桑山千雪,W.I.N.G.編,新人のお仕事
桑山千雪\W.I.N.G.編\新人のお仕事.csv,32,1016001020160,千雪,"呵呵，嗯……
那，我要花更多的时间到偶像活动中去了",桑山千雪,W.I.N.G.編,新人のお仕事
桑山千雪\W.I.N.G.編\新人のお仕事.csv,41,1016001020170,千雪,"嗯
就是说首先要先让人记住我的长相和名字吧",桑山千雪,W.I.N.G.編,新人のお仕事
桑山千雪\W.I.N.G.編\新人のお仕事.csv,43,1016001020180,千雪,呀，这么……！,桑山千雪,W.I.N.G.編,新人のお仕事
桑山千雪\W.I.N.G.編\新人のお仕事.csv,44,1016001020190,千雪,"不过，想想这样让别人知道笑容的工作
……真是太棒了",桑山千雪,W.I.N.G.編,新人のお仕事
桑山千雪\W.I.N.G.編\新人のお仕事.csv,48,1016001020200,千雪,"是啊……接受了的工作
必须真正对待才行",桑山千雪,W.I.N.G.編,新人のお仕事
桑山千雪\W.I.N.G.編\新人のお仕事.csv,49,1016001020210,千雪,"能听到制作人这么说，
……真是太好了",桑山千雪,W.I.N.G.編,新人のお仕事
桑山千雪\W.I.N.G.編\新人のお仕事.csv,51,1016001020220,千雪,嗯……！,桑山千雪,W.I.N.G.編,新人のお仕事
桑山千雪\W.I.N.G.編\新人のお仕事.csv,54,1016001020230,千雪,"是啊。那么赶快……
之后可以请您陪我一起吗？",桑山千雪,W.I.N.G.編,新人のお仕事
桑山千雪\W.I.N.G.編\新人のお仕事.csv,56,1016001020240,千雪,"那么……就当做训练！
制作人，在河滩边跑步吧！",桑山千雪,W.I.N.G.編,新人のお仕事
桑山千雪\W.I.N.G.編\新人のお仕事.csv,60,1016001020260,千雪,"啊，嗯……！
我会加油的，制作人！",桑山千雪,W.I.N.G.編,新人のお仕事
桑山千雪\W.I.N.G.編\決勝前コミュ.csv,2,6016001040010,千雪,,桑山千雪,W.I.N.G.編,決勝前コミュ
桑山千雪\W.I.N.G.編\決勝前コミュ.csv,4,6016001040020,千雪,"啊……不用！
呵呵……",桑山千雪,W.I.N.G.編,決勝前コミュ
桑山千雪\W.I.N.G.編\決勝前コミュ.csv,5,6016001040030,千雪,我，正在发抖,桑山千雪,W.I.N.G.編,決勝前コミュ
桑山千雪\W.I.N.G.編\決勝前コミュ.csv,7,6016001040040,千雪,"不……不是那样的
比起说不是那样……",桑山千雪,W.I.N.G.編,決勝前コミュ
桑山千雪\W.I.N.G.編\決勝前コミュ.csv,8,6016001040050,千雪,我的心中非常地激动，非常地炽热,桑山千雪,W.I.N.G.編,決勝前コミュ
桑山千雪\W.I.N.G.編\決勝前コミュ.csv,9,6016001040060,千雪,"我虽然觉得胜败没有那么重要，
但是，想要赢下来这场比赛，想要在赢下来之后露出笑容……",桑山千雪,W.I.N.G.編,決勝前コミュ
桑山千雪\W.I.N.G.編\決勝前コミュ.csv,10,6016001040070,千雪,我也有这样的想法,桑山千雪,W.I.N.G.編,決勝前コミュ
桑山千雪\W.I.N.G.編\決勝前コミュ.csv,13,6016001040080,千雪,制作人先生……,桑山千雪,W.I.N.G.編,決勝前コミュ
桑山千雪\W.I.N.G.編\決勝後コミュ.csv,3,6016001060010,千雪,呵呵，是的,桑山千雪,W.I.N.G.編,決勝後コミュ
桑山千雪\W.I.N.G.編\決勝後コミュ.csv,5,6016001060020,千雪,呵呵……是的,桑山千雪,W.I.N.G.編,決勝後コミュ
桑山千雪\W.I.N.G.編\決勝後コミュ.csv,6,6016001060030,千雪,"许多的人在欢笑，
但是，笑容只能一个一个地独立产生",桑山千雪,W.I.N.G.編,決勝後コミュ
桑山千雪\W.I.N.G.編\決勝後コミュ.csv,7,6016001060040,千雪,每一个笑容，都互不相同……,桑山千雪,W.I.N.G.編,決勝後コミュ
桑山千雪\W.I.N.G.編\決勝後コミュ.csv,8,6016001060050,千雪,不知怎么，就有了这样的想法……,桑山千雪,W.I.N.G.編,決勝後コミュ
桑山千雪\W.I.N.G.編\決勝後コミュ.csv,9,6016001060060,千雪,对不起，我已经没法顺利地组织语言……,桑山千雪,W.I.N.G.編,決勝後コミュ
桑山千雪\W.I.N.G.編\決勝後コミュ.csv,14,6016001060070,千雪,"制作人先生……
这全都是，制作人先生的功劳……！",桑山千雪,W.I.N.G.編,決勝後コミュ
桑山千雪\W.I.N.G.編\準決勝前コミュ.csv,2,6016001010010,千雪,呼……,桑山千雪,W.I.N.G.編,準決勝前コミュ
桑山千雪\W.I.N.G.編\準決勝前コミュ.csv,4,6016001010020,千雪,"是的。稍微有点……
但是……我觉得肯定没问题的",桑山千雪,W.I.N.G.編,準決勝前コミュ
桑山千雪\W.I.N.G.編\準決勝前コミュ.csv,5,6016001010030,千雪,"因为我很明白……
自己只能前进了",桑山千雪,W.I.N.G.編,準決勝前コミュ
桑山千雪\W.I.N.G.編\準決勝前コミュ.csv,7,6016001010040,千雪,"而且，
制作人先生也在为我加油",桑山千雪,W.I.N.G.編,準決勝前コミュ
桑山千雪\W.I.N.G.編\準決勝前コミュ.csv,9,6016001010050,千雪,呵呵，谢谢您……,桑山千雪,W.I.N.G.編,準決勝前コミュ
桑山千雪\W.I.N.G.編\準決勝前コミュ.csv,10,6016001010060,千雪,"如果我好像要停下来了，
您会责备我吗……？",桑山千雪,W.I.N.G.編,準決勝前コミュ
桑山千雪\W.I.N.G.編\準決勝前コミュ.csv,12,6016001010070,千雪,"好的……
那，我要上了哦！",桑山千雪,W.I.N.G.編,準決勝前コミュ
桑山千雪\W.I.N.G.編\準決勝後コミュ.csv,2,6016001030010,千雪,"制作人先生……
我……赢了！",桑山千雪,W.I.N.G.編,準決勝後コミュ
桑山千雪\W.I.N.G.編\準決勝後コミュ.csv,4,6016001030020,千雪,"是的，谢谢您！
但是……",桑山千雪,W.I.N.G.編,準決勝後コミュ
桑山千雪\W.I.N.G.編\準決勝後コミュ.csv,6,6016001030030,千雪,是、是的……虽然这样非常幼稚……,桑山千雪,W.I.N.G.編,準決勝後コミュ
桑山千雪\W.I.N.G.編\準決勝後コミュ.csv,7,6016001030040,千雪,"但是，制作人先生在这里，
各位粉丝也在……",桑山千雪,W.I.N.G.編,準決勝後コミュ
桑山千雪\W.I.N.G.編\準決勝後コミュ.csv,8,6016001030050,千雪,"高兴的心情堆积在一起……
让人觉得，已经没有什么不足够的东西了",桑山千雪,W.I.N.G.編,準決勝後コミュ
桑山千雪\W.I.N.G.編\準決勝後コミュ.csv,10,6016001030060,千雪,"在下一次的舞台上，我想表现出来
自己感谢的心情，还有比起现在还要更加高兴的心情",桑山千雪,W.I.N.G.編,準決勝後コミュ
桑山千雪\【RELAXIN】桑山千雪\桑山ハウスに冬がきました.csv,2,3016011010010,千雪,“咕嘟咕嘟的水煮声”,桑山千雪,【RELAXIN】桑山千雪,桑山ハウスに冬がきました
桑山千雪\【RELAXIN】桑山千雪\桑山ハウスに冬がきました.csv,3,3016011010020,千雪,"“‘变美味吧’
像这样向蔬菜跟肉施加魔法――”",桑山千雪,【RELAXIN】桑山千雪,桑山ハウスに冬がきました
桑山千雪\【RELAXIN】桑山千雪\桑山ハウスに冬がきました.csv,14,3016011010130,千雪,"呵呵
嗯，穿得很严实",桑山千雪,【RELAXIN】桑山千雪,桑山ハウスに冬がきました
桑山千雪\【RELAXIN】桑山千雪\桑山ハウスに冬がきました.csv,16,3016011010150,千雪,哇，被甘奈夸了,桑山千雪,【RELAXIN】桑山千雪,桑山ハウスに冬がきました
桑山千雪\【RELAXIN】桑山千雪\桑山ハウスに冬がきました.csv,17,3016011010160,千雪,不过，最好早点回去哦,桑山千雪,【RELAXIN】桑山千雪,桑山ハウスに冬がきました
桑山千雪\【RELAXIN】桑山千雪\桑山ハウスに冬がきました.csv,19,3016011010170,千雪,"……？
总觉得，变安静了",桑山千雪,【RELAXIN】桑山千雪,桑山ハウスに冬がきました
桑山千雪\【RELAXIN】桑山千雪\桑山ハウスに冬がきました.csv,22,3016011010200,千雪,哇，是这样啊……！,桑山千雪,【RELAXIN】桑山千雪,桑山ハウスに冬がきました
桑山千雪\【RELAXIN】桑山千雪\桑山ハウスに冬がきました.csv,24,3016011010220,千雪,,桑山千雪,【RELAXIN】桑山千雪,桑山ハウスに冬がきました
桑山千雪\【RELAXIN】桑山千雪\桑山ハウスに冬がきました.csv,25,3016011010230,千雪,,桑山千雪,【RELAXIN】桑山千雪,桑山ハウスに冬がきました
桑山千雪\【RELAXIN】桑山千雪\桑山ハウスに冬がきました.csv,26,3016011010240,千雪,"呵呵
那样的话，决定了……！",桑山千雪,【RELAXIN】桑山千雪,桑山ハウスに冬がきました
桑山千雪\【RELAXIN】桑山千雪\桑山ハウスに冬がきました.csv,28,3016011010250,千雪,晚饭，来我家吃吧？,桑山千雪,【RELAXIN】桑山千雪,桑山ハウスに冬がきました
桑山千雪\【RELAXIN】桑山千雪\桑山ハウスに冬がきました.csv,31,3016011010260,千雪,"……不过，要是可以的话
希望可以由我来选食材────！",桑山千雪,【RELAXIN】桑山千雪,桑山ハウスに冬がきました
桑山千雪\【RELAXIN】桑山千雪\桑山ハウスに冬がきました.csv,33,3016011010280,千雪,"呵呵，是什么呢？
来猜猜看？",桑山千雪,【RELAXIN】桑山千雪,桑山ハウスに冬がきました
桑山千雪\【RELAXIN】桑山千雪\桑山ハウスに冬がきました.csv,36,3016011010310,千雪,给个提示，大家一起吃的话会特别好吃的东西,桑山千雪,【RELAXIN】桑山千雪,桑山ハウスに冬がきました
桑山千雪\【RELAXIN】桑山千雪\桑山ハウスに冬がきました.csv,39,3016011010340,千雪,"呵呵，也是
那样的话——",桑山千雪,【RELAXIN】桑山千雪,桑山ハウスに冬がきました
桑山千雪\【RELAXIN】桑山千雪\桑山ハウスに冬がきました.csv,40,3016011010350,千雪,"除了现在放进篮子里的……
还要买金针菇跟乌冬面",桑山千雪,【RELAXIN】桑山千雪,桑山ハウスに冬がきました
桑山千雪\【RELAXIN】桑山千雪\桑山ハウスに冬がきました.csv,42,3016011010370,千雪,"遗憾……！
乌冬面在最后才登场",桑山千雪,【RELAXIN】桑山千雪,桑山ハウスに冬がきました
桑山千雪\【RELAXIN】桑山千雪\桑山ハウスに冬がきました.csv,43,3016011010380,千雪,"还有，
这个也不能忘记────！",桑山千雪,【RELAXIN】桑山千雪,桑山ハウスに冬がきました
桑山千雪\【RELAXIN】桑山千雪\桑山ハウスに冬がきました.csv,47,3016011010410,千雪,"呵呵呵
那么，请回答……！",桑山千雪,【RELAXIN】桑山千雪,桑山ハウスに冬がきました
桑山千雪\【RELAXIN】桑山千雪\桑山ハウスに冬がきました.csv,49,3016011010420,千雪,回答正确,桑山千雪,【RELAXIN】桑山千雪,桑山ハウスに冬がきました
桑山千雪\【RELAXIN】桑山千雪\桑山ハウスに冬がきました.csv,53,3016011010460,千雪,"……要吃火锅，
一个人的话比较难做",桑山千雪,【RELAXIN】桑山千雪,桑山ハウスに冬がきました
桑山千雪\【RELAXIN】桑山千雪\桑山ハウスに冬がきました.csv,54,3016011010470,千雪,"桑山家的火锅，
请一起来吃吧",桑山千雪,【RELAXIN】桑山千雪,桑山ハウスに冬がきました
桑山千雪\【RELAXIN】桑山千雪\衝動的お鍋.csv,2,3016011020010,千雪,肉跟蔬菜，准备好了,桑山千雪,【RELAXIN】桑山千雪,衝動的お鍋
桑山千雪\【RELAXIN】桑山千雪\衝動的お鍋.csv,4,3016011020030,千雪,哇，谢谢你，甘奈,桑山千雪,【RELAXIN】桑山千雪,衝動的お鍋
桑山千雪\【RELAXIN】桑山千雪\衝動的お鍋.csv,5,3016011020040,千雪,"那个，应该在架子的第二层
还装在箱子里……",桑山千雪,【RELAXIN】桑山千雪,衝動的お鍋
桑山千雪\【RELAXIN】桑山千雪\衝動的お鍋.csv,7,3016011020060,千雪,嗯，好好洗一下比较好,桑山千雪,【RELAXIN】桑山千雪,衝動的お鍋
桑山千雪\【RELAXIN】桑山千雪\衝動的お鍋.csv,9,3016011020080,千雪,"是、是吗……
因为很可爱，不由得买了回来……！",桑山千雪,【RELAXIN】桑山千雪,衝動的お鍋
桑山千雪\【RELAXIN】桑山千雪\衝動的お鍋.csv,14,3016011020130,千雪,真的呢，很棒的一张脸,桑山千雪,【RELAXIN】桑山千雪,衝動的お鍋
桑山千雪\【RELAXIN】桑山千雪\衝動的お鍋.csv,16,3016011020150,千雪,那么，放蔬菜进去了……！,桑山千雪,【RELAXIN】桑山千雪,衝動的お鍋
桑山千雪\【RELAXIN】桑山千雪\衝動的お鍋.csv,18,3016011020170,千雪,啊，吃不完这么多吗？,桑山千雪,【RELAXIN】桑山千雪,衝動的お鍋
桑山千雪\【RELAXIN】桑山千雪\衝動的お鍋.csv,21,3016011020200,千雪,呵呵，太好了,桑山千雪,【RELAXIN】桑山千雪,衝動的お鍋
桑山千雪\【RELAXIN】桑山千雪\衝動的お鍋.csv,22,3016011020210,千雪,"希望能做得好吃……
——就只差放肉进去了，稍等一下哦",桑山千雪,【RELAXIN】桑山千雪,衝動的お鍋
桑山千雪\【RELAXIN】桑山千雪\衝動的お鍋.csv,27,3016011020260,千雪,久等了～！,桑山千雪,【RELAXIN】桑山千雪,衝動的お鍋
桑山千雪\【RELAXIN】桑山千雪\衝動的お鍋.csv,30,3016011020290,千雪,蔬菜，好像煮得不错,桑山千雪,【RELAXIN】桑山千雪,衝動的お鍋
桑山千雪\【RELAXIN】桑山千雪\衝動的お鍋.csv,31,3016011020300,千雪,多亏了你们两个的建议……！,桑山千雪,【RELAXIN】桑山千雪,衝動的お鍋
桑山千雪\【RELAXIN】桑山千雪\衝動的お鍋.csv,35,3016011020340,千雪,"呵呵呵
章鱼香肠也变得通红了",桑山千雪,【RELAXIN】桑山千雪,衝動的お鍋
桑山千雪\【RELAXIN】桑山千雪\衝動的お鍋.csv,36,3016011020350,千雪,请慢慢吃吧……！,桑山千雪,【RELAXIN】桑山千雪,衝動的お鍋
桑山千雪\【RELAXIN】桑山千雪\衝動的お鍋.csv,39,3016011020370,千雪,嗯……,桑山千雪,【RELAXIN】桑山千雪,衝動的お鍋
桑山千雪\【RELAXIN】桑山千雪\衝動的お鍋.csv,41,3016011020390,千雪,又温暖，又快乐,桑山千雪,【RELAXIN】桑山千雪,衝動的お鍋
桑山千雪\【RELAXIN】桑山千雪\衝動的お鍋.csv,43,3016011020410,千雪,这口锅看起来也很开心……,桑山千雪,【RELAXIN】桑山千雪,衝動的お鍋
桑山千雪\【RELAXIN】桑山千雪\衝動的お鍋.csv,45,3016011020430,千雪,"……啊，那个
呵呵────",桑山千雪,【RELAXIN】桑山千雪,衝動的お鍋
桑山千雪\【RELAXIN】桑山千雪\衝動的お鍋.csv,46,3016011020440,千雪,"露馅了……！
有点，害羞啊………",桑山千雪,【RELAXIN】桑山千雪,衝動的お鍋
桑山千雪\【RELAXIN】桑山千雪\衝動的お鍋.csv,47,3016011020450,千雪,"虽说本来不打算买的，
但是我想着，能三人围在一起的话，会很开心──",桑山千雪,【RELAXIN】桑山千雪,衝動的お鍋
桑山千雪\【RELAXIN】桑山千雪\衝動的お鍋.csv,51,3016011020490,千雪,"不，应该道谢的人是我才对……！
能煮火锅吃，我很开心",桑山千雪,【RELAXIN】桑山千雪,衝動的お鍋
桑山千雪\【RELAXIN】桑山千雪\衝動的お鍋.csv,53,3016011020510,千雪,哇，那个也不错……！,桑山千雪,【RELAXIN】桑山千雪,衝動的お鍋
桑山千雪\【RELAXIN】桑山千雪\衝動的お鍋.csv,55,3016011020530,千雪,呵呵,桑山千雪,【RELAXIN】桑山千雪,衝動的お鍋
桑山千雪\【RELAXIN】桑山千雪\衝動的お鍋.csv,56,3016011020540,千雪,"啊……
好温暖……！",桑山千雪,【RELAXIN】桑山千雪,衝動的お鍋
桑山千雪\【あたたかく、癒されて】桑山千雪\1.あの頃の、私のこと.csv,2,3016020010010,千雪,,桑山千雪,【あたたかく、癒されて】桑山千雪,1.あの頃の、私のこと
桑山千雪\【あたたかく、癒されて】桑山千雪\1.あの頃の、私のこと.csv,3,3016020010020,千雪,哈……,桑山千雪,【あたたかく、癒されて】桑山千雪,1.あの頃の、私のこと
桑山千雪\【あたたかく、癒されて】桑山千雪\1.あの頃の、私のこと.csv,4,3016020010030,千雪,诶，妈妈还寄了封信,桑山千雪,【あたたかく、癒されて】桑山千雪,1.あの頃の、私のこと
桑山千雪\【あたたかく、癒されて】桑山千雪\1.あの頃の、私のこと.csv,7,3016020010040,千雪,"哇，这一款
特别好吃呢",桑山千雪,【あたたかく、癒されて】桑山千雪,1.あの頃の、私のこと
桑山千雪\【あたたかく、癒されて】桑山千雪\1.あの頃の、私のこと.csv,8,3016020010050,千雪,"（告诉甘奈甜花她们
一起分享吧）",桑山千雪,【あたたかく、癒されて】桑山千雪,1.あの頃の、私のこと
桑山千雪\【あたたかく、癒されて】桑山千雪\1.あの頃の、私のこと.csv,9,3016020010060,千雪,（太感谢了，妈妈）,桑山千雪,【あたたかく、癒されて】桑山千雪,1.あの頃の、私のこと
桑山千雪\【あたたかく、癒されて】桑山千雪\1.あの頃の、私のこと.csv,12,3016020010070,千雪,"（怀旧物件……？
是什么啊）",桑山千雪,【あたたかく、癒されて】桑山千雪,1.あの頃の、私のこと
桑山千雪\【あたたかく、癒されて】桑山千雪\1.あの頃の、私のこと.csv,13,3016020010080,千雪,,桑山千雪,【あたたかく、癒されて】桑山千雪,1.あの頃の、私のこと
桑山千雪\【あたたかく、癒されて】桑山千雪\1.あの頃の、私のこと.csv,14,3016020010090,千雪,（这个确实……）,桑山千雪,【あたたかく、癒されて】桑山千雪,1.あの頃の、私のこと
桑山千雪\【あたたかく、癒されて】桑山千雪\1.あの頃の、私のこと.csv,15,3016020010100,千雪,,桑山千雪,【あたたかく、癒されて】桑山千雪,1.あの頃の、私のこと
桑山千雪\【あたたかく、癒されて】桑山千雪\1.あの頃の、私のこと.csv,16,3016020010110,千雪,等一下……,桑山千雪,【あたたかく、癒されて】桑山千雪,1.あの頃の、私のこと
桑山千雪\【あたたかく、癒されて】桑山千雪\1.あの頃の、私のこと.csv,17,3016020010120,千雪,"（现在翻开看的话
绝对又要耽搁到很晚……）",桑山千雪,【あたたかく、癒されて】桑山千雪,1.あの頃の、私のこと
桑山千雪\【あたたかく、癒されて】桑山千雪\1.あの頃の、私のこと.csv,18,3016020010130,千雪,"（明天还有工作
今天就先算了吧）",桑山千雪,【あたたかく、癒されて】桑山千雪,1.あの頃の、私のこと
桑山千雪\【あたたかく、癒されて】桑山千雪\1.あの頃の、私のこと.csv,19,3016020010140,千雪,"甘奈、甜花
现在有空吗？",桑山千雪,【あたたかく、癒されて】桑山千雪,1.あの頃の、私のこと
桑山千雪\【あたたかく、癒されて】桑山千雪\1.あの頃の、私のこと.csv,21,3016020010150,千雪,"有打发通勤时间的东西
要看一眼吗？",桑山千雪,【あたたかく、癒されて】桑山千雪,1.あの頃の、私のこと
桑山千雪\【あたたかく、癒されて】桑山千雪\1.あの頃の、私のこと.csv,23,3016020010170,千雪,"是我小时候的相册
昨天妈妈寄过来的",桑山千雪,【あたたかく、癒されて】桑山千雪,1.あの頃の、私のこと
桑山千雪\【あたたかく、癒されて】桑山千雪\1.あの頃の、私のこと.csv,26,3016020010200,千雪,"哈哈
没问题",桑山千雪,【あたたかく、癒されて】桑山千雪,1.あの頃の、私のこと
桑山千雪\【あたたかく、癒されて】桑山千雪\1.あの頃の、私のこと.csv,29,3016020010220,千雪,这张是5岁的时候,桑山千雪,【あたたかく、癒されて】桑山千雪,1.あの頃の、私のこと
桑山千雪\【あたたかく、癒されて】桑山千雪\1.あの頃の、私のこと.csv,31,3016020010240,千雪,"记得是第一次穿浴衣
特别开心",桑山千雪,【あたたかく、癒されて】桑山千雪,1.あの頃の、私のこと
桑山千雪\【あたたかく、癒されて】桑山千雪\1.あの頃の、私のこと.csv,32,3016020010250,千雪,"嘴角沾上酱汁也毫不在意
指着其他摊位说“还想吃那个！”",桑山千雪,【あたたかく、癒されて】桑山千雪,1.あの頃の、私のこと
桑山千雪\【あたたかく、癒されて】桑山千雪\1.あの頃の、私のこと.csv,34,3016020010270,千雪,嗯，当时很好动,桑山千雪,【あたたかく、癒されて】桑山千雪,1.あの頃の、私のこと
桑山千雪\【あたたかく、癒されて】桑山千雪\1.あの頃の、私のこと.csv,35,3016020010280,千雪,记忆很清晰……,桑山千雪,【あたたかく、癒されて】桑山千雪,1.あの頃の、私のこと
桑山千雪\【あたたかく、癒されて】桑山千雪\1.あの頃の、私のこと.csv,36,3016020010290,千雪,这张照片,桑山千雪,【あたたかく、癒されて】桑山千雪,1.あの頃の、私のこと
桑山千雪\【あたたかく、癒されて】桑山千雪\1.あの頃の、私のこと.csv,39,3016020010320,千雪,"家附近的山自然风光好
经常去那里玩——",桑山千雪,【あたたかく、癒されて】桑山千雪,1.あの頃の、私のこと
桑山千雪\【あたたかく、癒されて】桑山千雪\1.あの頃の、私のこと.csv,40,3016020010330,千雪,藏好了吗？,桑山千雪,【あたたかく、癒されて】桑山千雪,1.あの頃の、私のこと
桑山千雪\【あたたかく、癒されて】桑山千雪\1.あの頃の、私のこと.csv,42,3016020010340,千雪,好了吗？,桑山千雪,【あたたかく、癒されて】桑山千雪,1.あの頃の、私のこと
桑山千雪\【あたたかく、癒されて】桑山千雪\1.あの頃の、私のこと.csv,44,3016020010350,千雪,……开始了哦！,桑山千雪,【あたたかく、癒されて】桑山千雪,1.あの頃の、私のこと
桑山千雪\【あたたかく、癒されて】桑山千雪\1.あの頃の、私のこと.csv,45,3016020010360,千雪,找到了！,桑山千雪,【あたたかく、癒されて】桑山千雪,1.あの頃の、私のこと
桑山千雪\【あたたかく、癒されて】桑山千雪\1.あの頃の、私のこと.csv,47,3016020010370,千雪,哈哈！,桑山千雪,【あたたかく、癒されて】桑山千雪,1.あの頃の、私のこと
桑山千雪\【あたたかく、癒されて】桑山千雪\1.あの頃の、私のこと.csv,50,3016020010400,千雪,哈哈，想不到吧？,桑山千雪,【あたたかく、癒されて】桑山千雪,1.あの頃の、私のこと
桑山千雪\【あたたかく、癒されて】桑山千雪\1.あの頃の、私のこと.csv,53,3016020010410,千雪,剩下的等会再看吧,桑山千雪,【あたたかく、癒されて】桑山千雪,1.あの頃の、私のこと
桑山千雪\【あたたかく、癒されて】桑山千雪\2.名は、体を.csv,2,3016020020010,千雪,大家好啊,桑山千雪,【あたたかく、癒されて】桑山千雪,2.名は、体を
桑山千雪\【あたたかく、癒されて】桑山千雪\2.名は、体を.csv,4,3016020020020,千雪,"今天向大家介绍的是
这附近的商店街",桑山千雪,【あたたかく、癒されて】桑山千雪,2.名は、体を
桑山千雪\【あたたかく、癒されて】桑山千雪\2.名は、体を.csv,7,3016020020050,千雪,"美食越多越好呢
事不宜迟，开始探索吧♪",桑山千雪,【あたたかく、癒されて】桑山千雪,2.名は、体を
桑山千雪\【あたたかく、癒されて】桑山千雪\2.名は、体を.csv,10,3016020020060,千雪,"呼……
我开动了",桑山千雪,【あたたかく、癒されて】桑山千雪,2.名は、体を
桑山千雪\【あたたかく、癒されて】桑山千雪\2.名は、体を.csv,11,3016020020070,千雪,,桑山千雪,【あたたかく、癒されて】桑山千雪,2.名は、体を
桑山千雪\【あたたかく、癒されて】桑山千雪\2.名は、体を.csv,12,3016020020080,千雪,"哇，酱汁完美衬托出年糕的香味
非常好吃",桑山千雪,【あたたかく、癒されて】桑山千雪,2.名は、体を
桑山千雪\【あたたかく、癒されて】桑山千雪\2.名は、体を.csv,17,3016020020111,甘奈＆千雪,,桑山千雪,【あたたかく、癒されて】桑山千雪,2.名は、体を
桑山千雪\【あたたかく、癒されて】桑山千雪\2.名は、体を.csv,26,3016020020170,千雪,"长久坚持下来值得夸赞
每一种商品都是倾注了心血的呢",桑山千雪,【あたたかく、癒されて】桑山千雪,2.名は、体を
桑山千雪\【あたたかく、癒されて】桑山千雪\2.名は、体を.csv,27,3016020020180,千雪,"这款刺绣
一定耗费了不少时间吧？",桑山千雪,【あたたかく、癒されて】桑山千雪,2.名は、体を
桑山千雪\【あたたかく、癒されて】桑山千雪\2.名は、体を.csv,29,3016020020190,千雪,嗯，手工艺略有涉猎,桑山千雪,【あたたかく、癒されて】桑山千雪,2.名は、体を
桑山千雪\【あたたかく、癒されて】桑山千雪\2.名は、体を.csv,32,3016020020200,千雪,嗯，当然,桑山千雪,【あたたかく、癒されて】桑山千雪,2.名は、体を
桑山千雪\【あたたかく、癒されて】桑山千雪\2.名は、体を.csv,34,3016020020210,千雪,柔软温和的味道,桑山千雪,【あたたかく、癒されて】桑山千雪,2.名は、体を
桑山千雪\【あたたかく、癒されて】桑山千雪\2.名は、体を.csv,46,3016020020260,千雪,"有劳费心了，非常感谢
我们会美味地享用的",桑山千雪,【あたたかく、癒されて】桑山千雪,2.名は、体を
桑山千雪\【あたたかく、癒されて】桑山千雪\2.名は、体を.csv,49,3016020020270,千雪,"……？
此话怎讲？",桑山千雪,【あたたかく、癒されて】桑山千雪,2.名は、体を
桑山千雪\【あたたかく、癒されて】桑山千雪\2.名は、体を.csv,58,3016020020300,千雪,,桑山千雪,【あたたかく、癒されて】桑山千雪,2.名は、体を
桑山千雪\【あたたかく、癒されて】桑山千雪\2.名は、体を.csv,59,3016020020310,千雪,"不胜荣幸
感谢您的夸赞",桑山千雪,【あたたかく、癒されて】桑山千雪,2.名は、体を
桑山千雪\【あたたかく、癒されて】桑山千雪\2.名は、体を.csv,60,3016020020320,千雪,"得到如此高的评价
我非常满足",桑山千雪,【あたたかく、癒されて】桑山千雪,2.名は、体を
桑山千雪\【あたたかく、癒されて】桑山千雪\2.名は、体を.csv,61,3016020020330,千雪,不过……,桑山千雪,【あたたかく、癒されて】桑山千雪,2.名は、体を
桑山千雪\【あたたかく、癒されて】桑山千雪\2.名は、体を.csv,62,3016020020340,千雪,藏好了吗？,桑山千雪,【あたたかく、癒されて】桑山千雪,2.名は、体を
桑山千雪\【あたたかく、癒されて】桑山千雪\2.名は、体を.csv,64,3016020020350,千雪,"……打扰了
没问题",桑山千雪,【あたたかく、癒されて】桑山千雪,2.名は、体を
桑山千雪\【あたたかく、癒されて】桑山千雪\2.名は、体を.csv,65,3016020020360,千雪,"愿孩子能健康成长
这也是我的祝福",桑山千雪,【あたたかく、癒されて】桑山千雪,2.名は、体を
桑山千雪\【あたたかく、癒されて】桑山千雪\3.【続】あの頃の、私のこと.csv,4,3016020030010,千雪,,桑山千雪,【あたたかく、癒されて】桑山千雪,3.【続】あの頃の、私のこと
桑山千雪\【あたたかく、癒されて】桑山千雪\3.【続】あの頃の、私のこと.csv,6,3016020030030,千雪,"嗯……！清淡爽口
保留食材的新鲜滋味，我很喜欢",桑山千雪,【あたたかく、癒されて】桑山千雪,3.【続】あの頃の、私のこと
桑山千雪\【あたたかく、癒されて】桑山千雪\3.【続】あの頃の、私のこと.csv,11,3016020030080,千雪,"当然了
稍等一下",桑山千雪,【あたたかく、癒されて】桑山千雪,3.【続】あの頃の、私のこと
桑山千雪\【あたたかく、癒されて】桑山千雪\3.【続】あの頃の、私のこと.csv,12,3016020030090,千雪,刚才好像看到这里了……,桑山千雪,【あたたかく、癒されて】桑山千雪,3.【続】あの頃の、私のこと
桑山千雪\【あたたかく、癒されて】桑山千雪\3.【続】あの頃の、私のこと.csv,13,3016020030100,千雪,从这张开始吧？,桑山千雪,【あたたかく、癒されて】桑山千雪,3.【続】あの頃の、私のこと
桑山千雪\【あたたかく、癒されて】桑山千雪\3.【続】あの頃の、私のこと.csv,15,3016020030120,千雪,哈哈，这是中学的时候,桑山千雪,【あたたかく、癒されて】桑山千雪,3.【続】あの頃の、私のこと
桑山千雪\【あたたかく、癒されて】桑山千雪\3.【続】あの頃の、私のこと.csv,17,3016020030140,千雪,"也就那段时间
会留这么短",桑山千雪,【あたたかく、癒されて】桑山千雪,3.【続】あの頃の、私のこと
桑山千雪\【あたたかく、癒されて】桑山千雪\3.【続】あの頃の、私のこと.csv,19,3016020030160,千雪,中学时进过美术部,桑山千雪,【あたたかく、癒されて】桑山千雪,3.【続】あの頃の、私のこと
桑山千雪\【あたたかく、癒されて】桑山千雪\3.【続】あの頃の、私のこと.csv,22,3016020030190,千雪,还不到那种程度,桑山千雪,【あたたかく、癒されて】桑山千雪,3.【続】あの頃の、私のこと
桑山千雪\【あたたかく、癒されて】桑山千雪\3.【続】あの頃の、私のこと.csv,23,3016020030200,千雪,"比起提升技术
当时更享受随意创作的乐趣",桑山千雪,【あたたかく、癒されて】桑山千雪,3.【続】あの頃の、私のこと
桑山千雪\【あたたかく、癒されて】桑山千雪\3.【続】あの頃の、私のこと.csv,24,3016020030210,千雪,动一动画笔，就很满足了,桑山千雪,【あたたかく、癒されて】桑山千雪,3.【続】あの頃の、私のこと
桑山千雪\【あたたかく、癒されて】桑山千雪\3.【続】あの頃の、私のこと.csv,25,3016020030220,千雪,"不过当时关系很好的美术部朋友……
不对，说是竞争对手更好",桑山千雪,【あたたかく、癒されて】桑山千雪,3.【続】あの頃の、私のこと
桑山千雪\【あたたかく、癒されて】桑山千雪\3.【続】あの頃の、私のこと.csv,26,3016020030230,千雪,"经常和她相互竞争
比赛谁画得更好",桑山千雪,【あたたかく、癒されて】桑山千雪,3.【続】あの頃の、私のこと
桑山千雪\【あたたかく、癒されて】桑山千雪\3.【続】あの頃の、私のこと.csv,28,3016020030240,千雪,"嗯，之前散步的时候
欣赏到非常迷人的景色",桑山千雪,【あたたかく、癒されて】桑山千雪,3.【続】あの頃の、私のこと
桑山千雪\【あたたかく、癒されて】桑山千雪\3.【続】あの頃の、私のこと.csv,29,3016020030250,千雪,想要把这份感动描绘在画卷上！,桑山千雪,【あたたかく、癒されて】桑山千雪,3.【続】あの頃の、私のこと
桑山千雪\【あたたかく、癒されて】桑山千雪\3.【続】あの頃の、私のこと.csv,32,3016020030260,千雪,……我也一样！,桑山千雪,【あたたかく、癒されて】桑山千雪,3.【続】あの頃の、私のこと
桑山千雪\【あたたかく、癒されて】桑山千雪\3.【続】あの頃の、私のこと.csv,33,3016020030270,千雪,……这里可以吗？,桑山千雪,【あたたかく、癒されて】桑山千雪,3.【続】あの頃の、私のこと
桑山千雪\【あたたかく、癒されて】桑山千雪\3.【続】あの頃の、私のこと.csv,34,3016020030280,千雪,"（感觉不对
还有更棒的构图取景！）",桑山千雪,【あたたかく、癒されて】桑山千雪,3.【続】あの頃の、私のこと
桑山千雪\【あたたかく、癒されて】桑山千雪\3.【続】あの頃の、私のこと.csv,35,3016020030290,千雪,"（……不会认输的！
天黑前再去找找看！）",桑山千雪,【あたたかく、癒されて】桑山千雪,3.【続】あの頃の、私のこと
桑山千雪\【あたたかく、癒されて】桑山千雪\3.【続】あの頃の、私のこと.csv,36,3016020030300,千雪,"为了在展评中胜过朋友
到处搜集灵感……",桑山千雪,【あたたかく、癒されて】桑山千雪,3.【続】あの頃の、私のこと
桑山千雪\【あたたかく、癒されて】桑山千雪\3.【続】あの頃の、私のこと.csv,37,3016020030310,千雪,"当时认定不便出行
爽快地留了短发",桑山千雪,【あたたかく、癒されて】桑山千雪,3.【続】あの頃の、私のこと
桑山千雪\【あたたかく、癒されて】桑山千雪\3.【続】あの頃の、私のこと.csv,41,3016020030350,千雪,是呢,桑山千雪,【あたたかく、癒されて】桑山千雪,3.【続】あの頃の、私のこと
桑山千雪\【あたたかく、癒されて】桑山千雪\3.【続】あの頃の、私のこと.csv,42,3016020030360,千雪,“温柔善良又有包容力”,桑山千雪,【あたたかく、癒されて】桑山千雪,3.【続】あの頃の、私のこと
桑山千雪\【あたたかく、癒されて】桑山千雪\3.【続】あの頃の、私のこと.csv,43,3016020030370,千雪,和过去的我，完全沾不上边呢,桑山千雪,【あたたかく、癒されて】桑山千雪,3.【続】あの頃の、私のこと
桑山千雪\【あたたかく、癒されて】桑山千雪\3.【続】あの頃の、私のこと.csv,44,3016020030380,千雪,"若是取到我的名字
最好这一点不像……",桑山千雪,【あたたかく、癒されて】桑山千雪,3.【続】あの頃の、私のこと
桑山千雪\【あたたかく、癒されて】桑山千雪\3.【続】あの頃の、私のこと.csv,50,3016020030430,千雪,"谢谢你！上一次输了
算是回到同一起跑线了！",桑山千雪,【あたたかく、癒されて】桑山千雪,3.【続】あの頃の、私のこと
桑山千雪\【あたたかく、癒されて】桑山千雪\3.【続】あの頃の、私のこと.csv,51,3016020030440,千雪,下次展评我也要获胜，争取拉开差距！,桑山千雪,【あたたかく、癒されて】桑山千雪,3.【続】あの頃の、私のこと
桑山千雪\【あたたかく、癒されて】桑山千雪\3.【続】あの頃の、私のこと.csv,54,3016020030450,千雪,为什么？,桑山千雪,【あたたかく、癒されて】桑山千雪,3.【続】あの頃の、私のこと
桑山千雪\【あたたかく、癒されて】桑山千雪\3.【続】あの頃の、私のこと.csv,57,3016020030460,千雪,"（说起来，她当时也是
这样评价的）",桑山千雪,【あたたかく、癒されて】桑山千雪,3.【続】あの頃の、私のこと
桑山千雪\【あたたかく、癒されて】桑山千雪\3.【続】あの頃の、私のこと.csv,59,3016020030470,千雪,谢谢你们,桑山千雪,【あたたかく、癒されて】桑山千雪,3.【続】あの頃の、私のこと
桑山千雪\【あたたかく、癒されて】桑山千雪\3.【続】あの頃の、私のこと.csv,60,3016020030480,千雪,想通了，我也觉得没问题,桑山千雪,【あたたかく、癒されて】桑山千雪,3.【続】あの頃の、私のこと
桑山千雪\【あたたかく、癒されて】桑山千雪\3.【続】あの頃の、私のこと.csv,61,3016020030490,千雪,"饱腹感渐渐散去
泡温泉如何？旅店的露天浴池超赞的",桑山千雪,【あたたかく、癒されて】桑山千雪,3.【続】あの頃の、私のこと
桑山千雪\【あたたかく、癒されて】桑山千雪\3.【続】あの頃の、私のこと.csv,65,3016020030530,千雪,"嗯，桑山席雪、浴池暖身……
颇具画中意境",桑山千雪,【あたたかく、癒されて】桑山千雪,3.【続】あの頃の、私のこと
桑山千雪\【あたたかく、癒されて】桑山千雪\3.【続】あの頃の、私のこと.csv,66,3016020030540,千雪,（……久违地拾起笔，作画吧……）,桑山千雪,【あたたかく、癒されて】桑山千雪,3.【続】あの頃の、私のこと
桑山千雪\【あたたかく、癒されて】桑山千雪\3.【続】あの頃の、私のこと.csv,67,3016020030550,千雪,（总感觉，能作出满意的画卷……）,桑山千雪,【あたたかく、癒されて】桑山千雪,3.【続】あの頃の、私のこと
桑山千雪\【こころに恋】桑山千雪\『変わりたい』のRecipe.csv,3,3016007010020,千雪,"嗯……！
这是之前，叶月教我的",桑山千雪,【こころに恋】桑山千雪,『変わりたい』のRecipe
桑山千雪\【こころに恋】桑山千雪\『変わりたい』のRecipe.csv,4,3016007010030,千雪,"这不仅能让睫毛变得卷翘
也能让睫毛很好地分开哦",桑山千雪,【こころに恋】桑山千雪,『変わりたい』のRecipe
桑山千雪\【こころに恋】桑山千雪\『変わりたい』のRecipe.csv,6,3016007010050,千雪,呵呵，我很推荐……！,桑山千雪,【こころに恋】桑山千雪,『変わりたい』のRecipe
桑山千雪\【こころに恋】桑山千雪\『変わりたい』のRecipe.csv,14,3016007010130,千雪,呵呵,桑山千雪,【こころに恋】桑山千雪,『変わりたい』のRecipe
桑山千雪\【こころに恋】桑山千雪\『変わりたい』のRecipe.csv,16,3016007010150,千雪,"这个啊，是香膏哦
是沾在手指上，再用来抹的",桑山千雪,【こころに恋】桑山千雪,『変わりたい』のRecipe
桑山千雪\【こころに恋】桑山千雪\『変わりたい』のRecipe.csv,21,3016007010200,千雪,"不会哦，我也觉得
甘奈装得满满的化妆包，很厉害呢……！",桑山千雪,【こころに恋】桑山千雪,『変わりたい』のRecipe
桑山千雪\【こころに恋】桑山千雪\『変わりたい』のRecipe.csv,22,3016007010210,千雪,"毕竟，我还是高中生的时候
对化妆一点都不了解呢",桑山千雪,【こころに恋】桑山千雪,『変わりたい』のRecipe
桑山千雪\【こころに恋】桑山千雪\『変わりたい』のRecipe.csv,24,3016007010230,千雪,甘奈，是什么时候开始化妆的？,桑山千雪,【こころに恋】桑山千雪,『変わりたい』のRecipe
桑山千雪\【こころに恋】桑山千雪\『変わりたい』のRecipe.csv,28,3016007010270,千雪,"呵呵，这理由
非常有甘奈的风格呢……！",桑山千雪,【こころに恋】桑山千雪,『変わりたい』のRecipe
桑山千雪\【こころに恋】桑山千雪\『変わりたい』のRecipe.csv,32,3016007010310,千雪,哇……！,桑山千雪,【こころに恋】桑山千雪,『変わりたい』のRecipe
桑山千雪\【こころに恋】桑山千雪\『変わりたい』のRecipe.csv,34,3016007010330,千雪,"恋爱吗……
——不过，我能明白",桑山千雪,【こころに恋】桑山千雪,『変わりたい』のRecipe
桑山千雪\【こころに恋】桑山千雪\『変わりたい』のRecipe.csv,36,3016007010350,千雪,"我觉得很多时候，
都是喜欢什么的这个想法成为了改变人的契机呢",桑山千雪,【こころに恋】桑山千雪,『変わりたい』のRecipe
桑山千雪\【こころに恋】桑山千雪\『変わりたい』のRecipe.csv,37,3016007010360,千雪,……这样，我觉得和恋爱是一样的,桑山千雪,【こころに恋】桑山千雪,『変わりたい』のRecipe
桑山千雪\【こころに恋】桑山千雪\『変わりたい』のRecipe.csv,39,3016007010380,千雪,嗯……！,桑山千雪,【こころに恋】桑山千雪,『変わりたい』のRecipe
桑山千雪\【こころに恋】桑山千雪\『変わりたい』のRecipe.csv,42,3016007010410,千雪,…………,桑山千雪,【こころに恋】桑山千雪,『変わりたい』のRecipe
桑山千雪\【こころに恋】桑山千雪\『変わりたい』のRecipe.csv,43,3016007010420,千雪,"——甜花
手腕，能伸过来吗",桑山千雪,【こころに恋】桑山千雪,『変わりたい』のRecipe
桑山千雪\【こころに恋】桑山千雪\『変わりたい』のRecipe.csv,47,3016007010460,千雪,呵呵，香味很棒吧？,桑山千雪,【こころに恋】桑山千雪,『変わりたい』のRecipe
桑山千雪\【こころに恋】桑山千雪\『変わりたい』のRecipe.csv,48,3016007010470,千雪,像这样的，也全部都是恋爱♪,桑山千雪,【こころに恋】桑山千雪,『変わりたい』のRecipe
桑山千雪\【こころに恋】桑山千雪\『変わりたい』のRecipe.csv,51,3016007010500,千雪,"嗯……！甜花，在以后也一定
能够遇到许许多多喜欢的感觉呢",桑山千雪,【こころに恋】桑山千雪,『変わりたい』のRecipe
桑山千雪\【こころに恋】桑山千雪\『変わりたい』のRecipe.csv,52,3016007010510,千雪,"所以——
不需要急着去改变自己",桑山千雪,【こころに恋】桑山千雪,『変わりたい』のRecipe
桑山千雪\【こころに恋】桑山千雪\『変わりたい』のRecipe.csv,53,3016007010520,千雪,我觉得，甜花按自己的时机就好了,桑山千雪,【こころに恋】桑山千雪,『変わりたい』のRecipe
桑山千雪\【こころに恋】桑山千雪\恋・アレンジ.csv,10,3016007020090,千雪,——甜花？,桑山千雪,【こころに恋】桑山千雪,恋・アレンジ
桑山千雪\【こころに恋】桑山千雪\恋・アレンジ.csv,12,3016007020110,千雪,"对，对不起
吓到你了吗……？",桑山千雪,【こころに恋】桑山千雪,恋・アレンジ
桑山千雪\【こころに恋】桑山千雪\恋・アレンジ.csv,16,3016007020150,千雪,"咦？
这，这么突然……！",桑山千雪,【こころに恋】桑山千雪,恋・アレンジ
桑山千雪\【こころに恋】桑山千雪\恋・アレンジ.csv,17,3016007020160,千雪,"不过……谢谢你
呵呵，有点害羞呢",桑山千雪,【こころに恋】桑山千雪,恋・アレンジ
桑山千雪\【こころに恋】桑山千雪\恋・アレンジ.csv,19,3016007020180,千雪,嗯？,桑山千雪,【こころに恋】桑山千雪,恋・アレンジ
桑山千雪\【こころに恋】桑山千雪\恋・アレンジ.csv,21,3016007020200,千雪,"咦，嗯……！
因为今天时间比平常还多……",桑山千雪,【こころに恋】桑山千雪,恋・アレンジ
桑山千雪\【こころに恋】桑山千雪\恋・アレンジ.csv,23,3016007020220,千雪,没有的，这种程度——,桑山千雪,【こころに恋】桑山千雪,恋・アレンジ
桑山千雪\【こころに恋】桑山千雪\恋・アレンジ.csv,24,0000000000000,千雪,……甜花？,桑山千雪,【こころに恋】桑山千雪,恋・アレンジ
桑山千雪\【こころに恋】桑山千雪\恋・アレンジ.csv,29,3016007020270,千雪,"……呵呵
我只要成为甜花的老师就可以了吗？",桑山千雪,【こころに恋】桑山千雪,恋・アレンジ
桑山千雪\【こころに恋】桑山千雪\恋・アレンジ.csv,31,3016007020290,千雪,嗯，当然♪,桑山千雪,【こころに恋】桑山千雪,恋・アレンジ
桑山千雪\【こころに恋】桑山千雪\恋・アレンジ.csv,33,3016007020310,千雪,"……不过，你在练习烫头发的话
……甜花，是想着要改变吗？",桑山千雪,【こころに恋】桑山千雪,恋・アレンジ
桑山千雪\【こころに恋】桑山千雪\恋・アレンジ.csv,35,3016007020330,千雪,…………恋爱？,桑山千雪,【こころに恋】桑山千雪,恋・アレンジ
桑山千雪\【こころに恋】桑山千雪\恋・アレンジ.csv,40,3016007020370,千雪,"呵呵，对不起
刚才的提问有点使坏了呢",桑山千雪,【こころに恋】桑山千雪,恋・アレンジ
桑山千雪\【こころに恋】桑山千雪\恋・アレンジ.csv,43,3016007020400,千雪,"……！
……是吗",桑山千雪,【こころに恋】桑山千雪,恋・アレンジ
桑山千雪\【こころに恋】桑山千雪\恋・アレンジ.csv,44,3016007020410,千雪,"这样的话，契机就是
对偶像的工作的，喜欢的感觉了呢？",桑山千雪,【こころに恋】桑山千雪,恋・アレンジ
桑山千雪\【こころに恋】桑山千雪\恋・アレンジ.csv,47,3016007020430,千雪,"呵呵
——那么……我们，就来卷头发吧",桑山千雪,【こころに恋】桑山千雪,恋・アレンジ
桑山千雪\【こころに恋】桑山千雪\恋・アレンジ.csv,49,3016007020450,千雪,"首先，像这样
把头发一点一点分开来——",桑山千雪,【こころに恋】桑山千雪,恋・アレンジ
桑山千雪\【こころに恋】桑山千雪\恋・アレンジ.csv,50,3016007020460,千雪,——来，完成了♪,桑山千雪,【こころに恋】桑山千雪,恋・アレンジ
桑山千雪\【こころに恋】桑山千雪\恋・アレンジ.csv,53,3016007020490,千雪,"呵呵
甜花也很漂亮哦？",桑山千雪,【こころに恋】桑山千雪,恋・アレンジ
桑山千雪\【こころに恋】桑山千雪\恋・アレンジ.csv,55,3016007020510,千雪,"……对了
甜花，转过来这边——",桑山千雪,【こころに恋】桑山千雪,恋・アレンジ
桑山千雪\【こころに恋】桑山千雪\恋・アレンジ.csv,58,3016007020540,千雪,呵呵，真可爱,桑山千雪,【こころに恋】桑山千雪,恋・アレンジ
桑山千雪\【こころに恋】桑山千雪\恋・アレンジ.csv,59,3016007020550,千雪,"甜花改变的纪念……！
机会难得，我想把照片发给甘奈",桑山千雪,【こころに恋】桑山千雪,恋・アレンジ
桑山千雪\【こころに恋】桑山千雪\恋・アレンジ.csv,61,3016007020570,千雪,"她一定，会回复
“超级可爱—！”的",桑山千雪,【こころに恋】桑山千雪,恋・アレンジ
桑山千雪\【こころに恋】桑山千雪\恋・アレンジ.csv,63,3016007020590,千雪,…………,桑山千雪,【こころに恋】桑山千雪,恋・アレンジ
桑山千雪\【こころに恋】桑山千雪\恋・アレンジ.csv,64,3016007020600,千雪,甜花，我也有个请求——,桑山千雪,【こころに恋】桑山千雪,恋・アレンジ
桑山千雪\【こころに恋】桑山千雪\恋・アレンジ.csv,66,3016007020620,千雪,"那个啊……我啊，能摸到甜花的头发
我真的很高兴……",桑山千雪,【こころに恋】桑山千雪,恋・アレンジ
桑山千雪\【こころに恋】桑山千雪\恋・アレンジ.csv,67,3016007020630,千雪,"所以——
我能够，试试看别的发型吗……！？",桑山千雪,【こころに恋】桑山千雪,恋・アレンジ
桑山千雪\【こころに恋】桑山千雪\恋・アレンジ.csv,69,3016007020650,千雪,"哇……！
呵呵，太好了♪",桑山千雪,【こころに恋】桑山千雪,恋・アレンジ
桑山千雪\【こころに恋】桑山千雪\恋・アレンジ.csv,70,3016007020660,千雪,"那么……
再来一次，要开始了",桑山千雪,【こころに恋】桑山千雪,恋・アレンジ
桑山千雪\【はるかぜまち、1番地】桑山千雪\お返事なんてそんな.csv,2,2016010040010,千雪,嗯──,桑山千雪,【はるかぜまち、1番地】桑山千雪,お返事なんてそんな
桑山千雪\【はるかぜまち、1番地】桑山千雪\お返事なんてそんな.csv,3,2016010040020,千雪,"“明天，早上10点的时候
直接去平时的工作室”",桑山千雪,【はるかぜまち、1番地】桑山千雪,お返事なんてそんな
桑山千雪\【はるかぜまち、1番地】桑山千雪\お返事なんてそんな.csv,4,2016010040030,千雪,──发送,桑山千雪,【はるかぜまち、1番地】桑山千雪,お返事なんてそんな
桑山千雪\【はるかぜまち、1番地】桑山千雪\お返事なんてそんな.csv,5,2016010040040,千雪,"……
啊，已读了",桑山千雪,【はるかぜまち、1番地】桑山千雪,お返事なんてそんな
桑山千雪\【はるかぜまち、1番地】桑山千雪\お返事なんてそんな.csv,6,2016010040050,千雪,"真快啊，制作人先生
──欸咦",桑山千雪,【はるかぜまち、1番地】桑山千雪,お返事なんてそんな
桑山千雪\【はるかぜまち、1番地】桑山千雪\お返事なんてそんな.csv,7,2016010040060,千雪,“♪”,桑山千雪,【はるかぜまち、1番地】桑山千雪,お返事なんてそんな
桑山千雪\【はるかぜまち、1番地】桑山千雪\お返事なんてそんな.csv,8,2016010040070,千雪,哼哼～，要鼓起劲来了哟,桑山千雪,【はるかぜまち、1番地】桑山千雪,お返事なんてそんな
桑山千雪\【はるかぜまち、1番地】桑山千雪\お返事なんてそんな.csv,9,2016010040080,千雪,"──制作人先生，
会不会现在很忙啊……",桑山千雪,【はるかぜまち、1番地】桑山千雪,お返事なんてそんな
桑山千雪\【はるかぜまち、1番地】桑山千雪\お返事なんてそんな.csv,10,2016010040090,千雪,平时总是很快就……,桑山千雪,【はるかぜまち、1番地】桑山千雪,お返事なんてそんな
桑山千雪\【はるかぜまち、1番地】桑山千雪\お返事なんてそんな.csv,22,2016010040100,千雪,啊……,桑山千雪,【はるかぜまち、1番地】桑山千雪,お返事なんてそんな
桑山千雪\【はるかぜまち、1番地】桑山千雪\お返事なんてそんな.csv,23,2016010040110,千雪,哼哼～，制作人先生……！,桑山千雪,【はるかぜまち、1番地】桑山千雪,お返事なんてそんな
桑山千雪\【はるかぜまち、1番地】桑山千雪\お返事なんてそんな.csv,24,2016010040120,千雪,"──……
让您费心了啊",桑山千雪,【はるかぜまち、1番地】桑山千雪,お返事なんてそんな
桑山千雪\【はるかぜまち、1番地】桑山千雪\お返事なんてそんな.csv,26,2016010040130,千雪,嗯，嗯……！,桑山千雪,【はるかぜまち、1番地】桑山千雪,お返事なんてそんな
桑山千雪\【はるかぜまち、1番地】桑山千雪\お返事なんてそんな.csv,27,2016010040140,千雪,"──哼哼～
好好传达到了，真是太好了……！",桑山千雪,【はるかぜまち、1番地】桑山千雪,お返事なんてそんな
桑山千雪\【はるかぜまち、1番地】桑山千雪\お返事なんてそんな.csv,29,2016010040150,千雪,"鼓劲什么的，还是不用短信转达了
我想还是必须在现场传达下",桑山千雪,【はるかぜまち、1番地】桑山千雪,お返事なんてそんな
桑山千雪\【はるかぜまち、1番地】桑山千雪\お返事なんてそんな.csv,30,2016010040160,千雪,"昨天，明明是还在开车过来的路中
打扰了真是抱歉",桑山千雪,【はるかぜまち、1番地】桑山千雪,お返事なんてそんな
桑山千雪\【はるかぜまち、1番地】桑山千雪\お返事なんてそんな.csv,32,2016010040170,千雪,"那是理所应当的吧……！
我啊，还是太过于依赖制作人了……",桑山千雪,【はるかぜまち、1番地】桑山千雪,お返事なんてそんな
桑山千雪\【はるかぜまち、1番地】桑山千雪\お返事なんてそんな.csv,34,2016010040180,千雪,"……
制作人先生……",桑山千雪,【はるかぜまち、1番地】桑山千雪,お返事なんてそんな
桑山千雪\【はるかぜまち、1番地】桑山千雪\お返事なんてそんな.csv,35,2016010040190,千雪,"──看来要在工作上好好回应下您了呢……
制作人先生……！",桑山千雪,【はるかぜまち、1番地】桑山千雪,お返事なんてそんな
桑山千雪\【はるかぜまち、1番地】桑山千雪\お返事なんてそんな.csv,40,2016010040200,千雪,……啊,桑山千雪,【はるかぜまち、1番地】桑山千雪,お返事なんてそんな
桑山千雪\【はるかぜまち、1番地】桑山千雪\お返事なんてそんな.csv,41,2016010040210,千雪,哼哼～，没关系的,桑山千雪,【はるかぜまち、1番地】桑山千雪,お返事なんてそんな
桑山千雪\【はるかぜまち、1番地】桑山千雪\お返事なんてそんな.csv,44,2016010040220,千雪,是啊，我,桑山千雪,【はるかぜまち、1番地】桑山千雪,お返事なんてそんな
桑山千雪\【はるかぜまち、1番地】桑山千雪\お返事なんてそんな.csv,45,2016010040230,千雪,"制作人先生
都这么忙了……",桑山千雪,【はるかぜまち、1番地】桑山千雪,お返事なんてそんな
桑山千雪\【はるかぜまち、1番地】桑山千雪\お返事なんてそんな.csv,46,2016010040240,千雪,抽不开身的时候，也是有的吧,桑山千雪,【はるかぜまち、1番地】桑山千雪,お返事なんてそんな
桑山千雪\【はるかぜまち、1番地】桑山千雪\お返事なんてそんな.csv,50,2016010040250,千雪,"──哼哼～……
不认真不行啊",桑山千雪,【はるかぜまち、1番地】桑山千雪,お返事なんてそんな
桑山千雪\【はるかぜまち、1番地】桑山千雪\お返事なんてそんな.csv,52,2016010040260,千雪,"我的事情
真的有在好好注视着的呢……",桑山千雪,【はるかぜまち、1番地】桑山千雪,お返事なんてそんな
桑山千雪\【はるかぜまち、1番地】桑山千雪\お返事なんてそんな.csv,54,2016010040270,千雪,"……！
欸，制作人先生……",桑山千雪,【はるかぜまち、1番地】桑山千雪,お返事なんてそんな
桑山千雪\【はるかぜまち、1番地】桑山千雪\お返事なんてそんな.csv,55,2016010040280,千雪,──嗯，这里是桑山,桑山千雪,【はるかぜまち、1番地】桑山千雪,お返事なんてそんな
桑山千雪\【はるかぜまち、1番地】桑山千雪\お返事なんてそんな.csv,57,2016010040290,千雪,嗯，还好,桑山千雪,【はるかぜまち、1番地】桑山千雪,お返事なんてそんな
桑山千雪\【はるかぜまち、1番地】桑山千雪\お返事なんてそんな.csv,59,2016010040300,千雪,"……
制作人先生……？",桑山千雪,【はるかぜまち、1番地】桑山千雪,お返事なんてそんな
桑山千雪\【はるかぜまち、1番地】桑山千雪\お返事なんてそんな.csv,60,2016010040310,千雪,"──哼哼～，是的
刚刚为了确认下发了短信……",桑山千雪,【はるかぜまち、1番地】桑山千雪,お返事なんてそんな
桑山千雪\【はるかぜまち、1番地】桑山千雪\お返事なんてそんな.csv,62,2016010040320,千雪,……？,桑山千雪,【はるかぜまち、1番地】桑山千雪,お返事なんてそんな
桑山千雪\【はるかぜまち、1番地】桑山千雪\お返事なんてそんな.csv,64,2016010040330,千雪,啊啊，这样子啊……？,桑山千雪,【はるかぜまち、1番地】桑山千雪,お返事なんてそんな
桑山千雪\【はるかぜまち、1番地】桑山千雪\お返事なんてそんな.csv,67,2016010040340,千雪,"不会的，道歉什么的……！
明天的事情，我会好好去确认的",桑山千雪,【はるかぜまち、1番地】桑山千雪,お返事なんてそんな
桑山千雪\【はるかぜまち、1番地】桑山千雪\お返事なんてそんな.csv,68,2016010040350,千雪,"哼哼～，不过
在意的，是同样的事呢",桑山千雪,【はるかぜまち、1番地】桑山千雪,お返事なんてそんな
桑山千雪\【はるかぜまち、1番地】桑山千雪\お返事なんてそんな.csv,70,2016010040360,千雪,果然啊,桑山千雪,【はるかぜまち、1番地】桑山千雪,お返事なんてそんな
桑山千雪\【はるかぜまち、1番地】桑山千雪\お返事なんてそんな.csv,72,2016010040370,千雪,制作人啊……,桑山千雪,【はるかぜまち、1番地】桑山千雪,お返事なんてそんな
桑山千雪\【はるかぜまち、1番地】桑山千雪\ビッグマウス×２.csv,3,2016010030010,千雪,"哼哼～，我没想到这么快
现场……气氛真好啊",桑山千雪,【はるかぜまち、1番地】桑山千雪,ビッグマウス×２
桑山千雪\【はるかぜまち、1番地】桑山千雪\ビッグマウス×２.csv,6,2016010030020,千雪,"哇～好耶……♪
今天吃一天果冻什么的，我都做好觉悟了……！",桑山千雪,【はるかぜまち、1番地】桑山千雪,ビッグマウス×２
桑山千雪\【はるかぜまち、1番地】桑山千雪\ビッグマウス×２.csv,8,2016010030030,千雪,"嗯……！
那么就──",桑山千雪,【はるかぜまち、1番地】桑山千雪,ビッグマウス×２
桑山千雪\【はるかぜまち、1番地】桑山千雪\ビッグマウス×２.csv,10,2016010030040,千雪,好多啊……,桑山千雪,【はるかぜまち、1番地】桑山千雪,ビッグマウス×２
桑山千雪\【はるかぜまち、1番地】桑山千雪\ビッグマウス×２.csv,12,2016010030050,千雪,……那，那肯定的,桑山千雪,【はるかぜまち、1番地】桑山千雪,ビッグマウス×２
桑山千雪\【はるかぜまち、1番地】桑山千雪\ビッグマウス×２.csv,14,2016010030060,千雪,"制作人先生的话
要点什么呢？",桑山千雪,【はるかぜまち、1番地】桑山千雪,ビッグマウス×２
桑山千雪\【はるかぜまち、1番地】桑山千雪\ビッグマウス×２.csv,20,2016010030070,千雪,我的话……额,桑山千雪,【はるかぜまち、1番地】桑山千雪,ビッグマウス×２
桑山千雪\【はるかぜまち、1番地】桑山千雪\ビッグマウス×２.csv,21,2016010030080,千雪,──你好，这边也要一个吉士汉堡……！,桑山千雪,【はるかぜまち、1番地】桑山千雪,ビッグマウス×２
桑山千雪\【はるかぜまち、1番地】桑山千雪\ビッグマウス×２.csv,23,2016010030090,千雪,小食饮品什么的，要来点吗？,桑山千雪,【はるかぜまち、1番地】桑山千雪,ビッグマウス×２
桑山千雪\【はるかぜまち、1番地】桑山千雪\ビッグマウス×２.csv,25,2016010030100,千雪,"好的
那，乌龙茶两杯",桑山千雪,【はるかぜまち、1番地】桑山千雪,ビッグマウス×２
桑山千雪\【はるかぜまち、1番地】桑山千雪\ビッグマウス×２.csv,28,2016010030110,千雪,"是呢
因为──",桑山千雪,【はるかぜまち、1番地】桑山千雪,ビッグマウス×２
桑山千雪\【はるかぜまち、1番地】桑山千雪\ビッグマウス×２.csv,29,2016010030120,千雪,"只要和制作人先生一起吃的话
好像什么都会觉得很美味",桑山千雪,【はるかぜまち、1番地】桑山千雪,ビッグマウス×２
桑山千雪\【はるかぜまち、1番地】桑山千雪\ビッグマウス×２.csv,31,2016010030130,千雪,"嗯哼哼～那是因为
制作人先生是不会懂的",桑山千雪,【はるかぜまち、1番地】桑山千雪,ビッグマウス×２
桑山千雪\【はるかぜまち、1番地】桑山千雪\ビッグマウス×２.csv,33,2016010030140,千雪,是哦……！,桑山千雪,【はるかぜまち、1番地】桑山千雪,ビッグマウス×２
桑山千雪\【はるかぜまち、1番地】桑山千雪\ビッグマウス×２.csv,34,2016010030150,千雪,哼哼～,桑山千雪,【はるかぜまち、1番地】桑山千雪,ビッグマウス×２
桑山千雪\【はるかぜまち、1番地】桑山千雪\ビッグマウス×２.csv,37,2016010030160,千雪,"唔……
有听说过就，嘎吱一下压紧再一口下去",桑山千雪,【はるかぜまち、1番地】桑山千雪,ビッグマウス×２
桑山千雪\【はるかぜまち、1番地】桑山千雪\ビッグマウス×２.csv,38,2016010030170,千雪,"像这样……
唔，咻──",桑山千雪,【はるかぜまち、1番地】桑山千雪,ビッグマウス×２
桑山千雪\【はるかぜまち、1番地】桑山千雪\ビッグマウス×２.csv,41,2016010030180,千雪,不，不要……不可以的……,桑山千雪,【はるかぜまち、1番地】桑山千雪,ビッグマウス×２
桑山千雪\【はるかぜまち、1番地】桑山千雪\ビッグマウス×２.csv,42,2016010030190,千雪,────呒呣……！,桑山千雪,【はるかぜまち、1番地】桑山千雪,ビッグマウス×２
桑山千雪\【はるかぜまち、1番地】桑山千雪\ビッグマウス×２.csv,44,2016010030200,千雪,"…………
呒呒呒──呒……",桑山千雪,【はるかぜまち、1番地】桑山千雪,ビッグマウス×２
桑山千雪\【はるかぜまち、1番地】桑山千雪\ビッグマウス×２.csv,46,2016010030210,千雪,…………,桑山千雪,【はるかぜまち、1番地】桑山千雪,ビッグマウス×２
桑山千雪\【はるかぜまち、1番地】桑山千雪\ビッグマウス×２.csv,48,2016010030220,千雪,"……哼哼～
很好吃的……！",桑山千雪,【はるかぜまち、1番地】桑山千雪,ビッグマウス×２
桑山千雪\【はるかぜまち、1番地】桑山千雪\ビッグマウス×２.csv,50,2016010030230,千雪,嗯,桑山千雪,【はるかぜまち、1番地】桑山千雪,ビッグマウス×２
桑山千雪\【はるかぜまち、1番地】桑山千雪\ビッグマウス×２.csv,51,2016010030240,千雪,果然还是要一口一下去……,桑山千雪,【はるかぜまち、1番地】桑山千雪,ビッグマウス×２
桑山千雪\【はるかぜまち、1番地】桑山千雪\ビッグマウス×２.csv,52,2016010030250,千雪,正因为是汉堡呢！,桑山千雪,【はるかぜまち、1番地】桑山千雪,ビッグマウス×２
桑山千雪\【はるかぜまち、1番地】桑山千雪\ビッグマウス×２.csv,55,2016010030260,千雪,………………,桑山千雪,【はるかぜまち、1番地】桑山千雪,ビッグマウス×２
桑山千雪\【はるかぜまち、1番地】桑山千雪\ビッグマウス×２.csv,57,2016010030270,千雪,"……
不，不是……",桑山千雪,【はるかぜまち、1番地】桑山千雪,ビッグマウス×２
桑山千雪\【はるかぜまち、1番地】桑山千雪\ビッグマウス×２.csv,58,2016010030280,千雪,"虽然是很辣……
但还是停不下来去吃",桑山千雪,【はるかぜまち、1番地】桑山千雪,ビッグマウス×２
桑山千雪\【はるかぜまち、1番地】桑山千雪\ビッグマウス×２.csv,60,2016010030290,千雪,"是的呢……！
倒不如说，会感受到面包甜甜的那种味道",桑山千雪,【はるかぜまち、1番地】桑山千雪,ビッグマウス×２
桑山千雪\【はるかぜまち、1番地】桑山千雪\ビッグマウス×２.csv,62,2016010030300,千雪,"可以感受到呢！
但是，就又会想再来一口了……！",桑山千雪,【はるかぜまち、1番地】桑山千雪,ビッグマウス×２
桑山千雪\【はるかぜまち、1番地】桑山千雪\ビッグマウス×２.csv,63,2016010030310,千雪＆プロデューサー,──哈哈哈,桑山千雪,【はるかぜまち、1番地】桑山千雪,ビッグマウス×２
桑山千雪\【はるかぜまち、1番地】桑山千雪\ビッグマウス×２.csv,65,2016010030320,千雪,"啊，说了些不太好的事呢
制作人先生",桑山千雪,【はるかぜまち、1番地】桑山千雪,ビッグマウス×２
桑山千雪\【はるかぜまち、1番地】桑山千雪\ビッグマウス×２.csv,67,2016010030330,千雪,"嗯哼哼～我也是
要是来点啤酒就好了",桑山千雪,【はるかぜまち、1番地】桑山千雪,ビッグマウス×２
桑山千雪\【はるかぜまち、1番地】桑山千雪\ビッグマウス×２.csv,68,2016010030340,千雪,"──这次啊……
喝喝也是可以的……！",桑山千雪,【はるかぜまち、1番地】桑山千雪,ビッグマウス×２
桑山千雪\【はるかぜまち、1番地】桑山千雪\ビッグマウス×２.csv,70,2016010030350,千雪,嗯，是的……！,桑山千雪,【はるかぜまち、1番地】桑山千雪,ビッグマウス×２
桑山千雪\【はるかぜまち、1番地】桑山千雪\ビッグマウス×２.csv,71,2016010030360,千雪,那么，就要加把劲了♪,桑山千雪,【はるかぜまち、1番地】桑山千雪,ビッグマウス×２
桑山千雪\【はるかぜまち、1番地】桑山千雪\春なんだなぁ.csv,2,2016010020010,千雪,"啊～……
天气真不错啊……！",桑山千雪,【はるかぜまち、1番地】桑山千雪,春なんだなぁ
桑山千雪\【はるかぜまち、1番地】桑山千雪\春なんだなぁ.csv,3,2016010020020,千雪,……哼哼～,桑山千雪,【はるかぜまち、1番地】桑山千雪,春なんだなぁ
桑山千雪\【はるかぜまち、1番地】桑山千雪\春なんだなぁ.csv,4,2016010020030,千雪,春天来了呢……──,桑山千雪,【はるかぜまち、1番地】桑山千雪,春なんだなぁ
桑山千雪\【はるかぜまち、1番地】桑山千雪\春なんだなぁ.csv,7,2016010020040,千雪,啊……,桑山千雪,【はるかぜまち、1番地】桑山千雪,春なんだなぁ
桑山千雪\【はるかぜまち、1番地】桑山千雪\春なんだなぁ.csv,8,2016010020050,千雪,制作人先生！,桑山千雪,【はるかぜまち、1番地】桑山千雪,春なんだなぁ
桑山千雪\【はるかぜまち、1番地】桑山千雪\春なんだなぁ.csv,10,2016010020060,千雪,"……是的
真是辛苦了……！",桑山千雪,【はるかぜまち、1番地】桑山千雪,春なんだなぁ
桑山千雪\【はるかぜまち、1番地】桑山千雪\春なんだなぁ.csv,11,2016010020070,千雪,现在是要外出吗？,桑山千雪,【はるかぜまち、1番地】桑山千雪,春なんだなぁ
桑山千雪\【はるかぜまち、1番地】桑山千雪\春なんだなぁ.csv,13,2016010020080,千雪,"不是，倒也
不算是外出那种地步",桑山千雪,【はるかぜまち、1番地】桑山千雪,春なんだなぁ
桑山千雪\【はるかぜまち、1番地】桑山千雪\春なんだなぁ.csv,14,2016010020090,千雪,只是到车站对面的那家超市而已,桑山千雪,【はるかぜまち、1番地】桑山千雪,春なんだなぁ
桑山千雪\【はるかぜまち、1番地】桑山千雪\春なんだなぁ.csv,17,2016010020100,千雪,哼哼，我也是这么觉得,桑山千雪,【はるかぜまち、1番地】桑山千雪,春なんだなぁ
桑山千雪\【はるかぜまち、1番地】桑山千雪\春なんだなぁ.csv,18,2016010020110,千雪,"但是，一走出来
就感受到空气非常清新呢",桑山千雪,【はるかぜまち、1番地】桑山千雪,春なんだなぁ
桑山千雪\【はるかぜまち、1番地】桑山千雪\春なんだなぁ.csv,19,2016010020120,千雪,"阳光也很柔和
还有树木新生嫩芽的香味──",桑山千雪,【はるかぜまち、1番地】桑山千雪,春なんだなぁ
桑山千雪\【はるかぜまち、1番地】桑山千雪\春なんだなぁ.csv,20,2016010020130,千雪,不知不觉，就绕了远路,桑山千雪,【はるかぜまち、1番地】桑山千雪,春なんだなぁ
桑山千雪\【はるかぜまち、1番地】桑山千雪\春なんだなぁ.csv,25,2016010020140,千雪,是呢……,桑山千雪,【はるかぜまち、1番地】桑山千雪,春なんだなぁ
桑山千雪\【はるかぜまち、1番地】桑山千雪\春なんだなぁ.csv,27,2016010020150,千雪,…………,桑山千雪,【はるかぜまち、1番地】桑山千雪,春なんだなぁ
桑山千雪\【はるかぜまち、1番地】桑山千雪\春なんだなぁ.csv,28,2016010020160,千雪,"……啊，没耽误到您吧
非常抱歉……！",桑山千雪,【はるかぜまち、1番地】桑山千雪,春なんだなぁ
桑山千雪\【はるかぜまち、1番地】桑山千雪\春なんだなぁ.csv,31,2016010020170,千雪,好的,桑山千雪,【はるかぜまち、1番地】桑山千雪,春なんだなぁ
桑山千雪\【はるかぜまち、1番地】桑山千雪\春なんだなぁ.csv,34,2016010020180,千雪,嗯，还请一路多注意……！,桑山千雪,【はるかぜまち、1番地】桑山千雪,春なんだなぁ
桑山千雪\【はるかぜまち、1番地】桑山千雪\春なんだなぁ.csv,39,2016010020190,千雪,──制作人先生……！,桑山千雪,【はるかぜまち、1番地】桑山千雪,春なんだなぁ
桑山千雪\【はるかぜまち、1番地】桑山千雪\春なんだなぁ.csv,42,2016010020200,千雪,一路顺风……！,桑山千雪,【はるかぜまち、1番地】桑山千雪,春なんだなぁ
桑山千雪\【はるかぜまち、1番地】桑山千雪\走り出したいの、３月.csv,4,2016010110010,千雪,"嗯，没事的……！
制作人先生呢……？",桑山千雪,【はるかぜまち、1番地】桑山千雪,走り出したいの、３月
桑山千雪\【はるかぜまち、1番地】桑山千雪\走り出したいの、３月.csv,7,2016010110020,千雪,"诶诶，比起去便利店
事务所会更近些呢……！",桑山千雪,【はるかぜまち、1番地】桑山千雪,走り出したいの、３月
桑山千雪\【はるかぜまち、1番地】桑山千雪\走り出したいの、３月.csv,9,2016010110030,千雪,哼哼～,桑山千雪,【はるかぜまち、1番地】桑山千雪,走り出したいの、３月
桑山千雪\【はるかぜまち、1番地】桑山千雪\走り出したいの、３月.csv,10,2016010110040,千雪,──It's raining cats and dogs……！,桑山千雪,【はるかぜまち、1番地】桑山千雪,走り出したいの、３月
桑山千雪\【はるかぜまち、1番地】桑山千雪\走り出したいの、３月.csv,12,2016010110050,千雪,"倾盆大雨啊……！
是来表达这种景象的一句话",桑山千雪,【はるかぜまち、1番地】桑山千雪,走り出したいの、３月
桑山千雪\【はるかぜまち、1番地】桑山千雪\走り出したいの、３月.csv,14,2016010110060,千雪,"诶诶
说的是“猫・和・狗”",桑山千雪,【はるかぜまち、1番地】桑山千雪,走り出したいの、３月
桑山千雪\【はるかぜまち、1番地】桑山千雪\走り出したいの、３月.csv,15,2016010110070,千雪,好像，是跟神话有关的……,桑山千雪,【はるかぜまち、1番地】桑山千雪,走り出したいの、３月
桑山千雪\【はるかぜまち、1番地】桑山千雪\走り出したいの、３月.csv,16,2016010110080,千雪,"──因为最近，在咖啡馆
隔壁正好有英语会话的老师和学生",桑山千雪,【はるかぜまち、1番地】桑山千雪,走り出したいの、３月
桑山千雪\【はるかぜまち、1番地】桑山千雪\走り出したいの、３月.csv,18,2016010110090,千雪,"不是的，制作人先生……！
不是那样的",桑山千雪,【はるかぜまち、1番地】桑山千雪,走り出したいの、３月
桑山千雪\【はるかぜまち、1番地】桑山千雪\走り出したいの、３月.csv,21,2016010110100,千雪,哼哼～……,桑山千雪,【はるかぜまち、1番地】桑山千雪,走り出したいの、３月
桑山千雪\【はるかぜまち、1番地】桑山千雪\走り出したいの、３月.csv,22,2016010110110,千雪,"……有点像，
猫和狗在互相打闹一样",桑山千雪,【はるかぜまち、1番地】桑山千雪,走り出したいの、３月
桑山千雪\【はるかぜまち、1番地】桑山千雪\走り出したいの、３月.csv,23,2016010110120,千雪,"像这样想的话
倾盆大雨下着也很有意思啊",桑山千雪,【はるかぜまち、1番地】桑山千雪,走り出したいの、３月
桑山千雪\【はるかぜまち、1番地】桑山千雪\走り出したいの、３月.csv,26,2016010110130,千雪,──也只是想想而已,桑山千雪,【はるかぜまち、1番地】桑山千雪,走り出したいの、３月
桑山千雪\【はるかぜまち、1番地】桑山千雪\走り出したいの、３月.csv,27,2016010110140,千雪,到关键时候，还是会气馁的呢……！,桑山千雪,【はるかぜまち、1番地】桑山千雪,走り出したいの、３月
桑山千雪\【はるかぜまち、1番地】桑山千雪\走り出したいの、３月.csv,30,2016010110150,千雪,"──啊……
诶诶……！",桑山千雪,【はるかぜまち、1番地】桑山千雪,走り出したいの、３月
桑山千雪\【はるかぜまち、1番地】桑山千雪\走り出したいの、３月.csv,32,2016010110160,千雪,哼哼～,桑山千雪,【はるかぜまち、1番地】桑山千雪,走り出したいの、３月
桑山千雪\【はるかぜまち、1番地】桑山千雪\走り出したいの、３月.csv,33,2016010110170,千雪,"要不跑起来玩玩
像猫和狗那样！",桑山千雪,【はるかぜまち、1番地】桑山千雪,走り出したいの、３月
桑山千雪\【はるかぜまち、1番地】桑山千雪\走り出したいの、３月.csv,36,2016010110180,千雪,嗯……！,桑山千雪,【はるかぜまち、1番地】桑山千雪,走り出したいの、３月
桑山千雪\【はるかぜまち、1番地】桑山千雪\走り出したいの、３月.csv,37,2016010110190,千雪,一、二────,桑山千雪,【はるかぜまち、1番地】桑山千雪,走り出したいの、３月
桑山千雪\【はるかぜまち、1番地】桑山千雪\走り出したいの、３月.csv,38,2016010110200,千雪,呀，好冷啊……！,桑山千雪,【はるかぜまち、1番地】桑山千雪,走り出したいの、３月
桑山千雪\【はるかぜまち、1番地】桑山千雪\走り出したいの、３月.csv,40,2016010110210,千雪,"哇啊……这怎么行
制作人会着凉────",桑山千雪,【はるかぜまち、1番地】桑山千雪,走り出したいの、３月
桑山千雪\【はるかぜまち、1番地】桑山千雪\走り出したいの、３月.csv,42,2016010110220,千雪,……嗯,桑山千雪,【はるかぜまち、1番地】桑山千雪,走り出したいの、３月
桑山千雪\【はるかぜまち、1番地】桑山千雪\走り出したいの、３月.csv,43,2016010110230,千雪,哼哼～,桑山千雪,【はるかぜまち、1番地】桑山千雪,走り出したいの、３月
桑山千雪\【はるかぜまち、1番地】桑山千雪\走り出したいの、３月.csv,44,2016010110240,千雪,──……哈啊……,桑山千雪,【はるかぜまち、1番地】桑山千雪,走り出したいの、３月
桑山千雪\【はるかぜまち、1番地】桑山千雪\走り出したいの、３月.csv,45,2016010110250,千雪,果然……很愉快呢……,桑山千雪,【はるかぜまち、1番地】桑山千雪,走り出したいの、３月
桑山千雪\【はるかぜまち、1番地】桑山千雪\走り出したいの、３月.csv,46,2016010110260,千雪,倾盆大雨……──！,桑山千雪,【はるかぜまち、1番地】桑山千雪,走り出したいの、３月
桑山千雪\【はるかぜまち、1番地】桑山千雪\（筆談）.csv,5,2016010010010,千雪,…………,桑山千雪,【はるかぜまち、1番地】桑山千雪,（筆談）
桑山千雪\【はるかぜまち、1番地】桑山千雪\（筆談）.csv,9,2016010010020,千雪,……！,桑山千雪,【はるかぜまち、1番地】桑山千雪,（筆談）
桑山千雪\【はるかぜまち、1番地】桑山千雪\（筆談）.csv,11,2016010010030,千雪,"“不要紧的
就快结束了”",桑山千雪,【はるかぜまち、1番地】桑山千雪,（筆談）
桑山千雪\【はるかぜまち、1番地】桑山千雪\（筆談）.csv,12,2016010010040,千雪,…………,桑山千雪,【はるかぜまち、1番地】桑山千雪,（筆談）
桑山千雪\【はるかぜまち、1番地】桑山千雪\（筆談）.csv,14,2016010010050,千雪,────啊，就擦掉了……！,桑山千雪,【はるかぜまち、1番地】桑山千雪,（筆談）
桑山千雪\【はるかぜまち、1番地】桑山千雪\（筆談）.csv,16,2016010010060,千雪,不，不好意思……！,桑山千雪,【はるかぜまち、1番地】桑山千雪,（筆談）
桑山千雪\【はるかぜまち、1番地】桑山千雪\（筆談）.csv,21,2016010010070,千雪,“非常抱歉！”,桑山千雪,【はるかぜまち、1番地】桑山千雪,（筆談）
桑山千雪\【はるかぜまち、1番地】桑山千雪\（筆談）.csv,22,2016010010080,千雪,“不想要擦掉的说”,桑山千雪,【はるかぜまち、1番地】桑山千雪,（筆談）
桑山千雪\【はるかぜまち、1番地】桑山千雪\（筆談）.csv,24,2016010010090,千雪,“没什么”,桑山千雪,【はるかぜまち、1番地】桑山千雪,（筆談）
桑山千雪\【はるかぜまち、1番地】桑山千雪\（筆談）.csv,26,2016010010100,千雪,“没什么……！”,桑山千雪,【はるかぜまち、1番地】桑山千雪,（筆談）
桑山千雪\【はるかぜまち、1番地】桑山千雪\（筆談）.csv,27,2016010010110,千雪,哼哼～……,桑山千雪,【はるかぜまち、1番地】桑山千雪,（筆談）
桑山千雪\【はるかぜまち、1番地】桑山千雪\（筆談）.csv,28,2016010010120,千雪,────真，真的是非常抱歉……,桑山千雪,【はるかぜまち、1番地】桑山千雪,（筆談）
桑山千雪\【はるかぜまち、1番地】桑山千雪\（筆談）.csv,30,2016010010130,千雪,"──“很开心
制作人为我担心什么的。而且”",桑山千雪,【はるかぜまち、1番地】桑山千雪,（筆談）
桑山千雪\【はるかぜまち、1番地】桑山千雪\（筆談）.csv,33,2016010010140,千雪,…………哼～！,桑山千雪,【はるかぜまち、1番地】桑山千雪,（筆談）
桑山千雪\【はるかぜまち、1番地】桑山千雪\（筆談）.csv,34,2016010010150,千雪,“请别这样～……！”,桑山千雪,【はるかぜまち、1番地】桑山千雪,（筆談）
桑山千雪\【はるかぜまち、1番地】桑山千雪\（筆談）.csv,36,2016010010160,千雪,────哼哼～,桑山千雪,【はるかぜまち、1番地】桑山千雪,（筆談）
桑山千雪\【はるかぜまち、1番地】桑山千雪\（筆談）.csv,37,2016010010170,千雪,……！,桑山千雪,【はるかぜまち、1番地】桑山千雪,（筆談）
桑山千雪\【はるかぜまち、1番地】桑山千雪\（筆談）.csv,38,2016010010180,千雪,"“不是的
没关系的”",桑山千雪,【はるかぜまち、1番地】桑山千雪,（筆談）
桑山千雪\【はるかぜまち、1番地】桑山千雪\（筆談）.csv,40,2016010010190,千雪,“好不容易制作人的一番好意”,桑山千雪,【はるかぜまち、1番地】桑山千雪,（筆談）
桑山千雪\【はるかぜまち、1番地】桑山千雪\（筆談）.csv,41,2016010010200,千雪,"“就这样擦掉了话
有些空落落的呢”",桑山千雪,【はるかぜまち、1番地】桑山千雪,（筆談）
桑山千雪\【はるかぜまち、1番地】桑山千雪\（筆談）.csv,49,2016010010230,千雪,“像打了喷嚏似的呢？”,桑山千雪,【はるかぜまち、1番地】桑山千雪,（筆談）
桑山千雪\【はるかぜまち、1番地】桑山千雪\（筆談）.csv,53,2016010010240,千雪,"哼哼～
不好意思……！",桑山千雪,【はるかぜまち、1番地】桑山千雪,（筆談）
桑山千雪\【はるかぜまち、1番地】桑山千雪\（筆談）.csv,54,2016010010250,千雪,啊～,桑山千雪,【はるかぜまち、1番地】桑山千雪,（筆談）
桑山千雪\【はるかぜまち、1番地】桑山千雪\（筆談）.csv,55,2016010010260,千雪,…………啊,桑山千雪,【はるかぜまち、1番地】桑山千雪,（筆談）
桑山千雪\【はるかぜまち、1番地】桑山千雪\（筆談）.csv,56,2016010010270,千雪,“那个，莫非是空调”,桑山千雪,【はるかぜまち、1番地】桑山千雪,（筆談）
桑山千雪\【はるかぜまち、1番地】桑山千雪\（筆談）.csv,59,2016010010280,千雪,“嗯”────,桑山千雪,【はるかぜまち、1番地】桑山千雪,（筆談）
桑山千雪\【はるかぜまち、1番地】桑山千雪\（筆談）.csv,61,2016010010290,千雪,"确实……
后半部分，几乎都是无关的话题……",桑山千雪,【はるかぜまち、1番地】桑山千雪,（筆談）
桑山千雪\【はるかぜまち、1番地】桑山千雪\（筆談）.csv,64,2016010010300,千雪,──啊，不是的……！,桑山千雪,【はるかぜまち、1番地】桑山千雪,（筆談）
桑山千雪\【はるかぜまち、1番地】桑山千雪\（筆談）.csv,65,2016010010310,千雪,"这个是……
哼哼～要带回去的",桑山千雪,【はるかぜまち、1番地】桑山千雪,（筆談）
桑山千雪\【はるかぜまち、1番地】桑山千雪\（筆談）.csv,67,2016010010320,千雪,"好不容易，
上面留下了制作人温柔体贴的留言……",桑山千雪,【はるかぜまち、1番地】桑山千雪,（筆談）
桑山千雪\【はるかぜまち、1番地】桑山千雪\（筆談）.csv,68,2016010010330,千雪,不能就这样弃之不顾了,桑山千雪,【はるかぜまち、1番地】桑山千雪,（筆談）
桑山千雪\【はるかぜまち、1番地】桑山千雪\（筆談）.csv,70,2016010010340,千雪,"哼呵呵～
“这么”什么的……不可以说哦",桑山千雪,【はるかぜまち、1番地】桑山千雪,（筆談）
桑山千雪\【はるかぜまち、1番地】桑山千雪\（筆談）.csv,71,2016010010350,千雪,"因为真的，
很温暖的哦……！",桑山千雪,【はるかぜまち、1番地】桑山千雪,（筆談）
桑山千雪\【よそゆき顔のセレナーデ】桑山千雪\ピ一ス・オブ・ショートケイケ.csv,4,2016006110010,千雪,是的,桑山千雪,【よそゆき顔のセレナーデ】桑山千雪,ピ一ス・オブ・ショートケイケ
桑山千雪\【よそゆき顔のセレナーデ】桑山千雪\ピ一ス・オブ・ショートケイケ.csv,6,2016006110020,千雪,从尾巴开始吃♪,桑山千雪,【よそゆき顔のセレナーデ】桑山千雪,ピ一ス・オブ・ショートケイケ
桑山千雪\【よそゆき顔のセレナーデ】桑山千雪\ピ一ス・オブ・ショートケイケ.csv,8,2016006110030,千雪,"是的
所以，工作之后的蛋糕就让人感觉很幸福～……",桑山千雪,【よそゆき顔のセレナーデ】桑山千雪,ピ一ス・オブ・ショートケイケ
桑山千雪\【よそゆき顔のセレナーデ】桑山千雪\ピ一ス・オブ・ショートケイケ.csv,11,2016006110040,千雪,"啊……
请，请不要说那个方面的话～……!",桑山千雪,【よそゆき顔のセレナーデ】桑山千雪,ピ一ス・オブ・ショートケイケ
桑山千雪\【よそゆき顔のセレナーデ】桑山千雪\ピ一ス・オブ・ショートケイケ.csv,12,2016006110050,千雪,今天的话，因为是奖励所以没关系的,桑山千雪,【よそゆき顔のセレナーデ】桑山千雪,ピ一ス・オブ・ショートケイケ
桑山千雪\【よそゆき顔のセレナーデ】桑山千雪\ピ一ス・オブ・ショートケイケ.csv,13,2016006110060,千雪,而且……今天用脑也很频繁……！,桑山千雪,【よそゆき顔のセレナーデ】桑山千雪,ピ一ス・オブ・ショートケイケ
桑山千雪\【よそゆき顔のセレナーデ】桑山千雪\ピ一ス・オブ・ショートケイケ.csv,18,2016006110070,千雪,……这样，算是贪心吗……,桑山千雪,【よそゆき顔のセレナーデ】桑山千雪,ピ一ス・オブ・ショートケイケ
桑山千雪\【よそゆき顔のセレナーデ】桑山千雪\ピ一ス・オブ・ショートケイケ.csv,22,2016006110080,千雪,……？,桑山千雪,【よそゆき顔のセレナーデ】桑山千雪,ピ一ス・オブ・ショートケイケ
桑山千雪\【よそゆき顔のセレナーデ】桑山千雪\ピ一ス・オブ・ショートケイケ.csv,25,2016006110090,千雪,……呵呵,桑山千雪,【よそゆき顔のセレナーデ】桑山千雪,ピ一ス・オブ・ショートケイケ
桑山千雪\【よそゆき顔のセレナーデ】桑山千雪\ピ一ス・オブ・ショートケイケ.csv,28,2016006110100,千雪,"……没关系的
我大概理解你的意思了",桑山千雪,【よそゆき顔のセレナーデ】桑山千雪,ピ一ス・オブ・ショートケイケ
桑山千雪\【よそゆき顔のセレナーデ】桑山千雪\ピ一ス・オブ・ショートケイケ.csv,30,2016006110110,千雪,…………,桑山千雪,【よそゆき顔のセレナーデ】桑山千雪,ピ一ス・オブ・ショートケイケ
桑山千雪\【よそゆき顔のセレナーデ】桑山千雪\ピ一ス・オブ・ショートケイケ.csv,31,2016006110120,千雪,"可是……
我并不是，这样的",桑山千雪,【よそゆき顔のセレナーデ】桑山千雪,ピ一ス・オブ・ショートケイケ
桑山千雪\【よそゆき顔のセレナーデ】桑山千雪\ピ一ス・オブ・ショートケイケ.csv,32,2016006110130,千雪,"我只是……对着自己相信的东西
笔直走去而已……",桑山千雪,【よそゆき顔のセレナーデ】桑山千雪,ピ一ス・オブ・ショートケイケ
桑山千雪\【よそゆき顔のセレナーデ】桑山千雪\ピ一ス・オブ・ショートケイケ.csv,34,2016006110140,千雪,不是的……,桑山千雪,【よそゆき顔のセレナーデ】桑山千雪,ピ一ス・オブ・ショートケイケ
桑山千雪\【よそゆき顔のセレナーデ】桑山千雪\ピ一ス・オブ・ショートケイケ.csv,35,2016006110150,千雪,……是很简单的事情,桑山千雪,【よそゆき顔のセレナーデ】桑山千雪,ピ一ス・オブ・ショートケイケ
桑山千雪\【よそゆき顔のセレナーデ】桑山千雪\ピ一ス・オブ・ショートケイケ.csv,36,2016006110160,千雪,"……那个。如果有制作人，为我……
指点迷津的话……",桑山千雪,【よそゆき顔のセレナーデ】桑山千雪,ピ一ス・オブ・ショートケイケ
桑山千雪\【よそゆき顔のセレナーデ】桑山千雪\ピ一ス・オブ・ショートケイケ.csv,39,2016006110170,千雪,不，没有，没关系的,桑山千雪,【よそゆき顔のセレナーデ】桑山千雪,ピ一ス・オブ・ショートケイケ
桑山千雪\【よそゆき顔のセレナーデ】桑山千雪\ピ一ス・オブ・ショートケイケ.csv,40,2016006110180,千雪,…………,桑山千雪,【よそゆき顔のセレナーデ】桑山千雪,ピ一ス・オブ・ショートケイケ
桑山千雪\【よそゆき顔のセレナーデ】桑山千雪\ピ一ス・オブ・ショートケイケ.csv,42,2016006110190,千雪,……啊，对了,桑山千雪,【よそゆき顔のセレナーデ】桑山千雪,ピ一ス・オブ・ショートケイケ
桑山千雪\【よそゆき顔のセレナーデ】桑山千雪\ピ一ス・オブ・ショートケイケ.csv,43,2016006110200,千雪,"总，总之……
今后我也会努力的，还请多多指教！",桑山千雪,【よそゆき顔のセレナーデ】桑山千雪,ピ一ス・オブ・ショートケイケ
桑山千雪\【よそゆき顔のセレナーデ】桑山千雪\ピ一ス・オブ・ショートケイケ.csv,44,2016006110210,千雪,……就是这样,桑山千雪,【よそゆき顔のセレナーデ】桑山千雪,ピ一ス・オブ・ショートケイケ
桑山千雪\【よそゆき顔のセレナーデ】桑山千雪\ピ一ス・オブ・ショートケイケ.csv,46,2016006110220,千雪,……谢谢你,桑山千雪,【よそゆき顔のセレナーデ】桑山千雪,ピ一ス・オブ・ショートケイケ
桑山千雪\【よそゆき顔のセレナーデ】桑山千雪\ピ一ス・オブ・ショートケイケ.csv,47,2016006110230,千雪,——啊已经这时间了，不快点可不行呢,桑山千雪,【よそゆき顔のセレナーデ】桑山千雪,ピ一ス・オブ・ショートケイケ
桑山千雪\【よそゆき顔のセレナーデ】桑山千雪\ピ一ス・オブ・ショートケイケ.csv,48,2016006110240,千雪,"都这么晚了真是不好意思
蛋糕，我马上就会吃掉的……！",桑山千雪,【よそゆき顔のセレナーデ】桑山千雪,ピ一ス・オブ・ショートケイケ
桑山千雪\【よそゆき顔のセレナーデ】桑山千雪\ピ一ス・オブ・ショートケイケ.csv,50,2016006110250,千雪,……好的……！,桑山千雪,【よそゆき顔のセレナーデ】桑山千雪,ピ一ス・オブ・ショートケイケ
桑山千雪\【よそゆき顔のセレナーデ】桑山千雪\乾杯・小夜曲.csv,11,2016006010010,千雪,在,桑山千雪,【よそゆき顔のセレナーデ】桑山千雪,乾杯・小夜曲
桑山千雪\【よそゆき顔のセレナーデ】桑山千雪\乾杯・小夜曲.csv,13,2016006010020,千雪,"可以，我之后有空——
怎么了吗？",桑山千雪,【よそゆき顔のセレナーデ】桑山千雪,乾杯・小夜曲
桑山千雪\【よそゆき顔のセレナーデ】桑山千雪\乾杯・小夜曲.csv,15,2016006010030,千雪,咦——,桑山千雪,【よそゆき顔のセレナーデ】桑山千雪,乾杯・小夜曲
桑山千雪\【よそゆき顔のセレナーデ】桑山千雪\乾杯・小夜曲.csv,18,2016006010040,千雪,"啊，是啊……！
原来如此，原来是这样啊……！",桑山千雪,【よそゆき顔のセレナーデ】桑山千雪,乾杯・小夜曲
桑山千雪\【よそゆき顔のセレナーデ】桑山千雪\乾杯・小夜曲.csv,19,2016006010050,千雪,这样的话……请务必让我同行,桑山千雪,【よそゆき顔のセレナーデ】桑山千雪,乾杯・小夜曲
桑山千雪\【よそゆき顔のセレナーデ】桑山千雪\乾杯・小夜曲.csv,22,2016006010060,千雪,"好的
当然了……！",桑山千雪,【よそゆき顔のセレナーデ】桑山千雪,乾杯・小夜曲
桑山千雪\【よそゆき顔のセレナーデ】桑山千雪\乾杯・小夜曲.csv,23,2016006010070,千雪,制作人，请,桑山千雪,【よそゆき顔のセレナーデ】桑山千雪,乾杯・小夜曲
桑山千雪\【よそゆき顔のセレナーデ】桑山千雪\乾杯・小夜曲.csv,26,2016006010080,千雪,哇……真是谢谢你,桑山千雪,【よそゆき顔のセレナーデ】桑山千雪,乾杯・小夜曲
桑山千雪\【よそゆき顔のセレナーデ】桑山千雪\乾杯・小夜曲.csv,30,2016006010090,千雪,……是的,桑山千雪,【よそゆき顔のセレナーデ】桑山千雪,乾杯・小夜曲
桑山千雪\【よそゆき顔のセレナーデ】桑山千雪\乾杯・小夜曲.csv,33,2016006010100,千雪,"……原来是这样啊
那个……",桑山千雪,【よそゆき顔のセレナーデ】桑山千雪,乾杯・小夜曲
桑山千雪\【よそゆき顔のセレナーデ】桑山千雪\乾杯・小夜曲.csv,34,2016006010110,千雪,"我也……
会为了让制作人更了解自己，而去努力呢",桑山千雪,【よそゆき顔のセレナーデ】桑山千雪,乾杯・小夜曲
桑山千雪\【よそゆき顔のセレナーデ】桑山千雪\乾杯・小夜曲.csv,35,2016006010120,千雪,可以的话……能够了解优点……！,桑山千雪,【よそゆき顔のセレナーデ】桑山千雪,乾杯・小夜曲
桑山千雪\【よそゆき顔のセレナーデ】桑山千雪\乾杯・小夜曲.csv,37,2016006010130,千雪,好的……！,桑山千雪,【よそゆき顔のセレナーデ】桑山千雪,乾杯・小夜曲
桑山千雪\【よそゆき顔のセレナーデ】桑山千雪\乾杯・小夜曲.csv,38,2016006010140,千雪,那么……我也来一点吧,桑山千雪,【よそゆき顔のセレナーデ】桑山千雪,乾杯・小夜曲
桑山千雪\【よそゆき顔のセレナーデ】桑山千雪\乾杯・小夜曲.csv,40,2016006010150,千雪,……是的,桑山千雪,【よそゆき顔のセレナーデ】桑山千雪,乾杯・小夜曲
桑山千雪\【よそゆき顔のセレナーデ】桑山千雪\乾杯・小夜曲.csv,41,2016006010160,千雪,"我，酒量并不是特别好
所以……少点就好",桑山千雪,【よそゆき顔のセレナーデ】桑山千雪,乾杯・小夜曲
桑山千雪\【よそゆき顔のセレナーデ】桑山千雪\乾杯・小夜曲.csv,44,2016006010170,千雪,……没事的,桑山千雪,【よそゆき顔のセレナーデ】桑山千雪,乾杯・小夜曲
桑山千雪\【よそゆき顔のセレナーデ】桑山千雪\乾杯・小夜曲.csv,45,2016006010180,千雪,"能够和制作人，像这样子聊天
我也觉得很高兴",桑山千雪,【よそゆき顔のセレナーデ】桑山千雪,乾杯・小夜曲
桑山千雪\【よそゆき顔のセレナーデ】桑山千雪\乾杯・小夜曲.csv,46,2016006010190,千雪,……那么，制作人,桑山千雪,【よそゆき顔のセレナーデ】桑山千雪,乾杯・小夜曲
桑山千雪\【よそゆき顔のセレナーデ】桑山千雪\乾杯・小夜曲.csv,47,2016006010200,千雪,——干杯♪,桑山千雪,【よそゆき顔のセレナーデ】桑山千雪,乾杯・小夜曲
桑山千雪\【サマーハニー・シーズン】桑山千雪\I say.csv,3,2016008040010,千雪,"哇，制作人先生……！
早上好",桑山千雪,【サマーハニー・シーズン】桑山千雪,I say
桑山千雪\【サマーハニー・シーズン】桑山千雪\I say.csv,5,2016008040020,千雪,"是的……！
在公园的时候吧",桑山千雪,【サマーハニー・シーズン】桑山千雪,I say
桑山千雪\【サマーハニー・シーズン】桑山千雪\I say.csv,7,2016008040030,千雪,"是的，今天我是负责倒宿舍垃圾的
打算之后再去跑步",桑山千雪,【サマーハニー・シーズン】桑山千雪,I say
桑山千雪\【サマーハニー・シーズン】桑山千雪\I say.csv,8,2016008040040,千雪,"所以，
这可不是在偷懒……！",桑山千雪,【サマーハニー・シーズン】桑山千雪,I say
桑山千雪\【サマーハニー・シーズン】桑山千雪\I say.csv,12,2016008040050,千雪,"……好的
谢谢关心",桑山千雪,【サマーハニー・シーズン】桑山千雪,I say
桑山千雪\【サマーハニー・シーズン】桑山千雪\I say.csv,14,2016008040060,千雪,啊……！,桑山千雪,【サマーハニー・シーズン】桑山千雪,I say
桑山千雪\【サマーハニー・シーズン】桑山千雪\I say.csv,15,2016008040070,千雪＆プロデューサー,那就，趁着休息日——,桑山千雪,【サマーハニー・シーズン】桑山千雪,I say
桑山千雪\【サマーハニー・シーズン】桑山千雪\I say.csv,16,2016008040071,千雪＆プロデューサー,,桑山千雪,【サマーハニー・シーズン】桑山千雪,I say
桑山千雪\【サマーハニー・シーズン】桑山千雪\I say.csv,17,2016008040080,千雪,"啊，那个……
不好意思，你请说",桑山千雪,【サマーハニー・シーズン】桑山千雪,I say
桑山千雪\【サマーハニー・シーズン】桑山千雪\I say.csv,20,2016008040090,千雪,不，不会……！,桑山千雪,【サマーハニー・シーズン】桑山千雪,I say
桑山千雪\【サマーハニー・シーズン】桑山千雪\I say.csv,21,2016008040100,千雪,,桑山千雪,【サマーハニー・シーズン】桑山千雪,I say
桑山千雪\【サマーハニー・シーズン】桑山千雪\I say.csv,23,2016008040110,千雪,"……
那个！",桑山千雪,【サマーハニー・シーズン】桑山千雪,I say
桑山千雪\【サマーハニー・シーズン】桑山千雪\I say.csv,27,2016008040120,千雪,"没有……！
——啊，也不是这样",桑山千雪,【サマーハニー・シーズン】桑山千雪,I say
桑山千雪\【サマーハニー・シーズン】桑山千雪\I say.csv,28,2016008040130,千雪,不过，这么一说好像是这样……,桑山千雪,【サマーハニー・シーズン】桑山千雪,I say
桑山千雪\【サマーハニー・シーズン】桑山千雪\I say.csv,30,2016008040140,千雪,"……就是，那个
——我啊，只要和制作人说上话",桑山千雪,【サマーハニー・シーズン】桑山千雪,I say
桑山千雪\【サマーハニー・シーズン】桑山千雪\I say.csv,31,2016008040150,千雪,"就会觉得今天也能努力了
……所以",桑山千雪,【サマーハニー・シーズン】桑山千雪,I say
桑山千雪\【サマーハニー・シーズン】桑山千雪\I say.csv,32,2016008040160,千雪,"请不要说什么
“抱歉占用你的时间了”……！",桑山千雪,【サマーハニー・シーズン】桑山千雪,I say
桑山千雪\【サマーハニー・シーズン】桑山千雪\I say.csv,34,2016008040170,千雪,……制作人先生……？,桑山千雪,【サマーハニー・シーズン】桑山千雪,I say
桑山千雪\【サマーハニー・シーズン】桑山千雪\I say.csv,37,2016008040180,千雪,"……呵呵
真是的……",桑山千雪,【サマーハニー・シーズン】桑山千雪,I say
桑山千雪\【サマーハニー・シーズン】桑山千雪\I say.csv,39,2016008040190,千雪,……好的,桑山千雪,【サマーハニー・シーズン】桑山千雪,I say
桑山千雪\【サマーハニー・シーズン】桑山千雪\I say.csv,40,2016008040200,千雪,"——那么，工作请加油
一路顺风",桑山千雪,【サマーハニー・シーズン】桑山千雪,I say
桑山千雪\【サマーハニー・シーズン】桑山千雪\I say.csv,41,2016008040210,千雪,"——那个，
今天……",桑山千雪,【サマーハニー・シーズン】桑山千雪,I say
桑山千雪\【サマーハニー・シーズン】桑山千雪\I say.csv,42,2016008040220,千雪,"我很高兴，一大早
就能和制作人说上话",桑山千雪,【サマーハニー・シーズン】桑山千雪,I say
桑山千雪\【サマーハニー・シーズン】桑山千雪\I say.csv,43,2016008040230,千雪,"……我就是，想把这个想法……
告诉制作人先生……！",桑山千雪,【サマーハニー・シーズン】桑山千雪,I say
桑山千雪\【サマーハニー・シーズン】桑山千雪\I say.csv,45,2016008040240,千雪,"——还有
我决定了",桑山千雪,【サマーハニー・シーズン】桑山千雪,I say
桑山千雪\【サマーハニー・シーズン】桑山千雪\I say.csv,46,2016008040250,千雪,"今天暂停跑步，
然后要好好地休息",桑山千雪,【サマーハニー・シーズン】桑山千雪,I say
桑山千雪\【サマーハニー・シーズン】桑山千雪\I say.csv,47,2016008040260,千雪,然后，明天开始，继续努力工作……！,桑山千雪,【サマーハニー・シーズン】桑山千雪,I say
桑山千雪\【サマーハニー・シーズン】桑山千雪\I say.csv,50,2016008040270,千雪,"呵呵，好的……！
谢谢你",桑山千雪,【サマーハニー・シーズン】桑山千雪,I say
桑山千雪\【サマーハニー・シーズン】桑山千雪\I say.csv,51,2016008040280,千雪,……要说，什么的话……,桑山千雪,【サマーハニー・シーズン】桑山千雪,I say
桑山千雪\【サマーハニー・シーズン】桑山千雪\I say.csv,52,2016008040290,千雪,"我很高兴，早上就能
遇到制作人先生",桑山千雪,【サマーハニー・シーズン】桑山千雪,I say
桑山千雪\【サマーハニー・シーズン】桑山千雪\I say.csv,53,2016008040300,千雪,我就是……想说，这个……,桑山千雪,【サマーハニー・シーズン】桑山千雪,I say
桑山千雪\【サマーハニー・シーズン】桑山千雪\I say.csv,54,0000000000000,千雪,我是这么想的……,桑山千雪,【サマーハニー・シーズン】桑山千雪,I say
桑山千雪\【サマーハニー・シーズン】桑山千雪\I say.csv,55,2016008040310,千雪,,桑山千雪,【サマーハニー・シーズン】桑山千雪,I say
桑山千雪\【サマーハニー・シーズン】桑山千雪\I say.csv,57,2016008040320,千雪,"……所以，
不是“抱歉占用你的时间了”",桑山千雪,【サマーハニー・シーズン】桑山千雪,I say
桑山千雪\【サマーハニー・シーズン】桑山千雪\I say.csv,61,2016008040330,千雪,"——不会……！
……我才是",桑山千雪,【サマーハニー・シーズン】桑山千雪,I say
桑山千雪\【サマーハニー・シーズン】桑山千雪\I say.csv,63,2016008040340,千雪,好的，一路顺风,桑山千雪,【サマーハニー・シーズン】桑山千雪,I say
桑山千雪\【サマーハニー・シーズン】桑山千雪\What should I say_.csv,3,2016008010010,千雪,"——哇，制作人先生……！？
早上好",桑山千雪,【サマーハニー・シーズン】桑山千雪,What should I say_
桑山千雪\【サマーハニー・シーズン】桑山千雪\What should I say_.csv,6,2016008010020,千雪,"是，是的
我是从宿舍慢跑过来的",桑山千雪,【サマーハニー・シーズン】桑山千雪,What should I say_
桑山千雪\【サマーハニー・シーズン】桑山千雪\What should I say_.csv,7,2016008010030,千雪,"然后现在，要说在公园做什么的话
我正在休息……",桑山千雪,【サマーハニー・シーズン】桑山千雪,What should I say_
桑山千雪\【サマーハニー・シーズン】桑山千雪\What should I say_.csv,9,2016008010040,千雪,"说，说的也是！
啊哈哈……！",桑山千雪,【サマーハニー・シーズン】桑山千雪,What should I say_
桑山千雪\【サマーハニー・シーズン】桑山千雪\What should I say_.csv,11,2016008010050,千雪,不，并不会……！,桑山千雪,【サマーハニー・シーズン】桑山千雪,What should I say_
桑山千雪\【サマーハニー・シーズン】桑山千雪\What should I say_.csv,12,2016008010060,千雪,"只是最近白天的气温比较高，
所以就决定早点起来跑步……",桑山千雪,【サマーハニー・シーズン】桑山千雪,What should I say_
桑山千雪\【サマーハニー・シーズン】桑山千雪\What should I say_.csv,13,2016008010070,千雪,"……而且，说到这个
制作人先生也是一样啊",桑山千雪,【サマーハニー・シーズン】桑山千雪,What should I say_
桑山千雪\【サマーハニー・シーズン】桑山千雪\What should I say_.csv,15,2016008010080,千雪,这么一大早，是怎么了吗……？,桑山千雪,【サマーハニー・シーズン】桑山千雪,What should I say_
桑山千雪\【サマーハニー・シーズン】桑山千雪\What should I say_.csv,18,2016008010090,千雪,呵呵，原来如此,桑山千雪,【サマーハニー・シーズン】桑山千雪,What should I say_
桑山千雪\【サマーハニー・シーズン】桑山千雪\What should I say_.csv,22,2016008010100,千雪,"……啊，我也是，坐在长椅上
就不知不觉想到这点了……！",桑山千雪,【サマーハニー・シーズン】桑山千雪,What should I say_
桑山千雪\【サマーハニー・シーズン】桑山千雪\What should I say_.csv,25,2016008010110,千雪,……是的,桑山千雪,【サマーハニー・シーズン】桑山千雪,What should I say_
桑山千雪\【サマーハニー・シーズン】桑山千雪\What should I say_.csv,27,2016008010120,千雪,是的……！,桑山千雪,【サマーハニー・シーズン】桑山千雪,What should I say_
桑山千雪\【サマーハニー・シーズン】桑山千雪\What should I say_.csv,31,2016008010130,千雪,不，不会……！,桑山千雪,【サマーハニー・シーズン】桑山千雪,What should I say_
桑山千雪\【サマーハニー・シーズン】桑山千雪\What should I say_.csv,36,2016008010140,千雪,"好的……！
毕竟要注意泳装的摄影呢……！",桑山千雪,【サマーハニー・シーズン】桑山千雪,What should I say_
桑山千雪\【サマーハニー・シーズン】桑山千雪\What should I say_.csv,38,2016008010150,千雪,"…………制作人先生
那个，今天——",桑山千雪,【サマーハニー・シーズン】桑山千雪,What should I say_
桑山千雪\【サマーハニー・シーズン】桑山千雪\What should I say_.csv,39,2016008010160,千雪,"……今，今天的会议，
我会加油的！ 啊哈哈……！",桑山千雪,【サマーハニー・シーズン】桑山千雪,What should I say_
桑山千雪\【サマーハニー・シーズン】桑山千雪\What should I say_.csv,42,2016008010170,千雪,"（制作人先生，
那个，今天我——）",桑山千雪,【サマーハニー・シーズン】桑山千雪,What should I say_
桑山千雪\【サマーハニー・シーズン】桑山千雪\What should I say_.csv,43,2016008010180,千雪,很高兴，能够在早上就和制作人聊天,桑山千雪,【サマーハニー・シーズン】桑山千雪,What should I say_
桑山千雪\【サマーハニー・シーズン】桑山千雪\What should I say_.csv,44,2016008010190,千雪,…………什么的,桑山千雪,【サマーハニー・シーズン】桑山千雪,What should I say_
桑山千雪\【サマーハニー・シーズン】桑山千雪\What should I say_.csv,45,2016008010200,千雪,啊，好的……！,桑山千雪,【サマーハニー・シーズン】桑山千雪,What should I say_
桑山千雪\【サマーハニー・シーズン】桑山千雪\What should I say_.csv,46,2016008010210,千雪,……那就，等会见,桑山千雪,【サマーハニー・シーズン】桑山千雪,What should I say_
桑山千雪\【サマーハニー・シーズン】桑山千雪\What should I say_.csv,47,2016008010220,千雪,,桑山千雪,【サマーハニー・シーズン】桑山千雪,What should I say_
桑山千雪\【サマーハニー・シーズン】桑山千雪\What should I say_.csv,48,2016008010230,千雪,（……“打扰了”什么的……）,桑山千雪,【サマーハニー・シーズン】桑山千雪,What should I say_
桑山千雪\【サマーハニー・シーズン】桑山千雪\What should I say_.csv,49,2016008010240,千雪,…………才没有呢,桑山千雪,【サマーハニー・シーズン】桑山千雪,What should I say_
桑山千雪\【サマーハニー・シーズン】桑山千雪\What should I say_.csv,52,2016008010250,千雪,不，不会……！,桑山千雪,【サマーハニー・シーズン】桑山千雪,What should I say_
桑山千雪\【サマーハニー・シーズン】桑山千雪\What should I say_.csv,54,2016008010260,千雪,"——啊……！
……好的，等会见",桑山千雪,【サマーハニー・シーズン】桑山千雪,What should I say_
桑山千雪\【サマーハニー・シーズン】桑山千雪\What should I say_.csv,55,2016008010270,千雪,,桑山千雪,【サマーハニー・シーズン】桑山千雪,What should I say_
桑山千雪\【サマーハニー・シーズン】桑山千雪\もしも夕日が綺麗だったら.csv,3,2016008030010,千雪,是的，谢谢你,桑山千雪,【サマーハニー・シーズン】桑山千雪,もしも夕日が綺麗だったら
桑山千雪\【サマーハニー・シーズン】桑山千雪\もしも夕日が綺麗だったら.csv,5,2016008030020,千雪,好的,桑山千雪,【サマーハニー・シーズン】桑山千雪,もしも夕日が綺麗だったら
桑山千雪\【サマーハニー・シーズン】桑山千雪\もしも夕日が綺麗だったら.csv,7,2016008030030,千雪,好的,桑山千雪,【サマーハニー・シーズン】桑山千雪,もしも夕日が綺麗だったら
桑山千雪\【サマーハニー・シーズン】桑山千雪\もしも夕日が綺麗だったら.csv,9,2016008030040,千雪,……没有了,桑山千雪,【サマーハニー・シーズン】桑山千雪,もしも夕日が綺麗だったら
桑山千雪\【サマーハニー・シーズン】桑山千雪\もしも夕日が綺麗だったら.csv,10,2016008030050,千雪,（……如果夕阳很漂亮的话）,桑山千雪,【サマーハニー・シーズン】桑山千雪,もしも夕日が綺麗だったら
桑山千雪\【サマーハニー・シーズン】桑山千雪\もしも夕日が綺麗だったら.csv,12,2016008030060,千雪,……啊，没有……,桑山千雪,【サマーハニー・シーズン】桑山千雪,もしも夕日が綺麗だったら
桑山千雪\【サマーハニー・シーズン】桑山千雪\もしも夕日が綺麗だったら.csv,13,2016008030070,千雪,"我……
并没有在紧张……！",桑山千雪,【サマーハニー・シーズン】桑山千雪,もしも夕日が綺麗だったら
桑山千雪\【サマーハニー・シーズン】桑山千雪\もしも夕日が綺麗だったら.csv,14,2016008030080,千雪,"——不好意思，我会注意的
请再来一次……！",桑山千雪,【サマーハニー・シーズン】桑山千雪,もしも夕日が綺麗だったら
桑山千雪\【サマーハニー・シーズン】桑山千雪\もしも夕日が綺麗だったら.csv,17,2016008030090,千雪,"是吗……！
如果是这样，那就太好了",桑山千雪,【サマーハニー・シーズン】桑山千雪,もしも夕日が綺麗だったら
桑山千雪\【サマーハニー・シーズン】桑山千雪\もしも夕日が綺麗だったら.csv,18,2016008030100,千雪,,桑山千雪,【サマーハニー・シーズン】桑山千雪,もしも夕日が綺麗だったら
桑山千雪\【サマーハニー・シーズン】桑山千雪\もしも夕日が綺麗だったら.csv,19,2016008030110,千雪,"（无法表达而藏在心底里的语言，
会有意义吗）",桑山千雪,【サマーハニー・シーズン】桑山千雪,もしも夕日が綺麗だったら
桑山千雪\【サマーハニー・シーズン】桑山千雪\もしも夕日が綺麗だったら.csv,20,2016008030120,千雪,"（藏在心底交杂在一起的话，
明明就一定会消失的）",桑山千雪,【サマーハニー・シーズン】桑山千雪,もしも夕日が綺麗だったら
桑山千雪\【サマーハニー・シーズン】桑山千雪\もしも夕日が綺麗だったら.csv,21,2016008030130,千雪,——……其实,桑山千雪,【サマーハニー・シーズン】桑山千雪,もしも夕日が綺麗だったら
桑山千雪\【サマーハニー・シーズン】桑山千雪\もしも夕日が綺麗だったら.csv,22,2016008030140,千雪,“对下一次摄影，我感到很紧张……”,桑山千雪,【サマーハニー・シーズン】桑山千雪,もしも夕日が綺麗だったら
桑山千雪\【サマーハニー・シーズン】桑山千雪\もしも夕日が綺麗だったら.csv,23,2016008030150,千雪,"“制作人先生
知道什么缓解紧张的办法吗？”",桑山千雪,【サマーハニー・シーズン】桑山千雪,もしも夕日が綺麗だったら
桑山千雪\【サマーハニー・シーズン】桑山千雪\もしも夕日が綺麗だったら.csv,24,2016008030160,千雪,……什么的,桑山千雪,【サマーハニー・シーズン】桑山千雪,もしも夕日が綺麗だったら
桑山千雪\【サマーハニー・シーズン】桑山千雪\もしも夕日が綺麗だったら.csv,25,2016008030170,千雪,——不对，不行不行,桑山千雪,【サマーハニー・シーズン】桑山千雪,もしも夕日が綺麗だったら
桑山千雪\【サマーハニー・シーズン】桑山千雪\もしも夕日が綺麗だったら.csv,26,2016008030180,千雪,得振作……！,桑山千雪,【サマーハニー・シーズン】桑山千雪,もしも夕日が綺麗だったら
桑山千雪\【サマーハニー・シーズン】桑山千雪\もしも夕日が綺麗だったら.csv,28,2016008030190,千雪,"诶，
制，制作人先生……！",桑山千雪,【サマーハニー・シーズン】桑山千雪,もしも夕日が綺麗だったら
桑山千雪\【サマーハニー・シーズン】桑山千雪\もしも夕日が綺麗だったら.csv,30,2016008030200,千雪,"啊，是的……！
我想差不多是太阳下山的时候了",桑山千雪,【サマーハニー・シーズン】桑山千雪,もしも夕日が綺麗だったら
桑山千雪\【サマーハニー・シーズン】桑山千雪\もしも夕日が綺麗だったら.csv,31,2016008030210,千雪,"机会难得
就想看完日落再做打算……",桑山千雪,【サマーハニー・シーズン】桑山千雪,もしも夕日が綺麗だったら
桑山千雪\【サマーハニー・シーズン】桑山千雪\もしも夕日が綺麗だったら.csv,33,2016008030220,千雪,"……好的
谢谢关心",桑山千雪,【サマーハニー・シーズン】桑山千雪,もしも夕日が綺麗だったら
桑山千雪\【サマーハニー・シーズン】桑山千雪\もしも夕日が綺麗だったら.csv,34,2016008030230,千雪,"……制作人先生，
也是来看海的吗？",桑山千雪,【サマーハニー・シーズン】桑山千雪,もしも夕日が綺麗だったら
桑山千雪\【サマーハニー・シーズン】桑山千雪\もしも夕日が綺麗だったら.csv,36,2016008030240,千雪,……原来如此,桑山千雪,【サマーハニー・シーズン】桑山千雪,もしも夕日が綺麗だったら
桑山千雪\【サマーハニー・シーズン】桑山千雪\もしも夕日が綺麗だったら.csv,38,2016008030250,千雪,……如果夕阳很漂亮的话——,桑山千雪,【サマーハニー・シーズン】桑山千雪,もしも夕日が綺麗だったら
桑山千雪\【サマーハニー・シーズン】桑山千雪\もしも夕日が綺麗だったら.csv,39,2016008030260,千雪,——紧张……,桑山千雪,【サマーハニー・シーズン】桑山千雪,もしも夕日が綺麗だったら
桑山千雪\【サマーハニー・シーズン】桑山千雪\もしも夕日が綺麗だったら.csv,41,2016008030270,千雪,"缓解，紧张的办法……！
——制作人，知道什么吗……？",桑山千雪,【サマーハニー・シーズン】桑山千雪,もしも夕日が綺麗だったら
桑山千雪\【サマーハニー・シーズン】桑山千雪\コ・コ・ロ・グラデーション.csv,3,2016008020010,千雪,哇，制作人先生……！,桑山千雪,【サマーハニー・シーズン】桑山千雪,コ・コ・ロ・グラデーション
桑山千雪\【サマーハニー・シーズン】桑山千雪\コ・コ・ロ・グラデーション.csv,4,2016008020020,千雪,"你刚回来吗
辛苦了",桑山千雪,【サマーハニー・シーズン】桑山千雪,コ・コ・ロ・グラデーション
桑山千雪\【サマーハニー・シーズン】桑山千雪\コ・コ・ロ・グラデーション.csv,7,2016008020030,千雪,呵呵，不会……！,桑山千雪,【サマーハニー・シーズン】桑山千雪,コ・コ・ロ・グラデーション
桑山千雪\【サマーハニー・シーズン】桑山千雪\コ・コ・ロ・グラデーション.csv,8,2016008020040,千雪,这是柠檬汁,桑山千雪,【サマーハニー・シーズン】桑山千雪,コ・コ・ロ・グラデーション
桑山千雪\【サマーハニー・シーズン】桑山千雪\コ・コ・ロ・グラデーション.csv,9,2016008020050,千雪,我在来事务所的路上的咖啡厅看到的……,桑山千雪,【サマーハニー・シーズン】桑山千雪,コ・コ・ロ・グラデーション
桑山千雪\【サマーハニー・シーズン】桑山千雪\コ・コ・ロ・グラデーション.csv,10,2016008020060,千雪,"很漂亮，而且我想喝喝看
就买下一杯了",桑山千雪,【サマーハニー・シーズン】桑山千雪,コ・コ・ロ・グラデーション
桑山千雪\【サマーハニー・シーズン】桑山千雪\コ・コ・ロ・グラデーション.csv,12,2016008020070,千雪,"是的
蓝和黄的渐变色，很少见呢",桑山千雪,【サマーハニー・シーズン】桑山千雪,コ・コ・ロ・グラデーション
桑山千雪\【サマーハニー・シーズン】桑山千雪\コ・コ・ロ・グラデーション.csv,15,2016008020080,千雪,"啊……
其实，我还一口都没喝",桑山千雪,【サマーハニー・シーズン】桑山千雪,コ・コ・ロ・グラデーション
桑山千雪\【サマーハニー・シーズン】桑山千雪\コ・コ・ロ・グラデーション.csv,16,2016008020090,千雪,,桑山千雪,【サマーハニー・シーズン】桑山千雪,コ・コ・ロ・グラデーション
桑山千雪\【サマーハニー・シーズン】桑山千雪\コ・コ・ロ・グラデーション.csv,17,2016008020100,千雪,"因为这么漂亮的渐变色，
会混在一起……",桑山千雪,【サマーハニー・シーズン】桑山千雪,コ・コ・ロ・グラデーション
桑山千雪\【サマーハニー・シーズン】桑山千雪\コ・コ・ロ・グラデーション.csv,22,2016008020110,千雪,虽，虽然是这样没错……！,桑山千雪,【サマーハニー・シーズン】桑山千雪,コ・コ・ロ・グラデーション
桑山千雪\【サマーハニー・シーズン】桑山千雪\コ・コ・ロ・グラデーション.csv,23,2016008020120,千雪,"不过，
也不是这么一回事……！",桑山千雪,【サマーハニー・シーズン】桑山千雪,コ・コ・ロ・グラデーション
桑山千雪\【サマーハニー・シーズン】桑山千雪\コ・コ・ロ・グラデーション.csv,26,2016008020130,千雪,"……不，不是的
并没有那么夸张……！",桑山千雪,【サマーハニー・シーズン】桑山千雪,コ・コ・ロ・グラデーション
桑山千雪\【サマーハニー・シーズン】桑山千雪\コ・コ・ロ・グラデーション.csv,27,2016008020140,千雪,——就是，所以,桑山千雪,【サマーハニー・シーズン】桑山千雪,コ・コ・ロ・グラデーション
桑山千雪\【サマーハニー・シーズン】桑山千雪\コ・コ・ロ・グラデーション.csv,28,2016008020150,千雪,"那么，我就开喝了……！
——嘿",桑山千雪,【サマーハニー・シーズン】桑山千雪,コ・コ・ロ・グラデーション
桑山千雪\【サマーハニー・シーズン】桑山千雪\コ・コ・ロ・グラデーション.csv,30,2016008020160,千雪,"……就是柠檬汁
甜甜的很好喝——",桑山千雪,【サマーハニー・シーズン】桑山千雪,コ・コ・ロ・グラデーション
桑山千雪\【サマーハニー・シーズン】桑山千雪\コ・コ・ロ・グラデーション.csv,31,2016008020170,千雪,……还有一点点，苦涩,桑山千雪,【サマーハニー・シーズン】桑山千雪,コ・コ・ロ・グラデーション
桑山千雪\【サマーハニー・シーズン】桑山千雪\コ・コ・ロ・グラデーション.csv,32,2016008020180,千雪,"……那，那我已经
拍过照片了……",桑山千雪,【サマーハニー・シーズン】桑山千雪,コ・コ・ロ・グラデーション
桑山千雪\【サマーハニー・シーズン】桑山千雪\コ・コ・ロ・グラデーション.csv,34,2016008020190,千雪,"不，不好意思……！
让你这么认真为我想办法……",桑山千雪,【サマーハニー・シーズン】桑山千雪,コ・コ・ロ・グラデーション
桑山千雪\【サマーハニー・シーズン】桑山千雪\コ・コ・ロ・グラデーション.csv,40,2016008020200,千雪,"……好，好像让你
担心了一样……不好意思",桑山千雪,【サマーハニー・シーズン】桑山千雪,コ・コ・ロ・グラデーション
桑山千雪\【サマーハニー・シーズン】桑山千雪\コ・コ・ロ・グラデーション.csv,41,2016008020210,千雪,"谢谢你，
制作人先生",桑山千雪,【サマーハニー・シーズン】桑山千雪,コ・コ・ロ・グラデーション
桑山千雪\【サマーハニー・シーズン】桑山千雪\コ・コ・ロ・グラデーション.csv,42,2016008020220,千雪,是，是这样吗……,桑山千雪,【サマーハニー・シーズン】桑山千雪,コ・コ・ロ・グラデーション
桑山千雪\【サマーハニー・シーズン】桑山千雪\コ・コ・ロ・グラデーション.csv,45,2016008020230,千雪,,桑山千雪,【サマーハニー・シーズン】桑山千雪,コ・コ・ロ・グラデーション
桑山千雪\【サマーハニー・シーズン】桑山千雪\コ・コ・ロ・グラデーション.csv,47,2016008020240,千雪,"……不
就是这样呢",桑山千雪,【サマーハニー・シーズン】桑山千雪,コ・コ・ロ・グラデーション
桑山千雪\【サマーハニー・シーズン】桑山千雪\コ・コ・ロ・グラデーション.csv,48,2016008020250,千雪,柠檬汁，我会喝掉的……！,桑山千雪,【サマーハニー・シーズン】桑山千雪,コ・コ・ロ・グラデーション
桑山千雪\【サマーハニー・シーズン】桑山千雪\コ・コ・ロ・グラデーション.csv,51,2016008020260,千雪,……呵呵，很好喝,桑山千雪,【サマーハニー・シーズン】桑山千雪,コ・コ・ロ・グラデーション
桑山千雪\【サマーハニー・シーズン】桑山千雪\思い出の色.csv,6,2016008110010,千雪,……啊，不会！ 我没关系的……！,桑山千雪,【サマーハニー・シーズン】桑山千雪,思い出の色
桑山千雪\【サマーハニー・シーズン】桑山千雪\思い出の色.csv,7,2016008110020,千雪,"……不过
找不到今天要去的摄影棚呢……",桑山千雪,【サマーハニー・シーズン】桑山千雪,思い出の色
桑山千雪\【サマーハニー・シーズン】桑山千雪\思い出の色.csv,11,2016008110030,千雪,"蓝色的看板……
好像没有呢……",桑山千雪,【サマーハニー・シーズン】桑山千雪,思い出の色
桑山千雪\【サマーハニー・シーズン】桑山千雪\思い出の色.csv,13,2016008110040,千雪,早点出来，是正确的呢……！,桑山千雪,【サマーハニー・シーズン】桑山千雪,思い出の色
桑山千雪\【サマーハニー・シーズン】桑山千雪\思い出の色.csv,16,2016008110050,千雪,"哎呀……！
请等一下……",桑山千雪,【サマーハニー・シーズン】桑山千雪,思い出の色
桑山千雪\【サマーハニー・シーズン】桑山千雪\思い出の色.csv,17,2016008110060,千雪,"没问题的，
我们还有30分钟的宽裕",桑山千雪,【サマーハニー・シーズン】桑山千雪,思い出の色
桑山千雪\【サマーハニー・シーズン】桑山千雪\思い出の色.csv,20,2016008110070,千雪,好的,桑山千雪,【サマーハニー・シーズン】桑山千雪,思い出の色
桑山千雪\【サマーハニー・シーズン】桑山千雪\思い出の色.csv,21,2016008110080,千雪,,桑山千雪,【サマーハニー・シーズン】桑山千雪,思い出の色
桑山千雪\【サマーハニー・シーズン】桑山千雪\思い出の色.csv,23,2016008110090,千雪,"啊，没有……！
——我只是在想，制作人晒黑了",桑山千雪,【サマーハニー・シーズン】桑山千雪,思い出の色
桑山千雪\【サマーハニー・シーズン】桑山千雪\思い出の色.csv,26,2016008110100,千雪,"不，并不会……
……我稍微有点羡慕呢",桑山千雪,【サマーハニー・シーズン】桑山千雪,思い出の色
桑山千雪\【サマーハニー・シーズン】桑山千雪\思い出の色.csv,27,2016008110110,千雪,因为，我没晒黑过,桑山千雪,【サマーハニー・シーズン】桑山千雪,思い出の色
桑山千雪\【サマーハニー・シーズン】桑山千雪\思い出の色.csv,29,2016008110120,千雪,呵呵……是的,桑山千雪,【サマーハニー・シーズン】桑山千雪,思い出の色
桑山千雪\【サマーハニー・シーズン】桑山千雪\思い出の色.csv,30,2016008110130,千雪,"……不知何时，
才发觉自己和制作人度过了许多时间",桑山千雪,【サマーハニー・シーズン】桑山千雪,思い出の色
桑山千雪\【サマーハニー・シーズン】桑山千雪\思い出の色.csv,31,2016008110140,千雪,"不知何时，夏天也好像要结束了一样……
……可是制作人手上手表的晒痕",桑山千雪,【サマーハニー・シーズン】桑山千雪,思い出の色
桑山千雪\【サマーハニー・シーズン】桑山千雪\思い出の色.csv,32,2016008110150,千雪,"就好像代替我，
留下了回忆一样",桑山千雪,【サマーハニー・シーズン】桑山千雪,思い出の色
桑山千雪\【サマーハニー・シーズン】桑山千雪\思い出の色.csv,35,2016008110160,千雪,,桑山千雪,【サマーハニー・シーズン】桑山千雪,思い出の色
桑山千雪\【サマーハニー・シーズン】桑山千雪\思い出の色.csv,37,2016008110170,千雪,啊，制作人先生——,桑山千雪,【サマーハニー・シーズン】桑山千雪,思い出の色
桑山千雪\【サマーハニー・シーズン】桑山千雪\思い出の色.csv,40,2016008110180,千雪,,桑山千雪,【サマーハニー・シーズン】桑山千雪,思い出の色
桑山千雪\【サマーハニー・シーズン】桑山千雪\思い出の色.csv,41,2016008110190,千雪,好……——,桑山千雪,【サマーハニー・シーズン】桑山千雪,思い出の色
桑山千雪\【シークレット・ヒロイン】桑山千雪\a little thing.csv,2,2016007010010,千雪,“在实现后又诞生的新梦想”,桑山千雪,【シークレット・ヒロイン】桑山千雪,a little thing
桑山千雪\【シークレット・ヒロイン】桑山千雪\a little thing.csv,3,2016007010020,千雪,“拇指姑娘注意到了吗？”,桑山千雪,【シークレット・ヒロイン】桑山千雪,a little thing
桑山千雪\【シークレット・ヒロイン】桑山千雪\a little thing.csv,4,2016007010030,千雪,“花之国的王子，最后的梦想——”,桑山千雪,【シークレット・ヒロイン】桑山千雪,a little thing
桑山千雪\【シークレット・ヒロイン】桑山千雪\a little thing.csv,5,2016007010040,千雪,怎，怎么样？,桑山千雪,【シークレット・ヒロイン】桑山千雪,a little thing
桑山千雪\【シークレット・ヒロイン】桑山千雪\a little thing.csv,8,2016007010050,千雪,"嗯……
谢谢……",桑山千雪,【シークレット・ヒロイン】桑山千雪,a little thing
桑山千雪\【シークレット・ヒロイン】桑山千雪\a little thing.csv,10,2016007010060,千雪,……？,桑山千雪,【シークレット・ヒロイン】桑山千雪,a little thing
桑山千雪\【シークレット・ヒロイン】桑山千雪\a little thing.csv,12,2016007010070,千雪,不，那有的事……,桑山千雪,【シークレット・ヒロイン】桑山千雪,a little thing
桑山千雪\【シークレット・ヒロイン】桑山千雪\a little thing.csv,13,2016007010080,千雪,"接受到的剧情能因人而异……
这也是故事的优点",桑山千雪,【シークレット・ヒロイン】桑山千雪,a little thing
桑山千雪\【シークレット・ヒロイン】桑山千雪\a little thing.csv,17,2016007010090,千雪,"……嗯
因为弟弟还小的时候，我就会读绘本给他听",桑山千雪,【シークレット・ヒロイン】桑山千雪,a little thing
桑山千雪\【シークレット・ヒロイン】桑山千雪\a little thing.csv,19,2016007010100,千雪,……但是，也不仅仅是这样,桑山千雪,【シークレット・ヒロイン】桑山千雪,a little thing
桑山千雪\【シークレット・ヒロイン】桑山千雪\a little thing.csv,20,2016007010110,千雪,"从很久以前开始就喜欢了
绘本也好……还是这样的故事也好",桑山千雪,【シークレット・ヒロイン】桑山千雪,a little thing
桑山千雪\【シークレット・ヒロイン】桑山千雪\a little thing.csv,21,2016007010120,千雪,看着故事里的女主角……,桑山千雪,【シークレット・ヒロイン】桑山千雪,a little thing
桑山千雪\【シークレット・ヒロイン】桑山千雪\a little thing.csv,22,2016007010130,千雪,想着自己一定也能成为……,桑山千雪,【シークレット・ヒロイン】桑山千雪,a little thing
桑山千雪\【シークレット・ヒロイン】桑山千雪\a little thing.csv,23,2016007010140,千雪,"那样的女主角什么的……
虽然也不太敢这么说",桑山千雪,【シークレット・ヒロイン】桑山千雪,a little thing
桑山千雪\【シークレット・ヒロイン】桑山千雪\a little thing.csv,24,2016007010150,千雪,…………,桑山千雪,【シークレット・ヒロイン】桑山千雪,a little thing
桑山千雪\【シークレット・ヒロイン】桑山千雪\a little thing.csv,28,2016007010160,千雪,诶……,桑山千雪,【シークレット・ヒロイン】桑山千雪,a little thing
桑山千雪\【シークレット・ヒロイン】桑山千雪\a little thing.csv,31,2016007010170,千雪,……是这样吗？,桑山千雪,【シークレット・ヒロイン】桑山千雪,a little thing
桑山千雪\【シークレット・ヒロイン】桑山千雪\a little thing.csv,34,2016007010180,千雪,…………,桑山千雪,【シークレット・ヒロイン】桑山千雪,a little thing
桑山千雪\【シークレット・ヒロイン】桑山千雪\a little thing.csv,36,2016007010190,千雪,没有……,桑山千雪,【シークレット・ヒロイン】桑山千雪,a little thing
桑山千雪\【シークレット・ヒロイン】桑山千雪\a little thing.csv,37,2016007010200,千雪,"制作人能对我这么温柔，
我很开心",桑山千雪,【シークレット・ヒロイン】桑山千雪,a little thing
桑山千雪\【シークレット・ヒロイン】桑山千雪\a little thing.csv,38,2016007010210,千雪,……非常感谢,桑山千雪,【シークレット・ヒロイン】桑山千雪,a little thing
桑山千雪\【シークレット・ヒロイン】桑山千雪\a little thing.csv,41,2016007010220,千雪,哼哼～,桑山千雪,【シークレット・ヒロイン】桑山千雪,a little thing
桑山千雪\【シークレット・ヒロイン】桑山千雪\a little thing.csv,42,2016007010230,千雪,"……那么拇指姑娘就是
“自己变的很小”的模拟体验吗？",桑山千雪,【シークレット・ヒロイン】桑山千雪,a little thing
桑山千雪\【シークレット・ヒロイン】桑山千雪\a little thing.csv,44,2016007010240,千雪,是的呢～……,桑山千雪,【シークレット・ヒロイン】桑山千雪,a little thing
桑山千雪\【シークレット・ヒロイン】桑山千雪\a little thing.csv,46,2016007010250,千雪,"嗯……
我想拇指姑娘肯定在困难的时候",桑山千雪,【シークレット・ヒロイン】桑山千雪,a little thing
桑山千雪\【シークレット・ヒロイン】桑山千雪\a little thing.csv,47,2016007010260,千雪,也在想着在未来等待着的会是美好的事情,桑山千雪,【シークレット・ヒロイン】桑山千雪,a little thing
桑山千雪\【シークレット・ヒロイン】桑山千雪\a little thing.csv,49,2016007010270,千雪,……呵呵，是的呢……！,桑山千雪,【シークレット・ヒロイン】桑山千雪,a little thing
桑山千雪\【シークレット・ヒロイン】桑山千雪\a little thing.csv,50,2016007010280,千雪,"诶？嗯……
……这么突然，一下子有点想不出来……",桑山千雪,【シークレット・ヒロイン】桑山千雪,a little thing
桑山千雪\【シークレット・ヒロイン】桑山千雪\a little thing.csv,53,2016007010290,千雪,…………,桑山千雪,【シークレット・ヒロイン】桑山千雪,a little thing
桑山千雪\【シークレット・ヒロイン】桑山千雪\a little thing.csv,54,2016007010300,千雪,我的话，现在……,桑山千雪,【シークレット・ヒロイン】桑山千雪,a little thing
桑山千雪\【シークレット・ヒロイン】桑山千雪\a little thing.csv,55,2016007010310,千雪,"我现在……
大概是想成为能让很多人都露出笑容的偶像吧？",桑山千雪,【シークレット・ヒロイン】桑山千雪,a little thing
桑山千雪\【シークレット・ヒロイン】桑山千雪\a little thing.csv,58,2016007010320,千雪,……！,桑山千雪,【シークレット・ヒロイン】桑山千雪,a little thing
桑山千雪\【シークレット・ヒロイン】桑山千雪\a little thing.csv,59,2016007010330,千雪,……嗯，一定是这样的,桑山千雪,【シークレット・ヒロイン】桑山千雪,a little thing
桑山千雪\【シークレット・ヒロイン】桑山千雪\a little thing.csv,62,2016007010340,千雪,"制作人……
……非常感谢",桑山千雪,【シークレット・ヒロイン】桑山千雪,a little thing
桑山千雪\【シークレット・ヒロイン】桑山千雪\いつかの憧れから連れ出して.csv,2,2016007030010,千雪,——秘密花园……,桑山千雪,【シークレット・ヒロイン】桑山千雪,いつかの憧れから連れ出して
桑山千雪\【シークレット・ヒロイン】桑山千雪\いつかの憧れから連れ出して.csv,4,2016007030020,千雪,"啊，没什么
就是感觉下次的拍摄主题非常棒呢",桑山千雪,【シークレット・ヒロイン】桑山千雪,いつかの憧れから連れ出して
桑山千雪\【シークレット・ヒロイン】桑山千雪\いつかの憧れから連れ出して.csv,5,2016007030030,千雪,所有脑海里不禁浮现出许多想法,桑山千雪,【シークレット・ヒロイン】桑山千雪,いつかの憧れから連れ出して
桑山千雪\【シークレット・ヒロイン】桑山千雪\いつかの憧れから連れ出して.csv,6,2016007030040,千雪,"月光照耀下的秘密花园
黎明前的暗淡星光",桑山千雪,【シークレット・ヒロイン】桑山千雪,いつかの憧れから連れ出して
桑山千雪\【シークレット・ヒロイン】桑山千雪\いつかの憧れから連れ出して.csv,7,2016007030050,千雪,甘奈和甜花变成了在湖中绽放的花的精灵,桑山千雪,【シークレット・ヒロイン】桑山千雪,いつかの憧れから連れ出して
桑山千雪\【シークレット・ヒロイン】桑山千雪\いつかの憧れから連れ出して.csv,9,2016007030060,千雪,"啊，我吗？……
嗯…………？",桑山千雪,【シークレット・ヒロイン】桑山千雪,いつかの憧れから連れ出して
桑山千雪\【シークレット・ヒロイン】桑山千雪\いつかの憧れから連れ出して.csv,12,2016007030070,千雪,嗯！,桑山千雪,【シークレット・ヒロイン】桑山千雪,いつかの憧れから連れ出して
桑山千雪\【シークレット・ヒロイン】桑山千雪\いつかの憧れから連れ出して.csv,14,2016007030080,千雪,嘛啊……！呵呵,桑山千雪,【シークレット・ヒロイン】桑山千雪,いつかの憧れから連れ出して
桑山千雪\【シークレット・ヒロイン】桑山千雪\いつかの憧れから連れ出して.csv,15,2016007030090,千雪,"甘奈和甜花
我会好好和他们谈谈的",桑山千雪,【シークレット・ヒロイン】桑山千雪,いつかの憧れから連れ出して
桑山千雪\【シークレット・ヒロイン】桑山千雪\いつかの憧れから連れ出して.csv,19,2016007030100,千雪,"如果这样的话
还是想去一个和到时候的摄影印象相近的地方",桑山千雪,【シークレット・ヒロイン】桑山千雪,いつかの憧れから連れ出して
桑山千雪\【シークレット・ヒロイン】桑山千雪\いつかの憧れから連れ出して.csv,21,2016007030110,千雪,这附近有什么地方吗……去找找看吧,桑山千雪,【シークレット・ヒロイン】桑山千雪,いつかの憧れから連れ出して
桑山千雪\【シークレット・ヒロイン】桑山千雪\いつかの憧れから連れ出して.csv,22,2016007030120,千雪,"——哇啊……！
好棒啊……",桑山千雪,【シークレット・ヒロイン】桑山千雪,いつかの憧れから連れ出して
桑山千雪\【シークレット・ヒロイン】桑山千雪\いつかの憧れから連れ出して.csv,24,2016007030130,千雪,呵呵……但是也可以作为参考,桑山千雪,【シークレット・ヒロイン】桑山千雪,いつかの憧れから連れ出して
桑山千雪\【シークレット・ヒロイン】桑山千雪\いつかの憧れから連れ出して.csv,26,2016007030140,千雪,非常感谢,桑山千雪,【シークレット・ヒロイン】桑山千雪,いつかの憧れから連れ出して
桑山千雪\【シークレット・ヒロイン】桑山千雪\いつかの憧れから連れ出して.csv,28,2016007030150,千雪,嗯，感觉好像身处一个陌生的国家一样,桑山千雪,【シークレット・ヒロイン】桑山千雪,いつかの憧れから連れ出して
桑山千雪\【シークレット・ヒロイン】桑山千雪\いつかの憧れから連れ出して.csv,29,2016007030160,千雪,…………真美呢……,桑山千雪,【シークレット・ヒロイン】桑山千雪,いつかの憧れから連れ出して
桑山千雪\【シークレット・ヒロイン】桑山千雪\いつかの憧れから連れ出して.csv,30,2016007030170,千雪,"……一直到前面……
油菜花都在随风摇曳呢——",桑山千雪,【シークレット・ヒロイン】桑山千雪,いつかの憧れから連れ出して
桑山千雪\【シークレット・ヒロイン】桑山千雪\いつかの憧れから連れ出して.csv,31,2016007030180,千雪,"…………
……制作人",桑山千雪,【シークレット・ヒロイン】桑山千雪,いつかの憧れから連れ出して
桑山千雪\【シークレット・ヒロイン】桑山千雪\いつかの憧れから連れ出して.csv,33,2016007030190,千雪,"在制作人看来……
我会成为什么呢……？",桑山千雪,【シークレット・ヒロイン】桑山千雪,いつかの憧れから連れ出して
桑山千雪\【シークレット・ヒロイン】桑山千雪\いつかの憧れから連れ出して.csv,35,2016007030200,千雪,"咦……？
制作人？",桑山千雪,【シークレット・ヒロイン】桑山千雪,いつかの憧れから連れ出して
桑山千雪\【シークレット・ヒロイン】桑山千雪\いつかの憧れから連れ出して.csv,37,2016007030210,千雪,"不，不
我的话没关系的……",桑山千雪,【シークレット・ヒロイン】桑山千雪,いつかの憧れから連れ出して
桑山千雪\【シークレット・ヒロイン】桑山千雪\いつかの憧れから連れ出して.csv,39,2016007030220,千雪,＾＾,桑山千雪,【シークレット・ヒロイン】桑山千雪,いつかの憧れから連れ出して
桑山千雪\【シークレット・ヒロイン】桑山千雪\いつかの憧れから連れ出して.csv,41,2016007030230,千雪,诶,桑山千雪,【シークレット・ヒロイン】桑山千雪,いつかの憧れから連れ出して
桑山千雪\【シークレット・ヒロイン】桑山千雪\いつかの憧れから連れ出して.csv,42,2016007030240,千雪,制作人……！！,桑山千雪,【シークレット・ヒロイン】桑山千雪,いつかの憧れから連れ出して
桑山千雪\【シークレット・ヒロイン】桑山千雪\いつかの憧れから連れ出して.csv,46,2016007030250,千雪,"…………！
真是的……",桑山千雪,【シークレット・ヒロイン】桑山千雪,いつかの憧れから連れ出して
桑山千雪\【シークレット・ヒロイン】桑山千雪\いつかの憧れから連れ出して.csv,48,2016007030260,千雪,…………,桑山千雪,【シークレット・ヒロイン】桑山千雪,いつかの憧れから連れ出して
桑山千雪\【シークレット・ヒロイン】桑山千雪\いつかの憧れから連れ出して.csv,50,2016007030270,千雪,"……抱歉
…………果然呢",桑山千雪,【シークレット・ヒロイン】桑山千雪,いつかの憧れから連れ出して
桑山千雪\【シークレット・ヒロイン】桑山千雪\いつかの憧れから連れ出して.csv,51,2016007030280,千雪,"制作人对我这么温柔
我感到很高兴",桑山千雪,【シークレット・ヒロイン】桑山千雪,いつかの憧れから連れ出して
桑山千雪\【シークレット・ヒロイン】桑山千雪\いつかの憧れから連れ出して.csv,52,2016007030290,千雪,制作人，非常感谢……,桑山千雪,【シークレット・ヒロイン】桑山千雪,いつかの憧れから連れ出して
桑山千雪\【シークレット・ヒロイン】桑山千雪\シークレット・ガーデン.csv,2,2016007040010,千雪,『湖中花朵摇曳的夜晚』,桑山千雪,【シークレット・ヒロイン】桑山千雪,シークレット・ガーデン
桑山千雪\【シークレット・ヒロイン】桑山千雪\シークレット・ガーデン.csv,3,2016007040020,千雪,『心中的刺刻下的时间』,桑山千雪,【シークレット・ヒロイン】桑山千雪,シークレット・ガーデン
桑山千雪\【シークレット・ヒロイン】桑山千雪\シークレット・ガーデン.csv,4,2016007040030,千雪,『在连神明都不知道的秘密花园』,桑山千雪,【シークレット・ヒロイン】桑山千雪,シークレット・ガーデン
桑山千雪\【シークレット・ヒロイン】桑山千雪\シークレット・ガーデン.csv,5,2016007040040,千雪,『天亮之前与我相会』,桑山千雪,【シークレット・ヒロイン】桑山千雪,シークレット・ガーデン
桑山千雪\【シークレット・ヒロイン】桑山千雪\シークレット・ガーデン.csv,6,2016007040050,千雪,……哼哼～……,桑山千雪,【シークレット・ヒロイン】桑山千雪,シークレット・ガーデン
桑山千雪\【シークレット・ヒロイン】桑山千雪\シークレット・ガーデン.csv,8,2016007040060,千雪,"啊，制作人！
辛苦了～！",桑山千雪,【シークレット・ヒロイン】桑山千雪,シークレット・ガーデン
桑山千雪\【シークレット・ヒロイン】桑山千雪\シークレット・ガーデン.csv,9,2016007040070,千雪,"请看——
这个——",桑山千雪,【シークレット・ヒロイン】桑山千雪,シークレット・ガーデン
桑山千雪\【シークレット・ヒロイン】桑山千雪\シークレット・ガーデン.csv,11,2016007040080,千雪,"嗯……！
是刚才工作人员递给我的",桑山千雪,【シークレット・ヒロイン】桑山千雪,シークレット・ガーデン
桑山千雪\【シークレット・ヒロイン】桑山千雪\シークレット・ガーデン.csv,12,2016007040090,千雪,因为这回的ＭＶ主题是秘密花园,桑山千雪,【シークレット・ヒロイン】桑山千雪,シークレット・ガーデン
桑山千雪\【シークレット・ヒロイン】桑山千雪\シークレット・ガーデン.csv,14,2016007040100,千雪,嗯,桑山千雪,【シークレット・ヒロイン】桑山千雪,シークレット・ガーデン
桑山千雪\【シークレット・ヒロイン】桑山千雪\シークレット・ガーデン.csv,15,2016007040110,千雪,…………,桑山千雪,【シークレット・ヒロイン】桑山千雪,シークレット・ガーデン
桑山千雪\【シークレット・ヒロイン】桑山千雪\シークレット・ガーデン.csv,17,2016007040120,千雪,啊，那个……,桑山千雪,【シークレット・ヒロイン】桑山千雪,シークレット・ガーデン
桑山千雪\【シークレット・ヒロイン】桑山千雪\シークレット・ガーデン.csv,18,2016007040130,千雪,"毕竟机会难得
就想着能不能和这些花一起拍张纪念照片",桑山千雪,【シークレット・ヒロイン】桑山千雪,シークレット・ガーデン
桑山千雪\【シークレット・ヒロイン】桑山千雪\シークレット・ガーデン.csv,23,2016007040140,千雪,嗯,桑山千雪,【シークレット・ヒロイン】桑山千雪,シークレット・ガーデン
桑山千雪\【シークレット・ヒロイン】桑山千雪\シークレット・ガーデン.csv,25,2016007040150,千雪,多谢夸奖,桑山千雪,【シークレット・ヒロイン】桑山千雪,シークレット・ガーデン
桑山千雪\【シークレット・ヒロイン】桑山千雪\シークレット・ガーデン.csv,29,2016007040160,千雪,嗯……！因为还要表演，稍微有点紧张,桑山千雪,【シークレット・ヒロイン】桑山千雪,シークレット・ガーデン
桑山千雪\【シークレット・ヒロイン】桑山千雪\シークレット・ガーデン.csv,30,2016007040170,千雪,"感觉好像进入了童话世界
是非常棒的体验",桑山千雪,【シークレット・ヒロイン】桑山千雪,シークレット・ガーデン
桑山千雪\【シークレット・ヒロイン】桑山千雪\シークレット・ガーデン.csv,32,2016007040180,千雪,"是啊
从监督哪里也得到了许多的建议",桑山千雪,【シークレット・ヒロイン】桑山千雪,シークレット・ガーデン
桑山千雪\【シークレット・ヒロイン】桑山千雪\シークレット・ガーデン.csv,36,2016007040190,千雪,啊，那个的话——,桑山千雪,【シークレット・ヒロイン】桑山千雪,シークレット・ガーデン
桑山千雪\【シークレット・ヒロイン】桑山千雪\シークレット・ガーデン.csv,37,2016007040200,千雪,"那个是……
……那个是秘密哦",桑山千雪,【シークレット・ヒロイン】桑山千雪,シークレット・ガーデン
桑山千雪\【シークレット・ヒロイン】桑山千雪\シークレット・ガーデン.csv,39,2016007040210,千雪,果，果然……还是有点不好意思……,桑山千雪,【シークレット・ヒロイン】桑山千雪,シークレット・ガーデン
桑山千雪\【シークレット・ヒロイン】桑山千雪\シークレット・ガーデン.csv,40,2016007040220,千雪,"“神也不知道”什么的……！
……呵呵",桑山千雪,【シークレット・ヒロイン】桑山千雪,シークレット・ガーデン
桑山千雪\【シークレット・ヒロイン】桑山千雪\シークレット・ガーデン.csv,41,2016007040230,千雪,……？,桑山千雪,【シークレット・ヒロイン】桑山千雪,シークレット・ガーデン
桑山千雪\【シークレット・ヒロイン】桑山千雪\シークレット・ガーデン.csv,43,2016007040240,千雪,"啊……诶——
要是那样的话就好了",桑山千雪,【シークレット・ヒロイン】桑山千雪,シークレット・ガーデン
桑山千雪\【シークレット・ヒロイン】桑山千雪\シークレット・ガーデン.csv,44,2016007040250,千雪,……对了，我得去换衣服了……！,桑山千雪,【シークレット・ヒロイン】桑山千雪,シークレット・ガーデン
桑山千雪\【シークレット・ヒロイン】桑山千雪\シークレット・ガーデン.csv,46,2016007040260,千雪,"嗯
非常感谢",桑山千雪,【シークレット・ヒロイン】桑山千雪,シークレット・ガーデン
桑山千雪\【シークレット・ヒロイン】桑山千雪\シークレット・ガーデン.csv,48,2016007040270,千雪,……才，才没有，不仅仅是这样,桑山千雪,【シークレット・ヒロイン】桑山千雪,シークレット・ガーデン
桑山千雪\【シークレット・ヒロイン】桑山千雪\シークレット・ガーデン.csv,49,2016007040280,千雪,……我总是被制作人的温柔帮助着,桑山千雪,【シークレット・ヒロイン】桑山千雪,シークレット・ガーデン
桑山千雪\【シークレット・ヒロイン】桑山千雪\シークレット・ガーデン.csv,50,2016007040290,千雪,所以，那个…………,桑山千雪,【シークレット・ヒロイン】桑山千雪,シークレット・ガーデン
桑山千雪\【シークレット・ヒロイン】桑山千雪\シークレット・ガーデン.csv,53,2016007040300,千雪,"没那回事哦
这种事…………",桑山千雪,【シークレット・ヒロイン】桑山千雪,シークレット・ガーデン
桑山千雪\【シークレット・ヒロイン】桑山千雪\シークレット・ガーデン.csv,54,2016007040310,千雪,……啊，我现在真的得去换衣服了……！,桑山千雪,【シークレット・ヒロイン】桑山千雪,シークレット・ガーデン
桑山千雪\【シークレット・ヒロイン】桑山千雪\シークレット・ガーデン.csv,57,2016007040320,千雪,嗯……！,桑山千雪,【シークレット・ヒロイン】桑山千雪,シークレット・ガーデン
桑山千雪\【シークレット・ヒロイン】桑山千雪\シークレット・ガーデン.csv,58,2016007040330,千雪,这回甘奈和甜花都提出了各自的想法,桑山千雪,【シークレット・ヒロイン】桑山千雪,シークレット・ガーデン
桑山千雪\【シークレット・ヒロイン】桑山千雪\シークレット・ガーデン.csv,59,2016007040340,千雪,"知道了原来不知道的两人的事情
也了解了两人眼中的自己，感觉很开心呢",桑山千雪,【シークレット・ヒロイン】桑山千雪,シークレット・ガーデン
桑山千雪\【シークレット・ヒロイン】桑山千雪\シークレット・ガーデン.csv,61,2016007040350,千雪,"嗯♪
如果还能有这样的机会就好了",桑山千雪,【シークレット・ヒロイン】桑山千雪,シークレット・ガーデン
桑山千雪\【シークレット・ヒロイン】桑山千雪\シークレット・ガーデン.csv,63,2016007040360,千雪,——啊，这次还想再在花田里拍照呢,桑山千雪,【シークレット・ヒロイン】桑山千雪,シークレット・ガーデン
桑山千雪\【シークレット・ヒロイン】桑山千雪\シークレット・ガーデン.csv,64,2016007040370,千雪,还有，在星光之夜的アルストロメリア上,桑山千雪,【シークレット・ヒロイン】桑山千雪,シークレット・ガーデン
桑山千雪\【シークレット・ヒロイン】桑山千雪\シークレット・ガーデン.csv,65,2016007040380,千雪,十分成熟的表演风格，都是至今为止从未涉及过的方向呢,桑山千雪,【シークレット・ヒロイン】桑山千雪,シークレット・ガーデン
桑山千雪\【シークレット・ヒロイン】桑山千雪\シークレット・ガーデン.csv,67,2016007040390,千雪,"……呵呵
十分感谢",桑山千雪,【シークレット・ヒロイン】桑山千雪,シークレット・ガーデン
桑山千雪\【シークレット・ヒロイン】桑山千雪\シークレット・ガーデン.csv,70,2016007040400,千雪,"嗯！
当然了……！",桑山千雪,【シークレット・ヒロイン】桑山千雪,シークレット・ガーデン
桑山千雪\【シークレット・ヒロイン】桑山千雪\ピリリ・15センチメンタル.csv,3,2016007020010,千雪,"诶
我……我吗？",桑山千雪,【シークレット・ヒロイン】桑山千雪,ピリリ・15センチメンタル
桑山千雪\【シークレット・ヒロイン】桑山千雪\ピリリ・15センチメンタル.csv,5,2016007020020,千雪,"……不！
没什么～……！",桑山千雪,【シークレット・ヒロイン】桑山千雪,ピリリ・15センチメンタル
桑山千雪\【シークレット・ヒロイン】桑山千雪\ピリリ・15センチメンタル.csv,8,2016007020030,千雪,……啊，或许是化妆的缘故吧,桑山千雪,【シークレット・ヒロイン】桑山千雪,ピリリ・15センチメンタル
桑山千雪\【シークレット・ヒロイン】桑山千雪\ピリリ・15センチメンタル.csv,9,2016007020040,千雪,"最近天气渐渐暖和起来了，
我也配合春天改变了一下妆容",桑山千雪,【シークレット・ヒロイン】桑山千雪,ピリリ・15センチメンタル
桑山千雪\【シークレット・ヒロイン】桑山千雪\ピリリ・15センチメンタル.csv,10,2016007020050,千雪,那个……看起来怎么样……？,桑山千雪,【シークレット・ヒロイン】桑山千雪,ピリリ・15センチメンタル
桑山千雪\【シークレット・ヒロイン】桑山千雪\ピリリ・15センチメンタル.csv,12,2016007020060,千雪,……啊，会不会很奇怪……！,桑山千雪,【シークレット・ヒロイン】桑山千雪,ピリリ・15センチメンタル
桑山千雪\【シークレット・ヒロイン】桑山千雪\ピリリ・15センチメンタル.csv,13,2016007020070,千雪,"要是不适合的话
还是希望你能告诉我一下",桑山千雪,【シークレット・ヒロイン】桑山千雪,ピリリ・15センチメンタル
桑山千雪\【シークレット・ヒロイン】桑山千雪\ピリリ・15センチメンタル.csv,15,2016007020080,千雪,"……是这样啊……！
那太好了……",桑山千雪,【シークレット・ヒロイン】桑山千雪,ピリリ・15センチメンタル
桑山千雪\【シークレット・ヒロイン】桑山千雪\ピリリ・15センチメンタル.csv,17,2016007020090,千雪,…………,桑山千雪,【シークレット・ヒロイン】桑山千雪,ピリリ・15センチメンタル
桑山千雪\【シークレット・ヒロイン】桑山千雪\ピリリ・15センチメンタル.csv,20,2016007020100,千雪,…………,桑山千雪,【シークレット・ヒロイン】桑山千雪,ピリリ・15センチメンタル
桑山千雪\【シークレット・ヒロイン】桑山千雪\ピリリ・15センチメンタル.csv,22,2016007020110,千雪,——诶！？,桑山千雪,【シークレット・ヒロイン】桑山千雪,ピリリ・15センチメンタル
桑山千雪\【シークレット・ヒロイン】桑山千雪\ピリリ・15センチメンタル.csv,23,2016007020120,千雪,制作人……！,桑山千雪,【シークレット・ヒロイン】桑山千雪,ピリリ・15センチメンタル
桑山千雪\【シークレット・ヒロイン】桑山千雪\ピリリ・15センチメンタル.csv,24,2016007020130,千雪,"抱，抱歉，不小心撞上了……
没事吗？",桑山千雪,【シークレット・ヒロイン】桑山千雪,ピリリ・15センチメンタル
桑山千雪\【シークレット・ヒロイン】桑山千雪\ピリリ・15センチメンタル.csv,27,2016007020140,千雪,"……嗯，是的
那个……是歌唱的自主练习……！",桑山千雪,【シークレット・ヒロイン】桑山千雪,ピリリ・15センチメンタル
桑山千雪\【シークレット・ヒロイン】桑山千雪\ピリリ・15センチメンタル.csv,29,2016007020150,千雪,…………啊,桑山千雪,【シークレット・ヒロイン】桑山千雪,ピリリ・15センチメンタル
桑山千雪\【シークレット・ヒロイン】桑山千雪\ピリリ・15センチメンタル.csv,30,2016007020160,千雪,"……真是抱歉，
引起了不必要的担心",桑山千雪,【シークレット・ヒロイン】桑山千雪,ピリリ・15センチメンタル
桑山千雪\【シークレット・ヒロイン】桑山千雪\ピリリ・15センチメンタル.csv,31,2016007020170,千雪,……其实，在歌曲课上,桑山千雪,【シークレット・ヒロイン】桑山千雪,ピリリ・15センチメンタル
桑山千雪\【シークレット・ヒロイン】桑山千雪\ピリリ・15センチメンタル.csv,32,2016007020180,千雪,指导员让我在唱歌的时候要倾注更多的感情,桑山千雪,【シークレット・ヒロイン】桑山千雪,ピリリ・15センチメンタル
桑山千雪\【シークレット・ヒロイン】桑山千雪\ピリリ・15センチメンタル.csv,33,2016007020190,千雪,"然后，我为了理解歌词的内容
做了许多尝试",桑山千雪,【シークレット・ヒロイン】桑山千雪,ピリリ・15センチメンタル
桑山千雪\【シークレット・ヒロイン】桑山千雪\ピリリ・15センチメンタル.csv,39,2016007020200,千雪,"啊，那个……我想试着做与歌词一样的事
所以就化了妆",桑山千雪,【シークレット・ヒロイン】桑山千雪,ピリリ・15センチメンタル
桑山千雪\【シークレット・ヒロイン】桑山千雪\ピリリ・15センチメンタル.csv,41,2016007020210,千雪,是，是的～…………,桑山千雪,【シークレット・ヒロイン】桑山千雪,ピリリ・15センチメンタル
桑山千雪\【シークレット・ヒロイン】桑山千雪\ピリリ・15センチメンタル.csv,45,2016007020220,千雪,——把歌词，当做故事……,桑山千雪,【シークレット・ヒロイン】桑山千雪,ピリリ・15センチメンタル
桑山千雪\【シークレット・ヒロイン】桑山千雪\ピリリ・15センチメンタル.csv,46,2016007020230,千雪,"……这样啊
总感觉，有点头绪了～……！",桑山千雪,【シークレット・ヒロイン】桑山千雪,ピリリ・15センチメンタル
桑山千雪\【シークレット・ヒロイン】桑山千雪\ピリリ・15センチメンタル.csv,47,2016007020240,千雪,"制作人，十分感谢
我会去试试的……！",桑山千雪,【シークレット・ヒロイン】桑山千雪,ピリリ・15センチメンタル
桑山千雪\【シークレット・ヒロイン】桑山千雪\ピリリ・15センチメンタル.csv,51,2016007020250,千雪,不……,桑山千雪,【シークレット・ヒロイン】桑山千雪,ピリリ・15センチメンタル
桑山千雪\【シークレット・ヒロイン】桑山千雪\ピリリ・15センチメンタル.csv,52,2016007020260,千雪,"……这，这样啊……
我自己的……",桑山千雪,【シークレット・ヒロイン】桑山千雪,ピリリ・15センチメンタル
桑山千雪\【シークレット・ヒロイン】桑山千雪\ピリリ・15センチメンタル.csv,53,2016007020270,千雪,————恋爱中女孩子的心情……,桑山千雪,【シークレット・ヒロイン】桑山千雪,ピリリ・15センチメンタル
桑山千雪\【シークレット・ヒロイン】桑山千雪\ピリリ・15センチメンタル.csv,55,2016007020280,千雪,"啊，是……
是的呢……啊哈哈……！",桑山千雪,【シークレット・ヒロイン】桑山千雪,ピリリ・15センチメンタル
桑山千雪\【シークレット・ヒロイン】桑山千雪\ピリリ・15センチメンタル.csv,57,2016007020290,千雪,嗯～我会加油的……！,桑山千雪,【シークレット・ヒロイン】桑山千雪,ピリリ・15センチメンタル
桑山千雪\【シークレット・ヒロイン】桑山千雪\ピリリ・15センチメンタル.csv,59,2016007020300,千雪,诶？,桑山千雪,【シークレット・ヒロイン】桑山千雪,ピリリ・15センチメンタル
桑山千雪\【シークレット・ヒロイン】桑山千雪\ピリリ・15センチメンタル.csv,61,2016007020310,千雪,原，原来如此……！,桑山千雪,【シークレット・ヒロイン】桑山千雪,ピリリ・15センチメンタル
桑山千雪\【シークレット・ヒロイン】桑山千雪\ピリリ・15センチメンタル.csv,63,2016007020320,千雪,"嗯……
一首无法简单表达的恋歌吧",桑山千雪,【シークレット・ヒロイン】桑山千雪,ピリリ・15センチメンタル
桑山千雪\【シークレット・ヒロイン】桑山千雪\ピリリ・15センチメンタル.csv,65,2016007020330,千雪,"是的呢
挺复杂的",桑山千雪,【シークレット・ヒロイン】桑山千雪,ピリリ・15センチメンタル
桑山千雪\【シークレット・ヒロイン】桑山千雪\ピリリ・15センチメンタル.csv,66,2016007020340,千雪,"但是，这样啊……
心情吗……",桑山千雪,【シークレット・ヒロイン】桑山千雪,ピリリ・15センチメンタル
桑山千雪\【シークレット・ヒロイン】桑山千雪\ピリリ・15センチメンタル.csv,67,2016007020350,千雪,……我也许是在形式上被束缚了,桑山千雪,【シークレット・ヒロイン】桑山千雪,ピリリ・15センチメンタル
桑山千雪\【シークレット・ヒロイン】桑山千雪\ピリリ・15センチメンタル.csv,68,2016007020360,千雪,"为了更深刻的体会这首歌女主角的心情
我会加油的……！",桑山千雪,【シークレット・ヒロイン】桑山千雪,ピリリ・15センチメンタル
桑山千雪\【シークレット・ヒロイン】桑山千雪\ピリリ・15センチメンタル.csv,70,2016007020370,千雪,嗯！,桑山千雪,【シークレット・ヒロイン】桑山千雪,ピリリ・15センチメンタル
桑山千雪\【シークレット・ヒロイン】桑山千雪\金曜日には幸せの花を.csv,3,2016007110010,千雪,"“嗯，没事的，我会等着的～
我暂时先找个地方消磨一下时间”",桑山千雪,【シークレット・ヒロイン】桑山千雪,金曜日には幸せの花を
桑山千雪\【シークレット・ヒロイン】桑山千雪\金曜日には幸せの花を.csv,6,2016007110020,千雪,"（“雨好像下的很大
千雪回去的时候也要小心哦”）",桑山千雪,【シークレット・ヒロイン】桑山千雪,金曜日には幸せの花を
桑山千雪\【シークレット・ヒロイン】桑山千雪\金曜日には幸せの花を.csv,7,2016007110030,千雪,……真遗憾,桑山千雪,【シークレット・ヒロイン】桑山千雪,金曜日には幸せの花を
桑山千雪\【シークレット・ヒロイン】桑山千雪\金曜日には幸せの花を.csv,8,2016007110040,千雪,（……雨，真过分呢……）,桑山千雪,【シークレット・ヒロイン】桑山千雪,金曜日には幸せの花を
桑山千雪\【シークレット・ヒロイン】桑山千雪\金曜日には幸せの花を.csv,9,2016007110050,千雪,"（咦……
——制作人……？）",桑山千雪,【シークレット・ヒロイン】桑山千雪,金曜日には幸せの花を
桑山千雪\【シークレット・ヒロイン】桑山千雪\金曜日には幸せの花を.csv,15,2016007110060,千雪,——制作人……！,桑山千雪,【シークレット・ヒロイン】桑山千雪,金曜日には幸せの花を
桑山千雪\【シークレット・ヒロイン】桑山千雪\金曜日には幸せの花を.csv,19,2016007110070,千雪,"制作人……
快，快进伞里来……！",桑山千雪,【シークレット・ヒロイン】桑山千雪,金曜日には幸せの花を
桑山千雪\【シークレット・ヒロイン】桑山千雪\金曜日には幸せの花を.csv,20,2016007110080,千雪,"……那个……
因为看见了浑身湿透的制作人……来了……",桑山千雪,【シークレット・ヒロイン】桑山千雪,金曜日には幸せの花を
桑山千雪\【シークレット・ヒロイン】桑山千雪\金曜日には幸せの花を.csv,22,2016007110090,千雪,还有，刚才有什么东西掉下来了——,桑山千雪,【シークレット・ヒロイン】桑山千雪,金曜日には幸せの花を
桑山千雪\【シークレット・ヒロイン】桑山千雪\金曜日には幸せの花を.csv,26,2016007110100,千雪,……没什么,桑山千雪,【シークレット・ヒロイン】桑山千雪,金曜日には幸せの花を
桑山千雪\【シークレット・ヒロイン】桑山千雪\金曜日には幸せの花を.csv,27,2016007110110,千雪,"…………那，那个
这束花是很重要的东西吗",桑山千雪,【シークレット・ヒロイン】桑山千雪,金曜日には幸せの花を
桑山千雪\【シークレット・ヒロイン】桑山千雪\金曜日には幸せの花を.csv,29,2016007110120,千雪,…………,桑山千雪,【シークレット・ヒロイン】桑山千雪,金曜日には幸せの花を
桑山千雪\【シークレット・ヒロイン】桑山千雪\金曜日には幸せの花を.csv,31,2016007110130,千雪,……！,桑山千雪,【シークレット・ヒロイン】桑山千雪,金曜日には幸せの花を
桑山千雪\【シークレット・ヒロイン】桑山千雪\金曜日には幸せの花を.csv,35,2016007110140,千雪,——那，那个…………花，真的很漂亮，我很开心……！,桑山千雪,【シークレット・ヒロイン】桑山千雪,金曜日には幸せの花を
桑山千雪\【シークレット・ヒロイン】桑山千雪\金曜日には幸せの花を.csv,37,2016007110150,千雪,制作人，这个礼物，非常感谢,桑山千雪,【シークレット・ヒロイン】桑山千雪,金曜日には幸せの花を
桑山千雪\【シークレット・ヒロイン】桑山千雪\金曜日には幸せの花を.csv,39,2016007110160,千雪,"没关系的！
我，那个……非常高兴……！",桑山千雪,【シークレット・ヒロイン】桑山千雪,金曜日には幸せの花を
桑山千雪\【シークレット・ヒロイン】桑山千雪\金曜日には幸せの花を.csv,40,2016007110170,千雪,"而且，是白色情人节的回礼吧……？
……那么，今天……我想要这个",桑山千雪,【シークレット・ヒロイン】桑山千雪,金曜日には幸せの花を
桑山千雪\【シークレット・ヒロイン】桑山千雪\金曜日には幸せの花を.csv,42,2016007110180,千雪,…………嗯,桑山千雪,【シークレット・ヒロイン】桑山千雪,金曜日には幸せの花を
桑山千雪\【シークレット・ヒロイン】桑山千雪\金曜日には幸せの花を.csv,45,2016007110190,千雪,"早上好，制作人
啊，那个花束……",桑山千雪,【シークレット・ヒロイン】桑山千雪,金曜日には幸せの花を
桑山千雪\【シークレット・ヒロイン】桑山千雪\金曜日には幸せの花を.csv,48,2016007110200,千雪,"诶……！
这，这样吗……",桑山千雪,【シークレット・ヒロイン】桑山千雪,金曜日には幸せの花を
桑山千雪\【シークレット・ヒロイン】桑山千雪\金曜日には幸せの花を.csv,51,2016007110210,千雪,……呵呵～,桑山千雪,【シークレット・ヒロイン】桑山千雪,金曜日には幸せの花を
桑山千雪\【シークレット・ヒロイン】桑山千雪\金曜日には幸せの花を.csv,52,2016007110220,千雪,"既然这样……那这束花
可以装饰在事务所吗？",桑山千雪,【シークレット・ヒロイン】桑山千雪,金曜日には幸せの花を
桑山千雪\【シークレット・ヒロイン】桑山千雪\金曜日には幸せの花を.csv,54,2016007110230,千雪,……非常感谢,桑山千雪,【シークレット・ヒロイン】桑山千雪,金曜日には幸せの花を
桑山千雪\【シークレット・ヒロイン】桑山千雪\金曜日には幸せの花を.csv,55,2016007110240,千雪,"……制作人
这朵花，是金凤花呢",桑山千雪,【シークレット・ヒロイン】桑山千雪,金曜日には幸せの花を
桑山千雪\【シークレット・ヒロイン】桑山千雪\金曜日には幸せの花を.csv,57,2016007110250,千雪,"油菜花，金合欢，金凤花……
都是幸福之花呢",桑山千雪,【シークレット・ヒロイン】桑山千雪,金曜日には幸せの花を
桑山千雪\【シークレット・ヒロイン】桑山千雪\金曜日には幸せの花を.csv,59,2016007110260,千雪,"啊，不……这个颜色的花语可能不是
但是此刻……它就是幸福之花",桑山千雪,【シークレット・ヒロイン】桑山千雪,金曜日には幸せの花を
桑山千雪\【シークレット・ヒロイン】桑山千雪\金曜日には幸せの花を.csv,61,2016007110270,千雪,"……是的，呵呵～
幸福之花……——",桑山千雪,【シークレット・ヒロイン】桑山千雪,金曜日には幸せの花を
桑山千雪\【ドゥワッチャラブ】桑山千雪\ひっくり返して生きていく.csv,5,3016009030010,千雪,甘——奈——☆,桑山千雪,【ドゥワッチャラブ】桑山千雪,ひっくり返して生きていく
桑山千雪\【ドゥワッチャラブ】桑山千雪\ひっくり返して生きていく.csv,7,3016009030030,千雪,————,桑山千雪,【ドゥワッチャラブ】桑山千雪,ひっくり返して生きていく
桑山千雪\【ドゥワッチャラブ】桑山千雪\ひっくり返して生きていく.csv,8,3016009030031,甜花＆千雪,"甘————奈————☆
甘————奈————☆",桑山千雪,【ドゥワッチャラブ】桑山千雪,ひっくり返して生きていく
桑山千雪\【ドゥワッチャラブ】桑山千雪\ひっくり返して生きていく.csv,9,3016009030040,千雪,————心……,桑山千雪,【ドゥワッチャラブ】桑山千雪,ひっくり返して生きていく
桑山千雪\【ドゥワッチャラブ】桑山千雪\ひっくり返して生きていく.csv,10,3016009030050,千雪,"甘奈……！
太——可——爱——啦——————！",桑山千雪,【ドゥワッチャラブ】桑山千雪,ひっくり返して生きていく
桑山千雪\【ドゥワッチャラブ】桑山千雪\ひっくり返して生きていく.csv,12,3016009030070,千雪,看——这——边——————…………！,桑山千雪,【ドゥワッチャラブ】桑山千雪,ひっくり返して生きていく
桑山千雪\【ドゥワッチャラブ】桑山千雪\ひっくり返して生きていく.csv,13,3016009030080,千雪,——不甘心……,桑山千雪,【ドゥワッチャラブ】桑山千雪,ひっくり返して生きていく
桑山千雪\【ドゥワッチャラブ】桑山千雪\ひっくり返して生きていく.csv,14,3016009030090,千雪,不甘心啊…………,桑山千雪,【ドゥワッチャラブ】桑山千雪,ひっくり返して生きていく
桑山千雪\【ドゥワッチャラブ】桑山千雪\ひっくり返して生きていく.csv,16,3016009030110,千雪,稍微……借我下肩膀……,桑山千雪,【ドゥワッチャラブ】桑山千雪,ひっくり返して生きていく
桑山千雪\【ドゥワッチャラブ】桑山千雪\ひっくり返して生きていく.csv,20,3016009030150,千雪,——哇，我和甘奈对上眼神了……！,桑山千雪,【ドゥワッチャラブ】桑山千雪,ひっくり返して生きていく
桑山千雪\【ドゥワッチャラブ】桑山千雪\ひっくり返して生きていく.csv,23,3016009030180,千雪,"呀……！
甘————奈————！",桑山千雪,【ドゥワッチャラブ】桑山千雪,ひっくり返して生きていく
桑山千雪\【ドゥワッチャラブ】桑山千雪\ひっくり返して生きていく.csv,25,3016009030191,甜花＆千雪,——呵呵……！,桑山千雪,【ドゥワッチャラブ】桑山千雪,ひっくり返して生きていく
桑山千雪\【ドゥワッチャラブ】桑山千雪\ひっくり返して生きていく.csv,26,3016009030200,千雪,"喊出声音……
打起精神来吧……！",桑山千雪,【ドゥワッチャラブ】桑山千雪,ひっくり返して生きていく
桑山千雪\【ドゥワッチャラブ】桑山千雪\ひっくり返して生きていく.csv,27,3016009030210,千雪,"我意识到，
只要如此，就几乎没有跨不过的坎",桑山千雪,【ドゥワッチャラブ】桑山千雪,ひっくり返して生きていく
桑山千雪\【ドゥワッチャラブ】桑山千雪\ひっくり返して生きていく.csv,28,3016009030220,千雪,"啊——……
啊——啊——啊——啊——啊——",桑山千雪,【ドゥワッチャラブ】桑山千雪,ひっくり返して生きていく
桑山千雪\【ドゥワッチャラブ】桑山千雪\ひっくり返して生きていく.csv,29,3016009030230,千雪,"一起发声……！
啊——啊——啊——啊——啊————",桑山千雪,【ドゥワッチャラブ】桑山千雪,ひっくり返して生きていく
桑山千雪\【ドゥワッチャラブ】桑山千雪\ひっくり返して生きていく.csv,31,3016009030240,千雪,啊——！,桑山千雪,【ドゥワッチャラブ】桑山千雪,ひっくり返して生きていく
桑山千雪\【ドゥワッチャラブ】桑山千雪\ひっくり返して生きていく.csv,33,3016009030250,千雪,天气真好！,桑山千雪,【ドゥワッチャラブ】桑山千雪,ひっくり返して生きていく
桑山千雪\【ドゥワッチャラブ】桑山千雪\ひっくり返して生きていく.csv,35,3016009030260,千雪,仰起头来！,桑山千雪,【ドゥワッチャラブ】桑山千雪,ひっくり返して生きていく
桑山千雪\【ドゥワッチャラブ】桑山千雪\ひっくり返して生きていく.csv,37,3016009030270,千雪,不必拘束！,桑山千雪,【ドゥワッチャラブ】桑山千雪,ひっくり返して生きていく
桑山千雪\【ドゥワッチャラブ】桑山千雪\ひっくり返して生きていく.csv,39,3016009030280,千雪,大声呼喊！,桑山千雪,【ドゥワッチャラブ】桑山千雪,ひっくり返して生きていく
桑山千雪\【ドゥワッチャラブ】桑山千雪\ひっくり返して生きていく.csv,41,3016009030290,千雪,预备——齐——,桑山千雪,【ドゥワッチャラブ】桑山千雪,ひっくり返して生きていく
桑山千雪\【ドゥワッチャラブ】桑山千雪\ひっくり返して生きていく.csv,44,3016009030300,千雪,"明明没有精神
却不得不强打精神的时候",桑山千雪,【ドゥワッチャラブ】桑山千雪,ひっくり返して生きていく
桑山千雪\【ドゥワッチャラブ】桑山千雪\ひっくり返して生きていく.csv,45,3016009030310,千雪,"或者没有精神
也根本不想打起精神的时候——",桑山千雪,【ドゥワッチャラブ】桑山千雪,ひっくり返して生きていく
桑山千雪\【ドゥワッチャラブ】桑山千雪\ひっくり返して生きていく.csv,46,3016009030320,千雪,——早上好……！,桑山千雪,【ドゥワッチャラブ】桑山千雪,ひっくり返して生きていく
桑山千雪\【ドゥワッチャラブ】桑山千雪\ひっくり返して生きていく.csv,48,3016009030340,千雪,今天反过来，只限小声……！,桑山千雪,【ドゥワッチャラブ】桑山千雪,ひっくり返して生きていく
桑山千雪\【ドゥワッチャラブ】桑山千雪\ひっくり返して生きていく.csv,50,3016009030360,千雪,就反过来，轻声低语……！,桑山千雪,【ドゥワッチャラブ】桑山千雪,ひっくり返して生きていく
桑山千雪\【ドゥワッチャラブ】桑山千雪\ひっくり返して生きていく.csv,54,3016009030400,千雪,"没错……！
这是大声……！",桑山千雪,【ドゥワッチャラブ】桑山千雪,ひっくり返して生きていく
桑山千雪\【ドゥワッチャラブ】桑山千雪\ひっくり返して生きていく.csv,56,3016009030420,千雪,非常吵闹……！,桑山千雪,【ドゥワッチャラブ】桑山千雪,ひっくり返して生きていく
桑山千雪\【ドゥワッチャラブ】桑山千雪\ひっくり返して生きていく.csv,61,3016009030470,千雪,哇————————！！！！,桑山千雪,【ドゥワッチャラブ】桑山千雪,ひっくり返して生きていく
桑山千雪\【ドゥワッチャラブ】桑山千雪\ひっくり返して生きていく.csv,79,3016009030540,千雪,哇————！！,桑山千雪,【ドゥワッチャラブ】桑山千雪,ひっくり返して生きていく
桑山千雪\【ドゥワッチャラブ】桑山千雪\ひっくり返して生きていく.csv,86,3016009030590,千雪,"呵呵呵……
超——级安静……！",桑山千雪,【ドゥワッチャラブ】桑山千雪,ひっくり返して生きていく
桑山千雪\【ドゥワッチャラブ】桑山千雪\ひっくり返して生きていく.csv,88,3016009030600,千雪,"像这样，轻声全力呼喊
大声喃喃细语……",桑山千雪,【ドゥワッチャラブ】桑山千雪,ひっくり返して生きていく
桑山千雪\【ドゥワッチャラブ】桑山千雪\ひっくり返して生きていく.csv,89,3016009030610,千雪,"将难过与悲伤也全部掉转
一路横冲直撞的同时——",桑山千雪,【ドゥワッチャラブ】桑山千雪,ひっくり返して生きていく
桑山千雪\【ドゥワッチャラブ】桑山千雪\ひっくり返して生きていく.csv,90,3016009030620,千雪,"我开始遐想，
哪怕能遇到一个幸运",桑山千雪,【ドゥワッチャラブ】桑山千雪,ひっくり返して生きていく
桑山千雪\【ドゥワッチャラブ】桑山千雪\ひっくり返して生きていく.csv,91,3016009030630,千雪,那该有多好……！,桑山千雪,【ドゥワッチャラブ】桑山千雪,ひっくり返して生きていく
桑山千雪\【ドゥワッチャラブ】桑山千雪\卒業.csv,2,3016009020010,千雪,"——好，久等啦
走吧，甜花",桑山千雪,【ドゥワッチャラブ】桑山千雪,卒業
桑山千雪\【ドゥワッチャラブ】桑山千雪\卒業.csv,4,3016009020030,千雪,"抱歉啦，让你陪我绕道回一趟家
没想到发给我这么多资料……！",桑山千雪,【ドゥワッチャラブ】桑山千雪,卒業
桑山千雪\【ドゥワッチャラブ】桑山千雪\卒業.csv,8,3016009020070,千雪,哇……！,桑山千雪,【ドゥワッチャラブ】桑山千雪,卒業
桑山千雪\【ドゥワッチャラブ】桑山千雪\卒業.csv,9,3016009020071,甜花＆千雪,呵呵……！,桑山千雪,【ドゥワッチャラブ】桑山千雪,卒業
桑山千雪\【ドゥワッチャラブ】桑山千雪\卒業.csv,11,3016009020090,千雪,是吗……？,桑山千雪,【ドゥワッチャラブ】桑山千雪,卒業
桑山千雪\【ドゥワッチャラブ】桑山千雪\卒業.csv,14,3016009020120,千雪,"咦，有点不好意思哎……！
是这样啊……？",桑山千雪,【ドゥワッチャラブ】桑山千雪,卒業
桑山千雪\【ドゥワッチャラブ】桑山千雪\卒業.csv,17,3016009020150,千雪,唔……这个嘛……,桑山千雪,【ドゥワッチャラブ】桑山千雪,卒業
桑山千雪\【ドゥワッチャラブ】桑山千雪\卒業.csv,18,3016009020160,千雪,"刚来到这个房间的时候，
就像在空空如也的地方作画一样……",桑山千雪,【ドゥワッチャラブ】桑山千雪,卒業
桑山千雪\【ドゥワッチャラブ】桑山千雪\卒業.csv,19,3016009020170,千雪,别提有多开心了,桑山千雪,【ドゥワッチャラブ】桑山千雪,卒業
桑山千雪\【ドゥワッチャラブ】桑山千雪\卒業.csv,20,3016009020180,千雪,"因为当时搬来得比较突然……
所以没多少东西就是了",桑山千雪,【ドゥワッチャラブ】桑山千雪,卒業
桑山千雪\【ドゥワッチャラブ】桑山千雪\卒業.csv,23,3016009020210,千雪,"呵呵，我也快忘了……
只记得每天根本就无暇他顾……",桑山千雪,【ドゥワッチャラブ】桑山千雪,卒業
桑山千雪\【ドゥワッチャラブ】桑山千雪\卒業.csv,24,3016009020220,千雪,"虽说屋子空荡荡的状态维持了一阵
但我可能没怎么感到过寂寞",桑山千雪,【ドゥワッチャラブ】桑山千雪,卒業
桑山千雪\【ドゥワッチャラブ】桑山千雪\卒業.csv,25,3016009020230,千雪,"而后来……呵呵呵
像发饰等等，多了好多东西——",桑山千雪,【ドゥワッチャラブ】桑山千雪,卒業
桑山千雪\【ドゥワッチャラブ】桑山千雪\卒業.csv,27,3016009020250,千雪,"谢谢
我很珍惜地保存着",桑山千雪,【ドゥワッチャラブ】桑山千雪,卒業
桑山千雪\【ドゥワッチャラブ】桑山千雪\卒業.csv,29,3016009020270,千雪,"嗯……！
所以现在可热闹了",桑山千雪,【ドゥワッチャラブ】桑山千雪,卒業
桑山千雪\【ドゥワッチャラブ】桑山千雪\卒業.csv,30,3016009020280,千雪,"要是能听见小装饰品们的声音
肯定得吵得不行……！",桑山千雪,【ドゥワッチャラブ】桑山千雪,卒業
桑山千雪\【ドゥワッチャラブ】桑山千雪\卒業.csv,32,3016009020300,千雪,确实，感觉还不坏,桑山千雪,【ドゥワッチャラブ】桑山千雪,卒業
桑山千雪\【ドゥワッチャラブ】桑山千雪\卒業.csv,33,3016009020310,千雪,——啊，不过……,桑山千雪,【ドゥワッチャラブ】桑山千雪,卒業
桑山千雪\【ドゥワッチャラブ】桑山千雪\卒業.csv,34,3016009020320,千雪,寂寞感有时会潜藏在电视声中……,桑山千雪,【ドゥワッチャラブ】桑山千雪,卒業
桑山千雪\【ドゥワッチャラブ】桑山千雪\卒業.csv,35,3016009020330,千雪,有时会融入到切菜声里……,桑山千雪,【ドゥワッチャラブ】桑山千雪,卒業
桑山千雪\【ドゥワッチャラブ】桑山千雪\卒業.csv,36,3016009020340,千雪,"……就算有声音
或许还是免不了会寂寞吧……",桑山千雪,【ドゥワッチャラブ】桑山千雪,卒業
桑山千雪\【ドゥワッチャラブ】桑山千雪\卒業.csv,39,3016009020370,千雪,嗯——,桑山千雪,【ドゥワッチャラブ】桑山千雪,卒業
桑山千雪\【ドゥワッチャラブ】桑山千雪\卒業.csv,40,3016009020380,千雪,——忍耐……！,桑山千雪,【ドゥワッチャラブ】桑山千雪,卒業
桑山千雪\【ドゥワッチャラブ】桑山千雪\卒業.csv,42,3016009020400,千雪,没错,桑山千雪,【ドゥワッチャラブ】桑山千雪,卒業
桑山千雪\【ドゥワッチャラブ】桑山千雪\卒業.csv,44,3016009020420,千雪,呵呵，不会,桑山千雪,【ドゥワッチャラブ】桑山千雪,卒業
桑山千雪\【ドゥワッチャラブ】桑山千雪\卒業.csv,45,3016009020430,千雪,"总有时候需要独自思考
也总有时候需要忍耐孤单——",桑山千雪,【ドゥワッチャラブ】桑山千雪,卒業
桑山千雪\【ドゥワッチャラブ】桑山千雪\卒業.csv,46,3016009020440,千雪,"即使和谁生活在一起
肯定也一样",桑山千雪,【ドゥワッチャラブ】桑山千雪,卒業
桑山千雪\【ドゥワッチャラブ】桑山千雪\卒業.csv,49,3016009020470,千雪,"——说不定哪天，
甜花也会独自生活哦……？",桑山千雪,【ドゥワッチャラブ】桑山千雪,卒業
桑山千雪\【ドゥワッチャラブ】桑山千雪\卒業.csv,54,3016009020520,千雪,嗯,桑山千雪,【ドゥワッチャラブ】桑山千雪,卒業
桑山千雪\【ドゥワッチャラブ】桑山千雪\卒業.csv,55,3016009020530,千雪,"——好，那就出发吧
说不定甘奈拿铁都等得望眼欲穿了……！",桑山千雪,【ドゥワッチャラブ】桑山千雪,卒業
桑山千雪\【ドゥワッチャラブ】桑山千雪\卒業.csv,58,3016009020560,千雪,"呵呵。那家店肯定要排队……
把围巾裹得严实一点吧！",桑山千雪,【ドゥワッチャラブ】桑山千雪,卒業
桑山千雪\【ドゥワッチャラブ】桑山千雪\卒業.csv,61,3016009020590,千雪,甜花……！？,桑山千雪,【ドゥワッチャラブ】桑山千雪,卒業
桑山千雪\【ドゥワッチャラブ】桑山千雪\卒業.csv,64,3016009020620,千雪,"啊……没有！
这是要寄回老家的——",桑山千雪,【ドゥワッチャラブ】桑山千雪,卒業
桑山千雪\【ドゥワッチャラブ】桑山千雪\卒業.csv,65,3016009020630,千雪,"完全没关系
放在这种地方，我才该道歉",桑山千雪,【ドゥワッチャラブ】桑山千雪,卒業
桑山千雪\【ドゥワッチャラブ】桑山千雪\卒業.csv,67,3016009020650,千雪,"……
《Apricot》，我准备寄回家————",桑山千雪,【ドゥワッチャラブ】桑山千雪,卒業
桑山千雪\【ドゥワッチャラブ】桑山千雪\卒業.csv,69,3016009020670,千雪,"呵呵……
毕业",桑山千雪,【ドゥワッチャラブ】桑山千雪,卒業
桑山千雪\【ドゥワッチャラブ】桑山千雪\卒業.csv,71,3016009020690,千雪,我也必须得长大了——,桑山千雪,【ドゥワッチャラブ】桑山千雪,卒業
桑山千雪\【ドゥワッチャラブ】桑山千雪\卒業.csv,72,3016009020700,千雪,对吧？,桑山千雪,【ドゥワッチャラブ】桑山千雪,卒業
桑山千雪\【ドゥワッチャラブ】桑山千雪\食べちゃうから、全部.csv,2,3016009010010,千雪,"“这个春天，聚焦于电影一般的恋情！
-寄思于伊 宛若电影-”",桑山千雪,【ドゥワッチャラブ】桑山千雪,食べちゃうから、全部
桑山千雪\【ドゥワッチャラブ】桑山千雪\食べちゃうから、全部.csv,3,3016009010020,千雪,"“——喂，你为何总是
叹气叹个不停？”",桑山千雪,【ドゥワッチャラブ】桑山千雪,食べちゃうから、全部
桑山千雪\【ドゥワッチャラブ】桑山千雪\食べちゃうから、全部.csv,4,3016009010030,千雪,“不行不行，亲爱的”,桑山千雪,【ドゥワッチャラブ】桑山千雪,食べちゃうから、全部
桑山千雪\【ドゥワッチャラブ】桑山千雪\食べちゃうから、全部.csv,5,3016009010040,千雪,"“摄像机还没停的时候，
请当个开心的天使”",桑山千雪,【ドゥワッチャラブ】桑山千雪,食べちゃうから、全部
桑山千雪\【ドゥワッチャラブ】桑山千雪\食べちゃうから、全部.csv,6,3016009010050,千雪,"“在片尾字幕如晚霞一般退去
音乐也留下最后一声叹息之后”",桑山千雪,【ドゥワッチャラブ】桑山千雪,食べちゃうから、全部
桑山千雪\【ドゥワッチャラブ】桑山千雪\食べちゃうから、全部.csv,7,3016009010060,千雪,"“如果还有后续该有多么美好？
我们在电影中看到的那些恋情”",桑山千雪,【ドゥワッチャラブ】桑山千雪,食べちゃうから、全部
桑山千雪\【ドゥワッチャラブ】桑山千雪\食べちゃうから、全部.csv,8,3016009010070,千雪,"——然后，这段后面
洋洋洒洒地全都在写“叹气的方式”——！",桑山千雪,【ドゥワッチャラブ】桑山千雪,食べちゃうから、全部
桑山千雪\【ドゥワッチャラブ】桑山千雪\食べちゃうから、全部.csv,11,3016009010100,千雪,"呵呵，确实
不过……",桑山千雪,【ドゥワッチャラブ】桑山千雪,食べちゃうから、全部
桑山千雪\【ドゥワッチャラブ】桑山千雪\食べちゃうから、全部.csv,12,3016009010110,千雪,"文章里截取了各种电影的叹气镜头
不知为何感觉特别美……",桑山千雪,【ドゥワッチャラブ】桑山千雪,食べちゃうから、全部
桑山千雪\【ドゥワッチャラブ】桑山千雪\食べちゃうから、全部.csv,13,3016009010120,千雪,"哈……
这篇特集文章真的很难忘——",桑山千雪,【ドゥワッチャラブ】桑山千雪,食べちゃうから、全部
桑山千雪\【ドゥワッチャラブ】桑山千雪\食べちゃうから、全部.csv,15,3016009010140,千雪,——啊,桑山千雪,【ドゥワッチャラブ】桑山千雪,食べちゃうから、全部
桑山千雪\【ドゥワッチャラブ】桑山千雪\食べちゃうから、全部.csv,17,3016009010160,千雪,别、别这样，甘奈……！,桑山千雪,【ドゥワッチャラブ】桑山千雪,食べちゃうから、全部
桑山千雪\【ドゥワッチャラブ】桑山千雪\食べちゃうから、全部.csv,20,3016009010190,千雪,……！,桑山千雪,【ドゥワッチャラブ】桑山千雪,食べちゃうから、全部
桑山千雪\【ドゥワッチャラブ】桑山千雪\食べちゃうから、全部.csv,22,3016009010210,千雪,"……呵呵呵
像是筋疲力尽的人一样……！",桑山千雪,【ドゥワッチャラブ】桑山千雪,食べちゃうから、全部
桑山千雪\【ドゥワッチャラブ】桑山千雪\食べちゃうから、全部.csv,24,3016009010230,千雪,辛苦了，甘奈,桑山千雪,【ドゥワッチャラブ】桑山千雪,食べちゃうから、全部
桑山千雪\【ドゥワッチャラブ】桑山千雪\食べちゃうから、全部.csv,27,3016009010260,千雪,"呵呵……呵呵呵……！
被恋人嫌弃我可不负责哦～",桑山千雪,【ドゥワッチャラブ】桑山千雪,食べちゃうから、全部
桑山千雪\【ドゥワッチャラブ】桑山千雪\食べちゃうから、全部.csv,29,3016009010280,千雪,呵呵呵呵……,桑山千雪,【ドゥワッチャラブ】桑山千雪,食べちゃうから、全部
桑山千雪\【ドゥワッチャラブ】桑山千雪\食べちゃうから、全部.csv,33,3016009010320,千雪,……哇,桑山千雪,【ドゥワッチャラブ】桑山千雪,食べちゃうから、全部
桑山千雪\【ドゥワッチャラブ】桑山千雪\食べちゃうから、全部.csv,34,3016009010330,千雪,——呵呵，真可爱……,桑山千雪,【ドゥワッチャラブ】桑山千雪,食べちゃうから、全部
桑山千雪\【ドゥワッチャラブ】桑山千雪\食べちゃうから、全部.csv,36,3016009010350,千雪,没什么……！,桑山千雪,【ドゥワッチャラブ】桑山千雪,食べちゃうから、全部
桑山千雪\【ドゥワッチャラブ】桑山千雪\食べちゃうから、全部.csv,37,3016009010360,千雪,"那个，今天谢谢啦
还为我举办安慰会，我非常开心——",桑山千雪,【ドゥワッチャラブ】桑山千雪,食べちゃうから、全部
桑山千雪\【ドゥワッチャラブ】桑山千雪\食べちゃうから、全部.csv,38,3016009010370,千雪,"想必是因为我总是
不甘心不甘心说个不停吧",桑山千雪,【ドゥワッチャラブ】桑山千雪,食べちゃうから、全部
桑山千雪\【ドゥワッチャラブ】桑山千雪\食べちゃうから、全部.csv,39,3016009010380,千雪,“不甘心！　输掉我好不甘心啊！”,桑山千雪,【ドゥワッチャラブ】桑山千雪,食べちゃうから、全部
桑山千雪\【ドゥワッチャラブ】桑山千雪\食べちゃうから、全部.csv,42,3016009010410,千雪,"……对、对哦
抱歉，不小心就又……！",桑山千雪,【ドゥワッチャラブ】桑山千雪,食べちゃうから、全部
桑山千雪\【ドゥワッチャラブ】桑山千雪\食べちゃうから、全部.csv,46,3016009010450,千雪,"——啊，我要这个
选好了",桑山千雪,【ドゥワッチャラブ】桑山千雪,食べちゃうから、全部
桑山千雪\【ドゥワッチャラブ】桑山千雪\食べちゃうから、全部.csv,49,3016009010480,千雪,"呵呵，这个确实非常朴素……
但是……我就是被吸引住了",桑山千雪,【ドゥワッチャラブ】桑山千雪,食べちゃうから、全部
桑山千雪\【ドゥワッチャラブ】桑山千雪\食べちゃうから、全部.csv,50,3016009010490,千雪,嗯，就选这个了……！,桑山千雪,【ドゥワッチャラブ】桑山千雪,食べちゃうから、全部
桑山千雪\【ドゥワッチャラブ】桑山千雪\食べちゃうから、全部.csv,53,3016009010520,千雪,——啊……想起来了——,桑山千雪,【ドゥワッチャラブ】桑山千雪,食べちゃうから、全部
桑山千雪\【ドゥワッチャラブ】桑山千雪\食べちゃうから、全部.csv,54,3016009010530,千雪,说起蓝莓很酸……,桑山千雪,【ドゥワッチャラブ】桑山千雪,食べちゃうから、全部
桑山千雪\【ドゥワッチャラブ】桑山千雪\食べちゃうから、全部.csv,56,3016009010550,千雪,"那个，有部一边说着蓝莓酸
一边因失恋而叹气的电影",桑山千雪,【ドゥワッチャラブ】桑山千雪,食べちゃうから、全部
桑山千雪\【ドゥワッチャラブ】桑山千雪\食べちゃうから、全部.csv,57,3016009010560,千雪,"刚才提到的“寄思于伊 宛若电影”……！
可能是脑子里还记着那篇",桑山千雪,【ドゥワッチャラブ】桑山千雪,食べちゃうから、全部
桑山千雪\【ドゥワッチャラブ】桑山千雪\食べちゃうから、全部.csv,60,3016009010590,千雪,"呵呵，嗯
据说很酸，失恋",桑山千雪,【ドゥワッチャラブ】桑山千雪,食べちゃうから、全部
桑山千雪\【ドゥワッチャラブ】桑山千雪\食べちゃうから、全部.csv,61,3016009010600,千雪,"主人公一边抱怨“根本不好吃”，
一边吃着蓝莓蛋挞",桑山千雪,【ドゥワッチャラブ】桑山千雪,食べちゃうから、全部
桑山千雪\【ドゥワッチャラブ】桑山千雪\食べちゃうから、全部.csv,62,3016009010610,千雪,——但是，最后却一点不剩全吃光了,桑山千雪,【ドゥワッチャラブ】桑山千雪,食べちゃうから、全部
桑山千雪\【ドゥワッチャラブ】桑山千雪\食べちゃうから、全部.csv,64,3016009010630,千雪,呵呵，可能吧……,桑山千雪,【ドゥワッチャラブ】桑山千雪,食べちゃうから、全部
桑山千雪\【ドゥワッチャラブ】桑山千雪\食べちゃうから、全部.csv,65,3016009010640,千雪,"或许是因为就算悲伤，也要全部吃掉才算了结……
连悲伤也一并，全部吃掉",桑山千雪,【ドゥワッチャラブ】桑山千雪,食べちゃうから、全部
桑山千雪\【ドゥワッチャラブ】桑山千雪\食べちゃうから、全部.csv,68,3016009010660,千雪,啊——……,桑山千雪,【ドゥワッチャラブ】桑山千雪,食べちゃうから、全部
桑山千雪\【ドゥワッチャラブ】桑山千雪\食べちゃうから、全部.csv,71,3016009010680,千雪,呵呵，嗯……,桑山千雪,【ドゥワッチャラブ】桑山千雪,食べちゃうから、全部
桑山千雪\【ドゥワッチャラブ】桑山千雪\食べちゃうから、全部.csv,72,3016009010690,千雪,——我会吃掉的，全部,桑山千雪,【ドゥワッチャラブ】桑山千雪,食べちゃうから、全部
桑山千雪\【ドゥワッチャラブ】桑山千雪\食べちゃうから、全部.csv,74,3016009010710,千雪,喜欢你哦，甘奈,桑山千雪,【ドゥワッチャラブ】桑山千雪,食べちゃうから、全部
桑山千雪\【ドゥワッチャラブ】桑山千雪\食べちゃうから、全部.csv,75,3016009010720,千雪,我不会输的……！,桑山千雪,【ドゥワッチャラブ】桑山千雪,食べちゃうから、全部
桑山千雪\【ドゥワッチャラブ】桑山千雪\食べちゃうから、全部.csv,79,3016009010760,千雪,…………！,桑山千雪,【ドゥワッチャラブ】桑山千雪,食べちゃうから、全部
桑山千雪\【ドゥワッチャラブ】桑山千雪\食べちゃうから、全部.csv,80,3016009010770,千雪,"——没有片尾字幕，
音乐也不会终结——",桑山千雪,【ドゥワッチャラブ】桑山千雪,食べちゃうから、全部
桑山千雪\【ドゥワッチャラブ】桑山千雪\食べちゃうから、全部.csv,81,3016009010780,千雪,我们，仍将继续,桑山千雪,【ドゥワッチャラブ】桑山千雪,食べちゃうから、全部
桑山千雪\【ドゥワッチャラブ】桑山千雪\食べちゃうから、全部.csv,82,3016009010790,千雪,不过,桑山千雪,【ドゥワッチャラブ】桑山千雪,食べちゃうから、全部
桑山千雪\【ドゥワッチャラブ】桑山千雪\食べちゃうから、全部.csv,83,3016009010800,千雪,"真的很美
即使不是电影也一样……——",桑山千雪,【ドゥワッチャラブ】桑山千雪,食べちゃうから、全部
桑山千雪\【ドゥワッチャラブ】桑山千雪\食べちゃうから、全部.csv,84,3016009010810,千雪,寄思于人，被人惦念——,桑山千雪,【ドゥワッチャラブ】桑山千雪,食べちゃうから、全部
桑山千雪\【ハッピー・アイ・スクリーム】桑山千雪\あなたと紡ぐ物語.csv,4,2016013020010,千雪,……是,桑山千雪,【ハッピー・アイ・スクリーム】桑山千雪,あなたと紡ぐ物語
桑山千雪\【ハッピー・アイ・スクリーム】桑山千雪\あなたと紡ぐ物語.csv,5,2016013020020,千雪,——要说的话，大概就是“不试试看就不会明白的事情”吧,桑山千雪,【ハッピー・アイ・スクリーム】桑山千雪,あなたと紡ぐ物語
桑山千雪\【ハッピー・アイ・スクリーム】桑山千雪\あなたと紡ぐ物語.csv,11,2016013020030,千雪,是的，我认为自己做得到,桑山千雪,【ハッピー・アイ・スクリーム】桑山千雪,あなたと紡ぐ物語
桑山千雪\【ハッピー・アイ・スクリーム】桑山千雪\あなたと紡ぐ物語.csv,14,2016013020040,千雪,"因为之前从事着种类完全不同的职业，
所以在一下子闯入这个世界的时候，我有过各种各样的迷茫",桑山千雪,【ハッピー・アイ・スクリーム】桑山千雪,あなたと紡ぐ物語
桑山千雪\【ハッピー・アイ・スクリーム】桑山千雪\あなたと紡ぐ物語.csv,15,2016013020050,千雪,"从事偶像这一工作的辛苦
在认真地试着做过之前，肯定都是无从得知的",桑山千雪,【ハッピー・アイ・スクリーム】桑山千雪,あなたと紡ぐ物語
桑山千雪\【ハッピー・アイ・スクリーム】桑山千雪\あなたと紡ぐ物語.csv,16,2016013020060,千雪,"但是……我觉得，为了大幅推动某种事情的变化，
用尽全力地闯荡也是很重要的",桑山千雪,【ハッピー・アイ・スクリーム】桑山千雪,あなたと紡ぐ物語
桑山千雪\【ハッピー・アイ・スクリーム】桑山千雪\あなたと紡ぐ物語.csv,17,2016013020070,千雪,现在，我就是这么感觉到的,桑山千雪,【ハッピー・アイ・スクリーム】桑山千雪,あなたと紡ぐ物語
桑山千雪\【ハッピー・アイ・スクリーム】桑山千雪\あなたと紡ぐ物語.csv,18,2016013020080,千雪,"虽然我并不是已婚人士，
但我自认为还是理解那样一个瞬间的价值的",桑山千雪,【ハッピー・アイ・スクリーム】桑山千雪,あなたと紡ぐ物語
桑山千雪\【ハッピー・アイ・スクリーム】桑山千雪\あなたと紡ぐ物語.csv,20,2016013020090,千雪,"是呢
说不定，这是有些粗暴的理解方式……",桑山千雪,【ハッピー・アイ・スクリーム】桑山千雪,あなたと紡ぐ物語
桑山千雪\【ハッピー・アイ・スクリーム】桑山千雪\あなたと紡ぐ物語.csv,21,2016013020100,千雪,"但是，就算有所不安，只要对方愿意张开双臂等待自己
我认为，人类就能下定决心",桑山千雪,【ハッピー・アイ・スクリーム】桑山千雪,あなたと紡ぐ物語
桑山千雪\【ハッピー・アイ・スクリーム】桑山千雪\あなたと紡ぐ物語.csv,22,2016013020110,千雪,相信着对方，闯进那个世界……,桑山千雪,【ハッピー・アイ・スクリーム】桑山千雪,あなたと紡ぐ物語
桑山千雪\【ハッピー・アイ・スクリーム】桑山千雪\あなたと紡ぐ物語.csv,23,2016013020120,千雪,"虽然多多少少会有些乱来，
但要是没有最后的那一下用尽全力，就没有现在的我",桑山千雪,【ハッピー・アイ・スクリーム】桑山千雪,あなたと紡ぐ物語
桑山千雪\【ハッピー・アイ・スクリーム】桑山千雪\あなたと紡ぐ物語.csv,26,2016013020130,千雪,是的,桑山千雪,【ハッピー・アイ・スクリーム】桑山千雪,あなたと紡ぐ物語
桑山千雪\【ハッピー・アイ・スクリーム】桑山千雪\あなたと紡ぐ物語.csv,27,2016013020140,千雪,"当然，对于结婚，
我也有更简单一些的憧憬",桑山千雪,【ハッピー・アイ・スクリーム】桑山千雪,あなたと紡ぐ物語
桑山千雪\【ハッピー・アイ・スクリーム】桑山千雪\あなたと紡ぐ物語.csv,28,2016013020150,千雪,"就像在电视和杂志上看到的那样，婚纱、头冠，
被五颜六色的花朵围在中间的、微笑着的两人————",桑山千雪,【ハッピー・アイ・スクリーム】桑山千雪,あなたと紡ぐ物語
桑山千雪\【ハッピー・アイ・スクリーム】桑山千雪\あなたと紡ぐ物語.csv,29,2016013020160,千雪,该怎么说呢，对于未来的希望就会涌现出来呢……！,桑山千雪,【ハッピー・アイ・スクリーム】桑山千雪,あなたと紡ぐ物語
桑山千雪\【ハッピー・アイ・スクリーム】桑山千雪\あなたと紡ぐ物語.csv,30,2016013020170,千雪,"自己怀抱着的这样的憧憬，是不是能在广告上充分地表现出来呢
我是这么想的",桑山千雪,【ハッピー・アイ・スクリーム】桑山千雪,あなたと紡ぐ物語
桑山千雪\【ハッピー・アイ・スクリーム】桑山千雪\あなたと紡ぐ物語.csv,32,2016013020180,千雪,嗯,桑山千雪,【ハッピー・アイ・スクリーム】桑山千雪,あなたと紡ぐ物語
桑山千雪\【ハッピー・アイ・スクリーム】桑山千雪\あなたと紡ぐ物語.csv,33,2016013020190,千雪,"能让看了广告的人试着考虑一下结婚的事情
是我的话，想办成这种感觉的仪式啊……",桑山千雪,【ハッピー・アイ・スクリーム】桑山千雪,あなたと紡ぐ物語
桑山千雪\【ハッピー・アイ・スクリーム】桑山千雪\あなたと紡ぐ物語.csv,34,2016013020200,千雪,诸如此类，我想向大家送去能成为梦想材料的东西,桑山千雪,【ハッピー・アイ・スクリーム】桑山千雪,あなたと紡ぐ物語
桑山千雪\【ハッピー・アイ・スクリーム】桑山千雪\あなたと紡ぐ物語.csv,35,2016013020210,千雪,"然后，如果通过我，
大家能各自感觉到不同的“那个前方”……",桑山千雪,【ハッピー・アイ・スクリーム】桑山千雪,あなたと紡ぐ物語
桑山千雪\【ハッピー・アイ・スクリーム】桑山千雪\あなたと紡ぐ物語.csv,36,2016013020220,千雪,"虽然说不定会有点狂妄，
但我是这么想的",桑山千雪,【ハッピー・アイ・スクリーム】桑山千雪,あなたと紡ぐ物語
桑山千雪\【ハッピー・アイ・スクリーム】桑山千雪\あなたと紡ぐ物語.csv,39,2016013020230,千雪,那个，是的……！,桑山千雪,【ハッピー・アイ・スクリーム】桑山千雪,あなたと紡ぐ物語
桑山千雪\【ハッピー・アイ・スクリーム】桑山千雪\あなたと紡ぐ物語.csv,40,2016013020240,千雪,"……不是什么了不起的事情，而是
该说是，就像故事的留白一样的东西吗……",桑山千雪,【ハッピー・アイ・スクリーム】桑山千雪,あなたと紡ぐ物語
桑山千雪\【ハッピー・アイ・スクリーム】桑山千雪\あなたと紡ぐ物語.csv,41,2016013020250,千雪,"不管是结婚，还是不结婚，还是结婚之后……
我觉得，在未来，有许许多多的故事都等待着我们",桑山千雪,【ハッピー・アイ・スクリーム】桑山千雪,あなたと紡ぐ物語
桑山千雪\【ハッピー・アイ・スクリーム】桑山千雪\あなたと紡ぐ物語.csv,42,2016013020260,千雪,"如果我能通过表现某种主题，在阅读杂志的各位的心中划出
“或许可能实现”的留白就好了",桑山千雪,【ハッピー・アイ・スクリーム】桑山千雪,あなたと紡ぐ物語
桑山千雪\【ハッピー・アイ・スクリーム】桑山千雪\あなたと紡ぐ物語.csv,43,2016013020270,千雪,我是这么想的,桑山千雪,【ハッピー・アイ・スクリーム】桑山千雪,あなたと紡ぐ物語
桑山千雪\【ハッピー・アイ・スクリーム】桑山千雪\あなたと紡ぐ物語.csv,45,2016013020280,千雪,这个啊……,桑山千雪,【ハッピー・アイ・スクリーム】桑山千雪,あなたと紡ぐ物語
桑山千雪\【ハッピー・アイ・スクリーム】桑山千雪\あなたと紡ぐ物語.csv,46,2016013020290,千雪,"在这份工作中，
贵志想从我身上得到的，是怎样的东西呢",桑山千雪,【ハッピー・アイ・スクリーム】桑山千雪,あなたと紡ぐ物語
桑山千雪\【ハッピー・アイ・スクリーム】桑山千雪\あなたと紡ぐ物語.csv,47,2016013020300,千雪,"虽然可能有些狂妄，
但是我希望能贴合着那个答案，制作有自己风格的故事……",桑山千雪,【ハッピー・アイ・スクリーム】桑山千雪,あなたと紡ぐ物語
桑山千雪\【ハッピー・アイ・スクリーム】桑山千雪\あなたと紡ぐ物語.csv,54,2016013020310,千雪,"……那个
……",桑山千雪,【ハッピー・アイ・スクリーム】桑山千雪,あなたと紡ぐ物語
桑山千雪\【ハッピー・アイ・スクリーム】桑山千雪\あなたと紡ぐ物語.csv,55,2016013020320,千雪,"那个，我想问的是，该说是课题吗
比如想要得到的印象，或者工作方法之类的……",桑山千雪,【ハッピー・アイ・スクリーム】桑山千雪,あなたと紡ぐ物語
桑山千雪\【ハッピー・アイ・スクリーム】桑山千雪\あなたと紡ぐ物語.csv,58,2016013020330,千雪,诶……,桑山千雪,【ハッピー・アイ・スクリーム】桑山千雪,あなたと紡ぐ物語
桑山千雪\【ハッピー・アイ・スクリーム】桑山千雪\あなたと紡ぐ物語.csv,63,2016013020340,千雪,是、是……！,桑山千雪,【ハッピー・アイ・スクリーム】桑山千雪,あなたと紡ぐ物語
桑山千雪\【ハッピー・アイ・スクリーム】桑山千雪\あなたと紡ぐ物語.csv,66,2016013020350,千雪,制作人先生……,桑山千雪,【ハッピー・アイ・スクリーム】桑山千雪,あなたと紡ぐ物語
桑山千雪\【ハッピー・アイ・スクリーム】桑山千雪\あなたと紡ぐ物語.csv,67,2016013020360,千雪,"谢谢……
将刚才的话语，镌刻于心……我出发了哦！",桑山千雪,【ハッピー・アイ・スクリーム】桑山千雪,あなたと紡ぐ物語
桑山千雪\【ハッピー・アイ・スクリーム】桑山千雪\あなたと紡ぐ物語.csv,68,2016013020540,千雪,"……
温柔和、包容力吗",桑山千雪,【ハッピー・アイ・スクリーム】桑山千雪,あなたと紡ぐ物語
桑山千雪\【ハッピー・アイ・スクリーム】桑山千雪\あなたと紡ぐ物語.csv,71,2016013020370,千雪,"是的……
那个……",桑山千雪,【ハッピー・アイ・スクリーム】桑山千雪,あなたと紡ぐ物語
桑山千雪\【ハッピー・アイ・スクリーム】桑山千雪\あなたと紡ぐ物語.csv,73,2016013020380,千雪,"我觉得，如果自己有就好了
……不",桑山千雪,【ハッピー・アイ・スクリーム】桑山千雪,あなたと紡ぐ物語
桑山千雪\【ハッピー・アイ・スクリーム】桑山千雪\あなたと紡ぐ物語.csv,74,2016013020390,千雪,我常常想，希望自己能拥有这样的特质,桑山千雪,【ハッピー・アイ・スクリーム】桑山千雪,あなたと紡ぐ物語
桑山千雪\【ハッピー・アイ・スクリーム】桑山千雪\あなたと紡ぐ物語.csv,75,2016013020400,千雪,"虽然在到底能不能做到这一点上，
就只能委任并非我的其他人来评判了……",桑山千雪,【ハッピー・アイ・スクリーム】桑山千雪,あなたと紡ぐ物語
桑山千雪\【ハッピー・アイ・スクリーム】桑山千雪\あなたと紡ぐ物語.csv,76,2016013020410,千雪,"但是，我希望
能将这一点也描绘进“那前方”的希望之中",桑山千雪,【ハッピー・アイ・スクリーム】桑山千雪,あなたと紡ぐ物語
桑山千雪\【ハッピー・アイ・スクリーム】桑山千雪\あなたと紡ぐ物語.csv,77,2016013020420,千雪,"同时，在心中想象着
双方的温柔和包容力互相交叠，那样的结婚形态————",桑山千雪,【ハッピー・アイ・スクリーム】桑山千雪,あなたと紡ぐ物語
桑山千雪\【ハッピー・アイ・スクリーム】桑山千雪\あなたと紡ぐ物語.csv,79,2016013020430,千雪,"……！
制作人先生……？",桑山千雪,【ハッピー・アイ・スクリーム】桑山千雪,あなたと紡ぐ物語
桑山千雪\【ハッピー・アイ・スクリーム】桑山千雪\あなたと紡ぐ物語.csv,83,2016013020440,千雪,"……
呵呵，真是的……",桑山千雪,【ハッピー・アイ・スクリーム】桑山千雪,あなたと紡ぐ物語
桑山千雪\【ハッピー・アイ・スクリーム】桑山千雪\あなたと紡ぐ物語.csv,84,2016013020450,千雪,"温柔和包容力，
制作人先生都要把这两个特质从我这里抢走了嘛……！",桑山千雪,【ハッピー・アイ・スクリーム】桑山千雪,あなたと紡ぐ物語
桑山千雪\【ハッピー・アイ・スクリーム】桑山千雪\あなたと紡ぐ物語.csv,85,2016013020460,千雪,"……惊喜
能再多解释一下吗……？",桑山千雪,【ハッピー・アイ・スクリーム】桑山千雪,あなたと紡ぐ物語
桑山千雪\【ハッピー・アイ・スクリーム】桑山千雪\あなたと紡ぐ物語.csv,90,2016013020470,千雪,……,桑山千雪,【ハッピー・アイ・スクリーム】桑山千雪,あなたと紡ぐ物語
桑山千雪\【ハッピー・アイ・スクリーム】桑山千雪\あなたと紡ぐ物語.csv,91,2016013020480,千雪,"那……
……",桑山千雪,【ハッピー・アイ・スクリーム】桑山千雪,あなたと紡ぐ物語
桑山千雪\【ハッピー・アイ・スクリーム】桑山千雪\あなたと紡ぐ物語.csv,93,2016013020490,千雪,"不、不会……！
抱歉，这种问题也是很有可能出现的对吧……！",桑山千雪,【ハッピー・アイ・スクリーム】桑山千雪,あなたと紡ぐ物語
桑山千雪\【ハッピー・アイ・スクリーム】桑山千雪\あなたと紡ぐ物語.csv,96,2016013020500,千雪,是……,桑山千雪,【ハッピー・アイ・スクリーム】桑山千雪,あなたと紡ぐ物語
桑山千雪\【ハッピー・アイ・スクリーム】桑山千雪\あなたと紡ぐ物語.csv,99,2016013020510,千雪,"……！
制作人先生……",桑山千雪,【ハッピー・アイ・スクリーム】桑山千雪,あなたと紡ぐ物語
桑山千雪\【ハッピー・アイ・スクリーム】桑山千雪\あなたと紡ぐ物語.csv,100,2016013020520,千雪,"……呵呵，但是……
露出稍微有点坏心眼的眼神的制作人先生，真的很新鲜",桑山千雪,【ハッピー・アイ・スクリーム】桑山千雪,あなたと紡ぐ物語
桑山千雪\【ハッピー・アイ・スクリーム】桑山千雪\あなたと紡ぐ物語.csv,101,2016013020530,千雪,——我出发了哦！,桑山千雪,【ハッピー・アイ・スクリーム】桑山千雪,あなたと紡ぐ物語
桑山千雪\【ハッピー・アイ・スクリーム】桑山千雪\アイスクリーム（シングル）.csv,3,2016013010010,千雪,不用谢,桑山千雪,【ハッピー・アイ・スクリーム】桑山千雪,アイスクリーム（シングル）
桑山千雪\【ハッピー・アイ・スクリーム】桑山千雪\アイスクリーム（シングル）.csv,4,2016013010020,千雪,"毕竟夹克保持着有裂痕的状态，
稍微有点不好看嘛",桑山千雪,【ハッピー・アイ・スクリーム】桑山千雪,アイスクリーム（シングル）
桑山千雪\【ハッピー・アイ・スクリーム】桑山千雪\アイスクリーム（シングル）.csv,6,2016013010030,千雪,"呵呵，真的没事的
因为，我也稍微有点喜欢在这样的雨天做缝纫",桑山千雪,【ハッピー・アイ・スクリーム】桑山千雪,アイスクリーム（シングル）
桑山千雪\【ハッピー・アイ・スクリーム】桑山千雪\アイスクリーム（シングル）.csv,8,2016013010040,千雪,嗯,桑山千雪,【ハッピー・アイ・スクリーム】桑山千雪,アイスクリーム（シングル）
桑山千雪\【ハッピー・アイ・スクリーム】桑山千雪\アイスクリーム（シングル）.csv,9,2016013010050,千雪,滴滴答答，噼哩噼哩，啪啦啪啦，沙沙……,桑山千雪,【ハッピー・アイ・スクリーム】桑山千雪,アイスクリーム（シングル）
桑山千雪\【ハッピー・アイ・スクリーム】桑山千雪\アイスクリーム（シングル）.csv,10,2016013010060,千雪,"……该怎么说呢
如果就着雨声牵针引线————",桑山千雪,【ハッピー・アイ・スクリーム】桑山千雪,アイスクリーム（シングル）
桑山千雪\【ハッピー・アイ・スクリーム】桑山千雪\アイスクリーム（シングル）.csv,11,2016013010070,千雪,"就会感觉，自己和窗外的世界
好像柔和地连接在一起一样",桑山千雪,【ハッピー・アイ・スクリーム】桑山千雪,アイスクリーム（シングル）
桑山千雪\【ハッピー・アイ・スクリーム】桑山千雪\アイスクリーム（シングル）.csv,13,2016013010080,千雪,"窗外的雨声，针和手指、触摸着的布料的质地……
那就是一切",桑山千雪,【ハッピー・アイ・スクリーム】桑山千雪,アイスクリーム（シングル）
桑山千雪\【ハッピー・アイ・スクリーム】桑山千雪\アイスクリーム（シングル）.csv,14,2016013010090,千雪,……就是那种感觉,桑山千雪,【ハッピー・アイ・スクリーム】桑山千雪,アイスクリーム（シングル）
桑山千雪\【ハッピー・アイ・スクリーム】桑山千雪\アイスクリーム（シングル）.csv,17,2016013010101,千雪＆プロデューサー,,桑山千雪,【ハッピー・アイ・スクリーム】桑山千雪,アイスクリーム（シングル）
桑山千雪\【ハッピー・アイ・スクリーム】桑山千雪\アイスクリーム（シングル）.csv,18,2016013010110,千雪,忽然下大了呢，雨……！,桑山千雪,【ハッピー・アイ・スクリーム】桑山千雪,アイスクリーム（シングル）
桑山千雪\【ハッピー・アイ・スクリーム】桑山千雪\アイスクリーム（シングル）.csv,21,2016013010111,千雪＆プロデューサー,————哈哈哈……！,桑山千雪,【ハッピー・アイ・スクリーム】桑山千雪,アイスクリーム（シングル）
桑山千雪\【ハッピー・アイ・スクリーム】桑山千雪\アイスクリーム（シングル）.csv,24,2016013010120,千雪,嗯……,桑山千雪,【ハッピー・アイ・スクリーム】桑山千雪,アイスクリーム（シングル）
桑山千雪\【ハッピー・アイ・スクリーム】桑山千雪\アイスクリーム（シングル）.csv,25,2016013010130,千雪,"因为现在的雨，要用言语来表达的话
就已经超越了“沙沙”……",桑山千雪,【ハッピー・アイ・スクリーム】桑山千雪,アイスクリーム（シングル）
桑山千雪\【ハッピー・アイ・スクリーム】桑山千雪\アイスクリーム（シングル）.csv,27,2016013010140,千雪,喳啦喳啦，啪嗒啪嗒……？,桑山千雪,【ハッピー・アイ・スクリーム】桑山千雪,アイスクリーム（シングル）
桑山千雪\【ハッピー・アイ・スクリーム】桑山千雪\アイスクリーム（シングル）.csv,29,2016013010141,千雪＆プロデューサー,嗒啦嗒啦……？,桑山千雪,【ハッピー・アイ・スクリーム】桑山千雪,アイスクリーム（シングル）
桑山千雪\【ハッピー・アイ・スクリーム】桑山千雪\アイスクリーム（シングル）.csv,31,2016013010150,千雪,"呵呵
Happy ice cream……！",桑山千雪,【ハッピー・アイ・スクリーム】桑山千雪,アイスクリーム（シングル）
桑山千雪\【ハッピー・アイ・スクリーム】桑山千雪\アイスクリーム（シングル）.csv,33,2016013010160,千雪,"您不知道吗？
说的话撞在一起的时候，就要这么说",桑山千雪,【ハッピー・アイ・スクリーム】桑山千雪,アイスクリーム（シングル）
桑山千雪\【ハッピー・アイ・スクリーム】桑山千雪\アイスクリーム（シングル）.csv,34,2016013010170,千雪,"如果自己抢先说出了""Happy ice cream""，
对方就必须请客吃冰淇淋",桑山千雪,【ハッピー・アイ・スクリーム】桑山千雪,アイスクリーム（シングル）
桑山千雪\【ハッピー・アイ・スクリーム】桑山千雪\アイスクリーム（シングル）.csv,36,2016013010180,千雪,"如果制作人先生抢先说出来了，
我就要跑去便利店……！",桑山千雪,【ハッピー・アイ・スクリーム】桑山千雪,アイスクリーム（シングル）
桑山千雪\【ハッピー・アイ・スクリーム】桑山千雪\アイスクリーム（シングル）.csv,38,2016013010190,千雪,"呵呵，制作人
想吃冰淇淋吗？",桑山千雪,【ハッピー・アイ・スクリーム】桑山千雪,アイスクリーム（シングル）
桑山千雪\【ハッピー・アイ・スクリーム】桑山千雪\アイスクリーム（シングル）.csv,40,2016013010200,千雪,如果是甘奈和甜花，说不定就能完全同时说出来,桑山千雪,【ハッピー・アイ・スクリーム】桑山千雪,アイスクリーム（シングル）
桑山千雪\【ハッピー・アイ・スクリーム】桑山千雪\アイスクリーム（シングル）.csv,42,2016013010210,千雪,确实……,桑山千雪,【ハッピー・アイ・スクリーム】桑山千雪,アイスクリーム（シングル）
桑山千雪\【ハッピー・アイ・スクリーム】桑山千雪\アイスクリーム（シングル）.csv,43,2016013010220,千雪,"就算不特意说出来
也能在正好的时机拿来酱油瓶递给对方，之类的……",桑山千雪,【ハッピー・アイ・スクリーム】桑山千雪,アイスクリーム（シングル）
桑山千雪\【ハッピー・アイ・スクリーム】桑山千雪\アイスクリーム（シングル）.csv,44,2016013010230,千雪,如果是那样的夫妻，肯定可以,桑山千雪,【ハッピー・アイ・スクリーム】桑山千雪,アイスクリーム（シングル）
桑山千雪\【ハッピー・アイ・スクリーム】桑山千雪\アイスクリーム（シングル）.csv,50,2016013010240,千雪,"嗯……
虽然现在的我还无法想象……",桑山千雪,【ハッピー・アイ・スクリーム】桑山千雪,アイスクリーム（シングル）
桑山千雪\【ハッピー・アイ・スクリーム】桑山千雪\アイスクリーム（シングル）.csv,51,2016013010250,千雪,"但是，如果和喜欢的人长久地待在一起，
说不定两人之间的界限就会变得暧昧起来……",桑山千雪,【ハッピー・アイ・スクリーム】桑山千雪,アイスクリーム（シングル）
桑山千雪\【ハッピー・アイ・スクリーム】桑山千雪\アイスクリーム（シングル）.csv,53,2016013010260,千雪,您真擅长比喻呢，制作人先生,桑山千雪,【ハッピー・アイ・スクリーム】桑山千雪,アイスクリーム（シングル）
桑山千雪\【ハッピー・アイ・スクリーム】桑山千雪\アイスクリーム（シングル）.csv,54,2016013010270,千雪,"……嗯
就是会很憧憬吧，那样的关系",桑山千雪,【ハッピー・アイ・スクリーム】桑山千雪,アイスクリーム（シングル）
桑山千雪\【ハッピー・アイ・スクリーム】桑山千雪\アイスクリーム（シングル）.csv,56,2016013010280,千雪,是呢,桑山千雪,【ハッピー・アイ・スクリーム】桑山千雪,アイスクリーム（シングル）
桑山千雪\【ハッピー・アイ・スクリーム】桑山千雪\アイスクリーム（シングル）.csv,57,2016013010290,千雪,"想要拿酱油瓶的想法
就算能通过视线和表情明白……",桑山千雪,【ハッピー・アイ・スクリーム】桑山千雪,アイスクリーム（シングル）
桑山千雪\【ハッピー・アイ・スクリーム】桑山千雪\アイスクリーム（シングル）.csv,58,2016013010300,千雪,"如果感觉到“味道太淡了啊——”的话，
我还是希望，对方能说出来啊……！",桑山千雪,【ハッピー・アイ・スクリーム】桑山千雪,アイスクリーム（シングル）
桑山千雪\【ハッピー・アイ・スクリーム】桑山千雪\アイスクリーム（シングル）.csv,61,2016013010310,千雪,"呵呵……
怎么了，忽然这么说",桑山千雪,【ハッピー・アイ・スクリーム】桑山千雪,アイスクリーム（シングル）
桑山千雪\【ハッピー・アイ・スクリーム】桑山千雪\アイスクリーム（シングル）.csv,62,2016013010320,千雪,……好了，给，已经缝好了哦,桑山千雪,【ハッピー・アイ・スクリーム】桑山千雪,アイスクリーム（シングル）
桑山千雪\【ハッピー・アイ・スクリーム】桑山千雪\アイスクリーム（シングル）.csv,65,2016013010330,千雪,嗯——……,桑山千雪,【ハッピー・アイ・スクリーム】桑山千雪,アイスクリーム（シングル）
桑山千雪\【ハッピー・アイ・スクリーム】桑山千雪\アイスクリーム（シングル）.csv,66,2016013010340,千雪,"制作人先生
就算是现在，也已经能充分做到那种事情了吧？",桑山千雪,【ハッピー・アイ・スクリーム】桑山千雪,アイスクリーム（シングル）
桑山千雪\【ハッピー・アイ・スクリーム】桑山千雪\アイスクリーム（シングル）.csv,67,2016013010350,千雪,"感到困扰的人、感到痛苦的人
就算什么也不说，您也能发觉他们的处境吧……？",桑山千雪,【ハッピー・アイ・スクリーム】桑山千雪,アイスクリーム（シングル）
桑山千雪\【ハッピー・アイ・スクリーム】桑山千雪\アイスクリーム（シングル）.csv,68,2016013010360,千雪,"肯定会很幸福的
和制作人先生一起度过长久岁月的那个人",桑山千雪,【ハッピー・アイ・スクリーム】桑山千雪,アイスクリーム（シングル）
桑山千雪\【ハッピー・アイ・スクリーム】桑山千雪\アイスクリーム（シングル）.csv,69,2016013010370,千雪,……呵呵,桑山千雪,【ハッピー・アイ・スクリーム】桑山千雪,アイスクリーム（シングル）
桑山千雪\【ハッピー・アイ・スクリーム】桑山千雪\アイスクリーム（ダブル）.csv,4,2016013110010,千雪,"谢谢大家
我很期待成品……！",桑山千雪,【ハッピー・アイ・スクリーム】桑山千雪,アイスクリーム（ダブル）
桑山千雪\【ハッピー・アイ・スクリーム】桑山千雪\アイスクリーム（ダブル）.csv,8,2016013110020,千雪,呵呵，同感,桑山千雪,【ハッピー・アイ・スクリーム】桑山千雪,アイスクリーム（ダブル）
桑山千雪\【ハッピー・アイ・スクリーム】桑山千雪\アイスクリーム（ダブル）.csv,9,2016013110021,千雪＆プロデューサー,冰淇淋……！,桑山千雪,【ハッピー・アイ・スクリーム】桑山千雪,アイスクリーム（ダブル）
桑山千雪\【ハッピー・アイ・スクリーム】桑山千雪\アイスクリーム（ダブル）.csv,10,2016013110022,千雪＆プロデューサー,哈哈，happy ice cream！,桑山千雪,【ハッピー・アイ・スクリーム】桑山千雪,アイスクリーム（ダブル）
桑山千雪\【ハッピー・アイ・スクリーム】桑山千雪\アイスクリーム（ダブル）.csv,12,2016013110030,千雪,我也是第一次和别人完全同时说出来,桑山千雪,【ハッピー・アイ・スクリーム】桑山千雪,アイスクリーム（ダブル）
桑山千雪\【ハッピー・アイ・スクリーム】桑山千雪\アイスクリーム（ダブル）.csv,13,2016013110040,千雪,您觉得怎么样比较好呢……？,桑山千雪,【ハッピー・アイ・スクリーム】桑山千雪,アイスクリーム（ダブル）
桑山千雪\【ハッピー・アイ・スクリーム】桑山千雪\アイスクリーム（ダブル）.csv,15,2016013110050,千雪,赞成……！,桑山千雪,【ハッピー・アイ・スクリーム】桑山千雪,アイスクリーム（ダブル）
桑山千雪\【ハッピー・アイ・スクリーム】桑山千雪\アイスクリーム（ダブル）.csv,16,2016013110060,千雪,"啊，是不是正好有一家？
本地的冰淇淋连锁店",桑山千雪,【ハッピー・アイ・スクリーム】桑山千雪,アイスクリーム（ダブル）
桑山千雪\【ハッピー・アイ・スクリーム】桑山千雪\アイスクリーム（ダブル）.csv,19,2016013110070,千雪,"呵呵，反正我们还都没开始吃，
您要不要用自己的勺子舀一口试试看？",桑山千雪,【ハッピー・アイ・スクリーム】桑山千雪,アイスクリーム（ダブル）
桑山千雪\【ハッピー・アイ・スクリーム】桑山千雪\アイスクリーム（ダブル）.csv,21,2016013110080,千雪,"当然了
作为交换……",桑山千雪,【ハッピー・アイ・スクリーム】桑山千雪,アイスクリーム（ダブル）
桑山千雪\【ハッピー・アイ・スクリーム】桑山千雪\アイスクリーム（ダブル）.csv,22,2016013110090,千雪,"您的黑糖冰淇淋，
可以也让我吃一口吗……？",桑山千雪,【ハッピー・アイ・スクリーム】桑山千雪,アイスクリーム（ダブル）
桑山千雪\【ハッピー・アイ・スクリーム】桑山千雪\アイスクリーム（ダブル）.csv,24,2016013110100,千雪,"哇，被制作人先生骄纵了……
如果太不小心，说不定会全部被吃掉的哦？",桑山千雪,【ハッピー・アイ・スクリーム】桑山千雪,アイスクリーム（ダブル）
桑山千雪\【ハッピー・アイ・スクリーム】桑山千雪\アイスクリーム（ダブル）.csv,26,2016013110110,千雪,"真是的……我是开玩笑的！
我会珍重地、仅仅收下一口的哦。……嘿",桑山千雪,【ハッピー・アイ・スクリーム】桑山千雪,アイスクリーム（ダブル）
桑山千雪\【ハッピー・アイ・スクリーム】桑山千雪\アイスクリーム（ダブル）.csv,28,2016013110120,千雪,呵呵，是呢,桑山千雪,【ハッピー・アイ・スクリーム】桑山千雪,アイスクリーム（ダブル）
桑山千雪\【ハッピー・アイ・スクリーム】桑山千雪\アイスクリーム（ダブル）.csv,29,2016013110130,千雪,"我，在还想要的时候停下来，
才会觉得最美味",桑山千雪,【ハッピー・アイ・スクリーム】桑山千雪,アイスクリーム（ダブル）
桑山千雪\【ハッピー・アイ・スクリーム】桑山千雪\アイスクリーム（ダブル）.csv,31,2016013110140,千雪,"如果吃掉两口三口，
就会想吃掉全部……",桑山千雪,【ハッピー・アイ・スクリーム】桑山千雪,アイスクリーム（ダブル）
桑山千雪\【ハッピー・アイ・スクリーム】桑山千雪\アイスクリーム（ダブル）.csv,32,2016013110150,千雪,"……总感觉这么一说，
就好像自己一点也不坦率一样了呢……！",桑山千雪,【ハッピー・アイ・スクリーム】桑山千雪,アイスクリーム（ダブル）
桑山千雪\【ハッピー・アイ・スクリーム】桑山千雪\アイスクリーム（ダブル）.csv,35,2016013110160,千雪,"……！
对不起，那件事……真的",桑山千雪,【ハッピー・アイ・スクリーム】桑山千雪,アイスクリーム（ダブル）
桑山千雪\【ハッピー・アイ・スクリーム】桑山千雪\アイスクリーム（ダブル）.csv,40,2016013110170,千雪,制作人先生……,桑山千雪,【ハッピー・アイ・スクリーム】桑山千雪,アイスクリーム（ダブル）
桑山千雪\【ハッピー・アイ・スクリーム】桑山千雪\アイスクリーム（ダブル）.csv,42,2016013110180,千雪,……如果是那样，就好了……,桑山千雪,【ハッピー・アイ・スクリーム】桑山千雪,アイスクリーム（ダブル）
桑山千雪\【ハッピー・アイ・スクリーム】桑山千雪\アイスクリーム（ダブル）.csv,46,2016013110190,千雪,"……！
那、那个……",桑山千雪,【ハッピー・アイ・スクリーム】桑山千雪,アイスクリーム（ダブル）
桑山千雪\【ハッピー・アイ・スクリーム】桑山千雪\アイスクリーム（ダブル）.csv,47,2016013110200,千雪,"谢谢……！
……那个，但是",桑山千雪,【ハッピー・アイ・スクリーム】桑山千雪,アイスクリーム（ダブル）
桑山千雪\【ハッピー・アイ・スクリーム】桑山千雪\アイスクリーム（ダブル）.csv,48,2016013110210,千雪,"但是，
就到此为止……！",桑山千雪,【ハッピー・アイ・スクリーム】桑山千雪,アイスクリーム（ダブル）
桑山千雪\【ハッピー・アイ・スクリーム】桑山千雪\アイスクリーム（ダブル）.csv,50,2016013110220,千雪,"那种话，
请就停在仅仅能浅尝到第一口滋味的地方",桑山千雪,【ハッピー・アイ・スクリーム】桑山千雪,アイスクリーム（ダブル）
桑山千雪\【ハッピー・アイ・スクリーム】桑山千雪\アイスクリーム（ダブル）.csv,52,2016013110230,千雪,"……因为，
我觉得那样最美味……",桑山千雪,【ハッピー・アイ・スクリーム】桑山千雪,アイスクリーム（ダブル）
桑山千雪\【ハッピー・アイ・スクリーム】桑山千雪\アイスクリーム（ダブル）.csv,53,2016013110240,千雪,因为，我一点也不坦率啊！,桑山千雪,【ハッピー・アイ・スクリーム】桑山千雪,アイスクリーム（ダブル）
桑山千雪\【ハッピー・アイ・スクリーム】桑山千雪\アイスクリーム（ダブル）.csv,55,2016013110250,千雪,……呵呵,桑山千雪,【ハッピー・アイ・スクリーム】桑山千雪,アイスクリーム（ダブル）
桑山千雪\【ハッピー・アイ・スクリーム】桑山千雪\テイク・オフ.csv,2,2016013030010,千雪,,桑山千雪,【ハッピー・アイ・スクリーム】桑山千雪,テイク・オフ
桑山千雪\【ハッピー・アイ・スクリーム】桑山千雪\テイク・オフ.csv,4,2016013030020,千雪,"嗯，是首很令人怀念的歌曲
我还是高中生的时候，也把它加进过歌单里",桑山千雪,【ハッピー・アイ・スクリーム】桑山千雪,テイク・オフ
桑山千雪\【ハッピー・アイ・スクリーム】桑山千雪\テイク・オフ.csv,5,2016013030030,千雪,"呵呵，那正好是旅行前一晚的事情
我打算把这些歌拿来在坐飞机的时候听",桑山千雪,【ハッピー・アイ・スクリーム】桑山千雪,テイク・オフ
桑山千雪\【ハッピー・アイ・スクリーム】桑山千雪\テイク・オフ.csv,6,2016013030040,千雪,……其中的一首就是这个,桑山千雪,【ハッピー・アイ・スクリーム】桑山千雪,テイク・オフ
桑山千雪\【ハッピー・アイ・スクリーム】桑山千雪\テイク・オフ.csv,8,2016013030050,千雪,"我记得，因为自己实在是太沉迷于列歌单了，
作为重点的旅行反而第一天有点困……",桑山千雪,【ハッピー・アイ・スクリーム】桑山千雪,テイク・オフ
桑山千雪\【ハッピー・アイ・スクリーム】桑山千雪\テイク・オフ.csv,11,2016013030060,千雪,真是不可思议吧,桑山千雪,【ハッピー・アイ・スクリーム】桑山千雪,テイク・オフ
桑山千雪\【ハッピー・アイ・スクリーム】桑山千雪\テイク・オフ.csv,12,2016013030070,千雪,"在大家都入睡的万籁俱寂的深夜悄悄地爬起来，
埋头做起某件事情，该怎么说呢，有一种——",桑山千雪,【ハッピー・アイ・スクリーム】桑山千雪,テイク・オフ
桑山千雪\【ハッピー・アイ・スクリーム】桑山千雪\テイク・オフ.csv,13,2016013030071,千雪＆プロデューサー,昂扬感？,桑山千雪,【ハッピー・アイ・スクリーム】桑山千雪,テイク・オフ
桑山千雪\【ハッピー・アイ・スクリーム】桑山千雪\テイク・オフ.csv,14,2016013030080,千雪,啊——,桑山千雪,【ハッピー・アイ・スクリーム】桑山千雪,テイク・オフ
桑山千雪\【ハッピー・アイ・スクリーム】桑山千雪\テイク・オフ.csv,16,2016013030090,千雪,"诶——，被您抢先了……！
我得去买冰淇淋才行呢……",桑山千雪,【ハッピー・アイ・スクリーム】桑山千雪,テイク・オフ
桑山千雪\【ハッピー・アイ・スクリーム】桑山千雪\テイク・オフ.csv,17,2016013030330,千雪,要去一趟吗？便利店,桑山千雪,【ハッピー・アイ・スクリーム】桑山千雪,テイク・オフ
桑山千雪\【ハッピー・アイ・スクリーム】桑山千雪\テイク・オフ.csv,20,2016013030100,千雪,"不行不行，happy ice cream是绝对的
我们走吧？",桑山千雪,【ハッピー・アイ・スクリーム】桑山千雪,テイク・オフ
桑山千雪\【ハッピー・アイ・スクリーム】桑山千雪\テイク・オフ.csv,25,2016013030110,千雪,"虽然很纠结，这个嘛……
我要葡萄干口味的",桑山千雪,【ハッピー・アイ・スクリーム】桑山千雪,テイク・オフ
桑山千雪\【ハッピー・アイ・スクリーム】桑山千雪\テイク・オフ.csv,26,2016013030120,千雪,啊，制作人先生……,桑山千雪,【ハッピー・アイ・スクリーム】桑山千雪,テイク・オフ
桑山千雪\【ハッピー・アイ・スクリーム】桑山千雪\テイク・オフ.csv,28,2016013030130,千雪,"嗯，这个月封面上的模特也非常棒……
我也得加油出外景才行……",桑山千雪,【ハッピー・アイ・スクリーム】桑山千雪,テイク・オフ
桑山千雪\【ハッピー・アイ・スクリーム】桑山千雪\テイク・オフ.csv,29,2016013030140,千雪,制作人先生，可以买一本吗？,桑山千雪,【ハッピー・アイ・スクリーム】桑山千雪,テイク・オフ
桑山千雪\【ハッピー・アイ・スクリーム】桑山千雪\テイク・オフ.csv,31,2016013030150,千雪,好的……！,桑山千雪,【ハッピー・アイ・スクリーム】桑山千雪,テイク・オフ
桑山千雪\【ハッピー・アイ・スクリーム】桑山千雪\テイク・オフ.csv,32,2016013030160,千雪,"就算只看封面，
居然有这么多种类的婚礼仪式……会让人很惊讶呢",桑山千雪,【ハッピー・アイ・スクリーム】桑山千雪,テイク・オフ
桑山千雪\【ハッピー・アイ・スクリーム】桑山千雪\テイク・オフ.csv,33,2016013030170,千雪,"婚礼场地和著名酒店……神社、教会……
租借空间，餐厅，还有……",桑山千雪,【ハッピー・アイ・スクリーム】桑山千雪,テイク・オフ
桑山千雪\【ハッピー・アイ・スクリーム】桑山千雪\テイク・オフ.csv,35,2016013030180,千雪,"呵呵，我懂的
我应该也会在最后的两个选项中间纠结很久吧……",桑山千雪,【ハッピー・アイ・スクリーム】桑山千雪,テイク・オフ
桑山千雪\【ハッピー・アイ・スクリーム】桑山千雪\テイク・オフ.csv,36,2016013030190,千雪,"制作人先生怎么样呢？
有没有什么吸引您注意力的东西……？",桑山千雪,【ハッピー・アイ・スクリーム】桑山千雪,テイク・オフ
桑山千雪\【ハッピー・アイ・スクリーム】桑山千雪\テイク・オフ.csv,41,2016013030200,千雪,啊，就是封面上的外景场地吧？,桑山千雪,【ハッピー・アイ・スクリーム】桑山千雪,テイク・オフ
桑山千雪\【ハッピー・アイ・スクリーム】桑山千雪\テイク・オフ.csv,43,2016013030210,千雪,很有冲击力对吧,桑山千雪,【ハッピー・アイ・スクリーム】桑山千雪,テイク・オフ
桑山千雪\【ハッピー・アイ・スクリーム】桑山千雪\テイク・オフ.csv,44,2016013030220,千雪,"模特的表情，
还有就像是在面向着大海献上誓言一般的氛围也很棒……",桑山千雪,【ハッピー・アイ・スクリーム】桑山千雪,テイク・オフ
桑山千雪\【ハッピー・アイ・スクリーム】桑山千雪\テイク・オフ.csv,47,2016013030230,千雪,"不会
我也非常心动……！",桑山千雪,【ハッピー・アイ・スクリーム】桑山千雪,テイク・オフ
桑山千雪\【ハッピー・アイ・スクリーム】桑山千雪\テイク・オフ.csv,48,2016013030240,千雪,"一起来好好对待这次的摄影吧，
制作人先生……！",桑山千雪,【ハッピー・アイ・スクリーム】桑山千雪,テイク・オフ
桑山千雪\【ハッピー・アイ・スクリーム】桑山千雪\テイク・オフ.csv,50,2016013030250,千雪,"真有制作人先生的风格呢
但是，总感觉我也能懂……",桑山千雪,【ハッピー・アイ・スクリーム】桑山千雪,テイク・オフ
桑山千雪\【ハッピー・アイ・スクリーム】桑山千雪\テイク・オフ.csv,51,2016013030260,千雪,"在从今以后就要和这个人一起走下去了，这样的节点
就是会想让重要的人们都一起见证嘛",桑山千雪,【ハッピー・アイ・スクリーム】桑山千雪,テイク・オフ
桑山千雪\【ハッピー・アイ・スクリーム】桑山千雪\テイク・オフ.csv,53,2016013030270,千雪,嗯……,桑山千雪,【ハッピー・アイ・スクリーム】桑山千雪,テイク・オフ
桑山千雪\【ハッピー・アイ・スクリーム】桑山千雪\テイク・オフ.csv,54,2016013030280,千雪,我觉得，如果制作人先生也能在场就好了……！,桑山千雪,【ハッピー・アイ・スクリーム】桑山千雪,テイク・オフ
桑山千雪\【ハッピー・アイ・スクリーム】桑山千雪\テイク・オフ.csv,57,2016013030290,千雪,……谢谢,桑山千雪,【ハッピー・アイ・スクリーム】桑山千雪,テイク・オフ
桑山千雪\【ハッピー・アイ・スクリーム】桑山千雪\テイク・オフ.csv,58,2016013030300,千雪,好的……！,桑山千雪,【ハッピー・アイ・スクリーム】桑山千雪,テイク・オフ
桑山千雪\【ハッピー・アイ・スクリーム】桑山千雪\テイク・オフ.csv,59,2016013030310,千雪,"为了能在各种方面，让制作人先生感到“真不错啊”……
我会加油的",桑山千雪,【ハッピー・アイ・スクリーム】桑山千雪,テイク・オフ
桑山千雪\【ハッピー・アイ・スクリーム】桑山千雪\テイク・オフ.csv,60,2016013030320,千雪,"……呵呵
鼓起干劲了呢……！",桑山千雪,【ハッピー・アイ・スクリーム】桑山千雪,テイク・オフ
桑山千雪\【ハッピー・アイ・スクリーム】桑山千雪\光射す方へ.csv,6,2016013040010,千雪,……哈，…………呼，…………,桑山千雪,【ハッピー・アイ・スクリーム】桑山千雪,光射す方へ
桑山千雪\【ハッピー・アイ・スクリーム】桑山千雪\光射す方へ.csv,11,2016013040020,千雪,…………啊、啊啾……,桑山千雪,【ハッピー・アイ・スクリーム】桑山千雪,光射す方へ
桑山千雪\【ハッピー・アイ・スクリーム】桑山千雪\光射す方へ.csv,13,2016013040030,千雪,"抱歉让您担心了……
我没事的",桑山千雪,【ハッピー・アイ・スクリーム】桑山千雪,光射す方へ
桑山千雪\【ハッピー・アイ・スクリーム】桑山千雪\光射す方へ.csv,14,2016013040040,千雪,"拍摄期间取得了非常充分的休息
也设置了加热器，所以……",桑山千雪,【ハッピー・アイ・スクリーム】桑山千雪,光射す方へ
桑山千雪\【ハッピー・アイ・スクリーム】桑山千雪\光射す方へ.csv,15,2016013040050,千雪,"比起那个，我更加担心
自己有没有成功地把世界观表现出来……",桑山千雪,【ハッピー・アイ・スクリーム】桑山千雪,光射す方へ
桑山千雪\【ハッピー・アイ・スクリーム】桑山千雪\光射す方へ.csv,18,2016013040060,千雪,哇……！真是惶恐……,桑山千雪,【ハッピー・アイ・スクリーム】桑山千雪,光射す方へ
桑山千雪\【ハッピー・アイ・スクリーム】桑山千雪\光射す方へ.csv,19,2016013040070,千雪,……那个，如果您能再多说一些不足的地方就好了……！,桑山千雪,【ハッピー・アイ・スクリーム】桑山千雪,光射す方へ
桑山千雪\【ハッピー・アイ・スクリーム】桑山千雪\光射す方へ.csv,22,2016013040080,千雪,……太好了,桑山千雪,【ハッピー・アイ・スクリーム】桑山千雪,光射す方へ
桑山千雪\【ハッピー・アイ・スクリーム】桑山千雪\光射す方へ.csv,23,2016013040090,千雪,"……这样的话，监督
其实，我有件想商量的事情——",桑山千雪,【ハッピー・アイ・スクリーム】桑山千雪,光射す方へ
桑山千雪\【ハッピー・アイ・スクリーム】桑山千雪\光射す方へ.csv,26,2016013040100,千雪,"没关系的，抱歉让您为我担心了
……我被表扬了，活动能力意外地高哦？",桑山千雪,【ハッピー・アイ・スクリーム】桑山千雪,光射す方へ
桑山千雪\【ハッピー・アイ・スクリーム】桑山千雪\光射す方へ.csv,29,2016013040110,千雪,是！,桑山千雪,【ハッピー・アイ・スクリーム】桑山千雪,光射す方へ
桑山千雪\【ハッピー・アイ・スクリーム】桑山千雪\光射す方へ.csv,32,2016013040120,千雪,"……那么
我去了哦，制作人先生",桑山千雪,【ハッピー・アイ・スクリーム】桑山千雪,光射す方へ
桑山千雪\【ハッピー・アイ・スクリーム】桑山千雪\光射す方へ.csv,38,2016013040130,千雪,"…………
哈…………呼……",桑山千雪,【ハッピー・アイ・スクリーム】桑山千雪,光射す方へ
桑山千雪\【ハッピー・アイ・スクリーム】桑山千雪\光射す方へ.csv,42,2016013040140,千雪,"对、对不起……！
那是，我拜托的………………",桑山千雪,【ハッピー・アイ・スクリーム】桑山千雪,光射す方へ
桑山千雪\【ハッピー・アイ・スクリーム】桑山千雪\光射す方へ.csv,46,2016013040150,千雪,"……刚才，我在水下睁开眼睛的时候想到了
啊啊，光原来是会从上面倾泻而下的啊……",桑山千雪,【ハッピー・アイ・スクリーム】桑山千雪,光射す方へ
桑山千雪\【ハッピー・アイ・スクリーム】桑山千雪\光射す方へ.csv,47,2016013040160,千雪,"虽然在地面上就会觉得那是理所当然的事情，
但如果是在看不见眼前景色的水下，该怎么说呢————",桑山千雪,【ハッピー・アイ・スクリーム】桑山千雪,光射す方へ
桑山千雪\【ハッピー・アイ・スクリーム】桑山千雪\光射す方へ.csv,48,2016013040170,千雪,"那让人感到非常感动，
好像是希望一般的景象",桑山千雪,【ハッピー・アイ・スクリーム】桑山千雪,光射す方へ
桑山千雪\【ハッピー・アイ・スクリーム】桑山千雪\光射す方へ.csv,50,2016013040180,千雪,"……虽然背对着水面的构图，看起来就像光芒缠绕在背后一样，
我也觉得非常美丽",桑山千雪,【ハッピー・アイ・スクリーム】桑山千雪,光射す方へ
桑山千雪\【ハッピー・アイ・スクリーム】桑山千雪\光射す方へ.csv,51,2016013040190,千雪,但是，该怎么说呢……,桑山千雪,【ハッピー・アイ・スクリーム】桑山千雪,光射す方へ
桑山千雪\【ハッピー・アイ・スクリーム】桑山千雪\光射す方へ.csv,52,2016013040200,千雪,"面向着光芒，伸出手去……
如果面朝上方拍下的照片会更符合监督的意图的话",桑山千雪,【ハッピー・アイ・スクリーム】桑山千雪,光射す方へ
桑山千雪\【ハッピー・アイ・スクリーム】桑山千雪\光射す方へ.csv,53,2016013040210,千雪,我务必想这么做做看……！,桑山千雪,【ハッピー・アイ・スクリーム】桑山千雪,光射す方へ
桑山千雪\【ハッピー・アイ・スクリーム】桑山千雪\光射す方へ.csv,55,2016013040220,千雪,"对不起，
甚至没和制作人先生商量一下……",桑山千雪,【ハッピー・アイ・スクリーム】桑山千雪,光射す方へ
桑山千雪\【ハッピー・アイ・スクリーム】桑山千雪\光射す方へ.csv,56,2016013040230,千雪,"但是，我无论如何都想做做看……
……都想向着“那个前方”，伸出手去",桑山千雪,【ハッピー・アイ・スクリーム】桑山千雪,光射す方へ
桑山千雪\【ハッピー・アイ・スクリーム】桑山千雪\光射す方へ.csv,60,2016013040240,千雪,"……制作人先生
……非常抱歉",桑山千雪,【ハッピー・アイ・スクリーム】桑山千雪,光射す方へ
桑山千雪\【ハッピー・アイ・スクリーム】桑山千雪\光射す方へ.csv,62,2016013040250,千雪,……,桑山千雪,【ハッピー・アイ・スクリーム】桑山千雪,光射す方へ
桑山千雪\【ハッピー・アイ・スクリーム】桑山千雪\光射す方へ.csv,65,2016013040260,千雪,"……！
那个……",桑山千雪,【ハッピー・アイ・スクリーム】桑山千雪,光射す方へ
桑山千雪\【ハッピー・アイ・スクリーム】桑山千雪\光射す方へ.csv,68,2016013040270,千雪,是……！,桑山千雪,【ハッピー・アイ・スクリーム】桑山千雪,光射す方へ
桑山千雪\【マイ・ピュア・ロマンス】桑山千雪\15 minutes＼two of us.csv,2,2016004040010,千雪,"哇……
真附近到了晚上就变得亮闪闪的了呢",桑山千雪,【マイ・ピュア・ロマンス】桑山千雪,15 minutes＼two of us
桑山千雪\【マイ・ピュア・ロマンス】桑山千雪\15 minutes＼two of us.csv,4,2016004040020,千雪,"啊……不，不会，哪里的……！
制作人先生，也是因为工作在身",桑山千雪,【マイ・ピュア・ロマンス】桑山千雪,15 minutes＼two of us
桑山千雪\【マイ・ピュア・ロマンス】桑山千雪\15 minutes＼two of us.csv,5,2016004040030,千雪,"……不过，我今天
演技发挥到了自认为还不错的水平",桑山千雪,【マイ・ピュア・ロマンス】桑山千雪,15 minutes＼two of us
桑山千雪\【マイ・ピュア・ロマンス】桑山千雪\15 minutes＼two of us.csv,6,2016004040040,千雪,"和之前比，制作人先生来帮忙之后
我的演技水平也在不断提升呢",桑山千雪,【マイ・ピュア・ロマンス】桑山千雪,15 minutes＼two of us
桑山千雪\【マイ・ピュア・ロマンス】桑山千雪\15 minutes＼two of us.csv,7,2016004040050,千雪,"所以，再次……
这次也非常感谢您了，制作人先生",桑山千雪,【マイ・ピュア・ロマンス】桑山千雪,15 minutes＼two of us
桑山千雪\【マイ・ピュア・ロマンス】桑山千雪\15 minutes＼two of us.csv,10,2016004040060,千雪,哼哼……嗯♪,桑山千雪,【マイ・ピュア・ロマンス】桑山千雪,15 minutes＼two of us
桑山千雪\【マイ・ピュア・ロマンス】桑山千雪\15 minutes＼two of us.csv,11,2016004040070,千雪,…………,桑山千雪,【マイ・ピュア・ロマンス】桑山千雪,15 minutes＼two of us
桑山千雪\【マイ・ピュア・ロマンス】桑山千雪\15 minutes＼two of us.csv,13,2016004040080,千雪,"……噢，抱歉
稍稍发呆了下……！",桑山千雪,【マイ・ピュア・ロマンス】桑山千雪,15 minutes＼two of us
桑山千雪\【マイ・ピュア・ロマンス】桑山千雪\15 minutes＼two of us.csv,15,2016004040090,千雪,"啊，呃……
…………是的",桑山千雪,【マイ・ピュア・ロマンス】桑山千雪,15 minutes＼two of us
桑山千雪\【マイ・ピュア・ロマンス】桑山千雪\15 minutes＼two of us.csv,16,2016004040100,千雪,"今天拍摄的时候
一直都能远远地看到那个摩天轮",桑山千雪,【マイ・ピュア・ロマンス】桑山千雪,15 minutes＼two of us
桑山千雪\【マイ・ピュア・ロマンス】桑山千雪\15 minutes＼two of us.csv,17,2016004040110,千雪,"虽然没坐上去
但剧情中，有在摩天轮的对话场景",桑山千雪,【マイ・ピュア・ロマンス】桑山千雪,15 minutes＼two of us
桑山千雪\【マイ・ピュア・ロマンス】桑山千雪\15 minutes＼two of us.csv,18,2016004040120,千雪,那部分的台词课真棒──,桑山千雪,【マイ・ピュア・ロマンス】桑山千雪,15 minutes＼two of us
桑山千雪\【マイ・ピュア・ロマンス】桑山千雪\15 minutes＼two of us.csv,20,2016004040130,千雪,啊，但是──,桑山千雪,【マイ・ピュア・ロマンス】桑山千雪,15 minutes＼two of us
桑山千雪\【マイ・ピュア・ロマンス】桑山千雪\15 minutes＼two of us.csv,21,2016004040140,千雪,下……雨了……,桑山千雪,【マイ・ピュア・ロマンス】桑山千雪,15 minutes＼two of us
桑山千雪\【マイ・ピュア・ロマンス】桑山千雪\15 minutes＼two of us.csv,23,2016004040150,千雪,…………,桑山千雪,【マイ・ピュア・ロマンス】桑山千雪,15 minutes＼two of us
桑山千雪\【マイ・ピュア・ロマンス】桑山千雪\15 minutes＼two of us.csv,24,2016004040160,千雪,"那么……在摩天轮
避雨下吧……",桑山千雪,【マイ・ピュア・ロマンス】桑山千雪,15 minutes＼two of us
桑山千雪\【マイ・ピュア・ロマンス】桑山千雪\15 minutes＼two of us.csv,26,2016004040170,千雪,"……好耶
谢谢你，制作人先生",桑山千雪,【マイ・ピュア・ロマンス】桑山千雪,15 minutes＼two of us
桑山千雪\【マイ・ピュア・ロマンス】桑山千雪\15 minutes＼two of us.csv,27,2016004040180,千雪,"……啊，呃
比想象的，还要狭窄呢……",桑山千雪,【マイ・ピュア・ロマンス】桑山千雪,15 minutes＼two of us
桑山千雪\【マイ・ピュア・ロマンス】桑山千雪\15 minutes＼two of us.csv,29,2016004040190,千雪,没，没什么……！,桑山千雪,【マイ・ピュア・ロマンス】桑山千雪,15 minutes＼two of us
桑山千雪\【マイ・ピュア・ロマンス】桑山千雪\15 minutes＼two of us.csv,30,2016004040200,千雪,…………,桑山千雪,【マイ・ピュア・ロマンス】桑山千雪,15 minutes＼two of us
桑山千雪\【マイ・ピュア・ロマンス】桑山千雪\15 minutes＼two of us.csv,31,2016004040210,千雪,"……虽然是，下着雨……
景色，真漂亮啊……",桑山千雪,【マイ・ピュア・ロマンス】桑山千雪,15 minutes＼two of us
桑山千雪\【マイ・ピュア・ロマンス】桑山千雪\15 minutes＼two of us.csv,33,2016004040220,千雪＆プロデューサー,…………,桑山千雪,【マイ・ピュア・ロマンス】桑山千雪,15 minutes＼two of us
桑山千雪\【マイ・ピュア・ロマンス】桑山千雪\15 minutes＼two of us.csv,34,2016004040230,千雪,……制作人先生,桑山千雪,【マイ・ピュア・ロマンス】桑山千雪,15 minutes＼two of us
桑山千雪\【マイ・ピュア・ロマンス】桑山千雪\15 minutes＼two of us.csv,35,2016004040240,千雪,"人们，为什么会坐摩天轮呢……
这种事情，有想过吗？",桑山千雪,【マイ・ピュア・ロマンス】桑山千雪,15 minutes＼two of us
桑山千雪\【マイ・ピュア・ロマンス】桑山千雪\15 minutes＼two of us.csv,37,2016004040250,千雪,"──为了和最重要的人……将这时间、景色
都一同占据二人共同享受着，我是这么觉得的",桑山千雪,【マイ・ピュア・ロマンス】桑山千雪,15 minutes＼two of us
桑山千雪\【マイ・ピュア・ロマンス】桑山千雪\15 minutes＼two of us.csv,39,2016004040260,千雪,"……没，没什么……！
刚刚那是拍摄时候，剧里面的台词",桑山千雪,【マイ・ピュア・ロマンス】桑山千雪,15 minutes＼two of us
桑山千雪\【マイ・ピュア・ロマンス】桑山千雪\15 minutes＼two of us.csv,41,2016004040270,千雪,……不，不好意思,桑山千雪,【マイ・ピュア・ロマンス】桑山千雪,15 minutes＼two of us
桑山千雪\【マイ・ピュア・ロマンス】桑山千雪\15 minutes＼two of us.csv,42,2016004040280,千雪＆プロデューサー,…………,桑山千雪,【マイ・ピュア・ロマンス】桑山千雪,15 minutes＼two of us
桑山千雪\【マイ・ピュア・ロマンス】桑山千雪\15 minutes＼two of us.csv,43,2016004040290,千雪,"…………那个
我，我……",桑山千雪,【マイ・ピュア・ロマンス】桑山千雪,15 minutes＼two of us
桑山千雪\【マイ・ピュア・ロマンス】桑山千雪\15 minutes＼two of us.csv,44,2016004040300,千雪,……现在，……很开心哦,桑山千雪,【マイ・ピュア・ロマンス】桑山千雪,15 minutes＼two of us
桑山千雪\【マイ・ピュア・ロマンス】桑山千雪\15 minutes＼two of us.csv,45,2016004040310,千雪,"……想必，人的一生，虽然有着通向各种各样可能性的道路
但在那之中所能选择的道路，所能经历的事情是有限的",桑山千雪,【マイ・ピュア・ロマンス】桑山千雪,15 minutes＼two of us
桑山千雪\【マイ・ピュア・ロマンス】桑山千雪\15 minutes＼two of us.csv,46,2016004040320,千雪,"即便如此，我也想……
朝着最能感受到快乐的道路前进",桑山千雪,【マイ・ピュア・ロマンス】桑山千雪,15 minutes＼two of us
桑山千雪\【マイ・ピュア・ロマンス】桑山千雪\15 minutes＼two of us.csv,48,2016004040330,千雪,"所以，也就是说……究竟想说什么呢，就连我自己
也不是很清楚呢……",桑山千雪,【マイ・ピュア・ロマンス】桑山千雪,15 minutes＼two of us
桑山千雪\【マイ・ピュア・ロマンス】桑山千雪\15 minutes＼two of us.csv,49,2016004040340,千雪,"……第一次做到的事、不太习惯的演戏
甚至阴郁的雨天",桑山千雪,【マイ・ピュア・ロマンス】桑山千雪,15 minutes＼two of us
桑山千雪\【マイ・ピュア・ロマンス】桑山千雪\15 minutes＼two of us.csv,50,2016004040350,千雪,"都是和制作人先生一并经历过来……那样的
──现在",桑山千雪,【マイ・ピュア・ロマンス】桑山千雪,15 minutes＼two of us
桑山千雪\【マイ・ピュア・ロマンス】桑山千雪\15 minutes＼two of us.csv,51,2016004040360,千雪,"真的是，非常
……非常地开心",桑山千雪,【マイ・ピュア・ロマンス】桑山千雪,15 minutes＼two of us
桑山千雪\【マイ・ピュア・ロマンス】桑山千雪\15 minutes＼two of us.csv,53,2016004040370,千雪,"……唔……啊啊……抱歉……！
又，说了些……奇怪的话……",桑山千雪,【マイ・ピュア・ロマンス】桑山千雪,15 minutes＼two of us
桑山千雪\【マイ・ピュア・ロマンス】桑山千雪\15 minutes＼two of us.csv,54,2016004040380,千雪,"总觉得，今天我，不太在状态的样子……
──忘，忘掉吧……",桑山千雪,【マイ・ピュア・ロマンス】桑山千雪,15 minutes＼two of us
桑山千雪\【マイ・ピュア・ロマンス】桑山千雪\15 minutes＼two of us.csv,58,2016004040390,千雪,"制作人先生……
……好的……！",桑山千雪,【マイ・ピュア・ロマンス】桑山千雪,15 minutes＼two of us
桑山千雪\【マイ・ピュア・ロマンス】桑山千雪\そっと きっと…….csv,3,2016004110010,千雪,"嗯，是手镯
我想和这次的服装还挺搭配的",桑山千雪,【マイ・ピュア・ロマンス】桑山千雪,そっと きっと……
桑山千雪\【マイ・ピュア・ロマンス】桑山千雪\そっと きっと…….csv,5,2016004110020,千雪,"……啊，这个是
甘奈和甜花的",桑山千雪,【マイ・ピュア・ロマンス】桑山千雪,そっと きっと……
桑山千雪\【マイ・ピュア・ロマンス】桑山千雪\そっと きっと…….csv,6,2016004110030,千雪,"之前，给自己用的试做品被她们看到后
看起来也很喜欢的样子",桑山千雪,【マイ・ピュア・ロマンス】桑山千雪,そっと きっと……
桑山千雪\【マイ・ピュア・ロマンス】桑山千雪\そっと きっと…….csv,8,2016004110040,千雪,"哼哼
真是这样的话，太高兴不过了",桑山千雪,【マイ・ピュア・ロマンス】桑山千雪,そっと きっと……
桑山千雪\【マイ・ピュア・ロマンス】桑山千雪\そっと きっと…….csv,11,2016004110050,千雪,欸，是的吗？,桑山千雪,【マイ・ピュア・ロマンス】桑山千雪,そっと きっと……
桑山千雪\【マイ・ピュア・ロマンス】桑山千雪\そっと きっと…….csv,12,2016004110060,千雪,"不过……确实，最近在事务所
感觉是没怎么做了",桑山千雪,【マイ・ピュア・ロマンス】桑山千雪,そっと きっと……
桑山千雪\【マイ・ピュア・ロマンス】桑山千雪\そっと きっと…….csv,15,2016004110070,千雪,"不会，这种事情……
多谢关心了",桑山千雪,【マイ・ピュア・ロマンス】桑山千雪,そっと きっと……
桑山千雪\【マイ・ピュア・ロマンス】桑山千雪\そっと きっと…….csv,16,2016004110080,千雪,"不过，确实呢……要是再身体垮了
带来了一些麻烦可就不好了呢",桑山千雪,【マイ・ピュア・ロマンス】桑山千雪,そっと きっと……
桑山千雪\【マイ・ピュア・ロマンス】桑山千雪\そっと きっと…….csv,19,2016004110090,千雪,制作人先生……,桑山千雪,【マイ・ピュア・ロマンス】桑山千雪,そっと きっと……
桑山千雪\【マイ・ピュア・ロマンス】桑山千雪\そっと きっと…….csv,23,2016004110100,千雪,"──啊……
呃，呃……",桑山千雪,【マイ・ピュア・ロマンス】桑山千雪,そっと きっと……
桑山千雪\【マイ・ピュア・ロマンス】桑山千雪\そっと きっと…….csv,24,2016004110110,千雪,"这之前说的那些话……
谢谢你还记得",桑山千雪,【マイ・ピュア・ロマンス】桑山千雪,そっと きっと……
桑山千雪\【マイ・ピュア・ロマンス】桑山千雪\そっと きっと…….csv,27,2016004110120,千雪,"哇……
我……我很高兴",桑山千雪,【マイ・ピュア・ロマンス】桑山千雪,そっと きっと……
桑山千雪\【マイ・ピュア・ロマンス】桑山千雪\そっと きっと…….csv,28,2016004110130,千雪,"…………
当然了──",桑山千雪,【マイ・ピュア・ロマンス】桑山千雪,そっと きっと……
桑山千雪\【マイ・ピュア・ロマンス】桑山千雪\そっと きっと…….csv,29,2016004110140,千雪,"虽然说也不太可能
事事如意，哪都是顺顺利利的",桑山千雪,【マイ・ピュア・ロマンス】桑山千雪,そっと きっと……
桑山千雪\【マイ・ピュア・ロマンス】桑山千雪\そっと きっと…….csv,30,2016004110150,千雪,"我没有在勉强自己
我只是在如自己喜欢的样去做着喜欢的事情……",桑山千雪,【マイ・ピュア・ロマンス】桑山千雪,そっと きっと……
桑山千雪\【マイ・ピュア・ロマンス】桑山千雪\そっと きっと…….csv,32,2016004110160,千雪,"所以……
我还是很有干劲的没问题的！",桑山千雪,【マイ・ピュア・ロマンス】桑山千雪,そっと きっと……
桑山千雪\【マイ・ピュア・ロマンス】桑山千雪\そっと きっと…….csv,33,2016004110170,千雪,…………这样的回复，怎么样呢……？,桑山千雪,【マイ・ピュア・ロマンス】桑山千雪,そっと きっと……
桑山千雪\【マイ・ピュア・ロマンス】桑山千雪\そっと きっと…….csv,36,2016004110180,千雪,不，不会的……！　我不会忘记的哟,桑山千雪,【マイ・ピュア・ロマンス】桑山千雪,そっと きっと……
桑山千雪\【マイ・ピュア・ロマンス】桑山千雪\そっと きっと…….csv,37,2016004110190,千雪,"制作人先生……
有在认真考虑着我的事情呢",桑山千雪,【マイ・ピュア・ロマンス】桑山千雪,そっと きっと……
桑山千雪\【マイ・ピュア・ロマンス】桑山千雪\そっと きっと…….csv,39,2016004110200,千雪,哼哼……！,桑山千雪,【マイ・ピュア・ロマンス】桑山千雪,そっと きっと……
桑山千雪\【マイ・ピュア・ロマンス】桑山千雪\そっと きっと…….csv,40,2016004110210,千雪,"…………
─好了，完成了",桑山千雪,【マイ・ピュア・ロマンス】桑山千雪,そっと きっと……
桑山千雪\【マイ・ピュア・ロマンス】桑山千雪\そっと きっと…….csv,41,2016004110220,千雪,……那个，制作人,桑山千雪,【マイ・ピュア・ロマンス】桑山千雪,そっと きっと……
桑山千雪\【マイ・ピュア・ロマンス】桑山千雪\そっと きっと…….csv,43,2016004110230,千雪,哼哼，很可爱吧？,桑山千雪,【マイ・ピュア・ロマンス】桑山千雪,そっと きっと……
桑山千雪\【マイ・ピュア・ロマンス】桑山千雪\そっと きっと…….csv,45,2016004110240,千雪,那肯定的啦……！,桑山千雪,【マイ・ピュア・ロマンス】桑山千雪,そっと きっと……
桑山千雪\【マイ・ピュア・ロマンス】桑山千雪\そっと きっと…….csv,46,2016004110250,千雪,"制作人先生毕竟是我的……
是我们的制作人嘛",桑山千雪,【マイ・ピュア・ロマンス】桑山千雪,そっと きっと……
桑山千雪\【マイ・ピュア・ロマンス】桑山千雪\そっと きっと…….csv,48,2016004110260,千雪,"……嗯
一定要，好好保管着哦",桑山千雪,【マイ・ピュア・ロマンス】桑山千雪,そっと きっと……
桑山千雪\【マイ・ピュア・ロマンス】桑山千雪\たとえば花の名前を知るように.csv,2,2016004020010,千雪,制作人先生，来了好多呢……！,桑山千雪,【マイ・ピュア・ロマンス】桑山千雪,たとえば花の名前を知るように
桑山千雪\【マイ・ピュア・ロマンス】桑山千雪\たとえば花の名前を知るように.csv,4,2016004020020,千雪,──交给我吧！,桑山千雪,【マイ・ピュア・ロマンス】桑山千雪,たとえば花の名前を知るように
桑山千雪\【マイ・ピュア・ロマンス】桑山千雪\たとえば花の名前を知るように.csv,5,2016004020030,千雪,"快看，制作人先生
通关了呢！",桑山千雪,【マイ・ピュア・ロマンス】桑山千雪,たとえば花の名前を知るように
桑山千雪\【マイ・ピュア・ロマンス】桑山千雪\たとえば花の名前を知るように.csv,7,2016004020040,千雪,不会不会，毕竟是协同作战……！,桑山千雪,【マイ・ピュア・ロマンス】桑山千雪,たとえば花の名前を知るように
桑山千雪\【マイ・ピュア・ロマンス】桑山千雪\たとえば花の名前を知るように.csv,9,2016004020050,千雪,欸？,桑山千雪,【マイ・ピュア・ロマンス】桑山千雪,たとえば花の名前を知るように
桑山千雪\【マイ・ピュア・ロマンス】桑山千雪\たとえば花の名前を知るように.csv,11,2016004020060,千雪,"……之前，因为工作原因来这个游戏厅的时候
甜花教了我一些",桑山千雪,【マイ・ピュア・ロマンス】桑山千雪,たとえば花の名前を知るように
桑山千雪\【マイ・ピュア・ロマンス】桑山千雪\たとえば花の名前を知るように.csv,12,2016004020070,千雪,"这个，因为玩起来很有趣……
自己一个人就稍稍练习了下",桑山千雪,【マイ・ピュア・ロマンス】桑山千雪,たとえば花の名前を知るように
桑山千雪\【マイ・ピュア・ロマンス】桑山千雪\たとえば花の名前を知るように.csv,14,2016004020080,千雪,哼哼，这种事……,桑山千雪,【マイ・ピュア・ロマンス】桑山千雪,たとえば花の名前を知るように
桑山千雪\【マイ・ピュア・ロマンス】桑山千雪\たとえば花の名前を知るように.csv,15,2016004020090,千雪,"……我一开始也是不怎么行
但抓住了窍门的话意外地可以呢",桑山千雪,【マイ・ピュア・ロマンス】桑山千雪,たとえば花の名前を知るように
桑山千雪\【マイ・ピュア・ロマンス】桑山千雪\たとえば花の名前を知るように.csv,17,2016004020100,千雪,欸……比如说──,桑山千雪,【マイ・ピュア・ロマンス】桑山千雪,たとえば花の名前を知るように
桑山千雪\【マイ・ピュア・ロマンス】桑山千雪\たとえば花の名前を知るように.csv,18,2016004020110,千雪,收紧双臂，双眼瞄准对象,桑山千雪,【マイ・ピュア・ロマンス】桑山千雪,たとえば花の名前を知るように
桑山千雪\【マイ・ピュア・ロマンス】桑山千雪\たとえば花の名前を知るように.csv,20,2016004020120,千雪,对对，就是这样！,桑山千雪,【マイ・ピュア・ロマンス】桑山千雪,たとえば花の名前を知るように
桑山千雪\【マイ・ピュア・ロマンス】桑山千雪\たとえば花の名前を知るように.csv,21,2016004020130,千雪,接着枪稳住后……嘣！,桑山千雪,【マイ・ピュア・ロマンス】桑山千雪,たとえば花の名前を知るように
桑山千雪\【マイ・ピュア・ロマンス】桑山千雪\たとえば花の名前を知るように.csv,23,2016004020140,千雪,换弹也别忘了,桑山千雪,【マイ・ピュア・ロマンス】桑山千雪,たとえば花の名前を知るように
桑山千雪\【マイ・ピュア・ロマンス】桑山千雪\たとえば花の名前を知るように.csv,25,2016004020150,千雪,"哼哼
全部都是甜花老师那现学现卖的",桑山千雪,【マイ・ピュア・ロマンス】桑山千雪,たとえば花の名前を知るように
桑山千雪\【マイ・ピュア・ロマンス】桑山千雪\たとえば花の名前を知るように.csv,27,2016004020160,千雪,"就是这气势
那么我们开始下一关吧♪",桑山千雪,【マイ・ピュア・ロマンス】桑山千雪,たとえば花の名前を知るように
桑山千雪\【マイ・ピュア・ロマンス】桑山千雪\たとえば花の名前を知るように.csv,28,2016004020170,千雪,"哈啊……
真有趣啊～……！",桑山千雪,【マイ・ピュア・ロマンス】桑山千雪,たとえば花の名前を知るように
桑山千雪\【マイ・ピュア・ロマンス】桑山千雪\たとえば花の名前を知るように.csv,29,2016004020180,千雪,"制作人先生，还是在工作完回家的时候
突然邀请你过来玩……真不好意思呢",桑山千雪,【マイ・ピュア・ロマンス】桑山千雪,たとえば花の名前を知るように
桑山千雪\【マイ・ピュア・ロマンス】桑山千雪\たとえば花の名前を知るように.csv,30,2016004020190,千雪,"……但是
非常感谢来陪我",桑山千雪,【マイ・ピュア・ロマンス】桑山千雪,たとえば花の名前を知るように
桑山千雪\【マイ・ピュア・ロマンス】桑山千雪\たとえば花の名前を知るように.csv,35,2016004020200,千雪,……啊，那个……,桑山千雪,【マイ・ピュア・ロマンス】桑山千雪,たとえば花の名前を知るように
桑山千雪\【マイ・ピュア・ロマンス】桑山千雪\たとえば花の名前を知るように.csv,36,2016004020210,千雪,"该不会是
我一个人在那玩的开心吧……？",桑山千雪,【マイ・ピュア・ロマンス】桑山千雪,たとえば花の名前を知るように
桑山千雪\【マイ・ピュア・ロマンス】桑山千雪\たとえば花の名前を知るように.csv,38,2016004020220,千雪,"这，这样吗……？
这样的话，那真是太好了……！",桑山千雪,【マイ・ピュア・ロマンス】桑山千雪,たとえば花の名前を知るように
桑山千雪\【マイ・ピュア・ロマンス】桑山千雪\たとえば花の名前を知るように.csv,40,2016004020230,千雪,"嗯……！ ……那个，今天，我
玩的很开心……然后……",桑山千雪,【マイ・ピュア・ロマンス】桑山千雪,たとえば花の名前を知るように
桑山千雪\【マイ・ピュア・ロマンス】桑山千雪\たとえば花の名前を知るように.csv,41,2016004020240,千雪,"下次有这样“偶尔”下的机会话……
再一起来玩怎么样呢……？",桑山千雪,【マイ・ピュア・ロマンス】桑山千雪,たとえば花の名前を知るように
桑山千雪\【マイ・ピュア・ロマンス】桑山千雪\たとえば花の名前を知るように.csv,43,2016004020250,千雪,"……太感谢了
……哼哼，约定好了哟",桑山千雪,【マイ・ピュア・ロマンス】桑山千雪,たとえば花の名前を知るように
桑山千雪\【マイ・ピュア・ロマンス】桑山千雪\たとえば花の名前を知るように.csv,45,2016004020260,千雪,这样子吗？,桑山千雪,【マイ・ピュア・ロマンス】桑山千雪,たとえば花の名前を知るように
桑山千雪\【マイ・ピュア・ロマンス】桑山千雪\たとえば花の名前を知るように.csv,47,2016004020270,千雪,"……！
这样……",桑山千雪,【マイ・ピュア・ロマンス】桑山千雪,たとえば花の名前を知るように
桑山千雪\【マイ・ピュア・ロマンス】桑山千雪\たとえば花の名前を知るように.csv,48,2016004020280,千雪,"那么，我之后也要挑战更多
各种各样的事情了呢……！",桑山千雪,【マイ・ピュア・ロマンス】桑山千雪,たとえば花の名前を知るように
桑山千雪\【マイ・ピュア・ロマンス】桑山千雪\たとえば花の名前を知るように.csv,49,2016004020290,千雪,"射击游戏之后是……
目标成为夹娃娃大师！ 怎么样呢？",桑山千雪,【マイ・ピュア・ロマンス】桑山千雪,たとえば花の名前を知るように
桑山千雪\【マイ・ピュア・ロマンス】桑山千雪\たとえば花の名前を知るように.csv,51,2016004020300,千雪,"嗯
那肯定的……！",桑山千雪,【マイ・ピュア・ロマンス】桑山千雪,たとえば花の名前を知るように
桑山千雪\【マイ・ピュア・ロマンス】桑山千雪\たとえば花の名前を知るように.csv,52,2016004020310,千雪,哇……真的吗,桑山千雪,【マイ・ピュア・ロマンス】桑山千雪,たとえば花の名前を知るように
桑山千雪\【マイ・ピュア・ロマンス】桑山千雪\たとえば花の名前を知るように.csv,53,2016004020320,千雪,"和甜花一起玩的时候
我也觉得，甜花真的非常可靠呢",桑山千雪,【マイ・ピュア・ロマンス】桑山千雪,たとえば花の名前を知るように
桑山千雪\【マイ・ピュア・ロマンス】桑山千雪\たとえば花の名前を知るように.csv,54,2016004020330,千雪,"所以……很高兴甜花所教给我的
看起来都有好好做到",桑山千雪,【マイ・ピュア・ロマンス】桑山千雪,たとえば花の名前を知るように
桑山千雪\【マイ・ピュア・ロマンス】桑山千雪\たとえば花の名前を知るように.csv,57,2016004020340,千雪,真是的……,桑山千雪,【マイ・ピュア・ロマンス】桑山千雪,たとえば花の名前を知るように
桑山千雪\【マイ・ピュア・ロマンス】桑山千雪\たとえば花の名前を知るように.csv,58,2016004020350,千雪,"制作人先生……
哼哼……！",桑山千雪,【マイ・ピュア・ロマンス】桑山千雪,たとえば花の名前を知るように
桑山千雪\【マイ・ピュア・ロマンス】桑山千雪\ロマンチック・ジャーニー.csv,2,2016004030010,千雪,"“──如此，漂亮的……
…………真开心……”",桑山千雪,【マイ・ピュア・ロマンス】桑山千雪,ロマンチック・ジャーニー
桑山千雪\【マイ・ピュア・ロマンス】桑山千雪\ロマンチック・ジャーニー.csv,3,2016004030020,千雪,…………唉……,桑山千雪,【マイ・ピュア・ロマンス】桑山千雪,ロマンチック・ジャーニー
桑山千雪\【マイ・ピュア・ロマンス】桑山千雪\ロマンチック・ジャーニー.csv,5,2016004030030,千雪,"……啊，制作人先生……！
您也辛苦了",桑山千雪,【マイ・ピュア・ロマンス】桑山千雪,ロマンチック・ジャーニー
桑山千雪\【マイ・ピュア・ロマンス】桑山千雪\ロマンチック・ジャーニー.csv,7,2016004030040,千雪,"不会……！
自己也有点，进展不下去的感觉……",桑山千雪,【マイ・ピュア・ロマンス】桑山千雪,ロマンチック・ジャーニー
桑山千雪\【マイ・ピュア・ロマンス】桑山千雪\ロマンチック・ジャーニー.csv,10,2016004030050,千雪,"欸，这……
收下了真的可以吗？",桑山千雪,【マイ・ピュア・ロマンス】桑山千雪,ロマンチック・ジャーニー
桑山千雪\【マイ・ピュア・ロマンス】桑山千雪\ロマンチック・ジャーニー.csv,12,2016004030060,千雪,"那么……这个三明治和水
我就收下了",桑山千雪,【マイ・ピュア・ロマンス】桑山千雪,ロマンチック・ジャーニー
桑山千雪\【マイ・ピュア・ロマンス】桑山千雪\ロマンチック・ジャーニー.csv,15,2016004030070,千雪,哇……真是令人怀念啊～……！,桑山千雪,【マイ・ピュア・ロマンス】桑山千雪,ロマンチック・ジャーニー
桑山千雪\【マイ・ピュア・ロマンス】桑山千雪\ロマンチック・ジャーニー.csv,17,2016004030080,千雪,哼哼……因为女孩们大家都很喜欢的,桑山千雪,【マイ・ピュア・ロマンス】桑山千雪,ロマンチック・ジャーニー
桑山千雪\【マイ・ピュア・ロマンス】桑山千雪\ロマンチック・ジャーニー.csv,19,2016004030090,千雪,"欸，真的可以吗……？
那，那么……承蒙你的好意了",桑山千雪,【マイ・ピュア・ロマンス】桑山千雪,ロマンチック・ジャーニー
桑山千雪\【マイ・ピュア・ロマンス】桑山千雪\ロマンチック・ジャーニー.csv,20,2016004030100,千雪,──啊，这个……,桑山千雪,【マイ・ピュア・ロマンス】桑山千雪,ロマンチック・ジャーニー
桑山千雪\【マイ・ピュア・ロマンス】桑山千雪\ロマンチック・ジャーニー.csv,22,2016004030110,千雪,"是镀金的项链呢！
有点少见呢，真开心竟然中了",桑山千雪,【マイ・ピュア・ロマンス】桑山千雪,ロマンチック・ジャーニー
桑山千雪\【マイ・ピュア・ロマンス】桑山千雪\ロマンチック・ジャーニー.csv,24,2016004030120,千雪,真是的……哼哼,桑山千雪,【マイ・ピュア・ロマンス】桑山千雪,ロマンチック・ジャーニー
桑山千雪\【マイ・ピュア・ロマンス】桑山千雪\ロマンチック・ジャーニー.csv,26,2016004030130,千雪,"……那个……
不好意思，顺利，倒也谈不上……",桑山千雪,【マイ・ピュア・ロマンス】桑山千雪,ロマンチック・ジャーニー
桑山千雪\【マイ・ピュア・ロマンス】桑山千雪\ロマンチック・ジャーニー.csv,27,2016004030140,千雪,"虽然不是主要角色……但爱情故事这种剧什么的
还是头回呢，还是有些害羞……",桑山千雪,【マイ・ピュア・ロマンス】桑山千雪,ロマンチック・ジャーニー
桑山千雪\【マイ・ピュア・ロマンス】桑山千雪\ロマンチック・ジャーニー.csv,29,2016004030150,千雪,"啊……这样的话……
……这个，对象的角色可以拜托你来当吗……？",桑山千雪,【マイ・ピュア・ロマンス】桑山千雪,ロマンチック・ジャーニー
桑山千雪\【マイ・ピュア・ロマンス】桑山千雪\ロマンチック・ジャーニー.csv,30,2016004030160,千雪,一个人练习感觉还是有点施展不开……,桑山千雪,【マイ・ピュア・ロマンス】桑山千雪,ロマンチック・ジャーニー
桑山千雪\【マイ・ピュア・ロマンス】桑山千雪\ロマンチック・ジャーニー.csv,32,2016004030170,千雪,怎么会，那当然不会……！,桑山千雪,【マイ・ピュア・ロマンス】桑山千雪,ロマンチック・ジャーニー
桑山千雪\【マイ・ピュア・ロマンス】桑山千雪\ロマンチック・ジャーニー.csv,36,2016004030180,千雪,"呃，那么……在这一页
有对象帮忙戴项链的场景",桑山千雪,【マイ・ピュア・ロマンス】桑山千雪,ロマンチック・ジャーニー
桑山千雪\【マイ・ピュア・ロマンス】桑山千雪\ロマンチック・ジャーニー.csv,37,2016004030190,千雪,"正好难得……就用这个项链
这部分就拜托了",桑山千雪,【マイ・ピュア・ロマンス】桑山千雪,ロマンチック・ジャーニー
桑山千雪\【マイ・ピュア・ロマンス】桑山千雪\ロマンチック・ジャーニー.csv,40,2016004030200,千雪,…………,桑山千雪,【マイ・ピュア・ロマンス】桑山千雪,ロマンチック・ジャーニー
桑山千雪\【マイ・ピュア・ロマンス】桑山千雪\ロマンチック・ジャーニー.csv,42,2016004030210,千雪,……唔,桑山千雪,【マイ・ピュア・ロマンス】桑山千雪,ロマンチック・ジャーニー
桑山千雪\【マイ・ピュア・ロマンス】桑山千雪\ロマンチック・ジャーニー.csv,44,2016004030220,千雪,好，好的！,桑山千雪,【マイ・ピュア・ロマンス】桑山千雪,ロマンチック・ジャーニー
桑山千雪\【マイ・ピュア・ロマンス】桑山千雪\ロマンチック・ジャーニー.csv,46,2016004030230,千雪,"啊……！ 是，是呢！！
毕竟是玩具呢……！ 抱歉，啊哈哈……！",桑山千雪,【マイ・ピュア・ロマンス】桑山千雪,ロマンチック・ジャーニー
桑山千雪\【マイ・ピュア・ロマンス】桑山千雪\ロマンチック・ジャーニー.csv,47,2016004030240,千雪＆プロデューサー,…………,桑山千雪,【マイ・ピュア・ロマンス】桑山千雪,ロマンチック・ジャーニー
桑山千雪\【マイ・ピュア・ロマンス】桑山千雪\ロマンチック・ジャーニー.csv,48,2016004030250,千雪,"……那个，百忙之中
真是感谢！",桑山千雪,【マイ・ピュア・ロマンス】桑山千雪,ロマンチック・ジャーニー
桑山千雪\【マイ・ピュア・ロマンス】桑山千雪\ロマンチック・ジャーニー.csv,49,2016004030260,千雪,"多亏了你，现在找到了点感觉
还得保持这个状态，到拍摄前，继续加把劲呢……！",桑山千雪,【マイ・ピュア・ロマンス】桑山千雪,ロマンチック・ジャーニー
桑山千雪\【マイ・ピュア・ロマンス】桑山千雪\ロマンチック・ジャーニー.csv,50,2016004030270,千雪,"正好有送项链的场景呢……
刚刚的那个说不定还能用上，如何？",桑山千雪,【マイ・ピュア・ロマンス】桑山千雪,ロマンチック・ジャーニー
桑山千雪\【マイ・ピュア・ロマンス】桑山千雪\ロマンチック・ジャーニー.csv,52,2016004030280,千雪,"那么，制作人先生
拜托你了",桑山千雪,【マイ・ピュア・ロマンス】桑山千雪,ロマンチック・ジャーニー
桑山千雪\【マイ・ピュア・ロマンス】桑山千雪\ロマンチック・ジャーニー.csv,54,2016004030290,千雪,……哼哼,桑山千雪,【マイ・ピュア・ロマンス】桑山千雪,ロマンチック・ジャーニー
桑山千雪\【マイ・ピュア・ロマンス】桑山千雪\ロマンチック・ジャーニー.csv,56,2016004030300,千雪,"啊……不好意思，因为今天的制作人
和以往大不一样，一不小心就……！",桑山千雪,【マイ・ピュア・ロマンス】桑山千雪,ロマンチック・ジャーニー
桑山千雪\【マイ・ピュア・ロマンス】桑山千雪\ロマンチック・ジャーニー.csv,58,2016004030310,千雪,"不会……！可以的话
还请制作人先生再来一次",桑山千雪,【マイ・ピュア・ロマンス】桑山千雪,ロマンチック・ジャーニー
桑山千雪\【マイ・ピュア・ロマンス】桑山千雪\ロマンチック・ジャーニー.csv,59,2016004030320,千雪,"制作人先生
一直很认真再配合着",桑山千雪,【マイ・ピュア・ロマンス】桑山千雪,ロマンチック・ジャーニー
桑山千雪\【マイ・ピュア・ロマンス】桑山千雪\ロマンチック・ジャーニー.csv,60,2016004030330,千雪,"都这样来帮忙了
我也得认真好好配合呢",桑山千雪,【マイ・ピュア・ロマンス】桑山千雪,ロマンチック・ジャーニー
桑山千雪\【マイ・ピュア・ロマンス】桑山千雪\ロマンチック・ジャーニー.csv,62,2016004030340,千雪,"好的……！
拜托你了，制作人先生",桑山千雪,【マイ・ピュア・ロマンス】桑山千雪,ロマンチック・ジャーニー
桑山千雪\【マイ・ピュア・ロマンス】桑山千雪\ロマンチック・ジャーニー.csv,63,2016004030350,千雪,"……是的
右边开始第四个台词开始，拜托了",桑山千雪,【マイ・ピュア・ロマンス】桑山千雪,ロマンチック・ジャーニー
桑山千雪\【マイ・ピュア・ロマンス】桑山千雪\ロマンチック・ジャーニー.csv,66,2016004030360,千雪,……嗯,桑山千雪,【マイ・ピュア・ロマンス】桑山千雪,ロマンチック・ジャーニー
桑山千雪\【マイ・ピュア・ロマンス】桑山千雪\ロマンチック・ジャーニー.csv,68,2016004030370,千雪,…………,桑山千雪,【マイ・ピュア・ロマンス】桑山千雪,ロマンチック・ジャーニー
桑山千雪\【マイ・ピュア・ロマンス】桑山千雪\ロマンチック・ジャーニー.csv,71,2016004030380,千雪,"啊，啊哈哈……！
有点，吓了一跳……！",桑山千雪,【マイ・ピュア・ロマンス】桑山千雪,ロマンチック・ジャーニー
桑山千雪\【マイ・ピュア・ロマンス】桑山千雪\ロマンチック・ジャーニー.csv,73,2016004030390,千雪,"……呃，这页才是
那么，再来一遍吧……！",桑山千雪,【マイ・ピュア・ロマンス】桑山千雪,ロマンチック・ジャーニー
桑山千雪\【マイ・ピュア・ロマンス】桑山千雪\ロマンチック・ジャーニー.csv,75,2016004030400,千雪,"好，好的
拜托您了……！",桑山千雪,【マイ・ピュア・ロマンス】桑山千雪,ロマンチック・ジャーニー
桑山千雪\【マイ・ピュア・ロマンス】桑山千雪\雨降りア・ラ・モード.csv,3,2016004010010,千雪,说的是呢～……,桑山千雪,【マイ・ピュア・ロマンス】桑山千雪,雨降りア・ラ・モード
桑山千雪\【マイ・ピュア・ロマンス】桑山千雪\雨降りア・ラ・モード.csv,5,2016004010020,千雪,"这样看来……一定要放晴呢……
……果然雨天是阴沉沉使人不悦的",桑山千雪,【マイ・ピュア・ロマンス】桑山千雪,雨降りア・ラ・モード
桑山千雪\【マイ・ピュア・ロマンス】桑山千雪\雨降りア・ラ・モード.csv,6,2016004010030,千雪,"…………唔～嗯
雨天是让人不悦的……与之相反……？",桑山千雪,【マイ・ピュア・ロマンス】桑山千雪,雨降りア・ラ・モード
桑山千雪\【マイ・ピュア・ロマンス】桑山千雪\雨降りア・ラ・モード.csv,8,2016004010040,千雪,"是杂志的调查报告
要想一些自己喜欢的东西",桑山千雪,【マイ・ピュア・ロマンス】桑山千雪,雨降りア・ラ・モード
桑山千雪\【マイ・ピュア・ロマンス】桑山千雪\雨降りア・ラ・モード.csv,10,2016004010050,千雪,"是的
到了要想50个，怎么也想不出来……",桑山千雪,【マイ・ピュア・ロマンス】桑山千雪,雨降りア・ラ・モード
桑山千雪\【マイ・ピュア・ロマンス】桑山千雪\雨降りア・ラ・モード.csv,13,2016004010060,千雪,欸，是要帮我吗？,桑山千雪,【マイ・ピュア・ロマンス】桑山千雪,雨降りア・ラ・モード
桑山千雪\【マイ・ピュア・ロマンス】桑山千雪\雨降りア・ラ・モード.csv,15,2016004010070,千雪,"不会不会，真是帮大忙了……！
……对了",桑山千雪,【マイ・ピュア・ロマンス】桑山千雪,雨降りア・ラ・モード
桑山千雪\【マイ・ピュア・ロマンス】桑山千雪\雨降りア・ラ・モード.csv,16,2016004010080,千雪,"制作人先生
可以的话这个甜甜圈，还请慢用",桑山千雪,【マイ・ピュア・ロマンス】桑山千雪,雨降りア・ラ・モード
桑山千雪\【マイ・ピュア・ロマンス】桑山千雪\雨降りア・ラ・モード.csv,17,2016004010090,千雪,"想工作的时候带着就买了些……
分给制作人，就当作谢礼了",桑山千雪,【マイ・ピュア・ロマンス】桑山千雪,雨降りア・ラ・モード
桑山千雪\【マイ・ピュア・ロマンス】桑山千雪\雨降りア・ラ・モード.csv,19,2016004010100,千雪,"嗯……那个，作为参考……制作人先生
喜欢的东西之类的，也告诉我些……吧",桑山千雪,【マイ・ピュア・ロマンス】桑山千雪,雨降りア・ラ・モード
桑山千雪\【マイ・ピュア・ロマンス】桑山千雪\雨降りア・ラ・モード.csv,21,2016004010110,千雪,哼哼，真是的,桑山千雪,【マイ・ピュア・ロマンス】桑山千雪,雨降りア・ラ・モード
桑山千雪\【マイ・ピュア・ロマンス】桑山千雪\雨降りア・ラ・モード.csv,22,2016004010120,千雪,"──啊啊，这样的话……和点心相关的
我喜欢的是“奶油蛋糕上的草莓”♪",桑山千雪,【マイ・ピュア・ロマンス】桑山千雪,雨降りア・ラ・モード
桑山千雪\【マイ・ピュア・ロマンス】桑山千雪\雨降りア・ラ・モード.csv,24,2016004010130,千雪,感觉，像这样下去可以很顺利地填满呢！,桑山千雪,【マイ・ピュア・ロマンス】桑山千雪,雨降りア・ラ・モード
桑山千雪\【マイ・ピュア・ロマンス】桑山千雪\雨降りア・ラ・モード.csv,26,2016004010140,千雪,"……而且，也想更多地听听看
制作人先生说的",桑山千雪,【マイ・ピュア・ロマンス】桑山千雪,雨降りア・ラ・モード
桑山千雪\【マイ・ピュア・ロマンス】桑山千雪\雨降りア・ラ・モード.csv,29,2016004010150,千雪,"哇……这个，我有时也想这样奖励下自己……！
那么，我的话──",桑山千雪,【マイ・ピュア・ロマンス】桑山千雪,雨降りア・ラ・モード
桑山千雪\【マイ・ピュア・ロマンス】桑山千雪\雨降りア・ラ・モード.csv,30,2016004010160,千雪,"“中间生日”（注：两个人生日最中间的那一天）
哼哼，接下来轮到制作人先生了",桑山千雪,【マイ・ピュア・ロマンス】桑山千雪,雨降りア・ラ・モード
桑山千雪\【マイ・ピュア・ロマンス】桑山千雪\雨降りア・ラ・モード.csv,32,2016004010170,千雪,……“摩天轮”,桑山千雪,【マイ・ピュア・ロマンス】桑山千雪,雨降りア・ラ・モード
桑山千雪\【マイ・ピュア・ロマンス】桑山千雪\雨降りア・ラ・モード.csv,34,2016004010180,千雪,“藏狐”,桑山千雪,【マイ・ピュア・ロマンス】桑山千雪,雨降りア・ラ・モード
桑山千雪\【マイ・ピュア・ロマンス】桑山千雪\雨降りア・ラ・モード.csv,36,2016004010190,千雪,诶诶？那确实很可爱的哟……？,桑山千雪,【マイ・ピュア・ロマンス】桑山千雪,雨降りア・ラ・モード
桑山千雪\【マイ・ピュア・ロマンス】桑山千雪\雨降りア・ラ・モード.csv,37,2016004010200,千雪,"──哇……！
制作人先生，还差最后一个了！",桑山千雪,【マイ・ピュア・ロマンス】桑山千雪,雨降りア・ラ・モード
桑山千雪\【マイ・ピュア・ロマンス】桑山千雪\雨降りア・ラ・モード.csv,42,2016004010210,千雪,"不好……！
得赶紧准备下了……",桑山千雪,【マイ・ピュア・ロマンス】桑山千雪,雨降りア・ラ・モード
桑山千雪\【マイ・ピュア・ロマンス】桑山千雪\雨降りア・ラ・モード.csv,44,2016004010220,千雪,"……制作人先生
似乎不用去准备伞了哟",桑山千雪,【マイ・ピュア・ロマンス】桑山千雪,雨降りア・ラ・モード
桑山千雪\【マイ・ピュア・ロマンス】桑山千雪\雨降りア・ラ・モード.csv,47,2016004010230,千雪,"不会……！ 托您的福有了相当大的进展
还是非常感谢您",桑山千雪,【マイ・ピュア・ロマンス】桑山千雪,雨降りア・ラ・モード
桑山千雪\【マイ・ピュア・ロマンス】桑山千雪\雨降りア・ラ・モード.csv,48,2016004010240,千雪,"那么制作人先生，路上小心
一路顺风",桑山千雪,【マイ・ピュア・ロマンス】桑山千雪,雨降りア・ラ・モード
桑山千雪\【マイ・ピュア・ロマンス】桑山千雪\雨降りア・ラ・モード.csv,50,2016004010250,千雪,"……
还剩下一个吗……",桑山千雪,【マイ・ピュア・ロマンス】桑山千雪,雨降りア・ラ・モード
桑山千雪\【マイ・ピュア・ロマンス】桑山千雪\雨降りア・ラ・モード.csv,51,2016004010260,千雪,…………,桑山千雪,【マイ・ピュア・ロマンス】桑山千雪,雨降りア・ラ・モード
桑山千雪\【マイ・ピュア・ロマンス】桑山千雪\雨降りア・ラ・モード.csv,52,2016004010270,千雪,"（好天气……
在制作人办事之前放晴了真是太好了……）",桑山千雪,【マイ・ピュア・ロマンス】桑山千雪,雨降りア・ラ・モード
桑山千雪\【マイ・ピュア・ロマンス】桑山千雪\雨降りア・ラ・モード.csv,53,2016004010280,千雪,"──啊
……这样",桑山千雪,【マイ・ピュア・ロマンス】桑山千雪,雨降りア・ラ・モード
桑山千雪\【マイ・ピュア・ロマンス】桑山千雪\雨降りア・ラ・モード.csv,54,2016004010290,千雪,“雨后的送行”……哼哼♪,桑山千雪,【マイ・ピュア・ロマンス】桑山千雪,雨降りア・ラ・モード
桑山千雪\【マイ・ピュア・ロマンス】桑山千雪\雨降りア・ラ・モード.csv,55,2016004010300,千雪,"……啊，制作人先生
时间……不要紧吗？",桑山千雪,【マイ・ピュア・ロマンス】桑山千雪,雨降りア・ラ・モード
桑山千雪\【マイ・ピュア・ロマンス】桑山千雪\雨降りア・ラ・モード.csv,57,2016004010310,千雪,得，得赶紧了呢……！,桑山千雪,【マイ・ピュア・ロマンス】桑山千雪,雨降りア・ラ・モード
桑山千雪\【マイ・ピュア・ロマンス】桑山千雪\雨降りア・ラ・モード.csv,60,2016004010320,千雪,"哇，真的诶……！
好美啊……",桑山千雪,【マイ・ピュア・ロマンス】桑山千雪,雨降りア・ラ・モード
桑山千雪\【マイ・ピュア・ロマンス】桑山千雪\雨降りア・ラ・モード.csv,62,2016004010330,千雪,"……！
哼哼，是的",桑山千雪,【マイ・ピュア・ロマンス】桑山千雪,雨降りア・ラ・モード
桑山千雪\【マイ・ピュア・ロマンス】桑山千雪\雨降りア・ラ・モード.csv,64,2016004010340,千雪,……好的，还请一路上小心♪,桑山千雪,【マイ・ピュア・ロマンス】桑山千雪,雨降りア・ラ・モード
桑山千雪\【マイ・ピュア・ロマンス】桑山千雪\雨降りア・ラ・モード.csv,65,2016004010350,千雪,"──哎呀……制作人先生
差不多要出门了吧……",桑山千雪,【マイ・ピュア・ロマンス】桑山千雪,雨降りア・ラ・モード
桑山千雪\【マイ・ピュア・ロマンス】桑山千雪\雨降りア・ラ・モード.csv,68,2016004010360,千雪,"不会，那么努力地帮我……
非常感谢，制作人先生",桑山千雪,【マイ・ピュア・ロマンス】桑山千雪,雨降りア・ラ・モード
桑山千雪\【マイ・ピュア・ロマンス】桑山千雪\雨降りア・ラ・モード.csv,70,2016004010370,千雪,是薄荷味口香糖……吗？,桑山千雪,【マイ・ピュア・ロマンス】桑山千雪,雨降りア・ラ・モード
桑山千雪\【マイ・ピュア・ロマンス】桑山千雪\雨降りア・ラ・モード.csv,72,2016004010380,千雪,"啊，好的……！
非常感谢您，请一路小心──",桑山千雪,【マイ・ピュア・ロマンス】桑山千雪,雨降りア・ラ・モード
桑山千雪\【マイ・ピュア・ロマンス】桑山千雪\雨降りア・ラ・モード.csv,73,2016004010390,千雪,"（制作人先生……都到那种程度了
还在帮我想……）",桑山千雪,【マイ・ピュア・ロマンス】桑山千雪,雨降りア・ラ・モード
桑山千雪\【マイ・ピュア・ロマンス】桑山千雪\雨降りア・ラ・モード.csv,74,2016004010400,千雪,（而且，还有这个口香糖也──）,桑山千雪,【マイ・ピュア・ロマンス】桑山千雪,雨降りア・ラ・モード
桑山千雪\【マイ・ピュア・ロマンス】桑山千雪\雨降りア・ラ・モード.csv,75,2016004010410,千雪,…………,桑山千雪,【マイ・ピュア・ロマンス】桑山千雪,雨降りア・ラ・モード
桑山千雪\【マイ・ピュア・ロマンス】桑山千雪\雨降りア・ラ・モード.csv,76,2016004010420,千雪,"……──唔
最后一个的话，就“薄荷味口香糖”吧……",桑山千雪,【マイ・ピュア・ロマンス】桑山千雪,雨降りア・ラ・モード
桑山千雪\【マイ・ピュア・ロマンス】桑山千雪\雨降りア・ラ・モード.csv,77,2016004010430,千雪,……♪,桑山千雪,【マイ・ピュア・ロマンス】桑山千雪,雨降りア・ラ・モード
桑山千雪\【一夏一刻物語】桑山千雪\A MEMORY～ある夏の出来事.csv,4,2016005010010,千雪,"制作人，早安
今天也很热呢，工作辛苦了",桑山千雪,【一夏一刻物語】桑山千雪,A MEMORY～ある夏の出来事
桑山千雪\【一夏一刻物語】桑山千雪\A MEMORY～ある夏の出来事.csv,7,2016005010020,千雪,"这个呀……我刚才在水果店买的
打算和事务所的大家一起吃",桑山千雪,【一夏一刻物語】桑山千雪,A MEMORY～ある夏の出来事
桑山千雪\【一夏一刻物語】桑山千雪\A MEMORY～ある夏の出来事.csv,8,2016005010030,千雪,"我跟老板说是买给大家吃的，
他就给了一个这么大的西瓜哦♪",桑山千雪,【一夏一刻物語】桑山千雪,A MEMORY～ある夏の出来事
桑山千雪\【一夏一刻物語】桑山千雪\A MEMORY～ある夏の出来事.csv,10,2016005010040,千雪,"谢谢
不过没关系的，马上就到事务所了",桑山千雪,【一夏一刻物語】桑山千雪,A MEMORY～ある夏の出来事
桑山千雪\【一夏一刻物語】桑山千雪\A MEMORY～ある夏の出来事.csv,12,2016005010050,千雪,"嗯
就快到了，加油吧……！",桑山千雪,【一夏一刻物語】桑山千雪,A MEMORY～ある夏の出来事
桑山千雪\【一夏一刻物語】桑山千雪\A MEMORY～ある夏の出来事.csv,13,2016005010060,千雪,哎呀，没有人在呢,桑山千雪,【一夏一刻物語】桑山千雪,A MEMORY～ある夏の出来事
桑山千雪\【一夏一刻物語】桑山千雪\A MEMORY～ある夏の出来事.csv,16,2016005010070,千雪,会不会是遥控器电池没电了……？,桑山千雪,【一夏一刻物語】桑山千雪,A MEMORY～ある夏の出来事
桑山千雪\【一夏一刻物語】桑山千雪\A MEMORY～ある夏の出来事.csv,18,2016005010080,千雪,"这样的话，是空调出问题了吗……
联系一下维修师傅比较好吧……",桑山千雪,【一夏一刻物語】桑山千雪,A MEMORY～ある夏の出来事
桑山千雪\【一夏一刻物語】桑山千雪\A MEMORY～ある夏の出来事.csv,21,2016005010090,千雪,"是吗……
……没办法呢……",桑山千雪,【一夏一刻物語】桑山千雪,A MEMORY～ある夏の出来事
桑山千雪\【一夏一刻物語】桑山千雪\A MEMORY～ある夏の出来事.csv,23,2016005010100,千雪,风、风扇的话……,桑山千雪,【一夏一刻物語】桑山千雪,A MEMORY～ある夏の出来事
桑山千雪\【一夏一刻物語】桑山千雪\A MEMORY～ある夏の出来事.csv,25,2016005010110,千雪,"……嗯
这台电风扇，好像很温顺的样子……",桑山千雪,【一夏一刻物語】桑山千雪,A MEMORY～ある夏の出来事
桑山千雪\【一夏一刻物語】桑山千雪\A MEMORY～ある夏の出来事.csv,26,2016005010120,千雪,"还有没有别的办法能凉快一下……
──啊",桑山千雪,【一夏一刻物語】桑山千雪,A MEMORY～ある夏の出来事
桑山千雪\【一夏一刻物語】桑山千雪\A MEMORY～ある夏の出来事.csv,28,2016005010130,千雪,"……那个，制作人
要不我们先吃点西瓜……？",桑山千雪,【一夏一刻物語】桑山千雪,A MEMORY～ある夏の出来事
桑山千雪\【一夏一刻物語】桑山千雪\A MEMORY～ある夏の出来事.csv,30,2016005010140,千雪,"虽然是想大家一起吃的……
不过一直这样放着的话就不冻了",桑山千雪,【一夏一刻物語】桑山千雪,A MEMORY～ある夏の出来事
桑山千雪\【一夏一刻物語】桑山千雪\A MEMORY～ある夏の出来事.csv,31,2016005010150,千雪,而且，切好了也能放进冰箱里冷藏,桑山千雪,【一夏一刻物語】桑山千雪,A MEMORY～ある夏の出来事
桑山千雪\【一夏一刻物語】桑山千雪\A MEMORY～ある夏の出来事.csv,33,2016005010160,千雪,"好
……那个，还有件事想请制作人帮忙……",桑山千雪,【一夏一刻物語】桑山千雪,A MEMORY～ある夏の出来事
桑山千雪\【一夏一刻物語】桑山千雪\A MEMORY～ある夏の出来事.csv,36,2016005010170,千雪,"平均分成了八块♪
我一直想试一次，像这样双手拿着吃……！",桑山千雪,【一夏一刻物語】桑山千雪,A MEMORY～ある夏の出来事
桑山千雪\【一夏一刻物語】桑山千雪\A MEMORY～ある夏の出来事.csv,38,2016005010180,千雪,"是呀～……！
都快忘掉这炎热的天气了……",桑山千雪,【一夏一刻物語】桑山千雪,A MEMORY～ある夏の出来事
桑山千雪\【一夏一刻物語】桑山千雪\A MEMORY～ある夏の出来事.csv,40,2016005010190,千雪,是吗？,桑山千雪,【一夏一刻物語】桑山千雪,A MEMORY～ある夏の出来事
桑山千雪\【一夏一刻物語】桑山千雪\A MEMORY～ある夏の出来事.csv,42,2016005010200,千雪,啊……我也有听过……！,桑山千雪,【一夏一刻物語】桑山千雪,A MEMORY～ある夏の出来事
桑山千雪\【一夏一刻物語】桑山千雪\A MEMORY～ある夏の出来事.csv,43,2016005010210,千雪,小孩子是会相信这样的说法呢～……,桑山千雪,【一夏一刻物語】桑山千雪,A MEMORY～ある夏の出来事
桑山千雪\【一夏一刻物語】桑山千雪\A MEMORY～ある夏の出来事.csv,45,2016005010220,千雪,"……嗯
感觉今天的西瓜特别好吃……",桑山千雪,【一夏一刻物語】桑山千雪,A MEMORY～ある夏の出来事
桑山千雪\【一夏一刻物語】桑山千雪\A MEMORY～ある夏の出来事.csv,46,2016005010230,千雪,"是不是因为这份暑气，大大的西瓜……
还有和制作人一起品尝，我才会这么觉得呢……？",桑山千雪,【一夏一刻物語】桑山千雪,A MEMORY～ある夏の出来事
桑山千雪\【一夏一刻物語】桑山千雪\A MEMORY～ある夏の出来事.csv,48,2016005010240,千雪,呵呵，是啊……！,桑山千雪,【一夏一刻物語】桑山千雪,A MEMORY～ある夏の出来事
桑山千雪\【一夏一刻物語】桑山千雪\A MEMORY～ある夏の出来事.csv,50,2016005010250,千雪,"……我这边才是，能留下如此美好的夏日回忆
非常感谢",桑山千雪,【一夏一刻物語】桑山千雪,A MEMORY～ある夏の出来事
桑山千雪\【一夏一刻物語】桑山千雪\SOMETHING NEW.csv,2,2016005020010,千雪,"制作人
辛苦了",桑山千雪,【一夏一刻物語】桑山千雪,SOMETHING NEW
桑山千雪\【一夏一刻物語】桑山千雪\SOMETHING NEW.csv,4,2016005020020,千雪,嗯，谢谢♪,桑山千雪,【一夏一刻物語】桑山千雪,SOMETHING NEW
桑山千雪\【一夏一刻物語】桑山千雪\SOMETHING NEW.csv,6,2016005020030,千雪,"啊……是、是这样吗……？
那个……确实是有些兴奋……",桑山千雪,【一夏一刻物語】桑山千雪,SOMETHING NEW
桑山千雪\【一夏一刻物語】桑山千雪\SOMETHING NEW.csv,7,2016005020040,千雪,"今天的摄影，布景和服装都很出色……
还是第一次像这样头发上开满了花……！",桑山千雪,【一夏一刻物語】桑山千雪,SOMETHING NEW
桑山千雪\【一夏一刻物語】桑山千雪\SOMETHING NEW.csv,9,2016005020050,千雪,"啊，那个……？
被这样盯着看的话，感觉有点害羞啊……",桑山千雪,【一夏一刻物語】桑山千雪,SOMETHING NEW
桑山千雪\【一夏一刻物語】桑山千雪\SOMETHING NEW.csv,11,2016005020060,千雪,"我的风格……
……那就再好不过了",桑山千雪,【一夏一刻物語】桑山千雪,SOMETHING NEW
桑山千雪\【一夏一刻物語】桑山千雪\SOMETHING NEW.csv,14,2016005020070,千雪,非常感谢……！,桑山千雪,【一夏一刻物語】桑山千雪,SOMETHING NEW
桑山千雪\【一夏一刻物語】桑山千雪\SOMETHING NEW.csv,15,2016005020080,千雪,"……制作人。我成为偶像之后
享受到了比以往更多的乐趣",桑山千雪,【一夏一刻物語】桑山千雪,SOMETHING NEW
桑山千雪\【一夏一刻物語】桑山千雪\SOMETHING NEW.csv,19,2016005020090,千雪,"嗯……！
制作人还记得呢",桑山千雪,【一夏一刻物語】桑山千雪,SOMETHING NEW
桑山千雪\【一夏一刻物語】桑山千雪\SOMETHING NEW.csv,21,2016005020100,千雪,"呵呵，如果是以前的我
根本不会去想那种事请",桑山千雪,【一夏一刻物語】桑山千雪,SOMETHING NEW
桑山千雪\【一夏一刻物語】桑山千雪\SOMETHING NEW.csv,22,2016005020110,千雪,明明小的时候，对那么多事物抱有憧憬,桑山千雪,【一夏一刻物語】桑山千雪,SOMETHING NEW
桑山千雪\【一夏一刻物語】桑山千雪\SOMETHING NEW.csv,23,2016005020120,千雪,"长大之后，
就遗忘了，放弃了……",桑山千雪,【一夏一刻物語】桑山千雪,SOMETHING NEW
桑山千雪\【一夏一刻物語】桑山千雪\SOMETHING NEW.csv,25,2016005020130,千雪,"哪里……如果我现在看起来是这样子的话……
也是多亏了制作人",桑山千雪,【一夏一刻物語】桑山千雪,SOMETHING NEW
桑山千雪\【一夏一刻物語】桑山千雪\SOMETHING NEW.csv,27,2016005020140,千雪,"嗯，无论是什么事情，不去尝试的话就不会了解
能切身体会到这种理所当然的事情──",桑山千雪,【一夏一刻物語】桑山千雪,SOMETHING NEW
桑山千雪\【一夏一刻物語】桑山千雪\SOMETHING NEW.csv,28,2016005020150,千雪,也是因为制作人将我带上了偶像的道路,桑山千雪,【一夏一刻物語】桑山千雪,SOMETHING NEW
桑山千雪\【一夏一刻物語】桑山千雪\SOMETHING NEW.csv,30,2016005020150,千雪＆プロデューサー,,桑山千雪,【一夏一刻物語】桑山千雪,SOMETHING NEW
桑山千雪\【一夏一刻物語】桑山千雪\SOMETHING NEW.csv,31,2016005020160,千雪,──啊，好像已经开始拍了,桑山千雪,【一夏一刻物語】桑山千雪,SOMETHING NEW
桑山千雪\【一夏一刻物語】桑山千雪\SOMETHING NEW.csv,33,2016005020170,千雪,"……嗯。……不过，我已经恢复好精神了
我走了哦",桑山千雪,【一夏一刻物語】桑山千雪,SOMETHING NEW
桑山千雪\【一夏一刻物語】桑山千雪\SOMETHING NEW.csv,35,2016005020180,千雪,嗯，是这样,桑山千雪,【一夏一刻物語】桑山千雪,SOMETHING NEW
桑山千雪\【一夏一刻物語】桑山千雪\SOMETHING NEW.csv,36,2016005020190,千雪,在成为偶像之前，从来没有像这样盛装打扮过,桑山千雪,【一夏一刻物語】桑山千雪,SOMETHING NEW
桑山千雪\【一夏一刻物語】桑山千雪\SOMETHING NEW.csv,38,2016005020200,千雪,"是、是吗……？
…………可是",桑山千雪,【一夏一刻物語】桑山千雪,SOMETHING NEW
桑山千雪\【一夏一刻物語】桑山千雪\SOMETHING NEW.csv,39,2016005020210,千雪,"像是去穿这么可爱的衣服，让别人为自己做选择，
为了他人而去打扮什么的……",桑山千雪,【一夏一刻物語】桑山千雪,SOMETHING NEW
桑山千雪\【一夏一刻物語】桑山千雪\SOMETHING NEW.csv,40,2016005020220,千雪,像这样的事情，我从来没有想过,桑山千雪,【一夏一刻物語】桑山千雪,SOMETHING NEW
桑山千雪\【一夏一刻物語】桑山千雪\SOMETHING NEW.csv,42,2016005020230,千雪,"所以，现在作为一个偶像，一个女孩子……
我想更多地去品味这样的乐趣",桑山千雪,【一夏一刻物語】桑山千雪,SOMETHING NEW
桑山千雪\【一夏一刻物語】桑山千雪\SOMETHING NEW.csv,44,2016005020240,千雪,"──啊
好像要继续拍摄了",桑山千雪,【一夏一刻物語】桑山千雪,SOMETHING NEW
桑山千雪\【一夏一刻物語】桑山千雪\SOMETHING NEW.csv,46,2016005020250,千雪,"啊，请稍等一下
……嗯……",桑山千雪,【一夏一刻物語】桑山千雪,SOMETHING NEW
桑山千雪\【一夏一刻物語】桑山千雪\SOMETHING NEW.csv,47,2016005020260,千雪,"好了
制作人，我的衣服没有乱吧？",桑山千雪,【一夏一刻物語】桑山千雪,SOMETHING NEW
桑山千雪\【一夏一刻物語】桑山千雪\SOMETHING NEW.csv,49,2016005020270,千雪,"呵呵，谢谢
那我出发了",桑山千雪,【一夏一刻物語】桑山千雪,SOMETHING NEW
桑山千雪\【一夏一刻物語】桑山千雪\SOMETHING NEW.csv,54,2016005020280,千雪,"的确如此呢……和像是妹妹的各位聊天
从她们那里学到了各种各样的事",桑山千雪,【一夏一刻物語】桑山千雪,SOMETHING NEW
桑山千雪\【一夏一刻物語】桑山千雪\SOMETHING NEW.csv,55,2016005020290,千雪,"注意到了以前没有发觉的事情……
呵呵，真是非常开心的生活",桑山千雪,【一夏一刻物語】桑山千雪,SOMETHING NEW
桑山千雪\【一夏一刻物語】桑山千雪\SOMETHING NEW.csv,57,2016005020300,千雪,"是吗……！
是这样的话就好了",桑山千雪,【一夏一刻物語】桑山千雪,SOMETHING NEW
桑山千雪\【一夏一刻物語】桑山千雪\SOMETHING NEW.csv,58,2016005020310,千雪,……我觉得，现在的环境真的非常珍贵,桑山千雪,【一夏一刻物語】桑山千雪,SOMETHING NEW
桑山千雪\【一夏一刻物語】桑山千雪\SOMETHING NEW.csv,59,2016005020320,千雪,"而这一切……也都是因为
那一天与制作人的相遇──",桑山千雪,【一夏一刻物語】桑山千雪,SOMETHING NEW
桑山千雪\【一夏一刻物語】桑山千雪\SOMETHING NEW.csv,60,2016005020330,千雪,"所以，我在想……
这会不会就是命运呢",桑山千雪,【一夏一刻物語】桑山千雪,SOMETHING NEW
桑山千雪\【一夏一刻物語】桑山千雪\SOMETHING NEW.csv,62,2016005020340,千雪,"啊，那个，我是说……
遇见了大家和制作人……",桑山千雪,【一夏一刻物語】桑山千雪,SOMETHING NEW
桑山千雪\【一夏一刻物語】桑山千雪\SOMETHING NEW.csv,63,2016005020350,千雪,"还有……如今像这样站在这里……
所有这些，都是命运",桑山千雪,【一夏一刻物語】桑山千雪,SOMETHING NEW
桑山千雪\【一夏一刻物語】桑山千雪\SOMETHING NEW.csv,65,2016005020360,千雪,──啊,桑山千雪,【一夏一刻物語】桑山千雪,SOMETHING NEW
桑山千雪\【一夏一刻物語】桑山千雪\SOMETHING NEW.csv,67,2016005020370,千雪,"对不起……那个
话说到一半的时候……",桑山千雪,【一夏一刻物語】桑山千雪,SOMETHING NEW
桑山千雪\【一夏一刻物語】桑山千雪\SOMETHING NEW.csv,70,2016005020380,千雪,"嗯
我走了哦，制作人",桑山千雪,【一夏一刻物語】桑山千雪,SOMETHING NEW
桑山千雪\【一夏一刻物語】桑山千雪\月明りの下で眠る人.csv,2,2016005110010,千雪,,桑山千雪,【一夏一刻物語】桑山千雪,月明りの下で眠る人
桑山千雪\【一夏一刻物語】桑山千雪\月明りの下で眠る人.csv,3,2016005110020,千雪,"（虽然制作人有跟我说过，今天直接回家就好……
果然事务所的灯还亮着）",桑山千雪,【一夏一刻物語】桑山千雪,月明りの下で眠る人
桑山千雪\【一夏一刻物語】桑山千雪\月明りの下で眠る人.csv,4,2016005110030,千雪,（……制作人说他要为明天的工作做准备──）,桑山千雪,【一夏一刻物語】桑山千雪,月明りの下で眠る人
桑山千雪\【一夏一刻物語】桑山千雪\月明りの下で眠る人.csv,5,2016005110040,千雪,制作人，你辛苦了,桑山千雪,【一夏一刻物語】桑山千雪,月明りの下で眠る人
桑山千雪\【一夏一刻物語】桑山千雪\月明りの下で眠る人.csv,7,2016005110050,千雪,（制作人，睡着了……）,桑山千雪,【一夏一刻物語】桑山千雪,月明りの下で眠る人
桑山千雪\【一夏一刻物語】桑山千雪\月明りの下で眠る人.csv,8,2016005110060,千雪,"毕竟每天都在为我们努力工作
真的很劳累呢",桑山千雪,【一夏一刻物語】桑山千雪,月明りの下で眠る人
桑山千雪\【一夏一刻物語】桑山千雪\月明りの下で眠る人.csv,10,2016005110070,千雪,"……制作人
我在旁边打扰一下哦……",桑山千雪,【一夏一刻物語】桑山千雪,月明りの下で眠る人
桑山千雪\【一夏一刻物語】桑山千雪\月明りの下で眠る人.csv,11,2016005110080,千雪,（……看起来很舒服的样子……）,桑山千雪,【一夏一刻物語】桑山千雪,月明りの下で眠る人
桑山千雪\【一夏一刻物語】桑山千雪\月明りの下で眠る人.csv,12,2016005110090,千雪,,桑山千雪,【一夏一刻物語】桑山千雪,月明りの下で眠る人
桑山千雪\【一夏一刻物語】桑山千雪\月明りの下で眠る人.csv,13,2016005110100,千雪,（对了，拿下毛毯什么的盖一下──）,桑山千雪,【一夏一刻物語】桑山千雪,月明りの下で眠る人
桑山千雪\【一夏一刻物語】桑山千雪\月明りの下で眠る人.csv,15,2016005110110,千雪,"啊，制作人……！
……早、早上好……",桑山千雪,【一夏一刻物語】桑山千雪,月明りの下で眠る人
桑山千雪\【一夏一刻物語】桑山千雪\月明りの下で眠る人.csv,17,2016005110120,千雪,啊，那个，虽然是结束了……,桑山千雪,【一夏一刻物語】桑山千雪,月明りの下で眠る人
桑山千雪\【一夏一刻物語】桑山千雪\月明りの下で眠る人.csv,19,2016005110130,千雪,……是、是的……,桑山千雪,【一夏一刻物語】桑山千雪,月明りの下で眠る人
桑山千雪\【一夏一刻物語】桑山千雪\月明りの下で眠る人.csv,22,2016005110140,千雪,"啊……
…………对、对不起，不是这样的",桑山千雪,【一夏一刻物語】桑山千雪,月明りの下で眠る人
桑山千雪\【一夏一刻物語】桑山千雪\月明りの下で眠る人.csv,23,2016005110150,千雪,"没有吵醒制作人……是因为……
我不禁想观察一下睡脸",桑山千雪,【一夏一刻物語】桑山千雪,月明りの下で眠る人
桑山千雪\【一夏一刻物語】桑山千雪\月明りの下で眠る人.csv,25,2016005110160,千雪,制作人的睡脸哦……！,桑山千雪,【一夏一刻物語】桑山千雪,月明りの下で眠る人
桑山千雪\【一夏一刻物語】桑山千雪\月明りの下で眠る人.csv,27,2016005110170,千雪,"……不、不是的，与其说有趣……
因为是张很幸福的睡脸，不知不觉就……",桑山千雪,【一夏一刻物語】桑山千雪,月明りの下で眠る人
桑山千雪\【一夏一刻物語】桑山千雪\月明りの下で眠る人.csv,29,2016005110171,千雪＆プロデューサー,,桑山千雪,【一夏一刻物語】桑山千雪,月明りの下で眠る人
桑山千雪\【一夏一刻物語】桑山千雪\月明りの下で眠る人.csv,32,2016005110180,千雪,……这样的话，我来帮下忙吧……！,桑山千雪,【一夏一刻物語】桑山千雪,月明りの下で眠る人
桑山千雪\【一夏一刻物語】桑山千雪\月明りの下で眠る人.csv,34,2016005110190,千雪,"可、可是……已经很晚了
而且，两个人一起就能早点整理好",桑山千雪,【一夏一刻物語】桑山千雪,月明りの下で眠る人
桑山千雪\【一夏一刻物語】桑山千雪\月明りの下で眠る人.csv,35,2016005110200,千雪,"所以说……
……好吗？",桑山千雪,【一夏一刻物語】桑山千雪,月明りの下で眠る人
桑山千雪\【一夏一刻物語】桑山千雪\月明りの下で眠る人.csv,37,2016005110210,千雪,"嗯，当然没问题
交给我吧……！",桑山千雪,【一夏一刻物語】桑山千雪,月明りの下で眠る人
桑山千雪\【一夏一刻物語】桑山千雪\月明りの下で眠る人.csv,39,2016005110220,千雪,"辛苦了。请喝茶
……还有，这是慰劳品",桑山千雪,【一夏一刻物語】桑山千雪,月明りの下で眠る人
桑山千雪\【一夏一刻物語】桑山千雪\月明りの下で眠る人.csv,42,2016005110230,千雪,哪里……我才要说感谢呢,桑山千雪,【一夏一刻物語】桑山千雪,月明りの下で眠る人
桑山千雪\【一夏一刻物語】桑山千雪\月明りの下で眠る人.csv,43,2016005110240,千雪,正因为制作人在如此努力地工作,桑山千雪,【一夏一刻物語】桑山千雪,月明りの下で眠る人
桑山千雪\【一夏一刻物語】桑山千雪\月明りの下で眠る人.csv,44,2016005110250,千雪,"我才能挺直腰板，
将自己展现给粉丝们",桑山千雪,【一夏一刻物語】桑山千雪,月明りの下で眠る人
桑山千雪\【一夏一刻物語】桑山千雪\月明りの下で眠る人.csv,46,2016005110260,千雪,……呵呵，非常感谢,桑山千雪,【一夏一刻物語】桑山千雪,月明りの下で眠る人
桑山千雪\【一夏一刻物語】桑山千雪\月明りの下で眠る人.csv,47,2016005110270,千雪,"以后的日子……也请多关照哦
制作人",桑山千雪,【一夏一刻物語】桑山千雪,月明りの下で眠る人
桑山千雪\【夏、イエー】桑山千雪\冷麦、えいっ.csv,4,2016011110010,千雪,怎么了吗……？,桑山千雪,【夏、イエー】桑山千雪,冷麦、えいっ
桑山千雪\【夏、イエー】桑山千雪\冷麦、えいっ.csv,6,2016011110020,千雪,——哇，冷面……！,桑山千雪,【夏、イエー】桑山千雪,冷麦、えいっ
桑山千雪\【夏、イエー】桑山千雪\冷麦、えいっ.csv,7,2016011110030,千雪,这是制作人做的……？,桑山千雪,【夏、イエー】桑山千雪,冷麦、えいっ
桑山千雪\【夏、イエー】桑山千雪\冷麦、えいっ.csv,10,2016011110040,千雪,哇，光用开水煮过不行吗？,桑山千雪,【夏、イエー】桑山千雪,冷麦、えいっ
桑山千雪\【夏、イエー】桑山千雪\冷麦、えいっ.csv,12,2016011110041,千雪＆プロデューサー,————哈哈,桑山千雪,【夏、イエー】桑山千雪,冷麦、えいっ
桑山千雪\【夏、イエー】桑山千雪\冷麦、えいっ.csv,13,2016011110050,千雪,"……那就，
让我来吧",桑山千雪,【夏、イエー】桑山千雪,冷麦、えいっ
桑山千雪\【夏、イエー】桑山千雪\冷麦、えいっ.csv,15,2016011110060,千雪,"呵呵
作为交换，能再给我一把面吗……？",桑山千雪,【夏、イエー】桑山千雪,冷麦、えいっ
桑山千雪\【夏、イエー】桑山千雪\冷麦、えいっ.csv,17,2016011110070,千雪,——差不多再1分钟吗……,桑山千雪,【夏、イエー】桑山千雪,冷麦、えいっ
桑山千雪\【夏、イエー】桑山千雪\冷麦、えいっ.csv,18,2016011110080,千雪,…………嗯，差不多了,桑山千雪,【夏、イエー】桑山千雪,冷麦、えいっ
桑山千雪\【夏、イエー】桑山千雪\冷麦、えいっ.csv,20,2016011110090,千雪,是啊,桑山千雪,【夏、イエー】桑山千雪,冷麦、えいっ
桑山千雪\【夏、イエー】桑山千雪\冷麦、えいっ.csv,21,2016011110100,千雪,,桑山千雪,【夏、イエー】桑山千雪,冷麦、えいっ
桑山千雪\【夏、イエー】桑山千雪\冷麦、えいっ.csv,22,2016011110110,千雪,,桑山千雪,【夏、イエー】桑山千雪,冷麦、えいっ
桑山千雪\【夏、イエー】桑山千雪\冷麦、えいっ.csv,24,2016011110120,千雪,"……呵呵
差不多，可以了吧————",桑山千雪,【夏、イエー】桑山千雪,冷麦、えいっ
桑山千雪\【夏、イエー】桑山千雪\冷麦、えいっ.csv,25,2016011110130,千雪,"那么，制作人
可以请你帮忙提味吗？",桑山千雪,【夏、イエー】桑山千雪,冷麦、えいっ
桑山千雪\【夏、イエー】桑山千雪\冷麦、えいっ.csv,27,2016011110140,千雪,,桑山千雪,【夏、イエー】桑山千雪,冷麦、えいっ
桑山千雪\【夏、イエー】桑山千雪\冷麦、えいっ.csv,29,2016011110150,千雪,哇……,桑山千雪,【夏、イエー】桑山千雪,冷麦、えいっ
桑山千雪\【夏、イエー】桑山千雪\冷麦、えいっ.csv,30,2016011110151,千雪,我开动了……！,桑山千雪,【夏、イエー】桑山千雪,冷麦、えいっ
桑山千雪\【夏、イエー】桑山千雪\冷麦、えいっ.csv,32,2016011110160,千雪,"……
啊，嗯……味道不错……！",桑山千雪,【夏、イエー】桑山千雪,冷麦、えいっ
桑山千雪\【夏、イエー】桑山千雪\冷麦、えいっ.csv,33,2016011110170,千雪,拌饭素的柴鱼片很浓郁……,桑山千雪,【夏、イエー】桑山千雪,冷麦、えいっ
桑山千雪\【夏、イエー】桑山千雪\冷麦、えいっ.csv,34,2016011110180,千雪,……鸡蛋也……拌得很均匀……♪,桑山千雪,【夏、イエー】桑山千雪,冷麦、えいっ
桑山千雪\【夏、イエー】桑山千雪\冷麦、えいっ.csv,36,2016011110190,千雪,"不会
有种尝到季初时鲜的感觉——",桑山千雪,【夏、イエー】桑山千雪,冷麦、えいっ
桑山千雪\【夏、イエー】桑山千雪\冷麦、えいっ.csv,37,2016011110200,千雪,而且这种体验，很令人难忘呢……！,桑山千雪,【夏、イエー】桑山千雪,冷麦、えいっ
桑山千雪\【夏、イエー】桑山千雪\冷麦、えいっ.csv,39,2016011110210,千雪,呵呵,桑山千雪,【夏、イエー】桑山千雪,冷麦、えいっ
桑山千雪\【夏、イエー】桑山千雪\冷麦、えいっ.csv,40,2016011110220,千雪,这个夏天的香味，这个夏天的味道————,桑山千雪,【夏、イエー】桑山千雪,冷麦、えいっ
桑山千雪\【夏、イエー】桑山千雪\冷麦、えいっ.csv,41,2016011110230,千雪,…………,桑山千雪,【夏、イエー】桑山千雪,冷麦、えいっ
桑山千雪\【夏、イエー】桑山千雪\最高だぜー.csv,6,2016011010010,千雪,哇……好的……！,桑山千雪,【夏、イエー】桑山千雪,最高だぜー
桑山千雪\【夏、イエー】桑山千雪\最高だぜー.csv,8,2016011010020,千雪,呵呵呵————,桑山千雪,【夏、イエー】桑山千雪,最高だぜー
桑山千雪\【夏、イエー】桑山千雪\最高だぜー.csv,9,2016011010030,千雪,"哈……总算可以用手套接住球了
没想到，投球竟然这么难……！",桑山千雪,【夏、イエー】桑山千雪,最高だぜー
桑山千雪\【夏、イエー】桑山千雪\最高だぜー.csv,12,2016011010040,千雪,不、不会……！,桑山千雪,【夏、イエー】桑山千雪,最高だぜー
桑山千雪\【夏、イエー】桑山千雪\最高だぜー.csv,13,2016011010050,千雪,"投球的场景，明明只有一瞬间……
能陪我练这么久，我很感激",桑山千雪,【夏、イエー】桑山千雪,最高だぜー
桑山千雪\【夏、イエー】桑山千雪\最高だぜー.csv,15,2016011010060,千雪,哇——湿哒哒……！,桑山千雪,【夏、イエー】桑山千雪,最高だぜー
桑山千雪\【夏、イエー】桑山千雪\最高だぜー.csv,17,2016011010061,千雪＆プロデューサー,————呵呵呵,桑山千雪,【夏、イエー】桑山千雪,最高だぜー
桑山千雪\【夏、イエー】桑山千雪\最高だぜー.csv,18,2016011010070,千雪,我那会也只是旁观而已啊……,桑山千雪,【夏、イエー】桑山千雪,最高だぜー
桑山千雪\【夏、イエー】桑山千雪\最高だぜー.csv,20,2016011010080,千雪,"啊，不是……
我曾经在美术部",桑山千雪,【夏、イエー】桑山千雪,最高だぜー
桑山千雪\【夏、イエー】桑山千雪\最高だぜー.csv,21,2016011010090,千雪,"就总是，
在窗边看看或听着其他人打棒球",桑山千雪,【夏、イエー】桑山千雪,最高だぜー
桑山千雪\【夏、イエー】桑山千雪\最高だぜー.csv,23,2016011010100,千雪,"有的
因为他们并不是特别强的队伍",桑山千雪,【夏、イエー】桑山千雪,最高だぜー
桑山千雪\【夏、イエー】桑山千雪\最高だぜー.csv,24,2016011010110,千雪,"——呵呵，不过我总是能听到很棒的呼声
他们喊着“太棒了——！”",桑山千雪,【夏、イエー】桑山千雪,最高だぜー
桑山千雪\【夏、イエー】桑山千雪\最高だぜー.csv,26,2016011010120,千雪,"呵呵呵，他们总是
一边喊着“开球了——！”一边练习抛接球",桑山千雪,【夏、イエー】桑山千雪,最高だぜー
桑山千雪\【夏、イエー】桑山千雪\最高だぜー.csv,27,2016011010130,千雪,"然后，
我总是听成“太棒了——！”……",桑山千雪,【夏、イエー】桑山千雪,最高だぜー
桑山千雪\【夏、イエー】桑山千雪\最高だぜー.csv,29,2016011010140,千雪,"呵呵……
他们最棒了",桑山千雪,【夏、イエー】桑山千雪,最高だぜー
桑山千雪\【夏、イエー】桑山千雪\最高だぜー.csv,33,2016011010150,千雪,……是啊,桑山千雪,【夏、イエー】桑山千雪,最高だぜー
桑山千雪\【夏、イエー】桑山千雪\最高だぜー.csv,34,2016011010160,千雪,没错……,桑山千雪,【夏、イエー】桑山千雪,最高だぜー
桑山千雪\【夏、イエー】桑山千雪\最高だぜー.csv,35,2016011010170,千雪,"——呵
休息结束了，制作人",桑山千雪,【夏、イエー】桑山千雪,最高だぜー
桑山千雪\【夏、イエー】桑山千雪\最高だぜー.csv,37,2016011010180,千雪,好的,桑山千雪,【夏、イエー】桑山千雪,最高だぜー
桑山千雪\【夏、イエー】桑山千雪\最高だぜー.csv,38,2016011010190,千雪,我要……开始了……！,桑山千雪,【夏、イエー】桑山千雪,最高だぜー
桑山千雪\【夏、イエー】桑山千雪\最高だぜー.csv,39,2016011010200,千雪,我的夏天，要开始了,桑山千雪,【夏、イエー】桑山千雪,最高だぜー
桑山千雪\【夏、イエー】桑山千雪\最高だぜー.csv,41,2016011010210,千雪,——从这一球开始————！,桑山千雪,【夏、イエー】桑山千雪,最高だぜー
桑山千雪\【夏、イエー】桑山千雪\最高だぜー.csv,42,2016011010220,千雪,嘿…………！,桑山千雪,【夏、イエー】桑山千雪,最高だぜー
桑山千雪\【秋空と紅葉】桑山千雪\染まっちゃった.csv,3,2016012030010,千雪,谢谢,桑山千雪,【秋空と紅葉】桑山千雪,染まっちゃった
桑山千雪\【秋空と紅葉】桑山千雪\染まっちゃった.csv,6,2016012030020,千雪,呵呵，谢谢您,桑山千雪,【秋空と紅葉】桑山千雪,染まっちゃった
桑山千雪\【秋空と紅葉】桑山千雪\染まっちゃった.csv,7,2016012030030,千雪,要稍微出去走走吗？毕竟红叶很漂亮,桑山千雪,【秋空と紅葉】桑山千雪,染まっちゃった
桑山千雪\【秋空と紅葉】桑山千雪\染まっちゃった.csv,8,2016012030040,千雪,哇……！好厉害……,桑山千雪,【秋空と紅葉】桑山千雪,染まっちゃった
桑山千雪\【秋空と紅葉】桑山千雪\染まっちゃった.csv,10,2016012030050,千雪,这么漂亮的景色……能看见真是太好了,桑山千雪,【秋空と紅葉】桑山千雪,染まっちゃった
桑山千雪\【秋空と紅葉】桑山千雪\染まっちゃった.csv,12,2016012030060,千雪,呵呵，是吗？,桑山千雪,【秋空と紅葉】桑山千雪,染まっちゃった
桑山千雪\【秋空と紅葉】桑山千雪\染まっちゃった.csv,14,2016012030070,千雪,"没那回事……但是
真的——很红……呢",桑山千雪,【秋空と紅葉】桑山千雪,染まっちゃった
桑山千雪\【秋空と紅葉】桑山千雪\染まっちゃった.csv,16,2016012030080,千雪,怎、怎么会……,桑山千雪,【秋空と紅葉】桑山千雪,染まっちゃった
桑山千雪\【秋空と紅葉】桑山千雪\染まっちゃった.csv,19,2016012030090,千雪,是呢……,桑山千雪,【秋空と紅葉】桑山千雪,染まっちゃった
桑山千雪\【秋空と紅葉】桑山千雪\染まっちゃった.csv,20,2016012030100,千雪,久违地画了幅话，感觉好像和自己正面相对了,桑山千雪,【秋空と紅葉】桑山千雪,染まっちゃった
桑山千雪\【秋空と紅葉】桑山千雪\染まっちゃった.csv,22,2016012030110,千雪,是的，一定是这样,桑山千雪,【秋空と紅葉】桑山千雪,染まっちゃった
桑山千雪\【秋空と紅葉】桑山千雪\染まっちゃった.csv,23,2016012030120,千雪,"画……
说不定，也会有那样的作用呢",桑山千雪,【秋空と紅葉】桑山千雪,染まっちゃった
桑山千雪\【秋空と紅葉】桑山千雪\染まっちゃった.csv,24,2016012030130,千雪,"——之前经常画啊……
就正好是在这种时期",桑山千雪,【秋空と紅葉】桑山千雪,染まっちゃった
桑山千雪\【秋空と紅葉】桑山千雪\染まっちゃった.csv,26,2016012030140,千雪,没什么，呵呵,桑山千雪,【秋空と紅葉】桑山千雪,染まっちゃった
桑山千雪\【秋空と紅葉】桑山千雪\染まっちゃった.csv,27,2016012030150,千雪,稍微变得有点多愁善感了……,桑山千雪,【秋空と紅葉】桑山千雪,染まっちゃった
桑山千雪\【秋空と紅葉】桑山千雪\染まっちゃった.csv,28,2016012030160,千雪,肯定，都是因为这份景色……！,桑山千雪,【秋空と紅葉】桑山千雪,染まっちゃった
桑山千雪\【秋空と紅葉】桑山千雪\染まっちゃった.csv,30,2016012030170,千雪,制作人先生也很多愁善感吗……？,桑山千雪,【秋空と紅葉】桑山千雪,染まっちゃった
桑山千雪\【秋空と紅葉】桑山千雪\染まっちゃった.csv,33,2016012030180,千雪,"呵呵
呵呵呵……！",桑山千雪,【秋空と紅葉】桑山千雪,染まっちゃった
桑山千雪\【秋空と紅葉】桑山千雪\染まっちゃった.csv,34,2016012030190,千雪,好漂亮的红叶……,桑山千雪,【秋空と紅葉】桑山千雪,染まっちゃった
桑山千雪\【秋空と紅葉】桑山千雪\染まっちゃった.csv,35,2016012030200,千雪,真的……已经完全是秋天了呢,桑山千雪,【秋空と紅葉】桑山千雪,染まっちゃった
桑山千雪\【秋空と紅葉】桑山千雪\染める.csv,2,2016012020010,千雪,“那个……我……！”,桑山千雪,【秋空と紅葉】桑山千雪,染める
桑山千雪\【秋空と紅葉】桑山千雪\染める.csv,3,2016012020020,千雪,嗯——……,桑山千雪,【秋空と紅葉】桑山千雪,染める
桑山千雪\【秋空と紅葉】桑山千雪\染める.csv,5,2016012020030,千雪,“……我……！”,桑山千雪,【秋空と紅葉】桑山千雪,染める
桑山千雪\【秋空と紅葉】桑山千雪\染める.csv,6,2016012020040,千雪,哈……,桑山千雪,【秋空と紅葉】桑山千雪,染める
桑山千雪\【秋空と紅葉】桑山千雪\染める.csv,7,2016012020050,千雪,那、那个……,桑山千雪,【秋空と紅葉】桑山千雪,染める
桑山千雪\【秋空と紅葉】桑山千雪\染める.csv,8,2016012020060,千雪,刚才的，是至今为止最好的一次……对吧……！,桑山千雪,【秋空と紅葉】桑山千雪,染める
桑山千雪\【秋空と紅葉】桑山千雪\染める.csv,10,2016012020070,千雪,"虽然想着按自己的风格来，下了点功夫……
但还是没什么进展",桑山千雪,【秋空と紅葉】桑山千雪,染める
桑山千雪\【秋空と紅葉】桑山千雪\染める.csv,12,2016012020080,千雪,是呢……,桑山千雪,【秋空と紅葉】桑山千雪,染める
桑山千雪\【秋空と紅葉】桑山千雪\染める.csv,13,2016012020090,千雪,啊……,桑山千雪,【秋空と紅葉】桑山千雪,染める
桑山千雪\【秋空と紅葉】桑山千雪\染める.csv,15,2016012020100,千雪,那个……我能再稍微自己想一想吗？,桑山千雪,【秋空と紅葉】桑山千雪,染める
桑山千雪\【秋空と紅葉】桑山千雪\染める.csv,17,2016012020110,千雪,我有个想尝试一下的主意……,桑山千雪,【秋空と紅葉】桑山千雪,染める
桑山千雪\【秋空と紅葉】桑山千雪\染める.csv,19,2016012020120,千雪,"谢谢您
请再来看我练习哦",桑山千雪,【秋空と紅葉】桑山千雪,染める
桑山千雪\【秋空と紅葉】桑山千雪\染める.csv,20,2016012020130,千雪,,桑山千雪,【秋空と紅葉】桑山千雪,染める
桑山千雪\【秋空と紅葉】桑山千雪\染める.csv,22,2016012020140,千雪,啊……,桑山千雪,【秋空と紅葉】桑山千雪,染める
桑山千雪\【秋空と紅葉】桑山千雪\染める.csv,23,2016012020150,千雪,那个……,桑山千雪,【秋空と紅葉】桑山千雪,染める
桑山千雪\【秋空と紅葉】桑山千雪\染める.csv,25,2016012020160,千雪,不、不，也不是什么不能让别人看到的东西……,桑山千雪,【秋空と紅葉】桑山千雪,染める
桑山千雪\【秋空と紅葉】桑山千雪\染める.csv,27,2016012020170,千雪,还没到自画像的程度……,桑山千雪,【秋空と紅葉】桑山千雪,染める
桑山千雪\【秋空と紅葉】桑山千雪\染める.csv,28,2016012020180,千雪,"让自己脸颊染红的表情……那种印象，
就算照镜子，也没法完美地做出",桑山千雪,【秋空と紅葉】桑山千雪,染める
桑山千雪\【秋空と紅葉】桑山千雪\染める.csv,30,2016012020190,千雪,"不，哪有……！
只是在上高中的时候，学到了点一知半解的知识而已",桑山千雪,【秋空と紅葉】桑山千雪,染める
桑山千雪\【秋空と紅葉】桑山千雪\染める.csv,32,2016012020200,千雪,没、没那回事,桑山千雪,【秋空と紅葉】桑山千雪,染める
桑山千雪\【秋空と紅葉】桑山千雪\染める.csv,34,2016012020210,千雪,哇，我，刚才脸可能变红了……,桑山千雪,【秋空と紅葉】桑山千雪,染める
桑山千雪\【秋空と紅葉】桑山千雪\染める.csv,36,2016012020220,千雪,如果正式拍摄也能做到这样就好了……,桑山千雪,【秋空と紅葉】桑山千雪,染める
桑山千雪\【秋空と紅葉】桑山千雪\染める.csv,40,2016012020230,千雪,是、是这样吗……？,桑山千雪,【秋空と紅葉】桑山千雪,染める
桑山千雪\【秋空と紅葉】桑山千雪\染める.csv,42,2016012020240,千雪,"好的……！
我会努力不要忘记这种感觉的哦",桑山千雪,【秋空と紅葉】桑山千雪,染める
桑山千雪\【秋空と紅葉】桑山千雪\染める.csv,44,2016012020250,千雪,"呵呵
不……",桑山千雪,【秋空と紅葉】桑山千雪,染める
桑山千雪\【秋空と紅葉】桑山千雪\染める.csv,45,2016012020260,千雪,不过，如果能顺利进行就好了,桑山千雪,【秋空と紅葉】桑山千雪,染める
桑山千雪\【秋空と紅葉】桑山千雪\染める.csv,46,2016012020270,千雪,啊，确实……,桑山千雪,【秋空と紅葉】桑山千雪,染める
桑山千雪\【秋空と紅葉】桑山千雪\染める.csv,47,2016012020280,千雪,我也想确认一下现在的表情,桑山千雪,【秋空と紅葉】桑山千雪,染める
桑山千雪\【秋空と紅葉】桑山千雪\染める.csv,49,2016012020290,千雪,——啊啊，但是……！,桑山千雪,【秋空と紅葉】桑山千雪,染める
桑山千雪\【秋空と紅葉】桑山千雪\染める.csv,50,2016012020300,千雪,"要是再被夸奖一次也很……
总感觉……",桑山千雪,【秋空と紅葉】桑山千雪,染める
桑山千雪\【秋空と紅葉】桑山千雪\染める.csv,51,2016012020310,千雪,那个，该怎么说呢……,桑山千雪,【秋空と紅葉】桑山千雪,染める
桑山千雪\【秋空と紅葉】桑山千雪\染める.csv,53,2016012020320,千雪,"呵呵
是的……",桑山千雪,【秋空と紅葉】桑山千雪,染める
桑山千雪\【秋空と紅葉】桑山千雪\染める.csv,55,2016012020330,千雪,好的……,桑山千雪,【秋空と紅葉】桑山千雪,染める
桑山千雪\【秋空と紅葉】桑山千雪\染める.csv,56,2016012020340,千雪,"————嗯
我再稍微画画看哦",桑山千雪,【秋空と紅葉】桑山千雪,染める
桑山千雪\【秋空と紅葉】桑山千雪\染める.csv,57,2016012020350,千雪,同时，和我的脸正面相对,桑山千雪,【秋空と紅葉】桑山千雪,染める
桑山千雪\【秋空と紅葉】桑山千雪\構図.csv,2,2016012110010,千雪,,桑山千雪,【秋空と紅葉】桑山千雪,構図
桑山千雪\【秋空と紅葉】桑山千雪\構図.csv,3,2016012110020,千雪,"嗯——，构图……
决定不下来……",桑山千雪,【秋空と紅葉】桑山千雪,構図
桑山千雪\【秋空と紅葉】桑山千雪\構図.csv,4,2016012110030,千雪,把红叶当作主体部分来画……,桑山千雪,【秋空と紅葉】桑山千雪,構図
桑山千雪\【秋空と紅葉】桑山千雪\構図.csv,5,2016012110040,千雪,"……
然后————",桑山千雪,【秋空と紅葉】桑山千雪,構図
桑山千雪\【秋空と紅葉】桑山千雪\構図.csv,7,2016012110050,千雪,————制作人先生,桑山千雪,【秋空と紅葉】桑山千雪,構図
桑山千雪\【秋空と紅葉】桑山千雪\構図.csv,10,2016012110060,千雪,不冷……！,桑山千雪,【秋空と紅葉】桑山千雪,構図
桑山千雪\【秋空と紅葉】桑山千雪\構図.csv,11,2016012110070,千雪,"呵呵
总感觉，那样就太浪费了",桑山千雪,【秋空と紅葉】桑山千雪,構図
桑山千雪\【秋空と紅葉】桑山千雪\構図.csv,13,2016012110080,千雪,我想多看看，黄昏时候夕阳的颜色——,桑山千雪,【秋空と紅葉】桑山千雪,構図
桑山千雪\【秋空と紅葉】桑山千雪\構図.csv,16,2016012110090,千雪,"嗯
是很漂亮的颜色",桑山千雪,【秋空と紅葉】桑山千雪,構図
桑山千雪\【秋空と紅葉】桑山千雪\構図.csv,17,2016012110091,千雪＆プロデューサー,哈哈……,桑山千雪,【秋空と紅葉】桑山千雪,構図
桑山千雪\【秋空と紅葉】桑山千雪\構図.csv,20,2016012110100,千雪,"……哇
是从哪里飘落的呢",桑山千雪,【秋空と紅葉】桑山千雪,構図
桑山千雪\【秋空と紅葉】桑山千雪\構図.csv,21,2016012110101,千雪＆プロデューサー,,桑山千雪,【秋空と紅葉】桑山千雪,構図
桑山千雪\【秋空と紅葉】桑山千雪\構図.csv,23,2016012110110,千雪,"哇，那个……！
没事……！",桑山千雪,【秋空と紅葉】桑山千雪,構図
桑山千雪\【秋空と紅葉】桑山千雪\構図.csv,24,2016012110120,千雪,对、对不起……,桑山千雪,【秋空と紅葉】桑山千雪,構図
桑山千雪\【秋空と紅葉】桑山千雪\構図.csv,27,2016012110130,千雪,"完、完全没事……！
制作人先生才是————",桑山千雪,【秋空と紅葉】桑山千雪,構図
桑山千雪\【秋空と紅葉】桑山千雪\構図.csv,28,2016012110131,千雪＆プロデューサー,————啊——……！,桑山千雪,【秋空と紅葉】桑山千雪,構図
桑山千雪\【秋空と紅葉】桑山千雪\構図.csv,29,2016012110140,千雪,红叶——……！,桑山千雪,【秋空と紅葉】桑山千雪,構図
桑山千雪\【秋空と紅葉】桑山千雪\構図.csv,30,2016012110150,千雪,"——呵呵
呵呵呵……",桑山千雪,【秋空と紅葉】桑山千雪,構図
桑山千雪\【秋空と紅葉】桑山千雪\構図.csv,31,2016012110160,千雪,毕竟一不小心让它飞走了啊……,桑山千雪,【秋空と紅葉】桑山千雪,構図
桑山千雪\【秋空と紅葉】桑山千雪\構図.csv,32,2016012110170,千雪,"————
嗯，构图…………",桑山千雪,【秋空と紅葉】桑山千雪,構図
桑山千雪\【秋空と紅葉】桑山千雪\構図.csv,33,2016012110180,千雪,"两个……
穿着风衣的人影……————",桑山千雪,【秋空と紅葉】桑山千雪,構図
桑山千雪\【秋空と紅葉】桑山千雪\構図.csv,34,2016012110190,千雪,,桑山千雪,【秋空と紅葉】桑山千雪,構図
桑山千雪\【秋空と紅葉】桑山千雪\構図.csv,36,2016012110200,千雪,"啊啊，不用……！
不用这么麻烦您的————",桑山千雪,【秋空と紅葉】桑山千雪,構図
桑山千雪\【秋空と紅葉】桑山千雪\構図.csv,38,2016012110210,千雪,————诶？,桑山千雪,【秋空と紅葉】桑山千雪,構図
桑山千雪\【秋空と紅葉】桑山千雪\構図.csv,39,2016012110220,千雪,————我放弃了,桑山千雪,【秋空と紅葉】桑山千雪,構図
桑山千雪\【秋空と紅葉】桑山千雪\構図.csv,40,2016012110230,千雪,"——
很重要的……？",桑山千雪,【秋空と紅葉】桑山千雪,構図
桑山千雪\【秋空と紅葉】桑山千雪\構図.csv,43,2016012110240,千雪,,桑山千雪,【秋空と紅葉】桑山千雪,構図
桑山千雪\【秋空と紅葉】桑山千雪\構図.csv,44,2016012110250,千雪,————呵呵……,桑山千雪,【秋空と紅葉】桑山千雪,構図
桑山千雪\【秋空と紅葉】桑山千雪\構図.csv,45,2016012110260,千雪,黄昏的天空……,桑山千雪,【秋空と紅葉】桑山千雪,構図
桑山千雪\【秋空と紅葉】桑山千雪\構図.csv,46,2016012110270,千雪,"然后还有……
一片、红叶————",桑山千雪,【秋空と紅葉】桑山千雪,構図
桑山千雪\【秋空と紅葉】桑山千雪\構図.csv,47,2016012110280,千雪,"——嗯
只有这些",桑山千雪,【秋空と紅葉】桑山千雪,構図
桑山千雪\【秋空と紅葉】桑山千雪\構図.csv,49,2016012110290,千雪,哇……！,桑山千雪,【秋空と紅葉】桑山千雪,構図
桑山千雪\【秋空と紅葉】桑山千雪\構図.csv,50,2016012110300,千雪,"……因为，
这样就已经",桑山千雪,【秋空と紅葉】桑山千雪,構図
桑山千雪\【秋空と紅葉】桑山千雪\構図.csv,51,2016012110310,千雪,足够能把我的心情，全部画下来了啊————,桑山千雪,【秋空と紅葉】桑山千雪,構図
桑山千雪\【秋空と紅葉】桑山千雪\紅葉ひとかけ.csv,2,2016012040010,千雪,1，2，3，4……,桑山千雪,【秋空と紅葉】桑山千雪,紅葉ひとかけ
桑山千雪\【秋空と紅葉】桑山千雪\紅葉ひとかけ.csv,3,2016012040020,千雪,5，6，7，8……！,桑山千雪,【秋空と紅葉】桑山千雪,紅葉ひとかけ
桑山千雪\【秋空と紅葉】桑山千雪\紅葉ひとかけ.csv,4,2016012040030,千雪,成功了……！,桑山千雪,【秋空と紅葉】桑山千雪,紅葉ひとかけ
桑山千雪\【秋空と紅葉】桑山千雪\紅葉ひとかけ.csv,6,2016012040040,千雪,制作人先生……！？,桑山千雪,【秋空と紅葉】桑山千雪,紅葉ひとかけ
桑山千雪\【秋空と紅葉】桑山千雪\紅葉ひとかけ.csv,8,2016012040050,千雪,"您从什么时候就在了？
我完全没注意到……",桑山千雪,【秋空と紅葉】桑山千雪,紅葉ひとかけ
桑山千雪\【秋空と紅葉】桑山千雪\紅葉ひとかけ.csv,12,2016012040060,千雪,哇，红叶馒头……,桑山千雪,【秋空と紅葉】桑山千雪,紅葉ひとかけ
桑山千雪\【秋空と紅葉】桑山千雪\紅葉ひとかけ.csv,13,2016012040070,千雪,呵呵，您记住了呢,桑山千雪,【秋空と紅葉】桑山千雪,紅葉ひとかけ
桑山千雪\【秋空と紅葉】桑山千雪\紅葉ひとかけ.csv,15,2016012040080,千雪,"好开心……
谢谢您",桑山千雪,【秋空と紅葉】桑山千雪,紅葉ひとかけ
桑山千雪\【秋空と紅葉】桑山千雪\紅葉ひとかけ.csv,16,2016012040090,千雪,我把它收起来哦……！,桑山千雪,【秋空と紅葉】桑山千雪,紅葉ひとかけ
桑山千雪\【秋空と紅葉】桑山千雪\紅葉ひとかけ.csv,18,2016012040100,千雪,"是、是的……！
因为——",桑山千雪,【秋空と紅葉】桑山千雪,紅葉ひとかけ
桑山千雪\【秋空と紅葉】桑山千雪\紅葉ひとかけ.csv,19,2016012040110,千雪,"因为在课程刚结束，很想补充糖分的时候
狼吞虎咽地吃掉，实在是太浪费了嘛……！",桑山千雪,【秋空と紅葉】桑山千雪,紅葉ひとかけ
桑山千雪\【秋空と紅葉】桑山千雪\紅葉ひとかけ.csv,21,2016012040120,千雪,"呵呵
我很在意的——……！",桑山千雪,【秋空と紅葉】桑山千雪,紅葉ひとかけ
桑山千雪\【秋空と紅葉】桑山千雪\紅葉ひとかけ.csv,22,2016012040130,千雪,——因为，您看,桑山千雪,【秋空と紅葉】桑山千雪,紅葉ひとかけ
桑山千雪\【秋空と紅葉】桑山千雪\紅葉ひとかけ.csv,23,2016012040140,千雪,今天是这么棒的一个秋日啊,桑山千雪,【秋空と紅葉】桑山千雪,紅葉ひとかけ
桑山千雪\【秋空と紅葉】桑山千雪\紅葉ひとかけ.csv,25,2016012040150,千雪,要更加仔细地享受红叶才行,桑山千雪,【秋空と紅葉】桑山千雪,紅葉ひとかけ
桑山千雪\【秋空と紅葉】桑山千雪\紅葉ひとかけ.csv,27,2016012040160,千雪,是的,桑山千雪,【秋空と紅葉】桑山千雪,紅葉ひとかけ
桑山千雪\【秋空と紅葉】桑山千雪\紅葉ひとかけ.csv,28,2016012040161,千雪＆プロデューサー,,桑山千雪,【秋空と紅葉】桑山千雪,紅葉ひとかけ
桑山千雪\【秋空と紅葉】桑山千雪\紅葉ひとかけ.csv,29,2016012040170,千雪,"那、那个……
请不要在意……！",桑山千雪,【秋空と紅葉】桑山千雪,紅葉ひとかけ
桑山千雪\【秋空と紅葉】桑山千雪\紅葉ひとかけ.csv,31,2016012040180,千雪,"那个，不是的……啊
倒也没错，那个……！",桑山千雪,【秋空と紅葉】桑山千雪,紅葉ひとかけ
桑山千雪\【秋空と紅葉】桑山千雪\紅葉ひとかけ.csv,37,2016012040190,千雪,那个，怎么好意思这么麻烦您呢……！,桑山千雪,【秋空と紅葉】桑山千雪,紅葉ひとかけ
桑山千雪\【秋空と紅葉】桑山千雪\紅葉ひとかけ.csv,39,2016012040200,千雪,但是……,桑山千雪,【秋空と紅葉】桑山千雪,紅葉ひとかけ
桑山千雪\【秋空と紅葉】桑山千雪\紅葉ひとかけ.csv,41,2016012040210,千雪,,桑山千雪,【秋空と紅葉】桑山千雪,紅葉ひとかけ
桑山千雪\【秋空と紅葉】桑山千雪\紅葉ひとかけ.csv,43,2016012040220,千雪,,桑山千雪,【秋空と紅葉】桑山千雪,紅葉ひとかけ
桑山千雪\【秋空と紅葉】桑山千雪\紅葉ひとかけ.csv,46,2016012040230,千雪,制、制作人先生……！,桑山千雪,【秋空と紅葉】桑山千雪,紅葉ひとかけ
桑山千雪\【秋空と紅葉】桑山千雪\紅葉ひとかけ.csv,48,2016012040240,千雪,"好、好的……！
呵呵……",桑山千雪,【秋空と紅葉】桑山千雪,紅葉ひとかけ
桑山千雪\【秋空と紅葉】桑山千雪\紅葉ひとかけ.csv,49,2016012040250,千雪,啊啊，真是的，该怎么说呢——,桑山千雪,【秋空と紅葉】桑山千雪,紅葉ひとかけ
桑山千雪\【秋空と紅葉】桑山千雪\紅葉ひとかけ.csv,50,2016012040260,千雪,太高兴了，脸颊都发烫了……,桑山千雪,【秋空と紅葉】桑山千雪,紅葉ひとかけ
桑山千雪\【秋空と紅葉】桑山千雪\紅葉ひとかけ.csv,51,2016012040270,千雪,,桑山千雪,【秋空と紅葉】桑山千雪,紅葉ひとかけ
桑山千雪\【秋空と紅葉】桑山千雪\紅葉ひとかけ.csv,53,2016012040280,千雪,"制、制作人先生……！
这怎么行呢，如果让您为我操心————",桑山千雪,【秋空と紅葉】桑山千雪,紅葉ひとかけ
桑山千雪\【秋空と紅葉】桑山千雪\紅葉ひとかけ.csv,55,2016012040290,千雪,……制作人先生,桑山千雪,【秋空と紅葉】桑山千雪,紅葉ひとかけ
桑山千雪\【秋空と紅葉】桑山千雪\紅葉ひとかけ.csv,57,2016012040300,千雪,"不……
没那回事……",桑山千雪,【秋空と紅葉】桑山千雪,紅葉ひとかけ
桑山千雪\【秋空と紅葉】桑山千雪\紅葉ひとかけ.csv,59,2016012040310,千雪,好的……！,桑山千雪,【秋空と紅葉】桑山千雪,紅葉ひとかけ
桑山千雪\【秋空と紅葉】桑山千雪\紅葉ひとひら.csv,2,2016012010010,千雪,我去泡点茶来,桑山千雪,【秋空と紅葉】桑山千雪,紅葉ひとひら
桑山千雪\【秋空と紅葉】桑山千雪\紅葉ひとひら.csv,4,2016012010020,千雪,今天被老师表扬了舞蹈的动作,桑山千雪,【秋空と紅葉】桑山千雪,紅葉ひとひら
桑山千雪\【秋空と紅葉】桑山千雪\紅葉ひとひら.csv,5,2016012010030,千雪,所以，我现在是绝佳状态哦♪,桑山千雪,【秋空と紅葉】桑山千雪,紅葉ひとひら
桑山千雪\【秋空と紅葉】桑山千雪\紅葉ひとひら.csv,6,2016012010040,千雪,而且，我也要喝的，所以……,桑山千雪,【秋空と紅葉】桑山千雪,紅葉ひとひら
桑山千雪\【秋空と紅葉】桑山千雪\紅葉ひとひら.csv,8,2016012010050,千雪,好的……！请稍等一下哦,桑山千雪,【秋空と紅葉】桑山千雪,紅葉ひとひら
桑山千雪\【秋空と紅葉】桑山千雪\紅葉ひとひら.csv,12,2016012010060,千雪,枫叶馒头……！,桑山千雪,【秋空と紅葉】桑山千雪,紅葉ひとひら
桑山千雪\【秋空と紅葉】桑山千雪\紅葉ひとひら.csv,14,2016012010070,千雪,哇……！好可爱……！,桑山千雪,【秋空と紅葉】桑山千雪,紅葉ひとひら
桑山千雪\【秋空と紅葉】桑山千雪\紅葉ひとひら.csv,16,2016012010080,千雪,"因为，您不觉得
这种稍微有点圆滚滚胖乎乎的地方很可爱吗？",桑山千雪,【秋空と紅葉】桑山千雪,紅葉ひとひら
桑山千雪\【秋空と紅葉】桑山千雪\紅葉ひとひら.csv,18,2016012010090,千雪,"呵呵
我开动了……！",桑山千雪,【秋空と紅葉】桑山千雪,紅葉ひとひら
桑山千雪\【秋空と紅葉】桑山千雪\紅葉ひとひら.csv,20,2016012010100,千雪,啊……制作人先生，您看,桑山千雪,【秋空と紅葉】桑山千雪,紅葉ひとひら
桑山千雪\【秋空と紅葉】桑山千雪\紅葉ひとひら.csv,21,2016012010110,千雪,您看，窗外也满是红叶哦,桑山千雪,【秋空と紅葉】桑山千雪,紅葉ひとひら
桑山千雪\【秋空と紅葉】桑山千雪\紅葉ひとひら.csv,23,2016012010120,千雪,"一边欣赏红叶一边吃着红叶馒头，
这样总感觉好奢侈啊……！",桑山千雪,【秋空と紅葉】桑山千雪,紅葉ひとひら
桑山千雪\【秋空と紅葉】桑山千雪\紅葉ひとひら.csv,26,2016012010130,千雪,我的感性……吗,桑山千雪,【秋空と紅葉】桑山千雪,紅葉ひとひら
桑山千雪\【秋空と紅葉】桑山千雪\紅葉ひとひら.csv,28,2016012010140,千雪,"真是的……！
因为，真的很可爱不是吗",桑山千雪,【秋空と紅葉】桑山千雪,紅葉ひとひら
桑山千雪\【秋空と紅葉】桑山千雪\紅葉ひとひら.csv,32,2016012010150,千雪,是这样吗？,桑山千雪,【秋空と紅葉】桑山千雪,紅葉ひとひら
桑山千雪\【秋空と紅葉】桑山千雪\紅葉ひとひら.csv,34,2016012010160,千雪,"——真是的……！
只有制作人先生自己自顾自地明白了",桑山千雪,【秋空と紅葉】桑山千雪,紅葉ひとひら
桑山千雪\【秋空と紅葉】桑山千雪\紅葉ひとひら.csv,35,2016012010170,千雪,请说明一下,桑山千雪,【秋空と紅葉】桑山千雪,紅葉ひとひら
桑山千雪\【秋空と紅葉】桑山千雪\紅葉ひとひら.csv,38,2016012010180,千雪,"——啊啊，那个
我并不是想责怪您……！",桑山千雪,【秋空と紅葉】桑山千雪,紅葉ひとひら
桑山千雪\【秋空と紅葉】桑山千雪\紅葉ひとひら.csv,40,2016012010190,千雪,"……！？
是、是怎么了呢……！对不起……！",桑山千雪,【秋空と紅葉】桑山千雪,紅葉ひとひら
桑山千雪\【秋空と紅葉】桑山千雪\紅葉ひとひら.csv,43,2016012010200,千雪,温泉馒头也很好对吧，很朴素,桑山千雪,【秋空と紅葉】桑山千雪,紅葉ひとひら
桑山千雪\【秋空と紅葉】桑山千雪\紅葉ひとひら.csv,44,2016012010210,千雪,"但是，看见这种形状讲究的东西，
果然还是会被吸引……！",桑山千雪,【秋空と紅葉】桑山千雪,紅葉ひとひら
桑山千雪\【秋空と紅葉】桑山千雪\紅葉ひとひら.csv,46,2016012010220,千雪,"呵呵
是的……",桑山千雪,【秋空と紅葉】桑山千雪,紅葉ひとひら
桑山千雪\【秋空と紅葉】桑山千雪\紅葉ひとひら.csv,48,2016012010230,千雪,哇，还有那种吗……！,桑山千雪,【秋空と紅葉】桑山千雪,紅葉ひとひら
桑山千雪\【秋空と紅葉】桑山千雪\紅葉ひとひら.csv,50,2016012010240,千雪,"真好啊……
谢谢您",桑山千雪,【秋空と紅葉】桑山千雪,紅葉ひとひら
桑山千雪\【秋空と紅葉】桑山千雪\紅葉ひとひら.csv,51,2016012010250,千雪,是呢……,桑山千雪,【秋空と紅葉】桑山千雪,紅葉ひとひら
桑山千雪\【秋空と紅葉】桑山千雪\紅葉ひとひら.csv,52,2016012010260,千雪,秋天也是我非常喜欢的季节,桑山千雪,【秋空と紅葉】桑山千雪,紅葉ひとひら
桑山千雪\【秋空と紅葉】桑山千雪\紅葉ひとひら.csv,53,2016012010270,千雪,"天空很漂亮，红叶也是……
真的非常棒，而且……",桑山千雪,【秋空と紅葉】桑山千雪,紅葉ひとひら
桑山千雪\【秋空と紅葉】桑山千雪\紅葉ひとひら.csv,54,2016012010280,千雪,食物也很好吃呢,桑山千雪,【秋空と紅葉】桑山千雪,紅葉ひとひら
桑山千雪\【秋空と紅葉】桑山千雪\紅葉ひとひら.csv,56,2016012010290,千雪,呵呵,桑山千雪,【秋空と紅葉】桑山千雪,紅葉ひとひら
桑山千雪\【秋空と紅葉】桑山千雪\紅葉ひとひら.csv,57,2016012010300,千雪,必须得互相注意一下不要吃太多了呢,桑山千雪,【秋空と紅葉】桑山千雪,紅葉ひとひら
桑山千雪\【誘わないで、陽光】桑山千雪\【誘わないで、陽光】桑山千雪S_1.csv,2,3016021010010,千雪,……嗯……,桑山千雪,【誘わないで、陽光】桑山千雪,【誘わないで、陽光】桑山千雪S_1
桑山千雪\【誘わないで、陽光】桑山千雪\【誘わないで、陽光】桑山千雪S_1.csv,3,3016021010020,千雪,"（……该怎么应对
节目组的时尚审查呢……）",桑山千雪,【誘わないで、陽光】桑山千雪,【誘わないで、陽光】桑山千雪S_1
桑山千雪\【誘わないで、陽光】桑山千雪\【誘わないで、陽光】桑山千雪S_1.csv,4,3016021010030,千雪,（……优先考虑个人喜好吗……？）,桑山千雪,【誘わないで、陽光】桑山千雪,【誘わないで、陽光】桑山千雪S_1
桑山千雪\【誘わないで、陽光】桑山千雪\【誘わないで、陽光】桑山千雪S_1.csv,5,3016021010040,千雪,"（……还是说
选更受欢迎的风格……）",桑山千雪,【誘わないで、陽光】桑山千雪,【誘わないで、陽光】桑山千雪S_1
桑山千雪\【誘わないで、陽光】桑山千雪\【誘わないで、陽光】桑山千雪S_1.csv,7,3016021010050,千雪,（……千雪，你想得太美了）,桑山千雪,【誘わないで、陽光】桑山千雪,【誘わないで、陽光】桑山千雪S_1
桑山千雪\【誘わないで、陽光】桑山千雪\【誘わないで、陽光】桑山千雪S_1.csv,8,3016021010060,千雪,（这样可能反而会被人觉得是在刻意拍马屁吧……）,桑山千雪,【誘わないで、陽光】桑山千雪,【誘わないで、陽光】桑山千雪S_1
桑山千雪\【誘わないで、陽光】桑山千雪\【誘わないで、陽光】桑山千雪S_1.csv,9,3016021010070,千雪,…………,桑山千雪,【誘わないで、陽光】桑山千雪,【誘わないで、陽光】桑山千雪S_1
桑山千雪\【誘わないで、陽光】桑山千雪\【誘わないで、陽光】桑山千雪S_1.csv,11,3016021010090,千雪,"当然可以啦
谢谢你，甘奈",桑山千雪,【誘わないで、陽光】桑山千雪,【誘わないで、陽光】桑山千雪S_1
桑山千雪\【誘わないで、陽光】桑山千雪\【誘わないで、陽光】桑山千雪S_1.csv,12,3016021010100,千雪,"明明是休息日还麻烦你
真不好意思",桑山千雪,【誘わないで、陽光】桑山千雪,【誘わないで、陽光】桑山千雪S_1
桑山千雪\【誘わないで、陽光】桑山千雪\【誘わないで、陽光】桑山千雪S_1.csv,14,3016021010120,千雪,"……那么
请多指教，甘奈师父",桑山千雪,【誘わないで、陽光】桑山千雪,【誘わないで、陽光】桑山千雪S_1
桑山千雪\【誘わないで、陽光】桑山千雪\【誘わないで、陽光】桑山千雪S_1.csv,18,3016021010160,千雪,遵命……！,桑山千雪,【誘わないで、陽光】桑山千雪,【誘わないで、陽光】桑山千雪S_1
桑山千雪\【誘わないで、陽光】桑山千雪\【誘わないで、陽光】桑山千雪S_1.csv,26,3016021010230,千雪,是有朋友来家里过夜吗,桑山千雪,【誘わないで、陽光】桑山千雪,【誘わないで、陽光】桑山千雪S_1
桑山千雪\【誘わないで、陽光】桑山千雪\【誘わないで、陽光】桑山千雪S_1.csv,28,3016021010250,千雪,……？,桑山千雪,【誘わないで、陽光】桑山千雪,【誘わないで、陽光】桑山千雪S_1
桑山千雪\【誘わないで、陽光】桑山千雪\【誘わないで、陽光】桑山千雪S_1.csv,32,3016021010290,千雪,"原来还能这样吗
真好啊……",桑山千雪,【誘わないで、陽光】桑山千雪,【誘わないで、陽光】桑山千雪S_1
桑山千雪\【誘わないで、陽光】桑山千雪\【誘わないで、陽光】桑山千雪S_1.csv,34,3016021010310,千雪,"我可能会拖后腿哦
没关系吗？",桑山千雪,【誘わないで、陽光】桑山千雪,【誘わないで、陽光】桑山千雪S_1
桑山千雪\【誘わないで、陽光】桑山千雪\【誘わないで、陽光】桑山千雪S_1.csv,37,3016021010340,千雪,遵命……！,桑山千雪,【誘わないで、陽光】桑山千雪,【誘わないで、陽光】桑山千雪S_1
桑山千雪\【誘わないで、陽光】桑山千雪\【誘わないで、陽光】桑山千雪S_1.csv,40,3016021010370,千雪,呵呵,桑山千雪,【誘わないで、陽光】桑山千雪,【誘わないで、陽光】桑山千雪S_1
桑山千雪\【誘わないで、陽光】桑山千雪\【誘わないで、陽光】桑山千雪S_1.csv,41,3016021010380,千雪,需要提前准备些什么吗？,桑山千雪,【誘わないで、陽光】桑山千雪,【誘わないで、陽光】桑山千雪S_1
桑山千雪\【誘わないで、陽光】桑山千雪\【誘わないで、陽光】桑山千雪S_1.csv,43,3016021010400,千雪,"……
啊，是游戏里的名字吗",桑山千雪,【誘わないで、陽光】桑山千雪,【誘わないで、陽光】桑山千雪S_1
桑山千雪\【誘わないで、陽光】桑山千雪\【誘わないで、陽光】桑山千雪S_1.csv,46,3016021010430,千雪,"哇，你们两个的名字都好可爱啊♪
看来我也得起个好名字……！",桑山千雪,【誘わないで、陽光】桑山千雪,【誘わないで、陽光】桑山千雪S_1
桑山千雪\【誘わないで、陽光】桑山千雪\【誘わないで、陽光】桑山千雪S_1.csv,47,3016021010440,千雪,"……嗯
叫什么好呢……",桑山千雪,【誘わないで、陽光】桑山千雪,【誘わないで、陽光】桑山千雪S_1
桑山千雪\【誘わないで、陽光】桑山千雪\【誘わないで、陽光】桑山千雪S_1.csv,50,3016021010470,千雪,这样啊,桑山千雪,【誘わないで、陽光】桑山千雪,【誘わないで、陽光】桑山千雪S_1
桑山千雪\【誘わないで、陽光】桑山千雪\【誘わないで、陽光】桑山千雪S_1.csv,53,3016021010500,千雪,这么细节吗……,桑山千雪,【誘わないで、陽光】桑山千雪,【誘わないで、陽光】桑山千雪S_1
桑山千雪\【誘わないで、陽光】桑山千雪\【誘わないで、陽光】桑山千雪S_1.csv,54,3016021010510,千雪,（……要不要试试当男生呢……？）,桑山千雪,【誘わないで、陽光】桑山千雪,【誘わないで、陽光】桑山千雪S_1
桑山千雪\【誘わないで、陽光】桑山千雪\【誘わないで、陽光】桑山千雪S_1.csv,56,3016021010530,千雪,"（机会难得
要变成和平时完全不一样的自己才有趣嘛）",桑山千雪,【誘わないで、陽光】桑山千雪,【誘わないで、陽光】桑山千雪S_1
桑山千雪\【誘わないで、陽光】桑山千雪\【誘わないで、陽光】桑山千雪S_2 (1).csv,2,3016021020010,千雪,（……这件外套不错诶）,桑山千雪,【誘わないで、陽光】桑山千雪,【誘わないで、陽光】桑山千雪S_2 (1)
桑山千雪\【誘わないで、陽光】桑山千雪\【誘わないで、陽光】桑山千雪S_2 (1).csv,3,3016021020020,千雪,（哇，这套穿搭好棒）,桑山千雪,【誘わないで、陽光】桑山千雪,【誘わないで、陽光】桑山千雪S_2 (1)
桑山千雪\【誘わないで、陽光】桑山千雪\【誘わないで、陽光】桑山千雪S_2 (1).csv,4,3016021020030,千雪,"（这个饰品感觉很适合甘奈呢
……有机会要不要和她一起去找一下类似的呢）",桑山千雪,【誘わないで、陽光】桑山千雪,【誘わないで、陽光】桑山千雪S_2 (1)
桑山千雪\【誘わないで、陽光】桑山千雪\【誘わないで、陽光】桑山千雪S_2 (1).csv,5,3016021020040,千雪,～♪,桑山千雪,【誘わないで、陽光】桑山千雪,【誘わないで、陽光】桑山千雪S_2 (1)
桑山千雪\【誘わないで、陽光】桑山千雪\【誘わないで、陽光】桑山千雪S_2 (1).csv,6,3016021020050,千雪,"（现在还有点早
不过还是为了明天做下准备吧……）",桑山千雪,【誘わないで、陽光】桑山千雪,【誘わないで、陽光】桑山千雪S_2 (1)
桑山千雪\【誘わないで、陽光】桑山千雪\【誘わないで、陽光】桑山千雪S_2 (1).csv,7,3016021020060,千雪,"『明天请多关照啦
晚安』",桑山千雪,【誘わないで、陽光】桑山千雪,【誘わないで、陽光】桑山千雪S_2 (1)
桑山千雪\【誘わないで、陽光】桑山千雪\【誘わないで、陽光】桑山千雪S_2 (1).csv,8,3016021020070,千雪,（到了……）,桑山千雪,【誘わないで、陽光】桑山千雪,【誘わないで、陽光】桑山千雪S_2 (1)
桑山千雪\【誘わないで、陽光】桑山千雪\【誘わないで、陽光】桑山千雪S_2 (1).csv,9,3016021020080,千雪,『我先找个椅子坐着等你哦』,桑山千雪,【誘わないで、陽光】桑山千雪,【誘わないで、陽光】桑山千雪S_2 (1)
桑山千雪\【誘わないで、陽光】桑山千雪\【誘わないで、陽光】桑山千雪S_2 (1).csv,11,3016021020100,千雪,『徒弟可不能让师父久等啊』,桑山千雪,【誘わないで、陽光】桑山千雪,【誘わないで、陽光】桑山千雪S_2 (1)
桑山千雪\【誘わないで、陽光】桑山千雪\【誘わないで、陽光】桑山千雪S_2 (1).csv,13,3016021020120,千雪,呵呵,桑山千雪,【誘わないで、陽光】桑山千雪,【誘わないで、陽光】桑山千雪S_2 (1)
桑山千雪\【誘わないで、陽光】桑山千雪\【誘わないで、陽光】桑山千雪S_2 (1).csv,14,3016021020130,千雪,嗯～……,桑山千雪,【誘わないで、陽光】桑山千雪,【誘わないで、陽光】桑山千雪S_2 (1)
桑山千雪\【誘わないで、陽光】桑山千雪\【誘わないで、陽光】桑山千雪S_2 (1).csv,15,3016021020140,千雪,（暖洋洋的好舒服……）,桑山千雪,【誘わないで、陽光】桑山千雪,【誘わないで、陽光】桑山千雪S_2 (1)
桑山千雪\【誘わないで、陽光】桑山千雪\【誘わないで、陽光】桑山千雪S_2 (1).csv,16,3016021020150,千雪,…………,桑山千雪,【誘わないで、陽光】桑山千雪,【誘わないで、陽光】桑山千雪S_2 (1)
桑山千雪\【誘わないで、陽光】桑山千雪\【誘わないで、陽光】桑山千雪S_2 (1).csv,17,3016021020160,千雪,啊……！,桑山千雪,【誘わないで、陽光】桑山千雪,【誘わないで、陽光】桑山千雪S_2 (1)
桑山千雪\【誘わないで、陽光】桑山千雪\【誘わないで、陽光】桑山千雪S_2 (1).csv,18,3016021020170,千雪,"（不行啊千雪……
不能睡着……）",桑山千雪,【誘わないで、陽光】桑山千雪,【誘わないで、陽光】桑山千雪S_2 (1)
桑山千雪\【誘わないで、陽光】桑山千雪\【誘わないで、陽光】桑山千雪S_2 (1).csv,19,3016021020180,千雪,…………,桑山千雪,【誘わないで、陽光】桑山千雪,【誘わないで、陽光】桑山千雪S_2 (1)
桑山千雪\【誘わないで、陽光】桑山千雪\【誘わないで、陽光】桑山千雪S_2 (1).csv,20,3016021020190,千雪,………………,桑山千雪,【誘わないで、陽光】桑山千雪,【誘わないで、陽光】桑山千雪S_2 (1)
桑山千雪\【誘わないで、陽光】桑山千雪\【誘わないで、陽光】桑山千雪S_2 (1).csv,21,3016021020200,千雪,"（可恶的瞌睡虫……！
我绝对不会认输的……）",桑山千雪,【誘わないで、陽光】桑山千雪,【誘わないで、陽光】桑山千雪S_2 (1)
桑山千雪\【誘わないで、陽光】桑山千雪\【誘わないで、陽光】桑山千雪S_2 (1).csv,22,3016021020210,千雪,"（在甘奈来之前……
得想办法挺住…………）",桑山千雪,【誘わないで、陽光】桑山千雪,【誘わないで、陽光】桑山千雪S_2 (1)
桑山千雪\【誘わないで、陽光】桑山千雪\【誘わないで、陽光】桑山千雪S_2 (1).csv,23,3016021020220,千雪,…………,桑山千雪,【誘わないで、陽光】桑山千雪,【誘わないで、陽光】桑山千雪S_2 (1)
桑山千雪\【誘わないで、陽光】桑山千雪\【誘わないで、陽光】桑山千雪S_2 (1).csv,25,3016021020240,千雪,……嗯嗯……,桑山千雪,【誘わないで、陽光】桑山千雪,【誘わないで、陽光】桑山千雪S_2 (1)
桑山千雪\【誘わないで、陽光】桑山千雪\【誘わないで、陽光】桑山千雪S_2 (1).csv,26,3016021020250,千雪,甘……奈……？,桑山千雪,【誘わないで、陽光】桑山千雪,【誘わないで、陽光】桑山千雪S_2 (1)
桑山千雪\【誘わないで、陽光】桑山千雪\【誘わないで、陽光】桑山千雪S_2 (1).csv,28,3016021020270,千雪,…………,桑山千雪,【誘わないで、陽光】桑山千雪,【誘わないで、陽光】桑山千雪S_2 (1)
桑山千雪\【誘わないで、陽光】桑山千雪\【誘わないで、陽光】桑山千雪S_2 (1).csv,29,3016021020280,千雪,"……！
抱歉甘奈！我竟然……！",桑山千雪,【誘わないで、陽光】桑山千雪,【誘わないで、陽光】桑山千雪S_2 (1)
桑山千雪\【誘わないで、陽光】桑山千雪\【誘わないで、陽光】桑山千雪S_2 (1).csv,32,3016021020310,千雪,"……嗯
说、说得也是呢",桑山千雪,【誘わないで、陽光】桑山千雪,【誘わないで、陽光】桑山千雪S_2 (1)
桑山千雪\【誘わないで、陽光】桑山千雪\【誘わないで、陽光】桑山千雪S_2 (1).csv,34,3016021020330,千雪,……那我们走吧,桑山千雪,【誘わないで、陽光】桑山千雪,【誘わないで、陽光】桑山千雪S_2 (1)
桑山千雪\【誘わないで、陽光】桑山千雪\【誘わないで、陽光】桑山千雪S_2 (1).csv,38,3016021020370,千雪,"呵呵
有的哦",桑山千雪,【誘わないで、陽光】桑山千雪,【誘わないで、陽光】桑山千雪S_2 (1)
桑山千雪\【誘わないで、陽光】桑山千雪\【誘わないで、陽光】桑山千雪S_2 (1).csv,39,3016021020380,千雪,"我想变成
和平常完全不同的自己♪",桑山千雪,【誘わないで、陽光】桑山千雪,【誘わないで、陽光】桑山千雪S_2 (1)
桑山千雪\【誘わないで、陽光】桑山千雪\【誘わないで、陽光】桑山千雪S_2 (1).csv,40,3016021020390,千雪,"太感谢了，甘奈
多亏了你，配了一套特别让人满意的衣服呢",桑山千雪,【誘わないで、陽光】桑山千雪,【誘わないで、陽光】桑山千雪S_2 (1)
桑山千雪\【誘わないで、陽光】桑山千雪\【誘わないで、陽光】桑山千雪S_2 (1).csv,43,3016021020420,千雪,好的，都交给你啦♪,桑山千雪,【誘わないで、陽光】桑山千雪,【誘わないで、陽光】桑山千雪S_2 (1)
桑山千雪\【誘わないで、陽光】桑山千雪\【誘わないで、陽光】桑山千雪S_2 (1).csv,46,3016021020450,千雪,……要不要再休息一会儿？,桑山千雪,【誘わないで、陽光】桑山千雪,【誘わないで、陽光】桑山千雪S_2 (1)
桑山千雪\【誘わないで、陽光】桑山千雪\【誘わないで、陽光】桑山千雪S_2 (1).csv,49,3016021020480,千雪,原来甘奈也……,桑山千雪,【誘わないで、陽光】桑山千雪,【誘わないで、陽光】桑山千雪S_2 (1)
桑山千雪\【誘わないで、陽光】桑山千雪\【誘わないで、陽光】桑山千雪S_2 (1).csv,51,3016021020500,千雪,啊……,桑山千雪,【誘わないで、陽光】桑山千雪,【誘わないで、陽光】桑山千雪S_2 (1)
桑山千雪\【誘わないで、陽光】桑山千雪\【誘わないで、陽光】桑山千雪S_2 (1).csv,53,3016021020520,千雪,"嗯……
是的……",桑山千雪,【誘わないで、陽光】桑山千雪,【誘わないで、陽光】桑山千雪S_2 (1)
桑山千雪\【誘わないで、陽光】桑山千雪\【誘わないで、陽光】桑山千雪S_2 (1).csv,55,3016021020540,千雪,"……太丢人了啦
不许和其他人说哦……",桑山千雪,【誘わないで、陽光】桑山千雪,【誘わないで、陽光】桑山千雪S_2 (1)
桑山千雪\【誘わないで、陽光】桑山千雪\【誘わないで、陽光】桑山千雪S_2 (1).csv,58,3016021020570,千雪,……嗯,桑山千雪,【誘わないで、陽光】桑山千雪,【誘わないで、陽光】桑山千雪S_2 (1)
桑山千雪\【誘わないで、陽光】桑山千雪\【誘わないで、陽光】桑山千雪S_2 (1).csv,60,3016021020590,千雪,"哇，那还得想想
违约时的惩罚才行",桑山千雪,【誘わないで、陽光】桑山千雪,【誘わないで、陽光】桑山千雪S_2 (1)
桑山千雪\【誘わないで、陽光】桑山千雪\【誘わないで、陽光】桑山千雪S_2 (1).csv,62,3016021020610,千雪,"呵呵
这样会让人更容易困了呢♪",桑山千雪,【誘わないで、陽光】桑山千雪,【誘わないで、陽光】桑山千雪S_2 (1)
桑山千雪\【誘わないで、陽光】桑山千雪\【誘わないで、陽光】桑山千雪S_2 (1).csv,63,3016021020611,甘奈＆千雪,嘿嘿～,桑山千雪,【誘わないで、陽光】桑山千雪,【誘わないで、陽光】桑山千雪S_2 (1)
桑山千雪\【２８３プロのヒナ】桑山千雪\スウィート・スマイリー.csv,4,3016002020030,千雪,"啊，甜花
有没有在这附近见到个小袋子？",桑山千雪,【２８３プロのヒナ】桑山千雪,スウィート・スマイリー
桑山千雪\【２８３プロのヒナ】桑山千雪\スウィート・スマイリー.csv,6,3016002020050,千雪,哇！原来在这里啊，太好了……,桑山千雪,【２８３プロのヒナ】桑山千雪,スウィート・スマイリー
桑山千雪\【２８３プロのヒナ】桑山千雪\スウィート・スマイリー.csv,7,3016002020060,千雪,谢谢你，甜花,桑山千雪,【２８３プロのヒナ】桑山千雪,スウィート・スマイリー
桑山千雪\【２８３プロのヒナ】桑山千雪\スウィート・スマイリー.csv,10,3016002020090,千雪,"嗯，多亏了甜花
找不到的话明天会很头疼呢……",桑山千雪,【２８３プロのヒナ】桑山千雪,スウィート・スマイリー
桑山千雪\【２８３プロのヒナ】桑山千雪\スウィート・スマイリー.csv,12,3016002020110,千雪,这个啊，是化妆包哦,桑山千雪,【２８３プロのヒナ】桑山千雪,スウィート・スマイリー
桑山千雪\【２８３プロのヒナ】桑山千雪\スウィート・スマイリー.csv,14,3016002020130,千雪,……要看看里面吗？,桑山千雪,【２８３プロのヒナ】桑山千雪,スウィート・スマイリー
桑山千雪\【２８３プロのヒナ】桑山千雪\スウィート・スマイリー.csv,16,3016002020150,千雪,"当然可以～
给",桑山千雪,【２８３プロのヒナ】桑山千雪,スウィート・スマイリー
桑山千雪\【２８３プロのヒナ】桑山千雪\スウィート・スマイリー.csv,20,3016002020190,千雪,"呵呵，是吗？
在药妆店就能买到的也有很多哦",桑山千雪,【２８３プロのヒナ】桑山千雪,スウィート・スマイリー
桑山千雪\【２８３プロのヒナ】桑山千雪\スウィート・スマイリー.csv,22,3016002020210,千雪,"甜花也来试试看吗？
这能用作腮红也可以当唇膏哦",桑山千雪,【２８３プロのヒナ】桑山千雪,スウィート・スマイリー
桑山千雪\【２８３プロのヒナ】桑山千雪\スウィート・スマイリー.csv,23,3016002020220,千雪,来吧，就一会儿，别动哦……,桑山千雪,【２８３プロのヒナ】桑山千雪,スウィート・スマイリー
桑山千雪\【２８３プロのヒナ】桑山千雪\スウィート・スマイリー.csv,25,3016002020240,千雪,"嗯，像这样子……
在脸颊这涂一下，呯呯呯……",桑山千雪,【２８３プロのヒナ】桑山千雪,スウィート・スマイリー
桑山千雪\【２８３プロのヒナ】桑山千雪\スウィート・スマイリー.csv,26,3016002020250,千雪,哇……感觉不错，这种沉稳的颜色也挺适合甜花呢,桑山千雪,【２８３プロのヒナ】桑山千雪,スウィート・スマイリー
桑山千雪\【２８３プロのヒナ】桑山千雪\スウィート・スマイリー.csv,28,3016002020270,千雪,"是呢……
平时工作的时候，一般化的是给人可爱印象的妆",桑山千雪,【２８３プロのヒナ】桑山千雪,スウィート・スマイリー
桑山千雪\【２８３プロのヒナ】桑山千雪\スウィート・スマイリー.csv,31,3016002020300,千雪,哇……嗯嗯！很不错呢,桑山千雪,【２８３プロのヒナ】桑山千雪,スウィート・スマイリー
桑山千雪\【２８３プロのヒナ】桑山千雪\スウィート・スマイリー.csv,32,3016002020310,千雪,"那么……难得机会，也搭配下嘴唇的颜色吧
砖红色好吗……还是说勃艮第酒红？",桑山千雪,【２８３プロのヒナ】桑山千雪,スウィート・スマイリー
桑山千雪\【２８３プロのヒナ】桑山千雪\スウィート・スマイリー.csv,34,3016002020330,千雪,是吗？那这次就用这支吧,桑山千雪,【２８３プロのヒナ】桑山千雪,スウィート・スマイリー
桑山千雪\【２８３プロのヒナ】桑山千雪\スウィート・スマイリー.csv,35,3016002020340,千雪,"就这样子保持一下……
来，嗯地抿一下嘴唇再打开，叭这样",桑山千雪,【２８３プロのヒナ】桑山千雪,スウィート・スマイリー
桑山千雪\【２８３プロのヒナ】桑山千雪\スウィート・スマイリー.csv,37,3016002020360,千雪,哇……甜花变得很成熟了,桑山千雪,【２８３プロのヒナ】桑山千雪,スウィート・スマイリー
桑山千雪\【２８３プロのヒナ】桑山千雪\スウィート・スマイリー.csv,39,3016002020380,千雪,呵呵，那么，在甘奈来之前先这样待一会儿吧,桑山千雪,【２８３プロのヒナ】桑山千雪,スウィート・スマイリー
桑山千雪\【２８３プロのヒナ】桑山千雪\スウィート・スマイリー.csv,41,3016002020400,千雪,甜花，妆掉了我会帮你补，没关系的,桑山千雪,【２８３プロのヒナ】桑山千雪,スウィート・スマイリー
桑山千雪\【２８３プロのヒナ】桑山千雪\スウィート・スマイリー.csv,42,3016002020410,千雪,"而且，都是多亏了甜花的神态和表情
才让妆容显得更可爱了哦",桑山千雪,【２８３プロのヒナ】桑山千雪,スウィート・スマイリー
桑山千雪\【２８３プロのヒナ】桑山千雪\スウィート・スマイリー.csv,43,3016002020420,千雪,所以，为了这么棒的妆容，笑一下吧,桑山千雪,【２８３プロのヒナ】桑山千雪,スウィート・スマイリー
桑山千雪\【２８３プロのヒナ】桑山千雪\スウィート・スマイリー.csv,45,3016002020440,千雪,"呵呵……表情不错
真想快点让甘奈也看看啊♪",桑山千雪,【２８３プロのヒナ】桑山千雪,スウィート・スマイリー
桑山千雪\【２８３プロのヒナ】桑山千雪\スウィート・スリーピー.csv,3,3016002010020,千雪,甘奈，辛苦了,桑山千雪,【２８３プロのヒナ】桑山千雪,スウィート・スリーピー
桑山千雪\【２８３プロのヒナ】桑山千雪\スウィート・スリーピー.csv,4,3016002010030,千雪,……呵呵，今天稍微有点累吗？,桑山千雪,【２８３プロのヒナ】桑山千雪,スウィート・スリーピー
桑山千雪\【２８３プロのヒナ】桑山千雪\スウィート・スリーピー.csv,7,3016002010060,千雪,是吗，两边都要兼顾很辛苦呢,桑山千雪,【２８３プロのヒナ】桑山千雪,スウィート・スリーピー
桑山千雪\【２８３プロのヒナ】桑山千雪\スウィート・スリーピー.csv,9,3016002010080,千雪,不如干脆小睡一下？,桑山千雪,【２８３プロのヒナ】桑山千雪,スウィート・スリーピー
桑山千雪\【２８３プロのヒナ】桑山千雪\スウィート・スリーピー.csv,11,3016002010100,千雪,"到时候我会叫你起来的
来，甘奈就在这沙发上睡吧",桑山千雪,【２８３プロのヒナ】桑山千雪,スウィート・スリーピー
桑山千雪\【２８３プロのヒナ】桑山千雪\スウィート・スリーピー.csv,13,3016002010120,千雪,"是吗？那就用靠垫当枕头吧，
我把毛毯拿来",桑山千雪,【２８３プロのヒナ】桑山千雪,スウィート・スリーピー
桑山千雪\【２８３プロのヒナ】桑山千雪\スウィート・スリーピー.csv,14,3016002010130,千雪,"然后……把闹钟调好……
设一个半小时可以吗？",桑山千雪,【２８３プロのヒナ】桑山千雪,スウィート・スリーピー
桑山千雪\【２８３プロのヒナ】桑山千雪\スウィート・スリーピー.csv,17,3016002010160,千雪,真、真是的……突然说些什么啊？,桑山千雪,【２８３プロのヒナ】桑山千雪,スウィート・スリーピー
桑山千雪\【２８３プロのヒナ】桑山千雪\スウィート・スリーピー.csv,21,3016002010200,千雪,"呵呵，甘奈看起来很舒服呢
……嗯～",桑山千雪,【２８３プロのヒナ】桑山千雪,スウィート・スリーピー
桑山千雪\【２８３プロのヒナ】桑山千雪\スウィート・スリーピー.csv,22,3016002010210,千雪,甘奈，我睡你旁边行吗？,桑山千雪,【２８３プロのヒナ】桑山千雪,スウィート・スリーピー
桑山千雪\【２８３プロのヒナ】桑山千雪\スウィート・スリーピー.csv,24,3016002010230,千雪,嗯，其实我也稍微有点困……！,桑山千雪,【２８３プロのヒナ】桑山千雪,スウィート・スリーピー
桑山千雪\【２８３プロのヒナ】桑山千雪\スウィート・スリーピー.csv,26,3016002010250,千雪,"没什么，那只是我任性罢了
……谢谢关心，甘奈",桑山千雪,【２８３プロのヒナ】桑山千雪,スウィート・スリーピー
桑山千雪\【２８３プロのヒナ】桑山千雪\スウィート・スリーピー.csv,28,3016002010270,千雪,"哇，真的？
……那就打扰了♪",桑山千雪,【２８３プロのヒナ】桑山千雪,スウィート・スリーピー
桑山千雪\【２８３プロのヒナ】桑山千雪\スウィート・スリーピー.csv,29,3016002010280,千雪,"……呵呵
真暖啊……",桑山千雪,【２８３プロのヒナ】桑山千雪,スウィート・スリーピー
桑山千雪\【２８３プロのヒナ】桑山千雪\スウィート・スリーピー.csv,30,3016002010290,千雪,"甘奈的头发真好闻啊……
是因为洗发水么……",桑山千雪,【２８３プロのヒナ】桑山千雪,スウィート・スリーピー
桑山千雪\【２８３プロのヒナ】桑山千雪\スウィート・スリーピー.csv,32,3016002010310,千雪,"是吗？
呵呵，被甘奈这么说很开心呢",桑山千雪,【２８３プロのヒナ】桑山千雪,スウィート・スリーピー
桑山千雪\【２８３プロのヒナ】桑山千雪\スウィート・スリーピー.csv,35,3016002010340,千雪,"嗯，别在意我
睡吧……",桑山千雪,【２８３プロのヒナ】桑山千雪,スウィート・スリーピー
桑山千雪\【２８３プロのヒナ】桑山千雪\スウィート・スリーピー.csv,39,3016002010380,千雪,（甘奈好像睡着了呢）,桑山千雪,【２８３プロのヒナ】桑山千雪,スウィート・スリーピー
桑山千雪\【２８３プロのヒナ】桑山千雪\スウィート・スリーピー.csv,40,3016002010390,千雪,（同时要学习和工作，虽然很辛苦——）,桑山千雪,【２８３プロのヒナ】桑山千雪,スウィート・スリーピー
桑山千雪\【２８３プロのヒナ】桑山千雪\スウィート・スリーピー.csv,41,3016002010400,千雪,加油吧，甘奈,桑山千雪,【２８３プロのヒナ】桑山千雪,スウィート・スリーピー
桑山千雪\约定\produce_communication_promise_results_201600100112.csv,2,2016001001120010,千雪,咦？今天不是声乐训练的日子吗……？,桑山千雪,约定,produce_communication_promise_results_201600100112
桑山千雪\约定\produce_communication_promise_results_201600100112.csv,3,2016001001120020,千雪,"呵呵，制作人先生也有记性不好的时候呀
那就去河边唱歌吧♪",桑山千雪,约定,produce_communication_promise_results_201600100112
桑山千雪\约定\produce_communication_promise_results_201600100122.csv,2,2016001001220010,千雪,哎呀，今天没有预定舞蹈训练吗？,桑山千雪,约定,produce_communication_promise_results_201600100122
桑山千雪\约定\produce_communication_promise_results_201600100122.csv,3,2016001001220020,千雪,"……不，请别在意，制作人先生
就用其他的课程来替代吧？",桑山千雪,约定,produce_communication_promise_results_201600100122
桑山千雪\约定\produce_communications_promises_20160010011.csv,2,201600100110010,千雪,"啊—啊—啊—啊—啊—♪
声音……在调子上吗？",桑山千雪,约定,produce_communications_promises_20160010011
桑山千雪\约定\produce_communications_promises_20160010011.csv,3,201600100110020,千雪,"我还想再练习一下……
这周能安排声乐课吗？",桑山千雪,约定,produce_communications_promises_20160010011
桑山千雪\约定\produce_communications_promises_20160010011.csv,6,201600100990010,千雪,"哇，非常感谢♪
制作人先生",桑山千雪,约定,produce_communications_promises_20160010011
桑山千雪\约定\produce_communications_promises_20160010011.csv,7,201600100990020,千雪,"嘛，是这样呀……不
毕竟是我突然提出的要求，请不要放在心上",桑山千雪,约定,produce_communications_promises_20160010011
桑山千雪\约定\produce_communications_promises_20160010012.csv,2,201600100120010,千雪,总感觉，身体动作不是很协调……,桑山千雪,约定,produce_communications_promises_20160010012
桑山千雪\约定\produce_communications_promises_20160010012.csv,3,201600100120020,千雪,"我不能拖大家的后腿
这周能给我安排舞蹈课吗？",桑山千雪,约定,produce_communications_promises_20160010012
桑山千雪\约定\produce_communications_promises_20160010012.csv,6,201600100990010,千雪,"哇，非常感谢♪
制作人先生",桑山千雪,约定,produce_communications_promises_20160010012
桑山千雪\约定\produce_communications_promises_20160010012.csv,7,201600100990020,千雪,"嘛，是这样呀……不
毕竟是我突然提出的要求，请不要放在心上",桑山千雪,约定,produce_communications_promises_20160010012
桑山千雪\节日剧情\2023情人节\【中字】桑山千雪 2023情人节准备剧情.csv,2,4901037460010,千雪,"银色砂糖、装饰糖果
朗姆酒渍葡萄干、杏仁粒……",桑山千雪,节日剧情,【中字】桑山千雪 2023情人节准备剧情
桑山千雪\节日剧情\2023情人节\【中字】桑山千雪 2023情人节准备剧情.csv,3,4901037460020,千雪,试着装点了一下，但果然……,桑山千雪,节日剧情,【中字】桑山千雪 2023情人节准备剧情
桑山千雪\节日剧情\2023情人节\【中字】桑山千雪 2023情人节准备剧情.csv,4,4901037460030,千雪,果然，还是商店卖的更……,桑山千雪,节日剧情,【中字】桑山千雪 2023情人节准备剧情
桑山千雪\节日剧情\2023情人节\【中字】桑山千雪 2023情人节准备剧情.csv,5,4901037460040,千雪,不——,桑山千雪,节日剧情,【中字】桑山千雪 2023情人节准备剧情
桑山千雪\节日剧情\2023情人节\【中字】桑山千雪 2023情人节准备剧情.csv,6,4901037460050,千雪,"都准备好了……
得加油才行，对吧……？",桑山千雪,节日剧情,【中字】桑山千雪 2023情人节准备剧情
桑山千雪\节日剧情\2023情人节\【桑山 千雪】2023バレンタインデー.csv,3,4901037470010,千雪,"嗯……
那个……在下车前，制作人先生……",桑山千雪,节日剧情,【桑山 千雪】2023バレンタインデー
桑山千雪\节日剧情\2023情人节\【桑山 千雪】2023バレンタインデー.csv,5,4901037470020,千雪,"呃……
这个，本打算刚才交给你的……",桑山千雪,节日剧情,【桑山 千雪】2023バレンタインデー
桑山千雪\节日剧情\2023情人节\【桑山 千雪】2023バレンタインデー.csv,6,4901037470030,千雪,…………,桑山千雪,节日剧情,【桑山 千雪】2023バレンタインデー
桑山千雪\节日剧情\2023情人节\【桑山 千雪】2023バレンタインデー.csv,7,4901037470040,千雪,不小心忘记了,桑山千雪,节日剧情,【桑山 千雪】2023バレンタインデー
桑山千雪\节日剧情\2023情人节\千雪へのプレゼント・チョコもち.csv,2,4901037480010,千雪,哇，巧克力年糕！,桑山千雪,节日剧情,千雪へのプレゼント・チョコもち
桑山千雪\节日剧情\2023情人节\千雪へのプレゼント・チョコもち.csv,3,4901037480020,千雪,"呵呵，年糕是好东西（经久耐用的东西），我很喜欢——
啊……！",桑山千雪,节日剧情,千雪へのプレゼント・チョコもち
桑山千雪\节日剧情\2023情人节\千雪へのプレゼント・チョコもち.csv,4,4901037480030,千雪,"哈哈，变得像是双关冷笑话了
不过，我非常开心哦，制作人先生！",桑山千雪,节日剧情,千雪へのプレゼント・チョコもち
桑山千雪\节日剧情\2023白色情人节\千雪へのプレゼント・ボンボンショコラ.csv,2,4901038310010,千雪,"哇……看起来非常美味
我真的可以收下吗？",桑山千雪,节日剧情,千雪へのプレゼント・ボンボンショコラ
桑山千雪\节日剧情\2023白色情人节\千雪へのプレゼント・ボンボンショコラ.csv,4,4901038310020,千雪,心意……,桑山千雪,节日剧情,千雪へのプレゼント・ボンボンショコラ
桑山千雪\节日剧情\2023白色情人节\千雪へのプレゼント・ボンボンショコラ.csv,5,4901038310030,千雪,"呵呵，心意变成实体……
真是让人开心呢",桑山千雪,节日剧情,千雪へのプレゼント・ボンボンショコラ
桑山千雪\节日剧情\2023白色情人节\千雪へのプレゼント・ボンボンショコラ＋♥.csv,2,4901038320010,千雪,"哇……看起来非常美味
我真的可以收下吗？",桑山千雪,节日剧情,千雪へのプレゼント・ボンボンショコラ＋♥
桑山千雪\节日剧情\2023白色情人节\千雪へのプレゼント・ボンボンショコラ＋♥.csv,4,4901038320020,千雪,心意……,桑山千雪,节日剧情,千雪へのプレゼント・ボンボンショコラ＋♥
桑山千雪\节日剧情\2023白色情人节\千雪へのプレゼント・ボンボンショコラ＋♥.csv,5,4901038320030,千雪,"呵呵，心意变成实体……
真是让人开心呢",桑山千雪,节日剧情,千雪へのプレゼント・ボンボンショコラ＋♥
桑山千雪\节日剧情\2023白色情人节\千雪へのプレゼント・ボンボンショコラ＋♥.csv,8,4901038320040,千雪,"呵呵……
让人有点害羞呢……",桑山千雪,节日剧情,千雪へのプレゼント・ボンボンショコラ＋♥
桑山千雪\节日剧情\2023白色情人节\千雪へのプレゼント・ボンボンショコラ＋♥.csv,9,4901038320050,千雪,"那，制作人先生的这份心意
我必须好好品尝才行呢",桑山千雪,节日剧情,千雪へのプレゼント・ボンボンショコラ＋♥
桑山千雪\节日剧情\2023白色情人节\千雪へのプレゼント・ボンボンショコラ＋♥.csv,10,4901038320060,千雪,"要配上什么样的饮料
听什么样的曲子好呢……！",桑山千雪,节日剧情,千雪へのプレゼント・ボンボンショコラ＋♥
桑山千雪\节日剧情\2024万圣节千雪.csv,5,4901600160010,千雪,哇，又见面了呢,桑山千雪,节日剧情,2024万圣节千雪
桑山千雪\节日剧情\2024万圣节千雪.csv,7,4901600160020,千雪,"呵呵
不用这么惊讶哦",桑山千雪,节日剧情,2024万圣节千雪
桑山千雪\节日剧情\2024万圣节千雪.csv,8,4901600160030,千雪,灵符我有好好贴着的,桑山千雪,节日剧情,2024万圣节千雪
桑山千雪\节日剧情\2024万圣节千雪.csv,10,4901600160040,千雪,那，也不用担心会有血的气味了吧,桑山千雪,节日剧情,2024万圣节千雪
桑山千雪\节日剧情\2024万圣节千雪.csv,11,4901600160050,千雪,嗯……但是……,桑山千雪,节日剧情,2024万圣节千雪
桑山千雪\节日剧情\2024万圣节千雪.csv,13,4901600160060,千雪,"你的血，好像很美味的样子
以前见面的时候我就有这种感觉",桑山千雪,节日剧情,2024万圣节千雪
桑山千雪\节日剧情\2024万圣节千雪.csv,15,4901600160070,千雪,——所以说……,桑山千雪,节日剧情,2024万圣节千雪
桑山千雪\节日剧情\2024万圣节千雪.csv,16,4901600160080,千雪,"就一小口♪
就让我，尝一小口吧……♪",桑山千雪,节日剧情,2024万圣节千雪
桑山千雪\节日剧情\【’19Xmas】ハーバリウム.csv,2,4901007620010,千雪,哇啊……！,桑山千雪,节日剧情,【’19Xmas】ハーバリウム
桑山千雪\节日剧情\【’19Xmas】ハーバリウム.csv,3,4901007620020,千雪,我有没有说过呢——,桑山千雪,节日剧情,【’19Xmas】ハーバリウム
桑山千雪\节日剧情\【’19Xmas】ハーバリウム.csv,4,4901007620030,千雪,我最喜欢这种东西了……,桑山千雪,节日剧情,【’19Xmas】ハーバリウム
桑山千雪\节日剧情\【’19Xmas】ハーバリウム.csv,7,4901007620040,千雪,"呵呵呵
为什么能猜得这么准呢……",桑山千雪,节日剧情,【’19Xmas】ハーバリウム
桑山千雪\节日剧情\【’19Xmas】ハーバリウム.csv,8,4901007620050,千雪,制作人先生，莫非是圣诞老人吗……！,桑山千雪,节日剧情,【’19Xmas】ハーバリウム
桑山千雪\节日剧情\【’19Xmas】レトルトの中華丼.csv,4,4901007630010,千雪,呵呵……,桑山千雪,节日剧情,【’19Xmas】レトルトの中華丼
桑山千雪\节日剧情\【’19Xmas】レトルトの中華丼.csv,5,4901007630020,千雪,制作人先生，您很喜欢吃这个吗？,桑山千雪,节日剧情,【’19Xmas】レトルトの中華丼
桑山千雪\节日剧情\【’19Xmas】レトルトの中華丼.csv,7,4901007630030,千雪,"呵呵呵，果然
这是制作人先生经常吃的东西呢……！",桑山千雪,节日剧情,【’19Xmas】レトルトの中華丼
桑山千雪\节日剧情\【’19Xmas】レトルトの中華丼.csv,8,4901007630040,千雪,那么，圣诞节那天就吃中华丼吧……♪,桑山千雪,节日剧情,【’19Xmas】レトルトの中華丼
桑山千雪\节日剧情\【桑山 千雪】2020バレンタインデー.csv,2,4901008160010,千雪,"——哇，制作人先生……？
您怎么——",桑山千雪,节日剧情,【桑山 千雪】2020バレンタインデー
桑山千雪\节日剧情\【桑山 千雪】2020バレンタインデー.csv,4,4901008160020,千雪,"是、是……！
一路顺风————",桑山千雪,节日剧情,【桑山 千雪】2020バレンタインデー
桑山千雪\节日剧情\【桑山 千雪】2020バレンタインデー.csv,6,4901008160030,千雪,——啊,桑山千雪,节日剧情,【桑山 千雪】2020バレンタインデー
桑山千雪\节日剧情\【桑山 千雪】2020バレンタインデー.csv,7,4901008160040,千雪,"制作人先生——……！
有东西忘在这了——！",桑山千雪,节日剧情,【桑山 千雪】2020バレンタインデー
桑山千雪\节日剧情\【桑山 千雪】2020バレンタインデー.csv,9,4901008160050,千雪,"您忘拿的是……我要给您的东西……
——请、请收下这个……！",桑山千雪,节日剧情,【桑山 千雪】2020バレンタインデー
桑山千雪\节日剧情\【桑山 千雪】2020バレンタインデー.csv,11,4901008160060,千雪,是今天必须交给您的东西——……！,桑山千雪,节日剧情,【桑山 千雪】2020バレンタインデー
桑山千雪\节日剧情\【桑山 千雪】2020バレンタインデー.csv,12,4901008160070,千雪,"呵呵
一路顺风……————！",桑山千雪,节日剧情,【桑山 千雪】2020バレンタインデー
桑山千雪\节日剧情\【桑山 千雪】2021バレンタイン準備.csv,2,4901018460010,千雪,"嗯——……
自制………………",桑山千雪,节日剧情,【桑山 千雪】2021バレンタイン準備
桑山千雪\节日剧情\【桑山 千雪】2021バレンタイン準備.csv,3,4901018460020,千雪,"诶诶……
自制……？",桑山千雪,节日剧情,【桑山 千雪】2021バレンタイン準備
桑山千雪\节日剧情\【桑山 千雪】2021バレンタイン準備.csv,4,4901018460030,千雪,"……
因为，自制的东西，总感觉……",桑山千雪,节日剧情,【桑山 千雪】2021バレンタイン準備
桑山千雪\节日剧情\【桑山 千雪】2021バレンタイン準備.csv,5,4901018460040,千雪,"诶——……
但是，还是该自制比较好…………？",桑山千雪,节日剧情,【桑山 千雪】2021バレンタイン準備
桑山千雪\节日剧情\千雪へのプレゼント・既製品チョコレート.csv,2,4901018480010,千雪,"————
呵呵，这个……",桑山千雪,节日剧情,千雪へのプレゼント・既製品チョコレート
桑山千雪\节日剧情\千雪へのプレゼント・既製品チョコレート.csv,3,4901018480020,千雪,"我也见过这个，当时觉得还挺不错的
…………莫非，是车站前的那个？",桑山千雪,节日剧情,千雪へのプレゼント・既製品チョコレート
桑山千雪\节日剧情\千雪へのプレゼント・既製品チョコレート.csv,4,4901018480030,千雪,"呵呵，明明是制成品……
但是，有种特别的感觉",桑山千雪,节日剧情,千雪へのプレゼント・既製品チョコレート
桑山千雪\节日剧情\桑山千雪 2019圣诞\special_communications_490100761.csv,2,4901007610010,千雪,"哇…制作人先生…！
这是——",桑山千雪,节日剧情,special_communications_490100761
桑山千雪\节日剧情\桑山千雪 2019圣诞\special_communications_490100761.csv,4,4901007610020,千雪,——好可爱…,桑山千雪,节日剧情,special_communications_490100761
桑山千雪\节日剧情\桑山千雪 2019圣诞\special_communications_490100761.csv,5,4901007610030,千雪,…啾——！,桑山千雪,节日剧情,special_communications_490100761
桑山千雪\节日剧情\桑山千雪 2019圣诞\special_communications_490100761.csv,7,4901007610040,千雪,谢谢你，制作人先生…！,桑山千雪,节日剧情,special_communications_490100761
桑山千雪\节日剧情\桑山千雪 2019圣诞\special_communications_490100761.csv,8,4901007610050,千雪,我很开心…！,桑山千雪,节日剧情,special_communications_490100761
桑山千雪\节日剧情\桑山千雪 2019圣诞\special_communications_490100764.csv,2,4901007640010,千雪,——幸好你还没回去…制作人先生！,桑山千雪,节日剧情,special_communications_490100764
桑山千雪\节日剧情\桑山千雪 2019圣诞\special_communications_490100764.csv,4,4901007640020,千雪,我有圣诞节礼物想要送给你——,桑山千雪,节日剧情,special_communications_490100764
桑山千雪\节日剧情\桑山千雪 2019圣诞\special_communications_490100764.csv,5,4901007640030,千雪,请收下♪,桑山千雪,节日剧情,special_communications_490100764
桑山千雪\节日剧情\桑山千雪 2019圣诞\special_communications_490100764.csv,7,4901007640040,千雪,可以的…,桑山千雪,节日剧情,special_communications_490100764
桑山千雪\节日剧情\桑山千雪 2019圣诞\special_communications_490100764.csv,9,4901007640050,千雪,——那个，稍等一下…！,桑山千雪,节日剧情,special_communications_490100764
桑山千雪\节日剧情\桑山千雪 2019圣诞\special_communications_490100764.csv,10,4901007640060,千雪,总觉得当面开的话…有点难为情——,桑山千雪,节日剧情,special_communications_490100764
桑山千雪\节日剧情\桑山千雪 2019圣诞\special_communications_490100764.csv,12,4901007640070,千雪,好、好的…！不过也没有那么贵重…,桑山千雪,节日剧情,special_communications_490100764
桑山千雪\节日剧情\桑山千雪 2019圣诞\special_communications_490100764.csv,13,4901007640080,千雪,没有必要把悬念留到回家后再揭晓…对吧——！,桑山千雪,节日剧情,special_communications_490100764
桑山千雪\节日剧情\桑山千雪 2019圣诞\special_communications_490100764.csv,15,4901007640090,千雪,诶，制作人先生…！,桑山千雪,节日剧情,special_communications_490100764
桑山千雪\节日剧情\桑山千雪 2019圣诞\special_communications_490100764.csv,17,4901007640100,千雪＆プロデューサー,——哈哈哈…,桑山千雪,节日剧情,special_communications_490100764
桑山千雪\节日剧情\桑山千雪 2019圣诞\special_communications_490100764.csv,18,4901007640110,千雪,"总之是考虑了很久才选的礼物哦…？
圣诞节快乐，制作人先生…！",桑山千雪,节日剧情,special_communications_490100764
桑山千雪\节日剧情\桑山千雪 2024圣诞\2024圣诞礼物千雪1.csv,2,4901700310010,千雪,"制作人，圣诞树的装饰品
每个都有它们自己不同的含义，你知道吗？",桑山千雪,节日剧情,2024圣诞礼物千雪1
桑山千雪\节日剧情\桑山千雪 2024圣诞\2024圣诞礼物千雪1.csv,4,4901700310020,千雪,"是的。前些天在杂志专栏上看到的
感觉很有意思就记住了",桑山千雪,节日剧情,2024圣诞礼物千雪1
桑山千雪\节日剧情\桑山千雪 2024圣诞\2024圣诞礼物千雪1.csv,7,4901700310030,千雪,它代表着幸福，以及生活的喜悦,桑山千雪,节日剧情,2024圣诞礼物千雪1
桑山千雪\节日剧情\桑山千雪 2024圣诞\2024圣诞礼物千雪1.csv,8,4901700310040,千雪,"据说，还寄托着
对丰收之类的美好祈愿",桑山千雪,节日剧情,2024圣诞礼物千雪1
桑山千雪\节日剧情\桑山千雪 2024圣诞\2024圣诞礼物千雪1.csv,9,4901700310050,千雪,"我希望
283事务所，能够这样一直繁荣下去……",桑山千雪,节日剧情,2024圣诞礼物千雪1
桑山千雪\节日剧情\桑山千雪 2024圣诞\2024圣诞礼物千雪1.csv,10,4901700310060,千雪,所以带着这样的心情，选了这个装饰,桑山千雪,节日剧情,2024圣诞礼物千雪1
桑山千雪\节日剧情\桑山千雪 2024圣诞\2024圣诞礼物千雪2.csv,3,4901700320001,千雪＆プロデューサー,谢谢,桑山千雪,节日剧情,2024圣诞礼物千雪2
桑山千雪\节日剧情\桑山千雪 2024圣诞\2024圣诞礼物千雪2.csv,4,4901700320010,千雪,"谢谢你
能陪我任性一回",桑山千雪,节日剧情,2024圣诞礼物千雪2
桑山千雪\节日剧情\桑山千雪 2024圣诞\2024圣诞礼物千雪2.csv,7,4901700320020,千雪,"哇，原来你也在
和我想一样的事情呢♪",桑山千雪,节日剧情,2024圣诞礼物千雪2
桑山千雪\节日剧情\桑山千雪 2024圣诞\2024圣诞礼物千雪2.csv,8,4901700320030,千雪,"制作人，如果你能得到『永生』
你会想要吗？",桑山千雪,节日剧情,2024圣诞礼物千雪2
桑山千雪\节日剧情\桑山千雪 2024圣诞\2024圣诞礼物千雪2.csv,10,4901700320040,千雪,"因为据说苹果的装饰是源自伊甸园
所以有点好奇",桑山千雪,节日剧情,2024圣诞礼物千雪2
桑山千雪\节日剧情\桑山千雪 2024圣诞\2024圣诞礼物千雪2.csv,14,4901700320050,千雪,"我懂。我也觉得在有限的时间里
更能感受到活着的意义",桑山千雪,节日剧情,2024圣诞礼物千雪2
桑山千雪\节日剧情\桑山千雪 2024圣诞\2024圣诞礼物千雪2.csv,15,4901700320060,千雪,啊，不过……,桑山千雪,节日剧情,2024圣诞礼物千雪2
桑山千雪\节日剧情\桑山千雪 2024圣诞\2024圣诞礼物千雪2.csv,17,4901700320070,千雪,"有时候我会希望
某一个瞬间能永远持续下去",桑山千雪,节日剧情,2024圣诞礼物千雪2
桑山千雪\节日剧情\桑山千雪 2024圣诞\2024圣诞礼物千雪2.csv,18,4901700320080,千雪,比如说……,桑山千雪,节日剧情,2024圣诞礼物千雪2
桑山千雪\节日剧情\桑山千雪 2024圣诞\2024圣诞礼物千雪2.csv,19,4901700320090,千雪,"像这样平静地和制作人一起
享受下午茶的时间",桑山千雪,节日剧情,2024圣诞礼物千雪2
桑山千雪\节日剧情\桑山千雪2025情人节\2025千雪情人节1.csv,3,4901800310010,千雪,"谢谢
它可正适合今天这个日子哦",桑山千雪,节日剧情,2025千雪情人节1
桑山千雪\节日剧情\桑山千雪2025情人节\2025千雪情人节1.csv,4,4901800310020,千雪,"情人节快乐
制作人",桑山千雪,节日剧情,2025千雪情人节1
桑山千雪\节日剧情\桑山千雪2025情人节\2025千雪情人节1.csv,6,4901800310030,千雪,今天，可要尽情享受一番哦♪,桑山千雪,节日剧情,2025千雪情人节1
桑山千雪\节日剧情\桑山千雪2025情人节\2025千雪情人节2.csv,3,4901800320010,千雪,呵呵，你能喜欢就好,桑山千雪,节日剧情,2025千雪情人节2
桑山千雪\节日剧情\桑山千雪2025情人节\2025千雪情人节2.csv,4,4901800320020,千雪,"……话说回来，制作人
你还吃得下吗？ 巧克力",桑山千雪,节日剧情,2025千雪情人节2
桑山千雪\节日剧情\桑山千雪2025情人节\2025千雪情人节2.csv,6,4901800320030,千雪,……太好了,桑山千雪,节日剧情,2025千雪情人节2
桑山千雪\节日剧情\桑山千雪2025情人节\2025千雪情人节2.csv,7,4901800320040,千雪,"其实除了之前给你的以外
我还买了几份……",桑山千雪,节日剧情,2025千雪情人节2
桑山千雪\节日剧情\桑山千雪2025情人节\2025千雪情人节2.csv,8,4901800320050,千雪,"……我之前特别期待
今天能来这里",桑山千雪,节日剧情,2025千雪情人节2
桑山千雪\节日剧情\桑山千雪2025情人节\2025千雪情人节2.csv,9,4901800320060,千雪,能再……陪我一会儿吗？,桑山千雪,节日剧情,2025千雪情人节2
桑山千雪\节日剧情\桑山千雪2025情人节\2025千雪情人节2.csv,11,4901800320070,千雪,哇，太好了♪,桑山千雪,节日剧情,2025千雪情人节2
桑山千雪\誕生日\【桑山 千雪】 誕生日ミニコミュ①.csv,2,4902001160010,千雪,"谢谢您……！……总感觉，
我总是在从制作人先生那里得到些什么",桑山千雪,誕生日,【桑山 千雪】 誕生日ミニコミュ①
桑山千雪\誕生日\【桑山 千雪】 誕生日ミニコミュ①.csv,3,4902001160020,千雪,"所以，必须好好地回报您才行呢……！
从今以后，也请您多多关照了",桑山千雪,誕生日,【桑山 千雪】 誕生日ミニコミュ①
桑山千雪\誕生日\【桑山 千雪】 誕生日ミニコミュ④.csv,2,49020040160010,千雪,"呵呵，好开心。谢谢你
今天毕竟是个稍微有些特别的日子嘛——",桑山千雪,誕生日,【桑山 千雪】 誕生日ミニコミュ④
桑山千雪\誕生日\【桑山 千雪】 誕生日ミニコミュ④.csv,3,49020040160020,千雪,"就想着
要是能发生点特别的事情就好了……这样来着",桑山千雪,誕生日,【桑山 千雪】 誕生日ミニコミュ④
緋田美琴\【GIFT】緋田美琴\【GIFT】緋田美琴01.csv,12,3025014010100,千雪,辛苦了……,緋田美琴,【GIFT】緋田美琴,【GIFT】緋田美琴01
緋田美琴\【GIFT】緋田美琴\【GIFT】緋田美琴01.csv,15,3025014010130,千雪,"那么♪
两位，先洗手和漱口吧",緋田美琴,【GIFT】緋田美琴,【GIFT】緋田美琴01
緋田美琴\【GIFT】緋田美琴\【GIFT】緋田美琴01.csv,33,3025014010300,千雪,辛苦了……！,緋田美琴,【GIFT】緋田美琴,【GIFT】緋田美琴01
緋田美琴\【GIFT】緋田美琴\【GIFT】緋田美琴01.csv,35,3025014010310,千雪,"不好意思
我是在事务所门前遇到她们的，没能拦住……！",緋田美琴,【GIFT】緋田美琴,【GIFT】緋田美琴01
緋田美琴\【GIFT】緋田美琴\【GIFT】緋田美琴01.csv,36,3025014010320,千雪,"夏叶和制作人也
把车停好后就会来……！",緋田美琴,【GIFT】緋田美琴,【GIFT】緋田美琴01
緋田美琴\【GIFT】緋田美琴\【GIFT】緋田美琴01.csv,38,3025014010330,千雪,"果穂和爱依打算待在事务所的话
得再考虑一下应该把礼物放在哪──",緋田美琴,【GIFT】緋田美琴,【GIFT】緋田美琴01
緋田美琴\【GIFT】緋田美琴\【GIFT】緋田美琴01.csv,46,3025014010410,千雪,"对不起……！
果穂……",緋田美琴,【GIFT】緋田美琴,【GIFT】緋田美琴01
緋田美琴\【GIFT】緋田美琴\【GIFT】緋田美琴01.csv,52,3025014010461,千雪＆ルカ,啊？,緋田美琴,【GIFT】緋田美琴,【GIFT】緋田美琴01
緋田美琴\【MADE】緋田美琴\1 craft.csv,6,3025009010050,千雪,"啊……！
那是——……",緋田美琴,【MADE】緋田美琴,1 craft
緋田美琴\【MADE】緋田美琴\1 craft.csv,9,3025009010080,千雪,啊……不是的,緋田美琴,【MADE】緋田美琴,1 craft
緋田美琴\【MADE】緋田美琴\1 craft.csv,10,3025009010090,千雪,"是发圈，
我正在找它呢",緋田美琴,【MADE】緋田美琴,1 craft
緋田美琴\【MADE】緋田美琴\1 craft.csv,13,3025009010120,千雪,"谢谢你
没想到是忘在事务所了",緋田美琴,【MADE】緋田美琴,1 craft
緋田美琴\【MADE】緋田美琴\1 craft.csv,16,3025009010150,千雪,…………！,緋田美琴,【MADE】緋田美琴,1 craft
緋田美琴\【MADE】緋田美琴\1 craft.csv,18,3025009010170,千雪,"呵呵
谢谢你",緋田美琴,【MADE】緋田美琴,1 craft
緋田美琴\【MADE】緋田美琴\1 craft.csv,19,3025009010180,千雪,这是，我自己做的,緋田美琴,【MADE】緋田美琴,1 craft
緋田美琴\【MADE】緋田美琴\1 craft.csv,22,3025009010210,千雪,呵呵，被夸奖了,緋田美琴,【MADE】緋田美琴,1 craft
緋田美琴\【MADE】緋田美琴\1 craft.csv,23,3025009010220,千雪,"称不上有多厉害
只是出于兴趣做的",緋田美琴,【MADE】緋田美琴,1 craft
緋田美琴\【MADE】緋田美琴\1 craft.csv,24,3025009010230,千雪,很高兴能获得你的赏识,緋田美琴,【MADE】緋田美琴,1 craft
緋田美琴\【MADE】緋田美琴\1 craft.csv,27,3025009010260,千雪,诶……？,緋田美琴,【MADE】緋田美琴,1 craft
緋田美琴\【MADE】緋田美琴\1 craft.csv,30,3025009010290,千雪,……这样吗？,緋田美琴,【MADE】緋田美琴,1 craft
緋田美琴\【MADE】緋田美琴\1 craft.csv,31,3025009010300,千雪,"呵呵
说得我都不好意思了",緋田美琴,【MADE】緋田美琴,1 craft
緋田美琴\【MADE】緋田美琴\1 craft.csv,33,3025009010320,千雪,"没想到能获得你的夸奖
还有就是",緋田美琴,【MADE】緋田美琴,1 craft
緋田美琴\【MADE】緋田美琴\1 craft.csv,34,3025009010330,千雪,"你居然连我们组合的事
也都这么清楚",緋田美琴,【MADE】緋田美琴,1 craft
緋田美琴\【MADE】緋田美琴\1 craft.csv,37,3025009010360,千雪,…………,緋田美琴,【MADE】緋田美琴,1 craft
緋田美琴\【MADE】緋田美琴\1 craft.csv,40,3025009010390,千雪,"不
那不是我的东西",緋田美琴,【MADE】緋田美琴,1 craft
緋田美琴\【MADE】緋田美琴\1 craft.csv,41,3025009010400,千雪,上面有写着名字吗,緋田美琴,【MADE】緋田美琴,1 craft
緋田美琴\【MADE】緋田美琴\1 craft.csv,43,3025009010420,千雪,"那，可能是其他人忘在这的……
要不我把它交给叶月吧？",緋田美琴,【MADE】緋田美琴,1 craft
緋田美琴\【MADE】緋田美琴\1 craft.csv,45,3025009010440,千雪,"没关系
我和她正好有约",緋田美琴,【MADE】緋田美琴,1 craft
緋田美琴\【MADE】緋田美琴\1 craft.csv,48,3025009010470,千雪,……怎么了？,緋田美琴,【MADE】緋田美琴,1 craft
緋田美琴\【MADE】緋田美琴\1 craft.csv,50,3025009010490,千雪,……是吗？,緋田美琴,【MADE】緋田美琴,1 craft
緋田美琴\【MADE】緋田美琴\1 craft.csv,51,3025009010500,千雪,"毕竟大家在同一个事务所
也很正常吧",緋田美琴,【MADE】緋田美琴,1 craft
