file,line_no,id,speaker,text,trans,category,arc,episode
283活动剧情\#２８３をひろげよう\エンディング-REPLY PARTY.csv,37,4001044080210,あさひ,はいっす！,嗯！,283活动剧情,#２８３をひろげよう,エンディング-REPLY PARTY
283活动剧情\#２８３をひろげよう\エンディング-REPLY PARTY.csv,39,4001044080230,あさひ,パーティーするんすよね！,要办派对呢！,283活动剧情,#２８３をひろげよう,エンディング-REPLY PARTY
283活动剧情\#２８３をひろげよう\エンディング-REPLY PARTY.csv,44,4001044080280,あさひ,パーティーは楽しいっすよ！,开派对很好玩呢！,283活动剧情,#２８３をひろげよう,エンディング-REPLY PARTY
283活动剧情\#２８３をひろげよう\エンディング-REPLY PARTY.csv,64,4001044080420,あさひ,"あーっ
モニター見えない……","啊——
看不见屏幕……",283活动剧情,#２８３をひろげよう,エンディング-REPLY PARTY
283活动剧情\#２８３をひろげよう\オープニング-PROJECT.csv,9,4001044010050,あさひ,………………,………………,283活动剧情,#２８３をひろげよう,オープニング-PROJECT
283活动剧情\#２８３をひろげよう\オープニング-PROJECT.csv,12,4001044010060,あさひ,………………,………………,283活动剧情,#２８３をひろげよう,オープニング-PROJECT
283活动剧情\#２８３をひろげよう\オープニング-PROJECT.csv,15,4001044010070,あさひ,………………,………………,283活动剧情,#２８３をひろげよう,オープニング-PROJECT
283活动剧情\#２８３をひろげよう\第1話-MEETING.csv,41,4001044020390,あさひ,"あっ
プロデューサーさん見つけたっす！","啊
发现制作人！",283活动剧情,#２８３をひろげよう,第1話-MEETING
283活动剧情\#２８３をひろげよう\第1話-MEETING.csv,42,4001044020400,あさひ,ダンスの先生が探してるっすよ,舞蹈老师在找你哦,283活动剧情,#２８３をひろげよう,第1話-MEETING
283活动剧情\#２８３をひろげよう\第1話-MEETING.csv,44,4001044020410,あさひ,"もう一回、頭から通すから
プロデューサーさんにも見てもらいたいって","舞蹈老师说
要从头开始跳一遍",283活动剧情,#２８３をひろげよう,第1話-MEETING
283活动剧情\#２８３をひろげよう\第1話-MEETING.csv,45,4001044020420,あさひ,ダンスの先生言ってたっす,想让制作人也来看看,283活动剧情,#２８３をひろげよう,第1話-MEETING
283活动剧情\#２８３をひろげよう\第1話-MEETING.csv,47,4001044020430,あさひ,なんか、全然終わらないっす,感觉，没完没了呢,283活动剧情,#２８３をひろげよう,第1話-MEETING
283活动剧情\#２８３をひろげよう\第1話-MEETING.csv,49,4001044020440,あさひ,"ほら、早く行くっすよ
プロデューサーさん！","快点过来嘛
制作人！",283活动剧情,#２８３をひろげよう,第1話-MEETING
283活动剧情\#２８３をひろげよう\第3話-[283PRO]LESSON bhd.csv,62,4001044040440,あさひ,…………,…………,283活动剧情,#２８３をひろげよう,第3話-[283PRO]LESSON bhd
283活动剧情\#２８３をひろげよう\第3話-[283PRO]LESSON bhd.csv,65,4001044040450,あさひ,…………,…………,283活动剧情,#２８３をひろげよう,第3話-[283PRO]LESSON bhd
283活动剧情\#２８３をひろげよう\第5話-[283PRO]STAGE bhd.csv,9,4001044060060,あさひ,────あっ,————啊,283活动剧情,#２８３をひろげよう,第5話-[283PRO]STAGE bhd
283活动剧情\#２８３をひろげよう\第5話-[283PRO]STAGE bhd.csv,12,4001044060090,あさひ,"お疲れ様っす
なんでふたりはここにいるっすか？","你们也是
为什么你们会在这里啊？",283活动剧情,#２８３をひろげよう,第5話-[283PRO]STAGE bhd
283活动剧情\#２８３をひろげよう\第5話-[283PRO]STAGE bhd.csv,15,4001044060120,あさひ,"……？
撮ってる","……？
在拍了吗",283活动剧情,#２８３をひろげよう,第5話-[283PRO]STAGE bhd
283活动剧情\#２８３をひろげよう\第5話-[283PRO]STAGE bhd.csv,18,4001044060150,あさひ,"楽しみっすよ！
ワクワクしてるっす！","很期待！
兴奋不已！",283活动剧情,#２８３をひろげよう,第5話-[283PRO]STAGE bhd
283活动剧情\#２８３をひろげよう\第5話-[283PRO]STAGE bhd.csv,20,4001044060170,あさひ,"うーん
あんまりしないっすね","唔——
没什么感觉呢",283活动剧情,#２８３をひろげよう,第5話-[283PRO]STAGE bhd
283活动剧情\#２８３をひろげよう\第5話-[283PRO]STAGE bhd.csv,22,4001044060190,あさひ,"はいっす！
行ってくるっす！","好的！
那我出发了！",283活动剧情,#２８３をひろげよう,第5話-[283PRO]STAGE bhd
283活动剧情\2025ホワイトデー スペシャルコミュ\25朝日白情033.csv,2,4901900330010,あさひ,"なんすか、これ。宇宙人……？
ん、チャックがある……！","这个，是什么啊，外星人……？
啊，有条拉链……！",283活动剧情,2025ホワイトデー スペシャルコミュ,25朝日白情033
283活动剧情\2025ホワイトデー スペシャルコミュ\25朝日白情033.csv,4,4901900330020,あさひ,"へー……！　面白いっすね
ありがとっす！","诶——……！真有趣呢
谢谢！",283活动剧情,2025ホワイトデー スペシャルコミュ,25朝日白情033
283活动剧情\2025ホワイトデー スペシャルコミュ\25朝日白情034.csv,2,4901900340010,あさひ,"なんすか、これ。宇宙人……？
ん、チャックがある……！","这个，是什么啊，外星人……？
啊，有条拉链……！",283活动剧情,2025ホワイトデー スペシャルコミュ,25朝日白情034
283活动剧情\2025ホワイトデー スペシャルコミュ\25朝日白情034.csv,4,4901900340020,あさひ,"へー……！　面白いっすね
ありがとっす！","诶——……！真有趣呢
谢谢！",283活动剧情,2025ホワイトデー スペシャルコミュ,25朝日白情034
283活动剧情\2025ホワイトデー スペシャルコミュ\25朝日白情034.csv,5,4901900340030,あさひ,"これ、やわらかくって、もにゅもにゅしてて
さらさらしてるっす","这个，摸起来软乎乎的，还有点黏黏的，
又滑溜溜的～",283活动剧情,2025ホワイトデー スペシャルコミュ,25朝日白情034
283活动剧情\2025ホワイトデー スペシャルコミュ\25朝日白情034.csv,7,4901900340040,あさひ,ふーん……なんかに使えるっすかね……,嗯……不知道该用在哪呢……,283活动剧情,2025ホワイトデー スペシャルコミュ,25朝日白情034
283活动剧情\2025ホワイトデー スペシャルコミュ\25朝日白情034.csv,9,4901900340050,あさひ,おやつ……！,零食……！,283活动剧情,2025ホワイトデー スペシャルコミュ,25朝日白情034
283活动剧情\2025ホワイトデー スペシャルコミュ\25朝日白情034.csv,10,4901900340060,あさひ,"じゃ、今度からこのポーチのおやつがなくなったら
プロデューサーさんに追加してもらうっす！","那，要是下次这个包里的零食见底了
就请制片人帮我补充吧！",283活动剧情,2025ホワイトデー スペシャルコミュ,25朝日白情034
283活动剧情\5th Anniversary 当日スペシャルコミュ\5th Anniversary-ストレイライト.csv,2,4901041050010,あさひ,んー？,嗯——？,283活动剧情,5th Anniversary 当日スペシャルコミュ,5th Anniversary-ストレイライト
283活动剧情\5th Anniversary 当日スペシャルコミュ\5th Anniversary-ストレイライト.csv,3,4901041050020,あさひ,"どこにも行かないっすよ
今日は",我今天哪里也不去的说,283活动剧情,5th Anniversary 当日スペシャルコミュ,5th Anniversary-ストレイライト
283活动剧情\5th Anniversary 当日スペシャルコミュ\5th Anniversary-ストレイライト.csv,4,4901041050030,あさひ,そういう気分っす,就是这样的心情的说,283活动剧情,5th Anniversary 当日スペシャルコミュ,5th Anniversary-ストレイライト
283活动剧情\Belles of three.Stray match\一.csv,5,4001063020020,あさひ,"お～！
対決っすか！","噢～！
一决高下吗！",283活动剧情,Belles of three.Stray match,一
283活动剧情\Belles of three.Stray match\一.csv,9,4001063020040,あさひ,面白そうっす～,好像很有意思的样子～,283活动剧情,Belles of three.Stray match,一
283活动剧情\Belles of three.Stray match\一.csv,16,4001063020060,あさひ,知らないっす,不知道欸,283活动剧情,Belles of three.Stray match,一
283活动剧情\Belles of three.Stray match\一.csv,24,4001063020110,あさひ,この子、ツノあるっすよ,这个女孩子，头上有角诶,283活动剧情,Belles of three.Stray match,一
283活动剧情\Belles of three.Stray match\一.csv,32,4001063020140,あさひ,ふーん……？,嗯哼……？,283活动剧情,Belles of three.Stray match,一
283活动剧情\Belles of three.Stray match\一.csv,35,4001063020160,あさひ,"わたし、面白そうなのがいっす！
どんな勝負するっすか？","我的话，只要有趣就好了
是靠什么来决定胜负的呢？",283活动剧情,Belles of three.Stray match,一
283活动剧情\Belles of three.Stray match\一.csv,39,4001063020190,あさひ,……体力はどんなことするっすか？,……体力这个环节要比什么呢？,283活动剧情,Belles of three.Stray match,一
283活动剧情\Belles of three.Stray match\一.csv,41,4001063020200,あさひ,"へー、面白そうっす！
わたしそれやりたいっす！","诶—，好像很有趣的样子！
我想参加这个！",283活动剧情,Belles of three.Stray match,一
283活动剧情\Belles of three.Stray match\一.csv,49,4001063020230,あさひ,うーん……,唔……,283活动剧情,Belles of three.Stray match,一
283活动剧情\Belles of three.Stray match\一.csv,50,4001063020240,あさひ,"それじゃ、
３本勝負は意味ないってことっすか？","这个意思是，
之前的三局两胜也就没什么意义了是吗？",283活动剧情,Belles of three.Stray match,一
283活动剧情\Belles of three.Stray match\一.csv,54,4001063020261,あさひ＆愛依,うん！,嗯！,283活动剧情,Belles of three.Stray match,一
283活动剧情\Belles of three.Stray match\三.csv,7,4001063040060,あさひ,こっちもいけるっすよ,我也准备好啦,283活动剧情,Belles of three.Stray match,三
283活动剧情\Belles of three.Stray match\三.csv,15,4001063040140,あさひ,──出てきたら叩けばいっすよね？,——蝙蝠出现的话只要砸就可以了吧？,283活动剧情,Belles of three.Stray match,三
283活动剧情\Belles of three.Stray match\三.csv,19,4001063040171,かな＆あさひ,……,……,283活动剧情,Belles of three.Stray match,三
283活动剧情\Belles of three.Stray match\三.csv,20,4001063040180,あさひ,っ！！,！！,283活动剧情,Belles of three.Stray match,三
283活动剧情\Belles of three.Stray match\三.csv,21,4001063040190,あさひ,はっ！,哈！,283活动剧情,Belles of three.Stray match,三
283活动剧情\Belles of three.Stray match\三.csv,31,4001063040290,あさひ,……？,……？,283活动剧情,Belles of three.Stray match,三
283活动剧情\Belles of three.Stray match\三.csv,38,4001063040360,あさひ,なんで急に速くなったんすかね？,为什么突然就变迅速了？,283活动剧情,Belles of three.Stray match,三
283活动剧情\Belles of three.Stray match\三.csv,39,4001063040370,あさひ,……こう？,……像这样？,283活动剧情,Belles of three.Stray match,三
283活动剧情\Belles of three.Stray match\三.csv,40,4001063040380,あさひ,あ……！,啊……！,283活动剧情,Belles of three.Stray match,三
283活动剧情\Belles of three.Stray match\三.csv,41,4001063040390,あさひ,わかったっす！,我懂了！,283活动剧情,Belles of three.Stray match,三
283活动剧情\Belles of three.Stray match\三.csv,46,4001063040440,あさひ,こういうことっすね！,就是这么一回事吧！,283活动剧情,Belles of three.Stray match,三
283活动剧情\Belles of three.Stray match\三.csv,52,4001063040500,あさひ,なんすか、今の音？,刚刚的是，什么声音？,283活动剧情,Belles of three.Stray match,三
283活动剧情\Belles of three.Stray match\三.csv,60,4001063040580,あさひ,やりきったっす～……,燃尽了～……,283活动剧情,Belles of three.Stray match,三
283活动剧情\Belles of three.Stray match\二.csv,6,4001063030020,あさひ,ファイトっすー,加油—,283活动剧情,Belles of three.Stray match,二
283活动剧情\Belles of three.Stray match\二.csv,71,4001063030360,あさひ,大丈夫っすよ！,没关系啦！,283活动剧情,Belles of three.Stray match,二
283活动剧情\Belles of three.Stray match\二.csv,72,4001063030370,あさひ,次はわたしが勝つっす！,下一个环节我一定会赢回来的！,283活动剧情,Belles of three.Stray match,二
283活动剧情\Belles of three.Stray match\终.csv,3,4001063060010,あさひ,ここまで１勝１敗１分……,目前为止的战绩是1胜1败1平……,283活动剧情,Belles of three.Stray match,终
283活动剧情\Belles of three.Stray match\终.csv,11,4001063060040,あさひ,はいっす！,了解！,283活动剧情,Belles of three.Stray match,终
283活动剧情\Belles of three.Stray match\终.csv,14,4001063060070,あさひ,"それじゃ……
いくっすよ、みんな！",那么……各位，我们上咯！,283活动剧情,Belles of three.Stray match,终
283活动剧情\Belles of three.Stray match\终.csv,31,4001063060230,あさひ,"──ん？
２曲切れ目なし……つなげたっす",——嗯？两首歌之间没有停顿……是连在一起的,283活动剧情,Belles of three.Stray match,终
283活动剧情\Belles of three.Stray match\终.csv,37,4001063060290,あさひ,わたしたちは、もっとすごいっす！,我们的表演，会比她们更精彩！,283活动剧情,Belles of three.Stray match,终
283活动剧情\Belles of three.Stray match\终.csv,42,4001063060340,あさひ,"このステージは……
わたしたちのものっすよ！",这里是……我们的舞台！,283活动剧情,Belles of three.Stray match,终
283活动剧情\Belles of three.Stray match\终.csv,48,4001063060370,あさひ,"そっすね～
外気持ちいいっす～","是啊～
外面可舒服了～",283活动剧情,Belles of three.Stray match,终
283活动剧情\Belles of three.Stray match\终.csv,60,4001063060470,あさひ,またどっかで会えるっすかね？,还有机会再遇到一起吗？,283活动剧情,Belles of three.Stray match,终
283活动剧情\Detective×Murder\special_communications_490103202.csv,40,4901032020260,あさひ,"２倍になるのはギリギリの29日……
あははっ、面白いっすね～！","在马上就要过完一个月的第29天才会从一半翻倍……
啊哈哈，真有意思~！",283活动剧情,Detective×Murder,special_communications_490103202
283活动剧情\Detective×Murder\special_communications_490103202.csv,41,4901032020270,あさひ,"そっちの４人は、一緒に来たっすね
なんでっすか？","那边的四个人是一起来的吧
为什么呢？",283活动剧情,Detective×Murder,special_communications_490103202
283活动剧情\Detective×Murder\special_communications_490103205.csv,5,4901032050040,あさひ,わたしはやるっすよ,我要参加哦,283活动剧情,Detective×Murder,special_communications_490103205
283活动剧情\Detective×Murder\special_communications_490103205.csv,6,4901032050050,あさひ,解毒剤さえ見つければ死なないっすよね,只要找到解毒剂就不会死了吧,283活动剧情,Detective×Murder,special_communications_490103205
283活动剧情\Detective×Murder\special_communications_490103205.csv,7,4901032050060,あさひ,謎解き、ワクワクするっす～！,解谜，真让人兴奋不已啊～！,283活动剧情,Detective×Murder,special_communications_490103205
283活动剧情\Detective×Murder\special_communications_490103207.csv,2,4901032070010,あさひ,現場調べる人いっぱいっすね……,有好多人都去调查现场了呢……,283活动剧情,Detective×Murder,special_communications_490103207
283活动剧情\Detective×Murder\special_communications_490103207.csv,3,4901032070020,あさひ,"じゃあ、わたしはここに残って
みんなは昨日何してたか一覧表にまとめるっす！","那我就留在这里，
把大家昨天做过的事情整合成一览表吧！",283活动剧情,Detective×Murder,special_communications_490103207
283活动剧情\Detective×Murder\special_communications_490103207.csv,5,4901032070030,あさひ,昨日、カメラであちこち撮ってたっす,昨天，我拿着相机到处拍了一圈,283活动剧情,Detective×Murder,special_communications_490103207
283活动剧情\Detective×Murder\special_communications_490103207.csv,6,4901032070040,あさひ,"死亡時刻がわかったら照らし合わせて
アリバイある人が浮かび上がるっすよ","知道了死亡时刻之后，
只要对照一下，就能排除掉有不在场证明的人了",283活动剧情,Detective×Murder,special_communications_490103207
283活动剧情\Detective×Murder\special_communications_490103207.csv,8,4901032070060,あさひ,あっ、そのデータも欲しいっす！,啊，那些数据我也想要！,283活动剧情,Detective×Murder,special_communications_490103207
283活动剧情\Detective×Murder\special_communications_490103210.csv,4,4901032100020,あさひ,死亡推定時刻、わかったっすか？,知道死亡推定时刻了吗？,283活动剧情,Detective×Murder,special_communications_490103210
283活动剧情\Detective×Murder\special_communications_490103210.csv,16,4901032100140,あさひ,とにかく、行動の一覧表を埋めたいっす！,总之，我想把行动一览表做出来！,283活动剧情,Detective×Murder,special_communications_490103210
283活动剧情\Detective×Murder\special_communications_490103210.csv,17,4901032100150,あさひ,"戻ってきたみんなが
その時間何してたか教えてほしいっすよ","希望回到了这里的大家能告诉我
自己在那段时间内做了些什么",283活动剧情,Detective×Murder,special_communications_490103210
283活动剧情\Detective×Murder\special_communications_490103211.csv,27,4901032110220,あさひ,"お風呂……
じゃあ誰もアリバイ実証できないっすね","洗澡……
那谁都没法帮忙做不在场证明了呢",283活动剧情,Detective×Murder,special_communications_490103211
283活动剧情\Detective×Murder\【２日目】14_36-あさひ・冬優子・愛依.csv,3,4901032180010,あさひ,"愛依ちゃん
これ、どういうことっすか",小爱依，这是怎么回事,283活动剧情,Detective×Murder,【２日目】14_36-あさひ・冬優子・愛依
283活动剧情\Detective×Murder\【２日目】14_36-あさひ・冬優子・愛依.csv,12,4901032180080,あさひ,怪しいものが映ってたっす！,上面有很可疑的东西！,283活动剧情,Detective×Murder,【２日目】14_36-あさひ・冬優子・愛依
283活动剧情\Detective×Murder\【２日目】14_36-あさひ・冬優子・愛依.csv,16,4901032180100,あさひ,で、愛依ちゃんの手元をこう、拡大すると──,然后，只要像这样放大小爱依的手——,283活动剧情,Detective×Murder,【２日目】14_36-あさひ・冬優子・愛依
283活动剧情\Detective×Murder\【２日目】14_36-あさひ・冬優子・愛依.csv,20,4901032180110,あさひ,この画面は23時17分,这个画面是在23时17分拍下来的,283活动剧情,Detective×Murder,【２日目】14_36-あさひ・冬優子・愛依
283活动剧情\Detective×Murder\【２日目】14_36-あさひ・冬優子・愛依.csv,21,4901032180120,あさひ,"この後､愛依ちゃんは23時38分には
ロビーに戻ってるっす","在那之后，23时38分
小爱依就回到了大堂",283活动剧情,Detective×Murder,【２日目】14_36-あさひ・冬優子・愛依
283活动剧情\Detective×Murder\【２日目】14_36-あさひ・冬優子・愛依.csv,22,4901032180130,あさひ,"わたしのカメラが、愛依ちゃんの姿を映してるっすから
それは間違いないっす",我的相机拍到了小爱依，所以肯定没错,283活动剧情,Detective×Murder,【２日目】14_36-あさひ・冬優子・愛依
283活动剧情\Detective×Murder\【２日目】14_36-あさひ・冬優子・愛依.csv,28,4901032180170,あさひ,……わたしもそう思うっす,……我也是这么想的,283活动剧情,Detective×Murder,【２日目】14_36-あさひ・冬優子・愛依
283活动剧情\Detective×Murder\【２日目】14_36-あさひ・冬優子・愛依.csv,29,4901032180180,あさひ,"愛依ちゃんが『Ａ』を殺した犯人だったら
解毒剤を放っておくわけはないし……","如果小爱依就是杀害了“A”的犯人，
就绝对不会放着解毒剂不管……",283活动剧情,Detective×Murder,【２日目】14_36-あさひ・冬優子・愛依
283活动剧情\Detective×Murder\【２日目】14_36-あさひ・冬優子・愛依.csv,30,4901032180190,あさひ,"手に入れた解毒剤を
みんなから隠すことはしないと思うっす","也一定不会把拿到的解毒剂
从大家面前藏起来",283活动剧情,Detective×Murder,【２日目】14_36-あさひ・冬優子・愛依
283活动剧情\Detective×Murder\【２日目】14_36-あさひ・冬優子・愛依.csv,32,4901032180200,あさひ,ただの勘っす！,只是直觉而已！,283活动剧情,Detective×Murder,【２日目】14_36-あさひ・冬優子・愛依
283活动剧情\Detective×Murder\【２日目】14_36-あさひ・冬優子・愛依.csv,38,4901032180260,あさひ,"何か事情があるっすか？
キリキリ白状するっす！","是有什么内情吗？
快干脆利落地坦白吧！",283活动剧情,Detective×Murder,【２日目】14_36-あさひ・冬優子・愛依
283活动剧情\Detective×Murder\【２日目】14_36-あさひ・冬優子・愛依.csv,61,4901032180430,あさひ,……鍵は今、愛依ちゃんが持ってるんすか,……钥匙现在还在小爱依手里吗,283活动剧情,Detective×Murder,【２日目】14_36-あさひ・冬優子・愛依
283活动剧情\Detective×Murder\【２日目】14_36-あさひ・冬優子・愛依.csv,67,4901032180490,あさひ,"そっすよ
愛依ちゃんは犯人じゃないっすよね","是啊
小爱依不是犯人吧",283活动剧情,Detective×Murder,【２日目】14_36-あさひ・冬優子・愛依
283活动剧情\Detective×Murder\【２日目】14_36-あさひ・冬優子・愛依.csv,68,4901032180500,あさひ,"黙ってたら
本当の犯人に濡れ衣を着せられちゃうっすよ","如果一直不说
可能就会被真正的犯人栽赃哦",283活动剧情,Detective×Murder,【２日目】14_36-あさひ・冬優子・愛依
283活动剧情\Detective×Murder\【２日目】16_04-為すべきは──.csv,5,4901032360020,あさひ,へー、そこで何を探すんすか？,诶——，你要去那里找什么啊？,283活动剧情,Detective×Murder,【２日目】16_04-為すべきは──
283活动剧情\Detective×Murder\【２日目】16_04-為すべきは──.csv,10,4901032360030,あさひ,"そうかもしれないっすけど、
どこにあるんすか、それ","可能确实是这样，
但那东西到底在哪里呢",283活动剧情,Detective×Murder,【２日目】16_04-為すべきは──
283活动剧情\Detective×Murder\【２日目】16_04-為すべきは──.csv,14,4901032360050,あさひ,わかったっす！,我知道了！,283活动剧情,Detective×Murder,【２日目】16_04-為すべきは──
283活动剧情\Detective×Murder\【２日目】16_04-為すべきは──.csv,15,4901032360060,あさひ,"確かめたら、真相わかるっすかね？
くー！　ワクワクしてきたっす～！","只要确认完就能知道真相了吧？
哦哦——！我已经开始兴奋不已了～！",283活动剧情,Detective×Murder,【２日目】16_04-為すべきは──
283活动剧情\Detective×Murder\【２日目】16_08-贖罪の山羊１.csv,4,4901032200020,あさひ,"えーーー！
そんなはずはないっす！","诶————！
不应该是这样的！",283活动剧情,Detective×Murder,【２日目】16_08-贖罪の山羊１
283活动剧情\Detective×Murder\【２日目】16_08-贖罪の山羊２.csv,31,4901032370140,あさひ,わたしも同感っす,我也有同感,283活动剧情,Detective×Murder,【２日目】16_08-贖罪の山羊２
283活动剧情\Detective×Murder\【２日目】16_08-贖罪の山羊２.csv,32,4901032370150,あさひ,……愛依ちゃん、本当に殺したんすか？,……小爱依，真的是你杀的吗？,283活动剧情,Detective×Murder,【２日目】16_08-贖罪の山羊２
283活动剧情\Detective×Murder\【２日目】16_08-贖罪の山羊２.csv,44,4901032370231,あさひ＆冬優子,…………,,283活动剧情,Detective×Murder,【２日目】16_08-贖罪の山羊２
283活动剧情\Detective×Murder\【２日目】19_00-追跡者.csv,10,4901032220060,あさひ,ン…………、うう…………,嗯…………，呜呜…………,283活动剧情,Detective×Murder,【２日目】19_00-追跡者
283活动剧情\Detective×Murder\【２日目】19_00-追跡者.csv,12,4901032220080,あさひ,……冬優子ちゃん？,……小冬优子？,283活动剧情,Detective×Murder,【２日目】19_00-追跡者
283活动剧情\Detective×Murder\【２日目】19_00-追跡者.csv,13,4901032220090,あさひ,…………これ、どうなってるんすか……？,…………这到底是怎么回事啊……？,283活动剧情,Detective×Murder,【２日目】19_00-追跡者
283活动剧情\Detective×Murder\【２日目】19_00-追跡者.csv,17,4901032220130,あさひ,どうしたんすか？,怎么了？,283活动剧情,Detective×Murder,【２日目】19_00-追跡者
283活动剧情\Detective×Murder\【２日目】19_00-追跡者.csv,19,4901032220150,あさひ,"千雪さんと、お弟子さんの遺体だけが
見当たらないっすね……",只有千雪小姐和弟子先生的遗体完全找不到呢……,283活动剧情,Detective×Murder,【２日目】19_00-追跡者
283活动剧情\Detective×Murder\【２日目】19_00-追跡者.csv,20,4901032220160,あさひ,"──ん……？
なんだろ、わたし、腕が……","——嗯……？
这是什么，我的手腕上……",283活动剧情,Detective×Murder,【２日目】19_00-追跡者
283活动剧情\Detective×Murder\【２日目】19_00-追跡者.csv,24,4901032220200,あさひ,"……この跡、
他の遺体にはないみたいっすね",……这个痕迹，其他的遗体上好像都没有呢,283活动剧情,Detective×Murder,【２日目】19_00-追跡者
283活动剧情\Detective×Murder\【２日目】19_00-追跡者.csv,25,4901032220210,あさひ,…………,,283活动剧情,Detective×Murder,【２日目】19_00-追跡者
283活动剧情\Detective×Murder\【２日目】19_00-追跡者.csv,26,4901032220220,あさひ,わたしたちだけが生きてるのって……！,只有我们活了下来，莫非是因为……！,283活动剧情,Detective×Murder,【２日目】19_00-追跡者
283活动剧情\Detective×Murder\【２日目】19_00-追跡者.csv,27,4901032220230,あさひ,まさか、愛依ちゃんが……！？,小爱依她……！？,283活动剧情,Detective×Murder,【２日目】19_00-追跡者
283活动剧情\Detective×Murder\【２日目】19_00-追跡者.csv,29,4901032220250,あさひ,…………,,283活动剧情,Detective×Murder,【２日目】19_00-追跡者
283活动剧情\Detective×Murder\【２日目】19_00-追跡者.csv,32,4901032220280,あさひ,……そっすね,……是啊,283活动剧情,Detective×Murder,【２日目】19_00-追跡者
283活动剧情\Detective×Murder\【２日目】19_00-追跡者.csv,33,4901032220290,あさひ,"あのふたりを追い詰めて、
愛依ちゃんと、みんなの仇を取る──","要追上他们两个人，
为小爱依和大家报仇——",283活动剧情,Detective×Murder,【２日目】19_00-追跡者
283活动剧情\En Route\序章 APPROACH.csv,2,4001082010010,あさひ,たとえ、深い闇の中にあっても,即使，身处深邃的黑暗之中,283活动剧情,En Route,序章 APPROACH
283活动剧情\En Route\序章 APPROACH.csv,5,4001082010040,あさひ,そんな希望を,想将那样的希望,283活动剧情,En Route,序章 APPROACH
283活动剧情\En Route\序章 APPROACH.csv,8,4001082010070,あさひ,どこよりも、大きな光で照らす企業,一家耀眼得无与伦比的企业,283活动剧情,En Route,序章 APPROACH
283活动剧情\En Route\序章 APPROACH.csv,16,4001082010090,あさひ,あっちもこっちもキラキラっすね！,到处都闪闪发光的！,283活动剧情,En Route,序章 APPROACH
283活动剧情\En Route\序章 APPROACH.csv,37,4001082010140,あさひ,……,……,283活动剧情,En Route,序章 APPROACH
283活动剧情\En Route\序章 APPROACH.csv,38,4001082010150,あさひ,"……！
美味しい！","……！
好吃！",283活动剧情,En Route,序章 APPROACH
283活动剧情\En Route\序章 APPROACH.csv,39,4001082010160,あさひ,"すみませーん
これ、おかわりないっすか？","不好意思—
这个，能再来一份吗？",283活动剧情,En Route,序章 APPROACH
283活动剧情\En Route\第1话 EARLY DAYS.csv,2,4001082020010,あさひ,"……冬優子ちゃん
次の仕事のこれ、なんすか？","……冬优子
下一场工作的这个，是什么啊？",283活动剧情,En Route,第1话 EARLY DAYS
283活动剧情\En Route\第1话 EARLY DAYS.csv,4,4001082020030,あさひ,"……？
パフォーマンスはしないんすか？","……？
不用表演吗？",283活动剧情,En Route,第1话 EARLY DAYS
283活动剧情\En Route\第1话 EARLY DAYS.csv,6,4001082020050,あさひ,"ふーん……
それ、面白いっすかね……","唔—……
这个，有意思吗……",283活动剧情,En Route,第1话 EARLY DAYS
283活动剧情\En Route\第1话 EARLY DAYS.csv,26,4001082020161,あさひ＆愛依,はいっす,好,283活动剧情,En Route,第1话 EARLY DAYS
283活动剧情\En Route\第1话 EARLY DAYS.csv,47,4001082020250,あさひ,……ふぁ,……呼啊,283活动剧情,En Route,第1话 EARLY DAYS
283活动剧情\En Route\第1话 EARLY DAYS.csv,48,0000000000000,あさひ,眠くなっちゃったっす,我都犯困了,283活动剧情,En Route,第1话 EARLY DAYS
283活动剧情\En Route\第1话 EARLY DAYS.csv,51,4001082020260,あさひ,いや？　たくさん寝たっす,没有啊？　睡得很香,283活动剧情,En Route,第1话 EARLY DAYS
283活动剧情\En Route\第1话 EARLY DAYS.csv,55,4001082020280,あさひ,"……？
何がっすか？","……？
注意什么？",283活动剧情,En Route,第1话 EARLY DAYS
283活动剧情\En Route\第1话 EARLY DAYS.csv,57,4001082020300,あさひ,そうなんすか？,是吗？,283活动剧情,En Route,第1话 EARLY DAYS
283活动剧情\En Route\第1话 EARLY DAYS.csv,58,4001082020310,あさひ,でも、本当に眠かったんすよ,可我真的很困啊,283活动剧情,En Route,第1话 EARLY DAYS
283活动剧情\En Route\第1话 EARLY DAYS.csv,61,4001082020340,あさひ,……わかったっす,……知道了,283活动剧情,En Route,第1话 EARLY DAYS
283活动剧情\En Route\第1话 EARLY DAYS.csv,63,4001082020360,あさひ,"わざと？
なんでっすか","故意？
为什么要故意",283活动剧情,En Route,第1话 EARLY DAYS
283活动剧情\En Route\第1话 EARLY DAYS.csv,65,4001082020380,あさひ,"あー
そうだったんすねー","啊—
原来如此—",283活动剧情,En Route,第1话 EARLY DAYS
283活动剧情\En Route\第1话 EARLY DAYS.csv,68,4001082020410,あさひ,"まぁ、そっすね
どこにいても同じっす","这个嘛，是啦
不管在哪里都是一样的",283活动剧情,En Route,第1话 EARLY DAYS
283活动剧情\En Route\第1话 EARLY DAYS.csv,79,4001082020480,あさひ,……わたしのことっすかねー……,……是在说我吗—……,283活动剧情,En Route,第1话 EARLY DAYS
283活动剧情\En Route\第1话 EARLY DAYS.csv,113,4001082020750,あさひ,"あ、いたっす！
冬優子ちゃん、愛依ちゃん！","啊，找到了！
冬优子，爱依！",283活动剧情,En Route,第1话 EARLY DAYS
283活动剧情\En Route\第1话 EARLY DAYS.csv,115,4001082020770,あさひ,違うっすよ～,不是啦～,283活动剧情,En Route,第1话 EARLY DAYS
283活动剧情\En Route\第1话 EARLY DAYS.csv,116,4001082020780,あさひ,"すっごく美味しい料理があったっすよ！
早く来るっす！","有超好吃的食物！
你们快来！",283活动剧情,En Route,第1话 EARLY DAYS
283活动剧情\En Route\第1话 EARLY DAYS.csv,118,4001082020800,あさひ,あれはみんなも食べたほうがいっすよ,那个要大家都尝一尝才好啦,283活动剧情,En Route,第1话 EARLY DAYS
283活动剧情\En Route\第1话 EARLY DAYS.csv,119,4001082020810,あさひ,"ほら、急ぐっすよ
じゃないと、なくなっちゃうっす！","来嘛，快点
不然等会儿就没有了！",283活动剧情,En Route,第1话 EARLY DAYS
283活动剧情\En Route\第1话 EARLY DAYS.csv,122,4001082020840,あさひ,"逃げるっす！
ほら早く～！",会逃走的！来嘛快点～！,283活动剧情,En Route,第1话 EARLY DAYS
283活动剧情\En Route\第2话 AGAIN.csv,4,4001082030020,あさひ,"そっすね
美味しいごはん、いっぱいあったっす","是啊
有好多好吃的饭",283活动剧情,En Route,第2话 AGAIN
283活动剧情\En Route\第2话 AGAIN.csv,13,4001082030080,あさひ,３つも……,三件……,283活动剧情,En Route,第2话 AGAIN
283活动剧情\En Route\第2话 AGAIN.csv,21,4001082030110,あさひ,ふんふん,嗯嗯,283活动剧情,En Route,第2话 AGAIN
283活动剧情\En Route\第2话 AGAIN.csv,24,4001082030120,あさひ,なるほど、わかったっす,原来如此，我知道了,283活动剧情,En Route,第2话 AGAIN
283活动剧情\En Route\第3话 MEANING.csv,7,4001082040010,あさひ,よろしくっす！,请多指教！,283活动剧情,En Route,第3话 MEANING
283活动剧情\En Route\第3话 MEANING.csv,9,4001082040020,あさひ,はいっす,好,283活动剧情,En Route,第3话 MEANING
283活动剧情\En Route\第3话 MEANING.csv,10,4001082040030,あさひ,"ストレイライトは、わたしと黛冬優子ちゃん、
和泉愛依ちゃんの３人で活動しているユニットっす","Straylight是由我、黛冬优子以及和泉爱依
三个人展开偶像活动的团体",283活动剧情,En Route,第3话 MEANING
283活动剧情\En Route\第3话 MEANING.csv,12,4001082040040,あさひ,そっすか,是吗,283活动剧情,En Route,第3话 MEANING
283活动剧情\En Route\第3话 MEANING.csv,14,4001082040050,あさひ,おー……,哦—……,283活动剧情,En Route,第3话 MEANING
283活动剧情\En Route\第3话 MEANING.csv,17,4001082040060,あさひ,わかったっす,明白了,283活动剧情,En Route,第3话 MEANING
283活动剧情\En Route\第3话 MEANING.csv,18,4001082040070,あさひ,いつでもいっすよ,随时都可以哦,283活动剧情,En Route,第3话 MEANING
283活动剧情\En Route\第3话 MEANING.csv,20,4001082040080,あさひ,……,……,283活动剧情,En Route,第3话 MEANING
283活动剧情\En Route\第3话 MEANING.csv,21,4001082040090,あさひ,……！,……！,283活动剧情,En Route,第3话 MEANING
283活动剧情\En Route\第3话 MEANING.csv,22,4001082040100,あさひ,……っと,……呼,283活动剧情,En Route,第3话 MEANING
283活动剧情\En Route\第3话 MEANING.csv,25,4001082040110,あさひ,…………,…………,283活动剧情,En Route,第3话 MEANING
283活动剧情\En Route\第3话 MEANING.csv,28,4001082040120,あさひ,"この前、みんなですごいパーティーに行ったっすよ
会場がキラキラで、初めての料理ばっかりだったっす","前几天和大家一起去参加了一个超棒的派对哦
场馆亮晶晶的，摆的全都是我第一次尝到的食物",283活动剧情,En Route,第3话 MEANING
283活动剧情\En Route\第3话 MEANING.csv,30,4001082040130,あさひ,うーん、白くてふわふわだったやつっすね！,唔—，是一种白白的软软的东西！,283活动剧情,En Route,第3话 MEANING
283活动剧情\En Route\第3话 MEANING.csv,32,4001082040140,あさひ,あはは、そっすね！,啊哈哈，是呢！,283活动剧情,En Route,第3话 MEANING
283活动剧情\En Route\第3话 MEANING.csv,33,4001082040150,あさひ,"名前、聞いたっすけど……
冬優子ちゃんも愛依ちゃんもわからなかったみたいっす","我是问过名字……
但冬优子和爱依好像都不知道",283活动剧情,En Route,第3话 MEANING
283活动剧情\En Route\第3话 MEANING.csv,37,4001082040160,あさひ,愛依ちゃんがたまに作ってくるお菓子っすね,爱依偶尔会做的点心,283活动剧情,En Route,第3话 MEANING
283活动剧情\En Route\第3话 MEANING.csv,39,4001082040170,あさひ,チョコケーキっす,巧克力蛋糕,283活动剧情,En Route,第3话 MEANING
283活动剧情\En Route\第3话 MEANING.csv,41,4001082040180,あさひ,そっすね。どんどん上手になってる気がするっす,是啊。感觉做得越来越好吃了,283活动剧情,En Route,第3话 MEANING
283活动剧情\En Route\第3话 MEANING.csv,44,4001082040190,あさひ,今度、持ってきてもらえばいっすよ,下次让她带过来就好啦,283活动剧情,En Route,第3话 MEANING
283活动剧情\En Route\第3话 MEANING.csv,48,4001082040200,あさひ,……,……,283活动剧情,En Route,第3话 MEANING
283活动剧情\En Route\第3话 MEANING.csv,51,4001082040210,あさひ,いや、あんまり考えたことがなかったっすね,不是，是没怎么想过这个问题,283活动剧情,En Route,第3话 MEANING
283活动剧情\En Route\第3话 MEANING.csv,52,4001082040220,あさひ,"うーん
『トップになる』……とか……？","唔—
『成为顶流』……之类的……？",283活动剧情,En Route,第3话 MEANING
283活动剧情\En Route\第3话 MEANING.csv,55,4001082040230,あさひ,"……
あー……","……
啊—……",283活动剧情,En Route,第3话 MEANING
283活动剧情\En Route\第3话 MEANING.csv,61,4001082040240,あさひ,……,……,283活动剧情,En Route,第3话 MEANING
283活动剧情\En Route\第3话 MEANING.csv,64,4001082040250,あさひ,"ふーん
そうだったんすね","唔—
是这样啊",283活动剧情,En Route,第3话 MEANING
283活动剧情\En Route\第3话 MEANING.csv,65,4001082040260,あさひ,……,……,283活动剧情,En Route,第3话 MEANING
283活动剧情\En Route\第3话 MEANING.csv,66,4001082040270,あさひ,『トップになる』……,『成为顶流』……,283活动剧情,En Route,第3话 MEANING
283活动剧情\En Route\第3话 MEANING.csv,68,4001082040280,あさひ,"プロデューサーさんは
なんだと思うっすか？","制作人
你觉得它指的是什么？",283活动剧情,En Route,第3话 MEANING
283活动剧情\En Route\第3话 MEANING.csv,71,4001082040290,あさひ,……,……,283活动剧情,En Route,第3话 MEANING
283活动剧情\En Route\第3话 MEANING.csv,74,4001082040300,あさひ,うーん……,唔—……,283活动剧情,En Route,第3话 MEANING
283活动剧情\En Route\第3话 MEANING.csv,76,4001082040310,あさひ,"まぁ、それもわかるっすけど……
なんか、それだけじゃないような……","这个嘛，我能理解……
但又总觉得不仅仅是这样……",283活动剧情,En Route,第3话 MEANING
283活动剧情\En Route\第3话 MEANING.csv,78,4001082040320,あさひ,どういうことっすか？,什么意思？,283活动剧情,En Route,第3话 MEANING
283活动剧情\En Route\第3话 MEANING.csv,82,4001082040330,あさひ,"……
いつ、見つかるっすかね……","……
那什么时候，才能找到呢……",283活动剧情,En Route,第3话 MEANING
283活动剧情\En Route\第3话 MEANING.csv,84,4001082040340,あさひ,えー……めんどうっすね,诶—……好麻烦啊,283活动剧情,En Route,第3话 MEANING
283活动剧情\En Route\第3话 MEANING.csv,87,4001082040350,あさひ,…………,…………,283活动剧情,En Route,第3话 MEANING
283活动剧情\En Route\第3话 MEANING.csv,89,4001082040360,あさひ,はいっす～,是～,283活动剧情,En Route,第3话 MEANING
283活动剧情\En Route\第3话 MEANING.csv,90,4001082040370,あさひ,じゃ、いってくるっす,那我过去啦,283活动剧情,En Route,第3话 MEANING
283活动剧情\En Route\第4话 REASON.csv,24,4001082050230,あさひ,"あっ、冬優子ちゃん、愛依ちゃん！
お疲れっす～","啊，冬优子，爱依！
辛苦啦～",283活动剧情,En Route,第4话 REASON
283活动剧情\En Route\第4话 REASON.csv,31,4001082050260,あさひ,『はいっす』,『好』,283活动剧情,En Route,第4话 REASON
283活动剧情\En Route\第4话 REASON.csv,32,4001082050270,あさひ,"『ストレイライトは、わたしと黛冬優子ちゃん、
和泉愛依ちゃんの３人で活動しているユニットっす』","『Straylight是由我、黛冬优子以及和泉爱依
三个人展开偶像活动的团体』",283活动剧情,En Route,第4话 REASON
283活动剧情\En Route\第4话 REASON.csv,36,4001082050290,あさひ,いっぱい練習したっす,我练了好多次的,283活动剧情,En Route,第4话 REASON
283活动剧情\En Route\第4话 REASON.csv,39,4001082050310,あさひ,『あはは、そっすね！』,『啊哈哈，是呢！』,283活动剧情,En Route,第4话 REASON
283活动剧情\En Route\第4话 REASON.csv,40,4001082050320,あさひ,"『名前、聞いたっすけど……
冬優子ちゃんも愛依ちゃんもわからなかったみたいっす』","『我是问过名字……
但冬优子和爱依好像都不知道』",283活动剧情,En Route,第4话 REASON
283活动剧情\En Route\第4话 REASON.csv,42,4001082050340,あさひ,"あれ、冬優子ちゃんはちゃんと覚えてるんすか？
あの料理の名前","咦，冬优子记住了吗？
那道菜的名字",283活动剧情,En Route,第4话 REASON
283活动剧情\En Route\第4话 REASON.csv,45,4001082050360,あさひ,『愛依ちゃんがたまに作ってくるお菓子っすね』,『爱依偶尔会做的点心』,283活动剧情,En Route,第4话 REASON
283活动剧情\En Route\第4话 REASON.csv,50,4001082050400,あさひ,おっ、やったっす～！,噢，好耶～！,283活动剧情,En Route,第4话 REASON
283活动剧情\En Route\第4话 REASON.csv,52,4001082050410,あさひ,"うーん
『トップになる』……とか……？","唔—
『成为顶流』……之类的……？",283活动剧情,En Route,第4话 REASON
283活动剧情\En Route\第4话 REASON.csv,59,4001082050440,あさひ,"本当はこの後、トップになりたい理由も
聞かれたっすよ","其实在这之后，我还被问到了
想成为顶流的原因",283活动剧情,En Route,第4话 REASON
283活动剧情\En Route\第4话 REASON.csv,60,4001082050450,あさひ,"ふたりだったら、
どう答えるっすか？","如果是你们俩
会怎么回答？",283活动剧情,En Route,第4话 REASON
283活动剧情\En Route\第4话 REASON.csv,64,4001082050490,あさひ,"…………
愛依ちゃんはどっすか？","…………
爱依呢？",283活动剧情,En Route,第4话 REASON
283活动剧情\En Route\第4话 REASON.csv,80,4001082050650,あさひ,……愛依ちゃん？,……爱依？,283活动剧情,En Route,第4话 REASON
283活动剧情\En Route\第4话 REASON.csv,88,4001082050720,あさひ,へー、どうやってやるんすか？　それ,诶—，那，要怎么做啊？,283活动剧情,En Route,第4话 REASON
283活动剧情\En Route\第4话 REASON.csv,90,4001082050740,あさひ,……,……,283活动剧情,En Route,第4话 REASON
283活动剧情\En Route\第4话 REASON.csv,93,4001082050770,あさひ,"どんなライブにするっすか？
ハンパないってどんな感じっすか？","要办什么样的演唱会呢？
炸裂是怎么个炸裂法呢？",283活动剧情,En Route,第4话 REASON
283活动剧情\En Route\第4话 REASON.csv,95,4001082050790,あさひ,あはは、いっすね～,啊哈哈，好啊～,283活动剧情,En Route,第4话 REASON
283活动剧情\En Route\第5话 CHANGE.csv,48,4001082060290,あさひ,『どんな映画ですか？』,『是什么样的电影啊？』,283活动剧情,En Route,第5话 CHANGE
283活动剧情\En Route\第5话 CHANGE.csv,55,4001082060310,あさひ,『よくわかりません』,『不是很理解』,283活动剧情,En Route,第5话 CHANGE
283活动剧情\En Route\第5话 CHANGE.csv,57,4001082060330,あさひ,『はい』,『是的』,283活动剧情,En Route,第5话 CHANGE
283活动剧情\En Route\第5话 CHANGE.csv,61,4001082060370,あさひ,『ふたりが見て面白かったら行きます』,『要是你们看了觉得有意思我再去』,283活动剧情,En Route,第5话 CHANGE
283活动剧情\En Route\终章 WHAT I WANT TO DO.csv,2,4001082080010,あさひ,"よっ……
ほっ……","哟……
嘿……",283活动剧情,En Route,终章 WHAT I WANT TO DO
283活动剧情\En Route\终章 WHAT I WANT TO DO.csv,5,4001082080021,あさひ＆冬優子,はいっす,嗯,283活动剧情,En Route,终章 WHAT I WANT TO DO
283活动剧情\En Route\终章 WHAT I WANT TO DO.csv,10,4001082080040,あさひ,愛依ちゃんもまだ来てないっすね,爱依也还没来呢,283活动剧情,En Route,终章 WHAT I WANT TO DO
283活动剧情\En Route\终章 WHAT I WANT TO DO.csv,15,4001082080050,あさひ,なんて言ってたっすか？,她说什么了吗？,283活动剧情,En Route,终章 WHAT I WANT TO DO
283活动剧情\En Route\终章 WHAT I WANT TO DO.csv,20,4001082080080,あさひ,"自主練っすかー
何するっすか、冬優子ちゃん","自主训练吗—
要练什么呢，冬优子",283活动剧情,En Route,终章 WHAT I WANT TO DO
283活动剧情\En Route\终章 WHAT I WANT TO DO.csv,22,4001082080100,あさひ,ん？,嗯？,283活动剧情,En Route,终章 WHAT I WANT TO DO
283活动剧情\En Route\终章 WHAT I WANT TO DO.csv,24,4001082080120,あさひ,……借り？,……人情？,283活动剧情,En Route,终章 WHAT I WANT TO DO
283活动剧情\En Route\终章 WHAT I WANT TO DO.csv,26,4001082080140,あさひ,"んー、わかったっす
そういうことでいっすよ","唔—，我知道了
就当是这么回事吧",283活动剧情,En Route,终章 WHAT I WANT TO DO
283活动剧情\En Route\终章 WHAT I WANT TO DO.csv,31,4001082080190,あさひ,なんのことっすか？,什么事？,283活动剧情,En Route,终章 WHAT I WANT TO DO
283活动剧情\En Route\终章 WHAT I WANT TO DO.csv,33,4001082080210,あさひ,あー、思い出したっす,啊—，我想起来了,283活动剧情,En Route,终章 WHAT I WANT TO DO
283活动剧情\En Route\终章 WHAT I WANT TO DO.csv,34,4001082080220,あさひ,で、それがなんすか？,然后呢，怎么了吗？,283活动剧情,En Route,终章 WHAT I WANT TO DO
283活动剧情\En Route\终章 WHAT I WANT TO DO.csv,36,4001082080240,あさひ,はぁ、いっすけど,哈啊，可以啊,283活动剧情,En Route,终章 WHAT I WANT TO DO
283活动剧情\En Route\终章 WHAT I WANT TO DO.csv,37,4001082080250,あさひ,なんで冬優子ちゃんがそんなこと言うっすか？,为什么冬优子要那样说啊？,283活动剧情,En Route,终章 WHAT I WANT TO DO
283活动剧情\En Route\终章 WHAT I WANT TO DO.csv,40,4001082080280,あさひ,まぁ、そっすね,这个嘛，确实,283活动剧情,En Route,终章 WHAT I WANT TO DO
283活动剧情\En Route\终章 WHAT I WANT TO DO.csv,42,4001082080300,あさひ,わかったっす,知道了,283活动剧情,En Route,终章 WHAT I WANT TO DO
283活动剧情\En Route\终章 WHAT I WANT TO DO.csv,44,4001082080320,あさひ,"……？
言わないっすよ","……？
我不会说的",283活动剧情,En Route,终章 WHAT I WANT TO DO
283活动剧情\En Route\终章 WHAT I WANT TO DO.csv,47,4001082080341,あさひ＆冬優子,お疲れっすー,辛苦了—,283活动剧情,En Route,终章 WHAT I WANT TO DO
283活动剧情\En Route\终章 WHAT I WANT TO DO.csv,54,4001082080401,あさひ＆冬優子,いっすよ,可以哦,283活动剧情,En Route,终章 WHAT I WANT TO DO
283活动剧情\En Route\终章 WHAT I WANT TO DO.csv,61,4001082080461,あさひ＆冬優子,おおー！,哦哦—！,283活动剧情,En Route,终章 WHAT I WANT TO DO
283活动剧情\En Route\终章 WHAT I WANT TO DO.csv,63,4001082080480,あさひ,わたしは負けない,我不会输,283活动剧情,En Route,终章 WHAT I WANT TO DO
283活动剧情\En Route\终章 WHAT I WANT TO DO.csv,66,4001082080501,あさひ＆冬優子,……,……,283活动剧情,En Route,终章 WHAT I WANT TO DO
283活动剧情\En Route\终章 WHAT I WANT TO DO.csv,68,4001082080520,あさひ,わたしっすか？,该我了吗？,283活动剧情,En Route,终章 WHAT I WANT TO DO
283活动剧情\En Route\终章 WHAT I WANT TO DO.csv,71,4001082080550,あさひ,……,……,283活动剧情,En Route,终章 WHAT I WANT TO DO
283活动剧情\En Route\终章 WHAT I WANT TO DO.csv,72,4001082080560,あさひ,それから、その先で,而且，在那之后,283活动剧情,En Route,终章 WHAT I WANT TO DO
283活动剧情\En Route\终章 WHAT I WANT TO DO.csv,77,4001082080610,あさひ,"あはは、愛依ちゃん
びっくりしてるっす","啊哈哈，爱依
很吃惊呢",283活动剧情,En Route,终章 WHAT I WANT TO DO
283活动剧情\En Route\终章 WHAT I WANT TO DO.csv,83,4001082080660,あさひ,"わたしたちは、夢をあきらめない
絶対に、現実にする","我们绝不放弃梦想
一定要将梦化为现实",283活动剧情,En Route,终章 WHAT I WANT TO DO
283活动剧情\En Route\终章 WHAT I WANT TO DO.csv,86,4001082080690,あさひ,心は揺るがない,内心也绝不动摇,283活动剧情,En Route,终章 WHAT I WANT TO DO
283活动剧情\if(!Straylight)\序章-ORDINARY.csv,49,4001050010180,あさひ,……わっせ、わっせ……！,……嘿咻，嘿咻……!,283活动剧情,if(!Straylight),序章-ORDINARY
283活动剧情\if(!Straylight)\序章-ORDINARY.csv,50,4001050010190,あさひ,暑…………,好热啊…………,283活动剧情,if(!Straylight),序章-ORDINARY
283活动剧情\if(!Straylight)\序章-ORDINARY.csv,51,4001050010200,あさひ,わっせ、わっせ……！,……嘿咻，嘿咻……!,283活动剧情,if(!Straylight),序章-ORDINARY
283活动剧情\if(!Straylight)\序章-ORDINARY.csv,79,4001050010280,あさひ,"うーん
なんすかねー……","嗯……
会干什么呢——……",283活动剧情,if(!Straylight),序章-ORDINARY
283活动剧情\if(!Straylight)\序章-ORDINARY.csv,87,4001050010320,あさひ,…………,…………,283活动剧情,if(!Straylight),序章-ORDINARY
283活动剧情\if(!Straylight)\序章-ORDINARY.csv,88,4001050010330,あさひ,"これって、
どんな感じで読めばいいんすか？",这个，要用怎样的感觉去读呢？,283活动剧情,if(!Straylight),序章-ORDINARY
283活动剧情\if(!Straylight)\序章-ORDINARY.csv,91,4001050010340,あさひ,"……それって
『毎度ありがとうございます』って感じっすか？","也就是说，
“承蒙惠顾”这种感觉就行是吧？",283活动剧情,if(!Straylight),序章-ORDINARY
283活动剧情\if(!Straylight)\序章-ORDINARY.csv,94,4001050010350,あさひ,…………,…………,283活动剧情,if(!Straylight),序章-ORDINARY
283活动剧情\if(!Straylight)\序章-ORDINARY.csv,95,4001050010360,あさひ,『毎日暑い日が続いてるっす！』,“炎热的天气还在持续的说！”,283活动剧情,if(!Straylight),序章-ORDINARY
283活动剧情\if(!Straylight)\序章-ORDINARY.csv,96,4001050010370,あさひ,『毎日暑い日が続いてるっす！』,“炎热的天气还在持续的说！”,283活动剧情,if(!Straylight),序章-ORDINARY
283活动剧情\if(!Straylight)\序章-ORDINARY.csv,97,4001050010380,あさひ,…………,…………,283活动剧情,if(!Straylight),序章-ORDINARY
283活动剧情\if(!Straylight)\第1话-LINK.csv,12,4001050020020,あさひ,"へー
面白いっすか？　これ","诶——
有趣吗，这个",283活动剧情,if(!Straylight),第1话-LINK
283活动剧情\if(!Straylight)\第1话-LINK.csv,15,4001050020040,あさひ,ふーん……,emmmmmm…………,283活动剧情,if(!Straylight),第1话-LINK
283活动剧情\if(!Straylight)\第1话-LINK.csv,28,4001050020120,あさひ,"あー！
あれ、またやるっすか！？","啊！
这次还要制作那种吗？",283活动剧情,if(!Straylight),第1话-LINK
283活动剧情\if(!Straylight)\第1话-LINK.csv,38,4001050020150,あさひ,…………,…………,283活动剧情,if(!Straylight),第1话-LINK
283活动剧情\if(!Straylight)\第1话-LINK.csv,39,4001050020160,あさひ,わたしはいっすよ,我觉得不错的说,283活动剧情,if(!Straylight),第1话-LINK
283活动剧情\if(!Straylight)\第1话-LINK.csv,40,4001050020170,あさひ,あれやれるのワクワクするっす～！,我很期待这次演出的说～！,283活动剧情,if(!Straylight),第1话-LINK
283活动剧情\if(!Straylight)\第1话-LINK.csv,56,4001050020260,あさひ,"……？
なんすか？","……？
怎么了？",283活动剧情,if(!Straylight),第1话-LINK
283活动剧情\if(!Straylight)\第1话-LINK.csv,64,4001050020290,あさひ,"えー
夏休み、なくなっちゃうっすか","诶……
暑假要没了吗",283活动剧情,if(!Straylight),第1话-LINK
283活动剧情\if(!Straylight)\第1话-LINK.csv,76,4001050020350,あさひ,"そっすか？
わたしは平気っすよ！","是吗？
我倒是无所谓的说",283活动剧情,if(!Straylight),第1话-LINK
283活动剧情\if(!Straylight)\第1话-LINK.csv,80,4001050020390,あさひ,愛依ちゃん、どうしたっすか？,爱依，怎么了？,283活动剧情,if(!Straylight),第1话-LINK
283活动剧情\if(!Straylight)\第1话-LINK.csv,82,4001050020410,あさひ,へぇ、そうなんすか,诶，这样啊,283活动剧情,if(!Straylight),第1话-LINK
283活动剧情\if(!Straylight)\第1话-LINK.csv,86,4001050020450,あさひ,大丈夫っす！,没问题的说！,283活动剧情,if(!Straylight),第1话-LINK
283活动剧情\if(!Straylight)\第1话-LINK.csv,88,4001050020470,あさひ,出てないっす、宿題,我们没有暑假作业的说,283活动剧情,if(!Straylight),第1话-LINK
283活动剧情\if(!Straylight)\第1话-LINK.csv,91,4001050020490,あさひ,あ、プロデューサーさん,啊，制作人,283活动剧情,if(!Straylight),第1话-LINK
283活动剧情\if(!Straylight)\第1话-LINK.csv,93,4001050020500,あさひ,わかったっす！,知道了的说！,283活动剧情,if(!Straylight),第1话-LINK
283活动剧情\if(!Straylight)\第1话-LINK.csv,94,4001050020510,あさひ,"じゃあ、愛依ちゃん
わたし行ってくるっす！","那么爱依
我走了！",283活动剧情,if(!Straylight),第1话-LINK
283活动剧情\if(!Straylight)\第1话-LINK.csv,116,4001050020680,あさひ,んー……,嗯……,283活动剧情,if(!Straylight),第1话-LINK
283活动剧情\if(!Straylight)\第1话-LINK.csv,119,4001050020690,あさひ,"……？
今なんか言ったっすか、プロデューサーさん","……？
刚才有说什么吗，制作人",283活动剧情,if(!Straylight),第1话-LINK
283活动剧情\if(!Straylight)\第1话-LINK.csv,121,4001050020700,あさひ,"はいっす！
CGライブ見てたっす！　すごいっすよ、これ","是的！
在看CG Live的说！好厉害啊，这个",283活动剧情,if(!Straylight),第1话-LINK
283活动剧情\if(!Straylight)\第1话-LINK.csv,123,4001050020710,あさひ,"舞台のアニメのやつっす
さっきのメイクさんが教えてくれたっすよ","就是舞台剧的那个动画的说
刚才化妆师告诉我的",283活动剧情,if(!Straylight),第1话-LINK
283活动剧情\if(!Straylight)\第1话-LINK.csv,124,4001050020720,あさひ,"アニメの中でCGライブがあるっす
前に作ってもらったMVみたいな……","是动画中间的CG Live的说
就像我们之前的那个MV一样……",283活动剧情,if(!Straylight),第1话-LINK
283活动剧情\if(!Straylight)\第1话-LINK.csv,125,4001050020730,あさひ,"すっごいんすよ、ダンス！
こんなのやってみたいっす！","这舞蹈好厉害啊！
我也想试试的说！",283活动剧情,if(!Straylight),第1话-LINK
283活动剧情\if(!Straylight)\第1话-LINK.csv,128,4001050020740,あさひ,"はいっす！
面白そうっす～！","是的！
好像很有趣的说～！",283活动剧情,if(!Straylight),第1话-LINK
283活动剧情\if(!Straylight)\第1话-LINK.csv,129,4001050020750,あさひ,……あっ、そうだ,……啊，对了,283活动剧情,if(!Straylight),第1话-LINK
283活动剧情\if(!Straylight)\第1话-LINK.csv,130,4001050020760,あさひ,"この動画、冬優子ちゃんと愛依ちゃんにも
送って──……",这个视频，也要发给冬优子和爱依……,283活动剧情,if(!Straylight),第1话-LINK
283活动剧情\if(!Straylight)\第1话-LINK.csv,140,4001050020790,あさひ,"……？
プロデューサーさん？",……？制作人？,283活动剧情,if(!Straylight),第1话-LINK
283活动剧情\if(!Straylight)\第1话-LINK.csv,142,4001050020800,あさひ,送信──……,发送……,283活动剧情,if(!Straylight),第1话-LINK
283活动剧情\if(!Straylight)\第2话-MEET.csv,20,4001050030080,あさひ,"なんかあのふたり……
ちょっと冬優子ちゃんと愛依ちゃんっぽいっす","总感觉那两个人……
有点像冬优子和爱依的说",283活动剧情,if(!Straylight),第2话-MEET
283活动剧情\if(!Straylight)\第2话-MEET.csv,21,4001050030090,あさひ,同じ役だからっすかね,是因为要演同一个角色的原因吗,283活动剧情,if(!Straylight),第2话-MEET
283活动剧情\if(!Straylight)\第2话-MEET.csv,23,4001050030110,あさひ,……愛依ちゃん？,……爱依？,283活动剧情,if(!Straylight),第2话-MEET
283活动剧情\if(!Straylight)\第2话-MEET.csv,26,4001050030140,あさひ,ふーん……,嗯……？,283活动剧情,if(!Straylight),第2话-MEET
283活动剧情\if(!Straylight)\第2话-MEET.csv,34,4001050030200,あさひ,芹沢あさひっす！,我是芹泽朝日的说！,283活动剧情,if(!Straylight),第2话-MEET
283活动剧情\if(!Straylight)\第2话-MEET.csv,35,4001050030210,あさひ,"CGのライブ、すごかったっす！
わたしも早くやりたいっす！","CG Live很厉害的说！
我也好想试试的说！",283活动剧情,if(!Straylight),第2话-MEET
283活动剧情\if(!Straylight)\第2话-MEET.csv,46,4001050030240,あさひ,わかったっす,了解的说！,283活动剧情,if(!Straylight),第2话-MEET
283活动剧情\if(!Straylight)\第2话-MEET.csv,47,4001050030250,あさひ,…………,…………,283活动剧情,if(!Straylight),第2话-MEET
283活动剧情\if(!Straylight)\第2话-MEET.csv,48,4001050030260,あさひ,"『──＜IF＞のセカイへようこそ
ココはアナタのモシモが叶うバーチャルセカイです』","“——欢迎来到＜IF＞的世界
这里是可以实现你的愿望的虚拟世界”",283活动剧情,if(!Straylight),第2话-MEET
283活动剧情\if(!Straylight)\第2话-MEET.csv,49,4001050030270,あさひ,『最初に、アナタのモシモを入力してください』,“首先，请输入你的愿望”,283活动剧情,if(!Straylight),第2话-MEET
283活动剧情\if(!Straylight)\第2话-MEET.csv,51,4001050030280,あさひ,…………？,…………？,283活动剧情,if(!Straylight),第2话-MEET
283活动剧情\if(!Straylight)\第2话-MEET.csv,52,4001050030290,あさひ,次のセリフっすよ？,轮到下一句台词了哦？,283活动剧情,if(!Straylight),第2话-MEET
283活动剧情\if(!Straylight)\第2话-MEET.csv,79,4001050030380,あさひ,お腹すいたっす……,肚子好饿的说……,283活动剧情,if(!Straylight),第2话-MEET
283活动剧情\if(!Straylight)\第2话-MEET.csv,82,4001050030410,あさひ,"じゃあわたし、ポテト食べたいっす！
山盛りで！","那，我想吃薯条的说！
要超大份！",283活动剧情,if(!Straylight),第2话-MEET
283活动剧情\if(!Straylight)\第2话-MEET.csv,85,4001050030440,あさひ,"えー……
でも、今ポテトの気分っす！","诶——……
但是，我现在就是想吃薯条的说！",283活动剧情,if(!Straylight),第2话-MEET
283活动剧情\if(!Straylight)\第2话-MEET.csv,98,4001050030520,あさひ,"えっ、冬優子ちゃん
さっき──……",诶，冬优子刚才不是——……,283活动剧情,if(!Straylight),第2话-MEET
283活动剧情\if(!Straylight)\第2话-MEET.csv,102,4001050030540,あさひ,"お腹すいたっす……
早くポテト食べたいっす……","肚子好饿的说……
好想吃薯条的说……",283活动剧情,if(!Straylight),第2话-MEET
283活动剧情\if(!Straylight)\第2话-MEET.csv,107,4001050030570,あさひ,……そのポテト、おいしいっすか？,……那里的薯条好吃吗？,283活动剧情,if(!Straylight),第2话-MEET
283活动剧情\if(!Straylight)\第2话-MEET.csv,112,4001050030610,あさひ,じゃあそれでいっす,那就没问题的说,283活动剧情,if(!Straylight),第2话-MEET
283活动剧情\if(!Straylight)\第2话-MEET.csv,114,4001050030620,あさひ,"愛依ちゃん！
早く行くっす！","爱依！
快点去吧！",283活动剧情,if(!Straylight),第2话-MEET
283活动剧情\if(!Straylight)\第2话-MEET.csv,130,4001050030720,あさひ,"ポテト～
ポッテト～","薯条～
薯～条～～～",283活动剧情,if(!Straylight),第2话-MEET
283活动剧情\if(!Straylight)\第2话-MEET.csv,132,4001050030740,あさひ,"…………
そっすね","…………
说的是呢",283活动剧情,if(!Straylight),第2话-MEET
283活动剧情\if(!Straylight)\第2话-MEET.csv,142,4001050030820,あさひ,"……？
うーん、何してたっすかね","……？
嗯……会做什么呢……",283活动剧情,if(!Straylight),第2话-MEET
283活动剧情\if(!Straylight)\第2话-MEET.csv,143,4001050030830,あさひ,わかんないっす,我不知道的说,283活动剧情,if(!Straylight),第2话-MEET
283活动剧情\if(!Straylight)\第2话-MEET.csv,150,4001050030870,あさひ,"──あ、
花火売ってるっすよ、愛依ちゃん！","——啊，
这里有卖烟花啊，爱依！",283活动剧情,if(!Straylight),第2话-MEET
283活动剧情\if(!Straylight)\第2话-MEET.csv,153,4001050030900,あさひ,…………？,…………？,283活动剧情,if(!Straylight),第2话-MEET
283活动剧情\if(!Straylight)\第3话-EMPTY.csv,23,4001050040020,あさひ,"──プロデューサーさーん
アンケートってここ置いといていっすかー？","——制作人
调查问卷放在这里可以吗？",283活动剧情,if(!Straylight),第3话-EMPTY
283活动剧情\if(!Straylight)\第3话-EMPTY.csv,35,4001050040060,あさひ,"……？
悪いのもあるっすか？","……？
还有坏的部分吗？",283活动剧情,if(!Straylight),第3话-EMPTY
283活动剧情\if(!Straylight)\第3话-EMPTY.csv,41,4001050040090,あさひ,"どんなこと書かれてるっすか？
冬優子ちゃん","写了什么内容啊，
冬优子",283活动剧情,if(!Straylight),第3话-EMPTY
283活动剧情\if(!Straylight)\第3话-EMPTY.csv,52,4001050040140,あさひ,わかったっす！,了解了的说！,283活动剧情,if(!Straylight),第3话-EMPTY
283活动剧情\if(!Straylight)\第3话-EMPTY.csv,71,4001050040250,あさひ,"何買ったっすか？
冬優子ちゃん",冬优子买了什么呢？,283活动剧情,if(!Straylight),第3话-EMPTY
283活动剧情\if(!Straylight)\第3话-EMPTY.csv,78,4001050040290,あさひ,……,……,283活动剧情,if(!Straylight),第3话-EMPTY
283活动剧情\if(!Straylight)\第3话-EMPTY.csv,92,4001050040370,あさひ,わたしは大丈夫っすよ,我没问题的说,283活动剧情,if(!Straylight),第3话-EMPTY
283活动剧情\if(!Straylight)\第3话-EMPTY.csv,94,4001050040380,あさひ,"平気っす！
宿題出てないっすから","没关系的！
因为根本就没有暑假作业的说",283活动剧情,if(!Straylight),第3话-EMPTY
283活动剧情\if(!Straylight)\第3话-EMPTY.csv,96,4001050040390,あさひ,"それより早く練習したいっす！
今日はライブシーンのダンス、完璧にするっすよ！","与其说这些不如快点让我去练习的说！
今天要把Live上的舞蹈练习到完美的说！",283活动剧情,if(!Straylight),第3话-EMPTY
283活动剧情\if(!Straylight)\第3话-EMPTY.csv,108,4001050040450,あさひ,"えー！
まだ全然ダメっすよ","哎……！
这不是还完全不行吗",283活动剧情,if(!Straylight),第3话-EMPTY
283活动剧情\if(!Straylight)\第3话-EMPTY.csv,109,4001050040460,あさひ,"CGのライブシーンはもっと滑らかで……
にゅるっとしてシャキーンってなるんすよ！","CG的Live演出看上去更加顺滑……
就像是用柔软的动作咔嚓一下变换过去的说！",283活动剧情,if(!Straylight),第3话-EMPTY
283活动剧情\if(!Straylight)\第3话-EMPTY.csv,113,4001050040500,あさひ,"……そっすね
見れば何が違うかわかるっす","……是的
看了就会知道哪里不一样了的说",283活动剧情,if(!Straylight),第3话-EMPTY
283活动剧情\if(!Straylight)\第3话-EMPTY.csv,114,4001050040510,あさひ,そしたらもっと完璧にできるっす～,然后就能变得更加完美了的说～,283活动剧情,if(!Straylight),第3话-EMPTY
283活动剧情\if(!Straylight)\第3话-EMPTY.csv,116,4001050040520,あさひ,…………あ,…………啊,283活动剧情,if(!Straylight),第3话-EMPTY
283活动剧情\if(!Straylight)\第3话-EMPTY.csv,117,4001050040530,あさひ,お腹なったっす,肚子叫了的说,283活动剧情,if(!Straylight),第3话-EMPTY
283活动剧情\if(!Straylight)\第3话-EMPTY.csv,120,4001050040560,あさひ,暑いのは嫌っす～,不喜欢这么热的说～,283活动剧情,if(!Straylight),第3话-EMPTY
283活动剧情\if(!Straylight)\第3话-EMPTY.csv,122,4001050040570,あさひ,"……！
師匠じゃないっすか！","……！
这不是师父嘛！",283活动剧情,if(!Straylight),第3话-EMPTY
283活动剧情\if(!Straylight)\第3话-EMPTY.csv,124,4001050040580,あさひ,何しに来たんすか、師匠！,师父怎么来这里了啊！,283活动剧情,if(!Straylight),第3话-EMPTY
283活动剧情\if(!Straylight)\第3话-EMPTY.csv,135,4001050040610,あさひ,玄関に置いとくっす！,放在门口的说！,283活动剧情,if(!Straylight),第3话-EMPTY
283活动剧情\if(!Straylight)\第3话-EMPTY.csv,138,4001050040611,あさひ＆そば屋の大将,ありがとうございます！,谢谢！,283活动剧情,if(!Straylight),第3话-EMPTY
283活动剧情\if(!Straylight)\第3话-EMPTY.csv,139,4001050040620,あさひ,あははっ！,啊哈哈！,283活动剧情,if(!Straylight),第3话-EMPTY
283活动剧情\if(!Straylight)\第3话-EMPTY.csv,143,4001050040650,あさひ,"うーん……
やっぱりまだ違うっす……","嗯……
果然还是不一样的说……",283活动剧情,if(!Straylight),第3话-EMPTY
283活动剧情\if(!Straylight)\第3话-EMPTY.csv,146,4001050040680,あさひ,………………,………………,283活动剧情,if(!Straylight),第3话-EMPTY
283活动剧情\if(!Straylight)\第3话-EMPTY.csv,147,4001050040690,あさひ,"……やっぱりここ、
わざとゆっくり回ってるんだ……",……果然这里旋转这么慢是刻意的啊……,283活动剧情,if(!Straylight),第3话-EMPTY
283活动剧情\if(!Straylight)\第3话-EMPTY.csv,150,4001050040720,あさひ,……,……,283活动剧情,if(!Straylight),第3话-EMPTY
283活动剧情\if(!Straylight)\第3话-EMPTY.csv,151,4001050040730,あさひ,"そっす
プロデューサーさん、前に言ってたっす","是的
制作人之前这么说过的说",283活动剧情,if(!Straylight),第3话-EMPTY
283活动剧情\if(!Straylight)\第3话-EMPTY.csv,153,4001050040740,あさひ,そっす,是的,283活动剧情,if(!Straylight),第3话-EMPTY
283活动剧情\if(!Straylight)\第3话-EMPTY.csv,154,4001050040750,あさひ,完璧じゃないとダメっす！,不做到完美就是不可以的说！,283活动剧情,if(!Straylight),第3话-EMPTY
283活动剧情\if(!Straylight)\第3话-EMPTY.csv,156,4001050040770,あさひ,じゃないと、意味ないと思うっす,要不然的话，我认为就没有意义了的说,283活动剧情,if(!Straylight),第3话-EMPTY
283活动剧情\if(!Straylight)\第3话-EMPTY.csv,160,4001050040810,あさひ,"はいっす！
早くやるっすよ、冬優子ちゃん、愛依ちゃん！","是的！
快来跳吧，小冬优子，小爱依",283活动剧情,if(!Straylight),第3话-EMPTY
283活动剧情\if(!Straylight)\第4话-RUMOR.csv,5,4001050050010,あさひ,…………,…………,283活动剧情,if(!Straylight),第4话-RUMOR
283活动剧情\if(!Straylight)\第4话-RUMOR.csv,19,4001050050050,あさひ,…………あの,…………话说,283活动剧情,if(!Straylight),第4话-RUMOR
283活动剧情\if(!Straylight)\第4话-RUMOR.csv,20,4001050050060,あさひ,一緒だったっすか？,是一样的吗？,283活动剧情,if(!Straylight),第4话-RUMOR
283活动剧情\if(!Straylight)\第4话-RUMOR.csv,22,4001050050070,あさひ,CGのライブと、わたしたち,CG的Live，和我们三个,283活动剧情,if(!Straylight),第4话-RUMOR
283活动剧情\if(!Straylight)\第4话-RUMOR.csv,27,4001050050090,あさひ,"……そっすか
わかったっす","……这样啊
我知道了的说",283活动剧情,if(!Straylight),第4话-RUMOR
283活动剧情\if(!Straylight)\第4话-RUMOR.csv,28,4001050050100,あさひ,ありがとうございました,谢谢你了,283活动剧情,if(!Straylight),第4话-RUMOR
283活动剧情\if(!Straylight)\第4话-RUMOR.csv,74,4001050050350,あさひ,…………！,…………！,283活动剧情,if(!Straylight),第4话-RUMOR
283活动剧情\if(!Straylight)\第4话-RUMOR.csv,75,4001050050360,あさひ,"……？
なんすか？　プロデューサーさん","……？
怎么了吗？制作人先生",283活动剧情,if(!Straylight),第4话-RUMOR
283活动剧情\if(!Straylight)\第4话-RUMOR.csv,77,4001050050370,あさひ,あ……そうなんすね,啊……这么说来确实,283活动剧情,if(!Straylight),第4话-RUMOR
283活动剧情\if(!Straylight)\第4话-RUMOR.csv,78,4001050050380,あさひ,わかったっす,我知道了的说,283活动剧情,if(!Straylight),第4话-RUMOR
283活动剧情\if(!Straylight)\第4话-RUMOR.csv,80,4001050050390,あさひ,そっすよ,是的说,283活动剧情,if(!Straylight),第4话-RUMOR
283活动剧情\if(!Straylight)\第4话-RUMOR.csv,82,4001050050400,あさひ,"？
そっすね","？
是的吧",283活动剧情,if(!Straylight),第4话-RUMOR
283活动剧情\if(!Straylight)\第4话-RUMOR.csv,83,4001050050410,あさひ,……プロデューサーさんが言ってたっす！,……毕竟制作人先生之前不是说过吗！,283活动剧情,if(!Straylight),第4话-RUMOR
283活动剧情\if(!Straylight)\第4话-RUMOR.csv,86,4001050050420,あさひ,だから見てるっす！,所以我才在看的说！,283活动剧情,if(!Straylight),第4话-RUMOR
283活动剧情\if(!Straylight)\第4话-RUMOR.csv,90,4001050050430,あさひ,あ、はいっす！,啊，好的！,283活动剧情,if(!Straylight),第4话-RUMOR
283活动剧情\if(!Straylight)\第4话-RUMOR.csv,91,4001050050440,あさひ,いってくるっす！,我去了的说！,283活动剧情,if(!Straylight),第4话-RUMOR
283活动剧情\if(!Straylight)\第4话-RUMOR.csv,107,4001050050590,あさひ,"『──＜IF＞のセカイへようこそ
ココはアナタのモシモが叶うバーチャルセカイです』","“——欢迎来到＜IF＞的世界
这里是可以实现你的愿望的虚拟世界”",283活动剧情,if(!Straylight),第4话-RUMOR
283活动剧情\if(!Straylight)\第4话-RUMOR.csv,108,4001050050600,あさひ,『最初に、アナタのモシモを入力してください』,“首先，请输入你的愿望”,283活动剧情,if(!Straylight),第4话-RUMOR
283活动剧情\if(!Straylight)\第4话-RUMOR.csv,113,4001050050610,あさひ,『このまま＜IF＞のセカイにログインできます』,“接下来可以登录进＜IF＞的世界了”,283活动剧情,if(!Straylight),第4话-RUMOR
283活动剧情\if(!Straylight)\第4话-RUMOR.csv,114,4001050050620,あさひ,『ログインしますか？』,“要登录吗？”,283活动剧情,if(!Straylight),第4话-RUMOR
283活动剧情\if(!Straylight)\第5话-PRACTICE.csv,101,4001050060440,あさひ,────……,————……,283活动剧情,if(!Straylight),第5话-PRACTICE
283活动剧情\if(!Straylight)\第5话-PRACTICE.csv,102,4001050060450,あさひ,"……違う……
こうじゃない","……不对……
不是这样",283活动剧情,if(!Straylight),第5话-PRACTICE
283活动剧情\if(!Straylight)\第5话-PRACTICE.csv,104,4001050060460,あさひ,……プロデューサーさん！,……制作人！,283活动剧情,if(!Straylight),第5话-PRACTICE
283活动剧情\if(!Straylight)\第5话-PRACTICE.csv,106,4001050060470,あさひ,"休憩じゃないっす！
考え中っす","不是在休息的说！
是在思考的说",283活动剧情,if(!Straylight),第5话-PRACTICE
283活动剧情\if(!Straylight)\第5话-PRACTICE.csv,109,4001050060480,あさひ,"ライブパートのダンスっすよ
全然上手くいかないっす","Live时的舞蹈的说
根本没法跳的很好的说",283活动剧情,if(!Straylight),第5话-PRACTICE
283活动剧情\if(!Straylight)\第5话-PRACTICE.csv,112,4001050060490,あさひ,"みんなそう言うっすけど……
でも、違うんすよ","虽然大家都这么说……
但是并不是那样的说",283活动剧情,if(!Straylight),第5话-PRACTICE
283活动剧情\if(!Straylight)\第5话-PRACTICE.csv,113,4001050060500,あさひ,"みんな見てないんすかね
CGのライブ","大家是不是都没有看过啊
CG Live",283活动剧情,if(!Straylight),第5话-PRACTICE
283活动剧情\if(!Straylight)\第5话-PRACTICE.csv,115,4001050060510,あさひ,"同じにならないんすよ
CGのライブと、わたしの動き！","没法做到完全一样的说
CG Live和我的动作",283活动剧情,if(!Straylight),第5话-PRACTICE
283活动剧情\if(!Straylight)\第5话-PRACTICE.csv,118,4001050060520,あさひ,"……？
そっすよ","……？
是的哦",283活动剧情,if(!Straylight),第5话-PRACTICE
283活动剧情\if(!Straylight)\第5话-PRACTICE.csv,119,4001050060530,あさひ,"みんなデフォルトネームを見に来るんすよ
だから、一緒じゃないとダメっす","大家是来看默认名称的
所以不可以不一样的说",283活动剧情,if(!Straylight),第5话-PRACTICE
283活动剧情\if(!Straylight)\第5话-PRACTICE.csv,121,4001050060540,あさひ,わたしは、まだまだと思うっす,我认为还差得远的说,283活动剧情,if(!Straylight),第5话-PRACTICE
283活动剧情\if(!Straylight)\第5话-PRACTICE.csv,122,4001050060550,あさひ,ちゃんと、『デフォルトネーム』にならないと……,如果不能变成“默认名称”的话……,283活动剧情,if(!Straylight),第5话-PRACTICE
283活动剧情\if(!Straylight)\第5话-PRACTICE.csv,125,4001050060560,あさひ,完璧に……,做到完美……,283活动剧情,if(!Straylight),第5话-PRACTICE
283活动剧情\if(!Straylight)\第5话-PRACTICE.csv,129,4001050060570,あさひ,"……？
わたしはいつも真剣っす","……？
我一直以来都很认真的说",283活动剧情,if(!Straylight),第5话-PRACTICE
283活动剧情\if(!Straylight)\第5话-PRACTICE.csv,131,4001050060580,あさひ,"……プロデューサーさん、
なんで来たっすか？",……制作人为什么来这里呢,283活动剧情,if(!Straylight),第5话-PRACTICE
283活动剧情\if(!Straylight)\第5话-PRACTICE.csv,133,4001050060590,あさひ,…………？,…………？,283活动剧情,if(!Straylight),第5话-PRACTICE
283活动剧情\if(!Straylight)\第5话-PRACTICE.csv,135,4001050060600,あさひ,"……スポドリ！
飲んでいいんすか？","……运动饮料！
我可以喝吗？",283活动剧情,if(!Straylight),第5话-PRACTICE
283活动剧情\if(!Straylight)\第5话-PRACTICE.csv,137,4001050060610,あさひ,いただきま────……,我开动了————……,283活动剧情,if(!Straylight),第5话-PRACTICE
283活动剧情\if(!Straylight)\第5话-PRACTICE.csv,139,4001050060620,あさひ,"…………っ
……なんすか、これ？","…………
……这是什么啊？",283活动剧情,if(!Straylight),第5话-PRACTICE
283活动剧情\if(!Straylight)\第5话-PRACTICE.csv,142,4001050060630,あさひ,えー！　あったっすか、宿題！,诶——！原来有作业的吗？,283活动剧情,if(!Straylight),第5话-PRACTICE
283活动剧情\if(!Straylight)\第5话-PRACTICE.csv,143,4001050060640,あさひ,──なんでプロデューサーさんが？,——为什么制作人会？,283活动剧情,if(!Straylight),第5话-PRACTICE
283活动剧情\if(!Straylight)\第5话-PRACTICE.csv,146,4001050060650,あさひ,…………？,…………？,283活动剧情,if(!Straylight),第5话-PRACTICE
283活动剧情\if(!Straylight)\第5话-PRACTICE.csv,147,4001050060660,あさひ,宿題は求めてないっす……,我可不追求作业的说……,283活动剧情,if(!Straylight),第5话-PRACTICE
283活动剧情\if(!Straylight)\第6话-STAGE.csv,6,4001050070050,あさひ,"すごいっすね！
冬優子ちゃん",冬优子好厉害的说！,283活动剧情,if(!Straylight),第6话-STAGE
283活动剧情\if(!Straylight)\第6话-STAGE.csv,10,4001050070090,あさひ,"……？
そっすね！","……？
是呢！",283活动剧情,if(!Straylight),第6话-STAGE
283活动剧情\if(!Straylight)\第6话-STAGE.csv,20,4001050070100,あさひ,……？,……？,283活动剧情,if(!Straylight),第6话-STAGE
283活动剧情\if(!Straylight)\第6话-STAGE.csv,41,4001050070130,あさひ,なんて書いてあるっすか？,写了什么呢？,283活动剧情,if(!Straylight),第6话-STAGE
283活动剧情\if(!Straylight)\第6话-STAGE.csv,43,4001050070150,あさひ,ひっくり返る？,180度转弯？,283活动剧情,if(!Straylight),第6话-STAGE
283活动剧情\if(!Straylight)\第6话-STAGE.csv,54,4001050070210,あさひ,──良い舞台になる、じゃなくて……,——不是会成功……,283活动剧情,if(!Straylight),第6话-STAGE
283活动剧情\if(!Straylight)\第6话-STAGE.csv,55,4001050070220,あさひ,良い舞台にするっす！,而是要让它成功的说！,283活动剧情,if(!Straylight),第6话-STAGE
283活动剧情\if(!Straylight)\第6话-STAGE.csv,56,4001050070230,あさひ,わたしたちが！,由我们来做到！,283活动剧情,if(!Straylight),第6话-STAGE
283活动剧情\if(!Straylight)\终章-HANABI.csv,23,4001050080070,あさひ,────あっ,————啊,283活动剧情,if(!Straylight),终章-HANABI
283活动剧情\if(!Straylight)\终章-HANABI.csv,25,4001050080090,あさひ,あそこ、デフォルトネームっす,那里有默认名称的说,283活动剧情,if(!Straylight),终章-HANABI
283活动剧情\if(!Straylight)\终章-HANABI.csv,28,4001050080120,あさひ,………………,………………,283活动剧情,if(!Straylight),终章-HANABI
283活动剧情\if(!Straylight)\终章-HANABI.csv,44,4001050080160,あさひ,"愛依ちゃん愛依ちゃん！
次、わたしが点火したいっす！","爱依爱依！
接下来我也想点火的说",283活动剧情,if(!Straylight),终章-HANABI
283活动剧情\if(!Straylight)\终章-HANABI.csv,81,4001050080390,あさひ,わたしはいっすよ！,我没问题的说！,283活动剧情,if(!Straylight),终章-HANABI
283活动剧情\if(!Straylight)\终章-HANABI.csv,87,4001050080430,あさひ,プロデューサーさん、前に言ってたっす,制作人之前不是说过吗,283活动剧情,if(!Straylight),终章-HANABI
283活动剧情\if(!Straylight)\终章-HANABI.csv,88,4001050080440,あさひ,『できることがあったらなんでも言ってくれ！』って！,“有什么要我做的事不用客气都可以和我说”,283活动剧情,if(!Straylight),终章-HANABI
283活动剧情\if(!Straylight)\终章-HANABI.csv,93,4001050080460,あさひ,愛依ちゃーん,爱依——,283活动剧情,if(!Straylight),终章-HANABI
283活动剧情\if(!Straylight)\终章-HANABI.csv,97,4001050080490,あさひ,"『──え？　あー……
そういえばそっすね～』",“——诶？啊……这么说来的话确实啊～”,283活动剧情,if(!Straylight),终章-HANABI
283活动剧情\if(!Straylight)\终章-HANABI.csv,121,4001050080630,あさひ,"愛依ちゃん愛依ちゃん！
わたし、思いついたっす！","爱依爱依！
我终于想到了的说！",283活动剧情,if(!Straylight),终章-HANABI
283活动剧情\if(!Straylight)\终章-HANABI.csv,123,4001050080650,あさひ,"前に、愛依ちゃんがわたしに聞いたんすよ
もしも舞台が無かったら、夏休み何してたかって","之前小爱依问我如果没有舞台剧的话
暑假会干什么来着吧",283活动剧情,if(!Straylight),终章-HANABI
283活动剧情\if(!Straylight)\终章-HANABI.csv,125,4001050080670,あさひ,"それ、思いついたっす！
今！","我已经想到答案了！
刚刚！",283活动剧情,if(!Straylight),终章-HANABI
283活动剧情\if(!Straylight)\终章-HANABI.csv,127,4001050080690,あさひ,愛依ちゃんの家で花火！,在爱依家放烟花！,283活动剧情,if(!Straylight),终章-HANABI
283活动剧情\Run 4 ？？？\序章-make a mistake.csv,5,4001042010040,あさひ,"？
なんすか？","？
什么？",283活动剧情,Run 4 ？？？,序章-make a mistake
283活动剧情\Run 4 ？？？\序章-make a mistake.csv,9,4001042010060,あさひ,大運動会っすか！？,大运动会！？,283活动剧情,Run 4 ？？？,序章-make a mistake
283活动剧情\Run 4 ？？？\序章-make a mistake.csv,11,4001042010070,あさひ,……！,……！,283活动剧情,Run 4 ？？？,序章-make a mistake
283活动剧情\Run 4 ？？？\序章-make a mistake.csv,14,4001042010080,あさひ,おお～！,喔喔～！,283活动剧情,Run 4 ？？？,序章-make a mistake
283活动剧情\Run 4 ？？？\序章-make a mistake.csv,15,4001042010090,あさひ,面白そうっす！　絶対やるっす！,有意思！　我绝对要参加！,283活动剧情,Run 4 ？？？,序章-make a mistake
283活动剧情\Run 4 ？？？\序章-make a mistake.csv,18,4001042010110,あさひ,"あははっ
パン食い競争したいっす！","啊哈哈！
我想参加抢面包赛跑！",283活动剧情,Run 4 ？？？,序章-make a mistake
283活动剧情\Run 4 ？？？\序章-make a mistake.csv,20,4001042010120,あさひ,"面白そうっす！
それもやってみたいっす！","有意思！
那个我也想参加！",283活动剧情,Run 4 ？？？,序章-make a mistake
283活动剧情\Run 4 ？？？\序章-make a mistake.csv,30,4001042010150,あさひ,わたしは出るっすよ！,我要参加！,283活动剧情,Run 4 ？？？,序章-make a mistake
283活动剧情\Run 4 ？？？\序章-make a mistake.csv,36,4001042010160,あさひ,"え？
わからないっすか？","哎？
没听明白？",283活动剧情,Run 4 ？？？,序章-make a mistake
283活动剧情\Run 4 ？？？\序章-make a mistake.csv,37,4001042010170,あさひ,大運動会に出るっすよ！,我要参加大运动会！,283活动剧情,Run 4 ？？？,序章-make a mistake
283活动剧情\Run 4 ？？？\序章-make a mistake.csv,48,4001042010230,あさひ,なんすか？　冬優子ちゃん,怎么了？　冬优子,283活动剧情,Run 4 ？？？,序章-make a mistake
283活动剧情\Run 4 ？？？\序章-make a mistake.csv,51,4001042010260,あさひ,"あー
それ、プロデューサーさんにも言われたっす","啊——
这个制作人也跟我说了",283活动剧情,Run 4 ？？？,序章-make a mistake
283活动剧情\Run 4 ？？？\序章-make a mistake.csv,53,4001042010280,あさひ,"スケジュール、調整すれば
なんとかなるっすよね","档期调整一下
总能有办法吧",283活动剧情,Run 4 ？？？,序章-make a mistake
283活动剧情\Run 4 ？？？\序章-make a mistake.csv,57,4001042010320,あさひ,わかったっすー,知道了～,283活动剧情,Run 4 ？？？,序章-make a mistake
283活动剧情\Run 4 ？？？\序章-make a mistake.csv,58,4001042010330,あさひ,──でも、出られるっすね！,——不过，这次能参加吧！,283活动剧情,Run 4 ？？？,序章-make a mistake
283活动剧情\Run 4 ？？？\序章-make a mistake.csv,61,4001042010360,あさひ,はいっす！,是啊！,283活动剧情,Run 4 ？？？,序章-make a mistake
283活动剧情\Run 4 ？？？\序章-make a mistake.csv,62,4001042010370,あさひ,チームが決まったっす！,队伍分好了！,283活动剧情,Run 4 ？？？,序章-make a mistake
283活动剧情\Run 4 ？？？\序章-make a mistake.csv,63,4001042010380,あさひ,"チームが決まったっすよ、
冬優子ちゃん！　愛依ちゃん！","队伍分好啦，
冬优子！　爱依！",283活动剧情,Run 4 ？？？,序章-make a mistake
283活动剧情\Run 4 ？？？\序章-make a mistake.csv,66,4001042010400,あさひ,"わかってるっすよー
誰もいないから大丈夫っす！","我知道～
现在没别人，没关系啦！",283活动剧情,Run 4 ？？？,序章-make a mistake
283活动剧情\Run 4 ？？？\序章-make a mistake.csv,68,4001042010420,あさひ,わたしが白組で、ふたりは赤組っす！,我是白队，你们俩是红队！,283活动剧情,Run 4 ？？？,序章-make a mistake
283活动剧情\Run 4 ？？？\序章-make a mistake.csv,71,4001042010450,あさひ,"冬優子ちゃんとも愛依ちゃんとも勝負できるっす！
たくさん戦えるっす！","能跟冬优子和爱依互相切磋！
可以尽情比拼一番了！",283活动剧情,Run 4 ？？？,序章-make a mistake
283活动剧情\Run 4 ？？？\序章-make a mistake.csv,72,4001042010460,あさひ,種目、これっす！,项目有这些！,283活动剧情,Run 4 ？？？,序章-make a mistake
283活动剧情\Run 4 ？？？\序章-make a mistake.csv,73,4001042010470,あさひ,"わたし、障害物走とムカデとリレーに出るっす！
ふたりも──","我参加障碍物赛跑、蜈蚣赛跑和接力！
你们俩也——",283活动剧情,Run 4 ？？？,序章-make a mistake
283活动剧情\Run 4 ？？？\序章-make a mistake.csv,75,4001042010490,あさひ,え？,哎？,283活动剧情,Run 4 ？？？,序章-make a mistake
283活动剧情\Run 4 ？？？\序章-make a mistake.csv,79,4001042010530,あさひ,"……？
つまり、冬優子ちゃんたちは同じの出ないっすか？","……？
就是说，冬优子你们不参加同样的项目吗？",283活动剧情,Run 4 ？？？,序章-make a mistake
283活动剧情\Run 4 ？？？\序章-make a mistake.csv,84,4001042010580,あさひ,わたしは、種目変えないっすよ,我是不会改参赛项目的,283活动剧情,Run 4 ？？？,序章-make a mistake
283活动剧情\Run 4 ？？？\序章-make a mistake.csv,86,4001042010600,あさひ,"冬優子ちゃんの話はもういいっす
つまんないっす","我不要再听冬优子你说这个了
没意思",283活动剧情,Run 4 ？？？,序章-make a mistake
283活动剧情\Run 4 ？？？\第1话-UNMATCH.csv,9,4001042020080,あさひ,なんすか？,什么事？,283活动剧情,Run 4 ？？？,第1话-UNMATCH
283活动剧情\Run 4 ？？？\第1话-UNMATCH.csv,11,4001042020100,あさひ,わたしは障害物走とムカデとリレーには出るっすよ,我参加障碍物赛跑、蜈蚣赛跑和接力,283活动剧情,Run 4 ？？？,第1话-UNMATCH
283活动剧情\Run 4 ？？？\第1话-UNMATCH.csv,14,4001042020130,あさひ,この後白組の人と集まるっすよ,我马上要去跟白队的人聚齐,283活动剧情,Run 4 ？？？,第1话-UNMATCH
283活动剧情\Run 4 ？？？\第1话-UNMATCH.csv,16,4001042020150,あさひ,"今日、みんなで全種目練習してみるって言ってたっす！
──じゃ！","之前大家约好，今天要一起合练所有项目！
——先走啦！",283活动剧情,Run 4 ？？？,第1话-UNMATCH
283活动剧情\Run 4 ？？？\第1话-UNMATCH.csv,18,4001042020170,あさひ,何がっすか？,你指什么？,283活动剧情,Run 4 ？？？,第1话-UNMATCH
283活动剧情\Run 4 ？？？\第1话-UNMATCH.csv,24,4001042020230,あさひ,それ、冬優子ちゃんのやりたいことっすよね？,那是冬优子你想做的吧？,283活动剧情,Run 4 ？？？,第1话-UNMATCH
283活动剧情\Run 4 ？？？\第1话-UNMATCH.csv,26,4001042020250,あさひ,だったら、冬優子ちゃんはそうしたらいいと思うっす,如果是的话，冬优子那么办就好了,283活动剧情,Run 4 ？？？,第1话-UNMATCH
283活动剧情\Run 4 ？？？\第1话-UNMATCH.csv,27,4001042020260,あさひ,白組は出たい種目に出ていいっすよ,白队可以参加自己想参加的项目,283活动剧情,Run 4 ？？？,第1话-UNMATCH
283活动剧情\Run 4 ？？？\第1话-UNMATCH.csv,28,4001042020270,あさひ,希望者が多かったらくじ引きっすけど,报名人数超额时要抽签就是了,283活动剧情,Run 4 ？？？,第1话-UNMATCH
283活动剧情\Run 4 ？？？\第1话-UNMATCH.csv,56,4001042020540,あさひ,はいっす,是的,283活动剧情,Run 4 ？？？,第1话-UNMATCH
283活动剧情\Run 4 ？？？\第1话-UNMATCH.csv,58,4001042020550,あさひ,話し合い？,商量？,283活动剧情,Run 4 ？？？,第1话-UNMATCH
283活动剧情\Run 4 ？？？\第1话-UNMATCH.csv,60,4001042020560,あさひ,……？,……？,283活动剧情,Run 4 ？？？,第1话-UNMATCH
283活动剧情\Run 4 ？？？\第1话-UNMATCH.csv,61,4001042020570,あさひ,何を話すっすか？,商量什么？,283活动剧情,Run 4 ？？？,第1话-UNMATCH
283活动剧情\Run 4 ？？？\第1话-UNMATCH.csv,63,4001042020580,あさひ,ふーん……？,哼～……？,283活动剧情,Run 4 ？？？,第1话-UNMATCH
283活动剧情\Run 4 ？？？\第1话-UNMATCH.csv,68,4001042020590,あさひ,……？,……？,283活动剧情,Run 4 ？？？,第1话-UNMATCH
283活动剧情\Run 4 ？？？\第1话-UNMATCH.csv,69,4001042020600,あさひ,白組も楽しいっすよ！,白队也很开心哦！,283活动剧情,Run 4 ？？？,第1话-UNMATCH
283活动剧情\Run 4 ？？？\第3话-IF.csv,2,4001042040010,あさひ,あははっ,啊哈哈,283活动剧情,Run 4 ？？？,第3话-IF
283活动剧情\Run 4 ？？？\第3话-IF.csv,4,4001042040020,あさひ,はいっす！,是的！,283活动剧情,Run 4 ？？？,第3话-IF
283活动剧情\Run 4 ？？？\第3话-IF.csv,6,4001042040030,あさひ,わかったっす,明白了！,283活动剧情,Run 4 ？？？,第3话-IF
283活动剧情\Run 4 ？？？\第3话-IF.csv,8,4001042040040,あさひ,えーっ、もっとリレーがやりたいっす,咦～我还想继续练接力,283活动剧情,Run 4 ？？？,第3话-IF
283活动剧情\Run 4 ？？？\第3话-IF.csv,10,4001042040050,あさひ,"バトンの受け渡し、もっとうまくやれるっす！
もっと練習したいっす！","交接棒还有改善空间！
我还想再继续练练！",283活动剧情,Run 4 ？？？,第3话-IF
283活动剧情\Run 4 ？？？\第3话-IF.csv,13,4001042040060,あさひ,見たっすけど──,看过是看过了——,283活动剧情,Run 4 ？？？,第3话-IF
283活动剧情\Run 4 ？？？\第3话-IF.csv,16,4001042040070,あさひ,えー！,哎——！,283活动剧情,Run 4 ？？？,第3话-IF
283活动剧情\Run 4 ？？？\第3话-IF.csv,18,4001042040080,あさひ,……,……,283活动剧情,Run 4 ？？？,第3话-IF
283活动剧情\Run 4 ？？？\第3话-IF.csv,21,4001042040110,あさひ,…………,…………,283活动剧情,Run 4 ？？？,第3话-IF
283活动剧情\Run 4 ？？？\第3话-IF.csv,39,4001042040180,あさひ,もっと練習するっすー！,我还想继续练——！,283活动剧情,Run 4 ？？？,第3话-IF
283活动剧情\Run 4 ？？？\第4话-soliloquy.csv,3,4001042050020,あさひ,"冬優子ちゃんの話はもういいっす
つまんないっす","我不要再听冬优子你说这个了
没意思",283活动剧情,Run 4 ？？？,第4话-soliloquy
283活动剧情\Run 4 ？？？\第4话-soliloquy.csv,4,4001042050030,あさひ,それ、冬優子ちゃんのやりたいことっすよね？,那是冬优子你想做的吧？,283活动剧情,Run 4 ？？？,第4话-soliloquy
283活动剧情\Run 4 ？？？\第5话-××LUCKY.csv,17,4001042060150,あさひ,"──あ
冬優子ちゃん、愛依ちゃん","——啊
冬优子，爱依",283活动剧情,Run 4 ？？？,第5话-××LUCKY
283活动剧情\Run 4 ？？？\第5话-××LUCKY.csv,21,4001042060180,あさひ,宝探ししてるっす！,我在寻宝！,283活动剧情,Run 4 ？？？,第5话-××LUCKY
283活动剧情\Run 4 ？？？\第5话-××LUCKY.csv,23,4001042060200,あさひ,スタッフさんがぬいぐるみ探してるらしいっす,工作人员好像在找一个毛绒玩偶,283活动剧情,Run 4 ？？？,第5话-××LUCKY
283活动剧情\Run 4 ？？？\第5话-××LUCKY.csv,24,4001042060210,あさひ,"このでっかい会場のどっかにあるっす！
宝探しみたいでワクワクするっす！","听说藏在这个巨大的会场里！
像寻宝一样太激动人心了！",283活动剧情,Run 4 ？？？,第5话-××LUCKY
283活动剧情\Run 4 ？？？\第5话-××LUCKY.csv,26,4001042060230,あさひ,ふたりは見てないっすか？,你们俩没看到吗？,283活动剧情,Run 4 ？？？,第5话-××LUCKY
283活动剧情\Run 4 ？？？\第5话-××LUCKY.csv,28,4001042060250,あさひ,わからないっす,不知道,283活动剧情,Run 4 ？？？,第5话-××LUCKY
283活动剧情\Run 4 ？？？\第5话-××LUCKY.csv,30,4001042060270,あさひ,んー……向こうかなぁ……,唔——……是在对面吗……,283活动剧情,Run 4 ？？？,第5话-××LUCKY
283活动剧情\Run 4 ？？？\第5话-××LUCKY.csv,32,4001042060290,あさひ,？,？,283活动剧情,Run 4 ？？？,第5话-××LUCKY
283活动剧情\Run 4 ？？？\第5话-××LUCKY.csv,34,4001042060310,あさひ,"知らないっすよ？
出番はまだ大丈夫っす","没人知道啊？
下个项目还早",283活动剧情,Run 4 ？？？,第5话-××LUCKY
283活动剧情\Run 4 ？？？\第5话-××LUCKY.csv,36,4001042060330,あさひ,"もういいっすか？
早く探さないといけないっす！","可以了吗？
我得马上继续去找了！",283活动剧情,Run 4 ？？？,第5话-××LUCKY
283活动剧情\Run 4 ？？？\第5话-××LUCKY.csv,56,4001042060530,あさひ,うーん……ない……,唔……没有……,283活动剧情,Run 4 ？？？,第5话-××LUCKY
283活动剧情\Run 4 ？？？\第5话-××LUCKY.csv,57,4001042060540,あさひ,…………,…………,283活动剧情,Run 4 ？？？,第5话-××LUCKY
283活动剧情\Run 4 ？？？\第5话-××LUCKY.csv,59,4001042060550,あさひ,あれ？,咦？,283活动剧情,Run 4 ？？？,第5话-××LUCKY
283活动剧情\Run 4 ？？？\第5话-××LUCKY.csv,60,4001042060560,あさひ,どうしたっすか？,出什么事了？,283活动剧情,Run 4 ？？？,第5话-××LUCKY
283活动剧情\Run 4 ？？？\第5话-××LUCKY.csv,62,4001042060580,あさひ,"あははっ
いいっすよ！","啊哈哈
好啊！",283活动剧情,Run 4 ？？？,第5话-××LUCKY
283活动剧情\Run 4 ？？？\第5话-××LUCKY.csv,63,4001042060590,あさひ,"じゃあ、次に行くっす！
この部屋、何もなかったっすから","那去下一处吧！
这个房间里什么都没有",283活动剧情,Run 4 ？？？,第5话-××LUCKY
283活动剧情\Run 4 ？？？\第5话-××LUCKY.csv,65,4001042060610,あさひ,"？
ないっす！","？
没有！",283活动剧情,Run 4 ？？？,第5话-××LUCKY
283活动剧情\Run 4 ？？？\第5话-××LUCKY.csv,68,4001042060630,あさひ,ないっすねー……,没有哎……,283活动剧情,Run 4 ？？？,第5话-××LUCKY
283活动剧情\Run 4 ？？？\第5话-××LUCKY.csv,73,4001042060680,あさひ,"！
ここ、ありそうっす！","！
这里很可疑！",283活动剧情,Run 4 ？？？,第5话-××LUCKY
283活动剧情\Run 4 ？？？\第5话-××LUCKY.csv,75,4001042060700,あさひ,"暗くてよくわかんないから
きっと確かめに入るっす","这里一片漆黑看不清楚
肯定会进去探查一番的",283活动剧情,Run 4 ？？？,第5话-××LUCKY
283活动剧情\Run 4 ？？？\第5话-××LUCKY.csv,79,4001042060740,あさひ,"えー！
まだ時間あるっすよ？","唉——！
还有时间啊？",283活动剧情,Run 4 ？？？,第5话-××LUCKY
283活动剧情\Run 4 ？？？\第5话-××LUCKY.csv,82,4001042060770,あさひ,その後10分も待機するんすよ？,可之后还要再等10分钟啊？,283活动剧情,Run 4 ？？？,第5话-××LUCKY
283活动剧情\Run 4 ？？？\第5话-××LUCKY.csv,84,4001042060790,あさひ,むー……！,唔——……！,283活动剧情,Run 4 ？？？,第5话-××LUCKY
283活动剧情\Run 4 ？？？\第5话-××LUCKY.csv,87,4001042060820,あさひ,！,！,283活动剧情,Run 4 ？？？,第5话-××LUCKY
283活动剧情\Run 4 ？？？\第5话-××LUCKY.csv,88,4001042060830,あさひ,"あった……ぬいぐるみっす！
これっすかね？","有了……是玩偶！
就是这个吧？",283活动剧情,Run 4 ？？？,第5话-××LUCKY
283活动剧情\Run 4 ？？？\第5话-××LUCKY.csv,91,4001042060860,あさひ,はいっす！,好的！,283活动剧情,Run 4 ？？？,第5话-××LUCKY
283活动剧情\Run 4 ？？？\第5话-××LUCKY.csv,98,4001042060870,あさひ,"拾ったんじゃないっすよ
宝探ししてたっす！","不是捡到的
是寻宝找到的！",283活动剧情,Run 4 ？？？,第5话-××LUCKY
283活动剧情\Run 4 ？？？\第5话-××LUCKY.csv,105,4001042060900,あさひ,うん,嗯,283活动剧情,Run 4 ？？？,第5话-××LUCKY
283活动剧情\Run 4 ？？？\第6话-run selfishly.csv,2,4001042070010,あさひ,じゃ、戻るっす！,那我回去了！,283活动剧情,Run 4 ？？？,第6话-run selfishly
283活动剧情\Run 4 ？？？\第6话-run selfishly.csv,22,4001042070200,あさひ,"へぇ
冬優子ちゃん、アンカーだったんすね！","咦～
冬优子是最后一棒啊！",283活动剧情,Run 4 ？？？,第6话-run selfishly
283活动剧情\Run 4 ？？？\第6话-run selfishly.csv,32,4001042070300,あさひ,ストレイライト対決、できないかと思ってたっす！,我还以为Straylight对决不会实现了呢！,283活动剧情,Run 4 ？？？,第6话-run selfishly
283活动剧情\Run 4 ？？？\第6话-run selfishly.csv,34,4001042070320,あさひ,あ、わたしがアンカーって予想してたんすか？,啊，你预料到我会是最后一棒了？,283活动剧情,Run 4 ？？？,第6话-run selfishly
283活动剧情\Run 4 ？？？\第6话-run selfishly.csv,35,4001042070330,あさひ,"……あれ？　じゃあなんで愛依ちゃんじゃなくて
冬優子ちゃんがアンカーなんすか？","……咦？　那为什么红队最后一棒不是爱依
而是冬优子呢？",283活动剧情,Run 4 ？？？,第6话-run selfishly
283活动剧情\Run 4 ？？？\第6话-run selfishly.csv,60,4001042070580,あさひ,……？,……？,283活动剧情,Run 4 ？？？,第6话-run selfishly
283活动剧情\Run 4 ？？？\第6话-run selfishly.csv,62,4001042070600,あさひ,──……あははっ,——……啊哈哈,283活动剧情,Run 4 ？？？,第6话-run selfishly
283活动剧情\Run 4 ？？？\第6话-run selfishly.csv,63,4001042070610,あさひ,じゃあ、勝負っすね！,那就得比一比了！,283活动剧情,Run 4 ？？？,第6话-run selfishly
283活动剧情\Run 4 ？？？\第6话-run selfishly.csv,65,4001042070611,あさひ＆冬優子,！,！,283活动剧情,Run 4 ？？？,第6话-run selfishly
283活动剧情\Run 4 ？？？\第6话-run selfishly.csv,72,4001042070680,あさひ,"おお～
愛依ちゃん、速いっす","喔～
爱依好快",283活动剧情,Run 4 ？？？,第6话-run selfishly
283活动剧情\Run 4 ？？？\第6话-run selfishly.csv,80,4001042070710,あさひ,？,？,283活动剧情,Run 4 ？？？,第6话-run selfishly
283活动剧情\Run 4 ？？？\第6话-run selfishly.csv,82,4001042070730,あさひ,すぐに追いつくっすよ！,我马上追过去！,283活动剧情,Run 4 ？？？,第6话-run selfishly
283活动剧情\Run 4 ？？？\第6话-run selfishly.csv,93,4001042070810,あさひ,"あー！　追いつけなかったっす～
冬優子ちゃん、速かったっすねー！","啊——！没能追上～
冬优子跑得真快啊——！",283活动剧情,Run 4 ？？？,第6话-run selfishly
283活动剧情\Run 4 ？？？\第6话-run selfishly.csv,95,4001042070830,あさひ,楽しかったっす！,太开心了！,283活动剧情,Run 4 ？？？,第6话-run selfishly
283活动剧情\Run 4 ？？？\第6话-run selfishly.csv,97,4001042070850,あさひ,"もう一回やりたいっす！
次は負けないっす！","还想再比一次！
下次我不会输了！",283活动剧情,Run 4 ？？？,第6话-run selfishly
283活动剧情\Run 4 ？？？\终章-AS USUAL.csv,3,4001042080020,あさひ,お疲れっす,辛苦啦,283活动剧情,Run 4 ？？？,终章-AS USUAL
283活动剧情\Run 4 ？？？\终章-AS USUAL.csv,5,4001042080040,あさひ,そっすか？,是吗？,283活动剧情,Run 4 ？？？,终章-AS USUAL
283活动剧情\Run 4 ？？？\终章-AS USUAL.csv,7,4001042080060,あさひ,"今日はこの後も仕事あるっすよ
愛依ちゃん、バテてて平気っすか？","今天之后还有工作哦
爱依累成这样没关系吗？",283活动剧情,Run 4 ？？？,终章-AS USUAL
283活动剧情\Run 4 ？？？\终章-AS USUAL.csv,10,4001042080090,あさひ,"そうなんすね
じゃあ食べるっす！","这样啊
那我也吃！",283活动剧情,Run 4 ？？？,终章-AS USUAL
283活动剧情\Run 4 ？？？\终章-AS USUAL.csv,13,4001042080120,あさひ,？,？,283活动剧情,Run 4 ？？？,终章-AS USUAL
283活动剧情\Run 4 ？？？\终章-AS USUAL.csv,17,4001042080160,あさひ,いいっすけど、なんでっすか？,可以是可以，不过为什么？,283活动剧情,Run 4 ？？？,终章-AS USUAL
283活动剧情\Run 4 ？？？\终章-AS USUAL.csv,20,4001042080180,あさひ,はいっすー,好,283活动剧情,Run 4 ？？？,终章-AS USUAL
283活动剧情\Run 4 ？？？\终章-AS USUAL.csv,24,4001042080200,あさひ,"リレー、楽しかったっす！
また何か勝負したいっす！","接力太开心了！
我还想再比点什么！",283活动剧情,Run 4 ？？？,终章-AS USUAL
283活动剧情\Run 4 ？？？\终章-AS USUAL.csv,26,4001042080220,あさひ,歌うっすか？,比唱歌？,283活动剧情,Run 4 ？？？,终章-AS USUAL
283活动剧情\Run 4 ？？？\终章-AS USUAL.csv,28,4001042080240,あさひ,じゃあ楽器とか！,那就乐器！,283活动剧情,Run 4 ？？？,终章-AS USUAL
283活动剧情\Run 4 ？？？\终章-AS USUAL.csv,32,4001042080280,あさひ,それでもいいっすよ！,料理也行！,283活动剧情,Run 4 ？？？,终章-AS USUAL
283活动剧情\Run 4 ？？？\终章-AS USUAL.csv,33,4001042080290,あさひ,"……あ
でもわたし料理よくわからないっす","……啊
不过我不怎么懂料理",283活动剧情,Run 4 ？？？,终章-AS USUAL
283活动剧情\Run 4 ？？？\终章-AS USUAL.csv,35,4001042080310,あさひ,"えー！
じゃあ嫌っす！","哎——！
那就不要了！",283活动剧情,Run 4 ？？？,终章-AS USUAL
283活动剧情\Run 4 ？？？\终章-AS USUAL.csv,40,4001042080360,あさひ,料理はなしにするっす～,不要比料理啦～,283活动剧情,Run 4 ？？？,终章-AS USUAL
283活动剧情\Run 4 ？？？\终章-AS USUAL.csv,50,4001042080420,あさひ,楽しそうだからやるっすよ！,我是因为有趣！,283活动剧情,Run 4 ？？？,终章-AS USUAL
283活动剧情\Secret×Rose\シークレット Secret×Not round.csv,9,4901011170050,あさひ,…………,…………,283活动剧情,Secret×Rose,シークレット Secret×Not round
283活动剧情\Secret×Rose\シークレット Secret×Not round.csv,11,4901011170060,あさひ,"あぁ……やっと逢えた……
この時を、ずっと待ちわびていたの……","……终于见到你了……
我一直，都在等待这一刻……",283活动剧情,Secret×Rose,シークレット Secret×Not round
283活动剧情\Secret×Rose\シークレット Secret×Not round.csv,13,4901011170070,あさひ,……ねえ、どうして私を置いていってしまったの？,……为什么要丢下我一个人呢？,283活动剧情,Secret×Rose,シークレット Secret×Not round
283活动剧情\Secret×Rose\シークレット Secret×Not round.csv,15,4901011170080,あさひ,"あなたのいない人生なんて、私にはなんの価値もない……
──わかるでしょう？","对我来说，没有你的人生根本毫无价值……
——你知道的吧？",283活动剧情,Secret×Rose,シークレット Secret×Not round
283活动剧情\Secret×Rose\シークレット Secret×Not round.csv,17,4901011170081,あさひ＆主人公,ふふっ……,呵呵……,283活动剧情,Secret×Rose,シークレット Secret×Not round
283活动剧情\Secret×Rose\シークレット Secret×Not round.csv,19,4901011170090,あさひ,ええ……でも、それも今日まで……,是啊……但，到此为止了……,283活动剧情,Secret×Rose,シークレット Secret×Not round
283活动剧情\Secret×Rose\シークレット Secret×Not round.csv,20,4901011170100,あさひ,これからの時間はずっとずっと……,从今以后要一直在一起……,283活动剧情,Secret×Rose,シークレット Secret×Not round
283活动剧情\Secret×Rose\シークレット Secret×Not round.csv,22,4901011170110,あさひ,はい……あなたと一緒に……,好……我会和你一起……,283活动剧情,Secret×Rose,シークレット Secret×Not round
283活动剧情\Secret×Rose\ユニット ED 鋭角なる少女たち.csv,6,4901011100010,あさひ,……………………,……………………,283活动剧情,Secret×Rose,ユニット ED 鋭角なる少女たち
283活动剧情\Secret×Rose\ユニット ED 鋭角なる少女たち.csv,9,4901011100020,あさひ,え？　わたしっすか？,诶？问我吗？,283活动剧情,Secret×Rose,ユニット ED 鋭角なる少女たち
283活动剧情\Secret×Rose\ユニット ED 鋭角なる少女たち.csv,11,4901011100030,あさひ,"……？
全然平気っすよ！","……？
我没事哦！",283活动剧情,Secret×Rose,ユニット ED 鋭角なる少女たち
283活动剧情\Secret×Rose\ユニット ED 鋭角なる少女たち.csv,13,4901011100040,あさひ,これを見てたっす,我在看这个,283活动剧情,Secret×Rose,ユニット ED 鋭角なる少女たち
283活动剧情\Secret×Rose\ユニット ED 鋭角なる少女たち.csv,15,4901011100050,あさひ,そうっす、薔薇っす,是的，是蔷薇,283活动剧情,Secret×Rose,ユニット ED 鋭角なる少女たち
283活动剧情\Secret×Rose\ユニット ED 鋭角なる少女たち.csv,17,4901011100060,あさひ,"不思議っすよねー
この薔薇、一年中咲いてるらしいっす","真是不可思议呢
这蔷薇，似乎一整年都是盛开的",283活动剧情,Secret×Rose,ユニット ED 鋭角なる少女たち
283活动剧情\Secret×Rose\ユニット ED 鋭角なる少女たち.csv,18,4901011100070,あさひ,"噂だと誰も世話してないらしくて……
うーん、不思議っす……","听说谁也没在照料它……
唔，真不可思议……",283活动剧情,Secret×Rose,ユニット ED 鋭角なる少女たち
283活动剧情\Secret×Rose\ユニット ED 鋭角なる少女たち.csv,20,4901011100080,あさひ,そうなんすか？,是这样吗？,283活动剧情,Secret×Rose,ユニット ED 鋭角なる少女たち
283活动剧情\Secret×Rose\ユニット ED 鋭角なる少女たち.csv,45,4901011100220,あさひ,あっ、先生！,啊，老师！,283活动剧情,Secret×Rose,ユニット ED 鋭角なる少女たち
283活动剧情\Secret×Rose\ユニット ED 鋭角なる少女たち.csv,47,4901011100230,あさひ,"先生、先生！
これ、今、生えてきたっすよ！","老师，老师！
这个，是刚刚，才长出来的哦！",283活动剧情,Secret×Rose,ユニット ED 鋭角なる少女たち
283活动剧情\Secret×Rose\ユニット ED 鋭角なる少女たち.csv,48,4901011100240,あさひ,"しゅるしゅるってつるが伸びて、ぱあって咲いたっす！
こんなの初めて見たっすよ……！",咻咻一声的就长出来了，然后就盛开了！,283活动剧情,Secret×Rose,ユニット ED 鋭角なる少女たち
283活动剧情\Secret×Rose\ユニット ED 鋭角なる少女たち.csv,52,4901011100250,あさひ,──触っちゃダメっすよ,——不能碰它哦,283活动剧情,Secret×Rose,ユニット ED 鋭角なる少女たち
283活动剧情\Secret×Rose\ユニット ED 鋭角なる少女たち.csv,55,4901011100260,あさひ,"う～ん……
そういうことじゃないんすけど……","唔～……
也不是这样……",283活动剧情,Secret×Rose,ユニット ED 鋭角なる少女たち
283活动剧情\Secret×Rose\ユニット ED 鋭角なる少女たち.csv,58,4901011100290,あさひ,この薔薇、今、咲いたんすよ！,这蔷薇，刚刚才盛开的哦！,283活动剧情,Secret×Rose,ユニット ED 鋭角なる少女たち
283活动剧情\Secret×Rose\ユニット ED 鋭角なる少女たち.csv,60,4901011100310,あさひ,"そうじゃないっす～！
む～……","不是这样的～！
唔～……",283活动剧情,Secret×Rose,ユニット ED 鋭角なる少女たち
283活动剧情\Secret×Rose\ユニット ED 鋭角なる少女たち.csv,62,4901011100330,あさひ,"冬優子ちゃんも探すっすよ！
もしかしたら、また咲くかも……","冬优子也去找吧！
说不定，还会再盛开……",283活动剧情,Secret×Rose,ユニット ED 鋭角なる少女たち
283活动剧情\Secret×Rose\ユニット ED 鋭角なる少女たち.csv,64,4901011100350,あさひ,"あっ！
冬優子ちゃん、足元っす！","啊！
冬优子，脚下！",283活动剧情,Secret×Rose,ユニット ED 鋭角なる少女たち
283活动剧情\Secret×Rose\ユニット ED 鋭角なる少女たち.csv,67,4901011100370,あさひ,ほら、咲いたっす～！,看吧，盛开了～！,283活动剧情,Secret×Rose,ユニット ED 鋭角なる少女たち
283活动剧情\Secret×Rose\ユニット ED 鋭角なる少女たち.csv,75,4901011100390,あさひ,あ、先生！,啊，老师！,283活动剧情,Secret×Rose,ユニット ED 鋭角なる少女たち
283活动剧情\Secret×Rose\ユニット ED 鋭角なる少女たち.csv,82,4901011100440,あさひ,"これ……なんっすか？　どうしたっすか？
冬優子ちゃん……","这是……怎么了？发生什么了？
冬优子……",283活动剧情,Secret×Rose,ユニット ED 鋭角なる少女たち
283活动剧情\Secret×Rose\ユニット ED 鋭角なる少女たち.csv,90,4901011100470,あさひ,わ、わかったっす……！,我，我知道了……！,283活动剧情,Secret×Rose,ユニット ED 鋭角なる少女たち
283活动剧情\Secret×Rose\ユニット ED 鋭角なる少女たち.csv,92,4901011100480,あさひ,"呼んできたっすー……！
先生たち来てくれるって──","我去叫了……！
老师们说会过来的——",283活动剧情,Secret×Rose,ユニット ED 鋭角なる少女たち
283活动剧情\Secret×Rose\ユニット ED 鋭角なる少女たち.csv,94,4901011100500,あさひ,……？　冬優子ちゃん？,……？冬优子？,283活动剧情,Secret×Rose,ユニット ED 鋭角なる少女たち
283活动剧情\Secret×Rose\ユニット ED 鋭角なる少女たち.csv,96,4901011100520,あさひ,…………！,…………！,283活动剧情,Secret×Rose,ユニット ED 鋭角なる少女たち
283活动剧情\Secret×Rose\ユニット ED 鋭角なる少女たち.csv,117,4901011100590,あさひ,えー、なんでっすか！,诶——，为什么啊！,283活动剧情,Secret×Rose,ユニット ED 鋭角なる少女たち
283活动剧情\Secret×Rose\ユニット ED 鋭角なる少女たち.csv,121,4901011100630,あさひ,うぅ～……,呜～……,283活动剧情,Secret×Rose,ユニット ED 鋭角なる少女たち
283活动剧情\Secret×Rose\ユニット ED 鋭角なる少女たち.csv,122,4901011100640,あさひ,"ふたりがそう言うなら……
わかったっす……","既然你们两个都这么说了……
我知道了……",283活动剧情,Secret×Rose,ユニット ED 鋭角なる少女たち
283活动剧情\Secret×Rose\ユニット ED 鋭角なる少女たち.csv,124,4901011100650,あさひ,先生！　おはようっす！,老师！早上好！,283活动剧情,Secret×Rose,ユニット ED 鋭角なる少女たち
283活动剧情\Secret×Rose\ユニット ED 鋭角なる少女たち.csv,126,4901011100660,あさひ,昨日クラスで面白いことがあったんすよ！,昨天我们班发生了有趣的事哦！,283活动剧情,Secret×Rose,ユニット ED 鋭角なる少女たち
283活动剧情\Secret×Rose\ユニット ED 鋭角なる少女たち.csv,129,4901011100670,あさひ,あっ,啊,283活动剧情,Secret×Rose,ユニット ED 鋭角なる少女たち
283活动剧情\Secret×Rose\ユニット ED 鋭角なる少女たち.csv,131,4901011100680,あさひ,──また、新しい薔薇が咲いてるっす,——又有新的蔷薇盛开了哦,283活动剧情,Secret×Rose,ユニット ED 鋭角なる少女たち
283活动剧情\Secret×Rose\ユニット ED 鋭角なる少女たち.csv,134,4901011100690,あさひ,あはは、そうだったっす,啊哈哈，是这样呢,283活动剧情,Secret×Rose,ユニット ED 鋭角なる少女たち
283活动剧情\Secret×Rose\ユニット ED 鋭角なる少女たち.csv,135,4901011100700,あさひ,"早く教室に行かないと
また冬優子ちゃんに怒られるっすー","再不去教室的话
又要惹冬优子生气了",283活动剧情,Secret×Rose,ユニット ED 鋭角なる少女たち
283活动剧情\Straylight.run()\ENTER MEI！.csv,5,4001014030010,あさひ,"そうなんっすね～
楽しかったし、またやってもいいっす！","这样啊～
反正挺有趣的，下次再干也可以哦！",283活动剧情,Straylight.run(),ENTER MEI！
283活动剧情\Straylight.run()\ENTER MEI！.csv,10,4001014030040,あさひ,"！
もうひとり追加っすか！",还要再追加一个人嘛！,283活动剧情,Straylight.run(),ENTER MEI！
283活动剧情\Straylight.run()\ENTER MEI！.csv,14,4001014030060,あさひ,"プロデューサーさん！
新しい子ってどんな子なんっすか！？","制作人！
新加入的成员是什么样的人啊！？",283活动剧情,Straylight.run(),ENTER MEI！
283活动剧情\Straylight.run()\ENTER MEI！.csv,16,4001014030070,あさひ,おおっ……！,噢噢……！,283活动剧情,Straylight.run(),ENTER MEI！
283活动剧情\Straylight.run()\ENTER MEI！.csv,17,4001014030080,あさひ,"楽しみっす楽しみっす！
合流っていつになるんすか？","好期待好期待啊！
什么时候能加入呢？",283活动剧情,Straylight.run(),ENTER MEI！
283活动剧情\Straylight.run()\ENTER MEI！.csv,18,4001014030090,あさひ,"歓迎パーティーとかやるっすか？
それともいきなり一緒のレッスンっすか？","会举办欢迎派对嘛！
还是说突然就一起训练？",283活动剧情,Straylight.run(),ENTER MEI！
283活动剧情\Straylight.run()\ENTER MEI！.csv,19,4001014030100,あさひ,教えてほしいっす、プロデューサーさんっ,制作人，告诉我嘛,283活动剧情,Straylight.run(),ENTER MEI！
283活动剧情\Straylight.run()\ENTER MEI！.csv,23,4001014030120,あさひ,──むむ、わかったっす……！,──唔唔，我明白了……！,283活动剧情,Straylight.run(),ENTER MEI！
283活动剧情\Straylight.run()\ENTER MEI！.csv,28,4001014030140,あさひ,センター……？,Center……？,283活动剧情,Straylight.run(),ENTER MEI！
283活动剧情\Straylight.run()\ENTER MEI！.csv,29,4001014030150,あさひ,……って、なんすか？,……是什么啊？,283活动剧情,Straylight.run(),ENTER MEI！
283活动剧情\Straylight.run()\ENTER MEI！.csv,35,4001014030190,あさひ,ふーん……？,喔……？,283活动剧情,Straylight.run(),ENTER MEI！
283活动剧情\Straylight.run()\ENTER MEI！.csv,36,4001014030200,あさひ,……３人になったら、それを決めるんすね？,……3个人到齐之后就会决定吗？,283活动剧情,Straylight.run(),ENTER MEI！
283活动剧情\Straylight.run()\ENTER MEI！.csv,40,4001014030230,あさひ,──,──,283活动剧情,Straylight.run(),ENTER MEI！
283活动剧情\Straylight.run()\ENTER MEI！.csv,41,4001014030240,あさひ,……了解っす！,……好的！,283活动剧情,Straylight.run(),ENTER MEI！
283活动剧情\Straylight.run()\ENTER MEI！.csv,42,4001014030250,あさひ,"じゃあわたし、レッスンの時間まで外に行ってくるっす！
冬優子ちゃん、また後でっすよ～！","那我在训练之前就先呆在外面啦！
冬优子，待会见～！",283活动剧情,Straylight.run(),ENTER MEI！
283活动剧情\Straylight.run()\ENTER MEI！.csv,80,4001014030570,あさひ,"あはは、すごい勢いっすね！
ありがとっす！","啊哈哈，真是惊人的气势啊！
谢谢你！",283活动剧情,Straylight.run(),ENTER MEI！
283活动剧情\Straylight.run()\ENTER MEI！.csv,83,4001014030600,あさひ,"聞いてたっすよ、愛依ちゃん！
わたしはあさひっす！　芹沢あさひ！","我听到啦，爱依！
我叫朝日！　芹泽朝日！",283活动剧情,Straylight.run(),ENTER MEI！
283活动剧情\Straylight.run()\ENTER MEI！.csv,84,4001014030610,あさひ,"愛依ちゃん、髪がいろんな色なんすね！
すごいっす、綺麗っす！","爱依的头发有好多种颜色！
真厉害，好漂亮啊！",283活动剧情,Straylight.run(),ENTER MEI！
283活动剧情\Straylight.run()\ENTER MEI！.csv,87,4001014030640,あさひ,"じゃあもっと褒めるっす！
愛依ちゃんは──","那我再多夸夸！
爱依啊──",283活动剧情,Straylight.run(),ENTER MEI！
283活动剧情\Straylight.run()\ENTER MEI！.csv,89,4001014030651,あさひ＆愛依,？,？,283活动剧情,Straylight.run(),ENTER MEI！
283活动剧情\Straylight.run()\ENTER MEI！.csv,93,4001014030670,あさひ,ごめんなさいっす！,对不起！,283活动剧情,Straylight.run(),ENTER MEI！
283活动剧情\Straylight.run()\ENTER MEI！.csv,98,4001014030690,あさひ,お願いするっす！,多多指教！,283活动剧情,Straylight.run(),ENTER MEI！
283活动剧情\Straylight.run()\ENTER MEI！.csv,109,4001014030740,あさひ,かっこいいっす……！,好帅啊……！,283活动剧情,Straylight.run(),ENTER MEI！
283活动剧情\Straylight.run()\FALSE.csv,7,4001014060060,あさひ,"ルール覚えとかないと、
どんなゲームも動けないっすからね","毕竟不记住规则的话
什么游戏都玩不好嘛",283活动剧情,Straylight.run(),FALSE
283活动剧情\Straylight.run()\FALSE.csv,13,4001014060110,あさひ,うちは３人ユニットだから、ちょうどいいっすね,我们是三人组合，所以正合适呢,283活动剧情,Straylight.run(),FALSE
283活动剧情\Straylight.run()\FALSE.csv,19,4001014060170,あさひ,ルール上はそうっすね！,按规则来说是这样呢！,283活动剧情,Straylight.run(),FALSE
283活动剧情\Straylight.run()\FALSE.csv,21,4001014060190,あさひ,そんな心配しなくても大丈夫っすよ～,不用这么担心也没关系的～,283活动剧情,Straylight.run(),FALSE
283活动剧情\Straylight.run()\FALSE.csv,28,4001014060260,あさひ,"いーっすよ！
わたしがやりたいのはダンスだし──","没问题！
反正我想跳舞",283活动剧情,Straylight.run(),FALSE
283活动剧情\Straylight.run()\FALSE.csv,30,4001014060280,あさひ,"そうっす！
ステップが上手く決まると気持ちいいっす！","对!
只要舞步能跳到位就会觉得很爽快！",283活动剧情,Straylight.run(),FALSE
283活动剧情\Straylight.run()\FALSE.csv,33,4001014060310,あさひ,"この後の練習はどうするっすか？
担当も決まったし、個人？","接下来的练习要怎么办？
代表已经决定了，单独练吗？",283活动剧情,Straylight.run(),FALSE
283活动剧情\Straylight.run()\FALSE.csv,37,4001014060350,あさひ,"愛依ちゃんは心配性っすねー
そんなカタく考えなくても平気っすよ～","爱依还真是爱担心呢
不要想得那么死板啦～",283活动剧情,Straylight.run(),FALSE
283活动剧情\Straylight.run()\FALSE.csv,38,4001014060360,あさひ,"音楽に合わせて出てって、
キメて帰って来ればオッケーっす！","跟着音乐出场，
表演完再回来就行了！",283活动剧情,Straylight.run(),FALSE
283活动剧情\Straylight.run()\FALSE.csv,42,4001014060400,あさひ,……,……,283活动剧情,Straylight.run(),FALSE
283活动剧情\Straylight.run()\FALSE.csv,52,4001014060500,あさひ,"……冬優子ちゃん
愛依ちゃんにそういうのは、違わないっすか？","……冬优子
这样做不适合爱依吧？",283活动剧情,Straylight.run(),FALSE
283活动剧情\Straylight.run()\FALSE.csv,54,4001014060520,あさひ,"無理して作ったら嘘になっちゃうっす
それじゃあ愛依ちゃんじゃないっすよ","如果勉强去做的话那就是假的了
那就不是爱依了",283活动剧情,Straylight.run(),FALSE
283活动剧情\Straylight.run()\FALSE.csv,59,4001014060570,あさひ,"いつもの愛依ちゃんから何か変えなくても、
すごいパフォーマンスができれば、ファンは増えるっすよ！","即使爱依一如既往不做改变，
只要表演够出色，粉丝就会变多哦！",283活动剧情,Straylight.run(),FALSE
283活动剧情\Straylight.run()\FALSE.csv,60,4001014060580,あさひ,だから愛依ちゃんは大丈夫っす！,所以爱依没问题的！,283活动剧情,Straylight.run(),FALSE
283活动剧情\Straylight.run()\FALSE.csv,64,4001014060620,あさひ,"？
そのままの自分を好きになってもらうんじゃダメなんすか？","？
就不能让人喜欢真实的自己吗？",283活动剧情,Straylight.run(),FALSE
283活动剧情\Straylight.run()\FALSE.csv,66,4001014060640,あさひ,"別に、嘘をつかないと好きになってもらえない
ってわけじゃないっすよね？","也不是说
不撒谎就不能受人喜爱吧？",283活动剧情,Straylight.run(),FALSE
283活动剧情\Straylight.run()\FALSE.csv,67,4001014060650,あさひ,"だったら、好きになってもらえるように
無理するんじゃなくて","那么，不要为了让人喜欢
去勉强自己",283活动剧情,Straylight.run(),FALSE
283活动剧情\Straylight.run()\FALSE.csv,68,4001014060660,あさひ,"無理しなくても好きになってもらえるのが
一番なんじゃないんすか？","而是做到即便不强迫自己也能被人喜爱
这不是最好的吗？",283活动剧情,Straylight.run(),FALSE
283活动剧情\Straylight.run()\FALSE.csv,75,4001014060730,あさひ,……そんなわけないっす,……没那回事,283活动剧情,Straylight.run(),FALSE
283活动剧情\Straylight.run()\FALSE.csv,77,4001014060750,あさひ,"そんなわけないっすよ！
だって──","没那回事！
因为──",283活动剧情,Straylight.run(),FALSE
283活动剧情\Straylight.run()\FALSE.csv,78,4001014060760,あさひ,たくさん我慢できる人は強い人っす,能忍受很多事的人是很强大的,283活动剧情,Straylight.run(),FALSE
283活动剧情\Straylight.run()\FALSE.csv,79,4001014060770,あさひ,……違うっすか？,……不是吗？,283活动剧情,Straylight.run(),FALSE
283活动剧情\Straylight.run()\FALSE.csv,82,4001014060800,あさひ,……,……,283活动剧情,Straylight.run(),FALSE
283活动剧情\Straylight.run()\FALSE.csv,83,4001014060810,あさひ,"そうっすか
じゃあ、間違えたっす","是吗
那就是我弄错了",283活动剧情,Straylight.run(),FALSE
283活动剧情\Straylight.run()\FALSE.csv,84,4001014060811,あさひ＆冬優子,……,……,283活动剧情,Straylight.run(),FALSE
283活动剧情\Straylight.run()\FALSE.csv,90,4001014060870,あさひ,別にそういうんじゃないっすけど……,也不是这样……,283活动剧情,Straylight.run(),FALSE
283活动剧情\Straylight.run()\FALSE.csv,99,4001014060960,あさひ,……そうっすか？,……是这样吗？,283活动剧情,Straylight.run(),FALSE
283活动剧情\Straylight.run()\FALSE.csv,105,4001014061011,あさひ＆冬優子,……,……,283活动剧情,Straylight.run(),FALSE
283活动剧情\Straylight.run()\FALSE.csv,106,4001014061020,あさひ,──はいっす！　応援してるっすよ！,──嗯！我支持你！,283活动剧情,Straylight.run(),FALSE
283活动剧情\Straylight.run()\FREEDOM.csv,2,4001014020010,あさひ,"来月から新発売の化粧品っす～！
ちょっと試していかないっすかー？","这是下个月发售的化妆品哦～！
稍微试一下怎么样？",283活动剧情,Straylight.run(),FREEDOM
283活动剧情\Straylight.run()\FREEDOM.csv,7,4001014020060,あさひ,冬優子ちゃーんっ,冬优子,283活动剧情,Straylight.run(),FREEDOM
283活动剧情\Straylight.run()\FREEDOM.csv,8,4001014020070,あさひ,冬優子ちゃん、試供品配り終わったっすか？,冬优子发完试用品了吗？,283活动剧情,Straylight.run(),FREEDOM
283活动剧情\Straylight.run()\FREEDOM.csv,10,4001014020090,あさひ,なくなっちゃったんで、補充してもらいにいくっす！,都发光了所以来补充啦！,283活动剧情,Straylight.run(),FREEDOM
283活动剧情\Straylight.run()\FREEDOM.csv,12,4001014020110,あさひ,"さっきちっちゃい子がたくさん来て
全部あげちゃったんすよね","刚刚来了很多小孩子
我全部都给他们了",283活动剧情,Straylight.run(),FREEDOM
283活动剧情\Straylight.run()\FREEDOM.csv,14,4001014020130,あさひ,"お母さんとか、保育園の先生？　に
プレゼントするって言ってたっす！","说是要送给母亲还有，幼儿园的老师？
当礼物呢！",283活动剧情,Straylight.run(),FREEDOM
283活动剧情\Straylight.run()\FREEDOM.csv,15,4001014020140,あさひ,だからサービスしたっすよ！,所以就全送给他们啦！,283活动剧情,Straylight.run(),FREEDOM
283活动剧情\Straylight.run()\FREEDOM.csv,18,4001014020170,あさひ,"？　なんでっすか？
欲しがってる人にあげるのが一番っすよね？","？　是指什么呢？
难道不是把东西给想要的人才是最好的吗？",283活动剧情,Straylight.run(),FREEDOM
283活动剧情\Straylight.run()\FREEDOM.csv,23,4001014020220,あさひ,"なるほど……？
そういうもんっすか……","原来如此……？
是这么回事啊……",283活动剧情,Straylight.run(),FREEDOM
283活动剧情\Straylight.run()\FREEDOM.csv,24,4001014020230,あさひ,わかったっす、気を付けるっす,我懂了，会注意的,283活动剧情,Straylight.run(),FREEDOM
283活动剧情\Straylight.run()\FREEDOM.csv,28,4001014020260,あさひ,……冬優子ちゃん、この人誰っすか？,……冬优子，这个人是谁啊？,283活动剧情,Straylight.run(),FREEDOM
283活动剧情\Straylight.run()\FREEDOM.csv,30,4001014020280,あさひ,"責任者さんってことは、
この化粧品については知ってるってことっすよね！","既然是负责人
也就是说您是了解这个化妆品的吧！",283活动剧情,Straylight.run(),FREEDOM
283活动剧情\Straylight.run()\FREEDOM.csv,32,4001014020290,あさひ,"じゃあ、宣伝する必要はないっすね！
わたし、向こうで声かけてくるっす！","那就没有宣传的必要了啊！
我去那边招揽客人了！",283活动剧情,Straylight.run(),FREEDOM
283活动剧情\Straylight.run()\FREEDOM.csv,47,4001014020390,あさひ,ティッシュ配りの人の気持ちがわかったっす！,我明白了发湿巾的人的心情啦！,283活动剧情,Straylight.run(),FREEDOM
283活动剧情\Straylight.run()\FREEDOM.csv,48,4001014020400,あさひ,"このお仕事って、あと何回かやるんすよね？
次も楽しみっす～","这种工作，还能做好几次的对吧？
好期待下一次啊～",283活动剧情,Straylight.run(),FREEDOM
283活动剧情\Straylight.run()\FREEDOM.csv,50,4001014020420,あさひ,"？
どうしたっすか？","？
是什么事呢？",283活动剧情,Straylight.run(),FREEDOM
283活动剧情\Straylight.run()\FREEDOM.csv,52,4001014020440,あさひ,……どういうことっす？,……是指什么事情呢？,283活动剧情,Straylight.run(),FREEDOM
283活动剧情\Straylight.run()\FREEDOM.csv,56,4001014020480,あさひ,……,……,283活动剧情,Straylight.run(),FREEDOM
283活动剧情\Straylight.run()\FREEDOM.csv,57,4001014020490,あさひ,"でも、商品と会社を知ってもらうのが大事だって
冬優子ちゃん、言ってたっす","但是冬优子不是说
让大家知道商品和公司是很重要的吗",283活动剧情,Straylight.run(),FREEDOM
283活动剧情\Straylight.run()\FREEDOM.csv,58,4001014020500,あさひ,わたし、それはすごくわかったっすよ！,这一点我已经充分明白了！,283活动剧情,Straylight.run(),FREEDOM
283活动剧情\Straylight.run()\FREEDOM.csv,59,0000000000000,あさひ,でも、責任者の人とおしゃべりするのは違う気がするっす,但是，和负责人闲聊这点好像不是太对,283活动剧情,Straylight.run(),FREEDOM
283活动剧情\Straylight.run()\FREEDOM.csv,61,4001014020520,あさひ,……,……,283活动剧情,Straylight.run(),FREEDOM
283活动剧情\Straylight.run()\FREEDOM.csv,66,4001014020570,あさひ,"……お仕事をちゃんとこなしていれば、
認めてもらえるんじゃないんすか？","……难道不是好好完成工作，
就可以获得认可了吗？",283活动剧情,Straylight.run(),FREEDOM
283活动剧情\Straylight.run()\FREEDOM.csv,70,4001014020610,あさひ,……,……,283活动剧情,Straylight.run(),FREEDOM
283活动剧情\Straylight.run()\FREEDOM.csv,71,4001014020620,あさひ,……だから、我慢しておしゃべりするんすか？,……所以才要勉强自己去闲聊吗？,283活动剧情,Straylight.run(),FREEDOM
283活动剧情\Straylight.run()\FREEDOM.csv,75,4001014020660,あさひ,"それは相手の自由でいいと思うっす
嫌いならそれはそれでいい","我觉得，那是对方的自由
要是讨厌的话那就讨厌吧",283活动剧情,Straylight.run(),FREEDOM
283活动剧情\Straylight.run()\FREEDOM.csv,76,4001014020670,あさひ,好かれなきゃって思って振る舞うのは、面倒っす,要是为了被大家喜爱而活，太麻烦了,283活动剧情,Straylight.run(),FREEDOM
283活动剧情\Straylight.run()\FREEDOM.csv,77,4001014020680,あさひ,冬優子ちゃんは違うんすか？,难道冬优子不这么觉得吗？,283活动剧情,Straylight.run(),FREEDOM
283活动剧情\Straylight.run()\FREEDOM.csv,80,4001014020710,あさひ,……,……,283活动剧情,Straylight.run(),FREEDOM
283活动剧情\Straylight.run()\FREEDOM.csv,81,4001014020720,あさひ,"……違ってたら、今度また教えてほしいっす！
また明日っすよ、冬優子ちゃん","……要是不这么觉得的话，下次告诉我哦！
那明天见啦，冬优子",283活动剧情,Straylight.run(),FREEDOM
283活动剧情\Straylight.run()\FREEDOM.csv,85,4001014020760,あさひ,おはようっす～,早上好～,283活动剧情,Straylight.run(),FREEDOM
283活动剧情\Straylight.run()\FREEDOM.csv,88,4001014020780,あさひ,"はいっす！
任せといてほしいっす！","好的！
交给我吧！",283活动剧情,Straylight.run(),FREEDOM
283活动剧情\Straylight.run()\FREEDOM.csv,93,4001014020810,あさひ,──……責任者さんっす！,──……是负责人！,283活动剧情,Straylight.run(),FREEDOM
283活动剧情\Straylight.run()\FREEDOM.csv,96,4001014020820,あさひ,ほんとっすか！？,真的嘛！？,283活动剧情,Straylight.run(),FREEDOM
283活动剧情\Straylight.run()\FREEDOM.csv,98,4001014020830,あさひ,はいっす！,好的！,283活动剧情,Straylight.run(),FREEDOM
283活动剧情\Straylight.run()\GIRL MEETS.csv,33,4001014010190,あさひ,"はじめまして、芹沢あさひっす！
今は中学２年生っす！","初次见面，我是芹沢朝日！
现在正在读初中2年级！",283活动剧情,Straylight.run(),GIRL MEETS
283活动剧情\Straylight.run()\GIRL MEETS.csv,34,4001014010200,あさひ,"プロデューサーさんから聞いてるっすよ！
黛冬優子ちゃんっていうんすよね！","我听制作人说啦！
你叫黛冬优子对吧！",283活动剧情,Straylight.run(),GIRL MEETS
283活动剧情\Straylight.run()\GIRL MEETS.csv,35,4001014010210,あさひ,これからよろしくっす～！,今后请多多关照～！,283活动剧情,Straylight.run(),GIRL MEETS
283活动剧情\Straylight.run()\GIRL MEETS.csv,37,4001014010230,あさひ,"？
どうかしたっすか？","？
怎么了吗？",283活动剧情,Straylight.run(),GIRL MEETS
283活动剧情\Straylight.run()\GIRL MEETS.csv,41,4001014010270,あさひ,もちろんっすよ、冬優子ちゃん！,那当然，冬优子！,283活动剧情,Straylight.run(),GIRL MEETS
283活动剧情\Straylight.run()\GIRL MEETS.csv,44,4001014010300,あさひ,ふゆちゃん、っすか？,小冬优，吗？,283活动剧情,Straylight.run(),GIRL MEETS
283活动剧情\Straylight.run()\GIRL MEETS.csv,46,4001014010320,あさひ,"そうっすか？
わたしはそうは思わないっす！","这样吗？
我倒不这么觉得！",283活动剧情,Straylight.run(),GIRL MEETS
283活动剧情\Straylight.run()\GIRL MEETS.csv,48,4001014010340,あさひ,"ふゆちゃんよりも冬優子ちゃんの方がいいっすよ！
わたしは冬優子ちゃんって呼びたいっす！","比起小冬优，还是冬优子比较好！
我还是想叫你冬优子！",283活动剧情,Straylight.run(),GIRL MEETS
283活动剧情\Straylight.run()\GIRL MEETS.csv,50,4001014010360,あさひ,"そんなことより！
冬優子ちゃんはどんなアイドルなんすか？","比起这种事！
冬优子你是哪一种偶像啊？",283活动剧情,Straylight.run(),GIRL MEETS
283活动剧情\Straylight.run()\GIRL MEETS.csv,51,4001014010370,あさひ,"ダンスが上手いっすか？
それとも歌？","是很擅长跳舞的？
还是说擅长唱歌的？",283活动剧情,Straylight.run(),GIRL MEETS
283活动剧情\Straylight.run()\GIRL MEETS.csv,54,4001014010400,あさひ,"ふーん……？
可愛いアイドル、っすか……","哦……？
可爱的偶像吗……",283活动剧情,Straylight.run(),GIRL MEETS
283活动剧情\Straylight.run()\GIRL MEETS.csv,55,4001014010410,あさひ,"冬優子ちゃん、面白いもの目指してるんっすね！
わたし、そんなこと考えたことなかったっす！","冬优子的目标可真是有趣！
我从来没有考虑过那种事情！",283活动剧情,Straylight.run(),GIRL MEETS
283活动剧情\Straylight.run()\GIRL MEETS.csv,58,4001014010430,あさひ,"はっ、忘れるところだったっす！
わたし、この後レッスンがあるんすよ！","啊，差点忘记了！
之后我还要上课呢！",283活动剧情,Straylight.run(),GIRL MEETS
283活动剧情\Straylight.run()\GIRL MEETS.csv,59,4001014010440,あさひ,また話聞かせてくださいっす、冬優子ちゃん！,冬优子，下次再聊吧！,283活动剧情,Straylight.run(),GIRL MEETS
283活动剧情\Straylight.run()\GIRL MEETS.csv,60,4001014010450,あさひ,──それじゃ！,──再见！,283活动剧情,Straylight.run(),GIRL MEETS
283活动剧情\Straylight.run()\INVISIBLE.csv,7,4001014050020,あさひ,そうだったんすね,是这样啊,283活动剧情,Straylight.run(),INVISIBLE
283活动剧情\Straylight.run()\INVISIBLE.csv,12,4001014050050,あさひ,うーん……,唔……,283活动剧情,Straylight.run(),INVISIBLE
283活动剧情\Straylight.run()\INVISIBLE.csv,13,4001014050060,あさひ,"わたしは、冬優子ちゃんがセンターやった方が
いいと思うっす",我觉得，还是让冬优子做Center比较好,283活动剧情,Straylight.run(),INVISIBLE
283活动剧情\Straylight.run()\INVISIBLE.csv,15,4001014050080,あさひ,だって、やりたい人がやった方がいいっすもん！,因为啊，还是让想做的人去做比较好嘛！,283活动剧情,Straylight.run(),INVISIBLE
283活动剧情\Straylight.run()\INVISIBLE.csv,16,4001014050090,あさひ,愛依ちゃんもそう思うっすよね？,爱依也这么觉得的吧？,283活动剧情,Straylight.run(),INVISIBLE
283活动剧情\Straylight.run()\INVISIBLE.csv,20,4001014050130,あさひ,そうだと思ったんすけど、違ったっすか？,我是这么认为的，难道不是吗？,283活动剧情,Straylight.run(),INVISIBLE
283活动剧情\Straylight.run()\INVISIBLE.csv,24,4001014050170,あさひ,ユニットを象徴……,象征着组合……,283活动剧情,Straylight.run(),INVISIBLE
283活动剧情\Straylight.run()\INVISIBLE.csv,27,4001014050200,あさひ,だから、そんなの──,所以说，这种──,283活动剧情,Straylight.run(),INVISIBLE
283活动剧情\Straylight.run()\INVISIBLE.csv,31,4001014050240,あさひ,……,……,283活动剧情,Straylight.run(),INVISIBLE
283活动剧情\Straylight.run()\INVISIBLE.csv,37,4001014050290,あさひ,……,……,283活动剧情,Straylight.run(),INVISIBLE
283活动剧情\Straylight.run()\INVISIBLE.csv,39,4001014050310,あさひ,……よく、わかんないっすけど,……虽然，我不是很明白,283活动剧情,Straylight.run(),INVISIBLE
283活动剧情\Straylight.run()\INVISIBLE.csv,40,4001014050320,あさひ,"わかったっす
センター、やるっすよ","我懂了
就由我来，做Center吧",283活动剧情,Straylight.run(),INVISIBLE
283活动剧情\Straylight.run()\INVISIBLE.csv,68,4001014050520,あさひ,"愛依ちゃんサビ前の振りずっとやってたっすよね？
あそこ、何かあるんすか？","爱依一直在做副歌部分之前的动作是吧？
那里有什么不对劲的嘛？",283活动剧情,Straylight.run(),INVISIBLE
283活动剧情\Straylight.run()\INVISIBLE.csv,70,4001014050540,あさひ,……なんで？,……为什么啊？,283活动剧情,Straylight.run(),INVISIBLE
283活动剧情\Straylight.run()\INVISIBLE.csv,75,4001014050590,あさひ,トントンパッパでぐるぐるバシッ！　すよ？,咚咚啪啪，然后转圈转圈，啪！　而已哦？,283活动剧情,Straylight.run(),INVISIBLE
283活动剧情\Straylight.run()\INVISIBLE.csv,77,4001014050610,あさひ,そっか,这样啊,283活动剧情,Straylight.run(),INVISIBLE
283活动剧情\Straylight.run()\INVISIBLE.csv,78,4001014050620,あさひ,愛依ちゃんは、あそこができなかったんすね,原来爱依做不到这个部分啊,283活动剧情,Straylight.run(),INVISIBLE
283活动剧情\Straylight.run()\INVISIBLE.csv,79,4001014050630,あさひ,"わかんないけど、わかるっす！
できないとこはできるようになるまでやるっすもん！","虽然不明白，但我懂了！
做不到的事情当然要重复到做得到为止啦！",283活动剧情,Straylight.run(),INVISIBLE
283活动剧情\Straylight.run()\INVISIBLE.csv,80,4001014050640,あさひ,……冬優子ちゃんも、何か引っかかってるんすかね？,……冬优子她是不是也有什么想不明白的？,283活动剧情,Straylight.run(),INVISIBLE
283活动剧情\Straylight.run()\INVISIBLE.csv,82,4001014050660,あさひ,まだ残るって言ってたっす,她说还要留下来,283活动剧情,Straylight.run(),INVISIBLE
283活动剧情\Straylight.run()\INVISIBLE.csv,85,4001014050690,あさひ,"んー……なんていうか……
冬優子ちゃんはアイドルに一生懸命っすから","嗯……该怎么说呢……
因为对做偶像这件事情，冬优子拼尽了全力",283活动剧情,Straylight.run(),INVISIBLE
283活动剧情\Straylight.run()\INVISIBLE.csv,86,4001014050700,あさひ,"色々完璧にしたいのかなって思うし──
そういうのは、わたしにもわかるんすよ！","大概是想把各种东西都做到完美吧──
这种心情，我也明白哦！",283活动剧情,Straylight.run(),INVISIBLE
283活动剧情\Straylight.run()\INVISIBLE.csv,87,4001014050710,あさひ,……でも,……但是,283活动剧情,Straylight.run(),INVISIBLE
283活动剧情\Straylight.run()\INVISIBLE.csv,88,4001014050720,あさひ,たまに楽しくなさそうに見えるっす,感觉有时她看上去好像不是很开心,283活动剧情,Straylight.run(),INVISIBLE
283活动剧情\Straylight.run()\INVISIBLE.csv,89,4001014050730,あさひ,"アイドルらしくしなきゃ！　って
パフォーマンス以外のことにもいっぱい気を付けたりとか","必须得像个偶像一样！　之类的
除了舞台还注意很多其它方面啥的",283活动剧情,Straylight.run(),INVISIBLE
283活动剧情\Straylight.run()\INVISIBLE.csv,90,4001014050740,あさひ,"そういうのが邪魔なんじゃないかなって思うんすけど……
冬優子ちゃんはそれも必要って言うし","虽然我觉得那些东西很碍事……
但是冬优子说那些也是必须的",283活动剧情,Straylight.run(),INVISIBLE
283活动剧情\Straylight.run()\INVISIBLE.csv,91,4001014050750,あさひ,なんで、楽しくないようにするんだろうって,为什么，要把东西变得不有趣呢,283活动剧情,Straylight.run(),INVISIBLE
283活动剧情\Straylight.run()\INVISIBLE.csv,93,4001014050770,あさひ,"……それがアイドルだって言うんなら──
やってらんないなぁって、思うんすよね","……要是说这就是偶像的话──
感觉好像有点，干不下去啊",283活动剧情,Straylight.run(),INVISIBLE
283活动剧情\Straylight.run()\INVISIBLE.csv,96,4001014050800,あさひ,……そうなんすか？,……是这样吗？,283活动剧情,Straylight.run(),INVISIBLE
283活动剧情\Straylight.run()\INVISIBLE.csv,98,4001014050820,あさひ,……ふーん……,……唔……,283活动剧情,Straylight.run(),INVISIBLE
283活动剧情\Straylight.run()\INVISIBLE.csv,99,4001014050830,あさひ,……やっぱ、よくわかんないっすね,……果然，还是不明白啊,283活动剧情,Straylight.run(),INVISIBLE
283活动剧情\Straylight.run()\INVISIBLE.csv,100,4001014050840,あさひ,……,,283活动剧情,Straylight.run(),INVISIBLE
283活动剧情\Straylight.run()\INVISIBLE.csv,103,4001014050870,あさひ,どしたんすか？,怎么了？,283活动剧情,Straylight.run(),INVISIBLE
283活动剧情\Straylight.run()\INVISIBLE.csv,105,4001014050890,あさひ,"海……
っすか……？","海边……
吗……？",283活动剧情,Straylight.run(),INVISIBLE
283活动剧情\Straylight.run()\LIBERTY.csv,3,4001014070010,あさひ,～～♪,～～♪,283活动剧情,Straylight.run(),LIBERTY
283活动剧情\Straylight.run()\LIBERTY.csv,10,4001014070080,あさひ,"なんすかそれ、気になるっす……！
どの辺りが匂うんすか？","怎么了，我很好奇……！
到底是哪里可疑了？",283活动剧情,Straylight.run(),LIBERTY
283活动剧情\Straylight.run()\LIBERTY.csv,19,4001014070170,あさひ,"……そうっすか？
もし本当でも、別にやることは変わらないっす","……是这样吗？
就算是真的，要做的事也不会改变",283活动剧情,Straylight.run(),LIBERTY
283活动剧情\Straylight.run()\LIBERTY.csv,22,4001014070200,あさひ,"だって、すごいパフォーマンスを見れば、
みんなそっちに投票したくなるはずっすもん！","因为，只要看到了厉害的表演
大家应该都会想给她投票的！",283活动剧情,Straylight.run(),LIBERTY
283活动剧情\Straylight.run()\LIBERTY.csv,23,4001014070210,あさひ,なーんにも怖いことなんかないっすよ！,没有什么好怕的！,283活动剧情,Straylight.run(),LIBERTY
283活动剧情\Straylight.run()\LIBERTY.csv,29,4001014070270,あさひ,"愛依ちゃんは大丈夫っすよ！
水着だってすっごく似合ってるっす！","爱依没事的！
这套泳装也非常适合你！",283活动剧情,Straylight.run(),LIBERTY
283活动剧情\Straylight.run()\LIBERTY.csv,38,4001014070350,あさひ,え？,什么？,283活动剧情,Straylight.run(),LIBERTY
283活动剧情\Straylight.run()\LIBERTY.csv,39,4001014070360,あさひ,"62点……？　なんでっすか？
愛依ちゃん、いつも通りだったっすよ？","62分……？为什么？
爱依不是和平常表现的一样吗？",283活动剧情,Straylight.run(),LIBERTY
283活动剧情\Straylight.run()\LIBERTY.csv,41,4001014070380,あさひ,──……,──……,283活动剧情,Straylight.run(),LIBERTY
283活动剧情\Straylight.run()\LIBERTY.csv,46,4001014070430,あさひ,……,……,283活动剧情,Straylight.run(),LIBERTY
283活动剧情\Straylight.run()\LIBERTY.csv,47,4001014070440,あさひ,冬優子ちゃん、愛依ちゃん,冬优子，爱依,283活动剧情,Straylight.run(),LIBERTY
283活动剧情\Straylight.run()\LIBERTY.csv,48,4001014070450,あさひ,"ステージ、見てほしいっす
次の子の点数が出るっすよ","看下舞台
下个人的分数要出来了",283活动剧情,Straylight.run(),LIBERTY
283活动剧情\Straylight.run()\LIBERTY.csv,51,4001014070470,あさひ,わたし、ずっと見てたっすけど,我一直在看着,283活动剧情,Straylight.run(),LIBERTY
283活动剧情\Straylight.run()\LIBERTY.csv,52,4001014070480,あさひ,"愛依ちゃんが62点なら、
あの子も60点台じゃないとおかしいと思ったっす","如果连爱依都是62分的话，
那么那个人应该也是60多分才对",283活动剧情,Straylight.run(),LIBERTY
283活动剧情\Straylight.run()\LIBERTY.csv,53,4001014070490,あさひ,30点も差がつくようなところ、なかったんすけど……,没理由会有30分的差距……,283活动剧情,Straylight.run(),LIBERTY
283活动剧情\Straylight.run()\LIBERTY.csv,55,4001014070510,あさひ,正しく点数がつかないのは、変っすよ,得不到正确的分数，这太奇怪了,283活动剧情,Straylight.run(),LIBERTY
283活动剧情\Straylight.run()\LIBERTY.csv,56,4001014070520,あさひ,なんでなんすかね……,为什么呢……,283活动剧情,Straylight.run(),LIBERTY
283活动剧情\Straylight.run()\LIBERTY.csv,57,4001014070530,あさひ,……,……,283活动剧情,Straylight.run(),LIBERTY
283活动剧情\Straylight.run()\LIBERTY.csv,59,4001014070540,あさひ,……あ,……啊,283活动剧情,Straylight.run(),LIBERTY
283活动剧情\Straylight.run()\LIBERTY.csv,60,4001014070550,あさひ,"違うことしてるから、
わかんなかったのかも……","也许因为做的事不一样
才弄不明白……",283活动剧情,Straylight.run(),LIBERTY
283活动剧情\Straylight.run()\LIBERTY.csv,62,4001014070570,あさひ,うん、そうか、そうだ……,嗯，是吗，对了……,283活动剧情,Straylight.run(),LIBERTY
283活动剧情\Straylight.run()\LIBERTY.csv,63,4001014070580,あさひ,"ふたりとも、わかったっす！
これ、きっとコツがいるんすよ！","两位，我明白了！
这肯定是要讲窍门的！",283活动剧情,Straylight.run(),LIBERTY
283活动剧情\Straylight.run()\LIBERTY.csv,65,4001014070600,あさひ,"わたしの番を見ててほしいっす！
絶対大丈夫な方法見つけたっすから！","希望你们能好好看我的表演！
我找到了绝对没问题的方法！",283活动剧情,Straylight.run(),LIBERTY
283活动剧情\Straylight.run()\LIBERTY.csv,79,4001014070710,あさひ,……,……,283活动剧情,Straylight.run(),LIBERTY
283活动剧情\Straylight.run()\LIBERTY.csv,85,4001014070770,あさひ,……,……,283活动剧情,Straylight.run(),LIBERTY
283活动剧情\Straylight.run()\LIBERTY.csv,86,4001014070780,あさひ,──,……,283活动剧情,Straylight.run(),LIBERTY
283活动剧情\Straylight.run()\LIBERTY.csv,90,4001014070820,あさひ,"……お仕事をちゃんとこなしていれば、
認めてもらえるんじゃないんすか？","……只要做好工作，
不就会被人认可吗？",283活动剧情,Straylight.run(),LIBERTY
283活动剧情\Straylight.run()\LIBERTY.csv,96,4001014070860,あさひ,"？
そのままの自分を好きになってもらうんじゃダメなんすか？","？
就不能让人喜欢真实的自己吗？",283活动剧情,Straylight.run(),LIBERTY
283活动剧情\Straylight.run()\LIBERTY.csv,97,4001014070870,あさひ,"だったら、好きになってもらえるように
無理するんじゃなくて","那么，不要为了让人喜欢
去勉强自己",283活动剧情,Straylight.run(),LIBERTY
283活动剧情\Straylight.run()\LIBERTY.csv,98,4001014070880,あさひ,"無理しなくても好きになってもらえるのが
一番なんじゃないんすか？","而是做到即便不强迫自己也能被人喜爱
这不是最好的吗？",283活动剧情,Straylight.run(),LIBERTY
283活动剧情\Straylight.run()\LIBERTY.csv,109,4001014070940,あさひ,ルールにはダメって書いてなかったっすよ！,规则里可没写这么做不行！,283活动剧情,Straylight.run(),LIBERTY
283活动剧情\Straylight.run()\LIBERTY.csv,112,4001014070950,あさひ,どうやって点数つけてるかわかんなかったからっす！,因为我不明白是怎么打分的！,283活动剧情,Straylight.run(),LIBERTY
283活动剧情\Straylight.run()\LIBERTY.csv,113,4001014070960,あさひ,同じ内容だったら、見ればわかるはずっすもん！,只要内容相同的话，一看就能知道了！,283活动剧情,Straylight.run(),LIBERTY
283活动剧情\Straylight.run()\LIBERTY.csv,114,4001014070970,あさひ,"さっきの子より上手く踊れば、
ちゃんと高い点数が取れると思って──","我觉得只要比刚才的人跳得好，
就能够得到高分",283活动剧情,Straylight.run(),LIBERTY
283活动剧情\Straylight.run()\LIBERTY.csv,123,4001014071050,あさひ,……なんで,……为什么,283活动剧情,Straylight.run(),LIBERTY
283活动剧情\Straylight.run()\LIBERTY.csv,124,4001014071060,あさひ,"なんで……
冬優子ちゃんが泣くっすか……？","为什么……
冬优子要哭呢……？",283活动剧情,Straylight.run(),LIBERTY
283活动剧情\Straylight.run()\LIBERTY.csv,132,4001014071140,あさひ,！,！,283活动剧情,Straylight.run(),LIBERTY
283活动剧情\Straylight.run()\LIBERTY.csv,136,4001014071180,あさひ,……,……,283活动剧情,Straylight.run(),LIBERTY
283活动剧情\Straylight.run()\SING IT！！.csv,15,4001014040090,あさひ,……,……,283活动剧情,Straylight.run(),SING IT！！
283活动剧情\Straylight.run()\SING IT！！.csv,43,4001014040350,あさひ,よっ……ほっ……っと,唷……哦……,283活动剧情,Straylight.run(),SING IT！！
283活动剧情\Straylight.run()\SING IT！！.csv,57,4001014040440,あさひ,──あっ、みんながいるっす！,──啊，大家都在啊！,283活动剧情,Straylight.run(),SING IT！！
283活动剧情\Straylight.run()\SING IT！！.csv,59,4001014040450,あさひ,"あそこにいる黒髪の可愛いお姉さんが冬優子ちゃんで、
綺麗な髪のお姉さんが愛依ちゃんっす！","在那边可爱的黑发小姐姐是冬优子，
头发很漂亮的小姐姐是爱依哦！",283活动剧情,Straylight.run(),SING IT！！
283活动剧情\Straylight.run()\SING IT！！.csv,60,4001014040460,あさひ,"冬優子ちゃーんっ
愛依ちゃーん！　見えてるっすか～！？","冬优子
爱依！　看到我了吗～！？",283活动剧情,Straylight.run(),SING IT！！
283活动剧情\Straylight.run()\SING IT！！.csv,63,4001014040490,あさひ,"冬優子ちゃんと愛依ちゃんと一緒に、
後でステージやるっすよ！","等一会会和冬优子还有爱依一起
登上舞台哦！",283活动剧情,Straylight.run(),SING IT！！
283活动剧情\Straylight.run()\SING IT！！.csv,64,4001014040500,あさひ,"今よりもっとすごいダンスも、歌も、
いっぱい用意してるっす！",我准备了很多比刚才还厉害的舞蹈还有歌曲哦！,283活动剧情,Straylight.run(),SING IT！！
283活动剧情\Straylight.run()\SING IT！！.csv,65,4001014040510,あさひ,見にきてほしいっすー！,希望大家来看看！,283活动剧情,Straylight.run(),SING IT！！
283活动剧情\Straylight.run()\SING IT！！.csv,67,4001014040520,あさひ,"えぇ……
なんで怒ってるっすか……？","诶……
为什么要生气啊……？",283活动剧情,Straylight.run(),SING IT！！
283活动剧情\Straylight.run()\SING IT！！.csv,70,4001014040530,あさひ,"やっぱりそうっすよね！
よかったっす！","果然是这样啊！
太好了！",283活动剧情,Straylight.run(),SING IT！！
283活动剧情\Straylight.run()\SING IT！！.csv,72,4001014040540,あさひ,"そんなの全然いいっすよ！
わたし、楽しかったし！","完全不用在意啦！
我也挺开心的！",283活动剧情,Straylight.run(),SING IT！！
283活动剧情\Straylight.run()\SING IT！！.csv,74,4001014040550,あさひ,う……,呜……,283活动剧情,Straylight.run(),SING IT！！
283活动剧情\Straylight.run()\SING IT！！.csv,79,4001014040560,あさひ,……,……,283活动剧情,Straylight.run(),SING IT！！
283活动剧情\Straylight.run()\SING IT！！.csv,80,4001014040570,あさひ,"──わかったっす！
次はプロデューサーさんに言ってからやればいいんすよね！","我知道了！
下次只要跟制作人您说了再这么干就行了对吧！",283活动剧情,Straylight.run(),SING IT！！
283活动剧情\Straylight.run()\SING IT！！.csv,82,4001014040580,あさひ,"プロデューサーさんがいるところだったら安心っす！
心置きなくやれるっすよ～！","有制作人您在就放心啦！
我可以放手一搏啦～！",283活动剧情,Straylight.run(),SING IT！！
283活动剧情\Straylight.run()\SING IT！！.csv,91,4001014040660,あさひ,──始めるっすよ,──要开始了哦,283活动剧情,Straylight.run(),SING IT！！
283活动剧情\Straylight.run()\SING IT！！.csv,94,4001014040690,あさひ,──歓迎してくれて、ありがとっす,──谢谢大家的欢迎,283活动剧情,Straylight.run(),SING IT！！
283活动剧情\Straylight.run()\SING IT！！.csv,95,4001014040700,あさひ,"……でも、ねぇみんな、
これじゃまだまだだなって思いません？","……但是啊，大家，
还觉得这远远不够吧？",283活动剧情,Straylight.run(),SING IT！！
283活动剧情\Straylight.run()\SING IT！！.csv,96,4001014040710,あさひ,"わたしは、今日来てくれたみんなのこと、
後悔させないっすよ",我绝对不会让大家后悔来到这里的,283活动剧情,Straylight.run(),SING IT！！
283活动剧情\Straylight.run()\SING IT！！.csv,97,4001014040720,あさひ,──……みんながついてこられたら、なんすけど,──……前提是，大家能跟上我们的步伐的话,283活动剧情,Straylight.run(),SING IT！！
283活动剧情\Straylight.run()\SING IT！！.csv,100,4001014040730,あさひ,……,……,283活动剧情,Straylight.run(),SING IT！！
283活动剧情\Straylight.run()\WE WILL.csv,3,4001014080011,あさひ＆愛依,……,,283活动剧情,Straylight.run(),WE WILL
283活动剧情\Straylight.run()\WE WILL.csv,4,4001014080020,あさひ,でも、一番点数が高かったのは冬優子ちゃんっす,但是，得分最高的是冬优子啊,283活动剧情,Straylight.run(),WE WILL
283活动剧情\Straylight.run()\WE WILL.csv,13,4001014080110,あさひ,……,……,283活动剧情,Straylight.run(),WE WILL
283活动剧情\Straylight.run()\WE WILL.csv,14,4001014080120,あさひ,……冬優子ちゃんの言う通りだったっす,冬优子说的没错,283活动剧情,Straylight.run(),WE WILL
283活动剧情\Straylight.run()\WE WILL.csv,16,4001014080140,あさひ,……,……,283活动剧情,Straylight.run(),WE WILL
283活动剧情\Straylight.run()\WE WILL.csv,17,4001014080141,あさひ,"アイドルらしくしなきゃ！　って
パフォーマンス以外のことにもいっぱい気を付けたりとか","要有偶像的样子！
就是除了表演也要多关注其他的事",283活动剧情,Straylight.run(),WE WILL
283活动剧情\Straylight.run()\WE WILL.csv,18,4001014080142,あさひ,"そういうのが邪魔なんじゃないかなって思うんすけど……
冬優子ちゃんはそれも必要って言うし","我觉得这不是很碍事吗……
但冬优子又说这是必要的",283活动剧情,Straylight.run(),WE WILL
283活动剧情\Straylight.run()\WE WILL.csv,19,4001014080143,あさひ,なんで、楽しくないようにするんだろうって,就觉得为什么偏要让自己不快呢,283活动剧情,Straylight.run(),WE WILL
283活动剧情\Straylight.run()\WE WILL.csv,20,4001014080150,あさひ,"すごいパフォーマンスをするだけじゃダメだった
それだけじゃ認めてもらえないって、今日、わかったっす","今天，我明白了仅仅表现的出色是不行的
仅靠这点是不会被认同的",283活动剧情,Straylight.run(),WE WILL
283活动剧情\Straylight.run()\WE WILL.csv,21,4001014080160,あさひ,"……すごくても、見てもらえなきゃ意味がない
見てもらうためには努力がいる……","……就算再厉害，没人看就没意义
而要让人看到还需要努力……",283活动剧情,Straylight.run(),WE WILL
283活动剧情\Straylight.run()\WE WILL.csv,22,4001014080170,あさひ,"わたしは、そんなの必要ないって思ってたっすけど──
そうじゃなかった","我原以为没这个必要
其实不是",283活动剧情,Straylight.run(),WE WILL
283活动剧情\Straylight.run()\WE WILL.csv,23,4001014080171,あさひ,"……それがアイドルだって言うんなら──
やってらんないなぁって、思うんすよね","……如果说这就是偶像的话
我就会想，这哪干的下去啊",283活动剧情,Straylight.run(),WE WILL
283活动剧情\Straylight.run()\WE WILL.csv,24,4001014080180,あさひ,だから、冬優子ちゃんが正しかったっす,所以，冬优子是对的,283活动剧情,Straylight.run(),WE WILL
283活动剧情\Straylight.run()\WE WILL.csv,26,4001014080200,あさひ,"自分が納得できないからって、
違うってばっかり言っちゃったっす","就因为自己接受不了，
就一味地否定掉你的观点",283活动剧情,Straylight.run(),WE WILL
283活动剧情\Straylight.run()\WE WILL.csv,27,4001014080210,あさひ,ごめんなさい、冬優子ちゃん,对不起，冬优子,283活动剧情,Straylight.run(),WE WILL
283活动剧情\Straylight.run()\WE WILL.csv,31,4001014080250,あさひ,冬優子ちゃん？,冬优子？,283活动剧情,Straylight.run(),WE WILL
283活动剧情\Straylight.run()\WE WILL.csv,33,4001014080270,あさひ,？,？,283活动剧情,Straylight.run(),WE WILL
283活动剧情\Straylight.run()\WE WILL.csv,35,4001014080290,あさひ,えっ,诶,283活动剧情,Straylight.run(),WE WILL
283活动剧情\Straylight.run()\WE WILL.csv,36,4001014080300,あさひ,"冬優子ちゃん話聞いてたっすか？
わたし、冬優子ちゃんが──","冬优子你有听我说的话吗？
我觉得冬优子──",283活动剧情,Straylight.run(),WE WILL
283活动剧情\Straylight.run()\WE WILL.csv,41,4001014080350,あさひ,……冬優子ちゃんが、そう思ってるんすか？,……冬优子，你是这么想的吗？,283活动剧情,Straylight.run(),WE WILL
283活动剧情\Straylight.run()\WE WILL.csv,43,4001014080370,あさひ,見えないっすね,不像呢,283活动剧情,Straylight.run(),WE WILL
283活动剧情\Straylight.run()\WE WILL.csv,51,4001014080450,あさひ,……,……,283活动剧情,Straylight.run(),WE WILL
283活动剧情\Straylight.run()\WE WILL.csv,52,4001014080460,あさひ,"あははっ
──はいっす！　了解っす！","啊哈哈
──好吧！我明白了！",283活动剧情,Straylight.run(),WE WILL
283活动剧情\Straylight.run()\WE WILL.csv,54,4001014080480,あさひ,ありゃ、そうなんすね,哎呀，是这样啊,283活动剧情,Straylight.run(),WE WILL
283活动剧情\Straylight.run()\WE WILL.csv,55,4001014080490,あさひ,……でも、わたしは今の冬優子ちゃん、好きっすよ,……但是，现在的冬优子，我很喜欢哦,283活动剧情,Straylight.run(),WE WILL
283活动剧情\Straylight.run()\WE WILL.csv,58,4001014080520,あさひ,"あー、それよく言われるっす！
なんでなんすかね？","啊，经常听人这么说！
这是为什么呢？",283活动剧情,Straylight.run(),WE WILL
283活动剧情\Straylight.run()\WE WILL.csv,78,4001014080720,あさひ,冬優子ちゃんっす！,冬优子！,283活动剧情,Straylight.run(),WE WILL
283活动剧情\Straylight.run()\WE WILL.csv,87,4001014080770,あさひ,ありゃ,哎呀,283活动剧情,Straylight.run(),WE WILL
283活动剧情\Straylight.run()\WE WILL.csv,88,4001014080780,あさひ,"冬優子ちゃんが満足してないってことは
満足するまでわたしたちも巻き込まれるやつっすね、これ","冬优子觉得不满意
是意味着直到满意为止都要连累我们呢",283活动剧情,Straylight.run(),WE WILL
283活动剧情\Straylight.run()\WE WILL.csv,91,4001014080810,あさひ,"わー！
暴れるのはよくないっすよ冬優子ちゃん！","哇！
不要乱来啊冬优子！",283活动剧情,Straylight.run(),WE WILL
283活动剧情\Straylight.run()\WE WILL.csv,92,4001014080820,あさひ,ここ車っす！,这是在车上！,283活动剧情,Straylight.run(),WE WILL
283活动剧情\The Straylight\序章-ON YOUR MARK.csv,25,4001033010100,あさひ,ん……？,嗯……？,283活动剧情,The Straylight,序章-ON YOUR MARK
283活动剧情\The Straylight\序章-ON YOUR MARK.csv,27,4001033010110,あさひ,あれ見てたっす,我在看那个,283活动剧情,The Straylight,序章-ON YOUR MARK
283活动剧情\The Straylight\序章-ON YOUR MARK.csv,31,4001033010120,あさひ,……？　あー……,……？啊……,283活动剧情,The Straylight,序章-ON YOUR MARK
283活动剧情\The Straylight\序章-ON YOUR MARK.csv,33,4001033010130,あさひ,これ、あの時と同じCMっすか？,这个，和那时的广告是同一个吗？,283活动剧情,The Straylight,序章-ON YOUR MARK
283活动剧情\The Straylight\序章-ON YOUR MARK.csv,35,4001033010140,あさひ,ふーん……,哦……,283活动剧情,The Straylight,序章-ON YOUR MARK
283活动剧情\The Straylight\序章-ON YOUR MARK.csv,36,4001033010150,あさひ,こんなのだっけ,它原本是这样的吗,283活动剧情,The Straylight,序章-ON YOUR MARK
283活动剧情\The Straylight\序章-ON YOUR MARK.csv,64,4001033010330,あさひ,楽しみっす～,真期待～,283活动剧情,The Straylight,序章-ON YOUR MARK
283活动剧情\The Straylight\序章-ON YOUR MARK.csv,66,4001033010350,あさひ,わたしは負けない,我不会输,283活动剧情,The Straylight,序章-ON YOUR MARK
283活动剧情\The Straylight\序章-ON YOUR MARK.csv,67,4001033010360,あさひ,わたしたちは、誰にも負けない,我们不会输给任何人,283活动剧情,The Straylight,序章-ON YOUR MARK
283活动剧情\The Straylight\第1话-ELSE IF.csv,16,4001033020090,あさひ,"あ、さっきの振りって
最後、右手が──","啊，刚才的舞蹈动作
最后，右手──",283活动剧情,The Straylight,第1话-ELSE IF
283活动剧情\The Straylight\第1话-ELSE IF.csv,27,4001033020160,あさひ,１、２、３……４……うーん……,１、２、３……４……嗯……,283活动剧情,The Straylight,第1话-ELSE IF
283活动剧情\The Straylight\第1话-ELSE IF.csv,29,4001033020180,あさひ,んー……,嗯……,283活动剧情,The Straylight,第1话-ELSE IF
283活动剧情\The Straylight\第1话-ELSE IF.csv,31,4001033020200,あさひ,"右手、こうで……
最後踏み込んで……顔、バッ……","右手，是这样……
最后踏下去……脸，ba……",283活动剧情,The Straylight,第1话-ELSE IF
283活动剧情\The Straylight\第1话-ELSE IF.csv,57,4001033020410,あさひ,"冬優子ちゃん
この後、さっきの人たちの本番もあるっすか？","冬优子
这之后，是不是也有刚才那些人们的表演？",283活动剧情,The Straylight,第1话-ELSE IF
283活动剧情\The Straylight\第1话-ELSE IF.csv,58,4001033020420,あさひ,見たいっすよ,我好想看,283活动剧情,The Straylight,第1话-ELSE IF
283活动剧情\The Straylight\第1话-ELSE IF.csv,64,4001033020470,あさひ,"…………
右手が…………","…………
右手…………",283活动剧情,The Straylight,第1话-ELSE IF
283活动剧情\The Straylight\第1话-ELSE IF.csv,65,4001033020480,あさひ,もっと……ぴんってなってて……,伸得要……更加直,283活动剧情,The Straylight,第1话-ELSE IF
283活动剧情\The Straylight\第1话-ELSE IF.csv,66,4001033020490,あさひ,顔、上げる…………,脸，向上抬…………,283活动剧情,The Straylight,第1话-ELSE IF
283活动剧情\The Straylight\第1话-ELSE IF.csv,93,4001033020610,あさひ,"いいっすよ
行ける時なら","可以啊
如果有空去的话",283活动剧情,The Straylight,第1话-ELSE IF
283活动剧情\The Straylight\第1话-ELSE IF.csv,95,4001033020630,あさひ,"ミュージカル、やるっすよ
オーディションに行くっす！","我要演音乐剧
要去参加试镜！",283活动剧情,The Straylight,第1话-ELSE IF
283活动剧情\The Straylight\第1话-ELSE IF.csv,98,4001033020660,あさひ,？,,283活动剧情,The Straylight,第1话-ELSE IF
283活动剧情\The Straylight\第1话-ELSE IF.csv,100,4001033020680,あさひ,"……？
プロデューサーさんに聞けってことっすか？","……？
是要我问下制作人吗？",283活动剧情,The Straylight,第1话-ELSE IF
283活动剧情\The Straylight\第1话-ELSE IF.csv,102,4001033020700,あさひ,"わかったっす
じゃ！","明白了
那我去了！",283活动剧情,The Straylight,第1话-ELSE IF
283活动剧情\The Straylight\第1话-ELSE IF.csv,104,4001033020720,あさひ,あ……,啊……,283活动剧情,The Straylight,第1话-ELSE IF
283活动剧情\The Straylight\第1话-ELSE IF.csv,105,4001033020730,あさひ,"冬優子ちゃん、愛依ちゃん
お先に失礼するっす","冬优子，爱依
我先告辞了",283活动剧情,The Straylight,第1话-ELSE IF
283活动剧情\The Straylight\第2话-TYPE ERROR.csv,20,4001033030130,あさひ,わっせ、わっせ──！,嘿咻、嘿咻──！,283活动剧情,The Straylight,第2话-TYPE ERROR
283活动剧情\The Straylight\第2话-TYPE ERROR.csv,32,4001033030220,あさひ,はっ……は──！,哈……哈──！,283活动剧情,The Straylight,第2话-TYPE ERROR
283活动剧情\The Straylight\第2话-TYPE ERROR.csv,68,0000000000000,あさひ＆愛依,…………,,283活动剧情,The Straylight,第2话-TYPE ERROR
283活动剧情\The Straylight\第3话-VERY FUNNY.csv,12,4001033040010,あさひ,"おはよーっす！
結果、どうだったっすか！","早上好！
结果怎么样了！",283活动剧情,The Straylight,第3话-VERY FUNNY
283活动剧情\The Straylight\第3话-VERY FUNNY.csv,17,4001033040030,あさひ,面白いやつっすか？,有意思吗？,283活动剧情,The Straylight,第3话-VERY FUNNY
283活动剧情\The Straylight\第3话-VERY FUNNY.csv,19,4001033040050,あさひ,ないっす,没有,283活动剧情,The Straylight,第3话-VERY FUNNY
283活动剧情\The Straylight\第3话-VERY FUNNY.csv,23,4001033040070,あさひ,……？,,283活动剧情,The Straylight,第3话-VERY FUNNY
283活动剧情\The Straylight\第3话-VERY FUNNY.csv,36,4001033040160,あさひ,誰っすか、これ,这是谁啊,283活动剧情,The Straylight,第3话-VERY FUNNY
283活动剧情\The Straylight\第3话-VERY FUNNY.csv,39,4001033040190,あさひ,え？　言ってないっす,诶？没有说啊,283活动剧情,The Straylight,第3话-VERY FUNNY
283活动剧情\The Straylight\第3话-VERY FUNNY.csv,47,4001033040250,あさひ,ものまねってこういうことっすか……,模仿秀是这么一回事啊……,283活动剧情,The Straylight,第3话-VERY FUNNY
283活动剧情\The Straylight\第3话-VERY FUNNY.csv,53,4001033040290,あさひ,"……応援、ありがと
届いてる、よ……","……多谢、支持
我听到、了……",283活动剧情,The Straylight,第3话-VERY FUNNY
283活动剧情\The Straylight\第3话-VERY FUNNY.csv,55,4001033040310,あさひ,"みんなのために……
歌う、から……見ていて……","我会为了大家……
唱歌、的……看好了……",283活动剧情,The Straylight,第3话-VERY FUNNY
283活动剧情\The Straylight\第3话-VERY FUNNY.csv,57,4001033040330,あさひ,"お会いできた幸せを込めて──
精いっぱい歌いま～す♡","冬优会带着能与大家相见的幸福──
尽全力歌唱的～♡",283活动剧情,The Straylight,第3话-VERY FUNNY
283活动剧情\The Straylight\第3话-VERY FUNNY.csv,59,4001033040350,あさひ,"みんなみんな、
ふゆのトリコにしちゃうから～♡","要把所有人，
都变成冬优的俘虏～♡",283活动剧情,The Straylight,第3话-VERY FUNNY
283活动剧情\The Straylight\第3话-VERY FUNNY.csv,65,4001033040391,あさひ＆愛依,面白かった！,很有趣！,283活动剧情,The Straylight,第3话-VERY FUNNY
283活动剧情\The Straylight\第3话-VERY FUNNY.csv,70,4001033040421,あさひ＆冬優子,──！,,283活动剧情,The Straylight,第3话-VERY FUNNY
283活动剧情\The Straylight\第3话-VERY FUNNY.csv,75,4001033040440,あさひ,"えっ、また会えるっすか！
やった～～！　楽しみっす～！","什么，又能见面了吗！
太好了～～！真期待～！",283活动剧情,The Straylight,第3话-VERY FUNNY
283活动剧情\The Straylight\第4话-PERFECT！.csv,5,4001033050020,あさひ,"あの人たち、
ストレイライトカッコニセっていうんすか？","那几个人，
是叫Straylightkuohaowei吗？",283活动剧情,The Straylight,第4话-PERFECT！
283活动剧情\The Straylight\第4话-PERFECT！.csv,8,4001033050041,あさひ＆愛依,は～い,好～,283活动剧情,The Straylight,第4话-PERFECT！
283活动剧情\The Straylight\第4话-PERFECT！.csv,25,4001033050180,あさひ,ストレイライトの芹沢あさひっすー！,我是Straylight的芹泽朝日！,283活动剧情,The Straylight,第4话-PERFECT！
283活动剧情\The Straylight\第4话-PERFECT！.csv,34,4001033050240,あさひ,愛依ちゃん、水っす！,爱依，水！,283活动剧情,The Straylight,第4话-PERFECT！
283活动剧情\The Straylight\第4话-PERFECT！.csv,36,4001033050260,あさひ,？　愛依ちゃん、本番前は水飲むっすよね？,？爱依，你上台前要喝水的吧？,283活动剧情,The Straylight,第4话-PERFECT！
283活动剧情\The Straylight\第4话-PERFECT！.csv,37,4001033050270,あさひ,持ってきたっす！,就拿来了！,283活动剧情,The Straylight,第4话-PERFECT！
283活动剧情\The Straylight\第4话-PERFECT！.csv,39,4001033050290,あさひ,……？　はいっす,……？是的,283活动剧情,The Straylight,第4话-PERFECT！
283活动剧情\The Straylight\第4话-PERFECT！.csv,40,4001033050300,あさひ,早く！　愛依ちゃんがオッケーになったら行くっすよ！,快点！你OK了就要走了！,283活动剧情,The Straylight,第4话-PERFECT！
283活动剧情\The Straylight\第4话-PERFECT！.csv,58,4001033050410,あさひ,おお～,哇哦～,283活动剧情,The Straylight,第4话-PERFECT！
283活动剧情\The Straylight\第4话-PERFECT！.csv,60,4001033050430,あさひ,"ストレイライトカッコカリの人
ダンス、アレンジしてるっすよ","Straylightkuohaojia的人
把舞蹈改编了呢",283活动剧情,The Straylight,第4话-PERFECT！
283活动剧情\The Straylight\第4话-PERFECT！.csv,61,4001033050440,あさひ,……！　ほら……！,……！看……！,283活动剧情,The Straylight,第4话-PERFECT！
283活动剧情\The Straylight\第4话-PERFECT！.csv,63,4001033050460,あさひ,"あー
振りは変えないっすけど","啊
动作是不会改的",283活动剧情,The Straylight,第4话-PERFECT！
283活动剧情\The Straylight\第4话-PERFECT！.csv,64,4001033050470,あさひ,……もっと……ぴんって──,……要伸得……更直──,283活动剧情,The Straylight,第4话-PERFECT！
283活动剧情\The Straylight\第4话-PERFECT！.csv,71,4001033050490,あさひ,"まだ踊りたいっすー！
ふう、ふうー！","我还想跳！
呼呼──！",283活动剧情,The Straylight,第4话-PERFECT！
283活动剧情\The Straylight\第6话-GET SET.csv,14,4001033070020,あさひ,ん……？,嗯……？,283活动剧情,The Straylight,第6话-GET SET
283活动剧情\The Straylight\第6话-GET SET.csv,16,4001033070040,あさひ,"あー
まあまあっす","哦
还可以吧",283活动剧情,The Straylight,第6话-GET SET
283活动剧情\The Straylight\第6话-GET SET.csv,21,4001033070060,あさひ,どこかだめだったっすか？,是哪里不行吗？,283活动剧情,The Straylight,第6话-GET SET
283活动剧情\The Straylight\第6话-GET SET.csv,25,4001033070070,あさひ,"……
よくわからないっす","……
我不太懂",283活动剧情,The Straylight,第6话-GET SET
283活动剧情\The Straylight\第6话-GET SET.csv,27,4001033070080,あさひ,…………,,283活动剧情,The Straylight,第6话-GET SET
283活动剧情\The Straylight\第6话-GET SET.csv,29,4001033070100,あさひ,んー,嗯,283活动剧情,The Straylight,第6话-GET SET
283活动剧情\The Straylight\第6话-GET SET.csv,31,4001033070120,あさひ,わかったっす,明白了,283活动剧情,The Straylight,第6话-GET SET
283活动剧情\The Straylight\第6话-GET SET.csv,36,4001033070160,あさひ,ふーん,哦,283活动剧情,The Straylight,第6话-GET SET
283活动剧情\The Straylight\第6话-GET SET.csv,57,4001033070251,あさひ＆冬優子,おはようございます！,早上好！,283活动剧情,The Straylight,第6话-GET SET
283活动剧情\The Straylight\第6话-GET SET.csv,70,4001033070310,あさひ,……？,,283活动剧情,The Straylight,第6话-GET SET
283活动剧情\The Straylight\第6话-GET SET.csv,71,4001033070320,あさひ,なんか気になるっすか？,有什么在意的事吗？,283活动剧情,The Straylight,第6话-GET SET
283活动剧情\The Straylight\第6话-GET SET.csv,81,4001033070420,あさひ,？　困らないっす,？不会困扰,283活动剧情,The Straylight,第6话-GET SET
283活动剧情\The Straylight\第6话-GET SET.csv,96,4001033070520,あさひ,これ……これ……すごいっす！,这个……这个……好厉害！,283活动剧情,The Straylight,第6话-GET SET
283活动剧情\The Straylight\第6话-GET SET.csv,97,4001033070530,あさひ,完璧っすよ……！,完美……！,283活动剧情,The Straylight,第6话-GET SET
283活动剧情\The Straylight\第6话-GET SET.csv,104,4001033070560,あさひ,"あっ、プロデューサーさん！
もう一回見たいっす！","啊，制作人！
我还想再看一遍！",283活动剧情,The Straylight,第6话-GET SET
283活动剧情\The Straylight\第6话-GET SET.csv,106,4001033070570,あさひ,"行っちゃった……
もっと見たかったっすね！","走掉了……
真想再看一遍呢！",283活动剧情,The Straylight,第6话-GET SET
283活动剧情\The Straylight\第6话-GET SET.csv,115,4001033070660,あさひ,え？　CGにっすか？,诶？变成CG吗？,283活动剧情,The Straylight,第6话-GET SET
283活动剧情\The Straylight\第6话-GET SET.csv,116,4001033070670,あさひ,なれるんだったらすごいっす～！！,要是能变得了就厉害了～！！,283活动剧情,The Straylight,第6话-GET SET
283活动剧情\The Straylight\第6话-GET SET.csv,117,4001033070680,あさひ,あ、でも──,啊，但是──,283活动剧情,The Straylight,第6话-GET SET
283活动剧情\The Straylight\第6话-GET SET.csv,121,4001033070690,あさひ,"ストレイライトのステージは、
わたしでいいって！","制作人说在Straylight的舞台上，
我只要做我自己就行了！",283活动剧情,The Straylight,第6话-GET SET
283活动剧情\The Straylight\第6话-GET SET.csv,131,4001033070770,あさひ,わたしは負けない,我不会输,283活动剧情,The Straylight,第6话-GET SET
283活动剧情\The Straylight\终章-GO.csv,2,4001033080010,あさひ,……どうだったー！？,……怎么样！？,283活动剧情,The Straylight,终章-GO
283活动剧情\The Straylight\终章-GO.csv,16,4001033080060,あさひ,なにそれ,什么啊,283活动剧情,The Straylight,终章-GO
283活动剧情\The Straylight\终章-GO.csv,18,4001033080070,あさひ,サムライ……！,武士……！,283活动剧情,The Straylight,终章-GO
283活动剧情\The Straylight\终章-GO.csv,19,4001033080080,あさひ,"出てこい、伝説の刀～！
……シャキーン！！","出来吧，传说之刀～！
……シャキーン！！",283活动剧情,The Straylight,终章-GO
283活动剧情\The Straylight\终章-GO.csv,34,4001033080160,あさひ,ばいばーい！,BYEBYE!,283活动剧情,The Straylight,终章-GO
283活动剧情\The Straylight\终章-GO.csv,40,4001033080170,あさひ,頭から離れてくれないんっすよ！,它就是不肯离开我的脑袋！,283活动剧情,The Straylight,终章-GO
283活动剧情\The Straylight\终章-GO.csv,41,4001033080180,あさひ,あの輝きとかドキドキが……,那光辉和心跳……,283活动剧情,The Straylight,终章-GO
283活动剧情\The Straylight\终章-GO.csv,42,4001033080190,あさひ,"絶対ああなりたいって、
わたしもなんでかわかんないっすけど","绝对要成为那样，
虽然我也不知道是为什么",283活动剧情,The Straylight,终章-GO
283活动剧情\The Straylight\终章-GO.csv,43,4001033080200,あさひ,"とにかくあの気持ちを確かめないと
納得いかないっす！","总之不弄清那份心情
我不能接受！",283活动剧情,The Straylight,终章-GO
283活动剧情\The Straylight\终章-GO.csv,57,4001033080300,あさひ,あっ、来た！,啊，来了！,283活动剧情,The Straylight,终章-GO
283活动剧情\The Straylight\终章-GO.csv,58,4001033080310,あさひ,"おーい！　こっちっすー！
プロデューサーさーん！","喂！在这里！
制作人！",283活动剧情,The Straylight,终章-GO
283活动剧情\The Straylight\终章-GO.csv,61,4001033080320,あさひ,"そんなことより！
ちょっとダンス見てほしいっす！","别管那个了！
我想让你来看一下舞蹈！",283活动剧情,The Straylight,终章-GO
283活动剧情\The Straylight\终章-GO.csv,63,4001033080330,あさひ,"そうっす！
冬優子ちゃんも早く！","是的！
冬优子你也快点！",283活动剧情,The Straylight,终章-GO
283活动剧情\The Straylight\终章-GO.csv,65,4001033080350,あさひ,"えー
やるっすよー……！","诶
来嘛……！",283活动剧情,The Straylight,终章-GO
283活动剧情\The Straylight\终章-GO.csv,67,4001033080370,あさひ,え～～,诶～～,283活动剧情,The Straylight,终章-GO
283活动剧情\The Straylight\终章-GO.csv,70,4001033080380,あさひ,今、踊りたかったっす～,我就想现在跳～,283活动剧情,The Straylight,终章-GO
283活动剧情\VS．\序章-HAZE.csv,25,4001057010130,あさひ,はいっす～,是的说～,283活动剧情,VS．,序章-HAZE
283活动剧情\VS．\序章-HAZE.csv,32,4001057010170,あさひ,確かにキレがあったっすね！,动作确实非常干净利落呢！,283活动剧情,VS．,序章-HAZE
283活动剧情\VS．\序章-HAZE.csv,38,4001057010230,あさひ,わたしはジュースほしいっす！,我想喝果汁的说！,283活动剧情,VS．,序章-HAZE
283活动剧情\VS．\序章-HAZE.csv,61,4001057010360,あさひ,"愛依ちゃん！
ジュース、買ってきてくれたっすか？","爱依！
我的果汁呢？",283活动剧情,VS．,序章-HAZE
283活动剧情\VS．\序章-HAZE.csv,63,4001057010380,あさひ,ありがとっす！,谢谢的说！,283活动剧情,VS．,序章-HAZE
283活动剧情\VS．\序章-HAZE.csv,64,4001057010390,あさひ,……,……,283活动剧情,VS．,序章-HAZE
283活动剧情\VS．\序章-HAZE.csv,65,4001057010400,あさひ,"……
美味しいっす～！","……
真好喝的说～！",283活动剧情,VS．,序章-HAZE
283活动剧情\VS．\序章-HAZE.csv,68,4001057010420,あさひ,"？
愛依ちゃん飲まないんすか？","？
爱依不喝吗？",283活动剧情,VS．,序章-HAZE
283活动剧情\VS．\序章-HAZE.csv,71,4001057010450,あさひ,はいっす～！,是的说～！,283活动剧情,VS．,序章-HAZE
283活动剧情\VS．\序章-HAZE.csv,73,4001057010461,あさひ＆冬優子,？,？,283活动剧情,VS．,序章-HAZE
283活动剧情\VS．\序章-HAZE.csv,76,4001057010490,あさひ,えー、気になるっすよ～！,诶——，话说一半我好在意的说～！,283活动剧情,VS．,序章-HAZE
283活动剧情\VS．\序章-HAZE.csv,83,4001057010550,あさひ,あっ、食べたいっす！,啊，让我试试的说！,283活动剧情,VS．,序章-HAZE
283活动剧情\VS．\第1话-CLUE.csv,2,4001057020010,あさひ,冬優子ちゃん冬優子ちゃん,冬优子冬优子,283活动剧情,VS．,第1话-CLUE
283活动剧情\VS．\第1话-CLUE.csv,4,4001057020030,あさひ,"なんかお菓子で忘れてたっすけど
愛依ちゃん何言いたかったんすかね～","虽然刚才用点心糊弄过去了
爱依刚才到底想说什么呢～",283活动剧情,VS．,第1话-CLUE
283活动剧情\VS．\第1话-CLUE.csv,7,4001057020060,あさひ,すごく気になるっす～！,我好在意的说～！,283活动剧情,VS．,第1话-CLUE
283活动剧情\VS．\第1话-CLUE.csv,9,4001057020080,あさひ,……そっすけど,……虽说是那样的说,283活动剧情,VS．,第1话-CLUE
283活动剧情\VS．\第1话-CLUE.csv,11,4001057020100,あさひ,そうなんすかね～？,是那样吗～？,283活动剧情,VS．,第1话-CLUE
283活动剧情\VS．\第2话-DEMAND.csv,65,4001057030310,あさひ,出るっす！,参加的说！,283活动剧情,VS．,第2话-DEMAND
283活动剧情\VS．\第2话-DEMAND.csv,67,4001057030320,あさひ,"はいっす！
冬優子ちゃんと愛依ちゃんと戦うの楽しみっす！","是的说！
我很期待和冬优子还有爱依的对决的说！",283活动剧情,VS．,第2话-DEMAND
283活动剧情\VS．\第2话-DEMAND.csv,68,4001057030330,あさひ,"プロデューサーさん、それって
いつっすか？　どこっすか？","制作人，那么，
什么时候开始？在哪里？",283活动剧情,VS．,第2话-DEMAND
283活动剧情\VS．\第2话-DEMAND.csv,69,4001057030340,あさひ,どんなことやったらいっすか？,要做什么来对决呢？,283活动剧情,VS．,第2话-DEMAND
283活动剧情\VS．\第2话-DEMAND.csv,71,4001057030350,あさひ,ふたりとも絶対出るって言うっすよ！,她们两个也绝对会参加的说！,283活动剧情,VS．,第2话-DEMAND
283活动剧情\VS．\第3话-REALIZATION.csv,7,4001057040050,あさひ,"愛依ちゃん！
おはよっす～！","爱依！
早上好的说～！",283活动剧情,VS．,第3话-REALIZATION
283活动剧情\VS．\第3话-REALIZATION.csv,10,4001057040080,あさひ,"ありがとっす！
今食べていっすか？","谢谢的说！
我现在可以吃吗？",283活动剧情,VS．,第3话-REALIZATION
283活动剧情\VS．\第3话-REALIZATION.csv,12,4001057040100,あさひ,まだ時間あるし平気っす！,还有时间，没问题的说！,283活动剧情,VS．,第3话-REALIZATION
283活动剧情\VS．\第3话-REALIZATION.csv,13,4001057040110,あさひ,愛依ちゃんも一緒に食べないっすか？,爱依也一起吃吗？,283活动剧情,VS．,第3话-REALIZATION
283活动剧情\VS．\第3话-REALIZATION.csv,15,4001057040130,あさひ,"いっすよ～
いっぱいあるっすから","可以哦～
毕竟有这么多呢",283活动剧情,VS．,第3话-REALIZATION
283活动剧情\VS．\第3话-REALIZATION.csv,16,4001057040140,あさひ,"……
美味しいっす～","……
真好吃的说～",283活动剧情,VS．,第3话-REALIZATION
283活动剧情\VS．\第3话-REALIZATION.csv,19,4001057040170,あさひ,"……あ、思い出したっすか？
忘れてたこと","……啊，想起来了吗？
之前忘掉的事情",283活动剧情,VS．,第3话-REALIZATION
283活动剧情\VS．\第3话-REALIZATION.csv,22,4001057040200,あさひ,……？,……？,283活动剧情,VS．,第3话-REALIZATION
283活动剧情\VS．\第3话-REALIZATION.csv,25,4001057040230,あさひ,言いたくないなら言う必要なくないっすか？,不想说的话就没有说的必要的吧？,283活动剧情,VS．,第3话-REALIZATION
283活动剧情\VS．\第3话-REALIZATION.csv,30,4001057040280,あさひ,"……よくわかんないっすけど
いつでもいっすよ","……虽然不太懂的说
但是想说的话随时都可以的说",283活动剧情,VS．,第3话-REALIZATION
283活动剧情\VS．\第3话-REALIZATION.csv,33,4001057040310,あさひ,"はいっす～
頑張るっすよ！","是的说～
要加油了的说！",283活动剧情,VS．,第3话-REALIZATION
283活动剧情\VS．\第3话-REALIZATION.csv,41,4001057040360,あさひ,"あははっ、呼んでくれて
ありがとっす～～～！！",啊哈哈，谢谢你叫我出来的说～～～！！,283活动剧情,VS．,第3话-REALIZATION
283活动剧情\VS．\第3话-REALIZATION.csv,42,4001057040370,あさひ,…………,…………,283活动剧情,VS．,第3话-REALIZATION
283活动剧情\VS．\第3话-REALIZATION.csv,43,4001057040380,あさひ,"今日は……このステージのためだけの
すっごいの用意してきたっす","我为了今天的舞台
准备了很厉害的东西的说",283活动剧情,VS．,第3话-REALIZATION
283活动剧情\VS．\第3话-REALIZATION.csv,44,4001057040390,あさひ,"こっからは……一瞬たりとも
瞬き禁止っす","接下来……
哪怕只是一瞬间，也禁止眨眼",283活动剧情,VS．,第3话-REALIZATION
283活动剧情\VS．\第3话-REALIZATION.csv,46,4001057040410,あさひ,それじゃ……行くっすよ──……！,那么……要上了哦——……！,283活动剧情,VS．,第3话-REALIZATION
283活动剧情\VS．\第3话-REALIZATION.csv,47,4001057040420,あさひ,１、２、３────！！！,１、２、３────！！！,283活动剧情,VS．,第3话-REALIZATION
283活动剧情\VS．\第3话-REALIZATION.csv,52,4001057040480,あさひ,…………っ！,…………！,283活动剧情,VS．,第3话-REALIZATION
283活动剧情\VS．\第3话-REALIZATION.csv,72,4001057040660,あさひ,……っ,……,283活动剧情,VS．,第3话-REALIZATION
283活动剧情\VS．\第4话-ACCUMULATION.csv,17,4001057050090,あさひ,"……
愛依ちゃん、今のふたりで合わせるとこなんすけど","……
爱依，刚才两个人组合动作的时候",283活动剧情,VS．,第4话-ACCUMULATION
283活动剧情\VS．\第4话-ACCUMULATION.csv,19,4001057050110,あさひ,"とんとん、ぱっぱってやったあと、
シュパッ！　って感じにしたいっす！","咚咚，啪啪的动作之后，
我想把动作改成咻啪！的那样的说！",283活动剧情,VS．,第4话-ACCUMULATION
283活动剧情\VS．\第4话-ACCUMULATION.csv,25,4001057050170,あさひ,"そっすそっす！
そんな感じっす！","是的说是的说！
是这样的说！",283活动剧情,VS．,第4话-ACCUMULATION
283活动剧情\VS．\第4话-ACCUMULATION.csv,40,4001057050320,あさひ,"わたしは帰るっす
行くところあるんで","我要走了的说
我待会有地方要去",283活动剧情,VS．,第4话-ACCUMULATION
283活动剧情\VS．\第4话-ACCUMULATION.csv,42,4001057050340,あさひ,"はいっす！
なんか面白そうな展示があるんすよ","是的说！
有个似乎很有趣的展览的说",283活动剧情,VS．,第4话-ACCUMULATION
283活动剧情\VS．\第4话-ACCUMULATION.csv,43,4001057050350,あさひ,"今日くらいしか
空いてないっすから！",因为只有今天有空去的说！,283活动剧情,VS．,第4话-ACCUMULATION
283活动剧情\VS．\第4话-ACCUMULATION.csv,45,4001057050370,あさひ,"はいっすー
それじゃ！","是的说——
那么再见！",283活动剧情,VS．,第4话-ACCUMULATION
283活动剧情\VS．\第4话-ACCUMULATION.csv,57,4001057050490,あさひ,……っ,……,283活动剧情,VS．,第4话-ACCUMULATION
283活动剧情\VS．\第4话-ACCUMULATION.csv,62,4001057050540,あさひ,……,……,283活动剧情,VS．,第4话-ACCUMULATION
283活动剧情\VS．\第4话-ACCUMULATION.csv,63,4001057050550,あさひ,？,？,283活动剧情,VS．,第4话-ACCUMULATION
283活动剧情\VS．\第4话-ACCUMULATION.csv,67,4001057050560,あさひ,ええ～……,诶～……,283活动剧情,VS．,第4话-ACCUMULATION
283活动剧情\VS．\第4话-ACCUMULATION.csv,69,4001057050570,あさひ,……っ,……,283活动剧情,VS．,第4话-ACCUMULATION
283活动剧情\VS．\第4话-ACCUMULATION.csv,70,4001057050580,あさひ,……！,……！,283活动剧情,VS．,第4话-ACCUMULATION
283活动剧情\VS．\第4话-ACCUMULATION.csv,71,4001057050590,あさひ,降ってる……,还在下……,283活动剧情,VS．,第4话-ACCUMULATION
283活动剧情\VS．\第4话-ACCUMULATION.csv,72,4001057050600,あさひ,急がなきゃ……！,要抓紧了……！,283活动剧情,VS．,第4话-ACCUMULATION
283活动剧情\VS．\第4话-ACCUMULATION.csv,73,4001057050610,あさひ,……はっ……はっ……,……哈啊……哈啊……,283活动剧情,VS．,第4话-ACCUMULATION
283活动剧情\VS．\第4话-ACCUMULATION.csv,74,4001057050620,あさひ,あっ──,啊——,283活动剧情,VS．,第4话-ACCUMULATION
283活动剧情\VS．\第4话-ACCUMULATION.csv,75,4001057050630,あさひ,とと……！！,停停……！！,283活动剧情,VS．,第4话-ACCUMULATION
283活动剧情\VS．\第5话-DECLARATION.csv,2,4001057060010,あさひ,…………,…………,283活动剧情,VS．,第5话-DECLARATION
283活动剧情\VS．\第5话-DECLARATION.csv,7,4001057060020,あさひ,えっ……,诶……,283活动剧情,VS．,第5话-DECLARATION
283活动剧情\VS．\第5话-DECLARATION.csv,11,4001057060030,あさひ,"えっ……！
だって、ライブ……！","诶……！
但是，Live……！",283活动剧情,VS．,第5话-DECLARATION
283活动剧情\VS．\第5话-DECLARATION.csv,12,4001057060040,あさひ,少しくらいなら大丈夫っすよね！？,上个Live的话是没问题的吧！？,283活动剧情,VS．,第5话-DECLARATION
283活动剧情\VS．\第5话-DECLARATION.csv,15,4001057060050,あさひ,…………,…………,283活动剧情,VS．,第5话-DECLARATION
283活动剧情\VS．\第5话-DECLARATION.csv,17,4001057060060,あさひ,…………,…………,283活动剧情,VS．,第5话-DECLARATION
283活动剧情\VS．\第5话-DECLARATION.csv,19,4001057060070,あさひ,はいっす……,是的说……,283活动剧情,VS．,第5话-DECLARATION
283活动剧情\VS．\第5话-DECLARATION.csv,23,4001057060080,あさひ,わかったっす……,我知道了的说……,283活动剧情,VS．,第5话-DECLARATION
283活动剧情\VS．\第5话-DECLARATION.csv,24,4001057060090,あさひ,じゃあ、行くっす,那么，我去了的说,283活动剧情,VS．,第5话-DECLARATION
283活动剧情\VS．\第5话-DECLARATION.csv,26,4001057060100,あさひ,"いっすよ
すぐっすから","不用了
很近的说",283活动剧情,VS．,第5话-DECLARATION
283活动剧情\VS．\第5话-DECLARATION.csv,29,4001057060110,あさひ,おやすみなさいっす,——晚安的说,283活动剧情,VS．,第5话-DECLARATION
283活动剧情\VS．\第6话-CALM BEFORE….csv,2,4001057070010,あさひ,『はいっす』,“是的说”,283活动剧情,VS．,第6话-CALM BEFORE…
283活动剧情\VS．\第6话-CALM BEFORE….csv,4,4001057070030,あさひ,『平気っすよ～』,“可以的说～”,283活动剧情,VS．,第6话-CALM BEFORE…
283活动剧情\VS．\第6话-CALM BEFORE….csv,7,4001057070060,あさひ,"『痛くないっすよ
じっとしてれば』","“不痛的说
不动的话就”",283活动剧情,VS．,第6话-CALM BEFORE…
283活动剧情\VS．\第6话-CALM BEFORE….csv,8,4001057070070,あさひ,『けど──』,“但是——”,283活动剧情,VS．,第6话-CALM BEFORE…
283活动剧情\VS．\第6话-CALM BEFORE….csv,10,4001057070090,あさひ,『ヤバいっす』,“了不得的说”,283活动剧情,VS．,第6话-CALM BEFORE…
283活动剧情\VS．\第6话-CALM BEFORE….csv,11,4001057070100,あさひ,『何もできないっす……』,“什么都干不了的说……”,283活动剧情,VS．,第6话-CALM BEFORE…
283活动剧情\VS．\第6话-CALM BEFORE….csv,13,4001057070120,あさひ,『……でも、早く治らないのも嫌っすから』,“……但是，我也不希望没法很快治好的说”,283活动剧情,VS．,第6话-CALM BEFORE…
283活动剧情\VS．\第6话-CALM BEFORE….csv,15,4001057070140,あさひ,"『愛依ちゃん
何か面白い話するっす～』","“爱依
来说点有趣的事情吧～”",283活动剧情,VS．,第6话-CALM BEFORE…
283活动剧情\VS．\第6话-CALM BEFORE….csv,19,4001057070180,あさひ,『うんうん』,“嗯嗯”,283活动剧情,VS．,第6话-CALM BEFORE…
283活动剧情\VS．\第6话-CALM BEFORE….csv,23,4001057070220,あさひ,『……』,“……”,283活动剧情,VS．,第6话-CALM BEFORE…
283活动剧情\VS．\第6话-CALM BEFORE….csv,25,4001057070240,あさひ,"『ふーん
なんか他にないっすか』","“嗯……
还有什么别的事情吗”",283活动剧情,VS．,第6话-CALM BEFORE…
283活动剧情\VS．\第6话-CALM BEFORE….csv,27,4001057070260,あさひ,『そっすかー』,“这样啊”,283活动剧情,VS．,第6话-CALM BEFORE…
283活动剧情\VS．\第6话-CALM BEFORE….csv,29,4001057070280,あさひ,『わかったっす』,“我知道了的说”,283活动剧情,VS．,第6话-CALM BEFORE…
283活动剧情\VS．\第6话-CALM BEFORE….csv,31,4001057070300,あさひ,"『？
はいっす』","“？
是的说”",283活动剧情,VS．,第6话-CALM BEFORE…
283活动剧情\VS．\第6话-CALM BEFORE….csv,33,4001057070320,あさひ,『したっすね』,“是说过的说”,283活动剧情,VS．,第6话-CALM BEFORE…
283活动剧情\VS．\第6话-CALM BEFORE….csv,35,4001057070340,あさひ,『いっすよ』,”可以的说“,283活动剧情,VS．,第6话-CALM BEFORE…
283活动剧情\VS．\第6话-CALM BEFORE….csv,40,4001057070390,あさひ,『そうだったんすね』,“这样啊”,283活动剧情,VS．,第6话-CALM BEFORE…
283活动剧情\VS．\第6话-CALM BEFORE….csv,45,4001057070440,あさひ,『……』,“……”,283活动剧情,VS．,第6话-CALM BEFORE…
283活动剧情\VS．\第6话-CALM BEFORE….csv,49,4001057070480,あさひ,『なんすか？』,“怎么了？”,283活动剧情,VS．,第6话-CALM BEFORE…
283活动剧情\VS．\第6话-CALM BEFORE….csv,52,4001057070510,あさひ,"『もちろんっす！
絶対負けないっすから！』","“当然的说！
因为绝对不想输的说！”",283活动剧情,VS．,第6话-CALM BEFORE…
283活动剧情\VS．\终章-『I WIN』.csv,140,4001057080880,あさひ,……,……,283活动剧情,VS．,终章-『I WIN』
283活动剧情\VS．\终章-『I WIN』.csv,141,4001057080890,あさひ,タン、タン、タン……,踏，踏，踏……,283活动剧情,VS．,终章-『I WIN』
283活动剧情\VS．\终章-『I WIN』.csv,142,4001057080900,あさひ,…………,…………,283活动剧情,VS．,终章-『I WIN』
283活动剧情\VS．\终章-『I WIN』.csv,144,4001057080910,あさひ,…………,…………,283活动剧情,VS．,终章-『I WIN』
283活动剧情\VS．\终章-『I WIN』.csv,147,4001057080920,あさひ,"…………
出たかったなー…………","…………
好想参加啊——…………",283活动剧情,VS．,终章-『I WIN』
283活动剧情\VS．\终章-『I WIN』.csv,148,4001057080930,あさひ,──わたしが勝つのに,——明明我会赢的,283活动剧情,VS．,终章-『I WIN』
"283活动剧情\Wintermute,dawn\序章-ヨイヨイ.csv",4,4001067010010,あさひ,────ん,————嗯,283活动剧情,"Wintermute,dawn",序章-ヨイヨイ
"283活动剧情\Wintermute,dawn\序章-ヨイヨイ.csv",7,4001067010020,あさひ,んー,嗯——,283活动剧情,"Wintermute,dawn",序章-ヨイヨイ
"283活动剧情\Wintermute,dawn\序章-ヨイヨイ.csv",9,4001067010030,あさひ,"えー、すいとう？
重いからいらない","诶——，水壶？
好重，我才不要",283活动剧情,"Wintermute,dawn",序章-ヨイヨイ
"283活动剧情\Wintermute,dawn\序章-ヨイヨイ.csv",12,4001067010040,あさひ,むー……,唔——……,283活动剧情,"Wintermute,dawn",序章-ヨイヨイ
"283活动剧情\Wintermute,dawn\序章-ヨイヨイ.csv",13,4001067010050,あさひ,動きにくいなぁ……,动起来好不方便啊……,283活动剧情,"Wintermute,dawn",序章-ヨイヨイ
"283活动剧情\Wintermute,dawn\序章-ヨイヨイ.csv",15,4001067010070,あさひ,そっすかね？,是吗？,283活动剧情,"Wintermute,dawn",序章-ヨイヨイ
"283活动剧情\Wintermute,dawn\序章-ヨイヨイ.csv",17,4001067010090,あさひ,はいっす～,请进的说～,283活动剧情,"Wintermute,dawn",序章-ヨイヨイ
"283活动剧情\Wintermute,dawn\序章-ヨイヨイ.csv",21,4001067010110,あさひ,話したいことってなんすか？,有什么事要和我们说呢？,283活动剧情,"Wintermute,dawn",序章-ヨイヨイ
"283活动剧情\Wintermute,dawn\序章-ヨイヨイ.csv",23,4001067010120,あさひ,なんか、出られるっすか！？,要我们参加吗！？,283活动剧情,"Wintermute,dawn",序章-ヨイヨイ
"283活动剧情\Wintermute,dawn\序章-ヨイヨイ.csv",27,4001067010150,あさひ,……なんすか？,……是什么呢？,283活动剧情,"Wintermute,dawn",序章-ヨイヨイ
"283活动剧情\Wintermute,dawn\序章-ヨイヨイ.csv",30,4001067010180,あさひ,"あー
これだったっすか","啊——
是这个啊",283活动剧情,"Wintermute,dawn",序章-ヨイヨイ
"283活动剧情\Wintermute,dawn\序章-ヨイヨイ.csv",37,4001067010200,あさひ,…………,…………,283活动剧情,"Wintermute,dawn",序章-ヨイヨイ
"283活动剧情\Wintermute,dawn\序章-ヨイヨイ.csv",40,4001067010210,あさひ,…………,…………,283活动剧情,"Wintermute,dawn",序章-ヨイヨイ
"283活动剧情\Wintermute,dawn\序章-ヨイヨイ.csv",47,4001067010220,あさひ,"────出るっすよ
わたし",————我会出演的说,283活动剧情,"Wintermute,dawn",序章-ヨイヨイ
"283活动剧情\Wintermute,dawn\序章-ヨイヨイ.csv",48,4001067010230,あさひ,そっすよね、ふたりとも,对吧，你们两个,283活动剧情,"Wintermute,dawn",序章-ヨイヨイ
"283活动剧情\Wintermute,dawn\序章-ヨイヨイ.csv",53,4001067010260,あさひ,借り？,欠？,283活动剧情,"Wintermute,dawn",序章-ヨイヨイ
"283活动剧情\Wintermute,dawn\序章-ヨイヨイ.csv",56,4001067010281,あさひ＆愛依,うん……！,是的说……！,283活动剧情,"Wintermute,dawn",序章-ヨイヨイ
"283活动剧情\Wintermute,dawn\序章-ヨイヨイ.csv",60,4001067010320,あさひ,"…………
この人たち、初めて見るっす","…………
这些人我是初次见到的说",283活动剧情,"Wintermute,dawn",序章-ヨイヨイ
"283活动剧情\Wintermute,dawn\序章-ヨイヨイ.csv",63,4001067010350,あさひ,へー、そっすか,嘿，是这样啊,283活动剧情,"Wintermute,dawn",序章-ヨイヨイ
"283活动剧情\Wintermute,dawn\序章-ヨイヨイ.csv",66,4001067010360,あさひ,はいっす,是的说,283活动剧情,"Wintermute,dawn",序章-ヨイヨイ
"283活动剧情\Wintermute,dawn\序章-ヨイヨイ.csv",71,4001067010390,あさひ,"そういうのじゃないっすよ
面白いから通ってるっす","不是那种的说
因为很有趣所以我就去学了的说",283活动剧情,"Wintermute,dawn",序章-ヨイヨイ
"283活动剧情\Wintermute,dawn\序章-ヨイヨイ.csv",78,4001067010440,あさひ,……プロデューサーさん、なんすかそれ,……制作人，那个是什么啊,283活动剧情,"Wintermute,dawn",序章-ヨイヨイ
"283活动剧情\Wintermute,dawn\序章-ヨイヨイ.csv",79,4001067010450,あさひ,鍵と鞄、おんなじ物がついてるっす,钥匙和包上都贴着的那个东西,283活动剧情,"Wintermute,dawn",序章-ヨイヨイ
"283活动剧情\Wintermute,dawn\序章-ヨイヨイ.csv",82,4001067010460,あさひ,えっ、こんな小さいのがっすか？,诶，这么小吗？,283活动剧情,"Wintermute,dawn",序章-ヨイヨイ
"283活动剧情\Wintermute,dawn\序章-ヨイヨイ.csv",83,4001067010470,あさひ,"面白そうっす！
使ってみたいっす～","好有趣的说！
我也想试试的说～",283活动剧情,"Wintermute,dawn",序章-ヨイヨイ
"283活动剧情\Wintermute,dawn\序章-ヨイヨイ.csv",85,4001067010480,あさひ,"あははっ
ありがとっすー！","啊哈哈
谢谢的说——！",283活动剧情,"Wintermute,dawn",序章-ヨイヨイ
"283活动剧情\Wintermute,dawn\序章-ヨイヨイ.csv",88,4001067010490,あさひ,はいっす～,好的说～,283活动剧情,"Wintermute,dawn",序章-ヨイヨイ
"283活动剧情\Wintermute,dawn\序章-ヨイヨイ.csv",89,4001067010500,あさひ,…………,…………,283活动剧情,"Wintermute,dawn",序章-ヨイヨイ
"283活动剧情\Wintermute,dawn\序章-ヨイヨイ.csv",90,4001067010510,あさひ,プロデューサーさん？,制作人？,283活动剧情,"Wintermute,dawn",序章-ヨイヨイ
"283活动剧情\Wintermute,dawn\序章-ヨイヨイ.csv",92,4001067010520,あさひ,…………？,…………？,283活动剧情,"Wintermute,dawn",序章-ヨイヨイ
"283活动剧情\Wintermute,dawn\序章-ヨイヨイ.csv",94,4001067010530,あさひ,…………,…………,283活动剧情,"Wintermute,dawn",序章-ヨイヨイ
"283活动剧情\Wintermute,dawn\第1话-遠い海の外.csv",2,4001067020010,あさひ,……っふ,……呼,283活动剧情,"Wintermute,dawn",第1话-遠い海の外
"283活动剧情\Wintermute,dawn\第1话-遠い海の外.csv",4,4001067020020,あさひ,…………,…………,283活动剧情,"Wintermute,dawn",第1话-遠い海の外
"283活动剧情\Wintermute,dawn\第1话-遠い海の外.csv",7,4001067020030,あさひ,いや、決めてないっす,不，还没想好的说,283活动剧情,"Wintermute,dawn",第1话-遠い海の外
"283活动剧情\Wintermute,dawn\第1话-遠い海の外.csv",8,4001067020040,あさひ,どんなのがいっすかね？,什么样的曲子比较好呢？,283活动剧情,"Wintermute,dawn",第1话-遠い海の外
"283活动剧情\Wintermute,dawn\第1话-遠い海の外.csv",12,4001067020050,あさひ,"あー……あれっすか
いっすよ","啊——……那个啊
可以的说",283活动剧情,"Wintermute,dawn",第1话-遠い海の外
"283活动剧情\Wintermute,dawn\第1话-遠い海の外.csv",15,4001067020060,あさひ,……,……,283活动剧情,"Wintermute,dawn",第1话-遠い海の外
"283活动剧情\Wintermute,dawn\第1话-遠い海の外.csv",16,4001067020070,あさひ,──先生も海外でダンス学んだっすか？,——老师有在海外学过舞蹈吗？,283活动剧情,"Wintermute,dawn",第1话-遠い海の外
"283活动剧情\Wintermute,dawn\第1话-遠い海の外.csv",19,4001067020080,あさひ,……うーん,……嗯,283活动剧情,"Wintermute,dawn",第1话-遠い海の外
"283活动剧情\Wintermute,dawn\第1话-遠い海の外.csv",21,4001067020090,あさひ,……はいっす,……是的说,283活动剧情,"Wintermute,dawn",第1话-遠い海の外
"283活动剧情\Wintermute,dawn\第1话-遠い海の外.csv",23,4001067020100,あさひ,海外…………,海外…………,283活动剧情,"Wintermute,dawn",第1话-遠い海の外
"283活动剧情\Wintermute,dawn\第1话-遠い海の外.csv",26,4001067020110,あさひ,…………,…………,283活动剧情,"Wintermute,dawn",第1话-遠い海の外
"283活动剧情\Wintermute,dawn\第1话-遠い海の外.csv",30,4001067020120,あさひ,そんなにいっすかね────,有那么好吗————,283活动剧情,"Wintermute,dawn",第1话-遠い海の外
"283活动剧情\Wintermute,dawn\第1话-遠い海の外.csv",59,4001067020320,あさひ,…………,…………,283活动剧情,"Wintermute,dawn",第1话-遠い海の外
"283活动剧情\Wintermute,dawn\第1话-遠い海の外.csv",62,4001067020330,あさひ,…………っ,…………,283活动剧情,"Wintermute,dawn",第1话-遠い海の外
"283活动剧情\Wintermute,dawn\第1话-遠い海の外.csv",64,4001067020340,あさひ,…………,…………,283活动剧情,"Wintermute,dawn",第1话-遠い海の外
"283活动剧情\Wintermute,dawn\第1话-遠い海の外.csv",67,4001067020350,あさひ,……どの子？,……哪个孩子？,283活动剧情,"Wintermute,dawn",第1话-遠い海の外
"283活动剧情\Wintermute,dawn\第1话-遠い海の外.csv",69,4001067020360,あさひ,"あー……この帽子
最近見た","啊——……这帽子
最近见过",283活动剧情,"Wintermute,dawn",第1话-遠い海の外
"283活动剧情\Wintermute,dawn\第1话-遠い海の外.csv",70,4001067020370,あさひ,歌唱力がすごい、実力派だって！,歌唱力很强，是个实力派呢！,283活动剧情,"Wintermute,dawn",第1话-遠い海の外
"283活动剧情\Wintermute,dawn\第1话-遠い海の外.csv",73,4001067020380,あさひ,……なんで？,……为什么？,283活动剧情,"Wintermute,dawn",第1话-遠い海の外
"283活动剧情\Wintermute,dawn\第1话-遠い海の外.csv",75,4001067020390,あさひ,…………,…………,283活动剧情,"Wintermute,dawn",第1话-遠い海の外
"283活动剧情\Wintermute,dawn\第1话-遠い海の外.csv",78,4001067020400,あさひ,ん？,嗯？,283活动剧情,"Wintermute,dawn",第1话-遠い海の外
"283活动剧情\Wintermute,dawn\第1话-遠い海の外.csv",81,4001067020410,あさひ,"借り…………
──うん","报答…………
——嗯",283活动剧情,"Wintermute,dawn",第1话-遠い海の外
"283活动剧情\Wintermute,dawn\第1话-遠い海の外.csv",83,4001067020420,あさひ,えっ、こんなに！？,诶，这么多！？,283活动剧情,"Wintermute,dawn",第1话-遠い海の外
"283活动剧情\Wintermute,dawn\第1话-遠い海の外.csv",85,4001067020430,あさひ,"えー……
重い……","诶——……
好重……",283活动剧情,"Wintermute,dawn",第1话-遠い海の外
"283活动剧情\Wintermute,dawn\第1话-遠い海の外.csv",89,4001067020440,あさひ,…………,…………,283活动剧情,"Wintermute,dawn",第1话-遠い海の外
"283活动剧情\Wintermute,dawn\第2话-ざざ、ざざざざ.csv",2,4001067030010,あさひ,…………,…………,283活动剧情,"Wintermute,dawn",第2话-ざざ、ざざざざ
"283活动剧情\Wintermute,dawn\第2话-ざざ、ざざざざ.csv",3,4001067030020,あさひ,……！,……！,283活动剧情,"Wintermute,dawn",第2话-ざざ、ざざざざ
"283活动剧情\Wintermute,dawn\第2话-ざざ、ざざざざ.csv",4,4001067030030,あさひ,────……,————……,283活动剧情,"Wintermute,dawn",第2话-ざざ、ざざざざ
"283活动剧情\Wintermute,dawn\第2话-ざざ、ざざざざ.csv",5,4001067030040,あさひ,ざざっざざっ────……,沙沙 沙沙————……,283活动剧情,"Wintermute,dawn",第2话-ざざ、ざざざざ
"283活动剧情\Wintermute,dawn\第2话-ざざ、ざざざざ.csv",6,4001067030050,あさひ,ざざざざざざっ────……,沙沙沙沙沙沙————……,283活动剧情,"Wintermute,dawn",第2话-ざざ、ざざざざ
"283活动剧情\Wintermute,dawn\第2话-ざざ、ざざざざ.csv",10,4001067030090,あさひ,はぁっ……はぁっ……,哈啊……哈啊……,283活动剧情,"Wintermute,dawn",第2话-ざざ、ざざざざ
"283活动剧情\Wintermute,dawn\第2话-ざざ、ざざざざ.csv",11,4001067030100,あさひ,"なんで…………息切れるんだろ
このくらいで────","为什么…………只是这种程度而已
就喘成这样————",283活动剧情,"Wintermute,dawn",第2话-ざざ、ざざざざ
"283活动剧情\Wintermute,dawn\第2话-ざざ、ざざざざ.csv",15,4001067030110,あさひ,…………,…………,283活动剧情,"Wintermute,dawn",第2话-ざざ、ざざざざ
"283活动剧情\Wintermute,dawn\第2话-ざざ、ざざざざ.csv",18,4001067030120,あさひ,"……？
嘘ついていっすか？","……？
说谎没问题吗？",283活动剧情,"Wintermute,dawn",第2话-ざざ、ざざざざ
"283活动剧情\Wintermute,dawn\第2话-ざざ、ざざざざ.csv",28,4001067030180,あさひ,そっすね,是的说,283活动剧情,"Wintermute,dawn",第2话-ざざ、ざざざざ
"283活动剧情\Wintermute,dawn\第2话-ざざ、ざざざざ.csv",30,4001067030200,あさひ,え？,诶？,283活动剧情,"Wintermute,dawn",第2话-ざざ、ざざざざ
"283活动剧情\Wintermute,dawn\第2话-ざざ、ざざざざ.csv",32,4001067030220,あさひ,冬優子ちゃん、話聞いてたっすか？,冬优子听到刚才我们说的话了吗？,283活动剧情,"Wintermute,dawn",第2话-ざざ、ざざざざ
"283活动剧情\Wintermute,dawn\第2话-ざざ、ざざざざ.csv",35,4001067030250,あさひ,そうだったっすか,是这样的说啊,283活动剧情,"Wintermute,dawn",第2话-ざざ、ざざざざ
"283活动剧情\Wintermute,dawn\第2话-ざざ、ざざざざ.csv",37,4001067030270,あさひ,良くも悪くもばっかすね,尽是好的方面和坏的方面的说呢,283活动剧情,"Wintermute,dawn",第2话-ざざ、ざざざざ
"283活动剧情\Wintermute,dawn\第2话-ざざ、ざざざざ.csv",39,4001067030290,あさひ,あっ,啊,283活动剧情,"Wintermute,dawn",第2话-ざざ、ざざざざ
"283活动剧情\Wintermute,dawn\第2话-ざざ、ざざざざ.csv",40,4001067030300,あさひ,ちょっといっすか！？,可以稍微等一下吗！？,283活动剧情,"Wintermute,dawn",第2话-ざざ、ざざざざ
"283活动剧情\Wintermute,dawn\第2话-ざざ、ざざざざ.csv",42,4001067030310,あさひ,サインくださいっす！,请给我签个名的说！,283活动剧情,"Wintermute,dawn",第2话-ざざ、ざざざざ
"283活动剧情\Wintermute,dawn\第2话-ざざ、ざざざざ.csv",44,4001067030320,あさひ,欲しいからっすよ,因为我想要的说,283活动剧情,"Wintermute,dawn",第2话-ざざ、ざざざざ
"283活动剧情\Wintermute,dawn\第2话-ざざ、ざざざざ.csv",46,4001067030330,あさひ,"そっすよ
よくわかったっすね","是的说
你还真能猜到呢",283活动剧情,"Wintermute,dawn",第2话-ざざ、ざざざざ
"283活动剧情\Wintermute,dawn\第2话-ざざ、ざざざざ.csv",48,4001067030340,あさひ,…………,…………,283活动剧情,"Wintermute,dawn",第2话-ざざ、ざざざざ
"283活动剧情\Wintermute,dawn\第2话-ざざ、ざざざざ.csv",50,4001067030350,あさひ,えっ、なんでっすか！,诶，为什么啊！,283活动剧情,"Wintermute,dawn",第2话-ざざ、ざざざざ
"283活动剧情\Wintermute,dawn\第2话-ざざ、ざざざざ.csv",54,4001067030380,あさひ,あっ、愛依ちゃん,啊，爱依,283活动剧情,"Wintermute,dawn",第2话-ざざ、ざざざざ
"283活动剧情\Wintermute,dawn\第2话-ざざ、ざざざざ.csv",63,4001067030450,あさひ,違うっす,不是的说,283活动剧情,"Wintermute,dawn",第2话-ざざ、ざざざざ
"283活动剧情\Wintermute,dawn\第2话-ざざ、ざざざざ.csv",65,4001067030470,あさひ,…………,…………,283活动剧情,"Wintermute,dawn",第2话-ざざ、ざざざざ
"283活动剧情\Wintermute,dawn\第2话-ざざ、ざざざざ.csv",68,4001067030500,あさひ,…………,…………,283活动剧情,"Wintermute,dawn",第2话-ざざ、ざざざざ
"283活动剧情\Wintermute,dawn\第2话-ざざ、ざざざざ.csv",70,4001067030520,あさひ,……わかったっすよ,我知道了的说,283活动剧情,"Wintermute,dawn",第2话-ざざ、ざざざざ
"283活动剧情\Wintermute,dawn\第2话-ざざ、ざざざざ.csv",71,4001067030530,あさひ,……！,……！,283活动剧情,"Wintermute,dawn",第2话-ざざ、ざざざざ
"283活动剧情\Wintermute,dawn\第2话-ざざ、ざざざざ.csv",73,4001067030550,あさひ,────あ……,————啊……,283活动剧情,"Wintermute,dawn",第2话-ざざ、ざざざざ
"283活动剧情\Wintermute,dawn\第2话-ざざ、ざざざざ.csv",74,4001067030560,あさひ,"よくわかんないっすから
プロデューサーさんやみんなに聞いてからにするっすよ","因为我不是很懂的说
所以我要和制作人还有大家商量之后再做决定的说",283活动剧情,"Wintermute,dawn",第2话-ざざ、ざざざざ
"283活动剧情\Wintermute,dawn\第2话-ざざ、ざざざざ.csv",77,4001067030570,あさひ,あー、今はいっす,啊——，还是先不接了的说,283活动剧情,"Wintermute,dawn",第2话-ざざ、ざざざざ
"283活动剧情\Wintermute,dawn\第2话-ざざ、ざざざざ.csv",79,4001067030590,あさひ,…………,…………,283活动剧情,"Wintermute,dawn",第2话-ざざ、ざざざざ
"283活动剧情\Wintermute,dawn\第2话-ざざ、ざざざざ.csv",80,4001067030600,あさひ,────……,————……,283活动剧情,"Wintermute,dawn",第2话-ざざ、ざざざざ
"283活动剧情\Wintermute,dawn\第2话-ざざ、ざざざざ.csv",81,4001067030610,あさひ,"やっぱ、ここじゃ
やりにくいな……","果然，
在这里的话很难办啊……",283活动剧情,"Wintermute,dawn",第2话-ざざ、ざざざざ
"283活动剧情\Wintermute,dawn\第2话-ざざ、ざざざざ.csv",86,4001067030620,あさひ,選択……？,选择……？,283活动剧情,"Wintermute,dawn",第2话-ざざ、ざざざざ
"283活动剧情\Wintermute,dawn\第2话-ざざ、ざざざざ.csv",89,4001067030630,あさひ,────……,————……,283活动剧情,"Wintermute,dawn",第2话-ざざ、ざざざざ
"283活动剧情\Wintermute,dawn\第2话-ざざ、ざざざざ.csv",91,4001067030640,あさひ,あ,啊,283活动剧情,"Wintermute,dawn",第2话-ざざ、ざざざざ
"283活动剧情\Wintermute,dawn\第2话-ざざ、ざざざざ.csv",94,4001067030650,あさひ,それ……断られたんだけど,那个……我之前要签名被拒绝了,283活动剧情,"Wintermute,dawn",第2话-ざざ、ざざざざ
"283活动剧情\Wintermute,dawn\第2话-ざざ、ざざざざ.csv",98,4001067030660,あさひ,…………うーん,…………嗯,283活动剧情,"Wintermute,dawn",第2话-ざざ、ざざざざ
"283活动剧情\Wintermute,dawn\第2话-ざざ、ざざざざ.csv",99,4001067030670,あさひ,なんでサイン、欲しいの？,为什么会想要签名呢？,283活动剧情,"Wintermute,dawn",第2话-ざざ、ざざざざ
"283活动剧情\Wintermute,dawn\第2话-ざざ、ざざざざ.csv",100,4001067030680,あさひ,ただの字なのに,只是几个字而已,283活动剧情,"Wintermute,dawn",第2话-ざざ、ざざざざ
"283活动剧情\Wintermute,dawn\第2话-ざざ、ざざざざ.csv",102,4001067030690,あさひ,…………,…………,283活动剧情,"Wintermute,dawn",第2话-ざざ、ざざざざ
"283活动剧情\Wintermute,dawn\第3话-放浪、または見えない柵.csv",18,4001067040010,あさひ,──────……,——————……,283活动剧情,"Wintermute,dawn",第3话-放浪、または見えない柵
"283活动剧情\Wintermute,dawn\第3话-放浪、または見えない柵.csv",27,4001067040020,あさひ,…………,…………,283活动剧情,"Wintermute,dawn",第3话-放浪、または見えない柵
"283活动剧情\Wintermute,dawn\第3话-放浪、または見えない柵.csv",29,4001067040030,あさひ,"……！
プロデューサーさん！","……！
制作人！",283活动剧情,"Wintermute,dawn",第3话-放浪、または見えない柵
"283活动剧情\Wintermute,dawn\第3话-放浪、または見えない柵.csv",30,4001067040040,あさひ,なんでここにいるっすか！？,为什么会来这里！？,283活动剧情,"Wintermute,dawn",第3话-放浪、または見えない柵
"283活动剧情\Wintermute,dawn\第3话-放浪、または見えない柵.csv",33,4001067040050,あさひ,"なんともって……
元気っすよ","没什么事什么的……
我很好的说",283活动剧情,"Wintermute,dawn",第3话-放浪、または見えない柵
"283活动剧情\Wintermute,dawn\第3话-放浪、または見えない柵.csv",35,4001067040060,あさひ,学校は……あるっすけど……,虽然……今天要上学……,283活动剧情,"Wintermute,dawn",第3话-放浪、または見えない柵
"283活动剧情\Wintermute,dawn\第3话-放浪、または見えない柵.csv",36,4001067040070,あさひ,"なんか……行ってる時間が
もったいないなって────","但是有种感觉在上学路上花的时间
好浪费的感觉————",283活动剧情,"Wintermute,dawn",第3话-放浪、または見えない柵
"283活动剧情\Wintermute,dawn\第3话-放浪、または見えない柵.csv",41,4001067040080,あさひ,…………,…………,283活动剧情,"Wintermute,dawn",第3话-放浪、または見えない柵
"283活动剧情\Wintermute,dawn\第3话-放浪、または見えない柵.csv",43,4001067040090,あさひ,もう少しだけ休みたいっす,我还想再休息一下的说,283活动剧情,"Wintermute,dawn",第3话-放浪、または見えない柵
"283活动剧情\Wintermute,dawn\第3话-放浪、または見えない柵.csv",45,4001067040100,あさひ,"そういえば、どうしてここが
わかったっすか","话说回来，为什么会知道
我在这里的说？",283活动剧情,"Wintermute,dawn",第3话-放浪、または見えない柵
"283活动剧情\Wintermute,dawn\第3话-放浪、または見えない柵.csv",47,4001067040110,あさひ,……？,……？,283活动剧情,"Wintermute,dawn",第3话-放浪、または見えない柵
"283活动剧情\Wintermute,dawn\第3话-放浪、または見えない柵.csv",50,4001067040120,あさひ,"あっ、そういえば……
わたしも忘れてたっす","啊，说回来……
我这东西也已经被我忘掉了的说",283活动剧情,"Wintermute,dawn",第3话-放浪、または見えない柵
"283活动剧情\Wintermute,dawn\第3话-放浪、または見えない柵.csv",52,4001067040130,あさひ,"ほんとっす！
すごいっすね","真的！
好厉害的说",283活动剧情,"Wintermute,dawn",第3话-放浪、または見えない柵
"283活动剧情\Wintermute,dawn\第3话-放浪、または見えない柵.csv",53,4001067040140,あさひ,えっと、どこだっけ────,说来，放在哪了呢————,283活动剧情,"Wintermute,dawn",第3话-放浪、または見えない柵
"283活动剧情\Wintermute,dawn\第3话-放浪、または見えない柵.csv",55,4001067040150,あさひ,"そっすね～
教科書とか重いっす","是啊～
教科书很重的说",283活动剧情,"Wintermute,dawn",第3话-放浪、または見えない柵
"283活动剧情\Wintermute,dawn\第3话-放浪、または見えない柵.csv",58,4001067040160,あさひ,……わかってるっすよ,……我知道的说,283活动剧情,"Wintermute,dawn",第3话-放浪、または見えない柵
"283活动剧情\Wintermute,dawn\第3话-放浪、または見えない柵.csv",59,4001067040170,あさひ,"でも、たまにはいいじゃないっすか
毎日行く必要あるっすか？","但是，偶尔去学校不就好了吗
有必要每天都去吗？",283活动剧情,"Wintermute,dawn",第3话-放浪、または見えない柵
"283活动剧情\Wintermute,dawn\第3话-放浪、または見えない柵.csv",61,4001067040180,あさひ,アイドル、やめたら,如果我不当偶像了,283活动剧情,"Wintermute,dawn",第3话-放浪、または見えない柵
"283活动剧情\Wintermute,dawn\第3话-放浪、または見えない柵.csv",62,4001067040190,あさひ,学校、行かなくてもいっすか？,是不是那样就不去学校也可以了？,283活动剧情,"Wintermute,dawn",第3话-放浪、または見えない柵
"283活动剧情\Wintermute,dawn\第3话-放浪、または見えない柵.csv",65,4001067040200,あさひ,…………,…………,283活动剧情,"Wintermute,dawn",第3话-放浪、または見えない柵
"283活动剧情\Wintermute,dawn\第3话-放浪、または見えない柵.csv",66,4001067040210,あさひ,行きたいとこに行きたいっす,我想去想去的地方的说,283活动剧情,"Wintermute,dawn",第3话-放浪、または見えない柵
"283活动剧情\Wintermute,dawn\第3话-放浪、または見えない柵.csv",67,4001067040220,あさひ,なのに……,然而……,283活动剧情,"Wintermute,dawn",第3话-放浪、または見えない柵
"283活动剧情\Wintermute,dawn\第3话-放浪、または見えない柵.csv",68,4001067040230,あさひ,前とあんまり変わらない感じがするっす,感觉现在和以前好像没有什么变化的说,283活动剧情,"Wintermute,dawn",第3话-放浪、または見えない柵
"283活动剧情\Wintermute,dawn\第3话-放浪、または見えない柵.csv",71,4001067040240,あさひ,大丈夫っすよ,没问题的说,283活动剧情,"Wintermute,dawn",第3话-放浪、または見えない柵
"283活动剧情\Wintermute,dawn\第3话-放浪、または見えない柵.csv",74,4001067040250,あさひ,…………はいっす,…………是的说,283活动剧情,"Wintermute,dawn",第3话-放浪、または見えない柵
"283活动剧情\Wintermute,dawn\第3话-放浪、または見えない柵.csv",76,4001067040260,あさひ,…………,…………,283活动剧情,"Wintermute,dawn",第3话-放浪、または見えない柵
"283活动剧情\Wintermute,dawn\第3话-放浪、または見えない柵.csv",78,4001067040270,あさひ,"ふむふむ……いっすね！
もっとないっすか！？","嗯嗯……不错的说！
还有别的主意吗！？",283活动剧情,"Wintermute,dawn",第3话-放浪、または見えない柵
"283活动剧情\Wintermute,dawn\第3话-放浪、または見えない柵.csv",80,4001067040280,あさひ,…………,…………,283活动剧情,"Wintermute,dawn",第3话-放浪、または見えない柵
"283活动剧情\Wintermute,dawn\第3话-放浪、または見えない柵.csv",83,4001067040290,あさひ,……！,……！,283活动剧情,"Wintermute,dawn",第3话-放浪、または見えない柵
"283活动剧情\Wintermute,dawn\第3话-放浪、または見えない柵.csv",84,4001067040300,あさひ,────……,————……,283活动剧情,"Wintermute,dawn",第3话-放浪、または見えない柵
"283活动剧情\Wintermute,dawn\第4话-重くてそれはつかめない.csv",2,4001067050010,あさひ,"……ああ～～……
落ちたっす～","……啊啊～～……
掉下来了的说～",283活动剧情,"Wintermute,dawn",第4话-重くてそれはつかめない
"283活动剧情\Wintermute,dawn\第4话-重くてそれはつかめない.csv",3,4001067050020,あさひ,このアーム死んでるっすよ、冬優子ちゃん,这个抓臂死掉了的说，冬优子,283活动剧情,"Wintermute,dawn",第4话-重くてそれはつかめない
"283活动剧情\Wintermute,dawn\第4话-重くてそれはつかめない.csv",5,4001067050040,あさひ,"んー……
次はいけそうな気がするっす～","嗯——……
总有种下次一定能行的感觉的说～",283活动剧情,"Wintermute,dawn",第4话-重くてそれはつかめない
"283活动剧情\Wintermute,dawn\第4话-重くてそれはつかめない.csv",7,4001067050060,あさひ,じゃあ、あと３回だけ……,那么，就只再玩３次……,283活动剧情,"Wintermute,dawn",第4话-重くてそれはつかめない
"283活动剧情\Wintermute,dawn\第4话-重くてそれはつかめない.csv",10,4001067050090,あさひ,押す？,推？,283活动剧情,"Wintermute,dawn",第4话-重くてそれはつかめない
"283活动剧情\Wintermute,dawn\第4话-重くてそれはつかめない.csv",12,4001067050110,あさひ,────やってみるっす,——我试试看的说,283活动剧情,"Wintermute,dawn",第4话-重くてそれはつかめない
"283活动剧情\Wintermute,dawn\第4话-重くてそれはつかめない.csv",13,4001067050120,あさひ,"……！
押せたっす！","……！
推动了的说！",283活动剧情,"Wintermute,dawn",第4话-重くてそれはつかめない
"283活动剧情\Wintermute,dawn\第4话-重くてそれはつかめない.csv",14,4001067050130,あさひ,あ～～……,啊～～……,283活动剧情,"Wintermute,dawn",第4话-重くてそれはつかめない
"283活动剧情\Wintermute,dawn\第4话-重くてそれはつかめない.csv",16,4001067050150,あさひ,冬優子ちゃん、やってほしいっす,我想让冬优子来试试的说,283活动剧情,"Wintermute,dawn",第4话-重くてそれはつかめない
"283活动剧情\Wintermute,dawn\第4话-重くてそれはつかめない.csv",19,4001067050180,あさひ,"そっすね～
でも置くとこないっす","是呢～
但是我没有地方摆这个的说",283活动剧情,"Wintermute,dawn",第4话-重くてそれはつかめない
"283活动剧情\Wintermute,dawn\第4话-重くてそれはつかめない.csv",20,4001067050190,あさひ,冬優子ちゃん持って帰らないっすか？,冬优子就拿回家吧？,283活动剧情,"Wintermute,dawn",第4话-重くてそれはつかめない
"283活动剧情\Wintermute,dawn\第4话-重くてそれはつかめない.csv",22,4001067050210,あさひ,──じゃあ、持って帰るっす,——那我就带回去了的说,283活动剧情,"Wintermute,dawn",第4话-重くてそれはつかめない
"283活动剧情\Wintermute,dawn\第4话-重くてそれはつかめない.csv",24,4001067050230,あさひ,……ん？,……嗯？,283活动剧情,"Wintermute,dawn",第4话-重くてそれはつかめない
"283活动剧情\Wintermute,dawn\第4话-重くてそれはつかめない.csv",26,4001067050250,あさひ,"…………あ、だから冬優子ちゃん
お茶おごってくれるっすね","……啊，所以冬优子才会
请我喝茶啊",283活动剧情,"Wintermute,dawn",第4话-重くてそれはつかめない
"283活动剧情\Wintermute,dawn\第4话-重くてそれはつかめない.csv",30,4001067050290,あさひ,気になってること……,在意的事……,283活动剧情,"Wintermute,dawn",第4话-重くてそれはつかめない
"283活动剧情\Wintermute,dawn\第4话-重くてそれはつかめない.csv",31,4001067050300,あさひ,冬優子ちゃんって約束破ったことあるっすか？,冬优子有过不遵守约定的经历吗？,283活动剧情,"Wintermute,dawn",第4话-重くてそれはつかめない
"283活动剧情\Wintermute,dawn\第4话-重くてそれはつかめない.csv",34,4001067050330,あさひ,ふーん……,嗯……,283活动剧情,"Wintermute,dawn",第4话-重くてそれはつかめない
"283活动剧情\Wintermute,dawn\第4话-重くてそれはつかめない.csv",37,4001067050360,あさひ,いや……,不是……,283活动剧情,"Wintermute,dawn",第4话-重くてそれはつかめない
"283活动剧情\Wintermute,dawn\第4话-重くてそれはつかめない.csv",41,4001067050400,あさひ,後回し…………そっすね,留到以后…………这样啊,283活动剧情,"Wintermute,dawn",第4话-重くてそれはつかめない
"283活动剧情\Wintermute,dawn\第4话-重くてそれはつかめない.csv",44,4001067050410,あさひ,はいっ……す,是……的说,283活动剧情,"Wintermute,dawn",第4话-重くてそれはつかめない
"283活动剧情\Wintermute,dawn\第4话-重くてそれはつかめない.csv",45,4001067050420,あさひ,身体、邪魔っす,身体，好碍事的说,283活动剧情,"Wintermute,dawn",第4话-重くてそれはつかめない
"283活动剧情\Wintermute,dawn\第4话-重くてそれはつかめない.csv",49,4001067050430,あさひ,抗う……？,对抗……？,283活动剧情,"Wintermute,dawn",第4话-重くてそれはつかめない
"283活动剧情\Wintermute,dawn\第4话-重くてそれはつかめない.csv",55,4001067050470,あさひ,"語学……
難しそうっす","语言……
好像很难的说",283活动剧情,"Wintermute,dawn",第4话-重くてそれはつかめない
"283活动剧情\Wintermute,dawn\第4话-重くてそれはつかめない.csv",57,4001067050480,あさひ,自由……,自由……,283活动剧情,"Wintermute,dawn",第4话-重くてそれはつかめない
"283活动剧情\Wintermute,dawn\第4话-重くてそれはつかめない.csv",59,4001067050490,あさひ,────すごい,————好厉害,283活动剧情,"Wintermute,dawn",第4话-重くてそれはつかめない
"283活动剧情\Wintermute,dawn\第4话-重くてそれはつかめない.csv",60,4001067050500,あさひ,すごいっすけど────,虽然很厉害————,283活动剧情,"Wintermute,dawn",第4话-重くてそれはつかめない
"283活动剧情\Wintermute,dawn\第5话-遭難の準備.csv",4,4001067060010,あさひ,────……,────……,283活动剧情,"Wintermute,dawn",第5话-遭難の準備
"283活动剧情\Wintermute,dawn\第5话-遭難の準備.csv",5,4001067060020,あさひ,──────……,──────……,283活动剧情,"Wintermute,dawn",第5话-遭難の準備
"283活动剧情\Wintermute,dawn\第5话-遭難の準備.csv",10,4001067060030,あさひ,……！,……！,283活动剧情,"Wintermute,dawn",第5话-遭難の準備
"283活动剧情\Wintermute,dawn\第5话-遭難の準備.csv",13,4001067060060,あさひ,……,……,283活动剧情,"Wintermute,dawn",第5话-遭難の準備
"283活动剧情\Wintermute,dawn\第5话-遭難の準備.csv",15,4001067060080,あさひ,──────……,——————……,283活动剧情,"Wintermute,dawn",第5话-遭難の準備
"283活动剧情\Wintermute,dawn\第5话-遭難の準備.csv",18,4001067060090,あさひ,"……
大丈夫っす","……
没问题的说",283活动剧情,"Wintermute,dawn",第5话-遭難の準備
"283活动剧情\Wintermute,dawn\第5话-遭難の準備.csv",20,4001067060110,あさひ,……ちゃんとやってたっすよ,……我有在好好表演的说,283活动剧情,"Wintermute,dawn",第5话-遭難の準備
"283活动剧情\Wintermute,dawn\第5话-遭難の準備.csv",22,4001067060130,あさひ,"本番では
ちゃんとやるっす","正式演出时
我会好好表演的说",283活动剧情,"Wintermute,dawn",第5话-遭難の準備
"283活动剧情\Wintermute,dawn\第5话-遭難の準備.csv",24,4001067060150,あさひ,……うるさいなぁ,……吵死了,283活动剧情,"Wintermute,dawn",第5话-遭難の準備
"283活动剧情\Wintermute,dawn\第5话-遭難の準備.csv",44,4001067060230,あさひ,………………,………………,283活动剧情,"Wintermute,dawn",第5话-遭難の準備
"283活动剧情\Wintermute,dawn\第5话-遭難の準備.csv",47,4001067060240,あさひ,"──────……
遠くに……行きたいっす","——————……
我想去……远方的说",283活动剧情,"Wintermute,dawn",第5话-遭難の準備
"283活动剧情\Wintermute,dawn\第5话-遭難の準備.csv",50,4001067060250,あさひ,あ────……,啊————……,283活动剧情,"Wintermute,dawn",第5话-遭難の準備
"283活动剧情\Wintermute,dawn\第5话-遭難の準備.csv",51,4001067060251,あさひ＆プロデューサー,──お久しぶりです……！,——好久不见……！（你好的说！）,283活动剧情,"Wintermute,dawn",第5话-遭難の準備
"283活动剧情\Wintermute,dawn\第5话-遭難の準備.csv",54,4001067060260,あさひ,また船乗れるのワクワクするっす！,又能坐船了好激动的说！,283活动剧情,"Wintermute,dawn",第5话-遭難の準備
"283活动剧情\Wintermute,dawn\第5话-遭難の準備.csv",56,4001067060270,あさひ,どれか持つっす！,我也来帮忙拿吧！,283活动剧情,"Wintermute,dawn",第5话-遭難の準備
"283活动剧情\Wintermute,dawn\第5话-遭難の準備.csv",58,4001067060280,あさひ,はいっす,是的说,283活动剧情,"Wintermute,dawn",第5话-遭難の準備
"283活动剧情\Wintermute,dawn\第5话-遭難の準備.csv",60,4001067060290,あさひ,────食べ物も持ち込むっすか？,————还要带食物上船吗？,283活动剧情,"Wintermute,dawn",第5话-遭難の準備
"283活动剧情\Wintermute,dawn\第5话-遭難の準備.csv",64,4001067060300,あさひ,"遭難……！
面白そうっすね～","遇难……！
好像很有趣的说～",283活动剧情,"Wintermute,dawn",第5话-遭難の準備
"283活动剧情\Wintermute,dawn\第5话-遭難の準備.csv",70,4001067060310,あさひ,これはなんすか？,这是什么呢？,283活动剧情,"Wintermute,dawn",第5话-遭難の準備
"283活动剧情\Wintermute,dawn\第5话-遭難の準備.csv",74,4001067060320,あさひ,"──ん、なんすか
この丸いの",——嗯，这个圆形的东西是什么呢,283活动剧情,"Wintermute,dawn",第5话-遭難の準備
"283活动剧情\Wintermute,dawn\第5话-遭難の準備.csv",78,4001067060330,あさひ,これなあに？,这是什么？,283活动剧情,"Wintermute,dawn",第5话-遭難の準備
"283活动剧情\Wintermute,dawn\第5话-遭難の準備.csv",80,4001067060340,あさひ,ふーん,嗯——,283活动剧情,"Wintermute,dawn",第5话-遭難の準備
"283活动剧情\Wintermute,dawn\第5话-遭難の準備.csv",81,4001067060350,あさひ,"これはいらない
使うの難しそう","我不要
好像很难用的样子",283活动剧情,"Wintermute,dawn",第5话-遭難の準備
"283活动剧情\Wintermute,dawn\第5话-遭難の準備.csv",83,4001067060360,あさひ,…………,…………,283活动剧情,"Wintermute,dawn",第5话-遭難の準備
"283活动剧情\Wintermute,dawn\第5话-遭難の準備.csv",86,4001067060370,あさひ,……,……,283活动剧情,"Wintermute,dawn",第5话-遭難の準備
"283活动剧情\Wintermute,dawn\第5话-遭難の準備.csv",88,4001067060380,あさひ,────……,————……,283活动剧情,"Wintermute,dawn",第5话-遭難の準備
"283活动剧情\Wintermute,dawn\第5话-遭難の準備.csv",90,4001067060390,あさひ,──────わかんないっす,——————我不清楚的说,283活动剧情,"Wintermute,dawn",第5话-遭難の準備
"283活动剧情\Wintermute,dawn\第5话-遭難の準備.csv",91,4001067060400,あさひ,"でも……学校に行かなくてよくて
もっと楽しいなら……","但是……如果不去上学
能让我更开心的话……",283活动剧情,"Wintermute,dawn",第5话-遭難の準備
"283活动剧情\Wintermute,dawn\第5话-遭難の準備.csv",93,4001067060410,あさひ,"って、思ったっすけど
また、わかんなくなったっす","虽然之前是这么想的
但是我越来越搞不懂了的说",283活动剧情,"Wintermute,dawn",第5话-遭難の準備
"283活动剧情\Wintermute,dawn\第5话-遭難の準備.csv",94,4001067060420,あさひ,────なんも、なかったっす,————什么都没有的说,283活动剧情,"Wintermute,dawn",第5话-遭難の準備
"283活动剧情\Wintermute,dawn\第5话-遭難の準備.csv",95,4001067060430,あさひ,ステージの上……,舞台上……,283活动剧情,"Wintermute,dawn",第5话-遭難の準備
"283活动剧情\Wintermute,dawn\第5话-遭難の準備.csv",104,4001067060450,あさひ,………………,………………,283活动剧情,"Wintermute,dawn",第5话-遭難の準備
"283活动剧情\Wintermute,dawn\第5话-遭難の準備.csv",108,4001067060460,あさひ,……あるっすかね？,……会有吗？,283活动剧情,"Wintermute,dawn",第5话-遭難の準備
"283活动剧情\Wintermute,dawn\第6话-コンパス.csv",20,4001067070060,あさひ,────あ,————啊,283活动剧情,"Wintermute,dawn",第6话-コンパス
"283活动剧情\Wintermute,dawn\第6话-コンパス.csv",21,4001067070070,あさひ,"それ、気になってたやつっす
美味しいっすか？","那个是我之前就想喝的东西的说
好喝吗？",283活动剧情,"Wintermute,dawn",第6话-コンパス
"283活动剧情\Wintermute,dawn\第6话-コンパス.csv",24,4001067070080,あさひ,…………わからなかったっす,…………不明白的说,283活动剧情,"Wintermute,dawn",第6话-コンパス
"283活动剧情\Wintermute,dawn\第6话-コンパス.csv",25,4001067070090,あさひ,でも────,但是————,283活动剧情,"Wintermute,dawn",第6话-コンパス
"283活动剧情\Wintermute,dawn\第6话-コンパス.csv",26,4001067070100,あさひ,"そんなこと言う人
あんまりいないんで面白いっす","一般没有会说这种话的人
所以很有趣的说",283活动剧情,"Wintermute,dawn",第6话-コンパス
"283活动剧情\Wintermute,dawn\第6话-コンパス.csv",28,4001067070110,あさひ,ん？,嗯？,283活动剧情,"Wintermute,dawn",第6话-コンパス
"283活动剧情\Wintermute,dawn\第6话-コンパス.csv",45,4001067070200,あさひ,…………,…………,283活动剧情,"Wintermute,dawn",第6话-コンパス
"283活动剧情\Wintermute,dawn\第6话-コンパス.csv",47,4001067070220,あさひ,…………,…………,283活动剧情,"Wintermute,dawn",第6话-コンパス
"283活动剧情\Wintermute,dawn\第6话-コンパス.csv",50,4001067070250,あさひ,…………,…………,283活动剧情,"Wintermute,dawn",第6话-コンパス
"283活动剧情\Wintermute,dawn\第6话-コンパス.csv",62,4001067070370,あさひ,────────……,————————……,283活动剧情,"Wintermute,dawn",第6话-コンパス
"283活动剧情\Wintermute,dawn\第6话-コンパス.csv",68,4001067070400,あさひ,……！,……！,283活动剧情,"Wintermute,dawn",第6话-コンパス
"283活动剧情\Wintermute,dawn\第6话-コンパス.csv",85,4001067070540,あさひ,──────……！,——————……！,283活动剧情,"Wintermute,dawn",第6话-コンパス
"283活动剧情\Wintermute,dawn\第6话-コンパス.csv",95,4001067070600,あさひ,──あったっす,——有的说,283活动剧情,"Wintermute,dawn",第6话-コンパス
"283活动剧情\Wintermute,dawn\第6话-コンパス.csv",96,4001067070610,あさひ,あった気がするっす,感觉好像有的说,283活动剧情,"Wintermute,dawn",第6话-コンパス
"283活动剧情\Wintermute,dawn\终章-おもいならば、この先.csv",2,4001067080010,あさひ,あ、撮るっすか,啊，要录了吗,283活动剧情,"Wintermute,dawn",终章-おもいならば、この先
"283活动剧情\Wintermute,dawn\终章-おもいならば、この先.csv",4,4001067080020,あさひ,────じゃあ、行くっすよ,————那么，开始跳了的说,283活动剧情,"Wintermute,dawn",终章-おもいならば、この先
"283活动剧情\Wintermute,dawn\终章-おもいならば、この先.csv",6,4001067080030,あさひ,──────……,——————……,283活动剧情,"Wintermute,dawn",终章-おもいならば、この先
"283活动剧情\Wintermute,dawn\终章-おもいならば、この先.csv",12,4001067080081,あさひ＆冬優子,そう？,是吗？,283活动剧情,"Wintermute,dawn",终章-おもいならば、この先
"283活动剧情\Wintermute,dawn\终章-おもいならば、この先.csv",18,4001067080140,あさひ,"……？
なんでお礼を言われるっすかね","……？
干嘛谢我啊",283活动剧情,"Wintermute,dawn",终章-おもいならば、この先
"283活动剧情\Wintermute,dawn\终章-おもいならば、この先.csv",23,4001067080190,あさひ,行かないっすよ,不去了的说,283活动剧情,"Wintermute,dawn",终章-おもいならば、この先
"283活动剧情\Wintermute,dawn\终章-おもいならば、この先.csv",24,4001067080200,あさひ,"よくわかんなかったっすから
とりあえず断ったっす","虽然不是很懂的说
但总之先拒绝了的说",283活动剧情,"Wintermute,dawn",终章-おもいならば、この先
"283活动剧情\Wintermute,dawn\终章-おもいならば、この先.csv",31,4001067080270,あさひ,あー……なるほどー……,啊——……原来如此啊——……,283活动剧情,"Wintermute,dawn",终章-おもいならば、この先
"283活动剧情\Wintermute,dawn\终章-おもいならば、この先.csv",33,4001067080281,あさひ＆愛依,──あははっ,——啊哈哈,283活动剧情,"Wintermute,dawn",终章-おもいならば、この先
"283活动剧情\Wintermute,dawn\终章-おもいならば、この先.csv",47,4001067080310,あさひ,う～～～ん………,嗯～～～…………,283活动剧情,"Wintermute,dawn",终章-おもいならば、この先
"283活动剧情\Wintermute,dawn\终章-おもいならば、この先.csv",50,4001067080340,あさひ,"これ？　これはお菓子の袋っす
ゴミ捨てるとこなくてここに入れといたっす","这个？这是零食得袋子的说
没找到可以扔垃圾的地方就塞进包里了的说",283活动剧情,"Wintermute,dawn",终章-おもいならば、この先
"283活动剧情\Wintermute,dawn\终章-おもいならば、この先.csv",53,4001067080370,あさひ,……え、毎日いちいちチェックするっすか？,……诶，每天都要一点一点检查包包吗？,283活动剧情,"Wintermute,dawn",终章-おもいならば、この先
"283活动剧情\Wintermute,dawn\终章-おもいならば、この先.csv",55,4001067080390,あさひ,……じゃあ、ペンケースはいらないっすかね,……那么，文具盒就不需要了的说,283活动剧情,"Wintermute,dawn",终章-おもいならば、この先
"283活动剧情\Wintermute,dawn\终章-おもいならば、この先.csv",59,4001067080430,あさひ,あー、それはコンパスっす,啊——，那是指南针的说,283活动剧情,"Wintermute,dawn",终章-おもいならば、この先
"283活动剧情\Wintermute,dawn\终章-おもいならば、この先.csv",62,4001067080460,あさひ,…………,…………,283活动剧情,"Wintermute,dawn",终章-おもいならば、この先
"283活动剧情\Wintermute,dawn\终章-おもいならば、この先.csv",63,4001067080470,あさひ,いや、これは入れとくっす,不，这个我要带着的说,283活动剧情,"Wintermute,dawn",终章-おもいならば、この先
"283活动剧情\Wintermute,dawn\终章-おもいならば、この先.csv",65,4001067080490,あさひ,────わかんないっすねぇ,————不知道用不用得到的说,283活动剧情,"Wintermute,dawn",终章-おもいならば、この先
"283活动剧情\Wintermute,dawn\终章-おもいならば、この先.csv",66,4001067080500,あさひ,でも、持っておくと安心らしいっす,但是，带着的话比较安心的说,283活动剧情,"Wintermute,dawn",终章-おもいならば、この先
"283活动剧情\Wintermute,dawn\终章-おもいならば、この先.csv",68,4001067080510,あさひ,よいよーい,过来过来——,283活动剧情,"Wintermute,dawn",终章-おもいならば、この先
"283活动剧情\Wintermute,dawn\终章-おもいならば、この先.csv",70,4001067080530,あさひ,"水鳥、こっち来ないかなって
よいよーい","在想水鸟会不会来这边
过来过来——",283活动剧情,"Wintermute,dawn",终章-おもいならば、この先
"283活动剧情\Wintermute,dawn\终章-おもいならば、この先.csv",73,4001067080560,あさひ,"そっすね！
なんかあったかなー","是这样吗！
有什么东西呢——",283活动剧情,"Wintermute,dawn",终章-おもいならば、この先
"283活动剧情\Wintermute,dawn\终章-おもいならば、この先.csv",81,4001067080570,あさひ,わー、あっち行っちゃったっすー！,哇——，去那边了的说——！,283活动剧情,"Wintermute,dawn",终章-おもいならば、この先
"283活动剧情\Wintermute,dawn\终章-おもいならば、この先.csv",95,4001067080580,あさひ,なんすかー？,怎么了——？,283活动剧情,"Wintermute,dawn",终章-おもいならば、この先
"283活动剧情\Wintermute,dawn\终章-おもいならば、この先.csv",101,4001067080590,あさひ,えっ、ほんとっすか！,诶，真的吗！,283活动剧情,"Wintermute,dawn",终章-おもいならば、この先
"283活动剧情\Wintermute,dawn\终章-おもいならば、この先.csv",102,4001067080600,あさひ,そうだ、コンパス使ってみるっす！,对了，来试试这个指南针吧！,283活动剧情,"Wintermute,dawn",终章-おもいならば、この先
"283活动剧情\Wintermute,dawn\终章-おもいならば、この先.csv",104,4001067080610,あさひ,じゃあ、この針が向いてる方────,那么，朝这个指针的方向————,283活动剧情,"Wintermute,dawn",终章-おもいならば、この先
"283活动剧情\Wintermute,dawn\终章-おもいならば、この先.csv",105,4001067080620,あさひ,うーんと────……,嗯————……,283活动剧情,"Wintermute,dawn",终章-おもいならば、この先
"283活动剧情\Wintermute,dawn\终章-おもいならば、この先.csv",106,4001067080630,あさひ,"────あっち！
あっちの方向目指すっす！","————那边！
朝着那边前行的说！",283活动剧情,"Wintermute,dawn",终章-おもいならば、この先
283活动剧情\WorldEndBreakDown\エンディング 『Rival』.csv,4,4001023080030,あさひ,"──だって……
わたしたちは……","──因为……
我们是……",283活动剧情,WorldEndBreakDown,エンディング 『Rival』
283活动剧情\WorldEndBreakDown\エンディング 『Rival』.csv,9,4001023080040,あさひ,みんな～、元気っすかー！！！,各位～你们还好吗！！！,283活动剧情,WorldEndBreakDown,エンディング 『Rival』
283活动剧情\WorldEndBreakDown\エンディング 『Rival』.csv,10,4001023080050,あさひ,"今回の『ゴールデンアイドルフェス』
わたしたちに投票してくれた人たち、ありがとーっす！","这次的“Golden Idol Fes”
那些给我们投票了的人，谢谢你们！",283活动剧情,WorldEndBreakDown,エンディング 『Rival』
283活动剧情\WorldEndBreakDown\エンディング 『Rival』.csv,11,4001023080060,あさひ,"──ってお礼言っておけって、
冬優子ちゃんが言ってたっす！","──去像这样道个谢
冬优子是这么吩咐的！",283活动剧情,WorldEndBreakDown,エンディング 『Rival』
283活动剧情\WorldEndBreakDown\エンディング 『Rival』.csv,13,4001023080080,あさひ,"今回、わたしたちは２位だったみたいっす！
……１位じゃないの、すっごく悔しいっす！","这一次我们好像是第二名呢！
……不是第一，我真的很不甘心！",283活动剧情,WorldEndBreakDown,エンディング 『Rival』
283活动剧情\WorldEndBreakDown\エンディング 『Rival』.csv,14,4001023080090,あさひ,"だから次は、もっともっとみんなで頑張って、
絶対１位になるっすよ！","所以下一次，要更加更加地和大家一起努力，
绝对要成为第一！",283活动剧情,WorldEndBreakDown,エンディング 『Rival』
283活动剧情\WorldEndBreakDown\エンディング 『Rival』.csv,15,4001023080100,あさひ,ね、愛依ちゃん！,是吧，爱依！,283活动剧情,WorldEndBreakDown,エンディング 『Rival』
283活动剧情\WorldEndBreakDown\エンディング 『Rival』.csv,30,4001023080190,あさひ,冬優子ちゃんは、そう思ってないんすか？,冬优子不是这么想的吗？,283活动剧情,WorldEndBreakDown,エンディング 『Rival』
283活动剧情\WorldEndBreakDown\エンディング 『Rival』.csv,33,4001023080201,あさひ＆愛依,…………！,,283活动剧情,WorldEndBreakDown,エンディング 『Rival』
283活动剧情\WorldEndBreakDown\エンディング 『Rival』.csv,39,4001023080211,あさひ＆冬優子,………………,,283活动剧情,WorldEndBreakDown,エンディング 『Rival』
283活动剧情\WorldEndBreakDown\エンディング 『Rival』.csv,42,4001023080240,あさひ,そっすね～,是啊～,283活动剧情,WorldEndBreakDown,エンディング 『Rival』
283活动剧情\WorldEndBreakDown\エンディング 『Rival』.csv,45,4001023080270,あさひ,"愛依ちゃんは知りたいんすか？
結果","爱依你想知道吗？
结果",283活动剧情,WorldEndBreakDown,エンディング 『Rival』
283活动剧情\WorldEndBreakDown\エンディング 『Rival』.csv,51,4001023080330,あさひ,"うん
愛依ちゃんらしいっす","嗯
是像爱依会说的话",283活动剧情,WorldEndBreakDown,エンディング 『Rival』
283活动剧情\WorldEndBreakDown\エンディング 『Rival』.csv,60,4001023080420,あさひ,そっすね,是呢,283活动剧情,WorldEndBreakDown,エンディング 『Rival』
283活动剧情\WorldEndBreakDown\エンディング 『Rival』.csv,61,4001023080430,あさひ,"ゲームは公平な方が楽しいっすから
フェアにやって勝たないとダメっす","游戏还是要公平才好
不公平地赢是不行的",283活动剧情,WorldEndBreakDown,エンディング 『Rival』
283活动剧情\WorldEndBreakDown\エンディング 『Rival』.csv,62,4001023080440,あさひ,"だから、
次はちゃんと戦って──ちゃんと勝つっすよ","所以，
下一次要认真对决──好好地取胜",283活动剧情,WorldEndBreakDown,エンディング 『Rival』
283活动剧情\WorldEndBreakDown\エンディング 『Rival』.csv,68,4001023080500,あさひ,"わかってるっす
愛依ちゃんは、そんなことしないって","我知道
爱依是不会这么做的",283活动剧情,WorldEndBreakDown,エンディング 『Rival』
283活动剧情\WorldEndBreakDown\エンディング 『Rival』.csv,76,4001023080580,あさひ,"わたしは──……
冬優子ちゃんのことも、愛依ちゃんのことも、好きっすよ","我──……
不管是冬优子，还是爱依，都喜欢哦",283活动剧情,WorldEndBreakDown,エンディング 『Rival』
283活动剧情\WorldEndBreakDown\エンディング 『Rival』.csv,77,4001023080590,あさひ,ふたりといると、面白いっすから,因为和你们在一起，很有趣,283活动剧情,WorldEndBreakDown,エンディング 『Rival』
283活动剧情\WorldEndBreakDown\エンディング 『Rival』.csv,78,4001023080600,あさひ,──ね、冬優子ちゃん,──是吧，冬优子,283活动剧情,WorldEndBreakDown,エンディング 『Rival』
283活动剧情\WorldEndBreakDown\エンディング 『Rival』.csv,82,4001023080640,あさひ,あはは、冬優子ちゃんは怒るだけっすもんね！,啊哈哈，毕竟冬优子只会发火呢！,283活动剧情,WorldEndBreakDown,エンディング 『Rival』
283活动剧情\WorldEndBreakDown\エンディング 『Rival』.csv,83,4001023080650,あさひ,愛依ちゃんの方がいいっす！,还是爱依好！,283活动剧情,WorldEndBreakDown,エンディング 『Rival』
283活动剧情\WorldEndBreakDown\エンディング 『Rival』.csv,89,4001023080710,あさひ,はいっす！,好！,283活动剧情,WorldEndBreakDown,エンディング 『Rival』
283活动剧情\WorldEndBreakDown\エンディング 『Rival』.csv,91,4001023080730,あさひ,……愛依ちゃん？,……爱依？,283活动剧情,WorldEndBreakDown,エンディング 『Rival』
283活动剧情\WorldEndBreakDown\オープニング.csv,3,4001023010010,あさひ,"楽しかったっすー！
今日のお客さんたち、すごく盛り上がってたっすね！","真开心！
今天的客人们情绪非常热烈呢！",283活动剧情,WorldEndBreakDown,オープニング
283活动剧情\WorldEndBreakDown\オープニング.csv,5,4001023010030,あさひ,"うーーーー……！
まだまだ踊りたいっす──","唔────……！
我还想跳──",283活动剧情,WorldEndBreakDown,オープニング
283活动剧情\WorldEndBreakDown\オープニング.csv,6,4001023010031,あさひ＆愛依,！,,283活动剧情,WorldEndBreakDown,オープニング
283活动剧情\WorldEndBreakDown\オープニング.csv,10,4001023010070,あさひ,"？
イベント、終わったばっかっすよ？","？
活动才刚刚结束啊？",283活动剧情,WorldEndBreakDown,オープニング
283活动剧情\WorldEndBreakDown\オープニング.csv,39,4001023010240,あさひ,どうしたんすか？　プロデューサーさん,怎么了？制作人,283活动剧情,WorldEndBreakDown,オープニング
283活动剧情\WorldEndBreakDown\オープニング.csv,47,4001023010270,あさひ,企画、っすか……？,企划，吗……？,283活动剧情,WorldEndBreakDown,オープニング
283活动剧情\WorldEndBreakDown\オープニング.csv,55,4001023010300,あさひ,"投票……順位……
……それって、なんか……","投票……排名……
……这有点……",283活动剧情,WorldEndBreakDown,オープニング
283活动剧情\WorldEndBreakDown\オープニング.csv,56,4001023010310,あさひ,……海のこと、思い出すっすね,……让人想起海边的事呢,283活动剧情,WorldEndBreakDown,オープニング
283活动剧情\WorldEndBreakDown\第1話.csv,5,4001023020010,あさひ,出たいっす！　プロデューサーさん！,我想参加！制作人！,283活动剧情,WorldEndBreakDown,第1話
283活动剧情\WorldEndBreakDown\第1話.csv,7,4001023020020,あさひ,"１位になったら、一番長くステージで踊れるんすよね？
楽しそうっす！　出たいっす！","只要成为第一名，就能在舞台上跳得最久对吧？
好像很有趣！我想参加！",283活动剧情,WorldEndBreakDown,第1話
283活动剧情\WorldEndBreakDown\第1話.csv,16,4001023020071,あさひ＆愛依,………………？,,283活动剧情,WorldEndBreakDown,第1話
283活动剧情\WorldEndBreakDown\第1話.csv,19,4001023020091,あさひ＆愛依,………………！,………………！,283活动剧情,WorldEndBreakDown,第1話
283活动剧情\WorldEndBreakDown\第1話.csv,21,4001023020110,あさひ,"楽しそうっす！
わたしがみんなに、投票してくださいって言うんすよね！？","好像很有趣！
我要向大家说请投票给我对吧！？",283活动剧情,WorldEndBreakDown,第1話
283活动剧情\WorldEndBreakDown\第1話.csv,22,4001023020120,あさひ,愛依ちゃんはどうっすか？,爱依你觉得怎么样？,283活动剧情,WorldEndBreakDown,第1話
283活动剧情\WorldEndBreakDown\第1話.csv,24,4001023020140,あさひ,…………愛依ちゃん？,…………爱依？,283活动剧情,WorldEndBreakDown,第1話
283活动剧情\WorldEndBreakDown\第1話.csv,32,4001023020190,あさひ,ありがとっす、プロデューサーさん！,谢谢你，制作人！,283活动剧情,WorldEndBreakDown,第1話
283活动剧情\WorldEndBreakDown\第2話.csv,59,4001023030450,あさひ,………………………………,,283活动剧情,WorldEndBreakDown,第2話
283活动剧情\WorldEndBreakDown\第2話.csv,61,4001023030460,あさひ,"ン、ンん……
なんすか、愛依ちゃ──……","唔，嗯……
怎么了，爱依──……",283活动剧情,WorldEndBreakDown,第2話
283活动剧情\WorldEndBreakDown\第2話.csv,62,4001023030470,あさひ,"──んじゃなくて、
プロデューサーさんっすか……","──不对，
是制作人吗……",283活动剧情,WorldEndBreakDown,第2話
283活动剧情\WorldEndBreakDown\第2話.csv,64,4001023030480,あさひ,"んー…………
大丈夫っすよー…………","嗯——…………
没关系…………",283活动剧情,WorldEndBreakDown,第2話
283活动剧情\WorldEndBreakDown\第2話.csv,65,4001023030490,あさひ,で、なんすか？,那么，是什么事？,283活动剧情,WorldEndBreakDown,第2話
283活动剧情\WorldEndBreakDown\第2話.csv,68,4001023030500,あさひ,"はいっすー
んー…………","好的
嗯…………",283活动剧情,WorldEndBreakDown,第2話
283活动剧情\WorldEndBreakDown\第2話.csv,69,4001023030510,あさひ,──あ、これっすか,──啊，是这个吗,283活动剧情,WorldEndBreakDown,第2話
283活动剧情\WorldEndBreakDown\第2話.csv,71,4001023030520,あさひ,はいっすー……,好的……,283活动剧情,WorldEndBreakDown,第2話
283活动剧情\WorldEndBreakDown\第2話.csv,72,4001023030530,あさひ,………………,,283活动剧情,WorldEndBreakDown,第2話
283活动剧情\WorldEndBreakDown\第2話.csv,73,4001023030540,あさひ,……『ユニットメンバーに怒られたことはあるか』……,……“有没有惹组合成员生气过”……,283活动剧情,WorldEndBreakDown,第2話
283活动剧情\WorldEndBreakDown\第2話.csv,74,4001023030550,あさひ,……なんすかこの質問,……这个问题是什么啊,283活动剧情,WorldEndBreakDown,第2話
283活动剧情\WorldEndBreakDown\第2話.csv,76,4001023030560,あさひ,"んー…………
冬優子ちゃんが、こういうのは全部埋めろって……","嗯——…………
冬优子说过，这种东西要全部填上……",283活动剧情,WorldEndBreakDown,第2話
283活动剧情\WorldEndBreakDown\第2話.csv,78,4001023030570,あさひ,"んーーー…………
冬優子ちゃんにはいっぱい怒られてるっすねー","嗯——————…………
我被冬优子骂过很多次呢",283活动剧情,WorldEndBreakDown,第2話
283活动剧情\WorldEndBreakDown\第2話.csv,79,4001023030580,あさひ,"薄着すぎて風邪ひくとか、
ふらふらしたら人にぶつかるとか、車に轢かれるとか……","穿的太薄会感冒，
到处乱晃会撞到人，被车撞什么的……",283活动剧情,WorldEndBreakDown,第2話
283活动剧情\WorldEndBreakDown\第2話.csv,80,4001023030590,あさひ,でも、書かないほうがいいっすよねー……,但是，还是不写比较好呢……,283活动剧情,WorldEndBreakDown,第2話
283活动剧情\WorldEndBreakDown\第2話.csv,82,4001023030600,あさひ,じゃあ……,那……,283活动剧情,WorldEndBreakDown,第2話
283活动剧情\WorldEndBreakDown\第2話.csv,83,4001023030610,あさひ,愛依ちゃん、は……,爱依，呢……,283活动剧情,WorldEndBreakDown,第2話
283活动剧情\WorldEndBreakDown\第2話.csv,84,4001023030620,あさひ,…………,…………,283活动剧情,WorldEndBreakDown,第2話
283活动剧情\WorldEndBreakDown\第2話.csv,85,4001023030630,あさひ,………………,………………,283活动剧情,WorldEndBreakDown,第2話
283活动剧情\WorldEndBreakDown\第2話.csv,86,4001023030640,あさひ,………………………………,………………………………,283活动剧情,WorldEndBreakDown,第2話
283活动剧情\WorldEndBreakDown\第2話.csv,88,4001023030660,あさひ,！！,！！,283活动剧情,WorldEndBreakDown,第2話
283活动剧情\WorldEndBreakDown\第2話.csv,90,4001023030680,あさひ,"え、今休憩時間っすよね
好きにしていいんじゃないんすか？","诶，现在是休息时间吧
不是可以自由活动吗？",283活动剧情,WorldEndBreakDown,第2話
283活动剧情\WorldEndBreakDown\第2話.csv,92,4001023030700,あさひ,………………………………,,283活动剧情,WorldEndBreakDown,第2話
283活动剧情\WorldEndBreakDown\第2話.csv,96,4001023030710,あさひ,『みんなに迷惑かけるから』、すか？,“因为会给大家添麻烦”是吗？,283活动剧情,WorldEndBreakDown,第2話
283活动剧情\WorldEndBreakDown\第2話.csv,98,4001023030730,あさひ,え…………,诶…………,283活动剧情,WorldEndBreakDown,第2話
283活动剧情\WorldEndBreakDown\第2話.csv,100,4001023030750,あさひ,！！,！！,283活动剧情,WorldEndBreakDown,第2話
283活动剧情\WorldEndBreakDown\第2話.csv,102,4001023030770,あさひ,……はいっす,……好的,283活动剧情,WorldEndBreakDown,第2話
283活动剧情\WorldEndBreakDown\第2話.csv,104,4001023030790,あさひ,向こうにペットショップあるらしくって……,那边好像有宠物商店……,283活动剧情,WorldEndBreakDown,第2話
283活动剧情\WorldEndBreakDown\第2話.csv,107,4001023030820,あさひ,…………っす,…………,283活动剧情,WorldEndBreakDown,第2話
283活动剧情\WorldEndBreakDown\第2話.csv,108,4001023030830,あさひ,"…………冬優子ちゃんにも、愛依ちゃんにも、
いっぱい怒られるっす","…………不管是冬优子，还是爱依，
都骂过我很多次",283活动剧情,WorldEndBreakDown,第2話
283活动剧情\WorldEndBreakDown\第2話.csv,109,4001023030840,あさひ,………………………………,,283活动剧情,WorldEndBreakDown,第2話
283活动剧情\WorldEndBreakDown\第2話.csv,110,4001023030850,あさひ,…………でも、嫌じゃないっす,…………但是，我不讨厌,283活动剧情,WorldEndBreakDown,第2話
283活动剧情\WorldEndBreakDown\第3話.csv,2,4001023040010,あさひ,"──みんな！
今日はわたしたちのイベントに来てくれてありがとっす！","──各位！
感谢你们今天来参加我们的活动！",283活动剧情,WorldEndBreakDown,第3話
283活动剧情\WorldEndBreakDown\第3話.csv,5,4001023040040,あさひ,"最近のわたしたちはっすね──
──あ！　人気投票！　みんなもしてくれたっすか？","最近的我们呢──
──啊！人气投票！大家都投了吗？",283活动剧情,WorldEndBreakDown,第3話
283活动剧情\WorldEndBreakDown\第3話.csv,6,4001023040050,あさひ,"こないだの中間発表、１位だったんすよ！
みんなのおかげっす！","前些天中期发表的结果，我们是第一名呢！
多亏了大家！",283活动剧情,WorldEndBreakDown,第3話
283活动剧情\WorldEndBreakDown\第3話.csv,7,4001023040060,あさひ,"実はわたしたち、みんなで勝負してるんすよ！
誰が、一番票を集められるかって","其实我们在比赛呢！
比谁能获得最多的票",283活动剧情,WorldEndBreakDown,第3話
283活动剧情\WorldEndBreakDown\第3話.csv,9,4001023040070,あさひ,"わたし、冬優子ちゃんと愛依ちゃんに負けたくないっす！
だから……みんな、投票してほしいっす！","我不想输给冬优子和爱依！
所以……希望大家给我投票！",283活动剧情,WorldEndBreakDown,第3話
283活动剧情\WorldEndBreakDown\第3話.csv,10,4001023040080,あさひ,"それと、１位になったらいっぱいステージに
立てるらしいから、最終順位もトップがいいっす！","还有，好像成为第一名就能够在舞台上
站得很久，所以最终排名也要第一才好！",283活动剧情,WorldEndBreakDown,第3話
283活动剧情\WorldEndBreakDown\第3話.csv,37,4001023040350,あさひ,なんか、冬優子ちゃんのこと撮ってたんで,因为看到好像在拍冬优子,283活动剧情,WorldEndBreakDown,第3話
283活动剧情\WorldEndBreakDown\第3話.csv,42,4001023040400,あさひ,"変な顔っすか！？
見てみたいっす！","表情奇怪吗！？
我想看看！",283活动剧情,WorldEndBreakDown,第3話
283活动剧情\WorldEndBreakDown\第4話 Heat Up.csv,6,4001023050040,あさひ,わたしはまだまだいけるっすよ！,我还可以继续下去！,283活动剧情,WorldEndBreakDown,第4話 Heat Up
283活动剧情\WorldEndBreakDown\第4話 Heat Up.csv,7,4001023050050,あさひ,ふたりはもう限界なんすか？,你们俩已经不行了吗？,283活动剧情,WorldEndBreakDown,第4話 Heat Up
283活动剧情\WorldEndBreakDown\第4話 Heat Up.csv,12,4001023050080,あさひ,あ、プロデューサーさん！,啊，制作人！,283活动剧情,WorldEndBreakDown,第4話 Heat Up
283活动剧情\WorldEndBreakDown\第4話 Heat Up.csv,17,4001023050111,あさひ＆愛依,！,,283活动剧情,WorldEndBreakDown,第4話 Heat Up
283活动剧情\WorldEndBreakDown\第4話 Heat Up.csv,18,4001023050120,あさひ,……それはこっちのセリフっすよ！,……这话应该轮到我来说！,283活动剧情,WorldEndBreakDown,第4話 Heat Up
283活动剧情\WorldEndBreakDown\第5話 Loser _.csv,4,4001023060030,あさひ,"…………？
何がっすか？","…………？
什么快了？",283活动剧情,WorldEndBreakDown,第5話 Loser _
283活动剧情\WorldEndBreakDown\第5話 Loser _.csv,7,4001023060050,あさひ,…………？,,283活动剧情,WorldEndBreakDown,第5話 Loser _
283活动剧情\WorldEndBreakDown\第5話 Loser _.csv,10,4001023060080,あさひ,"へー…………
そうだったんすね……","哦…………
是这样啊……",283活动剧情,WorldEndBreakDown,第5話 Loser _
283活动剧情\WorldEndBreakDown\第5話 Loser _.csv,11,4001023060090,あさひ,あはは、早く結果が見たいっすね！,啊哈哈，真想早点看到结果呢！,283活动剧情,WorldEndBreakDown,第5話 Loser _
283活动剧情\WorldEndBreakDown\第5話 Loser _.csv,16,4001023060120,あさひ,"早く！　早く結果、知りたいっす！
誰が１位っすか？","快！我想快点知道结果！
谁是第一名？",283活动剧情,WorldEndBreakDown,第5話 Loser _
283活动剧情\WorldEndBreakDown\第5話 Loser _.csv,29,4001023060180,あさひ,愛依ちゃん、知ってるんすか？,爱依，你知道吗？,283活动剧情,WorldEndBreakDown,第5話 Loser _
283活动剧情\WorldEndBreakDown\第5話 Loser _.csv,37,4001023060250,あさひ,それがどうかしたんすか？,那有什么问题吗？,283活动剧情,WorldEndBreakDown,第5話 Loser _
283活动剧情\WorldEndBreakDown\第5話 Loser _.csv,41,4001023060290,あさひ,"そっすね
今からできることだと……えっと……","是啊
要说现在能做的事……呃……",283活动剧情,WorldEndBreakDown,第5話 Loser _
283活动剧情\WorldEndBreakDown\第5話 Loser _.csv,47,4001023060350,あさひ,それって、もうダメってことっすか？,就是说，已经没办法了吗？,283活动剧情,WorldEndBreakDown,第5話 Loser _
283活动剧情\WorldEndBreakDown\第5話 Loser _.csv,49,4001023060370,あさひ,………………,,283活动剧情,WorldEndBreakDown,第5話 Loser _
283活动剧情\WorldEndBreakDown\第5話 Loser _.csv,51,4001023060390,あさひ,"だって、冬優子ちゃんが言うんすから
……ダメだって","因为，是冬优子说的
……已经没办法了",283活动剧情,WorldEndBreakDown,第5話 Loser _
283活动剧情\WorldEndBreakDown\第5話 Loser _.csv,54,4001023060411,あさひ＆冬優子,"………………
…………………………",,283活动剧情,WorldEndBreakDown,第5話 Loser _
283活动剧情\WorldEndBreakDown\第5話 Loser _.csv,57,4001023060440,あさひ,"わたしも聞きたいっす！
冬優子ちゃんにも愛依ちゃんにも負けないっすよ！","我也想听！
我不会输给冬优子和爱依的！",283活动剧情,WorldEndBreakDown,第5話 Loser _
283活动剧情\WorldEndBreakDown\第6話 Center.csv,4,4001023070030,あさひ,──あ、これ一緒にレッスンした時のっすよね！,──啊，这是那次一起练习时的！,283活动剧情,WorldEndBreakDown,第6話 Center
283活动剧情\WorldEndBreakDown\第6話 Center.csv,10,4001023070090,あさひ,"……………………
………………………………",,283活动剧情,WorldEndBreakDown,第6話 Center
283活动剧情\WorldEndBreakDown\第6話 Center.csv,11,4001023070100,あさひ,──……,,283活动剧情,WorldEndBreakDown,第6話 Center
283活动剧情\WorldEndBreakDown\第6話 Center.csv,17,4001023070160,あさひ,恥ずかしい……？,不好意思……？,283活动剧情,WorldEndBreakDown,第6話 Center
283活动剧情\WorldEndBreakDown\第6話 Center.csv,41,4001023070381,あさひ＆冬優子,"………………
…………………………",,283活动剧情,WorldEndBreakDown,第6話 Center
283活动剧情\WorldEndBreakDown\第6話 Center.csv,50,4001023070470,あさひ,……愛依ちゃん、勝ちたくないんすか？,……爱依，你不想赢吗？,283活动剧情,WorldEndBreakDown,第6話 Center
283活动剧情\WorldEndBreakDown\第6話 Center.csv,52,4001023070490,あさひ,"わたしたち、勝負してたっすよね
誰が一番票を集められるかって","我们是在比赛吧
比谁能获得最多的票",283活动剧情,WorldEndBreakDown,第6話 Center
283活动剧情\WorldEndBreakDown\第6話 Center.csv,53,4001023070500,あさひ,愛依ちゃん、もう勝負はいいんすか？,爱依，你已经不关心胜负了吗？,283活动剧情,WorldEndBreakDown,第6話 Center
283活动剧情\WorldEndBreakDown\第6話 Center.csv,60,4001023070551,あさひ＆冬優子,…………,,283活动剧情,WorldEndBreakDown,第6話 Center
283活动剧情\WorldEndBreakDown\第6話 Center.csv,65,4001023070591,あさひ＆冬優子,…………,,283活动剧情,WorldEndBreakDown,第6話 Center
283活动剧情\WorldEndBreakDown\第6話 Center.csv,66,4001023070592,あさひ＆冬優子,………………………………,,283活动剧情,WorldEndBreakDown,第6話 Center
283活动剧情\WorldEndBreakDown\第6話 Center.csv,71,4001023070640,あさひ,今日は愛依ちゃんがセンターっすよ～,今天爱依是center～,283活动剧情,WorldEndBreakDown,第6話 Center
283活动剧情\WorldEndBreakDown\第6話 Center.csv,78,4001023070710,あさひ,いいっすよね、愛依ちゃん！,可以的吧，爱依！,283活动剧情,WorldEndBreakDown,第6話 Center
283活动剧情\World×Code\ビルの上で×悪の怪人×裏切り-敵対ロマンス（あさひ）.csv,4,4901021520010,あさひ,"えっ、嫌っす
これすごいっすよ！　体が軽くて──","诶，我不要
这个好厉害啊！身体好轻——",283活动剧情,World×Code,ビルの上で×悪の怪人×裏切り-敵対ロマンス（あさひ）
283活动剧情\World×Code\ビルの上で×悪の怪人×裏切り-敵対ロマンス（あさひ）.csv,5,4901021520020,あさひ,──♪,,283活动剧情,World×Code,ビルの上で×悪の怪人×裏切り-敵対ロマンス（あさひ）
283活动剧情\World×Code\ビルの上で×悪の怪人×裏切り-敵対ロマンス（あさひ）.csv,7,4901021520030,あさひ,空も飛べそう──,感觉能飞上天——,283活动剧情,World×Code,ビルの上で×悪の怪人×裏切り-敵対ロマンス（あさひ）
283活动剧情\World×Code\ビルの上で×悪の怪人×裏切り-敵対ロマンス（あさひ）.csv,11,4901021520040,あさひ,"あはは……
それすっごくつまらなそうっす","啊哈哈……
这听上去好无聊啊",283活动剧情,World×Code,ビルの上で×悪の怪人×裏切り-敵対ロマンス（あさひ）
283活动剧情\World×Code\ビルの上で×悪の怪人×裏切り-敵対ロマンス（あさひ）.csv,12,4901021520050,あさひ,今のわたしは、なんだってできる──,现在的我，什么都能做到——,283活动剧情,World×Code,ビルの上で×悪の怪人×裏切り-敵対ロマンス（あさひ）
283活动剧情\World×Code\ビルの上で×悪の怪人×裏切り-敵対ロマンス（あさひ）.csv,14,4901021520070,あさひ,ああ、楽しい──！,啊啊，真愉快——！,283活动剧情,World×Code,ビルの上で×悪の怪人×裏切り-敵対ロマンス（あさひ）
283活动剧情\World×Code\孤島の館で×怪盗×現場検証-探偵（あさひ）.csv,3,4901021240010,あさひ,"ちゃんと推理していれば、
認めてもらえるんじゃないんすか？","只要好好推理，
不就能认同我们了吗？",283活动剧情,World×Code,孤島の館で×怪盗×現場検証-探偵（あさひ）
283活动剧情\World×Code\孤島の館で×怪盗×現場検証-探偵（あさひ）.csv,6,4901021240020,あさひ,……だから、愛想よく挨拶するんすか？,……所以就要讨好别人去打招呼？,283活动剧情,World×Code,孤島の館で×怪盗×現場検証-探偵（あさひ）
283活动剧情\World×Code\孤島の館で×怪盗×現場検証-探偵（あさひ）.csv,8,4901021240030,あさひ,……わかったっす,……我知道了,283活动剧情,World×Code,孤島の館で×怪盗×現場検証-探偵（あさひ）
283活动剧情\World×Code\孤島の館で×怪盗×現場検証-探偵（あさひ）.csv,10,4901021240031,あさひ＆助手,『毎度ありがとうございます』,“谢谢惠顾”,283活动剧情,World×Code,孤島の館で×怪盗×現場検証-探偵（あさひ）
283活动剧情\World×Code\孤島の館で×怪盗×現場検証-探偵（あさひ）.csv,13,4901021240040,あさひ,『毎度ありがとうございます』,“谢谢惠顾”,283活动剧情,World×Code,孤島の館で×怪盗×現場検証-探偵（あさひ）
283活动剧情\World×Code\岡っ引き×幽霊現る×事件を目撃-時代劇（あさひ）.csv,4,4901021790010,あさひ,"お、幽霊っすか！？
捕まえるっす！","哦，幽灵吗！？
我去抓！",283活动剧情,World×Code,岡っ引き×幽霊現る×事件を目撃-時代劇（あさひ）
283活动剧情\World×Code\岡っ引き×幽霊現る×事件を目撃-時代劇（あさひ）.csv,6,4901021790020,あさひ,"町人さん、場所はどこっすか？
どんな現象が起きてるんすか！？","商人，在哪里？
发生什么现象了！？",283活动剧情,World×Code,岡っ引き×幽霊現る×事件を目撃-時代劇（あさひ）
283活动剧情\World×Code\岡っ引き×幽霊現る×事件を目撃-時代劇（あさひ）.csv,8,4901021790030,あさひ,えぇ～、幽霊捕まえたいっす～,诶～， 我想去抓幽灵～,283活动剧情,World×Code,岡っ引き×幽霊現る×事件を目撃-時代劇（あさひ）
283活动剧情\World×Code\岡っ引き×幽霊現る×事件を目撃-時代劇（あさひ）.csv,10,4901021790040,あさひ,"もしかして、捕まえられる自信がないんすか？
情けないっす！","难道你没自信抓住吗？
没出息！",283活动剧情,World×Code,岡っ引き×幽霊現る×事件を目撃-時代劇（あさひ）
283活动剧情\World×Code\岡っ引き×幽霊現る×事件を目撃-時代劇（あさひ）.csv,13,4901021790050,あさひ,やったっす～！,好耶～！,283活动剧情,World×Code,岡っ引き×幽霊現る×事件を目撃-時代劇（あさひ）
283活动剧情\きよしこの夜、プレゼン・フォー・ユー！\13_32 PM.csv,57,4001019020560,あさひ,はいっす！,嗯！,283活动剧情,きよしこの夜、プレゼン・フォー・ユー！,13_32 PM
283活动剧情\きよしこの夜、プレゼン・フォー・ユー！\13_32 PM.csv,60,4001019020590,あさひ,──ゆっくりやってたらダメっす！,——慢慢来可不行！,283活动剧情,きよしこの夜、プレゼン・フォー・ユー！,13_32 PM
283活动剧情\きよしこの夜、プレゼン・フォー・ユー！\13_32 PM.csv,63,4001019020620,あさひ,えっ、突っ込むっすか！？,诶，是冲刺吗！？,283活动剧情,きよしこの夜、プレゼン・フォー・ユー！,13_32 PM
283活动剧情\きよしこの夜、プレゼン・フォー・ユー！\13_32 PM.csv,64,4001019020630,あさひ,突っ込むのはスピードの出し過ぎっすよ！！,冲刺是速度太快的意思啊！！,283活动剧情,きよしこの夜、プレゼン・フォー・ユー！,13_32 PM
283活动剧情\きよしこの夜、プレゼン・フォー・ユー！\13_32 PM.csv,71,4001019020690,あさひ,はいっす！　やったっす！,是的！　说了！,283活动剧情,きよしこの夜、プレゼン・フォー・ユー！,13_32 PM
283活动剧情\きよしこの夜、プレゼン・フォー・ユー！\13_32 PM.csv,72,4001019020700,あさひ,"でも、『ノリが大事』
っていう結論だったはずっすよ！","但是，刚刚得出的结论
应该是“气氛最重要”吧！",283活动剧情,きよしこの夜、プレゼン・フォー・ユー！,13_32 PM
283活动剧情\きよしこの夜、プレゼン・フォー・ユー！\13_32 PM.csv,79,4001019020770,あさひ,"あっ、無線だ！
──はいっ、チームまりあっす！","啊，是无线电！
——是，这里是玛丽亚组！",283活动剧情,きよしこの夜、プレゼン・フォー・ユー！,13_32 PM
283活动剧情\きよしこの夜、プレゼン・フォー・ユー！\13_32 PM.csv,84,4001019020800,あさひ,"はいっす！
こちらチームまりあ！","收到！
这里是玛丽亚组！",283活动剧情,きよしこの夜、プレゼン・フォー・ユー！,13_32 PM
283活动剧情\きよしこの夜、プレゼン・フォー・ユー！\13_32 PM.csv,85,4001019020810,あさひ,"……？
チームまりあっす！　どうぞ！",……？这里是玛丽亚组！　请回答！,283活动剧情,きよしこの夜、プレゼン・フォー・ユー！,13_32 PM
283活动剧情\きよしこの夜、プレゼン・フォー・ユー！\13_32 PM.csv,87,4001019020820,あさひ,はいっす……！,好的……！,283活动剧情,きよしこの夜、プレゼン・フォー・ユー！,13_32 PM
283活动剧情\きよしこの夜、プレゼン・フォー・ユー！\13_32 PM.csv,91,4001019020840,あさひ,トナカイ……！,驯鹿……！,283活动剧情,きよしこの夜、プレゼン・フォー・ユー！,13_32 PM
283活动剧情\きよしこの夜、プレゼン・フォー・ユー！\13_32 PM.csv,93,4001019020860,あさひ,もしもーし！　もしもーし……！,你好——！　你好……！,283活动剧情,きよしこの夜、プレゼン・フォー・ユー！,13_32 PM
283活动剧情\きよしこの夜、プレゼン・フォー・ユー！\13_32 PM.csv,101,4001019020940,あさひ,トナカイ……！,驯鹿……！,283活动剧情,きよしこの夜、プレゼン・フォー・ユー！,13_32 PM
283活动剧情\きよしこの夜、プレゼン・フォー・ユー！\14_11 PM.csv,22,4001019030210,あさひ,みんなー！　大丈夫っすかー！？,大家！　没事吧！？,283活动剧情,きよしこの夜、プレゼン・フォー・ユー！,14_11 PM
283活动剧情\きよしこの夜、プレゼン・フォー・ユー！\14_11 PM.csv,32,4001019030300,あさひ,サンタっす……,是圣诞老人……,283活动剧情,きよしこの夜、プレゼン・フォー・ユー！,14_11 PM
283活动剧情\きよしこの夜、プレゼン・フォー・ユー！\14_11 PM.csv,34,4001019030320,あさひ,サンタがプレゼントを落としていったんすよ！,是圣诞老人丢了礼物！,283活动剧情,きよしこの夜、プレゼン・フォー・ユー！,14_11 PM
283活动剧情\きよしこの夜、プレゼン・フォー・ユー！\14_11 PM.csv,59,4001019030540,あさひ,サンタはどうなるっすか！？,圣诞老人要怎么办！？,283活动剧情,きよしこの夜、プレゼン・フォー・ユー！,14_11 PM
283活动剧情\きよしこの夜、プレゼン・フォー・ユー！\14_11 PM.csv,63,4001019030580,あさひ,サンタは……──！,圣诞老人……——！,283活动剧情,きよしこの夜、プレゼン・フォー・ユー！,14_11 PM
283活动剧情\きよしこの夜、プレゼン・フォー・ユー！\14_11 PM.csv,67,4001019030610,あさひ,…………,…………,283活动剧情,きよしこの夜、プレゼン・フォー・ユー！,14_11 PM
283活动剧情\きよしこの夜、プレゼン・フォー・ユー！\14_11 PM.csv,72,4001019030660,あさひ,……えっ、なんっすか！,……咦，你说什么！,283活动剧情,きよしこの夜、プレゼン・フォー・ユー！,14_11 PM
283活动剧情\きよしこの夜、プレゼン・フォー・ユー！\14_11 PM.csv,74,4001019030680,あさひ,"──あっ、そうかもっす！
ちょっと考え事してて……","——啊，好像是！
我在想一些事……",283活动剧情,きよしこの夜、プレゼン・フォー・ユー！,14_11 PM
283活动剧情\きよしこの夜、プレゼン・フォー・ユー！\14_11 PM.csv,75,4001019030690,あさひ,……やっぱり、サンタっているっすかね？,……果然，圣诞老人是存在的吧？,283活动剧情,きよしこの夜、プレゼン・フォー・ユー！,14_11 PM
283活动剧情\きよしこの夜、プレゼン・フォー・ユー！\14_48 PM.csv,3,4001019040020,あさひ,"……サンタの連絡手段は……無線……？
ということは……複数人いて……──","……圣诞老人的联络方式……是无线电……？
这么说……有好几个人……——",283活动剧情,きよしこの夜、プレゼン・フォー・ユー！,14_48 PM
283活动剧情\きよしこの夜、プレゼン・フォー・ユー！\14_48 PM.csv,8,4001019040070,あさひ,……！　無線……！,……！　无线电……！,283活动剧情,きよしこの夜、プレゼン・フォー・ユー！,14_48 PM
283活动剧情\きよしこの夜、プレゼン・フォー・ユー！\14_48 PM.csv,11,4001019040090,あさひ,しっ……まだなんか言ってるっす！,嘘……对面又在说什么了！,283活动剧情,きよしこの夜、プレゼン・フォー・ユー！,14_48 PM
283活动剧情\きよしこの夜、プレゼン・フォー・ユー！\14_48 PM.csv,14,4001019040100,あさひ,…………っ！,…………！,283活动剧情,きよしこの夜、プレゼン・フォー・ユー！,14_48 PM
283活动剧情\きよしこの夜、プレゼン・フォー・ユー！\14_48 PM.csv,16,4001019040120,あさひ,"……
６時に……来るっすよ……","……
6点……会来……",283活动剧情,きよしこの夜、プレゼン・フォー・ユー！,14_48 PM
283活动剧情\きよしこの夜、プレゼン・フォー・ユー！\14_48 PM.csv,18,4001019040140,あさひ,"６時に来るっすよ、サンタ！
河のそば……空港の近くの鳥居に！","他6点会来的，圣诞老人！
到河边……机场附近的鸟居那边！",283活动剧情,きよしこの夜、プレゼン・フォー・ユー！,14_48 PM
283活动剧情\きよしこの夜、プレゼン・フォー・ユー！\14_48 PM.csv,21,4001019040170,あさひ,"サンタっす……！
きっとサンタの回線があるっすよ……！","是圣诞老人……！
一定是圣诞老人的线路……！",283活动剧情,きよしこの夜、プレゼン・フォー・ユー！,14_48 PM
283活动剧情\きよしこの夜、プレゼン・フォー・ユー！\14_48 PM.csv,22,4001019040180,あさひ,"仲間に連絡して……
合流するつもりなんすよ！","要联络同伴……
打算和同伴汇合！",283活动剧情,きよしこの夜、プレゼン・フォー・ユー！,14_48 PM
283活动剧情\きよしこの夜、プレゼン・フォー・ユー！\14_48 PM.csv,28,4001019040240,あさひ,あっちも困ってるっすよ！,那边也在困扰啊！,283活动剧情,きよしこの夜、プレゼン・フォー・ユー！,14_48 PM
283活动剧情\きよしこの夜、プレゼン・フォー・ユー！\14_48 PM.csv,29,4001019040250,あさひ,"どっちみちプレゼントの見分けもつかないし
行ってみて損はないっす！","反正也分不清哪个是多的礼物
去看看也不亏！",283活动剧情,きよしこの夜、プレゼン・フォー・ユー！,14_48 PM
283活动剧情\きよしこの夜、プレゼン・フォー・ユー！\14_48 PM.csv,31,4001019040270,あさひ,だって、絶対コースの近くっすよ！？,因为，绝对离马拉松路线不远吧！？,283活动剧情,きよしこの夜、プレゼン・フォー・ユー！,14_48 PM
283活动剧情\きよしこの夜、プレゼン・フォー・ユー！\14_48 PM.csv,33,4001019040290,あさひ,６時！　走者はわたしたちっす！！,6点！　我们是跑者！！,283活动剧情,きよしこの夜、プレゼン・フォー・ユー！,14_48 PM
283活动剧情\きよしこの夜、プレゼン・フォー・ユー！\14_48 PM.csv,35,4001019040300,あさひ,チーム一番星のみんな、ゴールっす！,一等星组的大家，到终点了！,283活动剧情,きよしこの夜、プレゼン・フォー・ユー！,14_48 PM
283活动剧情\きよしこの夜、プレゼン・フォー・ユー！\14_48 PM.csv,38,4001019040330,あさひ,"次の区間は、
恋鐘ちゃん、智代子ちゃん、愛依ちゃんが走るっす！","下个区间，
是恋钟，智代子和爱依要跑！",283活动剧情,きよしこの夜、プレゼン・フォー・ユー！,14_48 PM
283活动剧情\きよしこの夜、プレゼン・フォー・ユー！\14_48 PM.csv,48,4001019040410,あさひ,"『その間に、サンタに会ってくるっす！
みんな、待っててほしいっす！』","“在这之间，我们会去找圣诞老人！
大家，要等我们哦！”",283活动剧情,きよしこの夜、プレゼン・フォー・ユー！,14_48 PM
283活动剧情\きよしこの夜、プレゼン・フォー・ユー！\14_48 PM.csv,70,4001019040540,あさひ,地図だとここっす！,地图上标的是这里！,283活动剧情,きよしこの夜、プレゼン・フォー・ユー！,14_48 PM
283活动剧情\きよしこの夜、プレゼン・フォー・ユー！\14_48 PM.csv,72,4001019040560,あさひ,でも、そのどれかっす！,可是，问题就是哪一个！,283活动剧情,きよしこの夜、プレゼン・フォー・ユー！,14_48 PM
283活动剧情\きよしこの夜、プレゼン・フォー・ユー！\14_48 PM.csv,75,4001019040590,あさひ,それは、行ってみればわかるっす！,到了那边就能明白的！,283活动剧情,きよしこの夜、プレゼン・フォー・ユー！,14_48 PM
283活动剧情\きよしこの夜、プレゼン・フォー・ユー！\14_48 PM.csv,76,4001019040600,あさひ,"どれもコースの近くだし、
ちょっと寄り道すれば……！","哪个地点都很靠近路线，
稍微绕个路的话……！",283活动剧情,きよしこの夜、プレゼン・フォー・ユー！,14_48 PM
283活动剧情\きよしこの夜、プレゼン・フォー・ユー！\14_48 PM.csv,81,4001019040650,あさひ,"……？
何がっすか？","……？
抓什么？",283活动剧情,きよしこの夜、プレゼン・フォー・ユー！,14_48 PM
283活动剧情\きよしこの夜、プレゼン・フォー・ユー！\14_48 PM.csv,84,4001019040680,あさひ,……？,……？,283活动剧情,きよしこの夜、プレゼン・フォー・ユー！,14_48 PM
283活动剧情\きよしこの夜、プレゼン・フォー・ユー！\14_48 PM.csv,85,4001019040690,あさひ,行っちゃダメって、思ってるっすか？,难道你在想，不能去吗？,283活动剧情,きよしこの夜、プレゼン・フォー・ユー！,14_48 PM
283活动剧情\きよしこの夜、プレゼン・フォー・ユー！\14_48 PM.csv,139,4001019041200,あさひ,"わーっ！　いいっすか！？
みんなに聞いてくれるっすか！？","哇！　可以吗！？
大家都同意了吗！？",283活动剧情,きよしこの夜、プレゼン・フォー・ユー！,14_48 PM
283活动剧情\きよしこの夜、プレゼン・フォー・ユー！\14_48 PM.csv,140,4001019041210,あさひ,行くっすか！？　鳥居！,要去吗！？　鸟居那里！,283活动剧情,きよしこの夜、プレゼン・フォー・ユー！,14_48 PM
283活动剧情\きよしこの夜、プレゼン・フォー・ユー！\14_48 PM.csv,143,4001019041240,あさひ,やったっす！　やったっす～！,太好了！　太好了～！,283活动剧情,きよしこの夜、プレゼン・フォー・ユー！,14_48 PM
283活动剧情\きよしこの夜、プレゼン・フォー・ユー！\14_48 PM.csv,145,4001019041260,あさひ,──ダメって言われると思ったっす,——我以为大家会说不行的,283活动剧情,きよしこの夜、プレゼン・フォー・ユー！,14_48 PM
283活动剧情\きよしこの夜、プレゼン・フォー・ユー！\14_48 PM.csv,147,4001019041280,あさひ,"なんか、わかるんっすよね
ダメって言われる時","不知不觉就明白了呢
可能会有人说不行的时候",283活动剧情,きよしこの夜、プレゼン・フォー・ユー！,14_48 PM
283活动剧情\きよしこの夜、プレゼン・フォー・ユー！\14_48 PM.csv,148,4001019041290,あさひ,今回もそうかなって思ったっすけど──,这次我也以为会是这样——,283活动剧情,きよしこの夜、プレゼン・フォー・ユー！,14_48 PM
283活动剧情\きよしこの夜、プレゼン・フォー・ユー！\14_48 PM.csv,149,4001019041300,あさひ,あははっ、外れたっすー！,啊哈哈，猜错了！,283活动剧情,きよしこの夜、プレゼン・フォー・ユー！,14_48 PM
283活动剧情\きよしこの夜、プレゼン・フォー・ユー！\14_48 PM.csv,153,4001019041340,あさひ,言うっすよ！　それはわかるっす！,说好了！　我知道的！,283活动剧情,きよしこの夜、プレゼン・フォー・ユー！,14_48 PM
283活动剧情\きよしこの夜、プレゼン・フォー・ユー！\14_48 PM.csv,156,4001019041370,あさひ,《プレゼン・フォー・ユー！》,“Presen·For·You！”,283活动剧情,きよしこの夜、プレゼン・フォー・ユー！,14_48 PM
283活动剧情\きよしこの夜、プレゼン・フォー・ユー！\16_57 PM.csv,9,4001019060080,あさひ,大丈夫っす……！　わかってるっす……！,没问题的……！　我知道……！,283活动剧情,きよしこの夜、プレゼン・フォー・ユー！,16_57 PM
283活动剧情\きよしこの夜、プレゼン・フォー・ユー！\16_57 PM.csv,80,4001019060720,あさひ,"もう……っ、鳥居っす……！
頑張っていくっす……！","已经，能看到鸟居了……！
我会加油的……！",283活动剧情,きよしこの夜、プレゼン・フォー・ユー！,16_57 PM
283活动剧情\きよしこの夜、プレゼン・フォー・ユー！\16_57 PM.csv,120,4001019060960,あさひ,見えた……っ！,看到了……！,283活动剧情,きよしこの夜、プレゼン・フォー・ユー！,16_57 PM
283活动剧情\きよしこの夜、プレゼン・フォー・ユー！\16_57 PM.csv,134,4001019061060,あさひ,"い、いたっすよ……！
サンタっす……！","真，真的在……！
是圣诞老人……！",283活动剧情,きよしこの夜、プレゼン・フォー・ユー！,16_57 PM
283活动剧情\きよしこの夜、プレゼン・フォー・ユー！\16_57 PM.csv,135,4001019061070,あさひ,サンタがいたっす……！,圣诞老人真的存在……！,283活动剧情,きよしこの夜、プレゼン・フォー・ユー！,16_57 PM
283活动剧情\きよしこの夜、プレゼン・フォー・ユー！\16_57 PM.csv,142,4001019061140,あさひ,"サンタさん……っ！
落とし物……預かってるっす……！！","圣诞老人……！
我来……把失物交给你了……！！",283活动剧情,きよしこの夜、プレゼン・フォー・ユー！,16_57 PM
283活动剧情\きよしこの夜、プレゼン・フォー・ユー！\17_46 PM.csv,4,4001019070030,あさひ,………………っ！,………………！,283活动剧情,きよしこの夜、プレゼン・フォー・ユー！,17_46 PM
283活动剧情\きよしこの夜、プレゼン・フォー・ユー！\17_46 PM.csv,44,4001019070360,あさひ,"社長さんっ！
サンタ、見てないっすか！？","社长先生！
你有看到圣诞老人吗！？",283活动剧情,きよしこの夜、プレゼン・フォー・ユー！,17_46 PM
283活动剧情\きよしこの夜、プレゼン・フォー・ユー！\17_46 PM.csv,47,4001019070390,あさひ,そうじゃないんす！,不是这样的！,283活动剧情,きよしこの夜、プレゼン・フォー・ユー！,17_46 PM
283活动剧情\きよしこの夜、プレゼン・フォー・ユー！\17_46 PM.csv,48,4001019070400,あさひ,"──うーん……！
遅れてるっすかね、サンタ……","——嗯……！
迟到了吗，圣诞老人……",283活动剧情,きよしこの夜、プレゼン・フォー・ユー！,17_46 PM
283活动剧情\きよしこの夜、プレゼン・フォー・ユー！\17_46 PM.csv,49,4001019070410,あさひ,"おーい……！　サンタの人ー！
持ってきたっすよ、プレゼントー！","喂……！圣诞老人！
礼物，我拿过来了！",283活动剧情,きよしこの夜、プレゼン・フォー・ユー！,17_46 PM
283活动剧情\きよしこの夜、プレゼン・フォー・ユー！\17_46 PM.csv,50,4001019070420,あさひ,おーい……！,喂……！,283活动剧情,きよしこの夜、プレゼン・フォー・ユー！,17_46 PM
283活动剧情\きよしこの夜、プレゼン・フォー・ユー！\17_46 PM.csv,66,4001019070580,あさひ,……っ,……,283活动剧情,きよしこの夜、プレゼン・フォー・ユー！,17_46 PM
283活动剧情\きよしこの夜、プレゼン・フォー・ユー！\17_46 PM.csv,68,4001019070600,あさひ,"──わかってるっす
『みんな待ってる』","——我知道啊
“大家在等了”",283活动剧情,きよしこの夜、プレゼン・フォー・ユー！,17_46 PM
283活动剧情\きよしこの夜、プレゼン・フォー・ユー！\17_46 PM.csv,70,4001019070620,あさひ,"ってことっすよね
──あの、社長さんっ","是这样吧
——对了，社长先生",283活动剧情,きよしこの夜、プレゼン・フォー・ユー！,17_46 PM
283活动剧情\きよしこの夜、プレゼン・フォー・ユー！\17_46 PM.csv,71,4001019070630,あさひ,"サンタが来たら、プレゼントはわたしたちが持ってるって
伝えてほしいっす！","如果圣诞老人来了
希望你能帮我们和他说，礼物由我们拿着！",283活动剧情,きよしこの夜、プレゼン・フォー・ユー！,17_46 PM
283活动剧情\きよしこの夜、プレゼン・フォー・ユー！\17_46 PM.csv,76,4001019070680,あさひ,"はいっす！
社長さんっ、ありがとうっす！","好！
社长先生，谢谢你！",283活动剧情,きよしこの夜、プレゼン・フォー・ユー！,17_46 PM
283活动剧情\きよしこの夜、プレゼン・フォー・ユー！\17_46 PM.csv,81,4001019070730,あさひ,…………っ,…………,283活动剧情,きよしこの夜、プレゼン・フォー・ユー！,17_46 PM
283活动剧情\きよしこの夜、プレゼン・フォー・ユー！\17_46 PM.csv,89,4001019070810,あさひ,"ノリは……大事っす……！
はぁーっ…………！","因为氛围……很重要……！
哈…………！",283活动剧情,きよしこの夜、プレゼン・フォー・ユー！,17_46 PM
283活动剧情\きよしこの夜、プレゼン・フォー・ユー！\17_46 PM.csv,97,4001019070890,あさひ,"──ふっ、冬優子ちゃんっ……！
はぁっ…………パスっす……！","——冬，冬优子……！
哈…………传球……！",283活动剧情,きよしこの夜、プレゼン・フォー・ユー！,17_46 PM
283活动剧情\きよしこの夜、プレゼン・フォー・ユー！\added time アマクナイヨル.csv,47,4001019080440,あさひ,"冬優子ちゃん……
──すごい顔っす……","冬优子……
——好认真的表情……",283活动剧情,きよしこの夜、プレゼン・フォー・ユー！,added time アマクナイヨル
283活动剧情\きよしこの夜、プレゼン・フォー・ユー！\added time アマクナイヨル.csv,101,4001019080870,あさひ,"…………わかったっす……
待ってたっす……","…………我知道的……
在等我……",283活动剧情,きよしこの夜、プレゼン・フォー・ユー！,added time アマクナイヨル
283活动剧情\きよしこの夜、プレゼン・フォー・ユー！\added time アマクナイヨル.csv,103,4001019080890,あさひ,待ってたっす……みんな……,大家……都在等我……,283活动剧情,きよしこの夜、プレゼン・フォー・ユー！,added time アマクナイヨル
283活动剧情\きよしこの夜、プレゼン・フォー・ユー！\added time アマクナイヨル.csv,104,4001019080900,あさひ,"サンタのことを……
待ってたわたしのこと……","等着那个……
等待圣诞老人的我……",283活动剧情,きよしこの夜、プレゼン・フォー・ユー！,added time アマクナイヨル
283活动剧情\きよしこの夜、プレゼン・フォー・ユー！\added time アマクナイヨル.csv,107,4001019080930,あさひ,"それは……まだ『いない』って、
立証されたわけじゃないっすけど──","那个……圣诞老人
也没有被证明他“不在”——",283活动剧情,きよしこの夜、プレゼン・フォー・ユー！,added time アマクナイヨル
283活动剧情\きよしこの夜、プレゼン・フォー・ユー！\added time アマクナイヨル.csv,118,4001019081040,あさひ,"社長さんーっ！
サンタの代わりに来たっすよ！","社长先生！
我们代替圣诞老人来了！",283活动剧情,きよしこの夜、プレゼン・フォー・ユー！,added time アマクナイヨル
283活动剧情\きよしこの夜、プレゼン・フォー・ユー！\added time アマクナイヨル.csv,119,4001019081050,あさひ,あらためて、メリークリスマスー！,再一次，圣诞快乐！,283活动剧情,きよしこの夜、プレゼン・フォー・ユー！,added time アマクナイヨル
283活动剧情\きよしこの夜、プレゼン・フォー・ユー！\added time アマクナイヨル.csv,126,4001019081120,あさひ,──あっ、プロデューサーさんからのメッセっす！,——啊，是制作人发的消息！,283活动剧情,きよしこの夜、プレゼン・フォー・ユー！,added time アマクナイヨル
283活动剧情\きよしこの夜、プレゼン・フォー・ユー！\added time アマクナイヨル.csv,133,4001019081160,あさひ,"あははっ！　すごいっす！
空の上からっす！","啊哈哈！　好厉害！
是从天上发来的！",283活动剧情,きよしこの夜、プレゼン・フォー・ユー！,added time アマクナイヨル
283活动剧情\アジェンダ２８３\第2话-大きなヴィジョンを持ちましょう.csv,50,4001027030480,あさひ,へー、知らないっすね,嘿——，不知道,283活动剧情,アジェンダ２８３,第2话-大きなヴィジョンを持ちましょう
283活动剧情\アジェンダ２８３\第2话-大きなヴィジョンを持ちましょう.csv,55,4001027030530,あさひ,……,,283活动剧情,アジェンダ２８３,第2话-大きなヴィジョンを持ちましょう
283活动剧情\アジェンダ２８３\第2话-大きなヴィジョンを持ちましょう.csv,57,4001027030550,あさひ,"だから、
そのエスディージーズってなんすか？","所以说，
那个SDGs是什么啊？",283活动剧情,アジェンダ２８３,第2话-大きなヴィジョンを持ちましょう
283活动剧情\アジェンダ２８３\第2话-大きなヴィジョンを持ちましょう.csv,61,4001027030590,あさひ,えー,诶——,283活动剧情,アジェンダ２８３,第2话-大きなヴィジョンを持ちましょう
283活动剧情\アジェンダ２８３\第2话-大きなヴィジョンを持ちましょう.csv,68,4001027030660,あさひ,"……よくわかんないっすけど
いっすよ","……虽然不是很懂
但是好哦",283活动剧情,アジェンダ２８３,第2话-大きなヴィジョンを持ちましょう
283活动剧情\アジェンダ２８３\第2话-大きなヴィジョンを持ちましょう.csv,70,4001027030680,あさひ,えっ,诶,283活动剧情,アジェンダ２８３,第2话-大きなヴィジョンを持ちましょう
283活动剧情\アジェンダ２８３\第2话-大きなヴィジョンを持ちましょう.csv,72,4001027030700,あさひ,"えー
なんかさっきから難しいっすね","诶——
怎么刚才开始就这么麻烦啊",283活动剧情,アジェンダ２８３,第2话-大きなヴィジョンを持ちましょう
283活动剧情\アジェンダ２８３\第2话-大きなヴィジョンを持ちましょう.csv,73,4001027030710,あさひ,"ごみ、いっぱい拾うっすよ
なんか面白いもの落ちてないっすかね～！","我会去捡很多垃圾
会不会掉什么有意思的东西呢～！",283活动剧情,アジェンダ２８３,第2话-大きなヴィジョンを持ちましょう
283活动剧情\アジェンダ２８３\第2话-大きなヴィジョンを持ちましょう.csv,76,4001027030740,あさひ,"いいっすね！
お宝見つけて、アップするっす！","这个好！
找到宝藏，然后发出去！",283活动剧情,アジェンダ２８３,第2话-大きなヴィジョンを持ちましょう
283活动剧情\アジェンダ２８３\第4话-しっかりたのしむこと.csv,110,4001027051060,あさひ,"へー
これ、競争だったっすね","嘿——
这原来是竞争啊",283活动剧情,アジェンダ２８３,第4话-しっかりたのしむこと
283活动剧情\アジェンダ２８３\第4话-しっかりたのしむこと.csv,111,4001027051070,あさひ,"じゃあ、撮らせてもらってくるっす！
霧子ちゃんと恋鐘ちゃんと咲耶さん～","那我就去请她们让我拍照！
拍雾子和恋钟和咲耶～",283活动剧情,アジェンダ２８３,第4话-しっかりたのしむこと
283活动剧情\アジェンダ２８３\第4话-しっかりたのしむこと.csv,136,4001027051280,あさひ,"よっし！
全員入ってる！","好！
大家都入镜了！",283活动剧情,アジェンダ２８３,第4话-しっかりたのしむこと
283活动剧情\アジェンダ２８３\第4话-しっかりたのしむこと.csv,137,4001027051290,あさひ,ひとりひとりのも撮らせてもらお────,去拍她们单独的照片好————,283活动剧情,アジェンダ２８３,第4话-しっかりたのしむこと
283活动剧情\アジェンダ２８３\第4话-しっかりたのしむこと.csv,140,4001027051320,あさひ,"もう撮ったっすよ
みんな入ってるから、勝てるっすね！","我都拍好了
大家都入镜了，我们一定能赢的！",283活动剧情,アジェンダ２８３,第4话-しっかりたのしむこと
283活动剧情\アジェンダ２８３\第4话-しっかりたのしむこと.csv,142,4001027051340,あさひ,"えっ……
あー！　なんかプロデューサーさんも言ってたかもっす","诶……
啊——！  制作人先生好像也说过这个",283活动剧情,アジェンダ２８３,第4话-しっかりたのしむこと
283活动剧情\アジェンダ２８３\第4话-しっかりたのしむこと.csv,144,4001027051360,あさひ,"え～
せっかく撮ったのに～！","诶～
明明都拍好了～！",283活动剧情,アジェンダ２８３,第4话-しっかりたのしむこと
283活动剧情\アジェンダ２８３\第4话-しっかりたのしむこと.csv,146,4001027051380,あさひ,む～,呣～,283活动剧情,アジェンダ２８３,第4话-しっかりたのしむこと
283活动剧情\アジェンダ２８３\第4话-しっかりたのしむこと.csv,148,4001027051400,あさひ,"いいっすよ
はい","好啊
来",283活动剧情,アジェンダ２８３,第4话-しっかりたのしむこと
283活动剧情\アジェンダ２８３\第4话-しっかりたのしむこと.csv,154,4001027051460,あさひ,……！,,283活动剧情,アジェンダ２８３,第4话-しっかりたのしむこと
283活动剧情\アジェンダ２８３\第4话-しっかりたのしむこと.csv,158,4001027051500,あさひ,愛依ちゃんは、そうなんすか？,爱依也是吗？,283活动剧情,アジェンダ２８３,第4话-しっかりたのしむこと
283活动剧情\アジェンダ２８３\第4话-しっかりたのしむこと.csv,160,4001027051520,あさひ,冬優子ちゃんもっすか,冬优子也是吗,283活动剧情,アジェンダ２８３,第4话-しっかりたのしむこと
283活动剧情\アジェンダ２８３\第4话-しっかりたのしむこと.csv,162,4001027051540,あさひ,ふーん,哼——,283活动剧情,アジェンダ２８３,第4话-しっかりたのしむこと
283活动剧情\アジェンダ２８３\第4话-しっかりたのしむこと.csv,163,4001027051550,あさひ,"じゃ、いいっす
消せばいいっすね","那算了
删掉就好了吗",283活动剧情,アジェンダ２８３,第4话-しっかりたのしむこと
283活动剧情\アジェンダ２８３\第4话-しっかりたのしむこと.csv,165,4001027051570,あさひ,え？　見るんすか,诶？ 要看吗,283活动剧情,アジェンダ２８３,第4话-しっかりたのしむこと
283活动剧情\アジェンダ２８３\第4话-しっかりたのしむこと.csv,167,4001027051590,あさひ,いい写真っす！,是好照片！,283活动剧情,アジェンダ２８３,第4话-しっかりたのしむこと
283活动剧情\アジェンダ２８３\第5话-会うことのない誰かのために.csv,28,4001027060250,あさひ,空き缶、写っちゃってるっすよ？,空罐入镜了啊？,283活动剧情,アジェンダ２８３,第5话-会うことのない誰かのために
283活动剧情\アジェンダ２８３\第5话-会うことのない誰かのために.csv,31,4001027060280,あさひ,ふーん……,哼——……,283活动剧情,アジェンダ２８３,第5话-会うことのない誰かのために
283活动剧情\アジェンダ２８３\第5话-会うことのない誰かのために.csv,34,4001027060310,あさひ,"いいっす
あっちですごいもの見つけたから、それ撮るっすよ","不用了
我在那边找到了很厉害的东西，我去拍那个",283活动剧情,アジェンダ２８３,第5话-会うことのない誰かのために
283活动剧情\アジェンダ２８３\第5话-会うことのない誰かのために.csv,71,4001027060660,あさひ,"あはは～
落とし物っすかね～、この箱？","啊哈哈～
这个箱子，会是别人落下的吗～？",283活动剧情,アジェンダ２８３,第5话-会うことのない誰かのために
283活动剧情\アジェンダ２８３\第5话-会うことのない誰かのために.csv,72,4001027060670,あさひ,"CD、ぎっしり入ってるんす～！
あっちに、もっとおっきいのもあるっすよ","CD塞得满满的～！
那边还有更大的箱子",283活动剧情,アジェンダ２８３,第5话-会うことのない誰かのために
283活动剧情\アジェンダ２８３\第5话-会うことのない誰かのために.csv,74,4001027060690,あさひ,えっ,诶,283活动剧情,アジェンダ２８３,第5话-会うことのない誰かのために
283活动剧情\アジェンダ２８３\第5话-会うことのない誰かのために.csv,75,4001027060700,あさひ,"あ、じゃあここ誰かの基地とか！？
これ、宝物入れっすかね！？",,283活动剧情,アジェンダ２８３,第5话-会うことのない誰かのために
283活动剧情\アジェンダ２８３\第5话-会うことのない誰かのために.csv,78,4001027060730,あさひ,冬優子ちゃんも愛依ちゃんも！,冬优子还有爱依！,283活动剧情,アジェンダ２８３,第5话-会うことのない誰かのために
283活动剧情\アジェンダ２８３\第5话-会うことのない誰かのために.csv,79,4001027060740,あさひ,"ほらっ、アイドルのやつばっかりっす
知ってるアイドルのもあるっすよ！","你们看，都是偶像的东西
也有我们知道的偶像的东西！",283活动剧情,アジェンダ２８３,第5话-会うことのない誰かのために
283活动剧情\アジェンダ２８３\第5话-会うことのない誰かのために.csv,84,4001027060790,あさひ,え？,诶？,283活动剧情,アジェンダ２８３,第5话-会うことのない誰かのために
283活动剧情\アジェンダ２８３\第5话-会うことのない誰かのために.csv,103,4001027060970,あさひ,"へー
なんか髪型とか昔っぽいっすね","嘿——
发型好像也很有以前的感觉呢",283活动剧情,アジェンダ２８３,第5话-会うことのない誰かのために
283活动剧情\アジェンダ２８３\第5话-会うことのない誰かのために.csv,106,4001027061000,あさひ,箱に水もたまってるっす！,箱子里也积了好多水！,283活动剧情,アジェンダ２８３,第5话-会うことのない誰かのために
283活动剧情\アジェンダ２８３\第5话-会うことのない誰かのために.csv,110,4001027061040,あさひ,えっ、おまわりさん来るっすか！？,诶，会有警察过来吗！？,283活动剧情,アジェンダ２８３,第5话-会うことのない誰かのために
283活动剧情\アジェンダ２８３\第5话-会うことのない誰かのために.csv,112,4001027061060,あさひ,なーんだ、そっすか,什么，就这样啊,283活动剧情,アジェンダ２８３,第5话-会うことのない誰かのために
283活动剧情\アジェンダ２８３\第5话-会うことのない誰かのために.csv,118,4001027061120,あさひ,────っ,————,283活动剧情,アジェンダ２８３,第5话-会うことのない誰かのために
283活动剧情\アジェンダ２８３\第5话-会うことのない誰かのために.csv,120,4001027061131,あさひ＆愛依,わーーーーっ！,哇————！,283活动剧情,アジェンダ２８３,第5话-会うことのない誰かのために
283活动剧情\アジェンダ２８３\第5话-会うことのない誰かのために.csv,122,4001027061141,あさひ＆愛依,アハハ……！,啊哈哈……！,283活动剧情,アジェンダ２８３,第5话-会うことのない誰かのために
283活动剧情\アジェンダ２８３\第5话-会うことのない誰かのために.csv,127,4001027061190,あさひ,……,,283活动剧情,アジェンダ２８３,第5话-会うことのない誰かのために
283活动剧情\アジェンダ２８３\第5话-会うことのない誰かのために.csv,148,4001027061390,あさひ,"わっ
ほんとっす","哇
真的是这样",283活动剧情,アジェンダ２８３,第5话-会うことのない誰かのために
283活动剧情\アジェンダ２８３\第5话-会うことのない誰かのために.csv,150,4001027061410,あさひ,愛依ちゃん、CD聴くっすか！？,爱依会听CD吗！？,283活动剧情,アジェンダ２８３,第5话-会うことのない誰かのために
283活动剧情\アジェンダ２８３\第5话-会うことのない誰かのために.csv,153,4001027061440,あさひ,へーっ！,嘿——！,283活动剧情,アジェンダ２８３,第5话-会うことのない誰かのために
283活动剧情\アジェンダ２８３\第5话-会うことのない誰かのために.csv,156,4001027061470,あさひ,わ！　やっぱり撮るっすか！,哇！ 果然要拍吗！,283活动剧情,アジェンダ２８３,第5话-会うことのない誰かのために
283活动剧情\アジェンダ２８３\第6话-つながるがつながる.csv,65,4001027070570,あさひ,"あー、大丈夫っす
冬優子ちゃんと愛依ちゃんが、なんかしてくれたっす！","啊，没关系
冬优子和爱依去处理了！",283活动剧情,アジェンダ２８３,第6话-つながるがつながる
283活动剧情\アジェンダ２８３\第6话-つながるがつながる.csv,69,4001027070610,あさひ,"だから、
置いといて大丈夫っすよ","所以，
放着不管没问题",283活动剧情,アジェンダ２８３,第6话-つながるがつながる
283活动剧情\アジェンダ２８３\终章-今日を終える前に.csv,49,4001027080440,あさひ,"それより灯織ちゃん
写真撮るっすよ！","倒是灯织
我要拍照！",283活动剧情,アジェンダ２８３,终章-今日を終える前に
283活动剧情\アジェンダ２８３\终章-今日を終える前に.csv,56,4001027080510,あさひ,じゃ、いくっすよ！,要拍了！,283活动剧情,アジェンダ２８３,终章-今日を終える前に
283活动剧情\アジェンダ２８３\终章-今日を終える前に.csv,64,4001027080590,あさひ,"こっちのも面白いっすよ
みんなで入ったやつ！","这张也很好玩
大家都入镜的！",283活动剧情,アジェンダ２８３,终章-今日を終える前に
283活动剧情\ゴシップ・キャンディ！-魔法の本とおかしな食べ物-\序章-ハロウィン・ゴシップ.csv,21,4001029010140,あさひ,──あれ,——嗯,283活动剧情,ゴシップ・キャンディ！-魔法の本とおかしな食べ物-,序章-ハロウィン・ゴシップ
283活动剧情\ゴシップ・キャンディ！-魔法の本とおかしな食べ物-\序章-ハロウィン・ゴシップ.csv,23,4001029010160,あさひ,そこのガラスケースの本って……,那边那个玻璃盒里的书……,283活动剧情,ゴシップ・キャンディ！-魔法の本とおかしな食べ物-,序章-ハロウィン・ゴシップ
283活动剧情\ゴシップ・キャンディ！-魔法の本とおかしな食べ物-\序章-ハロウィン・ゴシップ.csv,29,4001029010220,あさひ,………………,,283活动剧情,ゴシップ・キャンディ！-魔法の本とおかしな食べ物-,序章-ハロウィン・ゴシップ
283活动剧情\ゴシップ・キャンディ！-魔法の本とおかしな食べ物-\序章-ハロウィン・ゴシップ.csv,32,4001029010250,あさひ,でも…………,但是…………,283活动剧情,ゴシップ・キャンディ！-魔法の本とおかしな食べ物-,序章-ハロウィン・ゴシップ
283活动剧情\ゴシップ・キャンディ！-魔法の本とおかしな食べ物-\序章-ハロウィン・ゴシップ.csv,33,4001029010260,あさひ,"もう無くなってるっすよ？
そこにあった本","已经不见了哦？
那本书。",283活动剧情,ゴシップ・キャンディ！-魔法の本とおかしな食べ物-,序章-ハロウィン・ゴシップ
283活动剧情\ゴシップ・キャンディ！-魔法の本とおかしな食べ物-\第2话-図書館ライオット.csv,2,4001029030010,あさひ,──見つけたっす,——找到了,283活动剧情,ゴシップ・キャンディ！-魔法の本とおかしな食べ物-,第2话-図書館ライオット
283活动剧情\ゴシップ・キャンディ！-魔法の本とおかしな食べ物-\第2话-図書館ライオット.csv,4,4001029030020,あさひ,"あったっすよー！
無くなった本！","找到了哦——！
不见的那本书！",283活动剧情,ゴシップ・キャンディ！-魔法の本とおかしな食べ物-,第2话-図書館ライオット
283活动剧情\ゴシップ・キャンディ！-魔法の本とおかしな食べ物-\第2话-図書館ライオット.csv,7,4001029030050,あさひ,………………,,283活动剧情,ゴシップ・キャンディ！-魔法の本とおかしな食べ物-,第2话-図書館ライオット
283活动剧情\ゴシップ・キャンディ！-魔法の本とおかしな食べ物-\第2话-図書館ライオット.csv,8,4001029030060,あさひ,"よくわかんないけど
持ってきてくれたっす！","虽然不清楚
但被带过来了！",283活动剧情,ゴシップ・キャンディ！-魔法の本とおかしな食べ物-,第2话-図書館ライオット
283活动剧情\ゴシップ・キャンディ！-魔法の本とおかしな食べ物-\第2话-図書館ライオット.csv,9,4001029030070,あさひ,よかったっすね、冬優子ちゃん！,真是太好了，冬优子！,283活动剧情,ゴシップ・キャンディ！-魔法の本とおかしな食べ物-,第2话-図書館ライオット
283活动剧情\ゴシップ・キャンディ！-魔法の本とおかしな食べ物-\第2话-図書館ライオット.csv,12,4001029030100,あさひ,……冬優子ちゃん？,……冬优子？,283活动剧情,ゴシップ・キャンディ！-魔法の本とおかしな食べ物-,第2话-図書館ライオット
283活动剧情\ゴシップ・キャンディ！-魔法の本とおかしな食べ物-\第2话-図書館ライオット.csv,19,4001029030170,あさひ,"えっ、
これが本泥棒なんすか？","诶
这就是偷书贼吗？",283活动剧情,ゴシップ・キャンディ！-魔法の本とおかしな食べ物-,第2话-図書館ライオット
283活动剧情\ゴシップ・キャンディ！-魔法の本とおかしな食べ物-\第2话-図書館ライオット.csv,23,4001029030210,あさひ,"うーん…………
よくわかんないっすけど","嗯——…………
虽然不是很明白",283活动剧情,ゴシップ・キャンディ！-魔法の本とおかしな食べ物-,第2话-図書館ライオット
283活动剧情\ゴシップ・キャンディ！-魔法の本とおかしな食べ物-\第2话-図書館ライオット.csv,24,4001029030220,あさひ,とりあえず捕まえるっす！,先抓起来再说！,283活动剧情,ゴシップ・キャンディ！-魔法の本とおかしな食べ物-,第2话-図書館ライオット
283活动剧情\ゴシップ・キャンディ！-魔法の本とおかしな食べ物-\第2话-図書館ライオット.csv,27,4001029030230,あさひ,"あー、逃げちゃダメっすよ～！
本泥棒～！","啊——不要跑啊～！
偷书贼～！",283活动剧情,ゴシップ・キャンディ！-魔法の本とおかしな食べ物-,第2话-図書館ライオット
283活动剧情\ゴシップ・キャンディ！-魔法の本とおかしな食べ物-\第2话-図書館ライオット.csv,31,4001029030240,あさひ,"えー……
そんなこと言われても","诶——……
就算你这么说",283活动剧情,ゴシップ・キャンディ！-魔法の本とおかしな食べ物-,第2话-図書館ライオット
283活动剧情\ゴシップ・キャンディ！-魔法の本とおかしな食べ物-\第2话-図書館ライオット.csv,32,4001029030250,あさひ,わたし、ゴーストっすから,我可是幽灵啊,283活动剧情,ゴシップ・キャンディ！-魔法の本とおかしな食べ物-,第2话-図書館ライオット
283活动剧情\ゴシップ・キャンディ！-魔法の本とおかしな食べ物-\第2话-図書館ライオット.csv,53,4001029030380,あさひ,"えー、それ
騙されてないっすか？","诶——，这
没有被骗吗？",283活动剧情,ゴシップ・キャンディ！-魔法の本とおかしな食べ物-,第2话-図書館ライオット
283活动剧情\ゴシップ・キャンディ！-魔法の本とおかしな食べ物-\第2话-図書館ライオット.csv,60,4001029030420,あさひ,……それって,……那是,283活动剧情,ゴシップ・キャンディ！-魔法の本とおかしな食べ物-,第2话-図書館ライオット
283活动剧情\ゴシップ・キャンディ！-魔法の本とおかしな食べ物-\第2话-図書館ライオット.csv,61,4001029030430,あさひ,あっちの世界から来たってことっすよね！,从那边的世界过来的吗！,283活动剧情,ゴシップ・キャンディ！-魔法の本とおかしな食べ物-,第2话-図書館ライオット
283活动剧情\ゴシップ・キャンディ！-魔法の本とおかしな食べ物-\第2话-図書館ライオット.csv,65,4001029030470,あさひ,え！　ニンゲンなんすか！？,诶！ 是人类吗！？,283活动剧情,ゴシップ・キャンディ！-魔法の本とおかしな食べ物-,第2话-図書館ライオット
283活动剧情\ゴシップ・キャンディ！-魔法の本とおかしな食べ物-\第2话-図書館ライオット.csv,66,4001029030480,あさひ,"すごいっす！
初めて見たっす！","好厉害！
这还是第一次见到！",283活动剧情,ゴシップ・キャンディ！-魔法の本とおかしな食べ物-,第2话-図書館ライオット
283活动剧情\ゴシップ・キャンディ！-魔法の本とおかしな食べ物-\第2话-図書館ライオット.csv,72,4001029030490,あさひ,……カラス,……乌鸦,283活动剧情,ゴシップ・キャンディ！-魔法の本とおかしな食べ物-,第2话-図書館ライオット
283活动剧情\ゴシップ・キャンディ！-魔法の本とおかしな食べ物-\第2话-図書館ライオット.csv,73,4001029030500,あさひ,外にいるっす,在外面,283活动剧情,ゴシップ・キャンディ！-魔法の本とおかしな食べ物-,第2话-図書館ライオット
283活动剧情\ゴシップ・キャンディ！-魔法の本とおかしな食べ物-\第2话-図書館ライオット.csv,85,4001029030570,あさひ,捕まえるっす！,去抓乌鸦了！,283活动剧情,ゴシップ・キャンディ！-魔法の本とおかしな食べ物-,第2话-図書館ライオット
283活动剧情\ゴシップ・キャンディ！-魔法の本とおかしな食べ物-\第4话-ゴー！本探し.csv,2,4001029050010,あさひ,"──あっ
戻ってきたっすよ！","——啊
回来了！",283活动剧情,ゴシップ・キャンディ！-魔法の本とおかしな食べ物-,第4话-ゴー！本探し
283活动剧情\ゴシップ・キャンディ！-魔法の本とおかしな食べ物-\第4话-ゴー！本探し.csv,14,4001029050070,あさひ,え、森っすか……！,诶，森林吗……！,283活动剧情,ゴシップ・キャンディ！-魔法の本とおかしな食べ物-,第4话-ゴー！本探し
283活动剧情\ゴシップ・キャンディ！-魔法の本とおかしな食べ物-\第4话-ゴー！本探し.csv,23,4001029050130,あさひ,…………,,283活动剧情,ゴシップ・キャンディ！-魔法の本とおかしな食べ物-,第4话-ゴー！本探し
283活动剧情\ゴシップ・キャンディ！-魔法の本とおかしな食べ物-\第4话-ゴー！本探し.csv,24,4001029050140,あさひ,"……落ちてたんじゃなくて
置いてあったのかもしれないっすよ","……不是掉在那里
而说不定是被放在那里",283活动剧情,ゴシップ・キャンディ！-魔法の本とおかしな食べ物-,第4话-ゴー！本探し
283活动剧情\ゴシップ・キャンディ！-魔法の本とおかしな食べ物-\第4话-ゴー！本探し.csv,25,4001029050150,あさひ,"わたしもたまに行くっすけど
森を散歩してる人ってあんまりいないっすもん","我也偶尔去森林
平时也没什么人会去森林散步",283活动剧情,ゴシップ・キャンディ！-魔法の本とおかしな食べ物-,第4话-ゴー！本探し
283活动剧情\ゴシップ・キャンディ！-魔法の本とおかしな食べ物-\第4话-ゴー！本探し.csv,28,4001029050180,あさひ,"だから本をその辺に置いといても
大丈夫だと思ったんじゃないっすかね？",所以才会认为把书放在那里也没什么问题吧？,283活动剧情,ゴシップ・キャンディ！-魔法の本とおかしな食べ物-,第4话-ゴー！本探し
283活动剧情\ゴシップ・キャンディ！-魔法の本とおかしな食べ物-\第4话-ゴー！本探し.csv,31,4001029050210,あさひ,"うーん
……それは違うと思うっす","嗯
……我认为应该不是",283活动剧情,ゴシップ・キャンディ！-魔法の本とおかしな食べ物-,第4话-ゴー！本探し
283活动剧情\ゴシップ・キャンディ！-魔法の本とおかしな食べ物-\第4话-ゴー！本探し.csv,32,4001029050220,あさひ,"カラスのいた位置からじゃ
本は見えてなかったっすよ",从乌鸦的位置应该是看不到书的,283活动剧情,ゴシップ・キャンディ！-魔法の本とおかしな食べ物-,第4话-ゴー！本探し
283活动剧情\ゴシップ・キャンディ！-魔法の本とおかしな食べ物-\第4话-ゴー！本探し.csv,33,4001029050230,あさひ,"それなのに一直線に……
獲物が決まってたみたいだったっす","但却一直线地……
好像冲着猎物来的",283活动剧情,ゴシップ・キャンディ！-魔法の本とおかしな食べ物-,第4话-ゴー！本探し
283活动剧情\ゴシップ・キャンディ！-魔法の本とおかしな食べ物-\第4话-ゴー！本探し.csv,47,4001029050330,あさひ,そうなるっすね,是这样呢,283活动剧情,ゴシップ・キャンディ！-魔法の本とおかしな食べ物-,第4话-ゴー！本探し
283活动剧情\ゴシップ・キャンディ！-魔法の本とおかしな食べ物-\第4话-ゴー！本探し.csv,53,4001029050380,あさひ,取りに行くっすか！？,要去拿吗！？,283活动剧情,ゴシップ・キャンディ！-魔法の本とおかしな食べ物-,第4话-ゴー！本探し
283活动剧情\ゴシップ・キャンディ！-魔法の本とおかしな食べ物-\第4话-ゴー！本探し.csv,55,4001029050400,あさひ,"ひゅー！
早く行きたいっす！","耶——！
那快点出发吧！",283活动剧情,ゴシップ・キャンディ！-魔法の本とおかしな食べ物-,第4话-ゴー！本探し
283活动剧情\ゴシップ・キャンディ！-魔法の本とおかしな食べ物-\第4话-ゴー！本探し.csv,74,4001029050530,あさひ,"どっちでもいいから
早く行くっす！","怎么都行啦
快点出发吧！",283活动剧情,ゴシップ・キャンディ！-魔法の本とおかしな食べ物-,第4话-ゴー！本探し
283活动剧情\ゴシップ・キャンディ！-魔法の本とおかしな食べ物-\第4话-ゴー！本探し.csv,75,4001029050540,あさひ,"それに元の世界に帰りたいなら
あんまり時間残ってないっすよ！","而且要回到原来世界的话
剩下的时间也不多了！",283活动剧情,ゴシップ・キャンディ！-魔法の本とおかしな食べ物-,第4话-ゴー！本探し
283活动剧情\ゴシップ・キャンディ！-魔法の本とおかしな食べ物-\第4话-ゴー！本探し.csv,77,4001029050550,あさひ,"あっちとこっちの世界を行き来できるのは
ハロウィンの間だけっすから","能在两边世界往返的时间
只限在万圣节这天",283活动剧情,ゴシップ・キャンディ！-魔法の本とおかしな食べ物-,第4话-ゴー！本探し
283活动剧情\ゴシップ・キャンディ！-魔法の本とおかしな食べ物-\第4话-ゴー！本探し.csv,79,4001029050560,あさひ,"だから早く出発したほうがいいっす！
ゴーっすよ！","所以快点出发吧！
GO——！",283活动剧情,ゴシップ・キャンディ！-魔法の本とおかしな食べ物-,第4话-ゴー！本探し
283活动剧情\ゴシップ・キャンディ！-魔法の本とおかしな食べ物-\第6话-走って！.csv,8,4001029070060,あさひ,"もし２回目の呼び出し魔法が無かったら
どうなってたっすかね？","如果没第二次的召唤魔法的话
会变成怎么样的？",283活动剧情,ゴシップ・キャンディ！-魔法の本とおかしな食べ物-,第6话-走って！
283活动剧情\ゴシップ・キャンディ！-魔法の本とおかしな食べ物-\第6话-走って！.csv,16,4001029070110,あさひ,カラスと戦うっすか？,要和乌鸦战斗吗？,283活动剧情,ゴシップ・キャンディ！-魔法の本とおかしな食べ物-,第6话-走って！
283活动剧情\ゴシップ・キャンディ！-魔法の本とおかしな食べ物-\第6话-走って！.csv,18,4001029070130,あさひ,"……そうなったら
圧倒的に不利っすね……","……如果演变成那样
那就是压倒性的不利……",283活动剧情,ゴシップ・キャンディ！-魔法の本とおかしな食べ物-,第6话-走って！
283活动剧情\ゴシップ・キャンディ！-魔法の本とおかしな食べ物-\第6话-走って！.csv,19,4001029070140,あさひ,"森はあっちのフィールドだし、
空にも逃げられないっす","森林那边是对面的领域
也无法逃到空中",283活动剧情,ゴシップ・キャンディ！-魔法の本とおかしな食べ物-,第6话-走って！
283活动剧情\ゴシップ・キャンディ！-魔法の本とおかしな食べ物-\第6话-走って！.csv,24,4001029070180,あさひ,そうっすか～？,是吗～？,283活动剧情,ゴシップ・キャンディ！-魔法の本とおかしな食べ物-,第6话-走って！
283活动剧情\ゴシップ・キャンディ！-魔法の本とおかしな食べ物-\第6话-走って！.csv,27,4001029070200,あさひ,"うーん……
見つからないっすねー……","嗯——……
找不到呢——……",283活动剧情,ゴシップ・キャンディ！-魔法の本とおかしな食べ物-,第6话-走って！
283活动剧情\ゴシップ・キャンディ！-魔法の本とおかしな食べ物-\第6话-走って！.csv,28,4001029070210,あさひ,……それに、なんか変な感じするっす,……而且，有种奇怪的感觉,283活动剧情,ゴシップ・キャンディ！-魔法の本とおかしな食べ物-,第6话-走って！
283活动剧情\ゴシップ・キャンディ！-魔法の本とおかしな食べ物-\第6话-走って！.csv,30,4001029070230,あさひ,そうっす,是的,283活动剧情,ゴシップ・キャンディ！-魔法の本とおかしな食べ物-,第6话-走って！
283活动剧情\ゴシップ・キャンディ！-魔法の本とおかしな食べ物-\第6话-走って！.csv,31,4001029070240,あさひ,"あるべきものが無いっていうか
何か足りないみたいな……","本应该存在的东西消失了
哪里缺少了点东西的感觉……",283活动剧情,ゴシップ・キャンディ！-魔法の本とおかしな食べ物-,第6话-走って！
283活动剧情\ゴシップ・キャンディ！-魔法の本とおかしな食べ物-\第6话-走って！.csv,37,4001029070280,あさひ,あ！　ほんとだ！,"啊！
 是真的！",283活动剧情,ゴシップ・キャンディ！-魔法の本とおかしな食べ物-,第6话-走って！
283活动剧情\ゴシップ・キャンディ！-魔法の本とおかしな食べ物-\第6话-走って！.csv,38,4001029070290,あさひ,あったっすよ！　こっちこっち！,找到了！ 在这边！,283活动剧情,ゴシップ・キャンディ！-魔法の本とおかしな食べ物-,第6话-走って！
283活动剧情\ゴシップ・キャンディ！-魔法の本とおかしな食べ物-\第6话-走って！.csv,40,4001029070310,あさひ,"そこの石の上に
置いてあったっす！",被放在那边的石头上！,283活动剧情,ゴシップ・キャンディ！-魔法の本とおかしな食べ物-,第6话-走って！
283活动剧情\ゴシップ・キャンディ！-魔法の本とおかしな食べ物-\第6话-走って！.csv,47,4001029070350,あさひ,……あっ、何が変なのかわかったっす,……啊，我明白是哪里奇怪了,283活动剧情,ゴシップ・キャンディ！-魔法の本とおかしな食べ物-,第6话-走って！
283活动剧情\ゴシップ・キャンディ！-魔法の本とおかしな食べ物-\第6话-走って！.csv,48,4001029070360,あさひ,静かすぎるんすよ,太安静了,283活动剧情,ゴシップ・キャンディ！-魔法の本とおかしな食べ物-,第6话-走って！
283活动剧情\ゴシップ・キャンディ！-魔法の本とおかしな食べ物-\第6话-走って！.csv,50,4001029070370,あさひ,"だって、全然しないじゃないっすか
──カラスの鳴き声","你听，完全听不见
——乌鸦的叫声",283活动剧情,ゴシップ・キャンディ！-魔法の本とおかしな食べ物-,第6话-走って！
283活动剧情\ゴシップ・キャンディ！-魔法の本とおかしな食べ物-\第6话-走って！.csv,52,4001029070380,あさひ,"これ
まずいっすね","这
糟了呢",283活动剧情,ゴシップ・キャンディ！-魔法の本とおかしな食べ物-,第6话-走って！
283活动剧情\ゴシップ・キャンディ！-魔法の本とおかしな食べ物-\第6话-走って！.csv,53,4001029070390,あさひ,……もう囲まれてるっす,……已经被包围了,283活动剧情,ゴシップ・キャンディ！-魔法の本とおかしな食べ物-,第6话-走って！
283活动剧情\ゴシップ・キャンディ！-魔法の本とおかしな食べ物-\第6话-走って！.csv,56,4001029070420,あさひ,や、全然っすね,不，完全没有,283活动剧情,ゴシップ・キャンディ！-魔法の本とおかしな食べ物-,第6话-走って！
283活动剧情\ゴシップ・キャンディ！-魔法の本とおかしな食べ物-\第6话-走って！.csv,80,4001029070560,あさひ,……また、近づいてきてるっすよ！,……距离，又缩短了！,283活动剧情,ゴシップ・キャンディ！-魔法の本とおかしな食べ物-,第6话-走って！
283活动剧情\ゴシップ・キャンディ！-魔法の本とおかしな食べ物-\终章-次のハロウィンには.csv,3,4001029080010,あさひ,"これ……！
きりがないっす……！","这……！
没完没了……！",283活动剧情,ゴシップ・キャンディ！-魔法の本とおかしな食べ物-,终章-次のハロウィンには
283活动剧情\ゴシップ・キャンディ！-魔法の本とおかしな食べ物-\终章-次のハロウィンには.csv,11,4001029080090,あさひ,空中戦はどうっすか……？,空战怎么样……？,283活动剧情,ゴシップ・キャンディ！-魔法の本とおかしな食べ物-,终章-次のハロウィンには
283活动剧情\ゴシップ・キャンディ！-魔法の本とおかしな食べ物-\终章-次のハロウィンには.csv,15,4001029080130,あさひ,"えー
それは無理っすよー……！","诶——
做不到啊——……！",283活动剧情,ゴシップ・キャンディ！-魔法の本とおかしな食べ物-,终章-次のハロウィンには
283活动剧情\ゴシップ・キャンディ！-魔法の本とおかしな食べ物-\终章-次のハロウィンには.csv,25,4001029080190,あさひ,…………！,,283活动剧情,ゴシップ・キャンディ！-魔法の本とおかしな食べ物-,终章-次のハロウィンには
283活动剧情\ゴシップ・キャンディ！-魔法の本とおかしな食べ物-\终章-次のハロウィンには.csv,26,4001029080200,あさひ,今、なんか聞こえなかったっすか……？,刚才，有没有听到什么声音……？,283活动剧情,ゴシップ・キャンディ！-魔法の本とおかしな食べ物-,终章-次のハロウィンには
283活动剧情\ゴシップ・キャンディ！-魔法の本とおかしな食べ物-\终章-次のハロウィンには.csv,29,4001029080230,あさひ,"…………！
コウモリっすよ、冬優子ちゃん！","……！
是蝙蝠耶，冬优子！",283活动剧情,ゴシップ・キャンディ！-魔法の本とおかしな食べ物-,终章-次のハロウィンには
283活动剧情\ゴシップ・キャンディ！-魔法の本とおかしな食べ物-\终章-次のハロウィンには.csv,30,4001029080240,あさひ,なんか味方してくれてるっす……！,好像在帮我们的忙……！,283活动剧情,ゴシップ・キャンディ！-魔法の本とおかしな食べ物-,终章-次のハロウィンには
283活动剧情\ゴシップ・キャンディ！-魔法の本とおかしな食べ物-\终章-次のハロウィンには.csv,54,4001029080410,あさひ,"そうっすね……
もう全然追ってきてないっす","是的……
已经没有再追上来了",283活动剧情,ゴシップ・キャンディ！-魔法の本とおかしな食べ物-,终章-次のハロウィンには
283活动剧情\ゴシップ・キャンディ！-魔法の本とおかしな食べ物-\终章-次のハロウィンには.csv,56,4001029080430,あさひ,"ほとんどコウモリの
おかげっすね",蝙蝠真是帮大忙了,283活动剧情,ゴシップ・キャンディ！-魔法の本とおかしな食べ物-,终章-次のハロウィンには
283活动剧情\ゴシップ・キャンディ！-魔法の本とおかしな食べ物-\终章-次のハロウィンには.csv,63,4001029080490,あさひ,冬優子ちゃん、できるっすか？,冬优子，做得到吗？,283活动剧情,ゴシップ・キャンディ！-魔法の本とおかしな食べ物-,终章-次のハロウィンには
283活动剧情\ゴシップ・キャンディ！-魔法の本とおかしな食べ物-\终章-次のハロウィンには.csv,73,4001029080560,あさひ,そうっす！,是的！,283活动剧情,ゴシップ・キャンディ！-魔法の本とおかしな食べ物-,终章-次のハロウィンには
283活动剧情\ゴシップ・キャンディ！-魔法の本とおかしな食べ物-\终章-次のハロウィンには.csv,74,4001029080570,あさひ,それに楽しかったっすよ！,而且还挺开心的！,283活动剧情,ゴシップ・キャンディ！-魔法の本とおかしな食べ物-,终章-次のハロウィンには
283活动剧情\サマー・ミーツ・ワンダーランド\夏休みの秘密.csv,9,4001015080050,あさひ,"青い光も、夜光虫だろうって話っす！
これで謎は解けたっすね！","蓝色的光应该是夜光虫呢！
这样谜团就解开了！",283活动剧情,サマー・ミーツ・ワンダーランド,夏休みの秘密
283活动剧情\サマー・ミーツ・ワンダーランド\夏休みの秘密.csv,22,4001015080140,あさひ,"え？
そんなことないけど──","诶？
没有啊",283活动剧情,サマー・ミーツ・ワンダーランド,夏休みの秘密
283活动剧情\サマー・ミーツ・ワンダーランド\夏休みの秘密.csv,23,4001015080150,あさひ,……あれ？,……咦？,283活动剧情,サマー・ミーツ・ワンダーランド,夏休みの秘密
283活动剧情\サマー・ミーツ・ワンダーランド\夏休みの秘密.csv,69,4001015080610,あさひ,…………,,283活动剧情,サマー・ミーツ・ワンダーランド,夏休みの秘密
283活动剧情\サマー・ミーツ・ワンダーランド\夏休みの秘密.csv,70,4001015080620,あさひ,────,,283活动剧情,サマー・ミーツ・ワンダーランド,夏休みの秘密
283活动剧情\サマー・ミーツ・ワンダーランド\夏休みの秘密.csv,73,4001015080650,あさひ,"──なんでもないっす！
今行くっすよーっ！","——没什么！
现在就过去哟！",283活动剧情,サマー・ミーツ・ワンダーランド,夏休みの秘密
283活动剧情\サマー・ミーツ・ワンダーランド\昼の物語.csv,45,4001015020350,あさひ,……,……,283活动剧情,サマー・ミーツ・ワンダーランド,昼の物語
283活动剧情\サマー・ミーツ・ワンダーランド\昼の物語.csv,47,4001015020360,あさひ,ん？,嗯？,283活动剧情,サマー・ミーツ・ワンダーランド,昼の物語
283活动剧情\サマー・ミーツ・ワンダーランド\昼の物語.csv,48,4001015020370,あさひ,"んー、一緒には行かないっすよ
わたしは今、面白いことを探してるんす！","不是一起的哦
我现在，要去找有趣的东西！",283活动剧情,サマー・ミーツ・ワンダーランド,昼の物語
283活动剧情\サマー・ミーツ・ワンダーランド\昼の物語.csv,50,4001015020380,あさひ,"そっす！
向こうの方が気になるんすよね～","是的！
很在意那边的事呢～",283活动剧情,サマー・ミーツ・ワンダーランド,昼の物語
283活动剧情\サマー・ミーツ・ワンダーランド\昼の物語.csv,52,4001015020390,あさひ,"はいっす！
バイバイ、おばあちゃん！",好的！拜拜，老婆婆！,283活动剧情,サマー・ミーツ・ワンダーランド,昼の物語
283活动剧情\サマー・ミーツ・ワンダーランド\昼の物語.csv,103,4001015020840,あさひ,～♪,～♪,283活动剧情,サマー・ミーツ・ワンダーランド,昼の物語
283活动剧情\サマー・ミーツ・ワンダーランド\昼の物語.csv,104,4001015020850,あさひ,──……あれ。なんか落ちてる……？,──……哎，有什么落下来了……？,283活动剧情,サマー・ミーツ・ワンダーランド,昼の物語
283活动剧情\サマー・ミーツ・ワンダーランド\昼の物語.csv,105,4001015020860,あさひ,これ……,这个……,283活动剧情,サマー・ミーツ・ワンダーランド,昼の物語
283活动剧情\サマー・ミーツ・ワンダーランド\昼の物語.csv,107,4001015020880,あさひ,あ、冬優子ちゃんっす！,啊，冬优子哒！,283活动剧情,サマー・ミーツ・ワンダーランド,昼の物語
283活动剧情\サマー・ミーツ・ワンダーランド\昼の物語.csv,110,4001015020910,あさひ,そんなことより、発見っすよ！,比起这个，找到了哦！,283活动剧情,サマー・ミーツ・ワンダーランド,昼の物語
283活动剧情\サマー・ミーツ・ワンダーランド\昼の物語.csv,112,4001015020930,あさひ,"これ！　瓶の中、見てほしいっす！
紙が入ってるんすよ！",这个！瓶子的里面，看啊！有张纸条耶！,283活动剧情,サマー・ミーツ・ワンダーランド,昼の物語
283活动剧情\サマー・ミーツ・ワンダーランド\昼の物語.csv,114,4001015020950,あさひ,"ボトルメール？
何が書いてあるんすかね……！？","瓶中信？
好像有写着什么呢……！？",283活动剧情,サマー・ミーツ・ワンダーランド,昼の物語
283活动剧情\サマー・ミーツ・ワンダーランド\昼の物語.csv,117,4001015020980,あさひ,『こんにちは。お友達になりましょう』,“你好。成为朋友吧”,283活动剧情,サマー・ミーツ・ワンダーランド,昼の物語
283活动剧情\サマー・ミーツ・ワンダーランド\昼の物語.csv,118,4001015020990,あさひ,"『あなたは誰？』
『返信待ってます』","“你是谁？”
“等着你的回信”",283活动剧情,サマー・ミーツ・ワンダーランド,昼の物語
283活动剧情\サマー・ミーツ・ワンダーランド\昼の物語.csv,119,4001015021000,あさひ,住所みたいなのも書いてあるっす！,好像还有写着地址哦！,283活动剧情,サマー・ミーツ・ワンダーランド,昼の物語
283活动剧情\サマー・ミーツ・ワンダーランド\昼の物語.csv,120,0000000000000,あさひ,……ちょっと読めないっすけど,……但是有些看不清啊,283活动剧情,サマー・ミーツ・ワンダーランド,昼の物語
283活动剧情\サマー・ミーツ・ワンダーランド\昼の物語.csv,124,4001015021040,あさひ,……,……,283活动剧情,サマー・ミーツ・ワンダーランド,昼の物語
283活动剧情\サマー・ミーツ・ワンダーランド\昼の物語.csv,125,4001015021050,あさひ,……冬優子ちゃん、ペン持ってないっすか？,……冬优子，有没有笔啊？,283活动剧情,サマー・ミーツ・ワンダーランド,昼の物語
283活动剧情\サマー・ミーツ・ワンダーランド\昼の物語.csv,127,4001015021070,あさひ,"このボトルメールに返事するっすよ！
わたしからも、海に流すっす！","想要给这个瓶中信回信啦！
我也要扔到海里去！",283活动剧情,サマー・ミーツ・ワンダーランド,昼の物語
283活动剧情\サマー・ミーツ・ワンダーランド\時の物語.csv,9,4001015040080,あさひ,"果穂ちゃん、こっち！
この先でボトルメールに返事したから！","果穗，来这里！
我在前面回复了瓶中信！",283活动剧情,サマー・ミーツ・ワンダーランド,時の物語
283活动剧情\サマー・ミーツ・ワンダーランド\時の物語.csv,11,4001015040100,あさひ,それを見に行くんだよ！,我正要去找呢！,283活动剧情,サマー・ミーツ・ワンダーランド,時の物語
283活动剧情\サマー・ミーツ・ワンダーランド\時の物語.csv,15,4001015040140,あさひ,ふんっふ～～ん♪,哼哼～～哼♪,283活动剧情,サマー・ミーツ・ワンダーランド,時の物語
283活动剧情\サマー・ミーツ・ワンダーランド\時の物語.csv,19,4001015040180,あさひ,えー、これぐらい平気っすよ～,诶——分开一下没关系的～,283活动剧情,サマー・ミーツ・ワンダーランド,時の物語
283活动剧情\サマー・ミーツ・ワンダーランド\時の物語.csv,20,4001015040190,あさひ,遠くまで来てるわけじゃないし、ルール違反でもないっす！,又没有离开太远，也没违反规定！,283活动剧情,サマー・ミーツ・ワンダーランド,時の物語
283活动剧情\サマー・ミーツ・ワンダーランド\時の物語.csv,22,4001015040210,あさひ,"あ！　ここっす、ここ！
ここに昨日ボトルメールが──","啊！在这里，这里！
昨天在这里回了瓶中信——",283活动剧情,サマー・ミーツ・ワンダーランド,時の物語
283活动剧情\サマー・ミーツ・ワンダーランド\時の物語.csv,23,4001015040220,あさひ,！！,,283活动剧情,サマー・ミーツ・ワンダーランド,時の物語
283活动剧情\サマー・ミーツ・ワンダーランド\時の物語.csv,25,4001015040240,あさひ,ボトルメールだ！,是瓶中信！,283活动剧情,サマー・ミーツ・ワンダーランド,時の物語
283活动剧情\サマー・ミーツ・ワンダーランド\時の物語.csv,26,4001015040250,あさひ,えいっ！,嘿！,283活动剧情,サマー・ミーツ・ワンダーランド,時の物語
283活动剧情\サマー・ミーツ・ワンダーランド\時の物語.csv,27,4001015040251,あさひ,──……わぁっ……！,——……哇……！,283活动剧情,サマー・ミーツ・ワンダーランド,時の物語
283活动剧情\サマー・ミーツ・ワンダーランド\時の物語.csv,30,4001015040280,あさひ,『お返事ありがとう』,“感谢回信”,283活动剧情,サマー・ミーツ・ワンダーランド,時の物語
283活动剧情\サマー・ミーツ・ワンダーランド\時の物語.csv,31,4001015040290,あさひ,『一緒に遊べるの嬉しいな』,“能一起玩我很开心”,283活动剧情,サマー・ミーツ・ワンダーランド,時の物語
283活动剧情\サマー・ミーツ・ワンダーランド\時の物語.csv,32,4001015040300,あさひ,『今夜、あなたの前で待ち合わせ』,“今夜，在你的前面碰头”,283活动剧情,サマー・ミーツ・ワンダーランド,時の物語
283活动剧情\サマー・ミーツ・ワンダーランド\時の物語.csv,33,4001015040310,あさひ,"──返事っすよ返事！
ちゃんと返事が来たっすー！","——是回信哟回信！
真的有回信了！",283活动剧情,サマー・ミーツ・ワンダーランド,時の物語
283活动剧情\サマー・ミーツ・ワンダーランド\時の物語.csv,37,4001015040341,果穂＆あさひ,？,,283活动剧情,サマー・ミーツ・ワンダーランド,時の物語
283活动剧情\サマー・ミーツ・ワンダーランド\時の物語.csv,40,4001015040361,果穂＆あさひ,……,,283活动剧情,サマー・ミーツ・ワンダーランド,時の物語
283活动剧情\サマー・ミーツ・ワンダーランド\時の物語.csv,44,4001015040400,あさひ,確かめなきゃいけないっすね！,必须确认一下呢！,283活动剧情,サマー・ミーツ・ワンダーランド,時の物語
283活动剧情\サマー・ミーツ・ワンダーランド\時の物語.csv,46,4001015040420,あさひ,"実験っす！
今日の手紙にも返事を書くっすよ！","实验！
今天的信我也写回信！",283活动剧情,サマー・ミーツ・ワンダーランド,時の物語
283活动剧情\サマー・ミーツ・ワンダーランド\時の物語.csv,47,4001015040430,あさひ,果穂ちゃんも灯織ちゃんもよろしくっす！,果穗和灯织也拜托了！,283活动剧情,サマー・ミーツ・ワンダーランド,時の物語
283活动剧情\サマー・ミーツ・ワンダーランド\時の物語.csv,52,4001015040480,あさひ,"あ！　忘れちゃったっす！
持ってくればよかった～！！！","啊！我忘带了！
要是带着就好了～！！！",283活动剧情,サマー・ミーツ・ワンダーランド,時の物語
283活动剧情\サマー・ミーツ・ワンダーランド\朝の物語.csv,61,4001015010540,あさひ,あれ？　冬優子ちゃんいないんすか？,哎？　冬优子不在么？,283活动剧情,サマー・ミーツ・ワンダーランド,朝の物語
283活动剧情\サマー・ミーツ・ワンダーランド\朝の物語.csv,64,4001015010570,あさひ,ふ～ん……,嗯……,283活动剧情,サマー・ミーツ・ワンダーランド,朝の物語
283活动剧情\サマー・ミーツ・ワンダーランド\朝の物語.csv,69,4001015010610,あさひ,はいっす！,好的！,283活动剧情,サマー・ミーツ・ワンダーランド,朝の物語
283活动剧情\サマー・ミーツ・ワンダーランド\銀河の冒険.csv,4,4001015070030,あさひ,……──果穂ちゃん、起きて──,……——果穗，起床了——,283活动剧情,サマー・ミーツ・ワンダーランド,銀河の冒険
283活动剧情\サマー・ミーツ・ワンダーランド\銀河の冒険.csv,6,4001015070050,あさひ,うん！,嗯！,283活动剧情,サマー・ミーツ・ワンダーランド,銀河の冒険
283活动剧情\サマー・ミーツ・ワンダーランド\銀河の冒険.csv,7,4001015070060,あさひ,昨日拾ったお返事に書いてあったんだ,昨天捡到的回信上写了,283活动剧情,サマー・ミーツ・ワンダーランド,銀河の冒険
283活动剧情\サマー・ミーツ・ワンダーランド\銀河の冒険.csv,8,4001015070070,あさひ,『迎えに行く』って,“去接你”,283活动剧情,サマー・ミーツ・ワンダーランド,銀河の冒険
283活动剧情\サマー・ミーツ・ワンダーランド\銀河の冒険.csv,9,4001015070080,あさひ,"だから、ボトルメールの子……
きっと来るよ！","所以写瓶中信的人……
肯定会来的！",283活动剧情,サマー・ミーツ・ワンダーランド,銀河の冒険
283活动剧情\サマー・ミーツ・ワンダーランド\銀河の冒険.csv,10,4001015070090,あさひ,もう一度、あの浜辺に行ってみよう！,再去一次那个海滩吧！,283活动剧情,サマー・ミーツ・ワンダーランド,銀河の冒険
283活动剧情\サマー・ミーツ・ワンダーランド\銀河の冒険.csv,28,4001015070260,あさひ,"なんでっすか！？
しおりのルールは全部守ってるっすよー！","为什么！？
指南的规定我们全部遵守了哦！",283活动剧情,サマー・ミーツ・ワンダーランド,銀河の冒険
283活动剧情\サマー・ミーツ・ワンダーランド\銀河の冒険.csv,45,4001015070430,あさひ,……,,283活动剧情,サマー・ミーツ・ワンダーランド,銀河の冒険
283活动剧情\サマー・ミーツ・ワンダーランド\銀河の冒険.csv,47,4001015070450,あさひ,……わかったっすー,……我知道了,283活动剧情,サマー・ミーツ・ワンダーランド,銀河の冒険
283活动剧情\サマー・ミーツ・ワンダーランド\銀河の冒険.csv,50,4001015070480,あさひ,灯織ちゃん？　どうかしたっすか？,灯织？怎么了？,283活动剧情,サマー・ミーツ・ワンダーランド,銀河の冒険
283活动剧情\サマー・ミーツ・ワンダーランド\銀河の冒険.csv,52,4001015070500,あさひ,？,,283活动剧情,サマー・ミーツ・ワンダーランド,銀河の冒険
283活动剧情\サマー・ミーツ・ワンダーランド\銀河の冒険.csv,57,4001015070550,あさひ,違う道に入っちゃったっすかね？,是不是走错路了？,283活动剧情,サマー・ミーツ・ワンダーランド,銀河の冒険
283活动剧情\サマー・ミーツ・ワンダーランド\銀河の冒険.csv,60,4001015070570,あさひ,"──じゃあ、とりあえず歩いてみるっす！
もしかしたら旅館にも着くかもしれないっすよ！",——那，总之先走走看吧！也许能走回旅馆呢！,283活动剧情,サマー・ミーツ・ワンダーランド,銀河の冒険
283活动剧情\サマー・ミーツ・ワンダーランド\銀河の冒険.csv,61,4001015070580,あさひ,"そっちから来たんだから、そっちに行くっす！
ね！","既然是从那里来的，就向那里走！
可以吧！",283活动剧情,サマー・ミーツ・ワンダーランド,銀河の冒険
283活动剧情\サマー・ミーツ・ワンダーランド\銀河の冒険.csv,63,4001015070600,あさひ,"ここ、さっきも通った気がするっす
なんか進んでる感じがしないんっすよね～","这里好像刚刚走过的
有种在前进的感觉呢～",283活动剧情,サマー・ミーツ・ワンダーランド,銀河の冒険
283活动剧情\サマー・ミーツ・ワンダーランド\銀河の冒険.csv,76,4001015070720,あさひ,"！
向こう、明るくなってるっす！","！
对面变亮了！",283活动剧情,サマー・ミーツ・ワンダーランド,銀河の冒険
283活动剧情\サマー・ミーツ・ワンダーランド\銀河の冒険.csv,77,4001015070730,あさひ,何かあるかもしれないっすよ！,可能有什么东西！,283活动剧情,サマー・ミーツ・ワンダーランド,銀河の冒険
283活动剧情\サマー・ミーツ・ワンダーランド\銀河の冒険.csv,81,4001015070750,あさひ,"向こうに見えるの、海っすよね！？
なんであんなにきらきらしてるっすか！？","对面的是大海吧！？
为什么如此闪耀呢！？",283活动剧情,サマー・ミーツ・ワンダーランド,銀河の冒険
283活动剧情\サマー・ミーツ・ワンダーランド\銀河の冒険.csv,86,4001015070800,あさひ,"『天上の地』って書いてあるっす！
ここ、そういう名前なんすね！","这边写着“天上之地”！
这里原来叫这个！",283活动剧情,サマー・ミーツ・ワンダーランド,銀河の冒険
283活动剧情\サマー・ミーツ・ワンダーランド\銀河の冒険.csv,88,4001015070820,あさひ,"もっと先まで歩いたら、今度はどこに着くっすかね？
とにかく行ってみたいっす！","再往前走的话会到达哪里呢？
总之想去看看！",283活动剧情,サマー・ミーツ・ワンダーランド,銀河の冒険
283活动剧情\サマー・ミーツ・ワンダーランド\銀河の冒険.csv,93,4001015070860,あさひ,"なんでっすか？
だって今ここにいるんっすから──","为什么？
我们现在就在这里啊——",283活动剧情,サマー・ミーツ・ワンダーランド,銀河の冒険
283活动剧情\サマー・ミーツ・ワンダーランド\銀河の冒険.csv,97,4001015070900,あさひ,でも着いてるっす！,但是到达了啊！,283活动剧情,サマー・ミーツ・ワンダーランド,銀河の冒険
283活动剧情\サマー・ミーツ・ワンダーランド\銀河の冒険.csv,107,4001015070990,あさひ,え～！　嫌っす～！,诶～！我不要～！,283活动剧情,サマー・ミーツ・ワンダーランド,銀河の冒険
283活动剧情\サマー・ミーツ・ワンダーランド\銀河の冒険.csv,108,4001015071000,あさひ,"この先にもわくわくがあるっすよ！
体験しないなんてもったいないっす！","这前方还有让人兴奋的景象！
不体验一下的话太可惜了！",283活动剧情,サマー・ミーツ・ワンダーランド,銀河の冒険
283活动剧情\サマー・ミーツ・ワンダーランド\銀河の冒険.csv,110,4001015071020,あさひ,ああっ、引っ張るのはずるいっすよ灯織ちゃん！,啊啊，拉着我太狡猾了，灯织！,283活动剧情,サマー・ミーツ・ワンダーランド,銀河の冒険
283活动剧情\サマー・ミーツ・ワンダーランド\銀河の冒険.csv,116,4001015071070,あさひ,"うう～……
もう逃げないから、離してほしいっすー……","呜呜～……
我不会逃走了，希望你放开我……",283活动剧情,サマー・ミーツ・ワンダーランド,銀河の冒険
283活动剧情\サマー・ミーツ・ワンダーランド\銀河の冒険.csv,119,4001015071100,あさひ,"さっき通ってないっすよね！？
なんでここにトンネルがあるっすかーっ？","刚才没走过这里吧！？
为什么这里有隧道？",283活动剧情,サマー・ミーツ・ワンダーランド,銀河の冒険
283活动剧情\サマー・ミーツ・ワンダーランド\銀河の冒険.csv,127,4001015071180,あさひ,"あっ……！
切符──！","啊……！
车票——！",283活动剧情,サマー・ミーツ・ワンダーランド,銀河の冒険
283活动剧情\サマー・ミーツ・ワンダーランド\銀河の冒険.csv,130,4001015071210,あさひ,でも──,但是——,283活动剧情,サマー・ミーツ・ワンダーランド,銀河の冒険
283活动剧情\サマー・ミーツ・ワンダーランド\銀河の冒険.csv,143,4001015071330,あさひ,……,,283活动剧情,サマー・ミーツ・ワンダーランド,銀河の冒険
283活动剧情\サマー・ミーツ・ワンダーランド\銀河の冒険.csv,144,4001015071340,あさひ,──……つめたっ,——……好冷,283活动剧情,サマー・ミーツ・ワンダーランド,銀河の冒険
283活动剧情\サマー・ミーツ・ワンダーランド\銀河の冒険.csv,145,4001015071350,あさひ,……雨……,……雨……,283活动剧情,サマー・ミーツ・ワンダーランド,銀河の冒険
283活动剧情\サマー・ミーツ・ワンダーランド\銀河の冒険.csv,146,4001015071360,あさひ,……晴れてるのに──,……明明是晴天——,283活动剧情,サマー・ミーツ・ワンダーランド,銀河の冒険
283活动剧情\サマー・ミーツ・ワンダーランド\鏡の物語.csv,10,4001015050072,甘奈＆あさひ,……んん……,……嗯嗯……,283活动剧情,サマー・ミーツ・ワンダーランド,鏡の物語
283活动剧情\サマー・ミーツ・ワンダーランド\鏡の物語.csv,59,4001015050550,あさひ,やばいもん！？,不妙的东西！？,283活动剧情,サマー・ミーツ・ワンダーランド,鏡の物語
283活动剧情\サマー・ミーツ・ワンダーランド\鏡の物語.csv,62,4001015050570,あさひ,"はいっす、愛依ちゃんやばいもん見たんすか？
詳しく教えてほしいっす！","是的，爱依见到了不妙的东西吗？
希望详细地告诉我！",283活动剧情,サマー・ミーツ・ワンダーランド,鏡の物語
283活动剧情\サマー・ミーツ・ワンダーランド\鏡の物語.csv,64,4001015050590,あさひ,なーんだ、そうなんすね,什么嘛，是这样啊,283活动剧情,サマー・ミーツ・ワンダーランド,鏡の物語
283活动剧情\サマー・ミーツ・ワンダーランド\鏡の物語.csv,65,4001015050600,あさひ,"じゃあもう用はないっす！
わたしは行くっすね～","那就没事了！
我走了～",283活动剧情,サマー・ミーツ・ワンダーランド,鏡の物語
283活动剧情\サマー・ミーツ・ワンダーランド\鏡の物語.csv,67,4001015050620,あさひ,？,,283活动剧情,サマー・ミーツ・ワンダーランド,鏡の物語
283活动剧情\サマー・ミーツ・ワンダーランド\鏡の物語.csv,69,4001015050640,あさひ,お友達と会う予定があるっす！,我约好和朋友见面了！,283活动剧情,サマー・ミーツ・ワンダーランド,鏡の物語
283活动剧情\サマー・ミーツ・ワンダーランド\鏡の物語.csv,71,4001015050660,あさひ,わからないっす！,我不知道！,283活动剧情,サマー・ミーツ・ワンダーランド,鏡の物語
283活动剧情\サマー・ミーツ・ワンダーランド\鏡の物語.csv,73,4001015050680,あさひ,知らないっす！,不知道！,283活动剧情,サマー・ミーツ・ワンダーランド,鏡の物語
283活动剧情\サマー・ミーツ・ワンダーランド\鏡の物語.csv,75,4001015050700,あさひ,大丈夫って、何がっすか？,没问题是指什么？,283活动剧情,サマー・ミーツ・ワンダーランド,鏡の物語
283活动剧情\サマー・ミーツ・ワンダーランド\鏡の物語.csv,76,4001015050710,あさひ,"──あ。旅館からは出ないっすよ！
６時はまだっすから！","——啊，我不出旅馆！
因为还没到6点呢！",283活动剧情,サマー・ミーツ・ワンダーランド,鏡の物語
283活动剧情\サマー・ミーツ・ワンダーランド\鏡の物語.csv,79,4001015050740,あさひ,"むむ……
約束はできてないっすけど……","呜……
并没有约好……",283活动剧情,サマー・ミーツ・ワンダーランド,鏡の物語
283活动剧情\サマー・ミーツ・ワンダーランド\鏡の物語.csv,82,4001015050770,あさひ,"それは──……
うーん……確かに……？","这——……
嗯……确实……？",283活动剧情,サマー・ミーツ・ワンダーランド,鏡の物語
283活动剧情\サマー・ミーツ・ワンダーランド\鏡の物語.csv,84,4001015050790,あさひ,……──わかったっす,……——我明白了,283活动剧情,サマー・ミーツ・ワンダーランド,鏡の物語
283活动剧情\サマー・ミーツ・ワンダーランド\鏡の物語.csv,86,4001015050800,あさひ,何か光ったっす……！,有什么发光了……！,283活动剧情,サマー・ミーツ・ワンダーランド,鏡の物語
283活动剧情\サマー・ミーツ・ワンダーランド\鏡の物語.csv,88,4001015050820,あさひ,でも気になるっす！,但是很让人在意！,283活动剧情,サマー・ミーツ・ワンダーランド,鏡の物語
283活动剧情\サマー・ミーツ・ワンダーランド\鏡の物語.csv,92,4001015050850,あさひ,鏡、っすね……,是镜子呢……,283活动剧情,サマー・ミーツ・ワンダーランド,鏡の物語
283活动剧情\サマー・ミーツ・ワンダーランド\鏡の物語.csv,94,4001015050870,あさひ,もっと近くで見ないとわかんないっす,不靠近点看的话搞不明白,283活动剧情,サマー・ミーツ・ワンダーランド,鏡の物語
283活动剧情\サマー・ミーツ・ワンダーランド\鏡の物語.csv,102,4001015050950,あさひ,──……,,283活动剧情,サマー・ミーツ・ワンダーランド,鏡の物語
283活动剧情\サマー・ミーツ・ワンダーランド\鏡の物語.csv,104,4001015050970,あさひ,……,,283活动剧情,サマー・ミーツ・ワンダーランド,鏡の物語
283活动剧情\サマー・ミーツ・ワンダーランド\鏡の物語.csv,105,4001015050980,あさひ,何もないっすね……,什么都没有……,283活动剧情,サマー・ミーツ・ワンダーランド,鏡の物語
283活动剧情\サマー・ミーツ・ワンダーランド\鏡の物語.csv,106,4001015050990,あさひ,──つまんないっす～！,——无聊～,283活动剧情,サマー・ミーツ・ワンダーランド,鏡の物語
283活动剧情\サマー・ミーツ・ワンダーランド\鏡の物語.csv,109,4001015051020,あさひ,？,,283活动剧情,サマー・ミーツ・ワンダーランド,鏡の物語
283活动剧情\サマー・ミーツ・ワンダーランド\鏡の物語.csv,112,4001015051050,あさひ,切符……,车票……,283活动剧情,サマー・ミーツ・ワンダーランド,鏡の物語
283活动剧情\サマー・ミーツ・ワンダーランド\鏡の物語.csv,113,4001015051060,あさひ,『離島発、天上行き　──夏期のみ有効──』,“孤岛发往天上 ——仅在夏天有效”,283活动剧情,サマー・ミーツ・ワンダーランド,鏡の物語
283活动剧情\シャイニーの日\2020年4月12日-シャイニーの日 2020 特別コミュ.csv,21,4901012010190,あさひ,"あっ、はづきさんお疲れさ──え？　冬優子ちゃんと
愛依ちゃんがっすか？　ああ～、遊ぶ約束してたかもっす！","啊，叶月辛苦——诶？冬优子和
爱依吗？啊啊～，好像是约好了去玩！",283活动剧情,シャイニーの日,2020年4月12日-シャイニーの日 2020 特別コミュ
283活动剧情\シャイニーの日\2021年4月12日-シャイニーの日 2021 特別コミュ.csv,33,4901022010280,あさひ,"……？
わっせ……わっせ……！","……？
嘿哟……嘿哟……！",283活动剧情,シャイニーの日,2021年4月12日-シャイニーの日 2021 特別コミュ
283活动剧情\シャイニーの日\2022年4月12日-シャイニーの日 2022 特別コミュ.csv,20,4901030010130,あさひ,"なんすか……！　それ見たことないっす！
横、横、チョキ、チョキ────！","那是什么……！我从来没见过！
横，横，咔嚓，咔嚓────！",283活动剧情,シャイニーの日,2022年4月12日-シャイニーの日 2022 特別コミュ
283活动剧情\シャイニーの日\2023年4月12日-シャイニーの日 2023 特別コミュ.csv,32,4901040010310,あさひ,"色んなとこ走ったっす
もう新しいところないっすよ","我已经到处都跑过了
没什么新鲜东西了",283活动剧情,シャイニーの日,2023年4月12日-シャイニーの日 2023 特別コミュ
283活动剧情\シャイニーの日\シャイニーの日 2025 特別コミュ.csv,33,4902000010270,あさひ,"おー
飛んでるっす……──あ","哦哦——
飞好远……——啊",283活动剧情,シャイニーの日,シャイニーの日 2025 特別コミュ
283活动剧情\密着！ハロウィンワールド24時\エンディング-終わりが来るなんて.csv,38,4001041080290,あさひ,"あー！　見つけたっす！
空飛ぶ列車ー！","啊——！　找到了！
在天上飞的列车——！",283活动剧情,密着！ハロウィンワールド24時,エンディング-終わりが来るなんて
283活动剧情\密着！ハロウィンワールド24時\エンディング-終わりが来るなんて.csv,43,4001041080340,あさひ,"えっ、これに乗るっすか！
すごいっす！　やったっすー！","诶，要坐这个吗！
好厉害！　太棒啦！",283活动剧情,密着！ハロウィンワールド24時,エンディング-終わりが来るなんて
283活动剧情\密着！ハロウィンワールド24時\第4話-街中ライオット.csv,2,4001041050010,あさひ,────あ,————啊,283活动剧情,密着！ハロウィンワールド24時,第4話-街中ライオット
283活动剧情\密着！ハロウィンワールド24時\第4話-街中ライオット.csv,3,4001041050020,あさひ,"ほんとにいたっす！
すごいっすー！","真的在这里呢！
好厉害——！",283活动剧情,密着！ハロウィンワールド24時,第4話-街中ライオット
283活动剧情\密着！ハロウィンワールド24時\第4話-街中ライオット.csv,5,4001041050030,あさひ,"冬優子ちゃーん、愛依ちゃーん
こっちにいたっすよー！","冬优子，爱依
他在这里哦——！",283活动剧情,密着！ハロウィンワールド24時,第4話-街中ライオット
283活动剧情\密着！ハロウィンワールド24時\第4話-街中ライオット.csv,6,4001041050040,あさひ,早く来てほしいっすー！,你们快点过来！,283活动剧情,密着！ハロウィンワールド24時,第4話-街中ライオット
283活动剧情\密着！ハロウィンワールド24時\第4話-街中ライオット.csv,19,4001041050120,あさひ,…………？,…………？,283活动剧情,密着！ハロウィンワールド24時,第4話-街中ライオット
283活动剧情\密着！ハロウィンワールド24時\第4話-街中ライオット.csv,20,4001041050130,あさひ,"もう会っちゃったっすか？
死神","已经见过面了吗？
和死神",283活动剧情,密着！ハロウィンワールド24時,第4話-街中ライオット
283活动剧情\密着！ハロウィンワールド24時\第4話-街中ライオット.csv,35,4001041050230,あさひ,"あははっ
死神って、すごいっすよ！","啊哈哈
死神可厉害了！",283活动剧情,密着！ハロウィンワールド24時,第4話-街中ライオット
283活动剧情\密着！ハロウィンワールド24時\第4話-街中ライオット.csv,36,4001041050240,あさひ,"カラスを操るっす！
色んな世界を行ったり来たりもできて──","可以操纵乌鸦！
还能穿梭在各个世界——",283活动剧情,密着！ハロウィンワールド24時,第4話-街中ライオット
283活动剧情\密着！ハロウィンワールド24時\第4話-街中ライオット.csv,37,4001041050250,あさひ,"あーっ
いいなー……！","啊——
真好啊——……",283活动剧情,密着！ハロウィンワールド24時,第4話-街中ライオット
283活动剧情\密着！ハロウィンワールド24時\第4話-街中ライオット.csv,52,4001041050340,あさひ,ここ、楽しいっす！,这里，很好玩呢！,283活动剧情,密着！ハロウィンワールド24時,第4話-街中ライオット
283活动剧情\密着！ハロウィンワールド24時\第4話-街中ライオット.csv,53,4001041050350,あさひ,"もっと遊んで帰るっすよ！
ニンゲンの世界！","得玩个够才回去！
在人类的世界！",283活动剧情,密着！ハロウィンワールド24時,第4話-街中ライオット
283活动剧情\密着！ハロウィンワールド24時\第4話-街中ライオット.csv,75,4001041050460,あさひ,あー…………,啊——…………,283活动剧情,密着！ハロウィンワールド24時,第4話-街中ライオット
283活动剧情\密着！ハロウィンワールド24時\第4話-街中ライオット.csv,76,4001041050470,あさひ,行っちゃったっすね,走掉了呢,283活动剧情,密着！ハロウィンワールド24時,第4話-街中ライオット
283活动剧情\密着！ハロウィンワールド24時\第4話-街中ライオット.csv,77,4001041050480,あさひ,魂、取られるっすか？,灵魂，会被夺走吗？,283活动剧情,密着！ハロウィンワールド24時,第4話-街中ライオット
283活动剧情\密着！ハロウィンワールド24時\第4話-街中ライオット.csv,82,4001041050530,あさひ,"……？
そうなんすか？","……？
是这样吗？",283活动剧情,密着！ハロウィンワールド24時,第4話-街中ライオット
283活动剧情\明るい部屋\第1话-オンリー・プライベート.csv,48,4001031020420,あさひ,────？,,283活动剧情,明るい部屋,第1话-オンリー・プライベート
283活动剧情\明るい部屋\第1话-オンリー・プライベート.csv,50,4001031020440,あさひ,お疲れ様,辛苦了,283活动剧情,明るい部屋,第1话-オンリー・プライベート
283活动剧情\明るい部屋\第1话-オンリー・プライベート.csv,52,4001031020460,あさひ,……どうしたの？,……怎么了？,283活动剧情,明るい部屋,第1话-オンリー・プライベート
283活动剧情\明るい部屋\第1话-オンリー・プライベート.csv,54,4001031020480,あさひ,……？,,283活动剧情,明るい部屋,第1话-オンリー・プライベート
283活动剧情\明るい部屋\第1话-オンリー・プライベート.csv,56,4001031020500,あさひ,行くの？,要去？,283活动剧情,明るい部屋,第1话-オンリー・プライベート
283活动剧情\明るい部屋\第1话-オンリー・プライベート.csv,58,4001031020520,あさひ,いいよ,可以啊,283活动剧情,明るい部屋,第1话-オンリー・プライベート
283活动剧情\明るい部屋\第1话-オンリー・プライベート.csv,60,4001031020540,あさひ,助手ならいいよ！,助手当然可以！,283活动剧情,明るい部屋,第1话-オンリー・プライベート
283活动剧情\明るい部屋\第1话-オンリー・プライベート.csv,62,4001031020560,あさひ,これ、はい,这个，给你,283活动剧情,明るい部屋,第1话-オンリー・プライベート
283活动剧情\明るい部屋\第1话-オンリー・プライベート.csv,64,4001031020580,あさひ,"じゃ、行くよ
ぐるぐる回り始めたら、教えて","那就走吧
开始转起来的话就告诉我",283活动剧情,明るい部屋,第1话-オンリー・プライベート
283活动剧情\明るい部屋\第1话-オンリー・プライベート.csv,65,4001031020590,あさひ,霊が近づいてるから,因为幽灵在附近,283活动剧情,明るい部屋,第1话-オンリー・プライベート
283活动剧情\明るい部屋\第1话-オンリー・プライベート.csv,116,4001031020980,あさひ,わっせ……わっせ……！,一二……一二……！,283活动剧情,明るい部屋,第1话-オンリー・プライベート
283活动剧情\明るい部屋\第1话-オンリー・プライベート.csv,117,4001031020990,あさひ,──ふぅ……！,——呼……！,283活动剧情,明るい部屋,第1话-オンリー・プライベート
283活动剧情\明るい部屋\第1话-オンリー・プライベート.csv,120,4001031021020,あさひ,"よーし
到着～！","好——
到达～！",283活动剧情,明るい部屋,第1话-オンリー・プライベート
283活动剧情\明るい部屋\第2话-ドタバタ.csv,148,4001031031350,あさひ,"あー！　芹沢あさひっす！
開けてほしいっす！","啊——！我是芹泽朝日！
可以开门吗！",283活动剧情,明るい部屋,第2话-ドタバタ
283活动剧情\明るい部屋\第2话-ドタバタ.csv,152,4001031031390,あさひ,"はやく開けてほしいっすよ！
霊、いるっすよね！　そこに！","快点开门吧！
幽灵有在吧！ 在你们那边！",283活动剧情,明るい部屋,第2话-ドタバタ
283活动剧情\明るい部屋\第2话-ドタバタ.csv,157,4001031031440,あさひ,"どこっすか！
早く教えてほしいっす────！","在哪啊！
快点告诉我————！",283活动剧情,明るい部屋,第2话-ドタバタ
283活动剧情\明るい部屋\第4话-サンタ・クローズド.csv,10,4001031050060,あさひ,"──で、寮の２階に行ったら
磁石がぐるっ！　って回ったっすよ","——然后呢，来宿舍2楼之后
磁石突然就咻！ 地转起来了",283活动剧情,明るい部屋,第4话-サンタ・クローズド
283活动剧情\明るい部屋\第4话-サンタ・クローズド.csv,11,4001031050070,あさひ,見たよね、果穂ちゃん,看到了吧，果穗！,283活动剧情,明るい部屋,第4话-サンタ・クローズド
283活动剧情\明るい部屋\第4话-サンタ・クローズド.csv,14,4001031050100,あさひ,"でも、磁石が反応したから
絶対霊がいるんすよ！","可是，因为磁石有反应
所以那边一定有幽灵！",283活动剧情,明るい部屋,第4话-サンタ・クローズド
283活动剧情\明るい部屋\第4话-サンタ・クローズド.csv,20,4001031050160,あさひ,だから言ってるっす,所以我都说了,283活动剧情,明るい部屋,第4话-サンタ・クローズド
283活动剧情\明るい部屋\第4话-サンタ・クローズド.csv,33,4001031050290,あさひ,"怖くないっす
科学なんすよ","这不可怕
这是科学",283活动剧情,明るい部屋,第4话-サンタ・クローズド
283活动剧情\明るい部屋\第4话-サンタ・クローズド.csv,45,4001031050410,あさひ,"あははっ！　そんな難しくはないっすけどね～
行くっす行くっすー！","啊哈哈！ 这也不是很难～
我要去我要去——！",283活动剧情,明るい部屋,第4话-サンタ・クローズド
283活动剧情\明るい部屋\第4话-サンタ・クローズド.csv,51,4001031050470,あさひ,"早く行くっすよー
冬優子ちゃんーー！","快点去啦——
冬优子————！",283活动剧情,明るい部屋,第4话-サンタ・クローズド
283活动剧情\明るい部屋\第5话-ブリアル.csv,29,4001031060240,あさひ,"──……
ここはなんともない……","——……
这边没什么……",283活动剧情,明るい部屋,第5话-ブリアル
283活动剧情\明るい部屋\第5话-ブリアル.csv,30,4001031060250,あさひ,"おかしい……
前はこの辺通った時、磁石が回ったのに","奇怪……
之前经过这里的时候，磁石还有在转",283活动剧情,明るい部屋,第5话-ブリアル
283活动剧情\明るい部屋\第5话-ブリアル.csv,43,4001031060370,あさひ,"────わっ
なんだ……！","————哇
怎么了……！",283活动剧情,明るい部屋,第5话-ブリアル
283活动剧情\明るい部屋\第5话-ブリアル.csv,44,4001031060380,あさひ,"これ、スイッチ入れてないのに動いたっす！
……やっぱり霊がいるんだ！","这个明明没开却动起来了！
……果然有幽灵在！",283活动剧情,明るい部屋,第5话-ブリアル
283活动剧情\明るい部屋\第5话-ブリアル.csv,46,4001031060400,あさひ,"えっ！　そうなんすか
命令したら動くっすか！","诶！ 是这样吗
出声命令它就会动了吗！",283活动剧情,明るい部屋,第5话-ブリアル
283活动剧情\明るい部屋\第5话-ブリアル.csv,67,4001031060610,あさひ,掃除機、右行けー！,扫地机，去右边——！,283活动剧情,明るい部屋,第5话-ブリアル
283活动剧情\明るい部屋\第5话-ブリアル.csv,68,4001031060620,あさひ,あははは……！,啊哈哈哈……！,283活动剧情,明るい部屋,第5话-ブリアル
283活动剧情\明るい部屋\第5话-ブリアル.csv,69,4001031060630,あさひ,"──わっ、これドリンクバーのやつだ！
す、すごい……！","——哇，这就是饮料吧吗！
好，好厉害……！",283活动剧情,明るい部屋,第5话-ブリアル
283活动剧情\明るい部屋\第5话-ブリアル.csv,71,4001031060650,あさひ,"へー、そっすか
なーんだ","嘿，是吗
这样啊",283活动剧情,明るい部屋,第5话-ブリアル
283活动剧情\明るい部屋\第5话-ブリアル.csv,85,4001031060780,あさひ,"あははっ
英語はわかるかなー？","啊哈哈
它懂英语吗——？",283活动剧情,明るい部屋,第5话-ブリアル
283活动剧情\明るい部屋\第5话-ブリアル.csv,86,4001031060790,あさひ,"ゴー！　ゴー、掃除機ー！
あははは！","Go！ 前进，扫地机——！
啊哈哈哈！",283活动剧情,明るい部屋,第5话-ブリアル
283活动剧情\明るい部屋\第5话-ブリアル.csv,89,4001031060820,あさひ,"いいっす、後で探すっすよ
バック！　掃除機、バーック！","没事，等下再找
Back！ 扫地机，后退！",283活动剧情,明るい部屋,第5话-ブリアル
283活动剧情\明るい部屋\第5话-ブリアル.csv,91,4001031060840,あさひ,"あれ、バックはできないのかな？
おーい、バーック！","奇怪，这个不能后退吗？
喂——，后退！",283活动剧情,明るい部屋,第5话-ブリアル
283活动剧情\明るい部屋\第5话-ブリアル.csv,93,4001031060860,あさひ,えっ,诶,283活动剧情,明るい部屋,第5话-ブリアル
283活动剧情\明るい部屋\第5话-ブリアル.csv,95,4001031060880,あさひ,"わっ、凛世ちゃん……！
こいつと、仲いいっすか！？","哇，凛世……！
你和它关系很好吗！？",283活动剧情,明るい部屋,第5话-ブリアル
283活动剧情\明るい部屋\第5话-ブリアル.csv,97,4001031060900,あさひ,"えー
いいなー、寮ー","诶——
宿舍真好啊——",283活动剧情,明るい部屋,第5话-ブリアル
283活动剧情\明るい部屋\第5话-ブリアル.csv,98,4001031060910,あさひ,ここ気に入ったっす,我喜欢这里了,283活动剧情,明るい部屋,第5话-ブリアル
283活动剧情\明るい部屋\第5话-ブリアル.csv,99,4001031060920,あさひ,"みんなだけ住んでるの、ずるいっすよ
いいものいっぱいっす","只有大家住在这里真是狡猾
这里好多好东西",283活动剧情,明るい部屋,第5话-ブリアル
283活动剧情\明るい部屋\第6话-消防士.csv,117,4001031070940,あさひ,"愛依ちゃんが行きたいなら
行けばいいっす","爱依想去的话
就去吧",283活动剧情,明るい部屋,第6话-消防士
283活动剧情\明るい部屋\第6话-消防士.csv,118,4001031070950,あさひ,行きたいんすよね？,想去的吧？,283活动剧情,明るい部屋,第6话-消防士
283活动剧情\明るい部屋\第6话-消防士.csv,123,4001031071000,あさひ,"……？
自信ないっすか","……？
没自信吗",283活动剧情,明るい部屋,第6话-消防士
283活动剧情\明るい部屋\第6话-消防士.csv,136,4001031071130,あさひ,愛依ちゃん、真ん中で歌うっすか！,爱依要在正中间唱歌吗！,283活动剧情,明るい部屋,第6话-消防士
283活动剧情\明るい部屋\第6话-消防士.csv,138,4001031071150,あさひ,それなら、代表っすね,那样就是代表了呢,283活动剧情,明るい部屋,第6话-消防士
283活动剧情\［MAKING］スノー・マジック！\序章-[behind]283production.csv,27,4001020010250,あさひ,冬優子ちゃん、どうしたんすか？,冬优子，怎么了？,283活动剧情,［MAKING］スノー・マジック！,序章-[behind]283production
283活动剧情\［MAKING］スノー・マジック！\序章-[behind]283production.csv,33,4001020010310,あさひ,…………,,283活动剧情,［MAKING］スノー・マジック！,序章-[behind]283production
283活动剧情\［MAKING］スノー・マジック！\序章-[behind]283production.csv,34,4001020010320,あさひ,"冬優子ちゃん、
わたしたちと一緒がよかったすか？","冬优子，
更想和我们两个一起吗？",283活动剧情,［MAKING］スノー・マジック！,序章-[behind]283production
283活动剧情\［MAKING］スノー・マジック！\序章-[behind]283production.csv,113,4001020011030,あさひ,"凛世ちゃん！
わたし、行ってくるっす！","凛世！
我去！",283活动剧情,［MAKING］スノー・マジック！,序章-[behind]283production
283活动剧情\［MAKING］スノー・マジック！\序章-[behind]283production.csv,116,4001020011060,あさひ,"『チームまりあ』
芹沢あさひ、引くっす！","“玛利亚组”
芹泽朝日，要抽了！",283活动剧情,［MAKING］スノー・マジック！,序章-[behind]283production
283活动剧情\［MAKING］スノー・マジック！\第2话-[behind]usachiyokame.csv,92,4001020030820,あさひ,"あー！
愛依ちゃんずるいっすー！",啊——！爱依好狡猾——！,283活动剧情,［MAKING］スノー・マジック！,第2话-[behind]usachiyokame
283活动剧情\［MAKING］スノー・マジック！\第2话-[behind]usachiyokame.csv,94,4001020030840,あさひ,"えっ、いいんすか！？
欲しいっす！","诶，可以吗！？
我想要！",283活动剧情,［MAKING］スノー・マジック！,第2话-[behind]usachiyokame
283活动剧情\［MAKING］スノー・マジック！\第2话-[behind]usachiyokame.csv,97,4001020030870,あさひ,"えー、でも
カレー食べたいっす～！！","诶——但是
我想吃咖喱嘛～！！",283活动剧情,［MAKING］スノー・マジック！,第2话-[behind]usachiyokame
283活动剧情\［MAKING］スノー・マジック！\第2话-[behind]usachiyokame.csv,107,4001020030970,あさひ,あぁっ、カレー……！,哇啊，咖喱……！,283活动剧情,［MAKING］スノー・マジック！,第2话-[behind]usachiyokame
283活动剧情\［MAKING］スノー・マジック！\第2话-[behind]usachiyokame.csv,109,4001020030990,あさひ,カレ～～～！,咖喱～～～！,283活动剧情,［MAKING］スノー・マジック！,第2话-[behind]usachiyokame
283活动剧情\［MAKING］スノー・マジック！\第3话-[behind]maria.csv,3,4001020040010,あさひ,"うわー！　すごいっす！
夜なのに明るいっす！","呜哇——！好厉害！
明明是夜晚却这么明亮！",283活动剧情,［MAKING］スノー・マジック！,第3话-[behind]maria
283活动剧情\［MAKING］スノー・マジック！\第3话-[behind]maria.csv,5,4001020040030,あさひ,えー、はやく行きたいっすよー！,欸，我就想快点走嘛——！,283活动剧情,［MAKING］スノー・マジック！,第3话-[behind]maria
283活动剧情\［MAKING］スノー・マジック！\第3话-[behind]maria.csv,10,4001020040080,あさひ,"はいはーい！
芹沢あさひっす！　『チームまりあ』っすよ～！","是是——！
我是芹泽朝日！属于“玛利亚组”！",283活动剧情,［MAKING］スノー・マジック！,第3话-[behind]maria
283活动剧情\［MAKING］スノー・マジック！\第3话-[behind]maria.csv,14,4001020040120,あさひ,"あー！
だから夜に撮影するって言ってたんすねー","啊——！
所以才说了要在夜间摄影啊——",283活动剧情,［MAKING］スノー・マジック！,第3话-[behind]maria
283活动剧情\［MAKING］スノー・マジック！\第3话-[behind]maria.csv,16,4001020040140,あさひ,"摩美々ちゃん、ひとりで先に
『お年玉』見ちゃってたんすもん！",因为摩美美自己抢先看了红包的内容嘛！,283活动剧情,［MAKING］スノー・マジック！,第3话-[behind]maria
283活动剧情\［MAKING］スノー・マジック！\第3话-[behind]maria.csv,17,4001020040150,あさひ,"わたしたちは摩美々ちゃんが来るまで
開けないで取っておいたのにー","明明我们在摩美美来之前
都一直放着没有打开——",283活动剧情,［MAKING］スノー・マジック！,第3话-[behind]maria
283活动剧情\［MAKING］スノー・マジック！\第3话-[behind]maria.csv,19,4001020040170,あさひ,"でもいい事だったっすね！
楽しみっす！","但是其实还不错呢！
我很期待！",283活动剧情,［MAKING］スノー・マジック！,第3话-[behind]maria
283活动剧情\［MAKING］スノー・マジック！\第3话-[behind]maria.csv,21,4001020040190,あさひ,"はやく行きたいっす！
スキーっすか？　スノボっすか？","我想快点过去！
是要滑双板还是单板啊？",283活动剧情,［MAKING］スノー・マジック！,第3话-[behind]maria
283活动剧情\［MAKING］スノー・マジック！\第3话-[behind]maria.csv,22,4001020040200,あさひ,"あっ！　リフトもあるっす！
乗りたいっす！","啊！还有电梯！
我想坐！",283活动剧情,［MAKING］スノー・マジック！,第3话-[behind]maria
283活动剧情\［MAKING］スノー・マジック！\第3话-[behind]maria.csv,27,4001020040250,あさひ,ソリ…………,雪橇…………,283活动剧情,［MAKING］スノー・マジック！,第3话-[behind]maria
283活动剧情\［MAKING］スノー・マジック！\第3话-[behind]maria.csv,28,4001020040260,あさひ,…………,,283活动剧情,［MAKING］スノー・マジック！,第3话-[behind]maria
283活动剧情\［MAKING］スノー・マジック！\第3话-[behind]maria.csv,29,4001020040270,あさひ,"ソリも楽しそうっす！！！
早く滑りたいっす！！！","雪橇好像也挺好玩的！！！
我想快点滑滑看！",283活动剧情,［MAKING］スノー・マジック！,第3话-[behind]maria
283活动剧情\［MAKING］スノー・マジック！\第3话-[behind]maria.csv,31,4001020040290,あさひ,"いいんすか？
それじゃあ凛世ちゃん！　手、繋いでゴーっす！","可以吗？
那凛世！牵好手就GO吧——！",283活动剧情,［MAKING］スノー・マジック！,第3话-[behind]maria
283活动剧情\［MAKING］スノー・マジック！\第3话-[behind]maria.csv,35,4001020040330,あさひ,"…………
もう転んでるっす！","…………
已经摔了啊！",283活动剧情,［MAKING］スノー・マジック！,第3话-[behind]maria
283活动剧情\［MAKING］スノー・マジック！\第3话-[behind]maria.csv,37,4001020040350,あさひ,凛世ちゃん、大丈夫っすか？,凛世，没事吧？,283活动剧情,［MAKING］スノー・マジック！,第3话-[behind]maria
283活动剧情\［MAKING］スノー・マジック！\第3话-[behind]maria.csv,43,4001020040410,あさひ,早く行くっす！,快走吧！,283活动剧情,［MAKING］スノー・マジック！,第3话-[behind]maria
283活动剧情\［MAKING］スノー・マジック！\第3话-[behind]maria.csv,46,4001020040440,あさひ,"──摩美々ちゃーん！
下りるっすー！","——摩美美！
我们要滑下来了——！",283活动剧情,［MAKING］スノー・マジック！,第3话-[behind]maria
283活动剧情\［MAKING］スノー・マジック！\第3话-[behind]maria.csv,48,4001020040460,あさひ,ひゅー！　速いっす！,咻！好快！,283活动剧情,［MAKING］スノー・マジック！,第3话-[behind]maria
283活动剧情\［MAKING］スノー・マジック！\第3话-[behind]maria.csv,50,4001020040480,あさひ,わぁっ,哇啊,283活动剧情,［MAKING］スノー・マジック！,第3话-[behind]maria
283活动剧情\［MAKING］スノー・マジック！\第3话-[behind]maria.csv,52,4001020040500,あさひ,あははっ、楽しかったっすね～！,啊哈哈，好好玩啊！,283活动剧情,［MAKING］スノー・マジック！,第3话-[behind]maria
283活动剧情\［MAKING］スノー・マジック！\第3话-[behind]maria.csv,54,4001020040520,あさひ,…………あっ,…………啊,283活动剧情,［MAKING］スノー・マジック！,第3话-[behind]maria
283活动剧情\［MAKING］スノー・マジック！\第3话-[behind]maria.csv,55,4001020040530,あさひ,"……重心のかけ方変えたら
もっと速く滑れるかも……！","……如果改变重心的话
说不定能滑得更快……！",283活动剧情,［MAKING］スノー・マジック！,第3话-[behind]maria
283活动剧情\［MAKING］スノー・マジック！\第3话-[behind]maria.csv,56,4001020040540,あさひ,"……もっと身体を倒したほうが
空気抵抗を受けないから……","……把身体倾斜得更厉害的话
受到的空气阻力就会变小，所以……",283活动剧情,［MAKING］スノー・マジック！,第3话-[behind]maria
283活动剧情\［MAKING］スノー・マジック！\第3话-[behind]maria.csv,58,4001020040560,あさひ,"摩美々ちゃん！
わたし、もう一回行ってくるっす！","摩美美！
我再去滑一次！",283活动剧情,［MAKING］スノー・マジック！,第3话-[behind]maria
283活动剧情\［MAKING］スノー・マジック！\第3话-[behind]maria.csv,61,4001020040590,あさひ,"……止まり方……
わかったっす！","……停下来的方法……
我知道了！",283活动剧情,［MAKING］スノー・マジック！,第3话-[behind]maria
283活动剧情\［MAKING］スノー・マジック！\第3话-[behind]maria.csv,76,4001020040740,あさひ,"あっ、おーい！！！
冬優子ちゃーん！！！！！","啊，喂——！！！
冬优子——！！！！！",283活动剧情,［MAKING］スノー・マジック！,第3话-[behind]maria
283活动剧情\［MAKING］スノー・マジック！\第3话-[behind]maria.csv,77,4001020040750,あさひ,今から下りるっすよー！！！,我要滑下来了哦——！！！,283活动剧情,［MAKING］スノー・マジック！,第3话-[behind]maria
283活动剧情\［MAKING］スノー・マジック！\第3话-[behind]maria.csv,80,4001020040780,あさひ,"冬優子ちゃん！
今の見てたっすか！？","冬优子！
看到刚才的了吗！？",283活动剧情,［MAKING］スノー・マジック！,第3话-[behind]maria
283活动剧情\［MAKING］スノー・マジック！\第3话-[behind]maria.csv,84,4001020040820,あさひ,…………,,283活动剧情,［MAKING］スノー・マジック！,第3话-[behind]maria
283活动剧情\［MAKING］スノー・マジック！\第3话-[behind]maria.csv,85,4001020040830,あさひ,"そうっすね
……ごめんなさいっす","确实是这样
……对不起",283活动剧情,［MAKING］スノー・マジック！,第3话-[behind]maria
283活动剧情\［MAKING］スノー・マジック！\第3话-[behind]maria.csv,107,4001020041050,あさひ,…………！,,283活动剧情,［MAKING］スノー・マジック！,第3话-[behind]maria
283活动剧情\［MAKING］スノー・マジック！\第3话-[behind]maria.csv,108,4001020041060,あさひ,"……はいっす！
凛世ちゃん行くっす！","……好！
凛世，我们走吧！",283活动剧情,［MAKING］スノー・マジック！,第3话-[behind]maria
283活动剧情\［MAKING］スノー・マジック！\第3话-[behind]maria.csv,109,4001020041070,あさひ,あっ、その次は摩美々ちゃんっすよ！,啊，下一次就摩美美来！,283活动剧情,［MAKING］スノー・マジック！,第3话-[behind]maria
主页剧情\朝日-万圣节2020.csv,6,4901016170010,あさひ,"プロデューサーさん！
これうるさいっす！","制作人先生！
这个好吵啊！",主页剧情,朝日-万圣节2020.csv,朝日-万圣节2020
主页剧情\朝日-万圣节2020.csv,7,4901016170020,あさひ,……止めちゃおっと,……得把它停下来,主页剧情,朝日-万圣节2020.csv,朝日-万圣节2020
主页剧情\朝日-万圣节2020.csv,8,4901016170030,あさひ,……あ、暗証番号わかんない,……啊、不知道锁屏密码啊,主页剧情,朝日-万圣节2020.csv,朝日-万圣节2020
主页剧情\朝日-万圣节2020.csv,9,4901016170040,あさひ,"プロデューサーさーん！
スマホ！　止めるっす～！","制作人先生！
手机！快关掉～！",主页剧情,朝日-万圣节2020.csv,朝日-万圣节2020
主页剧情\朝日-万圣节2020.csv,10,4901016170050,あさひ,"起きたっすね！
アラーム、切ってほしいっす！","起来了啊！
希望你能把闹铃关掉！",主页剧情,朝日-万圣节2020.csv,朝日-万圣节2020
和泉愛依\【いるっしょ！】和泉愛依\愛のおはなし.csv,22,3019008030180,あさひ,寒いっす……,好冷……,和泉愛依,【いるっしょ！】和泉愛依,愛のおはなし
和泉愛依\【いるっしょ！】和泉愛依\愛のおはなし.csv,26,3019008030220,あさひ,嫌っす……,不要……,和泉愛依,【いるっしょ！】和泉愛依,愛のおはなし
和泉愛依\【いるっしょ！】和泉愛依\愛のおはなし.csv,27,3019008030230,あさひ,動きたくないっす……,我不想动……,和泉愛依,【いるっしょ！】和泉愛依,愛のおはなし
和泉愛依\【いるっしょ！】和泉愛依\愛のおはなし.csv,38,3019008030340,あさひ,えー！,诶！,和泉愛依,【いるっしょ！】和泉愛依,愛のおはなし
和泉愛依\【いるっしょ！】和泉愛依\愛のおはなし.csv,40,3019008030351,あさひ＆冬優子,…………,,和泉愛依,【いるっしょ！】和泉愛依,愛のおはなし
和泉愛依\【いるっしょ！】和泉愛依\愛のおはなし.csv,42,3019008030370,あさひ,うう～,呜呜～,和泉愛依,【いるっしょ！】和泉愛依,愛のおはなし
和泉愛依\【いるっしょ！】和泉愛依\愛のおはなし.csv,48,3019008030430,あさひ,寒いっす……,好冷……,和泉愛依,【いるっしょ！】和泉愛依,愛のおはなし
和泉愛依\【いるっしょ！】和泉愛依\愛のおはなし.csv,55,3019008030500,あさひ,えっ、ずるいっす～！,诶，好狡猾～！,和泉愛依,【いるっしょ！】和泉愛依,愛のおはなし
和泉愛依\【いるっしょ！】和泉愛依\愛のおはなし.csv,56,3019008030510,あさひ,愛依ちゃんばっかり楽しそうっす～！,光爱依一个人开心～！,和泉愛依,【いるっしょ！】和泉愛依,愛のおはなし
和泉愛依\【いるっしょ！】和泉愛依\愛のおはなし.csv,61,3019008030560,あさひ,ふう～～～！！,呼～～～！！,和泉愛依,【いるっしょ！】和泉愛依,愛のおはなし
和泉愛依\【いるっしょ！】和泉愛依\愛のおはなし.csv,64,3019008030580,あさひ,"おーい！　こっちっすー！
プロデューサーさーん！","喂！在这里！
制作人！",和泉愛依,【いるっしょ！】和泉愛依,愛のおはなし
和泉愛依\【いるっしょ！】和泉愛依\愛のおはなし.csv,67,3019008030590,あさひ,"そんなことより！
ちょっとダンス見てほしいっす！","别管那个了！
我想让你来看一下舞蹈！",和泉愛依,【いるっしょ！】和泉愛依,愛のおはなし
和泉愛依\【いるっしょ！】和泉愛依\愛のおはなし.csv,69,3019008030600,あさひ,"そうっす！
冬優子ちゃんも早く！","是的！
冬优子你也快点！",和泉愛依,【いるっしょ！】和泉愛依,愛のおはなし
和泉愛依\【いるっしょ！】和泉愛依\愛のおはなし.csv,71,3019008030620,あさひ,"えー
やるっすよー……！","诶
来嘛……！",和泉愛依,【いるっしょ！】和泉愛依,愛のおはなし
和泉愛依\【いるっしょ！】和泉愛依\愛のおはなし.csv,73,3019008030640,あさひ,え～～,诶～～,和泉愛依,【いるっしょ！】和泉愛依,愛のおはなし
和泉愛依\【いるっしょ！】和泉愛依\朝のおはなし.csv,6,3019008020050,あさひ,すー……すー……,呼……呼……,和泉愛依,【いるっしょ！】和泉愛依,朝のおはなし
和泉愛依\【いるっしょ！】和泉愛依\朝のおはなし.csv,11,3019008020100,あさひ,ん……ん～……,嗯……嗯～……,和泉愛依,【いるっしょ！】和泉愛依,朝のおはなし
和泉愛依\【いるっしょ！】和泉愛依\朝のおはなし.csv,12,3019008020110,あさひ,"う、うーん……
あれ、愛依ちゃん……？","嗯、嗯……
咦，爱依……？",和泉愛依,【いるっしょ！】和泉愛依,朝のおはなし
和泉愛依\【いるっしょ！】和泉愛依\朝のおはなし.csv,14,3019008020130,あさひ,あれ……寝てたっすか？　わたし……,咦……我是睡着了吗？,和泉愛依,【いるっしょ！】和泉愛依,朝のおはなし
和泉愛依\【いるっしょ！】和泉愛依\朝のおはなし.csv,16,3019008020150,あさひ,ん～……朝、来たっす,嗯～……是早上来的,和泉愛依,【いるっしょ！】和泉愛依,朝のおはなし
和泉愛依\【いるっしょ！】和泉愛依\朝のおはなし.csv,19,3019008020180,あさひ,"大変……
大変じゃないっす","不容易……
没有不容易",和泉愛依,【いるっしょ！】和泉愛依,朝のおはなし
和泉愛依\【いるっしょ！】和泉愛依\朝のおはなし.csv,21,3019008020200,あさひ,楽しく……,开心……,和泉愛依,【いるっしょ！】和泉愛依,朝のおはなし
和泉愛依\【いるっしょ！】和泉愛依\朝のおはなし.csv,22,3019008020210,あさひ,"そっすね
バーレッスンは楽しいっす","是啊
练芭蕾很开心",和泉愛依,【いるっしょ！】和泉愛依,朝のおはなし
和泉愛依\【いるっしょ！】和泉愛依\朝のおはなし.csv,24,3019008020230,あさひ,…………,,和泉愛依,【いるっしょ！】和泉愛依,朝のおはなし
和泉愛依\【いるっしょ！】和泉愛依\朝のおはなし.csv,25,3019008020240,あさひ,……よくわかんないっす,……我不太清楚,和泉愛依,【いるっしょ！】和泉愛依,朝のおはなし
和泉愛依\【いるっしょ！】和泉愛依\朝のおはなし.csv,27,3019008020260,あさひ,"上手だけど違うって
もっと『役』になりきりなさいって","说我虽然技术好但是不对
要我更加进入『角色』",和泉愛依,【いるっしょ！】和泉愛依,朝のおはなし
和泉愛依\【いるっしょ！】和泉愛依\朝のおはなし.csv,29,3019008020280,あさひ,愛依ちゃんはわかるっすか？,爱依你懂吗？,和泉愛依,【いるっしょ！】和泉愛依,朝のおはなし
和泉愛依\【いるっしょ！】和泉愛依\朝のおはなし.csv,32,3019008020310,あさひ,"……？
そんなこと思ってるんすか？","……？
你会想这种事吗？",和泉愛依,【いるっしょ！】和泉愛依,朝のおはなし
和泉愛依\【いるっしょ！】和泉愛依\朝のおはなし.csv,34,3019008020330,あさひ,思ったらなれるんすか？,只要想了就能变得了吗？,和泉愛依,【いるっしょ！】和泉愛依,朝のおはなし
和泉愛依\【いるっしょ！】和泉愛依\朝のおはなし.csv,36,3019008020350,あさひ,ふーん……,嗯……,和泉愛依,【いるっしょ！】和泉愛依,朝のおはなし
和泉愛依\【いるっしょ！】和泉愛依\朝のおはなし.csv,39,3019008020380,あさひ,そっすね,是呢,和泉愛依,【いるっしょ！】和泉愛依,朝のおはなし
和泉愛依\【いるっしょ！】和泉愛依\朝のおはなし.csv,42,3019008020410,あさひ,じゃあ、わたしも水を飲めばいいっすか？,那么，我也喝水就行了吗？,和泉愛依,【いるっしょ！】和泉愛依,朝のおはなし
和泉愛依\【いるっしょ！】和泉愛依\朝のおはなし.csv,44,3019008020430,あさひ,……,,和泉愛依,【いるっしょ！】和泉愛依,朝のおはなし
和泉愛依\【いるっしょ！】和泉愛依\朝のおはなし.csv,47,3019008020460,あさひ,スイッチ……,开关……,和泉愛依,【いるっしょ！】和泉愛依,朝のおはなし
和泉愛依\【いるっしょ！】和泉愛依\朝のおはなし.csv,49,3019008020480,あさひ,"え？
なんか面白そうっす","诶？
感觉蛮有意思的",和泉愛依,【いるっしょ！】和泉愛依,朝のおはなし
和泉愛依\【いるっしょ！】和泉愛依\朝のおはなし.csv,50,3019008020490,あさひ,役になるのって、スイッチがあるんすか！,原来要进入角色，需要开关吗！,和泉愛依,【いるっしょ！】和泉愛依,朝のおはなし
和泉愛依\【いるっしょ！】和泉愛依\朝のおはなし.csv,63,3019008020580,あさひ,わ……！,哇……！,和泉愛依,【いるっしょ！】和泉愛依,朝のおはなし
和泉愛依\【うち来る～！？】和泉愛依\いつ空いてる～？.csv,6,3019005010020,あさひ,満開だったっすねー,樱花盛开了呢,和泉愛依,【うち来る～！？】和泉愛依,いつ空いてる～？
和泉愛依\【うち来る～！？】和泉愛依\いつ空いてる～？.csv,14,3019005010100,あさひ,え、なんでっすか！？,诶，为什么啊！？,和泉愛依,【うち来る～！？】和泉愛依,いつ空いてる～？
和泉愛依\【うち来る～！？】和泉愛依\いつ空いてる～？.csv,15,3019005010110,あさひ,"楽しそうっすよ！
お祭りみたいで！","看起来很好玩啊！
像祭典一样！",和泉愛依,【うち来る～！？】和泉愛依,いつ空いてる～？
和泉愛依\【うち来る～！？】和泉愛依\いつ空いてる～？.csv,27,3019005010230,あさひ,…………,…………,和泉愛依,【うち来る～！？】和泉愛依,いつ空いてる～？
和泉愛依\【うち来る～！？】和泉愛依\いつ空いてる～？.csv,28,3019005010240,あさひ,"そんな事言いだしたらわたしたち
どこにも行けなくなっちゃわないっすか？","这么说的话
我们岂不是哪都不能去了吗？",和泉愛依,【うち来る～！？】和泉愛依,いつ空いてる～？
和泉愛依\【うち来る～！？】和泉愛依\いつ空いてる～？.csv,30,3019005010260,あさひ,"今より有名になったりしたら
外にも出られなくなっちゃったりするんすかね","要是变得比现在更有名气的话
不就不能出门了吗",和泉愛依,【うち来る～！？】和泉愛依,いつ空いてる～？
和泉愛依\【うち来る～！？】和泉愛依\いつ空いてる～？.csv,34,3019005010300,あさひ,"？
冬優子ちゃん、変わってるっすね","？
冬优子，好怪啊",和泉愛依,【うち来る～！？】和泉愛依,いつ空いてる～？
和泉愛依\【うち来る～！？】和泉愛依\いつ空いてる～？.csv,35,3019005010310,あさひ,"そんなの不便だし……
全然つまんないっすよ","这样会很不方便……
而且很无聊的哦",和泉愛依,【うち来る～！？】和泉愛依,いつ空いてる～？
和泉愛依\【うち来る～！？】和泉愛依\いつ空いてる～？.csv,36,3019005010311,あさひ＆冬優子,………………,………………,和泉愛依,【うち来る～！？】和泉愛依,いつ空いてる～？
和泉愛依\【うち来る～！？】和泉愛依\いつ空いてる～？.csv,40,3019005010350,あさひ,"愛依ちゃんの家っすか！？
行きたいっす！","爱依的家！？
想去！",和泉愛依,【うち来る～！？】和泉愛依,いつ空いてる～？
和泉愛依\【うち来る～！？】和泉愛依\いつ空いてる～？.csv,46,3019005010410,あさひ,"決まりっすね！
いつにするっすか！？","那就说好了！
什么时候去呢！？",和泉愛依,【うち来る～！？】和泉愛依,いつ空いてる～？
和泉愛依\【うち来る～！？】和泉愛依\いつ空いてる～？.csv,49,3019005010440,あさひ,"プロデューサーさんに
スケジュール確認してくるっす！","我去和制作人
确认一下行程！",和泉愛依,【うち来る～！？】和泉愛依,いつ空いてる～？
和泉愛依\【うち来る～！？】和泉愛依\なんにもないけどね～！.csv,11,3019005020100,あさひ,──冬優子ちゃん、愛依ちゃん！,──冬优子，爱依！,和泉愛依,【うち来る～！？】和泉愛依,なんにもないけどね～！
和泉愛依\【うち来る～！？】和泉愛依\なんにもないけどね～！.csv,12,3019005020110,あさひ,"あっちは桜じゃなくて
菜の花も咲いてるっすよ！","那边不是樱花
而是盛开着油菜花哦！",和泉愛依,【うち来る～！？】和泉愛依,なんにもないけどね～！
和泉愛依\【うち来る～！？】和泉愛依\なんにもないけどね～！.csv,17,3019005020160,あさひ,"またなんか見つけたら
教えてあげるっす！","要是还看见什么的话
会再告诉你的！",和泉愛依,【うち来る～！？】和泉愛依,なんにもないけどね～！
和泉愛依\【うち来る～！？】和泉愛依\なんにもないけどね～！.csv,21,3019005020200,あさひ,…………,…………,和泉愛依,【うち来る～！？】和泉愛依,なんにもないけどね～！
和泉愛依\【うち来る～！？】和泉愛依\なんにもないけどね～！.csv,22,3019005020210,あさひ,了解っす！,我知道了！,和泉愛依,【うち来る～！？】和泉愛依,なんにもないけどね～！
和泉愛依\【うち来る～！？】和泉愛依\なんにもないけどね～！.csv,28,3019005020270,あさひ,"愛依ちゃんおはよっす！
次降りる駅っすよ！","爱依早啊！
下一站要下车咯！",和泉愛依,【うち来る～！？】和泉愛依,なんにもないけどね～！
和泉愛依\【うち来る～！？】和泉愛依\なんにもないけどね～！.csv,30,3019005020290,あさひ,"……？
前にも愛依ちゃんの家行ったじゃないっすか？","……？
以前我不是去过爱依的家吗？",和泉愛依,【うち来る～！？】和泉愛依,なんにもないけどね～！
和泉愛依\【うち来る～！？】和泉愛依\なんにもないけどね～！.csv,45,3019005020440,あさひ,"──冬優子ちゃん、愛依ちゃん！
降りるっすよ！","——冬优子，爱依！
要下车咯！",和泉愛依,【うち来る～！？】和泉愛依,なんにもないけどね～！
和泉愛依\【うち来る～！？】和泉愛依\よかった～！.csv,3,3019005030020,あさひ,お邪魔しまーす！,打扰了！,和泉愛依,【うち来る～！？】和泉愛依,よかった～！
和泉愛依\【うち来る～！？】和泉愛依\よかった～！.csv,7,3019005030051,あさひ＆冬優子,…………！,…………！,和泉愛依,【うち来る～！？】和泉愛依,よかった～！
和泉愛依\【うち来る～！？】和泉愛依\よかった～！.csv,8,3019005030060,あさひ,"すごいっす！
桜見えるっす！","好厉害啊！
能看见樱花！",和泉愛依,【うち来る～！？】和泉愛依,よかった～！
和泉愛依\【うち来る～！？】和泉愛依\よかった～！.csv,13,3019005030110,あさひ,"えー、わたしは愛依ちゃんの家
好きっすよ！","诶——，
我喜欢爱依的家哦！",和泉愛依,【うち来る～！？】和泉愛依,よかった～！
和泉愛依\【うち来る～！？】和泉愛依\よかった～！.csv,15,3019005030130,あさひ,えっ、ほんとっすか？,诶，真的吗？,和泉愛依,【うち来る～！？】和泉愛依,よかった～！
和泉愛依\【うち来る～！？】和泉愛依\よかった～！.csv,17,3019005030150,あさひ,む～……,唔～……,和泉愛依,【うち来る～！？】和泉愛依,よかった～！
和泉愛依\【うち来る～！？】和泉愛依\よかった～！.csv,26,3019005030240,あさひ,"中身はなんなんすか！？
見たいっす！","里面是什么啊！？
想看！",和泉愛依,【うち来る～！？】和泉愛依,よかった～！
和泉愛依\【うち来る～！？】和泉愛依\よかった～！.csv,30,3019005030280,あさひ,おおー……！,喔喔……！,和泉愛依,【うち来る～！？】和泉愛依,よかった～！
和泉愛依\【うち来る～！？】和泉愛依\よかった～！.csv,36,3019005030340,あさひ,食べたいっす！,想吃！,和泉愛依,【うち来る～！？】和泉愛依,よかった～！
和泉愛依\【うち来る～！？】和泉愛依\よかった～！.csv,38,3019005030360,あさひ,"ひゅー！
やったっすー！","咻！
太好啦！",和泉愛依,【うち来る～！？】和泉愛依,よかった～！
和泉愛依\【うち来る～！？】和泉愛依\よかった～！.csv,40,3019005030380,あさひ,…………？,…………？,和泉愛依,【うち来る～！？】和泉愛依,よかった～！
和泉愛依\【うち来る～！？】和泉愛依\よかった～！.csv,43,3019005030410,あさひ,"……そっすね
それじゃあわたしも一緒に行くっす！","……也对
那我跟你一块去！",和泉愛依,【うち来る～！？】和泉愛依,よかった～！
和泉愛依\【うち来る～！？】和泉愛依\よかった～！.csv,45,3019005030430,あさひ,はいっす！,是的！,和泉愛依,【うち来る～！？】和泉愛依,よかった～！
和泉愛依\【うち来る～！？】和泉愛依\よかった～！.csv,50,3019005030480,あさひ,探してみるっすか～？,要去找吗～？,和泉愛依,【うち来る～！？】和泉愛依,よかった～！
和泉愛依\【なるんじゃん？】和泉愛依\シー.csv,3,3019004030020,あさひ,ん…………,嗯……,和泉愛依,【なるんじゃん？】和泉愛依,シー
和泉愛依\【なるんじゃん？】和泉愛依\シー.csv,5,3019004030040,あさひ,あー……,啊——……,和泉愛依,【なるんじゃん？】和泉愛依,シー
和泉愛依\【なるんじゃん？】和泉愛依\シー.csv,6,3019004030050,あさひ,トンネル出たらまた海見えるっすかね！？,出了隧道还能看见海吗！？,和泉愛依,【なるんじゃん？】和泉愛依,シー
和泉愛依\【なるんじゃん？】和泉愛依\シー.csv,9,3019004030080,あさひ,好き……っていうか、面白いっす！,比起喜欢……应该说是有趣！,和泉愛依,【なるんじゃん？】和泉愛依,シー
和泉愛依\【なるんじゃん？】和泉愛依\シー.csv,11,3019004030100,あさひ,"綺麗とかはどうでもいいっす！　そうじゃなくて
小さい波がいっぱいで、形が全部違ってて──","美不美无所谓！　重点不是那个
好多小小的浪花，每个形状都不一样",和泉愛依,【なるんじゃん？】和泉愛依,シー
和泉愛依\【なるんじゃん？】和泉愛依\シー.csv,16,3019004030150,あさひ,麦茶ほしいっす！,我要麦茶！,和泉愛依,【なるんじゃん？】和泉愛依,シー
和泉愛依\【なるんじゃん？】和泉愛依\シー.csv,33,3019004030320,あさひ,──すー……すー……,——呼……呼……,和泉愛依,【なるんじゃん？】和泉愛依,シー
和泉愛依\【なるんじゃん？】和泉愛依\シー.csv,77,3019004030701,あさひ＆冬優子,……、……、────,……，……，————,和泉愛依,【なるんじゃん？】和泉愛依,シー
和泉愛依\【なるんじゃん？】和泉愛依\ズンチャー！.csv,6,3019004020040,あさひ,"打ち合わせ、まだっすよね！？
ちょっと探検してくるっす！","会议时间还早吧！？
我要去探险！",和泉愛依,【なるんじゃん？】和泉愛依,ズンチャー！
和泉愛依\【なるんじゃん？】和泉愛依\ズンチャー！.csv,8,3019004020050,あさひ,"大丈夫っすよ～！
すぐに戻ってくるっすから！","不会的！
我去去就回！",和泉愛依,【なるんじゃん？】和泉愛依,ズンチャー！
和泉愛依\【なるんじゃん？】和泉愛依\ズンチャー！.csv,13,3019004020080,あさひ,やったっす～！！,太好了～！！,和泉愛依,【なるんじゃん？】和泉愛依,ズンチャー！
和泉愛依\【なるんじゃん？】和泉愛依\ズンチャー！.csv,19,3019004020140,あさひ,早く行くっすよ～！　愛依ちゃん！,快点出发啦～！爱依！,和泉愛依,【なるんじゃん？】和泉愛依,ズンチャー！
和泉愛依\【なるんじゃん？】和泉愛依\ズンチャー！.csv,21,3019004020160,あさひ,ゲームっすか！　負けないっす～！,是游戏吗！　我不会输的～！,和泉愛依,【なるんじゃん？】和泉愛依,ズンチャー！
和泉愛依\【なるんじゃん？】和泉愛依\ズンチャー！.csv,23,3019004020180,あさひ,"愛依ちゃん！　愛依ちゃん！
ステージの周り、すごい機材でいっぱいっすー！","爱依！　爱依！
舞台周围全都是厉害的器材哎！",和泉愛依,【なるんじゃん？】和泉愛依,ズンチャー！
和泉愛依\【なるんじゃん？】和泉愛依\ズンチャー！.csv,26,3019004020210,あさひ,ふう！　踊りながら進むっすー！,呼！　一边跳舞一边前进！,和泉愛依,【なるんじゃん？】和泉愛依,ズンチャー！
和泉愛依\【なるんじゃん？】和泉愛依\ズンチャー！.csv,27,3019004020220,あさひ,ズンチャッ！　ズンチャッ！,咚锵！！　咚锵！！,和泉愛依,【なるんじゃん？】和泉愛依,ズンチャー！
和泉愛依\【なるんじゃん？】和泉愛依\ズンチャー！.csv,28,3019004020230,あさひ,あっ,啊,和泉愛依,【なるんじゃん？】和泉愛依,ズンチャー！
和泉愛依\【なるんじゃん？】和泉愛依\ズンチャー！.csv,30,3019004020250,あさひ,"なんか人がいっぱい……
面白いことやってるっすかね！？","那边人好多……
是不是有什么好玩的！？",和泉愛依,【なるんじゃん？】和泉愛依,ズンチャー！
和泉愛依\【なるんじゃん？】和泉愛依\ズンチャー！.csv,32,3019004020270,あさひ,ああー！！　愛依ちゃーん！！,啊啊！！　爱依！！,和泉愛依,【なるんじゃん？】和泉愛依,ズンチャー！
和泉愛依\【なるんじゃん？】和泉愛依\ズンチャー！.csv,34,3019004020290,あさひ,"違うっす～！
なんにも見えないっす～！","不是～！
我是说我什么都看不到～！！",和泉愛依,【なるんじゃん？】和泉愛依,ズンチャー！
和泉愛依\【なるんじゃん？】和泉愛依\ズンチャー！.csv,36,3019004020310,あさひ,"前の人たちの……背が……高すぎて……
ジャンプ……しても……見えない……っす……！！","前面的人……个子……都太高……
就算……跳起来……也看不到……！！",和泉愛依,【なるんじゃん？】和泉愛依,ズンチャー！
和泉愛依\【なるんじゃん？】和泉愛依\ズンチャー！.csv,40,3019004020350,あさひ,あ、なんかあんまり面白くなさそうっす,啊，感觉没什么意思,和泉愛依,【なるんじゃん？】和泉愛依,ズンチャー！
和泉愛依\【なるんじゃん？】和泉愛依\ズンチャー！.csv,42,3019004020370,あさひ,"あはは、湯気とか見てる暇ないっすよ！
もっと面白いもん探すっす～！","啊哈哈，没时间在这看热气啦！
我要找更有趣的东西～！",和泉愛依,【なるんじゃん？】和泉愛依,ズンチャー！
和泉愛依\【なるんじゃん？】和泉愛依\ズンチャー！.csv,44,3019004020390,あさひ,ラーメンはもういいっす～！,不要看拉面啦～！,和泉愛依,【なるんじゃん？】和泉愛依,ズンチャー！
和泉愛依\【なるんじゃん？】和泉愛依\ズンチャー！.csv,45,3019004020400,あさひ,"昨日じっくり見たっすから！
プロデューサーさんが食べてたの～","昨天已经仔细看过了！
制作人吃来着～",和泉愛依,【なるんじゃん？】和泉愛依,ズンチャー！
和泉愛依\【なるんじゃん？】和泉愛依\ズンチャー！.csv,46,3019004020410,あさひ,──あっ！　なんか踊ってる人がいるっす！,——啊！　那边有人在跳舞！,和泉愛依,【なるんじゃん？】和泉愛依,ズンチャー！
和泉愛依\【なるんじゃん？】和泉愛依\ズンチャー！.csv,47,3019004020420,あさひ,"ほらほら愛依ちゃん！
ラーメンより面白そうっすよ！","快快快爱依！
感觉比拉面有意思多了！",和泉愛依,【なるんじゃん？】和泉愛依,ズンチャー！
和泉愛依\【なるんじゃん？】和泉愛依\ズンチャー！.csv,49,3019004020440,あさひ,アイドルかもしれないっすね！,说不定是偶像！,和泉愛依,【なるんじゃん？】和泉愛依,ズンチャー！
和泉愛依\【なるんじゃん？】和泉愛依\ズンチャー！.csv,51,3019004020460,あさひ,いるんじゃないっすかね,应该有吧？,和泉愛依,【なるんじゃん？】和泉愛依,ズンチャー！
和泉愛依\【なるんじゃん？】和泉愛依\ズンチャー！.csv,59,3019004020520,あさひ,おー、じゃあ戻るっすかね,哦，那就回去吧,和泉愛依,【なるんじゃん？】和泉愛依,ズンチャー！
和泉愛依\【なるんじゃん？】和泉愛依\ズンチャー！.csv,62,3019004020550,あさひ,"よーし！　わたしは準備万端っす！
走るっすよ、愛依ちゃんっ──！","好！　我已经准备好了！
咱们跑回去，爱依——！",和泉愛依,【なるんじゃん？】和泉愛依,ズンチャー！
和泉愛依\【なるんじゃん？】和泉愛依\ズンチャー！.csv,63,3019004020560,あさひ,ッ……愛依ちゃん？,……爱依？,和泉愛依,【なるんじゃん？】和泉愛依,ズンチャー！
和泉愛依\【なるんじゃん？】和泉愛依\ズンチャー！.csv,65,3019004020580,あさひ,……愛依ちゃん,……爱依,和泉愛依,【なるんじゃん？】和泉愛依,ズンチャー！
和泉愛依\【なるんじゃん？】和泉愛依\ズンチャー！.csv,67,3019004020600,あさひ,愛依ちゃんの負けっす,爱依你输了,和泉愛依,【なるんじゃん？】和泉愛依,ズンチャー！
和泉愛依\【なるんじゃん？】和泉愛依\ズンチャー！.csv,69,3019004020620,あさひ,"最初に言ってたっすよね？
手を離したら負けって","最开始你说过吧？
谁先松手算谁输",和泉愛依,【なるんじゃん？】和泉愛依,ズンチャー！
和泉愛依\【なるんじゃん？】和泉愛依\ズンチャー！.csv,71,3019004020640,あさひ,もー、ダメっすね,真是的，这可不行啊,和泉愛依,【なるんじゃん？】和泉愛依,ズンチャー！
和泉愛依\【なるんじゃん？】和泉愛依\ズンチャー！.csv,72,3019004020650,あさひ,──もうひと勝負！,——再来一局！,和泉愛依,【なるんじゃん？】和泉愛依,ズンチャー！
和泉愛依\【なるんじゃん？】和泉愛依\ズンチャー！.csv,73,3019004020660,あさひ,"簡単に負けられちゃつまんないっす！
今度は気合入れて、握ってほしいっす！","这么简单就输给我太无聊了！
这次你可要集中精神握住我的手！",和泉愛依,【なるんじゃん？】和泉愛依,ズンチャー！
和泉愛依\【なるんじゃん？】和泉愛依\ズンチャー！.csv,75,3019004020680,あさひ,愛依ちゃん！　走るっすよ！,爱依！　准备起跑！,和泉愛依,【なるんじゃん？】和泉愛依,ズンチャー！
和泉愛依\【なるんじゃん？】和泉愛依\ズンチャー！.csv,77,3019004020700,あさひ,踊りながら！,一边跳舞一边跑！,和泉愛依,【なるんじゃん？】和泉愛依,ズンチャー！
和泉愛依\【なるんじゃん？】和泉愛依\ズンチャー！.csv,79,3019004020720,あさひ,──ズンチャッ！　ズンチャッ！,——咚锵！　咚锵！,和泉愛依,【なるんじゃん？】和泉愛依,ズンチャー！
和泉愛依\【なるんじゃん？】和泉愛依\ズンチャー！.csv,81,3019004020740,あさひ,ズンチャッ！　ズンチャッ！　あはは！,咚锵！　咚锵！　啊哈哈！,和泉愛依,【なるんじゃん？】和泉愛依,ズンチャー！
和泉愛依\【なるんじゃん？】和泉愛依\ロッキュー！.csv,2,3019004010010,あさひ,"お客さん、来るっすかね～
いっぱい集まるといいっすね！","会不会有观众来啊～
希望能有很多人来！",和泉愛依,【なるんじゃん？】和泉愛依,ロッキュー！
和泉愛依\【なるんじゃん？】和泉愛依\ロッキュー！.csv,7,3019004010060,あさひ,"なんすかなんすか？
面白いことっすか？","什么事什么事？
是什么好玩的吗？",和泉愛依,【なるんじゃん？】和泉愛依,ロッキュー！
和泉愛依\【なるんじゃん？】和泉愛依\ロッキュー！.csv,15,3019004010130,あさひ,緊張とかはよくわかんないっすけど、大丈夫っすよ！,虽然不太懂为什么紧张，不过没事啦！,和泉愛依,【なるんじゃん？】和泉愛依,ロッキュー！
和泉愛依\【なるんじゃん？】和泉愛依\ロッキュー！.csv,16,3019004010140,あさひ,"ステージに上がれば
身体は勝手に動くっすから！","只要登上舞台
身体就会径自动起来的！",和泉愛依,【なるんじゃん？】和泉愛依,ロッキュー！
和泉愛依\【なるんじゃん？】和泉愛依\ロッキュー！.csv,20,3019004010170,あさひ,行くっす行くっすー！,走啦走啦～！,和泉愛依,【なるんじゃん？】和泉愛依,ロッキュー！
和泉愛依\【なるんじゃん？】和泉愛依\ロッキュー！.csv,22,3019004010190,あさひ,おー、ステージ広いっすー！,喔——舞台好宽敞！,和泉愛依,【なるんじゃん？】和泉愛依,ロッキュー！
和泉愛依\【なるんじゃん？】和泉愛依\ロッキュー！.csv,33,3019004010271,あさひ＆冬優子,…………？,…………？,和泉愛依,【なるんじゃん？】和泉愛依,ロッキュー！
和泉愛依\【なるんじゃん？】和泉愛依\ロッキュー！.csv,36,3019004010291,あさひ＆冬優子,────……！？,————……！？,和泉愛依,【なるんじゃん？】和泉愛依,ロッキュー！
和泉愛依\【なるんじゃん？】和泉愛依\ロッキュー！.csv,43,3019004010360,あさひ,ヒミツのワザっすか？,秘密绝招？,和泉愛依,【なるんじゃん？】和泉愛依,ロッキュー！
和泉愛依\【なるんじゃん？】和泉愛依\ロッキュー！.csv,52,3019004010450,あさひ,あー、冬優子ちゃんが信じてないっすー,啊，冬优子一看就不信,和泉愛依,【なるんじゃん？】和泉愛依,ロッキュー！
和泉愛依\【なるんじゃん？】和泉愛依\ロッキュー！.csv,57,3019004010500,あさひ,"わたしは見たことないっす！
ミステリアスな愛依ちゃん、楽しみっす！",我还没见过！神秘的爱依，我很期待！,和泉愛依,【なるんじゃん？】和泉愛依,ロッキュー！
和泉愛依\【なるんじゃん？】和泉愛依\ロッキュー！.csv,67,3019004010600,あさひ,わたしも合図欲しいっす！,我也要眼色！,和泉愛依,【なるんじゃん？】和泉愛依,ロッキュー！
和泉愛依\【なるんじゃん？】和泉愛依\ロッキュー！.csv,69,3019004010620,あさひ,"合図をもらったら何すればいいっすか？
踊ればいいっすか？","收到眼色之后要怎么办？
跳舞就行？",和泉愛依,【なるんじゃん？】和泉愛依,ロッキュー！
和泉愛依\【なるんじゃん？】和泉愛依\ロッキュー！.csv,72,3019004010650,あさひ,"ナイスアイディアっす！
やっぱりアイドルはパフォーマンス勝負っすからね！","好主意！
偶像果然还是要靠表演来说话！",和泉愛依,【なるんじゃん？】和泉愛依,ロッキュー！
和泉愛依\【なるんじゃん？】和泉愛依\ロッキュー！.csv,77,3019004010691,あさひ,──始めるっすよ,——准备开始咯,和泉愛依,【なるんじゃん？】和泉愛依,ロッキュー！
和泉愛依\【なるんじゃん？】和泉愛依\ロッキュー！.csv,80,3019004010694,あさひ,──歓迎してくれて、ありがとっす,——非常感谢大家的欢迎,和泉愛依,【なるんじゃん？】和泉愛依,ロッキュー！
和泉愛依\【なるんじゃん？】和泉愛依\ロッキュー！.csv,81,3019004010695,あさひ,"……でも、ねぇみんな、
これじゃまだまだだなって思いません？","……不过，我说大家啊
不觉得还完全没尽兴吗？",和泉愛依,【なるんじゃん？】和泉愛依,ロッキュー！
和泉愛依\【なるんじゃん？】和泉愛依\ロッキュー！.csv,82,3019004010696,あさひ,"わたしは、今日来てくれたみんなのこと、
後悔させないっすよ","今天到场的各位
我是不会让你们后悔的",和泉愛依,【なるんじゃん？】和泉愛依,ロッキュー！
和泉愛依\【なるんじゃん？】和泉愛依\ロッキュー！.csv,83,3019004010697,あさひ,──……みんながついてこられたら、なんすけど,——……前提是，你们得跟得上才行,和泉愛依,【なるんじゃん？】和泉愛依,ロッキュー！
和泉愛依\【なんでもない~】和泉愛依\ごめんっ！.csv,3,3019013010002,あさひ,はいっす～！,是的说～！,和泉愛依,【なんでもない~】和泉愛依,ごめんっ！
和泉愛依\【なんでもない~】和泉愛依\ごめんっ！.csv,5,3019013010011,あさひ＆冬優子,？,？,和泉愛依,【なんでもない~】和泉愛依,ごめんっ！
和泉愛依\【なんでもない~】和泉愛依\ごめんっ！.csv,8,3019013010040,あさひ,えー、気になるっすよ～！,诶——，话说一半我好在意的说～！,和泉愛依,【なんでもない~】和泉愛依,ごめんっ！
和泉愛依\【なんでもない~】和泉愛依\ごめんっ！.csv,31,3019013010270,あさひ,あっ！　みんな事務所にいるっす！,啊！大家都在事务所的说！,和泉愛依,【なんでもない~】和泉愛依,ごめんっ！
和泉愛依\【なんでもない~】和泉愛依\ごめんっ！.csv,32,3019013010280,あさひ,"みんな、どっか行かないっすか？
ケガも治ったんでたくさん遊びたいっすよ～！！","大家和我去哪里玩玩吧？
好不容易治好了伤，就想去哪里玩个痛快的说～！！",和泉愛依,【なんでもない~】和泉愛依,ごめんっ！
和泉愛依\【なんでもない~】和泉愛依\ごめんっ！.csv,38,3019013010340,あさひ,なんすか？,怎么了？,和泉愛依,【なんでもない~】和泉愛依,ごめんっ！
和泉愛依\【なんでもない~】和泉愛依\ごめんっ！.csv,40,3019013010360,あさひ,"やったっす～！
冬優子ちゃんは忙しいっすか？","太好了的说～！
冬优子很忙吗？",和泉愛依,【なんでもない~】和泉愛依,ごめんっ！
和泉愛依\【なんでもない~】和泉愛依\ごめんっ！.csv,44,3019013010400,あさひ,"あははっ
じゃあ、何して遊ぶっすかね～……","啊哈哈
那么，要玩什么呢～……",和泉愛依,【なんでもない~】和泉愛依,ごめんっ！
和泉愛依\【なんでもない~】和泉愛依\ごめんっ！.csv,46,3019013010420,あさひ,はいっす！,是的说！,和泉愛依,【なんでもない~】和泉愛依,ごめんっ！
和泉愛依\【なんでもない~】和泉愛依\ごめんっ！.csv,48,3019013010440,あさひ,楽しいところがいっすね～,开心的地方就好的说～,和泉愛依,【なんでもない~】和泉愛依,ごめんっ！
和泉愛依\【なんでもない~】和泉愛依\ごめんっ！.csv,52,3019013010480,あさひ,"おっ
どこっすか？","哦
是哪里呢？",和泉愛依,【なんでもない~】和泉愛依,ごめんっ！
和泉愛依\【なんでもない~】和泉愛依\ごめんっ！.csv,55,3019013010510,あさひ,？,？,和泉愛依,【なんでもない~】和泉愛依,ごめんっ！
和泉愛依\【なんでもない~】和泉愛依\また今度～.csv,2,3019013020010,あさひ,おお～…………！,哦哦～…………！,和泉愛依,【なんでもない~】和泉愛依,また今度～
和泉愛依\【なんでもない~】和泉愛依\また今度～.csv,4,3019013020030,あさひ,お菓子、いっぱいっすね～！,有好多甜品啊～！,和泉愛依,【なんでもない~】和泉愛依,また今度～
和泉愛依\【なんでもない~】和泉愛依\また今度～.csv,6,3019013020050,あさひ,えっ、本当っすか？,诶，真的吗？,和泉愛依,【なんでもない~】和泉愛依,また今度～
和泉愛依\【なんでもない~】和泉愛依\また今度～.csv,7,3019013020060,あさひ,"あのケーキも、ゼリーも、
アイスクリームも？",那边的蛋糕和果冻以及冰淇淋都是？,和泉愛依,【なんでもない~】和泉愛依,また今度～
和泉愛依\【なんでもない~】和泉愛依\また今度～.csv,9,3019013020080,あさひ,すごいっすね～！！,好厉害的说～！！,和泉愛依,【なんでもない~】和泉愛依,また今度～
和泉愛依\【なんでもない~】和泉愛依\また今度～.csv,11,3019013020100,あさひ,はいっす～,是的说～,和泉愛依,【なんでもない~】和泉愛依,また今度～
和泉愛依\【なんでもない~】和泉愛依\また今度～.csv,12,3019013020110,あさひ,愛依ちゃん、早く入るっすよ～,爱依，那就快进去吧～,和泉愛依,【なんでもない~】和泉愛依,また今度～
和泉愛依\【なんでもない~】和泉愛依\また今度～.csv,13,3019013020120,あさひ,"みんな、あのキラキラのケーキ
取ってくっす！　なくなっちゃうっすよ～","大家好像都在拿那个亮晶晶的蛋糕的说！
这么下去很快就要没有了的说～",和泉愛依,【なんでもない~】和泉愛依,また今度～
和泉愛依\【なんでもない~】和泉愛依\また今度～.csv,15,3019013020140,あさひ,"……え！
そうなんすか……！","……诶！
是这样啊……！",和泉愛依,【なんでもない~】和泉愛依,また今度～
和泉愛依\【なんでもない~】和泉愛依\また今度～.csv,21,3019013020200,あさひ,"愛依ちゃん愛依ちゃん！
なんかすごいものがあるっす！","爱依爱依！
那边有个好像很厉害的东西的说！",和泉愛依,【なんでもない~】和泉愛依,また今度～
和泉愛依\【なんでもない~】和泉愛依\また今度～.csv,23,3019013020220,あさひ,こっちっす！,在这边的说！,和泉愛依,【なんでもない~】和泉愛依,また今度～
和泉愛依\【なんでもない~】和泉愛依\また今度～.csv,24,3019013020230,あさひ,"すごいっす！
これ、チョコレートの塔みたいっす～","好厉害的说！
这边的巧克力好像塔一样的说～",和泉愛依,【なんでもない~】和泉愛依,また今度～
和泉愛依\【なんでもない~】和泉愛依\また今度～.csv,26,3019013020250,あさひ,"これってなんなんすか？
どうやって食べるっすか？","这是什么东西呢？
要怎样吃呢？",和泉愛依,【なんでもない~】和泉愛依,また今度～
和泉愛依\【なんでもない~】和泉愛依\また今度～.csv,28,3019013020270,あさひ,ふんふん……,嗯嗯……,和泉愛依,【なんでもない~】和泉愛依,また今度～
和泉愛依\【なんでもない~】和泉愛依\また今度～.csv,30,3019013020290,あさひ,へー……！,嘿——……！,和泉愛依,【なんでもない~】和泉愛依,また今度～
和泉愛依\【なんでもない~】和泉愛依\また今度～.csv,33,3019013020320,あさひ,"お～！
そうやるんすか……！","哦～！
原来是这样做的啊……！",和泉愛依,【なんでもない~】和泉愛依,また今度～
和泉愛依\【なんでもない~】和泉愛依\また今度～.csv,35,3019013020340,あさひ,やるっす～！,我试试的说～！,和泉愛依,【なんでもない~】和泉愛依,また今度～
和泉愛依\【なんでもない~】和泉愛依\また今度～.csv,36,3019013020350,あさひ,は～、いっぱい食べたっす～……,哈～，吃了好多的说～……,和泉愛依,【なんでもない~】和泉愛依,また今度～
和泉愛依\【なんでもない~】和泉愛依\また今度～.csv,40,3019013020390,あさひ,"そっすね！　しばらくじっとしてたんで
いっぱいやりたいことあるっすよ","说的是呢！养伤期间什么都做不了
所以攒下了很多想做的事的说",和泉愛依,【なんでもない~】和泉愛依,また今度～
和泉愛依\【なんでもない~】和泉愛依\また今度～.csv,41,3019013020400,あさひ,愛依ちゃんの家にも行きたいっすし……,也想去爱依家里玩的说……,和泉愛依,【なんでもない~】和泉愛依,また今度～
和泉愛依\【なんでもない~】和泉愛依\また今度～.csv,42,3019013020410,あさひ,"なんか面白いことしたいし、
遠くに遊びにも行ってみたいし……","也想做些有趣的事，
也想出远门去玩……",和泉愛依,【なんでもない~】和泉愛依,また今度～
和泉愛依\【なんでもない~】和泉愛依\また今度～.csv,43,3019013020420,あさひ,"あ、あと、この前見た動画のダンスの真似も
やってみたいっす！　すごかったんすよ～","啊，还有，还想模仿这之前在网上看到的舞蹈的说！
那个好厉害的说～",和泉愛依,【なんでもない~】和泉愛依,また今度～
和泉愛依\【なんでもない~】和泉愛依\また今度～.csv,45,3019013020440,あさひ,やったっす～,太好了的说～,和泉愛依,【なんでもない~】和泉愛依,また今度～
和泉愛依\【なんでもない~】和泉愛依\また今度～.csv,48,3019013020470,あさひ,戦うってやつっすか？,对决是吗？,和泉愛依,【なんでもない~】和泉愛依,また今度～
和泉愛依\【なんでもない~】和泉愛依\また今度～.csv,50,3019013020490,あさひ,"いつでもいいっすよ！
もう動けるっすから","随时可以的说！
因为已经养好伤了的说",和泉愛依,【なんでもない~】和泉愛依,また今度～
和泉愛依\【なんでもない~】和泉愛依\また今度～.csv,55,3019013020540,あさひ,はいっす！,是的说！,和泉愛依,【なんでもない~】和泉愛依,また今度～
和泉愛依\【よしよし♪】和泉愛依\ブイっ！.csv,11,3019010010100,あさひ,"ふたりとも歩くの遅いっす～！
早くするっすよ～！","你们两个好慢啊～！
快点快点～！",和泉愛依,【よしよし♪】和泉愛依,ブイっ！
和泉愛依\【よしよし♪】和泉愛依\ブイっ！.csv,25,3019010010190,あさひ,泣き止まないっすね,哭个不停呢,和泉愛依,【よしよし♪】和泉愛依,ブイっ！
和泉愛依\【よしよし♪】和泉愛依\ブイっ！.csv,43,3019010010280,あさひ,"……！
泣き止んだっす","……！
她不哭了",和泉愛依,【よしよし♪】和泉愛依,ブイっ！
和泉愛依\【よしよし♪】和泉愛依\ブイっ！.csv,49,3019010010300,あさひ,愛依ちゃんが遊んだっす！,是爱依在和她玩！,和泉愛依,【よしよし♪】和泉愛依,ブイっ！
和泉愛依\【よしよし♪】和泉愛依\面白トーク♪.csv,2,3019010020010,あさひ,"冬優子ちゃーん
つまんないっす～","冬优子——
好无聊啊～",和泉愛依,【よしよし♪】和泉愛依,面白トーク♪
和泉愛依\【よしよし♪】和泉愛依\面白トーク♪.csv,4,3019010020030,あさひ,何かするっす～,来玩点什么吧～,和泉愛依,【よしよし♪】和泉愛依,面白トーク♪
和泉愛依\【よしよし♪】和泉愛依\面白トーク♪.csv,6,3019010020050,あさひ,いないっす～,她不在啊～,和泉愛依,【よしよし♪】和泉愛依,面白トーク♪
和泉愛依\【よしよし♪】和泉愛依\面白トーク♪.csv,11,3019010020100,あさひ,"……？
なんすか？","……？
这是什么？",和泉愛依,【よしよし♪】和泉愛依,面白トーク♪
和泉愛依\【よしよし♪】和泉愛依\面白トーク♪.csv,16,3019010020150,あさひ,"あははっ
愛依ちゃん、面白い話するっすか！","啊哈哈
爱依要说有趣的故事了吗！",和泉愛依,【よしよし♪】和泉愛依,面白トーク♪
和泉愛依\【よしよし♪】和泉愛依\面白トーク♪.csv,30,3019010020290,あさひ,ふんふん,嗯嗯,和泉愛依,【よしよし♪】和泉愛依,面白トーク♪
和泉愛依\【よしよし♪】和泉愛依\面白トーク♪.csv,36,3019010020341,あさひ＆冬優子,……,……,和泉愛依,【よしよし♪】和泉愛依,面白トーク♪
和泉愛依\【よしよし♪】和泉愛依\面白トーク♪.csv,49,3019010020461,あさひ＆冬優子,……,……,和泉愛依,【よしよし♪】和泉愛依,面白トーク♪
和泉愛依\【よしよし♪】和泉愛依\面白トーク♪.csv,53,3019010020490,あさひ,"……？
面白い話するっすよ","……？
你倒是说点有趣的啊",和泉愛依,【よしよし♪】和泉愛依,面白トーク♪
和泉愛依\【よしよし♪】和泉愛依\食べすぎ、眠すぎ～.csv,33,3019010030230,あさひ,お疲れさまっす～,辛苦啦～,和泉愛依,【よしよし♪】和泉愛依,食べすぎ、眠すぎ～
和泉愛依\【よしよし♪】和泉愛依\食べすぎ、眠すぎ～.csv,46,3019010030360,あさひ,おーい！　愛依ちゃーん！,喂！爱依！,和泉愛依,【よしよし♪】和泉愛依,食べすぎ、眠すぎ～
和泉愛依\【よしよし♪】和泉愛依\食べすぎ、眠すぎ～.csv,48,3019010030380,あさひ,あ、起きたっす,啊，醒了,和泉愛依,【よしよし♪】和泉愛依,食べすぎ、眠すぎ～
和泉愛依\【よしよし♪】和泉愛依\食べすぎ、眠すぎ～.csv,54,3019010030440,あさひ,"あっ、お菓子っす
食べていいやつっすか？","啊，是点心
我可以吃吗？",和泉愛依,【よしよし♪】和泉愛依,食べすぎ、眠すぎ～
和泉愛依\【よしよし♪】和泉愛依\食べすぎ、眠すぎ～.csv,56,3019010030460,あさひ,"おぉ～！
美味しそうっす～！","哦～！
看起来好好吃的样子～！",和泉愛依,【よしよし♪】和泉愛依,食べすぎ、眠すぎ～
和泉愛依\【よしよし♪】和泉愛依\食べすぎ、眠すぎ～.csv,58,3019010030480,あさひ,早く食べるっす！,我想快点吃上啊！,和泉愛依,【よしよし♪】和泉愛依,食べすぎ、眠すぎ～
和泉愛依\【エンジョイ！パーティ】和泉愛依\01パーティしようよ～.csv,11,3019007010090,あさひ,……,,和泉愛依,【エンジョイ！パーティ】和泉愛依,01パーティしようよ～
和泉愛依\【エンジョイ！パーティ】和泉愛依\01パーティしようよ～.csv,12,3019007010100,あさひ,は～！,哈～！,和泉愛依,【エンジョイ！パーティ】和泉愛依,01パーティしようよ～
和泉愛依\【エンジョイ！パーティ】和泉愛依\01パーティしようよ～.csv,15,3019007010130,あさひ,？,,和泉愛依,【エンジョイ！パーティ】和泉愛依,01パーティしようよ～
和泉愛依\【エンジョイ！パーティ】和泉愛依\01パーティしようよ～.csv,18,3019007010160,あさひ,？　そうなんすか？,？是吗？,和泉愛依,【エンジョイ！パーティ】和泉愛依,01パーティしようよ～
和泉愛依\【エンジョイ！パーティ】和泉愛依\01パーティしようよ～.csv,20,3019007010180,あさひ,で、その日がどうしたんすか？,那么，那一天又怎么了？,和泉愛依,【エンジョイ！パーティ】和泉愛依,01パーティしようよ～
和泉愛依\【エンジョイ！パーティ】和泉愛依\01パーティしようよ～.csv,29,3019007010261,あさひ＆冬優子,……,,和泉愛依,【エンジョイ！パーティ】和泉愛依,01パーティしようよ～
和泉愛依\【エンジョイ！パーティ】和泉愛依\01パーティしようよ～.csv,31,3019007010280,あさひ,わたしは大丈夫っす,我没问题,和泉愛依,【エンジョイ！パーティ】和泉愛依,01パーティしようよ～
和泉愛依\【エンジョイ！パーティ】和泉愛依\01パーティしようよ～.csv,47,3019007010440,あさひ,わたしはなんでもいいっす！,我什么都行！,和泉愛依,【エンジョイ！パーティ】和泉愛依,01パーティしようよ～
和泉愛依\【エンジョイ！パーティ】和泉愛依\01パーティしようよ～.csv,53,3019007010500,あさひ,──わたしは冬優子ちゃん家がいいっす！,──我想去冬优子家里！,和泉愛依,【エンジョイ！パーティ】和泉愛依,01パーティしようよ～
和泉愛依\【エンジョイ！パーティ】和泉愛依\02パーティできないの～？.csv,3,3019007020010,あさひ,"だから、
今回は冬優子ちゃん家に行ってみたいんすよ！","我是说，
这回我想去冬优子家！",和泉愛依,【エンジョイ！パーティ】和泉愛依,02パーティできないの～？
和泉愛依\【エンジョイ！パーティ】和泉愛依\02パーティできないの～？.csv,5,3019007020030,あさひ,ええ～、なんでっすか～！,诶～为什么啊～！,和泉愛依,【エンジョイ！パーティ】和泉愛依,02パーティできないの～？
和泉愛依\【エンジョイ！パーティ】和泉愛依\02パーティできないの～？.csv,8,3019007020060,あさひ,"冬優子ちゃんの部屋にいれば
大丈夫っすよ～！","只要待在冬优子的房间里
就没问题了啦～！",和泉愛依,【エンジョイ！パーティ】和泉愛依,02パーティできないの～？
和泉愛依\【エンジョイ！パーティ】和泉愛依\02パーティできないの～？.csv,11,3019007020090,あさひ,え～！,诶～！,和泉愛依,【エンジョイ！パーティ】和泉愛依,02パーティできないの～？
和泉愛依\【エンジョイ！パーティ】和泉愛依\02パーティできないの～？.csv,13,3019007020110,あさひ,──冬優子ちゃん家がいいんす～！,──我就要去冬优子家～！,和泉愛依,【エンジョイ！パーティ】和泉愛依,02パーティできないの～？
和泉愛依\【エンジョイ！パーティ】和泉愛依\02パーティできないの～？.csv,15,3019007020130,あさひ,"はいっす！
何回も行ってるっす！","嗯！
去了好几次了！",和泉愛依,【エンジョイ！パーティ】和泉愛依,02パーティできないの～？
和泉愛依\【エンジョイ！パーティ】和泉愛依\02パーティできないの～？.csv,19,3019007020170,あさひ,"じゃあ愛依ちゃんの家は
別の日に行くっす！","那爱依家
就改天再去！",和泉愛依,【エンジョイ！パーティ】和泉愛依,02パーティできないの～？
和泉愛依\【エンジョイ！パーティ】和泉愛依\02パーティできないの～？.csv,21,3019007020190,あさひ,冬優子ちゃんの家が気になるんすよ～,我很在意冬优子的家～,和泉愛依,【エンジョイ！パーティ】和泉愛依,02パーティできないの～？
和泉愛依\【エンジョイ！パーティ】和泉愛依\02パーティできないの～？.csv,25,3019007020230,あさひ,わたしは平気っす──,我没关系──,和泉愛依,【エンジョイ！パーティ】和泉愛依,02パーティできないの～？
和泉愛依\【エンジョイ！パーティ】和泉愛依\02パーティできないの～？.csv,26,3019007020240,あさひ,"？
プロデューサーさんからっす！","？
是制作人打来的！",和泉愛依,【エンジョイ！パーティ】和泉愛依,02パーティできないの～？
和泉愛依\【エンジョイ！パーティ】和泉愛依\02パーティできないの～？.csv,27,3019007020250,あさひ,はいっす！,嗯！,和泉愛依,【エンジョイ！パーティ】和泉愛依,02パーティできないの～？
和泉愛依\【エンジョイ！パーティ】和泉愛依\02パーティできないの～？.csv,28,3019007020260,あさひ,……,,和泉愛依,【エンジョイ！パーティ】和泉愛依,02パーティできないの～？
和泉愛依\【エンジョイ！パーティ】和泉愛依\02パーティできないの～？.csv,29,3019007020270,あさひ,"あ！　忘れてたっす！
すぐ行くんで","啊！给忘了！
我马上就去",和泉愛依,【エンジョイ！パーティ】和泉愛依,02パーティできないの～？
和泉愛依\【エンジョイ！パーティ】和泉愛依\02パーティできないの～？.csv,30,3019007020280,あさひ,じゃ、わたし次の予定あるっすから！,那么，我还有下个预定！,和泉愛依,【エンジョイ！パーティ】和泉愛依,02パーティできないの～？
和泉愛依\【エンジョイ！パーティ】和泉愛依\03パーティできた～♪.csv,4,3019007030030,あさひ,"おぉ～、
これが冬優子ちゃんの部屋っすか～","喔哦～
这就是冬优子的房间吗～",和泉愛依,【エンジョイ！パーティ】和泉愛依,03パーティできた～♪
和泉愛依\【エンジョイ！パーティ】和泉愛依\03パーティできた～♪.csv,5,3019007030040,あさひ,"冬優子ちゃん冬優子ちゃん！
これなんすか！？","冬优子冬优子！
这是什么！？",和泉愛依,【エンジョイ！パーティ】和泉愛依,03パーティできた～♪
和泉愛依\【エンジョイ！パーティ】和泉愛依\03パーティできた～♪.csv,9,3019007030080,あさひ,……,,和泉愛依,【エンジョイ！パーティ】和泉愛依,03パーティできた～♪
和泉愛依\【エンジョイ！パーティ】和泉愛依\03パーティできた～♪.csv,10,3019007030090,あさひ,わかったっす,知道了,和泉愛依,【エンジョイ！パーティ】和泉愛依,03パーティできた～♪
和泉愛依\【エンジョイ！パーティ】和泉愛依\03パーティできた～♪.csv,13,3019007030120,あさひ,はいっす！,好的！,和泉愛依,【エンジョイ！パーティ】和泉愛依,03パーティできた～♪
和泉愛依\【エンジョイ！パーティ】和泉愛依\03パーティできた～♪.csv,19,3019007030180,あさひ,わたしが選んだんすよ！,这是我选的！,和泉愛依,【エンジョイ！パーティ】和泉愛依,03パーティできた～♪
和泉愛依\【エンジョイ！パーティ】和泉愛依\03パーティできた～♪.csv,21,3019007030200,あさひ,なんかビビっときたんすよ！,感觉一眼就看上了它！,和泉愛依,【エンジョイ！パーティ】和泉愛依,03パーティできた～♪
和泉愛依\【エンジョイ！パーティ】和泉愛依\03パーティできた～♪.csv,29,3019007030280,あさひ,え！　取っちゃ嫌っすよ！,诶！不要抢走它！,和泉愛依,【エンジョイ！パーティ】和泉愛依,03パーティできた～♪
和泉愛依\【エンジョイ！パーティ】和泉愛依\03パーティできた～♪.csv,38,3019007030370,あさひ,わらひはまだまだひょひゅーっす,窝还呲得夏,和泉愛依,【エンジョイ！パーティ】和泉愛依,03パーティできた～♪
和泉愛依\【エンジョイ！パーティ】和泉愛依\03パーティできた～♪.csv,40,3019007030390,あさひ,……！,,和泉愛依,【エンジョイ！パーティ】和泉愛依,03パーティできた～♪
和泉愛依\【エンジョイ！パーティ】和泉愛依\03パーティできた～♪.csv,43,3019007030411,あさひ＆冬優子,……え？,……诶？,和泉愛依,【エンジョイ！パーティ】和泉愛依,03パーティできた～♪
和泉愛依\【エンジョイ！パーティ】和泉愛依\03パーティできた～♪.csv,45,3019007030421,あさひ＆冬優子,言哎呦てない,没有说,和泉愛依,【エンジョイ！パーティ】和泉愛依,03パーティできた～♪
和泉愛依\【エンジョイ！パーティ】和泉愛依\03パーティできた～♪.csv,52,3019007030490,あさひ,いいっすよ,可以,和泉愛依,【エンジョイ！パーティ】和泉愛依,03パーティできた～♪
和泉愛依\【エンジョイ！パーティ】和泉愛依\03パーティできた～♪.csv,56,3019007030530,あさひ,わかったっす！,明白了！,和泉愛依,【エンジョイ！パーティ】和泉愛依,03パーティできた～♪
和泉愛依\【エンジョイ！パーティ】和泉愛依\03パーティできた～♪.csv,57,3019007030531,あさひ＆愛依,お邪魔しました～,打扰了～,和泉愛依,【エンジョイ！パーティ】和泉愛依,03パーティできた～♪
和泉愛依\【エンジョイ！パーティ】和泉愛依\03パーティできた～♪.csv,60,3019007030560,あさひ,わかんないっすね,不知道呢,和泉愛依,【エンジョイ！パーティ】和泉愛依,03パーティできた～♪
和泉愛依\【和泉流・書道心得】和泉愛依\トメ　ハネ　雑　だめ.csv,2,3019003010010,あさひ,まぁ、こんなもんかな,好了，就这样吧,和泉愛依,【和泉流・書道心得】和泉愛依,トメ　ハネ　雑　だめ
和泉愛依\【和泉流・書道心得】和泉愛依\トメ　ハネ　雑　だめ.csv,4,3019003010030,あさひ,おはよっす～,早上好,和泉愛依,【和泉流・書道心得】和泉愛依,トメ　ハネ　雑　だめ
和泉愛依\【和泉流・書道心得】和泉愛依\トメ　ハネ　雑　だめ.csv,6,3019003010050,あさひ,はいっす、もう終わったんすけどね,是的，已经写好了,和泉愛依,【和泉流・書道心得】和泉愛依,トメ　ハネ　雑　だめ
和泉愛依\【和泉流・書道心得】和泉愛依\トメ　ハネ　雑　だめ.csv,8,3019003010070,あさひ,そこに置いてあるから見ていいっすよ～,我把它放在那里了，你自便吧～,和泉愛依,【和泉流・書道心得】和泉愛依,トメ　ハネ　雑　だめ
和泉愛依\【和泉流・書道心得】和泉愛依\トメ　ハネ　雑　だめ.csv,10,3019003010090,あさひ,疲れたっすね～……,累死了～……,和泉愛依,【和泉流・書道心得】和泉愛依,トメ　ハネ　雑　だめ
和泉愛依\【和泉流・書道心得】和泉愛依\トメ　ハネ　雑　だめ.csv,12,3019003010110,あさひ,ん？　どうしたんすか？,嗯？怎么了吗？,和泉愛依,【和泉流・書道心得】和泉愛依,トメ　ハネ　雑　だめ
和泉愛依\【和泉流・書道心得】和泉愛依\トメ　ハネ　雑　だめ.csv,14,3019003010130,あさひ,？　どういうことっすか？,？什么意思？,和泉愛依,【和泉流・書道心得】和泉愛依,トメ　ハネ　雑　だめ
和泉愛依\【和泉流・書道心得】和泉愛依\トメ　ハネ　雑　だめ.csv,16,3019003010150,あさひ,愛依ちゃん？,爱依？,和泉愛依,【和泉流・書道心得】和泉愛依,トメ　ハネ　雑　だめ
和泉愛依\【和泉流・書道心得】和泉愛依\トメ　ハネ　雑　だめ.csv,19,3019003010180,あさひ,うーん、そうなんすか……？,唔，这样吗……？,和泉愛依,【和泉流・書道心得】和泉愛依,トメ　ハネ　雑　だめ
和泉愛依\【和泉流・書道心得】和泉愛依\トメ　ハネ　雑　だめ.csv,23,3019003010220,あさひ,……！,……！,和泉愛依,【和泉流・書道心得】和泉愛依,トメ　ハネ　雑　だめ
和泉愛依\【和泉流・書道心得】和泉愛依\トメ　ハネ　雑　だめ.csv,26,3019003010250,あさひ,──愛依ちゃん……,——爱依……,和泉愛依,【和泉流・書道心得】和泉愛依,トメ　ハネ　雑　だめ
和泉愛依\【和泉流・書道心得】和泉愛依\トメ　ハネ　雑　だめ.csv,27,3019003010260,あさひ,……すっごいかっこよかったっす！,……写得超好啊！,和泉愛依,【和泉流・書道心得】和泉愛依,トメ　ハネ　雑　だめ
和泉愛依\【和泉流・書道心得】和泉愛依\トメ　ハネ　雑　だめ.csv,29,3019003010280,あさひ,"今のどうやるんすか？　
知りたいっす！","刚才是怎么做到的？
我也想知道！",和泉愛依,【和泉流・書道心得】和泉愛依,トメ　ハネ　雑　だめ
和泉愛依\【和泉流・書道心得】和泉愛依\トメ　ハネ　雑　だめ.csv,30,3019003010290,あさひ,"あの雰囲気なんなんすか？
なんであんなに綺麗に書けるんすか？","那种气场是怎么回事啊？
为什么能写得这么好？",和泉愛依,【和泉流・書道心得】和泉愛依,トメ　ハネ　雑　だめ
和泉愛依\【和泉流・書道心得】和泉愛依\トメ　ハネ　雑　だめ.csv,33,3019003010320,あさひ,"さっきの愛依ちゃんみたいにやるためのコツ
全部っす！","能像爱依一样写书法的诀窍
全都想知道！",和泉愛依,【和泉流・書道心得】和泉愛依,トメ　ハネ　雑　だめ
和泉愛依\【和泉流・書道心得】和泉愛依\トメ　ハネ　雑　だめ.csv,35,3019003010340,あさひ,かっこよく書く方法を先に知りたいっす！,我想先了解能写出刚劲有力的字的方法！,和泉愛依,【和泉流・書道心得】和泉愛依,トメ　ハネ　雑　だめ
和泉愛依\【和泉流・書道心得】和泉愛依\トメ　ハネ　雑　だめ.csv,37,3019003010360,あさひ,"そうなんすね……！
わかったっす！","这样啊……！
我知道了！",和泉愛依,【和泉流・書道心得】和泉愛依,トメ　ハネ　雑　だめ
和泉愛依\【和泉流・書道心得】和泉愛依\トメ　ハネ　雑　だめ.csv,41,3019003010400,あさひ,……,……,和泉愛依,【和泉流・書道心得】和泉愛依,トメ　ハネ　雑　だめ
和泉愛依\【和泉流・書道心得】和泉愛依\トメ　ハネ　雑　だめ.csv,42,3019003010410,あさひ,気になったことがいくつかあるっす,我有几个在意的地方,和泉愛依,【和泉流・書道心得】和泉愛依,トメ　ハネ　雑　だめ
和泉愛依\【和泉流・書道心得】和泉愛依\トメ　ハネ　雑　だめ.csv,44,3019003010430,あさひ,"どうして『永』っていう
字ばっか書いてたんすか？","为什么一直
都在写“永”啊？",和泉愛依,【和泉流・書道心得】和泉愛依,トメ　ハネ　雑　だめ
和泉愛依\【和泉流・書道心得】和泉愛依\トメ　ハネ　雑　だめ.csv,49,3019003010480,あさひ,……そうなんすね！,……是这样啊！,和泉愛依,【和泉流・書道心得】和泉愛依,トメ　ハネ　雑　だめ
和泉愛依\【和泉流・書道心得】和泉愛依\トメ　ハネ　雑　だめ.csv,50,3019003010490,あさひ,"わたしも『永』
書けば愛依ちゃんみたいにできるっすか！？","只要我一直写“永”
就能写得和爱依一样好吗！？",和泉愛依,【和泉流・書道心得】和泉愛依,トメ　ハネ　雑　だめ
和泉愛依\【和泉流・書道心得】和泉愛依\トメ　ハネ　雑　だめ.csv,53,3019003010520,あさひ,"時間をかけないとできないんすね……
なるほど……","不花时间练习就没法做到是吧……
原来是这样……",和泉愛依,【和泉流・書道心得】和泉愛依,トメ　ハネ　雑　だめ
和泉愛依\【和泉流・書道心得】和泉愛依\トメ　ハネ　雑　だめ.csv,54,3019003010530,あさひ,……よし……とりあえずやってみるっす！,……好……总之先试试看吧！,和泉愛依,【和泉流・書道心得】和泉愛依,トメ　ハネ　雑　だめ
和泉愛依\【左選んで～！】和泉愛依\うちに勝てる～？.csv,10,3019011010050,あさひ,"いっすよ！
負けないっす！","好哦！
我不会输的！",和泉愛依,【左選んで～！】和泉愛依,うちに勝てる～？
和泉愛依\【左選んで～！】和泉愛依\うちに勝てる～？.csv,18,3019011010130,あさひ,そろわないっすね……,凑不到一对呢……,和泉愛依,【左選んで～！】和泉愛依,うちに勝てる～？
和泉愛依\【左選んで～！】和泉愛依\うちに勝てる～？.csv,19,3019011010140,あさひ,はい、次冬優子ちゃんっす,接下来轮到冬优子,和泉愛依,【左選んで～！】和泉愛依,うちに勝てる～？
和泉愛依\【左選んで～！】和泉愛依\うちに勝てる～？.csv,27,3019011010220,あさひ,うーん,唔——,和泉愛依,【左選んで～！】和泉愛依,うちに勝てる～？
和泉愛依\【左選んで～！】和泉愛依\うちに勝てる～？.csv,28,3019011010230,あさひ,……,……,和泉愛依,【左選んで～！】和泉愛依,うちに勝てる～？
和泉愛依\【左選んで～！】和泉愛依\うちに勝てる～？.csv,39,3019011010340,あさひ,"？　愛依ちゃんどうしたんすか？
早くするっす～","？　怎么了吗，爱依？
搞快点～",和泉愛依,【左選んで～！】和泉愛依,うちに勝てる～？
和泉愛依\【左選んで～！】和泉愛依\うちに勝てる～？.csv,44,3019011010390,あさひ,じゃあ──,那——,和泉愛依,【左選んで～！】和泉愛依,うちに勝てる～？
和泉愛依\【左選んで～！】和泉愛依\うちに勝てる～？.csv,46,3019011010410,あさひ,こっちっす！,这张！,和泉愛依,【左選んで～！】和泉愛依,うちに勝てる～？
和泉愛依\【左選んで～！】和泉愛依\うちに勝てる～？.csv,48,3019011010430,あさひ,"あははっ
当たりっす！","啊哈哈
抽对了！",和泉愛依,【左選んで～！】和泉愛依,うちに勝てる～？
和泉愛依\【左選んで～！】和泉愛依\うちに勝てる～？.csv,64,3019011010590,あさひ,冬優子ちゃんの勝ちっすね,是冬优子赢了呢,和泉愛依,【左選んで～！】和泉愛依,うちに勝てる～？
和泉愛依\【左選んで～！】和泉愛依\うちに勝てる～？.csv,68,3019011010611,あさひ＆冬優子,はい,好的,和泉愛依,【左選んで～！】和泉愛依,うちに勝てる～？
和泉愛依\【左選んで～！】和泉愛依\おはようございます！先輩！.csv,2,3019011020010,あさひ,……,……,和泉愛依,【左選んで～！】和泉愛依,おはようございます！先輩！
和泉愛依\【左選んで～！】和泉愛依\おはようございます！先輩！.csv,4,3019011020030,あさひ,？,？,和泉愛依,【左選んで～！】和泉愛依,おはようございます！先輩！
和泉愛依\【左選んで～！】和泉愛依\おはようございます！先輩！.csv,10,3019011020070,あさひ,一日,一天里,和泉愛依,【左選んで～！】和泉愛依,おはようございます！先輩！
和泉愛依\【左選んで～！】和泉愛依\おはようございます！先輩！.csv,14,3019011020110,あさひ,おはよっす！　愛依ちゃん！,早啊！　爱依！,和泉愛依,【左選んで～！】和泉愛依,おはようございます！先輩！
和泉愛依\【左選んで～！】和泉愛依\おはようございます！先輩！.csv,16,3019011020130,あさひ,……,……,和泉愛依,【左選んで～！】和泉愛依,おはようございます！先輩！
和泉愛依\【左選んで～！】和泉愛依\おはようございます！先輩！.csv,17,3019011020131,あさひ＆愛依,……,……,和泉愛依,【左選んで～！】和泉愛依,おはようございます！先輩！
和泉愛依\【左選んで～！】和泉愛依\おはようございます！先輩！.csv,19,3019011020150,あさひ,何かってなんすか？,什么意思？,和泉愛依,【左選んで～！】和泉愛依,おはようございます！先輩！
和泉愛依\【左選んで～！】和泉愛依\おはようございます！先輩！.csv,21,3019011020170,あさひ,そうっすね,是这样呢,和泉愛依,【左選んで～！】和泉愛依,おはようございます！先輩！
和泉愛依\【左選んで～！】和泉愛依\おはようございます！先輩！.csv,22,3019011020171,あさひ＆愛依,……,……,和泉愛依,【左選んで～！】和泉愛依,おはようございます！先輩！
和泉愛依\【左選んで～！】和泉愛依\おはようございます！先輩！.csv,25,3019011020200,あさひ,わかってるっすよ,我知道啊,和泉愛依,【左選んで～！】和泉愛依,おはようございます！先輩！
和泉愛依\【左選んで～！】和泉愛依\おはようございます！先輩！.csv,27,3019011020220,あさひ,愛依ちゃんになんすか？,给爱依什么？,和泉愛依,【左選んで～！】和泉愛依,おはようございます！先輩！
和泉愛依\【左選んで～！】和泉愛依\おはようございます！先輩！.csv,30,3019011020250,あさひ,愛依ちゃん？,爱依？,和泉愛依,【左選んで～！】和泉愛依,おはようございます！先輩！
和泉愛依\【左選んで～！】和泉愛依\おはようございます！先輩！.csv,32,3019011020270,あさひ,わかんないっすね,我不知道呢,和泉愛依,【左選んで～！】和泉愛依,おはようございます！先輩！
和泉愛依\【左選んで～！】和泉愛依\おはようございます！先輩！.csv,33,3019011020271,あさひ＆愛依,……,……,和泉愛依,【左選んで～！】和泉愛依,おはようございます！先輩！
和泉愛依\【左選んで～！】和泉愛依\放課後の買い食い～♪.csv,35,3019011030290,あさひ,あっ！,啊！,和泉愛依,【左選んで～！】和泉愛依,放課後の買い食い～♪
和泉愛依\【左選んで～！】和泉愛依\放課後の買い食い～♪.csv,42,3019011030360,あさひ,──これ！　美味しそっす！,——这个！　看起来很好吃！,和泉愛依,【左選んで～！】和泉愛依,放課後の買い食い～♪
和泉愛依\【左選んで～！】和泉愛依\放課後の買い食い～♪.csv,45,3019011030380,あさひ,はいっす！,是我！,和泉愛依,【左選んで～！】和泉愛依,放課後の買い食い～♪
和泉愛依\【左選んで～！】和泉愛依\放課後の買い食い～♪.csv,47,3019011030400,あさひ,本当っすか！？,真的吗！？,和泉愛依,【左選んで～！】和泉愛依,放課後の買い食い～♪
和泉愛依\【左選んで～！】和泉愛依\放課後の買い食い～♪.csv,49,3019011030420,あさひ,"えー！
なんでっすか～！","诶——！
为什么啊～！",和泉愛依,【左選んで～！】和泉愛依,放課後の買い食い～♪
和泉愛依\【左選んで～！】和泉愛依\放課後の買い食い～♪.csv,52,3019011030450,あさひ,"わかったっす！
じゃあそれで！","我知道了！
就这么办！",和泉愛依,【左選んで～！】和泉愛依,放課後の買い食い～♪
和泉愛依\【左選んで～！】和泉愛依\放課後の買い食い～♪.csv,59,3019011030520,あさひ,"冬優子ちゃーん！　愛依ちゃーん！
ケーキあるっすよ～！　次これ食べるっす～！","冬优子——！　爱依——！
这里有卖蛋糕～！　待会吃这个吧～！",和泉愛依,【左選んで～！】和泉愛依,放課後の買い食い～♪
和泉愛依\【左選んで～！】和泉愛依\放課後の買い食い～♪.csv,71,3019011030640,あさひ,"ふたりとも～！
早くするっす～！","你们两个～！
快跟上来～！",和泉愛依,【左選んで～！】和泉愛依,放課後の買い食い～♪
和泉愛依\【志道の覚悟】和泉愛依\うつっちゃった！？.csv,35,3019014020310,あさひ,あ、そういえば愛依ちゃん,啊，话说回来爱依啊,和泉愛依,【志道の覚悟】和泉愛依,うつっちゃった！？
和泉愛依\【志道の覚悟】和泉愛依\うつっちゃった！？.csv,37,3019014020330,あさひ,"たまにセリフ読んで
泣いてたっすけど……","念台词的时候
看你偶尔会哭出来……",和泉愛依,【志道の覚悟】和泉愛依,うつっちゃった！？
和泉愛依\【志道の覚悟】和泉愛依\うつっちゃった！？.csv,38,3019014020340,あさひ,あれ、なんでだったんすか？,那是因为什么呢？,和泉愛依,【志道の覚悟】和泉愛依,うつっちゃった！？
和泉愛依\【志道の覚悟】和泉愛依\うつっちゃった！？.csv,40,3019014020360,あさひ,"愛依ちゃんがやった人
死んじゃうからっすか？","是因为爱依演的那个人
会死掉吗",和泉愛依,【志道の覚悟】和泉愛依,うつっちゃった！？
和泉愛依\【志道の覚悟】和泉愛依\うつっちゃった！？.csv,42,3019014020380,あさひ,──この前の続きっすか？,——还在继续之前的那个吗？,和泉愛依,【志道の覚悟】和泉愛依,うつっちゃった！？
和泉愛依\【志道の覚悟】和泉愛依\うつっちゃった！？.csv,50,3019014020450,あさひ,"あははっ
チャンバラの続きもするっす！","啊哈哈
快来继续玩武士对决的说！",和泉愛依,【志道の覚悟】和泉愛依,うつっちゃった！？
和泉愛依\【志道の覚悟】和泉愛依\な、泣ける～～！.csv,34,3019014010220,あさひ,──そりゃーっ！,——我躲——！,和泉愛依,【志道の覚悟】和泉愛依,な、泣ける～～！
和泉愛依\【志道の覚悟】和泉愛依\な、泣ける～～！.csv,37,3019014010230,あさひ,"そんな振り方じゃ
当たらないよー","你那种挥剑方法
是砍不中我的哦——",和泉愛依,【志道の覚悟】和泉愛依,な、泣ける～～！
和泉愛依\【志道の覚悟】和泉愛依\な、泣ける～～！.csv,42,3019014010270,あさひ,今度はこっちから！,这次轮到我出招了！,和泉愛依,【志道の覚悟】和泉愛依,な、泣ける～～！
和泉愛依\【志道の覚悟】和泉愛依\な、泣ける～～！.csv,47,3019014010320,あさひ,あははっ、追いつめ──,啊哈哈，你被逼到绝境——,和泉愛依,【志道の覚悟】和泉愛依,な、泣ける～～！
和泉愛依\【志道の覚悟】和泉愛依\な、泣ける～～！.csv,49,3019014010340,あさひ,？,？,和泉愛依,【志道の覚悟】和泉愛依,な、泣ける～～！
和泉愛依\【志道の覚悟】和泉愛依\な、泣ける～～！.csv,50,3019014010350,あさひ,"あ！
ふたりも一緒にやるっすか？","啊！
你俩也要玩吗？",和泉愛依,【志道の覚悟】和泉愛依,な、泣ける～～！
和泉愛依\【志道の覚悟】和泉愛依\な、泣ける～～！.csv,57,3019014010390,あさひ,せっかく面白くなってきたのにー,明明刚感觉有趣起来了——,和泉愛依,【志道の覚悟】和泉愛依,な、泣ける～～！
和泉愛依\【志道の覚悟】和泉愛依\な、泣ける～～！.csv,62,3019014010431,あさひ＆冬優子,……？,……？,和泉愛依,【志道の覚悟】和泉愛依,な、泣ける～～！
和泉愛依\【志道の覚悟】和泉愛依\な、泣ける～～！.csv,64,3019014010450,あさひ,……？,……？,和泉愛依,【志道の覚悟】和泉愛依,な、泣ける～～！
和泉愛依\【志道の覚悟】和泉愛依\な、泣ける～～！.csv,66,3019014010470,あさひ,んっ……！,嗯……！,和泉愛依,【志道の覚悟】和泉愛依,な、泣ける～～！
和泉愛依\【志道の覚悟】和泉愛依\な、泣ける～～！.csv,69,3019014010500,あさひ,"あははっ
いっすね、やるっすよ！","啊哈哈
不错的说，来吧！",和泉愛依,【志道の覚悟】和泉愛依,な、泣ける～～！
和泉愛依\【獲るよ！】和泉愛依\【獲るよ！】和泉愛依01.csv,39,3019016010330,あさひ,いきなり何すか、これ,（怎么突然说这个）,和泉愛依,【獲るよ！】和泉愛依,【獲るよ！】和泉愛依01
和泉愛依\【獲るよ！】和泉愛依\【獲るよ！】和泉愛依02.csv,2,3019016020010,あさひ,それから、その先で,而且，在那之后,和泉愛依,【獲るよ！】和泉愛依,【獲るよ！】和泉愛依02
和泉愛依\【獲るよ！】和泉愛依\【獲るよ！】和泉愛依02.csv,7,3019016020060,あさひ,"あはは、愛依ちゃん
びっくりしてるっす","啊哈哈，爱依
很吃惊呢",和泉愛依,【獲るよ！】和泉愛依,【獲るよ！】和泉愛依02
和泉愛依\【獲るよ！】和泉愛依\【獲るよ！】和泉愛依02.csv,58,3019016020470,あさひ,おはよっすー,早上好！,和泉愛依,【獲るよ！】和泉愛依,【獲るよ！】和泉愛依02
和泉愛依\【獲るよ！】和泉愛依\【獲るよ！】和泉愛依02.csv,59,3019016020480,あさひ,"おっ、
愛依ちゃん、勉強っすか？","噢
爱依，在学习吗？",和泉愛依,【獲るよ！】和泉愛依,【獲るよ！】和泉愛依02
和泉愛依\【獲るよ！】和泉愛依\【獲るよ！】和泉愛依02.csv,62,3019016020510,あさひ,ほんとっすか！　わたしも宿題出てるっす！,真的吗！那我也要拿作业出来！,和泉愛依,【獲るよ！】和泉愛依,【獲るよ！】和泉愛依02
和泉愛依\【獲るよ！】和泉愛依\【獲るよ！】和泉愛依02.csv,63,3019016020520,あさひ,冬優子ちゃん、わたしにも──,冬优子，我也——,和泉愛依,【獲るよ！】和泉愛依,【獲るよ！】和泉愛依02
和泉愛依\【誓う～！】和泉愛依\301901501.csv,9,3019015010080,あさひ,わたしはいっすよ,我是无所谓的哟,和泉愛依,【誓う～！】和泉愛依,301901501
和泉愛依\【誓う～！】和泉愛依\301901501.csv,19,3019015010171,あさひ＆冬優子,そうなんすね,还有这种事情啊,和泉愛依,【誓う～！】和泉愛依,301901501
和泉愛依\【誓う～！】和泉愛依\301901501.csv,21,3019015010190,あさひ,ないっす,没有,和泉愛依,【誓う～！】和泉愛依,301901501
和泉愛依\【誓う～！】和泉愛依\301901501.csv,47,3019015010450,あさひ,"……？
なんすか？","……？
怎么？",和泉愛依,【誓う～！】和泉愛依,301901501
和泉愛依\【誓う～！】和泉愛依\301901501.csv,48,3019015010460,あさひ,"……でも、確かに愛依ちゃんは
小さい子に好かれる気がするっす","……但是，爱依确实会有一种
很受小孩子欢迎的感觉",和泉愛依,【誓う～！】和泉愛依,301901501
和泉愛依\【誓う～！】和泉愛依\301901501.csv,51,3019015010490,あさひ,"……？
なんでっすか？","……？
为什么啊？",和泉愛依,【誓う～！】和泉愛依,301901501
和泉愛依\【誓う～！】和泉愛依\301901502.csv,3,3019015020020,あさひ,"……
お腹空いたっす","……
肚子饿了",和泉愛依,【誓う～！】和泉愛依,301901502
和泉愛依\【誓う～！】和泉愛依\301901502.csv,5,3019015020040,あさひ,"雨降ってるから
めんどうっす","下雨了
好麻烦",和泉愛依,【誓う～！】和泉愛依,301901502
和泉愛依\【誓う～！】和泉愛依\301901502.csv,7,3019015020060,あさひ,なんもないっすよ,什么也没有,和泉愛依,【誓う～！】和泉愛依,301901502
和泉愛依\【誓う～！】和泉愛依\301901502.csv,8,3019015020070,あさひ,冬優子ちゃん、お菓子持ってないっすか？,冬优子，你身上有带零食吗？,和泉愛依,【誓う～！】和泉愛依,301901502
和泉愛依\【誓う～！】和泉愛依\301901502.csv,11,3019015020100,あさひ,"あ、愛依ちゃん！
何か食べ物ないっすか！","啊，是爱依！
身上有没有吃的！",和泉愛依,【誓う～！】和泉愛依,301901502
和泉愛依\【誓う～！】和泉愛依\301901502.csv,16,3019015020150,あさひ,"やったっすー！
何持ってるっすか！？","太好了！
有什么！？",和泉愛依,【誓う～！】和泉愛依,301901502
和泉愛依\【誓う～！】和泉愛依\301901502.csv,21,3019015020200,あさひ,はいっす～,好～,和泉愛依,【誓う～！】和泉愛依,301901502
和泉愛依\【誓う～！】和泉愛依\301901502.csv,24,3019015020221,あさひ＆冬優子,……,,和泉愛依,【誓う～！】和泉愛依,301901502
和泉愛依\【誓う～！】和泉愛依\301901502.csv,26,3019015020240,あさひ,"……
ちょっと固いっすね","……
有点硬",和泉愛依,【誓う～！】和泉愛依,301901502
和泉愛依\【誓う～！】和泉愛依\301901502.csv,30,3019015020280,あさひ,"うーん……
わたしはもう少し甘い方がいいっすね","嗯……
我感觉可以再甜一点",和泉愛依,【誓う～！】和泉愛依,301901502
和泉愛依\【誓う～！】和泉愛依\301901502.csv,35,3019015020330,あさひ,"おー
美味しそうっす～","哦～
看起来好好吃～",和泉愛依,【誓う～！】和泉愛依,301901502
和泉愛依\【誓う～！】和泉愛依\301901502.csv,38,3019015020360,あさひ,わたしは大きめがいっす！,我要大的！,和泉愛依,【誓う～！】和泉愛依,301901502
和泉愛依\【誓う～！】和泉愛依\301901502.csv,42,3019015020400,あさひ,半分？,一半？,和泉愛依,【誓う～！】和泉愛依,301901502
和泉愛依\【誓う～！】和泉愛依\301901502.csv,55,3019015020480,あさひ,……,,和泉愛依,【誓う～！】和泉愛依,301901502
和泉愛依\【誓う～！】和泉愛依\301901502.csv,56,3019015020490,あさひ,"わたしはいっぱいおやつ食べられるんで
ラッキーっす","我能吃到这么多零食
真走运",和泉愛依,【誓う～！】和泉愛依,301901502
和泉愛依\【誓う～！】和泉愛依\301901502.csv,57,3019015020500,あさひ,……今度はしょっぱいおやつがいっすね,……下次要吃咸味的零食,和泉愛依,【誓う～！】和泉愛依,301901502
和泉愛依\【誓う～！】和泉愛依\301901503.csv,7,3019015030060,あさひ,お疲れさまっす～,辛苦了～,和泉愛依,【誓う～！】和泉愛依,301901503
和泉愛依\【誓う～！】和泉愛依\301901503.csv,9,3019015030080,あさひ,"あれ
愛依ちゃんはいないっすか？","啊
爱依不在吗？",和泉愛依,【誓う～！】和泉愛依,301901503
和泉愛依\【誓う～！】和泉愛依\301901503.csv,11,3019015030100,あさひ,"１時間も早く入ったのに
大変なんすね、ドレスって","明明早来了一个小时哎
礼服真麻烦啊",和泉愛依,【誓う～！】和泉愛依,301901503
和泉愛依\【誓う～！】和泉愛依\301901503.csv,12,3019015030110,あさひ,わたしじゃなくてよかったっす,还好穿它的不是我,和泉愛依,【誓う～！】和泉愛依,301901503
和泉愛依\【誓う～！】和泉愛依\301901503.csv,13,3019015030120,あさひ,あ、愛依ちゃんからっす,啊，是爱依打来的,和泉愛依,【誓う～！】和泉愛依,301901503
和泉愛依\【誓う～！】和泉愛依\301901503.csv,15,3019015030140,あさひ,はいっす,喂喂喂,和泉愛依,【誓う～！】和泉愛依,301901503
和泉愛依\【誓う～！】和泉愛依\301901503.csv,17,3019015030160,あさひ,ちょうど今来たとこっすよ,刚到,和泉愛依,【誓う～！】和泉愛依,301901503
和泉愛依\【誓う～！】和泉愛依\301901503.csv,21,3019015030200,あさひ,わかったっす～,好嘞～,和泉愛依,【誓う～！】和泉愛依,301901503
和泉愛依\【誓う～！】和泉愛依\301901503.csv,24,3019015030230,あさひ,"あんまり動けないから
荷物持ってきてって言われたっす","因为不能四处走
所以让我去帮她拿行李",和泉愛依,【誓う～！】和泉愛依,301901503
和泉愛依\【誓う～！】和泉愛依\301901503.csv,27,3019015030260,あさひ,"……なんで冬優子ちゃんも来るっすか？
愛依ちゃんの荷物、ひとりで持てるのに","……冬优子也去吗？
爱依的行李，我一个人拿就可以了",和泉愛依,【誓う～！】和泉愛依,301901503
和泉愛依\【誓う～！】和泉愛依\301901503.csv,30,3019015030290,あさひ,へー……そうなんすね,诶……是这样吗,和泉愛依,【誓う～！】和泉愛依,301901503
和泉愛依\【誓う～！】和泉愛依\301901503.csv,32,3019015030310,あさひ,"ふーん……
わかったっす","哦……
知道了",和泉愛依,【誓う～！】和泉愛依,301901503
和泉愛依\【誓う～！】和泉愛依\301901503.csv,37,3019015030360,あさひ,"おー
なんかすごいっすね！","哇
好厉害啊！",和泉愛依,【誓う～！】和泉愛依,301901503
和泉愛依\【誓う～！】和泉愛依\301901503.csv,43,3019015030420,あさひ,"わたしたちが
後ろ持ってるから大丈夫っす！","后面
有我们扶着你没问题的！",和泉愛依,【誓う～！】和泉愛依,301901503
和泉愛依\【誓う～！】和泉愛依\301901503.csv,56,3019015030530,あさひ,"『健やかなるときも
病める時も』",“无论健康，或是疾病”,和泉愛依,【誓う～！】和泉愛依,301901503
和泉愛依\【誓う～！】和泉愛依\301901503.csv,58,3019015030550,あさひ,"そっす、順番に録ってったあれ
わざわざ言う意味があるっすかね","对啊，轮流录制的那个
特意这么说的那肯定有意义吧",和泉愛依,【誓う～！】和泉愛依,301901503
和泉愛依\【誓う～！】和泉愛依\301901503.csv,60,3019015030570,あさひ,"ふーん……？
愛依ちゃんはわかるっすか？","哦……？
爱依知道怎么回事吗？",和泉愛依,【誓う～！】和泉愛依,301901503
和泉愛依\【誓う～！】和泉愛依\301901503.csv,63,3019015030600,あさひ,そうなんすかね？,是这样吗？,和泉愛依,【誓う～！】和泉愛依,301901503
和泉愛依\【誓う～！】和泉愛依\301901503.csv,66,3019015030630,あさひ,なんすか？,是什么？,和泉愛依,【誓う～！】和泉愛依,301901503
和泉愛依\【＋『α』】和泉愛依\もっと美味しくなるっしょ♪.csv,16,3019006020120,あさひ,『面白い動画見つけたっす！』,“呜哇找到了有趣的视频！”,和泉愛依,【＋『α』】和泉愛依,もっと美味しくなるっしょ♪
和泉愛依\【＋『α』】和泉愛依\もっと美味しくなるっしょ♪.csv,20,3019006020160,あさひ,『これも面白いっす！』,“这个也很有意思！”,和泉愛依,【＋『α』】和泉愛依,もっと美味しくなるっしょ♪
和泉愛依\【＋『α』】和泉愛依\もっと美味しくなるっしょ♪.csv,29,3019006020250,あさひ,おなひものばっははへふの、ひゃひゃないっふか,老系次一样滴东西扑会觉得腻吗,和泉愛依,【＋『α』】和泉愛依,もっと美味しくなるっしょ♪
和泉愛依\【＋『α』】和泉愛依\もっと美味しくなるっしょ♪.csv,47,3019006020430,あさひ,またそれ食べてるんすね,你又在吃这个啊,和泉愛依,【＋『α』】和泉愛依,もっと美味しくなるっしょ♪
和泉愛依\【＋『α』】和泉愛依\もっと美味しくなるっしょ♪.csv,50,3019006020460,あさひ,それで何か変わるんすか？,加了会有什么改变吗？,和泉愛依,【＋『α』】和泉愛依,もっと美味しくなるっしょ♪
和泉愛依\【＋『α』】和泉愛依\もっと美味しくなるっしょ♪.csv,52,3019006020480,あさひ,……,……,和泉愛依,【＋『α』】和泉愛依,もっと美味しくなるっしょ♪
和泉愛依\【＋『α』】和泉愛依\もっと美味しくなるっしょ♪.csv,53,3019006020490,あさひ,あれ、美味しいっす！　全然違う！,咦，好好吃！完全不一样了！,和泉愛依,【＋『α』】和泉愛依,もっと美味しくなるっしょ♪
和泉愛依\【＋『α』】和泉愛依\パン、美味しい！.csv,12,3019006010060,あさひ,おはよっす～！,早安～！,和泉愛依,【＋『α』】和泉愛依,パン、美味しい！
和泉愛依\【＋『α』】和泉愛依\パン、美味しい！.csv,14,3019006010080,あさひ,それ、いつも食べてるっすね,你总是在吃这个呢,和泉愛依,【＋『α』】和泉愛依,パン、美味しい！
和泉愛依\【＋『α』】和泉愛依\パン、美味しい！.csv,16,3019006010100,あさひ,──もらうっす！,——我要吃！,和泉愛依,【＋『α』】和泉愛依,パン、美味しい！
和泉愛依\【＋『α』】和泉愛依\パン、美味しい！.csv,17,3019006010110,あさひ,……,……,和泉愛依,【＋『α』】和泉愛依,パン、美味しい！
和泉愛依\【＋『α』】和泉愛依\パン、美味しい！.csv,18,3019006010120,あさひ,はひはにおいひいっふね,真滴很好次呢,和泉愛依,【＋『α』】和泉愛依,パン、美味しい！
和泉愛依\【＋『α』】和泉愛依\パン、美味しい！.csv,20,3019006010140,あさひ,──へほ、いふもはべふほほひゃないっふ,——但也不至于每天都香次,和泉愛依,【＋『α』】和泉愛依,パン、美味しい！
和泉愛依\【＋『α』】和泉愛依\パン、美味しい！.csv,22,3019006010160,あさひ,"はいっふ
ほいふか、おなひものばっははへふの、ひゃひゃないっふか","对啊
载说，老系次一样滴东西扑会觉得腻吗",和泉愛依,【＋『α』】和泉愛依,パン、美味しい！
和泉愛依\【＋『α』】和泉愛依\パン、美味しい！.csv,29,3019006010230,あさひ,なふほほ、ひゃあはっほふ,原来系这样，那快开始吧,和泉愛依,【＋『α』】和泉愛依,パン、美味しい！
和泉愛依\【＋『α』】和泉愛依\パン、美味しい！.csv,32,3019006010260,あさひ,最近多いっすね,最近好多啊,和泉愛依,【＋『α』】和泉愛依,パン、美味しい！
和泉愛依\【＋『α』】和泉愛依\パン、美味しい！.csv,48,3019006010420,あさひ,どこ行くんすか？,你要去哪里啊？,和泉愛依,【＋『α』】和泉愛依,パン、美味しい！
和泉愛依\【＋『α』】和泉愛依\パン、美味しい！.csv,53,3019006010460,あさひ,……,……,和泉愛依,【＋『α』】和泉愛依,パン、美味しい！
和泉愛依\【＋『α』】和泉愛依\パン、美味しい！.csv,57,3019006010491,あさひ＆冬優子,？,？,和泉愛依,【＋『α』】和泉愛依,パン、美味しい！
和泉愛依\【２８３プロのヒナ】和泉愛依\カンタンに楽しも～.csv,4,3019002010030,あさひ,"愛依ちゃん愛依ちゃん
何やってるんすか？　それ","爱依爱依
你在干什么啊？　那是啥",和泉愛依,【２８３プロのヒナ】和泉愛依,カンタンに楽しも～
和泉愛依\【２８３プロのヒナ】和泉愛依\カンタンに楽しも～.csv,6,3019002010050,あさひ,どんなやつなんすか！　見たいっす～！,是怎么样的玩意啊！　我也想看～！,和泉愛依,【２８３プロのヒナ】和泉愛依,カンタンに楽しも～
和泉愛依\【２８３プロのヒナ】和泉愛依\カンタンに楽しも～.csv,10,3019002010090,あさひ,"え？
こうっすか？","诶？
这样吗？",和泉愛依,【２８３プロのヒナ】和泉愛依,カンタンに楽しも～
和泉愛依\【２８３プロのヒナ】和泉愛依\カンタンに楽しも～.csv,14,3019002010130,あさひ,"何してるんすか～
気になるっすよ～！　早く見せるっす～！","你在干什么啊～
别吊我胃口了～！　快让我看看～！",和泉愛依,【２８３プロのヒナ】和泉愛依,カンタンに楽しも～
和泉愛依\【２８３プロのヒナ】和泉愛依\カンタンに楽しも～.csv,16,3019002010150,あさひ,む～……愛依ちゃんのケチ～！,呜～……爱依个小气鬼～！,和泉愛依,【２８３プロのヒナ】和泉愛依,カンタンに楽しも～
和泉愛依\【２８３プロのヒナ】和泉愛依\カンタンに楽しも～.csv,19,3019002010180,あさひ,ん？　なんっすか？,嗯？　这啥啊？,和泉愛依,【２８３プロのヒナ】和泉愛依,カンタンに楽しも～
和泉愛依\【２８３プロのヒナ】和泉愛依\カンタンに楽しも～.csv,20,3019002010190,あさひ,"それよりさっきのアプリっす～！
どこにいったんすか～、あれは～！","比起这个快让我看刚才的软件～！
跑哪去了呢～，那玩意～！",和泉愛依,【２８３プロのヒナ】和泉愛依,カンタンに楽しも～
和泉愛依\【２８３プロのヒナ】和泉愛依\カンタンに楽しも～.csv,22,3019002010210,あさひ,見たら教えるっすよ！,我看了后你要告诉我哦！,和泉愛依,【２８３プロのヒナ】和泉愛依,カンタンに楽しも～
和泉愛依\【２８３プロのヒナ】和泉愛依\カンタンに楽しも～.csv,23,3019002010220,あさひ,──って、ええ～！？,——诶，什么～！？,和泉愛依,【２８３プロのヒナ】和泉愛依,カンタンに楽しも～
和泉愛依\【２８３プロのヒナ】和泉愛依\カンタンに楽しも～.csv,25,3019002010240,あさひ,わたしがスタンプになってるっす！,我变成贴图了！,和泉愛依,【２８３プロのヒナ】和泉愛依,カンタンに楽しも～
和泉愛依\【２８３プロのヒナ】和泉愛依\カンタンに楽しも～.csv,26,3019002010250,あさひ,"どうなってるんすか！　これ！
なんでこんなことができるんすか！　仕組み知りたいっす！","怎么做到的啊！　这个！
为什么能做出来啊！　我想知道它的原理！",和泉愛依,【２８３プロのヒナ】和泉愛依,カンタンに楽しも～
和泉愛依\【２８３プロのヒナ】和泉愛依\カンタンに楽しも～.csv,28,3019002010270,あさひ,"……なら、自分でやってみるしかないっすね……！
愛依ちゃん愛依ちゃん！　やり方、教えて欲しいっす！","……那么，只能自己尝试了……！
爱依爱依！　能告诉我该怎么做吗！",和泉愛依,【２８３プロのヒナ】和泉愛依,カンタンに楽しも～
和泉愛依\【２８３プロのヒナ】和泉愛依\カンタンに楽しも～.csv,30,3019002010290,あさひ,ふんふん……,嗯嗯……,和泉愛依,【２８３プロのヒナ】和泉愛依,カンタンに楽しも～
和泉愛依\【２８３プロのヒナ】和泉愛依\カンタンに楽しも～.csv,32,3019002010310,あさひ,了解っす！,了解！,和泉愛依,【２８３プロのヒナ】和泉愛依,カンタンに楽しも～
和泉愛依\【２８３プロのヒナ】和泉愛依\カンタンに楽しも～.csv,33,3019002010320,あさひ,愛依ちゃん、なんかポーズ取るっすよ！,爱依，摆个姿势吧！,和泉愛依,【２８３プロのヒナ】和泉愛依,カンタンに楽しも～
和泉愛依\【２８３プロのヒナ】和泉愛依\カンタンに楽しも～.csv,35,3019002010340,あさひ,"う～ん……なるほど、撮った写真を使うんすね……
あとは……","唔～……原来是这样，用拍好的照片……
然后……",和泉愛依,【２８３プロのヒナ】和泉愛依,カンタンに楽しも～
市川雛菜\【♡like】市川雛菜\PICTURE.csv,12,3023006010110,あさひ,これ、もう終わりなんすか？,这个，已经结束了吗？,市川雛菜,【♡like】市川雛菜,PICTURE
市川雛菜\【♡like】市川雛菜\PICTURE.csv,14,3023006010130,あさひ,へんなパーティーっすね！,是奇怪的派对呢！,市川雛菜,【♡like】市川雛菜,PICTURE
市川雛菜\【♡like】市川雛菜\PICTURE.csv,22,3023006010210,あさひ,"ふーん……
冬優子ちゃんとか愛依ちゃんとかも喜ぶっすかね？","唔——……
冬优子和爱依也会感到高兴吗？",市川雛菜,【♡like】市川雛菜,PICTURE
市川雛菜\【♡like】市川雛菜\PICTURE.csv,36,3023006010350,あさひ,隠れちゃうっすよー,被挡住啦——,市川雛菜,【♡like】市川雛菜,PICTURE
有馬かな\【Be white】有馬かな\1.ふたりのスター.csv,7,2802004010010,あさひ,Ｂ小町っす！,是Ｂ小町吧！,有馬かな,【Be white】有馬かな,1.ふたりのスター
有馬かな\【Be white】有馬かな\1.ふたりのスター.csv,11,2802004010020,あさひ,ふーん,嗯？,有馬かな,【Be white】有馬かな,1.ふたりのスター
有馬かな\【Be white】有馬かな\1.ふたりのスター.csv,13,2802004010030,あさひ,ピーマン体操？,青椒体操？,有馬かな,【Be white】有馬かな,1.ふたりのスター
有馬かな\【Be white】有馬かな\1.ふたりのスター.csv,21,2802004010080,あさひ,ピーマン体操ってなんすか？,青椒体操是什么？,有馬かな,【Be white】有馬かな,1.ふたりのスター
有馬かな\【Be white】有馬かな\1.ふたりのスター.csv,23,2802004010100,あさひ,なんでピーマンなんすか？,为什么是青椒？,有馬かな,【Be white】有馬かな,1.ふたりのスター
有馬かな\【Be white】有馬かな\1.ふたりのスター.csv,27,2802004010110,あさひ,よろしくお願いします,请多指教,有馬かな,【Be white】有馬かな,1.ふたりのスター
有馬かな\【Be white】有馬かな\1.ふたりのスター.csv,31,2802004010150,あさひ,はいっす！,好嘞！,有馬かな,【Be white】有馬かな,1.ふたりのスター
有馬かな\【Be white】有馬かな\1.ふたりのスター.csv,34,2802004010170,あさひ,それで、なんでピーマンなんすか？,所以，为什么是青椒啊？,有馬かな,【Be white】有馬かな,1.ふたりのスター
有馬かな\【Be white】有馬かな\2.ご期待に応えて.csv,2,2802004020010,あさひ,……あっ、まだあるっす！,……啊，还没撤掉呢！,有馬かな,【Be white】有馬かな,2.ご期待に応えて
有馬かな\【Be white】有馬かな\2.ご期待に応えて.csv,3,2802004020020,あさひ,コウモリゲームマシーン！,蝙蝠游戏的设备！,有馬かな,【Be white】有馬かな,2.ご期待に応えて
有馬かな\【Be white】有馬かな\2.ご期待に応えて.csv,4,2802004020030,あさひ,どのスイッチ押したら動くっすか……？,按哪里启动来着……？,有馬かな,【Be white】有馬かな,2.ご期待に応えて
有馬かな\【Be white】有馬かな\2.ご期待に応えて.csv,6,2802004020040,あさひ,え？,诶？,有馬かな,【Be white】有馬かな,2.ご期待に応えて
有馬かな\【Be white】有馬かな\2.ご期待に応えて.csv,8,2802004020050,あさひ,えー……,诶ー……,有馬かな,【Be white】有馬かな,2.ご期待に応えて
有馬かな\【Be white】有馬かな\2.ご期待に応えて.csv,23,2802004020090,あさひ,────かなちゃーん！　来るっす！,────加奈！　要来了！,有馬かな,【Be white】有馬かな,2.ご期待に応えて
有馬かな\【Be white】有馬かな\2.ご期待に応えて.csv,25,2802004020110,あさひ,"一緒に捕まえるっすよ！
早く早く！","咱们一起抓吧！
快来快来！",有馬かな,【Be white】有馬かな,2.ご期待に応えて
有馬かな\【Be white】有馬かな\3.どこまでいけるかな.csv,4,2802004110020,あさひ,がんばるっす！,交给我吧！,有馬かな,【Be white】有馬かな,3.どこまでいけるかな
有馬かな\【Be white】有馬かな\3.どこまでいけるかな.csv,7,2802004110030,あさひ,"プロデューサーさん！
早く！","制作人！
快开始吧！",有馬かな,【Be white】有馬かな,3.どこまでいけるかな
有馬かな\【Be white】有馬かな\3.どこまでいけるかな.csv,9,2802004110031,かな＆あさひ,……,……,有馬かな,【Be white】有馬かな,3.どこまでいけるかな
有馬かな\【Be white】有馬かな\3.どこまでいけるかな.csv,10,2802004110040,あさひ,…………,…………,有馬かな,【Be white】有馬かな,3.どこまでいけるかな
有馬かな\【Be white】有馬かな\3.どこまでいけるかな.csv,11,2802004110050,あさひ,っ！,！,有馬かな,【Be white】有馬かな,3.どこまでいけるかな
有馬かな\【Be white】有馬かな\3.どこまでいけるかな.csv,12,2802004110060,あさひ,そこっ！,那边！,有馬かな,【Be white】有馬かな,3.どこまでいけるかな
有馬かな\【Be white】有馬かな\3.どこまでいけるかな.csv,22,2802004110080,あさひ,はいっす！,好嘞！,有馬かな,【Be white】有馬かな,3.どこまでいけるかな
有馬かな\【Be white】有馬かな\3.どこまでいけるかな.csv,24,2802004110090,あさひ,"ほいほい……っと！
あっ！","嘿咻……哎！
啊！",有馬かな,【Be white】有馬かな,3.どこまでいけるかな
有馬かな\【Be white】有馬かな\3.どこまでいけるかな.csv,25,2802004110100,あさひ,"ミスったっす！
────かなちゃん！","漏掉了！
────加奈！",有馬かな,【Be white】有馬かな,3.どこまでいけるかな
有馬かな\【Be white】有馬かな\3.どこまでいけるかな.csv,27,2802004110120,あさひ,ありがとっす！,谢谢！,有馬かな,【Be white】有馬かな,3.どこまでいけるかな
有馬かな\【Be white】有馬かな\3.どこまでいけるかな.csv,29,2802004110140,あさひ,わかったっす！,知道了！,有馬かな,【Be white】有馬かな,3.どこまでいけるかな
有馬かな\【Be white】有馬かな\3.どこまでいけるかな.csv,30,2802004110150,あさひ,はあっ！,哈！,有馬かな,【Be white】有馬かな,3.どこまでいけるかな
有馬かな\【Be white】有馬かな\3.どこまでいけるかな.csv,36,2802004110210,あさひ,はいっす！,收到！,有馬かな,【Be white】有馬かな,3.どこまでいけるかな
有馬かな\【Be white】有馬かな\3.どこまでいけるかな.csv,39,2802004110230,あさひ,"かなちゃん、すごいっす！
次も！","加奈，好厉害！
下一个！",有馬かな,【Be white】有馬かな,3.どこまでいけるかな
有馬かな\【Be white】有馬かな\3.どこまでいけるかな.csv,41,2802004110250,あさひ,はいっす！,好的！,有馬かな,【Be white】有馬かな,3.どこまでいけるかな
有馬かな\【Be white】有馬かな\3.どこまでいけるかな.csv,47,2802004110270,あさひ,はいっす！,好！,有馬かな,【Be white】有馬かな,3.どこまでいけるかな
有馬かな\【Be white】有馬かな\3.どこまでいけるかな.csv,49,2802004110290,あさひ,やったっす……！,做到了……！,有馬かな,【Be white】有馬かな,3.どこまでいけるかな
有馬かな\【Be white】有馬かな\3.どこまでいけるかな.csv,53,2802004110310,あさひ,"楽しかったっすー！
かなちゃん、すごいっす！","玩得好开心ー！
加奈，太厉害了！",有馬かな,【Be white】有馬かな,3.どこまでいけるかな
有馬かな\【Be white】有馬かな\3.どこまでいけるかな.csv,57,2802004110350,あさひ,"はいっす！
ありがとっす、かなちゃん！","好的！
谢谢你，加奈！",有馬かな,【Be white】有馬かな,3.どこまでいけるかな
有馬かな\【Be white】有馬かな\3.どこまでいけるかな.csv,58,2802004110360,あさひ,それじゃ、もう一回いくっすよ！,那再来一把！,有馬かな,【Be white】有馬かな,3.どこまでいけるかな
浅倉透\【裏声であいつら】浅倉透\透明心臓.csv,5,3020011010040,あさひ,──────あっ,——————啊,浅倉透,【裏声であいつら】浅倉透,透明心臓
浅倉透\【裏声であいつら】浅倉透\透明心臓.csv,7,3020011010050,あさひ,"──っ
あ……書いたっす","——
啊……写好了的说",浅倉透,【裏声であいつら】浅倉透,透明心臓
浅倉透\【裏声であいつら】浅倉透\透明心臓.csv,10,3020011010060,あさひ,"……っ
待つ────","……
等————",浅倉透,【裏声であいつら】浅倉透,透明心臓
浅倉透\【裏声であいつら】浅倉透\透明心臓.csv,12,3020011010080,あさひ,──────,,浅倉透,【裏声であいつら】浅倉透,透明心臓
浅倉透\【裏声であいつら】浅倉透\透明心臓.csv,13,3020011010090,あさひ,────それって、自由時間ってことっすか？,————也就是说，是自由时间的说吗？,浅倉透,【裏声であいつら】浅倉透,透明心臓
浅倉透\【裏声であいつら】浅倉透\透明心臓.csv,17,3020011010110,あさひ,自由時間だったら、ちょっと行ってくるっす！,是自由时间的话，我出去一趟的说！,浅倉透,【裏声であいつら】浅倉透,透明心臓
浅倉透\【裏声であいつら】浅倉透\透明心臓.csv,20,3020011010130,あさひ,逃げたっす……！,逃走了的说……！,浅倉透,【裏声であいつら】浅倉透,透明心臓
浅倉透\【裏声であいつら】浅倉透\透明心臓.csv,22,3020011010131,あさひ,さっき、そこから────,刚才，从那里————,浅倉透,【裏声であいつら】浅倉透,透明心臓
浅倉透\【裏声であいつら】浅倉透\透明心臓.csv,23,3020011010140,あさひ,クマが逃げ出したっすよ…………！,熊逃走了的说…………！,浅倉透,【裏声であいつら】浅倉透,透明心臓
浅倉透\【裏声であいつら】浅倉透\透明心臓.csv,26,3020011010170,あさひ,…………,,浅倉透,【裏声であいつら】浅倉透,透明心臓
浅倉透\【裏声であいつら】浅倉透\透明心臓.csv,28,3020011010190,あさひ,…………っ,…………,浅倉透,【裏声であいつら】浅倉透,透明心臓
浅倉透\【裏声であいつら】浅倉透\透明心臓.csv,31,3020011010210,あさひ,…………,,浅倉透,【裏声であいつら】浅倉透,透明心臓
浅倉透\【裏声であいつら】浅倉透\透明心臓.csv,36,3020011010240,あさひ,"わたしっすか
ついてってないっす","我吗
没跟过去的说",浅倉透,【裏声であいつら】浅倉透,透明心臓
浅倉透\【裏声であいつら】浅倉透\透明心臓.csv,38,3020011010260,あさひ,見てるんじゃないっす,不是在看的说,浅倉透,【裏声であいつら】浅倉透,透明心臓
浅倉透\【裏声であいつら】浅倉透\透明心臓.csv,40,3020011010280,あさひ,調べてるっすよ,在调查的说,浅倉透,【裏声であいつら】浅倉透,透明心臓
浅倉透\【裏声であいつら】浅倉透\透明心臓.csv,41,3020011010290,あさひ,"やっぱり
透ちゃんっす！","果然
是透的说！",浅倉透,【裏声であいつら】浅倉透,透明心臓
浅倉透\【裏声であいつら】浅倉透\透明心臓.csv,44,3020011010320,あさひ,……っ,……,浅倉透,【裏声であいつら】浅倉透,透明心臓
浅倉透\【裏声であいつら】浅倉透\透明心臓.csv,45,3020011010330,あさひ,"えっ、そうっすよ
透ちゃんの声っす","诶，没错的说
是透的声音的说",浅倉透,【裏声であいつら】浅倉透,透明心臓
浅倉透\【裏声であいつら】浅倉透\透明心臓.csv,47,3020011010350,あさひ,"……っ
えっ……","……
诶……",浅倉透,【裏声であいつら】浅倉透,透明心臓
浅倉透\【裏声であいつら】浅倉透\透明心臓.csv,48,3020011010360,あさひ,違うっすか……！,错了的说吗……！,浅倉透,【裏声であいつら】浅倉透,透明心臓
浅倉透\【裏声であいつら】浅倉透\透明心臓.csv,52,3020011010400,あさひ,やっぱり透ちゃんっす！,果然是透的说！,浅倉透,【裏声であいつら】浅倉透,透明心臓
浅倉透\【裏声であいつら】浅倉透\透明心臓.csv,54,3020011010420,あさひ,なんで違うって言うっすか,为什么要说错了的说,浅倉透,【裏声であいつら】浅倉透,透明心臓
浅倉透\【裏声であいつら】浅倉透\透明心臓.csv,56,3020011010440,あさひ,怒られるっすか？,会被骂的说吗？,浅倉透,【裏声であいつら】浅倉透,透明心臓
浅倉透\【裏声であいつら】浅倉透\透明心臓.csv,58,3020011010460,あさひ,"仕事の時に、外行ったりしたら
怒られるっす","工作的时候，出去外面的话
会被骂的说",浅倉透,【裏声であいつら】浅倉透,透明心臓
浅倉透\【裏声であいつら】浅倉透\透明心臓.csv,62,3020011010500,あさひ,えっ,诶,浅倉透,【裏声であいつら】浅倉透,透明心臓
浅倉透\【裏声であいつら】浅倉透\透明心臓.csv,64,3020011010520,あさひ,────うわっ、重い……,————呜哇、好重……,浅倉透,【裏声であいつら】浅倉透,透明心臓
浅倉透\【裏声であいつら】浅倉透\透明心臓.csv,67,3020011010550,あさひ,"わたしは怒られないっすよ
自由時間っす","我是不会被生气的说
是自由时间的说",浅倉透,【裏声であいつら】浅倉透,透明心臓
浅倉透\【裏声であいつら】浅倉透\透明心臓.csv,69,3020011010570,あさひ,"……？
勝手にかぶせたっすよ","……？
是被擅自戴上的说",浅倉透,【裏声であいつら】浅倉透,透明心臓
浅倉透\【裏声であいつら】浅倉透\透明心臓.csv,71,3020011010590,あさひ,なんでここ来たっすか,为什么来这边了的说,浅倉透,【裏声であいつら】浅倉透,透明心臓
浅倉透\【裏声であいつら】浅倉透\透明心臓.csv,76,3020011010640,あさひ,帰るっすか,要回去的说吗,浅倉透,【裏声であいつら】浅倉透,透明心臓
芹沢あさひ\G.R.A.D.編\G.R.A.D.敗退コミュ②前.csv,2,1017003070010,あさひ,"──えっ、決勝戦っすか？
行ってもいいっすけど……","──诶，决赛吗？
去也可以……",芹沢あさひ,G.R.A.D.編,G.R.A.D.敗退コミュ②前
芹沢あさひ\G.R.A.D.編\G.R.A.D.敗退コミュ②前.csv,3,1017003070020,あさひ,出前も行きたいっす！,但外卖我也想去送！,芹沢あさひ,G.R.A.D.編,G.R.A.D.敗退コミュ②前
芹沢あさひ\G.R.A.D.編\G.R.A.D.敗退コミュ②後.csv,3,1017003070030,あさひ,いっすよ,没事,芹沢あさひ,G.R.A.D.編,G.R.A.D.敗退コミュ②後
芹沢あさひ\G.R.A.D.編\G.R.A.D.敗退コミュ②後.csv,4,1017003070040,あさひ,────…………,,芹沢あさひ,G.R.A.D.編,G.R.A.D.敗退コミュ②後
芹沢あさひ\G.R.A.D.編\G.R.A.D.敗退コミュ②後.csv,5,1017003070050,あさひ,帰るっす,我回去了,芹沢あさひ,G.R.A.D.編,G.R.A.D.敗退コミュ②後
芹沢あさひ\G.R.A.D.編\TV出演後コミュ①.csv,2,6017001000110010,あさひ,すごかったっすね！　プロデューサーさん！,好厉害啊！ 制作人！,芹沢あさひ,G.R.A.D.編,TV出演後コミュ①
芹沢あさひ\G.R.A.D.編\TV出演後コミュ①.csv,4,6017001000110020,あさひ,見たことがない機械がいっぱいだったっすよ～！,有好多没见过的机器啊～！,芹沢あさひ,G.R.A.D.編,TV出演後コミュ①
芹沢あさひ\G.R.A.D.編\TV出演後コミュ①.csv,6,6017001000110030,あさひ,"はいっす！
プロデューサーさん、もう１回、見てきていいっすか！","是的！
制作人，我再去看一次可以吗！",芹沢あさひ,G.R.A.D.編,TV出演後コミュ①
芹沢あさひ\G.R.A.D.編\TV出演後コミュ①.csv,8,6017001000110040,あさひ,やったっす～！　じゃあ見てくるっす！,太好了～！　那我去看了！,芹沢あさひ,G.R.A.D.編,TV出演後コミュ①
芹沢あさひ\G.R.A.D.編\TV出演後コミュ②.csv,2,6017001000210010,あさひ,プロデューサーさん！,制作人！,芹沢あさひ,G.R.A.D.編,TV出演後コミュ②
芹沢あさひ\G.R.A.D.編\TV出演後コミュ②.csv,4,6017001000210020,あさひ,"この前、自分が出ている番組、
まとめて見返してみたんすよ！","之前我自己出场的节目，
我集中看过了哦！",芹沢あさひ,G.R.A.D.編,TV出演後コミュ②
芹沢あさひ\G.R.A.D.編\TV出演後コミュ②.csv,7,6017001000210030,あさひ,"はいっす！
カメラに映った時の自分と普段の自分","是的！
相机拍的我和平时的我",芹沢あさひ,G.R.A.D.編,TV出演後コミュ②
芹沢あさひ\G.R.A.D.編\TV出演後コミュ②.csv,8,6017001000210040,あさひ,なんであんなに違って見えるんすかね,为什么看起来这么不一样呢,芹沢あさひ,G.R.A.D.編,TV出演後コミュ②
芹沢あさひ\G.R.A.D.編\TV出演後コミュ②.csv,9,6017001000210050,あさひ,今度カメラを分解してみようと思うっす！,这回我想把摄影机拆开看看！,芹沢あさひ,G.R.A.D.編,TV出演後コミュ②
芹沢あさひ\G.R.A.D.編\…….csv,13,1017003030010,あさひ,"────あははっ
ターンのとこ、もっかいやるっす！","————啊哈哈！
转身的那段，我想再做一次！",芹沢あさひ,G.R.A.D.編,……
芹沢あさひ\G.R.A.D.編\…….csv,15,1017003030020,あさひ,"えーっ、ターンのとこが楽しいっすよ～
もっかいやるっす～！","欸……转身的那段很好玩的～
再做一次～！",芹沢あさひ,G.R.A.D.編,……
芹沢あさひ\G.R.A.D.編\…….csv,17,1017003030030,あさひ,えーっ……,欸……,芹沢あさひ,G.R.A.D.編,……
芹沢あさひ\G.R.A.D.編\…….csv,18,1017003030040,あさひ,"本番なら大丈夫っすよ～
今日はターンやるっす～","表演我没关系的～
今天我想做转身～",芹沢あさひ,G.R.A.D.編,……
芹沢あさひ\G.R.A.D.編\…….csv,20,1017003030050,あさひ,"はいっ、いくっすよー！
１、２、３、４、５、６、７────","好，我上了！
１、２、３、４、５、６、７────",芹沢あさひ,G.R.A.D.編,……
芹沢あさひ\G.R.A.D.編\…….csv,21,1017003030060,あさひ,"ターン！！！
あはははは……！","转身！！！
啊哈哈哈哈……！",芹沢あさひ,G.R.A.D.編,……
芹沢あさひ\G.R.A.D.編\…….csv,32,1017003030070,あさひ,"え？　いいっすけど……
今日は師匠にハチマキ借りに行く日なんすよ","欸？  可以……
不过，今天是找师父借头巾的日子",芹沢あさひ,G.R.A.D.編,……
芹沢あさひ\G.R.A.D.編\…….csv,34,1017003030080,あさひ,"ええっ！　プロデューサーさんもお店行ったんすか！？
弟子になるっすか！？","欸欸？！  制作人也去了店里吗！？
也要做弟子吗！？",芹沢あさひ,G.R.A.D.編,……
芹沢あさひ\G.R.A.D.編\…….csv,39,1017003030090,あさひ,ジョギングじゃなくて修行っす！,不是跑步是修行！,芹沢あさひ,G.R.A.D.編,……
芹沢あさひ\G.R.A.D.編\…….csv,43,1017003030100,あさひ,……えっ,……欸？,芹沢あさひ,G.R.A.D.編,……
芹沢あさひ\G.R.A.D.編\…….csv,45,1017003030110,あさひ,"……？
練習はしてるっすよ","……？
我有在练习啊",芹沢あさひ,G.R.A.D.編,……
芹沢あさひ\G.R.A.D.編\…….csv,47,1017003030120,あさひ,それはプロデューサーさんのやりたいことじゃないんすか？,这不是制作人想做的事吗？,芹沢あさひ,G.R.A.D.編,……
芹沢あさひ\G.R.A.D.編\…….csv,49,1017003030130,あさひ,わたしは、修行も『G.R.A.D.』もやりたいっすよ,我的话，修行和“G.R.A.D”都想完成,芹沢あさひ,G.R.A.D.編,……
芹沢あさひ\G.R.A.D.編\………….csv,11,1017003040010,あさひ,あー、いないみたいっす！,啊，好像不在！,芹沢あさひ,G.R.A.D.編,…………
芹沢あさひ\G.R.A.D.編\………….csv,13,1017003040020,あさひ,"えーっ、ずるいっす！
わたしが持ちたいっすよ！","欸？你好小气！
我也想提外卖箱！",芹沢あさひ,G.R.A.D.編,…………
芹沢あさひ\G.R.A.D.編\………….csv,16,1017003040030,あさひ,"えーっ、そんなのすぐやれるっすよ！
プロデューサーさんはやれるっすか？","欸，这种事我马上就能做到了！
制作人可以吗？",芹沢あさひ,G.R.A.D.編,…………
芹沢あさひ\G.R.A.D.編\………….csv,18,1017003040040,あさひ,"えーっ
できるのにー","欸？
明明我可以的",芹沢あさひ,G.R.A.D.編,…………
芹沢あさひ\G.R.A.D.編\………….csv,20,1017003040050,あさひ,"プロデューサーさんは、心を込めて
『毎度ありがとうございます』できるっすか？","制作人能诚心诚意地说出
“谢谢惠顾”吗？",芹沢あさひ,G.R.A.D.編,…………
芹沢あさひ\G.R.A.D.編\………….csv,22,1017003040060,あさひ,"師匠が言ってたっす！
プロデューサーさんはできるって","师父说了！
制作人能做到",芹沢あさひ,G.R.A.D.編,…………
芹沢あさひ\G.R.A.D.編\………….csv,24,1017003040070,あさひ,そっすそっす！,是的是的！,芹沢あさひ,G.R.A.D.編,…………
芹沢あさひ\G.R.A.D.編\………….csv,26,1017003040080,あさひ,"へー、やったことなくてもできるんすね
じゃあ、簡単っす","哦？即使没做过也能做到啊
那，真简单",芹沢あさひ,G.R.A.D.編,…………
芹沢あさひ\G.R.A.D.編\………….csv,28,1017003040090,あさひ,……,,芹沢あさひ,G.R.A.D.編,…………
芹沢あさひ\G.R.A.D.編\………….csv,30,1017003040100,あさひ,────,,芹沢あさひ,G.R.A.D.編,…………
芹沢あさひ\G.R.A.D.編\………….csv,32,1017003040110,あさひ,"えーっ、丁寧ってなんすか？
音程とか違ってるっすか？","欸，认真是什么意思？
是我跑调了吗？",芹沢あさひ,G.R.A.D.編,…………
芹沢あさひ\G.R.A.D.編\………….csv,35,1017003040120,あさひ,"……？
すごい歌とすごいダンスだから観に来てくれるっすよ","……？
是为了厉害的歌和厉害的舞蹈而来的啊",芹沢あさひ,G.R.A.D.編,…………
芹沢あさひ\G.R.A.D.編\………….csv,37,1017003040130,あさひ,…………,,芹沢あさひ,G.R.A.D.編,…………
芹沢あさひ\G.R.A.D.編\………….csv,41,1017003040140,あさひ,…………,,芹沢あさひ,G.R.A.D.編,…………
芹沢あさひ\G.R.A.D.編\………….csv,44,1017003040150,あさひ,…………,,芹沢あさひ,G.R.A.D.編,…………
芹沢あさひ\G.R.A.D.編\………….csv,47,1017003040160,あさひ,なんか、つまんないっす,感觉，有点无聊,芹沢あさひ,G.R.A.D.編,…………
芹沢あさひ\G.R.A.D.編\すごい箱.csv,2,1017003010010,あさひ,…………,…………,芹沢あさひ,G.R.A.D.編,すごい箱
芹沢あさひ\G.R.A.D.編\すごい箱.csv,3,1017003010020,あさひ,……？,……？,芹沢あさひ,G.R.A.D.編,すごい箱
芹沢あさひ\G.R.A.D.編\すごい箱.csv,4,1017003010030,あさひ,…………っ,…………啊！,芹沢あさひ,G.R.A.D.編,すごい箱
芹沢あさひ\G.R.A.D.編\すごい箱.csv,5,1017003010040,あさひ,なんだろう、あれ…………,什么啊，那是…………,芹沢あさひ,G.R.A.D.編,すごい箱
芹沢あさひ\G.R.A.D.編\すごい箱.csv,6,1017003010050,あさひ,"────
かっこいい………………！","────
好帅………………！",芹沢あさひ,G.R.A.D.編,すごい箱
芹沢あさひ\G.R.A.D.編\すごい箱.csv,7,1017003010060,あさひ,じゃ、行ってくるっす！,那，我出去一趟！,芹沢あさひ,G.R.A.D.編,すごい箱
芹沢あさひ\G.R.A.D.編\すごい箱.csv,9,1017003010070,あさひ,"今日こそは見つけたいんっすよ
そしたら帰るっす！","我就想今天找到
然后再回家！",芹沢あさひ,G.R.A.D.編,すごい箱
芹沢あさひ\G.R.A.D.編\すごい箱.csv,11,1017003010080,あさひ,"──すごい乗り物なんすよ！
バイクの後ろに、揺れる箱が付いてて……","——那是很厉害的车子！
摩托车的后面，装着个摇动的箱子……",芹沢あさひ,G.R.A.D.編,すごい箱
芹沢あさひ\G.R.A.D.編\すごい箱.csv,13,1017003010090,あさひ,"とにかくかっこいいんす！
じゃ──！","总之很帅气啦！
我先走了——！",芹沢あさひ,G.R.A.D.編,すごい箱
芹沢あさひ\G.R.A.D.編\すごい箱.csv,16,1017003010100,あさひ,"──？
急いでるんすけど","——？
我正急着去呢",芹沢あさひ,G.R.A.D.編,すごい箱
芹沢あさひ\G.R.A.D.編\すごい箱.csv,19,1017003010110,あさひ,"……？
はいっす","……？
是呀",芹沢あさひ,G.R.A.D.編,すごい箱
芹沢あさひ\G.R.A.D.編\すごい箱.csv,21,1017003010120,あさひ,"──？
練習、ちゃんとしてるっすけど","……？
练习我有好好完成的",芹沢あさひ,G.R.A.D.編,すごい箱
芹沢あさひ\G.R.A.D.編\すごい箱.csv,25,1017003010130,あさひ,──？,──？,芹沢あさひ,G.R.A.D.編,すごい箱
芹沢あさひ\G.R.A.D.編\すごい箱.csv,26,1017003010140,あさひ,だから、ちゃんと練習すればいいってことっすよね？,也就是说，好好练习就行了是吧？,芹沢あさひ,G.R.A.D.編,すごい箱
芹沢あさひ\G.R.A.D.編\すごい箱.csv,28,1017003010150,あさひ,"あーっ、夕方になっちゃうっす……！
もっと時間かかるっすか？","啊！太阳要落山了……！
你还要再讲多久？",芹沢あさひ,G.R.A.D.編,すごい箱
芹沢あさひ\G.R.A.D.編\すごい箱.csv,31,1017003010160,あさひ,"はいっす！
また明日っす！","好的！
明天见！",芹沢あさひ,G.R.A.D.編,すごい箱
芹沢あさひ\G.R.A.D.編\すごい箱.csv,34,1017003010170,あさひ,わっせっ、わっせっ……！,嘿呦，嘿呦……！,芹沢あさひ,G.R.A.D.編,すごい箱
芹沢あさひ\G.R.A.D.編\すごい箱.csv,36,1017003010180,あさひ,"……わっせっ…………わっせっ
どこにいるかな～～！","……嘿呦…………嘿呦
你在哪呢～～！",芹沢あさひ,G.R.A.D.編,すごい箱
芹沢あさひ\G.R.A.D.編\すごい箱.csv,41,1017003010190,あさひ,あーっ！　いたーっ！,哇！　找到了！,芹沢あさひ,G.R.A.D.編,すごい箱
芹沢あさひ\G.R.A.D.編\すごい箱.csv,42,1017003010200,あさひ,"おーい！　おーーい……！
待ってほしいっす……！","喂！　喂！
等等我……！",芹沢あさひ,G.R.A.D.編,すごい箱
芹沢あさひ\G.R.A.D.編\予選前コミュ.csv,3,6017003010010,あさひ,当たり前っすよ,当然的,芹沢あさひ,G.R.A.D.編,予選前コミュ
芹沢あさひ\G.R.A.D.編\予選前コミュ.csv,7,6017003010020,あさひ,"……？
プロデューサーさん、負けるって思ってるっすか？","……？
制作人，你觉得我会输吗？",芹沢あさひ,G.R.A.D.編,予選前コミュ
芹沢あさひ\G.R.A.D.編\予選前コミュ.csv,9,6017003010030,あさひ,練習、いっぱいしたから大丈夫っすよ,练习，我做了很多所以没问题的,芹沢あさひ,G.R.A.D.編,予選前コミュ
芹沢あさひ\G.R.A.D.編\予選前コミュ.csv,11,6017003010040,あさひ,"プロデューサーさん
最近やな感じっすね",最近感觉制作人有点讨厌啊,芹沢あさひ,G.R.A.D.編,予選前コミュ
芹沢あさひ\G.R.A.D.編\予選前コミュ.csv,12,6017003010050,あさひ,"わたしが楽しみにしてること、
全部やな感じにするっす","把我期待的东西，
全部变得很讨厌",芹沢あさひ,G.R.A.D.編,予選前コミュ
芹沢あさひ\G.R.A.D.編\予選後コミュ 胜利.csv,2,6017003020010,あさひ,勝ったっす勝ったっす～！,赢了赢了～！,芹沢あさひ,G.R.A.D.編,予選後コミュ 胜利
芹沢あさひ\G.R.A.D.編\予選後コミュ 胜利.csv,4,6017003020020,あさひ,"あはは～、いっぱい練習したっすから
次は優勝っすね！","啊哈哈～，因为我做了很多练习
之后就是优胜了～！",芹沢あさひ,G.R.A.D.編,予選後コミュ 胜利
芹沢あさひ\G.R.A.D.編\予選後コミュ 胜利.csv,6,6017003020030,あさひ,"わたしが楽しみにしてること、
全部やな感じにするっす","把我期待的东西，
全部变得很讨厌",芹沢あさひ,G.R.A.D.編,予選後コミュ 胜利
芹沢あさひ\G.R.A.D.編\予選後コミュ 胜利.csv,7,6017003020040,あさひ,それはプロデューサーさんのやりたいことじゃないんすか？,这不是制作人想做的事吗？,芹沢あさひ,G.R.A.D.編,予選後コミュ 胜利
芹沢あさひ\G.R.A.D.編\予選後コミュ 胜利.csv,11,6017003020050,あさひ,はいっす～,好的～,芹沢あさひ,G.R.A.D.編,予選後コミュ 胜利
芹沢あさひ\G.R.A.D.編\予選後コミュ 胜利.csv,13,6017003020060,あさひ,……えっ？,……欸？,芹沢あさひ,G.R.A.D.編,予選後コミュ 胜利
芹沢あさひ\G.R.A.D.編\予選後コミュ 胜利.csv,15,6017003020070,あさひ,ほんとっすか～～～～！？,真的吗～～～～！？,芹沢あさひ,G.R.A.D.編,予選後コミュ 胜利
芹沢あさひ\G.R.A.D.編\予選後コミュ　敗北.csv,2,6017003030010,あさひ,"あ～あ……つまんないっすね～
早く帰るっす","啊～啊……真无聊～
快点回去吧",芹沢あさひ,G.R.A.D.編,予選後コミュ　敗北
芹沢あさひ\G.R.A.D.編\予選後コミュ　敗北.csv,4,6017003030020,あさひ,"わたしが楽しみにしてること、
全部やな感じにするっす","我很期待的东西，
全部变得很讨厌",芹沢あさひ,G.R.A.D.編,予選後コミュ　敗北
芹沢あさひ\G.R.A.D.編\予選後コミュ　敗北.csv,5,6017003030030,あさひ,それはプロデューサーさんのやりたいことじゃないんすか？,这不是制作人想做的事吗？,芹沢あさひ,G.R.A.D.編,予選後コミュ　敗北
芹沢あさひ\G.R.A.D.編\予選後コミュ　敗北.csv,8,6017003030040,あさひ,"……？
なんか言ってなかったっすか？","……？
刚才你说了什么吗？",芹沢あさひ,G.R.A.D.編,予選後コミュ　敗北
芹沢あさひ\G.R.A.D.編\予選後コミュ　敗北.csv,12,6017003030050,あさひ,"──うわぁ……！
一緒にやるっすか！？　あははっ","──呜哇……！
想一起来吗！？　啊哈哈",芹沢あさひ,G.R.A.D.編,予選後コミュ　敗北
芹沢あさひ\G.R.A.D.編\予選後コミュ　敗北.csv,13,6017003030060,あさひ,それじゃ今から行くっす！,那现在就去吧！,芹沢あさひ,G.R.A.D.編,予選後コミュ　敗北
芹沢あさひ\G.R.A.D.編\予選後コミュ　敗北.csv,15,6017003030070,あさひ,ほらほら～！　早くっす～！,行了行了～！　快点～！,芹沢あさひ,G.R.A.D.編,予選後コミュ　敗北
芹沢あさひ\G.R.A.D.編\决赛前剧情.csv,4,6017003070010,あさひ,…………,,芹沢あさひ,G.R.A.D.編,决赛前剧情
芹沢あさひ\G.R.A.D.編\决赛前剧情.csv,6,6017003070020,あさひ,"あはは～
いっぱい来てるっす！","啊哈哈～
来了好多人啊！",芹沢あさひ,G.R.A.D.編,决赛前剧情
芹沢あさひ\G.R.A.D.編\决赛前剧情.csv,9,6017003070030,あさひ,え？,欸？,芹沢あさひ,G.R.A.D.編,决赛前剧情
芹沢あさひ\G.R.A.D.編\决赛前剧情.csv,12,6017003070040,あさひ,"────出前と同じなら、
プロデューサーさんの方が上手いんじゃないっすか？","————和送外卖一样的话，
难道不是制作人做得更好吗？",芹沢あさひ,G.R.A.D.編,决赛前剧情
芹沢あさひ\G.R.A.D.編\决赛前剧情.csv,14,6017003070050,あさひ,"でも、プロデューサーさんに勝つっす！
コツつかんだっすから！","不过，我要赢过制作人！
因为我已经找到窍门了！",芹沢あさひ,G.R.A.D.編,决赛前剧情
芹沢あさひ\G.R.A.D.編\决赛前剧情.csv,15,6017003070060,あさひ,それじゃ行ってくるっす～！,那我去了～！,芹沢あさひ,G.R.A.D.編,决赛前剧情
芹沢あさひ\G.R.A.D.編\决赛后剧情 胜利.csv,3,6017003080010,あさひ,"あはは～
やったっす～！","啊哈哈～
做到了～!",芹沢あさひ,G.R.A.D.編,决赛后剧情 胜利
芹沢あさひ\G.R.A.D.編\决赛后剧情 胜利.csv,6,6017003080020,あさひ,これでプロデューサーさんに勝ったっすかね？,这样就赢了制作人了吧？,芹沢あさひ,G.R.A.D.編,决赛后剧情 胜利
芹沢あさひ\G.R.A.D.編\决赛后剧情 胜利.csv,8,6017003080030,あさひ,それじゃ出前も、勝つっすよね？,那送外卖，也是我赢了吧？,芹沢あさひ,G.R.A.D.編,决赛后剧情 胜利
芹沢あさひ\G.R.A.D.編\决赛后剧情 胜利.csv,10,6017003080040,あさひ,"────
毎度ありがとうございます","————
谢谢惠顾",芹沢あさひ,G.R.A.D.編,决赛后剧情 胜利
芹沢あさひ\G.R.A.D.編\决赛后剧情 胜利.csv,14,6017003080050,あさひ,そっす！,是的！,芹沢あさひ,G.R.A.D.編,决赛后剧情 胜利
芹沢あさひ\G.R.A.D.編\决赛后剧情 胜利.csv,17,6017003080060,あさひ,"……？　伝えられなかったら、
伝えられるようになればいいっす","……？  如果没传达到的话，
去变得能传达到就行了",芹沢あさひ,G.R.A.D.編,决赛后剧情 胜利
芹沢あさひ\G.R.A.D.編\决赛后剧情 胜利.csv,19,6017003080070,あさひ,"プロデューサーさんも
もっともっと修行っすね～！","制作人也要
继续、继续修行哦～！",芹沢あさひ,G.R.A.D.編,决赛后剧情 胜利
芹沢あさひ\G.R.A.D.編\出前っす.csv,4,1017003020010,あさひ,"出前っす！
そば、運ぶっす！","送外卖！
我要送荞麦面！",芹沢あさひ,G.R.A.D.編,出前っす
芹沢あさひ\G.R.A.D.編\出前っす.csv,7,1017003020020,あさひ,"じゃないっす！
出前についていくんっすよ","不是！
我要跟着去送外卖",芹沢あさひ,G.R.A.D.編,出前っす
芹沢あさひ\G.R.A.D.編\出前っす.csv,9,1017003020030,あさひ,"まぁ、そっすね
ほんとはひとりで行きたいっすけど！","是的
虽然我本想一个人送的",芹沢あさひ,G.R.A.D.編,出前っす
芹沢あさひ\G.R.A.D.編\出前っす.csv,11,1017003020040,あさひ,"何って……
一緒に走って、のびないうちにゴールするんす！","做什么嘛……
一起跑着，在面坨掉之前抵达终点！",芹沢あさひ,G.R.A.D.編,出前っす
芹沢あさひ\G.R.A.D.編\出前っす.csv,13,1017003020050,あさひ,"すごいんっすよ！　出前！
そばがのびちゃったらダメだし──",可厉害了！　送外卖！,芹沢あさひ,G.R.A.D.編,出前っす
芹沢あさひ\G.R.A.D.編\出前っす.csv,14,1017003020060,あさひ,"専用の箱があって、
汁もこぼれないように走らなきゃいけないんっすよねー","有专用的箱子，
在跑的时候，要让面汤不要漏出来！",芹沢あさひ,G.R.A.D.編,出前っす
芹沢あさひ\G.R.A.D.編\出前っす.csv,16,1017003020070,あさひ,えっ、ダメなんすか？,欸，不行吗？,芹沢あさひ,G.R.A.D.編,出前っす
芹沢あさひ\G.R.A.D.編\出前っす.csv,19,1017003020080,あさひ,"ああ、それは大丈夫っす！
師匠が、俺についてこいって言ったっす","啊，这不是问题！
师父说过，“就跟着我来吧”",芹沢あさひ,G.R.A.D.編,出前っす
芹沢あさひ\G.R.A.D.編\出前っす.csv,22,1017003020090,あさひ,商店街のそば屋さんっすよ！,是商业街荞麦面馆的！,芹沢あさひ,G.R.A.D.編,出前っす
芹沢あさひ\G.R.A.D.編\出前っす.csv,24,1017003020100,あさひ,"すごいバイクに乗ってるっす！
後ろに箱が付いてて、そばが３つ入るんっすよ！","他骑着很厉害的摩托车！
车后面装着箱子，里面有三份荞麦面！",芹沢あさひ,G.R.A.D.編,出前っす
芹沢あさひ\G.R.A.D.編\出前っす.csv,27,1017003020110,あさひ,それは師匠も言ってたっす,这点师父也说过了,芹沢あさひ,G.R.A.D.編,出前っす
芹沢あさひ\G.R.A.D.編\出前っす.csv,28,1017003020120,あさひ,"だから、師匠が自転車で行く時に、
ついていくことになったっす！","所以师父决定自己骑自行车，
然后我在后面跟着！",芹沢あさひ,G.R.A.D.編,出前っす
芹沢あさひ\G.R.A.D.編\出前っす.csv,30,1017003020130,あさひ,"だから、火曜と土曜の午後は
予定入れないでほしいっすよ","所以，我希望周二和周六下午
能给我空出时间来",芹沢あさひ,G.R.A.D.編,出前っす
芹沢あさひ\G.R.A.D.編\出前っす.csv,42,1017003020140,あさひ,ぶぅーーーーん……っ,轰轰————！,芹沢あさひ,G.R.A.D.編,出前っす
芹沢あさひ\G.R.A.D.編\出前っす.csv,44,1017003020150,あさひ,"あははっ！
急がないとのびちゃうっすよー！","啊哈哈！
不快点面要坨了哦—！",芹沢あさひ,G.R.A.D.編,出前っす
芹沢あさひ\G.R.A.D.編\出前っす.csv,47,1017003020160,あさひ,"……っ
そうだったっす……！","……哦！
确实如此……！",芹沢あさひ,G.R.A.D.編,出前っす
芹沢あさひ\G.R.A.D.編\出前っす.csv,49,1017003020170,あさひ,……？,,芹沢あさひ,G.R.A.D.編,出前っす
芹沢あさひ\G.R.A.D.編\出前っす.csv,51,1017003020180,あさひ,"っす！
走るっす～～！",跑咯～～！,芹沢あさひ,G.R.A.D.編,出前っす
芹沢あさひ\G.R.A.D.編\敗者復活前コミュ.csv,2,6017003040010,あさひ,なんで観に来るんすかねー,为什么来看呢,芹沢あさひ,G.R.A.D.編,敗者復活前コミュ
芹沢あさひ\G.R.A.D.編\敗者復活前コミュ.csv,4,6017003040020,あさひ,お客さんっす,客人,芹沢あさひ,G.R.A.D.編,敗者復活前コミュ
芹沢あさひ\G.R.A.D.編\敗者復活前コミュ.csv,5,6017003040030,あさひ,"ここにいるの、負けた人ばっかりだから上手くないし、
観たって面白くないっすよ","这里全是些输掉的人，做得又不好
看了也不会觉得有趣哦",芹沢あさひ,G.R.A.D.編,敗者復活前コミュ
芹沢あさひ\G.R.A.D.編\敗者復活前コミュ.csv,7,6017003040040,あさひ,わたしのは面白いっすけどね,虽然我倒是很有趣的啦,芹沢あさひ,G.R.A.D.編,敗者復活前コミュ
芹沢あさひ\G.R.A.D.編\敗者復活前コミュ.csv,8,6017003040050,あさひ,"ええっ……！
ずるいっす！　わたしの方が上手くできるっすよ！","诶诶……！
真狡猾！　我是能做得很好的哦！",芹沢あさひ,G.R.A.D.編,敗者復活前コミュ
芹沢あさひ\G.R.A.D.編\敗者復活前コミュ.csv,12,6017003040060,あさひ,……っ,……,芹沢あさひ,G.R.A.D.編,敗者復活前コミュ
芹沢あさひ\G.R.A.D.編\敗者復活前コミュ.csv,14,6017003040070,あさひ,"……あー
まぁ、わかったっす！","……啊
好，我知道了！",芹沢あさひ,G.R.A.D.編,敗者復活前コミュ
芹沢あさひ\G.R.A.D.編\敗者復活後コミュ　勝利.csv,2,6017003050010,あさひ,終わったっす～！,结束了～！,芹沢あさひ,G.R.A.D.編,敗者復活後コミュ　勝利
芹沢あさひ\G.R.A.D.編\敗者復活後コミュ　勝利.csv,4,6017003050020,あさひ,"はいっす
予選の時よりも、お客さんがぐわーって感じだったっす！","是的
比起预选的时候，客人们更有“哗──”的感觉呢！",芹沢あさひ,G.R.A.D.編,敗者復活後コミュ　勝利
芹沢あさひ\G.R.A.D.編\敗者復活後コミュ　勝利.csv,7,6017003050030,あさひ,"えっ
プロデューサーさんが言えって言ったんすよ","诶
制作人让我说我才说的哦",芹沢あさひ,G.R.A.D.編,敗者復活後コミュ　勝利
芹沢あさひ\G.R.A.D.編\敗者復活後コミュ　勝利.csv,10,6017003050040,あさひ,はいっすー,好的,芹沢あさひ,G.R.A.D.編,敗者復活後コミュ　勝利
芹沢あさひ\G.R.A.D.編\敗者復活後コミュ　敗北.csv,2,6017003060010,あさひ,……言ったっすよ,……我说了哦,芹沢あさひ,G.R.A.D.編,敗者復活後コミュ　敗北
芹沢あさひ\G.R.A.D.編\敗者復活後コミュ　敗北.csv,4,6017003060020,あさひ,"『毎度ありがとうございます』って言ったっすよ
ステージで","我过说“谢谢惠顾”了哦
在舞台上",芹沢あさひ,G.R.A.D.編,敗者復活後コミュ　敗北
芹沢あさひ\G.R.A.D.編\敗者復活後コミュ　敗北.csv,5,6017003060030,あさひ,でも、ダメだったっす,但是，没用,芹沢あさひ,G.R.A.D.編,敗者復活後コミュ　敗北
芹沢あさひ\G.R.A.D.編\敗者復活後コミュ　敗北.csv,7,6017003060040,あさひ,つまんないっす,无聊,芹沢あさひ,G.R.A.D.編,敗者復活後コミュ　敗北
芹沢あさひ\G.R.A.D.編\敗者復活後コミュ　敗北.csv,10,6017003060050,あさひ,…………,,芹沢あさひ,G.R.A.D.編,敗者復活後コミュ　敗北
芹沢あさひ\G.R.A.D.編\敗者復活後コミュ　敗北.csv,11,6017003060060,あさひ,…………,,芹沢あさひ,G.R.A.D.編,敗者復活後コミュ　敗北
芹沢あさひ\G.R.A.D.編\毎度ありがとうございます.csv,2,1017003090010,あさひ,"ちわっすー
そば一丁お届けに来たっすー","早—
一碗荞麦面送来了—",芹沢あさひ,G.R.A.D.編,毎度ありがとうございます
芹沢あさひ\G.R.A.D.編\毎度ありがとうございます.csv,4,1017003090020,あさひ,"大将に言われたっすよ、プロデューサーさんに差し入れって
大将も下まで来てるっす！","老板说了，这是慰劳品
老板也到楼下了！",芹沢あさひ,G.R.A.D.編,毎度ありがとうございます
芹沢あさひ\G.R.A.D.編\毎度ありがとうございます.csv,7,1017003090030,あさひ,"あはは～
はいっす！　卒業試験っす","啊哈哈～
是的！  这是毕业考试",芹沢あさひ,G.R.A.D.編,毎度ありがとうございます
芹沢あさひ\G.R.A.D.編\毎度ありがとうございます.csv,9,1017003090040,あさひ,"『G.R.A.D.』優勝して、忙しくなるっす
だからちゃんと卒業できるように、試験って言われたっす","“G.R.A.D.”获得优胜后变忙了
所以为了让我顺利毕业，师父说了要考试",芹沢あさひ,G.R.A.D.編,毎度ありがとうございます
芹沢あさひ\G.R.A.D.編\毎度ありがとうございます.csv,11,1017003090050,あさひ,"はいっす！　色々あるっすよ
揺れないようにどうやるかとか、熱いのどう持つかとか！","是的！  送外卖有各种要领
怎么不摇晃，怎么送热的东西之类！",芹沢あさひ,G.R.A.D.編,毎度ありがとうございます
芹沢あさひ\G.R.A.D.編\毎度ありがとうございます.csv,14,1017003090060,あさひ,"……？　いっぱいあるっすけど
でも、今忙しいから全部は教えられないっす！","……？  还有很多啊
不过，现在很忙所以没法全告诉你！",芹沢あさひ,G.R.A.D.編,毎度ありがとうございます
芹沢あさひ\G.R.A.D.編\毎度ありがとうございます.csv,16,1017003090070,あさひ,"プロデューサーさん
そんなのはいいっすから────","制作人
这种就没必要了————",芹沢あさひ,G.R.A.D.編,毎度ありがとうございます
芹沢あさひ\G.R.A.D.編\毎度ありがとうございます.csv,17,1017003090080,あさひ,"はい！　どうぞっす！
師匠のそば、玉子がとろとろなうちに食べてほしいっす！","请！  吃吧！
师父的荞麦面，希望你能在鸡蛋还很软的时候吃！",芹沢あさひ,G.R.A.D.編,毎度ありがとうございます
芹沢あさひ\G.R.A.D.編\毎度ありがとうございます.csv,19,1017003090090,あさひ,師匠は、早く食べてもらえって言ってたっすよ,师父说了，希望你能早点吃,芹沢あさひ,G.R.A.D.編,毎度ありがとうございます
芹沢あさひ\G.R.A.D.編\毎度ありがとうございます.csv,20,1017003090100,あさひ,"内緒なんすけど、『美味しい』か『ありがとう』って
言ってもらえたら出前に戻れるっす！","虽然这是秘密，但是你一旦说出“好吃”或者“谢谢”
我就能回去继续送外卖了！",芹沢あさひ,G.R.A.D.編,毎度ありがとうございます
芹沢あさひ\G.R.A.D.編\毎度ありがとうございます.csv,21,1017003090110,あさひ,だから、早くどっちか言ってほしいっすよ～！,所以，希望你能早点说其中一个～！,芹沢あさひ,G.R.A.D.編,毎度ありがとうございます
芹沢あさひ\G.R.A.D.編\毎度ありがとうございます.csv,24,1017003090120,あさひ,"……！
どうっすか……！？","……！
怎么样……！？",芹沢あさひ,G.R.A.D.編,毎度ありがとうございます
芹沢あさひ\G.R.A.D.編\毎度ありがとうございます.csv,26,1017003090130,あさひ,"わぁ……っ！　やったっすー！
それじゃ、出前戻るっす！","哇……！  成功了！
那，我回去送外卖了！",芹沢あさひ,G.R.A.D.編,毎度ありがとうございます
芹沢あさひ\G.R.A.D.編\毎度ありがとうございます.csv,28,1017003090140,あさひ,"プロデューサーさんは早く食べるっすよ！
帰りにどんぶり取りに来るんっすから！","制作人早点吃吧！
我要回去拿盖浇饭了！",芹沢あさひ,G.R.A.D.編,毎度ありがとうございます
芹沢あさひ\G.R.A.D.編\毎度ありがとうございます.csv,30,1017003090150,あさひ,はいっすー,好的,芹沢あさひ,G.R.A.D.編,毎度ありがとうございます
芹沢あさひ\G.R.A.D.編\毎度ありがとうございます.csv,31,1017003090160,あさひ,"プロデューサーさん
毎度ありがとうございます！","制作人
谢谢惠顾！",芹沢あさひ,G.R.A.D.編,毎度ありがとうございます
芹沢あさひ\G.R.A.D.編\競争っす.csv,8,1017003050010,あさひ,"──プロデューサーさん……！
来たっすか！","——制作人……！
你来了啊！",芹沢あさひ,G.R.A.D.編,競争っす
芹沢あさひ\G.R.A.D.編\競争っす.csv,10,1017003050020,あさひ,"大変っす！
師匠が手、やけどしちゃったっす！","不好了！
师父的手烧伤了！",芹沢あさひ,G.R.A.D.編,競争っす
芹沢あさひ\G.R.A.D.編\競争っす.csv,13,1017003050030,あさひ,"師匠、わたしが出前行くっすよ！
それ貸してほしいっす！","师父，我来去送外卖！
把那个给我吧！",芹沢あさひ,G.R.A.D.編,競争っす
芹沢あさひ\G.R.A.D.編\競争っす.csv,15,1017003050040,あさひ,"ええっ、ダメっすよ！
行くっす行くっす！","欸，不要啊！
我要去我要去！",芹沢あさひ,G.R.A.D.編,競争っす
芹沢あさひ\G.R.A.D.編\競争っす.csv,18,1017003050050,あさひ,"プロデューサーさんは、心を込めて
『毎度ありがとうございます』できるっすか？","制作人能诚心诚意地说出
“谢谢惠顾”吗？",芹沢あさひ,G.R.A.D.編,競争っす
芹沢あさひ\G.R.A.D.編\競争っす.csv,20,1017003050060,あさひ,……っ,……啊！,芹沢あさひ,G.R.A.D.編,競争っす
芹沢あさひ\G.R.A.D.編\競争っす.csv,22,1017003050070,あさひ,"……
意味がわからないっす","……
我不懂这是什么意思",芹沢あさひ,G.R.A.D.編,競争っす
芹沢あさひ\G.R.A.D.編\競争っす.csv,24,1017003050080,あさひ,"ええっ……！
ずるいっす！　わたしの方が上手くできるっすよ！","欸欸……
你好坏！  让我送外卖才更好！",芹沢あさひ,G.R.A.D.編,競争っす
芹沢あさひ\G.R.A.D.編\競争っす.csv,29,1017003050090,あさひ,…………,,芹沢あさひ,G.R.A.D.編,競争っす
芹沢あさひ\G.R.A.D.編\競争っす.csv,31,1017003050100,あさひ,"３丁目から行くっすよ
３丁目の方が近いっす","先去3街
3街更近",芹沢あさひ,G.R.A.D.編,競争っす
芹沢あさひ\G.R.A.D.編\競争っす.csv,33,1017003050110,あさひ,"────
絶対わたしの方が上手くできるのに……","————
都说了绝对是我送外卖更好……",芹沢あさひ,G.R.A.D.編,競争っす
芹沢あさひ\G.R.A.D.編\競争っす.csv,34,1017003050120,あさひ,"２丁目の人、熱いの苦手っす
あと、柔らかいそばが好きっす","2街的人怕烫
而且，喜欢软的荞麦面",芹沢あさひ,G.R.A.D.編,競争っす
芹沢あさひ\G.R.A.D.編\競争っす.csv,35,1017003050130,あさひ,"３丁目は近道あるっすから
先に行く方が効率いいっす","3街有条近路
所以先去3街更有效率",芹沢あさひ,G.R.A.D.編,競争っす
芹沢あさひ\G.R.A.D.編\競争っす.csv,37,1017003050140,あさひ,"注文する人の家、
全部覚えてるっすよ","点餐的人的家在哪，
我全都记住了",芹沢あさひ,G.R.A.D.編,競争っす
芹沢あさひ\G.R.A.D.編\競争っす.csv,39,1017003050150,あさひ,"２丁目の人、おじいちゃんとおばあちゃんで
３丁目は会社っす。顔と電話番号も全部覚えてるっす","2街的是老爷爷和老奶奶
3街的是个公司。长相和电话号码我全记住了",芹沢あさひ,G.R.A.D.編,競争っす
芹沢あさひ\G.R.A.D.編\競争っす.csv,41,1017003050160,あさひ,"だから言ったっすよ
プロデューサーさんよりわたしの方が上手くできるって","所以我都说了
送外卖我做得比制作人更好",芹沢あさひ,G.R.A.D.編,競争っす
芹沢あさひ\G.R.A.D.編\競争っす.csv,43,1017003050170,あさひ,じゃあその岡持ち、貸してほしいっす！,那你把外卖盒给我吧！,芹沢あさひ,G.R.A.D.編,競争っす
芹沢あさひ\G.R.A.D.編\競争っす.csv,46,1017003050180,あさひ,"……！
はいっす……","……！
好的……",芹沢あさひ,G.R.A.D.編,競争っす
芹沢あさひ\G.R.A.D.編\競争っす.csv,49,1017003050190,あさひ,"そっす！
これ、850円と800円っす","是的！
这个，850日元和800日元",芹沢あさひ,G.R.A.D.編,競争っす
芹沢あさひ\G.R.A.D.編\競争っす.csv,54,1017003050200,あさひ,…………,,芹沢あさひ,G.R.A.D.編,競争っす
芹沢あさひ\G.R.A.D.編\競争っす.csv,57,1017003050210,あさひ,"…………
早く戻らないと、次の出前できないっすよ","…………
不早点回去的话，就没法送下一个外卖了",芹沢あさひ,G.R.A.D.編,競争っす
芹沢あさひ\G.R.A.D.編\競争っす.csv,61,1017003050220,あさひ,"……
いっすよ、また来るっす","……
行吧，我还会来的",芹沢あさひ,G.R.A.D.編,競争っす
芹沢あさひ\G.R.A.D.編\競争っす.csv,68,1017003050230,あさひ,…………,,芹沢あさひ,G.R.A.D.編,競争っす
芹沢あさひ\G.R.A.D.編\競争っす.csv,69,1017003050240,あさひ,…………,,芹沢あさひ,G.R.A.D.編,競争っす
芹沢あさひ\G.R.A.D.編\競争っす.csv,73,1017003050250,あさひ,…………,,芹沢あさひ,G.R.A.D.編,競争っす
芹沢あさひ\G.R.A.D.編\競争っす.csv,75,1017003050260,あさひ,"────
毎度ありがとうございます","────
多谢每次惠顾",芹沢あさひ,G.R.A.D.編,競争っす
芹沢あさひ\G.R.A.D.編\競争っす.csv,77,1017003050270,あさひ,"……早く食べるっすよ！
部屋まで持ってくっす！","……你尽早吃吧！
我送到你房间里！",芹沢あさひ,G.R.A.D.編,競争っす
芹沢あさひ\Landing Point編\1曲目前コミュ《ユニット》.csv,4,5005004010020,あさひ,早くやりたいっすよ,想早点上场哦,芹沢あさひ,Landing Point編,1曲目前コミュ《ユニット》
芹沢あさひ\Landing Point編\1曲目前コミュ《ユニット》.csv,7,5005004010100,あさひ,わたしも負けないっすよ！,我也不会输的哦！,芹沢あさひ,Landing Point編,1曲目前コミュ《ユニット》
芹沢あさひ\Landing Point編\1曲目前コミュ《ユニット》.csv,10,5005004010121,あさひ＆愛依,おー！,哦！,芹沢あさひ,Landing Point編,1曲目前コミュ《ユニット》
芹沢あさひ\Landing Point編\1曲目前コミュ《ユニット限定》.csv,4,5005004010020,あさひ,早くやりたいっすよ,想早点上场哦,芹沢あさひ,Landing Point編,1曲目前コミュ《ユニット限定》
芹沢あさひ\Landing Point編\1曲目前コミュ《ユニット限定》.csv,9,5005004010061,あさひ＆愛依,はーい,好——,芹沢あさひ,Landing Point編,1曲目前コミュ《ユニット限定》
芹沢あさひ\Landing Point編\1曲目前コミュ《ユニット限定》.csv,11,5005004010071,あさひ＆愛依,…………,,芹沢あさひ,Landing Point編,1曲目前コミュ《ユニット限定》
芹沢あさひ\Landing Point編\1曲目前コミュ《ユニット限定》.csv,14,5005004010100,あさひ,わたしも負けないっすよ！,我也不会输的哦！,芹沢あさひ,Landing Point編,1曲目前コミュ《ユニット限定》
芹沢あさひ\Landing Point編\1曲目前コミュ《ユニット限定》.csv,17,5005004010121,あさひ＆愛依,おー！,哦！,芹沢あさひ,Landing Point編,1曲目前コミュ《ユニット限定》
芹沢あさひ\Landing Point編\2曲目前コミュ《ユニット限定》.csv,6,5005004030050,あさひ,"おーっ
すごい綺麗っす！","哦——
好漂亮啊！",芹沢あさひ,Landing Point編,2曲目前コミュ《ユニット限定》
芹沢あさひ\Landing Point編\3曲目前コミュ《ユニット限定》.csv,11,5005004040080,あさひ,"やるっすよ！
楽しそうっす！","来吧！
感觉会很开心",芹沢あさひ,Landing Point編,3曲目前コミュ《ユニット限定》
芹沢あさひ\Landing Point編\3曲目前コミュ《ユニット限定》.csv,15,5005004040120,あさひ,ふんふん……,嗯嗯……,芹沢あさひ,Landing Point編,3曲目前コミュ《ユニット限定》
芹沢あさひ\Landing Point編\3曲目前コミュ《ユニット限定》.csv,17,5005004040140,あさひ,"じゃあ、そっちにもダッシュするっす！
間奏の間ならいけるっすよ！","那么，我就冲到那边去！
在间奏期间的话能做到的哦！",芹沢あさひ,Landing Point編,3曲目前コミュ《ユニット限定》
芹沢あさひ\Landing Point編\あーあーあー.csv,2,1017004040010,あさひ,は～～～,哈～～～,芹沢あさひ,Landing Point編,あーあーあー
芹沢あさひ\Landing Point編\あーあーあー.csv,4,1017004040020,あさひ,はいっす,是的,芹沢あさひ,Landing Point編,あーあーあー
芹沢あさひ\Landing Point編\あーあーあー.csv,5,1017004040030,あさひ,結構船いるっすね,有不少船啊,芹沢あさひ,Landing Point編,あーあーあー
芹沢あさひ\Landing Point編\あーあーあー.csv,8,1017004040040,あさひ,そっすね……,是的……,芹沢あさひ,Landing Point編,あーあーあー
芹沢あさひ\Landing Point編\あーあーあー.csv,9,1017004040050,あさひ,"でも、あっちの小さい方が楽しそうっす
変な機械があったやつ","但是，那艘小的更好玩
有奇怪的机器的那艘",芹沢あさひ,Landing Point編,あーあーあー
芹沢あさひ\Landing Point編\あーあーあー.csv,11,1017004040060,あさひ,────あっ,────啊,芹沢あさひ,Landing Point編,あーあーあー
芹沢あさひ\Landing Point編\あーあーあー.csv,12,1017004040070,あさひ,……いた,……找到了,芹沢あさひ,Landing Point編,あーあーあー
芹沢あさひ\Landing Point編\あーあーあー.csv,14,1017004040080,あさひ,あの人っす！,是那个人！,芹沢あさひ,Landing Point編,あーあーあー
芹沢あさひ\Landing Point編\あーあーあー.csv,16,1017004040090,あさひ,この船、乗るっすか！？,这艘船，能坐吗！？,芹沢あさひ,Landing Point編,あーあーあー
芹沢あさひ\Landing Point編\あーあーあー.csv,19,1017004040100,あさひ,"これってどうやったら動くっすか？
どのくらいのスピードなんすか？","这个是怎么才动起来的呢？
速度有多快呢？",芹沢あさひ,Landing Point編,あーあーあー
芹沢あさひ\Landing Point編\あーあーあー.csv,22,1017004040110,あさひ,"乗ってみたいっす！
乗せてくれないっすか？","我想坐！
能让我坐吗？",芹沢あさひ,Landing Point編,あーあーあー
芹沢あさひ\Landing Point編\あーあーあー.csv,24,1017004040120,あさひ,"ほんとっすか！？
やったっす！","真的吗！？
太好了！",芹沢あさひ,Landing Point編,あーあーあー
芹沢あさひ\Landing Point編\あーあーあー.csv,28,1017004040130,あさひ,"人も、車も、全部
頭の上にあるっす～！","人也是，车也是，全部
都在头顶上～！",芹沢あさひ,Landing Point編,あーあーあー
芹沢あさひ\Landing Point編\あーあーあー.csv,29,1017004040140,あさひ,"プロデューサーさん！
あそこ、撮影で行ったことあるっすよね！？","制作人！
那边是去摄影过的地方吧！？",芹沢あさひ,Landing Point編,あーあーあー
芹沢あさひ\Landing Point編\あーあーあー.csv,31,1017004040150,あさひ,"うわ～！　あそこ！
ビルの根っこみたいっす！","呜哇～！　那边！
看起来像大楼的根一样！",芹沢あさひ,Landing Point編,あーあーあー
芹沢あさひ\Landing Point編\あーあーあー.csv,34,1017004040160,あさひ,"あはは～！
おーい！","啊哈哈～！
喂！",芹沢あさひ,Landing Point編,あーあーあー
芹沢あさひ\Landing Point編\あーあーあー.csv,35,1017004040170,あさひ,あっちの船の人、手を振ってくれたっすよ！,那边船上的人，在朝这边招手哦！,芹沢あさひ,Landing Point編,あーあーあー
芹沢あさひ\Landing Point編\あーあーあー.csv,39,1017004040180,あさひ,"うわっ、鳥っす！
こっち来ないっすかね～！","哇，鸟儿！
不朝这边来吗～！",芹沢あさひ,Landing Point編,あーあーあー
芹沢あさひ\Landing Point編\あーあーあー.csv,41,1017004040190,あさひ,"あっ、そうだ！　お姉さん
あの機械ってなんすか？　テレビっすか？","啊，对了！　姐姐
那个机器是什么？　电视吗？",芹沢あさひ,Landing Point編,あーあーあー
芹沢あさひ\Landing Point編\あーあーあー.csv,43,1017004040200,あさひ,"えっ、魚群！？
魚、探せるんすか？","诶，鱼群！？
能找到鱼吗？",芹沢あさひ,Landing Point編,あーあーあー
芹沢あさひ\Landing Point編\あーあーあー.csv,46,1017004040210,あさひ,"わー……
このデコボコの形はどういう意味っすか！？","哇……
这个凹凸不平的形状是什么意思呢！？",芹沢あさひ,Landing Point編,あーあーあー
芹沢あさひ\Landing Point編\あーあーあー.csv,49,1017004040220,あさひ,魚は？　魚はいるっすか？,鱼呢？　有鱼吗？,芹沢あさひ,Landing Point編,あーあーあー
芹沢あさひ\Landing Point編\あーあーあー.csv,52,1017004040230,あさひ,"ふう～ん！
すごいっすね……！","呼～嗯！
真厉害啊……！",芹沢あさひ,Landing Point編,あーあーあー
芹沢あさひ\Landing Point編\あーあーあー.csv,53,1017004040240,あさひ,なんでわかるんだろ……,为什么能知道呢……,芹沢あさひ,Landing Point編,あーあーあー
芹沢あさひ\Landing Point編\あーあーあー.csv,55,1017004040250,あさひ,超音波？,超声波？,芹沢あさひ,Landing Point編,あーあーあー
芹沢あさひ\Landing Point編\あーあーあー.csv,58,1017004040260,あさひ,ふんふん、音で……,嗯嗯，靠声音……,芹沢あさひ,Landing Point編,あーあーあー
芹沢あさひ\Landing Point編\あーあーあー.csv,59,1017004040270,あさひ,あー,啊——,芹沢あさひ,Landing Point編,あーあーあー
芹沢あさひ\Landing Point編\あーあーあー.csv,61,1017004040280,あさひ,"あー
あーあーあー","啊——
啊——啊——啊——",芹沢あさひ,Landing Point編,あーあーあー
芹沢あさひ\Landing Point編\あーあーあー.csv,62,1017004040290,あさひ,あははっ、なんもわかんないっす,啊哈哈，怎么也搞不懂,芹沢あさひ,Landing Point編,あーあーあー
芹沢あさひ\Landing Point編\あーあーあー.csv,63,1017004040300,あさひ,"なんにも見えないのに
この機械はわかるんすね","明明什么都看不见
这台机器却能明白呢",芹沢あさひ,Landing Point編,あーあーあー
芹沢あさひ\Landing Point編\あーあーあー.csv,65,1017004040310,あさひ,音で、見えない水の中を……,声音，在看不到的水里……,芹沢あさひ,Landing Point編,あーあーあー
芹沢あさひ\Landing Point編\あーあーあー.csv,66,1017004040320,あさひ,あー,啊——,芹沢あさひ,Landing Point編,あーあーあー
芹沢あさひ\Landing Point編\すごい雨.csv,5,1017004030010,あさひ,"プロデューサーさん！
またあの川に連れてってほしいっす！","制作人！
我想让你再带我去那条河！",芹沢あさひ,Landing Point編,すごい雨
芹沢あさひ\Landing Point編\すごい雨.csv,8,1017004030020,あさひ,"──じゃあひとりで行くっす
どうやったら行けるっすか？","──那我一个人去
怎么才能去呢？",芹沢あさひ,Landing Point編,すごい雨
芹沢あさひ\Landing Point編\すごい雨.csv,10,1017004030030,あさひ,えー……,诶……,芹沢あさひ,Landing Point編,すごい雨
芹沢あさひ\Landing Point編\すごい雨.csv,12,1017004030040,あさひ,"そっすけど、船のとこじゃないっすよね？
それならやめとくっす","虽然是，但不是去船的那边吧？
那我就不去了",芹沢あさひ,Landing Point編,すごい雨
芹沢あさひ\Landing Point編\すごい雨.csv,14,1017004030050,あさひ,…………,,芹沢あさひ,Landing Point編,すごい雨
芹沢あさひ\Landing Point編\すごい雨.csv,15,1017004030060,あさひ,"プロデューサーさん、なんかないっすか？
つまんないっす","制作人，我就没什么事做吗？
好无聊",芹沢あさひ,Landing Point編,すごい雨
芹沢あさひ\Landing Point編\すごい雨.csv,17,1017004030070,あさひ,……プロデューサーさん？,……制作人？,芹沢あさひ,Landing Point編,すごい雨
芹沢あさひ\Landing Point編\すごい雨.csv,18,1017004030080,あさひ,────っす,────吵,芹沢あさひ,Landing Point編,すごい雨
芹沢あさひ\Landing Point編\すごい雨.csv,19,1017004030090,あさひ,うるさいっす,好吵,芹沢あさひ,Landing Point編,すごい雨
芹沢あさひ\Landing Point編\すごい雨.csv,22,1017004030100,あさひ,"プロデューサーさんの仕事って
そんなに大事なんすか？","制作人的工作
就那么重要吗？",芹沢あさひ,Landing Point編,すごい雨
芹沢あさひ\Landing Point編\すごい雨.csv,25,1017004030110,あさひ,わっ……,哇……,芹沢あさひ,Landing Point編,すごい雨
芹沢あさひ\Landing Point編\すごい雨.csv,26,1017004030120,あさひ,あ……紙が……,啊……纸都……,芹沢あさひ,Landing Point編,すごい雨
芹沢あさひ\Landing Point編\すごい雨.csv,27,1017004030130,あさひ,窓、閉めるっす！,我去关窗！,芹沢あさひ,Landing Point編,すごい雨
芹沢あさひ\Landing Point編\すごい雨.csv,29,1017004030140,あさひ,すごい風っすね,好大的风啊,芹沢あさひ,Landing Point編,すごい雨
芹沢あさひ\Landing Point編\すごい雨.csv,31,1017004030150,あさひ,"あー書類、
めちゃくちゃになったっす……","啊文件，
变得乱糟糟的了……",芹沢あさひ,Landing Point編,すごい雨
芹沢あさひ\Landing Point編\すごい雨.csv,34,1017004030160,あさひ,……そっすか,……是吗,芹沢あさひ,Landing Point編,すごい雨
芹沢あさひ\Landing Point編\すごい雨.csv,35,1017004030170,あさひ,"じゃあ、貸すっす！
順番通りにするっす！","那么，拿给我！
我来理顺！",芹沢あさひ,Landing Point編,すごい雨
芹沢あさひ\Landing Point編\すごい雨.csv,39,1017004030180,あさひ,…………,,芹沢あさひ,Landing Point編,すごい雨
芹沢あさひ\Landing Point編\すごい雨.csv,45,1017004030190,あさひ,──いいっすよ,──没关系哦,芹沢あさひ,Landing Point編,すごい雨
芹沢あさひ\Landing Point編\すごい雨.csv,46,1017004030200,あさひ,わかったっす,我明白的,芹沢あさひ,Landing Point編,すごい雨
芹沢あさひ\Landing Point編\すごい雨.csv,50,1017004030210,あさひ,"あははっ
ほんとっすか！","啊哈哈
真的吗！",芹沢あさひ,Landing Point編,すごい雨
芹沢あさひ\Landing Point編\すごい雨.csv,54,1017004030220,あさひ,…………,,芹沢あさひ,Landing Point編,すごい雨
芹沢あさひ\Landing Point編\すごい雨.csv,56,1017004030230,あさひ,"そっすね
色んなものあって面白かったっす","是啊
有各种各样的东西所以很有趣",芹沢あさひ,Landing Point編,すごい雨
芹沢あさひ\Landing Point編\すごい雨.csv,59,1017004030240,あさひ,…………,,芹沢あさひ,Landing Point編,すごい雨
芹沢あさひ\Landing Point編\すごい雨.csv,64,1017004030250,あさひ,"うーん……
見つかるっすか？","嗯……
能找到吗？",芹沢あさひ,Landing Point編,すごい雨
芹沢あさひ\Landing Point編\すごい雨.csv,67,1017004030260,あさひ,──わかったっす,──明白了,芹沢あさひ,Landing Point編,すごい雨
芹沢あさひ\Landing Point編\すごい雨.csv,70,1017004030270,あさひ,そっすねー……,是啊……,芹沢あさひ,Landing Point編,すごい雨
芹沢あさひ\Landing Point編\すごい雨.csv,71,1017004030280,あさひ,──なんも、見えないっす,──什么也，看不见,芹沢あさひ,Landing Point編,すごい雨
芹沢あさひ\Landing Point編\はねかえって.csv,4,1017004050010,あさひ,ありがとうございました,非常感谢,芹沢あさひ,Landing Point編,はねかえって
芹沢あさひ\Landing Point編\はねかえって.csv,6,1017004050020,あさひ,はいっす！,是的！,芹沢あさひ,Landing Point編,はねかえって
芹沢あさひ\Landing Point編\はねかえって.csv,10,1017004050030,あさひ,待ってほしいっす、プロデューサーさん,等一下，制作人,芹沢あさひ,Landing Point編,はねかえって
芹沢あさひ\Landing Point編\はねかえって.csv,11,1017004050040,あさひ,ちょっと聞いててほしいっす！,想让你听点东西！,芹沢あさひ,Landing Point編,はねかえって
芹沢あさひ\Landing Point編\はねかえって.csv,16,1017004050050,あさひ,──いくっすよ,──要上了哦,芹沢あさひ,Landing Point編,はねかえって
芹沢あさひ\Landing Point編\はねかえって.csv,21,1017004050060,あさひ,…………はぁっ……,…………哈……,芹沢あさひ,Landing Point編,はねかえって
芹沢あさひ\Landing Point編\はねかえって.csv,22,1017004050070,あさひ,──プロデューサーさん……,──制作人……,芹沢あさひ,Landing Point編,はねかえって
芹沢あさひ\Landing Point編\はねかえって.csv,26,1017004050080,あさひ,跳ね返してみたっすよ,试着激起回响,芹沢あさひ,Landing Point編,はねかえって
芹沢あさひ\Landing Point編\はねかえって.csv,28,1017004050090,あさひ,"プロデューサーさんに、声を跳ね返すように
歌ってみたっす！","我朝着制作人，像声音回响一样
尝试回应节拍！",芹沢あさひ,Landing Point編,はねかえって
芹沢あさひ\Landing Point編\はねかえって.csv,30,1017004050100,あさひ,"そうっす！
楽しかったっすよ","是的！
好开心啊",芹沢あさひ,Landing Point編,はねかえって
芹沢あさひ\Landing Point編\はねかえって.csv,35,1017004050110,あさひ,えっ、ほんとっすか？,诶，真的吗？,芹沢あさひ,Landing Point編,はねかえって
芹沢あさひ\Landing Point編\はねかえって.csv,36,1017004050120,あさひ,どうするっすか？,怎么做的呢？,芹沢あさひ,Landing Point編,はねかえって
芹沢あさひ\Landing Point編\はねかえって.csv,40,1017004050130,あさひ,プロデューサーさん、どうしたっすか？,制作人，怎么了？,芹沢あさひ,Landing Point編,はねかえって
芹沢あさひ\Landing Point編\はねかえって.csv,43,1017004050140,あさひ,"あははっ
早く考えるっす！","啊哈哈
快点考虑考虑！",芹沢あさひ,Landing Point編,はねかえって
芹沢あさひ\Landing Point編\はねかえって.csv,45,1017004050150,あさひ,"そっすか？
それならよかったっす！","是吗？
那太好了！",芹沢あさひ,Landing Point編,はねかえって
芹沢あさひ\Landing Point編\はねかえって.csv,49,1017004050160,あさひ,……？,,芹沢あさひ,Landing Point編,はねかえって
芹沢あさひ\Landing Point編\はねかえって.csv,50,1017004050170,あさひ,"次、どんなふうに歌うか
わたしもわからなかったっすよ","下次，用什么感觉来合拍呢
我也不知道啊",芹沢あさひ,Landing Point編,はねかえって
芹沢あさひ\Landing Point編\はねかえって.csv,53,1017004050180,あさひ,"スリルっすか……！
いっすね、それ","惊险吗……！
不错呢，那个",芹沢あさひ,Landing Point編,はねかえって
芹沢あさひ\Landing Point編\はねかえって.csv,54,1017004050190,あさひ,広がり？,广阔？,芹沢あさひ,Landing Point編,はねかえって
芹沢あさひ\Landing Point編\はねかえって.csv,57,1017004050200,あさひ,へぇ……！,诶……！,芹沢あさひ,Landing Point編,はねかえって
芹沢あさひ\Landing Point編\はねかえって.csv,58,1017004050210,あさひ,"わたしもあの時のこと
思い浮かべてたからっすかね？","是因为我脑中也
浮现起那个时候的事情吧？",芹沢あさひ,Landing Point編,はねかえって
芹沢あさひ\Landing Point編\はねかえって.csv,59,1017004050220,あさひ,跳ね返ってきたっすよ、船から見た色んなもの！,激起回响了哦，船上看到的各种东西！,芹沢あさひ,Landing Point編,はねかえって
芹沢あさひ\Landing Point編\はねかえって.csv,61,1017004050230,あさひ,"あははっ
すごいっすね、プロデューサーさん","啊哈哈
好厉害啊，制作人",芹沢あさひ,Landing Point編,はねかえって
芹沢あさひ\Landing Point編\はねかえって.csv,63,1017004050240,あさひ,"あー……
そっすか？","啊……
是吗？",芹沢あさひ,Landing Point編,はねかえって
芹沢あさひ\Landing Point編\はねかえって.csv,65,1017004050250,あさひ,まぁ、そっすね！,嘛，是的呢！,芹沢あさひ,Landing Point編,はねかえって
芹沢あさひ\Landing Point編\はねかえって.csv,67,1017004050260,あさひ,──音が、水の中をぐーんって飛んでいくなら,──声音，在水中能有力地穿透的话,芹沢あさひ,Landing Point編,はねかえって
芹沢あさひ\Landing Point編\はねかえって.csv,68,1017004050270,あさひ,わたしも声で、できるかなって思ったっすよ,我在想，我是否也能发出声音呢,芹沢あさひ,Landing Point編,はねかえって
芹沢あさひ\Landing Point編\はねかえって.csv,71,1017004050280,あさひ,"わかんないっす
やってみたいっす","不知道
我想试试看",芹沢あさひ,Landing Point編,はねかえって
芹沢あさひ\Landing Point編\はねかえって.csv,74,1017004050290,あさひ,跳ね返ったもの……？,激起的回响……？,芹沢あさひ,Landing Point編,はねかえって
芹沢あさひ\Landing Point編\はねかえって.csv,77,1017004050300,あさひ,……そうっすか？,……是吗？,芹沢あさひ,Landing Point編,はねかえって
芹沢あさひ\Landing Point編\はねかえって.csv,78,1017004050310,あさひ,…………,,芹沢あさひ,Landing Point編,はねかえって
芹沢あさひ\Landing Point編\はねかえって.csv,79,1017004050320,あさひ,ライブ、楽しみっす！,演唱会，我很期待！,芹沢あさひ,Landing Point編,はねかえって
芹沢あさひ\Landing Point編\ライブ1曲目前コミュ《個人》.csv,2,6017004010010,あさひ,ほっ、ほっ、ほっ、ほっ,嚯，嚯，嚯，嚯,芹沢あさひ,Landing Point編,ライブ1曲目前コミュ《個人》
芹沢あさひ\Landing Point編\ライブ1曲目前コミュ《個人》.csv,4,6017004010020,あさひ,"うずうずするから飛んでたっす！
飛んでないと落ち着かないっすよ","心里痒痒所以才跳！
不跳就冷静不下来了哦",芹沢あさひ,Landing Point編,ライブ1曲目前コミュ《個人》
芹沢あさひ\Landing Point編\ライブ1曲目前コミュ《個人》.csv,6,6017004010030,あさひ,"あははっ
そっすね","啊哈哈
也是呢",芹沢あさひ,Landing Point編,ライブ1曲目前コミュ《個人》
芹沢あさひ\Landing Point編\ライブ1曲目前コミュ《個人》.csv,9,6017004010040,あさひ,ステージは、飛ぶところっす！,舞台，就是用来尽情的地方！,芹沢あさひ,Landing Point編,ライブ1曲目前コミュ《個人》
芹沢あさひ\Landing Point編\ライブ1曲目前コミュ《個人》.csv,12,6017004010050,あさひ,"はいっす！
いってくるっす！","好的！
我去了！",芹沢あさひ,Landing Point編,ライブ1曲目前コミュ《個人》
芹沢あさひ\Landing Point編\ライブ2曲目前コミュ《個人》.csv,2,6017004020010,あさひ,……熱い,……热,芹沢あさひ,Landing Point編,ライブ2曲目前コミュ《個人》
芹沢あさひ\Landing Point編\ライブ2曲目前コミュ《個人》.csv,3,6017004020020,あさひ,……すごく熱いっす,……好热,芹沢あさひ,Landing Point編,ライブ2曲目前コミュ《個人》
芹沢あさひ\Landing Point編\ライブ2曲目前コミュ《個人》.csv,4,6017004020030,あさひ,"なんでっすかね
動いたからってだけじゃなくて……なんか……","怎么说呢
并不是因为运动才觉得热……总觉得……",芹沢あさひ,Landing Point編,ライブ2曲目前コミュ《個人》
芹沢あさひ\Landing Point編\ライブ2曲目前コミュ《個人》.csv,5,6017004020040,あさひ,……みんなも熱いっすか？,……大家也很热吗？,芹沢あさひ,Landing Point編,ライブ2曲目前コミュ《個人》
芹沢あさひ\Landing Point編\ライブ2曲目前コミュ《個人》.csv,6,6017004020050,あさひ,そっすか！,是吗！,芹沢あさひ,Landing Point編,ライブ2曲目前コミュ《個人》
芹沢あさひ\Landing Point編\ライブ2曲目前コミュ《個人》.csv,7,6017004020060,あさひ,あははっ,啊哈哈,芹沢あさひ,Landing Point編,ライブ2曲目前コミュ《個人》
芹沢あさひ\Landing Point編\ライブ2曲目前コミュ《個人》.csv,8,6017004020070,あさひ,──いっすね！,——真好啊！,芹沢あさひ,Landing Point編,ライブ2曲目前コミュ《個人》
芹沢あさひ\Landing Point編\ライブ2曲目前コミュ《個人》.csv,9,6017004020080,あさひ,………………,,芹沢あさひ,Landing Point編,ライブ2曲目前コミュ《個人》
芹沢あさひ\Landing Point編\ライブ2曲目前コミュ《個人》.csv,10,6017004020090,あさひ,わあああああああああああ──………！,哇啊啊啊啊啊啊啊啊啊啊啊——……！,芹沢あさひ,Landing Point編,ライブ2曲目前コミュ《個人》
芹沢あさひ\Landing Point編\ライブ3曲目前コミュ《個人》.csv,2,6017004030010,あさひ,"ワンツー、ワンツー……
ばっ、ばっ、タタタン……","一二，一二……
啪，啪，铛铛铛……",芹沢あさひ,Landing Point編,ライブ3曲目前コミュ《個人》
芹沢あさひ\Landing Point編\ライブ3曲目前コミュ《個人》.csv,3,6017004030020,あさひ,よしっ……,好的……,芹沢あさひ,Landing Point編,ライブ3曲目前コミュ《個人》
芹沢あさひ\Landing Point編\ライブ3曲目前コミュ《個人》.csv,5,6017004030030,あさひ,プロデューサーさん……,制作人……,芹沢あさひ,Landing Point編,ライブ3曲目前コミュ《個人》
芹沢あさひ\Landing Point編\ライブ3曲目前コミュ《個人》.csv,7,6017004030040,あさひ,はいっす！　楽しいっす,是的！　很开心,芹沢あさひ,Landing Point編,ライブ3曲目前コミュ《個人》
芹沢あさひ\Landing Point編\ライブ3曲目前コミュ《個人》.csv,8,6017004030050,あさひ,なんでこんなに楽しいんすかね！,为什么这么开心呢！,芹沢あさひ,Landing Point編,ライブ3曲目前コミュ《個人》
芹沢あさひ\Landing Point編\ライブ3曲目前コミュ《個人》.csv,10,6017004030060,あさひ,あー……,啊……,芹沢あさひ,Landing Point編,ライブ3曲目前コミュ《個人》
芹沢あさひ\Landing Point編\ライブ3曲目前コミュ《個人》.csv,11,6017004030070,あさひ,"プロデューサーさんも、楽しそうっす
ステージに立ってないのに","制作人也，看起来很开心
明明没有站在舞台上",芹沢あさひ,Landing Point編,ライブ3曲目前コミュ《個人》
芹沢あさひ\Landing Point編\ライブ3曲目前コミュ《個人》.csv,14,6017004030080,あさひ,──じゃあ、この後ももっと楽しいっすよ！,——那么，这之后会更加开心哦！,芹沢あさひ,Landing Point編,ライブ3曲目前コミュ《個人》
芹沢あさひ\Landing Point編\ライブ3曲目前コミュ《個人》.csv,15,6017004030090,あさひ,見ててほしいっす、プロデューサーさん！,好好看着吧，制作人！,芹沢あさひ,Landing Point編,ライブ3曲目前コミュ《個人》
芹沢あさひ\Landing Point編\ライブ後コミュ《ユニット》.csv,2,5005004050010,あさひ,冬優子ちゃん、愛依ちゃん！,冬优子，爱依！,芹沢あさひ,Landing Point編,ライブ後コミュ《ユニット》
芹沢あさひ\Landing Point編\ライブ後コミュ《ユニット》.csv,4,5005004050020,あさひ,──あははっ,──啊哈哈,芹沢あさひ,Landing Point編,ライブ後コミュ《ユニット》
芹沢あさひ\Landing Point編\ライブ後コミュ《ユニット》.csv,5,5005004050030,あさひ,楽しかったっすー！,好开心啊！,芹沢あさひ,Landing Point編,ライブ後コミュ《ユニット》
芹沢あさひ\Landing Point編\ライブ後コミュ《ユニット》.csv,6,5005004050040,あさひ,もっと、やりたいっす！！,还想，再来！！,芹沢あさひ,Landing Point編,ライブ後コミュ《ユニット》
芹沢あさひ\Landing Point編\ライブ後コミュ《ユニット》.csv,15,5005004050130,あさひ,"あははっ
絶対っすよ！","啊哈哈
一定要哦！",芹沢あさひ,Landing Point編,ライブ後コミュ《ユニット》
芹沢あさひ\Landing Point編\ライブ後コミュ《ユニット》.csv,17,5005004050150,あさひ,わたしたちが────……！,我们是────……！,芹沢あさひ,Landing Point編,ライブ後コミュ《ユニット》
芹沢あさひ\Landing Point編\ライブ後コミュ《個人》　大成功.csv,2,6017004040010,あさひ,"あ～
楽しかったっす～！","啊～
真开心啊～！",芹沢あさひ,Landing Point編,ライブ後コミュ《個人》　大成功
芹沢あさひ\Landing Point編\ライブ後コミュ《個人》　大成功.csv,3,6017004040020,あさひ,もう、ライブ……終わっちゃったっすか？,演出已经……结束了吗？,芹沢あさひ,Landing Point編,ライブ後コミュ《個人》　大成功
芹沢あさひ\Landing Point編\ライブ後コミュ《個人》　大成功.csv,6,6017004040030,あさひ,…………,,芹沢あさひ,Landing Point編,ライブ後コミュ《個人》　大成功
芹沢あさひ\Landing Point編\ライブ後コミュ《個人》　大成功.csv,7,6017004040040,あさひ,──この音も、雨みたいっす,——这声音，像雨一样,芹沢あさひ,Landing Point編,ライブ後コミュ《個人》　大成功
芹沢あさひ\Landing Point編\ライブ後コミュ《個人》　大成功.csv,10,6017004040050,あさひ,雨みたいなのに、いい音っす,明明像雨一样，听起来却不错,芹沢あさひ,Landing Point編,ライブ後コミュ《個人》　大成功
芹沢あさひ\Landing Point編\ライブ後コミュ《個人》　大成功.csv,13,6017004040060,あさひ,"はいっす！
よろしくっす、プロデューサーさん","好的！
请多关照，制作人",芹沢あさひ,Landing Point編,ライブ後コミュ《個人》　大成功
芹沢あさひ\Landing Point編\ライブ後コミュ《個人》　成功.csv,2,6017004040010,あさひ,"あ～
楽しかったっす～！","啊～
真开心啊～！",芹沢あさひ,Landing Point編,ライブ後コミュ《個人》　成功
芹沢あさひ\Landing Point編\ライブ後コミュ《個人》　成功.csv,3,6017004040020,あさひ,もう、ライブ……終わっちゃったっすか？,演出已经……结束了吗？,芹沢あさひ,Landing Point編,ライブ後コミュ《個人》　成功
芹沢あさひ\Landing Point編\ライブ後コミュ《個人》　成功.csv,6,6017004040030,あさひ,…………,,芹沢あさひ,Landing Point編,ライブ後コミュ《個人》　成功
芹沢あさひ\Landing Point編\ライブ後コミュ《個人》　成功.csv,8,6017004040060,あさひ,"はいっす！
よろしくっす、プロデューサーさん","好的！
请多关照，制作人",芹沢あさひ,Landing Point編,ライブ後コミュ《個人》　成功
芹沢あさひ\Landing Point編\新しいこと.csv,5,1017004010040,あさひ,────……！,,芹沢あさひ,Landing Point編,新しいこと
芹沢あさひ\Landing Point編\新しいこと.csv,6,1017004010050,あさひ,あれっ……,咦……,芹沢あさひ,Landing Point編,新しいこと
芹沢あさひ\Landing Point編\新しいこと.csv,7,1017004010060,あさひ,────……,,芹沢あさひ,Landing Point編,新しいこと
芹沢あさひ\Landing Point編\新しいこと.csv,9,1017004010070,あさひ,……──プロデューサーさん,……制作人,芹沢あさひ,Landing Point編,新しいこと
芹沢あさひ\Landing Point編\新しいこと.csv,11,1017004010080,あさひ,"────なんだ、
プロデューサーさんだったっすか……","────什么啊、
是制作人啊……",芹沢あさひ,Landing Point編,新しいこと
芹沢あさひ\Landing Point編\新しいこと.csv,13,1017004010090,あさひ,その音、夢にまで出てきたっす,这声音，梦里都能听到了,芹沢あさひ,Landing Point編,新しいこと
芹沢あさひ\Landing Point編\新しいこと.csv,15,1017004010100,あさひ,……まだ出かけないんすか？,……还不出门吗？,芹沢あさひ,Landing Point編,新しいこと
芹沢あさひ\Landing Point編\新しいこと.csv,17,1017004010110,あさひ,"わかったっす
アンケートの続きやってるっす","知道了
我继续填问卷了",芹沢あさひ,Landing Point編,新しいこと
芹沢あさひ\Landing Point編\新しいこと.csv,19,1017004010120,あさひ,『最近始めた新しいことはありますか』,“有最近新发生的事吗”,芹沢あさひ,Landing Point編,新しいこと
芹沢あさひ\Landing Point編\新しいこと.csv,20,1017004010130,あさひ,『どんな小さなことでも構いません』,“怎么样的小事都没关系”,芹沢あさひ,Landing Point編,新しいこと
芹沢あさひ\Landing Point編\新しいこと.csv,21,1017004010140,あさひ,……考えてたら、寝ちゃったっす,……想着想着就睡着了,芹沢あさひ,Landing Point編,新しいこと
芹沢あさひ\Landing Point編\新しいこと.csv,25,1017004010150,あさひ,うーん……,嗯……,芹沢あさひ,Landing Point編,新しいこと
芹沢あさひ\Landing Point編\新しいこと.csv,27,1017004010160,あさひ,そんなの聞いてどうするっすか？,问这些干什么呢,芹沢あさひ,Landing Point編,新しいこと
芹沢あさひ\Landing Point編\新しいこと.csv,29,1017004010170,あさひ,ふーん……？,嗯……？,芹沢あさひ,Landing Point編,新しいこと
芹沢あさひ\Landing Point編\新しいこと.csv,31,1017004010180,あさひ,"そっすね
そうするっす","也是
就这样",芹沢あさひ,Landing Point編,新しいこと
芹沢あさひ\Landing Point編\新しいこと.csv,33,1017004010190,あさひ,"……プロデューサーさん
なんか、バタバタしてるっす",……制作人\总感觉很忙,芹沢あさひ,Landing Point編,新しいこと
芹沢あさひ\Landing Point編\新しいこと.csv,36,1017004010200,あさひ,大丈夫っすよ！,没事的！,芹沢あさひ,Landing Point編,新しいこと
芹沢あさひ\Landing Point編\新しいこと.csv,37,1017004010210,あさひ,"いっぱい歌って踊れて、
ステージ楽しみっす！","唱歌跳舞个够，
期待着演出！",芹沢あさひ,Landing Point編,新しいこと
芹沢あさひ\Landing Point編\新しいこと.csv,40,1017004010220,あさひ,"あっ、新しいこと……
『ワンマンライブ』じゃだめっすかね","啊，新发生的事……
“个人演唱会”不行吗",芹沢あさひ,Landing Point編,新しいこと
芹沢あさひ\Landing Point編\新しいこと.csv,44,1017004010230,あさひ,……？,,芹沢あさひ,Landing Point編,新しいこと
芹沢あさひ\Landing Point編\新しいこと.csv,45,1017004010240,あさひ,いっすけど,倒是可以,芹沢あさひ,Landing Point編,新しいこと
芹沢あさひ\Landing Point編\新しいこと.csv,46,1017004010250,あさひ,それで、何するっすか？,那么，做点什么呢？,芹沢あさひ,Landing Point編,新しいこと
芹沢あさひ\Landing Point編\新しいこと.csv,48,1017004010260,あさひ,えー,诶,芹沢あさひ,Landing Point編,新しいこと
芹沢あさひ\Landing Point編\新しいこと.csv,51,1017004010270,あさひ,"……あー、この前、トレーナーさんに
走り込みを増やしてほしいって言われたっす","……啊，之前，教练说
想让我多跑跑步",芹沢あさひ,Landing Point編,新しいこと
芹沢あさひ\Landing Point編\新しいこと.csv,53,1017004010280,あさひ,うーん……,嗯……,芹沢あさひ,Landing Point編,新しいこと
芹沢あさひ\Landing Point編\新しいこと.csv,54,1017004010290,あさひ,"わかったっす！
やってみるっす","明白了！
我试试看",芹沢あさひ,Landing Point編,新しいこと
芹沢あさひ\Landing Point編\聞こえてたっす.csv,3,1017004060010,あさひ,うーん……,嗯……,芹沢あさひ,Landing Point編,聞こえてたっす
芹沢あさひ\Landing Point編\聞こえてたっす.csv,4,1017004060020,あさひ,"次……『台風とは、熱帯低気圧が海上で発達し、
最大風速──』……","下一个……“台风是热带低气压在海上聚集形成，
最大风速──”……",芹沢あさひ,Landing Point編,聞こえてたっす
芹沢あさひ\Landing Point編\聞こえてたっす.csv,5,1017004060030,あさひ,『毎秒（　　）メートルまで発達し』……,“能到毎秒（　　）米”……,芹沢あさひ,Landing Point編,聞こえてたっす
芹沢あさひ\Landing Point編\聞こえてたっす.csv,6,1017004060040,あさひ,"……船のお姉さんは
風速をノットって言ってたっす","……船上的姐姐说
風速是以海里记的",芹沢あさひ,Landing Point編,聞こえてたっす
芹沢あさひ\Landing Point編\聞こえてたっす.csv,7,1017004060050,あさひ,プロデューサーさん！　これって……,制作人！　这是……,芹沢あさひ,Landing Point編,聞こえてたっす
芹沢あさひ\Landing Point編\聞こえてたっす.csv,8,1017004060060,あさひ,…………,,芹沢あさひ,Landing Point編,聞こえてたっす
芹沢あさひ\Landing Point編\聞こえてたっす.csv,10,1017004060070,あさひ,…………,,芹沢あさひ,Landing Point編,聞こえてたっす
芹沢あさひ\Landing Point編\聞こえてたっす.csv,13,1017004060080,あさひ,プロデューサーさんも、音出してるっす,制作人也在发出声音,芹沢あさひ,Landing Point編,聞こえてたっす
芹沢あさひ\Landing Point編\聞こえてたっす.csv,15,1017004060090,あさひ,"大丈夫っす！
何見てたっすか？","没关系！
看到什么了？",芹沢あさひ,Landing Point編,聞こえてたっす
芹沢あさひ\Landing Point編\聞こえてたっす.csv,21,1017004060100,あさひ,成長っすか？,成长吗？,芹沢あさひ,Landing Point編,聞こえてたっす
芹沢あさひ\Landing Point編\聞こえてたっす.csv,23,1017004060110,あさひ,"そっすか？
わからないっす","是吗？
搞不懂",芹沢あさひ,Landing Point編,聞こえてたっす
芹沢あさひ\Landing Point編\聞こえてたっす.csv,26,1017004060120,あさひ,"あー……
『新しいこと』っすか","啊……
“新鲜事”吗",芹沢あさひ,Landing Point編,聞こえてたっす
芹沢あさひ\Landing Point編\聞こえてたっす.csv,28,1017004060130,あさひ,また探すっすか？,又要找吗？,芹沢あさひ,Landing Point編,聞こえてたっす
芹沢あさひ\Landing Point編\聞こえてたっす.csv,30,1017004060140,あさひ,"あははっ
そうっすね！","啊哈哈
是啊！",芹沢あさひ,Landing Point編,聞こえてたっす
芹沢あさひ\Landing Point編\聞こえてたっす.csv,33,1017004060150,あさひ,──プロデューサーさんも、何か探してるっすか？,──制作人也，在寻找什么吗？,芹沢あさひ,Landing Point編,聞こえてたっす
芹沢あさひ\Landing Point編\聞こえてたっす.csv,35,1017004060160,あさひ,"音、出してるっす
いつも","发出声音
一直在",芹沢あさひ,Landing Point編,聞こえてたっす
芹沢あさひ\Landing Point編\聞こえてたっす.csv,36,1017004060170,あさひ,雨みたいな音,像雨一样的声音,芹沢あさひ,Landing Point編,聞こえてたっす
芹沢あさひ\Landing Point編\聞こえてたっす.csv,39,1017004060180,あさひ,魚群探知機みたいっす,像鱼群探测机一样,芹沢あさひ,Landing Point編,聞こえてたっす
芹沢あさひ\Landing Point編\聞こえてたっす.csv,44,1017004060190,あさひ,"なんすか？
プロデューサーさん","什么事？
制作人",芹沢あさひ,Landing Point編,聞こえてたっす
芹沢あさひ\Landing Point編\風に乗って.csv,3,1017004020010,あさひ,そっすか,是吗,芹沢あさひ,Landing Point編,風に乗って
芹沢あさひ\Landing Point編\風に乗って.csv,5,1017004020020,あさひ,"はいっす
移動の時とか……","是的
在路上的时候之类的……",芹沢あさひ,Landing Point編,風に乗って
芹沢あさひ\Landing Point編\風に乗って.csv,6,1017004020030,あさひ,"──でも、ちょっと飽きてきちゃったっす
走るだけっすから","但是，稍微有点厌烦了
光是跑步罢了",芹沢あさひ,Landing Point編,風に乗って
芹沢あさひ\Landing Point編\風に乗って.csv,8,1017004020040,あさひ,"色んなとこ走ったっす
もう新しいところないっすよ","跑过各种各样的地方了
没有新地方去了",芹沢あさひ,Landing Point編,風に乗って
芹沢あさひ\Landing Point編\風に乗って.csv,10,1017004020050,あさひ,あー……,啊……,芹沢あさひ,Landing Point編,風に乗って
芹沢あさひ\Landing Point編\風に乗って.csv,13,1017004020060,あさひ,"……？
わかったっす","……？
知道了",芹沢あさひ,Landing Point編,風に乗って
芹沢あさひ\Landing Point編\風に乗って.csv,14,1017004020070,あさひ,"お～～
ここっすか……！","哦～～
是这里吗……！",芹沢あさひ,Landing Point編,風に乗って
芹沢あさひ\Landing Point編\風に乗って.csv,16,1017004020080,あさひ,"電車が川、渡ってるっす！　……わ、あっちも！
ハリガネみたいな橋もある────！","电车在横渡河流！　……哇，那边也是！
还有像铁丝一样的桥────！",芹沢あさひ,Landing Point編,風に乗って
芹沢あさひ\Landing Point編\風に乗って.csv,17,1017004020090,あさひ,"見てくるっす！
プロデューサーさんも走るっすか？",制作人也要跑吗？,芹沢あさひ,Landing Point編,風に乗って
芹沢あさひ\Landing Point編\風に乗って.csv,24,1017004020100,あさひ,……あ、プロデューサーさん,……啊，制作人,芹沢あさひ,Landing Point編,風に乗って
芹沢あさひ\Landing Point編\風に乗って.csv,26,1017004020110,あさひ,"ここ、面白いっす！
船いっぱいっすよ","这里，真有趣！
有好多船哦",芹沢あさひ,Landing Point編,風に乗って
芹沢あさひ\Landing Point編\風に乗って.csv,28,1017004020120,あさひ,"魚を獲るんすかね？
網とかないっすけど……","是捕鱼的吧？
虽然没有网……",芹沢あさひ,Landing Point編,風に乗って
芹沢あさひ\Landing Point編\風に乗って.csv,29,1017004020130,あさひ,"あ、なんすか？
あの機械","啊，那是什么？
那台机器",芹沢あさひ,Landing Point編,風に乗って
芹沢あさひ\Landing Point編\風に乗って.csv,31,1017004020140,あさひ,わかってるっすよー,我知道的,芹沢あさひ,Landing Point編,風に乗って
芹沢あさひ\Landing Point編\風に乗って.csv,32,1017004020150,あさひ,"でもわたしも乗ってみたいっす！
練習したら動かせるっすかね？","但我也想坐！
经过练习就能开的吧？",芹沢あさひ,Landing Point編,風に乗って
芹沢あさひ\Landing Point編\風に乗って.csv,35,1017004020160,あさひ,"そっすか……
じゃあ、プロデューサーさんが免許取るっす！","是吗……
那么，制作人来拿执照！",芹沢あさひ,Landing Point編,風に乗って
芹沢あさひ\Landing Point編\風に乗って.csv,37,1017004020170,あさひ,"あっ、あれ、中にあるのなんすかね？
機械みたいなのあるっす","啊，那个，里面的这个是什么呢？
有像机器一样的东西",芹沢あさひ,Landing Point編,風に乗って
芹沢あさひ\Landing Point編\風に乗って.csv,39,1017004020180,あさひ,"画面っぽいっす
テレビとか映るんすかね？","像屏幕一样
能放电视之类的吧？",芹沢あさひ,Landing Point編,風に乗って
芹沢あさひ\Landing Point編\風に乗って.csv,42,1017004020190,あさひ,"はいっす
また来たいっす！","好的
还要再来！",芹沢あさひ,Landing Point編,風に乗って
芹沢あさひ\Landing Point編\風に乗って.csv,44,1017004020200,あさひ,そっすね、たぶん……？,是呢，大概……？,芹沢あさひ,Landing Point編,風に乗って
芹沢あさひ\Landing Point編\風に乗って.csv,45,1017004020210,あさひ,いつもより疲れてないっす,和平时一样也不累,芹沢あさひ,Landing Point編,風に乗って
芹沢あさひ\Landing Point編\風に乗って.csv,47,1017004020220,あさひ,"あははっ！
魚が跳ねたりしてたっすよ！","啊哈哈！
鱼跳起来了！",芹沢あさひ,Landing Point編,風に乗って
芹沢あさひ\Landing Point編\風に乗って.csv,50,1017004020230,あさひ,絶対っすよ！,绝对要！,芹沢あさひ,Landing Point編,風に乗って
芹沢あさひ\Morning\morning①.csv,2,1017001000110010,あさひ,～♪,,芹沢あさひ,Morning,morning①
芹沢あさひ\Morning\morning①.csv,4,1017001000110020,あさひ,すごい晴れてるじゃないっすか！,天气真好啊！,芹沢あさひ,Morning,morning①
芹沢あさひ\Morning\morning①.csv,9,1017001000110030,あさひ,プロデューサーさんもそう思うっすよね！,制作人也是这么认为的吧！,芹沢あさひ,Morning,morning①
芹沢あさひ\Morning\morning①.csv,10,1017001000110040,あさひ,"何かいいこと起きるっすよ～、きっと！
ちょっと外出て探してくるっす！","肯定会发生好事的！
我出去找找看！",芹沢あさひ,Morning,morning①
芹沢あさひ\Morning\morning①.csv,12,1017001000110050,あさひ,なるほど～、わたしにはない発想っす！,原来如此～我没有想到这点呢！,芹沢あさひ,Morning,morning①
芹沢あさひ\Morning\morning①.csv,13,1017001000110060,あさひ,面白いこと言うっすね！　プロデューサーさん！,制作人你说话挺有意思的嘛！,芹沢あさひ,Morning,morning①
芹沢あさひ\Morning\morning①.csv,15,1017001000110070,あさひ,そう言われるとないっすね～……,这么说来是没什么呢～……,芹沢あさひ,Morning,morning①
芹沢あさひ\Morning\morning①.csv,16,1017001000110080,あさひ,じゃあ、面白いこともなさそっすね、今日は,那么看来今天是不会有什么有趣的事了,芹沢あさひ,Morning,morning①
芹沢あさひ\Morning\morning②.csv,3,1017001000210010,あさひ,プロデューサーさんじゃないっすか,这不是制作人吗,芹沢あさひ,Morning,morning②
芹沢あさひ\Morning\morning②.csv,4,1017001000210020,あさひ,どうしたんすか？　そんなにびっくりして,怎么了？吓了那么一大跳,芹沢あさひ,Morning,morning②
芹沢あさひ\Morning\morning②.csv,9,1017001000210030,あさひ,なんでわかったっすか！？,这是怎么知道的！？,芹沢あさひ,Morning,morning②
芹沢あさひ\Morning\morning②.csv,10,1017001000210040,あさひ,"何か面白い力でも持ってるんすか！　プロデューサーさん
もっと見せてほしいっす","制作人难不成有什么有趣的力量吗！
再给我展示下嘛",芹沢あさひ,Morning,morning②
芹沢あさひ\Morning\morning②.csv,12,1017001000210050,あさひ,"片付けるんすか？
……まぁ、確かに散らかってるっすね","收拾吗？
……嘛，确实很乱呢",芹沢あさひ,Morning,morning②
芹沢あさひ\Morning\morning②.csv,13,1017001000210060,あさひ,よぉーし、やるっすよ～！,好，开始干吧～！,芹沢あさひ,Morning,morning②
芹沢あさひ\Morning\morning②.csv,15,1017001000210070,あさひ,まだまだ歩けるじゃないっすか！,这不还能走嘛！,芹沢あさひ,Morning,morning②
芹沢あさひ\Morning\morning②.csv,16,1017001000210080,あさひ,あっちとか、あとそっちとか！,比如那里啊，还有那里啊！,芹沢あさひ,Morning,morning②
芹沢あさひ\Morning\morning③.csv,2,1017001000310010,あさひ,とぉーう！,嘿！,芹沢あさひ,Morning,morning③
芹沢あさひ\Morning\morning③.csv,4,1017001000310020,あさひ,"何なんすかねこれ
プロデューサーさんは何だと思います？","这是在干啥呢
制作人你觉得是什么？",芹沢あさひ,Morning,morning③
芹沢あさひ\Morning\morning③.csv,9,1017001000310030,あさひ,"そうなんすよ！　楽しいんすよこれ！
とぉーう！","是啊！　这很有意思的！
嘿！",芹沢あさひ,Morning,morning③
芹沢あさひ\Morning\morning③.csv,10,1017001000310040,あさひ,プロデューサーさんも一緒にどっすか？,制作人也一起来吗？,芹沢あさひ,Morning,morning③
芹沢あさひ\Morning\morning③.csv,12,1017001000310050,あさひ,思い出したっす！　テレビで見たんすよこれ！,我想起来了！　这是在电视上看到过的！,芹沢あさひ,Morning,morning③
芹沢あさひ\Morning\morning③.csv,13,1017001000310060,あさひ,でも、なんだったっすかね～,但是，是什么来着呢～,芹沢あさひ,Morning,morning③
芹沢あさひ\Morning\morning③.csv,15,1017001000310070,あさひ,意味っすか？　うーん……ないっすね！,意义吗？　嗯……没有呢！,芹沢あさひ,Morning,morning③
芹沢あさひ\Morning\morning③.csv,16,1017001000310080,あさひ,でも、意味なんて必要ないっす,但是，没必要有意义啊,芹沢あさひ,Morning,morning③
芹沢あさひ\Morning\morning④.csv,2,1017001000410010,あさひ,うーん……,唔……,芹沢あさひ,Morning,morning④
芹沢あさひ\Morning\morning④.csv,4,1017001000410020,あさひ,最後のひとつ……何すかねぇこれ,最后的这一个……是什么呢,芹沢あさひ,Morning,morning④
芹沢あさひ\Morning\morning④.csv,9,1017001000410030,あさひ,あ！　それまだやったことないやつっす！,啊！　那个我还没做过！,芹沢あさひ,Morning,morning④
芹沢あさひ\Morning\morning④.csv,10,1017001000410040,あさひ,"楽しみが増えたっす～！　やったっす～！
プロデューサーさん、ありがとっす～","又能有新的乐趣了～！　太好了～！
谢谢你，制作人～",芹沢あさひ,Morning,morning④
芹沢あさひ\Morning\morning④.csv,12,1017001000410050,あさひ,"一緒に考えるっすか？
プロデューサーさんならわかるっすかね……","一起想吗？
制作人知道怎么做吗……",芹沢あさひ,Morning,morning④
芹沢あさひ\Morning\morning④.csv,13,1017001000410060,あさひ,"試しに見てほしいっす！
これなんすけどね……","那就给你看看吧！
就是这个……",芹沢あさひ,Morning,morning④
芹沢あさひ\Morning\morning④.csv,15,1017001000410070,あさひ,あ！　絶対言っちゃダメっすよ！,啊！　千万不要说出来！,芹沢あさひ,Morning,morning④
芹沢あさひ\Morning\morning④.csv,16,1017001000410080,あさひ,わたしの楽しみ、取っちゃ嫌っす！,不要抢走我的乐趣！,芹沢あさひ,Morning,morning④
芹沢あさひ\Morning\morning⑤.csv,2,1017001000510010,あさひ,あれ！　プロデューサーさん、何でここに？,诶！　制作人为什么会在这儿？,芹沢あさひ,Morning,morning⑤
芹沢あさひ\Morning\morning⑤.csv,4,1017001000510020,あさひ,あれ、じゃあさっき道で見かけたのって,诶，那刚才在路上看到的是,芹沢あさひ,Morning,morning⑤
芹沢あさひ\Morning\morning⑤.csv,9,1017001000510030,あさひ,"え！　ホントっすか！
プロデューサーさん、忍者だったんすか？","诶！　真的吗！
制作人原来是忍者吗？",芹沢あさひ,Morning,morning⑤
芹沢あさひ\Morning\morning⑤.csv,10,1017001000510040,あさひ,今度見せてほしいっす！,下次给我看看！,芹沢あさひ,Morning,morning⑤
芹沢あさひ\Morning\morning⑤.csv,12,1017001000510050,あさひ,うーん……似てる人っすか……,嗯……是长得像的人吗……,芹沢あさひ,Morning,morning⑤
芹沢あさひ\Morning\morning⑤.csv,13,1017001000510060,あさひ,まぁ、そう言われればそうっすね,嘛，这么说可能是这样吧,芹沢あさひ,Morning,morning⑤
芹沢あさひ\Morning\morning⑤.csv,15,1017001000510070,あさひ,兄弟いるんすね！　プロデューサーさん！,制作人有兄弟啊！,芹沢あさひ,Morning,morning⑤
芹沢あさひ\Morning\morning⑤.csv,16,1017001000510080,あさひ,"何人兄弟なんすか？　年はどれくらい離れてるんすか？
さっき会った人はお兄さんっすか？　弟っすか？","有几个人呢？　年纪相差多大呢？
刚才见到的是哥哥呢？　还是弟弟呢？",芹沢あさひ,Morning,morning⑤
芹沢あさひ\Morning\morning⑥.csv,2,1017001000610010,あさひ,プロデューサーさん！　何飲んでるんすか、それ,制作人！　你在喝什么啊,芹沢あさひ,Morning,morning⑥
芹沢あさひ\Morning\morning⑥.csv,4,1017001000610020,あさひ,どんな味がするんすか？　わたしも飲んでみたいっす！,味道咋样？　我也想喝！,芹沢あさひ,Morning,morning⑥
芹沢あさひ\Morning\morning⑥.csv,9,1017001000610030,あさひ,子どもじゃわからないんすね！,小孩子懂不了呢！,芹沢あさひ,Morning,morning⑥
芹沢あさひ\Morning\morning⑥.csv,10,1017001000610040,あさひ,"あはは、じゃあ待つっす！
大人になってから飲んでみるっすよー！","啊哈哈，那我就等着吧！
等我长大了再喝吧！",芹沢あさひ,Morning,morning⑥
芹沢あさひ\Morning\morning⑥.csv,12,1017001000610050,あさひ,ありがとっす！　プロデューサーさん！,谢谢！　制作人！,芹沢あさひ,Morning,morning⑥
芹沢あさひ\Morning\morning⑥.csv,13,1017001000610060,あさひ,"……
思ったより変な味じゃないっすね","……
味道也没有想象的那么怪呢",芹沢あさひ,Morning,morning⑥
芹沢あさひ\Morning\morning⑥.csv,15,1017001000610070,あさひ,え～！　そんなこと言われたら気になるじゃないっすかー！,诶～！　你这么说我不是会很在意嘛！,芹沢あさひ,Morning,morning⑥
芹沢あさひ\Morning\morning⑥.csv,16,1017001000610080,あさひ,飲みたいっす飲みたいっすー！,我想喝！我想喝！,芹沢あさひ,Morning,morning⑥
芹沢あさひ\Morning\morning⑦.csv,2,1017001000710010,あさひ,うーん……,嗯……,芹沢あさひ,Morning,morning⑦
芹沢あさひ\Morning\morning⑦.csv,4,1017001000710020,あさひ,ネクタイってなんでするんすか？,人为什么要系领带呢？,芹沢あさひ,Morning,morning⑦
芹沢あさひ\Morning\morning⑦.csv,9,1017001000710030,あさひ,"なんだか、いつものプロデューサーさん
じゃないみたいっす","觉得这样就不像
平时的制作人了",芹沢あさひ,Morning,morning⑦
芹沢あさひ\Morning\morning⑦.csv,10,1017001000710040,あさひ,あったほうがしっくりくるっすね！,还是系着好！,芹沢あさひ,Morning,morning⑦
芹沢あさひ\Morning\morning⑦.csv,12,1017001000710050,あさひ,なるほど、オシャレだったんすね……！,原来如此，系领带很时尚啊……！,芹沢あさひ,Morning,morning⑦
芹沢あさひ\Morning\morning⑦.csv,13,1017001000710060,あさひ,スーツだと、ネクタイがオシャレの決め手なんすね……,穿西装的话，系领带就是时尚的关键呢……,芹沢あさひ,Morning,morning⑦
芹沢あさひ\Morning\morning⑦.csv,15,1017001000710070,あさひ,気を引き締めるため……うーん……,为了打起精神……嗯……,芹沢あさひ,Morning,morning⑦
芹沢あさひ\Morning\morning⑦.csv,16,1017001000710080,あさひ,"ネクタイにそんな効果があるんすかねぇ
よくわからないっす","领带有这种效果吗？
我不是很懂",芹沢あさひ,Morning,morning⑦
芹沢あさひ\Morning\morning⑧.csv,2,1017001000810010,あさひ,うーん……,唔……,芹沢あさひ,Morning,morning⑧
芹沢あさひ\Morning\morning⑧.csv,4,1017001000810020,あさひ,"宇宙について考えてたら
どんどんわからなくなってきたんすよ","我在想宇宙的事情
结果越来越想不明白了",芹沢あさひ,Morning,morning⑧
芹沢あさひ\Morning\morning⑧.csv,9,1017001000810030,あさひ,宇宙は確かにロマンっす！,宇宙的确很浪漫！,芹沢あさひ,Morning,morning⑧
芹沢あさひ\Morning\morning⑧.csv,10,1017001000810040,あさひ,ロマン～♪　ロマン～♪,浪漫～♪　浪漫～♪,芹沢あさひ,Morning,morning⑧
芹沢あさひ\Morning\morning⑧.csv,12,1017001000810050,あさひ,"いいんすか！　やったっす～！
何かわかるかもしれないっすね！　そしたら！","可以用吗！　太好了～！
说不定能发现些什么呢！　然后呢！",芹沢あさひ,Morning,morning⑧
芹沢あさひ\Morning\morning⑧.csv,13,1017001000810060,あさひ,今夜は星を見るっすよ！,今晚要去看星星！,芹沢あさひ,Morning,morning⑧
芹沢あさひ\Morning\morning⑧.csv,15,1017001000810070,あさひ,考えるほどわからなくなるんすね……うーん……,越想越想不明白吧吗……嗯……,芹沢あさひ,Morning,morning⑧
芹沢あさひ\Morning\morning⑧.csv,16,1017001000810080,あさひ,じゃあ、そういうことにしておくっす,那么，我就当是这么回事儿吧,芹沢あさひ,Morning,morning⑧
芹沢あさひ\Morning\morning⑨.csv,2,1017001000910010,あさひ,プロデューサーさん、窓の外ちょっと見てほしいっす！,制作人，能不能看一下窗外！,芹沢あさひ,Morning,morning⑨
芹沢あさひ\Morning\morning⑨.csv,4,1017001000910020,あさひ,あそこに見えるの、あれなんすかね？,那是什么啊？,芹沢あさひ,Morning,morning⑨
芹沢あさひ\Morning\morning⑨.csv,9,1017001000910030,あさひ,"謎の物体っすか！？
……気になってきたっす！","是神秘物体吗！？
……我开始好奇了！",芹沢あさひ,Morning,morning⑨
芹沢あさひ\Morning\morning⑨.csv,10,1017001000910040,あさひ,プロデューサーさん！　近くまで見に行くっすよ！,制作人！　我要去靠近点儿看！,芹沢あさひ,Morning,morning⑨
芹沢あさひ\Morning\morning⑨.csv,12,1017001000910050,あさひ,プロデューサーさんにもわからないんすね……,制作人也不知道啊……,芹沢あさひ,Morning,morning⑨
芹沢あさひ\Morning\morning⑨.csv,13,1017001000910060,あさひ,ちょっと倉庫から双眼鏡持ってくるっす,我去仓库拿下双筒望远镜,芹沢あさひ,Morning,morning⑨
芹沢あさひ\Morning\morning⑨.csv,15,1017001000910070,あさひ,虫……っすか……,虫子……是吗……,芹沢あさひ,Morning,morning⑨
芹沢あさひ\Morning\morning⑨.csv,16,1017001000910080,あさひ,面白くないっす～,没意思～,芹沢あさひ,Morning,morning⑨
芹沢あさひ\Morning\morning⑩.csv,2,1017001001010010,あさひ,"プロデューサーさん、昨日倉庫で
こんなの見つけたっす","制作人，我昨天在仓库里
发现了这个的东西",芹沢あさひ,Morning,morning⑩
芹沢あさひ\Morning\morning⑩.csv,4,1017001001010020,あさひ,"もしかして事務所の重要な秘密だったり
するっすかね？",难不成是事务所的重要秘密？,芹沢あさひ,Morning,morning⑩
芹沢あさひ\Morning\morning⑩.csv,9,1017001001010030,あさひ,わかったっす！　絶対誰にも言わないっす！,我明白了！　我绝对不告诉任何人！,芹沢あさひ,Morning,morning⑩
芹沢あさひ\Morning\morning⑩.csv,10,1017001001010040,あさひ,任せておくっすよ！,交给我吧！,芹沢あさひ,Morning,morning⑩
芹沢あさひ\Morning\morning⑩.csv,12,1017001001010050,あさひ,もしかして、これ危険な物なんすか！,难道这是危险物品！,芹沢あさひ,Morning,morning⑩
芹沢あさひ\Morning\morning⑩.csv,13,1017001001010060,あさひ,それなら仕方ないっす！　返してくるっす！,那就没办法了！　我去还回去！,芹沢あさひ,Morning,morning⑩
芹沢あさひ\Morning\morning⑩.csv,15,1017001001010070,あさひ,それって、上様って書くやつっすよね？,就是会写上尊敬的顾客的那个吧？,芹沢あさひ,Morning,morning⑩
芹沢あさひ\Morning\morning⑩.csv,16,1017001001010080,あさひ,な～んだ、全然面白くないっすよ～,什么嘛～一点意思都没有～,芹沢あさひ,Morning,morning⑩
芹沢あさひ\Morning\morning⑪.csv,3,1017001001110010,あさひ,プロデューサーさん、前も食べてたっすよね、それ！,制作人，你之前也吃过那个吧！,芹沢あさひ,Morning,morning⑪
芹沢あさひ\Morning\morning⑪.csv,4,1017001001110020,あさひ,先週と、１か月前も同じだったっす！,和上周，还有一个月前吃的一样！,芹沢あさひ,Morning,morning⑪
芹沢あさひ\Morning\morning⑪.csv,9,1017001001110030,あさひ,"そーっすねぇ……今までのプロデューサーさんの
食事サイクルからすると……","我想想啊……根据制作人至今为止的
饮食周期来看……",芹沢あさひ,Morning,morning⑪
芹沢あさひ\Morning\morning⑪.csv,10,1017001001110040,あさひ,"わかったっす！　３週間後っすね！
当たりっすよね！　ね！",我明白了！　是三周后吧！　我猜对了吧！,芹沢あさひ,Morning,morning⑪
芹沢あさひ\Morning\morning⑪.csv,12,1017001001110050,あさひ,なんか覚えちゃうんすよね,不知不觉就记住了,芹沢あさひ,Morning,morning⑪
芹沢あさひ\Morning\morning⑪.csv,13,1017001001110060,あさひ,美味しそうだったからっすかね～？,可能是因为看起来比较好吃吧～？,芹沢あさひ,Morning,morning⑪
芹沢あさひ\Morning\morning⑪.csv,15,1017001001110070,あさひ,そういうわけじゃないんすけど……,也不是这么回事啦……,芹沢あさひ,Morning,morning⑪
芹沢あさひ\Morning\morning⑪.csv,16,1017001001110080,あさひ,なんで気になっちゃうんすかね……うーん……,我为什么会在意这个呢……嗯……,芹沢あさひ,Morning,morning⑪
芹沢あさひ\Morning\morning⑫.csv,2,1017001001210010,あさひ,あ、プロデューサーさん、聞いてくださいっす,啊，制作人，你听我说啊,芹沢あさひ,Morning,morning⑫
芹沢あさひ\Morning\morning⑫.csv,4,1017001001210020,あさひ,さっき、愛依ちゃんに頭なでられたんすよ,刚才我被爱依摸了头,芹沢あさひ,Morning,morning⑫
芹沢あさひ\Morning\morning⑫.csv,9,1017001001210030,あさひ,よくなでてくるんすよね、愛依ちゃん,爱依经常会来摸我呢,芹沢あさひ,Morning,morning⑫
芹沢あさひ\Morning\morning⑫.csv,10,1017001001210040,あさひ,あはは、なんだかいい気持ちになるんすよね！,啊哈哈，总觉得被摸心情会变好呢！,芹沢あさひ,Morning,morning⑫
芹沢あさひ\Morning\morning⑫.csv,12,1017001001210050,あさひ,なでやすい……ふむふむ……,好摸吗……嗯嗯……,芹沢あさひ,Morning,morning⑫
芹沢あさひ\Morning\morning⑫.csv,13,1017001001210060,あさひ,"高さ……？　頭の大きさ……
それとも他の何か……","是因为身高……？是头的大小……
还是因为别的呢……",芹沢あさひ,Morning,morning⑫
芹沢あさひ\Morning\morning⑫.csv,15,1017001001210070,あさひ,別に嫌じゃないっすよ！,我不讨厌啊！,芹沢あさひ,Morning,morning⑫
芹沢あさひ\Morning\morning⑫.csv,16,1017001001210080,あさひ,"もしかして、プロデューサーさんは
なでられるの嫌なんすか……？","难不成，制作人
不喜欢被别人摸吗……？",芹沢あさひ,Morning,morning⑫
芹沢あさひ\Morning\morning⑬.csv,2,1017001001310010,あさひ,あはは、これ、面白いっす～！,啊哈哈，这个好有意思～！,芹沢あさひ,Morning,morning⑬
芹沢あさひ\Morning\morning⑬.csv,4,1017001001310020,あさひ,はいっす！　昨日本屋で見つけたんすよ,是啊！　昨天在书店里发现的,芹沢あさひ,Morning,morning⑬
芹沢あさひ\Morning\morning⑬.csv,9,1017001001310030,あさひ,プロデューサーさんも知りたいっすか！,制作人也想知道吗！,芹沢あさひ,Morning,morning⑬
芹沢あさひ\Morning\morning⑬.csv,10,1017001001310040,あさひ,"じゃあじゃあ、
終わったら貸すんで読んでほしいっす！","那么
我看完了就借给你看吧！",芹沢あさひ,Morning,morning⑬
芹沢あさひ\Morning\morning⑬.csv,12,1017001001310050,あさひ,ホントっすか！,真的吗！,芹沢あさひ,Morning,morning⑬
芹沢あさひ\Morning\morning⑬.csv,13,1017001001310060,あさひ,じゃあ、わたしが読み終わったら、色々と話すっすよ！,那么等我读完了，再好好聊聊吧！,芹沢あさひ,Morning,morning⑬
芹沢あさひ\Morning\morning⑬.csv,15,1017001001310070,あさひ,今は、面白いところだからダメっす！,我现在正读到有意思的地方，所以不能借！,芹沢あさひ,Morning,morning⑬
芹沢あさひ\Morning\morning⑬.csv,16,1017001001310080,あさひ,取っちゃ嫌っすよ！,不要拿走它！,芹沢あさひ,Morning,morning⑬
芹沢あさひ\Morning\morning⑭.csv,2,1017001001410010,あさひ,む～……！,唔～……！,芹沢あさひ,Morning,morning⑭
芹沢あさひ\Morning\morning⑭.csv,4,1017001001410020,あさひ,さっき、廊下で跳んでたら冬優子ちゃんに怒られたっす～,我刚才在走廊跳被冬优子骂了～,芹沢あさひ,Morning,morning⑭
芹沢あさひ\Morning\morning⑭.csv,9,1017001001410030,あさひ,"ちょうど冬優子ちゃんが階段から上がってきたとこ
だったっすよ",那时候冬优子刚好从楼梯上来,芹沢あさひ,Morning,morning⑭
芹沢あさひ\Morning\morning⑭.csv,10,1017001001410040,あさひ,……でも確かにそれがなきゃ転ぶとこだったっすね,"……但是，要是她没骂我的话
说不定我就会摔跤了",芹沢あさひ,Morning,morning⑭
芹沢あさひ\Morning\morning⑭.csv,13,1017001001410050,あさひ,プロデューサーさんもそう言うんすね……,制作人也这么说啊……,芹沢あさひ,Morning,morning⑭
芹沢あさひ\Morning\morning⑭.csv,14,1017001001410060,あさひ,でも、ふたりがそう言うなら止めとくっす,但是，你们俩都这么说了我就不跳了,芹沢あさひ,Morning,morning⑭
芹沢あさひ\Morning\morning⑭.csv,16,1017001001410070,あさひ,いや、意味はあるんすよ！,不，这有意义的！,芹沢あさひ,Morning,morning⑭
芹沢あさひ\Morning\morning⑭.csv,17,1017001001410080,あさひ,いいことがあって、思わずジャンプしちゃったんす！,是因为发生了好事，不由得跳了起来！,芹沢あさひ,Morning,morning⑭
芹沢あさひ\Morning\morning⑮.csv,2,1017001001510010,あさひ,"プロデューサーさん、この間
すごい人見つけたんすよ！",制作人，我前几天发现了个很厉害的人哦！,芹沢あさひ,Morning,morning⑮
芹沢あさひ\Morning\morning⑮.csv,4,1017001001510020,あさひ,それがですね、急に踊りだしたんすよ！,他突然就跳起了舞！,芹沢あさひ,Morning,morning⑮
芹沢あさひ\Morning\morning⑮.csv,9,1017001001510030,あさひ,えーっとっすね……こんな感じっす！,那个啊……就像这样！,芹沢あさひ,Morning,morning⑮
芹沢あさひ\Morning\morning⑮.csv,11,1017001001510040,あさひ,それでその後が──,然后是——,芹沢あさひ,Morning,morning⑮
芹沢あさひ\Morning\morning⑮.csv,13,1017001001510050,あさひ,え？　わたしみたいっすか？,什么？像我一样吗？,芹沢あさひ,Morning,morning⑮
芹沢あさひ\Morning\morning⑮.csv,14,1017001001510060,あさひ,どんなところがっすか？　教えてほしいっす,什么地方像了？告诉我,芹沢あさひ,Morning,morning⑮
芹沢あさひ\Morning\morning⑮.csv,16,1017001001510070,あさひ,あ、でもその人、すぐいなくなっちゃったんすよ,啊，但是那个人很快就不见了,芹沢あさひ,Morning,morning⑮
芹沢あさひ\Morning\morning⑮.csv,17,1017001001510080,あさひ,"残念っす……プロデューサーさんに
見せてあげられないっす",真遗憾……不能让制作人看到,芹沢あさひ,Morning,morning⑮
芹沢あさひ\S.T.E.P編\ここは、四角い空.csv,2,1017005040010,あさひ,……ふうっ,……呼唔,芹沢あさひ,S.T.E.P編,ここは、四角い空
芹沢あさひ\S.T.E.P編\ここは、四角い空.csv,3,1017005040020,あさひ,完璧にできた気がする！,感觉很完美了！,芹沢あさひ,S.T.E.P編,ここは、四角い空
芹沢あさひ\S.T.E.P編\ここは、四角い空.csv,4,1017005040030,あさひ,…………,…………,芹沢あさひ,S.T.E.P編,ここは、四角い空
芹沢あさひ\S.T.E.P編\ここは、四角い空.csv,7,1017005040040,あさひ,…………,…………,芹沢あさひ,S.T.E.P編,ここは、四角い空
芹沢あさひ\S.T.E.P編\ここは、四角い空.csv,8,1017005040050,あさひ,"じゃ、わたしはアイドルになって
完璧に歌とダンス、やってみたいっす！","那么，我要成为偶像
想跳完美的舞唱完美的歌！",芹沢あさひ,S.T.E.P編,ここは、四角い空
芹沢あさひ\S.T.E.P編\ここは、四角い空.csv,11,1017005040060,あさひ,ふーん……？,嗯……？,芹沢あさひ,S.T.E.P編,ここは、四角い空
芹沢あさひ\S.T.E.P編\ここは、四角い空.csv,12,1017005040070,あさひ,完璧なのに？,明明很完美？,芹沢あさひ,S.T.E.P編,ここは、四角い空
芹沢あさひ\S.T.E.P編\ここは、四角い空.csv,14,1017005040080,あさひ,じゃあ、どうしたらいっすか？,那么，怎么做才好呢？,芹沢あさひ,S.T.E.P編,ここは、四角い空
芹沢あさひ\S.T.E.P編\ここは、四角い空.csv,16,1017005040090,あさひ,"えー。すぐ知りたいっす！
わたしはなんすか？","诶ー。好像马上知道！
我需要什么呢？",芹沢あさひ,S.T.E.P編,ここは、四角い空
芹沢あさひ\S.T.E.P編\ここは、四角い空.csv,18,1017005040100,あさひ,見つかるっすか！？,能找到吗！？,芹沢あさひ,S.T.E.P編,ここは、四角い空
芹沢あさひ\S.T.E.P編\ここは、四角い空.csv,21,1017005040110,あさひ,……きらきら……,……闪闪发光……,芹沢あさひ,S.T.E.P編,ここは、四角い空
芹沢あさひ\S.T.E.P編\ここは、四角い空.csv,22,1017005040120,あさひ,…………,…………,芹沢あさひ,S.T.E.P編,ここは、四角い空
芹沢あさひ\S.T.E.P編\ここは、四角い空.csv,23,1017005040130,あさひ,んー……,嗯ー……,芹沢あさひ,S.T.E.P編,ここは、四角い空
芹沢あさひ\S.T.E.P編\ここは、四角い空.csv,24,1017005040140,あさひ,……よっと,……嘿哟,芹沢あさひ,S.T.E.P編,ここは、四角い空
芹沢あさひ\S.T.E.P編\ここは、四角い空.csv,25,1017005040150,あさひ,いた……,好痛……,芹沢あさひ,S.T.E.P編,ここは、四角い空
芹沢あさひ\S.T.E.P編\ここは、四角い空.csv,28,1017005040160,あさひ,わっ……わわっ！,哇……哇哇！,芹沢あさひ,S.T.E.P編,ここは、四角い空
芹沢あさひ\S.T.E.P編\ここは、四角い空.csv,29,1017005040170,あさひ,痛いっす～,好痛哦～,芹沢あさひ,S.T.E.P編,ここは、四角い空
芹沢あさひ\S.T.E.P編\ここは、四角い空.csv,31,1017005040180,あさひ,そんなことないっす,没有那种事,芹沢あさひ,S.T.E.P編,ここは、四角い空
芹沢あさひ\S.T.E.P編\ここは、四角い空.csv,33,1017005040190,あさひ,……,……,芹沢あさひ,S.T.E.P編,ここは、四角い空
芹沢あさひ\S.T.E.P編\ここは、四角い空.csv,34,1017005040200,あさひ,フェンスの向こう側に、行ってみたかったっす,我想去，栏杆的另一边,芹沢あさひ,S.T.E.P編,ここは、四角い空
芹沢あさひ\S.T.E.P編\ここは、四角い空.csv,35,1017005040210,あさひ,空見てたら、フェンスが邪魔だなって,栏杆挡着我看天了,芹沢あさひ,S.T.E.P編,ここは、四角い空
芹沢あさひ\S.T.E.P編\ここは、四角い空.csv,38,1017005040220,あさひ,"なんでっすか？
越えてみるだけっすよ。落ちたりしないっす","为什么呢？
我就是翻过去看看。掉不下去的",芹沢あさひ,S.T.E.P編,ここは、四角い空
芹沢あさひ\S.T.E.P編\ここは、四角い空.csv,41,1017005040230,あさひ,……なんで、他のみんなもなんすか,……为什么，别人也不准呢,芹沢あさひ,S.T.E.P編,ここは、四角い空
芹沢あさひ\S.T.E.P編\ここは、四角い空.csv,43,1017005040240,あさひ,……よくわかんないっす,……不太懂,芹沢あさひ,S.T.E.P編,ここは、四角い空
芹沢あさひ\S.T.E.P編\ここは、四角い空.csv,45,1017005040250,あさひ,………………,………………,芹沢あさひ,S.T.E.P編,ここは、四角い空
芹沢あさひ\S.T.E.P編\ここは、四角い空.csv,46,1017005040260,あさひ,じゃあ、向こうに行くにはどうしたらいっすか？,那么，想去那边的话该怎么办呢？,芹沢あさひ,S.T.E.P編,ここは、四角い空
芹沢あさひ\S.T.E.P編\ここは、四角い空.csv,47,1017005040270,あさひ,あっちに行ってみたいっす,我想去那边看看,芹沢あさひ,S.T.E.P編,ここは、四角い空
芹沢あさひ\S.T.E.P編\ここは、四角い空.csv,51,1017005040280,あさひ,…………,…………,芹沢あさひ,S.T.E.P編,ここは、四角い空
芹沢あさひ\S.T.E.P編\どうか、淵のない水のように.csv,3,1017005060010,あさひ,…………,…………,芹沢あさひ,S.T.E.P編,どうか、淵のない水のように
芹沢あさひ\S.T.E.P編\どうか、淵のない水のように.csv,5,1017005060020,あさひ,"許可取ってあるよ
授業中はだめだけど","我拿到批准了哦
虽然上课不能用",芹沢あさひ,S.T.E.P編,どうか、淵のない水のように
芹沢あさひ\S.T.E.P編\どうか、淵のない水のように.csv,7,1017005060030,あさひ,お兄さんじゃないよ,不是我哥哥哦,芹沢あさひ,S.T.E.P編,どうか、淵のない水のように
芹沢あさひ\S.T.E.P編\どうか、淵のない水のように.csv,9,1017005060040,あさひ,プロデューサーさん！,是制作人！,芹沢あさひ,S.T.E.P編,どうか、淵のない水のように
芹沢あさひ\S.T.E.P編\どうか、淵のない水のように.csv,10,1017005060050,あさひ,"じゃあ、行くね！
ばいばい！","那我走了！
拜拜！",芹沢あさひ,S.T.E.P編,どうか、淵のない水のように
芹沢あさひ\S.T.E.P編\どうか、淵のない水のように.csv,18,1017005060060,あさひ,プロデューサーさん！,制作人！,芹沢あさひ,S.T.E.P編,どうか、淵のない水のように
芹沢あさひ\S.T.E.P編\どうか、淵のない水のように.csv,21,1017005060070,あさひ,"そうなんすよ！
ここにあると、わたしが居つくからって","对啊！
说是桌椅放这里的话，我就会呆在这",芹沢あさひ,S.T.E.P編,どうか、淵のない水のように
芹沢あさひ\S.T.E.P編\どうか、淵のない水のように.csv,23,1017005060080,あさひ,そっちも、しばらくは立ち入り禁止っす,那边也暂时被禁止了,芹沢あさひ,S.T.E.P編,どうか、淵のない水のように
芹沢あさひ\S.T.E.P編\どうか、淵のない水のように.csv,24,1017005060090,あさひ,問題起こした子がいるからって,说是有人在上面惹事了,芹沢あさひ,S.T.E.P編,どうか、淵のない水のように
芹沢あさひ\S.T.E.P編\どうか、淵のない水のように.csv,26,1017005060100,あさひ,わたしじゃないっす,才不是我,芹沢あさひ,S.T.E.P編,どうか、淵のない水のように
芹沢あさひ\S.T.E.P編\どうか、淵のない水のように.csv,30,1017005060110,あさひ,"プロデューサーさん、プロデューサーさん！
早く行かないといけないんじゃないっすか？","制作人，制作人！
不是说不快点去不行吗？",芹沢あさひ,S.T.E.P編,どうか、淵のない水のように
芹沢あさひ\S.T.E.P編\どうか、淵のない水のように.csv,31,1017005060120,あさひ,冬優子ちゃん、愛依ちゃんが待ってるっすよ～！,小冬优子和小爱依都在等着啊～！,芹沢あさひ,S.T.E.P編,どうか、淵のない水のように
芹沢あさひ\S.T.E.P編\どうか、淵のない水のように.csv,33,1017005060130,あさひ,……大丈夫っす。ひとりでやるっす,……没事的。我一个人也可以的,芹沢あさひ,S.T.E.P編,どうか、淵のない水のように
芹沢あさひ\S.T.E.P編\まずは、地図を広げて.csv,13,1017005050010,あさひ,うーん……,唔ー嗯……,芹沢あさひ,S.T.E.P編,まずは、地図を広げて
芹沢あさひ\S.T.E.P編\まずは、地図を広げて.csv,15,1017005050020,あさひ,わっ……来てたっすか,哇……你来了啊,芹沢あさひ,S.T.E.P編,まずは、地図を広げて
芹沢あさひ\S.T.E.P編\まずは、地図を広げて.csv,17,1017005050030,あさひ,"そっすよ
旅とか転居とかの移動の足跡をたどってるっす","对啊
我记录了他旅行和移居的轨迹",芹沢あさひ,S.T.E.P編,まずは、地図を広げて
芹沢あさひ\S.T.E.P編\まずは、地図を広げて.csv,18,1017005050040,あさひ,"でも、１回作ったら、
小さい、見づらいって言われたっす","但是第一回他们说
太小了，有点看不清",芹沢あさひ,S.T.E.P編,まずは、地図を広げて
芹沢あさひ\S.T.E.P編\まずは、地図を広げて.csv,22,1017005050050,あさひ,えっ、そっすか？,诶，是吗？,芹沢あさひ,S.T.E.P編,まずは、地図を広げて
芹沢あさひ\S.T.E.P編\まずは、地図を広げて.csv,25,1017005050060,あさひ,"ふむふむ……いっすね！
もっとないっすか！？","嗯嗯……不错！
还有别的吗！？",芹沢あさひ,S.T.E.P編,まずは、地図を広げて
芹沢あさひ\S.T.E.P編\まずは、地図を広げて.csv,27,1017005050070,あさひ,"あははっ
これなら怒られずに済みそうっす","啊哈哈
这样我做完他们就不会生气了",芹沢あさひ,S.T.E.P編,まずは、地図を広げて
芹沢あさひ\S.T.E.P編\まずは、地図を広げて.csv,28,1017005050080,あさひ,"なんでこんなことわかるっすか？
すごいっす！","你怎么知道这些事的？
真厉害！",芹沢あさひ,S.T.E.P編,まずは、地図を広げて
芹沢あさひ\S.T.E.P編\まずは、地図を広げて.csv,30,1017005050090,あさひ,"──そうだ！
これも見てほしいっす！","──对了！
想让你看看这个！",芹沢あさひ,S.T.E.P編,まずは、地図を広げて
芹沢あさひ\S.T.E.P編\まずは、地図を広げて.csv,32,1017005050100,あさひ,"この人たちのライブ、すごいらしいっす
どうやったら見られるっすか？","这些人的演唱会，真厉害啊
怎么做才能看得到呢？",芹沢あさひ,S.T.E.P編,まずは、地図を広げて
芹沢あさひ\S.T.E.P編\まずは、地図を広げて.csv,34,1017005050110,あさひ,"早く歌ったり踊ったりしたいっすよ
どれから受けたらいいと思うっすか？","好像早点开始唱歌跳舞啊
你觉得从哪个开始报名才好呢？",芹沢あさひ,S.T.E.P編,まずは、地図を広げて
芹沢あさひ\S.T.E.P編\まずは、地図を広げて.csv,36,1017005050120,あさひ,……？,……？,芹沢あさひ,S.T.E.P編,まずは、地図を広げて
芹沢あさひ\S.T.E.P編\まずは、地図を広げて.csv,37,1017005050130,あさひ,この前、ここで先生に怒られたっす,之前我在这惹老师生气了,芹沢あさひ,S.T.E.P編,まずは、地図を広げて
芹沢あさひ\S.T.E.P編\まずは、地図を広げて.csv,39,1017005050140,あさひ,……遠くの方、見たかったっすよ,……我想看，远处的风景,芹沢あさひ,S.T.E.P編,まずは、地図を広げて
芹沢あさひ\S.T.E.P編\まずは、地図を広げて.csv,40,1017005050150,あさひ,でもフェンスが邪魔だったっす,但是栏杆很碍事,芹沢あさひ,S.T.E.P編,まずは、地図を広げて
芹沢あさひ\S.T.E.P編\まずは、地図を広げて.csv,44,1017005050160,あさひ,………………,………………,芹沢あさひ,S.T.E.P編,まずは、地図を広げて
芹沢あさひ\S.T.E.P編\まずは、地図を広げて.csv,46,1017005050170,あさひ,"さっきオーディション受けるのはだめって
言ったっす","刚才你说
我不能参加试镜",芹沢あさひ,S.T.E.P編,まずは、地図を広げて
芹沢あさひ\S.T.E.P編\まずは、地図を広げて.csv,52,1017005050180,あさひ,大丈夫っす。ひとりでやるっす,没事的。我一个人来,芹沢あさひ,S.T.E.P編,まずは、地図を広げて
芹沢あさひ\S.T.E.P編\まずは、地図を広げて.csv,54,1017005050190,あさひ,ひとりの方が、自由で楽しいっすから,一个人的话，自由点所以会开心,芹沢あさひ,S.T.E.P編,まずは、地図を広げて
芹沢あさひ\S.T.E.P編\まずは、地図を広げて.csv,60,1017005050200,あさひ,"地図……
宝探しみたいっすね","地图……
像寻宝一样呢",芹沢あさひ,S.T.E.P編,まずは、地図を広げて
芹沢あさひ\S.T.E.P編\まずは、地図を広げて.csv,63,1017005050210,あさひ,わかったっす,明白了,芹沢あさひ,S.T.E.P編,まずは、地図を広げて
芹沢あさひ\S.T.E.P編\まずは、地図を広げて.csv,64,1017005050220,あさひ,一緒にやってみるっす,一起试试看吧,芹沢あさひ,S.T.E.P編,まずは、地図を広げて
芹沢あさひ\S.T.E.P編\まずは、地図を広げて.csv,66,1017005050230,あさひ,よろしくっす、プロデューサーさん,请多指教，制作人,芹沢あさひ,S.T.E.P編,まずは、地図を広げて
芹沢あさひ\S.T.E.P編\フライング・ガール.csv,6,1017005020010,あさひ,ここ渡って──,从这里过去──,芹沢あさひ,S.T.E.P編,フライング・ガール
芹沢あさひ\S.T.E.P編\フライング・ガール.csv,9,1017005020020,あさひ,こっちでいいのかな……,走这边就可以了吧……,芹沢あさひ,S.T.E.P編,フライング・ガール
芹沢あさひ\S.T.E.P編\フライング・ガール.csv,10,1017005020030,あさひ,あ、もうすぐ着くって言っとこ,啊，给他说下我快到了吧,芹沢あさひ,S.T.E.P編,フライング・ガール
芹沢あさひ\S.T.E.P編\フライング・ガール.csv,14,1017005020040,あさひ,２８３……プロ……,２８３……事务……,芹沢あさひ,S.T.E.P編,フライング・ガール
芹沢あさひ\S.T.E.P編\フライング・ガール.csv,16,1017005020050,あさひ,こんにちはっす！,你好！,芹沢あさひ,S.T.E.P編,フライング・ガール
芹沢あさひ\S.T.E.P編\フライング・ガール.csv,18,1017005020060,あさひ,芹沢あさひっす！,叫芹泽朝日！,芹沢あさひ,S.T.E.P編,フライング・ガール
芹沢あさひ\S.T.E.P編\フライング・ガール.csv,20,1017005020070,あさひ,"プロデューサーって人が、
ここでレッスンできるって言ってたっすよ","有个叫制作人的人，
说这里可以上课的",芹沢あさひ,S.T.E.P編,フライング・ガール
芹沢あさひ\S.T.E.P編\フライング・ガール.csv,22,1017005020080,あさひ,わたし、早くやりたいっすよ！,我想快点开始！,芹沢あさひ,S.T.E.P編,フライング・ガール
芹沢あさひ\S.T.E.P編\フライング・ガール.csv,29,1017005020090,あさひ,────……,────……,芹沢あさひ,S.T.E.P編,フライング・ガール
芹沢あさひ\S.T.E.P編\フライング・ガール.csv,30,1017005020100,あさひ,……すべるなあ,……会打滑啊,芹沢あさひ,S.T.E.P編,フライング・ガール
芹沢あさひ\S.T.E.P編\フライング・ガール.csv,31,1017005020110,あさひ,あ、この前の人っす,啊，是之前遇到的那个人,芹沢あさひ,S.T.E.P編,フライング・ガール
芹沢あさひ\S.T.E.P編\フライング・ガール.csv,33,1017005020120,あさひ,連絡したっすよ、今から行くって,我联系过你了哦，说现在过来,芹沢あさひ,S.T.E.P編,フライング・ガール
芹沢あさひ\S.T.E.P編\フライング・ガール.csv,36,1017005020130,あさひ,"それより、さっきレッスン受けてた人、靴履いてたっす
あれだと、踊りやすいっすかね？","不说这个，刚才上个的那个人，是穿着鞋的
那样的话，能够容易跳点吗？",芹沢あさひ,S.T.E.P編,フライング・ガール
芹沢あさひ\S.T.E.P編\フライング・ガール.csv,38,1017005020140,あさひ,"くるっと回るのは、しゅーってできるっすけど
キュッてかっこよく止まれないっす！","要是我咕噜转一下，倒是可以咻咻地转圈
但没办法啪地一下帅气地停下来！",芹沢あさひ,S.T.E.P編,フライング・ガール
芹沢あさひ\S.T.E.P編\フライング・ガール.csv,39,1017005020150,あさひ,こんな感じで──,像这种感觉──,芹沢あさひ,S.T.E.P編,フライング・ガール
芹沢あさひ\S.T.E.P編\フライング・ガール.csv,41,1017005020160,あさひ,ここ、どうしてもすべっちゃうっす,这里无论如何都会打滑呢,芹沢あさひ,S.T.E.P編,フライング・ガール
芹沢あさひ\S.T.E.P編\フライング・ガール.csv,45,1017005020170,あさひ,えー、早くやりたいっすよ,诶ー，好想快点开始哦,芹沢あさひ,S.T.E.P編,フライング・ガール
芹沢あさひ\S.T.E.P編\フライング・ガール.csv,48,1017005020180,あさひ,それは、やってくれるって言ったっす,那些事，你说了会帮我搞定的,芹沢あさひ,S.T.E.P編,フライング・ガール
芹沢あさひ\S.T.E.P編\フライング・ガール.csv,51,1017005020190,あさひ,────……,────……,芹沢あさひ,S.T.E.P編,フライング・ガール
芹沢あさひ\S.T.E.P編\フライング・ガール.csv,52,1017005020200,あさひ,"もう、いっす
帰るっす","算了
我要回去了",芹沢あさひ,S.T.E.P編,フライング・ガール
芹沢あさひ\S.T.E.P編\フライング・ガール.csv,55,1017005020210,あさひ,…………,…………,芹沢あさひ,S.T.E.P編,フライング・ガール
芹沢あさひ\S.T.E.P編\フライング・ガール.csv,57,1017005020220,あさひ,はいっす,嗯,芹沢あさひ,S.T.E.P編,フライング・ガール
芹沢あさひ\S.T.E.P編\フライング・ガール.csv,61,1017005020230,あさひ,こんな感じで──,就像这样──,芹沢あさひ,S.T.E.P編,フライング・ガール
芹沢あさひ\S.T.E.P編\未知との遭遇.csv,4,1017005010020,あさひ,……わっ！？,……哇！？,芹沢あさひ,S.T.E.P編,未知との遭遇
芹沢あさひ\S.T.E.P編\未知との遭遇.csv,8,1017005010030,あさひ,どこにあるの？　サバンナ,热带草原在哪呢？,芹沢あさひ,S.T.E.P編,未知との遭遇
芹沢あさひ\S.T.E.P編\未知との遭遇.csv,10,1017005010040,あさひ,ヒョウとか、バッファロー！,有豹子，还有水牛！,芹沢あさひ,S.T.E.P編,未知との遭遇
芹沢あさひ\S.T.E.P編\未知との遭遇.csv,12,1017005010050,あさひ,"…………
さっき先生と話してた、ビョーンってなるやつ……！","…………
刚才和老师谈到的，咻地一下蹦出来的那个……！",芹沢あさひ,S.T.E.P編,未知との遭遇
芹沢あさひ\S.T.E.P編\未知との遭遇.csv,14,1017005010060,あさひ,ありがと！,谢谢！,芹沢あさひ,S.T.E.P編,未知との遭遇
芹沢あさひ\S.T.E.P編\未知との遭遇.csv,17,1017005010070,あさひ,ん？　ないよ,嗯？　没有哦,芹沢あさひ,S.T.E.P編,未知との遭遇
芹沢あさひ\S.T.E.P編\未知との遭遇.csv,18,1017005010080,あさひ,ばいばい！,拜拜！,芹沢あさひ,S.T.E.P編,未知との遭遇
芹沢あさひ\S.T.E.P編\未知との遭遇.csv,20,1017005010090,あさひ,あははっ,哈哈,芹沢あさひ,S.T.E.P編,未知との遭遇
芹沢あさひ\S.T.E.P編\未知との遭遇.csv,21,1017005010100,あさひ,……ここのモニターだ,……就是这里的屏幕啊,芹沢あさひ,S.T.E.P編,未知との遭遇
芹沢あさひ\S.T.E.P編\未知との遭遇.csv,22,1017005010110,あさひ,全然、出てこない……,完全没看到啊……,芹沢あさひ,S.T.E.P編,未知との遭遇
芹沢あさひ\S.T.E.P編\未知との遭遇.csv,23,1017005010120,あさひ,どのくらい待ったら出てくるかな,还要等多久才会有呢,芹沢あさひ,S.T.E.P編,未知との遭遇
芹沢あさひ\S.T.E.P編\未知との遭遇.csv,24,1017005010130,あさひ,…………,…………,芹沢あさひ,S.T.E.P編,未知との遭遇
芹沢あさひ\S.T.E.P編\未知との遭遇.csv,25,1017005010140,あさひ,"わ……すごい、動いてる
体……","哇……跳得好激烈
身体……",芹沢あさひ,S.T.E.P編,未知との遭遇
芹沢あさひ\S.T.E.P編\未知との遭遇.csv,26,1017005010150,あさひ,……ダンス……？,……舞蹈……？,芹沢あさひ,S.T.E.P編,未知との遭遇
芹沢あさひ\S.T.E.P編\未知との遭遇.csv,27,1017005010160,あさひ,終わっちゃった,结束了,芹沢あさひ,S.T.E.P編,未知との遭遇
芹沢あさひ\S.T.E.P編\未知との遭遇.csv,28,1017005010170,あさひ,────…………,────…………,芹沢あさひ,S.T.E.P編,未知との遭遇
芹沢あさひ\S.T.E.P編\未知との遭遇.csv,29,1017005010180,あさひ,飛びながら、バッと手、伸ばして……,跳起来的时候，啪地一下，伸出手来……,芹沢あさひ,S.T.E.P編,未知との遭遇
芹沢あさひ\S.T.E.P編\未知との遭遇.csv,30,1017005010190,あさひ,"ちょっと、早いかも
なんか、にゅるんってしてた","可能稍微早了点
感觉动作有点软绵绵的",芹沢あさひ,S.T.E.P編,未知との遭遇
芹沢あさひ\S.T.E.P編\未知との遭遇.csv,32,1017005010200,あさひ,"ここで、こう反って……
あ、ここ動かせる……","这里，像这样反过来……
啊，这里动一下……",芹沢あさひ,S.T.E.P編,未知との遭遇
芹沢あさひ\S.T.E.P編\未知との遭遇.csv,33,1017005010210,あさひ,……もう一回流れないかな、さっきの,……刚才的，能不能再放一次呢,芹沢あさひ,S.T.E.P編,未知との遭遇
芹沢あさひ\S.T.E.P編\未知との遭遇.csv,34,1017005010220,あさひ,……来た,……来了,芹沢あさひ,S.T.E.P編,未知との遭遇
芹沢あさひ\S.T.E.P編\未知との遭遇.csv,36,1017005010230,あさひ,？　わたしっすか？,？　我吗？,芹沢あさひ,S.T.E.P編,未知との遭遇
芹沢あさひ\S.T.E.P編\未知との遭遇.csv,37,1017005010240,あさひ,"はい！　わたし、芹沢あさひっす！
よろしくっす！","好的！　我是芹泽朝日！
请多指教！",芹沢あさひ,S.T.E.P編,未知との遭遇
芹沢あさひ\S.T.E.P編\未知との遭遇.csv,38,1017005010250,あさひ,"アイドルかあ……
それで？　何からするっすか？","偶像吗……
然后呢？　要从什么开始做起？",芹沢あさひ,S.T.E.P編,未知との遭遇
芹沢あさひ\S.T.E.P編\未知との遭遇.csv,39,1017005010260,あさひ,わたし、さっきのダンスみたいなのやってみたいっす,我想做些和刚才那样跳舞类似的事,芹沢あさひ,S.T.E.P編,未知との遭遇
芹沢あさひ\S.T.E.P編\未知との遭遇.csv,43,1017005010270,あさひ,"ふーん……
よくわかんないから、任せるっす","嗯ー……
搞不明白，交给你了",芹沢あさひ,S.T.E.P編,未知との遭遇
芹沢あさひ\S.T.E.P編\未知との遭遇.csv,44,1017005010280,あさひ,じゃあ、もういっすね,那么，这样就可以了吧,芹沢あさひ,S.T.E.P編,未知との遭遇
芹沢あさひ\S.T.E.P編\未知との遭遇.csv,45,1017005010290,あさひ,それじゃ！,那再见啦！,芹沢あさひ,S.T.E.P編,未知との遭遇
芹沢あさひ\S.T.E.P編\未知との遭遇.csv,49,1017005010300,あさひ,チェインならある気がするっす,邮箱好像是有的,芹沢あさひ,S.T.E.P編,未知との遭遇
芹沢あさひ\S.T.E.P編\未知との遭遇.csv,50,1017005010310,あさひ,どうやってやるっすか？,要怎么弄呢？,芹沢あさひ,S.T.E.P編,未知との遭遇
芹沢あさひ\S.T.E.P編\椅子と机の惑星.csv,12,1017005030010,あさひ,────……,────……,芹沢あさひ,S.T.E.P編,椅子と机の惑星
芹沢あさひ\S.T.E.P編\椅子と机の惑星.csv,14,1017005030020,あさひ,……ああ,……啊啊,芹沢あさひ,S.T.E.P編,椅子と机の惑星
芹沢あさひ\S.T.E.P編\椅子と机の惑星.csv,16,1017005030030,あさひ,"偉人の地図を描くっす
班の自由研究で","我在画伟人的地图
是班上的自由研究课题",芹沢あさひ,S.T.E.P編,椅子と机の惑星
芹沢あさひ\S.T.E.P編\椅子と机の惑星.csv,18,1017005030040,あさひ,そっす。今は何を描くかから調べてるっす,是的。现在我在从该画什么开始调查,芹沢あさひ,S.T.E.P編,椅子と机の惑星
芹沢あさひ\S.T.E.P編\椅子と机の惑星.csv,19,1017005030050,あさひ,下書き終わるまで、帰っちゃだめって言われてるっす,说是画不完草稿就不准回家,芹沢あさひ,S.T.E.P編,椅子と机の惑星
芹沢あさひ\S.T.E.P編\椅子と机の惑星.csv,21,1017005030060,あさひ,係はわたしっすから,因为我就是负责这个的,芹沢あさひ,S.T.E.P編,椅子と机の惑星
芹沢あさひ\S.T.E.P編\椅子と机の惑星.csv,24,1017005030070,あさひ,"……？　これ、元からここにあったっすよ
たぶん予備とかっす","……？　这个本身就是在这里的
估计是备用的",芹沢あさひ,S.T.E.P編,椅子と机の惑星
芹沢あさひ\S.T.E.P編\椅子と机の惑星.csv,26,1017005030080,あさひ,なんでここにいるっすか？,你怎么在这里呢？,芹沢あさひ,S.T.E.P編,椅子と机の惑星
芹沢あさひ\S.T.E.P編\椅子と机の惑星.csv,28,1017005030090,あさひ,……？,……？,芹沢あさひ,S.T.E.P編,椅子と机の惑星
芹沢あさひ\S.T.E.P編\椅子と机の惑星.csv,31,1017005030100,あさひ,そうだ、見てほしいものがあるっす！,对了，有个东西想给你看！,芹沢あさひ,S.T.E.P編,椅子と机の惑星
芹沢あさひ\S.T.E.P編\椅子と机の惑星.csv,33,1017005030110,あさひ,～～！,～～！,芹沢あさひ,S.T.E.P編,椅子と机の惑星
芹沢あさひ\S.T.E.P編\椅子と机の惑星.csv,35,1017005030120,あさひ,ここなら、前よりちゃんと踊れるっす！,要是在这里的话，就能比之前跳得好！,芹沢あさひ,S.T.E.P編,椅子と机の惑星
芹沢あさひ\S.T.E.P編\椅子と机の惑星.csv,36,1017005030130,あさひ,えいっ……ほっ……,嘿……哈……,芹沢あさひ,S.T.E.P編,椅子と机の惑星
芹沢あさひ\S.T.E.P編\椅子と机の惑星.csv,38,1017005030140,あさひ,……っ,……,芹沢あさひ,S.T.E.P編,椅子と机の惑星
芹沢あさひ\S.T.E.P編\椅子と机の惑星.csv,39,1017005030150,あさひ,はぁっ……どっすか！？,哈啊……如何！？,芹沢あさひ,S.T.E.P編,椅子と机の惑星
芹沢あさひ\S.T.E.P編\椅子と机の惑星.csv,40,1017005030160,あさひ,曲、なかったっすけど……,虽然没有曲子……,芹沢あさひ,S.T.E.P編,椅子と机の惑星
芹沢あさひ\S.T.E.P編\椅子と机の惑星.csv,43,1017005030170,あさひ,はぁ……はぁ……,哈啊……哈啊……,芹沢あさひ,S.T.E.P編,椅子と机の惑星
芹沢あさひ\S.T.E.P編\椅子と机の惑星.csv,44,1017005030180,あさひ,これで、歌もあるっすか……？,除了这个还得唱歌吗……？,芹沢あさひ,S.T.E.P編,椅子と机の惑星
芹沢あさひ\S.T.E.P編\椅子と机の惑星.csv,46,1017005030190,あさひ,"ほんとっすか！
早く教えてほしいっす～！","真的吗！
快点教我～！",芹沢あさひ,S.T.E.P編,椅子と机の惑星
芹沢あさひ\S.T.E.P編\椅子と机の惑星.csv,57,1017005030200,あさひ,…………,…………,芹沢あさひ,S.T.E.P編,椅子と机の惑星
芹沢あさひ\S.T.E.P編\椅子と机の惑星.csv,59,1017005030210,あさひ,"下書き終わったよ
これでいい？","草稿画完了哦
这样可以吗？",芹沢あさひ,S.T.E.P編,椅子と机の惑星
芹沢あさひ\S.T.E.P編\椅子と机の惑星.csv,64,1017005030220,あさひ,お兄さんじゃないよ,不是哥哥哦,芹沢あさひ,S.T.E.P編,椅子と机の惑星
芹沢あさひ\S.T.E.P編\椅子と机の惑星.csv,66,1017005030230,あさひ,……何って……,……谁……,芹沢あさひ,S.T.E.P編,椅子と机の惑星
芹沢あさひ\W.I.N.G.編\produce_events_101700002.csv,5,1017001010010,あさひ,よっ……ほっ……っと,哟……嗬……,芹沢あさひ,W.I.N.G.編,produce_events_101700002
芹沢あさひ\W.I.N.G.編\produce_events_101700002.csv,7,1017001010020,あさひ,──ここは……こう？──,——这里是……这样？——,芹沢あさひ,W.I.N.G.編,produce_events_101700002
芹沢あさひ\W.I.N.G.編\produce_events_101700002.csv,9,1017001010030,あさひ,──っと……うん、決まった！,——这样……嗯，完成了！,芹沢あさひ,W.I.N.G.編,produce_events_101700002
芹沢あさひ\W.I.N.G.編\produce_events_101700002.csv,11,1017001010040,あさひ,？　わたしっすか？,？　是在说我吗？,芹沢あさひ,W.I.N.G.編,produce_events_101700002
芹沢あさひ\W.I.N.G.編\produce_events_101700002.csv,13,1017001010050,あさひ,"ううん、ちょっとやってみただけっすよ
見てたら楽しそうだったんで！","不是哦，只是想试着模仿一下
因为看着就很有趣的样子！",芹沢あさひ,W.I.N.G.編,produce_events_101700002
芹沢あさひ\W.I.N.G.編\produce_events_101700002.csv,15,1017001010060,あさひ,はいっす！,对噢！,芹沢あさひ,W.I.N.G.編,produce_events_101700002
芹沢あさひ\W.I.N.G.編\produce_events_101700002.csv,18,1017001010070,あさひ,～♪,～♪,芹沢あさひ,W.I.N.G.編,produce_events_101700002
芹沢あさひ\W.I.N.G.編\produce_events_101700002.csv,20,1017001010080,あさひ,……,……,芹沢あさひ,W.I.N.G.編,produce_events_101700002
芹沢あさひ\W.I.N.G.編\produce_events_101700002.csv,21,1017001010090,あさひ,『プロデューサー』……っすか？,“制作人”……吗？,芹沢あさひ,W.I.N.G.編,produce_events_101700002
芹沢あさひ\W.I.N.G.編\produce_events_101700002.csv,23,1017001010100,あさひ,アイドルって、どんなことするんすか？,偶像，通常是做什么工作的呀？,芹沢あさひ,W.I.N.G.編,produce_events_101700002
芹沢あさひ\W.I.N.G.編\produce_events_101700002.csv,27,1017001010110,あさひ,……！,……！,芹沢あさひ,W.I.N.G.編,produce_events_101700002
芹沢あさひ\W.I.N.G.編\produce_events_101700002.csv,28,1017001010120,あさひ,"面白そーっす！
わたし、アイドルやってみたいっす！","好像很有趣的样子！
我想，试试做偶像！",芹沢あさひ,W.I.N.G.編,produce_events_101700002
芹沢あさひ\W.I.N.G.編\produce_events_101700002.csv,30,1017001010130,あさひ,"はい！　わたし、芹沢あさひっす！
よろしくっす！",嗯！我叫，芹泽朝日！多多指教！,芹沢あさひ,W.I.N.G.編,produce_events_101700002
芹沢あさひ\W.I.N.G.編\その心、飽くことなし.csv,3,1017001040010,あさひ,"プロデューサーさん、今日もありがとっす！
お疲れっす！","制作人，谢谢！
辛苦您了！",芹沢あさひ,W.I.N.G.編,その心、飽くことなし
芹沢あさひ\W.I.N.G.編\その心、飽くことなし.csv,10,1017001040020,あさひ,"あ、プロデューサーさん！
お疲れさまっす！","啊，制作人！
辛苦了！",芹沢あさひ,W.I.N.G.編,その心、飽くことなし
芹沢あさひ\W.I.N.G.編\その心、飽くことなし.csv,12,1017001040030,あさひ,"今は発声の本を読んでたっす！
前の映像のヒント、あるんじゃないかと思って！","我在读关于发音的书呢！
说不定有之前录像相关的提示呢！",芹沢あさひ,W.I.N.G.編,その心、飽くことなし
芹沢あさひ\W.I.N.G.編\その心、飽くことなし.csv,15,1017001040040,あさひ,そっす！　でもなんでそんなこと聞くんすか？,对噢！　但是为什么要这么问呢？,芹沢あさひ,W.I.N.G.編,その心、飽くことなし
芹沢あさひ\W.I.N.G.編\その心、飽くことなし.csv,16,1017001040050,あさひ,"あ、レッスンのあとにライブに行ったりもしてるっす！
やっぱ生で見ると色んなことが見えるんすよね！","啊，课程结束之后也有去看现场之类的哦！
果然在现场看的话能注意到很多不一样的东西呢！",芹沢あさひ,W.I.N.G.編,その心、飽くことなし
芹沢あさひ\W.I.N.G.編\その心、飽くことなし.csv,19,1017001040060,あさひ,……ごめんなさいっす,……对不起,芹沢あさひ,W.I.N.G.編,その心、飽くことなし
芹沢あさひ\W.I.N.G.編\その心、飽くことなし.csv,22,1017001040070,あさひ,それはいやっす！,这我办不到！,芹沢あさひ,W.I.N.G.編,その心、飽くことなし
芹沢あさひ\W.I.N.G.編\その心、飽くことなし.csv,24,1017001040080,あさひ,"頭から離れてくれないんっすよ！
あの輝きとかドキドキが……","因为一直在脑海里挥之不去啊！
那个时候的光芒和自己砰砰的心跳……",芹沢あさひ,W.I.N.G.編,その心、飽くことなし
芹沢あさひ\W.I.N.G.編\その心、飽くことなし.csv,25,1017001040090,あさひ,"絶対ああなりたいって、
わたしもなんでかわかんないっすけど……","一定要成为那样的存在，
虽然我也不是很清楚为什么会这样想",芹沢あさひ,W.I.N.G.編,その心、飽くことなし
芹沢あさひ\W.I.N.G.編\その心、飽くことなし.csv,26,1017001040100,あさひ,"とにかくあの気持ちを確かめないと
納得いかないっす！","总之要是不确认那个心情的话
我是没办法认可的啊！",芹沢あさひ,W.I.N.G.編,その心、飽くことなし
芹沢あさひ\W.I.N.G.編\その心、飽くことなし.csv,27,1017001040110,あさひ,"プロデューサーさんが
心配してくれるのは嬉しいっすけど……","虽然我也很开心
制作人能这么关心我",芹沢あさひ,W.I.N.G.編,その心、飽くことなし
芹沢あさひ\W.I.N.G.編\その心、飽くことなし.csv,28,1017001040120,あさひ,"でも……それでも、じっとしてらんないっす！
わたしは、もっと……！","但是……就算是这样，我也不能什么都不干！
我啊，想要更加……！",芹沢あさひ,W.I.N.G.編,その心、飽くことなし
芹沢あさひ\W.I.N.G.編\その心、飽くことなし.csv,35,1017001040130,あさひ,……どゆことっすか？,……是指什么呢？,芹沢あさひ,W.I.N.G.編,その心、飽くことなし
芹沢あさひ\W.I.N.G.編\その心、飽くことなし.csv,38,1017001040140,あさひ,"！　あはは、さすがっす、プロデューサーさん！
明日からもレッスンレッスン、っすね～！","！　啊哈哈，真不愧是制作人啊！
明天开始也继续练习再练习噢～！",芹沢あさひ,W.I.N.G.編,その心、飽くことなし
芹沢あさひ\W.I.N.G.編\その心、飽くことなし.csv,41,1017001040150,あさひ,"はい、約束っす～！
これでもーっと色々研究できるっすね！","好的，我答应您～！
这样就能研究更多的事了呢！",芹沢あさひ,W.I.N.G.編,その心、飽くことなし
芹沢あさひ\W.I.N.G.編\その心、飽くことなし.csv,42,1017001040160,あさひ,ワクワクが止まんないっすね、プロデューサーさん！,真是让人心动不已啊，制作人！,芹沢あさひ,W.I.N.G.編,その心、飽くことなし
芹沢あさひ\W.I.N.G.編\その心、飽くことなし.csv,45,1017001040170,あさひ,"え、なんでっすか？
わたし、早く上手くなりたいっす！","诶，为什么啊？
我啊，想快点做得更好！",芹沢あさひ,W.I.N.G.編,その心、飽くことなし
芹沢あさひ\W.I.N.G.編\その心、飽くことなし.csv,49,1017001040180,あさひ,"それは……違うっす！
そんなの全然楽しくないっす！","那……当然不是！
那样一点也不开心！",芹沢あさひ,W.I.N.G.編,その心、飽くことなし
芹沢あさひ\W.I.N.G.編\その心、飽くことなし.csv,52,1017001040190,あさひ,……プロデューサーさん,……制作人,芹沢あさひ,W.I.N.G.編,その心、飽くことなし
芹沢あさひ\W.I.N.G.編\その心、飽くことなし.csv,53,1017001040200,あさひ,"わたし、誓うっす！
もう絶対無理しないって！","我发誓！
今后绝对不乱来了！",芹沢あさひ,W.I.N.G.編,その心、飽くことなし
芹沢あさひ\W.I.N.G.編\その心、飽くことなし.csv,56,1017001040210,あさひ,"へ？
こんな感じっすか？","诶？
像这样吗？",芹沢あさひ,W.I.N.G.編,その心、飽くことなし
芹沢あさひ\W.I.N.G.編\その心、飽くことなし.csv,58,1017001040220,あさひ,違和感……っすか？,不对的……吗？,芹沢あさひ,W.I.N.G.編,その心、飽くことなし
芹沢あさひ\W.I.N.G.編\その心、飽くことなし.csv,60,1017001040230,あさひ,"……そっすね
プロデューサーさんが言うなら、きっとそうっす","……这样啊
如果制作人这么认为的话，那一定就是这样",芹沢あさひ,W.I.N.G.編,その心、飽くことなし
芹沢あさひ\W.I.N.G.編\その心、飽くことなし.csv,64,1017001040240,あさひ,ふんふん、自分の体のことも気を遣わなきゃならないんすね,嗯嗯，必须要注意自己的身体状况吗,芹沢あさひ,W.I.N.G.編,その心、飽くことなし
芹沢あさひ\W.I.N.G.編\その心、飽くことなし.csv,66,1017001040250,あさひ,わかったっす！　プロデューサーさん！　ありがとっす！,我明白了！　制作人，谢谢您！,芹沢あさひ,W.I.N.G.編,その心、飽くことなし
芹沢あさひ\W.I.N.G.編\オーディション前①.csv,2,4017001000110010,あさひ,わたし、どっすか？,我看起来，怎么样？,芹沢あさひ,W.I.N.G.編,オーディション前①
芹沢あさひ\W.I.N.G.編\オーディション前①.csv,7,4017001000110020,あさひ,あ！　そっすか！　そう見えるんすね！　やった！,啊！　这样么！　我看起来是这样的啊！　太好了！,芹沢あさひ,W.I.N.G.編,オーディション前①
芹沢あさひ\W.I.N.G.編\オーディション前①.csv,9,4017001000110030,あさひ,そう見えるんすね……なるほどなるほど,您是这么觉得吗……原来如此原来如此,芹沢あさひ,W.I.N.G.編,オーディション前①
芹沢あさひ\W.I.N.G.編\オーディション前①.csv,11,4017001000110040,あさひ,"そんなことないと思うんすけど……
うーん……まぁそういうことにしておくっす","我是不这么觉得啦……
嗯……好吧就当成是这么回事吧",芹沢あさひ,W.I.N.G.編,オーディション前①
芹沢あさひ\W.I.N.G.編\オーディション前②.csv,2,4017001000120010,あさひ,……,……,芹沢あさひ,W.I.N.G.編,オーディション前②
芹沢あさひ\W.I.N.G.編\オーディション前②.csv,7,4017001000120020,あさひ,"わっ！　びっくりしたっす！
あ！　でも今のでいいこと思いついたっす！","哇！　吓了我一跳！
啊！　不过这让我想到个好主意了！",芹沢あさひ,W.I.N.G.編,オーディション前②
芹沢あさひ\W.I.N.G.編\オーディション前②.csv,9,4017001000120030,あさひ,…………よし！　いけそうっす！,…………好！　感觉能行！,芹沢あさひ,W.I.N.G.編,オーディション前②
芹沢あさひ\W.I.N.G.編\オーディション前②.csv,11,4017001000120040,あさひ,えっ！？　あ！　今のでなんか忘れたっす！,诶！？　啊！　你害我把什么东西忘掉了啦！,芹沢あさひ,W.I.N.G.編,オーディション前②
芹沢あさひ\W.I.N.G.編\オーディション前③.csv,2,4017001000130010,あさひ,ここでこうすれば……よし、いけそうっす！,这里这样的话……好，感觉行得通！,芹沢あさひ,W.I.N.G.編,オーディション前③
芹沢あさひ\W.I.N.G.編\オーディション前③.csv,7,4017001000130020,あさひ,そうなんすよ！　あ～、気分が盛り上がってきたっす！,就是啊！　啊～感觉情绪高涨起来咯！,芹沢あさひ,W.I.N.G.編,オーディション前③
芹沢あさひ\W.I.N.G.編\オーディション前③.csv,9,4017001000130030,あさひ,"あはは、ちょっと秘密っすよ！　
ステージ楽しみにしててほしいっす！","啊哈哈，先保密！
您就期待着我的舞台表演吧！",芹沢あさひ,W.I.N.G.編,オーディション前③
芹沢あさひ\W.I.N.G.編\オーディション前③.csv,11,4017001000130040,あさひ,"え～……やめた方がいいっすかー？
む～",诶～……放弃比较好吗？,芹沢あさひ,W.I.N.G.編,オーディション前③
芹沢あさひ\W.I.N.G.編\オーディション前⑤.csv,2,4017001000220010,あさひ,う～、ちょっとドキドキしてきたっす！,呜～心脏在扑通扑通地跳！,芹沢あさひ,W.I.N.G.編,オーディション前⑤
芹沢あさひ\W.I.N.G.編\オーディション前⑤.csv,7,4017001000220020,あさひ,そっすよね！　緊張してるのかと思ったっす！,是这样！我还以为是紧张了呢！,芹沢あさひ,W.I.N.G.編,オーディション前⑤
芹沢あさひ\W.I.N.G.編\オーディション前⑤.csv,9,4017001000220030,あさひ,"緊張……確かに緊張してるのかもしれないっす
なるほど、この感じが……","紧张……确实我可能是在紧张
原来如此，这种感觉就是……",芹沢あさひ,W.I.N.G.編,オーディション前⑤
芹沢あさひ\W.I.N.G.編\オーディション前⑤.csv,11,4017001000220040,あさひ,"す～、は～……大丈夫そうっすね
あ、でもさっきまでの感覚も悪くなかったんすけど……","吸气～呼气～……应该没问题
啊，不过刚才的感觉也不坏就是了……",芹沢あさひ,W.I.N.G.編,オーディション前⑤
芹沢あさひ\W.I.N.G.編\オーディション前⑥.csv,2,4017001000230010,あさひ,うわぁ～、周り、みんな見たことある人ばっかっす～,呜哇～周围净是些眼熟的人诶～,芹沢あさひ,W.I.N.G.編,オーディション前⑥
芹沢あさひ\W.I.N.G.編\オーディション前⑥.csv,7,4017001000230020,あさひ,"はいっす！　わたしの番が来るまで
徹底的に他の人を研究するっすよ～！","没错！　在轮到我之前
一定要彻头彻尾地研究一下其他人～！",芹沢あさひ,W.I.N.G.編,オーディション前⑥
芹沢あさひ\W.I.N.G.編\オーディション前⑥.csv,9,4017001000230030,あさひ,"ありがとっす！　早くステージに立ちたくて
むしろワクワクしてるっすよ！","谢谢！　因为想早点站上舞台
都让我兴奋得不行啦！",芹沢あさひ,W.I.N.G.編,オーディション前⑥
芹沢あさひ\W.I.N.G.編\オーディション前⑥.csv,11,4017001000230040,あさひ,他の人を見るのもいい研究になると思うんすけど……,我觉得观察其他人也是挺好的一项研究啊……,芹沢あさひ,W.I.N.G.編,オーディション前⑥
芹沢あさひ\W.I.N.G.編\オーディション後①.csv,3,5017001000110010,あさひ,うーん……,唔……,芹沢あさひ,W.I.N.G.編,オーディション後①
芹沢あさひ\W.I.N.G.編\オーディション後①.csv,5,5017001000110020,あさひ,引っかかってることがあるんすよね～,总觉得有什么东西让人有点在意啊～,芹沢あさひ,W.I.N.G.編,オーディション後①
芹沢あさひ\W.I.N.G.編\オーディション後①.csv,7,5017001000110030,あさひ,"それが何か分からないんすよ……
なんなんすかね～……","但是不清楚到底是什么啊……
是什么呢～",芹沢あさひ,W.I.N.G.編,オーディション後①
芹沢あさひ\W.I.N.G.編\オーディション後①.csv,8,5017001000110040,あさひ,うーん……,唔……,芹沢あさひ,W.I.N.G.編,オーディション後①
芹沢あさひ\W.I.N.G.編\オーディション後②.csv,2,5017001000120010,あさひ,いち、に、さん、し,一、二、三、四,芹沢あさひ,W.I.N.G.編,オーディション後②
芹沢あさひ\W.I.N.G.編\オーディション後②.csv,4,5017001000120020,あさひ,ご、ろく、しち、はち、ここで、こう！,五、六、七、八，就在这，这样！,芹沢あさひ,W.I.N.G.編,オーディション後②
芹沢あさひ\W.I.N.G.編\オーディション後②.csv,6,5017001000120030,あさひ,うーん、まだ何かが違う……,唔，好像还是有什么不太对……,芹沢あさひ,W.I.N.G.編,オーディション後②
芹沢あさひ\W.I.N.G.編\オーディション後②.csv,7,5017001000120040,あさひ,あ！　プロデューサーさん、お疲れっす,啊！　制作人，您辛苦了,芹沢あさひ,W.I.N.G.編,オーディション後②
芹沢あさひ\W.I.N.G.編\オーディション後②.csv,9,5017001000120050,あさひ,はいっす！　ありがとっす！　プロデューサーさん！,嗯！　谢谢制作人！,芹沢あさひ,W.I.N.G.編,オーディション後②
芹沢あさひ\W.I.N.G.編\オーディション後③.csv,2,5017001000210010,あさひ,"やったっす！　合格できたっすよ！
これでまた『W.I.N.G.』へ一歩近づいたっす！","太好啦！　合格了耶！
这样就又向“W.I.N.G”迈进一步了！",芹沢あさひ,W.I.N.G.編,オーディション後③
芹沢あさひ\W.I.N.G.編\オーディション後③.csv,4,5017001000210020,あさひ,はいっす！　最高のステージ、待ち遠しいっす！,嗯！　真想快点登上最棒的舞台啊！,芹沢あさひ,W.I.N.G.編,オーディション後③
芹沢あさひ\W.I.N.G.編\オーディション後③.csv,5,5017001000210030,あさひ,さっそく、色々と研究するっすよ,那么现在马上就开始各种研究咯,芹沢あさひ,W.I.N.G.編,オーディション後③
芹沢あさひ\W.I.N.G.編\オーディション後③.csv,7,5017001000210040,あさひ,"……まずは手の振りを大きくして……それで踏み込みも……
うん……これならいいのが……","……首先大幅度地摆动双手……然后蹬脚也……
嗯……这样比较好么……",芹沢あさひ,W.I.N.G.編,オーディション後③
芹沢あさひ\W.I.N.G.編\オーディション後④.csv,2,5017001000220010,あさひ,うーん……今回はダメだったっすね……,呃……看来这一回是不行了呢……,芹沢あさひ,W.I.N.G.編,オーディション後④
芹沢あさひ\W.I.N.G.編\オーディション後④.csv,4,5017001000220020,あさひ,プロデューサーさんはなんだと思うっすか？,制作人觉得是什么呢？,芹沢あさひ,W.I.N.G.編,オーディション後④
芹沢あさひ\W.I.N.G.編\オーディション後④.csv,5,5017001000220030,あさひ,"今回ダメだった原因
わたしはやっぱりアピールのタイミングだと思うっす","这次不行的原因
我觉得是出在表现的时机上",芹沢あさひ,W.I.N.G.編,オーディション後④
芹沢あさひ\W.I.N.G.編\オーディション後④.csv,7,5017001000220040,あさひ,"そうなんすよ、変えてみたんすけど
上手くいかなかったみたいっす","是这样的，我是试着改变了一下
但好像没有成功",芹沢あさひ,W.I.N.G.編,オーディション後④
芹沢あさひ\W.I.N.G.編\オーディション後④.csv,8,5017001000220050,あさひ,次の方法を考えないとダメっすね,得好好考虑下一个方法呢,芹沢あさひ,W.I.N.G.編,オーディション後④
芹沢あさひ\W.I.N.G.編\シーズン1（クリア）.csv,2,7017001010010,あさひ,ここで、こうして……ターン！,这里要这样……转一圈！,芹沢あさひ,W.I.N.G.編,シーズン1（クリア）
芹沢あさひ\W.I.N.G.編\シーズン1（クリア）.csv,3,7017001010020,あさひ,うーん……,嗯……,芹沢あさひ,W.I.N.G.編,シーズン1（クリア）
芹沢あさひ\W.I.N.G.編\シーズン1（クリア）.csv,5,7017001010030,あさひ,──あ、ちょうどよかったっす、プロデューサーさん！,──啊，制作人，您来得正好！,芹沢あさひ,W.I.N.G.編,シーズン1（クリア）
芹沢あさひ\W.I.N.G.編\シーズン1（クリア）.csv,6,7017001010040,あさひ,この前のステップ、また見てもらいたいんすけど！,我想再让您帮我看看上次的舞步！,芹沢あさひ,W.I.N.G.編,シーズン1（クリア）
芹沢あさひ\W.I.N.G.編\シーズン1（クリア）.csv,8,7017001010050,あさひ,？　なんすか？,？　是什么事呢？,芹沢あさひ,W.I.N.G.編,シーズン1（クリア）
芹沢あさひ\W.I.N.G.編\シーズン1（クリア）.csv,10,7017001010060,あさひ,一次審査……そうなんすね,第一次审查……这样啊,芹沢あさひ,W.I.N.G.編,シーズン1（クリア）
芹沢あさひ\W.I.N.G.編\シーズン1（クリア）.csv,12,7017001010070,あさひ,嬉しい？,高兴？,芹沢あさひ,W.I.N.G.編,シーズン1（クリア）
芹沢あさひ\W.I.N.G.編\シーズン1（クリア）.csv,13,7017001010080,あさひ,うーん、どうなんすかね……,嗯，该怎么说呢……,芹沢あさひ,W.I.N.G.編,シーズン1（クリア）
芹沢あさひ\W.I.N.G.編\シーズン1（クリア）.csv,16,7017001010090,あさひ,そっすよ！　プロデューサーさん！,对啊！　制作人！,芹沢あさひ,W.I.N.G.編,シーズン1（クリア）
芹沢あさひ\W.I.N.G.編\シーズン1（クリア）.csv,17,7017001010100,あさひ,"あれからわたしなりに色々試してみたんす！
だから、見て欲しいっす","自那以后我做了各种不同的尝试！
所以想让您看看",芹沢あさひ,W.I.N.G.編,シーズン1（クリア）
芹沢あさひ\W.I.N.G.編\シーズン1（クリア）.csv,19,7017001010110,あさひ,ありがとっす！,谢谢！,芹沢あさひ,W.I.N.G.編,シーズン1（クリア）
芹沢あさひ\W.I.N.G.編\シーズン1（クリア）.csv,20,7017001010120,あさひ,このステップなんすけどね？,就是这个舞步啊,芹沢あさひ,W.I.N.G.編,シーズン1（クリア）
芹沢あさひ\W.I.N.G.編\シーズン1（失敗）.csv,11,7017001020010,あさひ,そうなんすね……,这样么……,芹沢あさひ,W.I.N.G.編,シーズン1（失敗）
芹沢あさひ\W.I.N.G.編\シーズン1（失敗）.csv,13,7017001020020,あさひ,"でも、別にアイドル自体が
終わるわけじゃないんすよね？","但是这也不代表
作为偶像的路已经结束了吧？",芹沢あさひ,W.I.N.G.編,シーズン1（失敗）
芹沢あさひ\W.I.N.G.編\シーズン1（失敗）.csv,15,7017001020030,あさひ,"なら平気っす！
これからも頑張っていくっすよ！","那就没关系！
现在开始我也会继续加油的！",芹沢あさひ,W.I.N.G.編,シーズン1（失敗）
芹沢あさひ\W.I.N.G.編\シーズン1（失敗）.csv,17,7017001020040,あさひ,もちろんっす！　どんどん進むっすよ～！,当然咯！　不停地向前冲噢！,芹沢あさひ,W.I.N.G.編,シーズン1（失敗）
芹沢あさひ\W.I.N.G.編\シーズン2（クリア）.csv,3,7017001030010,あさひ,二次審査の結果っすか？,是第二次审查的结果吗？,芹沢あさひ,W.I.N.G.編,シーズン2（クリア）
芹沢あさひ\W.I.N.G.編\シーズン2（クリア）.csv,5,7017001030020,あさひ,どうだったんすか！？,结果怎么样了！？,芹沢あさひ,W.I.N.G.編,シーズン2（クリア）
芹沢あさひ\W.I.N.G.編\シーズン2（クリア）.csv,7,7017001030030,あさひ,やったっす～！,太好了～！,芹沢あさひ,W.I.N.G.編,シーズン2（クリア）
芹沢あさひ\W.I.N.G.編\シーズン2（クリア）.csv,9,7017001030040,あさひ,ん？　どうしたんすか？　プロデューサーさん,嗯？　制作人你怎么了？,芹沢あさひ,W.I.N.G.編,シーズン2（クリア）
芹沢あさひ\W.I.N.G.編\シーズン2（クリア）.csv,11,7017001030050,あさひ,だって、嬉しいっすから！,因为，就是高兴啊！,芹沢あさひ,W.I.N.G.編,シーズン2（クリア）
芹沢あさひ\W.I.N.G.編\シーズン2（クリア）.csv,12,7017001030060,あさひ,"いてもたってもいられないっす！
まだまだ楽しいことがあるってことっすよね！","高兴到站也不是坐也不是了！
也就是说还有很多有趣的事在等着我呢！",芹沢あさひ,W.I.N.G.編,シーズン2（クリア）
芹沢あさひ\W.I.N.G.編\シーズン2（クリア）.csv,15,7017001030070,あさひ,はいっす！,好的！,芹沢あさひ,W.I.N.G.編,シーズン2（クリア）
芹沢あさひ\W.I.N.G.編\シーズン2（クリア）.csv,16,7017001030080,あさひ,あ、でもプロデューサーさん！,啊制作人！不过啊,芹沢あさひ,W.I.N.G.編,シーズン2（クリア）
芹沢あさひ\W.I.N.G.編\シーズン2（クリア）.csv,17,7017001030090,あさひ,その分すごい人たちに出会えるってことっすよね！,也就是说相应的，也能遇到更多厉害的人吧！,芹沢あさひ,W.I.N.G.編,シーズン2（クリア）
芹沢あさひ\W.I.N.G.編\シーズン2（クリア）.csv,19,7017001030100,あさひ,あはは、ワクワクしてきたっす！,啊哈哈，真是让人兴奋！,芹沢あさひ,W.I.N.G.編,シーズン2（クリア）
芹沢あさひ\W.I.N.G.編\シーズン2（クリア）.csv,20,7017001030110,あさひ,早く色んな人のパフォーマンスが見てみたいっす！,好想看到各种各样的表演啊！,芹沢あさひ,W.I.N.G.編,シーズン2（クリア）
芹沢あさひ\W.I.N.G.編\シーズン2（失敗）.csv,11,7017001040010,あさひ,……,……,芹沢あさひ,W.I.N.G.編,シーズン2（失敗）
芹沢あさひ\W.I.N.G.編\シーズン2（失敗）.csv,12,7017001040020,あさひ,もう少しで見えそうだったんすけどね……,还差一点就能找到了……,芹沢あさひ,W.I.N.G.編,シーズン2（失敗）
芹沢あさひ\W.I.N.G.編\シーズン2（失敗）.csv,14,7017001040030,あさひ,"あのステップ、もう少しで何か……
これだってものが見えそうだったんす","关于那个舞步，还差一点……
就能找到“就是它了”的东西了",芹沢あさひ,W.I.N.G.編,シーズン2（失敗）
芹沢あさひ\W.I.N.G.編\シーズン2（失敗）.csv,15,7017001040040,あさひ,"ごめんなさいっす、プロデューサーさん
色々教えてもらったのに","对不起，明明制作人
您教了我那么多东西",芹沢あさひ,W.I.N.G.編,シーズン2（失敗）
芹沢あさひ\W.I.N.G.編\シーズン2（失敗）.csv,16,7017001040050,あさひ,"ダメだったのは、きっと
何かを見つけられなかったから……","没能通过一定是因为
没有找到那个东西",芹沢あさひ,W.I.N.G.編,シーズン2（失敗）
芹沢あさひ\W.I.N.G.編\シーズン2（失敗）.csv,18,7017001040060,あさひ,プロデューサーさんのせいじゃないっす,这不是制作人的错,芹沢あさひ,W.I.N.G.編,シーズン2（失敗）
芹沢あさひ\W.I.N.G.編\シーズン2（失敗）.csv,19,7017001040070,あさひ,"わたしが気付けなかったから……
なんかこう……モヤモヤするっす","都是因为我没有注意到……
总觉得……心里乱乱的",芹沢あさひ,W.I.N.G.編,シーズン2（失敗）
芹沢あさひ\W.I.N.G.編\シーズン3（クリア）.csv,2,7017001050010,あさひ,……,……,芹沢あさひ,W.I.N.G.編,シーズン3（クリア）
芹沢あさひ\W.I.N.G.編\シーズン3（クリア）.csv,4,7017001050020,あさひ,あ！　どうだったんすか！,啊！　怎么样！,芹沢あさひ,W.I.N.G.編,シーズン3（クリア）
芹沢あさひ\W.I.N.G.編\シーズン3（クリア）.csv,6,7017001050030,あさひ,やったっすね！,太好了！,芹沢あさひ,W.I.N.G.編,シーズン3（クリア）
芹沢あさひ\W.I.N.G.編\シーズン3（クリア）.csv,7,7017001050040,あさひ,……,……,芹沢あさひ,W.I.N.G.編,シーズン3（クリア）
芹沢あさひ\W.I.N.G.編\シーズン3（クリア）.csv,9,7017001050050,あさひ,プロデューサーさん、ありがとっす,制作人，谢谢您,芹沢あさひ,W.I.N.G.編,シーズン3（クリア）
芹沢あさひ\W.I.N.G.編\シーズン3（クリア）.csv,12,7017001050060,あさひ,そんなことないっすよ！,才没有这回事呢！,芹沢あさひ,W.I.N.G.編,シーズン3（クリア）
芹沢あさひ\W.I.N.G.編\シーズン3（クリア）.csv,13,7017001050070,あさひ,この前だって……,之前也……,芹沢あさひ,W.I.N.G.編,シーズン3（クリア）
芹沢あさひ\W.I.N.G.編\シーズン3（クリア）.csv,15,7017001050080,あさひ,あはは、なんでもないっす！,啊哈哈，没什么啦！,芹沢あさひ,W.I.N.G.編,シーズン3（クリア）
芹沢あさひ\W.I.N.G.編\シーズン3（クリア）.csv,17,7017001050090,あさひ,とにかく、お礼を言いたくなったんす！,总之，就是想跟您道一声谢！,芹沢あさひ,W.I.N.G.編,シーズン3（クリア）
芹沢あさひ\W.I.N.G.編\シーズン3（クリア）.csv,20,7017001050100,あさひ,はいっす！　絶対あのステージに立つっす！,嗯！　我一定会站上那个舞台的！,芹沢あさひ,W.I.N.G.編,シーズン3（クリア）
芹沢あさひ\W.I.N.G.編\シーズン3（クリア）.csv,21,7017001050110,あさひ,…………,…………,芹沢あさひ,W.I.N.G.編,シーズン3（クリア）
芹沢あさひ\W.I.N.G.編\シーズン3（失敗）.csv,10,7017001060010,あさひ,ダメ……だったんすか……,没能……通过吗……,芹沢あさひ,W.I.N.G.編,シーズン3（失敗）
芹沢あさひ\W.I.N.G.編\シーズン3（失敗）.csv,11,7017001060020,あさひ,わたし、何やってたんすかね……,我究竟都干了些什么啊……,芹沢あさひ,W.I.N.G.編,シーズン3（失敗）
芹沢あさひ\W.I.N.G.編\シーズン3（失敗）.csv,12,7017001060030,あさひ,"プロデューサーさんの言う事
もっとちゃんと聞いてたら……","要是能多听听
制作人说的建议的话……",芹沢あさひ,W.I.N.G.編,シーズン3（失敗）
芹沢あさひ\W.I.N.G.編\シーズン3（失敗）.csv,13,7017001060040,あさひ,……わたしがひとりで突っ走らなければ……,……要是我没有一个人盲目往前冲的话,芹沢あさひ,W.I.N.G.編,シーズン3（失敗）
芹沢あさひ\W.I.N.G.編\シーズン3（失敗）.csv,14,7017001060050,あさひ,もっと違う結果だったかもしれないのに,就或许会有不一样的结果了,芹沢あさひ,W.I.N.G.編,シーズン3（失敗）
芹沢あさひ\W.I.N.G.編\シーズン3（失敗）.csv,16,7017001060060,あさひ,……なんで、こんなに,……为什么，会这么,芹沢あさひ,W.I.N.G.編,シーズン3（失敗）
芹沢あさひ\W.I.N.G.編\シーズン3（失敗）.csv,17,7017001060070,あさひ,"なんでこんなに悲しいっすか？
プロデューサーさん……","为什么会这么的悲伤呢？
制作人……",芹沢あさひ,W.I.N.G.編,シーズン3（失敗）
芹沢あさひ\W.I.N.G.編\シーズン4（クリア）.csv,4,7017001070010,あさひ,おお～～～っ！,噢噢～～～！,芹沢あさひ,W.I.N.G.編,シーズン4（クリア）
芹沢あさひ\W.I.N.G.編\シーズン4（クリア）.csv,5,7017001070020,あさひ,ホントのホントのホントっすか！？,真的真的真的吗！？,芹沢あさひ,W.I.N.G.編,シーズン4（クリア）
芹沢あさひ\W.I.N.G.編\シーズン4（クリア）.csv,7,7017001070030,あさひ,やったっす～～～～～～！,太好了～～～～～～！,芹沢あさひ,W.I.N.G.編,シーズン4（クリア）
芹沢あさひ\W.I.N.G.編\シーズン4（クリア）.csv,9,7017001070040,あさひ,あはは、大丈夫っすよ～！,啊哈哈，没事啦～！,芹沢あさひ,W.I.N.G.編,シーズン4（クリア）
芹沢あさひ\W.I.N.G.編\シーズン4（クリア）.csv,10,7017001070050,あさひ,……わっ、とと！,……哇，哦哦！,芹沢あさひ,W.I.N.G.編,シーズン4（クリア）
芹沢あさひ\W.I.N.G.編\シーズン4（クリア）.csv,12,7017001070060,あさひ,よっと……セーフっす！,嘿哟……safe！,芹沢あさひ,W.I.N.G.編,シーズン4（クリア）
芹沢あさひ\W.I.N.G.編\シーズン4（クリア）.csv,14,7017001070070,あさひ,"プロデューサーさん！
わたし、『W.I.N.G.』すっごい楽しみっす！","制作人！
我真的好期待“W.I.N.G”哦！",芹沢あさひ,W.I.N.G.編,シーズン4（クリア）
芹沢あさひ\W.I.N.G.編\シーズン4（クリア）.csv,15,7017001070080,あさひ,"わたし、前にステージに立った時
…………","之前我站在舞台上的时候
…………",芹沢あさひ,W.I.N.G.編,シーズン4（クリア）
芹沢あさひ\W.I.N.G.編\シーズン4（クリア）.csv,17,7017001070090,あさひ,言葉にするのは難しいっすけど……,虽然用语言表述起来很困难……,芹沢あさひ,W.I.N.G.編,シーズン4（クリア）
芹沢あさひ\W.I.N.G.編\シーズン4（クリア）.csv,18,7017001070100,あさひ,とにかく、楽しかったのは間違いないんす！,但是总之就是超开心的！,芹沢あさひ,W.I.N.G.編,シーズン4（クリア）
芹沢あさひ\W.I.N.G.編\シーズン4（クリア）.csv,19,7017001070110,あさひ,だから、今のこの気持ちを……みんなに届けたいんす！,所以，现在也想把这份心情……传递给大家！,芹沢あさひ,W.I.N.G.編,シーズン4（クリア）
芹沢あさひ\W.I.N.G.編\シーズン4（クリア）.csv,21,7017001070120,あさひ,"……えへへ～
早くみんなの前で歌いたいっす、踊りたいっす！","……诶嘿嘿～
好想在大家的面前唱歌，好想在大家的面前跳舞啊！",芹沢あさひ,W.I.N.G.編,シーズン4（クリア）
芹沢あさひ\W.I.N.G.編\シーズン4（クリア）.csv,23,7017001070130,あさひ,"はいっす！
プロデューサーさん、見ててくださいっす！","嗯！
制作人您要好好看着哦！",芹沢あさひ,W.I.N.G.編,シーズン4（クリア）
芹沢あさひ\W.I.N.G.編\シーズン4（クリア）.csv,24,7017001070140,あさひ,"絶対絶対、ぜ～～～ったいに！
『W.I.N.G.』優勝してみせるっすよ！",一定一定，一～～～定要赢下“W.I.N.G”！,芹沢あさひ,W.I.N.G.編,シーズン4（クリア）
芹沢あさひ\W.I.N.G.編\シーズン4（失敗）.csv,11,7017001080010,あさひ,"そんな……
なんで、なんすか……","怎么会……
这是，为什么呢……",芹沢あさひ,W.I.N.G.編,シーズン4（失敗）
芹沢あさひ\W.I.N.G.編\シーズン4（失敗）.csv,12,7017001080020,あさひ,"わたし、もっとワクワクしたかったっす！
ひとりじゃなくて……プロデューサーさんと……","我还想体验更激动人心的事物啊！
不是自己一个人……而是和制作人一起……",芹沢あさひ,W.I.N.G.編,シーズン4（失敗）
芹沢あさひ\W.I.N.G.編\シーズン4（失敗）.csv,13,7017001080030,あさひ,"ここでおしまいなんて
わたし、諦められないっす……","居然在这里就结束了
我没有办法放弃啊……",芹沢あさひ,W.I.N.G.編,シーズン4（失敗）
芹沢あさひ\W.I.N.G.編\シーズン4（失敗）.csv,15,7017001080040,あさひ,え……？,诶……？,芹沢あさひ,W.I.N.G.編,シーズン4（失敗）
芹沢あさひ\W.I.N.G.編\シーズン4（失敗）.csv,18,7017001080050,あさひ,プロデューサーさん……,制作人……,芹沢あさひ,W.I.N.G.編,シーズン4（失敗）
芹沢あさひ\W.I.N.G.編\シーズン4（失敗）.csv,19,7017001080060,あさひ,"はいっす！　わたし、まだ終わりにしたくないっす！
……これからもプロデュース、してほしいっす！","好的！　我还不想，就这么结束呢！
今后也请您，继续培养我！",芹沢あさひ,W.I.N.G.編,シーズン4（失敗）
芹沢あさひ\W.I.N.G.編\刹那への違和感、芽生え.csv,2,1017001020010,あさひ,ここは……こんな感じっと,这里是……这种感觉吗,芹沢あさひ,W.I.N.G.編,刹那への違和感、芽生え
芹沢あさひ\W.I.N.G.編\刹那への違和感、芽生え.csv,3,1017001020020,あさひ,それで……ほいっ！,接着……嘿！,芹沢あさひ,W.I.N.G.編,刹那への違和感、芽生え
芹沢あさひ\W.I.N.G.編\刹那への違和感、芽生え.csv,5,1017001020030,あさひ,"うーん……ちょっと違う……
ここをこうして……",嗯……有点不太对……这里这样……,芹沢あさひ,W.I.N.G.編,刹那への違和感、芽生え
芹沢あさひ\W.I.N.G.編\刹那への違和感、芽生え.csv,7,1017001020040,あさひ,よしっ……！,好……！,芹沢あさひ,W.I.N.G.編,刹那への違和感、芽生え
芹沢あさひ\W.I.N.G.編\刹那への違和感、芽生え.csv,9,1017001020050,あさひ,あ、プロデューサーさん、おはよーっす！,制作人，早上好！,芹沢あさひ,W.I.N.G.編,刹那への違和感、芽生え
芹沢あさひ\W.I.N.G.編\刹那への違和感、芽生え.csv,11,1017001020060,あさひ,"早くやりたくなったんすよ！
この前見せてもらった映像がすごくて","因为之前看的录像太厉害了
就变得想早点来了！",芹沢あさひ,W.I.N.G.編,刹那への違和感、芽生え
芹沢あさひ\W.I.N.G.編\刹那への違和感、芽生え.csv,13,1017001020070,あさひ,？　どういうことっすか？,？您指的是？,芹沢あさひ,W.I.N.G.編,刹那への違和感、芽生え
芹沢あさひ\W.I.N.G.編\刹那への違和感、芽生え.csv,15,1017001020080,あさひ,そーだったんすね……気付かなかったっす,是这样吗……我完全没有注意到呢,芹沢あさひ,W.I.N.G.編,刹那への違和感、芽生え
芹沢あさひ\W.I.N.G.編\刹那への違和感、芽生え.csv,17,1017001020090,あさひ,ところで、プロデューサーさんは何の用っすか？,话说回来，制作人找我有什么事吗？,芹沢あさひ,W.I.N.G.編,刹那への違和感、芽生え
芹沢あさひ\W.I.N.G.編\刹那への違和感、芽生え.csv,19,1017001020100,あさひ,へ～、そうだったんすね,哦～是这样啊,芹沢あさひ,W.I.N.G.編,刹那への違和感、芽生え
芹沢あさひ\W.I.N.G.編\刹那への違和感、芽生え.csv,20,1017001020110,あさひ,"それじゃ、わたし張り切っていきますんで
見ててほしいっす、プロデューサーさん！","那么，我要拼尽全力了
制作人看着咯！",芹沢あさひ,W.I.N.G.編,刹那への違和感、芽生え
芹沢あさひ\W.I.N.G.編\刹那への違和感、芽生え.csv,22,1017001020120,あさひ,……すぅ,……呼,芹沢あさひ,W.I.N.G.編,刹那への違和感、芽生え
芹沢あさひ\W.I.N.G.編\刹那への違和感、芽生え.csv,23,1017001020130,あさひ,……っ！,……！,芹沢あさひ,W.I.N.G.編,刹那への違和感、芽生え
芹沢あさひ\W.I.N.G.編\刹那への違和感、芽生え.csv,26,1017001020140,あさひ,お疲れさまっす、プロデューサーさん,制作人你也辛苦了,芹沢あさひ,W.I.N.G.編,刹那への違和感、芽生え
芹沢あさひ\W.I.N.G.編\刹那への違和感、芽生え.csv,28,1017001020150,あさひ,うーん……,嗯……,芹沢あさひ,W.I.N.G.編,刹那への違和感、芽生え
芹沢あさひ\W.I.N.G.編\刹那への違和感、芽生え.csv,30,1017001020160,あさひ,あ！　さっきのとこ！,啊！　刚才的那里！,芹沢あさひ,W.I.N.G.編,刹那への違和感、芽生え
芹沢あさひ\W.I.N.G.編\刹那への違和感、芽生え.csv,32,1017001020170,あさひ,さっきのとこなんすよ！,就是刚才那个地方啊！,芹沢あさひ,W.I.N.G.編,刹那への違和感、芽生え
芹沢あさひ\W.I.N.G.編\刹那への違和感、芽生え.csv,36,1017001020180,あさひ,"そーっす！
プロデューサーさん、わかってたっすね！","没错！
制作人还真清楚呢！",芹沢あさひ,W.I.N.G.編,刹那への違和感、芽生え
芹沢あさひ\W.I.N.G.編\刹那への違和感、芽生え.csv,37,1017001020190,あさひ,どうすればいいっすかね！？,应该怎么办才好呢！？,芹沢あさひ,W.I.N.G.編,刹那への違和感、芽生え
芹沢あさひ\W.I.N.G.編\刹那への違和感、芽生え.csv,40,1017001020200,あさひ,ふんふん……そうなんすね……！,嗯嗯……是这样啊……！,芹沢あさひ,W.I.N.G.編,刹那への違和感、芽生え
芹沢あさひ\W.I.N.G.編\刹那への違和感、芽生え.csv,42,1017001020210,あさひ,え！　もっと聞かせてほしいっすよー！,诶！　再多说一点给我听嘛！,芹沢あさひ,W.I.N.G.編,刹那への違和感、芽生え
芹沢あさひ\W.I.N.G.編\刹那への違和感、芽生え.csv,44,1017001020220,あさひ,はいっす～！,好噢～！,芹沢あさひ,W.I.N.G.編,刹那への違和感、芽生え
芹沢あさひ\W.I.N.G.編\刹那への違和感、芽生え.csv,47,1017001020230,あさひ,"もっといい感じにできるんじゃないかって思うんすよ！
さっきのステップ！","感觉应该还有更好的表现形式才对！
刚刚的舞步！",芹沢あさひ,W.I.N.G.編,刹那への違和感、芽生え
芹沢あさひ\W.I.N.G.編\刹那への違和感、芽生え.csv,49,1017001020240,あさひ,"そうなんすよー
映像だともっとスムーズに次のステップに移ってるんすけど","对啊
在录像里转换到下一个舞步的时候明明要更自然",芹沢あさひ,W.I.N.G.編,刹那への違和感、芽生え
芹沢あさひ\W.I.N.G.編\刹那への違和感、芽生え.csv,50,1017001020250,あさひ,"──直前の足の引きつけが甘いのかな……？
それとも次のステップを意識できてないだけ……？","──是因为上一个舞步完成得不够好吗……？
还是说只是因为没有充分注意下一个舞步……？",芹沢あさひ,W.I.N.G.編,刹那への違和感、芽生え
芹沢あさひ\W.I.N.G.編\刹那への違和感、芽生え.csv,52,1017001020260,あさひ,あ、どしたっすか？　プロデューサーさん？,啊，怎么了吗？制作人？,芹沢あさひ,W.I.N.G.編,刹那への違和感、芽生え
芹沢あさひ\W.I.N.G.編\刹那への違和感、芽生え.csv,54,1017001020270,あさひ,"うーん、プロデューサーさんがそう言うなら
そういうことにしとくっす！","唔，要是制作人这么说的话
那就当做这么回事吧！",芹沢あさひ,W.I.N.G.編,刹那への違和感、芽生え
芹沢あさひ\W.I.N.G.編\刹那への違和感、芽生え.csv,58,1017001020280,あさひ,ホントっすか！　感謝するっす！,真的嘛！太感谢了！,芹沢あさひ,W.I.N.G.編,刹那への違和感、芽生え
芹沢あさひ\W.I.N.G.編\刹那への違和感、芽生え.csv,60,1017001020290,あさひ,オッケーっす！,OK—！,芹沢あさひ,W.I.N.G.編,刹那への違和感、芽生え
芹沢あさひ\W.I.N.G.編\刹那への違和感、芽生え.csv,61,1017001020300,あさひ,"よーし、とことんやるっすよ～
あはは、なんかワクワクするっす！","好——练个痛快～
啊哈哈，总觉得好兴奋啊！",芹沢あさひ,W.I.N.G.編,刹那への違和感、芽生え
芹沢あさひ\W.I.N.G.編\刹那への違和感、芽生え.csv,62,1017001020310,あさひ,まずは最初のステップなんすけどね──,首先是第一个舞步呢,芹沢あさひ,W.I.N.G.編,刹那への違和感、芽生え
芹沢あさひ\W.I.N.G.編\悔しさを抱いてこそ.csv,11,6017001070010,あさひ,わたし、気持ちの整理がつかないっす,我还没有，整理好自己的思绪,芹沢あさひ,W.I.N.G.編,悔しさを抱いてこそ
芹沢あさひ\W.I.N.G.編\悔しさを抱いてこそ.csv,12,6017001070020,あさひ,"プロデューサーさん
あの時、こうしていれば、ああしていれば","制作人
我脑子里一直在想",芹沢あさひ,W.I.N.G.編,悔しさを抱いてこそ
芹沢あさひ\W.I.N.G.編\悔しさを抱いてこそ.csv,13,6017001070030,あさひ,"そういうのが、頭の中で
ずっとぐるぐる回ってるんすよ","要是那个时候要是这样就好了，要是那样就好了
一直在我脑子里反反复复地想",芹沢あさひ,W.I.N.G.編,悔しさを抱いてこそ
芹沢あさひ\W.I.N.G.編\悔しさを抱いてこそ.csv,16,6017001070040,あさひ,悔しい……そうっす、悔しいっす,不甘心……没错，很不甘心,芹沢あさひ,W.I.N.G.編,悔しさを抱いてこそ
芹沢あさひ\W.I.N.G.編\悔しさを抱いてこそ.csv,18,6017001070050,あさひ,"でも、だからこそ……次は絶対……
絶対絶対、ぜったい！　やってみせるっす！","但是，正因为如此……下一次一定……
一定一定，一定要！　一定要做到！",芹沢あさひ,W.I.N.G.編,悔しさを抱いてこそ
芹沢あさひ\W.I.N.G.編\敗退コミュ.csv,2,6017001020010,あさひ,……う少し……ったのに……,……明明……就差……一点点……,芹沢あさひ,W.I.N.G.編,敗退コミュ
芹沢あさひ\W.I.N.G.編\敗退コミュ.csv,4,6017001020020,あさひ,"最初のステップのキレ……？
それともサビ前の振り……？","是一开始舞步的力度问题……？
还是说是副歌前的姿势……？",芹沢あさひ,W.I.N.G.編,敗退コミュ
芹沢あさひ\W.I.N.G.編\敗退コミュ.csv,5,6017001020030,あさひ,"いや……それだけじゃ……
表情……？　魅せ方……？","不……不止这些……
表情……？　魅力的展现方式……？",芹沢あさひ,W.I.N.G.編,敗退コミュ
芹沢あさひ\W.I.N.G.編\敗退コミュ.csv,7,6017001020040,あさひ,……,……,芹沢あさひ,W.I.N.G.編,敗退コミュ
芹沢あさひ\W.I.N.G.編\敗退コミュ.csv,8,6017001020050,あさひ,……はいっす……,……好的……,芹沢あさひ,W.I.N.G.編,敗退コミュ
芹沢あさひ\W.I.N.G.編\昇華する探究.csv,3,1017001050010,あさひ,ないっす！,没有噢！,芹沢あさひ,W.I.N.G.編,昇華する探究
芹沢あさひ\W.I.N.G.編\昇華する探究.csv,5,1017001050020,あさひ,"だって、プロデューサーさん
わたしのお願い、叶えてくれたっす！","因为，制作人您
实现了我的愿望啊！",芹沢あさひ,W.I.N.G.編,昇華する探究
芹沢あさひ\W.I.N.G.編\昇華する探究.csv,7,1017001050030,あさひ,"そのおかげで、思いっきり楽しめそうっす！
わたしの、初めてのステージ……","因为这样，我才能更好地享受哦！
我的，第一个舞台……",芹沢あさひ,W.I.N.G.編,昇華する探究
芹沢あさひ\W.I.N.G.編\昇華する探究.csv,8,1017001050040,あさひ,さて、そろそろっすよね！,好，快要到咯！,芹沢あさひ,W.I.N.G.編,昇華する探究
芹沢あさひ\W.I.N.G.編\昇華する探究.csv,10,1017001050050,あさひ,……,……,芹沢あさひ,W.I.N.G.編,昇華する探究
芹沢あさひ\W.I.N.G.編\昇華する探究.csv,12,1017001050060,あさひ,……プロデューサーさん,……制作人,芹沢あさひ,W.I.N.G.編,昇華する探究
芹沢あさひ\W.I.N.G.編\昇華する探究.csv,14,1017001050070,あさひ,今、不思議な気持ちっす,现在，有种不可思议的感觉,芹沢あさひ,W.I.N.G.編,昇華する探究
芹沢あさひ\W.I.N.G.編\昇華する探究.csv,15,1017001050080,あさひ,"空を飛んでるみたいで……でも全然不安じゃなくて
ドキドキしてて……でも落ち着いてて","就像飞在天空中一样……但完全不会不安
虽然心跳加速……但是又无比的平静",芹沢あさひ,W.I.N.G.編,昇華する探究
芹沢あさひ\W.I.N.G.編\昇華する探究.csv,16,1017001050090,あさひ,……とにかくわたし、早くステージに立ちたいっす,……总之我啊，想要快点站上舞台！,芹沢あさひ,W.I.N.G.編,昇華する探究
芹沢あさひ\W.I.N.G.編\昇華する探究.csv,18,1017001050100,あさひ,はいっす！,好的！,芹沢あさひ,W.I.N.G.編,昇華する探究
芹沢あさひ\W.I.N.G.編\昇華する探究.csv,19,1017001050110,あさひ,"みんな～、今日はありがとっす！
わたしも会えて嬉しいっすよ～","大家～谢谢你们能来！
能见到大家我也很开心哦～",芹沢あさひ,W.I.N.G.編,昇華する探究
芹沢あさひ\W.I.N.G.編\昇華する探究.csv,20,1017001050120,あさひ,"すっごい盛り上がってるっすね～！
じゃあ、そろそろ次の曲行くっすよ～！","气氛还真是热烈啊～！
那么，差不多要进入下一首歌曲了哦～！",芹沢あさひ,W.I.N.G.編,昇華する探究
芹沢あさひ\W.I.N.G.編\昇華する探究.csv,21,1017001050130,あさひ,……,……,芹沢あさひ,W.I.N.G.編,昇華する探究
芹沢あさひ\W.I.N.G.編\昇華する探究.csv,22,1017001050140,あさひ,──っ！,──！,芹沢あさひ,W.I.N.G.編,昇華する探究
芹沢あさひ\W.I.N.G.編\昇華する探究.csv,26,1017001050150,あさひ,……,……,芹沢あさひ,W.I.N.G.編,昇華する探究
芹沢あさひ\W.I.N.G.編\昇華する探究.csv,28,1017001050160,あさひ,……,……,芹沢あさひ,W.I.N.G.編,昇華する探究
芹沢あさひ\W.I.N.G.編\昇華する探究.csv,30,1017001050170,あさひ,……,……,芹沢あさひ,W.I.N.G.編,昇華する探究
芹沢あさひ\W.I.N.G.編\昇華する探究.csv,32,1017001050180,あさひ,"！　あ、プロデューサーさんお疲れさまっす！　
わたし、どうだったっすか？","！　啊，制作人您辛苦了！
我的表演您觉得怎么样？",芹沢あさひ,W.I.N.G.編,昇華する探究
芹沢あさひ\W.I.N.G.編\昇華する探究.csv,34,1017001050190,あさひ,？　なんのことっすか？,？　您是指什么？,芹沢あさひ,W.I.N.G.編,昇華する探究
芹沢あさひ\W.I.N.G.編\昇華する探究.csv,36,1017001050200,あさひ,"それよりもプロデューサーさん！
わたし、ようやくやりたいことができた感じがするっす！","比起那个，制作人！
我感觉终于找到了想做的事情了！",芹沢あさひ,W.I.N.G.編,昇華する探究
芹沢あさひ\W.I.N.G.編\昇華する探究.csv,43,1017001050210,あさひ,"それ、すごいっす！
わたしだけにしかできないライブ……","这个，好厉害！
只有我才能完成的表演",芹沢あさひ,W.I.N.G.編,昇華する探究
芹沢あさひ\W.I.N.G.編\昇華する探究.csv,45,1017001050220,あさひ,"なんか……なんか、言葉にできないっすけど嬉しいっす！
わたしのことが、誰かに伝わるって……","好像……好像虽然不能用语言表达出来，但是很开心！
能把我的存在，传达给某个人……",芹沢あさひ,W.I.N.G.編,昇華する探究
芹沢あさひ\W.I.N.G.編\昇華する探究.csv,47,1017001050230,あさひ,はいっす！,好的！,芹沢あさひ,W.I.N.G.編,昇華する探究
芹沢あさひ\W.I.N.G.編\昇華する探究.csv,48,1017001050240,あさひ,……でもなんでだろう,……但是为什么呢,芹沢あさひ,W.I.N.G.編,昇華する探究
芹沢あさひ\W.I.N.G.編\昇華する探究.csv,50,1017001050250,あさひ,わたしにとって、アイドルって……,对我而言，偶像是……,芹沢あさひ,W.I.N.G.編,昇華する探究
芹沢あさひ\W.I.N.G.編\昇華する探究.csv,54,1017001050260,あさひ,はいっす！,是的！,芹沢あさひ,W.I.N.G.編,昇華する探究
芹沢あさひ\W.I.N.G.編\昇華する探究.csv,55,1017001050270,あさひ,プロデューサーさんがいてくれたからっすよ！,因为有制作人在我身边才能做到的！,芹沢あさひ,W.I.N.G.編,昇華する探究
芹沢あさひ\W.I.N.G.編\昇華する探究.csv,57,1017001050280,あさひ,そっすかね？,是这样吗？,芹沢あさひ,W.I.N.G.編,昇華する探究
芹沢あさひ\W.I.N.G.編\昇華する探究.csv,59,1017001050290,あさひ,うーん……,嗯……,芹沢あさひ,W.I.N.G.編,昇華する探究
芹沢あさひ\W.I.N.G.編\昇華する探究.csv,60,1017001050300,あさひ,"やっぱりプロデューサーさんのおかげっすよ！
だとしたら！","但果然还是因为有制作人在啊！
毕竟啊！",芹沢あさひ,W.I.N.G.編,昇華する探究
芹沢あさひ\W.I.N.G.編\昇華する探究.csv,61,1017001050310,あさひ,"助けがなかったら、きっとダメだったっす！
そう思えるんすよね","要是没有制作人的帮助，一定不会成功的！
我是这么觉得的哦",芹沢あさひ,W.I.N.G.編,昇華する探究
芹沢あさひ\W.I.N.G.編\昇華する探究.csv,65,1017001050320,あさひ,？　怖い、っすか？,可怕，吗？,芹沢あさひ,W.I.N.G.編,昇華する探究
芹沢あさひ\W.I.N.G.編\昇華する探究.csv,66,1017001050330,あさひ,それってよくないことっすよね？,那是不好的事吧？,芹沢あさひ,W.I.N.G.編,昇華する探究
芹沢あさひ\W.I.N.G.編\昇華する探究.csv,69,1017001050340,あさひ,"そうだったんすか？
わたし、パフォーマンスのことあんまり覚えてなくて","是这样吗？
我其实，不太记得表演时候的事情了",芹沢あさひ,W.I.N.G.編,昇華する探究
芹沢あさひ\W.I.N.G.編\昇華する探究.csv,71,1017001050350,あさひ,"なんか、ふわーって気持ちになって
気付いたら体が動いてて……","不知怎么的，整个人变得轻飘飘的
回过神来身体已经在动了……",芹沢あさひ,W.I.N.G.編,昇華する探究
芹沢あさひ\W.I.N.G.編\昇華する探究.csv,72,1017001050360,あさひ,なんて言ったらいいんすかね……難しいっす！,该怎么表达才好呢……好难形容！,芹沢あさひ,W.I.N.G.編,昇華する探究
芹沢あさひ\W.I.N.G.編\昇華する探究.csv,73,1017001050370,あさひ,"でも、とにかく今までで一番楽しかったっす！
まだまだステージに立ちたいっすよ！","不过，总之这是我最开心的时刻了！
好想再继续站在舞台上啊！",芹沢あさひ,W.I.N.G.編,昇華する探究
芹沢あさひ\W.I.N.G.編\昇華する探究.csv,75,1017001050380,あさひ,……はいっす！,嗯！,芹沢あさひ,W.I.N.G.編,昇華する探究
芹沢あさひ\W.I.N.G.編\未だみぬものへ、共に.csv,25,6017001090010,あさひ,よっ……はぁっ……っと,哟……哈……,芹沢あさひ,W.I.N.G.編,未だみぬものへ、共に
芹沢あさひ\W.I.N.G.編\未だみぬものへ、共に.csv,27,6017001090020,あさひ,"！　……プロデューサーさん
お疲れさまっす！",！　……制作人，辛苦您了！,芹沢あさひ,W.I.N.G.編,未だみぬものへ、共に
芹沢あさひ\W.I.N.G.編\未だみぬものへ、共に.csv,29,6017001090030,あさひ,"なんかわかるんじゃないかって思ったんすよ
ここに来たら","我总觉得
要是到这里说不定就能知道些什么了",芹沢あさひ,W.I.N.G.編,未だみぬものへ、共に
芹沢あさひ\W.I.N.G.編\未だみぬものへ、共に.csv,31,6017001090040,あさひ,"はいっす、アイドルがどうして特別なのか～とか
今楽しいのってなんでなのか～とか……","嗯，为什么偶像是特别的啊～
为什么现在会这么的开心啊～之类的……",芹沢あさひ,W.I.N.G.編,未だみぬものへ、共に
芹沢あさひ\W.I.N.G.編\未だみぬものへ、共に.csv,32,6017001090050,あさひ,その理由がっす,我想知道这些答案,芹沢あさひ,W.I.N.G.編,未だみぬものへ、共に
芹沢あさひ\W.I.N.G.編\未だみぬものへ、共に.csv,34,6017001090060,あさひ,あはは、見つからなかったっす！,啊哈哈，没找到呢！,芹沢あさひ,W.I.N.G.編,未だみぬものへ、共に
芹沢あさひ\W.I.N.G.編\未だみぬものへ、共に.csv,36,6017001090070,あさひ,──さっきまでは……すけどね,但是……现在不是了,芹沢あさひ,W.I.N.G.編,未だみぬものへ、共に
芹沢あさひ\W.I.N.G.編\未だみぬものへ、共に.csv,38,6017001090080,あさひ,"今わかったっす
……プロデューサーさんの顔を見たら","刚才我明白了
……在看到制作人的身影的时候",芹沢あさひ,W.I.N.G.編,未だみぬものへ、共に
芹沢あさひ\W.I.N.G.編\未だみぬものへ、共に.csv,40,6017001090090,あさひ,"そっす　
……今までわたし、色んな楽しいこと、探してたっす","没错
……我一直在寻找着，有趣的事物",芹沢あさひ,W.I.N.G.編,未だみぬものへ、共に
芹沢あさひ\W.I.N.G.編\未だみぬものへ、共に.csv,41,6017001090100,あさひ,でも、ひとりぼっちで,但是，一直都是自己一个人,芹沢あさひ,W.I.N.G.編,未だみぬものへ、共に
芹沢あさひ\W.I.N.G.編\未だみぬものへ、共に.csv,42,6017001090110,あさひ,……,……,芹沢あさひ,W.I.N.G.編,未だみぬものへ、共に
芹沢あさひ\W.I.N.G.編\未だみぬものへ、共に.csv,43,6017001090120,あさひ,"けど、アイドルは違うっす！
……プロデューサーさんが、いつも側にいるっす","但是啊，做偶像不一样！
……制作人您，一直都在我的身边",芹沢あさひ,W.I.N.G.編,未だみぬものへ、共に
芹沢あさひ\W.I.N.G.編\未だみぬものへ、共に.csv,44,6017001090130,あさひ,それって、すっごく楽しいっす,这真的，好让人高兴,芹沢あさひ,W.I.N.G.編,未だみぬものへ、共に
芹沢あさひ\W.I.N.G.編\未だみぬものへ、共に.csv,46,6017001090140,あさひ,ありがとっす！,谢谢！,芹沢あさひ,W.I.N.G.編,未だみぬものへ、共に
芹沢あさひ\W.I.N.G.編\未だみぬものへ、共に.csv,49,6017001090150,あさひ,……きっと、もっと、特別な何かが……,……一定还有，其它的，特别的什么……,芹沢あさひ,W.I.N.G.編,未だみぬものへ、共に
芹沢あさひ\W.I.N.G.編\未だみぬものへ、共に.csv,50,6017001090160,あさひ,……,……,芹沢あさひ,W.I.N.G.編,未だみぬものへ、共に
芹沢あさひ\W.I.N.G.編\未だみぬものへ、共に.csv,51,6017001090170,あさひ,……うん、今はわかんないっす！,……唔，现在还搞不懂呢！,芹沢あさひ,W.I.N.G.編,未だみぬものへ、共に
芹沢あさひ\W.I.N.G.編\未だみぬものへ、共に.csv,53,6017001090180,あさひ,"はいっす！
これからも一緒っす！　プロデューサーさん！","好的！
今后也一起！　制作人先生！",芹沢あさひ,W.I.N.G.編,未だみぬものへ、共に
芹沢あさひ\W.I.N.G.編\未知への高揚.csv,38,1017001010010,あさひ,よっ……ほっ……っと,哟……嗬……,芹沢あさひ,W.I.N.G.編,未知への高揚
芹沢あさひ\W.I.N.G.編\未知への高揚.csv,40,1017001010020,あさひ,──ここは……こう？──,——这里是……这样？——,芹沢あさひ,W.I.N.G.編,未知への高揚
芹沢あさひ\W.I.N.G.編\未知への高揚.csv,42,1017001010030,あさひ,──っと……うん、決まった！,——这样……嗯，完成了！,芹沢あさひ,W.I.N.G.編,未知への高揚
芹沢あさひ\W.I.N.G.編\未知への高揚.csv,44,1017001010040,あさひ,？　わたしっすか？,？　是在说我吗？,芹沢あさひ,W.I.N.G.編,未知への高揚
芹沢あさひ\W.I.N.G.編\未知への高揚.csv,46,1017001010050,あさひ,"ううん、ちょっとやってみただけっすよ
見てたら楽しそうだったんで！","不是哦，只是想试着模仿一下
因为看着就很有趣的样子！",芹沢あさひ,W.I.N.G.編,未知への高揚
芹沢あさひ\W.I.N.G.編\未知への高揚.csv,48,1017001010060,あさひ,はいっす！,对噢！,芹沢あさひ,W.I.N.G.編,未知への高揚
芹沢あさひ\W.I.N.G.編\未知への高揚.csv,51,1017001010070,あさひ,～♪,～♪,芹沢あさひ,W.I.N.G.編,未知への高揚
芹沢あさひ\W.I.N.G.編\未知への高揚.csv,53,1017001010080,あさひ,……,……,芹沢あさひ,W.I.N.G.編,未知への高揚
芹沢あさひ\W.I.N.G.編\未知への高揚.csv,54,1017001010090,あさひ,『プロデューサー』……っすか？,“制作人”……吗？,芹沢あさひ,W.I.N.G.編,未知への高揚
芹沢あさひ\W.I.N.G.編\未知への高揚.csv,56,1017001010100,あさひ,アイドルって、どんなことするんすか？,偶像，通常是做什么工作的呀？,芹沢あさひ,W.I.N.G.編,未知への高揚
芹沢あさひ\W.I.N.G.編\未知への高揚.csv,60,1017001010110,あさひ,……！,……！,芹沢あさひ,W.I.N.G.編,未知への高揚
芹沢あさひ\W.I.N.G.編\未知への高揚.csv,61,1017001010120,あさひ,"面白そーっす！
わたし、アイドルやってみたいっす！","好像很有趣的样子！
我想，试试做偶像！",芹沢あさひ,W.I.N.G.編,未知への高揚
芹沢あさひ\W.I.N.G.編\未知への高揚.csv,63,1017001010130,あさひ,"はい！　わたし、芹沢あさひっす！
よろしくっす！",嗯！我叫，芹泽朝日！多多指教！,芹沢あさひ,W.I.N.G.編,未知への高揚
芹沢あさひ\W.I.N.G.編\決勝前コミュ.csv,2,6017001040010,あさひ,……,……,芹沢あさひ,W.I.N.G.編,決勝前コミュ
芹沢あさひ\W.I.N.G.編\決勝前コミュ.csv,3,6017001040020,あさひ,……,……,芹沢あさひ,W.I.N.G.編,決勝前コミュ
芹沢あさひ\W.I.N.G.編\決勝前コミュ.csv,5,6017001040030,あさひ,──プロデューサーさん,制作人,芹沢あさひ,W.I.N.G.編,決勝前コミュ
芹沢あさひ\W.I.N.G.編\決勝前コミュ.csv,7,6017001040040,あさひ,"最高のステージって……なんだと思うっすか
あの映像のキラキラ……やっぱりあれのことっすか","您认为最棒的舞台……是怎么样的呢
那个录像里的闪耀光芒……果然是指那个吗",芹沢あさひ,W.I.N.G.編,決勝前コミュ
芹沢あさひ\W.I.N.G.編\決勝前コミュ.csv,10,6017001040050,あさひ,わたしには……わたしの……,我有……我的……,芹沢あさひ,W.I.N.G.編,決勝前コミュ
芹沢あさひ\W.I.N.G.編\決勝前コミュ.csv,11,6017001040060,あさひ,わかったっす……！　わたしの最高、見せてくるっすよ！,我明白了……！　我一定会找到属于自己的最棒的舞台的！,芹沢あさひ,W.I.N.G.編,決勝前コミュ
芹沢あさひ\W.I.N.G.編\決勝後コミュ.csv,2,6017001060010,あさひ,……,……,芹沢あさひ,W.I.N.G.編,決勝後コミュ
芹沢あさひ\W.I.N.G.編\決勝後コミュ.csv,4,6017001060020,あさひ,キラキラ……,闪闪发光……,芹沢あさひ,W.I.N.G.編,決勝後コミュ
芹沢あさひ\W.I.N.G.編\決勝後コミュ.csv,5,6017001060030,あさひ,"プロデューサーさん、ステージから降りたのに
まだキラキラしてるっすよ……","制作人，明明都已经离开了舞台
但还是在闪闪发光啊……",芹沢あさひ,W.I.N.G.編,決勝後コミュ
芹沢あさひ\W.I.N.G.編\決勝後コミュ.csv,7,6017001060040,あさひ,最高のステージの秘密……少しわかった気がするっす,最棒的舞台的秘密……好像稍微明白一点了,芹沢あさひ,W.I.N.G.編,決勝後コミュ
芹沢あさひ\W.I.N.G.編\決勝後コミュ.csv,8,6017001060050,あさひ,"キラキラを、作り出すことだったんすね
他でもない、わたし自身が……！","就是指，需要制造出闪耀的光芒吗
不是其他人，而是由我自己……！",芹沢あさひ,W.I.N.G.編,決勝後コミュ
芹沢あさひ\W.I.N.G.編\決勝後コミュ.csv,10,6017001060060,あさひ,"はいっす……！　でも、なんかまだまだやれそうっす！
もっと上の最高を見たいっす！","嗯……！　但是我觉得我还可以继续努力！
我想看到超越这个的“最棒”！",芹沢あさひ,W.I.N.G.編,決勝後コミュ
芹沢あさひ\W.I.N.G.編\決勝後コミュ.csv,11,6017001060070,あさひ,"だから、もっともっとプロデュースしてほしいっすよ！
プロデューサーさん！",所以希望制作人您，能继续再继续地培养我哦！,芹沢あさひ,W.I.N.G.編,決勝後コミュ
芹沢あさひ\W.I.N.G.編\準決勝前コミュ.csv,3,6017001010010,あさひ,もう出ていいんすか！　じゃあ行ってくるっす！,已经可以出场了嘛！　那我上啦！,芹沢あさひ,W.I.N.G.編,準決勝前コミュ
芹沢あさひ\W.I.N.G.編\準決勝前コミュ.csv,6,6017001010020,あさひ,待ちきれないっすよ～、早く出番来ないっすか～？,真是等不及了啊～能不能快点上场啊～？,芹沢あさひ,W.I.N.G.編,準決勝前コミュ
芹沢あさひ\W.I.N.G.編\準決勝前コミュ.csv,7,6017001010030,あさひ,"最高の舞台で、最高のパフォーマンス……
あ～！　ワクワクするっす～","在最棒的舞台上，展现最棒的表演……
啊～！　太让人兴奋啦～",芹沢あさひ,W.I.N.G.編,準決勝前コミュ
芹沢あさひ\W.I.N.G.編\準決勝前コミュ.csv,10,6017001010040,あさひ,はいっす！,好噢！,芹沢あさひ,W.I.N.G.編,準決勝前コミュ
芹沢あさひ\W.I.N.G.編\準決勝後コミュ.csv,2,6017001030010,あさひ,勝った勝った～！　勝ったっすよ～！,赢了赢了～！　我赢啦～！,芹沢あさひ,W.I.N.G.編,準決勝後コミュ
芹沢あさひ\W.I.N.G.編\準決勝後コミュ.csv,4,6017001030020,あさひ,"わたしも大満足っす～！
キラキラが目の前に見えてたっすよ～","真是太满足了～！
我都看到了眼前的闪耀光芒了～",芹沢あさひ,W.I.N.G.編,準決勝後コミュ
芹沢あさひ\W.I.N.G.編\準決勝後コミュ.csv,6,6017001030030,あさひ,キラキラの素……もっと見たいっす！,闪耀的来源……好想再多看看啊！,芹沢あさひ,W.I.N.G.編,準決勝後コミュ
芹沢あさひ\W.I.N.G.編\準決勝後コミュ.csv,8,6017001030040,あさひ,もちろんっす！　絶対に見るっすよ！,那当然！　一定要看到！,芹沢あさひ,W.I.N.G.編,準決勝後コミュ
芹沢あさひ\W.I.N.G.編\見えぬ道筋.csv,4,1017001030010,あさひ,よっ……はっ……ほっ……！,哟……哈……喔……！,芹沢あさひ,W.I.N.G.編,見えぬ道筋
芹沢あさひ\W.I.N.G.編\見えぬ道筋.csv,5,1017001030020,あさひ,"……違うなぁ……
なかなか上手くいかない……","……还是不对……
怎么做都怪怪的……",芹沢あさひ,W.I.N.G.編,見えぬ道筋
芹沢あさひ\W.I.N.G.編\見えぬ道筋.csv,6,1017001030030,あさひ,じゃあ、ここをこうして……,那，这里这样……,芹沢あさひ,W.I.N.G.編,見えぬ道筋
芹沢あさひ\W.I.N.G.編\見えぬ道筋.csv,7,1017001030040,あさひ,……,……,芹沢あさひ,W.I.N.G.編,見えぬ道筋
芹沢あさひ\W.I.N.G.編\見えぬ道筋.csv,8,1017001030050,あさひ,ん～～～……？,嗯～～～……？,芹沢あさひ,W.I.N.G.編,見えぬ道筋
芹沢あさひ\W.I.N.G.編\見えぬ道筋.csv,10,1017001030060,あさひ,ん～～～～！,嗯～～～～！,芹沢あさひ,W.I.N.G.編,見えぬ道筋
芹沢あさひ\W.I.N.G.編\見えぬ道筋.csv,12,1017001030070,あさひ,……あ！　プロデューサーさん、おはよっす！,啊！制作人，早上好噢！,芹沢あさひ,W.I.N.G.編,見えぬ道筋
芹沢あさひ\W.I.N.G.編\見えぬ道筋.csv,15,1017001030080,あさひ,"そうなんすよ！
なんでなんすかね……？","对啊！
到底是为什么呢……？",芹沢あさひ,W.I.N.G.編,見えぬ道筋
芹沢あさひ\W.I.N.G.編\見えぬ道筋.csv,17,1017001030090,あさひ,全然、この映像の通りにならないんすよ,完全做不到和这个录像里的一模一样啊,芹沢あさひ,W.I.N.G.編,見えぬ道筋
芹沢あさひ\W.I.N.G.編\見えぬ道筋.csv,20,1017001030100,あさひ,でも、完璧に同じではないじゃないっすか？,但是算不上一模一样的吧？,芹沢あさひ,W.I.N.G.編,見えぬ道筋
芹沢あさひ\W.I.N.G.編\見えぬ道筋.csv,21,1017001030110,あさひ,どうやったらこんなふうになれるんすかね～……,要怎么做才能做成这样呢～……,芹沢あさひ,W.I.N.G.編,見えぬ道筋
芹沢あさひ\W.I.N.G.編\見えぬ道筋.csv,23,1017001030120,あさひ,ふんふん……！,嗯嗯……！,芹沢あさひ,W.I.N.G.編,見えぬ道筋
芹沢あさひ\W.I.N.G.編\見えぬ道筋.csv,29,1017001030130,あさひ,バランス感覚？,感觉的平衡？,芹沢あさひ,W.I.N.G.編,見えぬ道筋
芹沢あさひ\W.I.N.G.編\見えぬ道筋.csv,32,1017001030140,あさひ,ふんふん……勉強になるっす……,嗯嗯……学习到了……,芹沢あさひ,W.I.N.G.編,見えぬ道筋
芹沢あさひ\W.I.N.G.編\見えぬ道筋.csv,34,1017001030150,あさひ,他にもないっすか？　もっと聞きたいっす！,还有别的吗？我想听更多的知识！,芹沢あさひ,W.I.N.G.編,見えぬ道筋
芹沢あさひ\W.I.N.G.編\見えぬ道筋.csv,36,1017001030160,あさひ,"やった！　嬉しいっす！
心して聞くっす、プロデューサーさん！","太棒啦！　好开心！
我会用心倾听的，制作人！",芹沢あさひ,W.I.N.G.編,見えぬ道筋
芹沢あさひ\W.I.N.G.編\見えぬ道筋.csv,40,1017001030170,あさひ,え～！　わたし早く知りたいっす！,诶～！　我想快点知道啦！,芹沢あさひ,W.I.N.G.編,見えぬ道筋
芹沢あさひ\W.I.N.G.編\見えぬ道筋.csv,45,1017001030180,あさひ,うーん……楽しみは後に取っとくってことっすね……？,嗯……也就是说乐趣要留到之后再享受的意思吗……？,芹沢あさひ,W.I.N.G.編,見えぬ道筋
芹沢あさひ\W.I.N.G.編\見えぬ道筋.csv,46,1017001030190,あさひ,"あはは、ならそういうことにしとくっす
プロデューサーさん！","啊哈哈，那制作人！
就按您说的来吧",芹沢あさひ,W.I.N.G.編,見えぬ道筋
芹沢あさひ\W.I.N.G.編\見えぬ道筋.csv,49,1017001030200,あさひ,ホントっすか！？,真的嘛！？,芹沢あさひ,W.I.N.G.編,見えぬ道筋
芹沢あさひ\W.I.N.G.編\見えぬ道筋.csv,52,1017001030210,あさひ,じゃあ、他も完璧にするっす！,那，我来把其它部分也做到完美为止！,芹沢あさひ,W.I.N.G.編,見えぬ道筋
芹沢あさひ\W.I.N.G.編\見えぬ道筋.csv,55,1017001030220,あさひ,"プロデューサーさん、ありがとっす！
わたし、もっともっとやれそうっす！","谢谢你，制作人！
感觉我又可以继续努力再努力了！",芹沢あさひ,W.I.N.G.編,見えぬ道筋
芹沢あさひ\【283プロのヒナ】芹沢あさひ\目に入ったら止まらない.csv,4,3017002010030,あさひ,おはよっす！,早上好！,芹沢あさひ,【283プロのヒナ】芹沢あさひ,目に入ったら止まらない
芹沢あさひ\【283プロのヒナ】芹沢あさひ\目に入ったら止まらない.csv,6,3017002010050,あさひ,あ、冬優子ちゃん、お疲れっす！,啊，冬优子辛苦了！,芹沢あさひ,【283プロのヒナ】芹沢あさひ,目に入ったら止まらない
芹沢あさひ\【283プロのヒナ】芹沢あさひ\目に入ったら止まらない.csv,8,3017002010070,あさひ,じー,盯──,芹沢あさひ,【283プロのヒナ】芹沢あさひ,目に入ったら止まらない
芹沢あさひ\【283プロのヒナ】芹沢あさひ\目に入ったら止まらない.csv,10,3017002010090,あさひ,それ！,那个！,芹沢あさひ,【283プロのヒナ】芹沢あさひ,目に入ったら止まらない
芹沢あさひ\【283プロのヒナ】芹沢あさひ\目に入ったら止まらない.csv,12,3017002010110,あさひ,もっと近くで見たいっす～！,我想靠近点看看～！,芹沢あさひ,【283プロのヒナ】芹沢あさひ,目に入ったら止まらない
芹沢あさひ\【283プロのヒナ】芹沢あさひ\目に入ったら止まらない.csv,14,3017002010130,あさひ,？,,芹沢あさひ,【283プロのヒナ】芹沢あさひ,目に入ったら止まらない
芹沢あさひ\【283プロのヒナ】芹沢あさひ\目に入ったら止まらない.csv,17,3017002010160,あさひ,"へぇ～！
すごそうっすね！　なんか","诶～！
感觉很厉害呢！",芹沢あさひ,【283プロのヒナ】芹沢あさひ,目に入ったら止まらない
芹沢あさひ\【283プロのヒナ】芹沢あさひ\目に入ったら止まらない.csv,19,3017002010180,あさひ,どんなアニメなんすか！　もっと知りたいっす！,是什么动画的！我想知道更多信息！,芹沢あさひ,【283プロのヒナ】芹沢あさひ,目に入ったら止まらない
芹沢あさひ\【283プロのヒナ】芹沢あさひ\目に入ったら止まらない.csv,24,3017002010230,あさひ,"へぇ～、なんだか今すぐにでも
見たくなったっす！",哦～我有点想现在就去看看了！,芹沢あさひ,【283プロのヒナ】芹沢あさひ,目に入ったら止まらない
芹沢あさひ\【283プロのヒナ】芹沢あさひ\目に入ったら止まらない.csv,26,3017002010250,あさひ,"どんな子たちがでてくるんすか！？
それに、アイドルと魔法がどう関係してくるんすか！？","都有什么样的角色会出场呢！？
而且偶像和魔法要怎么联系起来呢！？",芹沢あさひ,【283プロのヒナ】芹沢あさひ,目に入ったら止まらない
芹沢あさひ\【283プロのヒナ】芹沢あさひ\目に入ったら止まらない.csv,27,3017002010260,あさひ,あとあと──,还有还有──,芹沢あさひ,【283プロのヒナ】芹沢あさひ,目に入ったら止まらない
芹沢あさひ\【283プロのヒナ】芹沢あさひ\目に入ったら止まらない.csv,30,3017002010290,あさひ,今日、帰ったら見てみるっす！,今天回去后就看！,芹沢あさひ,【283プロのヒナ】芹沢あさひ,目に入ったら止まらない
芹沢あさひ\【283プロのヒナ】芹沢あさひ\目に入ったら止まらない.csv,31,3017002010300,あさひ,全部見尽くすっすよ～！,我要把它全都看完！,芹沢あさひ,【283プロのヒナ】芹沢あさひ,目に入ったら止まらない
芹沢あさひ\【283プロのヒナ】芹沢あさひ\真似すべきこと、そうでないこと.csv,2,3017002020010,あさひ,う～ん……！,嗯……！,芹沢あさひ,【283プロのヒナ】芹沢あさひ,真似すべきこと、そうでないこと
芹沢あさひ\【283プロのヒナ】芹沢あさひ\真似すべきこと、そうでないこと.csv,4,3017002020030,あさひ,う～ん……！,嗯……！,芹沢あさひ,【283プロのヒナ】芹沢あさひ,真似すべきこと、そうでないこと
芹沢あさひ\【283プロのヒナ】芹沢あさひ\真似すべきこと、そうでないこと.csv,6,3017002020050,あさひ,……,……,芹沢あさひ,【283プロのヒナ】芹沢あさひ,真似すべきこと、そうでないこと
芹沢あさひ\【283プロのヒナ】芹沢あさひ\真似すべきこと、そうでないこと.csv,8,3017002020070,あさひ,あ！　愛依ちゃん、こんなところで何してるんすか？,啊！爱依，你在这里干什么呢？,芹沢あさひ,【283プロのヒナ】芹沢あさひ,真似すべきこと、そうでないこと
芹沢あさひ\【283プロのヒナ】芹沢あさひ\真似すべきこと、そうでないこと.csv,10,3017002020090,あさひ,……この色、どうやったら出るんすかね……,……这种颜色，要怎么才能染的出来呢……,芹沢あさひ,【283プロのヒナ】芹沢あさひ,真似すべきこと、そうでないこと
芹沢あさひ\【283プロのヒナ】芹沢あさひ\真似すべきこと、そうでないこと.csv,12,3017002020110,あさひ,"そっす！　なんか愛依ちゃんの髪みたいで
綺麗じゃないっすか！","是的！感觉和爱依的头发一样
很漂亮呢！",芹沢あさひ,【283プロのヒナ】芹沢あさひ,真似すべきこと、そうでないこと
芹沢あさひ\【283プロのヒナ】芹沢あさひ\真似すべきこと、そうでないこと.csv,15,3017002020140,あさひ,あはは,啊哈哈,芹沢あさひ,【283プロのヒナ】芹沢あさひ,真似すべきこと、そうでないこと
芹沢あさひ\【283プロのヒナ】芹沢あさひ\真似すべきこと、そうでないこと.csv,17,3017002020160,あさひ,髪の色の話っすよ！,是在讲头发的颜色！,芹沢あさひ,【283プロのヒナ】芹沢あさひ,真似すべきこと、そうでないこと
芹沢あさひ\【283プロのヒナ】芹沢あさひ\真似すべきこと、そうでないこと.csv,19,3017002020180,あさひ,わたしもやってみたいんすよ！,因为我也想试试看！,芹沢あさひ,【283プロのヒナ】芹沢あさひ,真似すべきこと、そうでないこと
芹沢あさひ\【283プロのヒナ】芹沢あさひ\真似すべきこと、そうでないこと.csv,22,3017002020210,あさひ,そういうもんっすかね～,原来是这样啊～,芹沢あさひ,【283プロのヒナ】芹沢あさひ,真似すべきこと、そうでないこと
芹沢あさひ\【283プロのヒナ】芹沢あさひ\真似すべきこと、そうでないこと.csv,24,3017002020230,あさひ,……じゃあ、やめるっす！,……那我就不试了！,芹沢あさひ,【283プロのヒナ】芹沢あさひ,真似すべきこと、そうでないこと
芹沢あさひ\【283プロのヒナ】芹沢あさひ\真似すべきこと、そうでないこと.csv,25,3017002020240,あさひ,あ！　愛依ちゃん、あっちにもなんかあるっすよ！,啊!爱依，那边好像也有什么东西哦！,芹沢あさひ,【283プロのヒナ】芹沢あさひ,真似すべきこと、そうでないこと
芹沢あさひ\【283プロのヒナ】芹沢あさひ\真似すべきこと、そうでないこと.csv,27,3017002020260,あさひ,ほら～、早く来るっすよ～！,快点过来啦～！,芹沢あさひ,【283プロのヒナ】芹沢あさひ,真似すべきこと、そうでないこと
芹沢あさひ\【Anti-Gravity】芹沢あさひ\not for me.csv,17,2017014030010,あさひ,"プロデューサーさん
来週のスケジュール、教えてほしいっす","制作人
告诉我下周的日程吧",芹沢あさひ,【Anti-Gravity】芹沢あさひ,not for me
芹沢あさひ\【Anti-Gravity】芹沢あさひ\not for me.csv,19,2017014030020,あさひ,"……？
プロデューサーさんが言ったっすよ","……？
制作人之前不是说了吗",芹沢あさひ,【Anti-Gravity】芹沢あさひ,not for me
芹沢あさひ\【Anti-Gravity】芹沢あさひ\not for me.csv,20,2017014030030,あさひ,"予定は変わる可能性があるから
その都度確認しろって","说因为有变更预定的可能性
所以等到时候再确认",芹沢あさひ,【Anti-Gravity】芹沢あさひ,not for me
芹沢あさひ\【Anti-Gravity】芹沢あさひ\not for me.csv,23,2017014030040,あさひ,なんすか？,怎么了？,芹沢あさひ,【Anti-Gravity】芹沢あさひ,not for me
芹沢あさひ\【Anti-Gravity】芹沢あさひ\not for me.csv,25,2017014030050,あさひ,…………,…………,芹沢あさひ,【Anti-Gravity】芹沢あさひ,not for me
芹沢あさひ\【Anti-Gravity】芹沢あさひ\not for me.csv,28,2017014030060,あさひ,……そっすか,……是这样啊,芹沢あさひ,【Anti-Gravity】芹沢あさひ,not for me
芹沢あさひ\【Anti-Gravity】芹沢あさひ\not for me.csv,29,2017014030070,あさひ,"オーディション……
ビデオも、面接もうまくできたと思ったっす","试镜……
我觉得录像和面试都完成得很好的说",芹沢あさひ,【Anti-Gravity】芹沢あさひ,not for me
芹沢あさひ\【Anti-Gravity】芹沢あさひ\not for me.csv,30,2017014030080,あさひ,何がだめだったっすかね……,到底是什么地方不行的说……,芹沢あさひ,【Anti-Gravity】芹沢あさひ,not for me
芹沢あさひ\【Anti-Gravity】芹沢あさひ\not for me.csv,36,2017014030090,あさひ,…………でも、あれは,…………但是，那个想象,芹沢あさひ,【Anti-Gravity】芹沢あさひ,not for me
芹沢あさひ\【Anti-Gravity】芹沢あさひ\not for me.csv,37,2017014030100,あさひ,わたしのじゃなかったっす,并不是属于我的东西的说,芹沢あさひ,【Anti-Gravity】芹沢あさひ,not for me
芹沢あさひ\【Anti-Gravity】芹沢あさひ\not for me.csv,43,2017014030110,あさひ,…………,…………,芹沢あさひ,【Anti-Gravity】芹沢あさひ,not for me
芹沢あさひ\【Anti-Gravity】芹沢あさひ\not for me.csv,46,2017014030120,あさひ,後で……,以后……,芹沢あさひ,【Anti-Gravity】芹沢あさひ,not for me
芹沢あさひ\【Anti-Gravity】芹沢あさひ\not for me.csv,47,2017014030130,あさひ,今がいっす,现在就可以的说,芹沢あさひ,【Anti-Gravity】芹沢あさひ,not for me
芹沢あさひ\【Anti-Gravity】芹沢あさひ\not for me.csv,50,2017014030140,あさひ,…………はいっす,…………是的说,芹沢あさひ,【Anti-Gravity】芹沢あさひ,not for me
芹沢あさひ\【Anti-Gravity】芹沢あさひ\not for me.csv,51,2017014030150,あさひ,──よく、わからないっすけど,——虽然不是很懂的说,芹沢あさひ,【Anti-Gravity】芹沢あさひ,not for me
芹沢あさひ\【Anti-Gravity】芹沢あさひ\not for me.csv,55,2017014030160,あさひ,"それより、また、あんなダンス
習ってみたいっす",比起那些，我还想继续练习那种舞蹈的说,芹沢あさひ,【Anti-Gravity】芹沢あさひ,not for me
芹沢あさひ\【Anti-Gravity】芹沢あさひ\not for me.csv,56,2017014030170,あさひ,レッスン、もう、なくなっちゃうっすか？,课程已经没有了吗？,芹沢あさひ,【Anti-Gravity】芹沢あさひ,not for me
芹沢あさひ\【Anti-Gravity】芹沢あさひ\not for me.csv,58,2017014030180,あさひ,いいんすか？,可以吗？,芹沢あさひ,【Anti-Gravity】芹沢あさひ,not for me
芹沢あさひ\【Anti-Gravity】芹沢あさひ\not for me.csv,61,2017014030190,あさひ,よく、わかんないっすけど……,——虽然不是很懂的说,芹沢あさひ,【Anti-Gravity】芹沢あさひ,not for me
芹沢あさひ\【Anti-Gravity】芹沢あさひ\not for me.csv,62,2017014030200,あさひ,またやれるならよかったっす,但是能再上课就好,芹沢あさひ,【Anti-Gravity】芹沢あさひ,not for me
芹沢あさひ\【Anti-Gravity】芹沢あさひ\not for me.csv,64,2017014030210,あさひ,…………,…………,芹沢あさひ,【Anti-Gravity】芹沢あさひ,not for me
芹沢あさひ\【Anti-Gravity】芹沢あさひ\not for me.csv,65,2017014030220,あさひ,"同じようなの
そんな……出るっすか？",会募集那么多一样类型的角色的吗？,芹沢あさひ,【Anti-Gravity】芹沢あさひ,not for me
芹沢あさひ\【Anti-Gravity】芹沢あさひ\not for me.csv,68,2017014030230,あさひ,いいんすか？,可以吗？,芹沢あさひ,【Anti-Gravity】芹沢あさひ,not for me
芹沢あさひ\【Anti-Gravity】芹沢あさひ\not for me.csv,70,2017014030240,あさひ,……？,……？,芹沢あさひ,【Anti-Gravity】芹沢あさひ,not for me
芹沢あさひ\【Anti-Gravity】芹沢あさひ\not for me.csv,72,2017014030250,あさひ,わかったっす,我知道了的说,芹沢あさひ,【Anti-Gravity】芹沢あさひ,not for me
芹沢あさひ\【Anti-Gravity】芹沢あさひ\not for me.csv,73,2017014030260,あさひ,レッスン、したいっす,我想上课的说,芹沢あさひ,【Anti-Gravity】芹沢あさひ,not for me
芹沢あさひ\【Anti-Gravity】芹沢あさひ\こぼれ落ちるいろ.csv,2,2017014040001,あさひ＆プロデューサー,────……,————……,芹沢あさひ,【Anti-Gravity】芹沢あさひ,こぼれ落ちるいろ
芹沢あさひ\【Anti-Gravity】芹沢あさひ\こぼれ落ちるいろ.csv,7,2017014040010,あさひ,────……,————……,芹沢あさひ,【Anti-Gravity】芹沢あさひ,こぼれ落ちるいろ
芹沢あさひ\【Anti-Gravity】芹沢あさひ\こぼれ落ちるいろ.csv,9,2017014040020,あさひ,ん？,嗯？,芹沢あさひ,【Anti-Gravity】芹沢あさひ,こぼれ落ちるいろ
芹沢あさひ\【Anti-Gravity】芹沢あさひ\こぼれ落ちるいろ.csv,11,2017014040030,あさひ,はいっす,是的说,芹沢あさひ,【Anti-Gravity】芹沢あさひ,こぼれ落ちるいろ
芹沢あさひ\【Anti-Gravity】芹沢あさひ\こぼれ落ちるいろ.csv,14,2017014040040,あさひ,あの人、まだまだだったっすね,那个人，还差得远的说,芹沢あさひ,【Anti-Gravity】芹沢あさひ,こぼれ落ちるいろ
芹沢あさひ\【Anti-Gravity】芹沢あさひ\こぼれ落ちるいろ.csv,15,2017014040050,あさひ,ちょくちょく、ステップがぼやけてたような……,偶尔能看出舞步有不果断的地方……,芹沢あさひ,【Anti-Gravity】芹沢あさひ,こぼれ落ちるいろ
芹沢あさひ\【Anti-Gravity】芹沢あさひ\こぼれ落ちるいろ.csv,16,2017014040060,あさひ,"あと、静かな方がいいところで
バタバタ音してたっす","而且，在需要安静的时候
还会发出啪啪的脚步声的说",芹沢あさひ,【Anti-Gravity】芹沢あさひ,こぼれ落ちるいろ
芹沢あさひ\【Anti-Gravity】芹沢あさひ\こぼれ落ちるいろ.csv,18,2017014040070,あさひ,"これから、いっぱい練習すれば
うまくなると思うっすけど","我觉得那人接下来如果勤加练习的话
能跳得更好的说",芹沢あさひ,【Anti-Gravity】芹沢あさひ,こぼれ落ちるいろ
芹沢あさひ\【Anti-Gravity】芹沢あさひ\こぼれ落ちるいろ.csv,19,2017014040080,あさひ,"あと……
ライトの動き、すごかったっすね","还有……
灯光的调度，好厉害的说",芹沢あさひ,【Anti-Gravity】芹沢あさひ,こぼれ落ちるいろ
芹沢あさひ\【Anti-Gravity】芹沢あさひ\こぼれ落ちるいろ.csv,21,2017014040090,あさひ,"照明と、ダンサーさんのタイミングが
ぴったり合ったら、もっと……","照明和舞者的舞步
如果能再注重一点时机的话就更好了……",芹沢あさひ,【Anti-Gravity】芹沢あさひ,こぼれ落ちるいろ
芹沢あさひ\【Anti-Gravity】芹沢あさひ\こぼれ落ちるいろ.csv,23,2017014040100,あさひ,だから、わたし落ちたんっすね,所以我才没被选上啊,芹沢あさひ,【Anti-Gravity】芹沢あさひ,こぼれ落ちるいろ
芹沢あさひ\【Anti-Gravity】芹沢あさひ\こぼれ落ちるいろ.csv,25,2017014040110,あさひ,"あれは、うんと手足が長い人の方が
かっこいいっす","那种舞蹈只有胳膊和腿很长的人来跳
看起来才好看的说",芹沢あさひ,【Anti-Gravity】芹沢あさひ,こぼれ落ちるいろ
芹沢あさひ\【Anti-Gravity】芹沢あさひ\こぼれ落ちるいろ.csv,30,2017014040120,あさひ,あの人の方がよかったっす,所以才选中了那个人是吧,芹沢あさひ,【Anti-Gravity】芹沢あさひ,こぼれ落ちるいろ
芹沢あさひ\【Anti-Gravity】芹沢あさひ\こぼれ落ちるいろ.csv,35,2017014040130,あさひ,…………,…………,芹沢あさひ,【Anti-Gravity】芹沢あさひ,こぼれ落ちるいろ
芹沢あさひ\【Anti-Gravity】芹沢あさひ\こぼれ落ちるいろ.csv,37,2017014040140,あさひ,──見てよかったっすよ,——我觉得来看才好的说,芹沢あさひ,【Anti-Gravity】芹沢あさひ,こぼれ落ちるいろ
芹沢あさひ\【Anti-Gravity】芹沢あさひ\こぼれ落ちるいろ.csv,38,2017014040150,あさひ,理由、わかったっすから,这样才明白了没被选中的理由的说,芹沢あさひ,【Anti-Gravity】芹沢あさひ,こぼれ落ちるいろ
芹沢あさひ\【Anti-Gravity】芹沢あさひ\こぼれ落ちるいろ.csv,45,2017014040160,あさひ,…………,…………,芹沢あさひ,【Anti-Gravity】芹沢あさひ,こぼれ落ちるいろ
芹沢あさひ\【Anti-Gravity】芹沢あさひ\こぼれ落ちるいろ.csv,46,2017014040170,あさひ,"……？
なんでプロデューサーさんがそんなこと言うっすか？","……？
为什么制作人要说那种话呢？",芹沢あさひ,【Anti-Gravity】芹沢あさひ,こぼれ落ちるいろ
芹沢あさひ\【Anti-Gravity】芹沢あさひ\こぼれ落ちるいろ.csv,47,2017014040180,あさひ,だめだったのはわたしっす,明明失败的是我才对的说,芹沢あさひ,【Anti-Gravity】芹沢あさひ,こぼれ落ちるいろ
芹沢あさひ\【Anti-Gravity】芹沢あさひ\こぼれ落ちるいろ.csv,51,2017014040190,あさひ,"…………
よくわかんないっすけど","…………
虽然不是很了解",芹沢あさひ,【Anti-Gravity】芹沢あさひ,こぼれ落ちるいろ
芹沢あさひ\【Anti-Gravity】芹沢あさひ\こぼれ落ちるいろ.csv,52,2017014040200,あさひ,なんとなくわかる気もするっす,但总觉得已经了解了的说,芹沢あさひ,【Anti-Gravity】芹沢あさひ,こぼれ落ちるいろ
芹沢あさひ\【Anti-Gravity】芹沢あさひ\こぼれ落ちるいろ.csv,54,2017014040210,あさひ,よくわかんないっすけど……,虽然不是很了解……,芹沢あさひ,【Anti-Gravity】芹沢あさひ,こぼれ落ちるいろ
芹沢あさひ\【Anti-Gravity】芹沢あさひ\こぼれ落ちるいろ.csv,55,2017014040220,あさひ,"……なんで
プロデューサーさんが元気ないっすか？","……但是为什么
制作人反倒会那么失落呢？",芹沢あさひ,【Anti-Gravity】芹沢あさひ,こぼれ落ちるいろ
芹沢あさひ\【Anti-Gravity】芹沢あさひ\こぼれ落ちるいろ.csv,56,2017014040230,あさひ,不合格だったの、わたしっす,明明不合格的是我才对的说,芹沢あさひ,【Anti-Gravity】芹沢あさひ,こぼれ落ちるいろ
芹沢あさひ\【Anti-Gravity】芹沢あさひ\こぼれ落ちるいろ.csv,59,2017014040240,あさひ,……？,……？,芹沢あさひ,【Anti-Gravity】芹沢あさひ,こぼれ落ちるいろ
芹沢あさひ\【Anti-Gravity】芹沢あさひ\こぼれ落ちるいろ.csv,60,2017014040250,あさひ,ややこしいっすね,听起来好麻烦的说,芹沢あさひ,【Anti-Gravity】芹沢あさひ,こぼれ落ちるいろ
芹沢あさひ\【Anti-Gravity】芹沢あさひ\こぼれ落ちるいろ.csv,61,2017014040260,あさひ,"ややこしいのは、プロデューサーさんに
任せるっすよ",麻烦的事就交给制作人了的说,芹沢あさひ,【Anti-Gravity】芹沢あさひ,こぼれ落ちるいろ
芹沢あさひ\【Anti-Gravity】芹沢あさひ\こぼれ落ちるいろ.csv,63,2017014040270,あさひ,"ただ……なんか
このまま帰りたくないっすかね","但是……总感觉
不想就这样回去的说",芹沢あさひ,【Anti-Gravity】芹沢あさひ,こぼれ落ちるいろ
芹沢あさひ\【Anti-Gravity】芹沢あさひ\こぼれ落ちるいろ.csv,68,2017014040280,あさひ,そんなこと考えても仕方ないっす,就算考虑那种事也没办法的说,芹沢あさひ,【Anti-Gravity】芹沢あさひ,こぼれ落ちるいろ
芹沢あさひ\【Anti-Gravity】芹沢あさひ\こぼれ落ちるいろ.csv,69,2017014040290,あさひ,だってどうしようもないっす,因为毕竟已经失败了的说,芹沢あさひ,【Anti-Gravity】芹沢あさひ,こぼれ落ちるいろ
芹沢あさひ\【Anti-Gravity】芹沢あさひ\こぼれ落ちるいろ.csv,73,2017014040300,あさひ,…………,…………,芹沢あさひ,【Anti-Gravity】芹沢あさひ,こぼれ落ちるいろ
芹沢あさひ\【Anti-Gravity】芹沢あさひ\こぼれ落ちるいろ.csv,74,2017014040310,あさひ,そう……なんすかね,是这样的吧……,芹沢あさひ,【Anti-Gravity】芹沢あさひ,こぼれ落ちるいろ
芹沢あさひ\【Anti-Gravity】芹沢あさひ\こぼれ落ちるいろ.csv,75,2017014040320,あさひ,そうだったら……面倒っすね,是这样的话……还真是麻烦的说,芹沢あさひ,【Anti-Gravity】芹沢あさひ,こぼれ落ちるいろ
芹沢あさひ\【Anti-Gravity】芹沢あさひ\たわむれ.csv,2,2017014010010,あさひ,かかと……つちふまず……つまさき……,脚后跟……脚掌心……脚尖……,芹沢あさひ,【Anti-Gravity】芹沢あさひ,たわむれ
芹沢あさひ\【Anti-Gravity】芹沢あさひ\たわむれ.csv,3,2017014010020,あさひ,かかと……つちふまず……つまさき……,脚后跟……脚掌心……脚尖……,芹沢あさひ,【Anti-Gravity】芹沢あさひ,たわむれ
芹沢あさひ\【Anti-Gravity】芹沢あさひ\たわむれ.csv,5,2017014010030,あさひ,"そっす
重心を変えてるっす","是的说
这样做的话就能改变重心的说",芹沢あさひ,【Anti-Gravity】芹沢あさひ,たわむれ
芹沢あさひ\【Anti-Gravity】芹沢あさひ\たわむれ.csv,6,2017014010040,あさひ,足踏みしてるだけだと思ったっすか？,看着像是单纯在原地踏步吗？,芹沢あさひ,【Anti-Gravity】芹沢あさひ,たわむれ
芹沢あさひ\【Anti-Gravity】芹沢あさひ\たわむれ.csv,8,2017014010050,あさひ,こんなのもやったっす,也还学了这样的动作的说,芹沢あさひ,【Anti-Gravity】芹沢あさひ,たわむれ
芹沢あさひ\【Anti-Gravity】芹沢あさひ\たわむれ.csv,10,2017014010060,あさひ,"……そう、ここからすーって足を上げて
肩を支点にして…………ふっ","……是的，从这个动作抬起脚
然后将肩膀作为支点…………喝",芹沢あさひ,【Anti-Gravity】芹沢あさひ,たわむれ
芹沢あさひ\【Anti-Gravity】芹沢あさひ\たわむれ.csv,11,2017014010070,あさひ,────っしょ,——咻,芹沢あさひ,【Anti-Gravity】芹沢あさひ,たわむれ
芹沢あさひ\【Anti-Gravity】芹沢あさひ\たわむれ.csv,13,2017014010080,あさひ,"なんか、課題のやつ踊るには重力を
表現しないといけないらしいっす","就感觉想跳作为课题的那个舞蹈的话
需要表现出重力感才行的说",芹沢あさひ,【Anti-Gravity】芹沢あさひ,たわむれ
芹沢あさひ\【Anti-Gravity】芹沢あさひ\たわむれ.csv,15,2017014010090,あさひ,そっす,是的说,芹沢あさひ,【Anti-Gravity】芹沢あさひ,たわむれ
芹沢あさひ\【Anti-Gravity】芹沢あさひ\たわむれ.csv,16,2017014010100,あさひ,"こういうのに
ひとつひとつ、タイトルあるっすよ","像这样的动作
每个都有名字的说",芹沢あさひ,【Anti-Gravity】芹沢あさひ,たわむれ
芹沢あさひ\【Anti-Gravity】芹沢あさひ\たわむれ.csv,17,2017014010110,あさひ,"──別のやってみるんで次のは何か、
当ててみてほしいっす！","——我要练其他的动作了，
下一个要做的动作是什么名字你可以猜猜看的说！",芹沢あさひ,【Anti-Gravity】芹沢あさひ,たわむれ
芹沢あさひ\【Anti-Gravity】芹沢あさひ\たわむれ.csv,18,2017014010120,あさひ,…………っ,…………,芹沢あさひ,【Anti-Gravity】芹沢あさひ,たわむれ
芹沢あさひ\【Anti-Gravity】芹沢あさひ\たわむれ.csv,21,2017014010130,あさひ,答え、言うっすよー,快猜名字吧——,芹沢あさひ,【Anti-Gravity】芹沢あさひ,たわむれ
芹沢あさひ\【Anti-Gravity】芹沢あさひ\たわむれ.csv,23,2017014010140,あさひ,……回ってるから？,……因为有很多旋转？,芹沢あさひ,【Anti-Gravity】芹沢あさひ,たわむれ
芹沢あさひ\【Anti-Gravity】芹沢あさひ\たわむれ.csv,25,2017014010150,あさひ,違うっす～,不对的说～,芹沢あさひ,【Anti-Gravity】芹沢あさひ,たわむれ
芹沢あさひ\【Anti-Gravity】芹沢あさひ\たわむれ.csv,26,2017014010160,あさひ,"…………なんだったか忘れたっす
なんかもっと文章っぽかったっす","…………我已经忘了叫什么了的说
总感觉名字好像更加文绉绉的说",芹沢あさひ,【Anti-Gravity】芹沢あさひ,たわむれ
芹沢あさひ\【Anti-Gravity】芹沢あさひ\たわむれ.csv,29,2017014010170,あさひ,"あははっ
そっすね","啊哈哈
是的说",芹沢あさひ,【Anti-Gravity】芹沢あさひ,たわむれ
芹沢あさひ\【Anti-Gravity】芹沢あさひ\たわむれ.csv,30,2017014010180,あさひ,"やったことないこと、言われたことないこと
いっぱいあって面白いっすよ","从没做过的事情，从没被教过的地方
都有很多很多所以很开心的说",芹沢あさひ,【Anti-Gravity】芹沢あさひ,たわむれ
芹沢あさひ\【Anti-Gravity】芹沢あさひ\たわむれ.csv,31,2017014010190,あさひ,"けど……こんなのばっかで
早く振り付けに入らなくっていいっすかね","但是……全都是这种动作的练习
不尽早练习完整舞蹈真的好吗",芹沢あさひ,【Anti-Gravity】芹沢あさひ,たわむれ
芹沢あさひ\【Anti-Gravity】芹沢あさひ\たわむれ.csv,34,2017014010200,あさひ,ふうん……先もっすか？,嗯……之后的情况吗？,芹沢あさひ,【Anti-Gravity】芹沢あさひ,たわむれ
芹沢あさひ\【Anti-Gravity】芹沢あさひ\たわむれ.csv,36,2017014010210,あさひ,それ、まだやったことないっす,我还没进行过即兴表演呢,芹沢あさひ,【Anti-Gravity】芹沢あさひ,たわむれ
芹沢あさひ\【Anti-Gravity】芹沢あさひ\たわむれ.csv,37,2017014010220,あさひ,プロデューサーさん、何かお題出してほしいっす,制作人，给我出个题作为练习即兴的主题吧,芹沢あさひ,【Anti-Gravity】芹沢あさひ,たわむれ
芹沢あさひ\【Anti-Gravity】芹沢あさひ\たわむれ.csv,42,2017014010230,あさひ,春……春っすか……,春天……春天吗……,芹沢あさひ,【Anti-Gravity】芹沢あさひ,たわむれ
芹沢あさひ\【Anti-Gravity】芹沢あさひ\たわむれ.csv,43,2017014010240,あさひ,春は触れもしないし、動きもないっす,春天即摸不到，也不会动的说,芹沢あさひ,【Anti-Gravity】芹沢あさひ,たわむれ
芹沢あさひ\【Anti-Gravity】芹沢あさひ\たわむれ.csv,47,2017014010250,あさひ,"ふむ……
桜とか……？","嗯……
像是樱花之类……？",芹沢あさひ,【Anti-Gravity】芹沢あさひ,たわむれ
芹沢あさひ\【Anti-Gravity】芹沢あさひ\たわむれ.csv,49,2017014010260,あさひ,あとは……蝶々とか,还有……蝴蝶之类,芹沢あさひ,【Anti-Gravity】芹沢あさひ,たわむれ
芹沢あさひ\【Anti-Gravity】芹沢あさひ\たわむれ.csv,51,2017014010270,あさひ,"じゃあ……その辺の動きやってみるっす！
見てるっすよ～","那么……我要在试试看表现那些东西了！
看好了的说～",芹沢あさひ,【Anti-Gravity】芹沢あさひ,たわむれ
芹沢あさひ\【Anti-Gravity】芹沢あさひ\たわむれ.csv,52,2017014010280,あさひ,…………どうやればいっすかね,…………要怎样表现才好呢,芹沢あさひ,【Anti-Gravity】芹沢あさひ,たわむれ
芹沢あさひ\【Anti-Gravity】芹沢あさひ\たわむれ.csv,54,2017014010290,あさひ,"飛ぶ動き……？
──なんか、それじゃ面白くないっすね","飞行的动作……？
——总感觉只试着做那个的话就没意思了的说",芹沢あさひ,【Anti-Gravity】芹沢あさひ,たわむれ
芹沢あさひ\【Anti-Gravity】芹沢あさひ\たわむれ.csv,55,2017014010300,あさひ,これは……？,这样如何……？,芹沢あさひ,【Anti-Gravity】芹沢あさひ,たわむれ
芹沢あさひ\【Anti-Gravity】芹沢あさひ\たわむれ.csv,57,2017014010310,あさひ,紙ヒコーキっす,是纸飞机的说,芹沢あさひ,【Anti-Gravity】芹沢あさひ,たわむれ
芹沢あさひ\【Anti-Gravity】芹沢あさひ\たわむれ.csv,59,2017014010320,あさひ,"ここから始めて……
────……うん","从这里开始……
————……嗯",芹沢あさひ,【Anti-Gravity】芹沢あさひ,たわむれ
芹沢あさひ\【Anti-Gravity】芹沢あさひ\たわむれ.csv,60,2017014010330,あさひ,"あははっ
なんか思いつきそうっす！","啊哈哈
有主意了的说！",芹沢あさひ,【Anti-Gravity】芹沢あさひ,たわむれ
芹沢あさひ\【Anti-Gravity】芹沢あさひ\たわむれ.csv,61,2017014010340,あさひ,"…………
最初から難しいっす……","…………
上来就提这么难的问题的说……",芹沢あさひ,【Anti-Gravity】芹沢あさひ,たわむれ
芹沢あさひ\【Anti-Gravity】芹沢あさひ\たわむれ.csv,64,2017014010350,あさひ,"──いや、それじゃ
即興の練習にならないっす",——不，换了就没法作为即兴表演的练习了的说,芹沢あさひ,【Anti-Gravity】芹沢あさひ,たわむれ
芹沢あさひ\【Anti-Gravity】芹沢あさひ\たわむれ.csv,65,2017014010360,あさひ,何かやるっすよ,我试试看做点什么吧,芹沢あさひ,【Anti-Gravity】芹沢あさひ,たわむれ
芹沢あさひ\【Anti-Gravity】芹沢あさひ\たわむれ.csv,67,2017014010370,あさひ,"……？
なんで笑ってるっすか？","……？
为什么笑了呢？",芹沢あさひ,【Anti-Gravity】芹沢あさひ,たわむれ
芹沢あさひ\【Anti-Gravity】芹沢あさひ\たわむれ.csv,69,2017014010380,あさひ,……？,……？,芹沢あさひ,【Anti-Gravity】芹沢あさひ,たわむれ
芹沢あさひ\【Anti-Gravity】芹沢あさひ\たわむれ.csv,70,2017014010390,あさひ,とにかく、やってみるっす,不管怎样，我要跳了的说,芹沢あさひ,【Anti-Gravity】芹沢あさひ,たわむれ
芹沢あさひ\【Anti-Gravity】芹沢あさひ\冬を裂く獣.csv,8,2017014110020,あさひ,『レッスン室、使いたいです』,“我想借用训练室的说”,芹沢あさひ,【Anti-Gravity】芹沢あさひ,冬を裂く獣
芹沢あさひ\【Anti-Gravity】芹沢あさひ\冬を裂く獣.csv,9,2017014110030,あさひ,『できるだけ早く、朝一番の人の前に』,“我想尽可能在早上最早一波人来使用之前借用”,芹沢あさひ,【Anti-Gravity】芹沢あさひ,冬を裂く獣
芹沢あさひ\【Anti-Gravity】芹沢あさひ\冬を裂く獣.csv,12,2017014110040,あさひ,だから、わたし落ちたんっすね,所以我才没被选上啊,芹沢あさひ,【Anti-Gravity】芹沢あさひ,冬を裂く獣
芹沢あさひ\【Anti-Gravity】芹沢あさひ\冬を裂く獣.csv,14,2017014110050,あさひ,…………さむ……,…………好冷……,芹沢あさひ,【Anti-Gravity】芹沢あさひ,冬を裂く獣
芹沢あさひ\【Anti-Gravity】芹沢あさひ\冬を裂く獣.csv,17,2017014110060,あさひ,プロデューサーさん,制作人,芹沢あさひ,【Anti-Gravity】芹沢あさひ,冬を裂く獣
芹沢あさひ\【Anti-Gravity】芹沢あさひ\冬を裂く獣.csv,18,2017014110070,あさひ,──事務所行くの、少し待ってほしいっす,——去事务所之前先稍等一下,芹沢あさひ,【Anti-Gravity】芹沢あさひ,冬を裂く獣
芹沢あさひ\【Anti-Gravity】芹沢あさひ\冬を裂く獣.csv,19,2017014110080,あさひ,見てほしいものがあるっす,我有想让你看的东西的说,芹沢あさひ,【Anti-Gravity】芹沢あさひ,冬を裂く獣
芹沢あさひ\【Anti-Gravity】芹沢あさひ\冬を裂く獣.csv,21,2017014110090,あさひ,…………,…………,芹沢あさひ,【Anti-Gravity】芹沢あさひ,冬を裂く獣
芹沢あさひ\【Anti-Gravity】芹沢あさひ\冬を裂く獣.csv,24,2017014110100,あさひ,────,————,芹沢あさひ,【Anti-Gravity】芹沢あさひ,冬を裂く獣
芹沢あさひ\【Anti-Gravity】芹沢あさひ\冬を裂く獣.csv,33,2017014110110,あさひ,…………,…………,芹沢あさひ,【Anti-Gravity】芹沢あさひ,冬を裂く獣
芹沢あさひ\【Anti-Gravity】芹沢あさひ\冬を裂く獣.csv,35,2017014110120,あさひ,……,……,芹沢あさひ,【Anti-Gravity】芹沢あさひ,冬を裂く獣
芹沢あさひ\【Anti-Gravity】芹沢あさひ\冬を裂く獣.csv,37,2017014110130,あさひ,あ、わかったっすか？,啊，果然制作人是能看出来的吗？,芹沢あさひ,【Anti-Gravity】芹沢あさひ,冬を裂く獣
芹沢あさひ\【Anti-Gravity】芹沢あさひ\冬を裂く獣.csv,38,2017014110140,あさひ,"手の長さは変わらないっすから
ちょっと緩急変えてみたり……","因为没法让胳膊变长
所以就试着改变了一下动作的缓急……",芹沢あさひ,【Anti-Gravity】芹沢あさひ,冬を裂く獣
芹沢あさひ\【Anti-Gravity】芹沢あさひ\冬を裂く獣.csv,39,2017014110150,あさひ,"跳ねる所とか、回転とか
少しずつ変えてみたらどうかなってやってみたっす","跳起的部分之类，旋转之类
想试试稍微改变一下的话会是什么样的说",芹沢あさひ,【Anti-Gravity】芹沢あさひ,冬を裂く獣
芹沢あさひ\【Anti-Gravity】芹沢あさひ\冬を裂く獣.csv,40,2017014110160,あさひ,振り付け変えたら先生怒るっすけど──,虽说改变编舞的话老师会生气的——,芹沢あさひ,【Anti-Gravity】芹沢あさひ,冬を裂く獣
芹沢あさひ\【Anti-Gravity】芹沢あさひ\冬を裂く獣.csv,41,2017014110170,あさひ,"でも、誰も見ないなら
好きに踊ってみてもいっすよね","但是，在这里是没有观众的
随便去跳也无所谓的说",芹沢あさひ,【Anti-Gravity】芹沢あさひ,冬を裂く獣
芹沢あさひ\【Anti-Gravity】芹沢あさひ\冬を裂く獣.csv,44,2017014110180,あさひ,そっすか？,是吗？,芹沢あさひ,【Anti-Gravity】芹沢あさひ,冬を裂く獣
芹沢あさひ\【Anti-Gravity】芹沢あさひ\冬を裂く獣.csv,45,2017014110190,あさひ,──わたしは、すっきりしたっす,——不过这下我心情就痛快了的说,芹沢あさひ,【Anti-Gravity】芹沢あさひ,冬を裂く獣
芹沢あさひ\【Anti-Gravity】芹沢あさひ\冬を裂く獣.csv,46,2017014110200,あさひ,ありがとっす、プロデューサーさん,谢谢你，制作人,芹沢あさひ,【Anti-Gravity】芹沢あさひ,冬を裂く獣
芹沢あさひ\【Anti-Gravity】芹沢あさひ\冬を裂く獣.csv,48,2017014110210,あさひ,あと、早くに起こしてごめんなさいっす,还有，那么早吵醒你真是很抱歉的说,芹沢あさひ,【Anti-Gravity】芹沢あさひ,冬を裂く獣
芹沢あさひ\【Anti-Gravity】芹沢あさひ\冬を裂く獣.csv,52,2017014110220,あさひ,────誰にも見せなくても、踊りたかったっすけど,————虽说就算不给任何人看，我也想跳的说,芹沢あさひ,【Anti-Gravity】芹沢あさひ,冬を裂く獣
芹沢あさひ\【Anti-Gravity】芹沢あさひ\冬を裂く獣.csv,53,2017014110230,あさひ,誰かが見てくれたら舞台になるっすね,毕竟如果有谁在看的话这里就真的成为舞台了的说,芹沢あさひ,【Anti-Gravity】芹沢あさひ,冬を裂く獣
芹沢あさひ\【Anti-Gravity】芹沢あさひ\浮遊する時間.csv,4,2017014020010,あさひ,そんなにいっぱい撮るっすか？,需要那么多摄像机来拍吗？,芹沢あさひ,【Anti-Gravity】芹沢あさひ,浮遊する時間
芹沢あさひ\【Anti-Gravity】芹沢あさひ\浮遊する時間.csv,7,2017014020020,あさひ,そっすか,是吧,芹沢あさひ,【Anti-Gravity】芹沢あさひ,浮遊する時間
芹沢あさひ\【Anti-Gravity】芹沢あさひ\浮遊する時間.csv,8,2017014020030,あさひ,"じゃあ、まずは慣らしで
一回やるっすよ","那么，作为热身
我先跳一遍的说",芹沢あさひ,【Anti-Gravity】芹沢あさひ,浮遊する時間
芹沢あさひ\【Anti-Gravity】芹沢あさひ\浮遊する時間.csv,10,2017014020040,あさひ,"『２８３プロダクション所属
芹沢あさひ、14歳』","“我是所属于283Production的
芹泽朝日，14岁”",芹沢あさひ,【Anti-Gravity】芹沢あさひ,浮遊する時間
芹沢あさひ\【Anti-Gravity】芹沢あさひ\浮遊する時間.csv,11,2017014020050,あさひ,…………────,…………————,芹沢あさひ,【Anti-Gravity】芹沢あさひ,浮遊する時間
芹沢あさひ\【Anti-Gravity】芹沢あさひ\浮遊する時間.csv,14,2017014020060,あさひ,はいっす,是的说,芹沢あさひ,【Anti-Gravity】芹沢あさひ,浮遊する時間
芹沢あさひ\【Anti-Gravity】芹沢あさひ\浮遊する時間.csv,15,2017014020070,あさひ,"ミスもしてないし、ひとまずはいいっすけど……
もう一回いっすか？","没有失误，就这样表演就好吧……
我再来一次可以吗？",芹沢あさひ,【Anti-Gravity】芹沢あさひ,浮遊する時間
芹沢あさひ\【Anti-Gravity】芹沢あさひ\浮遊する時間.csv,17,2017014020080,あさひ,────もう一回やるっす,————我再来一次的说,芹沢あさひ,【Anti-Gravity】芹沢あさひ,浮遊する時間
芹沢あさひ\【Anti-Gravity】芹沢あさひ\浮遊する時間.csv,18,2017014020090,あさひ,もう一回,再来一次,芹沢あさひ,【Anti-Gravity】芹沢あさひ,浮遊する時間
芹沢あさひ\【Anti-Gravity】芹沢あさひ\浮遊する時間.csv,19,2017014020100,あさひ,だめ、もう一回,不行，再来一次,芹沢あさひ,【Anti-Gravity】芹沢あさひ,浮遊する時間
芹沢あさひ\【Anti-Gravity】芹沢あさひ\浮遊する時間.csv,20,2017014020110,あさひ,…………,…………,芹沢あさひ,【Anti-Gravity】芹沢あさひ,浮遊する時間
芹沢あさひ\【Anti-Gravity】芹沢あさひ\浮遊する時間.csv,23,2017014020120,あさひ,……っす……ね──……,……是……呢——……,芹沢あさひ,【Anti-Gravity】芹沢あさひ,浮遊する時間
芹沢あさひ\【Anti-Gravity】芹沢あさひ\浮遊する時間.csv,24,2017014020130,あさひ,……先生に、『重力を支配しろ』って言われたっす,……老师说，“要去支配重力”的说,芹沢あさひ,【Anti-Gravity】芹沢あさひ,浮遊する時間
芹沢あさひ\【Anti-Gravity】芹沢あさひ\浮遊する時間.csv,25,2017014020140,あさひ,"身体は、重いっすけど
まだできてない気がするっす……","感觉身体还是好重
我觉得还没做到的说……",芹沢あさひ,【Anti-Gravity】芹沢あさひ,浮遊する時間
芹沢あさひ\【Anti-Gravity】芹沢あさひ\浮遊する時間.csv,26,2017014020150,あさひ,────もう一回っす,————再来一次的说,芹沢あさひ,【Anti-Gravity】芹沢あさひ,浮遊する時間
芹沢あさひ\【Anti-Gravity】芹沢あさひ\浮遊する時間.csv,29,2017014020160,あさひ,………………,………………,芹沢あさひ,【Anti-Gravity】芹沢あさひ,浮遊する時間
芹沢あさひ\【Anti-Gravity】芹沢あさひ\浮遊する時間.csv,32,2017014020170,あさひ,まだ……,还没……,芹沢あさひ,【Anti-Gravity】芹沢あさひ,浮遊する時間
芹沢あさひ\【Anti-Gravity】芹沢あさひ\浮遊する時間.csv,33,2017014020180,あさひ,まだ、できてないっす……,还没做到的说……,芹沢あさひ,【Anti-Gravity】芹沢あさひ,浮遊する時間
芹沢あさひ\【Anti-Gravity】芹沢あさひ\浮遊する時間.csv,35,2017014020190,あさひ,……床が背中に引っ付いて離れないっす,……背后贴着地板无法离开的说,芹沢あさひ,【Anti-Gravity】芹沢あさひ,浮遊する時間
芹沢あさひ\【Anti-Gravity】芹沢あさひ\浮遊する時間.csv,36,2017014020200,あさひ,"床が……わたしと一緒に
ドクンドクンって波打ってる","让地板……和我一起
随着心跳起起伏伏",芹沢あさひ,【Anti-Gravity】芹沢あさひ,浮遊する時間
芹沢あさひ\【Anti-Gravity】芹沢あさひ\浮遊する時間.csv,37,2017014020210,あさひ,"身体と、空気の境界が……
溶けてなくなってるみたいっす","让身体像是和空气……
融为一体而消失的说",芹沢あさひ,【Anti-Gravity】芹沢あさひ,浮遊する時間
芹沢あさひ\【Anti-Gravity】芹沢あさひ\浮遊する時間.csv,38,2017014020220,あさひ,"ふわふわして…………
浮いてる……？","轻飘飘地…………
浮起来……？",芹沢あさひ,【Anti-Gravity】芹沢あさひ,浮遊する時間
芹沢あさひ\【Anti-Gravity】芹沢あさひ\浮遊する時間.csv,39,2017014020230,あさひ,──────…………,——————…………,芹沢あさひ,【Anti-Gravity】芹沢あさひ,浮遊する時間
芹沢あさひ\【Anti-Gravity】芹沢あさひ\浮遊する時間.csv,40,2017014020240,あさひ,プロデューサーさん,制作人,芹沢あさひ,【Anti-Gravity】芹沢あさひ,浮遊する時間
芹沢あさひ\【Anti-Gravity】芹沢あさひ\浮遊する時間.csv,41,2017014020250,あさひ,もう一回、ビデオ回してもらってもいっすか,可以再来拍摄一次吗,芹沢あさひ,【Anti-Gravity】芹沢あさひ,浮遊する時間
芹沢あさひ\【Anti-Gravity】芹沢あさひ\浮遊する時間.csv,44,2017014020260,あさひ,……,……,芹沢あさひ,【Anti-Gravity】芹沢あさひ,浮遊する時間
芹沢あさひ\【Anti-Gravity】芹沢あさひ\浮遊する時間.csv,46,2017014020270,あさひ,あせ,汗液,芹沢あさひ,【Anti-Gravity】芹沢あさひ,浮遊する時間
芹沢あさひ\【Anti-Gravity】芹沢あさひ\浮遊する時間.csv,47,2017014020280,あさひ,止まって、見える,看起来像是在空中停住了,芹沢あさひ,【Anti-Gravity】芹沢あさひ,浮遊する時間
芹沢あさひ\【Anti-Gravity】芹沢あさひ\浮遊する時間.csv,48,2017014020290,あさひ,……,……,芹沢あさひ,【Anti-Gravity】芹沢あさひ,浮遊する時間
芹沢あさひ\【Anti-Gravity】芹沢あさひ\浮遊する時間.csv,49,2017014020300,あさひ,できた,我做到了,芹沢あさひ,【Anti-Gravity】芹沢あさひ,浮遊する時間
芹沢あさひ\【Boiling Sky】芹沢あさひ\沸点.csv,3,2017013110010,あさひ,"……
はいっす～","……
知道了的说～",芹沢あさひ,【Boiling Sky】芹沢あさひ,沸点
芹沢あさひ\【Boiling Sky】芹沢あさひ\沸点.csv,17,2017013110020,あさひ,どうぞっす～,请进的说～,芹沢あさひ,【Boiling Sky】芹沢あさひ,沸点
芹沢あさひ\【Boiling Sky】芹沢あさひ\沸点.csv,20,2017013110030,あさひ,あ、プロデューサーさん,啊，制作人,芹沢あさひ,【Boiling Sky】芹沢あさひ,沸点
芹沢あさひ\【Boiling Sky】芹沢あさひ\沸点.csv,21,2017013110040,あさひ,横になってたっす,刚在躺着的说,芹沢あさひ,【Boiling Sky】芹沢あさひ,沸点
芹沢あさひ\【Boiling Sky】芹沢あさひ\沸点.csv,23,2017013110050,あさひ,……いや、そんなに疲れてないっす,……不，没那么累的说,芹沢あさひ,【Boiling Sky】芹沢あさひ,沸点
芹沢あさひ\【Boiling Sky】芹沢あさひ\沸点.csv,26,2017013110060,あさひ,…………,…………,芹沢あさひ,【Boiling Sky】芹沢あさひ,沸点
芹沢あさひ\【Boiling Sky】芹沢あさひ\沸点.csv,30,2017013110070,あさひ,同じように……,和那时一样……,芹沢あさひ,【Boiling Sky】芹沢あさひ,沸点
芹沢あさひ\【Boiling Sky】芹沢あさひ\沸点.csv,32,2017013110080,あさひ,"──同じような気持ちになるなんて無理っすよ
またあそこに行くとかしないと……","——如果不再去一次那里的话
是变不成和那时一样的心情的说",芹沢あさひ,【Boiling Sky】芹沢あさひ,沸点
芹沢あさひ\【Boiling Sky】芹沢あさひ\沸点.csv,33,2017013110090,あさひ,いや、あそこに行っても、同じようにしても,不对，就算去了那里，做了同样的事情,芹沢あさひ,【Boiling Sky】芹沢あさひ,沸点
芹沢あさひ\【Boiling Sky】芹沢あさひ\沸点.csv,34,2017013110100,あさひ,同じ感じでやるなんて────,也没法以同样的心情来表演——,芹沢あさひ,【Boiling Sky】芹沢あさひ,沸点
芹沢あさひ\【Boiling Sky】芹沢あさひ\沸点.csv,35,2017013110110,あさひ,────……！,————……！,芹沢あさひ,【Boiling Sky】芹沢あさひ,沸点
芹沢あさひ\【Boiling Sky】芹沢あさひ\沸点.csv,37,2017013110120,あさひ,…………そっか,…………对啊,芹沢あさひ,【Boiling Sky】芹沢あさひ,沸点
芹沢あさひ\【Boiling Sky】芹沢あさひ\沸点.csv,38,2017013110130,あさひ,プロデューサーさん、やっぱりできるかもしれないっす,制作人，说不定我可以做到的说,芹沢あさひ,【Boiling Sky】芹沢あさひ,沸点
芹沢あさひ\【Boiling Sky】芹沢あさひ\沸点.csv,40,2017013110140,あさひ,沸騰する感じと似てるっす,和水沸腾的感觉很类似的说,芹沢あさひ,【Boiling Sky】芹沢あさひ,沸点
芹沢あさひ\【Boiling Sky】芹沢あさひ\沸点.csv,41,2017013110150,あさひ,"やってみるっすよ！
プロデューサーさんの言うように","我试试看的说！
就像制作人说的那样",芹沢あさひ,【Boiling Sky】芹沢あさひ,沸点
芹沢あさひ\【Boiling Sky】芹沢あさひ\沸点.csv,45,2017013110160,あさひ,──はいっす！,——是的说！,芹沢あさひ,【Boiling Sky】芹沢あさひ,沸点
芹沢あさひ\【Boiling Sky】芹沢あさひ\沸点.csv,46,2017013110170,あさひ,できたっすよ、プロデューサーさん！,我做到了的说，制作人！,芹沢あさひ,【Boiling Sky】芹沢あさひ,沸点
芹沢あさひ\【Boiling Sky】芹沢あさひ\潜む熱.csv,2,2017013010010,あさひ,た、たーん、た、たーん……,踏，踏，踏，踏……,芹沢あさひ,【Boiling Sky】芹沢あさひ,潜む熱
芹沢あさひ\【Boiling Sky】芹沢あさひ\潜む熱.csv,3,2017013010020,あさひ,た、た、た,踏，踏，踏,芹沢あさひ,【Boiling Sky】芹沢あさひ,潜む熱
芹沢あさひ\【Boiling Sky】芹沢あさひ\潜む熱.csv,4,2017013010030,あさひ,た、た、た……,踏，踏，踏……,芹沢あさひ,【Boiling Sky】芹沢あさひ,潜む熱
芹沢あさひ\【Boiling Sky】芹沢あさひ\潜む熱.csv,5,2017013010040,あさひ,タンタンタン……,踏踏踏……,芹沢あさひ,【Boiling Sky】芹沢あさひ,潜む熱
芹沢あさひ\【Boiling Sky】芹沢あさひ\潜む熱.csv,8,2017013010050,あさひ,──聞こえてたっすよ,——在听的说,芹沢あさひ,【Boiling Sky】芹沢あさひ,潜む熱
芹沢あさひ\【Boiling Sky】芹沢あさひ\潜む熱.csv,9,2017013010060,あさひ,わやわやわや～～って,听到了你们在吵吵闹闹来着,芹沢あさひ,【Boiling Sky】芹沢あさひ,潜む熱
芹沢あさひ\【Boiling Sky】芹沢あさひ\潜む熱.csv,11,2017013010070,あさひ,"…………ごほっ
ごほっごほっ…………！！","……咳
咳咳……！！",芹沢あさひ,【Boiling Sky】芹沢あさひ,潜む熱
芹沢あさひ\【Boiling Sky】芹沢あさひ\潜む熱.csv,14,2017013010080,あさひ,"……あ、大丈夫っす～
食べ物……ごほっ、変なとこに入っちゃったっす","……啊，没关系的说～
食物……咳。呛进了奇怪的地方的说",芹沢あさひ,【Boiling Sky】芹沢あさひ,潜む熱
芹沢あさひ\【Boiling Sky】芹沢あさひ\潜む熱.csv,16,2017013010090,あさひ,たたん、たんたーん……,踏踏，踏，踏……,芹沢あさひ,【Boiling Sky】芹沢あさひ,潜む熱
芹沢あさひ\【Boiling Sky】芹沢あさひ\潜む熱.csv,19,2017013010100,あさひ,…………,…………,芹沢あさひ,【Boiling Sky】芹沢あさひ,潜む熱
芹沢あさひ\【Boiling Sky】芹沢あさひ\潜む熱.csv,20,2017013010110,あさひ,…………何してるっすか？,…………这是在干什么呢？,芹沢あさひ,【Boiling Sky】芹沢あさひ,潜む熱
芹沢あさひ\【Boiling Sky】芹沢あさひ\潜む熱.csv,23,2017013010120,あさひ,────……,————……,芹沢あさひ,【Boiling Sky】芹沢あさひ,潜む熱
芹沢あさひ\【Boiling Sky】芹沢あさひ\潜む熱.csv,25,2017013010130,あさひ,──なんか、これ見てるのが面白いっす,——总感觉看这个就很有意思了的说,芹沢あさひ,【Boiling Sky】芹沢あさひ,潜む熱
芹沢あさひ\【Boiling Sky】芹沢あさひ\潜む熱.csv,27,2017013010140,あさひ,お湯が沸いてるだけ…………,只是开水在冒泡…………,芹沢あさひ,【Boiling Sky】芹沢あさひ,潜む熱
芹沢あさひ\【Boiling Sky】芹沢あさひ\潜む熱.csv,29,2017013010150,あさひ,"えー
もっと見たいっすー","诶——
我还想再多看看的说——",芹沢あさひ,【Boiling Sky】芹沢あさひ,潜む熱
芹沢あさひ\【Boiling Sky】芹沢あさひ\潜む熱.csv,32,2017013010160,あさひ,…………,…………,芹沢あさひ,【Boiling Sky】芹沢あさひ,潜む熱
芹沢あさひ\【Boiling Sky】芹沢あさひ\潜む熱.csv,34,2017013010170,あさひ,なんにもしてないっす,什么都没干的说,芹沢あさひ,【Boiling Sky】芹沢あさひ,潜む熱
芹沢あさひ\【Boiling Sky】芹沢あさひ\潜む熱.csv,36,2017013010180,あさひ,──あっ,——啊,芹沢あさひ,【Boiling Sky】芹沢あさひ,潜む熱
芹沢あさひ\【Boiling Sky】芹沢あさひ\潜む熱.csv,39,2017013010190,あさひ,そっすね……,说的是的说……,芹沢あさひ,【Boiling Sky】芹沢あさひ,潜む熱
芹沢あさひ\【Boiling Sky】芹沢あさひ\潜む熱.csv,41,2017013010200,あさひ,はいっす,是的说,芹沢あさひ,【Boiling Sky】芹沢あさひ,潜む熱
芹沢あさひ\【Boiling Sky】芹沢あさひ\潜む熱.csv,44,2017013010210,あさひ,……へー,……嘿——,芹沢あさひ,【Boiling Sky】芹沢あさひ,潜む熱
芹沢あさひ\【Boiling Sky】芹沢あさひ\潜む熱.csv,48,2017013010220,あさひ,──あれ？　歌割り書いてないっす,——诶？歌词上并没有标哪部分要由我来唱的说,芹沢あさひ,【Boiling Sky】芹沢あさひ,潜む熱
芹沢あさひ\【Boiling Sky】芹沢あさひ\潜む熱.csv,50,2017013010230,あさひ,わたしだけの……,只属于我的……,芹沢あさひ,【Boiling Sky】芹沢あさひ,潜む熱
芹沢あさひ\【Boiling Sky】芹沢あさひ\顕れる熱.csv,2,2017013020010,あさひ,………………,………………,芹沢あさひ,【Boiling Sky】芹沢あさひ,顕れる熱
芹沢あさひ\【Boiling Sky】芹沢あさひ\顕れる熱.csv,3,2017013020020,あさひ,タン、タン、タン、タン……,踏，踏，踏，踏……,芹沢あさひ,【Boiling Sky】芹沢あさひ,顕れる熱
芹沢あさひ\【Boiling Sky】芹沢あさひ\顕れる熱.csv,6,2017013020030,あさひ,そっすか,是吗,芹沢あさひ,【Boiling Sky】芹沢あさひ,顕れる熱
芹沢あさひ\【Boiling Sky】芹沢あさひ\顕れる熱.csv,8,2017013020040,あさひ,んー……そっすね,嗯……是呢,芹沢あさひ,【Boiling Sky】芹沢あさひ,顕れる熱
芹沢あさひ\【Boiling Sky】芹沢あさひ\顕れる熱.csv,14,2017013020050,あさひ,…………,…………,芹沢あさひ,【Boiling Sky】芹沢あさひ,顕れる熱
芹沢あさひ\【Boiling Sky】芹沢あさひ\顕れる熱.csv,16,2017013020060,あさひ,泡っす,在看泡泡的说,芹沢あさひ,【Boiling Sky】芹沢あさひ,顕れる熱
芹沢あさひ\【Boiling Sky】芹沢あさひ\顕れる熱.csv,17,2017013020070,あさひ,泡が、上に登っていくとこ,在看往上飘的泡泡,芹沢あさひ,【Boiling Sky】芹沢あさひ,顕れる熱
芹沢あさひ\【Boiling Sky】芹沢あさひ\顕れる熱.csv,19,2017013020080,あさひ,でも、違うっす,但是不一样的说,芹沢あさひ,【Boiling Sky】芹沢あさひ,顕れる熱
芹沢あさひ\【Boiling Sky】芹沢あさひ\顕れる熱.csv,20,2017013020090,あさひ,沸騰してのぼってくる泡と、これは,沸腾的水中飘起的泡泡和这个,芹沢あさひ,【Boiling Sky】芹沢あさひ,顕れる熱
芹沢あさひ\【Boiling Sky】芹沢あさひ\顕れる熱.csv,22,2017013020100,あさひ,熱……,热……,芹沢あさひ,【Boiling Sky】芹沢あさひ,顕れる熱
芹沢あさひ\【Boiling Sky】芹沢あさひ\顕れる熱.csv,25,2017013020110,あさひ,……はいっす,……是的说,芹沢あさひ,【Boiling Sky】芹沢あさひ,顕れる熱
芹沢あさひ\【Boiling Sky】芹沢あさひ\顕れる熱.csv,26,2017013020120,あさひ,ペンギン、いないっすよ？,这里没有企鹅啊？,芹沢あさひ,【Boiling Sky】芹沢あさひ,顕れる熱
芹沢あさひ\【Boiling Sky】芹沢あさひ\顕れる熱.csv,30,2017013020130,あさひ,…………,…………,芹沢あさひ,【Boiling Sky】芹沢あさひ,顕れる熱
芹沢あさひ\【Boiling Sky】芹沢あさひ\顕れる熱.csv,31,2017013020140,あさひ,────……,————……,芹沢あさひ,【Boiling Sky】芹沢あさひ,顕れる熱
芹沢あさひ\【Boiling Sky】芹沢あさひ\顕れる熱.csv,34,2017013020150,あさひ,はいっす,是的说,芹沢あさひ,【Boiling Sky】芹沢あさひ,顕れる熱
芹沢あさひ\【Boiling Sky】芹沢あさひ\顕れる熱.csv,36,2017013020160,あさひ,"あははっ
空の上に立ってるみたいで面白かったっす！","啊哈哈
像是在天空中站着一样好有趣的说！",芹沢あさひ,【Boiling Sky】芹沢あさひ,顕れる熱
芹沢あさひ\【Boiling Sky】芹沢あさひ\顕れる熱.csv,37,2017013020170,あさひ,"すごいって思って見上げたら、
空できらっと光るものがあって──","刚感觉好厉害的时候抬头一看，
天上有着闪闪发亮的东西——",芹沢あさひ,【Boiling Sky】芹沢あさひ,顕れる熱
芹沢あさひ\【Boiling Sky】芹沢あさひ\顕れる熱.csv,39,2017013020180,あさひ,"なんだったんすかね、あれ
もう一回見えないかなー","那到底是什么呢
还能不能再看到一次呢——",芹沢あさひ,【Boiling Sky】芹沢あさひ,顕れる熱
芹沢あさひ\【Boiling Sky】芹沢あさひ\顕れる熱.csv,40,2017013020190,あさひ,あー楽しかった,啊——好开心啊,芹沢あさひ,【Boiling Sky】芹沢あさひ,顕れる熱
芹沢あさひ\【Boiling Sky】芹沢あさひ\顕れる熱.csv,41,2017013020200,あさひ,"……でも、なんでずっと続かないっすかね？
ワクワクするの","……但是，为什么欢欣雀跃的心情
不能一直持续下去呢？",芹沢あさひ,【Boiling Sky】芹沢あさひ,顕れる熱
芹沢あさひ\【Boiling Sky】芹沢あさひ\顕れる熱.csv,43,2017013020210,あさひ,"そっすね
でもそれが難しいっす","是吗
但是那本身就很难的说",芹沢あさひ,【Boiling Sky】芹沢あさひ,顕れる熱
芹沢あさひ\【Boiling Sky】芹沢あさひ\顕れる熱.csv,45,2017013020220,あさひ,……？,……？,芹沢あさひ,【Boiling Sky】芹沢あさひ,顕れる熱
芹沢あさひ\【Boiling Sky】芹沢あさひ\顕れる熱.csv,47,2017013020230,あさひ,──あるっす,——是的说,芹沢あさひ,【Boiling Sky】芹沢あさひ,顕れる熱
芹沢あさひ\【Boiling Sky】芹沢あさひ\顕れる熱.csv,49,2017013020240,あさひ,ふーん……なるほど……？,嗯……原来如此……？,芹沢あさひ,【Boiling Sky】芹沢あさひ,顕れる熱
芹沢あさひ\【Boiling Sky】芹沢あさひ\顕れる熱.csv,50,2017013020250,あさひ,でも、どうすればいいか思いつかないっすよ,但是我想不出要怎么做才好的说,芹沢あさひ,【Boiling Sky】芹沢あさひ,顕れる熱
芹沢あさひ\【Boiling Sky】芹沢あさひ\顕れる熱.csv,54,2017013020260,あさひ,ふーん、いっすよ？,嗯，可以哦？,芹沢あさひ,【Boiling Sky】芹沢あさひ,顕れる熱
芹沢あさひ\【Boiling Sky】芹沢あさひ\顕れる熱.csv,55,2017013020270,あさひ,それじゃ、歌うっす！,那么我要唱了的说！,芹沢あさひ,【Boiling Sky】芹沢あさひ,顕れる熱
芹沢あさひ\【Boiling Sky】芹沢あさひ\顕れる熱.csv,56,2017013020280,あさひ,────『星をめざして』！,——《向着星星》！,芹沢あさひ,【Boiling Sky】芹沢あさひ,顕れる熱
芹沢あさひ\【Housekeeping!】芹沢あさひ\くもはれてのちの光.csv,3,2017008110010,あさひ,"ここの期間限定メニューが食べたかったっすよ！
まだやっててよかったっす","我想吃这儿期间限定的菜单！
现在还来得及吃到真是太好了！",芹沢あさひ,【Housekeeping!】芹沢あさひ,くもはれてのちの光
芹沢あさひ\【Housekeeping!】芹沢あさひ\くもはれてのちの光.csv,5,2017008110020,あさひ,やったっす！,好耶！,芹沢あさひ,【Housekeeping!】芹沢あさひ,くもはれてのちの光
芹沢あさひ\【Housekeeping!】芹沢あさひ\くもはれてのちの光.csv,7,2017008110030,あさひ,"ふんふん……
すごいっすね","哼哼……
真不错呢",芹沢あさひ,【Housekeeping!】芹沢あさひ,くもはれてのちの光
芹沢あさひ\【Housekeeping!】芹沢あさひ\くもはれてのちの光.csv,9,2017008110040,あさひ,"……？
そこまでしなくていっすよ","……？
我觉得用不着做到那个程度",芹沢あさひ,【Housekeeping!】芹沢あさひ,くもはれてのちの光
芹沢あさひ\【Housekeeping!】芹沢あさひ\くもはれてのちの光.csv,11,2017008110050,あさひ,"あ、そーいえば、
最近足痛くないっす","啊，这么一说，
最近脚已经不疼了",芹沢あさひ,【Housekeeping!】芹沢あさひ,くもはれてのちの光
芹沢あさひ\【Housekeeping!】芹沢あさひ\くもはれてのちの光.csv,14,2017008110060,あさひ,"？
やってもいいっすけど","？
要接也可以啊",芹沢あさひ,【Housekeeping!】芹沢あさひ,くもはれてのちの光
芹沢あさひ\【Housekeeping!】芹沢あさひ\くもはれてのちの光.csv,16,2017008110070,あさひ,うーん……,嗯……,芹沢あさひ,【Housekeeping!】芹沢あさひ,くもはれてのちの光
芹沢あさひ\【Housekeeping!】芹沢あさひ\くもはれてのちの光.csv,19,2017008110080,あさひ,"いやじゃないっす
なんか……","也不是不愿意
怎么说",芹沢あさひ,【Housekeeping!】芹沢あさひ,くもはれてのちの光
芹沢あさひ\【Housekeeping!】芹沢あさひ\くもはれてのちの光.csv,21,2017008110090,あさひ,同じステージでも、ライブとはなんか違ったっす,就算同样是在舞台上，但感觉和live还是有点差异,芹沢あさひ,【Housekeeping!】芹沢あさひ,くもはれてのちの光
芹沢あさひ\【Housekeeping!】芹沢あさひ\くもはれてのちの光.csv,22,2017008110100,あさひ,……ポテト、食べるっす,……我吃点薯条,芹沢あさひ,【Housekeeping!】芹沢あさひ,くもはれてのちの光
芹沢あさひ\【Housekeeping!】芹沢あさひ\くもはれてのちの光.csv,24,2017008110110,あさひ,おおー、前回よりさらに山盛りっす！,哦哦，比上次叠的还高！,芹沢あさひ,【Housekeeping!】芹沢あさひ,くもはれてのちの光
芹沢あさひ\【Housekeeping!】芹沢あさひ\くもはれてのちの光.csv,25,2017008110120,あさひ,"プロデューサーさん、勝負っすよ！
またポテト崩しするっす","制作人，来一决胜负吧！
还是比薯条叠叠乐",芹沢あさひ,【Housekeeping!】芹沢あさひ,くもはれてのちの光
芹沢あさひ\【Housekeeping!】芹沢あさひ\くもはれてのちの光.csv,27,2017008110130,あさひ,今日の旗はこれっす！,今天的旗子是这个！,芹沢あさひ,【Housekeeping!】芹沢あさひ,くもはれてのちの光
芹沢あさひ\【Housekeeping!】芹沢あさひ\くもはれてのちの光.csv,29,2017008110140,あさひ,"バムバムくんっす！
バムバムくん倒したら負けっすよ","是吧呣吧呣！
吧呣吧呣倒了就算输",芹沢あさひ,【Housekeeping!】芹沢あさひ,くもはれてのちの光
芹沢あさひ\【Housekeeping!】芹沢あさひ\くもはれてのちの光.csv,30,2017008110150,あさひ,"わたしから行くっすよ
この前でコツはつかんだっす！　んーっと……","从我开始！
上次一战我已经掌握诀窍了！ 看我的……",芹沢あさひ,【Housekeeping!】芹沢あさひ,くもはれてのちの光
芹沢あさひ\【Housekeeping!】芹沢あさひ\くもはれてのちの光.csv,33,2017008110160,あさひ,"うーん、
プロデューサーさんは、楽しいっすか？","唔嗯
制作人现在开心吗？",芹沢あさひ,【Housekeeping!】芹沢あさひ,くもはれてのちの光
芹沢あさひ\【Housekeeping!】芹沢あさひ\くもはれてのちの光.csv,35,2017008110170,あさひ,ふーん……,哼……,芹沢あさひ,【Housekeeping!】芹沢あさひ,くもはれてのちの光
芹沢あさひ\【Housekeeping!】芹沢あさひ\くもはれてのちの光.csv,37,2017008110180,あさひ,"……そっすか
……ん","……这样啊
……嗯",芹沢あさひ,【Housekeeping!】芹沢あさひ,くもはれてのちの光
芹沢あさひ\【Housekeeping!】芹沢あさひ\くもはれてのちの光.csv,38,2017008110190,あさひ,"行けたっす！
次はプロデューサーさんっすよ","我弄好了！
该制作人了",芹沢あさひ,【Housekeeping!】芹沢あさひ,くもはれてのちの光
芹沢あさひ\【Housekeeping!】芹沢あさひ\くもはれてのちの光.csv,40,2017008110200,あさひ,"あっ、バムバムくん
動くっす……","啊，吧呣吧呣
动了呢……",芹沢あさひ,【Housekeeping!】芹沢あさひ,くもはれてのちの光
芹沢あさひ\【Housekeeping!】芹沢あさひ\くもはれてのちの光.csv,42,2017008110210,あさひ,……その時はその時っす,……到时候再说吧,芹沢あさひ,【Housekeeping!】芹沢あさひ,くもはれてのちの光
芹沢あさひ\【Housekeeping!】芹沢あさひ\くもはれてのちの光.csv,43,2017008110211,あさひ,プロデューサーさん、危ない！,制作人，危险！,芹沢あさひ,【Housekeeping!】芹沢あさひ,くもはれてのちの光
芹沢あさひ\【Housekeeping!】芹沢あさひ\くもはれてのちの光.csv,45,2017008110220,あさひ,"だめっす！
一度触ったポテトは変えちゃだめっす！","不行！
碰过了就不能换地方了！",芹沢あさひ,【Housekeeping!】芹沢あさひ,くもはれてのちの光
芹沢あさひ\【Housekeeping!】芹沢あさひ\くもはれてのちの光.csv,47,2017008110230,あさひ,"あーー！　一回でアウトっすか？
話しながらやるからっすよ","啊————！ 这不是一次就出局了吗？
就是因为你分心说话才会这样的",芹沢あさひ,【Housekeeping!】芹沢あさひ,くもはれてのちの光
芹沢あさひ\【Housekeeping!】芹沢あさひ\くもはれてのちの光.csv,50,2017008110240,あさひ,"だめっす、もう一回やるっす！
こんなに簡単に終わっちゃつまらないっすよ","不要！再来一轮！
这么简单就结束了也太无聊了",芹沢あさひ,【Housekeeping!】芹沢あさひ,くもはれてのちの光
芹沢あさひ\【Housekeeping!】芹沢あさひ\くもはれてのちの光.csv,51,2017008110250,あさひ,"あ、でもさっきのはわたしが勝ちなんで……
おもちゃはわたしがもらうっす","啊，不过因为刚才是我赢了……
所以玩具归我了！",芹沢あさひ,【Housekeeping!】芹沢あさひ,くもはれてのちの光
芹沢あさひ\【Housekeeping!】芹沢あさひ\くもはれてのちの光.csv,53,2017008110260,あさひ,さぁ、次いくっすよー,来，开下一轮吧,芹沢あさひ,【Housekeeping!】芹沢あさひ,くもはれてのちの光
芹沢あさひ\【Housekeeping!】芹沢あさひ\ふねをこぐ.csv,5,2017008020010,あさひ,…………,…………,芹沢あさひ,【Housekeeping!】芹沢あさひ,ふねをこぐ
芹沢あさひ\【Housekeeping!】芹沢あさひ\ふねをこぐ.csv,7,2017008020020,あさひ,……ん,……嗯,芹沢あさひ,【Housekeeping!】芹沢あさひ,ふねをこぐ
芹沢あさひ\【Housekeeping!】芹沢あさひ\ふねをこぐ.csv,9,2017008020030,あさひ,"……わたしっすか？
どこまでいったすか？","……到我了吗？
现在到哪儿了？",芹沢あさひ,【Housekeeping!】芹沢あさひ,ふねをこぐ
芹沢あさひ\【Housekeeping!】芹沢あさひ\ふねをこぐ.csv,11,2017008020040,あさひ,"ありがとっす！
じゃあ、行くっすね！","谢谢！
那就开始吧！",芹沢あさひ,【Housekeeping!】芹沢あさひ,ふねをこぐ
芹沢あさひ\【Housekeeping!】芹沢あさひ\ふねをこぐ.csv,23,2017008020050,あさひ,お待たせっす、プロデューサーさん,制作人，让你久等了,芹沢あさひ,【Housekeeping!】芹沢あさひ,ふねをこぐ
芹沢あさひ\【Housekeeping!】芹沢あさひ\ふねをこぐ.csv,25,2017008020060,あさひ,"プロデューサーさん……
この後のダンスレッスン……休んでもいいっすか？","制作人……
等会的舞蹈训练……我可以请假吗？",芹沢あさひ,【Housekeeping!】芹沢あさひ,ふねをこぐ
芹沢あさひ\【Housekeeping!】芹沢あさひ\ふねをこぐ.csv,27,2017008020070,あさひ,"うーん……足が痛いっす
キリキリするっすよ……","唔嗯……脚疼
刺痛的那种……",芹沢あさひ,【Housekeeping!】芹沢あさひ,ふねをこぐ
芹沢あさひ\【Housekeeping!】芹沢あさひ\ふねをこぐ.csv,29,2017008020080,あさひ,前聞かれた時は、痛くなかったすよ,之前问的时候吗，那时候不疼哦,芹沢あさひ,【Housekeeping!】芹沢あさひ,ふねをこぐ
芹沢あさひ\【Housekeeping!】芹沢あさひ\ふねをこぐ.csv,31,2017008020090,あさひ,んー……ないっすね,嗯——……没有呢,芹沢あさひ,【Housekeeping!】芹沢あさひ,ふねをこぐ
芹沢あさひ\【Housekeeping!】芹沢あさひ\ふねをこぐ.csv,33,2017008020100,あさひ,はいっす……,嗯……,芹沢あさひ,【Housekeeping!】芹沢あさひ,ふねをこぐ
芹沢あさひ\【Housekeeping!】芹沢あさひ\ふねをこぐ.csv,35,2017008020110,あさひ,"病院？
そんな、大丈夫っすよ","医院？
不至于，没关系的",芹沢あさひ,【Housekeeping!】芹沢あさひ,ふねをこぐ
芹沢あさひ\【Housekeeping!】芹沢あさひ\ふねをこぐ.csv,37,2017008020120,あさひ,いやっす……,不要……,芹沢あさひ,【Housekeeping!】芹沢あさひ,ふねをこぐ
芹沢あさひ\【Housekeeping!】芹沢あさひ\ふねをこぐ.csv,39,2017008020130,あさひ,"面倒っすよ
やなこといっぱい言われるっす","太麻烦了
好多事情都会被要求不能再做了",芹沢あさひ,【Housekeeping!】芹沢あさひ,ふねをこぐ
芹沢あさひ\【Housekeeping!】芹沢あさひ\ふねをこぐ.csv,44,2017008020140,あさひ,どうしてっすか……？,为什么……？,芹沢あさひ,【Housekeeping!】芹沢あさひ,ふねをこぐ
芹沢あさひ\【Housekeeping!】芹沢あさひ\ふねをこぐ.csv,47,2017008020150,あさひ,うーん……,唔嗯……,芹沢あさひ,【Housekeeping!】芹沢あさひ,ふねをこぐ
芹沢あさひ\【Housekeeping!】芹沢あさひ\ふねをこぐ.csv,49,2017008020160,あさひ,"ダンスは無理かもっすけど……
台本読むか、歌の練習ならできるっす","虽然确实不能跳舞了……
但看剧本和练唱歌还是没问题的",芹沢あさひ,【Housekeeping!】芹沢あさひ,ふねをこぐ
芹沢あさひ\【Housekeeping!】芹沢あさひ\ふねをこぐ.csv,51,2017008020170,あさひ,…………,…………ji,芹沢あさひ,【Housekeeping!】芹沢あさひ,ふねをこぐ
芹沢あさひ\【Housekeeping!】芹沢あさひ\ふねをこぐ.csv,52,2017008020180,あさひ,……じゃあ、病院は……,……那，医院呢……,芹沢あさひ,【Housekeeping!】芹沢あさひ,ふねをこぐ
芹沢あさひ\【Housekeeping!】芹沢あさひ\ふねをこぐ.csv,55,2017008020190,あさひ,うーん……,唔嗯……,芹沢あさひ,【Housekeeping!】芹沢あさひ,ふねをこぐ
芹沢あさひ\【Housekeeping!】芹沢あさひ\ふねをこぐ.csv,57,2017008020200,あさひ,楽しいことって？,乐子是指？,芹沢あさひ,【Housekeeping!】芹沢あさひ,ふねをこぐ
芹沢あさひ\【Housekeeping!】芹沢あさひ\ふねをこぐ.csv,59,2017008020210,あさひ,食べることばっかっす,全是吃的呢,芹沢あさひ,【Housekeeping!】芹沢あさひ,ふねをこぐ
芹沢あさひ\【Housekeeping!】芹沢あさひ\ふねをこぐ.csv,61,2017008020220,あさひ,むー……,呣……,芹沢あさひ,【Housekeeping!】芹沢あさひ,ふねをこぐ
芹沢あさひ\【Housekeeping!】芹沢あさひ\ふねをこぐ.csv,62,2017008020230,あさひ,んー……,嗯……,芹沢あさひ,【Housekeeping!】芹沢あさひ,ふねをこぐ
芹沢あさひ\【Housekeeping!】芹沢あさひ\ふねをこぐ.csv,64,2017008020240,あさひ,…………,…………,芹沢あさひ,【Housekeeping!】芹沢あさひ,ふねをこぐ
芹沢あさひ\【Housekeeping!】芹沢あさひ\ふねをこぐ.csv,68,2017008020250,あさひ,むー……,呣……,芹沢あさひ,【Housekeeping!】芹沢あさひ,ふねをこぐ
芹沢あさひ\【Housekeeping!】芹沢あさひ\ふねをこぐ.csv,70,2017008020260,あさひ,"面白いこと？
例えばなんすか？","有意思的事？
比如说？",芹沢あさひ,【Housekeeping!】芹沢あさひ,ふねをこぐ
芹沢あさひ\【Housekeeping!】芹沢あさひ\ふねをこぐ.csv,72,2017008020270,あさひ,えー,诶——,芹沢あさひ,【Housekeeping!】芹沢あさひ,ふねをこぐ
芹沢あさひ\【Housekeeping!】芹沢あさひ\カラマリポテト.csv,3,2017008010010,あさひ,……ん、大丈夫っす,……嗯，没关系,芹沢あさひ,【Housekeeping!】芹沢あさひ,カラマリポテト
芹沢あさひ\【Housekeeping!】芹沢あさひ\カラマリポテト.csv,5,2017008010020,あさひ,うーん、なんか疲れちゃったっす,唔嗯，感觉有点累,芹沢あさひ,【Housekeeping!】芹沢あさひ,カラマリポテト
芹沢あさひ\【Housekeeping!】芹沢あさひ\カラマリポテト.csv,7,2017008010030,あさひ,…………,…………,芹沢あさひ,【Housekeeping!】芹沢あさひ,カラマリポテト
芹沢あさひ\【Housekeeping!】芹沢あさひ\カラマリポテト.csv,9,2017008010040,あさひ,"え？　
さっきバッチリって……","诶？　
不是刚刚还夸完美吗……",芹沢あさひ,【Housekeeping!】芹沢あさひ,カラマリポテト
芹沢あさひ\【Housekeeping!】芹沢あさひ\カラマリポテト.csv,12,2017008010050,あさひ,"大丈夫っすよ
……あっ、そうだ","没关系的
……啊，对了",芹沢あさひ,【Housekeeping!】芹沢あさひ,カラマリポテト
芹沢あさひ\【Housekeeping!】芹沢あさひ\カラマリポテト.csv,13,2017008010060,あさひ,あれ、買ってきてくれたっすか！？,那个，是买给我的吗！？,芹沢あさひ,【Housekeeping!】芹沢あさひ,カラマリポテト
芹沢あさひ\【Housekeeping!】芹沢あさひ\カラマリポテト.csv,15,2017008010070,あさひ,"おおー！
ありがとっす！","哦哦——！
谢谢！",芹沢あさひ,【Housekeeping!】芹沢あさひ,カラマリポテト
芹沢あさひ\【Housekeeping!】芹沢あさひ\カラマリポテト.csv,16,2017008010080,あさひ,"おお、ポテトＬサイズっす……！
チキンナゲットまで……","哦哦，大份的薯条……！
还有黄金鸡块……",芹沢あさひ,【Housekeeping!】芹沢あさひ,カラマリポテト
芹沢あさひ\【Housekeeping!】芹沢あさひ\カラマリポテト.csv,17,2017008010090,あさひ,いただきまーす！,我开动了！,芹沢あさひ,【Housekeeping!】芹沢あさひ,カラマリポテト
芹沢あさひ\【Housekeeping!】芹沢あさひ\カラマリポテト.csv,18,2017008010100,あさひ,"はむっ……むぐむぐ……
あっ、ポテト、プロデューサーさんもどうっすか？","啊呜……嚼嚼……
制作人要不要也来点薯条？",芹沢あさひ,【Housekeeping!】芹沢あさひ,カラマリポテト
芹沢あさひ\【Housekeeping!】芹沢あさひ\カラマリポテト.csv,22,2017008010110,あさひ,しょうっすね！　しょっぱいのがいいっひゅ！,素的！ 咸咸的嚎嚎粗！,芹沢あさひ,【Housekeeping!】芹沢あさひ,カラマリポテト
芹沢あさひ\【Housekeeping!】芹沢あさひ\カラマリポテト.csv,25,2017008010120,あさひ,なんひゅか？,神马事？,芹沢あさひ,【Housekeeping!】芹沢あさひ,カラマリポテト
芹沢あさひ\【Housekeeping!】芹沢あさひ\カラマリポテト.csv,27,2017008010130,あさひ,まだ最初の方だけっすね,只看了开头,芹沢あさひ,【Housekeeping!】芹沢あさひ,カラマリポテト
芹沢あさひ\【Housekeeping!】芹沢あさひ\カラマリポテト.csv,29,2017008010140,あさひ,ふぁいっす,嚎的,芹沢あさひ,【Housekeeping!】芹沢あさひ,カラマリポテト
芹沢あさひ\【Housekeeping!】芹沢あさひ\カラマリポテト.csv,31,2017008010150,あさひ,紅茶……？　なんでっすか？,红茶……？ 为什么？,芹沢あさひ,【Housekeeping!】芹沢あさひ,カラマリポテト
芹沢あさひ\【Housekeeping!】芹沢あさひ\カラマリポテト.csv,34,2017008010160,あさひ,"ふーん、わかったっす
むぐむぐ……","嘿~知道了
嚼嚼……",芹沢あさひ,【Housekeeping!】芹沢あさひ,カラマリポテト
芹沢あさひ\【Housekeeping!】芹沢あさひ\カラマリポテト.csv,37,2017008010170,あさひ,……？,……？,芹沢あさひ,【Housekeeping!】芹沢あさひ,カラマリポテト
芹沢あさひ\【Housekeeping!】芹沢あさひ\カラマリポテト.csv,39,2017008010180,あさひ,"……あ、確かにダンス中痛かったっす
でも今はなんともないすよ？","……啊，跳舞的时候确实是有点疼
但现在已经没事了哦？",芹沢あさひ,【Housekeeping!】芹沢あさひ,カラマリポテト
芹沢あさひ\【Housekeeping!】芹沢あさひ\カラマリポテト.csv,41,2017008010190,あさひ,"それより、プロデューサーさん！
ポテト減ってないっすよ。いらないんすか？","比起那种事，制作人！
你薯条还没消灭完呢。不吃了吗？",芹沢あさひ,【Housekeeping!】芹沢あさひ,カラマリポテト
芹沢あさひ\【Housekeeping!】芹沢あさひ\カラマリポテト.csv,43,2017008010200,あさひ,"あはは、ポテト、山盛りっす！
……あっ、これ……あれみたいっすね","啊哈哈，薯条堆成山了！
……啊，对了……就像是那个一样",芹沢あさひ,【Housekeeping!】芹沢あさひ,カラマリポテト
芹沢あさひ\【Housekeeping!】芹沢あさひ\カラマリポテト.csv,45,2017008010210,あさひ,"将棋くずしっす！
やるっすよ、プロデューサーさん","将棋叠叠乐！
来玩吧，制作人",芹沢あさひ,【Housekeeping!】芹沢あさひ,カラマリポテト
芹沢あさひ\【Housekeeping!】芹沢あさひ\カラマリポテト.csv,46,2017008010220,あさひ,"好きなだけ取って、崩した方が負けっす
取ったポテトは自分のもの……ってどうっすか？","凭各自喜好取出，谁弄塌了谁输。
取出来的薯条就归个那人了……怎么样？",芹沢あさひ,【Housekeeping!】芹沢あさひ,カラマリポテト
芹沢あさひ\【Housekeeping!】芹沢あさひ\カラマリポテト.csv,48,2017008010230,あさひ,"あー、そっすね
えーと、旗になるものないかなー……","啊——确实
那我找找有没有能当旗子的东西……",芹沢あさひ,【Housekeeping!】芹沢あさひ,カラマリポテト
芹沢あさひ\【Housekeeping!】芹沢あさひ\カラマリポテト.csv,50,2017008010240,あさひ,"おっ、いっすね！
じゃあこれ倒したら負けってことで！","噢，好耶！
那么牙签倒了就算输！",芹沢あさひ,【Housekeeping!】芹沢あさひ,カラマリポテト
芹沢あさひ\【Housekeeping!】芹沢あさひ\カラマリポテト.csv,51,2017008010250,あさひ,"早く早く！
プロデューサーさん、ポテト抜くっす！","快点快点！
制作人快点抽薯条吧！",芹沢あさひ,【Housekeeping!】芹沢あさひ,カラマリポテト
芹沢あさひ\【Housekeeping!】芹沢あさひ\カラマリポテト.csv,57,2017008010260,あさひ,そう来たっすか,来这招吗,芹沢あさひ,【Housekeeping!】芹沢あさひ,カラマリポテト
芹沢あさひ\【Housekeeping!】芹沢あさひ\カラマリポテト.csv,59,2017008010270,あさひ,"プロデューサーさんがそっち行ったなら……
わたしは反対側っす！","制作人从那儿开始的话……
那我就从对面！",芹沢あさひ,【Housekeeping!】芹沢あさひ,カラマリポテト
芹沢あさひ\【Housekeeping!】芹沢あさひ\カラマリポテト.csv,60,2017008010280,あさひ,"……あっ、ここじゃピックが動くっす……
えーっと……","……啊，拿这里的话牙签会动……
我想想……",芹沢あさひ,【Housekeeping!】芹沢あさひ,カラマリポテト
芹沢あさひ\【Housekeeping!】芹沢あさひ\カラマリポテト.csv,62,2017008010290,あさひ,"えっ、そんなルールなんすか？
仕方ないっすね……","诶，还有那种规矩吗？
没办法了呢……",芹沢あさひ,【Housekeeping!】芹沢あさひ,カラマリポテト
芹沢あさひ\【Housekeeping!】芹沢あさひ\カラマリポテト.csv,63,2017008010300,あさひ,じゃ、ここで！,那就，这里！,芹沢あさひ,【Housekeeping!】芹沢あさひ,カラマリポテト
芹沢あさひ\【Housekeeping!】芹沢あさひ\カラマリポテト.csv,64,2017008010310,あさひ,あーーーー！！,啊————————,芹沢あさひ,【Housekeeping!】芹沢あさひ,カラマリポテト
芹沢あさひ\【Housekeeping!】芹沢あさひ\カラマリポテト.csv,65,2017008010320,あさひ,おおー、攻めるっすね！,哦哦，进攻性真强啊！,芹沢あさひ,【Housekeeping!】芹沢あさひ,カラマリポテト
芹沢あさひ\【Housekeeping!】芹沢あさひ\カラマリポテト.csv,67,2017008010330,あさひ,やめるっすか？,要放弃吗？,芹沢あさひ,【Housekeeping!】芹沢あさひ,カラマリポテト
芹沢あさひ\【Housekeeping!】芹沢あさひ\カラマリポテト.csv,69,2017008010340,あさひ,……ピック、動いたっす！,……牙签，动了！,芹沢あさひ,【Housekeeping!】芹沢あさひ,カラマリポテト
芹沢あさひ\【Housekeeping!】芹沢あさひ\カラマリポテト.csv,71,2017008010350,あさひ,"プロデューサーさんやるっすね！
わたしも、負けないっすよー！","制作人可真行啊！
那我也不能输了——！",芹沢あさひ,【Housekeeping!】芹沢あさひ,カラマリポテト
芹沢あさひ\【Housekeeping!】芹沢あさひ\カラマリポテト.csv,72,2017008010360,あさひ,"あれっ、２本だけっすか？
つまんないっす！","咦，只拿两根吗？
好无聊啊！",芹沢あさひ,【Housekeeping!】芹沢あさひ,カラマリポテト
芹沢あさひ\【Housekeeping!】芹沢あさひ\カラマリポテト.csv,74,2017008010370,あさひ,確かに、難しいかも……えいっ！,确实，说不定会很难呢……欸！,芹沢あさひ,【Housekeeping!】芹沢あさひ,カラマリポテト
芹沢あさひ\【Housekeeping!】芹沢あさひ\カラマリポテト.csv,76,2017008010380,あさひ,"うーん、これじゃ
ちょっとずつしか食べられないっす……","唔嗯，这样的话
不就只能一点一点慢慢吃了吗……",芹沢あさひ,【Housekeeping!】芹沢あさひ,カラマリポテト
芹沢あさひ\【Housekeeping!】芹沢あさひ\カラマリポテト.csv,77,2017008010390,あさひ,"でも、パズルみたいで面白いっす！
はい次、プロデューサーさんっす！","但是，像解密一样很有趣！
好了，接下来到制作人了",芹沢あさひ,【Housekeeping!】芹沢あさひ,カラマリポテト
芹沢あさひ\【Housekeeping!】芹沢あさひ\シー・スルー.csv,2,2017008030010,あさひ,プロデューサーさん、終わったっすー,3制作人，结束了哦,芹沢あさひ,【Housekeeping!】芹沢あさひ,シー・スルー
芹沢あさひ\【Housekeeping!】芹沢あさひ\シー・スルー.csv,4,2017008030020,あさひ,"レントゲンっていうの撮ったっす！
自分の骨、初めて見たっす！","去拍了好像是叫x光的东西！
第一次看见自己的骨头呢！",芹沢あさひ,【Housekeeping!】芹沢あさひ,シー・スルー
芹沢あさひ\【Housekeeping!】芹沢あさひ\シー・スルー.csv,6,2017008030030,あさひ,"なんかハンマーみたいなのでトントンされたり
色々されたっすけど……異常はないらしいっす","还用像是锤子的东西咚咚的敲了几下
虽然被做了各种各样的事……但好像没有大问题",芹沢あさひ,【Housekeeping!】芹沢あさひ,シー・スルー
芹沢あさひ\【Housekeeping!】芹沢あさひ\シー・スルー.csv,8,2017008030040,あさひ,"いつかはわかんないけど、いつかは……
みたいなこと言ってたっす","什么时候能好没有说……
但好像说了什么类似的",芹沢あさひ,【Housekeeping!】芹沢あさひ,シー・スルー
芹沢あさひ\【Housekeeping!】芹沢あさひ\シー・スルー.csv,9,2017008030050,あさひ,成長期にはよくあるって,好像是成长期常有的事,芹沢あさひ,【Housekeeping!】芹沢あさひ,シー・スルー
芹沢あさひ\【Housekeeping!】芹沢あさひ\シー・スルー.csv,12,2017008030060,あさひ,"よくわかんないっすけど……
いいことなんすよね？","不是很懂什么意思……
是好事吗？",芹沢あさひ,【Housekeeping!】芹沢あさひ,シー・スルー
芹沢あさひ\【Housekeeping!】芹沢あさひ\シー・スルー.csv,14,2017008030070,あさひ,"んー
いいことなのに痛いって変っす","嗯
明明是好事却会痛，这很奇怪啊",芹沢あさひ,【Housekeeping!】芹沢あさひ,シー・スルー
芹沢あさひ\【Housekeeping!】芹沢あさひ\シー・スルー.csv,16,2017008030080,あさひ,あ、これ、お医者さんから預かったメモっす,对了，医生还给了我小纸条,芹沢あさひ,【Housekeeping!】芹沢あさひ,シー・スルー
芹沢あさひ\【Housekeeping!】芹沢あさひ\シー・スルー.csv,19,2017008030090,あさひ,休めない仕事があるって言ったら、薬くれたっすよ,说了有没法休息的工作后，就给我开了药,芹沢あさひ,【Housekeeping!】芹沢あさひ,シー・スルー
芹沢あさひ\【Housekeeping!】芹沢あさひ\シー・スルー.csv,21,2017008030100,あさひ,今日は痛くないっす！,今天已经不疼了！,芹沢あさひ,【Housekeeping!】芹沢あさひ,シー・スルー
芹沢あさひ\【Housekeeping!】芹沢あさひ\シー・スルー.csv,22,2017008030110,あさひ,"……せっかく病院来たのに
なんかもったいないっす","……明明难得来一趟医院
总感觉有点浪费",芹沢あさひ,【Housekeeping!】芹沢あさひ,シー・スルー
芹沢あさひ\【Housekeeping!】芹沢あさひ\シー・スルー.csv,25,2017008030120,あさひ,……ん,……嗯,芹沢あさひ,【Housekeeping!】芹沢あさひ,シー・スルー
芹沢あさひ\【Housekeeping!】芹沢あさひ\シー・スルー.csv,26,2017008030130,あさひ,"病気やケガじゃなかったのに、
帰るっすか？","明明没伤没病
这就回去了？",芹沢あさひ,【Housekeeping!】芹沢あさひ,シー・スルー
芹沢あさひ\【Housekeeping!】芹沢あさひ\シー・スルー.csv,29,2017008030140,あさひ,"今日は痛くないのに、休むってなんか
もったいない気がするっす","今天明明不痛却还要休息
感觉好浪费啊",芹沢あさひ,【Housekeeping!】芹沢あさひ,シー・スルー
芹沢あさひ\【Housekeeping!】芹沢あさひ\シー・スルー.csv,34,2017008030150,あさひ,プロデューサーさんが教えてくれるっすか？,制作人来教吗？,芹沢あさひ,【Housekeeping!】芹沢あさひ,シー・スルー
芹沢あさひ\【Housekeeping!】芹沢あさひ\シー・スルー.csv,36,2017008030160,あさひ,へぇ……,嘿……,芹沢あさひ,【Housekeeping!】芹沢あさひ,シー・スルー
芹沢あさひ\【Housekeeping!】芹沢あさひ\シー・スルー.csv,37,2017008030170,あさひ,"それでそれで？
何するっすか？","然后呢然后呢？
具体要做什么？",芹沢あさひ,【Housekeeping!】芹沢あさひ,シー・スルー
芹沢あさひ\【Housekeeping!】芹沢あさひ\シー・スルー.csv,42,2017008030180,あさひ,えっ？　家に帰るのがレッスンになるっすか？,诶？回家也能当作训练吗？,芹沢あさひ,【Housekeeping!】芹沢あさひ,シー・スルー
芹沢あさひ\【Housekeeping!】芹沢あさひ\シー・スルー.csv,46,2017008030190,あさひ,"あー洗濯とか料理とかっすか？
お手伝いならやったことあるっすよ","是说洗衣做饭什么的吗？
打下手的话倒是有做过几次",芹沢あさひ,【Housekeeping!】芹沢あさひ,シー・スルー
芹沢あさひ\【Housekeeping!】芹沢あさひ\シー・スルー.csv,49,2017008030200,あさひ,"えーっと……
急に言われてもわかんないっすよー","可是……
你突然跟我说这些我也不懂啊",芹沢あさひ,【Housekeeping!】芹沢あさひ,シー・スルー
芹沢あさひ\【Housekeeping!】芹沢あさひ\シー・スルー.csv,52,2017008030210,あさひ,……そんなもんなんすかね,……是这样吗？,芹沢あさひ,【Housekeeping!】芹沢あさひ,シー・スルー
芹沢あさひ\【Housekeeping!】芹沢あさひ\シー・スルー.csv,53,2017008030220,あさひ,"これからっすか？
なんでっすか？","现在吗？
为什么？",芹沢あさひ,【Housekeeping!】芹沢あさひ,シー・スルー
芹沢あさひ\【Housekeeping!】芹沢あさひ\シー・スルー.csv,55,2017008030230,あさひ,"おやつっすか！　やったっす！
……でも、紅茶よりジュースの方がいいっす","有点心吗！ 好耶！
……但是，比起红茶我还是喜欢喝果汁",芹沢あさひ,【Housekeeping!】芹沢あさひ,シー・スルー
芹沢あさひ\【Housekeeping!】芹沢あさひ\シー・スルー.csv,59,2017008030240,あさひ,"じゃあ、プロデューサーさん
ジルになりきるっすね？","但是，制作人
你能演得好吉尔吗？",芹沢あさひ,【Housekeeping!】芹沢あさひ,シー・スルー
芹沢あさひ\【Housekeeping!】芹沢あさひ\シー・スルー.csv,61,2017008030250,あさひ,洋館……？,洋房……？,芹沢あさひ,【Housekeeping!】芹沢あさひ,シー・スルー
芹沢あさひ\【Housekeeping!】芹沢あさひ\シー・スルー.csv,64,2017008030260,あさひ,それが、なんなんっすか？,你在说啥？,芹沢あさひ,【Housekeeping!】芹沢あさひ,シー・スルー
芹沢あさひ\【Housekeeping!】芹沢あさひ\シー・スルー.csv,66,2017008030270,あさひ,ふーん……？,哼……？,芹沢あさひ,【Housekeeping!】芹沢あさひ,シー・スルー
芹沢あさひ\【Housekeeping!】芹沢あさひ\シー・スルー.csv,68,2017008030280,あさひ,ないっす,没有,芹沢あさひ,【Housekeeping!】芹沢あさひ,シー・スルー
芹沢あさひ\【Housekeeping!】芹沢あさひ\シー・スルー.csv,71,2017008030290,あさひ,"おおー
すごいっすね！　行ってみるっす！","噢噢——
好厉害啊！ 我去看看！",芹沢あさひ,【Housekeeping!】芹沢あさひ,シー・スルー
芹沢あさひ\【Housekeeping!】芹沢あさひ\泳ぎ出る魚.csv,3,2017008040010,あさひ,"『お言葉ですが、ご主人様
あんな人達に耳を貸す必要はないと思います』","“主人，请恕我直言
我认为那种人的话根本没有听的必要”",芹沢あさひ,【Housekeeping!】芹沢あさひ,泳ぎ出る魚
芹沢あさひ\【Housekeeping!】芹沢あさひ\泳ぎ出る魚.csv,6,2017008040020,あさひ,"『もうご主人様は経済的に自立していらっしゃいます
私には、ただ邪魔しに来ているようにしか見えません』","“主人您已经经济独立了
在我看来，他们只是来给您添麻烦的”",芹沢あさひ,【Housekeeping!】芹沢あさひ,泳ぎ出る魚
芹沢あさひ\【Housekeeping!】芹沢あさひ\泳ぎ出る魚.csv,8,2017008040030,あさひ,…………,…………,芹沢あさひ,【Housekeeping!】芹沢あさひ,泳ぎ出る魚
芹沢あさひ\【Housekeeping!】芹沢あさひ\泳ぎ出る魚.csv,9,2017008040040,あさひ,……やっぱり、プロデューサーさんとじゃ感じ出ないっす,……果然，和制作人对戏完全没感觉啊,芹沢あさひ,【Housekeeping!】芹沢あさひ,泳ぎ出る魚
芹沢あさひ\【Housekeeping!】芹沢あさひ\泳ぎ出る魚.csv,11,2017008040050,あさひ,そうっすねぇ……,应该是吧……,芹沢あさひ,【Housekeeping!】芹沢あさひ,泳ぎ出る魚
芹沢あさひ\【Housekeeping!】芹沢あさひ\泳ぎ出る魚.csv,13,2017008040060,あさひ,"いや……
スカート、思ったより長いっす","不会……
裙子比想象中还要长呢",芹沢あさひ,【Housekeeping!】芹沢あさひ,泳ぎ出る魚
芹沢あさひ\【Housekeeping!】芹沢あさひ\泳ぎ出る魚.csv,15,2017008040070,あさひ,ダンス中、邪魔になりそうっす,感觉跳舞的时候会很碍事,芹沢あさひ,【Housekeeping!】芹沢あさひ,泳ぎ出る魚
芹沢あさひ\【Housekeeping!】芹沢あさひ\泳ぎ出る魚.csv,19,2017008040080,あさひ,そうっすね、……たぶん,好像……还行,芹沢あさひ,【Housekeeping!】芹沢あさひ,泳ぎ出る魚
芹沢あさひ\【Housekeeping!】芹沢あさひ\泳ぎ出る魚.csv,20,2017008040090,あさひ,"あー思い出したら、
痛いような気がするじゃないっすか！","阿你这么一提
突然就感觉疼起来了！",芹沢あさひ,【Housekeeping!】芹沢あさひ,泳ぎ出る魚
芹沢あさひ\【Housekeeping!】芹沢あさひ\泳ぎ出る魚.csv,24,2017008040100,あさひ,……いつもと同じってことっすか？,……也就是说和平时一样吗？,芹沢あさひ,【Housekeeping!】芹沢あさひ,泳ぎ出る魚
芹沢あさひ\【Housekeeping!】芹沢あさひ\泳ぎ出る魚.csv,27,2017008040110,あさひ,あ……,锕……,芹沢あさひ,【Housekeeping!】芹沢あさひ,泳ぎ出る魚
芹沢あさひ\【Housekeeping!】芹沢あさひ\泳ぎ出る魚.csv,29,2017008040120,あさひ,"……はいっす
行ってくるっす","……嗯
我去四处走走",芹沢あさひ,【Housekeeping!】芹沢あさひ,泳ぎ出る魚
芹沢あさひ\【Housekeeping!】芹沢あさひ\泳ぎ出る魚.csv,34,2017008040130,あさひ,…………,…………,芹沢あさひ,【Housekeeping!】芹沢あさひ,泳ぎ出る魚
芹沢あさひ\【Housekeeping!】芹沢あさひ\泳ぎ出る魚.csv,37,2017008040140,あさひ,そうっすか……,这样……,芹沢あさひ,【Housekeeping!】芹沢あさひ,泳ぎ出る魚
芹沢あさひ\【Housekeeping!】芹沢あさひ\泳ぎ出る魚.csv,39,2017008040150,あさひ,"え？
別に……何もないっすよ","诶？
没什么……什么事都没有",芹沢あさひ,【Housekeeping!】芹沢あさひ,泳ぎ出る魚
芹沢あさひ\【Housekeeping!】芹沢あさひ\泳ぎ出る魚.csv,41,2017008040160,あさひ,うーん……,唔嗯……,芹沢あさひ,【Housekeeping!】芹沢あさひ,泳ぎ出る魚
芹沢あさひ\【Housekeeping!】芹沢あさひ\泳ぎ出る魚.csv,42,2017008040170,あさひ,"出てる人達がみんな衣装着て
舞台セットの前に立ったら……","出场的人们穿着各自的衣服
并排站在舞台前……",芹沢あさひ,【Housekeeping!】芹沢あさひ,泳ぎ出る魚
芹沢あさひ\【Housekeeping!】芹沢あさひ\泳ぎ出る魚.csv,43,2017008040180,あさひ,そしたら、なんかカチッと音がしたっす,就那个时候，好像听到了什么嘎吱的声音,芹沢あさひ,【Housekeeping!】芹沢あさひ,泳ぎ出る魚
芹沢あさひ\【Housekeeping!】芹沢あさひ\泳ぎ出る魚.csv,46,2017008040190,あさひ,ん？,嗯？,芹沢あさひ,【Housekeeping!】芹沢あさひ,泳ぎ出る魚
芹沢あさひ\【Housekeeping!】芹沢あさひ\泳ぎ出る魚.csv,48,2017008040200,あさひ,はいっす！,嗯！,芹沢あさひ,【Housekeeping!】芹沢あさひ,泳ぎ出る魚
芹沢あさひ\【Howling】芹沢あさひ\3.足取りは荒野に消えて.csv,2,2017011030010,あさひ,なんにも、ないっすねー……,什么都没有的说——……,芹沢あさひ,【Howling】芹沢あさひ,3.足取りは荒野に消えて
芹沢あさひ\【Howling】芹沢あさひ\3.足取りは荒野に消えて.csv,5,2017011030020,あさひ,ん、大丈夫っすよ,嗯，没事的说,芹沢あさひ,【Howling】芹沢あさひ,3.足取りは荒野に消えて
芹沢あさひ\【Howling】芹沢あさひ\3.足取りは荒野に消えて.csv,7,2017011030030,あさひ,あー……,啊——……,芹沢あさひ,【Howling】芹沢あさひ,3.足取りは荒野に消えて
芹沢あさひ\【Howling】芹沢あさひ\3.足取りは荒野に消えて.csv,8,2017011030040,あさひ,"あ、あの小屋
撮影で使うっすよね","啊，那个小屋
拍摄时要用对吧",芹沢あさひ,【Howling】芹沢あさひ,3.足取りは荒野に消えて
芹沢あさひ\【Howling】芹沢あさひ\3.足取りは荒野に消えて.csv,10,2017011030050,あさひ,行ってみるっす！,我去看看的说！,芹沢あさひ,【Howling】芹沢あさひ,3.足取りは荒野に消えて
芹沢あさひ\【Howling】芹沢あさひ\3.足取りは荒野に消えて.csv,11,2017011030060,あさひ,つまんないっす～……,好无聊的说~……,芹沢あさひ,【Howling】芹沢あさひ,3.足取りは荒野に消えて
芹沢あさひ\【Howling】芹沢あさひ\3.足取りは荒野に消えて.csv,13,2017011030070,あさひ,"あそこに入れなかったら、
ここ、ほんとに何もないっすよ","小屋也进不去的话
这里就真的是什么都没有的说",芹沢あさひ,【Howling】芹沢あさひ,3.足取りは荒野に消えて
芹沢あさひ\【Howling】芹沢あさひ\3.足取りは荒野に消えて.csv,15,2017011030080,あさひ,そっすね,好的说,芹沢あさひ,【Howling】芹沢あさひ,3.足取りは荒野に消えて
芹沢あさひ\【Howling】芹沢あさひ\3.足取りは荒野に消えて.csv,16,2017011030090,あさひ,広いっすね──……,好广阔的说——……,芹沢あさひ,【Howling】芹沢あさひ,3.足取りは荒野に消えて
芹沢あさひ\【Howling】芹沢あさひ\3.足取りは荒野に消えて.csv,20,2017011030100,あさひ,──行くっす,——我要去的说,芹沢あさひ,【Howling】芹沢あさひ,3.足取りは荒野に消えて
芹沢あさひ\【Howling】芹沢あさひ\3.足取りは荒野に消えて.csv,21,2017011030110,あさひ,"誰もいないし……
何もないし……","谁都不在……
什么也没有……",芹沢あさひ,【Howling】芹沢あさひ,3.足取りは荒野に消えて
芹沢あさひ\【Howling】芹沢あさひ\3.足取りは荒野に消えて.csv,22,2017011030120,あさひ,鳥も、虫もいない……？,鸟和虫也没有……？,芹沢あさひ,【Howling】芹沢あさひ,3.足取りは荒野に消えて
芹沢あさひ\【Howling】芹沢あさひ\3.足取りは荒野に消えて.csv,25,2017011030130,あさひ,──ふう……,——呼……,芹沢あさひ,【Howling】芹沢あさひ,3.足取りは荒野に消えて
芹沢あさひ\【Howling】芹沢あさひ\3.足取りは荒野に消えて.csv,26,2017011030140,あさひ,…………ヤッホー,…………呀吼——,芹沢あさひ,【Howling】芹沢あさひ,3.足取りは荒野に消えて
芹沢あさひ\【Howling】芹沢あさひ\3.足取りは荒野に消えて.csv,28,2017011030150,あさひ,……なんか、音が欲しくなったっす,……总觉得，想要听到声音的说,芹沢あさひ,【Howling】芹沢あさひ,3.足取りは荒野に消えて
芹沢あさひ\【Howling】芹沢あさひ\3.足取りは荒野に消えて.csv,29,2017011030160,あさひ,何もないっすから,因为什么都没有的说,芹沢あさひ,【Howling】芹沢あさひ,3.足取りは荒野に消えて
芹沢あさひ\【Howling】芹沢あさひ\3.足取りは荒野に消えて.csv,32,2017011030170,あさひ,ん……,嗯……,芹沢あさひ,【Howling】芹沢あさひ,3.足取りは荒野に消えて
芹沢あさひ\【Howling】芹沢あさひ\3.足取りは荒野に消えて.csv,35,2017011030180,あさひ,……天国って、こんなのなんすか？,……天国是长这样的吗？,芹沢あさひ,【Howling】芹沢あさひ,3.足取りは荒野に消えて
芹沢あさひ\【Howling】芹沢あさひ\3.足取りは荒野に消えて.csv,37,2017011030190,あさひ,"ふぅ…………
ほっぺた、ぴりぴりするっす","呼…………
脸蛋上火辣辣的说",芹沢あさひ,【Howling】芹沢あさひ,3.足取りは荒野に消えて
芹沢あさひ\【Howling】芹沢あさひ\3.足取りは荒野に消えて.csv,39,2017011030200,あさひ,歩いてるから、寒くないっす,一直走着，所以不觉得冷的说,芹沢あさひ,【Howling】芹沢あさひ,3.足取りは荒野に消えて
芹沢あさひ\【Howling】芹沢あさひ\3.足取りは荒野に消えて.csv,41,2017011030210,あさひ,歩いても、歩いても……,就算走着，一直走着……,芹沢あさひ,【Howling】芹沢あさひ,3.足取りは荒野に消えて
芹沢あさひ\【Howling】芹沢あさひ\3.足取りは荒野に消えて.csv,42,2017011030220,あさひ,──あの向こうには、何があるっすか？,——在那对面，会有什么的说？,芹沢あさひ,【Howling】芹沢あさひ,3.足取りは荒野に消えて
芹沢あさひ\【Howling】芹沢あさひ\3.足取りは荒野に消えて.csv,43,2017011030230,あさひ,"もうちょっと行ったら、
何かありそうな────……","如果再多走一点
感觉那里会有什么——",芹沢あさひ,【Howling】芹沢あさひ,3.足取りは荒野に消えて
芹沢あさひ\【Howling】芹沢あさひ\3.足取りは荒野に消えて.csv,44,2017011030240,あさひ,あ……,啊……,芹沢あさひ,【Howling】芹沢あさひ,3.足取りは荒野に消えて
芹沢あさひ\【Howling】芹沢あさひ\3.足取りは荒野に消えて.csv,45,2017011030250,あさひ,雪……,雪……,芹沢あさひ,【Howling】芹沢あさひ,3.足取りは荒野に消えて
芹沢あさひ\【Howling】芹沢あさひ\3.足取りは荒野に消えて.csv,49,2017011030260,あさひ,……────,……————,芹沢あさひ,【Howling】芹沢あさひ,3.足取りは荒野に消えて
芹沢あさひ\【Howling】芹沢あさひ\3.足取りは荒野に消えて.csv,50,2017011030270,あさひ,…………,…………,芹沢あさひ,【Howling】芹沢あさひ,3.足取りは荒野に消えて
芹沢あさひ\【Howling】芹沢あさひ\3.足取りは荒野に消えて.csv,51,2017011030280,あさひ,…………白い──,…………白色的——,芹沢あさひ,【Howling】芹沢あさひ,3.足取りは荒野に消えて
芹沢あさひ\【Howling】芹沢あさひ\4.残像.csv,3,2017011040010,あさひ,……ん？　なんすか？,……嗯？什么事的说？,芹沢あさひ,【Howling】芹沢あさひ,4.残像
芹沢あさひ\【Howling】芹沢あさひ\4.残像.csv,7,2017011040020,あさひ,"……何もしてないっす
レッスン疲れたんでごろごろしてたっす","……什么都没做的说
训练累了所以闲待着的说",芹沢あさひ,【Howling】芹沢あさひ,4.残像
芹沢あさひ\【Howling】芹沢あさひ\4.残像.csv,9,2017011040030,あさひ,ああ……いっすけど,啊啊……可以的说,芹沢あさひ,【Howling】芹沢あさひ,4.残像
芹沢あさひ\【Howling】芹沢あさひ\4.残像.csv,13,2017011040040,あさひ,……言われるまま、歩いただけっすよ,……我只是按说好的，在那里走路的说,芹沢あさひ,【Howling】芹沢あさひ,4.残像
芹沢あさひ\【Howling】芹沢あさひ\4.残像.csv,16,2017011040050,あさひ,……あそこだ,……是那个地方,芹沢あさひ,【Howling】芹沢あさひ,4.残像
芹沢あさひ\【Howling】芹沢あさひ\4.残像.csv,18,2017011040060,あさひ,"……なんだか、
鳴き声みたいな歌声っす",……总觉得，像是鸣叫一般的歌声的说,芹沢あさひ,【Howling】芹沢あさひ,4.残像
芹沢あさひ\【Howling】芹沢あさひ\4.残像.csv,20,2017011040070,あさひ,──寒かったっすね,——好冷的说,芹沢あさひ,【Howling】芹沢あさひ,4.残像
芹沢あさひ\【Howling】芹沢あさひ\4.残像.csv,22,2017011040080,あさひ,────……,————……,芹沢あさひ,【Howling】芹沢あさひ,4.残像
芹沢あさひ\【Howling】芹沢あさひ\4.残像.csv,24,2017011040090,あさひ,オオカミっす……,是狼的说……,芹沢あさひ,【Howling】芹沢あさひ,4.残像
芹沢あさひ\【Howling】芹沢あさひ\4.残像.csv,28,2017011040100,あさひ,灰色のオオカミっすか？,是灰色的狼吗？,芹沢あさひ,【Howling】芹沢あさひ,4.残像
芹沢あさひ\【Howling】芹沢あさひ\4.残像.csv,30,2017011040110,あさひ,────わたしが見たオオカミは、白かったっす,————我看到的狼，是白色的说,芹沢あさひ,【Howling】芹沢あさひ,4.残像
芹沢あさひ\【Howling】芹沢あさひ\4.残像.csv,32,2017011040120,あさひ,"プロデューサーさんとふたりで歩いてた時……
雪が降り始めた時に見たっすよ","和制作人先生一起散步的时候……
开始下雪时见到的说",芹沢あさひ,【Howling】芹沢あさひ,4.残像
芹沢あさひ\【Howling】芹沢あさひ\4.残像.csv,33,2017011040130,あさひ,最後に映ってたのとは別の……,和最后画面里的不一样……,芹沢あさひ,【Howling】芹沢あさひ,4.残像
芹沢あさひ\【Howling】芹沢あさひ\4.残像.csv,35,2017011040140,あさひ,…………白い──,…………白色的——,芹沢あさひ,【Howling】芹沢あさひ,4.残像
芹沢あさひ\【Howling】芹沢あさひ\4.残像.csv,37,2017011040150,あさひ,そっすか……,是这样啊……,芹沢あさひ,【Howling】芹沢あさひ,4.残像
芹沢あさひ\【Howling】芹沢あさひ\4.残像.csv,48,2017011040160,あさひ,……あ、そういえばそっすね,……啊，说起来是这样的说,芹沢あさひ,【Howling】芹沢あさひ,4.残像
芹沢あさひ\【Howling】芹沢あさひ\4.残像.csv,49,2017011040170,あさひ,──というか、そんな余裕なかったっす,——不如说，是没有那份余裕的说,芹沢あさひ,【Howling】芹沢あさひ,4.残像
芹沢あさひ\【Howling】芹沢あさひ\4.残像.csv,50,2017011040180,あさひ,"声を出したら、逃げちゃうかなって
瞬きしたら、消えちゃうかなって……","如果一出声，它可能就会逃掉
如果一眨眼，它也许就会消失……",芹沢あさひ,【Howling】芹沢あさひ,4.残像
芹沢あさひ\【Howling】芹沢あさひ\4.残像.csv,51,2017011040190,あさひ,"気付いたらいなくて……
撮影の時、また出てこないかなって思ったっす","回过神来已经不见了……
拍摄的时候，想着还会不会再出现的说",芹沢あさひ,【Howling】芹沢あさひ,4.残像
芹沢あさひ\【Howling】芹沢あさひ\4.残像.csv,53,2017011040200,あさひ,"そっすね……でも違うオオカミだったっす
映像に映ってたらよかったのに","是的说……不过不是同一只狼的说
要是它能出现在视频里就好了",芹沢あさひ,【Howling】芹沢あさひ,4.残像
芹沢あさひ\【Howling】芹沢あさひ\4.残像.csv,55,2017011040210,あさひ,……ん,……嗯,芹沢あさひ,【Howling】芹沢あさひ,4.残像
芹沢あさひ\【Howling】芹沢あさひ\4.残像.csv,57,2017011040220,あさひ,うーん……あんまり何考えてたか──……,嗯——……并没有什么特别的想法——……,芹沢あさひ,【Howling】芹沢あさひ,4.残像
芹沢あさひ\【Howling】芹沢あさひ\4.残像.csv,58,2017011040230,あさひ,"あ、でも……
なんだか、気持ちよかったっす","啊，不过……
不知不觉心情变好了的说",芹沢あさひ,【Howling】芹沢あさひ,4.残像
芹沢あさひ\【Howling】芹沢あさひ\4.残像.csv,59,2017011040240,あさひ,"なんでもできそうな
全部わかりそうな────","感觉什么都能做到
什么都能明白——",芹沢あさひ,【Howling】芹沢あさひ,4.残像
芹沢あさひ\【Howling】芹沢あさひ\4.残像.csv,62,2017011040250,あさひ,"あははっ
……いいっすね！","啊哈哈
……真好的说！",芹沢あさひ,【Howling】芹沢あさひ,4.残像
芹沢あさひ\【Howling】芹沢あさひ\4.残像.csv,64,2017011040260,あさひ,……そうなんすか？,……是这样吗？,芹沢あさひ,【Howling】芹沢あさひ,4.残像
芹沢あさひ\【Howling】芹沢あさひ\4.残像.csv,67,2017011040270,あさひ,"──この本、オオカミの写真、いっぱい載ってるっすね！
なんでこんなのあるっすか？","——这本书，有好多狼的照片的说！
为什么会有这本书的说？",芹沢あさひ,【Howling】芹沢あさひ,4.残像
芹沢あさひ\【Howling】芹沢あさひ\4.残像.csv,70,2017011040280,あさひ,これ、わたしも読んでもいっすか？,这本书，我也可以看吗？,芹沢あさひ,【Howling】芹沢あさひ,4.残像
芹沢あさひ\【Howling】芹沢あさひ\5.残響.csv,2,2017011110010,あさひ,積もったっす～！,积起来了的说~！,芹沢あさひ,【Howling】芹沢あさひ,5.残響
芹沢あさひ\【Howling】芹沢あさひ\5.残響.csv,4,2017011110020,あさひ,"大丈夫っす！
行くっすよ～","不要紧的说！
我去看看的说",芹沢あさひ,【Howling】芹沢あさひ,5.残響
芹沢あさひ\【Howling】芹沢あさひ\5.残響.csv,5,2017011110030,あさひ,……雪、あそこのより重たいっすね,……雪，比那里的要重的说,芹沢あさひ,【Howling】芹沢あさひ,5.残響
芹沢あさひ\【Howling】芹沢あさひ\5.残響.csv,8,2017011110040,あさひ,あっ、前会った犬っす！,啊，是上次遇到的狗狗的说！,芹沢あさひ,【Howling】芹沢あさひ,5.残響
芹沢あさひ\【Howling】芹沢あさひ\5.残響.csv,10,2017011110050,あさひ,こんにちはっす！,你好的说！,芹沢あさひ,【Howling】芹沢あさひ,5.残響
芹沢あさひ\【Howling】芹沢あさひ\5.残響.csv,14,2017011110060,あさひ,わたしと遊べばいいっす！,和我一起玩就好了的说！,芹沢あさひ,【Howling】芹沢あさひ,5.残響
芹沢あさひ\【Howling】芹沢あさひ\5.残響.csv,15,2017011110070,あさひ,雪玉投げするっすよ～,要扔雪球的说~,芹沢あさひ,【Howling】芹沢あさひ,5.残響
芹沢あさひ\【Howling】芹沢あさひ\5.残響.csv,17,2017011110080,あさひ,そっちっすか！,选那个吗！,芹沢あさひ,【Howling】芹沢あさひ,5.残響
芹沢あさひ\【Howling】芹沢あさひ\5.残響.csv,19,2017011110090,あさひ,"あははっ
じゃあ、わたしが雪山作るっすよ！","啊哈哈
那，我就来堆雪山",芹沢あさひ,【Howling】芹沢あさひ,5.残響
芹沢あさひ\【Howling】芹沢あさひ\5.残響.csv,22,2017011110100,あさひ,──手伝ってくれるの？,——你要来帮我吗？,芹沢あさひ,【Howling】芹沢あさひ,5.残響
芹沢あさひ\【Howling】芹沢あさひ\5.残響.csv,24,2017011110110,あさひ,"じゃあ、いっぱい雪集めて！
おっきいの作ろう！","那就收集一大堆雪
做一个大的吧！",芹沢あさひ,【Howling】芹沢あさひ,5.残響
芹沢あさひ\【Howling】芹沢あさひ\5.残響.csv,25,2017011110120,あさひ,ばいば～い！,拜拜~！,芹沢あさひ,【Howling】芹沢あさひ,5.残響
芹沢あさひ\【Howling】芹沢あさひ\5.残響.csv,27,2017011110130,あさひ,はいっす,好的说,芹沢あさひ,【Howling】芹沢あさひ,5.残響
芹沢あさひ\【Howling】芹沢あさひ\5.残響.csv,29,2017011110140,あさひ,そっすね～,是的说~,芹沢あさひ,【Howling】芹沢あさひ,5.残響
芹沢あさひ\【Howling】芹沢あさひ\5.残響.csv,30,2017011110150,あさひ,"でも……違ったっす
この前見たオオカミとは","不过……不一样的说
和之前见到的狼",芹沢あさひ,【Howling】芹沢あさひ,5.残響
芹沢あさひ\【Howling】芹沢あさひ\5.残響.csv,32,2017011110160,あさひ,"────あのオオカミにも
もう一回、会いたいっす",————好想和那只狼也再见一次的说,芹沢あさひ,【Howling】芹沢あさひ,5.残響
芹沢あさひ\【Howling】芹沢あさひ\5.残響.csv,34,2017011110170,あさひ,さむー……,好冷——……,芹沢あさひ,【Howling】芹沢あさひ,5.残響
芹沢あさひ\【Howling】芹沢あさひ\5.残響.csv,37,2017011110180,あさひ,じゃあ、行くっす,那就出发的说,芹沢あさひ,【Howling】芹沢あさひ,5.残響
芹沢あさひ\【Howling】芹沢あさひ\5.残響.csv,38,2017011110190,あさひ,"あそこに行けば、
プロデューサーさんも会えるっすよ",只要去到那里，制作人先生也能遇到的说,芹沢あさひ,【Howling】芹沢あさひ,5.残響
芹沢あさひ\【Howling】芹沢あさひ\5.残響.csv,43,2017011110200,あさひ,尻尾が──……,尾巴——……,芹沢あさひ,【Howling】芹沢あさひ,5.残響
芹沢あさひ\【Howling】芹沢あさひ\5.残響.csv,44,2017011110210,あさひ,"尻尾が、吐く息みたいに揺れてて……
足は雪を蹴って──","尾巴就像呼气一样摆来摆去……
脚拨弄着雪——",芹沢あさひ,【Howling】芹沢あさひ,5.残響
芹沢あさひ\【Howling】芹沢あさひ\5.残響.csv,45,2017011110220,あさひ,──速くって,——动作迅速,芹沢あさひ,【Howling】芹沢あさひ,5.残響
芹沢あさひ\【Howling】芹沢あさひ\5.残響.csv,46,2017011110230,あさひ,それから、こっちを振り返って──……,然后，回头看向这边——……,芹沢あさひ,【Howling】芹沢あさひ,5.残響
芹沢あさひ\【Howling】芹沢あさひ\5.残響.csv,48,2017011110240,あさひ,"届くっす
オオカミの尻尾は、大きいっすから","能够到的说
狼的尾巴，很大的说",芹沢あさひ,【Howling】芹沢あさひ,5.残響
芹沢あさひ\【Howling】芹沢あさひ\その心は知る由もない.csv,2,2017011020010,あさひ,手袋、どこっすか～,手套，在哪里啊～,芹沢あさひ,【Howling】芹沢あさひ,その心は知る由もない
芹沢あさひ\【Howling】芹沢あさひ\その心は知る由もない.csv,5,2017011020020,あさひ,ポケットから飛び出したかもしれないっす,或许是从口袋里掉出去了的说,芹沢あさひ,【Howling】芹沢あさひ,その心は知る由もない
芹沢あさひ\【Howling】芹沢あさひ\その心は知る由もない.csv,9,2017011020030,あさひ,……なんか光ったっす！,……有什么在发光的东西的说！,芹沢あさひ,【Howling】芹沢あさひ,その心は知る由もない
芹沢あさひ\【Howling】芹沢あさひ\その心は知る由もない.csv,11,2017011020040,あさひ,"あっ！　すごい！
オオカミっす！","啊！好厉害！
有狼的说！",芹沢あさひ,【Howling】芹沢あさひ,その心は知る由もない
芹沢あさひ\【Howling】芹沢あさひ\その心は知る由もない.csv,17,2017011020050,あさひ,"そっすか
やっぱりさっきのそうだったっすね！","是这样啊
果然刚才发光的就是这狗狗的说！",芹沢あさひ,【Howling】芹沢あさひ,その心は知る由もない
芹沢あさひ\【Howling】芹沢あさひ\その心は知る由もない.csv,20,2017011020060,あさひ,"すごいっす！
触ってもいっすか？","好厉害的说！
我可以摸摸吗？",芹沢あさひ,【Howling】芹沢あさひ,その心は知る由もない
芹沢あさひ\【Howling】芹沢あさひ\その心は知る由もない.csv,22,2017011020070,あさひ,はいっす！,是的说！,芹沢あさひ,【Howling】芹沢あさひ,その心は知る由もない
芹沢あさひ\【Howling】芹沢あさひ\その心は知る由もない.csv,23,2017011020080,あさひ,おー……よしよし,哦——……好孩子好孩子,芹沢あさひ,【Howling】芹沢あさひ,その心は知る由もない
芹沢あさひ\【Howling】芹沢あさひ\その心は知る由もない.csv,24,2017011020090,あさひ,"ふかふかだし強そうっす！
かっこいいっすね！","毛发毛茸茸又硬邦邦的说！
好帅啊！",芹沢あさひ,【Howling】芹沢あさひ,その心は知る由もない
芹沢あさひ\【Howling】芹沢あさひ\その心は知る由もない.csv,26,2017011020100,あさひ,この手袋の片っぽ、見つけてほしいっす！,来闻闻这只手套，能去帮我找到另一只吗？,芹沢あさひ,【Howling】芹沢あさひ,その心は知る由もない
芹沢あさひ\【Howling】芹沢あさひ\その心は知る由もない.csv,27,2017011020110,あさひ,"……だめっすか？
じゃあ……！","……不行吗？
那么……！",芹沢あさひ,【Howling】芹沢あさひ,その心は知る由もない
芹沢あさひ\【Howling】芹沢あさひ\その心は知る由もない.csv,28,2017011020120,あさひ,あー、面白かったっす,啊——，好有趣的说,芹沢あさひ,【Howling】芹沢あさひ,その心は知る由もない
芹沢あさひ\【Howling】芹沢あさひ\その心は知る由もない.csv,29,2017011020130,あさひ,"あのおっきい犬、
この公園で見たの初めてっす","那条大狗，
还是头一次在这个公园看到的说",芹沢あさひ,【Howling】芹沢あさひ,その心は知る由もない
芹沢あさひ\【Howling】芹沢あさひ\その心は知る由もない.csv,31,2017011020140,あさひ,"えっ
怖いっすか？","诶
可怕吗？",芹沢あさひ,【Howling】芹沢あさひ,その心は知る由もない
芹沢あさひ\【Howling】芹沢あさひ\その心は知る由もない.csv,34,2017011020150,あさひ,怖くないっすよ！,才不可怕的说！,芹沢あさひ,【Howling】芹沢あさひ,その心は知る由もない
芹沢あさひ\【Howling】芹沢あさひ\その心は知る由もない.csv,35,2017011020160,あさひ,いつでも会えたらいいのに,要是经常能遇到就好了,芹沢あさひ,【Howling】芹沢あさひ,その心は知る由もない
芹沢あさひ\【Howling】芹沢あさひ\その心は知る由もない.csv,38,2017011020170,あさひ,プロデューサーさんも、怖かったっすか？,制作人先生害怕吗？,芹沢あさひ,【Howling】芹沢あさひ,その心は知る由もない
芹沢あさひ\【Howling】芹沢あさひ\その心は知る由もない.csv,43,2017011020180,あさひ,そっすよね,是的说,芹沢あさひ,【Howling】芹沢あさひ,その心は知る由もない
芹沢あさひ\【Howling】芹沢あさひ\その心は知る由もない.csv,45,2017011020190,あさひ,ふんふん……,嗯嗯……,芹沢あさひ,【Howling】芹沢あさひ,その心は知る由もない
芹沢あさひ\【Howling】芹沢あさひ\その心は知る由もない.csv,46,2017011020200,あさひ,"あー……でも、怖がっちゃうと
公園に来てくれなくなるっす","啊——……所以如果把人吓到的话
以后可能就不会再来公园了的说",芹沢あさひ,【Howling】芹沢あさひ,その心は知る由もない
芹沢あさひ\【Howling】芹沢あさひ\その心は知る由もない.csv,48,2017011020210,あさひ,"プロデューサーさんも
触ってみればよかったっす",制作人也去摸一摸就好了的说,芹沢あさひ,【Howling】芹沢あさひ,その心は知る由もない
芹沢あさひ\【Howling】芹沢あさひ\その心は知る由もない.csv,51,2017011020220,あさひ,……？,……？,芹沢あさひ,【Howling】芹沢あさひ,その心は知る由もない
芹沢あさひ\【Howling】芹沢あさひ\その心は知る由もない.csv,54,2017011020230,あさひ,ふむ……そっすか？,嗯……是那样吗？,芹沢あさひ,【Howling】芹沢あさひ,その心は知る由もない
芹沢あさひ\【Howling】芹沢あさひ\その心は知る由もない.csv,56,2017011020240,あさひ,何も考えてないと思うっす,我觉得那条狗倒是什么都没在想的说,芹沢あさひ,【Howling】芹沢あさひ,その心は知る由もない
芹沢あさひ\【Howling】芹沢あさひ\その心は知る由もない.csv,58,2017011020250,あさひ,"ん―……よくわかんないっす
それが美しいっすか？","嗯——……虽然不太懂的说
那很美丽吗？",芹沢あさひ,【Howling】芹沢あさひ,その心は知る由もない
芹沢あさひ\【Howling】芹沢あさひ\その心は知る由もない.csv,60,2017011020260,あさひ,…………？,…………？,芹沢あさひ,【Howling】芹沢あさひ,その心は知る由もない
芹沢あさひ\【Howling】芹沢あさひ\その心は知る由もない.csv,63,2017011020270,あさひ,"ああ……そっすね
なんでっすかね","啊……确实是哦
为什么呢",芹沢あさひ,【Howling】芹沢あさひ,その心は知る由もない
芹沢あさひ\【Howling】芹沢あさひ\その心は知る由もない.csv,65,2017011020280,あさひ,へー、それっぽいっす,嘿，确实像是那样的说,芹沢あさひ,【Howling】芹沢あさひ,その心は知る由もない
芹沢あさひ\【Howling】芹沢あさひ\その心は知る由もない.csv,68,2017011020290,あさひ,"そっすね
生きるためにやってるだけっす","是呢
只是为了生存才做出那些事情的说",芹沢あさひ,【Howling】芹沢あさひ,その心は知る由もない
芹沢あさひ\【Howling】芹沢あさひ\その心は知る由もない.csv,69,2017011020300,あさひ,"勝手に悪者にするのは
おかしいっす",不该被人擅自定位邪恶的存在的说,芹沢あさひ,【Howling】芹沢あさひ,その心は知る由もない
芹沢あさひ\【Howling】芹沢あさひ\その心は知る由もない.csv,71,2017011020310,あさひ,"あははっ
そっすね","啊哈哈
说的也是的说",芹沢あさひ,【Howling】芹沢あさひ,その心は知る由もない
芹沢あさひ\【Howling】芹沢あさひ\何もないところへ.csv,4,2017011010010,あさひ,"何するっすかね？
ダンスするとかっすか？","是要做什么呢？
跳舞之类的吗？",芹沢あさひ,【Howling】芹沢あさひ,何もないところへ
芹沢あさひ\【Howling】芹沢あさひ\何もないところへ.csv,6,2017011010020,あさひ,"ふーん？
そのアーティストさんと何かするっすか？","嗯？
是要和那个艺术家一起做什么吗？",芹沢あさひ,【Howling】芹沢あさひ,何もないところへ
芹沢あさひ\【Howling】芹沢あさひ\何もないところへ.csv,8,2017011010030,あさひ,へー,嘿——,芹沢あさひ,【Howling】芹沢あさひ,何もないところへ
芹沢あさひ\【Howling】芹沢あさひ\何もないところへ.csv,12,2017011010040,あさひ,『夕やけオレンジソーダ』がいっす！,我要这个“夕阳桔子汽水”的说！,芹沢あさひ,【Howling】芹沢あさひ,何もないところへ
芹沢あさひ\【Howling】芹沢あさひ\何もないところへ.csv,14,2017011010050,あさひ,"えー！
なんでっすか？","诶——！
为什么啊？",芹沢あさひ,【Howling】芹沢あさひ,何もないところへ
芹沢あさひ\【Howling】芹沢あさひ\何もないところへ.csv,17,2017011010060,あさひ,"ふーん？
じゃあ、『気まぐれレモネード』にするっす","嗯……
那我就要这个“任性柠檬水”好了的说",芹沢あさひ,【Howling】芹沢あさひ,何もないところへ
芹沢あさひ\【Howling】芹沢あさひ\何もないところへ.csv,18,2017011010070,あさひ,"それと、『昔ながらのプリン』！
──これって、何が昔なんすか？","还有这个“老式布丁”！
——这个布丁老式在哪了呢？",芹沢あさひ,【Howling】芹沢あさひ,何もないところへ
芹沢あさひ\【Howling】芹沢あさひ\何もないところへ.csv,22,2017011010080,あさひ,"生クリーム！
じゃあ、これにするっす！","鲜奶油！
那我就点这个了的说！",芹沢あさひ,【Howling】芹沢あさひ,何もないところへ
芹沢あさひ\【Howling】芹沢あさひ\何もないところへ.csv,37,2017011010090,あさひ,────なんもないっす,————什么都没有的说,芹沢あさひ,【Howling】芹沢あさひ,何もないところへ
芹沢あさひ\【Howling】芹沢あさひ\何もないところへ.csv,40,2017011010100,あさひ,"そっすね……
でもひとつだけヒントあったっす","是吧……
但是有一个提示的说",芹沢あさひ,【Howling】芹沢あさひ,何もないところへ
芹沢あさひ\【Howling】芹沢あさひ\何もないところへ.csv,42,2017011010110,あさひ,"なんにもないところっすけど
何かあるっすかね？","明明是什么都没有的地方
是希望我感受什么呢？",芹沢あさひ,【Howling】芹沢あさひ,何もないところへ
芹沢あさひ\【Howling】芹沢あさひ\何もないところへ.csv,45,2017011010120,あさひ,楽そうっすね,好像很有趣的说,芹沢あさひ,【Howling】芹沢あさひ,何もないところへ
芹沢あさひ\【Howling】芹沢あさひ\何もないところへ.csv,50,2017011010130,あさひ,……？,……？,芹沢あさひ,【Howling】芹沢あさひ,何もないところへ
芹沢あさひ\【Howling】芹沢あさひ\何もないところへ.csv,52,2017011010140,あさひ,あー、そっすか？,啊——，是吗？,芹沢あさひ,【Howling】芹沢あさひ,何もないところへ
芹沢あさひ\【Howling】芹沢あさひ\何もないところへ.csv,54,2017011010150,あさひ,……え？,……诶？,芹沢あさひ,【Howling】芹沢あさひ,何もないところへ
芹沢あさひ\【Howling】芹沢あさひ\何もないところへ.csv,56,2017011010160,あさひ,"ふんふん……じゃあ、何かあるっすね
そこには",嗯嗯……那么，那里有什么呢,芹沢あさひ,【Howling】芹沢あさひ,何もないところへ
芹沢あさひ\【Howling】芹沢あさひ\何もないところへ.csv,58,2017011010170,あさひ,"あははっ
行くの、楽しみっす","啊哈哈
我好期待的说",芹沢あさひ,【Howling】芹沢あさひ,何もないところへ
芹沢あさひ\【Howling】芹沢あさひ\何もないところへ.csv,60,2017011010180,あさひ,"監督さんは
ちゃんと考えてるってことっすか？","也就是说
导演有着自己的考量吗？",芹沢あさひ,【Howling】芹沢あさひ,何もないところへ
芹沢あさひ\【Howling】芹沢あさひ\何もないところへ.csv,62,2017011010190,あさひ,じゃあ、行けばわかるっす,那么去了就了解了的说,芹沢あさひ,【Howling】芹沢あさひ,何もないところへ
芹沢あさひ\【Howling】芹沢あさひ\何もないところへ.csv,66,2017011010200,あさひ,だめっすか？,有什么问题吗？,芹沢あさひ,【Howling】芹沢あさひ,何もないところへ
芹沢あさひ\【Howling】芹沢あさひ\何もないところへ.csv,68,2017011010210,あさひ,"行ってみたいっす、写真のところ
……寒そうっすけど","我想去那照片里的地方看看
……虽然看着挺冷的",芹沢あさひ,【Howling】芹沢あさひ,何もないところへ
芹沢あさひ\【Howling】芹沢あさひ\何もないところへ.csv,71,2017011010220,あさひ,はいっす！,是的说！,芹沢あさひ,【Howling】芹沢あさひ,何もないところへ
芹沢あさひ\【あめ、ゆき、はれ】芹沢あさひ\晴れ間に歌うは.csv,2,3017005030010,あさひ,すんすん…………,嗅嗅…………,芹沢あさひ,【あめ、ゆき、はれ】芹沢あさひ,晴れ間に歌うは
芹沢あさひ\【あめ、ゆき、はれ】芹沢あさひ\晴れ間に歌うは.csv,4,3017005030030,あさひ,…………,…………,芹沢あさひ,【あめ、ゆき、はれ】芹沢あさひ,晴れ間に歌うは
芹沢あさひ\【あめ、ゆき、はれ】芹沢あさひ\晴れ間に歌うは.csv,5,3017005030040,あさひ,…………匂いが違うっす,…………气味不一样,芹沢あさひ,【あめ、ゆき、はれ】芹沢あさひ,晴れ間に歌うは
芹沢あさひ\【あめ、ゆき、はれ】芹沢あさひ\晴れ間に歌うは.csv,7,3017005030060,あさひ,わたしと、愛依ちゃんの,我和爱依的气味,芹沢あさひ,【あめ、ゆき、はれ】芹沢あさひ,晴れ間に歌うは
芹沢あさひ\【あめ、ゆき、はれ】芹沢あさひ\晴れ間に歌うは.csv,10,3017005030090,あさひ,……愛依ちゃんの匂いっす！,……是爱依的气味！,芹沢あさひ,【あめ、ゆき、はれ】芹沢あさひ,晴れ間に歌うは
芹沢あさひ\【あめ、ゆき、はれ】芹沢あさひ\晴れ間に歌うは.csv,13,3017005030120,あさひ,他人じゃなかったらいいんすか？,不是外人的话就可以闻了吗？,芹沢あさひ,【あめ、ゆき、はれ】芹沢あさひ,晴れ間に歌うは
芹沢あさひ\【あめ、ゆき、はれ】芹沢あさひ\晴れ間に歌うは.csv,15,3017005030140,あさひ,…………愛依ちゃん家にお泊りした次の日……,…………在爱依家留宿的第二天……,芹沢あさひ,【あめ、ゆき、はれ】芹沢あさひ,晴れ間に歌うは
芹沢あさひ\【あめ、ゆき、はれ】芹沢あさひ\晴れ間に歌うは.csv,16,3017005030150,あさひ,"わたしの髪から愛依ちゃんの匂いがして、
身体も、服も、いつもと違う匂いがして……","我的头发散发着爱依的气味，
身体和衣服也散发出和平时不同的气味……",芹沢あさひ,【あめ、ゆき、はれ】芹沢あさひ,晴れ間に歌うは
芹沢あさひ\【あめ、ゆき、はれ】芹沢あさひ\晴れ間に歌うは.csv,17,3017005030160,あさひ,……なんか、ちょっとくすぐったかったっす,……总觉得心里痒痒的,芹沢あさひ,【あめ、ゆき、はれ】芹沢あさひ,晴れ間に歌うは
芹沢あさひ\【あめ、ゆき、はれ】芹沢あさひ\晴れ間に歌うは.csv,19,3017005030170,あさひ,"──そういえば、シャンプーで匂いが変わるっすけど、
化粧水とかも他の人の使うとなんか違うんすね","——这么说来，用不同的洗发水会有不同的味道，
那么化妆水的使用也是因人而异的吧",芹沢あさひ,【あめ、ゆき、はれ】芹沢あさひ,晴れ間に歌うは
芹沢あさひ\【あめ、ゆき、はれ】芹沢あさひ\晴れ間に歌うは.csv,23,3017005030210,あさひ,"？
そっすけど……なんすか？","？
是借用了……怎么了吗？",芹沢あさひ,【あめ、ゆき、はれ】芹沢あさひ,晴れ間に歌うは
芹沢あさひ\【あめ、ゆき、はれ】芹沢あさひ\晴れ間に歌うは.csv,28,3017005030260,あさひ,"えー、めんどくさいっすよ～
わざわざ持ってくとか……","诶～，真麻烦啊～
还要特意带在身上……",芹沢あさひ,【あめ、ゆき、はれ】芹沢あさひ,晴れ間に歌うは
芹沢あさひ\【あめ、ゆき、はれ】芹沢あさひ\晴れ間に歌うは.csv,29,3017005030270,あさひ,お手入れも、毎日同じことなんてつまんないっす～,保养什么的，每天做重复的事真没意思～,芹沢あさひ,【あめ、ゆき、はれ】芹沢あさひ,晴れ間に歌うは
芹沢あさひ\【あめ、ゆき、はれ】芹沢あさひ\晴れ間に歌うは.csv,31,3017005030290,あさひ,むー……,唔～……,芹沢あさひ,【あめ、ゆき、はれ】芹沢あさひ,晴れ間に歌うは
芹沢あさひ\【あめ、ゆき、はれ】芹沢あさひ\晴れ間に歌うは.csv,35,3017005030330,あさひ,──それっす！,——就这样！,芹沢あさひ,【あめ、ゆき、はれ】芹沢あさひ,晴れ間に歌うは
芹沢あさひ\【あめ、ゆき、はれ】芹沢あさひ\晴れ間に歌うは.csv,36,3017005030340,あさひ,"それなら、これからは手ぶらで行けるといいっすね
パジャマとか、服とかも置いてもらって……","那干脆把睡衣和衣服等等都留一份，
下次去就什么都不用带了……",芹沢あさひ,【あめ、ゆき、はれ】芹沢あさひ,晴れ間に歌うは
芹沢あさひ\【あめ、ゆき、はれ】芹沢あさひ\晴れ間に歌うは.csv,38,3017005030360,あさひ,冬優子ちゃんは、ピンクにしたっす！,冬优子的是粉色的！,芹沢あさひ,【あめ、ゆき、はれ】芹沢あさひ,晴れ間に歌うは
芹沢あさひ\【あめ、ゆき、はれ】芹沢あさひ\晴れ間に歌うは.csv,43,3017005030410,あさひ,来ないんすか？,不来吗？,芹沢あさひ,【あめ、ゆき、はれ】芹沢あさひ,晴れ間に歌うは
芹沢あさひ\【あめ、ゆき、はれ】芹沢あさひ\晴れ間に歌うは.csv,48,3017005030460,あさひ,…………,…………,芹沢あさひ,【あめ、ゆき、はれ】芹沢あさひ,晴れ間に歌うは
芹沢あさひ\【あめ、ゆき、はれ】芹沢あさひ\晴れ間に歌うは.csv,49,3017005030470,あさひ,…………あははっ,…………啊哈哈,芹沢あさひ,【あめ、ゆき、はれ】芹沢あさひ,晴れ間に歌うは
芹沢あさひ\【あめ、ゆき、はれ】芹沢あさひ\晴れ間に歌うは.csv,50,3017005030480,あさひ,楽しみだな～、お泊り……,好期待啊～，留宿……,芹沢あさひ,【あめ、ゆき、はれ】芹沢あさひ,晴れ間に歌うは
芹沢あさひ\【あめ、ゆき、はれ】芹沢あさひ\晴れ間に歌うは.csv,51,3017005030490,あさひ,"きっと……シャンプーの匂い……
……お揃い……",洗发水的味道……大家一定……都会一样……,芹沢あさひ,【あめ、ゆき、はれ】芹沢あさひ,晴れ間に歌うは
芹沢あさひ\【あめ、ゆき、はれ】芹沢あさひ\雨音に足音、声は掻き消え.csv,4,3017005010020,あさひ,雪だるま作れるっすかね～,到时能堆雪人吗～,芹沢あさひ,【あめ、ゆき、はれ】芹沢あさひ,雨音に足音、声は掻き消え
芹沢あさひ\【あめ、ゆき、はれ】芹沢あさひ\雨音に足音、声は掻き消え.csv,7,3017005010050,あさひ,"──……明日来れるんすかね
プロデューサーさんと冬優子ちゃん","——……明天能来吗
制作人和冬优子",芹沢あさひ,【あめ、ゆき、はれ】芹沢あさひ,雨音に足音、声は掻き消え
芹沢あさひ\【あめ、ゆき、はれ】芹沢あさひ\雨音に足音、声は掻き消え.csv,12,3017005010100,あさひ,──って言ってたっすもんね,——她这么说的,芹沢あさひ,【あめ、ゆき、はれ】芹沢あさひ,雨音に足音、声は掻き消え
芹沢あさひ\【あめ、ゆき、はれ】芹沢あさひ\雨音に足音、声は掻き消え.csv,15,3017005010130,あさひ,あ、歯ブラシないっす,啊，我没带牙刷,芹沢あさひ,【あめ、ゆき、はれ】芹沢あさひ,雨音に足音、声は掻き消え
芹沢あさひ\【あめ、ゆき、はれ】芹沢あさひ\雨音に足音、声は掻き消え.csv,17,3017005010150,あさひ,はいっす！,收到！,芹沢あさひ,【あめ、ゆき、はれ】芹沢あさひ,雨音に足音、声は掻き消え
芹沢あさひ\【あめ、ゆき、はれ】芹沢あさひ\雨音に足音、声は掻き消え.csv,20,3017005010171,あさひ＆愛依,……………,……………,芹沢あさひ,【あめ、ゆき、はれ】芹沢あさひ,雨音に足音、声は掻き消え
芹沢あさひ\【あめ、ゆき、はれ】芹沢あさひ\雨音に足音、声は掻き消え.csv,22,3017005010190,あさひ,おー！,哦～！,芹沢あさひ,【あめ、ゆき、はれ】芹沢あさひ,雨音に足音、声は掻き消え
芹沢あさひ\【あめ、ゆき、はれ】芹沢あさひ\雨音に足音、声は掻き消え.csv,26,3017005010230,あさひ,『期間限定・濃厚しょうゆプリンチップス』……おお,“期间限定・浓厚酱油布丁味薯片”……哦,芹沢あさひ,【あめ、ゆき、はれ】芹沢あさひ,雨音に足音、声は掻き消え
芹沢あさひ\【あめ、ゆき、はれ】芹沢あさひ\雨音に足音、声は掻き消え.csv,33,3017005010300,あさひ,……冬優子ちゃん、どっかから見てるんすか？,……冬优子在哪里偷看吗？,芹沢あさひ,【あめ、ゆき、はれ】芹沢あさひ,雨音に足音、声は掻き消え
芹沢あさひ\【あめ、ゆき、はれ】芹沢あさひ\雨音に足音、声は掻き消え.csv,35,3017005010320,あさひ,…………,…………,芹沢あさひ,【あめ、ゆき、はれ】芹沢あさひ,雨音に足音、声は掻き消え
芹沢あさひ\【あめ、ゆき、はれ】芹沢あさひ\雨音に足音、声は掻き消え.csv,37,3017005010340,あさひ,"Ａの粉とＢの粉を混ぜると
泡がもこもこになる……","把Ａ粉和Ｂ粉混在一起
就会起一层厚厚的泡沫……",芹沢あさひ,【あめ、ゆき、はれ】芹沢あさひ,雨音に足音、声は掻き消え
芹沢あさひ\【あめ、ゆき、はれ】芹沢あさひ\雨音に足音、声は掻き消え.csv,41,3017005010380,あさひ,お菓子で作る満漢全席……,用点心做的满汉全席……,芹沢あさひ,【あめ、ゆき、はれ】芹沢あさひ,雨音に足音、声は掻き消え
芹沢あさひ\【あめ、ゆき、はれ】芹沢あさひ\雨音に足音、声は掻き消え.csv,45,3017005010411,あさひ＆愛依,……………,……………,芹沢あさひ,【あめ、ゆき、はれ】芹沢あさひ,雨音に足音、声は掻き消え
芹沢あさひ\【あめ、ゆき、はれ】芹沢あさひ\雨音に足音、声は掻き消え.csv,47,3017005010430,あさひ,ばっきばきになっちゃったっすね,变得破破烂烂了……,芹沢あさひ,【あめ、ゆき、はれ】芹沢あさひ,雨音に足音、声は掻き消え
芹沢あさひ\【あめ、ゆき、はれ】芹沢あさひ\雨音に足音、声は掻き消え.csv,49,3017005010450,あさひ,愛依ちゃん、わたしの傘入るっすか？,爱依要来和我撑一把伞吗？,芹沢あさひ,【あめ、ゆき、はれ】芹沢あさひ,雨音に足音、声は掻き消え
芹沢あさひ\【あめ、ゆき、はれ】芹沢あさひ\雨音に足音、声は掻き消え.csv,51,3017005010470,あさひ,"はいっす
まだそんなに降ってないし……","没关系
现在下得也不大……",芹沢あさひ,【あめ、ゆき、はれ】芹沢あさひ,雨音に足音、声は掻き消え
芹沢あさひ\【あめ、ゆき、はれ】芹沢あさひ\雨音に足音、声は掻き消え.csv,52,3017005010480,あさひ,愛依ちゃん家、すぐそこなんすよね？,爱依家就在附近对吧？,芹沢あさひ,【あめ、ゆき、はれ】芹沢あさひ,雨音に足音、声は掻き消え
芹沢あさひ\【あめ、ゆき、はれ】芹沢あさひ\雨音に足音、声は掻き消え.csv,55,3017005010510,あさひ,"大丈夫っすよ～！
いつもより高く持つの、ちょっと楽しいっすから！","没关系～！
因为撑得比平时高，感觉有点好玩！",芹沢あさひ,【あめ、ゆき、はれ】芹沢あさひ,雨音に足音、声は掻き消え
芹沢あさひ\【あめ、ゆき、はれ】芹沢あさひ\雨音に足音、声は掻き消え.csv,57,3017005010530,あさひ,雪、降るっすかね～,会下雪吗？,芹沢あさひ,【あめ、ゆき、はれ】芹沢あさひ,雨音に足音、声は掻き消え
芹沢あさひ\【あめ、ゆき、はれ】芹沢あさひ\雨音に足音、声は掻き消え.csv,59,3017005010550,あさひ,いっぱい降ってほしいっす～……,希望能下一场大雪～……,芹沢あさひ,【あめ、ゆき、はれ】芹沢あさひ,雨音に足音、声は掻き消え
芹沢あさひ\【あめ、ゆき、はれ】芹沢あさひ\雨音に足音、声は掻き消え.csv,63,3017005010590,あさひ,"……あはは、そっすね
なら……ちょっとだけ……ちょっとだけ……","……啊哈哈，是啊
那么……就一点点……就一点点……",芹沢あさひ,【あめ、ゆき、はれ】芹沢あさひ,雨音に足音、声は掻き消え
芹沢あさひ\【あめ、ゆき、はれ】芹沢あさひ\雪解けの街がやって来る.csv,2,3017005020010,あさひ,………………,………………,芹沢あさひ,【あめ、ゆき、はれ】芹沢あさひ,雪解けの街がやって来る
芹沢あさひ\【あめ、ゆき、はれ】芹沢あさひ\雪解けの街がやって来る.csv,3,3017005020020,あさひ,………………,………………,芹沢あさひ,【あめ、ゆき、はれ】芹沢あさひ,雪解けの街がやって来る
芹沢あさひ\【あめ、ゆき、はれ】芹沢あさひ\雪解けの街がやって来る.csv,7,3017005020060,あさひ,はいっすー,知道了～,芹沢あさひ,【あめ、ゆき、はれ】芹沢あさひ,雪解けの街がやって来る
芹沢あさひ\【あめ、ゆき、はれ】芹沢あさひ\雪解けの街がやって来る.csv,25,3017005020240,あさひ,…………ていっ,…………嘿,芹沢あさひ,【あめ、ゆき、はれ】芹沢あさひ,雪解けの街がやって来る
芹沢あさひ\【あめ、ゆき、はれ】芹沢あさひ\雪解けの街がやって来る.csv,31,3017005020300,あさひ,とうっ！,哈！,芹沢あさひ,【あめ、ゆき、はれ】芹沢あさひ,雪解けの街がやって来る
芹沢あさひ\【あめ、ゆき、はれ】芹沢あさひ\雪解けの街がやって来る.csv,35,3017005020340,あさひ,よーし……,我跳……,芹沢あさひ,【あめ、ゆき、はれ】芹沢あさひ,雪解けの街がやって来る
芹沢あさひ\【あめ、ゆき、はれ】芹沢あさひ\雪解けの街がやって来る.csv,43,3017005020420,あさひ,──冬優子ちゃん！　愛依ちゃん！,——冬优子！　爱依！,芹沢あさひ,【あめ、ゆき、はれ】芹沢あさひ,雪解けの街がやって来る
芹沢あさひ\【あめ、ゆき、はれ】芹沢あさひ\雪解けの街がやって来る.csv,49,3017005020480,あさひ,"最初は雪だるま作ろうとしてたんすけど、
ちょっと雪が足りなそうなんすよ","一开始我打算堆雪人的，
但是雪好像不太够",芹沢あさひ,【あめ、ゆき、はれ】芹沢あさひ,雪解けの街がやって来る
芹沢あさひ\【あめ、ゆき、はれ】芹沢あさひ\雪解けの街がやって来る.csv,50,3017005020490,あさひ,"で、雪玉ふたつ作ってたんで、
ふたりに投げたっす",所以就做了两个雪球向你们扔过去了,芹沢あさひ,【あめ、ゆき、はれ】芹沢あさひ,雪解けの街がやって来る
芹沢あさひ\【あめ、ゆき、はれ】芹沢あさひ\雪解けの街がやって来る.csv,52,3017005020510,あさひ,わっ！,哇！,芹沢あさひ,【あめ、ゆき、はれ】芹沢あさひ,雪解けの街がやって来る
芹沢あさひ\【あめ、ゆき、はれ】芹沢あさひ\雪解けの街がやって来る.csv,54,3017005020530,あさひ,当てたいならもっとちゃんと狙うっすよ～！,想打中的话就好好瞄准哦～！,芹沢あさひ,【あめ、ゆき、はれ】芹沢あさひ,雪解けの街がやって来る
芹沢あさひ\【かしゃーんとがらがら】芹沢あさひ\ふとした場所にも興味の種.csv,2,2017005010010,あさひ,かしゃーん……,咔哒……,芹沢あさひ,【かしゃーんとがらがら】芹沢あさひ,ふとした場所にも興味の種
芹沢あさひ\【かしゃーんとがらがら】芹沢あさひ\ふとした場所にも興味の種.csv,3,2017005010020,あさひ,がらがらがらがら……,嘎啦嘎啦嘎啦嘎啦……,芹沢あさひ,【かしゃーんとがらがら】芹沢あさひ,ふとした場所にも興味の種
芹沢あさひ\【かしゃーんとがらがら】芹沢あさひ\ふとした場所にも興味の種.csv,4,2017005010030,あさひ,かしゃーん……,咔哒……,芹沢あさひ,【かしゃーんとがらがら】芹沢あさひ,ふとした場所にも興味の種
芹沢あさひ\【かしゃーんとがらがら】芹沢あさひ\ふとした場所にも興味の種.csv,5,2017005010040,あさひ,がらがらがらがら……,嘎啦嘎啦嘎啦嘎啦……,芹沢あさひ,【かしゃーんとがらがら】芹沢あさひ,ふとした場所にも興味の種
芹沢あさひ\【かしゃーんとがらがら】芹沢あさひ\ふとした場所にも興味の種.csv,6,2017005010050,あさひ,へー……こうやって入ってくんすね……,欸……是像这样子进去的呢……,芹沢あさひ,【かしゃーんとがらがら】芹沢あさひ,ふとした場所にも興味の種
芹沢あさひ\【かしゃーんとがらがら】芹沢あさひ\ふとした場所にも興味の種.csv,7,2017005010060,あさひ,あはは！　面白い！,啊哈哈！有意思！,芹沢あさひ,【かしゃーんとがらがら】芹沢あさひ,ふとした場所にも興味の種
芹沢あさひ\【かしゃーんとがらがら】芹沢あさひ\ふとした場所にも興味の種.csv,9,2017005010070,あさひ,はいっす！,嗯！,芹沢あさひ,【かしゃーんとがらがら】芹沢あさひ,ふとした場所にも興味の種
芹沢あさひ\【かしゃーんとがらがら】芹沢あさひ\ふとした場所にも興味の種.csv,11,2017005010080,あさひ,──そこの大きい引き出し……何が入ってるんすか？,——那里的大抽屉……里面放着什么？,芹沢あさひ,【かしゃーんとがらがら】芹沢あさひ,ふとした場所にも興味の種
芹沢あさひ\【かしゃーんとがらがら】芹沢あさひ\ふとした場所にも興味の種.csv,13,2017005010090,あさひ,あ、今は話しかけないでほしいっす,啊，现在别跟我说话,芹沢あさひ,【かしゃーんとがらがら】芹沢あさひ,ふとした場所にも興味の種
芹沢あさひ\【かしゃーんとがらがら】芹沢あさひ\ふとした場所にも興味の種.csv,15,2017005010100,あさひ,へー……パックのジュースがぎっしりっすね,欸……装满了包装好的果汁呢,芹沢あさひ,【かしゃーんとがらがら】芹沢あさひ,ふとした場所にも興味の種
芹沢あさひ\【かしゃーんとがらがら】芹沢あさひ\ふとした場所にも興味の種.csv,16,2017005010110,あさひ,"えぇ～、もう終わっちゃうんすか！
もっと見たいっすよ～",诶～已经弄完了吗！我还想看啊～,芹沢あさひ,【かしゃーんとがらがら】芹沢あさひ,ふとした場所にも興味の種
芹沢あさひ\【かしゃーんとがらがら】芹沢あさひ\ふとした場所にも興味の種.csv,18,2017005010120,あさひ,お！　そうなんすね！　やったっす～！,哦！是这样呢！太好了～！,芹沢あさひ,【かしゃーんとがらがら】芹沢あさひ,ふとした場所にも興味の種
芹沢あさひ\【かしゃーんとがらがら】芹沢あさひ\ふとした場所にも興味の種.csv,19,2017005010130,あさひ,ばいばいっす～！,拜拜～！,芹沢あさひ,【かしゃーんとがらがら】芹沢あさひ,ふとした場所にも興味の種
芹沢あさひ\【かしゃーんとがらがら】芹沢あさひ\ふとした場所にも興味の種.csv,20,2017005010140,あさひ,……♪,,芹沢あさひ,【かしゃーんとがらがら】芹沢あさひ,ふとした場所にも興味の種
芹沢あさひ\【かしゃーんとがらがら】芹沢あさひ\ふとした場所にも興味の種.csv,22,2017005010150,あさひ,あれ、プロデューサーさん、いつからいたんすか？,咦，制作人，你什么时候开始在这里的？,芹沢あさひ,【かしゃーんとがらがら】芹沢あさひ,ふとした場所にも興味の種
芹沢あさひ\【かしゃーんとがらがら】芹沢あさひ\ふとした場所にも興味の種.csv,24,2017005010160,あさひ,"いるんなら早く言ってほしいっす！
自販機の前でぼーっとしてたら変な人っすよ！","在的话希望能早点说！
在自动售货机前发呆的话，会被当成奇怪的人的！",芹沢あさひ,【かしゃーんとがらがら】芹沢あさひ,ふとした場所にも興味の種
芹沢あさひ\【かしゃーんとがらがら】芹沢あさひ\ふとした場所にも興味の種.csv,26,2017005010170,あさひ,じー……,盯……,芹沢あさひ,【かしゃーんとがらがら】芹沢あさひ,ふとした場所にも興味の種
芹沢あさひ\【かしゃーんとがらがら】芹沢あさひ\ふとした場所にも興味の種.csv,28,2017005010180,あさひ,ボタン押した時、中はどう動いてるんすかねぇ……,按下按钮的时候，里面是怎么运作的呢……,芹沢あさひ,【かしゃーんとがらがら】芹沢あさひ,ふとした場所にも興味の種
芹沢あさひ\【かしゃーんとがらがら】芹沢あさひ\ふとした場所にも興味の種.csv,30,2017005010190,あさひ,全然っす！,完全没有！,芹沢あさひ,【かしゃーんとがらがら】芹沢あさひ,ふとした場所にも興味の種
芹沢あさひ\【かしゃーんとがらがら】芹沢あさひ\ふとした場所にも興味の種.csv,31,2017005010200,あさひ,……横から開けられないっすかね……,……能不能从旁边打开呢……,芹沢あさひ,【かしゃーんとがらがら】芹沢あさひ,ふとした場所にも興味の種
芹沢あさひ\【かしゃーんとがらがら】芹沢あさひ\ふとした場所にも興味の種.csv,33,2017005010210,あさひ,"……ジュースの入ってるとこ……
どうやったら入れるかな……","……果汁进去的地方……
要怎样才能进去呢……",芹沢あさひ,【かしゃーんとがらがら】芹沢あさひ,ふとした場所にも興味の種
芹沢あさひ\【かしゃーんとがらがら】芹沢あさひ\ふとした場所にも興味の種.csv,35,2017005010220,あさひ,プロデューサーさん、小さくなる方法ってないっすかね？,制作人，有可以变小的方法吗？,芹沢あさひ,【かしゃーんとがらがら】芹沢あさひ,ふとした場所にも興味の種
芹沢あさひ\【かしゃーんとがらがら】芹沢あさひ\ふとした場所にも興味の種.csv,37,2017005010230,あさひ,缶と同じサイズになればできるじゃないっすか！,变成跟饮料罐一样的大小不就能进去了吗！,芹沢あさひ,【かしゃーんとがらがら】芹沢あさひ,ふとした場所にも興味の種
芹沢あさひ\【かしゃーんとがらがら】芹沢あさひ\ふとした場所にも興味の種.csv,38,2017005010240,あさひ,そしたら中、見放題っす！,那样的话，里面就能随便看了！,芹沢あさひ,【かしゃーんとがらがら】芹沢あさひ,ふとした場所にも興味の種
芹沢あさひ\【かしゃーんとがらがら】芹沢あさひ\ふとした場所にも興味の種.csv,41,2017005010250,あさひ,まずは情報集めからっすね！,先收集情报是吧！,芹沢あさひ,【かしゃーんとがらがら】芹沢あさひ,ふとした場所にも興味の種
芹沢あさひ\【かしゃーんとがらがら】芹沢あさひ\ふとした場所にも興味の種.csv,42,2017005010260,あさひ,目指せミクロ化！　っすよ！,以变小为目标！,芹沢あさひ,【かしゃーんとがらがら】芹沢あさひ,ふとした場所にも興味の種
芹沢あさひ\【かしゃーんとがらがら】芹沢あさひ\眠りて叶いし.csv,3,2017005110010,あさひ,──サーさーーーーん,——作～～～～人,芹沢あさひ,【かしゃーんとがらがら】芹沢あさひ,眠りて叶いし
芹沢あさひ\【かしゃーんとがらがら】芹沢あさひ\眠りて叶いし.csv,5,2017005110020,あさひ,プロデューサーさん！　プロデューサーさん！,制作人！制作人！,芹沢あさひ,【かしゃーんとがらがら】芹沢あさひ,眠りて叶いし
芹沢あさひ\【かしゃーんとがらがら】芹沢あさひ\眠りて叶いし.csv,7,2017005110030,あさひ,小さくなれたっす！！！！,变小了！！！！,芹沢あさひ,【かしゃーんとがらがら】芹沢あさひ,眠りて叶いし
芹沢あさひ\【かしゃーんとがらがら】芹沢あさひ\眠りて叶いし.csv,9,2017005110040,あさひ,だから！　小さくなれたんすよ！,都说了！变小了啊！,芹沢あさひ,【かしゃーんとがらがら】芹沢あさひ,眠りて叶いし
芹沢あさひ\【かしゃーんとがらがら】芹沢あさひ\眠りて叶いし.csv,11,2017005110050,あさひ,真面目に聞いてほしいっす！,希望你能认真听我说！,芹沢あさひ,【かしゃーんとがらがら】芹沢あさひ,眠りて叶いし
芹沢あさひ\【かしゃーんとがらがら】芹沢あさひ\眠りて叶いし.csv,12,2017005110060,あさひ,いやっほ～う！！！,呀～吼！！！,芹沢あさひ,【かしゃーんとがらがら】芹沢あさひ,眠りて叶いし
芹沢あさひ\【かしゃーんとがらがら】芹沢あさひ\眠りて叶いし.csv,13,2017005110070,あさひ,"あはは！　プロデューサーさんの腕で滑るの
楽しいっす～",啊哈哈！在制作人的手臂上滑行真开心～,芹沢あさひ,【かしゃーんとがらがら】芹沢あさひ,眠りて叶いし
芹沢あさひ\【かしゃーんとがらがら】芹沢あさひ\眠りて叶いし.csv,14,2017005110080,あさひ,"けど、まだスリルが足りないっすね！
プロデューサーさん！",但是还不够刺激呢！制作人！,芹沢あさひ,【かしゃーんとがらがら】芹沢あさひ,眠りて叶いし
芹沢あさひ\【かしゃーんとがらがら】芹沢あさひ\眠りて叶いし.csv,16,2017005110090,あさひ,はいっす！,嗯！,芹沢あさひ,【かしゃーんとがらがら】芹沢あさひ,眠りて叶いし
芹沢あさひ\【かしゃーんとがらがら】芹沢あさひ\眠りて叶いし.csv,17,2017005110100,あさひ,ひゅーーーー！　すごいスピードっす～～～！,咻～～～～！好快的速度啊～～～！,芹沢あさひ,【かしゃーんとがらがら】芹沢あさひ,眠りて叶いし
芹沢あさひ\【かしゃーんとがらがら】芹沢あさひ\眠りて叶いし.csv,18,2017005110110,あさひ,しゅたっ！,咻嗒！,芹沢あさひ,【かしゃーんとがらがら】芹沢あさひ,眠りて叶いし
芹沢あさひ\【かしゃーんとがらがら】芹沢あさひ\眠りて叶いし.csv,20,2017005110120,あさひ,"プロデューサーさん！　次の遊び、思いついたっす！
ちょっと屈んでくれないっすか？","制作人！我想到接下来怎么玩了！
可以稍微弯下腰吗？",芹沢あさひ,【かしゃーんとがらがら】芹沢あさひ,眠りて叶いし
芹沢あさひ\【かしゃーんとがらがら】芹沢あさひ\眠りて叶いし.csv,22,2017005110130,あさひ,ばっちりっす！　じゃあ……,很好！那么……,芹沢あさひ,【かしゃーんとがらがら】芹沢あさひ,眠りて叶いし
芹沢あさひ\【かしゃーんとがらがら】芹沢あさひ\眠りて叶いし.csv,23,2017005110140,あさひ,とぉーう！,嘿！,芹沢あさひ,【かしゃーんとがらがら】芹沢あさひ,眠りて叶いし
芹沢あさひ\【かしゃーんとがらがら】芹沢あさひ\眠りて叶いし.csv,24,2017005110150,あさひ,よっし！　頭の上に降り立ったっす！,好的！站到头顶上了！,芹沢あさひ,【かしゃーんとがらがら】芹沢あさひ,眠りて叶いし
芹沢あさひ\【かしゃーんとがらがら】芹沢あさひ\眠りて叶いし.csv,25,2017005110160,あさひ,それじゃ、このまま立ってほしいっす！,那么，请站直吧！,芹沢あさひ,【かしゃーんとがらがら】芹沢あさひ,眠りて叶いし
芹沢あさひ\【かしゃーんとがらがら】芹沢あさひ\眠りて叶いし.csv,28,2017005110170,あさひ,おぉ～！　高いっす高いっす～！,哦！好高啊好高啊～！,芹沢あさひ,【かしゃーんとがらがら】芹沢あさひ,眠りて叶いし
芹沢あさひ\【かしゃーんとがらがら】芹沢あさひ\眠りて叶いし.csv,29,2017005110180,あさひ,"大きいプロデューサーさんと遊ぶの
楽しかったっすよ～",跟巨大的制作人一起玩很开心哦～,芹沢あさひ,【かしゃーんとがらがら】芹沢あさひ,眠りて叶いし
芹沢あさひ\【かしゃーんとがらがら】芹沢あさひ\眠りて叶いし.csv,32,2017005110190,あさひ,あはは～,啊哈哈～,芹沢あさひ,【かしゃーんとがらがら】芹沢あさひ,眠りて叶いし
芹沢あさひ\【かしゃーんとがらがら】芹沢あさひ\眠りて叶いし.csv,34,2017005110200,あさひ,……？,,芹沢あさひ,【かしゃーんとがらがら】芹沢あさひ,眠りて叶いし
芹沢あさひ\【かしゃーんとがらがら】芹沢あさひ\眠りて叶いし.csv,36,2017005110210,あさひ,あ～～！！！,啊～～！！！,芹沢あさひ,【かしゃーんとがらがら】芹沢あさひ,眠りて叶いし
芹沢あさひ\【かしゃーんとがらがら】芹沢あさひ\眠りて叶いし.csv,37,2017005110220,あさひ,プロデューサーさんと遊ぶのに夢中で忘れてたっす！,跟制作人一起玩得太入迷，忘记了！,芹沢あさひ,【かしゃーんとがらがら】芹沢あさひ,眠りて叶いし
芹沢あさひ\【かしゃーんとがらがら】芹沢あさひ\眠りて叶いし.csv,39,2017005110230,あさひ,もう一回、同じ夢を見るしかないっすね……,只能再做一次同样的梦了呢……,芹沢あさひ,【かしゃーんとがらがら】芹沢あさひ,眠りて叶いし
芹沢あさひ\【かしゃーんとがらがら】芹沢あさひ\眠りて叶いし.csv,40,2017005110240,あさひ,"ちょっと今寝てみるっす！
プロデューサーさん！　おやすみっす！","我现在试着睡一下看看！
制作人！晚安！",芹沢あさひ,【かしゃーんとがらがら】芹沢あさひ,眠りて叶いし
芹沢あさひ\【かしゃーんとがらがら】芹沢あさひ\眠りて叶いし.csv,41,2017005110250,あさひ,寝れないっす！,睡不着！,芹沢あさひ,【かしゃーんとがらがら】芹沢あさひ,眠りて叶いし
芹沢あさひ\【かしゃーんとがらがら】芹沢あさひ\眠りて叶いし.csv,43,2017005110260,あさひ,う～ん……,唔……,芹沢あさひ,【かしゃーんとがらがら】芹沢あさひ,眠りて叶いし
芹沢あさひ\【かしゃーんとがらがら】芹沢あさひ\眠りて叶いし.csv,44,2017005110270,あさひ,仕方ないっすね！　夜まで待つっす！,没办法呢！晚上再说吧！,芹沢あさひ,【かしゃーんとがらがら】芹沢あさひ,眠りて叶いし
芹沢あさひ\【かしゃーんとがらがら】芹沢あさひ\眠りて叶いし.csv,45,2017005110280,あさひ,"プロデューサーさん！
今日もたーっくさん、付き合ってもらうっすよ！","制作人！
今天也要好好陪我哦！",芹沢あさひ,【かしゃーんとがらがら】芹沢あさひ,眠りて叶いし
芹沢あさひ\【さかさま世界】芹沢あさひ\あさひ流、街の歩き方.csv,7,2017003010010,あさひ,あっちかな～？,是那边吗～？,芹沢あさひ,【さかさま世界】芹沢あさひ,あさひ流、街の歩き方
芹沢あさひ\【さかさま世界】芹沢あさひ\あさひ流、街の歩き方.csv,8,0000000000000,あさひ,それともこっちの方？,还是这边呢？,芹沢あさひ,【さかさま世界】芹沢あさひ,あさひ流、街の歩き方
芹沢あさひ\【さかさま世界】芹沢あさひ\あさひ流、街の歩き方.csv,10,2017003010020,あさひ,？,？,芹沢あさひ,【さかさま世界】芹沢あさひ,あさひ流、街の歩き方
芹沢あさひ\【さかさま世界】芹沢あさひ\あさひ流、街の歩き方.csv,11,2017003010030,あさひ,"あれ、プロデューサーさんじゃないっすか！
こんなところで何してるんす？","咦，这不是制作人嘛！
您在这干嘛呢？",芹沢あさひ,【さかさま世界】芹沢あさひ,あさひ流、街の歩き方
芹沢あさひ\【さかさま世界】芹沢あさひ\あさひ流、街の歩き方.csv,13,2017003010040,あさひ,なーんだ、そうだったんすね！,什么，原来是这样啊！,芹沢あさひ,【さかさま世界】芹沢あさひ,あさひ流、街の歩き方
芹沢あさひ\【さかさま世界】芹沢あさひ\あさひ流、街の歩き方.csv,15,2017003010050,あさひ,"わたしっすか？
わたしは何か楽しいことがないか探してたんすよ！","我吗？
我在找有没有什么有趣的东西哦！",芹沢あさひ,【さかさま世界】芹沢あさひ,あさひ流、街の歩き方
芹沢あさひ\【さかさま世界】芹沢あさひ\あさひ流、街の歩き方.csv,16,2017003010060,あさひ,"それで、公園にマジシャンがいるって聞いたんで
行こうと思ってたんす！","然后，我听说有魔术师出现在公园里
正打算过去呢",芹沢あさひ,【さかさま世界】芹沢あさひ,あさひ流、街の歩き方
芹沢あさひ\【さかさま世界】芹沢あさひ\あさひ流、街の歩き方.csv,18,2017003010070,あさひ,"はいっす！　楽しいこと探しの基本は
情報を集めるところからなんす！","对的！　要找到有趣的事情的话
收集情报可是基本中的基本哦！",芹沢あさひ,【さかさま世界】芹沢あさひ,あさひ流、街の歩き方
芹沢あさひ\【さかさま世界】芹沢あさひ\あさひ流、街の歩き方.csv,20,2017003010080,あさひ,？　どういうことっすか？,？　这是为什么呢,芹沢あさひ,【さかさま世界】芹沢あさひ,あさひ流、街の歩き方
芹沢あさひ\【さかさま世界】芹沢あさひ\あさひ流、街の歩き方.csv,22,2017003010090,あさひ,"あはは、何言ってるんすか、プロデューサーさん
今までそんなことなかったっすよ～？","啊哈哈，制作人您在说什么呢
到现在为止都还没有发生过那种事哦～？",芹沢あさひ,【さかさま世界】芹沢あさひ,あさひ流、街の歩き方
芹沢あさひ\【さかさま世界】芹沢あさひ\あさひ流、街の歩き方.csv,24,2017003010100,あさひ,うーん……わかったっす～,唔……我知道了～,芹沢あさひ,【さかさま世界】芹沢あさひ,あさひ流、街の歩き方
芹沢あさひ\【さかさま世界】芹沢あさひ\あさひ流、街の歩き方.csv,26,2017003010110,あさひ,そうっす！,没错！,芹沢あさひ,【さかさま世界】芹沢あさひ,あさひ流、街の歩き方
芹沢あさひ\【さかさま世界】芹沢あさひ\あさひ流、街の歩き方.csv,28,2017003010120,あさひ,あれ……？,诶……？,芹沢あさひ,【さかさま世界】芹沢あさひ,あさひ流、街の歩き方
芹沢あさひ\【さかさま世界】芹沢あさひ\あさひ流、街の歩き方.csv,30,2017003010130,あさひ,そうっすね……うーん……残念っす,对诶……唔……真可惜,芹沢あさひ,【さかさま世界】芹沢あさひ,あさひ流、街の歩き方
芹沢あさひ\【さかさま世界】芹沢あさひ\あさひ流、街の歩き方.csv,35,2017003010140,あさひ,シルクハットをかぶってるらしいっす,好像戴着大礼帽,芹沢あさひ,【さかさま世界】芹沢あさひ,あさひ流、街の歩き方
芹沢あさひ\【さかさま世界】芹沢あさひ\あさひ流、街の歩き方.csv,37,2017003010150,あさひ,あと、青いスーツを着てるって聞いたっすね,还有好像还穿着蓝色的西装,芹沢あさひ,【さかさま世界】芹沢あさひ,あさひ流、街の歩き方
芹沢あさひ\【さかさま世界】芹沢あさひ\あさひ流、街の歩き方.csv,40,2017003010160,あさひ,"はいっす！
ふたりで探せば、きっと見つかるっすよね！","好！
两个人一起找的话，一定会找到的！",芹沢あさひ,【さかさま世界】芹沢あさひ,あさひ流、街の歩き方
芹沢あさひ\【さかさま世界】芹沢あさひ\あさひ流、街の歩き方.csv,42,2017003010170,あさひ,何かあったんすかね？,是什么吸引了他们呀？,芹沢あさひ,【さかさま世界】芹沢あさひ,あさひ流、街の歩き方
芹沢あさひ\【さかさま世界】芹沢あさひ\あさひ流、街の歩き方.csv,45,2017003010180,あさひ,それも面白そうっすね……,那好像也挺有趣的诶……,芹沢あさひ,【さかさま世界】芹沢あさひ,あさひ流、街の歩き方
芹沢あさひ\【さかさま世界】芹沢あさひ\あさひ流、街の歩き方.csv,46,2017003010190,あさひ,うーん……,唔……,芹沢あさひ,【さかさま世界】芹沢あさひ,あさひ流、街の歩き方
芹沢あさひ\【さかさま世界】芹沢あさひ\あさひ流、街の歩き方.csv,47,2017003010200,あさひ,やっぱり、わたしはマジシャンを探すっす！,果然我还是想去找魔术师啊！,芹沢あさひ,【さかさま世界】芹沢あさひ,あさひ流、街の歩き方
芹沢あさひ\【さかさま世界】芹沢あさひ\あさひ流、街の歩き方.csv,49,2017003010210,あさひ,はいっす！　それじゃ、わたしは行くっすね！,没错！　那我就走啦！,芹沢あさひ,【さかさま世界】芹沢あさひ,あさひ流、街の歩き方
芹沢あさひ\【さかさま世界】芹沢あさひ\あさひ流、街の歩き方.csv,50,2017003010220,あさひ,？　事務所に何かあるんすか？,？　事务所那里有什么特别的吗？,芹沢あさひ,【さかさま世界】芹沢あさひ,あさひ流、街の歩き方
芹沢あさひ\【さかさま世界】芹沢あさひ\あさひ流、街の歩き方.csv,53,2017003010230,あさひ,うーん……なるほど……,嗯……原来如此……,芹沢あさひ,【さかさま世界】芹沢あさひ,あさひ流、街の歩き方
芹沢あさひ\【さかさま世界】芹沢あさひ\あさひ流、街の歩き方.csv,54,2017003010240,あさひ,じゃあ、そういうことにしておくっす,那就按您说的吧,芹沢あさひ,【さかさま世界】芹沢あさひ,あさひ流、街の歩き方
芹沢あさひ\【さかさま世界】芹沢あさひ\あなたにはどう見えた？.csv,6,2017003020020,あさひ,あっはは！,啊哈哈！,芹沢あさひ,【さかさま世界】芹沢あさひ,あなたにはどう見えた？
芹沢あさひ\【さかさま世界】芹沢あさひ\あなたにはどう見えた？.csv,8,2017003020030,あさひ,驚いてるっすね～、プロデューサーさん,吓到您了吧～制作人,芹沢あさひ,【さかさま世界】芹沢あさひ,あなたにはどう見えた？
芹沢あさひ\【さかさま世界】芹沢あさひ\あなたにはどう見えた？.csv,10,2017003020040,あさひ,さっきのプロデューサーさんの顔、面白かったっす！,制作人您刚刚的表情，好有趣啊！,芹沢あさひ,【さかさま世界】芹沢あさひ,あなたにはどう見えた？
芹沢あさひ\【さかさま世界】芹沢あさひ\あなたにはどう見えた？.csv,12,2017003020050,あさひ,あはは,啊哈哈,芹沢あさひ,【さかさま世界】芹沢あさひ,あなたにはどう見えた？
芹沢あさひ\【さかさま世界】芹沢あさひ\あなたにはどう見えた？.csv,14,2017003020060,あさひ,早く出てきちゃったっす！,就是想快点出门啊！,芹沢あさひ,【さかさま世界】芹沢あさひ,あなたにはどう見えた？
芹沢あさひ\【さかさま世界】芹沢あさひ\あなたにはどう見えた？.csv,16,2017003020070,あさひ,"家でじっとしてても
面白いことは起きないっすから！","就算呆在家里
也不会发生有趣的事情嘛！",芹沢あさひ,【さかさま世界】芹沢あさひ,あなたにはどう見えた？
芹沢あさひ\【さかさま世界】芹沢あさひ\あなたにはどう見えた？.csv,18,2017003020080,あさひ,……そっすかねぇ？,……是这样吗？,芹沢あさひ,【さかさま世界】芹沢あさひ,あなたにはどう見えた？
芹沢あさひ\【さかさま世界】芹沢あさひ\あなたにはどう見えた？.csv,20,2017003020090,あさひ,プロデューサーさんはゆっくりするのが好きなんすね,那制作人您比较喜欢慢悠悠的咯,芹沢あさひ,【さかさま世界】芹沢あさひ,あなたにはどう見えた？
芹沢あさひ\【さかさま世界】芹沢あさひ\あなたにはどう見えた？.csv,23,2017003020100,あさひ,はいっす！,嗯！,芹沢あさひ,【さかさま世界】芹沢あさひ,あなたにはどう見えた？
芹沢あさひ\【さかさま世界】芹沢あさひ\あなたにはどう見えた？.csv,24,2017003020101,あさひ＆プロデューサー,……,……,芹沢あさひ,【さかさま世界】芹沢あさひ,あなたにはどう見えた？
芹沢あさひ\【さかさま世界】芹沢あさひ\あなたにはどう見えた？.csv,25,2017003020110,あさひ,あっ！　あれ！,啊！　那个！,芹沢あさひ,【さかさま世界】芹沢あさひ,あなたにはどう見えた？
芹沢あさひ\【さかさま世界】芹沢あさひ\あなたにはどう見えた？.csv,27,2017003020120,あさひ,"あの雲！　なんかに似てると思わないっすか？
うーん……なんだろう……","那一片云！　您觉得不觉得很像什么东西啊？
唔……像什么呢……",芹沢あさひ,【さかさま世界】芹沢あさひ,あなたにはどう見えた？
芹沢あさひ\【さかさま世界】芹沢あさひ\あなたにはどう見えた？.csv,30,2017003020130,あさひ,"そんなことないっすよ～！
……角度とかの問題っすかね～","才没这回事啦～！
……是角度之类的问题吗～",芹沢あさひ,【さかさま世界】芹沢あさひ,あなたにはどう見えた？
芹沢あさひ\【さかさま世界】芹沢あさひ\あなたにはどう見えた？.csv,31,2017003020140,あさひ,"よいしょっと……うーん……
ちょっと動いたくらいじゃダメか……","嘿……嗯……
只是稍微动一下还是看不出来吗……",芹沢あさひ,【さかさま世界】芹沢あさひ,あなたにはどう見えた？
芹沢あさひ\【さかさま世界】芹沢あさひ\あなたにはどう見えた？.csv,32,2017003020150,あさひ,……！　あ！　そうだ！　それっ！,……！　啊！　对了！　嘿！,芹沢あさひ,【さかさま世界】芹沢あさひ,あなたにはどう見えた？
芹沢あさひ\【さかさま世界】芹沢あさひ\あなたにはどう見えた？.csv,34,2017003020160,あさひ,──やっぱり逆さまになってもわかんない──,──果然就算倒过来看也看不出来啊──,芹沢あさひ,【さかさま世界】芹沢あさひ,あなたにはどう見えた？
芹沢あさひ\【さかさま世界】芹沢あさひ\あなたにはどう見えた？.csv,35,2017003020170,あさひ,"──ん？
……あ！　もしかしたら……もう少しでわかりそう！","──嗯？
……啊！　难道说……好像还差一点就能看出来了！",芹沢あさひ,【さかさま世界】芹沢あさひ,あなたにはどう見えた？
芹沢あさひ\【さかさま世界】芹沢あさひ\あなたにはどう見えた？.csv,37,2017003020180,あさひ,ほら、プロデューサーさんも！　一緒にやるっす！,哎呀，制作人您也！　跟我一起来！,芹沢あさひ,【さかさま世界】芹沢あさひ,あなたにはどう見えた？
芹沢あさひ\【さかさま世界】芹沢あさひ\あなたにはどう見えた？.csv,42,2017003020190,あさひ,"えぇ～？　わたしはもう少しで……
……あ！","诶～？　我还差一点就……
……啊！",芹沢あさひ,【さかさま世界】芹沢あさひ,あなたにはどう見えた？
芹沢あさひ\【さかさま世界】芹沢あさひ\あなたにはどう見えた？.csv,43,2017003020200,あさひ,プロデューサーさんが仕事してる時の横顔っす！,这是制作人工作的时候的侧脸啊！,芹沢あさひ,【さかさま世界】芹沢あさひ,あなたにはどう見えた？
芹沢あさひ\【さかさま世界】芹沢あさひ\あなたにはどう見えた？.csv,46,2017003020210,あさひ,えー、なんでわかんないんすか？,诶，为什么搞不懂啊？,芹沢あさひ,【さかさま世界】芹沢あさひ,あなたにはどう見えた？
芹沢あさひ\【さかさま世界】芹沢あさひ\あなたにはどう見えた？.csv,48,2017003020220,あさひ,"そっすよね！
わかってもらえそうで嬉しいっす！","对吧！
您能明白真是开心！",芹沢あさひ,【さかさま世界】芹沢あさひ,あなたにはどう見えた？
芹沢あさひ\【さかさま世界】芹沢あさひ\そこにいてくれるからこそ.csv,2,2017003110010,あさひ,はっ……ほっ……,哈……嚯……,芹沢あさひ,【さかさま世界】芹沢あさひ,そこにいてくれるからこそ
芹沢あさひ\【さかさま世界】芹沢あさひ\そこにいてくれるからこそ.csv,4,2017003110020,あさひ,ふーっ……,呼……,芹沢あさひ,【さかさま世界】芹沢あさひ,そこにいてくれるからこそ
芹沢あさひ\【さかさま世界】芹沢あさひ\そこにいてくれるからこそ.csv,5,2017003110030,あさひ,プロデューサーさん、おはよっす,早上好，制作人,芹沢あさひ,【さかさま世界】芹沢あさひ,そこにいてくれるからこそ
芹沢あさひ\【さかさま世界】芹沢あさひ\そこにいてくれるからこそ.csv,7,2017003110040,あさひ,"そりゃそっすよ！　だって、プロデューサーさんに
レッスン、見てもらえるんすから！","那当然啊！　因为制作人
您来看我练习啊！",芹沢あさひ,【さかさま世界】芹沢あさひ,そこにいてくれるからこそ
芹沢あさひ\【さかさま世界】芹沢あさひ\そこにいてくれるからこそ.csv,9,2017003110050,あさひ,──今日は違うんす……！,──今天不一样啦……！,芹沢あさひ,【さかさま世界】芹沢あさひ,そこにいてくれるからこそ
芹沢あさひ\【さかさま世界】芹沢あさひ\そこにいてくれるからこそ.csv,11,2017003110060,あさひ,"プロデューサーさん、今日はただ……
見ててくれるだけでいいんす……","制作人您今天只需要……
看着就好了……",芹沢あさひ,【さかさま世界】芹沢あさひ,そこにいてくれるからこそ
芹沢あさひ\【さかさま世界】芹沢あさひ\そこにいてくれるからこそ.csv,12,2017003110070,あさひ,行くっすよ！,开始咯！,芹沢あさひ,【さかさま世界】芹沢あさひ,そこにいてくれるからこそ
芹沢あさひ\【さかさま世界】芹沢あさひ\そこにいてくれるからこそ.csv,13,2017003110080,あさひ,すーっ……,呼……,芹沢あさひ,【さかさま世界】芹沢あさひ,そこにいてくれるからこそ
芹沢あさひ\【さかさま世界】芹沢あさひ\そこにいてくれるからこそ.csv,14,2017003110090,あさひ,！,！,芹沢あさひ,【さかさま世界】芹沢あさひ,そこにいてくれるからこそ
芹沢あさひ\【さかさま世界】芹沢あさひ\そこにいてくれるからこそ.csv,15,2017003110100,あさひ,はーっ……プロデューサーさん、どうだったっすか？,哈……制作人，您觉得怎么样？,芹沢あさひ,【さかさま世界】芹沢あさひ,そこにいてくれるからこそ
芹沢あさひ\【さかさま世界】芹沢あさひ\そこにいてくれるからこそ.csv,17,2017003110110,あさひ,……,……,芹沢あさひ,【さかさま世界】芹沢あさひ,そこにいてくれるからこそ
芹沢あさひ\【さかさま世界】芹沢あさひ\そこにいてくれるからこそ.csv,18,2017003110120,あさひ,ありがとっす……,谢谢……,芹沢あさひ,【さかさま世界】芹沢あさひ,そこにいてくれるからこそ
芹沢あさひ\【さかさま世界】芹沢あさひ\そこにいてくれるからこそ.csv,19,2017003110130,あさひ,でも……他に──,但是……别的──,芹沢あさひ,【さかさま世界】芹沢あさひ,そこにいてくれるからこそ
芹沢あさひ\【さかさま世界】芹沢あさひ\そこにいてくれるからこそ.csv,21,2017003110140,あさひ,！,！,芹沢あさひ,【さかさま世界】芹沢あさひ,そこにいてくれるからこそ
芹沢あさひ\【さかさま世界】芹沢あさひ\そこにいてくれるからこそ.csv,24,2017003110150,あさひ,……,……,芹沢あさひ,【さかさま世界】芹沢あさひ,そこにいてくれるからこそ
芹沢あさひ\【さかさま世界】芹沢あさひ\そこにいてくれるからこそ.csv,26,2017003110160,あさひ,あっ……えっと……,啊……那个……,芹沢あさひ,【さかさま世界】芹沢あさひ,そこにいてくれるからこそ
芹沢あさひ\【さかさま世界】芹沢あさひ\そこにいてくれるからこそ.csv,27,2017003110170,あさひ,"驚いてたんすよ……嬉しくて……
わたしが本当に言ってほしいこと、言ってくれたっすから","吓了我一跳……太高兴了……
因为您说出了我真正想听到的话",芹沢あさひ,【さかさま世界】芹沢あさひ,そこにいてくれるからこそ
芹沢あさひ\【さかさま世界】芹沢あさひ\そこにいてくれるからこそ.csv,28,2017003110180,あさひ,"プロデューサーさんって
やっぱりすごいっすね","制作人您
果然很厉害啊",芹沢あさひ,【さかさま世界】芹沢あさひ,そこにいてくれるからこそ
芹沢あさひ\【さかさま世界】芹沢あさひ\そこにいてくれるからこそ.csv,29,2017003110190,あさひ,"わたしのこと
わたし以上にわかってるみたいに感じるっす","感觉好像您比我自己
还要了解我",芹沢あさひ,【さかさま世界】芹沢あさひ,そこにいてくれるからこそ
芹沢あさひ\【さかさま世界】芹沢あさひ\そこにいてくれるからこそ.csv,32,2017003110200,あさひ,いつも……見てれば……,一直……注视着……,芹沢あさひ,【さかさま世界】芹沢あさひ,そこにいてくれるからこそ
芹沢あさひ\【さかさま世界】芹沢あさひ\そこにいてくれるからこそ.csv,33,2017003110210,あさひ,そっか……そうなんだ……,是吗……这样啊……,芹沢あさひ,【さかさま世界】芹沢あさひ,そこにいてくれるからこそ
芹沢あさひ\【さかさま世界】芹沢あさひ\そこにいてくれるからこそ.csv,35,2017003110220,あさひ,"この……この気持ちで踊ったらどうなるんだろう
わからないけど……なんか……なんか……","要是……要是用现在的心情来跳舞的话会怎么样呢
虽然不太清楚……总觉得……总觉得",芹沢あさひ,【さかさま世界】芹沢あさひ,そこにいてくれるからこそ
芹沢あさひ\【さかさま世界】芹沢あさひ\そこにいてくれるからこそ.csv,36,2017003110230,あさひ,きっとまた、わたしが変わる──,我一定，又将改变──,芹沢あさひ,【さかさま世界】芹沢あさひ,そこにいてくれるからこそ
芹沢あさひ\【さかさま世界】芹沢あさひ\そこにいてくれるからこそ.csv,37,2017003110240,あさひ,──プロデューサーさん！,──制作人！,芹沢あさひ,【さかさま世界】芹沢あさひ,そこにいてくれるからこそ
芹沢あさひ\【さかさま世界】芹沢あさひ\そこにいてくれるからこそ.csv,39,2017003110250,あさひ,はいっす！,嗯！,芹沢あさひ,【さかさま世界】芹沢あさひ,そこにいてくれるからこそ
芹沢あさひ\【さよならカイト】芹沢あさひ\もう一度、君に.csv,3,2017017110010,あさひ,よろしくお願いします,请多指教,芹沢あさひ,【さよならカイト】芹沢あさひ,もう一度、君に
芹沢あさひ\【さよならカイト】芹沢あさひ\もう一度、君に.csv,6,2017017110020,あさひ,"そうなんだ……
長いこと活動してなかったのに……","是吗……
明明我很久没活动了……",芹沢あさひ,【さよならカイト】芹沢あさひ,もう一度、君に
芹沢あさひ\【さよならカイト】芹沢あさひ\もう一度、君に.csv,8,2017017110030,あさひ,"…………ありがとう
わたしもみんなに負けないよう頑張る","…………谢谢
我也会努力不输给大家的",芹沢あさひ,【さよならカイト】芹沢あさひ,もう一度、君に
芹沢あさひ\【さよならカイト】芹沢あさひ\もう一度、君に.csv,10,2017017110040,あさひ,"……プロデューサーさん、大変だったでしょ
新曲とか、特番とか……こんなに段取りするの","……制作人，辛苦了吧
新曲啊，特别节目啊……这么多事情要安排",芹沢あさひ,【さよならカイト】芹沢あさひ,もう一度、君に
芹沢あさひ\【さよならカイト】芹沢あさひ\もう一度、君に.csv,13,2017017110050,あさひ,………………,………………,芹沢あさひ,【さよならカイト】芹沢あさひ,もう一度、君に
芹沢あさひ\【さよならカイト】芹沢あさひ\もう一度、君に.csv,14,2017017110060,あさひ,あっ──────……,啊──────……,芹沢あさひ,【さよならカイト】芹沢あさひ,もう一度、君に
芹沢あさひ\【さよならカイト】芹沢あさひ\もう一度、君に.csv,15,2017017110070,あさひ,"プロデューサーさん……！
川のほう、何かしてる……！","制作人……！
河边有人在做什么……！",芹沢あさひ,【さよならカイト】芹沢あさひ,もう一度、君に
芹沢あさひ\【さよならカイト】芹沢あさひ\もう一度、君に.csv,17,2017017110080,あさひ,"────やっぱり、カイトだ
でも、大人ばっかり……","────果然是风筝
不过都是大人在玩呢……",芹沢あさひ,【さよならカイト】芹沢あさひ,もう一度、君に
芹沢あさひ\【さよならカイト】芹沢あさひ\もう一度、君に.csv,18,2017017110090,あさひ,"わっ……
すごい、カイトってあんな動きできるの","哇……
风筝能做出这种动作吗",芹沢あさひ,【さよならカイト】芹沢あさひ,もう一度、君に
芹沢あさひ\【さよならカイト】芹沢あさひ\もう一度、君に.csv,20,2017017110100,あさひ,────頼んでみたい,……试着问问吧,芹沢あさひ,【さよならカイト】芹沢あさひ,もう一度、君に
芹沢あさひ\【さよならカイト】芹沢あさひ\もう一度、君に.csv,22,2017017110110,あさひ,ひとつ貸してくれたよ！,我借到一个！,芹沢あさひ,【さよならカイト】芹沢あさひ,もう一度、君に
芹沢あさひ\【さよならカイト】芹沢あさひ\もう一度、君に.csv,23,2017017110120,あさひ,"──なんかね、大学のゼミで研究してるんだって
面白そうなことしてるね","──他们说是在大学的研究会上研究这个的
在做很有意思的事情呢",芹沢あさひ,【さよならカイト】芹沢あさひ,もう一度、君に
芹沢あさひ\【さよならカイト】芹沢あさひ\もう一度、君に.csv,25,2017017110130,あさひ,"……みたい
びっくりしてたけど、おかげで借りられた","……好像是
虽然吓一跳，但多亏了这样才借到的",芹沢あさひ,【さよならカイト】芹沢あさひ,もう一度、君に
芹沢あさひ\【さよならカイト】芹沢あさひ\もう一度、君に.csv,26,2017017110140,あさひ,"やっほー
ありがとー！　飛ばせるよう頑張るー","呀吼ー
谢谢ー！　我会努力让它飞起来的ー",芹沢あさひ,【さよならカイト】芹沢あさひ,もう一度、君に
芹沢あさひ\【さよならカイト】芹沢あさひ\もう一度、君に.csv,27,2017017110150,あさひ,"じゃ、やってみる！
いくぞー","那么，我试试看！
上吧ー",芹沢あさひ,【さよならカイト】芹沢あさひ,もう一度、君に
芹沢あさひ\【さよならカイト】芹沢あさひ\もう一度、君に.csv,28,2017017110160,あさひ,"あれっ、飛ばない……！
もう一回……！","诶，飞不起来……！
再来一次……！",芹沢あさひ,【さよならカイト】芹沢あさひ,もう一度、君に
芹沢あさひ\【さよならカイト】芹沢あさひ\もう一度、君に.csv,29,2017017110170,あさひ,"むー……
なんでプロデューサーさんはできるのー","唔……
为什么制作人就能做到呢",芹沢あさひ,【さよならカイト】芹沢あさひ,もう一度、君に
芹沢あさひ\【さよならカイト】芹沢あさひ\もう一度、君に.csv,32,2017017110180,あさひ,うん……！,嗯……！,芹沢あさひ,【さよならカイト】芹沢あさひ,もう一度、君に
芹沢あさひ\【さよならカイト】芹沢あさひ\もう一度、君に.csv,33,2017017110190,あさひ,"わあっ……！
引っ張られるー！","哇……！
被拉着跑了ー！",芹沢あさひ,【さよならカイト】芹沢あさひ,もう一度、君に
芹沢あさひ\【さよならカイト】芹沢あさひ\もう一度、君に.csv,34,2017017110200,あさひ,おっとと……！,哦哦……！,芹沢あさひ,【さよならカイト】芹沢あさひ,もう一度、君に
芹沢あさひ\【さよならカイト】芹沢あさひ\もう一度、君に.csv,35,2017017110210,あさひ,あはは……まだみんな見てる,啊哈哈……大家还在看呢,芹沢あさひ,【さよならカイト】芹沢あさひ,もう一度、君に
芹沢あさひ\【さよならカイト】芹沢あさひ\もう一度、君に.csv,36,2017017110220,あさひ,"──────あの人たちもね、見たいんだって
ストレイライト","──────那些人也说想看呢
想看Straylight",芹沢あさひ,【さよならカイト】芹沢あさひ,もう一度、君に
芹沢あさひ\【さよならカイト】芹沢あさひ\もう一度、君に.csv,37,2017017110230,あさひ,"会う人みんな、見たいんだって言う
ストレイライトが","遇到的每个人都说想看
Straylight",芹沢あさひ,【さよならカイト】芹沢あさひ,もう一度、君に
芹沢あさひ\【さよならカイト】芹沢あさひ\もう一度、君に.csv,38,2017017110240,あさひ,プロデューサーさんも、見たい？,制作人先生也、想看吗？,芹沢あさひ,【さよならカイト】芹沢あさひ,もう一度、君に
芹沢あさひ\【さよならカイト】芹沢あさひ\もう一度、君に.csv,41,2017017110250,あさひ,……そっか,……是吗,芹沢あさひ,【さよならカイト】芹沢あさひ,もう一度、君に
芹沢あさひ\【さよならカイト】芹沢あさひ\もう一度、君に.csv,43,2017017110260,あさひ,えっ────余計難しそう,诶────感觉更难了,芹沢あさひ,【さよならカイト】芹沢あさひ,もう一度、君に
芹沢あさひ\【さよならカイト】芹沢あさひ\もう一度、君に.csv,45,2017017110270,あさひ,"あ……あははっ
すごい、意外といける！","啊……啊哈哈
哇，意外地还行！",芹沢あさひ,【さよならカイト】芹沢あさひ,もう一度、君に
芹沢あさひ\【さよならカイト】芹沢あさひ\もう一度、君に.csv,48,2017017110280,あさひ,………………,………………,芹沢あさひ,【さよならカイト】芹沢あさひ,もう一度、君に
芹沢あさひ\【さよならカイト】芹沢あさひ\もう一度、君に.csv,50,2017017110290,あさひ,"なんか、今…………
『帰ってきた』って感じがする","怎么说呢，现在…………
有种『回来了』的感觉",芹沢あさひ,【さよならカイト】芹沢あさひ,もう一度、君に
芹沢あさひ\【さよならカイト】芹沢あさひ\もう一度、君に.csv,51,2017017110300,あさひ,わたし、帰ってきたんだね,我回来了呢,芹沢あさひ,【さよならカイト】芹沢あさひ,もう一度、君に
芹沢あさひ\【さよならカイト】芹沢あさひ\もう一度、君に.csv,53,2017017110310,あさひ,"────大学とか、行ってみようかな
楽しそう","────我在想要不要去上大学
好像很有趣",芹沢あさひ,【さよならカイト】芹沢あさひ,もう一度、君に
芹沢あさひ\【さよならカイト】芹沢あさひ\もう一度、君に.csv,56,2017017110320,あさひ,────このハンドルは、プロデューサーさんが持ってて,────这个把手就交给制作人握着吧,芹沢あさひ,【さよならカイト】芹沢あさひ,もう一度、君に
芹沢あさひ\【さよならカイト】芹沢あさひ\もう一度、君に.csv,57,2017017110330,あさひ,そのほうが、自由に飛べるみたい,这样的话，好像能飞得更自由,芹沢あさひ,【さよならカイト】芹沢あさひ,もう一度、君に
芹沢あさひ\【さよならカイト】芹沢あさひ\空中旋回.csv,2,2017017020010,あさひ,"ふうっ……いいね、この歌
歌いやすいし、楽しい",呼……真不错、这首歌。又容易唱又有趣,芹沢あさひ,【さよならカイト】芹沢あさひ,空中旋回
芹沢あさひ\【さよならカイト】芹沢あさひ\空中旋回.csv,5,2017017020020,あさひ,"『あははっ
すごいしか言ってない』","『啊哈哈
你一直在说“厉害”呢』",芹沢あさひ,【さよならカイト】芹沢あさひ,空中旋回
芹沢あさひ\【さよならカイト】芹沢あさひ\空中旋回.csv,8,2017017020030,あさひ,『…………新曲もこんな感じで行くの？』,『…………新歌也会是这种风格吗？』,芹沢あさひ,【さよならカイト】芹沢あさひ,空中旋回
芹沢あさひ\【さよならカイト】芹沢あさひ\空中旋回.csv,11,2017017020040,あさひ,"────知らない人ばっかり
世間が変わるのは早いね","────全都是陌生人
世界变化真快啊",芹沢あさひ,【さよならカイト】芹沢あさひ,空中旋回
芹沢あさひ\【さよならカイト】芹沢あさひ\空中旋回.csv,13,2017017020050,あさひ,──他にできること、ないしね,──也没有其他能做的事了呢,芹沢あさひ,【さよならカイト】芹沢あさひ,空中旋回
芹沢あさひ\【さよならカイト】芹沢あさひ\空中旋回.csv,16,2017017020060,あさひ,アイドル……か,偶像……吗,芹沢あさひ,【さよならカイト】芹沢あさひ,空中旋回
芹沢あさひ\【さよならカイト】芹沢あさひ\空中旋回.csv,18,2017017020070,あさひ,あ,啊,芹沢あさひ,【さよならカイト】芹沢あさひ,空中旋回
芹沢あさひ\【さよならカイト】芹沢あさひ\空中旋回.csv,20,2017017020080,あさひ,『ストレイライト』の二番煎じだって,他们说这只是在模仿Straylight。,芹沢あさひ,【さよならカイト】芹沢あさひ,空中旋回
芹沢あさひ\【さよならカイト】芹沢あさひ\空中旋回.csv,22,2017017020090,あさひ,"似てないよ、全然
そんなふうに言われるの、この人たちだって嫌だと思う","一点都不像，完全不像
我觉得他们被这样说肯定也不高兴",芹沢あさひ,【さよならカイト】芹沢あさひ,空中旋回
芹沢あさひ\【さよならカイト】芹沢あさひ\空中旋回.csv,25,2017017020100,あさひ,"────わたし、海外楽しかったよ
自分でも、こんなに身軽でいられるのかってびっくりした","────我在国外过得很开心
连我自己也很惊讶，原来我可以这么轻松自在",芹沢あさひ,【さよならカイト】芹沢あさひ,空中旋回
芹沢あさひ\【さよならカイト】芹沢あさひ\空中旋回.csv,26,2017017020110,あさひ,"…………でもね、帰ってきたよ
ここに","…………但是，我回来了
回到这里",芹沢あさひ,【さよならカイト】芹沢あさひ,空中旋回
芹沢あさひ\【さよならカイト】芹沢あさひ\空中旋回.csv,27,2017017020120,あさひ,"なんでかな
ストレイライトもいないのにね","为什么呢
明明Straylight也不在了",芹沢あさひ,【さよならカイト】芹沢あさひ,空中旋回
芹沢あさひ\【さよならカイト】芹沢あさひ\空中旋回.csv,29,2017017020130,あさひ,"……あ
何か、空を飛んでた","……啊
有什么在天上飞",芹沢あさひ,【さよならカイト】芹沢あさひ,空中旋回
芹沢あさひ\【さよならカイト】芹沢あさひ\空中旋回.csv,31,2017017020140,あさひ,"ううん、たぶんカイト
誰かが揚げてるんだと思う","不是，大概是风筝
好像是有人在放风筝",芹沢あさひ,【さよならカイト】芹沢あさひ,空中旋回
芹沢あさひ\【さよならカイト】芹沢あさひ\空中旋回.csv,33,2017017020150,あさひ,"…………うん
でも、飲み物残ってるし、話も終わってないから後でいい","…………嗯
但是饮料还没喝完，而且话也没说完，等会再去吧",芹沢あさひ,【さよならカイト】芹沢あさひ,空中旋回
芹沢あさひ\【さよならカイト】芹沢あさひ\空中旋回.csv,35,2017017020160,あさひ,────カイト、いないね,────风筝不见了呢,芹沢あさひ,【さよならカイト】芹沢あさひ,空中旋回
芹沢あさひ\【さよならカイト】芹沢あさひ\空中旋回.csv,37,2017017020170,あさひ,"──それとも、見間違いで
カイトなんてはじめからなかったのかも","──也可能是看错了
从一开始就没有风筝",芹沢あさひ,【さよならカイト】芹沢あさひ,空中旋回
芹沢あさひ\【さよならカイト】芹沢あさひ\空中旋回.csv,43,2017017020180,あさひ,────ここで？,────在这里吗？,芹沢あさひ,【さよならカイト】芹沢あさひ,空中旋回
芹沢あさひ\【さよならカイト】芹沢あさひ\空中旋回.csv,45,2017017020190,あさひ,"あははっ、いいね
基地","啊哈哈，真不错
基地",芹沢あさひ,【さよならカイト】芹沢あさひ,空中旋回
芹沢あさひ\【さよならカイト】芹沢あさひ\空中旋回.csv,46,2017017020200,あさひ,よさそうな流木もあるし,这里还有不错的浮木呢,芹沢あさひ,【さよならカイト】芹沢あさひ,空中旋回
芹沢あさひ\【さよならカイト】芹沢あさひ\空中旋回.csv,48,2017017020210,あさひ,"戦うの？　プロデューサーさん
じゃあ、わたしは石でも────","要战斗吗？
那我就用石头────",芹沢あさひ,【さよならカイト】芹沢あさひ,空中旋回
芹沢あさひ\【さよならカイト】芹沢あさひ\空中旋回.csv,49,2017017020220,あさひ,──────あ,──────啊,芹沢あさひ,【さよならカイト】芹沢あさひ,空中旋回
芹沢あさひ\【さよならカイト】芹沢あさひ\空中旋回.csv,50,2017017020230,あさひ,プロデューサーさん、綺麗な石発見！,制作人，发现漂亮的石头！,芹沢あさひ,【さよならカイト】芹沢あさひ,空中旋回
芹沢あさひ\【さよならカイト】芹沢あさひ\空中旋回.csv,52,2017017020240,あさひ,……これは、投げずにとっておこう,……这块就不扔了，留着吧,芹沢あさひ,【さよならカイト】芹沢あさひ,空中旋回
芹沢あさひ\【さよならカイト】芹沢あさひ\空中旋回.csv,53,2017017020250,あさひ,"いいの？　プロデューサーさん
スーツ、砂まみれになっちゃう","可以吗？
西装会沾上沙子的",芹沢あさひ,【さよならカイト】芹沢あさひ,空中旋回
芹沢あさひ\【さよならカイト】芹沢あさひ\空中旋回.csv,55,2017017020260,あさひ,"ふふっ……ほんっと、変わらないなぁ
プロデューサーさん","呼呼……真是，一点都没变呢
制作人",芹沢あさひ,【さよならカイト】芹沢あさひ,空中旋回
芹沢あさひ\【さよならカイト】芹沢あさひ\空中旋回.csv,56,2017017020270,あさひ,────カイトはないから、声出そうか,────既然没有风筝，那要不要大声喊一声,芹沢あさひ,【さよならカイト】芹沢あさひ,空中旋回
芹沢あさひ\【さよならカイト】芹沢あさひ\空中旋回.csv,57,2017017020280,あさひ,"海の向こうまで届くような
────……","要喊到能传到海的另一边那么远的地方
────……",芹沢あさひ,【さよならカイト】芹沢あさひ,空中旋回
芹沢あさひ\【さよならカイト】芹沢あさひ\空中旋回.csv,58,2017017020290,あさひ,あーー,啊ーー,芹沢あさひ,【さよならカイト】芹沢あさひ,空中旋回
芹沢あさひ\【さよならカイト】芹沢あさひ\空中旋回.csv,59,2017017020300,あさひ,ほら、プロデューサーさんも一緒に,来，制作人也一起,芹沢あさひ,【さよならカイト】芹沢あさひ,空中旋回
芹沢あさひ\【さよならカイト】芹沢あさひ\空中旋回.csv,61,2017017020301,あさひ＆プロデューサー,あーーーーー──────,啊ーーーーー────,芹沢あさひ,【さよならカイト】芹沢あさひ,空中旋回
芹沢あさひ\【さよならカイト】芹沢あさひ\空中旋回.csv,63,2017017020310,あさひ,……飲み物、残ってたら？,……如果饮料还没喝完呢？,芹沢あさひ,【さよならカイト】芹沢あさひ,空中旋回
芹沢あさひ\【さよならカイト】芹沢あさひ\空中旋回.csv,65,2017017020320,あさひ,"あははっ、そっか
今度は、そうする","啊哈哈，是呢
下次就这么做",芹沢あさひ,【さよならカイト】芹沢あさひ,空中旋回
芹沢あさひ\【さよならカイト】芹沢あさひ\空中旋回.csv,68,2017017020330,あさひ,"船……いいね、船
大きいのじゃなくて、小さいのがいい","船……真不错，船
不要大的，小船比较好",芹沢あさひ,【さよならカイト】芹沢あさひ,空中旋回
芹沢あさひ\【さよならカイト】芹沢あさひ\空中旋回.csv,70,2017017020340,あさひ,波の揺れを感じられるほうが、楽しいよ,能感受到波浪的摇晃才更有趣呢,芹沢あさひ,【さよならカイト】芹沢あさひ,空中旋回
芹沢あさひ\【さよならカイト】芹沢あさひ\空中旋回.csv,71,2017017020350,あさひ,──ついて来てくれる？,──你会跟我一起来吗？,芹沢あさひ,【さよならカイト】芹沢あさひ,空中旋回
芹沢あさひ\【さよならカイト】芹沢あさひ\遠く、遠くから.csv,2,2017017010010,あさひ,──────あ,──────啊,芹沢あさひ,【さよならカイト】芹沢あさひ,遠く、遠くから
芹沢あさひ\【さよならカイト】芹沢あさひ\遠く、遠くから.csv,3,2017017010020,あさひ,カイト──────,风筝──────,芹沢あさひ,【さよならカイト】芹沢あさひ,遠く、遠くから
芹沢あさひ\【さよならカイト】芹沢あさひ\遠く、遠くから.csv,18,2017017010030,あさひ,プロデューサーさん！,制作人！,芹沢あさひ,【さよならカイト】芹沢あさひ,遠く、遠くから
芹沢あさひ\【さよならカイト】芹沢あさひ\遠く、遠くから.csv,20,2017017010040,あさひ,よくここがわかったね？,你怎么知道是这里的？,芹沢あさひ,【さよならカイト】芹沢あさひ,遠く、遠くから
芹沢あさひ\【さよならカイト】芹沢あさひ\遠く、遠くから.csv,22,2017017010050,あさひ,…………プロデューサーさん、変わってない,…………制作人，你还是一点都没变,芹沢あさひ,【さよならカイト】芹沢あさひ,遠く、遠くから
芹沢あさひ\【さよならカイト】芹沢あさひ\遠く、遠くから.csv,26,2017017010060,あさひ,"あははっ、ケガして休んだら
一気にぐーんって伸びちゃって","啊哈哈，受伤了休息一下
一下子蹭蹭长高了",芹沢あさひ,【さよならカイト】芹沢あさひ,遠く、遠くから
芹沢あさひ\【さよならカイト】芹沢あさひ\遠く、遠くから.csv,27,2017017010070,あさひ,それより、プロデューサーさん……！,比起这个，制作人……！,芹沢あさひ,【さよならカイト】芹沢あさひ,遠く、遠くから
芹沢あさひ\【さよならカイト】芹沢あさひ\遠く、遠くから.csv,29,2017017010080,あさひ,"！
なんでわかるの？","！
你怎么知道？",芹沢あさひ,【さよならカイト】芹沢あさひ,遠く、遠くから
芹沢あさひ\【さよならカイト】芹沢あさひ\遠く、遠くから.csv,31,2017017010090,あさひ,えー？,诶ー？,芹沢あさひ,【さよならカイト】芹沢あさひ,遠く、遠くから
芹沢あさひ\【さよならカイト】芹沢あさひ\遠く、遠くから.csv,34,2017017010100,あさひ,決めること？,决定什么？,芹沢あさひ,【さよならカイト】芹沢あさひ,遠く、遠くから
芹沢あさひ\【さよならカイト】芹沢あさひ\遠く、遠くから.csv,36,2017017010110,あさひ,"まあ、そうだけど……慌てなくてもいーよ
……行こ？","嘛，倒也是……不用着急
……走吗？",芹沢あさひ,【さよならカイト】芹沢あさひ,遠く、遠くから
芹沢あさひ\【さよならカイト】芹沢あさひ\遠く、遠くから.csv,38,2017017010120,あさひ,ん？　できると思うけど,嗯？　我觉得可以啊,芹沢あさひ,【さよならカイト】芹沢あさひ,遠く、遠くから
芹沢あさひ\【さよならカイト】芹沢あさひ\遠く、遠くから.csv,40,2017017010130,あさひ,できる,能的,芹沢あさひ,【さよならカイト】芹沢あさひ,遠く、遠くから
芹沢あさひ\【さよならカイト】芹沢あさひ\遠く、遠くから.csv,41,2017017010140,あさひ,"だって、ずっと外国でひとりでやってこれた
たいていのことはできるよ","因为我一直都是一个人在国外生活的嘛
大部分事情都能做到",芹沢あさひ,【さよならカイト】芹沢あさひ,遠く、遠くから
芹沢あさひ\【さよならカイト】芹沢あさひ\遠く、遠くから.csv,43,2017017010150,あさひ,あれ？　なんでそんな顔するの,诶？　怎么露出这种表情,芹沢あさひ,【さよならカイト】芹沢あさひ,遠く、遠くから
芹沢あさひ\【さよならカイト】芹沢あさひ\遠く、遠くから.csv,45,2017017010160,あさひ,わたし、変なこと言った？,我说了什么奇怪的话吗？,芹沢あさひ,【さよならカイト】芹沢あさひ,遠く、遠くから
芹沢あさひ\【ちぐはぐ姫】芹沢 あさひ\まちがえた？.csv,2,2017015020010,あさひ,…………,…………,芹沢あさひ,【ちぐはぐ姫】芹沢 あさひ,まちがえた？
芹沢あさひ\【ちぐはぐ姫】芹沢 あさひ\まちがえた？.csv,6,2017015020020,あさひ,これかな……？,是这个吗……？,芹沢あさひ,【ちぐはぐ姫】芹沢 あさひ,まちがえた？
芹沢あさひ\【ちぐはぐ姫】芹沢 あさひ\まちがえた？.csv,8,2017015020030,あさひ,……,……,芹沢あさひ,【ちぐはぐ姫】芹沢 あさひ,まちがえた？
芹沢あさひ\【ちぐはぐ姫】芹沢 あさひ\まちがえた？.csv,12,2017015020040,あさひ,はいっす,是的说,芹沢あさひ,【ちぐはぐ姫】芹沢 あさひ,まちがえた？
芹沢あさひ\【ちぐはぐ姫】芹沢 あさひ\まちがえた？.csv,14,2017015020050,あさひ,へえ……そうだったっすか,诶……是这样吗,芹沢あさひ,【ちぐはぐ姫】芹沢 あさひ,まちがえた？
芹沢あさひ\【ちぐはぐ姫】芹沢 あさひ\まちがえた？.csv,16,2017015020060,あさひ,"？
チューリップ……お話に関係あったっすか？","？
郁金香……和那个童话有关系吗？",芹沢あさひ,【ちぐはぐ姫】芹沢 あさひ,まちがえた？
芹沢あさひ\【ちぐはぐ姫】芹沢 あさひ\まちがえた？.csv,18,2017015020070,あさひ,"だったっすかね？
どんな話だったか思い出せないっす","是吗？
我有点记不清详细内容了的说",芹沢あさひ,【ちぐはぐ姫】芹沢 あさひ,まちがえた？
芹沢あさひ\【ちぐはぐ姫】芹沢 あさひ\まちがえた？.csv,21,2017015020080,あさひ,"ガマガエル……ツバメ……
あー……","癞蛤蟆……燕子……
啊……",芹沢あさひ,【ちぐはぐ姫】芹沢 あさひ,まちがえた？
芹沢あさひ\【ちぐはぐ姫】芹沢 あさひ\まちがえた？.csv,22,2017015020090,あさひ,"なんかあったっすね
そんなの",一定是发生了什么吧,芹沢あさひ,【ちぐはぐ姫】芹沢 あさひ,まちがえた？
芹沢あさひ\【ちぐはぐ姫】芹沢 あさひ\まちがえた？.csv,23,2017015020100,あさひ,"なんか、おやゆび姫が
なんでさっさと逃げないんだろうって思ったっす",我在想为什么拇指姑娘不快点逃走呢,芹沢あさひ,【ちぐはぐ姫】芹沢 あさひ,まちがえた？
芹沢あさひ\【ちぐはぐ姫】芹沢 あさひ\まちがえた？.csv,25,2017015020110,あさひ,"うーん……？
なんか面白くなかったっす","嗯……？
感觉好没意思的说",芹沢あさひ,【ちぐはぐ姫】芹沢 あさひ,まちがえた？
芹沢あさひ\【ちぐはぐ姫】芹沢 あさひ\まちがえた？.csv,27,2017015020120,あさひ,わたし、この後おやゆび姫になるっすか？,我一会要演拇指姑娘吗？,芹沢あさひ,【ちぐはぐ姫】芹沢 あさひ,まちがえた？
芹沢あさひ\【ちぐはぐ姫】芹沢 あさひ\まちがえた？.csv,30,2017015020130,あさひ,ふーん……？,唔……？,芹沢あさひ,【ちぐはぐ姫】芹沢 あさひ,まちがえた？
芹沢あさひ\【ちぐはぐ姫】芹沢 あさひ\まちがえた？.csv,36,2017015020140,あさひ,……？,……？,芹沢あさひ,【ちぐはぐ姫】芹沢 あさひ,まちがえた？
芹沢あさひ\【ちぐはぐ姫】芹沢 あさひ\まちがえた？.csv,39,2017015020150,あさひ,…………,…………,芹沢あさひ,【ちぐはぐ姫】芹沢 あさひ,まちがえた？
芹沢あさひ\【ちぐはぐ姫】芹沢 あさひ\まちがえた？.csv,41,2017015020160,あさひ,…………？,…………？,芹沢あさひ,【ちぐはぐ姫】芹沢 あさひ,まちがえた？
芹沢あさひ\【ちぐはぐ姫】芹沢 あさひ\まちがえた？.csv,53,2017015020170,あさひ,"そっすか
よかったっす","是吗
太好了的说",芹沢あさひ,【ちぐはぐ姫】芹沢 あさひ,まちがえた？
芹沢あさひ\【ちぐはぐ姫】芹沢 あさひ\まちがえた？.csv,56,2017015020180,あさひ,──こっちでよかったみたいっすよ？,——好像摄影师更中意这个结果哦？,芹沢あさひ,【ちぐはぐ姫】芹沢 あさひ,まちがえた？
芹沢あさひ\【ちぐはぐ姫】芹沢 あさひ\春、ちらかす.csv,2,2017015110010,あさひ,"……っと
────ふう……","……嘿咻
————呼……",芹沢あさひ,【ちぐはぐ姫】芹沢 あさひ,春、ちらかす
芹沢あさひ\【ちぐはぐ姫】芹沢 あさひ\春、ちらかす.csv,3,2017015110020,あさひ,手、痛いっす……,手好痛的说……,芹沢あさひ,【ちぐはぐ姫】芹沢 あさひ,春、ちらかす
芹沢あさひ\【ちぐはぐ姫】芹沢 あさひ\春、ちらかす.csv,5,2017015110030,あさひ,──あとどのくらい書くのあるっすか？,——还需要签多少本才行呢？,芹沢あさひ,【ちぐはぐ姫】芹沢 あさひ,春、ちらかす
芹沢あさひ\【ちぐはぐ姫】芹沢 あさひ\春、ちらかす.csv,7,2017015110040,あさひ,えー,诶——,芹沢あさひ,【ちぐはぐ姫】芹沢 あさひ,春、ちらかす
芹沢あさひ\【ちぐはぐ姫】芹沢 あさひ\春、ちらかす.csv,8,2017015110050,あさひ,もう無理っす……,我已经签不动了……,芹沢あさひ,【ちぐはぐ姫】芹沢 あさひ,春、ちらかす
芹沢あさひ\【ちぐはぐ姫】芹沢 あさひ\春、ちらかす.csv,9,2017015110060,あさひ,……サインなんて、意味あるっすかねー,……签名这种东西有什么意义啊——,芹沢あさひ,【ちぐはぐ姫】芹沢 あさひ,春、ちらかす
芹沢あさひ\【ちぐはぐ姫】芹沢 あさひ\春、ちらかす.csv,11,2017015110070,あさひ,どうせすぐなくすっすよ,总之签了也会被很快弄丢的,芹沢あさひ,【ちぐはぐ姫】芹沢 あさひ,春、ちらかす
芹沢あさひ\【ちぐはぐ姫】芹沢 あさひ\春、ちらかす.csv,15,2017015110080,あさひ,うーん……そっすか……？,嗯……是那样吗……？,芹沢あさひ,【ちぐはぐ姫】芹沢 あさひ,春、ちらかす
芹沢あさひ\【ちぐはぐ姫】芹沢 あさひ\春、ちらかす.csv,17,2017015110090,あさひ,うわ……,哇……,芹沢あさひ,【ちぐはぐ姫】芹沢 あさひ,春、ちらかす
芹沢あさひ\【ちぐはぐ姫】芹沢 あさひ\春、ちらかす.csv,21,2017015110100,あさひ,ほんとっすねー,真的诶——,芹沢あさひ,【ちぐはぐ姫】芹沢 あさひ,春、ちらかす
芹沢あさひ\【ちぐはぐ姫】芹沢 あさひ\春、ちらかす.csv,23,2017015110110,あさひ,──これは、綺麗なんすね,——这真的漂亮吗,芹沢あさひ,【ちぐはぐ姫】芹沢 あさひ,春、ちらかす
芹沢あさひ\【ちぐはぐ姫】芹沢 あさひ\春、ちらかす.csv,25,2017015110120,あさひ,花びら、桜が散らかしてるっす,花瓣散落得乱七八糟到处都是的说,芹沢あさひ,【ちぐはぐ姫】芹沢 あさひ,春、ちらかす
芹沢あさひ\【ちぐはぐ姫】芹沢 あさひ\春、ちらかす.csv,28,2017015110130,あさひ,そっすよ,是的说,芹沢あさひ,【ちぐはぐ姫】芹沢 あさひ,春、ちらかす
芹沢あさひ\【ちぐはぐ姫】芹沢 あさひ\春、ちらかす.csv,29,2017015110140,あさひ,"桜が、散らかしてもよくて
わたしがだめなのはなんでっすか？","樱花就可以散落得乱七八糟
我就不可以是为什么呢？",芹沢あさひ,【ちぐはぐ姫】芹沢 あさひ,春、ちらかす
芹沢あさひ\【ちぐはぐ姫】芹沢 あさひ\春、ちらかす.csv,37,2017015110150,あさひ,？,？,芹沢あさひ,【ちぐはぐ姫】芹沢 あさひ,春、ちらかす
芹沢あさひ\【ちぐはぐ姫】芹沢 あさひ\春、ちらかす.csv,41,2017015110160,あさひ,"……『散らかす』にも
いい、悪いがあるってことっすか",……“弄乱”也分好的和不好的吗,芹沢あさひ,【ちぐはぐ姫】芹沢 あさひ,春、ちらかす
芹沢あさひ\【ちぐはぐ姫】芹沢 あさひ\春、ちらかす.csv,43,2017015110170,あさひ,"でも、それがいいか悪いかなんて
本当のところはわかんないっす",但是，我不清楚那样做是好的还是不好的的说,芹沢あさひ,【ちぐはぐ姫】芹沢 あさひ,春、ちらかす
芹沢あさひ\【ちぐはぐ姫】芹沢 あさひ\春、ちらかす.csv,45,2017015110180,あさひ,だから、わたしも散らかしていっす！,所以，我也和樱花一个弄乱方式就好了吧！,芹沢あさひ,【ちぐはぐ姫】芹沢 あさひ,春、ちらかす
芹沢あさひ\【ちぐはぐ姫】芹沢 あさひ\春、ちらかす.csv,46,2017015110190,あさひ,えいっ,嘿,芹沢あさひ,【ちぐはぐ姫】芹沢 あさひ,春、ちらかす
芹沢あさひ\【ちぐはぐ姫】芹沢 あさひ\春、ちらかす.csv,50,2017015110200,あさひ,"あははっ
いっぱい振りまくっすよ～","啊哈哈
我还会扬起更多花瓣的说～",芹沢あさひ,【ちぐはぐ姫】芹沢 あさひ,春、ちらかす
芹沢あさひ\【ちぐはぐ姫】芹沢 あさひ\正しい仕分け箱.csv,2,2017015010010,あさひ,…………,…………,芹沢あさひ,【ちぐはぐ姫】芹沢 あさひ,正しい仕分け箱
芹沢あさひ\【ちぐはぐ姫】芹沢 あさひ\正しい仕分け箱.csv,4,2017015010020,あさひ,"──あ
フォトブックの話っすね","——啊
是要说关于写真集的事是吧",芹沢あさひ,【ちぐはぐ姫】芹沢 あさひ,正しい仕分け箱
芹沢あさひ\【ちぐはぐ姫】芹沢 あさひ\正しい仕分け箱.csv,7,2017015010030,あさひ,"？
片付け？","？
收拾？",芹沢あさひ,【ちぐはぐ姫】芹沢 あさひ,正しい仕分け箱
芹沢あさひ\【ちぐはぐ姫】芹沢 あさひ\正しい仕分け箱.csv,9,2017015010040,あさひ,ふーん,唔——,芹沢あさひ,【ちぐはぐ姫】芹沢 あさひ,正しい仕分け箱
芹沢あさひ\【ちぐはぐ姫】芹沢 あさひ\正しい仕分け箱.csv,12,2017015010050,あさひ,あとでやるつもりだったっすよ,我原本准备一会再去扔的说,芹沢あさひ,【ちぐはぐ姫】芹沢 あさひ,正しい仕分け箱
芹沢あさひ\【ちぐはぐ姫】芹沢 あさひ\正しい仕分け箱.csv,18,2017015010060,あさひ,それ、わたしっす,是我的的说,芹沢あさひ,【ちぐはぐ姫】芹沢 あさひ,正しい仕分け箱
芹沢あさひ\【ちぐはぐ姫】芹沢 あさひ\正しい仕分け箱.csv,20,2017015010070,あさひ,はいっす,是的说,芹沢あさひ,【ちぐはぐ姫】芹沢 あさひ,正しい仕分け箱
芹沢あさひ\【ちぐはぐ姫】芹沢 あさひ\正しい仕分け箱.csv,23,2017015010080,あさひ,あ、それもわたしっす,啊，那也是我的的说,芹沢あさひ,【ちぐはぐ姫】芹沢 あさひ,正しい仕分け箱
芹沢あさひ\【ちぐはぐ姫】芹沢 あさひ\正しい仕分け箱.csv,25,2017015010090,あさひ,"よくはないっすね
持って帰るっす","有关系的说
我要带回去的说",芹沢あさひ,【ちぐはぐ姫】芹沢 あさひ,正しい仕分け箱
芹沢あさひ\【ちぐはぐ姫】芹沢 あさひ\正しい仕分け箱.csv,27,2017015010100,あさひ,あ、捨てないでほしいっす,啊，请不要扔掉的说,芹沢あさひ,【ちぐはぐ姫】芹沢 あさひ,正しい仕分け箱
芹沢あさひ\【ちぐはぐ姫】芹沢 あさひ\正しい仕分け箱.csv,30,2017015010110,あさひ,箱に入れるっす,请装到箱子里的说,芹沢あさひ,【ちぐはぐ姫】芹沢 あさひ,正しい仕分け箱
芹沢あさひ\【ちぐはぐ姫】芹沢 あさひ\正しい仕分け箱.csv,32,2017015010120,あさひ,わたしのっす。箱に入れるっす,是我的的说。请装到箱子里的说,芹沢あさひ,【ちぐはぐ姫】芹沢 あさひ,正しい仕分け箱
芹沢あさひ\【ちぐはぐ姫】芹沢 あさひ\正しい仕分け箱.csv,34,2017015010130,あさひ,そっすか、じゃあ箱に……,是吗，那也装到箱子里……,芹沢あさひ,【ちぐはぐ姫】芹沢 あさひ,正しい仕分け箱
芹沢あさひ\【ちぐはぐ姫】芹沢 あさひ\正しい仕分け箱.csv,36,2017015010140,あさひ,"……箱いっぱいになったっす
もう入んないっすよ","……箱子已经满当当了的说
已经放不进东西了的说",芹沢あさひ,【ちぐはぐ姫】芹沢 あさひ,正しい仕分け箱
芹沢あさひ\【ちぐはぐ姫】芹沢 あさひ\正しい仕分け箱.csv,38,2017015010150,あさひ,そうみたいっすね,好像是的说,芹沢あさひ,【ちぐはぐ姫】芹沢 あさひ,正しい仕分け箱
芹沢あさひ\【ちぐはぐ姫】芹沢 あさひ\正しい仕分け箱.csv,40,2017015010160,あさひ,"うーん……
さすがに一回では持ちきれないっす","嗯……
这么多一回可带不回去的说",芹沢あさひ,【ちぐはぐ姫】芹沢 あさひ,正しい仕分け箱
芹沢あさひ\【ちぐはぐ姫】芹沢 あさひ\正しい仕分け箱.csv,45,2017015010170,あさひ,"そっすね
でも重そうっす","是啊
但是好像很重的说",芹沢あさひ,【ちぐはぐ姫】芹沢 あさひ,正しい仕分け箱
芹沢あさひ\【ちぐはぐ姫】芹沢 あさひ\正しい仕分け箱.csv,47,2017015010180,あさひ,…………,…………,芹沢あさひ,【ちぐはぐ姫】芹沢 あさひ,正しい仕分け箱
芹沢あさひ\【ちぐはぐ姫】芹沢 あさひ\正しい仕分け箱.csv,50,2017015010190,あさひ,"なくなるってことは
そんなに大事じゃないってことっす","会丢就说明
没有那么重要的说",芹沢あさひ,【ちぐはぐ姫】芹沢 あさひ,正しい仕分け箱
芹沢あさひ\【ちぐはぐ姫】芹沢 あさひ\正しい仕分け箱.csv,51,2017015010200,あさひ,邪魔だったら捨てていっすよ,如果放着碍事的话就扔掉就好的说,芹沢あさひ,【ちぐはぐ姫】芹沢 あさひ,正しい仕分け箱
芹沢あさひ\【ちぐはぐ姫】芹沢 あさひ\正しい仕分け箱.csv,53,2017015010210,あさひ,じゃ、あとで聞いてくれればいっす,那就直接问我就好了的说,芹沢あさひ,【ちぐはぐ姫】芹沢 あさひ,正しい仕分け箱
芹沢あさひ\【ちぐはぐ姫】芹沢 あさひ\正しい仕分け箱.csv,57,2017015010220,あさひ,わかったっす,我知道了的说,芹沢あさひ,【ちぐはぐ姫】芹沢 あさひ,正しい仕分け箱
芹沢あさひ\【ちぐはぐ姫】芹沢 あさひ\正しい仕分け箱.csv,58,2017015010230,あさひ,このプリントはもういっす,这个印刷通知已经用不到了的说,芹沢あさひ,【ちぐはぐ姫】芹沢 あさひ,正しい仕分け箱
芹沢あさひ\【ちぐはぐ姫】芹沢 あさひ\正しい仕分け箱.csv,60,2017015010240,あさひ,"失くしたから別のプリントもらって
学校でやったから大丈夫っす","弄丢了的话还可以再拿
课题是要在学校进行的所以没关系的说",芹沢あさひ,【ちぐはぐ姫】芹沢 あさひ,正しい仕分け箱
芹沢あさひ\【ちぐはぐ姫】芹沢 あさひ\正しい仕分け箱.csv,62,2017015010250,あさひ,"んーと、これはいらない、
これももういっす","嗯，这个也不要了，
还有这个也不要了的说",芹沢あさひ,【ちぐはぐ姫】芹沢 あさひ,正しい仕分け箱
芹沢あさひ\【ちぐはぐ姫】芹沢 あさひ\正しい仕分け箱.csv,63,2017015010260,あさひ,これは…………,这是…………,芹沢あさひ,【ちぐはぐ姫】芹沢 あさひ,正しい仕分け箱
芹沢あさひ\【ちぐはぐ姫】芹沢 あさひ\正しい仕分け箱.csv,65,2017015010270,あさひ,"よくわかんないっすけど……
なんかいる予感するっす","虽然不太懂的说……
但是感觉这东西一定会发生点什么的说",芹沢あさひ,【ちぐはぐ姫】芹沢 あさひ,正しい仕分け箱
芹沢あさひ\【ちぐはぐ姫】芹沢 あさひ\正しい仕分け箱.csv,67,2017015010280,あさひ,"……って言っても、
なんでここにあるのかわからないものばっかりっす","……话虽这么说，
但是这里都是些我也不知道为什么会在这里的东西的说",芹沢あさひ,【ちぐはぐ姫】芹沢 あさひ,正しい仕分け箱
芹沢あさひ\【ちぐはぐ姫】芹沢 あさひ\正しい仕分け箱.csv,68,2017015010290,あさひ,"教科書とか、ここで宿題をやろうとしたのは
覚えてるんすけど……",倒是只能记得带课本来是为了在这做作业的说……,芹沢あさひ,【ちぐはぐ姫】芹沢 あさひ,正しい仕分け箱
芹沢あさひ\【ちぐはぐ姫】芹沢 あさひ\正しい仕分け箱.csv,72,2017015010300,あさひ,"…………そっすね
わかったっす","…………这样啊
我知道了的说",芹沢あさひ,【ちぐはぐ姫】芹沢 あさひ,正しい仕分け箱
芹沢あさひ\【ちぐはぐ姫】芹沢 あさひ\正しい仕分け箱.csv,73,2017015010310,あさひ,"片付け終わったっす
企画の話するっす","收拾完了的话
就来谈谈关于企划的事吧",芹沢あさひ,【ちぐはぐ姫】芹沢 あさひ,正しい仕分け箱
芹沢あさひ\【はり はり】芹沢あさひ\ガラス向こうの天気.csv,7,2017009010020,あさひ,"はいっす！
赤ずきんちゃん、面白いっす！","嗯！
小红帽，很有趣！",芹沢あさひ,【はり はり】芹沢あさひ,ガラス向こうの天気
芹沢あさひ\【はり はり】芹沢あさひ\ガラス向こうの天気.csv,10,2017009010030,あさひ,"ここに寝転がってると日差しが入って
雪がすっごくキラキラするんすよ！","躺在这里能照到太阳
雪花非常耀眼！",芹沢あさひ,【はり はり】芹沢あさひ,ガラス向こうの天気
芹沢あさひ\【はり はり】芹沢あさひ\ガラス向こうの天気.csv,12,2017009010040,あさひ,……ふん、ふん,……嗯,芹沢あさひ,【はり はり】芹沢あさひ,ガラス向こうの天気
芹沢あさひ\【はり はり】芹沢あさひ\ガラス向こうの天気.csv,14,2017009010050,あさひ,木にキラキラが引っかかったっす,树木挂上了闪闪发亮的雪花,芹沢あさひ,【はり はり】芹沢あさひ,ガラス向こうの天気
芹沢あさひ\【はり はり】芹沢あさひ\ガラス向こうの天気.csv,17,2017009010060,あさひ,"プロデューサーさん、面白いこと言うっすね！
赤ずきんちゃんの気持ち、わかるっすか？","制作人，说的话真有意思呢！
你知道小红帽的心情吗？",芹沢あさひ,【はり はり】芹沢あさひ,ガラス向こうの天気
芹沢あさひ\【はり はり】芹沢あさひ\ガラス向こうの天気.csv,19,2017009010070,あさひ,あはは、確かに！,啊哈哈，确实！,芹沢あさひ,【はり はり】芹沢あさひ,ガラス向こうの天気
芹沢あさひ\【はり はり】芹沢あさひ\ガラス向こうの天気.csv,22,2017009010080,あさひ,"ふんふん……あったっすね、
お花摘みのシーンっす！","嗯嗯……有呢，
摘花的情节！",芹沢あさひ,【はり はり】芹沢あさひ,ガラス向こうの天気
芹沢あさひ\【はり はり】芹沢あさひ\ガラス向こうの天気.csv,24,2017009010090,あさひ,"赤ずきんちゃんは
おばあさんの家、行きたくないっすよ","小红帽她
不想去外婆家哦",芹沢あさひ,【はり はり】芹沢あさひ,ガラス向こうの天気
芹沢あさひ\【はり はり】芹沢あさひ\ガラス向こうの天気.csv,26,2017009010100,あさひ,この赤ずきんちゃんの顔、めんどくさそうっす！,这个小红帽的表情，看起来很不耐烦！,芹沢あさひ,【はり はり】芹沢あさひ,ガラス向こうの天気
芹沢あさひ\【はり はり】芹沢あさひ\ガラス向こうの天気.csv,29,2017009010110,あさひ,お小遣いか、お菓子がもらえるからっすよ！,因为能拿到零花钱或者点心！,芹沢あさひ,【はり はり】芹沢あさひ,ガラス向こうの天気
芹沢あさひ\【はり はり】芹沢あさひ\ガラス向こうの天気.csv,32,2017009010120,あさひ,"うーん……そっすか？
天気が気になるっすよ","嗯……是吗？
她是在意天气",芹沢あさひ,【はり はり】芹沢あさひ,ガラス向こうの天気
芹沢あさひ\【はり はり】芹沢あさひ\ガラス向こうの天気.csv,34,2017009010130,あさひ,ほら──……,你看——……,芹沢あさひ,【はり はり】芹沢あさひ,ガラス向こうの天気
芹沢あさひ\【はり はり】芹沢あさひ\ガラス向こうの天気.csv,35,2017009010140,あさひ,雪が降ったり止んだりして……,雪忽降忽停……,芹沢あさひ,【はり はり】芹沢あさひ,ガラス向こうの天気
芹沢あさひ\【はり はり】芹沢あさひ\ガラス向こうの天気.csv,36,2017009010150,あさひ,変な天気──……,奇怪的天气——……,芹沢あさひ,【はり はり】芹沢あさひ,ガラス向こうの天気
芹沢あさひ\【はり はり】芹沢あさひ\ガラス向こうの天気.csv,37,2017009010160,あさひ,お花摘みどころじゃない──,哪是摘花的时候——,芹沢あさひ,【はり はり】芹沢あさひ,ガラス向こうの天気
芹沢あさひ\【はり はり】芹沢あさひ\ガラス向こうの天気.csv,38,2017009010170,あさひ,"赤ずきんちゃん
不思議そうにこっちを見上げてるっす","小红帽
不可思议地抬头看着这边",芹沢あさひ,【はり はり】芹沢あさひ,ガラス向こうの天気
芹沢あさひ\【はり はり】芹沢あさひ\ガラス向こうの天気.csv,39,2017009010180,あさひ,──あっ、目が合ったっす！,——啊，对上眼了！,芹沢あさひ,【はり はり】芹沢あさひ,ガラス向こうの天気
芹沢あさひ\【はり はり】芹沢あさひ\ガラス向こうの天気.csv,40,2017009010190,あさひ,……あははっ,……啊哈哈,芹沢あさひ,【はり はり】芹沢あさひ,ガラス向こうの天気
芹沢あさひ\【はり はり】芹沢あさひ\ガラス向こうの天気.csv,42,2017009010200,あさひ,んー──……,嗯——……,芹沢あさひ,【はり はり】芹沢あさひ,ガラス向こうの天気
芹沢あさひ\【はり はり】芹沢あさひ\ガラス向こうの天気.csv,43,2017009010210,あさひ,"いいっす！
ここでひっくり返すっすよ","不用！
在这里玩就好",芹沢あさひ,【はり はり】芹沢あさひ,ガラス向こうの天気
芹沢あさひ\【はり はり】芹沢あさひ\ガラス向こうの天気.csv,45,2017009010220,あさひ,？,,芹沢あさひ,【はり はり】芹沢あさひ,ガラス向こうの天気
芹沢あさひ\【はり はり】芹沢あさひ\反転する空.csv,4,2017009110010,あさひ,そっすか……,是吗……,芹沢あさひ,【はり はり】芹沢あさひ,反転する空
芹沢あさひ\【はり はり】芹沢あさひ\反転する空.csv,6,2017009110020,あさひ,プロデューサーさん、先帰っていいっすよ,制作人，你先回去也可以哦,芹沢あさひ,【はり はり】芹沢あさひ,反転する空
芹沢あさひ\【はり はり】芹沢あさひ\反転する空.csv,8,2017009110030,あさひ,"行きたいところあるんで
じゃ！","我有个地方想去
再见！",芹沢あさひ,【はり はり】芹沢あさひ,反転する空
芹沢あさひ\【はり はり】芹沢あさひ\反転する空.csv,10,2017009110040,あさひ,んー──……,嗯——……,芹沢あさひ,【はり はり】芹沢あさひ,反転する空
芹沢あさひ\【はり はり】芹沢あさひ\反転する空.csv,12,2017009110050,あさひ,あ、プロデューサーさん,啊，制作人,芹沢あさひ,【はり はり】芹沢あさひ,反転する空
芹沢あさひ\【はり はり】芹沢あさひ\反転する空.csv,14,2017009110060,あさひ,"上見るっす！
ここの天井、すごくないっすか？","你看上面！
这里的天棚，很厉害吧？",芹沢あさひ,【はり はり】芹沢あさひ,反転する空
芹沢あさひ\【はり はり】芹沢あさひ\反転する空.csv,17,2017009110070,あさひ,あのガラス……上から覗けないっすかね？,那面玻璃……能从上面看吗？,芹沢あさひ,【はり はり】芹沢あさひ,反転する空
芹沢あさひ\【はり はり】芹沢あさひ\反転する空.csv,19,2017009110080,あさひ,"えーっと、どっか、もっと高いところは……
あっ、あれっす！","那个，某处更高的地方……
啊，那里！",芹沢あさひ,【はり はり】芹沢あさひ,反転する空
芹沢あさひ\【はり はり】芹沢あさひ\反転する空.csv,20,2017009110090,あさひ,プロデューサーさん、それじゃ！,制作人，再见！,芹沢あさひ,【はり はり】芹沢あさひ,反転する空
芹沢あさひ\【はり はり】芹沢あさひ\反転する空.csv,23,2017009110100,あさひ,プロデューサーさんも来たっすか？,制作人也来了？,芹沢あさひ,【はり はり】芹沢あさひ,反転する空
芹沢あさひ\【はり はり】芹沢あさひ\反転する空.csv,25,2017009110110,あさひ,"ほらほら！
早く見てほしいっすー！","喂喂！
你快看！",芹沢あさひ,【はり はり】芹沢あさひ,反転する空
芹沢あさひ\【はり はり】芹沢あさひ\反転する空.csv,27,2017009110120,あさひ,歩いてる人、人形みたいっす！,行人像是玩偶一样！,芹沢あさひ,【はり はり】芹沢あさひ,反転する空
芹沢あさひ\【はり はり】芹沢あさひ\反転する空.csv,29,2017009110130,あさひ,思ったとおりっす！,跟我想的一样！,芹沢あさひ,【はり はり】芹沢あさひ,反転する空
芹沢あさひ\【はり はり】芹沢あさひ\反転する空.csv,30,2017009110140,あさひ,ん、そうだ……,嗯，对了……,芹沢あさひ,【はり はり】芹沢あさひ,反転する空
芹沢あさひ\【はり はり】芹沢あさひ\反転する空.csv,32,2017009110150,あさひ,"この上におっきい人がいたら、
これひっくり返して遊ぶんすかね？","在这上面有巨人的话，
会把这个给晃着玩吗？",芹沢あさひ,【はり はり】芹沢あさひ,反転する空
芹沢あさひ\【はり はり】芹沢あさひ\反転する空.csv,34,2017009110160,あさひ,わくわくするっす！,真让人兴奋啊！,芹沢あさひ,【はり はり】芹沢あさひ,反転する空
芹沢あさひ\【はり はり】芹沢あさひ\反転する空.csv,35,2017009110170,あさひ,こっちを覗いたりとか……,也许存在着……,芹沢あさひ,【はり はり】芹沢あさひ,反転する空
芹沢あさひ\【はり はり】芹沢あさひ\反転する空.csv,36,2017009110180,あさひ,"雪を降らしてくる人が
いるかもしれないっすね……","看着这里
让雪降下来的人呢……",芹沢あさひ,【はり はり】芹沢あさひ,反転する空
芹沢あさひ\【はり はり】芹沢あさひ\反転する空.csv,40,2017009110190,あさひ,うーん……どっちか、っすか……？,嗯……哪样好吗……？,芹沢あさひ,【はり はり】芹沢あさひ,反転する空
芹沢あさひ\【はり はり】芹沢あさひ\反転する空.csv,41,2017009110200,あさひ,"自分のスノードームを
自分でひっくり返したいっす！","自己的雪花球
我想要自己颠倒！",芹沢あさひ,【はり はり】芹沢あさひ,反転する空
芹沢あさひ\【ひかりしめすは】芹沢あさひ\み使いの止まり木.csv,2,3017012030010,あさひ,誰もいないっすね～,一个人都没有啊～,芹沢あさひ,【ひかりしめすは】芹沢あさひ,み使いの止まり木
芹沢あさひ\【ひかりしめすは】芹沢あさひ\み使いの止まり木.csv,3,3017012030020,あさひ,"──あっ！　
あの人なんか引きずってる……！","──啊！　
那个人好像什么拖在地上了……！",芹沢あさひ,【ひかりしめすは】芹沢あさひ,み使いの止まり木
芹沢あさひ\【ひかりしめすは】芹沢あさひ\み使いの止まり木.csv,5,3017012030030,あさひ,すみませーん、そこの人ー！,打扰一下，那边的人ー！,芹沢あさひ,【ひかりしめすは】芹沢あさひ,み使いの止まり木
芹沢あさひ\【ひかりしめすは】芹沢あさひ\み使いの止まり木.csv,8,3017012030040,あさひ,なんか、引きずってるっす！,好像有什么拖在地上了！,芹沢あさひ,【ひかりしめすは】芹沢あさひ,み使いの止まり木
芹沢あさひ\【ひかりしめすは】芹沢あさひ\み使いの止まり木.csv,10,3017012030050,あさひ,はいっす！　それじゃ！,没事！　再见了！,芹沢あさひ,【ひかりしめすは】芹沢あさひ,み使いの止まり木
芹沢あさひ\【ひかりしめすは】芹沢あさひ\み使いの止まり木.csv,14,3017012030060,あさひ,……なんだろ,……怎么回事,芹沢あさひ,【ひかりしめすは】芹沢あさひ,み使いの止まり木
芹沢あさひ\【ひかりしめすは】芹沢あさひ\み使いの止まり木.csv,15,3017012030070,あさひ,……,……,芹沢あさひ,【ひかりしめすは】芹沢あさひ,み使いの止まり木
芹沢あさひ\【ひかりしめすは】芹沢あさひ\み使いの止まり木.csv,18,3017012030080,あさひ,"あっ、その服……
もしかしてこの曲、歌うんすか？","啊，这套衣服……
莫非要唱这首曲子吗？",芹沢あさひ,【ひかりしめすは】芹沢あさひ,み使いの止まり木
芹沢あさひ\【ひかりしめすは】芹沢あさひ\み使いの止まり木.csv,21,3017012030090,あさひ,"なんだっけ、この歌……
聞いたことあるっすけど","好像……
我听过这首歌",芹沢あさひ,【ひかりしめすは】芹沢あさひ,み使いの止まり木
芹沢あさひ\【ひかりしめすは】芹沢あさひ\み使いの止まり木.csv,22,3017012030100,あさひ,"ラーラーラーー♪
──だっけ……","啦ー啦ー啦ーー♪
──这样吗……",芹沢あさひ,【ひかりしめすは】芹沢あさひ,み使いの止まり木
芹沢あさひ\【ひかりしめすは】芹沢あさひ\み使いの止まり木.csv,24,3017012030110,あさひ,"あっ、『ラーラー♪』か
じゃあ、一緒に続き！","啊，“啦ー啦ー♪”吗
那么，我们一起接着唱！",芹沢あさひ,【ひかりしめすは】芹沢あさひ,み使いの止まり木
芹沢あさひ\【ひかりしめすは】芹沢あさひ\み使いの止まり木.csv,26,3017012030111,あさひ＆子ども,ラーラララー♪,啦ー啦啦啦ー♪,芹沢あさひ,【ひかりしめすは】芹沢あさひ,み使いの止まり木
芹沢あさひ\【ひかりしめすは】芹沢あさひ\み使いの止まり木.csv,27,3017012030120,あさひ,"あははっ、思い出せてすっきりした！
ありがと！","啊哈哈，完全想起来了！
谢谢！",芹沢あさひ,【ひかりしめすは】芹沢あさひ,み使いの止まり木
芹沢あさひ\【ひかりしめすは】芹沢あさひ\み使いの止まり木.csv,33,3017012030130,あさひ,ううん,不是,芹沢あさひ,【ひかりしめすは】芹沢あさひ,み使いの止まり木
芹沢あさひ\【ひかりしめすは】芹沢あさひ\み使いの止まり木.csv,36,3017012030140,あさひ,"ふーん……
どんなケーキなんすか？","唔ー……
是什么样的蛋糕呢？",芹沢あさひ,【ひかりしめすは】芹沢あさひ,み使いの止まり木
芹沢あさひ\【ひかりしめすは】芹沢あさひ\み使いの止まり木.csv,38,3017012030150,あさひ,"それは見たっすけど……
もこもこなの全部、生クリームっすか？","那个我看过了……
蓬蓬松松的这些，全部是生奶油吗？",芹沢あさひ,【ひかりしめすは】芹沢あさひ,み使いの止まり木
芹沢あさひ\【ひかりしめすは】芹沢あさひ\み使いの止まり木.csv,40,3017012030160,あさひ,"なんでこんな形っすか？
雪だるまとかにした方がよくないっすか？","为什么做这种形状呢？
做成雪人一样不是更好么？",芹沢あさひ,【ひかりしめすは】芹沢あさひ,み使いの止まり木
芹沢あさひ\【ひかりしめすは】芹沢あさひ\み使いの止まり木.csv,42,3017012030170,あさひ,へー、クリスマスツリーっすか！,诶ー、是圣诞树啊！,芹沢あさひ,【ひかりしめすは】芹沢あさひ,み使いの止まり木
芹沢あさひ\【ひかりしめすは】芹沢あさひ\み使いの止まり木.csv,44,3017012030180,あさひ,──でも、白いっすよねえ？,──但是，它是白色的吧？,芹沢あさひ,【ひかりしめすは】芹沢あさひ,み使いの止まり木
芹沢あさひ\【ひかりしめすは】芹沢あさひ\み使いの止まり木.csv,47,3017012030190,あさひ,"あははっ
なるほど～","啊哈哈
原来如此～",芹沢あさひ,【ひかりしめすは】芹沢あさひ,み使いの止まり木
芹沢あさひ\【ひかりしめすは】芹沢あさひ\み使いの止まり木.csv,50,3017012030200,あさひ,……なんか、いっぱい集まってきたっす,……感觉，周围聚集了很多人呢,芹沢あさひ,【ひかりしめすは】芹沢あさひ,み使いの止まり木
芹沢あさひ\【ひかりしめすは】芹沢あさひ\み使いの止まり木.csv,52,3017012030210,あさひのメッセージ,『お手伝いないですか』,“需要我帮忙吗”,芹沢あさひ,【ひかりしめすは】芹沢あさひ,み使いの止まり木
芹沢あさひ\【ひかりしめすは】芹沢あさひ\み使いの止まり木.csv,55,3017012030240,あさひのメッセージ,"『さっき、ケーキ屋さんのお手伝いしたかも
〇もらわなかった』","“刚才，我大概帮了蛋糕店的人
但没能拿到〇”",芹沢あさひ,【ひかりしめすは】芹沢あさひ,み使いの止まり木
芹沢あさひ\【ひかりしめすは】芹沢あさひ\み使いの止まり木.csv,69,3017012030380,あさひ,────……,────……,芹沢あさひ,【ひかりしめすは】芹沢あさひ,み使いの止まり木
芹沢あさひ\【ひかりしめすは】芹沢あさひ\み使いの止まり木.csv,70,3017012030390,あさひ,──もう夜っすか,──已经是晚上了吗,芹沢あさひ,【ひかりしめすは】芹沢あさひ,み使いの止まり木
芹沢あさひ\【ひかりしめすは】芹沢あさひ\み使いの止まり木.csv,71,3017012030400,あさひ,"夜が勝手に
早く来るっす","夜晚擅自就
早早地到来了",芹沢あさひ,【ひかりしめすは】芹沢あさひ,み使いの止まり木
芹沢あさひ\【ひかりしめすは】芹沢あさひ\み使いの止まり木.csv,73,3017012030420,あさひ,"ありがとっす、愛依ちゃん
これであとふたつっすよ","谢谢你爱依
这样就只剩两个了",芹沢あさひ,【ひかりしめすは】芹沢あさひ,み使いの止まり木
芹沢あさひ\【ひかりしめすは】芹沢あさひ\み使いの止まり木.csv,74,3017012030430,あさひ,"冬優子ちゃん、愛依ちゃん
なんかお手伝いないっすか？","冬优子，爱依
你们有想让我帮忙的吗？",芹沢あさひ,【ひかりしめすは】芹沢あさひ,み使いの止まり木
芹沢あさひ\【ひかりしめすは】芹沢あさひ\み使いの止まり木.csv,77,3017012030460,あさひ,はいっす～,好的～,芹沢あさひ,【ひかりしめすは】芹沢あさひ,み使いの止まり木
芹沢あさひ\【ひかりしめすは】芹沢あさひ\よきことのしるし.csv,3,3017012010020,あさひ,…………,…………,芹沢あさひ,【ひかりしめすは】芹沢あさひ,よきことのしるし
芹沢あさひ\【ひかりしめすは】芹沢あさひ\よきことのしるし.csv,5,3017012010040,あさひ,あ、そっすね,啊，是啊,芹沢あさひ,【ひかりしめすは】芹沢あさひ,よきことのしるし
芹沢あさひ\【ひかりしめすは】芹沢あさひ\よきことのしるし.csv,7,3017012010060,あさひ,"あー……
そっすねえ","啊ー……
就是",芹沢あさひ,【ひかりしめすは】芹沢あさひ,よきことのしるし
芹沢あさひ\【ひかりしめすは】芹沢あさひ\よきことのしるし.csv,8,3017012010070,あさひ,冬優子ちゃん、なんかしてほしいことないっすか,冬优子，你有什么想让我做的的事吗,芹沢あさひ,【ひかりしめすは】芹沢あさひ,よきことのしるし
芹沢あさひ\【ひかりしめすは】芹沢あさひ\よきことのしるし.csv,10,3017012010090,あさひ,そっすか……,是吗……,芹沢あさひ,【ひかりしめすは】芹沢あさひ,よきことのしるし
芹沢あさひ\【ひかりしめすは】芹沢あさひ\よきことのしるし.csv,11,3017012010100,あさひ,台本の読み合わせとかやらないっすか？,要我帮你对对剧本吗？,芹沢あさひ,【ひかりしめすは】芹沢あさひ,よきことのしるし
芹沢あさひ\【ひかりしめすは】芹沢あさひ\よきことのしるし.csv,13,3017012010120,あさひ,あー、なるほど,啊ー，是这样啊,芹沢あさひ,【ひかりしめすは】芹沢あさひ,よきことのしるし
芹沢あさひ\【ひかりしめすは】芹沢あさひ\よきことのしるし.csv,15,3017012010140,あさひ,冬優子ちゃん！！,冬优子！！,芹沢あさひ,【ひかりしめすは】芹沢あさひ,よきことのしるし
芹沢あさひ\【ひかりしめすは】芹沢あさひ\よきことのしるし.csv,17,3017012010160,あさひ,わたしがやるっす！！,我来帮你倒！！,芹沢あさひ,【ひかりしめすは】芹沢あさひ,よきことのしるし
芹沢あさひ\【ひかりしめすは】芹沢あさひ\よきことのしるし.csv,19,3017012010180,あさひ,"冬優子ちゃん、何がいっすか？
牛乳と、冷たいお茶と、ジュースがあるっすよ","冬优子，想要喝什么？
有牛奶、冷茶和果汁哦",芹沢あさひ,【ひかりしめすは】芹沢あさひ,よきことのしるし
芹沢あさひ\【ひかりしめすは】芹沢あさひ\よきことのしるし.csv,21,3017012010200,あさひ,"それでもいっすよ！
何にするっすか？","那也可以！
喝什么呢？",芹沢あさひ,【ひかりしめすは】芹沢あさひ,よきことのしるし
芹沢あさひ\【ひかりしめすは】芹沢あさひ\よきことのしるし.csv,23,3017012010220,あさひ,はいっす～,好的～,芹沢あさひ,【ひかりしめすは】芹沢あさひ,よきことのしるし
芹沢あさひ\【ひかりしめすは】芹沢あさひ\よきことのしるし.csv,24,3017012010230,あさひ,どうぞっす！,请用！,芹沢あさひ,【ひかりしめすは】芹沢あさひ,よきことのしるし
芹沢あさひ\【ひかりしめすは】芹沢あさひ\よきことのしるし.csv,27,3017012010260,あさひ,ん？,嗯？,芹沢あさひ,【ひかりしめすは】芹沢あさひ,よきことのしるし
芹沢あさひ\【ひかりしめすは】芹沢あさひ\よきことのしるし.csv,29,3017012010280,あさひ,"すごいっすね、冬優子ちゃん
そうなんすよ～","好厉害啊，冬优子
是这样的～",芹沢あさひ,【ひかりしめすは】芹沢あさひ,よきことのしるし
芹沢あさひ\【ひかりしめすは】芹沢あさひ\よきことのしるし.csv,30,3017012010290,あさひ,これに、ハンコくださいっす！,请你在这上面给我盖章！,芹沢あさひ,【ひかりしめすは】芹沢あさひ,よきことのしるし
芹沢あさひ\【ひかりしめすは】芹沢あさひ\よきことのしるし.csv,33,3017012010320,あさひ,お手伝いしたらハンコをもらうっす,帮别人忙的话就能拿一个章,芹沢あさひ,【ひかりしめすは】芹沢あさひ,よきことのしるし
芹沢あさひ\【ひかりしめすは】芹沢あさひ\よきことのしるし.csv,34,3017012010330,あさひ,"ハンコがたまったら
クリスマスプレゼントもらえるっす～","收集盖章的话
就能拿到圣诞礼物～",芹沢あさひ,【ひかりしめすは】芹沢あさひ,よきことのしるし
芹沢あさひ\【ひかりしめすは】芹沢あさひ\よきことのしるし.csv,37,3017012010360,あさひ,"プロデューサーさんのでも大丈夫だったんで、
冬優子ちゃんでもきっといっすよ","制作人的都可以，
冬优子的肯定也可以的啦",芹沢あさひ,【ひかりしめすは】芹沢あさひ,よきことのしるし
芹沢あさひ\【ひかりしめすは】芹沢あさひ\よきことのしるし.csv,39,3017012010380,あさひ,"そっすか……
じゃあマルでいっす","是吗……
那么画个圈就可以了……",芹沢あさひ,【ひかりしめすは】芹沢あさひ,よきことのしるし
芹沢あさひ\【ひかりしめすは】芹沢あさひ\よきことのしるし.csv,41,3017012010400,あさひ,あ、名前も書いておいてほしいっす,啊，名字也请写上去,芹沢あさひ,【ひかりしめすは】芹沢あさひ,よきことのしるし
芹沢あさひ\【ひかりしめすは】芹沢あさひ\よきことのしるし.csv,45,3017012010440,あさひ,愛依ちゃん、お疲れっす～,爱依，辛苦了～,芹沢あさひ,【ひかりしめすは】芹沢あさひ,よきことのしるし
芹沢あさひ\【ひかりしめすは】芹沢あさひ\よきことのしるし.csv,46,3017012010450,あさひ,"愛依ちゃん！
なんかお手伝いするっす！","爱依！
让我帮你点什么忙吧！",芹沢あさひ,【ひかりしめすは】芹沢あさひ,よきことのしるし
芹沢あさひ\【ひかりしめすは】芹沢あさひ\よきことのしるし.csv,50,3017012010490,あさひ,そっすよ～,是的哦～,芹沢あさひ,【ひかりしめすは】芹沢あさひ,よきことのしるし
芹沢あさひ\【ひかりしめすは】芹沢あさひ\よきことのしるし.csv,52,3017012010510,あさひ,"はいっす！
やるっすよ～","好的！
我来沏茶～",芹沢あさひ,【ひかりしめすは】芹沢あさひ,よきことのしるし
芹沢あさひ\【ひかりしめすは】芹沢あさひ\サンタの休息.csv,3,3017012020020,あさひ,えー,诶ー,芹沢あさひ,【ひかりしめすは】芹沢あさひ,サンタの休息
芹沢あさひ\【ひかりしめすは】芹沢あさひ\サンタの休息.csv,10,3017012020090,あさひ,"『しわす』って言うんすよね
せんせいが走るって書くやつっす","12月叫“しわす（師走）”对吧
写成老师奔走忙碌的那个",芹沢あさひ,【ひかりしめすは】芹沢あさひ,サンタの休息
芹沢あさひ\【ひかりしめすは】芹沢あさひ\サンタの休息.csv,12,3017012020110,あさひ,"なんか学校の先生が言ってたっすよ
だからトレーナーさんも走ってるっす","学校的老师告诉我的
所以现在教练也在奔走忙碌",芹沢あさひ,【ひかりしめすは】芹沢あさひ,サンタの休息
芹沢あさひ\【ひかりしめすは】芹沢あさひ\サンタの休息.csv,16,3017012020150,あさひ,いっすよ！,好的哦！,芹沢あさひ,【ひかりしめすは】芹沢あさひ,サンタの休息
芹沢あさひ\【ひかりしめすは】芹沢あさひ\サンタの休息.csv,21,3017012020200,あさひ,『効果あり』なのがいっす,“见效”这样的就可以,芹沢あさひ,【ひかりしめすは】芹沢あさひ,サンタの休息
芹沢あさひ\【ひかりしめすは】芹沢あさひ\サンタの休息.csv,26,3017012020230,あさひ,ふー,呼ー,芹沢あさひ,【ひかりしめすは】芹沢あさひ,サンタの休息
芹沢あさひ\【ひかりしめすは】芹沢あさひ\サンタの休息.csv,28,3017012020250,あさひ,"半分くらいっすかねー
最近……みんな、事務所にいないっすよ","收集一半左右了ー
最近……大家都不怎么来事务所",芹沢あさひ,【ひかりしめすは】芹沢あさひ,サンタの休息
芹沢あさひ\【ひかりしめすは】芹沢あさひ\サンタの休息.csv,31,3017012020270,あさひ,"なんか……
海にいるみたいっす～……","总感觉……
像在海里一样～……",芹沢あさひ,【ひかりしめすは】芹沢あさひ,サンタの休息
芹沢あさひ\【ひかりしめすは】芹沢あさひ\サンタの休息.csv,38,3017012020340,あさひ,オーストラリア……,澳大利亚……,芹沢あさひ,【ひかりしめすは】芹沢あさひ,サンタの休息
芹沢あさひ\【ひかりしめすは】芹沢あさひ\サンタの休息.csv,39,3017012020350,あさひ,"サンタがサーフィンしてる写真
見たことあるっす","我看过
圣诞老人在冲浪的照片",芹沢あさひ,【ひかりしめすは】芹沢あさひ,サンタの休息
芹沢あさひ\【ひかりしめすは】芹沢あさひ\サンタの休息.csv,40,3017012020360,あさひ,サンタも海から来るっすよ,圣诞老人也是从海里来的哦,芹沢あさひ,【ひかりしめすは】芹沢あさひ,サンタの休息
芹沢あさひ\【ひかりしめすは】芹沢あさひ\サンタの休息.csv,42,3017012020380,あさひ,"カンガルーは……
そり引っ張れ……ないっすし……","袋鼠也……
没法……拉雪橇……",芹沢あさひ,【ひかりしめすは】芹沢あさひ,サンタの休息
芹沢あさひ\【ひかりしめすは】芹沢あさひ\サンタの休息.csv,44,3017012020400,あさひ,"ぴょんぴょん飛んでたら……
プレゼント、落としちゃうっす……","要是它蹦蹦跳跳地飞……
礼物不就弄掉了嘛……",芹沢あさひ,【ひかりしめすは】芹沢あさひ,サンタの休息
芹沢あさひ\【ひかりしめすは】芹沢あさひ\サンタの休息.csv,50,3017012020460,あさひ,……わたしもっす～,……我也是～,芹沢あさひ,【ひかりしめすは】芹沢あさひ,サンタの休息
芹沢あさひ\【ひかりしめすは】芹沢あさひ\サンタの休息.csv,54,3017012020500,あさひ,んっ……,嗯……,芹沢あさひ,【ひかりしめすは】芹沢あさひ,サンタの休息
芹沢あさひ\【ひかりしめすは】芹沢あさひ\サンタの休息.csv,55,3017012020510,あさひ,すごいっす、さっきより柔らかくなってるっすよ,好厉害，身体变得比刚才柔软了,芹沢あさひ,【ひかりしめすは】芹沢あさひ,サンタの休息
芹沢あさひ\【ひかりしめすは】芹沢あさひ\サンタの休息.csv,56,3017012020520,あさひ,ほら！　ぺたーってできるっす,你看！　都能下腰了,芹沢あさひ,【ひかりしめすは】芹沢あさひ,サンタの休息
芹沢あさひ\【ひかりしめすは】芹沢あさひ\サンタの休息.csv,61,3017012020551,あさひ＆愛依,…………,…………,芹沢あさひ,【ひかりしめすは】芹沢あさひ,サンタの休息
芹沢あさひ\【ひかりしめすは】芹沢あさひ\サンタの休息.csv,64,3017012020570,あさひ,すー……はー…………,吸ー……呼ー…………,芹沢あさひ,【ひかりしめすは】芹沢あさひ,サンタの休息
芹沢あさひ\【ひかりしめすは】芹沢あさひ\サンタの休息.csv,73,3017012020631,あさひ＆愛依,………………,………………,芹沢あさひ,【ひかりしめすは】芹沢あさひ,サンタの休息
芹沢あさひ\【コウカンシンケイドールズ】芹沢あさひ\【コウカンシンケイドールズ】芹沢あさひ01.csv,2,3017018010010,あさひ,────やっ！,────呀！,芹沢あさひ,【コウカンシンケイドールズ】芹沢あさひ,【コウカンシンケイドールズ】芹沢あさひ01
芹沢あさひ\【コウカンシンケイドールズ】芹沢あさひ\【コウカンシンケイドールズ】芹沢あさひ01.csv,4,3017018010021,あさひ＆愛依,はいっす！,好！,芹沢あさひ,【コウカンシンケイドールズ】芹沢あさひ,【コウカンシンケイドールズ】芹沢あさひ01
芹沢あさひ\【コウカンシンケイドールズ】芹沢あさひ\【コウカンシンケイドールズ】芹沢あさひ01.csv,6,3017018010030,あさひ,"──────
……っ","──────
……",芹沢あさひ,【コウカンシンケイドールズ】芹沢あさひ,【コウカンシンケイドールズ】芹沢あさひ01
芹沢あさひ\【コウカンシンケイドールズ】芹沢あさひ\【コウカンシンケイドールズ】芹沢あさひ01.csv,9,3017018010060,あさひ,"……
なんでできないんだろう……","……
怎么不行啊……",芹沢あさひ,【コウカンシンケイドールズ】芹沢あさひ,【コウカンシンケイドールズ】芹沢あさひ01
芹沢あさひ\【コウカンシンケイドールズ】芹沢あさひ\【コウカンシンケイドールズ】芹沢あさひ01.csv,11,3017018010080,あさひ,……もう１回,……再来一次,芹沢あさひ,【コウカンシンケイドールズ】芹沢あさひ,【コウカンシンケイドールズ】芹沢あさひ01
芹沢あさひ\【コウカンシンケイドールズ】芹沢あさひ\【コウカンシンケイドールズ】芹沢あさひ01.csv,15,3017018010120,あさひ,ちゃんとやってるっすよ,我有在控制啊,芹沢あさひ,【コウカンシンケイドールズ】芹沢あさひ,【コウカンシンケイドールズ】芹沢あさひ01
芹沢あさひ\【コウカンシンケイドールズ】芹沢あさひ\【コウカンシンケイドールズ】芹沢あさひ01.csv,21,3017018010180,あさひ,……やっぱりだめ,……还是不行,芹沢あさひ,【コウカンシンケイドールズ】芹沢あさひ,【コウカンシンケイドールズ】芹沢あさひ01
芹沢あさひ\【コウカンシンケイドールズ】芹沢あさひ\【コウカンシンケイドールズ】芹沢あさひ01.csv,23,3017018010200,あさひ,"……今だけ
冬優子ちゃんみたいになれたら────","……如果就现在
我能变得像冬优子一样────",芹沢あさひ,【コウカンシンケイドールズ】芹沢あさひ,【コウカンシンケイドールズ】芹沢あさひ01
芹沢あさひ\【コウカンシンケイドールズ】芹沢あさひ\【コウカンシンケイドールズ】芹沢あさひ01.csv,28,3017018010250,あさひ,"……あさひ！？
大丈夫？","……朝日！？
你没事吧？",芹沢あさひ,【コウカンシンケイドールズ】芹沢あさひ,【コウカンシンケイドールズ】芹沢あさひ01
芹沢あさひ\【コウカンシンケイドールズ】芹沢あさひ\【コウカンシンケイドールズ】芹沢あさひ01.csv,30,3017018010261,あさひ＆冬優子,えええええええええ！？,诶诶诶诶诶诶诶诶诶！？,芹沢あさひ,【コウカンシンケイドールズ】芹沢あさひ,【コウカンシンケイドールズ】芹沢あさひ01
芹沢あさひ\【コウカンシンケイドールズ】芹沢あさひ\【コウカンシンケイドールズ】芹沢あさひ01.csv,31,3017018010270,あさひ,"なんであんたが、ふゆに……
なんなの、これ……！？","你怎么，变成冬优……
这都什么跟什么啊……！？",芹沢あさひ,【コウカンシンケイドールズ】芹沢あさひ,【コウカンシンケイドールズ】芹沢あさひ01
芹沢あさひ\【コウカンシンケイドールズ】芹沢あさひ\【コウカンシンケイドールズ】芹沢あさひ01.csv,33,3017018010290,あさひ,"！
まさか、さっきのあさひの魔法で……","！
难道是因为刚才朝日的魔法……",芹沢あさひ,【コウカンシンケイドールズ】芹沢あさひ,【コウカンシンケイドールズ】芹沢あさひ01
芹沢あさひ\【コウカンシンケイドールズ】芹沢あさひ\【コウカンシンケイドールズ】芹沢あさひ01.csv,34,3017018010300,あさひ,"……ダメだ
この体じゃ、上手く使えない────","……不行
这副身体，用不好魔法────",芹沢あさひ,【コウカンシンケイドールズ】芹沢あさひ,【コウカンシンケイドールズ】芹沢あさひ01
芹沢あさひ\【コウカンシンケイドールズ】芹沢あさひ\【コウカンシンケイドールズ】芹沢あさひ01.csv,36,3017018010320,あさひ,なんでよ！？,为什么啊！？,芹沢あさひ,【コウカンシンケイドールズ】芹沢あさひ,【コウカンシンケイドールズ】芹沢あさひ01
芹沢あさひ\【コウカンシンケイドールズ】芹沢あさひ\【コウカンシンケイドールズ】芹沢あさひ01.csv,37,3017018010330,あさひ,"ちょっ……やめなさい、あさひ！
人の体で、むやみに────","等……快停下，朝日！
不要用别人的身体胡来────",芹沢あさひ,【コウカンシンケイドールズ】芹沢あさひ,【コウカンシンケイドールズ】芹沢あさひ01
芹沢あさひ\【コウカンシンケイドールズ】芹沢あさひ\【コウカンシンケイドールズ】芹沢あさひ01.csv,42,3017018010350,あさひ,────あさひ！,────朝日！,芹沢あさひ,【コウカンシンケイドールズ】芹沢あさひ,【コウカンシンケイドールズ】芹沢あさひ01
芹沢あさひ\【コウカンシンケイドールズ】芹沢あさひ\【コウカンシンケイドールズ】芹沢あさひ01.csv,44,3017018010360,あさひ,"────
冬優子ちゃん、今日ちょっと調子が悪いみたいっす","────
冬优子她今天好像有点不舒服",芹沢あさひ,【コウカンシンケイドールズ】芹沢あさひ,【コウカンシンケイドールズ】芹沢あさひ01
芹沢あさひ\【コウカンシンケイドールズ】芹沢あさひ\【コウカンシンケイドールズ】芹沢あさひ01.csv,50,3017018010390,あさひ,"───あー、いいっすね！
きっとなれるっす……なれるから、頑張ってね！","───啊—真棒呢！
你一定能做到……你可以的，要加油哦！",芹沢あさひ,【コウカンシンケイドールズ】芹沢あさひ,【コウカンシンケイドールズ】芹沢あさひ01
芹沢あさひ\【コウカンシンケイドールズ】芹沢あさひ\【コウカンシンケイドールズ】芹沢あさひ01.csv,53,3017018010400,あさひ,"あんたねぇ……！　今はあんたがふゆなんだから
ふゆらしく、ちゃんと振る舞いなさいよ！","我说你啊……！现在你才是冬优
拜托你言行举止都要表现得像冬优一样啊！",芹沢あさひ,【コウカンシンケイドールズ】芹沢あさひ,【コウカンシンケイドールズ】芹沢あさひ01
芹沢あさひ\【コウカンシンケイドールズ】芹沢あさひ\【コウカンシンケイドールズ】芹沢あさひ01.csv,55,3017018010420,あさひ,…………っ,…………,芹沢あさひ,【コウカンシンケイドールズ】芹沢あさひ,【コウカンシンケイドールズ】芹沢あさひ01
芹沢あさひ\【コウカンシンケイドールズ】芹沢あさひ\【コウカンシンケイドールズ】芹沢あさひ01.csv,56,3017018010430,あさひ,"どうする……
どうやったら元に戻れ────","怎么办……
怎样才能恢复原样────",芹沢あさひ,【コウカンシンケイドールズ】芹沢あさひ,【コウカンシンケイドールズ】芹沢あさひ01
芹沢あさひ\【コウカンシンケイドールズ】芹沢あさひ\【コウカンシンケイドールズ】芹沢あさひ01.csv,59,3017018010460,あさひ,"愛依、いいところに……！
ふゆたち、ちょっとトラブっちゃって……","爱依，你来得正好……！
我们出了点状况……",芹沢あさひ,【コウカンシンケイドールズ】芹沢あさひ,【コウカンシンケイドールズ】芹沢あさひ01
芹沢あさひ\【コウカンシンケイドールズ】芹沢あさひ\【コウカンシンケイドールズ】芹沢あさひ01.csv,62,3017018010490,あさひ,────というわけなのよ,────事情原委就是这样,芹沢あさひ,【コウカンシンケイドールズ】芹沢あさひ,【コウカンシンケイドールズ】芹沢あさひ01
芹沢あさひ\【コウカンシンケイドールズ】芹沢あさひ\【コウカンシンケイドールズ】芹沢あさひ01.csv,64,3017018010510,あさひ,"早く元に戻らなきゃいけないのに……
このままじゃ、ストレイライトは……","必须快点恢复原样才行……
否则这样下去，迷光就……",芹沢あさひ,【コウカンシンケイドールズ】芹沢あさひ,【コウカンシンケイドールズ】芹沢あさひ01
芹沢あさひ\【コウカンシンケイドールズ】芹沢あさひ\【コウカンシンケイドールズ】芹沢あさひ01.csv,66,3017018010530,あさひ,"ちょっと、そんな……
何も泣かな────",等等，你怎么……也没什么好哭────,芹沢あさひ,【コウカンシンケイドールズ】芹沢あさひ,【コウカンシンケイドールズ】芹沢あさひ01
芹沢あさひ\【コウカンシンケイドールズ】芹沢あさひ\【コウカンシンケイドールズ】芹沢あさひ01.csv,68,3017018010550,あさひ,……,……,芹沢あさひ,【コウカンシンケイドールズ】芹沢あさひ,【コウカンシンケイドールズ】芹沢あさひ01
芹沢あさひ\【コウカンシンケイドールズ】芹沢あさひ\【コウカンシンケイドールズ】芹沢あさひ01.csv,71,3017018010570,あさひ,────あああ……！,────啊啊啊……！,芹沢あさひ,【コウカンシンケイドールズ】芹沢あさひ,【コウカンシンケイドールズ】芹沢あさひ01
芹沢あさひ\【コウカンシンケイドールズ】芹沢あさひ\【コウカンシンケイドールズ】芹沢あさひ02.csv,3,3017018020020,あさひ,"ふゆの体だったら、まだなんとかなったかもしれないけど
この体じゃ、思うように魔法が出ないし……","如果是冬优的身体，多少还能想想办法
但现在这副身体，魔法也不能想用就用了……",芹沢あさひ,【コウカンシンケイドールズ】芹沢あさひ,【コウカンシンケイドールズ】芹沢あさひ02
芹沢あさひ\【コウカンシンケイドールズ】芹沢あさひ\【コウカンシンケイドールズ】芹沢あさひ02.csv,5,3017018020040,あさひ,"……
あんたねぇ……！","……
你啊……！",芹沢あさひ,【コウカンシンケイドールズ】芹沢あさひ,【コウカンシンケイドールズ】芹沢あさひ02
芹沢あさひ\【コウカンシンケイドールズ】芹沢あさひ\【コウカンシンケイドールズ】芹沢あさひ02.csv,6,3017018020041,あさひ＆冬優子,"──────────
──────────","──────────
──────────",芹沢あさひ,【コウカンシンケイドールズ】芹沢あさひ,【コウカンシンケイドールズ】芹沢あさひ02
芹沢あさひ\【コウカンシンケイドールズ】芹沢あさひ\【コウカンシンケイドールズ】芹沢あさひ02.csv,9,3017018020070,あさひ,愛依……,爱依……,芹沢あさひ,【コウカンシンケイドールズ】芹沢あさひ,【コウカンシンケイドールズ】芹沢あさひ02
芹沢あさひ\【コウカンシンケイドールズ】芹沢あさひ\【コウカンシンケイドールズ】芹沢あさひ02.csv,12,3017018020100,あさひ,"……っ
やっと元に戻────ってない！","……
总算变回来了────才怪！",芹沢あさひ,【コウカンシンケイドールズ】芹沢あさひ,【コウカンシンケイドールズ】芹沢あさひ02
芹沢あさひ\【コウカンシンケイドールズ】芹沢あさひ\【コウカンシンケイドールズ】芹沢あさひ02.csv,15,3017018020130,あさひ,"────待ちなさい、あさひ！
……あれ、愛依？　あさひ？　誰！？","────你给我慢着，朝日！
……咦，爱依？朝日？谁是谁！？",芹沢あさひ,【コウカンシンケイドールズ】芹沢あさひ,【コウカンシンケイドールズ】芹沢あさひ02
芹沢あさひ\【コウカンシンケイドールズ】芹沢あさひ\【コウカンシンケイドールズ】芹沢あさひ02.csv,17,3017018020150,あさひ,"ああもう……
なんでふゆだけ、あさひのままなのよ！","啊啊要命……
为什么只有冬优还是朝日的模样啊！",芹沢あさひ,【コウカンシンケイドールズ】芹沢あさひ,【コウカンシンケイドールズ】芹沢あさひ02
芹沢あさひ\【コウカンシンケイドールズ】芹沢あさひ\【コウカンシンケイドールズ】芹沢あさひ02.csv,18,3017018020160,あさひ,"ストップ！
いったん状況を整理しましょう","打住！
先来理清一下状况吧",芹沢あさひ,【コウカンシンケイドールズ】芹沢あさひ,【コウカンシンケイドールズ】芹沢あさひ02
芹沢あさひ\【コウカンシンケイドールズ】芹沢あさひ\【コウカンシンケイドールズ】芹沢あさひ02.csv,19,3017018020170,あさひ,"まず、中身の確認
ふゆが今あさひだから……あんたたちは────","首先确认一下里面都是谁
冬优现在在朝日的身体里……所以你们是────",芹沢あさひ,【コウカンシンケイドールズ】芹沢あさひ,【コウカンシンケイドールズ】芹沢あさひ02
芹沢あさひ\【コウカンシンケイドールズ】芹沢あさひ\【コウカンシンケイドールズ】芹沢あさひ02.csv,21,3017018020180,あさひ,だーもう、名前で言いなさい！,我求你们了，说名字！,芹沢あさひ,【コウカンシンケイドールズ】芹沢あさひ,【コウカンシンケイドールズ】芹沢あさひ02
芹沢あさひ\【コウカンシンケイドールズ】芹沢あさひ\【コウカンシンケイドールズ】芹沢あさひ02.csv,22,3017018020190,あさひ,"……愛依が愛依じゃなくなったってことは
ふゆの中が愛依で、愛依の中があさひってことね","……既然爱依不是爱依
那也就是说，冬优的身体里是爱依，爱依的身体里是朝日",芹沢あさひ,【コウカンシンケイドールズ】芹沢あさひ,【コウカンシンケイドールズ】芹沢あさひ02
芹沢あさひ\【コウカンシンケイドールズ】芹沢あさひ\【コウカンシンケイドールズ】芹沢あさひ02.csv,24,3017018020200,あさひ,"はぁ……
どうしたらいいのよ","哈啊……
要怎么办才好啊",芹沢あさひ,【コウカンシンケイドールズ】芹沢あさひ,【コウカンシンケイドールズ】芹沢あさひ02
芹沢あさひ\【コウカンシンケイドールズ】芹沢あさひ\【コウカンシンケイドールズ】芹沢あさひ02.csv,25,3017018020210,あさひ,"確実な保証がなくなった以上
むやみに魔法を試すわけにもいかないし……","既然不能确保变回原样
我们也不能再无谓地乱试魔法了……",芹沢あさひ,【コウカンシンケイドールズ】芹沢あさひ,【コウカンシンケイドールズ】芹沢あさひ02
芹沢あさひ\【コウカンシンケイドールズ】芹沢あさひ\【コウカンシンケイドールズ】芹沢あさひ02.csv,29,3017018020240,あさひ,今の……,刚才是……,芹沢あさひ,【コウカンシンケイドールズ】芹沢あさひ,【コウカンシンケイドールズ】芹沢あさひ02
芹沢あさひ\【コウカンシンケイドールズ】芹沢あさひ\【コウカンシンケイドールズ】芹沢あさひ02.csv,33,3017018020280,あさひ,"さっきの子……！
なんで、あんなところに……？","是刚才的女孩……！
她怎么会在那里……？",芹沢あさひ,【コウカンシンケイドールズ】芹沢あさひ,【コウカンシンケイドールズ】芹沢あさひ02
芹沢あさひ\【コウカンシンケイドールズ】芹沢あさひ\【コウカンシンケイドールズ】芹沢あさひ02.csv,36,3017018020300,あさひ,"ふ……愛依、待って！
あの高さ、今のふゆたちじゃ届かない……","冬……爱依，等等！
那么高的地方，现在的我们是够不着的……",芹沢あさひ,【コウカンシンケイドールズ】芹沢あさひ,【コウカンシンケイドールズ】芹沢あさひ02
芹沢あさひ\【コウカンシンケイドールズ】芹沢あさひ\【コウカンシンケイドールズ】芹沢あさひ02.csv,45,3017018020340,あさひ,猫？,猫？,芹沢あさひ,【コウカンシンケイドールズ】芹沢あさひ,【コウカンシンケイドールズ】芹沢あさひ02
芹沢あさひ\【コウカンシンケイドールズ】芹沢あさひ\【コウカンシンケイドールズ】芹沢あさひ02.csv,59,3017018020430,あさひ,……,……,芹沢あさひ,【コウカンシンケイドールズ】芹沢あさひ,【コウカンシンケイドールズ】芹沢あさひ02
芹沢あさひ\【コウカンシンケイドールズ】芹沢あさひ\【コウカンシンケイドールズ】芹沢あさひ02.csv,61,3017018020450,あさひ,"なんか……ちょっとだけ
わかったような気がするっす","我好像……
有点明白了",芹沢あさひ,【コウカンシンケイドールズ】芹沢あさひ,【コウカンシンケイドールズ】芹沢あさひ02
芹沢あさひ\【コウカンシンケイドールズ】芹沢あさひ\【コウカンシンケイドールズ】芹沢あさひ02.csv,62,3017018020460,あさひ,魔法を使う時の気持ち,使用魔法时的感觉,芹沢あさひ,【コウカンシンケイドールズ】芹沢あさひ,【コウカンシンケイドールズ】芹沢あさひ02
芹沢あさひ\【コウカンシンケイドールズ】芹沢あさひ\【コウカンシンケイドールズ】芹沢あさひ02.csv,64,3017018020480,あさひ,んー……,嗯—……,芹沢あさひ,【コウカンシンケイドールズ】芹沢あさひ,【コウカンシンケイドールズ】芹沢あさひ02
芹沢あさひ\【コウカンシンケイドールズ】芹沢あさひ\【コウカンシンケイドールズ】芹沢あさひ02.csv,66,3017018020500,あさひ,魔法、出ないっす……,魔法，用不了……,芹沢あさひ,【コウカンシンケイドールズ】芹沢あさひ,【コウカンシンケイドールズ】芹沢あさひ02
芹沢あさひ\【コウカンシンケイドールズ】芹沢あさひ\【コウカンシンケイドールズ】芹沢あさひ02.csv,69,3017018020530,あさひ,そうだ！,对了！,芹沢あさひ,【コウカンシンケイドールズ】芹沢あさひ,【コウカンシンケイドールズ】芹沢あさひ02
芹沢あさひ\【コウカンシンケイドールズ】芹沢あさひ\【コウカンシンケイドールズ】芹沢あさひ02.csv,70,3017018020540,あさひ,また冬優子ちゃんと愛依ちゃんになれば────,只要再变成冬优子和爱依────,芹沢あさひ,【コウカンシンケイドールズ】芹沢あさひ,【コウカンシンケイドールズ】芹沢あさひ02
芹沢あさひ\【ゴースト・サイド！】芹沢あさひ\プリクエル.csv,7,3017008010060,あさひ,……なんか,……总觉得,芹沢あさひ,【ゴースト・サイド！】芹沢あさひ,プリクエル
芹沢あさひ\【ゴースト・サイド！】芹沢あさひ\プリクエル.csv,8,3017008010070,あさひ,暇っすねー……,好闲啊……,芹沢あさひ,【ゴースト・サイド！】芹沢あさひ,プリクエル
芹沢あさひ\【ゴースト・サイド！】芹沢あさひ\プリクエル.csv,13,3017008010120,あさひ,"でも、さっきの人が最後の利用者っすよ
もう誰もいないっす","但是，刚才的人是最后一个读者了哦
已经没有别人了",芹沢あさひ,【ゴースト・サイド！】芹沢あさひ,プリクエル
芹沢あさひ\【ゴースト・サイド！】芹沢あさひ\プリクエル.csv,16,3017008010150,あさひ,"うーん
面白くなさそうっす","嗯
好像不太好玩",芹沢あさひ,【ゴースト・サイド！】芹沢あさひ,プリクエル
芹沢あさひ\【ゴースト・サイド！】芹沢あさひ\プリクエル.csv,18,3017008010170,あさひ,"なんか面白いこと
ないっすかねー！","好像没什么
好玩的事呢！",芹沢あさひ,【ゴースト・サイド！】芹沢あさひ,プリクエル
芹沢あさひ\【ゴースト・サイド！】芹沢あさひ\プリクエル.csv,23,3017008010220,あさひ,"へー
そうなんすか","诶
是吗",芹沢あさひ,【ゴースト・サイド！】芹沢あさひ,プリクエル
芹沢あさひ\【ゴースト・サイド！】芹沢あさひ\プリクエル.csv,26,3017008010250,あさひ,"愛依ちゃんは、おいしい物
食べたいっすか？","爱依，想吃
好吃的东西吗？",芹沢あさひ,【ゴースト・サイド！】芹沢あさひ,プリクエル
芹沢あさひ\【ゴースト・サイド！】芹沢あさひ\プリクエル.csv,29,3017008010280,あさひ,"……そうっすね
気になってきたっす","……是的呢
我也在意起来了",芹沢あさひ,【ゴースト・サイド！】芹沢あさひ,プリクエル
芹沢あさひ\【ゴースト・サイド！】芹沢あさひ\プリクエル.csv,32,3017008010310,あさひ,…………,,芹沢あさひ,【ゴースト・サイド！】芹沢あさひ,プリクエル
芹沢あさひ\【ゴースト・サイド！】芹沢あさひ\プリクエル.csv,33,3017008010320,あさひ,"そんなことしなくても、
呼び出せばいいんじゃないっすか？","不用那样，
直接召唤过来不也行吗？",芹沢あさひ,【ゴースト・サイド！】芹沢あさひ,プリクエル
芹沢あさひ\【ゴースト・サイド！】芹沢あさひ\プリクエル.csv,35,3017008010340,あさひ,"こっちが行けないなら、
向こうに来てもらうんすよ","这边过不去的话，
让对面的过来也可以哦",芹沢あさひ,【ゴースト・サイド！】芹沢あさひ,プリクエル
芹沢あさひ\【ゴースト・サイド！】芹沢あさひ\プリクエル.csv,37,3017008010360,あさひ,"冬優子ちゃん！
なんかそういう魔法、あったっすよね？","冬优子！
那种魔法，好像有的吧？",芹沢あさひ,【ゴースト・サイド！】芹沢あさひ,プリクエル
芹沢あさひ\【ゴースト・サイド！】芹沢あさひ\プリクエル.csv,38,3017008010370,あさひ,本で見たことあるっす！,在书里看到过！,芹沢あさひ,【ゴースト・サイド！】芹沢あさひ,プリクエル
芹沢あさひ\【ゴースト・サイド！】芹沢あさひ\プリクエル.csv,41,3017008010400,あさひ,"そうっす！
それっすよ！","对！
就是那个！",芹沢あさひ,【ゴースト・サイド！】芹沢あさひ,プリクエル
芹沢あさひ\【ゴースト・サイド！】芹沢あさひ\プリクエル.csv,42,3017008010410,あさひ,"それで、向こうの世界の食べ物とか……
生き物とかも呼べばいいんすよ！","用那个，对面的世界的食物之类的……
活的生物也可以叫过来哦！",芹沢あさひ,【ゴースト・サイド！】芹沢あさひ,プリクエル
芹沢あさひ\【ゴースト・サイド！】芹沢あさひ\プリクエル.csv,43,3017008010420,あさひ,面白そうっす！,好像很有趣！,芹沢あさひ,【ゴースト・サイド！】芹沢あさひ,プリクエル
芹沢あさひ\【ゴースト・サイド！】芹沢あさひ\プリクエル.csv,46,3017008010450,あさひ,"えー！
なんでっすか！？","诶！
为什么！？",芹沢あさひ,【ゴースト・サイド！】芹沢あさひ,プリクエル
芹沢あさひ\【ゴースト・サイド！】芹沢あさひ\プリクエル.csv,49,3017008010480,あさひ,えー！,诶！,芹沢あさひ,【ゴースト・サイド！】芹沢あさひ,プリクエル
芹沢あさひ\【ゴースト・サイド！】芹沢あさひ\プリクエル.csv,50,3017008010490,あさひ,"冬優子ちゃんは気にならないんすか？
あっちの世界のもの！","冬优子就不在意吗？
那边的世界的东西！",芹沢あさひ,【ゴースト・サイド！】芹沢あさひ,プリクエル
芹沢あさひ\【ゴースト・サイド！】芹沢あさひ\第0.5話.csv,3,3017008020020,あさひ,そうなんすよ～,是啊～,芹沢あさひ,【ゴースト・サイド！】芹沢あさひ,第0.5話
芹沢あさひ\【ゴースト・サイド！】芹沢あさひ\第0.5話.csv,4,3017008020030,あさひ,だからこうやって──……,所以像这样──……,芹沢あさひ,【ゴースト・サイド！】芹沢あさひ,第0.5話
芹沢あさひ\【ゴースト・サイド！】芹沢あさひ\第0.5話.csv,5,3017008020040,あさひ,浮かんでるんす～,飘在半空中～,芹沢あさひ,【ゴースト・サイド！】芹沢あさひ,第0.5話
芹沢あさひ\【ゴースト・サイド！】芹沢あさひ\第0.5話.csv,8,3017008020070,あさひ,"わたしのは飛んでるっていうか
浮かんでるだけなんすけどね","我这算是在飞吗
仅仅只是浮在空中罢了",芹沢あさひ,【ゴースト・サイド！】芹沢あさひ,第0.5話
芹沢あさひ\【ゴースト・サイド！】芹沢あさひ\第0.5話.csv,9,3017008020080,あさひ,ゴーストっすから,毕竟是幽灵嘛,芹沢あさひ,【ゴースト・サイド！】芹沢あさひ,第0.5話
芹沢あさひ\【ゴースト・サイド！】芹沢あさひ\第0.5話.csv,12,3017008020110,あさひ,"うーん
そうっすかー？","嗯
是吗？",芹沢あさひ,【ゴースト・サイド！】芹沢あさひ,第0.5話
芹沢あさひ\【ゴースト・サイド！】芹沢あさひ\第0.5話.csv,13,3017008020120,あさひ,あっ、でも,啊，但是,芹沢あさひ,【ゴースト・サイド！】芹沢あさひ,第0.5話
芹沢あさひ\【ゴースト・サイド！】芹沢あさひ\第0.5話.csv,14,3017008020130,あさひ,"そういえば冬優子ちゃんも
飛ぶのは苦手だって──…………","说起来冬优子也是
不擅长飞来着──…………",芹沢あさひ,【ゴースト・サイド！】芹沢あさひ,第0.5話
芹沢あさひ\【ゴースト・サイド！】芹沢あさひ\第0.5話.csv,23,3017008020220,あさひ,えー……,诶……,芹沢あさひ,【ゴースト・サイド！】芹沢あさひ,第0.5話
芹沢あさひ\【ゴースト・サイド！】芹沢あさひ\第0.5話.csv,25,3017008020240,あさひ,はいっすー…………,好的…………,芹沢あさひ,【ゴースト・サイド！】芹沢あさひ,第0.5話
芹沢あさひ\【ゴースト・サイド！】芹沢あさひ\第0.5話.csv,26,3017008020250,あさひ,──あれ,──咦,芹沢あさひ,【ゴースト・サイド！】芹沢あさひ,第0.5話
芹沢あさひ\【ゴースト・サイド！】芹沢あさひ\第0.5話.csv,28,3017008020270,あさひ,そこのガラスケースの本って……,那边的玻璃柜里的书……,芹沢あさひ,【ゴースト・サイド！】芹沢あさひ,第0.5話
芹沢あさひ\【ゴースト・サイド！】芹沢あさひ\第0.5話.csv,34,3017008020330,あさひ,………………,,芹沢あさひ,【ゴースト・サイド！】芹沢あさひ,第0.5話
芹沢あさひ\【ゴースト・サイド！】芹沢あさひ\第0.5話.csv,37,3017008020360,あさひ,でも…………,但是…………,芹沢あさひ,【ゴースト・サイド！】芹沢あさひ,第0.5話
芹沢あさひ\【ゴースト・サイド！】芹沢あさひ\第0.5話.csv,38,3017008020370,あさひ,"もう無くなってるっすよ？
そこにあった本","已经消失了哦？
那边那本书",芹沢あさひ,【ゴースト・サイド！】芹沢あさひ,第0.5話
芹沢あさひ\【ゴースト・サイド！】芹沢あさひ\第0.5話.csv,43,3017008020420,あさひ,わかんないっす,不知道,芹沢あさひ,【ゴースト・サイド！】芹沢あさひ,第0.5話
芹沢あさひ\【ゴースト・サイド！】芹沢あさひ\第0.5話.csv,44,3017008020430,あさひ,けど、今見たら無かったっす！,但是，刚才看就消失了！,芹沢あさひ,【ゴースト・サイド！】芹沢あさひ,第0.5話
芹沢あさひ\【ゴースト・サイド！】芹沢あさひ\第0.5話.csv,49,3017008020480,あさひ,わたしも触ってないっす！,我也没碰过！,芹沢あさひ,【ゴースト・サイド！】芹沢あさひ,第0.5話
芹沢あさひ\【ゴースト・サイド！】芹沢あさひ\第0.5話.csv,50,3017008020490,あさひ,"冬優子ちゃん、
だめって言ってたっすもん","毕竟冬优子，
说过不准碰嘛",芹沢あさひ,【ゴースト・サイド！】芹沢あさひ,第0.5話
芹沢あさひ\【ゴースト・サイド！】芹沢あさひ\第0.5話.csv,55,3017008020530,あさひ,本泥棒…………,偷书贼…………,芹沢あさひ,【ゴースト・サイド！】芹沢あさひ,第0.5話
芹沢あさひ\【ゴースト・サイド！】芹沢あさひ\第0.5話.csv,56,3017008020540,あさひ,見つけたらどうするっすか？,找到的话要怎么办？,芹沢あさひ,【ゴースト・サイド！】芹沢あさひ,第0.5話
芹沢あさひ\【ゴースト・サイド！】芹沢あさひ\第0.5話.csv,63,3017008020610,あさひ,…………,,芹沢あさひ,【ゴースト・サイド！】芹沢あさひ,第0.5話
芹沢あさひ\【ゴースト・サイド！】芹沢あさひ\第0.5話.csv,65,3017008020630,あさひ,なんか……,总觉得……,芹沢あさひ,【ゴースト・サイド！】芹沢あさひ,第0.5話
芹沢あさひ\【ゴースト・サイド！】芹沢あさひ\第0.5話.csv,66,3017008020640,あさひ,面白くなってきたっすね……！,变得有趣起来了……！,芹沢あさひ,【ゴースト・サイド！】芹沢あさひ,第0.5話
芹沢あさひ\【ゴースト・サイド！】芹沢あさひ\第1.5話.csv,2,3017008030010,あさひ,うーん……,嗯……,芹沢あさひ,【ゴースト・サイド！】芹沢あさひ,第1.5話
芹沢あさひ\【ゴースト・サイド！】芹沢あさひ\第1.5話.csv,3,3017008030020,あさひ,どこにあるっすかね～、本,在哪呢～，书,芹沢あさひ,【ゴースト・サイド！】芹沢あさひ,第1.5話
芹沢あさひ\【ゴースト・サイド！】芹沢あさひ\第1.5話.csv,4,3017008030030,あさひ,確か、２冊あったはずっすよねー……,记得应该，是有两本的吧……,芹沢あさひ,【ゴースト・サイド！】芹沢あさひ,第1.5話
芹沢あさひ\【ゴースト・サイド！】芹沢あさひ\第1.5話.csv,5,3017008030040,あさひ,……！,,芹沢あさひ,【ゴースト・サイド！】芹沢あさひ,第1.5話
芹沢あさひ\【ゴースト・サイド！】芹沢あさひ\第1.5話.csv,6,3017008030050,あさひ,……なんか,……感觉,芹沢あさひ,【ゴースト・サイド！】芹沢あさひ,第1.5話
芹沢あさひ\【ゴースト・サイド！】芹沢あさひ\第1.5話.csv,7,3017008030060,あさひ,外が騒がしいっすね,外面很吵呢,芹沢あさひ,【ゴースト・サイド！】芹沢あさひ,第1.5話
芹沢あさひ\【ゴースト・サイド！】芹沢あさひ\第1.5話.csv,8,3017008030070,あさひ,………………,,芹沢あさひ,【ゴースト・サイド！】芹沢あさひ,第1.5話
芹沢あさひ\【ゴースト・サイド！】芹沢あさひ\第1.5話.csv,11,3017008030100,あさひ,全然無いっすー！,完全没有！,芹沢あさひ,【ゴースト・サイド！】芹沢あさひ,第1.5話
芹沢あさひ\【ゴースト・サイド！】芹沢あさひ\第1.5話.csv,12,3017008030110,あさひ,"図書館の中には
無いんじゃないっすかー？","是不是
不在图书馆里呢？",芹沢あさひ,【ゴースト・サイド！】芹沢あさひ,第1.5話
芹沢あさひ\【ゴースト・サイド！】芹沢あさひ\第1.5話.csv,31,3017008030300,あさひ,はいっすー！,好的！,芹沢あさひ,【ゴースト・サイド！】芹沢あさひ,第1.5話
芹沢あさひ\【ゴースト・サイド！】芹沢あさひ\第1.5話.csv,32,3017008030310,あさひ,今、そっちに行────……,现在，就去那边────……,芹沢あさひ,【ゴースト・サイド！】芹沢あさひ,第1.5話
芹沢あさひ\【ゴースト・サイド！】芹沢あさひ\第1.5話.csv,33,3017008030320,あさひ,……！,,芹沢あさひ,【ゴースト・サイド！】芹沢あさひ,第1.5話
芹沢あさひ\【ゴースト・サイド！】芹沢あさひ\第1.5話.csv,34,3017008030330,あさひ,…………あっ,…………啊,芹沢あさひ,【ゴースト・サイド！】芹沢あさひ,第1.5話
芹沢あさひ\【ゴースト・サイド！】芹沢あさひ\第1.5話.csv,35,3017008030340,あさひ,ちょっと待ってほしいっす！,等一下！,芹沢あさひ,【ゴースト・サイド！】芹沢あさひ,第1.5話
芹沢あさひ\【ゴースト・サイド！】芹沢あさひ\第1.5話.csv,36,3017008030350,あさひ,誰か来たみたいっすよ！,好像有谁来了哦！,芹沢あさひ,【ゴースト・サイド！】芹沢あさひ,第1.5話
芹沢あさひ\【ゴースト・サイド！】芹沢あさひ\第1.5話.csv,38,3017008030370,あさひ,本、返しに来たのかも！,搞不好，是来还书的！,芹沢あさひ,【ゴースト・サイド！】芹沢あさひ,第1.5話
芹沢あさひ\【ゴースト・サイド！】芹沢あさひ\第1.5話.csv,40,3017008030390,あさひ,──見つけたっす,──找到了,芹沢あさひ,【ゴースト・サイド！】芹沢あさひ,第1.5話
芹沢あさひ\【ゴースト・サイド！】芹沢あさひ\第1.5話.csv,41,3017008030400,あさひ,"あったっすよー！
無くなった本！","找到了哦！
消失的书！",芹沢あさひ,【ゴースト・サイド！】芹沢あさひ,第1.5話
芹沢あさひ\【ゴースト・サイド！】芹沢あさひ\第1.5話.csv,44,3017008030430,あさひ,………………,,芹沢あさひ,【ゴースト・サイド！】芹沢あさひ,第1.5話
芹沢あさひ\【ゴースト・サイド！】芹沢あさひ\第1.5話.csv,45,3017008030440,あさひ,"よくわかんないけど
持ってきてくれたっす！","不太明白
但拿过来了！",芹沢あさひ,【ゴースト・サイド！】芹沢あさひ,第1.5話
芹沢あさひ\【ゴースト・サイド！】芹沢あさひ\第1.5話.csv,46,3017008030450,あさひ,よかったっすね、冬優子ちゃん！,太好了呢，冬优子！,芹沢あさひ,【ゴースト・サイド！】芹沢あさひ,第1.5話
芹沢あさひ\【ゴースト・サイド！】芹沢あさひ\第1.5話.csv,49,3017008030480,あさひ,……冬優子ちゃん？,……冬优子？,芹沢あさひ,【ゴースト・サイド！】芹沢あさひ,第1.5話
芹沢あさひ\【ゴースト・サイド！】芹沢あさひ\第1.5話.csv,56,3017008030550,あさひ,"えっ、
これが本泥棒なんすか？","诶，
这是偷书贼吗？",芹沢あさひ,【ゴースト・サイド！】芹沢あさひ,第1.5話
芹沢あさひ\【ゴースト・サイド！】芹沢あさひ\第1.5話.csv,60,3017008030590,あさひ,"うーん…………
よくわかんないっすけど","嗯…………
虽然不是很明白",芹沢あさひ,【ゴースト・サイド！】芹沢あさひ,第1.5話
芹沢あさひ\【ゴースト・サイド！】芹沢あさひ\第1.5話.csv,61,3017008030600,あさひ,とりあえず捕まえるっす！,总之去抓吧！,芹沢あさひ,【ゴースト・サイド！】芹沢あさひ,第1.5話
芹沢あさひ\【ジャンプ！スタッグ！！！】芹沢あさひ\その手に掴むは.csv,2,2017004030010,あさひ,よっ……ほっ……と！,哟……哈……嘿！,芹沢あさひ,【ジャンプ！スタッグ！！！】芹沢あさひ,その手に掴むは
芹沢あさひ\【ジャンプ！スタッグ！！！】芹沢あさひ\その手に掴むは.csv,4,2017004030020,あさひ,"あはは、今日はいつもより調子がよくて
色んな発見があったんすよ～","啊哈哈，今天比平时状态要好
有各种各样的发现哦～",芹沢あさひ,【ジャンプ！スタッグ！！！】芹沢あさひ,その手に掴むは
芹沢あさひ\【ジャンプ！スタッグ！！！】芹沢あさひ\その手に掴むは.csv,5,2017004030030,あさひ,うきうきっす～！,非常高兴～！,芹沢あさひ,【ジャンプ！スタッグ！！！】芹沢あさひ,その手に掴むは
芹沢あさひ\【ジャンプ！スタッグ！！！】芹沢あさひ\その手に掴むは.csv,8,2017004030040,あさひ,おぉ～、やったっす～！,哦～，太好了～！,芹沢あさひ,【ジャンプ！スタッグ！！！】芹沢あさひ,その手に掴むは
芹沢あさひ\【ジャンプ！スタッグ！！！】芹沢あさひ\その手に掴むは.csv,9,2017004030050,あさひ,明日も頑張──,明天也要加油——,芹沢あさひ,【ジャンプ！スタッグ！！！】芹沢あさひ,その手に掴むは
芹沢あさひ\【ジャンプ！スタッグ！！！】芹沢あさひ\その手に掴むは.csv,10,2017004030060,あさひ,──！,,芹沢あさひ,【ジャンプ！スタッグ！！！】芹沢あさひ,その手に掴むは
芹沢あさひ\【ジャンプ！スタッグ！！！】芹沢あさひ\その手に掴むは.csv,11,2017004030070,あさひ,今のなんすか？,刚才那个是什么？,芹沢あさひ,【ジャンプ！スタッグ！！！】芹沢あさひ,その手に掴むは
芹沢あさひ\【ジャンプ！スタッグ！！！】芹沢あさひ\その手に掴むは.csv,13,2017004030080,あさひ,ほら、また！　飛んでった！,你看，还在飞！,芹沢あさひ,【ジャンプ！スタッグ！！！】芹沢あさひ,その手に掴むは
芹沢あさひ\【ジャンプ！スタッグ！！！】芹沢あさひ\その手に掴むは.csv,15,2017004030090,あさひ,暗くてよくわからない……なんだろう,太黑了看不清……是什么呢,芹沢あさひ,【ジャンプ！スタッグ！！！】芹沢あさひ,その手に掴むは
芹沢あさひ\【ジャンプ！スタッグ！！！】芹沢あさひ\その手に掴むは.csv,16,2017004030100,あさひ,……,,芹沢あさひ,【ジャンプ！スタッグ！！！】芹沢あさひ,その手に掴むは
芹沢あさひ\【ジャンプ！スタッグ！！！】芹沢あさひ\その手に掴むは.csv,17,2017004030110,あさひ,！　あ！　クワガタだ！,！啊！是锹形虫！,芹沢あさひ,【ジャンプ！スタッグ！！！】芹沢あさひ,その手に掴むは
芹沢あさひ\【ジャンプ！スタッグ！！！】芹沢あさひ\その手に掴むは.csv,19,2017004030120,あさひ,ほら、あの電柱に止まってるっす！,你看，停在那根电线杆上！,芹沢あさひ,【ジャンプ！スタッグ！！！】芹沢あさひ,その手に掴むは
芹沢あさひ\【ジャンプ！スタッグ！！！】芹沢あさひ\その手に掴むは.csv,21,2017004030130,あさひ,あ！　また飛んでった！,啊！又飞了！,芹沢あさひ,【ジャンプ！スタッグ！！！】芹沢あさひ,その手に掴むは
芹沢あさひ\【ジャンプ！スタッグ！！！】芹沢あさひ\その手に掴むは.csv,22,2017004030140,あさひ,待て～！,等下～！,芹沢あさひ,【ジャンプ！スタッグ！！！】芹沢あさひ,その手に掴むは
芹沢あさひ\【ジャンプ！スタッグ！！！】芹沢あさひ\その手に掴むは.csv,24,2017004030150,あさひ,えいっ！　……それっ！,嘿！……我抓！,芹沢あさひ,【ジャンプ！スタッグ！！！】芹沢あさひ,その手に掴むは
芹沢あさひ\【ジャンプ！スタッグ！！！】芹沢あさひ\その手に掴むは.csv,25,2017004030160,あさひ,うーん……全然届かない……,唔……根本够不到……,芹沢あさひ,【ジャンプ！スタッグ！！！】芹沢あさひ,その手に掴むは
芹沢あさひ\【ジャンプ！スタッグ！！！】芹沢あさひ\その手に掴むは.csv,29,2017004030170,あさひ,そうなんすよ！　……えいっ！,是呢！……嘿！,芹沢あさひ,【ジャンプ！スタッグ！！！】芹沢あさひ,その手に掴むは
芹沢あさひ\【ジャンプ！スタッグ！！！】芹沢あさひ\その手に掴むは.csv,30,2017004030180,あさひ,やっぱり全然届かないっす～,果然完全够不到啊～,芹沢あさひ,【ジャンプ！スタッグ！！！】芹沢あさひ,その手に掴むは
芹沢あさひ\【ジャンプ！スタッグ！！！】芹沢あさひ\その手に掴むは.csv,32,2017004030190,あさひ,プロデューサーさんでも無理っすか～,制作人也不行吗～,芹沢あさひ,【ジャンプ！スタッグ！！！】芹沢あさひ,その手に掴むは
芹沢あさひ\【ジャンプ！スタッグ！！！】芹沢あさひ\その手に掴むは.csv,33,2017004030200,あさひ,うーん……,唔……,芹沢あさひ,【ジャンプ！スタッグ！！！】芹沢あさひ,その手に掴むは
芹沢あさひ\【ジャンプ！スタッグ！！！】芹沢あさひ\その手に掴むは.csv,34,2017004030210,あさひ,あ！　あれを使えば！,啊！用那个的话！,芹沢あさひ,【ジャンプ！スタッグ！！！】芹沢あさひ,その手に掴むは
芹沢あさひ\【ジャンプ！スタッグ！！！】芹沢あさひ\その手に掴むは.csv,35,2017004030220,あさひ,うわ！　いたた！,呜哇！好疼！,芹沢あさひ,【ジャンプ！スタッグ！！！】芹沢あさひ,その手に掴むは
芹沢あさひ\【ジャンプ！スタッグ！！！】芹沢あさひ\その手に掴むは.csv,37,2017004030230,あさひ,平気っす！　ちょうどとがってない部分だったんで,没事！正好不是很尖的部分,芹沢あさひ,【ジャンプ！スタッグ！！！】芹沢あさひ,その手に掴むは
芹沢あさひ\【ジャンプ！スタッグ！！！】芹沢あさひ\その手に掴むは.csv,40,2017004030240,あさひ,え～、痛くないし大丈夫っすよ～,诶～，又不疼，没关系的～,芹沢あさひ,【ジャンプ！スタッグ！！！】芹沢あさひ,その手に掴むは
芹沢あさひ\【ジャンプ！スタッグ！！！】芹沢あさひ\その手に掴むは.csv,41,0000000000000,あさひ,それより、ほら、このクワガタ、かなり大きいっす！,比起那个，看，这只锹形虫，相当大只呢！,芹沢あさひ,【ジャンプ！スタッグ！！！】芹沢あさひ,その手に掴むは
芹沢あさひ\【ジャンプ！スタッグ！！！】芹沢あさひ\その手に掴むは.csv,42,2017004030250,あさひ,"けど、どうしてこんなとこにいたのかな……
種類は……","但是，为什么会在这种地方呢……
种类是……",芹沢あさひ,【ジャンプ！スタッグ！！！】芹沢あさひ,その手に掴むは
芹沢あさひ\【ジャンプ！スタッグ！！！】芹沢あさひ\その手に掴むは.csv,44,2017004030260,あさひ,──うーん……,——唔……,芹沢あさひ,【ジャンプ！スタッグ！！！】芹沢あさひ,その手に掴むは
芹沢あさひ\【ジャンプ！スタッグ！！！】芹沢あさひ\その手に掴むは.csv,45,2017004030270,あさひ,"あ！　プロデューサーさん
このクワガタって飼いやすいみたいっす","啊！制作人
这只锹形虫好像很容易饲养",芹沢あさひ,【ジャンプ！スタッグ！！！】芹沢あさひ,その手に掴むは
芹沢あさひ\【ジャンプ！スタッグ！！！】芹沢あさひ\その手に掴むは.csv,46,2017004030280,あさひ,ほら、このサイトに書いてあるっす,你看，这个网站上写着,芹沢あさひ,【ジャンプ！スタッグ！！！】芹沢あさひ,その手に掴むは
芹沢あさひ\【ジャンプ！スタッグ！！！】芹沢あさひ\その手に掴むは.csv,49,2017004030290,あさひ,"あ、でも表面は思ってたより固いっすね～
とげだけ触ったら──","啊，但是表面比想象中的要硬呢～
只碰刺的话——",芹沢あさひ,【ジャンプ！スタッグ！！！】芹沢あさひ,その手に掴むは
芹沢あさひ\【ジャンプ！スタッグ！！！】芹沢あさひ\わたしの目、貴方の目.csv,2,2017004110010,あさひ,～♪,,芹沢あさひ,【ジャンプ！スタッグ！！！】芹沢あさひ,わたしの目、貴方の目
芹沢あさひ\【ジャンプ！スタッグ！！！】芹沢あさひ\わたしの目、貴方の目.csv,4,2017004110020,あさひ,今日はいいんす,今天没关系,芹沢あさひ,【ジャンプ！スタッグ！！！】芹沢あさひ,わたしの目、貴方の目
芹沢あさひ\【ジャンプ！スタッグ！！！】芹沢あさひ\わたしの目、貴方の目.csv,5,2017004110030,あさひ,ちょっとやりたいことがあるんすよ！,有些想做的事！,芹沢あさひ,【ジャンプ！スタッグ！！！】芹沢あさひ,わたしの目、貴方の目
芹沢あさひ\【ジャンプ！スタッグ！！！】芹沢あさひ\わたしの目、貴方の目.csv,7,2017004110040,あさひ,違うっすよ～、景色が見たいんす！,不是哦～，想看风景！,芹沢あさひ,【ジャンプ！スタッグ！！！】芹沢あさひ,わたしの目、貴方の目
芹沢あさひ\【ジャンプ！スタッグ！！！】芹沢あさひ\わたしの目、貴方の目.csv,10,2017004110050,あさひ,"そっす！　だからいつも行かないところまで行って
もっと景色が見たいんすよ！","没错！所以去平时不去的地方
想看更多的风景！",芹沢あさひ,【ジャンプ！スタッグ！！！】芹沢あさひ,わたしの目、貴方の目
芹沢あさひ\【ジャンプ！スタッグ！！！】芹沢あさひ\わたしの目、貴方の目.csv,11,2017004110060,あさひ,面白いもの、見れるっすかね～♪,能见到有趣的东西吗～♪,芹沢あさひ,【ジャンプ！スタッグ！！！】芹沢あさひ,わたしの目、貴方の目
芹沢あさひ\【ジャンプ！スタッグ！！！】芹沢あさひ\わたしの目、貴方の目.csv,13,2017004110070,あさひ,ッ……今度？,……下次？,芹沢あさひ,【ジャンプ！スタッグ！！！】芹沢あさひ,わたしの目、貴方の目
芹沢あさひ\【ジャンプ！スタッグ！！！】芹沢あさひ\わたしの目、貴方の目.csv,15,2017004110080,あさひ,"そんな必要ないっすよ
プロデューサーさんも行くんすから","没那个必要啊
因为制作人也要去",芹沢あさひ,【ジャンプ！スタッグ！！！】芹沢あさひ,わたしの目、貴方の目
芹沢あさひ\【ジャンプ！スタッグ！！！】芹沢あさひ\わたしの目、貴方の目.csv,20,2017004110090,あさひ,もっと景色が見やすい場所、探すっすよ！,去找更容易见到风景的地方！,芹沢あさひ,【ジャンプ！スタッグ！！！】芹沢あさひ,わたしの目、貴方の目
芹沢あさひ\【ジャンプ！スタッグ！！！】芹沢あさひ\わたしの目、貴方の目.csv,21,2017004110100,あさひ,"お！　プロデューサーさん！
あっち見てほしいっす！",哦！制作人！你看那里！,芹沢あさひ,【ジャンプ！スタッグ！！！】芹沢あさひ,わたしの目、貴方の目
芹沢あさひ\【ジャンプ！スタッグ！！！】芹沢あさひ\わたしの目、貴方の目.csv,22,2017004110110,あさひ,同じ形の家が何軒も並んでるっすよ！,排列着好几家外形相同的房子！,芹沢あさひ,【ジャンプ！スタッグ！！！】芹沢あさひ,わたしの目、貴方の目
芹沢あさひ\【ジャンプ！スタッグ！！！】芹沢あさひ\わたしの目、貴方の目.csv,25,2017004110120,あさひ,お城の壁みたいっすね！,就像城堡的墙壁似的！,芹沢あさひ,【ジャンプ！スタッグ！！！】芹沢あさひ,わたしの目、貴方の目
芹沢あさひ\【ジャンプ！スタッグ！！！】芹沢あさひ\わたしの目、貴方の目.csv,27,2017004110130,あさひ,プロデューサーさんにはどう見えたっすか？,制作人看来像什么？,芹沢あさひ,【ジャンプ！スタッグ！！！】芹沢あさひ,わたしの目、貴方の目
芹沢あさひ\【ジャンプ！スタッグ！！！】芹沢あさひ\わたしの目、貴方の目.csv,29,2017004110140,あさひ,"──あ！　プロデューサーさん！
後ろ後ろ！　後ろの方見てほしいっす！","——啊！制作人！
后面后面！你看后面！",芹沢あさひ,【ジャンプ！スタッグ！！！】芹沢あさひ,わたしの目、貴方の目
芹沢あさひ\【ジャンプ！スタッグ！！！】芹沢あさひ\わたしの目、貴方の目.csv,31,2017004110150,あさひ,あれなんすけどね──,就是那个——,芹沢あさひ,【ジャンプ！スタッグ！！！】芹沢あさひ,わたしの目、貴方の目
芹沢あさひ\【ジャンプ！スタッグ！！！】芹沢あさひ\わたしの目、貴方の目.csv,33,2017004110160,あさひ,あはは！　色々と見られて楽しかったっすね！,啊哈哈！能看见各种各样的风景很开心呢！,芹沢あさひ,【ジャンプ！スタッグ！！！】芹沢あさひ,わたしの目、貴方の目
芹沢あさひ\【ジャンプ！スタッグ！！！】芹沢あさひ\わたしの目、貴方の目.csv,35,2017004110170,あさひ,"わたしもプロデューサーさんの見方
色々知れて面白かったっす",我也知道了制作人的看法，很有意思,芹沢あさひ,【ジャンプ！スタッグ！！！】芹沢あさひ,わたしの目、貴方の目
芹沢あさひ\【ジャンプ！スタッグ！！！】芹沢あさひ\わたしの目、貴方の目.csv,36,2017004110180,あさひ,"プロデューサーさん、次はどこ行きたいっすか？
わたしはも～っと遠くまで行ってみたいっす！","制作人，下次想去哪？
我想去更远的地方！",芹沢あさひ,【ジャンプ！スタッグ！！！】芹沢あさひ,わたしの目、貴方の目
芹沢あさひ\【ジャンプ！スタッグ！！！】芹沢あさひ\他人の読み物、気になるもの.csv,3,2017004010010,あさひ,お疲れっす～！,辛苦了～！,芹沢あさひ,【ジャンプ！スタッグ！！！】芹沢あさひ,他人の読み物、気になるもの
芹沢あさひ\【ジャンプ！スタッグ！！！】芹沢あさひ\他人の読み物、気になるもの.csv,5,2017004010020,あさひ,遊んでくっす！,我要去玩！,芹沢あさひ,【ジャンプ！スタッグ！！！】芹沢あさひ,他人の読み物、気になるもの
芹沢あさひ\【ジャンプ！スタッグ！！！】芹沢あさひ\他人の読み物、気になるもの.csv,6,2017004010030,あさひ,"このショッピングモール、
見たことないものがいっぱいありそうっすから！",这个购物中心，好像有很多没见过的东西！,芹沢あさひ,【ジャンプ！スタッグ！！！】芹沢あさひ,他人の読み物、気になるもの
芹沢あさひ\【ジャンプ！スタッグ！！！】芹沢あさひ\他人の読み物、気になるもの.csv,8,2017004010040,あさひ,"はいっす！
プロデューサーさん、また明日っす！",好的！制作人，明天见！,芹沢あさひ,【ジャンプ！スタッグ！！！】芹沢あさひ,他人の読み物、気になるもの
芹沢あさひ\【ジャンプ！スタッグ！！！】芹沢あさひ\他人の読み物、気になるもの.csv,15,2017004010050,あさひ,……,,芹沢あさひ,【ジャンプ！スタッグ！！！】芹沢あさひ,他人の読み物、気になるもの
芹沢あさひ\【ジャンプ！スタッグ！！！】芹沢あさひ\他人の読み物、気になるもの.csv,18,2017004010060,あさひ,──その本、面白いっすか！？,——那本书，有意思吗！？,芹沢あさひ,【ジャンプ！スタッグ！！！】芹沢あさひ,他人の読み物、気になるもの
芹沢あさひ\【ジャンプ！スタッグ！！！】芹沢あさひ\他人の読み物、気になるもの.csv,24,2017004010070,あさひ,ありがとっす！,谢谢！,芹沢あさひ,【ジャンプ！スタッグ！！！】芹沢あさひ,他人の読み物、気になるもの
芹沢あさひ\【ジャンプ！スタッグ！！！】芹沢あさひ\他人の読み物、気になるもの.csv,25,2017004010080,あさひ,この本書いた人って、有名な人っすか？,写这本书的人，是有名的人吗？,芹沢あさひ,【ジャンプ！スタッグ！！！】芹沢あさひ,他人の読み物、気になるもの
芹沢あさひ\【ジャンプ！スタッグ！！！】芹沢あさひ\他人の読み物、気になるもの.csv,27,2017004010090,あさひ,"そうみたいっすね……
──最初の何ページかでどんな本かはわかったっす……","好像是呢……
——看了开头几页就知道是什么样的书了……",芹沢あさひ,【ジャンプ！スタッグ！！！】芹沢あさひ,他人の読み物、気になるもの
芹沢あさひ\【ジャンプ！スタッグ！！！】芹沢あさひ\他人の読み物、気になるもの.csv,29,2017004010100,あさひ,……,,芹沢あさひ,【ジャンプ！スタッグ！！！】芹沢あさひ,他人の読み物、気になるもの
芹沢あさひ\【ジャンプ！スタッグ！！！】芹沢あさひ\他人の読み物、気になるもの.csv,30,2017004010110,あさひ,……そっすかねぇ……,……是这样吗……,芹沢あさひ,【ジャンプ！スタッグ！！！】芹沢あさひ,他人の読み物、気になるもの
芹沢あさひ\【ジャンプ！スタッグ！！！】芹沢あさひ\他人の読み物、気になるもの.csv,32,2017004010120,あさひ,……,,芹沢あさひ,【ジャンプ！スタッグ！！！】芹沢あさひ,他人の読み物、気になるもの
芹沢あさひ\【ジャンプ！スタッグ！！！】芹沢あさひ\他人の読み物、気になるもの.csv,36,2017004010130,あさひ,え～、そんなのわからないじゃないっすか！,诶～，这种事说不准的吧！,芹沢あさひ,【ジャンプ！スタッグ！！！】芹沢あさひ,他人の読み物、気になるもの
芹沢あさひ\【ジャンプ！スタッグ！！！】芹沢あさひ\他人の読み物、気になるもの.csv,37,2017004010140,あさひ,"なんでもやってみた方が、面白いことが
見つかりやすいっす！",不管什么都去尝试一下，这样才能更容易发现有趣的东西！,芹沢あさひ,【ジャンプ！スタッグ！！！】芹沢あさひ,他人の読み物、気になるもの
芹沢あさひ\【ジャンプ！スタッグ！！！】芹沢あさひ\他人の読み物、気になるもの.csv,40,2017004010150,あさひ,ありがとっす！　早速読むっすよ～♪,谢谢！我现在就看～♪,芹沢あさひ,【ジャンプ！スタッグ！！！】芹沢あさひ,他人の読み物、気になるもの
芹沢あさひ\【ジャンプ！スタッグ！！！】芹沢あさひ\他人の読み物、気になるもの.csv,42,2017004010160,あさひ,"いいっすね！
わたしも話したいっす！","不错呢！
我也想说一下！",芹沢あさひ,【ジャンプ！スタッグ！！！】芹沢あさひ,他人の読み物、気になるもの
芹沢あさひ\【ジャンプ！スタッグ！！！】芹沢あさひ\他人の読み物、気になるもの.csv,46,2017004010170,あさひ,そうなんすね……！　ふんふん……,是这样呢……！嗯嗯……,芹沢あさひ,【ジャンプ！スタッグ！！！】芹沢あさひ,他人の読み物、気になるもの
芹沢あさひ\【ジャンプ！スタッグ！！！】芹沢あさひ\他人の読み物、気になるもの.csv,48,2017004010180,あさひ,そんなことないっすよ！,没这回事哦！,芹沢あさひ,【ジャンプ！スタッグ！！！】芹沢あさひ,他人の読み物、気になるもの
芹沢あさひ\【ジャンプ！スタッグ！！！】芹沢あさひ\他人の読み物、気になるもの.csv,49,2017004010190,あさひ,"その話、すっごい面白そうっす！
だからもっと話してくれないっすか？","你说的那些好像很有意思的样子！
所以，能多说一些吗？",芹沢あさひ,【ジャンプ！スタッグ！！！】芹沢あさひ,他人の読み物、気になるもの
芹沢あさひ\【ジャンプ！スタッグ！！！】芹沢あさひ\他人の読み物、気になるもの.csv,51,2017004010200,あさひ,はいっす～,嗯～,芹沢あさひ,【ジャンプ！スタッグ！！！】芹沢あさひ,他人の読み物、気になるもの
芹沢あさひ\【ジャンプ！スタッグ！！！】芹沢あさひ\舞台は自ら助くるものを助く.csv,2,2017004040010,あさひ,うーん……,唔……,芹沢あさひ,【ジャンプ！スタッグ！！！】芹沢あさひ,舞台は自ら助くるものを助く
芹沢あさひ\【ジャンプ！スタッグ！！！】芹沢あさひ\舞台は自ら助くるものを助く.csv,5,2017004040020,あさひ,──今日のステージは……何が……,——今天的舞台……感觉……,芹沢あさひ,【ジャンプ！スタッグ！！！】芹沢あさひ,舞台は自ら助くるものを助く
芹沢あさひ\【ジャンプ！スタッグ！！！】芹沢あさひ\舞台は自ら助くるものを助く.csv,7,2017004040030,あさひ,考えても考えても答えが出ないんすよ,再怎么思考也得不出答案啊,芹沢あさひ,【ジャンプ！スタッグ！！！】芹沢あさひ,舞台は自ら助くるものを助く
芹沢あさひ\【ジャンプ！スタッグ！！！】芹沢あさひ\舞台は自ら助くるものを助く.csv,8,2017004040040,あさひ,"いつも違うんす
ステージで感じる楽しさが",在舞台上感受到的快乐，总是不一样,芹沢あさひ,【ジャンプ！スタッグ！！！】芹沢あさひ,舞台は自ら助くるものを助く
芹沢あさひ\【ジャンプ！スタッグ！！！】芹沢あさひ\舞台は自ら助くるものを助く.csv,13,2017004040050,あさひ,大事なこと……,重要的事……,芹沢あさひ,【ジャンプ！スタッグ！！！】芹沢あさひ,舞台は自ら助くるものを助く
芹沢あさひ\【ジャンプ！スタッグ！！！】芹沢あさひ\舞台は自ら助くるものを助く.csv,15,2017004040060,あさひ,そうっす！　そうなんすよ！,没错！就是那样！,芹沢あさひ,【ジャンプ！スタッグ！！！】芹沢あさひ,舞台は自ら助くるものを助く
芹沢あさひ\【ジャンプ！スタッグ！！！】芹沢あさひ\舞台は自ら助くるものを助く.csv,16,0000000000000,あさひ,なのに、なんで答えが出ないんすかね……,但是，为什么得不出答案呢……,芹沢あさひ,【ジャンプ！スタッグ！！！】芹沢あさひ,舞台は自ら助くるものを助く
芹沢あさひ\【ジャンプ！スタッグ！！！】芹沢あさひ\舞台は自ら助くるものを助く.csv,20,2017004040070,あさひ,"生まれたばかりの気持ち……
だから……言葉にできない……","刚萌生出来的感受……
所以……没办法说出来……",芹沢あさひ,【ジャンプ！スタッグ！！！】芹沢あさひ,舞台は自ら助くるものを助く
芹沢あさひ\【ジャンプ！スタッグ！！！】芹沢あさひ\舞台は自ら助くるものを助く.csv,21,2017004040080,あさひ,じゃあ、まだ答えはわからない……？,那么，还不知道答案……？,芹沢あさひ,【ジャンプ！スタッグ！！！】芹沢あさひ,舞台は自ら助くるものを助く
芹沢あさひ\【ジャンプ！スタッグ！！！】芹沢あさひ\舞台は自ら助くるものを助く.csv,24,2017004040090,あさひ,けど、それで答えがわかるんすか？,但是，那样就能知道答案了吗？,芹沢あさひ,【ジャンプ！スタッグ！！！】芹沢あさひ,舞台は自ら助くるものを助く
芹沢あさひ\【ジャンプ！スタッグ！！！】芹沢あさひ\舞台は自ら助くるものを助く.csv,26,2017004040100,あさひ,──やったっす！　早く後半、始まらないっすかねぇ,——太好了！后半场不能早点开始吗,芹沢あさひ,【ジャンプ！スタッグ！！！】芹沢あさひ,舞台は自ら助くるものを助く
芹沢あさひ\【ジャンプ！スタッグ！！！】芹沢あさひ\舞台は自ら助くるものを助く.csv,28,2017004040110,あさひ,？,,芹沢あさひ,【ジャンプ！スタッグ！！！】芹沢あさひ,舞台は自ら助くるものを助く
芹沢あさひ\【ジャンプ！スタッグ！！！】芹沢あさひ\舞台は自ら助くるものを助く.csv,31,2017004040120,あさひ,わからないかもしれないんすか……,可能会不知道吗……,芹沢あさひ,【ジャンプ！スタッグ！！！】芹沢あさひ,舞台は自ら助くるものを助く
芹沢あさひ\【ジャンプ！スタッグ！！！】芹沢あさひ\舞台は自ら助くるものを助く.csv,33,2017004040130,あさひ,わたし次第……,取决于我……,芹沢あさひ,【ジャンプ！スタッグ！！！】芹沢あさひ,舞台は自ら助くるものを助く
芹沢あさひ\【ジャンプ！スタッグ！！！】芹沢あさひ\舞台は自ら助くるものを助く.csv,36,2017004040140,あさひ,……,,芹沢あさひ,【ジャンプ！スタッグ！！！】芹沢あさひ,舞台は自ら助くるものを助く
芹沢あさひ\【ジャンプ！スタッグ！！！】芹沢あさひ\舞台は自ら助くるものを助く.csv,37,2017004040150,あさひ,"そっすね！
今はとにかく全力で取り組んでくるっす！","是呢！
总之现在先尽全力去干！",芹沢あさひ,【ジャンプ！スタッグ！！！】芹沢あさひ,舞台は自ら助くるものを助く
芹沢あさひ\【ジャンプ！スタッグ！！！】芹沢あさひ\舞台は自ら助くるものを助く.csv,38,2017004040160,あさひ,"どういうふうに……っすか
うーん……","哪里不同……吗
唔……",芹沢あさひ,【ジャンプ！スタッグ！！！】芹沢あさひ,舞台は自ら助くるものを助く
芹沢あさひ\【ジャンプ！スタッグ！！！】芹沢あさひ\舞台は自ら助くるものを助く.csv,39,2017004040170,あさひ,……,,芹沢あさひ,【ジャンプ！スタッグ！！！】芹沢あさひ,舞台は自ら助くるものを助く
芹沢あさひ\【ジャンプ！スタッグ！！！】芹沢あさひ\舞台は自ら助くるものを助く.csv,42,2017004040180,あさひ,この前のイベントっす！,是这之前的活动！,芹沢あさひ,【ジャンプ！スタッグ！！！】芹沢あさひ,舞台は自ら助くるものを助く
芹沢あさひ\【ジャンプ！スタッグ！！！】芹沢あさひ\舞台は自ら助くるものを助く.csv,44,2017004040190,あさひ,"こうしたいっていうのがどんどん浮かんできて
止まらなかったっす！","不断涌现出“想要这样做”的想法
停不下来！",芹沢あさひ,【ジャンプ！スタッグ！！！】芹沢あさひ,舞台は自ら助くるものを助く
芹沢あさひ\【ジャンプ！スタッグ！！！】芹沢あさひ\舞台は自ら助くるものを助く.csv,46,2017004040200,あさひ,……先月のミニライブっすかね……,……上个月的迷你Live吧……,芹沢あさひ,【ジャンプ！スタッグ！！！】芹沢あさひ,舞台は自ら助くるものを助く
芹沢あさひ\【ジャンプ！スタッグ！！！】芹沢あさひ\舞台は自ら助くるものを助く.csv,47,2017004040210,あさひ,"反応がよかったんすよ
お客さん、近かったんで",反应很好哦，观众非常近,芹沢あさひ,【ジャンプ！スタッグ！！！】芹沢あさひ,舞台は自ら助くるものを助く
芹沢あさひ\【ジャンプ！スタッグ！！！】芹沢あさひ\舞台は自ら助くるものを助く.csv,48,2017004040220,あさひ,だから、やりたいことをやってみたんす,所以，尝试了想要做的事情,芹沢あさひ,【ジャンプ！スタッグ！！！】芹沢あさひ,舞台は自ら助くるものを助く
芹沢あさひ\【ジャンプ！スタッグ！！！】芹沢あさひ\舞台は自ら助くるものを助く.csv,49,2017004040230,あさひ,そしたら、もっと盛り上がったっす！,然后，气氛更加高涨了起来！,芹沢あさひ,【ジャンプ！スタッグ！！！】芹沢あさひ,舞台は自ら助くるものを助く
芹沢あさひ\【ジャンプ！スタッグ！！！】芹沢あさひ\舞台は自ら助くるものを助く.csv,54,2017004040240,あさひ,気付き……,善于发现……,芹沢あさひ,【ジャンプ！スタッグ！！！】芹沢あさひ,舞台は自ら助くるものを助く
芹沢あさひ\【ジャンプ！スタッグ！！！】芹沢あさひ\舞台は自ら助くるものを助く.csv,57,2017004040250,あさひ,"……プロデューサーさん
ありがとっす！",……制作人，谢谢你！,芹沢あさひ,【ジャンプ！スタッグ！！！】芹沢あさひ,舞台は自ら助くるものを助く
芹沢あさひ\【ジャンプ！スタッグ！！！】芹沢あさひ\舞台は自ら助くるものを助く.csv,58,2017004040260,あさひ,"もしかしたら、これで何かわかるかもっす！
今日のイベントの後、色々考えてみるっすよ！","说不定会明白些什么！
今天的活动结束后，我会试着去思考一下的！",芹沢あさひ,【ジャンプ！スタッグ！！！】芹沢あさひ,舞台は自ら助くるものを助く
芹沢あさひ\【ジャンプ！スタッグ！！！】芹沢あさひ\説明するは難し.csv,6,2017004020010,あさひ,……,,芹沢あさひ,【ジャンプ！スタッグ！！！】芹沢あさひ,説明するは難し
芹沢あさひ\【ジャンプ！スタッグ！！！】芹沢あさひ\説明するは難し.csv,8,2017004020020,あさひ,何やってるんすか,在做什么呢,芹沢あさひ,【ジャンプ！スタッグ！！！】芹沢あさひ,説明するは難し
芹沢あさひ\【ジャンプ！スタッグ！！！】芹沢あさひ\説明するは難し.csv,11,2017004020030,あさひ,──あ、わかったっす！,——啊，我明白了！,芹沢あさひ,【ジャンプ！スタッグ！！！】芹沢あさひ,説明するは難し
芹沢あさひ\【ジャンプ！スタッグ！！！】芹沢あさひ\説明するは難し.csv,12,2017004020040,あさひ,ちょっと貸してほしいっす！,稍微借我一会儿！,芹沢あさひ,【ジャンプ！スタッグ！！！】芹沢あさひ,説明するは難し
芹沢あさひ\【ジャンプ！スタッグ！！！】芹沢あさひ\説明するは難し.csv,13,2017004020050,あさひ,……できた,……可以了,芹沢あさひ,【ジャンプ！スタッグ！！！】芹沢あさひ,説明するは難し
芹沢あさひ\【ジャンプ！スタッグ！！！】芹沢あさひ\説明するは難し.csv,16,2017004020060,あさひ,？　見たらわかるじゃないっすか,？不是一看就明白了吗,芹沢あさひ,【ジャンプ！スタッグ！！！】芹沢あさひ,説明するは難し
芹沢あさひ\【ジャンプ！スタッグ！！！】芹沢あさひ\説明するは難し.csv,19,2017004020070,あさひ,"え～、嫌っすよ～
もう解いちゃったっすもん","诶～，不要～
都已经解开了",芹沢あさひ,【ジャンプ！スタッグ！！！】芹沢あさひ,説明するは難し
芹沢あさひ\【ジャンプ！スタッグ！！！】芹沢あさひ\説明するは難し.csv,21,2017004020080,あさひ,うーん……,唔……,芹沢あさひ,【ジャンプ！スタッグ！！！】芹沢あさひ,説明するは難し
芹沢あさひ\【ジャンプ！スタッグ！！！】芹沢あさひ\説明するは難し.csv,22,2017004020090,あさひ,ここをこうして、できたところを──,这里像这样，把完成的地方给——,芹沢あさひ,【ジャンプ！スタッグ！！！】芹沢あさひ,説明するは難し
芹沢あさひ\【ジャンプ！スタッグ！！！】芹沢あさひ\説明するは難し.csv,24,2017004020100,あさひ,んー？　……じゃあゆーっくり……,嗯？……那我慢一点……,芹沢あさひ,【ジャンプ！スタッグ！！！】芹沢あさひ,説明するは難し
芹沢あさひ\【ジャンプ！スタッグ！！！】芹沢あさひ\説明するは難し.csv,26,2017004020110,あさひ,……そっすか……？,……是吗……？,芹沢あさひ,【ジャンプ！スタッグ！！！】芹沢あさひ,説明するは難し
芹沢あさひ\【ジャンプ！スタッグ！！！】芹沢あさひ\説明するは難し.csv,27,2017004020120,あさひ,……,,芹沢あさひ,【ジャンプ！スタッグ！！！】芹沢あさひ,説明するは難し
芹沢あさひ\【ジャンプ！スタッグ！！！】芹沢あさひ\説明するは難し.csv,28,2017004020130,あさひ,"この辺をクルッとして、出たところをスッとしたら
カチャンとなるじゃないっすか","这边转一下，把出来的地方嗖地一下的话
不就咔嚓一下成这样了吗",芹沢あさひ,【ジャンプ！スタッグ！！！】芹沢あさひ,説明するは難し
芹沢あさひ\【ジャンプ！スタッグ！！！】芹沢あさひ\説明するは難し.csv,29,2017004020140,あさひ,ほら、これで終わりっす,看，这就结束了,芹沢あさひ,【ジャンプ！スタッグ！！！】芹沢あさひ,説明するは難し
芹沢あさひ\【ジャンプ！スタッグ！！！】芹沢あさひ\説明するは難し.csv,34,2017004020150,あさひ,？　どこがっすか？,？你指什么？,芹沢あさひ,【ジャンプ！スタッグ！！！】芹沢あさひ,説明するは難し
芹沢あさひ\【ジャンプ！スタッグ！！！】芹沢あさひ\説明するは難し.csv,37,2017004020160,あさひ,いや、ピンときたんすよ,不，只是有了灵感,芹沢あさひ,【ジャンプ！スタッグ！！！】芹沢あさひ,説明するは難し
芹沢あさひ\【ジャンプ！スタッグ！！！】芹沢あさひ\説明するは難し.csv,38,2017004020170,あさひ,頭の中に外れた状態が思い浮かんだっていうんすかね……,该说是浮现出了脑海里想到的状态吗……,芹沢あさひ,【ジャンプ！スタッグ！！！】芹沢あさひ,説明するは難し
芹沢あさひ\【ジャンプ！スタッグ！！！】芹沢あさひ\説明するは難し.csv,39,2017004020180,あさひ,そんな感じっす,就是那样的感觉,芹沢あさひ,【ジャンプ！スタッグ！！！】芹沢あさひ,説明するは難し
芹沢あさひ\【ジャンプ！スタッグ！！！】芹沢あさひ\説明するは難し.csv,43,2017004020190,あさひ,おっ！　やってみるっす！,哦！我试试看！,芹沢あさひ,【ジャンプ！スタッグ！！！】芹沢あさひ,説明するは難し
芹沢あさひ\【ジャンプ！スタッグ！！！】芹沢あさひ\説明するは難し.csv,44,2017004020200,あさひ,……こっちなら楽しめそうっすね……,……这个好像很有趣呢……,芹沢あさひ,【ジャンプ！スタッグ！！！】芹沢あさひ,説明するは難し
芹沢あさひ\【ジャンプ！スタッグ！！！】芹沢あさひ\説明するは難し.csv,45,2017004020210,あさひ,……,,芹沢あさひ,【ジャンプ！スタッグ！！！】芹沢あさひ,説明するは難し
芹沢あさひ\【ジャンプ！スタッグ！！！】芹沢あさひ\説明するは難し.csv,46,2017004020220,あさひ,さっきと同じ方法は通用しなさそう……,看起来刚才的办法行不通的样子……,芹沢あさひ,【ジャンプ！スタッグ！！！】芹沢あさひ,説明するは難し
芹沢あさひ\【ジャンプ！スタッグ！！！】芹沢あさひ\説明するは難し.csv,47,2017004020230,あさひ,……,,芹沢あさひ,【ジャンプ！スタッグ！！！】芹沢あさひ,説明するは難し
芹沢あさひ\【ジャンプ！スタッグ！！！】芹沢あさひ\説明するは難し.csv,51,2017004020240,あさひ,じゃあ、これ返すっすね,那么，这个还你,芹沢あさひ,【ジャンプ！スタッグ！！！】芹沢あさひ,説明するは難し
芹沢あさひ\【ジャンプ！スタッグ！！！】芹沢あさひ\説明するは難し.csv,54,2017004020250,あさひ,あはは～、全然できてないっす～！,啊哈哈～，根本做不到嘛～！,芹沢あさひ,【ジャンプ！スタッグ！！！】芹沢あさひ,説明するは難し
芹沢あさひ\【ジャンプ！スタッグ！！！】芹沢あさひ\説明するは難し.csv,56,2017004020260,あさひ,──あ！　あっちに！,——啊！那边！,芹沢あさひ,【ジャンプ！スタッグ！！！】芹沢あさひ,説明するは難し
芹沢あさひ\【プレゼン・バトン！】芹沢あさひ\『いい顔』探求.csv,3,3017004020020,あさひ,"──あっ、冬優子ちゃん
おはよっす！","——啊，冬优子
早上好！",芹沢あさひ,【プレゼン・バトン！】芹沢あさひ,『いい顔』探求
芹沢あさひ\【プレゼン・バトン！】芹沢あさひ\『いい顔』探求.csv,5,3017004020040,あさひ,"冬優子ちゃんに見せたかったんす！
『いい顔』になりたくて！","想给冬优子看一下！
“帅气的一面”！",芹沢あさひ,【プレゼン・バトン！】芹沢あさひ,『いい顔』探求
芹沢あさひ\【プレゼン・バトン！】芹沢あさひ\『いい顔』探求.csv,7,3017004020060,あさひ,"そしたら、愛依ちゃんがメイク手伝ってくれたっす！
わたし、どっすか？","所以爱依帮我化了妆！
我看起来怎么样？",芹沢あさひ,【プレゼン・バトン！】芹沢あさひ,『いい顔』探求
芹沢あさひ\【プレゼン・バトン！】芹沢あさひ\『いい顔』探求.csv,10,3017004020090,あさひ,えっ、ケバ──？,诶，呵——？,芹沢あさひ,【プレゼン・バトン！】芹沢あさひ,『いい顔』探求
芹沢あさひ\【プレゼン・バトン！】芹沢あさひ\『いい顔』探求.csv,12,3017004020110,あさひ,"──それじゃわからないっす～！
どういうことっすか──","——这么说我不明白！
具体是怎么回事——",芹沢あさひ,【プレゼン・バトン！】芹沢あさひ,『いい顔』探求
芹沢あさひ\【プレゼン・バトン！】芹沢あさひ\『いい顔』探求.csv,15,3017004020140,あさひ,…………！,,芹沢あさひ,【プレゼン・バトン！】芹沢あさひ,『いい顔』探求
芹沢あさひ\【プレゼン・バトン！】芹沢あさひ\『いい顔』探求.csv,16,3017004020150,あさひ,何言ってるか全然わかんないっすよー！,你说的我完全听不懂——！,芹沢あさひ,【プレゼン・バトン！】芹沢あさひ,『いい顔』探求
芹沢あさひ\【プレゼン・バトン！】芹沢あさひ\『いい顔』探求.csv,19,3017004020180,あさひ,冬優子ちゃんがすごかったからっす！,冬优子那个时候太厉害了！,芹沢あさひ,【プレゼン・バトン！】芹沢あさひ,『いい顔』探求
芹沢あさひ\【プレゼン・バトン！】芹沢あさひ\『いい顔』探求.csv,21,3017004020200,あさひ,"なんか、あの時の冬優子ちゃん
本当にすごくって……","怎么说，那时候的冬优子
真的太厉害了……",芹沢あさひ,【プレゼン・バトン！】芹沢あさひ,『いい顔』探求
芹沢あさひ\【プレゼン・バトン！】芹沢あさひ\『いい顔』探求.csv,22,3017004020210,あさひ,でも、わたしはそうじゃなかったっす！,但是，我并不是那样！,芹沢あさひ,【プレゼン・バトン！】芹沢あさひ,『いい顔』探求
芹沢あさひ\【プレゼン・バトン！】芹沢あさひ\『いい顔』探求.csv,25,3017004020240,あさひ,"なりたいんっすよ！
あの時みんなも、『いい顔』だって言ってたし──","想变成那样子！
那时候大家所说的“帅气的表情”——",芹沢あさひ,【プレゼン・バトン！】芹沢あさひ,『いい顔』探求
芹沢あさひ\【プレゼン・バトン！】芹沢あさひ\『いい顔』探求.csv,27,3017004020260,あさひ,"──ふっ、冬優子ちゃんっ……！
はぁっ…………パスっす……！","——冬，冬优子……！
哈…………交棒……！",芹沢あさひ,【プレゼン・バトン！】芹沢あさひ,『いい顔』探求
芹沢あさひ\【プレゼン・バトン！】芹沢あさひ\『いい顔』探求.csv,32,3017004020310,あさひ,"冬優子ちゃん……
──すごい顔っす……","冬优子……
——脸变得好厉害……",芹沢あさひ,【プレゼン・バトン！】芹沢あさひ,『いい顔』探求
芹沢あさひ\【プレゼン・バトン！】芹沢あさひ\『いい顔』探求.csv,34,3017004020330,あさひ,"……？
そうっすよ？　みんな言ってたじゃないっすか！","……？
对啊？ 大家不都这样说了吗！",芹沢あさひ,【プレゼン・バトン！】芹沢あさひ,『いい顔』探求
芹沢あさひ\【プレゼン・バトン！】芹沢あさひ\『いい顔』探求.csv,39,3017004020380,あさひ,"あ！　何するんすか！
メイク取れちゃうっす！","啊！ 要做什么啊！
这样妆会掉的！",芹沢あさひ,【プレゼン・バトン！】芹沢あさひ,『いい顔』探求
芹沢あさひ\【プレゼン・バトン！】芹沢あさひ\『いい顔』探求.csv,41,3017004020400,あさひ,――――！　意味がわからないっす！,————！ 意义不明！,芹沢あさひ,【プレゼン・バトン！】芹沢あさひ,『いい顔』探求
芹沢あさひ\【プレゼン・バトン！】芹沢あさひ\『いい顔』探求.csv,43,3017004020420,あさひ,"えっ……ええっ……！？
わっ……！　め、目の下が真っ黒……っ──","诶……诶诶……！
呜哇！ 眼，眼睛下面全变黑了……——",芹沢あさひ,【プレゼン・バトン！】芹沢あさひ,『いい顔』探求
芹沢あさひ\【プレゼン・バトン！】芹沢あさひ\『いい顔』探求.csv,46,3017004020450,あさひ,"……！？
で、でも……──！","……！？
可，可是……——！",芹沢あさひ,【プレゼン・バトン！】芹沢あさひ,『いい顔』探求
芹沢あさひ\【プレゼン・バトン！】芹沢あさひ\『いい顔』探求.csv,48,3017004020470,あさひ,……！,,芹沢あさひ,【プレゼン・バトン！】芹沢あさひ,『いい顔』探求
芹沢あさひ\【プレゼン・バトン！】芹沢あさひ\『いい顔』探求.csv,51,3017004020500,あさひ,"はぁ……はぁ……
メイク……落ちてるのに……","哈……哈……
明明……妆都掉了……",芹沢あさひ,【プレゼン・バトン！】芹沢あさひ,『いい顔』探求
芹沢あさひ\【プレゼン・バトン！】芹沢あさひ\『いい顔』探求.csv,52,3017004020510,あさひ,『だから』……？,“所以才”……？,芹沢あさひ,【プレゼン・バトン！】芹沢あさひ,『いい顔』探求
芹沢あさひ\【プレゼン・バトン！】芹沢あさひ\『いい顔』探求.csv,54,3017004020530,あさひ,……『だから』……,……“所以才”……,芹沢あさひ,【プレゼン・バトン！】芹沢あさひ,『いい顔』探求
芹沢あさひ\【プレゼン・バトン！】芹沢あさひ\『いい顔』探求.csv,56,3017004020550,あさひ,"……ち、ちがうっす
なんか……なんかわかりかけてるんっす……──","……不，不是的。
总觉得……总觉得快弄懂了……——",芹沢あさひ,【プレゼン・バトン！】芹沢あさひ,『いい顔』探求
芹沢あさひ\【プレゼン・バトン！】芹沢あさひ\『いい顔』探求.csv,57,3017004020560,あさひ,"確かに……
あの時、冬優子ちゃんすごくメイク取れてて……","确实……
那时冬优子的妆掉得很厉害……",芹沢あさひ,【プレゼン・バトン！】芹沢あさひ,『いい顔』探求
芹沢あさひ\【プレゼン・バトン！】芹沢あさひ\『いい顔』探求.csv,58,3017004020570,あさひ,ほんとに、なんかすごくて……──,真的，觉得哪里很厉害……——,芹沢あさひ,【プレゼン・バトン！】芹沢あさひ,『いい顔』探求
芹沢あさひ\【プレゼン・バトン！】芹沢あさひ\『いい顔』探求.csv,60,3017004020590,あさひ,……いい顔……──,……帅气的脸……——,芹沢あさひ,【プレゼン・バトン！】芹沢あさひ,『いい顔』探求
芹沢あさひ\【プレゼン・バトン！】芹沢あさひ\『いい顔』探求.csv,61,3017004020600,あさひ,冬優子ちゃん！　こっち向くっす！,冬优子！ 朝这边看！,芹沢あさひ,【プレゼン・バトン！】芹沢あさひ,『いい顔』探求
芹沢あさひ\【プレゼン・バトン！】芹沢あさひ\『いい顔』探求.csv,63,3017004020620,あさひ,それっ！,我擦！,芹沢あさひ,【プレゼン・バトン！】芹沢あさひ,『いい顔』探求
芹沢あさひ\【プレゼン・バトン！】芹沢あさひ\『いい顔』探求.csv,65,3017004020640,あさひ,"なんか、つかめそうなんっす！
冬優子ちゃんをさっき言ってた感じに再現するっす！","感觉快明白了！
把冬优子按刚才所说的还原的话！",芹沢あさひ,【プレゼン・バトン！】芹沢あさひ,『いい顔』探求
芹沢あさひ\【プレゼン・バトン！】芹沢あさひ\『いい顔』探求.csv,66,3017004020650,あさひ,"えっと……目の下を真っ黒にして
ファンデーションはぐずぐずで────","那个……把眼睛下面涂黑，
把粉底弄得一团糟————",芹沢あさひ,【プレゼン・バトン！】芹沢あさひ,『いい顔』探求
芹沢あさひ\【プレゼン・バトン！】芹沢あさひ\『いい顔』探求.csv,68,3017004020670,あさひ,"メイクが落ちて、『だから』いい顔って言ったの
冬優子ちゃんじゃないっすか！","因为妆都掉了，“所以才”被说帅气
这么说的不是冬优子吗！",芹沢あさひ,【プレゼン・バトン！】芹沢あさひ,『いい顔』探求
芹沢あさひ\【プレゼン・バトン！】芹沢あさひ\『いい顔』探求.csv,73,3017004020720,あさひ,……あはははっ！　パンダみたいっすー！,……啊哈哈哈！ 像熊猫一样！,芹沢あさひ,【プレゼン・バトン！】芹沢あさひ,『いい顔』探求
芹沢あさひ\【プレゼン・バトン！】芹沢あさひ\クリスマス、どう過ごします？.csv,6,3017004010040,あさひ,──さっき袖から見えてたっす！,——刚才看到你从袖子里拿出来了！,芹沢あさひ,【プレゼン・バトン！】芹沢あさひ,クリスマス、どう過ごします？
芹沢あさひ\【プレゼン・バトン！】芹沢あさひ\クリスマス、どう過ごします？.csv,8,3017004010060,あさひ,冬優子ちゃんは驚いてたっすよ！,冬优子被吓到了哦！,芹沢あさひ,【プレゼン・バトン！】芹沢あさひ,クリスマス、どう過ごします？
芹沢あさひ\【プレゼン・バトン！】芹沢あさひ\クリスマス、どう過ごします？.csv,17,3017004010150,あさひ,特に考えてないっすね,并没有仔细考虑过。,芹沢あさひ,【プレゼン・バトン！】芹沢あさひ,クリスマス、どう過ごします？
芹沢あさひ\【プレゼン・バトン！】芹沢あさひ\クリスマス、どう過ごします？.csv,18,3017004010160,あさひ,何しようかな……,要做什么好呢…………,芹沢あさひ,【プレゼン・バトン！】芹沢あさひ,クリスマス、どう過ごします？
芹沢あさひ\【プレゼン・バトン！】芹沢あさひ\クリスマス、どう過ごします？.csv,19,3017004010170,あさひ,あ！　そうだ！　サンタ！,啊！ 对了！ 圣诞老人！,芹沢あさひ,【プレゼン・バトン！】芹沢あさひ,クリスマス、どう過ごします？
芹沢あさひ\【プレゼン・バトン！】芹沢あさひ\クリスマス、どう過ごします？.csv,21,3017004010190,あさひ,サンタ探すっす！,去找圣诞老人！,芹沢あさひ,【プレゼン・バトン！】芹沢あさひ,クリスマス、どう過ごします？
芹沢あさひ\【プレゼン・バトン！】芹沢あさひ\クリスマス、どう過ごします？.csv,25,3017004010230,あさひ,"そもそもいるかどうかが
わからないっすよね",说到底都不知道圣诞老人是不是真的存在。,芹沢あさひ,【プレゼン・バトン！】芹沢あさひ,クリスマス、どう過ごします？
芹沢あさひ\【プレゼン・バトン！】芹沢あさひ\クリスマス、どう過ごします？.csv,27,3017004010250,あさひ,証明できてないんすよ、存在が！,还没有被证明啊，圣诞老人的存在！,芹沢あさひ,【プレゼン・バトン！】芹沢あさひ,クリスマス、どう過ごします？
芹沢あさひ\【プレゼン・バトン！】芹沢あさひ\クリスマス、どう過ごします？.csv,28,3017004010260,あさひ,まずはそこから解き明かすっす！,首先要从这个疑问开始解决！,芹沢あさひ,【プレゼン・バトン！】芹沢あさひ,クリスマス、どう過ごします？
芹沢あさひ\【プレゼン・バトン！】芹沢あさひ\クリスマス、どう過ごします？.csv,29,3017004010270,あさひ,"というわけなんでふたりも
何かあったら教えるっすよ！","就是这样，两人要是有什么线索
记得要告诉我哦！",芹沢あさひ,【プレゼン・バトン！】芹沢あさひ,クリスマス、どう過ごします？
芹沢あさひ\【プレゼン・バトン！】芹沢あさひ\クリスマス、どう過ごします？.csv,31,3017004010290,あさひ,事務所のみんなにも聞いてみるっすかね～,我也去问问事务所的大家~,芹沢あさひ,【プレゼン・バトン！】芹沢あさひ,クリスマス、どう過ごします？
芹沢あさひ\【プレゼン・バトン！】芹沢あさひ\クリスマス、どう過ごします？.csv,33,3017004010310,あさひ,たくさん知恵が集まれば、きっとわかるっすよ～,积聚了大家的智慧的话，一定会明白的~,芹沢あさひ,【プレゼン・バトン！】芹沢あさひ,クリスマス、どう過ごします？
芹沢あさひ\【プレゼン・バトン！】芹沢あさひ\クリスマス、どう過ごします？.csv,36,3017004010340,あさひ,冬優子ちゃんも『プレゼン・フォー・ユー』するっす！,冬优子今年也要参加《Present For You》！,芹沢あさひ,【プレゼン・バトン！】芹沢あさひ,クリスマス、どう過ごします？
芹沢あさひ\【プレゼン・バトン！】芹沢あさひ\クリスマス、どう過ごします？.csv,39,3017004010361,あさひ＆愛依,……！,,芹沢あさひ,【プレゼン・バトン！】芹沢あさひ,クリスマス、どう過ごします？
芹沢あさひ\【プレゼン・バトン！】芹沢あさひ\クリスマス、どう過ごします？.csv,42,3017004010381,あさひ＆愛依,……！,,芹沢あさひ,【プレゼン・バトン！】芹沢あさひ,クリスマス、どう過ごします？
芹沢あさひ\【プレゼン・バトン！】芹沢あさひ\クリスマス、どう過ごします？.csv,48,3017004010440,あさひ,わたしはどっちも思いっきりやるっす！,我不管那边都要尽全力享受！,芹沢あさひ,【プレゼン・バトン！】芹沢あさひ,クリスマス、どう過ごします？
芹沢あさひ\【プレゼン・バトン！】芹沢あさひ\クリスマス、どう過ごします？.csv,51,3017004010461,あさひ＆愛依,おーっ！,哦——！,芹沢あさひ,【プレゼン・バトン！】芹沢あさひ,クリスマス、どう過ごします？
芹沢あさひ\【プレゼン・バトン！】芹沢あさひ\ポストまでは何メートル？.csv,4,3017004030030,あさひ,わたしも終わったっす～！,我也写完了~！,芹沢あさひ,【プレゼン・バトン！】芹沢あさひ,ポストまでは何メートル？
芹沢あさひ\【プレゼン・バトン！】芹沢あさひ\ポストまでは何メートル？.csv,7,3017004030060,あさひ,いいっすよ～！,可以啊~！,芹沢あさひ,【プレゼン・バトン！】芹沢あさひ,ポストまでは何メートル？
芹沢あさひ\【プレゼン・バトン！】芹沢あさひ\ポストまでは何メートル？.csv,9,3017004030080,あさひ,はっ……はっ……,哈……哈……,芹沢あさひ,【プレゼン・バトン！】芹沢あさひ,ポストまでは何メートル？
芹沢あさひ\【プレゼン・バトン！】芹沢あさひ\ポストまでは何メートル？.csv,11,3017004030100,あさひ,全然っす～！,完全没问题~！,芹沢あさひ,【プレゼン・バトン！】芹沢あさひ,ポストまでは何メートル？
芹沢あさひ\【プレゼン・バトン！】芹沢あさひ\ポストまでは何メートル？.csv,13,3017004030120,あさひ,このままガンガン走るっすよ！,就这样一口气跑过去！,芹沢あさひ,【プレゼン・バトン！】芹沢あさひ,ポストまでは何メートル？
芹沢あさひ\【プレゼン・バトン！】芹沢あさひ\ポストまでは何メートル？.csv,15,3017004030140,あさひ,えー！,诶——！,芹沢あさひ,【プレゼン・バトン！】芹沢あさひ,ポストまでは何メートル？
芹沢あさひ\【プレゼン・バトン！】芹沢あさひ\ポストまでは何メートル？.csv,17,3017004030160,あさひ,いいっすね！,好耶！,芹沢あさひ,【プレゼン・バトン！】芹沢あさひ,ポストまでは何メートル？
芹沢あさひ\【プレゼン・バトン！】芹沢あさひ\ポストまでは何メートル？.csv,18,3017004030170,あさひ,！　ちょっとストップっす！,！ 稍微等一下！,芹沢あさひ,【プレゼン・バトン！】芹沢あさひ,ポストまでは何メートル？
芹沢あさひ\【プレゼン・バトン！】芹沢あさひ\ポストまでは何メートル？.csv,20,3017004030190,あさひ,なんか面白そうなお店があるっす！,好像有一家有趣的店铺！,芹沢あさひ,【プレゼン・バトン！】芹沢あさひ,ポストまでは何メートル？
芹沢あさひ\【プレゼン・バトン！】芹沢あさひ\ポストまでは何メートル？.csv,23,3017004030220,あさひ,行ってみるっす！,我去看一下！,芹沢あさひ,【プレゼン・バトン！】芹沢あさひ,ポストまでは何メートル？
芹沢あさひ\【プレゼン・バトン！】芹沢あさひ\ポストまでは何メートル？.csv,24,3017004030230,あさひ,へ～……当たり付きのお菓子なんてあるんすね……,诶~有带抽奖的零食……,芹沢あさひ,【プレゼン・バトン！】芹沢あさひ,ポストまでは何メートル？
芹沢あさひ\【プレゼン・バトン！】芹沢あさひ\ポストまでは何メートル？.csv,25,3017004030240,あさひ,……あ、はずれっす,……啊，没中。,芹沢あさひ,【プレゼン・バトン！】芹沢あさひ,ポストまでは何メートル？
芹沢あさひ\【プレゼン・バトン！】芹沢あさひ\ポストまでは何メートル？.csv,28,3017004030270,あさひ,……,,芹沢あさひ,【プレゼン・バトン！】芹沢あさひ,ポストまでは何メートル？
芹沢あさひ\【プレゼン・バトン！】芹沢あさひ\ポストまでは何メートル？.csv,29,3017004030280,あさひ,あ！　なんか神社があるっす！,啊，那边有个神社！,芹沢あさひ,【プレゼン・バトン！】芹沢あさひ,ポストまでは何メートル？
芹沢あさひ\【プレゼン・バトン！】芹沢あさひ\ポストまでは何メートル？.csv,32,3017004030310,あさひ,こっちっす～！,这边~！,芹沢あさひ,【プレゼン・バトン！】芹沢あさひ,ポストまでは何メートル？
芹沢あさひ\【プレゼン・バトン！】芹沢あさひ\ポストまでは何メートル？.csv,34,3017004030330,あさひ,おみくじ引くっすよ！,我去抽下签！,芹沢あさひ,【プレゼン・バトン！】芹沢あさひ,ポストまでは何メートル？
芹沢あさひ\【プレゼン・バトン！】芹沢あさひ\ポストまでは何メートル？.csv,36,3017004030350,あさひ,何回で大吉出せるか試すっす～,试一试抽几下会出大吉~,芹沢あさひ,【プレゼン・バトン！】芹沢あさひ,ポストまでは何メートル？
芹沢あさひ\【プレゼン・バトン！】芹沢あさひ\ポストまでは何メートル？.csv,39,3017004030380,あさひ,楽しかったっす～！,真的太有趣了~！,芹沢あさひ,【プレゼン・バトン！】芹沢あさひ,ポストまでは何メートル？
芹沢あさひ\【プレゼン・バトン！】芹沢あさひ\ポストまでは何メートル？.csv,47,3017004030460,あさひ,"わたしたちも年賀状を
出しに行くところだったんす！",我们也是正打算要去寄新年贺卡！,芹沢あさひ,【プレゼン・バトン！】芹沢あさひ,ポストまでは何メートル？
芹沢あさひ\【プレゼン・バトン！】芹沢あさひ\ポストまでは何メートル？.csv,49,3017004030480,あさひ,あははっ、走るっすよー！,啊哈哈，要跑起来了哦——！,芹沢あさひ,【プレゼン・バトン！】芹沢あさひ,ポストまでは何メートル？
芹沢あさひ\【ムーンライト・ガーデン】芹沢あさひ\201701601_已校.csv,2,2017016010010,あさひ,………………,………………,芹沢あさひ,【ムーンライト・ガーデン】芹沢あさひ,201701601_已校
芹沢あさひ\【ムーンライト・ガーデン】芹沢あさひ\201701601_已校.csv,3,2017016010020,あさひ,あれ、何してるっすか？,那是在干什么呢？,芹沢あさひ,【ムーンライト・ガーデン】芹沢あさひ,201701601_已校
芹沢あさひ\【ムーンライト・ガーデン】芹沢あさひ\201701601_已校.csv,5,2017016010030,あさひ,"せんてい……
こんなに切っちゃうっすか。すかすかっす","修剪……
要剪这么多吗。咔嚓咔嚓的",芹沢あさひ,【ムーンライト・ガーデン】芹沢あさひ,201701601_已校
芹沢あさひ\【ムーンライト・ガーデン】芹沢あさひ\201701601_已校.csv,7,2017016010040,あさひ,"すみませーん！
この切った枝、もらっていっすか！","不好意思！
这根剪下来的树枝，可以给我吗！",芹沢あさひ,【ムーンライト・ガーデン】芹沢あさひ,201701601_已校
芹沢あさひ\【ムーンライト・ガーデン】芹沢あさひ\201701601_已校.csv,10,2017016010050,あさひ,えー,诶——,芹沢あさひ,【ムーンライト・ガーデン】芹沢あさひ,201701601_已校
芹沢あさひ\【ムーンライト・ガーデン】芹沢あさひ\201701601_已校.csv,12,2017016010060,あさひ,なんでもらえなかったっすかねー,为什么不肯给我呢——,芹沢あさひ,【ムーンライト・ガーデン】芹沢あさひ,201701601_已校
芹沢あさひ\【ムーンライト・ガーデン】芹沢あさひ\201701601_已校.csv,15,2017016010070,あさひ,"……！
じゃあ、よかったかもしれないっすか？","……！
那，给我应该也不要紧吧？",芹沢あさひ,【ムーンライト・ガーデン】芹沢あさひ,201701601_已校
芹沢あさひ\【ムーンライト・ガーデン】芹沢あさひ\201701601_已校.csv,18,2017016010080,あさひ,あ────,啊────,芹沢あさひ,【ムーンライト・ガーデン】芹沢あさひ,201701601_已校
芹沢あさひ\【ムーンライト・ガーデン】芹沢あさひ\201701601_已校.csv,19,2017016010090,あさひ,"プロデューサーさん！
木の枝が水玉でキラキラしてるっすよ！","制作人！
树枝上挂着水珠，一闪一闪的诶！",芹沢あさひ,【ムーンライト・ガーデン】芹沢あさひ,201701601_已校
芹沢あさひ\【ムーンライト・ガーデン】芹沢あさひ\201701601_已校.csv,20,2017016010100,あさひ,『蓬莱の珠の枝』みたいっす！,好像『蓬莱玉枝』一样！,芹沢あさひ,【ムーンライト・ガーデン】芹沢あさひ,201701601_已校
芹沢あさひ\【ムーンライト・ガーデン】芹沢あさひ\201701601_已校.csv,22,2017016010110,あさひ,"知らないっすか？
『竹取物語』に出てくる宝物っす","制作人没听说过吗？
是『竹取物語』里的宝物哦",芹沢あさひ,【ムーンライト・ガーデン】芹沢あさひ,201701601_已校
芹沢あさひ\【ムーンライト・ガーデン】芹沢あさひ\201701601_已校.csv,25,2017016010120,あさひ,"今授業で古文の暗記させられてるっす
『今は昔、竹取の翁といふものありけり』～って","今天的古文课要背这首呢
『很久很久以前，有个叫竹取翁的老人』～",芹沢あさひ,【ムーンライト・ガーデン】芹沢あさひ,201701601_已校
芹沢あさひ\【ムーンライト・ガーデン】芹沢あさひ\201701601_已校.csv,27,2017016010130,あさひ,"すみませーん！
おじさんもここにある木、切ったっすか？","不好意思！
老爷爷也要把这里的树木的枝条砍掉了吗？",芹沢あさひ,【ムーンライト・ガーデン】芹沢あさひ,201701601_已校
芹沢あさひ\【ムーンライト・ガーデン】芹沢あさひ\201701601_已校.csv,30,2017016010140,あさひ,"なんで木、切っちゃったっすか？
せっかく育ったのに","为什么要砍掉呢？
好不容易才长起来",芹沢あさひ,【ムーンライト・ガーデン】芹沢あさひ,201701601_已校
芹沢あさひ\【ムーンライト・ガーデン】芹沢あさひ\201701601_已校.csv,32,2017016010150,あさひ,"……でも、こっちの木は
植木鉢だから関係ないっすよね","……不过，这边的树
是种在花盆里的，应该没关系吧",芹沢あさひ,【ムーンライト・ガーデン】芹沢あさひ,201701601_已校
芹沢あさひ\【ムーンライト・ガーデン】芹沢あさひ\201701601_已校.csv,34,2017016010160,あさひ,通気性っすか……,透气性啊……,芹沢あさひ,【ムーンライト・ガーデン】芹沢あさひ,201701601_已校
芹沢あさひ\【ムーンライト・ガーデン】芹沢あさひ\201701601_已校.csv,37,2017016010170,あさひ,ふーん、そっすか……,嗯——这样啊……,芹沢あさひ,【ムーンライト・ガーデン】芹沢あさひ,201701601_已校
芹沢あさひ\【ムーンライト・ガーデン】芹沢あさひ\201701601_已校.csv,38,2017016010180,あさひ,────これ、捨てちゃうっすよね,────这些都是要扔掉的吧,芹沢あさひ,【ムーンライト・ガーデン】芹沢あさひ,201701601_已校
芹沢あさひ\【ムーンライト・ガーデン】芹沢あさひ\201701601_已校.csv,40,2017016010190,あさひ,………………,………………,芹沢あさひ,【ムーンライト・ガーデン】芹沢あさひ,201701601_已校
芹沢あさひ\【ムーンライト・ガーデン】芹沢あさひ\201701601_已校.csv,42,2017016010200,あさひ,"…………なんか、あの音が耳から離れないっす
ばさばさ、いっぱい葉っぱが落ちる音","…………总觉得，那个声音一直挥之不去
唰唰的，落叶的声音",芹沢あさひ,【ムーンライト・ガーデン】芹沢あさひ,201701601_已校
芹沢あさひ\【ムーンライト・ガーデン】芹沢あさひ\201701601_已校.csv,43,2017016010210,あさひ,おじさんのいう意味もわかるっすけど────,虽然老爷爷的话我能理解————,芹沢あさひ,【ムーンライト・ガーデン】芹沢あさひ,201701601_已校
芹沢あさひ\【ムーンライト・ガーデン】芹沢あさひ\201701601_已校.csv,44,2017016010220,あさひ,"山とか森の中にだって木はあって
ちゃんと育ってるっすよ？","但是深山老林里也有不少树啊
不也长得很好吗？",芹沢あさひ,【ムーンライト・ガーデン】芹沢あさひ,201701601_已校
芹沢あさひ\【ムーンライト・ガーデン】芹沢あさひ\201701601_已校.csv,45,2017016010230,あさひ,"『せんてい』した方が
育つっていうのが──……","一定要『修剪』过之后
才能长得更好吗──……",芹沢あさひ,【ムーンライト・ガーデン】芹沢あさひ,201701601_已校
芹沢あさひ\【ムーンライト・ガーデン】芹沢あさひ\201701601_已校.csv,51,2017016010240,あさひ,切ったとこ……もったいないっすね,剪掉的那些……不会很浪费吗,芹沢あさひ,【ムーンライト・ガーデン】芹沢あさひ,201701601_已校
芹沢あさひ\【ムーンライト・ガーデン】芹沢あさひ\201701601_已校.csv,53,2017016010250,あさひ,"幻の宝物って、そういうのだと思うっす
探してたら見つけられないっすよ","我觉得梦幻的宝物都是这样呢
越是想去找，就越找不到",芹沢あさひ,【ムーンライト・ガーデン】芹沢あさひ,201701601_已校
芹沢あさひ\【ムーンライト・ガーデン】芹沢あさひ\201701601_已校.csv,56,2017016010251,あさひ＆プロデューサー,……『人間と同じ』なのかもしれないな,……或许真的是『对人来说也一样』啊（朝日：『对人来说也一样』吗）,芹沢あさひ,【ムーンライト・ガーデン】芹沢あさひ,201701601_已校
芹沢あさひ\【ムーンライト・ガーデン】芹沢あさひ\201701601_已校.csv,57,2017016010260,あさひ,……そっすか,……这样啊,芹沢あさひ,【ムーンライト・ガーデン】芹沢あさひ,201701601_已校
芹沢あさひ\【ムーンライト・ガーデン】芹沢あさひ\201701601_已校.csv,58,2017016010270,あさひ,"…………じゃあ、人間も
ザクザク切られたりされてるっすか？","…………那我们人也会
被这样唰唰地修剪掉吗？",芹沢あさひ,【ムーンライト・ガーデン】芹沢あさひ,201701601_已校
芹沢あさひ\【ムーンライト・ガーデン】芹沢あさひ\201701601_已校.csv,60,2017016010280,あさひ,"……！
あー…………","……！
啊ー…………",芹沢あさひ,【ムーンライト・ガーデン】芹沢あさひ,201701601_已校
芹沢あさひ\【ムーンライト・ガーデン】芹沢あさひ\201701601_已校.csv,61,2017016010290,あさひ,"んん、でも昔の言葉を覚えるのが
いいことなのかわからないっす","嗯嗯，不过光是记住古人说过的话
不知道有什么好处呢",芹沢あさひ,【ムーンライト・ガーデン】芹沢あさひ,201701601_已校
芹沢あさひ\【ムーンライト・ガーデン】芹沢あさひ\201701601_已校.csv,63,2017016010300,あさひ,ふーん……？,嗯……？,芹沢あさひ,【ムーンライト・ガーデン】芹沢あさひ,201701601_已校
芹沢あさひ\【ムーンライト・ガーデン】芹沢あさひ\201701601_已校.csv,65,2017016010310,あさひ,"うーん……わかるっすけど……
だんだんわかんなくなってきちゃったっす","嗯……虽然道理我都懂……
但又感觉听得越来越糊涂了",芹沢あさひ,【ムーンライト・ガーデン】芹沢あさひ,201701601_已校
芹沢あさひ\【ムーンライト・ガーデン】芹沢あさひ\201701601_已校.csv,66,2017016010320,あさひ,"……なんか、木がいっぱい切られるの
もやもやするっすよ","……总觉得，看着树被砍掉
心里就会躁动个不停",芹沢あさひ,【ムーンライト・ガーデン】芹沢あさひ,201701601_已校
芹沢あさひ\【ムーンライト・ガーデン】芹沢あさひ\201701601_已校.csv,68,2017016010330,あさひ,"そうなんすかね
そうかもしれないっす","是这样吗
可能是这样吧",芹沢あさひ,【ムーンライト・ガーデン】芹沢あさひ,201701601_已校
芹沢あさひ\【ムーンライト・ガーデン】芹沢あさひ\201701601_已校.csv,70,2017016010340,あさひ,プロデューサーさん、おかしなこと言うっすね,制作人你说的话好奇怪哦,芹沢あさひ,【ムーンライト・ガーデン】芹沢あさひ,201701601_已校
芹沢あさひ\【ムーンライト・ガーデン】芹沢あさひ\201701601_已校.csv,72,2017016010350,あさひ,そっすよ,是这样啦,芹沢あさひ,【ムーンライト・ガーデン】芹沢あさひ,201701601_已校
芹沢あさひ\【ムーンライト・ガーデン】芹沢あさひ\201701602_已校.csv,8,2017016020010,あさひ,"プロデューサーさん！
準備できたっす～","制作人！
我准备好了～",芹沢あさひ,【ムーンライト・ガーデン】芹沢あさひ,201701602_已校
芹沢あさひ\【ムーンライト・ガーデン】芹沢あさひ\201701602_已校.csv,10,2017016020020,あさひ,……話、よかったっすか？,……事情谈得顺利吗？,芹沢あさひ,【ムーンライト・ガーデン】芹沢あさひ,201701602_已校
芹沢あさひ\【ムーンライト・ガーデン】芹沢あさひ\201701602_已校.csv,13,2017016020030,あさひ,"そっすね～
でも話しかけられてばっかであんまり食べてないっす","是诶～
但一直有人搭话，所以没怎么吃",芹沢あさひ,【ムーンライト・ガーデン】芹沢あさひ,201701602_已校
芹沢あさひ\【ムーンライト・ガーデン】芹沢あさひ\201701602_已校.csv,15,2017016020040,あさひ,"ほんとっすか？
お肉となんか面白いやつ食べたいっす","真的吗？
我想吃肉，还有稀奇点的东西",芹沢あさひ,【ムーンライト・ガーデン】芹沢あさひ,201701602_已校
芹沢あさひ\【ムーンライト・ガーデン】芹沢あさひ\201701602_已校.csv,22,2017016020050,あさひ,"いっすよー
あと、プロデューサーさんはプロデューサーさんっす！","可以啊——
另外，制作人就是制作人！",芹沢あさひ,【ムーンライト・ガーデン】芹沢あさひ,201701602_已校
芹沢あさひ\【ムーンライト・ガーデン】芹沢あさひ\201701602_已校.csv,31,2017016020060,あさひ,"あー
疲れたっすー","啊
好累啊～",芹沢あさひ,【ムーンライト・ガーデン】芹沢あさひ,201701602_已校
芹沢あさひ\【ムーンライト・ガーデン】芹沢あさひ\201701602_已校.csv,32,2017016020070,あさひ,"プロデューサーさん
靴脱いでいっすか？　今すぐ～！","制作人
我能脱鞋了吗？现在就脱～！",芹沢あさひ,【ムーンライト・ガーデン】芹沢あさひ,201701602_已校
芹沢あさひ\【ムーンライト・ガーデン】芹沢あさひ\201701602_已校.csv,34,2017016020080,あさひ,ふー、楽になったっす～……,呼，轻松多了～……,芹沢あさひ,【ムーンライト・ガーデン】芹沢あさひ,201701602_已校
芹沢あさひ\【ムーンライト・ガーデン】芹沢あさひ\201701602_已校.csv,36,2017016020090,あさひ,頑張ってたっすか？,够好了吗？,芹沢あさひ,【ムーンライト・ガーデン】芹沢あさひ,201701602_已校
芹沢あさひ\【ムーンライト・ガーデン】芹沢あさひ\201701602_已校.csv,38,2017016020100,あさひ,なんすか？,怎么了？,芹沢あさひ,【ムーンライト・ガーデン】芹沢あさひ,201701602_已校
芹沢あさひ\【ムーンライト・ガーデン】芹沢あさひ\201701602_已校.csv,40,2017016020110,あさひ,"そっすか？
こんなことしてもっすか？","真的吗？
这样也像吗？",芹沢あさひ,【ムーンライト・ガーデン】芹沢あさひ,201701602_已校
芹沢あさひ\【ムーンライト・ガーデン】芹沢あさひ\201701602_已校.csv,42,2017016020120,あさひ,あははっ,哈哈,芹沢あさひ,【ムーンライト・ガーデン】芹沢あさひ,201701602_已校
芹沢あさひ\【ムーンライト・ガーデン】芹沢あさひ\201701602_已校.csv,43,2017016020130,あさひ,──えいっと,──嘿,芹沢あさひ,【ムーンライト・ガーデン】芹沢あさひ,201701602_已校
芹沢あさひ\【ムーンライト・ガーデン】芹沢あさひ\201701602_已校.csv,45,2017016020140,あさひ,芝生のとこだからへーきっすよ,没关系，这里有草坪,芹沢あさひ,【ムーンライト・ガーデン】芹沢あさひ,201701602_已校
芹沢あさひ\【ムーンライト・ガーデン】芹沢あさひ\201701602_已校.csv,46,2017016020150,あさひ,"木、いっぱいっすね
────あ","好多树啊
────啊",芹沢あさひ,【ムーンライト・ガーデン】芹沢あさひ,201701602_已校
芹沢あさひ\【ムーンライト・ガーデン】芹沢あさひ\201701602_已校.csv,47,2017016020160,あさひ,"プロデューサーさん
あれ、見るっす！　宝物、あるっすよ","制作人
看那里！　真的有宝物诶",芹沢あさひ,【ムーンライト・ガーデン】芹沢あさひ,201701602_已校
芹沢あさひ\【ムーンライト・ガーデン】芹沢あさひ\201701602_已校.csv,48,2017016020170,あさひ,『竜の首の珠』かもしれないっす！,说不定那就是『龙首之珠』！,芹沢あさひ,【ムーンライト・ガーデン】芹沢あさひ,201701602_已校
芹沢あさひ\【ムーンライト・ガーデン】芹沢あさひ\201701602_已校.csv,55,2017016020180,あさひ,"あははっ。そっすよ
見れてラッキーっすね","哈哈。是啊
能看到就已经很幸运了",芹沢あさひ,【ムーンライト・ガーデン】芹沢あさひ,201701602_已校
芹沢あさひ\【ムーンライト・ガーデン】芹沢あさひ\201701602_已校.csv,57,2017016020190,あさひ,……？,……？,芹沢あさひ,【ムーンライト・ガーデン】芹沢あさひ,201701602_已校
芹沢あさひ\【ムーンライト・ガーデン】芹沢あさひ\201701602_已校.csv,59,2017016020200,あさひ,"じゃあ、よかったっすね
プロデューサーさん","那可真是太巧了呢
制作人",芹沢あさひ,【ムーンライト・ガーデン】芹沢あさひ,201701602_已校
芹沢あさひ\【ムーンライト・ガーデン】芹沢あさひ\201701602_已校.csv,64,2017016020210,あさひ,"…………そっすね
本当に欲しそうじゃなかったっす","…………是呢
看起来也不是那么想要的样子",芹沢あさひ,【ムーンライト・ガーデン】芹沢あさひ,201701602_已校
芹沢あさひ\【ムーンライト・ガーデン】芹沢あさひ\201701602_已校.csv,65,2017016020220,あさひ,"本当に欲しいもの、言わなかったっす
それは………","真正想要的，她没说
但那东西………",芹沢あさひ,【ムーンライト・ガーデン】芹沢あさひ,201701602_已校
芹沢あさひ\【ムーンライト・ガーデン】芹沢あさひ\201701602_已校.csv,66,2017016020230,あさひ,"言っても、どうせわからないって
思ったっすよ","即使说了，
我们也不会懂的吧",芹沢あさひ,【ムーンライト・ガーデン】芹沢あさひ,201701602_已校
芹沢あさひ\【ムーンライト・ガーデン】芹沢あさひ\201701602_已校.csv,68,2017016020240,あさひ,……そっすね,……是啊,芹沢あさひ,【ムーンライト・ガーデン】芹沢あさひ,201701602_已校
芹沢あさひ\【ムーンライト・ガーデン】芹沢あさひ\201701602_已校.csv,69,2017016020250,あさひ,消えちゃうっすね,会消失呢,芹沢あさひ,【ムーンライト・ガーデン】芹沢あさひ,201701602_已校
芹沢あさひ\【ムーンライト・ガーデン】芹沢あさひ\201701602_已校.csv,70,2017016020260,あさひ,"幻の宝物だから、仕方ないっす
めったに出会えないっすよ","毕竟是梦幻的宝物，这也没办法。
正常也见不到几次呢。",芹沢あさひ,【ムーンライト・ガーデン】芹沢あさひ,201701602_已校
芹沢あさひ\【ムーンライト・ガーデン】芹沢あさひ\201701602_已校.csv,73,2017016020270,あさひ,"そっすかね？
普通にしてれば…………","是这样吗？
只要保持平常心…………",芹沢あさひ,【ムーンライト・ガーデン】芹沢あさひ,201701602_已校
芹沢あさひ\【ムーンライト・ガーデン】芹沢あさひ\201701602_已校.csv,76,2017016020280,あさひ,…………はいっす,…………好的。,芹沢あさひ,【ムーンライト・ガーデン】芹沢あさひ,201701602_已校
芹沢あさひ\【ムーンライト・ガーデン】芹沢あさひ\201701603_已校.csv,3,2017016030010,あさひ,んー、ありがとっす,嗯——，谢谢,芹沢あさひ,【ムーンライト・ガーデン】芹沢あさひ,201701603_已校
芹沢あさひ\【ムーンライト・ガーデン】芹沢あさひ\201701603_已校.csv,5,2017016030020,あさひ,"木の又にゴムつけるだけっす
簡単だったっすよ","只要在树杈上绑上橡皮筋就可以了
很简单的",芹沢あさひ,【ムーンライト・ガーデン】芹沢あさひ,201701603_已校
芹沢あさひ\【ムーンライト・ガーデン】芹沢あさひ\201701603_已校.csv,7,2017016030030,あさひ,…………,…………,芹沢あさひ,【ムーンライト・ガーデン】芹沢あさひ,201701603_已校
芹沢あさひ\【ムーンライト・ガーデン】芹沢あさひ\201701603_已校.csv,9,2017016030040,あさひ,おー…………,哦————,芹沢あさひ,【ムーンライト・ガーデン】芹沢あさひ,201701603_已校
芹沢あさひ\【ムーンライト・ガーデン】芹沢あさひ\201701603_已校.csv,11,2017016030050,あさひ,いっすよー,可以啊——,芹沢あさひ,【ムーンライト・ガーデン】芹沢あさひ,201701603_已校
芹沢あさひ\【ムーンライト・ガーデン】芹沢あさひ\201701603_已校.csv,13,2017016030060,あさひ,なんもないっすよ,没什么啊,芹沢あさひ,【ムーンライト・ガーデン】芹沢あさひ,201701603_已校
芹沢あさひ\【ムーンライト・ガーデン】芹沢あさひ\201701603_已校.csv,15,2017016030070,あさひ,…………考えてたわけじゃないっすけど──,…………也不是有什么心事——,芹沢あさひ,【ムーンライト・ガーデン】芹沢あさひ,201701603_已校
芹沢あさひ\【ムーンライト・ガーデン】芹沢あさひ\201701603_已校.csv,16,2017016030080,あさひ,"今日、学校で歌のテストが
あったっす","今天，学校里
举行了歌唱测试——",芹沢あさひ,【ムーンライト・ガーデン】芹沢あさひ,201701603_已校
芹沢あさひ\【ムーンライト・ガーデン】芹沢あさひ\201701603_已校.csv,22,2017016030090,あさひ,──────……,──────……,芹沢あさひ,【ムーンライト・ガーデン】芹沢あさひ,201701603_已校
芹沢あさひ\【ムーンライト・ガーデン】芹沢あさひ\201701603_已校.csv,23,2017016030100,あさひ,………………,………………,芹沢あさひ,【ムーンライト・ガーデン】芹沢あさひ,201701603_已校
芹沢あさひ\【ムーンライト・ガーデン】芹沢あさひ\201701603_已校.csv,28,2017016030110,あさひ,はぁ……,哈……,芹沢あさひ,【ムーンライト・ガーデン】芹沢あさひ,201701603_已校
芹沢あさひ\【ムーンライト・ガーデン】芹沢あさひ\201701603_已校.csv,30,2017016030120,あさひ,…………できたっす,…………做好了,芹沢あさひ,【ムーンライト・ガーデン】芹沢あさひ,201701603_已校
芹沢あさひ\【ムーンライト・ガーデン】芹沢あさひ\201701603_已校.csv,32,2017016030130,あさひ,撃ってみるっすよー,我试试看——,芹沢あさひ,【ムーンライト・ガーデン】芹沢あさひ,201701603_已校
芹沢あさひ\【ムーンライト・ガーデン】芹沢あさひ\201701603_已校.csv,33,2017016030131,あさひ＆プロデューサー,飛んだ……！,打出去了……！,芹沢あさひ,【ムーンライト・ガーデン】芹沢あさひ,201701603_已校
芹沢あさひ\【ムーンライト・ガーデン】芹沢あさひ\201701603_已校.csv,34,2017016030140,あさひ,面白いっすねー,好有趣啊——,芹沢あさひ,【ムーンライト・ガーデン】芹沢あさひ,201701603_已校
芹沢あさひ\【ムーンライト・ガーデン】芹沢あさひ\201701603_已校.csv,37,2017016030150,あさひ,…………でも、こういうことはよくあるっす,…………但，这也是常有的事了,芹沢あさひ,【ムーンライト・ガーデン】芹沢あさひ,201701603_已校
芹沢あさひ\【ムーンライト・ガーデン】芹沢あさひ\201701603_已校.csv,38,2017016030160,あさひ,"そんなに、合唱コンクールで歌いたかった
わけじゃないっすし","我也没那么
想在合唱比赛上唱歌",芹沢あさひ,【ムーンライト・ガーデン】芹沢あさひ,201701603_已校
芹沢あさひ\【ムーンライト・ガーデン】芹沢あさひ\201701603_已校.csv,39,2017016030170,あさひ,…………あ,…………啊,芹沢あさひ,【ムーンライト・ガーデン】芹沢あさひ,201701603_已校
芹沢あさひ\【ムーンライト・ガーデン】芹沢あさひ\201701603_已校.csv,42,2017016030180,あさひ,…………,…………,芹沢あさひ,【ムーンライト・ガーデン】芹沢あさひ,201701603_已校
芹沢あさひ\【ムーンライト・ガーデン】芹沢あさひ\201701603_已校.csv,44,2017016030190,あさひ,────……,────……,芹沢あさひ,【ムーンライト・ガーデン】芹沢あさひ,201701603_已校
芹沢あさひ\【ムーンライト・ガーデン】芹沢あさひ\201701603_已校.csv,46,2017016030200,あさひ,……,……,芹沢あさひ,【ムーンライト・ガーデン】芹沢あさひ,201701603_已校
芹沢あさひ\【ムーンライト・ガーデン】芹沢あさひ\201701603_已校.csv,48,2017016030210,あさひ,"撃たないっすよ
撃っても、意味ないっす","我不会打的
即使打了，也没有意义",芹沢あさひ,【ムーンライト・ガーデン】芹沢あさひ,201701603_已校
芹沢あさひ\【ムーンライト・ガーデン】芹沢あさひ\201701603_已校.csv,49,0000000000000,あさひ,──────────,──────────,芹沢あさひ,【ムーンライト・ガーデン】芹沢あさひ,201701603_已校
芹沢あさひ\【ムーンライト・ガーデン】芹沢あさひ\201701603_已校.csv,56,2017016030220,あさひ,……,……,芹沢あさひ,【ムーンライト・ガーデン】芹沢あさひ,201701603_已校
芹沢あさひ\【ムーンライト・ガーデン】芹沢あさひ\201701603_已校.csv,58,2017016030230,あさひ,"……！
えっ、どうやったら後ろに飛ぶっすか！？","……！
诶，怎么飞到后面去了！？",芹沢あさひ,【ムーンライト・ガーデン】芹沢あさひ,201701603_已校
芹沢あさひ\【ムーンライト・ガーデン】芹沢あさひ\201701603_已校.csv,59,2017016030240,あさひ,──あははっ,——哈哈,芹沢あさひ,【ムーンライト・ガーデン】芹沢あさひ,201701603_已校
芹沢あさひ\【ムーンライト・ガーデン】芹沢あさひ\201701603_已校.csv,61,2017016030250,あさひ,"本物だったら死んじゃってるっす
プロデューサーさん","如果是真枪，
制作人就挂了哦",芹沢あさひ,【ムーンライト・ガーデン】芹沢あさひ,201701603_已校
芹沢あさひ\【ムーンライト・ガーデン】芹沢あさひ\201701603_已校.csv,63,2017016030260,あさひ,"…………なんすか、それ
変な人形っすね──宇宙人みたいっす","…………这是什么
好奇怪的人偶——像外星人一样",芹沢あさひ,【ムーンライト・ガーデン】芹沢あさひ,201701603_已校
芹沢あさひ\【ムーンライト・ガーデン】芹沢あさひ\201701603_已校.csv,65,2017016030270,あさひ,"あー……あははっ
あったっすね、そんなの！","啊……哈哈
有这回事啊！",芹沢あさひ,【ムーンライト・ガーデン】芹沢あさひ,201701603_已校
芹沢あさひ\【ムーンライト・ガーデン】芹沢あさひ\201701603_已校.csv,66,2017016030280,あさひ,じゃ、行くっすよ──,那，我要开始咯——,芹沢あさひ,【ムーンライト・ガーデン】芹沢あさひ,201701603_已校
芹沢あさひ\【ムーンライト・ガーデン】芹沢あさひ\201701603_已校.csv,67,2017016030290,あさひ,はずれたっす！,射偏了！,芹沢あさひ,【ムーンライト・ガーデン】芹沢あさひ,201701603_已校
芹沢あさひ\【ムーンライト・ガーデン】芹沢あさひ\201701603_已校.csv,69,2017016030300,あさひ,"…………そっすね
今度こそ","…………也是
这次一定要射中",芹沢あさひ,【ムーンライト・ガーデン】芹沢あさひ,201701603_已校
芹沢あさひ\【ムーンライト・ガーデン】芹沢あさひ\201701603_已校.csv,71,2017016030310,あさひ,……あっ！,……啊！,芹沢あさひ,【ムーンライト・ガーデン】芹沢あさひ,201701603_已校
芹沢あさひ\【ムーンライト・ガーデン】芹沢あさひ\201701603_已校.csv,73,2017016030320,あさひ,"今のなしっす！
返してほしいっす～！","刚才不算！
还给我——！",芹沢あさひ,【ムーンライト・ガーデン】芹沢あさひ,201701603_已校
芹沢あさひ\【ムーンライト・ガーデン】芹沢あさひ\201701603_已校.csv,77,2017016030330,あさひ,……わかったっす,……知道了,芹沢あさひ,【ムーンライト・ガーデン】芹沢あさひ,201701603_已校
芹沢あさひ\【ムーンライト・ガーデン】芹沢あさひ\201701604_已校.csv,3,2017016040010,あさひ,……！,……！,芹沢あさひ,【ムーンライト・ガーデン】芹沢あさひ,201701604_已校
芹沢あさひ\【ムーンライト・ガーデン】芹沢あさひ\201701604_已校.csv,5,2017016040020,あさひ,…………,…………,芹沢あさひ,【ムーンライト・ガーデン】芹沢あさひ,201701604_已校
芹沢あさひ\【ムーンライト・ガーデン】芹沢あさひ\201701604_已校.csv,7,2017016040030,あさひ,"なんか気になることがあったら
言ってほしいっす","有什么想说的话
就直接说好了",芹沢あさひ,【ムーンライト・ガーデン】芹沢あさひ,201701604_已校
芹沢あさひ\【ムーンライト・ガーデン】芹沢あさひ\201701604_已校.csv,10,2017016040040,あさひ,"先生、わたし、もっと上手くなるには
どうしたらいっすかね？","老师，该怎么做
才能变得更厉害呢？",芹沢あさひ,【ムーンライト・ガーデン】芹沢あさひ,201701604_已校
芹沢あさひ\【ムーンライト・ガーデン】芹沢あさひ\201701604_已校.csv,13,2017016040050,あさひ,"むー……
そんなの、わたしにはわかんないっす！","唔……
说这些，我听不懂啦！",芹沢あさひ,【ムーンライト・ガーデン】芹沢あさひ,201701604_已校
芹沢あさひ\【ムーンライト・ガーデン】芹沢あさひ\201701604_已校.csv,16,2017016040060,あさひ,"やってみないとわかんないっすけど
やったほうが上手くなるならやるっすよ","不试试怎么知道呢
如果能变得更厉害的话，那我就要去做",芹沢あさひ,【ムーンライト・ガーデン】芹沢あさひ,201701604_已校
芹沢あさひ\【ムーンライト・ガーデン】芹沢あさひ\201701604_已校.csv,18,2017016040070,あさひ,ん、そっすか,嗯，是这样吗,芹沢あさひ,【ムーンライト・ガーデン】芹沢あさひ,201701604_已校
芹沢あさひ\【ムーンライト・ガーデン】芹沢あさひ\201701604_已校.csv,19,2017016040080,あさひ,──でも、『たいかん』ってなんすかね？,──但是，“体干”指的是什么呢？,芹沢あさひ,【ムーンライト・ガーデン】芹沢あさひ,201701604_已校
芹沢あさひ\【ムーンライト・ガーデン】芹沢あさひ\201701604_已校.csv,22,2017016040090,あさひ,──なんか、大事なんすね,──听起来好像很重要呢,芹沢あさひ,【ムーンライト・ガーデン】芹沢あさひ,201701604_已校
芹沢あさひ\【ムーンライト・ガーデン】芹沢あさひ\201701604_已校.csv,24,2017016040100,あさひ,"うーん……？
たいかん……胴体っすか……","嗯……？
体干……也就是躯干吗……",芹沢あさひ,【ムーンライト・ガーデン】芹沢あさひ,201701604_已校
芹沢あさひ\【ムーンライト・ガーデン】芹沢あさひ\201701604_已校.csv,26,2017016040110,あさひ,木の……幹……,树干的……干……,芹沢あさひ,【ムーンライト・ガーデン】芹沢あさひ,201701604_已校
芹沢あさひ\【ムーンライト・ガーデン】芹沢あさひ\201701604_已校.csv,28,2017016040120,あさひ,……つまり、木みたいになれってことっすかね？,……也就是说，要变得像树一样咯？,芹沢あさひ,【ムーンライト・ガーデン】芹沢あさひ,201701604_已校
芹沢あさひ\【ムーンライト・ガーデン】芹沢あさひ\201701604_已校.csv,30,2017016040130,あさひ,────…………,────…………,芹沢あさひ,【ムーンライト・ガーデン】芹沢あさひ,201701604_已校
芹沢あさひ\【ムーンライト・ガーデン】芹沢あさひ\201701604_已校.csv,32,2017016040140,あさひ,"そっすね
それに、登りやすそうっす","是啊
还很容易爬",芹沢あさひ,【ムーンライト・ガーデン】芹沢あさひ,201701604_已校
芹沢あさひ\【ムーンライト・ガーデン】芹沢あさひ\201701604_已校.csv,33,2017016040150,あさひ,"この木に登ったら、きっと
遠くがよく見えるっすね","如果爬上这棵树，肯定会
能看到更远的地方",芹沢あさひ,【ムーンライト・ガーデン】芹沢あさひ,201701604_已校
芹沢あさひ\【ムーンライト・ガーデン】芹沢あさひ\201701604_已校.csv,36,2017016040160,あさひ,……しないっすよ,……我不会真爬的啦,芹沢あさひ,【ムーンライト・ガーデン】芹沢あさひ,201701604_已校
芹沢あさひ\【ムーンライト・ガーデン】芹沢あさひ\201701604_已校.csv,37,2017016040170,あさひ,いっすね、この木は遠くがよく見えて──,真好呢，这棵树能望到很远的地方──,芹沢あさひ,【ムーンライト・ガーデン】芹沢あさひ,201701604_已校
芹沢あさひ\【ムーンライト・ガーデン】芹沢あさひ\201701604_已校.csv,38,2017016040180,あさひ,"でも、どこにも行けなくて
ずっとここにいて、いいっすかね","但是，却哪都去不了
一直待在这里，这样真的够吗",芹沢あさひ,【ムーンライト・ガーデン】芹沢あさひ,201701604_已校
芹沢あさひ\【ムーンライト・ガーデン】芹沢あさひ\201701604_已校.csv,42,2017016040190,あさひ,木は、しゃべらないっすから,树，也不会说话,芹沢あさひ,【ムーンライト・ガーデン】芹沢あさひ,201701604_已校
芹沢あさひ\【ムーンライト・ガーデン】芹沢あさひ\201701604_已校.csv,43,2017016040200,あさひ,────────,────────,芹沢あさひ,【ムーンライト・ガーデン】芹沢あさひ,201701604_已校
芹沢あさひ\【ムーンライト・ガーデン】芹沢あさひ\201701604_已校.csv,44,2017016040210,あさひ,"まず、左の枝をつかんで
右の枝に足をかけて──","首先，手抓住左边的树枝
脚踩在右边的树枝上──",芹沢あさひ,【ムーンライト・ガーデン】芹沢あさひ,201701604_已校
芹沢あさひ\【ムーンライト・ガーデン】芹沢あさひ\201701604_已校.csv,45,2017016040220,あさひ,"奥に伸びてる枝は、良さそうっすけど
先がないから手前の枝のほう──","向深处伸展的枝条，看起来很容易够到
但是下一步就不知道往哪儿爬了，所以还是手边的枝条更好──",芹沢あさひ,【ムーンライト・ガーデン】芹沢あさひ,201701604_已校
芹沢あさひ\【ムーンライト・ガーデン】芹沢あさひ\201701604_已校.csv,47,2017016040230,あさひ,"大丈夫っす！
ちょっと片足でジャンプして……","没问题的！
只要单脚跳一下……",芹沢あさひ,【ムーンライト・ガーデン】芹沢あさひ,201701604_已校
芹沢あさひ\【ムーンライト・ガーデン】芹沢あさひ\201701604_已校.csv,48,2017016040240,あさひ,"あ、右手は落ちないように少し先のやつ
つかんで──","啊，为了防止掉下去
右手要抓住更前面的那根──",芹沢あさひ,【ムーンライト・ガーデン】芹沢あさひ,201701604_已校
芹沢あさひ\【ムーンライト・ガーデン】芹沢あさひ\201701604_已校.csv,50,2017016040250,あさひ,"そっすね
でも、まだまだしっかりした枝はあるっす","是呢
但也有很多结实的树枝",芹沢あさひ,【ムーンライト・ガーデン】芹沢あさひ,201701604_已校
芹沢あさひ\【ムーンライト・ガーデン】芹沢あさひ\201701604_已校.csv,51,2017016040260,あさひ,そこまで行ったら、あとは登ってくだけで──,够到那里，然后只要继续往上爬──,芹沢あさひ,【ムーンライト・ガーデン】芹沢あさひ,201701604_已校
芹沢あさひ\【ムーンライト・ガーデン】芹沢あさひ\201701604_已校.csv,52,2017016040270,あさひ,月にタッチ────っす！,就能摸到月亮────啦！,芹沢あさひ,【ムーンライト・ガーデン】芹沢あさひ,201701604_已校
芹沢あさひ\【ムーンライト・ガーデン】芹沢あさひ\201701604_已校.csv,55,2017016040280,あさひ,どこにでも……,不管去哪里……,芹沢あさひ,【ムーンライト・ガーデン】芹沢あさひ,201701604_已校
芹沢あさひ\【ムーンライト・ガーデン】芹沢あさひ\TE.201701611-已校.csv,12,2017016110030,あさひ,"────ピストル、新しいのを作ったっす
前のよりよく飛ぶやつ","────做了把新枪
比以前的射得更远了",芹沢あさひ,【ムーンライト・ガーデン】芹沢あさひ,TE.201701611-已校
芹沢あさひ\【ムーンライト・ガーデン】芹沢あさひ\TE.201701611-已校.csv,14,2017016110040,あさひ,"プロデューサーさん、寝てたっすし
それに──","因为制作人在睡觉
而且──",芹沢あさひ,【ムーンライト・ガーデン】芹沢あさひ,TE.201701611-已校
芹沢あさひ\【ムーンライト・ガーデン】芹沢あさひ\TE.201701611-已校.csv,15,2017016110050,あさひ,点けないほうが、よく見えるっす,不开灯的话，看得更清楚,芹沢あさひ,【ムーンライト・ガーデン】芹沢あさひ,TE.201701611-已校
芹沢あさひ\【ムーンライト・ガーデン】芹沢あさひ\TE.201701611-已校.csv,18,2017016110060,あさひ,えっと……,嗯……,芹沢あさひ,【ムーンライト・ガーデン】芹沢あさひ,TE.201701611-已校
芹沢あさひ\【ムーンライト・ガーデン】芹沢あさひ\TE.201701611-已校.csv,19,2017016110070,あさひ,"……………………
────","……………………
────",芹沢あさひ,【ムーンライト・ガーデン】芹沢あさひ,TE.201701611-已校
芹沢あさひ\【ムーンライト・ガーデン】芹沢あさひ\TE.201701611-已校.csv,20,2017016110080,あさひ,──とにかく、すっごく明るかったってことっすね,"──也就是说
非常地亮是吧",芹沢あさひ,【ムーンライト・ガーデン】芹沢あさひ,TE.201701611-已校
芹沢あさひ\【ムーンライト・ガーデン】芹沢あさひ\TE.201701611-已校.csv,22,2017016110090,あさひ,"そっすね。せっかく不死の薬もらったのに
みんな飲まなかったっす","是啊。明明拿到了长生不老药
大家却都没有喝",芹沢あさひ,【ムーンライト・ガーデン】芹沢あさひ,TE.201701611-已校
芹沢あさひ\【ムーンライト・ガーデン】芹沢あさひ\TE.201701611-已校.csv,24,2017016110100,あさひ,"──────……
会いに行けばいっすよ","──────……
去找她不就好了",芹沢あさひ,【ムーンライト・ガーデン】芹沢あさひ,TE.201701611-已校
芹沢あさひ\【ムーンライト・ガーデン】芹沢あさひ\TE.201701611-已校.csv,25,2017016110110,あさひ,"うんと長生きして
月まで届くような木を育てればいいっす","种出能活得非常久
能长到月亮上的树就可以了",芹沢あさひ,【ムーンライト・ガーデン】芹沢あさひ,TE.201701611-已校
芹沢あさひ\【ムーンライト・ガーデン】芹沢あさひ\TE.201701611-已校.csv,27,2017016110120,あさひ,"できるっすよ。あるかわからない
宝物を探したり作ったりしてたじゃないっすか","肯定能的。不是都寻找或者制造出了
子虚乌有的宝物了嘛",芹沢あさひ,【ムーンライト・ガーデン】芹沢あさひ,TE.201701611-已校
芹沢あさひ\【ムーンライト・ガーデン】芹沢あさひ\TE.201701611-已校.csv,31,2017016110130,あさひ,"それでも、月に行こうとすることは
間違いじゃないっすよね？","即使如此，也还是想
到月亮上去吧？",芹沢あさひ,【ムーンライト・ガーデン】芹沢あさひ,TE.201701611-已校
芹沢あさひ\【ムーンライト・ガーデン】芹沢あさひ\TE.201701611-已校.csv,32,2017016110140,あさひ,"届かなかったとしても……
月に行きたいと思わないっすか？","即使没能到达……
也照样会想去月亮上吧？",芹沢あさひ,【ムーンライト・ガーデン】芹沢あさひ,TE.201701611-已校
芹沢あさひ\【ムーンライト・ガーデン】芹沢あさひ\TE.201701611-已校.csv,37,2017016110150,あさひ,…………,…………,芹沢あさひ,【ムーンライト・ガーデン】芹沢あさひ,TE.201701611-已校
芹沢あさひ\【ムーンライト・ガーデン】芹沢あさひ\TE.201701611-已校.csv,41,2017016110160,あさひ,"……どうしたっすか
プロデューサーさん","……怎么了
制作人先生",芹沢あさひ,【ムーンライト・ガーデン】芹沢あさひ,TE.201701611-已校
芹沢あさひ\【ムーンライト・ガーデン】芹沢あさひ\TE.201701611-已校.csv,44,2017016110170,あさひ,…………幹をしっかりしろってことっすね,…………让树干变得结实就是这个意思吧,芹沢あさひ,【ムーンライト・ガーデン】芹沢あさひ,TE.201701611-已校
芹沢あさひ\【ムーンライト・ガーデン】芹沢あさひ\TE.201701611-已校.csv,46,2017016110171,あさひ＆プロデューサー,…………………,…………………,芹沢あさひ,【ムーンライト・ガーデン】芹沢あさひ,TE.201701611-已校
芹沢あさひ\【ムーンライト・ガーデン】芹沢あさひ\TE.201701611-已校.csv,52,2017016110200,あさひ,…………,…………,芹沢あさひ,【ムーンライト・ガーデン】芹沢あさひ,TE.201701611-已校
芹沢あさひ\【三月三十三日】芹沢あさひ\【三月三十三日】芹沢あさひ01.csv,2,3017019010010,あさひ,ん～……,嗯～……,芹沢あさひ,【三月三十三日】芹沢あさひ,【三月三十三日】芹沢あさひ01
芹沢あさひ\【三月三十三日】芹沢あさひ\【三月三十三日】芹沢あさひ01.csv,5,3017019010020,あさひ,"はいっす……
そっすね────","嗯……
是呢────",芹沢あさひ,【三月三十三日】芹沢あさひ,【三月三十三日】芹沢あさひ01
芹沢あさひ\【三月三十三日】芹沢あさひ\【三月三十三日】芹沢あさひ01.csv,7,3017019010030,あさひ,…………,…………,芹沢あさひ,【三月三十三日】芹沢あさひ,【三月三十三日】芹沢あさひ01
芹沢あさひ\【三月三十三日】芹沢あさひ\【三月三十三日】芹沢あさひ01.csv,8,3017019010040,あさひ,……こんなの、だっけ,……是这样的吗,芹沢あさひ,【三月三十三日】芹沢あさひ,【三月三十三日】芹沢あさひ01
芹沢あさひ\【三月三十三日】芹沢あさひ\【三月三十三日】芹沢あさひ01.csv,10,3017019010060,あさひ,"そっすか？
居眠りしちゃったっす","是吗？
我不小心睡着了",芹沢あさひ,【三月三十三日】芹沢あさひ,【三月三十三日】芹沢あさひ01
芹沢あさひ\【三月三十三日】芹沢あさひ\【三月三十三日】芹沢あさひ01.csv,11,3017019010070,あさひ,頭触られると眠くなるっす,一被摸头就会犯困,芹沢あさひ,【三月三十三日】芹沢あさひ,【三月三十三日】芹沢あさひ01
芹沢あさひ\【三月三十三日】芹沢あさひ\【三月三十三日】芹沢あさひ01.csv,14,3017019010100,あさひ,何聴いてたっすか、愛依ちゃん,你在听什么呀，爱依,芹沢あさひ,【三月三十三日】芹沢あさひ,【三月三十三日】芹沢あさひ01
芹沢あさひ\【三月三十三日】芹沢あさひ\【三月三十三日】芹沢あさひ01.csv,16,3017019010120,あさひ,"あー、あれっすか
早く振り付けに入りたいっす～","啊—，是那个啊
真想快点开始学编舞啊～",芹沢あさひ,【三月三十三日】芹沢あさひ,【三月三十三日】芹沢あさひ01
芹沢あさひ\【三月三十三日】芹沢あさひ\【三月三十三日】芹沢あさひ01.csv,18,3017019010140,あさひ,……なんか、変っすね,……总觉得，怪怪的,芹沢あさひ,【三月三十三日】芹沢あさひ,【三月三十三日】芹沢あさひ01
芹沢あさひ\【三月三十三日】芹沢あさひ\【三月三十三日】芹沢あさひ01.csv,19,3017019010150,あさひ,さっきから、なんか怪しい気はしたんすよ,从刚才开始就总觉得有点不对劲,芹沢あさひ,【三月三十三日】芹沢あさひ,【三月三十三日】芹沢あさひ01
芹沢あさひ\【三月三十三日】芹沢あさひ\【三月三十三日】芹沢あさひ01.csv,21,3017019010170,あさひ,"……！
このカレンダー────","……！
这个日历────",芹沢あさひ,【三月三十三日】芹沢あさひ,【三月三十三日】芹沢あさひ01
芹沢あさひ\【三月三十三日】芹沢あさひ\【三月三十三日】芹沢あさひ01.csv,23,3017019010190,あさひ,3月33日…………？,3月33日…………？,芹沢あさひ,【三月三十三日】芹沢あさひ,【三月三十三日】芹沢あさひ01
芹沢あさひ\【三月三十三日】芹沢あさひ\【三月三十三日】芹沢あさひ01.csv,24,3017019010200,あさひ,あー…………,啊—…………,芹沢あさひ,【三月三十三日】芹沢あさひ,【三月三十三日】芹沢あさひ01
芹沢あさひ\【三月三十三日】芹沢あさひ\【三月三十三日】芹沢あさひ01.csv,25,3017019010210,あさひ,なるほど,原来如此,芹沢あさひ,【三月三十三日】芹沢あさひ,【三月三十三日】芹沢あさひ01
芹沢あさひ\【三月三十三日】芹沢あさひ\【三月三十三日】芹沢あさひ01.csv,27,3017019010230,あさひ,完全にわかったっす,我完全明白了,芹沢あさひ,【三月三十三日】芹沢あさひ,【三月三十三日】芹沢あさひ01
芹沢あさひ\【三月三十三日】芹沢あさひ\【三月三十三日】芹沢あさひ01.csv,29,3017019010250,あさひ,この状況……利用しない手はないっす,这种情况……不利用一下可不行啊,芹沢あさひ,【三月三十三日】芹沢あさひ,【三月三十三日】芹沢あさひ01
芹沢あさひ\【三月三十三日】芹沢あさひ\【三月三十三日】芹沢あさひ01.csv,30,3017019010260,あさひ,ずっと思ってたっすよ,我一直都在想,芹沢あさひ,【三月三十三日】芹沢あさひ,【三月三十三日】芹沢あさひ01
芹沢あさひ\【三月三十三日】芹沢あさひ\【三月三十三日】芹沢あさひ01.csv,31,3017019010270,あさひ,"道路で右に曲がったのが今のわたしなら
左に曲がっていたわたしはどうなっただろう、とか","比如说，如果现在的我是曾经在路上向右转弯的那个自己
那选择左转的我会变成什么样呢",芹沢あさひ,【三月三十三日】芹沢あさひ,【三月三十三日】芹沢あさひ01
芹沢あさひ\【三月三十三日】芹沢あさひ\【三月三十三日】芹沢あさひ01.csv,32,3017019010280,あさひ,"3月が、31日で終わらなくて
32、33と続く世界もあるかもしれない、とか","又比如说，3月不会在31日结束
也许还存在着会继续到32、33日的某个世界呢",芹沢あさひ,【三月三十三日】芹沢あさひ,【三月三十三日】芹沢あさひ01
芹沢あさひ\【三月三十三日】芹沢あさひ\【三月三十三日】芹沢あさひ01.csv,33,3017019010290,あさひ,"このままいけば
31日の続きが見られるってことっすね","这样下去
就能看到31日之后的世界了呢",芹沢あさひ,【三月三十三日】芹沢あさひ,【三月三十三日】芹沢あさひ01
芹沢あさひ\【三月三十三日】芹沢あさひ\【三月三十三日】芹沢あさひ01.csv,36,3017019010320,あさひ,…………そうなんすかね？,…………是这样吗？,芹沢あさひ,【三月三十三日】芹沢あさひ,【三月三十三日】芹沢あさひ01
芹沢あさひ\【三月三十三日】芹沢あさひ\【三月三十三日】芹沢あさひ01.csv,38,3017019010340,あさひ,"それは困るっすね～
冬優子ちゃん、愛依ちゃんもなんか変っすし","那可麻烦了～
冬优子和爱依也都有点怪怪的",芹沢あさひ,【三月三十三日】芹沢あさひ,【三月三十三日】芹沢あさひ01
芹沢あさひ\【三月三十三日】芹沢あさひ\【三月三十三日】芹沢あさひ01.csv,39,3017019010350,あさひ,…………一度出てみるっす,…………我出去看看,芹沢あさひ,【三月三十三日】芹沢あさひ,【三月三十三日】芹沢あさひ01
芹沢あさひ\【三月三十三日】芹沢あさひ\【三月三十三日】芹沢あさひ01.csv,43,3017019010380,あさひ,夢から出たい時ってジャンプしたら覚めるんすよねー,想从梦里醒来的时候，跳一下就行了对吧—,芹沢あさひ,【三月三十三日】芹沢あさひ,【三月三十三日】芹沢あさひ01
芹沢あさひ\【三月三十三日】芹沢あさひ\【三月三十三日】芹沢あさひ01.csv,53,3017019010430,あさひ,うわあぁ～,哇啊～,芹沢あさひ,【三月三十三日】芹沢あさひ,【三月三十三日】芹沢あさひ01
芹沢あさひ\【三月三十三日】芹沢あさひ\【三月三十三日】芹沢あさひ01.csv,54,3017019010440,あさひ,"仕切りの向こうにいるならいるって
教えてくれればよかったっす～","要是有人在隔壁的话
早说一声不就好了嘛～",芹沢あさひ,【三月三十三日】芹沢あさひ,【三月三十三日】芹沢あさひ01
芹沢あさひ\【三月三十三日】芹沢あさひ\【三月三十三日】芹沢あさひ01.csv,58,3017019010480,あさひ,…………,…………,芹沢あさひ,【三月三十三日】芹沢あさひ,【三月三十三日】芹沢あさひ01
芹沢あさひ\【三月三十三日】芹沢あさひ\【三月三十三日】芹沢あさひ01.csv,59,3017019010490,あさひ,夢から、覚めないっすね……,还没从梦里醒过来啊……,芹沢あさひ,【三月三十三日】芹沢あさひ,【三月三十三日】芹沢あさひ01
芹沢あさひ\【三月三十三日】芹沢あさひ\【三月三十三日】芹沢あさひ01.csv,61,3017019010510,あさひ,だって、カレンダーが……！,可是，日历上……！,芹沢あさひ,【三月三十三日】芹沢あさひ,【三月三十三日】芹沢あさひ01
芹沢あさひ\【三月三十三日】芹沢あさひ\【三月三十三日】芹沢あさひ01.csv,63,3017019010530,あさひ,もっかい見てくるっす！,我再去看一眼！,芹沢あさひ,【三月三十三日】芹沢あさひ,【三月三十三日】芹沢あさひ01
芹沢あさひ\【三月三十三日】芹沢あさひ\【三月三十三日】芹沢あさひ01.csv,66,3017019010560,あさひ,むー,唔—,芹沢あさひ,【三月三十三日】芹沢あさひ,【三月三十三日】芹沢あさひ01
芹沢あさひ\【三月三十三日】芹沢あさひ\【三月三十三日】芹沢あさひ02.csv,2,3017019020010,あさひ,それじゃあ、いってくるっす～,那我就出发了～,芹沢あさひ,【三月三十三日】芹沢あさひ,【三月三十三日】芹沢あさひ02
芹沢あさひ\【三月三十三日】芹沢あさひ\【三月三十三日】芹沢あさひ02.csv,5,3017019020020,あさひ,わかってるっす！,知道啦！,芹沢あさひ,【三月三十三日】芹沢あさひ,【三月三十三日】芹沢あさひ02
芹沢あさひ\【三月三十三日】芹沢あさひ\【三月三十三日】芹沢あさひ02.csv,6,3017019020030,あさひ,"今日は、春を探してくるように言われたので
外にお出かけです","今天要我去寻找春天
所以我出门了",芹沢あさひ,【三月三十三日】芹沢あさひ,【三月三十三日】芹沢あさひ02
芹沢あさひ\【三月三十三日】芹沢あさひ\【三月三十三日】芹沢あさひ02.csv,7,3017019020040,あさひ,春ってなんだろう？,春天到底是什么呢？,芹沢あさひ,【三月三十三日】芹沢あさひ,【三月三十三日】芹沢あさひ02
芹沢あさひ\【三月三十三日】芹沢あさひ\【三月三十三日】芹沢あさひ02.csv,8,3017019020050,あさひ,春は、あたたかいことかなと思います,我觉得春天应该就是温暖,芹沢あさひ,【三月三十三日】芹沢あさひ,【三月三十三日】芹沢あさひ02
芹沢あさひ\【三月三十三日】芹沢あさひ\【三月三十三日】芹沢あさひ02.csv,9,3017019020060,あさひ,『ここ、いっぱいちょうちょが飛んでるっすよ』,“这里有好多蝴蝶在飞呀”,芹沢あさひ,【三月三十三日】芹沢あさひ,【三月三十三日】芹沢あさひ02
芹沢あさひ\【三月三十三日】芹沢あさひ\【三月三十三日】芹沢あさひ02.csv,10,3017019020070,あさひ,"『ちょっとあったかくなったら
わっと出てきたっす』",“天气稍微暖和一点，大家就一下子都飞出来了”,芹沢あさひ,【三月三十三日】芹沢あさひ,【三月三十三日】芹沢あさひ02
芹沢あさひ\【三月三十三日】芹沢あさひ\【三月三十三日】芹沢あさひ02.csv,11,3017019020080,あさひ,『………なんか、この花が特に人気あるみたいっす』,“………感觉这朵花特别受欢迎呢”,芹沢あさひ,【三月三十三日】芹沢あさひ,【三月三十三日】芹沢あさひ02
芹沢あさひ\【三月三十三日】芹沢あさひ\【三月三十三日】芹沢あさひ02.csv,12,3017019020090,あさひ,"『蜜が美味しいんすかね
それとも、匂いが──』","“是因为它的花蜜好吃吗？
还是因为香气──”",芹沢あさひ,【三月三十三日】芹沢あさひ,【三月三十三日】芹沢あさひ02
芹沢あさひ\【三月三十三日】芹沢あさひ\【三月三十三日】芹沢あさひ02.csv,13,3017019020100,あさひ,………………,………………,芹沢あさひ,【三月三十三日】芹沢あさひ,【三月三十三日】芹沢あさひ02
芹沢あさひ\【三月三十三日】芹沢あさひ\【三月三十三日】芹沢あさひ02.csv,14,3017019020110,あさひ,"『匂い、あんまりよくわからなかったっす
ちょうちょになれば、わかるっすかね』","“我不太懂香味
是不是只要变成蝴蝶，就能明白了？”",芹沢あさひ,【三月三十三日】芹沢あさひ,【三月三十三日】芹沢あさひ02
芹沢あさひ\【三月三十三日】芹沢あさひ\【三月三十三日】芹沢あさひ02.csv,16,3017019020130,あさひ,くしゃみ,打喷嚏,芹沢あさひ,【三月三十三日】芹沢あさひ,【三月三十三日】芹沢あさひ02
芹沢あさひ\【三月三十三日】芹沢あさひ\【三月三十三日】芹沢あさひ02.csv,17,3017019020140,あさひ,あったかくなってきたのに、くしゃみ,天气都回暖了，还打喷嚏,芹沢あさひ,【三月三十三日】芹沢あさひ,【三月三十三日】芹沢あさひ02
芹沢あさひ\【三月三十三日】芹沢あさひ\【三月三十三日】芹沢あさひ02.csv,18,3017019020150,あさひ,『──冬優子ちゃん！』,“──冬优子！”,芹沢あさひ,【三月三十三日】芹沢あさひ,【三月三十三日】芹沢あさひ02
芹沢あさひ\【三月三十三日】芹沢あさひ\【三月三十三日】芹沢あさひ02.csv,20,3017019020170,あさひ,『なんで今、くしゃみしてたっすか？』,“刚才怎么打喷嚏了？”,芹沢あさひ,【三月三十三日】芹沢あさひ,【三月三十三日】芹沢あさひ02
芹沢あさひ\【三月三十三日】芹沢あさひ\【三月三十三日】芹沢あさひ02.csv,22,3017019020190,あさひ,『春だから、っすかね？』,“会不会是因为春天呢？”,芹沢あさひ,【三月三十三日】芹沢あさひ,【三月三十三日】芹沢あさひ02
芹沢あさひ\【三月三十三日】芹沢あさひ\【三月三十三日】芹沢あさひ02.csv,24,3017019020210,あさひ,"『ありがとっす
撮れ高いただきっす』","“谢谢啦
拍到了好素材呢”",芹沢あさひ,【三月三十三日】芹沢あさひ,【三月三十三日】芹沢あさひ02
芹沢あさひ\【三月三十三日】芹沢あさひ\【三月三十三日】芹沢あさひ02.csv,27,3017019020240,あさひ,あと,还有,芹沢あさひ,【三月三十三日】芹沢あさひ,【三月三十三日】芹沢あさひ02
芹沢あさひ\【三月三十三日】芹沢あさひ\【三月三十三日】芹沢あさひ02.csv,28,3017019020250,あさひ,窓からの影の位置が変わりました,窗边影子的位置变了,芹沢あさひ,【三月三十三日】芹沢あさひ,【三月三十三日】芹沢あさひ02
芹沢あさひ\【三月三十三日】芹沢あさひ\【三月三十三日】芹沢あさひ02.csv,29,3017019020260,あさひ,太陽の位置が高くなっているかららしいです,好像是因为太阳的位置升高了,芹沢あさひ,【三月三十三日】芹沢あさひ,【三月三十三日】芹沢あさひ02
芹沢あさひ\【三月三十三日】芹沢あさひ\【三月三十三日】芹沢あさひ02.csv,30,3017019020270,あさひ,ぶ厚いコートを着る人が、減ってきました,穿厚外套的人也变少了,芹沢あさひ,【三月三十三日】芹沢あさひ,【三月三十三日】芹沢あさひ02
芹沢あさひ\【三月三十三日】芹沢あさひ\【三月三十三日】芹沢あさひ02.csv,31,3017019020280,あさひ,これも、春の証拠です,这也是春的证明,芹沢あさひ,【三月三十三日】芹沢あさひ,【三月三十三日】芹沢あさひ02
芹沢あさひ\【三月三十三日】芹沢あさひ\【三月三十三日】芹沢あさひ02.csv,33,3017019020300,あさひ,『おはよっす』,“早安”,芹沢あさひ,【三月三十三日】芹沢あさひ,【三月三十三日】芹沢あさひ02
芹沢あさひ\【三月三十三日】芹沢あさひ\【三月三十三日】芹沢あさひ02.csv,34,3017019020310,あさひ,"『…………
愛依ちゃん、春っすね』","“…………
爱依，这就是春天呢”",芹沢あさひ,【三月三十三日】芹沢あさひ,【三月三十三日】芹沢あさひ02
芹沢あさひ\【三月三十三日】芹沢あさひ\【三月三十三日】芹沢あさひ02.csv,36,3017019020330,あさひ,でも、愛依ちゃんは冬でも薄着のイメージです,不过，爱依给人的印象是冬天也穿得很单薄呢,芹沢あさひ,【三月三十三日】芹沢あさひ,【三月三十三日】芹沢あさひ02
芹沢あさひ\【三月三十三日】芹沢あさひ\【三月三十三日】芹沢あさひ02.csv,37,3017019020340,あさひ,あまり、証拠にならないかもしれないです,所以衣着也许没法成为证据,芹沢あさひ,【三月三十三日】芹沢あさひ,【三月三十三日】芹沢あさひ02
芹沢あさひ\【三月三十三日】芹沢あさひ\【三月三十三日】芹沢あさひ02.csv,38,3017019020350,あさひ,『…………』,“…………”,芹沢あさひ,【三月三十三日】芹沢あさひ,【三月三十三日】芹沢あさひ02
芹沢あさひ\【三月三十三日】芹沢あさひ\【三月三十三日】芹沢あさひ02.csv,39,3017019020360,あさひ,『愛依ちゃんの、春ってなんすか？』,“爱依的春天，是什么呢？”,芹沢あさひ,【三月三十三日】芹沢あさひ,【三月三十三日】芹沢あさひ02
芹沢あさひ\【三月三十三日】芹沢あさひ\【三月三十三日】芹沢あさひ02.csv,43,3017019020400,あさひ,『おー……』,“哦—……”,芹沢あさひ,【三月三十三日】芹沢あさひ,【三月三十三日】芹沢あさひ02
芹沢あさひ\【三月三十三日】芹沢あさひ\【三月三十三日】芹沢あさひ02.csv,45,3017019020420,あさひ,というわけで、春服を買いにいきました,于是我们就去买春装了,芹沢あさひ,【三月三十三日】芹沢あさひ,【三月三十三日】芹沢あさひ02
芹沢あさひ\【三月三十三日】芹沢あさひ\【三月三十三日】芹沢あさひ02.csv,46,3017019020430,あさひ,なかなか気に入りました,还挺喜欢的,芹沢あさひ,【三月三十三日】芹沢あさひ,【三月三十三日】芹沢あさひ02
芹沢あさひ\【三月三十三日】芹沢あさひ\【三月三十三日】芹沢あさひ02.csv,47,3017019020440,あさひ,"自分が全く映っていなかったので
撮っておきます","因为完全没拍到自己
于是把它拍了下来",芹沢あさひ,【三月三十三日】芹沢あさひ,【三月三十三日】芹沢あさひ02
芹沢あさひ\【三月三十三日】芹沢あさひ\【三月三十三日】芹沢あさひ02.csv,48,3017019020450,あさひ,この前、3月33日に行ってきました,前几天我去了3月33日,芹沢あさひ,【三月三十三日】芹沢あさひ,【三月三十三日】芹沢あさひ02
芹沢あさひ\【三月三十三日】芹沢あさひ\【三月三十三日】芹沢あさひ02.csv,49,3017019020460,あさひ,でも実はまだ、そこから帰っていなくて,但其实还没从那里回来,芹沢あさひ,【三月三十三日】芹沢あさひ,【三月三十三日】芹沢あさひ02
芹沢あさひ\【三月三十三日】芹沢あさひ\【三月三十三日】芹沢あさひ02.csv,50,3017019020470,あさひ,今は3月37日くらいかもしれません,现在说不定已经是3月37日左右了,芹沢あさひ,【三月三十三日】芹沢あさひ,【三月三十三日】芹沢あさひ02
芹沢あさひ\【三月三十三日】芹沢あさひ\【三月三十三日】芹沢あさひ02.csv,51,3017019020480,あさひ,もしそうなら,如果真是那样,芹沢あさひ,【三月三十三日】芹沢あさひ,【三月三十三日】芹沢あさひ02
芹沢あさひ\【三月三十三日】芹沢あさひ\【三月三十三日】芹沢あさひ02.csv,52,3017019020490,あさひ,このままちょうちょはいっぱいで,这样一来就会有好多好多蝴蝶,芹沢あさひ,【三月三十三日】芹沢あさひ,【三月三十三日】芹沢あさひ02
芹沢あさひ\【三月三十三日】芹沢あさひ\【三月三十三日】芹沢あさひ02.csv,54,3017019020510,あさひ,冬優子ちゃんはくしゃみをして,冬优子打了个喷嚏,芹沢あさひ,【三月三十三日】芹沢あさひ,【三月三十三日】芹沢あさひ02
芹沢あさひ\【三月三十三日】芹沢あさひ\【三月三十三日】芹沢あさひ02.csv,55,3017019020520,あさひ,愛依ちゃんは薄着で,爱依穿得那么单薄,芹沢あさひ,【三月三十三日】芹沢あさひ,【三月三十三日】芹沢あさひ02
芹沢あさひ\【三月三十三日】芹沢あさひ\【三月三十三日】芹沢あさひ02.csv,56,3017019020530,あさひ,桜はずっと咲いたままで,而樱花一直盛开着,芹沢あさひ,【三月三十三日】芹沢あさひ,【三月三十三日】芹沢あさひ02
芹沢あさひ\【三月三十三日】芹沢あさひ\【三月三十三日】芹沢あさひ02.csv,57,3017019020540,あさひ,全部全部続いていくのかもしれません,一切的一切或许都会永远持续下去,芹沢あさひ,【三月三十三日】芹沢あさひ,【三月三十三日】芹沢あさひ02
芹沢あさひ\【三月三十三日】芹沢あさひ\【三月三十三日】芹沢あさひ02.csv,58,3017019020550,あさひ,"それがわかるのは
もう少し先になりそうです","不过要明白这一点
可能还需要一段时间",芹沢あさひ,【三月三十三日】芹沢あさひ,【三月三十三日】芹沢あさひ02
芹沢あさひ\【三月三十三日】芹沢あさひ\【三月三十三日】芹沢あさひ02.csv,59,3017019020560,あさひ,"また、わかったらみんなに報告するかもしれないし
しないかもしれません","等明白之后，可能会告诉大家
也可能不会",芹沢あさひ,【三月三十三日】芹沢あさひ,【三月三十三日】芹沢あさひ02
芹沢あさひ\【三月三十三日】芹沢あさひ\【三月三十三日】芹沢あさひ02.csv,60,3017019020570,あさひ,それでは、さようなら,那么，再见了,芹沢あさひ,【三月三十三日】芹沢あさひ,【三月三十三日】芹沢あさひ02
芹沢あさひ\【三月三十三日】芹沢あさひ\【三月三十三日】芹沢あさひ02.csv,61,3017019020580,あさひ,ふう……,呼……,芹沢あさひ,【三月三十三日】芹沢あさひ,【三月三十三日】芹沢あさひ02
芹沢あさひ\【三月三十三日】芹沢あさひ\【三月三十三日】芹沢あさひ02.csv,62,3017019020590,あさひ,ナレ、これでいっすか？,旁白，这样就行了吗？,芹沢あさひ,【三月三十三日】芹沢あさひ,【三月三十三日】芹沢あさひ02
芹沢あさひ\【三月三十三日】芹沢あさひ\【三月三十三日】芹沢あさひ02.csv,63,3017019020600,あさひ,そっすか,原来如此,芹沢あさひ,【三月三十三日】芹沢あさひ,【三月三十三日】芹沢あさひ02
芹沢あさひ\【三月三十三日】芹沢あさひ\【三月三十三日】芹沢あさひ02.csv,64,3017019020610,あさひ,……これって、面白いっすか？,……这有趣吗？,芹沢あさひ,【三月三十三日】芹沢あさひ,【三月三十三日】芹沢あさひ02
芹沢あさひ\【三月三十三日】芹沢あさひ\【三月三十三日】芹沢あさひ02.csv,65,3017019020620,あさひ,"ふーん……それならいっすけど
──じゃあ、帰るっすね","唔—……有趣就好
──那，我要回去啦",芹沢あさひ,【三月三十三日】芹沢あさひ,【三月三十三日】芹沢あさひ02
芹沢あさひ\【三月三十三日】芹沢あさひ\【三月三十三日】芹沢あさひ03.csv,4,3017019030010,あさひ,みんなー、まだっすか？,大家还没好吗？,芹沢あさひ,【三月三十三日】芹沢あさひ,【三月三十三日】芹沢あさひ03
芹沢あさひ\【三月三十三日】芹沢あさひ\【三月三十三日】芹沢あさひ03.csv,6,3017019030030,あさひ,……まだかかるなら、先帰るっすよ,……要是还得等，我就先回去了,芹沢あさひ,【三月三十三日】芹沢あさひ,【三月三十三日】芹沢あさひ03
芹沢あさひ\【三月三十三日】芹沢あさひ\【三月三十三日】芹沢あさひ03.csv,8,3017019030050,あさひ,んー,唔—,芹沢あさひ,【三月三十三日】芹沢あさひ,【三月三十三日】芹沢あさひ03
芹沢あさひ\【三月三十三日】芹沢あさひ\【三月三十三日】芹沢あさひ03.csv,10,3017019030070,あさひ,えー…………,诶—…………,芹沢あさひ,【三月三十三日】芹沢あさひ,【三月三十三日】芹沢あさひ03
芹沢あさひ\【三月三十三日】芹沢あさひ\【三月三十三日】芹沢あさひ03.csv,11,3017019030080,あさひ,じゃ、ちょっと園内見てきていっすか？,那，我能先去园内逛逛吗？,芹沢あさひ,【三月三十三日】芹沢あさひ,【三月三十三日】芹沢あさひ03
芹沢あさひ\【三月三十三日】芹沢あさひ\【三月三十三日】芹沢あさひ03.csv,13,3017019030100,あさひ,わかったっすー,知道啦—,芹沢あさひ,【三月三十三日】芹沢あさひ,【三月三十三日】芹沢あさひ03
芹沢あさひ\【三月三十三日】芹沢あさひ\【三月三十三日】芹沢あさひ03.csv,14,3017019030110,あさひ,なんか、ないかなー…………,有没有什么东西呢—…………,芹沢あさひ,【三月三十三日】芹沢あさひ,【三月三十三日】芹沢あさひ03
芹沢あさひ\【三月三十三日】芹沢あさひ\【三月三十三日】芹沢あさひ03.csv,15,3017019030120,あさひ,右か、左……どっちいこ,往右还是往左……该走哪边呢,芹沢あさひ,【三月三十三日】芹沢あさひ,【三月三十三日】芹沢あさひ03
芹沢あさひ\【三月三十三日】芹沢あさひ\【三月三十三日】芹沢あさひ03.csv,16,3017019030130,あさひ,あっ……猫,啊……猫,芹沢あさひ,【三月三十三日】芹沢あさひ,【三月三十三日】芹沢あさひ03
芹沢あさひ\【三月三十三日】芹沢あさひ\【三月三十三日】芹沢あさひ03.csv,17,3017019030140,あさひ,わっ……！　待て……！,哇……！ 等等……！,芹沢あさひ,【三月三十三日】芹沢あさひ,【三月三十三日】芹沢あさひ03
芹沢あさひ\【三月三十三日】芹沢あさひ\【三月三十三日】芹沢あさひ03.csv,18,3017019030150,あさひ,あっ……,啊……,芹沢あさひ,【三月三十三日】芹沢あさひ,【三月三十三日】芹沢あさひ03
芹沢あさひ\【三月三十三日】芹沢あさひ\【三月三十三日】芹沢あさひ03.csv,19,3017019030160,あさひ,"冬優子ちゃーん
愛依ちゃーん","冬優子—
爱依—",芹沢あさひ,【三月三十三日】芹沢あさひ,【三月三十三日】芹沢あさひ03
芹沢あさひ\【三月三十三日】芹沢あさひ\【三月三十三日】芹沢あさひ03.csv,20,3017019030170,あさひ,"冬優子ちゃーん
愛依ちゃーん","冬優子—
爱依—",芹沢あさひ,【三月三十三日】芹沢あさひ,【三月三十三日】芹沢あさひ03
芹沢あさひ\【三月三十三日】芹沢あさひ\【三月三十三日】芹沢あさひ03.csv,21,3017019030180,あさひ,…………,…………,芹沢あさひ,【三月三十三日】芹沢あさひ,【三月三十三日】芹沢あさひ03
芹沢あさひ\【三月三十三日】芹沢あさひ\【三月三十三日】芹沢あさひ03.csv,24,3017019030210,あさひ,猫ー,猫—,芹沢あさひ,【三月三十三日】芹沢あさひ,【三月三十三日】芹沢あさひ03
芹沢あさひ\【三月三十三日】芹沢あさひ\【三月三十三日】芹沢あさひ03.csv,26,3017019030220,あさひ,"そっす
見たっすか？","是的
你看到了吗？",芹沢あさひ,【三月三十三日】芹沢あさひ,【三月三十三日】芹沢あさひ03
芹沢あさひ\【三月三十三日】芹沢あさひ\【三月三十三日】芹沢あさひ03.csv,29,3017019030230,あさひ,"おじさんが見た猫でいっすよ
どっち行ったっすか？","大叔告诉我你看到的那只猫就好啦
它往哪边跑了？",芹沢あさひ,【三月三十三日】芹沢あさひ,【三月三十三日】芹沢あさひ03
芹沢あさひ\【三月三十三日】芹沢あさひ\【三月三十三日】芹沢あさひ03.csv,30,3017019030240,あさひ,"あっちすね
ありがとっす","是那边吗
谢谢哦",芹沢あさひ,【三月三十三日】芹沢あさひ,【三月三十三日】芹沢あさひ03
芹沢あさひ\【三月三十三日】芹沢あさひ\【三月三十三日】芹沢あさひ03.csv,32,3017019030250,あさひ,猫ー,猫——,芹沢あさひ,【三月三十三日】芹沢あさひ,【三月三十三日】芹沢あさひ03
芹沢あさひ\【三月三十三日】芹沢あさひ\【三月三十三日】芹沢あさひ03.csv,33,3017019030260,あさひ,小屋……こんなとこに……,小屋……竟然在这种地方……,芹沢あさひ,【三月三十三日】芹沢あさひ,【三月三十三日】芹沢あさひ03
芹沢あさひ\【三月三十三日】芹沢あさひ\【三月三十三日】芹沢あさひ03.csv,34,3017019030270,あさひ,…………,…………,芹沢あさひ,【三月三十三日】芹沢あさひ,【三月三十三日】芹沢あさひ03
芹沢あさひ\【三月三十三日】芹沢あさひ\【三月三十三日】芹沢あさひ03.csv,41,3017019030340,あさひ,………………,………………,芹沢あさひ,【三月三十三日】芹沢あさひ,【三月三十三日】芹沢あさひ03
芹沢あさひ\【三月三十三日】芹沢あさひ\【三月三十三日】芹沢あさひ03.csv,42,3017019030350,あさひ,──────,──────,芹沢あさひ,【三月三十三日】芹沢あさひ,【三月三十三日】芹沢あさひ03
芹沢あさひ\【三月三十三日】芹沢あさひ\【三月三十三日】芹沢あさひ03.csv,44,3017019030370,あさひ,………………,………………,芹沢あさひ,【三月三十三日】芹沢あさひ,【三月三十三日】芹沢あさひ03
芹沢あさひ\【三月三十三日】芹沢あさひ\【三月三十三日】芹沢あさひ03.csv,45,3017019030380,あさひ,────────,────────,芹沢あさひ,【三月三十三日】芹沢あさひ,【三月三十三日】芹沢あさひ03
芹沢あさひ\【三月三十三日】芹沢あさひ\【三月三十三日】芹沢あさひ03.csv,50,3017019030430,あさひ,"──────……
冬優子ちゃん……愛依ちゃん……？","──────……
冬优子……爱依……？",芹沢あさひ,【三月三十三日】芹沢あさひ,【三月三十三日】芹沢あさひ03
芹沢あさひ\【三月三十三日】芹沢あさひ\【三月三十三日】芹沢あさひ03.csv,53,3017019030460,あさひ,"──────
いや……","──────
没有……",芹沢あさひ,【三月三十三日】芹沢あさひ,【三月三十三日】芹沢あさひ03
芹沢あさひ\【三月三十三日】芹沢あさひ\【三月三十三日】芹沢あさひ03.csv,54,3017019030470,あさひ,"さっき、ふたりを窓の外から呼んだんすよ……
でも……ふたりとも気づかなくって……","刚才，我从窗外叫了你们两个哦……
但是……你们都没注意到……",芹沢あさひ,【三月三十三日】芹沢あさひ,【三月三十三日】芹沢あさひ03
芹沢あさひ\【三月三十三日】芹沢あさひ\【三月三十三日】芹沢あさひ03.csv,56,3017019030490,あさひ,そっすか……でも────,这样啊……不过────,芹沢あさひ,【三月三十三日】芹沢あさひ,【三月三十三日】芹沢あさひ03
芹沢あさひ\【三月三十三日】芹沢あさひ\【三月三十三日】芹沢あさひ03.csv,57,3017019030500,あさひ,"……
今日は……何日っすかね","……
今天……到底是几号啊",芹沢あさひ,【三月三十三日】芹沢あさひ,【三月三十三日】芹沢あさひ03
芹沢あさひ\【三月三十三日】芹沢あさひ\【三月三十三日】芹沢あさひ03.csv,59,3017019030520,あさひ,"猫……いたっす
どっか行っちゃって────","有只……猫
不知道跑去哪里了────",芹沢あさひ,【三月三十三日】芹沢あさひ,【三月三十三日】芹沢あさひ03
芹沢あさひ\【三月三十三日】芹沢あさひ\【三月三十三日】芹沢あさひ03.csv,60,3017019030530,あさひ,"庭を手入れするおじさんと……
その先に変な小屋があって──","有个在花园里打理花草的大叔……
然后那里还有个奇怪的小屋──",芹沢あさひ,【三月三十三日】芹沢あさひ,【三月三十三日】芹沢あさひ03
芹沢あさひ\【三月三十三日】芹沢あさひ\【三月三十三日】芹沢あさひ03.csv,61,3017019030540,あさひ,鏡と……わたし……,镜子……还有……我……,芹沢あさひ,【三月三十三日】芹沢あさひ,【三月三十三日】芹沢あさひ03
芹沢あさひ\【三月三十三日】芹沢あさひ\【三月三十三日】芹沢あさひ03.csv,62,3017019030550,あさひ,でも、あれ、わたしじゃなかった気がするっす,但是，镜子里的那个，感觉并不是我,芹沢あさひ,【三月三十三日】芹沢あさひ,【三月三十三日】芹沢あさひ03
芹沢あさひ\【三月三十三日】芹沢あさひ\【三月三十三日】芹沢あさひ03.csv,63,3017019030560,あさひ,あれ、誰なんだろう……,那，到底是谁呢……,芹沢あさひ,【三月三十三日】芹沢あさひ,【三月三十三日】芹沢あさひ03
芹沢あさひ\【三月三十三日】芹沢あさひ\【三月三十三日】芹沢あさひ03.csv,64,3017019030570,あさひ,"3月31日で離ればなれになった
わたしな気がするっす",感觉像是在3月31日分离了的另一个我,芹沢あさひ,【三月三十三日】芹沢あさひ,【三月三十三日】芹沢あさひ03
芹沢あさひ\【三月三十三日】芹沢あさひ\【三月三十三日】芹沢あさひ03.csv,66,3017019030590,あさひ,"わかんないっす
……でも","不知道哦
……不过",芹沢あさひ,【三月三十三日】芹沢あさひ,【三月三十三日】芹沢あさひ03
芹沢あさひ\【三月三十三日】芹沢あさひ\【三月三十三日】芹沢あさひ03.csv,67,3017019030600,あさひ,どっちでもいいっす,反正都无所谓了,芹沢あさひ,【三月三十三日】芹沢あさひ,【三月三十三日】芹沢あさひ03
芹沢あさひ\【三月三十三日】芹沢あさひ\【三月三十三日】芹沢あさひ03.csv,68,3017019030610,あさひ,"喉乾いたっす
なんか、飲みたいっす","喉咙好渴啊
我想喝点什么",芹沢あさひ,【三月三十三日】芹沢あさひ,【三月三十三日】芹沢あさひ03
芹沢あさひ\【三月三十三日】芹沢あさひ\【三月三十三日】芹沢あさひ03.csv,69,3017019030620,あさひ,"なんか、面白いもの見たいし……
早くふたりと帰りたいっす","还想看点有趣的东西……
想快点和你们两个回去",芹沢あさひ,【三月三十三日】芹沢あさひ,【三月三十三日】芹沢あさひ03
芹沢あさひ\【三月三十三日】芹沢あさひ\【三月三十三日】芹沢あさひ03.csv,72,3017019030650,あさひ,『わたし』は会えたっすかね,“我”见到了吗？,芹沢あさひ,【三月三十三日】芹沢あさひ,【三月三十三日】芹沢あさひ03
芹沢あさひ\【三月三十三日】芹沢あさひ\【三月三十三日】芹沢あさひ03.csv,73,3017019030660,あさひ,猫,猫,芹沢あさひ,【三月三十三日】芹沢あさひ,【三月三十三日】芹沢あさひ03
芹沢あさひ\【不機嫌なテーマパーク】芹沢あさひ\効果的だったのはどれ？.csv,3,2017007110010,あさひ,"『プロデューサーさん！
すごいっす！』",“制作人，这个好厉害！”,芹沢あさひ,【不機嫌なテーマパーク】芹沢あさひ,効果的だったのはどれ？
芹沢あさひ\【不機嫌なテーマパーク】芹沢あさひ\効果的だったのはどれ？.csv,5,2017007110020,あさひ,『動いたんすよ！』,“它动了！”,芹沢あさひ,【不機嫌なテーマパーク】芹沢あさひ,効果的だったのはどれ？
芹沢あさひ\【不機嫌なテーマパーク】芹沢あさひ\効果的だったのはどれ？.csv,9,2017007110030,あさひ,"プロデューサーさん！
見たっすよね！","制作人！
你看到了吧！",芹沢あさひ,【不機嫌なテーマパーク】芹沢あさひ,効果的だったのはどれ？
芹沢あさひ\【不機嫌なテーマパーク】芹沢あさひ\効果的だったのはどれ？.csv,11,2017007110040,あさひ,すごかったっすよ～！,太厉害了～！,芹沢あさひ,【不機嫌なテーマパーク】芹沢あさひ,効果的だったのはどれ？
芹沢あさひ\【不機嫌なテーマパーク】芹沢あさひ\効果的だったのはどれ？.csv,12,2017007110050,あさひ,"夜中にもそもそ！　って音がしたから
目を開けたんすよ！","在半夜发出了细小的声音
我就睁开了眼睛！",芹沢あさひ,【不機嫌なテーマパーク】芹沢あさひ,効果的だったのはどれ？
芹沢あさひ\【不機嫌なテーマパーク】芹沢あさひ\効果的だったのはどれ？.csv,13,2017007110060,あさひ,そしたら、動いてたんす！,就发现它在动！,芹沢あさひ,【不機嫌なテーマパーク】芹沢あさひ,効果的だったのはどれ？
芹沢あさひ\【不機嫌なテーマパーク】芹沢あさひ\効果的だったのはどれ？.csv,15,2017007110070,あさひ,"はいっす！　
わたしもびっくりしたっす！","是啊！  
我也很震惊！",芹沢あさひ,【不機嫌なテーマパーク】芹沢あさひ,効果的だったのはどれ？
芹沢あさひ\【不機嫌なテーマパーク】芹沢あさひ\効果的だったのはどれ？.csv,17,2017007110080,あさひ,うーん……,嗯……,芹沢あさひ,【不機嫌なテーマパーク】芹沢あさひ,効果的だったのはどれ？
芹沢あさひ\【不機嫌なテーマパーク】芹沢あさひ\効果的だったのはどれ？.csv,18,2017007110090,あさひ,毎日みんなと話したのがよかったんすかねぇ……,可能因为我每天都和他们讲话吧……,芹沢あさひ,【不機嫌なテーマパーク】芹沢あさひ,効果的だったのはどれ？
芹沢あさひ\【不機嫌なテーマパーク】芹沢あさひ\効果的だったのはどれ？.csv,20,2017007110100,あさひ,"はいっす
あと、寝る時も一緒にいるようにして……","是的
还有，在睡觉的时候也让它们一起……",芹沢あさひ,【不機嫌なテーマパーク】芹沢あさひ,効果的だったのはどれ？
芹沢あさひ\【不機嫌なテーマパーク】芹沢あさひ\効果的だったのはどれ？.csv,21,2017007110110,あさひ,あ！　ちゃんとお風呂にもいれたっす！,啊！  洗澡的时候也一起洗！,芹沢あさひ,【不機嫌なテーマパーク】芹沢あさひ,効果的だったのはどれ？
芹沢あさひ\【不機嫌なテーマパーク】芹沢あさひ\効果的だったのはどれ？.csv,23,2017007110120,あさひ,"プロデューサーさんは
どれが一番効果的だったと思うっすか？","制作人觉得
哪个效果最好呢？",芹沢あさひ,【不機嫌なテーマパーク】芹沢あさひ,効果的だったのはどれ？
芹沢あさひ\【不機嫌なテーマパーク】芹沢あさひ\効果的だったのはどれ？.csv,25,2017007110130,あさひ,え～？,欸～？,芹沢あさひ,【不機嫌なテーマパーク】芹沢あさひ,効果的だったのはどれ？
芹沢あさひ\【不機嫌なテーマパーク】芹沢あさひ\効果的だったのはどれ？.csv,28,2017007110140,あさひ,"うーん……？
そうかもしれないっすね……！","嗯……？
或许是这样吧……！",芹沢あさひ,【不機嫌なテーマパーク】芹沢あさひ,効果的だったのはどれ？
芹沢あさひ\【不機嫌なテーマパーク】芹沢あさひ\効果的だったのはどれ？.csv,31,2017007110150,あさひ,……,,芹沢あさひ,【不機嫌なテーマパーク】芹沢あさひ,効果的だったのはどれ？
芹沢あさひ\【不機嫌なテーマパーク】芹沢あさひ\効果的だったのはどれ？.csv,32,2017007110160,あさひ,いっすよ！,好哟！,芹沢あさひ,【不機嫌なテーマパーク】芹沢あさひ,効果的だったのはどれ？
芹沢あさひ\【不機嫌なテーマパーク】芹沢あさひ\効果的だったのはどれ？.csv,34,2017007110170,あさひ,そしたら、それもきっと動くっすよね！,那样的话，它们肯定也能动的吧！,芹沢あさひ,【不機嫌なテーマパーク】芹沢あさひ,効果的だったのはどれ？
芹沢あさひ\【不機嫌なテーマパーク】芹沢あさひ\効果的だったのはどれ？.csv,36,2017007110180,あさひ,まずはこのストラップから試してみるっす……！,首先用这个带子试试吧……！,芹沢あさひ,【不機嫌なテーマパーク】芹沢あさひ,効果的だったのはどれ？
芹沢あさひ\【不機嫌なテーマパーク】芹沢あさひ\効果的だったのはどれ？.csv,37,2017007110190,あさひ,おーい、ストラップ～！,喂，带子～！,芹沢あさひ,【不機嫌なテーマパーク】芹沢あさひ,効果的だったのはどれ？
芹沢あさひ\【不機嫌なテーマパーク】芹沢あさひ\効果的だったのはどれ？.csv,39,2017007110200,あさひ,ほら、プロデューサーさんも一緒に話しかけるっすよ！,制作人，一起来和它讲话吧！,芹沢あさひ,【不機嫌なテーマパーク】芹沢あさひ,効果的だったのはどれ？
芹沢あさひ\【不機嫌なテーマパーク】芹沢あさひ\効果的だったのはどれ？.csv,41,2017007110201,あさひ＆プロデューサー,おーい、ストラップ～！,喂，带子～!,芹沢あさひ,【不機嫌なテーマパーク】芹沢あさひ,効果的だったのはどれ？
芹沢あさひ\【不機嫌なテーマパーク】芹沢あさひ\動くのはいつ？.csv,6,2017007040010,あさひ,──おはよっす～！,——早上好～！,芹沢あさひ,【不機嫌なテーマパーク】芹沢あさひ,動くのはいつ？
芹沢あさひ\【不機嫌なテーマパーク】芹沢あさひ\動くのはいつ？.csv,8,2017007040020,あさひ,"えぇ～、なんすか！？
今、急いでるんすよ！","欸～，什么事！？
我现在没时间！",芹沢あさひ,【不機嫌なテーマパーク】芹沢あさひ,動くのはいつ？
芹沢あさひ\【不機嫌なテーマパーク】芹沢あさひ\動くのはいつ？.csv,10,2017007040030,あさひ,外に変な虫がいたんすよ！,外面有奇怪的虫子！,芹沢あさひ,【不機嫌なテーマパーク】芹沢あさひ,動くのはいつ？
芹沢あさひ\【不機嫌なテーマパーク】芹沢あさひ\動くのはいつ？.csv,11,2017007040040,あさひ,"だから、網取りに来たっす！
捕まえてくるっす～！","所以，我准备去拿网抓！
我去捉虫了～！",芹沢あさひ,【不機嫌なテーマパーク】芹沢あさひ,動くのはいつ？
芹沢あさひ\【不機嫌なテーマパーク】芹沢あさひ\動くのはいつ？.csv,14,2017007040050,あさひ,む～、もういなかったっす～,呜～，虫不见了～,芹沢あさひ,【不機嫌なテーマパーク】芹沢あさひ,動くのはいつ？
芹沢あさひ\【不機嫌なテーマパーク】芹沢あさひ\動くのはいつ？.csv,16,2017007040060,あさひ,なんすか～,什么事～,芹沢あさひ,【不機嫌なテーマパーク】芹沢あさひ,動くのはいつ？
芹沢あさひ\【不機嫌なテーマパーク】芹沢あさひ\動くのはいつ？.csv,19,2017007040070,あさひ,えー？,欸—？,芹沢あさひ,【不機嫌なテーマパーク】芹沢あさひ,動くのはいつ？
芹沢あさひ\【不機嫌なテーマパーク】芹沢あさひ\動くのはいつ？.csv,22,2017007040080,あさひ,そんなわけないっすよ,不可能有这回事哦,芹沢あさひ,【不機嫌なテーマパーク】芹沢あさひ,動くのはいつ？
芹沢あさひ\【不機嫌なテーマパーク】芹沢あさひ\動くのはいつ？.csv,25,2017007040090,あさひ,"知らないっす……
本当っすか……？","不知道……
这是真的吗……？",芹沢あさひ,【不機嫌なテーマパーク】芹沢あさひ,動くのはいつ？
芹沢あさひ\【不機嫌なテーマパーク】芹沢あさひ\動くのはいつ？.csv,27,2017007040100,あさひ,……どのくらいっすか？,……要多久呢,芹沢あさひ,【不機嫌なテーマパーク】芹沢あさひ,動くのはいつ？
芹沢あさひ\【不機嫌なテーマパーク】芹沢あさひ\動くのはいつ？.csv,29,2017007040110,あさひ,ふーん……,嗯……,芹沢あさひ,【不機嫌なテーマパーク】芹沢あさひ,動くのはいつ？
芹沢あさひ\【不機嫌なテーマパーク】芹沢あさひ\動くのはいつ？.csv,33,2017007040120,あさひ,"…………プロデューサーさん
これ持って帰りたいっす","…………制作人
我想把这个带回去",芹沢あさひ,【不機嫌なテーマパーク】芹沢あさひ,動くのはいつ？
芹沢あさひ\【不機嫌なテーマパーク】芹沢あさひ\動くのはいつ？.csv,36,2017007040130,あさひ,ん？　どうしたんすか？,嗯？  怎么了吗？,芹沢あさひ,【不機嫌なテーマパーク】芹沢あさひ,動くのはいつ？
芹沢あさひ\【不機嫌なテーマパーク】芹沢あさひ\動くのはいつ？.csv,38,2017007040140,あさひ,ないっすね,没有呢,芹沢あさひ,【不機嫌なテーマパーク】芹沢あさひ,動くのはいつ？
芹沢あさひ\【不機嫌なテーマパーク】芹沢あさひ\動くのはいつ？.csv,40,2017007040150,あさひ,うーん……,嗯……,芹沢あさひ,【不機嫌なテーマパーク】芹沢あさひ,動くのはいつ？
芹沢あさひ\【不機嫌なテーマパーク】芹沢あさひ\動くのはいつ？.csv,41,2017007040160,あさひ,うさぎ！　ねこ！　クマ！,兔子！  猫！  熊！,芹沢あさひ,【不機嫌なテーマパーク】芹沢あさひ,動くのはいつ？
芹沢あさひ\【不機嫌なテーマパーク】芹沢あさひ\動くのはいつ？.csv,43,2017007040170,あさひ,わかればいいっすよ！,能懂就行了嘛！,芹沢あさひ,【不機嫌なテーマパーク】芹沢あさひ,動くのはいつ？
芹沢あさひ\【不機嫌なテーマパーク】芹沢あさひ\動くのはいつ？.csv,44,2017007040180,あさひ,"…………
生きてるかもしれないんすよね……？","…………
它们是有可能有生命对吧",芹沢あさひ,【不機嫌なテーマパーク】芹沢あさひ,動くのはいつ？
芹沢あさひ\【不機嫌なテーマパーク】芹沢あさひ\動くのはいつ？.csv,45,2017007040190,あさひ,わかったっす、持って帰るっすよ,那我知道了，我会带回去的,芹沢あさひ,【不機嫌なテーマパーク】芹沢あさひ,動くのはいつ？
芹沢あさひ\【不機嫌なテーマパーク】芹沢あさひ\動くのはいつ？.csv,46,2017007040200,あさひ,わっ！,哇！,芹沢あさひ,【不機嫌なテーマパーク】芹沢あさひ,動くのはいつ？
芹沢あさひ\【不機嫌なテーマパーク】芹沢あさひ\動くのはいつ？.csv,48,2017007040210,あさひ,"大丈夫っす
ぬいぐるみがクッションになってくれたっす","没事
玩偶给我做了缓冲",芹沢あさひ,【不機嫌なテーマパーク】芹沢あさひ,動くのはいつ？
芹沢あさひ\【不機嫌なテーマパーク】芹沢あさひ\動くのはいつ？.csv,50,2017007040220,あさひ,"それはないんじゃないっすかね
プロデューサーさん、さっき100年って言ったっす！","这不可能吧
制作人，你刚才说要100年的！",芹沢あさひ,【不機嫌なテーマパーク】芹沢あさひ,動くのはいつ？
芹沢あさひ\【不機嫌なテーマパーク】芹沢あさひ\動くのはいつ？.csv,52,2017007040230,あさひ,プロデューサーさん、せっかちっすね！,制作人，你太着急了！,芹沢あさひ,【不機嫌なテーマパーク】芹沢あさひ,動くのはいつ？
芹沢あさひ\【不機嫌なテーマパーク】芹沢あさひ\動くのはいつ？.csv,53,2017007040240,あさひ,…………そっすね！,…………确实！,芹沢あさひ,【不機嫌なテーマパーク】芹沢あさひ,動くのはいつ？
芹沢あさひ\【不機嫌なテーマパーク】芹沢あさひ\動くのはいつ？.csv,54,2017007040250,あさひ,あ！　でも100年はちょっと長すぎるっすね！,啊！  不过100年有点太长了吧！,芹沢あさひ,【不機嫌なテーマパーク】芹沢あさひ,動くのはいつ？
芹沢あさひ\【不機嫌なテーマパーク】芹沢あさひ\動くのはいつ？.csv,56,2017007040260,あさひ,……,,芹沢あさひ,【不機嫌なテーマパーク】芹沢あさひ,動くのはいつ？
芹沢あさひ\【不機嫌なテーマパーク】芹沢あさひ\動くのはいつ？.csv,57,2017007040270,あさひ,"もっと短くならないっすかね！
一週間とか！","能变得更短吗！
比如一星期！",芹沢あさひ,【不機嫌なテーマパーク】芹沢あさひ,動くのはいつ？
芹沢あさひ\【不機嫌なテーマパーク】芹沢あさひ\動くのはいつ？.csv,59,2017007040280,あさひ,"えぇ～、でも
100年も待てないっすよ～！","欸～，不过
一百年我可等不及哦～！",芹沢あさひ,【不機嫌なテーマパーク】芹沢あさひ,動くのはいつ？
芹沢あさひ\【不機嫌なテーマパーク】芹沢あさひ\動くのはいつ？.csv,61,2017007040290,あさひ,"うーん……
そっすね、そうしてみるっす","嗯……
确实，那我试试看",芹沢あさひ,【不機嫌なテーマパーク】芹沢あさひ,動くのはいつ？
芹沢あさひ\【不機嫌なテーマパーク】芹沢あさひ\大事なのは飛距離 (1).csv,3,2017007010010,あさひ,"あ！　
そこどいて！","啊！　
让开！",芹沢あさひ,【不機嫌なテーマパーク】芹沢あさひ,大事なのは飛距離 (1)
芹沢あさひ\【不機嫌なテーマパーク】芹沢あさひ\大事なのは飛距離 (1).csv,6,2017007010020,あさひ,"あーあ
いい感じで飛んでたんすよ！　今の！","哎呀
明明飞得很好的！　刚才！",芹沢あさひ,【不機嫌なテーマパーク】芹沢あさひ,大事なのは飛距離 (1)
芹沢あさひ\【不機嫌なテーマパーク】芹沢あさひ\大事なのは飛距離 (1).csv,10,2017007010030,あさひ,"あ～！　なんで広げちゃうんすか！
まだ飛ばしたかったのに！","啊～！　为什么要展开啊！
我还想再飞呢！",芹沢あさひ,【不機嫌なテーマパーク】芹沢あさひ,大事なのは飛距離 (1)
芹沢あさひ\【不機嫌なテーマパーク】芹沢あさひ\大事なのは飛距離 (1).csv,13,2017007010040,あさひ,使わないっすよ,我不用哦,芹沢あさひ,【不機嫌なテーマパーク】芹沢あさひ,大事なのは飛距離 (1)
芹沢あさひ\【不機嫌なテーマパーク】芹沢あさひ\大事なのは飛距離 (1).csv,16,2017007010050,あさひ,"じゃあ、プロデューサーさんにあげるっすよ
わたしは別にいいんで","那、这张票给你了
我不用了",芹沢あさひ,【不機嫌なテーマパーク】芹沢あさひ,大事なのは飛距離 (1)
芹沢あさひ\【不機嫌なテーマパーク】芹沢あさひ\大事なのは飛距離 (1).csv,18,2017007010060,あさひ,んー、よくわからないっすけど……,嗯…，我不太清楚……,芹沢あさひ,【不機嫌なテーマパーク】芹沢あさひ,大事なのは飛距離 (1)
芹沢あさひ\【不機嫌なテーマパーク】芹沢あさひ\大事なのは飛距離 (1).csv,20,2017007010070,あさひ,あ、そんなのあったんすね,啊，原来有这种东西,芹沢あさひ,【不機嫌なテーマパーク】芹沢あさひ,大事なのは飛距離 (1)
芹沢あさひ\【不機嫌なテーマパーク】芹沢あさひ\大事なのは飛距離 (1).csv,22,2017007010080,あさひ,知らなかったっす,我不知道,芹沢あさひ,【不機嫌なテーマパーク】芹沢あさひ,大事なのは飛距離 (1)
芹沢あさひ\【不機嫌なテーマパーク】芹沢あさひ\大事なのは飛距離 (1).csv,24,2017007010090,あさひ,"うーん……
わかったっす","嗯嗯……
我知道了",芹沢あさひ,【不機嫌なテーマパーク】芹沢あさひ,大事なのは飛距離 (1)
芹沢あさひ\【不機嫌なテーマパーク】芹沢あさひ\大事なのは飛距離 (1).csv,31,2017007010100,あさひ,へ～、そんなのあるんすね,哦，还有这种地方啊,芹沢あさひ,【不機嫌なテーマパーク】芹沢あさひ,大事なのは飛距離 (1)
芹沢あさひ\【不機嫌なテーマパーク】芹沢あさひ\大事なのは飛距離 (1).csv,33,2017007010110,あさひ,──……,,芹沢あさひ,【不機嫌なテーマパーク】芹沢あさひ,大事なのは飛距離 (1)
芹沢あさひ\【不機嫌なテーマパーク】芹沢あさひ\大事なのは飛距離 (1).csv,34,2017007010120,あさひ,"あ……！　これ面白そうっすね！
やってみたいっす！","啊……！　这个挺有趣的！
我想试试看！",芹沢あさひ,【不機嫌なテーマパーク】芹沢あさひ,大事なのは飛距離 (1)
芹沢あさひ\【不機嫌なテーマパーク】芹沢あさひ\大事なのは飛距離 (1).csv,37,2017007010130,あさひ,行くっすよ～！,我要去了～,芹沢あさひ,【不機嫌なテーマパーク】芹沢あさひ,大事なのは飛距離 (1)
芹沢あさひ\【不機嫌なテーマパーク】芹沢あさひ\大事なのは飛距離 (1).csv,38,2017007010140,あさひ,123456789──！,,芹沢あさひ,【不機嫌なテーマパーク】芹沢あさひ,大事なのは飛距離 (1)
芹沢あさひ\【不機嫌なテーマパーク】芹沢あさひ\大事なのは飛距離 (1).csv,39,2017007010150,あさひ,──とうっ！,──跳！,芹沢あさひ,【不機嫌なテーマパーク】芹沢あさひ,大事なのは飛距離 (1)
芹沢あさひ\【不機嫌なテーマパーク】芹沢あさひ\大事なのは飛距離 (1).csv,41,2017007010160,あさひ,楽しみになってきたっすね～,我开始期待了！,芹沢あさひ,【不機嫌なテーマパーク】芹沢あさひ,大事なのは飛距離 (1)
芹沢あさひ\【不機嫌なテーマパーク】芹沢あさひ\大事なのは飛距離 (1).csv,42,2017007010170,あさひ,これが面白いんすか？,就这很有趣？,芹沢あさひ,【不機嫌なテーマパーク】芹沢あさひ,大事なのは飛距離 (1)
芹沢あさひ\【不機嫌なテーマパーク】芹沢あさひ\大事なのは飛距離 (1).csv,44,2017007010180,あさひ,……きぐるみがっすか？,……这个玩偶装？,芹沢あさひ,【不機嫌なテーマパーク】芹沢あさひ,大事なのは飛距離 (1)
芹沢あさひ\【不機嫌なテーマパーク】芹沢あさひ\大事なのは飛距離 (1).csv,47,2017007010190,あさひ,へ～、そうなんすね,哦，是这样啊,芹沢あさひ,【不機嫌なテーマパーク】芹沢あさひ,大事なのは飛距離 (1)
芹沢あさひ\【不機嫌なテーマパーク】芹沢あさひ\大事なのは飛距離 (1).csv,48,2017007010200,あさひ,……いっすよ、行くっす！,……好哦，我去！,芹沢あさひ,【不機嫌なテーマパーク】芹沢あさひ,大事なのは飛距離 (1)
芹沢あさひ\【不機嫌なテーマパーク】芹沢あさひ\大事なのは飛距離 (1).csv,50,2017007010210,あさひ,"きぐるみ着て踊るってどんな感じっすかね～
わたしもやってみたいっす","穿着玩偶装跳舞是什么样子呢～
我也想试试看！",芹沢あさひ,【不機嫌なテーマパーク】芹沢あさひ,大事なのは飛距離 (1)
芹沢あさひ\【不機嫌なテーマパーク】芹沢あさひ\大事なのは飛距離 (1).csv,52,2017007010220,あさひ,どんな景色なんすか？,是怎样的景色？,芹沢あさひ,【不機嫌なテーマパーク】芹沢あさひ,大事なのは飛距離 (1)
芹沢あさひ\【不機嫌なテーマパーク】芹沢あさひ\大事なのは飛距離 (1).csv,54,2017007010230,あさひ,ふーん……そうなんすね……,嗯……是这样啊……,芹沢あさひ,【不機嫌なテーマパーク】芹沢あさひ,大事なのは飛距離 (1)
芹沢あさひ\【不機嫌なテーマパーク】芹沢あさひ\大事なのは飛距離 (1).csv,58,2017007010240,あさひ,……,,芹沢あさひ,【不機嫌なテーマパーク】芹沢あさひ,大事なのは飛距離 (1)
芹沢あさひ\【不機嫌なテーマパーク】芹沢あさひ\大事なのは飛距離 (1).csv,60,2017007010250,あさひ,"プロデューサーさん
すごく行きたいんすね","制作人
你非常想去啊",芹沢あさひ,【不機嫌なテーマパーク】芹沢あさひ,大事なのは飛距離 (1)
芹沢あさひ\【不機嫌なテーマパーク】芹沢あさひ\大事なのは飛距離 (1).csv,62,2017007010260,あさひ,"プロデューサーさんがそこまで楽しそうに思うってことは
なんかあるんすかね……","制作人看起来那么期待
感觉应该有些什么……",芹沢あさひ,【不機嫌なテーマパーク】芹沢あさひ,大事なのは飛距離 (1)
芹沢あさひ\【不機嫌なテーマパーク】芹沢あさひ\大事なのは飛距離 (1).csv,63,2017007010270,あさひ,……,,芹沢あさひ,【不機嫌なテーマパーク】芹沢あさひ,大事なのは飛距離 (1)
芹沢あさひ\【不機嫌なテーマパーク】芹沢あさひ\大事なのは飛距離 (1).csv,64,2017007010280,あさひ,"わかったっす
行くっす！","我知道了！
我去！",芹沢あさひ,【不機嫌なテーマパーク】芹沢あさひ,大事なのは飛距離 (1)
芹沢あさひ\【不機嫌なテーマパーク】芹沢あさひ\大事なのは飛距離 (1).csv,66,2017007010290,あさひ,？　なんでわたしがお礼言われるんすか？,？　为什么要谢我？,芹沢あさひ,【不機嫌なテーマパーク】芹沢あさひ,大事なのは飛距離 (1)
芹沢あさひ\【不機嫌なテーマパーク】芹沢あさひ\欲しかったのはそっち.csv,3,2017007020010,あさひ,はいっす～！,是呀！,芹沢あさひ,【不機嫌なテーマパーク】芹沢あさひ,欲しかったのはそっち
芹沢あさひ\【不機嫌なテーマパーク】芹沢あさひ\欲しかったのはそっち.csv,5,2017007020020,あさひ,"そっすね！
もっとやりたかったっすけど！","确实！
虽然我还想参与更多一点",芹沢あさひ,【不機嫌なテーマパーク】芹沢あさひ,欲しかったのはそっち
芹沢あさひ\【不機嫌なテーマパーク】芹沢あさひ\欲しかったのはそっち.csv,6,2017007020030,あさひ,"あと少しで動物バルーン作り
１分切れたっすから","动物气球制作
差一点就超过一分钟了",芹沢あさひ,【不機嫌なテーマパーク】芹沢あさひ,欲しかったのはそっち
芹沢あさひ\【不機嫌なテーマパーク】芹沢あさひ\欲しかったのはそっち.csv,8,2017007020040,あさひ,"！
あ！　プロデューサーさん！　あれ！","！
啊，制作人！  看那个！",芹沢あさひ,【不機嫌なテーマパーク】芹沢あさひ,欲しかったのはそっち
芹沢あさひ\【不機嫌なテーマパーク】芹沢あさひ\欲しかったのはそっち.csv,10,2017007020050,あさひ,ほら！　すぐそこに見えるやつっす！,你看！  就在那里，能看到的！,芹沢あさひ,【不機嫌なテーマパーク】芹沢あさひ,欲しかったのはそっち
芹沢あさひ\【不機嫌なテーマパーク】芹沢あさひ\欲しかったのはそっち.csv,15,2017007020060,あさひ,次はこれやるっす！,下一个就玩这个！,芹沢あさひ,【不機嫌なテーマパーク】芹沢あさひ,欲しかったのはそっち
芹沢あさひ\【不機嫌なテーマパーク】芹沢あさひ\欲しかったのはそっち.csv,18,2017007020070,あさひ,……,,芹沢あさひ,【不機嫌なテーマパーク】芹沢あさひ,欲しかったのはそっち
芹沢あさひ\【不機嫌なテーマパーク】芹沢あさひ\欲しかったのはそっち.csv,20,2017007020080,あさひ,……,,芹沢あさひ,【不機嫌なテーマパーク】芹沢あさひ,欲しかったのはそっち
芹沢あさひ\【不機嫌なテーマパーク】芹沢あさひ\欲しかったのはそっち.csv,22,2017007020090,あさひ,そっちがいいっす……,我更想要那个……,芹沢あさひ,【不機嫌なテーマパーク】芹沢あさひ,欲しかったのはそっち
芹沢あさひ\【不機嫌なテーマパーク】芹沢あさひ\欲しかったのはそっち.csv,24,2017007020100,あさひ,"プロデューサーさんがもらった
５位のフリスビーっす！","制作人得到的
第五名的奖品飞盘！",芹沢あさひ,【不機嫌なテーマパーク】芹沢あさひ,欲しかったのはそっち
芹沢あさひ\【不機嫌なテーマパーク】芹沢あさひ\欲しかったのはそっち.csv,26,2017007020110,あさひ,"……！
ありがとっす～！","……！
谢谢！",芹沢あさひ,【不機嫌なテーマパーク】芹沢あさひ,欲しかったのはそっち
芹沢あさひ\【不機嫌なテーマパーク】芹沢あさひ\欲しかったのはそっち.csv,28,2017007020120,あさひ,"！　プロデューサーさん！
今の見たっすか！？","！  制作人！
你看到刚才那个了吗？",芹沢あさひ,【不機嫌なテーマパーク】芹沢あさひ,欲しかったのはそっち
芹沢あさひ\【不機嫌なテーマパーク】芹沢あさひ\欲しかったのはそっち.csv,30,2017007020130,あさひ,──今通ったのがキラキラですごかったんす！,——刚才经过的那条闪闪发光，真厉害！,芹沢あさひ,【不機嫌なテーマパーク】芹沢あさひ,欲しかったのはそっち
芹沢あさひ\【不機嫌なテーマパーク】芹沢あさひ\欲しかったのはそっち.csv,31,2017007020140,あさひ,"あれ乗りたいっす！
絶対！","我想要坐那条过山车！
一定！",芹沢あさひ,【不機嫌なテーマパーク】芹沢あさひ,欲しかったのはそっち
芹沢あさひ\【不機嫌なテーマパーク】芹沢あさひ\欲しかったのはそっち.csv,35,2017007020150,あさひ,ジェットコースター、止まっちゃったっす！,过山车停下了！,芹沢あさひ,【不機嫌なテーマパーク】芹沢あさひ,欲しかったのはそっち
芹沢あさひ\【不機嫌なテーマパーク】芹沢あさひ\欲しかったのはそっち.csv,38,2017007020160,あさひ,……すっごく乗りたかったっす,……我本来很想坐的,芹沢あさひ,【不機嫌なテーマパーク】芹沢あさひ,欲しかったのはそっち
芹沢あさひ\【不機嫌なテーマパーク】芹沢あさひ\欲しかったのはそっち.csv,42,2017007020170,あさひ,"……！
プロデューサーさん！　今の！","……！
制作人！  刚才的！",芹沢あさひ,【不機嫌なテーマパーク】芹沢あさひ,欲しかったのはそっち
芹沢あさひ\【不機嫌なテーマパーク】芹沢あさひ\欲しかったのはそっち.csv,44,2017007020180,あさひ,"そこ通った人が持ってたステッキ！
面白そっす！　あれ探しに行くっす！","刚才经过的人拿着的手杖！
好像很有意思！  我要去找找！",芹沢あさひ,【不機嫌なテーマパーク】芹沢あさひ,欲しかったのはそっち
芹沢あさひ\【不機嫌なテーマパーク】芹沢あさひ\欲しかったのはそっち.csv,46,2017007020190,あさひ,早く早くっす～！,快点快点～！,芹沢あさひ,【不機嫌なテーマパーク】芹沢あさひ,欲しかったのはそっち
芹沢あさひ\【不機嫌なテーマパーク】芹沢あさひ\見たかったのは何？.csv,4,2017007030010,あさひ,写真撮ってるっす,我在照相,芹沢あさひ,【不機嫌なテーマパーク】芹沢あさひ,見たかったのは何？
芹沢あさひ\【不機嫌なテーマパーク】芹沢あさひ\見たかったのは何？.csv,6,2017007030020,あさひ,見たいって言われたっす,有人说想看,芹沢あさひ,【不機嫌なテーマパーク】芹沢あさひ,見たかったのは何？
芹沢あさひ\【不機嫌なテーマパーク】芹沢あさひ\見たかったのは何？.csv,8,2017007030030,あさひ,そっすそっす,是的是的,芹沢あさひ,【不機嫌なテーマパーク】芹沢あさひ,見たかったのは何？
芹沢あさひ\【不機嫌なテーマパーク】芹沢あさひ\見たかったのは何？.csv,10,2017007030040,あさひ,冬優子ちゃんと愛依ちゃんっすよ,是冬优子和爱依哦,芹沢あさひ,【不機嫌なテーマパーク】芹沢あさひ,見たかったのは何？
芹沢あさひ\【不機嫌なテーマパーク】芹沢あさひ\見たかったのは何？.csv,11,2017007030050,あさひ,あ、ぬいぐるみも一緒に撮るっす,啊，玩偶也要一起照,芹沢あさひ,【不機嫌なテーマパーク】芹沢あさひ,見たかったのは何？
芹沢あさひ\【不機嫌なテーマパーク】芹沢あさひ\見たかったのは何？.csv,13,2017007030060,あさひ,"……？
わかんないっすけど","……？
我也不知道",芹沢あさひ,【不機嫌なテーマパーク】芹沢あさひ,見たかったのは何？
芹沢あさひ\【不機嫌なテーマパーク】芹沢あさひ\見たかったのは何？.csv,14,2017007030070,あさひ,"遊園地の話したら、
ふたりともいいなーって言ってて","讲了游乐园的事儿，
那两人都说，真好啊",芹沢あさひ,【不機嫌なテーマパーク】芹沢あさひ,見たかったのは何？
芹沢あさひ\【不機嫌なテーマパーク】芹沢あさひ\見たかったのは何？.csv,16,2017007030080,あさひ,"プロデューサーさんとぬいぐるみ持って
ロッカー探した時のこと話したら","我讲到制作人拿着玩偶
找寄存柜的时候的事",芹沢あさひ,【不機嫌なテーマパーク】芹沢あさひ,見たかったのは何？
芹沢あさひ\【不機嫌なテーマパーク】芹沢あさひ\見たかったのは何？.csv,18,2017007030090,あさひ,"なんで撮ってこなかったのって
言われたっす","她们就说
为什么不拍张照呢",芹沢あさひ,【不機嫌なテーマパーク】芹沢あさひ,見たかったのは何？
芹沢あさひ\【不機嫌なテーマパーク】芹沢あさひ\見たかったのは何？.csv,20,2017007030100,あさひ,だから、撮るっすよ,所以，我要照了,芹沢あさひ,【不機嫌なテーマパーク】芹沢あさひ,見たかったのは何？
芹沢あさひ\【不機嫌なテーマパーク】芹沢あさひ\見たかったのは何？.csv,22,2017007030110,あさひ,"プロデューサーさん
ちゃんとこの前みたいに持ってほしいっすよ","制作人
希望你能照着之前那样拿着玩偶",芹沢あさひ,【不機嫌なテーマパーク】芹沢あさひ,見たかったのは何？
芹沢あさひ\【不機嫌なテーマパーク】芹沢あさひ\見たかったのは何？.csv,28,2017007030120,あさひ,"……？
でも、見たいって言ってたっす","……？
不过，她们说了",芹沢あさひ,【不機嫌なテーマパーク】芹沢あさひ,見たかったのは何？
芹沢あさひ\【不機嫌なテーマパーク】芹沢あさひ\見たかったのは何？.csv,29,2017007030130,あさひ,ぬいぐるみとプロデューサーさん,想看玩偶和制作人,芹沢あさひ,【不機嫌なテーマパーク】芹沢あさひ,見たかったのは何？
芹沢あさひ\【不機嫌なテーマパーク】芹沢あさひ\見たかったのは何？.csv,32,2017007030140,あさひ,……,,芹沢あさひ,【不機嫌なテーマパーク】芹沢あさひ,見たかったのは何？
芹沢あさひ\【不機嫌なテーマパーク】芹沢あさひ\見たかったのは何？.csv,35,2017007030150,あさひ,"……えー
なんか難しいっす","……欸
感觉好难做到",芹沢あさひ,【不機嫌なテーマパーク】芹沢あさひ,見たかったのは何？
芹沢あさひ\【不機嫌なテーマパーク】芹沢あさひ\見たかったのは何？.csv,37,2017007030160,あさひ,えー！,欸—！,芹沢あさひ,【不機嫌なテーマパーク】芹沢あさひ,見たかったのは何？
芹沢あさひ\【不機嫌なテーマパーク】芹沢あさひ\見たかったのは何？.csv,39,2017007030170,あさひ,"それじゃダメっすよー
面白い写真撮っていくっす！","我不要！
我要拍有趣的照片！",芹沢あさひ,【不機嫌なテーマパーク】芹沢あさひ,見たかったのは何？
芹沢あさひ\【不機嫌なテーマパーク】芹沢あさひ\見たかったのは何？.csv,41,2017007030180,あさひ,"……！
あははは……！","……！
啊哈哈哈……！",芹沢あさひ,【不機嫌なテーマパーク】芹沢あさひ,見たかったのは何？
芹沢あさひ\【不機嫌なテーマパーク】芹沢あさひ\見たかったのは何？.csv,43,2017007030190,あさひ,面白い顔になったっすー！,刚才的表情真有趣！,芹沢あさひ,【不機嫌なテーマパーク】芹沢あさひ,見たかったのは何？
芹沢あさひ\【不機嫌なテーマパーク】芹沢あさひ\見たかったのは何？.csv,44,2017007030200,あさひ,なんでそれが面白いんすか？,为什么这个有趣？,芹沢あさひ,【不機嫌なテーマパーク】芹沢あさひ,見たかったのは何？
芹沢あさひ\【不機嫌なテーマパーク】芹沢あさひ\見たかったのは何？.csv,46,2017007030210,あさひ,……？,……？,芹沢あさひ,【不機嫌なテーマパーク】芹沢あさひ,見たかったのは何？
芹沢あさひ\【不機嫌なテーマパーク】芹沢あさひ\見たかったのは何？.csv,47,2017007030220,あさひ,"でも、もう遊園地の写真
撮れないっすよ？","但是，游乐园的照片
已经没法拍了啊",芹沢あさひ,【不機嫌なテーマパーク】芹沢あさひ,見たかったのは何？
芹沢あさひ\【不機嫌なテーマパーク】芹沢あさひ\見たかったのは何？.csv,49,2017007030230,あさひ,…………,,芹沢あさひ,【不機嫌なテーマパーク】芹沢あさひ,見たかったのは何？
芹沢あさひ\【不機嫌なテーマパーク】芹沢あさひ\見たかったのは何？.csv,51,2017007030240,あさひ,"……？
それはそっすけど","……？
这个是确实",芹沢あさひ,【不機嫌なテーマパーク】芹沢あさひ,見たかったのは何？
芹沢あさひ\【不機嫌なテーマパーク】芹沢あさひ\見たかったのは何？.csv,53,2017007030250,あさひ,"……！
そっすね、シューティング面白かったっす！","……！
是啊，射击真有意思！",芹沢あさひ,【不機嫌なテーマパーク】芹沢あさひ,見たかったのは何？
芹沢あさひ\【不機嫌なテーマパーク】芹沢あさひ\見たかったのは何？.csv,55,2017007030260,あさひ,"あはは～
プロデューサーさんもなかなか上手かったっすよ！","啊哈哈～
制作人也挺厉害的哦！",芹沢あさひ,【不機嫌なテーマパーク】芹沢あさひ,見たかったのは何？
芹沢あさひ\【不機嫌なテーマパーク】芹沢あさひ\見たかったのは何？.csv,58,2017007030270,あさひ,……？,,芹沢あさひ,【不機嫌なテーマパーク】芹沢あさひ,見たかったのは何？
芹沢あさひ\【不機嫌なテーマパーク】芹沢あさひ\見たかったのは何？.csv,61,2017007030280,あさひ,"……！
なんすか────","……！
干什么————",芹沢あさひ,【不機嫌なテーマパーク】芹沢あさひ,見たかったのは何？
芹沢あさひ\【不機嫌なテーマパーク】芹沢あさひ\見たかったのは何？.csv,62,2017007030290,あさひ,……！？,,芹沢あさひ,【不機嫌なテーマパーク】芹沢あさひ,見たかったのは何？
芹沢あさひ\【不機嫌なテーマパーク】芹沢あさひ\見たかったのは何？.csv,64,2017007030300,あさひ,"えっ！
見せてほしいっす！","欸！
给我看看！",芹沢あさひ,【不機嫌なテーマパーク】芹沢あさひ,見たかったのは何？
芹沢あさひ\【不機嫌なテーマパーク】芹沢あさひ\見たかったのは何？.csv,65,2017007030310,あさひ,"────あはははっ！
わたし、ヘンな顔っす～！","————啊哈哈哈！
我的表情，真奇怪～！",芹沢あさひ,【不機嫌なテーマパーク】芹沢あさひ,見たかったのは何？
芹沢あさひ\【不機嫌なテーマパーク】芹沢あさひ\見たかったのは何？.csv,69,2017007030320,あさひ,"……？
何が言いたいっすか？","……？
你想说什么？",芹沢あさひ,【不機嫌なテーマパーク】芹沢あさひ,見たかったのは何？
芹沢あさひ\【不機嫌なテーマパーク】芹沢あさひ\見たかったのは何？.csv,72,2017007030330,あさひ,……,,芹沢あさひ,【不機嫌なテーマパーク】芹沢あさひ,見たかったのは何？
芹沢あさひ\【不機嫌なテーマパーク】芹沢あさひ\見たかったのは何？.csv,74,2017007030340,あさひ,"わっ……！
ずるいっすプロデューサーさん！　わたしも撮るっす！","哇……！
制作人，真狡猾！  我也要拍！",芹沢あさひ,【不機嫌なテーマパーク】芹沢あさひ,見たかったのは何？
芹沢あさひ\【今日の手は空を切らない】芹沢あさひ\三人.csv,3,3017006010020,あさひ,ロマン……,浪漫……,芹沢あさひ,【今日の手は空を切らない】芹沢あさひ,三人
芹沢あさひ\【今日の手は空を切らない】芹沢あさひ\三人.csv,4,3017006010030,あさひ,"それってどの辺がっすか！？
教えてほしいっす！","具体是哪些地方呢！？
能告诉我吗！",芹沢あさひ,【今日の手は空を切らない】芹沢あさひ,三人
芹沢あさひ\【今日の手は空を切らない】芹沢あさひ\三人.csv,7,3017006010060,あさひ,ふんふん……！,嗯嗯……！,芹沢あさひ,【今日の手は空を切らない】芹沢あさひ,三人
芹沢あさひ\【今日の手は空を切らない】芹沢あさひ\三人.csv,9,3017006010080,あさひ,うーん……？,嗯……？,芹沢あさひ,【今日の手は空を切らない】芹沢あさひ,三人
芹沢あさひ\【今日の手は空を切らない】芹沢あさひ\三人.csv,12,3017006010110,あさひ,えーっ,诶——,芹沢あさひ,【今日の手は空を切らない】芹沢あさひ,三人
芹沢あさひ\【今日の手は空を切らない】芹沢あさひ\三人.csv,13,3017006010120,あさひ,"ひどいっすよ愛依ちゃん！
せっかく面白そうだなって思ったのに！","太过分了爱依！
难得觉得很有趣！",芹沢あさひ,【今日の手は空を切らない】芹沢あさひ,三人
芹沢あさひ\【今日の手は空を切らない】芹沢あさひ\三人.csv,18,3017006010170,あさひ,"え！　いいんすか！？
じゃあ遊びに行くっすよ！","诶！ 可以吗！？
那我去玩了！",芹沢あさひ,【今日の手は空を切らない】芹沢あさひ,三人
芹沢あさひ\【今日の手は空を切らない】芹沢あさひ\三人.csv,19,3017006010180,あさひ,線路、どこまで続いてるっすかね～！,铁轨，到底会延伸到哪里呢～！,芹沢あさひ,【今日の手は空を切らない】芹沢あさひ,三人
芹沢あさひ\【今日の手は空を切らない】芹沢あさひ\三人.csv,24,3017006010230,あさひ,"行けるかどうか試してみるっすよ愛依ちゃん！
決まりっす～！","能不能走到尽头要试一下才能知道哦，爱依！
就这样决定了～！",芹沢あさひ,【今日の手は空を切らない】芹沢あさひ,三人
芹沢あさひ\【今日の手は空を切らない】芹沢あさひ\三人.csv,27,3017006010260,あさひ,はいっす！,好耶！,芹沢あさひ,【今日の手は空を切らない】芹沢あさひ,三人
芹沢あさひ\【今日の手は空を切らない】芹沢あさひ\三人.csv,43,3017006010420,あさひ,あはは……！,啊哈哈……！,芹沢あさひ,【今日の手は空を切らない】芹沢あさひ,三人
芹沢あさひ\【今日の手は空を切らない】芹沢あさひ\三人.csv,44,3017006010430,あさひ,"はいっす！
15分経ったら戻るんすよね","明白了！
过了15分钟就回头对吧。",芹沢あさひ,【今日の手は空を切らない】芹沢あさひ,三人
芹沢あさひ\【今日の手は空を切らない】芹沢あさひ\三人.csv,46,3017006010450,あさひ,わかったっす、ちゃんと戻るっすけど──,明白了。虽然会回头——,芹沢あさひ,【今日の手は空を切らない】芹沢あさひ,三人
芹沢あさひ\【今日の手は空を切らない】芹沢あさひ\三人.csv,47,3017006010460,あさひ,もし戻れなくなっても、楽しそうっす,但要是回不来了，也蛮有趣的。,芹沢あさひ,【今日の手は空を切らない】芹沢あさひ,三人
芹沢あさひ\【今日の手は空を切らない】芹沢あさひ\三人.csv,48,3017006010470,あさひ,神隠しとか！,像神隐什么的！,芹沢あさひ,【今日の手は空を切らない】芹沢あさひ,三人
芹沢あさひ\【今日の手は空を切らない】芹沢あさひ\三人.csv,52,3017006010510,あさひ,"え
神様、選んでくれないんすか？","诶
不会被神明选上吗？",芹沢あさひ,【今日の手は空を切らない】芹沢あさひ,三人
芹沢あさひ\【今日の手は空を切らない】芹沢あさひ\三人.csv,53,3017006010520,あさひ,つまんない神様っすねー……,真无聊的神明——……,芹沢あさひ,【今日の手は空を切らない】芹沢あさひ,三人
芹沢あさひ\【今日の手は空を切らない】芹沢あさひ\石よりも.csv,2,3017006030010,あさひ,（今日は──）,（今天的话——）,芹沢あさひ,【今日の手は空を切らない】芹沢あさひ,石よりも
芹沢あさひ\【今日の手は空を切らない】芹沢あさひ\石よりも.csv,3,3017006030020,あさひ,（…………）,,芹沢あさひ,【今日の手は空を切らない】芹沢あさひ,石よりも
芹沢あさひ\【今日の手は空を切らない】芹沢あさひ\石よりも.csv,4,3017006030030,あさひ,（いや、それよりも。橋の下の……）,（不，比起这个。桥下的……）,芹沢あさひ,【今日の手は空を切らない】芹沢あさひ,石よりも
芹沢あさひ\【今日の手は空を切らない】芹沢あさひ\石よりも.csv,5,3017006030040,あさひ,（──うん。こっち）,（……嗯。那边）,芹沢あさひ,【今日の手は空を切らない】芹沢あさひ,石よりも
芹沢あさひ\【今日の手は空を切らない】芹沢あさひ\石よりも.csv,6,3017006030050,あさひ,ふんふーん……♪,哼哼……♪,芹沢あさひ,【今日の手は空を切らない】芹沢あさひ,石よりも
芹沢あさひ\【今日の手は空を切らない】芹沢あさひ\石よりも.csv,8,3017006030070,あさひ,"！
愛依ちゃん！","！
爱依！",芹沢あさひ,【今日の手は空を切らない】芹沢あさひ,石よりも
芹沢あさひ\【今日の手は空を切らない】芹沢あさひ\石よりも.csv,10,3017006030090,あさひ,橋のところに行くっす！,要去桥那边！,芹沢あさひ,【今日の手は空を切らない】芹沢あさひ,石よりも
芹沢あさひ\【今日の手は空を切らない】芹沢あさひ\石よりも.csv,14,3017006030130,あさひ,セール……,促销……,芹沢あさひ,【今日の手は空を切らない】芹沢あさひ,石よりも
芹沢あさひ\【今日の手は空を切らない】芹沢あさひ\石よりも.csv,15,3017006030140,あさひ,それって、面白いんすか？,那，有趣吗？,芹沢あさひ,【今日の手は空を切らない】芹沢あさひ,石よりも
芹沢あさひ\【今日の手は空を切らない】芹沢あさひ\石よりも.csv,20,3017006030190,あさひ,へー,诶——,芹沢あさひ,【今日の手は空を切らない】芹沢あさひ,石よりも
芹沢あさひ\【今日の手は空を切らない】芹沢あさひ\石よりも.csv,21,3017006030200,あさひ,愛依ちゃん、楽しそうっすね！,爱依，看起来好开心！,芹沢あさひ,【今日の手は空を切らない】芹沢あさひ,石よりも
芹沢あさひ\【今日の手は空を切らない】芹沢あさひ\石よりも.csv,23,3017006030220,あさひ,えっ？,诶？,芹沢あさひ,【今日の手は空を切らない】芹沢あさひ,石よりも
芹沢あさひ\【今日の手は空を切らない】芹沢あさひ\石よりも.csv,26,3017006030250,あさひ,……,,芹沢あさひ,【今日の手は空を切らない】芹沢あさひ,石よりも
芹沢あさひ\【今日の手は空を切らない】芹沢あさひ\石よりも.csv,28,3017006030270,あさひ,"──あ、えっと
橋の下の石を見に行くっす！","——啊，那个
想去看桥下面的石头！",芹沢あさひ,【今日の手は空を切らない】芹沢あさひ,石よりも
芹沢あさひ\【今日の手は空を切らない】芹沢あさひ\石よりも.csv,30,3017006030290,あさひ,"なんか、誰かが並べたみたいな形してたから、
今日どうなってるか見たいなって思って","感觉像有人故意摆出来一样，
想去看看今天怎么样了。",芹沢あさひ,【今日の手は空を切らない】芹沢あさひ,石よりも
芹沢あさひ\【今日の手は空を切らない】芹沢あさひ\石よりも.csv,33,3017006030320,あさひ,"や、橋の下にあるんで、
そういうのじゃないと思うっす","不，因为是在桥下，
所以应该不是那种。",芹沢あさひ,【今日の手は空を切らない】芹沢あさひ,石よりも
芹沢あさひ\【今日の手は空を切らない】芹沢あさひ\石よりも.csv,34,3017006030330,あさひ,上から見られないし,从上面也看不到。,芹沢あさひ,【今日の手は空を切らない】芹沢あさひ,石よりも
芹沢あさひ\【今日の手は空を切らない】芹沢あさひ\石よりも.csv,36,3017006030350,あさひ,でも、人が並べないとあんな形にならないはずなんで──,但是，没有人去排的话就不会变成那种形状——,芹沢あさひ,【今日の手は空を切らない】芹沢あさひ,石よりも
芹沢あさひ\【今日の手は空を切らない】芹沢あさひ\石よりも.csv,37,3017006030360,あさひ,──……,,芹沢あさひ,【今日の手は空を切らない】芹沢あさひ,石よりも
芹沢あさひ\【今日の手は空を切らない】芹沢あさひ\石よりも.csv,39,3017006030380,あさひ,そうっすね,是啊。,芹沢あさひ,【今日の手は空を切らない】芹沢あさひ,石よりも
芹沢あさひ\【今日の手は空を切らない】芹沢あさひ\石よりも.csv,41,3017006030400,あさひ,"？
はいっす、多分","？
对的，大概。",芹沢あさひ,【今日の手は空を切らない】芹沢あさひ,石よりも
芹沢あさひ\【今日の手は空を切らない】芹沢あさひ\石よりも.csv,43,3017006030420,あさひ,はいっす！,知道了！,芹沢あさひ,【今日の手は空を切らない】芹沢あさひ,石よりも
芹沢あさひ\【今日の手は空を切らない】芹沢あさひ\石よりも.csv,44,3017006030430,あさひ,────,,芹沢あさひ,【今日の手は空を切らない】芹沢あさひ,石よりも
芹沢あさひ\【今日の手は空を切らない】芹沢あさひ\石よりも.csv,45,3017006030440,あさひ,（今日は──橋の下の……）,（今天的话——桥下的……）,芹沢あさひ,【今日の手は空を切らない】芹沢あさひ,石よりも
芹沢あさひ\【今日の手は空を切らない】芹沢あさひ\石よりも.csv,46,3017006030450,あさひ,（……ううん！）,（……呜嗯！）,芹沢あさひ,【今日の手は空を切らない】芹沢あさひ,石よりも
芹沢あさひ\【今日の手は空を切らない】芹沢あさひ\石よりも.csv,47,3017006030460,あさひ,愛依ちゃん！,爱依！,芹沢あさひ,【今日の手は空を切らない】芹沢あさひ,石よりも
芹沢あさひ\【今日の手は空を切らない】芹沢あさひ\石よりも.csv,48,3017006030470,あさひ,やっぱりわたし、愛依ちゃんと一緒に行くっす！,果然今天还是和爱依一起去！,芹沢あさひ,【今日の手は空を切らない】芹沢あさひ,石よりも
芹沢あさひ\【今日の手は空を切らない】芹沢あさひ\石よりも.csv,50,3017006030490,あさひ,そっちの方が面白そっすから！,那样的话会比较有趣！,芹沢あさひ,【今日の手は空を切らない】芹沢あさひ,石よりも
芹沢あさひ\【今日の手は空を切らない】芹沢あさひ\石よりも.csv,53,3017006030520,あさひ,はいっす！,好耶！,芹沢あさひ,【今日の手は空を切らない】芹沢あさひ,石よりも
芹沢あさひ\【今日の手は空を切らない】芹沢あさひ\蝶よりも.csv,2,3017006020010,あさひ,（10時半──……早く着いちゃった）,（10点半——……来早了）,芹沢あさひ,【今日の手は空を切らない】芹沢あさひ,蝶よりも
芹沢あさひ\【今日の手は空を切らない】芹沢あさひ\蝶よりも.csv,3,3017006020020,あさひ,（冬優子ちゃん来るまでどこかで──）,（冬优子还没到——）,芹沢あさひ,【今日の手は空を切らない】芹沢あさひ,蝶よりも
芹沢あさひ\【今日の手は空を切らない】芹沢あさひ\蝶よりも.csv,4,3017006020030,あさひ,（…………）,,芹沢あさひ,【今日の手は空を切らない】芹沢あさひ,蝶よりも
芹沢あさひ\【今日の手は空を切らない】芹沢あさひ\蝶よりも.csv,5,3017006020040,あさひ,（……どこか、近くで……──）,（……到附近哪里……——）,芹沢あさひ,【今日の手は空を切らない】芹沢あさひ,蝶よりも
芹沢あさひ\【今日の手は空を切らない】芹沢あさひ\蝶よりも.csv,6,3017006020050,あさひ,──あ。蝶,——啊。蝴蝶。,芹沢あさひ,【今日の手は空を切らない】芹沢あさひ,蝶よりも
芹沢あさひ\【今日の手は空を切らない】芹沢あさひ\蝶よりも.csv,7,3017006020060,あさひ,"（あんな色の、見たことない
大きいし、この辺にいるやつじゃない）","（那种颜色，从来没见过。
而且很大，是这附近没有品种的。）",芹沢あさひ,【今日の手は空を切らない】芹沢あさひ,蝶よりも
芹沢あさひ\【今日の手は空を切らない】芹沢あさひ\蝶よりも.csv,8,3017006020070,あさひ,──待って！,——等一下！,芹沢あさひ,【今日の手は空を切らない】芹沢あさひ,蝶よりも
芹沢あさひ\【今日の手は空を切らない】芹沢あさひ\蝶よりも.csv,9,3017006020080,あさひ,うーーーーん……見失った……？,嗯————————……跟丢了……？,芹沢あさひ,【今日の手は空を切らない】芹沢あさひ,蝶よりも
芹沢あさひ\【今日の手は空を切らない】芹沢あさひ\蝶よりも.csv,10,3017006020090,あさひ,"（でも多分近くにはいるはず──だから、
この辺探してたらまた見つかるかも）","（但应该还在这附近
所以在这块多找找的话应该可以找到。）",芹沢あさひ,【今日の手は空を切らない】芹沢あさひ,蝶よりも
芹沢あさひ\【今日の手は空を切らない】芹沢あさひ\蝶よりも.csv,11,3017006020100,あさひ,（……いない──？）,（……没有——？）,芹沢あさひ,【今日の手は空を切らない】芹沢あさひ,蝶よりも
芹沢あさひ\【今日の手は空を切らない】芹沢あさひ\蝶よりも.csv,12,3017006020110,あさひ,（あ！　あの花に止まってるの──）,（啊！ 停在那朵花上——）,芹沢あさひ,【今日の手は空を切らない】芹沢あさひ,蝶よりも
芹沢あさひ\【今日の手は空を切らない】芹沢あさひ\蝶よりも.csv,13,3017006020120,あさひ,…………？,,芹沢あさひ,【今日の手は空を切らない】芹沢あさひ,蝶よりも
芹沢あさひ\【今日の手は空を切らない】芹沢あさひ\蝶よりも.csv,14,3017006020130,あさひ,あ！　冬優子ちゃん！,啊！ 冬优子！,芹沢あさひ,【今日の手は空を切らない】芹沢あさひ,蝶よりも
芹沢あさひ\【今日の手は空を切らない】芹沢あさひ\蝶よりも.csv,15,3017006020140,あさひ,──っ,,芹沢あさひ,【今日の手は空を切らない】芹沢あさひ,蝶よりも
芹沢あさひ\【今日の手は空を切らない】芹沢あさひ\蝶よりも.csv,27,3017006020260,あさひ,なんっすか？,怎么了？,芹沢あさひ,【今日の手は空を切らない】芹沢あさひ,蝶よりも
芹沢あさひ\【今日の手は空を切らない】芹沢あさひ\蝶よりも.csv,29,3017006020280,あさひ,待たせてごめんっす、冬優子ちゃん,不好意思久等了，冬优子。,芹沢あさひ,【今日の手は空を切らない】芹沢あさひ,蝶よりも
芹沢あさひ\【今日の手は空を切らない】芹沢あさひ\蝶よりも.csv,32,3017006020310,あさひ,11時半だから、30分っすよね,现在是11点半，所以是30分钟。,芹沢あさひ,【今日の手は空を切らない】芹沢あさひ,蝶よりも
芹沢あさひ\【今日の手は空を切らない】芹沢あさひ\蝶よりも.csv,34,3017006020330,あさひ,"完全に冬優子ちゃんのこと忘れてたんすよ
思い出した時はもう待ち合わせの時間過ぎてて","w因为完全忘记冬优子的事，
想起来已经过了集合时间了。",芹沢あさひ,【今日の手は空を切らない】芹沢あさひ,蝶よりも
芹沢あさひ\【今日の手は空を切らない】芹沢あさひ\蝶よりも.csv,35,3017006020340,あさひ,だから走って来たっす！,所以才跑回来了！,芹沢あさひ,【今日の手は空を切らない】芹沢あさひ,蝶よりも
芹沢あさひ\【今日の手は空を切らない】芹沢あさひ\蝶よりも.csv,37,3017006020360,あさひ,珍しい蝶がいたんすよ～,遇见很稀有的蝴蝶哦～,芹沢あさひ,【今日の手は空を切らない】芹沢あさひ,蝶よりも
芹沢あさひ\【今日の手は空を切らない】芹沢あさひ\蝶よりも.csv,40,3017006020390,あさひ,……？,,芹沢あさひ,【今日の手は空を切らない】芹沢あさひ,蝶よりも
芹沢あさひ\【今日の手は空を切らない】芹沢あさひ\蝶よりも.csv,41,3017006020400,あさひ,思い出したからこっち来たんすよ？,想起来所以就回来了哦？,芹沢あさひ,【今日の手は空を切らない】芹沢あさひ,蝶よりも
芹沢あさひ\【今日の手は空を切らない】芹沢あさひ\蝶よりも.csv,43,3017006020420,あさひ,冬優子ちゃんが待ってるって思って、こっち来たっす！,想起来冬优子在等我，所以就回来了！,芹沢あさひ,【今日の手は空を切らない】芹沢あさひ,蝶よりも
芹沢あさひ\【今日の手は空を切らない】芹沢あさひ\蝶よりも.csv,46,3017006020450,あさひ,"どうしたんすか冬優子ちゃん
なんかのモンスターみたいっすよ","怎么了冬优子，
看起来好像怪物。",芹沢あさひ,【今日の手は空を切らない】芹沢あさひ,蝶よりも
芹沢あさひ\【今日の手は空を切らない】芹沢あさひ\蝶よりも.csv,49,3017006020480,あさひ,？,,芹沢あさひ,【今日の手は空を切らない】芹沢あさひ,蝶よりも
芹沢あさひ\【今日の手は空を切らない】芹沢あさひ\蝶よりも.csv,50,3017006020490,あさひ,"あ、冬優子ちゃん、
移動しなくて大丈夫っすか？","啊，冬优子
不该出发了吗？",芹沢あさひ,【今日の手は空を切らない】芹沢あさひ,蝶よりも
芹沢あさひ\【今日の手は空を切らない】芹沢あさひ\蝶よりも.csv,51,3017006020500,あさひ,時間、結構過ぎちゃったから──,时间已经过去很久了——,芹沢あさひ,【今日の手は空を切らない】芹沢あさひ,蝶よりも
芹沢あさひ\【今日の手は空を切らない】芹沢あさひ\蝶よりも.csv,54,3017006020530,あさひ,"わかったっす！
まずはご飯っすかね？","明白了！
是先去吃饭吗？",芹沢あさひ,【今日の手は空を切らない】芹沢あさひ,蝶よりも
芹沢あさひ\【今日の手は空を切らない】芹沢あさひ\蝶よりも.csv,57,3017006020560,あさひ,じゃあ行くっすよ！　冬優子ちゃん！,那出发吧！ 冬优子！,芹沢あさひ,【今日の手は空を切らない】芹沢あさひ,蝶よりも
芹沢あさひ\【何故、ベルは鳴る】芹沢あさひ\【何故、ベルは鳴る】芹沢あさひ01.csv,8,2017018010010,あさひ,……,,芹沢あさひ,【何故、ベルは鳴る】芹沢あさひ,【何故、ベルは鳴る】芹沢あさひ01
芹沢あさひ\【何故、ベルは鳴る】芹沢あさひ\【何故、ベルは鳴る】芹沢あさひ01.csv,14,2017018010020,あさひ,大丈夫っす,没什么啦,芹沢あさひ,【何故、ベルは鳴る】芹沢あさひ,【何故、ベルは鳴る】芹沢あさひ01
芹沢あさひ\【何故、ベルは鳴る】芹沢あさひ\【何故、ベルは鳴る】芹沢あさひ01.csv,18,2017018010030,あさひ,……,,芹沢あさひ,【何故、ベルは鳴る】芹沢あさひ,【何故、ベルは鳴る】芹沢あさひ01
芹沢あさひ\【何故、ベルは鳴る】芹沢あさひ\【何故、ベルは鳴る】芹沢あさひ01.csv,20,2017018010040,あさひ,…………,,芹沢あさひ,【何故、ベルは鳴る】芹沢あさひ,【何故、ベルは鳴る】芹沢あさひ01
芹沢あさひ\【何故、ベルは鳴る】芹沢あさひ\【何故、ベルは鳴る】芹沢あさひ01.csv,22,2017018010050,あさひ,なんでもないっす,没怎么,芹沢あさひ,【何故、ベルは鳴る】芹沢あさひ,【何故、ベルは鳴る】芹沢あさひ01
芹沢あさひ\【何故、ベルは鳴る】芹沢あさひ\【何故、ベルは鳴る】芹沢あさひ01.csv,25,2017018010060,あさひ,……あ、また,……啊，又来了,芹沢あさひ,【何故、ベルは鳴る】芹沢あさひ,【何故、ベルは鳴る】芹沢あさひ01
芹沢あさひ\【何故、ベルは鳴る】芹沢あさひ\【何故、ベルは鳴る】芹沢あさひ01.csv,27,2017018010070,あさひ,……そうなんすかね,……是这样吗,芹沢あさひ,【何故、ベルは鳴る】芹沢あさひ,【何故、ベルは鳴る】芹沢あさひ01
芹沢あさひ\【何故、ベルは鳴る】芹沢あさひ\【何故、ベルは鳴る】芹沢あさひ01.csv,28,2017018010080,あさひ,"プロデューサーさん
結婚ってなんでするっすか？","制作人
结婚到底是为了什么呢？",芹沢あさひ,【何故、ベルは鳴る】芹沢あさひ,【何故、ベルは鳴る】芹沢あさひ01
芹沢あさひ\【何故、ベルは鳴る】芹沢あさひ\【何故、ベルは鳴る】芹沢あさひ01.csv,30,2017018010090,あさひ,難しいことなんすか？,会很难吗？,芹沢あさひ,【何故、ベルは鳴る】芹沢あさひ,【何故、ベルは鳴る】芹沢あさひ01
芹沢あさひ\【何故、ベルは鳴る】芹沢あさひ\【何故、ベルは鳴る】芹沢あさひ01.csv,36,2017018010100,あさひ,"ふむ……
まぁ、言われてみればそうかもしれないっすね","嗯……
这么一说好像也有道理",芹沢あさひ,【何故、ベルは鳴る】芹沢あさひ,【何故、ベルは鳴る】芹沢あさひ01
芹沢あさひ\【何故、ベルは鳴る】芹沢あさひ\【何故、ベルは鳴る】芹沢あさひ01.csv,37,2017018010110,あさひ,"……でも、たとえばでいいっすから
なんか教えてほしいっす！","……不过，制作人还是举几个例子吧
我想多了解一点！",芹沢あさひ,【何故、ベルは鳴る】芹沢あさひ,【何故、ベルは鳴る】芹沢あさひ01
芹沢あさひ\【何故、ベルは鳴る】芹沢あさひ\【何故、ベルは鳴る】芹沢あさひ01.csv,43,2017018010120,あさひ,結婚することで幸せにできるっすか？,结婚真的能给人带来幸福吗？,芹沢あさひ,【何故、ベルは鳴る】芹沢あさひ,【何故、ベルは鳴る】芹沢あさひ01
芹沢あさひ\【何故、ベルは鳴る】芹沢あさひ\【何故、ベルは鳴る】芹沢あさひ01.csv,48,2017018010130,あさひ,いないっすよ,没有啦,芹沢あさひ,【何故、ベルは鳴る】芹沢あさひ,【何故、ベルは鳴る】芹沢あさひ01
芹沢あさひ\【何故、ベルは鳴る】芹沢あさひ\【何故、ベルは鳴る】芹沢あさひ01.csv,52,2017018010140,あさひ,"……？
いるっすか？　そんな人","……？
会有那种人吗？",芹沢あさひ,【何故、ベルは鳴る】芹沢あさひ,【何故、ベルは鳴る】芹沢あさひ01
芹沢あさひ\【何故、ベルは鳴る】芹沢あさひ\【何故、ベルは鳴る】芹沢あさひ01.csv,54,2017018010150,あさひ,へー……,欸……,芹沢あさひ,【何故、ベルは鳴る】芹沢あさひ,【何故、ベルは鳴る】芹沢あさひ01
芹沢あさひ\【何故、ベルは鳴る】芹沢あさひ\【何故、ベルは鳴る】芹沢あさひ01.csv,56,2017018010160,あさひ,まぁ、そっすね,嗯，也是呢,芹沢あさひ,【何故、ベルは鳴る】芹沢あさひ,【何故、ベルは鳴る】芹沢あさひ01
芹沢あさひ\【何故、ベルは鳴る】芹沢あさひ\【何故、ベルは鳴る】芹沢あさひ01.csv,57,2017018010170,あさひ,けど、そんな人いるっすかね？,不过，真的会出现这种人吗？,芹沢あさひ,【何故、ベルは鳴る】芹沢あさひ,【何故、ベルは鳴る】芹沢あさひ01
芹沢あさひ\【何故、ベルは鳴る】芹沢あさひ\【何故、ベルは鳴る】芹沢あさひ01.csv,59,2017018010180,あさひ,ふーん,嗯～,芹沢あさひ,【何故、ベルは鳴る】芹沢あさひ,【何故、ベルは鳴る】芹沢あさひ01
芹沢あさひ\【何故、ベルは鳴る】芹沢あさひ\【何故、ベルは鳴る】芹沢あさひ02.csv,8,2017018020010,あさひ,"プロデューサーさん
結婚ってなんでするっすか？","制作人
结婚到底是为了什么呢？",芹沢あさひ,【何故、ベルは鳴る】芹沢あさひ,【何故、ベルは鳴る】芹沢あさひ02
芹沢あさひ\【何故、ベルは鳴る】芹沢あさひ\【何故、ベルは鳴る】芹沢あさひ02.csv,11,2017018020020,あさひ,なんすかこれ,这是什么啊？,芹沢あさひ,【何故、ベルは鳴る】芹沢あさひ,【何故、ベルは鳴る】芹沢あさひ02
芹沢あさひ\【何故、ベルは鳴る】芹沢あさひ\【何故、ベルは鳴る】芹沢あさひ02.csv,13,2017018020030,あさひ,"……？
なんすかそれ？","……？
什么意思？",芹沢あさひ,【何故、ベルは鳴る】芹沢あさひ,【何故、ベルは鳴る】芹沢あさひ02
芹沢あさひ\【何故、ベルは鳴る】芹沢あさひ\【何故、ベルは鳴る】芹沢あさひ02.csv,15,2017018020040,あさひ,"じゃあ……
これにするっす","那……
我选这个",芹沢あさひ,【何故、ベルは鳴る】芹沢あさひ,【何故、ベルは鳴る】芹沢あさひ02
芹沢あさひ\【何故、ベルは鳴る】芹沢あさひ\【何故、ベルは鳴る】芹沢あさひ02.csv,20,2017018020050,あさひ,"わたしに聞かれても
困るっすよ","问我这个
我也不知道啦",芹沢あさひ,【何故、ベルは鳴る】芹沢あさひ,【何故、ベルは鳴る】芹沢あさひ02
芹沢あさひ\【何故、ベルは鳴る】芹沢あさひ\【何故、ベルは鳴る】芹沢あさひ02.csv,22,2017018020060,あさひ,"……うーん……
まぁ、いっすよ","……嗯……
嗯，也行",芹沢あさひ,【何故、ベルは鳴る】芹沢あさひ,【何故、ベルは鳴る】芹沢あさひ02
芹沢あさひ\【何故、ベルは鳴る】芹沢あさひ\【何故、ベルは鳴る】芹沢あさひ02.csv,23,2017018020061,あさひ＆プロデューサー,…………,,芹沢あさひ,【何故、ベルは鳴る】芹沢あさひ,【何故、ベルは鳴る】芹沢あさひ02
芹沢あさひ\【何故、ベルは鳴る】芹沢あさひ\【何故、ベルは鳴る】芹沢あさひ02.csv,24,2017018020070,あさひ,……あ、動けなくなること、っすかね,……啊，应该是动弹不得的时候吧,芹沢あさひ,【何故、ベルは鳴る】芹沢あさひ,【何故、ベルは鳴る】芹沢あさひ02
芹沢あさひ\【何故、ベルは鳴る】芹沢あさひ\【何故、ベルは鳴る】芹沢あさひ02.csv,25,2017018020080,あさひ,"何もできないのって、きついじゃないっすか
だから、動けなくなることっす","什么都做不了很难受
所以是动弹不得的时候",芹沢あさひ,【何故、ベルは鳴る】芹沢あさひ,【何故、ベルは鳴る】芹沢あさひ02
芹沢あさひ\【何故、ベルは鳴る】芹沢あさひ\【何故、ベルは鳴る】芹沢あさひ02.csv,28,2017018020090,あさひ,しゃべるのもだめっすよ,连说话都不行哦,芹沢あさひ,【何故、ベルは鳴る】芹沢あさひ,【何故、ベルは鳴る】芹沢あさひ02
芹沢あさひ\【何故、ベルは鳴る】芹沢あさひ\【何故、ベルは鳴る】芹沢あさひ02.csv,30,2017018020100,あさひ,"……じゃあ、しゃべるのだけ
オッケーにするっす",……那就只允许说话吧,芹沢あさひ,【何故、ベルは鳴る】芹沢あさひ,【何故、ベルは鳴る】芹沢あさひ02
芹沢あさひ\【何故、ベルは鳴る】芹沢あさひ\【何故、ベルは鳴る】芹沢あさひ02.csv,32,2017018020110,あさひ,……何か面白い話ないっすか？,……能聊点有意思的吗？,芹沢あさひ,【何故、ベルは鳴る】芹沢あさひ,【何故、ベルは鳴る】芹沢あさひ02
芹沢あさひ\【何故、ベルは鳴る】芹沢あさひ\【何故、ベルは鳴る】芹沢あさひ02.csv,34,2017018020120,あさひ,そっすか……,是吗……,芹沢あさひ,【何故、ベルは鳴る】芹沢あさひ,【何故、ベルは鳴る】芹沢あさひ02
芹沢あさひ\【何故、ベルは鳴る】芹沢あさひ\【何故、ベルは鳴る】芹沢あさひ02.csv,35,2017018020130,あさひ,"……けど、ひとつ
わかったっす",……不过，我明白了一点,芹沢あさひ,【何故、ベルは鳴る】芹沢あさひ,【何故、ベルは鳴る】芹沢あさひ02
芹沢あさひ\【何故、ベルは鳴る】芹沢あさひ\【何故、ベルは鳴る】芹沢あさひ02.csv,36,2017018020140,あさひ,"動けなくても
プロデューサーさんがいたらちょっと大丈夫っす","即使动不了
有制作人在身边也会安心不少",芹沢あさひ,【何故、ベルは鳴る】芹沢あさひ,【何故、ベルは鳴る】芹沢あさひ02
芹沢あさひ\【何故、ベルは鳴る】芹沢あさひ\【何故、ベルは鳴る】芹沢あさひ02.csv,38,2017018020150,あさひ,"んー……
まだ……っす","嗯……
还……没好……",芹沢あさひ,【何故、ベルは鳴る】芹沢あさひ,【何故、ベルは鳴る】芹沢あさひ02
芹沢あさひ\【何故、ベルは鳴る】芹沢あさひ\【何故、ベルは鳴る】芹沢あさひ02.csv,40,2017018020160,あさひ,"大丈夫っす
自分でやるっす","没关系
我能搞定",芹沢あさひ,【何故、ベルは鳴る】芹沢あさひ,【何故、ベルは鳴る】芹沢あさひ02
芹沢あさひ\【何故、ベルは鳴る】芹沢あさひ\【何故、ベルは鳴る】芹沢あさひ02.csv,42,2017018020170,あさひ,猫……？,猫……？,芹沢あさひ,【何故、ベルは鳴る】芹沢あさひ,【何故、ベルは鳴る】芹沢あさひ02
芹沢あさひ\【何故、ベルは鳴る】芹沢あさひ\【何故、ベルは鳴る】芹沢あさひ02.csv,45,2017018020180,あさひ,あ、なんか家庭科で聞いたことあるっす,啊，好像在家政课听过欸,芹沢あさひ,【何故、ベルは鳴る】芹沢あさひ,【何故、ベルは鳴る】芹沢あさひ02
芹沢あさひ\【何故、ベルは鳴る】芹沢あさひ\【何故、ベルは鳴る】芹沢あさひ02.csv,46,2017018020190,あさひ,こんな感じっすかね？,这样对吗？,芹沢あさひ,【何故、ベルは鳴る】芹沢あさひ,【何故、ベルは鳴る】芹沢あさひ02
芹沢あさひ\【何故、ベルは鳴る】芹沢あさひ\【何故、ベルは鳴る】芹沢あさひ02.csv,47,2017018020200,あさひ,"プロデューサーさん
他に切るものないっすか？",制作人，还有别的东西要切吗？,芹沢あさひ,【何故、ベルは鳴る】芹沢あさひ,【何故、ベルは鳴る】芹沢あさひ02
芹沢あさひ\【何故、ベルは鳴る】芹沢あさひ\【何故、ベルは鳴る】芹沢あさひ02.csv,48,2017018020201,あさひ＆プロデューサー,ごちそうさまでした,谢谢款待,芹沢あさひ,【何故、ベルは鳴る】芹沢あさひ,【何故、ベルは鳴る】芹沢あさひ02
芹沢あさひ\【何故、ベルは鳴る】芹沢あさひ\【何故、ベルは鳴る】芹沢あさひ02.csv,49,2017018020210,あさひ,……これが、『結婚生活』っすか？,……这就是所谓的『婚姻生活』吗？,芹沢あさひ,【何故、ベルは鳴る】芹沢あさひ,【何故、ベルは鳴る】芹沢あさひ02
芹沢あさひ\【何故、ベルは鳴る】芹沢あさひ\【何故、ベルは鳴る】芹沢あさひ02.csv,51,2017018020220,あさひ,"ふーん……これなら
結婚しなくても、できる気がするっすけどね","嗯……这么说
好像不结婚也没影响哦",芹沢あさひ,【何故、ベルは鳴る】芹沢あさひ,【何故、ベルは鳴る】芹沢あさひ02
芹沢あさひ\【何故、ベルは鳴る】芹沢あさひ\【何故、ベルは鳴る】芹沢あさひ02.csv,52,2017018020230,あさひ,味噌汁は美味しくできたっす！,味噌汤做得好好喝！,芹沢あさひ,【何故、ベルは鳴る】芹沢あさひ,【何故、ベルは鳴る】芹沢あさひ02
芹沢あさひ\【何故、ベルは鳴る】芹沢あさひ\【何故、ベルは鳴る】芹沢あさひ02.csv,53,2017018020240,あさひ,"で、なんで
ボウリングなんすか？",所以为什么要来打保龄球呢？,芹沢あさひ,【何故、ベルは鳴る】芹沢あさひ,【何故、ベルは鳴る】芹沢あさひ02
芹沢あさひ\【何故、ベルは鳴る】芹沢あさひ\【何故、ベルは鳴る】芹沢あさひ02.csv,55,2017018020250,あさひ,"ふーん……？
まぁいいっす。やるっすよ","嗯……？
算了，那我来啦",芹沢あさひ,【何故、ベルは鳴る】芹沢あさひ,【何故、ベルは鳴る】芹沢あさひ02
芹沢あさひ\【何故、ベルは鳴る】芹沢あさひ\【何故、ベルは鳴る】芹沢あさひ02.csv,57,2017018020260,あさひ,ふっ……！,哼……！,芹沢あさひ,【何故、ベルは鳴る】芹沢あさひ,【何故、ベルは鳴る】芹沢あさひ02
芹沢あさひ\【何故、ベルは鳴る】芹沢あさひ\【何故、ベルは鳴る】芹沢あさひ02.csv,58,2017018020270,あさひ,"あー……
少し残っちゃったっす","啊……
还有几个没倒",芹沢あさひ,【何故、ベルは鳴る】芹沢あさひ,【何故、ベルは鳴る】芹沢あさひ02
芹沢あさひ\【何故、ベルは鳴る】芹沢あさひ\【何故、ベルは鳴る】芹沢あさひ02.csv,60,2017018020280,あさひ,いくっすよ～！,我来啦～！,芹沢あさひ,【何故、ベルは鳴る】芹沢あさひ,【何故、ベルは鳴る】芹沢あさひ02
芹沢あさひ\【何故、ベルは鳴る】芹沢あさひ\【何故、ベルは鳴る】芹沢あさひ02.csv,61,2017018020290,あさひ,やったっす！,成功了！,芹沢あさひ,【何故、ベルは鳴る】芹沢あさひ,【何故、ベルは鳴る】芹沢あさひ02
芹沢あさひ\【何故、ベルは鳴る】芹沢あさひ\【何故、ベルは鳴る】芹沢あさひ02.csv,64,2017018020300,あさひ,ん、『F』って出てるっすよ,嗯，显示“F”了哦,芹沢あさひ,【何故、ベルは鳴る】芹沢あさひ,【何故、ベルは鳴る】芹沢あさひ02
芹沢あさひ\【何故、ベルは鳴る】芹沢あさひ\【何故、ベルは鳴る】芹沢あさひ02.csv,66,2017018020310,あさひ,"あははっ
もう１回っす！","哈哈
再来一次！",芹沢あさひ,【何故、ベルは鳴る】芹沢あさひ,【何故、ベルは鳴る】芹沢あさひ02
芹沢あさひ\【何故、ベルは鳴る】芹沢あさひ\【何故、ベルは鳴る】芹沢あさひ02.csv,68,2017018020320,あさひ,"楽しかったっす
けど、結婚とどう関係してたんすか？","很开心哦
不过这和结婚有什么关系？",芹沢あさひ,【何故、ベルは鳴る】芹沢あさひ,【何故、ベルは鳴る】芹沢あさひ02
芹沢あさひ\【何故、ベルは鳴る】芹沢あさひ\【何故、ベルは鳴る】芹沢あさひ02.csv,70,2017018020330,あさひ,……ふーん……,……嗯……,芹沢あさひ,【何故、ベルは鳴る】芹沢あさひ,【何故、ベルは鳴る】芹沢あさひ02
芹沢あさひ\【何故、ベルは鳴る】芹沢あさひ\【何故、ベルは鳴る】芹沢あさひ02.csv,71,2017018020340,あさひ,"でも、たまに遊ぶのなら、
プロデューサーさんとでもいっすよね？","但如果只是偶尔玩玩的话
找制作人不也行吗？",芹沢あさひ,【何故、ベルは鳴る】芹沢あさひ,【何故、ベルは鳴る】芹沢あさひ02
芹沢あさひ\【何故、ベルは鳴る】芹沢あさひ\【何故、ベルは鳴る】芹沢あさひ03.csv,2,2017018030010,あさひ,"おー
すごいっすね、あれ！","哦哦──
那个真厉害啊！",芹沢あさひ,【何故、ベルは鳴る】芹沢あさひ,【何故、ベルは鳴る】芹沢あさひ03
芹沢あさひ\【何故、ベルは鳴る】芹沢あさひ\【何故、ベルは鳴る】芹沢あさひ03.csv,4,2017018030020,あさひ,"はいっす
事務所にあんなのつけたらどうっすか？","嗯
要不给事务所也装上吧？",芹沢あさひ,【何故、ベルは鳴る】芹沢あさひ,【何故、ベルは鳴る】芹沢あさひ03
芹沢あさひ\【何故、ベルは鳴る】芹沢あさひ\【何故、ベルは鳴る】芹沢あさひ03.csv,7,2017018030030,あさひ,へー……そうなんすね,诶——是嘛,芹沢あさひ,【何故、ベルは鳴る】芹沢あさひ,【何故、ベルは鳴る】芹沢あさひ03
芹沢あさひ\【何故、ベルは鳴る】芹沢あさひ\【何故、ベルは鳴る】芹沢あさひ03.csv,8,2017018030040,あさひ,"あっ、えらい人っすか？
このステンドグラスってそんなに高いんすか？","啊，您是这里管事的吗？
这个彩绘玻璃真的很贵吗？",芹沢あさひ,【何故、ベルは鳴る】芹沢あさひ,【何故、ベルは鳴る】芹沢あさひ03
芹沢あさひ\【何故、ベルは鳴る】芹沢あさひ\【何故、ベルは鳴る】芹沢あさひ03.csv,11,2017018030050,あさひ,"はいっす！
いろんな色がそこら中に映って面白いっす！","嗯！
光照上去五颜六色的，很有趣！",芹沢あさひ,【何故、ベルは鳴る】芹沢あさひ,【何故、ベルは鳴る】芹沢あさひ03
芹沢あさひ\【何故、ベルは鳴る】芹沢あさひ\【何故、ベルは鳴る】芹沢あさひ03.csv,13,2017018030060,あさひ,ん？　なんすか？,嗯？是什么？,芹沢あさひ,【何故、ベルは鳴る】芹沢あさひ,【何故、ベルは鳴る】芹沢あさひ03
芹沢あさひ\【何故、ベルは鳴る】芹沢あさひ\【何故、ベルは鳴る】芹沢あさひ03.csv,17,2017018030070,あさひ,ほんとっす！　すごいっすねー,"真的欸！
太厉害了～",芹沢あさひ,【何故、ベルは鳴る】芹沢あさひ,【何故、ベルは鳴る】芹沢あさひ03
芹沢あさひ\【何故、ベルは鳴る】芹沢あさひ\【何故、ベルは鳴る】芹沢あさひ03.csv,23,2017018030071,あさひ＆プロデューサー,はい……！,好的……！,芹沢あさひ,【何故、ベルは鳴る】芹沢あさひ,【何故、ベルは鳴る】芹沢あさひ03
芹沢あさひ\【何故、ベルは鳴る】芹沢あさひ\【何故、ベルは鳴る】芹沢あさひ03.csv,25,2017018030080,あさひ,あ、これ……,啊，这个是……,芹沢あさひ,【何故、ベルは鳴る】芹沢あさひ,【何故、ベルは鳴る】芹沢あさひ03
芹沢あさひ\【何故、ベルは鳴る】芹沢あさひ\【何故、ベルは鳴る】芹沢あさひ03.csv,27,2017018030090,あさひ,聞いたことあるだけっす,听倒是听过,芹沢あさひ,【何故、ベルは鳴る】芹沢あさひ,【何故、ベルは鳴る】芹沢あさひ03
芹沢あさひ\【何故、ベルは鳴る】芹沢あさひ\【何故、ベルは鳴る】芹沢あさひ03.csv,29,2017018030100,あさひ,……,,芹沢あさひ,【何故、ベルは鳴る】芹沢あさひ,【何故、ベルは鳴る】芹沢あさひ03
芹沢あさひ\【何故、ベルは鳴る】芹沢あさひ\【何故、ベルは鳴る】芹沢あさひ03.csv,31,2017018030110,あさひ,……うーん,……嗯──,芹沢あさひ,【何故、ベルは鳴る】芹沢あさひ,【何故、ベルは鳴る】芹沢あさひ03
芹沢あさひ\【何故、ベルは鳴る】芹沢あさひ\【何故、ベルは鳴る】芹沢あさひ03.csv,33,2017018030120,あさひ,"病める時も健やかなる時も、
悲しみの時も喜びの時も、っていうの","『无论疾病还是健康』
『无论悲伤还是喜悦』这句话",芹沢あさひ,【何故、ベルは鳴る】芹沢あさひ,【何故、ベルは鳴る】芹沢あさひ03
芹沢あさひ\【何故、ベルは鳴る】芹沢あさひ\【何故、ベルは鳴る】芹沢あさひ03.csv,34,2017018030130,あさひ,よくわからなかったっす,我不是很懂,芹沢あさひ,【何故、ベルは鳴る】芹沢あさひ,【何故、ベルは鳴る】芹沢あさひ03
芹沢あさひ\【何故、ベルは鳴る】芹沢あさひ\【何故、ベルは鳴る】芹沢あさひ03.csv,36,2017018030140,あさひ,いい時はいっすけど……,共同迎接幸福还好……,芹沢あさひ,【何故、ベルは鳴る】芹沢あさひ,【何故、ベルは鳴る】芹沢あさひ03
芹沢あさひ\【何故、ベルは鳴る】芹沢あさひ\【何故、ベルは鳴る】芹沢あさひ03.csv,37,2017018030150,あさひ,"悪い時も同じでいるって
難しそうっす","但是要共同面对困难
或许会很难欸",芹沢あさひ,【何故、ベルは鳴る】芹沢あさひ,【何故、ベルは鳴る】芹沢あさひ03
芹沢あさひ\【何故、ベルは鳴る】芹沢あさひ\【何故、ベルは鳴る】芹沢あさひ03.csv,38,2017018030160,あさひ,どうすればできるっすか？,要怎么才能做到呢？,芹沢あさひ,【何故、ベルは鳴る】芹沢あさひ,【何故、ベルは鳴る】芹沢あさひ03
芹沢あさひ\【何故、ベルは鳴る】芹沢あさひ\【何故、ベルは鳴る】芹沢あさひ03.csv,42,2017018030170,あさひ,……それって、嘘をつくってことっすか？,……那不就是骗人吗？,芹沢あさひ,【何故、ベルは鳴る】芹沢あさひ,【何故、ベルは鳴る】芹沢あさひ03
芹沢あさひ\【何故、ベルは鳴る】芹沢あさひ\【何故、ベルは鳴る】芹沢あさひ03.csv,47,2017018030180,あさひ,自分から……,主动帮对方……,芹沢あさひ,【何故、ベルは鳴る】芹沢あさひ,【何故、ベルは鳴る】芹沢あさひ03
芹沢あさひ\【何故、ベルは鳴る】芹沢あさひ\【何故、ベルは鳴る】芹沢あさひ03.csv,54,2017018030190,あさひ,"そうなんすね……
うーん……","是这样啊……
嗯……",芹沢あさひ,【何故、ベルは鳴る】芹沢あさひ,【何故、ベルは鳴る】芹沢あさひ03
芹沢あさひ\【何故、ベルは鳴る】芹沢あさひ\【何故、ベルは鳴る】芹沢あさひ03.csv,55,2017018030200,あさひ,すごく、大変そうっす,听起来真的很辛苦欸,芹沢あさひ,【何故、ベルは鳴る】芹沢あさひ,【何故、ベルは鳴る】芹沢あさひ03
芹沢あさひ\【何故、ベルは鳴る】芹沢あさひ\【何故、ベルは鳴る】芹沢あさひ03.csv,57,2017018030210,あさひ,"……！
なるほど……","……！
原来如此……",芹沢あさひ,【何故、ベルは鳴る】芹沢あさひ,【何故、ベルは鳴る】芹沢あさひ03
芹沢あさひ\【何故、ベルは鳴る】芹沢あさひ\【何故、ベルは鳴る】芹沢あさひ03.csv,58,2017018030220,あさひ,深いっすね～,真深奥啊～,芹沢あさひ,【何故、ベルは鳴る】芹沢あさひ,【何故、ベルは鳴る】芹沢あさひ03
芹沢あさひ\【何故、ベルは鳴る】芹沢あさひ\【何故、ベルは鳴る】芹沢あさひ03.csv,59,2017018030230,あさひ,"そっすか……
想像つかないっす","是吗……
我想象不到欸",芹沢あさひ,【何故、ベルは鳴る】芹沢あさひ,【何故、ベルは鳴る】芹沢あさひ03
芹沢あさひ\【何故、ベルは鳴る】芹沢あさひ\【何故、ベルは鳴る】芹沢あさひ03.csv,61,2017018030240,あさひ,"……んー
特には────","……嗯
没什么想法────",芹沢あさひ,【何故、ベルは鳴る】芹沢あさひ,【何故、ベルは鳴る】芹沢あさひ03
芹沢あさひ\【何故、ベルは鳴る】芹沢あさひ\【何故、ベルは鳴る】芹沢あさひ03.csv,62,2017018030250,あさひ,あ、でも面白い人がいっすね,啊，不过有趣的人倒是挺好的,芹沢あさひ,【何故、ベルは鳴る】芹沢あさひ,【何故、ベルは鳴る】芹沢あさひ03
芹沢あさひ\【何故、ベルは鳴る】芹沢あさひ\【何故、ベルは鳴る】芹沢あさひ03.csv,63,2017018030260,あさひ,プロデューサーさんみたいな,比如像制作人你这样的,芹沢あさひ,【何故、ベルは鳴る】芹沢あさひ,【何故、ベルは鳴る】芹沢あさひ03
芹沢あさひ\【何故、ベルは鳴る】芹沢あさひ\【何故、ベルは鳴る】芹沢あさひ03.csv,65,2017018030270,あさひ,"ふーん……じゃあ、そう思えなくなったら
本当に嫌いってことなんすかね","嗯……那要是有天不再互相挂念了
是不是就开始讨厌对方了呢",芹沢あさひ,【何故、ベルは鳴る】芹沢あさひ,【何故、ベルは鳴る】芹沢あさひ03
芹沢あさひ\【何故、ベルは鳴る】芹沢あさひ\【何故、ベルは鳴る】芹沢あさひ03.csv,68,2017018030280,あさひ,──やっぱり『好き』ってことっすか？,──因为太过『喜欢』对方吗？,芹沢あさひ,【何故、ベルは鳴る】芹沢あさひ,【何故、ベルは鳴る】芹沢あさひ03
芹沢あさひ\【何故、ベルは鳴る】芹沢あさひ\【何故、ベルは鳴る】芹沢あさひ03.csv,70,2017018030290,あさひ,"えー
かもしれないばっかっすー","欸～
总爱拿『也许』敷衍我──",芹沢あさひ,【何故、ベルは鳴る】芹沢あさひ,【何故、ベルは鳴る】芹沢あさひ03
芹沢あさひ\【何故、ベルは鳴る】芹沢あさひ\【何故、ベルは鳴る】芹沢あさひ04.csv,6,2017018040010,あさひ,はいっす,好的,芹沢あさひ,【何故、ベルは鳴る】芹沢あさひ,【何故、ベルは鳴る】芹沢あさひ04
芹沢あさひ\【何故、ベルは鳴る】芹沢あさひ\【何故、ベルは鳴る】芹沢あさひ04.csv,7,2017018040020,あさひ,読み終わったっす,看完了,芹沢あさひ,【何故、ベルは鳴る】芹沢あさひ,【何故、ベルは鳴る】芹沢あさひ04
芹沢あさひ\【何故、ベルは鳴る】芹沢あさひ\【何故、ベルは鳴る】芹沢あさひ04.csv,9,2017018040030,あさひ,"そっすね
やれると思うっす","嗯
感觉差不多",芹沢あさひ,【何故、ベルは鳴る】芹沢あさひ,【何故、ベルは鳴る】芹沢あさひ04
芹沢あさひ\【何故、ベルは鳴る】芹沢あさひ\【何故、ベルは鳴る】芹沢あさひ04.csv,11,2017018040040,あさひ,"けど、リーゼが結婚を
受け入れるのはわからないっすね","不过我还是不太懂
为什么莉泽要接受婚约",芹沢あさひ,【何故、ベルは鳴る】芹沢あさひ,【何故、ベルは鳴る】芹沢あさひ04
芹沢あさひ\【何故、ベルは鳴る】芹沢あさひ\【何故、ベルは鳴る】芹沢あさひ04.csv,12,2017018040050,あさひ,"全然知らない相手と
勝手に結婚させられるとか……","明明和对方素未谋面
突然就说要结婚……",芹沢あさひ,【何故、ベルは鳴る】芹沢あさひ,【何故、ベルは鳴る】芹沢あさひ04
芹沢あさひ\【何故、ベルは鳴る】芹沢あさひ\【何故、ベルは鳴る】芹沢あさひ04.csv,15,2017018040060,あさひ,……,,芹沢あさひ,【何故、ベルは鳴る】芹沢あさひ,【何故、ベルは鳴る】芹沢あさひ04
芹沢あさひ\【何故、ベルは鳴る】芹沢あさひ\【何故、ベルは鳴る】芹沢あさひ04.csv,17,2017018040070,あさひ,"……？
そんなことないっすよ","……？
我不为难啊",芹沢あさひ,【何故、ベルは鳴る】芹沢あさひ,【何故、ベルは鳴る】芹沢あさひ04
芹沢あさひ\【何故、ベルは鳴る】芹沢あさひ\【何故、ベルは鳴る】芹沢あさひ04.csv,18,2017018040080,あさひ,ただ……そんなこと言われても,只是……就算这么说,芹沢あさひ,【何故、ベルは鳴る】芹沢あさひ,【何故、ベルは鳴る】芹沢あさひ04
芹沢あさひ\【何故、ベルは鳴る】芹沢あさひ\【何故、ベルは鳴る】芹沢あさひ04.csv,19,2017018040090,あさひ,"わたしには起こりそうにないことだから
わからないっす","对我来说还是太遥远了
没什么实感",芹沢あさひ,【何故、ベルは鳴る】芹沢あさひ,【何故、ベルは鳴る】芹沢あさひ04
芹沢あさひ\【何故、ベルは鳴る】芹沢あさひ\【何故、ベルは鳴る】芹沢あさひ04.csv,21,2017018040100,あさひ,"でも、リーゼは嫌々ながら
最後には笑ってる──","不过，莉泽虽然一直很不情愿
最后还是笑了──",芹沢あさひ,【何故、ベルは鳴る】芹沢あさひ,【何故、ベルは鳴る】芹沢あさひ04
芹沢あさひ\【何故、ベルは鳴る】芹沢あさひ\【何故、ベルは鳴る】芹沢あさひ04.csv,22,2017018040110,あさひ,"それが……
なんでだろうって──","这到底……
是因为什么呢──",芹沢あさひ,【何故、ベルは鳴る】芹沢あさひ,【何故、ベルは鳴る】芹沢あさひ04
芹沢あさひ\【何故、ベルは鳴る】芹沢あさひ\【何故、ベルは鳴る】芹沢あさひ04.csv,25,2017018040120,あさひ,嫌に決まってるっす,那当然很讨厌了,芹沢あさひ,【何故、ベルは鳴る】芹沢あさひ,【何故、ベルは鳴る】芹沢あさひ04
芹沢あさひ\【何故、ベルは鳴る】芹沢あさひ\【何故、ベルは鳴る】芹沢あさひ04.csv,26,2017018040130,あさひ,"もし、それで結婚しても
いい時だって全部悪い時っす","结了这种婚
好日子都会变成坏日子的",芹沢あさひ,【何故、ベルは鳴る】芹沢あさひ,【何故、ベルは鳴る】芹沢あさひ04
芹沢あさひ\【何故、ベルは鳴る】芹沢あさひ\【何故、ベルは鳴る】芹沢あさひ04.csv,30,2017018040140,あさひ,怒り──,愤怒──,芹沢あさひ,【何故、ベルは鳴る】芹沢あさひ,【何故、ベルは鳴る】芹沢あさひ04
芹沢あさひ\【何故、ベルは鳴る】芹沢あさひ\【何故、ベルは鳴る】芹沢あさひ04.csv,31,2017018040150,あさひ,怒るのはありそうっす,愤怒应该会吧,芹沢あさひ,【何故、ベルは鳴る】芹沢あさひ,【何故、ベルは鳴る】芹沢あさひ04
芹沢あさひ\【何故、ベルは鳴る】芹沢あさひ\【何故、ベルは鳴る】芹沢あさひ04.csv,33,2017018040160,あさひ,"……
もしかしたら……","……
或许是……",芹沢あさひ,【何故、ベルは鳴る】芹沢あさひ,【何故、ベルは鳴る】芹沢あさひ04
芹沢あさひ\【何故、ベルは鳴る】芹沢あさひ\【何故、ベルは鳴る】芹沢あさひ04.csv,35,2017018040170,あさひ,"プロデューサーさん
読んでほしいっす、王子のセリフ",制作人可以读一下王子的台词吗,芹沢あさひ,【何故、ベルは鳴る】芹沢あさひ,【何故、ベルは鳴る】芹沢あさひ04
芹沢あさひ\【何故、ベルは鳴る】芹沢あさひ\【何故、ベルは鳴る】芹沢あさひ04.csv,37,2017018040180,あさひ,はいっす！,是的！,芹沢あさひ,【何故、ベルは鳴る】芹沢あさひ,【何故、ベルは鳴る】芹沢あさひ04
芹沢あさひ\【何故、ベルは鳴る】芹沢あさひ\【何故、ベルは鳴る】芹沢あさひ04.csv,40,2017018040190,あさひ,『ふふっ、言ったわね』,『呵呵，我可听见咯』,芹沢あさひ,【何故、ベルは鳴る】芹沢あさひ,【何故、ベルは鳴る】芹沢あさひ04
芹沢あさひ\【何故、ベルは鳴る】芹沢あさひ\【何故、ベルは鳴る】芹沢あさひ04.csv,41,2017018040200,あさひ,『それなら……』,『你这么说……』,芹沢あさひ,【何故、ベルは鳴る】芹沢あさひ,【何故、ベルは鳴る】芹沢あさひ04
芹沢あさひ\【何故、ベルは鳴る】芹沢あさひ\【何故、ベルは鳴る】芹沢あさひ04.csv,42,2017018040210,あさひ,"『貴方がどうやって私を幸せにするか、
楽しみにさせてもらおうじゃない？』","『我可就要好好期待下』
『你会怎么让我幸福啦？』",芹沢あさひ,【何故、ベルは鳴る】芹沢あさひ,【何故、ベルは鳴る】芹沢あさひ04
芹沢あさひ\【何故、ベルは鳴る】芹沢あさひ\【何故、ベルは鳴る】芹沢あさひ05.csv,22,2017018110110,あさひ,どうしたっすか？,怎么了？,芹沢あさひ,【何故、ベルは鳴る】芹沢あさひ,【何故、ベルは鳴る】芹沢あさひ05
芹沢あさひ\【何故、ベルは鳴る】芹沢あさひ\【何故、ベルは鳴る】芹沢あさひ05.csv,25,2017018110120,あさひ,なんもないっすよ？,没有啊？,芹沢あさひ,【何故、ベルは鳴る】芹沢あさひ,【何故、ベルは鳴る】芹沢あさひ05
芹沢あさひ\【何故、ベルは鳴る】芹沢あさひ\【何故、ベルは鳴る】芹沢あさひ05.csv,29,2017018110130,あさひ,……んー,……嗯──,芹沢あさひ,【何故、ベルは鳴る】芹沢あさひ,【何故、ベルは鳴る】芹沢あさひ05
芹沢あさひ\【何故、ベルは鳴る】芹沢あさひ\【何故、ベルは鳴る】芹沢あさひ05.csv,30,2017018110140,あさひ,王子のこと、面白いって思ったからっすかね,"可能是因为
开始觉得王子也很有趣了",芹沢あさひ,【何故、ベルは鳴る】芹沢あさひ,【何故、ベルは鳴る】芹沢あさひ05
芹沢あさひ\【何故、ベルは鳴る】芹沢あさひ\【何故、ベルは鳴る】芹沢あさひ05.csv,32,2017018110150,あさひ,プロデューサーさん、言ってたっす,之前制作人说,芹沢あさひ,【何故、ベルは鳴る】芹沢あさひ,【何故、ベルは鳴る】芹沢あさひ05
芹沢あさひ\【何故、ベルは鳴る】芹沢あさひ\【何故、ベルは鳴る】芹沢あさひ05.csv,33,2017018110160,あさひ,"結婚っていうのは
悪い時も、面白くしてみよう、何かしてみようって","结婚就是
即使面对困难，也要积极寻找有趣的一面",芹沢あさひ,【何故、ベルは鳴る】芹沢あさひ,【何故、ベルは鳴る】芹沢あさひ05
芹沢あさひ\【何故、ベルは鳴る】芹沢あさひ\【何故、ベルは鳴る】芹沢あさひ05.csv,34,2017018110170,あさひ,"だから、王子のこと、結婚のこと
面白がってみようって思ったっすよ","所以我就尝试了
从王子、从婚姻中发现有趣的点",芹沢あさひ,【何故、ベルは鳴る】芹沢あさひ,【何故、ベルは鳴る】芹沢あさひ05
芹沢あさひ\【何故、ベルは鳴る】芹沢あさひ\【何故、ベルは鳴る】芹沢あさひ05.csv,36,2017018110180,あさひ,でも、すぐにはできなくて──,不过，最开始还是很难找到──,芹沢あさひ,【何故、ベルは鳴る】芹沢あさひ,【何故、ベルは鳴る】芹沢あさひ05
芹沢あさひ\【何故、ベルは鳴る】芹沢あさひ\【何故、ベルは鳴る】芹沢あさひ05.csv,37,2017018110190,あさひ,"今回は、『あ、この王子面白いかも』って
ほんとに思ったっす","但现在我也觉得
『哦，这王子也挺有趣的』",芹沢あさひ,【何故、ベルは鳴る】芹沢あさひ,【何故、ベルは鳴る】芹沢あさひ05
芹沢あさひ\【何故、ベルは鳴る】芹沢あさひ\【何故、ベルは鳴る】芹沢あさひ05.csv,39,2017018110200,あさひ,"だって、『リーゼがリーゼだから好き』
っていうの、わかんないっすよ","他总说什么『我喜欢你，因为你就是你』
这种莫名其妙的话",芹沢あさひ,【何故、ベルは鳴る】芹沢あさひ,【何故、ベルは鳴る】芹沢あさひ05
芹沢あさひ\【何故、ベルは鳴る】芹沢あさひ\【何故、ベルは鳴る】芹沢あさひ05.csv,40,2017018110210,あさひ,"わけわからないこと言うから
面白いなって思ったっす","虽然莫名其妙
但是还挺好玩的",芹沢あさひ,【何故、ベルは鳴る】芹沢あさひ,【何故、ベルは鳴る】芹沢あさひ05
芹沢あさひ\【何故、ベルは鳴る】芹沢あさひ\【何故、ベルは鳴る】芹沢あさひ05.csv,42,2017018110220,あさひ,……プロデューサーさん,……制作人,芹沢あさひ,【何故、ベルは鳴る】芹沢あさひ,【何故、ベルは鳴る】芹沢あさひ05
芹沢あさひ\【何故、ベルは鳴る】芹沢あさひ\【何故、ベルは鳴る】芹沢あさひ05.csv,43,2017018110230,あさひ,『好き』って変で、面白いっすね,『喜欢』是很奇怪，但也挺有趣的呢,芹沢あさひ,【何故、ベルは鳴る】芹沢あさひ,【何故、ベルは鳴る】芹沢あさひ05
芹沢あさひ\【光は光へ】芹沢あさひ\ウィンドシアー・ラン.csv,2,2017012030010,あさひ,もっとスピード出ないっすか～？,不能速度再快点吗～？,芹沢あさひ,【光は光へ】芹沢あさひ,ウィンドシアー・ラン
芹沢あさひ\【光は光へ】芹沢あさひ\ウィンドシアー・ラン.csv,4,2017012030020,あさひ,わかってるっすけど～！,我倒是知道啦～！,芹沢あさひ,【光は光へ】芹沢あさひ,ウィンドシアー・ラン
芹沢あさひ\【光は光へ】芹沢あさひ\ウィンドシアー・ラン.csv,6,2017012030030,あさひ,"あ、大丈夫っすよ。その日
レッスン入れていっす","啊，没关系哦。那天
安排课也可以的",芹沢あさひ,【光は光へ】芹沢あさひ,ウィンドシアー・ラン
芹沢あさひ\【光は光へ】芹沢あさひ\ウィンドシアー・ラン.csv,8,2017012030040,あさひ,休みっすよ！,那天休息哦！,芹沢あさひ,【光は光へ】芹沢あさひ,ウィンドシアー・ラン
芹沢あさひ\【光は光へ】芹沢あさひ\ウィンドシアー・ラン.csv,10,2017012030050,あさひ,でも、その日は休みになったっす！,但是，那天改成休息日了！,芹沢あさひ,【光は光へ】芹沢あさひ,ウィンドシアー・ラン
芹沢あさひ\【光は光へ】芹沢あさひ\ウィンドシアー・ラン.csv,18,2017012030060,あさひ,"そっすそっす～
いっぱい飛ぶらしいっすよ！　楽しみっす～！","对对～
听说有很多热气球要放飞哦！　好期待～！",芹沢あさひ,【光は光へ】芹沢あさひ,ウィンドシアー・ラン
芹沢あさひ\【光は光へ】芹沢あさひ\ウィンドシアー・ラン.csv,21,2017012030070,あさひ,えっ、そうなんすか？,诶，是吗？,芹沢あさひ,【光は光へ】芹沢あさひ,ウィンドシアー・ラン
芹沢あさひ\【光は光へ】芹沢あさひ\ウィンドシアー・ラン.csv,24,2017012030080,あさひ,"え？　じゃあ、見にいけないっすか？
気球……","诶？　那么，不能去看了么？
气球……",芹沢あさひ,【光は光へ】芹沢あさひ,ウィンドシアー・ラン
芹沢あさひ\【光は光へ】芹沢あさひ\ウィンドシアー・ラン.csv,35,2017012030090,あさひ,はいっす……！,好的……！,芹沢あさひ,【光は光へ】芹沢あさひ,ウィンドシアー・ラン
芹沢あさひ\【光は光へ】芹沢あさひ\ウィンドシアー・ラン.csv,36,2017012030100,あさひ,はっ……はっ……,哈……哈……,芹沢あさひ,【光は光へ】芹沢あさひ,ウィンドシアー・ラン
芹沢あさひ\【光は光へ】芹沢あさひ\ウィンドシアー・ラン.csv,37,2017012030110,あさひ,──ここっすか！？,──这里吗！？,芹沢あさひ,【光は光へ】芹沢あさひ,ウィンドシアー・ラン
芹沢あさひ\【光は光へ】芹沢あさひ\ウィンドシアー・ラン.csv,39,2017012030120,あさひ,なんにも──……,什么也──……,芹沢あさひ,【光は光へ】芹沢あさひ,ウィンドシアー・ラン
芹沢あさひ\【光は光へ】芹沢あさひ\ウィンドシアー・ラン.csv,41,2017012030130,あさひ,ほんとに、ここっすか……？,真的，是这里吗……？,芹沢あさひ,【光は光へ】芹沢あさひ,ウィンドシアー・ラン
芹沢あさひ\【光は光へ】芹沢あさひ\ウィンドシアー・ラン.csv,42,2017012030140,あさひ,…………────,…………────,芹沢あさひ,【光は光へ】芹沢あさひ,ウィンドシアー・ラン
芹沢あさひ\【光は光へ】芹沢あさひ\ウィンドシアー・ラン.csv,43,2017012030150,あさひ,"────あっ……
プロデューサーさん……！","────啊……
制作人……！",芹沢あさひ,【光は光へ】芹沢あさひ,ウィンドシアー・ラン
芹沢あさひ\【光は光へ】芹沢あさひ\ウィンドシアー・ラン.csv,44,2017012030151,あさひ＆プロデューサー,あれ──……！,诶──……！,芹沢あさひ,【光は光へ】芹沢あさひ,ウィンドシアー・ラン
芹沢あさひ\【光は光へ】芹沢あさひ\ウィンドシアー・ラン.csv,47,2017012030160,あさひ,あっ、ほんとっす,啊，真的,芹沢あさひ,【光は光へ】芹沢あさひ,ウィンドシアー・ラン
芹沢あさひ\【光は光へ】芹沢あさひ\ウィンドシアー・ラン.csv,48,2017012030170,あさひ,行くっすよ、プロデューサーさん,我走了哦，制作人,芹沢あさひ,【光は光へ】芹沢あさひ,ウィンドシアー・ラン
芹沢あさひ\【光は光へ】芹沢あさひ\ウィンドシアー・ラン.csv,50,2017012030180,あさひ,ここ、学校じゃないっすよ？,这里可不是学校哦？,芹沢あさひ,【光は光へ】芹沢あさひ,ウィンドシアー・ラン
芹沢あさひ\【光は光へ】芹沢あさひ\ウィンドシアー・ラン.csv,52,2017012030190,あさひ,じゃ、ここでいっす,那么，我在这就行了,芹沢あさひ,【光は光へ】芹沢あさひ,ウィンドシアー・ラン
芹沢あさひ\【光は光へ】芹沢あさひ\ウィンドシアー・ラン.csv,54,2017012030200,あさひ,"あはは～
気球すごいっすね～","啊哈哈～
气球真厉害啊～",芹沢あさひ,【光は光へ】芹沢あさひ,ウィンドシアー・ラン
芹沢あさひ\【光は光へ】芹沢あさひ\回る王国.csv,2,2017012110010,あさひ,なんすか、この箱,这个箱子是什么,芹沢あさひ,【光は光へ】芹沢あさひ,回る王国
芹沢あさひ\【光は光へ】芹沢あさひ\回る王国.csv,5,2017012110020,あさひ,"これ……気球のポストカードっす
こっちは、オルゴール……っすかね","这个是……气球的明信片
这个是音乐盒……吧",芹沢あさひ,【光は光へ】芹沢あさひ,回る王国
芹沢あさひ\【光は光へ】芹沢あさひ\回る王国.csv,6,2017012110030,あさひ,これ、なんすか？,这个是什么？,芹沢あさひ,【光は光へ】芹沢あさひ,回る王国
芹沢あさひ\【光は光へ】芹沢あさひ\回る王国.csv,9,2017012110040,あさひ,なんでこんなに気球のばっかり来るっすか？,收到了好多这种气球周边吗？,芹沢あさひ,【光は光へ】芹沢あさひ,回る王国
芹沢あさひ\【光は光へ】芹沢あさひ\回る王国.csv,12,2017012110050,あさひ,そっすねえ……,是啊……,芹沢あさひ,【光は光へ】芹沢あさひ,回る王国
芹沢あさひ\【光は光へ】芹沢あさひ\回る王国.csv,15,2017012110060,あさひ,あ、こっちもできたんでお願いっす,啊，这边也拼好了，交给你了,芹沢あさひ,【光は光へ】芹沢あさひ,回る王国
芹沢あさひ\【光は光へ】芹沢あさひ\回る王国.csv,17,2017012110070,あさひ,カーテン開けるっす！,我把窗帘拉开！,芹沢あさひ,【光は光へ】芹沢あさひ,回る王国
芹沢あさひ\【光は光へ】芹沢あさひ\回る王国.csv,18,2017012110080,あさひ,"あははっ
ほんとに気球みたいっす","啊哈哈
真的像气球一样",芹沢あさひ,【光は光へ】芹沢あさひ,回る王国
芹沢あさひ\【光は光へ】芹沢あさひ\回る王国.csv,20,2017012110090,あさひ,"プロデューサーさん
こっちのぬいぐるみも吊るすっす～！","制作人
我把毛绒玩具也挂起来了～！",芹沢あさひ,【光は光へ】芹沢あさひ,回る王国
芹沢あさひ\【光は光へ】芹沢あさひ\回る王国.csv,22,2017012110100,あさひ,まだまだいっぱいあるっすよ,还有好多哦,芹沢あさひ,【光は光へ】芹沢あさひ,回る王国
芹沢あさひ\【光は光へ】芹沢あさひ\回る王国.csv,25,2017012110110,あさひ,おー……,哦ー……,芹沢あさひ,【光は光へ】芹沢あさひ,回る王国
芹沢あさひ\【光は光へ】芹沢あさひ\回る王国.csv,30,2017012110120,あさひ,ふーん……？,嗯……？,芹沢あさひ,【光は光へ】芹沢あさひ,回る王国
芹沢あさひ\【光は光へ】芹沢あさひ\回る王国.csv,31,2017012110130,あさひ,──あ,──啊,芹沢あさひ,【光は光へ】芹沢あさひ,回る王国
芹沢あさひ\【光は光へ】芹沢あさひ\回る王国.csv,32,2017012110140,あさひ,"プロデューサーさん
見るっす！　ここにも気球の影できてるっすよ","制作人
看！　这里有气球的影子哦",芹沢あさひ,【光は光へ】芹沢あさひ,回る王国
芹沢あさひ\【光は光へ】芹沢あさひ\回る王国.csv,34,2017012110141,あさひ＆プロデューサー,あっ……！,啊……！,芹沢あさひ,【光は光へ】芹沢あさひ,回る王国
芹沢あさひ\【光は光へ】芹沢あさひ\回る王国.csv,35,2017012110150,あさひ,見たっすか！？　今！,看到了吗！？　刚才！,芹沢あさひ,【光は光へ】芹沢あさひ,回る王国
芹沢あさひ\【光は光へ】芹沢あさひ\回る王国.csv,37,2017012110160,あさひ,"あははっ
わかってるっすね、わたしが見てるって","啊哈哈
它知道我在看着他",芹沢あさひ,【光は光へ】芹沢あさひ,回る王国
芹沢あさひ\【光は光へ】芹沢あさひ\回る王国.csv,38,2017012110170,あさひ,だから今、くるーって回ったっす！,所以刚才转了一下！,芹沢あさひ,【光は光へ】芹沢あさひ,回る王国
芹沢あさひ\【光は光へ】芹沢あさひ\回る王国.csv,40,2017012110180,あさひ,"もっともっと、見たいっす！
面白いもの","我还想看更多更多！
有趣的东西",芹沢あさひ,【光は光へ】芹沢あさひ,回る王国
芹沢あさひ\【光は光へ】芹沢あさひ\多難へのアプローチ.csv,16,2017012010030,あさひ,──悪夢を見たかったっす,──我做恶梦了,芹沢あさひ,【光は光へ】芹沢あさひ,多難へのアプローチ
芹沢あさひ\【光は光へ】芹沢あさひ\多難へのアプローチ.csv,18,2017012010040,あさひ,"悪夢を見るには、過酷な環境で寝るといいって
聞いたっす","我听说
想做恶梦的话，得在恶劣的环境下睡着才行",芹沢あさひ,【光は光へ】芹沢あさひ,多難へのアプローチ
芹沢あさひ\【光は光へ】芹沢あさひ\多難へのアプローチ.csv,21,2017012010050,あさひ,…………,…………,芹沢あさひ,【光は光へ】芹沢あさひ,多難へのアプローチ
芹沢あさひ\【光は光へ】芹沢あさひ\多難へのアプローチ.csv,22,2017012010060,あさひ,"……っく、……っく
はー……","……咕、……咕
哈ー……",芹沢あさひ,【光は光へ】芹沢あさひ,多難へのアプローチ
芹沢あさひ\【光は光へ】芹沢あさひ\多難へのアプローチ.csv,24,2017012010070,あさひ,そっすそっす,对的对的,芹沢あさひ,【光は光へ】芹沢あさひ,多難へのアプローチ
芹沢あさひ\【光は光へ】芹沢あさひ\多難へのアプローチ.csv,25,2017012010080,あさひ,"やっとうとうとしてきて
これから悪夢見れそうだったのにー","总算有点困意了
明明马上就要开始做噩梦了ー",芹沢あさひ,【光は光へ】芹沢あさひ,多難へのアプローチ
芹沢あさひ\【光は光へ】芹沢あさひ\多難へのアプローチ.csv,28,2017012010090,あさひ,もう疲れてないっすよ,已经不累了哦,芹沢あさひ,【光は光へ】芹沢あさひ,多難へのアプローチ
芹沢あさひ\【光は光へ】芹沢あさひ\多難へのアプローチ.csv,31,2017012010100,あさひ,"悪夢の方が、何が出てくるか何が起こるか
わからなくってワクワクするっす！","因为做噩梦会有什么出来，会发生什么事
什么都不知道所以很有趣！",芹沢あさひ,【光は光へ】芹沢あさひ,多難へのアプローチ
芹沢あさひ\【光は光へ】芹沢あさひ\多難へのアプローチ.csv,37,2017012010110,あさひ,…………そっすね,…………是吗,芹沢あさひ,【光は光へ】芹沢あさひ,多難へのアプローチ
芹沢あさひ\【光は光へ】芹沢あさひ\多難へのアプローチ.csv,38,2017012010120,あさひ,わたし、やり方間違ってたっすか？,我方法弄错了么？,芹沢あさひ,【光は光へ】芹沢あさひ,多難へのアプローチ
芹沢あさひ\【光は光へ】芹沢あさひ\多難へのアプローチ.csv,41,2017012010130,あさひ,じゃあ、どうしたらいっすかね,那么，怎么做才好呢,芹沢あさひ,【光は光へ】芹沢あさひ,多難へのアプローチ
芹沢あさひ\【光は光へ】芹沢あさひ\多難へのアプローチ.csv,44,2017012010140,あさひ,……うーん……,……嗯ー……,芹沢あさひ,【光は光へ】芹沢あさひ,多難へのアプローチ
芹沢あさひ\【光は光へ】芹沢あさひ\多難へのアプローチ.csv,45,2017012010150,あさひ,待ってられないっすよ～,我等不及了嘛～,芹沢あさひ,【光は光へ】芹沢あさひ,多難へのアプローチ
芹沢あさひ\【光は光へ】芹沢あさひ\多難へのアプローチ.csv,48,2017012010160,あさひ,安全……例えば何があるっすか？,安全……比如说有什么呢？,芹沢あさひ,【光は光へ】芹沢あさひ,多難へのアプローチ
芹沢あさひ\【光は光へ】芹沢あさひ\多難へのアプローチ.csv,50,2017012010170,あさひ,ホラー映画っすか……？,恐怖电影吗……？,芹沢あさひ,【光は光へ】芹沢あさひ,多難へのアプローチ
芹沢あさひ\【光は光へ】芹沢あさひ\多難へのアプローチ.csv,52,2017012010180,あさひ,"……わかったっす
ちょっと何か見てみるっす","……我明白了
我稍微试试看",芹沢あさひ,【光は光へ】芹沢あさひ,多難へのアプローチ
芹沢あさひ\【光は光へ】芹沢あさひ\多難へのアプローチ.csv,54,2017012010190,あさひ,そっすよ,对啊,芹沢あさひ,【光は光へ】芹沢あさひ,多難へのアプローチ
芹沢あさひ\【光は光へ】芹沢あさひ\多難へのアプローチ.csv,55,2017012010200,あさひ,"わ……！
すごいっすね、これ","哇……！
好厉害啊，这个",芹沢あさひ,【光は光へ】芹沢あさひ,多難へのアプローチ
芹沢あさひ\【光は光へ】芹沢あさひ\多難へのアプローチ.csv,57,2017012010210,あさひ,あははっ、これとか怖そうっす～,啊哈哈，这个看起来很恐怖～,芹沢あさひ,【光は光へ】芹沢あさひ,多難へのアプローチ
芹沢あさひ\【光は光へ】芹沢あさひ\多難へのアプローチ.csv,58,2017012010220,あさひ,音量も上げるっす！,把音量也开大点！,芹沢あさひ,【光は光へ】芹沢あさひ,多難へのアプローチ
芹沢あさひ\【光は光へ】芹沢あさひ\多難へのアプローチ.csv,62,2017012010230,あさひ,なるほど……,原来如此……,芹沢あさひ,【光は光へ】芹沢あさひ,多難へのアプローチ
芹沢あさひ\【光は光へ】芹沢あさひ\多難へのアプローチ.csv,63,2017012010240,あさひ,"あ、でもそれじゃだめっす
何を見るかわかっちゃうっす","啊，但这样不行
那样的话我就知道我会梦见什么了",芹沢あさひ,【光は光へ】芹沢あさひ,多難へのアプローチ
芹沢あさひ\【光は光へ】芹沢あさひ\多難へのアプローチ.csv,65,2017012010250,あさひ,…………,…………,芹沢あさひ,【光は光へ】芹沢あさひ,多難へのアプローチ
芹沢あさひ\【光は光へ】芹沢あさひ\多難へのアプローチ.csv,67,2017012010260,あさひ,えっ,诶,芹沢あさひ,【光は光へ】芹沢あさひ,多難へのアプローチ
芹沢あさひ\【光は光へ】芹沢あさひ\多難へのアプローチ.csv,69,2017012010270,あさひ,えー,诶ー,芹沢あさひ,【光は光へ】芹沢あさひ,多難へのアプローチ
芹沢あさひ\【光は光へ】芹沢あさひ\多難へのアプローチ.csv,70,2017012010280,あさひ,面白い夢、見たいっすよ～,好想做有趣的梦喔～,芹沢あさひ,【光は光へ】芹沢あさひ,多難へのアプローチ
芹沢あさひ\【光は光へ】芹沢あさひ\空を切るオーニソプター.csv,3,2017012040010,あさひ,こういうの、どうっすかね？,这样，如何？,芹沢あさひ,【光は光へ】芹沢あさひ,空を切るオーニソプター
芹沢あさひ\【光は光へ】芹沢あさひ\空を切るオーニソプター.csv,7,2017012040020,あさひ,"こんにちはっす～
あ、アロハのおじさん！","你好～
啊，夏威夷大叔！",芹沢あさひ,【光は光へ】芹沢あさひ,空を切るオーニソプター
芹沢あさひ\【光は光へ】芹沢あさひ\空を切るオーニソプター.csv,9,2017012040030,あさひ,"あははっ
今日はたこ焼き柄っす！","啊哈哈
今天的是章鱼烧图案！",芹沢あさひ,【光は光へ】芹沢あさひ,空を切るオーニソプター
芹沢あさひ\【光は光へ】芹沢あさひ\空を切るオーニソプター.csv,15,2017012040040,あさひ,"すっごくワクワクして……
わーってなったっす！","非常激动……
哇ー地一下叫出来了！",芹沢あさひ,【光は光へ】芹沢あさひ,空を切るオーニソプター
芹沢あさひ\【光は光へ】芹沢あさひ\空を切るオーニソプター.csv,18,2017012040050,あさひ,それもあるし、ずっと見ていたかったっす,那种想法也有，而且我也想一直看着它,芹沢あさひ,【光は光へ】芹沢あさひ,空を切るオーニソプター
芹沢あさひ\【光は光へ】芹沢あさひ\空を切るオーニソプター.csv,19,2017012040060,あさひ,でも、じっとしてられなかったっす,但是我没法光站在那里,芹沢あさひ,【光は光へ】芹沢あさひ,空を切るオーニソプター
芹沢あさひ\【光は光へ】芹沢あさひ\空を切るオーニソプター.csv,22,2017012040070,あさひ,そっすね！　そうかもしれないっす！,对！　可能就是这样！,芹沢あさひ,【光は光へ】芹沢あさひ,空を切るオーニソプター
芹沢あさひ\【光は光へ】芹沢あさひ\空を切るオーニソプター.csv,26,2017012040080,あさひ,へえ……そうなんすか？,诶……是吗？,芹沢あさひ,【光は光へ】芹沢あさひ,空を切るオーニソプター
芹沢あさひ\【光は光へ】芹沢あさひ\空を切るオーニソプター.csv,28,2017012040090,あさひ,まだ帰れないっすか～？,还不能回去吗～？,芹沢あさひ,【光は光へ】芹沢あさひ,空を切るオーニソプター
芹沢あさひ\【光は光へ】芹沢あさひ\空を切るオーニソプター.csv,30,2017012040100,あさひ,むー,唔ー,芹沢あさひ,【光は光へ】芹沢あさひ,空を切るオーニソプター
芹沢あさひ\【光は光へ】芹沢あさひ\空を切るオーニソプター.csv,33,2017012040110,あさひ,いっすけど……,可以倒是啦……,芹沢あさひ,【光は光へ】芹沢あさひ,空を切るオーニソプター
芹沢あさひ\【光は光へ】芹沢あさひ\空を切るオーニソプター.csv,34,2017012040120,あさひ,…………,…………,芹沢あさひ,【光は光へ】芹沢あさひ,空を切るオーニソプター
芹沢あさひ\【光は光へ】芹沢あさひ\空を切るオーニソプター.csv,35,2017012040130,あさひ,"……あれ、プロデューサーさん
わたし、こんなこと言ってないっすよ","……诶，制作人
我没说过这种话哦",芹沢あさひ,【光は光へ】芹沢あさひ,空を切るオーニソプター
芹沢あさひ\【光は光へ】芹沢あさひ\空を切るオーニソプター.csv,42,2017012040140,あさひ,……そっすか？,……是吗？,芹沢あさひ,【光は光へ】芹沢あさひ,空を切るオーニソプター
芹沢あさひ\【光は光へ】芹沢あさひ\空を切るオーニソプター.csv,43,2017012040150,あさひ,"似てるかもしれないっすけど、
一緒じゃないと思うっす","虽然相似，
但我觉得不太一样",芹沢あさひ,【光は光へ】芹沢あさひ,空を切るオーニソプター
芹沢あさひ\【光は光へ】芹沢あさひ\空を切るオーニソプター.csv,47,2017012040160,あさひ,────どんなだったか……？,────是怎么样的呢……？,芹沢あさひ,【光は光へ】芹沢あさひ,空を切るオーニソプター
芹沢あさひ\【光は光へ】芹沢あさひ\空を切るオーニソプター.csv,48,2017012040170,あさひ,…………,…………,芹沢あさひ,【光は光へ】芹沢あさひ,空を切るオーニソプター
芹沢あさひ\【光は光へ】芹沢あさひ\空を切るオーニソプター.csv,49,2017012040180,あさひ,んっ,嗯,芹沢あさひ,【光は光へ】芹沢あさひ,空を切るオーニソプター
芹沢あさひ\【光は光へ】芹沢あさひ\空を切るオーニソプター.csv,51,2017012040190,あさひ,んー！,嗯！,芹沢あさひ,【光は光へ】芹沢あさひ,空を切るオーニソプター
芹沢あさひ\【光は光へ】芹沢あさひ\空を切るオーニソプター.csv,53,2017012040200,あさひ,こんな感じっすね！,是这样的感觉！,芹沢あさひ,【光は光へ】芹沢あさひ,空を切るオーニソプター
芹沢あさひ\【光は光へ】芹沢あさひ\空を切るオーニソプター.csv,59,2017012040210,あさひ,今度は気球に乗ってみたいっす！,这回我想坐上气球！,芹沢あさひ,【光は光へ】芹沢あさひ,空を切るオーニソプター
芹沢あさひ\【光は光へ】芹沢あさひ\空を切るオーニソプター.csv,60,2017012040220,あさひ,──どこまで上がって、どこまで行けるっすかね？,──能飘多高，能飘到哪里去呢？,芹沢あさひ,【光は光へ】芹沢あさひ,空を切るオーニソプター
芹沢あさひ\【光は光へ】芹沢あさひ\空を切るオーニソプター.csv,61,2017012040230,あさひ,面白い場所も、見つけたいっす！,想寻找有趣的地方！,芹沢あさひ,【光は光へ】芹沢あさひ,空を切るオーニソプター
芹沢あさひ\【光は光へ】芹沢あさひ\空を切るオーニソプター.csv,65,2017012040240,あさひ,はいっす！,好的！,芹沢あさひ,【光は光へ】芹沢あさひ,空を切るオーニソプター
芹沢あさひ\【光は光へ】芹沢あさひ\空を切るオーニソプター.csv,66,2017012040250,あさひ,なんで笑うっすか？,你笑什么？,芹沢あさひ,【光は光へ】芹沢あさひ,空を切るオーニソプター
芹沢あさひ\【光は光へ】芹沢あさひ\空を切るオーニソプター.csv,69,2017012040260,あさひ,……？,……？,芹沢あさひ,【光は光へ】芹沢あさひ,空を切るオーニソプター
芹沢あさひ\【光は光へ】芹沢あさひ\空を切るオーニソプター.csv,71,2017012040270,あさひ,"いっすけど……
なんか、大変っすか？","可以倒是可以……
怎么感觉有点麻烦？",芹沢あさひ,【光は光へ】芹沢あさひ,空を切るオーニソプター
芹沢あさひ\【光は光へ】芹沢あさひ\空を切るオーニソプター.csv,73,2017012040280,あさひ,はいっす～,好～,芹沢あさひ,【光は光へ】芹沢あさひ,空を切るオーニソプター
芹沢あさひ\【光は光へ】芹沢あさひ\空を切るオーニソプター.csv,75,2017012040290,あさひ,"そっすか？
プロデューサーさん、あの後怒ってたっす","是吗？
制作人那之后可是生气了的",芹沢あさひ,【光は光へ】芹沢あさひ,空を切るオーニソプター
芹沢あさひ\【光は光へ】芹沢あさひ\空を切るオーニソプター.csv,78,2017012040300,あさひ,……別に引っ張ってないっすよ？,……我没有想那样？,芹沢あさひ,【光は光へ】芹沢あさひ,空を切るオーニソプター
芹沢あさひ\【光は光へ】芹沢あさひ\空を切るオーニソプター.csv,81,2017012040310,あさひ,ふーん……,唔……,芹沢あさひ,【光は光へ】芹沢あさひ,空を切るオーニソプター
芹沢あさひ\【光は光へ】芹沢あさひ\空を切るオーニソプター.csv,83,2017012040320,あさひ,わかったっす,我知道啦,芹沢あさひ,【光は光へ】芹沢あさひ,空を切るオーニソプター
芹沢あさひ\【光は光へ】芹沢あさひ\観測者たち.csv,2,2017012020010,あさひ,…………,…………,芹沢あさひ,【光は光へ】芹沢あさひ,観測者たち
芹沢あさひ\【光は光へ】芹沢あさひ\観測者たち.csv,4,2017012020020,あさひ,あははっ,啊哈哈,芹沢あさひ,【光は光へ】芹沢あさひ,観測者たち
芹沢あさひ\【光は光へ】芹沢あさひ\観測者たち.csv,6,2017012020030,あさひ,これっす,这个,芹沢あさひ,【光は光へ】芹沢あさひ,観測者たち
芹沢あさひ\【光は光へ】芹沢あさひ\観測者たち.csv,8,2017012020040,あさひ,なんか、おっきな動物みたいに見えるっす！,总感觉，能从中看出好大的动物！,芹沢あさひ,【光は光へ】芹沢あさひ,観測者たち
芹沢あさひ\【光は光へ】芹沢あさひ\観測者たち.csv,11,2017012020050,あさひ,それはしっぽっす！,那个是尾巴啦！,芹沢あさひ,【光は光へ】芹沢あさひ,観測者たち
芹沢あさひ\【光は光へ】芹沢あさひ\観測者たち.csv,15,2017012020060,あさひ,……？,……？,芹沢あさひ,【光は光へ】芹沢あさひ,観測者たち
芹沢あさひ\【光は光へ】芹沢あさひ\観測者たち.csv,18,2017012020070,あさひ,へえ……,诶……,芹沢あさひ,【光は光へ】芹沢あさひ,観測者たち
芹沢あさひ\【光は光へ】芹沢あさひ\観測者たち.csv,21,2017012020080,あさひ,"──化け物かわからないっすけど
食べはしないっすよ","──虽然不知道是不是怪物
但应该不会吃人哦",芹沢あさひ,【光は光へ】芹沢あさひ,観測者たち
芹沢あさひ\【光は光へ】芹沢あさひ\観測者たち.csv,23,2017012020090,あさひ,見たことあるっす,我见过的,芹沢あさひ,【光は光へ】芹沢あさひ,観測者たち
芹沢あさひ\【光は光へ】芹沢あさひ\観測者たち.csv,24,2017012020100,あさひ,前にもおんなじような影、見たことあるっす,我之前也见过类似的影子,芹沢あさひ,【光は光へ】芹沢あさひ,観測者たち
芹沢あさひ\【光は光へ】芹沢あさひ\観測者たち.csv,25,2017012020110,あさひ,"こんな風に、葉っぱの影が動いてたから
見張ってたっす","风一吹叶子就会这样摆动
我一直都有观察哦",芹沢あさひ,【光は光へ】芹沢あさひ,観測者たち
芹沢あさひ\【光は光へ】芹沢あさひ\観測者たち.csv,27,2017012020120,あさひ,"生きてるのか、ただの影なのか、
わからなかったからっす","因为不知道它是活着呢
还是单纯就是影子呢",芹沢あさひ,【光は光へ】芹沢あさひ,観測者たち
芹沢あさひ\【光は光へ】芹沢あさひ\観測者たち.csv,28,2017012020130,あさひ,"風が動かしてるのか、自分で動いてるのか……
どっちだろって思って……","是风吹着它动呢，还是自己在动呢……
想着会是怎么样呢……",芹沢あさひ,【光は光へ】芹沢あさひ,観測者たち
芹沢あさひ\【光は光へ】芹沢あさひ\観測者たち.csv,29,2017012020140,あさひ,でも、見てたら動かなくなって,但是我一看的话它就不动了,芹沢あさひ,【光は光へ】芹沢あさひ,観測者たち
芹沢あさひ\【光は光へ】芹沢あさひ\観測者たち.csv,30,2017012020150,あさひ,窓の裏に回ってみたっす,我走到窗子跟前,芹沢あさひ,【光は光へ】芹沢あさひ,観測者たち
芹沢あさひ\【光は光へ】芹沢あさひ\観測者たち.csv,31,2017012020160,あさひ,そしたら、葉っぱは全然動かないままで,然后叶子就完全不动了,芹沢あさひ,【光は光へ】芹沢あさひ,観測者たち
芹沢あさひ\【光は光へ】芹沢あさひ\観測者たち.csv,32,2017012020170,あさひ,結局わからなくって,最后也搞不明白,芹沢あさひ,【光は光へ】芹沢あさひ,観測者たち
芹沢あさひ\【光は光へ】芹沢あさひ\観測者たち.csv,33,2017012020180,あさひ,次の日も同じところに行ってみたっす,第二天也去了同样的地方,芹沢あさひ,【光は光へ】芹沢あさひ,観測者たち
芹沢あさひ\【光は光へ】芹沢あさひ\観測者たち.csv,34,2017012020190,あさひ,そしたら、はっきりと影の形が変わってたっす！,然后影子的形状明显就变了！,芹沢あさひ,【光は光へ】芹沢あさひ,観測者たち
芹沢あさひ\【光は光へ】芹沢あさひ\観測者たち.csv,36,2017012020200,あさひ,"じゃなくって
気付かれたかったんだと思うっす","不是
我觉得它是想被发现",芹沢あさひ,【光は光へ】芹沢あさひ,観測者たち
芹沢あさひ\【光は光へ】芹沢あさひ\観測者たち.csv,37,2017012020210,あさひ,わたしが見てるのがわかってたっすよ,它知道我在看它的哦,芹沢あさひ,【光は光へ】芹沢あさひ,観測者たち
芹沢あさひ\【光は光へ】芹沢あさひ\観測者たち.csv,38,2017012020220,あさひ,わかってて、次の日には姿を変えたっす,所以，第二天就变样子了,芹沢あさひ,【光は光へ】芹沢あさひ,観測者たち
芹沢あさひ\【光は光へ】芹沢あさひ\観測者たち.csv,45,2017012020230,あさひ,"あははっ
そうかもしれないっす","啊哈哈
可能是的",芹沢あさひ,【光は光へ】芹沢あさひ,観測者たち
芹沢あさひ\【光は光へ】芹沢あさひ\観測者たち.csv,47,2017012020240,あさひ,化け物に食べられるってやつっすか？,是被怪物吃掉的传闻吗？,芹沢あさひ,【光は光へ】芹沢あさひ,観測者たち
芹沢あさひ\【光は光へ】芹沢あさひ\観測者たち.csv,48,2017012020250,あさひ,"まだわからないっす！
そういうのもいるかもしれないっす","我还不知道！
可能也有那样的事情",芹沢あさひ,【光は光へ】芹沢あさひ,観測者たち
芹沢あさひ\【光は光へ】芹沢あさひ\観測者たち.csv,50,2017012020260,あさひ,そっすね,是啊,芹沢あさひ,【光は光へ】芹沢あさひ,観測者たち
芹沢あさひ\【光は光へ】芹沢あさひ\観測者たち.csv,53,2017012020270,あさひ,……？,……？,芹沢あさひ,【光は光へ】芹沢あさひ,観測者たち
芹沢あさひ\【光は光へ】芹沢あさひ\観測者たち.csv,55,2017012020280,あさひ,"あははっ
そっすね","啊哈哈
是啊",芹沢あさひ,【光は光へ】芹沢あさひ,観測者たち
芹沢あさひ\【光は光へ】芹沢あさひ\観測者たち.csv,57,2017012020290,あさひ,そっすかね？,是吧？,芹沢あさひ,【光は光へ】芹沢あさひ,観測者たち
芹沢あさひ\【光は光へ】芹沢あさひ\観測者たち.csv,60,2017012020300,あさひ,"あはは
そっすね","啊哈哈
是啊",芹沢あさひ,【光は光へ】芹沢あさひ,観測者たち
芹沢あさひ\【光は光へ】芹沢あさひ\観測者たち.csv,62,2017012020310,あさひ,うーん、ちょっと時間がかかりそうっす……,嗯ー，可能还要花点时间……,芹沢あさひ,【光は光へ】芹沢あさひ,観測者たち
芹沢あさひ\【夕日に照らされ光るもの】芹沢あさひ\1.301701601 (3.30).csv,2,3017016010010,あさひ,……,……,芹沢あさひ,【夕日に照らされ光るもの】芹沢あさひ,1.301701601 (3.30)
芹沢あさひ\【夕日に照らされ光るもの】芹沢あさひ\1.301701601 (3.30).csv,4,3017016010030,あさひ,愛依ちゃんが喜ぶもの……,爱依会喜欢的东西……,芹沢あさひ,【夕日に照らされ光るもの】芹沢あさひ,1.301701601 (3.30)
芹沢あさひ\【夕日に照らされ光るもの】芹沢あさひ\1.301701601 (3.30).csv,6,3017016010040,あさひ,ふーん……,唔嗯……,芹沢あさひ,【夕日に照らされ光るもの】芹沢あさひ,1.301701601 (3.30)
芹沢あさひ\【夕日に照らされ光るもの】芹沢あさひ\1.301701601 (3.30).csv,8,3017016010050,あさひ,『前書き』,『前言』,芹沢あさひ,【夕日に照らされ光るもの】芹沢あさひ,1.301701601 (3.30)
芹沢あさひ\【夕日に照らされ光るもの】芹沢あさひ\1.301701601 (3.30).csv,9,3017016010060,あさひ,"『この本を読む前に
あなたはやっておくべきことがあります』","『在阅读本书之前
建议你先去做件事』",芹沢あさひ,【夕日に照らされ光るもの】芹沢あさひ,1.301701601 (3.30)
芹沢あさひ\【夕日に照らされ光るもの】芹沢あさひ\1.301701601 (3.30).csv,10,3017016010070,あさひ,"『それはずばり！
スキーとスケートです！』","『说白了就是——
去吃点鸭肠！』",芹沢あさひ,【夕日に照らされ光るもの】芹沢あさひ,1.301701601 (3.30)
芹沢あさひ\【夕日に照らされ光るもの】芹沢あさひ\1.301701601 (3.30).csv,11,3017016010080,あさひ,"『なぜなら、本書を読破した時、あなたは
滑るという行為とは無縁になっているからです』","『因为，当你读完本书之后，
你就没机会哑场了』",芹沢あさひ,【夕日に照らされ光るもの】芹沢あさひ,1.301701601 (3.30)
芹沢あさひ\【夕日に照らされ光るもの】芹沢あさひ\1.301701601 (3.30).csv,12,3017016010090,あさひ,……？,……？,芹沢あさひ,【夕日に照らされ光るもの】芹沢あさひ,1.301701601 (3.30)
芹沢あさひ\【夕日に照らされ光るもの】芹沢あさひ\1.301701601 (3.30).csv,15,3017016010120,あさひ,……,……,芹沢あさひ,【夕日に照らされ光るもの】芹沢あさひ,1.301701601 (3.30)
芹沢あさひ\【夕日に照らされ光るもの】芹沢あさひ\1.301701601 (3.30).csv,16,3017016010130,あさひ,これは……面白くないかな,这个……应该算不上有趣吧,芹沢あさひ,【夕日に照らされ光るもの】芹沢あさひ,1.301701601 (3.30)
芹沢あさひ\【夕日に照らされ光るもの】芹沢あさひ\1.301701601 (3.30).csv,18,3017016010140,あさひ,いろんな石がある……,有好多种石头……,芹沢あさひ,【夕日に照らされ光るもの】芹沢あさひ,1.301701601 (3.30)
芹沢あさひ\【夕日に照らされ光るもの】芹沢あさひ\1.301701601 (3.30).csv,19,3017016010150,あさひ,でも、高いなー……,不过好贵啊——,芹沢あさひ,【夕日に照らされ光るもの】芹沢あさひ,1.301701601 (3.30)
芹沢あさひ\【夕日に照らされ光るもの】芹沢あさひ\1.301701601 (3.30).csv,20,3017016010160,あさひ,……石……,……石头……,芹沢あさひ,【夕日に照らされ光るもの】芹沢あさひ,1.301701601 (3.30)
芹沢あさひ\【夕日に照らされ光るもの】芹沢あさひ\1.301701601 (3.30).csv,21,3017016010170,あさひ,"うーん……
この石は普通……","嗯——
这块石头好一般啊……",芹沢あさひ,【夕日に照らされ光るもの】芹沢あさひ,1.301701601 (3.30)
芹沢あさひ\【夕日に照らされ光るもの】芹沢あさひ\1.301701601 (3.30).csv,22,3017016010180,あさひ,これもなんか違う……,这个也不太行……,芹沢あさひ,【夕日に照らされ光るもの】芹沢あさひ,1.301701601 (3.30)
芹沢あさひ\【夕日に照らされ光るもの】芹沢あさひ\1.301701601 (3.30).csv,23,3017016010190,あさひ,"お！
これ、なんか珍しい！","哦！
这个感觉还挺稀奇的！",芹沢あさひ,【夕日に照らされ光るもの】芹沢あさひ,1.301701601 (3.30)
芹沢あさひ\【夕日に照らされ光るもの】芹沢あさひ\1.301701601 (3.30).csv,27,3017016010230,あさひ,…………これも、違いそう,…………这个也行不通吧,芹沢あさひ,【夕日に照らされ光るもの】芹沢あさひ,1.301701601 (3.30)
芹沢あさひ\【夕日に照らされ光るもの】芹沢あさひ\1.301701601 (3.30).csv,28,3017016010240,あさひ,……,……,芹沢あさひ,【夕日に照らされ光るもの】芹沢あさひ,1.301701601 (3.30)
芹沢あさひ\【夕日に照らされ光るもの】芹沢あさひ\1.301701601 (3.30).csv,29,3017016010250,あさひ,一応……持って行こ,先……拿着吧,芹沢あさひ,【夕日に照らされ光るもの】芹沢あさひ,1.301701601 (3.30)
芹沢あさひ\【夕日に照らされ光るもの】芹沢あさひ\1.301701601 (3.30).csv,30,3017016010260,あさひ,…………,…………,芹沢あさひ,【夕日に照らされ光るもの】芹沢あさひ,1.301701601 (3.30)
芹沢あさひ\【夕日に照らされ光るもの】芹沢あさひ\1.301701601 (3.30).csv,31,3017016010270,あさひ,……？,……？,芹沢あさひ,【夕日に照らされ光るもの】芹沢あさひ,1.301701601 (3.30)
芹沢あさひ\【夕日に照らされ光るもの】芹沢あさひ\1.301701601 (3.30).csv,33,3017016010290,あさひ,『まだです』,『还没』,芹沢あさひ,【夕日に照らされ光るもの】芹沢あさひ,1.301701601 (3.30)
芹沢あさひ\【夕日に照らされ光るもの】芹沢あさひ\1.301701601 (3.30).csv,35,3017016010310,あさひ,『わかりました』,『知道了』,芹沢あさひ,【夕日に照らされ光るもの】芹沢あさひ,1.301701601 (3.30)
芹沢あさひ\【夕日に照らされ光るもの】芹沢あさひ\1.301701601 (3.30).csv,36,3017016010320,あさひ,うーん……,嗯——,芹沢あさひ,【夕日に照らされ光るもの】芹沢あさひ,1.301701601 (3.30)
芹沢あさひ\【夕日に照らされ光るもの】芹沢あさひ\1.301701601 (3.30).csv,38,3017016010330,あさひ,"……
ここ……","……
这里……",芹沢あさひ,【夕日に照らされ光るもの】芹沢あさひ,1.301701601 (3.30)
芹沢あさひ\【夕日に照らされ光るもの】芹沢あさひ\1.301701601 (3.30).csv,41,3017016010350,あさひ,うーん……,嗯——,芹沢あさひ,【夕日に照らされ光るもの】芹沢あさひ,1.301701601 (3.30)
芹沢あさひ\【夕日に照らされ光るもの】芹沢あさひ\1.301701601 (3.30).csv,44,3017016010380,あさひ,"そうなんすね
じゃあ、それにするっす","你说得对
那就这样吧",芹沢あさひ,【夕日に照らされ光るもの】芹沢あさひ,1.301701601 (3.30)
芹沢あさひ\【夕日に照らされ光るもの】芹沢あさひ\1.301701601 (3.30).csv,47,3017016010381,あさひ＆愛依,いただきまーす,我开动啦,芹沢あさひ,【夕日に照らされ光るもの】芹沢あさひ,1.301701601 (3.30)
芹沢あさひ\【夕日に照らされ光るもの】芹沢あさひ\1.301701601 (3.30).csv,48,3017016010390,あさひ,"…………
ん、うまいっす～！","…………
唔，真好吃～！",芹沢あさひ,【夕日に照らされ光るもの】芹沢あさひ,1.301701601 (3.30)
芹沢あさひ\【夕日に照らされ光るもの】芹沢あさひ\1.301701601 (3.30).csv,51,3017016010420,あさひ,……よーし……！,……好……！,芹沢あさひ,【夕日に照らされ光るもの】芹沢あさひ,1.301701601 (3.30)
芹沢あさひ\【夕日に照らされ光るもの】芹沢あさひ\1.301701601 (3.30).csv,52,3017016010430,あさひ,"『愛依ちゃんに何するか
決めました』","『我想好
要给爱依做什么了』",芹沢あさひ,【夕日に照らされ光るもの】芹沢あさひ,1.301701601 (3.30)
芹沢あさひ\【夕日に照らされ光るもの】芹沢あさひ\2.301701602 (3.30).csv,10,3017016020070,あさひ,あ、愛依ちゃん,啊，爱依,芹沢あさひ,【夕日に照らされ光るもの】芹沢あさひ,2.301701602 (3.30)
芹沢あさひ\【夕日に照らされ光るもの】芹沢あさひ\2.301701602 (3.30).csv,12,3017016020090,あさひ,何見てるっすか？,在看什么呀？,芹沢あさひ,【夕日に照らされ光るもの】芹沢あさひ,2.301701602 (3.30)
芹沢あさひ\【夕日に照らされ光るもの】芹沢あさひ\2.301701602 (3.30).csv,15,3017016020120,あさひ,あ、あの子っすか,啊，是她啊,芹沢あさひ,【夕日に照らされ光るもの】芹沢あさひ,2.301701602 (3.30)
芹沢あさひ\【夕日に照らされ光るもの】芹沢あさひ\2.301701602 (3.30).csv,16,3017016020130,あさひ,そっすね、見るっす,那么，就看看吧,芹沢あさひ,【夕日に照らされ光るもの】芹沢あさひ,2.301701602 (3.30)
芹沢あさひ\【夕日に照らされ光るもの】芹沢あさひ\2.301701602 (3.30).csv,17,3017016020140,あさひ,おー,哦,芹沢あさひ,【夕日に照らされ光るもの】芹沢あさひ,2.301701602 (3.30)
芹沢あさひ\【夕日に照らされ光るもの】芹沢あさひ\2.301701602 (3.30).csv,18,3017016020150,あさひ,なるほどっす,原来如此,芹沢あさひ,【夕日に照らされ光るもの】芹沢あさひ,2.301701602 (3.30)
芹沢あさひ\【夕日に照らされ光るもの】芹沢あさひ\2.301701602 (3.30).csv,20,3017016020170,あさひ,そっすね,是啊,芹沢あさひ,【夕日に照らされ光るもの】芹沢あさひ,2.301701602 (3.30)
芹沢あさひ\【夕日に照らされ光るもの】芹沢あさひ\2.301701602 (3.30).csv,23,3017016020200,あさひ,……なんか、愛依ちゃんに似てるっすね,……感觉，和爱依有点像呢,芹沢あさひ,【夕日に照らされ光るもの】芹沢あさひ,2.301701602 (3.30)
芹沢あさひ\【夕日に照らされ光るもの】芹沢あさひ\2.301701602 (3.30).csv,26,3017016020230,あさひ,メイクとかじゃないっす,不是说化妆啦,芹沢あさひ,【夕日に照らされ光るもの】芹沢あさひ,2.301701602 (3.30)
芹沢あさひ\【夕日に照らされ光るもの】芹沢あさひ\2.301701602 (3.30).csv,27,3017016020240,あさひ,"動きとか……やろうとしてること…… 
愛依ちゃんの真似っぽいっす","比如动作……比如要做的事情……
有点像是在模仿爱依",芹沢あさひ,【夕日に照らされ光るもの】芹沢あさひ,2.301701602 (3.30)
芹沢あさひ\【夕日に照らされ光るもの】芹沢あさひ\2.301701602 (3.30).csv,29,3017016020260,あさひ,愛依ちゃんが教えたっすか？,是爱依教的吗？,芹沢あさひ,【夕日に照らされ光るもの】芹沢あさひ,2.301701602 (3.30)
芹沢あさひ\【夕日に照らされ光るもの】芹沢あさひ\2.301701602 (3.30).csv,33,3017016020300,あさひ,ふーん……,嗯……,芹沢あさひ,【夕日に照らされ光るもの】芹沢あさひ,2.301701602 (3.30)
芹沢あさひ\【夕日に照らされ光るもの】芹沢あさひ\2.301701602 (3.30).csv,34,3017016020310,あさひ,"じゃあ、愛依ちゃんの動き見てるだけで
ここまで近づけたっすね","也就是说，光是看过爱依的动作
就能做到这种地步了吗",芹沢あさひ,【夕日に照らされ光るもの】芹沢あさひ,2.301701602 (3.30)
芹沢あさひ\【夕日に照らされ光るもの】芹沢あさひ\2.301701602 (3.30).csv,37,3017016020340,あさひ,かもしれないっすねー,也许呢——,芹沢あさひ,【夕日に照らされ光るもの】芹沢あさひ,2.301701602 (3.30)
芹沢あさひ\【夕日に照らされ光るもの】芹沢あさひ\2.301701602 (3.30).csv,38,3017016020350,あさひ,わたしも、会ってみたいっす！,我也想见见她！,芹沢あさひ,【夕日に照らされ光るもの】芹沢あさひ,2.301701602 (3.30)
芹沢あさひ\【夕日に照らされ光るもの】芹沢あさひ\2.301701602 (3.30).csv,42,3017016020390,あさひ,ライバル？,对手？,芹沢あさひ,【夕日に照らされ光るもの】芹沢あさひ,2.301701602 (3.30)
芹沢あさひ\【夕日に照らされ光るもの】芹沢あさひ\2.301701602 (3.30).csv,44,3017016020410,あさひ,あんまり気にしたことなかったっす,没怎么留意过,芹沢あさひ,【夕日に照らされ光るもの】芹沢あさひ,2.301701602 (3.30)
芹沢あさひ\【夕日に照らされ光るもの】芹沢あさひ\2.301701602 (3.30).csv,48,3017016020450,あさひ,そういうもんすか？,是这样吗？,芹沢あさひ,【夕日に照らされ光るもの】芹沢あさひ,2.301701602 (3.30)
芹沢あさひ\【夕日に照らされ光るもの】芹沢あさひ\2.301701602 (3.30).csv,51,3017016020480,あさひ,そっすね,是啊,芹沢あさひ,【夕日に照らされ光るもの】芹沢あさひ,2.301701602 (3.30)
芹沢あさひ\【夕日に照らされ光るもの】芹沢あさひ\2.301701602 (3.30).csv,52,3017016020490,あさひ,"それに、ライバルなら
もういるからいっすよ","而且，对手的话
已经有了",芹沢あさひ,【夕日に照らされ光るもの】芹沢あさひ,2.301701602 (3.30)
芹沢あさひ\【夕日に照らされ光るもの】芹沢あさひ\2.301701602 (3.30).csv,54,3017016020510,あさひ,冬優子ちゃんと、愛依ちゃんっす,冬优子，还有爱依,芹沢あさひ,【夕日に照らされ光るもの】芹沢あさひ,2.301701602 (3.30)
芹沢あさひ\【夕日に照らされ光るもの】芹沢あさひ\2.301701602 (3.30).csv,57,3017016020540,あさひ,"──それに、冬優子ちゃんと愛依ちゃんは
あんまり年上って感じもしないっす","──而且，冬优子和爱依
也没有大我几岁的感觉",芹沢あさひ,【夕日に照らされ光るもの】芹沢あさひ,2.301701602 (3.30)
芹沢あさひ\【夕日に照らされ光るもの】芹沢あさひ\2.301701602 (3.30).csv,61,3017016020580,あさひ,あはは～、そっすねー,啊哈哈～，是啊,芹沢あさひ,【夕日に照らされ光るもの】芹沢あさひ,2.301701602 (3.30)
芹沢あさひ\【夕日に照らされ光るもの】芹沢あさひ\2.301701602 (3.30).csv,62,3017016020590,あさひ,友達……,朋友……,芹沢あさひ,【夕日に照らされ光るもの】芹沢あさひ,2.301701602 (3.30)
芹沢あさひ\【夕日に照らされ光るもの】芹沢あさひ\2.301701602 (3.30).csv,63,3017016020600,あさひ,……,……,芹沢あさひ,【夕日に照らされ光るもの】芹沢あさひ,2.301701602 (3.30)
芹沢あさひ\【月に向かって吠えろ】芹沢あさひ\ジャジャン！.csv,6,3017013020010,あさひ,喉渇いたっす～,好渴的说～,芹沢あさひ,【月に向かって吠えろ】芹沢あさひ,ジャジャン！
芹沢あさひ\【月に向かって吠えろ】芹沢あさひ\ジャジャン！.csv,16,3017013020110,あさひ,ん、ありがとっす,嗯，谢谢的说,芹沢あさひ,【月に向かって吠えろ】芹沢あさひ,ジャジャン！
芹沢あさひ\【月に向かって吠えろ】芹沢あさひ\ジャジャン！.csv,17,3017013020120,あさひ,愛依ちゃん,爱依,芹沢あさひ,【月に向かって吠えろ】芹沢あさひ,ジャジャン！
芹沢あさひ\【月に向かって吠えろ】芹沢あさひ\ジャジャン！.csv,18,3017013020130,あさひ,──ちゃんと、わたしに見えないっすか？,——这样看起来应该就不像我了吧？,芹沢あさひ,【月に向かって吠えろ】芹沢あさひ,ジャジャン！
芹沢あさひ\【月に向かって吠えろ】芹沢あさひ\ジャジャン！.csv,21,3017013020160,あさひ,────はいっす！,————是的说！,芹沢あさひ,【月に向かって吠えろ】芹沢あさひ,ジャジャン！
芹沢あさひ\【月に向かって吠えろ】芹沢あさひ\ジャジャン！.csv,28,3017013020220,あさひ,イェーイ！！,耶！！,芹沢あさひ,【月に向かって吠えろ】芹沢あさひ,ジャジャン！
芹沢あさひ\【月に向かって吠えろ】芹沢あさひ\ジャジャン！.csv,34,3017013020231,あさひ＆愛依,────……！,————……！,芹沢あさひ,【月に向かって吠えろ】芹沢あさひ,ジャジャン！
芹沢あさひ\【月に向かって吠えろ】芹沢あさひ\ジャジャン！.csv,36,3017013020250,あさひ,"冬優子ちゃん！
みんな驚いたって言ってるっすか！？","冬优子！
大家都说吃了一惊是吧！？",芹沢あさひ,【月に向かって吠えろ】芹沢あさひ,ジャジャン！
芹沢あさひ\【月に向かって吠えろ】芹沢あさひ\ジャジャン！.csv,38,3017013020270,あさひ,……みんなの反応見てるんじゃないっすか？,……你没在看大家的反馈嘛？,芹沢あさひ,【月に向かって吠えろ】芹沢あさひ,ジャジャン！
芹沢あさひ\【月に向かって吠えろ】芹沢あさひ\ジャジャン！.csv,40,3017013020290,あさひ,ふーん,嗯——,芹沢あさひ,【月に向かって吠えろ】芹沢あさひ,ジャジャン！
芹沢あさひ\【月に向かって吠えろ】芹沢あさひ\ジャジャン！.csv,41,3017013020300,あさひ,調べてほしいっす！,我去查查看的说！,芹沢あさひ,【月に向かって吠えろ】芹沢あさひ,ジャジャン！
芹沢あさひ\【月に向かって吠えろ】芹沢あさひ\ジャジャン！.csv,43,3017013020320,あさひ,"…………あ
そうなんすねー……","…………啊
这样啊——",芹沢あさひ,【月に向かって吠えろ】芹沢あさひ,ジャジャン！
芹沢あさひ\【月に向かって吠えろ】芹沢あさひ\ジャジャン！.csv,46,3017013020350,あさひ,"！
ほんとっすか！？","！
真的吗！？",芹沢あさひ,【月に向かって吠えろ】芹沢あさひ,ジャジャン！
芹沢あさひ\【月に向かって吠えろ】芹沢あさひ\ジャジャン！.csv,49,3017013020380,あさひ,"やったっす～
愛依ちゃんも騙せたっす～","太好了的说～
骗过爱依了的说～",芹沢あさひ,【月に向かって吠えろ】芹沢あさひ,ジャジャン！
芹沢あさひ\【月に向かって吠えろ】芹沢あさひ\ジャジャン！.csv,52,3017013020410,あさひ,あはは～,啊哈哈～,芹沢あさひ,【月に向かって吠えろ】芹沢あさひ,ジャジャン！
芹沢あさひ\【月に向かって吠えろ】芹沢あさひ\ジャジャン！.csv,53,3017013020420,あさひ,"やっと見せれてすっきりしたっすよ
ひとりでやってもつまんないっす","终于能展示给大家了，这下算是心里一块石头落地了
一个人练习真的好无聊的说",芹沢あさひ,【月に向かって吠えろ】芹沢あさひ,ジャジャン！
芹沢あさひ\【月に向かって吠えろ】芹沢あさひ\ジャジャン！.csv,55,3017013020440,あさひ,"そっす
月に向かってやっても面白くないっす","是的说
对着月亮练习好没意思的说",芹沢あさひ,【月に向かって吠えろ】芹沢あさひ,ジャジャン！
芹沢あさひ\【月に向かって吠えろ】芹沢あさひ\ジャジャン！.csv,59,3017013020480,あさひ,変だったっすか？,奇怪吗？,芹沢あさひ,【月に向かって吠えろ】芹沢あさひ,ジャジャン！
芹沢あさひ\【月に向かって吠えろ】芹沢あさひ\ジャジャン！.csv,60,3017013020490,あさひ,────あっ,————啊,芹沢あさひ,【月に向かって吠えろ】芹沢あさひ,ジャジャン！
芹沢あさひ\【月に向かって吠えろ】芹沢あさひ\ジャジャン！.csv,61,3017013020500,あさひ,"やっぱり冬優子ちゃん
見てたんじゃないっすか！",果然冬优子当时不是看见了吗！,芹沢あさひ,【月に向かって吠えろ】芹沢あさひ,ジャジャン！
芹沢あさひ\【月に向かって吠えろ】芹沢あさひ\ジャジャン！.csv,63,3017013020520,あさひ,えー！,诶——！,芹沢あさひ,【月に向かって吠えろ】芹沢あさひ,ジャジャン！
芹沢あさひ\【月に向かって吠えろ】芹沢あさひ\ジャジャン！.csv,66,3017013020550,あさひ,えっ,诶,芹沢あさひ,【月に向かって吠えろ】芹沢あさひ,ジャジャン！
芹沢あさひ\【月に向かって吠えろ】芹沢あさひ\ジャジャン！.csv,67,3017013020560,あさひ,"愛依ちゃんも知ってたっすか？
特訓のこと","爱依也知道吗？
特训的事情",芹沢あさひ,【月に向かって吠えろ】芹沢あさひ,ジャジャン！
芹沢あさひ\【月に向かって吠えろ】芹沢あさひ\ジャジャン！.csv,69,3017013020580,あさひ,『秘密』なのにみんな知ってたっす～,明明是“秘密”可怎么大家都已经知道了的说～,芹沢あさひ,【月に向かって吠えろ】芹沢あさひ,ジャジャン！
芹沢あさひ\【月に向かって吠えろ】芹沢あさひ\ツメは隠すもの.csv,3,3017013010020,あさひ,……ああ,……哦,芹沢あさひ,【月に向かって吠えろ】芹沢あさひ,ツメは隠すもの
芹沢あさひ\【月に向かって吠えろ】芹沢あさひ\ツメは隠すもの.csv,4,3017013010030,あさひ,冬優子ちゃんの後ろで踊るやつっすか？,是在冬优子后面伴舞的那个吗？,芹沢あさひ,【月に向かって吠えろ】芹沢あさひ,ツメは隠すもの
芹沢あさひ\【月に向かって吠えろ】芹沢あさひ\ツメは隠すもの.csv,6,3017013010050,あさひ,"いや、いっす
他にやることあるっすから","不，我就不用了的说
我还有别的事要做的说",芹沢あさひ,【月に向かって吠えろ】芹沢あさひ,ツメは隠すもの
芹沢あさひ\【月に向かって吠えろ】芹沢あさひ\ツメは隠すもの.csv,9,3017013010080,あさひ,はいっす,是的说,芹沢あさひ,【月に向かって吠えろ】芹沢あさひ,ツメは隠すもの
芹沢あさひ\【月に向かって吠えろ】芹沢あさひ\ツメは隠すもの.csv,10,3017013010090,あさひ,……早く行くっすよ,……要去的话就快去吧,芹沢あさひ,【月に向かって吠えろ】芹沢あさひ,ツメは隠すもの
芹沢あさひ\【月に向かって吠えろ】芹沢あさひ\ツメは隠すもの.csv,12,3017013010110,あさひ,…………,…………,芹沢あさひ,【月に向かって吠えろ】芹沢あさひ,ツメは隠すもの
芹沢あさひ\【月に向かって吠えろ】芹沢あさひ\ツメは隠すもの.csv,27,3017013010260,あさひ,……！,……！,芹沢あさひ,【月に向かって吠えろ】芹沢あさひ,ツメは隠すもの
芹沢あさひ\【月に向かって吠えろ】芹沢あさひ\ツメは隠すもの.csv,28,3017013010270,あさひ,"……おはよっす
冬優子ちゃん","……你好的说
冬优子",芹沢あさひ,【月に向かって吠えろ】芹沢あさひ,ツメは隠すもの
芹沢あさひ\【月に向かって吠えろ】芹沢あさひ\ツメは隠すもの.csv,49,3017013010480,あさひ,……っしょ,……咻,芹沢あさひ,【月に向かって吠えろ】芹沢あさひ,ツメは隠すもの
芹沢あさひ\【月に向かって吠えろ】芹沢あさひ\ツメは隠すもの.csv,50,3017013010490,あさひ,…………,…………,芹沢あさひ,【月に向かって吠えろ】芹沢あさひ,ツメは隠すもの
芹沢あさひ\【月に向かって吠えろ】芹沢あさひ\ツメは隠すもの.csv,51,3017013010500,あさひ,これで、別人に見えるっすかね……,这样应该看起来就不像我了吧……,芹沢あさひ,【月に向かって吠えろ】芹沢あさひ,ツメは隠すもの
芹沢あさひ\【月に向かって吠えろ】芹沢あさひ\ツメは隠すもの.csv,52,3017013010510,あさひ,"あっ
撮る向き間違えたっす！！","啊
搞错摄像机的方向了的说！！",芹沢あさひ,【月に向かって吠えろ】芹沢あさひ,ツメは隠すもの
芹沢あさひ\【月に向かって吠えろ】芹沢あさひ\ツメは隠すもの.csv,55,3017013010540,あさひ,"はー……
つまんないっすねぇ……","哈——……
好无聊啊……",芹沢あさひ,【月に向かって吠えろ】芹沢あさひ,ツメは隠すもの
芹沢あさひ\【月に向かって吠えろ】芹沢あさひ\ツメは隠すもの.csv,56,3017013010550,あさひ,おー……でっかい……,哦——……好大啊……,芹沢あさひ,【月に向かって吠えろ】芹沢あさひ,ツメは隠すもの
芹沢あさひ\【月に向かって吠えろ】芹沢あさひ\ツメは隠すもの.csv,57,3017013010560,あさひ,あ、そうだ……,啊，对了……,芹沢あさひ,【月に向かって吠えろ】芹沢あさひ,ツメは隠すもの
芹沢あさひ\【月に向かって吠えろ】芹沢あさひ\ツメは隠すもの.csv,61,3017013010600,あさひ,冬優子ちゃん！,冬优子！,芹沢あさひ,【月に向かって吠えろ】芹沢あさひ,ツメは隠すもの
芹沢あさひ\【月に向かって吠えろ】芹沢あさひ\ツメは隠すもの.csv,62,3017013010610,あさひ,"………………
…………見てたっすか？","………………
…………你看到了吗？",芹沢あさひ,【月に向かって吠えろ】芹沢あさひ,ツメは隠すもの
芹沢あさひ\【月に向かって吠えろ】芹沢あさひ\ツメは隠すもの.csv,64,3017013010630,あさひ,わたしがしてたことっす,我刚才在做的事的说,芹沢あさひ,【月に向かって吠えろ】芹沢あさひ,ツメは隠すもの
芹沢あさひ\【月に向かって吠えろ】芹沢あさひ\ツメは隠すもの.csv,67,3017013010660,あさひ,えー,不要啊,芹沢あさひ,【月に向かって吠えろ】芹沢あさひ,ツメは隠すもの
芹沢あさひ\【月に向かって吠えろ】芹沢あさひ\ツメは隠すもの.csv,69,3017013010680,あさひ,むー……,呣——……,芹沢あさひ,【月に向かって吠えろ】芹沢あさひ,ツメは隠すもの
芹沢あさひ\【月に向かって吠えろ】芹沢あさひ\ツメは隠すもの.csv,70,3017013010690,あさひ,"冬優子ちゃん、見てないっすよね！
なんにも！",冬优子，你真的什么都没看到吧？,芹沢あさひ,【月に向かって吠えろ】芹沢あさひ,ツメは隠すもの
芹沢あさひ\【真空の庭】芹沢あさひ\かえってくるもの.csv,2,3017014020010,あさひ,…………,…………,芹沢あさひ,【真空の庭】芹沢あさひ,かえってくるもの
芹沢あさひ\【真空の庭】芹沢あさひ\かえってくるもの.csv,3,3017014020020,あさひ,……？,……？,芹沢あさひ,【真空の庭】芹沢あさひ,かえってくるもの
芹沢あさひ\【真空の庭】芹沢あさひ\かえってくるもの.csv,4,3017014020030,あさひ,魚、かな……,是鱼……吗……,芹沢あさひ,【真空の庭】芹沢あさひ,かえってくるもの
芹沢あさひ\【真空の庭】芹沢あさひ\かえってくるもの.csv,5,3017014020040,あさひ,…………,…………,芹沢あさひ,【真空の庭】芹沢あさひ,かえってくるもの
芹沢あさひ\【真空の庭】芹沢あさひ\かえってくるもの.csv,6,3017014020050,あさひ,それっ,嘿,芹沢あさひ,【真空の庭】芹沢あさひ,かえってくるもの
芹沢あさひ\【真空の庭】芹沢あさひ\かえってくるもの.csv,7,3017014020060,あさひ,…………,…………,芹沢あさひ,【真空の庭】芹沢あさひ,かえってくるもの
芹沢あさひ\【真空の庭】芹沢あさひ\かえってくるもの.csv,8,3017014020070,あさひ,小さい波……広がってる……,小小的水波……扩散开来……,芹沢あさひ,【真空の庭】芹沢あさひ,かえってくるもの
芹沢あさひ\【真空の庭】芹沢あさひ\かえってくるもの.csv,9,3017014020080,あさひ,岸まで届くかな……,能到达岸边吗……,芹沢あさひ,【真空の庭】芹沢あさひ,かえってくるもの
芹沢あさひ\【真空の庭】芹沢あさひ\かえってくるもの.csv,22,3017014020100,あさひ,"…………
愛依ちゃんこれって昔池に落ちた子の幽霊──","…………
爱依啊，这是以前池塘里淹死的孩子的幽灵——",芹沢あさひ,【真空の庭】芹沢あさひ,かえってくるもの
芹沢あさひ\【真空の庭】芹沢あさひ\かえってくるもの.csv,25,3017014020120,あさひ,どこが怖いっすかね？,哪里可怕呢？,芹沢あさひ,【真空の庭】芹沢あさひ,かえってくるもの
芹沢あさひ\【真空の庭】芹沢あさひ\かえってくるもの.csv,26,3017014020130,あさひ,面白いっすよ！,很有趣的说！,芹沢あさひ,【真空の庭】芹沢あさひ,かえってくるもの
芹沢あさひ\【真空の庭】芹沢あさひ\かえってくるもの.csv,28,3017014020150,あさひ,あはは、平気っすよ,啊哈哈，没事的说,芹沢あさひ,【真空の庭】芹沢あさひ,かえってくるもの
芹沢あさひ\【真空の庭】芹沢あさひ\かえってくるもの.csv,30,3017014020170,あさひ,"池、よく遊んだっすけど
見たことないっすから","我以前经常在池塘边玩
但是我从来没见过幽灵的说",芹沢あさひ,【真空の庭】芹沢あさひ,かえってくるもの
芹沢あさひ\【真空の庭】芹沢あさひ\かえってくるもの.csv,31,3017014020180,あさひ,"遊んでたら
よく声かけられたっすけど──","玩的时候
虽然经常会被人搭话——",芹沢あさひ,【真空の庭】芹沢あさひ,かえってくるもの
芹沢あさひ\【真空の庭】芹沢あさひ\かえってくるもの.csv,32,3017014020190,あさひ,だいたい、大人の、普通の人だったっすよ,但基本都只是普通的大人的说,芹沢あさひ,【真空の庭】芹沢あさひ,かえってくるもの
芹沢あさひ\【真空の庭】芹沢あさひ\かえってくるもの.csv,33,3017014020200,あさひ,"あ、でも夜には行ったことないっす
夜の池はもしかしたら……","啊，但是我没在夜里去过的说
说不定夜晚的池塘……",芹沢あさひ,【真空の庭】芹沢あさひ,かえってくるもの
芹沢あさひ\【真空の庭】芹沢あさひ\かえってくるもの.csv,35,3017014020220,あさひ,"幽霊じゃなかったっすけど、
話しかけてくる人、みんな怖かったっすよ","虽然不是幽灵
但是过来搭话的人都很可怕的说",芹沢あさひ,【真空の庭】芹沢あさひ,かえってくるもの
芹沢あさひ\【真空の庭】芹沢あさひ\かえってくるもの.csv,38,3017014020230,あさひ,…………！！,…………！！,芹沢あさひ,【真空の庭】芹沢あさひ,かえってくるもの
芹沢あさひ\【真空の庭】芹沢あさひ\かえってくるもの.csv,39,3017014020240,あさひ,"みんな怖い顔して
怒ってくる人もいたっす","一个个都摆着可怕的表情
还有朝我发火的人的说",芹沢あさひ,【真空の庭】芹沢あさひ,かえってくるもの
芹沢あさひ\【真空の庭】芹沢あさひ\かえってくるもの.csv,41,3017014020250,あさひ,……？,……？,芹沢あさひ,【真空の庭】芹沢あさひ,かえってくるもの
芹沢あさひ\【真空の庭】芹沢あさひ\かえってくるもの.csv,48,3017014020290,あさひ,"だったら直接
行くなって言えばよくないっすか？",所以直接说不许去不就好了？,芹沢あさひ,【真空の庭】芹沢あさひ,かえってくるもの
芹沢あさひ\【真空の庭】芹沢あさひ\かえってくるもの.csv,50,3017014020310,あさひ,そっすかね……？,是吗……？,芹沢あさひ,【真空の庭】芹沢あさひ,かえってくるもの
芹沢あさひ\【真空の庭】芹沢あさひ\かえってくるもの.csv,52,3017014020330,あさひ,愛依ちゃんはそうなんすか？,爱依难道是吗？,芹沢あさひ,【真空の庭】芹沢あさひ,かえってくるもの
芹沢あさひ\【真空の庭】芹沢あさひ\かえってくるもの.csv,55,3017014020350,あさひ,────はぁ、はぁ……,——哈啊，哈啊……,芹沢あさひ,【真空の庭】芹沢あさひ,かえってくるもの
芹沢あさひ\【真空の庭】芹沢あさひ\かえってくるもの.csv,56,3017014020360,あさひ,こわかった……,好可怕……,芹沢あさひ,【真空の庭】芹沢あさひ,かえってくるもの
芹沢あさひ\【真空の庭】芹沢あさひ\かえってくるもの.csv,57,3017014020370,あさひ,のど、かわいた……,好渴啊……,芹沢あさひ,【真空の庭】芹沢あさひ,かえってくるもの
芹沢あさひ\【真空の庭】芹沢あさひ\かえってくるもの.csv,58,3017014020380,あさひ,…………,…………,芹沢あさひ,【真空の庭】芹沢あさひ,かえってくるもの
芹沢あさひ\【真空の庭】芹沢あさひ\かえってくるもの.csv,61,3017014020390,あさひ,"えー、すいとう？
重いからいらない","诶——，水壶？
好重，我才不要",芹沢あさひ,【真空の庭】芹沢あさひ,かえってくるもの
芹沢あさひ\【真空の庭】芹沢あさひ\かえってくるもの.csv,63,3017014020400,あさひ,…………,…………,芹沢あさひ,【真空の庭】芹沢あさひ,かえってくるもの
芹沢あさひ\【真空の庭】芹沢あさひ\かえってくるもの.csv,64,3017014020410,あさひ,よし,好的,芹沢あさひ,【真空の庭】芹沢あさひ,かえってくるもの
芹沢あさひ\【真空の庭】芹沢あさひ\かえってくるもの.csv,65,3017014020420,あさひ,次どこに行こ────,接下来去哪呢————,芹沢あさひ,【真空の庭】芹沢あさひ,かえってくるもの
芹沢あさひ\【真空の庭】芹沢あさひ\借り.csv,6,3017014010050,あさひ,──────……！,——————……！,芹沢あさひ,【真空の庭】芹沢あさひ,借り
芹沢あさひ\【真空の庭】芹沢あさひ\借り.csv,11,3017014010090,あさひ,これ、びっくりしたっす,这里真的是吓我一跳的说,芹沢あさひ,【真空の庭】芹沢あさひ,借り
芹沢あさひ\【真空の庭】芹沢あさひ\借り.csv,12,3017014010100,あさひ,"みんな、リハとは違ってばーって
センターステージに行くっすから","因为大家和彩排时不一样，一瞬间
就冲去中央舞台了",芹沢あさひ,【真空の庭】芹沢あさひ,借り
芹沢あさひ\【真空の庭】芹沢あさひ\借り.csv,13,3017014010110,あさひ,"わたしも
センターに行きたくなったっすよ",所以我也变得想去中央舞台了的说,芹沢あさひ,【真空の庭】芹沢あさひ,借り
芹沢あさひ\【真空の庭】芹沢あさひ\借り.csv,16,3017014010120,あさひ,……？,……？,芹沢あさひ,【真空の庭】芹沢あさひ,借り
芹沢あさひ\【真空の庭】芹沢あさひ\借り.csv,17,3017014010130,あさひ,──あっ、あの子っす！,——啊，是那孩子的说！,芹沢あさひ,【真空の庭】芹沢あさひ,借り
芹沢あさひ\【真空の庭】芹沢あさひ\借り.csv,23,3017014010150,あさひ,……この前話した時と感じが違うっす,……和之前说话时的感觉完全不一样的说,芹沢あさひ,【真空の庭】芹沢あさひ,借り
芹沢あさひ\【真空の庭】芹沢あさひ\借り.csv,25,3017014010170,あさひ,そっすか？,是吗？,芹沢あさひ,【真空の庭】芹沢あさひ,借り
芹沢あさひ\【真空の庭】芹沢あさひ\借り.csv,26,3017014010180,あさひ,"うーん……
この感じ……","嗯……
这个感觉……",芹沢あさひ,【真空の庭】芹沢あさひ,借り
芹沢あさひ\【真空の庭】芹沢あさひ\借り.csv,28,3017014010200,あさひ,"……思い出したっす！
このダンス、何回か見たっすよ","……我想起来了的说！
这个舞蹈我看过好多次的说",芹沢あさひ,【真空の庭】芹沢あさひ,借り
芹沢あさひ\【真空の庭】芹沢あさひ\借り.csv,30,3017014010220,あさひ,"そうじゃなくて、もっと前！
わたしが受けたオーディションっす","不是彩排，是更早之前！
我曾经参加过的试镜时的说",芹沢あさひ,【真空の庭】芹沢あさひ,借り
芹沢あさひ\【真空の庭】芹沢あさひ\借り.csv,31,3017014010230,あさひ,"この人、最後まで残ってることがあって
そこで何度か一緒になったっす","那个人有几次合格到了最后
在试镜中有好多次都是和那人一起的说",芹沢あさひ,【真空の庭】芹沢あさひ,借り
芹沢あさひ\【真空の庭】芹沢あさひ\借り.csv,33,3017014010250,あさひ,"それもあるっすけど
この人、振りの緩急の付け方にクセがあるっすよ","虽然也有那个原因的说
更因为这人的舞蹈动作中的缓急很有个性的说",芹沢あさひ,【真空の庭】芹沢あさひ,借り
芹沢あさひ\【真空の庭】芹沢あさひ\借り.csv,34,3017014010260,あさひ,"面白かったんで
よく覚えてるっす",因为很有趣所以记得很清楚的说,芹沢あさひ,【真空の庭】芹沢あさひ,借り
芹沢あさひ\【真空の庭】芹沢あさひ\借り.csv,37,3017014010290,あさひ,"…………確か、わたしが通ったっすね
その次のも","…………我记得应该最后是我合格了的说
下一次也是",芹沢あさひ,【真空の庭】芹沢あさひ,借り
芹沢あさひ\【真空の庭】芹沢あさひ\借り.csv,40,3017014010320,あさひ,えー、そうなんすか？,诶——，是这样吗？,芹沢あさひ,【真空の庭】芹沢あさひ,借り
芹沢あさひ\【真空の庭】芹沢あさひ\借り.csv,41,3017014010330,あさひ,"……結局、サインは
もらえなかったっすね～……",……结果到头来还是没要到签名的说～……,芹沢あさひ,【真空の庭】芹沢あさひ,借り
芹沢あさひ\【真空の庭】芹沢あさひ\借り.csv,43,3017014010350,あさひ,なんで愛依ちゃんが謝るっすか？,为什么爱依要道歉呢？,芹沢あさひ,【真空の庭】芹沢あさひ,借り
芹沢あさひ\【真空の庭】芹沢あさひ\借り.csv,45,3017014010370,あさひ,"えっ
そうだったんすか","诶
是这样啊",芹沢あさひ,【真空の庭】芹沢あさひ,借り
芹沢あさひ\【真空の庭】芹沢あさひ\借り.csv,47,3017014010390,あさひ,"そっすかー……
諦めるしかないっすねぇ","是吗——……
那就只有放弃了的说",芹沢あさひ,【真空の庭】芹沢あさひ,借り
芹沢あさひ\【真空の庭】芹沢あさひ\借り.csv,50,3017014010420,あさひ,…………,…………,芹沢あさひ,【真空の庭】芹沢あさひ,借り
芹沢あさひ\【真空の庭】芹沢あさひ\借り.csv,52,3017014010440,あさひ,"……えっと、
実はクラスの人から──","……呃，
实际上是同班同学要我——",芹沢あさひ,【真空の庭】芹沢あさひ,借り
芹沢あさひ\【真空の庭】芹沢あさひ\借り.csv,53,3017014010450,あさひ,"はい、これ
１枚だけど──","给你这个
虽然只有一张————",芹沢あさひ,【真空の庭】芹沢あさひ,借り
芹沢あさひ\【真空の庭】芹沢あさひ\借り.csv,55,3017014010460,あさひ,『借り』は返したよ,这样就算是还了你的情了,芹沢あさひ,【真空の庭】芹沢あさひ,借り
芹沢あさひ\【真空の庭】芹沢あさひ\借り.csv,69,3017014010470,あさひ,──ただの字なのにな,——明明就只是字而已,芹沢あさひ,【真空の庭】芹沢あさひ,借り
芹沢あさひ\【真空の庭】芹沢あさひ\借り.csv,70,3017014010480,あさひ,あははっ,啊哈哈,芹沢あさひ,【真空の庭】芹沢あさひ,借り
芹沢あさひ\【空と青とアイツ】芹沢あさひ\（修学旅行みたいだ）.csv,6,2017006020010,あさひ,"──あれ？　プロデューサーさんっすか
ちょっと行ってくるっす！","──诶？　是制作人啊
我稍微出去一下！",芹沢あさひ,【空と青とアイツ】芹沢あさひ,（修学旅行みたいだ）
芹沢あさひ\【空と青とアイツ】芹沢あさひ\（修学旅行みたいだ）.csv,8,2017006020020,あさひ,"あ、外出じゃないっす！
窓の外、なんか飛んでったんすよ！","啊，这不是外出哦！
窗户的外面，好像有什么飞过去了！",芹沢あさひ,【空と青とアイツ】芹沢あさひ,（修学旅行みたいだ）
芹沢あさひ\【空と青とアイツ】芹沢あさひ\（修学旅行みたいだ）.csv,10,2017006020030,あさひ,"それを確かめるっす！
早く行かなきゃなんっすよ！","就是要确认那个是什么啦！
得快点才行！",芹沢あさひ,【空と青とアイツ】芹沢あさひ,（修学旅行みたいだ）
芹沢あさひ\【空と青とアイツ】芹沢あさひ\（修学旅行みたいだ）.csv,13,2017006020040,あさひ,"うーん……
もうどっか行っちゃったっすかねー","嗯……
已经不知道跑到哪去了吗",芹沢あさひ,【空と青とアイツ】芹沢あさひ,（修学旅行みたいだ）
芹沢あさひ\【空と青とアイツ】芹沢あさひ\（修学旅行みたいだ）.csv,15,2017006020050,あさひ,"未確認の飛行体かもしれないっす！
あっ、あっち！　チカチカ光ってるの、なんっすかね……！","说不定是未确认飞行体呢！
啊，在那边！　闪闪发光的是什么呢……！",芹沢あさひ,【空と青とアイツ】芹沢あさひ,（修学旅行みたいだ）
芹沢あさひ\【空と青とアイツ】芹沢あさひ\（修学旅行みたいだ）.csv,17,2017006020060,あさひ,"あははっ、この花！
しゃべると動くっす……！","啊哈哈，这朵花！
我一说话就会动呢……！",芹沢あさひ,【空と青とアイツ】芹沢あさひ,（修学旅行みたいだ）
芹沢あさひ\【空と青とアイツ】芹沢あさひ\（修学旅行みたいだ）.csv,20,2017006020070,あさひ,"プロデューサーさんっ
こ、これ……100万円売ってるっすよ……！","制作人
这、这里……有卖100万元哦……！",芹沢あさひ,【空と青とアイツ】芹沢あさひ,（修学旅行みたいだ）
芹沢あさひ\【空と青とアイツ】芹沢あさひ\（修学旅行みたいだ）.csv,21,2017006020080,あさひ,"100万円って……
100万円で買えるっすかね……！？","100万元的话……
用100万就能买到了吗……！？",芹沢あさひ,【空と青とアイツ】芹沢あさひ,（修学旅行みたいだ）
芹沢あさひ\【空と青とアイツ】芹沢あさひ\（修学旅行みたいだ）.csv,24,2017006020090,あさひ,"いいっす、こっちの方が面白いっすから！
──あぁっ！　あれは……！","嗯，因为这里的更有趣啊！
──啊！　那个是……！",芹沢あさひ,【空と青とアイツ】芹沢あさひ,（修学旅行みたいだ）
芹沢あさひ\【空と青とアイツ】芹沢あさひ\（修学旅行みたいだ）.csv,26,2017006020100,あさひ,"プロデューサーさーん…………！
これ、買うっすよ！","制作人…………！
我想买这个！",芹沢あさひ,【空と青とアイツ】芹沢あさひ,（修学旅行みたいだ）
芹沢あさひ\【空と青とアイツ】芹沢あさひ\（修学旅行みたいだ）.csv,30,2017006020110,あさひ,"えっ、これのことっすか？
はいっす！","诶，是指这个吗？
对啊！",芹沢あさひ,【空と青とアイツ】芹沢あさひ,（修学旅行みたいだ）
芹沢あさひ\【空と青とアイツ】芹沢あさひ\（修学旅行みたいだ）.csv,32,2017006020120,あさひ,"未確認飛行体が来たら、
これで打ち返すっすよ！","要是有未确认飞行体来了的话，
就用这个打回去！",芹沢あさひ,【空と青とアイツ】芹沢あさひ,（修学旅行みたいだ）
芹沢あさひ\【空と青とアイツ】芹沢あさひ\（修学旅行みたいだ）.csv,35,2017006020130,あさひ,えっ、いるものっすよ？,诶，这个是需要的东西哦？,芹沢あさひ,【空と青とアイツ】芹沢あさひ,（修学旅行みたいだ）
芹沢あさひ\【空と青とアイツ】芹沢あさひ\（修学旅行みたいだ）.csv,41,2017006020140,あさひ,"そっす！　見ててほしいっす！
よっ────","是啊！　你看！
嘿────",芹沢あさひ,【空と青とアイツ】芹沢あさひ,（修学旅行みたいだ）
芹沢あさひ\【空と青とアイツ】芹沢あさひ\（修学旅行みたいだ）.csv,43,2017006020150,あさひ,"えーっ、せっかく買ったんっすよ？
飛んでったやつ、いないかな～","诶，好不容易才买到的哦？
有没有正在飞的东西呢～",芹沢あさひ,【空と青とアイツ】芹沢あさひ,（修学旅行みたいだ）
芹沢あさひ\【空と青とアイツ】芹沢あさひ\（修学旅行みたいだ）.csv,44,2017006020160,あさひ,もっかい探しに────,我再去找一遍────,芹沢あさひ,【空と青とアイツ】芹沢あさひ,（修学旅行みたいだ）
芹沢あさひ\【空と青とアイツ】芹沢あさひ\（修学旅行みたいだ）.csv,47,2017006020170,あさひ,"おおー……！
それも面白そうっすね！","噢噢……！
这好像也很有趣呢！",芹沢あさひ,【空と青とアイツ】芹沢あさひ,（修学旅行みたいだ）
芹沢あさひ\【空と青とアイツ】芹沢あさひ\（修学旅行みたいだ）.csv,48,2017006020180,あさひ,"じゃあプロデューサーさん
ボール、買いに行くっすよ！　早く！","那制作人
我们去买棒球吧！　快来！",芹沢あさひ,【空と青とアイツ】芹沢あさひ,（修学旅行みたいだ）
芹沢あさひ\【空と青とアイツ】芹沢あさひ\（修学旅行みたいだ）.csv,51,2017006020190,あさひ,"えっ、これっすか？
いいっすけど──","诶，这个吗？
可以啦",芹沢あさひ,【空と青とアイツ】芹沢あさひ,（修学旅行みたいだ）
芹沢あさひ\【空と青とアイツ】芹沢あさひ\（修学旅行みたいだ）.csv,53,2017006020200,あさひ,"えへへ～
いい感じっすね！","诶嘿嘿
感觉很棒吧！",芹沢あさひ,【空と青とアイツ】芹沢あさひ,（修学旅行みたいだ）
芹沢あさひ\【空と青とアイツ】芹沢あさひ\（修学旅行みたいだ）.csv,55,2017006020210,あさひ,"えっ、もういいんっすか？
振ってみるっすよ！","诶，已经不用了吗？
挥挥看嘛！",芹沢あさひ,【空と青とアイツ】芹沢あさひ,（修学旅行みたいだ）
芹沢あさひ\【空と青とアイツ】芹沢あさひ\（修学旅行みたいだ）.csv,58,2017006020220,あさひ,ふーん、それじゃつまんないっすけどね,只拿拿看的话好无聊哦,芹沢あさひ,【空と青とアイツ】芹沢あさひ,（修学旅行みたいだ）
芹沢あさひ\【空と青とアイツ】芹沢あさひ\（修学旅行みたいだ）.csv,59,2017006020221,あさひ,──あっ、光るボールもあるっすよ！？,──啊，这里还有会发光的球诶！？,芹沢あさひ,【空と青とアイツ】芹沢あさひ,（修学旅行みたいだ）
芹沢あさひ\【空と青とアイツ】芹沢あさひ\（修学旅行みたいだ）.csv,63,2017006020230,あさひ,"ええっ？
忘れないっすよ！","诶诶？
才不会忘啦！",芹沢あさひ,【空と青とアイツ】芹沢あさひ,（修学旅行みたいだ）
芹沢あさひ\【空と青とアイツ】芹沢あさひ\（修学旅行みたいだ）.csv,65,2017006020240,あさひ,"傘立ては関係ないっす
これは特別なバットなんっすよ！","和伞架没有关系啦！
这是特殊的棒球棒哦！",芹沢あさひ,【空と青とアイツ】芹沢あさひ,（修学旅行みたいだ）
芹沢あさひ\【空と青とアイツ】芹沢あさひ\（修学旅行みたいだ）.csv,66,2017006020250,あさひ,"お店の人が言ってたっす！
これは特別なバットだから、大事にしてくれって──","店里的人说了！
这是特殊的棒球棒，一定要好好珍惜",芹沢あさひ,【空と青とアイツ】芹沢あさひ,（修学旅行みたいだ）
芹沢あさひ\【空と青とアイツ】芹沢あさひ\（修学旅行みたいだ）.csv,68,2017006020260,あさひ,"きっと、持ってたらなんか
すっごいことが起こるっすよ！",要是握着它，一定有很厉害的事情会发生！,芹沢あさひ,【空と青とアイツ】芹沢あさひ,（修学旅行みたいだ）
芹沢あさひ\【空と青とアイツ】芹沢あさひ\（修学旅行みたいだ）.csv,71,2017006020270,あさひ,"……っ！
はいっす！","……！
嗯！",芹沢あさひ,【空と青とアイツ】芹沢あさひ,（修学旅行みたいだ）
芹沢あさひ\【空と青とアイツ】芹沢あさひ\（合掌。いただきます）.csv,4,2017006040010,あさひ,"おおっ
プロデューサーさん、コロッケっすか！","哦哦
制作人，是可乐饼吗！",芹沢あさひ,【空と青とアイツ】芹沢あさひ,（合掌。いただきます）
芹沢あさひ\【空と青とアイツ】芹沢あさひ\（合掌。いただきます）.csv,6,2017006040020,あさひ,"お疲れ様っす！
いいな～コロッケ！","你也辛苦了！
可乐饼～真好啊！",芹沢あさひ,【空と青とアイツ】芹沢あさひ,（合掌。いただきます）
芹沢あさひ\【空と青とアイツ】芹沢あさひ\（合掌。いただきます）.csv,8,2017006040030,あさひ,食べないんすか？,不吃吗？,芹沢あさひ,【空と青とアイツ】芹沢あさひ,（合掌。いただきます）
芹沢あさひ\【空と青とアイツ】芹沢あさひ\（合掌。いただきます）.csv,10,2017006040040,あさひ,"あー
食べないんなら、欲しいっす！","啊
要是不吃的话，我想要！",芹沢あさひ,【空と青とアイツ】芹沢あさひ,（合掌。いただきます）
芹沢あさひ\【空と青とアイツ】芹沢あさひ\（合掌。いただきます）.csv,12,2017006040050,あさひ,"えへへっ
いいものがあるんっすよ！","诶嘿嘿
我有好东西哦！",芹沢あさひ,【空と青とアイツ】芹沢あさひ,（合掌。いただきます）
芹沢あさひ\【空と青とアイツ】芹沢あさひ\（合掌。いただきます）.csv,13,2017006040060,あさひ,"──ん、しょっ
コッペパン、持って帰ってきたっす！","──嗯，咻
我把热狗面包胚带回来了！",芹沢あさひ,【空と青とアイツ】芹沢あさひ,（合掌。いただきます）
芹沢あさひ\【空と青とアイツ】芹沢あさひ\（合掌。いただきます）.csv,15,2017006040070,あさひ,昼はお腹空いてなかったんすよ,中午肚子还不饿啦,芹沢あさひ,【空と青とアイツ】芹沢あさひ,（合掌。いただきます）
芹沢あさひ\【空と青とアイツ】芹沢あさひ\（合掌。いただきます）.csv,16,2017006040080,あさひ,"プロデューサーさん、
これでコロッケサンド作るっす！","制作人，
我要用这个来做可乐饼三明治！",芹沢あさひ,【空と青とアイツ】芹沢あさひ,（合掌。いただきます）
芹沢あさひ\【空と青とアイツ】芹沢あさひ\（合掌。いただきます）.csv,21,2017006040090,あさひ,"ええっ、じゃあ
コロッケメンチカツサンドになるっすね！","诶，那
就变成了可乐饼炸肉饼三明治了呢！",芹沢あさひ,【空と青とアイツ】芹沢あさひ,（合掌。いただきます）
芹沢あさひ\【空と青とアイツ】芹沢あさひ\（合掌。いただきます）.csv,23,2017006040100,あさひ,えっ、プロデューサーさんも食べるっすか,诶，制作人也要吃吗,芹沢あさひ,【空と青とアイツ】芹沢あさひ,（合掌。いただきます）
芹沢あさひ\【空と青とアイツ】芹沢あさひ\（合掌。いただきます）.csv,25,2017006040110,あさひ,"あー
じゃあ半分こっすね","啊
那一人一半",芹沢あさひ,【空と青とアイツ】芹沢あさひ,（合掌。いただきます）
芹沢あさひ\【空と青とアイツ】芹沢あさひ\（合掌。いただきます）.csv,27,2017006040120,あさひ,"いいっすよ
えっと、パンの真ん中を割って────","可以哦
嗯，把面包从中间切开────",芹沢あさひ,【空と青とアイツ】芹沢あさひ,（合掌。いただきます）
芹沢あさひ\【空と青とアイツ】芹沢あさひ\（合掌。いただきます）.csv,30,2017006040130,あさひ,"……！　すっごいやつにするっすか！？
それならソースがいいっす","……！要做成很厉害的东西吗！？
那么我想要酱料",芹沢あさひ,【空と青とアイツ】芹沢あさひ,（合掌。いただきます）
芹沢あさひ\【空と青とアイツ】芹沢あさひ\（合掌。いただきます）.csv,32,2017006040140,あさひ,"ダメっすよ！
キャベツよりタマゴサラダがいいっす！","不行啦！
比起卷心菜还是鸡蛋沙拉更好！",芹沢あさひ,【空と青とアイツ】芹沢あさひ,（合掌。いただきます）
芹沢あさひ\【空と青とアイツ】芹沢あさひ\（合掌。いただきます）.csv,34,2017006040141,あさひ,…………,…………,芹沢あさひ,【空と青とアイツ】芹沢あさひ,（合掌。いただきます）
芹沢あさひ\【空と青とアイツ】芹沢あさひ\（合掌。いただきます）.csv,35,2017006040142,あさひ,────あぁー、ない…………！,────啊，没有…………！,芹沢あさひ,【空と青とアイツ】芹沢あさひ,（合掌。いただきます）
芹沢あさひ\【空と青とアイツ】芹沢あさひ\（合掌。いただきます）.csv,37,2017006040150,あさひ,"……！　はいっす！
タマゴサラダっすね","……！　好哇！
去买鸡蛋沙拉对吧",芹沢あさひ,【空と青とアイツ】芹沢あさひ,（合掌。いただきます）
芹沢あさひ\【空と青とアイツ】芹沢あさひ\（合掌。いただきます）.csv,39,2017006040160,あさひ,"えっ、せっかくなら
もっといい飲み物がいいっすよ！","诶，机会难得
还是选点更好的饮料嘛！",芹沢あさひ,【空と青とアイツ】芹沢あさひ,（合掌。いただきます）
芹沢あさひ\【空と青とアイツ】芹沢あさひ\（合掌。いただきます）.csv,42,2017006040170,あさひ,"あっ、プロデューサーさん
お腹鳴ったっす！","啊，制作人
肚子叫了！",芹沢あさひ,【空と青とアイツ】芹沢あさひ,（合掌。いただきます）
芹沢あさひ\【空と青とアイツ】芹沢あさひ\（合掌。いただきます）.csv,44,2017006040180,あさひ,"牛乳はないけど、
色々あるっすよ","虽然没有牛奶，
但我有很多其它东西哦",芹沢あさひ,【空と青とアイツ】芹沢あさひ,（合掌。いただきます）
芹沢あさひ\【空と青とアイツ】芹沢あさひ\（合掌。いただきます）.csv,45,2017006040190,あさひ,"えっと、ちくわの磯辺揚げと
キャラメルポテトと冷凍みかんと──","嗯，海苔竹轮卷，还有
焦糖土豆和冰冻橘子，还有──",芹沢あさひ,【空と青とアイツ】芹沢あさひ,（合掌。いただきます）
芹沢あさひ\【空と青とアイツ】芹沢あさひ\（合掌。いただきます）.csv,47,2017006040200,あさひ,"食べないなら、
基地に置いてくるっす","要是不吃的话，
我就放到基地里去咯",芹沢あさひ,【空と青とアイツ】芹沢あさひ,（合掌。いただきます）
芹沢あさひ\【空と青とアイツ】芹沢あさひ\（合掌。いただきます）.csv,49,2017006040210,あさひ,ええー,诶,芹沢あさひ,【空と青とアイツ】芹沢あさひ,（合掌。いただきます）
芹沢あさひ\【空と青とアイツ】芹沢あさひ\（合掌。いただきます）.csv,51,2017006040220,あさひ,"まぁ、半分こになるっすけど
いいっすよ","虽然就变成只有一半了
但是可以哦",芹沢あさひ,【空と青とアイツ】芹沢あさひ,（合掌。いただきます）
芹沢あさひ\【空と青とアイツ】芹沢あさひ\（合掌。いただきます）.csv,53,2017006040230,あさひ,"はいっす
それじゃあ、給食っす！","好的
那么，吃饭咯！",芹沢あさひ,【空と青とアイツ】芹沢あさひ,（合掌。いただきます）
芹沢あさひ\【空と青とアイツ】芹沢あさひ\（合掌。いただきます）.csv,55,2017006040240,あさひ,じゃあ、コロッケもらうっすよ,那，可乐饼我就拿走啦,芹沢あさひ,【空と青とアイツ】芹沢あさひ,（合掌。いただきます）
芹沢あさひ\【空と青とアイツ】芹沢あさひ\（合掌。いただきます）.csv,57,2017006040250,あさひ,……？,……？,芹沢あさひ,【空と青とアイツ】芹沢あさひ,（合掌。いただきます）
芹沢あさひ\【空と青とアイツ】芹沢あさひ\（合掌。いただきます）.csv,59,2017006040260,あさひ,え、コッペパンっすか？,诶，热狗面包胚吗？,芹沢あさひ,【空と青とアイツ】芹沢あさひ,（合掌。いただきます）
芹沢あさひ\【空と青とアイツ】芹沢あさひ\（合掌。いただきます）.csv,61,2017006040270,あさひ,"あー、いいっすよ
じゃあパン割るんで──","啊，可以哦
那我来切面包──",芹沢あさひ,【空と青とアイツ】芹沢あさひ,（合掌。いただきます）
芹沢あさひ\【空と青とアイツ】芹沢あさひ\（合掌。いただきます）.csv,62,2017006040280,あさひ,それじゃ、いただきまーす！,那我开动啦！,芹沢あさひ,【空と青とアイツ】芹沢あさひ,（合掌。いただきます）
芹沢あさひ\【空と青とアイツ】芹沢あさひ\（合掌。いただきます）.csv,63,2017006040281,あさひ,むっ……んぐ……,唔……唔……,芹沢あさひ,【空と青とアイツ】芹沢あさひ,（合掌。いただきます）
芹沢あさひ\【空と青とアイツ】芹沢あさひ\（合掌。いただきます）.csv,65,2017006040290,あさひ,"ふあいっす！
んぐ……","好七！
唔……",芹沢あさひ,【空と青とアイツ】芹沢あさひ,（合掌。いただきます）
芹沢あさひ\【空と青とアイツ】芹沢あさひ\（合掌。いただきます）.csv,67,2017006040300,あさひ,むっ……むぐ…………,唔……唔…………,芹沢あさひ,【空と青とアイツ】芹沢あさひ,（合掌。いただきます）
芹沢あさひ\【空と青とアイツ】芹沢あさひ\（合掌。いただきます）.csv,70,2017006040310,あさひ,"──あー！　美味しかったっす！
はい、これどうぞっす","──啊！　太好吃了！
来，请收下",芹沢あさひ,【空と青とアイツ】芹沢あさひ,（合掌。いただきます）
芹沢あさひ\【空と青とアイツ】芹沢あさひ\（合掌。いただきます）.csv,72,2017006040320,あさひ,"忘れないっすよ
プロデューサーさんのひと口、作ったんす！","没有忘啦
我留了一口给制作人哦！",芹沢あさひ,【空と青とアイツ】芹沢あさひ,（合掌。いただきます）
芹沢あさひ\【空と青とアイツ】芹沢あさひ\（基地、なんだろうなぁ）.csv,14,2017006010010,あさひ,"あ、はいっす
色々触ったっす！","啊，是啊
动了不少呢！",芹沢あさひ,【空と青とアイツ】芹沢あさひ,（基地、なんだろうなぁ）
芹沢あさひ\【空と青とアイツ】芹沢あさひ\（基地、なんだろうなぁ）.csv,16,2017006010020,あさひ,"整理じゃないっすけど
あの部屋、借りてるっす！","倒也不是整理
我在借用那个房间呢！",芹沢あさひ,【空と青とアイツ】芹沢あさひ,（基地、なんだろうなぁ）
芹沢あさひ\【空と青とアイツ】芹沢あさひ\（基地、なんだろうなぁ）.csv,18,2017006010030,あさひ,色々置いてるんっすよ,放了不少东西呢,芹沢あさひ,【空と青とアイツ】芹沢あさひ,（基地、なんだろうなぁ）
芹沢あさひ\【空と青とアイツ】芹沢あさひ\（基地、なんだろうなぁ）.csv,19,2017006010040,あさひ,"大事なものも結構あるから、
あんまり触らないでほしいっす","也有不少很重要的东西，
所以希望制作人尽量不要去碰它们",芹沢あさひ,【空と青とアイツ】芹沢あさひ,（基地、なんだろうなぁ）
芹沢あさひ\【空と青とアイツ】芹沢あさひ\（基地、なんだろうなぁ）.csv,21,2017006010050,あさひ,"あっ、でもわたしのいる時だったら案内するっすよ！
これから改造して基地にするっすから！","啊，不过要是我在的时候我带你去参观吧！
接下来要把那里改造成基地呢！",芹沢あさひ,【空と青とアイツ】芹沢あさひ,（基地、なんだろうなぁ）
芹沢あさひ\【空と青とアイツ】芹沢あさひ\（基地、なんだろうなぁ）.csv,22,2017006010060,あさひ,"知ってるっすか！？
海の底には色んな謎が眠ってるんす！","制作人知道吗！？
大海深处埋藏着很多谜团呢！",芹沢あさひ,【空と青とアイツ】芹沢あさひ,（基地、なんだろうなぁ）
芹沢あさひ\【空と青とアイツ】芹沢あさひ\（基地、なんだろうなぁ）.csv,24,2017006010070,あさひ,"そうっす！　謎の遺跡とか、変な生き物の巣とか……！
あそこは、そういう感じにしたいんすよ！","对呀！　谜之遗迹啊，奇怪生物的巢穴啊之类的……！
我想把那里改造成那种感觉！",芹沢あさひ,【空と青とアイツ】芹沢あさひ,（基地、なんだろうなぁ）
芹沢あさひ\【空と青とアイツ】芹沢あさひ\（基地、なんだろうなぁ）.csv,27,2017006010080,あさひ,"ほんとっすか！
いいっすよ！","真的吗！
好啊！",芹沢あさひ,【空と青とアイツ】芹沢あさひ,（基地、なんだろうなぁ）
芹沢あさひ\【空と青とアイツ】芹沢あさひ\（基地、なんだろうなぁ）.csv,29,2017006010090,あさひ,"あははっ、やった～
助手っす助手っす～！","啊哈哈，太好啦～
助手，是助手诶～！",芹沢あさひ,【空と青とアイツ】芹沢あさひ,（基地、なんだろうなぁ）
芹沢あさひ\【空と青とアイツ】芹沢あさひ\（基地、なんだろうなぁ）.csv,30,2017006010100,あさひ,"じゃあ案内するっすよ！
早く早く！　行くっす！","那我这就带你去参观吧！
快点快点！　走吧！",芹沢あさひ,【空と青とアイツ】芹沢あさひ,（基地、なんだろうなぁ）
芹沢あさひ\【空と青とアイツ】芹沢あさひ\（基地、なんだろうなぁ）.csv,34,2017006010110,あさひ,"あっ、プロデューサーさん
そこ、どいてほしいっす","啊，制作人
稍微让一下",芹沢あさひ,【空と青とアイツ】芹沢あさひ,（基地、なんだろうなぁ）
芹沢あさひ\【空と青とアイツ】芹沢あさひ\（基地、なんだろうなぁ）.csv,36,2017006010120,あさひ,……？,……？,芹沢あさひ,【空と青とアイツ】芹沢あさひ,（基地、なんだろうなぁ）
芹沢あさひ\【空と青とアイツ】芹沢あさひ\（基地、なんだろうなぁ）.csv,38,2017006010130,あさひ,"これっすか？　わたしの基地っす
プロデューサーさんも入りたいんすか？","这个吗？　这是我的基地哦
制作人也想进来吗？",芹沢あさひ,【空と青とアイツ】芹沢あさひ,（基地、なんだろうなぁ）
芹沢あさひ\【空と青とアイツ】芹沢あさひ\（基地、なんだろうなぁ）.csv,40,2017006010140,あさひ,"どっちっすか？
忙しいんすから、入るなら早くするっす！","怎样？
我很忙的，要是想进来的话就快进来吧！",芹沢あさひ,【空と青とアイツ】芹沢あさひ,（基地、なんだろうなぁ）
芹沢あさひ\【空と青とアイツ】芹沢あさひ\（基地、なんだろうなぁ）.csv,43,2017006010150,あさひ,"はいっす！
これから色々増やすっすよ！","嗯！
今后会增加各种东西呢！",芹沢あさひ,【空と青とアイツ】芹沢あさひ,（基地、なんだろうなぁ）
芹沢あさひ\【空と青とアイツ】芹沢あさひ\（基地、なんだろうなぁ）.csv,44,2017006010160,あさひ,"今はなんにもなくて真っ暗だけど
この中いると色んなイメージが浮かんでくるんっすよね……","虽然现在这里面什么都没有一片漆黑
但是在这里面就会涌出很多想象呢……",芹沢あさひ,【空と青とアイツ】芹沢あさひ,（基地、なんだろうなぁ）
芹沢あさひ\【空と青とアイツ】芹沢あさひ\（基地、なんだろうなぁ）.csv,45,2017006010170,あさひ,"どんな感じにするか、迷ってるんっすよ！
砂漠とか、謎の島とか、空の上の要塞とか──","我在犹豫该弄成什么样子呢！
是弄成沙漠啊，谜之岛屿啊还是天空上的要塞之类的──",芹沢あさひ,【空と青とアイツ】芹沢あさひ,（基地、なんだろうなぁ）
芹沢あさひ\【空と青とアイツ】芹沢あさひ\（基地、なんだろうなぁ）.csv,46,2017006010180,あさひ,"あー！
どんな基地になるっすかね～！","啊！
该弄成什么样的基地好呢～！",芹沢あさひ,【空と青とアイツ】芹沢あさひ,（基地、なんだろうなぁ）
芹沢あさひ\【空と青とアイツ】芹沢あさひ\（基地、なんだろうなぁ）.csv,50,2017006010190,あさひ,"……？
まぁ、触らないのはいいっすけど","……？
嗯，不碰的话倒无所谓啦",芹沢あさひ,【空と青とアイツ】芹沢あさひ,（基地、なんだろうなぁ）
芹沢あさひ\【空と青とアイツ】芹沢あさひ\（基地、なんだろうなぁ）.csv,57,2017006010200,あさひ,──何してるんすか？,──在干什么呢？,芹沢あさひ,【空と青とアイツ】芹沢あさひ,（基地、なんだろうなぁ）
芹沢あさひ\【空と青とアイツ】芹沢あさひ\（基地、なんだろうなぁ）.csv,59,2017006010210,あさひ,"わっ！　すごいっす！
ぐちゃぐちゃっす！　巣みたいになってるっす！","哇！　好厉害！
乱七八糟的诶！　变得好像巢穴一样！",芹沢あさひ,【空と青とアイツ】芹沢あさひ,（基地、なんだろうなぁ）
芹沢あさひ\【空と青とアイツ】芹沢あさひ\（基地、なんだろうなぁ）.csv,60,2017006010220,あさひ,"こんなふうにしたかったんすよ！
これ、プロデューサーさんがやったんすか！？","我正想做成这个样子呢！
这是制作人弄的吗！？",芹沢あさひ,【空と青とアイツ】芹沢あさひ,（基地、なんだろうなぁ）
芹沢あさひ\【空と青とアイツ】芹沢あさひ\（基地、なんだろうなぁ）.csv,62,2017006010230,あさひ,"ここ、ツバメの巣の真似してるんっす！
色んなものでできた、いい感じの基地にしたいんっすよ！","我打算把这里模仿成燕子的巢穴呢！
由各式各样的东西组成，变成很棒的基地！",芹沢あさひ,【空と青とアイツ】芹沢あさひ,（基地、なんだろうなぁ）
芹沢あさひ\【空と青とアイツ】芹沢あさひ\（基地、なんだろうなぁ）.csv,63,2017006010240,あさひ,"これはだいぶいい感じっす！
すごいっすすごいっす～！","现在感觉就挺不错呢！
厉害，太厉害啦～！",芹沢あさひ,【空と青とアイツ】芹沢あさひ,（基地、なんだろうなぁ）
芹沢あさひ\【空と青とアイツ】芹沢あさひ\（基地、なんだろうなぁ）.csv,65,2017006010250,あさひ,……っ,……,芹沢あさひ,【空と青とアイツ】芹沢あさひ,（基地、なんだろうなぁ）
芹沢あさひ\【空と青とアイツ】芹沢あさひ\（基地、なんだろうなぁ）.csv,69,2017006010260,あさひ,……えー、それじゃつまらなくなるっすよ,……诶～那样就太无聊啦,芹沢あさひ,【空と青とアイツ】芹沢あさひ,（基地、なんだろうなぁ）
芹沢あさひ\【空と青とアイツ】芹沢あさひ\（見えるよ）.csv,2,2017006030010,あさひ,……,……,芹沢あさひ,【空と青とアイツ】芹沢あさひ,（見えるよ）
芹沢あさひ\【空と青とアイツ】芹沢あさひ\（見えるよ）.csv,3,2017006030020,あさひ,…………んー,…………嗯,芹沢あさひ,【空と青とアイツ】芹沢あさひ,（見えるよ）
芹沢あさひ\【空と青とアイツ】芹沢あさひ\（見えるよ）.csv,4,2017006030030,あさひ,ズレた……,歪掉了……,芹沢あさひ,【空と青とアイツ】芹沢あさひ,（見えるよ）
芹沢あさひ\【空と青とアイツ】芹沢あさひ\（見えるよ）.csv,7,2017006030040,あさひ,……──────,……──────,芹沢あさひ,【空と青とアイツ】芹沢あさひ,（見えるよ）
芹沢あさひ\【空と青とアイツ】芹沢あさひ\（見えるよ）.csv,9,2017006030050,あさひ,"────っ
プロデューサーさん……！","────
制作人……！",芹沢あさひ,【空と青とアイツ】芹沢あさひ,（見えるよ）
芹沢あさひ\【空と青とアイツ】芹沢あさひ\（見えるよ）.csv,10,2017006030060,あさひ,"──あっ、あはははっ……！
おっきく写ったっす！　プロデューサーさんの頭っす！","──啊，啊哈哈哈……！
拍到了好大一颗！　制作人的脑袋！",芹沢あさひ,【空と青とアイツ】芹沢あさひ,（見えるよ）
芹沢あさひ\【空と青とアイツ】芹沢あさひ\（見えるよ）.csv,12,2017006030070,あさひ,"あはははっ！　変になったっす！
髪の毛ばっかり！","啊哈哈哈！　变得好奇怪！
全都是头发！",芹沢あさひ,【空と青とアイツ】芹沢あさひ,（見えるよ）
芹沢あさひ\【空と青とアイツ】芹沢あさひ\（見えるよ）.csv,15,2017006030080,あさひ,あぁ、空っす！,啊，是天空！,芹沢あさひ,【空と青とアイツ】芹沢あさひ,（見えるよ）
芹沢あさひ\【空と青とアイツ】芹沢あさひ\（見えるよ）.csv,17,2017006030090,あさひ,"あっちの端までいったから
次はこっちからっす！","一直拍到了那一头
这回从这边拍起！",芹沢あさひ,【空と青とアイツ】芹沢あさひ,（見えるよ）
芹沢あさひ\【空と青とアイツ】芹沢あさひ\（見えるよ）.csv,19,2017006030100,あさひ,"あっ、ちょっとどいてほしいっす！
飛行機が来たっす……！","啊，稍微让一下！
飞机过来了……！",芹沢あさひ,【空と青とアイツ】芹沢あさひ,（見えるよ）
芹沢あさひ\【空と青とアイツ】芹沢あさひ\（見えるよ）.csv,21,2017006030110,あさひ,……──────,……──────,芹沢あさひ,【空と青とアイツ】芹沢あさひ,（見えるよ）
芹沢あさひ\【空と青とアイツ】芹沢あさひ\（見えるよ）.csv,23,2017006030120,あさひ,はいっすー,知道啦──,芹沢あさひ,【空と青とアイツ】芹沢あさひ,（見えるよ）
芹沢あさひ\【空と青とアイツ】芹沢あさひ\（見えるよ）.csv,31,2017006030130,あさひ,よ────,哟────,芹沢あさひ,【空と青とアイツ】芹沢あさひ,（見えるよ）
芹沢あさひ\【空と青とアイツ】芹沢あさひ\（見えるよ）.csv,33,2017006030140,あさひ,"お疲れ様っす
プロデューサーさん","制作人
辛苦啦",芹沢あさひ,【空と青とアイツ】芹沢あさひ,（見えるよ）
芹沢あさひ\【空と青とアイツ】芹沢あさひ\（見えるよ）.csv,34,2017006030150,あさひ,空、またつかまえてきたっすよ！,我又把天空捕捉来了哦！,芹沢あさひ,【空と青とアイツ】芹沢あさひ,（見えるよ）
芹沢あさひ\【空と青とアイツ】芹沢あさひ\（見えるよ）.csv,37,2017006030160,あさひ,……？,……？,芹沢あさひ,【空と青とアイツ】芹沢あさひ,（見えるよ）
芹沢あさひ\【空と青とアイツ】芹沢あさひ\（見えるよ）.csv,41,2017006030170,あさひ,"あー、ちょっと今聞いてる時間ないっす
また飛行機来てるっすから","啊，现在稍微没有时间听这个啦
又有飞机过来了",芹沢あさひ,【空と青とアイツ】芹沢あさひ,（見えるよ）
芹沢あさひ\【空と青とアイツ】芹沢あさひ\（見えるよ）.csv,42,2017006030180,あさひ,後でっす！,等会再说！,芹沢あさひ,【空と青とアイツ】芹沢あさひ,（見えるよ）
芹沢あさひ\【空と青とアイツ】芹沢あさひ\（見つけような）.csv,4,2017006110010,あさひ,そうっす！,对的！,芹沢あさひ,【空と青とアイツ】芹沢あさひ,（見つけような）
芹沢あさひ\【空と青とアイツ】芹沢あさひ\（見つけような）.csv,6,2017006110020,あさひ,"はいっす～
色々変えてるんっすけど、今は謎の無人島になってるっす！","对啊～
虽然变了很多，但现在是谜之无人岛哦！",芹沢あさひ,【空と青とアイツ】芹沢あさひ,（見つけような）
芹沢あさひ\【空と青とアイツ】芹沢あさひ\（見つけような）.csv,9,2017006110030,あさひ,"えっ、缶詰があるから
そんなことしなくても大丈夫っすよ","诶，这里有罐头啊
就算不那么做也没关系哦",芹沢あさひ,【空と青とアイツ】芹沢あさひ,（見つけような）
芹沢あさひ\【空と青とアイツ】芹沢あさひ\（見つけような）.csv,11,2017006110040,あさひ,朝は、まずは望遠鏡で海の監視っすね,早上的话，首先是用望远镜观察海面,芹沢あさひ,【空と青とアイツ】芹沢あさひ,（見つけような）
芹沢あさひ\【空と青とアイツ】芹沢あさひ\（見つけような）.csv,12,2017006110050,あさひ,"すっごい船が来るかもしれないし、
すっごい魚とか鳥とかが来るかもしれないっす！","说不定有很厉害的船会过来，
还有很厉害的鱼和鸟之类的也会过来呢！",芹沢あさひ,【空と青とアイツ】芹沢あさひ,（見つけような）
芹沢あさひ\【空と青とアイツ】芹沢あさひ\（見つけような）.csv,17,2017006110060,あさひ,"えっ
特別なお客さん？","诶
特殊的客人？",芹沢あさひ,【空と青とアイツ】芹沢あさひ,（見つけような）
芹沢あさひ\【空と青とアイツ】芹沢あさひ\（見つけような）.csv,20,2017006110070,あさひ,えーっ、そんな設定はないっす！,诶，没有那种设定啦,芹沢あさひ,【空と青とアイツ】芹沢あさひ,（見つけような）
芹沢あさひ\【空と青とアイツ】芹沢あさひ\（見つけような）.csv,23,2017006110080,あさひ,そんな設定はないっす！,没有那种设定啦！,芹沢あさひ,【空と青とアイツ】芹沢あさひ,（見つけような）
芹沢あさひ\【空と青とアイツ】芹沢あさひ\（見つけような）.csv,26,2017006110090,あさひ,……,……,芹沢あさひ,【空と青とアイツ】芹沢あさひ,（見つけような）
芹沢あさひ\【空と青とアイツ】芹沢あさひ\（見つけような）.csv,31,2017006110100,あさひ,そうっす,没错,芹沢あさひ,【空と青とアイツ】芹沢あさひ,（見つけような）
芹沢あさひ\【空と青とアイツ】芹沢あさひ\（見つけような）.csv,35,2017006110110,あさひ,……,……,芹沢あさひ,【空と青とアイツ】芹沢あさひ,（見つけような）
芹沢あさひ\【空と青とアイツ】芹沢あさひ\（見つけような）.csv,36,2017006110120,あさひ,"ここで基地作ってるの、
ダメって言いたいんすか？",你是想说，不能在这里做基地吗？,芹沢あさひ,【空と青とアイツ】芹沢あさひ,（見つけような）
芹沢あさひ\【空と青とアイツ】芹沢あさひ\（見つけような）.csv,38,2017006110130,あさひ,……────,……────,芹沢あさひ,【空と青とアイツ】芹沢あさひ,（見つけような）
芹沢あさひ\【空と青とアイツ】芹沢あさひ\（見つけような）.csv,43,2017006110140,あさひ,あっ、プロデューサーさん,啊，制作人,芹沢あさひ,【空と青とアイツ】芹沢あさひ,（見つけような）
芹沢あさひ\【空と青とアイツ】芹沢あさひ\（見つけような）.csv,45,2017006110150,あさひ,"基地、解散することにしたっすよ！
わたしの島が見つかるまで","基地，我解散掉了！
直到我找到属于自己的小岛为止",芹沢あさひ,【空と青とアイツ】芹沢あさひ,（見つけような）
芹沢あさひ\【空と青とアイツ】芹沢あさひ\（見つけような）.csv,47,2017006110160,あさひ,"どこにあるっすかねー
誰のものでもない場所","到底会在哪呢
不属于任何人的地方",芹沢あさひ,【空と青とアイツ】芹沢あさひ,（見つけような）
芹沢あさひ\【空と青とアイツ】芹沢あさひ\（見つけような）.csv,48,2017006110170,あさひ,じゃ、探してくるっす────,那，我这就去找啦────,芹沢あさひ,【空と青とアイツ】芹沢あさひ,（見つけような）
芹沢あさひ\【腹が減っては遊びはできぬ】芹沢あさひ\波待ちの水面にて.csv,20,3017003020190,あさひ,……,……,芹沢あさひ,【腹が減っては遊びはできぬ】芹沢あさひ,波待ちの水面にて
芹沢あさひ\【腹が減っては遊びはできぬ】芹沢あさひ\波待ちの水面にて.csv,21,3017003020200,あさひ,おぉ～、大きい波！　だいぶ動いた……！,哦哦～，好大的浪！　飘了好远……！,芹沢あさひ,【腹が減っては遊びはできぬ】芹沢あさひ,波待ちの水面にて
芹沢あさひ\【腹が減っては遊びはできぬ】芹沢あさひ\波待ちの水面にて.csv,23,3017003020220,あさひ,？,？,芹沢あさひ,【腹が減っては遊びはできぬ】芹沢あさひ,波待ちの水面にて
芹沢あさひ\【腹が減っては遊びはできぬ】芹沢あさひ\波待ちの水面にて.csv,24,3017003020230,あさひ,"あ！　愛依ちゃーん！
一緒にこれ、やるっすーーー！","啊！　爱依！
一起来玩这个吧——！",芹沢あさひ,【腹が減っては遊びはできぬ】芹沢あさひ,波待ちの水面にて
芹沢あさひ\【腹が減っては遊びはできぬ】芹沢あさひ\波待ちの水面にて.csv,26,3017003020250,あさひ,やればわかるっすよーーー！,试下就知道了——！,芹沢あさひ,【腹が減っては遊びはできぬ】芹沢あさひ,波待ちの水面にて
芹沢あさひ\【腹が減っては遊びはできぬ】芹沢あさひ\波待ちの水面にて.csv,27,3017003020260,あさひ,だから、こっち来るっすーーーー！,所以，到这边来吧————！,芹沢あさひ,【腹が減っては遊びはできぬ】芹沢あさひ,波待ちの水面にて
芹沢あさひ\【腹が減っては遊びはできぬ】芹沢あさひ\波待ちの水面にて.csv,31,3017003020290,あさひ,"愛依ちゃん、浮き輪の端
つかむっす",爱依，要抓住救生圈的边,芹沢あさひ,【腹が減っては遊びはできぬ】芹沢あさひ,波待ちの水面にて
芹沢あさひ\【腹が減っては遊びはできぬ】芹沢あさひ\波待ちの水面にて.csv,32,3017003020300,あさひ,それでぼーっと上を見るっす,然后抬头往上看,芹沢あさひ,【腹が減っては遊びはできぬ】芹沢あさひ,波待ちの水面にて
芹沢あさひ\【腹が減っては遊びはできぬ】芹沢あさひ\波待ちの水面にて.csv,34,3017003020320,あさひ,"そんなん乾かせばいいっすよ
ほらほら、やってみるっす～！","吹干就行了嘛
好啦好啦，试试看～！",芹沢あさひ,【腹が減っては遊びはできぬ】芹沢あさひ,波待ちの水面にて
芹沢あさひ\【腹が減っては遊びはできぬ】芹沢あさひ\波待ちの水面にて.csv,37,3017003020350,あさひ,最初は天井見てたんすよ！,我一开始是在看天花板！,芹沢あさひ,【腹が減っては遊びはできぬ】芹沢あさひ,波待ちの水面にて
芹沢あさひ\【腹が減っては遊びはできぬ】芹沢あさひ\波待ちの水面にて.csv,38,3017003020360,あさひ,"けど、しばらくしたらゆらゆら
することが楽しくなったっす","但是，过了一会儿就觉得
飘来飘去好有意思",芹沢あさひ,【腹が減っては遊びはできぬ】芹沢あさひ,波待ちの水面にて
芹沢あさひ\【腹が減っては遊びはできぬ】芹沢あさひ\波待ちの水面にて.csv,40,3017003020371,あさひ＆愛依,ふ～,呼～,芹沢あさひ,【腹が減っては遊びはできぬ】芹沢あさひ,波待ちの水面にて
芹沢あさひ\【腹が減っては遊びはできぬ】芹沢あさひ\波待ちの水面にて.csv,41,3017003020372,あさひ＆愛依,……,……,芹沢あさひ,【腹が減っては遊びはできぬ】芹沢あさひ,波待ちの水面にて
芹沢あさひ\【腹が減っては遊びはできぬ】芹沢あさひ\波待ちの水面にて.csv,43,3017003020390,あさひ,──あ！　まだダメっす！,──啊！　还不行！,芹沢あさひ,【腹が減っては遊びはできぬ】芹沢あさひ,波待ちの水面にて
芹沢あさひ\【腹が減っては遊びはできぬ】芹沢あさひ\波待ちの水面にて.csv,45,3017003020410,あさひ,大きい波が楽しいんすよ！,要遇上大浪才好玩！,芹沢あさひ,【腹が減っては遊びはできぬ】芹沢あさひ,波待ちの水面にて
芹沢あさひ\【腹が減っては遊びはできぬ】芹沢あさひ\波待ちの水面にて.csv,46,3017003020420,あさひ,だからもう少し待つっす！,所以再等一会儿！,芹沢あさひ,【腹が減っては遊びはできぬ】芹沢あさひ,波待ちの水面にて
芹沢あさひ\【腹が減っては遊びはできぬ】芹沢あさひ\波待ちの水面にて.csv,48,3017003020440,あさひ,そろそろっすよ～,差不多要来了～,芹沢あさひ,【腹が減っては遊びはできぬ】芹沢あさひ,波待ちの水面にて
芹沢あさひ\【腹が減っては遊びはできぬ】芹沢あさひ\波待ちの水面にて.csv,49,3017003020441,あさひ＆愛依,お～！,喔～！,芹沢あさひ,【腹が減っては遊びはできぬ】芹沢あさひ,波待ちの水面にて
芹沢あさひ\【腹が減っては遊びはできぬ】芹沢あさひ\波待ちの水面にて.csv,50,3017003020450,あさひ,あはは～、やっぱり楽しいっすね～！,啊哈哈～，果然好好玩～！,芹沢あさひ,【腹が減っては遊びはできぬ】芹沢あさひ,波待ちの水面にて
芹沢あさひ\【腹が減っては遊びはできぬ】芹沢あさひ\波待ちの水面にて.csv,52,3017003020470,あさひ,もう一回波が来るの、待つっすよ！,还有一次浪要来，再等等！,芹沢あさひ,【腹が減っては遊びはできぬ】芹沢あさひ,波待ちの水面にて
芹沢あさひ\【腹が減っては遊びはできぬ】芹沢あさひ\波待ちの水面にて.csv,54,3017003020490,あさひ,まだまだやるっすよ～,还要再玩～,芹沢あさひ,【腹が減っては遊びはできぬ】芹沢あさひ,波待ちの水面にて
芹沢あさひ\【腹が減っては遊びはできぬ】芹沢あさひ\波待ちの水面にて.csv,59,3017003020540,あさひ,おぉ～、美味しい～！,喔～，真好吃～！,芹沢あさひ,【腹が減っては遊びはできぬ】芹沢あさひ,波待ちの水面にて
芹沢あさひ\【腹が減っては遊びはできぬ】芹沢あさひ\波待ちの水面にて.csv,60,3017003020550,あさひ,"ただの焼きそばなのに
なんでこんなに美味しいんすかね～──","明明就是普通的炒面
为什么会这么好吃呢～──",芹沢あさひ,【腹が減っては遊びはできぬ】芹沢あさひ,波待ちの水面にて
芹沢あさひ\【腹が減っては遊びはできぬ】芹沢あさひ\波待ちの水面にて.csv,61,3017003020560,あさひ,──わっ！,──哇！,芹沢あさひ,【腹が減っては遊びはできぬ】芹沢あさひ,波待ちの水面にて
芹沢あさひ\【腹が減っては遊びはできぬ】芹沢あさひ\波待ちの水面にて.csv,64,3017003020590,あさひ,お！　冬優子ちゃんのたこ焼き、美味しそっすね！,喔！　冬优子的章鱼烧，好像很好吃！,芹沢あさひ,【腹が減っては遊びはできぬ】芹沢あさひ,波待ちの水面にて
芹沢あさひ\【腹が減っては遊びはできぬ】芹沢あさひ\波待ちの水面にて.csv,66,3017003020610,あさひ,そっちも食べたいっす！,那个我也想吃！,芹沢あさひ,【腹が減っては遊びはできぬ】芹沢あさひ,波待ちの水面にて
芹沢あさひ\【腹が減っては遊びはできぬ】芹沢あさひ\波待ちの水面にて.csv,68,3017003020630,あさひ,……。おぉ、美味しいっす！,……喔，好吃！,芹沢あさひ,【腹が減っては遊びはできぬ】芹沢あさひ,波待ちの水面にて
芹沢あさひ\【腹が減っては遊びはできぬ】芹沢あさひ\面白さのみで選ぶは…….csv,2,3017003010010,あさひ,"ねぇねぇ、愛依ちゃんはこの水着
どう思うっすか？","喂喂，爱依你觉得这件泳衣
看起来怎么样？",芹沢あさひ,【腹が減っては遊びはできぬ】芹沢あさひ,面白さのみで選ぶは……
芹沢あさひ\【腹が減っては遊びはできぬ】芹沢あさひ\面白さのみで選ぶは…….csv,5,3017003010030,あさひ,あー！　ちゃんと聞いてないっす！,啊！　你没在听吧！,芹沢あさひ,【腹が減っては遊びはできぬ】芹沢あさひ,面白さのみで選ぶは……
芹沢あさひ\【腹が減っては遊びはできぬ】芹沢あさひ\面白さのみで選ぶは…….csv,24,3017003010220,あさひ,──おぉ……こんな水着もあるんだ……,喔哦……还有这种泳装啊……,芹沢あさひ,【腹が減っては遊びはできぬ】芹沢あさひ,面白さのみで選ぶは……
芹沢あさひ\【腹が減っては遊びはできぬ】芹沢あさひ\面白さのみで選ぶは…….csv,26,3017003010240,あさひ,これっすよこれ！,这个这个！,芹沢あさひ,【腹が減っては遊びはできぬ】芹沢あさひ,面白さのみで選ぶは……
芹沢あさひ\【腹が減っては遊びはできぬ】芹沢あさひ\面白さのみで選ぶは…….csv,27,3017003010250,あさひ,ほとんど紐っす！,几乎都是绳子！,芹沢あさひ,【腹が減っては遊びはできぬ】芹沢あさひ,面白さのみで選ぶは……
芹沢あさひ\【腹が減っては遊びはできぬ】芹沢あさひ\面白さのみで選ぶは…….csv,28,3017003010260,あさひ,"どうなってるのか知りたいっす！
近くで売ってないっすかね～……","我好想知道这是怎么样的！
不知道附近有没有卖呢～……",芹沢あさひ,【腹が減っては遊びはできぬ】芹沢あさひ,面白さのみで選ぶは……
芹沢あさひ\【腹が減っては遊びはできぬ】芹沢あさひ\面白さのみで選ぶは…….csv,30,3017003010280,あさひ,"なんでっすか！
こんなに面白そうなのに！","为什么！
明明看起来这么有趣！",芹沢あさひ,【腹が減っては遊びはできぬ】芹沢あさひ,面白さのみで選ぶは……
芹沢あさひ\【腹が減っては遊びはできぬ】芹沢あさひ\面白さのみで選ぶは…….csv,33,3017003010310,あさひ,……うーん……,……唔……,芹沢あさひ,【腹が減っては遊びはできぬ】芹沢あさひ,面白さのみで選ぶは……
芹沢あさひ\【腹が減っては遊びはできぬ】芹沢あさひ\面白さのみで選ぶは…….csv,34,3017003010320,あさひ,普通すぎてつまんないっす！,太普通了没意思！,芹沢あさひ,【腹が減っては遊びはできぬ】芹沢あさひ,面白さのみで選ぶは……
芹沢あさひ\【腹が減っては遊びはできぬ】芹沢あさひ\面白さのみで選ぶは…….csv,40,3017003010370,あさひ,む～,哼～,芹沢あさひ,【腹が減っては遊びはできぬ】芹沢あさひ,面白さのみで選ぶは……
芹沢あさひ\【腹が減っては遊びはできぬ】芹沢あさひ\面白さのみで選ぶは…….csv,45,3017003010420,あさひ,"──ダメじゃないっすか！
それならやっぱりわたしの──","──这不是不行吗！
这样的话果然还是买我选的──",芹沢あさひ,【腹が減っては遊びはできぬ】芹沢あさひ,面白さのみで選ぶは……
芹沢あさひ\【腹が減っては遊びはできぬ】芹沢あさひ\面白さのみで選ぶは…….csv,47,3017003010440,あさひ,えぇ～、冬優子ちゃんまで～！,什么～连冬优子也这么说～！,芹沢あさひ,【腹が減っては遊びはできぬ】芹沢あさひ,面白さのみで選ぶは……
芹沢あさひ\【腹が減っては遊びはできぬ】芹沢あさひ\面白さのみで選ぶは…….csv,48,3017003010450,あさひ,……,……,芹沢あさひ,【腹が減っては遊びはできぬ】芹沢あさひ,面白さのみで選ぶは……
芹沢あさひ\【腹が減っては遊びはできぬ】芹沢あさひ\面白さのみで選ぶは…….csv,49,3017003010460,あさひ,決めた！,决定了！,芹沢あさひ,【腹が減っては遊びはできぬ】芹沢あさひ,面白さのみで選ぶは……
芹沢あさひ\【腹が減っては遊びはできぬ】芹沢あさひ\面白さのみで選ぶは…….csv,51,3017003010480,あさひ,実物、買ってきてふたりに見せるっすよ！,我去把实物买来给你们俩看！,芹沢あさひ,【腹が減っては遊びはできぬ】芹沢あさひ,面白さのみで選ぶは……
芹沢あさひ\【花火の夜に……】芹沢あさひ\？？？.csv,3,3017007010011,あさひ＆冬優子,？,,芹沢あさひ,【花火の夜に……】芹沢あさひ,？？？
芹沢あさひ\【花火の夜に……】芹沢あさひ\？？？.csv,5,3017007010021,あさひ＆冬優子,……？,,芹沢あさひ,【花火の夜に……】芹沢あさひ,？？？
芹沢あさひ\【花火の夜に……】芹沢あさひ\？？？.csv,17,3017007010140,あさひ,行くっす！,我要去！,芹沢あさひ,【花火の夜に……】芹沢あさひ,？？？
芹沢あさひ\【花火の夜に……】芹沢あさひ\？？？.csv,19,3017007010160,あさひ,"まだ探検しきれてないんすよね！
愛依ちゃんの家",爱依的家还没探索完呢！,芹沢あさひ,【花火の夜に……】芹沢あさひ,？？？
芹沢あさひ\【花火の夜に……】芹沢あさひ\？？？.csv,20,3017007010170,あさひ,今度は庭の蔵みたいなとこ入るっす！,这次就去院子里那个像仓库一样的地方！,芹沢あさひ,【花火の夜に……】芹沢あさひ,？？？
芹沢あさひ\【花火の夜に……】芹沢あさひ\？？？.csv,22,3017007010190,あさひ,何かいるんすか！,有东西在里面吗！,芹沢あさひ,【花火の夜に……】芹沢あさひ,？？？
芹沢あさひ\【花火の夜に……】芹沢あさひ\？？？.csv,23,3017007010200,あさひ,なら、捕まえる道具がいるっすね……,那么就需要抓捕工具了呢……,芹沢あさひ,【花火の夜に……】芹沢あさひ,？？？
芹沢あさひ\【花火の夜に……】芹沢あさひ\？？？.csv,24,3017007010210,あさひ,"どんな仕掛けがいいかな……
大きいのだと……","用什么机关好呢……
大点的话……",芹沢あさひ,【花火の夜に……】芹沢あさひ,？？？
芹沢あさひ\【花火の夜に……】芹沢あさひ\？？？.csv,36,3017007010330,あさひ,"──冬優子ちゃん！　見てほしいっす！
仕掛け、考えたっすよ！","──冬优子！看一下！
我想好了个机关！",芹沢あさひ,【花火の夜に……】芹沢あさひ,？？？
芹沢あさひ\【花火の夜に……】芹沢あさひ\？？？.csv,38,3017007010350,あさひ,絶対大物捕まえるっすよ～！,绝对要抓个大家伙～！,芹沢あさひ,【花火の夜に……】芹沢あさひ,？？？
芹沢あさひ\【花火の夜に……】芹沢あさひ\？？？.csv,41,3017007010380,あさひ,"？　
何をっすか？","？
帮什么？",芹沢あさひ,【花火の夜に……】芹沢あさひ,？？？
芹沢あさひ\【花火の夜に……】芹沢あさひ\？？？.csv,46,3017007010430,あさひ,……,,芹沢あさひ,【花火の夜に……】芹沢あさひ,？？？
芹沢あさひ\【花火の夜に……】芹沢あさひ\？？？.csv,47,3017007010440,あさひ,言ってることはわかったっす,你说的我知道了,芹沢あさひ,【花火の夜に……】芹沢あさひ,？？？
芹沢あさひ\【花火の夜に……】芹沢あさひ\？？？.csv,49,3017007010460,あさひ,──けど、わからないっすね,──但是，我不明白,芹沢あさひ,【花火の夜に……】芹沢あさひ,？？？
芹沢あさひ\【花火の夜に……】芹沢あさひ\？？？.csv,51,3017007010480,あさひ,だからってわたし、何をするんすか？,所以我该做什么呢？,芹沢あさひ,【花火の夜に……】芹沢あさひ,？？？
芹沢あさひ\【花火の夜に……】芹沢あさひ\？？？.csv,52,3017007010490,あさひ,冬優子ちゃんは冬優子ちゃんっすよね,冬优子就是冬优子吧,芹沢あさひ,【花火の夜に……】芹沢あさひ,？？？
芹沢あさひ\【花火の夜に……】芹沢あさひ\？？？.csv,56,3017007010530,あさひ,うーん……,嗯……,芹沢あさひ,【花火の夜に……】芹沢あさひ,？？？
芹沢あさひ\【花火の夜に……】芹沢あさひ\？？？.csv,60,3017007010570,あさひ,どうしてっすか？,为什么？,芹沢あさひ,【花火の夜に……】芹沢あさひ,？？？
芹沢あさひ\【花火の夜に……】芹沢あさひ\？？？.csv,64,3017007010610,あさひ,……,,芹沢あさひ,【花火の夜に……】芹沢あさひ,？？？
芹沢あさひ\【花火の夜に……】芹沢あさひ\？？？.csv,65,3017007010620,あさひ,"まぁいいっす
じゃ、そうするっす","好吧
那就这么办",芹沢あさひ,【花火の夜に……】芹沢あさひ,？？？
芹沢あさひ\【花火の夜に……】芹沢あさひ\？？？？.csv,3,3017007020010,あさひ,……,,芹沢あさひ,【花火の夜に……】芹沢あさひ,？？？？
芹沢あさひ\【花火の夜に……】芹沢あさひ\？？？？.csv,5,3017007020020,あさひ,……,,芹沢あさひ,【花火の夜に……】芹沢あさひ,？？？？
芹沢あさひ\【花火の夜に……】芹沢あさひ\？？？？.csv,7,3017007020030,あさひ,そろそろ最長記録……,差不多要到最长纪录……,芹沢あさひ,【花火の夜に……】芹沢あさひ,？？？？
芹沢あさひ\【花火の夜に……】芹沢あさひ\？？？？.csv,21,3017007020120,あさひ,"……
美味しいっすね～","……
好吃～",芹沢あさひ,【花火の夜に……】芹沢あさひ,？？？？
芹沢あさひ\【花火の夜に……】芹沢あさひ\？？？？.csv,23,3017007020130,あさひ,愛依ちゃん、まだあるって言ってたよ,爱依说了还有,芹沢あさひ,【花火の夜に……】芹沢あさひ,？？？？
芹沢あさひ\【花火の夜に……】芹沢あさひ\？？？？.csv,29,3017007020150,あさひ,"愛依ちゃーん！　スイカもっと食べたいっす～！
どこにあるっすか～","爱依！我还想吃西瓜～！
哪里有～",芹沢あさひ,【花火の夜に……】芹沢あさひ,？？？？
芹沢あさひ\【花火の夜に……】芹沢あさひ\？？？？.csv,31,3017007020160,あさひ,ありがとう～！,谢谢～！,芹沢あさひ,【花火の夜に……】芹沢あさひ,？？？？
芹沢あさひ\【花火の夜に……】芹沢あさひ\？？？？.csv,36,3017007020190,あさひ,やったー！,太好了！,芹沢あさひ,【花火の夜に……】芹沢あさひ,？？？？
芹沢あさひ\【花火の夜に……】芹沢あさひ\？？？？.csv,38,3017007020200,あさひ,ううん！　それはいい！,不！那就不用了！,芹沢あさひ,【花火の夜に……】芹沢あさひ,？？？？
芹沢あさひ\【花火の夜に……】芹沢あさひ\？？？？.csv,40,3017007020210,あさひ,"冬優子ちゃんいるんでしょ？
だからだめ！","冬优子在那里吧？
所以不行！",芹沢あさひ,【花火の夜に……】芹沢あさひ,？？？？
芹沢あさひ\【花火の夜に……】芹沢あさひ\？？？？.csv,42,3017007020220,あさひ,ううん,不是的,芹沢あさひ,【花火の夜に……】芹沢あさひ,？？？？
芹沢あさひ\【花火の夜に……】芹沢あさひ\？？？？.csv,44,3017007020230,あさひ,今日はそういう日なんだ,今天就是这种日子,芹沢あさひ,【花火の夜に……】芹沢あさひ,？？？？
芹沢あさひ\【花火の夜に……】芹沢あさひ\？？？？.csv,46,3017007020240,あさひ,冬優子ちゃんとわたしが話したらダメな日！,冬优子不能和我说话的日子！,芹沢あさひ,【花火の夜に……】芹沢あさひ,？？？？
芹沢あさひ\【花火の夜に……】芹沢あさひ\？？？？.csv,48,3017007020250,あさひ,わかんない！,不知道！,芹沢あさひ,【花火の夜に……】芹沢あさひ,？？？？
芹沢あさひ\【花火の夜に……】芹沢あさひ\？？？？.csv,49,3017007020260,あさひ,でも、きっと理由があるよ！,但是，一定是有理由的！,芹沢あさひ,【花火の夜に……】芹沢あさひ,？？？？
芹沢あさひ\【花火の夜に……】芹沢あさひ\？？？？.csv,50,3017007020270,あさひ,冬優子ちゃん、意味のないことはしないから！,因为冬优子不会做没有意义的事！,芹沢あさひ,【花火の夜に……】芹沢あさひ,？？？？
芹沢あさひ\【花火の夜に……】芹沢あさひ\？？？？.csv,68,3017007020380,あさひ,あー、楽しかったっすね～,啊，真开心啊～,芹沢あさひ,【花火の夜に……】芹沢あさひ,？？？？
芹沢あさひ\【花火の夜に……】芹沢あさひ\？？？？.csv,70,3017007020400,あさひ,ん？　どうしたんすか？,嗯？怎么了吗？,芹沢あさひ,【花火の夜に……】芹沢あさひ,？？？？
芹沢あさひ\【花火の夜に……】芹沢あさひ\？？？？.csv,72,3017007020420,あさひ,？　なんのことっすか？,？说的是什么？,芹沢あさひ,【花火の夜に……】芹沢あさひ,？？？？
芹沢あさひ\【路地裏のRhyme】芹沢あさひ\1韻踏 (3.30) (1).csv,2,3017017010010,あさひ,"『ストリート系』って
なんなんすかね","“街头风”
到底是什么样的呢",芹沢あさひ,【路地裏のRhyme】芹沢あさひ,1韻踏 (3.30) (1)
芹沢あさひ\【路地裏のRhyme】芹沢あさひ\1韻踏 (3.30) (1).csv,4,3017017010030,あさひ,──……,,芹沢あさひ,【路地裏のRhyme】芹沢あさひ,1韻踏 (3.30) (1)
芹沢あさひ\【路地裏のRhyme】芹沢あさひ\1韻踏 (3.30) (1).csv,6,3017017010050,あさひ,そうなんすね,这样啊,芹沢あさひ,【路地裏のRhyme】芹沢あさひ,1韻踏 (3.30) (1)
芹沢あさひ\【路地裏のRhyme】芹沢あさひ\1韻踏 (3.30) (1).csv,13,3017017010120,あさひ,『など』,“等等”,芹沢あさひ,【路地裏のRhyme】芹沢あさひ,1韻踏 (3.30) (1)
芹沢あさひ\【路地裏のRhyme】芹沢あさひ\1韻踏 (3.30) (1).csv,21,3017017010200,あさひ,"そういう場所で踊れば
ストリート系ってことになるっすか","在那种地方跳着舞
就是街头风吗",芹沢あさひ,【路地裏のRhyme】芹沢あさひ,1韻踏 (3.30) (1)
芹沢あさひ\【路地裏のRhyme】芹沢あさひ\1韻踏 (3.30) (1).csv,24,3017017010230,あさひ,"あ！
それなら見たことあるっす！","啊！
那样的话我有见过！",芹沢あさひ,【路地裏のRhyme】芹沢あさひ,1韻踏 (3.30) (1)
芹沢あさひ\【路地裏のRhyme】芹沢あさひ\1韻踏 (3.30) (1).csv,25,3017017010240,あさひ,あれが『ストリート系』なんすね,那就是“街头风”吗,芹沢あさひ,【路地裏のRhyme】芹沢あさひ,1韻踏 (3.30) (1)
芹沢あさひ\【路地裏のRhyme】芹沢あさひ\1韻踏 (3.30) (1).csv,28,3017017010270,あさひ,"そっすか？
やりたいならやればいいと思うっす！","是这样嘛？
想做的话就去做呗！",芹沢あさひ,【路地裏のRhyme】芹沢あさひ,1韻踏 (3.30) (1)
芹沢あさひ\【路地裏のRhyme】芹沢あさひ\1韻踏 (3.30) (1).csv,30,3017017010290,あさひ,"怖い……はないっす
でもあれ、痛そうっすよね","可怕……不觉得吧
不过，那看起来还挺疼的",芹沢あさひ,【路地裏のRhyme】芹沢あさひ,1韻踏 (3.30) (1)
芹沢あさひ\【路地裏のRhyme】芹沢あさひ\1韻踏 (3.30) (1).csv,33,3017017010320,あさひ,ラップ……,rap……,芹沢あさひ,【路地裏のRhyme】芹沢あさひ,1韻踏 (3.30) (1)
芹沢あさひ\【路地裏のRhyme】芹沢あさひ\1韻踏 (3.30) (1).csv,36,3017017010350,あさひ,なるほど……？,原来如此……？,芹沢あさひ,【路地裏のRhyme】芹沢あさひ,1韻踏 (3.30) (1)
芹沢あさひ\【路地裏のRhyme】芹沢あさひ\1韻踏 (3.30) (1).csv,37,3017017010360,あさひ,"『あさひ』……
『わたし』……とかっすか？","“朝日”……
“我”……这样？",芹沢あさひ,【路地裏のRhyme】芹沢あさひ,1韻踏 (3.30) (1)
芹沢あさひ\【路地裏のRhyme】芹沢あさひ\1韻踏 (3.30) (1).csv,39,3017017010380,あさひ,おー,哦ー,芹沢あさひ,【路地裏のRhyme】芹沢あさひ,1韻踏 (3.30) (1)
芹沢あさひ\【路地裏のRhyme】芹沢あさひ\1韻踏 (3.30) (1).csv,45,3017017010440,あさひ,わたしも考えてみたいっす！,我也想几句！,芹沢あさひ,【路地裏のRhyme】芹沢あさひ,1韻踏 (3.30) (1)
芹沢あさひ\【路地裏のRhyme】芹沢あさひ\1韻踏 (3.30) (1).csv,47,3017017010460,あさひ,はいっす！,好！,芹沢あさひ,【路地裏のRhyme】芹沢あさひ,1韻踏 (3.30) (1)
芹沢あさひ\【路地裏のRhyme】芹沢あさひ\1韻踏 (3.30) (1).csv,52,3017017010510,あさひ,"うーん……
『樹里』、『じゅり』…………","嗯……
“树里”，“朱里”…………",芹沢あさひ,【路地裏のRhyme】芹沢あさひ,1韻踏 (3.30) (1)
芹沢あさひ\【路地裏のRhyme】芹沢あさひ\1韻踏 (3.30) (1).csv,53,3017017010520,あさひ,"『わたしは樹里
苗字は西城』","“我名树里
姓西城”",芹沢あさひ,【路地裏のRhyme】芹沢あさひ,1韻踏 (3.30) (1)
芹沢あさひ\【路地裏のRhyme】芹沢あさひ\1韻踏 (3.30) (1).csv,54,3017017010530,あさひ,"『みんなと一緒に湧かせる会場
そしたらテンション、超最高』","“领众一起嗨全程
嗨得心神超级焚”",芹沢あさひ,【路地裏のRhyme】芹沢あさひ,1韻踏 (3.30) (1)
芹沢あさひ\【路地裏のRhyme】芹沢あさひ\1韻踏 (3.30) (1).csv,56,3017017010540,あさひ,あははっ、面白かったっす,啊哈哈，好有趣啊,芹沢あさひ,【路地裏のRhyme】芹沢あさひ,1韻踏 (3.30) (1)
芹沢あさひ\【路地裏のRhyme】芹沢あさひ\1韻踏 (3.30) (1).csv,57,3017017010550,あさひ,"みんなにアイディア
もらいながらっすけど","只是从大家那里
得到的灵感而已",芹沢あさひ,【路地裏のRhyme】芹沢あさひ,1韻踏 (3.30) (1)
芹沢あさひ\【路地裏のRhyme】芹沢あさひ\1韻踏 (3.30) (1).csv,60,3017017010580,あさひ,"いっすね！
すごいの作るっす！","好啊！
感觉会造出超厉害的歌词！",芹沢あさひ,【路地裏のRhyme】芹沢あさひ,1韻踏 (3.30) (1)
芹沢あさひ\【路地裏のRhyme】芹沢あさひ\2高塔 (3.30).csv,3,3017017020001,めぐる＆樹里＆あさひ,お疲れ様でした！,辛苦了！,芹沢あさひ,【路地裏のRhyme】芹沢あさひ,2高塔 (3.30)
芹沢あさひ\【路地裏のRhyme】芹沢あさひ\2高塔 (3.30).csv,4,3017017020010,あさひ,……,,芹沢あさひ,【路地裏のRhyme】芹沢あさひ,2高塔 (3.30)
芹沢あさひ\【路地裏のRhyme】芹沢あさひ\2高塔 (3.30).csv,12,3017017020090,あさひ,"わたしはいっす
行きたいとこあるっすよ","我就不了
有个地方想去看看",芹沢あさひ,【路地裏のRhyme】芹沢あさひ,2高塔 (3.30)
芹沢あさひ\【路地裏のRhyme】芹沢あさひ\2高塔 (3.30).csv,14,3017017020110,あさひ,"うーん
高いとこっす","嗯
很高的地方",芹沢あさひ,【路地裏のRhyme】芹沢あさひ,2高塔 (3.30)
芹沢あさひ\【路地裏のRhyme】芹沢あさひ\2高塔 (3.30).csv,17,3017017020140,あさひ,"丘……ううん
もっともっと高いとこがいいっす！","山丘……不
是比山丘还要更高的地方！",芹沢あさひ,【路地裏のRhyme】芹沢あさひ,2高塔 (3.30)
芹沢あさひ\【路地裏のRhyme】芹沢あさひ\2高塔 (3.30).csv,19,3017017020160,あさひ,"おお……！
いいかもしれないっす！","哦哦……！
好像还挺不错的！",芹沢あさひ,【路地裏のRhyme】芹沢あさひ,2高塔 (3.30)
芹沢あさひ\【路地裏のRhyme】芹沢あさひ\2高塔 (3.30).csv,20,3017017020170,あさひ,そこにするっす～！,那就去那吧～！,芹沢あさひ,【路地裏のRhyme】芹沢あさひ,2高塔 (3.30)
芹沢あさひ\【路地裏のRhyme】芹沢あさひ\2高塔 (3.30).csv,22,3017017020190,あさひ,"そっすね。でもいいこと教えてもらったんで
タワーに行ってみるっす！","是啊。不过你告诉我了个好地方
所以我要去登塔了！",芹沢あさひ,【路地裏のRhyme】芹沢あさひ,2高塔 (3.30)
芹沢あさひ\【路地裏のRhyme】芹沢あさひ\2高塔 (3.30).csv,23,3017017020200,あさひ,それじゃ！,再见！,芹沢あさひ,【路地裏のRhyme】芹沢あさひ,2高塔 (3.30)
芹沢あさひ\【路地裏のRhyme】芹沢あさひ\2高塔 (3.30).csv,24,3017017020210,あさひ,"……ん
その前にお腹空いたっす","……唔
但现在肚子饿了",芹沢あさひ,【路地裏のRhyme】芹沢あさひ,2高塔 (3.30)
芹沢あさひ\【路地裏のRhyme】芹沢あさひ\2高塔 (3.30).csv,29,3017017020250,あさひ,はいっす,好的,芹沢あさひ,【路地裏のRhyme】芹沢あさひ,2高塔 (3.30)
芹沢あさひ\【路地裏のRhyme】芹沢あさひ\2高塔 (3.30).csv,30,3017017020260,あさひ,"おー！
すっごく高いっすねー！","哦ー！
好高的地方啊ー！",芹沢あさひ,【路地裏のRhyme】芹沢あさひ,2高塔 (3.30)
芹沢あさひ\【路地裏のRhyme】芹沢あさひ\2高塔 (3.30).csv,35,3017017020310,あさひ,……んー……,……嗯……,芹沢あさひ,【路地裏のRhyme】芹沢あさひ,2高塔 (3.30)
芹沢あさひ\【路地裏のRhyme】芹沢あさひ\2高塔 (3.30).csv,36,3017017020320,あさひ,"……！
あ、なんか面白そうなのあるっす！","……！
啊，好像有什么好玩的东西！",芹沢あさひ,【路地裏のRhyme】芹沢あさひ,2高塔 (3.30)
芹沢あさひ\【路地裏のRhyme】芹沢あさひ\2高塔 (3.30).csv,38,3017017020340,あさひ,"ふたりともー！
ここ、すごいっすよー！","你们俩也来吧——！
这地方，好厉害啊——！",芹沢あさひ,【路地裏のRhyme】芹沢あさひ,2高塔 (3.30)
芹沢あさひ\【路地裏のRhyme】芹沢あさひ\2高塔 (3.30).csv,40,3017017020350,あさひ,床がガラスになってるっす！,地板是玻璃做的！,芹沢あさひ,【路地裏のRhyme】芹沢あさひ,2高塔 (3.30)
芹沢あさひ\【路地裏のRhyme】芹沢あさひ\2高塔 (3.30).csv,44,3017017020390,あさひ,本当だ、びくともしないっす,还真是，纹丝不动,芹沢あさひ,【路地裏のRhyme】芹沢あさひ,2高塔 (3.30)
芹沢あさひ\【路地裏のRhyme】芹沢あさひ\2高塔 (3.30).csv,49,3017017020440,あさひ,あ、あれ……,啊，那个……,芹沢あさひ,【路地裏のRhyme】芹沢あさひ,2高塔 (3.30)
芹沢あさひ\【路地裏のRhyme】芹沢あさひ\2高塔 (3.30).csv,52,3017017020470,あさひ,"…………
ふんふん…………","…………
嗯姆嗯姆…………",芹沢あさひ,【路地裏のRhyme】芹沢あさひ,2高塔 (3.30)
芹沢あさひ\【路地裏のRhyme】芹沢あさひ\2高塔 (3.30).csv,54,3017017020490,あさひ,"……思いっきり手を広げた後……
一気に回って……","……舒展双臂之后……
再一口气转身过去……",芹沢あさひ,【路地裏のRhyme】芹沢あさひ,2高塔 (3.30)
芹沢あさひ\【路地裏のRhyme】芹沢あさひ\2高塔 (3.30).csv,56,3017017020510,あさひ,……よっ……ほっ……,……哟……哈……,芹沢あさひ,【路地裏のRhyme】芹沢あさひ,2高塔 (3.30)
芹沢あさひ\【路地裏のRhyme】芹沢あさひ\2高塔 (3.30).csv,58,3017017020520,あさひ,"……とっ……
……しょっ……","……咚……
……咻……",芹沢あさひ,【路地裏のRhyme】芹沢あさひ,2高塔 (3.30)
芹沢あさひ\【路地裏のRhyme】芹沢あさひ\2高塔 (3.30).csv,59,3017017020530,あさひ,それっ！,就是这样！,芹沢あさひ,【路地裏のRhyme】芹沢あさひ,2高塔 (3.30)
芹沢あさひ\【路地裏のRhyme】芹沢あさひ\2高塔 (3.30).csv,60,3017017020540,あさひ,心は、今自由か？,心灵，现在是自由的吗？,芹沢あさひ,【路地裏のRhyme】芹沢あさひ,2高塔 (3.30)
芹沢あさひ\【路地裏のRhyme】芹沢あさひ\2高塔 (3.30).csv,61,3017017020550,あさひ,何物にも縛られていないか？,没有受到任何束缚吗？,芹沢あさひ,【路地裏のRhyme】芹沢あさひ,2高塔 (3.30)
芹沢あさひ\【路地裏のRhyme】芹沢あさひ\2高塔 (3.30).csv,66,3017017020600,あさひ,"身にまとうものは
自分を表せるものだけ","身上的一切
只为展现自己",芹沢あさひ,【路地裏のRhyme】芹沢あさひ,2高塔 (3.30)
芹沢あさひ\【路地裏のRhyme】芹沢あさひ\2高塔 (3.30).csv,69,3017017020621,めぐる＆樹里＆あさひ,ストリートを愛するすべての人へ,致所有爱着街头的人们,芹沢あさひ,【路地裏のRhyme】芹沢あさひ,2高塔 (3.30)
芹沢あさひ\【路地裏のRhyme】芹沢あさひ\2高塔 (3.30).csv,70,3017017020622,めぐる＆樹里＆あさひ,"心を解放するブランド
『フリーダム・ロード』","解放心灵的品牌
“自由之路”",芹沢あさひ,【路地裏のRhyme】芹沢あさひ,2高塔 (3.30)
芹沢あさひ\【黄葉の冠】芹沢あさひ\わ、どうぞ！.csv,2,2017010020010,あさひ,うわぁ～～～,哇～～～,芹沢あさひ,【黄葉の冠】芹沢あさひ,わ、どうぞ！
芹沢あさひ\【黄葉の冠】芹沢あさひ\わ、どうぞ！.csv,5,2017010020020,あさひ,"すごいっす～！
あっ、あっち、落葉の山あるっすよ！","好厉害～！
啊，那边有个落叶堆的小山包哦！",芹沢あさひ,【黄葉の冠】芹沢あさひ,わ、どうぞ！
芹沢あさひ\【黄葉の冠】芹沢あさひ\わ、どうぞ！.csv,7,2017010020030,あさひ,はいっす～,好的～,芹沢あさひ,【黄葉の冠】芹沢あさひ,わ、どうぞ！
芹沢あさひ\【黄葉の冠】芹沢あさひ\わ、どうぞ！.csv,8,2017010020040,あさひ,…………,,芹沢あさひ,【黄葉の冠】芹沢あさひ,わ、どうぞ！
芹沢あさひ\【黄葉の冠】芹沢あさひ\わ、どうぞ！.csv,10,2017010020050,あさひ,──……,,芹沢あさひ,【黄葉の冠】芹沢あさひ,わ、どうぞ！
芹沢あさひ\【黄葉の冠】芹沢あさひ\わ、どうぞ！.csv,12,2017010020060,あさひ,"そっすね
でももっといっぱい欲しいっすねー","是啊
但还想再收集一些ー",芹沢あさひ,【黄葉の冠】芹沢あさひ,わ、どうぞ！
芹沢あさひ\【黄葉の冠】芹沢あさひ\わ、どうぞ！.csv,14,2017010020070,あさひ,"そっちは、
破けたり穴が開いてたりするやつっす","那边的，
都是些破了洞开了口的叶子",芹沢あさひ,【黄葉の冠】芹沢あさひ,わ、どうぞ！
芹沢あさひ\【黄葉の冠】芹沢あさひ\わ、どうぞ！.csv,16,2017010020080,あさひ,…………,,芹沢あさひ,【黄葉の冠】芹沢あさひ,わ、どうぞ！
芹沢あさひ\【黄葉の冠】芹沢あさひ\わ、どうぞ！.csv,18,2017010020090,あさひ,んー……,嗯ー……,芹沢あさひ,【黄葉の冠】芹沢あさひ,わ、どうぞ！
芹沢あさひ\【黄葉の冠】芹沢あさひ\わ、どうぞ！.csv,29,2017010020100,あさひ,しー…………,嘘ー…………,芹沢あさひ,【黄葉の冠】芹沢あさひ,わ、どうぞ！
芹沢あさひ\【黄葉の冠】芹沢あさひ\わ、どうぞ！.csv,31,2017010020110,あさひ,……わっか！,……圆环！,芹沢あさひ,【黄葉の冠】芹沢あさひ,わ、どうぞ！
芹沢あさひ\【黄葉の冠】芹沢あさひ\わ、どうぞ！.csv,33,2017010020120,あさひ,気持ちよさそうっす～,看起来好舒服～,芹沢あさひ,【黄葉の冠】芹沢あさひ,わ、どうぞ！
芹沢あさひ\【黄葉の冠】芹沢あさひ\わ、どうぞ！.csv,35,2017010020130,あさひ,いいなー……,真好啊ー……,芹沢あさひ,【黄葉の冠】芹沢あさひ,わ、どうぞ！
芹沢あさひ\【黄葉の冠】芹沢あさひ\わ、どうぞ！.csv,36,2017010020140,あさひ,──あ、起きちゃったっす,──啊，醒了,芹沢あさひ,【黄葉の冠】芹沢あさひ,わ、どうぞ！
芹沢あさひ\【黄葉の冠】芹沢あさひ\わ、どうぞ！.csv,38,2017010020150,あさひ,──逃げないっすね,──它不跑诶,芹沢あさひ,【黄葉の冠】芹沢あさひ,わ、どうぞ！
芹沢あさひ\【黄葉の冠】芹沢あさひ\わ、どうぞ！.csv,41,2017010020160,あさひ,"あははっ
そっすね！","啊哈哈
是啊！",芹沢あさひ,【黄葉の冠】芹沢あさひ,わ、どうぞ！
芹沢あさひ\【黄葉の冠】芹沢あさひ\わ、どうぞ！.csv,42,2017010020170,あさひ,"わっか、もっといっぱい作るっす
猫いっぱい、呼ぶっす！","我要做好多圆环
招来一堆猫！",芹沢あさひ,【黄葉の冠】芹沢あさひ,わ、どうぞ！
芹沢あさひ\【黄葉の冠】芹沢あさひ\わ、どうぞ！.csv,44,2017010020180,あさひ,"あっ、そっす
そっちもあったっすね……","啊，对了
那边也有啊……",芹沢あさひ,【黄葉の冠】芹沢あさひ,わ、どうぞ！
芹沢あさひ\【黄葉の冠】芹沢あさひ\わ、どうぞ！.csv,45,2017010020190,あさひ,忙しいっすね～！,真忙啊～！,芹沢あさひ,【黄葉の冠】芹沢あさひ,わ、どうぞ！
芹沢あさひ\【黄葉の冠】芹沢あさひ\わっか、みつけた！.csv,2,2017010010010,あさひ,…………,,芹沢あさひ,【黄葉の冠】芹沢あさひ,わっか、みつけた！
芹沢あさひ\【黄葉の冠】芹沢あさひ\わっか、みつけた！.csv,4,2017010010020,あさひ,ぐーん……,我抓……,芹沢あさひ,【黄葉の冠】芹沢あさひ,わっか、みつけた！
芹沢あさひ\【黄葉の冠】芹沢あさひ\わっか、みつけた！.csv,6,2017010010030,あさひ,つり革で伸びるの、気持ちいっす～,用吊环伸展，真舒服～,芹沢あさひ,【黄葉の冠】芹沢あさひ,わっか、みつけた！
芹沢あさひ\【黄葉の冠】芹沢あさひ\わっか、みつけた！.csv,8,2017010010040,あさひ,"大丈夫っす
わっか、楽しいっす","没事
吊环很有趣",芹沢あさひ,【黄葉の冠】芹沢あさひ,わっか、みつけた！
芹沢あさひ\【黄葉の冠】芹沢あさひ\わっか、みつけた！.csv,9,2017010010050,あさひ,両手持ち！,两只手抓！,芹沢あさひ,【黄葉の冠】芹沢あさひ,わっか、みつけた！
芹沢あさひ\【黄葉の冠】芹沢あさひ\わっか、みつけた！.csv,11,2017010010060,あさひ,このまま、ぐるって回ったりとか──,接下来翻个跟头的话──,芹沢あさひ,【黄葉の冠】芹沢あさひ,わっか、みつけた！
芹沢あさひ\【黄葉の冠】芹沢あさひ\わっか、みつけた！.csv,13,2017010010070,あさひ,えー、やりたかったのに～,诶──、明明想试试的～,芹沢あさひ,【黄葉の冠】芹沢あさひ,わっか、みつけた！
芹沢あさひ\【黄葉の冠】芹沢あさひ\わっか、みつけた！.csv,14,2017010010080,あさひ,伸びならいっすか？,光伸展可以吗？,芹沢あさひ,【黄葉の冠】芹沢あさひ,わっか、みつけた！
芹沢あさひ\【黄葉の冠】芹沢あさひ\わっか、みつけた！.csv,16,2017010010090,あさひ,"あっ！
わっかっす！","啊！
是圆环！",芹沢あさひ,【黄葉の冠】芹沢あさひ,わっか、みつけた！
芹沢あさひ\【黄葉の冠】芹沢あさひ\わっか、みつけた！.csv,19,2017010010100,あさひ,"このおっきなわっか、なんすか？
みんな並んでるっす！","这个超大的环是什么呢？
大家都在排队！",芹沢あさひ,【黄葉の冠】芹沢あさひ,わっか、みつけた！
芹沢あさひ\【黄葉の冠】芹沢あさひ\わっか、みつけた！.csv,22,2017010010110,あさひ,"へー、面白そうっすね！
やるっす！","诶──真有趣啊！
试试看！",芹沢あさひ,【黄葉の冠】芹沢あさひ,わっか、みつけた！
芹沢あさひ\【黄葉の冠】芹沢あさひ\わっか、みつけた！.csv,23,2017010010120,あさひ,プロデューサーさんも並ぶっす,制作人也来排队吧,芹沢あさひ,【黄葉の冠】芹沢あさひ,わっか、みつけた！
芹沢あさひ\【黄葉の冠】芹沢あさひ\わっか、みつけた！.csv,25,2017010010130,あさひ,"──みんな、なんか
ぐるぐる回ってるっすね","──大家，好像都
在转圈呢",芹沢あさひ,【黄葉の冠】芹沢あさひ,わっか、みつけた！
芹沢あさひ\【黄葉の冠】芹沢あさひ\わっか、みつけた！.csv,27,2017010010140,あさひ,プロデューサーさん、順番来たっすよ～,制作人，轮到我们了哦～,芹沢あさひ,【黄葉の冠】芹沢あさひ,わっか、みつけた！
芹沢あさひ\【黄葉の冠】芹沢あさひ\わっか、みつけた！.csv,29,2017010010150,あさひ,…………おお～,…………哦哦～,芹沢あさひ,【黄葉の冠】芹沢あさひ,わっか、みつけた！
芹沢あさひ\【黄葉の冠】芹沢あさひ\わっか、みつけた！.csv,30,2017010010160,あさひ,へー……そうやるんすね！,诶ー……是这样做的啊！,芹沢あさひ,【黄葉の冠】芹沢あさひ,わっか、みつけた！
芹沢あさひ\【黄葉の冠】芹沢あさひ\わっか、みつけた！.csv,32,2017010010170,あさひ,はいっす！,好的！,芹沢あさひ,【黄葉の冠】芹沢あさひ,わっか、みつけた！
芹沢あさひ\【黄葉の冠】芹沢あさひ\わっか、みつけた！.csv,33,2017010010180,あさひ,あはは～,啊哈哈～,芹沢あさひ,【黄葉の冠】芹沢あさひ,わっか、みつけた！
芹沢あさひ\【黄葉の冠】芹沢あさひ\わっか、みつけた！.csv,36,2017010010190,あさひ,そういえばそっすね,这样一想真是呢,芹沢あさひ,【黄葉の冠】芹沢あさひ,わっか、みつけた！
芹沢あさひ\【黄葉の冠】芹沢あさひ\わっか、みつけた！.csv,43,2017010010200,あさひ,あははっ、そっすね～,啊哈哈，是啊～,芹沢あさひ,【黄葉の冠】芹沢あさひ,わっか、みつけた！
芹沢あさひ\【黄葉の冠】芹沢あさひ\わっか、みつけた！.csv,44,2017010010210,あさひ,わっかって、面白いっす,圆环，真有趣,芹沢あさひ,【黄葉の冠】芹沢あさひ,わっか、みつけた！
芹沢あさひ\【黄葉の冠】芹沢あさひ\わっか、みつけた！.csv,46,2017010010220,あさひ,わっせ、わっせ……！,我跑我跑……！,芹沢あさひ,【黄葉の冠】芹沢あさひ,わっか、みつけた！
芹沢あさひ\【黄葉の冠】芹沢あさひ\わっか、みつけた！.csv,48,2017010010230,あさひ,"──プロデューサーさんをぐるーってして、
わっか作ったっすよ！","绕着制作人跑圈
也是圆环哦！",芹沢あさひ,【黄葉の冠】芹沢あさひ,わっか、みつけた！
芹沢あさひ\【黄葉の冠】芹沢あさひ\わっか、みつけた！.csv,51,2017010010240,あさひ,そっすか？,是吗？,芹沢あさひ,【黄葉の冠】芹沢あさひ,わっか、みつけた！
芹沢あさひ\【黄葉の冠】芹沢あさひ\わっか、みつけた！.csv,53,2017010010250,あさひ,ふむ……,嗯……,芹沢あさひ,【黄葉の冠】芹沢あさひ,わっか、みつけた！
芹沢あさひ\【黄葉の冠】芹沢あさひ\わっか、みつけた！.csv,54,2017010010260,あさひ,"じゃあ、色んなところに
いっぱいわっかがあればいっすね！","那么，要是各个地方
都有好多圆环就好了！",芹沢あさひ,【黄葉の冠】芹沢あさひ,わっか、みつけた！
芹沢あさひ\【黄葉の冠】芹沢あさひ\わっか、みつけた！.csv,57,2017010010270,あさひ,あははっ,啊哈哈,芹沢あさひ,【黄葉の冠】芹沢あさひ,わっか、みつけた！
芹沢あさひ\【黄葉の冠】芹沢あさひ\わっか、みつけた！.csv,58,2017010010280,あさひ,そっすか？,是吗？,芹沢あさひ,【黄葉の冠】芹沢あさひ,わっか、みつけた！
芹沢あさひ\【黄葉の冠】芹沢あさひ\わっか、みつけた！.csv,61,2017010010290,あさひ,"なるほど～
遊びはどんなのがあるっすか？","原来如此～
那玩具呢？",芹沢あさひ,【黄葉の冠】芹沢あさひ,わっか、みつけた！
芹沢あさひ\【黄葉の冠】芹沢あさひ\わっか、みつけた！.csv,63,2017010010300,あさひ,"ケンケンパ！
聞いたことあるっす","跳房子！
好像听说过",芹沢あさひ,【黄葉の冠】芹沢あさひ,わっか、みつけた！
芹沢あさひ\【黄葉の冠】芹沢あさひ\わっか、みつけた！.csv,64,2017010010310,あさひ,けど、やったことないっすよ,但是，我没玩过,芹沢あさひ,【黄葉の冠】芹沢あさひ,わっか、みつけた！
芹沢あさひ\【黄葉の冠】芹沢あさひ\わっか、みつけた！.csv,66,2017010010320,あさひ,やってみたいっす、プロデューサーさん,我想试试看，制作人,芹沢あさひ,【黄葉の冠】芹沢あさひ,わっか、みつけた！
芹沢あさひ\【黄葉の冠】芹沢あさひ\わっか、みつけた！.csv,68,2017010010330,あさひ,やったっす！,太好了！,芹沢あさひ,【黄葉の冠】芹沢あさひ,わっか、みつけた！
芹沢あさひ\【黄葉の冠】芹沢あさひ\わっか、みつけた！.csv,71,2017010010340,あさひ,はいっす～,好的～,芹沢あさひ,【黄葉の冠】芹沢あさひ,わっか、みつけた！
芹沢あさひ\【黄葉の冠】芹沢あさひ\森のスタンプ.csv,3,2017010110010,あさひ,"そっす！
面白そうっす！","是的！
看起来很有趣！",芹沢あさひ,【黄葉の冠】芹沢あさひ,森のスタンプ
芹沢あさひ\【黄葉の冠】芹沢あさひ\森のスタンプ.csv,5,2017010110020,あさひ,プロデューサーさん、早く行くっす～！,制作人，快点出发吧～！,芹沢あさひ,【黄葉の冠】芹沢あさひ,森のスタンプ
芹沢あさひ\【黄葉の冠】芹沢あさひ\森のスタンプ.csv,7,2017010110030,あさひ,"『白鳥のダンス』～
あの看板っす！","“天鹅之舞”～
是那个告示牌！",芹沢あさひ,【黄葉の冠】芹沢あさひ,森のスタンプ
芹沢あさひ\【黄葉の冠】芹沢あさひ\森のスタンプ.csv,8,2017010110040,あさひ,えいっ！,嘿！,芹沢あさひ,【黄葉の冠】芹沢あさひ,森のスタンプ
芹沢あさひ\【黄葉の冠】芹沢あさひ\森のスタンプ.csv,9,2017010110050,あさひ,あ、スタンプ逆さまになっちゃったっす,啊，邮戳被我盖反了,芹沢あさひ,【黄葉の冠】芹沢あさひ,森のスタンプ
芹沢あさひ\【黄葉の冠】芹沢あさひ\森のスタンプ.csv,11,2017010110060,あさひ,『カメのかくれんぼ』っす～,是“乌龟捉迷藏”～,芹沢あさひ,【黄葉の冠】芹沢あさひ,森のスタンプ
芹沢あさひ\【黄葉の冠】芹沢あさひ\森のスタンプ.csv,12,2017010110070,あさひ,えいっ！,嘿！,芹沢あさひ,【黄葉の冠】芹沢あさひ,森のスタンプ
芹沢あさひ\【黄葉の冠】芹沢あさひ\森のスタンプ.csv,13,2017010110080,あさひ,"──あははっ、今度は綺麗に押せたっす！
カメ、ほんとにいるっすかね！？","──啊哈哈，这回盖得很漂亮！
水里，真的有乌龟吗！？",芹沢あさひ,【黄葉の冠】芹沢あさひ,森のスタンプ
芹沢あさひ\【黄葉の冠】芹沢あさひ\森のスタンプ.csv,15,2017010110090,あさひ,"えーっ
かくれんぼは終わりにしてほしいっすー","诶ー
那还是别捉迷藏了ー",芹沢あさひ,【黄葉の冠】芹沢あさひ,森のスタンプ
芹沢あさひ\【黄葉の冠】芹沢あさひ\森のスタンプ.csv,17,2017010110100,あさひ,"わー……すごいっすね、ここ
色、変わったっす","哇ー……真厉害啊，这里
颜色，都变了",芹沢あさひ,【黄葉の冠】芹沢あさひ,森のスタンプ
芹沢あさひ\【黄葉の冠】芹沢あさひ\森のスタンプ.csv,20,2017010110110,あさひ,……どこっすかね『オオタカのみはり場』,……“鹰之观景台”在哪里呢,芹沢あさひ,【黄葉の冠】芹沢あさひ,森のスタンプ
芹沢あさひ\【黄葉の冠】芹沢あさひ\森のスタンプ.csv,22,2017010110120,あさひ,"ん……？
あれは──……","嗯……？
那是──……",芹沢あさひ,【黄葉の冠】芹沢あさひ,森のスタンプ
芹沢あさひ\【黄葉の冠】芹沢あさひ\森のスタンプ.csv,23,2017010110130,あさひ,"なんかあるっす！
面白そう……！　ほら、プロデューサーさん！","那边好像有什么！
看起来很有趣……！　快来，制作人！",芹沢あさひ,【黄葉の冠】芹沢あさひ,森のスタンプ
芹沢あさひ\【黄葉の冠】芹沢あさひ\森のスタンプ.csv,25,2017010110140,あさひ,"うんていっす！
──よっと！","有云梯！
──嘿！",芹沢あさひ,【黄葉の冠】芹沢あさひ,森のスタンプ
芹沢あさひ\【黄葉の冠】芹沢あさひ\森のスタンプ.csv,26,2017010110150,あさひ,ほっ、ほっ、ほっ,哼，哼，哼,芹沢あさひ,【黄葉の冠】芹沢あさひ,森のスタンプ
芹沢あさひ\【黄葉の冠】芹沢あさひ\森のスタンプ.csv,27,2017010110160,あさひ,────っと！,────嘿！,芹沢あさひ,【黄葉の冠】芹沢あさひ,森のスタンプ
芹沢あさひ\【黄葉の冠】芹沢あさひ\森のスタンプ.csv,29,2017010110170,あさひ,うーん……,唔……,芹沢あさひ,【黄葉の冠】芹沢あさひ,森のスタンプ
芹沢あさひ\【黄葉の冠】芹沢あさひ\森のスタンプ.csv,30,2017010110180,あさひ,うんしょっ……,嘿咻……,芹沢あさひ,【黄葉の冠】芹沢あさひ,森のスタンプ
芹沢あさひ\【黄葉の冠】芹沢あさひ\森のスタンプ.csv,31,2017010110190,あさひ,おお～、よく見えるっすよ！,哦哦～，看得很清楚哦！,芹沢あさひ,【黄葉の冠】芹沢あさひ,森のスタンプ
芹沢あさひ\【黄葉の冠】芹沢あさひ\森のスタンプ.csv,33,2017010110200,あさひ,えー、そっすか？,诶ー，是吗？,芹沢あさひ,【黄葉の冠】芹沢あさひ,森のスタンプ
芹沢あさひ\【黄葉の冠】芹沢あさひ\森のスタンプ.csv,34,2017010110210,あさひ,わ……！,哇……！,芹沢あさひ,【黄葉の冠】芹沢あさひ,森のスタンプ
芹沢あさひ\【黄葉の冠】芹沢あさひ\森のスタンプ.csv,35,2017010110220,あさひ,"プロデューサーさん……！
葉っぱが降ってくるっす！",制作人……！叶子飘下来了！,芹沢あさひ,【黄葉の冠】芹沢あさひ,森のスタンプ
芹沢あさひ\【黄葉の冠】芹沢あさひ\森のスタンプ.csv,38,2017010110230,あさひ,この上からだと、もっと紅葉が近くなるっす！,从这个上面看的话，能离红叶更进一步呢！,芹沢あさひ,【黄葉の冠】芹沢あさひ,森のスタンプ
芹沢あさひ\【黄葉の冠】芹沢あさひ\森のスタンプ.csv,39,2017010110240,あさひ,プロデューサーさんもここ、上がるといっすよ,制作人也，爬上来吧。,芹沢あさひ,【黄葉の冠】芹沢あさひ,森のスタンプ
芹沢あさひ\【黄葉の冠】芹沢あさひ\森のスタンプ.csv,41,2017010110250,あさひ,もったいないっすね～,真可惜啊～,芹沢あさひ,【黄葉の冠】芹沢あさひ,森のスタンプ
芹沢あさひ\【黄葉の冠】芹沢あさひ\森のスタンプ.csv,42,2017010110260,あさひ,"──あっ、あれ、
スタンプラリーのポイントじゃないっすかね","──啊，那个，
是不是集邮戳的盖章点啊",芹沢あさひ,【黄葉の冠】芹沢あさひ,森のスタンプ
芹沢あさひ\【黄葉の冠】芹沢あさひ\森のスタンプ.csv,45,2017010110270,あさひ,"あははっ
登ってよかったっす！","啊哈哈，
爬上来太好了！",芹沢あさひ,【黄葉の冠】芹沢あさひ,森のスタンプ
芹沢あさひ\【黄葉の冠】芹沢あさひ\森のスタンプ.csv,47,2017010110280,あさひ,わかったっす,明白了,芹沢あさひ,【黄葉の冠】芹沢あさひ,森のスタンプ
芹沢あさひ\【黄葉の冠】芹沢あさひ\森のスタンプ.csv,49,2017010110290,あさひ,もっと遊びたいっすよ～,我还想再玩玩嘛～,芹沢あさひ,【黄葉の冠】芹沢あさひ,森のスタンプ
芹沢あさひ\【黄葉の冠】芹沢あさひ\森のスタンプ.csv,51,2017010110300,あさひ,はいっす～,好的～,芹沢あさひ,【黄葉の冠】芹沢あさひ,森のスタンプ
芹沢あさひ\ファン感謝祭編\やがて、海の広さを知る者よ.csv,2,1017002020010,あさひ,お疲れさまーっす！,辛苦了！,芹沢あさひ,ファン感謝祭編,やがて、海の広さを知る者よ
芹沢あさひ\ファン感謝祭編\やがて、海の広さを知る者よ.csv,4,1017002020020,あさひ,あ、プロデューサーさん！,啊，制作人！,芹沢あさひ,ファン感謝祭編,やがて、海の広さを知る者よ
芹沢あさひ\ファン感謝祭編\やがて、海の広さを知る者よ.csv,5,1017002020030,あさひ,"すっごく楽しかったっす！
今度のイベント、会場に合わせてダンスアレンジがあって……","十分开心！
这次的活动，有配合会场所准备的舞蹈配置……",芹沢あさひ,ファン感謝祭編,やがて、海の広さを知る者よ
芹沢あさひ\ファン感謝祭編\やがて、海の広さを知る者よ.csv,6,1017002020040,あさひ,"まだ全員で合わせてないんで、
どうなるか……ワクワクっす！","还没进行全员配合
不知道最后会怎样……太让人期待了！",芹沢あさひ,ファン感謝祭編,やがて、海の広さを知る者よ
芹沢あさひ\ファン感謝祭編\やがて、海の広さを知る者よ.csv,8,1017002020050,あさひ,──……,,芹沢あさひ,ファン感謝祭編,やがて、海の広さを知る者よ
芹沢あさひ\ファン感謝祭編\やがて、海の広さを知る者よ.csv,9,1017002020060,あさひ,"プロデューサーさん、
わたしと少し踊ってくれないっすか？","制作人，
能和我一起跳下舞吗？",芹沢あさひ,ファン感謝祭編,やがて、海の広さを知る者よ
芹沢あさひ\ファン感謝祭編\やがて、海の広さを知る者よ.csv,11,1017002020070,あさひ,"でも、わたしたちのステップ、少しは覚えてるっすよね？
ちょっとだけっすから～！","但是，我们的舞步，一点点的话还是有记住的吧？
只是稍微跳一下而已～！",芹沢あさひ,ファン感謝祭編,やがて、海の広さを知る者よ
芹沢あさひ\ファン感謝祭編\やがて、海の広さを知る者よ.csv,13,1017002020080,あさひ,はいっす！,好的！,芹沢あさひ,ファン感謝祭編,やがて、海の広さを知る者よ
芹沢あさひ\ファン感謝祭編\やがて、海の広さを知る者よ.csv,16,1017002020090,あさひ,…………,,芹沢あさひ,ファン感謝祭編,やがて、海の広さを知る者よ
芹沢あさひ\ファン感謝祭編\やがて、海の広さを知る者よ.csv,18,1017002020100,あさひ,うーん……,嗯……,芹沢あさひ,ファン感謝祭編,やがて、海の広さを知る者よ
芹沢あさひ\ファン感謝祭編\やがて、海の広さを知る者よ.csv,19,1017002020110,あさひ,やっぱり下手っすね,果然跳得很烂。,芹沢あさひ,ファン感謝祭編,やがて、海の広さを知る者よ
芹沢あさひ\ファン感謝祭編\やがて、海の広さを知る者よ.csv,21,1017002020120,あさひ,……プロデューサーさんとなら、って思ったんすけど……,……还以为制作人的话……,芹沢あさひ,ファン感謝祭編,やがて、海の広さを知る者よ
芹沢あさひ\ファン感謝祭編\やがて、海の広さを知る者よ.csv,22,1017002020130,あさひ,ふー……,呼——……,芹沢あさひ,ファン感謝祭編,やがて、海の広さを知る者よ
芹沢あさひ\ファン感謝祭編\やがて、海の広さを知る者よ.csv,23,1017002020140,あさひ,"やっぱりプロデューサーさんには、
見ててもらうほうがいいっす","果然制作人的话，
还是看着比较好。",芹沢あさひ,ファン感謝祭編,やがて、海の広さを知る者よ
芹沢あさひ\ファン感謝祭編\やがて、海の広さを知る者よ.csv,24,1017002020150,あさひ,一緒に踊るのは、やっぱり……,一起跳舞的话，果然还是……,芹沢あさひ,ファン感謝祭編,やがて、海の広さを知る者よ
芹沢あさひ\ファン感謝祭編\やがて、海の広さを知る者よ.csv,26,1017002020160,あさひ,"……プロデューサーさん！
もう少しだけ自主練しててもいいっすか？","……制作人！
再多做会自主练习可以吗？",芹沢あさひ,ファン感謝祭編,やがて、海の広さを知る者よ
芹沢あさひ\ファン感謝祭編\やがて、海の広さを知る者よ.csv,28,1017002020170,あさひ,"そういうわけじゃないっすけど……
でも、もっと練習したいっす！","不是这样子……
但是，还想要多练习！",芹沢あさひ,ファン感謝祭編,やがて、海の広さを知る者よ
芹沢あさひ\ファン感謝祭編\やがて、海の広さを知る者よ.csv,29,1017002020180,あさひ,"だって、次のレッスンは
冬優子ちゃんと愛依ちゃんとやるっすから！","因为，接下来的练习，
要跟冬优子和爱依一起！",芹沢あさひ,ファン感謝祭編,やがて、海の広さを知る者よ
芹沢あさひ\ファン感謝祭編\やがて、海の広さを知る者よ.csv,30,1017002020190,あさひ,"──絶対ふたりに負けないように、
もっと練習しときたいっす！","——为了绝对不输给她们两人，
想要多练习一阵子！",芹沢あさひ,ファン感謝祭編,やがて、海の広さを知る者よ
芹沢あさひ\ファン感謝祭編\やがて、海の広さを知る者よ.csv,33,1017002020200,あさひ,──はいっす！,——好的！,芹沢あさひ,ファン感謝祭編,やがて、海の広さを知る者よ
芹沢あさひ\ファン感謝祭編\やがて、海の広さを知る者よ.csv,34,1017002020210,あさひ,わたし、思いっきり踊るんで……,我会尽情地跳舞……,芹沢あさひ,ファン感謝祭編,やがて、海の広さを知る者よ
芹沢あさひ\ファン感謝祭編\やがて、海の広さを知る者よ.csv,35,1017002020220,あさひ,"プロデューサーさんはわたしのこと、
わたしの代わりに見ててください！",制作人的话能替我盯着我！,芹沢あさひ,ファン感謝祭編,やがて、海の広さを知る者よ
芹沢あさひ\ファン感謝祭編\やがて、海の広さを知る者よ.csv,36,1017002020230,あさひ,"ずっと
ずーっとっすよ！","以后，
一——直——！",芹沢あさひ,ファン感謝祭編,やがて、海の広さを知る者よ
芹沢あさひ\ファン感謝祭編\リハーサル前.csv,2,6017002010010,あさひ,～～♪,,芹沢あさひ,ファン感謝祭編,リハーサル前
芹沢あさひ\ファン感謝祭編\リハーサル前.csv,4,6017002010020,あさひ,"これからステージなんすよ！？
楽しみで楽しみで仕方ないっす！　待ちきれないっす！","接下来就要上台表演了哦！？
期待得期待得快忍不住了！ 都快等不及了！",芹沢あさひ,ファン感謝祭編,リハーサル前
芹沢あさひ\ファン感謝祭編\リハーサル前.csv,6,6017002010030,あさひ,"もちろんっす！
本番とおんなじように、完璧にやってみせるっすよ！","那当然！
一定做得和正式演出一样完美给你看！",芹沢あさひ,ファン感謝祭編,リハーサル前
芹沢あさひ\ファン感謝祭編\リハーサル前.csv,8,6017002010040,あさひ,"はいっす！
じゃあ、行ってくるっすよ、プロデューサーさん！","好的！
那我出发了，制作人！",芹沢あさひ,ファン感謝祭編,リハーサル前
芹沢あさひ\ファン感謝祭編\リハーサル後.csv,3,6017002020010,あさひ,"……プロデューサーさん
ステージ、どうだったっすか？","……制作人，
刚才得表演，你觉得怎么样？",芹沢あさひ,ファン感謝祭編,リハーサル後
芹沢あさひ\ファン感謝祭編\リハーサル後.csv,5,6017002020020,あさひ,……わたしは完璧にできたって、思うっす,……我觉得很完美了。,芹沢あさひ,ファン感謝祭編,リハーサル後
芹沢あさひ\ファン感謝祭編\リハーサル後.csv,8,6017002020030,あさひ,──……,,芹沢あさひ,ファン感謝祭編,リハーサル後
芹沢あさひ\ファン感謝祭編\リハーサル後.csv,9,6017002020040,あさひ,本番のために頑張って──,为了正式演出而加油——,芹沢あさひ,ファン感謝祭編,リハーサル後
芹沢あさひ\ファン感謝祭編\リハーサル後.csv,10,6017002020050,あさひ,──トップアイドルに、なれたとして──……,——这样做的话，就能成为顶级偶像吗——……,芹沢あさひ,ファン感謝祭編,リハーサル後
芹沢あさひ\ファン感謝祭編\リハーサル後.csv,11,6017002020060,あさひ,その先に、なにがあるんすかね……？,在这前方，究竟有什么呢……？,芹沢あさひ,ファン感謝祭編,リハーサル後
芹沢あさひ\ファン感謝祭編\リハーサル後.csv,13,6017002020070,あさひ,…………,,芹沢あさひ,ファン感謝祭編,リハーサル後
芹沢あさひ\ファン感謝祭編\リハーサル後.csv,14,6017002020080,あさひ,…………あれ,…………诶,芹沢あさひ,ファン感謝祭編,リハーサル後
芹沢あさひ\ファン感謝祭編\リハーサル後.csv,15,6017002020090,あさひ,"ごめんなさい
ちょっとぼーっとしてたみたいっす","不好意思
好像发了一下呆。",芹沢あさひ,ファン感謝祭編,リハーサル後
芹沢あさひ\ファン感謝祭編\リハーサル後.csv,16,6017002020100,あさひ,"──とにかく、
本番も、バッチリ成功させるっすから……","——总之，
先把正式演出也顺利完成后……",芹沢あさひ,ファン感謝祭編,リハーサル後
芹沢あさひ\ファン感謝祭編\リハーサル後.csv,17,6017002020110,あさひ,"心配しないでいいっすよ
……わたし、誰よりも完璧に、やるんで","不用担心，
……我会做的比谁都要完美。",芹沢あさひ,ファン感謝祭編,リハーサル後
芹沢あさひ\ファン感謝祭編\リハーサル後.csv,18,6017002020120,あさひ,……じゃ、ちょっとスタッフさんとこ行ってくるっす,……那，我去一下工作人员那里。,芹沢あさひ,ファン感謝祭編,リハーサル後
芹沢あさひ\ファン感謝祭編\感謝祭本番前.csv,2,6017002030010,あさひ,…………,,芹沢あさひ,ファン感謝祭編,感謝祭本番前
芹沢あさひ\ファン感謝祭編\感謝祭本番前.csv,4,6017002030020,あさひ,"バッチリっす
……わたしは、いつだって、バッチリっす","很完美。
……我不管什么时候，都很完美。",芹沢あさひ,ファン感謝祭編,感謝祭本番前
芹沢あさひ\ファン感謝祭編\感謝祭本番前.csv,6,6017002030021,あさひ,…………,,芹沢あさひ,ファン感謝祭編,感謝祭本番前
芹沢あさひ\ファン感謝祭編\感謝祭本番前.csv,7,6017002030030,あさひ,……わたし、リハーサルとかあんま好きじゃなかったっす,……我本来并不是很喜欢彩排之类的。,芹沢あさひ,ファン感謝祭編,感謝祭本番前
芹沢あさひ\ファン感謝祭編\感謝祭本番前.csv,8,6017002030040,あさひ,"もうちゃんと踊れる
やらなくていいダンス、何度もやらされて──","已经能完美完成
不用再练习的舞蹈，还要被强迫多跳几次——",芹沢あさひ,ファン感謝祭編,感謝祭本番前
芹沢あさひ\ファン感謝祭編\感謝祭本番前.csv,9,6017002030050,あさひ,それより、もっと新しいことしたいなって、思ってたっす,比起这个，我想尝试新的东西。,芹沢あさひ,ファン感謝祭編,感謝祭本番前
芹沢あさひ\ファン感謝祭編\感謝祭本番前.csv,10,6017002030060,あさひ,──でも……,——但是……,芹沢あさひ,ファン感謝祭編,感謝祭本番前
芹沢あさひ\ファン感謝祭編\感謝祭本番前.csv,12,6017002030070,あさひ,"隣の冬優子ちゃんと愛依ちゃんが上手くなるたびに、
ステージの全部が、磨かれて、輝いていって──","身旁的冬优子和爱依渐渐变得熟练的时候，
舞台上的全部，仿佛被打磨过一般，开始闪闪发亮。",芹沢あさひ,ファン感謝祭編,感謝祭本番前
芹沢あさひ\ファン感謝祭編\感謝祭本番前.csv,13,6017002030080,あさひ,"更に良くなる、良くしたいって思うようになって
もう完璧だったはずの自分のダンスも、変わっていって──","我的表演变得更好，会想要变得更完美。
原本以为已经完美的舞蹈，一开始发生变化——",芹沢あさひ,ファン感謝祭編,感謝祭本番前
芹沢あさひ\ファン感謝祭編\感謝祭本番前.csv,14,6017002030090,あさひ,──果てが見えなくて、怖いっす,——完全看不见尽头，令人恐怖。,芹沢あさひ,ファン感謝祭編,感謝祭本番前
芹沢あさひ\ファン感謝祭編\感謝祭本番前.csv,16,6017002030100,あさひ,……ユニット……,……组合……,芹沢あさひ,ファン感謝祭編,感謝祭本番前
芹沢あさひ\ファン感謝祭編\感謝祭本番前.csv,17,6017002030110,あさひ,"…………っ
プロデューサーさん！　わたし、本番でもっとよくなるっす！","…………
制作人！ 我，正式表演会做得更好！",芹沢あさひ,ファン感謝祭編,感謝祭本番前
芹沢あさひ\ファン感謝祭編\感謝祭本番前.csv,18,6017002030120,あさひ,"冬優子ちゃんより、愛依ちゃんより、
すごいパフォーマンスをするから、だから──","做出比起冬优子，比起爱依，
还要厉害的表演，所以——",芹沢あさひ,ファン感謝祭編,感謝祭本番前
芹沢あさひ\ファン感謝祭編\感謝祭本番前.csv,19,6017002030130,あさひ,わたしを──わたしだけを、見ててほしいっす！,希望你只看我……只注视我一个人！,芹沢あさひ,ファン感謝祭編,感謝祭本番前
芹沢あさひ\ファン感謝祭編\空の青さを知る者よ.csv,3,1017002010010,あさひ,"平気っす！
お仕事、楽しいっすから！","没事！
因为工作很有趣！",芹沢あさひ,ファン感謝祭編,空の青さを知る者よ
芹沢あさひ\ファン感謝祭編\空の青さを知る者よ.csv,5,1017002010020,あさひ,"今日は何をするっすか？
ステージ出るっすか？","今天要做什么？
要上台表演吗？",芹沢あさひ,ファン感謝祭編,空の青さを知る者よ
芹沢あさひ\ファン感謝祭編\空の青さを知る者よ.csv,7,1017002010030,あさひ,"もちろん、どんとこいっす！
芸人さんとかタレントさん、みんな面白いっすもん！","那当然，放马过来吧！
艺人和有名人，大家都很有趣！",芹沢あさひ,ファン感謝祭編,空の青さを知る者よ
芹沢あさひ\ファン感謝祭編\空の青さを知る者よ.csv,9,1017002010040,あさひ,はいっす！,是的！,芹沢あさひ,ファン感謝祭編,空の青さを知る者よ
芹沢あさひ\ファン感謝祭編\空の青さを知る者よ.csv,10,1017002010050,あさひ,"……わたし、面白そうなこと探して、
色んなことしてきたっすけど……","……我为了寻找有趣的事物，
尝试了许多事情……",芹沢あさひ,ファン感謝祭編,空の青さを知る者よ
芹沢あさひ\ファン感謝祭編\空の青さを知る者よ.csv,11,1017002010060,あさひ,"アイドルはなんか違うんす
キラキラしてて、キラキラがいつまでも消えなくて……","偶像总觉得哪里不同，
闪闪发光，那光芒一直不会消散……",芹沢あさひ,ファン感謝祭編,空の青さを知る者よ
芹沢あさひ\ファン感謝祭編\空の青さを知る者よ.csv,12,1017002010070,あさひ,それって、プロデューサーさんがいるからっす！,那是因为有制作人在！,芹沢あさひ,ファン感謝祭編,空の青さを知る者よ
芹沢あさひ\ファン感謝祭編\空の青さを知る者よ.csv,13,1017002010080,あさひ,だから、もっと色んなお仕事持ってきてほしいっす！,所以，我希望制作人能给我多带点工作！,芹沢あさひ,ファン感謝祭編,空の青さを知る者よ
芹沢あさひ\ファン感謝祭編\空の青さを知る者よ.csv,15,1017002010090,あさひ,満タンっすよ！,已经加满油了！,芹沢あさひ,ファン感謝祭編,空の青さを知る者よ
芹沢あさひ\ファン感謝祭編\空の青さを知る者よ.csv,16,1017002010100,あさひ,"…………ずっと同じ教室にいるより、
毎日色んな人に出会って、新しいことがあって……","…………比起一直在同一间教室，
每天能遇见不同的人，接触新的事物……",芹沢あさひ,ファン感謝祭編,空の青さを知る者よ
芹沢あさひ\ファン感謝祭編\空の青さを知る者よ.csv,17,1017002010110,あさひ,"わたしは……
そういう毎日が、好きっす","我……
更喜欢这样的生活。",芹沢あさひ,ファン感謝祭編,空の青さを知る者よ
芹沢あさひ\节日剧情\2023ash情人节\【芹沢 あさひ】2023 バレンタイン準備 (1).csv,2,4901037490010,あさひ,"…………
いい匂い……美味しそー","……
好香……闻起来好好吃——",芹沢あさひ,节日剧情,【芹沢 あさひ】2023 バレンタイン準備 (1)
芹沢あさひ\节日剧情\2023ash情人节\【芹沢 あさひ】2023 バレンタイン準備 (1).csv,4,4901037490020,あさひ,あっ、もらうっす,啊，那我拿了,芹沢あさひ,节日剧情,【芹沢 あさひ】2023 バレンタイン準備 (1)
芹沢あさひ\节日剧情\2023ash情人节\【芹沢 あさひ】2023 バレンタイン準備 (1).csv,5,4901037490030,あさひ,"…………んまいっす～柔らかいし……
ふつうのと、何が違うっすか？","……好吃～好软……
这和普通巧克力有什么区别？",芹沢あさひ,节日剧情,【芹沢 あさひ】2023 バレンタイン準備 (1)
芹沢あさひ\节日剧情\2023ash情人节\【芹沢 あさひ】2023 バレンタイン準備 (1).csv,7,4901037490040,あさひ,"へえ……そうっすか
美味しかったっす！　じゃ！","噢～这样啊
很好吃！再见！",芹沢あさひ,节日剧情,【芹沢 あさひ】2023 バレンタイン準備 (1)
芹沢あさひ\节日剧情\2023ash情人节\【芹沢 あさひ】2023バレンタインデー (1).csv,2,4901037500010,あさひ,"お疲れっす～
台所使うっす～","辛苦了～
我用下厨房～",芹沢あさひ,节日剧情,【芹沢 あさひ】2023バレンタインデー (1)
芹沢あさひ\节日剧情\2023ash情人节\【芹沢 あさひ】2023バレンタインデー (1).csv,5,4901037500020,あさひ,"あっ、プロデューサーさんボウルってどこっすかね
チョコ作りたくて","啊，制作人。料理碗在哪儿啊
我想做巧克力",芹沢あさひ,节日剧情,【芹沢 あさひ】2023バレンタインデー (1)
芹沢あさひ\节日剧情\2023ash情人节\【芹沢 あさひ】2023バレンタインデー (1).csv,6,4901037500030,あさひ,"チョコに生クリーム入れると
美味しくなるらしいっす！","往巧克力里加鲜奶油的话
好像就会很好吃！",芹沢あさひ,节日剧情,【芹沢 あさひ】2023バレンタインデー (1)
芹沢あさひ\节日剧情\2023ash情人节\【芹沢 あさひ】2023バレンタインデー (1).csv,8,4901037500040,あさひ,"ありがとっす
これって火いけるやつっすか？","谢了
这碗能直接火加热吗？",芹沢あさひ,节日剧情,【芹沢 あさひ】2023バレンタインデー (1)
芹沢あさひ\节日剧情\2023ash情人节\【芹沢 あさひ】2023バレンタインデー (1).csv,10,4901037500050,あさひ,"あははっ
できたっすよ～","哈哈
做好了～",芹沢あさひ,节日剧情,【芹沢 あさひ】2023バレンタインデー (1)
芹沢あさひ\节日剧情\2023ash情人节\【芹沢 あさひ】2023バレンタインデー (1).csv,12,4901037500060,あさひ,"いっぱいできたっす！
プロデューサーさんも食べるっすか？","做了好多！
制作人也要吃吗？",芹沢あさひ,节日剧情,【芹沢 あさひ】2023バレンタインデー (1)
芹沢あさひ\节日剧情\2023ash情人节\あさひへのプレゼント・瓶詰めケーキ (1).csv,2,4901037510010,あさひ,"……なんか重いっすね
開けていっすか？","……好像很沉啊
可以打开吗？",芹沢あさひ,节日剧情,あさひへのプレゼント・瓶詰めケーキ (1)
芹沢あさひ\节日剧情\2023ash情人节\あさひへのプレゼント・瓶詰めケーキ (1).csv,3,4901037510020,あさひ,"わっ、瓶に入ってるっす！
……へー、横から見ると面白いっすね","哇，用瓶子装起来了！
……嚯，从外面看很有意思！",芹沢あさひ,节日剧情,あさひへのプレゼント・瓶詰めケーキ (1)
芹沢あさひ\节日剧情\2023ash情人节\あさひへのプレゼント・瓶詰めケーキ (1).csv,4,4901037510030,あさひ,"あははっ、すごく美味しそうっす！
ありがとっす、プロデューサーさん","哈哈哈，看起来好好吃！
谢谢制作人",芹沢あさひ,节日剧情,あさひへのプレゼント・瓶詰めケーキ (1)
芹沢あさひ\节日剧情\2023圣诞\【’23Xmas】カラメルプリン (2) (1).csv,4,4901100680010,あさひ,"プロデューサーさんすか
今手が離せないっすー","制作人吗
我现在腾不出手——",芹沢あさひ,节日剧情,【’23Xmas】カラメルプリン (2) (1)
芹沢あさひ\节日剧情\2023圣诞\【’23Xmas】カラメルプリン (2) (1).csv,5,4901100680020,あさひ,色がついてきたっす……！,开始有色泽了……！,芹沢あさひ,节日剧情,【’23Xmas】カラメルプリン (2) (1)
芹沢あさひ\节日剧情\2023圣诞\【’23Xmas】カラメルプリン (2) (1).csv,7,4901100680030,あさひ,"いや、作ってるのはこれだけっす
理科の実験でやって自分でも作ってみたくなったっす","不，只有这个是做的
在理科实验课上有做过，于是也想自己动手试试看了",芹沢あさひ,节日剧情,【’23Xmas】カラメルプリン (2) (1)
芹沢あさひ\节日剧情\2023圣诞\【’23Xmas】カラメルプリン (2) (1).csv,8,4901100680040,あさひ,見てるの面白いっす,看着就很好玩,芹沢あさひ,节日剧情,【’23Xmas】カラメルプリン (2) (1)
芹沢あさひ\节日剧情\2023圣诞\【’23Xmas】カラメルプリン (2) (1).csv,10,4901100680050,あさひ,"？
はいっすー","？
好",芹沢あさひ,节日剧情,【’23Xmas】カラメルプリン (2) (1)
芹沢あさひ\节日剧情\2023圣诞\【’23Xmas】カラメルプリン (2) (1).csv,12,4901100680060,あさひ,"あ、もう戻ってきたっす
カラメルできたっすよ","啊，已经回来了吗
焦糖做好了",芹沢あさひ,节日剧情,【’23Xmas】カラメルプリン (2) (1)
芹沢あさひ\节日剧情\2023圣诞\【’23Xmas】カラメルプリン (2) (1).csv,14,4901100680070,あさひ,"あっ、プリンっす
でも、これもうカラメルかかってるっすよ","啊，是布丁
但是，这上面已经有焦糖了啊",芹沢あさひ,节日剧情,【’23Xmas】カラメルプリン (2) (1)
芹沢あさひ\节日剧情\2023圣诞\【’23Xmas】カラメルプリン (2) (1).csv,16,4901100680080,あさひ,"あははっ、そっすねー
じゃあ、ふたつお皿に出すっすよ","啊哈哈，说的也是
那么，我去拿两个碟出来",芹沢あさひ,节日剧情,【’23Xmas】カラメルプリン (2) (1)
芹沢あさひ\节日剧情\2023圣诞\【’23Xmas】カラメルプリン (2) (1).csv,18,4901100680090,あさひ,いっすよ、たっぷりかけるっす！,有的哟，要给你蘸得满满的！,芹沢あさひ,节日剧情,【’23Xmas】カラメルプリン (2) (1)
芹沢あさひ\节日剧情\2023圣诞\【’23Xmas】仕事 (1).csv,2,4901100650010,あさひ,"……サンタ？
わたしがっすか？","……圣诞老人？
我来演吗？",芹沢あさひ,节日剧情,【’23Xmas】仕事 (1)
芹沢あさひ\节日剧情\2023圣诞\【’23Xmas】仕事 (1).csv,5,4901100650020,あさひ,サンタ……サンタっすか……,圣诞老人……圣诞老人吗……,芹沢あさひ,节日剧情,【’23Xmas】仕事 (1)
芹沢あさひ\节日剧情\2023圣诞\【’23Xmas】仕事 (1).csv,7,4901100650030,あさひ,"嫌じゃないっすけど
わたし、まだサンタに会ってないっすよ","倒不是讨厌
可是，我还没见过圣诞老人啊",芹沢あさひ,节日剧情,【’23Xmas】仕事 (1)
芹沢あさひ\节日剧情\2023圣诞\【’23Xmas】仕事 (1).csv,8,4901100650040,あさひ,まずは実物のサンタに会うところからっす,首先我想先去见见圣诞老人本人,芹沢あさひ,节日剧情,【’23Xmas】仕事 (1)
芹沢あさひ\节日剧情\2023圣诞\【’23Xmas】捕獲機 (1).csv,2,4901100660010,あさひ,……おっきい靴下っす,……好大的袜子,芹沢あさひ,节日剧情,【’23Xmas】捕獲機 (1)
芹沢あさひ\节日剧情\2023圣诞\【’23Xmas】捕獲機 (1).csv,3,4901100660020,あさひ,ん、なんか入ってるっすね,嗯，里面好像有什么东西,芹沢あさひ,节日剧情,【’23Xmas】捕獲機 (1)
芹沢あさひ\节日剧情\2023圣诞\【’23Xmas】捕獲機 (1).csv,6,4901100660030,あさひ,"なるほど……
じゃあ、お菓子も少し残した方がいっすね","原来如此……
那么，我往里面留些点心的话还更好些",芹沢あさひ,节日剧情,【’23Xmas】捕獲機 (1)
芹沢あさひ\节日剧情\2023圣诞\【’23Xmas】捕獲機 (1).csv,7,4901100660040,あさひ,"サンタがお菓子に気を取られているうちに
一網打尽にするっす！","趁圣诞老人被点心吸引住时，
将他一网打尽！",芹沢あさひ,节日剧情,【’23Xmas】捕獲機 (1)
芹沢あさひ\节日剧情\2023圣诞\【’23Xmas】水族館のチケット (1).csv,2,4901100670010,あさひ,"水族館っすか……！
ここ、どこにあるっすか？","水族馆吗……！
是在这边的哪里？",芹沢あさひ,节日剧情,【’23Xmas】水族館のチケット (1)
芹沢あさひ\节日剧情\2023圣诞\【’23Xmas】水族館のチケット (1).csv,4,4901100670020,あさひ,"ふむふむ……
いつ行けるっすか？","呼呼……
我们什么时候能去？",芹沢あさひ,节日剧情,【’23Xmas】水族館のチケット (1)
芹沢あさひ\节日剧情\2023圣诞\【’23Xmas】水族館のチケット (1).csv,6,4901100670030,あさひ,プロデューサーさん、忙しいっす,制作人，一副很忙的样子,芹沢あさひ,节日剧情,【’23Xmas】水族館のチケット (1)
芹沢あさひ\节日剧情\2023圣诞\【’23Xmas】水族館のチケット (1).csv,8,4901100670040,あさひ,"プロデューサーさんがいないと
行けないっすよ","制作人不去的话
我去不了啊",芹沢あさひ,节日剧情,【’23Xmas】水族館のチケット (1)
芹沢あさひ\节日剧情\2023白色情人节\あさひへのプレゼント・リストバンド.csv,2,4901038330010,あさひ,"ありがとっす
……なんすか、これ","谢谢你的说
……这是什么的说",芹沢あさひ,节日剧情,あさひへのプレゼント・リストバンド
芹沢あさひ\节日剧情\2023白色情人节\あさひへのプレゼント・リストバンド.csv,5,4901038330020,あさひ,"なるほど……じゃ、早速着けてみるっすよ
このあとレッスン見てってほしいっす！","原来如此……那我马上戴上试试的说
希望制作人来看看之后的训练的说！",芹沢あさひ,节日剧情,あさひへのプレゼント・リストバンド
芹沢あさひ\节日剧情\2023白色情人节\あさひへのプレゼント・リストバンド＋♥.csv,2,4901038340010,あさひ,"ありがとっす
……なんすか、これ","谢谢你的说
……这是什么的说",芹沢あさひ,节日剧情,あさひへのプレゼント・リストバンド＋♥
芹沢あさひ\节日剧情\2023白色情人节\あさひへのプレゼント・リストバンド＋♥.csv,5,4901038340020,あさひ,"なるほど……そういう使い方もあるんすね
早速踊ってみるっす！","原来如此……还有这种用法的说
那我马上跳跳看的说！",芹沢あさひ,节日剧情,あさひへのプレゼント・リストバンド＋♥
芹沢あさひ\节日剧情\2023白色情人节\あさひへのプレゼント・リストバンド＋♥.csv,6,4901038340030,あさひ,"──あ、じゃあ汗かきそうなやつ
やった方がいいっすかね",——啊，那还是跳容易出汗的舞比较好的说,芹沢あさひ,节日剧情,あさひへのプレゼント・リストバンド＋♥
芹沢あさひ\节日剧情\2023白色情人节\あさひへのプレゼント・リストバンド＋♥.csv,8,4901038340040,あさひ,お守り……？,护身符……？,芹沢あさひ,节日剧情,あさひへのプレゼント・リストバンド＋♥
芹沢あさひ\节日剧情\2023白色情人节\あさひへのプレゼント・リストバンド＋♥.csv,10,4901038340050,あさひ,"あははっ、強くなるっすか？
いっすね！","啊哈哈，就是说能变强吗？
那真不错的说！",芹沢あさひ,节日剧情,あさひへのプレゼント・リストバンド＋♥
芹沢あさひ\节日剧情\2024万圣节ash.csv,5,4901600170010,あさひ,あー！,啊！,芹沢あさひ,节日剧情,2024万圣节ash
芹沢あさひ\节日剧情\2024万圣节ash.csv,8,4901600170020,あさひ,あははっ、久しぶりっすね～,哈哈，好久不见呐～,芹沢あさひ,节日剧情,2024万圣节ash
芹沢あさひ\节日剧情\2024万圣节ash.csv,10,4901600170030,あさひ,"えっ、怖いっすか？
これが？","咦，可怕吗？
你说这个？",芹沢あさひ,节日剧情,2024万圣节ash
芹沢あさひ\节日剧情\2024万圣节ash.csv,11,4901600170040,あさひ,"あ！　ニンゲンも、魂を抜けば
ふわふわ浮けるっすよー！","啊！人类，如果把灵魂抽出来
其实你也可以飘起来哦！",芹沢あさひ,节日剧情,2024万圣节ash
芹沢あさひ\节日剧情\2024万圣节ash.csv,13,4901600170050,あさひ,"わたしが手伝うっすよ！
ほら、目を閉じて～、息を吐いて～…………","我来帮你吧！
来，闭上眼睛～，呼气～…………",芹沢あさひ,节日剧情,2024万圣节ash
芹沢あさひ\节日剧情\2024万圣节ash.csv,15,4901600170060,あさひ,これが、ニンゲンの魂────……,这就是人类的灵魂────……,芹沢あさひ,节日剧情,2024万圣节ash
芹沢あさひ\节日剧情\2024万圣节ash.csv,16,4901600170070,あさひ,"ああ、美味しそう……
────これ、食べてみてもいいっすか？","啊，好像很好吃……
────我可以尝尝吗？",芹沢あさひ,节日剧情,2024万圣节ash
芹沢あさひ\节日剧情\special_communications_490100765.csv,2,4901007650010,あさひ,"おぉ～！　プロデューサーさん！
あの建物、面白いっすよ！　ほら","喔哦～！　制作人！
那栋建筑好有趣！",芹沢あさひ,节日剧情,special_communications_490100765
芹沢あさひ\节日剧情\special_communications_490100765.csv,6,4901007650020,あさひ,えっ、ほんとっすか！？,诶。真的吗！？,芹沢あさひ,节日剧情,special_communications_490100765
芹沢あさひ\节日剧情\special_communications_490100766.csv,2,4901007660010,あさひ,"おぉ……！
すごいっす……！","喔哦……！
好厉害……！",芹沢あさひ,节日剧情,special_communications_490100766
芹沢あさひ\节日剧情\special_communications_490100766.csv,4,4901007660020,あさひ,……,……,芹沢あさひ,节日剧情,special_communications_490100766
芹沢あさひ\节日剧情\special_communications_490100766.csv,5,4901007660030,あさひ,"！　プロデューサーさん！
これ、知ってるっすか？","！　制作人！
你知道这个吗？",芹沢あさひ,节日剧情,special_communications_490100766
芹沢あさひ\节日剧情\special_communications_490100766.csv,7,4901007660040,あさひ,"えっ、どこっすか！　近いっすか！？
行ってみたいっす！","诶，在哪里！　很近吗！？
我想去！",芹沢あさひ,节日剧情,special_communications_490100766
芹沢あさひ\节日剧情\special_communications_490100766.csv,8,4901007660050,あさひ,"わたしたちで
遺跡の謎、解明するっすよ！","我们一起
去弄清遗迹之谜吧！",芹沢あさひ,节日剧情,special_communications_490100766
芹沢あさひ\节日剧情\special_communications_490100767.csv,2,4901007670010,あさひ,…………,…………,芹沢あさひ,节日剧情,special_communications_490100767
芹沢あさひ\节日剧情\special_communications_490100767.csv,4,4901007670020,あさひ,…………,…………,芹沢あさひ,节日剧情,special_communications_490100767
芹沢あさひ\节日剧情\special_communications_490100767.csv,5,4901007670030,あさひ,"……？
どうしたっすか、プロデューサーさん","……？
怎么了，制作人",芹沢あさひ,节日剧情,special_communications_490100767
芹沢あさひ\节日剧情\special_communications_490100767.csv,7,4901007670040,あさひ,…………,…………,芹沢あさひ,节日剧情,special_communications_490100767
芹沢あさひ\节日剧情\special_communications_490100767.csv,8,4901007670050,あさひ,はぁ～！,哈～！,芹沢あさひ,节日剧情,special_communications_490100767
芹沢あさひ\节日剧情\special_communications_490100768.csv,2,4901007680010,あさひ,"ん～～っ
ん～～～～っ！","嗯～～
嗯～～～～！",芹沢あさひ,节日剧情,special_communications_490100768
芹沢あさひ\节日剧情\special_communications_490100768.csv,4,4901007680020,あさひ,離れないっす！,拿不开了！,芹沢あさひ,节日剧情,special_communications_490100768
芹沢あさひ\节日剧情\special_communications_490100768.csv,6,4901007680030,あさひ,"そうっす！　超強力なんっすよ！
でも、離れなくなっちゃったっす","是的！　是超强力的！
但是拿不开了",芹沢あさひ,节日剧情,special_communications_490100768
芹沢あさひ\节日剧情\special_communications_490100768.csv,8,4901007680040,あさひ,"プロデューサーさん、片方持ってほしいっす！
せーので引っ張るっす！","制作人，能不能拿住一边！
我们一起拉！",芹沢あさひ,节日剧情,special_communications_490100768
芹沢あさひ\节日剧情\special_communications_490100768.csv,10,4901007680041,あさひ＆プロデューサー,ん～～～っ！,嗯～～～！,芹沢あさひ,节日剧情,special_communications_490100768
芹沢あさひ\节日剧情\special_communications_490100768.csv,12,4901007680050,あさひ,──まだまだ……っす……！,──还不够……！,芹沢あさひ,节日剧情,special_communications_490100768
芹沢あさひ\节日剧情\special_communications_490100768.csv,13,4901007680060,あさひ＆プロデューサー,ん～～～～っ！,嗯～～～～！,芹沢あさひ,节日剧情,special_communications_490100768
芹沢あさひ\节日剧情\special_communications_490100768.csv,14,4901007680070,あさひ,──わぁっ！,──哇！,芹沢あさひ,节日剧情,special_communications_490100768
芹沢あさひ\节日剧情\special_communications_490100768.csv,16,4901007680080,あさひ,"──あははっ……あははははっ！
わたしもプロデューサーさんにくっついたっす！","──啊哈哈……啊哈哈哈哈！
我也和制作人吸到一起去了！",芹沢あさひ,节日剧情,special_communications_490100768
芹沢あさひ\节日剧情\special_communications_490100768.csv,18,4901007680090,あさひ,磁石ってすごいっすねー！,磁铁真是厉害呢！,芹沢あさひ,节日剧情,special_communications_490100768
芹沢あさひ\节日剧情\special_communications_490100768.csv,19,4901007680100,あさひ,"ほんとはひとつ、
プロデューサーさんにあげようって思ってたっすけど……","本来是想把一个
给制作人的……",芹沢あさひ,节日剧情,special_communications_490100768
芹沢あさひ\节日剧情\special_communications_490100768.csv,20,4901007680110,あさひ,ふたつともプレゼントするっす！,两个都作礼物送给你了！,芹沢あさひ,节日剧情,special_communications_490100768
芹沢あさひ\节日剧情\special_communications_490100817.csv,2,4901008170010,あさひ,"プロデューサーさん！
右と左のチョコ、どっちかあげるっす！","制作人！
右边和左边的巧克力，选一个给你！",芹沢あさひ,节日剧情,special_communications_490100817
芹沢あさひ\节日剧情\special_communications_490100817.csv,4,4901008170020,あさひ,"はい！　じゃ、左はわたしの分！
せーので食べるっすよ～、せー──……","给！　那么左边的是我的！
要倒数一下一起吃哦～预──……",芹沢あさひ,节日剧情,special_communications_490100817
芹沢あさひ\节日剧情\special_communications_490100817.csv,5,4901008170030,あさひ,あっ！　どっちかが当たりで、どっちかが外れっすから！,啊！　一边是中奖了的，一边是没中奖的哦！,芹沢あさひ,节日剧情,special_communications_490100817
芹沢あさひ\节日剧情\special_communications_490100817.csv,7,4901008170040,あさひ,せーの！,预备！,芹沢あさひ,节日剧情,special_communications_490100817
芹沢あさひ\节日剧情\special_communications_490100817.csv,9,4901008170050,あさひ,──……うぅ～……苦い……,──……呜～……好苦……,芹沢あさひ,节日剧情,special_communications_490100817
芹沢あさひ\节日剧情\special_communications_490100817.csv,12,4901008170060,あさひ,うう、食べるっす……んん,呜呜，我要吃……,芹沢あさひ,节日剧情,special_communications_490100817
芹沢あさひ\节日剧情\芹沢あさひ 2024圣诞\2024圣诞礼物朝日1.csv,3,4901700330010,あさひ,お、ありがとっす,噢，谢谢,芹沢あさひ,节日剧情,2024圣诞礼物朝日1
芹沢あさひ\节日剧情\芹沢あさひ 2024圣诞\2024圣诞礼物朝日1.csv,5,4901700330020,あさひ,"へー……
そうなんすね","诶……
这样啊",芹沢あさひ,节日剧情,2024圣诞礼物朝日1
芹沢あさひ\节日剧情\芹沢あさひ 2024圣诞\2024圣诞礼物朝日1.csv,7,4901700330030,あさひ,じゃあ、プロデューサーさんが飾ったほうがいっすよ,那还是让制作人来挂更好吧,芹沢あさひ,节日剧情,2024圣诞礼物朝日1
芹沢あさひ\节日剧情\芹沢あさひ 2024圣诞\2024圣诞礼物朝日1.csv,8,4901700330040,あさひ,──プロデューサーさんっすし！,──毕竟是制作人！,芹沢あさひ,节日剧情,2024圣诞礼物朝日1
芹沢あさひ\节日剧情\芹沢あさひ 2024圣诞\2024圣诞礼物朝日1.csv,11,4901700330050,あさひ,"わかったっす
任せるっす！","明白了
交给我吧！",芹沢あさひ,节日剧情,2024圣诞礼物朝日1
芹沢あさひ\节日剧情\芹沢あさひ 2024圣诞\2024圣诞礼物朝日2.csv,2,4901700340010,あさひ,"あははっ、寒かったから今日も残ってたっす
雪だるま","啊哈哈，天气很冷所以今天也还没融化呢
雪人",芹沢あさひ,节日剧情,2024圣诞礼物朝日2
芹沢あさひ\节日剧情\芹沢あさひ 2024圣诞\2024圣诞礼物朝日2.csv,5,4901700340020,あさひ,"──よし！　この雪だるま、
クリスマスツリーのとこ持ってくっす","──好！这个雪人，
我要把它搬到圣诞树那边去",芹沢あさひ,节日剧情,2024圣诞礼物朝日2
芹沢あさひ\节日剧情\芹沢あさひ 2024圣诞\2024圣诞礼物朝日2.csv,8,4901700340021,あさひ＆プロデューサー,危ない……！,危险……！,芹沢あさひ,节日剧情,2024圣诞礼物朝日2
芹沢あさひ\节日剧情\芹沢あさひ 2024圣诞\2024圣诞礼物朝日2.csv,9,4901700340030,あさひ,"びっくりしたっす……！
大丈夫っす、ちょっと滑っただけっす","吓我一跳……！
没事啦，只是滑了一跤",芹沢あさひ,节日剧情,2024圣诞礼物朝日2
芹沢あさひ\节日剧情\芹沢あさひ 2024圣诞\2024圣诞礼物朝日2.csv,12,4901700340040,あさひ,"プロデューサーさん！
ここがいっすよ！　日影になってるっす！","制作人！
这里不错！有树荫！",芹沢あさひ,节日剧情,2024圣诞礼物朝日2
芹沢あさひ\节日剧情\芹沢あさひ 2024圣诞\2024圣诞礼物朝日2.csv,13,4901700340050,あさひ,ここなら溶けにくいっすよね,放在这里就不容易融化了吧,芹沢あさひ,节日剧情,2024圣诞礼物朝日2
芹沢あさひ\节日剧情\芹沢あさひ 2024圣诞\2024圣诞礼物朝日2.csv,16,4901700340060,あさひ,ん？,嗯？,芹沢あさひ,节日剧情,2024圣诞礼物朝日2
芹沢あさひ\节日剧情\芹沢あさひ 2024圣诞\2024圣诞礼物朝日2.csv,18,4901700340070,あさひ,雪だるま、こっちのほうが楽しそうかなって,我是觉得雪人在这边会玩得更开心,芹沢あさひ,节日剧情,2024圣诞礼物朝日2
芹沢あさひ\节日剧情\芹沢あさひ 2024圣诞\2024圣诞礼物朝日2.csv,21,4901700340080,あさひ,雪、降るといっすね,但愿会下雪呢,芹沢あさひ,节日剧情,2024圣诞礼物朝日2
芹沢あさひ\节日剧情\芹沢あさひ2025情人节\朝日情人节1.csv,3,4901800330010,あさひ,"そうなんすよ。歯が欠けそうなくらい……
なんでこんなことになっちゃったっすかね","就是说嘛。差点把牙都硌掉……
为什么会变成这样呢",芹沢あさひ,节日剧情,朝日情人节1
芹沢あさひ\节日剧情\芹沢あさひ2025情人节\朝日情人节1.csv,5,4901800330020,あさひ,"調理実習だから
わたしだけ頑張ったわけじゃないっすけど……","上料理课的作业啦
也不光是我做的……",芹沢あさひ,节日剧情,朝日情人节1
芹沢あさひ\节日剧情\芹沢あさひ2025情人节\朝日情人节1.csv,6,4901800330030,あさひ,でも、いっぱい食べてほしいっす！,不过，制作人能多吃点当然好啦！,芹沢あさひ,节日剧情,朝日情人节1
芹沢あさひ\节日剧情\芹沢あさひ2025情人节\朝日情人节2.csv,4,4901800340010,あさひ,ありがとっす,谢谢,芹沢あさひ,节日剧情,朝日情人节2
芹沢あさひ\节日剧情\芹沢あさひ2025情人节\朝日情人节2.csv,5,4901800340020,あさひ,"う～
まだ寒いっすね","唔～
还是冷啊",芹沢あさひ,节日剧情,朝日情人节2
芹沢あさひ\节日剧情\芹沢あさひ2025情人节\朝日情人节2.csv,7,4901800340030,あさひ,"おー……あったかいっす
…………それと、プロデューサーさん","哦——暖和起来了
…………对了，制作人",芹沢あさひ,节日剧情,朝日情人节2
芹沢あさひ\节日剧情\芹沢あさひ2025情人节\朝日情人节2.csv,8,4901800340040,あさひ,そうそう、わたしの後ろに立って……っと,对对，就站我后面……好,芹沢あさひ,节日剧情,朝日情人节2
芹沢あさひ\节日剧情\芹沢あさひ2025情人节\朝日情人节2.csv,10,4901800340050,あさひ,"あははっ
でも、これで最強っす！","啊哈哈
不过这样就无敌了！",芹沢あさひ,节日剧情,朝日情人节2
芹沢あさひ\节日剧情\芹沢あさひ2025情人节\朝日情人节2.csv,11,4901800340060,あさひ,"プロデューサーさんも、夕日、じっと見てないと
見逃しちゃうっすよ？","制作人也要盯紧落日哦
不然就会错过啦？",芹沢あさひ,节日剧情,朝日情人节2
芹沢あさひ\誕生日\special_communications_490200117.csv,2,4902001170010,あさひ,"お！　なんすかこれ！
くれるんすか！","哦！这是什么！
要给我吗！",芹沢あさひ,誕生日,special_communications_490200117
芹沢あさひ\誕生日\special_communications_490200117.csv,3,4902001170020,あさひ,"中身はなんすかね……
大きさ的には……うーん……","里面是什么呢……
按大小来说……呃……",芹沢あさひ,誕生日,special_communications_490200117
芹沢あさひ\誕生日\special_communications_4902004017.csv,2,49020040170010,あさひ,"あっ、誕生日プレゼントっすか？ プロデューサーさん
いつも色々くれるからわかんなかったっす！","啊，是生日礼物吗？制作人
因为制作人经常会给我东西所以我不确定是不是的说！",芹沢あさひ,誕生日,special_communications_4902004017
芹沢あさひ\誕生日\special_communications_4902004017.csv,3,49020040170020,あさひ,"プロデューサーさんがくれるの面白いから
楽しみっす～。今日はなんだろな～","制作人给我的东西都很有趣
所以我很期待的说～。今天的是什么呢～",芹沢あさひ,誕生日,special_communications_4902004017
芹沢あさひ\誕生日\朝日2025生日.csv,2,49020060170010,あさひ,"誕生日って、おめでたいっすかね
いまいちよくわかんないっす","生日这件事，真的值得庆祝吗
我不太明白呢",芹沢あさひ,誕生日,朝日2025生日
芹沢あさひ\誕生日\朝日2025生日.csv,3,49020060170020,あさひ,"これから、起こるっすかね？　すごいこと──
たとえばプロデューサーさんが変身するとか","接下来，会发生什么很厉害的事情吗？——
比如制作人会变身之类的",芹沢あさひ,誕生日,朝日2025生日
黛冬優子\G.R.A.D.編\迷光を纏い直す.csv,14,1018003020090,あさひ,！,,黛冬優子,G.R.A.D.編,迷光を纏い直す
黛冬優子\G.R.A.D.編\迷光を纏い直す.csv,18,1018003020130,あさひ,……,,黛冬優子,G.R.A.D.編,迷光を纏い直す
黛冬優子\【(ノージャンル)グラヴィティ】黛冬優子\イレギュラー・バウンス.csv,2,3018003020010,あさひ,あっめ～♪　あっめ～♪,雨～啊～♪　下～雨～了～♪,黛冬優子,【(ノージャンル)グラヴィティ】黛冬優子,イレギュラー・バウンス
黛冬優子\【(ノージャンル)グラヴィティ】黛冬優子\イレギュラー・バウンス.csv,3,3018003020020,あさひ,──……,,黛冬優子,【(ノージャンル)グラヴィティ】黛冬優子,イレギュラー・バウンス
黛冬優子\【(ノージャンル)グラヴィティ】黛冬優子\イレギュラー・バウンス.csv,4,3018003020030,あさひ,"毎日毎日雨……
そろそろ飽きたっす～","每天都在下雨……
差不多快厌烦了～",黛冬優子,【(ノージャンル)グラヴィティ】黛冬優子,イレギュラー・バウンス
黛冬優子\【(ノージャンル)グラヴィティ】黛冬優子\イレギュラー・バウンス.csv,7,3018003020060,あさひ,今のは『雨やめ～』の歌っす！,刚才那是“雨快停”之歌！,黛冬優子,【(ノージャンル)グラヴィティ】黛冬優子,イレギュラー・バウンス
黛冬優子\【(ノージャンル)グラヴィティ】黛冬優子\イレギュラー・バウンス.csv,9,3018003020080,あさひ,あっめ～♪　あっめ～♪,雨～啊～♪　下～雨～了～♪,黛冬優子,【(ノージャンル)グラヴィティ】黛冬優子,イレギュラー・バウンス
黛冬優子\【(ノージャンル)グラヴィティ】黛冬優子\イレギュラー・バウンス.csv,10,3018003020090,あさひ,──あっ,——啊,黛冬優子,【(ノージャンル)グラヴィティ】黛冬優子,イレギュラー・バウンス
黛冬優子\【(ノージャンル)グラヴィティ】黛冬優子\イレギュラー・バウンス.csv,11,3018003020100,あさひ,"冬優子ちゃん！
あれ、なんっすかね！？","冬优子！
你看，那是什么！？",黛冬優子,【(ノージャンル)グラヴィティ】黛冬優子,イレギュラー・バウンス
黛冬優子\【(ノージャンル)グラヴィティ】黛冬優子\イレギュラー・バウンス.csv,13,3018003020120,あさひ,──あ痛っ！,——啊，好痛！,黛冬優子,【(ノージャンル)グラヴィティ】黛冬優子,イレギュラー・バウンス
黛冬優子\【(ノージャンル)グラヴィティ】黛冬優子\イレギュラー・バウンス.csv,15,3018003020140,あさひ,これくらい大丈夫っす～,这点小事没问题～,黛冬優子,【(ノージャンル)グラヴィティ】黛冬優子,イレギュラー・バウンス
黛冬優子\【(ノージャンル)グラヴィティ】黛冬優子\イレギュラー・バウンス.csv,19,3018003020180,あさひ,む～……,呣～……,黛冬優子,【(ノージャンル)グラヴィティ】黛冬優子,イレギュラー・バウンス
黛冬優子\【(ノージャンル)グラヴィティ】黛冬優子\イレギュラー・バウンス.csv,20,3018003020190,あさひ,……冬優子ちゃんって優しいっすよね,……冬优子真温柔啊。,黛冬優子,【(ノージャンル)グラヴィティ】黛冬優子,イレギュラー・バウンス
黛冬優子\【(ノージャンル)グラヴィティ】黛冬優子\イレギュラー・バウンス.csv,21,3018003020200,あさひ,"わたしだったら……
う～ん……ほっとくと思うっす！","我的话……
嗯……应该会放着不管！",黛冬優子,【(ノージャンル)グラヴィティ】黛冬優子,イレギュラー・バウンス
黛冬優子\【(ノージャンル)グラヴィティ】黛冬優子\イレギュラー・バウンス.csv,26,3018003020250,あさひ,……冬優子ちゃん？,……冬优子？,黛冬優子,【(ノージャンル)グラヴィティ】黛冬優子,イレギュラー・バウンス
黛冬優子\【(ノージャンル)グラヴィティ】黛冬優子\イレギュラー・バウンス.csv,29,3018003020280,あさひ,"？
わたしの体はわたしの体っすよ","？
我的身体就是我的啊。",黛冬優子,【(ノージャンル)グラヴィティ】黛冬優子,イレギュラー・バウンス
黛冬優子\【(ノージャンル)グラヴィティ】黛冬優子\イレギュラー・バウンス.csv,32,3018003020310,あさひ,…………そっすか,…………是这样吗。,黛冬優子,【(ノージャンル)グラヴィティ】黛冬優子,イレギュラー・バウンス
黛冬優子\【(ノージャンル)グラヴィティ】黛冬優子\イレギュラー・バウンス.csv,36,3018003020350,あさひ,……わかったっすー,……知道了——,黛冬優子,【(ノージャンル)グラヴィティ】黛冬優子,イレギュラー・バウンス
黛冬優子\【(ノージャンル)グラヴィティ】黛冬優子\イレギュラー・バウンス.csv,37,3018003020360,あさひ,…………,,黛冬優子,【(ノージャンル)グラヴィティ】黛冬優子,イレギュラー・バウンス
黛冬優子\【(ノージャンル)グラヴィティ】黛冬優子\イレギュラー・バウンス.csv,40,3018003020390,あさひ,"冬優子ちゃんが言ったんじゃないっすか
黙って歩けって","冬优子不是说了吗
闭上嘴走路。",黛冬優子,【(ノージャンル)グラヴィティ】黛冬優子,イレギュラー・バウンス
黛冬優子\【(ノージャンル)グラヴィティ】黛冬優子\イレギュラー・バウンス.csv,43,3018003020420,あさひ,……雨、全然やまないっすね,……雨，完全不停呢。,黛冬優子,【(ノージャンル)グラヴィティ】黛冬優子,イレギュラー・バウンス
黛冬優子\【(ノージャンル)グラヴィティ】黛冬優子\イレギュラー・バウンス.csv,48,3018003020470,あさひ,『雨やめ～』の歌っすか？　いっすよ！,“雨快停”之歌吗？ 行啊！,黛冬優子,【(ノージャンル)グラヴィティ】黛冬優子,イレギュラー・バウンス
黛冬優子\【(ノージャンル)グラヴィティ】黛冬優子\イレギュラー・バウンス.csv,49,3018003020480,あさひ,"えーと……
あっめ～♪　あっめ～♪","那个……
雨～啊～♪　下～雨～了～♪",黛冬優子,【(ノージャンル)グラヴィティ】黛冬優子,イレギュラー・バウンス
黛冬優子\【(ノージャンル)グラヴィティ】黛冬優子\イレギュラー・バウンス.csv,50,3018003020490,あさひ,…………こんな感じだった気がするっす,…………好像感觉是这样子。,黛冬優子,【(ノージャンル)グラヴィティ】黛冬優子,イレギュラー・バウンス
黛冬優子\【(ノージャンル)グラヴィティ】黛冬優子\屑屑.csv,2,3018003010010,あさひ,すんすん……,嗅嗅……,黛冬優子,【(ノージャンル)グラヴィティ】黛冬優子,屑屑
黛冬優子\【(ノージャンル)グラヴィティ】黛冬優子\屑屑.csv,3,3018003010020,あさひ,──あ,——啊,黛冬優子,【(ノージャンル)グラヴィティ】黛冬優子,屑屑
黛冬優子\【(ノージャンル)グラヴィティ】黛冬優子\屑屑.csv,4,3018003010030,あさひ,"この匂いは──
……雨っす！","这个味道是——
要下雨了！",黛冬優子,【(ノージャンル)グラヴィティ】黛冬優子,屑屑
黛冬優子\【(ノージャンル)グラヴィティ】黛冬優子\屑屑.csv,7,3018003010060,あさひ,"わかんないっすか？
この、じめ～っとじと～っとした……","不明白吗？
那种，潮湿的黏糊糊的感觉……",黛冬優子,【(ノージャンル)グラヴィティ】黛冬優子,屑屑
黛冬優子\【(ノージャンル)グラヴィティ】黛冬優子\屑屑.csv,9,3018003010080,あさひ,……ほら、降ってきたっす,……你看，下起来了。,黛冬優子,【(ノージャンル)グラヴィティ】黛冬優子,屑屑
黛冬優子\【(ノージャンル)グラヴィティ】黛冬優子\屑屑.csv,11,3018003010100,あさひ,"ありゃ、傘ないんっすか？
冬優子ちゃんなのに？","咦，没带伞吗？
明明是冬优子？",黛冬優子,【(ノージャンル)グラヴィティ】黛冬優子,屑屑
黛冬優子\【(ノージャンル)グラヴィティ】黛冬優子\屑屑.csv,15,3018003010140,あさひ,ふーん……,嗯……,黛冬優子,【(ノージャンル)グラヴィティ】黛冬優子,屑屑
黛冬優子\【(ノージャンル)グラヴィティ】黛冬優子\屑屑.csv,16,3018003010150,あさひ,じゃあわたしの傘、あげるっす！,那我的伞，给你！,黛冬優子,【(ノージャンル)グラヴィティ】黛冬優子,屑屑
黛冬優子\【(ノージャンル)グラヴィティ】黛冬優子\屑屑.csv,18,3018003010170,あさひ,"あ、貸してあげるって意味っすよ？
そのうち返してほしいっす","啊，只是说借给你哦？
到时记得还给我。",黛冬優子,【(ノージャンル)グラヴィティ】黛冬優子,屑屑
黛冬優子\【(ノージャンル)グラヴィティ】黛冬優子\屑屑.csv,20,3018003010190,あさひ,わたしはこれくらいの雨なら、必要ないっすから,我的话这点小雨，没必要撑伞。,黛冬優子,【(ノージャンル)グラヴィティ】黛冬優子,屑屑
黛冬優子\【(ノージャンル)グラヴィティ】黛冬優子\屑屑.csv,21,3018003010200,あさひ,ひゅ～！,咻～！,黛冬優子,【(ノージャンル)グラヴィティ】黛冬優子,屑屑
黛冬優子\【(ノージャンル)グラヴィティ】黛冬優子\屑屑.csv,24,3018003010230,あさひ,あははっ！　大丈夫っすよ！,啊哈哈！ 没问题！,黛冬優子,【(ノージャンル)グラヴィティ】黛冬優子,屑屑
黛冬優子\【(ノージャンル)グラヴィティ】黛冬優子\屑屑.csv,25,3018003010240,あさひ,カタツムリ、いるっすかねえ！,会有蜗牛吗！,黛冬優子,【(ノージャンル)グラヴィティ】黛冬優子,屑屑
黛冬優子\【(ノージャンル)グラヴィティ】黛冬優子\屑屑.csv,27,3018003010260,あさひ,はいっす～,明白了～,黛冬優子,【(ノージャンル)グラヴィティ】黛冬優子,屑屑
黛冬優子\【(ノージャンル)グラヴィティ】黛冬優子\屑屑.csv,29,3018003010280,あさひ,"別に、冬優子ちゃんだけ
先に事務所行っててもよかったんすよ？","其实冬优子一个人
先去事务所也没问题呀？",黛冬優子,【(ノージャンル)グラヴィティ】黛冬優子,屑屑
黛冬優子\【(ノージャンル)グラヴィティ】黛冬優子\屑屑.csv,32,3018003010310,あさひ,ふーん……,嗯……,黛冬優子,【(ノージャンル)グラヴィティ】黛冬優子,屑屑
黛冬優子\【(ノージャンル)グラヴィティ】黛冬優子\屑屑.csv,33,3018003010320,あさひ,…………,,黛冬優子,【(ノージャンル)グラヴィティ】黛冬優子,屑屑
黛冬優子\【(ノージャンル)グラヴィティ】黛冬優子\屑屑.csv,36,3018003010350,あさひ,別に何も～,并没有想什么～,黛冬優子,【(ノージャンル)グラヴィティ】黛冬優子,屑屑
黛冬優子\【(ノージャンル)グラヴィティ】黛冬優子\屑屑.csv,38,3018003010370,あさひ,なんでっすか？,怎么了吗？,黛冬優子,【(ノージャンル)グラヴィティ】黛冬優子,屑屑
黛冬優子\【(ノージャンル)グラヴィティ】黛冬優子\屑屑.csv,40,3018003010390,あさひ,そっすか？,是这样吗？,黛冬優子,【(ノージャンル)グラヴィティ】黛冬優子,屑屑
黛冬優子\【(ノージャンル)グラヴィティ】黛冬優子\屑屑.csv,42,3018003010410,あさひ,"なんすかそれ？
冬優子ちゃん、そんなこと気になるんすか？","那是什么？
冬优子在在意那种事吗？",黛冬優子,【(ノージャンル)グラヴィティ】黛冬優子,屑屑
黛冬優子\【(ノージャンル)グラヴィティ】黛冬優子\屑屑.csv,44,3018003010430,あさひ,"……すごいっすね
雨、どんどん強くなるっす！","……好厉害啊
雨，越来越大了！",黛冬優子,【(ノージャンル)グラヴィティ】黛冬優子,屑屑
黛冬優子\【(ノージャンル)グラヴィティ】黛冬優子\屑屑.csv,46,3018003010450,あさひ,最悪なんすか？,糟透了吗？,黛冬優子,【(ノージャンル)グラヴィティ】黛冬優子,屑屑
黛冬優子\【(ノージャンル)グラヴィティ】黛冬優子\屑屑.csv,48,3018003010470,あさひ,冬優子ちゃんは雨、嫌いっすか？,冬优子讨厌下雨吗？,黛冬優子,【(ノージャンル)グラヴィティ】黛冬優子,屑屑
黛冬優子\【(ノージャンル)グラヴィティ】黛冬優子\屑屑.csv,52,3018003010510,あさひ,……そっすか,……这样啊。,黛冬優子,【(ノージャンル)グラヴィティ】黛冬優子,屑屑
黛冬優子\【(ノージャンル)グラヴィティ】黛冬優子\屑屑.csv,53,3018003010520,あさひ,わたしは楽しいっすけどね,我倒是挺开心的。,黛冬優子,【(ノージャンル)グラヴィティ】黛冬優子,屑屑
黛冬優子\【(ノージャンル)グラヴィティ】黛冬優子\屑屑.csv,55,3018003010540,あさひ,……冬優子ちゃん？,冬优子？,黛冬優子,【(ノージャンル)グラヴィティ】黛冬優子,屑屑
黛冬優子\【(ノージャンル)グラヴィティ】黛冬優子\屑屑.csv,56,3018003010550,あさひ,"どうしたっすか？
……何考えてるっすか？","怎么了？
……你在想什么？",黛冬優子,【(ノージャンル)グラヴィティ】黛冬優子,屑屑
黛冬優子\【283プロのヒナ】黛 冬優子 サポートイベント\猫かぶりと不良ごっこ.csv,7,3018002010050,あさひ,"今、他の人の声したっすよね？
どこにいるんすかー？","刚才听到了别人的声音
那个人跑去哪里了？",黛冬優子,【283プロのヒナ】黛 冬優子 サポートイベント,猫かぶりと不良ごっこ
黛冬優子\【283プロのヒナ】黛 冬優子 サポートイベント\猫かぶりと不良ごっこ.csv,10,3018002010071,冬優子＆あさひ,…………,…………,黛冬優子,【283プロのヒナ】黛 冬優子 サポートイベント,猫かぶりと不良ごっこ
黛冬優子\【283プロのヒナ】黛 冬優子 サポートイベント\猫かぶりと不良ごっこ.csv,11,3018002010080,あさひ,"不良……じゃあ、さっきのは不良の冬優子ちゃんなんすね！
別の人みたいっす！","不良……那刚才的声音是不良冬优子的声音！
听起来就像是别人一样！",黛冬優子,【283プロのヒナ】黛 冬優子 サポートイベント,猫かぶりと不良ごっこ
黛冬優子\【283プロのヒナ】黛 冬優子 サポートイベント\猫かぶりと不良ごっこ.csv,13,3018002010100,あさひ,それ、わたしも一緒にやるっす！,那个，我也可以一起做吗？,黛冬優子,【283プロのヒナ】黛 冬優子 サポートイベント,猫かぶりと不良ごっこ
黛冬優子\【283プロのヒナ】黛 冬優子 サポートイベント\猫かぶりと不良ごっこ.csv,15,3018002010120,あさひ,なんか面白そうなんで！　ほら、一緒にやるっすよ～！,总觉得很有趣！ 好啦，一起来练习吧！,黛冬優子,【283プロのヒナ】黛 冬優子 サポートイベント,猫かぶりと不良ごっこ
黛冬優子\【283プロのヒナ】黛 冬優子 サポートイベント\猫かぶりと不良ごっこ.csv,17,3018002010140,あさひ,それじゃあ、わたしからいくっすよ！,那，我先开始！,黛冬優子,【283プロのヒナ】黛 冬優子 サポートイベント,猫かぶりと不良ごっこ
黛冬優子\【283プロのヒナ】黛 冬優子 サポートイベント\猫かぶりと不良ごっこ.csv,18,3018002010150,あさひ,『おらおら、姉ちゃんよぉ。ちょっとツラ貸しな』,“噢拉噢拉，这位小姐，赏哥点脸”,黛冬優子,【283プロのヒナ】黛 冬優子 サポートイベント,猫かぶりと不良ごっこ
黛冬優子\【283プロのヒナ】黛 冬優子 サポートイベント\猫かぶりと不良ごっこ.csv,19,3018002010160,あさひ,──こんな感じっすかね？,——是这样的感觉吗？,黛冬優子,【283プロのヒナ】黛 冬優子 サポートイベント,猫かぶりと不良ごっこ
黛冬優子\【283プロのヒナ】黛 冬優子 サポートイベント\猫かぶりと不良ごっこ.csv,21,3018002010180,あさひ,次は冬優子ちゃんの番っす！,接下来轮到冬优子了！,黛冬優子,【283プロのヒナ】黛 冬優子 サポートイベント,猫かぶりと不良ごっこ
黛冬優子\【283プロのヒナ】黛 冬優子 サポートイベント\猫かぶりと不良ごっこ.csv,23,3018002010200,あさひ,"え、やらないんすか？　つまんないっす～
ほら、早くやるっすよ～！","诶？不做吗？ 那样太无聊了~
好了，快点做吧！",黛冬優子,【283プロのヒナ】黛 冬優子 サポートイベント,猫かぶりと不良ごっこ
黛冬優子\【283プロのヒナ】黛 冬優子 サポートイベント\猫かぶりと不良ごっこ.csv,26,3018002010230,あさひ,"ん～……
さっきのほうがもっと自然な感じだったっすよ？","嗯~……
刚才听到的感觉更加自然？",黛冬優子,【283プロのヒナ】黛 冬優子 サポートイベント,猫かぶりと不良ごっこ
黛冬優子\【283プロのヒナ】黛 冬優子 サポートイベント\猫かぶりと不良ごっこ.csv,28,3018002010250,あさひ,"さっきの冬優子ちゃんをまた見たいっす！
もう１回やってほしいっす～！","还想再看一次刚才冬优子！
再做一次可以吗！",黛冬優子,【283プロのヒナ】黛 冬優子 サポートイベント,猫かぶりと不良ごっこ
黛冬優子\【283プロのヒナ】黛 冬優子 サポートイベント\猫かぶりと不良ごっこ.csv,30,3018002010270,あさひ,"『おら、ちょっとツラ貸しな！
この間の落とし前つけてやるよ！』","“噢啦，赏哥点脸！
把之前的事做个了断！”",黛冬優子,【283プロのヒナ】黛 冬優子 サポートイベント,猫かぶりと不良ごっこ
黛冬優子\【283プロのヒナ】黛 冬優子 サポートイベント\猫かぶりと不良ごっこ.csv,33,3018002010300,あさひ,『へへ、言ってくれるじゃねーか！　後で後悔すんなよ！』,“诶，真敢说啊！ 等会你就知道后悔了！”,黛冬優子,【283プロのヒナ】黛 冬優子 サポートイベント,猫かぶりと不良ごっこ
黛冬優子\【283プロのヒナ】黛 冬優子 サポートイベント\猫かぶりと不良ごっこ.csv,36,3018002010330,あさひ,"『ほらほら、どうした？
てめーじゃわたしには勝てないってわかったか？』","“噢啦噢啦，怎么了？
终于明白了凭你是赢不了老子的吗？”",黛冬優子,【283プロのヒナ】黛 冬優子 サポートイベント,猫かぶりと不良ごっこ
黛冬優子\【283プロのヒナ】黛 冬優子 サポートイベント\猫かぶりと不良ごっこ.csv,39,3018002010360,あさひ,冬優子ちゃん……,冬优子……,黛冬優子,【283プロのヒナ】黛 冬優子 サポートイベント,猫かぶりと不良ごっこ
黛冬優子\【283プロのヒナ】黛 冬優子 サポートイベント\猫かぶりと不良ごっこ.csv,41,3018002010380,あさひ,"今のっすよ！　やっと見れたっす～！
やっぱできるじゃないっすか！","就是刚才那个！ 终于见到了！
这不是做得到吗！",黛冬優子,【283プロのヒナ】黛 冬優子 サポートイベント,猫かぶりと不良ごっこ
黛冬優子\【283プロのヒナ】黛 冬優子 サポートイベント\猫かぶりと不良ごっこ.csv,43,3018002010400,あさひ,"なるほどなるほど……
冬優子ちゃんの演技力、興味深いっす～！","原来如此原来如此……
冬优子的演技，真有趣！",黛冬優子,【283プロのヒナ】黛 冬優子 サポートイベント,猫かぶりと不良ごっこ
黛冬優子\【Wrong？】黛冬優子\勝者の勝手（味方のお願い）.csv,2,3018010010010,あさひ,"あー！　追いつけなかったっす～
冬優子ちゃん、速かったっすねー！","啊——！没能追上～
冬优子跑得真快啊——！",黛冬優子,【Wrong？】黛冬優子,勝者の勝手（味方のお願い）
黛冬優子\【Wrong？】黛冬優子\勝者の勝手（味方のお願い）.csv,4,3018010010030,あさひ,楽しかったっす！,太开心了！,黛冬優子,【Wrong？】黛冬優子,勝者の勝手（味方のお願い）
黛冬優子\【Wrong？】黛冬優子\勝者の勝手（味方のお願い）.csv,6,3018010010050,あさひ,"もう一回やりたいっす！
次は負けないっす！","还想再比一次！
下次我不会输了！",黛冬優子,【Wrong？】黛冬優子,勝者の勝手（味方のお願い）
黛冬優子\【Wrong？】黛冬優子\勝者の勝手（味方のお願い）.csv,15,3018010010140,あさひ,？,？,黛冬優子,【Wrong？】黛冬優子,勝者の勝手（味方のお願い）
黛冬優子\【Wrong？】黛冬優子\勝者の勝手（味方のお願い）.csv,17,3018010010160,あさひ,"！？
そんなルール聞いてないっす！","！？
之前没说有这规则啊！",黛冬優子,【Wrong？】黛冬優子,勝者の勝手（味方のお願い）
黛冬優子\【Wrong？】黛冬優子\勝者の勝手（味方のお願い）.csv,20,3018010010190,あさひ,えー……,哎——……,黛冬優子,【Wrong？】黛冬優子,勝者の勝手（味方のお願い）
黛冬優子\【Wrong？】黛冬優子\勝者の勝手（味方のお願い）.csv,25,3018010010240,あさひ,"……？
どういう時っすか？","……？
哪种情况？",黛冬優子,【Wrong？】黛冬優子,勝者の勝手（味方のお願い）
黛冬優子\【Wrong？】黛冬優子\勝者の勝手（味方のお願い）.csv,29,3018010010280,あさひ,ちゃんと戻るつもりだったっすよ,我有打算按时回去的,黛冬優子,【Wrong？】黛冬優子,勝者の勝手（味方のお願い）
黛冬優子\【Wrong？】黛冬優子\勝者の勝手（味方のお願い）.csv,33,3018010010320,あさひ,──……,——……,黛冬優子,【Wrong？】黛冬優子,勝者の勝手（味方のお願い）
黛冬優子\【Wrong？】黛冬優子\勝者の勝手（味方のお願い）.csv,38,3018010010370,あさひ,……白組の人、話聞いてくれなかったっす,……白队的人根本不听我说话,黛冬優子,【Wrong？】黛冬優子,勝者の勝手（味方のお願い）
黛冬優子\【Wrong？】黛冬優子\勝者の勝手（味方のお願い）.csv,41,3018010010400,あさひ,今日言ったっすよ,今天我说了啊,黛冬優子,【Wrong？】黛冬優子,勝者の勝手（味方のお願い）
黛冬優子\【Wrong？】黛冬優子\勝者の勝手（味方のお願い）.csv,43,3018010010420,あさひ,それはなかったっすね,那倒没有,黛冬優子,【Wrong？】黛冬優子,勝者の勝手（味方のお願い）
黛冬優子\【Wrong？】黛冬優子\勝者の勝手（味方のお願い）.csv,47,3018010010460,あさひ,……,……,黛冬優子,【Wrong？】黛冬優子,勝者の勝手（味方のお願い）
黛冬優子\【Wrong？】黛冬優子\勝者の勝手（味方のお願い）.csv,48,3018010010470,あさひ,──はいっす！,——明白了！,黛冬優子,【Wrong？】黛冬優子,勝者の勝手（味方のお願い）
黛冬優子\【Wrong？】黛冬優子\勝者の勝手（味方のお願い）.csv,50,3018010010490,あさひ,大丈夫っす、わかったっす,不用担心，我懂了,黛冬優子,【Wrong？】黛冬優子,勝者の勝手（味方のお願い）
黛冬優子\【Wrong？】黛冬優子\甘くてサクサクないじわる.csv,28,3018010020210,あさひ,"？
なんすか？","？
这是什么？",黛冬優子,【Wrong？】黛冬優子,甘くてサクサクないじわる
黛冬優子\【Wrong？】黛冬優子\甘くてサクサクないじわる.csv,30,3018010020230,あさひ,食べていいんすか？,可以吃吗？,黛冬優子,【Wrong？】黛冬優子,甘くてサクサクないじわる
黛冬優子\【Wrong？】黛冬優子\甘くてサクサクないじわる.csv,32,3018010020250,あさひ,"いただきまーす
──はむっ","那我不客气了～
——嘎吱",黛冬優子,【Wrong？】黛冬優子,甘くてサクサクないじわる
黛冬優子\【Wrong？】黛冬優子\甘くてサクサクないじわる.csv,34,3018010020270,あさひ,……？,……？,黛冬優子,【Wrong？】黛冬優子,甘くてサクサクないじわる
黛冬優子\【Wrong？】黛冬優子\甘くてサクサクないじわる.csv,36,3018010020290,あさひ,えっ,哎,黛冬優子,【Wrong？】黛冬優子,甘くてサクサクないじわる
黛冬優子\【Wrong？】黛冬優子\甘くてサクサクないじわる.csv,37,3018010020300,あさひ,"この量っすか？
こんなにいらないっすよ","这么多？
我吃不了这么多啊",黛冬優子,【Wrong？】黛冬優子,甘くてサクサクないじわる
黛冬優子\【Wrong？】黛冬優子\甘くてサクサクないじわる.csv,39,3018010020320,あさひ,"えっ
なんでっすか？　困るっす！","哎？
为什么？　我也很头疼哎！",黛冬優子,【Wrong？】黛冬優子,甘くてサクサクないじわる
黛冬優子\【Wrong？】黛冬優子\甘くてサクサクないじわる.csv,42,3018010020350,あさひ,ちょっと待ってほしいっす、冬優子ちゃん！,稍微等一下，冬优子！,黛冬優子,【Wrong？】黛冬優子,甘くてサクサクないじわる
黛冬優子\【Wrong？】黛冬優子\甘くてサクサクないじわる.csv,52,3018010020450,あさひ,冬優子ちゃんにもらったっすよ,是冬优子给我的,黛冬優子,【Wrong？】黛冬優子,甘くてサクサクないじわる
黛冬優子\【Wrong？】黛冬優子\甘くてサクサクないじわる.csv,53,3018010020460,あさひ,"全部どうにかしろって言われたんすけど、
なんなんすかね？","说让我全都处理掉，
到底是什么意思啊？",黛冬優子,【Wrong？】黛冬優子,甘くてサクサクないじわる
黛冬優子\【Wrong？】黛冬優子\甘くてサクサクないじわる.csv,56,3018010020490,あさひ,愛依ちゃん？,爱依？,黛冬優子,【Wrong？】黛冬優子,甘くてサクサクないじわる
黛冬優子\【Wrong？】黛冬優子\甘くてサクサクないじわる.csv,59,3018010020520,あさひ,いっすよ,可以啊,黛冬優子,【Wrong？】黛冬優子,甘くてサクサクないじわる
黛冬優子\【×トリック／〇＿＿＿＿】黛 冬優子\ハジク・ヒキアウ.csv,10,3018007010080,あさひ,"レッスンお疲れさまっす！
──冬優子ちゃん、こっちっす！","练习辛苦了！
──冬优子，到这里来！",黛冬優子,【×トリック／〇＿＿＿＿】黛 冬優子,ハジク・ヒキアウ
黛冬優子\【×トリック／〇＿＿＿＿】黛 冬優子\ハジク・ヒキアウ.csv,12,3018007010100,あさひ,"見せたいものがあるんすよ！
一緒に来てほしいっす！","我有东西想给你看看！
希望你能一起来！",黛冬優子,【×トリック／〇＿＿＿＿】黛 冬優子,ハジク・ヒキアウ
黛冬優子\【×トリック／〇＿＿＿＿】黛 冬優子\ハジク・ヒキアウ.csv,14,3018007010120,あさひ,"さっき見つけたんすけど、
すっごい冬優子ちゃんに似てて！","是我刚才找到的，
和冬优子非常像！",黛冬優子,【×トリック／〇＿＿＿＿】黛 冬優子,ハジク・ヒキアウ
黛冬優子\【×トリック／〇＿＿＿＿】黛 冬優子\ハジク・ヒキアウ.csv,49,3018007010470,あさひ,"？
どうしたんすか？　すごい顔っすよ","？
怎么了？表情很夸张呢",黛冬優子,【×トリック／〇＿＿＿＿】黛 冬優子,ハジク・ヒキアウ
黛冬優子\【×トリック／〇＿＿＿＿】黛 冬優子\ハジク・ヒキアウ.csv,52,3018007010500,あさひ,？,,黛冬優子,【×トリック／〇＿＿＿＿】黛 冬優子,ハジク・ヒキアウ
黛冬優子\【×トリック／〇＿＿＿＿】黛 冬優子\ハジク・ヒキアウ.csv,53,3018007010510,あさひ,"──そうだ！
冬優子ちゃんに聞きたいことがあるんす！","──对了！
我有事想问冬优子！",黛冬優子,【×トリック／〇＿＿＿＿】黛 冬優子,ハジク・ヒキアウ
黛冬優子\【×トリック／〇＿＿＿＿】黛 冬優子\ハジク・ヒキアウ.csv,55,3018007010530,あさひ,楽しいことっすよ！,是有趣的事！,黛冬優子,【×トリック／〇＿＿＿＿】黛 冬優子,ハジク・ヒキアウ
黛冬優子\【×トリック／〇＿＿＿＿】黛 冬優子\４文字、あるいは７文字.csv,32,3018007030310,あさひ,こっちは、すっごく怒られた時の写真っす！,这张，是对我发了很大火时的照片！,黛冬優子,【×トリック／〇＿＿＿＿】黛 冬優子,４文字、あるいは７文字
黛冬優子\【×トリック／〇＿＿＿＿】黛 冬優子\４文字、あるいは７文字.csv,36,3018007030340,あさひ,お疲れさまっす！,辛苦了！,黛冬優子,【×トリック／〇＿＿＿＿】黛 冬優子,４文字、あるいは７文字
黛冬優子\【×トリック／〇＿＿＿＿】黛 冬優子\４文字、あるいは７文字.csv,37,3018007030350,あさひ,冬優子ちゃん、その写真大きく出してほしいっす！,冬优子，可不可以把这张照片放大！,黛冬優子,【×トリック／〇＿＿＿＿】黛 冬優子,４文字、あるいは７文字
黛冬優子\【×トリック／〇＿＿＿＿】黛 冬優子\４文字、あるいは７文字.csv,41,3018007030390,あさひ,それ、写真撮ってた時にも聞いたっすよ～,这张，在拍的时候也听过了～,黛冬優子,【×トリック／〇＿＿＿＿】黛 冬優子,４文字、あるいは７文字
黛冬優子\【×トリック／〇＿＿＿＿】黛 冬優子\４文字、あるいは７文字.csv,42,3018007030400,あさひ,"この時のふたり、
何してるかわかんなくて面白かったっす！","这时候的你们俩，
不知道在做什么很有趣！",黛冬優子,【×トリック／〇＿＿＿＿】黛 冬優子,４文字、あるいは７文字
黛冬優子\【×トリック／〇＿＿＿＿】黛 冬優子\４文字、あるいは７文字.csv,44,3018007030420,あさひ,え～っ！,诶～！,黛冬優子,【×トリック／〇＿＿＿＿】黛 冬優子,４文字、あるいは７文字
黛冬優子\【×トリック／〇＿＿＿＿】黛 冬優子\４文字、あるいは７文字.csv,45,3018007030430,あさひ,"なんでっすか？！
褒めたのに！","为什么啊？！
不是夸了你们吗！",黛冬優子,【×トリック／〇＿＿＿＿】黛 冬優子,４文字、あるいは７文字
黛冬優子\【×トリック／〇＿＿＿＿】黛 冬優子\４文字、あるいは７文字.csv,47,3018007030450,あさひ,はいっす！,嗯！,黛冬優子,【×トリック／〇＿＿＿＿】黛 冬優子,４文字、あるいは７文字
黛冬優子\【×トリック／〇＿＿＿＿】黛 冬優子\４文字、あるいは７文字.csv,50,3018007030480,あさひ,次の写真見るっすか？,要看下一张照片吗？,黛冬優子,【×トリック／〇＿＿＿＿】黛 冬優子,４文字、あるいは７文字
黛冬優子\【×トリック／〇＿＿＿＿】黛 冬優子\４文字、あるいは７文字.csv,52,3018007030500,あさひ,見たいっす！,我想看！,黛冬優子,【×トリック／〇＿＿＿＿】黛 冬優子,４文字、あるいは７文字
黛冬優子\【×トリック／〇＿＿＿＿】黛 冬優子\４文字、あるいは７文字.csv,58,3018007030560,あさひ,"あ、そっすね
なんで残してたんすか？","啊，是啊
为什么还留着呢？",黛冬優子,【×トリック／〇＿＿＿＿】黛 冬優子,４文字、あるいは７文字
黛冬優子\【とある日の】黛冬優子\every single day.csv,2,3018013010010,あさひ,おはようっす！,早上好的说！,黛冬優子,【とある日の】黛冬優子,every single day
黛冬優子\【とある日の】黛冬優子\every single day.csv,5,3018013010020,あさひ,大丈夫っす！,没问题的说！,黛冬優子,【とある日の】黛冬優子,every single day
黛冬優子\【とある日の】黛冬優子\every single day.csv,17,3018013010080,あさひ,お腹減ったっす……！,肚子饿了的说……！,黛冬優子,【とある日の】黛冬優子,every single day
黛冬優子\【とある日の】黛冬優子\every single day.csv,21,3018013010110,あさひ,おにぎり！,饭团！,黛冬優子,【とある日の】黛冬優子,every single day
黛冬優子\【とある日の】黛冬優子\every single day.csv,26,3018013010140,あさひ,雨っすか？,下雨的说？,黛冬優子,【とある日の】黛冬優子,every single day
黛冬優子\【とある日の】黛冬優子\every single day.csv,28,3018013010160,あさひ,持ってきてないっす,没带的说,黛冬優子,【とある日の】黛冬優子,every single day
黛冬優子\【とある日の】黛冬優子\every single day.csv,31,3018013010190,あさひ,"えっ、じゃあ踊りたいっす！
さっき失敗したところ、もう一回……！","诶，那我想跳舞的说！
刚才没跳好的地方，再来一次……！",黛冬優子,【とある日の】黛冬優子,every single day
黛冬優子\【とある日の】黛冬優子\every single day.csv,45,3018013010330,あさひ,わ……！,哇……！,黛冬優子,【とある日の】黛冬優子,every single day
黛冬優子\【とある日の】黛冬優子\every single day.csv,46,3018013010340,あさひ,わたしも行くっす！,我也要去的说！,黛冬優子,【とある日の】黛冬優子,every single day
黛冬優子\【とある日の】黛冬優子\every single day.csv,48,3018013010360,あさひ,すぐ戻るっすよ！,马上回来的说！,黛冬優子,【とある日の】黛冬優子,every single day
黛冬優子\【とある日の】黛冬優子\every single day.csv,51,3018013010390,あさひ,あれ、冬優子ちゃんも行くっすか？,咦，冬优子也要去的说？,黛冬優子,【とある日の】黛冬優子,every single day
黛冬優子\【とある日の】黛冬優子\every single day.csv,88,3018013010710,あさひ,！,！,黛冬優子,【とある日の】黛冬優子,every single day
黛冬優子\【ストーリィズ】黛冬優子\＠和泉愛依.csv,9,3018006020080,あさひ,どういたしましてっすー,不用谢,黛冬優子,【ストーリィズ】黛冬優子,＠和泉愛依
黛冬優子\【ストーリィズ】黛冬優子\＠和泉愛依.csv,34,3018006020320,あさひ,ん？　もう一枚っすか？,啊？再拍一张吗？,黛冬優子,【ストーリィズ】黛冬優子,＠和泉愛依
黛冬優子\【ストーリィズ】黛冬優子\＠和泉愛依.csv,44,3018006020420,あさひ,はいっす！　ばっちりっす！,嗯！没问题！,黛冬優子,【ストーリィズ】黛冬優子,＠和泉愛依
黛冬優子\【ストーリィズ】黛冬優子\＠和泉愛依.csv,46,3018006020440,あさひ,最高の……決め顔……,最上镜的……表情……,黛冬優子,【ストーリィズ】黛冬優子,＠和泉愛依
黛冬優子\【ストーリィズ】黛冬優子\＠和泉愛依.csv,47,3018006020450,あさひ,これでいいっすか？,这样可以吗？,黛冬優子,【ストーリィズ】黛冬優子,＠和泉愛依
黛冬優子\【ストーリィズ】黛冬優子\＠和泉愛依.csv,59,3018006020570,あさひ,"『＠和泉愛依
自撮り勝負は誰が勝ちなんですかね？』","“＠和泉爱依
自拍大赛到底是谁赢了呢？”",黛冬優子,【ストーリィズ】黛冬優子,＠和泉愛依
黛冬優子\【ストーリィズ】黛冬優子\＠芹沢あさひ.csv,2,3018006010010,あさひ,"『ストレイライトの芹沢あさひです
ツイスタのアカウントを作りました』","“我是Straylight的芹泽朝日
我建了一个twista的账号”",黛冬優子,【ストーリィズ】黛冬優子,＠芹沢あさひ
黛冬優子\【ストーリィズ】黛冬優子\＠芹沢あさひ.csv,3,3018006010020,あさひ,"『芹沢あさひです
今日はみんなで初めての仕事です』","“我是芹泽朝日
今天和大家一起去做第一次的工作”",黛冬優子,【ストーリィズ】黛冬優子,＠芹沢あさひ
黛冬優子\【ストーリィズ】黛冬優子\＠芹沢あさひ.csv,4,3018006010030,あさひ,"『芹沢あさひです
『ゴールデンアイドルフェス』の投票が始まります』","“我是芹泽朝日
‘Golden Idol Fes’的投票开始了”",黛冬優子,【ストーリィズ】黛冬優子,＠芹沢あさひ
黛冬優子\【ストーリィズ】黛冬優子\＠芹沢あさひ.csv,5,3018006010040,あさひ,『投票してください』,“请投票给我”,黛冬優子,【ストーリィズ】黛冬優子,＠芹沢あさひ
黛冬優子\【ストーリィズ】黛冬優子\＠芹沢あさひ.csv,6,3018006010050,あさひ,『さっき見つけた変わった形の雲です』,“这是刚才发现的形状奇怪的云”,黛冬優子,【ストーリィズ】黛冬優子,＠芹沢あさひ
黛冬優子\【ストーリィズ】黛冬優子\＠芹沢あさひ.csv,7,3018006010060,あさひ,"『芹沢あさひです
『ゴールデンアイドルフェス』の中間発表でした』","“我是芹泽朝日
今天是‘Golden Idol Fes’的中期发表”",黛冬優子,【ストーリィズ】黛冬優子,＠芹沢あさひ
黛冬優子\【ストーリィズ】黛冬優子\＠芹沢あさひ.csv,8,3018006010070,あさひ,"『投票ありがとうございます
軍手が片方落ちてました』","“感谢大家投票
地上掉了一只手套”",黛冬優子,【ストーリィズ】黛冬優子,＠芹沢あさひ
黛冬優子\【ストーリィズ】黛冬優子\＠芹沢あさひ.csv,10,3018006010080,あさひ,"『芹沢あさひです
『ゴールデンアイドルフェス』ありがとうございました』","“我是芹泽朝日
‘Golden Idol Fes’感谢大家了”",黛冬優子,【ストーリィズ】黛冬優子,＠芹沢あさひ
黛冬優子\【ストーリィズ】黛冬優子\＠芹沢あさひ.csv,11,3018006010090,あさひ,………………,,黛冬優子,【ストーリィズ】黛冬優子,＠芹沢あさひ
黛冬優子\【ストーリィズ】黛冬優子\＠芹沢あさひ.csv,12,3018006010100,あさひ,………………,,黛冬優子,【ストーリィズ】黛冬優子,＠芹沢あさひ
黛冬優子\【ストーリィズ】黛冬優子\＠芹沢あさひ.csv,13,3018006010110,あさひ,………………………………,,黛冬優子,【ストーリィズ】黛冬優子,＠芹沢あさひ
黛冬優子\【ストーリィズ】黛冬優子\＠芹沢あさひ.csv,15,3018006010130,あさひ,しないっすー……,不会传的……,黛冬優子,【ストーリィズ】黛冬優子,＠芹沢あさひ
黛冬優子\【ストーリィズ】黛冬優子\＠芹沢あさひ.csv,18,3018006010160,あさひ,………………………………,,黛冬優子,【ストーリィズ】黛冬優子,＠芹沢あさひ
黛冬優子\【ストーリィズ】黛冬優子\＠芹沢あさひ.csv,20,3018006010180,あさひ,上手く撮れないんすー,我拍不好,黛冬優子,【ストーリィズ】黛冬優子,＠芹沢あさひ
黛冬優子\【ストーリィズ】黛冬優子\＠芹沢あさひ.csv,21,3018006010190,あさひ,"本当は、ファンの人がくれた花と
一緒に撮りたかったんすけど……",本来是想，和粉丝们送的花一起拍的……,黛冬優子,【ストーリィズ】黛冬優子,＠芹沢あさひ
黛冬優子\【ストーリィズ】黛冬優子\＠芹沢あさひ.csv,22,3018006010200,あさひ,"花、入るようにすると……
わたしが入らないし……","想要把花拍进去……
我就拍不进去……",黛冬優子,【ストーリィズ】黛冬優子,＠芹沢あさひ
黛冬優子\【ストーリィズ】黛冬優子\＠芹沢あさひ.csv,23,3018006010210,あさひ,"投票期間中は、
プロデューサーさんに撮ってもらってたんすけど……","在投票期间，
照片都是让制作人拍的……",黛冬優子,【ストーリィズ】黛冬優子,＠芹沢あさひ
黛冬優子\【ストーリィズ】黛冬優子\＠芹沢あさひ.csv,25,3018006010230,あさひ,あ、ぶれた,啊，拍糊了,黛冬優子,【ストーリィズ】黛冬優子,＠芹沢あさひ
黛冬優子\【ストーリィズ】黛冬優子\＠芹沢あさひ.csv,26,3018006010240,あさひ,"……冬優子ちゃん、
自分でツイスタの写真撮ってたじゃないっすか","……冬优子，
你发在twista的照片不都是自己拍的嘛",黛冬優子,【ストーリィズ】黛冬優子,＠芹沢あさひ
黛冬優子\【ストーリィズ】黛冬優子\＠芹沢あさひ.csv,27,3018006010250,あさひ,"愛依ちゃんも、みんなで撮るとき
上手にやってたし……","爱依也是，和大家一起拍的时候
也拍得很好……",黛冬優子,【ストーリィズ】黛冬優子,＠芹沢あさひ
黛冬優子\【ストーリィズ】黛冬優子\＠芹沢あさひ.csv,28,3018006010260,あさひ,"わたしも
やってみたいっすー","我也想
试试拍照",黛冬優子,【ストーリィズ】黛冬優子,＠芹沢あさひ
黛冬優子\【ストーリィズ】黛冬優子\＠芹沢あさひ.csv,30,3018006010280,あさひ,"えっと、右側に向けたいときは
スマホを左に傾け……？","呃，想朝向右边的时候
要把手机往左偏……？",黛冬優子,【ストーリィズ】黛冬優子,＠芹沢あさひ
黛冬優子\【ストーリィズ】黛冬優子\＠芹沢あさひ.csv,31,3018006010290,あさひ,──あ、花が入ってない,──啊，花没拍进去,黛冬優子,【ストーリィズ】黛冬優子,＠芹沢あさひ
黛冬優子\【ストーリィズ】黛冬優子\＠芹沢あさひ.csv,36,3018006010340,あさひ,できた……！,拍好了……！,黛冬優子,【ストーリィズ】黛冬優子,＠芹沢あさひ
黛冬優子\【ストーリィズ】黛冬優子\＠芹沢あさひ.csv,39,3018006010370,あさひ,"これで自撮りもばっちりっすね！
ありがとっす！","这下自拍也没问题了呢！
谢谢你们！",黛冬優子,【ストーリィズ】黛冬優子,＠芹沢あさひ
黛冬優子\【ストーリィズ】黛冬優子\＠芹沢あさひ.csv,43,3018006010391,あさひ＆冬優子,！,,黛冬優子,【ストーリィズ】黛冬優子,＠芹沢あさひ
黛冬優子\【ストーリィズ】黛冬優子\＠芹沢あさひ.csv,45,3018006010410,あさひ,それやりたいっす！,我想拍！,黛冬優子,【ストーリィズ】黛冬優子,＠芹沢あさひ
黛冬優子\【ストーリィズ】黛冬優子\＠芹沢あさひ.csv,47,3018006010430,あさひ,"ほら、愛依ちゃん……あと冬優子ちゃんも！
入るっす入るっす～！","快点，爱依……还有冬优子！
快过来快过来～！",黛冬優子,【ストーリィズ】黛冬優子,＠芹沢あさひ
黛冬優子\【ストーリィズ】黛冬優子\＠芹沢あさひ.csv,50,3018006010460,あさひ,"お……
おお……","哦……
哦哦……",黛冬優子,【ストーリィズ】黛冬優子,＠芹沢あさひ
黛冬優子\【ストーリィズ】黛冬優子\＠芹沢あさひ.csv,51,3018006010470,あさひ,"ほんとっす！
ちょっと動くと冬優子ちゃんが左側だけになるっす！","真的呢！
稍微动一下冬优子就只剩左边了！",黛冬優子,【ストーリィズ】黛冬優子,＠芹沢あさひ
黛冬優子\【ストーリィズ】黛冬優子\＠芹沢あさひ.csv,55,3018006010510,あさひ,"なるほど……
よーっし……","原来如此……
好……",黛冬優子,【ストーリィズ】黛冬優子,＠芹沢あさひ
黛冬優子\【ストーリィズ】黛冬優子\＠芹沢あさひ.csv,56,3018006010520,あさひ,"『芹沢あさひです
みんなで撮りました』","“我是芹泽朝日
和大家拍了张”",黛冬優子,【ストーリィズ】黛冬優子,＠芹沢あさひ
黛冬優子\【ストーリィズ】黛冬優子\＠黛冬優子.csv,10,3018006030090,あさひ,はいっすー,好的,黛冬優子,【ストーリィズ】黛冬優子,＠黛冬優子
黛冬優子\【ストーリィズ】黛冬優子\＠黛冬優子.csv,15,3018006030140,あさひ,なんすかー？,什么？,黛冬優子,【ストーリィズ】黛冬優子,＠黛冬優子
黛冬優子\【ストーリィズ】黛冬優子\＠黛冬優子.csv,25,3018006030240,あさひ,今日は愛依ちゃんがセンターっすよ～,今天爱依是center～,黛冬優子,【ストーリィズ】黛冬優子,＠黛冬優子
黛冬優子\【ストーリィズ】黛冬優子\＠黛冬優子.csv,32,3018006030310,あさひ,いいっすよね、愛依ちゃん！,可以的吧，爱依！,黛冬優子,【ストーリィズ】黛冬優子,＠黛冬優子
黛冬優子\【ストーリィズ】黛冬優子\＠黛冬優子.csv,37,3018006030341,あさひ＆愛依,！,,黛冬優子,【ストーリィズ】黛冬優子,＠黛冬優子
黛冬優子\【ストーリィズ】黛冬優子\＠黛冬優子.csv,41,3018006030380,あさひ,"なんすかー？
見せるっすよ～、冬優子ちゃーん","什么？
给我看看～冬优子",黛冬優子,【ストーリィズ】黛冬優子,＠黛冬優子
黛冬優子\【ストーリィズ】黛冬優子\＠黛冬優子.csv,46,3018006030421,あさひ＆愛依,………………,,黛冬優子,【ストーリィズ】黛冬優子,＠黛冬優子
黛冬優子\【ストーリィズ】黛冬優子\＠黛冬優子.csv,48,3018006030440,あさひ,わかったっすよ、冬優子ちゃん,我懂了，冬优子,黛冬優子,【ストーリィズ】黛冬優子,＠黛冬優子
黛冬優子\【ストーリィズ】黛冬優子\＠黛冬優子.csv,51,3018006030470,あさひ,"怒ったっす～！
逃げるっす～！","生气了～！
快跑～！",黛冬優子,【ストーリィズ】黛冬優子,＠黛冬優子
黛冬優子\【ストーリィズ】黛冬優子\＠黛冬優子.csv,63,3018006030590,あさひ,"『＠黛冬優子
こんな感じなんですね～』","“＠黛冬优子
是这样的啊～”",黛冬優子,【ストーリィズ】黛冬優子,＠黛冬優子
黛冬優子\【スパイシーベリィデコレイト】黛 冬優子\お連れ様から目を離さないように.csv,5,3018004020040,あさひ,辞めずに……？,不会被辞退……?,黛冬優子,【スパイシーベリィデコレイト】黛 冬優子,お連れ様から目を離さないように
黛冬優子\【スパイシーベリィデコレイト】黛 冬優子\お連れ様から目を離さないように.csv,10,3018004020080,あさひ,冬優子ちゃん、そのお店見たいんすか？,冬优子，想要看这间店吗？,黛冬優子,【スパイシーベリィデコレイト】黛 冬優子,お連れ様から目を離さないように
黛冬優子\【スパイシーベリィデコレイト】黛 冬優子\お連れ様から目を離さないように.csv,15,3018004020130,あさひ,わたしもあっち見に行ってくるっす～！,我去那边看一下！,黛冬優子,【スパイシーベリィデコレイト】黛 冬優子,お連れ様から目を離さないように
黛冬優子\【スパイシーベリィデコレイト】黛 冬優子\お連れ様から目を離さないように.csv,19,3018004020170,あさひ,愛依ちゃん！,爱依,黛冬優子,【スパイシーベリィデコレイト】黛 冬優子,お連れ様から目を離さないように
黛冬優子\【スパイシーベリィデコレイト】黛 冬優子\お連れ様から目を離さないように.csv,22,3018004020200,あさひ,"愛依ちゃん愛依ちゃん、
あっち、面白そうっす！","爱依爱依，
那边好像很有趣的样子。",黛冬優子,【スパイシーベリィデコレイト】黛 冬優子,お連れ様から目を離さないように
黛冬優子\【スパイシーベリィデコレイト】黛 冬優子\お連れ様から目を離さないように.csv,27,3018004020230,あさひ,"そうっす！
見に行くっすよ！","是的！
一起去看吧！",黛冬優子,【スパイシーベリィデコレイト】黛 冬優子,お連れ様から目を離さないように
黛冬優子\【スパイシーベリィデコレイト】黛 冬優子\お連れ様から目を離さないように.csv,29,3018004020250,あさひ,急ぐっすよ～！,快点走吧！,黛冬優子,【スパイシーベリィデコレイト】黛 冬優子,お連れ様から目を離さないように
黛冬優子\【スパイシーベリィデコレイト】黛 冬優子\お連れ様から目を離さないように.csv,41,3018004020370,あさひ,"そっすね！
ここのタップダンスが……","说的是！
那里的踢踏舞啊……",黛冬優子,【スパイシーベリィデコレイト】黛 冬優子,お連れ様から目を離さないように
黛冬優子\【スパイシーベリィデコレイト】黛 冬優子\お連れ様から目を離さないように.csv,43,3018004020390,あさひ,あ、冬優子ちゃんのこと忘れてたっす,啊，完全忘记冬优子了,黛冬優子,【スパイシーベリィデコレイト】黛 冬優子,お連れ様から目を離さないように
黛冬優子\【スパイシーベリィデコレイト】黛 冬優子\お連れ様から目を離さないように.csv,47,3018004020430,あさひ,あれ？,咦？,黛冬優子,【スパイシーベリィデコレイト】黛 冬優子,お連れ様から目を離さないように
黛冬優子\【スパイシーベリィデコレイト】黛 冬優子\お連れ様から目を離さないように.csv,49,3018004020450,あさひ,ちょっとそのショッパー……,等一下那个购物袋……,黛冬優子,【スパイシーベリィデコレイト】黛 冬優子,お連れ様から目を離さないように
黛冬優子\【スパイシーベリィデコレイト】黛 冬優子\お連れ様から目を離さないように.csv,50,3018004020460,あさひ,これ、冬優子ちゃんのスマホっす,这个不是冬优子的手机吗,黛冬優子,【スパイシーベリィデコレイト】黛 冬優子,お連れ様から目を離さないように
黛冬優子\【スパイシーベリィデコレイト】黛 冬優子\お連れ様から目を離さないように.csv,53,3018004020490,あさひ,"あ、冬優子ちゃん！
ちょうどよかったっす！　これ、冬優子ちゃんの！","啊，冬优子！
来得正好！ 这个，是冬优子的！",黛冬優子,【スパイシーベリィデコレイト】黛 冬優子,お連れ様から目を離さないように
黛冬優子\【スパイシーベリィデコレイト】黛 冬優子\お連れ様から目を離さないように.csv,56,3018004020520,あさひ,『ジャスティスＶダンスショー』っす！,去看「正义Ｖ舞蹈表演」了,黛冬優子,【スパイシーベリィデコレイト】黛 冬優子,お連れ様から目を離さないように
黛冬優子\【スパイシーベリィデコレイト】黛 冬優子\お連れ様から目を離さないように.csv,65,3018004020610,あさひ,"冬優子ちゃんもショー見たかったんすか？
声かければよかったっすね","冬优子也想看表演吗？
早知道和我们说一声就好了。",黛冬優子,【スパイシーベリィデコレイト】黛 冬優子,お連れ様から目を離さないように
黛冬優子\【スパイシーベリィデコレイト】黛 冬優子\お連れ様から目を離さないように.csv,68,3018004020631,あさひ＆愛依,？,,黛冬優子,【スパイシーベリィデコレイト】黛 冬優子,お連れ様から目を離さないように
黛冬優子\【スパイシーベリィデコレイト】黛 冬優子\アイドル私服☆大解剖スペシャル.csv,3,3018004010020,あさひ,『普段着てる服を持ってくるように』っすよね,说了“把平常穿的衣服带来”,黛冬優子,【スパイシーベリィデコレイト】黛 冬優子,アイドル私服☆大解剖スペシャル
黛冬優子\【スパイシーベリィデコレイト】黛 冬優子\アイドル私服☆大解剖スペシャル.csv,4,3018004010030,あさひ,だから、ほら！　ちゃんと着てるっすよ！,所以，你瞧！ 我这不是穿着吗！,黛冬優子,【スパイシーベリィデコレイト】黛 冬優子,アイドル私服☆大解剖スペシャル
黛冬優子\【スパイシーベリィデコレイト】黛 冬優子\アイドル私服☆大解剖スペシャル.csv,8,3018004010070,あさひ,えぇ～、でもこれ一番よく着てるっすよ？,诶～ 但这是我最常穿的衣服啊？,黛冬優子,【スパイシーベリィデコレイト】黛 冬優子,アイドル私服☆大解剖スペシャル
黛冬優子\【スパイシーベリィデコレイト】黛 冬優子\アイドル私服☆大解剖スペシャル.csv,11,3018004010090,あさひ,むー……,呣——……,黛冬優子,【スパイシーベリィデコレイト】黛 冬優子,アイドル私服☆大解剖スペシャル
黛冬優子\【スパイシーベリィデコレイト】黛 冬優子\アイドル私服☆大解剖スペシャル.csv,17,3018004010150,あさひ,冬優子ちゃんはどんなの持ってきたっすか？,冬优子带了什么过来呢？,黛冬優子,【スパイシーベリィデコレイト】黛 冬優子,アイドル私服☆大解剖スペシャル
黛冬優子\【スパイシーベリィデコレイト】黛 冬優子\アイドル私服☆大解剖スペシャル.csv,22,3018004010200,あさひ,次は学校のジャージ持ってくるっす！,下次我把学校的夹克带过来！,黛冬優子,【スパイシーベリィデコレイト】黛 冬優子,アイドル私服☆大解剖スペシャル
黛冬優子\【スパイシーベリィデコレイト】黛 冬優子\アイドル私服☆大解剖スペシャル.csv,27,3018004010240,あさひ,ひ……っ！,噫！,黛冬優子,【スパイシーベリィデコレイト】黛 冬優子,アイドル私服☆大解剖スペシャル
黛冬優子\【スパイシーベリィデコレイト】黛 冬優子\アイドル私服☆大解剖スペシャル.csv,29,3018004010250,あさひ,そ、そんなぁ……！,怎，怎么会……!,黛冬優子,【スパイシーベリィデコレイト】黛 冬優子,アイドル私服☆大解剖スペシャル
黛冬優子\【スパイシーベリィデコレイト】黛 冬優子\アイドル私服☆大解剖スペシャル.csv,42,3018004010321,あさひ＆愛依,え？,诶？,黛冬優子,【スパイシーベリィデコレイト】黛 冬優子,アイドル私服☆大解剖スペシャル
黛冬優子\【スパイシーベリィデコレイト】黛 冬優子\アイドル私服☆大解剖スペシャル.csv,44,3018004010340,あさひ,冬優子ちゃん？,冬优子？,黛冬優子,【スパイシーベリィデコレイト】黛 冬優子,アイドル私服☆大解剖スペシャル
黛冬優子\【スパイシーベリィデコレイト】黛 冬優子\アイドル私服☆大解剖スペシャル.csv,50,3018004010400,あさひ,"え～
いつもの服って言われたんすけど～","诶～
明明说是平时穿的衣服～",黛冬優子,【スパイシーベリィデコレイト】黛 冬優子,アイドル私服☆大解剖スペシャル
黛冬優子\【スパイシーベリィデコレイト】黛 冬優子\アイドル私服☆大解剖スペシャル.csv,55,3018004010450,あさひ,そっすね,说的是呢,黛冬優子,【スパイシーベリィデコレイト】黛 冬優子,アイドル私服☆大解剖スペシャル
黛冬優子\【スパイシーベリィデコレイト】黛 冬優子\アイドル私服☆大解剖スペシャル.csv,57,3018004010470,あさひ,"ん～
そっすかね～……","嗯～
说的是吗～",黛冬優子,【スパイシーベリィデコレイト】黛 冬優子,アイドル私服☆大解剖スペシャル
黛冬優子\【スパイシーベリィデコレイト】黛 冬優子\ストレイライト♡おふしょっと.csv,2,3018004030001,あさひ＆愛依,"『冬優子ちゃんに大変なご迷惑をおかけしたため、
お詫びになんでもします』","“这次给冬优子造成了巨大的麻烦，
作为谢罪什么都会做。”",黛冬優子,【スパイシーベリィデコレイト】黛 冬優子,ストレイライト♡おふしょっと
黛冬優子\【スパイシーベリィデコレイト】黛 冬優子\ストレイライト♡おふしょっと.csv,5,3018004030030,あさひ,冬優子ちゃん、そのおっきい荷物どうしたんすか？,冬优子，那个大型的箱子是什么？,黛冬優子,【スパイシーベリィデコレイト】黛 冬優子,ストレイライト♡おふしょっと
黛冬優子\【スパイシーベリィデコレイト】黛 冬優子\ストレイライト♡おふしょっと.csv,10,3018004030080,あさひ,お人形……すか？,人偶……吗？,黛冬優子,【スパイシーベリィデコレイト】黛 冬優子,ストレイライト♡おふしょっと
黛冬優子\【スパイシーベリィデコレイト】黛 冬優子\ストレイライト♡おふしょっと.csv,15,3018004030130,あさひ,"これも化粧道具なんすか？
何に使うんすかね？","这个也是化妆道具吗，
是干什么用的？",黛冬優子,【スパイシーベリィデコレイト】黛 冬優子,ストレイライト♡おふしょっと
黛冬優子\【スパイシーベリィデコレイト】黛 冬優子\ストレイライト♡おふしょっと.csv,21,3018004030190,あさひ,？,,黛冬優子,【スパイシーベリィデコレイト】黛 冬優子,ストレイライト♡おふしょっと
黛冬優子\【スパイシーベリィデコレイト】黛 冬優子\ストレイライト♡おふしょっと.csv,28,3018004030260,あさひ,"よくわかんないけど……
とりあえず着ればいいんすね？","虽然不是很明白，
穿这件就行了吗？",黛冬優子,【スパイシーベリィデコレイト】黛 冬優子,ストレイライト♡おふしょっと
黛冬優子\【スパイシーベリィデコレイト】黛 冬優子\ストレイライト♡おふしょっと.csv,29,3018004030270,あさひ,じゃ、いってくるっす～,那我去换衣服了～,黛冬優子,【スパイシーベリィデコレイト】黛 冬優子,ストレイライト♡おふしょっと
黛冬優子\【スパイシーベリィデコレイト】黛 冬優子\ストレイライト♡おふしょっと.csv,34,3018004030320,あさひ,"冬優子ちゃん～
早くするっす～","冬优子
快点拍～",黛冬優子,【スパイシーベリィデコレイト】黛 冬優子,ストレイライト♡おふしょっと
黛冬優子\【スパイシーベリィデコレイト】黛 冬優子\ストレイライト♡おふしょっと.csv,36,3018004030340,あさひ,おお……,哦哦,黛冬優子,【スパイシーベリィデコレイト】黛 冬優子,ストレイライト♡おふしょっと
黛冬優子\【スパイシーベリィデコレイト】黛 冬優子\ストレイライト♡おふしょっと.csv,44,3018004030420,あさひ,"こんなちゃんと化粧したの
仕事以外だと初めてっす～……","像这样好好化妆，
除了工作这是第一次～",黛冬優子,【スパイシーベリィデコレイト】黛 冬優子,ストレイライト♡おふしょっと
黛冬優子\【スパイシーベリィデコレイト】黛 冬優子\ストレイライト♡おふしょっと.csv,48,3018004030460,あさひ,"でもこれ動きにくいっすね
何かあっても走れないっす","但这个动起来好不方便，
遇到什么也跑不起来",黛冬優子,【スパイシーベリィデコレイト】黛 冬優子,ストレイライト♡おふしょっと
黛冬優子\【スパイシーベリィデコレイト】黛 冬優子\ストレイライト♡おふしょっと.csv,53,3018004030510,あさひ,"このリボン、ぴらぴらしてて邪魔なんで、
引っ張ってみていっすか？","这个缎带，晃来晃去好碍事。
扯下来可以吗？",黛冬優子,【スパイシーベリィデコレイト】黛 冬優子,ストレイライト♡おふしょっと
黛冬優子\【ノー墨・勝者フェイス】黛冬優子\塗ってやったわ！.csv,31,3018005030140,あさひ,"わたしはまだ納得してないっす～
もう１回勝負するっすよ～","我还不能接受这个结果～
我要再比一场～",黛冬優子,【ノー墨・勝者フェイス】黛冬優子,塗ってやったわ！
黛冬優子\【ノー墨・勝者フェイス】黛冬優子\塗ってやったわ！.csv,37,3018005030180,あさひ,"どういうことっすか！？
詳しく知りたいっす！","这是什么意思！？
我想问个清楚！",黛冬優子,【ノー墨・勝者フェイス】黛冬優子,塗ってやったわ！
黛冬優子\【ノー墨・勝者フェイス】黛冬優子\塗ってやったわ！.csv,46,3018005030240,あさひ,わたしの笑顔だって輝いてたっす～！,我的笑容可是很灿烂的～！,黛冬優子,【ノー墨・勝者フェイス】黛冬優子,塗ってやったわ！
黛冬優子\【ノー墨・勝者フェイス】黛冬優子\塗ってやったわ！.csv,49,3018005030270,あさひ,冬優子ちゃんに笑顔で勝つ……,在笑容上赢过冬优子……,黛冬優子,【ノー墨・勝者フェイス】黛冬優子,塗ってやったわ！
黛冬優子\【ノー墨・勝者フェイス】黛冬優子\塗ってやったわ！.csv,50,3018005030280,あさひ,"面白そっす！
冬優子ちゃん、今度勝負するっすよ！","好像挺有趣！
冬优子，下次再来比赛吧！",黛冬優子,【ノー墨・勝者フェイス】黛冬優子,塗ってやったわ！
黛冬優子\【ノー墨・勝者フェイス】黛冬優子\塗られたくない.csv,3,3018005010020,あさひ,かかってくるっす！,放马过来吧！,黛冬優子,【ノー墨・勝者フェイス】黛冬優子,塗られたくない
黛冬優子\【ノー墨・勝者フェイス】黛冬優子\塗られたくない.csv,6,3018005010050,あさひ,──おぉ～、いい球っす！　それっ！,——喔，好球！　接着！,黛冬優子,【ノー墨・勝者フェイス】黛冬優子,塗られたくない
黛冬優子\【ノー墨・勝者フェイス】黛冬優子\塗られたくない.csv,13,3018005010120,あさひ,──あ！,——啊！,黛冬優子,【ノー墨・勝者フェイス】黛冬優子,塗られたくない
黛冬優子\【ノー墨・勝者フェイス】黛冬優子\塗られたくない.csv,16,3018005010150,あさひ,おぉ！　ナイス回避っす！,喔！　躲得好！,黛冬優子,【ノー墨・勝者フェイス】黛冬優子,塗られたくない
黛冬優子\【ノー墨・勝者フェイス】黛冬優子\塗られたくない.csv,22,3018005010170,あさひ,はいっす！　面白いっす！,嗯！　很有趣！,黛冬優子,【ノー墨・勝者フェイス】黛冬優子,塗られたくない
黛冬優子\【ノー墨・勝者フェイス】黛冬優子\塗られたくない.csv,26,3018005010180,あさひ,さっきの続きやるっす！,接着刚才的打吧！,黛冬優子,【ノー墨・勝者フェイス】黛冬優子,塗られたくない
黛冬優子\【ノー墨・勝者フェイス】黛冬優子\塗られたくない.csv,31,3018005010230,あさひ,"──あ、墨と筆があるっす
これって何に使うんすか？","——啊，有墨和笔
这是用来做什么的？",黛冬優子,【ノー墨・勝者フェイス】黛冬優子,塗られたくない
黛冬優子\【ノー墨・勝者フェイス】黛冬優子\塗られたくない.csv,34,3018005010260,あさひ,おぉ、面白そっすね！　それもやるっすよ！,喔，好像很有趣！　那就整一个吧！,黛冬優子,【ノー墨・勝者フェイス】黛冬優子,塗られたくない
黛冬優子\【ノー墨・勝者フェイス】黛冬優子\塗られたくない.csv,36,3018005010280,あさひ,えぇ～、面白そうなのに～,诶～明明很有趣～,黛冬優子,【ノー墨・勝者フェイス】黛冬優子,塗られたくない
黛冬優子\【ノー墨・勝者フェイス】黛冬優子\塗られたくない.csv,38,3018005010300,あさひ,む～……つまんないっす～,啊～……真没劲～,黛冬優子,【ノー墨・勝者フェイス】黛冬優子,塗られたくない
黛冬優子\【ノー墨・勝者フェイス】黛冬優子\塗られたくない.csv,40,3018005010320,あさひ,またわたしの勝ちっす～！,我又赢了～！,黛冬優子,【ノー墨・勝者フェイス】黛冬優子,塗られたくない
黛冬優子\【ノー墨・勝者フェイス】黛冬優子\塗られたくない.csv,44,3018005010360,あさひ,冬優子ちゃん、もう１回やるっす～！,冬优子，再来一次～！,黛冬優子,【ノー墨・勝者フェイス】黛冬優子,塗られたくない
黛冬優子\【ノー墨・勝者フェイス】黛冬優子\塗られないために.csv,46,3018005020450,あさひ,冬優子ちゃーん──,冬优子——,黛冬優子,【ノー墨・勝者フェイス】黛冬優子,塗られないために
黛冬優子\【ノー墨・勝者フェイス】黛冬優子\塗られないために.csv,48,3018005020470,あさひ,あさひっす！,我是朝日！,黛冬優子,【ノー墨・勝者フェイス】黛冬優子,塗られないために
黛冬優子\【ノー墨・勝者フェイス】黛冬優子\塗られないために.csv,50,3018005020490,あさひ,"記者の人が体調悪くなっちゃって
リスケになったんす","记者身体不舒服
就改日子了",黛冬優子,【ノー墨・勝者フェイス】黛冬優子,塗られないために
黛冬優子\【ノー墨・勝者フェイス】黛冬優子\塗られないために.csv,51,3018005020500,あさひ,それで帰ろうとしたら愛依ちゃんに会ったんすよ！,然后正要回去的时候碰上了爱依！,黛冬優子,【ノー墨・勝者フェイス】黛冬優子,塗られないために
黛冬優子\【ノー墨・勝者フェイス】黛冬優子\塗られないために.csv,52,3018005020510,あさひ,"冬優子ちゃんが散歩してるって聞いたんで、来たっす！
面白そうなんで！","听说冬优子在散步，我就来了！
因为觉得会很有趣！",黛冬優子,【ノー墨・勝者フェイス】黛冬優子,塗られないために
黛冬優子\【ノー墨・勝者フェイス】黛冬優子\塗られないために.csv,54,3018005020530,あさひ,もう散歩は終わっちゃったんすか？,已经散完步了吗？,黛冬優子,【ノー墨・勝者フェイス】黛冬優子,塗られないために
黛冬優子\【ノー墨・勝者フェイス】黛冬優子\塗られないために.csv,56,3018005020550,あさひ,"なーんだ、つまんないっす
じゃあ帰るっす！","什么嘛，真没劲
那我回去了！",黛冬優子,【ノー墨・勝者フェイス】黛冬優子,塗られないために
黛冬優子\【ノー墨・勝者フェイス】黛冬優子\塗られないために.csv,57,3018005020560,あさひ,ばいばいっす～！,BYE BYE～!,黛冬優子,【ノー墨・勝者フェイス】黛冬優子,塗られないために
黛冬優子\【三つ数えて】黛冬優子\友人は会議がお好き (1).csv,4,3018015010030,あさひ,んー……,嗯……,黛冬優子,【三つ数えて】黛冬優子,友人は会議がお好き (1)
黛冬優子\【三つ数えて】黛冬優子\友人は会議がお好き (1).csv,6,3018015010050,あさひ,手、疲れてきたっす,手，已经开始累了,黛冬優子,【三つ数えて】黛冬優子,友人は会議がお好き (1)
黛冬優子\【三つ数えて】黛冬優子\友人は会議がお好き (1).csv,9,3018015010080,あさひ,そっすね,说的是呢,黛冬優子,【三つ数えて】黛冬優子,友人は会議がお好き (1)
黛冬優子\【三つ数えて】黛冬優子\友人は会議がお好き (1).csv,11,3018015010100,あさひ,あげないっすよ,谁也不送哦,黛冬優子,【三つ数えて】黛冬優子,友人は会議がお好き (1)
黛冬優子\【三つ数えて】黛冬優子\友人は会議がお好き (1).csv,13,3018015010120,あさひ,なんすか？　それ,啊？那是什么,黛冬優子,【三つ数えて】黛冬優子,友人は会議がお好き (1)
黛冬優子\【三つ数えて】黛冬優子\友人は会議がお好き (1).csv,15,3018015010140,あさひ,交換したらなんかあるんすか？,交换了有什么好处吗？,黛冬優子,【三つ数えて】黛冬優子,友人は会議がお好き (1)
黛冬優子\【三つ数えて】黛冬優子\友人は会議がお好き (1).csv,19,3018015010180,あさひ,ふーん……,唔……,黛冬優子,【三つ数えて】黛冬優子,友人は会議がお好き (1)
黛冬優子\【三つ数えて】黛冬優子\友人は会議がお好き (1).csv,22,3018015010210,あさひ,"んー……
まあ、いっすけど","嗯……
嘛，好吧",黛冬優子,【三つ数えて】黛冬優子,友人は会議がお好き (1)
黛冬優子\【三つ数えて】黛冬優子\友人は会議がお好き (1).csv,36,3018015010341,あさひ＆愛依,ぶーぶー！,哼哼！,黛冬優子,【三つ数えて】黛冬優子,友人は会議がお好き (1)
黛冬優子\【三つ数えて】黛冬優子\友人は会議がお好き (1).csv,40,3018015010371,あさひ＆愛依,お疲れっす,辛苦了,黛冬優子,【三つ数えて】黛冬優子,友人は会議がお好き (1)
黛冬優子\【三つ数えて】黛冬優子\友人は会議がお好き (1).csv,42,3018015010390,あさひ,そうなんすかねー,真的吗～,黛冬優子,【三つ数えて】黛冬優子,友人は会議がお好き (1)
黛冬優子\【三つ数えて】黛冬優子\友人は会議がお好き (1).csv,48,3018015010441,あさひ＆愛依,──────,──────,黛冬優子,【三つ数えて】黛冬優子,友人は会議がお好き (1)
黛冬優子\【三つ数えて】黛冬優子\友人は会議がお好き (1).csv,55,3018015010510,あさひ,そっすか？,会吗？,黛冬優子,【三つ数えて】黛冬優子,友人は会議がお好き (1)
黛冬優子\【三つ数えて】黛冬優子\友人は会議がお好き (1).csv,57,3018015010530,あさひ,友チョコも面白いっすね,友情巧克力也很有趣呢,黛冬優子,【三つ数えて】黛冬優子,友人は会議がお好き (1)
黛冬優子\【三つ数えて】黛冬優子\甘ちゃん教育 (5).csv,4,3018015020030,あさひ,あっ……！,啊……！,黛冬優子,【三つ数えて】黛冬優子,甘ちゃん教育 (5)
黛冬優子\【三つ数えて】黛冬優子\甘ちゃん教育 (5).csv,6,3018015020050,あさひ,"…………それ
なんで冬優子ちゃんが持ってるっすか","…………为什么
冬优子会拿着那页笔记",黛冬優子,【三つ数えて】黛冬優子,甘ちゃん教育 (5)
黛冬優子\【三つ数えて】黛冬優子\甘ちゃん教育 (5).csv,8,3018015020070,あさひ,……見たっすか？,……你看过了吗？,黛冬優子,【三つ数えて】黛冬優子,甘ちゃん教育 (5)
黛冬優子\【三つ数えて】黛冬優子\甘ちゃん教育 (5).csv,11,3018015020100,あさひ,"秘密っす
冬優子ちゃんに教えたらだめなやつっす","是秘密
是不能告诉冬优子的事情",黛冬優子,【三つ数えて】黛冬優子,甘ちゃん教育 (5)
黛冬優子\【三つ数えて】黛冬優子\甘ちゃん教育 (5).csv,14,3018015020130,あさひ,"あっ、やっぱり見たっすね！
なんで見たっすか","啊，果然你还是看了！
为什么要看啊",黛冬優子,【三つ数えて】黛冬優子,甘ちゃん教育 (5)
黛冬優子\【三つ数えて】黛冬優子\甘ちゃん教育 (5).csv,16,3018015020150,あさひ,会議……？,会议……？,黛冬優子,【三つ数えて】黛冬優子,甘ちゃん教育 (5)
黛冬優子\【三つ数えて】黛冬優子\甘ちゃん教育 (5).csv,19,3018015020180,あさひ,もう冬優子ちゃんにバレたっすよ,可是已经让冬优子知道了,黛冬優子,【三つ数えて】黛冬優子,甘ちゃん教育 (5)
黛冬優子\【三つ数えて】黛冬優子\甘ちゃん教育 (5).csv,23,3018015020220,あさひ,…………,…………,黛冬優子,【三つ数えて】黛冬優子,甘ちゃん教育 (5)
黛冬優子\【三つ数えて】黛冬優子\甘ちゃん教育 (5).csv,27,3018015020260,あさひ,プレゼント、直接会って渡したほうが面白くないっすか？,直接面交礼物的话，不是更有趣吗？,黛冬優子,【三つ数えて】黛冬優子,甘ちゃん教育 (5)
黛冬優子\【三つ数えて】黛冬優子\甘ちゃん教育 (5).csv,29,3018015020280,あさひ,ふーん？,唔——？,黛冬優子,【三つ数えて】黛冬優子,甘ちゃん教育 (5)
黛冬優子\【三つ数えて】黛冬優子\甘ちゃん教育 (5).csv,32,3018015020310,あさひ,はいっす！,好——！,黛冬優子,【三つ数えて】黛冬優子,甘ちゃん教育 (5)
黛冬優子\【三つ数えて】黛冬優子\甘ちゃん教育 (5).csv,36,3018015020350,あさひ,"大丈夫っす
冬優子ちゃんの作戦────","没关系的
冬优子的计划————",黛冬優子,【三つ数えて】黛冬優子,甘ちゃん教育 (5)
黛冬優子\【三つ数えて】黛冬優子\甘ちゃん教育 (5).csv,38,3018015020370,あさひ,"────冬優子ちゃん、しょっちゅう事務所寄るから
近いうちに来ると思うっす","————冬优子总是会来事务所嘛
我想过不了多久就会来的",黛冬優子,【三つ数えて】黛冬優子,甘ちゃん教育 (5)
黛冬優子\【三つ数えて】黛冬優子\甘ちゃん教育 (5).csv,48,3018015020470,あさひ,もう来てたんすか,已经来了吗,黛冬優子,【三つ数えて】黛冬優子,甘ちゃん教育 (5)
黛冬優子\【三つ数えて】黛冬優子\甘ちゃん教育 (5).csv,53,3018015020520,あさひ,愛依ちゃんと作ったっす,和爱依一起做的,黛冬優子,【三つ数えて】黛冬優子,甘ちゃん教育 (5)
黛冬優子\【三つ数えて】黛冬優子\甘ちゃん教育 (5).csv,56,3018015020550,あさひ,"『あさひへ』『愛依へ』…………
愛依ちゃん、なんかチョコの袋が置いてあるっすよ","“给朝日”“给爱依”…………
爱依，好像有装了巧克力的袋子放在这了",黛冬優子,【三つ数えて】黛冬優子,甘ちゃん教育 (5)
黛冬優子\【三つ数えて】黛冬優子\甘ちゃん教育 (5).csv,58,3018015020560,あさひ,"えっと……
『バレンタインありがとう。お礼の気持ちに』────","那个……
“谢谢你们的情人节礼物。这是我的一点心意”——",黛冬優子,【三つ数えて】黛冬優子,甘ちゃん教育 (5)
黛冬優子\【三つ数えて】黛冬優子\甘ちゃん教育 (5).csv,62,3018015020591,あさひ＆愛依,やったっす、お菓子っす～,太好了，是点心～,黛冬優子,【三つ数えて】黛冬優子,甘ちゃん教育 (5)
黛冬優子\【三つ数えて】黛冬優子\甘ちゃん教育 (5).csv,68,3018015020650,あさひ,"……冬優子ちゃんの顔
なんか赤いっす","……冬优子的脸
好像红了呢",黛冬優子,【三つ数えて】黛冬優子,甘ちゃん教育 (5)
黛冬優子\【三つ数えて】黛冬優子\甘ちゃん教育 (5).csv,71,3018015020671,あさひ＆愛依,あははっ！,啊哈！,黛冬優子,【三つ数えて】黛冬優子,甘ちゃん教育 (5)
黛冬優子\【二律背反sweet】黛冬優子\思いの外　深い.csv,2,3018011020010,あさひ,愛依ちゃん、つまんないっす～,爱依，好无聊啊～,黛冬優子,【二律背反sweet】黛冬優子,思いの外　深い
黛冬優子\【二律背反sweet】黛冬優子\思いの外　深い.csv,3,3018011020020,あさひ,なんかないっすか？,没点好玩的吗？,黛冬優子,【二律背反sweet】黛冬優子,思いの外　深い
黛冬優子\【二律背反sweet】黛冬優子\思いの外　深い.csv,5,3018011020031,あさひ＆愛依,"最初はグー！
じゃんけん──","各就位！
石头剪子——",黛冬優子,【二律背反sweet】黛冬優子,思いの外　深い
黛冬優子\【二律背反sweet】黛冬優子\思いの外　深い.csv,6,3018011020032,あさひ＆愛依,ポン！,布！,黛冬優子,【二律背反sweet】黛冬優子,思いの外　深い
黛冬優子\【二律背反sweet】黛冬優子\思いの外　深い.csv,8,3018011020050,あさひ,"今度は愛依ちゃんが後攻っす！
わたしからいくっすよ～！","这次是爱依后手！
那我先来了～！",黛冬優子,【二律背反sweet】黛冬優子,思いの外　深い
黛冬優子\【二律背反sweet】黛冬優子\思いの外　深い.csv,11,3018011020071,あさひ＆愛依,？,？,黛冬優子,【二律背反sweet】黛冬優子,思いの外　深い
黛冬優子\【二律背反sweet】黛冬優子\思いの外　深い.csv,14,3018011020100,あさひ,"？
ゲーム、だめっすか？","？
游戏不行？",黛冬優子,【二律背反sweet】黛冬優子,思いの外　深い
黛冬優子\【二律背反sweet】黛冬優子\思いの外　深い.csv,16,3018011020120,あさひ,そっすか？,是吗？,黛冬優子,【二律背反sweet】黛冬優子,思いの外　深い
黛冬優子\【二律背反sweet】黛冬優子\思いの外　深い.csv,19,3018011020150,あさひ,"うーん
じゃあ、外行くのはどうっすか？","嗯——
那到外面去怎么样？",黛冬優子,【二律背反sweet】黛冬優子,思いの外　深い
黛冬優子\【二律背反sweet】黛冬優子\思いの外　深い.csv,21,3018011020170,あさひ,"あっ！　おじさんおじさん！
さっきのヨットで世界一周の話、もっと聞きたいっす！","啊！　大叔大叔！
我还想多听听刚才那个游艇环游世界的故事！",黛冬優子,【二律背反sweet】黛冬優子,思いの外　深い
黛冬優子\【二律背反sweet】黛冬優子\思いの外　深い.csv,22,3018011020180,あさひ,サメとかクジラとか出たっすか！？,遇到鲨鱼或者鲸鱼之类了吗！？,黛冬優子,【二律背反sweet】黛冬優子,思いの外　深い
黛冬優子\【二律背反sweet】黛冬優子\思いの外　深い.csv,24,3018011020190,あさひ,"……？
サメとかクジラ、出たっすか？","……？
遇到鲨鱼或者鲸鱼了吗？",黛冬優子,【二律背反sweet】黛冬優子,思いの外　深い
黛冬優子\【二律背反sweet】黛冬優子\思いの外　深い.csv,27,3018011020210,あさひ,"──嵐が来たら沈まないんすか？
寝る時は流されたりしないんすか？","——暴风雨来了也不会沉吗？
睡觉的时候不会被水流冲走吗？",黛冬優子,【二律背反sweet】黛冬優子,思いの外　深い
黛冬優子\【二律背反sweet】黛冬優子\思いの外　深い.csv,29,3018011020220,あさひ,"えー！
すぐに知りたいっすよ～！","唉～！
我现在就想知道啊～！",黛冬優子,【二律背反sweet】黛冬優子,思いの外　深い
黛冬優子\【二律背反sweet】黛冬優子\思いの外　深い.csv,35,3018011020251,あさひ＆愛依,──,——,黛冬優子,【二律背反sweet】黛冬優子,思いの外　深い
黛冬優子\【二律背反sweet】黛冬優子\思いの外　深い.csv,39,3018011020281,あさひ＆愛依,……,……,黛冬優子,【二律背反sweet】黛冬優子,思いの外　深い
黛冬優子\【二律背反sweet】黛冬優子\思いの外　深い.csv,41,3018011020300,あさひ,何がっすか？,哪里不好了？,黛冬優子,【二律背反sweet】黛冬優子,思いの外　深い
黛冬優子\【二律背反sweet】黛冬優子\思いの外　深い.csv,43,3018011020320,あさひ,愛依ちゃん、遊ぶっすよ～！,爱依，一起玩啦～！,黛冬優子,【二律背反sweet】黛冬優子,思いの外　深い
黛冬優子\【二律背反sweet】黛冬優子\思いの外　深い.csv,47,3018011020360,あさひ,"あれ、ゲームするっすか？
なんすか、それ","咦，还是玩游戏？
那是什么",黛冬優子,【二律背反sweet】黛冬優子,思いの外　深い
黛冬優子\【二律背反sweet】黛冬優子\思いの外　深い.csv,49,3018011020380,あさひ,"んー……
面白いっすか？","嗯——……
好玩吗？",黛冬優子,【二律背反sweet】黛冬優子,思いの外　深い
黛冬優子\【二律背反sweet】黛冬優子\思いの外　深い.csv,51,3018011020400,あさひ,おお～……！,喔～……！,黛冬優子,【二律背反sweet】黛冬優子,思いの外　深い
黛冬優子\【二律背反sweet】黛冬優子\思いの外　深い.csv,52,3018011020410,あさひ,"愛依ちゃん、腕がぷるぷるしてるっすよ！
まばたきも銅像っぽくないっす！","爱依你的胳膊在抖哦！
另外会眨眼这点也不像铜像！",黛冬優子,【二律背反sweet】黛冬優子,思いの外　深い
黛冬優子\【二律背反sweet】黛冬優子\思いの外　深い.csv,53,3018011020420,あさひ,こんな感じで──,要像这样——,黛冬優子,【二律背反sweet】黛冬優子,思いの外　深い
黛冬優子\【二律背反sweet】黛冬優子\思いの外　深い.csv,56,3018011020450,あさひ,…………,…………,黛冬優子,【二律背反sweet】黛冬優子,思いの外　深い
黛冬優子\【二律背反sweet】黛冬優子\思いの外　深い.csv,61,3018011020500,あさひ,"愛依ちゃん！
しゃべったからアウトっす！","爱依！
你说话了所以出局！",黛冬優子,【二律背反sweet】黛冬優子,思いの外　深い
黛冬優子\【二律背反sweet】黛冬優子\思いの外　深い.csv,63,3018011020520,あさひ,愛依ちゃんの負けっすよ！,这局爱依你输了！,黛冬優子,【二律背反sweet】黛冬優子,思いの外　深い
黛冬優子\【二律背反sweet】黛冬優子\思いの外　深い.csv,66,3018011020541,あさひ＆愛依,……,……,黛冬優子,【二律背反sweet】黛冬優子,思いの外　深い
黛冬優子\【二律背反sweet】黛冬優子\思いの外　深い.csv,68,3018011020560,あさひ,あはは～,啊哈哈～,黛冬優子,【二律背反sweet】黛冬優子,思いの外　深い
黛冬優子\【二律背反sweet】黛冬優子\１と３の境界.csv,36,3018011010250,あさひ,『おっきなパンケーキです』,“大号松饼”,黛冬優子,【二律背反sweet】黛冬優子,１と３の境界
黛冬優子\【二律背反sweet】黛冬優子\１と３の境界.csv,43,3018011010320,あさひ,『はい』,“行”,黛冬優子,【二律背反sweet】黛冬優子,１と３の境界
黛冬優子\【二律背反sweet】黛冬優子\１と３の境界.csv,46,3018011010350,あさひ,『どこに行きますか』,“去哪见面”,黛冬優子,【二律背反sweet】黛冬優子,１と３の境界
黛冬優子\【二律背反sweet】黛冬優子\１と３の境界.csv,56,3018011010450,あさひ,『おいしそう』,“好像不错”,黛冬優子,【二律背反sweet】黛冬優子,１と３の境界
黛冬優子\【散光白書】黛冬優子\【散光白書】黛 冬優子01.csv,2,3018016010010,あさひ,"わっ……冬優子ちゃん
なんかいるっす！","哇……冬优子
有人在诶！",黛冬優子,【散光白書】黛冬優子,【散光白書】黛 冬優子01
黛冬優子\【散光白書】黛冬優子\【散光白書】黛 冬優子01.csv,4,3018016010030,あさひ,"あれ……生きてる人間っすよね？
なんであの人動かないっすか？","咦……那是真人吧？
为什么一动不动的呢？",黛冬優子,【散光白書】黛冬優子,【散光白書】黛 冬優子01
黛冬優子\【散光白書】黛冬優子\【散光白書】黛 冬優子01.csv,6,3018016010050,あさひ,"あー……あれが……
本物の人形みたいっすね！","啊……那个人偶……
看起来就像活的一样！",黛冬優子,【散光白書】黛冬優子,【散光白書】黛 冬優子01
黛冬優子\【散光白書】黛冬優子\【散光白書】黛 冬優子01.csv,12,3018016010110,あさひ,わたしはどっちでもいっす,我都可以的,黛冬優子,【散光白書】黛冬優子,【散光白書】黛 冬優子01
黛冬優子\【散光白書】黛冬優子\【散光白書】黛 冬優子01.csv,15,3018016010131,あさひ＆冬優子,…………,…………,黛冬優子,【散光白書】黛冬優子,【散光白書】黛 冬優子01
黛冬優子\【散光白書】黛冬優子\【散光白書】黛 冬優子01.csv,17,3018016010150,あさひ,"？
遊びに来たんじゃないんすか？","？
我们不就是来玩的吗？",黛冬優子,【散光白書】黛冬優子,【散光白書】黛 冬優子01
黛冬優子\【散光白書】黛冬優子\【散光白書】黛 冬優子01.csv,21,3018016010190,あさひ,……,,黛冬優子,【散光白書】黛冬優子,【散光白書】黛 冬優子01
黛冬優子\【散光白書】黛冬優子\【散光白書】黛 冬優子01.csv,33,3018016010310,あさひ,"五平餅っていうやつみたいっす！
冬優子ちゃんの分も買っといたっす","这边好像有卖五平饼！
我也买了冬优子的那份",黛冬優子,【散光白書】黛冬優子,【散光白書】黛 冬優子01
黛冬優子\【散光白書】黛冬優子\【散光白書】黛 冬優子01.csv,37,3018016010350,あさひ,ん～～,嗯～～,黛冬優子,【散光白書】黛冬優子,【散光白書】黛 冬優子01
黛冬優子\【散光白書】黛冬優子\【散光白書】黛 冬優子01.csv,39,3018016010370,あさひ,"ねぇ！
みんな何やってるの？","嘿！
大家在玩什么呢？",黛冬優子,【散光白書】黛冬優子,【散光白書】黛 冬優子01
黛冬優子\【散光白書】黛冬優子\【散光白書】黛 冬優子01.csv,43,3018016010400,あさひ,"あっ
猫っす！","哇
是猫诶！",黛冬優子,【散光白書】黛冬優子,【散光白書】黛 冬優子01
黛冬優子\【散光白書】黛冬優子\【散光白書】黛 冬優子01.csv,44,3018016010410,あさひ,"ん！　なんすかあのお土産……
気になるっす！","唔！  那是什么特产啊……
我好想知道！",黛冬優子,【散光白書】黛冬優子,【散光白書】黛 冬優子01
黛冬優子\【散光白書】黛冬優子\【散光白書】黛 冬優子01.csv,53,3018016010460,あさひ,"古い町だったっすけど
面白かったっすね～","虽然镇子已经很老了
但是真的很有趣诶～",黛冬優子,【散光白書】黛冬優子,【散光白書】黛 冬優子01
黛冬優子\【散光白書】黛冬優子\【散光白書】黛 冬優子01.csv,56,3018016010490,あさひ,"……
協力？","……
帮忙？",黛冬優子,【散光白書】黛冬優子,【散光白書】黛 冬優子01
黛冬優子\【散光白書】黛冬優子\【散光白書】黛 冬優子01.csv,59,3018016010520,あさひ,……だって冬優子ちゃんが言ったっすよ,……但这是冬优子自己说的啊,黛冬優子,【散光白書】黛冬優子,【散光白書】黛 冬優子01
黛冬優子\【散光白書】黛冬優子\【散光白書】黛 冬優子01.csv,61,3018016010540,あさひ,"どうせあさひは嘘なんかつけないんだし
何も考えず楽しんだ方がファンにも楽しいのが伝わる、って","反正朝日也瞒不住别人
只要尽情享受了，这种快乐就能自然而然传达给粉丝",黛冬優子,【散光白書】黛冬優子,【散光白書】黛 冬優子01
黛冬優子\【散光白書】黛冬優子\【散光白書】黛 冬優子01.csv,62,3018016010550,あさひ,"だから、言われた通り
楽しいのを楽しんでたっす","所以我只是像你说的那样
尽情去享受身边的快乐",黛冬優子,【散光白書】黛冬優子,【散光白書】黛 冬優子01
黛冬優子\【散光白書】黛冬優子\【散光白書】黛 冬優子01.csv,63,3018016010560,あさひ,"なんか、違ってたっすか？
冬優子ちゃん","我是哪里，理解错了吗？
冬优子",黛冬優子,【散光白書】黛冬優子,【散光白書】黛 冬優子01
黛冬優子\【散光白書】黛冬優子\【散光白書】黛 冬優子01.csv,68,3018016010610,あさひ,"冬優子ちゃん……
あそこの看板のやつ、どうっすか？","冬优子……
我们就去那边的看板拍几张吧？",黛冬優子,【散光白書】黛冬優子,【散光白書】黛 冬優子01
黛冬優子\【散光白書】黛冬優子\【散光白書】黛 冬優子01.csv,69,3018016010620,あさひ,あの穴から顔が出せるっす！,能把脑袋从那个洞里探出来哦！,黛冬優子,【散光白書】黛冬優子,【散光白書】黛 冬優子01
黛冬優子\【散光白書】黛冬優子\【散光白書】黛 冬優子01.csv,71,3018016010640,あさひ,…………,…………,黛冬優子,【散光白書】黛冬優子,【散光白書】黛 冬優子01
黛冬優子\【散光白書】黛冬優子\【散光白書】黛 冬優子01.csv,73,3018016010660,あさひ,……いいんすか？,……可以吗？,黛冬優子,【散光白書】黛冬優子,【散光白書】黛 冬優子01
黛冬優子\【散光白書】黛冬優子\【散光白書】黛 冬優子01.csv,75,3018016010680,あさひ,はいっす！,来哩！,黛冬優子,【散光白書】黛冬優子,【散光白書】黛 冬優子01
黛冬優子\【散光白書】黛冬優子\【散光白書】黛 冬優子01.csv,76,3018016010690,あさひ,…………,…………,黛冬優子,【散光白書】黛冬優子,【散光白書】黛 冬優子01
黛冬優子\【散光白書】黛冬優子\【散光白書】黛 冬優子02.csv,15,3018016020140,あさひ,"えー……
もうちょっと見たいっす～","诶……
我还想再看看嘛～",黛冬優子,【散光白書】黛冬優子,【散光白書】黛 冬優子02
黛冬優子\【散光白書】黛冬優子\【散光白書】黛 冬優子02.csv,19,3018016020180,あさひ,"五平餅っていうやつみたいっす！
冬優子ちゃんの分も買っといたっす","这边好像有卖五平饼！
我也买了冬优子的那份",黛冬優子,【散光白書】黛冬優子,【散光白書】黛 冬優子02
黛冬優子\【散光白書】黛冬優子\【散光白書】黛 冬優子02.csv,21,3018016020200,あさひ,ん～～,嗯～～,黛冬優子,【散光白書】黛冬優子,【散光白書】黛 冬優子02
黛冬優子\【散光白書】黛冬優子\【散光白書】黛 冬優子02.csv,34,3018016020300,あさひ,"ねぇ！
みんな何やってるの？","嘿！
大家在玩什么呢？",黛冬優子,【散光白書】黛冬優子,【散光白書】黛 冬優子02
黛冬優子\【散光白書】黛冬優子\【散光白書】黛 冬優子02.csv,37,3018016020330,あさひ,よっ！,哟！,黛冬優子,【散光白書】黛冬優子,【散光白書】黛 冬優子02
黛冬優子\【散光白書】黛冬優子\【散光白書】黛 冬優子02.csv,43,3018016020380,あさひ,"おー……
これが噂の猫の集会ってやつっすね！","噢……
这就是传说中的猫咪集会吧！",黛冬優子,【散光白書】黛冬優子,【散光白書】黛 冬優子02
黛冬優子\【散光白書】黛冬優子\【散光白書】黛 冬優子02.csv,46,3018016020410,あさひ,あははっ,啊哈哈,黛冬優子,【散光白書】黛冬優子,【散光白書】黛 冬優子02
黛冬優子\【散光白書】黛冬優子\【散光白書】黛 冬優子02.csv,53,3018016020480,あさひ,はいっす！,来哩！,黛冬優子,【散光白書】黛冬優子,【散光白書】黛 冬優子02
黛冬優子\【散光白書】黛冬優子\【散光白書】黛 冬優子02.csv,58,3018016020520,あさひ,面白くないっすか？,不好玩吗？,黛冬優子,【散光白書】黛冬優子,【散光白書】黛 冬優子02
黛冬優子\【散光白書】黛冬優子\【散光白書】黛 冬優子02.csv,60,3018016020540,あさひ,えー……,诶……,黛冬優子,【散光白書】黛冬優子,【散光白書】黛 冬優子02
黛冬優子\【浮遊回帰線】黛冬優子\逃.csv,6,3018014020050,あさひ,うー……,呜——……,黛冬優子,【浮遊回帰線】黛冬優子,逃
黛冬優子\【浮遊回帰線】黛冬優子\逃.csv,8,3018014020070,あさひ,どうやったら干からびるっすか？,要怎样才算是被晒干呢？,黛冬優子,【浮遊回帰線】黛冬優子,逃
黛冬優子\【浮遊回帰線】黛冬優子\逃.csv,11,3018014020100,あさひ,"冬優子ちゃん
文句ばっかっすね","冬优子今天
真是满腹抱怨的说",黛冬優子,【浮遊回帰線】黛冬優子,逃
黛冬優子\【浮遊回帰線】黛冬優子\逃.csv,14,3018014020130,あさひ,……！,……！,黛冬優子,【浮遊回帰線】黛冬優子,逃
黛冬優子\【浮遊回帰線】黛冬優子\逃.csv,17,3018014020160,あさひ,"かき氷屋さんっす！
あれ食べるっすー！","有卖刨冰的人的说！
我想吃那个的说——！",黛冬優子,【浮遊回帰線】黛冬優子,逃
黛冬優子\【浮遊回帰線】黛冬優子\逃.csv,19,3018014020180,あさひ,"…………
おいしいっすね～","…………
真好吃的说～",黛冬優子,【浮遊回帰線】黛冬優子,逃
黛冬優子\【浮遊回帰線】黛冬優子\逃.csv,21,3018014020200,あさひ,"？
いちご味、おいしくないっすか？","？
草莓味不好吃吗？",黛冬優子,【浮遊回帰線】黛冬優子,逃
黛冬優子\【浮遊回帰線】黛冬優子\逃.csv,24,3018014020230,あさひ,はいっす,是的说,黛冬優子,【浮遊回帰線】黛冬優子,逃
黛冬優子\【浮遊回帰線】黛冬優子\逃.csv,25,3018014020240,あさひ,まだ暑いっすか？,还觉得热吗？,黛冬優子,【浮遊回帰線】黛冬優子,逃
黛冬優子\【浮遊回帰線】黛冬優子\逃.csv,28,3018014020270,あさひ,んー……,嗯——……,黛冬優子,【浮遊回帰線】黛冬優子,逃
黛冬優子\【浮遊回帰線】黛冬優子\逃.csv,30,3018014020290,あさひ,"海、楽しみっす～
冬優子ちゃんは違うっすか？","我很期待去海边的说～
冬优子不期待吗？",黛冬優子,【浮遊回帰線】黛冬優子,逃
黛冬優子\【浮遊回帰線】黛冬優子\逃.csv,33,3018014020320,あさひ,海に入っちゃえば、一緒じゃないっすか？,钻进海里的话不就没区别了吗？,黛冬優子,【浮遊回帰線】黛冬優子,逃
黛冬優子\【浮遊回帰線】黛冬優子\逃.csv,35,3018014020340,あさひ,汗かいても、みんな海だからわかんないっすよ,就算出汗了，大家都在海里也就看不到了的说,黛冬優子,【浮遊回帰線】黛冬優子,逃
黛冬優子\【浮遊回帰線】黛冬優子\逃.csv,38,3018014020370,あさひ,"えー
めんどくさいっすねー","诶——
好麻烦的说——",黛冬優子,【浮遊回帰線】黛冬優子,逃
黛冬優子\【浮遊回帰線】黛冬優子\逃.csv,41,3018014020400,あさひ,"たくさんあって
どれがどれかわかんないっすよ","买了这么多
哪种是哪种我分不清的说",黛冬優子,【浮遊回帰線】黛冬優子,逃
黛冬優子\【浮遊回帰線】黛冬優子\逃.csv,49,3018014020480,あさひ,はいっす,是的说,黛冬優子,【浮遊回帰線】黛冬優子,逃
黛冬優子\【浮遊回帰線】黛冬優子\逃.csv,61,3018014020600,あさひ,冬優子ちゃーん,冬优子————,黛冬優子,【浮遊回帰線】黛冬優子,逃
黛冬優子\【浮遊回帰線】黛冬優子\逃.csv,62,3018014020610,あさひ,"なんかうちわもらったっす！
これであおげば……","我收到把扇子的说！
用这个扇一扇就没那么……",黛冬優子,【浮遊回帰線】黛冬優子,逃
黛冬優子\【浮遊回帰線】黛冬優子\逃.csv,63,3018014020620,あさひ,……あれ？,……诶？,黛冬優子,【浮遊回帰線】黛冬優子,逃
黛冬優子\【浮遊回帰線】黛冬優子\逃.csv,64,3018014020630,あさひ,…………,…………,黛冬優子,【浮遊回帰線】黛冬優子,逃
黛冬優子\【浮遊回帰線】黛冬優子\逃.csv,65,3018014020640,あさひ,あ、帰ってきたっすか,啊，冬优子回来了啊,黛冬優子,【浮遊回帰線】黛冬優子,逃
黛冬優子\【浮遊回帰線】黛冬優子\逃.csv,67,3018014020660,あさひ,"遅かったっすね
何やってたっすか？","好慢的说
你干什么去了？",黛冬優子,【浮遊回帰線】黛冬優子,逃
黛冬優子\【浮遊回帰線】黛冬優子\逃.csv,69,3018014020680,あさひ,"アイス、欲しいっすか？
冷凍庫に入ってるっすよ","想吃冰淇淋吗？
冰箱里有的说",黛冬優子,【浮遊回帰線】黛冬優子,逃
黛冬優子\【浮遊回帰線】黛冬優子\逃.csv,71,3018014020700,あさひ,？,？,黛冬優子,【浮遊回帰線】黛冬優子,逃
黛冬優子\【浮遊回帰線】黛冬優子\逃.csv,73,3018014020720,あさひ,"み…………？
なんすか、『み』って？","水…………？
什么水？",黛冬優子,【浮遊回帰線】黛冬優子,逃
黛冬優子\【浮遊回帰線】黛冬優子\逃.csv,75,3018014020740,あさひ,……？,……？,黛冬優子,【浮遊回帰線】黛冬優子,逃
黛冬優子\【浮遊回帰線】黛冬優子\逃.csv,76,3018014020750,あさひ,"プロデューサーさん
冬優子ちゃんが干からびてるっす","制作人
冬优子被晒干了的说",黛冬優子,【浮遊回帰線】黛冬優子,逃
黛冬優子\【浮遊回帰線】黛冬優子\遊.csv,11,3018014030060,あさひ,"冬優子ちゃん、愛依ちゃん
海行きたいっす！","冬优子，爱依
我想去海滩的说！",黛冬優子,【浮遊回帰線】黛冬優子,遊
黛冬優子\【浮遊回帰線】黛冬優子\遊.csv,13,3018014030080,あさひ,海、全然入ってないっす,还没下过海的说,黛冬優子,【浮遊回帰線】黛冬優子,遊
黛冬優子\【浮遊回帰線】黛冬優子\遊.csv,20,301801403092,あさひ＆愛依,海っす～！,可以下海了的说～！,黛冬優子,【浮遊回帰線】黛冬優子,遊
黛冬優子\【浮遊回帰線】黛冬優子\遊.csv,22,3018014030110,あさひ,遊ぶっすよ～！,要去玩了的说～！,黛冬優子,【浮遊回帰線】黛冬優子,遊
黛冬優子\【浮遊回帰線】黛冬優子\遊.csv,29,3018014030171,あさひ＆愛依,はいっす！,是的说！,黛冬優子,【浮遊回帰線】黛冬優子,遊
黛冬優子\【浮遊回帰線】黛冬優子\遊.csv,30,3018014030180,あさひ,わっせ、わっせ…………！,嘿咻，嘿咻…………！,黛冬優子,【浮遊回帰線】黛冬優子,遊
黛冬優子\【浮遊回帰線】黛冬優子\遊.csv,31,3018014030190,あさひ,２人とも、遅いっすよー！,你们两个好慢的说——！,黛冬優子,【浮遊回帰線】黛冬優子,遊
黛冬優子\【浮遊回帰線】黛冬優子\遊.csv,51,3018014030330,あさひ,んー……？,嗯——……？,黛冬優子,【浮遊回帰線】黛冬優子,遊
黛冬優子\【浮遊回帰線】黛冬優子\遊.csv,54,3018014030340,あさひ,そっすか……？,是吗……？,黛冬優子,【浮遊回帰線】黛冬優子,遊
黛冬優子\【浮遊回帰線】黛冬優子\遊.csv,61,3018014030350,あさひ＆冬優子＆愛依,──────────────,————————————,黛冬優子,【浮遊回帰線】黛冬優子,遊
黛冬優子\【馴染まないで非日常】黛冬優子\お饅頭ひとつ分の時間.csv,2,3018009010010,あさひ,あっ、畳だ～！,啊，是榻榻米～！,黛冬優子,【馴染まないで非日常】黛冬優子,お饅頭ひとつ分の時間
黛冬優子\【馴染まないで非日常】黛冬優子\お饅頭ひとつ分の時間.csv,3,3018009010020,あさひ,"──！
窓からなんか見えるっす！","——！
从窗户里能看见什么东西！",黛冬優子,【馴染まないで非日常】黛冬優子,お饅頭ひとつ分の時間
黛冬優子\【馴染まないで非日常】黛冬優子\お饅頭ひとつ分の時間.csv,8,3018009010070,あさひ,わかってるっすよ～,我知道的～,黛冬優子,【馴染まないで非日常】黛冬優子,お饅頭ひとつ分の時間
黛冬優子\【馴染まないで非日常】黛冬優子\お饅頭ひとつ分の時間.csv,9,3018009010080,あさひ,"庭おっきいっすね～
わ、池もある！","庭院很大呢～
哇，还有池子！",黛冬優子,【馴染まないで非日常】黛冬優子,お饅頭ひとつ分の時間
黛冬優子\【馴染まないで非日常】黛冬優子\お饅頭ひとつ分の時間.csv,22,3018009010210,あさひ,"冬優子ちゃん！　愛依ちゃん！
なんか庭に煙出てきたっす！","冬优子！爱依！
好像庭院那里冒烟出来了！",黛冬優子,【馴染まないで非日常】黛冬優子,お饅頭ひとつ分の時間
黛冬優子\【馴染まないで非日常】黛冬優子\お饅頭ひとつ分の時間.csv,24,3018009010230,あさひ,"わからないっす！
見に行くっす！","不知道！
我去看看！",黛冬優子,【馴染まないで非日常】黛冬優子,お饅頭ひとつ分の時間
黛冬優子\【馴染まないで非日常】黛冬優子\お饅頭ひとつ分の時間.csv,26,3018009010250,あさひ,"！
雲海……！","！
云海……！",黛冬優子,【馴染まないで非日常】黛冬優子,お饅頭ひとつ分の時間
黛冬優子\【馴染まないで非日常】黛冬優子\お饅頭ひとつ分の時間.csv,29,3018009010280,あさひ,"じゃあ下で見るっすよ！
雲海、触ってみたいっす！","那我去下面看！
我想摸一摸云海！",黛冬優子,【馴染まないで非日常】黛冬優子,お饅頭ひとつ分の時間
黛冬優子\【馴染まないで非日常】黛冬優子\お饅頭ひとつ分の時間.csv,33,3018009010320,あさひ,"うーん……
はいっす","唔……
好",黛冬優子,【馴染まないで非日常】黛冬優子,お饅頭ひとつ分の時間
黛冬優子\【馴染まないで非日常】黛冬優子\お饅頭ひとつ分の時間.csv,35,3018009010340,あさひ,入ってる間に時間にならないっすか？,泡澡的时候不会错过云海吗？,黛冬優子,【馴染まないで非日常】黛冬優子,お饅頭ひとつ分の時間
黛冬優子\【馴染まないで非日常】黛冬優子\お饅頭ひとつ分の時間.csv,38,3018009010370,あさひ,はいっす！,好！,黛冬優子,【馴染まないで非日常】黛冬優子,お饅頭ひとつ分の時間
黛冬優子\【馴染まないで非日常】黛冬優子\お饅頭ひとつ分の時間.csv,40,3018009010390,あさひ,──ほら！　早く行くっすよ、ふたりとも！,——喂！我们快点走吧！,黛冬優子,【馴染まないで非日常】黛冬優子,お饅頭ひとつ分の時間
黛冬優子\【馴染まないで非日常】黛冬優子\お饅頭ひとつ分の時間.csv,43,3018009010420,あさひ,いいから早く──,别管啦快点——,黛冬優子,【馴染まないで非日常】黛冬優子,お饅頭ひとつ分の時間
黛冬優子\【馴染まないで非日常】黛冬優子\お饅頭ひとつ分の時間.csv,45,3018009010440,あさひ,え？！　なんすか？,诶？！是什么？,黛冬優子,【馴染まないで非日常】黛冬優子,お饅頭ひとつ分の時間
黛冬優子\【馴染まないで非日常】黛冬優子\お饅頭ひとつ分の時間.csv,49,3018009010480,あさひ,"お饅頭？
今はいいっすよ","馒头？
现在还不饿",黛冬優子,【馴染まないで非日常】黛冬優子,お饅頭ひとつ分の時間
黛冬優子\【馴染まないで非日常】黛冬優子\お饅頭ひとつ分の時間.csv,52,3018009010510,あさひ,"ほんとっすか？
じゃあ食べるっすー！","真的吗？
那我要吃！",黛冬優子,【馴染まないで非日常】黛冬優子,お饅頭ひとつ分の時間
黛冬優子\【馴染まないで非日常】黛冬優子\お饅頭ひとつ分の時間.csv,56,3018009010550,あさひ,"あ
冬優子ちゃんは食べたっすか？","啊
冬优子吃过了吗？",黛冬優子,【馴染まないで非日常】黛冬優子,お饅頭ひとつ分の時間
黛冬優子\【馴染まないで非日常】黛冬優子\お饅頭ひとつ分の時間.csv,58,3018009010570,あさひ,じゃあ食べるっすよ、お饅頭！,那来吃吧，馒头！,黛冬優子,【馴染まないで非日常】黛冬優子,お饅頭ひとつ分の時間
黛冬優子\【馴染まないで非日常】黛冬優子\お饅頭ひとつ分の時間.csv,60,3018009010590,あさひ,食べたら温泉と探検と雲海っす！,吃完之后泡温泉，去探险，看云海！,黛冬優子,【馴染まないで非日常】黛冬優子,お饅頭ひとつ分の時間
黛冬優子\【馴染まないで非日常】黛冬優子\早くおいでよ羊さん.csv,4,3018009020030,あさひ,…………,,黛冬優子,【馴染まないで非日常】黛冬優子,早くおいでよ羊さん
黛冬優子\【馴染まないで非日常】黛冬優子\早くおいでよ羊さん.csv,5,3018009020040,あさひ,…………眠れないっす,…………睡不着,黛冬優子,【馴染まないで非日常】黛冬優子,早くおいでよ羊さん
黛冬優子\【馴染まないで非日常】黛冬優子\早くおいでよ羊さん.csv,7,3018009020060,あさひ,眠れないっす、冬優子ちゃん,我睡不着，冬优子,黛冬優子,【馴染まないで非日常】黛冬優子,早くおいでよ羊さん
黛冬優子\【馴染まないで非日常】黛冬優子\早くおいでよ羊さん.csv,9,3018009020080,あさひ,"眠れないっす！
頑張ってるんすけど、全然だめっす！","睡不着！
虽然想努力让自己睡着，可是完全不行！",黛冬優子,【馴染まないで非日常】黛冬優子,早くおいでよ羊さん
黛冬優子\【馴染まないで非日常】黛冬優子\早くおいでよ羊さん.csv,10,3018009020090,あさひ,"どうやったら眠れるっすか？
冬優子ちゃん、眠るっていつもどうやってるっすか？","该怎么做才能睡着？
冬优子一般怎么让自己睡着的？",黛冬優子,【馴染まないで非日常】黛冬優子,早くおいでよ羊さん
黛冬優子\【馴染まないで非日常】黛冬優子\早くおいでよ羊さん.csv,12,3018009020110,あさひ,"！
はいっす","！
知道了",黛冬優子,【馴染まないで非日常】黛冬優子,早くおいでよ羊さん
黛冬優子\【馴染まないで非日常】黛冬優子\早くおいでよ羊さん.csv,15,3018009020140,あさひ,"はいっす
……","好的
……",黛冬優子,【馴染まないで非日常】黛冬優子,早くおいでよ羊さん
黛冬優子\【馴染まないで非日常】黛冬優子\早くおいでよ羊さん.csv,18,3018009020170,あさひ,…………,,黛冬優子,【馴染まないで非日常】黛冬優子,早くおいでよ羊さん
黛冬優子\【馴染まないで非日常】黛冬優子\早くおいでよ羊さん.csv,20,3018009020190,あさひ,…………,,黛冬優子,【馴染まないで非日常】黛冬優子,早くおいでよ羊さん
黛冬優子\【馴染まないで非日常】黛冬優子\早くおいでよ羊さん.csv,21,3018009020200,あさひ,…………冬優子ちゃん,…………冬优子,黛冬優子,【馴染まないで非日常】黛冬優子,早くおいでよ羊さん
黛冬優子\【馴染まないで非日常】黛冬優子\早くおいでよ羊さん.csv,23,3018009020220,あさひ,でも、わかんなくなってきたっす,但是，我搞不懂,黛冬優子,【馴染まないで非日常】黛冬優子,早くおいでよ羊さん
黛冬優子\【馴染まないで非日常】黛冬優子\早くおいでよ羊さん.csv,25,3018009020240,あさひ,"ゆっくり息するって思ったら
そのこと考えちゃうっす","想着要慢慢呼吸的话
脑子里就会想着这件事了",黛冬優子,【馴染まないで非日常】黛冬優子,早くおいでよ羊さん
黛冬優子\【馴染まないで非日常】黛冬優子\早くおいでよ羊さん.csv,26,3018009020250,あさひ,"『吸ってー……吐いてー……』っていうのは
考えてても大丈夫っすか？　だめっすか？","想着“吸气——……吐气——……”也没关系吗？
还是说不行？",黛冬優子,【馴染まないで非日常】黛冬優子,早くおいでよ羊さん
黛冬優子\【馴染まないで非日常】黛冬優子\早くおいでよ羊さん.csv,28,3018009020270,あさひ,"だめだったらこの方法は無理っす
別のやり方を教えてほしいっす！","不行的话这个办法行不通啊
能不能教我别的办法！",黛冬優子,【馴染まないで非日常】黛冬優子,早くおいでよ羊さん
黛冬優子\【馴染まないで非日常】黛冬優子\早くおいでよ羊さん.csv,29,3018009020280,あさひ,"しゃべれないのも困るっす
これで合ってるかの確認ができないっす！","不能说话也很让人头疼啊
不能确定自己做的对不对！",黛冬優子,【馴染まないで非日常】黛冬優子,早くおいでよ羊さん
黛冬優子\【馴染まないで非日常】黛冬優子\早くおいでよ羊さん.csv,31,3018009020300,あさひ,冬優子ちゃん？,冬优子？,黛冬優子,【馴染まないで非日常】黛冬優子,早くおいでよ羊さん
黛冬優子\【馴染まないで非日常】黛冬優子\早くおいでよ羊さん.csv,33,3018009020320,あさひ,"自分でできなかったから
冬優子ちゃんに聞いてるっす！","就是因为靠自己做不到
我才会问冬优子啊！",黛冬優子,【馴染まないで非日常】黛冬優子,早くおいでよ羊さん
黛冬優子\【馴染まないで非日常】黛冬優子\早くおいでよ羊さん.csv,37,3018009020360,あさひ,愛依ちゃん、起きたっすかね？,爱依，醒了吗？,黛冬優子,【馴染まないで非日常】黛冬優子,早くおいでよ羊さん
黛冬優子\【馴染まないで非日常】黛冬優子\早くおいでよ羊さん.csv,42,3018009020410,あさひ,……なんで羊を数えると眠れるんすか？,……为什么数羊就能睡着？,黛冬優子,【馴染まないで非日常】黛冬優子,早くおいでよ羊さん
黛冬優子\【馴染まないで非日常】黛冬優子\早くおいでよ羊さん.csv,44,3018009020430,あさひ,"数を数えるのがいいんすかね？
それなら羊じゃなくても──","能数数就好了吗？
那就算不是羊——",黛冬優子,【馴染まないで非日常】黛冬優子,早くおいでよ羊さん
黛冬優子\【馴染まないで非日常】黛冬優子\早くおいでよ羊さん.csv,46,3018009020450,あさひ,……？,,黛冬優子,【馴染まないで非日常】黛冬優子,早くおいでよ羊さん
黛冬優子\【馴染まないで非日常】黛冬優子\早くおいでよ羊さん.csv,48,3018009020470,あさひ,眠れないっす！,睡不着！,黛冬優子,【馴染まないで非日常】黛冬優子,早くおいでよ羊さん
黛冬優子\【馴染まないで非日常】黛冬優子\早くおいでよ羊さん.csv,50,3018009020490,あさひ,"……？
あ、なんで数を数えるのかはわかってないっすよ","……？
啊，为什么要数数，我不明白",黛冬優子,【馴染まないで非日常】黛冬優子,早くおいでよ羊さん
黛冬優子\【馴染まないで非日常】黛冬優子\早くおいでよ羊さん.csv,53,3018009020520,あさひ,"はいっす
……羊が１匹……羊が２匹……","好
……一只羊……两只羊……",黛冬優子,【馴染まないで非日常】黛冬優子,早くおいでよ羊さん
黛冬優子\【馴染まないで非日常】黛冬優子\早くおいでよ羊さん.csv,57,3018009020560,あさひ,…………,,黛冬優子,【馴染まないで非日常】黛冬優子,早くおいでよ羊さん
黛冬優子\【馴染まないで非日常】黛冬優子\早くおいでよ羊さん.csv,68,3018009020670,あさひ,"冬優子ちゃん！　愛依ちゃん！
早く来るっすよーっ！","冬优子！爱依！
快过来！",黛冬優子,【馴染まないで非日常】黛冬優子,早くおいでよ羊さん
黛冬優子\ファン感謝祭編\error code_017.csv,7,5005002040060,あさひ,わたしは大丈夫っすよ、全然心配いらないっす！,我的话没问题哦，完全不用担心！,黛冬優子,ファン感謝祭編,error code_017
黛冬優子\ファン感謝祭編\error code_017.csv,10,5005002040090,あさひ,"最高のパフォーマンスをする……
それだけっすよ","呈现最完美的表演……
只是如此而已。",黛冬優子,ファン感謝祭編,error code_017
黛冬優子\ファン感謝祭編\error code_017.csv,13,5005002040110,あさひ,いつでも大丈夫っす！,不管什么时候都没问题！,黛冬優子,ファン感謝祭編,error code_017
黛冬優子\ファン感謝祭編\error code_017.csv,17,5005002040140,あさひ,……はいっす！,……好的！,黛冬優子,ファン感謝祭編,error code_017
黛冬優子\ファン感謝祭編\error code_017.csv,18,5005002040150,あさひ,"プロデューサーさん
今日わたしがもらう賞って、すごいやつなんすよね？","制作人
今天我获得的奖，是很厉害的那种吧？",黛冬優子,ファン感謝祭編,error code_017
黛冬優子\ファン感謝祭編\error code_017.csv,20,5005002040160,あさひ,"…………
トップ……か……","…………
顶点……吗…………",黛冬優子,ファン感謝祭編,error code_017
黛冬優子\ファン感謝祭編\error code_017.csv,38,5005002040290,あさひ,…………,,黛冬優子,ファン感謝祭編,error code_017
黛冬優子\ファン感謝祭編\error code_017.csv,42,5005002040310,あさひ,…………,,黛冬優子,ファン感謝祭編,error code_017
黛冬優子\ファン感謝祭編\error code_017.csv,45,5005002040340,あさひ,…………,,黛冬優子,ファン感謝祭編,error code_017
黛冬優子\ファン感謝祭編\error code_017.csv,47,5005002040360,あさひ,"………………なんか……
気が散っちゃって……カメラとか、スタッフとか……","………………不知怎么……
注意力就溃散了……镜头也好，工作人员也好……",黛冬優子,ファン感謝祭編,error code_017
黛冬優子\ファン感謝祭編\error code_017.csv,49,5005002040380,あさひ,"…………
……………………",,黛冬優子,ファン感謝祭編,error code_017
黛冬優子\ファン感謝祭編\error code_017.csv,50,5005002040390,あさひ,"ステージの上、立ってたら……
なんか、寒くなって……","站在舞台上……
总觉得，手脚冰凉……",黛冬優子,ファン感謝祭編,error code_017
黛冬優子\ファン感謝祭編\error code_017.csv,51,5005002040400,あさひ,──……なんでわたし、ここにいるんだろって…………,——……为什么我会站在这里…………,黛冬優子,ファン感謝祭編,error code_017
黛冬優子\ファン感謝祭編\error code_017.csv,55,5005002040420,あさひ,…………,,黛冬優子,ファン感謝祭編,error code_017
黛冬優子\ファン感謝祭編\error code_017.csv,64,5005002040460,あさひ,…………,,黛冬優子,ファン感謝祭編,error code_017
黛冬優子\ファン感謝祭編\error code_017.csv,73,5005002040470,あさひ,…………,,黛冬優子,ファン感謝祭編,error code_017
黛冬優子\ファン感謝祭編\error code_017.csv,76,5005002040500,あさひ,…………っす……,…………明白了…………,黛冬優子,ファン感謝祭編,error code_017
黛冬優子\ファン感謝祭編\error code_017.csv,85,5005002040500,あさひ,…………っす……,…………明白了…………,黛冬優子,ファン感謝祭編,error code_017
黛冬優子\ファン感謝祭編\error code_017.csv,95,5005002040500,あさひ,…………っす……,…………明白了…………,黛冬優子,ファン感謝祭編,error code_017
黛冬優子\ファン感謝祭編\Farce.csv,4,5005002030030,あさひ,"でも、ここでがれきの中からドーンって出てきたら
絶対盛り上がるっすよ！","但是，在这里从废墟中“咚——”得出现的话
现场气氛一定会高涨！",黛冬優子,ファン感謝祭編,Farce
黛冬優子\ファン感謝祭編\Farce.csv,6,5005002030050,あさひ,"映画！　それいいっすね！
映画みたいな感謝祭にしたいっす！","电影！ 那也不错呢！
想做像电影一样的感谢祭！",黛冬優子,ファン感謝祭編,Farce
黛冬優子\ファン感謝祭編\Farce.csv,8,5005002030070,あさひ,"空……
なら小型のロケットとか必要っすね！","上天……
那就要准备小型火箭了！",黛冬優子,ファン感謝祭編,Farce
黛冬優子\ファン感謝祭編\Farce.csv,10,5005002030081,あさひ＆愛依,えー……,诶——……,黛冬優子,ファン感謝祭編,Farce
黛冬優子\ファン感謝祭編\Farce.csv,11,5005002030090,あさひ,"冬優子ちゃん、文句ばっかっすー
もっと楽しいこと言ったほうがいいっすよー","冬优子总是在抱怨——
多说点高兴的事比较好哦——",黛冬優子,ファン感謝祭編,Farce
黛冬優子\ファン感謝祭編\Farce.csv,17,5005002030150,あさひ,"！
それっす！　それっすよ冬優子ちゃん！　それに決定っす！","！
就是这个！ 就是这个啊冬优子！ 就决定是这个了！",黛冬優子,ファン感謝祭編,Farce
黛冬優子\ファン感謝祭編\Farce.csv,19,5005002030170,あさひ,さすが冬優子ちゃんっすね！,不愧是冬优子！,黛冬優子,ファン感謝祭編,Farce
黛冬優子\ファン感謝祭編\Farce.csv,22,5005002030200,あさひ,はいっすー！,明白了！,黛冬優子,ファン感謝祭編,Farce
黛冬優子\ファン感謝祭編\Farce.csv,26,5005002030240,あさひ,"そっすね！
レッスン以外だと久々っすから！","说的是！
很久没有练习以外三人聚在一起了！",黛冬優子,ファン感謝祭編,Farce
黛冬優子\ファン感謝祭編\Farce.csv,28,5005002030260,あさひ,あはは、愛依ちゃん苦しいっすー,啊哈哈，爱依有点难受——,黛冬優子,ファン感謝祭編,Farce
黛冬優子\ファン感謝祭編\Farce.csv,31,5005002030290,あさひ,"わ、愛依ちゃん見てくれたっすか？
ちょっとびっくりっす！","哇，爱依也看了吗？
有点惊讶！",黛冬優子,ファン感謝祭編,Farce
黛冬優子\ファン感謝祭編\Farce.csv,33,5005002030310,あさひ,そっすかね～,是这样吗～,黛冬優子,ファン感謝祭編,Farce
黛冬優子\ファン感謝祭編\Farce.csv,34,5005002030320,あさひ,そういえば、感謝祭の準備任せっぱなしっすね,说起来感谢祭的工作全交给你们了呢。,黛冬優子,ファン感謝祭編,Farce
黛冬優子\ファン感謝祭編\Farce.csv,37,5005002030350,あさひ,"プロデューサーさんが言ってたっすよ！
MCもできるように練習中って！","制作人也说了！
爱依正在为了能做MC练习。",黛冬優子,ファン感謝祭編,Farce
黛冬優子\ファン感謝祭編\Farce.csv,41,5005002030390,あさひ,そっすかねぇ……,是这样吗……,黛冬優子,ファン感謝祭編,Farce
黛冬優子\ファン感謝祭編\Farce.csv,43,5005002030410,あさひ,…………,,黛冬優子,ファン感謝祭編,Farce
黛冬優子\ファン感謝祭編\One step.csv,2,5005002020010,あさひ,"わー！
すごいステージセットっす！","哇——！
好厉害的舞台布景！",黛冬優子,ファン感謝祭編,One step
黛冬優子\ファン感謝祭編\One step.csv,6,5005002020050,あさひ,あ、そろそろわたしたちのリハみたいっす！,啊。差不多轮到我们彩排了！,黛冬優子,ファン感謝祭編,One step
黛冬優子\ファン感謝祭編\One step.csv,7,5005002020060,あさひ,"早くいくっすよ！
冬優子ちゃん！　愛依ちゃん！","快点过来!
冬优子！ 爱依！",黛冬優子,ファン感謝祭編,One step
黛冬優子\ファン感謝祭編\One step.csv,10,5005002020090,あさひ,…………,,黛冬優子,ファン感謝祭編,One step
黛冬優子\ファン感謝祭編\One step.csv,11,5005002020100,あさひ,冬優子ちゃん、なんかあったんすか？,冬优子，你遇到什么事了吗？,黛冬優子,ファン感謝祭編,One step
黛冬優子\ファン感謝祭編\One step.csv,13,5005002020120,あさひ,なんか集中できてない感じっす,总觉得你精神不集中。,黛冬優子,ファン感謝祭編,One step
黛冬優子\ファン感謝祭編\One step.csv,15,5005002020140,あさひ,そんなことないっすよ,才不是。,黛冬優子,ファン感謝祭編,One step
黛冬優子\ファン感謝祭編\One step.csv,42,5005002020310,あさひ,"冬優子ちゃんと愛依ちゃん、
最後のポジション間違ってたっす","冬优子和爱依，
最后的位置都错了。",黛冬優子,ファン感謝祭編,One step
黛冬優子\ファン感謝祭編\One step.csv,44,5005002020330,あさひ,"冬優子ちゃんに合わせた立ち位置にしたら
ちょっと後ろにずれちゃったんじゃないっすか？","你因为配合冬优子的位置，
所以两人都向后错开了一点吧？",黛冬優子,ファン感謝祭編,One step
黛冬優子\ファン感謝祭編\One step.csv,47,5005002020360,あさひ,別に、謝ってほしいわけじゃないっすよ,并不是希望你道歉。,黛冬優子,ファン感謝祭編,One step
黛冬優子\ファン感謝祭編\One step.csv,48,5005002020370,あさひ,──冬優子ちゃんは、わざとっすよね？,——冬优子是故意的吧。,黛冬優子,ファン感謝祭編,One step
黛冬優子\ファン感謝祭編\One step.csv,54,5005002020430,あさひ,"？
それ、誰に言われたんすか？","？
这是被谁这样说了吗？",黛冬優子,ファン感謝祭編,One step
黛冬優子\ファン感謝祭編\One step.csv,56,5005002020450,あさひ,わたしにはわかんないっす,我的话无法理解。,黛冬優子,ファン感謝祭編,One step
黛冬優子\ファン感謝祭編\One step.csv,63,5005002020520,あさひ,わたし、はちみつ乗ったやつがいいっす！,我要吃有蜂蜜的那种！,黛冬優子,ファン感謝祭編,One step
黛冬優子\ファン感謝祭編\Shall we dance_.csv,4,5005002050030,あさひ,え……別に、なんも……,诶……并没有……,黛冬優子,ファン感謝祭編,Shall we dance_
黛冬優子\ファン感謝祭編\Shall we dance_.csv,7,5005002050060,あさひ,…………っ,,黛冬優子,ファン感謝祭編,Shall we dance_
黛冬優子\ファン感謝祭編\Shall we dance_.csv,9,5005002050080,あさひ,え？　でも、練習……,诶？ 但，练习……,黛冬優子,ファン感謝祭編,Shall we dance_
黛冬優子\ファン感謝祭編\Shall we dance_.csv,11,5005002050100,あさひ,それ、は……,那个，是……,黛冬優子,ファン感謝祭編,Shall we dance_
黛冬優子\ファン感謝祭編\Shall we dance_.csv,15,5005002050140,あさひ,"え、な、なんすか？
急に……","诶，怎，怎么了？
这么突然……",黛冬優子,ファン感謝祭編,Shall we dance_
黛冬優子\ファン感謝祭編\Shall we dance_.csv,20,5005002050180,あさひ,……えと、褒められてるんすか？,……那个，这是在夸我吗？,黛冬優子,ファン感謝祭編,Shall we dance_
黛冬優子\ファン感謝祭編\Shall we dance_.csv,25,5005002050230,あさひ,………………わたしは、,……………………我,黛冬優子,ファン感謝祭編,Shall we dance_
黛冬優子\ファン感謝祭編\Shall we dance_.csv,26,5005002050240,あさひ,"すごいって言われるとか、のし上がるとか
別にあんま嬉しくないっす","被称赞也好，往上爬也好
我并不会因此感到多开心。",黛冬優子,ファン感謝祭編,Shall we dance_
黛冬優子\ファン感謝祭編\Shall we dance_.csv,28,5005002050260,あさひ,"わたしは……
自分がやりたいことを、したいから","我……
想做自己想做的事。",黛冬優子,ファン感謝祭編,Shall we dance_
黛冬優子\ファン感謝祭編\Shall we dance_.csv,29,5005002050270,あさひ,わたしにできる一番のパフォーマンスを,做出我最棒的演出。,黛冬優子,ファン感謝祭編,Shall we dance_
黛冬優子\ファン感謝祭編\Shall we dance_.csv,30,5005002050280,あさひ,わたしは、それができれば──,只要能做成这件事的话，我——,黛冬優子,ファン感謝祭編,Shall we dance_
黛冬優子\ファン感謝祭編\Shall we dance_.csv,32,5005002050300,あさひ,"！
それ、は、その…………","！
那是，因为…………",黛冬優子,ファン感謝祭編,Shall we dance_
黛冬優子\ファン感謝祭編\Shall we dance_.csv,35,5005002050320,あさひ,"？　合わせるっすか？
じゃあポジションは──","？ 要配合吗？
那位置的话——",黛冬優子,ファン感謝祭編,Shall we dance_
黛冬優子\ファン感謝祭編\Shall we dance_.csv,37,5005002050340,あさひ,え……？,诶……？,黛冬優子,ファン感謝祭編,Shall we dance_
黛冬優子\ファン感謝祭編\Shall we dance_.csv,39,5005002050360,あさひ,は、はいっす……？,明，明白了……？,黛冬優子,ファン感謝祭編,Shall we dance_
黛冬優子\ファン感謝祭編\Shall we dance_.csv,41,5005002050380,あさひ,どこでそんな上手くなったんすか！？,什么时候变得如此娴熟！？,黛冬優子,ファン感謝祭編,Shall we dance_
黛冬優子\ファン感謝祭編\Shall we dance_.csv,43,5005002050400,あさひ,"前見た時と全然違う──
キレ、振り、それにタイミング！","和之前看到的完全不同——
技巧，动作，还有时机！",黛冬優子,ファン感謝祭編,Shall we dance_
黛冬優子\ファン感謝祭編\Shall we dance_.csv,46,5005002050430,あさひ,え……？,诶……？,黛冬優子,ファン感謝祭編,Shall we dance_
黛冬優子\ファン感謝祭編\Shall we dance_.csv,48,5005002050450,あさひ,え、ええ……！？,诶，诶诶……！？,黛冬優子,ファン感謝祭編,Shall we dance_
黛冬優子\ファン感謝祭編\Shall we dance_.csv,53,5005002050500,あさひ,びっくりしたっす！,大吃一惊！,黛冬優子,ファン感謝祭編,Shall we dance_
黛冬優子\ファン感謝祭編\Shall we dance_.csv,54,5005002050510,あさひ,"最後のステップ、どうやったんっすか！？
えっと──","最后的舞步，是怎么做到的！？
好像是——",黛冬優子,ファン感謝祭編,Shall we dance_
黛冬優子\ファン感謝祭編\Shall we dance_.csv,55,5005002050520,あさひ,"……っと、こんな感じ、だった気がするんすけど……
あはは、難しいっすねー","……感觉应该是这样……
啊哈哈，真难啊——",黛冬優子,ファン感謝祭編,Shall we dance_
黛冬優子\ファン感謝祭編\Shall we dance_.csv,59,5005002050550,あさひ,？,,黛冬優子,ファン感謝祭編,Shall we dance_
黛冬優子\ファン感謝祭編\Shall we dance_.csv,64,5005002050600,あさひ,…………,,黛冬優子,ファン感謝祭編,Shall we dance_
黛冬優子\ファン感謝祭編\Shall we dance_.csv,71,5005002050670,あさひ,そっすね,确实。,黛冬優子,ファン感謝祭編,Shall we dance_
黛冬優子\ファン感謝祭編\Shall we dance_.csv,81,5005002050770,あさひ,"…………
……………………",,黛冬優子,ファン感謝祭編,Shall we dance_
黛冬優子\ファン感謝祭編\Shall we dance_.csv,82,5005002050780,あさひ,"ふたりのダンス、確かに前よりずっと上手くなってたけど、
少し固いとこ、もっと大きく動けるとこ、いっぱいあるっす","两人的舞蹈确实比之前娴熟了。
但像僵硬的地方，可以更大幅度的摆动地方，还有一大堆。",黛冬優子,ファン感謝祭編,Shall we dance_
黛冬優子\ファン感謝祭編\Shall we dance_.csv,83,5005002050790,あさひ,"なんか簡単に
追いつくとか追い越すとか言ってるけど──",虽然嘴上说着要追上我超过我——,黛冬優子,ファン感謝祭編,Shall we dance_
黛冬優子\ファン感謝祭編\Shall we dance_.csv,84,5005002050800,あさひ,できるっすかね？,你们真的能做到吗？,黛冬優子,ファン感謝祭編,Shall we dance_
黛冬優子\ファン感謝祭編\The story so far.csv,43,5005002010370,あさひ,……ん……？,……嗯……？,黛冬優子,ファン感謝祭編,The story so far
黛冬優子\ファン感謝祭編\The story so far.csv,45,5005002010380,あさひ,"……プロデューサーさん……？
……あ、わたし寝てたんすか","……制作人……？
……啊，我睡着了吗？",黛冬優子,ファン感謝祭編,The story so far
黛冬優子\ファン感謝祭編\The story so far.csv,47,5005002010390,あさひ,"はいっす……
……えっと、次は……","明白了……
……那个，接下来是……",黛冬優子,ファン感謝祭編,The story so far
黛冬優子\ファン感謝祭編\The story so far.csv,49,5005002010400,あさひ,ああ、あれっすか……,啊啊，那个啊……,黛冬優子,ファン感謝祭編,The story so far
黛冬優子\ファン感謝祭編\The story so far.csv,50,0000000000000,あさひ,ん、んんー……,嗯，嗯嗯——……,黛冬優子,ファン感謝祭編,The story so far
黛冬優子\ファン感謝祭編\The story so far.csv,51,5005002010410,あさひ,……明日って、何するんすか？,……明天的话，是要做什么？,黛冬優子,ファン感謝祭編,The story so far
黛冬優子\ファン感謝祭編\The story so far.csv,54,5005002010420,あさひ,ならレッスンしたいっす！,那我想去练习！,黛冬優子,ファン感謝祭編,The story so far
黛冬優子\ファン感謝祭編\The story so far.csv,56,5005002010430,あさひ,"はいっす！
えへへ、レッスン、久しぶりっす……！","知道了！
欸嘿嘿，好久没做练习了，",黛冬優子,ファン感謝祭編,The story so far
黛冬優子\ファン感謝祭編\The story so far.csv,57,5005002010440,あさひ,…………そういえば……,…………说起来…………,黛冬優子,ファン感謝祭編,The story so far
黛冬優子\ファン感謝祭編\The story so far.csv,58,5005002010450,あさひ,……雨、降るらしいっすね……,…………好像快要下雨了呢…………,黛冬優子,ファン感謝祭編,The story so far
黛冬優子\ファン感謝祭編\感謝祭本番前（ユニット）.csv,8,5005002060050,あさひ,…………,,黛冬優子,ファン感謝祭編,感謝祭本番前（ユニット）
黛冬優子\ファン感謝祭編\感謝祭本番前（ユニット）.csv,9,5005002060060,あさひ,…………わたしは負けない……,…………我不会输…………,黛冬優子,ファン感謝祭編,感謝祭本番前（ユニット）
黛冬優子\ファン感謝祭編\感謝祭本番前（ユニット）.csv,10,5005002060070,あさひ,わたしたちは、誰にも負けない……,我们谁都不会输……,黛冬優子,ファン感謝祭編,感謝祭本番前（ユニット）
黛冬優子\ファン感謝祭編\感謝祭本番前（ユニット）.csv,11,5005002060080,あさひ,──……わたしたちは……,——……我们是……,黛冬優子,ファン感謝祭編,感謝祭本番前（ユニット）
黛冬優子\ファン感謝祭編\感謝祭本番後（MVP）.csv,7,5005002080050,あさひ,──冬優子ちゃん、愛依ちゃん、行くっすよ！,——冬优子，爱依，走吧！,黛冬優子,ファン感謝祭編,感謝祭本番後（MVP）
黛冬優子\ファン感謝祭編\感謝祭本番後（MVP）.csv,8,5005002080060,あさひ,"ステージに立てるんすから！
早く行かなきゃ、勿体ないっす！","能享受舞台的时间！
不快点去就太浪费了！",黛冬優子,ファン感謝祭編,感謝祭本番後（MVP）
黛冬優子\ファン感謝祭編\感謝祭本番後（MVP）.csv,10,5005002080070,あさひ,みんなー！　呼んでくれてありがとうっすー！,大家——！ 谢谢你们呼唤我们——！,黛冬優子,ファン感謝祭編,感謝祭本番後（MVP）
黛冬優子\ファン感謝祭編\感謝祭本番後（MVP）.csv,11,5005002080080,あさひ,──……はは,——……哈哈。,黛冬優子,ファン感謝祭編,感謝祭本番後（MVP）
黛冬優子\ファン感謝祭編\感謝祭本番後（MVP）.csv,12,5005002080090,あさひ,……みんな、今楽しいっすか？,……大家现在开心吗？,黛冬優子,ファン感謝祭編,感謝祭本番後（MVP）
黛冬優子\ファン感謝祭編\感謝祭本番後（MVP）.csv,13,5005002080100,あさひ,──わたしも、今……ここが……この場所が……,——我也是，现在……在这里……在这个地方……,黛冬優子,ファン感謝祭編,感謝祭本番後（MVP）
黛冬優子\ファン感謝祭編\感謝祭本番後（MVP）.csv,14,5005002080110,あさひ,"すっごく、すっごく楽しいっす！
きっと今ここにいる誰より！　わたしが！　一番楽しい！","非常的，非常的开心！
一定比在场的任何人！ 我都是！ 最开心的！",黛冬優子,ファン感謝祭編,感謝祭本番後（MVP）
黛冬優子\ファン感謝祭編\感謝祭本番後（通常）.csv,4,5005002070030,あさひ,──……今日、いつもよりもっと、ステージに集中できたっす,——……今天，比起以往，在舞台上更集中了。,黛冬優子,ファン感謝祭編,感謝祭本番後（通常）
黛冬優子\ファン感謝祭編\感謝祭本番後（通常）.csv,5,5005002070040,あさひ,"音がいつもよりクリアに聞こえて……
ファンのみんなの歓声、ひとつひとつが届いてきて……","声音听起来比以往都要清澈……
能感受到粉丝一人一人的欢声……",黛冬優子,ファン感謝祭編,感謝祭本番後（通常）
黛冬優子\ファン感謝祭編\感謝祭本番後（通常）.csv,6,5005002070050,あさひ,"背中超しでも、冬優子ちゃんや愛依ちゃんが
何を想ってるのか伝わってきて……","跨过后背传递过来的
冬优子和爱依的想法。",黛冬優子,ファン感謝祭編,感謝祭本番後（通常）
黛冬優子\ファン感謝祭編\感謝祭本番後（通常）.csv,7,5005002070060,あさひ,"なんか──
……すっごく楽しかったっす！","总觉得——
……超级开心！",黛冬優子,ファン感謝祭編,感謝祭本番後（通常）
黛冬優子\ファン感謝祭編\感謝祭本番後（通常）.csv,8,5005002070070,あさひ,"冬優子ちゃん、愛依ちゃん、
これ……これってなんなんっすか！？","冬优子，爱依
这种感觉……究竟是什么呢？",黛冬優子,ファン感謝祭編,感謝祭本番後（通常）
黛冬優子\ファン感謝祭編\（not_）Stray light.csv,2,5005002090010,あさひ,ただいまっすー！,我回来了——！,黛冬優子,ファン感謝祭編,（not_）Stray light
黛冬優子\ファン感謝祭編\（not_）Stray light.csv,6,5005002090050,あさひ,"なんすか、冬優子ちゃん
急に大声出して","怎么了，冬优子
突然喊这么大声。",黛冬優子,ファン感謝祭編,（not_）Stray light
黛冬優子\ファン感謝祭編\（not_）Stray light.csv,8,5005002090070,あさひ,京都のお菓子が一番美味しかったっす！,京都的点心是最好吃的！,黛冬優子,ファン感謝祭編,（not_）Stray light
黛冬優子\ファン感謝祭編\（not_）Stray light.csv,17,5005002090130,あさひ,…………,,黛冬優子,ファン感謝祭編,（not_）Stray light
黛冬優子\ファン感謝祭編\（not_）Stray light.csv,23,5005002090170,あさひ,"そっすね～
冬優子ちゃんが本気でキレてない時は大丈夫ってわかるっす","是的～
只要冬优子不是真的生气一般就没问题。",黛冬優子,ファン感謝祭編,（not_）Stray light
黛冬優子\ファン感謝祭編\（not_）Stray light.csv,28,5005002090201,あさひ＆愛依,…………,,黛冬優子,ファン感謝祭編,（not_）Stray light
黛冬優子\ファン感謝祭編\（not_）Stray light.csv,32,5005002090230,あさひ,"じゃあこれからリーダーって呼ぶっすね！
冬優子リーダー！","那，接下来就叫你Leader了！
冬优子Leader！",黛冬優子,ファン感謝祭編,（not_）Stray light
黛冬優子\ファン感謝祭編\（not_）Stray light.csv,35,5005002090260,あさひ,"そうなんすか？
ありがとーっす、冬優子リーダー！","是这样吗？
谢谢你，冬优子Leader。",黛冬優子,ファン感謝祭編,（not_）Stray light
黛冬優子\ファン感謝祭編\（not_）Stray light.csv,38,5005002090290,あさひ,これからよろしくっす、冬優子リーダー！,接下来请多指教，冬优子Leader！,黛冬優子,ファン感謝祭編,（not_）Stray light
